Original,TranslationFormula
"［9,900원］ 가족뮤지컬 아기돼지 삼형제 - 서울 구로","[9,900韩元] 家庭音乐剧《三只小猪》- 首尔九老区"
구로구민회관 대강당,九老区社区中心大礼堂
서울 구로구 가마산로25길 21,首尔市九老区伽马山路25街21
"2026년 3월 21일(토) 11시, 14시, 16시",2026年3月21日（星期六）11:00、14:00、16:00
［구로］ 싱어롱 콘서트 뮤지컬 ‘Live Show’ 〈무지개 물고기〉,【Guro】卡拉OK音乐会“现场演出”<彩虹鱼>
"예매가능시간: 전일17시(월~토 관람 시)까지/전일 11시(일요일 관람 시)까지2026년 5월 30일(토) 12시, 14시, 16시",预约截止时间为：周一至周六参观截止时间为前一天下午 17:00，周日参观截止时间为前一天上午 11:00。2026 年 5 月 30 日（周六）12:00、14:00、16:00
［서울］ 가족뮤지컬 〈로보카폴리 - 브룸스타운의 에너지를 지켜라!〉,【首尔】家庭音乐剧《变形警车波利 - 守护布鲁姆斯镇的能源！》
나루아트센터 대공연장,奈留艺术中心大演出厅
서울 광진구 능동로 76,首尔特别市广津区灵洞路 76
"예매가능시간: 전일17시(월~토 관람 시)까지/전일 11시(일요일 관람 시)까지2026년 5월 9일(토) ~ 5월 10일(일) 11시, 2시, 4시30분",预约截止时间为前一天下午 5:00（周一至周六）/ 前一天上午 11:00（周日）。2026 年 5 月 9 日（周六）至 2026 年 5 月 10 日（周日）上午 11:00、下午 2:00、下午 4:30
［해피 마포 와글와글］ 뮤지컬 〈푸른 사자 와니니〉,[快乐马波摇摆] 音乐剧《蓝狮瓦尼尼》
마포아트센터 아트홀 맥,马波艺术中心艺术馆 Mac
서울 마포구 대흥로20길 28,首尔特别市麻浦区大兴路20街28
"예매가능시간: 관람 2시간 전까지수목금 19시30분 / 토일 14시, 18시
* 월, 화 공연없음, 5/6(수) 공연없음
* 단, 5/1(금), 5/5(화) 14시, 18시","演出前两小时仍可预订：周三、周四、周五 晚上7:30 / 周六、周日 下午2:00、晚上6:00

* 周一、周二及5月6日（周三）无演出

* 但5月1日（周五）和5月5日（周二）下午2:00和晚上6:00有演出"
［NOL 단독］뮤지컬 데스노트(The Musical Death Note),【NOL独家】音乐剧《死亡笔记》
디큐브 링크아트센터,D-Cube Link 艺术中心
서울 구로구 경인로 662,首尔特别市九老区京仁路 662
예매가능시간: 관람 3시간 전까지3.13(금) 19:30 / 3.19(목) 19:30 / 3.25(수) 14:004.5(일) 14:00 / 4.7(화) 19:00 / 4.11(토) 14:00,"预约时间：演出开始前3小时

3月13日（周五）19:30 / 3月19日（周四）19:30 / 3月25日（周三）14:00

4月5日（周日）14:00 / 4月7日（周二）19:00 / 4月11日（周六）14:00"
［Play＆Stay］뮤지컬 데스노트+ Hotel,【玩乐住宿】死亡笔记音乐剧+酒店
"[중요 공지 안내]- 티켓수령: 호텔 내 Play&Stay 티켓데스크(9AM~12PM)- 본 상품의 티켓은 구매자 본인 관람이 필수이며 양도, 대리 수령 절대 불가능합니다.- 호텔 투숙은 구매자 본인이 체크인 하셔야만 이용 가능하시며 미성년자의 경우 법적 보호자와 함께 투숙 가능하십니다.","【重要提示】

- 取票地点：酒店内 Play&Stay 售票处（上午 9 点至中午 12 点）

- 本产品门票必须由购买者本人使用，严禁转让或代领。

- 酒店住宿仅限购买者本人办理入住。未成年人须由法定监护人陪同方可入住。"
〈센과 치히로의 행방불명〉오리지널 투어 (SPIRITED AWAY),千与千寻原版巡回演出（千与千寻）
예술의전당 오페라극장,首尔艺术中心歌剧院
서울 서초구 남부순환로 2406,首尔特别市瑞草区南部循环路2406号
"예매가능시간: 관람 1시간 전까지화, 목, 19시 30분 / 수, 금, 토 14시, 19시 30분 / 일 14시 (월 공연 없음) ※ 극장, 공연 제작사 및 관계사의 협의에 따라 일부 좌석이 마감되었습니다.",演出开始前1小时可预约。周二、周四 晚上7:30 / 周三、周五、周六 下午2:00、晚上7:30 / 周日 下午2:00（周一无演出）※ 由于剧院、制作公司及相关方之间的协议，部分座位已售罄。
2026 가족 라이브 뮤지컬 〈피터팬〉 (서울양천),2026 家庭现场音乐剧《彼得·潘》（首尔阳川）
양천문화회관 대극장,阳川文化中心大剧院
서울 양천구 목동서로 367,首尔特别市阳川区木洞西路 367
예매가능시간: 관람 2시간 전까지2026년 4월 4일(토) ~ 4월 5일(일) 11시/ 14시/ 16시,"预约时间：演出开始前2小时

2026年4月4日（周六）至2026年4月5日（周日） 11:00 / 14:00 / 16:00"
2026 가족 뮤지컬 〈오즈의 마법사〉 - 서울양천,2026年家庭音乐剧《绿野仙踪》 - 首尔阳川
예매가능시간: 관람 2시간 전까지2026년 4월 11일(토) ~ 4월 12일(일) 11시/ 14시/ 16시,"预约时间：演出开始前2小时

2026年4月11日（周六）至2026年4月12日（周日） 11:00 / 14:00 / 16:00"
2026 앤서니브라운 가족뮤지컬 〈우리아빠가최고야〉 - 서울(관악),2026 安东尼·布朗家族音乐剧《我爸爸是最棒的》- 首尔（冠岳）
관악아트홀,冠纳克艺术馆
서울 관악구 대학동 녹두거리,首尔特别市冠岳区大学洞绿头街
예매가능시간: 전일17시(월~토 관람 시)까지/전일 11시(일요일 관람 시)까지2026년 5월 9일(토) ~ 5월 10일(일) 11시 14시 16시,预约时间：周一至周六参观截止前一天17:00 / 周日参观截止前一天11:00 2026年5月9日（周六）至2026年5月10日（周日） 11:00 14:00 16:00
가족뮤지컬 〈꼬마버스 타요 - 소원을 들어주는 요술 지팡이 대소동〉 - 강동,家庭音乐剧《小巴士泰路——许愿魔杖的奇妙冒险》——江东
강동아트센터 대극장 한강,江东艺术中心汉江大剧院
서울 강동구 동남로 870,首尔特别市江东区东南路 870
"예매가능시간: 전일17시(월~토 관람 시)까지/전일 11시(일요일 관람 시)까지2026년 4월 18일(토) 11시, 14시, 16시 30분
2026년 4월 19일(일) 11시, 14시","预约开放时间：周一至周六参观截止前一天17:00 / 周日参观截止前一天11:00 2026年4月18日（周六）11:00、14:00、16:30

2026年4月19日（周日）11:00、14:00"
가족뮤지컬 〈나의 비밀친구 해치〉 - 서울,家庭音乐剧《我的秘密朋友獬豸》- 首尔
KT&G 상상마당 대치아트홀,KT&G 桑桑马当大地艺术馆
서울특별시 강남구 영동대로 416 (대치동),首尔特别市江南区永同大路416（大峙洞）
"예매가능시간: 관람 2시간 전까지목,금 16시 / 주말 및 공휴일 11시, 14시 / 월,화,수 공연없음
* 5월 1일(금), 5월 4일(월) 11시, 14시
* 5월 7일(목), 5월 8일(금) 공연없음","演出前两小时可预约。周四、周五下午 4:00 / 周末及节假日上午 11:00、下午 2:00 / 周一、周二、周三无演出

* 5 月 1 日（周五）、5 月 4 日（周一）上午 11:00、下午 2:00

* 5 月 7 日（周四）、5 月 8 日（周五）无演出"
가족뮤지컬 〈마인블록월드 : 우리가 만드는 세상〉 - 서울,家庭音乐剧《矿山世界：我们创造的世界》- 首尔
소월아트홀,索沃尔艺术馆
서울 성동구 행당1동 행당동 고산자로12길,首尔市城东区行堂洞行堂1洞行堂洞12街
"예매가능시간: 관람 2시간 전까지평일 16시30분 / 주말 및 공휴일 11시, 14시, 16시30분 / 월,화 공연없음
※ 6월 3일(수) 11시, 14시, 16시30분","演出前2小时可预约。平日16:30 / 周末及节假日11:00、14:00、16:30 / 周一、周二无演出

※ 6月3日（周三）11:00、14:00、16:30"
가족뮤지컬 〈뽀로로와 신비한 여행〉 - 서울앵콜,家庭音乐剧《波鲁鲁和神秘之旅》- 首尔安可
용산아트홀 대극장 미르,龙山艺术馆大剧院 Mir
서울 용산구 녹사평대로 150,首尔特别市龙山区绿莎坪大路 150
"예매가능시간: 관람 2시간 전까지2026년 5월 2일(토) ~ 5월 3일(일) 11시 ,14시, 16시 30분 (총6회차)",演出开始前两小时仍可预约。2026年5月2日（周六）至2026年5月3日（周日）11:00、14:00、16:30（共6场）
가족뮤지컬 〈설민석의 한국사 대모험 : 안중근〉 - 서울,家庭音乐剧《薛珉锡的韩国历史奇遇记：安重根》- 首尔
"예매가능시간: 관람 2시간 전까지평일 16시 30분 / 주말 및 공휴일 11시, 14시, 16시30분
* 3/28(토), 3/29(일) 11시, 14시
* 월,화 공연없음","演出开始前两小时可预约：平日下午 4:30 / 周末及节假日 上午 11:00、下午 2:00、下午 4:30

* 3月28日（周六）、3月29日（周日）上午 11:00、下午 2:00

* 周一、周二无演出"
가족뮤지컬 〈에그박사 : 해적 보물섬의 비밀〉 - 서울앵콜,家庭音乐剧《蛋博士：海盗宝藏岛的秘密》- 首尔安可
올림픽공원 우리금융아트홀,奥林匹克公园友利金融艺术馆
서울 송파구 올림픽로 424,首尔特别市松坡区奥林匹克路 424
"예매가능시간: 관람 2시간 전까지수,목,금 16시 30분 / 주말, 공휴일 11시, 14시, 16시 30분
*6월 3일(수) 14시, 16시 30분","演出开始前两小时仍可预订。周三、周四、周五 16:30 / 周末、节假日 11:00、14:00、16:30

*6月3日（周三）14:00、16:30"
가족뮤지컬 누가 내 머리에 똥 쌌어 - 서울 강북,家庭音乐剧《谁在我头上拉屎了》 - 首尔江北
꿈의숲 아트센터 퍼포먼스홀,梦森林艺术中心表演厅
서울 강북구 월계로 173,首尔市江北区月溪路173号
"2026년 4월 18일(토) 11시, 13시30분, 16시",2026年4月18日（星期六）11:00、13:30、16:00
가족뮤지컬 아기돼지 삼형제 - 서울 강북,家庭音乐剧《三只小猪》- 首尔江北
"2026년 5월 16일(토) 11시, 13시30분, 16시",2026年5月16日（星期六）11:00、13:30、16:00
가족뮤지컬 전설 여우신 - 서울 도봉,家庭音乐剧《狐神传说》- 首尔道峰
도봉구민회관 하모니홀,道峰区社区中心和谐厅
서울 도봉구 도봉로 552,首尔市道峰区道峰路552号
"예매가능시간: 전일17시(월~토 관람 시)까지/전일 11시(일요일 관람 시)까지2026년 5월 9일(토) 11시, 13시30분",预约截止时间为：周一至周六参观，截止时间为参观前一天下午 17:00；周日参观，截止时间为参观前一天上午 11:00。2026 年 5 月 9 日（周六）11:00、13:30
겨울이야기,冬日故事
"예매가능시간: 전일17시(월~토 관람 시)까지/전일 11시(일요일 관람 시)까지2026년 6월 13일(토) 11시, 2시, 4시",预约截止时间为：周一至周六参观截止时间为前一天下午5点，周日参观截止时间为前一天上午11点。2026年6月13日（周六）上午11点、下午2点、下午4点。
교실 속 마술대소동! （성동）,教室里爆发了一场魔法大混乱！（Seongdong）
성수아트홀,圣水艺术馆
서울 성동구 성수1가2동 왕십리로6길,首尔特别市城东区圣水1街2洞往十里路6街
"예매가능시간: 전일17시(월~토 관람 시)까지/전일 11시(일요일 관람 시)까지2026년 6월 6일(토) ~ 6월 7일(일) 11시, 14시",预约时间：周一至周六参观截止至前一天下午5点 / 周日参观截止至前一天上午11点 2026年6月6日（周六）至2026年6月7日（周日）上午11点，下午2点
국립창극단 〈보허자(步虛子): 허공을 걷는 자〉,国立昌格剧场《虚空行者》
국립극장 달오름극장,国家剧院达洛瑞姆剧院
서울 중구 장충단로 59,首尔特别市中区奖忠团路 59
"예매가능시간: 전일17시(월~토 관람 시)까지/전일 11시(일요일 관람 시)까지2026년 3월 19일(목) ~ 3월 29일(일)
화,수,목,금 19:30 / 토,일 15:00","预约截止时间为：周一至周六参观截止时间前一天17:00，周日参观截止时间前一天11:00。参观日期：2026年3月19日（周四）至2026年3月29日（周日）。

周二、周三、周四、周五 19:30 / 周六、周日 15:00"
국립창극단 〈절창VI〉,国立昌剧团<Jeolchang VI>
"예매가능시간: 전일17시(월~토 관람 시)까지/전일 11시(일요일 관람 시)까지2026년 4월 24일(금) 19:30
2026년 4월 25일(토) 15:00","预约截止时间为：周一至周六参观，请于参观前一天下午 17:00 前预约；周日参观，请于参观前一天上午 11:00 前预约。2026 年 4 月 24 日（周五）19:30

2026 年 4 月 25 日（周六）15:00"
국립창극단 〈효명〉,国立昌格剧场<孝明>
국립극장 해오름극장,国立剧院海凛剧场
"예매가능시간: 전일17시(월~토 관람 시)까지/전일 11시(일요일 관람 시)까지2026년 6월 23일(화) ~ 6월 28일(일)
화,수,목,금 19:30 / 토,일 15:00","预约时间：周一至周六参观请于参观前一天下午 17:00 前预约；周日参观请于参观前一天上午 11:00 前预约。2026 年 6 月 23 日（周二）至 2026 年 6 月 28 日（周日）

周二、周三、周四、周五 19:30 / 周六、周日 15:00"
꼬마박사 장영실 - 종로,小医生张英实 饰 钟路
아이들극장,儿童剧场
서울 종로구 성균관로 91,首尔特别市钟路区成均馆路 91
예매가능시간: 전일17시(월~토 관람 시)까지/전일 11시(일요일 관람 시)까지2026년 5월 30일(토) ~ 5월 31일(일) 11시 / 15시,预约时间：周一至周六参观请于前一天下午 17:00 前预约 / 周日参观请于前一天上午 11:00 前预约。2026 年 5 月 30 日（周六）至 2026 年 5 月 31 日（周日）上午 11:00 / 下午 15:00
나쁜 말 먹는 괴물,吃脏话的怪物
명륜아트홀,明云艺术馆
서울특별시 종로구 성균관로 48-2 (명륜1가),首尔特别市钟路区成均馆路48-2（明伦1街）
"예매가능시간: 전일17시(월~토 관람 시)까지/전일 11시(일요일 관람 시)까지*2월
2월 28일(토) 11:30

*3월
3월 21일(토) 11:30
3월 28일(토) 11:30","预约截止时间为：周一至周六下午 5:00 前一天下午 5:00 / 周日上午 11:00 前一天上午 11:00 *

二月

2 月 28 日（周六）11:30

*三月

3 月 21 日（周六）11:30

3 月 28 日（周六）11:30"
난타(NANTA) - 명동공연,乱打 - 明洞表演
명동난타극장,明洞乱打剧场
서울특별시 중구 명동길 26 (명동2가),首尔特别市中区明洞街26(明洞2街)
"예매가능시간: 관람전일 19시 까지▶ 01월 01일(목) ~ 06월 30일(화)평일 17시, 20시 / 토 14시, 17시, 20시 / 일 및 공휴일 14시, 17시※ 05월 05일(화) 14시, 17시, 20시※ 05월 25일(월) 14시, 17시 ※ 06월 03일(수) 17시, 20시※ 06월 06일(토) 14시, 17시, 20시* 공연 스케줄은 변동 가능성 있음","预约时间：演出前一天晚上7点前 ▶ 1月1日（周四）～6月30日（周二） 平日 17:00, 20:00 / 周六 14:00, 17:00, 20:00 / 周日及节假日 14:00, 17:00 ※ 5月5日（周二） 14:00, 17:00, 20:00 ※ 5月25日（周一） 14:00, 17:00 ※ 6月3日（周三） 17:00, 20:00 ※ 6月6日（周六） 14:00, 17:00, 20:00* 演出时间可能会有所变动。"
난타(NANTA) - 홍대공연,NANTA - 弘大演出
홍대난타극장,弘大南塔剧场
서울 마포구 양화로16길 29,首尔特别市麻浦区杨花路16街29
"예매가능시간: 관람전일 19시 까지 ▶ 03월 01일(일) ~ 06월 30일(화)수~금 17시 / 토 14시, 17시 / 일 14시 (월,화 공연 없음)※ 04월 06일(월) 17시※ 04월 07일(화) 17시※ 05월 03일(일) 14시, 17시※ 05월 04일(월) 17시※ 05월 05일(화) 14시, 17시※ 05월 24일(일) 14시, 17시※ 05월 25일(월) 14시 * 공연 스케줄은 변동 가능성 있음","预约时间：演出前一天晚上7点前 ▶ 3月1日（周日）～6月30日（周二）周三～周五 17:00 / 周六 14:00, 17:00 / 周日 14:00（周一、周二无演出） ※ 4月6日（周一）17:00 ※ 4月7日（周二）17:00 ※ 5月3日（周日）14:00, 17:00 ※ 5月4日（周一）17:00 ※ 5月5日（周二）14:00, 17:00 ※ 5月24日（周日）14:00, 17:00 ※ 5月25日（周一）14:00 * 演出时间表可能会有所变动"
더 트라이브,部落
세종문화회관 M씨어터,世宗会馆M剧场
서울 종로구 세종대로 175,首尔特别市钟路区世宗大路175
"예매가능시간: 관람 2시간 전까지화,수,목,금 오후 7시 30분 / 토 오후 3시, 7시 / 일 오후 3시",演出前两小时仍可预订。演出时间：周二、周三、周四、周五 晚上7:30 / 周六 下午3:00、晚上7:00 / 周日 下午3:00
도서관에 간 여우,去图书馆的狐狸
"예매가능시간: 전일17시(월~토 관람 시)까지/전일 11시(일요일 관람 시)까지2026년 3월 14일(토) 11:30, 14:00 
2026년 3월 21일(토) 11:30, 14:00
2026년 4월 12일(일) 11:30, 14:00","预约方式：周一至周六参观，请于参观前一天下午 17:00 前预约；周日参观，请于参观前一天上午 11:00 前预约。

2026 年 3 月 14 日（周六）11:30、14:00

2026 年 3 月 21 日（周六）11:30、14:00

2026 年 4 月 12 日（周日）11:30、14:00"
로맨틱 뮤지컬 〈투모로우 모닝〉,浪漫音乐剧《明日清晨》
큐씨어터,Q 剧院
서울 종로구 대학로8가길 79,首尔特别市钟路区大学路8街79
"예매가능시간: 관람 2시간 전까지화,목,금 7시 30분 / 수 4시, 7시 30분 / 토 3시, 6시 30분 / 일(공휴일) 2시","演出开始前两小时可预约

周二、周四、周五 晚上7:30 / 周三 下午4:00、晚上7:30 / 周六 下午3:00、晚上6:30 / 周日（公众假期）下午2:00"
명작 가족뮤지컬 〈오즈의 마법사〉,家庭音乐剧杰作《绿野仙踪》
달밤엔씨어터,达尔巴姆剧院
서울특별시 종로구 대학로14길 18-2 (혜화동),首尔特别市钟路区大学路14街18-2（惠化洞）
"예매가능시간: 관람전일 23시까지

-3/1까지
매주 토요일 1시
*3/1(일) 1시

-3/7부터
매주 토요일 2시","演出前一天晚上 23:00 前均可预订

- 至 3 月 1 日

每周六下午 1:00

* 3 月 1 日（周日）下午 1:00

- 3 月 7 日起

每周六下午 2:00"
문나이트 댄스 뮤지컬,月光舞音乐剧
숭실대학교 한경직기념관,崇实大学韩敬稷纪念馆
서울특별시 동작구 상도로 369 (상도동),首尔特别市铜雀区上岛路369（上岛洞）
예매가능시간: 전일17시(월~토 관람 시)까지/전일 11시(일요일 관람 시)까지2026년 3월 21일(토) 18시,预约截止时间为：周一至周六参观，截止时间为参观前一天17:00；周日参观，截止时间为参观前一天11:00。2026年3月21日（周六）18:00
뮤지컬 〈걸프렌드〉,音乐剧《女朋友》
백암아트홀,白岩美术馆
서울특별시 강남구 테헤란로113길 7 (삼성동),首尔特别市江南区德黑兰路113街7（三成洞）
"예매가능시간: 관람 2시간 전까지평일 : 19시 30분 / 토요일 : 14시,18시 / 일,공휴일 : 15시
* 월요일 공연없음. 단, 5월 25일 15시 / 5월 26일 공연 없음","演出前两小时可预约。平日：晚上7:30 / 周六：下午2:00、下午6:00 / 周日及节假日：下午3:00

* 周一无演出。但5月25日下午3:00有一场演出，5月26日无演出。"
뮤지컬 〈김종욱 찾기〉,音乐剧《寻找金钟旭》
대학로 틴틴홀,大学路丁丁堂
서울 종로구 대학로10길 24,首尔特别市钟路区大学路10街24
"예매가능시간: 관람 1분 전까지평일 : 2시, 5시, 8시 
주말 및 공휴일 : 1시, 3시 10분, 5시 30분, 7시 40분","放映前1分钟仍可预约

工作日：2:00、5:00、8:00

周末及节假日：1:00、3:10、5:30、7:40"
뮤지컬 〈너를 위한 글자〉,音乐剧《给你的信》
링크아트센터드림 드림4관,链接艺术中心梦想大厅4
서울 종로구 대학로 124,首尔特别市钟路区大学路124
"예매가능시간: 관람 2시간 전까지화,수,목,금 8시 | 토 3시, 7시 | 일 및 공휴일 2시, 6시 (월 공연 없음)",演出前2小时仍可预订。周二、周三、周四、周五 晚上8点 | 周六 下午3点、晚上7点 | 周日及公众假期 下午2点、晚上6点（周一无演出）
뮤지컬 〈담배가게 아가씨〉,音乐剧《烟草店女孩》
대학로 하마씨어터,大学路滨马剧院
서울 종로구 대학로10길 15,首尔特别市钟路区大学路10街15
3월 8일 (일) 5시[송연화 역] 조윤슬 -> 정유나3/14(토) 2시[송창식 역] 정재욱 > 박형준3/14(토) 5시 [송창식 역] 박형준 > 정재욱3월 22일 (일) 2시 [송창식 역] 김율 --> 정재욱3/22(일) 2시 [송연화 역] 오승희 --> 강유진3월 22일 (일)  5시 [예가람 역]박태준-> 리키3/22(일) 5시[송연화 역] 강유진 > 오승희 3월 25일 (수) 7시30분 [예가람 역] 리키-> 박태준 3/27(금) 19시 30분[방수애 역] 우서라 --> 서태인 3/28(토) 5시[방수애 역] 서태인 --> 우서라 (*막공) 3/29(일) 5시[송창식 역] 정재욱 --> 김율 (*막공),"3月8日（周日）下午5:00 [饰演宋妍花] 赵润瑟 -> 郑妍娜
3月14日（周六）下午2:00 [饰演宋昌植] 郑在旭 > 朴亨俊
3月14日（周六）下午5:00 [饰演宋昌植] 朴亨俊 > 郑在旭
3月22日（周日）下午2:00 [饰演宋昌植] 金律 --> 郑在旭
3月22日（周日）下午2:00 [饰演宋妍花] 吴升熙 --> 姜有镇
3月22日（周日）下午5:00 [饰演 Ye Ga-ram] Park Tae-jun -> Ricky
3月22日（周日）下午5:00 [饰演宋妍花] 姜宥镇 > 吴承熙
行进3月25日（周三）晚上7:30 [饰演 Ye Ga-ram] Ricky -> 朴泰俊

3月27日（周五）晚上7:30 [饰演 Bang Su-ae] 禹瑞罗 -> 徐泰仁

3月28日（周六）下午5:00 [饰演 Bang Su-ae] 徐泰仁 -> 禹瑞罗 (*最后一场演出) 3月29日（周日）下午5:00 [饰演 Song Chang-sik] 郑在旭 -> 金律 (*最后一场演出)"
뮤지컬 〈더 테일 에이프릴 풀스〉,音乐剧《愚人节的故事》
예스24스테이지 2관,Yes24 舞台厅 2
서울 종로구 대학로12길 21,首尔特别市钟路区大学路12街21
"예매가능시간: 관람 2시간 전까지화, 목, 금 8시 / 수 4시, 8시 / 주말 및 공휴일 2시, 6시 (월 공연 없음, 일자별 상이)",演出开始前两小时可预约。周二、周四、周五 晚上8:00 / 周三 下午4:00、晚上8:00 / 周末及节假日 下午2:00、下午6:00（周一无演出，具体时间视日期而定）
뮤지컬 〈디아길레프〉,音乐剧《佳吉列夫》
예스24아트원 1관,Yes24 Art One Hall 1
서울 종로구 대학로12길 83,首尔特别市钟路区大学路12街83
"예매가능시간: 관람 2시간 전까지화, 목, 금 8시 / 수 4시, 8시 / 토 3시, 7시 / 일, 공휴일 2시, 6시 / 월 공연 없음","演出开始前两小时仍可预订

周二、周四、周五 晚上8点 / 周三 下午4点、晚上8点 / 周六 下午3点、晚上7点 / 周日、节假日 下午2点、下午6点 / 周一 无演出"
뮤지컬 〈로미오와 줄리엣〉,音乐剧《罗密欧与朱丽叶》
한전아트센터,KEPCO艺术中心
서울특별시 서초구 효령로72길 60 (서초동),首尔特别市瑞草区孝宁路72街60（瑞草洞）
"예매가능시간: 전일17시(월~토 관람 시)까지/전일 11시(일요일 관람 시)까지화~금요일 : 오후 7시30분 / 토요일 : 오후 2시, 오후 7시 / 일요일 : 오후 2시

※ 단, 3월 25일, 4월 01일 수요일 14시 30분, 19시 30분 - 2회차","周一至周六的预约截止时间为前一天下午 5:00，周日的预约截止时间为前一天上午 11:00。

周二至周五：晚上 7:30 / 周六：下午 2:00、晚上 7:00 / 周日：下午 2:00

※ 注：3 月 25 日和 4 月 1 日（周三）下午 2:30 和晚上 7:30 将加映两场。"
뮤지컬 〈몽유도원〉,音乐剧《梦乡》
샤롯데씨어터,夏洛特剧院
서울특별시 송파구 올림픽로 240 (잠실동),首尔特别市松坡区奥林匹克路240（蚕室洞）
"예매가능시간: 전일17시(월~토 관람 시)까지/전일 11시(일요일 관람 시)까지화, 목 : 19시 30분 / 수, 금 : 14시 30분, 19시 30분 / 토, 공휴일 : 14시, 19시 / 일 : 14시 (월요일 공연 없음)
※ 5/5(화) 19시 공연","预约时间：周一至周六演出预约截止至演出前一天17:00 / 周日演出预约截止至演出前一天11:00

周二、周四：19:30 / 周三、周五：14:30、19:30 / 周六、节假日：14:00、19:00 / 周日：14:00（周一无演出）

※ 5月5日（周二）19:00演出"
뮤지컬 〈비틀쥬스〉,音乐版《阴间大法师》
LG아트센터 서울 LG SIGNATURE 홀,LG艺术中心首尔 LG SIGNATURE大厅
서울 강서구 마곡중앙로 136,首尔特别市江西区麻谷中央路 136
"예매가능시간: 관람 3시간 전까지화, 수, 목, 금 8시 / 주말 및 공휴일 2시, 7시 (월 공연 없음)

※ 3/11(수), 3/18(수) 2시 30분 공연 있음
※ 3/22(일) 7시 공연 없음

※ 회차별 1인 4매
※ 극장, 공연제작사 및 관계사의 협의에 따라 일부 좌석이 마감되었습니다.","演出开始前3小时可预约。周二、周三、周四、周五晚上8:00演出 / 周末及节假日下午2:00和晚上7:00演出（周一无演出）

※ 3月11日（周三）和3月18日（周三）下午2:30加演

※ 3月22日（周日）晚上7:00无演出

※ 每人每场限购4张票

※ 经剧院、制作公司及相关方协商，部分座位已售罄。"
뮤지컬 〈빌리 엘리어트〉,音乐剧《比利·艾略特》
블루스퀘어 우리은행홀,蓝方友利银行大厅
서울 용산구 이태원로 294,首尔特别市龙山区梨泰院路294
"예매가능시간: 관람 3시간 전까지화-금 7시 30분ㅣ토,일 2시, 7시 (월 공연 없음)

* 4/12(일) 7시 1회 공연
* 5/1(금) 2시, 7시 2회 공연
* 5/3(일) 2시 1회 공연
* 5/5(화) 2시, 7시 2회 공연
* 5/15(금) 2시 30분, 7시 30분 2회 공연
* 5/17(일) 2시 1회 공연

※ 4/25(토) 2시 공연은 전관으로 판매 마감되었습니다.
※ 극장, 공연제작사 및 관계사의 협의에 따라 일부 좌석이 마감되었습니다.","预约时间：演出开始前3小时 周二至周五 晚上7:30 | 周六、周日 下午2:00、晚上7:00（周一无演出）

* 4月12日（周日）晚上7:00演出1场

* 5月1日（周五）下午2:00、晚上7:00演出2场

* 5月3日（周日）下午2:00演出1场

* 5月5日（周二）下午2:00、晚上7:00演出2场

* 5月15日（周五）下午2:30、晚上7:30演出2场

* 5月17日（周日）下午2:00演出1场

※ 4月25日（周六）下午2:00的演出已售罄。

※ 经剧院、制作公司及相关各方协商，部分座位已售罄。"
뮤지컬 〈빨래〉,音乐<洗衣房>
NOL 유니플렉스 2관,NOL Uniplex 2号厅
서울특별시 종로구 동숭동 1-94,首尔特别市钟路区东崇洞1-94
▶ 3월 13일(금) 19:30 구씨│한우열 → 김영환▶ 3월 18일(수) 19:30 구씨│한우열 → 김영환▶ 3월 19일(목) 19:30 구씨│안두호 → 유우헌,"▶ 3月13日（周五）19:30 顾先生|韩宇烈 → 金英焕
▶ 3月18日（周三）19:30 顾先生|韩宇烈 → 金英焕
▶ 3月19日（周四）19:30 顾先生 |安斗浩 → 柳宇宪"
뮤지컬 〈슈퍼거북 슈퍼토끼〉 - 서울숲,音乐剧《超级乌龟超级兔子》- 首尔森林
서울숲 씨어터 2관,首尔森林剧场 2 号厅
서울 성동구 뚝섬로 273,首尔市城东区纛岛路 273
"예매가능시간: 관람 3시간 전까지▶3월 공연정보(3/21~3/31)평일 공연없음 | 토요일 11시, 2시, 4시 | 일요일 및 공휴일 11시, 2시** 단, 3.24(화) 11시▶4-5월 공연정보(4/1~5/10)금 11시 | 주말 및 공휴일 11시, 2시** 단, 4.8(수), 4.14(화), 4.21(화), 4.23(목) 11시** 단, 5.1(금), 5.4(월) 11시 14시 / 5.5(화) 11시 2시 4시- 2차 티켓오픈 일시: 2026년 3월 11일(수)- 2차 티켓오픈 공연 기간: 2026년 4월 14일(화) ~ 5월 10일(일)",可预约时间：演出前3小时 ▶ 三月演出信息（3月21日至3月31日） 平日无演出 | 周六 11:00、14:00、16:00 | 周日及公众假期 11:00、14:00** 3月24日（周二）除外，11:00 ▶ 四月至五月演出信息（4月1日至5月10日） 周五 11:00 |周末及公众假期 11:00、14:00** 4月8日（周三）、4月14日（周二）、4月21日（周二）、4月23日（周四）除外 11:00** 5月1日（周五）、5月4日（周一）除外 11:00、14:00 / 5月5日（周二） 11:00、14:00、16:00 - 第二轮门票开放日期：2026年3月11日（周三） - 第二轮门票开放演出日期：2026年4月14日（周二）至2026年5月10日（周日）
뮤지컬 〈스윙 데이즈_암호명 A〉,音乐剧<Swing Days_Codename A>
충무아트센터 대극장,忠武艺术中心大剧院
서울 중구 퇴계로 387,首尔市中区退溪路387号
"예매가능시간: 관람 3시간 전까지화 - 목 19시 30분 / 금 14시 30분, 19시 30분 / 토 14시, 19시 / 일 15시 (월 공연 없음)단, 05/01(금), 05/05(화), 05/24(일) 14시, 19시 공연     05/25(월) 15시 공연     05/26(화) 공연없음",演出开始前3小时可预约。周二至周四晚上7:30 / 周五下午2:30、晚上7:30 / 周六下午2:00、晚上7:00 / 周日下午3:00（周一无演出）。但5月1日（周五）、5月5日（周二）和5月24日（周日）下午2:00和晚上7:00有演出；5月25日（周一）下午3:00有演出；5月26日（周二）无演出。
뮤지컬 〈스윙 데이즈_암호명 A〉공연예매권,音乐剧《摇摆岁月_代号 A》门票
"화 - 목 19시 30분 / 금 14시 30분, 19시 30분 / 토 14시, 19시 / 일 15시 (월 공연 없음)",周二至周四 晚上7:30 / 周五 下午2:30、晚上7:30 / 周六 下午2:00、晚上7:00 / 周日 下午3:00（周一无演出）
"뮤지컬 〈어서 오세요, 휴남동 서점입니다〉 - 서울",音乐剧《欢迎来到湖南洞书店》 - 首尔
루미나아트홀,卢米纳艺术馆
서울 종로구 대학로8가길 52,首尔特别市钟路区大学路8街52
[캐스팅 변경 안내]03/11(수) 기준 일부 캐스팅이 변경 되었습니다.* 캐스팅 변경은 하단 캐스팅 이미지에 형광 표시되어 있으니 참고 부탁드립니다.,【演员阵容变更通知】截至3月11日星期三，部分演员阵容已发生变更。*请参考下方演员阵容图片，变更部分已用荧光色突出显示。
"뮤지컬 〈어서 오세요, 휴남동 서점입니다〉 - 서울(4월)",音乐剧《欢迎来到湖南洞书店》- 首尔（四月）
"예매가능시간: 전일17시(월~토 관람 시)까지/전일 11시(일요일 관람 시)까지수~금 19:30 / 토 14:00, 17:00 / 일 14:00 / 월,화 휴관","预约时间：周一至周六预约截止至前一天17:00 / 周日预约截止至前一天11:00 周三至周五 19:30 / 周六 14:00, 17:00 / 周日 14:00 / 周一、周二休息"
뮤지컬 〈여명의 눈동자〉 연장공연,音乐剧《黎明之眼》加长版演出
Converse Stage Arena “여명”,Converse Stage Arena “黎明”
서울 동작구 현충로 213,首尔市铜雀区贤忠路213号
뮤지컬<여명의눈동자> 당일 캐스팅 변경 안내 * 3월 13일(금) 7시30분 대치役 김준현 → 정시욱 3/13(금) 7시 30분 당일 캐스팅이 변경 되어 안내드립니다.캐스팅 변경으로 인한 취소 및 환불은 미수령건에 한하여 일괄적으로 처리될 예정입니다. 관람에 불편을 드려 죄송합니다.관객분들의 너른 양해 부탁드립니다.감사합니다.,"关于音乐剧《黎明之眼》当日演员变更的通知

* 3月13日（周五）晚上7:30：大智 - 金俊贤 → 郑时旭

我们现通知您，3月13日（周五）晚上7:30的演出将进行当日演员变更。由此产生的取消和退款将统一处理，仅限无人认领的票款。由此造成的不便，敬请谅解。谢谢。"
뮤지컬 〈우리의 보통날들〉 리딩 쇼케이스,音乐剧《我们的平凡日子》朗读会
파랑새극장,蓝鸟剧院
서울 종로구 대학로 116,首尔特别市钟路区大学路116
"예매가능시간: 전일17시(월~토 관람 시)까지/전일 11시(일요일 관람 시)까지공연시간 : 오후 8시 (1회 공연) 
※ 공연 시간은 90분이며, 인터미션은 없습니다.
※ 공연 시작 30분 전부터 입장 가능합니다.","预约时间：周一至周六演出截止至演出前一天下午 5:00 / 周日演出截止至演出前一天上午 11:00

演出时间：晚上 8:00（仅一场）

※ 演出时长 90 分钟，无中场休息。

※ 演出开始前 30 分钟可入场。"
뮤지컬 〈은밀하게 위대하게:THE LAST〉 - 10주년 기념 공연,音乐剧《隐秘而伟大：最终章》——十周年纪念演出
NOL 씨어터 대학로 우리카드홀,NOL剧院大学路友利信用卡大厅
서울 종로구 동숭길 100,首尔特别市钟路区东城街 100
"예매가능시간: 관람 3시간 전까지화-금요일 오후 7시 30분
토,일요일 및 공휴일 오후 2시 / 6시 30분","预订时间：演出开始前最多 3 小时

周二至周五 晚上 7:30

周六、周日及公众假期 下午 2:00 / 晚上 6:30"
뮤지컬 〈적토〉,音乐剧《红土》
SH아트홀,SH艺术馆
서울특별시 종로구 동숭길 25 (동숭동),首尔特别市钟路区东崇街25（东崇洞）
"예매가능시간: 관람 3시간 전까지평일 20시 / 토요일 15시, 19시 / 일요일 및 공휴일 14시, 18시 (월 공연없음)
* 단, 3/7(토) 19시, 3/8(일) 18시 공연 (1회 공연)","演出开始前3小时可预约。平日晚上8点 / 周六下午3点、晚上7点 / 周日及公众假期下午2点、下午6点（周一无演出）

* 注：3月7日晚上7点及3月8日（周日）下午6点（仅一场）"
뮤지컬 〈전설의 리틀 농구단〉,音乐剧《传奇小篮球队》
플러스씨어터,加剧院
서울 종로구 대학로12길 73,首尔特别市钟路区大学路12街73
"예매가능시간: 관람 2시간 전까지평일 8시 | 토 오후 3시, 7시 | 일 2시, 6시 (월 공연 없음)",演出开始前两小时仍可预订。平日 晚上8:00 | 周六 下午3:00、晚上7:00 | 周日 下午2:00、晚上6:00（周一无演出）
뮤지컬 〈킹키부츠〉,音乐剧《长靴妖姬》
"예매가능시간: 관람 4시간 전까지화, 목, 금 7시 30분 / 수 2시 30분, 7시 30분 / 토, 일, 공휴일 2시, 7시 / 월 공연 없음

※ 3/11(수) 2시 30분, 3/29(일) 7시 공연 없음
※ 극장, 공연제작사 및 관계사의 협의에 따라 일부 좌석이 마감되었습니다.","演出前4小时可预约。周二、周四、周五 晚上7:30 / 周三 下午2:30、晚上7:30 / 周六、周日、节假日 下午2:00、晚上7:00 / 周一 无演出

※ 3月11日（周三）下午2:30和3月29日（周日）晚上7:00无演出。

※ 经剧院、制作公司及相关方协商，部分座位已售罄。"
"뮤지컬 〈태권, 날아올라〉",音乐剧《跆拳道，翱翔》
국립중앙박물관 극장 용,韩国国立中央博物馆剧场龙
서울특별시 용산구 서빙고로 137 (용산동6가),首尔特别市龙山区西冰库路137(龙山区6街)
"예매가능시간: 관람 3시간 전까지수 17:00, 19:30 / 목, 금 17:00 / 토 11:00, 14:00, 16:30 / 일 11:00, 14:00(월, 화 공연 없음)*4/4(토) 14:00, 16:30 (2회 공연)*4/8(수) 19:30 (1회 공연)*5/5(화, 어린이날) 11:00, 14:00, 16:30 (3회 공연)*5/25(월, 석가탄신일 대체휴일) 11:00, 14:00 (2회 공연) *5/15(금) 17:00, 5/16(토) 14:00 공연은단체 전관행사로 인해 판매 마감되었습니다.","演出开始前3小时仍可预订。周三 17:00, 19:30 / 周四、周五 17:00 / 周六 11:00, 14:00, 16:30 / 周日 11:00, 14:00（周一、周二无演出）* 4月4日（周六）14:00, 16:30（两场演出）* 4月8日（周三）19:30（一场演出）* 5月5日（周二，儿童节）11:00, 14:00, 16:30（三场演出）* 5月25日（周一，佛诞补假）11:00, 14:00（两场演出）* 5月15日（周五）17:00 和 5月16日（周六）14:00 的演出因团体活动暂停售票。"
뮤지컬 〈팬레터〉 10주년 기념 앵콜 공연,音乐剧《粉丝来信》十周年纪念返场演出
홍익대 대학로 아트센터 대극장,弘益大学大学路艺术中心大剧院
서울 종로구 대학로 57,首尔特别市钟路区大学路57
"예매가능시간: 관람 2시간 전까지화,수,목 19:30 / 금 15:00, 19:30 / 주말 및 공휴일 14:00, 18:30 (월요일 공연 없음)",演出开始前两小时可预约。周二、周三、周四 19:30 / 周五 15:00、19:30 / 周末及节假日 14:00、18:30（周一无演出）
뮤지컬 〈헤이그〉,海牙音乐剧
NOL 유니플렉스 1관,NOL Uniplex 1号厅
서울 종로구 대학로12길 64,首尔特别市钟路区大学路12街64
"예매가능시간: 관람 3시간 전까지화, 수, 목 8시 ㅣ 금 4시, 8시 ㅣ 토 3시 7시 ㅣ 일, 공휴일 2시, 6시
(월 공연 없음)","演出前三小时可预约：周二、周三、周四 8:00 | 周五 4:00、8:00 | 周六 3:00、7:00 | 周日、节假日 2:00、6:00

（周一无演出）"
뮤지컬 〈홍련〉,音乐剧《洪连》
충무아트센터 중극장 블랙,忠武艺术中心黑匣子剧场
"예매가능시간: 관람 2시간 전까지화, 수, 금 20시 / 목 16시, 20시 / 토 15시, 19시 / 일, 공휴일 14시, 18시 (월 공연 없음)
* 3/2(월) 17시 공연","演出前两小时仍可预订。周二、周三、周五 晚上8点 / 周四 下午4点、晚上8点 / 周六 下午3点、晚上7点 / 周日及节假日 下午2点、下午6点（周一无演出）

* 3月2日（周一）下午5点演出"
뮤지컬 〈ROGER〉,音乐剧《罗杰》
NOL 서경스퀘어 스콘 2관,NOL 石京广场 Scone Hall 2
서울 종로구 동숭길 148,首尔特别市钟路区东城街 148
"예매가능시간: 관람 3시간 전까지화, 목, 금 8시 / 수 4시, 8시 / 토, 일, 공휴일 2시, 6시 / 월 쉼",演出开始前3小时仍可预订。周二、周四、周五 晚上8点 / 周三 下午4点、晚上8点 / 周六、周日、节假日 下午2点、下午6点 / 周一 休息
뮤지컬 〈The Face〉,音乐剧《面孔》
후암스테이지,华姆舞台
서울특별시 종로구 대학로11길 23 (명륜4가),首尔特别市钟路区大学路11街23(明伦4街)
"예매가능시간: 관람 2시간 전까지[화,수,목,금] 20:00 / [토] 15:00, 19:00 / [일] 14:00, 18:00
*4/18(토) 15시 공연없음
*4/26(일) 18시 공연없음
*월 공연없음","演出前两小时可预约 [周二、周三、周四、周五] 20:00 / [周六] 15:00、19:00 / [周日] 14:00、18:00

* 4月18日（周六）15:00 无演出

* 4月26日（周日）18:00 无演出

* 周一 无演出"
뮤지컬 내 친구 유관순,音乐剧《我的朋友余冠顺》
경복궁아트홀,景福宫美术馆
서울특별시 종로구 자하문로 82 (효자동),首尔特别市钟路区紫霞门路82(孝子洞)
"예매가능시간: 전일17시(월~토 관람 시)까지/전일 11시(일요일 관람 시)까지토, 일, 공휴일 오후 2시
평일 11시 (30명 이상 단체-공연 기획사와 일정 협의 후 구매 가능)","预订时间：周一至周六演出预订截止至演出前一天下午 5 点 / 周日演出预订截止至演出前一天上午 11 点；周六、周日及节假日：下午 2 点

工作日：上午 11 点（30 人及以上团体可与演出主办方协商安排后购买）"
뮤지컬 님만헤민게스트하우스,音乐尼曼海明宾馆
선돌극장,善卓剧场
서울특별시 종로구 혜화로5길 5 (명륜1가),首尔特别市钟路区惠化路5街5（明伦1街）
"예매가능시간: 전일17시(월~토 관람 시)까지/전일 11시(일요일 관람 시)까지화수목금 7시30분 / 토 4시 / 일요일,공휴일 3시 / 설날당일공연없음, 월쉼",预约时间：周一至周六演出预约截止至演出前一天下午5点；周日演出预约截止至演出前一天上午11点。周二、周三、周四、周五晚上7:30；周六下午4:00；周日及公众假期下午3:00；农历新年无演出；周一闭馆。
뮤지컬 데스노트(The Musical Death Note),音乐剧《死亡笔记》
"예매가능시간: 관람 3시간 전까지화 19시 / 수 14시, 19시 / 목,금 19시 30분 / 토,일,공휴일 14시, 19시(월요일 공연없음)
* 3/2(월) 19시 공연","演出前3小时可预约。周二 19:00 / 周三 14:00, 19:00 / 周四、周五 19:30 / 周六、周日及节假日 14:00, 19:00（周一无演出）

* 3月2日（周一）19:00 演出"
뮤지컬 마크,音乐标记
CTS아트홀,CTS艺术馆
서울 동작구 노량진로 100,首尔特别市铜雀区鹭梁津路100
"마크 -  전유빈, 오하윤폴 -  서승원, 안지후 바나바 - 구동욱, 임하람 메리 - 김유진, 정재희 줄리아 - 김은애, 강한별 조이 - 임성하, 차단비","马克 - 全宥彬、吴夏允
保罗 - 徐承元、安志厚
巴拿巴-具栋旭、林河蓝
玛丽——金裕珍、郑在熙
朱莉娅——金恩爱、姜汉星
Joy——林成河、车丹妃"
뮤지컬 서편제,音乐剧《Seopyeonje》
광림아트센터 BBCH홀,光林艺术中心BBCH大厅
서울 강남구 논현로163길 33,首尔特别市江南区论岘路163街33
"예매가능시간: 관람 3시간 전까지평일 19시 30분 /  토 15시, 19시 30분 / 일, 공휴일 14시, 18시 30분 (월 공연없음)
* 5/3(일) 18시 30분 공연없음, 5/6(수) 공연없음","演出开始前3小时可预约。平日 19:30 / 周六 15:00, 19:30 / 周日及节假日 14:00, 18:30（周一无演出）

* 5月3日（周日）18:30 和 5月6日（周三）无演出"
뮤지컬 스크루테이프의 편지,音乐版螺丝钉信使
"예매가능시간: 전일17시(월~토 관람 시)까지/전일 11시(일요일 관람 시)까지금 19:00 / 토 13:00

* 5월1일(금), 5월5일(화), 5월25일(월), 6월3일(수), 6월8일(월), 7월17일(금), 8월17일(월) 13:00
* 5월8일(금), 5월29일(금), 6월5일(금), 8월21일(금) 공연없음","预订时间：周一至周六演出，请于演出前一天下午 17:00 前预订；周日演出，请于演出前一天上午 11:00 前预订。周五 19:00 / 周六 13:00

* 5 月 1 日（周五）、5 月 5 日（周二）、5 月 25 日（周一）、6 月 3 日（周三）、6 月 8 日（周一）、7 月 17 日（周五）、8 月 17 日（周一）13:00 结束

* 5 月 8 日（周五）、5 月 29 日（周五）、6 月 5 日（周五）和 8 月 21 日（周五）无演出"
뮤지컬 안나 카레니나,音乐剧《安娜·卡列尼娜》
세종문화회관 대극장,世宗会馆大剧场
"예매가능시간: 관람 2시간 전까지2026년 2월 20일(금) ~ 3월 29일(일)
화,목,금 오후 7시 30분 / 수 오후 2시30분, 7시30분 / 토 오후 2시, 7시 / 일 및 공휴일 오후 1시, 6시 / 월 공연 없음","演出开始前两小时仍可预订

2026年2月20日（周五）至2026年3月29日（周日）

周二、周四、周五 晚上7:30 / 周三 下午2:30、晚上7:30 / 周六 下午2:00、晚上7:00 / 周日及节假日 下午1:00、晚上6:00 / 周一 无演出"
뮤지컬 오렌지 스카이,音乐橙色天空
"예매가능시간: 전일17시(월~토 관람 시)까지/전일 11시(일요일 관람 시)까지금요일 오후 7시30분 
토요일,일요일,공휴일 오후 5시30분
(4월2일 목요일 오후 7시 30분공연)","周一至周六演出可提前一天下午 5:00 前预订，周日演出可提前一天上午 11:00 前预订。

周五 晚上 7:30

周六、周日及公众假期 下午 5:30

（4 月 2 日，星期四，晚上 7:30 演出）"
뮤지컬 천로역정,《天路历程》音乐剧
"예매가능시간: 전일17시(월~토 관람 시)까지/전일 11시(일요일 관람 시)까지- 토 15:00,목 19:00 (4월 9일~ 토 16:00,목 19:00)

3월2일 15:00 공연있음.
5월5일(화), 5월25일(월) 16:00 공연있음.
6월4일(목), 7월16일(목), 8월20일(목) 공연없음.
6월3일(수), 7월17일(금), 8월17일(월) 16:00 공연있음.","周一至周六演出可提前一天预订，截止时间为演出前一天下午 17:00；周日演出可提前一天预订，截止时间为演出前一天上午 11:00。演出时间：周六 15:00，周四 19:00（4 月 9 日起：周六 16:00，周四 19:00）。

3 月 2 日演出时间为下午 15:00。

5 月 5 日（周二）和 5 月 25 日（周一）演出时间为下午 16:00。

6 月 4 日（周四）、7 月 16 日（周四）和 8 月 20 日（周四）无演出。

6 月 3 日（周三）、7 月 17 日（周五）和 8 月 17 日（周一）演出时间为下午 16:00。"
뮤지컬 헝키쇼 (HUNKY SHOW),音乐帅哥秀
스타스테이지,星光舞台
서울특별시 종로구 대학로12길 15(동숭동),首尔特别市钟路区大学路12街15（东崇洞）
"예매가능시간: 관람 3시간 전까지수,목,금 20시 / 토,공휴일 15시, 19시 / 일 15시 (월,화 공연없음)",演出开始前3小时可预约：周三、周四、周五晚上8点/周六、节假日下午3点、晚上7点/周日下午3点（周一、周二无演出）
뮤지컬 헬로카봇 스페셜 시즌9 〈전설의 용사를 찾아서〉 어린이날 특별 공연,音乐剧《你好，卡博特》第九季特别篇《寻找传说中的英雄》儿童节特别演出
"예매가능시간: 전일17시(월~토 관람 시)까지/전일 11시(일요일 관람 시)까지2026년 5월 3일(일) 11시, 14시
2026년 5월 5일(화) 11시, 14시, 16시30분","预约截止时间为：周一至周六参观请于参观前一天下午 17:00 前预约，周日参观请于参观前一天上午 11:00 前预约。2026 年 5 月 3 日（周日）11:00、14:00

2026 年 5 月 5 日（周二）11:00、14:00、16:30"
뮤지컬펍 스폿라이트,音乐酒吧聚焦
서울 종로구 대명1길 7,首尔特别市钟路区大明1街7
"예매가능시간: 전일17시(월~토 관람 시)까지/전일 11시(일요일 관람 시)까지<3월>
월요일,화요일 : 공연없음(매주휴무일)
수-금요일 : 19:00
토,일요일 : 17:00

〈4월〉
월요일,화요일 : 공연없음(매주휴무일)
수-금요일 : 19:00
토,일요일 : 17:00","预订时间：周一至周六演出，请于演出前一天下午 17:00 前预订；周日演出，请于演出前一天上午 11:00 前预订。<三月>

周一、周二：无演出（每周闭馆）

周三至周五：19:00

周六、周日：17:00

<四月>

周一、周二：无演出（每周闭馆）

周三至周五：19:00

周六、周日：17:00"
베베핀 뮤지컬 〈두근두근 새친구〉,Bebepin 音乐剧 <心跳加速的新朋友>
"예매가능시간: 관람 3시간 전까지2026년 5월 3일(일) ~ 5월 5일(화)11시, 14시, 16시30분","可预约：演出开始前最多3小时

2026年5月3日（周日）至2026年5月5日（周二） 11:00、14:00、16:30"
신데렐라,灰姑娘
"예매가능시간: 전일17시(월~토 관람 시)까지/전일 11시(일요일 관람 시)까지2026년 5월 17일(일) 11시, 2시, 4시",预约截止时间为前一天下午5点（周一至周六）/上午11点（周日）。2026年5月17日（周日）上午11点、下午2点、下午4点。
심포니 오브 뮤지컬 Ⅰ: 김문정의 Cook the Music,音乐交响曲 I：金文贞的《烹饪音乐》
"[공연소개]

대한민국 뮤지컬의 마에스트로 김문정이 무대의 ＇총괄 셰프＇로 변신합니다.
음악이 탄생하는 단 하나의 주방! 김문정의 〈Cook the Music〉
김문정 셰프가 정성껏 차려낸 푸짐한 ‘음악 한 상, ’지휘봉 끝에서 탄생하는 가장 완벽한 레시피!
김문정 음악감독과 뮤지컬 배우 김주택, 이지수, 8인의 앙상블, 오케스트라가 빚어내는 압도적인 무대!
강동아트센터에서 펼쳐지는 특별한 다이닝에 당신을 초대합니다.","【演出介绍】

韩国音乐剧大师金文正化身舞台“行政主厨”。

音乐诞生的厨房！金文正的《烹饪音乐》

由金文正主厨精心烹制的丰盛“音乐盛宴”，源自指挥棒的灵感，为您呈现最完美的音乐盛宴！

由音乐总监金文正、音乐剧演员金柱泽、李智秀、八人乐团及管弦乐队联袂打造的震撼舞台！

诚邀您莅临江东艺术中心，体验这场别具一格的音乐盛宴。"
싱어롱뮤지컬 브레드이발소 〈브레드와 윌크의 세계여행〉 - 서울,欢唱音乐剧《面包理发店》（Bread and Wilk's World Tour）- 首尔
"예매가능시간: 전일17시(월~토 관람 시)까지/전일 11시(일요일 관람 시)까지2026년 4월 4일(토) 11시, 2시, 4시30분
2026년 4월 5일(일) 11시, 2시","预约时间：周一至周六参观截止至参观前一天下午 5 点 / 周日参观截止至参观前一天上午 11 点

2026 年 4 月 4 日（周六）上午 11 点、下午 2 点、下午 4:30

2026 年 4 月 5 日（周日）上午 11 点、下午 2 点"
알라딘과 요술램프,阿拉丁神灯
도봉구민회관 대공연장,道峰区社区中心大演出厅
서울 도봉구 마들로 656,首尔市道峰区马德路656号
"예매가능시간: 전일17시(월~토 관람 시)까지/전일 11시(일요일 관람 시)까지2026년 4월 22일(수) 10시10분, 11시10분","预约截止时间为：周一至周六参观，前一天17:00截止；周日参观，前一天11:00截止。2026年4月22日（周三）10:10, 11:10"
어린이 서커스 마술쇼 - 서울 강동,儿童马戏魔术表演 - 首尔江东
강동구민회관 대강당,江东区社区中心大礼堂
서울 강동구 상암로 168,首尔市江东区上岩路168号
어린이 체험학습 뮤지컬 〈틀려도 괜찮아〉 - 마포,儿童体验式学习音乐剧《犯错没关系》- Mapo
마포아트센터 플레이맥,马浦艺术中心 Playmax
"2026년 5월 6일(토) 14:00, 16:00
2026년 5월 17일(일) 11:00, 14:00, 16:00","2026年5月6日（周六）14:00, 16:00

2026年5月17日（周日）11:00, 14:00, 16:00"
어린이참여뮤지컬 아기돼지삼형제 (늑대숲 또옹돼지 원정대),儿童参与式音乐剧《三只小猪》（狼森林便便猪探险记）
대학로 라온씨어터,大学路拉翁剧院
서울 종로구 대학로10길 12,首尔特别市钟路区大学路10街12
"예매가능시간: 관람 2시간 전까지[03월 공연일정]토,일: 11시 20분, 1시 [04월 공연일정]토,일: 11시 20분, 1시","门票预订时间：演出开始前2小时

[三月演出时间表] 周六、周日：上午11:20、下午1:00

[四月演出时间表] 周六、周日：上午11:20、下午1:00"
오리지널 과학마술콘서트 시즌1 (성동),原创科学魔法音乐会 第一季（城东）
"예매가능시간: 전일17시(월~토 관람 시)까지/전일 11시(일요일 관람 시)까지2026년 6월 20일(토) ~ 6월 21일(일) 11시, 14시",预约时间：周一至周六参观截止至前一天下午5点 / 周日参观截止至前一天上午11点 2026年6月20日（周六）至2026年6月21日（周日）上午11点，下午2点
우주매직쇼 - 성동,太空魔术秀 - 城东
"예매가능시간: 전일17시(월~토 관람 시)까지/전일 11시(일요일 관람 시)까지2026년 3월 28일(토) ~ 29일(일) 오전 11시, 오후 2시",预约时间：周一至周六参观截止至前一天下午5点 / 周日参观截止至前一天上午11点。2026年3月28日（周六）至29日（周日），上午11点至下午2点。
재즈뮤지컬 스와니랩소디,爵士音乐剧《斯瓦尼河狂想曲》
재즈런치,爵士午餐
서울특별시 송파구 송이로23길 14 (가락동),首尔特别市松坡区松木路23街14（可乐洞）
"예매가능시간: 전일17시(월~토 관람 시)까지/전일 11시(일요일 관람 시)까지2026년 3월 21일(토) 19시
2026년 3월 24일(화) 19시
2026년 3월 26일(목) 19시
2026년 3월 28일(토) 19시","预约开放时间：周一至周六参观，截止时间为参观前一天下午 17:00；周日参观，截止时间为参观前一天上午 11:00。

2026 年 3 月 21 日（周六）19:00

2026 年 3 月 24 日（周二）19:00

2026 年 3 月 26 日（周四）19:00

2026 年 3 月 28 日（周六）19:00"
참여형 뮤지컬 〈슈퍼윙스 : 초능력 곤충 대소동〉 - 서울 성동,互动音乐剧《超级飞侠：超能昆虫大电影》 - 首尔城东
"예매가능시간: 관람 2시간 전까지평일 16시 / 주말 및 공휴일 11시, 14시 / 월,화 공연없음
※ 5월 1일(금) 11시, 14시
※ 5월 5일(화) 11시, 14시","预约时间：演出开始前2小时

平日 16:00 / 周末及节假日 11:00, 14:00 / 周一、周二无演出

※ 5月1日（周五）11:00, 14:00

※ 5月5日（周二）11:00, 14:00"
코믹 마샬아츠 퍼포먼스 〈점프 JUMP〉,喜剧武术表演 <JUMP>
명보아트홀 지하3층 점프 전용극장,明堡艺术馆，地下三层，Jump专属剧场
서울 중구 마른내로 47,首尔特别市中区玛瑞内路 47
"예매가능시간: 전일17시(월~토 관람 시)까지/전일 11시(일요일 관람 시)까지월~금 17:00토, 일, 공휴일 14:00 / 17:00",预约时间：周一至周六预约截止时间为前一天下午 17:00，周日预约截止时间为前一天上午 11:00。周一至周五 17:00，周六、周日及节假日 14:00 / 17:00
크리스마스 캐럴,圣诞颂歌
"예매가능시간: 관람 2시간 전까지화,수,목,금 오후 7시 30분 / 토,공휴일 오후 3시, 7시",演出开始前两小时仍可预订：周二、周三、周四、周五 晚上7:30 / 周六、节假日 下午3:00、晚上7:00
클래식 가족 뮤지컬 〈반짝반짝 라푼젤〉,经典家庭音乐剧《一闪一闪长发公主》
"예매가능시간: 관람전일 23시까지

-3월
매주 일요일 12시","演出前一天晚上 23:00 前均可预订

- 三月

每周日中午 12:00"
클래식 가족 뮤지컬 〈반짝반짝 신데렐라〉,经典家庭音乐剧《闪耀灰姑娘》
예매가능시간: 전일 23시까지매주 일요일 2시공연 (3월2일 2시공연),门票预订截止时间为演出前一天晚上11点。每周日下午2点（3月2日下午2点）。
클래식 가족 뮤지컬 〈반짝반짝 인어공주〉,经典家庭音乐剧《小美人鱼》
"예매가능시간: 관람전일 23시까지

-2월
매주 토요일 11시

-3월
매주 토요일 12시
*3월 2일(월) 12시","演出前一天晚上 11:00 前均可预订

- 二月

每周六上午 11:00

- 三月

每周六中午 12:00

*3 月 2 日（星期一）中午 12:00"
테레비,电视
무하아트센터 2관,穆夏艺术中心2号展厅
서울 종로구 삼일대로 428,首尔特别市钟路区三一大路 428
"예매가능시간: 전일17시(월~토 관람 시)까지/전일 11시(일요일 관람 시)까지2026년 3월 25(수)~27일(금) 저녁 8:00 매일 1회공연
토요일 2:00, 6:00 2회
일요일 2:00 1회공연","周一至周六演出可提前一天下午 5:00 前预订，周日演出可提前一天上午 11:00 前预订。

2026 年 3 月 25 日（周三）至 27 日（周五），晚上 8:00，每日一场

周六下午 2:00 和 6:00，两场演出

周日下午 2:00，一场演出"
트롯뮤지컬 님과 함께(디스코 왕),与你一起演奏的 Trot Musical (Disco King)
허리우드극장 4층 낭만극장,好莱坞剧院四楼浪漫剧院
"예매가능시간: 전일17시(월~토 관람 시)까지/전일 11시(일요일 관람 시)까지금, 토, 일 (1회 : 16시 30분)",周一至周六的预约截止时间为前一天下午 17:00，周日的预约截止时间为前一天上午 11:00。周五、周六、周日（首场：16:30）
프로하비 뮤지컬 ［오!캐롤］,Prohobby 音乐剧 [哦！卡罗尔]
"예매가능시간: 전일17시(월~토 관람 시)까지/전일 11시(일요일 관람 시)까지* 공연 타임
- 토,일 : 11:00 / 15:00 / 19:00","可预约时间：周一至周六演出，截止时间为演出前一天下午 17:00；周日演出，截止时间为演出前一天上午 11:00*

- 周六、周日：11:00 / 15:00 / 19:00"
［로터리 티켓］ 뮤지컬 〈은밀하게 위대하게:THE LAST〉 - 10주년 기념 공연,【彩票】音乐剧《伟大的秘密：THE LAST》——10周年纪念演出
"※ 신용카드 결제만 가능한 상품입니다.
※ 응모하신 로터리 티켓은 중복 당첨될 수 있습니다.
※ 로터리 티켓 신청 마감 후에는 취소/환불이 불가합니다. 당첨자 선정 후, 낙첨자에 한해 전액 환불처리 진행됩니다.","※ 本产品仅支持信用卡支付。

※ 可购买多张彩票。

※ 彩票申请截止日期后，恕不接受取消或退款。仅在中奖者选出后，才会对未中奖者进行全额退款。"
［서초］ 뮤지컬 한글용사 아이야 새로운 이야기〈달라도 친구야!〉,【Seocho】音乐剧韩文战士Aiya：新故事 <我们不同，但我们是朋友！>
"예매가능시간: 전일17시(월~토 관람 시)까지/전일 11시(일요일 관람 시)까지금 11시 / 토, 일 11시, 14시, 16시30분",周一至周六的预约截止时间为前一天下午5点，周日的预约截止时间为前一天上午11点。周五上午11点，周六、周日上午11点、下午2点、下午4点30分。
가족뮤지컬 누가 내 머리에 똥 쌌어？ - 서울 강동,家庭音乐剧《谁在我头上拉屎了？》——首尔江东
"예매가능시간: 관람 1시간 전까지2026년 4월 18일(토) 11시, 14시, 16시",演出开始前一小时仍可预约。2026年4月18日（周六）11:00、14:00、16:00
뮤지컬 〈빌리 엘리어트〉 ‘2026 시즌 빌리지 입주민’ 모집,音乐剧《比利·艾略特》招募“2026演出季村居民”
가입 기간 : 1/12(월) 오후 3시 ~ 1/18(일) 오후 11시 59분까지,报名时间：1月12日（周一）下午3:00至1月18日（周日）晚上11:59
뮤지컬 〈오지게 재밌는 가시나들〉,音乐剧《超级搞笑女孩》
국립극장 하늘극장,国家剧院天空剧院
"예매가능시간: 전일17시(월~토 관람 시)까지/전일 11시(일요일 관람 시)까지화·목 19:30 / 수·금 15:00, 19:30 / 주말 및 공휴일 14:00, 18:00 (월 쉼) 
* 5/15(금) 19:30, 6/28(일) 13:00 1회 공연","周一至周六演出可提前一天预订，截止时间为演出前一天下午 17:00；周日演出可提前一天预订，截止时间为演出前一天上午 11:00。演出时间：周二至周四 19:30；周三至周五 15:00、19:30；周末及节假日 14:00、18:00（周一休息）。

* 5 月 15 日（周五）19:30 和 6 月 28 日（周日）13:00 各加演一场。"
뮤지컬 〈이게 정말 나일까？〉 - 서울,音乐剧《这真的是我吗？》- 首尔
"예매가능시간: 전일17시(월~토 관람 시)까지/전일 11시(일요일 관람 시)까지- 평일 : 오전 11시, 오후 2시 (하루 총 2회)
- 주말 : 오전 11시, 오후 2시, 오후 4시 30분 (하루 총 3회) (총 35회차 공연)
* 5월 18일(월), 19일(화), 26일(화) 공연 없음.","周一至周六演出可提前一天下午 5:00 前预订，周日演出可提前一天上午 11:00 前预订。

- 平日：上午 11:00、下午 2:00（每日两场演出）

- 周末：上午 11:00、下午 2:00、下午 4:30（每日三场演出）（共 35 场演出）

* 5 月 18 日（周一）、19 日（周二）和 26 日（周二）无演出。"
뮤지컬 〈조커〉,音乐剧《小丑》
극장 온,剧院
서울 종로구 대학로12길 69,首尔特别市钟路区大学路12街69
뮤지컬 썸데이,音乐剧《总有一天》
무하아트센터,穆夏艺术中心
서울 종로구 이화장길 72,首尔特别市钟路区梨花庄路 72
월요극장 11 - 뮤지컬 〈홍련〉,星期一剧场 11 - 音乐剧 <洪连>
예매가능시간: 전일17시(월~토 관람 시)까지/전일 11시(일요일 관람 시)까지2026년 4월 6일(월) 오후 7시,预约截止时间为前一天下午5点（周一至周六）/上午11点（周日）。2026年4月6日（周一）晚上7点
집사TV 〈 대저택 문의 비밀 〉 : part. 1 - 서울(용산),管家电视台《宅邸大门的秘密》：第一部分 - 首尔（龙山）
"예매가능시간: 전일17시(월~토 관람 시)까지/전일 11시(일요일 관람 시)까지2026년 5월 30일(토) 11시, 2시, 4시30분
2026년 5월 31일(일) 11시, 2시","预约截止时间为：周一至周六参观截止时间为前一天下午5点，周日参观截止时间为前一天上午11点。2026年5月30日（周六）上午11点、下午2点、下午4点30分

2026年5月31日（周日）上午11点、下午2点"
［그루브재즈데이］ ZAG Trio 콘서트,[律动爵士日] ZAG三重奏音乐会
재즈클럽 그루브,爵士俱乐部律动
서울특별시 서초구 신반포로47길 52 (잠원동),首尔特别市瑞草区新盘浦路47街52（蚕院洞）
예매가능시간: 전일17시(월~토 관람 시)까지/전일 11시(일요일 관람 시)까지- 공연 : 3월 20일(금) 오후8시,订票时间：周一至周六演出截止至演出前一天下午5点 / 周日演出截止至演出前一天上午11点 - 演出时间：3月20日（周五）晚上8点
［그루브재즈데이］Smooth Jazz Concert / 그루버김밴드,【律动爵士日】柔和爵士音乐会 / Groover Kim乐队
"예매가능시간: 전일17시(월~토 관람 시)까지/전일 11시(일요일 관람 시)까지- 공연 : 3월 21일(토) 오후 8시
- 약 100분간, 잼세션 여부에 따라 다소 길어질 수 있음.","预订截止时间为演出前一天下午 5:00（周一至周六）/上午 11:00（周日）。演出时间：3 月 21 日（周六）晚上 8:00

演出时长约 100 分钟；根据即兴演奏环节，演出时长可能会略有延长。"
［문래재즈IN#연중스페셜］ 임미정 ＆ 박윤우 Duo,【Mullae Jazz IN #全年特辑】林美贞&朴允宇二重奏
라이브홀 문래재즈IN,Live Hall Mullae Jazz IN
서울 영등포구 도림로 475,首尔特别市永登浦区道林路 475
예매가능시간: 전일17시(월~토 관람 시)까지/전일 11시(일요일 관람 시)까지2026년 3월 21(토) 오후 7시 (인터미션없이 1회공연),预订截止时间为演出前一天下午 5 点（周一至周六场次）/上午 11 点（周日场次）。2026 年 3 月 21 日（周六）晚上 7 点（一场演出，无中场休息）。
［Band Noir］ Liveclub Jazz Day,［Band Noir］现场俱乐部爵士日
"예매가능시간: 전일17시(월~토 관람 시)까지/전일 11시(일요일 관람 시)까지- 공연 : 3월 27일(금) 오후8시
- 1, 2부 약 90분간 진행됩니다.
- 잼세션 진행에 따라 다소 공연시간이 길어질 수 있습니다.","门票预订截止时间：周一至周六演出截止至演出前一天下午 5:00 / 周日演出截止至演出前一天上午 11:00

- 演出时间：3 月 27 日（周五）晚上 8:00

- 演出时长约 90 分钟，分为两部分。

- 演出时长可能会根据即兴演奏环节略有延长。"
〈미스터트롯3〉 TOP7 서울콘서트,<Mr. Trot 3> 首尔演唱会TOP 7
올림픽공원 올림픽홀,奥林匹克公园奥林匹克大厅
"예매가능시간: 관람 3시간 전까지2026년 3월 21일(토) 오후 1시, 6시
2026년 3월 22일(일) 오후 1시, 6시","可预约：演出开始前最多 3 小时

2026 年 3 月 21 日（周六）下午 1:00 和 6:00

2026 年 3 月 22 日（周日）下午 1:00 和 6:00"
〈미스트롯4〉 전국투어 콘서트 - 서울,《Miss Trot 4》全国巡回演唱会 - 首尔
장충체육관,章忠体育馆
서울특별시 중구 동호로 241 (장충동2가),首尔特别市中区东湖路241（奖忠洞2街）
"예매가능시간: 관람 4시간 전까지4월 25일(토) 오후 1시, 6시 / 4월 26일(일) 오후 1시, 6시","演出开始前4小时仍可预约

4月25日（周六）下午1:00、下午6:00 / 4月26日（周日）下午1:00、下午6:00"
〈현역가왕3〉 TOP10 서울콘서트,歌王3首尔演唱会TOP 10
경희대학교 평화의전당,庆熙大学和平殿
서울특별시 동대문구 경희대로 26 (회기동),首尔特别市东大门区庆熙大路26（回基洞）
"예매가능시간: 전일17시(월~토 관람 시)까지/전일 11시(일요일 관람 시)까지03월 28일(토) 1PM, 6PM
03월 29일(일) 1PM, 6PM","预约时间：周一至周六参观截止至前一天下午 5 点 / 周日参观截止至前一天上午 11 点

3 月 28 日（周六）下午 1 点、下午 6 点

3 月 29 日（周日）下午 1 点、下午 6 点"
〈CHANGMO : THE EMPEROR〉,〈昌谟：皇帝〉
"예매가능시간: 관람 2시간 전까지2026년 5월 09일(토) 19:30
2026년 5월 10일(일) 17:00","演出开始前两小时仍可预订。2026年5月9日（周六）19:30

2026年5月10日（周日）17:00"
2025-26 김창옥 토크콘서트 시즌 5 - 서울,2025-26 金昌玉脱口秀演唱会第五季 - 首尔
"예매가능시간: 전일17시(월~토 관람 시)까지/전일 11시(일요일 관람 시)까지2026.05.10(일) 오후 1시, 오후 5시 (1일 2회)",周一至周六的预约截止时间为前一天下午 5 点，周日的预约截止时间为前一天上午 11 点。2026.05.10（周日）下午 1 点、下午 5 点（每天两场）
2025-26 임재범 40주년 콘서트 ＂나는 임재범이다＂ - 서울 ［앵콜］,2025-26 Jae Beom Lim 出道40周年演唱会“我是 Jae Beom Lim” - 首尔 [安可]
예매가능시간: 전일17시(월~토 관람 시)까지/전일 11시(일요일 관람 시)까지2025년 5월 16일(토) 오후 6시 - 17일(일) 오후 5시,预约时间：周一至周六参观截止至参观前一天下午5点 / 周日参观截止至参观前一天上午11点。2025年5月16日（周六）下午6点至5月17日（周日）下午5点
2026 김정민 전국투어 콘서트 : 대한민국 락발라더 김정민 - 서울,2026年金正民全国巡回演唱会：韩国摇滚抒情歌手金正民 - 首尔
로운아트홀,路云艺术馆
서울 양천구 목동서로 225,首尔特别市阳川区木洞西路 225
"예매가능시간: 전일17시(월~토 관람 시)까지/전일 11시(일요일 관람 시)까지-일시: 2026년 3월 22일(일) 오후 6시30분  
-장소: 로운아트홀","预约时间：周一至周六参观截止至前一天下午5点 / 周日参观截止至前一天上午11点

- 日期及时间：2026年3月22日（周日）下午6:30

- 地点：路云艺术馆"
2026 김종서 전국투어 콘서트 : 모두의 김종서 - 서울,2026年金钟瑞全国巡回演唱会：金钟瑞为大家 - 首尔
토요일 오후 7시,星期六晚上7点
2026 나미애 단독 콘서트 : 남이 아닌 우리,2026年爱奈美个人演唱会：我们，不是陌生人
"예매가능시간: 2026. 03. 20(금) 11:00까지
- 일시: 2026년 3월 22일(일) 오후 1시  
- 장소: 로운아트홀","门票预订截止日期：2026年3月20日（星期五）上午11:00

- 日期及时间：2026年3月22日（星期日）下午1:00

- 地点：路云艺术馆"
2026 노이즈 단독 콘서트 : BLACK ＆ WHITE - 서울,2026 Noise Solo Concert：黑白 - 首尔
예매가능시간: 전일17시(월~토 관람 시)까지/전일 11시(일요일 관람 시)까지토요일 오후 2시,预约截止时间为前一天下午5点（周一至周六）/上午11点（周日）。周六下午2点。
2026 데이먼스 이어 단독공연 ［제 2 미해결문제］,2026年达蒙的个人演唱会 [第二个未解决的问题]
서소문성지역사박물관 콘솔레이션 홀,西尾门神社历史博物馆慰藉堂
서울 중구 칠패로 5,首尔市中区七培路5号
"예매가능시간: 전일17시(월~토 관람 시)까지/전일 11시(일요일 관람 시)까지2026년 4월 14일(화) ~ 4월 19일(일)
화~금 8PM / 토 6PM / 일 5PM","预约时间：周一至周六参观截止至参观前一天下午 5 点 / 周日参观截止至参观前一天上午 11 点 2026 年 4 月 14 日（周二）至 2026 年 4 月 19 日（周日）

周二至周五 晚上 8 点 / 周六 下午 6 点 / 周日 下午 5 点"
2026 도원경 콘서트 ＇나의 꿈을 향해서＇,2026 Dowonkyung 演唱会“向着我的梦想”
노들섬 라이브하우스,诺德岛 Live House
서울 용산구 이촌동 302-146,首尔特别市龙山区二村洞302-146
예매가능시간: 전일17시(월~토 관람 시)까지/전일 11시(일요일 관람 시)까지2026년 04월 05일 일요일 16:00,预约截止时间为前一天下午 17:00（周一至周六）/ 前一天上午 11:00（周日）。2026 年 4 月 5 日，星期日，下午 16:00
2026 로열인문학 〈하루키가 사랑한 재즈〉,2026年皇家人文奖 <爵士乐 Haruki Loved>
"예매가능시간: 전일17시(월~토 관람 시)까지/전일 11시(일요일 관람 시)까지예매가능시간: 2026. 3. 27.(금) 17:00
공연시간: 2026.03.28.(토) 17:00","预订截止时间：周一至周六演出前一天17:00前预订 / 周日演出前一天11:00前预订

预订截止时间：2026年3月27日（周五）17:00

演出时间：2026年3月28日（周六）17:00"
2026 변진섭 전국투어 콘서트 변천사 시즌 2.5 : 시간여행 - 서울,2026 卞振燮全国巡回演唱会 Transformation Season 2.5：时光旅行 - 首尔
광운대학교 동해문화예술관 대극장,光云大学东海文化艺术中心大剧场
서울 노원구 광운로 21,首尔市芦原区光云路21号
예매가능시간: 전일17시(월~토 관람 시)까지/전일 11시(일요일 관람 시)까지2026년 04월 25일 (토) 오후 7시 30분,预约截止时间为前一天下午5:00（周一至周六）/上午11:00（周日）。2026年4月25日（周六）晚上7:30
2026 봄 안치환 콘서트,安致焕演唱会，2026年春季
연남스페이스,延南太空
서울특별시 마포구 성미산로22길 16(연남동),首尔特别市麻浦区城美山路22街16（延南洞）
예매가능시간: 전일17시(월~토 관람 시)까지/전일 11시(일요일 관람 시)까지- 2026년 04월 23일 (목) 19:00- 2026년 04월 24일 (금) 19:00,预约时间：周一至周六参观截止前一天17:00 / 周日参观截止前一天11:00 - 2026年4月23日（周四）19:00 - 2026年4月24日（周五）19:00
2026 서울파크뮤직페스티벌,2026年首尔公园音乐节
"올림픽공원 88잔디마당, 티켓링크 라이브 아레나",奥林匹克公园88号草坪球场，Ticketlink Live Arena
토요일 : 14:00 ~ 22:30 / 일요일 : 14:00 ~ 21:30,周六：14:00～22:30 / 周日：14:00～21:30
2026 성시경 팬미팅 ＂사월＂,2026年成始京粉丝见面会“四月”
예매가능시간: 전일17시(월~토 관람 시)까지/전일 11시(일요일 관람 시)까지- 공연시간: 2026년 4월 18일(토) 오후 4시,预约时间：周一至周六演出截止至演出前一天下午5点 / 周日演出截止至演出前一天上午11点 - 演出时间：2026年4月18日（周六）下午4点
2026 소통왕 말자쑈! - 서울,2026年传播之王马尔贾秀！ - 首尔
연세대학교 대강당,延世大学礼堂
서울특별시 서대문구 연세로 50 (신촌동),首尔特别市西大门区延世路50（新村洞）
예매가능시간: 전일17시(월~토 관람 시)까지/전일 11시(일요일 관람 시)까지-공연 : 2026년 4월 19일 (일) 13시,周一至周六演出可于演出前一天下午5点前预订，周日演出可于演出前一天上午11点前预订。演出时间：2026年4月19日（周日）下午1点
2026 어썸뮤직페스티벌,2026年精彩音乐节
난지한강공원,南芝汉港公园
서울특별시 마포구 한강난지로 162 (상암동),首尔特别市麻浦区汉江南地路162（上岩洞）
"예매가능시간: 전일17시(월~토 관람 시)까지/전일 11시(일요일 관람 시)까지2026년 04월 25일(토)
2026년 04월 26일(일)
11시 30분","预约截止时间为：周一至周六参观，请于参观前一天下午 17:00 前预约；周日参观，请于参观前一天上午 11:00 前预约。2026 年 4 月 25 日（周六）

2026 年 4 月 26 日（周日）

11:30"
2026 유리상자 콘서트 〈꽃을 든 상자〉,2026年玻璃盒音乐会<鲜花盒>
예매가능시간: 전일17시(월~토 관람 시)까지/전일 11시(일요일 관람 시)까지2026년 03월 28일 (토) 18:00,预约截止时间为前一天下午 17:00（周一至周六）/ 前一天上午 11:00（周日）。2026 年 3 月 28 日（周六）18:00
2026 이상웅 단독콘서트 〈입춘대길〉,2026 李相雄个人演唱会 <立春大吉>
KT&G 상상마당 홍대,KT&G 桑桑马当弘大
서울 마포구 어울마당로 65,首尔特别市麻浦区乙马堂路 65
예매가능시간: 전일17시(월~토 관람 시)까지/전일 11시(일요일 관람 시)까지2026.03.29 (일) 18:00,预约截止时间为前一天17:00（周一至周六）/ 前一天11:00（周日）。2026.03.29（周日）18:00
2026 정재욱 콘서트 일일찻집,2026年郑在旭演唱会一日茶馆
구름아래소극장,云下剧院
서울특별시 마포구 와우산로29가길 15 (서교동),首尔特别市麻浦区五山路29ga街15（西桥洞）
예매가능시간: 전일17시(월~토 관람 시)까지/전일 11시(일요일 관람 시)까지3월28일 토요일 오후 7:30,预约截止时间为前一天下午5点（周一至周六）/上午11点（周日）。3月28日星期六，晚上7:30
2026 팝페라테너 임형주 신춘독창회 Popera Sensation!,2026年流行歌剧男高音林亨柱春季独唱音乐会流行歌剧轰动！
영산아트홀,荣山美术馆
서울특별시 영등포구 여의공원로 101 (여의도동),首尔特别市永登浦区汝矣公园路101（汝矣岛洞）
예매가능시간: 전일17시(월~토 관람 시)까지/전일 11시(일요일 관람 시)까지-공연 : 2026년 4월 10일 금요일 19시 30분,预订截止时间为演出前一天下午 17:00（周一至周六演出）/上午 11:00（周日演出） - 演出：2026 年 4 月 10 日，星期五，晚上 19​​:30
2026 패닉 콘서트 〈PANIC IS COMING〉,2026 Panic 演唱会 <PANIC IS COMING>
"- 2026년 4월 16일 (목) 오후 7시30분
- 2026년 4월 17일 (금) 오후 7시30분
- 2026년 4월 18일 (토) 오후 5시
- 2026년 4월 19일 (일) 오후 5시

※ 예매 가능 시간: 공연 전일 17시까지","- 2026年4月16日（周四）晚上7:30

- 2026年4月17日（周五）晚上7:30

- 2026年4月18日（周六）下午5:00

- 2026年4月19日（周日）下午5:00

※ 演出门票预订截止时间为演出前一天下午5:00"
2026 EVERGLOW WORLD TOUR［RE:CODE］IN SEOUL,2026 EVERGLOW WORLD TOUR［RE:CODE］首尔站
NOL씨어터 합정 동양생명홀,NOL剧院合井东阳生命堂
서울 마포구 양화로 45,首尔市麻浦区杨花路45号
"예매가능시간: 전일17시(월~토 관람 시)까지/전일 11시(일요일 관람 시)까지3월 21일(토) 7PM
3월 22일(일) 6PM","周一至周六的预约截止时间为前一天下午 5 点，周日的预约截止时间为前一天上午 11 点。

3 月 21 日（周六）晚上 7 点

3 月 22 日（周日）下午 6 点"
2026 HA HYUN SANG Archive Live 〈New Boat〉,2026 HA HYUN SANG Archive Live 〈New Boat〉
"2026년 4월 3일(금) 8PM(KST)
2026년 4월 4일(토) 6PM(KST)
2026년 4월 5일(일) 5PM(KST)","2026年4月3日（星期五）晚上8点（韩国时间）

2026年4月4日（星期六）下午6点（韩国时间）

2026年4月5日（星期日）下午5点（韩国时间）"
2026 KIM SEONHO FANMEETING 〈LOVE FACTORY〉,2026 金宣虎粉丝见面会〈LOVE FACTORY〉
블루스퀘어 우리WON뱅킹홀,蓝色广场友利院银行大厅
"예매가능시간: 전일17시(월~토 관람 시)까지/전일 11시(일요일 관람 시)까지2026년 4월 11일(토) 18:00 (KST)
2026년 4월 12일(일) 16:00 (KST)","预约时间：周一至周六参观截止前一天17:00 / 周日参观截止前一天11:00 2026年4月11日（周六）18:00（韩国标准时间）

2026年4月12日（周日）16:00（韩国标准时间）"
2026 KISS OF LIFE ASIA FANMEETING TOUR 〈DEJA VU〉 IN SEOUL,2026 KISS OF LIFE 亚洲粉丝见面会巡回演唱会〈似曾相识〉首尔站
예매가능시간: 전일17시(월~토 관람 시)까지/전일 11시(일요일 관람 시)까지토 18시 / 일 17시,预约时间：周一至周六参观截止至前一天下午 17:00 / 周日参观截止至前一天上午 11:00 周六 18:00 / 周日 17:00
2026 LOVESOME - 조선미술관,2026 LOVESOME - 韩国艺术博物馆
연세대학교 노천극장,延世大学露天剧场
예매가능시간: 전일17시(월~토 관람 시)까지/전일 11시(일요일 관람 시)까지12:00 ~ 20:30,预约截止时间为前一天下午 17:00（周一至周六）/ 前一天上午 11:00（周日） 12:00 ~ 20:30
"2026 NOWZ FAN-CON 〈Run with me, NOW〉",2026 NOWZ FAN-CON 〈跟我一起奔跑吧，现在就来〉
명화라이브홀,明化现场音乐厅
서울특별시 영등포구 버드나루로 30 (영등포동2가),首尔市永登浦区Beodunaru路30（永登浦洞2街）
예매가능시간: 전일17시(월~토 관람 시)까지/전일 11시(일요일 관람 시)까지2026년 03월 28일 토요일 18:00,预约截止时间为前一天下午 17:00（周一至周六）/ 前一天上午 11:00（周日）。2026 年 3 月 28 日，星期六，18:00
2026 pH-1 Concert : HOUSE PARTY,2026 pH-1 音乐会：家庭派对
예매가능시간: 전일17시(월~토 관람 시)까지/전일 11시(일요일 관람 시)까지2026년 4월 18일(토) 5PM(KST),预约截止时间为：周一至周六参观截止时间为前一天下午5点，周日参观截止时间为前一天上午11点。2026年4月18日（周六）下午5点（韩国标准时间）
북극곰 예술여행,北极熊艺术之旅
북극곰소극장,北极熊剧院
서울특별시 종로구 이화장1길 24,首尔特别市钟路区梨花庄1街24
미래상상마술쇼,未来想象魔术表演
서울특별시 종로구 대학로 116,首尔特别市钟路区大学路116
피노키오야 노올자~!,我们来玩吧，匹诺曹！
서연아트홀,西延艺术馆
서울특별시 종로구 창경궁로 258,首尔特别市钟路区昌庆宫路 258
아기돼지 삼형제-늑대숲 또옹돼지 원정대,三只小猪——狼森林便便猪探险
라온씨어터,拉翁剧院
서울특별시 종로구 대학로10길 12 (동숭동) 3층,首尔市钟路区大学路10街12号3楼（东城洞）
반짝반짝 라푼젤,闪亮长发公主
오즈의 마법사,《绿野仙踪》
반짝반짝 인어공주,一闪一闪小美人鱼
뷰티풀 라이프,美好生活
JTN 아트홀,JTN艺术馆
서울특별시 종로구 이화장길 26,首尔特别市钟路区梨花庄路26
한뼘사이,相隔一拃
라온아트홀,拉翁艺术馆
서울특별시 종로구 대학로10길 11 (동숭동),首尔特别市钟路区大学路10街11（东崇洞）
썸데이,总有一天
서울특별시 종로구 이화장길 72,首尔特别市钟路区梨花庄路 72
죽여주는 이야기,一个杀手的故事
지인시어터,吉因剧院
서울특별시 종로구 동숭길 25,首尔特别市钟路区东盛街25
사내연애 보고서,办公室恋情报告
제나아트홀,耶拿艺术馆
"서울특별시 종로구 대학로10길 12 , 지하 1층",首尔特别市钟路区大学路10街12 B1
오 마이 갓,我的天啊
오마이갓,我的天啊
"서울특별시 종로구 동숭길 68 , 지하 1층",首尔特别市钟路区东城路68 B1
핫식스,热六
도토리씨어터,橡子剧院
서울특별시 종로구 대학로12길 63,首尔特别市钟路区大学路12街63
오백에 삼십,500人中排名第30
라면,拉面
해피씨어터,快乐剧院
서울특별시 종로구 대학로10길 5 (동숭동),首尔特别市钟路区大学路10街5（东崇洞）
써니텐,阳光十
JTN아트홀,JTN艺术馆
서울특별시 종로구 이화장길 26 JTN아트홀 1관,首尔特别市钟路区梨花庄路 26 JTN 艺术馆 1
쉬어매드니스,纯粹的疯狂
콘텐츠박스,内容框
서울특별시 종로구 동숭길 55,首尔特别市钟路区东盛街 55
너의 목소리가 들려,我能听到你的声音
과속스캔들,令人震惊的超速
나인진홀,九进堂
서울특별시 종로구 동숭길 47,首尔特别市钟路区东城街 47
701호,701房间
우리소극장,我们的小剧院
서울특별시 종로구 이화장길 86,首尔特别市钟路区梨花庄路86
나의 PS 파트너,我的PS伙伴
마루아트홀,丸美术馆
서울특별시 종로구 대학로8가길 30 (동숭동),首尔特别市钟路区大学路8街30（东崇洞）
히든퍼즐,隐藏谜题
코델아트홀,科德尔艺术馆
서울특별시 종로구 동숭길 78 (동숭동) 지하1층,首尔特别市钟路区东崇街78号B1
비누향기,肥皂香味
보물찾기,寻宝游戏
아트포레스트,艺术森林
"서울특별시 종로구 대학로12길 22 , 5층 아트포레스트",首尔市钟路区大学路12街22号艺术森林5楼
2호선 세입자,2号线租户
바탕골,巴坦戈尔
"서울특별시 종로구 대학로10길 5 , 5층",首尔特别市钟路区大学路10街5号5楼
어쩌다 보니,事情就这么发生了。
샤봉디씨어터,香波地剧院
서울특별시 종로구 창경궁로34길 24-6 (명륜2가),首尔特别市钟路区昌庆宫路34街24-6（明伦2街）
조각 : 사라진 기억,片段：遗失的记忆
댕로홀,大学路大厅
서울특별시 종로구 대학로12길 50 (동숭동),首尔特别市钟路区大学路12街50（东崇洞）
자취,痕迹
운빨로맨스,幸运罗曼史
컬쳐씨어터,文化剧场
서울특별시 종로구 대학로8가길 80,首尔特别市钟路区大学路8街80
남사친 여사친,男性朋友，女性朋友
세우아트센터,首尔艺术中心
서울특별시 종로구 대학로12길 49 (동숭동),首尔特别市钟路区大学路12街49（东崇洞）
아빠와 딸,父女
딜리버리,送货
아라아트홀,阿拉艺术馆
늘근도둑이야기,老贼的故事
라이어 1탄,骗子 第一部分
상명아트홀,相明艺术馆
서울특별시 종로구 동숭길 133 (동숭동),首尔特别市钟路区东崇街133（东崇洞）
기억의 숲,记忆森林
지즐소극장,智泉小剧场
서울특별시 종로구 성균관로4길 42 (명륜2가),首尔特别市钟路区成均馆路4街42（明伦2街）
남주를 부탁해,请照顾好男主角
스케치홀,素描厅
서울특별시 종로구 동숭길 145,首尔特别市钟路区东城街 145
스위치,转变
아스가르드 씨어터,阿斯加德剧院
서울특별시 종로구 동숭길 140,首尔特别市钟路区东城街 140
"어서 오세요, 휴남동 서점입니다",欢迎光临湖南洞书店。
서울특별시 종로구 대학로8가길 52,首尔特别市钟路区大学路8街52
불편한 편의점,不方便的便利店
올웨이즈씨어터,永远的剧院
서울특별시 종로구 대학로 132,首尔特别市钟路区大学路132
헝키쇼 : HUNKY SHOW,帅哥秀：帅哥秀
프리즌,监狱
에이치씨어터,H剧院
서울특별시 종로구 이화장길 54 (이화동),首尔特别市钟路区梨花庄路54（梨花洞）
뮤직드라마 청춘 : ON AIR,音乐剧青年：正在播出
님만헤민 게스트하우스,尼曼海明宾馆
아모르파티,爱命运
올래홀,奥勒·霍尔
"서울특별시 종로구 대학로10길 24 , 3층",首尔特别市钟路区大学路10街24 3楼
행오버,宿醉
정극장,正国剧场
서울특별시 종로구 대학로12길 69,首尔特别市钟路区大学路12街69
크리미널 시즌5,犯罪分子第五季
봄날아트홀,博姆纳尔艺术馆
서울특별시 종로구 동숭길 39,首尔特别市钟路区东城街39
크리미널 시즌4,犯罪分子 第四季
스폿라이트,聚光灯
서울특별시 종로구 대명1길 7,首尔特别市钟路区大明1街7
졸탄쇼,佐尔坦秀
시윤아트홀,思允艺术馆
서울특별시 종로구 대학로 116 (동숭동),首尔特别市钟路区大学路116（东城洞）
드립소년단,滴水男孩
시간을 파는 상점,时间销售商店
파랑씨어터,帕朗剧院
서울특별시 종로구 대학로8가길 36,首尔特别市钟路区大学路8街36
사춘기 메들리,青春期组曲
내일은 내일에게,从明天到明天
초록씨어터,绿色剧院
서울특별시 종로구 대학로 128(동숭동),首尔特别市钟路区大学路128（东城洞）
난타(NANTA) - 명동,NANTA - 明洞
명동 난타극장,明洞乱打剧场
"서울특별시 중구 명동길 26 , 유네스코회관 3층",首尔市中区明洞路26号联合国教科文组织大楼3楼
난타(NANTA) - 홍대,南塔 - 弘大
서울특별시 마포구 양화로16길 29,首尔特别市麻浦区杨花路16街29
페인터즈(광화문전용관),画家（光化门专属大厅）
광화문 전용관 경향아트힐,光化门专属厅庆乡艺术山
서울특별시 중구 정동길 3,首尔市中区正东街3号
점프,跳
명보아트홀 가온홀,明保艺术馆高恩厅
"서울특별시 중구 마른내로 47 , 명보아트홀 지하 3층",首尔市中区玛讷内路 47 明甫艺术馆 B3F
타이거릴리(가든파이브/김포/가산),虎百合（花园五/金浦/加山）
타이거릴리(가든파이브,虎百合（花园五）
"서울특별시 송파구 충민로 66 , 현대시티몰 가든파이브점 몰관 4층",首尔市松坡区忠民路66号，现代城市购物中心花园5号店，商场翼4楼
책읽는 미술관 3개 지점 이용권,雷丁艺术博物馆三家分馆通行证
책읽는미술관 대치본사,读书艺术博物馆大峙总部
"서울특별시 강남구 삼성로 212 , 은마상가 A블럭 306-1, 306-2 (대치동 316)",首尔市江南区三成路212号恩马购物中心A座306-1、306-2号（大峙洞316号）
궁궐야행 창경궁,昌庆宫夜游
창경궁,昌庆宫
서울특별시 종로구 이화동 연건동 창경궁로 185 창경궁,首尔钟路区梨花洞昌庆宫路 185 昌庆宫
궁궐야행 덕수궁,德寿宫夜游
덕수궁,德寿宫
서울특별시 중구 세종대로 99,首尔特别市中区世宗大路 99
국가대표궁궐 경복궁,景福宫，国家代表宫殿
경복궁,景福宫
서울특별시 종로구 사직로 161,首尔特别市钟路区社稷路 161
세계문화유산 창덕궁,昌德宫，世界遗产
창덕궁,昌德宫
서울특별시 종로구 율곡로 99,首尔特别市钟路区栗谷路 99
창덕궁 인문학산책,昌德宫人文步道
경복궁 인문학산책,景福宫人文步道
덕수궁 인문학산책,德寿宫人文漫步
경희궁 인문학산책,庆熙宫人文步道
경희궁,庆熙宫
서울특별시 종로구 새문안로 45,首尔特别市钟路区新文安路45
창경궁 인문학산책(야간),昌庆宫人文漫步（夜）
창경궁 여행,昌庆宫之旅
덕수궁 궁궐여행,德寿宫之旅
북촌투어,北村之旅
헌법재판소 정문 집결지 확인 필수,务必确认在宪法法院正门的集合地点。
"서울특별시 종로구 북촌로 15 , 헌법재판소",首尔市钟路区北村路15号，宪法法院
다시 꿈을 꾸는 북촌,北村，再次做梦
북촌,北村
"서울특별시 종로구 율곡로 지하 62 , 3호선 안국역 4번 출구 앞",首尔市钟路区栗谷路B62号，安国站（3号线）4号出口前。
경복궁 여행,景福宫之旅
서대문형무소 투어,西大门监狱之旅
서대문형무소역사관,西大门监狱历史博物馆
서울특별시 서대문구 통일로 251,首尔市西大门区统一路251号
국립중앙박물관 투어,韩国国立中央博物馆之旅
국립중앙박물관,韩国国立中央博物馆
서울특별시 용산구 서빙고동 용산동5가 서빙고로 137 국립중앙박물관,首尔特别市龙山区西冰库洞龙山洞5街西冰库路137号国立中央博物馆
국립고궁박물관 인문학산책,故宫博物院人文步道
고궁박물관,国立故宫博物院
서울특별시 종로구 효자로 12,首尔特别市钟路区孝子路12
선릉 인문학산책,雪陵人文漫步
선릉,雪亮
서울특별시 강남구 역삼1동 테헤란로 340 선릉,首尔市江南区驿三洞德黑兰路340号
서울역사박물관 인문학산책,首尔历史博物馆人文步道
서울역사박물관,首尔历史博物馆
서울특별시 종로구 사직동 신문로2가 새문안로 55 서울역사박물관,首尔特别市钟路区社稷洞新门路2街新门南路55号首尔历史博物馆
국립중앙박물관 인문학산책2,韩国国立中央博物馆人文步行2
국립중앙박물관 인문학산책1,韩国国立中央博物馆人文步道 1
낙산 이화마을 야행,骆山梨花村夜游
"낙산,이화마을",洛山，梨花村
서울특별시 종로구 종로 지하 302,首尔特别市钟路区钟路地铁302号
예술인의 마을 서촌,西村，艺术家之乡
서촌투어,西川之旅
정동투어,正东之旅
시청역 1번 출구 밖 집결지 확인 필수,务必确认市政厅站1号出口外的集合地点。
"서울특별시 중구 서소문로 지하 127 , 시청역 1번 출구 밖",首尔市中区西小门路127号，市政厅站1号出口外
정동 한바퀴,在贞洞附近散步
영등포 한강 요트투어 ＜탑요트코리아＞,永登浦汉江游艇之旅 <韩国顶级游艇>
탑요트코리아,韩国顶级游艇
"서울특별시 영등포구 여의동로 252 , 한강 파라다이스",首尔特别市永登浦区汝矣洞路 252 汉江乐园
영등포 한강 요트투어 ＜세일링파라다이스＞,永登浦汉江游艇之旅 <航海天堂>
세일링파라다이스,航海天堂
목동 종합사격장,木洞射击场
목동 실탄사격장,木洞实弹射击场
서울특별시 양천구 안양천로 939,首尔市阳川区安阳川路939号
플레이독스 애견동반카페 이용권,Playdogs 宠物友好咖啡馆代金券
플레이독스,玩狗
"서울특별시 광진구 능동로 163 , 지하 1층",首尔特别市广津区岭东路163 地下1层
클럽롤러힐,滚山俱乐部
서울특별시 동대문구 답십리로 209,首尔特别市东大门区踏十里路 209
흉터,瘢痕
씨어터 윤,尹剧院
서울특별시 마포구 와우산로 147-1,首尔特别市麻浦区五山路 147-1
개그스테이지,搞笑舞台
K-POP STAGE,K-POP舞台
서울특별시 마포구 와우산로21길 29,首尔特别市麻浦区五山路21街29
맥주 한잔 하실래요?,你想喝啤酒吗？
극장 더더더,剧院越来越
"서울특별시 중구 을지로38길 9-4 , 4층",首尔市中区乙支路38街9-4号4楼
코쿤쇼 : KOKOON SHOW,KOKOON SHOW
케이팝스테이지 K-POP STAGE,K-POP舞台
"서울특별시 마포구 와우산로21길 29 , 지하1층",首尔特别市麻浦区五山路21街29 B1
영시기,荣时基
성수소극장,圣洙小剧场
서울특별시 성동구 성덕정길 135,首尔市城东区圣德亭路135号
OPCI,OPCI
타임스퀘어 B1 GATE 11 밖,时代广场B1层11号门外
서울특별시 영등포구 영중로 15,首尔特别市永登浦区永中路15
"헤일리 티프먼, 일상을 그리다",海莉·蒂夫曼，《绘画日常生活》
마이아트뮤지엄 원그로브점,我的艺术博物馆一号格罗夫分馆
서울특별시 강서구 공항대로 165,首尔特别市江西区机场大路165
사랑의 단상 : Montage of Love,爱的反思：爱的蒙太奇
뚝섬미술관,纛岛艺术博物馆
서울특별시 성동구 성수1가2동 아차산로 뚝섬미술관,首尔市城东区圣水1街2洞纛岛美术馆
어린이 마술쇼(송도),儿童魔术表演（松岛）
미리내 마술극단 송도점,米里奈魔术团松岛分部
인천광역시 연수구 송도과학로16번길 33-4 D동 3층,仁川广域市延寿区松岛花路16街33-4 D栋3楼
어린이 마술쇼(수원),儿童魔术表演（水原）
매직앤조이,魔法与欢乐
경기도 수원시 영통구 광교중앙로 124 갤러리아백화점 10층,京畿道水原市灵通区广桥中央路124号Galleria百货商店10楼
일산 원마운트 펀웨이브,日山一号山 Funwave
펀웨이브,欢乐波
경기도 고양시 일산서구 한류월드로 300,京畿道高阳市一山西区韩流世界路300
하피랜드 찜질스파/워터파크,哈皮兰汗吉尔温泉/水上乐园
하피랜드,快乐乐园
경기도 화성시 팔탄면 시청로 888,京畿道华城市八滩面始青路888
디거앤레이스(일산),挖掘机和赛车（日山）
디거앤레이스 고양일산점,Digger & Race 高阳一山店
"경기도 고양시 일산서구 한류월드로 300 , 1층 1248호",京畿道高阳市一山西区韩流世界路300号1楼1248室
디거앤레이스(김포),挖掘机和赛车（金浦）
디거앤레이스 김포라베니체점,挖掘机与赛车金宝拉文尼斯分部
"경기도 김포시 태장로 802 , 1층 108호",京畿道金浦市太长路802号1楼108室
샌드라이빙(하남),沙地驾驶（哈南）
샌드라이빙 하남점,沙路哈南支线
"경기도 하남시 미사강변중앙로 223 , 111호, 112호",京畿道河南市美寺江边中央路111、112、223室
슬라라 인스파이어점,Slara Inspire
"인천광역시 중구 공항문화로 127 , 인스파이어 엔터테인먼트 리조트 1층",仁川市中区公航文化路127号，Inspire娱乐度假村1楼
플레이월드(용인),Play World（龙仁）
플레이월드 용인점,Play World 龙仁分店
"경기도 용인시 기흥구 중부대로 184 , 힉스유타워 상가동 B181호",京畿道龙仁市器兴区中部大路184号希克斯U塔商业楼B181室
플레이월드(다산),Playworld（大山）
플레이월드 다산점,Play World 大山分店
경기도 남양주시 다산중앙로123번길 22,京畿道南杨州市茶山中央路123街22
플레이월드(미사),Playworld（Misa）
플레이월드 미사점,游玩世界 米萨分部
경기도 하남시 미사강변동로 73 12층,京畿道河南市美沙江边洞路73号12楼
플레이월드(파주),Play World（坡州）
플레이월드 파주점,Play World 坡州分店
경기도 파주시 문발로 233,京畿道坡州市文八路233
플레이월드(부천),Play World（富川）
플레이월드 부천점,Play World 富川分店
경기도 부천시 원미구 신흥로 150,京畿道富川市远美区新兴路150
오산 오마이쥬 키즈파크,乌山Oh My Zoo儿童公园
경기도 오산시 경기대로632번길 89 오마이쥬,京畿道乌山市京畿大路632街89 吴美珠
양평 양떼목장,杨平绵羊牧场
경기도 양평군 용문면 은고갯길 112,京畿道杨平郡龙门面恩高街112
청라 국제 롤러스케이트장,清罗国际轮滑场
국제롤러스케이트장,国际轮滑场
"인천광역시 서구 청라에메랄드로 99 , 지젤엠 건물 A동 3층",仁川市西区清罗翡翠路99号Giselle M大厦A座3楼
인천 롤러스타 롤러스케이트장,仁川滚轴明星溜冰场
롤러스타 롤러스케이트장,滚轴之星溜冰场
"인천광역시 연수구 벚꽃로 106 , 연수광장프라자 7층",仁川市延寿区碧阁路106号延寿广场7楼
덕포진교육박물관,德浦津教育博物馆
경기도 김포시 대곶면 덕포진로103번길 90,京畿道金浦市大串面德浦津路103街90
크로마 인도어 풀파티 MISTIQUE (인천),Chroma室内泳池派对 MISTIQUE（仁川）
클럽크로마,Club Chroma
인천광역시 중구 영종해안남로321번길 186,仁川广域市中区永宗海岸路321街186
곤지암리조트 렌탈샵 BOSS,昆池岩度假村租赁店老板
글라이더스 왕산(인천),滑翔机王山（仁川）
글라이더스 왕산,旺山滑翔机
인천광역시 중구 왕산로35번길 8 글라이더스 왕산,仁川广域市中区旺山路 35 号路 8 旺山滑翔机
화성 요트투어 ＜한진요트 영국재즈요트＞,华城游艇之旅 <韩进游艇英国爵士游艇>
한진요트 영국재즈요트,韩进游艇 英国爵士游艇
"경기도 화성시 서신면 해안길 468-5 , 제부마리나 D16, D18","京畿道华城市西新面海岸路468-5, 济釜码头D16, D18"
플라잉 수원,水原飞翔
경기도 수원시 팔달구 경수대로 697,京畿道水原市八达区京水大路697
가평탑랜드 번지점프,加平高地蹦极
가평탑랜드,加平高原
"경기도 가평군 가평읍 북한강변로 1044-15 , 가평탑랜드",京畿道加平郡加平邑北江边路1044-15号，加平高原
테일45 반려견운동장 이용권,Tail45 狗公园通行证
테일45,尾部 45
경기도 용인시 기흥구 고매로43번길 47,京畿道龙仁市器兴区古前路43街47
도자기공방숲,陶艺工作室森林
"경기도 동두천시 동두천로 7 , 1층",京畿道东豆川市东豆川路7号1楼
스탠드업 코미디(광교),单口喜剧（光教）
세상 끝의 카페(용인),世界尽头的咖啡馆（龙仁）
디아나아트홀,戴安娜艺术馆
경기도 용인시 처인구 남사읍 천덕산로111번길 16,京畿道龙仁市处仁区南沙邑天德山路111街16
스탠드업 코미디(송도),单口喜剧（松岛）
송도 메가박스,松岛巨型盒子
"인천광역시 연수구 송도과학로16번길 33-4 , 트리플스트리트 D동 2층",仁川市延寿区松岛花路16号街33-4号三重街D栋2楼
코미디 매직쇼(송도),喜剧魔术表演（松岛）
코미디 매직쇼(수원),喜剧魔术表演（水原）
빛의 화가 베르메르의 비밀 레플리카전,光之画家维米尔的秘密：复制品展览
성남아트센터,城南艺术中心
경기도 성남시 분당구 성남대로 808 (야탑동),京畿道城南市盆塘区城南大路808（一塔洞）
레노부르크뮤지엄 ＜GLEAM:E 빛나＞(부천),列诺堡博物馆 <GLEAM:E Bitna>（富川）
레노부르크뮤지엄,莱诺堡博物馆
경기도 부천시 오정구 신흥로511번길 180,京畿道富川市梧井区新兴路511街180
"레노부르크뮤지엄 ＜빛을 찾았,나＞(부천)",列诺堡博物馆《我找到了光》（富川）
홍성남당항 새조개축제,洪城南堂港冲浪蛤蜊节
충청남도 홍성군,忠清南道洪城郡
충청남도 홍성군 홍북읍 상하리 산 1-2,忠清南道洪城郡洪北邑上下里山1-2
구례산수유꽃축제,求礼山苏玉花节
전라남도 구례군,全罗南道求礼郡
전라남도 구례군 토지면 문수리 산 17,全罗南道求礼郡东地面文殊里山17
서천 동백꽃 주꾸미 축제,瑞川山茶花章鱼节
충청남도 서천군,忠清南道瑞川郡
충청남도 서천군 마서면 금강로 1210,忠清南道瑞川郡马西面金刚路1210号
양평 단월 고로쇠축제,杨平檀月五老节
경기도 양평군,京畿道杨平郡
경기도 양평군 양서면 양수리,京畿道杨平郡阳西面阳水里
논산딸기축제,论山草莓节
충청남도 논산시,忠清南道论山市
충청남도 논산시 벌곡면 황룡재로 480-113,忠清南道论山市法谷面皇龙斋路480-113
경주 대릉원돌담길 축제,庆州大陵苑石墙路节
경상북도 경주시,庆尚北道庆州市
경북 경주시 보문로 544,庆尚北道庆州市普门路 544
고령 대가야축제,高灵大伽耶节
경상북도 고령군,庆尚北道高灵郡
경상북도 고령군 다산면 좌학리 969,庆尚北道高灵郡茶山面佐学里969
진해군항제,镇海海军港节
경상남도 창원시,庆尚南道昌原市
경상남도 창원시 마산합포구 구산면 로봇랜드로 250,庆尚南道昌原市马山八浦区九山面机器人乐园路250
여수 영취산 진달래축제,丽水永翠山杜鹃花节
전라남도 여수시,全罗南道丽水市
전라남도 여수시 수정동,全罗南道丽水市水井洞
옥천묘목축제,沃川树苗节
충청북도 옥천군,忠清北道沃川郡
충북 옥천군 군북면 방아실길 255,忠清北道沃川郡军北面方阿西路255号
이천백사 산수유꽃축제,利川白沙山水花节
경기도 이천시,京畿道利川市
경기도 이천시 모가면 사실로 984,京畿道利川市毛甲面沙一路984
서귀포유채꽃축제,西归浦油菜花节
제주특별자치도 서귀포시,济州特别自治道西归浦市
제주특별자치도 서귀포시 서홍동 818-2,济州特别自治道西归浦市西弘洞818-2号
양평산수유한우축제,杨平山水柳韩牛节
영암왕인문화축제,灵岩王仁文化节
전라남도 영암군,全罗南道灵岩郡
전라남도 영암군 영암읍 개신리 산 89-2,全罗南道灵岩郡灵岩邑开新里89-2
기지시줄다리기 축제,吉吉西拔河节
충청남도 당진시,忠清南道唐津市
충청남도 당진시 석문면 왜목길 15-5,忠清南道唐津市石门面倭木路15-5
서울스프링페스티벌,首尔春节
서울 영등포구,首尔市永登浦区
서울특별시 영등포구 여의도동,首尔特别市永登浦区汝矣岛洞
의령 홍의장군 축제,义宁将军弘贵节
경상남도 의령군,庆尚南道宜宁郡
경남 의령군 대의면 신전리 산 17,庆尚南道宜宁郡大宜面新田里山17
진도신비의바닷길축제,珍岛神秘海路节
전라남도 진도군,全罗南道珍岛郡
전라남도 진도군 의신면 운림산방로 315,全罗南道珍岛郡义新面云林山房路315
단종문화제,丹戎文化节
강원특별자치도 영월군,江原道灵越郡
강원특별자치도 영월군 영월읍 영흥리 154-3,江原道永月郡永月邑永兴里154-3
양평 용문산 산나물축제,杨平龙门山野生蔬菜节
이천도자기축제,利川陶瓷节
함평나비대축제,咸平蝴蝶节
전라남도 함평군,全罗南道咸平郡
전라남도 함평군 함평읍 석성리 523-1,全罗南道咸平郡咸平邑石城里523-1
아산 성웅 이순신축제,牙山李舜臣大将节
충청남도 아산시,忠清南道牙山市
충청남도 아산시 선장면 도고온천로 176-1,忠清南道牙山市善场面道勋川路176-1
춘향제,春香节
전북특별자치도 남원시,全罗北特别自治道南原市
전북특별자치도 남원시 요천로 1447,全北特别自治道南原市耀天路1447号
담양 대나무축제,潭阳竹节
전라남도 담양군,全罗南道潭阳郡
전라남도 담양군 담양읍 향교리 산 44,全罗南道潭阳郡潭阳邑乡校里山44
문경찻사발축제,闻庆茶碗节
경상북도 문경시,庆尚北道闻庆市
경상북도 문경시 문경읍 새재로 932,庆尚北道闻庆市闻庆邑新才路 932
보성다향대축제,宝城大洋节
전라남도 보성군,全罗南道宝城郡
전라남도 보성군 보성읍 녹차로 763-67,全罗南道宝城郡宝城邑绿茶路763-67
서울국제정원박람회,首尔国际园艺博览会
서울 성동구,首尔市城东区
서울 성동구 성수동2가 276-5,首尔特别市城东区圣水洞2街276-5
울산옹기축제,蔚山翁基节
울산 울주군,蔚山蔚州郡
울산광역시 울주군 서생면 진하해변길 51,蔚山广域市蔚州郡西生面镇河海滨路51
하동야생차문화축제,河东野生茶文化节
경상남도 하동군,庆尚南道河东郡
경상남도 하동군 악양면 평사리길 66-7,庆尚南道河东郡安阳面平沙里路66-7
부안마실축제,布安马西尔节
전북특별자치도 부안군,全罗北特别自治道扶安郡
전북특별자치도 부안군 변산면 격포리 301-1,全北特别自治道扶安郡边山面革浦里301-1
어린이·가족 예술축제 <톡톡>,儿童及家庭艺术节 <Tok Tok>
서울 양천구,首尔市阳川区
서울특별시 양천구 신정동 1068,首尔市阳川区新井洞1068号
연천구석기축제,延川旧石器时代节
경기도 연천군,京畿道延川郡
경기도 연천군 연천읍 부곡리 산 235,京畿道涟川郡涟川邑富谷里235
영주 한국선비문화축제,荣州韩国学者文化节
경상북도 영주시,庆尚北道荣州市
경상북도 영주시 순흥면 소백로 2740,庆尚北道荣州市顺兴面小白路2740
밀양아리랑대축제,密阳阿里郎节
경상남도 밀양시,庆尚南道密阳市
경상남도 밀양시 중앙로 324,庆尚南道密阳市中央路324
해운대 모래축제,海云台沙节
부산 해운대구,釜山海云台区
부산광역시 해운대구 우동,釜山广域市海云台区佑洞
연등회,元宵节
서울 종로구,首尔市钟路区
화성 뱃놀이 축제,华城船节
경기도 화성시,京畿道华城市
경기도 화성시 만세구 서신면 제부리,京畿道华城市万世区西新面济武里
영주 소백산 철쭉제,荣州小白山杜鹃花节
춘천마임축제,春川哑剧节
강원특별자치도 춘천시,江原道春川市
강원특별자치도 춘천시 남산면 남이섬길 1,江原道春川市南山面南怡岛路1
음성품바축제,阴城蓬巴节
충청북도 음성군,忠清北道阴城郡
충청북도 음성군 금왕읍 백야로 461-97,忠清北道阴城郡金王邑白家路 461-97
광안리어방축제,广安里御邦节
부산 수영구,釜山水营区
부산광역시 수영구 광안해변로 219,釜山广域市水营区广安海滨路219
한산모시문화제,汉山苎米文化节
울산태화강마두희축제,蔚山太化江马杜熙节
울산 중구,蔚山中区
울산광역시 중구 태화동 107,蔚山广域市中区太化洞107
대구치맥페스티벌,大邱鸡肉啤酒节
대구 달서구,大邱市达西区
대구광역시 달서구 두류공원로 200,大邱市达西区头流公园路200号
보령머드축제,保宁泥浆节
충청남도 보령시,忠清南道保宁市
충남 보령시 머드로 123,忠清南道保宁市 Mudro 123
정남진 장흥 물축제,正南津长兴送水节
전라남도 장흥군,全罗南道长兴郡
전라남도 장흥군 장흥읍 우드랜드길 180,全罗南道长兴郡长兴邑林地街 180
통영한산대첩축제,统营韩山战斗节
경상남도 통영시,庆尚南道统营市
경상남도 통영시 발개로 205,庆尚南道统营市发芽路205
무주반딧불축제,茂朱萤火虫节
전북특별자치도 무주군,全罗北特别自治道茂朱郡
전북특별자치도 무주군 설천면 만선로 185,全罗北特别自治道茂州郡雪川面万善路185号
평창효석문화제,平昌孝石文化节
강원특별자치도 평창군,江原道平昌郡
강원특별자치도 평창군 대관령면 올림픽로 715,江原道平昌郡大关岭面奥林匹克路715号
장수한우랑사과랑축제,长寿韩牛和苹果节
전북특별자치도 장수군,全北特别自治道长寿郡
전북특별자치도 장수군 번암면 방화동로 778,全北特别自治道长寿郡北岩面芳华洞路778号
부천국제만화축제,富川国际漫画节
경기도 부천시,京畿道富川市
경기도 부천시 원미구 조마루로 2,京畿道富川市远美区卓丸路2
진안홍삼축제,济南红参节
전북특별자치도 진안군,全罗北特别自治道济南郡
전북특별자치도 진안군 마령면 동촌리 산 18,全北特别自治道镇安郡马岭面东村里山18
안동국제탈춤페스티벌,安东国际面具舞节
경상북도 안동시,庆尚北道安东市
경상북도 안동시 풍천면 하회리 1176-1,庆尚北道安东市丰川面河回里1176-1
김제지평선축제,吉姆杰地平线音乐节
전북특별자치도 김제시,全罗北特别自治道金堤市
전북특별자치도 김제시 부량면 벽골제로 442,全北特别自治道金堤市布里扬面碧谷路442号
정선아리랑제,旌善阿里郎节
강원특별자치도 정선군,江原道旌善郡
강원특별자치도 정선군 사북읍 하이원길 265,江原道旌善郡沙北邑High1街265
천안흥타령춤축제,天安兴太岭舞蹈节
충청남도 천안시,忠清南道天安市
충청남도 천안시 동남구 성남면 소노로 1,忠清南道天安市东南区城南面索诺罗1
금산세계인삼축제,金山世界人参节
충청남도 금산군,忠清南道锦山郡
충청남도 금산군 제원면 천내리 168-5,忠清南道锦山郡济元面天内里168-5
부평풍물대축제,富平风物节
인천 부평구,仁川富平区
인천광역시 부평구 광장로 6,仁川广域市富平区广藏路 6
산청한방약초축제,山清草药节
경상남도 산청군,庆尚南道山清郡
경상남도 산청군 금서면 동의보감로555번길 45-6,庆尚南道山清郡金西面东医宝岩路555号街45-6
안성맞춤 남사당 바우덕이축제,安城玛楚姆南萨当巴德奥吉节
경기도 안성시,京畿道安城市
경기도 안성시 공도읍 대신두길 28,京畿道安城市工岛邑大新都路28
수원화성문화제,水原华城文化节
경기도 수원시,水原市，京畿道
경기도 수원시 장안구 영화동 320-2,京畿道水原市长安区莲花洞320-2
광주 추억의 충장축제,光州忠将节的回忆
광주 동구,光州东区
광주광역시 동구 금남로1가 12-7,光州广域市东区金南路1街12-7
임실N치즈축제,伊姆西尔奶酪节
전북특별자치도 임실군,全罗北特别自治道临实郡
전북특별자치도 임실군 성수면 도인2길 50,全罗北特别自治道临实郡圣水面道仁2街50号
세종한글축제,世宗韩文节
세종특별자치시 세종시,世宗特别自治市
세종특별자치시 합강동,世宗特别自治市合江洞
고창모양성제,高敞莫阳城节
전북특별자치도 고창군,全罗北特别自治道高敞郡
전북특별자치도 고창군 상하면 상하농원길 23,全北特别自治道高敞郡上河面上河农院路23号
강동선사문화축제,江东史前文化节
서울 강동구,首尔市江东区
서울특별시 강동구 암사동 138,首尔市江东区岩寺洞138号
동래읍성역사축제,东莱邑城历史节
부산 동래구,釜山东莱区
부산광역시 동래구 온천장로107번길 32,釜山广域市东莱区温泉场路107街32
목포항구축제,木浦港节庆
전라남도 목포시,全罗南道木浦市
전라남도 목포시 해양대학로 240,全罗南道木浦市海洋大学路240
순창장류축제,顺昌长流节
전북특별자치도 순창군,全罗北特别自治道淳昌郡
전북특별자치도 순창군 팔덕면 청계리 981,全罗北特别自治道淳昌郡八德面清溪里981号
사천에어쇼,泗川航空展
경상남도 사천시,庆尚南道泗川市
경상남도 사천시 사천대로 18,庆尚南道泗川市泗川大路18
광주김치축제,光州泡菜节
광주 서구,光州西区
광주광역시 서구 쌍촌동 869-9,光州广域市西区双村洞 869-9
김천김밥축제,金泉紫菜包节
경상북도 김천시,庆尚北道金泉市
경상북도 김천시 교동 820-2,庆尚北道金泉市校洞 820-2
서귀포칠십리축제,西归浦七星里节
여주오곡나루축제,汝州奥戈克纳鲁节
경기도 여주시,京畿道骊州市
경기도 여주시 산북면 금품1로 177,京畿道骊州市山北面金浦1路177
구미라면 축제,龟美拉面节
경상북도 구미시,庆尚北道龟尾市
경상북도 구미시 남통동 산 33,庆尚北道龟尾市南通洞山33
포항국제불빛축제,浦项国际灯光节
경상북도 포항시,庆尚北道浦项市
경상북도 포항시 남구 호미곶면 대보리,庆尚北道浦项市南区虎尾面大宝里
고창 벚꽃축제,高敞樱花节
여주도자기축제,骊州陶瓷节
경기 여주시 산북면 금품1로 177,京畿道骊州市山北面金浦1路177
스카이워커스 vs 점보스,天行者对战巨无霸
천안유관순체육관,天安裕冠顺体育馆
충남 천안시 서북구 번영로 208,忠清南道天安市西北区法宁路208
VIXTORM vs 스타즈,VIXTORM 对阵 Stars
수원체육관,水原体育馆
경기 수원시 장안구 경수대로 893,京畿道水原市长安区京水大路893
GS칼텍스 서울KIXX vs 힐스테이트,GS Caltex Seoul KIXX 对阵 Hillstate
수원 KT vs 원주 DB,水原KT vs 原州DB
수원 KT 소닉붐 아레나,水原KT Sonicboom竞技场
경기 수원시 권선구 서수원로577번길 171,京畿道水原市权善区西水原路577街171
LG vs 삼성,LG 对比三星
경희대 선승관,庆熙大学宣胜楼
경기 용인시 기흥구 덕영대로 1732 ...,京畿道龙仁市器兴区德庆大路1732 ...
현대모비스 vs 정관장,现代摩比斯 vs. Cheong Kwan Jang
고양 소노 vs 부산 KCC,高阳园子对阵釜山KCC
고양소노아레나,高阳市的Sono Arena
경기 고양시 일산서구 중앙로 1601,京畿道高阳市一山西区中央路1601
수원 KT vs 대구 한국가스공사,水原 KT vs 大邱韩国天然气公司
고양 소노 vs 울산 현대모비스,高阳索诺 vs 蔚山现代摩比斯
부산 KCC vs 서울 삼성,釜山KCC对阵首尔三星
부산사직,釜山社稷
부산광역시,釜山广域市
안양 정관장 vs 수원 KT,安阳正官将 vs. 水原 KT
안양 정관장 아레나,安养青馆体育馆
경기 안양시 동안구 평촌대로 389,京畿道安阳市东安区坪村大路389
원주 DB vs 대구 한국가스공사,原州 DB vs 大邱韩国天然气公司
원주DB프로미아레나,原州DB Promy Arena
강원 원주시 서원대로 281,"281 Seowon-daero, 原州市, 江原道"
서울 삼성 vs 울산 현대모비스,首尔三星 vs 蔚山现代摩比斯
잠실실내체육관,蚕室室内体育馆
서울 송파구 잠실2동 잠실동 백제고분로 잠실체육관,首尔特别市松坡区蚕室洞百济古分路蚕室体育馆
원주 DB vs 안양 정관장,原州DB vs 安阳郑官章历史战绩
서울 SK vs 고양 소노,首尔SK对阵高阳Sono
잠실학생체육관,蚕室学生体育馆
서울특별시 송파구 올림픽로 25,首尔特别市松坡区奥林匹克路25
KT vs 미정,KT 对阵 TBD
상무 vs 미정,桑姆对阵待定
대구 한국가스공사 vs 창원 LG,大邱韩国燃气公司诉昌原LG
대구실내체육관,大邱室内体育馆
대구 북구 대구체육관로 39,大邱广域市北区大邱车游关路 39
부산 KCC vs 수원 KT,釜山KCC vs 水原KT
울산 현대모비스 vs 서울 SK,蔚山现代摩比斯 vs 首尔SK
울산동천체육관,蔚山东川体育馆
울산광역시 중구 염포로 85,蔚山广域市中区盐浦路 85
고양 소노 vs 원주 DB,高阳园子 vs. 元州DB
서울 삼성 vs 안양 정관장,首尔三星 vs 安阳正官将
창원 LG vs 서울 SK,昌原LG对阵首尔SK
창원체육관,昌原体育馆
경남 창원시 성산구 원이대로 450,庆尚南道昌原市城山区元大路450
대구 한국가스공사 vs 부산 KCC,大邱韩国燃气公司诉釜山KCC
서울 삼성 vs 수원 KT,首尔三星队对阵水原KT队
울산 현대모비스 vs 원주 DB,蔚山现代摩比斯 vs. 原州 DB
안양 정관장 vs 창원 LG,安阳正官将 vs. 昌原LG
부산 KCC vs 서울 SK,釜山KCC对阵首尔SK
미정 vs 미정,未决定 vs. 未决定
대구 한국가스공사 vs 고양 소노,大邱韩国天然气公司 VS 高阳园
수원 KT vs 창원 LG,水原KT队对阵昌原LG队
안양 정관장 vs 울산 현대모비스,安阳正官将 vs 蔚山现代摩比斯
원주 DB vs 서울 삼성,原州DB对阵首尔三星
서울 SK vs 대구 한국가스공사,首尔SK对阵大邱韩国天然气公司
창원 LG vs 부산 KCC,昌原LG对阵釜山KCC
고양 소노 vs 안양 정관장,高阳园 vs. 安阳正官将
수원 KT vs 울산 현대모비스,水原KT vs 蔚山现代摩比斯
서울 SK vs 서울 삼성,首尔SK对阵首尔三星
울산 현대모비스 vs 창원 LG,蔚山现代摩比斯 vs 昌原 LG
수원 KT vs 고양 소노,水原KT vs 高阳Sono
안양 정관장 vs 서울 SK,安阳正官将 vs 首尔SK
부산 KCC vs 원주 DB,釜山KCC vs 原州DB
서울 삼성 vs 대구 한국가스공사,首尔三星诉大邱韩国燃气公司
KT vs LG,KT 对阵 LG
서울종합운동장 잠실야구장,首尔体育中心蚕室棒球场
서울특별시 송파구 올림픽로 19-2 서울종합운동장,首尔体育中心，首尔市松坡区奥林匹克路19-2号
KIA vs SSG,起亚对阵SSG
인천SSG랜더스필드,仁川SSG着陆器场
인천광역시 미추홀구 매소홀로 618,仁川市弥楚河区梅索霍尔路618号
롯데 vs 삼성,乐天 vs 三星
대구삼성라이온즈파크,大邱三星狮子园
대구광역시 수성구 야구전설로 1 대구삼성라이온즈파크,大邱三星狮子公园，大邱市寿城区棒球传奇路1号
두산 vs NC,斗山对阵NC
창원NC파크,昌原NC公园
경상남도 창원시 마산회원구 삼호로 63,庆尚南道昌原市马山会院区三湖路63
키움 vs 한화,Kiwoom 对阵 Hanwha
한화생명 이글스 파크,韩华生命老鹰公园
대전광역시 중구 대종로 373,大田广域市中区大宗路373
KIA vs LG,起亚对比LG
키움 vs SSG,Kiwoom 对阵 SSG
두산 vs 삼성,斗山对三星
롯데 vs NC,乐天对阵NC
KT vs 한화,KT 对阵 韩华
한화 vs 두산,韩华对斗山
SSG vs 롯데,SSG 对阵 乐天
부산사직종합운동장사직야구장,釜山社稷体育中心社稷棒球场
부산광역시 동래구 사직로 55-32,釜山广域市东莱区社稷路55-32
삼성 vs KT,三星 vs KT
수원 KT 위즈 파크,水原KT Wiz Park
경기도 수원시 장안구 경수대로 893 수원종합운동장(주경기장),京畿道水原市长安区京水大路893 水原综合体育场(主体育场)
NC vs KIA,NC 对阵 KIA
광주-기아 챔피언스 필드,光州-起亚冠军赛场
광주광역시 북구 서림로 10 무등종합경기장,光州广域市北区西林路10号无等综合运动场
LG vs 키움,LG 对阵 Kiwoom
고척스카이돔,高尺巨蛋
서울특별시 구로구 경인로 430 (고척동),首尔特别市九老区京仁路430（高尺洞）
키움 vs 두산,Kiwoom 对阵 Doosan
한화 vs SSG,韩华队对阵SSG队
KT vs 롯데,KT 对阵 乐天
LG vs NC,LG 对阵 NC
삼성 vs KIA,三星 vs 起亚
SSG vs LG,SSG 对阵 LG
NC vs 삼성,NC 对比三星
두산 vs KT,斗山对战KT
롯데 vs 키움,乐天 vs. Kiwoom
KIA vs 한화,起亚对韩华
롯데 vs LG,乐天 vs LG
두산 vs SSG,斗山对阵SSG
KT vs NC,KT 对阵 NC
키움 vs KIA,Kiwoom 对阵 KIA
삼성 vs 한화,三星对韩华
KIA vs 두산,起亚 vs 斗山
한화 vs 롯데,韩华对乐天
SSG vs NC,SSG 对阵 NC
키움 vs KT,Kiwoom 对阵 KT
한화 vs LG,韩华 vs LG
두산 vs 롯데,斗山对乐天
SSG vs 삼성,SSG 对阵三星
KIA vs KT,起亚 vs KT
NC vs 키움,NC 对阵 Kiwoom
LG vs 두산,LG 对阵 斗山
KT vs SSG,KT 对阵 SSG
롯데 vs KIA,乐天 vs 起亚
삼성 vs 키움,三星 vs. Kiwoom
NC vs 한화,NC 对阵韩华
삼성 vs 두산,三星 vs. 斗山
키움 vs 롯데,Kiwoom 对阵 乐天
KIA vs NC,KIA 对阵 NC
LG vs KT,LG 对阵 KT
SSG vs 한화,SSG 对阵 韩华
NC vs LG,NC 对阵 LG
롯데 vs SSG,乐天对阵SSG
한화 vs 삼성,韩华 vs 三星
KT vs KIA,KT 对阵 KIA
두산 vs 키움,斗山 vs. Kiwoom
두산 vs LG,斗山对战LG
NC vs SSG,NC 对阵 SSG
키움 vs 삼성,Kiwoom 对阵三星
롯데 vs KT,乐天对战KT
한화 vs KIA,韩华 vs 起亚
SSG vs 두산,SSG 对阵斗山
KIA vs 롯데,起亚对阵乐天
삼성 vs NC,三星对比NC
KT vs 키움,KT 对阵 Kiwoom
LG vs 한화,LG 对阵 韩华
삼성 vs LG,三星对比LG
NC vs 롯데,NC 对阵 乐天
SSG vs KT,SSG 对阵 KT
두산 vs KIA,斗山 vs 起亚
한화 vs 키움,韩华 vs Kiwoom
롯데 vs 두산,乐天对斗山
LG vs SSG,LG 对阵 SSG
KIA vs 삼성,起亚对比三星
키움 vs NC,Kiwoom 对阵 NC
한화 vs KT,韩华对阵KT
NC vs 두산,NC 对阵 斗山
KT vs 삼성,KT vs 三星
LG vs KIA,LG 对比 KIA
SSG vs 키움,SSG 对阵 Kiwoom
롯데 vs 한화,乐天对韩华
키움 vs LG,Kiwoom 对阵 LG
삼성 vs 롯데,三星 vs. 乐天
NC vs KT,NC 对阵 KT
SSG vs KIA,SSG 对阵 KIA
두산 vs 한화,斗山对韩华
KT vs 두산,KT 对阵 斗山
삼성 vs SSG,三星 vs. SSG
LG vs 롯데,LG 对阵 乐天
한화 vs NC,韩华对阵NC
KIA vs 키움,起亚汽车 vs Kiwoom
부산시설공단 vs 경남개발공사,釜山设施公社诉庆南开发公社
부산 기장체육관,釜山机张体育馆
부산 기장군 기장읍 기장대로 650,釜山广域市机张郡机张邑机张大路 650
인천광역시청 vs 서울시청,仁川市政府 vs. 首尔市政府
삼척시청 vs 대구광역시청,三陟市政府 vs. 大邱广域市政府
광주도시공사 vs SK슈가글라이더즈,光州市政府诉SK蜜袋鼯公司
하남시청 vs SK호크스,哈南市政厅队对阵SK老鹰队
부산시설공단 vs 서울시청,釜山设施公社诉首尔市政府
상무 피닉스 vs 충남도청,尚武凤凰诉忠南道政府
경남개발공사 vs 인천광역시청,庆南开发公社诉仁川市政府
인천도시공사 vs 두산,仁川都市开发公社诉斗山
SK슈가글라이더즈 vs 삼척시청,SK蜜袋鼯队对阵三陟市政府队
광주도시공사 vs 대구광역시청,光州市公团诉大邱广域市政府
상무 피닉스 vs 인천도시공사,尚武凤凰诉仁川都市开发公司
삼척 시민체육관,三陟市民体育馆
강원 삼척시 뒷나루길 153,江原道三陟市德温纳鲁吉尔街153号
충남도청 vs SK호크스,忠清南道政府诉SK Hawks
하남시청 vs 두산,河南市政府诉斗山
SK슈가글라이더즈 vs 대구광역시청,SK蜜袋鼯队对阵大邱广域市政府队
인천광역시청 vs 부산시설공단,仁川市政府诉釜山设施管理公司
서울시청 vs 경남개발공사,首尔市政府诉庆南开发公司
삼척시청 vs 광주도시공사,三陟市政府诉光州都市开发公司
두산 vs 상무 피닉스,斗山对战尚武凤凰
인천도시공사 vs SK호크스,仁川都市开发公社诉SK Hawks
충남도청 vs 하남시청,忠清南道政府诉河南市政府
삼척시청 vs 경남개발공사,三陟市政府诉庆南开发公司
부산시설공단 vs SK슈가글라이더즈,釜山设施公司诉SK蜜袋鼯公司
인천광역시청 vs 광주도시공사,仁川市政府诉光州都市开发公司
대구광역시청 vs 서울시청,大邱市政府 vs. 首尔市政府
충남도청 vs 두산,忠清南道政府诉斗山
인천도시공사 vs 하남시청,仁川都市开发公社诉河南市政府
삼척시청 vs 부산시설공단,三陟市政府诉釜山设施管理公司
경남개발공사 vs SK슈가글라이더즈,庆南开发公社诉SK蜜袋鼯公司
광주도시공사 vs 서울시청,光州市公团诉首尔市政府
인천광역시청 vs 대구광역시청,仁川市政府 vs. 大邱市政府
SK호크스 vs 상무 피닉스,SK Hawks 对阵 Sangmu Phoenix
삼척시청 vs 인천광역시청,三陟市政府 vs. 仁川市政府
SK슈가글라이더즈 vs 서울시청,SK蜜袋鼯队对阵首尔市政厅队
하남시청 vs 상무 피닉스,河南市政厅 vs 尚武凤凰
충남도청 vs 인천도시공사,忠清南道政府诉仁川都市开发公司
두산 vs SK호크스,斗山队对阵SK老鹰队
대구광역시청 vs 경남개발공사,大邱广域市政府诉庆南开发公司
광주도시공사 vs 부산시설공단,光州市公社诉釜山设施公社
부천 vs 강원,富川对江原
부천 종합 운동장,富川体育中心
경기 부천시 원미구 소사로 482,京畿道富川市远美区素沙路482
인천 vs 대전,仁川对大田
인천 축구 전용경기장,仁川足球场
인천 중구 도원동 참외전로 246,仁川市中区道元洞茶磨田路246号
포항 vs 서울,浦项制铁对阵首尔
포항 스틸야드,浦项钢铁厂
경북 포항시 남구 괴동동 동해안로 6261,庆尚北道浦项市南区桂洞东海岸路 6261
성남 vs 충남아산,城南对忠南牙山
탄천 종합 운동장,潭川体育中心
경기 성남시 분당구 야탑로 5,京畿道城南市盆唐区矢踏路 5
파주 vs 전남,坡州对全南
파주 스타디움,坡州体育场
경기 파주시 중앙로 160,京畿道坡州市中央路160
김해 vs 수원,金海对水原
김해 종합 운동장,金海体育中心
경남 김해시 가야로 245,庆尚南道金海市 Gayaro 245
천안 vs 서울E,天安对首尔
천안 종합 운동장,天安体育中心
울산 vs 김천,蔚山对金泉
울산 문수 축구경기장,蔚山文殊足球场
울산 남구 무거동 옥현로 1,蔚山广域市南区武巨洞玉岘路1
화성 vs 용인,华城对龙仁
화성종합경기타운,华城体育中心
경기 화성시 향남읍 향남로 470,京畿道华城市乡南邑乡南路470
부산 vs 대구,釜山对阵大邱
부산 구덕 운동장,釜山九德体育场
부산 서구 망양로 33,釜山西区望阳路33号
안양 vs 인천,安阳对仁川
안양 종합 운동장,安阳体育中心
경기 안양시 동안구 비산동 1023,京畿道安阳市东安区飞山洞1023
강원 vs 제주,江原道对济州岛
강릉하이원아레나,江陵High1竞技场
강원 강릉시 종합운동장길 69,江原道江陵市钟合体育中心路69号
포항 vs 부천,浦项对富川
경남 vs 김포,庆南对金浦
창원 축구센터,昌原足球中心
경남 창원시 성산구 비음로 97,庆尚南道昌原市城山区别音路97
용인 vs 수원,龙仁 vs 水原
용인 미르스타디움,龙仁米尔体育场
경기 용인시 처인구 삼가동 28-6,京畿道龙仁市处仁区三家洞28-6
충남아산 vs 화성,忠南牙山对华城
이순신 종합운동장,易舜臣体育中心
충남 아산시 풍기동 315-1,忠清南道牙山市丰基洞 315-1
포항 vs 강원,浦项制铁对江原道
성남 vs 김포,城南对金浦
천안 vs 전남,天安对全南
안산 vs 경남,安山对庆南
안산 와~스타디움,安山洼~体育场
경기 안산시 단원구 화랑로 260,京畿道安山市檀园区花郎路260
수원FC vs 파주,水原FC对阵坡州FC
수원 종합 운동장,水原体育中心
대구 vs 서울E,大邱对阵首尔
대구iM뱅크PARK,大邱iM银行公园
대구 북구 고성동3가 고성로 191,大邱市北区高城洞3街高城路191号
용인 vs 전남,龙仁对全南
서울E vs 수원FC,首尔E队对阵水原FC队
목동 종합 운동장,木洞体育中心
서울 양천구 안양천로 939,首尔市阳川区安阳川路939号
포항 vs 대전,浦项对大田
강원 vs 광주,江原 vs 光州
화성 vs 성남,华城对城南
경남 vs 부산,庆南对釜山
안양 vs 서울,安阳对首尔
대구 vs 김포,大邱对金浦
인천 vs 김천,仁川对金川
파주 vs 김해,坡州对金海
안산 vs 충남아산,安山对忠南牙山
포항 vs 제주,浦项制铁对阵济州岛
부산 vs 용인,釜山对阵龙仁
수원FC vs 대구,水原FC对阵大邱FC
인천 vs 울산,仁川对蔚山
파주 vs 서울E,坡州对首尔
화성 vs 전남,华城对全南
천안 vs 충북청주,天安对战忠北清州
김천 vs 안양,金泉对安阳
김천 종합 운동장,金泉体育中心
경북 김천시 운동장길 1,庆尚北道金泉市云东场路 1
성남 vs 안산,城南对安山
충남아산 vs 김해,忠南牙山对金海
울산 vs 서울,蔚山对阵首尔
강원 vs 전북,江原道对全北道
부산 vs 수원FC,釜山对阵水原FC
경남 vs 수원,庆南对水原
부천 vs 인천,富川对仁川
대구 vs 천안,大邱对天安
울산 vs 광주,蔚山对阵光州
안산 vs 서울E,安山对首尔
성남 vs 파주,城南对坡州
포항 vs 안양,浦项对安阳
화성 vs 김포,华城对金浦
충남아산 vs 전남,忠南牙山 vs 全南
김천 vs 강원,金泉对江原道
안양 vs 울산,安阳对蔚山
포항 vs 광주,浦项对光州
강원 vs 서울,江原道对首尔
파주 vs 경남,坡州对庆南
인천 vs 제주,仁川对济州
부천 vs 김천,富川对金川
천안 vs 성남,天安对城南
안산 vs 전남,安山对全南
수원FC vs 김포,水原FC对阵金浦FC
서울E vs 화성,首尔E队对阵华城
울산 vs 대전,蔚山对大田
용인 vs 김해,龙仁对金海
울산 vs 포항,蔚山对阵浦项
인천 vs 강원,仁川对江原道
안양 vs 부천,安阳对富川
대구 vs 경남,大邱对庆南
화성 vs 안산,华城对安山
서울E vs 김포,首尔E队对阵金浦队
천안 vs 충남아산,天安对忠南牙山
파주 vs 충북청주,坡州对清州，忠清北
김해 vs 부산,金海对釜山
용인 vs 성남,龙仁对城南
수원FC vs 수원,水原FC对阵水原
부천 vs 제주,富川对济州
김천 vs 울산,金泉对蔚山
강원 vs 포항,江原道对浦项
충남아산 vs 서울E,忠南牙山 vs 首尔
화성 vs 수원FC,华城FC对阵水原FC
김천 vs 인천,金川对仁川
울산 vs 부천,蔚山对富川
성남 vs 전남,城南 vs 全南
안양 vs 전북,安阳对全北
안산 vs 용인,安山对龙仁
부산 vs 천안,釜山对天安
경남 vs 김해,庆南对金海
강원 vs 대전,江原道对大田
인천 vs 포항,仁川对阵浦项
울산 vs 제주,蔚山对阵济州
안양 vs 김천,安阳对金泉
부천 vs 전북,富川对全北
서울E vs 용인,首尔E队对阵龙仁队
인천 vs 광주,仁川对光州
천안 vs 파주,天安对坡州
안산 vs 김포,安山对金浦
성남 vs 경남,城南对庆南
김해 vs 대구,金海对大邱
화성 vs 부산,华城对釜山
강원 vs 울산,江原道对蔚山
부천 vs 포항,富川对浦项
수원FC vs 충남아산,水原FC对阵忠南牙山
경남 vs 수원FC,庆南FC对阵水原FC
용인 vs 충남아산,龙仁对牙山忠南
대구 vs 안산,大邱对安山
서울E vs 성남,首尔E队对阵城南队
파주 vs 김포,坡州对金浦
부산 vs 파주,釜山对坡州
충남아산 vs 수원,忠南牙山对水原
용인 vs 대구,龙仁对大邱
김해 vs 김포,金海对金浦
수원FC vs 성남,水原FC对阵城南FC
화성 vs 경남,华城对庆南
안산 vs 천안,安山对天安
대구 vs 파주,大邱对坡州
부산 vs 충남아산,釜山对牙山忠南
성남 vs 김해,城南对金海
경남 vs 용인,庆南对龙仁
화성 vs 수원,华城对水原
천안 vs 수원FC,天安FC对阵水原FC
서울E vs 충북청주,首尔E队对阵忠北清州队
김포 vs 전남,金浦对全南
김포솔터축구장,金浦索尔特奥足球场
경기 김포시 마산동 642-1,京畿道金浦市马山洞 642-1
안양 vs 포항,安阳对阵浦项
안산 vs 수원FC,安山FC对阵水原FC
파주 vs 용인,坡州对龙仁
김천 vs 제주,金泉对济州
김해 vs 서울E,金海队对阵首尔队
김포 vs 충남아산,金浦对忠南牙山
경남 vs 천안,庆南对天安
수원FC vs 전남,水原FC对阵全南FC
천안 vs 김해,天安对金海
울산 vs 전북,蔚山现代对阵全北现代
김천 vs 부천,金川对富川
안산 vs 수원,安山对水原
대구 vs 성남,大邱对城南
화성 vs 파주,华城对坡州
용인 vs 충북청주,龙仁对战忠北清州
인천 vs 안양,仁川对安阳
충남아산 vs 경남,忠南牙山对庆南
부산 vs 김포,釜山对金浦
강원 vs 김천,江原道对金泉道
인천 vs 전북,仁川对全北
김포 vs 대구,金浦对大邱
수원FC vs 서울E,水原FC对阵首尔FC
성남 vs 부산,城南对釜山
안양 vs 광주,安阳对光州
부천 vs 서울,富川对首尔
경남 vs 안산,庆南对安山
용인 vs 화성,龙仁对华城
울산 vs 인천,蔚山对仁川
부천 vs 안양,富川对安阳
서울E vs 천안,首尔E队对阵天安
김해 vs 충북청주,金海对战忠北清州
포항 vs 전북,浦项制铁对全北现代
김천 vs 대전,金泉对大田
부산 vs 수원,釜山对水原
대구 vs 수원FC,大邱FC对阵水原FC
화성 vs 충남아산,华城对牙山忠南
안양 vs 강원,安阳对江原道
인천 vs 부천,仁川对富川
김포 vs 용인,金浦对龙仁
파주 vs 안산,坡州对安山
강원 vs 부천,江原道对富川道
포항 vs 김천,浦项对金泉
충남아산 vs 성남,忠南牙山对城南
천안 vs 용인,天安对龙仁
화성 vs 대구,华城对大邱
울산 vs 안양,蔚山对安阳
부산 vs 서울E,釜山对阵首尔
김포 vs 경남,金浦对庆南
안산 vs 김해,安山对金海
충남아산 vs 안산,忠南牙山对安山
김포 vs 충북청주,金浦对战忠北清州
경남 vs 대구,庆南对大邱
화성 vs 서울E,华城 vs 首尔
용인 vs 부산,龙仁对釜山
안양 vs 대전,安阳对大田
부천 vs 광주,富川对光州
강원 vs 인천,江原道对仁川
김천 vs 서울,金泉对首尔
포항 vs 울산,浦项制铁对蔚山
파주 vs 수원FC,坡州队对阵水原FC队
성남 vs 천안,城南对天安
김해 vs 경남,金海对庆南
부산 vs 화성,釜山对华城
울산 vs 강원,蔚山对江原道
서울E vs 안산,首尔E队对阵安山队
대구 vs 충남아산,大邱对忠南牙山
김포 vs 천안,金浦对天安
파주 vs 성남,坡州对城南
대구 vs 부산,大邱对釜山
수원FC vs 김해,水原FC对阵金海FC
천안 vs 수원,天安对水原
안산 vs 성남,安山对城南
충남아산 vs 용인,忠南牙山队对阵龙仁队
서울E vs 파주,首尔E队对阵坡州队
김천 vs 전북,金泉对全北
안산 vs 대구,安山对大邱
김포 vs 수원,金浦 vs 水原
경남 vs 파주,庆南对坡州
화성 vs 충북청주,华城 vs. 忠北清州
성남 vs 서울E,城南 vs 首尔
김해 vs 용인,金海对龙仁
수원FC vs 부산,水原FC对阵釜山
파주 vs 대구,坡州对大邱
부천 vs 대전,富川对大田
부산 vs 안산,釜山对安山
천안 vs 화성,天安对华城
용인 vs 수원FC,龙仁对阵水原FC
김해 vs 전남,金海对全南
김천 vs 광주,金泉对光州
김포 vs 성남,金浦对城南
대구 vs 용인,大邱对龙仁
서울E vs 수원,首尔E队对阵水原
안산 vs 화성,安山对华城
충남아산 vs 충북청주,忠南牙山 vs 忠北清州
경남 vs 성남,庆南对城南
부산 vs 김해,釜山对金海
수원FC vs 천안,水原FC对阵天安FC
충남아산 vs 천안,忠南牙山对天安
서울E vs 대구,首尔E队对阵大邱队
김포 vs 부산,金浦对釜山
안산 vs 충북청주,安山对清州，忠清北
용인 vs 경남,龙仁对庆南
김해 vs 파주,金海对坡州
성남 vs 화성,城南对华城
수원FC vs 화성,水原FC对阵华城FC
김포 vs 서울E,金浦 vs 首尔
파주 vs 부산,坡州对釜山
천안 vs 경남,天安对庆南
김해 vs 충남아산,金海对忠南牙山
대구 vs 충북청주,大邱对战忠清州
성남 vs 수원FC,城南FC对阵水原FC
용인 vs 안산,龙仁对安山
김포 vs 파주,金浦对坡州
경남 vs 충남아산,庆南对忠南牙山
서울E vs 김해,首尔E队 vs 金海
부산 vs 전남,釜山对全南
김포 vs 김해,金浦对金海
성남 vs 수원,城南对水原
충남아산 vs 수원FC,忠南牙山队对阵水原FC队
부산 vs 경남,釜山对庆南
천안 vs 안산,天安对安山
파주 vs 화성,坡州对华城
경남 vs 화성,庆南对华城
용인 vs 서울E,龙仁 vs 首尔
충남아산 vs 김포,忠南牙山对金浦
대구 vs 수원,大邱 vs 水原
수원FC vs 안산,水原FC对阵安山
김해 vs 천안,金海对天安
성남 vs 대구,城南对大邱
수원FC vs 경남,水原FC对阵庆南FC
김포 vs 안산,金浦对安山
김해 vs 화성,金海对华城
서울E vs 전남,首尔E队对阵全南
천안 vs 부산,天安对釜山
파주 vs 충남아산,坡州对牙山忠南
부산 vs 충북청주,釜山对阵忠清州
김포 vs 수원FC,金浦FC对阵水原FC
성남 vs 용인,城南对龙仁
대구 vs 김해,大邱对金海
파주 vs 천안,坡州对天安
서울E vs 충남아산,首尔E队对阵忠南牙山队
용인 vs 파주,龙仁对坡州
충남아산 vs 부산,忠南牙山对釜山
천안 vs 대구,天安对大邱
김해 vs 성남,金海对城南
김포 vs 화성,金浦对华城
경남 vs 서울E,庆南 vs 首尔
수원FC vs 충북청주,水原FC对阵忠北清州
만족도 최고! 유럽현지활동선생님의 국립중앙박물관 그리스로마전 어린이도슨트,满意度极高！韩国国立中央博物馆希腊罗马展览的儿童讲解员，由当地欧洲活动教师担任。
"국립중앙박물관 1층(내부)-검색대 통과하자마자 오른쪽에 보이는 에스컬레이터 앞
자세한 미팅장소는 투어전날 신청하신 연락처로 안내문자 드립니다.","韩国国立中央博物馆一楼（内部）——通过安检后，右侧扶梯前即可看到。

详细的集合地点将于参观前一天通过短信发送至您提供的联系电话。"
서울 용산구 서빙고동 용산동5가 서빙고로 137,首尔特别市龙山区西冰库洞龙山洞5街西冰库路137
국립중앙박물관 그리스로마전 어린이 체험학습 역사 도슨트,韩国国立中央博物馆希腊罗马展览儿童实地考察历史讲解员
가족과 함께! 그리스 로마전 도슨트 투어,与家人一起！希腊罗马展览讲解之旅
국립중앙박물관 전시관 3층 세계문화관,世界文化馆，韩国国立中央博物馆展览馆3楼
국립중앙박물관-레벨업 한국사 초등 역사 체험,韩国国立中央博物馆 - 韩国历史小学体验课程
국립중앙박물관 상설전시실 로비,韩国国立中央博物馆常设展厅大厅
화성행궁 가이드 역사 투어,华城行宫历史导览游
화성행궁 신풍루 매표소 앞,在新风楼售票处前，华城行宫
경기 수원시 팔달구 정조로 825,京畿道水原市八达区正祖路825
국립중앙박물관 초등 한국사 4회 특강 역사 도슨트 체험 짱짱하게!!,韩国国立中央博物馆四节韩国基础历史特别讲座：一次超棒的历史讲解体验！！
국립중앙박물관 역사관,韩国国立博物馆历史馆
국립중앙박물관 그리스로마 초등 세계사 특강,韩国国立中央博物馆希腊罗马基础世界历史专题讲座
국립중앙박물관 로비,韩国国立中央博物馆大厅
사다리세계사 그리스와 로마 도슨트 투어 국립중앙박물관,世界历史希腊罗马之旅韩国国立博物馆
가족과 함께 경복궁! 궁궐 도슨트 투어,与家人一起游览景福宫！宫殿讲解员导览
흥례문 입장 후 좌측 물품보관함,进入兴礼门后左侧有储物柜
프리미엄 어린이 역사 체험 학습: 국립경주박물관,高端儿童历史体验：庆州国立博物馆
국립경주박물관 내 물품보관함 앞,在庆州国立博物馆内的储物柜前
경북 경주시 일정로 186,庆尚北道庆州市日正路 186
가족과 함께! 최고의 박물관 역사 도슨트,和家人一起！最好的博物馆历史讲解员
국립중앙박물관 전시관,韩国国立中央博物馆展览馆
아이와 함께 궁궐투어 달빛궁궐 창경궁,带孩子游览宫殿：月光宫、昌庆宫
서울특별시 종로구 창경궁로 185 창경궁,首尔特别市钟路区昌庆宫路 185 昌庆宫
서울특별시 종로구 창경궁로 185,首尔特别市钟路区昌庆宫路 185
경복궁 역사체험 가족여행 도슨트 투어,景福宫历史体验家庭旅行讲解员之旅
경복궁역 5번 출구,景福宫站5号出口
서울 종로구 사직로 161,首尔特别市钟路区社稷路 161
핵심을 콕콕 집어주는 전쟁기념관 6.25 전쟁,韩国战争纪念馆：朝鲜战争，一针见血
전쟁기념관 로비에서 체험 시작 10분 전에 만납니다.,我们将于体验活动开始前 10 分钟在韩国战争纪念馆大厅集合。
서울 용산구 이태원로 29,首尔特别市龙山区梨泰院路29
예비초 그리스가 로마에게 로마가 그리스에게 - 국립중앙박물관,预备学校：从希腊到罗马，从罗马到希腊 - 韩国国立中央博物馆
"세종 충무공이야기, 역사의 절정속으로!",世宗大王与李舜臣将军的故事，进入历史的巅峰！
서울 종로구 세종대로 175 광화문 광장 세종대왕 동상,首尔特别市钟路区世宗大路 175 光化门广场世宗大王像
예비초 우리 역사 맛보기 2회 완성 - 국립중앙박물관,完成了韩国国立中央博物馆举办的“学前儿童历史体验”两期课程。
서대문형무소역사관 초등 한국사 어린이 역사체험,西大门监狱历史博物馆 小学韩国历史 儿童历史体验
서대문형무소 역사관 입구,西大门监狱历史博物馆入口
서울 서대문구 통일로 251,首尔市西大门区统一路251号
함께늘봄 국립중앙박물관 초등한국사 4회 완성!,Hamkke Neulbom 韩国国立博物馆小学韩国历史 4 节课完成！
초등 세종충무공이야기로 모여라!,大家一起来听小学世宗忠武公的故事吧！
광화문 광장 세종대왕 동상 앞,在光化门广场世宗大王雕像前
경복궁으로 떠나는 조선 한국사 초등 역사체험,朝鲜历史小学体验之旅：景福宫之旅
서울시 종로구 효자로 12 국립고궁박물관,首尔特别市钟路区孝子路12号国立故宫博物院
서울시 종로구 효자로 12,首尔特别市钟路区孝子路12
세계사시리즈 2탄! 국립세계문자박물관에서 역사탐험 떠나요,世界历史系列第二部分！让我们一起探索国家世界文字系统博物馆的历史吧！
국립세계문자박물관 로비,世界文字国家博物馆游说团
인천 연수구 센트럴로 217,仁川市延寿区中央路217号
"술술 풀리는 궁궐따라 조선 탐험(경복궁, 창덕궁, 창경궁, 덕수궁)",朝鲜王朝宫殿之旅（景福宫、昌德宫、昌庆宫、德寿宫）
각 궁궐의 정문 앞,在每座宫殿的正门前
국립항공박물관 도슨트 투어,国家航空博物馆讲解员导览
국립항공박물관 로비,国家航空博物馆大厅
"한반도 역사의 모든 것이 알고 싶다면? ""국립중앙박물관""",想了解朝鲜半岛的历史吗？那就去“韩国国立中央博物馆”吧！
프리미엄 어린이 역사 체험 학습: 불국사,高级儿童历史体验：佛国寺
불국사 정문 앞,在佛国寺正门前
경북 경주시 불국로 385,庆尚北道庆州市佛国路 385
국립중앙박물관 세계사 시리즈3 '인더스에서 황하까지~ 중국&인도',韩国国立中央博物馆世界历史系列3《从印度河到黄河～中国与印度》
"국립중앙박물관 3층 세계문화관 중국실, 인도실",韩国国立中央博物馆三楼世界文化馆、中国馆、印度馆
"인기최고 그리스로마전 2탄(심화편) 키즈도슨트 수업, 더 깊어진 두번째 이야기",最受欢迎的希腊罗马展览第二部分（进阶版）儿童讲解员课程，《更深层次的第二层故事》
"한반도의 모든 역사가 있는 곳, 롯데월드 민속박물관",乐天世界民俗博物馆，一个囊括了朝鲜半岛所有历史的地方。
롯데월드 민속박물관,乐天世界民俗博物馆
서울 송파구 올림픽로 240,首尔特别市松坡区奥林匹克路240
예비초를 위한 세종충무공이야기 광화문에서 만나요!,光化门见，我们将为小朋友们讲述世宗和李舜臣的故事！
세종대왕 동상,世宗大王雕像
경기 여주시 홍문동,京畿道骊州市洪门洞
"독립운동의 역사, 자유를 위한 여정",独立运动史，一段自由之旅
독립기념관,独立厅
충남 천안시 동남구 목천읍 독립기념관로 1,忠清南道天安市东南区木川邑独立纪念馆路1号
대한민국의 기본을 배우다,学习韩国基础知识
법원전시관,法院展览馆
서울특별시 서초구 서초대로 219,首尔特别市瑞草区瑞草大路 219
"아름다운 우리의 미술사, 서울공예박물관",我们美丽的艺术史，首尔工艺博物馆
서울공예박물관,首尔工艺博物馆
서울특별시 종로구 율곡로3길 4,首尔特别市钟路区栗谷路3街4
"궁궐 도슨트 역사 투어, 가족과 함께 창경궁!",与家人一起参加昌庆宫历史之旅！
서울 종로구 이화동 연건동 창경궁로 185,首尔特别市钟路区梨花洞莲建洞昌庆宫路185
대한민국 역사의 시작,大韩民国历史的开端
국립 대한민국임시정부 기념관,大韩民国临时政府纪念馆
서울 서대문구 통일로 279-24,首尔市西大门区统一路279-24号
"조선왕조 500년 역사여행 ""국립고궁박물관""",朝鲜王朝500年历史之旅 “国立故宫博物院”
국립고궁박물관,国立故宫博物院
서울 종로구 효자로 12,首尔特别市钟路区孝子路12
"궁궐 도슨트 역사 투어, 가족과 함께 덕수궁!",德寿宫家庭历史之旅！
서울 중구 세종대로 99,首尔特别市中区世宗大路 99
서울역사박물관 어린이 초등 한국사 역사체험,首尔历史博物馆儿童小学韩国历史体验
서울역사박물관 1층 로비,首尔历史博物馆一楼大厅
서울 종로구 사직동 신문로2가 새문안로 55,首尔市钟路区社稷洞新门路2街新门南路55
궁궐미션투어 2탄 창덕궁 : 창덕궁 어차,宫廷之旅第二部分：昌德宫：昌德宫皇家马车
창덕궁 매표소 앞,在昌德宫售票处前
서울 종로구 율곡로 99,首尔特别市钟路区栗谷路 99
부산 속 역사와 과학 이야기,釜山的历史与科学故事
복천박물관,福川博物馆
부산 동래구 복천로 63,釜山广域市东莱区福泉路 63
일본 스페이스 일일캠프! JAXA츠쿠바우주센터 패밀리투어 & 츠쿠바엑스포센터 키즈도슨트,日本太空一日营！JAXA筑波宇宙中心家庭参观 & 筑波会展中心儿童讲解
츠쿠바 역,筑波站
서울 강남구 삼성로96길 6 LG트윈텔1차 1501호,首尔市江南区三成路96街6号LG Twintel 1st 1501室
부산에서 만나는 전쟁과 평화의 역사,釜山战争与和平史
유엔평화기념관,联合国和平纪念馆
부산 남구 홍곡로320번길 106,釜山广域市南区红谷路320街106
사다리 세계사 2탄ㅣ 중국&일본 전 ㅣ초등역사체험,世界历史阶梯第二部分 | 中国与日本 | 小学历史体验
국립중앙과학관(한국과학기술사관)_우리나라 과학과 인류사를 한번에!,国立中央科学博物馆（韩国科学技术史博物馆）——韩国科学与人类历史尽在其中！
국립중앙과학관 한국과학기술사관,韩国国立中央科学博物馆，韩国科学技术史
대전 유성구 대덕대로 481,大田市儒城区大德大路481号
서울 국립고궁박물관 도슨트 투어 역사 탐방 초등 한국사 교육,首尔国立故宫博物馆讲解员导览、历史探索、韩国基础历史教育
국립중앙박물관 도슨트 수업으로 하루에 정리하는 삼국~조선 한국사,韩国国立中央博物馆讲解员课程：一日了解从三国到朝鲜王朝的韩国历史
"서울 용산구 서빙고로 137, 국립중앙박물관",首尔特别市龙山区西冰库路 137 国立中央博物馆
서울 용산구 서빙고로 137,首尔特别市龙山区西冰库路 137
"공쌤과 경주역사지구 도보투어 함께해요! -대릉원,첨성대,동궁과월지(야경포함)",和龚老师一起徒步游览庆州历史街区吧！——大陵苑、瞻星台、东宫和月池（含夜景）
대릉원,大陵苑
경북 경주시 황남동 31-1,庆尚北道庆州市皇南洞31-1
"2026년 1학년을 위한 쉬운 한국사, 국립중앙박물관 역사 도슨트 투어",2026年韩国国立中央博物馆历史讲解员导览，适合一年级学生轻松学习韩国历史
유럽 문명의 시작! 국립중앙박물관 그리스로마 도슨트 어린이 투어 역사체험,欧洲文明的开端！韩国国立中央博物馆希腊罗马讲解员儿童历史之旅体验
아이와함께 - 서대문형무소 투어로 만나는 일제강점기 이야기,带孩子参观西大门监狱，了解日本殖民时期的故事
서대문형무소역사관 (서울 서대문구 통일로 251 서대문형무소역사관) 입구,西大门监狱历史博物馆入口（首尔市西大门区统一路251号）
"공쌤과 국립경주박물관,황룡사역사문화관 나들이 갈 사람 손!",谁想和孔老师一起去庆州国立博物馆和皇龙寺历史文化中心游览？请举手！
황룡사 역사 문화관,黄龙寺历史文化中心
경북 경주시 임해로 64-19,庆尚北道庆州市临海路 64-19
사방신과 함께하는 경복궁 대모험(보호자 1인 무료),景福宫冒险之旅，与四大守护神同行（免费赠送一位守护神）
경복궁 입장권 제출하는 입구로 들어오자마자 좌측 물품보관소 앞,进入景福宫售票处入口后，左手边就是衣帽间。
정조와 함께 걷는 수원 화성 야간 성곽길 투어,与正祖国王一起夜游水原华城
연무대 안내소 앞,在延武台信息中心前
경기 수원시 팔달구 창룡대로103번길 8,京畿道水原市八达区昌龙大路103街8
온가족이 함께하는 국립중앙박물관 도슨트 | 전연령 투어,韩国国立中央博物馆讲解员导览游（适合全家）| 适合所有年龄段
국립중앙박물관 도슨트 수업으로 배우는 선사~조선 4회 한국사 정복 투어,四节韩国历史征服之旅：通过韩国国立中央博物馆讲解员课程学习从史前到朝鲜王朝的历史
"국립중앙박물관 선사시대 초등저학년 ""Premium"" 역사탐험대 Season3",韩国国立中央博物馆史前时代小学低年级“高级”历史探索队第三季
국립중앙박물관 1층 뮤지엄샵 앞,在韩国国立中央博物馆一楼的博物馆商店前
그리스로마 별자리탐험대 6-8세 전용! 그리스로마 신화와 별자리를 한번에!,希腊罗马星座探险：仅限6-8岁儿童！希腊罗马神话与星座，尽在其中！
해지고 걷는 달빛 속 아이와함께 창경궁 투어,带着孩子游览昌庆宫，日落后漫步月光下
창경궁 홍화문 매표소 앞,在洪化门售票处前，昌庆宫
그리스로마 신화와 별자리를 한번에 알아보는 시간! - (8 -10세),一次学习希腊罗马神话和星座知识的绝佳机会！——（适合8-10岁儿童）
고학년 전용! 그리스로마 신화와 세계사를 한번에 - 그리스로마전(11세이상),仅限高年级学生！希腊罗马神话与世界历史融会贯通——希腊罗马历史（11岁以上）
"국립중앙박물관 삼국시대 초등저학년 ""Premium"" 역사탐험대 Season3",韩国国立中央博物馆三国时期小学低年级“高级”历史探索队第三季
국립고궁박물관에서 조선시대로 떠나는 역사 시간여행! | 조선의 궁궐과 왕실이야기,在国立故宫博物院开启一段穿越时空的朝鲜王朝之旅！| 朝鲜宫殿与皇室的故事
국립고궁박물관 (경복궁역 5번출구에 위치) 내부 2층 스크린 앞,在国立故宫博物院二楼的屏幕前（位于景福宫站5号出口）
경복궁 미취학 역사탐험대 - 세종대왕의 하루 따라가기 (6-8세),景福宫幼儿园历史探索小组——世宗大王纪念日（6-8岁）
창경궁 조선역사기행(아이와 함께),昌庆宫朝鲜历史之旅（含儿童）
창경궁 입장 후 다리(옥천교) 인근에서 담당강사와 통화 후 만남,进入昌庆宫后，与指导员交谈，然后在桥（玉清桥）附近集合。
"국립중앙박물관 선사시대 초등고학년 ""Premium"" 역사탐험대 Season3",韩国国立中央博物馆史前时代小学高年级“高级”历史探索队第三季
공쌤과 함께 만나요! 신라와 조선!!,去见孔老师吧！新罗和朝鲜！！
월정교 공영주차장,月井桥公共停车场
경북 경주시 교동 153-5,庆尚北道庆州市 153-5 Gyodong
미취학 전용! 조선시대 보물찾기 역사탐험대 - 국립중앙박물관,仅限学龄前儿童！朝鲜王朝寻宝历史探险——韩国国立中央博物馆
이슬람 미술 '찬란한 빛의 여정' 국립중앙박물관 도슨트 투어,韩国国立中央博物馆伊斯兰艺术“璀璨之光之旅”讲解员导览
프리미엄 어린이 역사 체험 학습: 대릉원,高级儿童历史体验：大陵苑
대릉원 주차장 앞 대릉원 정문,大陵园正门，位于大陵园停车场前
미취학 전용! 대한민국 근현대사 보물찾기 역사탐험대 - 대한민국역사박물관,仅限学龄前儿童！探寻韩国现代及当代历史的寻宝之旅：历史探险——韩国国立历史博物馆
대한민국역사박물관 1층 안내데스크 앞,在韩国国立历史博物馆一楼咨询台前
서울 종로구 세종대로 198,首尔特别市钟路区世宗大路 198
"창덕궁 ""Premium"" 초등 역사탐험대 Season 2 (8-13세)",昌德宫“高级”小学历史探索队第二季（8-13岁）
국립중앙박물관 도슨트 투어(초등 고학년~성인),韩国国立中央博物馆讲解员导览（小学高年级至成人）
국립중앙박물관 상설전시관,韩国国立中央博物馆常设展厅
초등 저학년 전용! 조선시대 보물찾기 역사탐험대 - 국립중앙박물관,仅限小学低年级学生！朝鲜王朝寻宝历史探险——韩国国立中央博物馆
초등 고학년 전용! 조선시대 보물찾기 역사탐험대 - 국립중앙박물관,仅限高年级小学生！朝鲜王朝寻宝历史探险——韩国国立中央博物馆
초등 한국과학탐험대! 한국사 속 숨겨진 과학 기술을 찾아! - 국립과천과학관,韩国小学科学探险！探索隐藏在韩国历史中的科学技术！——果川国立科学博物馆
국립과천과학관,国立果川科学博物馆
경기도 과천시 상하벌로 110 (과천동),京畿道果川市上河伐路110（果川洞）
초등 저학년 전용! 대한민국 근현대사 보물찾기 역사탐험대 -대한민국역사박물관,仅限小学低年级学生！韩国近代史寻宝探险之旅——韩国国立历史博物馆
그리스로마 신화와 별자리를 한번에 알아보는 시간 in 국립중앙박물관,在韩国国立中央博物馆学习希腊罗马神话和星座的时光
"이순신 탐험대, 초등 전용 - 나와 닮은 히어로 이순신을 만나러 가요",李舜臣探险队（小学生限定）——让我们去见见和我长得一模一样的英雄李舜臣吧！
10-13세 추천! 민주주의의 비밀을 밝혀라! 국회를 탐험해요 - 국회박물관,推荐10-13岁儿童参观！揭开民主的秘密！探索国民议会——国民议会博物馆
국회박물관,国民议会博物馆
서울 영등포구 의사당대로 1,首尔特别市永登浦区义四堂大路1
저학년 전용! 고려시대 보물찾기 역사탐험대 - 국립중앙박물관,仅限低年级学生参加！高丽王朝寻宝历史探险——韩国国立博物馆
국립중앙박물관 기념품점 앞,在韩国国立中央博物馆纪念品商店前
"이순신 탐험대, 미취학 전용 - 거북선을 타고 바다로 모험을 떠나요",易孙信探险之旅，仅限学龄前儿童——让我们登上龟船，开启一段海上冒险之旅吧！
초등고학년 전용! 고려시대 보물찾기 역사탐험대 - 국립중앙박물관,仅限高年级小学生！高丽王朝寻宝历史探险——韩国国立中央博物馆
10-13세 추천! 일제강점기부터 민주화운동까지 - 서대문형무소역사관,推荐10-13岁参观！从日本殖民时期到民主化运动——西大门监狱历史博物馆
서대문형무소역사관 정문 앞,在西大门监狱历史博物馆正门前
미취학 수원화성 역사탐험대 - 수원화성 보고 나만의 성 설계하기 (6-8세),学前水原华城历史探索小组 - 参观水原华城并设计我自己的城堡（6-8岁）
수원화성박물관 중앙 로비,水原华城博物馆中央大厅
경기 수원시 팔달구 창룡대로 21,京畿道水原市八达区昌岭大路21
"겨울방학 특강, 국립중앙박물관 4회로 초등 저학년 한국사 흐름 완성!",寒假特别讲座：韩国国立中央博物馆举办的4节课，帮助小学生掌握韩国历史脉络！
전쟁기념관/국립중앙박물관/대한민국역사박물관,韩国战争纪念馆 / 韩国国立博物馆 / 韩国国立历史博物馆
미취학 역사 4회 완성! 역사탐험대 - 국립중앙박물관 선사~조선시대까지,四节课掌握幼儿历史！历史探险——韩国国立中央博物馆：从史前到朝鲜王朝
6-8세 경제탐험대 화폐와 저금의 비밀을 배우는 서울 화폐박물관,首尔货币博物馆：6-8岁儿童经济探索团队——学习货币和储蓄的秘密
한국은행 화폐박물관,韩国银行货币博物馆
서울 중구 남대문로 39,首尔特别市中区南大门路 39
"서대문자연사박물관 초등 다윈 진화탐험대, 생물들의 진화한 모습을 조사하자!",西大门自然历史博物馆小学达尔文进化探险：让我们一起探索生物的进化形态！
서대문자연사박물관 매표소 앞,在西大门自然历史博物馆售票处前
서울 서대문구 연희로32길 51,首尔市西大门区延禧路32街51号
초등 고학년 전용! 대한민국 근현대사 보물찾기 역사탐험대 -대한민국역사박물관,仅限高年级小学生！现代及当代韩国历史寻宝之旅：历史探险——韩国国立历史博物馆
대한민국역사박물관 1층 안내데스크 앞 집결,请在韩国国立历史博物馆一楼咨询台前集合。
8-10세 추천! 유관순부터 8.15광복까지 - 서대문형무소역사관,推荐8-10岁儿童参观！从俞冠顺到八一五解放——西大门监狱历史博物馆
"서대문자연사박물관 미취학 공룡탐험대, 땅 속에 묻힌 공룡을 찾아라!",西大门自然历史博物馆幼儿园恐龙探险：寻找埋藏在地下的恐龙！
8-10세 추천! 내가 만든 법안을 국회에 발의해 볼까요? - 국회박물관,推荐8-10岁儿童参观！我们是否应该向国民议会提交我起草的法案？——国民议会博物馆
미취학 전용! 고려시대 보물찾기 역사탐험대 - 국립중앙박물관,仅限学龄前儿童！高丽王朝寻宝历史探险——韩国国立中央博物馆
국립중앙박물관 앞,在韩国国立中央博物馆前
"작가탐험대 미취학! 나만의 책을 만들다 보면, 책의 흥미에 쏙쏙 빠져들어요",学前儿童写作探索团队！在创作自己的书籍的过程中，你会完全沉浸在阅读的乐趣中。
송파책박물관,松巴书博物馆
서울 송파구 송파대로37길 77,首尔特别市松坡区松坡大路37街77
허준박물관 의학탐험대 미취학 전용! 밥이 왜 보약이 되는지 알아보러가요!,许俊博物馆医学探索队——仅限学龄前儿童！让我们一起来探究大米为何具有滋补功效！
허준 박물관,许俊博物馆
서울 강서구 허준로 87,首尔特别市江西区许俊路 87
구석기부터 조선까지! 초등 한국사탐험대! [국립춘천박물관],从旧石器时代到朝鲜王朝！韩国历史小探索之旅！【春川国立博物馆】
국립춘천박물관 안내데스크 앞,在春川国立博物馆的问询处前
강원 춘천시 우석로 70,江原道春川市禹石路70号
국립중앙박물관 도슨트 이슬람실 어린이 역사체험 투어 초등 세계사,韩国国立中央博物馆讲解员伊斯兰展厅儿童历史体验之旅小学世界历史
국립민속박물관 세시풍속 초등저학년 역사탐험대! 교과서 속 옛날 생활 이야기,韩国国立民俗博物馆面向小学低年级学生的季节习俗历史探索团队！从教科书中讲述过去的生活故事
국립민속박물관 안내데스크 앞,在国家民俗博物馆问讯处前
서울 종로구 삼청로 37,首尔特别市钟路区三清路37
"국립중앙박물관 삼국시대 초등고학년 ""Premium"" 역사탐험대 Season3",韩国国立中央博物馆三国时期小学高年级“高级”历史探索队第三季
초등 수원화성 역사탐험대 - 수원화성 보고 나만의 성 설계하기 (8-13세),小学水原华城历史探索小组——参观水原华城并设计我自己的城堡（8-13岁）
"국립중앙박물관 선사시대 미취학 ""Premium"" 역사탐험대 Season3",韩国国立中央博物馆史前幼儿园“高级”历史探险第三季
국립민속박물관 세시풍속 미취학 역사탐험대! 교과서 속 옛날 생활 이야기,韩国国立民俗博物馆学前班季节性习俗历史探索小组！教科书中讲述的古代生活故事
"6-8세 추천! 엄마, 국회의원이 뭐에요? - 국회박물관",推荐给6-8岁儿童！妈妈，什么是国会议员？——国民议会博物馆
작가탐험대 초등! 책속에 풍덩 빠져보고 나만의 글도 써보는 시간,小学写作探险队！深入阅读书籍，创作属于你自己的故事。
"경복궁 역사탐험대 초등 ""Premium"" Season 2 (8-13세)",景福宫历史探索小组小学“高级”第二季（8-13岁）
서울 종로구 사직로 161 경복궁 매표소 앞,首尔市钟路区社稷路161号，景福宫售票处前
"덕수궁 ""Premium"" 미취학 역사탐험대! (6-8세)",德寿宫“精英”学前历史探索队！（6-8岁）
덕수궁 대한문 매표소 앞,在大韩门售票处前，德寿宫
6-8세 추천! 대한독립만세! 우리도 함께 외쳐봐요! - 서대문형무소역사관,推荐6-8岁儿童参观！韩国独立万岁！让我们一起呐喊！——西大门监狱历史博物馆
"창경궁 ""Premium"" 초등 역사투어! (8-13세)",昌庆宫“高级”小学历史之旅！（8-13岁）
저학년 역사체험 국립중앙박물관 서화실 도슨트 with 한눈에 펼쳐보는 우리 명화 그림책,低年级历史体验：韩国国立中央博物馆书画室讲解员携韩国名作图册一览
"덕수궁 ""Premium"" 초등 역사탐험대! (8-13세)",德寿宫“高级”小学历史探索队！（8-13岁）
"창덕궁 ""Premium"" 미취학 역사탐험대 Season 2 (6-8세)",昌德宫“高级”学前历史探索队第二季（6-8岁）
서울 종로구 율곡로 99 창덕궁,首尔特别市钟路区栗谷路 99 昌德宫
국립중앙박물관 원데이 도슨트 투어,韩国国立中央博物馆一日导览游
국립중앙박물관 1층 로비 스크린 앞,在韩国国立中央博物馆一楼大厅的屏幕前
국립중앙박물관 술술 풀리는 처음 한국사,韩国国立中央博物馆：轻松了解韩国历史
"겨울방학 특강, 국립중앙박물관 4회로 초등 고학년 한국사 흐름 완성!",寒假特别讲座：韩国国立中央博物馆举办的4节课，帮助高年级小学生掌握韩国历史脉络！
국립민속박물관 세계유산 초등고학년 역사탐험대! 세계에서 인정받은 민속 문화,韩国国立民俗博物馆世界遗产小学高年级历史探索队！世界公认的民俗文化
"창경궁 ""Premium"" 미취학 역사투어! (6-8세)",昌庆宫“高级”学前历史之旅！（6-8岁）
돌도끼부터 화승총까지! 미취학 한국사탐험대 [국립춘천박물관],从石斧到火绳枪！学前韩国历史探险之旅【春川国立博物馆】
서울 대한민국임시정부기념관 투어 한국사 체험 학습,大韩民国临时政府纪念馆首尔参观：韩国历史体验式学习
원데이 댄스 배우기/K-POP&스트릿댄스 춤 맛집!!!,一日舞蹈课程 / K-POP & 街舞热点！！！
"서울 광진구 능동로 50 (자양동, 이튼타워리버2차) 상가 208호 무드킨댄스학원",首尔特别市广津区陵洞路 50 号商业大楼 208 单元穆德金舞蹈学院（紫阳洞伊顿塔河二号）
서울특별시 광진구 능동로 50,首尔特别市广津区灵洞路50
조향사와 함께 섬유 향수/룸스프레이 만들기,用香水制作器制作织物香水/室内喷雾
대구 중구 봉산문화길 95 (봉산동) 1층 markcollection,大邱广域市中区凤山文化路95号（凤山洞）1楼markcollection
대구광역시 중구 봉산문화길 95,大邱广域市中区凤山文化路 95
녹음하면서 배우자! 쉽고 편하게 배우는 보컬레슨!,边录边学！轻松舒适的声乐课程！
솜씨당 클래스,索姆西当班级
"경기도 고양시 덕양구 고양대로 1955 (동산동, 스타필드 고양)",1955 京畿道高阳市德阳区高阳大路（东山洞、Starfield高阳）
최상급 프랑스 향료로 나만의 향수 만들기 원데이클래스,一日课程，教你用法国顶级原料制作属于你自己的香水
서울 용산구 한남동 723-26 비푸머스,首尔特别市龙山区汉南洞 723-26 Beefumers
서울특별시 용산구 한남대로28가길 11,首尔特别市龙山区汉南大路28街11
샤로수길 순은 반지 만들기 원데이 클래스 이색 취미,Sharosu-gil 纯银戒指制作一日课程：一项独特的爱好
서울 관악구 봉천로 465 봉천동) 4층 제이디 라스(JD las,首尔特别市冠岳区凤川路465（凤川洞）JD Las 4楼
서울특별시 관악구 봉천로 465,首尔市冠岳区奉天路465号
우리만의 팔찌 만들기 (원데이 커플/우정 클래스),自制手链（情侣/朋友一日课程）
서울 강남구 강남대로110길 38 (역삼동) 1층 프랑꼬아트랩,Franco Art Lab，1楼，首尔市江南区江南大路110街38号（益三洞）
서울특별시 강남구 강남대로110길 38,首尔市江南区江南大路110街38号
"프라이빗 / 댄스 배우기 (개인,그룹,단체)",私人/舞蹈课程（一对一、小组、团体）
꼼작 라떼아트 실습 클래스 - 예쁜 라떼하트 만들기,Kkomjak 拉花练习课 - 制作漂亮的爱心拉花
서울 마포구 망원동 384-19 201호 그린나무공방,首尔市麻浦区望远洞384-19号绿树工作室201室
서울특별시 마포구 동교로 57-4,首尔特别市麻浦区东桥路 57-4
조향사와 함께 나만의 고체향수 만들기 클래스 15g,使用调香师课程（15克）自制固体香水
원데이 음성(발성)검사 클래스,一日声乐（发声）测试课程
"서울 강남구 선릉로89길 7 (역삼동) 502, namstar vocal studio",namstar 声乐工作室，首尔市江南区雪陵路89街7号502室（益三洞）
서울특별시 강남구 학동로 426,首尔市江南区鹤洞路426号
조향사와 함께 디퓨저 만들기 클래스 이색 데이트,特别活动：与调香师一起制作香薰精油
석고방향제만들기 원데이 클래스150g(약3개완성),石膏空气清新剂制作一日课程 150克（约可制作3个）
서울 강북구 삼양로 369 (수유동) 1층 리우공방,刘氏工作室，首尔市江北区三阳路（水裕洞）369号1楼
서울특별시 강북구 삼양로 369,首尔特别市江北区三养路369
건대-댄스/무용배우기 (프라이빗 1:1 / 그룹레슨 / 단체레슨),建国大学 - 舞蹈学习（一对一私教/小组课/团体课）
핸드빌드 클래스 _ 도자기 소주잔 세트 만들기,手工制作课程——制作一套陶瓷烧酒杯
서울 서대문구 연희동 410-29 1층 좌측 5h Studio,5h Studio，1楼左侧，首尔市西大门区延禧洞410-29号
서울특별시 서대문구 성산로 309-51,首尔特别市西大门区城山路 309-51
송리단길 요가 원데이클래스,松尼丹吉尔瑜伽一日课程
"서울 송파구 석촌호수로 284 (송파동, 현대레이크빌) 상가출입구 B1층 swaydance",Swaydance，B1F，商业入口，首尔市松坡区石村湖水路284号（松坡洞，现代湖城）
서울특별시 송파구 석촌호수로 284,首尔特别市松坡区石村湖水路 284
디저트접시 만들기 플레이트 핸드빌딩 원데이 클래스,甜点盘手工制作一日课程
서울 동작구 양녕로29길 56 (상도동) 지하 1층,首尔特别市铜雀区药令路29街56号B1（上岛洞）
서울특별시 동작구 양녕로29길 56,首尔特别市铜雀区药令路29街56
"도자기, 물레그릇 또는 오브제(물레2+소품2)",陶器、拉坯成型器皿或物品（2 个拉坯机 + 2 个支架）
"최고의 장비로 분석을 통한 목소리의 문제점, 발성 해결!",利用最先进的设备进行分析，解决嗓音问题和发声问题！
서울 강남구 선릉로89길 7 (역삼동) 5층 남스타 보컬 스튜디오,Namstar Vocal Studio，首尔市江南区雪陵路89街7号5楼（汝三洞）
서울특별시 강남구 선릉로89길 7,首尔市江南区雪陵路89街7号
취미성인발레 프라이빗 1:1 개인레슨,成人芭蕾舞兴趣一对一私教课
서울 강남구 삼성동 64 2층 swaydance,首尔市江南区三成洞64号2楼 Swaydance
서울특별시 강남구 학동로82길 21,首尔市江南区鹤洞路82街21号
나에게 맞는 커피로 마음 힐링 하기,用适合我的咖啡治愈心灵
조향사와 함께 나만의캔들 만들기 클래스 160g,自制蜡烛套装（含调香师课程，160克）
입문자를 위한 아이패드 드로잉 원데이클래스,iPad绘画一日入门课程
"서울 서초구 서초대로 356 (서초동, 서초지웰타워) 5층 드로잉클럽 스튜디오",首尔特别市瑞草区瑞草大路 356 瑞草格威尔塔 5 楼绘画俱乐部工作室（瑞草洞）
서울특별시 서초구 서초대로 356,首尔特别市瑞草区瑞草大路356
"원목도마, 나만의 각인까지!",实木砧板，甚至可以个性化雕刻！
"서울 중랑구 용마산로 615 신내동, 정민빌딩) 1층(무료주차가능",首尔市中浪区新内洞龙马山路615号正民大厦1楼（提供免费停车位）
서울특별시 중랑구 용마산로 615,首尔特别市中浪区龙马山路 615
탁상식물 만들기 1+1,制作桌面植物 1+1
"서울 마포구 마포대로 33 (도화동, 마포 한화 오벨리스크) 오피스텔 1804호",首尔特别市麻浦区麻浦大路33号Officetel 1804室（都化洞、麻浦韩华方尖碑）
서울특별시 마포구 마포대로 33,首尔市麻浦区麻浦大路33号
무전력 우드스피커 만들기 원데이 클래스 / 1구 기본 + 가죽,一日课程：制作无功率木制音箱/基础单音箱+皮革
서울 성동구 왕십리로10길 5-6 (성수동1가) 1층 와플목공방,Waffle Woodworking Workshop，首尔市城东区往十里路10街5-6号1楼（Seongsu-dong 1-ga）
서울특별시 성동구 왕십리로10길 5,首尔市城东区往十里路10街5号
"우드카빙 - 버터나이프, 나무숟가락을 깎아보자!",木雕——让我们来雕刻一把黄油刀和一把木勺吧！
장미? 국화? 말고 진짜 잘쓰는 플라워 케이크 만들기,制作一款真正实用的鲜花蛋糕，而不仅仅是玫瑰或菊花。
"서울 은평구 연서로37가길 8-25 (불광동, 개나리어린이집) 새장골 어린이 공원에서 모입니다",我们将在首尔市恩平区延西路37街8-25号的世章谷儿童公园（佛光洞，Gaenari托儿中心）见面。
서울특별시 은평구 연서로37가길 8-25,首尔市恩平区延西路37街8-25号
카페감성 인테리어 식물 중형화분 가드닝,咖啡馆风格的室内植物，中等大小的花盆，园艺
꼼작 핸드드립 커피 원데이 클래스,Kkomjak 手冲咖啡一日课程
현직 물리치료사와 함께하는 매트필라테스 소그룹 클래스,由执业理疗师指导的垫上普拉提小班课程
도자기 체험 핸드페인딩 접시 또는 컵 만들기 원데이 클래스,陶艺体验：一日课程，学习制作手绘盘子或杯子
색소지 플레이트 만들기 원데이 클래스,制作彩色纸盘的一日课程
드로잉디퓨저 만들기 원데이클래스,一日制香薰机制作课程
서울 강서구 마곡동 800-15 610호,首尔特别市江西区麻谷洞 800-15 610 室
서울특별시 강서구 마곡중앙2로 35,首尔特别市江西区麻谷中央2路35
커플성격분석 에니어그램,伴侣性格分析九型人格
"서울 강남구 밤고개로1길 10 (수서동, 수서현대벤쳐빌) 807호",首尔市江南区竹谷路1街10号807室（水西洞，水西现代创业城）
서울특별시 강남구 밤고개로1길 10,首尔特别市江南区竹谷路1街10
"내방의 작은바 칵테일캔들,딸기캔들만들기 원데이 클래스",我的房间小酒吧鸡尾酒蜡烛和草莓蜡烛制作一日课程
원데이 반려동물 목걸이 펫 클래스,一日宠物项圈课程
조향사와 함께 나만의 왁스타블렛 만들기 클래스,参加调香课程，制作你自己的蜡片
손쉽게만드는 시나몬플라워캔들만들기,简易肉桂花蜡烛制作
무전력 우드스피커 만들기 원데이 클래스 / 1구 기본,一日制无功率木制音箱制作课程/单孔基础款
미니미 귀여운 선인장캔들만들기 2ea 원데이 클래스,迷你可爱仙人掌蜡烛制作两件套一日课程
나만의 우드 타일 코스터 만들기,自制木质瓷砖杯垫
목동 꽃으로 힐링하는 꽃집 카페,木洞花店咖啡馆，鲜花疗愈
서울 양천구 목동로11길 5 (신정동) 1층 카페화목토 제빈꽃,首尔特别市阳川区木洞路 11 街 5 号（新井洞）Cafe Hwamokto 1 楼 Jebin Flower
서울특별시 양천구 목동로11길 5,首尔特别市阳川区木洞路11街5
캔버스 아크릴화 원데이클래스,丙烯画布绘画一日课程
서울 마포구 연남로 41 (연남동) 3층 아트스튜디오이젤,首尔特别市麻浦区延南路 41 号（延南洞）3 楼 Ezel 艺术工作室
서울특별시 마포구 연남로 41,首尔市麻浦区延南路41号
조향사와 함께 석고방향제 만들기 이색 클래스,独特的课程，教你用香水制作石膏空气清新剂
조향사와 함께 나만의 디퓨저 만들기 클래스200ml,使用调香师课程（200毫升）自制香薰
나만의 정원 다육이모듬식재,我的花园：多肉植物混合种植
케이크캔들 만들기(M) 원데이클래스,蛋糕蜡烛制作（中）一日课程
조향사와 함께 나만의캔들 만들기 클래스 200g,自制蜡烛（含调香课程，200克）
무전력 우드스피커 만들기 원데이 클래스 / 원형 1구,一日制无动力木制音箱制作课程 / 单轮
무전력 우드스피커 만들기 원데이 클래스 / 2구 원목,一日课程：制作无源木制音箱/双插座实木音箱
플랜트 레터랙 만들기,制作植物字母架
서울 용산구 신흥로11나길 33 (용산동2가) 101호,首尔特别市龙山区新兴路11那街33号101室（龙山区2街）
서울특별시 용산구 신흥로11나길 33,首尔特别市龙山区新兴路11那街33
도자기원데이클래스,陶艺一日课程
"서울 강남구 논현로 332 역삼동, 계유빌딩",首尔市江南区驿三洞论岘路332桂友大厦
서울특별시 강남구 논현로 332,首尔特别市江南区论岘路332
내 마음을 알고 싶어요(MMPI-2),我想了解我的内心（MMPI-2）
소마틱 필라테스 Somatics 1:1 체험수업,一对一体感普拉提体验课
서울 강남구 삼성로119길 25 (삼성동) 3층,首尔特别市江南区三成路119街25号3楼（三成洞）
서울특별시 강남구 삼성로119길 25,首尔特别市江南区三成路119街25
공기정화식물을 품은 강아지 토피어리 만들기,用净化空气的植物制作狗狗造型植物
다이아몬드릴리,钻石百合
서울특별시 강남구 선릉로 711 (논현동) 1층 다이아몬드릴리,首尔市江南区宣陵路（论岘洞）711号1楼，钻石百合
나만의 플라워캔들+곰돌이캔들 만들기 원데이 클래스,一日课程：制作属于你自己的花朵蜡烛和泰迪熊蜡烛
무전력 우드스피커 만들기 원데이 클래스 / 2구 기본 + 가죽,一日课程：制作无功率木质音箱/基础款双端口+皮革
마크라메 월행어 만들기,制作一款编织挂毯
무전력 우드스피커 만들기 원데이 클래스 / 1구 원목,一日课程：制作无电源木制扬声器/单孔实木
무전력 우드스피커 만들기 원데이 클래스 / 2구 기본,一日课程：制作无功率木制扬声器/基础双端口
"성동구 / 서울원데이[서울 성수] 무전력 우드스피커 만들기 원데이 클래스 / 1구 기본 + 가죽 (1)70,000원","首尔城东区/首尔一日课程【首尔圣水】免电木质音箱制作一日课程/单孔基础款+皮革（1）70,000韩元"
"중랑구 / 서울원데이[서울 중랑] 우드카빙 - 버터나이프, 나무숟가락을 깎아보자!(1)60,000원","首尔中浪区一日木雕体验 - 一起来雕刻黄油刀和木勺吧！（1）60,000韩元"
"은평구 / 서울원데이장미? 국화? 말고 진짜 잘쓰는 플라워 케이크 만들기(1)9%128,000원","首尔恩平区一日鲜花蛋糕制作：玫瑰？菊花？除了这些，还能制作真正实用的鲜花蛋糕 (1) 9% 128,000 韩元"
"마포구 / 서울원데이[마포] 카페감성 인테리어 식물 중형화분 가드닝(1)33%53,000원","首尔麻浦区一日游 [麻浦] 咖啡厅风格室内植物中盆栽园艺 (1) 33% 53,000 韩元"
"마포구 / 서울원데이[서울/마포/망원/홍대] 꼼작 핸드드립 커피 원데이 클래스(1)60,000원","麻浦区/首尔一日课程 [首尔/麻浦/望原/弘大] Kkomjak 手冲咖啡一日课程 (1) 60,000 韩元"
"송파구 / 서울원데이[잠실/송파] 현직 물리치료사와 함께하는 매트필라테스 소그룹 클래스(0)66%40,000원","首尔松坡区/松坡一日[蚕室/松坡]垫上普拉提小班课程，由执业理疗师授课 (0)66% 40,000韩元"
"동작구 / 서울원데이[서울 동작] 도자기 체험 핸드페인딩 접시 또는 컵 만들기 원데이 클래스(0)22%35,000원","首尔铜雀区一日陶艺体验：手绘盘子或杯子制作一日课程 (0)22% 35,000 韩元"
"동작구 / 서울원데이[서울 동작] 색소지 플레이트 만들기 원데이 클래스(0)25%60,000원","首尔铜雀区一日彩纸盘制作课程 (0)25% 60,000 韩元"
"강서구 / 서울원데이드로잉디퓨저 만들기 원데이클래스(0)40,000원","首尔江西区/首尔一日制香薰制作绘画课程（0）40,000韩元"
"강남구 / 서울원데이[강남]커플성격분석 에니어그램(0)16%100,000원","首尔江南区一日游【江南】情侣性格分析九型人格（0）16% 100,000韩元"
"강북구 / 서울원데이[서울 수유동] 내방의 작은바 칵테일캔들,딸기캔들만들기 원데이 클래스(10)40,000원","首尔江北区/首尔一日游【首尔水柳洞】房间小酒吧鸡尾酒蜡烛、草莓蜡烛制作一日课程（10）40,000韩元"
"강남구 / 서울원데이[서울/강남] 원데이 반려동물 목걸이 펫 클래스(0)70,000원","首尔江南区/一日宠物项圈课程（0）70,000韩元"
"중구 / 대구원데이[대구/핫플/동성로] 조향사와 함께 나만의 왁스타블렛 만들기 클래스(0)37%50,000원","中区/大邱一日游 [大邱/热点/东城路] 与调香师一起制作专属香氛蜡烛片 (0)37% 50,000 韩元"
"강북구 / 서울원데이[서울 수유동] 손쉽게만드는 시나몬플라워캔들만들기(1)11%40,000원","首尔江北区/一日游【首尔水柳洞】简易肉桂花蜡烛制作教程（1）11% 40,000韩元"
"성동구 / 서울원데이[서울 성수] 무전력 우드스피커 만들기 원데이 클래스 / 1구 기본 (0)50,000원","首尔城东区/首尔一日制【首尔圣水】免电木质音箱制作一日课程/单孔基础班（0）50,000韩元"
"강북구 / 서울원데이[서울 수유동] 미니미 귀여운 선인장캔들만들기 2ea 원데이 클래스(4)22%35,000원","首尔江北区/首尔一日游【首尔水柳洞】制作可爱迷你仙人掌蜡烛（2个）一日课程（4）22%折扣 35,000韩元"
"중랑구 / 서울원데이[서울 중랑] 나만의 우드 타일 코스터 만들기(0)50,000원","首尔中浪区一日游 [首尔中浪] 自制木瓦杯垫 (0)50,000韩元"
"양천구 / 서울원데이목동 꽃으로 힐링하는 꽃집 카페 (4)60,000원","阳川区/首尔一日游 木洞花店咖啡馆（鲜花疗愈）（4）60,000韩元"
"마포구 / 서울원데이캔버스 아크릴화 원데이클래스(5)15%55,000원","首尔麻浦区/一日丙烯画布绘画课程（5）15%折扣 55,000韩元"
"중구 / 대구원데이[대구/핫플/동성로] 조향사와 함께 석고방향제 만들기 이색 클래스(1)37%50,000원","中区/大邱一日游 [大邱/热点/东城路] 特色课程：与调香师一起制作石膏空气清新剂 (1) 37% 50,000 韩元"
"중구 / 대구원데이[대구/핫플/동성로] 조향사와 함께 나만의 디퓨저 만들기 클래스200ml(1)45%55,000원","中区/大邱一日课程 [大邱/热点/东城路] 自制香薰精油（200毫升）(1) 45%折扣 55,000韩元"
"마포구 / 서울원데이[마포] 나만의 정원 다육이모듬식재(0)4%48,000원","首尔麻浦区一日游【麻浦】自家花园多肉植物拼盘（0）4% 48,000韩元"
"강서구 / 서울원데이케이크캔들 만들기(M) 원데이클래스(0)70,000원","首尔江西区一日蛋糕蜡烛制作课程（M）一日班（0）70,000韩元"
"중구 / 대구원데이[대구/핫플/동성로] 조향사와 함께 나만의캔들 만들기 클래스 200g(0)30%42,000원","中区/大邱一日课程 [大邱/热点/东城路] 与调香师一起制作专属蜡烛 200克 (0)30% 42,000韩元"
데일리 추천 감성 라탄 가방 만들기,制作一款适合日常使用的时尚藤编包
층 스테이라탄,多层藤条
서울특별시 서대문구 대현동 이화여대1길 42-1 2층 스테이라탄,Stay Rattan，2楼，42-1，梨花女子大学1街，大贤洞，西大门区，首尔
자개책갈피 원데이클래스,珍珠母书签一日课程
서울특별시 강서구 등촌동 365-214 302호,首尔特别市江西区登村洞365-214 302室
서울 강서구 공항대로58나길 24-3,首尔特别市江西区机场大路58那街24-3
연말 홈데코 펀치니들 크리스마스 미니 액자 만들기 클래스,年末家居​​装饰戳绣圣诞迷你相框制作课程
서울특별시 은평구 신사동 21-6 1층 굿바잉,Good Buying，首尔市恩平区新沙洞21-6号1楼
서울 은평구 은평로 52-16,首尔市恩平区恩平路52-16号
크리스마스 홈데코 펀치니들 리스만들기 원데이 클래스,圣诞家居装饰戳绣花环制作一日课程
서울 · 강남구 · 논현로152길,首尔·江南区·论岘路 152 街
서울 강남구 논현로152길,首尔特别市江南区论岘路152
크리스마스 분위기 한가득✨글라스아트 리스 만들기,充满圣诞气息✨ 制作玻璃艺术花环
서울특별시 서대문구 이화여대1길 42-1 2층,首尔市西大门区梨花女子大学1街42-1号2楼
서울 서대문구 이화여대1길 42-1,首尔特别市西大门区梨花女子大学1街42-1
크리스마스 캔들센터피스 만들기 원데이클래스,圣诞蜡烛中心装饰品制作一日课程
서울특별시 마포구 서교동 247-20 1층 델라젬,首尔特别市麻浦区西桥洞 247-20 1 楼 Delagem
서울 마포구 월드컵로 212,首尔特别市麻浦区世界杯路212
자이언트플라워 페이퍼플라워 코스모스 만들기 원데이클래스 수업,巨型纸花制作一日课程
서울 · 강남구 · 역삼동,首尔·江南区·驿三洞
서울 강남구 언주로85길 23-11,首尔特别市江南区彦州路85街23-11
내가 직접 조향하는 세상에 단 하나뿐인 향수 만들기,我亲手调制了一款独一无二的香水。
서울특별시 성북구 동선동3가 243 동진빌딩 302호 팔레트공방,Palette Workshop，东进大厦302室，首尔市城北区东善洞3街243号
서울 성북구 삼선동5가 400-1,首尔特别市城北区三仙洞5街400-1
초보자를 위한 초상화 원데이클래스,一日人像摄影入门课程
홍대/연남,弘大/延南
서울 마포구 월드컵북로 52,首尔特别市麻浦区世界杯北路52
한복방향제 만들기,制作韩服空气清新剂
서울 · 강남구 · 학동로43길,首尔市江南区鹤洞路43街
서울 강남구 학동로43길,首尔市江南区鹤洞路43号
원데이 베이킹 클래스 직장인 문화체험,一日烘焙课程：上班族的文化体验
원하시는 장소가 있는 경우 찾아가는 클래스로 유연하게 진행이 가능합니다.,如果您有偏好的地点，我们可以灵活地安排面授课程。
복잡한 마음을 치유해줄 반려식물 감성라탄소품 행잉바스켓 만들기,用充满纪念意义的藤编配件和搭配植物制作吊篮，疗愈复杂的心灵
서울 · 동작구 · 서달로8길,首尔·铜雀区·西达路8街
서울 동작구 서달로8길,首尔特别市铜雀区西达路 8
"우리 모두 ""잘될고래 ""글라스아트 도어벨",我们家都有“鲸鱼工作”玻璃艺术门铃。
자개공예 멸종 위기종 키링 만들기,制作珍珠母濒危物种钥匙扣
자개도 어찌 보면 패각을 버리지 않고 가공하여 만들어진 재료로 업사이클링이 되었다고 생각이 되요!,从某种意义上说，我认为珍珠母也是一种升级再造，因为它是通过加工贝壳而不是丢弃贝壳而制成的材料！
꼼지락:),正在想办法 :)
경상북도 · 구미시 · 구미중앙로21길,庆尚北道·龟尾市·龟尾中央路21街
경상북도 구미시 구미중앙로21길,庆尚北道龟尾市龟尾中央路21街
실내 클라이밍 일일체험 클래스,室内攀岩一日体验课
생활스포츠지도사 2급 이상을 보유한 전문적인 강사님들이 배치되어 더욱 안전하게 즐길 수 있습니다.,那里配备了持有二级或以上休闲运动认证的专业教练，让您能够更加安全地享受运动体验。
"플로우 요가 좋아한다면, 이건 꼭! – 인사이드플로우 원데이클래스",如果你喜欢流瑜伽，这绝对不容错过！——一日流瑜伽课程
서울 · 황학교.텐즈힐몰 ·,首尔·黄鹤学校·天泽山购物中心
서울 황학교.텐즈힐몰,首尔黄鹤学校。丹增购物中心
스트레스 풀리는 터프팅 공예 원데이 클래스,减压簇绒工艺一日课程
층 희유스튜디오,楼上 Heeyu 工作室
경기도 고양시 일산서구 성저로46번길 14 1층 희유스튜디오,京畿道高阳市一山西区圣堤路46街14号Heeyu Studio 1楼
도자기캐릭터 그릇 만들기,制作陶瓷人物碗
경기도 수원시 장안구 조원동 866-5 1층,京畿道水原市长安区曹院洞866-5 1楼
와인&미술)I Love Me(콜라주로 완성하는 자화상),葡萄酒与艺术）我爱我自己（拼贴自画像）
서울 강남구 역삼동,首尔市江南区驿三洞
"""내 성격은 어떤 캐릭터일까?""심리로 그리는 나의 캐릭터 워크숍",“我的性格属于哪种类型？”心理学研讨会
"감각적인 니치향수 제작, 뤼미에르 퍼퓸 B Class",Lumière香水B级，打造感性小众香水
층 뤼미에르 퍼퓸 천안,Cheong Lumière 香水 天安
충청남도 천안시 동남구 먹거리8길 9,忠清南道天安市东南区墨枝里8街9
프리저브드 디퓨저 만들기,制作保鲜扩香器
"서울특별시 강남구 논현동 83-22 논현2주민센터, 4층 향기로운그대 공동작업장",芬芳你社区工作室，论岘2社区中心4楼，首尔市江南区论岘洞83-22号
돌고래 오브제가 들어간 감성 유리병 만들기 하바리움 원데이클래스,用海豚图案物品制作美观玻璃瓶的一日课程（植物标本馆）。
수업일시 : 상시모집 등록된 클래스 일정외에도 변경 추가 가능합니다 일정문의는 채팅으로 문의 주세요,课程日期：持续招生。课程安排可能会根据实际情况进行调整或增加，具体安排请通过聊天咨询。
수업일시 : 상시모집 (등록된 클래스 일정외에도 변경 추가 가능합니다 일정문의는 채팅으로 문의 주세요),课程日期：持续招生（课程安排可能会在已注册课程表之外进行更改或增加。如有课程安排方面的疑问，请通过聊天咨询。）
"감각적인 시그니처 향수 제작, 뤼미에르 퍼퓸 A Class",创造感性的标志性香水，Lumière Parfum A Class
유명 브랜드향수 만들기 (30ml)/ 오드퍼퓸보다 4배 진한 향수/ 당일 사용가능,自制名牌香水（30毫升）/ 比淡香精浓度高4倍的香水 / 可当日使用
서울 · 송파구 · 올림픽로,首尔·松坡区·奥林匹克路
서울 송파구 올림픽로,首尔市松坡区奥林匹克路
건강 강의와 요리를 한 번에 1+1 원데이/정규 클래스,健康讲座和烹饪课程合二为一，买一送一，一日/常规课程
경기도 · 군포시 · 대야1로11번길,京畿道·军浦市·大耶1路11号街
경기도 군포시 대야1로11번길,京畿道军浦市大耶1路11街
인도에서 온 전문가들에게 배워보는 특별한 웰니스 경험!(on 남이섬),在南怡岛，向印度专家学习，体验特别的健康养生之旅！
서울 · 광진구 · 구의1동,首尔·广津区·九宜1洞
서울 광진구 구의1동,首尔特别市广津区九宜1洞
나만의 향수 만들기 20ml 간단 클래스,简易20毫升自制香水课程
서울 · 마포구 · 연남동,首尔·麻浦区·延南洞
서울 마포구 연남동,首尔市麻浦区延南洞
특별한 조향 체험 나만의 향수 만들기,一次特别的香水制作体验：调制属于你自己的香水
서울 · 서초구 · 서초2동,首尔·瑞草区·瑞草2洞
서울 서초구 서초2동,首尔特别市瑞草区瑞草2洞
"<여행의 기억, 선물이 되는 시간> 작은선물만들기 원데이클래스 _재봉틀",《旅行回忆，化作礼物》小型礼物制作一日课程_缝纫机
"제주도의 아름다운 자연 속에서, 1인 여행객들을 대상으로 진행하는 이 원데이 클래스는 단순히 선물을 만드는 시간이 아닌, 누군가를 생각하는 시간을 갖는 특별한 여정입니다. 사랑하는 사람에게 주고 싶은 선물, 그 사람을 떠올리며 만드는 시간이 될 것입니다.",这门专为独自旅行者设计的、在济州岛优美自然环境中举办的一日课程，不仅仅是一次制作礼物的体验，更是一次反思与爱人相处的特别旅程。您将有机会亲手制作一份想要送给挚爱的礼物，同时心中也想着对方。
"강남역 기업, 단체 맞춤형스페셜티 커피 핸드드립 클래스",江南站为公司和团体定制的特色手冲咖啡课程
서울 · 서초구 · 사임당로,首尔·瑞草区·师任堂路
서울 서초구 사임당로,首尔市瑞草区师任堂路
MY PET 인형만들기,制作我的宠物娃娃
서울 · 성동구 · 왕십리로,首尔·城东区·往十里路
서울 성동구 왕십리로,首尔市城东区往十里路
모루플라워 클래스,莫鲁花班
스승의 날 어버이날 부모님 선물 교수님 은사님 선물 화과자 만들기,教师节、父母节、送给父母的礼物、送给教授和导师的礼物、制作和菓子
서울 · 영등포구 · 도림로,首尔·永登浦区·道林路
서울 영등포구 도림로,首尔特别市永登浦区道林路
세상에 하나뿐인 은팔찌 만들기 원데이클래스,独一无二的银手镯制作一日课程
서울 · 노원구 · 동일로178길,首尔·芦原区·东日路 178 街
서울 노원구 동일로178길,首尔特别市芦原区东一路 178
"세상에 하나뿐인 은목걸이만들기(이니셜,하트,돌고래꼬리 등)",制作独一无二的银项链（姓名首字母、心形、海豚尾巴等）
폭닥폭닥 토마토 발매트 만들기 클래스,制作舒适番茄图案浴室垫课程
내가 만들어 착용하는 은(silver)이니셜 반지 만들기 원데이클래스,一日课程，教你制作并佩戴属于你自己的银质字母戒指
사인 할 때마다 자신감 UP! 나만의 특별한 사인 제작 클래스(누적 3만명+),每次签名都能提升你的自信！创建你专属的签名课程（累计超过30000名参与者）
전라남도 순천시 조곡동 159-14 생태비즈니스센터 2층,全罗南道顺天市草谷洞159-14 生态商务中心2楼
퍼스널 이미지 향수 클래스,个人形象香水课程
서울 · 은평구 · 진관2로,首尔·恩平区·精湾2路
서울 은평구 진관2로,首尔特别市恩平区精湾2路
나만의 도자기 만들기- 컬러칩 플레이트,自制陶器——彩色拼花盘
층 라테라 세라믹,层状拉特拉陶瓷
서울특별시 마포구 대흥동  대흥로 100  2층 라테라 세라믹,Latera Ceramic，首尔市麻浦区大兴洞大兴路100号2楼
몽실몽실 발매트 만들기,制作蓬松地垫
난이도가 쉽지만 작업물 사이즈 상 원데이 클래스로,难度不高，但由于作业量较大，所以只安排了一天的课程。
펀치니들 미니 꽃 액자,戳绣迷你花框
오가닉으로 건강한 샴푸바 올인원바 만들기,制作健康有机的洗发皂/多效合一皂
든시티 506호,德恩城506室
전북특별자치도 전주시 완산구 홍산4길 6 골든시티 506호,全罗北特别自治道全州市完山区洪山4街6号黄金城506室
향기테라피 커스텀 키링 만들기,制作定制香薰钥匙扣
향기로운 나만의 캔들클래스,属于我自己的香氛蜡烛
원하시는 캔들의 디자인을 선택하실 수 있으며 원하시는 향과 컬러로 나만의 오브제 캔들을 만들어 보세요. 사이즈에 따라 3-4개 제작 가능,您可以选择心仪的蜡烛设计，并根据喜好选择香味和颜色，打造独一无二的专属蜡烛。根据尺寸大小，可制作3至4件。
원하시는 캔들의 디자인을 선택하실 수 있으며 원하시는 향과 컬러로 나만의 오브제 캔들을 만들어 보세요. (사이즈에 따라 3-4개 제작 가능),您可以选择心仪的蜡烛设计，并根据喜好定制香味和颜色的专属蜡烛。（根据尺寸大小，可制作3-4件）
남녀노소/몸치/운동신경제로 누구나 가능한 격투기 원데이클래스❤️‍🔥,面向所有人的一日武术课程，不限年龄、性别，也不管你协调性如何或是否有运动天赋❤️‍🔥
행궁동 모루인형 키링 만들기🧸 기업/단체/출강 문의 환영🙆🏻‍♂🙆,行宫洞莫鲁娃娃钥匙扣制作🧸欢迎企业/团体/上门授课咨询🙆🏻‍♂🙆
하 1층 SEHWA,下1楼 SEHWA
경기 수원시 팔달구 화서문로 32,京畿道水原市八达区华西门路32
행궁동 버니브릭 페인팅🐰 기업/단체/출강 문의 환영🙆🏻‍♂🙆,行宫洞兔子砖画🐰 欢迎企业/团体/现场授课咨询🙆🏻‍♂🙆
행궁동 베어브릭 페인팅🐻 기업/단체/출강 문의 환영🙆🏻‍♂🙆,行宫洞熊砖彩绘🐻 欢迎企业/团体/讲座咨询🙆🏻‍♂🙆
행궁동 화분 만들기🪴 기업/단체/출강 문의 환영🙆🏻‍♂🙆,行宫洞花盆制作🪴欢迎企业/团体/上门授课咨询🙆🏻‍♂🙆
행궁동 캔버스 드로잉🎨 기업/단체/출강 문의 환영🙆🏻‍♂🙆,行宫洞画布绘画🎨 欢迎企业/团体/讲座咨询🙆🏻‍♂🙆
"비누에 봄을 담아요, 플라워솝 압화비누 만들기",用肥皂捕捉春天：制作花皂 压花皂
"내 몸에도 건강하고, 환경에도 이로운 제로웨이스트 올인원 샴푸바 만들기",制作一款对身体健康且对环境友好的零浪费多合一洗发皂
내 취향에 딱 맞는 향기로 만드는 천연 핸드크림 원데이클래스,参加一日课程，学习如何制作一款香味完全符合我喜好的天然护手霜
뜨개 몰라도 만드는 폭닥폭닥 핸드니팅 얀 방석! 나만의 보들보들 방석,即使你不会编织，也能轻松制作一个舒适的手工编织毛线靠垫！属于你自己的柔软靠垫
독서가 쉽고 즐거운 속독수업 락독체험 수업에 초대합니다!,我们诚邀您参加 Rakdok 体验课，这是一门让阅读变得轻松有趣的速读课程！
"속도가 올라가서 자신감도 생길 뿐만 아니라, 내면의 자신감을 높여주는 수업입니다.",这门课程不仅可以提高你的速度和增强你的自信心，还可以增强你的内在自信心。
소망컬러 소잉클래스(단체클래스),Somang 色彩缝纫课（团体课）
경상남도 · 거제시 · 옥포중앙로,庆尚南道·巨济市·玉浦中央路
경상남도 거제시 옥포중앙로,庆尚南道巨济市玉浦中央路
★귀염뽀짝! 라탄 곰돌이 바구니★ 성인/키즈 모두 가능,★可爱又萌！藤编泰迪熊篮子★ 成人和儿童均适用
경기도 · 화성시 · 청계동,京畿道·华城市·清溪洞
경기도 화성시 청계동,京畿道华城市清溪洞
☆활용만쩜! 감성소품☆ 라탄 티코스터 원데이클래스(2set),☆用途广泛！美观装饰☆ 藤编茶杯垫一日课程（2套）
전통주요가&시음회,传统酒类瑜伽及品鉴活动
서울 · 성동구 · 아차산로17길,首尔·城东区·峨嵯山路17街
서울 성동구 아차산로17길,首尔市城东区峨嵯山路 17
나의 매력을 발견하는 퍼스널컬러 클래스,个人色彩课程，发现我的魅力
충청북도 청주시 상당구 북문로2가 114-14 3번출구 카페,忠清北道清州市上堂区北门路2街114-14号3号出口咖啡厅
충청북도 청주시 상당구 북문로2가 114-14,忠清北道清州市上堂区北门路2街114-14
나만의 향수 만들기 MBTI향수 만들기,自制香水：制作MBTI香水
서울 · 강동구 · 상암로,首尔市江东区上岩路
서울 강동구 상암로,首尔市江东区上岩路
소망컬러 소잉클래스,Somang色彩缝纫课
Blendin White Business Lab : AI 기반 비즈니스 연구 그룹,布兰丁·怀特商业实验室：基于人工智能的商业研究小组
서울 · 서초구 · 서초대로50길,首尔·瑞草区·瑞草大路50街
서울 서초구 서초대로50길,首尔特别市瑞草区瑞草大路50街
"Brains Lab : 비즈니스, 정부지원, 사이드잡 연구실",脑力实验室：商业、政府资助、兼职实验室
요가 체험,瑜伽体验
롬타워 204호,罗姆塔204室
경기도 성남시 수정구 위례광장로 9-10 아롬타워 204호,京畿道城南市水井区卫礼广藏路9-10阿罗姆塔204室
"레코딩 원데이 클래스 ""내가 부르는 노래""",录制一日课程“我所唱的歌”
화과자만들기 체험(5pcs만들기+리뷰시1pcs증정) 눈으로 즐기고 입으로 즐기는 화과자,和菓子制作体验（制作5个，另赠送1个用于评测） 视觉与味觉的双重享受 和菓子
서울 · 양천구 · 목동동로,首尔·阳川区·木洞洞路
서울 양천구 목동동로,首尔特别市阳川区木洞洞路
화과자만들기7pcs+(리뷰시2pcs증정) 화과자로 만드는 한입 예술,和菓子制作套装 7 件装 +（赠送 2 件用于评测）用和菓子制作一口大小的艺术品
시한드로잉모임,诗歌绘画小组
서울 · 서초구 · 서초동,首尔·瑞草区·瑞草洞
서울 서초구 서초동,首尔市瑞草区瑞草洞
매주 토요일 태권도 1일 클래스,每周六开设跆拳道一日课程
경기도 · 남양주시 · 다산순환로,京畿道·南杨州市·茶山循环路
경기도 남양주시 다산순환로,京畿道南杨州市茶山循环路
감성가득 플라워 디퓨저 원데이클래스,感性花卉香薰一日课程
서울 · 은평구 · 갈현로,首尔市恩平区嘉岘路
서울 은평구 갈현로,首尔市恩平区嘉岘路
"웃음 만발, 모두가 만족하는 플레이모빌 럭키 키링 만들기",制作一款能带来欢笑并让每个人都满意的Playmobil幸运钥匙扣
서울역 서부역 방향 대로변 (구 종로학사 건물 옆) 2층,二楼，位于通往首尔站西方向的主干道上（原钟路学社大楼旁）
좋아하는 원두 취향 찾고 나만의 드립백 10개 만들기(원데이),找到你最喜欢的咖啡豆，并制作10个定制滴滤咖啡包（一日课程）
새해 맞이 제스모나이트 액막이 도어벨 만들기,为新年制作一个杰斯蒙石防护门铃
서울 · 강북구 · 미아동,首尔市江北区美亚洞
서울 강북구 미아동,首尔市江北区美亚洞
샤쉐(향주머니) 만들기 클래스,香囊（香包）制作课程
"경기도 수원시 영통구 광교호수공원로 277(원천동, 광교중흥에스클래스) B2층 35호",京畿道水原市灵通区光教湖水公园路277号B2F 35室（光教中兴S级元川洞）
경기 수원시 영통구 광교호수공원로 277,京畿道水原市灵通区光教湖公园路277
의류패턴제작과 수선 (26회),服装制版与修补（第26版）
층 뉴패션디자인학원,新时装设计学院
광주광역시 남구 서문대로 773-2  4층 뉴패션디자인학원,新时装设计学院，光州南区西门大路773-2号4楼
드라이플라워로 만드는 나만의 디퓨져 무드등,用干花自制香薰氛围灯
층 미다모은공방,地板 Midamoeun 工作室
광주광역시 광산구 장덕동 장덕로39번길 10 1층 미다모은공방,光州广域市光山区长德洞长德路39街10号Midamoeun工坊1楼
나만의 조향 향수 만들기 클래스,自制香水课程
서울 · 마포구 · 독막로18길,首尔·麻浦区·多克马克路 18 街
서울 마포구 독막로18길,首尔特别市麻浦区洞马克路18街
감정을 해소하는 글쓰기 아트테라피:파도에 흘려보낸 마음,用写作艺术疗法释放情绪：一颗被海浪冲走的心
대전광역시 서구 계룡로 314 대전 청춘스럽 대전일보사 1층 나눔회의실2,大田日报一楼2号共享会议室，地址：大田市西区鸡龙路314号大田清春街314号
대전광역시 서구 계룡로 314 대전 청춘스럽(대전일보사 1층 나눔회의실2),大田清春社，大田市西区鸡龙路314号（大田日报1楼，共享会议室2）
홍대 근막경선 빈야사요가 원데이클래스,弘大筋膜经络瑜伽一日课程
제스모나이트+캔들/레진아트 2가지를 한번에 배울수 있다?,你可以同时学习杰斯蒙石和蜡烛/树脂艺术吗？
경기도 · 군포시 · 산본로323번길,京畿道·军浦市·山本路 323 街
경기도 군포시 산본로323번길,京畿道军浦市山本路323
가족 연인이 좋아할만한 크리스마스 리스만들기,制作一款家人和情侣都会喜欢的圣诞花环
경기도 수원시 팔달구 인계동 488-1 아임위드엘리시아 9층 904호,京畿道水原市八达区仁溪洞488-1号 Im With Elysia 大厦9楼904室
"서울 도심에서 떠나는 나만의 밤하늘 여행, Nineteen Class",我从首尔市中心出发，开启了我的夜空之旅，十九年级
서울 · 관악구 · 남부순환로,首尔·冠岳区·南部循环路
서울 관악구 남부순환로,首尔市冠岳区南部环形路
플라워 취미반 클래스,花卉爱好班
층 로지아플라워,地板洛吉亚花
대구광역시 남구 이천동 대봉로32길 6-2 1층 로지아플라워,Logia Flower，1楼，大邱市南区利川洞大峰路32街6-2。
오로라 디퓨저 / 향수 클래스,极光香薰/香水系列
크리스마스이미지 와인잔에 프린팅하기(실크스크린기법),在葡萄酒杯上印制圣诞图案（丝网印刷技术）
영화같은 목공방 도마 만들기 oneday class,电影风格木工砧板制作一日课程
단하나뿐인 나만의 시그니처 향수 만들기,打造您独一无二的专属香水
혼자서도 소소하게 즐기기 좋은 취미활동으로,作为一种即使独自一人也能轻松享受的爱好，它很不错。
PET & FLOWER 반려견과 함께하는 플라워 클래스,宠物与鲜花：携爱犬参加鲜花课程
서울 강남구 도산대로67길 29 지층,首尔市江南区岛山大路67街29号底层
유명 브랜드 향수 만들기(30ml) 당일 즉시 사용.오드퍼퓸보다 4배 진한 향수.,自制名牌香水（30毫升）。当天即可使用。浓度是淡香精的四倍。
서울특별시 서울 송파구 올림픽로119 파인애플상가 지하1층 B18 지하1층160호,首尔市松坡区奥林匹克路119号菠萝购物中心地下1层160单元
퍼스컬컬러+골격진단 이미지메이킹 원데이클래스,个人色彩+骨骼结构分析及形象塑造一日课程
쫀득달콤 수제 떡 원데이 클래스,软糯香甜手工米糕一日课程
층 쌀롱해랑,地板沙龙 Haerang
서울특별시 마포구 노고산동 신촌로20길 34 1층 쌀롱해랑,Salon Haerang，首尔市麻浦区老古山洞新村路20街34号1楼
성인반 아이패드 드로잉 4주과정,面向成人的4周iPad绘画课程
대구,大邱
앙금플라워 쿠키,豆沙花饼干
65,65
인천광역시 부평구 부흥북로57번길 32-17 12-65,仁川市富平区富兴北路57号街12-65、32-17
반려동물 수제간식만들기,自制宠物零食
층 펑크플러프,层叠朋克绒毛
서울특별시 광진구 자양동 뚝섬로31길 43 1층 펑크플러프,首尔特别市广津区紫阳洞纛岛路31街43号1楼Punk Fluff
🔮 「타로 아틀리에」 타로 리딩 후 나만의 타로 운세를 다꾸로 기록해보세요!,🔮 在“塔罗工作室”进行塔罗牌占卜后，请将您自己的塔罗牌运势记录在日记中！
서울 · 마포구 · 양화로,首尔·麻浦区·杨花路
서울 마포구 양화로,首尔市麻浦区杨花路
위스키클래스&칵테일클래스,威士忌课程和鸡尾酒课程
"🎧K-pop 릴스 완전정복, 목각도 무조건 최애 안무 마스터 가능💙",🎧K-pop Reels大师：即使是木棍也能学会他们最爱的舞蹈动作💙
서울 · 마포구 · 신촌로4길,首尔·麻浦区·新村路4街
서울 마포구 신촌로4길,首尔特别市麻浦区新村路4街
나전옻칠 수저 원데이클래스,珍珠母贝漆勺一日课程
찾으시려는 페이지의 주소가 정확한지 다시 한번 확인해 주세요,请仔细核对您要查找的页面地址是否正确。
공기정화식물 모스와 화산석을 이용한 스톤디퓨저만들기,用空气净化植物苔藓和火山岩制作石质香薰机
전통주를 취미로😎내손내빚 막걸리양조,以酿造传统酒为爱好😎 亲手酿造马格利酒
서울 · 강동구 · 상암로39길,首尔市江东区上岩路39街
서울 강동구 상암로39길,首尔市江东区上岩路39街
지금부터 크리스마스 기다리는 사람?,现在有人开始期待圣诞节了吗？
나도 아티스트 페인팅 원데이 클래스,我是一名艺术家，开设一日绘画课程
작가님과 함께하는 아크릴화클래스,与艺术家一起上丙烯画课
서울 · 마포구 · 동교로27길,首尔·麻浦区·东桥路27街
서울 마포구 동교로27길,首尔市麻浦区东桥路27号
제스모나이트 원데이클래스,杰斯蒙尼特一日课程
"지하철이용시-5호선 아차산역 5번출구에서 나오셔서 큰 도로 따라 내려오시다 ‘삼익가구’ 골목으로 쭉 내려오시면 됩니다.
주차가능 
주소 : 서울 광진구 천호대로 118길 47 1층","地铁：从峨嵯山站（5号线）5号出口出站，沿主路步行，然后拐入“三益家具”旁边的巷子，继续直行。

提供停车位

地址：首尔市广津区天湖大路118街47号1楼"
탁구선수가 알려주는 잘 치는법! 왕초보부터 고수까지 쪽집게 과외,如何打好乒乓球？由乒乓球运动员亲自指导！从零基础到专家级，全程专家授课！
경기도 수원시 팔달구 정조로801번길 24,京畿道水原市八达区正祖路801街24
"심신의 조화를 이루는 심리미술, 내면의 세계를 탐험하다",心理艺术促进身心和谐：探索内在世界
감성 넘치는 옛 건물을 힙하게 그려보는 원데이 어반 스케치 클래스,一日城市速写课程，教你用时髦的风格绘制充满情感的老建筑
수강하시는 분들외에 다른 업무로 운영되는 오픈 스튜디오입니다.,这是一个开放式工作室，其运营目的并非面向学生，而是用于商业用途。
허브티+아로마테라피 클래스 (8월 29일),草本茶+芳香疗法课程（8月29日）
서울시공익활동지원센터,首尔公益活动支援中心
"서울특별시 용산구 백범로99길 40 용산베르디움프렌즈 101동 지하1층, 서울시공익활동지원센터",首尔公益活动支援中心，首尔市龙山区白凡路99街40号，龙山Vertium Friends 101号楼B1层
곰손도 완전 가능!! 귀여운 모루인형 만들기,笨手笨脚也能做到！制作可爱的雪尼尔娃娃
청둥오리 콜라주 아트북 만들기,制作一本野鸭拼贴画艺术书
심리검사로 보는 연애패턴 이해 클래스,通过心理测试了解约会模式课程
TCI 기질 및 성격 검사,TCI气质和人格测试
서울 · 서초구 · 이수역-사당역,首尔市瑞草区梨水站 - 舍堂站
서울 서초구 이수역-사당역,首尔市瑞草区梨水站 - 沙堂站
초보자도 쉽게 배우는 순수미술 클래스,即使是初学者也能轻松学习的美术课程
층 화실 긞,地板艺术室
부산광역시 금정구 장전동 금강로279번길 6 2층 화실 긞,Art Studio Gid，釜山市金井区长田洞金刚路279号街6号2楼
차근차근 배우는 🍀아이패드드로잉🍀,一步一步学习🍀iPad绘画🍀
dee'tz 4weeks regular class (기초반),dee'tz 4周常规课程（基础课程）
서울 · 서대문구 · 연세로7안길,首尔·西大门区·延西路7安街
서울 서대문구 연세로7안길,首尔市西大门区延西路7街
deet'z SPECIAL WORKSHOP,deet'z 特别工作坊
mbti 퍼스널 향수 만들기,制作MBTI个人香水
"부산광역시 남구 대연동 수영로 295 부산광역시 남구 수영로 295 (대연동, 세웅빌딩) 207호",釜山南区大渊洞水营路295号胜大厦207室
감성 공간에서 나만의 힐링 향수 만들기,在充满情感的空间里调制属于你自己的疗愈香氛
서울 · 송파구 · 방이동,首尔·松坡区·芳宜洞
서울 송파구 방이동,首尔市松坡区芳宜洞
행잉가랜더 만들기(with 클레이크림플라워),制作悬挂式花环（用粘土奶油花）
클레이크림플라워 도어벨리스만들기,制作粘土奶油花门铃
목조각 예술로 힐링 교실,通过木雕艺术进行疗愈课程
부천시 원미구 송내대로 73번길 반달빌딩 지하2층,富川市远美区松内大路73 Bandal大厦B2F
보석 방향제와 타블렛 원데이 클래스,宝石空气清新剂和平板电脑一日课程
코바늘 뜨개 곰돌이 키링 만들기,制作钩针泰迪熊钥匙扣
제스모나이트 친환경 소품 만들기,制作杰斯蒙石环保道具
서울 · 금천구 · 가산동,首尔·衿川区·加山洞
서울 금천구 가산동,首尔特别市衿川区加山洞
"K-아트,민화 정규반/지도자자격증반",K-Art，民艺常规班/教师资格认证班
충청북도 · 청주시 · 흥덕구,忠清北道·清州市·兴德区
충청북도 청주시 흥덕구,忠清北道清州市兴德区
K아트-전통을탐하고 창의적으로 재현하는 민화,K-Art——探索传统并以创造性方式重塑传统的民画
충청북도 청주시 흥덕구 직지대로639번길 91,忠清北道清州市兴德区直指大路639街91
건강한베이킹,健康烘焙
서울 · 강동구 · 올림픽로98길,首尔市江东区奥林匹克路98街
서울 강동구 올림픽로98길,首尔市江东区奥林匹克路98街
내피부에 맞는 천연화장품 만들기 명품화장품클래스,奢华化妆品课程：制作适合我肌肤的天然化妆品
경기도 · 하남시 · 미사강변서로,京畿道·河南市·三江边西路
경기도 하남시 미사강변서로,京畿道河南市美沙江边西路
지구를 생각하는 양말목공예 원데이클래스,环保袜子纱线工艺一日课程
"부산광역시 연제구 연산동 988-3 (고분로 111, 1층) 맘스핸즈",釜山广域市莲堤区莲山洞 988-3 妈妈的手 (高分路 111 1 楼)
나무 경첩' 상자 One-Day Class,木制铰链盒一日课程
경기도 일산서구 송산로 559-17 🌿⠀⠀⠀,京畿道一山西区松山路559-17 🌿
나만의 개성이 담긴 힙팟 만들기 원데이클래스,一日课程，教你制作一个具有独特风格的时尚陶罐
덕리치안 레이크타워 810호,德奥奇禅湖塔810室
경기도 용인시 기흥구 흥덕2로 117번길 19 흥덕리치안 레이크타워 810호,京畿道龙仁市器兴区兴德2路117号路19兴德里奇安湖塔810室
슈가 플라워 리스 케익 원데이 클래스,糖花环蛋糕一日课程
압화 캔들홀더+티라이트캔들 클래스,压花烛台 + 茶蜡蜡烛课程
랑실작업소,朗西尔工作室
부산광역시 부산진구 전포대로190번길 34 초랑실작업소,釜山广域市釜山镇区田浦大路190街34号草郎室工房
보자기 아트 하루수업,一日博贾吉艺术课
경기도 · 부천시 · 신흥로,京畿道·富川市·新兴路
경기도 부천시 신흥로,京畿道富川市新兴路
반짝반짝 썬캐쳐 만들기,制作闪闪发光的阳光捕手
경기도 · 수원시 · 팔달구,京畿道·水原市·八达区
경기도 수원시 팔달구,京畿道水原市八达区
보존화로 장식한 동양 벽장식만들기,制作以永生花装饰的东方风格墙饰
서울 · 강남구 · 논현로,首尔·江南区·论岘路
서울 강남구 논현로,首尔特别市江南区论岘路
딱딱한쿠키는가라! 촉촉한브라우니쿠키 원데이클래스 오픈!,告别硬邦邦的曲奇！湿润布朗尼曲奇一日课程现已开放报名！
수업도 재미있는 분위기로 진행하니 부담 갖지 말고 오세요~,课堂气氛轻松愉快，所以请不要有压力来参加哦~
"취향을 담은 나만의 신발,가방,의류 커스텀 해보기 / 업사이클링 공예",定制专属鞋履、包袋和服饰，彰显个人品味 / 旧物改造工艺
서울과학기술대학교 디자인과 졸업 후 2017년부터 영국 런던에서 Superga 수페르가 아티스트 활동 했으며 Stella McCartney 전담 마카쥬 아티스트로 경력을 쌓고 한국으로 돌아왔습니다. 현재는 영등포에서 서드라이프 커스텀 공방을 운영하고 있습니다.,从首尔科技大学设计系毕业后，我于2017年起在英国伦敦担任Superga品牌的艺术家。之后，我曾为Stella McCartney担任专职的立体图案艺术家，并以此为职业发展方向，之后返回韩国。目前，我在永登浦经营着Third Life定制工作室。
시들지 않는 꽃_하바리움 클래스,永不凋谢的花卉_植物标本馆类别
서울 · 서초구 · 반포대로7길,首尔·瑞草区·盘浦大路7街
서울 서초구 반포대로7길,首尔特别市瑞草区盘浦大路7
시그니처 오가닉 천연향수 원데이클래스,招牌有机天然香水一日课程
다육화분 받침대 만들기,制作多肉植物架
혹시 반려식물로 다육이를 키우고 계신가요..?,你是不是在种植多肉植物作为伴生植物？
오구오구 편백 에그트레이 만들기,制作奥古奥古柏木蛋托
층 목마름공방,地板渴求工作室
인천광역시 서구 청마로34번길 32-20 1층 목마름공방,Mokmarum Workshop，仁川市西区清马路34号街32-20号1楼
광주광역시 나만의 실링왁스 원데이클래스,光州广域市“我的专属封蜡”一日课程
가202,Ga02
광주광역시 서구 경열로65번길 7-1 상가202,光州广域市西区庆烈路65街7-1商业大厦202
마크라메 카네이션 월행잉 클래스,编织康乃馨壁挂课程
경기도 · 군포시 · 군포로735번길,京畿道·军浦市·军浦路735街
경기도 군포시 군포로735번길,京畿道军浦市军浦路735
나만이 가질수있는 수제화 만들기,制作只有我才能拥有的手工鞋
부산광역시 전포동 309-43번지 2층 부산진구 부산광역시 KR 4층 집! 스튜디오,吉普！韩国釜山广域市釜山镇区田浦洞 309-43 2楼工作室 4楼
우드카빙 - 숟가락 깎기,木雕——雕刻勺子
"곡환도와 카빙나이프를 이용해 숟가락을 만드는 프로그램으로,",一个使用弯刀和雕刻刀制作勺子的程序，
개성 넘치는 나만의 오일파스텔 초상화 드로잉 페인팅 그림 원데이클래스,一日课程，教授独特的油画棒肖像绘画技巧
부산광역시 중구 해관로 22-1 2층 써니빌카페 우측 골목에 입구,入口位于釜山中区海冠路 22-1 号 Sunnyville Cafe 右侧的巷子里，二楼。
부산광역시 중구 해관로 22-1 2층 (써니빌카페 우측 골목에 입구),釜山中区海冠路22-1号2楼（入口在Sunnyville Cafe右侧的小巷内）
광주광역시 백드롭페인팅 클래스,光州广域市背景绘画课程
가202호,Ga202房间
광주광역시 서구 경열로65번길 7-1 상가202호,光州广域市西区庆烈路 65 街 7-1 商业大厦 202 室
테라조비누&입욕제(베쓰밤) 만들기 클래스,水磨石肥皂和泡澡球制作课程
카네이션 캔들 만들기,制作康乃馨蜡烛
새벽정원 토피어리 원데이클래스,黎明花园修剪一日课程
서울 · 마포구 · 포은로,首尔·麻浦区·坡恩路
서울 마포구 포은로,首尔市麻浦区坡恩路
새벽정원 화병꽂이 원데이클래스,黎明花园花瓶插花一日课程
새벽정원 꽃바구니 원데이클래스,黎明花园花篮一日课程
새벽정원 플라워볼 원데이클래스,黎明花园花球一日课程
"와인 원데이클래스, 와인 표현법을 배우며 나의 와인취향을 알아봐요",一日葡萄酒课程：在学习葡萄酒表达的同时，发现你的葡萄酒品味
서초구,瑞草区
#한양도성#인왕산#알쓸산잡 야간하이킹,#汉阳道城 #仁王山 #实用登山知识夜间徒步
서울 · 종로구 · 사직로,首尔·钟路区·社稷路
서울 종로구 사직로,首尔市钟路区社稷路
고기에 진심인 사람들 - 원데이 캠핑 노하우 고기파티,认真对待肉食的人们——一日露营肉食派对
무료 괄사 홈케어 마사지 클래스,免费刮痧居家护理按摩课程
서울 · 노원구 · 노원로,首尔市芦原区芦原路
서울 노원구 노원로,首尔市芦原区芦原路
친환경 클레이로 만드는 나만의 웜아트 소품,用环保粘土制作属于你自己的温馨艺术道具
서울 · 중랑구 · 봉화산로1길,首尔·中浪区·奉化山路 1 街
서울 중랑구 봉화산로1길,首尔特别市中浪区奉化山路1街
일산 식음료 클래스,一山食品饮料班
경기도 고양시 일산동구 장항동 741번지 로데오존 2층 조금 취했어,京畿道高阳市一山东区长航洞741号Rodeo Zone二楼 我有点醉了
서울강북] 라탄트레이(선택1)+미니도어벨만들기(색상선택1)',【首尔江北】藤编托盘（任选1个）+迷你门铃制作套装（任选1种颜色）
아차산 야간 하이킹,阿查桑夜间徒步
서울 · 광진구 · 천호대로,首尔·广津区·千户大路
서울 광진구 천호대로,首尔特别市广津区千户大路
펀치니들 은방울꽃 액자 만들기,制作戳绣铃兰花相框
향수 원데이클래스,香水一日课程
층 106호 어모릭스공방,106层，阿莫里克斯工坊
경기 포천시 소흘읍 송우로 75,京畿道抱川市苏赫尔邑松九路75
우드카빙 냥 버터나이프,木雕猫黄油刀
서울 · 영등포구 · 도림로126길,首尔·永登浦区·道林路 126 街
서울 영등포구 도림로126길,首尔特别市永登浦区道林路126街
우드카빙 고양이 얼굴 만들기,木雕猫脸
MBTI 향수 만들기 클래스,MBTI香水制作课程
라탄티코스터 라탄다용도꽂이 라탄트레이 만들기 라탄공방 출강가능,制作藤编杯垫、多功能藤编收纳架和藤编托盘。提供现场藤编工作坊课程。
서울 강북구 솔매로49길 14,首尔市江北区索尔梅路49街14号
터프팅 워크숍,簇绒工作坊
서울 · 마포구 · 월드컵로30길,首尔·麻浦区·世界杯路30街
서울 마포구 월드컵로30길,首尔特别市麻浦区世界杯路30街
크로키 그리고 싶다,我想画一张速写。
루프탑지니 바베큐 와인파티,屋顶精灵烧烤葡萄酒派对
탱고 tango 원데이 체험클래스,探戈一日体验课程
나무 뚱냥이 만들기 고양이 영등포구,制作胖乎乎的木制猫咪 永登浦区
갤러리에서 만드는 나만의 향,在画廊里调制属于你自己的香氛。
발렌타인데이 쵸코렛만들기,制作情人节巧克力
서울 · 마포구 · 백범로,首尔·麻浦区·白凡路
서울 마포구 백범로,首尔市麻浦区白凡路
양모펠트 반려견 키링 또는 미니액자 원데이클래스,羊毛毡小狗钥匙扣或迷你相框一日课程
부산광역시 사상구 가야대로 403 1층,釜山广域市沙上区伽倻大路403 1楼
귀염뽀짝 나만의 모루인형 만들기,自制可爱雪尼尔娃娃
군번줄도 제공해드리며 인형 또는 키링으로 사용 가능합니다.,我们还提供狗牌，可以用作玩偶或钥匙扣。
힙팟(Hip Pot) 나만의 화분 만들기,自制花盆：打造你的专属花盆
식물말고도 소품 등을 넣는 보관함으로도 사용이 가능하답니다:),除了种植物，它还可以用来收纳小物件 :)
나만의 작은우주 테라리움 원데이클래스,我的专属小宇宙生态缸一日课程
경상남도 양산시 물금읍 화산길 13-1,庆尚南道梁山市勿金邑华山路13-1
질감이 매력적인 텍스쳐페인팅_그림 원데이클래스,纹理绘画：运用迷人纹理进行肌理绘画_一日绘画课程
부산광역시 중구 중앙동1가 해관로 22-1 2층,釜山广域市中区中央洞1街22-1 2楼
2026달력그리기_체험,2026年日历绘制体验
코어강화 매트필라테스,核心力量垫上普拉提
TSOM 오프라인 민화클래스,TSOM 线下民华课
서울 · 강남구 · 삼성로96길,首尔·江南区·三成路 96 街
서울 강남구 삼성로96길,首尔特别市江南区三成路 96
My쿠션 만들기,制作我的靠垫
knit 악세사리 만들기,制作针织饰品
플라워/가드닝 클래스,花卉/园艺课程
평생 간직할 수 있는 수제도장 만들기 원데이클래스,一日课程，教你制作一枚可以珍藏一生的手工印章
소리공방,声音工坊
부산광역시 부산진구 동평로183번길 104 은소리공방,Eunsori Workshop，釜山市釜山镇区东平路183号街104号
글씨에 감성을 더하다 캘리그라피 클래스,为手写增添情感：书法课
층 은소리 공방,地板恩索里工作室
부산광역시 부산진구 연지동 동평로183번길 104 1층 은소리 공방,釜山广域市釜山镇区莲池洞东平路183街104号1楼恩索里工房
은팔찌 원데이클래스,银手镯一日课程
층 플레이아트센터,地板游戏艺术中心
부산광역시 중구 대청로 78 3층 플레이아트센터,Play Art Center，釜山中区大青路78号3楼
은팬던트 원데이클래스,银吊坠一日课程
각인도장으로 나만의 이니셜을 새겨넣으실수 있어요~,你可以用刻字印章刻上自己的姓名首字母。
취향대로 그려보는 아크릴화 원데이클래스 ! 오늘은 그림 도전해봐요,一日丙烯画课程，让你随心所欲地作画！今天就来体验一下绘画的乐趣吧！
찾아주시는 모든 분들께 행복한 추억을 친절히 남겨드리는 일이 가장 큰 보람이에요. 지친 일상에 그림으로 잠시나마 힐링 한 점 남겨가실 수 있도록 최선을 다하고 있어요 ⁎ ᵕᴗᵕ ⁎,我最大的回报就是能为每一位来访者留下美好的回忆。我竭尽所能，希望我的艺术作品能让您在疲惫的日常生活中，带走片刻的疗愈。
찾아주시는 모든 분들께 행복한 추억을 친절히 남겨드리는 일이 가장 큰 보람이에요. 지친 일상에 그림으로 잠시나마 힐링 한 점 남겨가실 수 있도록 최선을 다하고 있어요 ( ⁎ ᵕᴗᵕ ⁎ ),我最大的回报就是能为每一位来访者留下美好的回忆。我尽我所能，希望我的艺术作品能让您在疲惫的日常生活中，带走片刻的治愈 ( ⁎ ᵕᴗᵕ ⁎ )
초보자도 손쉽게 만드는 야구글러브 키링 원데이 클래스,适合初学者的一日课程，轻松制作棒球手套钥匙扣
원하시는 시간이 없으시면 수업날짜와 시간 말씀해주시면 1:1로 조율하여 진행됩니다,如果您首选的时间已满，请告知我们您希望的上课日期和时间，我们将为您安排一对一课程。
베어브릭 페인팅 원데이클래스,Bearbrick 彩绘一日课程
서울 · 서초구 · 서초대로,首尔·瑞草区·瑞草大路
서울 서초구 서초대로,首尔特别市瑞草区瑞草大路
근접전투술 크라브마가 자기방어 클래스,近身格斗技艺以色列格斗术自卫课程
진지희도 배우는(나혼산) 바로 그 운동!!,金智熙在《我独自生活》中也在学习的就是这个练习！！
Wish Violin 위시바이올린,许愿小提琴
크리스마스 카드만들기,制作圣诞贺卡
"서울특별시 마포구 동교동 양화로 175, 모락 홍대점 마젤란 21 오피스텔 1312호",首尔特别市麻浦区东桥洞杨花路 175 号麦哲伦 21 办公楼莫拉克弘大店 1312 室
방문수업-자세교정 및 통증관리를 위한 소도구 필라테스 클래스,上门授课 - 小型器械普拉提课程，用于矫正姿势和缓解疼痛
부산광역시 기장군 일광면 삼성리 795,釜山广域市机张郡日光面三成里795
천연 아로마 롤온 & 룸스프레이 원데이클래스,天然香氛滚珠及室内喷雾一日课程
전통산수화 배우기: 동양화 드로잉 원데이 클래스,学习传统山水画：一日东方绘画素描课
서울 · 종로구 · 이화동,首尔·钟路区·梨花洞
서울 종로구 이화동,首尔市钟路区梨花洞
기초 탄탄 이제 나도 댄싱머신!,打好基础，我现在也是个跳舞机器了！
타제이빌딩 3층,塔杰大厦3楼
서울특별시 강남구 역삼동 봉은사로 6길 34 스타제이빌딩 3층,首尔特别市江南区驿三洞奉恩寺路6街34号Star J大厦3楼
하루만에 완성하는 게임 개발 원데이 클래스,一日游戏开发课程，一天即可完成
서울 · 용산구 · 한강로2가,首尔·龙山区·汉江路2街
서울 용산구 한강로2가,首尔特别市龙山区汉江路2街
2인 함께 크리스마스 커플케이크 만들기,为两人制作圣诞情侣蛋糕
"노래녹음,미디,작사,작곡,노래,랩",歌曲录制、MIDI、歌词、作曲、演唱、说唱
서울 · 강남구 · 강남대로122길,首尔·江南区·江南大路122街
서울 강남구 강남대로122길,首尔市江南区江南大路122街
유리 전사지 원데이클래스,玻璃转印纸一日课程
접시                              가로- 19cm,盘子宽度 - 19厘米
크리스마스 테라리움 만들기,制作圣诞节微景观
부산광역시 북구 구포동 896-27 1층,釜山北区龟浦洞896-27号1楼
부산 북구 백양대로1016번나길 4,釜山广域市北区白羊大路 1016beonna-gil 4
아로마 소이 타르트 만들기 아로마테라피,制作香氛大豆挞芳香疗法
"필라테스와 헌대무용의 콜라보, 필라탄츠",Pilatanz 是普拉提和现代舞的结合。
특별한 날을 특별하게 기억하는 스냅사진,让特别的日子更特别的瞬间
서울 · 중구 · 신당동,首尔·中区·新堂洞
서울 중구 신당동,首尔市中区新堂洞
"크리스마스 비누만들기 원데이클레스, 성인 키즈 모두가능",圣诞手工皂制作一日课程，成人和儿童均可参加
향기도 좋고 효능도 좋은 천연비누/화장품으로,使用天然皂类/化妆品，气味芬芳，效果显著。
영화/드라마의 한 장면처럼 스틸컷 촬영,拍摄现场的镜头剪辑就像电影或戏剧中的一个场景。
가장 자연스럽고 나다운 자연광 프로필 사진,最自然、最真实的自然光头像照
"디자인을 살린 제로웨이스트 비누, 샴푸바 출강 클래스",以设计为导向的零浪费肥皂和洗发皂邀请课程
흥에스클래스 어뮤즈스퀘어 상가 B2층 39호,香S级娱乐广场购物中心B2层39号商铺
경기 수원시 영통구 원천동 광교호수공원로 277,京畿道水原市灵通区元川洞光教湖公园路277号
창의성을 길러주는 미술관에서 만나는 클래식 원데이 클래스,在艺术博物馆举办的为期一天的古典音乐课程，旨在培养创造力。
서울 마포구,首尔市麻浦区
모루인형만들기! 아직도 모루니?!,制作雪尼尔娃娃！还是雪尼尔材质吗？！
경상북도 · 경산시 · 진량읍,庆尚北道·庆山市·晋良邑
경상북도 경산시 진량읍,庆尚北道庆山市进良邑
요술풍선 꽃다발 취미클래스,魔法气球花束爱好课程
층 빛나는오늘,今天地板光亮如新
경기도 고양시 덕양구 도내동 1051-4 도래울안길 33-1 1층 빛나는오늘,京畿道高阳市德阳区多莱洞 1051-4 多来安街 33-1 1 层
오운완 테라피 향수 클래스! 나의 의지를 높여줄 아이템을 만들어 보세요!,Ounwan疗法香水课！制作一件能增强你意志力的物品！
서울특별시 동대문구 장안동 380-3 1층 에꼴드아로마티크,首尔市东大门区长安洞 380-3 芳香学院 1 楼
서울 동대문구 한천로24길 74-16,首尔特别市东大门区汉川路24街74-16
위린이를 위한 온더락 위스키 클래스,威士忌入门课程（含冰块）
Dia Vocal Class,迪亚声乐班
서울 · 서대문구 · 연세로,首尔·西大门区·延世路
서울 서대문구 연세로,首尔特别市西大门区延世路
힙치로 MZ 탱고 댄스 동호회 학원 _ tango 살사 스윙댄스 스포츠 댄스 스포츠 학원,Hipchiro MZ探戈舞蹈俱乐部学院_探戈、萨尔萨舞、摇摆舞、运动舞蹈、体育学院
서울 · 중구 · 충무로4가,首尔·中区·忠武路4街
서울 중구 충무로4가,首尔特别市中区忠武路4街
나만의 취향과 이야기를 담은 블렌딩티 만들기,调制出融合我个人口味和故事的混合茶
왁스타블렛 + 디퓨져 원데이클래스 나만의 방향제 만들기,蜡烛片+香薰机一日课程：自制空气清新剂
주말을 여는 빈야사 요가원데이class,周末伊始，参加一日流瑜伽课程
서울숲 야외요가,首尔森林户外瑜伽
서울숲에서 60분간 진행되는 힐링요가를 통해 몸에 쌓인 피로를 풀어보아요 : ),让我们在首尔森林进行60分钟的疗愈瑜伽课程，来缓解累积的疲劳吧：）
"나만의 모루인형, 귀염뽀짝 모루키링 만들기",自制雪尼尔娃娃和可爱的雪尼尔钥匙扣
실용무용과 졸업생의 코레오 클래스,应用舞蹈系毕业生编舞课
입시 작품 역시 이 두가지 장르로 진행하였으며,入学考试的题目也采用了这两种题型。
상큼가득 레몬 마들렌 베이킹 원데이 클래스,清新酸甜柠檬玛德琳蛋糕烘焙一日课程
집에서도 꼭 연습해 보시길 바라요!,希望你在家也要记得练习！
유튜브 초보를 위한 유튜버와의 당신만의 원데이 클래스,为YouTube新手开设的专属一日课程，由YouTube博主授课
어린이 영어 경제 캠프,儿童英语经济营
원하시는 지역에 맞춰 인근으로 직접 찾아가 운영하고 있습니다 ! 장소 문의 주세요 ~~,我们会直接前往您的所在地，在您指定的区域附近开展业务！请咨询具体服务地点。
"애견수제간식, 강아지간식 만들기",自制狗零食，制作幼犬零食
경기도 · 수원시 · 장안구,京畿道·水原市·长安区
경기도 수원시 장안구,京畿道水原市长安区
베지터블 콤비 가죽지갑 만들기,制作蔬菜组合皮革钱包
유리 모자이크 클래스,玻璃马赛克课程
부산광역시 부산진구 전포동 198-3번지 1층 방구석유리쟁이,釜山广域市釜山镇区田浦洞 198-3 芳九石尤里生基 1 楼
고급스러운 고소함 가득 호두파이 베이킹 원데이 클래스,奢华香浓核桃派烘焙一日课程
나만의 써지컬 이니셜 팔지 제작하기 원데이 클래스,一日课程教你制作属于你自己的医用钢字母手链
파이토블라썸 향수&캔들 공방,Phytoblossom香水和蜡烛工作坊
"경기도 평택시 비전동 비전6길 33-1 102호, 파이토블라썸 향수&캔들 공방",Phytoblossom香水蜡烛工作室，京畿道平泽市碧田洞碧田6街33-1号102室
부산 1:1 필라테스 맞춤형 수업,釜山一对一定制普拉提课程
부산광역시 동구 초량제3동 초량역,釜山市东区草梁3洞草梁站
3:1그룹필라테스 1회 체험,3:1 团体普拉提课程单次体验
수채화 캔들 원데이클래스,水彩蜡烛一日课程
천연향수 만들기 원데이클래스,一日天然香水制作课程
디퓨저 홀더 원데이 클래스,香薰机支架一日课程
"친환경 전문강사 자격증반 (제로웨이스트, 수제종이, 업사이클, 탄소 중립 실천, 보태니컬)",环保专业讲师认证课程（零浪费、手工纸、升级再造、碳中和实践、植物学）
천연향수 조향사 자격증 수업,天然香水调香师认证课程
오일 아로마테라피 감정 치유 원데이클래스,精油芳香疗法情绪疗愈一日课程
마크라메 미니플랜트행거 원데이클래스,编织迷你植物吊篮一日课程
우드반지만들기 체험,木戒指制作经验
펫자수 입문반 기초반,宠物刺绣入门课程基础班
가 1층 d120호,一楼D120房间
경기도 광주시 경안동 경안로41번길 6 상가 1층 d120호,京畿道光州市庆安洞庆安路41号街6号商业大厦1楼D120单元
펫자수 취미반 반려동물자수,宠物刺绣爱好课程 宠物刺绣
02동 1층 상가 1층 d120호,2号楼商业区1楼D120单元
경기도 광주시 경안동 경안로41번길 6 102동 1층 상가 1층 d120호,京畿道广州市京安洞京安路41街6号102栋1楼D120室
"일상에 지쳐 잠시 떠나고 싶은 당신에게, 아트스테이",如果您厌倦了日复一日的例行公事，想要暂时逃离喧嚣，那么艺术之旅 (Art Stay) 将是您的理想之选。
부산광역시 중구 영주로 68 3층,釜山广域市中区荣州路68号3楼
프리미엄 나만의향수 만들기,打造您专属的高级香水
01호 향이머무는하루,第一期 香气萦绕的一天
경기 수원시 영통구 하동 법조로149번길 216 101호 향이머무는하루,香氛日，101室，京畿道水原市灵通区河东149街216号
"추석 원데이클래스 강아지송편, 한과",中秋一日课程：小狗松饼，韩果
스쿨오브뮤직,音乐学院
나만의 인생향수 만들기,打造属于你自己的香氛
부산광역시 북구 덕천동 450-34 2층 201호 레메이에르,釜山广域市北区德川洞 450-34 号 Le Meil​​leur 2 楼 201 室
펫자수 원데이클래스,宠物刺绣一日课程
호 리첸시아 상가 1층 d120호,Richensia购物中心1楼D120单元
경기도 광주시 경안동 경안로41번길 6 금호 리첸시아 상가 1층 d120호,京畿道广州市京安洞京安路41街6号金湖Richensia购物中心1楼D120号
나만의 무드를 녹여내 만든 단 하나뿐인 실버링,一枚独一无二的银戒指，旨在捕捉我独特的心情
경기도 양평군 양서면 목왕로 13-1 2F,京畿道杨平郡杨西面木光路13-1 2楼
다이나믹 클라이밍,动态攀爬
대구광역시 동구 신암동 705-7 3층,大邱广域市东区新南洞705-7 3楼
나만의 명품 그릇 만들기,制作我自己的杰作菜肴
뮤에뜨상가 401호,穆埃特购物中心 401 单元
부산광역시 해운대구 구남로 8-1 라뮤에뜨상가 401호,釜山广域市海云台区龟南路 8-1 La Muette 购物中心 401 室
Suhwa healing flower class,水花疗愈课程
부산광역시 부산진구 전포대로 199번길 27,釜山广域市釜山镇区田浦大路199街27
프리다이빙 체험,自由潜水经验
감정코칭 플라워 레슨,情绪辅导花卉课程
"부산광역시 해운대구 좌동 대천로 187 , 장소 미정 예약 후 안내 예정",地址：釜山海云台区佐洞大川路187号。具体位置待定，预订后提供。
"부산광역시 해운대구 좌동 대천로 187 , 장소 미정 (예약 후 안내 예정)",釜山广域市海云台区佐洞大川路187，地点待定（预订后将另行通知）
자유로움이 느껴지는 백드롭페인팅 원데이 그림 드로잉 클래스,充满自由气息的一日背景绘画课程
꾸덕꾸덕 오일파스텔 그림 페인팅 원데이클래스,厚涂油画棒一日课程
버려진 옷의 재탄생!업사이클 러블리 비즈핸들 가방&헤어핀 세트 만들기 방학원데이클래스,旧衣新用！升级改造精美串珠手提包和发夹套装，一日假期课程
경기도 · 수원시 · 권선구,京畿道·水原市·权善区
경기도 수원시 권선구,京畿道水原市权善区
스테인드글라스 썬캐쳐 만들기,制作彩色玻璃阳光捕捉器
힙지로 MZ 탱고 _화.토_ 2040직장인 tango dance 클래스,Hipjiro MZ Tango _周二、周六_ 面向20-40岁上班族的探戈舞蹈课
행복을 전하는 K 플로리스트,K-Florist 传递幸福
울산광역시 남구 무거동 대학로 46,蔚山广域市南区舞巨洞大学路46号
나만의 은반지/은팔찌/목걸이 만들기,自己动手制作银戒指/银手镯/项链
경상남도 양산시 중부동 양주2길 26 1층,庆尚南道梁山市中部洞杨州二街26 1楼
마포 공덕 청사진 플라워 캔들리스 원데이클래스,麻浦工德蓝图花烛花环一日课程
서울 · 마포구 · 도화2안길,首尔·麻浦区·道化2安街
서울 마포구 도화2안길,首尔特别市麻浦区道花2安街
반려동물 강아지/고양이 도자기 물그릇,宠物狗/猫的陶瓷水碗
수제약과 만들기,自制药果
트로디오빌빌딩,特罗迪奥维尔大厦
서울특별시 마포구 신공덕동 백범로 199 메트로디오빌빌딩,Metro 首尔特别市麻浦区新工德洞白凡路 199 迪奥维尔大厦
부산퍼스널컬러진단,釜山个人色彩诊断
부산광역시 부산진구 서면로 10 2920호,釜山广域市釜山镇区西面路 10 2920 号
제주바다 레진 파도그리기~,画济州岛海树脂波浪~
제주특별자치도 제주시 도두일동 1809-1 아트공간길,艺术空间街，济州特别自治道济州市都都洞1809-1号
나만의 테라리움 캔들 만들기,自制生态瓶蜡烛
나만의 반려식물 힙팟클래스,我的专属伴生植物盆栽课
부케캔들 부케왁스타블렛 플라워 원데이클래스,花束蜡烛、花束蜡片、花艺一日课程
티아라케이크 1호,皇冠蛋糕 1号
층  앙그미아,安格米亚地板
서울특별시 강서구 염창동 양천로 661 2층  앙그미아,首尔市江西区廉昌洞阳川路661号Angmia二楼
실크스크린 정규수업,丝网印刷常规课程
"부산광역시 사상구 주례동 167-13 공공북스 페이지2, 냉정역 3번출구에서 200m",工工书店 2 号，釜山沙上区朱礼洞 167-13 号，距冷亭站 3 号出口 200 米
앙금플라워 떡케익 1호,豆沙花糕1号
서울특별시 강서구 염창동 양천로 661   2층  앙그미아,首尔市江西区廉昌洞阳川路661号Angmia二楼
자유롭게 만드는 레진아트,自由创作的树脂艺术
층 604호,604层
경기도 부천시 심곡동 부일로 507 6층 604호,京畿道富川市深谷洞佛一路507号6楼604室
반짝반짝 플라워 코스터 원데이클래스~,闪亮花朵过山车一日课程~
내 손으로 피워내는 소이플라워캔들 원데이클래스,一日课程，教你制作自己的大豆花蜡烛
광빌딩 8층 후화정원,华花花园，光大厦8楼
대전광역시 중구 대흥동 보문로260번길 30  영광빌딩 8층 후화정원,大田市中区大兴洞普门路260号街30号永光大厦8楼Huhwa Garden
반려견 수제 간식 클래스,自制狗狗零食课程
경기도 고양시 덕양구 원흥1로 46-19 1층 104호 원흥동,京畿道高阳市德阳区元兴洞元兴1路46-19 1楼104室
경기도 고양시 덕양구 원흥1로 46-19 1층 104호(원흥동),京畿道高阳市德阳区元兴1路46-19号1楼104室（元兴洞）
물레 원데이클래스,纺车一日课程
바다 or 꽃 젤캔들 홀더 만들기,制作海洋或花朵凝胶蜡烛台
경기도 · 광주시 · 태전로,京畿道·广州市·大田路
경기도 광주시 태전로,京畿道广州市大田路
명품/니치향수 만들기,制作奢侈/小众香水
가박스 3층 아로마포레스트,Gabox 三楼的 Aroma Forest
부산광역시 사상구 사상로 201 메가박스 3층 아로마포레스트,釜山广域市沙上区沙上路201号Megabox 3楼芳香森林
여성트레이너 피티 pt PT 수업 체험 배우기,体验由女教练指导的私人教练课程
서울특별시 강동구 성내동 513 강동역 3번출구 근처 / 중앙마트 바로옆 중앙아파트 B(지하)1층,首尔市江东区城内洞513号，近江东站3号出口/中央公寓B座（地下1层），紧邻中央超市
포항에서 원데이서핑강습 풀패키지,浦项一日冲浪课程全包
조금이라도 생각있다면 지금 바로 문의 전화 주세요!!,如果您哪怕有一点点兴趣，请立即给我们打电话！
조금이라도 생각있다면 지금 바로 문의  주세요!!,如果您哪怕有一点点兴趣，请立即联系我们！
케이크토퍼 창업 자격증 클래스,蛋糕装饰创业认证课程
01호 레오토퍼,01号狮子座顶峰
인천광역시 미추홀구 주안동 구월로19번길 17 101호 레오토퍼,Leotopper，仁川市密周区Juan-dong九月路19号街17号101室
"아이들과 함께 하는 제스모나이트, 웜아트 클래스",杰斯蒙尼特和温暖的儿童艺术课
"반려동물 약과,송편만들기 원데이클래스",宠物药果和松饼制作一日课程
서울특별시 광진구 군자동 면목로 12 2층,首尔特别市广津区君子洞面木路12号2楼
공방 및 온라인창업을 위한 제스모나이트 자격증 클래스,Jesmonite 工作坊和在线创业公司认证课程
처음 시작하는 이지드럼 원데이클래스,适合初学者的简易一日鼓课
가격도 오픈 기념으로 할인행사 중입니다:),为了庆祝盛大开业，我们还将举办折扣活动 :)
펜싱 마에스트로에게 배우는 펜싱 원데이클래스!,与击剑大师一起上为期一天的击剑课！
나만의 향수 만들기 클래스,自制香水课程
"시들지 않는 마음을 전하는, 모루 꽃다발 만들기 CLASS",课程：制作莫鲁花束，传递永恒的爱意
⌜IFFY - 타로 원데이 클래스⌟,⌜IFFY - 塔罗牌一日课程⌟
"향기가득 달달한 캔들 원데이 클래스(큐브캔들, 초콜릿 왁스타블렛, 마카롱캔들)",香氛甜蜡烛一日课程（立方体蜡烛、巧克力蜡片、马卡龙蜡烛）
안티버그클래스,反漏洞类
층 레네의작업실,弗洛尔·雷内工作室
대전광역시 동구 삼성동 278-34 대한민국 대전광역시 동구 삼성동 278-34 대전 동구 선화로 183-3 1층 레네의작업실,"韩国大田市东区三成洞278-34号

韩国大田市东区三成洞278-34号

Rene's Studio，1楼，大田市东区仙花路183-3号"
쉽게 만드는 백드로페인팅.나이프페인팅 클래스💕,轻松的背景绘画和刀画课程💕
대전광역시 동구 삼성동 278-34 대전 동구 선화로 183-3 1층 레네의작업실,大田市东区三成洞278-34号 | Rene's Studio，大田市东区仙花路183-3号1楼
새로운 경험! 재밌는 폴댄스 1:1/ 2:1 원데이클래스,全新体验！趣味钢管舞1:1/2:1一日课程
날도 좋고 여름맡이 새로운 취미 원데이클래스 체험하고 가세요~,天气这么好，快来体验一下我们新开设的夏季兴趣一日课程吧！
"계절의 꽃의 향과 맛, 색을 오롯이 만드는 꽃차클래스",一款完美展现当季花朵香气、味道和色彩的花茶。
경기도 가평군 설악면 창의리 421-1 경기 가평군 설악면 한서로124번길 16-14 2층,京畿道加平郡雪岳面昌贵里421-1 / 京畿道加平郡雪岳面韩瑞路124号街16-14号2楼
나만의 아트토이 만들기 원데이 클래스,一日课程，教你制作自己的艺术玩具
F 온다름,F Ondareum
부산시 강서구 명지동 명지국제6로318번길 16-8  1F 온다름,釜山广域市江西区明志洞明志国际6路318街16-8号温达林1楼
두가지 한번에! 마들렌+실링왁스까지 만드는 2in1 갓성비 클래스!,一次学会两件事！超划算的二合一课程，教你制作玛德琳蛋糕和封蜡！
"서울특별시 관악구 봉천동 인헌17길 3 인수당약국 근방 1분거리에 있으며, 신청 확정 시 안내해 드려요~",它位于首尔市冠岳区奉川洞仁宪堂街3号，距离仁寿堂药房仅1分钟路程。申请确认后，我们会通知您。
서울 관악구 인헌17길 3,首尔市冠岳区仁宪街17街3号
나만의 컬러와 디자인을 담은 천연 비누,天然皂，可定制您专属的颜色和图案
"초보자도 쉽게 따라 할 수 있도록 강사가 친절하게 설명해드리며, 소규모 클래스로 운영되어 개별 피드백을 받을 수 있습니다. 집중하며 나만의 작품을 만드는 과정에서 스트레스 해소와 창작의 즐거움을 함께 경험해 보세요! 😊",老师讲解亲切友好，即使是初学者也能轻松跟上。而且由于是小班授课，你还能获得个性化的反馈。专注于创作属于你自己的杰作，体验释放压力和享受创作的乐趣吧！😊
투명한 바다비누 만들기,制作透明海皂
이플피움 힐링 플라워 원데이클래스,艾普丽姆疗愈花一日课程
연산더샵파크시티 아파트단지 한들공원 앞 꽃집입니다,这是位于延山夏普公园城公寓大楼韩德尔公园前的一家花店。
"감성 촉촉한 흙과 함께 하는 시간, 도자기클래스",与湿润而充满情感的黏土共度时光，陶艺课
원하시는 체험을 골라 예약 하시면 그에 맞는 프로세스로 클래스가 진행됩니다! 도자기 만들기의 각 방법을 확인하신 후 신청해주세요 :),请选择您想体验的项目并进行预约，课程将按照相应的流程进行！请在申请前查看每项陶艺活动的具体方法哦 :)
구미취미미술 아크릴화 그리기,Gumi Hobby Art 丙烯画
경상북도 · 구미시 · 형곡로,庆尚北道·龟尾市·兴谷路
경상북도 구미시 형곡로,庆尚北道龟尾市兴谷路
나만의 벽걸이 꽃꽂이만들기,自制墙面插花
부산광역시 부산진구 전포동 207-86 지하 1층,釜山广域市釜山镇区田浦洞207-86地下1层
부산 부산진구 전포동 207-86,釜山广域市釜山镇区田浦洞207-86
화과자자격증,和菓子认证
고나시 우이로우 네리끼리 셋뻬+일본식 양갱 총 4회 과정 입니다,本课程共 4 节，内容涵盖无形外流、练切、切菜和日式羊羹。
보습촉촉 꿀비누 만들어봐요,我们来制作保湿蜂蜜皂吧！
나를 만나는 글쓰기,写信遇见我自己
부산광역시 강서구 명지동 3578-5 카페 오후의 숲,Cafe Afternoon Forest，釜山江西区明知洞3578-5
부산 강서구 명지국제6로1번가길 13,釜山广域市江西区明知国际6路1号街13
아이패드 드로잉 원데이클래스,iPad绘画一日课程
몸도 마음도 단단! 내몸내필 필라테스 클래스,强健的体魄和精神！我的身体，我的普拉提课程
여름맞이 꽃캉스!!,夏日花卉假期！！
층 화인당 꽃집,楼上花店
서울특별시 서초구 방배동 방배천로2안길 99 1층 화인당 꽃집,花堂花店，首尔市瑞草区方背洞方背川路2安街99号1楼
누구나 요가,人人皆可练习的瑜伽
경상남도 창원시 의창구 소답동 157-1 2층,庆尚南道昌原市义昌区草塔洞157-1 2楼
캘리 그라피,书法
한강에서 즐기는 카약과 패들보드,在汉江上划皮划艇和桨板
하나뿐인 나만의 원석팔찌 만들기,制作我独一无二的宝石手链
선생님이친절하시고편하게대해주셔서친구들과즐겁게하고왔어요!이쁜팔찌잘만들고왔습니다!부산오시면꼭오세요!최고에요💚,老师很和蔼，让我们感觉很自在，所以我跟朋友们玩得很开心！我们还做了漂亮的手链！如果你来釜山，一定要去看看！真的太棒了💚
나만의 특별한 트렌디하고 감각적인 플라워레슨,我独创的、时尚潮流的插花课程
캐릭터 초밥 아트 2급,角色寿司艺术等级 2
경기도 · 양주시 · 고암동,京畿道·杨州市·高岩洞
경기도 양주시 고암동,京畿道杨州市高岩洞
캐릭터 유부초밥,卡通稻荷寿司
햇살이 좋은 기운을 불러다주는 모빌 썬캐쳐 만들기 CLASS,课程：制作能带来阳光正能量的移动式阳光捕捉器
선물로도 인기가 좋아요 ღ’ᴗ‘ღ,作为礼物也很受欢迎ღ’ᴗ‘ღ
선물로도 인기가 좋아요(ღ’ᴗ‘ღ),作为礼物也很受欢迎(ღ’ᴗ‘ღ)
건강한 두피와 모발을 위한 샴푸바 만들기,自制洗发皂，呵护头皮和头发健康
서울특별시 마포구 아현동 마포대로 196 1333호,首尔特别市麻浦区阿岘洞麻浦大路196号1333号
요즘 HOT!한 힙팟 클래스(수료증 과정),热门嘻哈陶艺课程（证书课程）
부산광역시 북구 구포동 896-29 1층,釜山北区龟浦洞896-29号1楼
요즘 HOT!한 힙팟 만들기 원데이클래스,一日课程教你制作流行的嘻哈锅
기업강사 도전하기,努力成为一名企业培训师
서울 · 중구 · 태평로1가,首尔·中区·太平路1街
서울 중구 태평로1가,首尔特别市中区太平路 1 街
작은 세상과 만나다 “왁스 디오라마”,邂逅微缩世界：“蜡像立体模型”
서울 · 서초구 · 방배로42길,首尔·瑞草区·Bangbaero 42-gil
서울 서초구 방배로42길,首尔特别市瑞草区方背路 42
바리스타 2급 자격증반,咖啡师二级认证课程
6:1 기구필라테스 위더스필라테스목동점,6:1 器械普拉提 Withers 普拉提 木洞分店
"서울 양천구 신월로 383 법조타운, 3층",首尔特别市阳川区新月路383号Law Town 3楼
개인체험 기구필라테스,私人试用器材普拉提
홈카페 자격증반,家庭咖啡馆认证课程
서울 스테인드글라스/유리공예 원데이 클래스,首尔彩色玻璃/玻璃工艺一日课程
서울 · 구로구 · 구로동,首尔·九老区·九老洞
서울 구로구 구로동,首尔市九老区九老洞
맛있는 미니구겔호프 베이킹클래스,美味迷你咕咕霍夫蛋糕烘焙课
"서울특별시 서대문구 대현동 이화여대길59 메르체쇼핑몰 6층, 나우쿠킹",Now Cooking，首尔市西大门区大贤洞梨花女子大学路59号Merche购物中心6楼
나무 고양이 조각,木制猫雕塑
화철강 2층 201호,华哲港二楼201室
서울특별시 영등포구 문래동3가 도림로126길 18 태화철강 2층 201호,首尔特别市永登浦区文来洞 3 街道林路 126 街 18 太化钢铁 2 楼 201 室
"속은 촉촉 겉은 달콤한, 레몬 마들렌 / 초코 마들렌 만들기",制作柠檬玛德琳蛋糕/巧克力玛德琳蛋糕：内里湿润，外皮香甜
레시피 순서대로 준비해두신 재료에 맞추어 반죽합니다!,按照食谱步骤，根据你准备好的食材揉面！
요즘 춤 하나쯤 도전? kpop dance 원데이 클래스,最近想尝试跳舞吗？K-pop舞蹈​​一日课程
명품/니치향수 만들기(Grasse 산 향료),制作高端/小众香水（格拉斯香水）
도자기 원데이클래스 - 반려동물을 위한 그릇 만들기 (물레),陶艺一日课程 - 制作宠物碗（拉坯机）
서울특별시 광진구 구의1동 자양로18길 56 3층,首尔特别市广津区九宜1洞紫阳路18街56号3楼
도자기 원데이클래스 - 반려동물을 위한 그릇 만들기 (핸드빌딩),陶艺一日课程 - 制作宠物碗（手工捏塑）
선인장 캔들(테라리움 캔들),仙人掌蜡烛（玻璃容器蜡烛）
클리어 젤캔들,透明凝胶蜡烛
터프팅 원데이 클래스 1DAY 3시간,簇绒一日课程（3小时）
아프라자 B123호 실공방 터프팅,阿弗拉扎 B123 室 线艺工作室 簇绒
경기도 안양시 동안구 부림로 121 동아프라자 B123호 실공방 터프팅,京畿道安阳市东安区武林路121号东亚广场B123室实工房簇绒
생화케이크1호,鲜花蛋糕 1 号
부산광역시 연제구 연산동 337-29 바라던케이크. 1층,釜山广域市延济区延山洞 337-29 1 楼 Baradon Cake
건강한 재료로 만드는 홈베이킹 클래스,家庭烘焙课程，使用健康食材
싱일볼 힐링 사운드 명상,辛吉尔博尔疗愈声音冥想
서울특별시 마포구 신수동 신수로 28 2층,首尔特别市麻浦区新水洞新水路28号2楼
도자기창업반,陶艺创业课程
층 안나도예공감,安娜陶艺地板的同理心
서울특별시 광진구 구의1동 자양로18길 56 3층 안나도예공감,首尔特别市广津区九宜 1 洞紫阳路 18 街 56 号 3 楼安娜陶瓷艺术画廊
너무 특별해 터프팅 거울 터프팅 원데이클래스,特别的簇绒镜面簇绒一日课程
서울 송파 터프팅 그로우선데이• TUFTING STUDIO,首尔松坡簇绒工作室周日 • 簇绒工作室
리사이클링 수제종이 만들기,制作再生手工纸
블레싱룸,祝福室
"부산광역시 금정구 장전동 금정로 187 3층, 블레싱룸",祝福室，3楼，釜山市金井区长田洞金井路187号
오직 하나뿐인 터프팅 러그 터프팅 공방 원데이클래스,独一无二的簇绒地毯簇绒工作坊一日课程
나만의 향수만들기 (네이처페어리),自制香水（自然仙子）
뮤에뜨 2층 212호,穆埃特，212室，二楼
부산광역시 해운대구 우1동 해운대로 620 라뮤에뜨 2층 212호,釜山广域市海云台区 U1 洞海云台路 620 号 La Muette 2 楼 212 室
냅킨아트 원데이클래스_성인반,餐巾纸艺术一日课程_成人班
몸을 깨우는 체형교정 필라테스,唤醒身体姿势矫正普拉提
층 하리필라테스,地板哈里普拉提
서울특별시 송파구 방이동 오금로31길 16-7 1층 하리필라테스,首尔特别市松坡区芳荑洞乌金路31街16-7 1楼 哈里普拉提
양갱클래스,杨根班
트로디오빌 빌딩 18층,特罗迪奥维尔大厦18层
서울특별시 마포구 신공덕동 백범로 199 메트로디오빌 빌딩 18층,首尔特别市麻浦区新功德洞白范路199号Metro Dioville大厦18楼
요가정렬빈야사/ 리프레쉬릴랙스 요가,瑜伽体式正位/焕活放松瑜伽
경기도 용인시 처인구 금령로55번길 2,京畿道龙仁市处仁区金宁路55街2
비건 향료로 만드는 향수 원데이클래스,用纯素原料制作香水的一日课程
서울 · 용산구 · 후암동,首尔·龙山区·还岩洞
서울 용산구 후암동,首尔市龙山区华岩洞
나만의 색을 찾아보는 페인팅 원데이 클래스,一日绘画课程，助你找到属于自己的独特色彩
"서울역에서 도보 15분 내로 위치하고 있습니다. 건물 주차장 내 자율주차 가능하며, 1분거리에 후암시장 공영주차장 또한 위치하고 있습니다.",酒店距离首尔站步行仅需15分钟。大楼停车场提供自助停车，华岩市场公共停车场也仅需步行1分钟即可到达。
"도자기 핸드빌딩, 물레체험 클래스",陶艺手工捏塑、陶轮体验课
체험 프리다이빙! 물속 세상을 체험해볼까요?,体验自由潜水！我们一起探索水下世界吧！
"세면도구, 수건, 수영모, 수영복 여자분들 비키니나 남자분들 트렁크 팬츠 안되요. 실내 수영복으로 준비해주세요~",请携带洗漱用品、毛巾、泳帽和泳衣。女士禁止穿比基尼，男士禁止穿平角泳裤。请准备适合室内穿着的泳衣。
"세면도구, 수건, 수영모, 수영복(여자분들 비키니나 남자분들 트렁크 팬츠 안되요. 실내 수영복으로 준비해주세요~)",请携带洗漱用品、毛巾、泳帽和泳衣（女士不允许穿比基尼，男士不允许穿短裤。请准备室内泳衣。）
천연 아로마테라피로 나만의 특별한 향수 만들기 (30ml /50ml),使用天然芳香疗法，打造您专属的香水（30毫升/50毫升）
인아라뱃길여객터미널 105호,伊纳拉水道客运码头105号
인천광역시 서구 오류동 정서진1로 41  경인아라뱃길여객터미널 105호,仁川市西区五柳洞正瑞镇1路41号京仁阿拉水路客运码头105号
에코백 만들기 원데이클래스,环保袋制作一日课程
아이패드 드로잉 원데이 클래스,iPad绘画一日课程
혹시 유튜브로 넷플릭스만 보고 있으시지 않으신가요?,你是不是只在 YouTube 上看 Netflix？
어버이날 케이크만들기,制作父母节蛋糕
서울특별시 광진구 군자동 면목로 12,首尔特别市广津区君子洞面木路12
세상에 단 하나뿐인 발도장액자만들기+마사지오일,制作独一无二的脚印相框 + 按摩油
발도장을 만드는 재료도 강아지에 발바닥 피부에 직접 닿는거기에 인체에 무해한 식물성 재료로만 준비했습니다. ​,由于制作爪印的材料会直接接触狗狗的爪垫，因此我们只使用对人类无害的植物性材料来制作这些材料。
술빵클래스,蒸面包课
트로디오빌빌딩 18층,特罗迪奥维尔大厦18层
서울특별시 마포구 신공덕동 백범로 199 메트로디오빌빌딩 18층,首尔特别市麻浦区新功德洞白范路199号Metro Dioville大厦18楼
레진아트 각양각색 키링 만들기,制作各种树脂艺术钥匙扣
부산광역시 남구 대연동 58-2 한라빌딩 5층,釜山广域市南区大渊洞 58-2 汉拿大厦 5 楼
레진아트 바다갬성 물방울 그립톡 만들기,制作树脂艺术海洋风格水滴握把 Tok
운영시간 외 원하시는 시간대는 별도 문의해주세요,如需在营业时间以外预约特定时间段，请另行咨询。
나만의 실버링 만들기(폭 2.5mm),自制银戒指（宽度 2.5 毫米）
원하시면 가급적 다른 공방을 이용해주시길,如果可以的话，请尽量选择其他工作室。
레진공예 프레임 키링 원데이클래스,树脂工艺相框钥匙扣一日课程
부산광역시 부산진구 전포동 653-2 2층 크로우레진,Crow Resin，釜山市釜山镇区全浦洞653-2号2楼
따뜻한 마음을 선물하는 앙금떡케이크 원데이클래스,一日豆沙年糕制作课程：送上一份暖心礼物
Permeate향기공방 나만의 향수만들기 Class,香水渗透工作坊：自制香水课程
써니s다이닝카네이션화과자원데이클래스,阳光餐厅康乃馨和菓子一日课程
디자인비누원데이클래스(cp비누),设计手工皂一日课程（冷制皂）
전주 힙팟클래스,全州嘻哈班
허브 캔들& 허브 방향제,草本蜡烛和草本空气清新剂
라탄 원데이클래스,藤条编织一日课程
나만의 우드 모듈화병 만들기,自制模块化木制花瓶
부산광역시 부산진구 전포동 207-84 지하 1층,釜山广域市釜山镇区田浦洞207-84地下1层
부산 부산진구 전포동 207-84,釜山广域市釜山镇区田浦洞207-84
나만의 우드 벽행거 만들기,自制木制墙挂
"나만의 화분, 나만의 반려 식물, 힙팟 클래스",我的花盆，我的伴生植物，时尚盆栽课
서울 · 성동구 · 왕십리로4길,首尔市城东区往十里路4街
서울 성동구 왕십리로4길,首尔市城东区往十里路4街
카페 여름시즌 메뉴,咖啡厅夏季菜单
힙팟클래스,嬉皮士课程
드라이플라워 캔들 티라이트 만들기,制作干花蜡烛和茶蜡
층 ROHA,罗哈层
부산광역시 중구 신창동2가 광복중앙로33번길 16-5 4층 ROHA,釜山广域市中区新昌洞2街光复中央路33街16-5号ROHA 4楼
부처님 오신 날 기념 부처 테라리움 만들기,制作佛像微景观庆祝佛诞
합문화공간 유앤미,U&Me 联合文化空间
경기도 파주시 파주읍 주라위길 94 복합문화공간 유앤미,京畿道坡州市坡州邑朱拉维路 94 U&Me 综合文化空间
"공병을 활용하여 나만의 작은 정원, 테라리움 만들기",利用空瓶子制作小型花园或生态瓶
"제로웨이스트의 시작, 샴푸바 만들기",零浪费的开始：制作洗发皂
동 7층,该建筑的7楼
경기도 부천시 중동 석천로 141 A동 7층,京畿道富川市中洞石川路141号A座7楼
나만의 특별한 비누만들기,自制特制肥皂
경기도 · 부천시 · 중동,京畿道·富川市·中洞
경기도 부천시 중동,京畿道富川市中洞
캔들 KC인증 및 챔프파생 수업,烛台KC认证和冠军衍生品课程
어버이날 스승의날 선물 추천! 카네이션 캔들 만들기,父母节和教师节礼物推荐！自制康乃馨蜡烛
봄맞이 데이트추천! 나만의 미니 힙팟 화분 만들기로 식집사되기,春季约会推荐！制作属于你自己的迷你时尚花盆，成为植物管家！
변함없는 안전한 커스텀쥬얼리 클래스,始终安全可靠的定制珠宝课程
혼주 뒤꽂이(양가 어머님들) + 블렌딩 에센셜 오일(어머님들만의 에센셜 오일),新娘和新郎母亲的发夹（两位母亲各一枚）+ 混合精油（专为母亲准备的精油）
탄센트럴에이스타워 B동 313호 아루아,Arua，313室，B座，Tan Central A-Star大厦
경기도 화성시 영천동 동탄기흥로 590 동탄센트럴에이스타워 B동 313호 아루아,京畿道华城市永川洞东滩器兴路590号东滩中央A-Star大厦B座313室Arua
주방비누/세탁비누 원데이클래스,厨房用皂/洗衣皂一日课程
티 블랜딩 클래스,茶叶拼配课程
나만의 감정레시피 : 감정오일&티블랜딩,我的专属情绪配方：情绪精油与茶饮的调配
서울 · 영등포구 · 당산로,首尔·永登浦区·堂山路
서울 영등포구 당산로,首尔特别市永登浦区堂山路
나만의 특별한 아이템 레진아트 원데이 클래스,一日树脂艺术课程：我的专属作品
층 101호,101层
충청남도 천안시 동남구 원거리11길 17 1층 101호,忠清南道天安市东南区黄溪里11街17号1楼101室
나만의 색을 찾는 퍼스널컬러 클래스,个人色彩课程，找到属于你的色彩
부산광역시 동구 범일동 범일로90번길 17 2509호,釜山市东区凡一洞凡一路90街17号2509室
가드닝 & 페인팅 나만의 식물 팟 만들기,园艺与绘画：自制花盆
배달은 이제그만 간단하게 누구나 해먹을수있는 건강한 집밥,无需再送餐！健康家常菜，人人都能轻松烹饪。
순이상가 103호,苏尼桑加第103号
서울특별시 송파구 문정동 중대로 24 호순이상가 103호,首尔特别市松坡区文井洞中大路 24 湖善一尚街 103 号
카네이션 화과자 원데이 클래스,康乃馨和菓子一日课程
서울 · 용산구 · 원효로1가,首尔·龙山区·元晓路 1 街
서울 용산구 원효로1가,首尔特别市龙山区元晓路1街
나만의 니치향수만들기,自制小众香水
업사이클 플라워 악세사리 카네이션 키링&부토니에 세트 만들기 +추가 1세트 더,用回收的花朵制作康乃馨饰品：钥匙扣和胸花套装 + 1 套
"경기도문화재단 산하 경기상상캠퍼스, 문화창직단체로 입주 활동 중",目前作为京畿文化财团旗下的驻地组织，在京畿上校区开展活动。
단 하루! 2시간 만에 작곡가 되는 법. 현재 100% 무료입니다,只需一天！2小时即可成为作曲家。目前完全免费。
경기도 수원시 팔달구 권광로159  수원프라자 1동 1207호,京畿道水原市八达区光旺路159号水原广场1号楼1207室
나만의 우든펜(우드펜) 원데이 클래스,一日课程，教你制作自己的木制钢笔
수제꽃차원데이클래스,手工花卉一日课程
사업자창업포장클래스,企业创业包装课程
충청북도 · 청주시 · 상당구,忠清北道·清州市·上堂区
충청북도 청주시 상당구,忠清北道清州市上堂区
보자기아트직장인반저녁클래스,博贾吉艺术晚间班（面向上班族）
보자기선물포장취미반클래스,博雅吉礼品包装爱好课程
인삼꽃주원데이클래스,人参花酒一日课程
봄여름용 자이언트얀 가방 만들기_고급스러운 골지 실,制作春夏巨型毛线包_奢华罗纹毛线
보자기아트 자격증취득반/ 정규반클래스,博贾吉艺术认证课程/常规课程
신도주차장에  주차하시고  일신여고방향으로  3 분정도  걸어오시면 있습니다.,请将车停在新堂停车场，然后向日信女子高中方向步行约 3 分钟。
보자기아트원데이클래스,博贾吉艺术一日课程
햇살과 유리의 영롱한 조합 스테인드글라스 원데이클래스,阳光与玻璃的完美结合：彩色玻璃一日课程
지정도안 세가지는 체험가 금액+난이도가 낮은 도안으로 체험해 보실 수 있어요 !,您可以以试用价体验这三种指定的设计，因为它们都很简单！
서핑입문교육 (Lv.1) – 서핑교육 2시간 + 자유서핑 무제한,冲浪入门课程（一级）——2小时教学+无限次免费冲浪
"부산광역시 해운대구 송정동 711-5 송정동 711-5 1층,2층 서프홀릭",Surfholic，釜山海云台区松亭洞711-5号1楼和2楼
부산 해운대구 송정해변로 50,釜山广域市海云台区松亭海边路 50
사랑듬뿍 카네이션 만들기(페이퍼플라워),制作充满爱意的康乃馨（纸花）
1:1 맞춤 사진 강의 (예약 가능),一对一私人摄影课程（可预约）
연애 잘하고 싶은 분들한테 전해주는 연애꿀팁,给那些想在约会中取得成功的人的约会技巧
우드카빙 - 버터나이프 만들기,木雕——制作黄油刀
반려동물 케이크 만들기,制作宠物蛋糕
4월의 강좌 댕댕치킨 만들기,四月课程：制作狗狗鸡肉
봄 맞이 수채화 원데이 클래스,春季水彩一日课程
친환경 신소재로 제작하는 나만의 에코오브제,我用环保新材料制作的环保物品
취미로 배우는 캘리그라피,以书法为爱好学习
저역시는 육아를 위해 경단녀의 삶을 살다가 캘리그라피를  취미로 접하고 매력에 빠져 열심히 배우고 자격증을 취득하고 지금도 열심히 배우면서 노력하고 있답니다,我也曾是一位全职家庭主妇，在家照顾孩子，但我发现了书法这门爱好，并深深地爱上了它，我勤奋学习，获得了证书，现在仍然在努力学习和提高。
부자가 되는 공간정리법,空间组织方法致富
2시간 바다서핑강습 + 자유서핑 무제한,2小时开放水域冲浪课程 + 无限次免费冲浪
정호텔2층 송정서핑학교,松亭冲浪学校位于正酒店二楼
부산광역시 해운대구 송정해변로 28 송정호텔2층 송정서핑학교,松亭冲浪学校，松亭酒店二楼，釜山海云台区松亭海边路28号
포토파티 - 홍제스테이,照片派对 - 鸿济住宿
프로젝트룩,项目外观
"서울특별시 서대문구 홍제동 홍제원1길 8  201호, 프로젝트룩",首尔市西大门区弘济洞弘济院1街8号201室，Project Look
"예쁨 한스푼, 크림솝 만들기(약산성비누)",一勺美丽，制作乳霜皂（弱酸性皂）
펫푸드자격증 / 반려동물 베이커리지도사,宠物食品认证/宠物烘焙讲师
층 다니옹,层状丹尼翁
경상북도 경산시 진량읍 공단로 501-3 1층 다니옹,Daniong，1楼，庆尚北道庆山市集良邑公丹路501-3号
펫푸드 자격증 / 반려동물 푸드지도사,宠物食品认证/宠物食品讲师
"피크닉 준비 강아지 파스타 (바질파스타, 로제파스타)",野餐准备狗狗意面（罗勒意面、桃红意面）
경상북도 경산시 진량읍 해든길 11 1층 다니옹,Daniong，1楼，11 Haedeun-gil，Jillyang-eup，庆尚北道庆山市
입문반 - 3개월,初级班 - 3个月
서울 · 구로구 · 디지털로32가길,首尔·九老区·数码路 32ga-gil
서울 구로구 디지털로32가길,首尔市九老区数码路32ga街
나만의 워치 스트랩 만들기 원데이 클래스,一日课程，教你制作自己的表带
부산광역시 부산진구 전포2동 664-6 1층 스그니 가죽공방,Sguni皮革工坊，釜山市釜山镇区全浦2洞664-6号1楼
부산광역시 부산진구 전포2동 664-6 1층(스그니 가죽공방),釜山釜山镇区全浦2洞664-6号1楼（Sguni皮革工坊）
별자리 무드 캔버스 만들기,制作星座主题情绪画布
부산광역시 해운대구 중1동 1199-5 415호,釜山广域市海云台区中1洞1199-5 415室
너무 맛있어서 소개할 말이 없는 브라우니 만들기,做出了美味到无法用语言形容的布朗尼蛋糕
경기도 · 화성시 · 영천동,京畿道·华城市·永川洞
경기도 화성시 영천동,京畿道华城市永川洞
도자기에 흙으로 경험과 시간을 그리는 색소지 접시 만들기 클래스,彩色陶盘制作课程：陶土绘画体验及陶瓷创作时光
서울특별시 강동구 고덕동 아리수로74길 35 101호,首尔特别市江东区古德洞有水路74街35号101室
자운고/청비고 원데이클레스,Jaungo/Cheongbigo 一日课程
즉석 커스텀 티셔츠 만들기 체험 티셔츠체험/ 원데이 클래스 / 단체클래스,即时定制T恤制作体验 T恤制作/一日课程/团体课程
서울특별시 광진구 군자동 동일로56길 60 2층,首尔特别市广津区群子洞东一路56街60号2楼
백드롭페인팅 나이프화 원데이 클래스,背景画刀鞋一日课程
부산광역시 북구 화명동 금곡대로 270 대림상가 310-1호,釜山北区华明洞金谷大路270号大林购物中心310-1单元
미니칼림바 만들기(특수원목),制作迷你卡林巴琴（特殊木材）
부산광역시 중구 대청동3가 대청로78 3층 플레이아트센터,Play Art Center，釜山市中区大清洞3街大清路78号3楼
칼림바만들기(17키편백원목),制作卡林巴琴（17键实心柏木）
은반지 원데이클래스,银戒指一日课程
나만의 귀여운 힙팟을 만들어봐요!,让我们一起制作属于你自己的可爱嘻哈锅吧！
하부동산 2층 leap,下山二楼跳跃
부산 사하구 괴정동 장평로 432,釜山市沙下区古井洞庄平路432号
해운대 바다를 내손 안에 모먼트캔들 만들기,手握海云台大海，制作美好瞬间蜡烛
오감만족 쉐이커쿠키 만들기,制作五感摇摇饼干
서울 · 강서구 · 양천로,首尔·江西区·阳川路
서울 강서구 양천로,首尔特别市江西区阳川路
모던한 라탄 미니도어벨 만들기,制作现代藤编迷你门铃
부산광역시 연제구 연산동 778-32 1층,釜山市延济区延山洞778-32号1楼
반짝이는 당신의 하루를 위한 힐링 클래스 (나만의 비누 만들기) 성인반/키즈반,焕发光彩的一天疗愈课程（自制手工皂）成人班/儿童班
레메이에르 향수 원데이클래스,Le Meil​​leur香水一日班
[청년공방] 원목 LED 무드등 만들기 원데이클래스,【青少年工作坊】一日木制LED氛围灯制作课程
층 신광빌딩 4층 청년공방 본점,清年工房总店，新旺大厦4楼
경기 수원시 팔달구 권광로187번길 10-3,京畿道水原市八达区权王路187街10-3
인천 보컬 1:1 원데이 클래스 (선학역),仁川声乐1对1一日课程（宣鹤站）
감사하고 고마웠던 분들께 직접 만든 카네이션캔들 어떨까요? 오래두고 봐도 예쁜 카네이션캔들,不如送你心仪的人一支手工制作的康乃馨蜡烛？一支即使过了很久依然美丽的康乃馨蜡烛。
오랜시간 수업의 노하우로 쉽고 재미있는 수업이 될수있게 준비할께요,我将运用我多年的教学经验，为大家准备一堂轻松有趣的课程。
곰돌이캔들 앙증맞고 요즘 가장 핫한 곰돌이캔들& 채색석고 실속 클래스,可爱的泰迪熊蜡烛，当下最热门的潮流：彩色石膏实用课程
대전광역시 동구 삼성동 278-4 레네의작업실,大田广域市东区三成洞 278-4 Rene's Studio
필름 넣기부터 사진관까지! 찍으면서 배우는 필름카메라 원데이 출사클래스(필카 대여가능),从胶卷装填到摄影棚体验！一日胶片相机摄影课程，边拍边学（提供胶片相机租赁服务）
서울 · 종로구 · 적선동,首尔·钟路区·赤善洞
서울 종로구 적선동,首尔特别市钟路区积善洞
청키캔들 (정크캔들_) 오밀한 오브제를 챱챱 만들고 캔들속에 쏙~ 청키캔들이에요,厚实蜡烛（装饰蜡烛）。我们精心制作了各种精巧的物件，并将它们直接放置在蜡烛内部~ 这就是厚实蜡烛。
오랜시간 공방을 하면서  수업을했던  경험을 바탕으로,根据我长期教授课程和举办研讨会的经验
"DIY, 내 손으로 만드는 나만의 월급 포트폴리오_재테크 원데이클래스",DIY：亲手打造属于你自己的薪资组合_一日个人理财课程
스트파이브 을지로점,乙支路五街分店
서울 중구 수표동 청계천로 100,首尔特别市中区水表洞清溪川路100
글라스아트 썬캐쳐 만들기 원데이클래스,玻璃艺术阳光捕手制作一日课程
경기도 · 오산시 · 경기대로,京畿道·乌山市·京畿大路
경기도 오산시 경기대로,京畿道乌山市京畿大路
글라스아트 무드등 만들기 원데이클래스,玻璃艺术氛围灯制作一日课程
글라스아트 거울꾸미기 원데이클래스,玻璃艺术镜面装饰一日课程
한식디저트 개성주악 만들기 수업,韩国甜点开城果乐制作班
부산광역시 수영구 남천동 남천바다로15번길 31 2층,釜山广域市水营区南川洞南川巴大路15街31号2楼
가죽 카드지갑 만들기 클래스,皮革卡包制作课程
완성도 있는 퀄리티의 작품을 스스로 만들 수 있도록,这样你就可以独立创作高质量的作品了。
나만의 장난감 베어브릭 페인팅 클래스,我的玩具熊积木彩绘课
부산광역시 강서구 명지동 3246 명지오션시티 삼정그린코아 114동 2층 108호,釜山市江西区明知洞3246号明知海洋城114号楼2楼108室
This is Me - 나를 만나는 프로필 촬영(예약 가능),这就是我——个人形象照拍摄，遇见真正的自己（可预约）
"테라리움과는 다른 매력, 코케다마 만들기 클래스",与玻璃容器植物景观不同的魅力，苔玉制作课程
층 네츄럴모먼트,层叠的自然瞬间
부산광역시 사하구 신평동 하신번영로151번길 66 1층 네츄럴모먼트,Natural Moment，1楼，釜山市沙下区新平洞河信湾路151号街66号
스튜디오 리어스 천연비누 원데이/정규 클래스,Studio Rears 天然皂一日/常规课程
층 스튜디오 리어스,地板工作室后部
부산광역시 기장군 정관읍 모전3길 32-8 1층 스튜디오 리어스,"Studio Rears, 1F, 32-8, Mojeon 3-gil, Jeonggwan-eup, Gijang-gun, Busan"
매주 금요일 해외파 선생님과 함께 떠나는 잉글리쉬 북 클럽 (Book & Activity),每周五由海外教师带领的英语读书俱乐部（书籍及活动）
편한세상 광진 그랜드파크,平汉世上广津大公园
서울특별시 광진구 구의동 광나루로 458 e편한세상 광진 그랜드파크,"e-Pyeonhansesang广津大公园, 首尔特别市广津区九宜洞广渡路458"
"해외파 선생님과 잉글리쉬 베이킹 | 2월예약, 금요반 | 광진",与海外教师一起学习英语烘焙 | 二月课程，周五班 | 广津
사랑하는 내 반려동물을 닮은 양모펠트 원데이클래스,羊毛毡一日课程，成品像极了我心爱的宠物
앙금플라워떡케이크 파이핑 원데이 클래스,豆沙花年糕裱花一日课程
층 설앙케이크,千层雪糕
서울특별시 강동구 고덕동 고덕로 88-5 1층 설앙케이크,首尔特别市江东区古德洞古德路88-5 1楼雪昂蛋糕
직접 만드는 앙금플라워떡케이크 원데이 클래스,DIY豆沙花年糕一日课程
써니s다이닝 공덕동 화과자 자격증 정규클래스,Sunny's Dining 孔德洞和菓子认证常规班
고나시 네리끼리 우이로우 셋빼 와 양갱  의 기초반으로 이루어진 수업과,课程内容包括无、练切、外色、塞佩和羊羹等基础课程，
NIOES 왁스카빙 반지 만들기,制作NIOES蜡雕戒指
1 hitchnet academy,1 hitchnet学院
서울특별시 마포구 서교동 월드컵북로7길 10 B1 hitchnet academy,"B1, 10 World Cup buk-ro 7-gil, Seogyo-dong, Mapo-gu, Seoul hitchnet academy"
NIOES 큐빅 세팅 반지 만들기,制作 NIOES 立方镶嵌戒指
NIOES 인디언 주얼리 반지 만들기,制作NIOES印度珠宝戒指
"서울특별시 마포구 서교동 월드컵북로7길 10, B1 hitchnet academy","B1, 10, World Cup buk-ro 7-gil, Seogyo-dong, Mapo-gu, Seoul hitchnet academy"
분위기를 바꾸는 예쁜 미니 스탠드 조명 만들기,制作一款漂亮的迷你落地灯来改变氛围
경기도 · 부천시 · 소사본동,京畿道·富川市·小沙本洞
경기도 부천시 소사본동,京畿道富川市小沙本洞
커플링 왁스 카빙 원데이 클래스,情侣戒指蜡雕一日课程
모카클래스,摩卡班
서울특별시,汉城
뜨개 힐링! 커플데이트 추천 자이언트얀 벨벳 가방 만들기,编织疗愈身心！情侣约会推荐：制作巨型毛线天鹅绒袋
서울트별 · 강남구 · 논현로152길,首尔 Teubyeol · 江南区 · 论岘路 152 街
서울트별 강남구 논현로152길,首尔江南区论岘路152街152街
감성 인테리어 벽걸이 거울 클래스 유리공예-글라스아트,充满情感的室内壁镜课程 - 玻璃工艺 - 玻璃艺术
부산광역시 금정구 장전동 389-40 1층,釜山市锦井区长田洞389-40号1楼
쏠쌤의 원데이 타로클래스,Sol老师的一日塔罗牌课程
쏠쌤의 원데이 타로 클래스,Sol老师的一日塔罗牌课程
나도 타로 마스터가 될 수 있는,我也可以成为塔罗大师
"손쉽게 멋진 디자인, 석고틀 활용 도자기 그릇",设计简洁时尚，采用石膏模具制作的陶瓷碗
대구광역시 남구 대명동 1623-60 대명메트로아파트 상가 203호,大邱市南区大明洞1623-60号大明地铁公寓商业楼203室
저자극 워터베이스 향수 만들기,制作低过敏性水基香水
층 4호,4楼
서울특별시 서대문구 대현동 이화여대길 52-11 1층 4호,首尔市西大门区大贤洞梨花女子大学路52-11号1楼4单元
나만의 시그니처 향수 만들기,打造属于你自己的专属香水
나만의 컵 만들기/무드잔 전사지 원데이 클래스,自制杯子/情绪杯转印纸一日课程
행운을 주는 나만의 유리공예 썬캐쳐 만들기,自制幸运玻璃阳光捕手
토끼 & 펭귄 캐릭터 김초밥 만들기,制作兔子和企鹅造型寿司
원목 도마 원데이클래스,实木砧板一日课程
부산광역시 남구 대연동 503-4 지하 1층,釜山南区大渊洞503-4号地下1层
유리전사컵 원데이클래스,玻璃转印杯一日课程
혹시 만든 그 날 바로 가져갈수있나요?,请问我可以当天就把它带回家吗？
3D푸드 프린터로 발렌타인데이 레터링 케이크 선물만들기,用3D食品打印机制作情人节字母蛋糕礼物
7,7
서울특별시 강서구 마곡동 마곡중앙8로 14 707,首尔特别市江西区麻谷洞麻谷中央8路14 707
강아지 노오븐 수제간식 취미반,无需烤箱的自制狗零食兴趣班
mp비누 클래스,MP肥皂类
커피박 아트공예,咖啡渣艺术工艺品
"자가이용시
동일스위트1차 아파트입구에서   바로 오른쪽으로 올라오시면주차장있어요  주차 후  한층 내려오시면 됩니다 

도보
동일스위트1차 상가 2층 (구 아트인미술)","驾车

从东日甜品一期公寓入口右转，即可看到停车场。停车后，请下到二楼。

步行

东日甜品一期商业大厦（原名 Art in Art）二楼"
퍼스널브랜딩 원데이클래스,个人品牌一日课程
나랑 놀아요,和我一起玩
부산광역시 수영구 망미,釜山广域市水营区望美
부산 수영구 망미동 산 6-2,釜山广域市水营区望美洞6-2
이끼테라리움 원데이클래스,苔藓生态瓶一日课程
나만의 향수와 디퓨저를 만들어 보실 수 있는 실브 공방 원데이,银匠工作坊一日课程，教你制作自己的香水和香薰
든힐빌딩 2층 204,登喜路大厦二楼204室
경기도 광명시 하안동 범안로 1056 골든힐빌딩 2층 204,京畿道光明市翰洞宝满路1056号金山大厦2楼204室
예쁜비누_MP보석비누 만들기,制作漂亮的肥皂_MP宝石肥皂
층 도아공방,地板门车间
경기도 광주시 오포읍 능평로 194-14 1층 도아공방,京畿道广州市鹅浦邑新坪路 194-14 1 楼 Doa Workshop
기능성 수제비누_맞춤비누만들기1kg,功能性手工皂_定制手工皂制作 1公斤
예쁜 수제비누_나만의 디자인 만들기500g,精美手工皂_可自行设计 500克
예쁜 수제비누_나만의 디자인 만들기1kg,精美手工皂_可自行设计 1公斤
나만의 핸드메이드 도자기 원데이,一日手工陶艺工作坊
스컬피 조물조물,Sculpey，模具
층 공방코끼리,地板车间大象
서울특별시 성북구 동소문동6가 아리랑로3길 36 1층 공방코끼리,首尔特别市城北区东小门洞 6 街阿里郎路 3 街 36 号 1 楼工房工坊
Focus on me. 흙과 함께하는 시간,关注我。与土壤相处的时光。
"경기도 광명시 일직동 194-1 광명시 신기로 15, S플라자 502호",京畿道光明市一直洞194-1 光明市新路15号S广场502室
경기 광명시 일직동 510-14,京畿道光明市一直洞 510-14
펫푸드 스타일리스트,宠物食品造型师
마음이 고요해지는 펜드로잉,能让人平静下来的钢笔画
썸플레이스 세종어진점,某地 世宗益真分店
세종시 아름동 달빛1로 307 투썸플레이스 세종어진점,世宗市阿里姆洞达比特 1 路 307 号 Twosome Place 世宗余津店
경산/대구 강아지 수제간식 취미반,庆山/大邱自制狗零食兴趣班
경산 베이킹 취미반 (비건포함),庆山烘焙兴趣班（含素食）
취향가득 디자인비누 원데이클래스,充满品味的创意手工皂一日课程
경기 수원시 영통구 원천동 광교호수공원로 277  중흥에스클래스 어뮤즈스퀘어 상가 B2층 39호,京畿道水原市灵通区元川洞光教湖公园路277号Jungheung S-Class Amuse Square B2F 39号
시어버터 듬뿍 핸드크림 만들기,自制乳木果护手霜
층 28스킨드롭,28楼皮肤脱落
경기도 안산시 단원구 고잔동 안산천서로 23 2층 28스킨드롭,京畿道安山市檀园区古栈洞安山川西路23号Skin Drop 2楼28
3D피부테스트 & 맞춤형화장품 만들기,3D皮肤测试和定制化妆品制作
수업시간안으로 방문 부탁드리겠습니다!,请在上课时间来访！
해외 식도락 여행? 서울에서 하자!,想来一场海外美食之旅吗？那就去首尔吧！
지곤지,治严寺
서울특별시 용산구 용산동2가 신흥로3가길 32 온지곤지,首尔特别市龙山区龙山洞2街新兴路3街32号温地权寺
화훼장식기능사 자격증반,花艺装饰技师认证课程
계벽산아파트복합상가 109동 2층 274호 Garten,Garten，109号楼2楼274单元，桂碧山公寓综合购物中心
서울특별시 노원구 상계동 한글비석로 396 상계벽산아파트복합상가 109동 2층 274호 Garten,首尔特别市芦原区上溪洞韩国碧山路396号上溪碧山公寓109号楼2楼274室花园
두릿체리 30ml /50ml향수 만들기,制作 Doorit 樱桃味 30ml / 50ml 香水
부산광역시 부산진구 전포동 서전로47번길 27,釜山广域市釜山镇区田浦洞西田路47街27
라라별찌 시그니처 미니케이크 + 마카롱 캔들 세트 만들기,制作 Lara Byeoljji 招牌迷你蛋糕 + 马卡龙蜡烛套装
자동 301호,自动房间 301
부산광역시 부산진구 전포동 서전로47번길 27  B자동 301호,釜山广域市釜山镇区田浦洞西田路47街27号B洞301室
유리공예 글라스아트로 꾸미는 내방 우리집 홈데코 소품만들기,用玻璃艺术为我的房间和家制作家居装饰品
"혼자오셔도 편안한 공간이 되고, 여럿이서 오셔도 즐겁게 즐길 수 있는 공간을 만들어 갑니다  ’◡‘✿",我们正在打造一个无论你独自前来都能感到舒适，无论你与朋友结伴而来都能尽情享受的空间。◡‘✿
반짝반짝 아크릴 글리터물감으로 그리는 모던민화,现代民画，用闪亮的丙烯酸亮片绘制
프리미엄 도마 만들기 원데이클래스,高级砧板制作一日课程
하나뿐인 나만의 캔들 & 타블렛 원데이클래스,独一无二的蜡烛和平板电脑一日课程
층 리안공방,地板 Rian 车间
서울시 광진구 자양동 뚝섬로50길 7-6 1층 리안공방,首尔特别市广津区紫阳洞纛岛路50街7-6 1楼Rian工坊
플로리스트 창업시 필요한 상품 및 행정 준비반,开设花店业务所需的产品和管理方面的预备课程
스퀘어 2층 52호,广场，二楼，52单元
서울 서대문구 대현동 신촌역로 22-5 박스퀘어 2층 52호,首尔特别市西大门区大贤洞新村邑路22-5 Box Square 2楼52室
나도 플로리스트 핵심만 쏙쏙 클래스,我也是花艺师：基础课程
전사지클래스,战士职业
손뜨개 최애 카드지갑,我最喜欢的针织卡包
빛을 담는 감성 썬캐쳐클래스,情感捕手课程捕捉光线
너매스마곡2 4층 415호,Neomass Magok 2 4 楼 415 室
서울 강서구 마곡동 마곡중앙2로 35  이너매스마곡2 4층 415호,首尔特别市江西区麻谷洞麻谷中央2路35号麻谷2内4楼415室
세라듀 도자기 핸드페인팅 클래스,Ceradew陶瓷手绘班
세라듀 물레체험 클래스,Ceradew陶艺拉坯体验课
세라듀 도자기 체험 원데이클래스,Ceradew陶艺体验一日课程
아늑한 분위기에서 배우는 기타 맞춤레슨,在温馨舒适的环境中享受个性化的吉他课程
천연 화장품 만들기 원데이클래스,一日天然化妆品制作课程
원데이클래스 페인팅•전사지,一日绘画课程 • 转印纸
부산광역시 서구 서대신동3가 7-57 예림빌라,釜山广域市西区西大新洞 3 街 7-57 艺林别墅
크랙소금빵(비건대체가능),碎盐面包（可提供纯素替代品）
샌드위치로도 먹기 좋아요,做成三明治也很好吃。
그림 그리며 감성 충전 해보세요/그림 원데이클래스,通过绘画来释放你的情绪 / 一日绘画课程
식물성오일로 만든 수제비누,用植物油制成的手工皂
"경기도 안산시 단원구 신촌5길33 102호, 윤블리비누공방",京畿道安山市檀园区新村5街33号102号Yoonvely肥皂工房
강아지 수제간식 치킨만들기,自制鸡肉狗狗零食
"나에게 주는 완벽한 휴식, 힐링 명상 클래스",完美的放松方式，疗愈冥想课
곰돌이마들렌 베이킹 클래스,泰迪熊玛德琳烘焙课
"눈으로도 즐겁고, 입도 즐거운 귀여운 디저트!",造型可爱，色香味俱全的甜点！
아이싱쿠키 원데이클래스,糖霜饼干一日课程
한식&양식 쿠킹 원데이클래스,韩式和西式烹饪一日课程
반려동물 아로마테라피 원데이클래스,宠物芳香疗法一日课程
마음에 향기까지 담은 석고방향제 클래스,石膏空气清新剂课程，捕捉心灵的芬芳
서울특별시 강서구 마곡중앙2로 35 503호,首尔特别市江西区麻谷中央2路35号503室
마크라메 파인애플 화분 만들기,制作一个编织菠萝花盆
마크라메 걱정인형 만들기,制作编织忧虑娃娃
제주도 · 제주시 · 애월읍,济州岛 · 济州市 · 艾月邑
제주도 제주시 애월읍,济州岛济州市爱月邑
내게 필요한 원석은 무엇? - 나만의 힐링스톤 비누 만들기 원데이 클래스,我需要哪种宝石？——一日课程教你制作属于自己的疗愈石皂
광진구,广津区
반짝반짝 크리스마스 가랜드,闪亮的圣诞花环
탄센트럴에이스타워 B동 313호,Tan Central A-Star Tower，B座，313室
경기도 화성시 영천동 동탄기흥로 590 동탄센트럴에이스타워 B동 313호,京畿道华城市永川洞东滩器兴路590号东滩中央A-Star大厦B座313室
감성 민화 - 원데이 판넬 드로잉 클래스,感伤民间绘画——一日木板画课程
원데이 실크 드로잉 민화 클래스,一日丝绸绘画民画课
명절 펫푸드 원데이클래스,假日宠物食品一日课程
동 1층 111호,东楼1楼111室
경기도 화성시 영천동 동탄대로 636-14  c동 1층 111호,京畿道华城市永川洞东滩大路636-14 C栋1楼111室
"브라우니, 오뜨, 바나나쿠키, 컵케이크 클래스",布朗尼蛋糕、高级蛋糕、香蕉饼干、纸杯蛋糕
경기도 화성시 영천동 동탄대로 636-14 c동 1층 111호,京畿道华城市永川洞东滩大路636-14 C栋1楼111室
"도넛&와플, 피자, 도시락케이크 원데이클래스",甜甜圈和华夫饼、披萨、午餐盒蛋糕一日课程
"치킨, 김밥, 주먹밥 원데이클래스",鸡肉、紫菜包饭和饭团一日课程
펫푸드 자격증반(창업반),宠物食品认证课程（入门课程）
펫푸드 베이커리 자격증반(창업반),宠物食品烘焙认证课程（创业课程）
"펫푸드 붕어빵&호두과자, 타르트 원데이클래스",宠物食品邦吉翁和核桃蛋糕，挞一日课程
나만의 작은정원 테라리움 원데이 클래스,我的专属小花园生态瓶一日课程
대전광역시 중구 중촌동 10-3 중촌시영아파트 상가동 202호,大田市中区中村洞10-3号中村始荣公寓商业楼202室
명품 소가죽 휴대폰백 만들기,制作一款奢华的牛皮手机包
지구를 생각하는 착한공예 원데이클래스,环保手工艺一日课程
우리집 댕댕이 케이크 만들기,给我的狗狗做蛋糕
댕빵소,丹邦索
"경기도 성남시 수정구 성남대로1250번길 5-1 1층, 댕빵소",京畿道城南市水井区城南大路1250街5-1 1楼
청사진 핸드타이드 / 꽃다발 원데이클래스,手工扎花/花束一日课程设计
젠탱글 크리스마스 오너먼트 만들기,制作禅绕画圣诞装饰品
부산광역시 부산진구 전포2동 2-1 드리미탱글,Dreamy Tangle，釜山镇区全浦2洞2-1
특별한 각인 매듭팔찌 원데이클래스,特制刻字结手链一日课程
생화숫자케이크 원데이클래스,鲜花数字蛋糕一日课程
레시피 미제공 클래스로도,即使作为一个没有食谱的班级
청사진 크리스마스 리스 원데이클래스,圣诞花环一日课程设计
층 청사진,地板蓝图
서울특별시 마포구 도화동 도화2안길 14 1층 청사진,Blueprint，1楼，首尔市麻浦区道华洞道华2安街14号
청사진 플라워클래스 취미반,蓝图花卉课爱好课
천연비누&립밤 만들기 4주과정 취미반,为期四周的天然肥皂和润唇膏制作兴趣班
서울 · 마포구 · 마포대로,首尔·麻浦区·麻浦大路
서울 마포구 마포대로,首尔市麻浦区麻浦大路
양말목 도어벨만들기,用袜子线制作门铃
서향기공방,西乡基工作室
서울특별시 마포구 망원동 월드컵로19길 23 예서향기공방,首尔特别市麻浦区望远洞世界杯路19街23 路香香工坊
<명지국제신도시>자이언트얀만두백,<明知国际城>巨型Yanmandu包
부산광역시 강서구 명지동 3388-1 1층,釜山广域市江西区明知洞3388-1 1楼
<명지국제신도시>패브릭가방만들기,明知国际城布袋制作
라탄/커피클레이(업싸이클공예)/플라워수업,藤条/咖啡粘土（升级改造）/花卉课程
01호해피트리토탈공방,快乐树综合工作室 01 号
부산광역시 강서구 신호동 신호산단2로49번길 9 101호해피트리토탈공방,Happy Tree Total Workshop，101室，釜山江西区新湖洞新湖山丹2路49号街9号
밤밤밤 윈터클래스,Bambambam 冬季课程
경기도 · 화성시 · 동탄기흥로,京畿道·华城市·东滩器兴路
경기도 화성시 동탄기흥로,京畿道华城市东滩器兴路
나만의 유리정원 테라리움 원데이클래스,我的玻璃花园生态瓶一日课程
새로운세상으로 초대 / 원데이 스킨스쿠버 체험다이빙,邀您探索新世界 / 一日水肺潜水体验
"영화 속 주인공처럼, 감성 스냅 사진",像电影主角一样的感伤快照
서울특별시 도봉구 쌍문동 103-150 우이천로 근처,首尔市道峰区双门洞103-150号，靠近义川路
서울 도봉구 우이천로 302,首尔市道峰区义川路302号
시니어요가전문교육,高级瑜伽专业培训
꽃 볼펜(또는 크리스마스 볼펜) & 나만의 블렌딩 오일 만들기,制作花朵圆珠笔（或圣诞圆珠笔）和我自己调配的精油
화장품 연구원과 함께하는 올리브영 정복하기,用化妆品研究员征服奥利弗·杨
년스테이션,年站
경기도 시흥시 정왕동 정왕대로233번길 19  청년스테이션,青年站，京畿道始兴市正王洞正王大路233号街19号
플루이드아트 for KIDS 원데이클래스,儿童流体艺术一日课程
디저트 페인팅 클래스,甜点绘画课
추상화 페인팅 원데이클래스,抽象绘画一日课程
백드롭 페인팅 원데이클래스,背景绘画一日课程
미니캔버스 페인팅 원데이클래스,迷你画布绘画一日课程
보태니컬아트 원데이클래스,植物学一日课程
오일파스텔 원데이클래스,油画棒一日课程
"나만의 특별한 향 만들기, 스튜디오 유랑 향수 원데이 클래스",打造专属香氛，宇浪香水工作室一日课程
제주도 공항 근처에 위치해 있어서 여행을 시작하거나 마무리할 때 잠깐 방문해서 즐길 수 있어요.,它位于济州机场附近，因此您可以在旅程的开始或结束时稍作停留，尽情享受。
연필드로잉 원데이클래스,铅笔画一日课程
캐릭터 페인팅 원데이클래스,人物绘画一日课程
"혹시 키덜트이신가요? 좋아하는 캐릭터를 물감으로 슥슥~ 함께 그려보는 원데이클래스입니다. 누구나 참여가 가능하니, 가족 ,연인,친구와 함께  즐거운 시간을 보내봐요 :)",你是不是个童心未泯的大孩子？这是一个为期一天的绘画课程，我们可以一起用快速的笔触描绘我们最喜欢的角色。欢迎所有人参加，快来和你的家人、伴侣或朋友一起度过一段快乐的时光吧 :)
재물운이 들어오는 페인팅 원데이클래스,一日绘画课，致富之道
하늘풍경 페인팅 클래스,天空风景绘画课
팝아트 페인팅 클래스,波普艺术绘画课
명작모작 페인팅 원데이클래스,大师级绘画复制一日课程
크리스마스페인팅클래스,圣诞节绘画课
신나는 음악과 함께 디제잉을 배워보자!,让我们一起用动感的音乐学习DJing吧！
서울특별시 용산구 청암동 원효로41길 15 6층,首尔特别市龙山区青岩洞元晓路41街15号6楼
힙합 비트메이킹을 배워보자!,让我们一起学习嘻哈音乐制作吧！
서울 · 용산구 · 청암동,首尔·龙山区·青岩洞
서울 용산구 청암동,首尔特别市龙山区青岩洞
하루에도 가능한 타로카드 기초수업,一天即可完成塔罗牌基础课程
크리스마스리스,圣诞花环
"부산광역시 남구 대연동 홍곡로 360, 대연파크푸르지오","釜山广域市南区大渊洞洪谷路 360, 大渊公园 Prugio"
실내 테니스 레슨,室内网球课程
서울 · 강동구 · 길동,首尔·江东区·吉洞
서울 강동구 길동,首尔市江东区吉洞
탄탄히 배우는 힐링 플라워레슨,坚实的疗愈之花课程
서울 · 서초구 · 강남대로2길,首尔·瑞草区·江南大路2街
서울 서초구 강남대로2길,首尔特别市瑞草区江南大路2街
전통주외 건강한 전통발효,除了传统酒类，还有健康的传统发酵工艺
서울 · 종로구 · 북촌로12길,首尔·钟路区·北村路 12 街
서울 종로구 북촌로12길,首尔特别市钟路区北村路12
수제 계절 전통주 만들기,自制时令传统酒
아쿠스 타투 아카데미,阿库斯纹身学院
서울특별시 마포구 서교동 독막로3길,首尔特别市麻浦区西桥洞洞马克路3街
"자세교정 요가,필라테스",姿势矫正瑜伽、普拉提
평상시습관으로  생긴 자세불균형을  바로 잡아주는,纠正因日常习惯引起的姿势失衡
나만의 카드지갑 만들기,自制卡包
부산광역시 해운대구 중1동 1088-68 미작스튜디오,"Mijak Studio, 釜山广域市海云台区中 1 洞 1088-68"
부산 해운대구 달맞이길50번길 21,釜山广域市海云台区迎月路50街21
직접 만드는 친환경 물감과 채색체험,DIY环保涂料和着色体验
세상에 하나뿐인 나의별자리 향수 만들기,打造独一无二的星座香水
반려동물수제간식만들기,自制宠物零食
가죽으로 직접 만드는 카드지갑,手工皮革卡包
층 아이소피카,地板等距
서울특별시 서초구 방배동 방배천로4안길 52 1층 아이소피카,首尔特别市瑞草区方背洞方背川路4安街52号Isopica 1楼
디자인 그립톡 만들기,制作定制握把
층 장미화실,弗洛尔·罗斯艺术工作室
서울특별시 서초구 방배동 청두곶길 44 1층 장미화실,Jangmi Art Studio，首尔市瑞草区方背洞清斗路44号1楼
앙금플라워 떡케이크,豆沙花年糕
캔들만들기 원데이클래스 (케이크캔들+오브제캔들),蜡烛制作一日课程（蛋糕蜡烛+造型蜡烛）
아크릴화 그리기,丙烯画
부드럽고 꾸덕한 오일파스텔,柔软浓稠的油画棒
서울 · 서초구 · 청두곶길,首尔·瑞草区·清头路
서울 서초구 청두곶길,首尔特别市瑞草区清头谷路
어린이 도예체험,儿童陶艺体验
다해도예는 어린이를 대상으로 5세에서 13세까지,Dadadoye 适合 5 至 13 岁的儿童。
키링만들기,制作钥匙扣
ART,艺术
경상남도 창원시 의창구 북면 감계로 297,庆尚南道昌原市义昌区北面甘溪路297
틴 케이스 거울 만들기,制作锡盒镜子
무드등만들기,营造氛围灯光
케이크 모형 만들기,制作蛋糕模型
크리스마스엔 비누! 수제비누만들기><,圣诞节的肥皂！制作手工皂><
서울 · 서초구 · 우면동,首尔·瑞草区·乌面洞
서울 서초구 우면동,首尔市瑞草区牛眠洞
재봉틀을 이용한 파우치 만들기,用缝纫机制作小袋
서울 · 서초구 · 방배천로6길,首尔·瑞草区·方背川路 6 街
서울 서초구 방배천로6길,首尔特别市瑞草区方背川路 6
왁스카빙 은반지 만들기,制作蜡雕银戒指
내 몸과 마음을 돌보는 회복요가,修复瑜伽，呵护我的身心
zip,拉链
부산광역시 수영구 민락동 광안로61번가길 16 1층 odd.zip,釜山广域市水营区民乐洞广安路61号街16号1楼 odd.zip
청사진 시그니처 바스켓 원데이클래스,Blueprint 招牌篮筐一日课程
쥬아트 정규클래스,朱阿尔特常规班
부산광역시 남구 대연5동 290-11 2층 쥬아트미술학원,釜山广域市南区大渊5洞290-11 Ju Art艺术学院2楼
쥬아트 원데이클래스,Ju Art一日课程
스트레스 관리,压力管理
서울 · 서초구 · 방배천로4안길,首尔·瑞草区·方背川路4安街
서울 서초구 방배천로4안길,首尔特别市瑞草区方背川路4安街
재봉틀로 뽀글이 조끼 만들기,用缝纫机制作一件毛绒背心
"코 베이지 않는 부동산 계약 (집,상가)",不会让你损失金钱的房地产合同（住宅、商业地产）
drywreath (드라이되는 소재를 이용한 리스),干花环（用干燥材料制成的花环）
유리전사지 원데이클래스,玻璃转印纸一日课程
네츄럴 웨딩부케 원데이클래스,自然婚礼花束一日课程
꽃힐링과 함께하는 따뜻한 꽃바구니 플라워클래스,温暖花篮鲜花课程及鲜花疗愈
서울 · 마포구 · 서교동,首尔·麻浦区·西桥洞
서울 마포구 서교동,首尔市麻浦区西桥洞
나만의 감성을 담은 미니 프렌치 꽃바구니 플라워레슨,迷你法式花篮插花课程，捕捉您独特的审美情趣
반려동물 수제간식 댕치킨 만들기,自制宠物零食：丹鸡
인천광역시 연수구 송도1동 해돋이로 112 105호,仁川广域市延寿区松岛1洞海道路105、112号
반려동물 수제간식 댕런볼 만들기,自制宠物零食：丹格伦球
선물용으로도 인기가 많아요 😊,它作为礼物也很受欢迎😊
마크라메 원데이클래스,一日编织课程
수제입욕제 취미반클래스,手工浴球制作兴趣班
우리 아이와 함께하는 참여형 경제 클래스,和孩子一起上参与式经济学课
올데이 해피프라이스! 멍김밥 & 치츠미트볼 만들기!,全天特价！狗狗紫菜包饭和芝士丸子！
투박하고 빈티지한 머그컵/고블렛 만들기,制作质朴复古的马克杯/高脚杯
에센셜오일 활용클래스,精油使用类别
핸드포크 원데이클래스,手刺一日课程
소품샵 부럽지 않은 소이캔들과 피규어캔들 만들기,制作足以媲美家居装饰店的豆蜡蜡烛和造型蜡烛
펫푸드 베이커리 자격증(10가지),宠物食品烘焙认证（10种类型）
펫푸드 수제간식자격증(20가지),自制宠物食品零食认证（20种）
"댕댕이 도넛, 구겔호프 원데이클래스",狗狗甜甜圈，咕咕霍夫一日课程
선물용으로도 좋아요!,它也是一份很棒的礼物！
댕댕이 케이크 클래스,狗狗蛋糕课
댕댕이 과자파티클래스 (스쿱쿠키 + 캐릭터쿠키 + 마카롱),狗狗零食派对课程（冰淇淋饼干+卡通饼干+马卡龙）
댕피크닉 클래스(김밥 + 테린),狗狗野餐课（紫菜包饭+肉冻）
수원홈플러스 5층 몽스파,水原Homeplus五楼的Mong Spa
경기도 수원시 장안구 조원동 송원로 101 북수원홈플러스 5층 몽스파,京畿道水原市长安区朝原洞松原路101号北水原Homeplus 5楼Mong Spa
댕댕이 치킨 만들기,制作狗狗鸡
핸드드립 원데이 클래스,手部滴注一日课程
라테온 1층 루프프로젝트,Lateon 一楼环路项目
경기도 광주시 오포읍 오포로171번길 42  파라테온 1층 루프프로젝트,Loop Project，1楼，Parateon，42 Opo-ro 171beon-gil，Opo-eup，光州市，京畿道
몽베이커리 수제간식 댕머핀 만들기,制作蒙族面包店自制小吃：丹松饼
댕댕이 피자 만들기,制作狗狗披萨
취미미술(주제랜덤),业余艺术（随机主题）
서울 · 강동구 · 양재대로,首尔·江东区·良才大路
서울 강동구 양재대로,首尔特别市江东区良才大路
속이 편안하고 건강한 맛있는 쌀디저트 클래스,一堂教授美味、健康、易消化的米饭甜点的课程
몽베이커리 수제간식 댕치킨세트 만들기,制作 Mong Bakery 手工小吃 Daeng 鸡肉套餐
꼭 배우고 싶은 프랑스자수-빅 파우치,我真的很想学的法式刺绣 - 大号收纳袋
실크스크린 프린팅 원데이 클래스,丝网印刷一日课程
부산광역시 기장군 정관읍 모전3길 48 1층,釜山广域市机张郡正官邑武田3街48 1楼
귀여움 가득. 킥! 베어 캔들 원데이 클래스,萌翻了！踢！熊蜡烛一日课程
캘리각인 LED맥주잔 만들기,制作带有书法雕刻的LED啤酒杯
인천광역시 부평구 부평동 417-5 102호 나로공방,仁川广域市富平区富平洞 417-5 102 室 Naro Workshop
핸드드립(브루잉) 원데이 클래스 - 선휴커피,手冲咖啡（滴滤式冲泡）一日课程 - 善湖咖啡
서울 · 서대문구 · 거북골로,首尔·西大门区·巨石谷路
서울 서대문구 거북골로,首尔特别市西大门区巨石谷路
힐링 향 인센스 만들기 원데이클래스,一日疗愈香薰制作课程
시그니처향. 디퓨저만들기 원데이클래스,招牌香氛。香薰制作一日课程
향기를 담은 틸트시프트 캔들 원데이클래스,香氛移轴蜡烛一日课程
인천광역시 남동구 구월3동 1392-8 102호,仁川市南洞区九月3洞1392-8号102室
향기를 담는 부케 캔들 홀더,香味捕捉花束蜡烛架
귀여운 캐릭터 석고 방향제/차량용 방향제 원데이클래스,可爱卡通石膏空气清新剂/汽车空气清新剂一日课程
힐링의 향을 담은 부케 캔들 원데이클래스,一日课程：制作具有疗愈香气的花束蜡烛
바리스타처럼 에스프레소를 내려보자! 커피 원데이 클래스- 선휴커피,让我们像咖啡师一样制作意式浓缩咖啡！咖啡一日课程 - 善湖咖啡
스테인드글라스 / 정규클래스,彩色玻璃/常规课程
할로윈 장식 만들기 / 스테인드글라스 / 원데이클래스,制作万圣节装饰品/彩色玻璃/一日课程
"나만의 컵 만들기/유리,도자기 전사지 원데이 클래스",自制杯子/玻璃和陶瓷转印纸一日课程
강아지 수제간식,自制狗零食
업사이클링 텀블러백 만들기,用回收的保温杯制作一个袋子
경기도 파주시 금촌2동 989-1 금촌프라자 7층,京畿道坡州市金村2洞989-1金村广场7楼
경기 파주시 금빛로 22,京畿道坡州市金比特路22
하루한코 뜨개놀이,每天一针编织
트홀릭,托利克
대구광역시 달성군 다사읍 대실역남로2길 12-12 민트홀릭,Mint Holic，地址：大邱市达城郡多沙邑大西利奥南路2街12-12号
황태쿠키 원데이클래스,鳕鱼干饼干一日课程
02호 멍스까까,2号 Meongsseukakka
경기도 김포시 마산동 김포한강8로 194번길 8-19 102호 멍스까까,京畿道金浦市马山洞金浦汉江8路194街102室Mungsseukakka
도넛 원데이클래스,甜甜圈一日课程
치즈케이크 원데이클래스,芝士蛋糕一日课程
타르트 원데이클래스,挞一日课程
테린 원데이클래스,特林一日课程
치킨 원데이클래스,鸡肉一日课程
김밥 원데이클래스,紫菜包饭一日课程
천연립밤만들기-10개,自制天然润唇膏 - 10 片装
드로잉공작소 정규클래스 - 여행 드로잉,绘画工作坊常规课程 - 旅行绘画
교타워 703호,行塔703室
서울특별시 마포구 서교동 양화로 133 서교타워 703호,首尔特别市麻浦区西桥洞杨花路133号西桥塔703室
드로잉공작소 정규클래스 - 매일 드로잉,绘画工作坊常规课程 - 每日绘画
강아지 베이커리 간식만들기 멍도넛,制作狗狗烘焙点心：狗狗甜甜圈
드로잉공작소 정규클래스 - 수채화 드로잉,绘画工作坊常规课程 - 水彩画
나이프 페인팅 클래스,刀画课程
커플테마 아크릴페인팅 클래스,情侣主题丙烯画课程
풍경화 페인팅 클래스,风景画课程
플루이드 아트 드로잉 클래스,流体艺术绘画课
"혼자도, 커플도, 단체모임도 쉽게 드로잉을 즐기고 싶으신 분",对于那些想要轻松享受独自绘画、情侣绘画或团体绘画乐趣的人来说
필요한매듭법만 쏙쏙 3가지작품,3 个仅包含基本绳结方法的项目
원데이가 아쉽다면 수제비누 취미반클래스 !,如果一天的课程不够，那就试试手工皂制作兴趣班吧！
나만의 수제비누를 만들어보아요 :),让我们一起制作属于你自己的手工皂吧 :)
버블배쓰밤 입욕제 만들기 (거품+부드러운 배쓰밤),制作泡泡浴球（泡沫型+软型浴球）
제주특별자치도 · 제주시 · 연동,济州特别自治道·济州市·延洞
제주특별자치도 제주시 연동,济州特别自治道济州市延洞
바스버블슬라임 안전한 입욕제만들기,制作安全的泡泡浴史莱姆
연: 핸드포크 - 타투 원데이 클래스,妍：手刺纹身一日课程
쉽고 재미있는 미싱 원데이클래스,轻松有趣的缝纫一日课程
조물락 조물락 수제 입욕제 만들어서 반신욕 즐겨요 :),咱们一起做些手工泡澡球，享受一下半泡澡的乐趣吧 :)
원하는삶을 공유하는 시간,是时候分享你想要的生活了。
부산광역시 금정구 장전3동 420-25 벅구네 3층,釜山广域市金井区长田3洞420-25 Buckgune 3楼
커스텀을 통해 개성있는 패션 아이템을 만들어 보아요,让我们通过个性化定制打造独一无二的时尚单品。
할로윈 키즈베이킹,万圣节儿童烘焙
부산광역시 강서구 명지동 1157-1 금강펜테리움 센트럴파크3차 상가119호 포아르과자점,釜山广域市江西区明知洞 1157-1 金刚 Penterium 中央公园 3 号 119 单元 Poire Confectionery
라탄공예 원데이클래스,藤编工艺一日课程
제주도 제주시 구좌읍 동복로 56-3,济州特别自治道济州市旧左邑东福路56-3
가장 이쁜 지금 내모습을 캔버스에 담아봐! 팝아트초상화 클래스,用画布捕捉你此刻最美的自己！波普艺术肖像课程
감성으로 떠나는 캘리그라피,情感之旅中的书法
"비건 베이킹 클래스 - No 우유,버터,계란",纯素烘焙课——不含牛奶、黄油和鸡蛋
부산 주례 양모펠트 체험 클래스 -푸들 비숑 삼색냥이 키링(택1),釜山 Jurye 羊毛毡体验课 - 贵宾犬、比熊犬或三花猫钥匙扣（任选其一）
도자기 핸드페인팅,陶瓷手绘
커피는 나만의 스케치북! 라떼아트-basics,咖啡就是我的素描本！拉花艺术——基础篇
메리플랜트 <식물 워크샵!> 나의 식물 친구 만들기 프로그램 !,快乐植物<植物工作坊！> 让我的植物成为朋友计划！
사람도 새로운 환경에가면 낯설고 긴장하며 심할경우 소화도 되지 않는 신체적 변화도 일어납니다.,当人们进入一个新环境时，他们会感到陌生和紧张，在严重的情况下，还会出现消化不良等生理变化。
부산 구포 구남 키즈 원데이클래스(플라워/테라리움),釜山龟浦郡南儿童一日课程（花卉/生态瓶）
부산광역시 북구 구포2동 896-27 1층,釜山北区龟浦2洞896-27号1楼
부산 구포 구남 테라리움 원데이클래스(이끼/사막),釜山龟浦郡南陆生植物生态瓶一日课程（苔藓/沙漠）
일상의 따뜻한 휴식과 새로운 경험 라탄원데이클래스,温暖放松与全新体验：藤编一日课程
1층 루리라탄,鲁里拉坦一楼
경상남도 김해시 북부동 1498-11 경상남도 김해시 삼계중앙로6번길 21-14 (삼계동) 1층 루리라탄,"庆尚南道金海市北部洞1498-11
庆尚南道金海市三溪中央路6街21-14（三溪洞）1F Luridan"
기구 필라테스,器械普拉提
부산광역시 부산진구 부전1동 142-11 동아빌딩 지하 1층,釜山市釜山镇区釜田1洞142-11号东亚大厦B1层
감성인테리어 라탄소품 원데이클래스,藤制室内装饰美学一日课程
람라탄,拉姆拉坦
부산광역시 기장군 정관읍  모전1길 70-1 플람라탄,釜山广域市机张郡正官邑武田1街70-1 Flam Rattan
나의 감정아로마테라피&향수 만들기 클래스(외부출강),我的情绪芳香疗法与香水制作课程（校外讲座）
제주도로 여행와서 특별한 추억을 만들고 싶으신 분,对于那些想要在济州岛旅行时留下美好回忆的人来说
실험은 내가대장 과학공방 울탐이,该实验由 Naegadaejang Science Workshop Ultam 完成。
흥상가 208호,兴尚街208号
울산광역시 중구 중앙동 중앙시장길 8 진흥상가 208호,蔚山广域市中区中央洞中央市场街8号真兴购物中心208室
부산 구포 구남 플라워 원데이클래스(플라워바스켓),釜山龟浦郡南花卉一日课程（花篮制作）
"드럼부터 마림바까지, 즐거운 오르프 악기놀이 | 타악기",从鼓到马林巴琴，趣味奥尔夫乐器演奏 | 打击乐
입시생이나 취미생 또한 처음부터 단계적으로 배우고 싶으신 분들이 60분 수업을 듣고 계세요,准备入学考试的学生和想要从头开始一步一步学习的爱好者也参加了 60 分钟的课程。
비누만들기 - 키즈클래스,手工皂制作——儿童班
경기도 · 화성시 · 수노을중앙로,京畿道·华城市·新乙中央路
경기도 화성시 수노을중앙로,京畿道华城市新乙中央路
CP 비누 만들기 500g (성인반),冷制皂 500克（成人班）
나만의 핸드메이드 모스큐브를 만들 수 있는 원데이클래스,一日课程，教你制作自己的手工苔藓块
버블바 거품입욕제 만들기-키즈클래스,制作泡泡浴球 - 儿童课程
천연 립밤 만들기,制作天然润唇膏
CP 디자인비누 원데이클래스,CP设计肥皂一日课程
서울특별시 광진구 구의동 107-12 상가동 210호 비누작업실드로,首尔市广津区九义洞107-12号商业大厦210室，肥皂工坊盾牌
탄생석 캔들&방향제 만들기 클래스,生日石蜡烛和空气清新剂制作课程
테라조캔들,水磨石蜡烛
나만의 오리지날 블랜딩 향수만들기(30ml/50ml),自制原创混合香水（30毫升/50毫升）
도자) 사진커팅도판 만들기 (타일1장 금액),陶瓷）制作照片切割板（每块瓷砖的价格）
울산광역시 동구 전하2동 691-6 1F 해도방 도예카페,海道坊陶艺咖啡厅，1楼，蔚山广域市东区全河2洞691-6号
리본공예 원데이클래스,丝带工艺一日课程
층 빛나는오늘 공방,今日地板光亮工作坊
경기도 고양시 덕양구 도내동 1051-3 도래울안길 33-1 1층 빛나는오늘 공방,京畿道高阳市德阳区多莱洞 1051-3 多来安街 33-1 1 楼 Bitnaneun Oneul 工作室
보석 & 젬스톤비누 원데이클래스,宝石及宝石皂一日课程
서울특별시 광진구 구의2동 66-36 구의자이르네 상가동 210호 비누작업실드로,Soap Workshop Shield，首尔市广津区九一洞66-36号九一Zairene购物中心210室
가드닝 선인장다육이정원 힐링이색데이트,园艺、仙人掌和多肉植物园、疗愈、独特约会
층 꽃사로움,层叠的花朵之爱
광주광역시 광산구 산월로41번길 30 1층 꽃사로움,光州广域市光山区山月路41街30号Kkotsaroum 1楼
윤쌤의 글씨교정_악필 벗어나기 프로젝트!,尹老师的字迹矫正项目——告别糟糕的字迹！
레메이에르 왁스타블렛 원데이클래스,雷米勒蜡板一日课程
레메이에르 젤캔들 홀더 원데이클래스,瑞米尔凝胶蜡烛台一日课程
레메이에르 시나몬캔들 원데이클래스,Le Meil​​leur 肉桂蜡烛一日课程
펫아로마취미반,宠物气味麻醉（未经治疗）
트로타워예미지 상가동 263호 휴먼앤펫,Human & Pet，263单元，商业大楼，Trotower Yemiji
경기도 김포시 구래동 솔터로 22 메트로타워예미지 상가동 263호 휴먼앤펫,京畿道金浦市九来洞索尔特路 22 号 Metro Tower Yemiji 商业大楼 263 室人类与宠物
레몬주방비누 원데이클레스,柠檬厨房皂一日课程
서울 · 서초구 · 양재1동,首尔·瑞草区·良才1洞
서울 서초구 양재1동,首尔特别市瑞草区良才 1 洞
"자연의 색감을 담다, 백드롭페인팅 원데이 클래스",捕捉自然色彩：背景绘画一日课程
감성 취미 미술 파인트 클래스,情感爱好艺术品脱课
경상북도 구미시 원평동 470-2 경북 구미시 산책길 31 2층,庆尚北道龟尾市元坪洞470-2 庆尚北道龟尾市山泽路31号2楼
"오감을 활용하는 나만의 ""이끼볼"" 만들기",运用五感制作我自己的“苔藓球”
서울특별시 서초구 반포동 서래로6길 20 1층,首尔特别市瑞草区盘浦洞西来路6街20 1楼
"cp비누만들기, 원데이클레스, 서울 서초 강남",冷制皂一日课程，首尔江南瑞草
목공 기초반_카펜터스가 되고싶으면 등록! [목공기초반A/B],基础木工课——想成为木匠就报名吧！【基础木工课 A/B】
경기도 성남시 중원구 성남대로1147번길 15-11 1층,京畿道城南市中原区城南大路1147街15-11 1楼
경기 성남시 중원구 성남대로1147번길 15-11,京畿道城南市中原区城南大路1147街15-11
원데이 클래스,一日课程
제철 꽃으로 즐기는 나만의 꽃 음료 '꽃 코디얼' 만들기,用当季鲜花自制花饮“花蜜酒”
별도로 준비하실 부분은 없습니다:),您无需单独准备任何东西 :)
수제오란다 만들기,自制兰寿
부산광역시 강서구 명지동 1157-1 명지국제5로110  상가 포아르과자점,Poire Confectionery，釜山江西区明知洞1157-1号，购物中心，明知国际5路110号
손으로 꽃을 피워내는 시간,是时候用双手让花朵绽放了
층 오드화,分层奇数
부산광역시 수영구 망미동 과정로42번길 46 1층 오드화,釜山广域市水营区望美洞嘉正路42街46号Oddhwa 1楼
나만의 커피캡슐 홀더(네스프레소)만들기,自制咖啡胶囊收纳盒（Nespresso）
어느정도 경험이 있으나 체계적으로 배우고 목공장비 사용에 대해,我有一些经验，但我需要系统地学习木工设备的使用。
세상에 하나뿐인 나만의 플레이팅보드(도마) 만들기,制作我独一无二的餐盘（砧板）
카페에서 판매하는 선물같은 샌드위치만들기,制作像咖啡馆里卖的那种礼品装三明治
부산광역시 금정구 서동 302-1917 1층,釜山市金井区西洞302-1917号1楼
암사동 쿠킹클래스,岩山洞烹饪课
서울특별시 강동구 상암로 23길 15-9,首尔市江东区上岩路23街15-9号
취향 저격! 나만의 소품 만들기_레진아트,完美契合您的品味！制作您自己的道具_树脂艺术
가구제작 기능사 실기반 모집,家具制作工匠实操班招聘
경기도 안성시 보개원삼로,京畿道安城市宝开院三路
커스텀 헬륨풍선 클래스,定制氦气球课程
자이언트플라워 원데이/자격증반 클래스,巨型花卉一日/认证课程
경기도 · 광주시 · 송정동,京畿道·广州市·松亭洞
경기도 광주시 송정동,京畿道广州市松亭洞
꽃풍선 원데이클래스 창업/자격증반,花卉气球一日课程创业/认证课程
"띵크오브, 가죽 풍경종(도어벨) 만들기",想想看，制作一个皮革风铃（门铃）
01호 띵크오브,第一名：想想
서울특별시 마포구 연남동 성미산로29길 30-3 101호 띵크오브,Think Of 首尔特别市麻浦区延南洞城美山路29街30-3 101室
멍크로플 만들기,制作僧侣克罗夫莱斯
오유에프,奥尤夫
"경상북도 구미시 인의동 여헌로 63-1 1층,오유에프",庆尚北道龟尾市干洞汝轩路63-1 1楼
댕댕이 영양듬뿍 타르트 만들기,制作营养丰富的狗狗挞
원데이 거울 클래스,一日镜像课程
터프팅 원데이 체험클래스,簇绒一日体验课程
제주도 · 제주시 · 이도2동,济州岛·济州市·伊都2洞
제주도 제주시 이도2동,济州岛济州市伊都2洞
"나만의 핸드메이드 소품, 스칸디아모스 리스/토피어리 원데이 클래스",一日课程：自制手工饰品：斯堪的纳维亚苔藓花环/盆景
사로움,萨鲁姆
광주광역시 광산구 산월로41번길 30 꽃사로움,光州广域市光山区山月路41街30号Kkotsaroum
누구나 그릴 수 있는 영화 일러스트,人人都能画的电影插画
비건 마들렌 클래스,纯素玛德琳蛋糕课程
서울특별시 강서구 방화동 금낭화로,首尔特别市江西区芳花洞金兰花路
양모펠트로 반려견키링 만들기,用羊毛毡制作狗狗钥匙扣
시들지 않는 프리저브드플라워 유리돔,永不凋谢的保鲜花玻璃罩
부산광역시 수영구 남천1동 69-45 4층 금꽃바다,釜山广域市水营区南川1洞69-45金科特巴达4楼
테마플라워스튜디오 원데이클래스,主题花卉工作室一日课程
달콤쫀득 퓨전 떡케이크 원데이 클래스,甜糯融合年糕一日课程
경기도 김포시 양촌읍 구래리 525-4 경기도 김포시 솔터로22 예미지 상가 232호,京畿道金浦市阳村邑九来里525-4 京畿道金浦市索尔特奥路22号礼美地购物中心232室
풍성한 계절 꽃다발 만들기,制作一束丰盛的时令花束
서울 · 금천구 · 시흥동,首尔·衿川区·始兴洞
서울 금천구 시흥동,首尔市衿川区始兴洞
원목 독서대 원데이 클래스(초보자도 가능),实木阅读架一日课程（欢迎初学者）
경기도 · 안성시 · 가사동,京畿道·安城市·加沙洞
경기도 안성시 가사동,京畿道安城市加沙洞
원목 트레이 클래스(초보자도 가능),实木托盘制作课程（欢迎初学者）
조물딱 점토처럼만지는거품입욕제 버블바 만들기,制作类似粘土的可塑性泡泡浴球
탄산처럼 퍼지는 배쓰밤 목욕 입욕제만들기,制作一种像碳酸饮料一样扩散的浴球
두피케어 천연샴푸바 만들기 7살~성인클래스,天然头皮护理洗发皂制作课程（7岁及以上）
누구나 쉽게 만드는 MP비누만들기체험,MP手工皂制作体验：人人都能轻松上手
키즈클래스-컵케이크 비누만들기,儿童课程 - 纸杯蛋糕手工皂制作
조향공방 파팡드포피엠 50ml 디퓨저원데이클래스,下午4点香水工作坊 50毫升香薰扩香器一日课程
부산 사상구 가야대로 403,釜山广域市沙上区伽倻大路403
분당 샤이닝룸 전사지 클래스,盆当闪耀室转印纸课程
좋은시간 보내시길 바랍니다.,希望你玩得开心。
찾아가는 출강 라탄 원데이클래스,藤条编织一日现场课程
88동 503호,88号楼，503室
인천광역시 서구 청라커낼로 163 488동 503호,仁川市西区清罗运河路163号488号楼503室
천연으로 건강한 입욕제 만들기(사람용/반려동물용),制作健康天然的泡澡球（适用于人/宠物）
도마 원데이 클래스(초보자도 가능),砧板使用一日课程（欢迎初学者）
휴먼 컬러-큐비즘 자화상 그리기,绘制一幅色彩立体主义风格的人体自画像
부산광역시 부산진구 전포동 305-14 복합문화공간 별일,别利综合文化空间，釜山广域市釜山镇区全浦洞305-14号
휴먼 컬러_색채 심리,人类色彩_色彩心理学
컬러라탄 티코스터 set 엮기,编织一套色彩缤纷的藤条茶杯垫
치B상가 4층 402호,Chi B 购物中心，4楼，402室
부산광역시 수영구 남천동 광안해변로 122 비치B상가 4층 402호,釜山市水营区南川洞广安海滩路122号Beach B购物中心4楼402室
백드롭페인팅-원데이클래스,背景画绘制——一日课程
경산 원데이클래스 스모어쿠키 2종,庆山一日课程：两种口味的棉花糖夹心饼干
마시멜로우의 쫀득함을 느낄 수 있는 스모어쿠키 2종 원데이클래스 안내🍪,一日课程通知：两种口味的棉花糖夹心饼干，体验棉花糖的嚼劲🍪
댕댕이들을 위한 수제 간식 원데이클래스,为狗狗开设的一日手工零食制作课程
층 오유에프,地板 OYUF
경상북도 구미시 인의동 여헌로 63-1 1층 오유에프,庆尚北道龟尾市干洞汝轩路63-1 0UF 1楼
경산 강아지수제간식 알러지프리 오트밀쿠키,庆山手工狗零食 无过敏燕麦饼干
나만의 가죽키링만들기,自制皮革钥匙扣
세상에 하나 뿐인 나만의 도자기 만들기 원데이 클래스,一日课程，教你制作独一无二的陶器
안나도예공감은 도예 과정인 핸드빌딩과 물레수업을 통해 흙을 접하여 도자기 예술의 감성을 스스로 경험하며 세상에 단 하나밖에 없는 나 그리고 우리만의 도자기를 만들어 봅니다 :),在 Anna Pottery Empathy，通过手工制作和拉坯课程，您可以与陶土互动，亲身体验陶瓷艺术的感性，并创作出一件独一无二的作品，专属于您和您的团队 :)
기업인들의 피로를 풀어주고 몸과 마음의 여유를 가지는 기업강의,企业讲座可以缓解商务人士的疲劳，帮助他们获得身心平静。
크리스마스 감성 한스푼 넣은 비누 만들기(1kg),用一勺圣诞气息制作肥皂（1公斤）
경기도 · 양주시 · 고암길,京畿道·杨州市·果岩路
경기도 양주시 고암길,京畿道杨州市古岩路
"궁중 흑임자 꽃다식만들기, 별내별가람역4호선 3분거리, 어린이클라스",皇家黑芝麻花达植，距离碧浪碧嘎岩站（4号线）步行3分钟，儿童班
"꽃다식이외에도 육포다식, 화분다식, 오미자다식, 송화다식, 금박다식, 화분다식 등등을 가르쳐 드리는 수업으로 수강생이 적극적으로 참여하게 만드는 수업으로  구성되어 있어요~~.",除了花茶之外，本课程还教授牛肉干茶、花粉茶、五味子茶、松花粉茶、金箔茶等各种其他类型的茶，以鼓励学生积极参与。
맑은 하루를 만들어주는 플라워 테라피,花疗带来明媚的一天
"궁중 흑임자 꽃다식만들기, 별내별가람역4호선 3분거리, 정규클라스",皇家黑芝麻花大植，距离Byeollae Byeolgaram站（4号线）仅3分钟路程，普通班次
경산/대구 곰돌이 스모어쿠키,庆山/大邱泰迪熊棉花糖饼干
바다테라리움 원데이 클래스,海洋生态缸一日课程
부산광역시 수영구 민락동 181-139 민락수변로13 3층,釜山市寿营区民乐洞181-139号民乐水营路13号3楼
부산 수영구 민락수변로 11,釜山广域市水营区民乐水渊路 11
봄과여름사이 캠프닉에 어울리는 보자기클래스,博亚吉课程非常适合春夏露营
수업시간은 탄력적으로 조율후 확정됩니다. 신청후 문의주세요.,上课时间将在灵活安排课程表后确定。请在申请后咨询。
오브제 캔들 원데이 클래스,物品蜡烛一日课程
구지원동 101호,九池院洞101号
경상남도 창원시 마산회원구 내서읍 중리공단로 65 연구지원동 101호,庆尚南道昌原市马山会院区内西邑中里工团路65号研究支援大楼101室
나만의 오로라 소주잔(컵) 만들기,自制极光烧酒杯
광주광역시 광산구 장덕로39번길 10 1층 미다모은공방,光州广域市光山区长德路39街10号Midamoeun工坊1楼
J-palette Atlier,J-palette Atlier
층 제이파레트,地板 J-Palette
부산광역시 금정구 장전동 금정로 11-1 1층 제이파레트,J.Palette，釜山市金井区长田洞金井路11-1号1楼
나만의 천연비누 만들기(500g),自制天然肥皂（500克）
"여러분들도 힐링하고, 내 손으로 만든 좋은 비누로 선물하는 기쁨과 내 피부도 보습으로 꽈악 챙기는 즐거움을 만들어보세요:)",我鼓励大家寻找疗愈之道，体验亲手制作优质香皂作为礼物的喜悦，并用保湿产品深层呵护肌肤 :)
제로웨이스트 주방비누만들기(1kg),自制零浪费厨房肥皂（1公斤）
해운대 터프팅공방,海云台簇绒工艺坊
부산광역시 해운대구 좌동 1479-1 웅진시네아트 7층 701-3호,釜山广域市海云台区佐洞 1479-1 熊津 Cineart 7 楼 701-3 室
나만의천연비누만들기(1kg),自制天然肥皂（1公斤）
바리스타,咖啡师
천연 향 가득한 스머지스틱 만들기 클래스,天然香氛熏香棒制作课程
서울특별시 영등포구 당산동4가 당산로 161-9 1층,首尔特别市永登浦区堂山洞4街堂山路161-9 1楼
꽃차 입문 클래스,花茶入门课程
"보자기아트, 10가지 다양하고 아름다운 실용 보자기 포장",博雅吉艺术，10款多样、美观、实用的博雅吉包装
"네이버지도에 미니스톱명지위브점 치시고 편의점보이면 아파트안으로 조금만 들어오시면 빨간어닝친 과일가게보이실거예요~
간판은 신우재래시장입니닷 ^^","如果你在 Naver 地图上搜索“Ministop 明地 Weve 分店”，看到便利店后，再往公寓楼里走一点，你会看到一家红色遮阳篷的水果店。

招牌上写着“新宇传统市场”。^^"
"전통의 재해석, 실생활에 쓰이는 5가지 보자기 포장 클래스",重新诠释传统：5个适合日常生活的实用Bojagi裹布课程
"네이버지도에 미니스톱명지위브점 치시고 편의점보이면 아파트안으로 조금만 들어오시면 빨간어닝친 과일가게보이실거예요~
간판은 신우재래시장입니닷","如果您在 Naver 地图上搜索“Ministop 明地 Weve 分店”，看到便利店后，再往公寓楼里走一点，您会看到一家带有红色遮阳篷的水果店。

招牌上写着“新宇传统市场”。"
강아지 수제간식 만들기 (후르츠링과 댕런볼),自制狗狗零食（水果圈和狗狗跑球）
"반려동물푸드지도사, 반려동물베이커리지도사 자격증 등을 보유하고 있으며, 월랑월랑 자체 개발 레시피로 만든 수제간식을 판매 및 지도하고 있습니다.",我持有宠​​物食品指导员和宠物烘焙指导员等资格证书，并销售和教授由 Wolrang Wolrang 自主研发的手工零食配方。
프랑스자수로 수놓는 손수건,绣有法式刺绣的手帕
서울특별시 강남구 강남대로110길 38 1층,首尔市江南区江南大路110街38号1楼
최고급향료를 조합하여 나만의 향을 만드는 특별한 시간,这是一个通过混合高级香氛来创造属于你自己的独特香气的绝佳机会。
증편원데이클래스,蒸年糕一日课程
트로디오빌,特罗迪奥维尔
서울특별시 마포구 신공덕동 백범로 199 메트로디오빌,首尔特别市麻浦区新工德洞白范路 199 号 Metro Dioville
마크라메 네트백 만들기_핸드메이드 가방 만들기,制作花边网袋_手工制袋
주차시 연락 주세요:),停车时请与我联系 :)
개성주악(우메기떡) 원데이클래스,开城果糕（梅木年糕）一日班
화과자 자격증 창업클래스,和菓子认证创业课程
내방의 작은 변화 감성 네온사인 만들기 원데이클래스,房间小小改变：一日课程教你制作充满纪念意义的霓虹灯招牌
업사이클링북바인딩,旧物改造装订
부산광역시 사상구 주례동 167-13 2층,釜山广域市沙上区竹礼洞167-13 2楼
좋은 재료로 직접 만드는 디저트 #제주베이킹클래스,用优质食材制作的自制甜点 #济州烘焙课
광양라탄공방 라움라탄 라탄자개모빌 만들기 원데이클래스,光阳藤艺工坊 Raum 藤艺一日课程：制作藤制珍珠母贝风铃
전라남도 · 광양시 · 광장로,全罗南道·光阳市·广藏路
전라남도 광양시 광장로,全罗南道光阳市广藏路
광주아르헨티나탱고 원데이클래스,光州阿根廷探戈一日课程
층 광주리베르탱고,光州自由探戈地板
광주광역시 북구 임동 중흥로 77 4층 광주리베르탱고,光州广域市北区林洞中兴路77号4楼光州Libertango
봄꽃 컵케이크(설기케이크),春花纸杯蛋糕（雪琪蛋糕）
서울 · 영등포구 · 신길동,首尔·永登浦区·新吉洞
서울 영등포구 신길동,首尔特别市永登浦区新吉洞
보자기클래스,博贾吉班级
대구광역시 남구 대명동 현충로 40,大邱广域市南区大明洞贤忠路40号
라탄 미니조명(건전지),藤编迷你台灯（电池款）
있도록 소수인원으로 클래스를 진행합니다,我们采用小班授课模式。
1:1 영어초보를 위한 실무 비즈니스 영작: E-Mail Writing,一对一实用商务写作入门：电子邮件写作
러스홈 건물 402호,拉斯住宅楼402室
서울특별시 관악구 봉천동 인헌2길 9-3 플러스홈 건물 402호,首尔市冠岳区奉天洞仁宪2街9-3号Plus Home大厦402室
광주광역시 수채화 원데이클래스,光州广域市水彩一日课程
원하시는 이미지로 그림을 완성해가실 수 있는 클래스입니다.,在这个课程中，你可以用自己想要的图片完成一幅画作。
감성소품 라탄 원데이클래스,藤制家居装饰一日课程
이외에도 다양한 제품들이 궁금하시다면 블로그와 인스타그램을 참고해 주세요!,如果您对其他各种产品感兴趣，请查看我们的博客和Instagram！
광주광역시 오일파스텔 원데이클래스,光州广域市油画棒一日课程
피크닉에 어울리는 보자기포장 원데이클래스,一日课程：如何用布料包裹野餐用品
활용도가 높고 쉽게 구할 수 있는 보자기로 마음을 담아 선물할 수 있어요,你可以用一件用途广泛且容易买到的包子（bojagi）来表达一份真挚的礼物。
자수 도안을 조금더 쉽게 그리는 방법,如何更轻松地绘制刺绣图案
부산광역시 부산진구 전포동 동성로 50,釜山广域市釜山镇区全浦洞东城路50号
꽃자수 원데이,花卉刺绣一日课程
제주도 제주시 연동 삼무로1길 10,济州特别自治道济州市莲洞三武路1街10
가죽카드지갑 동전지갑 만들기,制作皮革卡包和零钱包
울산광역시 중구 약사동 북부순환도로 746-1 2층,蔚山广域市中区药师洞北部循环路746-1 2楼
울산광역시 중구 약사동 북부순환도로 746-1,蔚山广域市中区药师洞北部循环路746-1
조약돌 가죽키링 만들기,制作鹅卵石纹皮革钥匙扣
베지터블 가죽 키링만들기,制作植物皮革钥匙扣
플라워 샵 마스터과정,花店大师课程
경상북도 경주시 황성동 황성로 35-3,庆尚北道庆州市皇城洞皇城路35-3
텀블러 가방만들기(양말목 공예),制作水杯袋（袜子纱线工艺）
서울특별시 마포구 망원동 월드컵로19길 23,首尔特别市麻浦区望远洞世界杯路19街23
예측할 수 없는 즐거움 푸어링 아트,难以预料的快乐，倾泻而出的艺术
팝아트 초상화 클래스 아크릴화 주1회 4주,波普艺术肖像课程，丙烯画，每周一次，共4周
"서울특별시 강서구 마곡동 마곡서1로 146, 마곡엠밸리 201-1203호",首尔市江西区麻谷洞麻谷西1路146麻谷M谷201-1203室
라탄공예-자작나무 합판 바구니 만들기,藤编工艺——制作桦木胶合板篮子
일스위트 617호,617号房间，套房
부산광역시 남구 대연동 수영로 294 동일스위트 617호,釜山广域市南区大渊洞水营路294号同一套房617室
라탄 원데이 클래스/케인 소품 클래스/등공예사 자격증반,藤条一日课程/藤条配件课程/柳条工匠认证课程
부산광역시 남구 대연동 수영로 294,釜山广域市南区大渊洞水营路294
부산 남구 수영로 294,釜山南区水营路294号
맘스 매직 원데이클래스,妈妈的魔法一日课程
서울특별시 서초구 방배동 방배천로18길 10 2층,首尔特别市瑞草区方背洞方背川路18街10号2楼
수채 일러스트 초상화,水彩插画肖像
부산광역시 중구 중앙동 대청로 138,釜山广域市中区中央洞大清路138
꽃을 이용한 나만의 소품 만들기 (인천),用鲜花制作自己的饰品（仁川）
인천광역시 계양구 작전동 도두리로 58 203호,仁川广域市桂阳区雀田洞道杜里路58号203室
수채화 엽서 원데이클래스,水彩明信片一日课程
산순대돼지국밥건물 3층 302호 아무아트,阿姆艺术，3楼302室，三圣代猪肉汤楼
부산광역시 중구 중앙동 대청로 138 부산순대돼지국밥건물 3층 302호 아무아트,釜山广域市中区中央洞大青路 138 号釜山圣大德吉国饭大厦 3 楼 302 室 Amu Art
위빙 벽장식 원데이클래스,编织墙饰一日课程
코팰리스 3층,科帕莱斯三楼
부산 강서구 명지국제2로28번길 34 에코팰리스 3층,釜山广域市江西区明知国2路28街34号Eco Palace 3楼
스터피아 터프팅 공방 원데이 클래스,Stuppia 簇绒工艺工作坊一日课程
서울특별시 중랑구 묵동 중랑역로 178 지하,首尔市中浪区木洞中浪路178号地下
"궁중 흑임자 꽃다식만들기, 별내별가람역4호선 3분거리, 원데이클라스",皇家黑芝麻花制作课程，距离Byeollae Byeolgaram站（4号线）步行3分钟，一日课程
수제맥주 만들기,自制啤酒
서울특별시 중구 인현동1가 을지로20길 24-11,首尔特别市中区仁岘洞1街乙支路20街24-11
도예클래스,陶艺课
광주광역시 동구 계림동 중흥로 242 1층,光州广域市东区鸡林洞中兴路242 1楼
"누구나 할 수 있는 은공예로 반지, 목걸이 만들기",任何人都能学会的银饰戒指和项链制作方法
부산광역시 사하구 감천동 감내1로175번안길 34-1,釜山广域市沙下区甘川洞甘内1路175街34-1
홈베이킹 원데이클래스,家庭烘焙一日课程
부산광역시 북구 덕천동 만덕대로 164,釜山广域市北区德川洞万德大路164
스킨스쿠버,水肺潜水
"서울특별시 서초구 서초동 강남대로 305, 725호",首尔特别市瑞草区瑞草洞江南大路305 725室
나만의 써지컬 팔찌만들기,自制医用手环
플라워클래스,花级
원하시는 작품을 고르시어 1:1로 수강가능하세요.,您可以选择自己想学习的内容，并参加一对一课程。
자전거 청소도 OK! 입문용 자전거정비!,自行车清洁也需要掌握！自行车保养入门指南！
경기도 군포시 금정동 당산로135번길 41,京畿道军浦市金井洞堂山路135街41
물레로 만드는 한상 차림,用纺车制作的餐桌摆设
부산광역시 사하구 장림동 다대로300번길 42,釜山广域市沙下区长林洞达达罗300街42
"기초 취미,심화,창업반",基础课程、兴趣班、高级课程和创业课程
반짝반짝 워터쉐이커 만들기 (키링/그립톡 선택),制作一个气泡水摇摇杯（选择钥匙扣/握把式摇摇杯）
광주광역시 북구 용봉동 반룡로 20-2 2층,光州广域市北区龙峰洞盘龙路20-2 2楼
건강한 몸과 마음의 움직임 요가 클래스,瑜伽课程，促进身心健康
층 뮤온요가&필라테스,地板 Muon 瑜伽和普拉提
서울특별시 강북구 수유3동 도봉로 325 7층 뮤온요가&필라테스,Muon Yoga & Pilates，首尔市江北区水裕3洞道峰路325号7楼
원예테라피,园艺疗法
서울특별시 관악구 신림동 난곡로26길 58,首尔特别市冠岳区新林洞南谷路26街58
광안리_ 2022년 호랑이띠 마크라메 벽장식만들기,广安里_制作2022虎年流苏墙饰
부산광역시 수영구 민락동 민락수변로 13,釜山广域市水营区民乐洞民乐水渊路13
플라워 떡케이크,花米糕
플라워 젤캔들 홀더+타블렛,花朵凝胶蜡烛台 + 平板电脑
레진아트,树脂艺术
경기도 · 하남시 · 미사강변중앙로31번길15,京畿道·河南市·美寺江边中央路31街15
경기도 하남시 미사강변중앙로31번길15,京畿道河南市三江边中央路31街15
섬아뜰리에 야외 아트 클래스(원데이클래스 / 정규클래스),Seom Atelier户外艺术课程（一日课程/常规课程）
부산광역시 강서구 천성동 천성로39번길 6-15,釜山广域市江西区天城洞天城路39街6-15
귤림공방 뚜껑카드지갑 : 원데이클래스,Gyullim Workshop 盖卡钱包：一日课程
제주도 서귀포시 신효동 효돈로123번길 21-1,济州特别自治道西归浦市新孝洞孝敦路123街21-1
스테인드글라스 스터디그룹,彩色玻璃研究小组
올대디,老爹
충청북도 청주시 흥덕구 증안로22번길 13-5 층 올대디,忠清北道清州市兴德区正安路22街13-5 All Daddy
제주 썬캐쳐만들기 원데이클래스,济州岛阳光捕手制作一日课程
제주시 공항근처 해안도로에 있는 도두마을에서 공방을 운영하고 있어요~,我在济州机场附近沿海公路上的道豆村经营一家工作室。
솜솜청키백 만들기 (해운대 원데이클래스),制作松松厚实包包（海云台一日课程）
동아파트,东亚公寓
부산광역시 해운대구 우동 해운대해변로 85 경동아파트,釜山广域市海云台区乌洞海云台海边路 85 京东公寓
내가 만드는 댕댕이산책용품,DIY遛狗用品
F 더넛츠컴퍼니X스튜디오G1,F The Nuts Company X Studio G1
부산광역시 수영구 광안동 광서로 30 2F 더넛츠컴퍼니X스튜디오G1,"The Nuts Company X Studio G1, 2F, 30 Gwangseo-ro, Gwangan-dong, Suyeong-gu, Busan"
예그리나 도예공방 물레 정규반,叶格里纳陶艺工作室拉坯机常规课程
"서울특별시 강동구 고덕동 동남로81길 54, 예그리나도예공방",Yegrina陶艺工作室，首尔市江东区高德洞东南路81街54号
영문캘리그라피 이탤릭체클래스(정규 클래스),英文书法斜体课（常规课）
서울특별시 영등포구 당산동1가 영등포로27길 23-1 1층,首尔特别市永登浦区堂山洞1街永登浦路27街23-1 1楼
멍냥젤리 키링만들기 (키즈클래스가능),制作狗狗和猫咪果冻钥匙扣（开设儿童课程）
광주광역시 북구 반룡로 20-2 2층,光州广域市北区盘龙路20-2 2楼
광주광역시 북구 반룡로 20-2,光州广域市北区盘龙路20-2
나만의 별자리 그립톡 만들기 (키즈클래스 가능),自制星座图案握把（提供儿童课程）
"광주광역시 북구 반룡로 20-2, 2층",光州广域市北区盘龙路20-2 2楼
겨울감성 통통실 니트가방 만들기,制作一款冬季风格的胖乎乎的毛线针织包
원하시는 길이의 어깨스트랩으로 제작해서,我们将根据您的要求制作肩带长度。
크리스마스리스 만들기,制作圣诞花环
나의 버킷리스트! 프리다이빙 자격증 취득하기!,我的愿望清单！考取自由潜水证！
울종합운동장 5m 잠수풀,蔚山体育中心5米跳水池
서울특별시 송파구 올림픽로 25 서울종합운동장 5m 잠수풀,首尔体育中心5米跳水池，地址：首尔市松坡区奥林匹克路25号
팝아트 초상화 원데이클래스,波普艺术肖像一日课程
알숨달숨 공방 _ 유리/도자 전사지클래스,Alsumdalsum 工作坊_玻璃/陶瓷转印纸课程
탄역푸르지오시티 b동 상가 327호,Tanyeok Prgio City B座，商业单元327
경기도 화성시 동탄1동 동탄대로 551-16  동탄역푸르지오시티 b동 상가 327호,京畿道华城市东滩1洞东滩大路551-16号东滩站Prugo City商业单元B洞327室
원데이메이크업/눈썹그리기/정규수강,一日化妆/眉毛画/常规课程
부산광역시 연제구 연산4동 거제천로230번길 81,釜山市延济区延山4洞巨济川路230号街81号
프라이빗 메이크업 /원데이/정규클래스,私人化妆/一日课程/常规课程
원하시는 수업으로 문의주세요,请咨询您想参加的课程。
이니셜 은 팔찌만들기 순은(99.9)의 순도높은 은재료로 전통방식,采用传统工艺，使用纯度高达99.9%的纯银材料制作字母银手镯
부산광역시 수영구 망미2동 망미번영로 61,釜山广域市水营区望美2洞望美范宁路61
이건 앞치마일까? 원피스일까? 하루만에 만드는 앞치마(원데이 클래스),这是围裙？还是连衣裙？一天之内就能做好的围裙（一日课程）
콘그라운드 SH107호,地面 SH107
부산광역시 수영구 망미번영로 69-1 비콘그라운드 SH107호,釜山广域市水营区望美边营路 69-1 灯塔场 SH107 室
기초 요가,基础瑜伽
서울 · 용산구 · 장문로,首尔·龙山区·将军路
서울 용산구 장문로,首尔市龙山区长门路
천연 비누_까메오 비누 만들기(선물포장),天然皂_浮雕皂制作（礼品包装）
만족도 높은 수업 진행을 위해 소수정예로 진행되는 점 참고해주세요:),请注意，为了确保学员满意，课程均以小班形式授课。
반려견 피모케어 천연제품 만들기,制作天然犬毛护理产品
서울특별시 강남구 역삼2동 도곡로 213,首尔市江南区驿三洞道谷路213号
20여종 캐릭터로 차량용석고방향제 원데이클래스,一日课程，教授制作超过20种类型的汽车石膏空气清新剂
전라남도 화순군 화순읍 부처샘길 1-3,全罗南道和顺郡和顺邑富处新路1-3
당신에게 '쉼' 이란 무엇입니까?,对你来说，“休息”意味着什么？
제주감성무드등만들기 원데이클래스,济州岛风格氛围灯制作一日课程
제주시 공항근처 바닷가 해안도로에 있는 이쁜 마을에서 공방을 하고 있어요,我在济州机场附近沿海公路旁的一个美丽村庄里开办了一家工作室。
나만의향수만들기,自制香水
대구광역시 남구 대명10동 대명복개로 39 1층,大邱市南区大明10洞大明福街39号1楼
터프팅 체험 클래스,簇绒体验课程
부산광역시 수영구 광안동 수영로618번길 19 1층,釜山市水营区广安洞水营路618号街19号1楼
부산 수영구 수영로618번길 4,釜山市水营区水营路618号街4号
영어키즈베이킹,英语儿童烘焙
경기도 김포시 구래동 솔터로22 메트로타워 예미지상가 216호,京畿道金浦市九来洞索尔特奥路22号礼美地购物中心Metro Tower 216室
경기 김포시 솔터로 22,京畿道金浦市索尔特奥路 22
추석용돈봉투 원데이클래스,中秋节红包一日课程
부산광역시 수영구 민락동 광남로 271 1층,釜山广域市水营区民乐洞光南路271 1楼
채선책 드로잉스튜디오,蔡善泽绘画工作室
제주도 서귀포시 남원읍 태위로 238,济州特别自治道西归浦市南元邑太为路238
제주향기 향연의치유 백플로우 인센스콘만들기,制作济州岛香氛盛宴疗愈倒流香锥
제주도에서 새로운 체험을 하고 싶으신 분들을 위한!,献给那些想要在济州岛体验全新经历的人们！
바다캔들만들기/투명디퓨져용기만들기,制作海洋蜡烛/制作透明香薰容器
제주도에서 새롭게 즐길 수 있는 아로마 체험입니다.,这是您在济州岛可以体验到的一种全新的香氛体验。
Event <이달의비누> 예쁜천연비누만들기,活动 <本月精选手工皂> 制作精美天然手工皂
"부산광역시 남구 대연3동 수영로 312, 1312호 대연동, 센츄리빌딩",世纪大厦1312室，釜山南区大渊3洞水营路312号
"부산광역시 남구 대연3동 수영로 312, 1312호 (대연동, 센츄리빌딩)",釜山南区大渊洞水营路312号1312室（大渊洞世纪大厦）
약산성 샴푸바 만들기 원데이 클래스,为期一天的课程，教你制作弱酸性洗发皂
가 2층 2호,Ga，二楼，2单元
경기도 광주시 초월읍 경충대로 1081-20 상가 2층 2호,京畿道广州市秋月邑庆忠大路1081-20商业大楼2楼2单元
애나앤소프 천연비누 숙성비누 원데이클래스,Anna & Thorpe 天然皂制作及陈年皂一日课程
수제도장 원데이클래스,手工印章一日课程
부산광역시 남구 대연동 58-6 2층 카페위드,Cafe With，釜山南区大渊洞58-6号2楼
"달다구리제작소의 마카롱, 머랭, 레터링케이크 원데이클래스입니다 :D",这是Daldaguri Workshop的马卡龙、蛋白酥皮和字母蛋糕一日课程 :D
서울특별시 서대문구 홍제1동 통일로27길 5 1층,首尔市西大门区弘济1洞统一路27街5号1楼
피아니스트 정성희 - 베토벤 피아노 소나타 전곡 시리즈 I,钢琴家郑成熙 - 贝多芬钢琴奏鸣曲全集 I
세종문화회관,世宗文化中心
서울특별시 종로구 세종대로 175 (세종로),首尔特别市钟路区世宗大路 175
제87회 서울오라토리오 정기연주회 [영혼을 울리는 음악회 IX],第87届首尔清唱剧常设音乐会【触动心灵音乐会IX】
예술의 전당,首尔艺术中心
2026 강남심포니오케스트라 기획공연 콘서트오페라 [마술피리],2026年江南交响乐团特别演出音乐会歌剧【魔笛】
GS아트센터,GS艺术中心
서울특별시 강남구 논현로 508 (역삼동),首尔市江南区论岘路508号（益三洞）
처음 만나는 가죽 공예,初次接触皮革工艺
서울아트책보고,首尔艺术书评
서울 구로구 경인로 430 고척스카이돔,首尔特别市九老区京仁路 430 高尺天空穹顶
둘리뮤지엄 특별전 [K-라면과 구공탄],杜利博物馆特展【韩式拉面和煤球】
둘리뮤지엄,杜利博物馆
서울 도봉구 시루봉로1길 6,首尔市道峰区Sirubong路1街6号
"이은선, 리즈 문 포레(G.faure)의 봄",李恩善，《丽兹·穆恩森林之春》（G.faure）
라율아트홀,来玉艺术馆
서울특별시 서초구 반포대로 20 (서초동) 2층,首尔市瑞草区盘浦大路20 2楼（瑞草洞）
"2026 서울시향 얍 판 츠베덴의 말러 교향곡 6번 [비극적] ①, ②",2026 首尔爱乐乐团 梵志登马勒第六交响曲【悲剧】①、②
롯데콘서트홀,乐天音乐厅
서울특별시 송파구 올림픽로 300 (신천동) 롯데월드몰 8층 롯데문화재단,乐天基金会，首尔市松坡区新川洞奥林匹克路300号乐天世界购物中心8楼
2025 아뜰리에 광화 겨울 전시 [신진작가 공모전],2025 Atelier Gwanghwa 冬季展览【新锐艺术家公开征集】
광화문광장해치마당,光化门广场 獬豸广场
2025 서울로미디어캔버스 겨울 전시 [숨결],2025 Seoullo Media Canvas 冬季展览 [呼吸]
서울로미디어캔버스,Seoullo 媒体画布
서울 중구 만리재로 215,首尔特别市中区万里雅路 215
2026 본동어울마당 아트홀 상반기 정기 기획공연 본동 세레나데 3회차 [라피나토의 소리로 그린 풍경],2026年邦东Eoulmadang艺术馆上半年常规计划演出邦东小夜曲，第三部分【拉菲纳托之声描绘的风景】
본동어울마당 아트홀,邦东 Eoulmadang 艺术馆
서울 동작구 노량진로32길 79,首尔特别市铜雀区鹭梁津路32街79
윤해원 첼로 독주회,尹海媛大提琴独奏会
국립국악관현악단 관현악시리즈III [2025 상주 작곡가 : 손다혜·홍민웅],国立国乐管弦乐团管弦乐系列 III [2025 驻团作曲家：孙多惠 & 洪敏雄]
국립극장,国家剧院
서울특별시 중구 장충단로 59 (장충동2가),首尔市中区奖忠团路59(奖忠洞2街)
아트테크 워크숍 [INACCURATE USAGE: RNBO and Web],艺术科技工作坊 [不准确用法：RNBO 和 Web]
술술센터,苏尔苏尔中心
서울 영등포구 도림로133길 15,首尔特别市永登浦区道林路133街15
Smooth Jazz Concert,柔和爵士音乐会
봄 시즌 상설공연 [처음 만나는 세계],春季常驻演出 [你初次邂逅的世界]
리사이클링 팝업북 만들기: 180도 팝업책[이야기를 펼쳐보자],制作一本关于回收利用的立体书：180度立体书【让我们展开故事】
그린 리모델링 재개관 기념 초등 책놀이 프로그램 [내가 만드는 푸른 지구],小学图书游戏项目【我创造的绿色地球】纪念绿色改造项目重新开放
구립증산도서관,古利普·郑山图书馆
서울 은평구 증산로5길 6,首尔特别市恩平区正山路5街6
"2026동아리 역량강화&시민참여 열린강연 [장은수 대표 초청 강연 읽다, 일하다, 사랑하다]",2026年俱乐部能力建设与公民参与公开讲座【张恩秀议员演讲：阅读、工作、爱】
김근태기념도서관,金根泰纪念图书馆
서울 도봉구 도봉산길 14,首尔特别市道峰区道峰山路 14
2026 버킷런 (Bucket Run 2026),2026年水桶跑
잠실한강공원,蚕室汉江公园
서울 송파구 잠실동 1-1,首尔特别市松坡区蚕室洞1-1
2026 상도어울마당 아트홀 상반기 정기 기획공연 '아트 박스 콘서트' 3회차 [The Bliss],2026年桑多·埃乌尔马当艺术馆上半年常规计划演出“艺术盒音乐会”第三场[The Bliss]
상도어울마당 아트홀,桑多·埃乌尔马当艺术馆
서울 동작구 성대로 180,首尔特别市铜雀区圣大路180
2026 오류아트홀 신춘음악회 [봄의 멜로디],2026年Oryu艺术馆春季音乐会【春之旋律】
오류아트홀,奥柳艺术馆
서울특별시 구로구 경인로20가길 38 (오류동),首尔特别市九老区京仁路20街38（五流洞）
2026 봄바람 콘서트 : Flower is Blooming,2026年春风音乐会：花儿盛开
지브리와 사랑에 빠지다 : 지브리 영화음악 콘서트,爱上吉卜力：吉卜力电影音乐会
구로아트밸리예술극장,古罗艺术谷艺术剧院
서울 구로구 가마산로25길 9-24,首尔特别市九老区伽玛山路25街9-24
"이태호 석좌교수 초청 특강 [인상파, 찬란한 순간들] 전시 연계 특별 강연",李泰浩特聘教授应展览[印象派，辉煌瞬间]作特别讲座
노원문화예술회관,芦原文化艺术中心
서울 노원구 중계로 181,首尔市芦原区中溪路181号
IAN KIM 피아노 리사이틀,伊恩·金钢琴独奏音乐会
서울숲 스튜디오301,首尔森林工作室 301
서울특별시 성동구 서울숲길 36(성수동1가),首尔特别市城东区首尔苏街36（圣水洞1街）
26세종시즌 [더블 빌 Bliss & Jakie],第26届世宗季节[双比尔布利斯和杰基]
한-불 수교 140주년 기념 어린이 아뜰리에 [이야기를 들려줘!],儿童工作室纪念韩法建交140周年【给我讲个故事！】
극단허리 36주년 기념작품 [김보책],Heori剧团36周年纪念演出【金宝泽】
공간아울,太空猫头鹰
서울특별시 종로구 대학로 120 (동숭동),首尔特别市钟路区大学路120（东城洞）
문창진 기획초대전-빛의 여정: 1980-2024,文昌镇邀请展——光之旅程：1980-2024
세종뮤지엄갤러리,世宗博物馆画廊
서울 광진구 능동로 209,首尔特别市广津区灵洞路209
클림트와 라치오디의 기적,克里姆特与拉齐奥迪的奇迹
마이아트뮤지엄,我的艺术博物馆
서울 강남구 테헤란로 518,首尔特别市江南区德黑兰路 518
오리지널 투어 (SPIRITED AWAY),原版巡演（千与千寻）
2025 특별전 [밤풍경],2025年特别展览【夜景】
대한민국역사박물관,韩国国立历史博物馆
한운성컬렉션 기증기획전 《그림과 현실》,韩云成藏品捐赠展“绘画与现实”
서울시립미술관 서소문본관,首尔市立美术馆西小门主馆
서울 중구 덕수궁길 61,首尔特别市中区德寿宫路 61
일렉트릭 쇼크,电击
서울시립 북서울미술관,首尔美术馆，北首尔
서울 노원구 동일로 1238,首尔特别市芦原区东一路 1238
"《미완의 식물지-이소요》, 《꽃 시계-안나 리들러》",未完成的花之钟 - 伊索约，花钟 - 安娜·里德勒
글(자)감(각): 쓰기와 도구,写作的意义：写作与工具
문화역서울284,首尔站 284
서울 중구 통일로 1,首尔市中区统一路1号
소프라노 정주희 리사이틀 [시간의 결을 노래하다 : 바로크에서 낭만까지],女高音歌唱家郑珠熙独唱音乐会【歌唱时间的纹理：从巴洛克到浪漫主义】
중구민을 위한 명사특강 : 최태성의 역사이야기,知名人士为中区居民举办的特别讲座：崔泰成的历史故事
충무아트센터,忠武艺术中心
서울특별시 중구 퇴계로 387 (흥인동),首尔市中区退溪路387号（兴仁洞）
허예름 개인전 [원본은 없다 버전 투],许艺凛个人展览【没有原版二】
청년예술청 SAPY,青年艺术中心 SAPY
"서울특별시 서대문구 경기대로 26-26 (충정로3가, 더스타일하우스디센트럴)",首尔市西大门区京畿大路26-26号（忠正路3街，The Style House Decentral）
M 마티네 [MAC 모닝 콘서트 #1~3] 패키지,M 午间音乐会 [MAC 晨间音乐会 #1~3] 套餐
마포아트센터,马浦艺术中心
서울특별시 마포구 대흥로20길 28 (대흥동),首尔特别市麻浦区大兴路20街28（大兴洞）
나루아티스트와 함께하는 '문화가 있는 날' [살롱음악회] (3월),与 Naru 艺术家共度“文化日”[沙龙音乐会]（3 月）
나루아트센터,奈留艺术中心
서울특별시 광진구 능동로 76 (자양동),首尔特别市广津区灵洞路76（紫阳洞）
"2026 까망돌어울마당 아트홀 상반기 정기 기획공연 [까망돌 칸타빌레] 3회차 모어바운스의 [More Bounce, Unbound]","2026 Kamangdol Eoulmadang 艺术馆上半年常规计划演出 [Kkamangdol Cantabile] 第三场：More Bounce's [More Bounce, Unbound]"
까망돌어울마당 아트홀,卡芒多尔·埃乌尔马当艺术馆
서울 동작구 서달로 129,首尔特别市铜雀区西达路129
바이올리니스트 김혜란의 [VIOLIN EMOTION Ⅸ],小提琴家金惠兰的[VIOLIN EMOTION IX]
금호아트홀 연세,延世锦湖艺术馆
서울특별시 서대문구 연세로 50 (신촌동) 연세대학교 백양누리 B1 금호아트홀 연세,首尔特别市西大门区延世路 50 号（新村洞）延世大学白杨里 B1 延世锦湖艺术馆
M 마티네 [2026 MAC 모닝 콘서트] ＃1,M Matinee [2026 MAC 晨间音乐会] #1
3월 테마전시체험전 - 테마로 즐기는 도서관 [나홀로 버스],三月主题展览及体验——图书馆主题之旅 [单人巴士]
아라타 미노 개인전 [조용한 생활과 사소한 점유],箕乃新个展【平静的生活与琐碎的职业】
인가희갤러리,在嘉熙画廊
서울 용산구 소월로44길 29,首尔特别市龙山区秀月路44街29
모차르트 피아노 협주곡 전곡 시리즈 IV,莫扎特钢琴协奏曲全集第四辑
반포심산아트홀,盘浦心山美术馆
서울특별시 서초구 사평대로 55 (반포동),首尔特别市瑞草区四平大路55（盘浦洞）
"2026 마티네 콘서트 [국악, 경계넘어 G-hwaja]",2026年午间音乐会 [国乐，超越界限 G-hwaja]
강북문화예술회관,江北文化艺术中心
서울특별시 강북구 삼각산로 85 (수유동),首尔特别市江北区三角山路85（水游洞）
김경헌의 오가선집(金經憲式 五歌選集),金京宪的五首歌曲集
국립국악원,国家国乐中心
서울특별시 서초구 남부순환로 2364 (서초동) 국립국악원,首尔特别市瑞草区南部循环路 2364 国立国乐院（瑞草洞）
2026년 3월26일 2시 [라라랜드] 배리어프리영화 상영,2026年3月26日下午2:00 [爱乐之城] 无障碍电影放映
3월/읽는 인간 호모부커스Ⅰ [마구마구 야구 읽기],三月 / 阅读人类 Homo Bookus I [疯狂阅读棒球]
마포구립서강도서관,麻浦区西江公共图书馆
서울 마포구 독막로 165,首尔市麻浦区东墨路165号
문화예술아카데미 성인 미술 [드로잉 아틀리에],文化艺术学院成人艺术【绘画工作室】
강동아트센터,江东艺术中心
서울특별시 강동구 동남로 870 (상일동),首尔特别市江东区东南路 870 (上一洞)
클로즈업 : 인생영화 [#2 찬실이는 복도 많지],特写：生活电影 [#2 Chansil 很幸运]
"한-벨기에 수교 125주년 필립 그뤽 개인전 [YOURS TRULY, LE CAT]","菲利普·格鲁赫特个展纪念韩国-比利时建交125周年 [YOURS TRULY, LE CAT]"
보자르갤러리,美术学院画廊
서울 강남구 도산대로99길 50-2,首尔特别市江南区岛山大路99街50-2
양육자 대상 [뮤지엄 휴휴프로그램9] 도장 만들기,【博物馆呼呼项目9】为护理人员制作邮票
서울백제어린이박물관,首尔百济儿童博物馆
포스트 서브컬쳐,后亚文化
DDP(동대문디자인플라자),DDP（东大门设计广场）
서울 중구 을지로 281,首尔市中区乙支路281号
문화예술아카데미 어린이 성인 발레 [클래식 스완: 토슈즈반],文化艺术学院儿童及成人芭蕾舞【经典天鹅：足尖鞋课程】
아이들 콘서트 : 클래식 with 디토 오케스트라,儿童音乐会：迪托乐团演奏的古典音乐
종로 아이들극장,钟路儿童剧院
2026년 3월 서울역사문화답사 신청 안내,2026年3月首尔历史文化之旅申请指南
서소문성지 역사박물관,西小门神社历史博物馆
서울특별시 중구 칠패로 5 (의주로2가),首尔特别市中区七佩路5（义州路2街）
2026 서울 유아차 런,2026年首尔婴儿车跑
광화문광장,光化门广场
서울특별시 종로구 세종대로 지하 172 (세종로),首尔特别市钟路区世宗大路地下172号（世宗路）
하주애 신승훈 조인트 피아노 리사이틀,河珠爱与申承勋联合钢琴演奏会
2026 로열인문학 [하루키가 사랑한 재즈],2026 皇家人文奖 [爵士乐 Haruki Loved]
2026 서울시향 아주 특별한 콘서트,2026年首尔爱乐乐团特别音乐会
2026 시네마 퀘벡(Cinema Quebec),2026年魁北克电影
3월/어린이메이킹 [해봄아 노올자! 해봄맘껏Time],三月/儿童创作 [一起来玩吧，海范！海范的自由时光]
번개의 궤적 (The Path of Lightning),闪电之路
미오갤러리,Mio Gallery
서울 송파구 위례성대로12길 28,首尔特别市松坡区维礼城大路12街28
가톨릭대학교 서울성모병원 기탁 업무 협약 기념 특별전 [위안과 치유의 공명 共鳴],纪念与韩国天主教大学首尔圣玛丽医院捐赠协议的特别展览【慰藉与治愈的共鸣】
3월 [영어스토리텔링],三月 [英语故事讲述]
성동구립도서관,城东区公共图书馆
서울 성동구 고산자로10길 9,首尔市城东区高山社路10街9号
2026 M 초이스 발레 [갓 GAT],2026 M Choice Ballet [GAT]
기후 위기 특별 기획전 [사라지는 풍경들: 우리가 마주한 지구의 시간],气候危机特别展览【消失的景观：地球面临的时代】
공근혜갤러리 K.O.N.G. GALLERY,K.O.N.G. 画廊
서울 종로구 삼청로7길 38,首尔特别市钟路区三清路7街38
홍준호 개인전 [이름없는 흔적들],洪俊浩个展【无名痕迹】
갤러리 무모,Mumo画廊
서울 송파구 가락로19길 5,首尔特别市松坡区可乐路19街5
오류를 거니는 산책자,沃克走过错误
서울대학교 미술관,首尔国立大学美术馆
서울 관악구 관악로 1,首尔市冠岳区冠岳路1号
공예동행@쇼윈도 #1. 누적의 형상 Forms of Accumulation,Craft Companion @ 橱窗展示 #1. 积累的形式
"서울 속 미국, 워싱턴 속 대한제국 - 두 공사관 이야기",美国在首尔，大韩帝国在华盛顿——两个使馆的故事
뮤지컬 [긴긴밤],音乐剧[漫漫长夜]
링크아트센터드림,链接艺术中心梦想
서울특별시 종로구 동숭길 123 (동숭동),首尔特别市钟路区东崇街123（东崇洞）
근접한 세계,邻近世界
보노보노 40주년 특별전 in Seoul,Bonobono乐队40周年特别展览在首尔举行
청계천사람들: 삶과 기억의 만남,清溪川人：生命与记忆的交汇
청계천박물관,清溪川博物馆
서울 성동구 청계천로 530 청,首尔市城东区清溪川路530号
임신과 출생 문화를 다룬 특별전 [아가 마중],孕产文化专题展览【迎接宝宝】
서울생활사박물관,首尔生活历史博物馆
서울 노원구 동일로174길 27,首尔特别市芦原区东一路174街27
바로크비올리스트 장민경의 The Bach III,巴洛克中提琴演奏家张敏京的《巴赫第三交响曲》
PROMENADE,长廊
2026년 1분기 Focus on Language,2026年第一季度语言重点
용두어린이영어도서관,永都儿童英语图书馆
서울 동대문구 무학로 133,首尔特别市东大门区武学路 133
1분기 어린이갤러리 [미스터 팔롱의 판타스틱 의상실],Q1 儿童画廊 [法伦先生的奇幻服装店]
"가족열람실 3월 북큐레이션 [같이 걷자, 지구야]",家庭阅览室三月图书推荐 [让我们一起走，地球]
2026 [누구나 청춘무대] 3월 공연&체험 프로그램,2026年【人人共享的青年舞台】三月演出及体验项目
청춘극장,青年剧院
3월/팟캐스트 서강도서관 피셜 65회 [시(詩)작하는 마음],三月/播客 西江图书馆官方 第65集 [诗歌的起源]
3월 생활문화 프로그램,三月生活方式与文化项目
송파 청년아티스트센터,松巴青年艺术家中心
서울 송파구 풍성로10길 6-1,首尔特别市松坡区丰城路10街6-1
3월 문화프로그램 안내,三月文化活动指南
문화예술아카데미 어린이 발레 A반 [리틀스완: 백조의 호수와 함께],文化艺术学院儿童芭蕾舞A班【小天鹅：天鹅湖】
2026 싱글벙글교육센터 1분기 평생학습 교육프로그램,2026年新格尔本格尔教育中心第一季度终身学习计划
싱글벙글교육센터,新格范格教育中心
서울 관악구 남부순환로234길 73,首尔特别市冠岳区南部循环路234街73
DDP 청년 창작자 그룹전시 [Next Hi-Light]展,DDP青年创作者团体展【下一亮点】
문화예술아카데미 어린이 연극 B반 [리틀씨어터: 생각을 키우는 인문학 연극],文化艺术学院儿童剧B班【小剧场：培养思考能力的人文剧场】
문화예술아카데미 어린이 연극 A반 [리틀 씨어터: 감정+몸짓 융합 연극놀이],文化艺术学院儿童戏剧A班【小剧场：情感+动作融合剧场表演】
2026 M 초이스 이자람 판소리 갈라 [작창 2007/2015],2026 M Choice Lee Ja-ram Pansori Gala [作曲 2007/2015]
"2026 서울시향 얍 판 츠베덴의 브루크너 교향곡 4번 ①, ②",2026 首尔爱乐乐团 梵志登《布鲁克纳第四交响曲》①、②
11시 영화음악콘서트 03월 : 영화로 만나는 아일랜드 이야기,上午 11 点 电影音乐会进行曲：爱尔兰电影故事
부산 | 영화의전당 하늘연극장,釜山 | 釜山电影中心天空影院
부산광역시 해운대구 수영강변대로 120,釜山广域市海云台区水营江边大路 120
Back to the Nature,回归自然
서울 | 청화랑,首尔 | 青花郎
서울특별시 강남구 삼성로147길 4,首尔特别市江南区三成路147街4
"2026 대한민국연극제 서울대회 참가작, 여명의 노래(동작지부)",2026年韩国戏剧节首尔竞赛参赛作品：《黎明之歌》（铜雀分部）
서울 | 성수아트홀 성수문화복지회관,首尔 | 圣水艺术馆 圣水文化福利中心
서울특별시 성동구 뚝섬로1길 43 (성수동1가),首尔特别市城东区纛岛路1街43（圣水洞1街）
백묵원,粉笔圈
서울 | 공간아울,首尔 | 太空猫头鹰
"머더(3/20, 3/22)",谋杀案（3月20日，3月22日）
서울 | R&J씨어터 구. 연진아트홀,首尔 | R&J 剧院（原延真艺术馆）
서울특별시 종로구 낙산길 14 (동숭동),首尔特别市钟路区洛山路14（东城洞）
"2026 신축음악회, 명작국악트롯",2026年新楼音乐会，韩国传统音乐杰作《Trot》
경북 | 영천시민회관 스타홀,庆北 | 永川市民中心星光大厅
경상북도 영천시 동부로 31,庆尚北道永川市东部路31号
뮤지컬로 보는 동화 3월 <백설공주>,童话音乐剧 - 三月 <白雪公主>
울산 | 온양문화복지센터 대공연장,蔚山 | 温阳文化福利中心大演出厅
울산광역시 울주군 온양읍 남창1길 13,蔚山广域市蔚州郡温阳邑南昌1街13
문화가 있는 날 ＃1 오정희 국악 앙상블: 전통과 현대를 넘나드는 새로운 무대,文化日#1 吴正熙韩国传统音乐乐团：跨越传统与现代的新舞台
경기 | 하남문화예술회관 검단홀 대극장,京畿道 | 河南文化艺术中心 剑坛厅大剧场
경기도 하남시 신평로 125,京畿道河南市新平路125
어린이 마술쇼,儿童魔术表演
충남 | 서산문화원 공연장,忠南 | 瑞山文化中心表演厅
충청남도 서산시 문화로 52,忠清南道瑞山市文化路52
용인어린이상상의숲 월간톡톡 공연놀이터: 늑대야 친구하자,龙仁儿童想象森林月度TokTok表演游乐场：狼，我们做朋友吧
경기 | 용인어린이상상의숲 공연놀이터,京畿道 | 龙仁儿童想象森林表演游乐场
경기도 용인시 기흥구 관곡로 25,京畿道龙仁市器兴区广谷路25
제4회 앙상블 아띠엠 정기연주회,第四届乐团常规音乐会
경기 | 성남아트센터 앙상블씨어터,京畿道 | 城南艺术中心剧场
경기도 성남시 분당구 성남대로 808,京畿道城南市盆唐区城南大路 808
우리 아빠가 최고야,我爸爸是最棒的
동래문화회관 대극장,东莱文化中心大剧院
부산 동래구 문화로 80,釜山广域市东莱区文化路 80
"비에스 필하모닉 오케스트라와 함께하는 동행, 음악으로 잇는 마음의 길",与波士顿学院爱乐乐团的旅程，一条由音乐连接心灵的道路
인천 | 부평아트센터 해누리극장,仁川 | 富平艺术中心海日剧场
인천광역시 부평구 아트센터로 166,仁川市富平区艺术中心路166号
"마티네콘서트 마실, 프렐류드 재즈 콘서트",午间音乐会 Masil，序曲爵士音乐会
인천 | 남동소래아트홀,仁川 | 南洞素来艺术馆
인천광역시 남동구 아암대로1437번길 32 (논현동),仁川市南洞区岩大路1437号街32号（论岘洞）
재즈앙상블 시리즈 Ⅰ. 봄맞이 스윙재즈 콘서트: 성기문 재즈퀄텟 & 보컬 박재홍,爵士乐团系列 I. 春季摇摆爵士音乐会：成基文爵士四重奏与歌手朴宰洪
부산 | 낙동아트센터,釜山 | 洛东艺术中心
부산광역시 강서구 명지국제1로 141 (명지동),釜山广域市江西区明知国际1路141（明知洞）
김치 마술사의 클로즈업 매직쇼,泡菜魔术师的近景魔术表演
부산 | 제페토 GEPPETTO,釜山 | 杰佩托
부산광역시 동구 망양로 897 (범일동),釜山广域市东区望阳路897（凡一洞）
라푼젤,长发公主
롯데백화점 문화홀,乐天百货文化馆
대구광역시 북구 태평로 161 (칠성동2가),大邱市北区太平路161号（七城洞2街）
어린이 서커스 마술쇼,儿童马戏魔术表演
서울 | 강동구민회관 대강당,首尔 | 江东区社区中心主礼堂
서울특별시 강동구 상암로 168,首尔市江东区上岩路168号
스타 뮤지컬 작곡가 민찬홍: 스무 해 동안의 멜로디,著名音乐剧作曲家闵灿洪：二十年的旋律
울산 | 울주문화예술회관,蔚山 | 蔚州文化艺术中心
울산광역시 울주군 범서읍 천상중앙길 36,蔚山广域市蔚州郡范西邑天上中央路36
서정민 완창발표회: 미산제 흥보가,徐正民完整表演独奏会：Misanje Heungboga
국립국악원 풍류사랑방,国立国乐院风牛舍廊房
서울 서초구 남부순환로 2364,首尔特别市瑞草区南部循环路 2364 号
어린 안데르센,安徒生
송파어린이문화회관 아이소리홀,松坡儿童文化中心矶里礼堂
서울 송파구 중대로 235,首尔特别市松坡区中大路235
"[공연소개]

상상발전소가 새롭게 창작한 이야기 안데르센...모든 아이는 특별하다. 


최고의 동화작가 한스 크리스티안 안데르센의 어린시절을 상상발전소 스타일로 창작한
<이야기 아데르센>은 
<미운오리새끼><벌거숭이 임금님><성냥팔이 소녀>의 이야기를
중심으로 어린시절 한수와 어른이된 한수가 만나면서 시작된다. 

최고의 동화 작가가 된 한수는 책요정들과 이야기 중 자신의 어린 시절을 회상하다
어린시절의 한수를 만나게 되는데 
엉뚱한 성격과 행동으로 외톨이가 된 어린 한수는 자신이 특별하다는 말과 우리가 널 항상 응원한다는 말에 자신의 이야기를 만들어 간다....

어린이에게는 꿈을 ...
어른에게는 희망을 ...","【演出介绍】

桑桑发电厂全新创作：安徒生……每个孩子都是独一无二的。

《安徒生的故事》以桑桑发电厂独特的风格，描绘了伟大的童话作家汉斯·克里斯蒂安·安徒生的童年。故事围绕着《丑小鸭》、《皇帝的新装》和《卖火柴的小女孩》展开。故事从童年时期的汉秀与成年后的汉秀相遇开始。

如今已是著名童话作家的汉秀，在与书仙子们交谈时，回忆起自己的童年，并遇到了年幼的自己。

年幼的汉秀因为性格古怪而孤僻，在得知自己很特别，并且会永远支持他之后，他开始创作属于自己的故事……

孩子们的梦想……

成年人的希望……"
대구시립교향악단 체임버 시리즈 Ⅰ: 프랑스 목관의 흐름,大邱爱乐乐团室内乐系列 I：法国木管乐器的流动
대구콘서트하우스 챔버홀 (소공연장),大邱音乐厅室内乐厅（小型演出厅）
대구 중구 태평로 141,大邱广域市中区太平路141
"[프로그램]

생상스 - 타란텔라, Op.6
C. Saint-Saëns – Tarentelle, Op.6
연주시간 약 7분
셴유칭, 이성규, 정승원 

풀랑크 – 오보에, 바순과 피아노를 위한 삼중주, FP 43
F. Poulenc – Trio for Oboe, Bassoon and Piano, FP 43
      I. Presto
      II. Andante
      III. Rondo
연주시간 약 13분
최규연, 윤주훈, 정승원 
 
Intermission 

생상스 – 덴마크와 러시아 아리아에 의한 카프리스, Op.79
C. Saint-Saëns – Caprice sur des airs danois et russes, Op.79
연주시간 약 10분
셴유칭, 최규연, 이성규, 정승원 

프랑세 – 목관 4중주
J. Françaix – Woodwind Quartet
      I. Allegro
      II. Andante
      III. Allegro molto
      IV. Allegro vivo
연주시간 약 12분
셴유칭, 최규연, 이성규, 윤주훈

※ 공연의 상세 정보는 변경될 수 있으며, 초등학생 이상 관람 가능합니다.","[节目单]

圣桑 – 塔兰泰拉舞曲，作品6号

C. 圣桑 – 塔兰泰拉舞曲，作品6号

演奏时间约7分钟

沈玉清、李成奎、郑承元

普朗克 – 双簧管、巴松管与钢琴三重奏，FP 43

F. 普朗克 – 双簧管、巴松管与钢琴三重奏，FP 43

I. 急板

II. 行板

III. 回旋曲

演奏时间约13分钟

崔圭妍、尹柱勋、郑承元

中场休息

圣桑 – 丹麦和俄罗斯咏叹调随想曲，作品79号

C. 圣桑 – 丹麦和俄罗斯咏叹调随想曲，作品79号79

演奏时间约10分钟

沈宇清、崔圭妍、李成奎、郑承元

J. Françaix – 木管四重奏

I. 快板

II. 行板

III. 极快板

IV. 活泼的快板

演奏时间约12分钟

沈宇清、崔圭妍、李成奎、尹柱勋

※ 演出细节可能有所变动。适合小学生及以上年龄段。"
Lover's Concert (앵콜),情人音乐会（安可）
서울 | 연세대학교 백주년기념관,首尔 | 延世大学百年纪念堂
봉산문화회관 신춘콘서트: RESTART,奉山文化中心春季音乐会：重启
봉산문화회관 가온홀,凤山文化中心高恩厅
대구 중구 봉산문화길 77,大邱广域市中区凤山文化路 77
뚱뚱한 로미오를 사랑한 줄리엣,爱上胖罗密欧的朱丽叶
서울 | 씨어터 쿰,首尔 | 剧院 Kum
서울특별시 종로구 창경궁로 253-7 (명륜2가),首尔特别市钟路区昌庆宫路253-7(明伦2街)
거인 앙갈로,巨型安加洛羊
국립아시아문화전당 어린이극장,国家亚洲文化中心儿童剧场
광주 동구 문화전당로 38,光州广域市东区文化殿堂路38
Singers of God: 하나님을 찬양하는 사람들,赞美上帝的歌者：赞美上帝的人们
서울 | 로데아트센터,首尔 | 罗德艺术中心
서울특별시 서초구 남부순환로317길 79 (서초동),首尔特别市瑞草区南部循环路317街79（瑞草洞）
Voice of moonlight V.O.S X J-CERA,月光之声 V.O.S
경북 | 경북고령대가야문화누리 구. 대가야국악당) 대공연장(우륵홀,庆北 | 庆北高灵大伽倻文化宫（原大伽倻传统音乐厅）主演出厅（上乐厅）
경상북도 고령군 대가야읍 왕릉로 30,庆尚北道高灵郡大加耶邑王陵路30
"영도문화예술회관 수요상설 onStage, 달음 (DAL: UM) : coexistence",影岛文化艺术中心周三常规 onStage 演出，Dalum (DAL: UM)：共存
영도문화예술회관 소공연장(절영홀),影岛文化艺术中心小表演厅（赤岭厅）
부산 영도구 함지로79번길 6,釜山广域市影岛区咸地路79街6
"[공연소개]
달음의 두 번째 정규 앨범 〈Coexistence〉는 ‘함께 살아가는 것’이라는 주제 아래 서로 다른 존재들이 만들어내는 조화와 균형을 음악적으로 만든 작품이다.
이 공연은 두 전통 현악기인 가야금과 거문고가 만들어내는 공존의 소리를 중심으로 구성된다. 프로그램은 전통 선법을 기반으로 한 ‘다스름’에서 시작해 ‘탈’, ‘dot’, ‘The Waves’, ‘Cracking’, ‘Alive’까지 이어지는 흐름 속에서 전통과 현대가 교차하는 음악적 서사를 보여준다. 각 곡은 일상 속 감정, 균열, 회복, 생명의 에너지를 다양한 결로 표현되며 관객들이 편안하게 몰입할 수 있게 구성된다. 전통음악의 깊이를 유지하면서도 현대적인 감각을 더한 달음만의 연주 방식은 관객에게 새로운 경험을 제공할 것이다.

[프로그램]
1. 다스름 (Dasreum)

2. 탈 (Tal)

3. dot

4. 도드리 (Dodry)

5. The Waves

6. Poison and Antidote

7. In the deep

8. Cracking

9. Alive","【音乐会介绍】

达伦的第二张完整专辑《共存》（*Coexistence*）是一部以“共生”为主题，捕捉不同生命体之间和谐与平衡的音乐作品。

本次演出以伽倻琴和巨琴这两种传统弦乐器奏出的共存之声为核心。演出以基于传统调式的《达伦》（Daseureum）开篇，随后依次呈现《塔尔》（Tal）、《点》（dot）、《波浪》（The Waves）、《裂痕》（Cracking）和《活力》（Alive），展现了传统与现代交融的音乐叙事。每首曲目都通过丰富的音色，表达了日常的情感、裂痕、复原以及生命的能量，旨在让听众舒适地沉浸其中。达伦独特的演奏风格，在保留传统音乐深邃内涵的同时，融入了现代感，将为听众带来全新的体验。

[曲目]

1. Dasreum

2. Tal

3. dot

4. Dodry

5. The Waves

6. Poison and Antidote

7. In the deep

8. Cracking

9. Alive"
내방연구소 세 번째 이야기: RING SHOUT,我的房间实验室故事3：铃声大喊
일신홀,伊尔辛大厅
서울특별시 용산구 한남대로 98 (한남동),首尔特别市龙山区汉南大路98（汉南洞）
信 Young Artist X K'ARTS Audition 수상자 리사이틀: 클라리네티스트 신명,申英艺术家 X K'ARTS 选拔赛优胜者独奏音乐会：单簧管演奏家申明
신영체임버홀,申永厅
서울특별시 영등포구 국제금융로8길 16 (여의도동),首尔特别市永登浦区国际金龙路8街16（汝矣岛洞）
낭독극 <우리가 그린 15년>,戏剧朗读《我们描绘的十五年》
서울 | 청년예술청 SAPY,首尔 | 青年艺术中心 SAPY
"구연희곡 프로젝트 정주행: 청혼, 그리고 곰",口语游戏项目：《求婚》和《熊》
브로일링커피 강동점,火烧咖啡港东分店
서울특별시 강동구 성내로10길 9-6 (성내동),首尔特别市江东区城内路10街9-6（城内洞）
제17회 서산시립합창단 정기연주회: 봄이 피기까지는,第十七届瑞山市合唱团例行音乐会：直到春花盛开
서산시문화회관 대공연장,瑞山市文化中心大演出厅
충남 서산시 문화로 52,忠清南道瑞山市文化路 52
제22기 소아베로 정기연주회,第22届索阿韦罗常规音乐会
마포아트센터 아트홀맥,马波艺术中心艺术馆 Mac
제7회 동초제 판소리 감상회 정기공연: 춘향가,第七届东草济盘索里鉴赏会常规演出：春香歌
정은영 귀국 피아노 독주회,郑恩英返乡钢琴独奏音乐会
"제77회 충주시립우륵국악단 정기연주회, 진정성 Ⅰ. 전통을 대하는 태도",第77届忠州市乌鲁克传统音乐管弦乐团例行音乐会，真实性一、对传统的态度
충주시문화회관,忠州市文化中心
충청북도 충주시 중앙로 128 (성내동),忠清北道忠州市中央路128（城莱洞）
"[공연소개]

충주시립우륵국악단 제77회 정기연주회 시리즈<진정성Ⅰ-전통을 대하는 태도 >
“전통을 지키되, 현대의 감각으로 확장해 국악관현악의 본질을 마주하는 시간”

보존과 답습의 경계를 넘어,
전통을 어떻게 대할 것인가에 대한 성찰을 음악으로 풀어내며
진정성 있는 태도로 오늘의 전통을 다시 세우는 무대에 여러분을 초대합니다.


[프로그램]

메나리토리를 주제로 한 국악관현악
국악관현악 <감정의 집> / 최지혜 작곡

창작 국악의 고전
국악관현악 <합주곡 3번> / 김희조 작곡

수룡음 계락 주제에 의한 국악관현악
국악관현악 <폭포수 아래> / 이정호 작곡

사물놀이와 국악관현악을 위한 합주곡
<신모듬 1·3악장> / 박범훈 작곡","【音乐会介绍】

忠州市乌鲁克韩国传统音乐管弦乐团 第77届常规音乐会系列 <本真 I - 对待传统的态度>

“在传承传统的同时，以现代的视角拓展其内涵，直面韩国传统管弦乐的精髓。”

超越传承与模仿的界限，

我们诚邀您莅临舞台，在此，我们将以本真的态度重塑当代传统，并通过音乐表达我们对如何对待传统的思考。

【节目单】

以《梅纳里托里》为主题的韩国传统管弦乐作品

韩国传统管弦乐作品《情感之屋》/ 作曲：崔智惠

韩国传统音乐经典作品

韩国传统管弦乐作品《第三号大合奏》/ 作曲：金熙祖

以《水龙金歌谣》为主题的韩国传统管弦乐作品

韩国传统管弦乐作品《瀑布之下》/ 作曲：李正浩

四物戏与韩国传统管弦乐团合奏

《新模敦》第一、三乐章 / 作曲：朴范勋"
제200회 창원시립합창단 정기연주회: 모차르트 탄생 270주년 기념 오페라 갈라콘서트,昌原市合唱团第200届例行音乐会：纪念莫扎特诞辰270周年歌剧盛典音乐会
경남 | 성산아트홀 대극장,庆南 | 城山艺术馆大剧院
경상남도 창원시 성산구 중앙대로 181,庆尚南道昌原市城山区中央大路181
"광복 80주년 기념 특별전 <1945-1948 역사 되찾기, 다시 우리로>",纪念解放80周年特别展览《1945-1948：重拾历史，回归本源》
서울 | 대한민국역사박물관,首尔 | 韩国国立历史博物馆
서울특별시 종로구 세종대로 198,首尔特别市钟路区世宗大路 198
김대수 개인전 [Luminous Sonata],金大洙个展【发光奏鸣曲】
서울 | 갤러리 이마주,首尔 | 图库图片
서울특별시 강남구 테헤란로20길 12,首尔特别市江南区德黑兰路20街12号
김현정 피아노 독주회: 베토벤 32 전곡 소나타 중 시즌 1,金贤贞钢琴独奏音乐会：贝多芬全集32首奏鸣曲第一季
전남 | 목포시민문화체육센터 소공연장,全南 | 木浦市民文化体育中心小表演厅
전라남도 목포시 부주로 312,全罗南道木浦市富州路312
최현우 아판타시아,崔贤宇 想象缺失症
광주 | 518기념문화센터 민주홀,光州 | 5.18纪念文化中心民主厅
광주광역시 서구 내방로 152,光州广域市西区内芳路 152
첼리스트 이나영의 보헤미안,大提琴家李娜英的波西米亚
대전 | 대전예술의전당 아트홀,大田 | 大田艺术中心美术馆
대전광역시,大田广域市
더 라스트맨,最后的人
서울 | 링크더스페이스(LINK THE SPACE) 1관,首尔 | LINK THE SPACE 1号展厅
서울특별시 종로구 대학로8가길 105,首尔特别市钟路区大学路8街105
"GAC 기획공연 영스테이지, 정효빈 콘서트: 메리골드 (Marigold)","GAC Planned Performance Young Stage, Jung Hyobin Concert: Marigold"
광주 | 광주예술의전당 소극장,光州 |光州艺术中心小剧场
광주광역시 북구 북문대로 60,光州广域市北区北门大路 60
K-히어로 뮤지컬 &lt;똥볶이 할멈: 정의의 맛&gt;,K-Hero 音乐剧 <Ddongbokki Halmeom: The Taste of Justice>
경기 | 안산문화예술의전당 달맞이극장,京畿道 | 安山文化艺术中心达尔马吉剧场
경기도 안산시 단원구 화랑로 312,京畿道安山市檀园区花郎路312
project 유성우 창단연주회,Yuseongwoo 项目首场演唱会
부천아트센터 콘서트홀,富川艺术中心音乐厅
경기 부천시 원미구 소향로 165,京畿道富川市远美区昭香路165
"[프로그램]


<1부> 

Tchaikovsky - 1812 Overture 

Tchaikovsky - Symphony No.5 4th Movement 


<2부>

Jacob De Haan - Oregon 

Alfred Reed - El Camino Real 

Jacob De Haan - Ross Roy 

Steven reineke - The Witch And The Saint 

Itaru Saika - The Seventh Night Of July


* 본 프로그램은 주최 측 사정에 따라 변경될 수 있습니다.","【节目单】

<第一部分>

柴可夫斯基 - 《1812序曲》

柴可夫斯基 - 第五交响曲 第四乐章

<第二部分>

雅各布·德·哈恩 - 《俄勒冈》

阿尔弗雷德·里德 - 《皇家大道》

雅各布·德·哈恩 - 《罗斯·罗伊》

史蒂文·雷内克 - 《女巫与圣徒》

斋贺至 - 《七月七夜》

* 本节目单可能根据主办方实际情况有所调整。"
하나앙상블 창단연주회,哈娜乐团首场音乐会
첼로가야금,伽耶金大提琴
경기 | 정조테마공연장,京畿道 | 正祖主题表演厅
경기도 수원시 팔달구 정조로 817 (팔달로1가),京畿道水原市八达区正祖路817（八达路1街）
존 윌리엄스 VS 한스 짐머,约翰·威廉姆斯 vs. 汉斯·季默
부산콘서트홀,釜山音乐厅
부산광역시 부산진구 동평로 250 (연지동),釜山广域市釜山镇区东平路250（莲池洞）
제2회 라온브라스앙상블 정기연주회 with 에릭오비에 again,拉翁铜管乐团第二场常规音乐会，埃里克·奥比尔再次登台演出
경기 | 빌라드파넬,比赛 | 维拉德帕内尔
경기도 용인시 처인구 백암면 박곡로 192,京畿道龙仁市处仁区白甘面白谷路192
"꼭두, 80일간의 세계일주",Kokdu，《环游世界八十天》
서울 | 남산골한옥마을 서울남산국악당 크라운해태홀,首尔 |南山谷韩屋村、首尔南山传统音乐厅、皇冠海泰厅
서울특별시 중구 퇴계로34길 28,首尔特别市中区退溪路34街28
틀려도 괜찮아,犯错没关系。
트라이보울 공연장 (2층),Tribowl表演厅（二楼）
인천 연수구 인천타워대로 250,仁川市延寿区仁川塔大路250号
뮤지컬 <렘피카>,音乐剧《伦皮卡》
서울 | 코엑스아티움 Coex Artium,首尔 | Coex Artium
서울특별시 강남구 영동대로 511 (삼성동),首尔特别市江南区永同大路511（三成洞）
대한민국전통춤문화제 정기공연: 권번춤 이야기,韩国传统舞蹈节常规演出：权本舞的故事
국립국악원 예악당,国立国乐中心叶堂
2025-2026 전남도립미술관 미디어 소장품전,2025-2026年全罗南道美术馆媒体收藏展
전남 | 전남도립미술관,全南 | 全南美术馆
전라남도 광양시 광양읍 순광로 660,全罗南道光阳市光阳邑崇光路660
"2026 경기시나위오케스트라 치유음악회 <숨, Breath> with 이두헌 밴드",2026年京畿道新泉管弦乐团疗愈音乐会<呼吸>携手李斗勋乐队
경기 | 경기아트센터 대극장,京畿道 | 京畿道艺术中心大剧场
경기도 수원시 팔달구 효원로307번길 20,京畿道水原市八达区孝园路307街20
BTS 컴백 라이브: ARIRANG,BTS回归演唱会：阿里郎
광화문광장 특설무대,光化门广场特别舞台
2026 대관령음악제 기획공연 강원의 사계 <봄> 김준형 피아노 리사이틀,2026年大关岭音乐节特别演出：江原道四季<春> 金俊亨钢琴独奏音乐会
강원 | 강릉아트센터 소공연장,江原道 | 江陵艺术中心小演出厅
강원특별자치도 강릉시 종합운동장길 84,江原道江陵市钟合体育中心路84号
"2026 대한민국연극제 서울대회 참가작, K가족(금천지부)",2026年韩国国立戏剧节首尔竞赛单元参赛作品，K-Family（衿川分部）
서울 | 금천뮤지컬센터 금천예술극장,首尔 | 衮川音乐中心衮川艺术剧场
서울특별시 금천구 시흥대로115길 48,首尔特别市衿川区始兴大路115街48
"2026 대한민국연극제 서울대회 참가작, 눈부신 그날에(중랑지부)",2026年韩国国立戏剧节首尔竞赛单元作品：《在那耀眼的一天（中浪分部）》
서울 | 중랑구민회관 대공연장,首尔 | 中浪区社区中心大演出厅
서울특별시 중랑구 면목로 238,首尔市中浪区面木路238号
"더시티발레컴퍼니, WOMEN IN THE CITY",城市芭蕾舞团，《城市里的女人》
백건우와 슈베르트,白健宇和舒伯特
예술의전당 콘서트홀,首尔艺术中心音乐厅
"통영국제음악제, 주빈 캉가: 더 사이보그 피아니스트 Ⅲ",统营国际音乐节主宾坎加：机械钢琴家 III
경남 | 통영국제음악당 블랙박스,庆南 | 统营国际音乐厅黑匣子剧场
경상남도 통영시 큰발개1길 38 통영국제음악당,统营国际音乐厅，庆尚南道统营市建八街1街38号
커피콘서트 1. 홍진호 & 고상지 & 최문석: 탱고 브리즈 (Tango Breeze),咖啡音乐会1.洪镇浩&高尚志&崔文锡：探戈微风
인천 | 인천문화예술회관 소공연장,仁川 | 仁川文化艺术中心小表演厅
인천광역시 남동구 예술로 149,仁川市南洞区益瑟路149号
피아니스트 강혜윤 & 정지혜 듀오 리사이틀,钢琴家姜惠允与郑智惠二重奏音乐会
세종문화회관 세종체임버홀,世宗室内乐厅，世宗表演艺术中心
"[PROGRAM]

F. Schubert (1797-1828)
Sonata in B-flat Major for Piano Four Hands, D. 617
I. Allegro moderato
II. Andante con moto
III. Allegretto
1st 강혜윤 2nd 정지혜

A. Dvořák (1841-1904) - Slavonic Dances
Op. 46 No. 1 in C Major – Furiant
Op. 72 No. 2 in E minor – Dumka
Op. 46 No. 8 in G minor – Furiant
1st 정지혜 2nd 강혜윤

-Intermission-

C. Debussy (1862-1918)
Petite Suite for Piano Four Hands, L. 65
I. En bateau
II. Cortège
III. Menuet
IV. Ballet
1st 강혜윤 2nd 정지혜

G. Bizet (1838-1875) - Jeux d’enfants, Op.22
I. L'Escarpolette - Rêverie
II. La Toupie - Impromptu
III. La Poupée - Berceuse
IV. Les Chevaux de bois - Scherzo
V. Le Volant - Fantaisie
VI. Trompette et Tambour - Marche
VII. Les Bulles de Savon - Rondino
VIII. Les quatre coins - Esquisse
IX. Colin-Maillard - Nocturne
X. Saute-Mouton - Caprice
XI. Petit mari, Petite femme - Duo
XII. Le Bal - Galop
1st 정지혜 2nd 강혜윤","[程序]

F·舒伯特 (1797-1828)
降 B 大调四手联弹钢琴奏鸣曲，D. 617
I. 中快板
二.摩托上的行板
三．快板
第一名 姜惠润 第二名 郑智惠

A.德沃夏克 (1841-1904) - 斯拉夫舞曲
操作。 46号C大调第一首 – 弗里安特
操作。 72号E小调第二首——杜姆卡
操作。 46号G小调第8号 – 愤怒
第一名 郑智惠 第二名 姜惠允

-中场休息-

C·德彪西 (1862-1918)
小型四手联弹钢琴组曲，L. 65
恩巴托
二.送行队伍
三．菜单
四．芭蕾舞
第一名 姜惠润 第二名 郑智惠

G. 比才 (1838-1875) - 《儿童游戏》，作品 22
I. L'Escarpolette - Rêverie
二.拉图皮 - 即兴曲
三．拉普皮 - 贝尔塞斯
四．森林之马 - 谐谑曲
V. Le Volant - 幻想曲
六．小号与小鼓 - 马尔凯
七．萨翁的子弹 - 朗迪诺
八． Les quatre 硬币 - Esquisse
九．科林-美拉德 - 夜曲
X. 炒木桐 - Caprice
十一.小玛丽，小女人 - 二重奏
十二．勒巴尔 - 加洛普
第一名 郑智惠 第二名 姜惠允"
"피아니스트 신대연 리사이틀: 세상에서 가장 긴 죽음, Bill Evans",钢琴家申大延独奏音乐会：《世界上最长的死亡》，比尔·埃文斯
콘서트홀 나누,纳努音乐厅
서울특별시 마포구 망원로 66 (망원동),首尔特别市麻浦区望远路66（望远洞）
"통영국제음악제, 통영페스티벌오케스트라 Ⅲ",统营国际音乐节，统营音乐节管弦乐团第三期
통영국제음악당 콘서트홀,统营国际音乐厅音乐厅
경남 통영시 큰발개1길 38,庆尚南道统营市根八街1街38号
고고다이노 곤충탐험대: 고고다이노가 작아졌어요,GoGo恐龙昆虫探险：GoGo恐龙缩小版
경기 | 성남아트리움,京畿道 | 城南艺术馆
경기도 성남시 수정구 수정로171번길 10,京畿道城南市水井区水井路171街10
창작발레 <갓 GAT>,原创芭蕾舞团 <GAT>
부산 | 금정문화회관 대공연장 금빛누리홀,釜山 | 金井文化中心大演出厅 金井楼
부산광역시 금정구 체육공원로 7,釜山广域市金井区车宇公园路 7
푸른 사자 와니니,蓝狮瓦尼尼
전북 | 익산예술의전당 대공연장,全北 | 益山艺术中心大演出厅
전북특별자치도 익산시 동서로 490,全北特别自治道益山市东西路490
인어공주,小美人鱼
신세계 문화홀,新世界文化馆
부산 해운대구 센텀남대로 35,釜山广域市海云台区 Centumnam 大路 35
해설과 함께 하는 클래식 디저트 IV: 사랑,经典甜点赏析 IV：爱
아트센터 인천 다목적홀,仁川艺术中心多功能厅
인천 연수구 아트센터대로 222,仁川市延寿区艺术中心大路222号
비밥,比波普
경북 | 성주문화예술회관 대공연장,庆北 | 星州文化艺术中心主演出厅
경상북도 성주군 성주읍 성산9길 45,庆尚北道星州郡星州邑城山9街45
어느 60대 노부부 이야기,一对六十多岁老夫妇的故事
을숙도문화회관 대공연장,乙肃岛文化中心大演出厅
부산 사하구 낙동남로1233번길 25,釜山广域市沙下区洛东南路1233街25
"사물놀이 몰개, 길: The Way",Samulnori Molgae，《道路》
충북 | 충주시문화회관,忠北 | 忠州文化中心
봄맞이 3디바 콘서트,春季3Diva演唱会
강원 | 삼척문화예술회관 대공연장,江原道 | 三陟文化艺术中心主演出厅
강원특별자치도 삼척시 엑스포로 45,江原道三陟市世博路45
지브리와 사랑에 빠지다: 지브리 영화음악 콘서트 스페셜,爱上吉卜力：吉卜力电影音乐会特别节目
경북 | 포항시청 대잠홀,庆北 | 浦项市议会大岩堂
경상북도 포항시 남구 시청로 1 (대잠동),庆尚北道浦项市南区始清路1（大蚕洞）
배비장전,百比章
서귀포예술의전당 대극장,西归浦艺术中心大剧院
제주특별자치도 서귀포시 태평로 270,济州特别自治道西归浦市太平路270号
"어린이 공연 시리즈, 키즈 시즈닝: 푸푸게노! 똥 밟았네?",儿童表演系列，儿童调味料：噗噗诺！你踩到便便了吗？
경기 | 모두누림센터,京畿道 | 莫杜努林中心
경기도 화성시 만세구 남양읍 시청로 155,京畿道华城市万世区南阳邑始青路155
백양문화예술회관 토요콘서트: 선우정아,白阳文化艺术中心周六音乐会：善宇贞雅
부산 | 백양문화예술회관,釜山 | 白阳文化艺术中心
부산광역시 부산진구 당감서로94번길 8 (부암동),釜山广域市釜山镇区堂甘西路94街8（付岩洞）
"만x만한 연극 시리즈1, 뚱뚱한 로미오를 사랑한 줄리엣",简易游戏系列 1，《爱上胖罗密欧的朱丽叶》
충남 | 천안예술의전당 소공연장,忠南 | 天安艺术中心小演出厅
충청남도 천안시 동남구 성남면 종합휴양지로 185,忠清南道天安市东南区城南面综合乡路185
"리스트 x 박종훈, 순례의 해",列表 x 朴钟勋，《朝圣之年》
경기 | 남양성모성지 대성당,京畿道 | 南阳圣母朝圣教堂
경기도 화성시 남양읍 남양성지로 112,京畿道华城市南阳邑南阳城池路112
"뷰티풀데이 with 에릭 오비에: 파리의 숨, 한의 울림",与埃里克·奥比耶共度美好一天：巴黎的气息，韩的回响
인천 | 트라이보울 공연장 2층,仁川 | Tribowl Hall 二楼
인천광역시 연수구 인천타워대로 250,仁川市延寿区仁川塔大路250号
그때도 오늘2: 꽃신,即使在今天2：花鞋
세종예술의전당 대공연장,世宗艺术中心大演出厅
세종특별자치시 국립박물관로 21,世宗特别自治市国立博物馆路21号
피노키오,匹诺曹
해운대문화회관 해운홀,海云台文化中心海云馆
부산 해운대구 양운로 97,釜山广域市海云台区仰云路 97
내 모든 걸,我的一切
제주특별자치도 설문대여성문화센터 공연장,济州特别自治道雪门台女子文化中心表演厅
제주특별자치도 제주시 선덕로8길 12,济州特别自治道济州市善德路8街12号
어린이 서커스 쇼,儿童马戏表演
경남 | 웅상문화체육센터 공연장,庆南 | 雄尚文化体育中心表演厅
경상남도 양산시 모래들길 57-57,庆尚南道梁山市莫拉德路57-57
사카리 오라모 & BBC 심포니 오케스트라 with 손열음,Sakari Oramo 与 BBC 交响乐团与 Yeol Eum Son 合作
백설공주,白雪公主
광주디자인센터 이벤트홀,光州设计中心活动大厅
광주 광산구 앰코로 35,光州广域市光山区Amkor路35
정글북,《丛林之书》
"서울아트센터 도암 토요콘서트, PIANO 이용규 (3월)",首尔艺术中心洞岩周六音乐会，钢琴演奏：李勇奎（三月）
서울 | 서울아트센터 도암,首尔 |首尔艺术殿堂 Doam
서울특별시 종로구 평창문화로 70 도암,首尔特别市钟路区平昌文化路70 Doam
아비람 라이케르트 피아노 독주회,阿维拉姆·雷克特钢琴独奏音乐会
서울 서대문구 연세로 50,首尔特别市西大门区延世路 50
"[프로그램]

1부

베토벤, 피아노 소나타 제 1번
L.v.Beethoven, Piano Sonata No.1 in F minor, Op.2 No.1

베토벤, 피아노 소나타 제 30번
L.v.Beethoven, Piano Sonata No.30 in E Major, Op.109

슈베르트, 피아노 소나타 제 14번
F.Schubert, Piano Sonata No.14 in A minor, D.784

Intermission

쇼팽, 피아노 소나타 제 2번
F.Chopin, Piano Sonata No.2 in B Flat minor, Op.35

프랑크, 프렐류드 코랄 그리고 푸가
C.Franck, Prelude, Choral et Fugue

*연주자의 사정으로 프로그램이 변경될 수 있습니다.","【演出曲目】

第一部分

贝多芬，第一钢琴奏鸣曲

贝多芬，F小调第一钢琴奏鸣曲，作品2之1

贝多芬，第三十钢琴奏鸣曲

贝多芬，E大调第三十钢琴奏鸣曲，作品109

舒伯特，第十四钢琴奏鸣曲

舒伯特，A小调第十四钢琴奏鸣曲，D. 784

中场休息

肖邦，第二钢琴奏鸣曲

肖邦，降B小调第二钢琴奏鸣曲，作品35

弗朗克，前奏曲、合唱与赋格

*演出曲目可能因演奏者情况而有所调整。"
소프라노 정주희 리사이틀,女高音歌唱家郑珠熙独唱音乐会
성동문화재단 봄바람 콘서트: Flower is Blooming,城东文化财团春风音乐会：花儿盛开
서울 | 소월아트홀 성동문화회관,首尔 | Sowol 艺术馆城东文化中心
서울특별시 성동구 왕십리로 281,首尔市城东区往十里路281
서리풀 고음악 시리즈 &lt;Bach in Blue&gt;,塞奥里普尔早期音乐系列<蓝色巴赫>
서울 | 반포심산아트홀,首尔 | 盘浦尖山美术馆
수원시립공연단 제29회 정기공연 연극 <십번기>,水原市表演艺术团第29届常规演出剧目《四季记》
슈퍼거북 슈퍼토끼,超级乌龟 超级兔子
서울 | 더 서울라이티움 (갤러리아포레) G층 전용관,首尔 | 首尔美术馆（Galleria Forest）G层专属大厅
서울특별시 성동구 서울숲2길 32-14,首尔市城东区首尔社2街32-14号
경기 | 고양어울림누리 별모래극장,京畿道 |高阳乙林努里别莫来剧场
경기도 고양시 덕양구 어울림로 33,京畿道高阳市德阳区乙林路33
Recuerdo: 어느 날의 기억,回忆：一天的记忆
서울 | 아르떼 스튜디오,首尔 | Arte Studio
서울특별시 성동구 광나루로 238 (성수동2가),首尔特别市城东区广渡口路238（圣水洞2街）
사의 찬미,死亡颂歌
경남 | 김해서부문화센터 하늬홀,庆南 | 金海西部文化中心韩艺厅
경상남도 김해시 율하2로 210,庆尚南道金海市栗花2路210
응답하라 군포 1980's: 우리가 청춘이었던 그 봄,回复 1980 年代：我们还是年轻人的春天
경기 | 군포문화예술회관 철쭉홀,京畿道 |军浦文化艺术中心哲竹馆
경기도 군포시 고산로 599,京畿道军浦市高山路599
흥부와 놀부,兴布和诺布
검단복지회관 공연장(대강당),建丹福利中心表演厅（主礼堂）
인천 서구 완정로92번길 18,仁川市西区完井路92号街18号
전설의 황금미역,传说中的黄金海藻
부산 | 동래문화회관 대극장,釜山 | 东莱文化中心大剧场
부산광역시 동래구 문화로 80,釜山广域市东莱区文化路 80
"아츠스프링 대구 페스티벌, 김성배 퀸텟 Ⅱ",大邱春季艺术节，金成培五重奏第二辑
대구문화예술회관 비슬홀,大邱文化艺术中心飞瑟厅
대구 달서구 공원순환로 201,大邱广域市达西区公园循环路201
"제3회 MY드림페스티벌, 우주매직쇼",第三届MY梦想节，太空魔法秀
경남 | 밀양아리랑아트센터 대공연장,庆南 | 密阳阿里郎艺术中心主演出厅
The Move Cello Quartet 더 무브 첼로 콰르텟,The Move大提琴四重奏
서울 | 갤러리 디 아르테 청담,首尔 | 清潭艺术画廊
"서울특별시 강남구 영동대로131길 14 (청담동, 청담동테라스)",首尔市江南区永东大路131街14号（清潭洞，清潭洞露台）
DAY6 10th Anniversary Tour: The DECADE,DAY6 十周年巡回演唱会：十年
대전 | 대전컨벤션센터(DCC) 제2전시장,大田 | 大田会展中心（DCC）2号展厅
대전광역시 유성구 엑스포로 87,大田市儒城区世博路87号
오류아트홀 신춘음악회: 봄의 멜로디,奥柳艺术中心春季音乐会：春之旋律
연극 <리어왕외전>,话剧《李尔王外传》
서울 | 국립극장 하늘극장,首尔 | 国立剧院天空剧场
서울특별시 중구 장충단로 59,首尔特别市中区奖忠团路 59
이지영 바이올린 독주회,李智英小提琴独奏音乐会
"월간 다온 스테이지 - 3월, 라곰 플루트 아티스트 앙상블",Daon 每月舞台 - 三月，Lagom 长笛艺术家合奏团
서울 | 문화공간 스페이스다온,首尔 | 文化空间空间 Daon
서울특별시 송파구 송파대로 111,首尔特别市松坡区松坡大路111
경기필 마스터피스 시리즈 II <라흐마니노프 교향곡 2번>,京畿爱乐乐团杰作系列 II <拉赫玛尼诺夫第二交响曲>
"금호영재콘서트, 김시언 첼로 독주회",锦湖青年才艺音乐会，金时言大提琴独奏会
"[PROGRAM]

 
György Ligeti 죄르지 리게티
첼로 독주를 위한 소나타
Sonata for Solo Cello
Dialogo. Adagio, rubato, cantabile
Capriccio. Presto con slancio

 
드미트리 쇼스타코비치 Dmitry Shostakovich
첼로와 피아노를 위한 소나타 d단조, Op.40
Sonata for Cello and Piano in d minor, Op.40
Allegro non troppo
Allegro
Largo
Allegro

 
I N T E R M I S S I O N


로베르트 슈만 Robert Schumann
첼로와 피아노를 위한 아다지오와 알레그로 A-flat장조, Op.70
Adagio and Allegro for Cello and Piano in A-flat Major, Op.70
Adagio. Langsam, mit innigem Ausdruck
Allegro. Rasch und feurig – Etwas ruhigert – Tempo I

 
표트르 일리치 차이콥스키 Pyotr Il’yich Tchaikovsky
첼로와 피아노를 위한 로코코 주제에 의한 변주곡 A장조, Op.33
Variations on a Rococo Theme for Cello and Piano in A Major, Op.33
Introduction & Theme. Moderato semplice
Var.I Tempo del Tema
Var.II Tempo del Tema
Var.III Andante sostenuto
Var.IV Andante grazioso
Var.V Allegro moderato
Var.VI Andante
Var.VII and Coda. Allegro vivo","[程序]

杰尔吉·利盖蒂

大提琴独奏奏鸣曲

对话。慢板、自由节奏、如歌

随想曲。急速倾斜

德米特里·肖斯塔科维奇

d 小调大提琴与钢琴奏鸣曲，作品 40

快板

快板

拉戈

快板

间歇期

罗伯特·舒曼

降A大调大提琴和钢琴的慢板和快板，作品70

慢板。 Langsam，mit innigem Ausdruck

快板。 Rash und feurig – Etwas ruhigert – Tempo I

彼得·伊里奇·柴可夫斯基

A 大调大提琴和钢琴洛可可主题变奏，作品。 33

简介和主题。中庸之道

变种。我的特马节奏

变种。 II 特马节奏

变种。 III 慢板行板

变种。 IV 优雅的行板

变种。 V 中庸快板

变种。第六行板

变种。 VII 和尾声。快板活体"
구미호 식당,九尾狐餐厅
여우별아트홀,狐星艺术馆
대구광역시 중구 동성로3길 35 (삼덕동1가),大邱广域市中区东城路3街35（三德洞1街）
가족극 <Please Right Back>,家庭剧《请归还》
경기 | 경기아트센터 소극장,京畿道 | 京畿道艺术中心小剧场
제6회 창원신춘가곡제: 우리 가곡으로 만나는 사계,第六届昌原新春艺术歌曲节：透过韩国艺术歌曲邂逅四季
성산아트홀 대극장,城山艺术馆大剧院
경남 창원시 성산구 중앙대로 181,庆尚南道昌原市城山区中央大路181
제96회 바로크와 현대가곡 연구회 정기연주회,巴洛克及当代艺术歌曲研究协会第96届例行音乐会
"[PROGRAM]

Soprano 최윤정
Laudate pueri Dominum RV 601
I. Laudate pueri
VII. Gloria Patri
VIII. Sicut erat
IX. Amen

Soprano 조주현
All’ombra di sospetto RV 678
1. Recitativo – All’ombra di sospetto
2. Aria – Avvezzo non è il core
3. Recitativo – Oh quanti amanti, oh quanti
4. Aria – Mentiti contenti son veri tormenti

Mezzo-soprano 최승윤
Filiae maestae Jerusalem RV 638
II. Largo

Soprano 마은비
O qui coeli terraeque serenitas RV 631
I. Aria – O qui coeli
IV. Alleluia

Soprano 강종희
Nulla in mundo pax sincera RV 630 (E major)

Mezzo-soprano 신민정
Sposa son disprezzata (Bajazet) RV 703

Soprano 도희선 / Mezzo-soprano 김민지
Gloria in D major RV 589 – Laudamus te

Soprano 도희선
Gloria in D major RV 589 – Domine Deus

Mezzo-soprano 김민지
Cessate, omai cessate RV 684","[程序]

女高音崔润贞
赞美主 RV 601
I. 劳达特·普埃里
七．格洛丽亚·帕特里
八．西卡特埃拉特
九．阿门

女高音赵周贤
All'ombra di sospetto RV 678
1. 朗诵——All'ombra di sospetto
2. Aria – Avvezzo non è il core
3. Recitativo – Oh quanti amanti, oh quanti
4. Aria – Mentiti contenti son veri tormenti

女中音崔升润
Filiae maestae 耶路撒冷 RV 638
二.拉戈

女高音马恩妃
天空之境 RV 631
I. 咏叹调 – O qui coeli
四．哈利路亚

女高音姜钟熙
Nulla in mundo paxsincera RV 630（E大调）

女中音申敏贞
斯波萨之子 disprezzata (Bajazet) RV 703

女高音都熙善 / 女中音金敏智
格洛丽亚 D 大调 RV 589 – Laudamus te

女高音都熙善
格洛丽亚 D 大调 RV 589 – Domine Deus

女中音歌唱家金敏智
停止，omai 停止 RV 684"
"춤의 정경, The Body Writes: 춤_이음",舞蹈场景，身体书写：舞蹈_Ieum
경기 | 경기국악원 국악당,京畿道 |京畿国乐中心国乐堂
경기도 용인시 기흥구 민속촌로 89,京畿道龙仁市器兴区民俗村路89
"제 2회 심야연극제 ＃09: 우리, 어쩌려고",第二届深夜戏剧节 #09：我们该怎么办？
서울 | 나인진홀,首尔 | 九真堂
제26회 국민일보 영산아트홀 신인음악회,第26届《国民日报》荣山艺术中心新人音乐会
서울 | 영산아트홀,首尔 | 荣山美术馆
"제122회 군산시립합창단 정기 연주회: The Barton Series Ⅱ. 지휘자 프로젝트, 봄이 오는 소리: 바람 사랑 꽃 희망의 노래",第122届群山市合唱团常规音乐会：巴顿系列第二辑 指挥计划，《春回大地之声：风、爱、花与希望之歌》
군산예술의전당 소공연장,群山艺术中心小表演厅
전북 군산시 백토로 203,全北群山市白土路 203
"가객 김나리의 시대정가, 시와 시조 사이의 노래 Ⅱ",歌手金娜里的《诗大正歌》《诗与诗之间的歌 II》
국립국악원 우면당,国立国乐中心牛延厅
국립남도국악원 토요상설: 국악이 좋다,国家南多国乐中心周六例会：我爱国乐
전남 | 국립남도국악원 진악당,全罗南道 | 国家南道国乐中心真乐堂
전라남도 진도군 임회면 진도대로 3818,全罗南道珍岛郡临惠面珍岛大路3818
애니메이션 OST 오케스트라 콘서트 with 버튜버,动画原声带交响音乐会，虚拟主播倾情献唱
서울 | 고려대학교 인촌기념관,首尔 | 高丽大学仁川纪念堂
서울특별시 성북구 안암로 145 (안암동5가),首尔市城北区安岩路145号（安岩洞5街）
"최용근 개인전 ""아리랑"" 희망을 품다",崔勇根个展“阿里郎”拥抱希望
강원 | 갤러리 원,江原道 | 画廊一
서울특별시 종로구 팔판길 1-12,首尔特别市钟路区八盘街1-12
지브리 & 디즈니 오케스트라 콘서트,吉卜力与迪士尼交响乐音乐会
서울 | 연세대학교 대강당,首尔 | 延世大学礼堂
MelON 디즈니+지브리 오케스트라 콘서트 VOLUME 2,MelON Disney + 吉卜力管弦乐音乐会 第二辑
"｢푸른눈의 연서(戀書) – 100년 전 판화, 오늘의 한복으로 피어나다｣ 展",展览“蓝眼睛的情书——百年版画绽放成今日韩服”
전남 | 순천창작예술촌 장안창작마당,全南 | 顺天创意艺术村 长安创意广场
전라남도 순천시 금곡길 43,全罗南道顺天市金谷路 43
덩덕쿵별쿵 어린왕자,小王子
서울 | 노원어린이극장 구.노원어울림극장,首尔 | 芦原儿童剧场（原芦原二林剧场）
서울특별시 노원구 노해로 502,首尔市芦原区老海路502号
뱃사공 단독콘서트: 리얼엠씨,船夫独奏音乐会：Real MC
예스24 원더로크홀,是的，24 Wonderlockhole
서울특별시 서대문구 신촌로 129 (창천동),首尔市西大门区新村路129号（昌川洞）
맥베스 리포트 쇼,《麦克白》报告秀
연희예술극장,妍熙艺术剧院
서울특별시 서대문구 연희맛로 2-3 (연희동),首尔市西大门区延禧路2-3号（延禧洞）
불냥한 녀인들,恶毒的女人
한홀 소극장,韩霍尔小剧场
경기도 하남시 신장로 58(천현동),京畿道河南市新场路58（天贤洞）
그랜드필하모닉오케스트라 & 백건우,大爱乐乐团与白建宇
충북 | 제천예술의전당,忠北 | 堤川艺术中心
충청북도 제천시 동명로 77 (명동),忠清北道堤川市东明路77（明洞）
방귀쟁이 며느리,爱放屁的儿媳妇
대백프라자 레오문화홀,大发广场利奥文化厅
대구 중구 명덕로 333,大邱广域市中区明德路 333
제219회 성남시립교향악단 정기연주회,第219届城南市交响乐团例行音乐会
경기 | 성남아트센터 콘서트홀,京畿道 | 城南艺术中心音乐厅
경기도 성남시,京畿道城南市
"통영국제음악제, 카운터테너 야쿠프 유제프 오를린스키 리사이틀",统营国际音乐节，假声男高音雅库布·约瑟夫·奥林斯基独奏会
"통영국제음악제, 하델리히와 친구들",统营国际音乐节，哈德利奇和朋友们
"통영국제음악제, 일 자르디노 아르모니코 with 안나 프로하스카",统营国际音乐节，Il Giardino Armonico 与 Anna Prohaska
"통영국제음악제, 박수예 바이올린 리사이틀",统营国际音乐节，朴秀艺小提琴独奏音乐会
경남 | 통영국제음악당 콘서트홀,庆南 | 统营国际音乐厅
경상남도 통영시 큰발개1길 38,庆尚南道统营市根八街1街38
"통영국제음악제, 루카스 & 아르투르 유센 듀오 리사이틀",统营国际音乐节，卢卡斯与亚瑟·尤森二重奏音乐会
"통영국제음악제, 경기필하모닉오케스트라 with 김선욱",统营国际音乐节，京畿爱乐乐团携手金善旭
"대전시립교향악단 마스터즈 시리즈 3, 바그너 교향곡 다장조",大田爱乐乐团大师系列3，瓦格纳C大调交响曲
대전예술의전당 아트홀,大田艺术中心艺术馆
대전광역시 서구 둔산대로 135,大田西区屯山大路 135
"문학비평 활성화 특별전시 [쓰는 독자, 읽는 비평가 - 당신은 어떤 독자인가요?]",文学批评推广特别展览【写作读者，阅读批评家——你是哪种读者？】
전남 | 한국문화예술위원회,全罗南道 | 韩国艺术委员会
전라남도 나주시 빛가람로 640,全罗南道罗州市Bitgaram路640
2026 서울시향 우리동네(실내악) : 나루아트센터,2026年首尔爱乐乐团《我们的邻里》（室内乐）：奈留艺术中心
서울 | 나루아트센터 대공연장,首尔 | 纳鲁艺术中心主厅
서울특별시 광진구 능동로 76,首尔特别市广津区灵洞路 76
2026 서울시향 우리동네(실내악) : 정동제일교회,2026年首尔爱乐乐团《我们的邻里》（室内乐）：贞洞第一教堂
서울 | 정동제일교회,首尔 | 贞洞第一教会
서울특별시 중구 정동길 46,首尔市中区正东路46号
2026 서울시향 체임버 클래식스 II: 슬라브,2026年首尔爱乐乐团室内乐经典音乐会II：斯拉夫
서울 | 세종문화회관 세종체임버홀,首尔 | 世宗室内乐厅，世宗表演艺术中心
서울특별시 종로구 세종대로 175,首尔特别市钟路区世宗大路175
2026 제주국제관악제 봄 시즌,2026年济州国际管乐音乐节春季
제주 | 제주특별자치도문예회관,济州岛 | 济州特别自治道艺术中心
제주특별자치도 제주시 일도이동 854-9,济州特别自治道济州市一岛洞854-9号
2026 제주국제관악제 봄 시즌 개막공연,2026年济州国际管乐音乐节春季开幕演出
콩나물의 노래,豆芽之歌
서울 | 더 씨어터,首尔 | 剧院
서울특별시 종로구 대학로3길 10 (효제동) 고운빌딩,首尔市钟路区大学路3街10号古恩大厦（孝济洞）
"제199회 대전시립연정국악단 정기공연, 신춘음악회: 청춘",第199届大田市延亭韩国传统音乐管弦乐团常规演出，春季音乐会：青年组
대전시립연정국악원 큰마당,大田市延亭韩国传统音乐中心大厅
대전 서구 둔산대로 135,大田西区屯山大路 135
Rode Joint Recital ＃9,罗德联合独奏会 #9
"제3회 MY드림페스티벌: 춤추는 나무 인형, 피노키오",第三届MY梦想节：跳舞的木偶匹诺曹
경남 | 밀양아리랑아트센터 소공연장,庆南 | 密阳阿里郎艺术中心小表演厅
경상남도 밀양시 밀양대공원로 112,庆尚南道密阳市密阳大门院路112
이혜정 바이올린 독주회,李慧贞小提琴独奏会
거암아트홀,Geoam艺术馆
서울특별시 강남구 강남대로 652(신사동),首尔特别市江南区江南大路652（新沙洞）
"이영신 피아노 독주회: Ludwig van Beethoven, 1826!",李英信钢琴独奏会：路德维希·范·贝多芬，1826 年！
"[Program]

Ludwig van Beethoven, 1826!
L. v. Beethoven (1770-1827)
Piano Sonata No. 22 in F Major, Op. 54
In tempo d’un Menuetto
Allegretto- Più Allegro

Piano Sonata No. 21 in C Major, Op. 53 ‘Waldstein’
Allegro con brio
Adagio molto
Rondo. Allegretto moderato- Prestissimo

-Intermssion-

Piano Sonata No. 24 in F# Major, Op. 78
Adagio cantabile- Allegro ma non troppo
Allegro vivace

Piano Sonata No. 25 in G Major, Op. 79
Presto alla tedesca
Andante
Vivace

Piano Sonata No. 23 in f minor, Op. 57 ‘Appassionata’
Allegro assai
Andante con moto
Allegro ma non troppo- Presto","[程序]

路德维希·范·贝多芬，1826 年！
L.v.贝多芬 (1770-1827)
F 大调第 22 号钢琴奏鸣曲，作品。 54
小步舞曲的节奏
快板 - Più Allegro

C 大调第 21 号钢琴奏鸣曲，作品。 53《华德斯坦》
轻快的快板
慢板
回旋曲。中板快板-急板

-中场休息-

F# 大调第 24 号钢琴奏鸣曲，作品。 78
如歌的慢板 - Allegro ma non troppo
活泼的快板

G 大调第 25 号钢琴奏鸣曲，作品。 79
快板
行板
活力

f 小调第 23 号钢琴奏鸣曲，作品。 57《热情》
快板阿赛
摩托上的行板
Allegro ma non troppo- 急板"
"울산시립무용단 기획공연: 굿, 굿, 굿",蔚山市舞蹈团特别演出：Gut，Gut，Gut
울산문화예술회관 소공연장,蔚山文化艺术中心小演出厅
울산 남구 번영로 200,蔚山广域市南区法宁路200
재능 혜화 마티네,在能惠花午场
JCC 아트센터 콘서트홀,JCC艺术中心音乐厅
서울 종로구 창경궁로35길 29,首尔特别市钟路区昌庆宫路35街29
"이정빈 개인전 <드는 것, 나는 것 그리고 곁 The Passing, Standing By>",李正彬个展《逝去，驻足》
서울 | 16아카이브,首尔 | 16 档案
서울특별시 중구 퇴계로45길 31-15,首尔特别市中区退溪路45街31-15
김종희 귀국 오보에 독주회,金钟熙返乡双簧管独奏音乐会
예술의전당 리사이틀홀,首尔艺术中心演奏厅
"김준희 피아노 독주회: 봄밤, 베토벤",金俊熙钢琴独奏音乐会：贝多芬《春夜》
김수영 피아노 독주회,金秀英钢琴独奏音乐会
"[PROGRAM]

C. Debussy
Préludes, Book I
No. 8 La fille aux cheveux de lin
No.7 Ce qu'a vu le vent d'ouest

L.v. Beethoven
Piano Sonata No.23 in f minor, Op.57 “Appassionata”

(Intermission)

F. Chopin
Mazurkas, Op.24

F. Chopin
Ballade No.1 in g minor, Op.23

H.Dutilleux
Piano Sonata III. Choral et Variations","[程序]

C·德彪西
前奏曲，第一册
No. 8 林中的女人
No.7 西风口

L.v.贝多芬
f小调第23钢琴奏鸣曲，作品57“热情”

（中场休息）

肖邦
玛祖卡舞曲，作品 24

肖邦
g小调第一叙事曲，作品 23

H·杜蒂勒
钢琴奏鸣曲三。合唱和变奏"
경기도미술관 20주년《흐르고 쌓이는》,京畿道美术馆20周年纪念展“流动与积累”
경기 | 경기도미술관,京畿道 |京畿道美术馆
경기도 안산시 단원구 동산로 268,京畿道安山市檀园区东山路268
김정문화회관 기획공연 토요일 토요일은 클래식 vol2. 서귀포합창단,金正文化中心特别演出“星期六，星期六是古典音乐之夜”第二辑：西归浦合唱团
제주 | 김정문화회관,济州岛 | 金正文化中心
제주특별자치도 서귀포시 김정문화로 32,济州特别自治道西归浦市金正文化路32号
김정문화회관 기획공연 토요일 토요일은 클래식 vol1. 서귀포관악단,金正文化中心特别演出：星期六，古典乐之夜 第一辑。西归浦管乐团
제62회 성남시립소년소녀합창단 정기연주회: The Sound of Spring,第62届城南市儿童合唱团例行音乐会：《春天的声音》
성남아트센터 콘서트홀,城南艺术中心音乐厅
경기 성남시 분당구 성남대로 808,京畿道城南市盆唐区城南大路 808
"[PROGRAM]
◯ 봄의 노래
- 봄(바이올린 협연 여은혜) ------------------- Antonio Vivaldi
- 숭어(바이올린 협연 여은혜) ----------------- Franz Schubert
- 즐거운 웃음 --------------------- Alfred Thomas Müller
- 합창폴카 ---------------------------- Johann Strauss
- 트리츠트라츠 폴카 --------------------- Johann Strauss

◯ 특별출연(마림바 이신국)
- Exciting Monday
- Serenade for marimba
- She has a beautiful smile

○ 즐거운 노래
- 처음 불렀던 그 노래 ------------------------ arr.백현주
- 도라지 꽃 ---------------------------------- 박지훈
- 진달래(곡중 slol 노윤서) ------------------------- 정애련
- 꽃구름 속에(바이올린 협연 여은혜) ------------------ 조성은

○ 특별출연(싱어송라이터 신디)
- Crocodile
- Peace Song
- Broken Couch
- Lion

○ 놀이 동요
- 두꺼비 문지기 ---------------------------- 이기경
- 무궁화꽃이 피었습니다 --------------------- 정애련
- 아리랑 모음곡 ---------------------------- 이선택","【节目单】

◯ 春之歌

- 春（小提琴独奏：吕恩惠）------------------- 安东尼奥·维瓦尔第

- 鳟鱼（小提琴独奏：吕恩惠）----------------- 弗朗茨·舒伯特

- 欢笑 --------------------- 阿尔弗雷德·托马斯·穆勒

- 合唱波尔卡 ---------------------------- 约翰·施特劳斯

- 特里茨-斯特拉茨波尔卡 --------------------- 约翰·施特劳斯

◯ 特别演出（马林巴琴：李信国）

- 激动人心的星期一

-​​ 马林巴琴小夜曲

- 她有着美丽的笑容

○ 欢快的歌

- 我第一次唱的那首歌 ------------------------ 改编白贤珠

- 气球花 ---------------------------------- 朴志训

- 杜鹃花（独奏：卢允书） ------------------------- 郑爱莲

- 花云之中（小提琴独奏：吕恩惠） ------------------ 赵成恩

○ 特别出演（创作歌手 Cindy）

- 鳄鱼

- 和平之歌

- 破碎的沙发

- 狮子

○ 儿童游戏歌曲

- 蛤蟆守门人 ---------------------------- 李起京

- 木槿花盛开 --------------------- 郑爱莲

- 阿里郎组曲 ---------------------------- 李善泽"
제179회 두레콘서트,第179届杜尔音乐会
고양아람누리 새라새극장,高阳阿拉姆努里·赛拉剧院
경기 고양시 일산동구 중앙로 1286,京畿道高阳市一山东区中央路1286
제102회 순천시립합창단 정기연주회: 모차르트의 빛과 어둠,第102届顺天市合唱团例行音乐会：莫扎特的《光明与黑暗》
순천문화예술회관 대극장,顺天文化艺术中心大剧场
전남 순천시 삼산로 16,全罗南道顺天市三山路16
"[PROGRAM]
[1부] 모차르트의 빛
▪솔로[20’]
⦁오페라 마술피리 中
⦁오페라 돈 조반니 中
⦁오페라 피가로의 결혼 中

▪ 중창[20’]
⦁오페라 마술피리 中
⦁오페라 코지 판 투테 中
⦁오페라 돈 조반니 中

▪ 중간휴식

[2부] 모차르트의 어둠
▪ 진혼곡
Ⅰ. Introitus
Ⅱ. Kyrie
Ⅲ. Sequenz
Ⅳ. Offertorium
Ⅴ. Sanctus
Ⅵ. Benedictus
Ⅶ. Agnus Dei
Ⅷ. Communio","【节目单】

【第一部分】莫扎特的光芒

▪ 独唱 [20分钟]

⦁ 选自歌剧《魔笛》

⦁ 选自歌剧《唐璜》

⦁ 选自歌剧《费加罗的婚礼》

▪ 合唱 [20分钟]

⦁ 选自歌剧《魔笛》

⦁ 选自歌剧《女人皆如此》

⦁ 选自歌剧《唐璜》

▪ 中场休息

【第二部分】莫扎特的黑暗

▪ 安魂曲

Ⅰ. 进堂咏

Ⅱ. 垂怜经

Ⅲ. 序曲

Ⅳ. 奉献经

Ⅴ. 圣哉经

Ⅵ. 颂赞经

Ⅶ. 羔羊经

Ⅷ. 领圣体经"
제29회 양금연주회,第29届杨琴音乐会
제23회 합창단 음악이있는마을 정기연주회,第23届音乐村合唱团例行音乐会
"[공연소개]

합창단 음악이있는마을은 ‘한국어의 아름다움을 합창으로 그리고 세계로’의 정신으로 한국 합창음악을 개발하고 보급하며 세계적인 합창단으로 성장하고자 이강숙 초대단장(한국예술종합학교 초대총장 역임)을 중심으로 1996년 창단하였다. 현재는 이건용 2대 단장(전 한국예술종합학교 총장), 홍승찬 기획감독(예술경영, 한국예술종합학교 교수), 홍준철 음악감독(전 성공회대학교 대우교수), 김홍수 지휘자(현 한국예술종합학교 지휘과 교수) 등의 음악진과 60여 명의 단원이 활동하고 있다. 총 22회의 정기연주와 다양한 협연 및 합동공연을 통해 한국의 합창음악을 널리 보급하는데 힘쓰고 있고, 제23회 정기연주회를 통해 김준범 작곡가의 칸타타 ‘삼신할매 실종사건’ 및 다양한 창작합창곡을 발표할 예정이다.


[PROGRAM]

김준범

더불어 숲
쉬잇!
첫눈 오는 날 만나자
새야새야
묏버들 가려 꺾어
가시리

Intermission

칸타타 ‘삼신할매 실종사건’
1. 사라진 삼신할매
2. 신이 없는 세상
3. 서쪽으로
4. 삼도천 낯선 기와집
5. 담장 너머
6. 하지만, 우리는
7. 한바탕 꽃길을","【演出介绍】

“音乐之村”合唱团成立于1996年，由首任团长李康淑（韩国艺术大学首任校长）领导，秉承“通过合唱音乐将韩国语言之美分享给全世界”的理念。合唱团致力于发展和推广韩国合唱音乐，并成长为世界一流的合唱团。目前，合唱团拥有约60名成员，音乐团队包括第二任团长李建勇（韩国艺术大学前校长）、企划总监洪承灿（韩国艺术大学艺术管理学教授）、音乐总监洪俊哲（圣公会大学前兼职教授）以及指挥金洪洙（现任韩国艺术大学指挥学教授）。该合唱团致力于通过举办共计22场常规音乐会以及各种合作演出，广泛传播韩国合唱音乐。在第23场常规音乐会上，合唱团计划演出作曲家金俊范的清唱剧《三神奶奶失踪事件》以及多部原创合唱作品。

**演出介绍** [节目单]

金俊范

Together Forest

嘘！

初雪之日，我们相会

鸟儿，鸟儿

采摘山柳

尻子

中场休息

清唱剧《三神荷梅失踪案》

1. 失踪的三神荷梅

2. 没有神的世界

3. 向西

4. 三道川的奇瓦屋

5. 墙外

6. 但是，我们

7. 花开满园"
"제12회 무죽페스티벌, 호모사케르",第 12 届 Mujuk 节 Homo Sacer
극장 동국,东国剧院
서울특별시 종로구 창경궁로 259,首尔特别市钟路区昌庆宫路 259
제335회 부천필하모닉오케스트라 정기연주회: Romeo & Juliet,第335届富川爱乐乐团常规音乐会：《罗密欧与朱丽叶》
"제83회 목포시립합창단 정기연주회: B to B, Beyond (바흐에서 브람스로, 그리고 우리에게)",第83届木浦市合唱团例行音乐会：从巴赫到勃拉姆斯，再到我们
목포시민문화체육센터 소공연장,木浦市民文化体育中心小表演厅
전남 목포시 부주로 312,全罗南道木浦市富州路312
"[공연소개]
봄길 위에서 음악이라는 언어로 쓰인, 가장 아름다운 역사책을 펼치며
-독창의 고백이 합창의 울림으로… 위대한 유산을 잇는 특별한 여정-

바흐, 베토벤, 브람스...그리고 슈베르트와 슈만.
이름만으로도 가슴 뛰는 거장들의 음악이 따뜻한 봄바람을 타고 목포에 도착했습니다.
이번 공연은 누군가 홀로 조용히 부르던 아름다운 '독일 예술가곡'이, 목포시립합창단이 빚어내는 섬세한 하모니로 다시 피어나는 특별한 무대입니다.
황지희 객원지휘자의 친절한 해설을 따라 낭만의 숲을 걷다 보면, 음악은 어느새 우리의 기다림과 설렘을 담은 초연곡 '목포역'에 다다릅니다. 
종착역이 아닌 '설렘의 시작점'에서, 하늘로 날아오르는 열차와 별자리가 된 다도해의 풍경을 합창으로 경험해 보시길 바랍니다.","【演出介绍】

在春日小径上，开启用音乐语言谱写的最美历史篇章

——从独唱的倾诉到合唱的共鸣……一段连接伟大遗产的特别旅程——

巴赫、贝多芬、勃拉姆斯……以及舒伯特和舒曼。

这些大师的音乐，光是他们的名字就令人心潮澎湃，如今乘着温暖的春风来到木浦。

这场演出将为那些曾经由人静静吟唱的优美“德国艺术歌曲”搭建一个特别的舞台，在木浦市合唱团细腻和谐的演绎下，焕发出新的光彩。

在客座指挥黄智熙的娓娓道来中，漫步于浪漫的森林，音乐即将抵达《木浦车站》的首演，这首作品承载着我们无比的期待与激动。

我们邀请您从“激动人心的起点”而非“终点”出发，通过合唱和列车飞驰入云的体验，感受多岛海群岛如星空般璀璨的景色。"
제147회 광주시립소년소녀합창단 정기공연: 미라클 (Miracle),光州市儿童合唱团第147届例行演出：奇迹
김보책 (Korean Woyzeck),金宝策（韩国沃伊采克）
원본은 없다 버전 투,没有原始版本二
자네는 왜 그리 굉장히 기다란 담뱃대로 담배를 피이나,你为什么用这么长的烟斗抽烟？
두산아트센터 Space111,斗山艺术中心111号空间
서울 종로구 종로33길 15,首尔特别市钟路区钟路33街15
오프코스랜딩,偏离航线着陆
서울 | 소극장 혜화당 구. 까망소극장,首尔 | 惠花堂小剧场（原卡芒小剧场）
"왕초보를 위한 천원의 오페라, 오페라 갈라 콘서트: 봄 (Spring)",1000韩元歌剧入门课程，歌剧盛会：春季
THE JUNGLE (앵콜),丛林（安可）
삐삐: 기억을 담는 작은 상자,皮皮：一个装着回忆的小盒子
서울 | 대학로 마로니에소극장 플레이더씨어터,首尔 |大学路 Marronnier 剧场 戏剧表演
서울특별시 종로구 동숭길 50 (동숭동),首尔特别市钟路区东崇街50（东崇洞）
제139회 목포시립교향악단 정기연주회,木浦市交响乐团第139届例行音乐会
전남 | 목포시민문화체육센터 대공연장,全南 | 木浦市民文化体育中心大演出厅
더 마스터즈: 이자하 바이올린 리사이틀,大师：李子河小提琴演奏会
대구 | 대구콘서트하우스 챔버홀 소공연장,大邱 | 大邱音乐厅室内乐厅小演出厅
대구광역시 중구 태평로 141,大邱广域市中区太平路141
대전시립합창단 어린이 음악회: 콩쥐팥쥐,大田市合唱团儿童音乐会：孔智威和帕智威
대전예술의전당 앙상블홀,大田艺术中心合奏厅
히스토리 보이즈,历史男孩
서울 | 링크아트센터 페이코홀,首尔 | Link Art Center Payco Hall
서울특별시 종로구 대학로14길 29,首尔特别市钟路区大学路14街29
춘식이의 봄' 김원근 개인전,金元根个展“春植之春”
부산 | 갤러리마레,釜山 | Gallery Mare
부산광역시 해운대구 해운대해변로 296,釜山广域市海云台区海云台海滨路 296
바리톤 한경석 독창회,男中音歌唱家韩京锡独奏音乐会
"[PROGRAM]
R. Schumann (1810-1856)
Dichterliebe, Op.48
1. Im wunderschönen Monat Mai
2. Aus meinen Tränen sprießen
3. Die Rose, die Lilie, die Taube, die Sonne
4. Wenn ich in deine Augen seh
5. Ich will meine Seele tauchen
6. Im Rhein, im heiligen Strome
7. Ich grolle nicht
8. Und wüßten's die Blumen, die kleinen
9. Das ist ein Flöten und Geigen
10. Hör' ich das Liedchen klingen
11. Ein Jüngling liebt ein Mädchen
12. Am leuchtenden Sommermorgen
13. Ich hab' im Traum geweinet
14. Allnächtlich im Traume
15. Aus alten Märchen
16. Die alten, bösen Lieder

INTERMISSION

P. I. Tchaikovsky (1840-1893)
Средь шумного бала Op.38, No.3
Нам звезды кроткие сияли
Op.60, No.12
Серенада Дон-Жуана Op.38, No.1

S. Rachmaninov (1873-1943)
Дитя! Как цветок, ты прекрасна Op.8, No.2
На смерть чижика Op.21, No.4
Не пой, красавица! Op.4, No.4

R. Quilter (1877-1953)
3 Shakespeare Songs, Op.6
1. Come Away, Death
2. O Mistress Mine
3. Blow, Blow, Thou Winter Wind","[程序]
R·舒曼 (1810-1856)
迪希特利贝，作品 48
1. Im wunderschönen Monat Mai
2. Aus meinen Tränen sprießen
3. 玫瑰，莉莉，陶贝，阳光
4. Wenn ich in deine Augen seh
5. 我将我的 Seele tauchen
6. 莱茵河畔，海利根斯特罗姆
7. 我的咆哮不存在
8. 正在发生的事情是 Blumen, die kleinen
9. Das ist ein Flöten und Geigen
10. Hör' ich das Liedchen klingen
11. 在丛林中
12. 夏日早晨
13. Ich hab' im Traum geweinet
14.创伤中的一切灾难
15. Aus alten Marchen
16. 旧歌

中场休息

P. I. 柴可夫斯基 (1840-1893)
Средь шумного бала Op.38, No.3
据说，
作品60、12号
Серенада Дон-Жуана Op.38, No.1

拉赫玛尼诺夫 (1873-1943)
是的！ Как цветок, ты прекрасна Op.8, No.2
На смерть чижика Op.21, No.4
Не пой, красавица!作品4号，第4首

R. Quilter (1877-1953)

三首莎士比亚歌曲，作品6号

1. 死神，请离去

2. 我的爱人

3. 吹吧，吹吧，冬日之风"
마지막 춤은 나와 함께 The Last Dance with me,与我共舞的最后一支舞
서울 | 갤러리 플래닛,首尔 | Gallery Planet
서울특별시 마포구 어울마당로 65 상상마당빌딩,首尔特别市麻浦区乙马当路 65 桑桑马当大厦
"허원숙 피아노 리사이틀, 모차르트: 변주곡의 시작과 만하임 소나타",许元淑钢琴独奏音乐会，莫扎特：变奏曲的开头和曼海姆奏鸣曲
서울 | 예술의전당,首尔 | 首尔艺术中心
서울특별시 서초구 남부순환로 2406 (서초동),首尔特别市瑞草区南部循环路2406（瑞草洞）
코리안 트럼펫 오케스트라 제10회 정기연주회,韩国小号乐团第十届例行音乐会
서울 | KBS홀,首尔 | KBS大厅
서울특별시 영등포구 여의공원로 13,首尔特别市永登浦区汝矣公园路 13
"피아니스트 서형민의 베토벤소나타: 젊은천재, 비창과 월광",钢琴家徐亨民演奏的贝多芬奏鸣曲：《少年天才》、《悲惨》和《月光》
"안산시립합창단 특별기획공연, 안산시립합창단 아카펠라 콘서트: 다!",安山市合唱团特别策划演出，安山市合唱团无伴奏合唱音乐会：Da！
유키 구라모토 콘서트: Peacefully,仓本由纪演唱会：和平
중구문화의전당 실내악페스티벌: 금난새 X 뉴월드챔버오케스트라,中九艺术中心室内乐音乐节：金兰世 X 新世界室内乐团
울산 | 울산중구문화의전당 함월홀 2층,蔚山 | 蔚山中区文化中心咸月厅二楼
울산광역시 중구 종가로 405,蔚山广域市中区钟家路 405
할딱배기와 히말라야,哈尔塔克拜吉和喜马拉雅山
부산시민회관 소극장,釜山市民会馆小剧场
부산 동구 자성로133번길 16,釜山市东区贾城路133号街16号
갈매기,海鸥
서울 | 극장 봄 (봄소극장) 극장 봄,首尔 | Bom 剧院（Bom 小剧院）
서울특별시 성북구 삼선교로 14,首尔特别市城北区三成桥路 14
"국립발레단, 백조의 호수",韩国国家芭蕾舞团，《天鹅湖》
부산시민회관 대극장,釜山市民会馆大剧院
NEW 망원동 브라더스,新望远洞兄弟
충북 | 영동복합문화예술회관,忠清北道 | 永东综合文化艺术中心
충청북도 영동군 영동읍 영동힐링로 117,忠清北道永东郡永东邑永东疗愈路117号
"성남아트센터 마티네 콘서트: 독일, 음악의 숲",城南艺术中心午间音乐会：德国，《音乐森林》
시선이 남기는 것들(After the Gaze),凝视之后留下的事物（凝视之后）
강원 | 고한시네마,江原道 | Gohan Cinema
강원특별자치도 정선군 고한읍 고한10길 28-12,"28-12, Gohan 10-gil, Gohan-eup, Jeongseon-gun, Gangwon-do"
서울-신의주 열차표,首尔至新义州火车票
서울 | 예술나무씨어터 구. 상상나눔씨어터,首尔 | 艺术树剧场（原名上相南屋剧场）
"서울특별시 구로구 구로중앙로 134 (구로동, 신구로자이나인스에비뉴)",首尔特别市九老区九老中央路134（九老洞新古再因第9大道）
"살롱클래식, 이은선 & 리즈 문: 포레(Gabriel Faure)의 봄",Salon Classic，Lee Eun-sun & Liz Moon：Gabriel Fauré 的春天
서울 | 라율아트홀,首尔 | Layul Art Hall
순천 창작예술촌 3호 ｢2026 조강훈 컬렉션 1｣ 展,顺天创意艺术村3号“2026 赵康勋收藏1”展览
폐기물 처리,废物处理
미마지아트센터 물빛극장,米玛吉艺术中心穆尔比特剧院
서울 종로구 대학로8가길 129,首尔特别市钟路区大学路8街129
＜당진Arte 11＞ 3월 콘서트 - 이금희의 더불어 살며 헤아리며Ⅰ,<唐津艺术11> 三月音乐会 - 李锦熙的《共同生活与理解》
충남 | 당진문예의전당 소공연장,忠南 | 唐津艺术中心小演出厅
충청남도 당진시 당진중앙2로 69,忠清南道唐津市唐津中央2路69
피아니스트 정성희: 베토벤 피아노 소나타 전곡 시리즈 Ⅰ,钢琴家郑成熙：贝多芬钢琴奏鸣曲全集（第一辑）
DCH앙상블페스티벌: 스페니쉬 브라스,DCH乐团音乐节：西班牙铜管乐
대구 | 대구콘서트하우스 그랜드홀 대공연장,大邱 | 大邱音乐厅大厅
"아람 클래식, 양인모 & 잘츠부르크 모차르테움",亚兰经典、杨仁模和萨尔茨堡莫扎特
경기 | 고양아람누리 아람음악당,京畿道 |高阳阿拉姆努里阿拉姆音乐厅
경기도 고양시 일산동구 중앙로 1286,京畿道高阳市一山东区中央路1286
벌레,蠕虫
서울 | 스튜디오 블루,首尔 | Studio Blue
서울특별시 종로구 대학로8가길 80(동숭동),首尔特别市钟路区大学路8街80（东崇洞）
What Still Remains,剩下的东西
경기 | 국립6.25전쟁납북자기념관,京畿道 | 朝鲜战争被绑架者国家纪念馆
경기도 파주시 문산읍 임진각로 153,京畿道坡州市文山邑临津阁路153
"국립민속국악원, K-국악스테이지",国立民乐中心、国乐舞台
전북 | 국립민속국악원 예원당,全北 |国立民乐会馆礼院堂
전북특별자치도 남원시 양림길 54,全北特别自治道南原市杨林路54号
"DCH앙상블페스티벌, 앙상블 쏘노 스트링 콰르텟",DCH 合奏音乐节、索诺弦乐四重奏乐团
"[프로그램]

A. Borodin - String Quartet No. 1 in A Major  
보로딘 – 현악 4중주 1번 A장조
I. Moderato – Allegro

A. Borodin - String Quartet No. 2 in D Major  
보로딘 – 현악 3중주 2번 D장조
III. Nocturne

김유리 - String Trio for Violin, Viola and V.cello (2025/26) 
김유리 – 바이올린, 비올라 그리고 첼로를 위한 현악 3중주
I. Allegro 
II. Andante 
III. Allegro Intermission 

A. Dvorak - String Quartet No.12 Op.96 'American' 
드보르작 - 현악 4중주 12번 ‘아메리칸’, Op. 06
I. Allegro ma non troppo 
II. Lento 
III. Molto vivace 
IV. Finale: Vivace, ma non troppo

본 공연의 프로그램은 연주자의 사정에 의해 사전 공지 없이 변경될 수 있습니다.","【演出曲目】

鲍罗丁 - A大调第一弦乐四重奏

I. 中速 – 快板

鲍罗丁 - D大调第二弦乐四重奏

III. 夜曲

金裕利 - 小提琴、中提琴和大提琴三重奏 (2025/26)

I. 快板

II. 行板

III. 快板

中场休息

德沃夏克 - 第十二弦乐四重奏 Op.96 “美国”

I. 不太快的快板

II. 慢板

III. 非常活泼的快板 IV. 终曲：活泼的快板，不太快

由于演出者的情况，本次演出曲目可能会有所变动，恕不另行通知。"
"강남심포니오케스트라 콘서트 오페라, 마술피리",江南交响乐团音乐会歌剧《魔笛》
김지영의 ONE DAY Ⅱ,金智英的《一天II》
"제2회 신진예술인 풀충전 페스티벌, 안 내면 진다",第二届新兴艺术家全面充电节：不付费，就没机会了
설렘아트홀,Seollem 艺术馆
서울특별시 광진구 능동로19길 23(화양동),首尔特别市广津区陵洞路19街23（花阳洞）
"제950회 전남도립국악단 토요가무악희 시즌 1, 그린국악: 매화꽃 향기",全南道第950届传统音乐乐团周六歌舞表演第一季，《绿国乐：梅花香》
남도소리울림터,南多索里·乌利姆特奥
전라남도 무안군 삼향읍 남악로 222,全罗南道务安郡三乡邑那马克路 222
최유나 귀국 플루트 독주회,崔宥娜返乡长笛独奏音乐会
근대 대구 電氣전기 이야기 - 대구전기부터 대흥전기까지 -,现代大邱电力公司的故事——从大邱电力到大兴电力——
대구 | 대구근대역사관,大邱 | 大邱近代史博物馆
대구광역시 중구 경상감영길 67,大邱广域市中区庆尚监营路 67
일인용 심야 공연 《이인환각연쇄고리: Find a Channelhead》,单人深夜表演《双人幻觉链：寻找频道头》
서울 | 콜드슬립 koldsleep,首尔 | Koldsleep
서울특별시 강북구 인수봉로 301(수유동),首尔市江北区仁秀峰路301号（水裕洞）
연극 <지킬 앤 하이드>,戏剧《化身博士》
서울 | 링크더스페이스 LINK THE SPACE,首尔 | 连接空间
서울특별시 종로구 대학로8가길 105 (동숭동),首尔特别市钟路区大学路8街105（东崇洞）
이한슬 피아노 독주회,李汉瑟钢琴独奏音乐会
"[PROGRAM]


L. v. Beethoven (1770-1827)

6 Variations in F Major, Op. 34



F. Liszt (1811-1886)

Après une lecture du Dante: Fantasia quasi Sonata, S. 161, No. 7



INTERMISSION



R. Schumann (1810-1856)

Kreisleriana, Op. 16

Äußerst bewegt

Sehr innig und nicht zu rasch

Sehr aufgeregt

Sehr langsam

Sehr lebhaft

Sehr langsam

Sehr rasch

Schnell und spielend","[程序]


L.v.贝多芬 (1770-1827)

F 大调 6 变奏曲，作品。 34



F·李斯特 (1811-1886)

但丁讲座结束后：幻想曲准奏鸣曲，S. 161，No. 7



中场休息



R·舒曼 (1810-1856)

克莱斯勒里亚纳，作品。 16

最好的

另请参见 innig 和 nicht zu rasch

安全

色兰桑

塞尔勒布哈夫特

色兰桑

谢赫拉什

施内尔和斯皮伦德"
오현진 바이올린 독주회,吴贤真小提琴独奏会
제629회 부산시립교향악단 정기연주회: 축제,第629届釜山爱乐乐团常规音乐会：音乐节
"대관령음악제, 강원의 사계 봄: 김준형 피아노 리사이틀",大关岭音乐节，《江原道的四季》：春 - 金俊亨钢琴独奏音乐会
3월 기획 공연 안내,三月特别演出公告
충남 | 도고아트홀,忠南 | Doggo Art Hall
충청남도 아산시 도고면 아산만로 171,忠清南道牙山市道高面牙山万路171
"통영국제음악제, 김유빈 플루트 리사이틀",统营国际音乐节，金裕彬长笛独奏音乐会
"통영국제음악제, 조성진 피아노 리사이틀",统营国际音乐节，赵成镇钢琴独奏音乐会
"통영국제음악제, 재즈 콘서트: 미하엘 볼니 & 에밀 파리지앵",统营国际音乐节、爵士音乐会：Michael Wollny & Émile Parisien
"통영국제음악제, 일 자르디노 아르모니코 with 야쿠프 유제프 오를린스키",统营国际音乐节，Il Giardino Armonico 与 Jakub Józef Orlinsky
"통영국제음악제, 앙상블 모데른 Ⅱ",统营国际音乐节，现代乐团 II
"통영국제음악제, 아우구스틴 하델리히 바이올린 리사이틀",统营国际音乐节，奥古斯丁·哈德利希小提琴独奏音乐会
"포르테피아노와 함께하는 최연우 바이올린 독주회 ""선율의 기억 From Elegance to Emotion"" [Recital II] 시간의 실루엣",崔妍雨小提琴独奏音乐会（钢琴伴奏）“旋律的回忆：从优雅到情感”[第二场] 时光的剪影
"통영국제음악제, 베르비에 페스티벌 체임버 오케스트라 with 니콜라스 알트슈태트 & 김유빈",统营国际音乐节、韦尔比耶音乐节室内乐团与 Nicolas Altstadt 和 Yubin Kim 合作
"통영국제음악제, 모딜리아니 콰르텟 Ⅰ",统营国际音乐节，莫迪利亚尼四重奏 I
"통영국제음악제, 메조 소프라노 플뢰르 바론 리사이틀",统营国际音乐节，女中音歌唱家弗勒·巴伦独唱音乐会
"통영국제음악제, 돔니크의 워터 리플스",统营国际音乐节，多米尼克的水波
"통영국제음악제, 왕기석의 수궁가",统营国际音乐节，王基硕的《Sugungga》。
"대전시립무용단 기획공연 Ⅰ, 춤으로 그리는 동화: 피노키오",大田市舞蹈团特别演出 I，《用舞蹈描绘的童话：匹诺曹》
"[프로그램]

프롤로그 - 나무아이 피노키오
아이를 원하는 아빠의 소원을 이루어준 요정“네가 용감하고 진실 되고 이기적이지 않다는 걸 증명하면 언젠가 진짜 사람이 될꺼야!”

1장 마을장터
평화로운 장터에 욕심쟁이 백작은 마을 사람들에게 횡포를 부린다.

2장 집으로 돌아온 할아버지
피노키오와 할아버지의 첫 만남.

3장 학교로 가는 길
보통 아이들과 다른 피노키오.

4장 피노키오의 거짓말
유랑단 안으로 용감하게 뛰어든 피노키오...거짓말을 할 때 마다 길어지는 코, ‘진실’ 한마디면 원래대로 돌아와요!

5장 피노키오의 잘못된 선택
아빠말을 듣지 않은 피노키오“옳고 그른 것 중 선택하는 것을 배워야 해. 너의 ‘마음씨’가 답을줄 거야”

6장 고래뱃속 안에서...
아빠의 사랑을 알게 된 피노키오고래뱃속에 갖히게 된 아빠가 걱정되고 슬퍼 눈물이 나요.

에필로그 - ‘마음씨’로 얻은 진짜 사람 피노키오
‘진짜 마음씨’를 찾게된 피노키오에게 마법과 같은 일이 일어났어요!!!","【节目单】

序幕——树孩匹诺曹

一位仙女实现了父亲想要孩子的愿望：“如果你能证明自己勇敢、诚实、无私，将来就能成为真正的人！”

第一章：集市

在宁静的集市上，一个贪婪的伯爵正在欺压村民。

第二章：爷爷回家

匹诺曹和爷爷的初次相遇。

第三章：上学的路

匹诺曹，与普通孩子不同。

第四章：匹诺曹的谎言

匹诺曹勇敢地加入了一个巡回剧团……每次说谎，他的鼻子就会变长，但只要说一个词：“真的！”，鼻子就会恢复原状！

第五章：匹诺曹的错误选择

匹诺曹不听父亲的话：“你必须学会​​分辨对错。你的‘心’会告诉你答案。”

第六章：鲸鱼肚子里……

匹诺曹得知了父亲的爱。他担心被困在鲸鱼肚子里的父亲，不禁热泪盈眶。

尾声——匹诺曹，通过“心”找到了真正的自己

匹诺曹找到自己的“真心”后，发生了一件神奇的事情！"
"돌고돌아, 도라희",转啊转，多拉希
서울 | 성수 소극장,首尔 | 圣水小剧场
서울특별시 성동구 뚝섬로1길 43,首尔市城东区纛岛路1街43
"머더: 나는 오늘, 사람을 죽였다.",谋杀：我今天杀了一个人。
서울 | R&J씨어터,首尔 | R&J 剧院
서울특별시 종로구 낙산길 14,首尔特别市钟路区骆山路 14
"2026 신진작가 공모 선정전: 지금, 바로 여기 Here and now",2026年新兴艺术家公开征集展：此时此地
서울 | 갤러리그림손,首尔 | 格里姆森画廊
서울특별시 종로구 인사동10길 22,首尔特别市钟路区仁寺洞10街22
"부여군충남국악단의 토요상설 국악공연, 유종지미",忠南扶余郡传统音乐乐团周六例行传统音乐演出，完美落幕
충남 | 부여국악의전당,忠南 | 扶余国乐中心
충청남도 부여군 규암면 백제문로 388,忠清南道扶余郡龟岩面百济门路388
"A관 이종화 개인전 "" Space Imagination""",A厅 李钟华个展“空间想象”
충북 | CGV청주(서문) 갤러리원 1층,忠清北道 | CGV 清州（西门）一号展厅 1楼
충청북도 청주시 상당구 상당로81번길 33,忠清北道清州市上堂区上堂路81街33
잘 가그래이,再见
충북 | 정심아트홀,忠北 | 正心艺术馆
충청북도 청주시 상당구 교서로 16-5 (영동),忠清北道清州市上堂区桥西路16-5(岭东)
내 친구 어린왕자,我的朋友小王子
레미어린이극장,雷米儿童剧院
울산광역시 북구 진장유통로 64 (진장동),蔚山广域市北区增将油通路64（增将洞）
"[공연소개]

비행사 아저씨는 사막에서 어린왕자를 만납니다.
어린왕자에게 그림을 그려주고 두 사람은 친구가 됩니다.
어린왕자는 자기의 별과 장미꽃의 이야기를 들려줍니다.
그리고 여러 별나라의 이상한 어른들에 이야기도 들려줍니다.
명령을 좋아하는 왕, 칭찬을 듣고 싶어 하는 멋쟁이, 일만 하는 촛불아저씨. 
그리고 지구에 도착한 뒤 만났던 여우와 뱀.
그러던 어느 날, 어린왕자는 비행사 아저씨에게 선물을 남기고
장미꽃을 돌보러 자기 별로 돌아갑니다.","【演出介绍】

飞行员在沙漠中遇见了小王子。

他为小王子画了一幅画，两人从此成了朋友。

小王子讲述了他的星星和玫瑰的故事。

他还讲述了来自各个星际王国的奇特成年人的故事。

喜欢发号施令的国王，渴望听到赞美的衣着考究的绅士，以及除了工作什么也不做的烛光人。

还有他来到地球后遇到的狐狸和蛇。

有一天，小王子给飞行员留下了一份礼物，然后

回到了他的星星，继续照料他的玫瑰。"
뜀뛰는 여관,跳跃旅馆
충남 | 천안어린이꿈누리터(구. 천안시 어린이 회관) 꿈누리대공연장,忠清南道 | 天安市儿童梦想音乐中心（原天安市儿童会馆）梦想音乐大演出厅
충청남도 천안시 동남구 옛시청길 39,忠清南道天安市东南区野思清街39
제302회 수원시립교향악단 정기연주회,水原市交响乐团第302届例行音乐会
경기 | 수원SK아트리움 대공연장,京畿道 | 水原SK Artrium Grand Performance Hall
경기도 수원시 장안구 이목로 24,京畿道水原市长安区梨木路24
"B관 이경선 개인전 "" 강아지풀에서 현실을 만나다""",B厅 李京善个展“在狐尾草中遇见现实”
성남아트센터 오후의 콘서트: 보헤미아의 낭만 (4월),城南艺术中心下午音乐会：波西米亚浪漫曲（四月）
성남아트센터 앙상블씨어터,城南艺术中心剧场
사이파크 ⟪흐름 속 생성과 소멸: 공감⟫,Sypark ⟨心流中的创造与毁灭：同理心⟩
울산 | 슬도아트,蔚山 | Seuldo Art
울산광역시 동구 성끝길 103,蔚山广域市东区圣谷路 103
빈센트 드 브리스 피아노 독주회,文森特·德·弗里斯钢琴演奏会
"[프로그램]

F. Schubert / 6 Moments Musicaux, D. 780
1. Moderato in C major
2. Andantino in A-flat major
3. Allegro moderato in f minor

 
R. Schumann / Humoreske in B-flat major, Op. 20
1. Einfach
2. Hastig
3. Einfach und zart
4. Innig
5. Sehr lebhaft
6. Mit einigem Pomp
7. Zum Beschluss

 
INTERMISSION

 
J. Brahms / Piano Sonata No. 3 in f minor, Op. 5
1. Allegro maestoso
2. Andante espressivo
3. Scherzo: Allegro energico
4. Intermezzo(Ruckblich): Andante molto
5. Finale: Allegro moderato","[程序]

F.舒伯特 / 6 Moments Musicaux，D. 780
1. C大调中板
2. 降A大调行板
3. f小调中板快板

 
R. 舒曼 / 降 B 大调幽默曲，作品。 20
1.艾因法赫
2.哈斯蒂格
3.艾因法赫和扎特
4.英尼格
5. 塞尔夫哈夫特
6. 盛况
7. Zum Beschluss

 
中场休息

 
J. 勃拉姆斯 / f 小调第三钢琴奏鸣曲，作品。 5
1. 快板大师
2. 浓情行板
3. 谐谑曲：活力快板
4. 间奏曲（Ruckblich）：行板
5. 终曲：中板快板"
추리스릴러 연극 원: 죄,悬疑惊悚剧一：罪恶
경남 | 사랑새아트홀,庆南 |舍廊艺术馆
경상남도 창원시 성산구 용지로169번길 11-26 (용호동),庆尚南道昌原市城山区龙池路169街11-26（龙湖洞）
어린왕자,小王子
해바라기소극장,向日葵剧院
부산 남구 용소로13번길 30,釜山广域市南区龙扫路13街30
"리타, 남편이 돌아왔다!",丽塔，你丈夫回来了！
경남 | 나비아트홀,庆南 | 纳比艺术馆
경상남도 창원시 성산구 용지로169번길 11-13(용호동),庆尚南道昌原市城山区龙池路169街11-13（龙湖洞）
낭만합창단 첫 번째 정기연주회: 머나먼 길,浪漫合唱团首场正式音乐会：漫漫长路
제33회 서울시민교향악단 정기연주회,第33届首尔市民交响乐团常规音乐会
경기 | 부천아트센터 콘서트홀,京畿道 | 富川艺术中心音乐厅
경기도 부천시 원미구 소향로 165 부천아트센터,富川艺术中心，京畿道富川市远美区昭乡路165号
제91회 천안시충남국악관현악단 정기연주회,天安市忠南传统音乐管弦乐团第91届例行音乐会
충남 | 천안예술의전당 대공연장,忠南 | 天安艺术中心大演出厅
제117회 원주시립합창단 정기연주회,第117届原州市合唱团例行音乐会
강원 | 원주치악예술관,江原道 |原州捷艺术中心
강원도 원주시 서원대로 331 (명륜동),江原道原州市书院大路331（明伦洞）
제629회 부산시립교향악단 정기연주회,第629届釜山爱乐乐团常规音乐会
제79회 부산시립청소년교향악단 정기연주회,第79届釜山市青年交响乐团例行音乐会
부산문화회관 중극장,釜山文化中心中剧场
부산 남구 유엔평화로76번길 1,釜山广域市南区联合国和平路76街1号
부산시립국악관현악단 & 진주시립국악관현악단 합동교류연주회: 영남 풍류,釜山韩国传统乐团与晋州市韩国传统乐团联合交流音乐会：岭南丰流
제86회 부산네오필하모닉오케스트라 정기연주회,第86届釜山新爱乐乐团常规音乐会
모차르트 탄생 270주년 기념 안양오페라단 정기연주회: 봄의 향연 오페라 갈라 콘서트,安阳歌剧团纪念莫扎特诞辰270周年常规音乐会：春之盛宴歌剧盛典
"[​​PROGRAM]


소프라노 맹연선

G. Donizetti ............... Quel guardo il cavaliere 오페라 <돈 파스콸레>




바리톤 오대희

W.A. Mozart .............. Hai già vinta la causa 오페라 <피가로의 결혼>




소프라노 홍선진

J. Massenet .............. Pleurez mes yeux 오페라 <르 시드>




테너 이기용

W.A. Mozart ............. Dies Bildnis ist bezaubernd schön 오페라 <마술피리>




소프라노 송선아 황진영 테너 임홍재 강전욱

G. Verdi ................... Libiamo ne' lieti calici 오페라 <춘희>




베이스 바리톤 강병주

W.A. Mozart ............. Aprite un po’ quegl’occh 오페라 <피가로의 결혼>




소프라노 박현옥

G. Donizetti .............. Regnava nel silenzio 오페라 <루치아 디 람메르무어>




테너 강전욱

G. Verdi ................... Quando le sere al placido 오페라 <루이자 밀러>




소프라노 황진영

G. Donizetti .............. In questo semplice modesto asilo 오페라 <베틀리>




소프라노 신재은 홍선진 테너 김선용 이기용

G. Puccini ................ O soave fanculla 오페라 <라보엠>




Intermission




바리톤 오동국

G. Verdi ............... Credo in un Dio crudel 오페라 <오텔로>




테너 김선용

G. Verdi ................. Pietoso al lungo pianto 오페라 <하루만의 임금>




소프라노 신재은

J. Massenet ............ Suis-je gentille ainsi?... 오페라 <마농>




테너 임홍재

W.A. Mozart .......... Dalla sua pace 오페라 <돈 죠반니>




소프라노 박현옥 맹연선 바리톤 강병주 오대희

W.A. Mozart .......... Là ci darem la mano 오페라 <돈 죠반니>




소프라노 송선아

C. Gounod ........... Air des bijoux 오페라 <파우스트>




테너 손민호

P. Sorozabal ........ No Puede ser! 오페라 <항구의 선술집>




소프라노 송정아

F. Lehár .............. Meine Lippen, sie küssen so heiß 오페레타 <주디타>","[程序]

女高音孟妍善

G. 多尼采蒂 ....Quel Guardo il cavaliere Opera <Don Pasquale>

男中音吴大熙

W.A. 莫扎特........... Hai già vinta la causa Opera <费加罗的婚礼>

女高音洪善镇

J. Massenet .... Pleurez mes yeux Opera <Le Cid>

男高音李基勇

W.A. 莫扎特......Dies Bildnis ist bezaubernd schön Opera <魔笛>

女高音宋善雅黄振英男高音林洪宰姜全旭

G. 威尔第 ................... Libiamo ne' lieti calici 歌剧 <茶花女>

低音男中音姜秉柱

W.A.莫扎特................阿普里特un po’ quegl’occh 歌剧 <费加罗的婚礼>

女高音朴贤玉

G. 多尼采蒂............Regnava nel Silenzio Opera <Lucia di Lammermoor>

男高音姜全旭

G. 威尔第 ................... Quando le sere al placido Opera <路易莎·米勒>

女高音黄真英

G. 多尼采蒂............ In questo semplice modeto asilo Opera <Bétley>

女高音申在恩洪善镇男高音金善勇李基勇

G. 普契尼 ................ O soave fanculla Opera <La Bohème>

中场休息

男中音吴东国

G. 威尔第............《un Dio roughl Opera》<奥赛罗>中的信条

男高音金善勇

G. 威尔第 ................. 皮耶托索·阿尔lungo pianto 歌剧 <一日之王>

女高音申在恩

J. Massenet ...... Suis-je gentille ainsi?... 歌剧 <Manon>

男高音林弘宰

W.A.莫扎特.........Dalla suapace歌剧《唐璜》

女高音朴贤玉 孟延善 男中音 姜秉柱 吴大熙

W.A. 莫扎特.........Là cidarem la mano Opera <Don Giovanni>

女高音宋善雅

C.古诺......Air des bijoux Opera<浮士德>

男高音孙旻浩

P. Sorozabal ........ 没有 Puede Ser！歌剧<港口的酒馆>

女高音宋正雅

F. Lehár ................... Meine Lippen, sie küssen so heiß Operetta <朱迪思>"
뮤지컬 <인화>,音乐剧《人花》
서울 | 홍익대 대학로 아트센터 소극장,首尔 | 弘益大学大学路艺术中心小剧场
서울특별시 종로구 대학로 57,首尔特别市钟路区大学路57
헤어지는 기쁨,离别的喜悦
송죽씨어터,松竹剧院
대구광역시 중구 교동길 15 (화전동),大邱广域市中区校洞路15（花田洞）
What Holds Us | 우리를 붙드는 것,是什么将我们维系？| 是什么将我们维系？
서울 | 갤러리세줄,首尔 | 世珠画廊
서울특별시 종로구 평창30길 40,首尔特别市钟路区平昌30街40
제124회 강릉시립합창단 정기연주회,江陵市合唱团第124届例行音乐会
강원 | 강릉아트센터 사임당홀,江原道 | 江陵艺术中心师任堂
강원특별자치도 강릉시,江原道江陵市
"ONLY FOR YOU, 박수진 피아노 독주회: 시인의 이야기",只为你，朴秀珍钢琴独奏会：诗人的故事
대구 | 에이치아츠(H-Art) 스튜디오,大邱 | H-Art Studio
대구광역시 남구 현충로48길 19,大邱广域市南区显忠路48街19
수성아트피아 토요음악회: 구슬기 대금 독주회,寿城艺术中心周六音乐会：具瑟琪大笥独奏音乐会
대구 | 수성아트피아,大邱 | 寿城 Artpia
대구광역시 수성구 무학로 180 (지산동),大邱广域市寿城区无学路180（芝山洞）
김영주 플루트 독주회 Ⅸ: Musique Fran&ccedil;ais Ⅲ (프랑스 음악 3),金英珠长笛演奏会九：Musique Français III（法国音乐3）
잠들지않는 형상들 존재는 어떻게 기념되는가,如何纪念那些不眠之人的存在？
경남 | 갤러리오로라,庆南 | 极光画廊
서울특별시 송파구 백제고분로39길 33,首尔特别市松坡区百济古分路39街33
"온: 콘서트, 임혜령 피아노 독주회",主题：音乐会，林慧玲钢琴独奏音乐会
온쉼표,其余部分
서울특별시 송파구 송파대로37길 50 (석촌동),首尔特别市松坡区松坡大路37街50（石村洞）
"인천시립교향악단 기획연주회, 과정음악회 Ⅱ",仁川爱乐乐团特别音乐会，过程音乐会 II
아트센터 인천 콘서트홀,仁川艺术中心音乐厅
김원미 피아노 독주회,金元美钢琴独奏会
"[PROGRAM]

R. Schumann ........... Papillons, Op.2

R. Schumann ........... Symphonic Etudes, Op.13

-Intermission-

G. Gershwin ............... Three-Quarter Blues
Impromptu in Two Key
Prelude (Rubato)
Merry Andrew

F. Chopin ................... Bolero, op.19

F. Chopin ................... Mazurka, Op.30, No.1
Op.30, No.2
Op.17, No.4
Op.56, No.3

F. Chopin ................... Ballde, No.4 Op.52 in F minor","[程序]

R. 舒曼............ Papillons，Op.2

R. 舒曼............交响练习曲，Op.13

-中场休息-

G.格什温…………四分之三布鲁斯
两调即兴曲
前奏曲（鲁巴托）
梅里·安德鲁

F. 肖邦 ...................波莱罗舞曲，作品 19

F. 肖邦 ...................... 玛祖卡舞曲，Op.30，No.1
作品30，No.2
作品 17、No.4
作品 56，No.3

F. 肖邦......................巴尔德，F 小调第 4 号作品 52"
"금호영재콘서트, 남예린 피아노 독주회",锦湖青年才艺音乐会，南艺琳钢琴独奏会
"[PROGRAM]

루트비히 판 베토벤 Ludwig van Beethoven
피아노 소나타 제6번 F장조, Op.10/2
Piano Sonata No.6 in F Major, Op.10/2
Allegro
Allegretto
Presto

프란츠 리스트 Franz Liszt
피아노를 위한 6개의 파가니니 대연습곡, S.141 중 라 캄파넬라
La campanella from 6 Grandes Études de Paganini for Piano, S.141

펠릭스 멘델스존 Felix Mendelssohn
피아노를 위한 환상곡 f-sharp단조, ‘스코틀랜드 소나타’, Op.28
Fantasy for Piano in f-sharp minor, ""Sonate Écossaise”, Op.28
Con moto agitato - Andante - Con moto agitato
Allegro con moto
Presto

I N T E R M I S S I O N

프란츠 요제프 하이든 Franz Joseph Haydn
건반 소나타 E-flat장조, H.16/49
Keyboard Sonata in E-flat Major, H.16/49
Allegro
Adagio e cantabile
Finale. Tempo di Menuet

프란츠 리스트 Franz Liszt
피아노를 위한 3개의 콘서트 연습곡, S.144 중 탄식
Un sospiro from 3 Études de concert for Piano, S.144

프레데리크 쇼팽 Frédéric Chopin
피아노를 위한 서주와 론도 E-flat장조, Op.16, CT.195
Introduction and Rondo in E-flat Major for Piano, Op.16, CT.195","[程序]

路德维希·凡·贝多芬

F大调第六钢琴奏鸣曲，作品。 10/2

快板

快板

急板

弗兰茨·李斯特

帕格尼尼钢琴六大练习曲中的钟声，S.141

菲利克斯·门德尔松

升f小调钢琴幻想曲，“索纳特·埃科赛兹”，作品。 28

Con moto agitato - 行板 - Con moto agitato

摩托快板

急板

间歇期

弗朗茨·约瑟夫·海顿
降E大调键盘奏鸣曲，H.16/49
快板
柔板与如歌
结局。小步舞曲节奏

弗兰茨·李斯特
Un sospiro 选自 3 首钢琴音乐会练习曲，S.144

弗雷德里克·肖邦
降E大调钢琴引子和回旋曲，Op.16，CT.195"
"금호영체임버콘서트, 브리오 퀸텟 연주회",锦湖青年室内乐音乐会，布里奥五重奏音乐会
"[프로그램]

 

요한 제바스티안 바흐 Johann Sebastian Bach
오르간을 위한 푸가 g단조, ‘작은 푸가’, BWV578 (금관 오중주를 위한 편곡 캐나디안 브라스)
Fugue for Organ in g minor, “Little Fugue”, BWV578 (arranged for Brass Quintet by Canadian Brass)

 

앙드레 라포스 André Lafosse
금관 오중주를 위한 즉흥 모음곡
Suite Impromptu for Brass Quintet
I. Épithalame
II. Marche
III. Élégie
IV. Mouvement

 

케리 터너 Kerry Turner
금관 오중주를 위한 테투안의 카스바
The Casbah of Tetouan for Brass Quintet



I N T E R M I S S I O N



빅토르 에발트 Victor Ewald
금관 오중주 제2번, Op.6
Brass Quintet No.2, Op.6
Allegro risoluto
Theme with variations
Allegro vivace

 

외젠 보자 Eugène Bozza
금관 오중주를 위한 소나티네
Sonatine for Brass Quintet
Allegro vivo
Andante ma non troppo
Allegro vivo
Largo. Allegro Vivace","[程序]

约翰·塞巴斯蒂安·巴赫

g小调管风琴赋格曲，“小赋格曲”，BWV 578（加拿大铜管乐队为铜管五重奏改编）

安德烈·拉福斯

铜管五重奏即兴组曲
I. 埃皮萨拉姆
二.马尔凯
三．爱丽吉
四．运动

凯瑞·特纳
铜管五重奏《得土安的卡斯巴》

间歇期

维克多·埃瓦尔德
铜管五重奏第二号，作品。 6
快板
具有变化的主题
活泼的快板

尤金·博扎
铜管五重奏奏鸣曲
快板活体
行板
快板活体
拉戈。活力快板"
나은아 바이올린 독주회: 베토벤 바이올린 소나타 전곡 시리즈 II,罗恩雅小提琴独奏音乐会：贝多芬小提琴奏鸣曲全集第二辑
"[프로그램]


Ludwig van Beethoven (1770-1827)
Sonata for Violin and Piano No. 5 in F Major, Op. 24
I. Allegro
II. Adagio molto espressivo
III. Scherzo. Allegro Molto
IV. Rondo. Allegro ma non troppo

 

Sonata for Violin and Piano No. 6 in A Major, Op. 30-1
I. Allegro
II. Adagio molto espressivo
III. Allegretto con variazioni

 

INTERMISSION

 

Sonata for Violin and Piano No. 8 in G Major, Op. 30-3
I. Allegro assai
II. Tempo di Minuetto, ma molto moderato e grazioso
III. Allegro vivace

 

Sonata for Violin and Piano No. 7 in c minor, Op. 30-2
I. Allegro con brio
II. Adagio cantabile
III. Scherzo. Allegro – Trio
IV. Finale. Allegro","[程序]


路德维希·范·贝多芬 (1770-1827)
F大调第五号小提琴与钢琴奏鸣曲，作品。 24
一、快板
二.浓情柔板
三．谐谑曲。莫尔托快板
四．回旋曲。快板

 

A 大调第六小提琴和钢琴奏鸣曲，作品。 30-1
一、快板
二.浓情柔板
三．变奏快板

 

中场休息

 

G 大调第八小提琴与钢琴奏鸣曲，作品。 30-3
I. 快板阿萨伊
二.小步舞曲的节奏、最温和、最优雅的节奏
三．活泼的快板

 

C小调第七小提琴与钢琴奏鸣曲，作品。 30-2
I. 轻快的快板
二.柔板如歌
三．谐谑曲。快板 – 三重奏
四．结局。快板"
"칸타빌레 클래식 기획연주회 29, 이미솔 & 목혜진 듀오리사이틀: Danza del Fuego",如歌经典特别音乐会29，李美素&莫慧珍二人演奏会：Danza del Fuego
서울 | 칸타빌레 클래식 아트홀,首尔 | Cantabile 古典艺术厅
서울특별시 서초구 남부순환로317길 31,首尔特别市瑞草区南部循环路317街31
제22회 그린필윈드오케스트라 정기연주회,格林菲尔德管乐团第22届例行音乐会
꿈의숲아트센터 콘서트홀,梦幻森林艺术中心音乐厅
"[공연소개]
이번 공연은 행진곡의 생동감에서 시작해 영화 음악의 감동으로 이어지는, 다채로운 색채의 무대입니다.

공연의 문을 여는 First Suite for Band – Alfred Reed는 행진, 래그, 갤럽으로 구성된 작품으로 관악합주의 리듬감과 활력을 유쾌하게 펼쳐 보입니다. 이어지는 Pearl Harbor는 서정적인 선율로 전쟁 속의 인간적인 감정을 조용히 그려냅니다.

중반부에는 John Williams의 음악 세계를 담은 John Williams in Concert가 연주되어, 웅장함과 감동이 공존하는 영화 음악의 매력을 선사합니다. 이후 Beauty and the Beast에서는 친숙한 멜로디와 따뜻한 분위기로 관객에게 동화 같은 시간을 전합니다.

마지막으로 Ennio Morricone의 명곡들을 엮은 Moment for Morricone가 연주되며, 깊은 여운과 함께 공연의 막을 내립니다.","【演出介绍】

这场演出宛如一场色彩斑斓的舞台之旅，从活力四射的进行曲开始，最终抵达情感深邃的电影音乐。

演出以阿尔弗雷德·里德的《第一管乐组曲》开场，这首作品由进行曲、拉格泰姆和加洛普舞曲组成，生动展现了管乐团的节奏能量和活力。紧随其后的《珍珠港》以抒情的旋律，静静地描绘了战争中人们的情感。

演出中段，约翰·威廉姆斯音乐会将带您领略约翰·威廉姆斯的音乐世界，展现电影音乐的魅力，感受其宏伟与情感交融的特质。随后，《美女与野兽》以熟悉的旋律和温馨的氛围，为观众带来如梦似幻的童话体验。

最后，埃尼奥·莫里康内的经典作品集《莫里康内时刻》将为整场演出画上圆满的句号，留下深沉而悠长的余音。"
제3회 오케스트라 syncope 정기연주회: 차이코프스키 시리즈,第三交响乐团常规音乐会：柴可夫斯基系列
"제523회 대구시립교향악단 정기연주회: 생상스, 프랑스 낭만의 빛",第523届大邱爱乐乐团常规音乐会：圣桑，法国浪漫主义之光
대구콘서트하우스 그랜드홀 (대공연장),大邱音乐厅大厅（主演出厅）
"[PROGRAM]
생상스 - 오페라 “동양의 공주” 서곡
C. Saint-Saëns - “La princesse jaune” Overture

생상스 - 피아노 협주곡 제2번 g단조, Op.22 (Pf. 알렉 쉬친)
C. Saint-Saëns – Piano Concerto No.2 in g minor, Op.22
      I. Andante sostenuto
      II. Allegro scherzando
      III. Presto

Intermission

생상스 - 교향곡 제1번 E♭장조, Op.2
C. Saint-Saëns – Symphony No.1 in E-flat major, Op.2
      I. Adagio - Allegro
      II. Marche scherzo : Allegretto scherzando
      III. Adagio
      IV. Finale : Allegro maestoso","[程序]

圣桑 - 歌剧《黄公主》序曲

C. 圣桑 - 《黄公主》序曲

圣桑 - g小调第二钢琴协奏曲，作品。 22 (Pf. Alekschtyn)

C. 圣桑 – g小调第二钢琴协奏曲，作品。 22 号

I. 行板延音

二.谐谑快板

三．急板

中场休息

圣桑 - 降E大调第一交响曲，作品。 2

C. 圣桑 – 降E大调第一交响曲，作品。 2

I. 慢板 - 快板

二.谐谑进行曲：谐谑快板

三．慢板

四．终曲：庄严的快板"
제404회 광주시립교향악단 정기연주회: 보헤미아의 봄,光州市交响乐团第404届例行音乐会：波西米亚之春
광주 | 광주예술의전당 대극장,光州 |光州艺术中心大剧院
광주광역시,光州广域市
"제441회 인천시립교향악단 정기연주회, 인천시향과 올해의 예술가 Adventurous IPO Ⅱ",第441届仁川爱乐乐团常规音乐会，仁川爱乐乐团与年度艺术家冒险IPO II
제145회 광주시립국악관현악단 정기연주회: 풍류,第145届光州韩国传统音乐管弦乐团例行音乐会：丰流
열린수장고 기획전 《깊고 깊은 숲으로: 도로시의 원더링》,开放式储藏室特展“深入森林：多萝西的漫游”
대전 | 대전시립미술관,大田 | 大田美术馆
대전광역시 서구 둔산대로 155,大田西区屯山大路 155
열린수장고 상설전 《DMA 소장품 하이라이트 2026》,开放式储藏常设展览“DMA 藏品精选 2026”
현대미술기획전 《앤디 워홀: 예술을 팔다 Andy Warhol: The Business of Art》,当代艺术展“安迪·沃霍尔：艺术的商业运作”
2026 어린이미술 기획전 《열한번째 트윙클》,2026年儿童艺术展“第十一次闪光”
ACC 필름앤비디오 《아시아의 장치들》,ACC电影与视频《亚洲装置》
광주 | 국립아시아문화전당 문화창조원 복합 2관,光州 | 国家亚洲文化中心、创作中心、2号馆
광주광역시 동구 문화전당로 38,光州广域市东区文化殿堂路38
장수탕 선녀님,长寿浴仙子
서울 | 서울어린이대공원,首尔 | 首尔儿童大公园
서울특별시 광진구 능동로 216 (능동),首尔特别市广津区陵洞路216（陵洞）
서귀포예술의전당 & 제주특별자치도립 서귀포예술단 공동기획 공연 <아름다운 동행>,西归浦艺术中心 & 济州特别自治道西归浦艺术团联合策划演出《美丽旅程》
제주 | 서귀포예술의전당 대극장,济州岛 | 西归浦艺术中心大剧院
뮤지컬 <비스티>,音乐剧《野兽男孩》
서울 | 링크아트센터 벅스홀,首尔 | Link 艺术中心 Bugs Hall
서울특별시 종로구 대학로14길 29 링크아트센터,Link Art Center，首尔市钟路区大学路14街29号
헨젤과 그레텔,汉塞尔与格蕾特
오! 나의 귀신님,哦！我的鬼魂
3·1만세운동 기념 전시 《결연한 기록들》,三月一日独立运动纪念展“坚定的记录”
광주 | 이강하 미술관,光州 |李康夏美术馆
광주광역시 남구 3.1만세운동길 6,光州广域市南区万仙洞路 3.1 6
마피아게임,黑手党游戏
서울 | 아라아트홀,首尔 | 阿拉艺术馆
연극 <나의 아저씨>,话剧《我的先生》
인천 | 인천서구문화회관 대공연장,仁川 | 仁川西区文化中心大演出厅
인천광역시 서구 서달로 190,仁川市西区西达路190号
굿바이,再见
서울 | 업스테이지 UP Stage,首尔 | UP舞台
경기도 용인시 수지구 광교중앙로 338,京畿道龙仁市水池区光教中央路338
"제2회 심야연극제 ＃08, 완벽한 타인",第二届深夜戏剧节#08，《完美陌生人》
창작단막극축제: 뿔난이들,创意独幕剧节：《愤怒的人》
드림시어터 소극장,梦剧院小剧院
서울 종로구 창경궁로35길 21,首尔特别市钟路区昌庆宫路35街21
나의 바람 - 고영열 사진전,我的愿望——高英烈摄影展
서울 | 디크레센도,首尔 | 渐弱
서울특별시 양천구 곰달래로14길 16-2 (신월동),首尔特别市阳川区贡达莱路14街16-2（新月洞）
문신연대기 Moon Shin Chronology,文信年表
경남 | 창원시립마산문신미술관,庆南 |昌原市马山文信美术馆
경상남도 창원시 마산합포구 문신길 147,庆尚南道昌原市马山八浦区文信路147
"《The Origin》석고 원형, 최초의 형태",起源：石膏原型，原始形态
아기오리의 꿈,小鸭子的梦
서울 | 상상나라극장,首尔 | 尚尚那罗剧场
브리즈앙상블과 엘로퀸텟의 모차르트 시리즈,微风乐团和埃洛五重奏的莫扎特系列
경기 | 부천아트센터 소공연장,京畿道 | 富川艺术中心小剧场
스페니쉬 브라스: 러 메탈스,西班牙黄铜：原材料
피터 야블론스키 & 김정원 피아노 듀오 리사이틀,彼得·雅布隆斯基与金正元钢琴二重奏音乐会
충북 | 청주아트홀 구. 청주시민회관,忠清北道 | 清州艺术馆（原清州市民中心）
충청북도 청주시 서원구 예체로 118-1 (사직동),忠清北道清州市书院区礼车路118-1（社稷洞）
호랑이의 노래 - 겨울 호랑이가 봄의 나비에게,老虎之歌——冬虎致春蝶
서울 | 국립어린이청소년도서관,首尔 | 国立儿童青少年图书馆
서울특별시 강남구 테헤란로7길 21,首尔市江南区德黑兰路7街21
"김예지 플루트 독주회, RAVISSANT: 매혹적인",金艺智长笛演奏会，RAVISSANT：迷人
"[프로그램]

Romance in D-flat Major, Op. 37 for Flute and Piano / C. Saint-Saëns
플루트와 피아노를 위한 로망스 D♭장조, 작품 37 / 생상스

Introduction et Rondo Capriccioso in A minor, Op. 28  / C. Saint-Saëns
(originally for violin and orchestra; arranged for flute and piano) 
서주와 론도 카프리치오소 a단조, 작품 28 (플루트와 피아노를 위한 곡으로 편곡)  / 생상스
Ⅰ. Introduction
Ⅱ. Rondo Capriccioso

Odelette in D Major, Op. 162 for Flute and Piano / C. Saint-Saëns
플루트와 피아노를 위한 오드레트 D장조, 작품 162  / 생상스

Intermission

Tarantella in A minor, Op. 6 for flute, clarinet, and piano  / C. Saint-Saëns
플루트, 클라리넷, 피아노를 위한 타란텔라 a단조, 작품 6  / 생상스
Clarinet_ 박성우

Petite Suite for two Flutes and Piano / C. Debussy (1862–1918) 
두 대의 플루트와 피아노를 위한 작은 모음곡 / 드뷔시
Ⅰ. En bateau
Ⅱ. Cortège 
Ⅲ. Menuet 
Ⅳ. Ballet
Flute_ 박하민","[节目单]

降D大调浪漫曲，作品37，长笛与钢琴 / C. 圣桑

降D大调浪漫曲，作品37，长笛与钢琴 / 圣桑

A小调引子与随想回旋曲，作品28 / C. 圣桑

（原为小提琴与管弦乐队而作；改编为长笛与钢琴）

A小调引子与随想回旋曲，作品28（改编为长笛与钢琴）/ 圣桑

Ⅰ. 引子

Ⅱ. 随想回旋曲

D大调小咏叹调，作品162，长笛与钢琴 / C. 圣桑

D大调小咏叹调，作品162，长笛与钢琴 / 圣桑

中场休息

A小调塔兰泰拉舞曲，作品圣桑：长笛、单簧管与钢琴六重奏

圣桑：A小调塔兰泰拉舞曲，作品6号（长笛、单簧管与钢琴）

单簧管：朴成宇

德彪西：双长笛与钢琴小组曲（1862-1918）

德彪西：双长笛与钢琴小组曲

Ⅰ. 乘船

Ⅱ. 行进曲

Ⅲ. 小步舞曲

Ⅳ. 芭蕾

长笛：朴夏敏"
아가페컬처광주 창립기념음악회,Agape Culture 光州创会周年纪念音乐会
연극 오펀스,话剧《孤儿》
서울 | 티오엠씨어터(구. 문화공간필링) 1관,首尔 | TOM剧场（原文化空间Feeling）1号厅
서울특별시 종로구 대학로8가길 85,首尔特别市钟路区大学路8街85
더 테일 에이프릴 풀스,尾巴愚人节
서울 | 예스24 스테이지(구. DCF대명문화공장) 2관,首尔 | Yes24 舞台（原 DCF 大明文化工厂）2 号厅
서울특별시 종로구 대학로12길 21,首尔特别市钟路区大学路12街21
뮤지컬 펑크,音乐朋克
서울 | 대학로 자유극장 자유문화발전소,首尔 |大学路自由剧场自由文化发展中心
서울특별시 종로구 대학로12길 31 (동숭동),首尔特别市钟路区大学路12街31（东崇洞）
"스페니쉬 브라스, 러 메탈스 초청 연주회",西班牙铜管乐团、俄罗斯金属乐团邀请音乐会
강원 | 동해문화예술회관 대공연장,江原道 | 东海文化艺术中心主演出厅
강원특별자치도 동해시 평원로 15,江原道东海市坪原路15
연극 <술 취한 사람들>,话剧《醉汉》
이재리 첼로 리사이틀,李在利大提琴独奏音乐会
서울 강남구 강남대로 652,首尔市江南区江南大路652号
"[PROGRAM]

R. Schumann - Fantasiestucke, Op. 73
슈만 - 환상소곡집 Op.73
I. Zart und mit Ausdruck 부드럽고 표현을 살려
II. Lebhaft, Leicht 활기차고 가볍게
III. Rasch und mit Feuer 빠르고 불타는 듯이

S. Prokofiev - Sonata for Cello and Piano in C major, Op. 119
프로코피예프 - 첼로 소나타 C장조, Op.119
I. Andante grave
II. Moderato
III. Allegro, ma non troppo

INTERMISSION

F. Chopin - Sonata for Cello and Piano in G minor, Op. 65
쇼팽 - 첼로 소나타 G단조, Op.65
I. Allegro moderato
II. Scherzo
III. Largo
IV. Finale. Allegro

*프로그램은 사전고지 없이 변경될 수 있습니다.","[程序]

R. 舒曼 - Fantasiestucke，作品。 73

舒曼 - Fantasiesucke Op. 73

I. Zart und mit Ausdruck（柔和而富有表现力）

二. Lebhaft, Leicht（活泼而轻松）

三． Rash und mit Feuer（快速而燃烧）

S. 普罗科菲耶夫 - C 大调大提琴和钢琴奏鸣曲，作品。 119

普罗科菲耶夫 - C大调大提琴奏鸣曲，作品。 119

I.行板坟墓

二.中度

三．快板，ma non troppo

中场休息

F.肖邦 - G小调大提琴和钢琴奏鸣曲，作品。 65

肖邦 - G小调大提琴奏鸣曲，作品。 65

I. 中快板

二.谐谑曲

三．广板

第四乐章：终曲，快板

*节目单如有更改，恕不另行通知。"
이현지 바이올린 독주회,李贤智小提琴独奏音乐会
"오페라와 떠나는 인문여행, 오페라 토스카",与歌剧《托斯卡》的人文之旅
"[프로그램]

Giacomo Puccini (1858~1924)
Opera Tosca 오페라 토스카

Concert Guide 김성민
Piano 김경미

Recondita armonia 오묘한 조화
Tenor 이태흠

Mario, Mario!.. son qui! 마리오, 마리오!.. 여기 있소!
Soprano 김유진 Tenor 이태흠

Te Deum 테 데움
Baritone 안세범

Vissi d’arte, vissi d’amore 예술에 살고, 사랑에 살고
Soprano 김유진

Io tenni la promessa 나는 약속을 지켰소
Soprano 김유진 Baritone 안세범

E lucevan le stelle 별은 빛나건만
Tenor 이태흠

E non giungono 아직이군요
Soprano 김유진 Tenor 이태흠","【节目单】

贾科莫·普契尼（1858~1924）

歌剧《托斯卡》

音乐会导赏：金成民

钢琴：金京美

《奇妙的和谐》（Recondita armonia）

男高音：李泰勋

马里奥，马里奥！……是谁？ （我在这里！）

女高音：金裕珍
男高音：李泰谦

感恩颂赞

男中音：安世范

Vissi d’arte, vissi d’amore（我为艺术而活，我为爱而活）

女高音：金裕珍

Io tenni la promessa（我遵守了诺言）

女高音：金裕珍
男中音：安世范

E lucevan le stelle（星星闪闪发光）

男高音：李泰谦

E non giungono （但不是）

女高音：金裕珍
男高音：李泰谦"
김수철: 소리그림,金秀哲：声音绘画
서울 | 예술의전당 한가람디자인미술관,首尔 | 首尔艺术中心韩加兰设计博物馆
서울특별시 서초구 남부순환로 2406,首尔特别市瑞草区南部循环路2406号
제11회 용인시립합창단 정기연주회: 바로크 소리로 빚은 빛과 심연,第十一届龙仁市合唱团例行音乐会：巴洛克之声交织的光与深渊
용인포은아트홀,龙仁坡恩美术馆
경기도 용인시 수지구 포은대로 499 (죽전동),京畿道龙仁市水池区坡恩大路499（竹田洞）
창밖의 비창 Pathétique beyond the Pane : 김이안 피아노살롱,窗外的悲怆：Kim Ian 钢琴沙龙
서울 | 서울숲 스튜디오301 Studio301,首尔 | 首尔森林工作室301
서울특별시 성동구 서울숲길 36,首尔市城东区首尔璞街36号
제184회 춘천시립교향악단 정기연주회,春川市交响乐团第184届例行音乐会
춘천문화예술회관 공연장,春川文化艺术中心表演厅
강원특별자치도 춘천시 효자상길5번길 13,江原道春川市孝子尚路5街13
"[PROGRAM]
 ▷ 모차르트 - 오페라 '돈 조반니' 서곡

 ▷ 모차르트 - 피아노 협주곡 제20번 라단조, 작품번호 466

   - 협연 : 피아니스트 김다솔

 ▷ 모차르트 - 교향곡 제38번 라장조, 작품번호 504 '프라하'","【节目单】

▷ 莫扎特 - 歌剧《唐璜》序曲

▷ 莫扎特 - D小调第20钢琴协奏曲，作品466号

- 独奏：钢琴家金多率

▷ 莫扎特 - D大调第38交响曲，作品504号“布拉格”"
제주특별자치도립 서귀포합창단 제86회 정기연주회,济州特别自治道西归浦合唱团第86届例行音乐会
지휘자 백윤학의 Spring FESTA: 춤춰! 봄.,指挥家白允鹤的春季庆典：舞动吧！春天。
Younghwan Park Solo Exhibition 《Immaterial: What Remains》,朴永焕个展《非物质：遗留之物》
부산 | 맥화랑,釜山 | Mac Gallery
부산광역시 해운대구 달맞이길117번나길 162,釜山广域市海云台区迎月路117街162
"금호영아티스트콘서트, 이해온 바이올린 독주회",锦湖青年艺术家音乐会，李夏恩小提琴独奏音乐会
"[PROGRAM]
볼프강 아마데우스 모차르트 Wolfgang Amadeus Mozart
바이올린 소나타 제24번 F장조, K.376
Violin Sonata No.24 in F Major, K.376
Allegro
Andante
Rondo. Allegretto grazioso
 
모리스 라벨 Maurice Ravel
바이올린 소나타 제2번 G장조, M.77
Violin Sonata No.2 in G Major, M.77
Allegretto
Blues. Moderato
Perpetuum mobile. Allegro

I N T E R M I S S I O N

요하네스 브람스 Johannes Brahms
바이올린과 피아노를 위한 소나타 제1번 G장조, ‘비', Op.78
Sonata for Violin and Piano No.1 in G Major, “Regen”, Op.78
Vivace ma non troppo
Adagio
Allegro molto moderato 

외젠 이자이 Eugène Ysaÿe
바이올린과 피아노를 위한 카미유 생상스 왈츠 형식의 에튀드에 의한 카프리스, Op.52/6
Caprice d'après l'etude en forme de Valse de Camille Saint-Saëns for Violin and Piano, Op.52/6","[程序]

沃尔夫冈·阿玛多伊斯·莫扎特

F大调第24号小提琴奏鸣曲，K.376

快板

行板

回旋曲。优雅的快板

莫里斯·拉威尔

G大调第二小提琴奏鸣曲，M.77

快板

布鲁斯。中度

永久移动。快板

间歇期

约翰内斯·勃拉姆斯

G大调第一小提琴和钢琴奏鸣曲，“Regen”，作品。 78

生机勃勃

慢板

中庸的快板

尤金·伊萨伊

卡米尔·圣桑为小提琴和钢琴而作的圆舞曲随想曲，作品。 52/6"
"금호영재콘서트, 김주안 트럼펫 독주회",锦湖青年才艺音乐会，金珠安小号独奏会
"[PROGRAM]

헤르만 벨스테트 Herman Bellstedt
나폴리 민요에 의한 변주곡 (트럼펫과 피아노를 위한 편곡 도널드 훈스버거)
Variations on a Neapolitan Song (arranged for Trumpet and Piano by Donald Hunsberger)

알렉산더 아루투니안 Alexander Arutiunian
트럼펫 협주곡 A-flat장조 (트럼펫과 피아노 연주)
Trumpet Concerto in A-flat Major (performed on Trumpet and Piano)

오스카 뵈메 Oskar Böhme
코넷과 피아노를 위한 발레 장면, Op.31
Ballet Scene for Cornet and Piano, Op.31

INTERMISSION

블라디미르 페스킨 Vladimir Peskin
트럼펫 협주곡 제2번 b-flat단조 (트럼펫과 피아노 연주)
Trumpet Concerto No.2 in b-flat minor (performed on Trumpet and Piano)

테오 샤를리에 Théo Charlier
트럼펫과 피아노를 위한 솔로 드 콩쿠르
Solo de Concours for Trumpet and Piano

외젠 보자 Eugène Bozza
트럼펫과 피아노를 위한 카프리스, Op.47
Caprice for Trumpet and Piano, Op.47","【节目单】

赫尔曼·贝尔斯泰特

那不勒斯歌曲变奏曲（唐纳德·亨斯伯格改编为小号与钢琴）

亚历山大·阿鲁秋尼安

降A大调小号协奏曲（小号与钢琴演奏）

奥斯卡·伯麦

短号与钢琴芭蕾舞场景，作品31号

中场休息

弗拉基米尔·佩斯金

降b小调第二小号协奏曲（小号与钢琴演奏）

泰奥·夏利耶

小号与钢琴独奏曲

欧仁·博扎

小号与钢琴随想曲，作品47号"
"DSAC 아트 셀렉션, 긴긴밤",DSAC艺术精选，《漫漫长夜》
달서아트센터 구. 웃는얼굴아트센터) (청룡홀,达尔西艺术中心（原微笑艺术中心）（清龙厅）
대구 달서구 문화회관길 160,大邱广域市达西区文化会馆路 160
"[공연소개]
2023 국립정동극장 ‘세실 창작ing’ 선정‧개발 / 2024 ‘서울아트마켓' 팸스초이스 선정작.

판매 누적 70만부 베스트셀러, 제21회 문학동네어린이문학상 대상에 빛나는 
루리 작가의 동화 「긴긴밤」이 판소리로 재탄생한다! 

가벼운 서사 속에 짙은 메시지를 담아낸 
이 작품은 감각적인 음악과 리듬의 전개를 통해 판소리와 연극이 결합된 새로운 형식의 무대를 선보인다. 
소리꾼과 배우가 교차되며 이끌어가는 이야기에 더해지는 고수의 음악은 
더욱 다채로운 색깔로 작품의 이면을 그려낸다.​","【演出介绍】

由国立正东剧场2023年“Cecil创意计划”甄选开发 / 入选2024年“首尔艺术市场”PAMS精选作品。

畅销书作家琉璃的童话故事《漫漫长夜》——累计销量达70万册，荣获第21届文鹤洞内儿童文学奖大奖——以盘索里的形式重生！

这部作品以轻松的叙事手法蕴含深刻的寓意，通过对感官音乐和节奏的探索，呈现了一种融合盘索里和戏剧的全新舞台形式。

大师级鼓手的音乐，与歌手和演员交替演绎的故事相得益彰，为作品中蕴藏的丰富内涵增添了更加绚丽的色彩。"
왕자와 거지,王子与乞丐
경북 | 롯데마트 구미점 3층 어린이소극장,庆尚北道 | 乐天玛特龟尾店三楼儿童剧场
경상북도 구미시 구미대로22길 11,庆尚北道龟尾市龟尾大路22街11
DCH앙상블페스티벌: 더 케이윈즈,DCH 乐团音乐节：K-Winds 乐团
"해설이 있는 발레, 백조의 호수",芭蕾舞剧《天鹅湖》及解说
뮤지컬 <여명의 눈동자>,音乐剧《黎明之眼》
서울 | Converse Stage Arena 여명,首尔 | Converse Stage Arena Yeomyeong
서울특별시 동작구 현충로 213 (동작동),首尔特别市铜雀区贤忠路213（铜雀洞）
"부천시립합창단 기획연주회, YOU사연Ⅰ",富川市合唱团特别音乐会，《你的故事》
"[PROGRAM]
[봄을 노래함]
- 무언으로 오는 봄 / 조혜영
- 봄이 오면 / 안효영
- 오메 살것네 / 국현

[꽃을 노래함]
- 모란이 피기까지는 / 우효원
- 도라지꽃 / 박지훈
- 꽃구름 속에 / 조성은
- 꽃 파는 아가씨 / 우효원 편곡 

[사연과 함께 (신청곡)]

* 본 프로그램은 주최 측 사정에 의해 변경될 수 있습니다.","【节目单】

【春之歌】

- 悄然来临的春天 / 赵慧英

- 春天来临之时 / 安孝英

- 哦，我会活下去 / 国铉

【花之歌】

- 直到牡丹盛开 / 禹孝媛

- 桔梗花 / 朴志训

- 花云之中 / 赵成恩

- 花之少女 / 禹孝媛编曲

【故事分享（点歌环节）】

* 本节目单可能因主办方实际情况有所调整。"
《Images do think》,图片确实会思考
서울 | 슈페리어 갤러리,首尔 | 高级画廊
서울특별시 강남구 테헤란로 528,首尔特别市江南区德黑兰路 528
제작공연 시리즈 명작 1. 신춘음악회: 가곡과 아리아의 밤,制作演出系列杰作 1. 春季音乐会：艺术歌曲与咏叹调之夜
경기 | 평택남부문화예술회관,京畿道 | 平泽南部文化艺术中心
경기도 평택시 중앙로 277,京畿道平泽市中央路277
웁스: Oops,糟糕
부산 | 어댑터플레이스,釜山 | 适配器店
부산광역시 수영구 광안해변로 193,釜山广域市水营区广安海滨路193
구자범의 안산 사운드뮤직아카데미 <사월 다시피다>,具子范的安山音乐学院 <四月再次绽放>
경기 | 안산문화예술의전당 해돋이극장,京畿道 | 安山文化艺术中心海道地剧场
2026 브런치 콘서트 3월 <빛을 담다 : 램브란트부터 모네까지>,2026年3月早午餐音乐会《捕捉光影：从伦勃朗到莫奈》
경기 | 용인시평생학습관 큰어울마당,京畿道 | 龙仁市终身学习中心大聚会
경기도 용인시 수지구 문정로7번길 15,京畿道龙仁市水池区文井路7街15
대동여지도를 펼치다,展开大同艺地道
서울 | 국립중앙박물관,首尔 | 韩国国立中央博物馆
서울특별시 용산구 서빙고로 137,首尔特别市龙山区西冰库路 137
효자호랑이,孝虎
충남 | 아산 코미디홀 도고아트홀 구.아산 코미디홀,忠清南道 |牙山喜剧馆狗狗艺术馆（原牙山喜剧馆）
흥부놀부,兴布和诺布
경기 | NC소극장,京畿道 | NC小剧场
경기도 안산시 단원구 광덕대로 194 (고잔동),京畿道安山市檀园区广德大路194（古栈洞）
THE WASP,黄蜂
세종문화회관 세종S씨어터,世宗文化会馆 世宗S剧场
"유선태 초대전 'My Garden, My Artelier'",刘善泰个展“我的花园，我的工作室”
서울 | 갤러리 가이아,首尔 | 盖亚画廊
서울특별시 강남구 선릉로162길 43,首尔市江南区雪陵路162街43号
연극 <그때도 오늘2: 꽃신>,播放《即使到了今天2：花鞋》
세종 | 세종예술의전당,世宗 | 世宗艺术中心
세종특별자치시 국립박물관로 21(나성동),世宗特别自治市国国文化化门路21号（罗城洞）
오민정 오보에 독주회,吴敏贞双簧管独奏会
연극 <벙커 트릴로지 THE BUNKER TRILOGY>,戏剧《地堡三部曲》
전복된 해부학적 풍경 ＜X＞- 2025 창작산실 올해의신작 무용,颠覆的解剖景观 <X> - 2025 创意工作坊年度新作舞蹈
서울 | 아르코예술극장 대극장,首尔 | Arko Arts Theater Grand Theater
서울특별시 종로구 대학로8길 7,首尔特别市钟路区大学路8街7
연희판판,延熙盘盘
국립국악원 연희마당,国立国乐院延熙马当
우상임 아코디언 에세이: 붉은 풍금소리,禹相林手风琴随笔：红色风琴的声音
애월뮤직팩토리,Aewol音乐工厂
제주특별자치도 제주시 애월읍 엄수로 63,济州特别自治道济州市爱月邑燕水路63号
제35회 대한민국 신춘문예 페스티벌,第35届韩国新春文学节
서울 | 아르코예술극장 소극장,首尔 | Arko Arts Theater 小剧场
"제40회 한국무용제전: The Path, 몸의 궤적",第40届韩国舞蹈节：道路，身体的轨迹
아르코예술극장 대극장,阿科艺术剧院大剧院
서울 종로구 대학로8길 7,首尔特别市钟路区大学路8街7
"[공연소개]

[사전행사 1] 

제32회 국내학술대회 <한국무용제전 40년의 기록과 미래를 위한 담론>

한국무용제전 40주년의 사전행사로서 국내학술대회 <한국무용제전 40년의 기록과 미래를 위한 담론>이 사전행사로 개최됩니다. (사)한국춤협회의 산하기관인 한국무용연구학회와 함께 개최하는 이번 학술대회에서는지난 40년간 한국무용제전이 축적해온 한국창작춤의 흐름과 성과를 학술적으로 조망하고, 그 예술적 가치와 시대적 의미를 재해석하며 앞으로의 방향과 담론을 모색하는 연구 발표가 이루어집니다. 한국창작춤과 학술이 만나는 담론의 장을 4월 3일(금) 오후 1시, 예술가의집 다목적홀에서 만나볼 수 있습니다.

[사전행사 2] <매력시리즈 - 서울의 거리 Dance Film>

매력의 도시 서울을 한국춤으로 담아낸다. 과거와 현재, 그리고 미래가 공존하며 세계적으로 그 아름다움을 인정받고 있는 서울의 거리와 공간을 한국무용수들이 찾아가 춤으로 표현한다. 한국무용제전의 사전행사로 주목받고 있는 ‘매력시리즈 - 서울의 거리 Dance Film’은 지금까지 을지로, 서순라길, 청계천, 종묘사잇길, 광화문태평로, 성균관로, 서촌길, 열린송현녹지광장, 서울역, 해방촌, 노원공릉숲길 등 서울의 다양한 장소에서 한국춤의 매력을 새롭게 그려내며 도시와 춤이 만나는 장면들을 기록해 왔다.

이번 댄스필름은 지난 2025 제39회 한국무용제전의 소극장부문 심사위원특별상 수상자인 박철순이 고덕수변생태공원을, 소극장부문에서 인상깊은 작품을 선보인 양지수가 서대문형무소를 춤으로 걸으며 40주년을 맞이한 한국무용제전을 더욱 특별하게 빛내줄 예정입니다. 또한 높은 조회수를 기록한 작품에는 베스트 Click상을 수여하여 안무자들의 창작 활동에 대한 노고를 치하하고 작품의 대중적 확산과 향후 창작 활동에 의미 있는 성과로 이어질 수 있도록 할 예정입니다. 4월 6일(월) 양지수, 7일(화) 박철순의 영상이 ‘한국춤협회’ 유튜브 채널을 통해 오후 7시 30분에 공개되며, 언제 어디서나 장소에 구애받지 않고 서울의 거리를 춤으로 만날 수 있습니다.

[부대행사] 40주년 기념 아카이빙 전시 <한국무용제전 40년, 그 시간의 기록> 

한국무용제전 40주년을 기념하여 부대행사 아카이빙 전시 <한국무용제전 40년, 그 시간의 기록>이 진행됩니다. 이번 전시는 제1회 한국무용제전부터 제40회에 이르기까지 축적된 공연 자료를 아카이빙하여 그 변화의 흐름과 기록을 공유하고, 한국창작춤의 계보와 담론을 체계적으로 살펴볼 수 있도록 기획되었습니다. 한국무용제전이 걸어온 40년의 시간 속에서 한국창작춤이 어떻게 변화하고 확장되어 왔는지를 다양한 기록 자료를 통해 만나볼 수 있습니다.

아르코예술극장 대극장 로비에서 진행되는 이번 아카이빙 전시는 한국무용제전 40년의 순간들을 사진과 영상으로 담아내어 한국창작춤의 역사와 흐름을 관객들과 함께 나누고자 합니다. <한국무용제전 40년, 그 시간의 기록> 전시는 4월 8일(수)부터 4월 19일(일)까지 아르코예술극장 대극장 로비에서 무료로 관람할 수 있습니다.

[개막초청공연 1] 40주년 기념 프로젝트팀 <춤, 그 신명>
[개막초청공연 2] 윤덕경 <밤의 소리>
[개막초청공연 3] (사)무용단 Altimeets 전수현 <공명과 신비>

[아르코예술극장 대극장 A-1] (사)무용단 Altimeets 박지수 <불휘 (THE ROOT)>
[아르코예술극장 대극장 A-2] Dance company 좋은 생각들 조한진 <어제, 오늘, 내일>
[아르코예술극장 대극장 B-1] 판댄스컴퍼니 장민혜 <파편>
[아르코예술극장 대극장 B-2] 임학선댄스위 조인호 <숨의 항로>
[아르코예술극장 대극장 C-1] Murmur Project 김성 <구부러진 사람들>
[아르코예술극장 대극장 C-2] 후댄스컴퍼니 유선후 <찬란한(radiant)>
[아르코예술극장 대극장 D-1] 강지혜댄스컴퍼니 강지혜 <소멸의 시간>
[아르코예술극장 대극장 D-2] 창무회 고경혜 <눈물 그릇(On the trail of traces)>
*공연순서와 무관

[폐막초청공연 1] 강미리할무용단 - 염(念)
[폐막초청공연 2] Dance us project 김현선 - 이방인들
[시상식] 2026 제40회 한국무용제전 시상식

<2026 제40회 한국무용제전 - The Path, 몸의 궤적> 에서 발표된 총 20개의 작품 중 대극장 부문에서 최우수, 우수작품상과 일반관객특별상, Best Dance 춤연기상이, 소극장 부문에서 최우수, 우수안무상, 심사위원특별상이 선정된다. 특히 올해는 좋은 안무와 작품을 보여준 안무자들을 위하여 대극장 부문에 선정된 8인을 “올해의 춤작가” 선정증서 수여와 함께 훌륭한 무용수들의 노고도 치하할 수 있게 되었다. 


[시놉시스]

[개막초청공연] 한국춤협회 명예이사장의 무대를 시작으로 이사진이 함께하는 뜻깊은 프로젝트와 한국창작춤의 현재를 보여주는 작품까지 이어지는 개막초청공연

한국무용제전의 개막초청공연은 한국무용제전을 위해 마음을 모은 많은 예술가들의 훌륭한 작품으로 꾸며집니다. 먼저 10여년 간 이사장으로서 한국춤협회를 이끌었던 명예이사장 윤덕경의 <밤의 소리>가 펼쳐집니다. <밤의 소리>는 안중식의 동양화 '성재수간도(聲在樹間圖)‘에서 영감을 받아 황병기선생께서 작곡한 곡을 ‘1990 현대춤작가전’에서 초연한 독무 작품입니다. 고요 속에서 증폭되는 울림, 그 밀도 높은 순간을 표현하는 작품입니다.

올해의 한국무용제전을 빛내는 특별 무대! 한국무용제전 40주년 프로젝트팀의 <춤, 그 신명>이 펼쳐집니다. 남녀노소 누구나 즐길 수 있는 작품인 <춤, 그 신명>은 1982년 초연되어, 관객이나 춤꾼이 합일을 통해 생성되는 또 다른 층위의 완성을 꾀하는 작품입니다. 작품 속의 춤꾼과 연주자, 그리고 관객들과의 소통으로 상생구조가 형성되며 사물연주와 현대음악의 접목, 연희성을 연극적 요소와 전통 복식의 현대적 착용으로 시각적인 미장센 연출로 작품을 극대화한 작품입니다. 이번 <춤, 그 신명> 무대는 한국춤협회의 이사진인 임현선, 이애현, 김용철 등 10명의 춤예술가들이 이번 한국무용제전을 위해 마음을 모았습니다. 한국무용제전 40주년을 맞아 한국춤협회 예술가들이 함께 만들어내는 또 하나의 ‘신명’의 무대가 펼쳐질 예정입니다. 

마지막으로 2025 제39회 한국무용제전 대극장부문 최우수작품상의 영예를 안은 (사)무용단 Altimeets 전수현의 작품 <공명과 신비>가 공연됩니다. 전수현 안무자의 <공명과 신비>는 우리의 말과 음악, 예술의 시간을 넘은 공명과 재탄생을 이야기하는 작품입니다. 땅을 울리는 듯한 군무의 에너지, 한국 예술의 해체와 재조합을 통한 울림을 선사합니다.  세 작품을 통해 한국춤의 역사와 현재, 그리고 새로운 울림을 만날 수 있는 이번 한국무용제전 개막초청공연은 관객 여러분께 깊이 있는 춤의 감동을 전할 것입니다.

[본공연] 2026 제40회 한국무용제전 <The Path, 몸의 궤적> 스무 명의 안무자가 선보이는 신작무대!

한국무용제전의 본공연은 〈The Path, 몸의 궤적〉을 주제로 한 작품들의 경연 무대로 펼쳐집니다. 대극장부문은 아르코예술극장 대극장에서 여덟 명의 안무자가 선보이는 신작으로 구성되며, 소극장부문은 동덕여자대학교 공연예술센터 코튼홀에서 열두 명의 안무가가 실험적이고 개성 있는 신작을 선보입니다. 경연 형식으로 진행되는 한국무용제전은 최우수 및 우수작품 선정을 통해 한국무용계의 차세대 안무가를 발굴하고, 한국창작춤의 대표 레퍼토리를 확장하며 새로운 예술적 시도를 이끄는 무용예술축제로 자리하고 있습니다.

[폐막초청공연 및 시상식] 한국창작춤의 부흥과 함께 한 작품, 그리고 새로운 감각의 수상작을 만나볼 수 있는 폐막초청공연

1980년대부터 지금까지 창작작업을 이어오며 부산 지역의 한국창작춤의 부흥을 이끌어 온  강미리할무용단의 <염(念)>을 폐막초청공연에서 만나실 수 있습니다. 작품 <염(念)>은 승무를 깊이 있게 해석해 낸 작품으로, ‘한국 전통춤의 한계에 대한 실험이자 넘쳐남에 대한 또 다른 실험이며 반드시 해야 할 필연적인 작업이다’라는 평을 들은 바 있습니다. 전통춤의 변용과 해체를 넘나들며 한국창작춤의 정체성과 입지를 단단하게 한 <염(念)>은 이번 폐막초청공연의 무대를 더욱 빛내줄 예정입니다.

뒤이어 2025년 제39회 한국무용제전 대극장부문 우수작품상 수상작인 Dance us project 김현선의 <이방인들>이 공연된다. 어떤 곳에 섞이지 못하는 이를 이방인으로 표현하며 누구나 이방인이 될 수 있기에 그 차이를 인정하고 공존해야 한다는 메세지를 담고 있습니다.

마지막으로 진행되는 시상식에서는 2026 제40회 한국무용제전 <The Path, 몸의 궤적>을 빛내준 수상작품들을 발표합니다. 총 20개의 작품 중 대극장 부문에서 최우수, 우수작품상과 관객특별상, 그리고 Best Dance 춤연기상이, 소극장 부문에서 최우수, 우수안무상, 심사위원특별상이 선정됩니다. 더불어 대극장부문에 선정된 8인의 안무가들에게 수여되는 ‘올해의 춤작가’ 선정증서와 사전행사 서울의거리 Dance film의 인기상이라고 할 수 있는 베스트 Click상까지 수여될 예정이니 많은 관심 부탁드립니다.

한국창작춤이 쌓아온 마흔 겹의 시간, 그리고 그 위로 겹쳐질 새로운 몸짓이 펼쳐지는 이번 2026 제40회 한국무용제전 <The Path, 몸의 궤적>을 함께 해주십시오.","【演出介绍】

【前期活动 1】

第32届韩国舞蹈节国内学术研讨会《韩国舞蹈节40周年回顾与未来展望》

为庆祝韩国舞蹈节40周年，特举办韩国舞蹈节国内学术研讨会《韩国舞蹈节40周年回顾与未来展望》。本次研讨会由韩国舞蹈协会下属的韩国舞蹈研究学会联合主办，将以学术研究报告的形式，回顾韩国舞蹈节40年来积累的韩国创意舞蹈发展趋势和成就，重新诠释其艺术价值和时代意义，并探讨未来的发展方向和讨论议题。欢迎您于4月3日（星期五）下午1点莅临艺术家之家多功能厅，体验这场韩国创意舞蹈与学术交流的盛会。

【预热活动 2】<魅力系列 - 首尔街头舞蹈电影>

通过韩国舞蹈捕捉首尔的魅力。韩国舞者们走访首尔的街头巷尾，感受这座城市过去、现在和未来交融的独特魅力，并用舞蹈将其展现于世人面前。作为韩国舞蹈节的预热活动，“魅力系列 - 首尔街头舞蹈电影”已在首尔的多个地点拍摄完成，包括乙支路、西顺罗路、清溪川、宗庙街、光化门太平路、成均馆路、西村路、烈林松岘绿地广场、首尔站、解防村和芦原拱陵森林步道，记录了城市与舞蹈交汇的精彩瞬间，以全新的视角诠释了韩国舞蹈的魅力。

这部舞蹈影片将为韩国舞蹈节40周年庆典增添更多精彩。影片中，曾荣获2025年第39届韩国舞蹈节小剧场单元特别评审团奖的朴哲顺将在高德滨水生态公园进行表演，而曾在小剧场单元呈现令人印象深刻的作品的杨智秀则以舞蹈的形式穿梭于西大门监狱。此外，为了表彰编舞家们在创作活动中的辛勤付出，促进作品的传播，并确保未来创作活动取得更佳成果，影片还将颁发“最佳点击奖”，奖励点击量最高的作品。杨智秀和朴哲顺的影片将于4月6日（周一）和4月7日（周二）晚上7:30在“韩国舞蹈协会”YouTube频道发布，让您随时随地，不受地域限制，通过舞蹈感受首尔的街头风情。

【特别活动】40周年纪念展《韩国舞蹈节40年：时光记录》

为纪念韩国舞蹈节40周年，特别活动将举办纪念展《韩国舞蹈节40年：时光记录》。本次展览旨在整理韩国舞蹈节首届至第40届的演出资料，展现其发展历程，系统梳理韩国创意舞蹈的传承与发展脉络。通过丰富的历史资料，观众可以了解韩国创意舞蹈在韩国舞蹈节40年的发展历程中是如何演变和发展的。

本次纪念展将在阿科艺术剧院大厅举行，通过照片和视频，捕捉舞蹈节40年来的精彩瞬间，旨在与观众分享韩国创意舞蹈的历史与发展脉络。展览“韩国舞蹈节四十年：那段时光的记录”将于4月8日（周三）至4月19日（周日）在阿科艺术剧院大厅免费展出。

【开幕邀请演出 1】40周年纪念企划组 <舞，那份振奋>

【开幕邀请演出 2】尹德京 <夜之声>

【开幕邀请演出 3】Altimeets舞蹈团 全秀贤 <共鸣与神秘>

【Arko艺术剧场主厅A-1】Altimeets舞蹈团 朴智秀 <根（Bulhwi）>

【Arko艺术剧场主厅A-2】Good Thoughts舞蹈团 赵汉镇 <昨日，今日，明日>

【Arko艺术剧场主厅B-1】Pan舞蹈团 张敏惠 <碎片>

【Arko艺术剧场主厅B-2】林学善舞蹈团 赵仁浩 <呼吸之旅>

【Arko艺术剧场主厅C-1】Murmur Project 金成 <弯曲>人物>

[Arko艺术剧院主厅C-2] 胡氏舞蹈团 柳善厚 <光辉>

[Arko艺术剧院大厅D-1] 姜智惠舞蹈团 姜智惠 <灭绝之时>

[Arko艺术剧院大厅D-2] 昌武会 高京惠 <追寻痕迹>

*与演出顺序无关

[闭幕邀请演出1] 姜美利 荷氏舞蹈团 - 思想

[闭幕邀请演出2] Dance us project 金贤善 - 陌生人

[颁奖典礼] 2026 第40届韩国舞蹈节颁奖典礼

在《2026 第40届韩国舞蹈节 - 身体的路径与轨迹》中，共展出20部作品，将在大厅评选出最佳作品奖、优秀作品奖、观众特别奖和最佳舞蹈表演奖。最佳编舞奖、优秀编舞奖和评委特别奖将在小剧场类别中评选。尤其值得一提的是，今年我们将向大剧场类别中八位杰出的编舞家颁发“年度舞蹈艺术家”证书，以表彰他们创作的优秀编舞和作品，同时也将赞扬优秀舞者的辛勤付出。

[简介]

[开幕邀请演出] 开幕邀请演出由韩国舞蹈协会名誉会长率先登台，随后将呈现由协会理事会成员参与的精彩项目，以及展现韩国当代创意舞蹈风貌的作品。

韩国舞蹈节的开幕邀请演出汇集了众多艺术家为此次盛会倾注心血的优秀作品。首先登场的是由曾担任韩国舞蹈协会会长十余年的名誉会长尹德京创作的《夜之声》。 《夜之声》是一部独舞作品，首演于“1990当代舞蹈艺术家展”，由黄炳基作曲，灵感源自安正植的东方绘画《树中之声》。这部作品表达了寂静中回响的强烈而浓郁的瞬间。

今年韩国舞蹈节的特别舞台！由韩国舞蹈节40周年纪念企划组创作的《舞动，那份振奋》将在此呈现。这部老少咸宜的作品于1982年首演，力求通过观众与舞者的融合，达到一种全新的完美境界。作品中，舞者、音乐家和观众之间的交流互动，构建了一种共生共存的结构。这部作品通过视觉化的舞台调度，将四物戏与现代音乐相结合，把戏剧元素融入妍熙（韩国传统表演），并对传统服饰进行现代化改造，从而最大限度地发挥其影响力。为了呈现《舞蹈，那份振奋》这一舞台，包括韩国舞蹈协会理事林贤善、李爱贤和金勇哲在内的十位舞蹈艺术家，齐聚一堂，共同为今年的韩国舞蹈节打造了一场精彩的演出。为庆祝韩国舞蹈节四十周年，由韩国舞蹈协会艺术家们共同创作的另一场“振奋”演出即将上演。最后，由Altimeets舞蹈团的全秀贤创作的《共鸣与神秘》也将亮相，该作品曾荣获2025年第39届韩国舞蹈节大剧场单元大奖。编舞家全秀贤的《共鸣与神秘》讲述了语言、音乐和艺术中超越时间的共鸣与重生的故事。它展现了群舞震撼人心的能量，以及通过对韩国艺术的解构与重组而达到的共鸣。通过这三部作品，韩国舞蹈节的开幕邀请演出为观众提供了一个体验韩国舞蹈历史、现状和全新共鸣的机会，并将舞蹈的深刻情感传递给观众。

【主演出】2026 第40届韩国舞蹈节《道路，身体的轨迹》——二十位编舞家的全新作品汇聚一堂！

韩国舞蹈节的主演出将以“道路，身体的轨迹”为主题，展开一场作品竞赛。大剧场单元将在阿科艺术剧院大厅呈现八位编舞家的全新作品，而小剧场单元则将在东德女子大学表演艺术中心棉花厅呈现十二位编舞家的实验性、特色鲜明的新作。韩国舞蹈节以竞赛形式举办，旨在通过甄选优秀作品，发掘韩国舞蹈界的下一代编舞家，拓展韩国创意舞蹈的代表性剧目，并引领新的艺术探索。

【闭幕邀请演出及颁奖典礼】闭幕邀请演出将呈现伴随韩国创意舞蹈复兴而来的经典作品，以及充满新鲜感的获奖作品。

在闭幕邀请演出中，您将欣赏到姜美里·哈尔舞蹈团的《思想》（Yeom）。该舞团自上世纪80年代至今一直活跃于艺术舞台，引领着釜山地区韩国创意舞蹈的复兴。《思想》深刻诠释了“承武”这一主题，并被誉为“对韩国传统舞蹈边界的探索，对艺术的无限延伸，以及一项必然之举”。《思想》通过对传统舞蹈的改造与解构，巩固了韩国创意舞蹈的身份和地位，必将为本次闭幕邀请演出增添更多光彩。

随后，我们将欣赏到“舞动我们”（Dance us）项目金贤善（Kim Hyun-sun）的《陌生人》（Strangers）。该作品荣获2025年第39届韩国舞蹈节大剧场单元优秀奖。它描绘了那些无法融入群体、如同陌生人的人们，传达出这样一个信息：既然每个人都可能成为陌生人，我们就必须正视彼此的差异，并与之共存。最后，颁奖典礼将公布2026年第40届韩国舞蹈节“道路，身体的轨迹”的获奖作品。在总共20部作品中，大剧场组将评选出最佳制作奖、优秀制作奖、观众​​特别奖和最佳舞蹈表演奖；小剧场组将评选出最佳编舞奖、优秀编舞奖和评委会特别奖。此外，大剧场组的八位编舞家将获颁“年度舞蹈艺术家”称号，同时还将颁发“最佳点击奖”，该奖项可视为预热活动“首尔街头舞蹈电影”的人气奖。敬请期待。

诚邀您莅临2026年第40届韩国舞蹈节“道路，身体的轨迹”，共同见证韩国创意舞蹈积累的四十层时间沉淀，以及与之交织的全新舞步。"
정악단 기획공연이습회 1932,正阁乐团策划演出训练会 1932
서울 | 국립국악원 풍류사랑방,首尔 |国立国乐院风牛舍廊房
서울특별시 서초구 남부순환로 2364,首尔特别市瑞草区南部循环路 2364 号
창작악단 기획공연 <수작 II>,创意管弦乐团计划演出《杰作二》
서울 | 국립국악원 우면당,首尔 | 国立国乐中心牛眠堂
최진석＜Four pieces for Orchestra＞- 2025 창작산실 올해의신작 음악,崔镇锡《四首管弦乐曲》——2025年创意工作坊年度新作音乐奖
제일 가까운 장애인화장실이 어디죠?,最近的无障碍洗手间在哪里？
서울 | 대학로예술극장 대극장,首尔 | 大学路艺术剧场大厅
서울특별시 종로구 대학로10길 17,首尔特别市钟路区大学路10街17
극단Y ＜디사이딩 세트＞- 2025 창작산실 올해의신작 연극,Y剧团《Desiding Set》——2025年度创意工作坊最佳新剧
"가족뮤지컬 <태권, 날아올라>",家庭音乐剧<跆拳道，翱翔>
서울 | 국립중앙박물관 극장 용,首尔 | 韩国国立中央博物馆剧场
김치찌개 웨스턴 - 밥주걱과 45구경 권총의 결투,泡菜炖菜西部片——饭勺与.45口径手枪的决斗
극단 58번국도 ＜해녀 연심＞- 2025 창작산실 올해의신작 연극,国道58号剧团《海女演剧》——2025年创意工作坊年度新剧
샤마,沙玛
서울시향 & 얍 판 츠베덴의 차이콥스키 교향곡 5번,首尔爱乐乐团与梵志登的柴可夫斯基第五交响曲
"돔박아시, 고이래",Dombakasi，Goirae
서울 | 대학로예술극장 소극장,首尔 | 大学路艺术剧院小剧场
복도에서 만나,走廊见。
미씽(Missing) - 플라스틱가든,缺失 - 塑料花园
리브 어 라이브,活出精彩人生
박용휘 ＜봄을 안고 온 아이＞- 2025 창작산실 올해의신작 전통예술,朴容辉，《捧着春天而来的孩子》——2025创意工作坊年度新作传统艺术
판타와 지노의 공룡탐험전,芬达和吉诺的恐龙探险
경기 | 포천반월아트홀 전시장,京畿道 | 抱川半月美术馆展览馆
경기도 포천시 군내면 청성로 111,京畿道抱川市军内面清城路111号
2026년 툇마루무용단 정기공연 ＜Community＞,2026年托特玛鲁舞蹈团常规演出<社区>
"ASAC 클래식. 구자범의 <사월, 다시 피다>",ASAC经典专辑。具子范的《四月，再次绽放》
"2026 토요명품 3,4월",2026年星期六奢侈品三月、四月
"2026 다담 3,4월",2026年达达姆三月、四月
2026 토요국악동화 4월,2026年4月 星期六 韩国传统音乐 童话故事
2026 예술의전당 교향악축제,2026年首尔艺术中心交响乐节
서울 | 예술의전당 콘서트홀,首尔 | 首尔艺术中心音乐厅
2026 국립극장 <완창판소리> 4월,2026年国家剧院《万昌盘索里》四月
서울 | 국립극장 달오름극장,首尔 | 国立达洛瑞姆剧院
"2026 함께, 봄",2026年，共度春天
서울 | 국립극장 해오름극장,首尔 | 国立海凛剧院
백건우&슈베르트,白健宇与舒伯特
강원 | 춘천문화예술회관,江原道 | 春川文化艺术中心
강원도 춘천시 효자상길5번길 13 (효자동),江原道春川市孝子商路5街13（孝子洞）
보허자(步虛子): 허공을 걷는 자,博赫奥亚：行走于虚空之中的人
"마티네 콘서트Ⅰ: 김영하 작가의 여행의 이유, 그리고 음악",午间音乐会 I：作家金英夏的旅行理由及音乐
"[공연소개]

수요일 오전, 클래식 음악과 함께 하는 마티네 콘서트.
2026년 네 번의 만남을 기다리고 있습니다. 4월과 5월, 9월과 10월, 계절과 계절 사이에 만나 음악과의 이야기를 시작합니다.
이번 시리즈는 작가 김영하가 함께 합니다. 매월 새로운 이야기와 작가가 직접 선별한 음악 큐레이션을 선보입니다.

음악의 이유, 여행의 이유
소설가의 시선으로 걷고, 음악의 선율로 기억하는 유럽

우리는 왜 여행을 떠날까요?
베스트셀러 작가이자 우리 시대의 이야기꾼, 김영하가 2026년 마티네 시리즈의 호스트가 되어 관객 여러분을 유럽의 낭만적인 도시로 초대한다.
이번 시리즈는 작가가 직접 이탈리아, 독일, 프랑스, 스페인을 여행하며 마주했던 낯선 풍경과 사람, 그 속에서 길어 올린 인문학적 통찰을 클래식 음악과 엮어내는 고품격 렉처 콘서트이다.
여행지에서 느꼈던 찬란한 햇빛과 고독한 사색, 그리고 예술적 영감을 무대 위로 생생하게 불러온다.
오전의 여유로운 시간, 김영하 작가의 매력적인 입담과 현지 정취를 가득 담은 연주가 어우러진 은 반복되는 일상에 지친 당신에게 '여행의 이유'를 다시금 일깨워 줄 특별한 휴식이 될 것이다.

삶은 축제처럼, 오페라의 나라
따스한 4월, 이탈리아 사람들은 매일 무대 위의 주인공처럼 산다. 잘 먹고, 크게 웃고, 뜨겁게 사랑한다. 김영하 작가가 전하는 이탈리아인들의 유쾌히고 낙천적인 라이프스타일과 함께한다. 화려하고드라마틱한 오페라 아리아와 낭만적인 이탈리아 가곡을 감상하며, 봄의 활력을 채우는 가장 신나는 무대이다.","【音乐会介绍】

每周三上午的古典音乐午后音乐会。

我们期待在2026年举办四场音乐会。在四月和五月以及九月和十月这两个季节交替之际，我们将以音乐开启一段对话。

作家金英夏将加入本系列音乐会。每个月，他都会带来全新的故事，并亲自挑选一系列音乐作品。

音乐的意义，旅行的意义

透过小说家的视角，用音乐的旋律重温欧洲

我们为何旅行？

畅销书作家、当代故事讲述者金英夏将担任2026年午后系列音乐会的主持人，邀请观众一同领略欧洲浪漫之都的风情。

本系列音乐会是一场高质量的讲座音乐会，它将古典音乐与作者在意大利、德国、法国和西班牙旅行期间遇到的陌生风景和人物，以及他从中汲取的人文感悟巧妙地融合在一起。它将旅途中感受到的灿烂阳光、静谧沉思和艺术灵感生动地搬上了舞台。

在悠闲的清晨，《音乐剧》——融合了作家金英夏迷人的故事和充满地方风情的音乐——将成为一段特别的休憩时光，让那些厌倦了日复一日单调生活的人们重新燃起“旅行的意义”。

生活如节日，歌剧之乡

在温暖的四月，意大利人如同舞台上的主角般生活着。他们享受美食，开怀大笑，热情洋溢地爱着彼此。跟随作家金英夏的脚步，一同感受意大利人乐观积极的生活方式。在欣赏精彩绝伦的歌剧咏叹调和浪漫的意大利艺术歌曲的同时，感受春天的活力，这将是一场激动人心的视听盛宴。"
안애순 컴퍼니 <춤이 말하다: 문소리Ｘ리아킴>,安爱顺公司 <舞蹈之声：文素利 X Lia Kim>
서울 | 강동아트센터 소극장 드림,首尔 | 江东艺术中心小剧场之梦
서울특별시 강동구 동남로 870,首尔特别市江东区东南路 870
어린이 음악회 <신나락 만나락>,儿童音乐会<Sinnarak Mannarak>
빼꼼의 동화여행,皮科姆的童话之旅
경기 | 한국잡월드,京畿道 | 韩国就业世界
경기도 성남시 분당구 분당수서로 501,京畿道城南市盆唐区盆唐水西路 501
전북국제재즈페스타 시즌1,全北国际爵士音乐节第一季
전북 | 더바인홀,全北 | 藤蔓大厅
전북특별자치도 전주시 완산구 안행로 14,全北特别自治道全州市完山区安行路14
관현악시리즈Ⅲ <2025 상주작곡가: 손다혜·홍민웅>,管弦乐系列 III <2025 驻场作曲家：孙多惠 & 洪敏雄>
귀향(歸鄕),返校节
정오의 음악회(4월),午间音乐会（四月）
불란서 금고: 북벽에 오를 자 누구더냐,法国财政部：谁将攀登北墙？
서울 | 서경대학교 공연예술센터,首尔 | 西京大学表演艺术中心
서울특별시 종로구 동숭길 148,首尔特别市钟路区东城街 148
NT Live <햄릿>,NT Live <哈姆雷特>
NT Live <워렌 부인의 직업>,NT Live <华伦太太的工作>
절창Ⅵ,杰作 VI
연극 <노인의 꿈>,话剧《老人的梦》
춘천 | 춘천문화예술회관,春川 | 春川文化艺术中心
접근성 높은 연극 <해리엇>,无障碍游戏<哈里特>
아기 돼지 삼형제,三只小猪
광주광역시 광산구 장신로 98 (장덕동),光州广域市光山区长信路98(长德洞)
"[공연소개]
'극단레미'의 세계 명작 가족 뮤지컬
<아기 돼지 삼형제>","【演出介绍】

“雷米剧团”世界经典家庭音乐剧

《三只小猪》"
제주체_김석윤 건축전,济州字体_金锡允建筑展
제주 | 제주현대미술관,济州岛 | 济州现代美术馆
제주특별자치도 제주시 한경면 저지14길 35,济州特别自治道济州市翰庆面济地14街35号
제2회 신진예술인 풀충전 페스티벌,第二届新兴艺术家全面充电节
김흥수: 탐미(探美)의 일월(日月),金兴慜：唯美主义的太阳与月亮
매직컬 <피터팬>,神奇的《彼得·潘》
서울 | 한국방송회관 코바코홀 구. 브로드홀,首尔 | 韩国广播中心，KOBACO 大厅（原博德大厅）
서울특별시 양천구 목동동로 233 (목동) 한국방송회관,韩国广播中心，首尔市阳川区木洞洞路233号
10/10: 미술관 10년의 선택,10/10：博物馆十年精选
제주 | 제주도립김창열미술관,济州岛 | 济州道立美术馆 金昌烈
제주특별자치도 제주시 한림읍 용금로 883-5,济州特别自治道济州市翰林邑永金路883-5号
2026 소장품전《블랑 블랙 파노라마》,2026年藏品展“黑白全景”
경기 | 수원시립미술관,京畿道 | 水原美术馆
경기도 수원시 팔달구 정조로 833,京畿道水原市八达区正祖路833
2025 신소장품 보고전,2025年新藏品报告展览
대구 | 대구미술관,大邱 | 大邱美术馆
대구광역시 수성구 미술관로 40,大邱广域市寿城区美水馆路40
"BBC 심포니 오케스트라, 사카리 오라모 ＆ 손열음",BBC 交响乐团、Oramo Sakari 和 Yeol Eum Son
2025 공공수장고 야외 전시 프로젝트 《강주현: 연결의 비정형》,2025 公共仓储户外展览项目《姜柱贤：连接的不规则性》
2026 국립정동극장 예술단 <광대>,2026年国立正东剧团《小丑》
서울 | 국립정동극장,首尔 | 国立正东剧场
서울특별시 중구 정동길 43 (정동),首尔市中区贞洞路43号（贞洞）
《파편의 파편: 박치호·정광희》,碎片中的碎片：朴致浩和郑光熙
광주 | 국립아시아문화전당 문화창조원 복합 6관,光州 | 国家亚洲文化中心，创作中心，6号楼
"창작산실, 적토",创世摇篮，赤东
SLENDER SAINT Find Your Groove - EXPAND - I AM HERE,SLENDER SAINT 找到你的节奏 - 扩展 - 我在这里
서울 | 파브릭 서울 Fabrik Seoul,首尔 | Fabrik Seoul
서울특별시 중구 을지로14길 16-3,首尔特别市中区乙支路14街16-3
NEW 사랑과 전쟁,新爱与战争
서울 | 대학로 스타릿홀,首尔 | 大学路星光大厅
서울특별시 종로구 대학로8가길 111 (동숭동),首尔特别市钟路区大学路8街111（东崇洞）
연극 <키리에>,戏剧《Kyrie》
서울 | 국립정동극장 세실 구.세실극장,首尔 | 国立贞洞剧场 Cecil（原 Cecil 剧场）
서울특별시 중구 세종대로19길 16 (정동),首尔特别市中区世宗大路19街16（贞洞）
연극 빵야,Play Bangya
서울 | 두산아트센터 연강홀,首尔 | 斗山艺术中心灵江厅
서울특별시 종로구 종로33길 15,首尔特别市钟路区钟路33街15
윤성진: 2면 / 2시점 2 Faces / 2 Visions,尹成镇：两张面孔/两种愿景
서울 | 갤러리JJ,首尔 | Gallery JJ
서울특별시 강남구 압구정로30길 63,首尔特别市江南区狎鸥亭路30街63
유니버설발레단 발레 <돈키호테>,环球芭蕾舞团的芭蕾舞剧《唐吉诃德》
서울 | 강동아트센터 대극장 한강,首尔 |江东艺术中心汉江大剧院
군산시립교향악단 제166회 정기연주회 [프리뷰 콘서트],群山市交响乐团第166届常会【预演音乐会】
전북 | 군산예술의전당,全北 | 群山艺术中心
전라북도 군산시 백토로 203 (지곡동),全罗北道群山市白头路203（池谷洞）
심포니 오브 뮤지컬 <김문정의 쿡더뮤직>,音乐交响曲 <金文贞的烹饪音乐>
2026 스타인웨이 위너콘서트 인 코리아,2026年施坦威钢琴韩国大奖赛
백조의 호수,天鹅湖
서울 | 예술의전당 오페라극장,首尔 | 首尔艺术中心歌剧院
더블 빌 Bliss & Jakie,双人比尔·布利斯和杰基
서울 | 세종문화회관 세종M시어터,首尔 | 世宗文化会馆世宗M剧场
믹스드 오케스트라 26,混合管弦乐队 26
서울 | 세종문화회관 세종대극장,首尔 | 世宗文化会馆，世宗大剧场
빅마더,大母
나부코,纳布科
제19회 베니스비엔날레 국제건축전 한국관 귀국전 《두껍아 두껍아: 집의 시간》,第19届威尼斯建筑双年展韩国馆“小蟾蜍：房子的时代”展览
서울 | 아르코미술관,首尔 | 阿尔科美术馆
서울특별시 종로구 동숭길 3,首尔特别市钟路区东城街 3
나의 죽음을 애도하기,哀悼我的死亡
서울 | 티오엠씨어터(구. 문화공간필링) 2관,首尔 | TOM剧场（原文化空间Feeling）2号厅
안소니 맥콜: 원뿔을 그리는 선 2.0,安东尼·麦考尔：绘制圆锥体的线条 2.0
울산 | 울산시립미술관,蔚山 | 蔚山美术馆
울산광역시 중구 미술관길 72,蔚山广域市中区美水馆路72
롯콘 마티네: 대니 구의 플레이리스트,Lotcon Matinee：Danny Koo 的播放列表
2026 경북대미술관 소장품전: 80개의 시선,2026年庆北国立大学美术馆藏品展：80个视角
대구 | 경북대학교미술관,大邱 | 庆北国立大学美术馆
대구광역시 북구 대학로 80,大邱市北区大学路80号
화음(和音),和谐
서울 | 한국문화의집KOUS,首尔 | 韩国文化宫 (KOUS)
서울특별시 강남구 테헤란로92길 12-9,首尔特别市江南区德黑兰路92街12-9
라움 마티네 콘서트,Raum Matinee音乐会
서울 | 소셜베뉴 라움 체임버홀,首尔 | 社交场所 Raum Chamber Hall
서울특별시 강남구 언주로 564,首尔特别市江南区彦州路 564
머스탱과 개꿈,野马和白日梦
서 | 예술의전당 CJ토월극장,西 | 首尔艺术中心 CJ Towol 剧场
다담,达达姆
"HIP, KOREA! - 시대를 잇는 공예, 미래를 빚다",韩国万岁！——连接时代、塑造未来的工艺
인천 | 인천국제공항,仁川 | 仁川国际机场
인천광역시 중구 공항로 272,仁川广域市中区机场路272
슬픈연극,悲伤的戏剧
소극장 고도,小剧院戈迪奥
대전광역시 중구 중앙로112번길 13 (대흥동),"13, Jungang-ro 112beon-gil, Jung-gu, Daejeon (Daeheung-dong)"
"[공연소개]
'비워진 자리, 남겨진 온기'

<슬픈연극>은 이별을 앞둔 어느 부부의 평범한 저녁 이야기 입니다. 
특별한 사건도 극적인 반전도 없습니다. 
그저 늘 하던 말.. 늘 앉던 자리..늘 마시던 차 한 잔. 
그러나 그 평범함 속에 
우리가 미처 말하지 못한 마음들이 조용히 쌓여 있습니다. 

이 연극은
'웃기다가 조용히 울게 만들고.. 
울다가 다시 웃게 만드는 이야기' 입니다.

공연이 끝난 뒤, 당신은 아마도 가장 먼저..
'지금 곁에 있는 사람의 얼굴을 떠올리게 될 것' 입니다. 

작품의 매력> '슬프지만 따뜻하고 조용하지만 오래 남는 연극'

*눈물샘을 억지로 자극하지 않습니다.
*부부,연인,부모를 떠올리게 만드는 이야기
*과장된 감정 없이 담담하게 마음을 건드립니다.
*대사보다 '침묵'이 오래 남는 연극
*혼자 보아도 함께 보더라도  깊은 여운","【演出介绍】

《空位，留存的温暖》

《悲伤剧》讲述的是一对即将分离的夫妇，在一个平凡的夜晚的故事。

没有特别的事件，也没有戏剧性的情节转折。

只有平常的对话……平常的座位……平常的茶。

然而，在这平凡之中，

那些我们无法言说的情感，正在悄然积聚。

这部剧

“让你先笑，然后悄然落泪……最后哭完又笑。”

演出结束后，你最先想到的，或许是……

“此刻陪伴在你身边的人的脸庞。”

**作品的魅力所在：

“一部悲伤却温暖，静谧却余韵悠长的剧作”

* 它不会强迫你流泪。

* 一个让你想起伴侣、爱人和父母的故事。

* 它以平静的方式触动你的心弦，不带任何夸张的情感。

* 这部戏剧中，“沉默”比对话更令人难忘。

* 无论独自观看还是与他人一同欣赏，都能给人留下深刻而持久的印象。"
"The New, The Crafts: 마음을 담다, 마음을 잇다",新工艺：倾注心血，连接心灵
강원의 통일신라,江原道统一新罗
강원 | 국립춘천박물관,江原道 | 春川国立博物馆
강원특별자치도 춘천시 우석로 70,江原道春川市禹石路70号
한상민의 매직쇼,韩尚民的魔术表演
인천 | 루시드아트홀,仁川 | Lucid Art Hall
인천광역시 남동구 서창남로 69 (서창동),仁川广域市南洞区西仓南路69（西仓洞）
2025년 국외교류전 《푸름의 대화: 한국과 오스트리아의 쪽빛》,2025年国际交流展览“蓝色对话：韩国与奥地利的靛蓝”
전북 | 국립무형유산원,全北 | 国家非物质文化遗产中心
전북특별자치도 전주시 완산구 서학로 95,全北特别自治道全州市完山区西鹤路95
"2025 국립경찰박물관 특별전 <나의 영웅, 우리의 경찰>",2025年国家警察博物馆特别展览《我的英雄，我们的警察》
서울 | 경찰박물관,首尔 | 警察博物馆
서울특별시 종로구 새문안로 41,首尔特别市钟路区新文安路 41
ACC NEXT아시아 신진 작가전,ACC NEXT 亚洲新兴艺术家展览
광주 | 국립아시아문화전당,光州 |国家亚洲文化中心
광주광역시 동구 문화전당로 38 (광산동) 아시아문화전당,光州广域市东区文化殿堂路 38 亚洲文化殿堂（光山洞）
토요키즈클래식 (상반기),周六儿童经典赛（上半场）
경기 | 용인포은아트홀,京畿道 | 龙仁沛恩美术馆
기획전시 《확장의 순간 : 설박·이성경》,特别展览“扩张的瞬间：薛博与李成京”
전남 | 함평군립미술관,全罗南道 | 咸平郡美术馆
전라남도 함평군 함평읍 곤재로 27,全罗南道咸平郡咸平邑官才路27
종로구립 박노수미술관 개관12주년 기념전시 「산수&middot;격물」,钟路区市立公园野须美术馆12周年纪念展“风景……事物的调查”
서울 | 종로구립 박노수미술관,首尔 | 钟路区市立公园老水美术馆
서울특별시 종로구 옥인1길 34,首尔特别市钟路区奥金1街34
고희동미술관 재개관 6주년기념전시 「만고상청萬古常靑: 군자의 품격」,高熙东美术馆六周年纪念展“永恒的绿色：绅士的尊严”
서울 | 종로구립 고희동미술관,首尔 |钟路区许熙东美术馆
서울특별시 종로구 창덕궁5길 40,首尔特别市钟路区昌德宫5街40
2025년 특별기획전《경산에서 타오른 의병의 불꽃_임진왜란의 기억》,2025年特别展览“庆山正义军之火：壬辰倭乱的回忆”
경북 | 경산시립박물관,庆北 | 庆山市博物馆
"경상북도 경산시 박물관로 46,경산시립박물관",庆尚北道庆山市北馆路 46 庆山市博物馆
2025 김천시립박물관 특별전 '유럽의 차 문화',2025年金泉市博物馆特展“欧洲茶文化”
경북 | 김천시립박물관,庆尚北道 | 金泉市博物馆
경상북도 김천시 대항면 직지사길 130,庆尚北道金泉市大项面直指寺路130
2025년 대전근현대사전시관 특별전 <추억의 문방구>,2025年大田现代史博物馆特别展览<记忆中的文具店>
대전 | 대전근현대사전시관,大田 | 大田现代与当代历史博物馆
대전광역시 중구 중앙로 101,大田广域市中区中央路101
조선시대 노인 예우제도,朝鲜王朝对老人的尊重制度
대전 | 대전시립박물관,大田 | 大田市博物馆
대전광역시 유성구 도안대로 398,大田市儒城区道安大路398号
오르간 오딧세이,管风琴奥德赛
동물원에 간 고양이,去动物园的那只猫
"삼청각 수요상설공연, 三淸: 삼청",三清阁周三例行演出，三清：三清
삼청각 일화당,三清阁一花堂
서울 성북구 대사관로 3,首尔市城北区大沙官路3号
한영숙류 이철진 춤: 오직 승무,韩英淑风格李哲镇舞蹈：只有胜武
성균소극장,成均小剧场
서울특별시 종로구 성균관로 12-3 (명륜2가),首尔特别市钟路区成均馆路12-3（明伦2街）
"[공연소개]

2026년 매주 월요일,
대학로 성균소극장에서 펼쳐지는
이철진의 승무이야기 〈오직 승무〉.


승무(僧舞)는 한국 전통춤을 대표하는 예술 작품으로, 불교적 수행의 정신성과 인간 내면의 감정을 함께 담아낸 고도의 미학을 지닌 춤이다. 장삼이 그려내는 섬세한 선, 절제된 호흡과 장단, 정중동(靜中動)의 미학은 고요 속에서 폭발하는 생명력과 깊은 사유의 세계를 만들어낸다.

 
이 무대는 한성준-한영숙-이애주로 이어지는 정통 계보를 잇는 춤꾼 이철진의 깊이 있는 해석으로 만나는 승무이다. 수십 년간 승무 외길을 걸어온 그는, 춤이 지닌 철학과 시간의 밀도를 무대 위에 온전히 펼쳐 보인다. 한 동작, 한 호흡마다 축적된 수행의 흔적과 예술가로서의 내공이 고스란히 드러난다.

 
오픈런으로 진행되는 〈오직 승무〉는, 고요 속에서 울려 퍼지는 움직임의 울림을 통해 관객이 스스로의 내면과 마주하는 특별한 시간을 선사한다.","【演出介绍】

2026年每周一，

李哲镇的《唯有圣武》将在大学路成均小剧场上演。

《圣武》是韩国传统舞蹈的代表作，其精妙的美学兼具佛教修行的精神内涵和人类灵魂的内在情感。僧袍勾勒出的纤细线条、克制的呼吸与节奏，以及“静中动”的美学，共同营造出一个在静默中迸发的深邃冥想与蓬勃生机的世界。

本次演出由舞蹈家李哲镇倾情演绎，他传承了韩成俊、韩英淑和李爱柱的圣武舞精髓。数十年来，他独自一人潜心钻研圣武舞，将舞蹈中蕴含的哲学思想和时间的厚重感完整地呈现在舞台之上。在每一个动作、每一次呼吸中，艺术家积累的练习痕迹和内在力量都得以完整展现。

**演出介绍** 《唯有胜武》以开放式的演出形式呈现，为观众提供了一个特殊的契机，让他们在寂静中感受动作的回响，从而直面内心深处。"
개같은 아빠,像狗一样的爸爸
경기 | KBS 수원아트홀,京畿道 | KBS 水原艺术馆
경기도 수원시 팔달구 인계로 123 (인계동),京畿道水原市八达区仁溪路123（仁溪洞）
버블에스의 컬러버블쇼,泡泡的彩色泡泡秀
슈만,舒曼
서울 | 굿씨어터,首尔 | 好剧院
서울특별시 종로구 대학로 144 (혜화동),首尔特别市钟路区大学路144(惠化洞)
서도호,徐道浩
서울 | 국립현대미술관 서울관,首尔 | 首尔国立现代美术馆
서울특별시 종로구 삼청로 30,首尔特别市钟路区三清路30
안나 카레니나,安娜·卡列尼娜
세종문화회관 세종대극장,世宗大剧院，世宗表演艺术中心
뮤지컬 <스톤>,音乐<石头>
서울 | 예그린씨어터,首尔 | 叶格林剧院
서울특별시 종로구 동숭길 130-5 (동숭동),首尔特别市钟路区东城街130-5（东城洞）
드로잉 매직쇼 크레용용,绘画魔术表演蜡笔
복싱연극 <터치(TOUCH)>,拳击游戏 <触摸>
서울 | 한성아트홀(구. 인켈아트홀) 1관,首尔 | 汉城艺术馆（原仁克尔艺术馆）1号馆
서울특별시 종로구 창경궁로 254,首尔特别市钟路区昌庆宫路 254
"2026 소장품 상설전 《시대와 함께한 예술가, 이응노》",2026年永久收藏展“李雄诺：一位与时代相伴的艺术家”
대전 | 대전 이응노미술관,大田 | 大田李恩诺博物馆
대전광역시 서구 둔산대로 157,大田西区屯山大路 157
"2026 이응노미술관 기획전 《이종수-Clay, Play, Stay》",2026年李雄路美术馆特展《李钟洙 - 黏土、玩耍、停留》
"김선두 - 색의 결, 획의 숨",金善斗——色彩的质感，笔触的呼吸
"《출산, 모두의 잔치》",分娩，一场人人共享的盛宴
서울 | 국립민속박물관,首尔 | 国立民俗博物馆
서울특별시 종로구 삼청로 37,首尔特别市钟路区三清路37
읽기의 기술: 종이에서 픽셀로,阅读的艺术：从纸质到像素
마술사 제이티의 과학실험실: 레볼루션,魔术师JT的科学实验室：革命
인천 | 인천어린이과학관 강당,仁川 | 仁川儿童科学博物馆礼堂
인천광역시 계양구 주부토로 456,仁川广域市桂阳区重布托路456
연극 리타길들이기 <Educating Rita>,话剧《教育丽塔》
서울 | 아트하우스,首尔 | 艺术之家
서울특별시 종로구 대학로10길 26(동숭동),首尔特别市钟路区大学路10街26（东崇洞）
이대원,李大元
서울 | 국립현대미술관 덕수궁관,首尔 | 德寿宫国立现代美术馆
파리의 이방인,巴黎陌生人
프리미엄 어린이 마술공연: 리온의 신비한 과자상점,高级儿童魔术表演：莱昂的神秘糖果店
경남 | 아르디ys아트홀,庆南 | Ardiys 艺术馆
경상남도 양산시 물금읍 증산역로 163,庆尚南道梁山市勿金邑曾山冶路163
은밀하게 위대하게: THE LAST,隐秘而伟大：最后
서울 | 대학로 뮤지컬센터,首尔 | 大学路音乐中心
경상북도 구미시 대학로 61,庆尚北道龟尾市大学路 61
A여고 사서의 영광과 비극,女子高中图书管理员的荣耀与悲剧
서울 | 대학로 드림아트센터,首尔 | 大学路梦想艺术中心
서울특별시 종로구 동숭길 123,首尔特别市钟路区东城街 123
데미안 허스트,达米恩·赫斯特
방혜자,方惠子
충북 | 국립현대미술관 청주관,忠清北道 | 国立现代美术馆，清州
충청북도 청주시 청원구 상당로 314,忠清北道清州市清原区上堂路314
MMCA 다원예술 2026: 탐정의 시간,MMCA 2026跨学科艺术展：侦探时代
MMCA 필름앤비디오 2026,MMCA 电影与录像 2026
MMCA×LG OLED 시리즈 2026,MMCA×LG OLED系列2026
이것은 개념미술이 (아니)다,这是概念艺术（才怪）
과천관 40주년 프로젝트: 빛의 상상들,果川堂40周年纪念项目：光的想象
경기 | 국립현대미술관 과천관,京畿道 | 果川国立现代美术馆
경기도 과천시 광명로 313,京畿道果川市光明路313
샌드아트뮤지컬 [한아이],沙画音乐剧 [韩爱]
부산 | 해운대문화회관 해운홀,釜山 |海云台文化中心海云馆
부산광역시 해운대구 양운로 97,釜山广域市海云台区仰云路 97
긴긴밤,漫漫长夜
강동아트센터 소극장 드림,江东艺术中心小剧场之梦
올해의 작가상 2026,2026年度最佳作家奖
"제16회 기획전시 『여성, 삶을 이끌다!: 사랑 & 헌신』 전(展)",第十六届特别展览“女性，引领人生！：爱与奉献”
충북 | 반기문평화기념관,忠清北道 | 潘基文和平纪念馆
충청북도 음성군 원남면 행치길 15-5,"15-5, Haengchi-gil, Wonnam-myeon, Eumseong-gun, Chungcheongbuk-do"
울산 할머니의 보물상자,蔚山奶奶的宝盒
울산 | 울산박물관,蔚山 | 蔚山博物馆
울산광역시 남구 두왕로 277,蔚山广域市南区斗王路277
오늘도 극한직업,今天又一次做了份极限工作
BNK부산은행 조은극장 2관,BNK釜山银行Joeun剧场2号厅
부산 중구 구덕로34번길 4,釜山广域市中区九德路34街4
"2025 예천박물관 기탁문중 특별전 '記錄, 역사가 되다'",2025年礼川博物馆捐赠氏族特展：“记录成为历史”
경북 | 예천박물관,庆北 | 礼川博物馆
경상북도 예천군 감천면 복골길 150,庆尚北道銮川郡甘川面博谷路150号
2025 아뜰리에 광화 겨울 전시 <영원>,2025 Atelier Gwanghwa 冬季展览 <永恒>
서울 | 세종문화회관,首尔 | 世宗中心
노인의 꿈,老人的梦
엘시노어,埃尔西诺
서울 | JS아트홀 구. 고스트씨어터 구.다소니씨어터,首尔 | JS艺术馆（原名Ghost剧院，原名Dasoni剧院）
서울특별시 종로구 동숭길 94 (동숭동),首尔特别市钟路区东崇街94（东崇洞）
《최재은: 약속》,崔在恩：承诺
서울 | 서울시립미술관,首尔 | 首尔美术馆
서울특별시 중구 덕수궁길 61,首尔特别市中区德寿宫路 61
볼로냐 일러스트 원화전 59th,第59届博洛尼亚插画原作展
서울 | 예술의전당 한가람미술관,首尔 | 首尔艺术中心韩加兰美术馆
내 친구 유관순: 불꽃처럼 일어나라!,我的朋友余冠顺：像火焰一样升起！
서대문형무소역사관 특별전 '옥사에서 보는 일제강점기 독립운동',西大门监狱历史博物馆特别展览“从监狱牢房看日本殖民时期的独立运动”
서울 | 서대문형무소역사관,首尔 | 西大门监狱历史博物馆
국가유산 미디어아트 특별전,国家文物传媒艺术特展
제주 | 제주세계자연유산센터,济州岛 | 济州世界自然遗产中心
제주특별자치도 제주시 조천읍 선교로 569-36,济州特别自治道济州市朝天邑仙桥路569-36号
"교육개혁 30년 기념 한밭교육박물관 특별전 [오늘의 교육, 과거가 그린 미래]",韩巴特教育博物馆教育改革30周年纪念特展【今日教育，过去描绘未来】
대전 | 한밭교육박물관,大田 | 韩巴特教育博物馆
대전광역시 동구 우암로 96,大田市东区宇岩路96号
고암이응노생가기념관 소장품 기획전시 《확장되는 선》,高岩李应鲁故居纪念馆藏品特展“扩展的线条”
충남 | 고암 이응노생가기념관,忠南 | 高岩李应鲁出生地纪念馆
충청남도 홍성군 홍북읍 이응노로 61-7,忠清南道洪城郡洪北邑营路61-7号
국립광주박물관 도자문화관 개관,光州国立博物馆陶瓷文化馆开幕
광주 | 국립광주박물관,光州 |国立光州博物馆
광주광역시 북구 하서로110,光州广域市北区河西路 110
나르치스와 골드문트,纳西索斯和歌尔德蒙德
서울 | 예스24아트원,首尔 | Yes24 Art One
서울특별시 종로구 대학로 12길 83,首尔特别市钟路区大学路12街83
국립춘천박물관 '강원의 삶과 이상향',春川国立博物馆“江原道的生活与乌托邦”
킹키부츠,长靴妖姬
비틀쥬스,甲壳虫汁
사랑(Deep Affection),爱（深厚的爱意）
Invisible Actors',隐形演员
대구 | 갤러리 팔조,大邱 | 帕尔约画廊
대구광역시 수성구 들안로13길 66-6,大邱广域市寿城区德兰路13街66-6
JMA 야외정원프로젝트 《남쪽으로 지는 해》,JMA户外花园项目“南方的日落”
전북 | 전북도립미술관,全北 | 全北道美术馆
전북특별자치도 완주군 구이면 모악산길 111-6,全北特别自治道完州郡龟眠木岳山路111-6号
연극 <과속스캔들>,话剧《速度丑闻》
서울 | 나인진홀 2관 B1층,首尔 | Nine Jin Hall 2号厅，B1层
연극 <런투패밀리>,播放《奔向家庭》
"2025 상주박물관 특별기회전 '화령, 백두대간이 품은 마을'",2025年尚州博物馆特展“花岭，被白头大干河环抱的村庄”
경북 | 상주박물관,庆北 | 尚州博物馆
경상북도 상주시 사벌국면 경천로 684,庆尚北道尚州市沙巴国面庆川路684号
미디어 퍼포먼스 겨울잠,媒体表现休眠
서울 | DDP 동대문디자인플라자,首尔 | DDP东大门设计广场
서울특별시 중구 을지로 281,首尔市中区乙支路281号
예술가의 연구 《미완의 식물지-이소요》《꽃 시계-안나 리들러》,艺术家习作：《未完成的花之画 - 矶尾阳》、《花钟 - 安娜·里德勒》
서울 | 서울시립 북서울미술관,首尔 | 首尔市立美术馆，北首尔
서울특별시 노원구 동일로 1238,首尔特别市芦原区东一路 1238
도파민 하이프 Dopamine Hype,多巴胺兴奋
서울 | 김희수아트센터,首尔 | 金熙秀艺术中心
서울특별시 동대문구 홍릉로 118 (청량리동),首尔特别市东大门区洪陵路118（清凉里洞）
NEW! The경주; 경주연대기,全新！庆州；庆州编年史
경북 | 경주예술의전당 알천미술관,庆北 | 阿尔川美术馆，庆州艺术中心
경상북도 경주시 알천북로 1,庆尚北道庆州市阿尔川北路 1
물방울의 방 : 3D2D,水滴房间：3D2D
"2025 영종역사관 특별기획전 <영종진:永宗, 그 시작>",2025年永宗历史博物馆特展《永宗镇：开端》
인천 | 영종역사관,仁川 | 永宗历史博物馆
인천광역시 중구 구읍로 63,仁川广域市中区九邑路 63
前後의 시선: 동강사진박물관 20년 특별전,过去与未来的视角：东港摄影博物馆20周年特展
강원 | 동강사진박물관,江原道 | 东江摄影博物馆
강원특별자치도 영월군 영월읍 영월로 1909-10,1909-10年，江原道永月郡永月邑永月路
소멸의 시학: 삭는 미술에 대하여,灭绝的诗学：论衰败的艺术
"2025 기획특별전 <空과 時, 그 안의 人>",2025年特别展览《空、时间与内在之人》
서울 | 성북선잠박물관,首尔 | 城北仙岩博物馆
서울특별시 성북구 성북로 96,首尔市城北区城北路96号
2025 부산현대미술관 플랫폼_나의 집이 나,2025 釜山当代艺术博物馆平台_我的家就是我
부산 | 부산현대미술관,釜山 | 釜山当代艺术博物馆
부산광역시 사하구 낙동남로 1191,釜山广域市沙下区洛东南路 1191
제5회 한글실험프로젝트 &lt;글(자)감(각): 쓰기와 도구&gt;,第五届韩文实验项目<字母意义：书写与工具>
서울 | 문화역 서울 284 RTO,首尔 | 首尔站 284 路公交车站
서울특별시 중구 통일로 1,首尔市中区统一路1号
"국립춘천박물관 브랜드2 '강원의 불교미술, 깨달음을 찾는 길'",国立春川博物馆品牌2“江原道佛教艺术：通往觉悟之路”
길 위의 노마드: 중앙아시아 이동과 교류의 유산,游牧民族的迁徙之路：中亚的迁徙与交流遗产
"2025년 기획전시 <사상, 맛의 기억>",2025年特别展览<味觉的思考与记忆>
부산 | 사상생활사박물관,釜山 |沙上生命史博物馆
부산광역시 사상구 낙동대로1258번길 36,釜山广域市沙上区洛东大路1258街36
신상호: 무한변주,申相浩：无限变奏
조안 조나스: 인간 너머의 세계,琼·乔纳斯：超越人类的世界
경기 | 백남준아트센터,京畿道 |白南准艺术中心
경기도 용인시 기흥구 백남준로 10,京畿道龙仁市器兴区白南朱恩路10
"보존과학, 새로운 시작 함께하는 미래",保护科学：新的开始，携手共创未来
서울생활관박물관 기획전시 <아가 마중>,首尔生活艺术博物馆特别展览《迎接新生儿》
서울 | 서울생활사박물관,首尔 | 首尔生活历史博物馆
서울특별시 노원구 동일로 174길 27,首尔特别市芦原区东一路174街27
"2025 경기생활도자미술관 하반기 기획전 《다음 도예: 세대, 탐색, 확장》",2025年京畿道生活陶瓷博物馆下半年特展《下一代陶瓷：世代、探索、拓展》
경기 | 경기생활도자미술관,京畿道 |京畿道生活陶瓷博物馆
경기도 여주시 신륵사길 7,京畿道骊州市新勒寺路7
공감 천안: 격세지감,同理心天安：一种代际变迁感
충남 | 천안박물관,忠南 | 天安博物馆
충청남도 천안시 동남구 천안삼거리길 27,忠清南道天安市东南区天安三岔路27
<푸룻푸룻 프렌즈 : 빠씨를 찾아서> 어린이 체험전,《水果朋友：寻找帕西》儿童体验展
부산 | 아난티 힐튼 호텔,釜山 | 阿南蒂希尔顿酒店
부산광역시 기장군 기장읍 기장해안로 268-32,釜山广域市机张郡机张邑机张海岸路268-32
만인산: 보존과 해체의 기록,马尼桑：保存与解构的记录
경기 | 국립민속박물관 파주,"京畿道 |韩国国立民俗博物馆, 坡州"
경기도 파주시 탄현면 헤이리로 30,京畿道坡州市炭县面海里路30
블링블링 캐치! 티니핑 심포니,闪闪发光！捕捉！青少年交响曲
여주 상원사 흙 속에서 깨어나다,汝州尚元寺从地底苏醒
경기 | 여주박물관,京畿道 | 骊州博物馆
경기도 여주시 신륵사길 6-12,京畿道骊州市新勒寺路6-12
"통영 안정사, 유물로 보는 공간과 의례문화",统营安贞寺：透过文物看空间与礼仪文化
경남 | 통영시립박물관,庆南 | 统营市博物馆
경상남도 통영시 중앙로 65,庆尚南道统营市中央路65
AI 기반 미디어아트 전시 《뉴-미디어의 재해-석》,基于人工智能的媒体艺术展“新媒体的重新诠释”
서울 | 중랑아트센터,首尔 | 中浪艺术中心
서울특별시 중랑구 망우로 353 이노시티 C동 B2F 중랑아트센터,首尔市中浪区望武路353号Inocity大厦C座B2层，中浪艺术中心
신라한향,新罗韩香
경북 | 솔거미술관,庆北 | Solgeo美术馆
경상북도 경주시 경감로 614,庆尚北道庆州市庆甘路 614
"한국 무속의 원형을 만나는 특별한 전시 &lt;안녕, 금성당&gt;",一场邂逅韩国萨满教原型的特别展览，《你好，金圣堂》
서울 | 은평역사한옥박물관,首尔 | 恩平历史韩屋博物馆
서울특별시 은평구 연서로50길 8,首尔市恩平区延西路50街8号
"봄, 여름, 가을, 겨울 - 흔들리는 계절",春、夏、秋、冬——四季更迭的季节
서울 | 서대문 자연사박물관,首尔 | 西大门自然历史博物馆
서울특별시 서대문구 연희로32길 51,首尔市西大门区延禧路32街51号
"80년, 함께 걸어온 기억의 순간",八十年，携手同行的难忘瞬间
충남 | 국립부여박물관,忠南 | 国立扶余博物馆
충청남도 부여군 부여읍 금성로 5,忠清南道扶余郡扶余邑金城路5
뮤지컬 데스노트,音乐死亡笔记
서울 | 디큐브아트센터,首尔 | D-Cube艺术中心
서울특별시 구로구 경인로 662,首尔特别市九老区京仁路 662
번지고 남아있는: 장욱진 먹그림,模糊与留存：张旭镇水墨画
경기 | 양주시립장욱진미술관,京畿道 |杨州市立美术馆 张旭镇
경기도 양주시 장흥면 권율로 193,京畿道杨州市长兴面权律路193
양평군립미술관 야외조각전,杨平郡美术馆户外雕塑展
경기 | 양평군립미술관,京畿道 | 杨平郡美术馆
경기도 양평군 양평읍 문화복지길 2,京畿道杨平郡杨平邑文化福地路2
샤롯데 더 플레이: 서바이벌,夏洛特戏剧：生存
서울특별시 | 롯데시네마 [서울 구로],首尔 |乐天电影院 [首尔九老]
「도시기록법: 우리가 부평을 기억하는 방법」,城市记录法：我们如何记住富平
인천 | 부평역사박물관,仁川 | 富平历史博物馆
인천광역시 부평구 굴포로 151,仁川广域市富平区九浦路 151
제주도립미술관 중정프로젝트 《우주목(宇宙木)》,济州美术馆庭院项目“宇宙树”
제주 | 제주도립미술관,济州岛 | 济州美术馆
제주특별자치도 제주시 1100로 2894-78,济州特别自治道济州市1100路2894-78号
알록달록 동자상,色彩鲜艳的儿童雕像
대구 | 국립대구박물관,大邱 | 大邱国立博物馆
대구광역시 수성구 청호로 321,大邱广域市寿城区清湖路321号
국립춘천박물관 상설전시 &&#35;39;깨달음을 찾는 길&&#35;39;,国立春川博物馆常设展览“通往觉悟之路”
"2025년 짜장면박물관 특별기획전 '두 개의 시선, 하나의 거리'",2025年炸酱面博物馆特别展览“两种视角，一条街”
인천 | 짜장면박물관,仁川 | 炸酱面博物馆
인천광역시 중구 차이나타운로 56-14,仁川市中区唐人街路56-14号
서천갯벌의 생명이야기 : 날개 아래 바다,瑞川滩涂的生命故事：羽翼下的海洋
충남 | 국립해양생물자원관 씨큐리움,忠南 | 国立海洋生物资源中心 海库里姆
충청남도 서천군 장항읍 장산로101번길 75,忠清南道舒川郡长项邑长山路101街75
MMCA 해외 명작 : 수련과 샹들리에,MMCA国际杰作：睡莲与吊灯
양구인문학박물관 1관 상설전 '이어짐의 시작(해인글방)展',杨谷人文博物馆1号展厅常设展览“延续的开端（Haein Geulbang）展览”
강원 | 양구인문학박물관,江原道 |阳谷人文博物馆
강원특별자치도 양구군 양구읍 파로호로869번길 101,江原道阳口郡阳口邑帕鲁湖路869街101
서울영화센터,首尔电影中心
서울특별시 중구 마른내로 38 서울영화센터,首尔特别市中区玛瑞内路 38 首尔电影中心
"[요금]
입장료: 무료(~26년 5월)","【费用】

入场：免费（至2026年5月）"
월요일정기휴무화요일10:00 ~ 20:00수요일10:00 ~ 20:00목요일10:00 ~ 20:00금요일10:00 ~ 20:00토요일10:00 ~ 20:00일요일10:00 ~ 20:00,"周一休息

周二 10:00 ~ 20:00

周三 10:00 ~ 20:00

周四 10:00 ~ 20:00

周五 10:00 ~ 20:00

周六 10:00 ~ 20:00

周日 10:00 ~ 20:00"
괌 박물관,关岛博物馆
"193 Chalan Santo Papa Juan Pablo Dos, Hagåtña, 96910 괌","193 Chalan Santo Papa Juan Pablo Dos, 阿加尼亚, 96910 关岛"
"[요금]
성인: 3달러
학생: 1달러
시니어(55세 이상): 무료
5세 미만: 무료","【费用】

成人：3 美元

学生：1 美元

老年人（55 岁及以上）：免费

5 岁以下儿童：免费"
월요일정기휴무화요일09:00 ~ 16:00수요일09:00 ~ 16:00목요일09:00 ~ 16:00금요일09:00 ~ 16:00토요일10:00 ~ 14:00일요일정기휴무,"周一休息

周二 09:00 ~ 16:00

周三 09:00 ~ 16:00

周四 09:00 ~ 16:00

周五 09:00 ~ 16:00

周六 10:00 ~ 14:00

周日休息"
국립중원문화유산연구소 어린이 발굴체험장,国立中原文化遗产研究所儿童考古发掘体验中心
충북 충주시 남한강로 38,忠北忠州市南汉江路38
"[요금]
무료
[운영시간]
1회차: 10시 30분~11시 30분
2회차: 13시 30분~14시 30분
3회차: 15시~16시
4회차(동절기 X): 16시 30분~17시 30분
[프로그램]
전시실 관람(5분)+3d 영상+발굴 및 유물복원체험","【入场费】

免费
【开放时间】

第一场：10:30–11:30

第二场：1:30–14:30

第三场：15:00–16:00

第四场（冬季除外）：16:30–17:30

【活动内容】

展厅导览（5分钟）+ 3D视频 + 考古发掘及文物修复体验"
월요일정기휴무화요일10:00 ~ 17:30수요일10:00 ~ 17:30목요일10:00 ~ 17:30금요일10:00 ~ 17:30토요일10:00 ~ 17:30일요일정기휴무,"周一休息

周二 10:00 ~ 17:30

周三 10:00 ~ 17:30

周四 10:00 ~ 17:30

周五 10:00 ~ 17:30

周六 10:00 ~ 17:30

周日休息"
한국잠사플레이팜 한국잠사박물관,韩国蚕业游乐农场 韩国蚕业博物馆
충청북도 청주시 흥덕구 강내면 청주역로 213-52,忠清北道清州市兴德区江内面清州冶路213-52
"[요금]
<네이버예약가>
대소공통 1인 입장권 - 12,500원
체험 패키지권(캔들, 비누, 누에고치 목걸이, 오디소금 중 택 1) - 17,500원
별도 체험요금
젤리양초캔들만들기 : 10,000원
누에고치목걸이만들기 : 6,000원
다육화분만들기 : 4,000원
곤충열쇠고리만들기 : 4,000원
스칸디아모스테라리움만들기 : 12,000원
오디/뽕잎 비누만들기 : 7,000원
24개월 미만 유아는 증빙 서류 지참 시 무료
입장 마감 16시
자세한 사항은 네이버 문의를 통해 확인해 주세요","【价格】

<Naver 预订价格>

门票（成人及儿童）- 12,500 韩元

体验套餐（蜡烛、香皂、蚕茧项链或桑叶盐任选其一）- 17,500 韩元

单项体验费用

果冻蜡烛制作：10,000 韩元

蚕茧项链制作：6,000 韩元

多肉植物盆栽制作：4,000 韩元

昆虫钥匙扣制作：4,000 韩元

斯堪的纳维亚清真寺微景观制作：12,000 韩元

桑叶香皂制作：7,000 韩元

24 个月以下婴儿凭年龄证明免费。

最后入场时间为下午 4 点。

更多详情请通过 Naver 查询。"
월요일10:00 ~ 17:00화요일10:00 ~ 17:00수요일10:00 ~ 17:00목요일10:00 ~ 17:00금요일10:00 ~ 17:00토요일10:00 ~ 17:00일요일10:00 ~ 17:00,星期一 10:00 ~ 17:00 星期二 10:00 ~ 17:00 星期三 10:00 ~ 17:00 星期四 10:00 ~ 17:00 星期五 10:00 ~ 17:00 星期六 10:00 ~ 17:00 星期日 10:00 ~ 17:00
"기본 입장권은 12,500원(대인, 소인 동일), 체험 패키지권은 17,500원(캔들, 비누, 누에고치 목걸이, 오디소금 중 택 1 체험 포함)입니다. 별도 체험요금으로는 젤리양초캔들만들기 10,000원, 누에고치 목걸이 6,000원, 다육화분 만들기 4,000원 등 다양합니다.","基本门票价格为12,500韩元（成人和儿童价格相同），体验套餐价格为17,500韩元（包含蜡烛制作、肥皂制作、蚕茧项链制作和桑葚盐制作四项体验中的一项）。单项体验费用各不相同，例如果冻蜡烛制作10,000韩元，蚕茧项链制作6,000韩元，多肉植物盆栽制作4,000韩元。"
장사상륙작전전승기념관,长沙登陆作战胜利纪念馆
경북 영덕군 남정면 동해대로 3560,庆尚北道盈德郡南正面东海大路3560
"관람시간
하절기(3월~10월): 09:00~18:00
동절기(11월~2월): 09:00~17:00
[요금]
성인 개인 3,000원
중, 고등학생 및 군인 2,000원
초등학생 1,000원","开放时间

夏季（3月至10月）：9:00–18:00

冬季（11月至2月）：9:00–17:00

【门票】

成人（个人）：3,000韩元

初中生、高中生及军人：2,000韩元

小学生：1,000韩元"
"장사상륙작전전승기념관은 월요일은 정기휴무이며, 화요일부터 일요일까지 운영합니다. 하절기(3월~10월)에는 09:00~18:00, 동절기(11월~2월)에는 09:00~17:00까지 관람이 가능합니다.",长沙登陆作战胜利纪念馆周一闭馆，周二至周日开放。夏季（3月至10月）开放时间为9:00至18:00，冬季（11月至2月）开放时间为9:00至17:00。
"입장료는 성인 3,000원, 중고등학생 및 군인 2,000원, 초등학생 1,000원입니다. 미취학 아동은 무료로 입장할 수 있습니다. 영덕군 거주 주민 또는 다자녀 사랑카드 소지자 중 셋째 이상 자녀를 둔 가정은 50% 할인 혜택을 받을 수 있습니다. 할인 적용을 위해 관련 증빙서류를 지참하세요.",成人门票3000韩元，中小学生及军人2000韩元，小学生1000韩元。学龄前儿童免费入场。居住在永德郡且育有三名或以上子女的家庭，或持有多子女爱心卡的家庭，可享受五折优惠。请携带相关证明文件以享受优惠。
국립대구과학관,大邱国立科学博物馆
대구광역시 달성군 유가읍 테크노대로6길 20 국립대구과학관,大邱国立科学博物馆，大邱广域市达城郡裕贺邑科技大路6街20号
"[요금]
상설전시관: 대인 - 3,000원 / 소인 - 2,000원 / 영유아, 경로, 우대 - 무료
천체투영관: 대인 - 2,000원 / 소인 - 1,000원 / 영유아 - 보호자 동반 시 5세 이상 입장 가능(소인 요금 적용)
4D 영상관: 대인 - 2,000원 / 소인 - 1,000원 / 영유아, 경로, 우대 - 1,000원
아이들월드+모빌리티움: 대인 - 2,000원 / 소인 - 3,000원 / 영유아(36개월 이상) - 3,000원 / 36개월 미만, 경로, 우대 - 무료
자세한 요금 및 정보는 첨부된 이미지를 확인해 주세요.
[이용안내]
휴관일: 매주 월요일, 1월 1일, 설·추석 당일, 법정공휴일 다음날
입장종료: 16시 30분","【门票价格】

常设展厅：成人 - 3,000 韩元 / 儿童 - 2,000 韩元 / 婴幼儿、老年人、优惠人群 - 免费

天文馆：成人 - 2,000 韩元 / 儿童 - 1,000 韩元 / 5 岁及以上婴幼儿需由监护人陪同入场（适用儿童票价）

4D 影院：成人 - 2,000 韩元 / 儿童 - 1,000 韩元 / 婴幼儿、老年人、优惠人群 - 1,000 韩元

儿童乐园 + 无障碍体验馆：成人 - 2,000 韩元 / 儿童 - 3,000 韩元 / 36 个月及以上婴幼儿 - 3,000 韩元 / 36 个月以下婴幼儿、老年人、优惠人群 - 免费

请查看附图了解详细的门票价格和信息。

【信息】

闭馆日：每周一、1月1日、农历新年、中秋节及节假日次日

最后入场时间：16:30"
월요일정기휴무화요일09:30 ~ 17:30수요일09:30 ~ 17:30목요일09:30 ~ 17:30금요일09:30 ~ 17:30토요일09:30 ~ 17:30일요일09:30 ~ 17:30,"周一休息

周二 09:30 ~ 17:30

周三 09:30 ~ 17:30

周四 09:30 ~ 17:30

周五 09:30 ~ 17:30

周六 09:30 ~ 17:30

周日 09:30 ~ 17:30"
"상설전시관은 대인 3,000원, 소인 2,000원, 7세 미만은 무료입니다. 천체투영관은 대인 2,000원, 소인 1,000원(5세 이상부터 입장 가능), 4D 영상관은 대인 2,000원, 소인 1,000원(키 110cm 이상 입장 가능)입니다. 아이들월드+모빌리티움은 대인 2,000원, 소인(36개월 이상) 3,000원, 36개월 미만은 무료입니다. 주차장은 일일 2,000원(25인승 미만 차량)이며, 경차·친환경차 등은 할인 혜택이 있으니 현장에서 확인해 주세요.",常设展厅门票成人3000韩元，儿童2000韩元；7岁以下儿童免费。天文馆门票成人2000韩元，儿童1000韩元（5岁及以上儿童可入场）。4D影院门票成人2000韩元，儿童1000韩元（身高110厘米及以上儿童可入场）。儿童乐园+无障碍设施门票成人2000韩元，36个月及以上儿童3000韩元；36个月以下儿童免费。停车费每日2000韩元（适用于25座以下车辆）；小型车和环保型车辆可享受折扣，详情请现场咨询。
고령어린이과학체험관,高灵儿童科学体验中心
경북 고령군 대가야읍 신남로 81,庆尚北道高灵郡大加耶邑新南路 81
"[요금]
어린이(36개월 ~ 초등학생) - 1,000원
청소년·성인 - 2,000원
36개월 미만, 고령군민 - 무료
[이용안내]
운영시간 : 1회차(10:00 ~ 11:30) / 2회차(13:00 ~ 14:30) / 3회차(15:00 ~ 16:30)
이용인원 : 회차 당 70명(성인 포함)
휴관일 : 매주 월요일, 1월1일, 설·추석 당일(월요일이 공휴일인 경우 화요일 대체 휴관)","【费用】

儿童（36个月至小学生） - 1,000韩元

青少年及成人 - 2,000韩元

36个月以下婴幼儿及高灵郡居民 - 免费

【使用指南】

开放时间：第一场（10:00～11:30）/ 第二场（13:00～14:30）/ 第三场（15:00～16:30）

人数限制：每场70人（含成人）

休息日：每周一、1月1日、农历元旦、中秋节（如遇周一为节假日，则顺延至周二休息）"
월요일정기휴무화요일10:00 ~ 17:00수요일10:00 ~ 17:00목요일10:00 ~ 17:00금요일10:00 ~ 17:00토요일10:00 ~ 17:00일요일10:00 ~ 17:00,"周一休息

周二 10:00 ~ 17:00

周三 10:00 ~ 17:00

周四 10:00 ~ 17:00

周五 10:00 ~ 17:00

周六 10:00 ~ 17:00

周日 10:00 ~ 17:00"
"어린이(36개월~초등학생) 입장료는 1,000원, 청소년 및 성인은 2,000원입니다. 36개월 미만 영유아와 고령군민은 증빙서류(등본 또는 가족관계증명서 등) 지참 시 무료로 입장할 수 있습니다.",儿童（36个月至小学生）门票为1000韩元，青少年及成人门票为2000韩元。36个月以下婴儿及高灵郡居民凭年龄证明（如居民证或亲属关系证明）可免费入场。
영천민속관,永川民俗博物馆
경북 영천시 운동장로 54,庆尚北道永川市云东场路 54
"[요금]
무료
[이용안내]
브레이크 타임: 12시~13시","【费用】

免费

【使用指南】

休息时间：12:00–13:00"
월요일09:00 ~ 18:00화요일09:00 ~ 18:00수요일09:00 ~ 18:00목요일09:00 ~ 18:00금요일09:00 ~ 18:00토요일정기휴무일요일정기휴무,星期一 09:00 ~ 18:00 星期二 09:00 ~ 18:00 星期三 09:00 ~ 18:00 星期四 09:00 ~ 18:00 星期五 09:00 ~ 18:00 星期六 休息 星期日 休息
영천민속관은 입장료가 무료입니다. 건물 건너편에 전용 주차장이 있어 주차가 어렵지 않습니다.,永川民俗博物馆免费入场。博物馆对面设有专用停车场，停车非常方便。
영천전투메모리얼파크,永川战役纪念公园
경북 영천시 교촌동 11-33,庆尚北道永川市桥村洞11-33号
"[요금]
무료 이용
[이용안내]
운영시간 : 하절기(3월 ~ 10월) - 10시 ~ 18시 / 동절기(11월 ~ 2월) - 10시 ~ 17시
입장마감 - 운영 종료 1시간 전까지
휴무일 - 매주 월요일, 1월1일, 설·추석 당일
키즈존 운영시간 - 9시 ~ 17시","【费用】

免费入场

【信息】

开放时间：夏季（3月至10月）10:00-18:00 / 冬季（11月至2月）10:00-17:00

最后入场时间：闭馆前1小时

闭馆日：每周一、1月1日、农历新年、中秋节

儿童游乐区开放时间：9:00-17:00"
월요일정기휴무화요일10:00 ~ 18:00수요일10:00 ~ 18:00목요일10:00 ~ 18:00금요일10:00 ~ 18:00토요일10:00 ~ 18:00일요일10:00 ~ 18:00,"周一休息

周二 10:00 ~ 18:00

周三 10:00 ~ 18:00

周四 10:00 ~ 18:00

周五 10:00 ~ 18:00

周六 10:00 ~ 18:00

周日 10:00 ~ 18:00"
"영천전투메모리얼파크는 입장료 없이 무료로 이용이 가능합니다. 전용 주차장도 마련되어 있어 주차가 편리하며, 별도의 주차 요금은 없습니다.",永川战役纪念公园免费参观，无需门票。公园设有专用停车场，方便游客停车，且不收取额外费用。
신문박물관PRESSEUM,报业博物馆 PRESSEUM
"서울특별시 종로구 세종대로 152 일민미술관 5,6층",首尔特别市钟路区世宗大路152号一民美术馆5楼、6楼
"[요금]
일반 - 4,000원
학생 - 3,000원
미취학, 경로(만65세 이상) - 무료
자세한 요금 및 할인정보는 첨부된 이미지를 확인해 주세요.
[이용안내]
매표마감 - 18시, 일민미술관의 기획전이 있는 기간에는 30분 연장 운영(매표마감 - 18시30분)
휴관일 - 매주 월요일, 1월 1일, 설·추석 연휴 / 봄, 가을 정기휴관(3월, 9월 첫째 주 화요일 ~ 일요일)
[프로그램]
꼬마 취재기자의 잇템 만들기
꼬마 사진기자의 카메라 만들기
토요놀이교실
신문박물관 취재일기
박물관 투어","【门票】

普通票 - 4,000 韩元

学生票 - 3,000 韩元

学龄前儿童、老年人（65岁及以上） - 免费

请查看附图了解详细的门票价格和优惠信息。

【参观须知】

售票截止时间为下午6:00。日民美术馆举办特别展览期间，开放时间延长30分钟（售票截止时间为下午6:30）。

闭馆日 - 每周一、1月1日、农历新年、中秋节 / 春季和秋季定期闭馆（3月和9月的第一个星期二至星期日）。

【活动项目】

小小记者必备物品制作

小小摄影记者相机制作

周六游戏课

报社博物馆报道日记

博物馆导览"
"신문박물관은 화요일부터 일요일까지 10:00~18:30까지 운영되며, 입장 마감은 오후 6시입니다. 매주 월요일, 1월 1일, 설과 추석 연휴, 봄·가을 정기휴관(3월, 9월 첫째 주 화요일~일요일)에는 휴관합니다. 일민미술관 기획전 기간 중에는 30분 연장되어 운영될 수 있습니다.",报纸博物馆周二至周日开放，时间为10:00至18:30，最后入场时间为18:00。博物馆每周一、1月1日、农历新年和中秋节假期以及春季和秋季的常规闭馆日（3月和9月的第一个周二至周日）闭馆。在日民美术馆举办特别展览期间，开放时间可能会延长30分钟。
"관람 요금은 일반 4,000원, 학생(초·중·고·대학생) 3,000원입니다. 미취학 아동과 만 65세 이상 어르신은 무료로 관람이 가능합니다. 자세한 할인 혜택 및 단체 요금은 신문박물관 공식 홈페이지에서 이미지를 참고해 주세요.",门票价格为普通票4000韩元，学生票（小学、初中、高中及大学）3000韩元。学龄前儿童及65岁以上老人免费入场。有关折扣及团体票价详情，请参考报纸博物馆官网图片。
한국코미디타운,韩国喜剧小镇
경북 청도군 이서면 이서로 565,庆尚北道清道郡伊西面伊西路565号
"[요금]
코미디 체험관
일반 - 5,000원
청소년 / 어린이 - 4,000원
36개월 이하 - 무료
코미디 공연
일반 - 22,000원
청소년 - 20,000원
어린이 - 18,000원
자세한 사항은 홈페이지 확인해 주세요","【费用】

喜剧体验馆

普通票 - 5,000 韩元

青少年/儿童 - 4,000 韩元

36 个月及以下 - 免费

喜剧表演

普通票 - 22,000 韩元

青少年 - 20,000 韩元

儿童 - 18,000 韩元

详情请查看网站。"
월요일정기휴무화요일09:30 ~ 18:00수요일09:30 ~ 18:00목요일09:30 ~ 18:00금요일09:30 ~ 18:00토요일09:30 ~ 18:00일요일09:30 ~ 18:00,"周一休息

周二 09:30 ~ 18:00

周三 09:30 ~ 18:00

周四 09:30 ~ 18:00

周五 09:30 ~ 18:00

周六 09:30 ~ 18:00

周日 09:30 ~ 18:00"
"코미디 체험관 입장료는 일반 5,000원, 청소년/어린이 4,000원이며, 36개월 이하 어린이는 무료입니다. 코미디 공연 요금은 일반 22,000원, 청소년 20,000원, 어린이 18,000원이고, 36개월 이하 어린이는 무료입니다. 자세한 사항은 홈페이지를 참고해주세요.",喜剧体验馆门票成人5000韩元，青少年及儿童4000韩元，36个月以下儿童免费。喜剧表演门票成人22000韩元，青少年20000韩元，儿童18000韩元，36个月以下儿童免费。详情请参考网站。
충북산림과학박물관,忠清北道森林科学博物馆
충북 청주시 상당구 미원면 수목원길 51,忠清北道清州市上堂区美院面苏绿园路 51
"[요금]
무료
[이용안내]
11~2월: 9시~17시
3~10월: 9시~18시
입장 마감은 종료 1시간 전
매주 월요일 정기 휴무","【入场费】

免费

【开放时间】

11月至次年2月：9:00–17:00

3月至10月：9:00–18:00

闭馆前一小时停止入场。

每周一闭馆。"
"충북산림과학박물관은 입장료가 무료입니다. 이용 시간은 3~10월에는 오전 9시부터 오후 6시까지, 11~2월에는 오전 9시부터 오후 5시까지 운영합니다. 입장 마감은 종료 1시간 전이며, 매주 월요일은 휴관입니다.",忠清北道森林科学博物馆免费入场。开放时间为3月至10月上午9:00至下午6:00，11月至次年2月上午9:00至下午5:00。闭馆前一小时停止入场，博物馆每周一闭馆。
스미스 평화관,史密斯和平厅
경기도 오산시 경기대로 742 UN초전기념관 후관,后翼，联合国第一次战斗纪念馆，京畿道乌山市京畿大路742号
"[요금]
무료 이용
[이용안내]
휴관일 - 매주 월요일, 1월1일, 설·추석 당일(월요일이 공휴일인 경우 정상개관, 다음 날 휴관)
입장마감 - 17시","【入场费】

免费入场

【参观须知】

闭馆日：每周一、1月1日、农历新年及中秋节（如遇周一为法定假日，则照常开放，次日闭馆）

最后入场时间：17:00"
"관람 시간은 화~일요일 오전 9시~오후 6시(입장 마감 17시)이며, 매주 월요일과 1월 1일, 설날·추석 당일에는 휴관입니다(월요일이 공휴일이면 정상 개관하고, 그 다음날 휴관). 입장료는 무료입니다.",开放时间为周二至周日，上午9:00至下午6:00（下午5:00停止入场）。博物馆每周一、1月1日、农历新年和中秋节闭馆（如遇周一为公共假日，则照常开放，次日闭馆）。免费入场。
시흥에코센터,始兴生态中心
경기도 시흥시 경기과기대로 284,京畿道始兴市284号
"경기도 시흥시 경기과기대로 284에 위치한 시흥에코센터 초록배곧은 자연·환경을 주제로 한 전시와 체험이 가득한 복합 교육 공간입니다.
2015년 준공, 2016년 개관 이후 가족 단위 방문객이 즐겨 찾는 친환경 공간으로 자리잡았습니다.
1층: 상설전시관, 기획전시관, 어린이 체험전시실 등으로 구성되어 다양한 환경 주제를 쉽고 재미있게 체험할 수 있습니다.
2층: 환경교육실, 분임토의실, 다목적실 등 교육과 토론이 가능한 공간이 마련되어 있습니다.
야외: 생태연못, 생태텃밭, 자연 놀이터, 전동차 체험장 등 다양한 생태 체험과 놀이 활동이 조성되어 있어 실내외를 자유롭게 이용할 수 있습니다.
다양한 환경 전시: 자원순환, 기후변화 등 해마다 바뀌는 주제의 전시와 교육 프로그램이 진행되어 자연을 지키는 다양한 방법을 배울 수 있습니다.
체험 활동: 종이튜브로 숲의 소리를 듣는 색다른 놀이, 빗물 저금통 등 친환경 생활 체험, 아이스팩 재활용 캠페인 등 실생활과 연계된 활동들이 마련되어 있습니다.
야외·옥상 공간의 생태 학습: 생태연못, 텃밭에서 식물과 곤충을 관찰하고 직접 체험할 수 있습니다.
어린이 전용 전동차 체험장: 주말 및 계절에 따라 운영되며, 신호등과 도로가 설치된 공간에서 재미있게 운전을 체험할 수 있습니다(6~10세, 유료).
상설전시관: 유아~초등학생 1,000원 / 중, 고등학생 및 군인 1,500원 / 성인 2,000원
야외 전기 자동차(6세~10세): 500원
4D 영상관: 유아~초등학생 1,000원 / 중, 고등학생 및 군인 1,000원 / 성인 2,000원
시흥시민 50% 할인
4세 이하 유아 무료 입장
휴관일: 매주 월요일, 1월 1일, 설날·추석 연휴
반려동물 동반 출입 불가
음식물 반입 금지
주차장 완비(무료), 사전 예약 없이 방문 가능
씨앗 카드, 스탬프 투어 등 미션을 수행하면서 환경 보호와 다양한 친환경 소재에 대해 재미있게 배울 수 있는 곳입니다.
모두 관람하는 데 1시간 정도 소요됩니다.
야외 전기 자동차 체험은 6세부터 10세까지만 이용 가능합니다.
4D 영상은 유익하고 재미있지만 의자가 움직이고 약한 바람과 물이 분사되기 때문에, 5세 미만의 아이들은 무서워할 수 있습니다. 4D 상영시간이 정해져 있으니, 미리 시간표를 확인하시고 둘러보시는 걸 추천합니다.
5세 이하 영유아들에게는 전시 및 체험내용이 조금 어려울 수 있습니다.
각종 무료 체험형 프로그램과 전시회를 운영하고 있으니, 방문 전 공식 홈페이지에서 확인해 보시는 걸 추천합니다.
실내 전시와 실외 체험이 모두 가능해 아이들이 자연스럽게 환경을 배우고 즐길 수 있습니다.
전시, 체험, 놀이가 어우러진 환경교육의 장으로, 가족과 함께 의미 있는 시간을 보내고 싶은 분들께 매우 적합한 공간입니다.","始兴生态中心“绿色宝格”（Siheung Eco Center Green Baegot）位于京畿道始兴市京畿理工大学大路284号，是一个以自然和环境为主题的综合性教育空间，汇集了众多展览和互动体验项目。

自2015年建成、2016年正式开放以来，它已成为深受家庭喜爱的环保场所。

一层：设有常设展厅、特展厅和儿童体验展厅，参观者可以轻松愉快地体验各种环境主题。

二层：设有环境教育室、小组讨论室和多功能厅等教育和交流空间。

室外：打造了丰富的生态体验和游乐活动，包括生态池塘、生态菜园、自然游乐场和电动车体验区，让参观者可以自由使用室内外空间。

丰富多彩的环保展览：每年都会举办以资源回收和气候变化等不同主题为特色的展览和教育项目，让参观者了解各种保护自然的方法。

动手体验：提供与生活息息相关的活动，例如用纸筒聆听森林之声的独特游戏、雨水收集罐等环保生活体验，以及冰袋回收活动。户外和屋顶生态学习：您可以在生态池塘和菜园中近距离观察和体验植物和昆虫。

儿童电动车体验区：该区域在周末和特定季节开放，设有交通信号灯和道路，提供趣味十足的驾驶体验（适合 6-10 岁儿童，需购票入场）。常设展厅：幼儿至小学生 1,000 韩元 / 中学生、高中生及军人 1,500 韩元 / 成人 2,000 韩元

户外电动车（6～10岁）：500 韩元

4D 影院：幼儿至小学生 1,000 韩元 / 中学生、高中生及军人 1,000 韩元 / 成人 2,000 韩元

始兴市居民可享五折优惠

4 岁及以下幼儿免费入场

闭馆日：每周一、1 月 1 日、农历新年及中秋节

禁止携带宠物

禁止饮食

免费停车，无需预约

在这里，您可以寓教于乐，通过完成种子卡、集章之旅等任务，了解环境保护和各种环保材料。

参观整个园区大约需要 1 小时。

户外电动车体验仅限 6 至 10 岁儿童。4D 电影寓教于乐，但 5 岁以下儿童可能会因座椅移动、微风和喷水而感到害怕。由于 4D 电影放映时间固定，建议您提前查看放映时间表。

展览和互动活动可能对 5 岁及以下婴幼儿略有挑战性。

我们提供各种免费的互动项目和展览，建议您在参观前访问官方网站了解详情。

室内展览和户外活动相结合，让孩子们在自然的环境中学习和享受自然。

作为一个集展览、互动活动和游戏于一体的环境教育场所，这里是与家人共度美好时光的理想之选。"
"상설전시관 요금은 유아~초등학생 1,000원, 중·고등학생 및 군인 1,500원, 성인 2,000원입니다. 야외 전기 자동차(6세~10세)는 500원, 4D 영상관은 유아~초등학생 및 중고생·군인 1,000원, 성인 2,000원입니다. 4세 이하 유아는 무료 입장이고, 시흥시민은 50% 할인 혜택이 있습니다.",常设展厅门票：婴幼儿至小学生1000韩元，中小学生及军人1500韩元，成人2000韩元。户外电动车（6-10岁）票价500韩元。4D影院门票：婴幼儿至小学生、中小学生及军人1000韩元，成人2000韩元。4岁及以下婴幼儿免费入场，始兴市市民可享5折优惠。
번개맨체험관,闪电侠体验中心
울산광역시 울주군 상북면 알프스온천5길 103-8 산악문화센터,山地文化中心，蔚山广域市蔚州郡上北面阿尔卑斯温泉5街103-8号
"월요일이 공휴일인 경우 다음날 휴관
[요금]
번개우주선 - 소인 9,000원 / 대인 3,000원
번개미로 - 소인 9,000원 / 대인 3,000원
종합이용권 - 소인 15,000원 / 대인 5,000원
소인: 만 3세 ~ 만 15세
36개월 미만 영유아 무료 입장 가능
다자녀가족(세자녀 이상) 50% 할인
자세한 요금 안내 및 프로그램 정보는 홈페이지 또는 첨부된 사진을 확인해 주세요
[이용 안내]
권장 연령: 우주선 4~7세 / 미로 6세 이상
100cm 미만 체험자 우주선 탑승 시 보호자 동반 필수","如果星期一是公共假日，则次日闭馆。

[门票价格]

闪电飞船 - 儿童 9,000 韩元 / 成人 3,000 韩元

闪电迷宫 - 儿童 9,000 韩元 / 成人 3,000 韩元

综合通票 - 儿童 15,000 韩元 / 成人 5,000 韩元

儿童：3 至 15 岁

36 个月以下婴儿免费入场

三名或以上儿童家庭可享 5 折优惠

请查看网站或附图了解详细价格和项目信息。

[使用指南]

建议年龄：闪电飞船 4 至 7 岁 / 闪电迷宫 6 岁及以上

身高低于 100 厘米的儿童乘坐闪电飞船时必须由监护人陪同。"
월요일정기휴무화요일10:00 ~ 17:30수요일10:00 ~ 17:30목요일10:00 ~ 17:30금요일10:00 ~ 17:30토요일10:00 ~ 17:30일요일10:00 ~ 17:30,"周一休息

周二 10:00 ~ 17:30

周三 10:00 ~ 17:30

周四 10:00 ~ 17:30

周五 10:00 ~ 17:30

周六 10:00 ~ 17:30

周日 10:00 ~ 17:30"
"번개우주선과 번개미로의 이용요금은 각각 소인 9,000원, 대인 3,000원이며, 두가지 체험 모두 가능한 종합이용권은 소인 15,000원, 대인 5,000원입니다. 36개월 미만 영유아는 무료 입장 가능하며, 세자녀 이상 가족(다자녀)은 50% 할인 혜택을 받을 수 있습니다. 할인 적용 시 신분증 또는 증빙 서류가 필요합니다.","闪电飞船和闪电迷宫的门票分别为儿童9,000韩元和成人3,000韩元。包含两项体验的通票价格为儿童15,000韩元，成人5,000韩元。36个月以下的婴儿免费入场，三个或三个以上孩子的家庭可享受50%的折扣。享受折扣时需出示身份证件或其他相关证明文件。"
산들나비체험장,桑德尔蝴蝶体验中心
경기도 광주시 퇴촌면 태허정로 144-40,京畿道广州市砥村面泰熙正路144-40
"영업시간 변동이 있을 수 있으니, 문자 또는 전화로 문의 후 방문하세요
[요금 및 프로그램 안내]
입장료 - 10,000원
나비오감&나비샌드아트 체험 - 15,000원
친환경모래를 이용한 나비, 장수풍뎅이, 사슴벌레, 나비 번데기 만들기 (1시간)
나비오감&나비목걸이 체험 - 15,000원
친환경 나무에 알록달록 색칠해서 나만의 나비목걸이 만들기 (1시간)
나비오감&나비한살이 키트 만들기 - 30,000원
나비한살이에 대해서 선생님과 공부하고 직접 나비한살이 키트를 만드는 체험 (2시간)","开放时间可能会有所变动，请在参观前通过短信或电话咨询。

[费用及项目指南]

门票 - 10,000 韩元

蝴蝶感官体验及蝴蝶沙画 - 15,000 韩元

使用环保沙子制作蝴蝶、犀牛甲虫、锹甲虫和蝴蝶蛹（1 小时）

蝴蝶感官体验及蝴蝶项链制作 - 15,000 韩元

为环保木材着色，制作属于您自己的蝴蝶项链（1 小时）

蝴蝶感官体验及蝴蝶生命周期模型制作 - 30,000 韩元

在指导老师的带领下学习蝴蝶的生命周期，并制作属于您自己的蝴蝶生命周期模型（2 小时）"
월요일09:30 ~ 18:00화요일09:30 ~ 18:00수요일09:30 ~ 18:00목요일09:30 ~ 18:00금요일09:30 ~ 18:00토요일09:30 ~ 18:00일요일09:30 ~ 18:00,星期一 09:30 ~ 18:00 星期二 09:30 ~ 18:00 星期三 09:30 ~ 18:00 星期四 09:30 ~ 18:00 星期五 09:30 ~ 18:00 星期六 09:30 ~ 18:00 星期日 09:30 ~ 18:00
"입장료는 1인당 10,000원입니다. 결제는 현금 또는 계좌이체만 가능하며, 카드 결제는 지원되지 않습니다. 주차장은 체험장에 마련되어 있습니다.","门票价格为每人10,000韩元。仅接受现金或银行转账支付，不支持刷卡支付。体验区设有停车场。"
안면도 쥬라기 박물관,安眠岛侏罗纪博物馆
충청남도 태안군 남면 곰섬로 37-20,忠清南道泰安郡南面古岛路37-20
"월요일이 공휴일인 경우 다음날이 휴관일
[요금]
박물관+미디어관
성인(20세 이상) 14,000원
청소년(만12세~18세) 12,500원
어린이(만36개월~12세) 10,500원
태안군 군민 10% 할인
36개월 미만 영유아 무료 입장
자세한 요금 안내 및 할인 정보는 홈페이지 또는 첨부된 사진을 확인해 주세요","若周一为公共假日，则次日闭馆。

【门票价格】

博物馆+媒体中心

成人（20岁及以上）：14,000韩元

青少年（12-18岁）：12,500韩元

儿童（36个月-12岁）：10,500韩元

泰安郡居民可享九折优惠

36个月以下婴幼儿：免费入场

有关门票价格及优惠详情，请查看网站或附图。"
월요일정기 휴무화요일09:30 ~ 17:30수요일09:30 ~ 17:30목요일09:30 ~ 17:30금요일09:30 ~ 17:30토요일09:30 ~ 17:30일요일09:30 ~ 17:30,"周一休息

周二 09:30 ~ 17:30

周三 09:30 ~ 17:30

周四 09:30 ~ 17:30

周五 09:30 ~ 17:30

周六 09:30 ~ 17:30

周日 09:30 ~ 17:30"
"입장료는 성인(20세 이상) 14,000원, 청소년(만 12세~18세) 12,500원, 어린이(만 36개월~12세) 10,500원입니다. 태안군 군민은 10% 할인이 적용되며, 36개월 미만 영유아는 무료 입장입니다. 월요일이 공휴일일 경우 다음날이 휴관일이니 참고하세요.","成人（20岁及以上）门票为14,000韩元，青少年（12-18岁）门票为12,500韩元，儿童（36个月-12岁）门票为10,500韩元。泰安郡居民可享受10%的折扣，36个月以下的婴儿免费入场。请注意，如果周一是节假日，则次日闭馆。"
중구생활사전시관,中九生活史展览馆
인천광역시 중구 신포로23번길 97,仁川广域市中区新浦路23街97
"[요금]
성인(만 19세 이상) - 1,000원
청소년(만 13세~18세) - 700원
어린이(만 12세 이하) - 무료
5개관 통합관람 시 관람료 - 성인 3,400원 / 청소년 700원 / 어린이 무료
의상 체험 - 10,000원
[이용안내]
5개관 통합관람 대상 박물관 - 대불호텔전시과, 한중문화관, 인천개항장 근대건축전시관, 개항박물관, 짜장면박물관","【门票】

成人（19岁及以上）- 1,000韩元

青少年（13-18岁）- 700韩元

儿童（12岁及以下）- 免费

五大展馆联票 - 成人 3,400韩元 / 青少年 700韩元 / 儿童 免费

服饰体验 - 10,000韩元

【导览】

五大展馆联票包含以下博物馆：大佛酒店展厅、中韩文化中心、仁川开放港现代建筑展厅、开放港博物馆、炸酱面博物馆"
월요일정기휴무화요일09:00 ~ 18:00수요일09:00 ~ 18:00목요일09:00 ~ 18:00금요일09:00 ~ 18:00토요일09:00 ~ 18:00일요일09:00 ~ 18:00,"周一休息

周二 09:00 ~ 18:00

周三 09:00 ~ 18:00

周四 09:00 ~ 18:00

周五 09:00 ~ 18:00

周六 09:00 ~ 18:00

周日 09:00 ~ 18:00"
"입장료는 성인(만 19세 이상) 1,000원, 청소년(만 13세~18세) 700원이며, 어린이(36개월~만 12세)는 무료입니다. 또한 '5개관 통합관람권' 구매 시 성인은 3,400원, 청소년은 700원, 어린이는 무료로 인천차이나타운 내 5개 박물관을 모두 이용할 수 있습니다.",门票价格为成人（19岁及以上）1000韩元，青少年（13至18岁）700韩元，儿童（36个月至12岁）免费。此外，购买“五馆联票”即可参观仁川中华街的全部五座博物馆，成人票价为3400韩元，青少年票价为700韩元，儿童免费。
국립밀양기상과학관,密阳国家气象科学博物馆
경남 밀양시 밀양대공원로 84,庆尚南道密阳市密阳大门路84
"[요금]
밀양 시민(과학관+천문대+박물관) - 성인 3,000원 / 학생 1,500원
단체(과학관+천문대+박물관) 성인 4,500원 / 학생 2,300원
일반(과학관+천문대+박물관) - 5,500원 / 성인 학생 2,300원
단체학생(과학관+천문대) - 성인 4,000원 / 학생 2,000원
밀양 시민(과학관+천문대) - 성인 3,000원 / 학생 1,500원
일반(과학관+천문대) - 성인 5,000원 / 학생 2,000원
일반 - 성인 2,000원 / 학생 1,000원
단체 - 성인 1,000원 / 학생 500원
밀양 - 성인 1,000원 / 학생 500원
미취학 아동 및 65세 이상 - 무료
[교육 프로그램]
현장 방문, 1층 키오스크에서 신청 가능
소요시간 : 각 회차별 30분
운영시간 : 10:30 / 14:30
참여 인원 : 최대 15명(전 연령 신청 가능)
[전시해설 프로그램]
운영시간 : 10:30 / 13:00 / 14:30 / 16:00
참여 인원 : 최대 15명(초등학교 이상 신청 가능)
[실내놀이터(날씨놀이터)]
대상: 3~7세 유아
내용: 볼풀, 가베놀이, 날씨 체험존
운영 시간: 평일 13시~16시 매시 정각부터 45분 동안 / 주말 10시~16시 매시 정각부터 45분(12시~12시 45분 제외)
참여 인원: 15명
[이용안내]
발권 마감시간: 종료 1시간 전","【门票】

密阳市民（科学博物馆+天文台+博物馆）- 成人 3,000 韩元 / 学生 1,500 韩元

团体票（科学博物馆+天文台+博物馆）- 成人 4,500 韩元 / 学生 2,300 韩元

普通票（科学博物馆+天文台+博物馆）- 成人 5,500 韩元 / 学生 2,300 韩元

学生团体票（科学博物馆+天文台）- 成人 4,000 韩元 / 学生 2,000 韩元

密阳市民（科学博物馆+天文台）- 成人 3,000 韩元 / 学生 1,500 韩元

普通票（科学博物馆+天文台）- 成人 5,000 韩元 / 学生 2,000 韩元

普通票 - 成人 2,000 韩元 / 学生 1,000 韩元

团体票 - 成人 1,000 韩元 / 学生 500 韩元门票

密阳 - 成人 1,000 韩元 / 学生 500 韩元

学龄前儿童及 65 岁及以上老人 - 免费

【教育项目】

可现场参观或前往一楼服务亭咨询

时长：每次 30 分钟

开放时间：10:30 / 14:30

参与人数：最多 15 人（欢迎所有年龄段）

【展览讲解项目】

开放时间：10:30 / 13:00 / 14:30 / 16:00

参与人数：最多 15 人（欢迎小学生及以上）

【室内游乐场（天气游乐场）】

目标人群：3-7 岁幼儿

内容：球池、GABE 游戏区、天气体验区

开放时间：工作日13:00–16:00（每小时整点开始，每45分钟）/ 周末 10:00–16:00（每小时整点开始，每45分钟）（不含 12:00–12:45）

参与人数：15人

[使用指南]

售票截止时间：闭馆前1小时"
"[입장료 안내]
- 일반(성인 2,000원/학생 1,000원), 단체(성인 1,000원/학생 500원), 밀양시민(성인 1,000원/학생 500원), 미취학 아동 및 65세 이상 무료 등 다양한 요금제(과학관/천문대/박물관 통합, 단품 등)가 있습니다. 자세한 요금은 공식 홈페이지를 참고해주세요.
[운영시간/휴관일]
- 화~일 : 10:00~17:30, 월요일 정기휴무(발권 마감 : 종료 1시간 전)
- 설날, 추석 등 공휴일은 별도 안내될 수 있습니다.","【门票信息】

- 提供多种票价方案，包括普通票（成人 2,000 韩元 / 学生 1,000 韩元）、团体票（成人 1,000 韩元 / 学生 500 韩元）、密阳市民票（成人 1,000 韩元 / 学生 500 韩元），以及学龄前儿童和 65 岁及以上人士免费（包含科学馆/天文台/博物馆联票、单项门票等）。详细票价信息请参考官方网站。

【开放时间/闭馆日】

- 周二至周日：上午 10:00 至下午 5:30，周一闭馆（闭馆前 1 小时停止售票）

- 农历新年、中秋节等公共假期可能会另行通知。"
용인 처인성역사교육관,龙仁市仁城历史教育中心
경기도 용인시 처인구 남사읍 처인성로 673,京畿道龙仁市处仁区南沙邑处仁城路673
"[요금]
입장료 및 관람료: 무료
별도의 예약 없이 현장 방문
1층: 전시실, 체험실, 문화교실, 자료실
2층: 다목적실, 사무실
<블록쌓기, 스케치팝 체험실>
운영시간: 10:00~12:00(오전) / 13:00~17:00(오후)
1회당 최대 체험 인원 10명
체험 프로그램(주기적 변경)
2022.11~12월: 고려의 히어로즈를 찾아서
홈페이지 예약","【费用】

入场及参观费用：免费

无需预约，直接入场

一层：展览厅、体验室、文化教室、档案馆

二层：多功能厅、办公室

<方块建筑、速写体验室>

开放时间：10:00–12:00（上午）/ 13:00–17:00（下午）

每场最多10人

体验项目（可能不定期调整）

2022年11月至12月：探寻高丽英雄

可通过网站预约"
"용인 처인성역사교육관의 입장료 및 관람료는 무료입니다. 체험 프로그램도 무료로 제공되고 있습니다. 단, 특별행사나 일부 체험은 사전 예약이 필요할 수 있습니다.",龙仁天仁城历史教育中心免费入场参观，互动体验项目也免费。但部分特别活动可能需要提前预约。
대구창의융합교육원,大邱创意融合教育中心
대구광역시 수성구 동대구로 172 과학교육원,科学教育中心，大邱广域市寿城区东大邱路172号
"관람료: 무료
[운영 안내]
주중(평일): 일반관람 미운영
주말: 일반시민 및 학생 자유 관람
<학생과학관(전시관, 수학체험센터, 소프트웨어체험센터)>
사전 신청 없이 당일 현장 방문, 자유관람 가능
전시관 소독 및 환기 - 13:00~13:30
<천체투영실(1일 2회)>
1회차 - 입장시간 13:50~14:00 / 관람시간 14:00~14:30
2회차 - 입장시간 15:50~16:00 / 관람시간 16:00~16:30","入场：免费

【运营指南】

平日：不对外开放

周末：公众及学生免费入场

<学生科学博物馆（展览馆、数学体验中心、软件体验中心）>

无需预约，现场免费入场

展览馆消毒通风时间：13:00~13:30

<天文馆（每日两场）>

第一场 - 入场时间：13:50~14:00 / 放映时间：14:00~14:30

第二场 - 入场时间：15:50~16:00 / 放映时间：16:00~16:30"
"관람 시간은 매일 오전 10시부터 오후 5시까지(13:00~13:30 전시관 소독 및 환기)입니다. 일반관람은 주말(토, 일)에만 운영되며, 평일(월~금)은 일반관람이 불가합니다. 모든 관람과 체험은 무료입니다.",每日开放时间为上午10:00至下午5:00（下午1:00至1:30进行展厅消毒通风）。仅周末（周六、周日）开放，周一至周五不开放。所有门票及活动均免费。
밀양아리랑우주천문대,密阳阿里郎太空观测站
경남 밀양시 밀양대공원로 86,庆尚南道密阳市密阳大门路86
"[요금]
통합 입장권(천문대+기상과학관): 성인 5,000원 / 학생 2,000원
천문대 관람료(전시물 관람, 태양 관측): 성인 4,000원 / 학생 2,000원
천체투영관: 성인 2,000원 / 청소년, 어린이 1,000원
야간 프로그램: 성인 6,000원 / 청소년, 어린이 3,000원
6세 이하 유아 및 65세 이상 노인: 무료
자세한 메뉴 및 요금은 첨부된 이미지를 확인해 주세요.
[이용안내]
브레이크 타임: 17시 30분~19시 30분
매표 마감: 16시 30분
<야간개관>
약 1시간~1시간 30분 동안 진행
시기: 4월~8월
관람시간 - 19:30(평일 및 주말), 20:00(주말), 20:30(평일 및 주말)
매표시간 - 각 프로그램 시작 30분 전부터
시기: 9월~다음 해 3월
관람시간 - 19:00(평일 및 주말), 19:30(주말)","【费用】

联票（天文台+气象科学博物馆）：成人 5,000 韩元 / 学生 2,000 韩元

天文台门票（展览、太阳观测）：成人 4,000 韩元 / 学生 2,000 韩元

行星观测：成人 2,000 韩元 / 青少年、儿童 1,000 韩元

夜间活动：成人 6,000 韩元 / 青少年、儿童 3,000 韩元

6 岁及以下婴幼儿和 65 岁及以上老人：免费

请查看附图了解详细菜单和费用。

【使用指南】

休息时间：17:30–19:30

售票截止时间：16:30

<夜间首映>

时长约1小时至1小时30分钟

演出季：4月至8月

放映时间：19:30（平日及周末），20:00（周末），20:30（平日及周末）

售票：每场演出开始前30分钟开始

演出季：9月至次年3月

放映时间：19:00（平日及周末），19:30（周末）"
월요일정기휴무화요일10:00 ~ 22:00수요일10:00 ~ 22:00목요일10:00 ~ 22:00금요일10:00 ~ 22:00토요일10:00 ~ 22:00일요일10:00 ~ 22:00,"周一休息

周二 10:00 ~ 22:00

周三 10:00 ~ 22:00

周四 10:00 ~ 22:00

周五 10:00 ~ 22:00

周六 10:00 ~ 22:00

周日 10:00 ~ 22:00"
오산시 유엔군 초전기념관,乌山市联合国军第一次战斗纪念馆
경기도 오산시 경기대로 742 UN초전기념관,联合国第一次战斗纪念馆，京畿道乌山市京畿大路742号
"[요금]
무료",[费用] 免费
"오산시 유엔군 초전기념관의 운영시간은 화요일부터 일요일까지 오전 9시부터 오후 6시까지이며, 월요일은 정기 휴무입니다. 입장료는 무료입니다.",乌山联合国军首战纪念馆的开放时间为周二至周日，上午9:00至下午6:00，周一闭馆。免费入场。
오미자테마공원,五味子主题公园
경북 문경시 문경읍 새재로 715,庆尚北道闻庆市闻庆邑新才路 715
"[요금]
무료
[이용안내]
하계(3월~10월) 10:00~17:00 / 동계(11월~2월) 10:00~16:00
1층 - 오미자체험장, 특산물 판매장
2층 - 오미자 전시실, 디지털체험 및 유아놀이시설
3층 - 오미자테마카페 미정원 / 바람살랑 오두막 전망대전망대","【入场费】

免费

【开放时间】

夏季（3月至10月）10:00–17:00 / 冬季（11月至2月）10:00–16:00

1楼 - 五味子体验中心、当地特色商店

2楼 - 五味子展览馆、数字体验区及幼儿游乐设施

3楼 - 五味子主题咖啡厅美正园 / 微风小屋观景台"
"오미자테마공원 입장은 무료입니다. 일부 체험 프로그램이 별도로 운영된다면, 현장 안내 또는 공식 채널에서 상세 내용을 확인하실 수 있습니다.",五味子主题公园免费入场。如有特别体验项目单独运营，详情请咨询现场工作人员或通过官方渠道查询。
포항구룡포과메기문화관,浦项九龙浦瓜梅基文化中心
경북 포항시 남구 구룡포읍 구룡포길117번길 28-8,庆尚北道浦项市南区九龙浦邑九龙浦路117街28-8
"입장 마감시간: 17:30
입장료 및 관람료: 무료
1층: 기획전시실, 판매장/관리실
2층: 해양체험관, 사무실/연구센터
3층: 과메기홍보관, 과메기문화관
4층: 야외전망대, 해양관/영상관/카페
[영상체험관]
2D <바람이 전하는 맛 - 과메기> 과메기 탄생을 그린 만화 이야기
상영시간: 11:00, 16:30
3D 겸재 정선과 내연산의 비밀
상영시간: 14:30","最后入场时间：17:30

入场费：免费

一层：特展厅、售票处/行政办公室

二层：海洋体验馆、办公室/研究中心

三层：风之味推广馆、风之味文化馆

四层：户外观景台、海洋馆/影像馆/咖啡厅

[影像体验馆]

2D动画《风之味——风之味》：讲述风之味诞生的动画故事

放映时间：11:00、16:30

3D动画《谦宰贞善与奈妍山的秘密》

放映时间：14:30"
월요일정기 휴무화요일9:00 ~ 18:00수요일9:00 ~ 18:00목요일9:00 ~ 18:00금요일9:00 ~ 18:00토요일9:00 ~ 18:00일요일9:00 ~ 18:00,"周一休息

周二 9:00 ~ 18:00

周三 9:00 ~ 18:00

周四 9:00 ~ 18:00

周五 9:00 ~ 18:00

周六 9:00 ~ 18:00

周日 9:00 ~ 18:00"
관람료와 주차요금 모두 무료입니다.,入场和停车均免费。
여주시립폰박물관,骊州市电话博物馆
경기도 여주시 강변유원지길 105,京畿道骊州市江边游园地路105
"관람시간
3월~10월 - 09:00~18:00
11월~2월 - 09:00~17:00
종료 1시간 전까지 입장 가능
[요금]
여주시민 - 무료
어른 - 3,000원
청소년(중, 고등학생) - 2,500원
어린이(초등학생) - 2,000원
6세 이하 유아 - 무료
매주 마지막 주(문화의 주) - 무료입장
금, 은 모래 캠핑장 주차장 이용 시 2시간 무료","参观时间

3月至10月 - 9:00–18:00

11月至次年2月 - 9:00–17:00

闭馆前一小时停止入场

[门票]

骊州市居民 - 免费

成人 - 3,000韩元

青少年（初中及高中学生） - 2,500韩元

儿童（小学生） - 2,000韩元

6岁及以下婴幼儿 - 免费

每月最后一周（文化周） - 免费入场

金恩沙露营地提供2小时免费停车"
"여주시립폰박물관의 관람시간은 3월~10월에는 오전 9시부터 오후 6시까지, 11월~2월에는 오전 9시부터 오후 5시까지입니다. 월요일은 정기 휴관이며, 그 외 휴무일은 방문 전 박물관 공식 안내를 확인해 주세요. 입장은 마감 1시간 전까지 가능합니다.",骊州市立电话博物馆的开放时间为：3月至10月上午9:00至下午6:00，11月至次年2月上午9:00至下午5:00。博物馆每周一闭馆进行例行维护；其他闭馆日期请在参观前查看博物馆官方公告。最晚入场时间为闭馆前一小时。
"입장료는 어른 3,000원, 청소년(중·고등학생) 2,500원, 어린이(초등학생) 2,000원입니다. 6세 이하 유아, 여주시민은 무료 입장이 가능합니다. 또한 매월 마지막 주 문화의 날에는 누구나 무료로 입장할 수 있습니다.",成人票价为3000韩元，青少年（初中生和高中生）票价为2500韩元，儿童（小学生）票价为2000韩元。6岁及以下婴幼儿和骊州市居民免费入场。此外，每月最后一周的文化日当天，所有人都可免费入场。
거창월성우주창의과학관,巨昌月城太空创意科学博物馆
경남 거창군 북상면 덕유월성로 1312-96,庆尚南道居昌郡北山面德裕月城路1312-96
"휴게시간 - 12:00~13:00
토요 야간 별자리여행 - 동절기(10월~11월, 3월): 19:00~21:30 / 하절기(4월~9월): 19:30~22:00
[입장 및 체험 요금 안내]
어른: 3,000원
청소년 및 어린이: 2,000원
6세 이하 유아 무료 입장
체험료: 각 체험당 2,000원
토요 야간 별자리여행: 낮에는 볼 수 없는 실재 밤하늘 천체를 천체망원경으로 관측하는 프로그램
성인: 7,000원
청소년(미취학아동 포함): 6,000원
자세한 요금 및 체험 프로그램 안내는 첨부된 사진 혹은 홈페이지를 참고해 주세요.","休息时间：12:00~13:00

周六晚观星之旅 - 冬季（10月~11月，3月）：19:00~21:30 / 夏季（4月~9月）：19:30~22:00

【入场及体验费用信息】

成人：3,000韩元

青少年及儿童：2,000韩元

6岁以下婴幼儿：免费

体验费用：每次2,000韩元

周六晚观星之旅：使用望远镜观测白天无法观测到的夜空天体

成人：7,000韩元

青少年（含学龄前儿童）：6,000韩元

有关费用及体验项目的详细信息，请参阅附图或访问网站。"
"입장요금은 어른 3,000원, 청소년 및 어린이 2,000원이며 6세 이하 유아는 무료입니다. 각 체험당 2,000원의 체험료가 별도로 부과됩니다. 운영시간은 화요일부터 일요일 오전 9:30~오후 5:30(입장 마감 16:30)까지이며, 월요일은 정기 휴무입니다. 점심시간(12:00~13:00)에는 체험이 제한될 수 있습니다. 토요 야간 별자리여행 프로그램은 동절기(10~11월, 3월)는 19:00~21:30, 하절기(4~9월)는 19:30~22:00에 진행됩니다.",成人门票为3000韩元，青少年及儿童门票为2000韩元；6岁及以下婴幼儿免费。每项活动需另行付费，费用为2000韩元。开放时间为周二至周日9:30至17:30（16:30停止入场），周一闭馆。午餐时间（12:00至13:00）活动可能有所限制。冬季（10月至11月，次年3月）的周六晚观星之旅时间为晚上7:00至9:30，夏季（4月至9月）为晚上7:30至10:00。
천적생태과학관,自然天敌生态科学博物馆
경남 거창군 거창읍 거함대로 3372-60,庆尚南道居昌郡居昌邑居咸大路 3372-60
천적생태과학관은 입장료가 무료입니다.,自然天敌生态科学博物馆免费入场。
팀랩 플래닛 도쿄,teamLab 东京星球
"6 Chome-1-16 Toyosu, Koto City, Tokyo 135-0061 일본","6 Chome-1-16 Toyosu, 江东区, 东京 135-0061 日本"
"[요금]
<월~금>
성인(만18세 이상): 3,800엔(~7월 21일) / 4,200엔(7월 22일~)
중학생·고등학생: 2,800엔
어린이(만4세~12세): 1,500엔
만3세 이하: 무료
<토, 일, 공휴일>
성인(만18세 이상): 4,200엔
[이용안내]
입장 마감: 21시","【入场费】

<周一至周五>

成人（18岁及以上）：3,800日元（7月21日前）/ 4,200日元（7月22日起）

初中生：2,800日元

儿童（4～12岁）：1,500日元

3岁及以下儿童：免费

<周六、周日及节假日>

成人（18岁及以上）：4,200日元

【信息】

最后入场时间：21:00"
월요일09:00 ~ 22:00화요일09:00 ~ 22:00수요일정기휴무목요일09:00 ~ 22:00금요일09:00 ~ 22:00토요일09:00 ~ 22:00일요일09:00 ~ 22:00,星期一 09:00 ~ 22:00 星期二 09:00 ~ 22:00 星期三 休息 星期四 09:00 ~ 22:00 星期五 09:00 ~ 22:00 星期六 09:00 ~ 22:00 星期日 09:00 ~ 22:00
"평일(월~금) 성인(18세 이상) 3,800엔(7월 21일까지)/4,200엔(7월 22일부터), 중고생 2,800엔, 어린이(4~12세) 1,500엔, 3세 이하는 무료입니다. 주말·공휴일은 성인 4,200엔이며, 중고생·어린이 요금과 3세 이하 무료 정책은 동일합니다.","平日（周一至周五），成人（18岁及以上）票价为3,800日元（7月21日前）/ 4,200日元（7月22日起），初中生、高中生票价为2,800日元，儿童（4-12岁）票价为1,500日元，3岁及以下儿童免费。周末及节假日，成人票价为4,200日元，初中生、高中生及儿童票价以及3岁及以下儿童免费政策不变。"
국회박물관 어린이박물관,国民议会博物馆儿童博物馆
서울특별시 영등포구 의사당대로 1 국회,首尔市永登浦区议事堂大路1号，国会大厦
"[입장료]
무료
[운영 안내]
정기휴관일: 법정공휴일, 근로자의 날, 국회개원기념일
관람시간: 1회차 - 10:00~11:20 / 2회차 - 13:30~14:50 / 3회차 - 15:00~16:20
토요일은 1회차만 운영
어린이박물관은 사전 온라인 예약자만 입장이 가능합니다. (월 1회)
관람일 14일 전 00시부터 예약이 가능(정원 50명)
10세 이하 아이만 이용 가능
전시실 내부 음식물 섭취 불가
유모차 입장 불가","【入场费】

免费

【运营信息】

常规闭馆日：公众假期、劳动节、国会开幕纪念日

参观时间：第一场 - 10:00–11:20 / 第二场 - 13:30–14:50 / 第三场 - 15:00–16:20

周六仅开放第一场

儿童博物馆仅限提前在线预约参观。（每月一次）

预约可于参观日期前14天00:00开始（限50人）

仅限10岁及以下儿童入内

展厅内禁止饮食

禁止携带婴儿车"
"관람은 평일에는 1회차(10:00~11:20), 2회차(13:30~14:50), 3회차(15:00~16:20) 등 하루 3회차로 운영되며, 토요일은 1회차(10:00~11:20)만 운영합니다. 일요일과 법정공휴일, 근로자의 날, 국회개원기념일은 휴관입니다. 편의시설로는 수유실, 기저귀 교환대, 주차, 예약, 물품보관함이 제공됩니다. 유모차는 입장 불가하며, 입구 근처 유모차 보관소에 보관해야 합니다. 실내 음식물 섭취는 금지되어 있습니다.",平日每天开放三场放映：第一场（10:00–11:20）、第二场（13:30–14:50）和第三场（15:00–16:20）。周六仅开放第一场（10:00–11:20）。周日、公众假期、劳动节和国会开幕纪念日闭馆。馆内设施包括哺乳室、婴儿换尿布台、停车场、预约服务和储物柜。婴儿车禁止入内，必须存放在入口附近的婴儿车存放区。馆内禁止饮食。
"어린이박물관 입장은 사전 온라인 예약을 통해서만 가능합니다. 예약은 관람일 14일 전 00시부터 가능하며, 1인당 1개월 1회, 연 12회까지만 예약할 수 있습니다. 회차당 정원은 50명입니다. 예약 없이 현장 입장은 불가합니다. 입장료는 무료입니다.",儿童博物馆仅接受提前在线预约入场。预约将于参观日期前14天午夜开始，每人每月限预约一次，每年最多12次。每次参观人数上限为50人。未预约者恕不接待现场参观。入场免费。
섬진강기차마을생태학습관,蟾津江火车村生态学习中心
전남 곡성군 오곡면 기차마을로 252-16,全罗南道谷城郡五谷面吉夏村路252-16
"[요금]
대인 - 5,000원
소인, 경로우대자 - 4,500원
곡성국민, 국가유공자, 장애인 - 무료
48개월 미만 - 무료","【票价】

成人 - 5,000 韩元

儿童、老年人 - 4,500 韩元

谷城居民、国家功勋人士、残疾人士 - 免费

48 个月以下儿童 - 免费"
월요일10:00 ~ 18:00화요일10:00 ~ 18:00수요일10:00 ~ 18:00목요일10:00 ~ 18:00금요일10:00 ~ 18:00토요일10:00 ~ 18:00일요일10:00 ~ 18:00,星期一 10:00 ~ 18:00 星期二 10:00 ~ 18:00 星期三 10:00 ~ 18:00 星期四 10:00 ~ 18:00 星期五 10:00 ~ 18:00 星期六 10:00 ~ 18:00 星期日 10:00 ~ 18:00
"입장료는 대인 5,000원, 소인 및 경로우대자 4,500원입니다. 곡성국민, 국가유공자, 장애인, 48개월 미만의 영유아는 무료로 입장할 수 있습니다.",成人门票为5000韩元，儿童和老年人门票为4500韩元。谷城居民、国家功勋人物、残疾人士以及48个月以下的婴儿可免费入场。
하이커 그라운드,徒步者营地
서울특별시 중구 청계천로 40 한국관광공사 서울센터,韩国旅游发展局首尔中心，首尔市中区清溪川路40号
"[요금]
관람료: 무료(유료 별도 공지)
[이용 안내]
입장 마감: 운영 시간 종료 20분 전까지
[프로그램]
도슨트 프로그램
정기해설
이용시간: 화~일요일 / 10:30, 15:30
이용방법: 최대 15명, 선착순 워크인","【费用】

入场：免费（收费服务另行通知）

【使用须知】

最晚入场时间：闭馆前20分钟

【活动】

讲解员讲解

常规讲解

开放时间：周二至周日 / 10:30, 15:30

入场方式：最多15人，先到先得，无需预约"
월요일정기휴무화요일10:00 ~ 19:00수요일10:00 ~ 19:00목요일10:00 ~ 19:00금요일10:00 ~ 19:00토요일10:00 ~ 19:00일요일10:00 ~ 19:00,"周一休息

周二 10:00 ~ 19:00

周三 10:00 ~ 19:00

周四 10:00 ~ 19:00

周五 10:00 ~ 19:00

周六 10:00 ~ 19:00

周日 10:00 ~ 19:00"
"하이커 그라운드는 관람료가 무료입니다(유료 프로그램은 별도 공지됨). 대부분 자유 관람이 가능하지만, 일부 체험 프로그램의 경우 사전 예약이 필요하니 방문 전 공식 홈페이지 '예약창'에서 원하는 프로그램의 예약 가능 여부를 꼭 확인하세요.",徒步者乐园免费入场（收费项目将另行公布）。虽然大部分活动免费，但部分体验项目需要提前预约，因此请务必在前往之前，先在官网的“预约页面”查看您心仪项目的名额。
xr버스1795행,XR 1795路公交车
경기도 수원시 팔달구 매향동 153-11,京畿道水原市八达区梅香洞153-11
"[요금]
탑승 요금: 무료
[이용안내]
수원화성 순환형 버스(40분 소요)
- 승하차장: 연무대 공영 주차장 (경기 수원시 매향동 153-11)
- 운영요일: 화,목,토,일 (11시, 13시, 15시, 17시)
- 코스: 연무대 - 화성행궁 - 팔당문 - 화서문 - 장안문 - 용연 - 창룡문 - 화호문 - 수원화성박물관
서울-수원 편도형 버스(90분 소요)
- 운영요일: 금 (11시)
- 코스: 한국관광공사 서울센터(후면부) → 수원 연무대 주차장","【票价】

机票：免费

【信息】

水原华城环城巴士（40分钟）

- 站点：延武台公共停车场（京畿道水原市梅香洞153-11）

- 运营日期：周二、周四、周六、周日（11:00、13:00、15:00、17:00）

- 路线：延武台 - 华城行宫 - 八堂门 - 华西门 - 长安门 - 龙渊池 - 昌龙门 - 华湖门 - 水原华城博物馆

首尔-水原单程巴士（90分钟）

- 运营日期：周五（11:00）

- 路线：韩国旅游发展局首尔中心（后门）→ 水原延武台停车场"
XR버스 1795행의 탑승 요금은 전 구간 무료입니다. 별도의 결제 없이 이용하실 수 있습니다.,XR巴士1795路全程免费，无需额外付费。
신라대종,新罗大钟
경북 경주시 태종로 767,庆尚北道庆州市太宗路 767
"[요금]
5인 이하: 5,000원
5인 초과: 10,000원
[이용안내]
타종시간: 11시~17시(매시 정각 진행, 13시 제외)","【费用】

5人及以下：5,000韩元

5人以上：10,000韩元

【使用指南】

鸣钟时间：上午11:00至下午5:00（整点鸣钟，下午1:00除外）"
"5인 이하 팀은 5,000원, 5인 초과 시 10,000원의 요금이 있습니다. 현장에서 선착순으로 바로 접수하거나, 홈페이지를 통해 사전에 인터넷으로 신청할 수 있습니다.",参赛费用为：5人及以下团队5000韩元，5人以上团队10000韩元。您可以现场报名，先到先得，也可以提前通过网站在线申请。
국립경주박물관 어린이박물관,庆州国立博物馆儿童博物馆
경상북도 경주시 일정로 186,庆尚北道庆州市日正路186
"[요금]
관람료 및 입장료: 무료
[시설]
상설전시, 특별전시, 물품보관함, 엘리베이터, 화장실, 수유실, 독서 및 휴게실, 프로그램실
[이용안내]
휴관: 3, 6, 9, 11월 첫 번째 월요일
관람 회차 및 시간: 10시부터 매시 정각 / 50분 관람","【费用】

入场：免费

【设施】

常设展览、特展、储物柜、电梯、洗手间、母婴室、阅览室和休息室、活动室

【使用指南】

闭馆日：三月、六月、九月和十一月的第一个星期一

参观时间：每小时整点开始，从10:00开始 / 每次参观50分钟"
"어린이박물관은 오전 10시부터 오후 6시까지 매시 정각에 입장하여 50분 동안 관람할 수 있습니다. 휴관일은 3, 6, 9, 11월 첫 번째 월요일입니다. 예약제이므로 반드시 시간에 맞춰 오셔야 하고, 음식물 반입은 금지되어 있습니다. 어린이박물관은 국립경주박물관 특별전시관 지하에 위치해 있습니다.",儿童博物馆开放时间为上午10:00至下午6:00。每小时整点入场，参观时间50分钟。博物馆于每年三月、六月、九月和十一月的第一个星期一闭馆。参观需提前预约，请准时到达。馆内禁止携带食物。儿童博物馆位于庆州国立博物馆特展厅的地下室。
"국립경주박물관과 어린이박물관 모두 주차장이 넓게 마련되어 있어 주차가 편리하며, 주차료와 입장료 모두 무료입니다.",庆州国立博物馆和儿童博物馆都设有宽敞的停车场，停车方便，而且停车和入场都是免费的。
국립등대박물관,国家灯塔博物馆
경북 포항시 남구 호미곶면 해맞이로150번길 20,庆尚北道浦项市南区虎尾谷面解马路路150街20
"[요금]
관람료 및 입장료: 무료
입장 마감 시간: 17:30
[박물관 시설]
전시관: 등대의 시간(2F), 등대의 과학(3F)
교육관: 영유아 바다놀이터
체험관: 아날로그 체험공간(1F), 디지털 체험공간(2F)
등대역사관","【费用】

入场：免费

最后入场时间：17:30

【博物馆设施】

展厅：灯塔的时代（2楼）、灯塔的科学（3楼）

教育厅：婴幼儿海洋乐园

体验厅：模拟体验空间（1楼）、数字体验空间（2楼）

灯塔历史馆"
월요일정기휴무화요일9:00 ~ 18:00수요일9:00 ~ 18:00목요일9:00 ~ 18:00금요일9:00 ~ 18:00토요일9:00 ~ 18:00일요일9:00 ~ 18:00,"周一休息

周二 9:00 ~ 18:00

周三 9:00 ~ 18:00

周四 9:00 ~ 18:00

周五 9:00 ~ 18:00

周六 9:00 ~ 18:00

周日 9:00 ~ 18:00"
전쟁기념관 어린이박물관,韩国战争纪念馆儿童博物馆
서울특별시 용산구 이태원로 29 전쟁기념관,首尔特别市龙山区梨泰院路29号韩国战争纪念馆
"[요금]
입장료 무료
주차요금 - 소형: 2시간 이내 4,000원 / 대형: 2시간 이내 12,000원
자세한 주차요금은 첨부된 사진을 확인해 주세요
[이용 안내]
휴관일: 매주 월요일 (월요일이 포함된 연휴 때는 연휴 다음날 휴관)
관람시간: 총 8회
10:00~10:50, 11:00~11:50, 12:00~12:50, 13:00~13:50, 14:00~14:50, 15:00~15:50, 16:00~16:50, 17:00~17:50
안전하고 쾌적한 관람을 위해 일일 입장인원을 제한하고 있습니다.
회차별로 홈페이지 사전예약 50명, 현장접수 30명으로 운영되오니 가급적 사전예약 후 방문해 주시기 바랍니다.
어린이박물관의 권장 연령은 4세~10세 유아 및 어린이입니다.
원활한 관람을 위해 유모차 반입은 불가능하며 어린이박물관 안내데스크 앞에 보관하셔야 합니다.
쾌적한 전시실 환경을 위해 물을 비롯한 일체의 음식물 반입을 금지합니다.
[시설 안내]
물품 보관함, 어린이 도서실, 카페, 단체 도시락 공간, 교육실, 비행기 놀이터","【费用】

入场：免费

停车费 - 小型车辆：4,000 韩元（最多 2 小时）/ 大型车辆：12,000 韩元（最多 2 小时）

请查看附图了解详细的停车费用。

【参观指南】

闭馆日：每周一（如遇节假日为周一，则次日闭馆）

参观时间：共 8 个时段

10:00~10:50、11:00~11:50、12:00~12:50、13:00~13:50、14:00~14:50、15:00~15:50、16:00~16:50、17:00~17:50

为确保安全舒适的参观体验，我们限制了每日参观人数。

每场活动限50人（网上预约）或30人（现场报名）。敬请您提前预约。儿童博物馆推荐参观对象为4至10岁的幼儿及儿童。

为确保参观体验顺畅，婴儿车禁止入内，请寄存在儿童博物馆咨询台。

为维护良好的展览环境，禁止携带任何食物或饮料（包括水）。

[设施指南]

行李寄存处、儿童图书馆、咖啡厅、团体午餐区、教育室、飞机主题游乐场"
"입장료는 무료입니다. 운영 시간은 화요일부터 일요일까지 오전 10시부터 오후 6시까지이며(마지막 입장 17:00), 월요일은 휴관입니다. 관람은 10:00~10:50, 11:00~11:50, 12:00~12:50, 13:00~13:50, 14:00~14:50, 15:00~15:50, 16:00~16:50, 17:00~17:50의 8회차로 나누어 운영됩니다.",免费入场。开放时间为周二至周日，上午10:00至下午6:00（下午5:00停止入场），周一闭馆。参观分为八个时段：10:00–10:50、11:00–11:50、12:00–12:50、13:00–13:50、14:00–14:50、15:00–15:50、16:00–16:50和17:00–17:50。
김포함상공원,金浦海军公园
경기도 김포시 대곶면 대명항1로 110-36,京畿道金浦市大谷面大明港1路110-36
"[요금]
무료
[시설]
외부: 운봉함, 수륙 양용차, 메모리얼가든, 야외분수, 야외무대
함정내부: 전시관, 영상관, 홍보관, 체험시설
[이용안내]
입장마감: 17시","【入场费】

免费

【设施】

室外：云峰级驱逐舰、两栖车辆、纪念花园、室外喷泉、室外舞台

室内：展览馆、影像馆、宣传馆、体验设施

【导览】

最后入场时间：17:00"
"입장료는 성인 3,000원, 청소년 2,000원, 어린이(만 6세 이상) 1,000원입니다. 김포시민은 증빙자료 지참 시 50% 할인을 받을 수 있으며, 만 6세 미만 어린이와 김포 시민은 무료입니다. 운영시간은 3~10월 09:00~19:00, 11~2월 09:00~18:00(입장 마감은 종료 1시간 전)입니다. 무료 공용주차장(대명포구 공영주차장)을 이용할 수 있습니다.",成人票价为3000韩元，青少年票价为2000韩元，6岁及以上儿童票价为1000韩元。金浦市居民凭居住证明可享受50%的折扣，6岁以下儿童及金浦市居民免费入场。开放时间为3月至10月9:00至19:00，11月至次年2月9:00至18:00（闭馆前一小时停止入场）。大明浦区公共停车场提供免费停车位。
서울특별시 종로구 세종대로 198 대한민국 역사박물관,首尔市钟路区世宗大路 198 国立韩国历史博物馆
"[요금]
입장료 및 관람료: 무료
[이용 안내]
입장 마감: 폐관 30분 전까지
전시 해설: 당일 선착순 마감
[전시 해설]
역사관 전체 해설(50분)
10시 30분~ / 13시 30분~ / 15시~
당일 선착순 30명
역사관 주제별 해설(30분)
14시~(평일만)
[어린이 박물관]
이용 가능 연령: 10세 이하
이용 시간: 10시 ~ 17시 30분 (12시~13시 점심시간)","【费用】

入场：免费

【使用指南】

最后入场时间：闭馆前30分钟

展览讲解：当日名额有限，先到先得

【展览讲解】

完整历史展厅讲解（50分钟）

10:30～ / 13:30～ / 15:00～

限30人，先到先得

专题历史展厅讲解（30分钟）

14:00～（仅限工作日）

【儿童博物馆】

年龄限制：10岁及以下

开放时间：10:00～17:30（午休：12:00～13:00）"
월요일10:00 ~ 18:00화요일10:00 ~ 18:00수요일10:00 ~ 21:00목요일10:00 ~ 18:00금요일10:00 ~ 18:00토요일10:00 ~ 21:00일요일10:00 ~ 18:00,星期一 10:00 ~ 18:00 星期二 10:00 ~ 18:00 星期三 10:00 ~ 21:00 星期四 10:00 ~ 18:00 星期五 10:00 ~ 18:00 星期六 10:00 ~ 21:00 星期日 10:00 ~ 18:00
전주농업과학관어린이체험관,全州农业科学博物馆儿童体验中心
전북특별자치도 전주시 덕진구 농생명로 300 농촌진흥청 전주농업과학관어린이체험관,全州农业科学博物馆儿童体验中心，农村振兴厅，全罗北特别自治道全州市德津区农生路300号
"[요금]
무료
[이용안내]
휴관일: 매주 월요일(월요일이 공휴일인 경우 그 다음날), 1월 1일, 설날, 추석연휴, 근로자의 날
입장마감: 16시 30분
4D 영상 관람시간 - 10:30 / 11:30 / 13:30 / 14:30 / 15:30","【入场费】

免费
【参观须知】

闭馆日：每周一（如遇周一为节假日，则顺延至次日）、1月1日、农历新年、中秋节、劳动节

最后入场时间：16:30

4D电影放映时间：10:30 / 11:30 / 13:30 / 14:30 / 15:30"
월요일정기휴무화요일09:30 ~ 17:00수요일09:30 ~ 17:00목요일09:30 ~ 17:00금요일09:30 ~ 17:00토요일10:00 ~ 17:00일요일10:00 ~ 17:00,"周一休息

周二 09:30 ~ 17:00

周三 09:30 ~ 17:00

周四 09:30 ~ 17:00

周五 09:30 ~ 17:00

周六 10:00 ~ 17:00

周日 10:00 ~ 17:00"
"입장료는 무료입니다. 운영시간은 화요일~금요일 09:30~17:00, 토요일·일요일 10:00~17:00이며, 입장 마감은 16:30입니다. 휴관일은 매주 월요일(월요일이 공휴일이면 다음 날), 1월 1일, 설날, 추석 연휴, 근로자의 날입니다. 4D 영상관은 1층에 위치하며, 상영 시간은 10:30, 11:30, 13:30, 14:30, 15:30입니다.",免费入场。开放时间为周二至周五 9:30 至 17:00，周六、周日 10:00 至 17:00，最后入场时间为 16:30。每周一（如遇周一为节假日，则顺延至次日）、1月1日、农历新年、中秋节及劳动节闭馆。4D 影院位于一楼，放映时间为 10:30、11:30、13:30、14:30 和 15:30。
가나아트파크,加纳艺术公园
경기도 양주시 장흥면 권율로 117,京畿道杨州市长兴面权律路117
"[요금]
대인 (20세 이상): 12,000원
소인 (24개월-19세): 12,000원
복지할인-장애인, 국가유공자, 65세 이상: 6,000원
24개월 미만(출생증명 지참): 무료
만들기 체험: 프로그램 별 상이
[체험 프로그램]
우산 만들기, 동물 컬러링, 접시 만들기, 연필꽂이 만들기, 화분 만들기, 에코백 만들기 등
[시설]
전시실, 키즈룸, 분수대, 정원, 물놀이, 색칠 공간, 샌드아트공간, 목마 놀이터, 푸드카페, 체험관, 칠판 놀이
물놀이 시설: 렛 잇 레인, 레이니 터널, 드로잉 워터플레이
[이용안내]
주말 이용 시간: 19시까지(5월~10월), 18시까지(11월~4월)
입장 마감 시간: 이용 시간 종료 1시간 전","【入场费】

成人（20岁及以上）：12,000韩元

儿童（24个月至19岁）：12,000韩元

优惠人群 - 残疾人士、国家功勋人士、65岁及以上人士：6,000韩元

24个月以下婴儿（凭出生证明）：免费

手工体验：因项目而异

【体验项目】

制作雨伞、动物涂色、制作盘子、制作笔筒、制作花盆、制作环保袋等

【设施】

展览厅、儿童活动室、喷泉、花园、戏水区、涂色区、沙画区、摇摇马游乐场、美食咖啡厅、体验厅、黑板游戏区

戏水设施：下雨、雨中隧道、水上游乐区

【使用指南】

周末开放时间：至晚上7点（5月至10月）开放至下午6点（11月至次年4月）

最后入场时间：闭馆前1小时"
월요일정기휴무화요일10:30 ~ 18:00수요일10:30 ~ 18:00목요일10:30 ~ 18:00금요일10:30 ~ 18:00토요일10:00 ~ 19:00일요일10:00 ~ 19:00,"周一休息

周二 10:30 ~ 18:00

周三 10:30 ~ 18:00

周四 10:30 ~ 18:00

周五 10:30 ~ 18:00

周六 10:00 ~ 19:00

周日 10:00 ~ 19:00"
"[이용 요금] 대인(20세 이상) 12,000원, 소인(24개월~19세) 12,000원, 복지할인(장애인, 국가유공자, 65세 이상) 6,000원, 24개월 미만(출생증명 지참)은 무료입니다. [예약] 네이버 예약 시 할인된 금액으로 입장할 수 있습니다. 일부 체험 프로그램은 별도 참가비가 있으며, 현장 및 홈페이지 안내를 참고하세요.","【入场费】成人（20岁及以上）12,000韩元，儿童（24个月至19岁）12,000韩元，福利优惠（残疾人士、国家功勋者、65岁及以上人士）6,000韩元，24个月以下儿童（凭出生证明）免费。【预约】通过Naver预约可享受优惠价格。部分体验项目需另行付费，详情请咨询现场或网站。"
한독의약박물관,韩多克制药博物馆
충청북도 음성군 대소면 대풍산단로 78,忠清北道阴城郡大所面大丰产团路78
"1F: 국제전시실, 생명갤러리, 한독역사실, 제석홀
한국관: 우리나라 전통 의약의 발자취와 문화재(국가 지정 보물 6점, 시·도 지정문화재 2점) 및 다양한 의서, 옛 한의원의 모습을 만날 수 있습니다.
국제관: 독일, 영국, 미국, 중국, 일본 등 동서양의 의약 역사가 함께 전시되며, 19세기 독일약국과 플레밍 박사 연구실도 재현되어 있습니다.
한독사료실: 한독의 기업 역사와 성장 과정을 다양한 자료로 소개합니다.
제석홀: 창업주 김신권 명예회장의 기증품들이 전시되어 있습니다.
생명갤러리: 현대미술과 생명을 주제로 한 예술작품도 감상할 수 있습니다.
한국관: 우리나라 전통 의약의 발자취와 문화재(국가 지정 보물 6점, 시·도 지정문화재 2점) 및 다양한 의서, 옛 한의원의 모습을 만날 수 있습니다.
국제관: 독일, 영국, 미국, 중국, 일본 등 동서양의 의약 역사가 함께 전시되며, 19세기 독일약국과 플레밍 박사 연구실도 재현되어 있습니다.
한독사료실: 한독의 기업 역사와 성장 과정을 다양한 자료로 소개합니다.
제석홀: 창업주 김신권 명예회장의 기증품들이 전시되어 있습니다.
생명갤러리: 현대미술과 생명을 주제로 한 예술작품도 감상할 수 있습니다.
2F: 한국전시실, 일산문고, 영상실
소화제 만들기
혈액형 알아보기
나만의 의약서적 만들기
사랑의 묘약 만들기
운영시간: 오전 9시 ~ 오후 5시
휴관일: 매주 월요일
박물관 내 의약 도서실에는 약 9,000여 권의 의약 서적이 구비되어 있습니다.
박물관 옆에는 온실카페 분위기의 팩토리 투어센터가 있어, 쉬어가기도 좋습니다.
예약 없이 가도 전시관들은 둘러볼 수 있지만, 체험 프로그램이 잘 되어있으니 사전 예약하고 체험해보세요.
홈페이지에 체험 일정이 나와있어 원하는 체험, 시간대 선택할 수 있어요.
주차장 앞 유리온실 카페(팩토리투어센터)에서는 약을 직접 포장하는 체험이 있으니 꼭 들러보세요.
피크닉 세트도 대여하니 날씨가 좋으면 피크닉도 함께 즐겨보세요.
이어폰을 챙겨 전시해설을 들으며 전시를 관람해보세요.
주변에 팩토리투어센터, 반기문평화기념관, 코리아크래프트브류어리 등 관광 명소들이 있으니 함께 둘러보시면 좋아요.
관람료 및 입장료: 무료
입장 마감 시간: 16:30
사전 예약 후 관람 가능
공지사항에서 매월 진행 프로그램 안내 및 예약 일정 공지
유아 대상의 프로그램도 진행하니 홈페이지를 참조해주세요.","1楼：国际展厅、生活展厅、韩多历史室、济石厅

韩国馆：您可以探索韩国传统医学的历史、文化遗产（6件国宝、2件市/道级指定文化财产）、各种医学典籍，以及韩国传统医学诊所的旧貌。

国际馆：汇集了东西方医学史，包括德国、英国、美国、中国和日本的医学发展历程。馆内还复原了19世纪的德国药房和弗莱明博士的实验室。

韩多档案馆：通过各种资料介绍韩多集团的企业历史和发展历程。

济石厅：展出创始人金信权名誉会长捐赠的物品。

生活展厅：您可以欣赏当代艺术作品以及以生活为主题的艺术作品。

韩国馆：您可以探索韩国传统医学的历史、文化遗产（6件国宝、2件市/省指定文化财产）、各种医学典籍，以及参观古老的韩国传统医学诊所。国际馆：展示东西方医学史，包括德国、英国、美国、中国和日本。馆内还复原了19世纪的德国药房和弗莱明博士的实验室。

韩多档案馆：通过各种资料介绍韩多集团的企业历史和发展历程。

济石馆：展出创始人兼名誉会长金信权捐赠的物品。

生活馆：您还可以欣赏当代艺术和以生活为主题的艺术作品。

二楼：韩国展览馆、日山书店、影像室

制作消化药物

检测血型

制作专属医学书籍

制作爱情药水

开放时间：上午 9:00 至下午 5:00

闭馆日：每周一

博物馆内的医学图书馆藏书约 9,000 册。

博物馆旁是工厂参观中心，温室咖啡厅营造出轻松惬意的氛围，是休憩放松的好去处。

展览馆无需预约即可参观，但互动体验项目安排周密，建议您提前预约。体验项目时间表可在官网查询，您可以选择心仪的体验项目和时间段。

别忘了前往停车场前的玻璃温室咖啡厅（工厂参观中心），体验药品包装的乐趣。

这里还提供野餐套装租赁服务，天气晴好时，不妨来此享受野餐的乐趣。

请携带耳机，一边聆听讲解一边参观展览。

附近还有一些旅游景点，例如工厂参观中心、潘基文和平纪念馆和韩国精酿啤酒厂，建议您也去参观一下。

门票：免费

最后入场时间：16:30

需提前预约

每月活动安排及预约时间表请查看“公告”栏目

另有幼儿活动项目，详情请访问网站。"
월요일정기휴무화요일09:00 ~ 17:00수요일09:00 ~ 17:00목요일09:00 ~ 17:00금요일09:00 ~ 17:00토요일09:00 ~ 17:00일요일09:00 ~ 17:00,"周一休息

周二 09:00 ~ 17:00

周三 09:00 ~ 17:00

周四 09:00 ~ 17:00

周五 09:00 ~ 17:00

周六 09:00 ~ 17:00

周日 09:00 ~ 17:00"
"한독의약박물관의 전시 관람 및 입장료는 무료입니다. 체험 프로그램 또한 대부분 무료로 제공되나, 특별 프로그램 등은 별도의 재료비가 발생할 수 있습니다. 프로그램별 요금과 세부 내용은 홈페이지 공지사항을 참고해 주세요.",韩多克制药博物馆的展览和入场均免费。大多数互动体验项目也免费，但部分特殊项目可能需要另行支付材料费。有关项目费用和详情，请参阅网站上的公告。
이효석 문학관,李孝锡文学博物馆
강원특별자치도 평창군 봉평면 효석문학길 73-25 이효석문학관,李孝锡文学博物馆，江原道平昌郡奉平面孝锡文鹤路73-25号
"[요금]
초등학생 이상~65세 미만: 2,000원
미취학 아동, 65세 이상: 무료
[이용안내]
성수기(5월 ~ 9월): 오전 9시~오후 6시 30분
비수기(10월 ~ 4월): 오전 9시~오후 5시 30분
매표 마감: 18시(성수기) / 17시(비수기)
휴관: 매주 월요일, 1월 1일, 설날, 추석, 월요일이 공휴일인 경우 다음날
단, 성수기 시 월요일은 사전 단체 예약(20명 이상)에 한해서 관람 가능","【门票】

小学生及以上至65岁以下：2,000韩元

学龄前儿童、65岁及以上：免费

【开放时间】

旺季（5月至9月）：上午9:00至下午6:30

淡季（10月至4月）：上午9:00至下午5:30

售票截止时间：下午6:00（旺季）/下午5:00（淡季）

闭馆日：每周一、1月1日、农历新年、中秋节（韩国感恩节）以及若周一为法定假日则顺延至次日。

旺季期间，周一仅接受团体预约（20人及以上）。"
월요일정기휴무화요일09:00 ~ 18:30수요일09:00 ~ 18:30목요일09:00 ~ 18:30금요일09:00 ~ 18:30토요일09:00 ~ 18:30일요일09:00 ~ 18:30,"周一休息

周二 09:00 ~ 18:30

周三 09:00 ~ 18:30

周四 09:00 ~ 18:30

周五 09:00 ~ 18:30

周六 09:00 ~ 18:30

周日 09:00 ~ 18:30"
"입장료는 초등학생 이상~65세 미만 2,000원, 미취학 아동과 65세 이상은 무료입니다. 어린이날에는 모든 어린이가 무료 입장할 수 있습니다. 운영 시간은 성수기(5~9월)는 오전 9시~오후 6시 30분, 비수기(10~4월)는 오전 9시~오후 5시 30분입니다. 매표 마감은 성수기 18시, 비수기 17시입니다. 휴관일은 매주 월요일, 1월 1일, 설날, 추석이며, 월요일이 공휴일일 경우 그 다음 날 쉽니다. 성수기 월요일에는 사전 단체예약(20명 이상)에 한해 관람이 가능합니다.",小学生和65岁及以上老人门票为2000韩元，学龄前儿童和65岁及以上老人免费。儿童节当天，所有儿童均可免费入场。旺季（5月至9月）开放时间为上午9:00至下午6:30，淡季（10月至次年4月）开放时间为上午9:00至下午5:30。旺季售票截止时间为下午6:00，淡季截止时间为下午5:00。博物馆每周一、1月1日、农历新年和中秋节闭馆；若周一恰逢公共假日，则顺延至次日闭馆。旺季期间，周一仅接受团体预约参观（20人及以上）。
용인시기후변화체험교육센터,龙仁市气候变化体验教育中心
경기도 용인시 처인구 동부로162번길 14-1 용인시기후변화체험교육센터,龙仁气候变化体验教育中心，京畿道龙仁市处仁区东部路162号街14-1
"관람시간: 화요일~토요일 10:00~18:00
일요일, 월요일 정기휴무 (월요일이 공휴일이면 그 다음날 휴관)
휴관일: 매주 월요일, 일요일, 신정, 설 연휴, 추석 연휴
관람료: 무료
지원됨: 수유실(2층), 기저귀교환대, 주차
지원되지 않음: 아기의자, 유모차대여, 예약
주차 공간이 넉넉하여 편리하게 이용할 수 있습니다.
별도의 예약 없이 자유롭게 무료 관람이 가능합니다.
신발을 벗고 들어갈 수 있는 좌식 테이블이 있어 어린 아기와 함께 잠시 쉴 수 있습니다.
2층 수유실에 기저귀갈이대와 소파가 비치되어 있습니다.
1층에서 기후변화, 환경오염에 대한 다양한 게임형 체험, 2층에서 생물 전시, 탁본/색칠/영상 체험이 모두 가능합니다.
근처에 용인어린이상상의숲이 있어 함께 방문하기 좋습니다.
요금: 무료 이용
온라인 단체 예약(10인 이상) 및 주말 환경교육 등 다양한 프로그램이 운영될 수 있으니 필요 시 사전 확인해 주세요.","开放时间：周二至周六 10:00–18:00

周日及周一闭馆（如遇周一为公共假日，则顺延至次日）

闭馆日：每周一、周日、元旦、农历新年、中秋节

入场：免费

提供：哺乳室（二楼）、婴儿换尿布台、停车场

不提供：儿童座椅、婴儿车租赁、预约

停车位充足，方便您的出行。

无需预约，免费入场。

馆内设有矮桌，方便您脱鞋并与宝宝短暂休息。

二楼哺乳室配备婴儿换尿布台和沙发。

一楼设有各种与气候变化和环境污染相关的游戏体验区；二楼则提供生物展览、拓印、涂色和视频体验等活动。

龙仁儿童想象森林就在附近，是全家一起游玩的好去处。费用：免费

这里可能会提供各种项目，例如在线团体预约（10人以上）和周末环境教育活动，如有需要请提前咨询。"
월요일정기휴무화요일10:00 ~ 18:00수요일10:00 ~ 18:00목요일10:00 ~ 18:00금요일10:00 ~ 18:00토요일10:00 ~ 18:00일요일정기휴무,"周一休息

周二 10:00 ~ 18:00

周三 10:00 ~ 18:00

周四 10:00 ~ 18:00

周五 10:00 ~ 18:00

周六 10:00 ~ 18:00

周日休息"
별도의 입장료 없이 무료로 이용하실 수 있습니다.,您可以免费使用，无需额外支付入场费。
부평안전체험관,富平安全体验中心
인천광역시 부평구 굴포로 110 부평구 민방위교육장(안전체험관),富平区民防训练中心（安全体验中心），仁川市富平区古浦路110号
"<이용시간 및 프로그램 안내>
화, 수, 토, 일: 3회 (10:00, 13:00, 15:00)
목, 금: 4회 (10:00, 13:00, 15:00, 19:00)
체험은 1시간 30분~2시간 소요
매주 월요일, 공휴일 휴관
화, 목, 토: 해상풍수해체험, 엘리베이터/완강기체험, 생활안전체험, 경사구조대체험
수, 금, 일: 지진체험, 심폐소생술체험, 교통안전체험, 지하공간탈출체험
※ 매달 둘째, 넷째주 토요일 10시에는 ‘초보엄마아빠를 위한 응급처치교육’이 진행됩니다.
<요금>
체험료 무료
지하주차장 무료
<대상>
6세 이상 참여 가능
어린이는 반드시 부모님(성인 보호자)과 동반시에만 체험이 가능
예약 시 어린이와 부모님을 포함하여 예약 (어린이만 예약하시면 함께 체험할 수 없습니다)
<인원>
1회당 35명까지 예약 가능
10명 이하일 경우 예약 승인이 되지 않을 수 있습니다.
<주의사항>
폐쇄공포증, 심장이 약하신 분 등 신체상 병력이나 체험에 지장이 있으신 분은 미리 교관에게 말씀해 주시기 바랍니다.","<开放时间及课程安排>

周二、周三、周六、周日：3场（10:00、13:00、15:00）

周四、周五：4场（10:00、13:00、15:00、19:00）

体验时长1小时30分钟至2小时

每周一及公众假期闭馆

周二、周四、周六：海上洪水及风暴体验、电梯/下降装置体验、生命安全体验、斜坡救援队体验

周三、周五、周日：地震体验、心肺复苏体验、交通安全体验、地下空间逃生体验

※ 每月第二和第四个周六上午10:00举办“新手父母急救培训”。 <费用>

免费体验费

免费地下停车场

<目标人群>

6岁及以上

儿童必须由家长（成年监护人）陪同参加

预约时请同时填写儿童及其家长的信息（如仅预约儿童，则无法一同参加）

<人数限制>

每场活动限35人

如参与人数少于10人，预约可能无法获批

<注意事项>

如有任何可能影响您参与的病史或身体限制，例如幽闭恐惧症或心脏虚弱，请提前告知指导老师。"
부평안전체험관의 체험료 및 입장료는 모두 무료입니다. 지하주차장 또한 무료로 이용할 수 있습니다.,富平安全体验中心的体验费和入场费都是免费的。地下停车场也免费使用。
연천 고랑포구 역사공원,涟川五郎浦港历史公园
경기도 연천군 장남면 장남로 270,京畿道涟川郡江南面江南路270
"월요일 공휴일 시 화요일 휴장
단체 관람만 예약 필요
[요금]
어린이(만 14세 미만) : 3,000원
청소년(만14세 – 만 19세 미만) : 4,000원
어른(만 19세 이상) : 5,000원
단체 및 감면 대상 할인 혜택이 있으니 홈페이지 참고바랍니다.
[시설]
1층: 홀, 전시실, 안내데스크, 카페테리아, 저잣거리, 가상현실 체험(VR), 증강현실 체험(AR), 호로고루 오감놀이터 등
2층: 사무실, 세미나실, 다목적실, 호로고루 팡팡놀이터, 쉼터(책 구비) 등","若周一为公共假日，则周二闭馆。

团体参观需提前预约。

【门票价格】

儿童（14岁以下）：3,000韩元

青少年（14岁至19岁以下）：4,000韩元

成人（19岁及以上）：5,000韩元

团体及优惠活动详情请参考官网。

【设施】

一层：大厅、展览室、咨询台、咖啡厅、市集街、虚拟现实（VR）、增强现实（AR）、Horogoru感官游乐场等。

二层：办公室、研讨室、多功能厅、Horogoru Pangpang游乐场、休息区（含书籍）等。"
"관람 시간은 화요일부터 일요일까지 10:00~17:00(마감 17:00)입니다. 매주 월요일은 정기휴무이며, 월요일이 공휴일일 경우 화요일에 휴장합니다. 입장료는 어린이(만 14세 미만) 3,000원, 청소년(만 14~19세 미만) 4,000원, 어른(만 19세 이상) 5,000원입니다. 단체 및 감면 대상 할인 혜택이 있으며, 자세한 사항은 홈페이지에서 확인할 수 있습니다. 주차는 무료 야외 주차장을 이용하실 수 있습니다.","开放时间为周二至周日，上午10:00至下午17:00（最后入场时间为下午17:00）。每周一闭馆；如遇周一为节假日，则顺延至周二闭馆。门票价格为：儿童（14岁以下）3,000韩元，青少年（14至19岁以下）4,000韩元，成人（19岁及以上）5,000韩元。团体及符合条件的申请人可享受折扣优惠，详情请访问网站。提供免费室外停车位。"
양주시구강보건센터,杨州市口腔健康中心
경기도 양주시 평화로1479번길 20 회천2동건강지원센터,京畿道杨州市和平路1479街20号会川2洞健康支援中心
"어린이 맞춤 구강보건교육

유치원·어린이집 단체를 대상으로 신청받아 상·하반기마다 운영되는 ‘똑똑이 치카교실’이 대표적입니다.
구강건강의 중요성, 올바른 잇솔질 방법, 충치 예방 교육, 퀴즈, 영상을 통한 재미있는 학습, 구강 위생용품 체험 등 아이들의 눈높이에 맞춘 다양한 교육이 준비되어 있습니다.
교육은 약 1시간 동안 진행되며, 아이들이 직접 체험하고 배울 수 있는 기회가 많습니다.
유치원·어린이집 단체를 대상으로 신청받아 상·하반기마다 운영되는 ‘똑똑이 치카교실’이 대표적입니다.
구강건강의 중요성, 올바른 잇솔질 방법, 충치 예방 교육, 퀴즈, 영상을 통한 재미있는 학습, 구강 위생용품 체험 등 아이들의 눈높이에 맞춘 다양한 교육이 준비되어 있습니다.
교육은 약 1시간 동안 진행되며, 아이들이 직접 체험하고 배울 수 있는 기회가 많습니다.
둘모아 구강건강+ 가족 프로그램

초등학생과 부모님이 함께 참여하는 구강체험, 예방 진료 프로그램을 방학 기간에 운영합니다.
구강검진, 상담, 구강보건교육, 불소 바니쉬 도포, 치면세균막 검사, 잇솔질 교육 등 가족 단위로 실질적인 구강관리법을 배웁니다.
초등학생과 부모님이 함께 참여하는 구강체험, 예방 진료 프로그램을 방학 기간에 운영합니다.
구강검진, 상담, 구강보건교육, 불소 바니쉬 도포, 치면세균막 검사, 잇솔질 교육 등 가족 단위로 실질적인 구강관리법을 배웁니다.
불소용액 양치사업 및 칫솔 교환

매주 목요일 오후 1시~5시에 헌 칫솔을 새 칫솔로 교환해주는 특별한 행사가 있습니다.
불소 양치용액도 무료로 배부하며, 올바른 칫솔질 및 불소 사용법에 대한 설명을 들을 수 있습니다.
가족 대표가 여러 개의 칫솔을 들고 방문해도 교환이 가능합니다.
매주 목요일 오후 1시~5시에 헌 칫솔을 새 칫솔로 교환해주는 특별한 행사가 있습니다.
불소 양치용액도 무료로 배부하며, 올바른 칫솔질 및 불소 사용법에 대한 설명을 들을 수 있습니다.
가족 대표가 여러 개의 칫솔을 들고 방문해도 교환이 가능합니다.
기타 체험 및 상담

치아 모형, 구강 모형을 통해 구강위생용품 사용법을 배울 수 있으며, 전문 치과의사와의 상담도 가능해 치아 건강에 대한 궁금증을 직접 해결할 수 있습니다.
치아 모형, 구강 모형을 통해 구강위생용품 사용법을 배울 수 있으며, 전문 치과의사와의 상담도 가능해 치아 건강에 대한 궁금증을 직접 해결할 수 있습니다.
위치: 경기도 양주시 평화로1479번길 20, 회천2동건강지원센터 내
운영시간: 월~금요일 09:00 ~ 18:00 (점심시간 12:00~13:00)
토요일, 일요일 정기휴무
프로그램 신청: 일부 프로그램은 단체 및 사전신청이 필요합니다.
방문 전 전화(031-8082-7160~3)로 문의하는 것이 좋습니다.
목요일 13시부터 17시까지 집에서 사용한 칫솔을 들고 방문하면 새 칫솔과 치약, 불소용액을 무료로 받을 수 있습니다.
헌 칫솔을 가져가면 새 칫솔과 각종 구강용품을 선물로 받을 수 있습니다.
전문 인력이 상주해 아이와 부모가 함께 정확한 구강 건강 지식을 배울 수 있습니다.
직접 체험하며 배우는 프로그램이 많아 아이들도 흥미롭게 참여할 수 있습니다.
칫솔 교환, 불소용액 배부 등 실생활에 유용한 혜택이 제공됩니다.
입체적인 교육 공간(예방진료실, 교육실, 체험실)이 구비되어 있어 다양한 체험이 가능합니다.
요금: 무료
이용안내

일부 프로그램은 단체 및 사전신청이 필요하므로 사전 문의를 권장합니다.
자세한 프로그램 및 내용은 양주시 보건소 구강보건센터로 문의해 주세요.
일부 프로그램은 단체 및 사전신청이 필요하므로 사전 문의를 권장합니다.
자세한 프로그램 및 내용은 양주시 보건소 구강보건센터로 문의해 주세요.
아이의 치아 건강이 걱정되는 부모님
올바른 양치 습관을 길러주고 싶은 가족
유치원, 어린이집 단체 체험을 찾으시는 선생님/학부모님","为儿童量身定制的口腔健康教育

例如，“智慧刷牙课”面向幼儿园和托儿所团体，在每年的上半年和下半年开课。

我们精心准备了丰富多彩的儿童教育课程，内容涵盖口腔健康的重要性、正确的刷牙方法、蛀牙预防知识、趣味问答、视频教学以及口腔卫生用品的实践操作。

课程时长约一小时，为孩子们提供了充足的实践学习机会。

例如，“智慧刷牙课”面向幼儿园和托儿所团体，在每年的上半年和下半年开课。

我们精心准备了丰富多彩的儿童教育课程，内容涵盖口腔健康的重要性、正确的刷牙方法、蛀牙预防知识、趣味问答、视频教学以及口腔卫生用品的实践操作。

教育课程时长约一小时，为孩子们提供充足的实践学习机会。

杜尔莫亚口腔健康+家庭计划

在学校假期期间，我们为小学生及其家长开设口腔健康体验和预防保健课程。家庭将通过口腔检查、咨询、口腔健康教育、氟化物涂层涂抹、牙菌斑检测和刷牙指导等方式学习实用的口腔护理方法。

我们在学校假期期间为小学生及其家长开设口腔护理体验和预防保健课程。

家庭将通过口腔检查、咨询、口腔健康教育、氟化物涂层涂抹、牙菌斑检测和刷牙指导等方式学习实用的口腔护理方法。

含氟漱口水计划和牙刷交换

每周四下午 1:00 至 5:00 举办特别活动，旧牙刷可换新牙刷。

含氟漱口水免费发放，您还可以获得关于正确刷牙技巧和如何使用含氟牙膏的讲解。

即使家庭代表携带多支牙刷前来，也可以进行以旧换新。

每周四下午 1:00 至 5:00 举办特别活动，旧牙刷可以换新牙刷。

含氟漱口水免费发放，您还可以获得关于正确刷牙技巧和如何使用含氟牙膏的讲解。即使家庭代表携带多支牙刷前来，也可以进行以旧换新。

其他体验和咨询

您可以使用牙科和口腔模型学习如何使用口腔卫生产品，还可以咨询专业牙医，直接解答您关于牙齿健康的任何疑问。

您可以使用牙科和口腔模型学习如何使用口腔卫生产品，还可以咨询专业牙医，直接解答您关于牙齿健康的任何疑问。

地点：京畿道杨州市平和路1479号街20号，会川2洞健康支援中心内

营业时间：周一至周五 9:00–18:00（午休 12:00–13:00）

周六、周日休息

项目申请：部分项目需要团体预约或提前申请。

建议来访前致电 (031-8082-7160~3) 咨询。周四下午1:00至5:00携带旧牙刷前来，可免费领取新牙刷、牙膏和含氟牙膏。

携带旧牙刷前来，即可获赠新牙刷和各种口腔护理用品。

现场有专业人员协助儿童和家长共同学习正确的口腔健康知识。

这里有许多寓教于乐的实践学习项目，孩子们会积极参与其中。

我们提供日常生活中实用的帮助，例如牙刷交换和氟化物溶液发放。

我们配备了立体式教育空间（预防治疗室、教育室和体验室），提供丰富多彩的实践体验。

费用：免费

使用指南

部分项目需要团体预约或提前注册，建议您提前咨询。

请联系杨州市公共卫生中心口腔健康中心了解详细的项目信息。

部分项目需要团体预约或提前注册，建议您提前咨询。

请联系杨州市公共卫生中心口腔健康中心了解详细的项目信息。 关注孩子牙齿健康的家长

希望培养孩子正确刷牙习惯的家庭

为幼儿园和托儿所寻找团体参观活动的教师和家长"
"양주시구강보건센터에서 제공하는 구강검진, 구강보건교육(불소바니쉬도포 포함), 치면세균막검사, 부분 치석제거, 구강위생용품 교육 등 모든 프로그램은 무료로 제공됩니다.",杨州市口腔健康中心提供的所有项目，包括口腔检查、口腔健康教育（包括涂氟）、牙菌斑检测、局部洁牙和口腔卫生产品教育，都是免费的。
몰개월비행기공원,莫尔杰奥尔飞机公园
경북 포항시 남구 청림동 21-10,庆尚北道浦项市南区清林洞21-10
월요일09:00 ~ 16:30화요일09:00 ~ 16:30수요일09:00 ~ 16:30목요일09:00 ~ 16:30금요일09:00 ~ 16:30토요일09:00 ~ 16:30일요일09:00 ~ 16:30,星期一 09:00 ~ 16:30 星期二 09:00 ~ 16:30 星期三 09:00 ~ 16:30 星期四 09:00 ~ 16:30 星期五 09:00 ~ 16:30 星期六 09:00 ~ 16:30 星期日 09:00 ~ 16:30
"몰개월비행기공원은 무료로 관람할 수 있으며, 사전 예약 없이 방문하실 수 있습니다.",莫尔杰奥尔飞机公园免费参观，无需预约。
한국대나무박물관,韩国竹子博物馆
전라남도 담양군 담양읍 죽향문화로35,全罗南道潭阳郡潭阳邑竹香文化路35
"[요금]
관람료 - 어른 2,000원 / 청소년 1,000원 / 어린이 700원","【费用】

门票 - 成人 2,000 韩元 / 青少年 1,000 韩元 / 儿童 700 韩元"
월요일09:00 ~ 18:00화요일09:00 ~ 18:00수요일09:00 ~ 18:00목요일09:00 ~ 18:00금요일09:00 ~ 18:00토요일09:00 ~ 18:00일요일09:00 ~ 18:00,星期一 09:00 ~ 18:00 星期二 09:00 ~ 18:00 星期三 09:00 ~ 18:00 星期四 09:00 ~ 18:00 星期五 09:00 ~ 18:00 星期六 09:00 ~ 18:00 星期日 09:00 ~ 18:00
"한국대나무박물관은 매일 오전 9시부터 오후 6시까지 운영합니다. 관람료는 어른 2,000원, 청소년 1,000원, 어린이 700원입니다. 담양군민과 만 6세 이하 어린이는 무료로 관람할 수 있습니다.",韩国竹子博物馆每日上午9:00至下午6:00开放。门票价格为成人2000韩元，青少年1000韩元，儿童700韩元。潭阳郡居民及6岁以下儿童免费入场。
송대말등대 빛체험전시관,松大玛尔灯塔灯光体验展览馆
경북 경주시 감포읍 감포로 226-19,庆尚北道庆州市甘浦邑甘浦路226-19
"[요금]
무료
[이용안내]
브레이크 타임: 12시~13시
입장마감: 17시","【入场费】

免费

【参观须知】

休息时间：12:00–13:00

最后入场时间：17:00"
"입장료는 무료입니다. 관람 시간은 화요일부터 일요일까지 오전 9시부터 오후 6시까지이며, 12시~13시에는 브레이크 타임이 있습니다. 입장 마감은 오후 5시입니다. 월요일은 정기 휴관일입니다.",免费入场。开放时间为周二至周日，上午9:00至下午6:00，中午12:00至下午1:00休息。最后入场时间为下午5:00。博物馆周一闭馆。
제주해녀박물관,济州海女博物馆
제주특별자치도 제주시 구좌읍 해녀박물관길 26 해녀박물관,海女博物馆，济州特别自治道济州市古佐邑海女博物馆路26号
"[요금]
어른(25~64세) : 개인 - 1,100원 / 단체 - 800원
청소년(13~24세)및 군인 : 개인 - 500원 / 단체 - 300원
13세 이하 - 무료
자세한 요금 및 관람료 면제 대상자는 첨부된 이미지를 확인해 주세요.
[이용안내]
매표시간 - 17:10까지
휴관일 - 매주 월요일, 1월 1일, 설날, 추석","【门票价格】

成人（25-64岁）：个人 - 1,100韩元 / 团体 - 800韩元

青少年（13-24岁）及军人：个人 - 500韩元 / 团体 - 300韩元

13岁及以下儿童 - 免费

请查看附图了解详细的门票价格及优惠信息。

【参观指南】

售票截止时间：17:10

闭馆日：每周一、1月1日、农历新年、中秋节"
"제주해녀박물관의 관람 시간은 화요일부터 일요일까지 오전 9시부터 오후 6시까지이며, 입장 마감은 오후 5시 10분입니다. 매주 월요일, 1월 1일, 설날, 추석은 휴관일입니다.",济州海女博物馆周二至周日开放，时间为上午9:00至下午6:00，最后入场时间为下午5:10。每周一、1月1日、农历新年和中秋节闭馆。
"입장료는 어른(25~64세) 1,100원(단체 800원), 청소년(13~24세) 및 군인 500원(단체 300원), 13세 이하는 무료입니다. 박물관에는 전용 주차장, 전기차 충전소, 야외 휴게실, 야외 화장실, 수유실, 기저귀 교환대가 있습니다. 아기의자, 유모차 대여, 예약 서비스는 제공되지 않습니다.",成人（25-64岁）门票1100韩元（团体票800韩元），青少年（13-24岁）及军人门票500韩元（团体票300韩元），13岁及以下儿童免费。博物馆设有专用停车场、电动汽车充电站、户外休息区、户外洗手间、哺乳室和婴儿换尿布台。不提供儿童座椅、婴儿车租赁及预约服务。
백제오감체험관,百济五感体验中心
충남 공주시 고마나루길 30,忠清南道公州市戈马纳鲁路 30
"[요금]
무료
[시설안내]
1층: 창조의 창, 진리의 창, 공감의 창(백제 문화에 대한 미디어, 문화재 그림 미디어 아트 공간 등)
2층: 비밀의 창, 교류의 창, 놀이의 창(공 던지기 놀이, 백제문양 탁본 체험 등)
지하 1층: 배움의 창(작은 도서관), 유아휴게실
[이용안내]
3월~10월: 9시~18시(입장마감 17시 30분)
11월~2월: 9시~17시(입장마감 16시 30분)","【入场费】

免费

【设施】

一层：创造之窗、真理之窗、同理之窗（百济文化媒体展示、展示文化遗产绘画等的媒体艺术空间）

二层：秘密之窗、交流之窗、游戏之窗（投球游戏、百济图案拓印体验等）

地下一层：学习之窗（小型图书馆）、婴幼儿休息室

【开放时间】

3月至10月：上午9:00至下午6:00（最后入场时间为下午5:30）

11月至次年2月：上午9:00至下午5:00（最后入场时间为下午4:30）"
월요일09:00 ~ 17:30화요일09:00 ~ 17:30수요일09:00 ~ 17:30목요일09:00 ~ 17:30금요일09:00 ~ 17:30토요일09:00 ~ 17:30일요일09:00 ~ 17:30,星期一 09:00 ~ 17:30 星期二 09:00 ~ 17:30 星期三 09:00 ~ 17:30 星期四 09:00 ~ 17:30 星期五 09:00 ~ 17:30 星期六 09:00 ~ 17:30 星期日 09:00 ~ 17:30
백제오감체험관의 입장료와 모든 체험 프로그램 이용료는 무료입니다. 누구나 부담 없이 자유롭게 이용하실 수 있습니다.,百济五感体验中心及其所有体验项目均免费入场，任何人都可以自由使用，没有任何义务。
경기도어린이박물관,京畿道儿童博物馆
경기도 용인시 기흥구 상갈로 6,京畿道龙仁市器兴区上葛路6
"관람료 1인 4,000원
12개월 미만 무료 / 경기도민 50% 할인
매월 첫째 주, 셋째 주 주말은 무료 입장 가능
이용시간 3시간
1회차 10:00~13:30 / 2회차 14:00~17:30
주차요금 기본 1시간 1,000원 / 이후 10분 당 200원
1일 최대 주차요금 8,000원","入场费：每人 4,000 韩元

12 个月以下儿童免费 / 京畿道居民可享 5 折优惠

每月第一个和第三个周末免费入场

开放时间：3 小时

第一场：10:00–13:30 / 第二场：14:00–17:30

停车费：基本停车费 1 小时 1,000 韩元 / 之后每 10 分钟 200 韩元

每日停车费上限：8,000 韩元"
"관람 시간은 3시간이며, 1회차(10:00~13:30), 2회차(14:00~17:30)로 나누어 운영됩니다. 월요일은 정기 휴무입니다.",观影时间为3小时，分为两个时段：第一时段（10:00–13:30）和第二时段（14:00–17:30）。周一闭馆。
"박물관 내 넓은 지상 주차장이 있습니다. 주차요금은 기본 1시간 1,000원, 이후 10분당 200원이며, 1일 최대 요금은 8,000원입니다.",博物馆内设有宽敞的地面停车场。停车费首小时1000韩元，之后每10分钟200韩元，每日最高收费8000韩元。
완도군해양생태전시관,万都县海洋生态系统展览馆
전남 완도군 완도읍 청해진로 1459,全罗南道莞岛郡莞岛邑清海镇路 1459
"1층과 2층으로 구성되어 각 층, 각 전시실마다 완도의 역사, 바다 환경, 해양 생물 등 다양한 주제를 다루고 있습니다.
1층에는 로비, 기획전시실, 체험실 등이 있어 직접 만지고 체험하는 활동이 가능합니다.
2층 생태실에는 트릭아트 포토존이 있어 사진 찍기 좋습니다.
전시관 내부는 아이들이 흥미를 느낄 수 있도록 알록달록한 쿠션과 소파, 다양한 체험 콘텐츠가 준비되어 있습니다.
대형 디지털 수조와 퍼즐, 탁본, 낚시, 전복양식 등 아이들이 직접 참여할 수 있는 다채로운 체험 요소가 가득합니다.
완도 바다의 다양한 생태계와 해양 생물(미세조류, 대형 해조류, 갑각류, 패류, 어류 등)을 가까이에서 관찰하고 학습할 수 있습니다.
바다와 해조류의 중요성, 해양 생태계를 보호하는 방법을 자연스럽게 배울 수 있습니다.
해양오염, 바닷속 미래 등 환경 문제에 대해 질문하고 스스로 생각해 볼 수 있는 교육적 전시가 준비되어 있습니다.
퍼즐 맞추기, 탁본 등 손으로 해보는 놀이와 체험 코너가 많아 아이들이 지루할 틈이 없습니다.
운영시간: 화요일~일요일 09:00~18:00 (매표 마감은 17:30)
휴관일: 매주 월요일(월요일이 공휴일인 경우 그 다음날 휴관), 1월 1일, 설날, 추석 당일
관람 소요시간: 약 30분~1시간 (아이와 함께 꼼꼼히 둘러볼 경우 조금 더 걸릴 수 있습니다)
주차장이 넓게 마련되어 있어 가족 단위 방문에 편리합니다. 주차비는 무료입니다.
성인(만 19세 ~ 만 64세): 개인 - 2,000원 / 단체 - 1,600원
청소년, 군경(만 13세 ~ 만 18세): 개인 - 1,500원 / 단체 - 1,200원
어린이(만 7세 ~ 만 12세): 개인 - 1,000원 / 단체 - 800원
""체험실""에서는 아이들이 좋아하는 색칠놀이, 탁본체험, 퍼즐 맞추기, 낚시 체험 등 다양한 체험을 할 수 있습니다.
2층 창가에서 청해진 유적을 바라볼 수 있습니다.
건물 바로 옆 주차가 가능하고 주차비는 무료입니다.
아이가 바다 생태와 해양 환경 보호를 쉽고 즐겁게 배울 수 있는 곳
직접 만지고 체험하는 프로그램이 많아 학습 효과가 높음
완도의 깨끗한 바다와 풍부한 생물들을 실제로 보고 느낄 수 있음","博物馆共两层，每层楼和每个展厅都涵盖了各种主题，包括万岛的历史、海洋环境和海洋生物。

一层设有大厅、特展厅和体验室，提供丰富的互动体验活动。

二层的生态展厅设有错觉艺术摄影区，是拍照留念的绝佳地点。

展厅内部装饰着色彩缤纷的靠垫和沙发，以及各种互动内容，旨在吸引儿童的注意力。

这里充满了各种各样的互动体验项目，例如大型数字水族馆、拼图、拓印、钓鱼和鲍鱼养殖等，孩子们可以亲身参与其中。

参观者可以近距离观察和了解万岛丰富多样的海洋生态系统和海洋生物（微藻、大型海藻、甲壳类动物、贝类、鱼类等）。

参观者可以自然而然地了解海洋和海藻的重要性，以及如何保护海洋生态系统。

我们精心准备了教育展览，鼓励参观者就海洋污染、海洋未来等环境问题提出问题并进行独立思考。丰富的互动体验区，例如拼图游戏和拓印活动，定会让孩子们乐在其中。

开放时间：周二至周日 09:00–18:00（售票截止时间为 17:30）

闭馆日：每周一（如遇周一为节假日，则顺延至次日）、1月1日、农历新年、中秋节

参观时长：约30分钟至1小时（带孩子仔细参观可能需要更长时间）

我们设有宽敞的停车场，方便家庭参观。停车免费。成人（19-64岁）：个人 - 2,000韩元 / 团体 - 1,600韩元

青少年、军警人员（13-18岁）：个人 - 1,500韩元 / 团体 - 1,200韩元

儿童（7-12岁）：个人 - 1,000韩元 / 团体 - 800韩元

在“体验室”，孩子们可以体验各种活动，例如涂色、拓印、拼图和钓鱼。

从二楼的窗户可以欣赏到清海镇遗址的景色。

大楼旁边设有免费停车场。

这里是孩子们轻松愉快地学习海洋生态系统和海洋环境保护知识的好去处。

丰富的实践项目带来高效的学习体验。

您可以亲眼目睹并亲身感受莞岛清澈的海水和丰富的海洋生物。"
"전시관의 운영시간은 화요일부터 일요일까지 09:00~18:00입니다. 매주 월요일, 1월 1일, 설날, 추석은 휴관이며, 매표 마감은 17:30입니다.",展览馆周二至周日9:00至18:00开放。每周一、1月1日、农历新年、中秋节闭馆，门票销售截止时间为17:30。
"입장료는 성인(만 19~64세) 2,000원, 청소년 및 군경(만 13~18세) 1,500원, 어린이(만 7~12세) 1,000원입니다. 단체로 방문하실 경우 할인 요금이 적용됩니다. 주차는 건물 바로 옆에 가능하며, 주차비는 무료입니다.",成人（19-64岁）门票2000韩元，青少年及军警人员（13-18岁）门票1500韩元，儿童（7-12岁）门票1000韩元。团体参观可享受优惠票价。大楼旁设有免费停车场。
대구 환경사랑홍보교육관,大邱环境爱心促进教育中心
대구 달서구 성서공단로 40,大邱广域市达西区城西工团路40
"[요금]
무료
[이용안내]
<이용 대상>
4세 이상
<이용 시간>
1회차(단체): 09:30~10:30
2회차(단체): 10:30~11:30
3회차(단체): 13:00~14:00
4회차(개인): 14:00~15:00
5회차(개인): 15:00~16:00","【费用】

免费

【使用指南】

【适用人群】

4岁及以上

【开放时间】

第一节（团体）：9:30–10:30

第二节（团体）：10:30–11:30

第三节（团体）：13:00–14:00

第四节（个人）：14:00–15:00

第五节（个人）：15:00–16:00"
월요일09:30 ~ 16:00화요일09:30 ~ 16:00수요일09:30 ~ 16:00목요일09:30 ~ 16:00금요일09:30 ~ 16:00토요일정기휴무일요일정기휴무,星期一 09:30 ~ 16:00 星期二 09:30 ~ 16:00 星期三 09:30 ~ 16:00 星期四 09:30 ~ 16:00 星期五 09:30 ~ 16:00 星期六 休息 星期日 休息
"입장료 및 모든 체험 프로그램은 무료입니다. 관람객을 위한 전용 주차장이 마련되어 있고, 주차료도 무료입니다. 다만 외부 음식물은 반입이 금지되어 있습니다.",入场及所有体验项目均免费。我们为游客提供专用停车场，停车免费。但禁止携带外食。
현대어린이책미술관,现代儿童书籍艺术博物馆
경기도 성남시 분당구 판교역로 146번길 20,京畿道城南市盆唐区板桥路路146街20
"[요금]
전시 관람 - 6,000원(성인, 아동 동일)
36개월 미만 - 무료","【入场费】

展览门票 - 6,000 韩元（成人和儿童同价）

36 个月以下儿童 - 免费"
현대어린이책미술관에서는 그림책과 미술이 결합된 전시와 아이들이 참여할 수 있는 '책만들기 체험' 등이 제공됩니다. 미술관 관람 시간은 약 2시간 정도 소요됩니다. 최신 교육 프로그램 정보는 홈페이지에서 확인하실 수 있습니다.,现代儿童图书艺术博物馆提供结合绘本和艺术的展览，以及互动式“图书制作体验”。参观博物馆大约需要两个小时。您可以在网站上查看最新的教育项目信息。
"입장료는 성인과 아동 모두 1인당 6,000원입니다. (기본 정보상 할인 및 무료 입장 대상에 대한 안내는 별도로 제공하지 않으므로, 특정 연령 제한이나 할인, 무료 입장 정보가 필요하신 분은 공식 홈페이지를 참고해 주세요.)",门票价格为每人6000韩元，成人和儿童均适用。（请注意，基本信息不包含折扣或免费入场的详情。如需了解具体的年龄限制、折扣或免费入场信息，请参考官方网站。）
마한유적체험관,马汉历史遗址体验中心
광주광역시 광산구 신창동 1073-12,光州广域市光山区新昌洞1073-12
홍천생명건강과학관,洪川生命健康科学博物馆
강원도 홍천군 홍천읍 생명과학관길 78,江原道洪川郡洪川邑生命科学馆78号
"[요금]
성인: 1,500원
청소년 및 어린이: 1,000원
미취학 아동, 만65세 이상: 무료
홍천군민 50% 할인 입장 가능
[이용안내]
휴무일: 매주 월요일(월요일이 법정 공휴일인 경우 그 다음날), 설 연휴, 추석 연휴
입장마감: 17시","【门票价格】

成人：1,500韩元

青少年及儿童：1,000韩元

学龄前儿童、65岁及以上老人：免费

洪川市居民可享5折优惠

【开放时间】

闭馆日：每周一（如遇周一为节假日，则顺延至次日）、农历新年、中秋节

最后入场时间：17:00"
"관람 시간은 화요일부터 일요일까지 오전 9시부터 오후 6시까지이며, 입장 마감은 오후 5시입니다. 매주 월요일(월요일이 법정 공휴일일 경우 다음날), 설날 및 추석 연휴에는 휴관합니다.",博物馆开放时间为周二至周日，上午9:00至下午6:00，最后入场时间为下午5:00。博物馆每周一闭馆（如遇周一为公共假日，则顺延至次日），农历新年和中秋节期间也闭馆。
"입장료는 성인 1,500원, 청소년 및 어린이 1,000원이며 미취학 아동과 만 65세 이상, 그리고 홍천군민은 50% 할인을 받을 수 있고, 미취학 아동과 만 65세 이상은 무료입니다. 주차장이 마련되어 있어 차량 이용이 편리합니다.",成人票价为1500韩元，青少年及儿童票价为1000韩元。学龄前儿童、65岁及以上老人以及洪川市居民可享受50%的票价折扣，学龄前儿童和65岁及以上老人可免费入场。场馆设有停车场，方便驾车前往。
IM뱅크 금융박물관,IM银行金融博物馆
대구광역시 수성구 달구벌대로 2310 대구은행본점,大邱银行总部，大邱市寿城区达尔古贝尔大路2310号
"[요금]
무료
[이용안내]
입장 마감: 17시
휴관일: 주말, 공휴일, 근로자의 날","【入场费】

免费

【参观须知】

最后入场时间：17:00

闭馆日：周末、节假日、劳动节"
월요일10:00 ~ 17:30화요일10:00 ~ 17:30수요일10:00 ~ 17:30목요일10:00 ~ 17:30금요일10:00 ~ 17:30토요일정기휴무일요일정기휴무,星期一 10:00 ~ 17:30 星期二 10:00 ~ 17:30 星期三 10:00 ~ 17:30 星期四 10:00 ~ 17:30 星期五 10:00 ~ 17:30 星期六 休息 星期日 休息
"IM뱅크 금융박물관은 입장료가 무료입니다. 주차장도 넓게 마련되어 있으며, 별도의 비용 없이 이용할 수 있습니다. 또한 대구은행역 바로 앞에 위치해 있어 대중교통 이용도 편리합니다.",IM银行金融博物馆免费入场。馆内设有宽敞的免费停车场。此外，博物馆正对大邱银行站，乘坐公共交通工具即可轻松抵达。
독도 상설전시관,独岛永久展览馆
서울특별시 종로구 세종대로 172 5호선 광화문역 지하보도,首尔市钟路区世宗大路172号，地铁5号线光化门站地下通道
"[요금]
무료
[이용안내]
폐관 20분 전 입장마감","【费用】

免费

【使用指南】

闭馆前20分钟停止入场"
관람 시간은 화요일부터 일요일까지 11:00~18:00입니다. 매주 월요일은 정기휴무이니 방문 시 참고해 주세요. 그리고 폐관 20분 전에는 입장이 마감됩니다.,开放时间为周二至周日，上午11:00至下午6:00。请注意，博物馆每周一闭馆。闭馆前20分钟停止入场。
"독도 상설전시관은 입장료가 무료이며, 별도의 예약 없이 자유롭게 방문하실 수 있습니다. 단, 단체 관람이나 특별 해설이 필요한 경우에는 별도 문의가 필요할 수 있습니다.",独岛常设展览馆免费入场，无需预约即可自由参观。但团体参观或需要特殊导览服务，请另行联系我们。
경상북도교육청 메이커교육관 맹글마루,庆尚北道教育厅创客教育中心 Maenggeulmaru
경북 구미시 박정희로 155,庆尚北道龟尾市朴正熙路 155
"[요금]
무료
[이용안내]
휴관일: 매주 월요일, 근로자의 날, 법정공휴일(어린이날 제외), 대체공휴일, 임시공휴일, 자체 점검일","【费用】

免费

【使用指南】

休息日：每周一、劳动节、公众假期（儿童节除外）、补休、临时假期、内部维护日"
모든 전시와 체험 프로그램은 무료로 제공됩니다. 별도의 입장료나 체험비는 없습니다.,所有展览和体验项目均免费提供，不另行收取门票或活动费。
키자니아 서울,首尔KidZania
서울특별시 송파구 올림픽로 240 롯데월드,乐天世界，首尔市松坡区奥林匹克路240号
"서울특별시 송파구 올림픽로 240, 롯데월드 내에 위치해 있습니다.
잠실역 4번 출구에서 도보 약 2~3분 거리로, 대중교통 접근성이 매우 뛰어납니다.
롯데월드몰 지하주차장 이용 시, 3시간 무료 주차가 제공되며, 종일권 고객은 6시간 무료 주차권을 받을 수 있습니다.
약 100여 개의 다양한 직업 부스가 마련되어 있으며, 소방관, 경찰관, 항공승무원, 의사, 과학자 등 아이들이 평소 꿈꿔온 여러 직업을 직접 경험할 수 있습니다.
각 체험 부스 앞에는 소요 시간, 입장 정원, 적정 연령, 그리고 체험을 통해 벌거나 쓰는 전용 화폐(키조) 정보가 명확하게 안내되어 있습니다.
입장 시 어린이 한 명당 50키조의 여행자 수표를 지급받으며, 부스 체험을 통해 키조를 벌거나 사용합니다.
키조는 키자니아 내 백화점에서 장난감, 문구 등 실제 상품을 구매하는 데 사용할 수 있습니다.
사용하고 남은 키조는 내장된 은행에 보관하거나 다음 방문 시 사용할 수 있습니다.
요금

반일권(1부): 어린이(36개월~16세) 45,000원 / 보호자 20,000원
반일권(2부): 어린이 38,000원 / 보호자 17,000원
종일권: 어린이 61,000원 / 보호자 20,000원
3시간제 티켓: 26,000원 / 보호자 12,000원
자세한 요금 안내 및 주차 요금은 첨부된 사진 또는 홈페이지를 참고해 주세요.
반일권(1부): 어린이(36개월~16세) 45,000원 / 보호자 20,000원
반일권(2부): 어린이 38,000원 / 보호자 17,000원
종일권: 어린이 61,000원 / 보호자 20,000원
3시간제 티켓: 26,000원 / 보호자 12,000원
자세한 요금 안내 및 주차 요금은 첨부된 사진 또는 홈페이지를 참고해 주세요.
운영 안내

운영 시간: 1부 10:00~15:00 / 2부 15:00~19:30 / 종일 10:00~19:30
3시간제 티켓: 1부 11:30~15:00 / 2부 16:00~19:30
36개월 미만 영유아는 예매 불가
어린이 1인에 보호자 4인, 보호자 1인에 어린이 4인까지 예매 가능
운영 시간: 1부 10:00~15:00 / 2부 15:00~19:30 / 종일 10:00~19:30
3시간제 티켓: 1부 11:30~15:00 / 2부 16:00~19:30
36개월 미만 영유아는 예매 불가
어린이 1인에 보호자 4인, 보호자 1인에 어린이 4인까지 예매 가능
키자니아 서울은 예약제로 운영되며, 공식 홈페이지 또는 소셜 커머스 등에서 티켓을 사전 구매해야 합니다.
잔여 좌석이 빠르게 소진될 수 있으므로, 미리 예약하는 것이 좋습니다.
다양한 할인 이벤트와 제휴 카드, 소셜 핫딜 등을 통해 할인 혜택을 받을 수 있습니다.
지원되는 편의시설: 수유실, 기저귀교환대, 유모차대여, 주차, 예약
지원되지 않는 편의시설: 아기의자
내부에는 아동을 위한 안전 및 편의시설이 잘 갖추어져 있으며, 유모차 대여와 수유실 등 가족 단위 방문객을 위한 서비스도 마련되어 있습니다.
2층 중앙 광장에는 키자테리아(카페테리아)가 있어 오므라이스, 돈가스, 치킨 등 아이들이 좋아하는 다양한 메뉴를 편안하게 즐길 수 있습니다.
아이가 능동적으로 직업을 선택하고 직접 체험해볼 수 있어 진로 탐색과 리더십, 사회성 발달에 큰 도움이 됩니다.
엄마, 아빠에게는 아이가 체험하는 동안 잠시 쉴 수 있는 자유 시간이 주어져 부모님 만족도 역시 높습니다.
서울 도심과 지하철과의 접근성이 뛰어나고, 롯데월드 등 주변 관광지와 연계해 방문하기에도 좋습니다.
체험 부스 오픈 시간과 체험 가능 인원, 동선을 미리 확인하면 보다 알찬 체험이 가능합니다.
안전을 위해 보호자 동반 입장이 필수이며, 보호자는 체험장 내에서 대기하거나 휴게 공간을 이용할 수 있습니다.","它位于首尔松坡区奥林匹克路240号的乐天世界内。

从蚕室站4号出口步行约2-3分钟即可到达，公共交通十分便利。

使用乐天世界购物中心地下停车场可享受3小时免费停车，全天通票持有者可获得6小时免费停车券。

这里设有约100个不同的职业体验展位，让孩子们可以亲身体验他们梦寐以求的各种职业，例如消防员、警察、空乘人员、医生和科学家。

每个体验展位前都清晰地标明了体验时长、人数限制、适宜年龄以及体验过程中可赚取或使用的专属货币（Kidzo）。

入场时，每位儿童都会获得一张价值50 Kidzo的旅行支票，Kidzo可通过体验展位赚取或使用。

Kidzo可在KidZania内的百货商店购买玩具、文具等商品。剩余的Kidzo积分可以存入内置的Kidzo储蓄罐，也可以下次使用。价格

半日票（第一部分）：儿童（36个月至16岁）45,000韩元 / 监护人20,000韩元

半日票（第二部分）：儿童38,000韩元 / 监护人17,000韩元

全日票：儿童61,000韩元 / 监护人20,000韩元

3小时票：26,000韩元 / 监护人12,000韩元

详细价格信息和停车费请参考附图或访问网站。

半日票（第一部分）：儿童（36个月至16岁）45,000韩元 / 监护人20,000韩元

半日票（第二部分）：儿童38,000韩元 / 监护人17,000韩元

全日票：儿童61,000韩元 / 监护人20,000韩元

3小时票：26,000韩元 / 监护人12,000韩元

详细价格及停车费请参考附图或访问网站。

运营指南

运营时间：第一部分 10:00–15:00 / 第二部分 15:00–19:30 / 全天 10:00–19:30

3 小时票：第一部分 11:30–15:00 / 第二部分 16:00–19:30

36 个月以下的婴儿不接受预约

每位儿童最多可由 4 位监护人陪同，或每位监护人最多可陪同 4 位儿童

运营时间：第一部分 10:00–15:00 / 第二部分 15:00–19:30 / 全天 10:00–19:30

3 小时票：第一部分 11:30–15:00 / 第二部分 16:00–19:30

36 个月以下的婴儿不接受预约36 个月

每位儿童最多可由 4 位监护人陪同，或每位监护人最多可陪同 4 位儿童。最多可预订 4 人。

首尔 KidZania 采用预约制，门票必须提前通过官方网站或社交电商平台购买。

由于剩余座位可能很快售罄，建议提前预订。

可通过各种促销活动、合作卡和社交媒体热卖享受折扣。

提供的设施：哺乳室、尿布更换台、婴儿车租赁、停车场、预约

不提供的设施：儿童座椅

内部设施齐全，安全舒适，并为家庭游客提供婴儿车租赁和哺乳室等服务。

位于二楼中央广场的 KidZateria（咖啡厅）提供各种儿童喜爱的美食，例如蛋包饭、猪排和炸鸡，让游客可以舒适地享用美食。

孩子们可以主动选择并亲身体验不同的职业，这极大地帮助他们探索职业方向、培养领导力以及提升社交技能。

家长们也同样满意，因为孩子们参与活动的同时，家长们也能获得休息时间。这里交通便利，可轻松前往首尔市中心和地铁站，并且方便前往附近的乐天世界等旅游景点。

提前查询体验摊位的开放时间、人数限制和路线，将有助于您获得更充实的体验。

出于安全考虑，所有儿童必须由监护人陪同入场。监护人可以在体验区内等候，也可以在休息区等候。"
월요일10:00 ~ 19:30화요일10:00 ~ 19:30수요일10:00 ~ 19:30목요일10:00 ~ 19:30금요일10:00 ~ 19:30토요일10:00 ~ 19:30일요일10:00 ~ 19:30,星期一 10:00 ~ 19:30 星期二 10:00 ~ 19:30 星期三 10:00 ~ 19:30 星期四 10:00 ~ 19:30 星期五 10:00 ~ 19:30 星期六 10:00 ~ 19:30 星期日 10:00 ~ 19:30
"키자니아 서울의 입장권은 반일권(1부, 2부), 종일권, 3시간제 티켓이 있습니다. 어린이 요금은 3시간제 26,000원, 반일권 38,000~45,000원, 종일권 61,000원이며, 보호자 요금은 3시간제 12,000원, 반일권 17,000~20,000원, 종일권 20,000원입니다. 운영 시간은 1부(10:00~15:00), 2부(15:00~19:30), 종일(10:00~19:30)입니다. 인터넷 사전 예매가 현장보다 저렴하며, 정원제로 운영되므로 사전 예매를 추천드립니다.","首尔KidZania的门票包括半日票（第一场和第二场）、全日票和3小时票。儿童票价为：3小时票26,000韩元，半日票38,000至45,000韩元，全日票61,000韩元。监护人票价为：3小时票12,000韩元，半日票17,000至20,000韩元，全日票20,000韩元。营业时间为：第一场（10:00-15:00），第二场（15:00-19:30），全日票（10:00-19:30）。提前在线预订比现场购票更优惠，且由于入场人数有限，我们建议您提前预订。"
로보카폴리 안전체험공원,变形金刚波力安全体验公园
충남 공주시 월미동길 219,忠清南道公州市月尾洞路 219
"[입장료]
무료
[이용안내]
교육 대상: 5세 이상 ~ 초등학생 (한 타임당 수용 인원 30명)
주말, 공휴일 자율 개방(설 연휴 중 설 당일만 휴관)","【入场费】

免费
【使用指南】

适用人群：5岁及以上儿童（小学学生）（每场限30人）

周末及公众假期开放（农历新年假期期间，仅元旦当天闭馆）"
"입장료는 무료입니다. 이용 대상은 5세 이상부터 초등학생까지이며, 한 타임 최대 30명까지 참여할 수 있습니다. 운영 시간은 화요일부터 일요일 오전 10시부터 오후 5시까지이고, 월요일은 정기 휴무입니다. 평일에는 반드시 사전 예약이 필요하고, 주말 및 공휴일은 별도 예약 없이 자유롭게 입장할 수 있습니다.",免费入场。该场地面向5岁及以上儿童，直至小学生开放，每场最多30人。开放时间为周二至周日，上午10:00至下午5:00，周一闭馆。工作日需提前预约，周末及节假日无需预约即可免费入场。
정글미디어파크,丛林媒体公园
경북 경주시 보문로 465-67 지하 1층,庆尚北道庆州市普门路465-67地下1层
"[요금]
대인(20세이상) - 15,000원
청소년(14세~19세) - 13,000원
어린이(8세~13세) - 10,000원
미취학아동/장애인/국가유공자/군인/경로우대(65세이상) - 8,000원
미취학 통합패키지(미디어아트+포토스튜디오) - 10,000원
*36개월미만 무료입장
*경주시민 2000원 할인(통합패키지 제외)","【入场费】

成人（20岁及以上）- 15,000韩元

青少年（14-19岁）- 13,000韩元

儿童（8-13岁）- 10,000韩元

学龄前儿童/残疾人士/国家功勋人员/现役军人/老年人（65岁及以上）- 8,000韩元

学龄前综合套餐（媒体艺术+摄影工作室）- 10,000韩元

*36个月以下儿童免费入场

*庆州市居民可享2,000韩元优惠（综合套餐除外）"
"[요금] 대인(20세 이상): 15,000원 / 청소년(14세~19세): 13,000원 / 어린이(8세~13세): 10,000원 / 미취학아동·장애인·국가유공자·군인·경로우대: 8,000원 / 미취학 통합패키지(미디어아트+포토스튜디오): 10,000원입니다. 36개월 미만은 무료 입장이고, 경주시민은 2,000원 할인(통합패키지 제외) 혜택이 있습니다. 네이버 예약을 이용하면 추가 할인 혜택이 제공될 수 있습니다.","【门票价格】成人（20岁及以上）：15,000韩元 / 青少年（14-19岁）：13,000韩元 / 儿童（8-13岁）：10,000韩元 / 学龄前儿童、残疾人士、国家功勋人士、军人、老年人：8,000韩元 / 学龄前儿童综合套餐（媒体艺术+摄影工作室）：10,000韩元。36个月以下儿童免费入场。庆州市居民可享受2,000韩元的优惠（综合套餐除外）。通过Naver预订可享受额外折扣。"
젊은달와이파크,杨达尔无线网络公园
강원 영월군 주천면 송학주천로 1467-9 영월 젊은달와이파크,江原道灵月郡柱川面松鹤柱川路1467-9号灵月金井达Wi-Park
"[입장료]
성인/청소년: 15,000원
어린이(36개월~12세): 10,000원
36개월 미만: 무료
*강원도민, 영월군민 할인
자세한 메뉴 및 요금은 첨부된 이미지를 확인해 주세요.
[이용안내]
그물놀이터 주말 이용시간 11시 / 1시 / 3시
요금: 5,000원","【入场费】

成人/青少年：15,000 韩元

儿童（36 个月至 12 岁）：10,000 韩元

36 个月以下：免费

*江原道及灵越郡居民可享折扣

请查看附图了解详细菜单及价格。

【使用指南】

网状游乐场周末开放时间：上午 11:00 / 下午 1:00 / 下午 3:00

费用：5,000 韩元"
"입장료는 성인/청소년 15,000원, 어린이(36개월~12세) 10,000원, 36개월 미만은 무료입니다. 강원도민 및 영월군민에 한해 할인이 제공됩니다. 또한 홈페이지에서 예매하면 할인된 금액으로 결제할 수 있습니다. 입장료 및 할인정보는 현장 상황이나 시즌, 이벤트에 따라 변경될 수 있으니 공식 홈페이지를 참고하는 것이 좋습니다.","成人及青少年门票为15,000韩元，36个月至12岁儿童门票为10,000韩元，36个月以下儿童免费。江原道及灵越郡居民可享受优惠。此外，提前在官网预订也可享受折扣。门票价格及优惠信息可能因现场情况、季节或活动而有所变动，建议访问官网查询。"
전라북도교육청과학교육원,全罗北道教育厅科学教育中心
전북 익산시 선화로 836-2 (부송동) 전라북도교육청과학교육원,全罗北道教育厅科学教育中心，全罗北道益山市仙花路836-2号（富城洞）
"[요금]
입장료 무료
[영업 안내 ]
점심 및 점검시간 - 12:00 ~ 13:00
공휴일 및 월요일 휴무
[예약 안내]
별도의 예약은 필요 없으나 프로그램 및 체험관 예약 필요","【费用】

免费入场

【营业时间】

午餐及维护时间：12:00～13:00

节假日及周一闭馆

【预约须知】

无需单独预约，但体验项目及活动中心需提前预约。"
"운영시간은 화요일부터 일요일까지 10:00~17:00입니다. 12:00~13:00은 점심 및 점검시간으로, 이때는 체험물 이용이 제한됩니다. 매주 월요일과 공휴일은 휴관이며, 입장료는 무료입니다.",开放时间为周二至周日，上午10:00至下午17:00。互动展品中午12:00至下午1:00因午餐和维护暂停使用。每周一及公众假期闭馆，免费入场。
자연생태박물관,自然生态博物馆
경기 부천시 길주로 660,京畿道富川市吉州路660
"[요금]
성인: 2,000원
중학생,고등학생,군인: 1,500원
3세 이상,초등학생: 1,000원
[이용안내]
하절기(3~10월) 9:30~18:00
동절기(11월~2월) 9:30~17:00","【费用】

成人：2,000 韩元

初中生、高中生、军人：1,500 韩元

3 岁及以上儿童、小学生：1,000 韩元

【开放时间】

夏季（3 月至 10 月）9:30–18:00

冬季（11 月至 2 月）9:30–17:00"
"입장권은 성인 2,000원, 중고생·군인 1,500원, 3세 이상~초등학생 1,000원입니다. 하절기(3~10월)는 09:30~18:00, 동절기(11~2월)는 09:30~17:00에 운영합니다. 매주 월요일은 정기휴무입니다.",成人门票2000韩元，中小学生及军人门票1500韩元，3岁及以上儿童至小学生门票1000韩元。夏季（3月至10月）开放时间为9:30至18:00，冬季（11月至次年2月）开放时间为9:30至17:00。每周一闭馆。
거북선전시관,海龟船展览馆
경남 남해군 설천면 노량리,庆尚南道南海郡雪川面鹭梁里
"[요금]
거북선 관람료: 500원
미취학 아동: 무료
65세 이상: 무료
남해군민, 장애인, 국가보훈대상자: 무료
[이용안내]
관람 시간: 하절기(3~10월) 09시~18시 / 동절기(11월~2월) 09시~17시
매표 마감: 관람 종료 시간 30분 전
휴관일: 매주 화(공휴일인 경우 다음날), 1월 1일, 설 및 추석","【门票】

海龟船门票：500韩元

学龄前儿童：免费

65岁及以上老人：免费

南海郡居民、残疾人士及国家奖学金获得者：免费

【参观须知】

开放时间：夏季（3月至10月）9:00-18:00 / 冬季（11月至次年2月）9:00-17:00

售票截止时间：闭馆前30分钟

闭馆日：每周二（如遇周二为节假日，则顺延至次日）、1月1日、农历新年、中秋节"
월요일09:00 ~ 18:00화요일정기휴무수요일09:00 ~ 18:00목요일09:00 ~ 18:00금요일09:00 ~ 18:00토요일09:00 ~ 18:00일요일09:00 ~ 18:00,星期一 09:00 ~ 18:00 星期二 休息 星期三 09:00 ~ 18:00 星期四 09:00 ~ 18:00 星期五 09:00 ~ 18:00 星期六 09:00 ~ 18:00 星期日 09:00 ~ 18:00
익산보석박물관,益山珠宝博物馆
전북 익산시 왕궁면 호반로 8 보석박물관,全北益山市王宫面湖畔路8号珠宝博物馆
"[입장료]
성인 3,000원
청소년(13~18세) 2,000원
어린이(7~12세) 1,000원
6세 미만 무료
익스트림 슬라이드 타워
오전 10시~오후5시 운영 (현장발권)
1회당 2,000원 / 미끄럼틀 3,000원","【入场费】

成人 3,000 韩元

青少年（13-18岁） 2,000 韩元

儿童（7-12岁） 1,000 韩元

6岁以下儿童免费

极限滑梯塔

开放时间：上午10:00至下午5:00（现场售票）

每次乘坐2,000韩元 / 滑梯3,000韩元"
"입장료는 성인 3,000원, 청소년(13~18세) 2,000원, 어린이(7~12세) 1,000원, 6세 미만은 무료입니다. 익스트림 슬라이드타워는 1회 2,000원, 미끄럼틀은 1회 3,000원의 별도 요금이 있습니다.",成人门票为3000韩元，青少年（13-18岁）门票为2000韩元，儿童（7-12岁）门票为1000韩元，6岁以下儿童免费。极限滑梯塔每次收费2000韩元，滑梯每次收费3000韩元。
예천곤충생태원,礼川昆虫生态公园
경북 예천군 효자면 고항리 608,庆尚北道醴川郡孝子面高项里608
"[입장료]
성인 5,000원
아동&청소년 4,000원
예천군민 50%할인, 36개월 이하 무료","【入场费】

成人 5,000 韩元

儿童及青少年 4,000 韩元

邺川郡居民享5折优惠，36个月以下儿童免费"
"입장료는 성인 5,000원, 아동/청소년 4,000원이며, 36개월 이하 아동은 무료입니다. 예천군민에게는 50% 할인 혜택이 제공됩니다. 수유실, 기저귀교환대, 넓은 주차장이 갖추어져 있습니다. 반면 아기의자, 유모차 대여, 예약은 지원되지 않습니다.",成人票价为5000韩元，儿童及青少年票价为4000韩元，36个月以下婴儿免费。邺川市居民可享受50%的折扣。该设施设有哺乳室、尿布更换台和宽敞的停车场。但暂不提供儿童座椅、婴儿车租赁和预约服务。
전라북도 어린이창의체험관,全罗北道儿童创意体验中心
전북 전주시 덕진구 조경단로,全北全州市德津区曹庆团路
"[입장료]
온라인예약(권장) 회차별 120명 - 무료
현장발권(선착순) 회차별 30명 - 무료
성인, 어린이 - 3,000원
[이용 시간]
1일 3회차 운영
(10:20~11:50 / 13:30~15:00 / 15:40 ~17:10)","【入场费】

网上预约（推荐）：每场限120人 - 免费

现场购票（先到先得）：每场限30人 - 免费

成人、儿童 - 3,000韩元

【开放时间】

每日三场

（10:20–11:50 / 13:30–15:00 / 15:40–17:10）"
"운영시간은 화요일부터 일요일까지 10:00~17:10이며, 월요일은 정기휴무입니다. 1일 3회차(10:20~11:50 / 13:30~15:00 / 15:40~17:10)로 운영합니다. 회차별로 온라인 예약(권장: 120명)과 현장 발권(선착순: 30명)이 가능합니다. 예약은 2주 전부터 할 수 있으며, 온라인 예약이 우선 추천됩니다. 10세 이하 어린이는 반드시 보호자 동반이 필요합니다.",开放时间为周二至周日10:00至17:10，周一闭馆。每日设有三个时段（10:20–11:50 / 13:30–15:00 / 15:40–17:10）。每个时段均可在线预订（建议120人起订）或现场购票（先到先得，限30人）。预订可提前两周开始，建议在线预订。10岁及以下儿童必须由监护人陪同。
"입장료는 성인과 어린이 모두 3,000원입니다. 홈페이지 또는 현장에서 회차별로 최대 150명(온라인예약 120명, 현장발권 30명)이 무료 입장할 수 있습니다. 무료 입장 대상은 공식 홈페이지에서 확인할 수 있으며, 입장권은 이용 시작 10분 전 안내데스크에서 발권 가능합니다. 결제 및 환불 관련 사항은 예약시 안내되는 규정을 참고해주세요.",成人和儿童的入场费均为3000韩元。每场活动最多有150人（120人通过网上预约，30人通过现场购票）可通过官网或活动现场免费入场。免费入场名单可在官网查询，门票可在活动开始前10分钟在咨询台领取。有关付款和退款事宜，请参阅预约时提供的相关规定。
서울한방진흥센터,首尔韩医学振兴中心
서울 동대문구 약령중앙로 26,首尔特别市东大门区药宁中央路26
"[이용 시간]
하절기(3월~10월) 10:00 - 18:00
동절기(11월~2월) 10:00 - 17:00
[이용 요금]
입장료: 어른 1,000원 / 어린이(만7~18세) 500원 / 유아(6세이하)무료
족욕(20분) 2인 6000원
마사지(약40분) 1인 5000원
약선(약3시간) 1인 15,000원 ~ 30,000원(약선 음식 별 상이)
[주차]
관람객 2시간 무료주차 (건물 내 지하 공영주차장)","【营业时间】

夏季（3月至10月）10:00 – 18:00

冬季（11月至2月）10:00 – 17:00

【费用】

入场费：成人 1,000 韩元 / 儿童（7-18岁）500 韩元 / 婴幼儿（6岁及以下）免费

足浴（20分钟）：6,000 韩元/两人

按摩（约40分钟）：5,000 韩元/人

药膳（约3小时）：15,000 韩元 – 30,000 韩元/人（价格因菜品而异）

【停车】

访客可享受2小时免费停车（大楼内设有地下公共停车场）"
"입장료는 어른 1,000원, 어린이(만 7~18세) 500원, 유아(만 6세 이하)는 무료입니다. 족욕체험(20분)은 2인 기준 6,000원, 마사지체험(약 40분)은 1인 5,000원, 약선음식체험(약 3시간)은 메뉴에 따라 1인 15,000원~30,000원으로 차이가 있습니다. 족욕체험권에는 입장료가 포함되어 있으며, 미취학 아동은 족욕체험이 무료입니다.",成人门票1000韩元，儿童（7-18岁）500韩元，6岁及以下婴幼儿免费。足浴体验（20分钟）两人6000韩元，按摩体验（约40分钟）每人5000韩元，药膳体验（约3小时）根据菜单不同，每人15000至30000韩元不等。足浴体验门票包含入场费，学龄前儿童可免费体验足浴。
서울시립과학관,首尔市立科学博物馆
서울시 노원구 한글비석로 160,首尔特别市芦原区韩文美路 160
"[요금]
성인(20세~64세): 2,000원
19세 이하: 무료
다둥이카드 소지자: 무료","【费用】

成人（20-64岁）：2,000韩元

19岁及以下：免费

持有多子女卡者：免费"
월요일정기휴무화요일9:30 ~ 17:30수요일9:30 ~ 17:30목요일9:30 ~ 17:30금요일9:30 ~ 17:30토요일9:30 ~ 17:30일요일9:30 ~ 17:30,"周一休息

周二 9:30 ~ 17:30

周三 9:30 ~ 17:30

周四 9:30 ~ 17:30

周五 9:30 ~ 17:30

周六 9:30 ~ 17:30

周日 9:30 ~ 17:30"
"입장료는 성인(20~64세) 2,000원이며, 19세 이하는 무료로 입장할 수 있습니다. 다둥이카드 소지자도 무료 입장이 가능합니다. 주차 요금은 1시간에 1,800원입니다. 별도 기재된 주차 할인 정책은 없으니 참고하시기 바랍니다. 단, 과학관 내 주차장이 만차일 경우 주변 유료 공영주차장을 이용해주세요.",成人（20-64岁）门票为2000韩元，19岁及以下儿童免费入场。持有多子女卡的游客也可免费入场。停车费为每小时1800韩元。请注意，没有其他停车优惠政策。如果科学博物馆停车场已满，请使用附近的收费公共停车场。
장생포고래박물관,长生浦鲸鱼博物馆
울산광역시 남구 장생포고래로 244 장생포고래박물관,蔚山广域市南区长生浦高莱路 244 长生浦鲸鱼博物馆
"[입장료]
장생포고래박물관: 2,000원(어른)/ 1,500원(청소년,군인) / 1,000원(어린이)
고래생태체험관: 5,000원(어른) / 4,000원(청소년,군인) / 3,000원(어린이)
울산함: 1,000원
자유이용권: 7,200원
36개월 미만, 만 65세 이상: 무료 입장
자세한 메뉴 및 요금은 첨부된 이미지를 확인해 주세요.
[이용안내]
발권 마감 시간: 마감 30분 전","【门票价格】

长生浦鲸鱼博物馆：成人 2,000 韩元 / 青少年、军人 1,500 韩元 / 儿童 1,000 韩元

鲸鱼生态体验中心：成人 5,000 韩元 / 青少年、军人 4,000 韩元 / 儿童 3,000 韩元

蔚山级战列舰：1,000 韩元

全包通票：7,200 韩元

36 个月以下儿童及 65 岁及以上老人：免费入场

请查看附图了解详细菜单及价格。

【使用须知】

售票截止时间：闭馆前 30 分钟"
월요일정기휴무화요일09:00 ~ 18:00수요일09:00 ~ 18:00목요일09:00 ~ 18:00금요일09:00 ~ 18:00토요일09:00 ~ 20:00일요일09:00 ~ 20:00,"周一休息

周二 09:00 ~ 18:00

周三 09:00 ~ 18:00

周四 09:00 ~ 18:00

周五 09:00 ~ 18:00

周六 09:00 ~ 20:00

周日 09:00 ~ 20:00"
구미과학관,龟尾科学博物馆
경북 구미시 3공단1로 219-1,庆尚北道龟尾市3工团1路219-1
"발권 마감 시간: 17시
[관람료]
어른: 3,000원
청소년(군인): 2,000원
어린이: 1,000원
관람료에 영상관 관람비 포함
5세 이하, 65세 이상 무료 입장
[시설]
1층: 플라네타리움(2D, 3D 천문우주 영상체험), 4D영상관, 사무실/관장실, 영상관리실
2층: 기초과학관, 우주관, 디지털관, 탐구관, 옥외전망대
플라네타리움(2D, 3D 천문우주 영상체험)
하루 4타임 상영: 11:00, 13:00, 15:00, 17:00
4D영상관
하루 5타임 상영: 11:40, 13:30, 14:30, 15:30, 16:30
체험프로그램
잼 랩(GEM LAB), 과학쇼, 생활과학교실, 별자리관측","售票截止时间：17:00

[入场费]

成人：3,000 韩元

青年（军人）：2,000 韩元

儿童：1,000 韩元

入场费包含影厅放映

5 岁及以下儿童和 65 岁及以上老人免费入场

[设施]

一层：天文馆（2D、3D 天文及太空视频体验）、4D 影厅、办公室/主任办公室、视频管理室

二层：基础科学馆、太空馆、数字馆、探索馆、室外天文台

天文馆（2D、3D 天文及太空视频体验）

每日 4 场：11:00、13:00、15:00、17:00

4D 影厅

每日 5 场：11:40、13:30 14:30、15:30、16:30

体验项目

宝石实验室、科学表演、日常科学课、观星"
월요일정기 휴무화요일10:00 ~ 18:00수요일10:00 ~ 18:00목요일10:00 ~ 18:00금요일10:00 ~ 18:00토요일10:00 ~ 18:00일요일10:00 ~ 18:00,"周一休息

周二 10:00 ~ 18:00

周三 10:00 ~ 18:00

周四 10:00 ~ 18:00

周五 10:00 ~ 18:00

周六 10:00 ~ 18:00

周日 10:00 ~ 18:00"
"입장료는 어른 3,000원, 청소년(군인) 2,000원, 어린이 1,000원이며 5세 이하, 65세 이상은 무료 입장할 수 있습니다. 관람료에는 영상관 관람비가 포함되어 있습니다.",成人票价为3000韩元，青少年（军人）票价为2000韩元，儿童票价为1000韩元。5岁及以下儿童和65岁及以上老人免费入场。门票包含在影厅观看影片。
액션하우스,行动之家
전북특별자치도 익산시 금마면 금마호수길 37,全北特别自治道益山市金马面金马湖水路37
"[요금]
1인 : 8,000원(24개월 미만 무료)
야채 바구니 / 밀웜: 1,000원
해바라기 씨앗 / 새 모이: 500원
자세한 메뉴 및 요금은 첨부된 이미지를 확인해 주세요.
[이용안내]
이용 연령 : 전 연령 가능(만 10세 미만 보호자 동반)
이용 시간 : 2시간
월요일이 공휴일 시에는 정상 영업","【费用】

每人：8,000韩元（24个月以下儿童免费）

蔬菜篮/面包虫：1,000韩元

葵花籽/鸟食：500韩元

请查看附图了解详细菜单和价格。

【使用须知】

年龄：欢迎所有年龄段（10岁以下儿童须由监护人陪同）

营业时间：2小时

如遇周一为节假日，照常营业"
"입장료는 1인 8,000원이며, 24개월 미만은 무료입니다. 운영시간은 화~일요일 오전 10시부터 오후 6시까지이며, 매주 월요일은 정기휴무입니다(단, 월요일이 공휴일일 경우 정상 영업). 현장 결제와 예약이 모두 가능하지만 성수기나 주말에는 미리 예약하는 것을 권장합니다.","门票每人8,000韩元，24个月以下儿童免费。营业时间为周二至周日，上午10:00至下午6:00，每周一闭馆（节假日除外）。接受现场付款和预约，但建议在旺季或周末提前预约。"
청도 신화랑풍류마을,清道新华郎蓬柳村
경북 청도군 운문면 신화랑길 1,庆尚北道清道郡银文面新花郎路 1
"발권 마감 시간: 17시
점심시간: 12~13시
[이용요금]
성인: 2,000원
초,중,고등학생: 1,500원
만6세 이하 및 65세 이상 무료 입장
<관람순서>
화랑정신발상지기념관 -화랑 VR체험 -명상실
화랑국궁장(유료 3,000원(10발), 5,000원(20발))
차,명상체험: 10,000원
다도체험: 15,000원
오토캠핑장
이용요금: 20,000원(평일), 25,000원(주말)","售票截止时间：17:00

午休时间：12:00–13:00

【门票价格】

成人：2,000 韩元

中小学生：1,500 韩元

6 岁及以下儿童和 65 岁及以上老人免费

<参观顺序>

花郎精神起源纪念馆 - 花郎 VR 体验馆 - 冥想室

花郎射箭场（付费：3,000 韩元（10 支箭），5,000 韩元（20 支箭））

茶道冥想体验：10,000 韩元

茶道体验：15,000 韩元

露营地

门票：20,000 韩元（平日），25,000 韩元（周末）"
"입장료는 성인 2,000원, 초·중·고등학생 1,500원입니다. 만 6세 이하 및 65세 이상은 무료입니다. 국궁 체험은 3,000원(10발), 5,000원(20발), 차·명상 체험은 10,000원, 다도 체험은 15,000원입니다. 오토캠핑장은 평일 20,000원, 주말 25,000원에 이용할 수 있습니다.",成人门票2000韩元，中小学生门票1500韩元。6岁及以下儿童和65岁及以上老人免费。传统射箭3000韩元（10支箭）或5000韩元（20支箭）；茶道冥想10000韩元；茶道体验15000韩元。汽车露营地平日收费20000韩元，周末收费25000韩元。
다솜생태체험관 NC경산점,多松生态体验中心 NC 庆山分部
경북 경산시 중앙로 39 NC경산점 5층,庆尚北道庆山市中央路39号NC庆山分店5楼
"[요금]
일반(어른, 아이 동일): 15,000원
이랜드 리테일 회원: 9,000원
단체(20명 이상): 8,000원
동물 먹이주기: 3,000원
24개월 미만 무료입장
자세한 메뉴 및 요금은 첨부된 이미지를 확인해 주세요.
[이용안내]
입장 마감 시간: 18시 30분","【入场费】

普通票（成人及儿童）：15,000 韩元

E-Land 零售会员：9,000 韩元

团体票（20 人及以上）：8,000 韩元

动物喂食：3,000 韩元

24 个月以下儿童免费入场

请查看附图了解详细菜单及费用。

【使用须知】

最后入场时间：18:30"
월요일정기휴무화요일11:00 ~ 19:00수요일11:00 ~ 19:00목요일11:00 ~ 19:00금요일11:00 ~ 19:00토요일11:00 ~ 19:00일요일11:00 ~ 19:00,"周一休息

周二 11:00 ~ 19:00

周三 11:00 ~ 19:00

周四 11:00 ~ 19:00

周五 11:00 ~ 19:00

周六 11:00 ~ 19:00

周日 11:00 ~ 19:00"
"입장료는 성인/어린이 구분 없이 15,000원이며, 이랜드 리테일 회원은 9,000원, 단체(20인 이상)는 8,000원입니다. 동물 먹이주기 체험(토끼 먹이 등)은 3,000원이며, 24개월 미만 아동은 무료로 입장할 수 있습니다. 자세한 요금은 현장 또는 첨부 이미지를 참고해 주세요.","成人及儿童门票均为15,000韩元，E-Land零售会员9,000韩元，20人以上团体8,000韩元。动物喂食体验（例如喂兔子）收费3,000韩元，24个月以下儿童免费入场。详细价格请参考网站或附图。"
경상북도교육청 발명체험교육관,庆尚北道教育厅发明体验教育中心
경북 경주시 첨성로 97,庆尚北道庆州市瞻星路 97
"관람료 및 입장료: 무료
점심시간 12:00~13:30
[전시 관람안내]
발명채움관(예약 없이 현장 방문 후 관람)
발명에 대한 이해와 흥미 유발을 위한 발명전시체험, 특허출원 중심 발명전문교육을 위한 공간
미래키움관(사전 예약)
AI, 첨단로봇, VR, AR 등 미래 기술을 체험하는 공간
도전혜윰관(사전 예약)
발명을 놀이로 배우는 놀이중심 체험공간","入场：免费

午休时间：12:00–13:30

[展览指南]

发明填充馆（无需预约，现场参观）

旨在培养公众对发明的理解和兴趣，并提供专注于专利申请的专业发明教育的发明展览体验空间。

未来成长馆（需提前预约）

体验人工智能、尖端机器人、虚拟现实和增强现实等未来科技的空间。

挑战惠佑馆（需提前预约）

以游戏为核心的体验空间，参观者通过游戏了解发明。"
월요일정기 휴무화요일정기 휴무수요일10:00 ~ 16:00목요일10:00 ~ 16:00금요일10:00 ~ 16:00토요일10:00 ~ 16:00일요일10:00 ~ 16:00,周一、周二、周三休息，周四、周五、周六、周日 10:00–16:00 营业
"발명체험교육관의 관람료와 주차 요금은 모두 무료입니다. 넓은 주차장이 마련되어 있으며, 주차 시 별도의 요금이 부과되지 않습니다.",发明体验教育中心免费入场，停车也免费。中心设有宽敞的停车场，无需额外付费。
"[요금]
무료
[프로그램]
체험관 투어: 10시, 13시, 15시30분
3D영화관: 10시10분, 15시 10분
제트기로봇만들기(초1~3): 10시
고래로봇만들기(초4~6): 14시
프로그램과 운영시간은 요일마다 상이하니 홈페이지에서 확인해 주세요.","【入场费】

免费

【活动项目】

体验馆参观：10:00、13:00、15:30

3D影院：10:10、15:10

喷气式机器人制作（1-3年级）：10:00

鲸鱼机器人制作（4-6年级）：14:00

活动项目和开放时间因日期而异，请访问网站查询。"
"입장료와 모든 프로그램(체험관 투어, 3D영화관, 창의체험교실 등)은 무료입니다. 별도의 비용이 들지 않습니다.",入场及所有项目（体验馆参观、3D影院、创意体验课程等）均免费，无任何额外费用。
하림치킨로드투어,哈里姆鸡路之旅
전북특별자치도 익산시 망성면 망성로 14 (주)하림,哈里姆有限公司，全罗北道益山市望城面望城路14号
"[요금]
무료 이용
[이용안내]
운영시간 : 평일 - 10:00, 10:30, 13:30, 14:00 / 토요일 - 10:00, 10:30
견학인원 : 최소 4명, 최대 30명(30명 이상인 경우 전화 문의)
소요시간 : 약 90분","【费用】

免费入场

【信息】

开放时间：平日 - 10:00、10:30、13:30、14:00 / 周六 - 10:00、10:30

团体人数：最少4人，最多30人（30人及以上团体请致电咨询）

时长：约90分钟"
월요일10:00 ~ 15:30화요일10:00 ~ 15:30수요일10:00 ~ 15:30목요일10:00 ~ 15:30금요일10:00 ~ 15:30토요일10:00 ~ 12:00일요일정기휴무,星期一 10:00 ~ 15:30 星期二 10:00 ~ 15:30 星期三 10:00 ~ 15:30 星期四 10:00 ~ 15:30 星期五 10:00 ~ 15:30 星期六 10:00 ~ 12:00 星期日 休息
"하림치킨로드투어는 무료로 이용할 수 있습니다. 홈페이지에서 예약 시 차량번호를 함께 등록하면 공장 입구에서 등록 확인 후 안내받을 수 있습니다. 운영시간은 평일 10:00~15:30, 토요일 10:00~12:00이며, 일요일은 휴무입니다. 견학은 최소 4명, 최대 30명까지 예약할 수 있고, 30명 이상 단체는 별도 문의가 필요합니다. 투어는 평일 10:00, 10:30, 13:30, 14:00 / 토요일 10:00, 10:30에 운영됩니다.",哈里姆鸡场参观之旅免费。如果您在网站预约时登记了车牌号码，即可在工厂入口处核实登记信息后获得导游讲解。参观时间为周一至周五10:00-15:30，周六10:00-12:00，周日闭馆。参观团最少4人，最多30人；30人及以上团体需另行咨询。参观团在周一至周五的10:00、10:30、13:30和14:00，以及周六的10:00和10:30各有一班。
부천로보파크,富川机器人公园
경기 부천시 평천로 655 부천로보파크,富川机器人园区，京畿道富川市平川路655号
"[요금]
성인: 5,000원
학생(중학생-만 19세): 4,000원
어린이(만 36개월~초등학생): 3,000원
만36개월미만 무료
부천시민(성인) 2,500원
부천시민(초중고) 무료
부천시민(아동) 무료
부천시다자녀(다자녀카드,아이플러스카드 지참시) 무료
성인자매도시(화성,강릉,옥천군,공주,진도,봉화군,무주) 2,500원
청소년자매도시(화성,강릉,옥천군,공주,진도,봉화군,무주) 2,000원
어린이자매도시(화성,강릉,옥천군,공주,진도,봉화군,무주) 1,500원","【票价】

成人：5,000 韩元

学生（初中生 - 19 岁）：4,000 韩元

儿童（36 个月 - 小学）：3,000 韩元

36 个月以下：免费

富川市居民（成人）：2,500 韩元

富川市居民（小学、初中、高中）：免费

富川市居民（儿童）：免费

富川市多子女家庭（持多子女卡或 i-Plus 卡）：免费

成人友好城市（华城市、江陵市、沃川郡、公州市、珍岛市、奉化郡、茂朱市）：2,500 韩元

青少年友好城市（华城市、江陵市、沃川郡、公州市、珍岛市、奉化郡、茂朱市）：2,000 韩元

儿童友好城市城市（华城市、江陵、沃川郡、公州、珍岛、奉化郡、茂朱）：1,500韩元"
"부천로보파크의 관람 시간은 화요일부터 일요일까지 오전 10시부터 오후 5시까지입니다. 월요일은 정기 휴무이며, 설과 추석 연휴에는 별도로 휴관할 수 있으니 방문 전 확인이 필요합니다.",富川机器人公园的开放时间为周二至周日，上午10:00至下午5:00。周一闭园进行例行维护，春节和中秋节期间也可能闭园，请在参观前查询闭园信息。
"건물 내외부에 주차장이 있으며, 주차는 1시간까지 무료이고 이후 30분마다 500원의 추가 요금이 부과됩니다.",大楼内外均设有停车场。停车一小时以内免费，之后每30分钟加收500韩元。
본태박물관,邦泰博物馆
제주 서귀포시 안덕면 산록남로762번길 69,济州特别自治道西归浦市安德面山麓南路762街69
"제주 서귀포시 안덕면 산록남로762번길 69에 위치한 본태박물관은 제주의 아름다운 자연과 조화를 이루도록 설계된 특별한 공간이에요.
'본태(本態)'는 ‘본래의 형태’라는 뜻으로, 인류 본연의 아름다움을 전통과 현대의 예술을 통해 탐구하고자 2012년에 만들어졌어요.
세계적인 건축가 안도 다다오가 설계하여 노출 콘크리트, 빛, 물이 어우러진 독특하고 감각적인 건축미를 뽐냅니다.
박물관은 자연과 건축, 전통과 현대, 세계와 한국의 만남이라는 큰 주제를 바탕으로 다양한 전시와 체험, 교육 프로그램을 운영하고 있어요.
본태박물관은 다섯 개의 전시관으로 이뤄져 있어요.
제1관 – 전통공예관
한국의 소반, 목가구, 보자기, 베개 등 다양한 전통 생활 공예품이 전시되어 있어 우리의 옛 생활문화와 장인의 아름다움을 느낄 수 있어요.
제2관 – 현대미술관
피카소, 달리, 앤디 워홀, 백남준 등 세계적인 작가들의 현대미술 작품이 전시되어요. 아이와 함께 세계 예술의 흐름을 만나볼 수 있습니다.
제3관 – 쿠사마 야요이 특별관
일본 현대미술 거장 쿠사마 야요이의 대표작 ‘호박’과 ‘무한 거울의 방’이 전시되어 있어, 아이들이 신기한 미술 체험을 할 수 있어요.
제4관 – 전통상례관
상여, 꼭두 등 옛날 사람들의 장례풍습과 관련된 공예품을 전시하여, 우리 전통문화를 쉽고 흥미롭게 배울 수 있습니다.
제5관 – 기획전시관
시기에 따라 다양한 주제로 특별전이 열리니 방문 전 전시 정보를 확인해보는 것도 좋습니다.
실내뿐 아니라 야외에는 다양한 조각작품과 아름다운 산책로가 함께 있어, 가족이 함께 걸으며 예술과 자연을 동시에 느낄 수 있어요.
미술관 관람 자체가 다양한 예술작품을 가까이서 볼 수 있는 체험이 되어, 아이들에게 창의력과 감성을 길러줍니다.
쿠사마 야요이의 ‘무한 거울의 방’처럼 직접 안에 들어가 보고, 색다른 공간을 경험하는 코너가 준비되어 있어 아이들이 재미있게 예술을 만날 수 있습니다.
전통공예관에서는 생활 속 친숙한 물건들을 통해 우리 문화를 자연스럽게 배울 수 있어 교육적인 시간도 됩니다.
운영 시간: 매일 오전 10시 ~ 오후 6시
관람 소요 시간: 약 1시간 30분 ~ 2시간
36개월 미만 유아는 무료 입장 (증빙 필요)
넉넉한 야외 공간이 있어 전시 관람 후 가족 산책도 추천드려요.
제주국제공항에서 자동차로 약 40분, 제주국제컨벤션센터에서 약 15분 거리입니다.
대중교통 이용 시 버스와 환승을 통해 1시간~1시간 20분 정도 소요돼요.
지원되는 편의시설: 기저귀교환대, 유모차대여, 주차, 예약
지원되지 않는 편의시설: 아기의자, 수유실
박물관 내부에 계단이 많아 유모차 이동이 어려울 수 있어요.
36개월 미만은 무료에요.
근처 수풍석박물관, 방주교회 함께 둘러보시면 좋아요.
성인: 20,000원
학생(초,중,고): 12,000원
미취학아동(만3세~7세): 10,000원
도민/성인: 16,000원
도민/학생: 10,000원
도민/미취학: 8,000원
경로: 12,000원
장애인/국가유공자: 9,000원","位于济州岛西归浦市安德面山禄南路762号街69号的本太美术馆，是一个与济州岛优美自然环境和谐共生的独特空间。

“本太”意为“原始形态”，美术馆成立于2012年，旨在通过传统与现代艺术探索人类内在的美。

美术馆由世界著名建筑师安藤忠雄设计，裸露的混凝土、光线和水巧妙融合，呈现出独特而感性的建筑美感。

美术馆以自然与建筑、传统与现代、世界与韩国的交融为主题，举办各类展览、互动体验和教育项目。

本太美术馆由五个展厅组成。

1号展厅 – 传统工艺展厅

这里展出各种传统生活工艺品，例如韩国小桌（soban）、木制家具、包袱布（bojagi）和枕头，让参观者体验我们古老的生活文化和工匠之美。

2号展厅 – 当代艺术博物馆

这里展出毕加索、达利、安迪·沃霍尔和白南准等世界著名艺术家的当代艺术作品。您可以和孩子一起探索世界艺术潮流。

3号展厅 – 草间弥生特展厅

这里展出日本当代艺术大师草间弥生的代表作，例如《南瓜》和《无限镜屋》，让孩子们获得引人入胜的艺术体验。

4号展厅 – 传统丧葬展厅

这里展出与过去丧葬习俗相关的工艺品，例如灵柩和木雕人偶，让您轻松有趣地了解我们的传统文化。

5号展厅 – 特别展览馆

根据季节不同，这里会举办各种主题的特别展览，建议您在参观前查看展览信息。

除了室内展区，室外还有各种雕塑和优美的步道，方便家庭成员一起漫步，同时体验艺术与自然的交融。

参观博物馆本身就是一种体验，您可以近距离欣赏各种艺术作品，培养孩子的创造力和审美能力。

这里还设有儿童专属区域，孩子们可以进入其中，体验独特的空间，例如草间弥生的“无限镜屋”，让艺术之旅充满乐趣和吸引力。在传统工艺馆，您可以通过熟悉的日常物品，自然而然地了解我们的文化，获得寓教于乐的体验。

开放时间：每日上午 10:00 至下午 6:00

参观时长：约 1 小时 30 分钟至 2 小时

36 个月以下婴儿免费入场（需出示年龄证明）

馆外空间宽敞，建议参观完展览后与家人一起散步。

从济州国际机场驾车约 40 分钟，从济州国际会议中心驾车约 15 分钟。

如乘坐公共交通工具，需乘坐巴士并换乘，全程约 1 小时至 1 小时 20 分钟。

设施：尿布更换台、婴儿车租赁、停车场、预约

不提供设施：儿童座椅、哺乳室

馆内楼梯较多，推婴儿车可能不太方便。

36 个月以下儿童免费入场。

建议同时参观附近的土风石博物馆和方州教堂。成人：20,000韩元

学生（小学、初中、高中）：12,000韩元

学龄前儿童（3-7岁）：10,000韩元

省内居民/成人：16,000韩元

省内居民/学生：10,000韩元

省内居民/学龄前儿童：8,000韩元

老年人：12,000韩元

残疾人士/国家优秀学生：9,000韩元"
박물관은 월요일부터 일요일까지 매일 오전 10시부터 오후 6시까지 운영합니다.,博物馆周一至周日每天上午10点至下午6点开放。
"36개월 미만 유아는 무료 입장입니다. 미취학 아동(만 3세~7세)은 10,000원, 초등학생 및 중·고등학생은 12,000원의 학생 요금이 적용됩니다. 제주 도민, 경로, 장애인, 국가유공자는 별도의 할인 요금이 있으며, 증빙서류를 지참해 주시기 바랍니다.","36个月以下婴儿免费入场。学龄前儿童（3-7岁）票价为10,000韩元，小学、初中和高中学生票价为12,000韩元。济州岛居民、老年人、残疾人士和国家功勋获得者可享受额外折扣，请携带相关证明文件。"
중미산천문대,中密山天文台
경기도 양평군 옥천면 중미산로 1268 중미산천문대,京畿道杨平郡沃川面中美山路 1268 中美山展望台
"경기도 양평군 옥천면 중미산로 1268에 위치한 중미산천문대는 해발 약 420m~437m의 중미산 자연휴양림 내에 자리하고 있습니다.
서울에서 차로 약 1시간 내외로 갈 수 있어 접근성이 뛰어나며, 공해가 적어 수도권 인근에서 많은 별을 볼 수 있는 곳으로 손꼽힙니다.
천체관측 프로그램: 여러 대의 천체망원경을 이용해 직접 별, 행성, 달, 계절별 별자리를 관찰할 수 있습니다.
교육 및 영상 프로그램: 우주 과학 기초지식을 쉽게 전달하는 영상 교육, 시뮬레이션 프로그램이 준비되어 있어 아이들의 호기심을 자극합니다.
체험형 활동: 전문가의 설명과 실습으로 직접 우주를 만져보는 체험이 가능합니다.
관측 불가 시 재관측 기회 제공: 날씨 등으로 인해 정상적인 관측이 어렵다면, 1년 내 무료 재관측 기회를 제공합니다.
너무 어린아이들보다는 6세 이상의 아이들에게 추천드려요.
전문 강사진: 천문학·자연 분야의 전문가가 직접 강의와 관측 지도를 담당합니다.
편의시설: 주차, 예약 가능, 주차장은 입구에서 주차요원이 예약자 확인 후 주차 안내를 해주어요.
자연휴양림 연계: 낮에는 인근 자연휴양림에서 다양한 야외활동도 연계할 수 있습니다.
예약제로 운영되므로 방문 전 공식 홈페이지 또는 예약 플랫폼을 통해 예약을 진행해야 합니다.
프로그램 시작 약 1시간 전부터 입장이 가능하며, 되도록 예약 시간보다 10분 전까지 도착하는 것이 좋습니다.
계절과 날씨에 따라 관측 대상이 다르니, 공식 홈페이지에서 계절별로 관측 가능한 별자리, 행성을 확인하세요.
주변이 어두워 운전이 어려울 수 있으니, 미리 도착해서 안전하게 이동하시길 권장합니다.
핸드폰 기종별로 별을 촬영하는 방법도 별자리 관측 시간에 안내합니다.
천체망원경으로 직접 별, 행성, 달을 관측
별자리와 우주에 대한 재미있는 영상 교육
날씨에 따른 유연한 재관측 기회
어두운 곳에서 별 관측이 이루어지기 때문에 아이들이 뛰어다니지 않게 유의해주세요.
요금
당일별자리여행(월~목요일): 22,000원
당일별자리여행(금~일요일, 공휴일): 25,000원
만 36개월 미만: 무료
당일별자리여행(월~목요일): 22,000원
당일별자리여행(금~일요일, 공휴일): 25,000원
만 36개월 미만: 무료
이용안내
진행시간: 약 1시간 30분 (천문영상교육 30분 + 천체관측 1시간)
진행시간: 약 1시간 30분 (천문영상교육 30분 + 천체관측 1시간)
별과 우주에 관심이 많은 아이
특별한 가족 나들이를 찾는 분
자연 속에서 체험과 휴식을 동시에 즐기고 싶은 가족","中美山天文台位于京畿道杨平郡沃川面中美山路1268号，坐落在中美山自然休闲森林内，海拔约420米至437米。

这里交通便利，距离首尔仅约一小时车程，且由于污染程度低，被认为是首尔附近观测各种星空的最佳地点之一。

天文观测项目：游客可以使用多台望远镜直接观测恒星、行星、月球和季节性星座。

教育和视频项目：提供旨在轻松传达基础太空科学知识的视频教育和模拟项目，以激发儿童的好奇心。

互动体验活动：游客可以通过专家讲解和动手实践，亲身感受宇宙的奥秘。

补观机会：如因天气或其他因素导致无法正常观测，一年内可免费补观一次。

建议6岁及以上儿童参加，不建议幼儿参加。

专业指导：天文和自然领域的专家将亲自讲解并指导观测。便利设施：提供停车位，可提前预约。入口处的停车引导员将核实您的预约信息并引导您前往停车位。

自然休闲森林连接：白天，您可以将参观活动与附近自然休闲森林的各种户外活动相结合。

由于此项目为预约制，您必须在参观前通过官方网站或预约平台进行预约。

入场时间约为活动开始前一小时；建议您至少提前10分钟到达。

观测目标会因季节和天气而异，请查看官方网站了解各季节可见的星座和行星。

在黑暗环境中驾驶可能比较困难，因此我们建议您尽早到达以确保安全。

观星活动期间，我们将提供使用不同型号手机拍摄星空的指导。

您可以通过望远镜直接观测星星、行星和月亮。

观看关于星座和宇宙的趣味视频。

根据天气情况，我们将提供灵活的复观机会。

由于观星活动在黑暗环境中进行，请确保儿童不要在周围奔跑。价格

一日观星之旅（周一至周四）：22,000 韩元

一日观星之旅（周五至周日及节假日）：25,000 韩元

36 个月以下儿童：免费

一日观星之旅（周一至周四）：22,000 韩元

一日观星之旅（周五至周日及节假日）：25,000 韩元

36 个月以下儿童：免费

使用指南

时长：约 1 小时 30 分钟（30 分钟天文视频讲解 + 1 小时天文观测）

时长：约 1 小时 30 分钟（30 分钟天文视频讲解 + 1 小时天文观测）

适合对星空和太空充满兴趣的儿童

适合寻求特别家庭出游的游客

适合希望在自然中体验和放松身心的家庭"
월요일20:30 ~ 24:00화요일정기휴무수요일정기휴무목요일20:30 ~ 24:00금요일20:30 ~ 24:00토요일20:30 ~ 24:00일요일20:30 ~ 24:00,星期一 20:30 ~ 24:00 星期二 休息 星期三 休息 星期四 20:30 ~ 24:00 星期五 20:30 ~ 24:00 星期六 20:30 ~ 24:00 星期日 20:30 ~ 24:00
이화박물관,梨花美术馆
서울특별시 중구 정동길 26 이화여자고등학교,梨花女子高中，首尔市中区贞洞路26号
"[요금]
무료 이용
[이용안내]
휴무일 - 매주 월요일, 일요일, 공휴일, 기타 관장이 정하는 휴일 / 현충일 휴무","【费用】免费入场

【使用指南】

闭馆日：每周一、周日、公众假期及馆长指定的其他假期 / 阵亡将士纪念日闭馆"
"이화박물관은 화요일부터 토요일까지 오전 10시부터 오후 5시까지 운영됩니다. 매주 월요일, 일요일, 공휴일 및 관장이 정하는 휴일·현충일은 휴관입니다.",梨花女子大学美术馆周二至周六上午10:00至下午5:00开放。每周一、周日、公众假期、馆长指定的节假日及阵亡将士纪念日闭馆。
"입장료는 무료입니다. 현재 소규모 가족 단위로는 예약 없이 관람이 가능하며, 단체(10인 이상)는 사전 문의 및 예약이 필요할 수 있습니다.",免费入场。目前，小型家庭团体无需预约即可参观，而10人及以上的团体可能需要提前咨询和预约。
도쿄 포켓몬센터 도쿄 DX,东京宝可梦中心东京DX
"髙島屋S.C.東館, 5F, 2 Chome-11-2 Nihonbashi, Chuo City, Tokyo 103-0027 일본","髙岛屋S.C.东馆, 5F, 2 Chome-11-2 Nihonbashi, Chuo City, Tokyo 103-0027 Japan"
"[요금]
제품별로 다름",【价格】因产品而异
월요일10:30 ~ 21:00화요일10:30 ~ 21:00수요일10:30 ~ 21:00목요일10:30 ~ 21:00금요일10:30 ~ 21:00토요일10:30 ~ 21:00일요일10:30 ~ 21:00,星期一 10:30 ~ 21:00 星期二 10:30 ~ 21:00 星期三 10:30 ~ 21:00 星期四 10:30 ~ 21:00 星期五 10:30 ~ 21:00 星期六 10:30 ~ 21:00 星期日 10:30 ~ 21:00
"포켓몬센터 도쿄 DX는 입장료 없이 자유롭게 입장할 수 있으며, 연령에 관계없이 누구나 방문 가능합니다. 단, 맞은편 포켓몬 카페는 예약이 필요합니다.",东京宝可梦中心DX免费入场，不限年龄。但街对面的宝可梦咖啡厅需要预约。
키즈플라자 오사카,大阪儿童广场
"2 Chome-1-7 Ogimachi, Kita Ward, Osaka, 530-0025 일본","2 Chome-1-7 Ogimachi, 北区, 大阪, 530-0025 日本"
"[요금]
어른: 1,400엔(한화 약 12,000원)
소인(만 7세~만 14세): 800엔(한화 약 7,000원)
유아(만 3세~만 6세): 500엔(한화 약 4,500원)
65세 이상(증빙 지참 시): 700엔(한화 약 6,200원)
36개월 미만: 무료
자세한 메뉴 및 요금은 첨부된 이미지를 확인해 주세요.
[이용안내]
입장 마감: 마감 45분 전
둘째, 셋째주 월요일 휴관, 단, 월요일이 공휴일인 경우 다음 날 휴관
연말연시(12.28.~1.2.) 휴관, 임시 휴관 있음","【门票】

成人：1,400日元（约12,000韩元）

儿童（7-14岁）：800日元（约7,000韩元）

婴幼儿（3-6岁）：500日元（约4,500韩元）

65岁及以上老人（需出示年龄证明）：700日元（约6,200韩元）

36个月以下婴幼儿：免费

请查看附图了解详细菜单和门票价格。

【参观须知】

最晚入场时间：闭馆前45分钟

每月第二个和第三个星期一闭馆；但如果星期一是公共假日，则博物馆将顺延至下一个星期一闭馆。

年末新年假期（12月28日至1月2日）期间关闭；可能会出现临时关闭的情况。"
월요일09:30 ~ 17:00화요일09:30 ~ 17:00수요일09:30 ~ 17:00목요일09:30 ~ 17:00금요일09:30 ~ 17:00토요일09:30 ~ 17:00일요일09:30 ~ 17:00,星期一 09:30 ~ 17:00 星期二 09:30 ~ 17:00 星期三 09:30 ~ 17:00 星期四 09:30 ~ 17:00 星期五 09:30 ~ 17:00 星期六 09:30 ~ 17:00 星期日 09:30 ~ 17:00
"입장료는 어른 1,400엔, 소인(만 7세~만 14세) 800엔, 유아(만 3세~만 6세) 500엔, 65세 이상 700엔(증빙 지참 시), 36개월 미만 유아는 무료입니다. 입장권은 현장 매표소에서 구입할 수 있으며, 당일 예매 티켓 제시 시 3층에서 재입장이 가능합니다.",成人票价为1400日元，儿童（7-14岁）票价为800日元，婴幼儿（3-6岁）票价为500日元，65岁及以上老人（需出示年龄证明）票价为700日元，36个月以下婴儿免费。门票可在现场售票处购买，凭预订门票可在当天从3楼再次入场。
장생포 고래생태체험관,长生浦鲸鱼生态体验中心
울산광역시 남구 장생포고래로 248 고래생태체험관,鲸鱼生态体验中心，蔚山广域市南区长生坡哥路248号
"[요금]
성인 - 5,000원
청소년, 군인 - 4,000원
어린이 - 3,000원
36개월 미만, 경로 등 - 무료
자세한 요금 및 할인 정보는 첨부된 이미지를 확인해 주세요.
[이용안내]
5월 ~ 10월은 주말에 야간 연장 운영(20시까지)
매표마감 - 17:30","【票价】

成人 - 5,000 韩元

青少年、军人 - 4,000 韩元

儿童 - 3,000 韩元

36 个月以下婴幼儿、老年人等 - 免费

请查看附图了解详细票价及优惠信息。

【使用指南】

5 月至 10 月周末延长夜间运营时间（至 20:00）

售票截止时间为 17:30"
"입장료는 성인 5,000원, 청소년 및 군인 4,000원, 어린이 3,000원(36개월 미만, 경로 등 무료)입니다. 운영시간은 화~금요일 09:00~18:00, 토~일요일 09:00~20:00이며, 매주 월요일은 정기휴무입니다. 매표마감은 17:30입니다. 5~10월에는 주말 야간 연장 운영을 합니다.","成人票价为5,000韩元，青少年及军人票价为4,000韩元，儿童票价为3,000韩元（36个月以下婴幼儿、老年人等免费）。开放时间为周二至周五9:00-18:00，周六至周日9:00-20:00；每周一闭馆。售票截止时间为17:30。5月至10月期间，周末延长开放至晚上。"
옛군산세관,旧群山海关大楼
전북특별자치도 군산시 해망로 244-7 군산세관 옛군산세관,群山海关，全北特别自治道群山市海望路244-7号（原群山海关）
"[요금]
무료 이용
[이용안내]
문화관광해설사 운영
운영시간 - 연중
해설시간 - 오전 10시 ~ 12시 / 오후 1시 ~ 5시","【费用】

免费入场

【导览】

提供文化旅游导览服务

开放时间：全年开放

导览服务时间：上午 10:00 至中午 12:00 / 下午 1:00 至下午 5:00"
"옛군산세관은 입장료 없이 무료로 관람할 수 있습니다. 운영시간은 화요일부터 일요일까지 10:00~17:00이고, 월요일은 정기휴무입니다.",旧群山海关大楼免费参观。开放时间为周二至周日10:00至17:00，周一闭馆。
이종일선생생가지,李正日的出生地
충남 태안군 원북면 옥파로 199-7,忠清南道泰安郡原北面玉波路 199-7
"[요금]
무료
[이용안내]
하절기(3월~10월): 09시~18시(평일)
동절기(11월~2월): 9시~17시(평일)","【费用】

免费
【开放时间】

夏季（3月至10月）：9:00–18:00（工作日）

冬季（11月至2月）：9:00–17:00（工作日）"
이종일선생생가지의 입장료는 무료입니다.,参观李正日先生的出生地是免费的。
국립중앙과학관 자연사관,国家中央科学博物馆自然历史馆
대전광역시 유성구 대덕대로 481 국립중앙과학관,国立科学博物馆，大田市儒城区大德大路481号
"[요금]
무료
[이용안내]
매주 월요일 휴무, 공휴일이 월요일인 경우 다음날 휴무","【费用】

免费 【使用指南】

每周一闭馆。如遇公众假期恰逢周一，则顺延至次日闭馆。"
진주청동기문화박물관,晋州青铜时代文化博物馆
경상남도 진주시 대평면 호반로 1353,庆尚南道晋州市大平面虎番路1353
"상설전시관: 진주 대평리에서 발굴된 청동기 시대 토기, 옥 장신구 등 300여 점의 유물을 전시합니다.
기획전시관: 다양한 주제로 청동기 시대의 생활상과 문화를 특별 전시합니다.
야외전시장: 실제 청동기 시대 마을을 재현한 움집(4동)과 고인돌, 무덤(20여 기)이 전시되어 아이들이 자연 속에서 옛 생활을 체험할 수 있습니다.
전망쉼터, 수변 산책로: 진양호와 어우러진 아름다운 경치를 감상하며 산책할 수 있습니다.
실감영상관: 청동기 시대의 축제와 전쟁을 생동감 있는 입체 영상으로 만나볼 수 있습니다.
AR 드론관측실 & XR 망원경: 증강현실과 가상현실 기술로 선사시대 마을을 관찰하고 청동기 시대의 농사, 장례 문화도 체험합니다.
VR 옥공방: 옥 장신구를 가상현실 체험으로 직접 만들어 볼 수 있습니다.
홀로그램뮤지컬: 움집 속에서의 옛날 생활을 생생한 홀로그램 공연으로 즐길 수 있습니다.
운영 시간: 09:00 ~ 18:00 (동절기 09:00 ~ 17:00)
휴관: 매주 월요일, 1월 1일, 설날 및 추석 당일
관람료: 어린이 500원, 청소년/군인 700원, 성인 1,000원 (진주시민 등은 50% 할인)
편의시설: 수유실, 기저귀교환대, 유모차대여, 주차, 예약
실제 발굴된 유물을 보며 선사시대 사람들의 생활을 눈으로 직접 확인할 수 있습니다.
토기, 움집, 고인돌 등 옛 유적을 직접 보고, 듣고, 만지며 체험 활동이 풍부합니다.
AR/VR 등 첨단 기술을 이용한 체험이 많아, 공부와 놀이를 동시에 즐길 수 있습니다.
아름다운 진양호와 함께 산책할 수 있는 자연환경이 조성되어 있습니다.
체험프로그램은 일부 사전 예약이 필요할 수 있으며, ""옥 모양의 목걸이가 있어야 체험이 가능"" 하니 안내 데스크에서 목걸이를 먼저 받고 관람하셔야 해요.
필기도구, 사진기 등을 준비해 오시면 관람에 많은 도움이 돼요.
아이와 함께 방문 시 전시실과 유물에 손을 대지 않도록 유의해 주세요.
어른(19세 이상 ~ 65세 미만): 1,000원
청소년 및 군인(13세 이상 ~ 18세 이하): 700원
어린이(7세 이상 ~ 12세 이하): 500원
6세 이하: 무료
진주시민: 50% 감경
전시 해설: 6세 이상, 15명 미만 개인 관람객, 1회차(11시), 2회차(14시), 3회차(16시)
옥 장신구 만들기: 5인 이상의 단체, 예약 필수
박물관으로 딸기 피크닉: 19년생 ~ 12년생 자녀를 둔 가족, 1회차(10시~12시), 2회차(14시~16시)","常设展厅：展出300余件文物，包括晋州大坪里出土的青铜时代陶器和玉器。

特展厅：通过各种主题，举办有关青铜时代生活方式和文化的特展。

户外展区：设有四个模拟青铜时代村落的半地穴式房屋，以及石棚和约20座墓葬，让孩子们在自然环境中体验古代生活。

观景休息区及湖畔步道：漫步湖畔，欣赏与晋阳湖相映成趣的优美景色。

沉浸式影像厅：通过生动的3D视频，体验青铜时代的节日和战争。

AR无人机观测室及XR望远镜：利用增强现实和虚拟现实技术观察史前村落，体验青铜时代的农业和丧葬文化。

VR玉器工坊：通过虚拟现实体验，亲手制作属于自己的玉器。

全息音乐剧：欣赏生动逼真的全息表演，感受古代地穴居人的生活。开放时间：9:00～18:00（冬季：9:00～17:00）

闭馆日：每周一、1月1日、农历新年、中秋节

门票：儿童500韩元，青少年/军人700韩元，成人1000韩元（晋州市居民等可享5折优惠）

设施：母婴室、婴儿换尿布台、婴儿车租赁、停车场、预约

您可以亲眼目睹出土文物，近距离了解史前人类的生活。

这里还有丰富的互动体验活动，您可以亲眼观察、亲耳聆听、亲手触摸陶器、地穴居人居、石棚等古代遗迹。

众多体验项目运用了增强现实/虚拟现实（AR/VR）等尖端科技，让您在玩乐的同时也能学习知识。

这里营造了自然的氛围，您可以漫步于美丽的锦阳湖畔。

部分体验项目可能需要提前预约。请注意，“参与体验需佩戴玉形项链”，请在参观前到咨询台领取。携带笔、相机等物品将大大提升您的参观体验。

带孩子参观时，请确保他们不要触摸展品或文物。

成人（19岁及以上至65岁以下）：1,000韩元

青少年及军人（13岁及以上至18岁以下）：700韩元

儿童（7岁及以上至12岁以下）：500韩元

6岁及以下：免费

晋州市居民：半价优惠

展览讲解：6岁及以上，15人以下团体，第一场（11:00）、第二场（14:00）、第三场（16:00）

玉器制作：5人以上团体，需预约

博物馆草莓野餐：2012年至2019年出生儿童的家庭，第一场（10:00-12:00）、第二场（14:00-16:00）"
"관람 시간은 3월~10월은 09:00~18:00, 11월~2월은 09:00~17:00입니다. 매표는 관람 시간 종료 30분 전까지 가능합니다. 휴관일은 매주 월요일, 1월 1일, 설날, 추석입니다. 입장료는 어른(19세 이상 ~ 65세 미만) 1,000원, 청소년 및 군인(13세 이상 ~ 18세 이하) 700원, 어린이(7세 이상 ~ 12세 이하) 500원이며, 6세 이하 어린이는 무료입니다. 진주시민은 입장 요금의 50% 감경 혜택을 받을 수 있습니다. 자세한 할인 대상은 홈페이지에서 확인해주세요.",开放时间为3月至10月9:00至18:00，11月至次年2月9:00至17:00。售票截止时间为闭馆前30分钟。博物馆每周一、1月1日、农历新年和中秋节闭馆。门票价格为：成人（19岁至65岁以下）1000韩元，青少年及军人（13岁至18岁）700韩元，儿童（7岁至12岁）500韩元；6岁及以下儿童免费。晋州市居民可享受门票五折优惠。优惠详情请咨询官网。
도쿄 사이타마 철도박물관,东京埼玉铁道博物馆
경기도 의왕시 철도박물관로 142,京畿道义王市铁福水关路142
"[요금]
예매 요금
일반: 1,600엔 / 초중고생: 600엔 / 유아(3세 이상 미취학 아동): 300엔
당일 요금
일반: 1,500엔 / 초중고생: 500엔 / 유아(3세 이상 미취학 아동): 200엔
[프로그램]
미니 운전 열차 - 내용: 미니열차 운전 / 요금: 600엔 / 연령: 운전은 초등학생 이상
미니 하야부사호 - 내용: 미니전차 승차 / 요금: 200엔(1인) / 연령: 미취학 아동 1인당 보호자 1인
D51 시뮬레이터 - 내용: 증기기관차 운전 시뮬 / 요금: 600엔 / 연령: 중학생 이상
차장 시뮬레이터 - 내용: 차장 업무 배우기 / 요금: 600엔 / 연령: 초등학생 이상
운전사 체험교실 - 내용: 운전사 체험 / 요금: 600엔 / 연령: 초등학생 이상(미취학 아동은 견학만 가능)
E5 시뮬레이터 - 내용: 고속 운전 체험 / 요금: 600엔 / 연령: 초등학생 이상
프로그램별 운영 시간 및 접수 방법이 상이하니 자세한 내용은 앱을 통해 확인해 주세요.
[이용안내]
마지막 입장: 16시 30분","【费用】

预售票

普通票：1,600日元 / 小学、初中/高中学生：600日元 / 幼儿（3岁及以上）：300日元

当日票

普通票：1,500日元 / 小学、初中/高中学生：500日元 / 幼儿（3岁及以上）：200日元

【项目】

迷你驾驶小火车 - 内容：驾驶迷你小火车 / 费用：600日元 / 年龄：小学生及以上

迷你隼号小火车 - 内容：乘坐迷你小火车 / 费用：200日元（每人） / 年龄：每位幼儿需一位监护人

D51模拟器 - 内容：蒸汽机车驾驶模拟 / 费用：600日元 / 年龄：初中生及以上

列车长模拟器 - 内容：学习列车长职责 / 费用：600日元 / 年龄：小学生学生及以上年龄段

驾驶体验课程 - 内容：驾驶体验 / 费用：600日元 / 年龄：小学生及以上年龄段（学龄前儿童仅限观看）

E5 模拟器 - 内容：高速驾驶体验 / 费用：600日元 / 年龄：小学生及以上年龄段

不同项目的运营时间和报名方式可能有所不同，详情请查看应用程序。

[使用指南]

最后入场时间：16:30"
청도소싸움미디어체험관,青道斗牛媒体体验中心
경북 청도군 화양읍 남성현로 346,庆尚北道清道郡华阳邑南城岘路346号
"[관람료]
일반(만 18세 이상): 3,000원
어린이,청소년(만 3세~ 18세): 2,000원
청도 군민 50%할인
만 3세 이하 무료 입장
[시설]
1F: 소와 만나다(미디어 아트), 소와 농사짓기, 소싸움에 빠지다(영상 공간), 싸움소의 특징(소모형 맵핑 영상 공간), 포토존, 휴게실
2F: 미디어체험관, 싸움소 명예의 전당(포토존), 놀이방, 색칠하기 존, 로데오 체험, 영상휴게실
1F에서 상영하는 영상(약 7분 상영)은 30분 간격으로 상영
놀이방: 7세 이하 이용가능 / 제한 시간 1시간","【入场费】

成人（18岁及以上）：3,000韩元

儿童及青少年（3-18岁）：2,000韩元

清道居民：半价优惠

3岁及以下儿童免费入场

【设施】

1楼：与公牛亲密接触（媒体艺术）、与公牛共耕、爱上斗牛（影像空间）、斗牛的特点（牛形投影影像空间）、拍照区、休息室

2楼：媒体体验馆、斗牛名人堂（拍照区）、儿童游戏室、涂色区、牛仔竞技体验、视频休息室

1楼播放的视频（约7分钟）每30分钟播放一次。

儿童游戏室：7岁及以下儿童可使用 / 限时1小时"
전곡선사박물관,井谷史前博物馆
경기도 연천군 전곡읍 평화로443번길 2 전곡선사박물관,京畿道涟川郡贞谷邑平和路443号街2号，贞谷史前博物馆
"[요금]
입장료 - 무료
[이용안내]
입장 마감 시간 - 17:30
휴관일 - 매주 월요일(월요일이 공휴일인 경우 제외), 1월1일, 설·추석 당일
[시설]
B1: 매표소, 안내데스크, 자율보관소, 기획전시실, 다목적강당(3D영상실), 화장실
1F: 안내데스크, 뮤지엄샵, 카페, 상설전시실, 고고학 체험실, 교육실&회의실, 화장실","【费用】

入场费：免费

【参观须知】

最后入场时间：17:30

闭馆日：每周一（节假日除外）、1月1日、农历新年、中秋节

【设施】

地下一层：售票处、咨询台、自助储物柜、特展厅、多功能礼堂（含3D放映室）、洗手间

一层：咨询台、博物馆商店、咖啡厅、常设展厅、考古体验室、教育室及会议室、洗手间"
"전곡선사박물관의 입장료와 주차비는 모두 무료입니다. 정규 전시 관람은 별도의 예약이 필요하지 않으며 자유롭게 입장할 수 있습니다. 단, 일부 교육/체험 프로그램은 ggc멤버스(경기문화재단 예약 플랫폼)를 통해 사전 예약이 필요하며, 당일 공석이 있을 경우 2층 안내데스크에서 현장 접수도 가능합니다.",井谷史前博物馆的入场和停车均免费。参观常规展览无需预约，可直接入场。但部分教育和体验项目需要提前通过京畿文化财团会员预约平台（GGC Members）进行预约；如有空位，也可在二楼咨询台现场报名。
국악박물관,韩国传统音乐博物馆
서울특별시 서초구 남부순환로 2364 국립국악원,首尔特别市瑞草区南部循环路 2364 国立国乐院
"[요금]
무료
[이용안내]
입장 마감 시간: 17:30
[시설]
국악뜰(1F), 악기실 및 소리품(2F), 문헌실(2F), 아카이브실(2F), 명인실(2F), 체험실(2F), 야외체험장(민속놀이, 사물놀이)
[전시해설 프로그램]
기간: 2022.04.01~2022.12.31
시간: 매주 토요일 13시 30분, 15시 30분 (2회)
매달 첫째날, 다음 달 전시해설프로그램 예약창 오픈
[몰입형 영상 체험 진연]
상영 시간: 10:00~18:00 (10시 반부터 매 시간 30분에 영상 시작)
미디어 가이드: 안내데스크 문의 및 접수 후 사용가능","【入场费】

免费

【导览】

最后入场时间：17:30

【设施】

国乐室（1楼）、乐器室及索里普（2楼）、文献室（2楼）、档案室（2楼）、大师室（2楼）、体验室（2楼）、户外体验区（民间游戏、四物游戏）

【展览讲解活动】

展期：2022年4月1日至2022年12月31日

时间：每周六13:30和15:30（两场）

下月讲解活动的预约将于每月1日开放。

【沉浸式视频体验 Jinyeon】

放映时间：10:00 – 18:00（视频从10:30开始，之后每半小时放映一次）

媒体指南：请前往咨询台咨询并登记后获取"
"국악박물관은 입장료가 무료이며, 일반 관람은 예약 없이 이용할 수 있습니다. 다만 전시해설 프로그램과 같은 특별 활동은 국립국악원 홈페이지에서 예약 후 참여하실 수 있습니다.",国立国乐博物馆免费入场，无需预约即可参观。但如需参加导览等特殊活动，则需在国立国乐中心网站上进行预约。
꿀벌나라테마공원,蜜蜂王国主题公园
경북 칠곡군 석적읍 강변대로 1580-1,庆尚北道漆谷郡石积邑江边大路1580-1
"[요금]
관람료: 무료
꿀비누 체험: 5,000원
꿀뜨기 체험: 7,000원
비즈시트초 체험: 5,000원
자세한 체험 내용은 첨부된 이미지를 참고하세요.
[이용안내]
하절기(3월~10월): 09:00~18:00 (입장마감 17시)
동절기(11월~2월): 09:00~17:00 (입장마감 16시)
휴관일: 매주 월요일 (월요일이 공휴일인 경우 운영, 다음날 휴관), 1월 1일, 설날 및 추석 당일","【费用】

入场：免费

蜂蜜皂制作体验：5,000 韩元

蜂蜜提取体验：7,000 韩元

珠片蜡烛制作体验：5,000 韩元

更多体验详情，请参考附图。

【营业时间】

夏季（3月至10月）：09:00–18:00（最后入场时间17:00）

冬季（11月至2月）：09:00–17:00（最后入场时间16:00）

休息日：每周一（如遇周一为节假日则照常营业，次日休息）、1月1日、农历新年、中秋节"
"꿀벌나라테마공원의 입장 및 관람은 무료입니다. 단, 꿀비누 체험(5,000원), 꿀뜨기 체험(7,000원), 비즈시트초 체험(5,000원) 등 유료 체험 프로그램은 별도의 참가비가 발생합니다. 자세한 내용과 프로그램 운영 시간은 홈페이지를 참고해 주세요.","参观蜜蜂王国主题公园免费。但体验项目需另行付费，例如蜂蜜皂制作（5,000韩元）、蜂蜜采集（7,000韩元）和珠片蜡烛制作（5,000韩元）。详情及项目开放时间请参考官网。"
섬진강수달생태공원트리타워전망대,蟾津江水獭生态公园树塔观测站
전남 구례군 간전면 간전중앙로 49,全罗南道求礼郡赣田面赣田中央路49
"[요금]
24년 4월 기준: 무료 (추후 유료화 예정)
[이용안내]
수달전시관 입장마감: 17:30","【门票】

截至2024年4月：免费（未来将开始收费）

【参观指南】

水獭馆最后入场时间：17:30"
2024년 4월 기준으로 트리타워전망대와 섬진강수달생태공원 모두 입장료와 주차비가 무료입니다. 다만 추후 유료로 전환될 수 있으니 공식 안내를 방문 전에 꼭 확인해 주세요.,截至2024年4月，树塔观景台和蟾津江水獭生态公园均免费入场和停车。但请务必在参观前查看官方公告，因为未来这些服务可能会收费。
국립낙동강생물자원관,洛东江国家生物资源中心
경북 상주시 도남2길 137,庆尚北道尚州市道岩2街137
"<정기휴관일>
매주 월요일, 1월1일,설날·추석 전일 및 당일, 자원관 설립일(6/3)
월요일이 공휴일인 경우 그 다음 평일
<입장료>
대인(만 19세~64세) 3,000원 / 청소년(만 13세~18세) 2,000원 / 소인(만 5세~12세) 2,000원
야외시설만 이용 시에도 관람요금 부과됩니다.
무료: 만 4세 이하, 만 65세 이상, 장애인, 국가/독립유공자, 민주유공자 및 자녀, 상주시 도남동 주민, 국립낙동강생물자원관 회원
할인: 상주시민 50% 할인 / 다자녀 가정 50% 할인(자녀 3명 모두 미성년의 경우에 한함) / 그린카드 소지자 본인에 한하여 30% 할인 / 유관기관 방문 입장권 할인(상주승마장, 상무박물관, 자전거 박물관)
전시시청각실(4D) 1,000원 / 보호자와 합석인 36개월 미만의 영유아 무료
VR체험 1,000원 / 키 110cm 이하 어린이는 탑승 제한
<프로그램>
음성안내기(신분증, 연락처 남긴 후 무료 대여): 전시물에 부착된 번호를 음성안내기에 입력하면 해당 전시물의 해설을 들을 수 있습니다.
전시 해설 프로그램: 현장 접수, 홈페이지 통합예약시스템 예약 둘 다 가능 (10:00, 13:00, 15:00 상설 전시 해설, 40분 / 11:00, 14:00, 16:00 테마 전시 해설, 20분)
입체영상관람(4D, 전시시청각실): 현장예매만 가능 (09:50, 10:20, 10:50, 12:10, 12:40, 14:00, 14:30, 15:00, 16:00, 16:30, 17:00 각 20분씩 진행)
VR체험(미생물체험관): 전시시청각실 앞 무인발권기를 통한 현장예약 (10:00, 10:30, 11:10, 11:40, 13:20, 13:50, 14:20, 14:50, 15:20, 15:50, 16:20, 16:50 각 10분씩 진행, 키 110cm 이하 탑승 제한)
<편의시설>
푸드코트: 차돌된장찌개 8,000원 / 순두부찌개 8,000원 / 돈까스 정식 10,000원
수유실 및 의무실: 휠체어, 유모차 대여 가능
물품보관함
카페: 아메리카노 3,500원 / 아이스티 3,500원 / 에이드(레몬, 자몽) 4,200원 / 라떼(초코, 녹차, 곡물) 4,200원 / 스무디(플레인요거트, 블루베리요거트) 5,300원
편의점 및 기념품점","<常规闭馆日>

每周一、1月1日、农历新年及中秋节前一天及当天、基金会成立纪念日（6月3日）

如遇周一为节假日，则顺延至下一个工作日

<入场费>

成人（19-64岁）3,000韩元 / 青少年（13-18岁）2,000韩元 / 儿童（5-12岁）2,000韩元

即使仅使用室外设施，也需支付入场费。

免费：4岁及以下儿童、65岁及以上老人、残疾人士、国家/独立功勋奖获得者、民主功勋奖获得者及其子女、尚州市东岩洞居民、洛东江生物资源中心会员

优惠：尚州市居民享5折优惠 / 多子女家庭享5折优惠（仅限三个孩子均为未成年人的情况） / 绿卡持有者享7折优惠 / 参观相关机构（尚州马术中心、尚武博物馆、自行车博物馆）门票可享折扣

4D展览视听室：1000韩元 / 36个月以下婴儿在监护人陪同下免费

VR体验：1000韩元 / 身高低于110厘米的儿童禁止入内

<项目>

语音导览（凭身份证件及联系方式免费租借）：请将展品上的编号输入语音导览系统使用语音导览收听该展览的讲解。展览讲解项目：可通过现场注册或网站预约系统进行预约（10:00、13:00、15:00 常设展览讲解，40分钟；11:00、14:00、16:00 主题展览讲解，20分钟）

3D视频观看（4D，展览视听室）：仅限现场预约（09:50、10:20、10:50、12:10、12:40、14:00、14:30、15:00、16:00、16:30、17:00，每场20分钟）

VR体验（微生物体验馆）：可通过展览视听室前的自助售票机进行现场预约（10:00、10:30、11:10、11:40） 13:20、13:50、14:20、14:50、15:20、15:50、16:20、16:50（每班10分钟；身高低于110厘米者限乘）

<设施>

美食广场：牛腩大酱汤 8,000韩元 / 嫩豆腐汤 8,000韩元 / 猪排套餐 10,000韩元

母婴室及急救：提供轮椅和婴儿车租赁服务

行李寄存柜

咖啡厅：美式咖啡 3,500韩元 / 冰茶 3,500韩元 / 柠檬水、西柚汁 4,200韩元 / 巧克力拿铁、绿茶拿铁、谷物拿铁 4,200韩元 / 奶昔（原味酸奶、蓝莓酸奶） 5,300 韩元

便利店及纪念品商店"
"운영시간은 화~일요일 09:30~17:30입니다(입장마감 17:00). 매주 월요일, 1월 1일, 설날 및 추석 전·당일, 6월 3일(설립일)은 휴관이며, 월요일이 공휴일인 경우 그 다음 평일이 휴관입니다. 입장료는 대인 3,000원, 청소년/소인 2,000원이며, 만 4세 이하, 만 65세 이상, 장애인 등은 무료입니다. 상주시민, 다자녀 가정 등은 할인 혜택이 있습니다. VR체험, 4D영상 등은 별도 요금(각 1,000원)이 있습니다.",开放时间为周二至周日，上午9:30至下午5:30（下午5:00停止入场）。每周一、1月1日、农历新年和中秋节的前一天及当天、以及6月3日（建馆纪念日）闭馆。如遇周一为公共假日，则顺延至下一个工作日闭馆。成人票价为3000韩元，青少年及儿童票价为2000韩元；4岁及以下儿童、65岁及以上老人及残疾人士免费入场。尚州市居民及多子女家庭可享受优惠。VR体验和4D视频需另行付费，每项1000韩元。
해군항공사령부 항공역사관,海军航空司令部航空历史博物馆
경북 포항시 남구 동해안로 5947,庆北浦项市南区东海岸路 5947
"입장료와 주차 요금 모두 무료입니다. 관람 시 입구에서 방명록에 날짜, 이름, 방문 인원을 작성한 후 입장하실 수 있습니다. 건물 뒤편에 약 10대 정도 주차 가능한 전용 주차장이 마련되어 있어 이용이 편리합니다.",入场和停车均免费。抵达后，请在入口处的访客登记簿上签名，注明日期、姓名和访客人数。大楼后方设有专用停车场，可容纳约10辆车，方便您的停车。
명지산생태전시관,明志山生态展览馆
경기도 가평군 북면 가화로 2089-42 가평군생태탐방학습원,京畿道加平郡生态探索学习中心，地址：京畿道加平郡北面花花路2089-42号
"<운영 안내>
12:00~13:00 휴게시간
공휴일은 휴무
<요금>
무료관람
<프로그램>
생태전시관 체험 (약 30분) - 개구리, 도롱뇽, 맹꽁이를 부탁해 / 알쏭달쏭 동물여행 / 나무와 함께 사는 친구들 등
3D 영상체험 (각 20분) - 마야2, 미니자이언트
자연놀이 및 숲 해설 (약 40분)
동물관찰학습장 (토끼, 닭 농장)","<开放时间>

休息时间：12:00–13:00

公众假期闭馆

<门票费用>

免费入场

<活动项目>

生态展厅体验（约30分钟） - 请爱护青蛙、蝾螈和蟾蜍 / 神秘动物之旅 / 与树为伴的朋友等

3D视频体验（每场20分钟） - 玛雅2号、迷你巨人

自然游戏与森林讲解（约40分钟）

动物观察学习区（兔子、鸡舍）"
"명지산생태전시관은 입장료가 무료이며, 전시관 앞에 주차장이 마련되어 있습니다. 운영시간은 매일 09:00~18:00이며, 12:00~13:00에는 휴게시간입니다. 공휴일은 휴무이니 방문 전 참고해주세요.",明志山生态展览馆免费入场，馆前设有停车场。开放时间为每日9:00至18:00，中午12:00至13:00休息。请注意，展览馆在节假日闭馆。
경기북부어린이박물관,京畿道北部儿童博物馆
경기도 동두천시 평화로2910번길 46 경기북부어린이박물관,京畿道东豆川市平和路2910街46号京畿北方儿童博物馆
"[요금]
개인: 4,000원
12개월 미만: 무료
경기도민(배우자+자녀까지): 2,000원
경기도 공무원(동반 3명까지): 2,000원
SOFA 협정에 의한 군인(배우자+자녀까지): 2,000원
인증 서류 필요, 기타 자세한 할인 정책은 홈페이지를 참고하세요.
[이용안내]
관람
1회차 10:00~12:00
2회차 13:00~15:00
3회차 15:30~17:30
클라이머존
1회차 10:10~10:30, 11:10~11:30
2회차 13:10~13:30, 14:10~14:30
3회차 15:40~16:00, 16:40~17:00","【费用】

个人：4,000 韩元

12 个月以下：免费

京畿道居民（配偶 + 子女）：2,000 韩元

京畿道公务员（最多 3 位陪同人员）：2,000 韩元

根据《驻韩美军地位协定》（SOFA）的军人（配偶 + 子女）：2,000 韩元

需提供相关证明文件。更多优惠政策详情，请访问网站。

【使用指南】

观影时段

第一时段：10:00–12:00

第二时段：13:00–15:00

第三时段：15:30–17:30

攀岩区

第一时段：10:10–10:30, 11:10–11:30

第二时段：13:10–13:30, 14:10–14:30

第三时段：15:40–16:00, 16:40–17:00"
"관람은 1회차(10:00~12:00), 2회차(13:00~15:00), 3회차(15:30~17:30)로 나뉘어 진행됩니다. 클라이머존은 각 회차별로 2번(예: 1회차 10:10~10:30, 11:10~11:30 등) 선착순으로 운영되며, 각 체험존별 운영 시간과 참여 인원은 현장 및 홈페이지 안내를 참고해 주세요.",参观分为三个时段：第一时段（10:00–12:00）、第二时段（13:00–15:00）和第三时段（15:30–17:30）。攀岩区每个时段开放两次，先到先得（例如，第一时段：10:10–10:30，11:10–11:30，以此类推）。各体验区的具体开放时间和参与人数限制，请参阅现场信息和网站。
"입장료는 개인 4,000원, 12개월 미만 영아는 무료입니다. 경기도민(배우자 및 자녀 포함), 경기도 공무원(동반 3인까지), SOFA 협정에 의한 군인(배우자 및 자녀 포함)은 관련 증빙서류를 지참할 경우 2,000원 할인 혜택이 적용됩니다. 기타 세부 할인 정책은 홈페이지에서 확인할 수 있습니다. 입장권을 보여줄 경우 박물관 주차장을 무료로 이용할 수 있으니 입장권은 반드시 소지해 주세요.","成人票价为4,000韩元，12个月以下婴儿免费。京畿道居民（含配偶及子女）、京畿道公务员（最多3名陪同人员）以及根据《驻军地位协定》（SOFA）服役的军人（含配偶及子女）凭相关证明文件可享受2,000韩元的票价优惠。更多优惠政策详情请访问博物馆网站。请务必携带门票，凭门票可免费使用博物馆停车场。"
이천 농업테마공원,利川农业主题公园
경기도 이천시 모가면 공원로 48,京畿道利川市穆加面公园路48
"[시설]
이천농업케마쌀문화박물관 / 이천농업테마펜션 / 농식품홍보관 및 카페 / 이천농업테마공원 안내소 (숙박 안내소, 체크인 장소) / 야외 캠핑 시설 (샤워장, 화장실, 식기세척장) / 한옥체험장 / 놀이터 및 소동물원 / 다랭이논(계단식논) / 바베큐존, 유아숲체험원(숲놀이터) / 목재체험관
[요금 및 이용시간]
입장료: 무료
캠핑데크(기준 4인, 최대 6인)
입실 14시, 퇴실 12시
주중 10,000원 / 주말 20,000원 (비수기)
주중 20,000원 / 주말 20,000원 (성수기)
추가인원 요금 : 어린이 5,000원 / 청소년,성인 10,000원
캠핑 데크 앞에 파라솔이 있는 테이블과 의자 구비
이동식 캐빈하우스(기준 4인, 최대 4인)
주중 90,000원 / 주말 110,000원 (비수기)
주중 110,000원 / 주말 110,000원 (성수기)
[숙박 시설]
입실: 14시 퇴실: 11시
쌀체험촌 (기준 6인, 최대 9인)
주중 100,000원 / 주말 120,000원 (비수기)
주중 120,000원 / 주말 120,000원 (성수기)
숲체험촌 (기준 4인, 최대 6인)
주중 80,000원 / 주말 100,000원 (비수기)
주중 100,000원 / 주말 100,000원 (성수기)
냉장고, 전자레인지, 인덕션, 음식물쓰레기통, 일반쓰레기통, 식기류, 조리도구, 전기밥솥, 샤워용품, TV, 세면대, 주방세제
[운영시간]
카페: 09:00 – 18:00
물놀이장 : 10:00 – 16:30 (2022 기준 영업 종료)
공원: 월요일 휴무
샤워장: 08:00 - 11:00 / 17:00 - 21:00
[쌀문화전시관 체험 프로그램]
수세미미스트: 3,000원 / 4세 이상 가능 / 1시간 소요
조롱박에 그리기: 3,000원 / 4세 이상 가능 / 1시간 소요
자연친화적 3D퍼즐: 6,000-20,000 (동물에 따라 상이) / 4세 이상 가능 / 1시간 소요
이천쌀도정하기: 6,000원 / 4세 이상 가능 / 30분 소요 (체험후 쌀 2kg 가져갈 수 있음)
동물먹이주기: 1,000원 / 3세 이상 가능 / 30분 소요
연만들기: 4,000원 / 4세 이상 가능 / 1시간 소요
탁본체험: 1,000원/ 3세 이상 가능 / 40분 소요","【设施】

利川农业主题稻米文化博物馆 / 利川农业主题民宿 / 农产品推广中心及咖啡厅 / 利川农业主题公园信息中心（住宿信息、入住地点） / 户外露营设施（淋浴、卫生间、洗碗机） / 韩屋体验中心 / 儿童游乐场及小型动物园 / 梯田 / 烧烤区、幼儿森林体验中心（森林游乐场） / 木材体验中心

【收费及开放时间】

入场：免费

露营平台（标准4人，最多6人）

入住时间：14:00，退房时间：12:00

平日：10,000韩元 / 周末：20,000韩元（淡季）

平日：20,000韩元 / 周末：20,000韩元（旺季）

额外人员费用：儿童5,000韩元韩元/青少年及成人 10,000 韩元

露营平台前提供带遮阳伞的桌椅

便携式小木屋（标准间 4 人，最多 4 人）

平日 90,000 韩元 / 周末 110,000 韩元（淡季）

平日 110,000 韩元 / 周末 110,000 韩元（旺季）

[住宿]

入住时间：14:00 退房时间：11:00

稻米体验村（标准间 6 人，最多 9 人）

平日 100,000 韩元 / 周末 120,000 韩元（淡季）

平日 120,000 韩元 / 周末 120,000 韩元（旺季）

森林体验村庄（标准4人间，最多6人）

平日 80,000 韩元 / 周末 100,000 韩元（淡季）

平日 100,000 韩元 / 周末 100,000 韩元（旺季）

冰箱、微波炉、电磁炉、厨余垃圾桶、普通垃圾桶、餐具、烹饪用具、电饭煲、洗浴用品、电视、洗手盆、洗洁精

[营业时间]

咖啡厅：09:00 – 18:00

水上乐园：10:00 – 16:30（2022年起关闭）

公园：周一闭园

淋浴：08:00 - 11:00 / 17:00 - 21:00

[稻米文化展览馆体验项目]

丝瓜雾浴： 3,000 韩元 / 4 岁及以上 / 时长 1 小时

葫芦彩绘：3,000 韩元 / 4 岁及以上 / 时长 1 小时

自然主题 3D 拼图：6,000-20,000 韩元（价格因动物而异）/ 4 岁及以上 / 时长 1 小时

利川碾米体验：6,000 韩元 / 4 岁及以上 / 时长 30 分钟（体验结束后可带走 2 公斤大米）

动物喂食：1,000 韩元 / 3 岁及以上 / 时长 30 分钟

风筝制作：4,000 韩元 / 4 岁及以上 / 时长 1 小时

拓印体验：1,000 韩元 / 3 岁及以上 / 时长 40 分钟"
월요일정기휴무화요일09:30 ~ 18:30수요일09:30 ~ 18:30목요일09:30 ~ 18:30금요일09:30 ~ 18:30토요일09:30 ~ 18:30일요일09:30 ~ 18:30,"周一休息

周二 09:30 ~ 18:30

周三 09:30 ~ 18:30

周四 09:30 ~ 18:30

周五 09:30 ~ 18:30

周六 09:30 ~ 18:30

周日 09:30 ~ 18:30"
이천 농업테마공원은 입장료가 무료입니다. 주차장도 마련되어 있어 무료로 이용하실 수 있습니다.,利川农业主题公园免费入场，并提供免费停车场。
코버월드,Coverworld
경기도 포천시 군내면 청성로 72,京畿道抱川市建内面清城路72号
"<요금>
일반(개인) 6,000원
단체(20명 이상) 5,000원
장애인, 국가유공자 20% 할인
5세 이하 무료 입장
<이용 안내>
도슨트 운영안내: 11:00/ 14:00 일일 2회 운영 (도슨트 약 30분 소요)
※월요일은 도슨트 운영하지 않습니다.
박물관 체험시설: 소원상자, 위폐검사기, 전자현미경 화폐관찰하기, 화폐퍼즐맞추기, 중남미 등 다문화 의상체험, 나만의 화폐 사진찍기, 다문화 악기체험, 동전의 측면(엣지)관찰대 등
코버월드 방문기념품 구매가능
화폐퍼즐, 핀버튼, 기념 머그컵, 화폐수집관련 소품 (앨범,홀더,수집 공구함 등)","<门票>

普通票（个人）：6,000 韩元

团体票（20人以上）：5,000 韩元

残疾人士及国家功勋获得者可享八折优惠

5岁及以下儿童免费入场

<导览>

讲解员导览时间：每日两班，11:00 和 14:00（导览时长约30分钟）

※周一不提供讲解服务。

博物馆体验设施：许愿箱、验钞机、电子显微镜货币观察、货币拼图、多元文化服饰体验（拉丁美洲等）、货币自拍、多元文化乐器体验、硬币边缘观察台等。

可购买世界旅行纪念品

货币拼图、徽章、纪念马克杯、货币收藏配件（相册、卡套、收藏工具箱等）"
월요일10:00 ~ 17:30화요일10:00 ~ 17:30수요일10:00 ~ 17:30목요일10:00 ~ 17:30금요일10:00 ~ 17:30토요일10:00 ~ 17:30일요일정기휴무,星期一 10:00 ~ 17:30 星期二 10:00 ~ 17:30 星期三 10:00 ~ 17:30 星期四 10:00 ~ 17:30 星期五 10:00 ~ 17:30 星期六 10:00 ~ 17:30 星期日 休息
"코버월드는 월요일부터 토요일까지 오전 10시부터 오후 5시 30분까지 운영하며, 일요일은 정기휴무입니다. 입장료는 개인 기준 6,000원, 단체(20명 이상) 5,000원이며, 장애인 및 국가유공자는 20% 할인이 적용됩니다. 5세 이하 어린이는 무료 입장이 가능합니다.","Cover World 的营业时间为周一至周六上午 10:00 至下午 5:30，周日闭馆。门票为每人 6,000 韩元，20 人以上团体每人 5,000 韩元。残疾人士和国家功勋获得者可享受八折优惠。5 岁及以下儿童免费入场。"
파주공룡박물관,坡州恐龙博物馆
경기도 파주시 탄현면 헤이리마을길 93-83,京畿道坡州市炭县面Heyrimaeu​​l路93-83
"매표 및 입장 마감 17시
월요일이 공휴일일 경우 화요일 휴관
<요금>
24개월 미만 무료
대인/소인 7,000원 (네이버 예매 시 6,500원)
<유의사항>
자전거, 휠리스 운동화, 인라인 착용하고 입장 불가
음식물 반입 및 애완동물 출입 금지","门票销售及入场截止时间为下午5点

如周一为公共假日，则周二闭馆

<门票价格>

24个月以下儿童免费

成人/儿童：7,000韩元（通过Naver预订可享6,500韩元优惠价）

<注意事项>

禁止携带自行车、轮滑鞋或直排轮滑鞋入场。

禁止携带食物和宠物。"
월요일정기 휴무화요일10:30 ~ 18:00수요일10:30 ~ 18:00목요일10:30 ~ 18:00금요일10:30 ~ 18:00토요일10:30 ~ 18:00일요일10:30 ~ 18:00,"周一休息

周二 10:30 ~ 18:00

周三 10:30 ~ 18:00

周四 10:30 ~ 18:00

周五 10:30 ~ 18:00

周六 10:30 ~ 18:00

周日 10:30 ~ 18:00"
"입장료는 대인/소인 7,000원이며, 네이버 예매 시 6,500원입니다. 24개월 미만 영유아는 무료로 입장할 수 있습니다. 운영시간은 화요일~일요일 10:30~18:00(입장 및 매표 마감은 17:00)입니다. 월요일은 정기 휴무이며, 월요일이 공휴일인 경우에는 화요일이 휴관입니다.","成人及儿童门票均为7,000韩元，通过Naver预订可享6,500韩元优惠价。24个月以下婴儿免费入场。开放时间为周二至周日10:30至18:00（最后入场及售票时间为17:00）。周一闭馆进行例行维护；如遇周一为节假日，则顺延至周二闭馆。"
구미 에코랜드,古米生态乐园
제주특별자치도 제주시 조천읍 번영로 1278-169,济州特别自治道济州市朝天邑本英路1278-169号
"<운영시간>
하절기(3월~10월) 09:00~17:00
동절기(11월~2월) 09:00~16:00
휴게시간 11:50~12:50
월요일이 공휴일일 경우 정상 운영 후 익일(화요일) 휴관
모노레일운영시간표
하절기(3~10월): 09:00~17:00 (5분 간격)
동절기(11~2월): 09:00~16:00 (5분 간격)
11:40 오전 운행 마감
목공예체험프로그램 운영시간
평일(화~금요일) : 4회(10:00, 11:30, 14:00, 15:30)
휴일(토~일요일, 공휴일) : 4회(10:00, 11:30, 14:00, 15:30)
숲체험 프로그램 운영시간 (숲해설)
<체험프로그램>
모노레일
목공예체험프로그램 (단순작업, 공구이용작업)
숲체험 프로그램 (숲 해설)
<요금>
어른(19세~64세) 6,000원
어린이(3세~18세), 어른(65세 이상) 4,000원
구미시민 50% 할인
생태탐방 모노레일 이용료
청소년, 어린이(3세~18세) / 어르신(65세 이상) 4,000원
36개월 미만 무료(아이 안고 탑승했을 경우 적용)
목공예체험프로그램 체험료
단순작업(소품): 어린이, 청소년 (3세~18세), 어르신(65세 이상) 2,000원 / 성인(19세~64세) 3,000원
공구이용작업(중품): 어린이, 청소년 (3세~18세), 어르신(65세 이상) 4,000원 / 성인(19세~64세) 5,000원
숲체험 프로그램 체험료
어린이, 청소년 (3세~18세), 어르신(65세 이상) 2,000원
성인(19~64세) 3,000원
재료비 별도
<시설 안내>
구미시산림문화관
생태탐방 모노레일 (총 운행시간 약 30분)
산동참생태숲
자생식물단지
<문의>
모노레일: 054-480-5899 (매표소)
목공예 및 숲해설: 054-480-5898 (안내데스크)","<营业时间>

夏季（3月至10月）09:00–17:00

冬季（11月至2月）09:00–16:00

休息时间：11:50–12:50

如遇周一为公共假日，则正常营业后，次日（周二）暂停营业。

单轨列车时刻表

夏季（3月至10月）：09:00–17:00（每5分钟一班）

冬季（11月至2月）：09:00–16:00（每5分钟一班）

11:40：末班车

木工体验项目运营时间

平日（周二至周五）：4班（10:00、11:30、14:00、15:30）

节假日（周六至周日及公众假期）：4班（10:00、11:30、14:00、15:30）

森林体验项目运营时间（森林讲解）

<体验项目>

单轨列车

木工体验项目（简易木工、工具操作）

森林体验项目（森林）讲解）

<费用>

成人（19-64岁）：6,000韩元

儿童（3-18岁）、成人（65岁及以上）：4,000韩元

龟尾市民：5折优惠

生态探索单轨列车费用

青少年、儿童（3-18岁）/老年人（65岁及以上）：4,000韩元

36个月以下：免费（需抱着儿童上车）

木工体验项目费用

简易木工（小型物件）：儿童、青少年（3-18岁）、老年人（65岁及以上）：2,000韩元 / 成人（19-64岁）：3,000韩元

工具木工（中型物件）：儿童、青少年（3-18岁）、老年人（65岁及以上）：4,000韩元 / 成人（19-64岁）：5,000韩元费用

森林体验项目费用

儿童、青少年（3-18岁）、老年人（65岁以上）2,000韩元

成人（19-64岁）3,000韩元

材料费另计

<设施信息>

龟尾市森林文化中心

生态探索单轨列车（全程约30分钟）

山东占婆生态森林

原生植物园

<咨询>

单轨列车：054-480-5899（售票处）

木工艺及森林讲解：054-480-5898（咨询台）"
월요일정기 휴무화요일09:00 ~ 17:00수요일09:00 ~ 17:00목요일09:00 ~ 17:00금요일09:00 ~ 17:00토요일09:00 ~ 17:00일요일09:00 ~ 17:00,"周一休息

周二 09:00 ~ 17:00

周三 09:00 ~ 17:00

周四 09:00 ~ 17:00

周五 09:00 ~ 17:00

周六 09:00 ~ 17:00

周日 09:00 ~ 17:00"
"구미 에코랜드의 운영시간은 하절기(3~10월) 오전 9시~오후 5시, 동절기(11~2월) 오전 9시~오후 4시입니다(휴게시간 11:50~12:50). 매주 월요일은 휴무이며, 월요일이 공휴일인 경우 정상 운영 후 익일(화요일) 휴관입니다. 입장료는 무료이며, 모노레일·목공예·숲체험 등의 체험 프로그램은 별도 요금이 있습니다. 모노레일과 목공예, 숲체험 프로그램 요금은 어른 6,000원/어린이, 청소년, 어르신 4,000원 등 세부 금액이 다르며, 구미시민은 50% 할인 적용됩니다. 36개월 미만 영아는 모노레일 이용 시 무료입니다.","龟尾生态乐园夏季（3月至10月）的开放时间为上午9:00至下午5:00，冬季（11月至次年2月）的开放时间为上午9:00至下午4:00（休息时间：上午11:50至下午12:50）。乐园每周一闭园；但若周一为公共假日，则照常开放，并于下周二闭园。乐园免费入场，但单轨列车、木工体验和森林体验等项目需另行付费。单轨列车、木工体验和森林体验的价格根据年龄段而有所不同，成人票价为6,000韩元，儿童、青少年和老年人票价为4,000韩元；龟尾市民可享受50%的折扣。36个月以下的婴儿可免费乘坐单轨列车。"
김천녹색미래과학관,金泉绿色未来科学博物馆
경북 김천시 혁신6로 31,庆尚北道金泉市赫信6路31
"<상설전시관>
초등학생: 1,500원
청소년, 군인: 2,000원
어른: 3,000원
6세 이하 유아 무료
<4D 풀돔영상관>
초등학생 및 미취학아동: 1,000원
청소년, 군인: 1,500원
어른: 2,000원
5세 미만, 키 100cm 미만 이용 불가
17시 마지막 매표","<常设展厅>

小学生：1,500韩元

青少年、军人：2,000韩元

成人：3,000韩元

6岁以下儿童：免费

<4D全景剧场>

小学生及学龄前儿童：1,000韩元

青少年、军人：1,500韩元

成人：2,000韩元

5岁以下或身高不足100厘米的儿童禁止入场

售票截止时间为下午5点"
"상설전시관 입장료는 어른 3,000원, 청소년 및 군인 2,000원, 초등학생 1,500원입니다. 6세 이하 유아는 무료로 입장할 수 있습니다. 4D 풀돔영상관은 어른 2,000원, 청소년 및 군인 1,500원, 초등학생 및 미취학아동 1,000원입니다. 단, 5세 미만 또는 키 100cm 미만 어린이는 4D 풀돔영상관 이용이 불가합니다.",常设展厅门票：成人3000韩元，青少年及军人2000韩元，小学生1500韩元。6岁及以下儿童免费入场。4D全景影院门票：成人2000韩元，青少年及军人1500韩元，小学生及学龄前儿童1000韩元。但5岁以下或身高不足100厘米的儿童不得进入4D全景影院。
대구녹색학습원,大邱绿色学习中心
대구광역시 수성구 달구벌대로 3170 대구농업마이스터고등학교,大邱农业大师高中，大邱广域市寿城区达尔古贝尔大路3170号
"관람요금: 무료
휴관일: 매주 일요일, 5월 6일, 법정공휴일(단, 5월 5일은 개관)","门票：免费

闭馆日：每周日、5月6日及公众假期（5月5日除外，当天开放）"
월요일09:00 ~ 17:00화요일09:00 ~ 17:00수요일09:00 ~ 17:00목요일09:00 ~ 17:00금요일09:00 ~ 17:00토요일09:00 ~ 17:00일요일정기휴무,星期一 09:00 ~ 17:00 星期二 09:00 ~ 17:00 星期三 09:00 ~ 17:00 星期四 09:00 ~ 17:00 星期五 09:00 ~ 17:00 星期六 09:00 ~ 17:00 星期日 休息
"대구녹색학습원은 관람요금이 무료입니다. 토요일 가족 프로그램 등 일부 체험 프로그램은 사전 예약이 필요하며, 별도의 재료비가 발생할 수 있습니다.",大邱绿色学习中心免费入场。部分实践活动项目，例如周六家庭活动，需要提前预约，并且可能需要另行支付材料费。
아르떼 키즈파크 제주,济州岛阿特儿童公园
제주특별자치도 제주시 애월읍 월각로 929,济州特别自治道济州市涯月邑月角路929
"[요금]
<평일>
어린이 2시간(12개월~13세): 25,000원
어린이 3시간(12개월~13세): 30,000원
유아 3시간(12개월 미만): 무료
보호자(중학생 이상, 성인): 12,000원
<주말, 공휴일>
어린이 2시간(12개월~13세): 30,000원
어린이 3시간(12개월~13세): 35,000원
<추가>
어린이, 유아 시간 추가: 10분당 2,000원
보호자 시간 추가: 무료","【收费标准】

<平日>

儿童 2 小时（12 个月至 13 岁）：25,000 韩元

儿童 3 小时（12 个月至 13 岁）：30,000 韩元

婴儿 3 小时（12 个月以下）：免费

监护人（初中及以上学生、成人）：12,000 韩元

<周末、节假日>

儿童 2 小时（12 个月至 13 岁）：30,000 韩元

儿童 3 小时（12 个月至 13 岁）：35,000 韩元

<额外收费>

儿童及婴儿额外收费：每 10 分钟 2,000 韩元

监护人额外收费：免费"
월요일10:00 ~ 19:00화요일10:00 ~ 19:00수요일10:00 ~ 19:00목요일10:00 ~ 19:00금요일10:00 ~ 19:00토요일10:00 ~ 19:00일요일10:00 ~ 19:00,星期一 10:00 ~ 19:00 星期二 10:00 ~ 19:00 星期三 10:00 ~ 19:00 星期四 10:00 ~ 19:00 星期五 10:00 ~ 19:00 星期六 10:00 ~ 19:00 星期日 10:00 ~ 19:00
KBS수원센터,KBS水原中心
경기도 수원시 팔달구 인계로 123 KBS수원방송센타,京畿道水原市八达区仁溪路123 KBS水原放送中心
"[요금]
무료
견학 시간: 09:30, 10:30, 13:30, 14:30, 15:30 (소요시간 1시간)
주차 요금 무료","【门票】

免费

参观时间：09:30、10:30、13:30、14:30、15:30（时长：1小时）

停车：免费"
KBS수원센터의 견학 프로그램과 주차장은 모두 무료로 이용할 수 있습니다.,KBS 水原中心的参观项目和停车都是免费的。
동의참누리원 영천한의마을,东医参努里院永川韩药村
경상북도 영천시 화룡동 128,庆尚北道永川市华龙洞128
"[요금]
입장료: 무료
족욕체험: 6,000원
한방비누만들기: 10,000원
한옥체험관(한이) 사용료: 150,000원
한옥체험관(약이) 사용료: 180,000원
[이용안내]
하절기(3월~10월): 10시~18시
동절기(11월~2월): 10시~17시
종료 1시간 전까지 매표 가능
매주 월요일 정기휴무","【费用】

入场：免费

足浴体验：6,000 韩元

草药皂制作：10,000 韩元

韩屋体验馆（Hani）使用费：150,000 韩元

韩屋体验馆（Yaki）使用费：180,000 韩元

【营业时间】

夏季（3月至10月）：10:00–18:00

冬季（11月至2月）：10:00–17:00

闭馆前一小时可购票

每周一闭馆"
"입장료는 무료입니다. 족욕체험은 6,000원, 한방비누 만들기는 10,000원이며, 한옥체험관(한이)은 150,000원, 한옥체험관(약이)은 180,000원입니다. 각 체험 프로그램 및 숙박은 별도의 요금이 부과되므로 원하는 프로그램이나 숙박 이용 시 해당 비용을 확인해 주세요.","入场免费。足浴体验收费6,000韩元，草药皂制作体验收费10,000韩元。韩屋体验馆（Hani）收费150,000韩元，韩屋体验馆（Yaki）收费180,000韩元。每项体验项目和住宿均需另行付费，请在选择所需项目或住宿时查询相关费用。"
아리수나라,奈良有栖
서울특별시 광진구 능동로 238 서울시민안전체험관,首尔特别市广津区岭东路238号首尔市民安全体验中心
"[요금]
입장료: 무료
[이용안내]
휴관일: 매주 월요일, 1월 1일, 설날 및 추석 연휴
이용 연령: 3세~9세
소요시간: 80분 이내
1회차 - 09:30~10:50 (60명)
2회차 - 11:00~12:20 (60명)
3회차 - 13:00~14:20 (60명)
4회차 - 14:30~15:50 (60명)
5회차 - 16:00~17:20 (60명)
예약의 경우 성인까지 포함해서 예약","【费用】

入场：免费

【使用须知】

闭馆日：每周一、1月1日、农历新年及中秋节

年龄范围：3-9岁

时长：80分钟以内

场次1 - 09:30–10:50（60人）

场次2 - 11:00–12:20（60人）

场次3 - 13:00–14:20（60人）

场次4 - 14:30–15:50（60人）

场次5 - 16:00–17:20（60人）

预约时请务必包含成人信息。"
"아리수나라는 입장료가 무료이며, 체험 시간은 회차별로 80분 이내에 진행됩니다. 1일 5회차(09:30~10:50, 11:00~12:20, 13:00~14:20, 14:30~15:50, 16:00~17:20)로 운영됩니다. 영업 시간은 화요일~일요일 09:00~18:00이며, 매주 월요일과 1월 1일, 설날 및 추석 연휴는 휴관입니다.",参观爱丽丝奈良体验馆免费，每次体验时长不超过80分钟。每天有5个体验时段（9:30–10:50、11:00–12:20、13:00–14:20、14:30–15:50、16:00–17:20）。开放时间为周二至周日9:00至18:00，每周一、1月1日、农历新年和中秋节闭馆。
봉수대해변체험시설,奉寿海滩体验设施
강원도 고성군 죽왕면 봉수대길 10-22 봉수대해변,江原道高城郡竹光面峰水大路10-22峰水台海水浴场
"[요금]
성인: 개인 10,000원 / 단체 8,000원
청소년, 어린이, 군인: 개인 8,000원 / 단체 6,000원
[이용안내]
4월~10월(금,토,일 운영)
7월~8월(전일 운영)
동절기 미운영","【费用】

成人：个人 10,000 韩元 / 团体 8,000 韩元

青少年、儿童、军人：个人 8,000 韩元 / 团体 6,000 韩元

【使用指南】

4月至10月（周五、周六、周日开放）

7月至8月（全天开放）

冬季闭馆"
월요일정기휴무화요일정기휴무수요일정기휴무목요일정기휴무금요일10:00 ~ 18:00토요일10:00 ~ 18:00일요일10:00 ~ 18:00,周一、周二、周三、周四休息。周五上午 10:00 至下午 6:00，周六上午 10:00 至下午 6:00，周日上午 10:00 至下午 6:00。
"성인 개인 기준 10,000원(단체 8,000원), 청소년, 어린이, 군인 개인 기준 8,000원(단체 6,000원)입니다.","收费标准为：个人成人每人 10,000 韩元（团体每人 8,000 韩元），个人青少年、儿童或士兵每人 8,000 韩元（团体每人 6,000 韩元）。"
개구리생태공원 개구리전시관,青蛙生态公园青蛙展览馆
전남 담양군 담양읍 메타세쿼이아로 47,全罗南道潭阳郡潭阳邑水杉路47
"[요금]
대인: 2,000원
청소년: 1,000원
어린이: 700원
만 6세 이하: 무료
[이용안내]
휴게시간: 12시~13시","【入场费】

成人：2,000 韩元

青少年：1,000 韩元

儿童：700 韩元

6 岁及以下儿童：免费

【使用须知】

休息时间：12:00–13:00"
"입장 요금은 대인 2,000원, 청소년 1,000원, 어린이 700원이며, 만 6세 이하 미취학 아동은 무료로 입장할 수 있습니다.",成人门票2000韩元，青少年门票1000韩元，儿童门票700韩元，6岁及以下学龄前儿童免费入场。
제주항공우주박물관,济州航空博物馆
제주 서귀포시 안덕면 녹차분재로 218 제주항공우주박물관,济州岛西归浦市安德面绿茶盆斋路 218 济州航空宇宙博物馆
"[입장료]
성인: 10,000원
청소년: 9,000원
어린이: 8,000원
36개월 미만: 무료
[이용안내]
매달 3번째 월요일 정기 휴무
입장마감: 17시","【入场费】

成人：10,000韩元

青少年：9,000韩元

儿童：8,000韩元

36个月以下儿童：免费

【参观须知】

每月第三个星期一闭馆

最后入场时间：17:00"
월요일9:00 ~ 18:00화요일9:00 ~ 18:00수요일9:00 ~ 18:00목요일9:00 ~ 18:00금요일9:00 ~ 18:00토요일9:00 ~ 18:00일요일9:00 ~ 18:00,星期一 9:00 ~ 18:00 星期二 9:00 ~ 18:00 星期三 9:00 ~ 18:00 星期四 9:00 ~ 18:00 星期五 9:00 ~ 18:00 星期六 9:00 ~ 18:00 星期日 9:00 ~ 18:00
"입장료는 성인 10,000원, 청소년 9,000원, 어린이 8,000원이며, 36개월 미만 유아는 무료입니다. 운영 시간은 매일 9:00~18:00이며, 입장 마감은 17시입니다. 매달 3번째 월요일은 정기 휴무입니다.","成人票价为10,000韩元，青少年票价为9,000韩元，儿童票价为8,000韩元；36个月以下的婴儿免费。开放时间为每日9:00至18:00，最后入场时间为17:00。每月第三个星期一闭馆。"
한수원 홍보관,KHNP公关中心
경북 경주시 문무대왕면 불국로 1655,庆尚北道庆州市文武大旺面佛国路1655
"[요금]
입장료 및 관람료: 무료
[이용안내]
<홍보관 소독시간>
에너지팜(지하1층) 17:00~17:30
로비 및 특별전시(1층) 17:30~18:00
자유관람
<홍보관 전시 프로그램>
평일 오전 11시, 14시, 16시 (단체견학 있을 시 동반 해설 진행)
1층 안내데스크에서 접수
<한수원 제작 애니메이션>
트러스트2 – 비밀의 에너지섬을 찾아서 (10분)
상영시간: 매일 오전 10시 30분, 13시 30분, 15시 30분 (총 3회)
상영장소: 홍보관 1층 로비 멀티비전","【费用】

入场及参观费用：免费

【导览】

<PR展厅消毒时间表>

能量农场（地下一层）17:00–17:30

大厅及特展区（一层）17:30–18:00

免费入场

<PR展厅展览安排>

平日 11:00、14:00、16:00（团体参观提供导览服务）

请前往一层咨询台登记

<KHNP制作动画>

Trust 2 – 寻找神秘能量岛（10分钟）

放映时间：每日 10:30、13:30、15:30（共3场）

放映地点：PR展厅一层大厅多屏显示"
월요일10:00 ~ 16:00화요일10:00 ~ 16:00수요일10:00 ~ 16:00목요일10:00 ~ 16:00금요일10:00 ~ 16:00토요일10:00 ~ 16:00일요일정기휴무,星期一 10:00 ~ 16:00 星期二 10:00 ~ 16:00 星期三 10:00 ~ 16:00 星期四 10:00 ~ 16:00 星期五 10:00 ~ 16:00 星期六 10:00 ~ 16:00 星期日 休息
"입장료 및 관람료는 무료입니다. 운영 시간은 월요일부터 토요일까지 오전 10시부터 오후 4시까지입니다. 일요일은 정기휴무이며, 방문 예약은 지원되지 않습니다(사전 예약 불가). 단체견학이 있으면 일정에 따라 해설 프로그램이 동반될 수 있습니다.",入场和参观均免费。开放时间为周一至周六上午 10:00 至下午 4:00。博物馆周日闭馆，不接受预约（不提供提前预约服务）。团体参观可根据行程安排安排导览。
광주시립미술관,光州市立美术馆
광주광역시 북구 하서로 52 광주시립미술관 광주시립미술관,光州广域市北区河西路 52 光州美术馆
"[요금]
무료
[이용안내]
문화가 있는 날 운영시간 - 10:00 ~ 20:00","【费用】

免费

【信息】

文化日开放时间：10:00～20:00"
"광주시립미술관은 관람이 무료입니다. 운영시간은 화요일부터 일요일까지 오전 10시부터 오후 6시까지이며, 입장 마감 시간은 따로 표기되어 있지 않습니다. 월요일은 정기 휴무입니다. 매달 '문화가 있는 날'에는 운영시간이 오후 8시까지 연장됩니다.",光州美术馆免费入场。开放时间为周二至周日，上午10:00至下午6:00，没有具体的最后入场时间。美术馆周一闭馆。每月“文化日”当天，开放时间延长至晚上8:00。
국립광주박물관,光州国立博物馆
광주광역시 북구 하서로 110 국립광주박물관,光州广域市北区河西路 110 国立光州博物馆
"[요금]
무료
[이용안내]
설 추석 당일, 4월&11월 첫 번째 월요일 휴무
쉬어가는 시간 - 12:00~13:00
1회차 10:00 / 2회차 11:10 / 3회차 13:00 / 4회차 14:30 / 5회차 16:00","【费用】

免费

【使用指南】

春节、中秋节以及每年四月和十一月的第一个星期一闭馆

休息时间：12:00~13:00

第一场：10:00 / 第二场：11:10 / 第三场：13:00 / 第四场：14:30 / 第五场：16:00"
"운영시간은 매일 10:00~18:00까지이며, 설과 추석 당일, 4월·11월 첫 번째 월요일은 휴무입니다(쉬어가는 시간 12:00~13:00). 입장료는 무료입니다. 어린이 박물관 체험은 1일 5회차로 운영되고, 회당 80명(온라인 예약 50명, 현장 예약 30명) 선착순 입장입니다.",博物馆每日开放时间为10:00至18:00，春节（农历新年）、中秋节（韩国感恩节）以及每年4月和11月的第一个星期一闭馆（休息时间：12:00至13:00）。博物馆免费入场。儿童博物馆体验活动每日举办五场，每场限80人，先到先得（50个线上预约名额，30个现场预约名额）。
백제군사박물관,百济军事博物馆
충남 논산시 부적면 충곡로 311-54,忠清南道论山市富积面忠谷路311-54
백제군사박물관은 모든 방문객에게 입장료가 무료입니다. 일부 체험 프로그램도 무료로 운영됩니다.,百济军事博物馆对所有游客免费开放。部分互动体验项目也免费提供。
나비생태원,蝴蝶生态公园
대구광역시 동구 팔공로50길 66,大邱广域市东区八公路50街66号
"주차료 및 입장료 무료
<연간 체험학습 프로그램 운영안내>
내용: 곤충스케치 입체영상체험, 자연재료를 이용한 작품만들기 등 특화체험(별도공지)
대상: 4세 ~ 초등학생
인원수: 24명 / 1회
운영일: 7월19일부터 연중주말 및 공휴일(휴관일 제외) 운영
운영시간 (5회/일)
오전: 10:00 ~ 10:40 / 11:00 ~ 11:40
오후: 13:00 ~ 13:40 / 14:00 ~ 14:40 / 15:00 ~ 15:40
장소: 나비누리관 2층 체험학습실
체험비: 무료
체험신청: 홈페이지 사전 예약(현장 예약불가)","免费停车及入场

<年度体验式学习项目指南>

内容：昆虫写生、3D视频体验、天然材料艺术创作等特色体验（详情另行公布）

目标受众：4岁至小学生

人数：每场24人

开放日期：7月19日起，全年周末及节假日开放（闭馆日除外）

开放时间（每日5场）

上午：10:00～10:40 / 11:00～11:40

下午：13:00～13:40 / 14:00～14:40 / 15:00～15:40

地点：纳比努里楼二楼体验式学习室

体验费用：免费

申请方式：请提前通过网站预约（不接受现场预约）"
"나비생태원은 입장료와 주차료가 모두 무료입니다. 운영시간은 화요일부터 일요일까지 오전 10시부터 오후 5시까지이며, 매주 월요일은 정기휴무입니다. 그 외 1월 1일, 설날, 추석 등은 별도의 공지가 있을 수 있습니다.",蝴蝶生态公园免费入场，停车也免费。开放时间为周二至周日，上午10:00至下午5:00，每周一闭园。其他日期，例如1月1日、农历新年和中秋节，可能会另行通知闭园事宜。
국립전북기상과학관,全北气象科学博物馆
전북특별자치도 정읍시 서부산업도로 168-43 국립전북기상과학관,全北气象科学博物馆，全北特别自治道井邑市西富山报路168-43号
"[요금]
어른/개인 - 2,000원
청소년 및 어린이 - 1,000원
20인 이상 단체 어른 - 1,000원
20인 이상 단체 청소년 - 500원
유아, 경로우대자, 우대고객 - 무료
[프로그램 안내]
천체투영실 > 천체관측실 / 60분
천체투영실 > 천체관측실 > 전시실 > 해보다가기상인 > 4D다면영상관 / 90분
회차 : 10:00, 13:00, 15:00
한 회차 150명
홈페이지 사전예약 또는 방문접수
수,금, 토 야간 관측 프로그램 운영","【费用】

成人/个人 - 2,000 韩元

青少年及儿童 - 1,000 韩元

20人以上团体：成人 - 1,000 韩元

20人以上团体：青少年 - 500 韩元

婴幼儿、老年人、优惠顾客 - 免费

【活动信息】

天文馆 > 天文台 / 60分钟

天文馆 > 天文台 > 展览厅 > 海宝达吉观景台 > 4D多厅影院 / 90分钟

场次：10:00、13:00、15:00

每场限150人

可通过网站提前预约或现场报名

周三、周五和周六提供夜间观测项目"
"입장료는 어른(개인) 2,000원, 청소년 및 어린이 1,000원, 20인 이상 단체는 어른 1,000원, 청소년 500원입니다. 유아, 경로우대자, 우대고객은 무료입니다. 프로그램은 1일 3회(10:00, 13:00, 15:00) 운영되며, 한 회차 최대 150명까지 참여할 수 있습니다. 홈페이지 사전예약 또는 현장 방문접수로 이용할 수 있습니다.",成人（个人）入场费为2000韩元，青少年及儿童为1000韩元。20人及以上团体，成人票价为1000韩元，青少年票价为500韩元。婴幼儿、老年人及享受优惠的顾客免费。该项目每日举办三场（10:00、13:00和15:00），每场最多150人。您可以通过网站提前预约或现场报名参加。
삼성화재교통박물관,三星消防与海上运输博物馆
경기도 용인시 처인구 포곡읍 에버랜드로 376번길 171,京畿道龙仁市处仁区浦谷邑爱宝乐园路376街171
"[요금]
대인 - 6,000원
소인(3~19세) - 5,000원
경로(66세 이상) - 3,000원
유아(24개월 미만) - 무료","【票价】

成人 - 6,000 韩元

儿童（3-19岁） - 5,000 韩元

老年人（66岁及以上） - 3,000 韩元

婴儿（24个月以下） - 免费"
월요일정기휴무화요일09:00 ~ 17:00수요일09:00 ~ 17:00목요일09:00 ~ 17:00금요일09:00 ~ 17:00토요일10:00 ~ 18:00일요일10:00 ~ 18:00,"周一休息

周二 09:00 ~ 17:00

周三 09:00 ~ 17:00

周四 09:00 ~ 17:00

周五 09:00 ~ 17:00

周六 10:00 ~ 18:00

周日 10:00 ~ 18:00"
"입장료는 대인(만 20~65세) 6,000원, 소인(3~19세) 5,000원, 경로(66세 이상) 3,000원이며, 24개월 미만 유아는 무료입니다. 영업시간은 화~금 09:00~17:00, 토~일 10:00~18:00(월요일 휴무)입니다. '입구'에서 입장료를 지불하며, 넓은 무료 주차장이 마련되어 있습니다. 주말과 평일의 오픈/마감 시간이 다르니 방문 전 꼭 확인하세요.","门票价格：成人（20-65岁）6,000韩元，儿童（3-19岁）5,000韩元，老年人（66岁及以上）3,000韩元；24个月以下婴儿免费。营业时间为周二至周五9:00-17:00，周六至周日10:00-18:00（周一闭馆）。门票在入口处支付，并设有宽敞的免费停车场。请注意，平日和周末的营业时间有所不同，请在参观前确认。"
보현산자연휴양림 산림복합체험관,宝贤山自然休闲森林综合体验中心
경상북도 영천시 화북면 입석리 산54,庆尚北道永川市和北面益石里山54
"[요금]
회차별 - 10,000원","【费用】

每次疗程 - 10,000 韩元"
월요일09:00 ~ 18:00화요일정기휴무수요일정기휴무목요일09:00 ~ 18:00금요일09:00 ~ 18:00토요일09:00 ~ 18:00일요일09:00 ~ 18:00,星期一 09:00 ~ 18:00 星期二 休息 星期三 休息 星期四 09:00 ~ 18:00 星期五 09:00 ~ 18:00 星期六 09:00 ~ 18:00 星期日 09:00 ~ 18:00
"운영 시간은 월요일, 목요일~일요일 오전 9시부터 오후 6시까지입니다. 화요일과 수요일은 정기휴무입니다. 회차별 요금은 1인당 10,000원입니다. 주차장은 마련되어 있으며 별도의 주차요금은 없습니다.","营业时间为周一至周日，上午9:00至下午6:00。周二和周三闭馆。费用为每人每次10,000韩元。停车免费。"
한국금융사박물관,韩国金融史博物馆
서울특별시 중구 세종대로 135-5 조흥금융박물관,首尔特别市中区世宗大路 135-5 草兴金融博物馆
"[요금]
관람료 및 입장료: 무료
[이용 안내]
입장 마감: 17시
초등학생 대상으로 무료로 프로그램을 진행하니 홈페이지를 참고해주세요.","【费用】

入场：免费

【使用指南】

最后入场时间：17:00

我们为小学生提供免费项目，详情请见网站。"
월요일10:00 ~ 18:00화요일10:00 ~ 18:00수요일10:00 ~ 18:00목요일10:00 ~ 18:00금요일10:00 ~ 18:00토요일10:00 ~ 18:00일요일정기 휴무,星期一 10:00 ~ 18:00 星期二 10:00 ~ 18:00 星期三 10:00 ~ 18:00 星期四 10:00 ~ 18:00 星期五 10:00 ~ 18:00 星期六 10:00 ~ 18:00 星期日 休息
한국금융사박물관의 관람과 체험 프로그램 모두 무료로 이용하실 수 있습니다.,您可以免费享受韩国金融历史博物馆的门票和体验项目。
울진곤충여행관,蔚珍昆虫旅行中心
경북 울진군 근남면 수산리 344-12,庆尚北道蔚珍郡锦南面水山里344-12
"[관람료 및 입장료]
어른: 4,000원
청소년,군인: 3,000원
어린이(4~12세), 경로: 2,000원
36개월 이하 무료 입장
동절기 17:00까지 운영
[시설]
곤충전시관: 곤충들의 역사와 희귀화석등을 통해 과거와 현재의 많은 곤충들에 관해 알아 볼 수 있어요.
곤충생태관: 유리온실로 되어 있어 살아있는 나비의 생태를 관찰할 수 있어요.","【门票】

成人：4,000韩元

青少年、军人：3,000韩元

儿童（4-12岁）、老年人：2,000韩元

36个月以下儿童免费

冬季开放至17:00

【设施】

昆虫展厅：通过昆虫的历史和珍稀化石，了解古今中外的各种昆虫。

昆虫生态馆：在玻璃温室中，您可以观察活蝴蝶的生态习性。"
"입장료는 어른 4,000원, 청소년 및 군인 3,000원, 어린이(4~12세)와 경로는 2,000원이며, 36개월 이하는 무료 입장입니다. 운영시간은 화요일부터 일요일까지 09:00~18:00이며, 월요일은 정기휴무입니다. 동절기에는 17:00까지 운영될 수 있으니 방문 전 확인해 주세요.",成人门票4000韩元，青少年及军人3000韩元，4至12岁儿童及老年人2000韩元；36个月以下婴儿免费入场。开放时间为周二至周日9:00至18:00，周一闭馆。冬季期间，开放时间可能会延长至17:00，请在参观前确认。
경상북도교육청과학원,庆尚北道教育科学研究所
"경상북도 포항시 북구 우미길 93 경북과학고등학교,경상북도교육청과학원",庆尚北道浦项市北区牛尾路93号庆尚北道科学高中教育科学研究所
"점심시간: 12:20~13:30
관람료 및 입장료: 무료
<천체투영실>
운영시간(40분)
평일: 10:40, 11:40, 14:00, 15:00
일요일: 11:20, 15:00
토요일 미운영
6세 이상 입장, 5명 이상 운영
<4D극장>
운영시간(12~18분)
평일(화~금요일) : 13:40, 14:40
토,일 : 10:20, 11:00, 13:40, 14:40
5세 이상 입장, 5명 이상 상영
홈페이지 사전예약 필수
<로봇팔 쇼>
매일: 10:50, 11:30, 13:50, 16:00
<유아체험마당(60분)>
주말: 11:00, 14:00
개인은 주말에만 관람 가능, 7세이하 입장 가능","午餐时间：12:20–13:30

门票：免费

<天文馆>

开放时间（40分钟）

平日：10:40、11:40、14:00、15:00

周日：11:20、15:00

周六闭馆

6岁及以上儿童入场，至少5人成团

<4D影院>

开放时间（12–18分钟）

平日（周二至周五）：13:40、14:40

周六、周日：10:20、11:00、13:40、14:40

5岁及以上儿童入场，至少5人成团

需提前通过网站预约

<机械臂表演>

每日：10:50 11:30、13:50、16:00

<幼儿体验区（60分钟）>

周末：11:00、14:00

仅限周末开放；7岁及以下儿童可入内。"
"운영 시간은 화요일부터 일요일까지 오전 10시부터 오후 5시까지이며, 매주 월요일은 정기 휴무입니다. 점심시간은 12시 20분부터 13시 30분까지 잠시 운영을 중단합니다. 입장료와 관람료는 모두 무료입니다.",开放时间为周二至周日，上午10:00至下午5:00，每周一闭馆。中午12:20至下午1:30午休，暂停开放。入场和参观均免费。
곤충생태전시관,昆虫生态展览馆
경북 상주시 함창읍 교촌리 411,庆尚北道尚州市咸昌邑校村里411
"관람료 및 입장료: 무료
입장 마감 시간: 17시
월요일이 공휴일인 경우 다음날 휴관
명절 및 명절 전날, 다음날에도 휴관
[체험프로그램]
로봇댄스 공연(1F 로봇댄스 무대): 10:10 / 14:00 / 16:10
AR/VR체험(1F 체험학습실): 10:30 / 14:20 / 16:30
VR컨텐츠 감상(2F VR컨텐츠존): 11:10 / 15:00
곤충표본만들기(2F 체험놀이방): 15:30
곤충표본만들기는 당일 현장신청(14시부터 신청)만 가능, 1가구 당 2명까지 참여 가능(참가 인원 5명 이상 시 운영)
전시 프로그램: 샌드아트, 반응형 디지털 미디어 공간, 곤충 만져보기 체험(사슴벌레, 누에)","入场费：免费

最后入场时间：17:00

如遇周一为公众假期，则次日闭馆

国定假日及其前后一天闭馆

【体验项目】

机器人舞蹈表演（1楼机器人舞蹈舞台）：10:10 / 14:00 / 16:10

AR/VR体验（1楼体验式学习室）：10:30 / 14:20 / 16:30

VR内容观看（2楼VR内容区）：11:10 / 15:00

昆虫标本制作（2楼体验式游戏室）：15:30

昆虫标本制作活动仅限活动当日现场报名（14:00开始报名）。每户最多可报名2人（仅限5人及以​​上参与时开放）。

展览项目：沙画、互动式数字媒体空间、触摸昆虫体验（锹甲虫、蚕）"
연오랑세오녀테마공원,延郎仙女主题公园
경상북도 포항시 남구 동해면 호미로 3012 연오랑 세오녀 문화공원,庆尚北道浦项市南区东海面霍米路3012 汝矣郎仙女文化公园
연오랑세오녀테마공원은 입장료와 주차요금이 모두 무료입니다. 넓은 공원 주차장이 마련되어 있어 가족 단위 방문 시에도 편리하게 이용하실 수 있습니다.,延奴郎仙女主题公园入场和停车均免费。公园设有宽敞的停车场，方便家庭出游。
한국가사문학관,韩国卡萨文学博物馆
전남 담양군 가사문학면 가사문학로 877,全罗南道潭阳郡加三文鹤面加三文鹤路 877
"[요금]
관람료 - 무료
탁본체험 - 1,000원
부채꾸미기 - 3,000원","【费用】

入场费 - 免费

拓印体验 - 1,000 韩元

扇子装饰 - 3,000 韩元"
안양그린마루,安阳绿丸
경기도 안양시 만안구 화창로 10,京畿道安养市万安区华昌路10
"[요금]
관람료: 무료
[프로그램]
<전시해설>
대상: 만 4세 이상 개인 및 단체
운영시간: 1차) 10시~10시 40분 / 2차) 11시~11시 40분 / 3차) 14시 20분~15시 10분 / 4차) 15시 20분~16시 10분
<에너지놀이터>
대상: 누구나
운영일: 4~11월 중 주말 및 공휴일
내용: 다양한 교구를 통해 신재생에너지 체험
<토요일 및 공휴일 교육>
대상: 만 4세 이상 개인
운영일: 2~12월 중 토요일 및 공휴일
운영시간: 오전) 10시 30분~11시 30분 / 오후) 13시 30분~14시 30분
내용: 다양한 기후변화 관련 교육주제를 게임, 체험 등 방법으로 익힐 수 있는 교육
비용(1인): 3,000원
<연간 교육 프로그램 1 - 그린마루의 비밀을 찾아서>
대상: 초등학생 동반 가족
운영시간: 10시 30분~12시
<연간 교육 프로그램 2>
대상: 유아(6, 7세) 및 초등 저학년
내용: 다양한 만들기 체험
운영시간: 10시 30분~14시 30분(프로그램별 상이)
[이용안내]
휴관일: 매주 월요일, 1월 1일, 설 및 추석 연휴","【费用】

入场：免费

【活动】

<展览讲解>

目标受众：4岁及以上人士及团体

开放时间：第一场 10:00–10:40 / 第二场 11:00–11:40 / 第三场 14:20–15:10 / 第四场 15:20–16:10

<能源乐园>

目标受众：所有人

开放日期：4月至11月，周末及公众假期

内容：通过各种教育工具体验新能源和可再生能源

<周六及公众假期教育>

目标受众：4岁及以上人士

开放日期：2月至12月，周六及公众假期

开放时间：上午 10:30–11:30 / 下午13:30–14:30

内容：寓教于乐项目，参与者可通过游戏、动手实践等方式学习各种与气候变化相关的知识

费用（每人）：3,000 韩元

<年度教育项目 1 - 探寻绿色丸的秘密>

目标群体：有小学生的家庭

开放时间：上午 10:30 – 中午 12:00

<年度教育项目 2>

目标群体：学龄前儿童（6-7 岁）及小学低年级学生

内容：各种手工活动

开放时间：上午 10:30 – 下午 2:30（具体时间视项目而定）

[使用指南]

闭馆日：每周一、1 月 1 日、农历新年及中秋节"
청주백제유물전시관,清州百济文物展览馆
충청북도 청주시 흥덕구 1순환로 438번길 9,忠清北道清州市兴德区第一环路438街9号
수퍼빈 아이엠팩토리 화성,Superbin I Am Factory 华城
경기도 화성시 우정읍 사기말길27번길 87-41 1-4층,京畿道华城市牛井邑沙吉玛路27号街87-41号1-4层
"[요금]
개인 관람형(1시간): 5,000원","【费用】

私人观赏（1小时）：5,000韩元"
월요일10:00 ~ 18:00화요일10:00 ~ 18:00수요일10:00 ~ 18:00목요일10:00 ~ 18:00금요일10:00 ~ 18:00토요일정기휴무일요일정기휴무,星期一 10:00 ~ 18:00 星期二 10:00 ~ 18:00 星期三 10:00 ~ 18:00 星期四 10:00 ~ 18:00 星期五 10:00 ~ 18:00 星期六 休息 星期日 休息
안성맞춤천문과학관,安城马查姆天文科学中心
경기도 안성시 보개면 남사당로 198-9 안성맞춤 천문과학관,京畿道安城市宝开面南寺党路 198-9 安城正好天文科学馆
"[요금]
성인(만 19세 이상): 4,000원
청소년, 어린이(만 5세~만 18세): 2,000원
안성시민, 65세 이상, 다자녀 가정 등: 관람할인 50%
자세한 요금 및 할인 정보는 첨부된 이미지를 확인해 주세요.
[이용안내]
휴관일: 매주 월요일(월요일이 공휴일인 경우 다음날 휴관), 1월 1일, 설·추석 연휴","【门票价格】

成人（19岁及以上）：4,000韩元

青少年、儿童（5-18岁）：2,000韩元

安城市民、65岁及以上长者、多子女家庭等：享受5折优惠

请查看附图了解详细的门票价格和优惠信息。

【参观须知】

闭馆日：每周一（如遇周一为节假日，则顺延至次日）、1月1日、农历新年、中秋节"
월요일정기휴무화요일14:00 ~ 22:00수요일14:00 ~ 22:00목요일14:00 ~ 22:00금요일14:00 ~ 22:00토요일14:00 ~ 22:00일요일14:00 ~ 22:00,"周一休息

周二 14:00 ~ 22:00

周三 14:00 ~ 22:00

周四 14:00 ~ 22:00

周五 14:00 ~ 22:00

周六 14:00 ~ 22:00

周日 14:00 ~ 22:00"
"입장료는 성인(만 19세 이상) 4,000원, 청소년·어린이(만 5세 ~ 만 18세) 2,000원입니다. 안성시민, 만 65세 이상, 다자녀 가정 등은 50% 할인받을 수 있습니다. 상세한 할인대상은 홈페이지 또는 현장 안내를 참고해 주세요.",成人（19岁及以上）门票为4000韩元，青少年及儿童（5至18岁）门票为2000韩元。安城市居民、65岁及以上老人以及多子女家庭可享受50%的折扣。折扣详情请参阅网站或现场信息。
인천어린이과학관,仁川儿童科学博物馆
인천광역시 계양구 방축로 21 인천어린이과학관,仁川儿童科学博物馆，仁川市桂阳区方竹路21号
"[요금]
상설전시관: 성인 - 4,000원 / 청소년 - 2,000원 / 어린이 - 2,000원
4D영상관: 성인 - 3,000원 / 청소년 - 1,000원 / 어린이 - 1,000원
만6세 이하, 만 65세 이상 등: 무료
인천 시민: 50% 감면
자세한 요금 및 할인 정보는 첨부된 이미지를 확인해 주세요.
[이용안내]
휴관일: 매주 월요일(월요일이 법정 공휴일인 경우 익일 휴관), 1월 1일, 설·추석 당일
관람시간: 회차당 120분
관람인원: 회차당 400명","【门票价格】

常设展厅：成人 - 4,000 韩元 / 青少年 - 2,000 韩元 / 儿童 - 2,000 韩元

4D 影院：成人 - 3,000 韩元 / 青少年 - 1,000 韩元 / 儿童 - 1,000 韩元

6 岁及以下儿童、65 岁及以上老人等：免费

仁川市民：半价优惠

请查看附图了解详细的门票价格和优惠信息。

【参观须知】

闭馆日：每周一（如遇周一为节假日，则顺延至次日）、1 月 1 日、农历新年、中秋节

观影时长：每场 120 分钟

容纳人数：每场 400 人"
"상설전시관 입장료는 성인 4,000원, 청소년 및 어린이 2,000원입니다. 4D영상관은 성인 3,000원, 청소년 및 어린이 1,000원입니다. 만 6세 이하, 만 65세 이상, 인천 시민(50% 감면) 등 다양한 감면 및 무료 혜택이 있으니 상세한 내용은 공식 홈페이지를 참고해 주세요.",常设展厅门票成人4000韩元，青少年及儿童2000韩元。4D影院门票成人3000韩元，青少年及儿童1000韩元。6岁及以下儿童、65岁及以上老人以及仁川市民（可享50%折扣）可享受各种优惠及免费入场。详情请参阅官方网站。
김천유아숲체험원,金泉幼儿森林体验中心
경상북도 김천시 혁신6로 31 김천녹색미래과학관,金泉绿色未来科学博物馆，庆尚北道金泉市赫信6路31号
"[요금]
무료
[이용안내]
연중무휴 상시 개방","【费用】

免费【使用指南】

全年开放"
"김천유아숲체험원은 연중무휴로 상시 개방되며, 입장료는 무료입니다.",金泉儿童森林体验中心全年开放，无节假日，而且免费入场。
국립충남기상과학관,忠南国立气象科学博物馆
충남 홍성군 홍북읍 첨단산단로 15,忠清南道洪城郡洪北邑瞻团产团路15
"[요금]
성인 : 개인 - 2,000원 / 단체 - 1,000원
청소년 및 어린이 : 개인 - 1,000원 / 단체 - 500원
유아(유치원생 포함), 경로우대자, 우대고객 - 면제
자세한 요금 및 면제대상은 첨부된 이미지를 확인해 주세요.
[이용안내]
휴관일 - 매주 월요일(공휴일인 경우 그 다음날), 1월1일, 설날, 추석 당일
입장마감 - 17시
[프로그램]
전시해설 - 10:30 / 13:30 / 15:30
프로그램 매월마다 달라짐 - 홈페이지 확인","【门票】

成人：个人 - 2,000 韩元 / 团体 - 1,000 韩元

青少年及儿童：个人 - 1,000 韩元 / 团体 - 500 韩元

婴幼儿（含幼儿园儿童）、老年人及优惠顾客 - 免门票

请查看附图了解详细的门票价格及优惠条件。

【参观须知】

闭馆日 - 每周一（如遇周一为节假日，则顺延至次日）、1月1日、农历新年及中秋节

最后入场时间 - 17:00

【活动安排】

展览讲解 - 10:30 / 13:30 / 15:30

活动安排每月有所不同 - 请查看官网"
"운영시간은 화요일~일요일 오전 10시부터 오후 5시 30분까지이며, 입장 마감은 오후 5시입니다. 매주 월요일, 1월 1일, 설날, 추석 당일은 휴관입니다. 입장료는 성인 2,000원, 청소년 및 어린이 1,000원, 단체는 각각 1,000원(성인)과 500원(청소년 및 어린이)입니다. 유아(유치원생 포함), 경로우대자, 우대고객 등은 무료로 입장할 수 있습니다. 자세한 무료대상은 현장 공지나 홈페이지를 참고해 주세요.",开放时间为周二至周日，上午10:00至下午5:30，最后入场时间为下午5:00。每周一、1月1日、农历新年和中秋节闭馆。成人票价为2000韩元，青少年及儿童票价为1000韩元。团体票价为成人1000韩元，青少年及儿童500韩元。婴幼儿（包括幼儿园儿童）、老年人及其他符合条件的游客免费入场。有关免费入场的具体规定，请参阅现场公告或访问网站。
서울특별시교육청융합과학교육원 남산분원 수학체험관,首尔市教育厅融合科学教育研究所南山分院数学体验中心
서울특별시 중구 소파로 46 서울특별시교육연구정보원 4층 수학체험관,首尔教育研究信息研究院数学体验中心，4楼，首尔市中区素帕罗路46号
"[요금]
무료
[이용안내]
운영시간 - 1부 10:00 ~ 12:00 / 2부 13:00- ~ 17:00","【费用】

免费
【使用须知】

营业时间 - 第一时段 10:00 ~ 12:00 / 第二时段 13:00 ~ 17:00"
"입장료는 무료입니다. 운영 시간은 화요일부터 일요일까지 10:00~17:00이고, 월요일은 정기 휴무입니다. 운영시간은 1부 10:00~12:00, 2부 13:00~17:00로 나뉘며, 12:00~13:00은 점심시간으로 입장이 제한될 수 있습니다.",免费入场。开放时间为周二至周日10:00至17:00，周一闭馆。开放时间分为两个时段：第一时段为10:00至12:00，第二时段为13:00至17:00。12:00至13:00期间可能因午餐时间限制入场。
옥토끼우주센터,八十特奇太空中心
인천광역시 강화군 불은면 강화동로 403 옥토끼우주센터,仁川广域市江华郡佛伦面江华东路403号Okto-tokki宇宙中心
"옥토끼우주센터는 인천 강화도에 위치한 국내 최초의 우주 과학 테마파크입니다. 이곳은 우주와 과학, 예술, 탐험, 놀이가 결합된 복합 문화 공간으로, 아이들의 호기심과 창의성을 자극하는 체험형 여행지입니다.
실내 전시와 체험은 로봇, 우주, 과학에 관심이 많거나 조금 더 큰 아이들에게 추천됩니다.
약 2천 평 규모의 실내 공간에는 약 500여 점의 실제 우주 전시물이 전시되어 있습니다.
우주 개발의 역사, 로켓과 우주선의 탄생 과정, 우주인의 생활, 화성과 달 탐험 등 다양한 테마로 꾸며진 전시관이 있어 아이와 함께 우주에 대해 쉽게 배우고 체험할 수 있습니다.
3D 영화관에서 우주와 과학을 주제로 한 생생한 영상을 관람할 수 있습니다.
우주복을 입은 것처럼 기념사진을 찍고, 우주 체험기구(6종)를 직접 타보는 활동도 인기가 많습니다.
약 1만 6천 평의 넓은 야외 부지에는 커다란 공룡들이 살아 움직이는 공룡의 숲이 조성되어 있습니다. 약 40~63마리의 대형 공룡 모형이 전시되어 있어, 마치 공룡시대로 시간여행을 하는 듯한 체험이 가능합니다.
로봇 공원, 물대포 공원, 로고스 가든, 넓은 전망 탑 등 다양한 테마형 놀이 공간이 있습니다.
사계절 썰매장에서는 계절별로 다양한 썰매체험(눈썰매, 고무 썰매), 여름에는 물놀이장, 봄가을에는 보트장 등으로 변신하여 사계절 내내 다채로운 놀이를 즐길 수 있습니다.
미니열차, 보트 타기, 야외에서 뛰어놀 수 있는 넓은 조경 공간도 마련되어 있습니다.
지원되는 편의시설: 수유실, 기저귀교환대, 유모차대여, 주차, 예약
지원되지 않는 편의시설: 아기의자
네이버 예약 시 할인을 받을 수 있습니다.
제1주차장이 입구와 가장 가깝습니다.
주소: 인천광역시 강화군 불은면 강화동로 403
운영시간:
월요일~금요일: 10:00~17:30
토요일~일요일: 09:30~19:00
월요일~금요일: 10:00~17:30
토요일~일요일: 09:30~19:00
주차: 무료 (넓은 주차장 완비)
고객 팁:
볼거리가 많고 규모가 커서 하루종일 알차게 놀 수 있습니다.
오픈 직후 또는 점심시간을 피해 이른 오후쯤 방문하면 사람이 덜 붐빕니다.
체험 소요 시간: 실내·외 모든 시설을 즐긴다면 최소 2~3시간, 반나절 이용 추천
모든 체험과 주요 시설 이용은 기본 입장권에 포함
여름엔 물놀이가 가능하니 돗자리와 수영복, 여벌 옷, 수건 등을 가져가면 좋고, 겨울엔 두꺼운 옷과 스키복이나 스키장갑을 챙겨 가면 더욱 알차게 즐길 수 있습니다.
만 24개월 미만인 어린 아이들은 시설 이용은 어렵지만, 무료 입장 가능하고 야외 공간에서 놀 수 있습니다.
볼거리가 많고 규모가 커서 하루종일 알차게 놀 수 있습니다.
오픈 직후 또는 점심시간을 피해 이른 오후쯤 방문하면 사람이 덜 붐빕니다.
체험 소요 시간: 실내·외 모든 시설을 즐긴다면 최소 2~3시간, 반나절 이용 추천
모든 체험과 주요 시설 이용은 기본 입장권에 포함
여름엔 물놀이가 가능하니 돗자리와 수영복, 여벌 옷, 수건 등을 가져가면 좋고, 겨울엔 두꺼운 옷과 스키복이나 스키장갑을 챙겨 가면 더욱 알차게 즐길 수 있습니다.
만 24개월 미만인 어린 아이들은 시설 이용은 어렵지만, 무료 입장 가능하고 야외 공간에서 놀 수 있습니다.
자유이용권 베이비(24~36개월미만): 9,000원
자유이용권 소인(36개월~초등학생): 17,000원
자유이용권 대인(중학생~65세미만): 16,000원
0~24개월 미만: 무료
수영장 (은하수 유수풀) 폐장시간:
평일: 10:30 ~ 17:00
주말 및 공휴일: 10:30 ~ 18:00
평일: 10:30 ~ 17:00
주말 및 공휴일: 10:30 ~ 18:00
사계절 썰매장 (야외테마공원 인공잔디썰매 80m): 봄, 여름, 가을 (잔디썰매) / 겨울 (익사이팅 눈썰매)
우주과학박물관(전시존, 체험존)
야외테마공원 (로봇공원, 공룡의 숲, 토끼의 성, 로고스 가든)","位于仁川江华岛的八都咲奇太空中心是韩国首个太空科学主题公园。它是一个集太空、科学、艺术、探索和游戏于一体的综合文化空间，旨在激发儿童的好奇心和创造力，打造沉浸式的体验之旅。

室内展览和活动推荐给对机器人、太空和科学感兴趣的儿童，或年龄稍大一些的儿童。

室内空间占地约2000坪（约6600平方米），展出约500件真实的太空展品。

展厅涵盖太空发展史、火箭和航天器的诞生、宇航员的生活以及火星和月球探索等多个主题，游客可以与孩子一起轻松了解和体验太空。

游客还可以在3D影院观看生动的太空和科学主题视频。

穿上宇航服拍照留念，体验六种不同的太空主题游乐设施，也是非常受欢迎的活动。

在占地约16,000坪（约53,000平方米）的广阔户外场地，打造了一片栩栩如生的恐龙森林，巨大的恐龙模型栩栩如生地呈现在游客眼前。这里展出了约40至63个大型恐龙模型，仿佛带领游客穿越时空，回到恐龙时代。

此外，还有各种主题游乐区，包括机器人公园、水炮公园、标志花园以及宽敞的观景塔。

四季雪橇公园根据季节提供不同的雪橇体验（雪橇、橡皮艇）；夏季变身为水上乐园，春秋两季则成为划船区，让游客一年四季都能享受丰富多彩的活动。

这里还提供迷你火车、游船以及宽敞的户外游乐区。

提供的设施：哺乳室、尿布更换台、婴儿车租赁、停车场、预约

不提供的设施：儿童座椅

通过 Naver 预订可享折扣。

1 号停车场距离入口最近。地址：仁川市江华郡富伦面江华洞路403号

营业时间：

周一至周五：10:00–17:30

周六至周日：09:30–19:00

周一至周五：10:00–17:30

周六至周日：09:30–19:00

停车：免费（设有宽敞的停车场）

游客小贴士：

这里有很多景点，规模也很大，您可以玩得尽兴。

建议您在下午早些时候前往，避开刚开门或午餐时间，这样人会比较少。

游玩时长：如果您想体验所有室内外设施，至少需要2-3小时；建议安排半天时间。

所有体验项目和主要设施的参观均包含在基本门票内。

夏季提供水上活动，建议携带泳垫、泳衣、换洗衣物和毛巾。冬季携带厚衣服、滑雪服或滑雪手套，会让您玩得更尽兴。24个月以下的儿童不能使用室内设施，但可以免费入场并在户外区域玩耍。

这里有很多景点，规模也很大，您可以尽情享受一整天的乐趣。

如果您在午后早些时候参观，避开午餐时间和刚开门的时候，人会比较少。

体验时长：如果您想体验所有室内外设施，至少需要2-3小时；建议半天游览。

所有体验项目和主要设施均包含在基本门票内。

夏季提供水上活动，建议携带泳垫、泳衣、换洗衣物和毛巾。冬季携带厚衣服、滑雪服或滑雪手套，会让您玩得更尽兴。

24 个月以下的儿童不能使用室内设施，但可以免费入场并在室外区域玩耍。婴儿无限畅玩卡（24个月至36个月）：9,000韩元

儿童无限畅玩卡（36个月至小学生）：17,000韩元

成人无限畅玩卡（初中生至65岁以下）：16,000韩元

0个月至24个月以下：免费

游泳池（银河漂流河）开放时间：

平日：10:30 ~ 17:00

周末及节假日：10:30 ~ 18:00

平日：10:30 ~ 17:00

周末及节假日：10:30 ~ 18:00

四季雪橇区（户外主题公园人造草坪雪橇滑道，80米）：春季、夏季、秋季（草地雪橇）/ 冬季（刺激的雪橇）

太空科学博物馆（展览区、体验区）

户外主题公园（机器人公园、恐龙森林、兔子城堡、标志花园）"
월요일10:00 ~ 17:30화요일10:00 ~ 17:30수요일10:00 ~ 17:30목요일10:00 ~ 17:30금요일10:00 ~ 17:30토요일09:30 ~ 19:00일요일09:30 ~ 19:00,星期一 10:00 ~ 17:30 星期二 10:00 ~ 17:30 星期三 10:00 ~ 17:30 星期四 10:00 ~ 17:30 星期五 10:00 ~ 17:30 星期六 09:30 ~ 19:00 星期日 09:30 ~ 19:00
"요금은 자유이용권 베이비(24~36개월 미만) 9,000원, 소인(36개월~초등학생) 17,000원, 대인(중학생~65세 미만) 16,000원입니다. 0~24개월 미만 영유아는 무료 입장이 가능하지만, 만 24개월 미만 어린 아이는 시설 이용이 제한되고 야외 공간만 이용 가능합니다.","全通票的入场费分别为：婴儿（24个月至36个月以下）9,000韩元，儿童（36个月至小学生）17,000韩元，成人（初中生至65岁以下）16,000韩元。0至24个月以下的婴幼儿免费入场，但24个月以下的儿童不得使用室内设施，只能在室外区域活动。"
칠곡수학체험센터,奇尔戈克数学体验中心
경북 칠곡군 북삼읍 시덕로 311,庆尚北道漆谷郡北三邑思德路311
"다양한 체험존: 아이들이 직접 만지고, 조작해보며 수학의 원리를 이해할 수 있도록 '발견공간', '상상공간', '수학공방', '수수공방' 등 네 가지 테마 공간으로 구성되어 있습니다.
체험 활동 중심: 대형 교구와 흥미로운 교구들을 활용해 실험하듯 수학을 이해하게 되며, 복잡하고 어려운 수학이 아닌, 재미있고 생활과 가까운 수학을 경험할 수 있습니다.
가족과 함께: 매주 토요일에는 가족 단위 방문객을 위한 '토요가족프로그램'이 있습니다. 이 프로그램은 사전 홈페이지 예약을 통해 참여할 수 있습니다.
학교 단체 프로그램: 평일에는 학교 단체 프로그램을 운영하고 있어 개인 자유 관람이 어렵습니다.
운영시간: 토요일 09:00~17:00, 일요일 09:00~17:00
정기휴무: 월요일~금요일
이용방법: 토요일 체험 및 관람은 홈페이지에서 예약 후 방문. 일요일에는 예약 없이 자유관람 가능하지만 공지사항을 미리 확인할 것
한적한 시골마을에 위치해 있어서 주변에 상권이 없으니, 미리 식사를 하고 오시길 추천합니다.
폐교를 개조해서 만든 체험관으로, 주차장이 넓습니다.
다양한 체험 프로그램은 시기에 따라 내용이 달라질 수 있으니, 공식 홈페이지 공지를 확인해 보세요.
요금: 무료
이용안내: 토요일 모든 체험 및 관람은 예약 후 이용 가능. 일요일 예약 없이 자유관람만 이용 가능 (매월 일요 관람일 홈페이지 참고)","多元化的体验区：由四个主题空间组成——“探索空间”、“想象空间”、“数学工作坊”和“数学实验工作坊”——让孩子们通过动手操作和互动来理解数学原理。

注重实践活动：利用大型且引人入胜的教具，参观者可以通过实验来理解数学，体验趣味盎然且贴近生活的数学，而非复杂深奥的概念。

亲子活动：每周六为家庭游客提供“周六亲子活动”。参加此活动需提前通过网站预约。

学校团体活动：由于目前学校团体活动正在进行中，工作日不提供免费个人参观。

开放时间：周六 09:00–17:00，周日 09:00–17:00

闭馆：周一至周五

参观方式：请提前通过网站预约周六的体验活动和参观。周日无需预约即可免费参观，但请提前查看公告。

体验中心位于一个宁静的乡村，附近没有商业区，建议您在参观前用餐。该体验中心由一所废弃学校改建而成，并设有宽敞的停车场。

请注意，各项体验项目的具体内容可能因季节而异，请查看官网公告。

门票：免费

须知：周六所有体验和参观项目均需预约。周日仅提供免费参观，无需预约（请参考官网查看每月周日参观安排）。"
"칠곡수학체험센터는 토요일과 일요일에만 운영합니다. 토요일과 일요일 모두 오전 9시부터 오후 5시까지 개관합니다. 다만, 평일(월~금)은 학교 단체 프로그램 위주로 운영되어 일반 개인 및 가족 방문은 어렵습니다.",奇尔戈克数学体验中心仅在周六和周日开放，开放时间为上午 9:00 至下午 5:00。然而，由于该中心主要服务于学校团体项目，因此在工作日（周一至周五），普通个人和家庭很难前来参观。
칠곡수학체험센터의 입장료와 체험 프로그램 참가비는 모두 무료입니다.,奇尔戈克数学体验中心的体验项目入场费和参与费全免。
거창사과테마파크 전시관,巨昌苹果主题公园展览馆
경남 거창군 거창읍 거함대로 3372,庆尚南道居昌郡居昌邑居咸大路 3372
"전시관 및 야외 공원 등 기본 관람은 무료입니다. 단, 사과 요리교실 등 일부 체험 프로그램은 재료비를 본인이 부담해야 하며, 프로그램별로 비용이 달라질 수 있으므로 사전 문의가 필요합니다.",展览馆和户外公园的基本门票免费。但是，部分实践活动，例如苹果烹饪课，参与者需自行承担材料费。由于费用可能因活动而异，请提前咨询。
창원과학체험관,昌原科学体验中心
경상남도 창원시 성산구 충혼로72번길 16 (중앙동),庆尚南道昌原市城山区忠宪路72街16（中央洞）
"[요금]
기본 입장료 - 성인: 3,000원 / 청소년 ·군인: 2,500원 / 초등: 2,000원
4d 특수영상관, 플라네타룸 - 성인: 2,000원 / 청소년 ·군인: 1,500원 / 초등: 1,500원
미취학 아동 및 영유아, 다자녀 가구는 요금 면제
[이용안내]
입장 및 발권 마감: 17시","【费用】

基本门票 - 成人：3,000 韩元 / 青少年及军人：2,500 韩元 / 小学生：2,000 韩元

4D 特效影院、天文馆 - 成人：2,000 韩元 / 青少年及军人：1,500 韩元 / 小学生：1,500 韩元

学龄前儿童、婴幼儿及多子女家庭免票。

【使用须知】

入场及售票截止时间：17:00"
"기본 입장료는 성인 3,000원, 청소년 및 군인 2,500원, 초등학생 2,000원입니다. 4D 특수영상관과 플라네타룸은 별도 요금이 필요하며, 성인 2,000원, 청소년 및 군인, 초등학생은 1,500원입니다. 미취학 아동 및 영유아, 다자녀 가구(2명 이상 자녀)는 증빙서류 지참 시 입장이 무료입니다.",成人基本门票为3000韩元，青少年及军人为2500韩元，小学生为2000韩元。4D特映厅和天文馆另行收费：成人2000韩元，青少年、军人及小学生1500韩元。学龄前儿童、婴幼儿及多子女家庭（两个或两个以上子女）凭年龄证明可免费入场。
오키나와 어린이나라 원더뮤지엄,冲绳儿童奇幻博物馆
"5 Chome-7-1 Goya, Okinawa, 904-0021 일본","5 Chome-7-1 Goya, 冲绳岛, 904-0021 日本"
"[요금]
성인: 200엔
중·고등학생: 100엔
4세~초등학생: 100엔
3세 이하: 무료
[이용안내]
시기별 영업시간
하절기(4월~9월) - 09:30~18:00(입장 마감 17시)
동절기(10월~3월) - 09:30~17:30(입장 마감 16시 30분)","【入场费】

成人：200日元

初中生：100日元

4岁至小学生：100日元

3岁及以下儿童：免费

【信息】

各季节开放时间

夏季（4月至9月）- 9:30-18:00（最后入场时间17:00）

冬季（10月至次年3月）- 9:30-17:30（最后入场时间16:30）"
"입장료는 성인 200엔, 중·고등학생 100엔, 4세~초등학생 100엔, 3세 이하는 무료입니다. 하절기(4월~9월)에는 09:30~18:00(입장 마감 17시), 동절기(10월~3월)에는 09:30~17:30(입장 마감 16시 30분)까지 운영합니다.",成人票价为200日元，初中生、高中生票价为100日元，4岁至小学生票价为100日元，3岁及以下儿童免费。夏季（4月至9月）开放时间为9:30至18:00（17:00停止入场），冬季（10月至次年3月）开放时间为9:30至17:30（16:30停止入场）。
멀티버스플래닛 여수,多元宇宙星球丽水
전남 여수시 박람회길 1,全罗南道丽水市世博路1号
"[요금]
성인: 10,000원
청소년(8세~19세): 13,000원
미취학 아동(3세~7세): 8,000원
유아(24개월 이하): 무료
[이용안내]
입장마감: 16시 30분","【入场费】

成人：10,000韩元

青少年（8-19岁）：13,000韩元

学龄前儿童（3-7岁）：8,000韩元

婴幼儿（24个月及以下）：免费

【入场须知】

最后入场时间：16:30"
월요일10:00 ~ 17:50화요일정기휴무수요일정기휴무목요일10:00 ~ 17:50금요일10:00 ~ 17:50토요일10:00 ~ 17:50일요일10:00 ~ 17:50,星期一 10:00 ~ 17:50 星期二 休息 星期三 休息 星期四 10:00 ~ 17:50 星期五 10:00 ~ 17:50 星期六 10:00 ~ 17:50 星期日 10:00 ~ 17:50
바베큐팩토리 거북섬점,BBQ Factory 北岛分店
경기도 시흥시 거북섬서로 45 MTV 유통2(제2종 근생) 바베큐팩토리 거북섬점,BBQ Factory Geobukseom分店，MTV Distribution 2（二级邻里商业设施），京畿道始兴市Geobukseomseo路45号
"[요금]
텐트 이용료(1인): 5,000원
테이블 이용료(4인): 10,000원
[운영시간]
<평일>
1부: 12시~16시
2부: 18시~22시
<주말>
1부: 11시~14시
2부: 15시~18시
3부: 19시~22시","【费用】

帐篷使用费（每人）：5,000 韩元

桌位使用费（4 人）：10,000 韩元

【营业时间】

<平日>

第一场：12:00–16:00

第二场：18:00–22:00

<周末>

第一场：11:00–14:00

第二场：15:00–18:00

第三场：19:00–22:00"
월요일12:00 ~ 22:00화요일12:00 ~ 22:00수요일12:00 ~ 22:00목요일12:00 ~ 22:00금요일12:00 ~ 22:00토요일11:00 ~ 22:00일요일11:00 ~ 22:00,星期一 12:00 ~ 22:00 星期二 12:00 ~ 22:00 星期三 12:00 ~ 22:00 星期四 12:00 ~ 22:00 星期五 12:00 ~ 22:00 星期六 11:00 ~ 22:00 星期日 11:00 ~ 22:00
서울하수도과학관,首尔下水道科学博物馆
서울시 성동구 자동차시장3길 64,首尔市城东区汽车市场3街64号
"[요금]
무료
[어린이 전시실 운영시간]
1회차 : 09-11시
2회차 : 11-13시
3회차 : 13-15시
4회차 : 15-17시
회당 관람인원은 50명으로 2시간씩 운영
[이용안내]
주차요금: 30분 무료 / 30분 초과 10분당 300원","【入场费】

免费
【儿童展厅开放时间】

第一场：9:00-11:00

第二场：11:00-13:00

第三场：13:00-15:00

第四场：15:00-17:00

每场限50人，时长2小时。

【停车须知】

停车费：前30分钟免费，之后每10分钟300韩元"
"어린이전시실은 1회차(09-11시), 2회차(11-13시), 3회차(13-15시), 4회차(15-17시)로 회차별 2시간씩 운영되며, 회당 최대 50명이 관람할 수 있습니다.",儿童展览馆分四个时段开放：第一时段（9-11点）、第二时段（11-13点）、第三时段（13-15点）和第四时段（15-17点），每个时段持续2小时，每个时段最多可容纳50名参观者。
"입장료는 무료입니다. 관람 시간은 화요일부터 일요일까지 오전 9시부터 오후 5시까지이며, 매주 월요일은 정기 휴관입니다.",免费入场。开放时间为周二至周日，上午9:00至下午5:00，每周一闭馆。
부산과학체험관,釜山科学体验中心
부산시 동구 중앙대로260번길 11,釜山市东区中央大路260号街11号
"[요금]
학생 및 학부모 - 무료
성인(학생 미동만) - 2,000원
주말 프로그램 - 변동
6세 미만 - 무료","【费用】学生及家长 - 免费

成人（仅限学生） - 2,000 韩元

周末课程 - 如有变更，恕不另行通知

6 岁以下儿童 - 免费"
월요일정기휴무화요일09:30 ~ 16:30수요일09:30 ~ 16:30목요일09:30 ~ 16:30금요일09:30 ~ 16:30토요일09:30 ~ 16:30일요일09:30 ~ 16:30,"周一休息

周二 09:30 ~ 16:30

周三 09:30 ~ 16:30

周四 09:30 ~ 16:30

周五 09:30 ~ 16:30

周六 09:30 ~ 16:30

周日 09:30 ~ 16:30"
"입장료는 학생 및 학부모는 무료, 성인(학생 미동반)은 2,000원, 6세 미만은 무료입니다. 주말 프로그램은 프로그램별로 요금이 변동될 수 있습니다.",学生及家长免费入场，成人（无人陪同）收费2000韩元，6岁以下儿童免费。周末活动费用可能因活动项目而异。
김천시청소년테마파크,金泉市青少年主题公园
"[요금]
평일(1시간) - 어린이존: 6,000원 / 청소년존: 10,000원 / 실내서핑장: 20,000원
주말(1시간) - 어린이존: 8,000원 / 청소년존: 12,000원 / 실내서핑장: 23,000원
추가 요금(10분당) - 어린이존: 1,000원 / 청소년존: 2,000원
범퍼카 이용: 2,000원
VR 체험: 5,000원
[이용안내]
어린이존: 10세 미만
청소년존: 10세 이상
실내서핑장: 130cm, 30kg 이상","【收费标准】

平日（1小时）- 儿童区：6,000韩元 / 青少年区：10,000韩元 / 室内冲浪区：20,000韩元

周末（1小时）- 儿童区：8,000韩元 / 青少年区：12,000韩元 / 室内冲浪区：23,000韩元

额外收费（每10分钟）- 儿童区：1,000韩元 / 青少年区：2,000韩元

碰碰车：2,000韩元

VR体验：5,000韩元

【使用指南】

儿童区：10岁以下

青少年区：10岁及以上

室内冲浪区：身高130厘米以上，体重30公斤以上"
"입장 시 구역별 1시간 기준 기본 이용요금을 선결제하고, 퇴장 시 초과 이용한 시간만큼 추가 요금을 정산합니다. 평일 기준 어린이존 6,000원, 청소년존 10,000원, 실내서핑장 20,000원이며, 주말 및 공휴일은 각각 8,000원, 12,000원, 23,000원입니다. 추가요금은 10분당 어린이존 1,000원, 청소년존 2,000원이 부과됩니다. 범퍼카(2,000원)와 VR 체험(5,000원)은 별도 요금이 적용되고, 결제는 카드가 가능합니다.","入场时，您需预付各区域的基本小时使用费，超出规定时间的部分费用需在离场时支付。平日儿童区收费6,000韩元，青少年区收费10,000韩元，室内冲浪区收费20,000韩元；周末及节假日收费分别为8,000韩元、12,000韩元和23,000韩元。儿童区每10分钟加收1,000韩元，青少年区每10分钟加收2,000韩元。碰碰车（2,000韩元）和VR体验（5,000韩元）需另行付费，并接受刷卡支付。"
서울로봇인공지능과학관,首尔机器人人工智能科学博物馆
서울특별시 도봉구 마들로13길 56,首尔市道峰区马德路13街56号
"[요금]
어린이(0~13세): 무료
청소년(중고등학생): 무료
성인(20~64세): 2,000원(3층 상설전시) / 무료(4층 기획전시)
성인(65세 이상): 무료
자세한 메뉴 및 요금은 첨부된 이미지를 확인해 주세요.
[이용안내]
예약 관람: 전시해설 (사전예약제)
서울특별시 공공서비스 예약 사이트 사전예약
선착순 접수 (정원 15명)
관람료: 무료
자유 관람
1층 전시물 3종(AI와 모빌리티, 자율주행 3단계, 트롤리 딜레마)
2층 상시체험프로그램(자율주행연구소, 로봇팔 스낵헌터, 안녕? 메디봇)
3층 전시물 2종(메타 휴머노이드 마스크봇, 푸드엔젤로봇)","【门票价格】

儿童（0-13岁）：免费

青少年（初中及高中学生）：免费

成人（20-64岁）：2,000韩元（三楼常设展览）/ 免费（四楼特展）

成人（65岁及以上）：免费

请查看附图了解详细菜单及费用。

【参观指南】

预约参观：导览（需提前预约）

请通过首尔市政府公共服务预约网站进行预约

先到先得（限15人）

入场费：免费

免费参观

一楼设有3个展区（人工智能与移动出行、L3级自动驾驶、电车困境）

二楼设有持续体验项目（自动驾驶实验室、机械臂零食猎人、Hello? Medibot）

三楼设有2个展区（元人形面具机器人、食物天使机器人）"
"관람 시간은 화~일요일 09:30~17:30이며, 월요일에는 휴관합니다. 입장료는 어린이(0~13세), 청소년(중고등학생), 65세 이상, 장애인 등은 무료이고, 성인(20~64세)은 3층 상설전시만 2,000원(4층 기획전시는 무료)입니다. 일부 공간(4층 기획전시실, 3층 상설전시실, 아뜰리에, 주말프로그램 등)은 서울시 공공서비스 예약사이트를 통해 사전 예약 후 이용해야 하며, 예약 없이 자유 관람도 가능한 공간(1층, 일부 2층, 일부 3층)이 있습니다. 예약 시 보호자 포함 인원 전체를 예약해야 하며, 현장 접수는 취소 수량에 한해 가능합니다. 주말에는 현장접수가 불가한 경우가 많으니 유의하세요.","博物馆开放时间为周二至周日9:30至17:30，周一闭馆。0至13岁儿童、初中及高中学生、65岁及以上老年人以及残疾人士免费入场。20至64岁成人参观三楼常设展览需支付2,000韩元门票（四楼特展免费）。部分区域（四楼特展厅、三楼常设展览厅、工作室、周末活动等）需通过首尔公共服务预约网站提前预约，部分区域（一楼、二楼部分区域及三楼部分区域）无需预约即可免费参观。预约时，请为所有参观者（包括监护人）进行预约；现场仅接受取消预约的情况。请注意，周末通常不提供现场预约服务。"
울산과학관,蔚山科学博物馆
"울산광역시 남구 남부순환도로 111 울산광역시교육연구정보원, 울산과학관",蔚山广域市教育研究信息研究所，蔚山广域市南区南部环路111号，蔚山科学博物馆
"[이용안내]
입장료 - 무료
휴게시간 - 12시 ~ 14시
VR체험 - 평일 14시 / 주말 11시, 14시, 15시 30분","【使用须知】

入场免费

休息时间：12:00 ~ 14:00

VR体验：平日 14:00 / 周末 11:00、14:00、15:30"
"울산과학관은 입장료가 무료입니다. 별도의 예약 없이 현장에서 바로 입장할 수 있습니다. 단, 인기 체험 프로그램(예: 일부 VR 체험 등)의 경우 홈페이지를 통한 사전 신청이 필요한 경우가 있으니, 해당 프로그램 참여를 원하시면 사전에 확인이 필요합니다.",蔚山科学博物馆免费入场，无需预约即可直接入馆。但请注意，部分热门体验项目（例如某些VR体验）可能需要提前通过官网注册，如有意参加，请提前查询。
국립수산과학원수산과학관,国立水产科学研究所水产科学博物馆
부산광역시 기장군 기장읍 기장해안로 216 수산과학원,国立水产科学研究所，釜山市机张郡机张邑机张海安路216号
"[요금]
무료
[이용안내]
입장 마감: 17시 30분
월요일이 공휴일인 경우 정상 개관","【入场费】

免费

【信息】

最后入场时间：17:30

如遇周一为公众假期，则照常开放"
"입장료는 무료입니다. 운영시간은 화~일요일 오전 9시부터 오후 6시까지이며, 입장 마감은 17시 30분입니다. 매주 월요일은 정기휴무이나, 월요일이 공휴일이면 정상 개관합니다.",免费入场。开放时间为周二至周日，上午9:00至下午6:00，最后入场时间为下午5:30。每周一闭馆，但若周一为公共假日，则照常开放。
인천학생과학관,仁川学生科学博物馆
인천광역시 중구 영종대로277번길 74-10 인천광역시교육청 교육과학정보원,仁川广域市教育科学信息中心，仁川市中区永宗大路277号街74-10
인천학생과학관은 입장료가 무료입니다. 운영시간은 화요일부터 일요일까지 오전 10시부터 오후 5시까지입니다. 월요일은 정기 휴무일입니다.,仁川学生科学博物馆免费入场。开放时间为周二至周日，上午10:00至下午5:00。周一闭馆。
부안누에타운,步安蚕镇
전북 부안군 변산면 참뽕로 434-20,全北扶安郡边山面昌峰路434-20
"[요금]
입장권 - 3,000원
어린이 및 청소년(5세~18세) - 1,500원
4세 이하 - 무료
부안 군민, 65세 이상 - 1,500원
성인 단체 할인(20명 이상, 외국인 5명 이상) - 2,000원
체험료 - 3,000원~15,000원
VR체험 - 3,000원(120cm이상 탑승 가능, 보호자 동반 필수)
[이용안내]
체험 프로그램마다 가격이 상이하니 홈페이지를 참고
관람 종료 1시간 전까지 매표 가능
월요일이 공휴일인 경우에는 화요일 휴관
부안군 소재 숙박 업소나 식당 방문 영수증 제시하면 성인 1,000원 할인","【费用】

入场券 - 3,000 韩元

儿童及青少年（5-18岁） - 1,500 韩元

4岁及以下儿童 - 免费

扶安市居民、65岁及以上老人 - 1,500 韩元

成人团体优惠（20人以上，5人以上外国游客） - 2,000 韩元

体验费 - 3,000 韩元至15,000 韩元

VR体验 - 3,000 韩元（身高120厘米以上者可体验；需监护人陪同）

【使用指南】

不同体验项目的价格有所不同，请参考官网。

门票可在闭馆前一小时购买。

如周一为节假日，则周二闭馆。

凭位于扶安郡的住宿或餐厅的收据，成人可享受 1000 韩元的折扣。"
"운영시간은 화~일요일 오전 9시~오후 6시입니다(월요일 정기휴무, 월요일이 공휴일이면 화요일 휴관). 입장료는 성인 3,000원, 어린이 및 청소년(5~18세), 부안군민, 65세 이상은 1,500원, 4세 이하는 무료입니다. 20명 이상 단체 및 외국인 5명 이상은 2,000원, 부안군 소재 숙박업소나 식당 방문 영수증 제시 시 성인 1,000원 할인이 적용되니 참고하세요.","开放时间为周二至周日，上午9:00至下午6:00（周一闭馆；如遇周一为节假日，则顺延至周二闭馆）。门票价格为：成人3,000韩元，5至18岁儿童及青少年、扶安郡居民、65岁及以上老人1,500韩元，4岁及以下儿童免费。20人以上团体及5人以上外国游客团体票价为2,000韩元。请注意，凭扶安郡住宿或餐饮消费收据，成人可享受1,000韩元的门票折扣。"
포천아트밸리,抱川艺术谷
경기도 포천시 신북면 아트밸리로 234,京畿道抱川市新北面艺术谷路234号
"[요금]
<입장료>
성인: 5,000원
청소년: 3,000원
어린이(초등학생): 1,500원
미취학 아동: 무료
<모노레일 요금>
성인: 4,300원(편도) / 5,300원(왕복)
청소년: 3,300원(편도) / 4,300원(왕복)
어린이: 3,300원(편도) / 2,600원(왕복)
[이용 안내]
매달 1번째 화요일 정기 휴무
입장 마감: 18시(월~목) / 20시(금~일)","【费用】

<入场费>

成人：5,000韩元

青少年：3,000韩元

儿童（小学生）：1,500韩元

学龄前儿童：免费

<单轨列车票价>

成人：4,300韩元（单程）/ 5,300韩元（往返）

青少年：3,300韩元（单程）/ 4,300韩元（往返）

儿童：3,300韩元（单程）/ 2,600韩元（往返）

【使用须知】

每月第一个星期二闭馆

最后入场时间：18:00（周一至周四）/ 20:00（周五至周日）"
월요일09:00 ~ 19:00화요일09:00 ~ 19:00수요일09:00 ~ 19:00목요일09:00 ~ 19:00금요일09:00 ~ 22:00토요일09:00 ~ 22:00일요일09:00 ~ 20:00,星期一 09:00 ~ 19:00 星期二 09:00 ~ 19:00 星期三 09:00 ~ 19:00 星期四 09:00 ~ 19:00 星期五 09:00 ~ 22:00 星期六 09:00 ~ 22:00 星期日 09:00 ~ 20:00
"포천아트밸리의 미취학 아동은 입장료와 모노레일 탑승료가 무료입니다. 어린이(초등학생)는 입장료 1,500원, 모노레일 왕복 2,600원(편도 3,300원), 청소년은 입장료 3,000원, 모노레일 왕복 4,300원(편도 3,300원), 성인은 입장료 5,000원, 모노레일 왕복 5,300원(편도 4,300원)입니다. 매달 첫 번째 화요일은 정기휴무일이니 참고해주세요.",抱川艺术谷对学龄前儿童免费开放，并可免费乘坐单轨列车。儿童（小学生）门票为1500韩元，单轨列车往返票价为2600韩元（单程3300韩元）；青少年门票为3000韩元，单轨列车往返票价为4300韩元（单程3300韩元）；成人门票为5000韩元，单轨列车往返票价为5300韩元（单程4300韩元）。请注意，每月第一个星期二闭馆。
싱가포르 사이언스 센터,新加坡科学馆
"15 Science Centre Rd, 싱가포르 609081",新加坡科学馆路15号，邮编609081
"14개 갤러리, 1,000여 개의 인터랙티브 전시
다양한 주제로 꾸며진 갤러리마다 직접 만지고, 실험하며 체험할 수 있는 전시들이 가득합니다. ‘눈의 착시’, ‘거울 미로’, ‘지구와 환경’ 등 여러 주제를 통해 아이들이 과학의 원리를 자연스럽게 익힐 수 있습니다.
특별 전시 및 이색 체험
‘공포증 – 공포의 과학’ 등 감정과 심리, 자연의 신비 등 다양한 특별 전시가 마련되어 있으며, ‘불토네이도쇼’ 같은 실험 데모, ‘대왕 바퀴벌레 관찰’, ‘천문대에서의 별 관찰’ 등 일별 이벤트도 운영됩니다.
키즈스톱(KidsSTOP)
만 8세 이하 아이들이 과학과 기술을 놀이처럼 배우는 공간으로, 작은 아이들이 안전하게 즐길 수 있는 체험 위주로 설계되어 있습니다.
옴니 극장(Omni-Theatre)
싱가포르 유일의 돔형 IMAX 극장으로, 웅장한 스케일의 과학 다큐멘터리와 자연 영상을 즐길 수 있습니다.
스노우 시티(Snow City)
실내에서 영하의 눈을 즐길 수 있는 공간으로, 눈썰매와 눈사람 만들기 등 겨울 놀이를 체험할 수 있습니다.
사이언스 센터를 이용하면 야외 물놀이장을 무료로 이용할 수 있습니다. 물놀이장을 이용할 계획이라면 수영복과 여벌의 옷, 마실 물을 준비하세요.
‘사이언스 센터 옆’에는 실내 놀이시설 ‘키즈스탑’이 있으며, 어린 나이의 아이에게 적합합니다. 물놀이장까지 즐기고 싶다면 사이언스 센터와 키즈스탑 패키지 구매를 추천합니다.
온라인 예매만 가능하며 홈페이지나 해외 예약 사이트를 통해서만 티켓을 구매할 수 있습니다. 티켓 구매 후에는 큐알을 보여주고 입장해야 하며, 재입장도 가능합니다.
식사는 가격대가 높은 센터 음식점보다 근처 역으로 건너가 다양한 음식을 즐기는 것을 추천합니다.
대중교통 접근성이 뛰어나 주롱 이스트 MRT역에서 도보 8분 거리에 있으며, 실내 공간도 넓고 쾌적하여 날씨에 상관없이 방문 가능합니다.
성인: SGD 12 (한화 약 12,000원)
어린이(3~12세): SGD 8 (한화 약 8,000원)
자세한 요금은 방문 전에 예약 창에서 확인하세요.","14 个展厅，超过 1000 个互动展览

每个展厅都围绕不同的主题，陈列着琳琅满目的展品，让参观者可以亲身触摸、体验和实验。孩子们可以通过“光学错觉”、“镜子迷宫”和“地球与环境”等主题，自然而然地学习科学原理。

特别展览和独特体验

这里提供各种特别展览，涵盖情感、心理学和自然奥秘，例如“恐惧症——恐惧的科学”。此外，每天都会举办各种活动，包括“火焰龙卷风表演”、“巨型蟑螂观察”和“天文台观星”等实验演示。

儿童乐园 (KidsSTOP)

这是一个专为 8 岁及以下儿童打造的科学技术学习空间，孩子们可以在游戏中学习科学和技术，体验各种寓教于乐的互动活动，安全又有趣。

全景影院

新加坡唯一的穹顶式IMAX影院，游客可在此欣赏气势恢宏的科学纪录片和自然影片。雪城

这是一个室内空间，您可以体验零下低温的雪景，并参与滑雪橇、堆雪人等冬季活动。

参观科学馆即可免费使用室外水上乐园。如果您计划使用水上乐园，请携带泳衣、换洗衣物和饮用水。

科学馆旁设有室内儿童游乐设施“儿童乐园”，适合幼儿游玩。如果您也想体验水上乐园，我们建议您购买科学馆和儿童乐园套票。

门票仅可通过官网或国际订票网站预订。购票后，请出示二维码入场，可多次入场。

餐饮方面，我们建议您前往附近的车站享用各种美食，而非在科学馆内价格较高的餐厅用餐。

这里交通便利，距离裕廊东地铁站仅需步行8分钟。室内空间宽敞舒适，无论天气如何，都是理想的休闲场所。成人：12 新加坡元（约 12,000 韩元）

儿童（3-12岁）：8 新加坡元（约 8,000 韩元）

请在到访前查看预订页面了解详细价格。"
"사이언스 센터 입장권은 온라인 사전 예매만 가능하며 공식 홈페이지 또는 해외 예약 사이트에서 구매할 수 있습니다. 성인은 SGD 12, 어린이(3~12세)는 SGD 8입니다. 3세 미만 어린이는 무료 입장입니다. 현장 구매도 수용 인원에 따라 당일 가능할 수도 있으나, 사전에 예매하는 것이 안전합니다. 입장 시 QR코드를 제시하며 재입장도 허용됩니다. 옴니 극장, 키즈스탑 등 일부 부대시설은 별도 요금이 적용됩니다.",科学中心的门票仅可通过在线预订购买，可在官方网站或国际预订网站购买。成人票价为12新加坡元，儿童票价（3-12岁）为8新加坡元。3岁以下儿童免费入场。虽然当天可能允许现场购票，但为了安全起见，建议提前预订。凭入口处的二维码可再次入场。部分设施，例如全景剧院和儿童乐园，需另行付费。
에코누리 구미시 탄소제로교육관,Eco-Nuri 龟尾市碳零排放教育中心
경북 구미시 금오산로 336-97,庆尚北道龟尾市金乌山路 336-97
"관람 및 체험은 사전 온라인 예약이 원칙이나, 전시실의 경우 예약 인원이 미달될 시 현장 접수도 가능합니다. 특히 실내놀이터(에코정글랜드)는 사전 예약이 필수입니다. 모든 전시와 체험, 프로그램 이용은 무료입니다.",所有参观和体验活动均需提前在线预约；但展厅如预约名额未满，也可现场报名。尤其需要注意的是，室内游乐场（生态丛林乐园）必须提前预约。所有展览、体验活动和项目均免费。
울산중구어린이역사과학체험관,蔚山中区儿童历史科学体验中心
울산광역시 중구 새즈믄해거리 37,蔚山广域市中区新济门海街 37
"[요금]
1인 - 3,000원","【价格】

每人 3,000 韩元"
"입장료는 1인당 3,000원입니다. 울산 중구 시민은 신분증 제시 시 입장료 할인을 받을 수 있습니다.",门票价格为每人3000韩元。蔚山中区居民凭身份证可享受门票折扣。
나로우주센터 우주과학관,纳罗航天中心太空科学博物馆
전남 고흥군 봉래면 하반로 490,全罗南道高兴郡峰莱面哈番路 490
"[요금]
성인: 3,000원
청소년/어린이: 1,500원
미취학 어린이:(7세 이하): 무료
[이용안내]
입장 마감: 17시
월요일이 공휴일인 경우 다음날 휴무","【门票】

成人：3,000韩元

青少年/儿童：1,500韩元

学龄前儿童（7岁及以下）：免费

【参观须知】

最后入场时间：17:00

如遇周一为节假日，则顺延至次日闭馆"
"우주과학관은 화요일부터 일요일까지 오전 10시부터 오후 5시 30분까지 운영되며, 입장 마감은 오후 5시입니다. 매주 월요일은 정기 휴무이고, 월요일이 공휴일인 경우 다음날 휴무입니다.",太空科学博物馆周二至周日开放，时间为上午10:00至下午5:30，最后入场时间为下午5:00。博物馆每周一闭馆，如果周一是公共假日，则顺延至下一个工作日闭馆。
"입장료는 성인 3,000원, 청소년 및 어린이 1,500원이며, 미취학 어린이(7세 이하)는 무료입니다. (참고: 4D영상관은 내부 사정으로 운영이 중단되었습니다.)",成人票价为3000韩元，青少年及儿童票价为1500韩元；7岁及以下学龄前儿童免费。（注：4D影院因内部原因暂时关闭。）
국립대구기상과학관,大邱国立气象科学博物馆
대구광역시 동구 효동로2길 10 대구지방기상청,大邱地区气象局，大邱广域市东区孝东路2街10号
"[요금]
성인: 2,000원
초등학생 이상: 1,000원
미취학 아동: 무료
단체 요금은 할인가가 적용되니 자세한 사항은 첨부된 사진을 확인해 주세요.
전용 주차장 사용 가능(무료)","【费用】

成人：2,000 韩元

小学生及以上：1,000 韩元

学龄前儿童：免费

团体票价优惠，详情请见附图。

设有专用停车场（免费）"
월요일정기 휴무화요일9:30 ~ 17:30수요일9:30 ~ 17:30목요일9:30 ~ 17:30금요일9:30 ~ 17:30토요일9:30 ~ 17:30일요일9:30 ~ 17:30,"周一休息

周二 9:30 ~ 17:30

周三 9:30 ~ 17:30

周四 9:30 ~ 17:30

周五 9:30 ~ 17:30

周六 9:30 ~ 17:30

周日 9:30 ~ 17:30"
"국립대구기상과학관에는 전용 주차장이 마련되어 있으며, 주차 요금은 무료입니다.",大邱国立气象科学博物馆设有专用停车场，停车免费。
최무선과학관,崔慕善科学博物馆
경북 영천시 금호읍 창산길 100-29,庆尚北道永川市锦湖邑昌山路100-29
"[요금]
입장료: 무료
4D체험
요금: 18세 이하 1,000원 / 성인 2,000원
시간표: 10시 30분 / 11시 30분 / 13시 30분 / 14시 30분 / 15시 30분
한 타임 당 최대 인원: 38명
5분 전 결제 마감, 예약 가능
상영 시간: 15 ~ 20분
VR체험
요금: 1000원 (대소인 공통)
시간표: 10시 ~ 10시 40분 / 13시 ~ 14시 40분 / 15시 ~ 16시 40분
한 타임 당 최대 인원: 20명
10분 전 결제 마감, 예약 가능
인당 체험 시간: 8~10분","【费用】

入场：免费

4D体验

费用：1,000韩元（18岁以上）/ 2,000韩元（成人）

时间：10:30 / 11:30 / 1:30 / 14:30 / 15:30

每场最多容纳人数：38人

付款截止时间为活动开始前5分钟，可预约

时长：15~20分钟

VR体验

费用：1,000韩元（成人及儿童）

时间：10:00~10:40 / 1:00~14:40 / 15:00~16:40

每场最多容纳人数：20人

付款截止时间为活动开始前10分钟，可预约

每人体验时间：8~10分钟"
"최무선과학관의 관람 시간은 화요일부터 일요일까지 오전 10시부터 오후 5시까지이며, 매주 월요일은 정기 휴무입니다.",崔慕善科学博物馆的开放时间为周二至周日上午 10:00 至下午 5:00，每周一闭馆。
최무선과학관은 입장료가 무료입니다. 전용 주차장이 넉넉하게 마련되어 있어 방문객 누구나 무료로 이용할 수 있습니다.,崔慕善科学博物馆免费入场。所有游客均可免费使用充足的专用停车位。
제천한방엑스포공원한방생명과학관,堤川东方医学博览会公园东方医学生命科学博物馆
충북 제천시 한방엑스포로 19,忠北堤川市汉邦博览会路 19
"[요금]
무료
[이용안내]
운영시간 - 하절기 09:00~17:30 / 동절기 09:00~17:00","【费用】

免费

【使用须知】

营业时间 - 夏季 09:00~17:30 / 冬季 09:00~17:00"
한방생명과학관의 입장료는 무료입니다. 일부 특별 체험 프로그램은 현장 상황에 따라 유료로 운영될 수 있으니 구체적인 금액이나 운영 여부는 방문 전 사전 문의하시기 바랍니다.,东方医学生命科学博物馆免费入场。部分特色体验项目可能根据现场情况收取费用，请在参观前提前咨询具体费用和项目安排。
경기도교육청미래과학교육원,京畿道教育厅未来科学教育中心
경기도 수원시 장안구 수일로 135 경기과학고등학교 경기도교육청미래과학교육원,京畿道科学高中，京畿道水原市长安区水日路135号，京畿道教育厅未来科学教育中心
"[요금]
무료
[이용안내]
휴게시간 12:30~13:30","【费用】

免费

【使用指南】

休息时间：12:30~13:30"
월요일정기휴무화요일09:30 ~ 17:00수요일09:30 ~ 17:00목요일09:30 ~ 17:00금요일09:30 ~ 17:00토요일09:30 ~ 17:00일요일09:30 ~ 17:00,"周一休息

周二 09:30 ~ 17:00

周三 09:30 ~ 17:00

周四 09:30 ~ 17:00

周五 09:30 ~ 17:00

周六 09:30 ~ 17:00

周日 09:30 ~ 17:00"
경기도교육청미래과학교육원은 입장료와 주차비가 모두 무료입니다. 모든 전시관 및 체험 프로그램도 무료로 운영되고 있습니다. 현장에서 별도의 결제는 필요하지 않습니다.,京畿道教育厅未来科学教育中心免费入场，免费停车。所有展厅和体验项目也均免费。现场无需额外付费。
화포천습지과학관,华浦川湿地科学博物馆
경남 김해시 진영읍 진영로265번길 330,庆尚南道金海市进荣邑进荣路265街330
"[요금]
관람료: 무료
[주말 이용]
운영 방식 - 사전 예약제(당일 예약인원 미달 시에만 현장 접수 가능)
관람 시간 - 오전: 09시~13시(입장마감: 12시)/오후: 13시 30분~18시(입장마감: 17시)","【费用】

入场：免费

【周末开放】

运营方式：提前预约（如预约名额未满，可现场入场）

开放时间：上午：09:00–13:00（最晚入场时间：12:00）/ 下午：13:30–18:00（最晚入场时间：17:00）"
대전 신세계 넥스페리움,大田新世界Nexperium
대전광역시 유성구 엑스포로 1,大田市儒城区世博路1号
"[이용안내]
입장료: 22,000원
가을시즌 무제한 입장권: 50,000원
일요일 전용 3인 패키지: 45,000원
만들기 프로그램: 10,000원
요금은 방문 전 확인하시는 걸 추천드려요.
입장 마감 시간: 17시 30분","【使用信息】

门票：22,000 韩元

秋季无限次入场券：50,000 韩元

周日三人专属套票：45,000 韩元

手工艺体验项目：10,000 韩元

建议您在参观前查询价格。

最后入场时间：17:30"
월요일10:30 ~ 19:00화요일10:30 ~ 19:00수요일10:30 ~ 19:00목요일10:30 ~ 19:00금요일10:30 ~ 19:00토요일10:30 ~ 19:00일요일10:30 ~ 19:00,星期一 10:30 ~ 19:00 星期二 10:30 ~ 19:00 星期三 10:30 ~ 19:00 星期四 10:30 ~ 19:00 星期五 10:30 ~ 19:00 星期六 10:30 ~ 19:00 星期日 10:30 ~ 19:00
국립충주기상과학관,国立忠州气象科学博物馆
충북 충주시 번영대로 270-10,忠北忠州市法宁大路 270-10
"바람, 구름, 비, 눈 등 기상현상에 숨겨진 원리를 알기 쉽게 설명하는 다양한 전시 공간
4D 입체영상관 및 기상캐스터 체험관 등 최신 미디어를 활용한 체험형 전시
아이들이 카메라 앞에서 일기예보를 진행하며 기상캐스터가 된 듯한 색다른 경험
지구 라이브: 현재 지구의 날씨와 대기 오염 상태를 실시간으로 확인할 수 있는 공간
재미있는 놀이방과 1,000권이 넘는 책이 마련된 북카페로 휴식 공간도 잘 갖춰짐
운영시간: 화요일~일요일 10:00~17:30 (입장마감 17:00)
휴관일: 매주 월요일, 1월 1일, 설·추석 당일
지원되는 편의시설: 주차
지원되지 않는 편의시설: 아기의자, 수유실, 기저귀교환대, 유모차대여, 예약
어른: 2,000원
청소년 및 어린이: 1,000원
만 6세 이하: 무료
전시해설: 10:00 / 13:00 / 15:00
2층 체험교육실: 11:00 / 14:00 / 16:00
날씨를 과학과 연계하여 실험해 보고 체험해 볼 수 있는 시설들이 많아서 아이들이 흥미로워합니다.
초등학생 이상인 아이들이 방문하면 더 좋아할 것 같습니다.
2층에는 유아를 위한 볼 풀장이 있고 볼풀장 앞에 앉아 쉴 수 있는 소파와 정수기가 있습니다.
박물관 옆 야외공간에 어린이를 위한 놀이터가 있습니다.
입장권을 발권하면 1일 동안 자유롭게 들어갔다 나왔다 할 수 있어서 야외에서 놀다가 또 들어가서 박물관에서 관람할 수 있습니다.
곳곳에 포토존이 마련되어 있습니다.
전시해설 프로그램과 체험 프로그램을 운영하고 있고 전화로 예약 가능합니다.
1층에서 아이들이 책을 볼 수 있는 공간이 있고 스탬프를 찍거나 그림을 그릴 수 있는 공간이 있습니다.
2층에 물품 보관함이 있고 박물관 안이 더우니 두터운 잠바는 보관함에 보관하고 관람하는 것을 추천합니다.
주차장에 주차하고 2층으로 올라가면 입장하는 곳이 나옵니다.
충주시청에서 차로 약 6분 거리로 접근이 용이하며, 자가용 이용 시 무료 주차장이 제공됩니다.
버스는 777번, 888번을 타고 ‘충주원예농협’ 또는 ‘연수힐스테이트’에서 하차 후 도보 약 10분 소요됩니다.
다양한 체험 중심 전시로 아이들의 오감을 자극하며, 과학적 호기심을 키워줍니다.
가족 단위 방문객을 위한 편의시설(놀이방, 북카페 등)이 잘 갖춰져 있습니다.
일상에서 흔히 겪는 자연현상을 과학적으로 이해하고 환경 보호의 중요성을 자연스럽게 느낄 수 있습니다.
아이뿐만 아니라 어른도 새로운 지식을 배울 수 있는 유익한 나들이 코스입니다.
자연, 과학에 관심 많은 어린이와 학부모
체험형 학습과 실내 활동을 선호하는 가족
날씨 현상에 대한 궁금증이 많은 아이와 함께 특별한 경험을 원하는 가족","各种展览空间，以通俗易懂的方式讲解风、云、雨、雪等天气现象的基本原理。

运用最新媒体技术的体验式展览，包括4D立体影院和天气预报员体验馆。

孩子们可以在这里体验成为天气预报员的独特经历，在镜头前播报天气预报。

地球实时：您可以在这里实时查看地球当前的天气和空气污染状况。

设施齐全的休闲区，设有趣味游戏室和藏书超过1000册的图书咖啡厅。

开放时间：周二至周日 10:00–17:30（最后入场时间为17:00）

闭馆日：每周一、1月1日、农历新年、中秋节（韩国感恩节）

提供的设施：停车场

不提供的设施：儿童座椅、哺乳室、尿布更换台、婴儿车租赁、预约

成人： 2,000 韩元

青少年及儿童：1,000 韩元

6 岁及以下儿童：免费

展览讲解：10:00 / 13:00 / 15:00

二楼体验教育室：11:00 / 14:00 / 16:00

孩子们会觉得这里很有趣，因为有很多设施可以让他们结合科学进行实验，体验天气变化。

我认为小学生及以上年龄段的孩子会更喜欢这里。

二楼设有幼儿球池，球池前配有沙发和饮水机，方便孩子们休息。

博物馆旁边的户外空间设有儿童游乐场。

购买门票后，您可以在一天内自由出入，先在户外玩耍，然后再返回博物馆参观展览。

博物馆内设有多个拍照区。

展览提供讲解服务和互动体验项目，可通过电话预约。

一楼设有儿童阅读区，以及盖章和绘画区。

二楼设有储物柜；由于馆内可能较热，建议参观前将厚外套存放于储物柜中。

将车停在停车场后，前往二楼即可找到入口。交通便利，距离忠州市政府约6分钟车程，自驾游客可免费停车。

乘坐777路或888路公交车，在“忠州园艺合作社”或“延寿山州”站下车，步行约10分钟即可到达。

各种互动展品能够激发儿童的五感，培养他们的科学好奇心。

馆内设施齐全，包括游戏室、书吧等，方便家庭游客参观。

游客可以科学地了解日常生活中常见的自然现象，并自然而然地感受到环境保护的重要性。

这是一项有益的户外活动，儿童和成人都能从中学习新知识。

适合人群：对自然和科学感兴趣的儿童和家长

喜欢动手实践和室内活动的家庭

希望与对天气现象充满好奇的孩子一起体验特别经历的家庭"
"어른은 2,000원, 청소년 및 어린이는 1,000원이며, 만 6세 이하 유아는 무료로 입장할 수 있습니다.",成人门票2000韩元，青少年及儿童门票1000韩元，6岁以下儿童免费入场。
어메이징파크,令人惊叹的公园
경기도 포천시 신북면 탑신로 860,京畿道抱川市新北面塔新路860
"[요금]
어메이징+과학관패키지: 9,500원
어메이징 입장료/야외코스: 5,500원
짚라인: 10,000원(짚라인만 단독 이용 불가)
36개월 미만은 무료
[프로그램]
어메이징 + 과학관패키지
: 입장료 + 서스펜션브릿지 + 히든브릿지 + 나인존 + 솔트가든 + 과학관 + 어메이징스윙 + 치유의숲
어메이징 입장료 (야외코스)
입장료 + 서스펜션브릿지 + 히든브릿지 + 나인존 + 솔트가든 + 치유의숲
[이용안내]
입장마감 16시
연휴 및 공휴일 정상 운영","【费用】

奇妙科学博物馆套票：9,500 韩元

奇妙门票/户外路线：5,500 韩元

高空滑索：10,000 韩元（高空滑索不可单独使用）

36 个月以下儿童免费

【项目】

奇妙科学博物馆套票

：门票 + 吊桥 + 隐秘桥 + 九大区域 + 盐园 + 科学博物馆 + 奇妙秋千 + 疗愈森林

奇妙门票（户外路线）

门票 + 吊桥 + 隐秘桥 + 九大区域 + 盐园 + 疗愈森林

【使用须知】

最后入场时间为下午 4 点

节假日照常开放"
월요일정기휴무화요일정기휴무수요일10:00 ~ 18:00목요일10:00 ~ 18:00금요일10:00 ~ 18:00토요일10:00 ~ 18:00일요일10:00 ~ 18:00,"周一、周二休息

周三 10:00 ~ 18:00

周四 10:00 ~ 18:00

周五 10:00 ~ 18:00

周六 10:00 ~ 18:00

周日 10:00 ~ 18:00"
"[요금] 어메이징+과학관패키지: 9,500원 / 어메이징 입장료(야외코스): 5,500원 / 짚라인: 10,000원(입장권 소지자만 이용 가능, 단독 이용 불가) / 36개월 미만 무료입니다. 주차는 무료로 제공됩니다. 현장 구매보다 네이버 예매 등 온라인 예매 시 인당 500원 저렴하게 이용할 수 있습니다.","【费用】奇妙科学博物馆套票：9,500韩元 / 奇妙科学博物馆门票（户外路线）：5,500韩元 / 高空滑索：10,000韩元（仅限凭门票体验，不可单独使用）/ 36个月以下儿童免费。提供免费停车位。通过Naver Booking等网站在线预订，比现场购票每人可节省500韩元。"
청주랜드 신재생에너지체험관,清州土地新能源及可再生能源体验中心
충북 청주시 상당구 명암로 171,忠清北道清州市上堂区名岩路 171
입장료는 무료입니다. 현재(기존 정보 기준) 예약은 지원되지 않습니다. 현장 방문으로 이용할 수 있습니다.,免费入场。目前（根据​​现有信息），暂不接受预约。您可以直接前往参观。
삽교호 해양테마체험관,萨普京湖海洋主题体验中心
충남 당진시 신평면 삽교천3길 79,忠清南道唐津市新平面沙桥川3街79号
"[요금]
함상공원+해양테마과학관 대인 - 10,000원
함상공원+해양테마과학관 소인 - 9,000원
함상공원+해양테마과학관 우대 - 7,000원","【门票】

海军公园 + 海洋主题科学博物馆 成人票 - 10,000 韩元

海军公园 + 海洋主题科学博物馆 儿童票 - 9,000 韩元

海军公园 + 海洋主题科学博物馆 优惠票 - 7,000 韩元"
"함상공원과 해양테마과학관의 입장료는 대인 10,000원, 소인 9,000원, 우대 7,000원입니다. 운영시간은 화~일요일 09:00~18:00까지이며, 매주 월요일은 정기휴무입니다.","海军舰艇公园暨海洋主题科学博物馆的门票价格为：成人10,000韩元，儿童9,000韩元，优惠票7,000韩元。开放时间为周二至周日9:00至18:00，每周一闭馆。"
광명시영유아체험센터,光明市婴幼儿体验中心
경기도 광명시 연서일로 25 광명동초등학교 광명동초등학교복합 어울마당 지하1층,京畿道光明市延世路25号光明洞小学综合楼Eoulmadang B1F
"경기도 광명시 연서일로 25, 광명동초등학교 복합시설 어울마당 지하 1층
월요일: 정기휴무
화요일~일요일: 10:00~17:30
지원되는 편의시설: 수유실, 주차(최초 2시간까지 무료, 추가 10분당 400원), 예약
지원되지 않는 편의시설: 아기의자, 기저귀교환대, 유모차대여
수유실, 기저귀교환대, 정수기, 전자레인지가 모두 갖춰져 있어 영유아를 돌보기에 좋습니다.
과학전시실, 다양한 체험 프로그램실, 영유아 놀이실로 공간이 구성되어 있습니다.
코딩 교육, 요리 등 다양한 프로그램이 있으며, 프로그램은 시기에 따라 변동되니 예약 시 확인 부탁드립니다.
정글짐과 미끄럼틀이 있는 작은 놀이실이 있으며, 물품보관함에 외투와 가방을 보관한 후 입장하실 수 있습니다.
과자, 빵 등 간단한 간식은 휴게실에서 취식 가능하지만, 배달음식이나 냄새가 강한 음식은 반입할 수 없습니다.
다자녀 가정은 무료로 입장 가능하며, 광명시민은 50% 할인됩니다.
요금

개인(7세 이하): 2,000원
개인(8세 이상): 4,000원
광명시민(7세 이하): 1,000원
광명시민(8세 이상): 2,000원
개인(7세 이하): 2,000원
개인(8세 이상): 4,000원
광명시민(7세 이하): 1,000원
광명시민(8세 이상): 2,000원
프로그램

로봇 친구랑 코딩 뚝딱
대상: 만 5세
비용: 5,000원
꼬마셰프의 요리여행
대상: 만 4~5세 어린이 및 보호자
비용: 5,000원
로봇 친구랑 코딩 뚝딱
대상: 만 5세
비용: 5,000원
대상: 만 5세
비용: 5,000원
꼬마셰프의 요리여행
대상: 만 4~5세 어린이 및 보호자
비용: 5,000원
대상: 만 4~5세 어린이 및 보호자
이용안내

운영시간: 1회차(10시~12시), 2회차(13시~15시), 3회차(15시 30분~17시 30분)
운영시간: 1회차(10시~12시), 2회차(13시~15시), 3회차(15시 30분~17시 30분)","京畿道光明市延世路25号光明洞小学二楼

周一：休息

周二至周日：10:00-17:30

可用设施：哺乳室、停车场（前2小时免费，之后每10分钟400韩元）、预约

不可用设施：儿童座椅、换尿布​​台、婴儿车租赁

本设施配备哺乳室、换尿布台、净水器和微波炉，是照护婴幼儿的理想之选。

空间包括科学展览室、各种体验活动室和婴幼儿游戏室。

提供多种课程，包括编程教育和烹饪课程。请注意，课程安排会随季节变化，请在预约时确认。

这里有一个小型游戏室，配备了攀爬架和滑梯。您可以将外套和包存放在储物柜中后再进入。

休息室里可以吃些简单的零食，例如饼干和面包，但禁止携带外卖食品或气味浓烈的食物。多子女家庭可免费入场，光明市居民可享受50%的折扣。费用

个人（7岁及以下）：2,000韩元

个人（8岁及以上）：4,000韩元

光明市居民（7岁及以下）：1,000韩元

光明市居民（8岁及以上）：2,000韩元

个人（7岁及以下）：2,000韩元

个人（8岁及以上）：4,000韩元

光明市居民（7岁及以下）：1,000韩元

光明市居民（8岁及以上）：2,000韩元

课程
与机器人朋友一起编程

目标人群：5岁及以上

费用：5,000韩元

小小厨师的烹饪之旅

目标人群：4-5岁儿童及其监护人

费用：5,000韩元赢取

与机器人朋友一起编程

目标人群：5岁及以上

费用：5,000韩元

目标人群：5岁及以上

费用：5,000韩元

小小厨师的烹饪之旅

目标人群：4-5岁儿童及其监护人

费用：5,000韩元

目标受众：4-5岁儿童及其监护人

使用指南

开放时间：第一场（10:00-12:00），第二场（1:00-15:00），第三场（15:30-17:30）

开放时间：第一场（10:00-12:00），第二场（1:00-15:00），第三场（15:30-17:30）"
"입장료는 개인(7세 이하) 2,000원, 개인(8세 이상) 4,000원이며, 광명시민은 각각 1,000원과 2,000원으로 50% 할인이 적용됩니다. 다자녀 가정은 입장료가 무료입니다. 주요 이용 대상은 영유아 및 보호자입니다.",门票价格为：7岁及以下儿童2000韩元，8岁及以上儿童4000韩元。光明市居民可享受50%的折扣，票价分别为1000韩元和2000韩元。多子女家庭免费入场。主要服务对象为婴幼儿及其监护人。
판교환경생태학습원,板桥环境生态学习中心
경기도 성남시 분당구 대왕판교로645번길 21 판교생태학습원,京畿道城南市盆唐区大王板桥路645街21号板桥生态学习中心
판교환경생태학습원은 입장료가 무료입니다. 지하주차장을 2시간 무료로 이용할 수 있습니다. 2시간 이후에는 추가 요금이 발생할 수 있으니 참고해 주세요.,板桥环境生态学习中心免费入场。地下停车场可免费使用2小时，超过2小时可能需额外收费。
한울에너지팜,韩力能源农场
경북 울진군 북면 울진북로 2040,庆尚北道蔚珍郡北面蔚珍北路2040号
월요일09:00 ~ 17:00화요일09:00 ~ 17:00수요일09:00 ~ 17:00목요일09:00 ~ 17:00금요일09:00 ~ 17:00토요일10:00 ~ 16:00일요일10:00 ~ 16:00,星期一 09:00 ~ 17:00 星期二 09:00 ~ 17:00 星期三 09:00 ~ 17:00 星期四 09:00 ~ 17:00 星期五 09:00 ~ 17:00 星期六 10:00 ~ 16:00 星期日 10:00 ~ 16:00
국립광주과학관,光州国立科学博物馆
광주 북구 첨단과기로 235,光州广域市北区瞻丹瓜吉路 235
"[요금]
상설전시관 입장료
어른: 3,000원 / 청소년 및 어린이: 2,000원 / 유아(유치원생), 경로, 우대고객: 면제
특수영상관
어른: 1,500원 / 청소년 및 어린이: 1,500원 / 유아(유치원생), 경로, 우대고객: 1,500원
스페이스 360
어른: 3,000원 / 청소년 및 어린이: 3,000원 / 유아: - / 경로, 우대고객: 1,500원
아이누리관
어른: 1,000원 / 청소년 및 어린이: - / 유아: 1,000원 / 경로, 우대고객: 면제
어린이과학관
개인: 2,000원 / 단체(20인이상): 1,500원
자세한 요금은 첨부된 이미지를 확인해 주세요.
[이용안내]
휴관일: 매주 월요일(월요일이 공휴일인 경우 공휴일 다음날), 1월 1일, 기타 지정일
입장마감: 16시 30분","【门票】

常设展厅门票

成人：3,000韩元 / 青少年及儿童：2,000韩元 / 幼儿（幼儿园）、老年人、优惠人群：免费

特效展厅

成人：1,500韩元 / 青少年及儿童：1,500韩元 / 幼儿（幼儿园）、老年人、优惠人群：1,500韩元

Space 360​​

成人：3,000韩元 / 青少年及儿童：3,000韩元 / 幼儿：免费 / 老年人、优惠人群：1,500韩元

爱之馆

成人：1,000韩元 / 青少年及儿童：免费 / 幼儿：1,000韩元 / 老年人、优惠人群：免费

儿童科学馆

个人：2,000韩元 / 团体：免费（20人及以上）：1,500韩元

请查看附图了解详细价格。

【信息】

休息日：每周一（如周一为节假日，则顺延至节假日次日）、1月1日及其他指定日期

最后入场时间：16:30"
"상설전시관 입장료는 어른 3,000원, 청소년 및 어린이 2,000원, 유아(유치원생), 경로, 우대고객은 무료입니다. 시설별로 입장료가 다르니 사전에 확인하세요. 주차 요금은 일반 차량 2,000원(1일), 경차 또는 친환경차 1,000원(50% 할인)이며, 장애인과 유공자는 주차요금이 면제됩니다.",常设展厅门票成人3000韩元，青少年及儿童2000韩元，婴幼儿（幼儿园小朋友）、老年人及优惠顾客免费。各场馆门票价格有所不同，请提前查询。停车费普通车辆每日2000韩元，小型车或环保车辆每日1000韩元（半价）；残疾人及功勋人士免停车费。
타이페이 시립 천문과학교육관,台北市天文科学教育中心
강원특별자치도 횡성군 우천면 전재로16번길 81,江原道横城郡乌川面全才路16街81
"[요금]
<전시장>
일반(12세 이상): 40 대만달러
어린이(만 6세~11세): 20 대만달러
유아(6세 미만), 장애인: 무료
<극장(돔 극장&3d 극장)>
일반(12세 이상): 100 대만달러
어린이(12세 미만): 50 대만달러
장애인: 무료
<우주모험>","【入场费】

<展览馆>

成人（12岁及以上）：40新台币

儿童（6～11岁）：20新台币

婴幼儿（6岁以下）、残障人士：免费

<剧院（球幕影院及3D影院）>

成人（12岁及以上）：100新台币

儿童（12岁以下）：50新台币

残障人士：免费

<太空探险>"
월요일정기휴무화요일09:00 ~ 17:00수요일09:00 ~ 17:00목요일09:00 ~ 17:00금요일09:00 ~ 17:00토요일09:00 ~ 20:00일요일09:00 ~ 17:00,"周一休息

周二 09:00 ~ 17:00

周三 09:00 ~ 17:00

周四 09:00 ~ 17:00

周五 09:00 ~ 17:00

周六 09:00 ~ 20:00

周日 09:00 ~ 17:00"
콩세계과학관,大豆世界科学博物馆
경북 영주시 부석면 영부로 23,庆尚北道荣州市富石面永富路23号
"[요금]
무료
향후 유료 전환 계획(일반 2,000원, 청소년 1,500원, 어린이 1,000원, 6세 이하 무료) 있음
[이용안내]
하절기(3월~10월): 09시~18시
동절기(11월~2월): 09시~17시
입장 마감: 관람 종료 30분 전","【入场费】

免费

未来计划改为收费制（成人2,000韩元，青少年1,500韩元，儿童1,000韩元，6岁及以下儿童免费）

【开放时间】

夏季（3月至10月）：09:00–18:00

冬季（11月至次年2月）：09:00–17:00

最晚入场时间：闭馆前30分钟"
국립여수해양기상과학관,丽水国立海洋气象科学博物馆
전남 여수시 오동도로 61-9,全罗南道丽水市梧桐岛路 61-9
"날씨놀이체험관(1층): 바람, 태양, 물 등 날씨를 이루는 기본 요소를 다양한 체험형 전시와 놀이로 배울 수 있습니다.
해양기상현상관(2층): 태풍, 해일, 파도, 토네이도 등 바다에서 일어나는 기상 현상을 실감나게 체험할 수 있습니다.
해양기상관측관: 바다 날씨를 관찰하는 여러 측정 장비와 그 원리를 배울 수 있습니다.
해양기후변화관: 변화하는 바다와 기후, 미래 환경을 주제로 전시와 인터랙티브 체험이 가능합니다.
미디어아트관: 촤악 내리는 빗소리를 들으며 편안하게 앉아 감상할 수 있으며, 바다 동물 도안에 그림을 그려 화면에 띄워보는 라이브 스케치 체험도 할 수 있습니다.
실내 전시실이라 비 오는 날에도 걱정 없이 관람할 수 있습니다.
다양한 볼거리와 체험거리가 많으니 시간을 넉넉히 두고 방문하시길 추천합니다.
입장권은 입구 안 키오스크에서 발권하며, 무료 입장 대상자는 안내데스크에서 표를 받으시면 됩니다.
입장권은 사전 예약 대상이 아니지만, 초등학생 이상을 위한 해설과 체험 교육 프로그램은 모두 사전 예약이 필요합니다. (프로그램은 비정기적으로 바뀌므로 홈페이지에서 확인 권장)
수유실
기저귀교환대
주차(전용 주차장은 없으며, 동백공영주차장, 수정고가 노상공영주차장 등 주변 공영주차장 이용)
예약
물품보관함
아기의자
유모차대여
어른: 3,000원
청소년 및 어린이: 1,500원
유아(7세 이하): 무료
전시관 순회 해설(초등 이상): 매일(월요일 제외) 10:30 / 12:30 / 14:30 / 16:30
초등(저학년) 체험교육: 토요일, 일요일 10:30
초등(고학년) 체험교육: 토요일, 일요일 13:30
관람시간: 매주 화요일~일요일 10:00~17:30 (매표마감 17:00)
휴관일: 매주 월요일, 1월 1일, 설날, 추석 당일
아쿠아플라넷 여수
해오름전시실 곤충박물관
바다와 날씨, 기후변화에 관심 있는 아이와 부모님
과학 체험과 안전교육이 필요한 어린이 가족
여수 여행 중 실내에서 의미 있고 다양한 체험을 하고 싶은 가족","天气体验馆（1楼）：您可以通过各种互动展品和游戏，了解构成天气的基本要素，例如风、阳光和水。

海洋气象现象馆（2楼）：您可以真实地体验发生在海上的各种气象现象，例如台风、海啸、巨浪和龙卷风。

海洋气象观测馆：您可以了解海洋气象观测的原理和各种测量仪器。

海洋气候变化馆：您可以欣赏以不断变化的海洋、气候和未来环境为主题的展览和互动体验。

媒体艺术馆：您可以舒适地坐着欣赏艺术作品，聆听雨声；您还可以参与现场素描体验，在海洋动物模板上作画，并将作品显示在屏幕上。

由于是室内展馆，即使在雨天您也可以放心参观。

这里有很多值得一看和体验的内容，因此我们建议您预留充足的时间参观。

门票可在入口处的售票亭购买，符合免费入场条件者可在咨询台领取门票。门票无需提前预约，但所有导览游和面向小学生及以上年龄段学生的实践教育项目均需提前预约。 （活动安排不定期变更，建议查看官网）

哺乳室

尿布更换台

停车场（无专用停车场；请使用附近的公共停车场，例如东柏公共停车场或水井立交桥街公共停车场）

预约

行李寄存柜

婴儿椅

婴儿车租赁

成人：3,000 韩元

青少年及儿童：1,500 韩元

婴幼儿（7 岁及以下）：免费

展览参观导览（小学生及以上）：每日（周一除外）10:30 / 12:30 / 14:30 / 16:30

小学低年级实践教育：周六、周日 10:30

小学高年级实践教育：周六、周日 13:30

参观开放时间：周二至周日 10:00–17:30（售票截止时间为17:00）

闭馆日：每周一、1月1日、农历新年、中秋节

丽水海洋星球

海之森昆虫博物馆

适合对海洋、天气和气候变化感兴趣的儿童及家长

适合需要科学体验和安全教育的家庭

适合希望在丽水旅行期间体验丰富多彩的室内活动的家庭"
"입장료는 어른 3,000원, 청소년 및 어린이 1,500원이며, 유아(7세 이하)는 무료입니다. 무료 입장 대상자는 안내데스크에서 표를 발급받으셔야 합니다. (주: 65세 이상 경로우대 무료에 관한 내용은 기존 정보에는 없어 삭제했습니다.)",成人票价为3000韩元，青少年及儿童票价为1500韩元；7岁及以下婴幼儿免费。符合免费入场条件者须在咨询台领取门票。（注：现有数据中缺少65岁及以上老年人免费入场的信息，现已删除。）
양주시스마트그린포트,杨州智慧绿色港口
경기도 양주시 옥정로 397-13 2층,京畿道杨州市玉井路397-13 2楼
"회천 4동 행정복지센터 공영주차장 옆에 있는 단독 건물로 1층은 전기차 충전소이고 체험공간은 2층입니다.
대형 디스플레이와 실감미디어를 통해 양주시의 미세먼지, 바람길, 환경 데이터를 쉽게 확인할 수 있습니다.
직접 스크린을 터치하며 바람길 분석 시뮬레이션, 미세먼지 분석 등의 다양한 대기 정보와 시뮬레이션을 체험할 수 있습니다.
'홀로렌즈 2'를 활용한 홀로그램 AR(증강현실) 체험으로 눈앞에 떠오르는 가상 오브젝트를 손으로 조작하며 환경 미션을 수행할 수 있습니다.
메타버스와 메타휴먼 등 가상현실 체험을 통해 양주시의 환경 보호 활동과 도시의 변화를 직접 경험할 수 있습니다.
DIY 체험키트 등 직접 만들고 배우는 프로그램도 운영하고 있어, 아이들의 호기심과 창의력을 키워줍니다.
XR 체험은 기기 착용 신체 조건상 8세 이상 아이들에게 추천하며, 메타버스 가상 체험은 어린 연령의 아이들에게 추천합니다.
교육실에서 다양한 연령대별 환경 교육 및 체험 활동이 정기적으로 진행됩니다.
개인 체험은 수시 자유 방문이 가능하며, 메타버스 가상 전시 체험부터 홀로그램 AR, XR 체험 등을 무료로 체험할 수 있습니다.
지원되는 편의시설: 주차
지원되지 않는 편의시설: 아기의자, 수유실, 기저귀교환대, 유모차대여, 예약
1층에는 전기차를 위한 초급속 충전기와 급속 충전기가 설치되어 있습니다. 전기차를 이용하는 가족이라면 충전과 함께 체험 공간도 이용할 수 있습니다.
대상: 양주시민뿐만 아니라 누구나 이용할 수 있습니다.
운영 시간: 화요일~일요일 10:00~18:00
휴관일: 매주 월요일
환경 교육과 미래 도시 체험에 관심 있는 가족
아이와 함께 새로운 과학 체험을 원하시는 분
전기차 충전과 함께 알찬 시간을 보내고 싶은 분
체험형 현장학습이나 단체 교육이 필요한 어린이집, 학교 단체
요금: 무료","该体验馆位于会川4洞行政福利中心公共停车场旁的一栋独立建筑内，一楼设有电动汽车充电站，二楼为体验空间。

通过大型显示屏和沉浸式媒体，参观者可以轻松查看杨州市的细颗粒物、风向和环境状况数据。

参观者可直接触摸屏幕，体验各种大气信息和模拟，例如风向分析和细颗粒物分析。

利用“HoloLens 2”全息增强现实（AR）体验，参观者可以用手操控眼前出现的虚拟物体，完成环境任务。

通过“元宇宙”和“元人”等虚拟现实体验，参观者可以直观地体验杨州市的环境保护活动和城市改造。

此外，该体验馆还提供DIY体验套件等儿童动手实践项目，以培养孩子们的好奇心和创造力。

由于佩戴设备对身体有一定要求，XR体验建议8岁及以上儿童参与，而元宇宙虚拟体验则建议年龄较小的儿童参与。

教育室定期举办面向不同年龄段的环境教育和体验活动。个人访客可随时自由参观，免费体验包括元宇宙虚拟展览、全息AR和XR在内的各种项目。

配套设施：停车场

不提供设施：儿童座椅、哺乳室、尿布更换台、婴儿车租赁、预约

一楼设有电动汽车超快和快充桩。使用电动汽车的家庭可在体验空间内充电。

目标受众：面向所有人开放，不仅限于杨州市居民。

开放时间：周二至周日 10:00–18:00

每周一闭馆

适合对环境教育和未来城市体验感兴趣的家庭

适合希望与孩子一起体验全新科学之旅的家庭

适合希望在为电动汽车充电的同时度过充实时光的家庭

适合需要实践性实地考察或团体教育的日托中心和学校团体

入场：免费"
"모든 체험과 프로그램은 무료로 이용할 수 있습니다. 운영시간은 화요일부터 일요일까지 오전 10시부터 오후 6시까지입니다. 매주 월요일은 정기휴무이며, 기타 공휴일에는 별도의 안내가 있을 수 있습니다.",所有体验和项目均免费。营业时间为周二至周日，上午 10:00 至下午 6:00。每周一闭馆，其他公共假期可能会另行通知。
강서별빛우주과학관,江西星光太空科学博物馆
서울특별시 강서구 금낭화로 178 강서별빛우주과학관,首尔特别市江西区金兰花路 178 江西星光宇宙科学馆
"지하 1층(우주로 떠나다)

로비와 안내데스크, '우주배움터'가 있습니다. 아이들이 다양한 전시를 통해 우주 여행의 설렘을 느낄 수 있습니다.
로비와 안내데스크, '우주배움터'가 있습니다. 아이들이 다양한 전시를 통해 우주 여행의 설렘을 느낄 수 있습니다.
지상 1층(우주에서 놀다)

전시실, 코스모스마루, 태양계정거장이 있습니다. 실제 망원경을 관찰하고 다양한 우주 전시가 펼쳐져 있습니다.
전시실, 코스모스마루, 태양계정거장이 있습니다. 실제 망원경을 관찰하고 다양한 우주 전시가 펼쳐져 있습니다.
지상 2층(우주를 느끼다)

천체투영실이 가장 인기 있는 공간입니다. 돔 스크린에서 실제 밤하늘의 별자리와 우주의 신비를 볼 수 있으며, 다양한 미디어아트 전시도 있습니다.
천체투영실이 가장 인기 있는 공간입니다. 돔 스크린에서 실제 밤하늘의 별자리와 우주의 신비를 볼 수 있으며, 다양한 미디어아트 전시도 있습니다.
천체투영실에서는 별자리 해설 및 천문영상을 상영합니다.
만 4세~6세 유아는 전시실 무료 관람이 가능합니다.
투영실 이용 시 입장료가 있습니다.
체험 프로그램, 전시해설, 야간 천체관측 행사 등이 마련되어 있습니다.
운영시간: 화~일요일 09:30~18:00
휴관일: 매주 월요일
주말에는 사전 예약 필수입니다.
주차장이 있지만 만차일 경우가 많으므로 대중교통 이용을 추천드립니다. 방화역에서 도보 약 5~9분 거리입니다.
어린이 및 청소년(7세~18세): 1,000원
성인(19세~64세): 2,000원
영유아(6세 이하): 무료
평일 과학관 전시실 관람: 무료 (천체투영실 관람 제외)
아이가 직접 별자리와 우주를 탐험할 수 있는 특별한 경험
다양한 미디어아트 전시와 포토존
전문가의 해설을 통해 별자리 관람 및 체험이 가능합니다.","地下一层（太空之旅）

设有大厅、咨询台和“太空学习中心”。孩子们可以通过各种展览体验太空旅行的乐趣。

设有大厅、咨询台和“太空学习中心”。孩子们可以通过各种展览体验太空旅行的乐趣。

一层（太空乐园）

设有展览厅、“宇宙丸”和“太阳系站”。游客可以通过真正的望远镜进行观测，并参观各种太空展览。

设有展览厅、“宇宙丸”和“太阳系站”。游客可以通过真正的望远镜进行观测，并参观各种太空展览。

一层（感受宇宙）

天文馆是最受欢迎的空间。游客可以通过穹顶屏幕观看夜空中的真实星座和宇宙的奥秘，此外还有各种媒体艺术展览。

天文馆是最受欢迎的空间。游客可以在穹顶屏幕上观看夜空中的真实星座和宇宙奥秘，此外还有各种媒体艺术展览。

天文馆会播放星座讲解和天文视频。

4至6岁的儿童可免费参观展厅。

使用天文馆需购票入场。

天文馆提供互动体验项目、展览讲解和夜间天文观测活动。

开放时间：周二至周日 09:30–18:00

闭馆：每周一

周末需提前预约。

虽然设有停车场，但经常爆满，因此建议乘坐公共交通工具。从芳华站步行约需5-9分钟。

儿童及青少年（7-18岁）：1,000韩元

成人（19-64岁）：2,000韩元

婴幼儿（6岁及以下）：免费

平日科学博物馆展厅门票：免费（不含天文馆参观）

孩子们可以亲身探索星座和宇宙的特别体验

各种多媒体艺术展览和拍照区

在专家讲解下，可进行星座观赏和互动体验。"
"평일 과학관 전시실 관람은 무료이며(천체투영실 관람 제외), 천체투영실 관람은 어린이 및 청소년(7~18세) 1,000원, 성인(19~64세) 2,000원, 영유아(6세 이하)는 무료입니다. 특별 체험 프로그램은 별도의 참가비가 있을 수 있으니, 상세 금액은 홈페이지에서 확인해 주세요.",科学博物馆展厅平日免费入场（天文馆除外）。天文馆门票价格为：儿童及青少年（7-18岁）1000韩元，成人（19-64岁）2000韩元，婴幼儿（6岁及以下）免费。部分特色体验项目可能需要另行付费，详情请查看官网。
국립해양과학관,国家海洋科学博物馆
경북 울진군 죽변면 해양과학길 8,庆尚北道蔚珍郡竹边面海洋科学路8号
"[요금]
무료
[이용안내]
<바닷속 전망대 운영 시간>
하절기(3월~10월): 09시 30분~17시 30분(입장마감: 17시)
동절기(11월~2월): 09시 30분~17시(입장마감: 16시 30분)","【入场费】

免费
【参观信息】

<水下观测站开放时间>

夏季（3月至10月）：09:30–17:30（最后入场时间：17:00）

冬季（11月至次年2月）：09:30–17:00（最后入场时间：16:30）"
"국립해양과학관의 입장료와 주차비 모두 무료로 운영되고 있습니다. 일부 특별 프로그램이나 단체 관람의 경우 예약이 필요할 수 있으나, 일반 전시 및 관람은 별도의 예약 없이 자유롭게 입장할 수 있습니다.",国家海洋科学博物馆的门票和停车均免费。虽然某些特别项目或团体参观可能需要预约，但一般展览和参观活动无需提前预约即可向公众开放。
포천아트밸리 천문과학관,抱川艺术谷天文科学中心
경기도 포천시 신북면 아트밸리로 234 포천아트밸리 천문과학관,抱川艺术谷天文科学中心，京畿道抱川市新北面艺术谷路234号
"경기 북부 유일의 시립 천문과학관으로, 아이와 함께 별과 우주를 가까이서 체험할 수 있는 특별한 공간입니다.
포천아트밸리 내부에 있으며, 자연과 예술이 어우러진 멋진 풍경 속에서 과학체험이 가능합니다.
누구나 신기하고 재미있는 전시물을 직접 만지며 체험할 수 있고, 체험형 프로그램을 통해 과학적 창의성을 키울 수 있습니다.
1층: 로비, 안내데스크, 수유실, 제1전시실
2층: 제2·3전시실, 휴게실, 화장실
3층: 천체투영실(별자리 설명, 4D 특수영상 관람 등)
옥상: 천체관측실(국내 최고 수준의 망원경 설치, 태양·달·행성 관측 가능)
전시실은 자유관람이 가능하며, 관측 및 투영실 프로그램은 당일 현장 접수로 운영됩니다.
포천아트밸리에 입장하면 무료로 관람할 수 있어요.
전시실 관람만으로도 충분히 알차니 프로그램에 참여하지 않더라도 꼭 가보는 걸 추천해요.
천체 투영실 프로그램은 인기가 많아 주말에는 대기가 길어질 수 있어요.
천체투영실에서는 매시간 별자리 이야기와 특수영상을 감상할 수 있어 아이들의 호기심을 자극합니다.
4D 영상 관람은 진동이 있어서 겁 많은 아이는 참고해 주세요.
주간에는 태양 관측, 야간에는 달과 행성 관측 체험이 가능합니다.
모노레일에서 내리면 천문 과학관부터 가셔서 천체 투영실 대기부터 걸고 다른 곳 구경하면 빨라요. 2023년 11월 30일까지는 임시적으로 모노레일 운영을 중단하고 있어요.
아이의 별자리에 대해 미리 알아보고 방문하면 더 재미있게 즐길 수 있어요.
주말 과학체험교실, 과학 강연 등 다양한 교육 프로그램이 운영되어 가족 단위 방문에도 적합합니다.
전시실 관람은 신장, 연령 제한 없이 누구나 가능하지만, 천체관측/투영 프로그램은 만 5세 이상, 100cm 이상 어린이만 참여할 수 있습니다.
1층에 수유실이 있어서 필요하시면 안내 데스크에 가서 말하면 이용할 수 있어요.
입장권은 1층 안내데스크에서 당일 무료로 배부(1인당 4매까지)되며, 인터넷 예약은 불가합니다.
성인: 5,000원
청소년: 3,000원
어린이: 1,500원
경로, 포천 시민, 7세 이하: 무료
주차장: 무료
과학관 1층 데스크에서 무료 예약 후 관람 가능(100cm, 5세 이상)
월 ~ 목: 10시 ~ 17시 (30분에 한 번씩)
금, 토, 일, 공휴일: 17시 30분 ~ 20시 (30분에 한 번씩)
관측 시간 내 자유 관람(예약 불필요)
초등학생부터 이용 가능
토, 일, 공휴일만 운영: 20시 ~ 21시 30분
천체관측 프로그램은 날씨에 따라 운영이 제한될 수 있습니다.
관람객이 많거나 장비 점검 시 원하는 시간대 체험이 어려울 수 있습니다.
음식물 또는 애완동물 반입이 제한되며, 음주자는 입장이 불가합니다.
신기한 우주와 별, 행성 모형을 직접 보고 만지며 오감으로 배울 수 있습니다.
과학적 호기심을 자극하는 다양한 프로그램과 안전한 체험 환경이 제공됩니다.
자연, 예술, 과학이 어우러진 포천아트밸리와 연계해 하루 나들이 코스로도 추천할 만합니다.
천체 관측은 저녁에만 운영하고, 달, 행성, 별, 성단 등 개별 별자리 설명을 함께 들을 수 있어요.","作为京畿道北部唯一的市立天文科学博物馆，这里是您与孩子近距离探索星空和宇宙的绝佳场所。

博物馆坐落于抱川艺术谷内，置身于自然与艺术和谐交融的壮丽景色之中，您可以尽情享受科学的乐趣。

任何人都可以触摸和互动各种引人入胜的展品，并通过动手实践项目培养科学创造力。

一层：大厅、咨询台、母婴室、1号展厅

二层：2号和3号展厅、休息室、洗手间

三层：天文馆（星座讲解、4D特辑视频等）

屋顶：天文台（配备韩国最先进的望远镜，可观测太阳、月亮和行星）

展厅免费参观，天文观测和天文馆项目需现场预约。

凭抱川艺术谷门票即可免费参观天文馆。

即使不参加任何活动，单是参观展厅就足够精彩，强烈推荐您前来。天文馆活动非常受欢迎，周末可能需要长时间排队。

天文馆每小时都会播放星座故事和特别视频，激发孩子们的好奇心。

请注意，4D视频放映会产生震动，胆小的孩子请谨慎观看。

您可以体验白天观测太阳，夜晚观测月亮和行星。

建议您下单轨列车后先前往天文科学馆，排队等候天文馆入场，然后再去其他区域游览。单轨列车运营暂停至2023年11月30日。

如果您事先了解一下孩子喜欢的星座，参观体验会更加愉快。

这里提供各种教育项目，例如周末科学体验课程和科学讲座，非常适合家庭参观。

展览厅不限身高和年龄，任何人都可以参观；但天文观测和投影项目仅限5岁及以上且身高至少100厘米的儿童参加。

一楼设有哺乳室；如有需要，请咨询服务台。门票可在入场当天于一楼服务台免费领取（每人最多4张）；不提供在线预约。

成人：5,000 韩元

青少年：3,000 韩元

儿童：1,500 韩元

老年人、抱川市居民及7岁及以下儿童：免费

停车：免费

参观需在科学博物馆一楼服务台免费预约（身高100厘米以上，5岁及以上）

周一至周四：10:00～17:00（每30分钟一场）

周五、周六、周日及节假日：17:30～20:00（每30分钟一场）

观测时段免费参观（无需预约）

适用于小学生及以上人群

仅在周六、周日及节假日开放：20:00～21:30

天文观测项目可能因天气原因而暂停。

如果游客众多或设备维护期间，您可能难以预约到理想的参观时段。请勿携带食物或宠物，醉酒者禁止入内。

您可以亲眼目睹、亲手触摸令人叹为观止的宇宙、星辰和行星模型，通过五感进行学习。

我们提供各种激发科学好奇心的项目，并营造安全的体验环境。

我们强烈推荐您将此行程与抱川艺术谷一日游结合起来，体验自然、艺术与科学的完美融合。

天文观测仅在晚上进行，您可以聆听对包括月亮、行星、恒星和星团在内的各个星座的讲解。"
월요일09:30 ~ 17:30화요일09:30 ~ 17:30수요일09:30 ~ 17:30목요일09:30 ~ 17:30금요일09:30 ~ 17:30토요일09:30 ~ 17:30일요일09:30 ~ 17:30,星期一 09:30 ~ 17:30 星期二 09:30 ~ 17:30 星期三 09:30 ~ 17:30 星期四 09:30 ~ 17:30 星期五 09:30 ~ 17:30 星期六 09:30 ~ 17:30 星期日 09:30 ~ 17:30
"포천아트밸리는 입장료가 있습니다(성인 5,000원, 청소년 3,000원, 어린이 1,500원, 만 7세 이하, 포천 시민, 경로는 무료)이며, 천문과학관 입장 및 프로그램(천체투영실, 천체관측)은 별도의 요금 없이 무료로 이용할 수 있습니다. 주차장 이용 또한 무료입니다.",抱川艺术谷收取门票（成人5000韩元，青少年3000韩元，儿童1500韩元；7岁及以下儿童、抱川市居民及老年人免费）。天文科学馆及其活动（行星观测、观星）免费入场。停车也免费。
충주고구려천문과학관,忠州高句丽天文科学博物馆
충청북도 충주시 중앙탑면 묘곡내동길 100,忠清北道忠州市中央塔面妙谷内洞街100
"[요금]
입장료: 성인 - 3,000원 / 청소년 - 2,000원 / 어린이 - 1,000원
천체투영실 이용료(부대시설요금 추가) 1인: 500원
관람할인(50%): 충주시민, 65세 이상, 군인, 경찰, 장애인 등
자세한 요금 및 할인 정보는 첨부된 이미지를 확인해 주세요.
[이용안내]
휴관일: 매주 월요일(월요일이 공휴일일 경우엔 정상 개관하며 익일 휴관), 설·추석 당일, 신정, 공휴일 익일
휴게시간: 18시~19시
[프로그램]
천체 관측 프로그램 - 상시 프로그램
소요시간: 50분~1시간
참가비용: 500원~3,500원
대상: 전체(미취학은 보호자 1인 동반 필수)
별박사와 떠나는 재미있는 별자리 여행 - 특별 프로그램
소요시간: 2시간
참가비용: 1인당 20,000원
대상: 8세 이상(초등학생 이하 어린이는 보호자 1인 동반 필수)
페르세우스유성우 심야 관측회 - 특별 프로그램
참가비용: 1인당 25,000원","【费用】

门票：成人 - 3,000 韩元 / 青少年 - 2,000 韩元 / 儿童 - 1,000 韩元

行星使用费（另需支付其他设施费用）：每人 500 韩元

门票优惠（50%）：忠州市居民、65 岁及以上老人、军人、警察、残疾人士等。

请查看附图了解详细的费用和优惠信息。

【使用指南】

闭馆日：每周一（如遇周一为公共假日，则照常开放，次日闭馆）、农历新年、中秋节、元旦及公共假日次日

休息时间：18:00–19:00

【活动项目】

天文观测项目 - 常规项目

时长：50分钟–1小时

参与费用：500韩元–3,500韩元

适用人群：所有年龄段（学龄前儿童须由一位监护人陪同）

与星象博士一起探索星座 - 特别项目

时长：2小时

参与费用：每人20,000韩元

适用人群：8岁及以上（小学生及以下儿童须由一位监护人陪同）

英仙座流星雨夜间观测 - 特别项目项目

参与费用：每人 25,000 韩元"
월요일정기휴무화요일15:00 ~ 22:30수요일15:00 ~ 22:30목요일15:00 ~ 22:30금요일15:00 ~ 22:30토요일15:00 ~ 22:30일요일15:00 ~ 22:30,"周一休息

周二 15:00 ~ 22:30

周三 15:00 ~ 22:30

周四 15:00 ~ 22:30

周五 15:00 ~ 22:30

周六 15:00 ~ 22:30

周日 15:00 ~ 22:30"
"입장료는 성인 3,000원, 청소년 2,000원, 어린이 1,000원입니다. 천체투영실 이용료는 1인당 500원의 부대시설요금이 추가됩니다. 충주시민, 65세 이상, 군인, 경찰, 장애인 등은 입장료 50% 할인을 받을 수 있습니다. 부대시설요금(천체투영실 등)은 할인에서 제외됩니다.",成人票价为3000韩元，青少年票价为2000韩元，儿童票价为1000韩元。使用天文馆需另付每人500韩元的设施费。忠州市居民、65岁以上老人、军人、警察及残疾人士可享受门票五折优惠。天文馆等辅助设施的费用不包含在五折优惠范围内。
목포어린이바다과학관,木浦儿童海洋科学博物馆
전남 목포시 삼학로92번길 98,全罗南道木浦市三鹤路92街98
"[요금]
어른 - 3,000원
청소년, 군경 - 2,000원
초등학생 - 1,000원
유치원생 - 500원
종료 1시간 전 입장마감","【入场费】

成人 - 3,000 韩元

青少年、军警人员 - 2,000 韩元

小学生 - 1,000 韩元

幼儿园儿童 - 500 韩元

闭馆前一小时停止入场"
"관람 시간은 화요일부터 일요일까지 오전 9시부터 오후 6시까지이고, 마지막 입장은 오후 5시까지입니다. 매주 월요일은 정기휴무입니다. 입장료는 어른 3,000원, 청소년 및 군경 2,000원, 초등학생 1,000원, 유치원생 500원입니다. 4D 입체영상관은 별도 요금(2,000원)이 필요합니다.",开放时间为周二至周日，上午9:00至下午6:00，下午5:00停止入场。每周一闭馆。门票价格为：成人3000韩元，青少年及军警人员2000韩元，小学生1000韩元，幼儿园儿童500韩元。4D立体影院需另行购票，费用为2000韩元。
국립해양문화재연구소&해양유물전시관,国家海洋文化遗产研究所暨海事博物馆
전남 목포시 남농로 136,全罗南道木浦市南农路136
"[요금]
무료
[이용안내]
입장 마감: 17시","【入场费】

免费

【信息】

最后入场时间：17:00"
조류생태과학관,鸟类生态科学博物馆
경기도 의왕시 왕송못동로 209 의왕조류생태과학관,京畿道义王市往松木洞路 209 义王鸟类生态科学馆
"[요금]
일반관람권 - 성인 5,000원 / 학생 3,000원 / 어린이 1,000원
할인권 - 성인 2,500원 / 학생 1,500원 / 어린이 500원
[이용안내]
입장마감 - 17:00","【门票价格】

普通门票 - 成人 5,000 韩元 / 学生 3,000 韩元 / 儿童 1,000 韩元

优惠票 - 成人 2,500 韩元 / 学生 1,500 韩元 / 儿童 500 韩元

【信息】

最后入场时间 - 17:00"
"관람 시간은 화요일부터 일요일까지 오전 9시부터 오후 6시까지이며, 입장 마감은 오후 5시입니다. 매주 월요일은 정기 휴무입니다.",参观时间为周二至周日，上午9:00至下午6:00，最后入场时间为下午5:00。每周一闭馆。
"입장료는 성인 5,000원, 학생 3,000원, 어린이 1,000원입니다. 레일바이크나 철도박물관을 같은 날 이용하면 입장권 50% 할인 혜택을 받을 수 있습니다. 전용 주차장이 있으며 주차는 무료입니다.",成人票价为5000韩元，学生票价为3000韩元，儿童票价为1000韩元。如果您当天同时使用铁路自行车或参观铁路博物馆，即可享受门票五折优惠。设有专用停车场，停车免费。
구미어린이과학체험관,龟尾儿童科学体验中心
경북 구미시 옥계북로 51,庆尚北道龟尾市玉溪北路 51
"[요금]
무료
[프로그램]
매주 금요일 9시 주말 잼 랩 프로그램 신청 가능
잼 랩 주말 시간표 - 14:30 ~ 15:20 / 16:30 ~ 17:20
[영업 안내]
휴게 시간 - 12:00 ~ 13:00
사전 예약제로 운영(평일 : 1일 4회, 주말 : 1일 3회)
평일 - 10:00 ~ 11:30 / 13:00 ~ 14:20 / 14:40 ~ 16:00 / 16:20 ~ 17:40
주말 - 10:00 ~ 11:30 / 13:00 ~ 14:30 / 15:00 ~ 16:30
휴관일 - 1월 1일, 설날, 추석(연휴 포함), 공휴일","【费用】

免费

【活动】

周末即兴演奏课程报名时间为每周五上午 9:00

周末即兴演奏课程时间：14:30 ~ 15:20 / 16:30 ~ 17:20

【营业时间】

休息时间：12:00 ~ 13:00

需提前预约（平日：每日 4 个时段，周末：每日 3 个时段）

平日：10:00 ~ 11:30 / 13:00 ~ 14:20 / 14:40 ~ 16:00 / 16:20 ~ 17:40

周末：10:00 ~ 11:30 / 13:00 ~ 14:30 / 15:00 ~ 16:30

1月1日闭馆农历新年、中秋节（含节假日）、公众假期"
월요일정기휴무화요일10:00 ~ 18:00수요일10:00 ~ 18:00목요일10:00 ~ 18:00금요일10:00 ~ 18:00토요일10:00 ~ 17:00일요일10:00 ~ 17:00,"周一休息

周二 10:00 ~ 18:00

周三 10:00 ~ 18:00

周四 10:00 ~ 18:00

周五 10:00 ~ 18:00

周六 10:00 ~ 17:00

周日 10:00 ~ 17:00"
"구미어린이과학체험관은 입장료가 무료입니다. 사전 예약제로만 운영되며, 예약은 홈페이지 또는 공식 채널을 통해 할 수 있습니다. 현장 방문 시 예약 없이 입장할 수 없으니, 반드시 방문 전 원하는 날짜와 시간대를 사전에 예약해야 합니다.",九尾儿童科学体验中心免费入场，但实行预约制，可通过官网或官方渠道进行预约。由于未预约者恕不接待，请务必提前预约您所需的日期和时间段。
태안군가족공감센터,泰安郡家庭关怀中心
충청남도 태안군 태안읍 백화로 181 태안군가족공감센터,忠清南道泰安郡泰安邑百花路 181 泰安郡家庭同情中心
"[요금]
어린이과학관 - 무료
어린이놀이터 - 무료
어린이수영장 - 초등학생 이하: 1,750원 / 보호자: 3,500원
[프로그램]
<과학원리해설>
대상: 초등학생 이상
운영 시간 - 1회차: 09시 30분~10시 / 2회차: 10시 30분~11시 / 3회차: 14시~14시 30분 / 4회차: 16시~16시 30분
[이용안내]
<어린이수영장>
평일 자유수영: 13시~15시
주말 자유수영: 09시 30분~11시 30분, 13시~15시, 15시 30분~17시 30분","【费用】

儿童科学博物馆 - 免费

儿童游乐场 - 免费

儿童游泳池 - 小学生及以下：1,750 韩元 / 监护人：3,500 韩元

【活动】

<科学原理讲解>

目标人群：小学生及以上

开放时间 - 第一场：09:30–10:00 / 第二场：10:30–11:00 / 第三场：14:00–14:30 / 第四场：16:00–16:30

【使用指南】

<儿童游泳池>

平日免费游泳时间：13:00–15:00

周末免费游泳时间：09:30–11:30, 13:00–15:00 15:30–17:30"
"어린이과학관과 어린이놀이터는 무료로 이용할 수 있습니다. 어린이수영장은 초등학생 이하 아동은 1,750원, 보호자는 3,500원의 이용료가 있습니다.",儿童科学博物馆和儿童游乐场免费使用。儿童游泳池收费标准为：小学以下儿童1750韩元，监护人3500韩元。
스페이스아날로그,太空模拟
경기도 과천시 상하벌로 110 국립과천과학관,国立科学博物馆，果川市，京畿道，上河贝尔路110号
"[요금]
화성거주 체험(기본): 2,000원
화성거주 체험(심화): 10,000원
화성거주 해설: 2,000원
[프로그램]
<화성거주 체험(A) - 연료전지 조립>
평일: 10:00~10:40, 13:30~14:10
주말: 10:00~10:40
대상 연령: 초3 이상
요금: 2,000원
<화성거주 체험(B) - 태양전지 조립>
평일: 11:00~11:40, 14:30~15:10
주말: 11:00~11:40
<기본 해설 - 아날로그 및 화성거주 해설>
평일: 16:00~16:40
주말: 16:00~16:40
<심화 체험 - 아날로그 및 화성거주 체험>
평일: 운영 X
주말: 13:30~15:30
대상 연령: 초5 이상
요금: 10,000원","【费用】

火星生活体验（基础）：2,000 韩元

火星生活体验（进阶）：10,000 韩元

火星生活讲解：2,000 韩元

【项目】

<火星生活体验（A）- 燃料电池组装>

平日：10:00~10:40，13:30~14:10

周末：10:00~10:40

目标年龄：小学三年级及以上

费用：2,000 韩元

<火星生活体验（B）- 太阳能电池组装>

平日：11:00~11:40，14:30~15:10

周末：11:00~11:40

<基础讲解 - 模拟和火星生活讲解>

平日： 16:00~16:40

周末：16:00~16:40

<进阶体验 - 模拟生活与华城生活体验>

平日：休息

周末：13:30–15:30

目标年龄：小学五年级及以上

费用：10,000 韩元"
월요일정기휴무화요일10:00 ~ 16:40수요일10:00 ~ 16:40목요일10:00 ~ 16:40금요일10:00 ~ 16:40토요일10:00 ~ 16:40일요일10:00 ~ 16:40,"周一休息

周二 10:00 ~ 16:40

周三 10:00 ~ 16:40

周四 10:00 ~ 16:40

周五 10:00 ~ 16:40

周六 10:00 ~ 16:40

周日 10:00 ~ 16:40"
서산류방택천문기상과학관,瑞山柳邦泽天文气象科学博物馆
충남 서산시 인지면 무학로 1353-4,忠清南道瑞山市仁慈面无鹤路 1353-4
"[요금]
시설 관람: 무료
정규 프로그램(천체투영실, 천체관측실): 무료
[프로그램]
<천체관측실 프로그램>
이용: 네이버 예약 우선(잔여석에 한해 현장 발권)
예약 시간: 관람 1시간 전까지만 예약 가능, 이후에는 현장 접수
<천체투영실 프로그램>
이용: 현장 발권(1층 안내데스크) 후 이용
[이용안내]
상설전시 개방시간: 10:00~22:00
정규관람 운영시간: 14:00~22:00","【费用】

设施入场：免费

常规项目（天文馆、天文台）：免费

【项目】

<天文台项目>

使用方式：优先使用Naver预约（现场购票视情况而定）

预约时间：参观前1小时可预约；之后可现场登记

<天文馆项目>

使用方式：需现场购票（一楼咨询台）

【指南】

常设展览开放时间：10:00–22:00

常规参观时间：14:00–22:00"
시흥 시티투어 2층버스,始兴城市观光双层巴士
경기도 시흥시 거북섬4길 2 퍼스트프라자 거북섬 홍보관,京畿道始兴市巨北岛4街2号巨北岛振兴中心第一广场
"[요금]
종일권: 5,000원(동반하는 6세 미만 1인: 무료)
[코스]
거북섬홍보관 - 해양생태과학관 - 배다리선착장 - 오이도박물관 - 거북섬마리나 - 거북섬홍보관
[배차 시간]
첨부된 사진 참고","【票价】

全天通票：5,000韩元（6岁以下儿童免费，限1名陪同人员）

【行程】

龟岛宣传中心 - 海洋生态系统科学博物馆 - 巴达里码头 - 大渡博物馆 - 龟岛码头 - 龟岛宣传中心

【出发时间】

请参考附图"
월요일정기휴무화요일정기휴무수요일10:00 ~ 22:00목요일10:00 ~ 22:00금요일10:00 ~ 22:00토요일10:00 ~ 22:00일요일10:00 ~ 22:00,"周一、周二休息

周三 10:00 ~ 22:00

周四 10:00 ~ 22:00

周五 10:00 ~ 22:00

周六 10:00 ~ 22:00

周日 10:00 ~ 22:00"
경상남도교육청 과학교육원(진성과학관),庆尚南道教育厅科学教育中心（晋城科学博物馆）
경상남도교육청 과학교육원 진성과학관,庆尚南道教育厅科学教育中心晋城科学馆
경상남도 진주시 진성면 진의로 178-35 경남과학교육원,庆尚南道晋州市真城面真义路178-35 庆南科学教育院
"[이용안내]
무료입장, 무료주차
점심시간 12:00~13:00(부분 관람 가능)
월요일, 공휴일 휴무
[시간 안내]
인간 vs 로봇체험
오전 10:30-50, 11:30-50
오후 14:00-14:20, 15:00-15:20
춤추는 로봇
오전 10:30,11:30 오후 14:30,15:30
[층별 안내]
지하1층 자연사관
1층 과학체험1관, 화석문화재전시관
2층 과학체험 2관
3층 곤충표본관
4층 천체체험관 , 독도체험관,천체투영관, 3D영상관
5층 천체관측실","【信息】

免费入场，免费停车

午休时间：12:00–13:00（可部分参观）

周一及公众假期闭馆

【开放时间】

人机互动体验

10:30–10:50 AM，11:30–10:50 AM

2:00–14:20 PM，15:00–15:20 PM

跳舞机器人

10:30 AM，11:30 AM下午2:30，下午3:30

[楼层指南]

地下1层：自然历史馆

1层：科学体验馆1、化石文化遗产展厅

2层：科学体验馆2

3层：昆虫标本馆

4层：天文馆、独岛体验馆、天文馆、3D影像馆

5层：天文台"
입장료와 주차 모두 무료입니다. 별도의 예약 없이 방문 인원만 체크하면 바로 입장하실 수 있습니다.,入场和停车均免费。无需单独预约，只需办理登记手续即可立即入场。
올랜도 사이언스 센터(Orlando Science Center),奥兰多科学中心
올랜도 사이언스 센터 Orlando Science Center,奥兰多科学中心
"777 E Princeton St, Orlando, FL 32803 미국",美国佛罗里达州奥兰多市东普林斯顿街777号，邮编32803
"[요금]
성인 - 온라인(홈페이지): 29달러 / 현장: 31달러
노인(55세 이상) - 온라인(홈페이지): 27달러 / 현장: 29달러
청소년(2~11세) - 온라인(홈페이지): 22달러 / 현장: 24달러
2세 미만 - 무료","【费用】

成人 - 在线购票（网站）：29 美元 / 现场购票：31 美元

老年人（55 岁及以上） - 在线购票（网站）：27 美元 / 现场购票：29 美元

青少年（2-11 岁） - 在线购票（网站）：22 美元 / 现场购票：24 美元

2 岁以下儿童 - 免费"
월요일10:00 ~ 17:00화요일10:00 ~ 17:00수요일정기휴무목요일10:00 ~ 17:00금요일10:00 ~ 17:00토요일10:00 ~ 17:00일요일10:00 ~ 17:00,星期一 10:00 ~ 17:00 星期二 10:00 ~ 17:00 星期三 休息 星期四 10:00 ~ 17:00 星期五 10:00 ~ 17:00 星期六 10:00 ~ 17:00 星期日 10:00 ~ 17:00
영덕신재생에너지전시관,永德新能源及可再生能源展览馆
경북 영덕군 영덕읍 해맞이길 254-20,庆尚北道永德郡永德邑海马地路254-20号
"[요금]
성인 - 1,500원
청소년, 어린이 - 800원
미취학아동 - 무료
[이용안내]
관람입장 시간 - 09:00 ~ 17:30","【门票价格】

成人：1,500 韩元

青少年、儿童：800 韩元

学龄前儿童：免费

【参观信息】

开放时间：9:00～17:30"
"영덕신재생에너지전시관은 화요일부터 일요일까지 오전 9시부터 오후 6시까지 운영되며, 입장은 오후 5시 30분까지 가능합니다. 매주 월요일은 정기 휴무입니다.",永德新能源及可再生能源展览馆周二至周日开放，时间为上午9:00至下午6:00，最后入场时间为下午5:30。每周一闭馆。
"입장료는 성인 1,500원, 청소년·어린이 800원, 미취학아동은 무료입니다. 또한 매주 마지막 주 수요일 '문화가 있는 날'은 누구나 무료로 관람할 수 있습니다.",成人票价为1500韩元，青少年及儿童票价为800韩元，学龄前儿童免费。此外，每月最后一个星期三是“文化日”，所有人都可免费参观。
제주별빛누리공원,济州星光公园
제주특별자치도 제주시 선돌목동길 60 별빛누리공원,济州特别自治道济州市仙洞洞路60号星比特努里公园
"[요금]
통합 관람료 (4D 영상관, 천체투영실, 천체관측실 동시 관람)
어른(개인) - 5,000원 / 어른(단체) - 3,000원
청소년, 군인, 어린이(개인) - 2,000원 / 청소년, 군인, 어린이(단체) - 1,200원
선택관람료(4D 영상관, 천체투영실, 천체관측실 중 1개관)
어른(개인) - 2,000원 / 어른(단체) - 1,200원
청소년, 군인, 어린이(개인) - 800원 / 청소년, 군인, 어린이(단체) - 500원
[이용안내]
휴관일 : 매주 월요일(월요일이 공휴일인 경우 공휴일 다음의 첫 번째 평일), 1월 1일, 설날, 추석날
관람 시간 : 10월 1일 ~ 3월 말 - 오후 2시부터 오후 10시까지 / 4월 1일 ~ 9월 30일 - 오후 3시~ 오후11시
관람권 구분과 면제 및 감면 대상은 첨부된 사진을 확인해주세요.
[프로그램]
월 별 다른 주제로 상시 체험부스가 운영중이니 홈페이지에서 확인해주세요.","【费用】

联票（同时参观4D影院、天文馆和天文台）

成人（个人）- 5,000韩元 / 成人（团体）- 3,000韩元

青少年、军人、儿童（个人）- 2,000韩元 / 青少年、军人、儿童（团体）- 1,200韩元

单项票（4D影院、天文馆或天文台三者任选其一）

成人（个人）- 2,000韩元 / 成人（团体）- 1,200韩元

青少年、军人、儿童（个人）- 800韩元 / 青少年、军人、儿童（团体）- 500韩元

【使用须知】

闭馆日：每周一（如遇周一为节假日，则顺延至节假日后的第一个工作日）、1月1日、农历新年中秋节

开放时间：10月1日至次年3月底 - 下午2:00至晚上10:00 / 4月1日至9月30日 - 下午3:00至晚上11:00

请查看附图了解门票类别以及优惠和折扣资格。

[活动]

每月都会开设不同主题的体验摊位，详情请查看网站。"
"관람 시간은 4월 1일부터 9월 30일까지는 오후 3시~오후 11시, 10월 1일부터 3월 말까지는 오후 2시~오후 10시입니다. 매주 월요일은 정기휴무이며, 월요일이 공휴일일 경우에는 다음 첫 평일이 휴관입니다. 1월 1일, 설날, 추석도 휴관이니 참고하세요. 야간에도 운영하므로 별 관측 프로그램 등을 위해 늦게 방문하셔도 좋습니다.",开放时间为4月1日至9月30日下午3:00至晚上11:00，10月1日至次年3月底下午2:00至晚上10:00。每周一闭馆；如遇周一为公共假日，则顺延至下一个工作日闭馆。另请注意，1月1日、农历新年和中秋节闭馆。由于夜间开放，欢迎您晚间前来参加观星活动及其他活动。
"통합 관람(4D 영상관, 천체투영실, 천체관측실 동시 관람기준)은 어른 5,000원(단체 3,000원), 청소년·군인·어린이 2,000원(단체 1,200원)입니다. 1개 관 체험시 어른 2,000원(단체 1,200원), 청소년·군인·어린이 800원(단체 500원)입니다. 통합 및 선택 관람권의 면제 또는 감면 대상, 특별 체험 프로그램 등은 현장 안내와 홈페이지에서 기준에 따라 확인 가능합니다.","同时参观4D影院、天文馆和天文台的联票价格为成人5,000韩元（团体票3,000韩元），青少年、军人和儿童2,000韩元（团体票1,200韩元）。单项体验价格为成人2,000韩元（团体票1,200韩元），青少年、军人和儿童800韩元（团体票500韩元）。联票、单项体验票以及特别体验项目的优惠或折扣信息，可根据相关标准在现场或网站上查询。"
충북과학체험관,忠清北道科学体验中心
충북 청주시 상당구 대성로 150,忠清北道清州市上堂区大成路150
"[요금]
무료
[운영 시간]
<과학체험관>
1회차: 09:45~11:45(300명)
2회차: 13:00~17:00(300명)
<물놀이터, 비눗방울 놀이터>
(5~10월) 10:30~11:30, 14:30~16:30
<천체투영실>
(화요일 / 목요일 / 매월 2, 3, 4주 토요일) 10:30, 14:00
[이용연령]
과학놀이터(1층): 36개월 이상 미취학 아동
상상놀이터(1층): 전 연령
2층, 3층: 초등학생 이상 체험 권장
천체투영실: 초등학생 이상 체험 가능","【入场费】

免费
【开放时间】

<科学体验中心>

第一场：09:45–11:45（限300人）

第二场：13:00–17:00（限300人）

<水上乐园、泡泡乐园>

（5月至10月）10:30–11:30，14:30–16:30

<天文馆>

（每周二、周四、每月第二、三、四天的周六）10:30，14:00

【年龄限制】

科学乐园（1楼）：36个月及以上的学龄前儿童

想象力乐园（1楼）：所有年龄段

2楼和3楼：建议小学生及以上年龄段儿童入场

天文馆：小学生及以上年龄段儿童可入场"
월요일정기휴무화요일09:45 ~ 17:00수요일09:45 ~ 17:00목요일09:45 ~ 17:00금요일09:45 ~ 17:00토요일09:45 ~ 17:00일요일09:45 ~ 17:00,"周一休息

周二 09:45 ~ 17:00

周三 09:45 ~ 17:00

周四 09:45 ~ 17:00

周五 09:45 ~ 17:00

周六 09:45 ~ 17:00

周日 09:45 ~ 17:00"
제주융합과학연구원 제주과학탐구체험관,济州融合科学研究所 济州科学探索体验中心
제주특별자치도 제주시 산록북로 421-1 제주과학고등학교,济州科学高中，济州特别自治道济州市山禄北路421-1
"[요금]
무료
[구성]
1층: 역동의 큐브 / 2층: 발견의 큐브 / 3층: 도약의 큐브
[프로그램]
<3D영상관> 운영 시간
1회: 10시 10분~10시 30분
2회: 12시 40분~13시
3회: 15시 10분~15시 30분
<천체투영실> 운영 시간
1회: 10시 40분~11시
2회: 15시 40분~16시
<댄스로봇> 운영 시간
1회: 11시 10분~11시 20분
2회: 13시 50분~14시
3회: 16시 10분~16시 20분
<4D 시뮬레이터> 운영 시간
1회: 11시 30분~11시 50분
2회: 14시 10분~14시 30분
[이용안내]
입장 마감 - 16시
휴관일 : 매주 월요일, 1월 1일, 추석 및 설 연휴 기간
(단, 월요일이 1월 1일, 추석 및 설연휴 기간을 제외한 공휴일이면 그 다음의 첫 번째 비공휴일이 휴관일)
관련 문의 연락처 - 주중: 064-710-0843 / 주말: 064-710-0800","【入场费】

免费
【内容】

一层：动力立方体 / 二层：探索立方体 / 三层：飞跃立方体

【活动安排】

<3D影院> 开放时间

第一场：10:10–10:30

第二场：12:40–13:00

第三场：15:10–15:30

<天文馆> 开放时间

第一场：10:40–11:00

第二场：15:40–16:00

<舞蹈机器人> 开放时间

第一场：11:10–11:20

第二场：13:50–14:00

第三场：16:10–16:20

<4D模拟器> 开放时间

第一场：第一场：11:30–11:50

第二场：14:00 10:10 – 2:30

[使用指南]

最后入场时间：下午 4:00

闭馆日：每周一、1月1日、中秋节、农历新年

（但若周一恰逢除1月1日、中秋节或农历新年以外的其他节假日，则博物馆将在之后的第一个非节假日闭馆。）

咨询电话：工作日：064-710-0843 / 周末：064-710-0800"
"제주과학탐구체험관은 입장료가 무료입니다. 운영시간은 화요일부터 일요일까지 오전 10시부터 오후 5시까지이며, 입장 마감은 오후 4시입니다. 매주 월요일, 1월 1일, 설날과 추석 연휴에는 휴관하며, 만약 월요일이 공휴일일 경우 그 다음의 첫 번째 비공휴일에 휴관합니다.",济州科学探索体验中心免费入场。开放时间为周二至周日，上午10:00至下午5:00，最后入场时间为下午4:00。中心每周一、1月1日以及农历新年和中秋节期间闭馆。如果周一恰逢公共假日，则中心将在之后的第一个非公共假日闭馆。
사천항공우주과학관,泗川航空航天科学博物馆
경남 사천시 사남면 공단1로 108,庆尚南道泗川市山岩面工团1路108
"1층: 항공관
비행기의 역사와 원리, 다양한 항공기 모형 전시, 실제 비행기의 조종석을 체험할 수 있는 공간 등으로 구성되어 있습니다. 비행사, 정비사, 승무원 등 다양한 직업복을 입고 사진을 찍을 수 있는 포토존도 마련되어 있습니다.
2층: 우주관
우주 탐험과 관련된 전시물과 함께, 은하계 느낌의 천장 장식, 4D 영상관, 디오라마존, 미래 우주·항공도시 모형 등이 있습니다. 버튼을 누르면 움직이는 모형도 체험할 수 있습니다.
체험 공간
종이비행기 만들기 및 날리기 체험, VR(가상현실) 시뮬레이터, 비행기 탈출 슬라이드(미끄럼틀) 등 직접 만지고 움직이는 활동이 풍성합니다.
4D 영상관에서는 영상에 진동·바람·향기 등 오감을 자극하는 특수효과를 더해 실제 비행이나 우주탐험을 간접적으로 경험할 수 있습니다.
T-50 블랙이글스 비행 시뮬레이션 체험도 가능합니다.
에너지·환경 체험
신재생에너지로 비행기를 움직여 보는 에너지 체험존이 있어 과학적 사고력을 키우기에도 좋습니다.
시설이 전면 리뉴얼되어 내부가 쾌적하고, 아이들 눈높이에 맞춰 다양한 체험과 설명이 준비되어 있습니다.
엘리베이터, 수유실, 기저귀교환대, 유모차대여, 주차 등의 편의시설이 제공되어 관람이 편리합니다.
전시·체험 운영시간, VR·4D 등 일부 프로그램은 현장 신청 및 별도 유료 체험이 있으니, 방문 전 시간표와 가능 인원을 미리 확인하는 것이 좋습니다.
사천우주항공박물관과 인근하여 통합입장권 이용이 가능하며, 더욱 알찬 관람이 가능합니다.
1층 항공산업체험관에서는 항공 직업(조종사, 승무원, 정비사)별 의상 착용하고 포토존에서 촬영해 볼 수 있습니다.
종이비행기 날리기 및 비행기 조립키트 만들기 체험(4,000원)이 가능합니다.
4D 영상관은 초등학생 이상 관람 가능하며, 상영 시간은 17분입니다. 좌석은 선착순으로 총 50석이 있으니 미리 확인하는 것이 좋습니다.
VR 체험으로 패러글라이딩 가상 비행체험 VR, 전투기 조종사 VR, 슈퍼윙스 VR이 제공됩니다. 2층에서는 무료로 VR체험과 공기 튜브를 활용한 비행 항로체험을 즐길 수 있습니다.
우주정거장에서는 우주복을 입어볼 수 있고, 색칠놀이 등도 제공합니다.
어른: 3,000원
청소년, 군인: 2,000원
어린이: 1,500원
체험
4D영상관(어른): 2,000원
4D영상관(청소년, 군인): 1,500원
4D영상관(어린이): 1,000원
VR 가상체험(어른): 3,000원
VR 가상체험(청소년, 군인): 2,500원
VR 가상체험(어린이): 2,000원
VR 가상체험(유아): 1,500원
4D영상관(어른): 2,000원
4D영상관(청소년, 군인): 1,500원
4D영상관(어린이): 1,000원
VR 가상체험(어른): 3,000원
VR 가상체험(청소년, 군인): 2,500원
VR 가상체험(어린이): 2,000원
VR 가상체험(유아): 1,500원
슈퍼윙스 VR: 만 3세(유아) ~ 만 12세 이하
전투기 VR: 만 7세(초등학생) 이상
패러글라이딩 VR: 만 7세(초등학생) 이상
비행기와 우주에 대한 호기심이 있는 아이
직접 만지고 체험하는 것을 좋아하는 어린이
가족이 함께 과학적 상상력을 키우고 싶은 분","一层：航空展厅

本展厅包含飞机历史和原理的展览、各种飞机模型展示，以及一个可供参观者体验真实飞机驾驶舱的空间。此外，还设有拍照区，参观者可以穿着各种专业制服拍照，例如飞行员、机械师和空乘人员的制服。

二层：太空展厅

除了与太空探索相关的展览外，本展厅还设有以星系为主题的天花板装饰、4D影院、立体模型区以及未来太空和航空城市的模型。参观者还可以体验按下按钮即可移动的模型。

体验区

这里提供丰富的互动体验活动，包括制作和放飞纸飞机、VR（虚拟现实）模拟器和飞机逃生滑梯。

在4D影院中，视频中添加了刺激五感的特效——例如震动、风和气味——让参观者间接地体验真实的飞行或太空探索。

这里还提供T-50黑鹰战斗机的飞行模拟器。

能源与环境体验

这里设有能源体验区，游客可以尝试使用可再生能源为飞机提供动力，是培养科学思维的绝佳场所。该设施已全面翻新，内部环境舒适宜人，并提供各种专为儿童设计的体验和讲解。

为了方便游客参观，这里配备了电梯、哺乳室、婴儿换尿布台、婴儿车租赁和停车场等便利设施。

请注意，展览和体验的开放时间各不相同，部分项目（例如VR和4D）需要现场注册或单独付费。建议您在参观前提前查看开放时间和人数限制。

由于毗邻泗川航空博物馆，您可以购买联票，让您的参观更加丰富多彩。

在一楼的航空产业体验馆，游客可以穿上代表航空职业（飞行员、空乘人员、机械师）的服装，并在​​拍照区拍照留念。

这里提供纸飞机飞行和飞机组装套件制作体验（4,000韩元）。

4D影院面向小学生及以上年龄段开放，放映时长17分钟。座位有限，先到先得，总共50个座位，建议提前预订。

VR体验包括滑翔伞虚拟飞行VR、战斗机飞行员VR和超级飞侠VR。二楼提供免费VR体验和使用气管的飞行路径模拟。

在太空站，您可以试穿宇航服，还可以参与涂色活动。

成人：3,000 韩元

青少年、军人：2,000 韩元

儿童：1,500 韩元

体验

4D 影院（成人）：2,000 韩元

4D 影院（青少年、军人）：1,500 韩元

4D 影院（儿童）：1,000 韩元

VR 虚拟体验（成人）：3,000 韩元

VR 虚拟体验（青少年、军人）：2,500 韩元

VR 虚拟体验（儿童）：2,000 韩元

VR 虚拟体验（幼儿）：1,500 韩元

4D 影院（成人）：2,000 韩元

4D 影院（青少年、军人）：1,500 韩元

4D 影院（儿童）：1,000 韩元

VR 虚拟体验（成人）：3,000 韩元已售

VR虚拟体验（青少年、军人）：2,500韩元

VR虚拟体验（儿童）：2,000韩元

VR虚拟体验（幼儿）：1,500韩元

超级飞侠VR：3岁（幼儿）至12岁及以下

战斗机VR：7岁（小学生）及以上

滑翔伞VR：7岁（小学生）及以上

对飞机和太空充满好奇的孩子

喜欢动手体验的孩子

希望与家人一起培养科学想象力的家庭"
"[입장료] 어른 3,000원, 청소년·군인 2,000원, 어린이 1,500원입니다. [체험] 비행기 조립키트 만들기 4,000원, 4D영상관(어른 2,000원/청소년,군인 1,500원/어린이 1,000원), VR 가상체험(어른 3,000원/청소년,군인 2,500원/어린이 2,000원/유아 1,500원)입니다. 각 체험별로 연령 제한이 있으니 확인 후 이용해 주세요.","【入场费】成人3,000韩元，青少年及军人2,000韩元，儿童1,500韩元。【活动】飞机模型组装（4,000韩元），4D影院（成人2,000韩元/青少年及军人1,500韩元/儿童1,000韩元），VR虚拟体验（成人3,000韩元/青少年及军人2,500韩元/儿童2,000韩元/幼儿1,500韩元）。请在参与各项活动前查看其年龄限制。"
대전놀이과학관,大田游乐科学博物馆
대전광역시 유성구 대덕대로 507-50 대전교육과학연구원,大田教育科学研究院，大田市儒城区大德大路507-50号
"[요금]
무료
[이용안내]
3월 ~ 10월 운영시간 - 1회차 10:00 ~ 11:30 / 2회차 13:30 ~ 15:00 / 3회차 15:30 ~ 17:00
11월 ~ 2월 운영시간 - 1회차 10:00 ~ 11:20 / 2회차 13:20 ~ 14:40 / 3회차 15:00 ~ 16:00","【费用】

免费
【使用指南】

3月至10月 开放时间 - 第一时段：10:00 – 11:30 / 第二时段：13:30 – 15:00 / 第三时段：15:30 – 17:00

11月至次年2月 开放时间 - 第一时段：10:00 – 11:20 / 第二时段：13:20 – 14:40 / 第三时段：15:00 – 16:00"
서울특별시교육청융합과학교육원 남산분원 탐구학습관,首尔市教育厅南山分部探究式学习中心融合科学教育中心
서울특별시 중구 소파로 46 서울특별시교육연구정보원,首尔市教育研究信息服务厅，首尔市中区索帕罗路46号
"[요금]
무료
[이용안내]
휴게시간 - 12:00 ~ 13:00","【费用】

免费

【使用指南】

休息时间：12:00 ~ 13:00"
남산분원 탐구학습관의 입장료와 모든 체험 프로그램 이용은 무료입니다.,南山分馆探索学习中心的入场和所有体验项目的使用均免费。
해양생태과학관,海洋生态系统科学博物馆
경기도 시흥시 거북섬서로 35 해양생태과학관,京畿道始兴市巨北岛西路35号海洋生态科学馆
"[요금]
어린이: 4,000원
청소년/군인: 6,000원
성인: 8,000원
5세 이하의 영유아, 65세 이상: 무료
시흥시민: 50% 할인 적용
[관람 시간(사전 예약)]
1회: 10시~12시
2회: 12시~14시
3회: 14시~16시
4회: 16시~18시
[프로그램]
<해양동물 구조·치료 체험교육>
일시: 매주 금(10시 30분/13시 30분/15시 30분)
인원: 회차당 8명
소요 시간: 약 20분~30분
신청 방법: 현장 신청(선착순)
<주말 과학관 특별교육>
운영 - 1회차: 11시/2회차: 12시
신청 방법 - 홈페이지 예약
<도슨트 투어>
운영 - 1회차: 10시 10분/2회차: 14시 10분
신청 방법 - 현장 예약
[이용안내]
입장 마감: 17시 30분
휴관: 매주 월요일(월요일이 공휴일일 경우, 익일 휴관)","【入场费】

儿童：4,000 韩元

青少年/军人：6,000 韩元

成人：8,000 韩元

5 岁及以下婴幼儿，以及 65 岁及以上老人：免费

始兴市市民：半价优惠

【参观时间（需提前预约）】

场次 1：10:00–12:00

场次 2：12:00–14:00

场次 3：14:00–16:00

场次 4：16:00–18:00

【活动内容】

<海洋动物救援与治疗体验教育>

日期：每周五（10:30 / 13:30 / 15:30）

人数：每场 8 人

时长：约20-30分钟

报名方式：现场报名（先到先得）

<周末科学馆特别教育>

开放时间：第一场：11:00 / 第二场：12:00

报名方式：网站预约

<讲解员导览>

开放时间：第一场：10:10 / 第二场：14:10

报名方式：现场预约

[须知]

最后入场时间：17:30

闭馆日：每周一（如遇周一为公众假期，则顺延至次日）"
부천천문과학관,富川天文科学中心
경기도 부천시 부천로264번길 117 도당근린공원,道堂邻里公园，京畿道富川市富川路264号街117号
"[요금]
성인: 4,000원
아동,청소년(8~19세): 2,000원
유아(5~7세): 1,000원
부천성인시민 및 자매도시는 50% 할인
[이용안내]
휴게시간 11:30 - 12:30 / 17:30 - 18:30(금,토)
법정공휴일 다음 날 휴무
모든 체험프로그램은 5세 이상만 가능, 일부 프로그램은 초등학생 이상부터 가능
[프로그램]
천체투영관 / 강의&만들기 / 강의&관측
시기에 따라 프로그램의 내용과 진행 방식이 다를 수 있으니 예약 시 확인해 주세요.","【费用】

成人：4,000 韩元

儿童及青少年（8-19岁）：2,000 韩元

幼儿（5-7岁）：1,000 韩元

富川市居民及姐妹城市居民可享5折优惠

【使用指南】

休息时间：11:30 - 12:30 / 17:30 - 18:30（周五、周六）

节假日次日闭馆

所有体验项目均适合5岁及以上儿童；部分项目也适合小学生及以上年龄段儿童。

【项目】

天文馆 / 讲座及手工 / 讲座及观测

项目内容及流程可能因季节而异，请在预约时确认。"
월요일정기휴무화요일09:30 ~ 17:30수요일09:30 ~ 17:30목요일09:30 ~ 17:30금요일09:30 ~ 21:30토요일09:30 ~ 21:30일요일09:30 ~ 17:30,"周一休息

周二 09:30 ~ 17:30

周三 09:30 ~ 17:30

周四 09:30 ~ 17:30

周五 09:30 ~ 21:30

周六 09:30 ~ 21:30

周日 09:30 ~ 17:30"
국립과천과학관 곤충생태관,国立果川科学博物馆昆虫生态馆
"[요금]
성인: 4,000원
청소년: 2,000원
유아: 무료","【费用】

成人：4,000韩元

青少年：2,000韩元

婴幼儿：免费"
수소안전뮤지엄,氢安全博物馆
충북 음성군 맹동면 연미로 360-33,忠清北道阴城郡孟东面研美路360-33
"수소안전뮤지엄은 충청북도 음성군 맹동면 연미로 360-33에 위치해 있으며, 한국가스안전공사가 운영하는 체험 및 교육 중심의 전시관입니다.
이곳은 가스와 수소의 안전에 대한 정보를 쉽고 재미있게 알려주며, 특히 아이들이 직접 체험하면서 자연스럽게 미래 에너지에 대한 이해를 넓힐 수 있도록 다양한 프로그램과 전시를 제공합니다.
1층에는 로비와 안내데스크, 휴게실, 체험교육실이 있으며, 2층에는 본격적인 체험과 교육이 이루어지는 공간들이 마련되어 있습니다.
가스안전체험관
가스 안전 클래스, 가스 기초 상식, 가스 누출 시 응급조치 요령 등 일상 속에서 꼭 알아야 할 안전 정보를 직관적인 그래픽과 체험형 콘텐츠로 배울 수 있습니다.
'가스안전 리마인드', '가스 안전 챔버' 등에서는 실제로 위험요소를 찾아보고, 사고 예방법을 익히는 체험도 가능합니다.
가스 안전 클래스, 가스 기초 상식, 가스 누출 시 응급조치 요령 등 일상 속에서 꼭 알아야 할 안전 정보를 직관적인 그래픽과 체험형 콘텐츠로 배울 수 있습니다.
'가스안전 리마인드', '가스 안전 챔버' 등에서는 실제로 위험요소를 찾아보고, 사고 예방법을 익히는 체험도 가능합니다.
수소안전홍보관
수소의 친환경성, 안전성, 미래 에너지로서의 가능성 등을 주제별로 영상과 전시, 다양한 모형을 통해 흥미롭게 접근할 수 있습니다.
수소 저장 용기의 안전성, 충전소의 안전 기술 등 실제 생활에 적용되는 안전장치들을 직접 살펴보고 간접적으로 체험할 수 있도록 구성되어 있습니다.
2050년 미래 수소 사회의 모습을 상상하고, 수소 경제의 의미와 국제 동향, 기후변화 극복에 관한 정보도 얻을 수 있습니다.
수소의 친환경성, 안전성, 미래 에너지로서의 가능성 등을 주제별로 영상과 전시, 다양한 모형을 통해 흥미롭게 접근할 수 있습니다.
수소 저장 용기의 안전성, 충전소의 안전 기술 등 실제 생활에 적용되는 안전장치들을 직접 살펴보고 간접적으로 체험할 수 있도록 구성되어 있습니다.
2050년 미래 수소 사회의 모습을 상상하고, 수소 경제의 의미와 국제 동향, 기후변화 극복에 관한 정보도 얻을 수 있습니다.
4D 영상관
지구의 기후변화, 미래 에너지 사회, 수소를 활용한 도시의 모습을 생생한 4D 영상으로 경험할 수 있어 어린이와 청소년들에게 특히 인기가 많습니다.
지구의 기후변화, 미래 에너지 사회, 수소를 활용한 도시의 모습을 생생한 4D 영상으로 경험할 수 있어 어린이와 청소년들에게 특히 인기가 많습니다.
수소안전뮤지엄은 가스안전 체험관, 수소안전 홍보관, 4D 영상관으로 구성되어 있습니다.
흥미로운 프로그램으로 아이들이 즐겁게 즐기며 수소에 대한 이해가 생깁니다.
관람은 무료이며, 매주 월요일과 일요일, 1월 1일 및 설·추석 연휴에는 휴관합니다. 공휴일은 운영됩니다.
운영 시간: 오전 9시 ~ 오후 6시 (점심시간 12:00~13:00에는 휴식)
체험 시작 10분 전까지 입장해야 하며, 안내 데스크에 출석 확인을 하셔야 합니다.
대기공간에서 수소에 대한 영상을 볼 수 있습니다.
수소 과학실과 수소 놀이터가 신설되었고, 수소 과학실은 사전 예약 필수이니 도슨트 투어 예약 시 함께 예약해 주세요.
관람 도중 퇴장이 불가하니 관람 전 미리 화장실을 다녀오시는 것을 추천합니다.
4D 영상관에서는 관람 중 바람과 함께 의자가 심하게 흔들리니 어지러움이 느껴지면 손을 들어 알려주세요.
해설사 선생님의 설명이 있는 도슨트 프로그램을 신청하면 이해하기가 쉬워서 더 알차게 즐길 수 있습니다.
도슨트는 홈페이지에서 사전 예약 후 방문해야 합니다.
방문 당일 수소안전뮤지엄에서 인원 변동, 방문사항 변경 등을 유선으로 체크하니 전화를 받아주세요.
1층에 가족 화장실, 수유실, 유모차 대여, 물품 보관함이 있습니다.
전용 주차장이 있으며, 주차비는 무료입니다.
전시관 앞에는 포토존도 마련되어 있어 가족 사진을 남기기에 좋습니다.
수소안전뮤지엄 주변에는 진천 석장리 고대철생산유적, 봉암성지, 맹동성지 등 역사와 자연을 느낄 수 있는 명소들이 있어 하루 일정으로 다양하게 즐기기 좋습니다.
수소라는 다소 낯선 미래 에너지를 아이와 함께 쉽고 재미있게 접할 수 있는 특별한 경험의 장입니다.
안전에 대한 지식과 태도, 미래 사회에 대한 호기심을 키울 수 있어 모든 가족에게 추천합니다.
체험형 전시와 4D 미디어, 친환경 미래 사회에 대한 정보까지, 아이와 부모 모두에게 유익하고 즐거운 시간이 될 것입니다.
요금: 무료
프로그램

정규 전시해설 프로그램
대상: 성인, 청소년, 어린이 (회차별 선착순 20명)
운영일정: 매주 화요일~토요일
운영시간: 10시, 11시, 13시, 14시, 15시, 16시
소요시간: 50분
이용방법: 안내데스크 문의
말랑말랑 수소 놀이터
대상: 7세, 초등 1~3학년 단체 예약자
교육일정: 매주 화요일~토요일 상시 운영
장소: 1층 교육장 3
시간: 60분
이용방법: 네이버 사전 예약
뚝딱뚝딱 수소 과학실
대상: 초등 4~6학년, 중등 1~3학년
교육일정: 매주 화~목요일 10시, 13시, 15시
장소: 1층 교육장 2
시간: 1시간 40분
이용방법: 네이버 사전 예약
정규 전시해설 프로그램
대상: 성인, 청소년, 어린이 (회차별 선착순 20명)
운영일정: 매주 화요일~토요일
운영시간: 10시, 11시, 13시, 14시, 15시, 16시
소요시간: 50분
이용방법: 안내데스크 문의
대상: 성인, 청소년, 어린이 (회차별 선착순 20명)
운영일정: 매주 화요일~토요일
운영시간: 10시, 11시, 13시, 14시, 15시, 16시
소요시간: 50분
이용방법: 안내데스크 문의
말랑말랑 수소 놀이터
대상: 7세, 초등 1~3학년 단체 예약자
교육일정: 매주 화요일~토요일 상시 운영
장소: 1층 교육장 3
시간: 60분
이용방법: 네이버 사전 예약
대상: 7세, 초등 1~3학년 단체 예약자
교육일정: 매주 화요일~토요일 상시 운영
장소: 1층 교육장 3
시간: 60분
이용방법: 네이버 사전 예약
뚝딱뚝딱 수소 과학실
대상: 초등 4~6학년, 중등 1~3학년
교육일정: 매주 화~목요일 10시, 13시, 15시
장소: 1층 교육장 2
시간: 1시간 40분
이용방법: 네이버 사전 예약
대상: 초등 4~6학년, 중등 1~3학년
교육일정: 매주 화~목요일 10시, 13시, 15시
장소: 1층 교육장 2
시간: 1시간 40분","氢能安全博物馆位于忠清北道阴城郡孟洞面延美路360-33号，是由韩国燃气安全公社运营的体验式教育展览馆。

该博物馆以轻松有趣的方式提供燃气和氢气安全知识。尤其值得一提的是，博物馆提供各种项目和展览，旨在通过动手实践，让孩子们自然而然地加深对未来能源的理解。

一楼设有大厅、咨询台、休息室和体验式教育室，二楼则配备了用于开展全方位体验和教育的空间。

燃气安全体验馆

参观者可以通过直观的图示和互动内容，学习日常生活中重要的安全知识，例如燃气安全课程、燃气基础知识以及燃气泄漏应急处理程序。

在“燃气安全提示”和“燃气安全舱”等区域，参观者还可以参与动手实践，识别实际的危险并学习事故预防方法。

参观者可以通过直观的图示和互动内容，学习日常生活中重要的安全信息，例如燃气安全课程、燃气基础知识以及燃气泄漏应急处理程序。在“燃气安全提示”和“燃气安全舱”等区域，参观者可以参与实践体验，识别实际危险并学习事故预防方法。

氢能安全推广馆

参观者可以通过按主题分类的视频、展览和各种模型，了解氢能作为未来能源的环保性、安全性和潜力。

该展馆旨在让参观者直接观察并间接体验实际应用中的安全装置，例如氢气储存容器的安全性以及充电站使用的安全技术。

参观者可以展望2050年的未来氢能社会，并了解氢能经济的重要性、国际趋势以及应对气候变化的措施。

参观者可以通过按主题分类的视频、展览和各种模型，了解氢能作为未来能源的环保性、安全性和潜力。

该展厅旨在让参观者直接观察并间接体验实际应用中的安全装置，例如氢气储存容器的安全性以及充电站使用的安全技术。

参观者可以展望2050年的未来氢能社会，并了解氢能经济的重要性、国际趋势以及如何应对气候变化。4D影院

4D影院尤其受到儿童和青少年的欢迎，他们可以通过生动的4D视频体验全球气候变化、未来能源社会以及利用氢能的城市。

氢能安全博物馆由气体安全体验馆、氢能安全宣传馆和4D影院组成。

通过趣味十足的活动，孩子们可以在玩乐中了解氢能。

博物馆免费入场。每周一、周日、1月1日、农历新年和中秋节闭馆。节假日照常开放。

开放时间：上午 9:00 至下午 6:00（中午 12:00 至下午 1:00 午休）

您必须至少提前 10 分钟入场，并在咨询台确认您的预约。

您可以在等候区观看有关氢能的视频。

我们新近设立了氢能科学室和氢能游乐场。氢能科学室需要提前预约，因此请在预约讲解员导览时一并预约。参观过程中不允许中途离场，因此我们建议您提前使用洗手间。

在 4D 影院中，座椅会在放映过程中因风效而剧烈摇晃，如果您感到头晕，请举手告知我们。

报名参加讲解员导览项目，即可获得专业讲解，让您更容易理解体验内容，并更充分地享受参观乐趣。

您必须提前通过网站预约讲解员导览项目。

参观当天，氢能安全博物馆会通过电话确认参观人数或相关信息，请您务必接听电话。

一楼设有家庭洗手间、哺乳室、婴儿车租赁处和储物柜。

博物馆设有专用停车场，停车免费。

展厅前设有拍照区，是拍摄全家福的绝佳地点。

氢能安全博物馆附近有许多景点，您可以体验历史和自然风光，例如镇川石藏里古代炼铁遗址、奉岩圣地和孟洞圣地，非常适合一日游。

这里是一个特别的场所，您可以和孩子一起轻松愉快地了解氢能这种略显陌生的未来能源。我们推荐全家前来参观，因为它不仅能培养安全意识和态度，还能激发孩子们对未来社会的好奇心。

通过互动展览、4D媒体和有关环保未来社会的信息，这将是一段对儿童和家长都有益且愉快的时光。费用：免费

项目

常规展览导览项目

目标受众：成人、青少年、儿童（先到先得，每场限20人）

开放时间：每周二至周六

开放时段：10:00、11:00、13:00、14:00、15:00、16:00

时长：50分钟

使用方法：请咨询服务台

玛琅玛琅氢能游乐场

目标受众：7岁及以上儿童、小学1-3年级学生（团体预约）

开放时间：每周二至周六

地点：一楼3号教育室

时长：60分钟

使用方法：通过Naver提前预约

DIY氢能科学实验室

目标受众：小学4-6年级学生、初中1-3年级学生

开放时间：每周二至周四 10:00、13:00、15:00

地点：一楼教育室 2

时长：1 小时 40 分钟

使用方法：通过 Naver 提前预约

常规展览导览项目

目标人群：成人、青少年、儿童（先到先得，每场 20 人）

运营时间：每周二至周六

运营时间：10:00、11:00、13:00、14:00、15:00、16:00

时长：50 分钟

使用方法：请咨询服务台

目标人群：成人、青少年、儿童（先到先得，每场 20 人）

运营时间：每周二至周六

运营时间：10:00、 11:00、13:00、14:00、15:00、16:00

时长：50分钟

使用方法：请咨询服务台

玛琅玛琅氢能游乐场

目标人群：7岁及小学1-3年级团体预约

教育时间：周二至周六每日开放

地点：一楼3号教育室

时长：60分钟

使用方法：通过Naver提前预约

目标人群：7岁及小学1-3年级团体预约

教育时间：周二至周六每日开放

地点：一楼3号培训室

时长：60分钟

使用方法：通过Naver提前预约

DIY氢能科学实验室

目标人群：小学4-6年级、初中1-3年级

授课时间：每周二至周四 10:00、13:00 和 15:00

地点：一楼培训室 2

时长：1 小时 40 分钟

使用方法：通过 Naver 提前预约

目标受众：小学 4-6 年级，初中 1-3 年级

授课时间：每周二至周四 10:00、13:00 和 15:00

地点：一楼培训室 2

时长：1 小时 40 分钟"
월요일정기휴무화요일09:00 ~ 18:00수요일09:00 ~ 18:00목요일09:00 ~ 18:00금요일09:00 ~ 18:00토요일09:00 ~ 18:00일요일정기휴무,"周一休息

周二 09:00 ~ 18:00

周三 09:00 ~ 18:00

周四 09:00 ~ 18:00

周五 09:00 ~ 18:00

周六 09:00 ~ 18:00

周日休息"
"수소안전뮤지엄의 관람과 체험 프로그램, 주차 등 모든 이용 요금은 무료입니다. 단, ‘말랑말랑 수소 놀이터’, ‘뚝딱뚝딱 수소 과학실’, 도슨트 투어 등 일부 프로그램은 네이버 또는 홈페이지를 통한 사전 예약이 필수이며, 사전에 예약하지 않은 경우 이용이 제한될 수 있습니다.",氢能安全博物馆的入场、体验项目和停车均免费。但部分项目，例如“软氢游乐场”、“DIY氢能科学实验室”和讲解员导览，必须提前通过Naver或博物馆官网预约；如未提前预约，可能无法参与。
모카가든,摩卡花园
경기도 남양주시 다산순환로 50 현대프리미엄아울렛 SPACE1,京畿道南杨州市茶山环形路 50 号现代名牌折扣店 SPACE1
월요일10:30 ~ 20:00화요일10:30 ~ 20:00수요일10:30 ~ 20:00목요일10:30 ~ 20:00금요일10:30 ~ 20:00토요일10:30 ~ 20:00일요일10:30 ~ 20:00,星期一 10:30 ~ 20:00 星期二 10:30 ~ 20:00 星期三 10:30 ~ 20:00 星期四 10:30 ~ 20:00 星期五 10:30 ~ 20:00 星期六 10:30 ~ 20:00 星期日 10:30 ~ 20:00
"모카가든은 별도의 입장료나 예약 없이 누구나 무료로 입장할 수 있습니다. 현대프리미엄아울렛 SPACE1 3층에 위치해 있으며, 부담 없이 방문하실 수 있습니다.",Moka Garden免费向所有人开放，无需单独购票或预约。它位于现代奥特莱斯SPACE1的3楼，您可以轻松自在地前往参观。
이상원미술관 뮤지엄스테이,李相元美术馆博物馆住宿
강원특별자치도 춘천시 사북면 화악지암길 99,江原道春川市沙北面华岳岩路99
"[요금]
시기별로 요금이 상이하여, 예약페이지를 확인해 주세요.
[뮤지엄스테이 프로그램]
미술관 관람 + 스테이 + 공방체험 + 쉼 + 자연
[부대시설]
레스토랑 라운지05 / 도자공방 / 금속공방 / 미술공방 / 카페","【价格】

价格会随季节变化，请查看预订页面。

【博物馆住宿套餐】

博物馆参观 + 住宿 + 工作坊体验 + 休闲放松 + 自然探索

【设施】

餐厅休息室 05 / 陶艺工作坊 / 金属工艺工作坊 / 艺术工作坊 / 咖啡厅"
문화실험공간 호수,文化实验空间湖
서울특별시 송파구 송파나루길 256 문화공간 호수,首尔特别市松坡区松坡路路 256 丰水文化空间
"입장료 무료
월요일 및 공휴일 휴관","免费入场

周一及公众假期闭馆"
"입장료는 무료입니다. 영업시간은 화요일~일요일 10:00~20:00이며, 월요일과 공휴일은 휴관입니다.",免费入场。开放时间为周二至周日10:00至20:00，周一及公众假期闭馆。
노랑다리미술관,黄桥艺术博物馆
경기도 가평군 청평면 양진길 42-12,京畿道加平郡清平面阳津路42-12
"입장료(음료포함) - 8,000원(성인) / 5,000원(어린이)
[시설]
온실카페, 전시관, 온실, 야외테라스, 야외전시관, 미술체험공간(그림그리기)","入场费（含饮料） - 成人 8,000 韩元 / 儿童 5,000 韩元

[设施]

温室咖啡厅、展览厅、温室、户外露台、户外展览区、艺术体验空间（绘画）"
"입장료는 성인 8,000원, 어린이 5,000원이며, 입장료에는 음료 1잔이 포함되어 있습니다. 운영시간은 매일 오전 10시부터 오후 5시까지입니다.",成人门票8000韩元，儿童门票5000韩元，均包含一杯饮品。营业时间为每日上午10:00至下午5:00。
성수미술관 스타필드 안성점,圣寿美术馆星空安城分馆
경기도 안성시 공도읍 서동대로 3930-39 스타필드 안성 B1층 B120호,京畿道安城市公都邑西洞大路3930-39号，星空安城B1层B120单元
"[요금]
1인 이용권: 23,000원
보호자 입장권: 12,000원
자세한 메뉴 및 요금은 첨부된 이미지를 확인해 주세요.","【价格】

单人票：23,000 韩元

陪同票：12,000 韩元

请查看附图了解详细菜单和价格。"
"이용 시간은 무제한이지만, 주말이나 대기자가 많은 경우 2시간으로 제한될 수 있습니다. 1인 이용권은 23,000원, 보호자 입장권은 12,000원입니다.","使用时间不限，但周末或高峰时段可能限制为2小时。单人票23,000韩元，监护人票12,000韩元。"
어린이미술관자란다,儿童艺术博物馆成长记
경기도 파주시 탄현면 새오리로427번길 38-6,京畿道坡州市炭县面新利路427街38-6
"일반관람
어린이 20,000원 / 성인 8,000원 / 24개월 미만 무료
할인혜택: 파주 어린이 10% / 15인 이상 단체 10%
교육프로그램 참여 비용은 별도이며 각 프로그램에 따라 상이","普通门票

儿童 20,000 韩元 / 成人 8,000 韩元 / 24 个月以下儿童免费

优惠：坡州市儿童享 10% 折扣 / 15 人及以上团体享 10% 折扣

教育项目的参与费用另计，具体费用因项目而异。"
월요일정기휴무화요일정기휴무수요일정기휴무목요일정기휴무금요일정기휴무토요일10:00 ~ 17:00일요일10:00 ~ 17:00,周一、周二、周三、周四、周五休息。周六、周日上午10:00至下午5:00营业。
"입장료는 어린이 20,000원, 성인 8,000원이며 24개월 미만은 무료입니다. 파주 어린이는 10% 할인, 15인 이상 단체도 10% 할인 혜택이 있습니다. (65세 이상, 국가보훈대상자, 장애인 무료 입장은 기존 정보에 없어 안내하지 않습니다.) 모든 할인 및 무료 입장은 신분증이나 관련 서류가 필요할 수 있으니 준비해 주세요.","儿童门票为20,000韩元，成人门票为8,000韩元，24个月以下儿童免费。坡州市居民儿童可享10%折扣，15人及以上团体也可享10%折扣。（现有信息未包含65岁及以上老人、国家功勋获得者及残疾人士的免费入场优惠。）请携带身份证明或其他相关文件，以便享受折扣和免费入场时出示。"
르 스페이스,Le Space
인천광역시 중구 공항문화로 127 인스파이어 1층,仁川广域市中区空港文化路 127 Inspire 1 楼
"[요금]
일반(성인): 28,000원
소인(36개월~13세): 20,000원
[이용안내]
입장마감: 20시 10분","【入场费】

成人：28,000韩元

儿童（36个月至13岁）：20,000韩元

【入场须知】

最后入场时间：20:10"
"관람 시간은 약 2시간 정도 소요됩니다. 내부에는 세게 나오는 소리, 어두운 분위기, 향기 자극이 있어 예민한 분은 마스크를 챙기는 것을 추천합니다. 전시는 Part 1과 Part 2로 나뉘고, 마지막에는 우주 영상을 체험할 수 있습니다. 잠깐 쉴 수 있는 공간도 마련되어 있습니다.",参观大约需要两个小时。由于室内噪音较大、光线昏暗且气味浓烈，如果您对这些气味比较敏感，我们建议您携带口罩。展览分为第一部分和第二部分，最后您还可以观看一段太空影像。此外，我们还提供短暂休息的空间。
"성인(만 14세 이상)은 28,000원, 소인(36개월~13세)은 20,000원입니다. 36개월 미만 유아는 보호자 동반 시 무료입장이 가능합니다. 입장 마감 시간은 20시 10분까지입니다.","成人（14岁及以上）门票为28,000韩元，儿童（36个月至13岁）门票为20,000韩元。36个月以下的婴儿在监护人陪同下可免费入场。最后入场时间为晚上8:10。"
국립현대미술관 청주,清州国立现代美术馆
충청북도 청주시 청원구 상당로 314 문화제조창 청주시청제2임시청사 국립현대미술관 청주,清州国立现代美术馆
"[요금]
무료
전시별 가격이 상이하니, 자세한 내용은 홈페이지를 확인해 주세요.","【入场费】

免费。价格因展览而异，详情请查看网站。"
예송미술관,艺松美术馆
서울특별시 송파구 백제고분로 242 송파구의회및구민회관,首尔特别市松坡区百济古分路 242 松坡区议会社区中心
오픈그린,开放绿地
경상북도 영천시 화산면 가래실로 364 시안미술관,庆尚北道永川市华山面加来实路364号西安美术馆
"[요금]
파티하우스(돌잔치전용) - 1부 50만원 / 2부 40만원
파티하우스(일반모임) - 1부 25만원 / 2부 25만원
캠프 - 평일 12만원 / 주말 19만원
호밍(반일제 당일캠핑) - 모두 10만원 동일
피크닉(반일제 피크닉) - 모두 7만원 동일
[이용안내]
파티하우스(돌잔치전용) - 1부 11시~3시 / 2부 16시~20시
파티하우스(일반모임) - 1부 11시~3시 / 2부 16시~20시
캠프 - 평일 11시~5시 / 주말 11시~8시
호밍(반일제 당일캠핑) - 주말 1부 10시반~3시 / 주말 2부 3시반~8시 / 평일 11시~5시
피크닉(반일제 피크닉) - 주말 1부 10시반~3시 / 주말 2부 3시반~8시 / 평일 11시 ~ 5시","【价格】

派对屋（仅限一周岁生日派对）- 第一部分 500,000 韩元 / 第二部分 400,000 韩元

派对屋（普通聚会）- 第一部分 250,000 韩元 / 第二部分 250,000 韩元

露营 - 平日 120,000 韩元 / 周末 190,000 韩元

露营（半日）- 100,000 韩元（所有活动价格相同）

野餐（半日野餐）- 70,000 韩元（所有活动价格相同）

【使用指南】

派对屋（仅限一周岁生日派对）- 第一部分 上午 11:00 至 下午 3:00 / 第二部分 下午 4:00 至 晚上 8:00

派对屋（普通聚会）- 第一部分 上午 11:00上午 10:00 至下午 3:00 / 第二部分 下午 4:00 至晚上 8:00

露营 - 平日 上午 11:00 至下午 5:00 / 周末 上午 11:00 至晚上 8:00

返乡（半日露营）- 周末第一部分 上午 10:30 至下午 3:00 / 周末第二部分 下午 3:30 至晚上 8:00 / 平日 上午 11:00 至下午 5:00

野餐（半日野餐）- 周末第一部分 上午 10:30 至下午 3:00 / 周末第二部分 下午 3:30 至晚上 8:00 / 平日 上午 11:00 至下午 5:00"
월요일정기휴무화요일정기휴무수요일정기휴무목요일정기휴무금요일정기휴무토요일10:30 ~ 20:00일요일10:30 ~ 20:00,周一、周二、周三、周四、周五休息。周六、周日上午10:30至晚上8:00营业。
"오픈그린은 월요일부터 금요일까지는 정기휴무이며, 토요일과 일요일 10:30~20:00에 운영됩니다. 파티하우스, 호밍, 캠프, 피크닉 등 공간별 요금이 다르며 예약제로 운영됩니다. 예약은 네이버 예약 또는 현장 안내 전화를 통해 가능합니다. 운영 시간과 공간별 이용 시간은 다를 수 있으니 사전에 꼭 확인해주세요.",Open Green 周一至周五因例行维护而关闭，周六和周日开放时间为 10:30 至 20:00。场地价格因场地类型而异，包括派对屋、家庭活动区、露营区和野餐区，均需提前预订。您可以通过 Naver 预订或致电现场咨询电话进行预订。请务必提前确认，因为不同场地的开放时间和使用时间可能有所不同。
화정박물관,华亭博物馆
서울특별시 종로구 평창8길 3 화정박물관,首尔特别市钟路区平昌8街3 华中博物馆
"[요금]
특별전: 7,000원~10,000원
상설전시: 3,000원~6,000원
보호자 동반 미취학아동: 무료
복지카드 소지자, 동반 1인: 무료
자세한 요금은 첨부된 이미지를 확인해 주세요.","【门票价格】

特别展览：7,000韩元至10,000韩元

常设展览：3,000韩元至6,000韩元

学龄前儿童及其监护人：免费

福利卡持有者及其一名陪同人员：免费

请查看附图了解详细门票价格。"
"화정박물관의 상설전시 입장료는 3,000원~6,000원, 특별전의 경우 7,000원~10,000원입니다. 보호자와 함께 방문하는 미취학 아동, 복지카드 소지자 및 동반 1인은 무료로 입장이 가능합니다. 특별전의 경우 요금과 관람 정책이 변동될 수 있으니 방문 전 홈페이지에서 확인해주세요.","华政美术馆常设展览的门票价格为3,000至6,000韩元，特展的门票价格为7,000至10,000韩元。学龄前儿童在监护人陪同下、持有福利卡的人士及其一名陪同人员可免费入场。由于门票价格和特展政策可能会有所变动，请在参观前查看官网。"
보이지 않는 거대한 미생물의 세계,看不见的庞大微生物世界
경기도 화성시 봉담읍 동화길 146,京畿道华城市凤潭邑桐华路146
"전시 기간: 2022.11.03.(화) ~ 상시관람
관람 시간: 9:30~18:30 (화~일)
관람료: 무료
브레이크 타임: 13:30~14:30
전시 장소: 화성시어린이문화센터 2층 사이언스랩
<전시 소개>
미생물의 세계로 초대합니다. 화성시어린이문화센터의 과학체험공간 사이언스랩에서 '보이지 않는 거대한 미생물의 세계' 상설전을 마련하였습니다. 미생물과 바이러스는 눈에 보이지 않지만, 항상 우리의 삶에 공존하고 있습니다. 이들 중에는 질병을 일으키는 나쁜 균도 있지만 사람에게 도움을 주는 좋은 균도 아주 많지요. 우리 다 함께 눈에 보이지는 않지만 거대한 매력을 지닌 미생물의 세계로 떠나볼까요?","展览日期：2022年11月3日（星期二）起，每日开放

参观时间：9:30 – 18:30（周二至周日）

入场：免费

休息时间：13:30 – 14:30

地点：华城儿童文化中心二楼科学实验室

<展览介绍>

诚邀您走进微生物的世界。华城儿童文化中心科学体验空间——科学实验室，精心准备了名为“微生物的奇妙世界”的常设展览。微生物和病毒虽然肉眼不可见，却始终与我们的生活息息相关。其中既有致病的有害细菌，也有许多对人类有益的细菌。让我们一起踏上这段探索微生物世界的旅程，感受它们虽不可见却蕴藏的巨大魅力吧！"
월요일정기휴무화요일9:30 ~ 18:30수요일9:30 ~ 18:30목요일9:30 ~ 18:30금요일9:30 ~ 18:30토요일9:30 ~ 18:30일요일9:30 ~ 18:30,"周一休息

周二 9:30 ~ 18:30

周三 9:30 ~ 18:30

周四 9:30 ~ 18:30

周五 9:30 ~ 18:30

周六 9:30 ~ 18:30

周日 9:30 ~ 18:30"
"보이지 않는 거대한 미생물의 세계' 전시는 무료로 상시 관람이 가능하며, 별도의 예약이 필요하지 않은 상설 전시입니다. 단, 일부 프로그램(예: 1층 키즈체험관)은 사전 예약이 필요할 수 있으니 방문 전 확인하시기 바랍니다.",“微生物的隐形巨型世界”展览随时免费开放，是常设展览，无需单独预约。但是，请在参观前查询，因为部分项目（例如，一楼的儿童体验馆）可能需要提前预约。
제주현대미술관,济州岛现代美术馆
제주특별자치도 제주시 한경면 저지14길 35 제주현대미술관,济州现代美术馆，济州特别自治道济州市翰庆面济地14街35号
"[이용시간]
본관 : 09:00 - 18:00
공공수장고 : 10:00 ~ 17:20(입장시간)
하절기(7월~9월): 본관 19:00, 공공수장고 18:20 (마지막 상영)
[본관 이용요금]
어른(25세이상~64세이하) : 2,000원 / 단체(10인이상) : 1,400원
청소년/군인(13세이상~24세이하/ 제복입은 하사관 이하 군인) : 1,000원 / 단체(10인이상) : 700원
어린이(7세이상~12세이하) : 500원 / 단체(10인이상) : 300원","【营业时间】

主楼：09:00 - 18:00

公共阅览室：10:00 - 17:20（最后入场）

夏季（7月至9月）：主楼 19:00，公共阅览室 18:20（最后放映）

【主楼门票】

成人（25岁及以上 - 64岁及以下）：2,000韩元 / 团体（10人及以上）：1,400韩元

青少年/军人（13岁及以上 - 24岁及以下 / 士官以下军衔的军人）：1,000韩元 / 团体（10人及以上）：700韩元

儿童（7岁及以上 - 12岁及以下）：500韩元 / 团体（10人及以上）：300韩元"
"제주현대미술관은 화요일부터 일요일까지 오전 9시부터 오후 7시까지 운영합니다. 월요일은 정기 휴무입니다. (추가적으로 설날, 추석, 1월 1일 휴관 여부는 공식 홈페이지를 참고해주세요.)",济州现代美术馆周二至周日开放，时间为上午9:00至下午7:00，周一闭馆。（此外，请查看官网了解农历新年、中秋节和1月1日的闭馆安排。）
"입장료는 어른(25세~64세) 2,000원, 청소년/군인(13~24세/제복 입은 하사관 이하) 1,000원, 어린이(7~12세) 500원입니다. 단체(10인 이상)는 각각 1,400원, 700원, 300원으로 할인됩니다. 만 6세 이하, 만 65세 이상, 장애인, 국가유공자 등은 무료 관람이 가능합니다. (정확한 할인 대상은 공식 홈페이지 참고) 매월 마지막 주 수요일 '문화가 있는 날'에는 무료입장이 가능합니다.",成人（25-64岁）门票为2000韩元，青少年及军人（13-24岁/军衔以下）门票为1000韩元，儿童（7-12岁）门票为500韩元。团体票（10人及以上）优惠价分别为1400韩元、700韩元和300韩元。6岁及以下儿童、65岁及以上老人、残疾人士及国家功勋获得者免费入场。（具体优惠条件请参考官方网站。）每月最后一个星期三为“文化日”，当天免费入场。
하슬라아트월드,哈斯拉艺术世界
강원 강릉시 강동면 율곡로 1441,江原道江陵市江东面栗谷路1441
"[입장료]
미술관+박물관+조각공원(성인) - 15,000원
미술관+박물관+조각공원(청소년) - 13,000원
미술관+박물관+조각공원(어린이) - 11,000원
자사 홈페이지 관람권 할인 구매가능 - 변동","【门票价格】

美术馆 + 博物馆 + 雕塑公园（成人） - 15,000 韩元

美术馆 + 博物馆 + 雕塑公园（青少年） - 13,000 韩元

美术馆 + 博物馆 + 雕塑公园（儿童） - 11,000 韩元

优惠门票可在官网查询 - 价格可能随时变动"
"미술관, 박물관, 조각공원 통합 입장료는 성인 15,000원, 청소년 13,000원, 어린이 11,000원입니다. 36개월 이하 유아는 무료입장이며, 모바일로 티켓을 구매하면 할인된 가격으로 이용할 수 있습니다. 요금은 변동될 수 있으니 방문 전 공식 홈페이지를 참고해 주세요.","美术馆、博物馆和雕塑公园的联票价格为：成人15,000韩元，青少年13,000韩元，儿童11,000韩元。36个月以下的婴儿免费入场。通过手机购票可享受优惠价格。价格可能会有所变动，请在参观前查看官方网站。"
토끼별미술관,兔星美术馆
천안시 서북구 성거읍 소댕이2길 1-17,天安市西北区城邑邑小田木2街1-17
"[요금]
도예체험: 25,000원
물레체험: 35,000원
[이용안내]
소요시간: 도예체험 - 1시간 30분 / 물레체험 - 1시간
이용시간:
도예체험 - 11시, 13시, 15시 / 물레체험 - 10시 30분, 11시 15분, 12시, 13시 15분, 14시, 15시 15분, 16시","【费用】

陶艺体验：25,000 韩元

拉坯体验：35,000 韩元

【使用信息】

时长：陶艺体验 - 1 小时 30 分钟 / 拉坯体验 - 1 小时

营业时间：

陶艺体验 - 11:00、13:00、15:00 / 拉坯体验 - 10:30、11:15、12:00、13:15、14:00、15:15、16:00"
월요일정기휴무화요일정기휴무수요일정기휴무목요일정기휴무금요일정기휴무토요일10:30 ~ 16:00일요일10:30 ~ 16:00,周一、周二、周三、周四、周五休息。周六、周日上午10:30至下午4:00营业。
경기도미술관,京畿道美术馆
경기도 안산시 단원구 동산로 268 경기도미술관 경기도미술관,京畿道安山市檀园区东山路268 京畿道美术馆
"[요금]
무료
[이용안내]
입장 마감: 17시
[프로그램(26년 2월 기준)]
전시해설: 무료, 현장 접수
전시연계(마음 꺼내어보기): 무료, 체험 공간에 비치된 메세지 카드를 이용한 자율참여
전시연계(비(飛)물질: 표현과 생각 사이의 틈): 무료, 관객 참여 퍼포먼스, 매주 토,일 13:00~15:00","【入场费】

免费

【参观须知】

最后入场时间：17:00

【展览项目（截至2026年2月）】

展览讲解：免费，现场报名

展览相关活动（敞开心扉）：免费，使用体验空间提供的留言卡进行自主参与

展览相关活动（非物质：表达与思想的鸿沟）：免费，观众互动表演，每周六、日 13:00–15:00"
울산시립미술관,蔚山市立美术馆
울산 중구 도서관길 72,蔚山广域市中区道学寺路72
"입장 마감 17:30
도슨트 운영 : 평일(화~금) 오후 2시 / 주말 오후 2시, 4시 (40분 소요)
[관람료]
성인 1,000원
대학학생 700원
울산시민은 관람료 50% 할인(증빙서류 지참)
19세 미만, 65세 이상 무료","最后入场时间：17:30

讲解员导览：平日（周二至周五）下午 2:00 / 周末下午 2:00 和 4:00（40 分钟）

[门票]

成人：1,000 韩元

大学生：700 韩元

蔚山市居民可享 50% 折扣（需出示公民身份证明）

19 岁以下及 65 岁以上人士免费"
아르떼뮤지엄 여수,丽水艺术博物馆
전남 여수시 박람회길 1 국제관 A동 3층,全罗南道丽水市白咸路1号国际馆A座3楼
"위치: 전남 여수시 박람회길 1 국제관 A동 3층
운영시간: 월~일 10:00~20:00
연락처: 1899-5008
지원되는 편의시설: 주차(티켓 구매 후 주차 등록 시 3시간 무료), 예약 가능
지원되지 않는 편의시설: 아기의자, 수유실, 기저귀교환대, 유모차 대여는 제공되지 않음
미디어아트 전시 특성상 어둡거나 소리가 울릴 수 있으니 이런 환경을 무서워하는 아이는 관람 시 참고해 주세요.
아이들이 직접 그린 그림이 미디어아트로 보여지는 체험이 있습니다.
전시관 내부에 화장실이 없으니 입장 전에 미리 다녀오시기 바랍니다.
입구 쪽에 물품보관함이 있습니다.
한 번 퇴장하면 재입장 불가이므로 주의하세요.
음식물 반입이 불가합니다.
유모차 대여는 제공되지 않습니다.
입장료
성인: 17,000원
청소년: 13,000원
어린이: 10,000원
미취학아동(4~7세): 8,000원
입장권+TEA BAR 성인: 20,000원
입장권+TEA BAR 청소년: 16,000원
입장권+TEA BAR 어린이: 13,000원
입장권+TEA BAR 미취학아동: 11,000원
36개월 이하 무료(증빙서류 지참)
성인: 17,000원
청소년: 13,000원
어린이: 10,000원
미취학아동(4~7세): 8,000원
입장권+TEA BAR 성인: 20,000원
입장권+TEA BAR 청소년: 16,000원
입장권+TEA BAR 어린이: 13,000원
입장권+TEA BAR 미취학아동: 11,000원
36개월 이하 무료(증빙서류 지참)
총 10개 전시 공간과 1개의 Tea Bar로 구성 (대표: FLOWER, BEACH, PINK LAGOON, LIVE SKETCHBOOK 등)
아이들이 즐길 수 있는 LIVE SKETCHBOOK 체험 제공
여수엑스포역에서 도보로 이용 가능
여수 바다가 한눈에 보이는 위치","地点：全罗南道丽水市白咸路1号国际馆A座3楼

开放时间：周一至周日 10:00–20:00

联系电话：1899-5008

可用设施：停车场（购票后登记停车可免费停车3小时），可预约停车

不可用设施：不提供儿童座椅、哺乳室、尿布更换台和婴儿车租赁服务

由于媒体艺术展览的特殊性，展馆环境可能较为昏暗或有回声。如果您携带对环境敏感的儿童参观，请注意这一点。

这里有一个以儿童绘画为媒介的媒体艺术体验展。

展馆内没有洗手间，请在进入展馆前使用洗手间。

入口附近设有行李寄存柜。

请注意，展馆外禁止再次入场。

展馆内禁止饮食。不提供婴儿车租赁服务。门票

成人：17,000 韩元

青少年：13,000 韩元

儿童：10,000 韩元

学龄前儿童（4-7岁）：8,000 韩元

门票+茶点套餐：成人：20,000 韩元

门票+茶点套餐：青少年：16,000 韩元

门票+茶点套餐：儿童：13,000 韩元

门票+茶点套餐：学龄前儿童：11,000 韩元

36 个月及以下婴儿免费（需出示年龄证明）

成人：17,000 韩元

青少年：13,000 韩元

儿童：10,000 韩元

学龄前儿童（4-7岁）：8,000 韩元

门票+茶点套餐：成人：20,000 韩元

门票+茶点套餐：青少年： 16,000 韩元

儿童门票 + 茶饮吧：13,000 韩元

学龄前儿童门票 + 茶饮吧：11,000 韩元

36 个月及以下儿童免费（需出示年龄证明）

共设有 10 个展区和 1 个茶饮吧（代表展区：花、海滩、粉红泻湖、现场速写本等）

儿童可体验现场速写本

从丽水世博站步行即可到达

坐落于可饱览丽水海景的绝佳位置"
"성인 17,000원, 청소년 13,000원, 어린이 10,000원, 미취학아동(4~7세) 8,000원, 36개월 이하 영유아는 증빙서류 지참 시 무료입니다. 또한 입장권+TEA BAR 결합 상품도 운영 중이며, 성인 20,000원, 청소년 16,000원, 어린이 13,000원, 미취학아동 11,000원입니다.","成人票价17,000韩元，青少年票价13,000韩元，儿童票价10,000韩元，学龄前儿童（4-7岁）票价8,000韩元，36个月以下婴儿凭年龄证明免费。我们还提供门票加茶饮的套餐，成人票价20,000韩元，青少年票价16,000韩元，儿童票价13,000韩元，学龄前儿童票价11,000韩元。"
아르떼뮤지엄 강릉,江陵艺术博物馆
강원 강릉시 난설헌로 131,江原道江陵市南水轩路131
"[입장료]
성인 17,000원
청소년 13,000원
어린이 10,000원
입장권+TEA BAR 성인 20,000원
입장권+TEA BAR 청소년 16,000원
입장권+TEA BAR 어린이 13,000원
36개월이하 무료(증빙서류 지참)
*강릉시민 50% 할인","【入场费】

成人 17,000 韩元

青少年 13,000 韩元

儿童 10,000 韩元

入场费 + 茶饮：成人 20,000 韩元

入场费 + 茶饮：青少年 16,000 韩元

入场费 + 茶饮：儿童 13,000 韩元

36 个月及以下儿童免费（需出示年龄证明）

*江陵市居民可享 50% 折扣"
월요일10:00 ~ 20:00화요일10:00 ~ 20:00수요일10:00 ~ 20:00목요일10:00 ~ 20:00금요일10:00 ~ 20:00토요일10:00 ~ 20:00일요일10:00 ~ 20:00,星期一 10:00 ~ 20:00 星期二 10:00 ~ 20:00 星期三 10:00 ~ 20:00 星期四 10:00 ~ 20:00 星期五 10:00 ~ 20:00 星期六 10:00 ~ 20:00 星期日 10:00 ~ 20:00
"입장료는 성인 17,000원, 청소년 13,000원, 어린이 10,000원입니다. 36개월 이하 유아는 증빙서류 지참 시 무료 입장이 가능합니다. 입장권+TEA BAR 패키지도 있으며, 강릉시민은 50% 할인 혜택이 제공됩니다.","成人票价为17,000韩元，青少年票价为13,000韩元，儿童票价为10,000韩元。36个月以下的婴儿凭年龄证明可免费入场。另有门票+茶饮套餐可供选择，江陵市居民可享受50%的折扣。"
소다미술관,索达米美术馆
경기 화성시 효행로707번길 30,京畿道华城市孝行路707街30
"[요금]
콤보(성인+음료 4,000원권) - 15,000원
성인 - 12,000원
학생 (초, 중, 고) - 8,000원
미취학 - 4,000원
가격은 전시별로 상이 할 수 있으니 홈페이지에서 확인 후 이용해 주세요.","【价格】

套餐（成人+饮品4,000韩元代金券）- 15,000韩元

成人 - 12,000韩元

学生（小学、初中、高中）- 8,000韩元

学龄前儿童 - 4,000韩元

价格可能因展览而异，请在参观前查看网站。"
월요일정기휴무화요일10:00 ~ 18:00수요일10:00 ~ 18:00목요일10:00 ~ 18:00금요일10:00 ~ 18:00토요일10:00 ~ 19:00일요일10:00 ~ 19:00,"周一休息

周二 10:00 ~ 18:00

周三 10:00 ~ 18:00

周四 10:00 ~ 18:00

周五 10:00 ~ 18:00

周六 10:00 ~ 19:00

周日 10:00 ~ 19:00"
"소다미술관의 운영시간은 화~금요일 10:00~18:00, 토·일요일 10:00~19:00입니다. 월요일은 정기 휴무입니다. 관람요금은 성인 12,000원, 학생(초·중·고) 8,000원, 미취학 4,000원, 콤보(성인+음료 4,000원권) 15,000원입니다. 단, 전시별로 가격이 달라질 수 있으니 방문 전 공식 홈페이지에서 확인해 주세요.","苏打博物馆的开放时间为周二至周五10:00至18:00，周六、周日10:00至19:00，周一闭馆。门票价格为：成人12,000韩元，学生（小学、初中、高中）8,000韩元，学龄前儿童4,000韩元，成人套票（含饮料4,000韩元）15,000韩元。但票价可能因展览而异，请在参观前查看官方网站。"
성수미술관 성수점,圣水美术馆圣水分馆
서울 성동구 성수일로8길 39 지층 B02 성수미술관,圣水美术馆，地下B02层，首尔市城东区圣水路8街39号
"[요금]
평일 1인 이용권 - 22,000원
주말 1인 이용권 - 22,000원","【价格】

平日单次票 - 22,000 韩元

周末单次票 - 22,000 韩元"
"성수미술관은 예약이 지원되는 장소로, 방문 전 사전 예약을 권장합니다. 특별한 이용 시간 제한은 없지만 대기 손님이 있을 경우에만 체험 시간이 120분으로 제한될 수 있습니다.",圣水美术馆实行预约制，建议您提前预约。参观时间没有具体限制，但如果已有其他游客等候，参观时间可能会限制在120分钟以内。
"성수미술관은 월요일부터 일요일까지 매일 12:00~22:00까지 운영됩니다. 이용 요금은 평일, 주말 모두 1인당 22,000원이며 1인 1티켓제로 운영됩니다.",圣水美术馆周一至周日每天中午12点至晚上10点开放。门票价格为每人22000韩元，平日和周末均实行每人限购一张门票的制度。
벗이미술관,贝奥伊美术馆
용인시 처인구 양지면 학촌로53번길 4지도보기,龙仁市处仁区阳地面鹤村路53街4 查看地图
"[요금]
성인: 10,000원
학생(8세 이상): 4,000원
미취학 아동, 경로, 장애인: 무료
아트 클래스: 변동
(홈페이지 사전 예약시 10% 할인)
[이용 안내]
입장 마감: 17시 30분","【入场费】

成人：10,000 韩元

学生（8 岁及以上）：4,000 韩元

学龄前儿童、老年人和残疾人士：免费

艺术课程：如有变更，恕不另行通知

（通过网站提前预约可享 10% 折扣）

【使用须知】

最后入场时间：17:30"
"성인 기준 관람 요금은 10,000원, 학생(8세 이상)은 4,000원이며, 미취학 아동과 경로, 장애인은 무료입니다. 아트 클래스 등 일부 체험 프로그램은 별도 요금이 적용될 수 있으며, 홈페이지에서 사전 예약 시 10% 할인 혜택을 받을 수 있습니다.","成人票价为10,000韩元，学生（8岁及以上）票价为4,000韩元；学龄前儿童、老年人和残疾人士免费。部分互动项目，例如艺术课程，可能需要另行付费。提前在网站上预订可享受10%的折扣。"
군산근대건축관,群山现代建筑博物馆
전북특별자치도 군산시 장미동 군산근대건축관,群山现代建筑博物馆，全罗北道群山市庄美洞
"[요금]
성인: 500원
청소년/군인: 300원
어린이: 200원
[운영 시간]
하절기(3~10월): 09:00~18:00(입장마감 17:30)
동절기(11~2월): 09:00~17:00(입장마감 16:30)
휴관일: 매주 월요일, 1월 1일, 군산 전통시장이 정한 휴무일","【入场费】

成人：500韩元

青少年/军人：300韩元

儿童：200韩元

【营业时间】

夏季（3月至10月）：9:00-18:00（最后入场时间17:30）

冬季（11月至次年2月）：9:00-17:00（最后入场时间16:30）

闭馆日：每周一、1月1日及群山传统市场指定的节假日"
동탄아트스페이스,东滩艺术空间
경기 화성시 노작로 134,京畿道华城市绿雀路134
"[전시 관람료]
무료
전시에 따라 운영시간 상이
체험 프로그램 참여 시 사전예약","【展览入场费】

免费

各展览开放时间不同

体验项目需提前预约"
구하우스 미술관,古哈故居艺术博物馆
경기 양평군 서종면 무내미길 49-12,京畿道杨平郡西宗面文内美路49-12
"[요금]
성인 15,000원
청소년 8,000원
어린이(4세~13세) 6,000원","【费用】

成人 15,000 韩元

青少年 8,000 韩元

儿童（4～13岁）6,000 韩元"
월요일정기휴무화요일정기휴무수요일13:00 ~ 17:00목요일13:00 ~ 17:00금요일13:00 ~ 17:00토요일10:30 ~ 18:00일요일10:30 ~ 18:00,"周一、周二休息

周三 13:00 ~ 17:00

周四 13:00 ~ 17:00

周五 13:00 ~ 17:00

周六 10:30 ~ 18:00

周日 10:30 ~ 18:00"
"구하우스 미술관은 월요일, 화요일 정기휴무이며, 수요일부터 금요일까지는 13:00~17:00, 토요일과 일요일은 10:30~18:00에 운영합니다. 성인 입장료는 15,000원, 청소년 8,000원, 어린이는 4세~13세 기준 6,000원입니다.","顾家美术馆周一、周二闭馆。周三至周五开放时间为13:00至17:00，周六、周日开放时间为10:30至18:00。成人票价为15,000韩元，青少年票价为8,000韩元，4至13岁儿童票价为6,000韩元。"
경주엑스포대공원,庆州世博大公园
경북 경주시 경감로 614,庆尚北道庆州市庆甘路 614
"[요금]
입장료
일반 대인 12,000원 / 일반 소인 10,000원 / 경로할인 (만 65세 이상) 4,000원 / 연회원권 35,000원
인피니티플라잉 통합권
개인: 대인 30,000원 / 소인 23,000원
단체: 대인 24,000원 / 소인 18,000원
우대: 18,000원 (만65세이상, 장애인, 경북도민)
*공원 입장료 포함
또봇스토리뮤지엄 통합권: 13,000원
24개월 미만 무료
[프로그램]
▶화랑아놀자
이용시간 : 30분
권장연령 : 3~8세
가족 모두 양말착용 필수⠀
체험시설
1) 흔들다리 건너기
2) 그네 건너기
3) 슬라이드 풀장
4) 대형 슬라이드 트램펄린
5) 터널 속 볼 풀장
6) 빅블록 쌓기
7) 암벽타기
8) 활쏘기 등등
▶우리놀이터
이용시간 : 40분
프로그램 : 11개(아날로그 10개, 디지털 1개)
[이용안내]
6~8월 한정 20시 운영","【费用】

门票

成人：12,000 韩元 / 儿童：10,000 韩元 / 老年人优惠（65 岁及以上）：4,000 韩元 / 年卡：35,000 韩元

无限飞行联票

个人：成人：30,000 韩元 / 儿童：23,000 韩元

团体：成人：24,000 韩元 / 儿童：18,000 韩元

优惠：18,000 韩元（65 岁及以上老年人、残疾人士、庆尚北道居民）

*包含公园门票

托博特故事博物馆联票：13,000 韩元

24 个月以下儿童免费

【节目】

▶ 花郎阿诺利亚

时长：30 分钟

建议年龄：3~8 岁旧款

所有家庭成员必须穿袜子

体验设施

1) 吊桥

2) 秋千

3) 滑梯泳池

4) 大型滑梯蹦床

5) 隧道球池

6) 大型积木堆

7) 攀岩

8) 射箭等

▶ 我们的游乐场

使用时间：40分钟

项目：11个（10个模拟项目，1个数字项目）

[使用指南]

营业至晚上8点（仅限6月至8月）"
가산수피아,加桑苏皮亚
경북 칠곡군 가산면 학하들안2길 105,庆尚北道漆谷郡加山面鹤鹤庵2街105
"[요금]
입장권 대인(14세이상): 9,000원
입장권 소인(24개월~13세이하) 6,000원
눈썰매 패키지(입장+눈썰매)대인/소인: 15,000원
미술관 패키지(입장+수피아미술관)대인: 18,000원
미술관 패키지(입장+수피아미술관)소인: 13,000원
레일썰매 패키지(입장+레일썰매): 13,000원
알파카 패키지(입장+알파카랜드): 13,000원
* 계절별 이용 가능한 체험이 다르니 자세한 내용은 홈페이지를 참고하세요.","【价格】

成人门票（14岁及以上）：9,000韩元

儿童门票（24个月至13岁）：6,000韩元

雪橇套票（门票+雪橇）成人/儿童：15,000韩元

美术馆套票（门票+苏皮亚美术馆）成人：18,000韩元

美术馆套票（门票+苏皮亚美术馆）儿童：13,000韩元

轨道雪橇套票（门票+轨道雪橇）：13,000韩元

羊驼套票（门票+羊驼乐园）：13,000韩元

* 可体验项目会随季节变化，详情请参阅官网。"
"입장료는 대인(14세 이상) 9,000원, 소인(24개월~13세 이하) 6,000원이며, 눈썰매 패키지 등 다양한 패키지가 제공됩니다. 운영시간은 매일 10:00~18:00(입장은 17:00 마감)이고, 연중무휴로 운영됩니다. 주차는 무료로 제공되며, 4주차장에 주차 후 눈썰매장으로 바로 이동할 수 있습니다.","成人（14岁及以上）门票为9,000韩元，儿童（24个月至13岁）门票为6,000韩元。提供多种套票，包括雪橇套票。营业时间为每日10:00至18:00（17:00停止入场），全年开放。停车免费，您可将车停在4号停车场后直接前往雪橇区。"
롯데갤러리 아트홀 잠실점 에비뉴엘,乐天画廊艺术馆蚕室分店大道
서울특별시 송파구 올림픽로 300 롯데월드타워앤드롯데월드몰 롯데백화점 잠실 애비뉴엘 6층,首尔市松坡区奥林匹克路300号，乐天世界塔及乐天世界购物中心蚕室大道L座乐天百货6楼
"[요금]
무료
[이용안내]
미셸 들라크루아 특별전 <행복한 순간의 기억> - 2024.11.22 ~ 25.02.16","【入场费】

免费
【展览信息】

米歇尔·德拉克罗瓦特别展览《快乐时光的回忆》 - 2024年11月22日至2024年2月16日"
"롯데갤러리 아트홀 잠실점 에비뉴엘은 누구나 무료로 관람하실 수 있으며, 별도의 예약 없이 입장할 수 있습니다. 단, 특정 인기 전시나 특별 체험 프로그램의 경우 사전 예약이 필요할 수 있으니 롯데갤러리 홈페이지 또는 인스타그램을 통해 각 전시별 안내를 미리 확인해 주세요.",乐天画廊艺术馆蚕室大道店免费向公众开放，无需预约即可入场。但部分热门展览或特别体验项目可能需要提前预约，请提前通过乐天画廊官网或Instagram查看各展览的相关信息。
소마미술관,索玛美术馆
서울특별시 송파구 위례성대로 51 서울올림픽미술관 소마미술관,SOMA美术馆，首尔奥林匹克博物馆，首尔市松坡区Wiryeoseong-daero 51号
"소마미술관은 서울특별시 송파구 위례성대로 51, 올림픽공원 내에 위치해 있습니다.
1988년 서울올림픽의 문화유산을 예술로 승화한 역사를 지니고 있으며, 2004년에 서울올림픽미술관으로 개관해 현재는 ‘소마(SOMA)’라는 이름으로 널리 알려져 있습니다.
미술관 본관(1관)과 2018년에 증축된 2관, 그리고 세계적인 야외 조각공원이 함께 어우러져 있습니다.
총 692,367㎡에 달하는 조각공원에는 66개국 155명의 작품, 총 221점의 현대 조각이 전시되어 있습니다. 아이들과 자유롭게 산책하며 예술작품을 감상할 수 있습니다.
미술관 건물은 유명 건축가 조성룡의 설계로, 자연광과 다양한 재질이 어우러진 구조 덕분에 시간과 날씨에 따라 색다른 분위기를 느낄 수 있습니다.
실내외 전시실, 비디오아트홀, 스튜디오, 교육실, 세미나실 등 다양한 공간이 있어 예술 감상뿐 아니라 예술 체험 및 교육 활동도 가능합니다.
자연과 조각이 조화를 이루는 야외공원에는 산책로와 회랑, 물의 뜰 등이 있어 아이와 함께 산책하며 자유롭게 뛰놀 수 있습니다.
입구에 물품 보관함이 있어 짐을 맡기고 편하게 관람할 수 있으며, 출구 전에 기념품을 판매하는 곳도 있습니다.
1관 운영시간: 10:00 ~ 19:00
2관 운영시간: 10:00 ~ 18:00
매주 월요일 휴무
도슨트: 화~금 11시, 14시, 16시 운영
주말에는 도슨트 운영이 없으니 이어폰을 챙겨 **오디오 가이드(유료 3,000원)**를 이용하면 좋습니다.
주차는 올림픽공원 주차장을 이용할 수 있으며, 요금은 10분에 600원입니다.
1관 성인(만 19세~64세): 15,000원
1관 청소년&어린이(만 5세~18세): 9,000원
2관 성인(만 25세~64세): 3,000원
2관 청소년(만 13세~24세): 2,000원
2관 어린이(만 7세~12세): 1,000원
기간별로 다른 전시가 진행 중이니 홈페이지에서 확인 후 방문하는 것이 좋습니다.
소마미술관은 송파 올림픽공원 내에 위치해 있으며, 한성백제 박물관과 조각공원을 함께 방문하기 좋습니다.","SOMA美术馆位于首尔松坡区维利城大路51号，奥林匹克公园内。

它致力于将1988年首尔奥运会的文化遗产转化为艺术作品。该馆于2004年以首尔奥林匹克美术馆之名开幕，如今已广为人知，简称“SOMA”。

美术馆建筑群包括主楼（1号展厅）、2号展厅（2018年扩建）以及世界级的户外雕塑公园。

雕塑公园占地692,367平方米，展出了来自66个国家155位艺术家的221件当代雕塑作品。游客可以带着孩子在公园内漫步，欣赏艺术作品。

美术馆建筑由著名建筑师赵成龙设计，巧妙地融合了自然光和多种建筑材料，使其在一天中的不同时间和天气条件下呈现出独特的氛围。

这里拥有室内外展厅、影像艺术馆、工作室、教育室和研讨室等多种空间，参观者不仅可以欣赏艺术，还能参与艺术体验和教育活动。户外公园自然与雕塑和谐共生，设有步道、走廊和水景花园，方便您与孩子漫步玩耍。

入口处设有行李寄存柜，方便您在参观展览时寄存行李；出口处还设有纪念品商店。

1号展厅开放时间：10:00～19:00

2号展厅开放时间：10:00～18:00

每周一闭馆

讲解员导览：周二至周五 11:00、14:00 和 16:00

周末不提供讲解员导览，建议您携带耳机并使用**语音导览（3,000韩元）**。

奥林匹克公园停车场提供停车位，停车费为每10分钟600韩元。1号展厅成人（19-64岁）：15,000韩元

1号展厅青少年及儿童（5-18岁）：9,000韩元

2号展厅成人（25-64岁）：3,000韩元

2号展厅青少年（13-24岁）：2,000韩元

2号展厅儿童（7-12岁）：1,000韩元

目前展厅内会根据不同时期举办不同的展览，建议您在参观前查看官网。

SOMA美术馆位于松坡奥林匹克公园内，与汉城百济美术馆和雕塑公园一起游览是个不错的选择。"
"1관: 성인(만19세~64세) 15,000원, 청소년 및 어린이(만5세~18세) 9,000원. 2관: 성인(만25세~64세) 3,000원, 청소년(만13세~24세) 2,000원, 어린이(만7세~12세) 1,000원입니다. 전시별로 무료입장 대상 연령이나 요금이 달라질 수 있습니다. 1관 운영시간은 10:00~19:00, 2관은 10:00~18:00이며 매주 월요일 휴관입니다. 매월 마지막 수요일 '문화가 있는 날'에는 21시까지 운영합니다.","1号展厅：成人（19-64岁）15,000韩元，青少年及儿童（5-18岁）9,000韩元。2号展厅：成人（25-64岁）3,000韩元，青少年（13-24岁）2,000韩元，儿童（7-12岁）1,000韩元。免费入场年龄限制及门票价格可能因展览而异。1号展厅开放时间为10:00至19:00，2号展厅开放时间为10:00至18:00；两展厅每周一闭馆。每月最后一个星期三为“文化日”，展厅开放至21:00。"
스페이스K 서울,Space K 首尔
서울특별시 강서구 마곡중앙8로 32 스페이스K 서울,首尔特别市江西区麻谷中央8路32号Space K首尔
"[요금]
성인(만19세 이상): 8,000원
청소년(만7세~만18세): 5,000원
미취학(만3세~만6세): 3,000원
36개월 미만: 무료
국가유공자, 경로우대, 장애인, 강서구민: 20% 할인
[이용안내]
휴관일: 매주 월요일
비전시 기간: 2024. 11. 11. ~ 2024. 12. 11.
[프로그램]
전시 연계 프로그램 - 홈페이지 확인","【门票价格】

成人（19岁及以上）：8,000韩元

青少年（7-18岁）：5,000韩元

学龄前儿童（3-6岁）：3,000韩元

36个月以下婴儿：免费

国家功勋人员、老年人、残疾人士、江西区居民：八折优惠

【参观须知】

闭馆日：每周一

非展览期：2024年11月11日至2024年12月11日

【展览相关活动】

展览相关活动 - 请访问网站查询"
"미술관 뒤편에 주차장이 있으며, 전시 관람 시 30분 무료 주차 혜택이 있습니다. 이후 30분마다 1,500원, 10분당 500원 요금이 추가됩니다. 안내 데스크에서 주차 할인을 꼭 받으시고, 무인 카드 결제 전용입니다.",美术馆后方设有停车场，游客可享受30分钟免费停车。之后，每30分钟收费1500韩元，再过30分钟加收500韩元。请务必前往咨询台领取停车优惠。请注意，停车仅接受自助刷卡支付。
파라다이브 트릭아트관,天堂诡计艺术馆
경기도 시흥시 거북섬중앙로 1 3m 층 트릭아트,京畿道始兴市巨北岛中央路1号3m Trick Art
"[요금]
소인: 10,000원 (37개월부터)
대인: 12,000원
2023년 7월 28일까지 50% 할인 이벤트 진행 중
[이용 안내]
모든 연령 관람 가능","【入场费】

儿童：10,000 韩元（37 个月及以上）

成人：12,000 韩元

五折优惠活动持续至 2023 年 7 月 28 日

【入场须知】

适合所有年龄段"
월요일11:00 ~ 20:00화요일11:00 ~ 20:00수요일11:00 ~ 20:00목요일11:00 ~ 20:00금요일11:00 ~ 20:00토요일11:00 ~ 20:00일요일11:00 ~ 20:00,星期一 11:00 ~ 20:00 星期二 11:00 ~ 20:00 星期三 11:00 ~ 20:00 星期四 11:00 ~ 20:00 星期五 11:00 ~ 20:00 星期六 11:00 ~ 20:00 星期日 11:00 ~ 20:00
"입장료는 대인 12,000원, 소인(37개월부터) 10,000원입니다. 모든 연령이 이용 가능하며, 37개월 미만 어린이는 무료로 입장할 수 있습니다. (참고: 할인 이벤트 등은 현장 및 공식 채널을 통해 확인 바랍니다.)","成人票价为12,000韩元，儿童（37个月及以上）票价为10,000韩元。所有年龄段均可入场，37个月以下儿童免费入场。（注：优惠活动等详情请咨询现场或官方渠道。）"
문아트그라운드 at 마가미술관,玛加艺术博物馆的月亮艺术场地
경기도 용인시 처인구 모현읍 문형동림로101번길 37 마가미술관 마가미술관,京畿道龙仁市处仁区穆县邑文亨洞路101街37号马嘎美术馆
"[요금]
일반 티켓-웰컴 세트(음료/디저트) 포함: 12,000원
소인(만 12세 미만)-웰컴 세트 미포함: 6,000원
유아(24개월 미만): 무료
[이용안내]
입장 마감: 17시 30분","【入场费】

普通票 - 含迎宾套餐（饮品/甜点）：12,000 韩元

儿童票（12岁以下）- 含迎宾套餐：6,000 韩元

婴儿票（24个月以下）：免费

【入场须知】

最后入场时间：17:30"
월요일10:30 ~ 18:30화요일10:30 ~ 18:30수요일10:30 ~ 18:30목요일10:30 ~ 18:30금요일10:30 ~ 18:30토요일10:30 ~ 18:30일요일10:30 ~ 18:30,星期一 10:30 ~ 18:30 星期二 10:30 ~ 18:30 星期三 10:30 ~ 18:30 星期四 10:30 ~ 18:30 星期五 10:30 ~ 18:30 星期六 10:30 ~ 18:30 星期日 10:30 ~ 18:30
"성인 입장료는 12,000원으로 웰컴 세트(음료/디저트)가 포함되어 있습니다. 소인(만 12세 미만)은 6,000원이며 웰컴 세트는 제공되지 않습니다. 만 24개월 미만 유아는 무료입니다. 운영 시간은 월요일부터 일요일까지 매일 10:30~18:30이고, 입장 마감은 17:30입니다.","成人门票为12,000韩元，包含迎宾套餐（饮品/甜点）。12岁以下儿童门票为6,000韩元，不包含迎宾套餐。24个月以下婴儿免费。营业时间为周一至周日10:30至18:30，最后入场时间为17:30。"
대구간송미술관,大邱岩松美术馆
대구광역시 수성구 미술관로 70,大邱广域市寿城区美水馆路70
"[요금]
어른(20세 이상 64세 이하):10,000원
아동, 청소년(8세 이상 19세 이하): 5,000원
7세 이하, 65세 이상: 무료(증빙서류 필요)
[이용안내]
하절기(4월~10월): 오전 10시~오후 7시
동절기(11월~3월): 오전 10시~오후 6시
매표시간: 관람시작 30분 전~관람종료 1시간 전
휴관일: 매주 월요일, 매년 1월 1일, 음력 설날 및 추석 당일, 기타 시장이 정하는 휴관일
* 월요일이 공휴일인 경우 월요일 당일 개관 후 다음날 평일 휴관","【门票】

成人（20至64岁）：10,000韩元

儿童、青少年（8至19岁）：5,000韩元

7岁及以下儿童、65岁及以上老人：免费（需出示年龄证明）

【开放时间】

夏季（4月至10月）：上午10:00至下午7:00

冬季（11月至3月）：上午10:00至下午6:00

售票时间：开门前30分钟至闭门前1小时

闭馆日：每周一、每年1月1日、农历新年、中秋节（韩国感恩节）以及市长指定的其他日期

* 若周一为公共假日，则周一照常开放，下一个工作日闭馆。"
"관람 시간은 하절기(4~10월) 오전 10시~오후 7시, 동절기(11~3월) 오전 10시~오후 6시입니다. 매주 월요일, 1월 1일, 설날·추석 당일 등은 휴관이며, 월요일이 공휴일이면 그 다음날 평일에 휴관합니다. 입장료는 어른(20세 이상~64세 이하) 10,000원, 아동·청소년(8세~19세) 5,000원, 7세 이하 및 65세 이상은 무료(증빙서류 필요)입니다. 대구 시민은 신분증을 지참하면 20% 할인을 받을 수 있습니다. 주차는 넓고 무료입니다.","夏季（4月至10月）开放时间为上午10:00至下午7:00，冬季（11月至次年3月）开放时间为上午10:00至下午6:00。博物馆每周一、1月1日、农历新年和中秋节闭馆。如遇周一为公共假日，则顺延至下一个工作日闭馆。门票价格为：成人（20至64岁）10,000韩元，儿童及青少年（8至19岁）5,000韩元，7岁及以下儿童和65岁及以上老人免费（需出示年龄证明）。大邱市民凭身份证可享八折优惠。停车场宽敞且免费。"
갤러리 라메르,拉梅尔画廊
서울특별시 종로구 인사동5길 26 홍익빌딩 갤러리 라메르,La Mer 画廊，首尔市钟路区仁寺洞 5 街 26 号弘益大厦
월요일10:30 ~ 18:00화요일정기휴무수요일10:30 ~ 18:00목요일10:30 ~ 18:00금요일10:30 ~ 18:00토요일10:30 ~ 18:00일요일10:30 ~ 18:00,星期一 10:30 ~ 18:00 星期二 休息 星期三 10:30 ~ 18:00 星期四 10:30 ~ 18:00 星期五 10:30 ~ 18:00 星期六 10:30 ~ 18:00 星期日 10:30 ~ 18:00
켄싱턴호텔 평창 키즈데이 패키지 (객실 1박+키즈월드 최대 4인+수영장&사우나 최대 4인+동물먹이 1팩),平昌肯辛顿酒店儿童一日游套餐（1晚客房+儿童乐园（最多4人）+游泳池和桑拿（最多4人）+1包动物饲料）
켄싱턴호텔 평창,平昌肯辛顿酒店
강원특별자치도 평창군 진부면 진고개로 231,江原道平昌郡珍富面神高路231
켄싱턴호텔 평창 조식 패키지 - 객실 1박+조식 3인+수영장 최대 4인(성인 2+소인 2),平昌肯辛顿酒店早餐套餐 - 1晚住宿 + 3人早餐 + 最多4人泳池使用权（2位成人+2位儿童）
원더파크 굿바이 베베핀 특가!,奇幻乐园再见贝贝平特惠！
과천 원더파크,果川奇幻乐园
경기도 과천시 대공원광장로 80,京畿道果川市大公园广藏路80
"볼베어파크 부천, 은평, 천안 / 세라젬웰파크 위례점 키즈카페 통합특가 CMG월드",球熊公园富川、恩平、天安 / Ceragem Well Park Wirye分店 儿童咖啡厅综合特价 CMG World
CMG월드,CMG世界
서울랜드,首尔乐园
경기도 과천시 광명로 181,京畿道果川市光明路181
롯데리조트 부여 아쿠아 3/4인 패키지 (객실 1박+아쿠아가든 3/4인+백제문화단지 2인+할인권),乐天度假村扶余水上乐园3/4人套餐（1晚住宿+3/4人水上乐园+2人百济文化中心+折扣券）
롯데리조트 부여,乐天度假村扶余
충남 부여군 규암면 백제문로 400,忠清南道扶余郡龟岩面百济门路 400
롯데리조트 부여 조식 3/4인 패키지 (객실 1박+조식 3/4인+백제문화단지 2인+할인권),乐天度假村扶余早餐套餐（3/4人份）（1晚住宿+3/4人份早餐+2人份百济文化中心+折扣券）
플레이 아쿠아리움 (대소공통) 이용권 (구매 후 60일),水族馆游玩票（成人及儿童）（自购买之日起60天内有效）
부천 플레이 아쿠아리움,富川游乐水族馆
경기 부천시 원미구 조마루로 2,京畿道富川市远美区卓丸路2
자이언트 제트 시아 테마파크점(~26/4/30),Giant Jet Sia主题公园分店（~2030年4月26日）
자이언트 제트,巨型喷气机
경기 안산시 단원구 광덕1로 276 6층 자이언트제트,京畿道安山市檀园区光德1路276号Giant Jet 6楼
대전엑스포아쿠아리움,大田世博水族馆
대전 엑스포 아쿠아리움,大田世博水族馆
플레이월드 용인점 이용권,Play World 龙仁分店门票
플레이월드 키즈카페,游乐世界儿童咖啡厅
"벚꽃로6길 21 5, 6층",贝奥特科特路6街21号5楼和6楼
시흥 공룡월드&키즈카페 그랜드오픈특가,始兴恐龙世界及儿童咖啡厅盛大开业特惠
시흥 공룡월드,始兴恐龙世界
"경기도 시흥시 은계호수로 49 지하1층 비077-1호,비077-2호",京畿道始兴市恩溪湖水路49号地下1层B077-1、B077-2
매직플로우 원더파크 서울대공원점,Magic Flow Wonder Park 首尔大公园分店
공룡월드 용인점 이용권,恐龙世界龙仁分馆门票
공룡월드,恐龙世界
"은계호수로 49 지하1층 비077-1호,비077-2호",B077-1、B077-2、地下1层，恩圭湖水路49号
에버랜드 종일이용권 (~26/03/31) (날짜미지정),爱宝乐园全天通票（~2026/03/31）（日期未定）
에버랜드,爱宝乐园
경기도 용인시 처인구 포곡읍 에버랜드로 199,京畿道龙仁市处仁区浦谷邑爱宝乐园路199
키자니아 서울&부산점 3월 이용권 (유효기간 : 3/1~3/31),KidZania 首尔及釜山三月通行证（有效期：3/1–3/31）
키자니아,奇赞尼亚
서울특별시 송파구 올림픽로 240 키자니아 서울,首尔特别市松坡区奥林匹克路 240 号趣志家首尔
아쿠아필드 이용권 (하남/고양/안성 중 택1)(~26/3/29),水上乐园门票（从河南/高阳/安城三者中任选其一）（~2029年3月26日）
아쿠아필드,水上乐园
고양대로 1955 스타필드 고양 4층,"高阳星空4楼, 1955 高阳大路"
주렁주렁 실내 동물원 하남점,朱龙朱龙室内动物园河南分园
주렁주렁 실내동물원,Jureungjureung室内动物园
아쿠아플라넷 입장권(3/1~3/31),水上星球门票（3月1日至3月31日）
한화 아쿠아플라넷,韩华水星星球
한류월드로 282 아쿠아플라넷 일산,Aqua Planet Ilsan，韩流世界路282号
씨라이프 코엑스 아쿠아리움,海洋生物 Coex 水族馆
코엑스 아쿠아리움,COEX水族馆
경주 한화리조트 담톤,庆州韩华度假村丹顿
한화리조트 경주,庆州韩华度假村
경북 경주시 보문로 182-27,庆尚北道庆州市普门路 182-27
아틀란티스 키즈카페 4개지점 이용권,亚特兰蒂斯儿童咖啡馆四家分店通票
아틀란티스,亚特兰蒂斯
컨벤시아대로230번길 42 아라플라자 5층,阿拉广场5楼，42号，Conventionia-daero 230beon-gil
플레이월드 부천점 이용권,Play World 富川分店门票
해브나인 웰니스 스파 (26/03/03~26/03/29),Have Nine Wellness Spa（26年3月3日 – 26年3月29日）
리솜리조트,瑞森度假村
꽃지해안로 204,204 Kkotjihaean-ro
주렁주렁 실내 동물원 동탄점,朱龙朱龙室内动物园东滩分园
과천 원더파크 이용권,果川奇幻乐园门票
대천 파로스 한화리조트(룸온리/키캉스/오션뷰),大川帕罗斯韩华度假村（仅客房/儿童度假/海景）
한화리조트 대천 파로스,韩华度假村大川帕罗斯
충남 보령시 해수욕장3길 11-10,忠清南道保宁市解水玉庄3街11-10
공룡월드 인천점 이용권,恐龙世界仁川分馆门票
히어로플레이파크 이용권,英雄游乐场门票
히어로플레이파크,英雄游乐场
오목로 196 105동 2층 38호,196 Omok-ro 105号楼2楼38单元
[부산} 씨라이프 부산아쿠아리움+PKG 이용권,【釜山】釜山海洋生物水族馆+套票
부산 아쿠아리움,釜山水族馆
남이섬 입장권 (~26.03.31),南怡岛门票（~2031年3月26日）
남이섬,南怡岛
특가★퍼플주니어 키즈카페 이용권,特别优惠★紫色儿童咖啡厅通行证
퍼플주니어,紫色少年
경기 부천시 소사구 부광로 220,京畿道富川市草佐区布光路220
★특가★ 마산 로봇랜드 종일권/오후권,★特惠★ 马山机器人乐园全天通票/下午通票
마산 로봇랜드,马山机器人乐园
볼베어파크 은평점 키즈카페 롯데몰 바운스,球熊公园恩平分店儿童咖啡厅乐天购物中心蹦床
볼베어파크,鲍尔熊公园
조마루로 2 웅진플레이도시 2층 볼베어파크,城丸路 2 熊津 Playdosi 2 楼 球熊公园
특가★아틀란티스 키즈카페 이용권,特别优惠★亚特兰蒂斯儿童咖啡厅通行证
인천 연수구 컨벤시아대로230번길 42,仁川市延寿区 Conventionia-daero 230beon-gil 42号
주렁주렁 실내 동물원 영등포점,朱龙朱龙室内动物园永登浦分园
아일랜드캐슬 워터파크 로우시즌 이용권(3/7~4/30),岛屿城堡水上乐园淡季通行证（3月7日至4月30日）
아일랜드캐슬,爱尔兰城堡
장곡로 22 아일랜드캐슬,岛屿城堡，22 Jangok-ro
쥬라리움 동탄점 입장권,东滩分馆入场券
쥬라리움동탄점,东滩分馆
경기도 화성시 동탄구 동탄기흥로257번가길 31,京畿道华城市东滩区东滩器兴路257号路31
코끼리방울 키즈카페 동백,东柏大象铃铛儿童咖啡厅
코끼리방울 키즈카페,大象铃铛儿童咖啡馆
동백중앙로 225-6 3층 302호,东柏中央路225-6号3楼302室
쥬라리움 금천점 입장권,衿川分馆入场券
쥬라리움금천점,衿川分院
두산로 71 3층 쥬라리움,斗山路 71 号 3 楼 Jurarium
키즈런 스포츠파크 목동점 이용권,儿童跑步运动公园木洞分店门票
키즈런스포츠파크,儿童跑酷运动公园
목동동로 401 지하1층 B101호,木洞洞路401号地下1层B101单元
부천 아쿠아리움,富川水族馆
공룡월드 아산퍼스트빌리지 이용권,恐龙世界阿桑第一村门票
아이와가볼만한곳! 동탄공룡월드&키즈카페 그랜드 오픈특가,带孩子游玩的好去处！东滩恐龙世界及儿童咖啡厅盛大开业特惠
동탄 공룡월드,东滩恐龙世界
경기도 화성시 동탄구 동탄순환대로27길 30 가동 2층,京畿道华城市东滩区东滩循环大路27街30嘉洞2楼
웨이브제주 호텔 앤 리조트 조식 패키지 (객실 1박+조식 2인),济州岛Wave酒店及度假村早餐套餐（1晚住宿+2人早餐）
웨이브 제주,济州岛波浪
동탄 네이처스케이프 플러스 입장권,东滩自然景观Plus门票
네이처스케이프 플러스,自然景观加
경기도 화성시 동탄구 동탄대로5길 21 라크몽 A동 4층~5층,京畿道华城市东滩区东滩大路5街21号拉克蒙特A栋4~5楼
플레이월드 대구점 이용권,Play World 大邱分店门票
경주월드,庆州世界
★[특가] 고양 매직플로우 원더빌리지 (~4/30),★【特惠】高阳魔幻流奇境村（~4/30）
원더빌리지 고양,高阳奇迹村
고양대로 1955 3층 원더빌리지,Wonder Village，3楼，高阳大路1955号
썬밸리 워터파크 이용권,太阳谷水上乐园门票
썬밸리 워터파크,太阳谷水上乐园
경기도 여주시 강변유원지길 45 1층,京畿道骊州市江边游园地路45 1楼
이월드 자유이용권 식음PKG 3월,E-World无限畅享通行证餐饮套餐（三月）
대구 이월드,大邱电子世界
대구광역시 달서구 두류공원로 200 이월드,E-World，大邱市达西区头流公园路200号
아쿠아플라넷 제주 입장권 & 늦은오후권 (26.03월),济州岛水上乐园门票及下午场门票（3月26日）
과천 서울대공원 리프트패키지,果川首尔大公园电梯套餐
서울대공원,首尔大公园
경기도 과천시 대공원광장로 102,京畿道果川市大公园广藏路102
안성팜랜드 입장권,安城农田入场券
안성팜랜드,安城农场
오월드 자유이용권(3/1~),O-World无限畅玩通行证（3月1日起）
대전 오월드,大田 O-World
대전광역시 중구 사정공원로 70,大田广域市中区沙中央公园路 70
쥬라리움 청라점 입장권,育种博物馆清罗分馆入场券
쥬라리움청라점,青罗分馆
청라커낼로288번길 26 현대썬앤빌 더테라스 지하 1층,现代Sun & Ville The Terrace，B1层，清罗运河路288街26号
키위키즈랜드 주중 이용권,奇异儿童乐园平日通行证
키위 키즈랜드,奇异果儿童乐园
부산광역시 기장군 장안읍 정관로 1142 힐탑프리미엄아울렛 B1,釜山广域市机张郡长安邑正官路 1142 Hilltop Premium Outlet B1
과천 그라운드플래닛,果川地面行星
그라운드 플래닛,地面星球
대공원광장로 80 그라운드 플래닛,Ground Planet，大公院广藏路80号
일산 원마운트 펀웨이브 이용권,日山一号山 Funwave 门票
한류월드로 300 102~112호,102–112号单元，韩流世界路300号
한복남 한국민속촌점 한복 대여 이용권(~3월),韩服南韩国民俗村分部韩服租赁券（约3月）
한복남 한국민속촌점 한복 대여 이용권 ~3월,韩服南韩国民俗村分部韩服租赁券 ~三月
잭슨나인스 일산점 (유효기간 : 3/1~3/31),Jackson Nine 一山分店（有效期：3月1日至3月31日）
잭슨나인스,杰克逊九人组
일현로 97-11 두산위브더제니스스퀘어 지하1층 105호,斗山 We've The Zenith Square 地下一层 105 单元，97-11 Ilhyeon-ro
쥬라리움 하남점 입장권,Jurarium河南分馆门票
쥬라리움하남점,哈南分院
"경기도 하남시 미사대로 410 오벨리스크 1층, 2층",京畿道河南市弥沙大路410号方尖碑大厦1层和2层
N서울타워 전망대 입장권(~26/12/31),N首尔塔观景台门票（~2026/12/31）
N서울타워,首尔塔
서울특별시 용산구 남산공원길 105,首尔市龙山区南山公园路105号
하이원리조트 워터월드 비수기 이용권(~26.04.30),High1度假村水世界淡季通行证（~2030年4月26日）
하이원리조트,High1度假村
공룡월드 세종점 이용권,恐龙世界世宗分馆门票
대전아쿠아리움 (대소공통)이용권 (구매 후 60일),大田水族馆（成人及儿童）门票（自购买之日起60天内有效）
대전아쿠아리움,大田水族馆
삼방가딸기랜드 체험,Sambangga草莓园体验
삼방가딸기랜드,桑邦加草莓乐园
용인 공룡월드(공룡쇼+마술+풍선쇼) 이용권,龙仁恐龙世界（恐龙表演+魔术+气球表演）门票
용인 공룡월드,龙仁恐龙世界
중부대로 1294 4층호,中部大路1294号4楼
제주 최남단 체험감귤농장,济州岛最南端的柑橘农场，提供亲身体验
과천 그라운드플래닛 이용권,果川地面行星通道
그라운드플래닛,地面星球
설악한화리조트(쏘라노본관/워터피아),雪岳韩华度假村（Sorano 主楼/Waterpia）
한화리조트 설악쏘라노,韩华度假村雪岳索拉诺
강원특별자치도 속초시 미시령로2983번길 111,江原道束草市美西岭路2983街111
포레스트 리솜 패키지 (객실 1박+조식 2인or워터파크 2인),森林度假村套餐（1晚住宿+双人早餐或双人水上乐园）
충남 예산군 덕산면 온천단지3로 45-7,忠清南道礼山郡德山面温泉团地3路45-7
캐니언파크 입장권,峡谷公园门票
캐니언파크,峡谷公园
"만남의거리 15 3층, 4층",Meeting Street 15号，3楼和4楼
대관령 삼양라운드힐,大关岭三阳圆山
꽃밭양지길 708-9,708-9 Kkotbatyangji-gil
안성팜랜드 입장권 + 승마 패키지,安城农田门票+骑马套餐
한화 뽀로로아쿠아빌리지 3월 상시 이용권(유효기간 : 26.03.01~26.03.31),韩华波罗罗水上乐园三月普通通行证（有效期：2020年3月1日~2020年3月31日）
경상북도 경주시 보문로 182-27 한화콘도미니엄,庆尚北道庆州市普门路 182-27 韩华公寓
레스트리 리솜(객실 1박+조식 2인or워터파크 2인),Restree Resom（1晚客房+双人早餐或双人水上乐园）
세라젬웰파크 부산기장점 할인 이용권(3/1~),Ceragem Wellpark釜山机张分店折扣券（3月1日起生效）
세라젬웰파크,塞拉格姆井公园
고산자로32길 78 청량리역 한양수자인 그라시엘 B1,清凉里站高山子路32街78号汉阳Sujain Graciel B1
마티에 오시리아 한화(룸온리/키캉스/뽀로로/부산호텔),Matie Osiria Hanwha（仅客房/儿童度假/Pororo/釜山酒店）
[잔망루피가 맞이하는]마티에 오시리아 한화 룸온리/키캉스/뽀로로/부산호텔,【欢迎来到 Janmang Luffy】Matie Osiria Hanwha 仅客房/儿童度假/Pororo/釜山酒店
플레이월드 파주점 키즈카페 이용권,Play World 坡州分店儿童咖啡厅门票
와일드벅스 곤충탐험대,野生昆虫探险
인천광역시 중구 월미로 222 101~127호,仁川市中区月尾路222号101-127单元
클럽디 오아시스 통합권/스파 이용권 (3/3~4/30),Club D Oasis 联票/水疗通行证（3月3日至4月30日）
클럽디 오아시스,Club D Oasis
부산광역시 해운대구 달맞이길 30 엘시티,"LCT, 釜山广域市海云台区迎月路 30"
스플라스 리솜 패키지(객실 1박+조식 2인),Splas Resom套餐（1晚住宿+2人早餐）
양떼목장,羊场
원더빌리지 매직플로우 원더빌리지(~3/31),奇幻村魔法流奇幻村（~3/31）
마산 로봇랜드 커플 / 패밀리권 (2/3/4/6인권) (~3/31),马山机器人乐园情侣/家庭套票（2/3/4/6人）（~3/31）
경남 창원시 마산합포구 구산면 로봇랜드로 250,庆尚南道昌原市马山八浦区九山面机器人乐园路250
용인 베잔송(룸온리/한화리조트/에버랜드근처),龙仁贝赞松酒店（仅客房/韩华度假村/爱宝乐园附近）
한화리조트 용인 베잔송,龙仁贝赞松韩华度假村
경기 용인시 처인구 남사읍 봉무로153번길 79,京畿道龙仁市处仁区南沙邑凤武路153街79
샌드라이빙 하남점 이용권,沙地驾驶哈南分行凭证
"미사강변중앙로 223 111호, 112호",111 和 112 单元，223 Misagangbyeonjungang-ro
체험형 숲 테마파크 놀자숲 이용권 (실내/외 초대형 어드벤처 파크),诺尔贾苏普体验森林主题公园门票（室内/室外超大型冒险公园）
놀자숲,诺尔贾苏普
벡스코 상상체험 키즈월드,BEXCO 想象体验儿童世界
부산 해운대구 APEC로 30,釜山广域市海云台区APEC路30
루프캣미 실내 고양이카페 홍대점,Loop Cat Me室内猫咖弘大分店
루프캣미,循环猫我
양화로 140 H-CUBE B2F,杨花路140号，H-CUBE B2楼
상록리조트 상록랜드,桑诺克度假村 桑诺克乐园
상록리조트,桑诺克度假村
충남 천안시 동남구 수신면 수신로 576,忠清南道天安市东南区水新面水新路576
롯데리조트부여 아쿠아가든 (3/21~4/30),乐天度假村扶余水世界（3月21日-4月30日）
롯데리조트,乐天度假村
강원 속초시 대포항길 186,江原道束草市大浦港路186
소노벨 천안 오션어드벤처 종일권 (03/14~04/24),索诺贝尔天安海洋探险全天通票（3月14日~4月24日）
소노벨 천안,索诺贝尔天安
한치골길 262,汉奇谷路262号
파라다이스시티 원더박스 자유이용권 (3/21~4/30),天堂城奇幻盒无限畅玩通票（3月21日-4月30日）
파라다이스시티,天堂之城
인천광역시 중구 영종해안남로321번길 186 (운서동),仁川市中区永宗海南路321号街186号（云西洞）
하나 딸기수확체험(실내대기실+화장실완비),哈纳草莓采摘体验（提供室内等候室和洗手间）
하나딸기수확체험,哈纳草莓采摘体验
잭슨나인스 대구점 (유효기간 : 26/01/01~03/31),Jackson Nine 大邱分店（有效期：2001年1月26日至2003年3月31日）
쥬라리움 파주점 입장권,坡州司法博物馆分馆入场券
쥬라리움파주점,坡州司法博物馆分馆
경기도 파주시 탄현면 새오리로 69 프로방스 주차타워 2층,京畿道坡州市炭县面新利路69号普罗旺斯停车场2楼
아르떼뮤지엄 입장권,艺术博物馆门票
아르떼뮤지엄 부산,釜山美术馆
부산 영도구 해양로247번길 29,釜山广域市影岛区海阳路247街29
스누피가든,史努比花园
제주 스누피가든,济州岛史努比花园
제주특별자치도 제주시 구좌읍 금백조로 930,济州特别自治道济州市古佐邑建博路930号
"부산 요트투어 요트가이 (폭죽, 폴라로이드) 광안리",釜山游艇之旅 游艇小哥（烟花、拍立得）广安里
요트가이,游艇男
부산 해운대구 우동 1393,釜山广域市海云台区佑洞 1393
서귀포잠수함,西归浦潜艇
제주 서귀포시 남성중로 40,济州特别自治道西归浦市南城中路 40
메이즈랜드_성인,Mazeland_Adult
메이즈랜드,梅泽兰
제주특별자치도 제주시 구좌읍 비자림로 2134-47 메이즈랜드,迷宫乐园，济州特别自治道济州市古佐邑比扎林路2134-47号
항공우주박물관 전시+체험+공연 종합패키지,航空航天博物馆展览+体验+表演综合套餐
항공우주박물관,航空航天博物馆
제주특별자치도 서귀포시 안덕면 녹차분재로 218,济州特别自治道西归浦市安德面绿茶盆栽路218
음악 불꽃 크루즈 (여의도 터미널 출발),音乐烟火游船（汝矣岛码头出发）
서울크루즈,首尔游轮
여의도한강공원길 231 여의도 유람선터미널,汝矣岛邮轮码头汝矣岛汉江公园街 231
N서울타워 전망대+한쿡 레스토랑 PKG,N首尔塔观景台+韩国餐厅套餐
서울 용산구 남산공원길 105,首尔市龙山区南山公园路105号
오션월드 종일권 (3/3~4/24),海洋世界全天通票（3月3日至4月24日）
홍천 비발디파크,洪川维瓦尔第公园
강원특별자치도 홍천군 서면 한치골길 262,江原道洪川郡西面汉奇谷路262号
마산 로봇랜드 종일/오후 이용권 (~3/31),马山机器人乐园全天/下午通票（约3月31日）
해운대 한화리조트,海云台韩华度假村
한화리조트 해운대,韩华度假村海云台
부산 해운대구 마린시티3로 52,釜山广域市海云台区海洋城3路52
에버랜드 Q-PASS: 판다월드,爱宝乐园Q-PASS：熊猫世界
경기 용인시 처인구 포곡읍 에버랜드로 199,京畿道龙仁市处仁区浦谷邑爱宝乐园路199
세라젬 웰파크 위례점 실내 키즈카페,Ceragem Wellpark Wirye 分店室内儿童咖啡厅
세라젬 웰파크,塞拉格姆韦尔帕克
서울 동대문구 고산자로32길 78,首尔特别市东大门区高山子路32街78
옐레드 하남미사점 애견유치원 애견호텔 이용권,欢呼花南美沙分店狗狗日托和狗狗酒店代金券
옐레드,大喊
경기 안산시 단원구 광덕대로 137,京畿道安山市檀园区光德大路137
월롱 딸기체험,卧龙草莓体验
월롱딸기체험,卧龙草莓体验
경기 파주시 월롱면 도감로 247,京畿道坡州市卧龙面道甘路247
엑스더스카이 전망대 입장권,X 天空天文台门票
부산 엑스더스카이,釜山 X 天空
부산 해운대구 달맞이길 30,釜山广域市海云台区迎月路 30
팔공산 케이블카 왕복 이용권,八公山缆车往返票
팔공산케이블카,八公山缆车
대구 동구 팔공산로185길 51,大邱广域市东区八公山路185街51
아르떼뮤지엄,阿尔特博物馆
남해양떼목장 이용권,南海绵羊牧场门票
남해양떼목장,南海绵羊牧场
경남 남해군 설천면 설천로775번길 364,庆尚南道南海郡雪川面雪川路775号街364号
영종도 씨사이드 레일바이크 이용권,永宗岛海滨铁路自行车票
씨사이드레일바이크,海滨铁路自行车
인천 중구 구읍로 75,仁川广域市中区九邑路 75
해운대 블루라인파크 이용권,海云台蓝线公园门票
블루라인파크,蓝线公园
부산 해운대구 달맞이길62번길 13,釜山广域市海云台区迎月路62街13
도치돌알파카목장,多奇多尔羊驼牧场
제주 제주시 애월읍 도치돌길 303,济州特别自治道济州市涯月邑多奇石路 303
허브아일랜드 입장권(포천가볼만한곳),香草岛门票（抱川市旅游景点）
허브아일랜드,香草岛
경기 포천시 신북면 청신로947번길 35,京畿道抱川市新北面青神路947街35
대구 이월드 자유이용권,大邱E-World全天通票
대구 달서구 두류공원로 200,大邱市达西区头流公园路200号
"하이! 서울, 크루즈 (여의도 터미널 출발)",您好！首尔，游轮（从汝矣岛码头出发）
서울특별시 영등포구 여의도한강공원길 231,首尔特别市永登浦区汝矣岛汉江公园路 231
모나용평 애니포레 입장권(~7/16),Monayongpyong Anifore 入场券（~7/16）
모나 용평,莫娜·龙平
강원 평창군 대관령면 올림픽로 715,江原道平昌郡大关岭面奥林匹克路715号
얼리버드40%★ <상상력 옷장> : 마이아트뮤지엄 원그로브점,早鸟优惠 40%★ <想象衣橱>：我的艺术博物馆一号格罗夫分馆
서울 강서구 공항대로 165,首尔特别市江西区机场大路 165
리프플레이스(용인가볼만한곳!),叶子广场（龙仁市旅游景点推荐！）
리프플레이스,叶子广场
경기 용인시 처인구 원삼면 농촌파크로 2,京畿道龙仁市处仁区元三面农村公园路2
옐레드 수지동천점 애견유치원 애견호텔 이용권,Yelled Suji 东川分店狗狗日托和狗狗酒店代金券
소노캄 오션어드벤처 로우시즌 입장권 (26/03/12~26/04/24),索诺克拉姆海洋探险淡季票（3月12日、26日 – 4月24日、26日）
소노캄 오션어드벤처 로우시즌 입장권 26/03/12~26/04/24,索诺克拉姆海洋探险淡季票 2012年3月26日至2024年4月26日
하피랜드 온천 · 찜질방,快乐地温泉 · 汗蒸房
경기 화성시 팔탄면 시청로 888,京畿道华城市八滩面始青路888
잭슨나인스 창원점 이용권 (유효기간 : 3/1~3/31),Jackson Nine昌原分店代金券（有效期：3月1日至3月31日）
강원 춘천시 중앙로 193,江原道春川市中央路193
거제 벨버디어 한화리조트,巨济岛观景台韩华度假村
한화리조트 거제 벨버디어,韩华度假村巨济观景台
경남 거제시 장목면 거제북로 2501-40,庆尚南道巨济市长木面巨济北路2501-40
파라다이스시티 씨메르 아쿠아스파/찜질스파 (3/1~4/7),百乐达斯城 Cimer Aqua 水疗中心/汗蒸水疗中心（3 月 1 日至 4 月 7 日）
씨메르,西默
인천 중구 영종해안남로321번길 186,仁川广域市中区永宗海岸路321街186
부산요트투어 요트홀릭,釜山游艇之旅 Yachtholic
[부산 해운대] 부산요트투어 요트홀릭,[釜山海云台] 釜山游艇之旅 Yachtholic
에버랜드 Q-PASS: 판다 세컨하우스,爱宝乐园Q-PASS：熊猫二号屋
볼베어파크 천안점 키즈카페 힐스테이트,球熊公园天安分店儿童咖啡馆 Hillstate
충남 천안시 동남구 옛시청길 29,忠清南道天安市东南区野思清路29
한강갑문크루즈 with 런치 (아라김포여객터미널 출발),汉江船闸游船之旅（含午餐）（从荒金浦客运码头出发）
엔포드 호텔 어반오아시스 수영장 티켓 특가,恩福德酒店都市绿洲泳池门票特惠
엔포드 호텔,恩福德酒店
충북 청주시 청원구 충청대로 114 엔포드호텔,忠清北道清州市清原区忠清大路 114 N-福特酒店
공룡월드 종일 이용권,恐龙世界全天通行证
인천 공룡월드,仁川恐龙世界
인천 연수구 첨단대로 104,仁川市延寿区尖丹大路104号
퍼스트빌리지 공룡월드,第一村恐龙世界
아산 공룡월드,阿桑恐龙世界
충남 아산시 둔포면 해위안길 127,忠清南道牙山市敦浦面海维路 127
쁘띠프랑스&이탈리아마을 15주년 특별 할인 입장권,小法兰西和意大利村15周年特别优惠门票
가평 쁘띠프랑스&이탈리아마을,加平小法兰西村和意大利村
경기 가평군 청평면 호반로 1063,京畿道加平郡清平面虎番路1063
카페패스 3일 프리미엄,Cafe Pass 3日高级版
카페패스,咖啡厅通行证
인천 연수구 청량로79번길 9,仁川市延寿区清阳路79号街9号
자연에스파 사우나 및 찜질방 (우리가족 힐링공간!),Nature Espa Sauna & Jjimjilbang（我们家的疗愈空间！）
자연에스파,自然西班牙
경기 고양시 일산서구 탄현로 144,京畿道高阳市一山西区炭县路144
클림트와 리치오디의 기적 : 마이아트뮤지엄,克里姆特与里乔迪的奇迹：我的艺术博物馆
홍삼스파 참숯가마사우나,红参温泉炭窑桑拿
경기 파주시 탄현면 장릉로 5,京畿道坡州市炭县面长陵路5
클럽디 오아시스 나이트포차 스파 PKG (~4/30),Club D Oasis Night Pocha Spa 套餐（约4月30日）
부산 해운대구 달맞이길 30 엘시티,"LCT, 釜山广域市海云台区迎月路 30"
드림탁터 인천점 이용권,梦医生仁川分店代金券
드림닥터,梦境医生
경기 수원시 권선구 수인로 291,京畿道水原市权善区水仁路291
레고랜드X삼악산케이블카 PKG (날짜지정형),乐高乐园 x Samaksan 缆车套票（具体日期）
레고랜드,乐高乐园
강원 춘천시 하중도길 128 레고랜드 코리아 리조트,"韩国乐高乐园度假村, 江原道春川市河中岛路 128"
옐레드 대구신월성점 애견유치원 애견호텔 이용권,Yelled 大邱新月城分店狗狗日托及狗狗酒店代金券
롯데리조트부여 아쿠아가든 (1/1~3/31),乐天度假村扶余水花园（1/1~3/31）
샌드라이빙 천안아산점 이용권,天安牙山分行沙地驾驶凭证
샌드라이빙 천안아산점,沙驱天安牙山店
충남 아산시 탕정면 한들물빛도시로 70,忠清南道牙山市汤井面韩德水土路 70
"마이아트뮤지엄 원그로브점 : 헤일리 티프먼, 일상을 그리다(~26.03.29)",我的艺术博物馆一号格罗夫分馆：海莉·蒂夫曼，《绘画日常生活》（约3月29日、26日）
엑스코 상상체험 키즈월드,EXCO 想象体验儿童世界
엑스코상상체험키즈월드,EXCO 想象体验儿童世界
대구 북구 엑스코로 10,大邱市北区EXCO路10号
강남실탄사격장 송파파크하비오본점 이용권,江南实弹射击场松坡公园 Habio 总店门票
강남실탄사격장,江南实弹射击场
서울 송파구 송파대로 111,首尔特别市松坡区松坡大路111
쥬라리움 세종점 입장권,育种博物馆世宗分馆入场券
쥬라리움세종점,育种博物馆世宗分馆
세종 한누리대로 2275,世宗市汉努里大路2275号
키즈런 스포츠파크 노원점 이용권,儿童运动公园诺温分店门票
서울 양천구 목동동로 401,首尔特别市阳川区木洞洞路 401
루프캣미 실내 고양이카페 명동점,Loop Cat Me室内猫咖明洞分店
서울 마포구 양화로 140,首尔特别市麻浦区杨花路 140
비발디파크 액티비티 패키지 (소노벨or소노캄 객실+앤트월드or루지or인피니티풀 2인+할인권),维瓦尔第公园活动套餐（索诺贝尔或索诺卡姆客房 + 蚂蚁世界或滑板车或无边泳池（两人）+ 折扣券）
소노 비발디파크,索诺维瓦尔第公园
레이저아레나엑스_유니버스 서바이벌,激光竞技场 X_宇宙生存
레이저아레나엑스,激光竞技场 X
제주 서귀포시 소보리당로164번길 62,济州特别自治道西归浦市小保里堂路164街62
"하이원리조트 부대시설 이용권 (운탄고도 케이블카, 수영장&사우나, 알파인코스터, 그랜드테이블 조식뷔페)",High1度假村设施通票（Untangodo缆车、游泳池和桑拿、高山滑车、豪华自助早餐）
거제 통영 요트투어 카나리아147,巨济统营游艇之旅 Canary 147
카나리아147,Canary147
경남 거제시 사등면 덕호해안길 147-1,庆尚南道巨济市沙登面德湖海岸路147-1
금호리조트 제주 아쿠아나 워터파크,锦湖度假村济州岛水上乐园
금호리조트 제주 아쿠아나,锦湖度假村济州岛阿奎纳
부산 해운대 센텀 스파랜드(~26/3/31),釜山海云台 Centum 温泉乐园 (~26/3/31)
부산센텀스파랜드,釜山Centum Spa Land
부산광역시 해운대구 센텀남대로 35,釜山广域市海云台区 Centumnam 大路 35
실내 키즈테마파크 잭슨파이브 충주점,Jackson Five忠州分店，一个室内儿童主题公园
잭슨파이브,杰克逊五兄弟
충북 충주시 호암토성2로 7,忠北忠州市虎岩土城2路7
금호리조트 화순 아쿠아나 워터파크,锦湖度假村和顺 Aquana 水上乐园
금호리조트 화순 아쿠아나,锦湖度假村和顺阿奎纳
전남 화순군 백아면 옥리길 14-7,全罗南道和顺郡白家面玉里路14-7
서해뱃길크루즈 with런치(여의도 터미널 출발),西海水道游船（含午餐）（汝矣岛码头出发）
삼악산케이블카X플레이정글 춘천엔타점 PKG,Samaksan Cable Car X Play Jungle Chuncheon Enta Branch PKG
삼악산케이블카,萨玛克山缆车
서해뱃길크루즈(여의도 터미널 출발),西海航线游轮（汝矣岛码头出发）
아라갑문크루즈 (여의도 터미널 출발),阿拉加普门游轮（汝矣岛码头出发）
보문호수 위 다이나믹한 즐거움! 경주 루지월드,在普门湖上体验动感乐趣！庆州雪橇世界
루지월드,雪橇世界
경북 경주시 천북남로 16,庆尚北道庆州市天北南路16号
엑스포대공원 루미나이트 이용권,世博大公园夜光门票
엑스포대공원,世博大公园
2026년 N서울타워 와인페어 입장권,2026年首尔塔葡萄酒展入场券
이천 테르메덴 풀앤스파 (3/2~3/29),利川特梅登泳池水疗中心（3月2日至3月29日）
테르메덴,特尔梅登
경기 이천시 모가면 사실로 984,京畿道利川市穆加面沙一路984
한강갑문크루즈 (아라김포여객터미널 출발),汉江船闸游船（新罗金浦客运码头出发）
팅커위시 요정수업 어린이 체험권 (유효기간 : ~3/31),Tinker Wish 仙子班儿童体验票（有效期至3月31日）
팅커위시,叮当
아라뱃길크루즈 (아라김포여객터미널 출발),阿拉水道游船（从阿拉金浦客运码头出发）
소노 델피노 온천사우나 세트권(~26.12.31),索诺德尔皮诺温泉桑拿套餐门票 (~26.12.31)
소노 델피노,索诺·德尔皮诺
강원특별자치도 고성군 토성면 미시령옛길 1153,江原道高城郡土城面美思岭街1153号
모나용평 발왕산관광케이블카&氣스카이워크(~7/16),门永平八王山观光缆车和奇空中步道（约7/16）
2026 남산 와인페어 티켓,2026年南山葡萄酒博览会门票
아일랜드 리솜 패키지 (객실 1박+스파 2인),岛屿度假套餐（1晚客房+双人水疗）
플레이월드 미사점 주중 종일권 (~4/30),Play World Misa Branch 工作日全天通票（~4/30）
경기 용인시 기흥구 중부대로 184,京畿道龙仁市器兴区中部大路184
N서울타워 프로포즈 이벤트,N首尔塔求婚活动
N서울타워 전망대+두루미 분식 이용권,N首尔塔观景台+Durumi小吃店代金券
N서울타워 전망대+엔그릴 PKG,N首尔塔观景台+N Grill套餐
N서울타워 전망대+더 플레이스 다이닝 패키지,N首尔塔观景台+The Place餐饮套餐
N서울타워 전망대 이용권,N首尔塔观景台门票
이월드 연간회원권 3월,E-World年度会员三月
아쿠아플라넷 여수 + 여수예술랜드 PKG,Aqua Planet 丽水 + 丽水艺术乐园套餐
경기 고양시 일산서구 한류월드로 282,京畿道高阳市一山西区韩流世界路282
소노 델피노 인피니티풀 종일권(26/03/03~26/06/19),索诺德尔皮诺无边泳池全日通行证 (26/03/03~26/06/19)
소노 델피노 인피니티풀,索诺德尔皮诺无边泳池
강원 고성군 토성면 미시령옛길 1153,江原道高城郡土城面美思岭街1153号
아쿠아플라넷 여수 + 해상케이블카 PKG,丽水水上乐园+海上缆车套餐
쏠비치 오션플레이 로우시즌 종일권 (26/03/03~26/04/24),索尔海滩海洋游乐淡季全天通票（2003年3月26日至2024年4月26日）
쏠비치 삼척 오션플레이,Sol Beach Samcheok Ocean Play
강원 삼척시 수로부인길 453,江原道三陟市水楼院路 453
소노 델피노 오션플레이 종일권 로우시즌 (~26.04.23),Sono Delpino Ocean Play 全天通票（淡季，约 2023 年 4 月 26 日）
소노 델피노 오션플레이,Sono Delpino Ocean Play
아쿠아플라넷 여수 + 라마다짚트랙 PKG,Aqua Planet 丽水 + 拉玛达高空滑索套餐
이월드 83타워 아이스링크 3월,E-World 83 塔溜冰场 三月
아쿠아플라넷 여수 입장권 (~4/2),Aqua Planet 丽水门票（~4/2）
대구 이월드 자유권+간식3종,大邱E-World无限畅玩通票+3种零食
아쿠아밸리 블루라운지 카페,水谷蓝调休息室咖啡厅
아쿠아밸리,水谷
서울 금천구 디지털로 178,首尔市衿川区数码路178号
이월드 83타워 전망대PKG 3월,E-World 83 塔观景台三月套餐
마산 로봇랜드 종일권 + 채나교복 PKG (~3/31),Masan Robotland 全天通票 + Chaena 校服套装（~3/31）
파라다이스시티 씨메르 아쿠아스파/찜질스파 (4/9~4/30),百乐达斯城 Cimer Aqua 水疗中心/汗蒸水疗中心 (4/9~4/30)
클럽디 오아시스 반기시즌권(통합권/온천사우나권),Club D Oasis半年季票（综合季票/温泉桑拿季票）
마산 로봇랜드 종일권 + 공룡월드 PKG (~3/31),马山机器人乐园全天通票+恐龙世界套票（~3/31）
마산 로봇랜드 종일권 + 로봇스쿨 레이싱카 PKG (~3/31),马山机器人乐园全天通票 + 机器人学校赛车套餐（~3/31）
잭슨나인스 양산점 (유효기간 : 3/1~3/31),Jackson Nine 梁山分店（有效期：3月1日至3月31日）
잭슨나인스 세종점 (유효기간 : 3/1~3/31),Jackson Nine 世宗分店（有效期：3月1日至3月31日）
네이처파크 설레는 봄 이용권(3/4~),自然公园精彩春季通行证（3月4日起）
네이처파크,自然公园
대구 달성군 가창면 가창로 891,大邱广域市达城郡加昌面加昌路 891
동탄 네이처스케이프 플러스 평일 한정 봄나들이 패키지,东滩自然景观+平日限定春季出游套餐
경기 화성시 동탄대로5길 21,京畿道华城市东滩大路5街21
이월드 자유이용권 3월,E-World 无限通行证三月
퓨처그라운드(디지털 놀이터) 김포공항점 이용권 3월,未来乐园（数字游乐场）金浦机场分店通行证
퓨처그라운드,未来之地
경기 성남시 분당구 판교로289번길 20,京畿道城南市盆唐区板桥路289街20
반포 세빛섬 레인보우브릿지 요트투어,盘浦塞维特岛彩虹桥游艇之旅
서울 서초구 올림픽대로 2085-14,2085-14 首尔瑞草区奥林匹克大路
월미짱랜드 이용권,月见江地门票
울산 중구 만남의거리 15,蔚山广域市中区马南义路 15
레고랜드 당일 이용권,乐高乐园一日通行证
레고랜드코리아 테마파크,韩国乐高乐园主题公园
강원 춘천시 하중도길 128,江原道春川市下中岛路128
아라뱃길크루즈 with 런치 (아라김포여객터미널 출발),阿拉水道游船之旅（含午餐）（从阿拉金浦客运码头出发）
삼악산케이블카X알파카월드 PKG,Samaksan缆车 X 羊驼世界 PKG
알파카월드,羊驼世界
강원특별자치도 홍천군 화촌면 덕밭재길 146-155,江原道洪川郡华村面德巴特贾路146-155
공룡월드 이용권,恐龙世界门票
세종 공룡월드,世宗恐龙世界
세종특별자치시 국세청로 32,世宗特别自治市国世清路32
쁘띠프랑스&이탈리아마을 연간회원권,小法兰西和意大利村年度会员资格
쁘띠프랑스&이탈리아 마을 + 유럽마을 봄 패키지,小法兰西村和意大利村 + 欧洲村春季套餐
삼국유사테마파크 입장권,三国游沙主题公园门票
대구 군위군 의흥면 일연테마로 100,大邱广域市军威郡义兴面二连西马路 100
2026 태안세계튤립꽃박람회,2026年泰安世界郁金香博览会
태안 세계튤립꽃박람회,泰安世界郁金香博览会
충남 태안군 남면 마검포길 200,忠清南道泰安郡南面马金浦路200
화성 서해랑케이블카 이용권,华城瑞豪朗缆车票
서해랑케이블카,瑞豪郎缆车
경기 화성시 만세구 서신면 전곡항로 1-10,京畿道华城市万世区西新面全谷港路1-10
오레브 핫 스프링&스파 (26.02.02~26.03.31),奥雷夫温泉水疗中心（2002年2月26日~2003年3月26日）
오레브 핫 스프링&스파,奥雷夫温泉水疗中心
제주 서귀포시 태평로 152,济州特别自治道西归浦市太平路 152
디너 불꽃 크루즈 (여의도 터미널 출발),晚餐烟花游船（从汝矣岛码头出发）
아일랜드 리솜 패키지 (객실 1박+조식 2인),海岛度假套餐（1晚住宿+2人早餐）
"헤일리 티프먼, 일상을 그리다 : 마이아트뮤지엄 원그로브점",海莉·蒂夫曼，《绘画日常生活：我的艺术博物馆一号格罗夫分馆》
썬웨이 워터파크 도곡온천 특가 이용권,双威水上乐园道谷温泉特价门票
썬웨이 워터파크,双威水上乐园
전남 화순군 도곡면 온천1길 45,全罗南道和顺郡道谷面温泉1街45
아쿠아시티 스파 워터파크 이용권,水上乐园门票
광주 아쿠아시티,光州水城
광주광역시 북구 서하로 82,光州广域市北区西下路 82
딜라이트 담양(담양의 아름다움을 담은 미디어아트),潭阳之美（捕捉潭阳之美的媒体艺术）
딜라이트 담양,丹阳的喜悦
전남 담양군 월산면 화방송정길 21-14,全罗南道潭阳郡月山面花房松亭路21-14
옐레드 마곡점 애견유치원 애견호텔 이용권,Yelled Magok Branch 狗狗日托和狗狗酒店优惠券
옐레드 서초교대역점 애견유치원 애견호텔 이용권,Yelled 瑞草-行台站分店狗狗日托及酒店代金券
옐레드 노원상계점 애견유치원 애견호텔 이용권,Yelled Nowon Sanggye Branch Dog Daycare & Dog Hotel Voucher
포항 요트투어 요트데이(요트투어/퍼블릭/프라이빗/커플/프로포즈),浦项游艇之旅 游艇一日游（游艇之旅/公共/私人/情侣/求婚）
포항 요트투어 요트데이 요트투어/퍼블릭/프라이빗/커플/프로포즈,浦项游艇之旅 游艇一日游/公共/私人/情侣/求婚
춘천 삼악산 호수 케이블카 (1월~3월 입장권),春川三摩山湖缆车（1月至3月门票）
춘천 삼악산 호수 케이블카,春川三岳山湖缆车
강원 춘천시 스포츠타운길 245,江原道春川市体育城路245号
하동 케이블카 탑승권,河东缆车票
하동 케이블카,河东缆车
경남 하동군 금남면 경충로 461-7,庆尚南道河东郡锦南面庆忠路461-7号
2026 모나용평 이나트 뮤지엄(전시관) 전시 입장권 (~6/30),2026年门永坪市立博物馆（展览馆）展览门票（约6/30）
하리보 해피월드 인 제주 (HARIBO Happy World in jeju),济州岛哈瑞宝快乐世界
하리보월드,哈瑞宝世界
제주 제주시 아연로 444-1,济州市爱渊路444-1号
마이아트뮤지엄 삼성점 : 클림트와 리치오디의 기적(~26.03.22),我的艺术博物馆三星分馆：克里姆特与里乔迪的奇迹（约2026年3月22日）
마이아트뮤지엄 삼성점,我的艺术博物馆三星分馆
타이거릴리 3개지점 이용권,虎百合三岔路口
타이거릴리,虎百合
서울 송파구 충민로 66,首尔特别市松坡区忠民路 66
키위키즈랜드,奇异果儿童乐园
부산 기장군 장안읍 정관로 1142,釜山广域市机张郡长安邑正官路1142
오아식스 리솜 선셋스파 (12/20~3/29),Oasis Resom Sunset Spa（12/20~3/29）
25/26 하이원리조트 스노우월드/눈썰매장 이용권,25/26 High1度假村雪世界/雪橇公园门票
실내 스카이 다이빙 플라이스테이션,室内跳伞飞行站
용인 플라이스테이션,龙仁飞行站
경기 용인시 처인구 포곡읍 성산로 521,京畿道龙仁市处仁区浦谷邑城山路521
플레이월드 미사점 키즈카페 이용권,游乐世界美沙分店儿童咖啡厅通行证
용인 테일45 반려견운동장 이용권,龙仁尾45号狗公园通行证
경기 용인시 기흥구 고매로43번길 47,京畿道龙仁市器兴区古前路43街47
25/26 하이원리조트 리프트권 (11.28~폐장일),25/26 High1 度假村缆车票（11 月 28 日至闭园日）
정선 로미지안가든 동절기 이용권,旌善罗美枝花园冬季季票
로미지안가든,罗米吉安花园
강원 정선군 북평면 어도원길 12,江原道旌善郡北平面 Eodowon-gil 12号
속초요트보트클럽 이용권,束草游艇俱乐部通行证
속초파워보트클럽,束草动力艇俱乐部
강원 속초시 장사항해안길 46,江原道束草市长沙东海岸路46
찜카 제주 렌트카 국내 해외 항공 투어택시 5% 할인 이용권,济州岛吉姆卡租车公司提供国内及国际航班和旅游出租车服务，5%折扣券
찜카,吉姆卡
제주 제주시 첨단로 330,济州特别自治道济州市Cheomdan路330
영일딸기체험,英日草莓体验
365일 힐링파크! 엑스포대공원 이용권,365天疗愈乐园！世博大公园门票
화성 한진요트 영국재즈요트 이용권,华城韩进游艇英国爵士游艇代金券
한진요트,韩进游艇
경기 화성시 만세구 서신면 제부리 6-16,京畿道华城市万世区西新面济武里6-16
글라이더스왕산 요트 투어 이용권,滑翔机王山游艇之旅门票
글라이더스왕산,滑翔机国王山
인천 중구 왕산로35번길 8,仁川广域市中区旺山路35街8
속초 장사항마리나 세일요트 이용권,束草长沙港游艇券
장사항마리나,长沙港码头
강원 속초시 장사항해안길 42,江原道束草市长沙东海岸路42
공룡월드 비봉공룡공원 이용권,比邦恐龙世界恐龙公园门票
호텔 크레센도 428 레스토랑 이용권,Hotel Crescendo 428 餐厅代金券
크레센도서울,首尔
"뮤지엄원 <다시, 낭만의 시대> 전시",博物馆一号 <浪漫时代再现> 展览
뮤지엄원,博物馆一号
"뮤지엄원 미디어아트 다시, 낭만의 시대",第一博物馆媒体艺术：重返浪漫时代
부산 해운대구 센텀서로 20,釜山广域市海云台区Centumseo-ro 20
디거앤레이스 김포라베니체점 이용권,Digger & Race Gimpo Lavenice 分行代金券
경기 김포시 태장로 802,京畿道金浦市太长路802
디거앤레이스 고양일산점 이용권,Digger & Race 高阳日山分店代金券
경기 고양시 일산서구 한류월드로 300,京畿道高阳市一山西区韩流世界路300
나주 우주드림 이용권,罗州太空梦想票
중흥골드스파리조트,荣兴金水疗度假村
전남 나주시 다도면 나주호로 558-314,全罗南道罗州市多道面罗州湖路 558-314
소노팰리체 승마체험,索诺宫骑马体验
소노펠리체 비발디파크,索诺·费利切·维瓦尔第公园
김포 덕포진교육박물관 이용권,金浦德浦镇教育博物馆门票
경기 김포시 대곶면 덕포진로103번길 90,京畿道金浦市大串面德浦津路103街90
자수정동굴 입장+보트PKG,紫水晶洞门票+乘船套餐
자수정동굴나라,紫水晶洞穴之地
울산 울주군 상북면 자수정로 212,蔚山广域市蔚州郡上北面紫水亭路212
태종대오션플라잉 이용권,太宗台海洋飞行机票
태종대 오션플라잉,太宗台海洋飞行
부산 영도구 태종로836번길 55,釜山广域市影岛区太宗路836街55
소피텔 앰배서더 서울 연말 룸온리 특가,首尔索菲特大使酒店年末客房特惠
소피텔 앰배서더 서울,首尔索菲特大使酒店
서울 송파구 잠실로 209,首尔特别市松坡区蚕室路209
연제구 닥터메포츠 사우나&헬스 이용권,延济区 Dr. Meports 桑拿和健身房通行证
닥터메포츠,梅波特斯博士
부산 연제구 거제시장로 42,釜山广域市莲堤区巨济厂路 42
아산레일바이크 이용권,阿山铁路自行车票
아산레일바이크,阿山铁路自行车
충남 아산시 도고면 아산만로 199-7,忠清南道牙山市道高面牙山万路 199-7
"레노부르크뮤지엄 / 빛을 찾았,나 (미디어아트 전시+전시테마음료 PKG)",莱诺堡博物馆 / 我找到了光（媒体艺术展 + 展览主题饮品套餐）
레노부르크뮤지엄 / GLEAM:E 빛나(미디어아트 일반 예매),莱诺堡博物馆 / GLEAM:E Bitna（媒体艺术普通票务）
경기 부천시 오정구 신흥로511번길 180,京畿道富川市梧井区新兴路511街180
일산 원마운트 로라비트 이용권,日山一号劳拉山节拍通道
원마운트,一个支架
부산영화체험박물관 + 씨네뮤지엄,釜山电影体验博物馆+电影博物馆
부산영화체험박물관,釜山电影体验博物馆
부산 중구 대청로126번길 12,釜山广域市中区大清路126街12
피노디아 뮤지엄 입장권,皮诺迪亚博物馆门票
피노디아 뮤지엄,皮诺迪亚博物馆
강원 속초시 엑스포로 75,江原道束草市世博路 75
해저와인과함께하는 우도잠수함,乌多潜艇与水下葡萄酒
우도잠수함,宇多潜艇
제주 서귀포시 성산읍 성산등용로 112-7,济州岛西归浦市城山邑城山登龙路 112-7
해저와인과함께하는 우도잠수함+우도도항선,宇岛潜艇 + 宇岛渡轮及水下葡萄酒
레이저아레나엑스_올인원,Razer Arena X 一体机
레이저아레나엑스_리얼리티 서바이벌,激光竞技场 X_现实生存
섬진강 별빛 스카이 짚와이어,蟾津江星光天空滑索
전남 광양시 진월면 망덕길 159,全罗南道光阳市真月面望德路159
부산 요트투어 카카오요트,釜山游艇之旅 Kakao 游艇
카카오요트,可可游艇
부산 해운대구 해운대해변로 84,釜山广域市海云台区海云台海滨路 84
플레이월드 다산점 키즈카페 이용권,Play World Dasan分店儿童咖啡厅门票
경주월드 자유이용권,庆州世界无限通行证
아이올레인포레스트,艾奥利内森林
제주 제주시 구좌읍 덕행로 359,济州市济州市旧左邑德行路 359
무지개요트,彩虹游艇
제주 무지개요트,济州彩虹游艇
제주특별자치도 제주시 도두항길 28-12,济州特别自治道济州市道头航路28-12号
선녀와나무꾼,仙女与樵夫
제주 선녀와나무꾼,济州岛仙女纳穆坤
제주특별자치도 제주시 조천읍 선교로 267,济州特别自治道济州市朝天邑仙桥路267号
서프라이즈테마파크,惊喜主题公园
메이즈랜드_소인,迷宫之地_矮人
제주 제주시 구좌읍 비자림로 2134-47,济州市济州市旧左邑榧子林路 2134-47
메이즈랜드_청소년,Mazeland_Youth
레포츠랜드,莱波特兰
제주 제주시 조천읍 와흘상서2길 47,济州特别自治道济州市朝天邑花勒上西2街47
김녕요트투어_소인,金宁游艇之旅_儿童
김녕요트투어,金宁游艇之旅
제주 제주시 구좌읍 구좌해안로 229-16,济州市济州市旧左邑旧左海岸路229-16
김녕요트투어_대인,金宁游艇之旅_成人
그림카페,图片咖啡馆
서울 마포구 와우산로 29-18,首尔特别市麻浦区沃山路29-18
그랑블루요트 럭셔리투어,Grand Bleu 豪华游艇之旅
그랑블루요트,Grand Bleu 游艇
제주 서귀포시 대포로 172-7,济州特别自治道西归浦市大浦路 172-7
그랑블루요트 선셋투어,Grand Bleu 游艇日落之旅
주렁주렁 실내 동물원 경주점,朱龙朱龙室内动物园庆州分园
경기도 안산시 단원구 광덕1로 276 6층 자이언트제트,京畿道安山市檀园区光德1路276号Giant Jet 6楼
"서울특별시 강남구 영동대로 513 , B1층",首尔特别市江南区永东大路513 B1F
대전광역시 유성구 엑스포로 1 대전 신세계 Art&Science 지하 1층,大田广域市儒城区世博路 1 号新世界艺术科学馆 B1F
"영중로 15 타임스퀘어 4층, 5층",时代广场4楼和5楼，永正路15号
대전광역시 중구 보문산공원로 469,大田广域市中区普文山公园路 469
부산광역시 해운대구 해운대해변로 266,釜山广域市海云台区海云台海滨路 266
제주특별자치도 서귀포시 남원읍 남위남성로 164,济州特别自治道西归浦市南原邑南温岩城路164号
경기도 고양시 일산서구 덕산로277번길 55 삼방가농원,京畿道高阳市一山西区德山路277街55号三房家农场
레고랜드 1일 이용권,乐高乐园一日通行证
하중도길 128 레고랜드 코리아 리조트,"韩国乐高乐园度假村, 128 Hajungdo-gil"
탑동가산로 1 동두천 놀자숲,东豆川诺尔贾苏普，1 Tapdonggasan-ro
경상남도 양산시 원동면 화제리 2696,庆尚南道梁山市院东面花地里2696
서울 영등포구 영중로 15,首尔特别市永登浦区永中路15
경북 포항시 북구 흥해읍 약성리 88,庆北浦项市北区兴海邑药城里88
강원 홍천군 서면 한치골길 262,江原道洪川郡西面汉奇谷路262号
제주 제주시 조천읍 남조로 2243,济州特别自治道济州市朝天邑南祖路 2243
분당어린이안전체험관,盆唐儿童安全体验中心
경기 성남시 분당구 문정로 40지도보기,京畿道城南市盆唐区文井路40 查看地图
한국등잔박물관,韩国灯笼博物馆
경기도 용인시 처인구 모현읍 능곡로56번길 8,京畿道龙仁市处仁区雾岘邑灵谷路56街8
국토발전전시관,国家土地开发展览馆
서울특별시 중구 정동길 18,首尔市中区正东路18号
한국만화박물관,韩国漫画博物馆
경기도 부천시 원미구 길주로1,京畿道富川市远美区吉州路1
용산역사박물관,龙山历史博物馆
서울특별시 용산구 한강대로14길 35-29,首尔特别市龙山区汉江大路14街35-29
안양박물관,安阳博物馆
경기도 안양시 만안구 예술공원로103번길 4,京畿道安阳市马安区礼水公园路103街4
노원기차마을 스위스관,芦原火车村瑞士馆
서울특별시 노원구 화랑로 622 (공릉동),首尔特别市芦原区花郎路622（孔陵洞）
북촌동양문화박물관,北川东方文化博物馆
서울특별시 종로구 북촌로11길 76(삼청동),首尔特别市钟路区北村路11街76（三清洞）
오마이갤러리 세계명화 트릭아트전시관,Ohmy画廊世界著名绘画错觉艺术展览馆
충남 태안군 안면읍 안면대로 3171-6,忠清南道泰安郡安眠邑安眠大路 3171-6
백제역사문화관,百济历史文化博物馆
충청남도 부여군 규암면 백제문로 386-6,忠清南道扶余郡龟岩面百济门路386-6
화성3.1운동만세길방문자센터,华城3.1运动万岁街游客中心
경기 화성시 만세구 우정읍 화수동길 163,京畿道华城市万世区雨井邑华水洞路163
피규어뮤지엄w,人物博物馆
제주특별자치도 서귀포시 안덕면 한창로 243,济州特别自治道西归浦市安德面汉昌路243号
활판인쇄박물관,活版印刷博物馆
경기도 파주시 회동길 145 (문발동),京畿道坡州市回东路145（文八洞）
덕소자연사박물관,德索自然历史博物馆
경기도 남양주시 와부읍 석실로 46-11,京畿道南杨州市洼富邑石实路46-11
심장박물관,心脏博物馆
인천광역시 계양구 계양문화로 7,仁川广域市桂阳区桂阳文化路7
계량박물관,度量博物馆
충북 음성군 맹동면 이수로 93,忠清北道阴城郡孟东面伊须路93
크레욜라 익스피어리언스 펜실베니아,宾夕法尼亚州绘儿乐体验馆
뉴저지 리버티 사이언스 센터,新泽西自由科学中心
진천종박물관,镇川钟博物馆
충청북도 진천군 진천읍 백곡로 1504-12,1504-12，白谷路，镇川郡镇川邑，忠清北道
충주자연생태체험관,忠州自然生态体验中心
충북 충주시 동량면 지등로 260 충주자연생태체험관,忠北忠州市东娘面地灯路260 忠州自然生态体验馆
고창고인돌박물관,高敞石墓博物馆
전북특별자치도 고창군 고창읍 고인돌공원길 74,全北特别自治道高敞郡高敞邑高印多尔公院路74号
백제문화단지,百济文化综合体
충남 부여군 규암면 백제문로 455,忠清南道扶余郡龟岩面百济门路 455
국립부여박물관 어린이박물관,国家扶余博物馆儿童博物馆
서울 약령시 한의약 박물관,首尔养宁市东方医学博物馆
서울특별시 동대문구 약령중앙로 26,首尔特别市东大门区药宁中央路26
워터월드 제주,济州岛水世界
제주 서귀포시 월드컵로 33,济州特别自治道西归浦市世界杯路33号
한국초콜릿연구소뮤지엄,韩国巧克力研究所博物馆
경기 가평군 청평면 경춘로 157,京畿道加平郡清平面庆春路157
함양목재문화체험장,咸阳木文化体验中心
경남 함양군 안의면 강변로 88,庆尚南道咸阳郡安义面江边路88
경기 포천시 군내면 청성로 72,京畿道抱川市建内面清城路72号
한국신발관,韩国鞋博物馆
부산 부산진구 백양대로 227,釜山广域市釜山镇区白阳大路 227
위봉함676,威邦汉姆 676
전북 군산시 내항2길 32,全北群山市内韩2街32
국립강원전문과학관,国立江原道专业科学博物馆
강원 원주시 북원로 2790,江原道原州市北原路2790
군산근대미술관,群山近代美术馆
전북 군산시 해망로 230,全北群山市解放路 230
호돌이다방,Hodori咖啡馆
경기 성남시 분당구 운중로146번길 19 1층 101호,京畿道城南市盆塘区云中路146街19号1楼101室
UX스튜디오 서울,首尔用户体验工作室
서울 강남구 강남대로 350,首尔市江南区江南大路350号
발명교육센터 창의발명체험관,发明教育中心创意发明体验中心
대전 유성구 과학로 82,大田广域市儒城区果鹤路 82
진도국민해양안전관,珍岛国家海事安全中心
전남 진도군 임회면 진도항길 161,全罗南道珍岛郡临惠面珍岛港路 161
해남공룡박물관,海南恐龙博物馆
전라남도 해남군 황산면 공룡박물관길 234,全罗南道海南郡黄山面恐龙博物馆路234号
김해시 수도박물관,金海市自来水博物馆
경상남도 김해시 한림면 김해대로 1029-20,庆尚南道金海市翰林面金海大路1029-20
경기해양안전체험관,京畿道海上安全体验中心
경기 안산시 단원구 대부황금로 1546 경기도 해양안전체험관지도보기,地址：京畿道安山市檀园区大府皇锦路1546号 京畿道海上安全体验中心 查看地图
람사르문화관,拉姆萨尔文化中心
경남 창원시 의창구 동읍 주남로101번길 26,庆尚南道昌原市义昌区东邑朱南路101街26
네이처에코리움,自然生态馆
경남 밀양시 단장면 관광단지로 77,庆尚南道密阳市坛场面光团地路 77
래미안갤러리,雷米安画廊
서울 송파구 충민로 17,首尔特别市松坡区忠民路17
오산미니어처빌리지,乌山微缩村
경기 오산시 북삼미로 12,京畿道乌山市北三美路12
오대호아트팩토리,大田湖艺术工厂
충북 충주시 앙성면 가곡로 1434,忠北忠州市安城面雅谷路 1434
아산환경과학공원 생태곤충원,阿山环境科学园生态昆虫馆
충남 아산시 실옥로 216,忠清南道牙山市实洛克路 216
어깨동무스토리움,肩并肩的故事
서울 마포구 월드컵로 386지도보기,首尔市麻浦区世界杯路386号 查看地图
구리어린이천문대,古里儿童天文台
경기 구리시 동구릉로 427,京畿道九里市东九陵路427
인천개항박물관,仁川开放港口博物馆
인천광역시 중구 신포로23번길 89,仁川广域市中区新浦路23街89
노사평화의 전당,劳资和平大厅
대구 달성군 구지면 국가산단대로52길 6,大邱广域市达城郡郡志面国角产团大路52街6
의정부과학도서관 어린이과학체험실,议政府科学图书馆儿童科学体验室
경기 의정부시 추동로124번길 52,京畿道议政府市秋东路124街52
부여생활사박물관,扶余生活历史博物馆
충청남도 부여군 규암면 백제문로 553,忠清南道扶余郡龟岩面百济门路553
용평 공룡해양랜드,龙平恐龙海洋乐园
여주곤충박물관,骊州昆虫博物馆
경기도 여주시 명성로 114-146,京畿道骊州市明城路114-146
한국근대문학관,韩国现代文学博物馆
인천광역시 중구 신포로15번길 76,仁川市中区新浦路15号街76号
유리섬박물관,玻璃岛博物馆
경기 안산시 단원구 부흥로 254 유리박물관/미술관지도보기,京畿道安山市檀园区富兴路254 玻璃博物馆/美术馆 查看地图
전기박물관,电气博物馆
서울특별시 서초구 효령로 72길 60,首尔特别市瑞草区孝宁路72街60
경기도자박물관,京畿陶瓷博物馆
경기도 광주시 곤지암읍 경충대로 727,京畿道广州市昆池岩邑庆忠大路727
서대문자연사박물관,西大门自然历史博物馆
서울특별시 서대문구 연희로 32길 51,首尔市西大门区延禧路32街51号
떡박물관,米糕博物馆
서울특별시 종로구 돈화문로 71(와룡동),首尔特别市钟路区敦化门路71（卧龙洞）
돈화문갤러리,唐瓦蒙画廊
서울 종로구 돈화문로 71 인산빌딩 9층 돈화문갤러리지도보기,敦化门画廊，仁山大厦9楼，首尔市钟路区敦化门路71号 查看地图
새마을운동발상지기념공원,新村运动发源地纪念公园
경북 청도군 청도읍 새마을1길 34,庆尚北道清道郡清道邑新村1街34号
대전광역시어린이회관,大田广域市儿童大厅
대전 유성구 월드컵대로 32,32 世界杯-daero，儒城区，大田
서울특별시 송파구 올림픽로 240,首尔特别市松坡区奥林匹克路240
백제왕궁박물관,百济皇宫博物馆
전북특별자치도 익산시 왕궁면 궁성로 666,全北特别自治道益山市王宫面宫城路666
의열체험관,义烈体验馆
경남 밀양시 노상하1길 27,庆尚南道密阳市露桑下1街27
현대 모터스튜디오 고양,现代汽车高阳店
경기 고양시 일산서구 킨텍스로 217-6,京畿道高阳市一山西区金泰克斯路217-6
서소문성지역사박물관,西小门圣地历史博物馆
서울특별시 중구 칠패로 5,首尔市中区七培路5号
중국어마을문화체험관,中国语言村文化体验中心
인천 중구 신포로23번길 80,仁川广域市中区新浦路23街80
오키나와 현립박물관,冲绳县立博物馆
창녕생태곤충원,昌宁生态昆虫公园
경남 창녕군 대합면 우포2로 333,庆尚南道昌宁郡大合面鹅浦2路333
팽성생활사박물관,平城生命史博物馆
경기 평택시 팽성읍 안정로39번길 21,京畿道平泽市平城邑安定路39街21
한국은행 경남본부 화폐전시관,韩国银行庆南分行货币展览馆
경남 창원시 성산구 원이대로 633 한국은행경남본부,庆尚南道昌原市城山区院大路 633 韩国银行庆南支行
합덕제 생태관광체험센터,合德济生态旅游体验中心
충남 당진시 합덕읍 합덕성당2길 10,忠清南道唐津市合德邑合德城堂2街10
뮤지엄헤이,博物馆嘿
경기 파주시 탄현면 평화로 885-43,京畿道坡州市炭县面和平路885-43
안동 전통문화콘텐츠박물관,安东传统文化馆
경상북도 안동시 서동문로 203,庆尚北道安东市西东门路203
경기도어린이식품안전체험관 이천센터,京畿道儿童食品安全体验中心利川中心
경기 이천시 호법면 중부대로798번길 126,京畿道利川市湖布面中部大路798街126
보령석탄박물관,保宁煤炭博物馆
충청남도 보령시 성주산로 508,忠清南道保宁市圣州山路508
목인박물관 목석원,木仁博物馆 木石院
서울특별시 종로구 인사동11길 20(견지동),首尔特别市钟路区仁寺洞11街20（京地洞）
싱가포르 kidsSTOP,新加坡 Kidstop
국립극장공연예술박물관,国家戏剧和表演艺术博物馆
이사부독도기념관,伊佐武独岛纪念馆
강원 삼척시 새천년도로 28,江原道三陟市世川年路28号
목포자연사박물관,木浦自然历史博物馆
전라남도 목포시 남농로 135,全罗南道木浦市南农路 135
서울우리소리박물관,首尔声音博物馆
서울특별시 종로구 율곡로 96,首尔特别市钟路区栗谷路 96
국립기상박물관,国家气象博物馆
서울특별시 종로구송월길 52,首尔特别市钟路区松月路 52
강원도산림박물관,江原道森林博物馆
강원특별자치도 춘천시 화목원길 24,江原道春川市花木院路24
서울퓨처랩,首尔未来实验室
서울 강서구 마곡중앙5로 지하 9,首尔特别市江西区麻谷中央5路地下9号
상주목재문화체험장,尚州木文化体验中心
경북 상주시 은척면 성주봉로 3,庆尚北道尚州市恩尺面星州峰路3
담양우표박물관,潭阳邮票博物馆
전라남도 담양군 대전면 대치9길 16,全罗南道潭阳郡大田面大池9街16
강원경찰박물관,江原道警察博物馆
강원특별자치도 춘천시 신북읍 신샘밭로 361,江原道春川市新北邑新生巴特路361
인천상회,仁川店
인천 강화군 삼산면 삼산남로604번길 6-7,仁川广域市江华郡三山面三山南路604街6-7
의병박물관,正义军博物馆
경상남도 의령군 의령읍 충익로 1-25,庆尚南道宜宁郡宜宁邑忠益路1-25
통영수산과학관,统营水产科学博物馆
경남 통영시 산양읍 척포길 628-111,庆尚南道统营市山阳邑尺浦路 628-111
울산기후위기대응센터,蔚山气候危机应对中心
울산 울주군 서생면 간절곶1길 15,蔚山广域市蔚州郡西生面甘绝串1街15
보현산천문과학관,宝贤山天文科学中心
경북 영천시 화북면 별빛로 681-32,庆尚北道永川市和北面别比特路681-32
도산 안창호 기념관,岛山安昌浩纪念馆
서울특별시 강남구 도산대로45길 20,首尔特别市江南区岛山大路45街20
부평역사박물관,富平历史博物馆
반딧불이생태관,萤火虫生态中心
서울 마포구 하늘공원로 108,首尔特别市麻浦区天空公园路 108
용산도시기억전시관,龙山市记忆展览馆
"서울 용산구 서빙고로 17 용산센트럴파크 해링턴스퀘어 공공시설동 1,2층지도보기",首尔市龙山区西冰路17号，龙山中央公园哈灵顿广场公共设施大楼1层和2层 查看地图
규남박물관,居南博物馆
전라남도 화순군 이서면 백아로 3109,全罗南道和顺郡伊西面白家路 3109
얼라이브 하트,鲜活的心
강원 속초시 원암학사평길 88,江原道束草市圆南学莎坪路 88
청암민속박물관,青岩民俗博物馆
경기 양주시 장흥면 권율로 83-5,京畿道杨州市长兴面权律路83-5
함양박물관,咸阳博物馆
경상남도 함양군 함양읍 필봉산길 55,庆尚南道咸阳郡咸阳邑必峰山路55
인천어린이박물관,仁川儿童博物馆
성주과일어린이과학체험관,星州水果儿童科学体验中心
경북 성주군 성주읍 성주순환로 271-9,庆尚北道星州郡星州邑星州循环路271-9
자유수호평화박물관,自由捍卫和平博物馆
경기도 동두천시 평화로 2910번길 96-63,京畿道东豆川市和平路2910街96-63
이주홍어린이문학관,李柱洪儿童文学博物馆
경남 합천군 용주면 합천호수로 828-7,庆尚南道陕川郡龙州面陕川湖水路828-7
빛고을농촌테마공원곤충박물관,比特格尔乡村主题公园昆虫博物馆
광주 남구 양과동 1290,光州广域市南区杨瓜洞 1290
솔로몬로파크,所罗门·劳公园
대전 유성구 엑스포로 219-39,大田市儒城区世博路219-39号
광명시 게임창작소,光明市游戏创作中心
경기 광명시 철망산로 46,京畿道光明市铁芒山路46
충주어린이과학관,忠州儿童科学博物馆
충북 충주시 관아1길 20,忠北忠州市官衙 1 街 20
인사동홍보관,仁寺洞振兴中心
서울 종로구 인사동11길 19,首尔特别市钟路区仁寺洞11街19
"밀레에듀파크, 어반네이처",米勒特教育园，城市自然
"경기도 시흥시 거북섬북로 54 아쿠아펫랜드 아쿠아펫랜드 / 어반네이처  C동 201,202호",京畿道始兴市巨北岛路 54 号水族宠物乐园 / Urban Nature C 栋 201、202 室
안토 피규어 박물관,安托人物博物馆
서울특별시 강북구 삼양로 689 안토,首尔特别市江北区三养路 689 安东
우표박물관,邮票博物馆
넥스트레벨,下一级
강원 속초시 척산양지말길 41,江原道束草市尺山洋地马尔路 41
아차산 고구려역사문화홍보관,阿寮山高句丽历史文化振兴中心
서울 광진구 워커힐로 127 생태자료실,生态数据中心，首尔市广津区沃克山路127号
G밸리산업박물관,G谷工业博物馆
서울특별시 구로구 디지털로26길 38,首尔特别市九老区数码路26街38
지리산역사문화관,智异山历史文化中心
전남 구례군 마산면 화엄사로 377-36,全罗南道求礼郡马山面华严寺路377-36
청주랜드 어린이회관 제2관(어린이체험관),清州乐园儿童馆2号馆（儿童体验馆）
청주랜드 어린이회관 제2관 어린이체험관,清州乐园儿童馆2号馆儿童体验中心
허준박물관,许俊博物馆
서울특별시 강서구 허준로 87,首尔特别市江西区许俊路 87
고려대학교 서울캠퍼스 박물관 & 크림슨스토어,高丽大学首尔校区博物馆及绯红商店
서울 성북구 안암로 145 고려대학교안암캠퍼스지도보기,韩国首尔城北区安岩路145号，高丽大学安岩校区 查看地图
버그밀 곤충체험관,布格米尔昆虫体验中心
경남 밀양시 산내면 산내로 290,庆尚南道密阳市山内面山内路290
무주반디별천문과학관,沐朱萤火虫星天文科学中心
전북 무주군 설천면 무설로 1324,全北茂朱郡雪川面武瑟路 1324
강화자연사박물관,江华自然历史博物馆
인천광역시 강화군 하점면 강화대로 994-33,仁川广域市江华郡下尖面江华大路994-33号
추억의달동네,山坡上的回忆村
경북 경주시 보불로 216-8,庆尚北道庆州市福佛路 216-8
짜장면박물관,炸酱面博物馆
한국교원대학교 교육박물관,韩国国立教育大学博物馆
충청북도 청주시 흥덕구 강내면 태성탑연로 250,忠清北道清州市兴德区江内面太城塔坪路250号
대전선사박물관,大田史前博物馆
대전광역시 유성구 노은동로 126,大田广域市儒城区新云洞路126
성북선잠박물관,城北仙岩博物馆
진남관,金南官
전남 여수시 동문로 11,全罗南道丽水市东门路11
답십리영화미디어아트센터,达普西姆尼电影与媒体艺术中心
서울 동대문구 답십리로 210-9,首尔特别市东大门区踏十里路210-9
부천시립박물관,富川市博物馆
경기도 부천시 오정구 소사로 638,京畿道富川市乌井区素砂路638
공주한옥마을 전통문화체험관,公州韩屋村传统文化体验中心
충남 공주시 관광단지길 12,忠清南道公州市广团地路12
미호박물관,美秀美术馆
경기도 남양주시 고산로 126번길 15-2,京畿道南杨州市高山路126街15-2
인천광역시립박물관,仁川市立博物馆
인천광역시 연수구 청량로160번길 26,仁川市延寿区清阳路160号街26号
오아르미술관,桨博物馆
경북 경주시 금성로 260-6,庆尚北道庆州市金城路260-6
익산 공룡테마공원,益山恐龙主题公园
전북 익산시 왕궁면 호반로 8,全北益山市王宫面湖畔路8
구례 백두대간 생태교육장,求礼白头大干生态教育中心
전남 구례군 마산면 화엄사로 377-37,全罗南道求礼郡马山面华严寺路377-37
연산역 철도문화체험관,延山站铁路文化体验中心
충남 논산시 연산면 선비로275번길 31-2,忠清南道论山市延山面仙飞路275街31-2
제주4.3어린이체험관,济州岛 4.3 儿童体验中心
제주 제주시 명림로 430,济州市济州市明宁路 430
전태일기념관,全泰日纪念馆
서울 종로구 청계천로 105 전태일기념관지도보기,全泰日纪念馆，首尔市钟路区清溪川路105号 查看地图
초막골 생태 전시관,乔马克尔生态展览馆
경기 군포시 초막골길 216,京畿道军浦市草磨谷路216
증평민속체험박물관,井平民俗体验博物馆
충청북도 증평군 증평읍 둔덕길 89,忠清北道曾平郡曾平邑敦德路 89
백범김구기념관,白范金九纪念馆
서울특별시 용산구 임정로 26,首尔特别市龙山区临正路26
그대 나의 뮤즈 반고흐 to 마티스,你，我的缪斯，梵高对马蒂斯
강원 강릉시 창해로 307,江原道江陵市昌海路307
김포장릉역사문화관,金浦长陵历史文化中心
경기 김포시 장릉로 79,京畿道金浦市长陵路 79
천주교서울대교구역사관,首尔天主教总教区历史博物馆
서울 중구 명동길 74,首尔特别市中区明洞街 74
박두진문학관,朴斗镇文学博物馆
경기도 안성시 보개면 남사당로 198-11,京畿道安城市宝开面南寺党路198-11
넷마블게임박물관,Netmarble游戏博物馆
서울 구로구 디지털로26길 38,首尔特别市九老区数码路26街38
거제조선해양문화관,巨济造船及海洋文化中心
경남 거제시 일운면 지세포해안로 41,庆尚南道巨济市伊伦面智世浦海路41号
안산산업역사박물관,安山工业历史博物馆
경기도 안산시 단원구 화랑로 265,京畿道安山市檀园区花郎路265
충무공이순신기념관,李舜臣海军上将纪念堂
충청남도 아산시 염치읍 현충사길 126,忠清南道牙山市盐池邑显忠寺路126
보보의 집,波波之家
서울 용산구 용산동5가 19,首尔特别市龙山区龙山洞5街19
어린이환경생태교육관,儿童环境生态教育中心
서울 용산구 한강대로38길 21 용산어린이정원 내 어린이 환경생태교육관지도보기,儿童环境生态教育中心，位于首尔市龙山区汉江大路38街21号龙山儿童花园内（查看地图）
제주독도체험관,济州独岛体验中心
울진과학체험관,蔚珍科学体验中心
경북 울진군 울진읍 연지길 30,庆尚北道蔚珍郡蔚珍邑莲池路 30
청도박물관,青道博物馆
경상북도 청도군 이서면 이서로 567,庆尚北道清道郡伊西面伊西路567号
제주세계자연유산센터,济州世界自然遗产中心
안성맞춤박물관,安城博物馆
경기도 안성시 대덕면 서동대로 4726-15,京畿道安城市大德面西东大路4726-15
전주자연생태관,全州自然生态中心
전북특별자치도 전주시 완산구 바람쐬는길 21,全北特别自治道全州市完山区Baramsweneun路21
수원시기후변화체험교육관,水原市气候变化体验教育中心
경기 수원시 권선구 호매실로 46-38,京畿道水原市权善区虎梅实路46-38
수원시립아트스페이스광교,水原市艺术空间光教
경기 수원시 영통구 광교중앙로 140,京畿道水原市灵通区光教中央路140
국립인천해양박물관,仁川国立海事博物馆
인천 중구 월미로 294,仁川市中区月尾路294号
벽골제농경문화박물관,比奥克戈列农业文化博物馆
부산광역시교육청유아교육진흥원,釜山广域市教育厅幼儿教育促进院
부산 사하구 다대로529번길 11,釜山广域市沙下区达达罗529街11
조경철천문대,赵庆哲天文台
강원 화천군 사내면 천문대길 431,江原道华川郡新爱面天门台路431号
국립대구박물관,国立大邱博物馆
한중문화관,韩国-中国文化中心
인천광역시 중구 제물량로 238,仁川广域市中区济物阳路238
돌하르방미술관,多尔哈鲁邦艺术博物馆
제주특별자치도 제주시 조천읍 북촌서1길 70,济州特别自治道济州市朝天邑北村西1街70号
강원종합박물관,江原综合博物馆
강원특별자치도 삼척시 신기면 강원남부로 3016,江原特别自治道三陟市新基面江原南路3016号
미메시스 아트 뮤지엄,拟态艺术博物馆
경기도 파주시 문발로 253,京畿道坡州市文八路253
국립춘천박물관,春川国立博物馆
벨포레 미디어아트센터,贝尔福媒体艺术中心
충북 증평군 도안면 벨포레길 409,忠清北道曾平郡道安面贝尔福街409
인천국민안전체험관,仁川国家安全体验中心
인천 서구 봉오재1로 120,仁川市西区奉吾斋1路120号
파주출판도시 출판산업체험센터,坡州出版城出版产业体验中心
경기 파주시 회동길 145,京畿道坡州市回东路145
고려청자박물관디지털박물관,高丽青瓷博物馆数字博物馆
전라남도 강진군 대구면 청자촌길 33,全罗南道康津郡大邱面青雀村路33
이응노미술관,李恩诺博物馆
군산근대역사박물관,群山现代历史博物馆
전북특별자치도 군산시 해망로 240,全北特别自治道群山市海望路240号
서구로봇체험관,西九机器人体验中心
인천 서구 로봇랜드로 155-11,仁川广域市西区机器人乐园路 155-11
명원박물관,明原博物馆
서울특별시 성북구 정릉로 77,首尔市城北区贞陵路77号
수원박물관,水原博物馆
경기도 수원시 영통구 창룡대로 265,京畿道水原市灵通区昌岭大路265
검단선사박물관,格姆丹史前博物馆
인천광역시 서구 고산후로121번길 7,仁川市西区高山湖路121号街7号
아스카 게임박물관,飞鸟游戏博物馆
경기 파주시 탄현면 헤이리마을길 59-101,京畿道坡州市炭县面Heyrimaeu​​l路59-101
달서선사관,达尔西·森萨冠
대구 달서구 조암로 129,大邱市达西区朝岩路129号
부산광역시교육청어린이창의교육관,釜山广域市教育厅儿童创意教育中心
부산 부산진구 성지곡로33번길 29-28,釜山广域市釜山镇区圣地谷路33街29-28
국립수목원 산림박물관,国家植物园森林博物馆
경기도 포천시 소흘읍 광릉수목원로 509,京畿道抱川市秀禾邑光陵水墨院路509
웅진백제역사관,翁津百济历史博物馆
충남 공주시 왕릉로 37,忠清南道公州市王陵路 37
조명박물관,照明博物馆
경기도 양주시 광적면 광적로 235-48,京畿道杨州市广积面广积路235-48
국립전주어린이박물관,全州国立儿童博物馆
전북 전주시 완산구 쑥고개로 249,全北全州市完山区水谷街 249
한국잡월드,韩国就业世界
경기 성남시 분당구 분당수서로 501,京畿道城南市盆唐区盆唐水西路 501
호남기후변화체험관,湖南气候变化体验中心
전남 담양군 담양읍 메타세쿼이아로 45,全罗南道潭阳郡潭阳邑水杉路45
경기도 어린이식품안전체험관 부천센터,京畿道儿童食品安全体验中心富川中心
경기 부천시 벌말로 122 경기 어린이식품안전체험관 부천센터,京畿道富川市白末路122号，京畿儿童食品安全体验中心富川中心
기지시줄다리기박물관,吉吉西拔河博物馆
충청남도 당진시 송악읍 안틀모시길11,忠清南道唐津市松岳邑安特莫实路 11
오산버드파크,乌山鸟园
경기 오산시 성호대로 141 오산시청,京畿道乌山市星湖大路141 乌山市政厅
국립산악박물관,国家山地博物馆
서울특별시 도봉구 도봉산길 86,首尔特别市道峰区道峰山路86
테라크랩팜,泰拉螃蟹养殖场
강원 속초시 학사평2길 16,江原道束草市鹤西坪2街16
경주 세계자동차박물관,庆州世界汽车博物馆
경상북도 경주시 보문로 132-22,庆尚北道庆州市普门路132-22
속초시립박물관,束草市博物馆
강원특별자치도 속초시 신흥2길16,江原道束草市新兴2街16
애니메이션 박물관 & 토이로봇관,动画博物馆和玩具机器人博物馆
강원특별자치도 춘천시 서면 박사로 854,江原道春川市西面婆刹路854号
경산수학체험센터,庆山数学体验中心
경북 경산시 삼성현로 110,庆尚北道庆山市三成岘路110号
서울상상나라,首尔幻想乐园
서울특별시 광진구 능동로 216,首尔特别市广津区灵洞路216
서울새활용플라자,首尔升级改造广场
서울 성동구 자동차시장길 49,首尔市城东区汽车市场路49号
시화조력문화관,始华潮汐能文化中心
경기 안산시 단원구 대부황금로 1927,京畿道安山市檀园区大佛皇金路 1927
밀양시립박물관,密阳市博物馆
경상남도 밀양시 밀양대공원로 100,庆尚南道密阳市密阳大门路100
대구시민안전테마파크,大邱市民安全主题公园
대구 동구 팔공산로 1155,大邱广域市东区八公山路1155
Park1538,公园1538
경북 포항시 남구 동해안로6213번길 5-11,庆尚北道浦项市南区东海岸路6213街5-11
담양곤충박물관,潭阳昆虫博物馆
전남 담양군 담양읍 담양88로 428,全罗南道潭阳郡潭阳邑潭阳88路428
국립중앙과학관,国家中央科学博物馆
노원천문우주과학관,芦原天文与空间科学博物馆
서울 노원구 동일로205길 13,首尔特别市芦原区东一路205街13
국립항공박물관,国家航空博物馆
서울특별시 강서구 하늘길 177,首尔特别市江西区天空路 177
국립해양박물관,国家海事博物馆
부산광역시 영도구 해양로301번길 45,釜山广域市影岛区海洋路301街45
국립어린이과학관,国家儿童科学博物馆
서울 종로구 창경궁로 215,首尔特别市钟路区昌庆宫路 215
국립민속박물관 파주관,韩国国立民俗博物馆坡州分馆
국립생물자원관,国家生物资源研究所
인천 서구 환경로 42,仁川市西区焕井路42号
국립아시아문화전당 어린이문화원,国家亚洲文化中心儿童文化中心
국립부산과학관,釜山国立科学博物馆
부산 기장군 기장읍 동부산관광6로 59,釜山广域市机张郡机张邑东部山观光6路59
경상남도안전체험관,庆尚南道安全体验中心
경남 합천군 용주면 고품부흥1길 10-28,庆尚南道陕川郡龙州面古本府兴1街10-28
경찰박물관,警察博物馆
예술정원1999 자연예술테마파크,艺术花园 1999 自然艺术主题公园
경기 포천시 신북면 아트밸리로 184-1,京畿道抱川市新北面艺术谷路184-1号
우라이임업생활관,乌来林业生命中心
경상남도교육청 경남수학문화관,庆尚南道教育厅庆南数学文化中心
경남 창원시 성산구 창원천로196번길 48,庆尚南道昌原市城山区昌原川路196街48
합천정원테마파크 청와대세트장,合川花园主题公园青屋套装
경남 합천군 용주면 합천호수로 777,庆尚南道陕川郡龙州面陕川湖水路777
경기도 국민안전체험관,京畿道国家安全体验中心
경기 오산시 북삼미로 22,京畿道乌山市北三美路22
부평 굴포누리 기후변화체험관,富平九浦努里气候变化体验中心
인천 부평구 장제로 267,仁川市富平区长济路267号
완산벙커 더 스페이스,万山地堡太空
전북 전주시 완산구 완산5길 70,全北全州市完山区完山5街70
헌법재판소 도서관,宪法法院图书馆
서울 종로구 북촌로 15 헌법재판소지도보기,首尔市钟路区北村路15号 查看宪法法院地图
한탄강세계지질공원센터,汉潭江世界地质公园中心
경기도 포천시 영북면 비둘기낭길 55,京畿道抱川市永北面飞豆囊路55
궁산땅굴역사전시관,宫山隧道历史展览馆
서울 강서구 양천로49길 106 공중화장실 궁산땅굴지도보기,首尔市江西区阳川路49街106号 公共厕所 宫山隧道 查看地图
세계자동차&피아노박물관,世界汽车与钢琴博物馆
제주특별자치도 서귀포시 안덕면 중산간서로 1610,济州特别自治道西归浦市安德面中山岸西路1610
광명시자원회수시설 홍보관,光明市资源回收设施公关中心
경기 광명시 가학로85번길 142,京畿道光明市学院路85街142
하회세계탈박물관,河回世界面具博物馆
경상북도 안동시 풍천면 전서로 206,庆尚北道安东市丰川面传西路206
양평친환경농업박물관,杨平生态友好农业博物馆
경기도 양평군 용문면 용문산로 670,京畿道杨平郡龙门面龙门山路670
경기도 파주시 탄현면 헤이리마을길 93-89,京畿道坡州市炭县面Heyrimaeu​​l路93-89
디자인씽킹뮤지엄,设计思维博物馆
강원특별자치도 강릉시 구정면 정등로 130,江原道江陵市九亭面正灯路130
오이도 박물관,大户博物馆
경기도 시흥시 오이도로 332,京畿道始兴市乌道路 332
울산수학문화관,蔚山数学文化中心
울산 북구 약수8길 50,蔚山广域市北区药水8街50
의성조문국박물관,义城公国博物馆
경상북도 의성군 금성면 초전1길 83,庆尚北道义城郡金城面草田1街83
인천도시역사관,仁川市历史博物馆
인천광역시 연수구 인천타워대로 238,仁川市延寿区仁川塔大路238号
시립 반석산 에코스쿨,市立盘石山生态学校
경기 화성시 동탄구 노작로 158,京畿道华城市东滩区绿雀路158
서울특별시교육청융합과학교육원 본원,首尔市教育厅融合科学教育中心总院
서울 관악구 낙성대로 101 서울시과학전시관지도보기,首尔市冠岳区乐城大路101号 首尔科学展览中心 查看地图
삼성화재 모빌리티뮤지엄,三星火灾海上保险移动博物馆
경기도 용인시 처인구 포곡읍 에버랜드로376번길 171,京畿道龙仁市处仁区浦谷邑爱宝乐园路376街171
여주산림박물관,骊州森林博物馆
경기도 여주시 황학산수목원길 73,京畿道骊州市黄鹤山水木院路73
서울특별시 도봉구 시루봉로1길 6,首尔市道峰区Sirubong-ro 1-gil 6号
남양주 어린이비전센터,南阳州儿童视觉中心
경기도 남양주시 진접읍 해밀예당1로 96 (금곡리),京畿道南杨州市进结邑海米礼堂1路96（金谷里）
천안흥타령관,天安兴太岭堂
충청남도 천안시 동남구 천안대로 412,忠清南道天安市东南区天安大路412
서울교육박물관,首尔教育博物馆
서울특별시 종로구 북촌로5길 48(화동),首尔特别市钟路区北村路5街48（华洞）
서울물재생체험관,首尔水资源回收体验中心
서울 강서구 마곡동 1142,首尔特别市江西区麻谷洞 1142
진영역철도박물관,晋永站铁路博物馆
경상남도 김해시 진영읍 진영로 145-1,庆尚南道金海市进营邑进营路145-1
종이나라박물관,纸乐园博物馆
서울특별시 중구 장충단로 166,首尔特别市中区奖忠团路 166
오산에코리움,乌山生态馆
경기 오산시 오산천로 52,京畿道乌山市乌山川路52
울산박물관,蔚山博物馆
보라매안전체험관,博拉梅安全体验中心
서울 동작구 여의대방로20나길 16,首尔特别市铜雀区汝矣大方路20那街16
소창체험관,索昌体验中心
인천 강화군 강화읍 남문안길20번길 8,仁川广域市江华郡江华邑南门南路20号路8
김수영문학관,金秀英文学博物馆
서울 도봉구 해등로32길 80 김수영문학관지도보기,金秀英文学博物馆，首尔市道峰区海登路32街80号 查看地图
포항함체험관,浦项军舰体验中心
경북 포항시 남구,庆尚北道浦项市南区
키즈오토파크 서울,首尔儿童汽车停车场
서울 광진구 능동로 216,首尔特别市广津区灵洞路216
한국사찰음식문화체험관,韩国寺庙饮食文化体验中心
서울 종로구 율곡로 39 신관 2층지도보기,首尔市钟路区栗谷路39号新楼2楼 查看地图
서울특별시 성동구 청계천로 530,首尔市城东区清溪川路530号
웅진역사관,熊津历史博物馆
경기 파주시 회동길 20,京畿道坡州市回东路20
오설록 티 뮤지엄,奥苏洛克茶博物馆
제주 서귀포시 안덕면 신화역사로 15,济州特别自治道西归浦市安德面神话寺路15
펄벅기념관,珍珠巴克纪念堂
경기도 부천시 소사구 성주로214번길 61,京畿道富川市草佐区星州路214街61
신두리 사구센터,辛杜里沙丘中心
충남 태안군 원북면 신두해변길 201-54,忠清南道泰安郡元北面新都海滨路201-54
부천활박물관,富川射箭博物馆
경기도 부천시 원미구 소사로 482,京畿道富川市远美区素沙路482
이화여자대학교 자연사박물관,梨花女子大学自然历史博物馆
서울특별시 서대문구 이화여대길 52,首尔市西大门区梨花女子大学街52号
개구리생태공원 개구리생태관,青蛙生态公园 青蛙生态中心
해오름전시실곤충박물관,豪瑞展览馆昆虫博物馆
전남 여수시 자산공원길 90,全罗南道丽水市紫山公园路 90 号
서해미술관,西海美术馆
충청남도 서산시 부석면 무학로 152-13,忠清南道瑞山市浮石面无学路152-13
국립공원공단 국립공원야생생물보전원 남부보전센터,韩国国家公园管理局国家公园野生动物保护中心南部保护中心
전남 구례군 마산면 화엄사로 402-31,全罗南道求礼郡马山面华严寺路402-31
공주독립운동기념관,公州独立运动纪念馆
충남 공주시 중동 258-9,忠清南道公州市中洞 258-9
세종문화회관 미술관,世宗文化中心美术馆
충청남도역사박물관,忠清南道历史博物馆
충청남도 공주시 국고개길 24,忠清南道公州市国歌街24
서유리공룡발자국화석산지,濑友里恐龙足迹化石遗址
전남 화순군 백아면 서유리 산 150-1,全罗南道和顺郡白甲面西游里150-1
순환도시 친환경세상 순환자원홍보관,循环城市 生态友好世界 循环资源促进中心
경기 성남시 분당구 석운로164번길 19 다시쓰는 세상 순환자원 홍보관지도보기,京畿道城南市盆唐区石坤路164号街19号，Reuseuse世界循环资源促进中心 查看地图
K-water 소양강댐 물문화관,韩国水利昭阳江水坝水文化中心
강원 춘천시 신북읍 신샘밭로 1128,江原道春川市新北邑新新巴特路1128
오리온제주용암수,猎户座济州岛熔岩水
제주 제주시 구좌읍 일주동로 2706-27,济州市济州市旧左邑一州洞路 2706-27
문경자연생태박물관,闻庆自然生态博物馆
경상북도 문경시 문경읍 새재1길 45,庆尚北道闻庆市闻庆邑新才1街45
율곡기념관,栗谷纪念馆
경기 파주시 법원읍 자운서원로 204,京畿道坡州市法原邑紫云书院路204
안산별망어촌문화관,安山别芒渔村文化中心
경기 안산시 단원구 시화호수로 553,京畿道安山市檀园区始华湖水路553
강화역사박물관,江华历史博物馆
인천광역시 강화군 하점면 강화대로 994-19,仁川广域市江华郡下枝面江华大路994-19号
국립대한민국임시정부기념관,大韩民国临时政府纪念馆
서울특별시 서대문구 통일로 279-24,首尔市西大门区统一路279-24号
대한항공 A300 항공기 체험,大韩航空A300飞机体验
경기 고양시 덕양구 항공대학로 76 한국항공대학교지도보기,京畿道高阳市德阳区兴复大学路 76 韩国航空航天大学 查看地图
경교장,京桥庄
서울 종로구 새문안로 29,首尔特别市钟路区新文安路29
키즈 루덴스 박물관,儿童卢登斯博物馆
경기 파주시 탄현면 헤이리마을길 82-150,京畿道坡州市炭县面Heyrimaeu​​l路82-150
경상북도교육청 발명체험교육관 도전혜윰관,庆尚北道教育厅发明体验教育中心道场惠廉厅
동광직물 생활문화센터,东光纺织生活文化中心
인천 강화군 강화읍 남문안길 35,仁川广域市江华郡江华邑南门南路 35
원효대사깨달음체험관,元晓大大师开悟体验中心
경기 평택시 포승읍 호암길 58,京畿道平泽市浦升邑湖岩路58
매향리평화기념관,梅香里和平纪念馆
경기 화성시 우정읍 고온리안길 24-46,京畿道华城市雨井邑古联路24-46
오산리선사유적박물관,乌山里史前遗址博物馆
강원특별자치도 양양군 손양면 학포길 33,江原道襄阳郡索尼面鹤浦路33
와~상상나라 어린이 상상 스페이스,哇~想象乐园 儿童想象空间
"경기 안산시 단원구 화랑로 260 안산와~스타디움 (기둥번호 E1, W1)지도보기",京畿道安山市檀园区花郎路260号安山瓦~体育场（E1、W1列） 查看地图
디지털시민안전체험관,数字公民安全体验中心
서울 서초구 신반포로 241 반포역 지하1층지도보기,首尔市瑞草区新盘浦路241号盘浦站B1层 查看地图
성남시박물관 디지털어린이체험실,城南市博物馆数字儿童体验室
경기 성남시 수정구 수진동 2017,2017 京畿道城南市水井区水津洞
구리시안전체험관,古里市安全体验中心
경기 구리시 왕숙천로 49,京畿道九里市王淑川路49
진도해양생태관,珍岛海洋生态系统中心
전남 진도군 고군면 신비의바닷길 64,全罗南道珍岛郡高军面新飞义巴达街 64
나트랑 국립해양박물관,芽庄国家海事博物馆
맑은물상상누리,清水想象世界
경기 시흥시 공단2대로 14,京畿道始兴市工团2大路14
케네디 스페이스 센터,肯尼迪航天中心
경남 통영시 미수해안로 125-5,庆尚南道统营市美秀海安路125-5号
수원광교박물관,水原光教博物馆
경기도 수원시 영통구 광교로 182,京畿道水原市灵通区光教路182
김포시독립운동기념관,金浦独立运动纪念馆
경기도 김포시 양촌읍 양곡2로 30번길 46,京畿道金浦市阳村邑阳谷2路30街46
한국자연사박물관,韩国自然历史博物馆
충청남도 공주시 반포면 임금봉길 49-25,忠清南道公州市半浦面林金峰路49-25
LED SQUARE CAFE,LED 方形咖啡厅
경기 파주시 회동길 521,京畿道坡州市回东路521
철박물관,铁博物馆
충청북도 음성군 감곡면 영산로 360,忠清北道阴城郡甘谷面荣山路360号
람사르 고양 장항습지생태관,拉姆萨尔高阳长项湿地生态中心
경기 고양시 일산동구 장대들길 401,京畿道高阳市一山东区长大德路401
한가람물빛체험관,汉加拉姆水光体验中心
경기 김포시 고촌읍 신곡로 152,京畿道金浦市高村邑新谷路152
정양늪생태학습관,贞阳湿地生态学习中心
경남 합천군 대양면 대야로 730,庆尚南道陕川郡大阳面大也路730
따오기아동문화관,Taogi儿童文化中心
경기 시흥시 동서로 902-20,京畿道始兴市东西路902-20
한화기념관,韩华纪念馆
인천 남동구 논현고잔로168번길 45,仁川市南洞区论岘古庄路168号街45号
재미난박물관,趣味博物馆
인천광역시 중구 신포로23번길83,仁川广域市中区新浦路23街83
강화화문석문화관,江华化门石文化中心
인천 강화군 송해면 장정양오길 413,仁川广域市江华郡松海面长井烟街413
강화문학관,江华文学博物馆
인천 강화군 강화읍 관청길 40,仁川市江华郡江华邑冠清路40号
계룡시 청소년 별마루센터,鸡龙市青年星丸中心
충남 계룡시 신도안면 송정길 174,忠清南道鸡龙市新都安面松亭路174
실학박물관,西哈克博物馆
경기도 남양주시 조안면 다산로 747번길 16,京畿道南杨州市常安面茶山路747街16
송파책박물관 북키움,松巴书博物馆 Bookkium
서울특별시 송파구 송파대로37길 77,首尔特别市松坡区松坡大路37街77
세리박with용인,朴世莉与龙仁
경기 용인시 처인구 경안천로 76 용인시실내체육관지도보기,京畿道龙仁市处仁区京安川路76号 查看龙仁室内体育馆地图
인천광역시교육청 독도체험관,仁川广域市教育厅独岛体验中心
수창청춘맨숀,苏昌青年之家
대구 중구 달성로22길 27지도보기,大邱市中区达城路22街27号 查看地图
성주사지 천년 역사관,圣州寺遗址千年历史博物馆
충남 보령시 성주면 심원계곡로 93,忠清南道保宁市星州面深王谷路 93
송암스페이스센터,松岩航天中心
경기 양주시 장흥면 권율로185번길 103,京畿道杨州市长兴面官律路185街103
서울대학교병원 치의학박물관 어린이치과박물관,首尔大学医院牙科博物馆儿童牙科博物馆
서울특별시 종로구 대학로 101,首尔特别市钟路区大学路101
국립민속박물관 파주 어린이체험실,韩国国立民俗博物馆坡州儿童体验室
서울대학교병원 의학박물관,首尔大学医院医学博物馆
제주홀릭뮤지엄,济州岛全息博物馆
제주 제주시 애월읍 평화로 2835,济州市济州市涯月邑平和路 2835
성균관대학교 인문사회과학캠퍼스600주년기념관,成均馆大学人文社会科学校区600周年纪念馆
서울 종로구 성균관로 25-2 성균관대학교 지하 1층지도보기,首尔特别市钟路区成均馆路25-2 成均馆大学B1F 查看地图
경상남도교육청 미래교육원,庆尚南道教育厅未来教育中心
경남 의령군 의령읍 의병로8길 12-33,庆尚南道宜宁郡宜宁邑宜宾路8街12-33
의령 곤충생태학습관,宜宁昆虫生态学习中心
경남 의령군 의령읍 의합대로 28,庆尚南道宜宁郡宜宁邑宜合大路28
춘원당한의약박물관,春元堂东方医学博物馆
서울특별시 종로구 돈화문로9길 27,首尔特别市钟路区敦化门路9街27
광주 솔로몬로파크,光州所罗门法律公园
광주 북구 오문로 244,光州北区梧门路244号
여수예술랜드 트릭아트,丽水艺术乐园错觉艺术
전남 여수시 돌산읍 무술목길 142-1,全罗南道丽水市突山邑武木木路142-1
수원박물관 어린이체험실,水原博物馆儿童体验室
파주나비나라박물관,坡州蝴蝶博物馆
경기도 파주시 광인사길 161,京畿道坡州市广仁寺路161
경북대학교 자연사박물관,庆北国立大学自然历史博物馆
대구광역시 군위군 효령면 경북대로 2228,大邱广域市军威郡孝岭面庆北大路2228号
광명에디슨뮤지엄,光明爱迪生博物馆
경기 광명시 일직로12번길 24,京畿道光明市一直路12街24
충청남도 안전체험관,忠清南道安全体验中心
충남 천안시 동남구 태조산길 267-17,忠清南道天安市东南区太祖山路267-17
김중업건축박물관,金钟业建筑博物馆
향촌문화관,乡村文化中心
대구 중구 중앙대로 449지도보기,大邱市中区中央大路449号 查看地图
여수 테디베어뮤지엄,丽水泰迪熊博物馆
제주특별자치도 서귀포시 중문관광로110번길 31,济州特别自治道西归浦市中文旺花路110街31
안성 3.1운동 기념관,安城三一运动纪念馆
경기도 안성시 원곡면 만세로 868,京畿道安城市元谷面万世路868
괌 피시아이 수중 전망대,关岛鱼眼水下观测站
충북수학체험센터,忠清北道数学体验中心
생태교육관,生态教育中心
인천 연수구 신송로118번길 35 생태학습관 생태교육관지도보기,生态学习中心，地址：仁川市延寿区新松路118号街35号 查看生态教育中心地图
테디베어뮤지엄 제주,济州岛泰迪熊博物馆
가천이길여산부인과기념관,李吉汝妇产科纪念馆
인천 중구 우현로90번길 19-4,仁川市中区宇贤路90号街19-4
인제스피디움 클래식카박물관,因杰速度经典车博物馆
강원특별자치도 인제군 기린면 상하답로 130,江原道麟蹄郡麒麟面上河塔路130
천안박물관 어린이박물관,天安博物馆儿童博物馆
인천 한중문화관,仁川韩中文化中心
나주목문화관&나주목사내아,罗州莫克文化中心和罗州莫克萨纳亚
전남 나주시 금성관길 15,全罗南道罗州市金城馆路 15
글로우사파리 판다100,夜光熊猫 100
경기도 안성시 공도읍 서동대로 3930-39 1동 3층 103호,京畿道安城市公道邑西洞大路3930-39号1号楼3楼103室
태안해안체험학습관,泰安海岸体验学习中心
충남 태안군 남면 신장리 355,忠清南道泰安郡南面新庄里355
의정부시 퓨전문화관광홍보관,议政府市融合文化旅游促进中心
경기 의정부시 호국로 1314,京畿道议政府市护国路1314
칠곡호국평화기념관,奇尔戈克国防和平纪念馆
경상북도 칠곡군 석적읍 강변대로 1580,庆尚北道漆谷郡石积邑江边大路1580
정림사지박물관,正林寺遗址博物馆
충청남도 부여군 부여읍 정림로 83,忠清南道扶余郡扶余邑正林路 83
영종역사관,永宗历史博物馆
안양천생태이야기관,安阳川生态故事中心
경기 안양시 만안구 석수로 320,京畿道安阳市马安区石水路320
황순원문학촌소나기마을,黄善源文学村淋浴村
경기도 양평군 서종면 소나기마을길 24,京畿道杨平郡西宗面索纳村街24
한양도성박물관,汉阳道城博物馆
서울 종로구 율곡로 283,首尔特别市钟路区栗谷路283
난계국악박물관,南业传统音乐博物馆
충청북도 영동군 심천면 국악로 9,忠清北道永东郡新泉面国阁路9号
이봉창 역사울림관,李奉昌历史共鸣厅
서울 용산구 백범로 281-9,首尔特别市龙山区白范路281-9
다문화박물관,多元文化博物馆
서울특별시 은평구 불광로 135,首尔市恩平区佛光路135号
대불호텔전시관,大佛酒店展览馆
인천광역시 중구 신포로23번길 101,仁川广域市中区新浦路23街101
서울기록원,首尔档案馆
서울특별시 은평구 통일로62길 7,首尔市恩平区统一路62街7号
한성백제박물관,韩城百济博物馆
"서울특별시 송파구 위례성대로71, 한성백제박물관",首尔特别市松坡区维礼城大路 71 汉城百济博物馆
해우재,豪杰
경기 수원시 장안구 장안로458번길 9지도보기,京畿道水原市长安区长安路458街9 查看地图
디피랑,DP 和
경남 통영시 남망공원길 29,庆尚南道统营市南满公园路29
피노파밀리아,皮诺家族
서울 노원구 중계로 131-17,首尔市芦原区中溪路131-17号
너나들이센터,新奥纳-德乌里中心
서울 은평구 연서로50길 10,首尔市恩平区延西路50街10号
한국민화뮤지엄,韩国民俗画博物馆
전라남도 강진군 대구면 청자촌길 61-5,全罗南道康津郡大邱面青雀村路61-5
광나루안전체험관,广纳鲁安全体验中心
서울 광진구 능동로 238,首尔特别市广津区灵洞路238
은평역사한옥박물관,恩平历史韩屋博物馆
목포 근대역사관 1관,木浦近代史博物馆1号馆
전라남도 목포시 영산로 29번길 6,全罗南道木浦市荣山路29街6
춘천 막국수체험박물관,春川马国秀体验博物馆
강원특별자치도 춘천시 신북읍 신북로 264,江原道春川市新北邑新北路264
프라움악기박물관,普劳姆乐器博物馆
경기도 남양주시 와부읍 경강로 756,京畿道南杨州市洼富邑京江路756
안산어촌민속박물관,安山渔村民俗博物馆
경기도 안산시 단원구 대부황금로7,京畿道安山市檀园区大佛皇金路7
한국근현대사박물관,韩国现代及当代历史博物馆
경기도 파주시 탄현면 헤이리마을길 59-85,京畿道坡州市炭县面Heyrimaeu​​l路59-85
서울특별시 종로구 새문안로 55,首尔特别市钟路区新门南路 55
타임뮤지엄,时间博物馆
서울 노원구 화랑로 608지도보기,首尔市芦原区花郎路608号 查看地图
전주난장,全州南庄
전북특별자치도 전주시 완산구 동문길 33-20,全北特别自治道全州市完山区东门路33-20
중남미문화원,拉丁美洲文化中心
경기도 고양시 덕양구 대양로 285번길 33-15,京畿道高阳市德阳区大阳路285街33-15
충청북도자연과학교육원,忠清北道自然科学教育中心
한국영화박물관,韩国电影博物馆
서울특별시 마포구 월드컵북로 400,首尔特别市麻浦区世界杯北路400
독도체험관,独岛体验中心
영양산촌생활박물관,灵阳山村生活博物馆
경상북도 영양군 입암면 영양로 963,庆尚北道英阳郡立面面英阳路963
김유정문학촌,金裕贞文学村
강원 춘천시 신동면 김유정로 1430-14,江原道春川市新东面金裕贞路1430-14
안산갈대습지 생태누리관,安山里德湿地生态中心
경기 안산시 상록구 갈대습지로 76 환경생태관지도보기,京畿道安山市常绿区葛道窣窣路76号 查看环境生态中心地图
함덕잠수함,咸德潜艇
제주 제주시 조천읍 조함해안로 378,济州特别自治道济州市朝天邑朝咸海岸路 378
어린이백제체험관,百济儿童体验中心
충남 청양군 대치면 장곡길 45-27,忠清南道青阳郡大峙面长谷路45-27
주니어천문스쿨 대전세종점,大田世宗分校初级天文学校
세종 장군면 산학리길 229,世宗市长郡面山鹤里路 229
잇츠콜라박물관,这是可乐博物馆
경기 파주시 탄현면 헤이리마을길 76,京畿道坡州市炭县面Heyrimaeu​​l路76
주니어천문스쿨 천안점,天安分校初级天文学校
충남 천안시 동남구 광덕면 광풍로 250-1,忠清南道天安市东南区光德面光丰路250-1
주니어천문스쿨 수지점,初级天文学校苏吉分校
경기 용인시 수지구 성복2로301번길 7 2층지도보기,京畿道龙仁市水池区城福2路301街7 2楼 查看地图
주니어천문스쿨 동탄점,东滩分校初级天文学校
경기 화성시 동탄구 풀무골로60번길 4-16,京畿道华城市东滩区普鲁谷路60号路4-16
고양시 현충전시관,高阳市纪念馆
경기 고양시 일산서구 경의로 849,京畿道高阳市一山西区京义路849
산청한의학박물관,山清韩国医学博物馆
생각하는박물관,思考博物馆
서울 강남구 삼성로147길 34 2층 (파란대문)지도보기,首尔市江南区三成路147街34号2楼（Blue Gate） 查看地图
남원백두대간생태교육장 전시관,南原白头大干生态教育中心展览馆
전북 남원시 운봉읍 운봉로 151,全北南原市云峰邑云峰路 151
백두대간 유아숲체험원,白头大根幼儿森林体验中心
전북 남원시 운봉읍 주촌리 산 55-1,全北南原市云峰邑竹村里55-1
화성시독립운동기념관,华城市独立运动纪念馆
경기도 화성시 만세구 향남읍 제암고주로 34,京畿道华城市万世区香南邑全高州路34
소래역사관,索拉伊历史博物馆
인천광역시 남동구 아암대로 1605,仁川市南洞区岩大路1605号
금강미래체험관,金刚未来体验中心
전북 군산시 성산면 철새로 120,全北群山市城山面铁西路120
계양산성박물관,桂阳山城博物馆
인천광역시 계양구 계양산로 101,仁川市桂阳区桂阳山路101号
웅천도요지전시관,翁川陶窑展览馆
경상남도 창원시 진해구 두동도요로198,庆尚南道昌原市镇海区头东岛路 198
오두산 통일전망대,奥杜山统一天文台
경기 파주시 탄현면 필승로 369,京畿道坡州市炭县面必升路369
조소앙기념관,赵素昂纪念馆
경기 양주시 남면 양연로173번길 87,京畿道杨州市南面仰渊路173街87
고성다이노플레이센터,高城恐龙游乐中心
강원 고성군 하이면 월흥리,江原道高城郡海面月兴里
영월동굴생태관,永月洞穴生态中心
강원특별자치도 영월군 김삿갓면 영월동로 1121-15,江原道永月郡金沙加面永月洞路1121-15号
아산환경과학공원장영실과학관,峨山环境科学园张英实科学博物馆
충남 아산시 실옥로 222,忠清南道牙山市实洛克路 222
창원역사민속관,昌原历史民俗博物馆
경상남도 창원시 의창구 창이대로397번길 25,庆尚南道昌原市义昌区昌大路397街25
기흥성 뮤지엄,器兴城博物馆
경기 양평군 강하면 강남로 267,京畿道杨平郡江河面江南路267
죽방렴홍보관,竹邦推广中心
경남 남해군 삼동면 죽방로 65,庆尚南道南海郡三洞面竹房路65
진주남강유등전시관,晋州南江灯笼展览馆
경남 진주시 망경로 207,庆尚南道晋州市望京路207
영암곤충박물관,灵岩昆虫博物馆
전라남도 영암군 영암읍 기찬랜드로 41,全罗南道灵岩郡灵岩邑基灿路 41
일호광장진주역,晋州站伊尔霍广场
경남 진주시 진주대로879번길 18,庆尚南道晋州市晋州大路879街18
광명시 어린이교통공원,光明市儿童交通公园
경기 광명시 소하일로 51,京畿道光明市秀海路51
인천통일관,仁川统一大厅
인천 미추홀구 수봉안길 84,仁川广域市弥洲忽区苏峰安路 84
제주해양동물박물관,济州海洋动物博物馆
제주특별자치도 서귀포시 성산읍 서성일로 689-21,济州特别自治道西归浦市城山邑西城路689-21号
제주안전체험관,济州安全体验中心
제주 제주시 애월읍 평화로 1885,济州市济州市涯月邑平和路 1885
내포자연놀이뜰,奈浦自然游乐园
충남 예산군 삽교읍 홍예공원로 97,忠清南道礼山郡沙桥邑红叶公园路 97
부산광역시 중구 대청로126번길 12,釜山广域市中区大清路126街12
인제곤충바이오센터,茵济昆虫生物中心
강원 인제군 상남면 미덕길 253,江原道麟蹄郡上南面米德路253
농촌진흥청 국립농업과학원 곤충박물관,农村振兴厅国立农业科学院昆虫博物馆
전북 완주군 이서면 농생명로 166 국립농업과학원 곤충박물관,国立农业科学院昆虫博物馆，全罗北道完州郡伊西面农生名路166号
청주랜드 어린이회관 제3관,清州乐园儿童会馆3号馆
불교중앙박물관,中央佛教博物馆
서울특별시 종로구 우정국로 55,首尔特别市钟路区雨正国路 55
이이서가,李伊瑞
원주한지테마파크,原州韩纸主题公园
강원 원주시 한지공원길 151,江原道原州市韩地公园路 151
화진포해양박물관,华进浦海事博物馆
강원 고성군 현내면 화진포길 412,江原道高城郡县内面花津浦路412
아트팩토리,艺术工厂
경기 파주시 탄현면 헤이리마을길 63-15,京畿道坡州市炭县面Heyrimaeu​​l路63-15
대한민국민주주의전당,韩国民主党
경남 창원시 마산합포구 해안대로 202,庆尚南道昌原市马山八浦区海岸大路202
연천청소년AI센터,延川青年人工智能中心
경기 연천군 연천읍 문화로 140,京畿道延川郡延川邑文化路140号
국립극장 무대예술지원센터,国家剧院舞台艺术支持中心
경기 파주시 탄현면 헤이리로 16,京畿道坡州市炭县面海里路16
한국이민사박물관,韩国移民历史博物馆
인천광역시 중구 월미로 329,仁川市中区月尾路329号
화성시역사박물관,华城市历史博物馆
경기도 화성시 만세구 향남읍 행정동로 96,京畿道华城市万世区香南邑行正东路96
인천 중구 월미로 222,仁川市中区月尾路222号
여주박물관,骊州博物馆
국립나주박물관,国立罗州博物馆
전라남도 나주시 반남면 고분로 747,全罗南道罗州市班南面古分路 747
울산대공원생태여행관,蔚山大公园生态旅游中心
울산 남구 옥동 356,蔚山市南区玉洞356号
충청남도 천안시 동남구 목천읍 독립기념관로 1,忠清南道天安市东南区木川邑独立纪念馆路1号
연세대학교신촌캠퍼스 박물관,延世大学新村校区博物馆
고성생태학습관,高城生态学习中心
강원 고성군 고성읍 송학리 134-1,江原道高城郡高城邑松鹤里134-1
국세홍보관,国家税务服务公共关系中心
서울 종로구 종로5길 86,首尔特别市钟路区钟路5街86
국립새만금간척박물관,国立新万金填海博物馆
전북 부안군 변산면 새만금로 29-7,全北扶安郡边山面新万金路29-7
넥슨컴퓨터박물관,Nexon电脑博物馆
제주특별자치도 제주시 1100로 3198-8,济州特别自治道济州市1100路3198-8号
조안베어뮤지엄,琼·贝尔博物馆
제주특별자치도 서귀포시 대포로 113,济州特别自治道西归浦市大浦路113号
한국광고박물관,韩国广告博物馆
서울특별시 송파구 올림픽로35길 137,首尔特别市松坡区奥林匹克路35街137
경기도 업사이클플라자,京畿道升级改造广场
경기도 수원시 권선구 서둔로 166 1층,京畿道水原市权善区西屯路166 1楼
국립해양생물자원관,国家海洋生物资源中心
달성화석박물관,达城化石博物馆
대구광역시 달성군 유가읍 테크노대로6길 66,大邱广域市达城郡裕贺邑科技大路6街66号
유류피해극복기념관,石油泄漏救援纪念馆
충청남도 태안군 소원면 천리포1길 120,忠清南道泰安郡小原面天里浦1街120
벅스리움,布格斯瑞姆
경기 시흥시 서해안로 275,京畿道始兴市西海岸路275
송파안전체험교육관,松坡安全体验教育中心
서울 송파구 성내천로35길 53 송파안전체험교육관지도보기,松坡安全体验教育中心，首尔市松坡区城内川路35街53号 查看地图
한국항공대학교 항공우주박물관,韩国航空航天大学航空航天博物馆
경상남도 사천시 사남면 공단1로 78,庆尚南道泗川市山岩面工团1路78
오두산 통일전망대 어린이체험관,奥杜山统一天文台儿童体验中心
대구어린이세상,大邱儿童世界
대구 수성구 동대구로 176,大邱广域市寿城区东大邱路176
키즈마린파크,儿童海洋公园
서울 송파구 송파대로28길 28,首尔特别市松坡区松坡大路28街28
뮤지엄김치간,金奇坎博物馆
서울특별시 종로구 인사동길 35-4(관훈동),首尔特别市钟路区仁寺洞街35-4（观勋洞）
익산교도소세트장,益山监狱布景
전북 익산시 성당면 함낭로 207,全北益山市城堂面咸浪路 207
대전시립박물관우리놀이터,大田市博物馆 我们的游乐场
경기도해양수산자원연구소민물고기생태학습관,京畿道海洋水产资源研究所淡水鱼生态学习中心
경기도 양평군 용문면 상광길 23-2 경기도해양수산자원연구소,京畿道海洋水产资源研究所，京畿道杨平郡龙门面上旺路23-2
안중근의사기념관,安重根纪念馆
서울특별시 중구 소월로 91,首尔市中区昭月路91号
천안홍대용과학관,天安弘大涌科学馆
충남 천안시 동남구 수신면 장산서길 113,忠清南道天安市东南区水信面长山西路113
토지주택박물관,土地与住房博物馆
경상남도 진주시 충의로 19,庆尚南道晋州市春义路19
강원특별자치도 탄광문화촌,江原道特别自治道煤矿文化村
강원특별자치도 영월군 북면 밤재로 351,江原道宁越郡北面板才路351
괴강토종어류체험관,戈冈本地鱼类体验中心
충북 괴산군 괴산읍 쏘가리2길 31,忠清北道龟山郡龟山邑双塚里2街31号
피노디아(다빈치 뮤지엄 & 미켈란젤로 뮤지엄),皮诺迪亚（达芬奇博物馆和米开朗基罗博物馆）
피노디아 다빈치 뮤지엄 & 미켈란젤로 뮤지엄,皮诺迪亚达芬奇博物馆和米开朗基罗博物馆
세종 국립어린이박물관,世宗国立儿童博物馆
세종 어울누리로 130,世宗二楼路130号
세종대왕역사문화관,世宗历史文化博物馆
경기도 여주시 세종대왕면 영릉로 269-10,京畿道骊州市世宗大王面永陵路269-10
석인정태진기념관,石金正泰镇纪念堂
경기 파주시 쇠재로 33,京畿道坡州市苏才路33
고양시 현충전시관 기획전시실,高阳市纪念馆特设展厅
경기 고양시 덕양구 고양시청로 10,京畿道高阳市德阳区高阳市路10
기생충박물관,寄生虫博物馆
서울특별시 강서구 화곡로 333,首尔特别市江西区禾谷路 333
남원다움관,南元道姆大厅
전북 남원시 검멀1길 14,全北南原市黔美一街 14
성호박물관,成浩博物馆
경기도 안산시 상록구 성호로 131,京畿道安山市常绿区星湖路131
매헌윤봉길의사기념관,马宪尹奉吉纪念馆
서울특별시 서초구 매헌로99,首尔特别市瑞草区梅轩路 99
달서디지털별빛관,达尔西奥数码星光大厅
대구 달서구 앞산순환로 248,大邱广域市达西区前山循环路248号
전통건축부재보존센터,传统建筑构件保护中心
경기 파주시 탄현면 헤이리로 12,京畿道坡州市炭县面海里路12
제주교육박물관,济州教育博物馆
제주특별자치도 제주시 오복4길 25,济州特别自治道济州市五福四街25
삼척 어린이과학놀이체험관,三陟儿童科学游乐体验中心
강원 삼척시 엑스포로 69,江原道三陟市世博路 69
국립공주박물관,国立公州博物馆
충청남도 공주시 관광단지길 34,忠清南道公州市广团地路34
홀로세생태보존연구소,全新世生态保护研究所
강원 횡성군 갑천면 갑천로690번길 156,江原道横城郡加川面加川路690街156
보령문화의전당,保宁文化中心
충청남도 보령시 대흥로 63,忠清南道保宁市大兴路 63
이순신영상관,易孙新视频厅
경남 남해군 고현면 남해대로 3829,庆尚南道南海郡古县面南海大路3829
남해유배문학관,南海流放文学博物馆
경상남도 남해군 남해읍 남해대로 2745,庆尚南道南海郡南海邑南海大路 2745
대구섬유박물관,大邱纺织博物馆
대구광역시 동구 팔공로 227,大邱广域市东区八公路227号
국립무형유산원 디지털체험관,国家非物质文化遗产中心数字体验中心
전북특별자치도 전주시 완산구 서학로95,全北特别自治道全州市完山区西鹤路95
남강댐 물 문화관,南江水坝水文化中心
경남 진주시 내동면 삼계로 455-46,庆尚南道晋州市内东面三溪路455-46
국립제주박물관 어린이박물관,济州国立博物馆儿童博物馆
제주특별자치도 제주시 일주동로 17,济州特别自治道济州市一州洞路17号
드림닥터 의사직업체험 이마트 서수원점,在 E-mart 西水院分店体验“梦想医生”医生工作经历
드림닥터 의사직업체험 대구점,梦想医生 医生工作经验 大邱分部
대구광역시 중구 공평로 36 동성로 SK 리더스뷰 3층,大邱市中区工坪路36号东城路SK Leaders View大厦3楼
강릉올림픽뮤지엄,江陵奥林匹克博物馆
강원 강릉시 수리골길 102,江原道江陵市苏里谷路102
우리1899,我们1899年
서울 중구 소공로 51,首尔市中区小公路51号
충청북도유아교육진흥원,忠清北道幼儿教育振兴院
충북 청주시 상당구 가덕면 교육원로 153-122,忠清北道清州市上堂区加德面奎球院路153-122
조선군선,朝鲜战舰
경남 통영시 통영해안로 330,庆尚南道统营市统营海路330号
365세이프타운,365 安全小镇
강원 태백시 평화길 15,江原道太白市平和路15
꿈두레도서관,梦境图书馆
경기 오산시 세마역로 20,京畿道乌山市世马邑路20
녹청자박물관,绿清子博物馆
인천광역시 서구 도요지로 54,仁川广域市西区道阳路54
봉수산 곤충생태관,奉寿山昆虫生态中心
충남 예산군 대흥면 임존성길 110-16,忠清南道礼山郡大兴面临庄城路110-16
서울특별시 영등포구 의사당대로 1,首尔特别市永登浦区义四堂大路1
드림닥터 의사직업체험 인천점,梦想医生医生工作经验仁川分部
인천 중구 월미로 222 1층 드림닥터 인천점지도보기,Dream Doctor 仁川分店，仁川市中区月尾路222号1楼 查看地图
전주한지박물관,全州韩纸博物馆
전북특별자치도 전주시 덕진구 팔복로 59,全北特别自治道全州市德津区八福路59
강릉메타버스체험관,江陵 Metabus 体验中心
이화원생태문화전시관,梨花苑生态文化展览馆
경기 가평군 가평읍 자라섬로,京畿道加平郡加平邑龟岛路
거제씨월드,巨济海洋世界
경남 거제시 일운면 지세포해안로 15,庆尚南道巨济市伊伦面智世浦海路15号
경상북도교육청 발명체험교육관 미래키움관,庆尚北道教育厅发明体验教育中心未来成长馆
아트센터고마,戈马艺术中心
충남 공주시 고마나루길 90,忠清南道公州市戈马纳鲁路 90
로봇체험관,机器人体验中心
인천 서구 로봇랜드로 155-11 로봇랜드 로봇지원센터 로봇타워 1층,仁川市西区机器人乐园路155-11号，机器人塔1楼，机器人乐园机器人支持中心
구리시곤충생태관,古里市昆虫生态中心
경기 구리시 검배로 200,京畿道九里市金背路200
청와대사랑채,青瓦台爱郎
서울 종로구 효자로13길 45 청와대사랑채,首尔特别市钟路区孝子路13街45青瓦台舍廊房
누들플랫폼,面条平台
인천 중구 신포로27번길 36,仁川市中区新浦路27号街36号
유달산목재문화체험장,尤达尔山木文化体验中心
전남 목포시 유달로 203,全罗南道木浦市儒达路203
글로벌지식협력단지,全球知识合作中心
서울 동대문구 회기로 47 한국개발연구원,"韩国开发研究院, 首尔特别市东大门区回宜路 47"
전곡선사박물관 상설전시실,井谷史前博物馆常设展厅
경기도 연천군 전곡읍 평화로443번길 2,京畿道涟川郡全谷邑平和路443街2
아모레퍼시픽 팩토리 투어,爱茉莉太平洋工厂参观
경기 오산시 가장산업동로 37,京畿道乌山市加山瑟洞路37
달서 메타버스 체험관,达尔西奥元宇宙体验中心
국립호남권생물자원관,湖南省国家生物资源中心
전남 목포시 고하도안길 99,全罗南道木浦市高下岛路 99
철도박물관,铁路博物馆
양평곤충박물관,杨平昆虫博物馆
경기도 양평군 옥천면 경강로 1496,京畿道杨平郡沃川面京江路1496号
북촌박물관,北村博物馆
서울특별시 종로구 북촌로 39,首尔特别市钟路区北村路 39
성읍민속마을,城邑民俗村
제주 서귀포시 표선면 성읍리 3294,济州特别自治道西归浦市表善面城邑里3294
국립김해박물관 어린이박물관,金海国立博物馆儿童博物馆
경상남도 김해시 가야의길 190,庆尚南道金海市加耶义路 190
경남도립미술관,庆南道美术馆
경상남도 창원시 의창구 용지로 296(경남도립미술관),庆尚南道昌原市义昌区龙智路296（庆尚南道美术馆）
제주수학체험관,济州数学体验中心
제주 제주시 전농로 88,济州市全农路88号
자연사랑학습장,自然之爱学习中心
경남 창원시 성산구 용호로 96,庆尚南道昌原市城山区龙湖路 96
양주곤충박물관 by 글로벌스페이스 체험교육,杨州昆虫博物馆（全球空间体验教育）
경기 양주시 장흥면 권율로 124 A동 2층,京畿道杨州市长兴面权律路124号A栋2楼
부곡온천르네상스관,釜谷温泉文艺复兴馆
경남 창녕군 부곡면 원앙로 218,庆尚南道昌宁郡釜谷面圆囊路218
고아리 벽화고분 모형관,戈阿里壁画陵墓模型大厅
경북 고령군 대가야읍 벽화길 104,庆尚北道高灵郡大加耶邑碧花路104
대전곤충생태관,大田昆虫生态中心
대전 서구 둔산대로 191,大田西区屯山大路 191
국립농업박물관,国家农业博物馆
경기 수원시 권선구 수인로 154,京畿道水原市权善区水仁路154
계룡병영체험관,鸡龙军营体验中心
충남 계룡시 신도안면 신도안2길 185,忠清南道鸡龙市新岛面新岛2街185
서울역사박물관 어린이박물관,首尔历史博物馆儿童博物馆
신전뮤지엄,寺庙博物馆
대구 북구 관음로 43,大邱市北区观音路43号
풀짚공예박물관,草编工艺博物馆
"경기도 광주시 오포읍 문형산길 76(신현리, 초고빌라)",京畿道广州市梧浦邑文亨山路76（新贤里草高别墅）
롤링볼뮤지엄,滚球博物馆
경기 용인시 기흥구 신고매로 59,京畿道龙仁市器兴区新后路59
삼도수군통제영역사관,桑多海军司令部区域官员
경남 통영시 세병로 12,庆尚南道统营市世秉路12
한과문화박물관,韩国点心文化博物馆
경기도 포천시 영북면 산정호수로322번길 26-9,京畿道抱川市永北面山正湖水路322号街26-9
국립춘천박물관 어린이박물관,国立春川博物馆儿童博物馆
충주커피박물관,忠州咖啡博物馆
충북 충주시 살미면 월악로 432 충주커피박물관,忠北忠州市三尾面月乐路 432 忠州咖啡博物馆
대구교육박물관,大邱教育博物馆
대구광역시 북구 대동로1길 40,大邱广域市北区大同路1街40号
국립중앙박물관 어린이박물관,韩国国立中央博物馆儿童博物馆
낙동강역사이야기관,洛东江历史故事中心
경북 상주시 낙동면 낙동1길 116,庆北尚州市洛东面洛东1街116
경산시립박물관,庆山市博物馆
국립경주박물관,庆州国立博物馆
의정부천문대,议政府天文台
경기 의정부시 부용로214번길 51-81,京畿道议政府市芙蓉路214街51-81
양주시립회암사지박물관,杨州市回岩寺遗址博物馆
경기도 양주시 회암사길 11,京畿道杨州市回岩寺路11
크라운해태 키즈뮤지엄,皇冠海泰儿童博物馆
서울 용산구 한강대로72길 3 크라운해태제과 지하1층,首尔特别市龙山区汉江大路72街3号皇冠海泰制果地下1楼
화성시어린이문화센터,华城市儿童文化中心
경기 화성시 봉담읍 동화길 146,京畿道华城市凤潭邑桐华路146
국립청주박물관 어린이박물관,国立清州博物馆儿童博物馆
충청북도 청주시 상당구 명암로 143,忠清北道清州市上堂区明岩路143
세계민속악기박물관,世界民间乐器博物馆
경기도 파주시 탄현면 헤이리마을길 63-26,京畿道坡州市炭县面Heyrimaeu​​l路63-26
케이컬처뮤지엄,韩国文化博物馆
인천 중구 공항로 271,仁川市中区机场路271号
YDP곤충체험학습관,YDP昆虫体验学习中心
서울 영등포구 선유동1로 80 영등포구 별관청사 ydp곤충체험학습관,YDP昆虫体验学习中心，永登浦区附属楼，首尔市永登浦区仙宇洞1路80号
엄마아빠어렸을적에,爸爸妈妈小时候
대구 군위군 산성면 산성가음로 722,大邱广域市军威郡山城面山城路 722
수도박물관,首都博物馆
인천국민안전체험관 리틀인천안전시티,仁川国家安全体验中心 小仁川安全城
바니베어뮤지엄,兔子熊博物馆
경상북도 경주시 보문로 280-34,庆尚北道庆州市普门路280-34
순창발효테마파크,孙昌发酵主题公园
전북특별자치도 순창군 순창읍 장류로 55,全北特别自治道淳昌郡淳昌邑长流路55
무주반디랜드,Muju Bandiland
메디테리움 의학박물관,地中海医学博物馆
보령목재문화체험장,保宁木文化体验中心
충남 보령시 성주면 성주산로 318-57,忠清南道保宁市星州面星州山路318-57
테디베어뮤지엄 군산,群山泰迪熊博物馆
추억의 청춘뮤지엄,青春回忆博物馆
경기 양평군 용문면 용문산로 620 단독건물,京畿道杨平郡龙门面龙门山路620号，独立建筑
토속어류생태체험관,本地鱼类生态体验中心
강원 화천군 간동면 어룡동길 366 토속어류생태체험장,本地鱼类生态体验中心，地址：江原道华川郡甘东面五龙洞路366号
스위트파크 롯데 어린이 식품체험관,甜蜜公园乐天儿童美食体验中心
서울 강서구 마곡중앙로 201,首尔特别市江西区麻谷中央路201
국립민속박물관 7080추억의거리,韩国国立民俗博物馆 7080 记忆街
세종이야기 충무공이야기,《世宗大王传》、《李舜臣将军传》
서귀포감귤박물관,西归浦柑橘博物馆
제주특별자치도 서귀포시 효돈순환로 441,济州特别自治道西归浦市孝屯环路441号
안동문화관광단지유교랜드,安东文化旅游综合体儒家地
경북 안동시 관광단지로 346-30,庆尚北道安东市广团地路346-30
제주고산리유적안내센터,济州岛高山里历史遗址信息中心
제주 제주시 한경면 노을해안로 1100,济州市济州市咸庆面Noeulhaean路1100
전라남도해양수산과학관,全罗南道海洋水产科学博物馆
전남 여수시 돌산읍 돌산로 2876,全罗南道丽水市突山邑突山路2876
애틀랜타 어린이 박물관,亚特兰大儿童博物馆
국토지리정보원 국립지도박물관,国家地理信息研究所国家地图博物馆
경기도 수원시 영통구 월드컵로 92,京畿道水原市灵通区世界杯路92
대전교통문화연수원,大田交通文化培训学院
"대전 유성구 대덕대로 480 대전 C.T센터, 스튜디오큐브",Studio Cube，大田C.T.中心，大田市儒城区大德大路480号
밀양한천테마파크,密阳汉川主题公园
경남 밀양시 산내면 봉의리 1596-57,庆尚南道密阳市山内面本义里1596-57
거꾸로옛이야기나라숲,颠倒的古老故事森林
경북 상주시 화북면 우복동길 63-23,庆尚北道尚州市和北面牛福洞路63-23
전쟁기념관,战争纪念博物馆
서울특별시 용산구 이태원로 29,首尔特别市龙山区梨泰院路29
한강이야기전시관,汉江故事展览馆
서울 광진구 강변북로 2202 뚝섬전망복합문화시설 한강이야기전시관,汉江故事展览馆，纛岛展望台综合文化设施，首尔市广津区江边北路2202号
횡성한우체험관,横城韩宇体验中心
강원 횡성군 횡성읍 문예로 41 횡성한우체험관,横城韩牛体验中心，江原道横城郡横城邑文艺路41号
강원특별자치도자연환경연구공원,江原道特别自治道自然环境研究园区
강원 홍천군 북방면 생태공원길 319 강원특별자치도자연환경연구공원,江原道特别自治道自然环境研究园，江原道洪川郡北房面生工园路319号
대한민국역사박물관 말랑말랑 현대사 놀이터,韩国国立历史博物馆软现代史游乐场
국립세계문자박물관,世界文字国家博物馆
인천광역시 연수구 센트럴로 217,仁川市延寿区中央路217号
또봇정크아트뮤지엄,托博特垃圾艺术博物馆
글로벌스페이스 체험교육,全球空间体验式教育
경기 양주시 장흥면 권율로 124,京畿道杨州市长兴面权律路124
새마을운동테마공원,新村运动主题公园
부산해양자연사박물관,釜山海洋自然历史博物馆
부산광역시 동래구 우장춘로 175(온천동),釜山广域市东莱区雨将春路175（温泉洞）
올드타임,老式
경기 안성시 공도읍 소신두길 52-9지도보기,京畿道安城市工岛邑新新路52-9 查看地图
국가유산 방문 캠페인 인천공항 홍보관,仁川机场国家遗产参观活动宣传中心
인천광역시 중구 공항로 271 인천국제공항역 제1교통센터 지하 1층,仁川国际机场站交通中心1号楼B1层，仁川市中区工航路271号
당림미술관,丹格林美术馆
충청남도 아산시 송악면 외암로 1182번길 34-19,忠清南道牙山市松岳面外岩路1182街34-19
대구어린이교통랜드,大邱儿童交通乐园
국립민속박물관 어린이박물관,国家民俗博物馆儿童博物馆
119부산안전체험관,釜山安全体验中心 119
부산 동래구 우장춘로 117,釜山广域市东莱区雨将春路 117
천연기념물센터,自然纪念碑中心
대전 서구 유등로 927,大田西区流灯路 927
이천시환경학습관,利川市环境学习中心
경기 이천시 호법면 중부대로798번길 126 환경학습관 1층,京畿道利川市河发面中部大路798号街126号，环境学习中心1楼
옥천전통문화체험관,沃川传统文化体验中心
충북 옥천군 옥천읍 향수길 100,忠清北道沃川郡沃川邑香水路100号
부산현대미술관,釜山当代艺术博物馆
양주시 VR체험관,杨州市VR体验中心
경기 양주시 화합로1426번길 90,京畿道杨州市华合路1426街90
서해안안전체험관,西海岸安全体验中心
충남 서산시 잠홍2길 65,忠清南道瑞山市蚕洪 2 街 65
Wake up 국제청소년센터,唤醒国际青年中心
충남 서산시 해미면 동문1길 42,忠清南道瑞山市海美面东门 1 街 42
안성환경교육센터,安城环境教育中心
경기 안성시 보개면 보개산로 147-156,京畿道安城市宝盖面宝盖山路147-156
하남역사박물관,河南历史博物馆
경기도 하남시 덕풍동로 30,京畿道河南市德丰洞路30
부산근현대역사관 본관,釜山现代与当代历史博物馆主楼
부산 중구 대청로 112,釜山广域市中区大清路 112
국립태권도박물관,国立跆拳道博物馆
전북특별자치도 무주군 설천면 무설로 1482,全北特别自治道茂州郡雪川面慕雪路1482号
영천메타버스체험관,永川 Metabus 体验中心
경북 영천시 화북면 천문로 2178,庆尚北道永川市花北面天门路2178号
태권도원체험관,跆拳道院体验中心
전쟁과여성인권박물관,战争与妇女人权博物馆
서울특별시 마포구 월드컵북로11길 20,首尔特别市麻浦区世界杯北路11街20
충북안전체험관,忠清北道安全体验中心
충북 청주시 상당구 다리실로 241,忠清北道清州市上堂区多里实路 241
배다리성냥마을박물관,巴达里火柴村博物馆
인천 동구 금곡로 19,仁川市东区金谷路19号
판교박물관,板桥博物馆
경기도 성남시 분당구 판교로 191,京畿道城南市盆唐区板桥路191
태백석탄박물관,太白煤炭博物馆
강원특별자치도 태백시 천제단길 195,江原道太白市天制团路195
태백고생대자연사박물관,太白古生代自然历史博物馆
강원특별자치도 태백시 태백로 2249,江原道太白市太白路2249
드림닥터 의사직업체험 일산점,梦想医生 医生职业经验 日山分部
경기도 고양시 일산동구 중앙로 1036 베스트 고양터미널 지하1층,京畿道高阳市一山东区中央路1036号Best高阳客运站B1F
정읍시립박물관,井邑市博物馆
전북특별자치도 정읍시 내장산로 370-12,全罗北特别自治道井邑市内藏山路370-12号
벽골제농경사주제관,比奥克戈列农业历史主题馆
전북 김제시 부량면 벽골제로 442 벽골제농경사주제관,碧谷济农业历史主题馆，全罗北道金堤市蒲阳面碧谷济路442号
백제문화체험박물관,百济文化体验博物馆
충청남도 청양군 대치면 장곡길 43-24,忠清南道青阳郡大峙面长谷路43-24
전주공예품전시관,全州工艺展览馆
전북 전주시 완산구 태조로 15 공예품전시관 공예품전시관,全北全州市完山区太祖路15号工艺展览馆
가야산역사신화공원테마관,伽耶山历史与神话公园主题厅
경북 성주군 수륜면 가야산식물원길 21,庆尚北道星州郡水润面伽倻山植物园路21号
땅끝해양자연사박물관,唐克乌特海洋自然历史博物馆
전라남도 해남군 송지면 땅끝마을길 89,全罗南道海南郡松池面唐克马路 89
충주다목적댐 물 문화관,忠州多功能水坝水文化中心
충북 충주시 동량면 지등로 745,忠北忠州市东娘面地灯路 745
오죽헌·시립박물관,奥朱肯和市立博物馆
강원 강릉시 율곡로3139번길 24 오죽헌 오죽헌,江原道江陵市栗谷路3139街24号乌竹轩
금촌초등학교 안전체험관,衿川小学安全体验中心
경기 파주시 동산3길 38-11 금촌초등학교,京畿道坡州市东山3街38-11金村小学
화랑마을 전시관&놀이터,花郎村展览馆和游乐场
경북 경주시 석현로 123,庆尚北道庆州市石岘路123号
국립익산박물관 어린이박물관,益山国立博物馆儿童博物馆
전북특별자치도 익산시 금마면 미륵사지로 362,全北特别自治道益山市金马面弥勒寺路362
진해해양공원,镇海海洋公园
경남 창원시 진해구 명동로 62,庆尚南道昌原市镇海区明洞路 62
트릭아트스토리,错觉艺术故事
인천 중구 동화마을길 42,仁川广域市中区桐花村路 42
이천시립박물관,利川市博物馆
경기도 이천시 경충대로2697번길 172,京畿道利川市京清大路2697街172
꿈키움동산 어린이농촌테마체험관(물놀이터),梦想培育山儿童乡村主题体验中心（水上乐园）
꿈키움동산 어린이농촌테마체험관 물놀이터,梦想培育山儿童乡村主题体验中心水上乐园
피규어뮤지엄제주,济州岛手办博物馆
국립김해박물관,金海国立博物馆
제주민속자연사박물관,济州民俗自然历史博物馆
제주특별자치도 제주시 삼성로 40,济州特别自治道济州市三成路40号
선샤인스튜디오,阳光工作室
충남 논산시 연무읍 봉황로 90,忠清南道论山市延武邑凤凰路 90
서울생활사박물관 옴팡놀이터,首尔生活历史博物馆 Ompang 游乐场
천안어린이꿈누리터,天安儿童梦想努里中心
충남 천안시 동남구 옛시청길 39,忠清南道天安市东南区野思清路 39
서울에너지드림센터,首尔能源梦想中心
서울 마포구 증산로 14,首尔特别市麻浦区正山路 14
마곡안전체험관,麻谷安全体验中心
서울 강서구 마곡중앙로 13,首尔特别市江西区麻谷中央路13
남도향토음식박물관,南都地方美食博物馆
광주광역시 북구 설죽로 477,光州广域市北区雪竹路 477
김천시립박물관,金泉市博物馆
순천곤충박물관,顺天昆虫博物馆
전남 순천시 해룡면 비래길 95,全罗南道顺天市海龙面比莱街95
제주 어린이교통공원,济州儿童交通公园
제주 제주시 명림로 437,济州市济州市明宁路 437
청양목재문화자연사체험관,青阳木文化与自然历史体验中心
충남 청양군 대치면 칠갑산로 704-21,忠清南道青阳郡大峙面七甲山路704-21
고양어린이박물관,高阳儿童博物馆
경기도 고양시 덕양구 화중로 26,京畿道高阳市德阳区花中路26
대법원법원전시관,最高法院展览馆
서울 서초구 서초대로 219 대법원 청사 동관 1층,首尔市瑞草区瑞草大路219号最高法院大楼东翼1楼
울산해양박물관,蔚山海事博物馆
울산광역시 울주군 서생면 해맞이로 1251,蔚山广域市蔚州郡西生面海马路 1251
밀양 아리랑전시관,密阳阿里郎展览馆
경남 밀양시 밀양대공원로 112,庆尚南道密阳市密阳大门路112
상주자전거박물관,尚州自行车博物馆
경상북도 상주시 용마로 415,庆尚北道尚州市龙马路415
경기도교육청 학생건강증진센터,京畿道教育厅学生健康促进中心
경기 의정부시 호국로 1287 3층,京畿道议政府市虎国路1287 3楼
충청남도교육청과학교육원,忠清南道教育厅科学教育中心
충남 아산시 순천향로 624-30,忠清南道牙山市顺天乡路 624-30
세계문화박물관,世界文化博物馆
경북 김천시 대항면 운수리 1137-3,庆尚北道金泉市大项面云水里1137-3
누치마스 소금공장,努奇马斯盐厂
남해 파독전시관,南海展览馆，供韩国移民德国参观
경남 남해군 삼동면 봉화리 2572-1,庆尚南道南海郡三洞面凤花里2572-1
응꼬뮤지엄 오키나와,冲绳博物馆
청주고인쇄박물관,清州古代印刷博物馆
충청북도 청주시 흥덕구 직지대로 713(운천동),忠清北道清州市兴德区直指大路713（云川洞）
백두숨길관,白头神吉关
강원 인제군 상남면 서울양양고속도로 117-2,江原道麟蹄郡上南面首尔襄阳高速公路117-2
하멜전시관 & 하멜등대,哈梅尔展览馆和哈梅尔灯塔
전남 여수시 하멜로 96,全罗南道丽水市哈梅尔路 96
국립전주박물관,全州国立博物馆
전북특별자치도 전주시 완산구 쑥고개로 249,全北特别自治道全州市完山区水谷街249
수도국산달동네박물관,苏多国山达东涅博物馆
인천광역시 동구 솔빛로 51(송현동),仁川广域市东区索尔比特路51（松贤洞）
윤동주문학관,云东柱文学博物馆
서울 종로구 창의문로 119,首尔特别市钟路区昌义门路 119
농업박물관,农业博物馆
전라남도 영암군 삼호읍 녹색로 653-11,全罗南道灵岩郡三湖邑绿城路 653-11
성주참외체험형테마공원,星州茶磨体验主题公园
경북 성주군 대가면 참별로 2479,庆尚北道星州郡大加面苍烈路 2479
화원역사문화체험관,花园历史文化体验中心
대구 달성군 화원읍 사문진로1길 40-14,大邱广域市达城郡华院邑三文津路1街40-14
하이커 스테이션,徒步者驿站
오삼아지트,奥萨姆藏身处
경북 김천시 대항면 직지사길 130,庆北金泉市大项面直指寺路130
용인특례시 가상현실스포츠체험센터,龙仁特区虚拟现实体育体验中心
경기도 용인시 처인구 중부대로 1217 용인차량등록사업소 1층,京畿道龙仁市处仁区中部大路1217 龙仁车辆登记所1楼
수원화성박물관,水原华城博物馆
경기도 수원시 팔달구 창룡대로 21,京畿道水原市八达区昌龙大路21
대청호자연생태관,大青湖自然生态中心
대전광역시 동구 천개동로 41 대청호자연생태관,大青湖自然生态中心，大田市东区清爱洞路41号
백제군사박물관 어린이 AI 상상놀이터,百济军事博物馆儿童人工智能想象力游乐场
충청남도 논산시 부적면 충곡로 311-54,忠清南道论山市富积面忠谷路311-54
지질박물관,地质博物馆
대전광역시 유성구 과학로 124,大田广域市儒城区果鹤路124
전주 기접놀이전수관,全州Gijeopnori培训中心
전북특별자치도 전주시 완산구 세내로 39,全北特别自治道全州市完山区塞那路39
은산어울림 생태박물관,恩山二林生态博物馆
경기도 오산시 서동로19번길 19 2층,京畿道乌山市西洞路19号街19号2​​楼
한국잡월드 미래직업관,韩国就业世界未来就业大厅
경기도 성남시 분당구 분당수서로 501 한국잡월드,京畿道城南市盆唐区盆唐水西路 501 韩国就业世界
서울공예박물관 어린이박물관,首尔工艺博物馆儿童博物馆
"서울특별시 종로구 율곡로3길 4 서울공예박물관 2,3층지도보기",首尔工艺博物馆二楼和三楼，首尔市钟路区栗谷路3街4号 查看地图
구리시인창도서관천문대,九里仁昌图书馆展望台
경기도 구리시 건원대로34번길 90 구리시인창도서관,京畿道九里市建院大路34号街90号九里仁昌图书馆
히사이시 조 영화음악 콘서트 [안산],久石让电影音乐会 [安山]
안산문화예술의전당 해돋이극장,安山文化艺术中心海道寺剧场
경기 안산시 단원구 화랑로 312,京畿道安山市檀园区花郎路312
The 심수봉 SHOW [경주],沈秀峰秀 [庆州]
경주예술의전당 대공연장(화랑홀),庆州艺术中心大演出厅（花郎厅）
경북 경주시 알천북로 1,庆尚北道庆州市阿尔川北路 1
LOVESOME: 조선미술관,超棒：朝鲜美术馆
인스파이어 엔터테인먼트 리조트 디스커버리 파크,Inspire娱乐度假探索公园
인천 중구 공항문화로 127,仁川广域市中区空港文化路127
"리타, 남편이 돌아왔다! [창원]",丽塔，你丈夫回来了！[昌原]
나비아트홀,纳比艺术馆
경남 창원시 성산구 용지로169번길 11-13,庆尚南道昌原市城山区龙池路169街11-13
"[공연소개]

죽은 줄 알았던 남편이 돌아왔다!

도니제티의 단막 희극 오페라 <리타>를 100% 우리말로 만나는 특별한 기회!

카페 사장 리타는 과거 전 남편의 폭력에 시달렸지만, 지금은 현 남편 베페를 학대하는 가해자가 되었다. 어느 날, 죽은 줄 알았던 전 남편 가스파로가 재혼을 위해 이혼 서류를 받으러 나타나고... 두 남편은 리타를 서로에게 떠넘기기 위한 처절한 결투를 벌이는데...","【演出介绍】

以为已经去世的丈夫回来了！

特别呈现多尼采蒂独幕喜歌剧《丽塔》全韩语版！

丽塔是一位咖啡馆老板，过去曾遭受前夫的暴力，如今她自己也成了施暴者，虐待现任丈夫贝佩。一天，她以为已经去世的前夫加斯帕罗突然出现，前来领取离婚协议书，准备再婚……两位丈夫为了争夺丽塔，展开了一场殊死搏斗……"
제100회 영미성악연구회 정기연주회,英美声乐研究协会第100届例行音乐会
"[PROGRAM]

Henry Purcell (1659 – 1695)
Lost is my quiet [2’40]
My dearest, my fairest from Pausanias the Betrayer [2’40]
Sop. 이영은, Sop. 송다윤, Piano 이은영

Roger Quilter (1877 - 1953)
It was a Lover and his Lass [2’40]
Weep You No More from 7 Elizabethan Lyrics, Op. 12 [2’23]
Sop. 신재은, Sop. 양은영, Piano 이은영

Benjamin Britten (1913 - 1976)
2 Ballads for Two Voices and Piano
No. 1, Mother Comfort [3’40]
No. 2, Underneath the Abject Willow [2’11]
Sop. 이일령, Sop. 전유진, Piano 이은영

Alice Mary Smith (1839 - 1884)
O that We Two Were Maying [3'30]
Martha Hill Duncan (b. 1955)
Roadside Flowers [3'00]
Sop. 홍예선, Sop. 진수아, Piano 한지은

Lori Laitman (b.1955)
Fresh Patterns [4’50]
Sop. 방주영, Sop. 권미리예, Piano 한지은

Intermission

Mark Adamo (b.1962) Opera “Little Women”
Jo (M.S.) - 정혜원
Meg (M.S.) - 김상희
Beth (Sop.) - 신일홍
Amy (Sop.) - 이윤지
Laurie (Ten.) - 박강노
Piano 배은아

Truth or Fabrication (Act 1 scene 1, The laundry scene) [7’45]
(Jo/Meg/Beth/Amy/Laurie)

Let me look at you (Act 2 scene 5, Final Quartet) [7’30]
(Jo/Meg/Beth/Amy)

Leonard Bernstein (1918 - 1990) Operetta “Candide”
Pangloss(Bar.) - 이승희
Maximilian(Bar.) - 조병수
Cunegonde(Sop.) - 홍은영
Candide(Ten.) - 조사무엘
Paquette(Sop.) - 강은총
Old Lady(M.S.) - 정혜원
Piano 배은아

Life is absolute perfection (Act 1 scene 1) [2’12]
(Maximilian/Cunegonde/Candide/Paquette)

The best of all possible worlds (Act 1 scene 1) [2’40]
(Pangloss/Maximilian/Cunegonde/Candide/Paquette)

We are Women (Act 2 scene 9) [3’50]
(Cunegonde/Old Lady)

Make Our Garden Grow (Finale: entire company) [4’40]
Piano 한지은","[节目单]

亨利·珀塞尔 (1659 – 1695)

我的宁静已逝 [2’40]

我最亲爱的，我最美丽的（选自《背叛者保萨尼亚斯》）[2’40]

女高音：李英恩，女高音：宋多允，钢琴：李恩英

罗杰·奎尔特 (1877 – 1953)

曾有一位情人和他的姑娘 [2’40]

别再哭泣（选自《伊丽莎白时代七首抒情诗》，作品12号）[2’23]

女高音：申载恩，女高音：杨恩英，钢琴：李恩英

本杰明·布里顿 (1913 - 1976)

两首双声部与钢琴叙事曲

第一首：母亲的安慰 [3’40]

第二首：卑微的柳树下 [2’11]

女高音：李日玲，女高音：全宥真，钢琴：李恩英

爱丽丝·玛丽·史密斯 (1839 - 1884)

但愿我们二人五月 [3’30]

玛莎·希尔·邓肯 (生于1955年)

路边的花 [3’00]

女高音：洪艺善，女高音：金秀雅，钢琴：韩智恩

洛里·莱特曼 (生于1955年)

新鲜的图案 [4’50]

女高音：方柱英，女高音：权美利艺，钢琴：韩智恩

中场休息

马克·阿达莫（生于1962年）歌剧《小妇人》

赵（女中音）- 郑惠媛

梅格（女中音）- 金相熙

贝丝（女高音）- 申日弘

艾米（女高音）- 李允智

劳里（男高音）- 朴康鲁

钢琴：裴恩雅

真相还是谎言（第一幕第一场，洗衣场景）[7分45秒]

（赵/梅格/贝丝/艾米/劳里）

让我看看你（第二幕第五场，最后的四重唱）[7分30秒]

（赵/梅格/贝丝/艾米）

伦纳德·伯恩斯坦（1918-1990）轻歌剧《坎迪德》

潘格罗斯男中音 - 李承熙

马克西米利安（男中音） - 赵炳洙

库内贡德（女高音） - 洪恩英

坎迪德（男高音） - 赵萨缪尔

帕奎特（女高音） - 姜恩钟

老妇人（女中音） - 郑慧媛

钢琴：裴恩雅

人生完美无瑕（第一幕第一场）[2分12秒]

（马克西米利安/库内贡德/坎迪德/帕奎特）

世间最美好的世界（第一幕第一场）[2分40秒]

（潘格罗斯/马克西米利安/库内贡德/坎迪德/帕奎特）

我们是女人（第二幕第九场）[3分50秒]

（库内贡德/老妇人）

让我们的花园茁壮成长（终曲：全体演员） [4’40]

钢琴：韩智恩"
제9회 더 부산 혼 사운드 정기연주회,釜山号角声第九届常规音乐会
금정문화회관 대공연장(금빛누리홀),金井文化中心大演出厅（金井礼堂）
부산 금정구 체육공원로 7,釜山广域市金井区车宇公园路 7
"[프로그램]

호른 4중주-네 개의 혼을 위한 협주곡 / 칼 하인리히 휴블러 피아노_ 최우림
Konzert fur vier Horner / Carl Heinrich Hubler
Ⅰ. Allegro maestoso
Ⅲ. Allegro vivace

호른 협주곡 / 탁지안-호른 협주곡 내림 마장조 k.495 제4번 제1악장 / 모차르트
Horn Concerto No. 4 in E flat major, k.495 / W.A. Mozart
Ⅰ. Allegro moderato

창작곡
- “경계의 바다”/ 김하람

소리꾼 / 안이서
- 아름다운 나라 / 한태수 (Arr. 최광희)
- 난감하네 / 심영섭 (Arr. 최광희)

- intermission -

호른 협연 / 이석준
- 케이프 혼 협주곡 / 오토 M. 슈와 CAPE HORN for Horn Solo & Horn Ensemble / Otto M. Schwa

- 바디네리 / 바흐 BADINERIE / J.S.Bach
1st 이석준 2nd 강민주 3rd 손승용 4th 최광희

교향곡- 교향곡 제9번 ‘신세계로부터’ / 드보르자크 Symphony No. 9 in E Minor,?Op.?95 ‘From the New World’ / Dvorak
1. Adagio
2. Largo
3. Molto vivace
4. Allegro con fuoco","【节目单】

圆号四重奏 - 四支圆号协奏曲 / 卡尔·海因里希·胡布勒 钢琴：崔宇林

四支圆号协奏曲 / 卡尔·海因里希·胡布勒

Ⅰ. 庄严的快板

Ⅲ. 活泼的快板

圆号协奏曲 / 卓智安 - 降E大调圆号协奏曲，K.495，第四号，第一乐章 / 莫扎特

降E大调第四圆号协奏曲，K.495 / 沃尔夫冈·阿玛多伊斯·莫扎特

Ⅰ.中庸的快板

原创作品

- “边界之海” / 金夏岚

苏利坤 / 安怡瑞

- 美丽的国度 / 韩泰洙（崔光熙改编）

- 我陷入了困境 / 沈英燮（崔光熙改编）

- 中场休息 -

圆号独奏 / 李锡俊

- 合恩角协奏曲 / 奥托·M·施瓦

- 巴赫滑稽小品 / J.S.巴赫

第一：李锡俊 第二：姜敏柱 第三：孙承勇 第四：崔光熙

交响曲 - 第九交响曲“自新世界” / 德沃夏克

1. 柔板

2. 广板

3.活力十足

4. 快板"
제210회 국립합창단 정기연주회: 헨델 메시아,第210届全国合唱团例行音乐会：亨德尔的《弥赛亚》
"[프로그램]
 
 Händel, Messiah, HWV 56
 
Part Ⅰ Propfecy, Birth (예언과 탄생)
Part Ⅱ Suffering, Expiation (수난과 속죄)
Part Ⅲ Resurrection, Immortality (부활과 영원한 생명)","[节目单]

亨德尔，《弥赛亚》，HWV 56

第一部分：预言，诞生

第二部分：苦难，赎罪

第三部分：复活，永生"
"대구콘서트하우스 특별연주회: 선율, 문학에 담아",大邱音乐厅特别音乐会：文学中的旋律
"[프로그램]

가을 삽화–시 민병도, 작곡 육수근, 바리톤 김만수, 피아노 김혜린, 낭송  심정숙
월하독작-시 이태백, 작곡 이규봉, 소프라노 우례러, 피아노 서인애, 낭송 김미숙
낙엽의 노래–시 이하석, 작곡 이호원, 소프라노 박예솔, 피아노 서인애, 낭송 이지희
허공은 가지를–시 이규리, 작곡 박경택, 테너 노성훈, 피아노 김혜린, 낭송 오순찬
그리운 부석사–시 정호승, 작곡 이수은, 소프라노 김민진, 피아노 서인애, 낭송 김미숙(八音)
이슬방울–시 이태수, 작곡 김병기, 바리톤 김만수, 피아노 김혜린, 낭송 오지현

Intermission

일전매: 붉은 연꽃 향기 사라지고–시 이청조, 작곡 고승익, 소프라노 우례러, 피아노 서인애, 낭송 박영선
뻐꾸기 우는 날은–시 박기섭, 작곡 신영희, 테너 노성훈, 피아노 김혜린, 낭송 이유선
꽃 속에 갇히다–시 하청호, 작곡 김성아, 바리톤 김만수, 피아노 김혜린, 낭송 이경숙
바람고개–시 문무학, 작곡 박경득, 소프라노 박예솔, 피아노 서인애, 낭송 김지선
햇빛 한 쟁반–시 이기철, 작곡 장은호, 소프라노 김민진, 피아노 서인애, 낭송 이은정
그대가 별이라면–시 이동순, 작곡 김재희, 테너 노성훈, 피아노 김혜린, 낭송 오영희

본 공연의 프로그램은 연주자의 사정에 의해 사전 공지 없이 변경될 수 있습니다.","【节目单】

秋日插画 – 闵炳道作诗，陆秀根作曲，男中音金万洙，钢琴金惠琳，朗诵沈正硕

月下独唱 – 李太白作诗，李圭峰作曲，女高音吴烈乐，钢琴徐仁爱，朗诵金美淑

落叶之歌 – 李河锡作诗，李浩元作曲，女高音朴艺率，钢琴徐仁爱，朗诵李智熙

虚空托枝 – 李圭利作诗，朴景泽作曲，男高音卢成勋，钢琴金惠琳，朗诵吴善灿

思念佛石寺 – 郑浩胜作诗，李秀恩作曲，女高音金敏珍，钢琴徐仁爱，金美淑（帕音）朗诵

露珠 – 李泰洙诗，金炳基作曲，男中音金万洙，钢琴金惠琳，吴智贤朗诵

中场休息

一莲梅：红莲的香气消散 – 李清祖诗，高承益作曲，女高音禹礼禄，钢琴徐仁爱，朴英善朗诵

杜鹃啼鸣之日 – 朴基燮诗，申英熙作曲，男高音卢成勋，钢琴金惠琳，李宥善朗诵

困于花丛 – 河清浩诗，金成娥作曲，男中音金万洙，钢琴金惠琳，李京淑朗诵

风之丘 – 月亮诗《武鹤》作曲：朴京德，女高音：朴艺率，钢琴：徐仁爱，朗诵：金智善

《一盘阳光》诗歌：李基哲作曲，张恩浩，女高音：金敏珍，钢琴：徐仁爱，朗诵：李恩贞

《如果你是颗星星》诗歌：李东顺作曲，金在熙，男高音：卢成勋，钢琴：金惠琳，朗诵：吴英熙

由于演出人员情况，本次演出节目如有变更，恕不另行通知。"
이선아 피아노 독주회: J.S.Bach Keyboard Suite 전곡 시리즈 Ⅱ,李善雅钢琴独奏音乐会：巴赫键盘组曲全集第二辑
예술의전당 인춘아트홀,首尔艺术中心仁川艺术馆
"[PROGRAM]

J.S.Bach (1685-1750)
French Suite No.5 in G Major
English Suite No.3 in g Minor
Partita No.5 in G Major
Overture in F Major, BWV 820","【节目单】

J.S.巴赫（1685-1750）

G大调第五号法国组曲

g小调第三号英国组曲

G大调第五号帕蒂塔

F大调序曲，BWV 820"
윤희주 & 최세린 피아노 듀오 리사이틀 [성남],尹熙珠&崔世琳钢琴二重奏演奏会 [城南]
"[PROGRAM]

Antonín Dvorák (1841-1904)
Slavonic Dances for Piano Four Hands
Op. 46 No. 1
Op. 72 No. 2
Op. 46 No. 2, 5, 8

Modest Mussorgsky (1839-1881)
Sonata in C Major for Piano Four Hands
I. Allegro assai
II. Scherzo

Intermission

Franz Liszt (1811-1886)
Hungarian Rhapsody No.2 for Piano Four Hands

Samuel Barber (1910-1981)
Souvenirs, Op. 28 (for Piano Four Hands)
I. Waltz
II. Schottische
III. Pas de deux
IV. Two-step
V. Hesitation-tango","【节目单】

安东尼·德沃夏克 (1841-1904)

斯拉夫舞曲（四手联弹）

作品46号第1首

作品72号第2首

作品46号第2、5、8首

莫杰斯特·穆索尔斯基 (1839-1881)

C大调钢琴奏鸣曲（四手联弹）

I. 极快板

II. 谐谑曲

中场休息

弗朗茨·李斯特 (1811-1886)

匈牙利狂想曲第二号（四手联弹）

塞缪尔·巴伯 (1910-1981)

回忆录，作品28号（四手联弹）

I. 圆舞曲

II. 苏格兰舞曲

III. 双人舞

IV. 二步舞

V. 犹豫探戈"
김 삶 바이올린 독주회,金赛姆小提琴独奏音乐会
"[Program]
 
 W.A. Mozart (1761-1791)
Sonata for Violin and Piano K.376

F. Kreisler (1875-1962)
Prelude and Allegro
Marche miniature Viennoise

E.Poldini (1869-1957)
Dancing doll

P. Sarasate (1844-1908)
Fantasy on Gounod's ""faust""

G. Faure (1845-1924)
Violin Sonata No.1 In A Major, Op.13","[节目单]

沃尔夫冈·阿玛多伊斯·莫扎特 (1761-1791)

小提琴与钢琴奏鸣曲 K.376

弗朗茨·克莱斯勒 (1875-1962)

前奏曲与快板

维也纳小进行曲

埃里克·波尔迪尼 (1869-1957)

跳舞的玩偶

彼得·萨拉萨蒂 (1844-1908)

古诺《浮士德》幻想曲

加西亚·福雷 (1845-1924)

A大调第一小提琴奏鸣曲，作品13号"
"금호 영아티스트 콘서트, 원예빈 호른 독주회",锦湖青年艺术家音乐会，元艺彬圆号独奏音乐会
"[프로그램]

볼프강 아마데우스 모차르트 Wolfgang Amadeus Mozart
호른 협주곡 제4번 E-flat장조, K.495 (호른과 피아노 연주)
Horn Concerto No.4 in E-flat Major, K.495 (performed on Horn and Piano)
Allegro moderato
Romanza. Andante
Rondo. Allegro vivace

외젠 보자 Eugène Bozza
호른과 피아노를 위한 정상에서
Sur les Cimes for Horn and Piano

베른하르트 크롤 Bernhard Krol
호른 독주를 위한 찬미가
Laudatio for Solo Horn

INTERMISSION

로베르트 슈만 Robert Schumann
호른과 피아노를 위한 아다지오와 알레그로, Op.70
Adagio and Allegro for Horn and Piano, Op.70
Adagio. Langsam, mit innigem Ausdruck
Allegro. Rasch und feurig - Etwas ruhigert - Tempo I

토마소 알비노니 Tomaso Albinoni
오보에 협주곡 B-flat장조, Op.7/3 (호른과 피아노를 위한 편곡 미하엘 보레크)
Oboe Concerto in B-flat Major, Op.7/3 (arranged for Horn and Piano by Michael Worek)
Allegro
Adagio
Allegro

장 프랑세 Jean Françaix
호른과 피아노를 위한 디베르티멘토
Divertimento for Horn and Piano
Introduzione
Aria di Cantabile
Canzonetta","[程序]

沃尔夫冈·阿玛多伊斯·莫扎特

降E大调第四号圆号协奏曲，K.495（圆号和钢琴演奏）

中快板

罗曼扎。行板

回旋曲。活泼的快板

尤金·博扎

为圆号与钢琴而作的《情景》

伯恩哈德·克罗尔

为圆号独奏而欢呼

中场休息

罗伯特·舒曼

圆号和钢琴的慢板和快板，作品。 70

慢板。 Longsam，mit innigem Ausdruck

快板。 Rash und feurig - Etwas ruhigert - Tempo I

托马索·阿尔比诺尼

降B大调双簧管协奏曲，作品。 7/3（迈克尔·沃雷克为圆号和钢琴改编）

快板

慢板

快板

让·弗朗西斯

圆号与钢琴嬉游曲

简介

如歌咏叹调

坎佐内塔"
케니 배런 트리오 내한공연,肯尼·巴伦三重奏在韩国的演唱会
연세대학교 백주년기념관 콘서트홀,延世大学百年纪念堂音乐厅
"[공연소개]

재즈 피아니스트 케니 배론은 서정성과 스윙, 그리고 정교한 화성 감각을 완벽한 균형으로 구현해 온 현대 재즈 피아노의 거장이다. 디지 길레스피, 스탠 게츠, 프레디 허바드 등 재즈사의 중심에 있는 거장들과의 협업을 통해 일찍이 음악적 존재감을 확립했으며, 이후 수십 년간 트리오, 솔로, 대편성에 이르기까지 폭넓은 형식 속에서 자신만의 음악 세계를 꾸준히 발전시켜 왔다. 그의 연주는 언제나 절제된 서정미와 깊은 스윙을 바탕으로, 재즈가 지닌 지적이면서도 따뜻한 매력을 전해주고 있다.

이번 공연은 케니 배런이 베이시스트 알렉시스 쿠아드라도, 드러머 조나단 블레이크와 함께 하는 트리오의 한국 첫 무대라는 점에서 특별한 의미를 지닌다. 특히 공연이 열리는 4월 30일은 유네스코가 지정한 재즈의 날로 올해 83세의 살아있는 재즈의 전설과 함께 이 특별한 날을 기념하는 특별한 무대가 될 것이다.

알렉시스 쿠아드라도는 바르셀로나 출신으로 뉴욕에서 활동하며 플라멩코의 열정과 현대 재즈의 지성을 결합한 독보적인 베이시스트다. 탄탄한 클래식 기교를 바탕으로 안젤리크 키조, 마크 터너 등 세계적 거장들과 협연하였다. 또한 작곡가이자 리더로서 서사적이고 정교한 연주를 구사하며, 케니 배런의 우아한 피아니즘에 깊이와 역동성을 더해줄 것이다.

드럼에는 현대 재즈 씬을 대표하는 연주자 중 한 명인 조나단 블레이크가 함께 한다. 조나단 블레이크는 전통적인 스윙 감각과 현대적인 리듬 해석을 동시에 갖춘 드러머로, 다이내믹하면서도 세밀한 연주로 높은 평가를 받아왔다. 그의 드러밍은 단순한 리듬 반주를 넘어, 피아노와 베이스 사이를 잇는 적극적인 대화의 역할을 수행하며 트리오 전체의 긴장감과 에너지를 끌어올린다.

이 세 명이 만들어내는 케니 배런 트리오는 클래식한 피아노 트리오의 형식을 바탕으로 하면서도, 각 연주자의 개성과 경험이 자연스럽게 어우러진 현대적 사운드를 들려줄 것이다. 정교하게 쌓아 올린 하모니, 여백을 살린 인터플레이, 그리고 순간의 영감을 놓치지 않는 즉흥 연주는 트리오 재즈가 지닌 가장 본질적인 매력을 선명하게 드러낸다. 특히 오랜 시간 무대 위에서 축적된 케니 배런의 음악적 통찰은 두 연주자와의 긴밀한 호흡 속에서 더욱 깊이 있게 빛을 발할 것이다.

재즈 데이를 기념해서 개최되는 이번 케니 배런 트리오의 공연은 단순한 내한 공연을 넘어, 동시대 재즈 트리오가 도달할 수 있는 가장 높은 완성도를 직접 확인할 수 있는 소중한 기회가 될 것이다. 재즈가 지닌 지적 깊이와 인간적인 따뜻함, 그리고 라이브 무대에서만 느낄 수 있는 생생한 호흡을 동시에 경험할 수 있는 이번 무대는 국내 재즈 팬들에게 오래도록 기억에 남을 특별한 순간이 될 것으로 기대된다.","【音乐会介绍】

爵士钢琴家肯尼·巴伦是现代爵士钢琴大师，他完美地融合了抒情性、摇摆乐感和精妙的和声。他早年便与迪兹·吉莱斯皮、斯坦·盖茨和弗雷迪·哈伯德等爵士乐史上的巨匠合作，确立了自己的音乐地位。此后数十年间，他不断拓展自身独特的音乐风格，涉猎广泛，从三重奏、独奏到大型乐团，无所不包。他的演奏始终以克制的抒情性和深沉的摇摆乐为基础，传递出爵士乐特有的知性与温暖的魅力。

本次音乐会意义非凡，是肯尼·巴伦、贝斯手亚历克西斯·夸德拉多和鼓手乔纳森·布莱克组成的三重奏首次在韩国演出。值得一提的是，音乐会日期4月30日是联合国教科文组织指定的国际爵士乐日，届时我们将有机会与这位83岁高龄的爵士乐传奇人物共同庆祝这一特殊的日子。

来自巴塞罗那、现居纽约的阿莱克西斯·夸德拉多是一位技艺精湛的贝斯手，他将弗拉门戈的热情与现代爵士的智慧完美融合。他拥有扎实的古典贝斯技巧，曾与安吉莉克·奇佐和马克·特纳等世界级大师合作。此外，作为作曲家和乐队领队，他运用叙事性和精湛的演奏技巧，为肯尼·巴伦优雅的钢琴演奏增添了深度和活力。

与他搭档担任鼓手的是乔纳森·布莱克，他是当代爵士乐坛的领军人物之一。布莱克的鼓技兼具传统摇摆乐的韵味和现代节奏的诠释，他充满活力又不失细节的演奏赢得了广泛赞誉。他的鼓技超越了简单的节奏伴奏，在钢琴和贝斯之间形成积极的对话，提升了整个三重奏的张力和能量。

由这三位音乐家组成的肯尼·巴伦三重奏，将呈现根植于古典钢琴三重奏形式的现代之声，并自然融合每位音乐家的独特个性和经验。层层叠叠的和声、巧妙运用空间的互动以及捕捉灵感瞬间的即兴演奏，清晰地展现了三重奏爵士乐最精髓的魅力。尤其值得一提的是，肯尼·巴伦多年舞台经验积累的音乐智慧，将在与两位音乐家的紧密合作中更加熠熠生辉。

为庆祝爵士乐日，肯尼·巴伦三重奏的这场演出意义非凡，远非一场普通的音乐会；它将为乐迷们提供一次亲身感受当代爵士三重奏最高水准的绝佳机会。这场演出将同时展现爵士乐的深邃内涵、温暖人心的情感以及现场演出独有的澎湃活力，必将成为韩国爵士乐迷心中一段难忘的美好回忆。"
"금호영아티스트콘서트, 김가은 바이올린 독주회",锦湖青年艺术家音乐会，金佳恩小提琴独奏音乐会
"[PROGRAM]
요하네스 브람스 Johannes Brahms
바이올린과 피아노를 위한 소나타 제2번 A장조, ‘툰’, Op.100
Sonata for Violin and Piano No.2 in A Major, “Thun”, Op.100
Allegro amabile
Andante tranquillo - Vivace
Allegretto grazioso (quasi Andante) 

프란츠 왁스만 Franz Waxman
바이올린과 피아노를 위한 카르멘 환상곡
Carmen Fantasie for Violin and Piano

I N T E R M I S S I O N

에르네스트 쇼송 Ernest Chausson
바이올린과 오케스트라를 위한 시, Op.25 (바이올린과 피아노 연주)
Poème for Violin and Orchestra, Op.25 (performed on Violin and Piano)

외젠 이자이 Eugène Ysaÿe
바이올린과 피아노를 위한 카미유 생상스 왈츠 형식의 에튀드에 의한 카프리스, Op.52/6
Caprice d’après l’etude en forme de Valse de Camille Saint-Saëns for Violin and Piano, Op.52/6

이고르 프롤로프 Igor Frolov
바이올린과 피아노를 위한 거슈윈 ‘포기와 베스’ 주제에 의한 콘서트 환상곡, Op.19
Concert Fantasia on Themes from Gershwin’s “Porgy and Bess” for Violin and Piano, Op.19","[程序]

约翰内斯·勃拉姆斯

A大调第二小提琴和钢琴奏鸣曲，“图恩”，作品。 100

阿马比莱快板

宁静的行板 - Vivace

Allegretto grazioso（准行板）

弗朗茨·韦克斯曼

卡门幻想曲 小提琴与钢琴

间歇期

欧内斯特·肖森

为小提琴和管弦乐队而作的诗，作品。 25（小提琴和钢琴演奏）

尤金·伊萨伊

卡米尔·圣桑为练习曲小提琴和钢琴随想曲而作的华尔兹，作品。 52/6

卡米尔·圣桑为小提琴和钢琴而作的圆舞曲随想曲，作品。 52/6

伊戈尔·弗罗洛夫

格什温《波吉与贝丝》主题音乐会幻想曲，小提琴与钢琴，作品19号"
"랄랄라, 아이와 엄마가 함께하는 음악회",啦啦啦，一场为母亲和孩子们举办的音乐会
서울 마포구 망원로 66,首尔市麻浦区望远路66号
"[공연소개]

아이와 부모가 함께 클래식 음악을 편안하게 만나는 시간입니다.

아이들이 처음 듣는 클래식 음악도
이야기와 해설을 통해 자연스럽게 이해할 수 있도록 구성된 공연입니다.

이번 공연은 랄랄라! 아이와 엄마가 함께하는 음악회라는 제목으로
아이들도 쉽게 들을 수 있는 피아노 클래식 작품들을 소개합니다.

베토벤의 엘리제를 위하여,
모차르트의 작은 별 변주곡,
드뷔시의 골리워그의 케이크워크처럼
익숙한 멜로디의 클래식 음악을 들려주고,

쇼팽의 왈츠,
생상스의 동물의 사육제 중 여러 곡을 통해
음악 속에 등장하는 다양한 동물과 이야기를 함께 만나볼 수 있습니다.

아이들이 클래식 음악을 부담 없이 듣고
음악의 분위기와 이야기를 함께 느껴볼 수 있는 프로그램입니다.","【演出介绍】

这是一个让孩子和家长轻松愉快地共同欣赏古典音乐的美好时光。

本次演出将通过故事和讲解，帮助孩子们自然而然地理解他们第一次接触的古典音乐。

这场名为“啦啦啦！儿童与妈妈音乐会”的音乐会，将介绍孩子们能够轻松欣赏的钢琴古典作品。

我们将呈现一些旋律耳熟能详的古典音乐，例如贝多芬的《致爱丽丝》、莫扎特的《一闪一闪小星星》变奏曲以及德彪西的《黑娃娃的蛋糕舞》。

通过肖邦的圆舞曲以及圣桑《动物狂欢节》中的各种乐曲，您还可以了解音乐中描绘的各种动物和故事。

这是一个旨在让孩子们在轻松的氛围中聆听古典音乐，并与家长共同体验音乐氛围和故事的节目。"
"금호영재콘서트, 한세희 리코더 독주회",锦湖青年才艺音乐会，韩世熙竖笛独奏会
"[PROGRAM]

조반니 바티스타 폰타나 Giovanni Battista Fontana
소나타 제2번 D장조 (리코더와 하프시코드 연주)
Sonata Seconda in D Major (performed on Recorder and Harpsichord)

게오르크 필리프 텔레만 Georg Philipp Telemann
플루트를 위한 환상곡 제9번 G장조, TWV40:10 (리코더 연주)
Fantasia for Flute No.9 in G Major, TWV40:10 (performed on Recorder)
Affettuoso
Allegro
Grave
Vivace

주세페 삼마르티니 Giuseppe Sammartini
소나타 제6번 C장조, Op.1 (리코더와 하프시코드 연주)
Sonata Sesta in C Major, Op.1 (performed on Recorder and Harpsichord)
Conspirito
Adagio mà non tanto
Allegro assai

요한 크리스티안 쉬크하르트 Johann Christian Schickhardt
리코더와 통주저음을 위한 소나타 a단조, Op.17/3 (리코더와 하프시코드 연주)
Sonata for Recorder and Continuo in a minor, Op.17/3 (performed on Recorder and Harpsichord)
Adagio
Allemanda Allegro
Vivace
Giga

I N T E R M I S S I O N

히로세 료헤이 Ryohei Hirose
알토 리코더 독주를 위한 찬가
Hymn for Solo Alto Recorder

게오르크 필리프 텔레만 Georg Philipp Telemann
바순과 통주저음을 위한 소나타 f단조, TWV41:f1 (리코더와 하프시코드 연주)
Sonata for Bassoon and Continuo in f minor, TWV41:f1 (performed on Recorder and Harpsichord)
Triste
Allegro
Andante
Vivace

아르칸젤로 코렐리 Arcangelo Corelli
바이올린과 통주저음을 위한 소나타 F장조, Op.5/4 (리코더와 하프시코드 연주)
Sonata for Violin and Continuo in F Major, Op.5/4 (performed on Recorder and Harpsichord)
Adagio
Allegro - Adagio
Vivace
Adagio
Allegro","[程序]

乔瓦尼·巴蒂斯塔·丰塔纳

D大调第二奏鸣曲（用竖笛和羽管键琴演奏）

格奥尔格·菲利普·泰勒曼

G大调第九号长笛幻想曲，TWV40:10（竖笛演奏）

热情

快板

严重

活力

朱塞佩·萨马蒂尼

C大调奏鸣曲塞斯塔，作品。 1（用竖笛和羽管键琴演奏）

密谋

慢板慢板

快板阿赛

约翰·克里斯蒂安·约翰·克里斯蒂安·施克哈特

小调奏鸣曲和连续奏鸣曲，作品。 17/3（用竖笛和羽管键琴演奏）

慢板

阿勒曼达
快板

活力

千兆

中场休息

广濑良平

中音独奏竖笛赞美诗

格奥尔格·菲利普·泰勒曼

f小调巴松管和连续奏鸣曲，TWV41:f1（用竖笛和羽管键琴演奏）

特里斯特

快板

行板

活力

阿尔坎吉洛·科雷利

F大调小提琴奏鸣曲和连续奏鸣曲，作品。 5/4（用竖笛和羽管键琴演奏）

慢板

快板 - 柔板

活力

慢板

快板"
김민영 피아노 독주회,金敏英钢琴独奏音乐会
"[Program]

L. v. Beethoven
Piano Sonata No.30 in E Major, Op.109

F. Chopin
Andante Spianato et Grande Polonaise Brillante, Op.22

Intermission

F. Schubert
3 Klavierstücke, D.946

J. S. Bach-Busoni
Chaconne in d minor, BWV 1004","[程序]

L.v.贝多芬
E大调第30钢琴奏鸣曲，作品109

肖邦
斯皮亚纳托行板和辉煌波兰舞曲，作品 22

中场休息

F·舒伯特
3 键盘琴，D.946

J.S.巴赫-布索尼
d小调查空舞曲，BWV 1004"
제19회 디 앙상블 정기연주회,第十九届D合奏团常规音乐会
"[PROGRAM]

김택수
Clear Creek for String Quartet

D. Shostakovich
String Quartet No. 6 in G Major, Op. 101
I. Allegretto
II. Moderato con moto
III. Lento
IV. Lento

E. Korngold
Piano Quintet in E Major, Op. 15
I. Mäßiges Zeitmaß, mit schwungvoll blühendem Ausdruck
II. Adagio
III. Finale","[程序]

金泽修
清溪弦乐四重奏

D·肖斯塔科维奇
G 大调第六弦乐四重奏，作品。 101
一、快板
二.摩托罗拉
三．慢板
四．慢板

E·科恩戈尔德
E大调钢琴五重奏，作品。 15
I. Mäßiges Zeitmaß, mit schwungvoll blühendem Ausdruck
二.慢板
三．结局"
제209회 국립합창단 정기연주회: 베토벤 & 슈베르트,第209届全国合唱团例行音乐会：贝多芬与舒伯特
"[프로그램]
  
 1부 Beethoven, Mass in C major, Op. 86
2부 Schubert, Mass in E-flat major, D. 950","【节目单】

第一部分：贝多芬，C大调弥撒曲，作品86号

第二部分：舒伯特，降E大调弥撒曲，D. 950"
서울시향 키즈 콘서트: 클래식 음악 여행,首尔爱乐乐团儿童音乐会：一段古典音乐之旅
서울 송파구 올림픽로 300,首尔特别市松坡区奥林匹克路300
"[공연소개]

엄마와 함께 클래식 공연을 보러 간 서울이와 시향이. 첫 곡이 연주되자마자 멋진 선율에 푹 빠진 두 친구! 그런데, 갑자기 나타난 소용돌이에 연주 중이던 지휘자의 악보가 날아가 사라져 버리는 대사건이 벌어지고, 세상 모든 음악을 혼자만 차지하려는 악당, 미스터 크레셴도의 계획이란 걸 알게 되는데... 정의감에 불타오른 용기 만점 서울이와 시향이는 사라진 악보를 찾기 위해 떨리는 마음으로 첫 모험을 떠나게 된다.

세계를 여행하며 위대한 작곡가들의 음악을 만나는 흥미진진한 모험, 이제 서울시향과 함께 떠나볼까요?
 

[프로그램]

본 공연은 중간휴식(Intermission) 없이 진행됩니다.
기획 특성상 본 공연의 프로그램은 발췌 및 편곡되어 연주됩니다.

첫 번째 나라, 독일
베토벤, 교향곡 제5번 ‘운명’ 1악장
Beethoven, Symphony No. 5 in C minor, Op. 67: I. Allegro con brio

베토벤, 교향곡 제9번 ‘합창’ 4악장 (오케스트라 연주)
Beethoven, Symphony No. 9 in D minor, Op. 125 ‘Choral’: IV. Presto (Orchestra Only)

두 번째 나라, 체코
스메타나, ‘나의 조국’ 중 몰다우
Smetana, Vltava from Má vlast

드보르자크, 교향곡 제9번 ‘신세계로부터’ 4악장
Dvořák, Symphony No. 9 in E minor, Op. 95 ‘From the New World’: IV. Allegro con fuoco

세 번째 나라, 스페인
파야, <삼각 모자> 모음곡 제1번 중 밀러 부인의 춤
Falla, Danza de la molinera from El sombrero de tres picos Suite No. 1

사라사테, <카르멘> 환상곡 (바이올린 류현석)
Sarasate, Carmen Fantasy, Op. 25

네 번째 나라, 영국
엘가, 위풍당당 행진곡 제1번
Elgar, Pomp and Circumstance March No. 1 in D major, Op. 39 No. 1

홀스트, ‘행성’ 중 목성
Holst, Jupiter, the Bringer of Jollity from The Planets, Op. 32","【演出简介】

首尔和始香陪妈妈去听古典音乐会。第一首曲子响起，两个小伙伴就被美妙的旋律深深吸引！然而，突然间，一个漩涡吹走了指挥的乐谱，乐谱也随之消失。他们发现，这是邪恶的克雷森多先生的阴谋，他企图垄断全世界的音乐……首尔和始香怀着正义的火焰和无比的勇气，踏上了寻找乐谱的冒险之旅，虽然心中忐忑不安。

让我们跟随首尔爱乐乐团，一起踏上这段精彩的环球之旅，聆听伟大作曲家的美妙乐章吧！

【节目单】

本场演出不设中场休息。

由于演出形式特殊，本场演出的节目单包含部分选段和改编版本。

第一国：德国

贝多芬，第五交响曲“命运”，第一乐章第67节：I. 充满活力的快板

贝多芬，第九交响曲“合唱”，第四乐章（管弦乐演奏）

贝多芬，D小调第九交响曲，作品125“合唱”：第四乐章：急板（仅管弦乐演奏）

第二国：捷克

斯美塔那，《我的祖国》中的《伏尔塔瓦河》

德沃夏克，第九交响曲“自新世界”，第四乐章

德沃夏克，E小调第九交响曲，作品95“自新世界”：第四乐章热情洋溢的快板

第三国：西班牙

法雅，《三尖帽组曲》第一号之《磨坊舞曲》

萨拉萨蒂，《卡门幻想曲》（小提琴：柳贤硕）

萨拉萨蒂，《卡门幻想曲》，作品25号

第四国：英国

埃尔加，《威风堂堂进行曲》第一号

埃尔加，《威风堂堂进行曲》第一号（D大调），作品39号之1

霍尔斯特，《行星组曲》作品32号之《木星，欢乐的使者》"
라포엠과 함께하는 스페셜 콘서트 [공주],与 La Poème [公主] 的特别音乐会
공주문예회관 대공연장,公州艺术中心大演出厅
충남 공주시 고마나루길 5,忠清南道公州市戈马纳鲁路 5
"[공연소개]

한 편의 시가 되는 목소리, 오케스트라와 만나다.
 
라포엠과 공주시충남교향악단이 함께하는 '스페셜 콘서트'는 팝, 가요, 뮤지컬 등  다양한 장르를 아우르는 특별한 무대이다.
세계 최초로 정통 카운터테너가 포함된 크로스오버 그룹인 라포엠은 성악을 기반으로 한 울림과 감성적인 표현력으로 관객들에게 한 편의 시 같은 무대를 선사한다.
이번 공연에서는 라포엠의 대표곡은 물론, 오케스트라와의 풍성한 선율을 통해 장르의 경계를 넘나드는 새로운 해석을 선보인다.
클래식의 웅장함, 대중음악의 친숙함, 라포엠만의 예술적 감성이 어우러져 관객들에게 특별한 경험을 선사할 것이다.


[Program]
 
라포엠   낙엽
라포엠   바람의 나라(폭군의 셰프 OST)
뮤지컬  노트르담 드 파리'중 '대성당들의 시대' 외
 
*상기 프로그램은 출연진의 사정에 의해 변경될 수 있습니다","【音乐会介绍】

歌声化作诗篇，与交响乐团交相辉映。

由韩国传统男高音组合 La Poème 与忠南交响乐团联袂呈现的“特别音乐会”，将流行乐、韩国民谣、音乐剧等多种音乐风格巧妙融合，打造一场别具一格的视听盛宴。

La Poème 是世界上首个融合传统假声男高音的跨界组合，他们以深厚的声乐底蕴和饱含情感的演绎，为观众呈现了一场宛如诗篇般的视听盛宴。

本次演出，他们不仅将带来 La Poème 的经典曲目，更将以优美的旋律与交响乐团的演奏，演绎超越音乐界限的全新作品。

古典音乐的恢弘气势、流行音乐的亲切旋律，以及 La Poème 独树一帜的艺术风格，将为观众带来一场别开生面的音乐体验。

【演出曲目】

La Poème - Fallen Leaves

La Poème - The Land of the Wind (Tyrant's Chef OST)

选自音乐剧《巴黎圣母院》的“大教堂时代”等曲目

*以上演出曲目可能因演出人员情况而有所调整。"
"서울시향 유럽 투어 프리뷰 콘서트, 베토벤: 합창",首尔爱乐乐团欧洲巡演预演音乐会，贝多芬：合唱
"[프로그램]

존 아담스, 부상 처치사
John Adams, The Wound-Dresser

베토벤, 교향곡 제9번 ‘합창’
Beethoven, Symphony No. 9 in D minor, Op. 125 ‘Choral’","[节目单]

约翰·亚当斯，《伤口包扎者》

贝多芬，D小调第九交响曲，作品125号“合唱”"
"금호 영아티스트 콘서트, 이우진 트럼펫 독주회",锦湖青年艺术家音乐会，李宇镇小号独奏音乐会
"[프로그램]

빈첸초 벨리니 Vincenzo Bellini
오보에 협주곡 E-flat장조 (트럼펫과 피아노를 위한 편곡 장 틸드)
Oboe Concerto in E-flat Major (arranged for Trumpet and Piano Jean Thilde)

프란츠 요제프 하이든 Franz Joseph Haydn
트럼펫 협주곡 E-flat장조, H.7e/1 (트럼펫과 피아노 연주)
Trumpet Concerto in E-flat Major, H.7e/1 (performed on Trumpet and Piano)
Allegro
Andante
Finale. Allegro

INTERMISSION

클로드 드뷔시 Claude Debussy
피아노를 위한 프렐류드 중 아마빛 머리의 소녀, L.117/8 (트럼펫과 피아노를 위한 편곡 브랜든 라이드너)
La fille aux cheveux de lin from Préludes for Piano, L.117/8 (arranged for Trumpet and Piano by Brandon Ridenour)

빈첸초 벨리니 Vincenzo Bellini
오페라 ‘노르마’ 중 ‘정결한 여신이여’ (트럼펫과 피아노 연주)
“Casta Diva” from Opera “Norma” (performed on Trumpet and Piano)

블라디미르 페스킨 Vladimir Peskin
트럼펫 협주곡 제1번 c단조 (트럼펫과 피아노 연주)
Trumpet Concerto No.1 in c minor (performed on Trumpet and Piano)
Allegro con fuoco
Andante sostenuto, dolce amoroso
Allegro scherzando","[节目单]

文森佐·贝利尼

降E大调双簧管协奏曲（让·蒂尔德改编为小号与钢琴）

弗朗茨·约瑟夫·海顿

降E大调小号协奏曲，H.7e/1（小号与钢琴演奏）

快板

行板

终曲快板

中场休息

克劳德·德彪西

La fille aux cheveux de lin 选自钢琴前奏曲，L.117/8（布兰登·里德诺为小号和钢琴改编）

文森佐·贝里尼

歌剧《诺玛》中的《卡斯塔·迪瓦》（小号和钢琴演奏）

弗拉基米尔·佩斯金

c小调第一小号协奏曲（用小号和钢琴演奏）

快板

缓慢的行板，甜蜜的爱
谐谑快板"
"24시간 프로젝트 시즌9, 노윤서",24小时计划 第9季，卢允书
예술가의 집,艺术家之家
서울 종로구 동숭길 3,首尔特别市钟路区东城街 3
"[PROGRAM]
Frédéric Chopin (1810-1849) 
2 Nocturnes, Op.62
1. Andante in B major
2. Lento in E major

Sergei Rachmaninoff (1873-1943) 
Variations on a Theme by Chopin, Op.22
Theme: Largo
Variation 1. Moderato
Variation 2. Allegro
Variation 3. (L'istesso tempo)
Variation 4. (L'istesso tempo)
Variation 5. Meno mosso
Variation 6. Meno mosso
Variation 7. Allegro
Variation 8. (L'istesso tempo)
Variation 9. (L'istesso tempo)
Variation 10. Piu vivo
Variation 11. Lento
Variation 13. Largo
Variation 14. Moderato
Variation 15. Allegro scherzando
Variation 16. Lento
Variation 17. Grave
Variation 18. Piu mosso
Variation 19. Allegro vivace
Variation 20. Presto
Variation 21. Andante
Variation 22. Maestoso - Meno mosso - Thema

※ 프로그램은 연주자의 사정에 의해 변경될 수 있습니다.","[程序]
弗雷德里克·肖邦 (1810-1849) 
2 夜曲，作品 62
1. B大调行板
2. E大调慢板

谢尔盖·拉赫玛尼诺夫 (1873-1943) 
肖邦主题变奏曲，Op.22
主题： 拉戈
变奏 1. 中度
变奏 2. 快板
变奏 3.（L'istesso 节奏）
变奏 4.（L'istesso 节奏）
变奏 5. 梅诺·莫索
变奏 6. 梅诺·莫索
变奏 7. 快板
变奏 8.（L'istesso 节奏）
变奏 9.（L'istesso 节奏）
变体10. Piu vivo
变奏11.慢板
变化13. 广板

变奏 14. 中板

变奏 15. 谐谑快板

变奏 16. 慢板

变奏 17. 庄板

变奏 18. 稍快板

变奏 19. 活泼的快板

变奏 20. 急板

变奏 21. 行板

变奏 22. 庄严的 - 稍慢 - 主题

※ 由于演出人员情况，节目可能会有所变动。"
"금호영재 콘서트, 유아림 피아노 독주회",锦湖青年才俊音乐会、Yu Arim钢琴演奏会
"[PROGRAM]

프레데리크 쇼팽 Frédéric Chopin

피아노를 위한 야상곡 제12번 G장조, Op.37/2, CT.119
Nocturne for Piano No.12 in G Major, Op.37/2, CT.119

피아노를 위한 뱃노래 F-sharp장조, Op.60, CT.6
Barcarolle for Piano in F-sharp Major, Op.60, CT.6

피아노를 위한 폴로네이즈 환상곡 제7번 A-flat장조, Op.61, CT.156
Polonaise-Fantasy for Piano No.7 in A-flat Major, Op.61, CT.156

INTERMISSION

프레데리크 쇼팽 Frédéric Chopin
피아노를 위한 24개의 전주곡, Op.28, CT.166-189
24 Preludes for Piano, Op.28, CT.166-189
No.1 in C Major. Agitato
No.2 in a minor. Lento
No.3 in G Major. Vivace
No.4 in e minor. Largo
No.5 in D Major. Allegro molto
No.6 in b minor. Lento assai
No.7 in A Major. Andantino
No.8 in f-sharp minor. Molto agitato
No.9 in E Major. Largo
No.10 in c-sharp minor. Allegro molto
No.11 in B Major. Vivace
No.12 in g-sharp minor. Presto
No.13 in F-sharp Major. Lento
No.14 in e-flat minor. Allegro
No.15 in D-flat Major. Sostenuto
No.16 in b-flat minor. Presto con fuoco
No.17 in A-flat Major. Allegretto
No.18 in f minor. Allegro molto
No.19 in E-flat Major. Vivace
No.20 in c minor. Largo
No.21 in B-flat Major. Cantabile
No.22 in g minor. Molto agitato
No.23 in F Major. Moderato
No.24 in d minor. Allegro appassionato","【节目单】

弗雷德里克·肖邦

G大调第十二钢琴夜曲，作品37之2，CT. 119

升F大调钢琴船歌，作品60，CT. 6

降A大调第七钢琴波兰舞曲幻想曲，作品61，CT. 156

中场休息

弗雷德里克·肖邦

24首钢琴前奏曲，作品28，CT. 166-189

第一首，C大调，激动的

第二首，a小调，慢板

第三首，G大调，活泼的

第四首，e小调，广板

第五首，D大调，很快的快板

第六首，b小调，极慢板

第七首，A大调安丹蒂诺
升f小调第8号。莫尔托激动
E大调第九号。拉戈
升c小调第10号。快板
B大调第11号。活力
升g小调第12号。急板
升F大调第13号。慢板
降e小调第14号。快板
降D大调第15号。延音
降b小调第16号。火急火燎
降A大调第17号。快板
f小调第18号。快板
降E大调第19号。活力
c小调第20号。拉戈
降B大调第21号。如歌
g小调第22号。莫尔托激动
F大调第23号。中度
D小调第24号。热情的快板"
"금호 영아티스트 콘서트, 권유성 피아노 독주회",锦湖青年艺术家音乐会，权裕成钢琴独奏会
"[프로그램]

루트비히 판 베토벤 Ludwig van Beethoven
피아노 소나타 제27번 e단조, Op.90
Piano Sonata No.27 in e minor, Op.90
Mit Lebhaftigkeit und durchaus mit Empfindung und Ausdruck
Nicht zu geschwind und sehr singbar vorgetragen

카롤 시마노프스키 Karol Szymanowski
피아노를 위한 3개의 마스크, Op.34
3 Masques for Piano, Op.34
Shéhérazade - Lento assai. Languido
Tantris le Bouffon – Vivace assai
Sérénade de Don Juan – Vivace

INTERMISSION

루이지 달라피콜라 Luigi Dallapiccola
피아노를 위한 안나리베라의 음악 노트 
Quaderno musicale di Annalibera for Piano
Simbolo. Quasi lento
Accenti. Allegro; con fuoco
Contrapunctus primus. Mosso; scorrevole
Linee. Tranquillamente mosso
Contrapunctus secondus. Poco allegretto; “alla Serenata”
Fregi. Molto lento; con espressione parlante
Andantino amoroso e Contrapunctus tertius
Ritmi. Allegro
Colore. Affettuoso; cullante
Ombre. Grave
Quartina. Molto lento; fantastico

로베르트 슈만 Robert Schumann
피아노를 위한 카니발, Op.9
Carnaval for Piano, Op.9 
Préambule. Quasi maestoso
Pierrot. Moderato
Arlequin. Vivo
Valse noble. Un poco maestoso
Eusebius. Adagio
Florestan. Passionato
Coquette. Vivo
Réplique. L'istesso tempo
Sphinxes
Papillons. Prestissimo
Lettres Dansantes. Presto
Chiarina. Passionato
Chopin. Agitato
Estrella. Con affetto
Reconnaissance. Animato
Pantalon et Colombine. Presto
Valse Allemande. Molto vivace
Paganini. Intermezzo, Presto
Aveu. Passionato
Promenade. Con moto
Pause. Vivo, precipitandosi
Marche des Davidsbündler contre les Philistins. Non Allegro","[程序]

路德维希·凡·贝多芬

e小调第27号钢琴奏鸣曲，作品。 90

e小调第27号钢琴奏鸣曲，作品。 90

Mit Lebhaftigkeit und durchaus mit Empfindung und Ausdruck

Nicht zu geschwind und sehr singbar vorgetragen

卡罗尔·席曼诺夫斯基

3 钢琴面具，作品。 34

3 钢琴面具，作品。 34

Shehérazade - 慢板 assai。兰吉多

Tantris le Bouffon – Vivace assai

唐璜小夜曲 – Vivace

中场休息

路易吉·达拉皮科拉

安娜利贝拉四重奏钢琴曲

辛博罗。准慢板
口音。快板;孔福科
Contrapunctus primus。莫索；斯科雷沃莱
莱尼。平静的苔藓
对位第二。 Poco 快板； “阿拉小夜曲”
弗雷吉.慢节奏；反对表达
爱的行板与三连体
里特米。快板
科洛尔。情感丰富；库兰特
渐变色。严重
夸尔蒂纳。慢节奏；幻想曲

罗伯特·舒曼
钢琴嘉年华，作品 9
钢琴狂欢节，作品 9 
序言。准马埃斯托索
皮埃罗。中度
阿勒坎。体内
圆舞曲高贵。伟大的人
尤西比乌斯。慢板
弗洛雷斯坦。激情
风骚。体内
复制品。音乐节奏
狮身人面像
蝴蝶犬。急速
丹桑特书信。急板
基亚里娜。激情
肖邦。激动人心
埃斯特雷拉。浓咖啡
侦察。阿尼马托
裤子和哥伦布。急板
阿勒曼德圆舞曲。活力十足
帕格尼尼。间奏曲、急板
阿韦乌。激情
长廊。康莫托
暂停。体内，沉淀
反对非利士人的大卫布德勒游行。非快板"
"롤링 31주년 기념공연: 이희상 단독 콘서트, RE: BOOT",滚动31周年纪念演唱会：李熙相个人演唱会，RE: BOOT
롤링홀,滚动大厅
서울 마포구 어울마당로 35,首尔特别市麻浦区乙马堂路 35
"[공연소개]

따뜻한 감성으로 사랑과 현실을 노래하는 싱어송라이터 '이희상'
〈이희상 단독 콘서트 'RE:BOOT' : 롤링 31주년 기념공연〉","【演唱会介绍】

李熙尚，一位以温暖细腻的嗓音吟唱爱情与现实的创作型歌手

〈李熙尚个人演唱会“RE:BOOT”：Rolling 31周年纪念演唱会〉"
"금호영아티스트콘서트, 이승엽 색소폰 독주회",锦湖青年艺术家音乐会，李承烨萨克斯管独奏音乐会
"[프로그램]

요시마츠 타카시 Takashi Yoshimatsu
알토 색소폰과 피아노를 위한 퍼지 버드 소나타
Fuzzy Bird Sonata for Alto Saxophone and Piano
I. Run, bird
II. Sing, bird
III. Fly, bird

페르낭드 드크뤼크 Fernande Decruck
알토 색소폰과 피아노를 위한 소나타
Sonata for Alto Saxophone and Piano
Très modéré, expressif
Andante
Fileuse. Légèrement animé
Nocturne et finale. Calme, très modéré

I N T E R M I S S I O N

뱅상 다비드 Vincent David
알토 색소폰을 위한 펄스
Pulse for Alto Saxophone

알프레드 드상클로 Alfred Desenclos
알토 색소폰과 피아노를 위한 서주, 종지와 피날레
Prélude, Cadence et Finale for Alto Saxophone and Piano

프랑수아 보네 François Borne
플루트와 피아노를 위한 비제 카르멘 주제에 의한 화려한 환상곡 (색소폰과 피아노 연주)
Fantaisie Brillante on Themes from Bizet’s Carmen for Flute and Piano (performed on Saxophone and Piano)","[程序]

吉松隆

模糊鸟中音萨克斯管和钢琴奏鸣曲
I. 奔跑吧，小鸟
二.唱歌吧，鸟儿
三．飞吧，鸟儿

费尔南德·德克鲁克

中音萨克斯与钢琴奏鸣曲
非常现代，表达
行板
文件使用。动漫军团
夜曲和结局。平静、摩登

间歇期

文森特·大卫

中音萨克斯管的脉冲

阿尔弗雷德·德森克洛斯

为中音萨克斯管和钢琴而作的前奏曲、节奏和终曲

弗朗索瓦·博尔纳

比才长笛与钢琴《卡门》主题的布里兰特幻想曲（萨克斯管与钢琴演奏）"
"금호영재콘서트, 김형완 플루트 독주회",锦湖青年才艺音乐会，金亨完长笛独奏会
"[PROGRAM]
요한 제바스티안 바흐 Johann Sebastian Bach
플루트와 통주저음을 위한 소나타 e단조, BWV1034 (플루트와 피아노 연주)
Sonata for Flute and Continuo in e minor, BWV1034 (performed on Flute and Piano)
Adagio ma non tanto
Allegro
Andante
Allegro

앙리 뷔세르 Henri Büsser
플루트와 피아노를 위한 프렐류드와 스케르초 Op.35
Prelude et Scherzo for Flute and Piano, Op.35

프랑시스 풀랑크 Francis Poulenc
플루트와 피아노를 위한 소나타, FP164
Sonata for Flute and Piano, FP164
Allegro malinconico
Cantilena
Presto giocoso

I N T E R M I S S I O N

게오르그 필리프 텔레만 Georg Philipp Telemann
플루트를 위한 환상곡 제6번 d단조, TWV40:7 (플루트 연주)
Fantasia for Flute No.6 in d minor, TWV40:7 (performed on Flute)
Dolce
Allegro
Spirituoso 

카미유 생상스 Camille Saint-Saëns
플루트와 오케스트라를 위한 로망스 D-flat장조, Op.37 (플루트와 피아노 연주)
Romance for Flute and Orchestra in D-flat Major, Op.37 (performed on Flute and Piano) 

카를 프륄링 Carl Frühling
플루트와 피아노를 위한 환상곡, Op.55
Fantasie for Flute and Piano, Op.55","[程序]

约翰·塞巴斯蒂安·巴赫

e小调长笛与连续奏鸣曲，BWV 1034（用长笛和钢琴演奏）

慢板

快板

行板

快板

亨利·布塞尔

长笛与钢琴前奏曲与谐谑曲，作品。 35

弗朗西斯·普朗克

长笛与钢琴奏鸣曲，FP164

马林科尼科快板

坎蒂莱纳

急板

间歇期

格奥尔格·菲利普·泰勒曼 泰勒曼

d小调第六长笛幻想曲，TWV 40:7（用长笛演奏）

多尔切

快板

精神

卡米尔·圣桑

降D大调长笛与管弦乐队的浪漫曲，作品。 37（长笛和钢琴演奏）

卡尔·弗吕林

长笛与钢琴幻想曲，作品。 55"
"금호영아티스트콘서트, 이예진 더블베이스 독주회",锦湖青年艺术家音乐会，李艺珍低音提琴独奏音乐会
"[PROGRAM]
테포 하우타-아호 Teppo Hauta-aho
더블베이스 독주를 위한 카덴차
Kadenza for Solo Double Bass

라인홀트 글리에르 Reinhold Glière
더블베이스와 피아노를 위한 4개의 소품
4 Pièces for Double Bass and Piano
Prélude, Op.32/1
Scherzo, Op.32/2
Intermezzo, Op.9/1
Tarantella, Op.9/2

I N T E R M I S S I O N

로베르트 슈만 Robert Schumann
클라리넷과 피아노를 위한 환상소곡집, Op.73 (더블베이스와 피아노 연주)
Fantasiestücke for Clarinet and Piano, Op.73 (performed on Double Bass and Piano)
Zart und mit Ausdruck
Lebhaft, leicht
Rasch und mit Feuer

펠릭스 멘델스존 Felix Mendelssohn
첼로와 피아노를 위한 소나타 제2번 D장조, Op.58 (더블베이스와 피아노 연주)
Sonata for Cello and Piano No.2 in D Major, Op.58 (performed on Double Bass and Piano)
Allegro assai vivace
Allegretto scherzando
Adagio
Molto allegro e vivace","[程序]

铁炮豪塔阿霍

低音提琴独奏《嘉登扎》

莱因霍尔德·格里埃尔

4首低音提琴和钢琴曲目

前奏曲，Op.32/1

谐谑曲，Op.32/2

间奏曲，作品 9/1

塔兰泰拉，作品 9/2

间歇期

罗伯特·舒曼

单簧管和钢琴幻想曲，作品 73（低音提琴和钢琴演奏）

Zart 和 mit Ausdruck

莱布哈夫特

拉什与火

费利克斯·费利克斯·门德尔松

D 大调第二号大提琴和钢琴奏鸣曲，作品。 58（低音提琴和钢琴演奏）

活泼的快板

谐谑快板

慢板

快板与活力"
"금호영재콘서트, 김민하 바이올린 독주회",锦湖青年才艺音乐会，金敏河小提琴独奏会
"[PROGRAM]

 

외젠 이자이 Eugène Ysaÿe
바이올린 독주를 위한 소나타 제4번 e단조, Op.27/4
Sonata for Solo Violin No.4 in e minor, Op.27/4
Allemande. Lento maestoso
Sarabande. Quasi lento
Finale. Presto ma non troppo

 

루트비히 판 베토벤 Ludwig van Beethoven
바이올린과 피아노를 위한 소나타 제1번 D장조, Op.12/1
Sonata for Violin and Piano No.1 in D Major, Op.12/1
Allegro con brio
Tema con Variazioni. Andante con moto
Rondo. Allegro



I N T E R M I S S I O N



카미유 생상스 Camille Saint-Saëns
바이올린과 피아노를 위한 소나타 제1번 d단조, Op.75
Sonata for Violin and Piano No.1 in d minor, Op.75
Allegro agitato
Adagio
Allegretto moderato
Allegro molto

 

프란츠 왁스만 Franz Waxman
바이올린과 피아노를 위한 카르멘 환상곡
Carmen Fantasy for Violin and Piano","[程序]

尤金·伊萨伊

e小调第四小提琴独奏奏鸣曲，作品。 27/4

阿勒曼德。慢板大师

萨拉班德。准慢板

结局。急速的

路德维希·凡·贝多芬

D 大调第一小提琴与钢琴奏鸣曲，作品。 12月1日

欢快的快板

主题与变化。摩托行板

回旋曲。快板

间歇期

卡米尔·圣桑

d小调第一小提琴和钢琴奏鸣曲，作品。 75

激动的快板

慢板

中板快板

快板

弗朗茨·韦克斯曼

卡门幻想曲 小提琴与钢琴"
"금호영아티스트콘서트, 홍성란 바이올린 독주회",锦湖青年艺术家音乐会，洪成兰小提琴独奏音乐会
"[프로그램]


클로드 드뷔시 Claude Debussy
바이올린과 피아노를 위한 소나타 g단조, L.140
Sonata for Violin and Piano in g minor, L.140
Allegro vivo
Intermède. Fantasque et léger
Finale. Très animé

 

루트비히 판 베토벤 Ludwig van Beethoven
바이올린과 피아노를 위한 소나타 제1번 D장조, Op.12/1
Sonata for Violin and Piano No.1 in D Major, Op.12/1
Allegro con brio
Tema con Variazioni. Andante con moto
Rondo. Allegro



I N T E R M I S S I O N



리하르트 슈트라우스 Richard Strauss
바이올린과 피아노를 위한 소나타 E-flat장조, Op.18, TrV151
Sonata for Violin and Piano in E-flat Major, Op.18, TrV151
Allegro, ma non troppo
Improvisation. Andante cantabile
Finale. Andante - Allegro

 

카롤 시마노프스키 Karol Szymanowski
바이올린과 피아노를 위한 녹턴과 타란텔라, Op.28, M30
Nocturne and Tarantella for Violin and Piano, Op.28, M30
Nocturne. Lento assai – Allegretto scherzando
Tarantella. Presto appassionato - Meno mosso (espressivo ed affettuoso)","[程序]

克劳德·德彪西

g小调小提琴与钢琴奏鸣曲，L.140

快板活体

中间派。奇幻与传奇

结局。非常动漫

路德维希·凡·贝多芬

D 大调第一小提琴与钢琴奏鸣曲，作品。 12月1日

欢快的快板

主题与变化。摩托行板

回旋曲。快板

间歇期

理查·施特劳斯

降E大调小提琴与钢琴奏鸣曲，Op.18，TrV151

快板，ma non troppo

即兴创作。如歌的行板

结局。行板 - 快板

卡罗尔·席曼诺夫斯基

为小提琴和钢琴而作的夜曲和塔兰泰拉，作品 28，M30

夜曲。快板快板 – 谐谑快板

塔兰泰拉。 Presto appassionato - Meno mosso (espressivo ed affettuoso)"
"즉흥공감극장, 그레이 (GRAY)",即兴共情剧场，格雷
서울문화예술교육센터 강북 예술당솔샘(2F),首尔艺术教育中心江北艺术堂（2楼）
서울 강북구 솔샘로48길 14,首尔市江北区索尔萨姆路48街14号
"[공연소개]
2026 즉흥공감극장 봄 정기공연 (Playback Theatre) - '그레이(GRAY)'

우리에게는 모두 이야기가 있다.
그리고 그 이야기는 들려질 가치가 있다.
그 이야기들을 초대해 우리 스스로에게 선사하려고 합니다.

즉흥공감극장에 여러분을 모십니다.

""당신에게 회색은 무엇입니까?""","【演出介绍】

2026年回放剧场春季常规演出——《灰色》

我们每个人都有自己的故事。

而这些故事都值得倾听。

我们希望邀请大家来讲述这些故事，并将它们呈现在我们面前。

我们诚挚邀请您来到回放剧场。

“对你而言，什么是灰色？”"
"창작산실, 최진석: Four Pieces for Orchestra",创意工坊，崔镇锡：四首管弦乐作品
"[공연소개]

- 현대음악작곡가 최진석의 오케스트라 신작 <Four Pieces for Orchestra>
- 바젤 작곡 콩쿠르 3위의 현대음악 작곡가 최진석이 파도·어둠·빛·바람을 주제로 한 네 개의 장으로 이루어진 신작 오케스트라 작품을 선보인다.
현대음악작곡가 최진석의 오케스트라 신작 <Four Pieces for Orchestra>는 파도, 어둠, 빛, 바람을 주제로 한 네 개의 곡(장)으로 구성되어 있다. 각 장은 자연이 지닌 서로 다른 에너지와 상태를 음악적으로 탐구하며, 격렬함과 고요, 생성과 소멸, 긴장과 이완의 대비를 통해 하나의 연속적인 흐름을 형성한다. 작품 전반에서 자연의 움직임은 작곡가가 가장 중요하게 여기는 음악의 구조적 원리를 적용하여 묘사된다. 본 작품은 한경arte필하모닉의 연주와 김유원의 지휘로 초연된다.","【音乐会介绍】

- 当代作曲家崔镇锡新作《四首管弦乐小品》

- 当代作曲家崔镇锡荣获巴塞尔作曲比赛三等奖，他将带来一部以波浪、黑暗、光明和风为主题的四乐章管弦乐新作。

崔镇锡的这部新作《四首管弦乐小品》由四首乐曲（乐章）组成，分别以波浪、黑暗、光明和风为主题。每个乐章都以音乐的方式探索自然界固有的不同能量和状态，通过强弱、创造与毁灭、紧张与放松的对比，形成流畅的旋律。整部作品中，作曲家运用他认为最重要的音乐结构原则，描绘了自然界的律动。这部作品将由韩国汉京艺术爱乐乐团在金裕元的指挥下首演。"
테너 진성원 독창회,男高音歌唱家金成元独唱音乐会
"[시놉시스]

”길 잃은 청춘을 위한 자장가“
-슈베르트와 21세기 청년이 나누는 위로

1823년 병상에서 희망과 절망을 노래했던 슈베르트. 그가 그려낸 물방앗간 청년의 방랑은 2026년을 살아가는 우리의 불안과 외로움을 투영합니다. 실패해도 괜찮은, 아파해도 아름다운 아이러니한 청춘의 연가곡을 만납니다.

가천대학교 교수로서 후학을 양성하며, 탁월한 해석력과 따뜻한 미성의 테너 진성원. 슈베르트가 작곡한 인간적인 고뇌와 청년의 모습을 성악적 깊이로 풀어내는 그의 목소리!

관록의 섬세한 터치의 피아니스트 최은주. 시냇물의 속삭임부터 청년의 휘몰아치는 심리 변화까지, 슈베르트 가곡의 정수를 피아노 선율로 구현하는 그녀의 반주!

KBS의 떠오르는 인재 김진웅 아나운서. 그의 흡입력 있는 목소리와 전달력으로 아름다운 물방앗간 아가씨의 문턱을 낮추는 가교 역할을 하는 신뢰감 있는 그의 해설!

“매일 밤 잠자리에 들 때마다, 나는 다시 깨어나지 않기를 바랍니다… 슬픔에 의해 만들어진 작품만이 사람들을 가장 즐겁게 할 수 있습니다…”
(1824년 슈베르트가 친구 쿠펠비저에게 보낸 편지 중)

슈베르트가 우리에게 남긴 ‘생의 의지‘에 관한 기록의 연가곡 “아름다운 물방앗간 아가씨”를 들려드립니다.


[PROGRAM]

Franz Schubert (1797–1828)
아름다운 물방앗간 아가씨 Die Schöne Mullerin D.795

I. Das Wandern 방랑
II. Wohin? 어디로?
III. Halt! 멈춰!
IV. Danksagung An Den Bach 시냇물에 감사
V. Am Feierabend 일과를 마치고
VI. Der Neugierige 호기심
VII. Ungeduld 초조
VIII. Morgengruss 아침 인사
IX. Des Mullers Blumen 물방앗간 청년의 꽃
X. Tränenregen 눈물비
XI. Mein! 나의 것!
XII. Pause 휴식
XIII. Mit Dem Grünen Lautenbande 초록 류트 끈
XIV. Der Jäger 사냥꾼
XV. Eifersucht Und Stolz 질투와 자존심
XVI. Die Liebe Farbe 좋아하는 색
XVII. Die Böse Farbe 싫어하는 색
XVIII. Trockne Blumen 말라버린 꽃
XIX. Der Müller Und Der Bach 물방앗간 청년과 시냇물
XX. Des Baches Wiegenlied 시냇물의 자장가","【剧情简介】

《青春摇篮曲》——舒伯特与21世纪青年共享的慰藉

舒伯特于1823年病榻之上，吟唱着希望与绝望。他笔下年轻磨坊主的漂泊，映照出我们生活在2026年的焦虑与孤独。我们邂逅了一部充满讽刺意味的青春歌曲集，其中失败并非不可饶恕，痛苦亦是美丽的。

男高音歌唱家金成元（音译），加川大学教授，致力于培养下一代，拥有卓越的诠释技巧和温暖动人的嗓音。他以深沉的嗓音，将舒伯特笔下的人性苦难与青春意象娓娓道来！

钢琴家崔恩珠（音译），技艺精湛，触键细腻。她的钢琴伴奏，从潺潺溪流的低语到少年内心翻涌的情感，完美诠释了舒伯特艺术歌曲的精髓！

KBS冉冉升起的新星播音员金镇雄。他可靠的解说如同桥梁，以其迷人的嗓音和演绎，拉近了与美丽的磨坊主女儿之间的距离！“每晚入睡时，我都希望自己不要再醒来……只有悲伤中创作的作品才能带给人们最大的快乐……”

（摘自舒伯特1824年写给朋友库佩尔维泽的信）

我们为您呈现舒伯特留给我们的歌曲集《美丽的磨坊主女儿》，记录了他“对生命的热爱”。

[节目单]

弗朗茨·舒伯特 (1797–1828)

美丽的磨坊主女儿 (Die Schöne Mullerin) D.795

I. Das Wandern (流浪)

II. Wohin? (去哪儿？)

III. Halt! (停！)

IV.感谢溪流 (Danksagung An Den Bach)

V. 一天之后 (Am Feierabend)

VI. 好奇心 (Der Neugierige)

VII. 急躁 (Ungeduld)

VIII. 早安问候 (Morgengruss)

IX. 磨坊主的花 (The Millman's Flower)

X. 泪雨 (Rain of Tears)

XI. 我的！ (Mine!)

XII. 暂停 (Pause)

XIII. 与绿色鲁特琴乐队 (With the Green Lute Band)

XIV. 猎人 (The Hunter)

XV. 嫉妒与骄傲 (Jeesy and Pride)

XVI. 最喜欢的颜色 (The Favorite Color)

XVII. 不喜欢的颜色 (The Disliked Color)

XVIII. 枯萎的花 (Withered Flower)

XIX. 磨坊主与溪流 (The Millman and the Stream)

XX. 溪流的摇篮曲 (The Stream's Lullaby)"
김대진 피아노 리사이틀,金大镇钢琴独奏音乐会
"[PROGRAM]

L. V. Beethoven (1770-1827)
Piano Sonata No.14 in c# minor, Op.27, No.2, “Moonlight”
Adagio sostenuto
Allegretto
Presto agitato

L. V. Beethoven (1770-1827)
Piano Sonata No.23 in f minor, Op.57, “Appassionata”
Allegro assai
Andante con moto
Allegro ma non troppo - Presto

Intermission

F. Schubert (1797-1828)
4 Impromptus, Op.90
No.1 in c minor
No.2 in Eb Major
No.3 in Gb Major
No.4 in Ab Major","[程序]

L.V. 贝多芬 (1770-1827)
c#小调第十四钢琴奏鸣曲，作品27，第二号，“月光”
慢板
快板
急速激动

L.V. 贝多芬 (1770-1827)
f小调第23钢琴奏鸣曲，作品57，“热情”
快板阿赛
摩托上的行板
Allegro ma non troppo - 急板

中场休息

F·舒伯特 (1797-1828)
4 即兴曲，作品 90
c小调第一号
Eb大调第二号
GB大调第三名
Ab大调第四名"
소프라노 황수미 리사이틀,黄秀美女高音独唱音乐会
"[PROGRAM]

R. Schumann: Frauenliebe und Leben, Op.42
슈만: 여인의 사랑과 생애, Op.42
1. Seit ich ihn gesehen 그이를 처음 본 순간부터
2. Er, der Herrlichste von allen 세상에서 가장 고귀한 그 남자
3. Ich kann’s nicht fassen 나는 믿을 수 없네
4. Du Ring an meinem Finger 내 손가락의 반지여
5. Helft mir, ihr Schwestern 자매들이여, 도와줘요
6. Sußer Freund, du blickest 사랑하는 그대, 그대는 바라보네
7. An meinem Herzen 내 마음에, 내 품에
8. Nun hast du mir den ersten Schmerz getan 그대 처음으로 내게 고통을 주었네

B. Britten: On this island, Op.11
브리튼: 이 섬에서, Op.11
1. Let the florid music praise! 화려한 음악이 찬미하게 하라
2. Now the leaves are falling fast 이제 나뭇잎은 빠르게 떨어지고
3. Seascape 바다 풍경
4. Nocturne 야상곡
5. As it is, plenty 지금 이대로도 충분히

INTERMISSION

사월의 노래 - 박목월 시, 김순애 곡
산유화 - 김소월 시, 김순남 곡

못잊어 - 김소월 시, 조혜영 곡
베틀노래 - 고정희 사, 이원주 곡

경상도 아리랑 - 민요, 이영조 곡
밀양아리랑 - 민요, 진규영 편곡

*프로그램은 사전고지 없이 변경될 수 있습니다.","[程序]

R.舒曼：《圣母与生活》，Op.42

舒曼：女人的爱情与生活，Op.42

1. Seit ich ihn gesehen 自从我第一次见到他以来

2. Er, der Herrlichste von Allen 世界上最高贵的人

3. Ich kann 的 nicht fassen 我简直不敢相信

4. Du Ring an meinem Finger O 戒指戴在我的手指上

5. Helft mir，ihr Schwestern 帮助我，我的姐妹们

6. Sußer Freund, du blickest 亲爱的，你凝视着我

7. 梅纳姆·赫尔岑 在我心里，在我怀里

8. Nun hast du mir den ersten Schmerz getan 你第一次给我带来痛苦

B.布里顿：在这个岛上，Op.11

布里顿：在这个岛上，Op.11

1.让华丽的乐声赞美！让辉煌的乐声赞美！

2. 落叶纷飞

3. 海景

4. 夜曲

5. 如此丰盛

中场休息

四月之歌 - 朴木月作词，金善爱作曲

山花 - 金素月作词，金善男作曲

难忘 - 金素月作词，赵慧英作曲

织歌 - 高正熙作词，李元柱作曲

庆尚道阿里郎 - 民歌，李英祖作曲

密阳阿里郎 - 民歌，晋圭英编曲

*节目如有更改，恕不另行通知。"
제188회 한국독일가곡연구회 정기연주회: 연가곡 시리즈 Ⅰ,韩国德国艺术歌曲协会第188届常设音乐会：艺术歌曲系列I
"[PROGRAM]

 Robert Alexander Schumann (1810-1856) 
Myrthen Op. 25 (1840)
  26곡 전곡
 
PAUSE 

Robert und Clara Schumann
 Zwölf Gedichte aus F. Rückert's Liebesfrühling für Gesang und Pianoforte von Op. 37

 1. Der Himmel hat eine Träne geweint Robert Schumann 

 2. Er ist gekommen in Sturm und Regen Clara Schumann 

 3. O ihr Herren   Robert Schumann

 4. Liebst du um Schönheit Clara Schumann

 6. Liebste, was kann denn uns scheiden? Robert Schumann 

 7. Schön ist das Fest des Lenzes, composed by Robert Schumann 

 8. Flügel! Flügel! um zu fliegen Robert Schumann

 9. Rose, Meer und Sonne Robert Schumann 

11. Warum willst du and're fragen, Clara Schumann 

12. So wahr die Sonne scheinet, composed by Robert Schumann","[程序]

 罗伯特·亚历山大·舒曼 (1810-1856) 
米尔森作品。 25 (1840)
  全部 26 首歌曲
 
暂停 

罗伯特和克拉拉·舒曼
 Zwölf Gedichte aus F. Rückert's Liebesfrühling für Gesang und Pianoforte von Op. 37

 1. 罗伯特·舒曼的《Der Himmel hat eine Träne geweint》 

 2.《风暴与复兴》中的克拉拉·舒曼 

 3. 罗伯特·舒曼先生

 4. 克拉拉·舒曼的自由之歌

 6. Liebste，是 kann denn uns scheiden 吗？罗伯特·舒曼 

 7. Schön ist das Fest des Lenzes，作曲：罗伯特·舒曼 

 8.天翼种！天翼种！罗伯特·舒曼

 9. 罗丝、我和儿子罗伯特·舒曼 

11. Warum willst du and're fragen，克拉拉·舒曼 

12. So wahr die Sonne scheinet，罗伯特·舒曼作曲"
"24시간 프로젝트 시즌9, 세악: 간효진, 주아연, 임우진, 문설윤, 신예훈",24小时计划第9季《Seak》：颜孝珍、朱雅妍、林宇珍、文雪润、申艺勋
"[PROGRAM]
Maurice Ravel (1875-1937)
String Quartet in F major, M.35

Ben Nobuto (b.1996)
CLICKBAIT(2019)
​
※ 프로그램은 연주자의 사정에 의해 변경될 수 있습니다.","【演出曲目】

莫里斯·拉威尔 (1875-1937)

F大调弦乐四重奏，M.35

本·诺布托 (生于1996年)

CLICKBIIT (2019)

※ 演出曲目可能因演奏者个人情况而有所调整。"
"24시간 프로젝트 시즌9, 이소민",《24小时计划》第九季，李昭旻
"[PROGRAM]
Franz Liszt (1811-1886)
Ballade No.2, S.171

Claude Debussy (1862-1918) 
Images, Book 1, L.110
1. Reflets dans l’eau
2. Hommage à Rameau
3. Mouvement 

Sergei Prokofiev (1891-1953)
Piano Sonata No.1, Op.1

Frédéric Chopin (1810-1849)
Mazurkas, Op.24 - 4. Moderato

※ 프로그램은 연주자의 사정에 의해 변경될 수 있습니다.","[程序]

弗朗茨·李斯特 (1811-1886)

第 2 号叙事曲，第 171 段

克劳德·德彪西 (1862-1918)

图片，第 1 册，L. 110

1. 淡水

2. 向拉莫致敬

3. 运动

谢尔盖·普罗科菲耶夫 (1891-1953)

第一钢琴奏鸣曲，作品。 1

弗雷德里克·肖邦 (1810-1849)

马祖卡舞曲，作品。 24 - 4. 中庸

※ 根据表演者的情况，节目可能会有所变更。"
오마주 투 쇼팽 (Hommage to Chopin),向肖邦致敬
"[공연소개]
낭만을 그렸던 작곡가, 프레데릭 쇼팽
그에게 바치는 단 한 번의 헌정!
2005 쇼팽 국제 피아노 콩쿠르 한국인 최초 공동 3위 ‘임동민’
2025 쇼팽 국제 피아노 콩쿠르 파이널리스트 ‘데이비드 흐리쿨리(David Khrikuli)’
오직 쇼팽의, 쇼팽에 의한, 쇼팽만을 위한 특별한 헌정 무대!

[PROGRAM]
David Khrikuli
쇼팽 – 폴로네이즈 올림 바단조, 작품번호 44
Chopin – Polonaise in F-sharp minor, Op.44

쇼팽 – 즉흥곡 3번 내림 사장조, 작품번호 51
Chopin – Impromptu No.3 in G-flat major, Op.51

쇼팽 – 왈츠 2번 내림 가장조, 작품번호 42
Chopin – Waltz in A-flat major, Op.42

쇼팽 – 프렐류드 올림 다단조, 작품번호 45
Chopin – Prelude in C-sharp minor, Op.45 

쇼팽 – 스케르초 2번 내림 나단조, 작품번호 31
Chopin – Scherzo No.2 in B-flat minor, Op.31

쇼팽 – 마주르카 다단조, 작품번호 56-3
Chopin – Mazurka in C minor, Op.56, No.3

쇼팽 – 스케르초 4번 마장조, 작품번호 54
Chopin – Scherzo No.4 in E major, Op.54

임동민
쇼팽 – 녹턴 1번 바장조, 작품번호 15-1
Chopin – Nocturne No.1 in F major, Op.15, No.1

쇼팽 – 녹턴 7번 올림 다단조, 작품번호 27-1
Chopin – Nocturne No.7 in C-sharp minor, Op.27, No.1

쇼팽 – 녹턴 16번 내림 마장조, 작품번호 55-2
Chopin – Nocturne No.16 in E-flat major, Op.55, No.2

쇼팽 – 녹턴 15번 바단조, 작품번호 55-1
Chopin – Nocturne No.15 in F minor, Op.55, No.1

쇼팽 – 녹턴 17번 나장조, 작품번호 62-1
Chopin – Nocturne No.17 in B major, Op.62, No.1 

* 본 프로그램은 연주자의 사정에 의해 예고없이 변경될 수 있습니다.","【音乐会介绍】

弗雷德里克·肖邦，浪漫的化身

一场献给他的特别致敬音乐会！

林东民，首位在2005年国际肖邦钢琴比赛中获得并列第三名的韩国选手

大卫·克里库利，2025年国际肖邦钢琴比赛决赛选手

一场完全献给肖邦的特别致敬音乐会，由肖邦创作，献给肖邦！

【曲目】

大卫·克里库利

肖邦 – 升F小调波兰舞曲，作品44号

肖邦 – 降G大调第三即兴曲，作品51号

肖邦 – 降A大调第二圆舞曲，作品42号

肖邦 – 升C小调前奏曲，作品45号

肖邦 – 降B小调第二谐谑曲，作品56号31

肖邦 – C小调玛祖卡舞曲，作品56之3

肖邦 – E大调第四谐谑曲，作品54

林东民

肖邦 – F大调第一夜曲，作品15之1

肖邦 – F大调第一夜曲，作品15之1

肖邦 – 升C小调第七夜曲，作品27之1

肖邦 – 升C小调第七夜曲，作品27之1

肖邦 – 降E大调第十六夜曲，作品55之2

肖邦 – 降E大调第十六夜曲，作品55之2

肖邦 – F小调第十五夜曲，作品55之2 55-1

肖邦 – F小调第十五夜曲，作品55之1

肖邦 – B大调第十七夜曲，作品62之1

* 本演出曲目可能因演奏者个人情况而有所变动，恕不另行通知。"
제208회 국립합창단 정기연주회: 하이든 천지창조,第208届全国合唱团例行音乐会：海顿《创世纪》
"[PROGRAM]
 Haydn, Die Schöpfung, Hob. XXI:2
 
• Part I.
 1. Prelude: Die Vorstellung des Chaos.
2. Aria and Chorus: Nun schwanden vor dem heiligen Strahle.
3. Recitative: Und Gott machte das Firmament.
4. Solo and Chorus: Mit Staunen sieht das Wunderwerk.
5. Recitative: Und Gott sprach: Es sammle sich das Wasser
6. Aria: Rollend in schäumenden Wellen.
7. Recitative: Und Gott sprach: Es bringe die Erde Gras hervor
8. Aria: Nun beut die Flur das frische Grün.
9. Recitative: Und die himmlischen Heerscharen verkündigten
10. Chorus: Stimmt an die Saiten.
11. Recitative: Und Gott sprach: Es sei`n Lichter an der Feste des Himmels
12. Accompanied recitative: In vollem Glanze steiget jetzt die Sonne.
13. Trio and Chorus: Die Himmel erzählen die Ehre Gottes. 

• Part II.
14. Recitative: Und Gott sprach: Es bringe das Wasser in der Fülle hervor
15. Aria: Auf starkem Fittiche schwinget sich der Adler stolz.
16. Recitative and Aria: Und Gott schuf große Walfisch.Recitative: Und die Engel rührten ihr` unsterblichen Harfen
17. Trio: In holder Anmut stehn.
18. Trio and Chorus: Der Herr ist groß in seiner Macht.
19. Recitative: Und Gott sprach: Es bringe die Erde hervor lebende Geschöpfe
20. Accompanied recitative: Gleich öffnet sich der Erde Schoß.
21. Aria: Nun scheint in vollem Glanze der Himmel.
22. Recitative: Und Gott schuf den Menschen
23. Aria: Mit Würd` und Hoheit angetan.
24. Recitative: Und Gott sah jedes Ding
25. Chorus: Vollendet ist das große Werk.
26. Trio: Zu dir, o Herr, blickt alles auf.
27. Chorus: Vollendet ist das große Werk. 

• Part III.
28. Accompanied recitative: Aus Rosenwolken bricht.
29. Duet and Chorus: Von deiner Güt`, o Herr und Gott.
30. Recitative: Nun ist die erste Pflicht erfüllt
31. Duet: Holde Gattin, dir zur Seite.
32. Recitative: O glücklich Paar, und glücklich immerfort
33. Trio and Chorus: Singt dem Herren alle Stimmen!","[程序]
 海顿，《Die Schöpfung》，《Hob》。二十一：2
 
• 第一部分。
 1. 前奏：混乱的前奏。
2. 咏叹调和合唱：就这样。
3.宣叙调：Und Gott machte das Firmament。
4. 独奏和合唱：Mit Staunen sieht das Wunderwerk。
5. 宣叙调：Und Gott sprach：Es sammle sich das Wasser
6. 咏叹调：《Schäumenden Wellen》中的罗伦德。
7. 宣叙调：Und Gott sprach：Es Bringe die Erde Gras hervor
8. 咏叹调：Nun beut die Flur das frische Grün。
9. 宣叙调：Und die Himmlischen Heerscharen verkündigten
10. 合唱：Stimt an die Saiten。
11.宣叙调：Und Gott sprach：Es sei`n Lichter an der Feste des Himmels
12. 伴奏：In vollem Glanze steiget jetzt die Sonne。
13. 三重奏和合唱：Die Himmel erzählen die Ehre Gottes。 

• 第二部分。
14. 宣叙调：Und Gott sprach：Es Bringe das Wasser in der Fülle hervor
15. Aria：Auf starkem Fittiche schwinget sich der Adler stolz。
16. 宣叙调和咏叹调：Und Gott schuf große Walfisch.宣叙调：Und die Engel rührten ihr` unsterblichen Harfen
17. 三重奏：支架为 Anmut stehn。
18. 三重奏和合唱：Der Herr ist groß in seiner Macht。
19. 宣叙调：Und Gott sprach：Es Bringe die Erde hervor lebende Geschöpfe
20. 伴奏：Gleich öffnet sich der Erde Schoß。
21. 咏叹调：Nun scheint in vollem Glanze der Himmel。
22. 宣叙调：Und Gott schuf den Menschen
23. 咏叹调：Mit Würd` und Hoheit angetan。
24.宣叙调：Und Gott sah jedes Ding
25. 合唱：Vollendet ist das große Werk。
26. 三重奏：Zu dir, o Herr, blickt alles auf。
27. 合唱：Vollendet ist das große Werk。 

• 第三部分。
28. 伴奏宣叙调：Aus Rosenwolken bricht。
29. 二重唱和合唱：Von deiner Güt`, o Herr und Gott。
30.宣叙调：Nun ist die erste Pflicht erfüllt
31. 二重奏：霍尔德·加丁，导演：塞特。
32. 宣叙调：O glücklich Paar, und glücklich immerfort
33. 三重奏和合唱：Singt dem Herren alle Stimmen！"
"UNDERCITY presents, Jeremy Olander 내한공연: 제레미 올랜더 When The Rain Falls 앨범 투어",UNDERCITY 荣誉呈现：杰里米·奥兰德韩国演唱会：杰里米·奥兰德《雨落之时》专辑巡回演唱会
언더시티 UNDER CITY) (언더시티 (B1),城市之下) (城市之下 (B1)
서울 성동구 성수이로22길 61,首尔市城东区城水路22街61
"[공연소개]

UNDERCITY의 Soft Opening을 함께 열었던 Jeremy Olander가 1년 만에 다시 성수를 찾는다. 이번에는 단 한 번의 Set이 아닌, 밤의 시작부터 끝까지의 흐름을 하나의 서사로 완성하는 Open to Close ? All Night Long Set (6시간)으로 무대를 채운다.

Eric Prydz의 Pryda Friends를 통해 데뷔한 이후, Drumcode, Anjunadeep, Diynamic 등 세계적인 레이블을 넘나들며 그는 멜로딕 하우스와 테크노 신에서 가장 신뢰받는 프로듀서로 자리매김해왔다. 섬세한 사운드 디자인과 감정과 구조를 동시에 설계하는 셋 구성은 그의 가장 큰 시그니처다. 2014년 설립한 자신의 레이블 Vivrant를 통해 아티스트이자 큐레이터로서의 정체성도 확립해왔다.

이번 공연은 단순한 내한 공연이 아닌, Vivrant Showcase이자 그의 데뷔 앨범 When The Rain Falls 시대를 여는 상징적인 밤이다. 오는 3월 13일 발매되는 이 앨범은, 수년간의 예술적 진화와 삶의 변화를 담아낸 그의 가장 개인적이고 성찰적인 작품이다.

When The Rain Falls는 클럽을 위한 기능적 트랙이 아닌, ‘듣는 음악’으로서의 전자음악을 지향한다. 자신의 경험과 감정에 기반해 완성된 이 앨범은 Jeremy Olander가 새롭게 정의한 사운드의 방향성을 보여준다.

첫 싱글 ‘Apollo’를 시작으로 펼쳐지는 앨범의 세계관은 시네마틱한 사운드와 선명한 감정선을 중심으로, 다양한 협업을 통해 확장된 그의 음악적 스펙트럼을 드러낸다. 기존 프로그레시브 하우스를 넘어, 보다 성숙하고 서사적인 사운드로 진화한 전환점이다.
UNDERCITY에서 펼쳐질 이번 Open to Close Set은 그의 커리어와 앨범 서사, 그리고 Vivrant의 철학이 하나로 연결되는 순간이다. 이 밤은 그의 음악과 함께 성장해온 팬들에게, 오랫동안 기억될 특별한 경험으로 남을 것이다.","【演出介绍】

曾与他人共同主持 UNDERCITY 试营业的 Jeremy Olander 时隔一年重返圣水。此次，他将不再带来单一的演出，而是以“从开场到落幕——通宵演出”（6 小时）填满整个舞台，将夜晚从始至终串联成一个完整的故事。

自通过 Eric Prydz 的 Pryda Friends 厂牌出道以来，他曾与 Drumcode、Anjunadeep 和 Diynamic 等世界知名厂牌合作，并确立了自己在旋律浩室和电子音乐领域最受信赖的制作人之一的地位。他最显著的标志是其精妙的声音设计和舞台编排，巧妙地将情感与结构融为一体。通过他于 2014 年创立的个人厂牌 Vivrant，他也确立了自己作为艺术家和策展人的双重身份。

此次演出不仅是一次韩国之行，更是一场 Vivrant 的专场演出，也是一个象征性的夜晚，开启了他首张专辑《When The Rain Falls》的时代。这张将于3月13日发行的专辑是他迄今为止最具个人风格和反思性的作品，记录了他多年来的艺术演变和人生变迁。

《When The Rain Falls》旨在打造“值得聆听”的电子音乐，而非仅仅为夜店打造的流行舞曲。这张专辑以他自身的经历和情感为基础，展现了Jeremy Olander全新定义的音乐方向。

专辑的世界观从首支单曲《Apollo》开始展开，通过与众多音乐人的合作，展现了他更为广阔的音乐领域，其核心在于电影般的音效和鲜明的情感表达。这标志着他音乐风格的转变，他从传统的前卫浩室音乐走向了更加成熟和叙事性的音乐。

在UNDERCITY举办的“Open to Close Set”将他的音乐生涯、专辑叙事以及Vivrant的音乐理念完美融合。对于与他的音乐一同成长的乐迷来说，这将是一个值得长久铭记的特别夜晚。"
독일 슈투트가르트 필하모닉 오케스트라 첫 내한공연,德国斯图加特爱乐乐团在韩国的首场演出
"[PROGRAM]

베토벤 에그몬트 서곡
L. v. Beethoven Egmont Overture, Op. 84
베토벤 삼중협주곡
L. v. Beethoven Triple Concerto in C Major, Op. 56 
베토벤 교향곡 제4번
L. v. Beethoven Symphony No. 4 in B-flat Major, Op. 60 

*프로그램 및 연주자가 변경될 수 있습니다.","【演出曲目】

贝多芬《埃格蒙特》序曲

贝多芬《埃格蒙特》序曲，作品84号

贝多芬三重协奏曲

贝多芬C大调三重协奏曲，作品56号

贝多芬第四交响曲

贝多芬降B大调第四交响曲，作品60号

*演出曲目及表演者如有变更，恕不另行通知。"
"제209회 국립발레단 정기공연, 백조의 호수",韩国国家芭蕾舞团第209次常规演出：《天鹅湖》
"[시놉시스]
 
 1막 1장

궁전 안. 오늘은 왕자의 20세 생일날이다. 궁정의 처녀들과 즐겁게 춤을 추는 왕자와 친구들. 이때 여왕이 등장해 왕자가 성인이 된 것을 축하하며 선물로 칼을 준다. 사람들이 나간 후 혼자 남은 지그프리트 왕자는 알 수 없는 어떤 힘이 자꾸만 자신을 어디론가 인도하는 것을 느낀다. 

1막 2장

알 수 없는 힘에 이끌려 다다른 곳은 숲 속의 호숫가. 왕자는 호숫가에서 인간의 모습으로 변하는 백조들을 발견한다. 지그프리트 왕자는 그 중 가장 아름다운 오데트 공주에게 반한다. 그녀는 자신들은 천재적인 악마의 저주에 의해 낮에는 백조, 밤에는 사람으로 변하는 신세를 하소연하면서 이 저주의 마법에서 풀리려면 한 사람의 변치 않는 사랑을 받아야 한다고 말한다. 왕자는 사랑의 맹세를 하고 다음 날 있을 무도회에서 그녀와 결혼을 발표하기로 약속하고 헤어진다

2막 1장

궁전 무도회장. 왕자는 오데트가 오기 기다리면서 손님들을 맞는다. 왕자를 위해 폴란드, 러시아, 스페인, 헝가리, 나폴리에서 초대된 공주들 가운데 신부감을 고를 것을 종용 받지만 왕자는 별 뜻이 없다. 그때 악마가 자신의 딸 오딜을 데리고 등장한다. 오데트와 닮은 오딜에게 왕자는 달려간다. 악마는 이제부터 왕자의 감정을 시험하기 시작한다. 흑조 오딜의 매력에 빠져 왕자는 그녀와의 결혼을 발표한다. 이때 갑자기 어둠이 밀려오며 절망에 빠진 오데트의 환영이 나타난다. 왕자는 그제서야 자신이 운명의 장난에 놀아난 것을 깨닫고 백조의 호수가로 달려간다.  

2막 2장

호숫가. 왕자의 배신으로 영원히 백조로 살게 되었다며 오데트가 백조들에게 슬픈 소식을 전한다. 용서를 빌기 위해 달려온 왕자. 그러나 악마는 그를 오데트와 갈라놓기 위해 계속 방해를 한다. 왕자는 운명에 맞서 싸우려 하지만 악마의 힘은 대단하다. 그때 오데트가 왕자에게 당신을 용서한다고 말하는 순간 그들의 사랑이 악마의 악한 힘을 이겨내는 기적이 일어난다.","【剧情简介】

第一幕，第一场

宫殿内。今天是王子的二十岁生日。王子和他的朋友们正与宫廷侍女们欢快地跳舞。这时，王后出现，祝贺王子成年，并赠予他一把宝剑。众人离去后，只剩下齐格弗里德王子一人，他感到一股神秘的力量不断引领他前往某个地方。

第一幕，第二场

在神秘力量的指引下，他来到森林中的湖边。在那里，王子发现了可以化身为人的天鹅。齐格弗里德王子爱上了其中最美丽的奥杰塔公主。公主哀叹他们的命运，解释说他们被一个天才恶魔诅咒，白天变成天鹅，夜晚变成人。她告诉王子，要解除诅咒，他们必须得到一个人永恒不变的爱。王子发誓要爱她，并承诺在第二天的舞会上宣布他们的婚讯，然后两人就此告别。

第二幕，第一场

宫廷舞厅。王子一边迎接宾客，一边等待奥杰塔的到来。众人劝说王子从来自波兰、俄罗斯、西班牙、匈牙利和那不勒斯的公主中挑选一位新娘，但他却兴致缺缺。这时，魔鬼带着他的女儿奥吉莉娅出现。王子急忙走向奥吉莉娅，因为她长得酷似奥杰塔。魔鬼开始试探王子的内心。王子被黑天鹅奥吉莉娅的魅力所吸引，宣布要娶她为妻。就在这时，黑暗突然降临，奥杰塔绝望的幻影出现在眼前。王子这才意识到自己被命运捉弄，于是奔向天鹅湖。

第二幕，第二场

湖边。奥杰塔向天鹅们宣布了这个悲伤的消息：由于王子的背叛，她将永远沦为天鹅。王子急忙恳求奥杰塔的原谅。然而，魔鬼却不断从中作梗，试图拆散王子和奥杰塔。王子努力与命运抗争，但魔鬼的力量强大无比。就在这时，奥杰塔向王子表示原谅他，奇迹发生了，他们的爱情战胜了魔鬼的邪恶力量。"
소프라노 이정은 독창회,女高音歌唱家李贞恩独唱音乐会
서울 영등포구 여의공원로 101,首尔特别市永登浦区汝矣公园路 101
"[Program]

Alessandro Scarlatti (1660-1725)
Le violette
Già il sole dal Gange

Robert Schumann (1810–1856)
<Lieder und Gesänge aus Wilhelm Meister>
1. Mignon
2. Nur wer die Sehnsucht kennt
3. Heiß mich nicht reden, heiß mich schweigen
4. So laßt mich scheinen, bis ich werde

Henri Duparc (1848–1933)
Chanson triste
L’invitation au voyage
Le manoir de Rosemonde

————— Intermission —————

김동진 (1913–2009)
봄이 오면
진달래꽃
수선화
신아리랑

Giacomo Puccini (1858–1924)
Un bel dì, vedremo
from Opera “Madama Butterfly”

Sola, perduta, abbandonata
from Opera “Manon Lescaut”","[程序]

亚历山德罗·斯卡拉蒂 (1660-1725)
紫罗兰
一切都与甘歌有关

罗伯特·舒曼 (1810–1856)
<威廉·梅斯特的歌曲与歌>
1. 牛排
2. Nur wer die Sehnsucht kennt
3. Heiß mich nicht reden, heiß mich schweigen
4. 没错，bis ich werde

亨利·杜帕克 (1848–1933)
悲伤之歌
旅行的邀请
罗斯蒙德庄园

—————— 中场休息 ——————

金东镇 (1913–2009)
当春天来临时
杜鹃花
水仙花
申阿里郎

贾科莫·普契尼(1858–1924)
Un bel dì, vedremo
选自歌剧《蝴蝶夫人》

索拉、佩杜塔、阿班多纳塔
选自歌剧《玛侬·莱斯科》"
"롤링 31주년 기념공연, 맥거핀 단독 콘서트: MR.EXHIBITION",罗琳诞辰31周年纪念音乐会，麦格芬独奏音乐会：展览先生
"[공연소개]

다양한 서스펜스를 트렌디하면서 클래식하게 풀어나가는 팝 락 밴드 '맥거핀'
〈맥거핀 단독 콘서트 ‘MR.EXHIBITION’ : 롤링 31주년 기념공연〉","【演唱会介绍】

“McGuffin”，一支以时尚经典风格演绎各种悬念的流行摇滚乐队

〈McGuffin 个人演唱会 ‘MR.EXHIBITION’：31周年纪念演唱会〉"
브라스로 만나는 영화음악 [성남],铜管电影音乐 [城南]
"[공연소개]
브라스로 만나는 영화음악
CINEMA OST

영화는 추억으로, 음악은 브라스로,
브라스라떼와 함께 떠나는 귀와 마음에 남는 특별한 영화음악 여행.

포근함과 화려함을 동시에 연주하는 여성 브라스 앙상블 브라스라떼.

피노키오 OST ‘When You Wish Upon a Star’를 서두로 지브리와 디즈니 등 친숙한 애니메이션 메들리,
 영화 해리포터, 스타워즈 모음곡까지, 추억과 설렘을 깨우는 명곡들을 화려한 브라스 사운드로 만나실 수 있습니다.

무대 위로 펼쳐지는 영화음악, 그 선율을 따라 영화 속 장면과 감동을 다시 느껴보세요.

[PROGRAM]
When You Wish Upon a Star 별을 보고 소원을 빌었을 때

The Pink Panther Theme 핑크 팬더 테마곡

Fly Me to the Moon 플라이 미 투 더 문

Misty 엷은 안개

Latin Ghibli Medley 라틴 지브리 메들리

Disney Medley 디즈니 메들리 

ＩＮＴＥＲＭＩＳＳＩＯＮ

Harry Potter 해리포터 모음곡

Libertango 리베르 탱고

Mission: Impossible Theme 미션 임파서블 테마

My Heart Will Go On 내 사랑은 계속될 거예요
- from the Movie ‘Titanic’

Star Wars 스타워즈 모음곡","【演出介绍】

铜管乐演绎电影音乐

电影原声带

电影，记忆，铜管乐。

Brass Latte 铜管乐团将带您踏上一段特别的电影音乐之旅，让美妙的旋律萦绕耳畔，久久难忘。

Brass Latte 是一支由女性组成的铜管乐团，她们的演奏温暖而华丽。

演出从《木偶奇遇记》原声带中的《当你向星星许愿》开始，随后是吉卜力工作室和迪士尼经典动画的串烧，

甚至还有《哈利·波特》和《星球大战》系列的组曲，您将通过华丽的铜管乐声，体验唤醒记忆和激情的经典之作。

跟随舞台上电影音乐的旋律，重温电影中的场景和情感。

【节目单】

当你向星星许愿

粉红豹主题曲

带我飞向月球

迷雾

吉卜力拉丁组曲

迪士尼组曲

中场休息

哈利·波特组曲

自由探戈

碟中谍主题曲

我心永恒

——选自电影《泰坦尼克号》

星球大战组曲"
제207회 국립합창단 정기연주회: 모차르트 c단조 대미사,第207届全国合唱团例行音乐会：莫扎特C小调弥撒曲
"[PROGRAM]
 Mozart, Great Mass in c minor, K. 427 
 Kyrie
Gloria
Credo
Sanctus
Benedictus
Agnus Dei","[程序]
 莫扎特，c小调弥撒，K. 427 
 凯里
格洛丽亚
信条
圣哉
本笃会
阿格努斯·德伊"
전설 여우신,传说中的狐神
대구어린이회관 꾀꼬리극장,大邱儿童会馆夜莺剧场
"[공연소개]

본 공연은 우리 구전 설화의 깊은 울림을 서정적인 선율과 판타지로 풀어낸 무대,
우정과 사랑, 권선징악의 가치를 신명 나게 그려낸 한국형 판타지 뮤지컬입니다.","【演出介绍】

本演出是一部韩式奇幻音乐剧，通过优美的旋律和奇幻的剧情，展现了我们口头民间故事的深厚内涵，

并生动地描绘了友谊、爱情以及奖善惩恶的价值观。"
팝페라테너 임형주 신춘독창회: Popera Sensation!,流行歌剧男高音林亨柱春季独唱音乐会：流行歌剧轰动！
"[공연소개]

지난 2023년 9월, 서울 세종문화회관 대극장에서 성대하게 펼쳐진 ‘데뷔 25주년 기념 독창회 <King Of Popera - 킹 오브 팝페라>’ 이후 ‘원조 팝페라 스타’ 임형주(40, 로마시립예술대학 성악과 석좌교수)가 3년만에 갖는 서울 유료 독창회!

 
한국인 최초 UN 평화메달 수상, 미국 카네기홀 3대홀 솔로 공연으로 완전 정복, 세계 4대 음반사 독집음반 유통계약 체결, 일본 NHK '홍백가합전', 미국 오바마&트럼프 대통령상 모두 수상, 미국 그래미상 투표인단 겸 심사위원, 프란치스코 교황 단독알현 및 공연, 영국왕립예술학회 종신 석학회원 및 영국 왕실 FRSA 공칭 수여, 대한민국 대통령표창 및 역대 최연소 국민훈장 동백장 수훈 등 그야말로 한국이 낳은 팝페라의 전설 임형주가 오는 3월 20일 저녁 7시 30분 서울 여의도 영산아트홀에서 'Popera Sensation(팝페라 센세이션 - 팝페라의 감동)!'이라는 부제를 달고 신춘독창회를 갖는다.

 
이번 공연에서 임형주는 자신이 오랜 기간 음악감독으로 재직하고 있는 코리안 내셔널 필하모닉 앙상블의 환상적인 반주로 ‘천개의 바람이 되어‘, ’행복하길 바래(KBS 쾌걸춘향 OST)’를 비롯해 클래식, 팝, 뮤지컬, 가요 거기에 스페셜 7080 댄스곡까지 단아하고도 화려하고 서정적이면서도 웅장한 '팝페라의 진수'를 관객들에게 선보일 예정이다.

 
최근 EBS <서장훈의 이웃집 백만장자>, KBS <100인의 감정쇼 : 더 시그니처>, 채널A <4인용식탁>, TV조선 <아빠하고 나하고> 등의 그의 신비주의를 걷어낸 친근한 모습과 한층 가까워진 아름답고 정겨운 노래에 많은 대중들의 귀추가 주목될 것임이 틀림없다.


[프로그램]

1,쇼스타코비치 왈츠 2번(오케스트라 연주곡)
연주:코리안 내셔널 필하모닉 오케스트라

 
2,Ave Maria(아베 마리아)
팝페라테너 임형주/연주:코리안 내셔널 필하모닉 오케스트라

 
3,Memory(뮤지컬 ‘캣츠’)
팝페라테너 임형주/연주:코리안 내셔널 필하모닉 오케스트라

 
4,A Time For Us(영화 ‘로미오와 줄리엣’)
팝페라테너 임형주/연주:코리안 내셔널 필하모닉 오케스트라

 
5,One Summer Night(영화 ‘원 썸머 나잇’ 오케스트라 연주곡)
연주:코리안 내셔널 필하모닉 오케스트라

 
6,Una Furtiva Lagrima(오페라 ‘사랑의 묘약’)
팝페라테너 임형주/연주:코리안 내셔널 필하모닉 오케스트라

 
7,그리운 금강산(한국가곡)
팝페라테너 임형주/연주:코리안 내셔널 필하모닉 오케스트라

 
8,O Sole Mio(나폴리 민요)
팝페라테너 임형주/연주:코리안 내셔널 필하모닉 오케스트라



INTERMISSION


9,Overture(서곡)
팝페라테너 임형주/연주:코리안 내셔널 필하모닉 오케스트라

 
10,Un Bel Di(오페라 ‘나비부인’)
팝페라테너 임형주/연주:코리안 내셔널 필하모닉 오케스트라

 
11,Nella Fantasia(영화 ‘미션’)
팝페라테너 임형주/연주:코리안 내셔널 필하모닉 오케스트라

 
12,브람스 헝가리 무곡 5번
연주:코리안 내셔널 필하모닉 오케스트라

 
13,Can't Take My Eyes Off You
팝페라테너 임형주/연주:코리안 내셔널 필하모닉 오케스트라

 
14,Special Time(7080 디스코 메들리)
팝페라테너 임형주


15,I Dreamt I Dwelt In Marble Halls(오페라 ‘보헤미안 걸’)
팝페라테너 임형주/연주:코리안 내셔널 필하모닉 오케스트라

 
16,Tonight(뮤지컬 ‘웨스트 사이드 스토리’)
팝페라테너 임형주/연주:코리안 내셔널 필하모닉 오케스트라


*해당 공연 프로그램은 공연자의 사정에 따라 바뀔 수 있습니다.","【音乐会介绍】

这是“初代流行歌剧明星”林亨柱（40岁，罗马市立艺术学院声乐系主任教授）三年来在首尔举办的首场付费独唱音乐会。此前，他于2023年9月在首尔世宗文化会馆大剧院举办了盛大的“25周年独唱音乐会《流行歌剧之王》”！

韩国流行歌剧界的传奇人物林亨柱（Lim Hyung-joo）——他的成就包括：成为首位获得联合国和平勋章的韩国人；在美国卡内基音乐厅三大主要音乐厅举办独唱音乐会；与世界四大唱片公司签署个人专辑发行合同；荣获日本NHK“红白歌合战”奖项、奥巴马总统奖和特朗普总统奖；担任美国格莱美奖的评委和投票人；与教皇方济各进行私人会面和演出；获得英国皇家艺术学会终身会员称号并获英国王室授予FRSA头衔；获得韩国总统嘉奖；以及成为韩国人民功勋勋章——山茶花勋章最年轻的获得者——将于3月20日晚上7点30分在首尔汝矣岛的荣山艺术中心举办名为“流行歌剧的激情（Popera Sensation）！”的春季独唱音乐会。在本次演出中，林亨柱将携手他长期担任音乐总监的韩国国立爱乐乐团，为观众呈现“流行歌剧的精髓”——优雅而华丽，抒情而恢弘。演出曲目涵盖古典、流行、音乐剧和韩国民谣，以及特别的70、80年代舞曲。

林亨柱近期在EBS的《徐章勋的百万富翁邻居》、KBS的《The Signature：100人的情感秀》、Channel A的《四人餐桌》以及TV朝鲜的《爸爸和我》等节目中的亮相，以及他那些更加动人、温暖人心的歌曲，无疑将展现他平易近人的一面，赢得观众的喜爱。 【节目单】

1. 肖斯塔科维奇第二圆舞曲（管弦乐曲）

演奏：韩国国立爱乐乐团

2. 圣母颂

流行男高音林亨柱 / 演奏：韩国国立爱乐乐团

3. 回忆（音乐剧《猫》）

流行男高音林亨柱 / 演奏：韩国国立爱乐乐团

4. 我们的时光（电影《罗密欧与朱丽叶》）

流行男高音林亨柱 / 演奏：韩国国立爱乐乐团

5. 夏夜（电影《夏夜》管弦乐曲）

演奏：韩国国立爱乐乐团

6. 偷洒一滴泪（歌剧《爱的甘醇》）

流行男高音林亨柱 / 演奏：韩国国立爱乐乐团爱乐乐团

7. 金刚山（韩国艺术歌曲）

歌剧男高音林亨柱 / 演奏：韩国国立爱乐乐团

8. 我的太阳（那不勒斯民歌）

歌剧男高音林亨柱 / 演奏：韩国国立爱乐乐团

中场休息

9. 序曲

歌剧男高音林亨柱 / 演奏：韩国国立爱乐乐团

10. 晴朗的一天（歌剧《蝴蝶夫人》）

歌剧男高音林亨柱 / 演奏：韩国国立爱乐乐团

11. 幻想曲（电影《碟中谍》）

歌剧男高音林亨柱 / 演奏：韩国国立爱乐乐团

12. 勃拉姆斯第五号匈牙利舞曲

演奏：韩国国立爱乐乐团管弦乐团

13. 无法移开视线

歌剧男高音林亨柱 / 演奏：韩国国立爱乐乐团

14. 特别时光（7080迪斯科组曲）

歌剧男高音林亨柱

15. 我梦见我住在大理石厅堂（歌剧《波西米亚女孩》）

歌剧男高音林亨柱 / 演奏：韩国国立爱乐乐团

16. 今夜（音乐剧《西区故事》）

歌剧男高音林亨柱 / 演奏：韩国国立爱乐乐团

*演出曲目可能因演出人员情况而有所调整。"
폴 코니쉬 솔로 피아노 콘서트,保罗·康尼什钢琴独奏音乐会
재즈인연구소,爵士乐学院
세종특별자치시 시청대로 167(보람동),世宗特别自治市（宝岩洞）市城大路167号
"[공연소개]

재즈 음반 레코드 레이블로 대중적인 인기는 물론 예술적인 성취의 측면에서 재즈 매니아들에게 블루노트(Blue Note) 가 가지는 상징성은 매우 크다. 블루노트에서 야심차게 영입한 신예 피아니스트 폴 코니쉬는 현재 미국 모던 색소폰의 거장 조슈아 레드맨의 밴드에서 활동하고 있으며, 그의 데뷔작이 블루노트에서 2025년에 발매되었다.

다수의 매체에서는 그의 데뷔작 <You're Exaggerating!>을 두고 블루노트가 다시한번 신선한 아이디어를 가진 새로운 아티스트를 찾는데 안목을 발휘하였다고 평가하며, 파이낸셜 타임즈는 “Blue Note strikes again” (블루노트가 다시 습격했다) 라는 헤드라인으로 블루노트와 폴 코니쉬의 조합을 평가했다. 블루노트의 수장인 돈 워스는 2025년 방한당시 인터뷰를 통해 재즈 리스너들이 새로 주목해야 하는 “매우 깊이 있는 차세대 연주자”라고 그를 연급하였다.

비밥의 거장 버드 파웰과 델로니우스 몽크를 연상시키는 고전적인 밥에서부터 제이슨 모란, 로버트 글래스퍼 등의 모던 피아니스트의 계보를 잇는 포스트밥 크리에이티브 재즈에 이르기까지, 폴 코니쉬 솔로 피아노 콘서트는 블루노트의 위대한 유산에 자신만의 독창적인 색채를 더해, 서정적이면서도 파워풀한 사운드의 연주로 21세기 모던 재즈 피아니즘의 정수를 느껴볼 수 있는 특별한 공연이 될 것이다.","【音乐会介绍】

作为一家爵士唱片公司，Blue Note 对爵士乐爱好者而言具有极其重要的象征意义，不仅体现在其大众影响力上，更体现在其艺术成就上。保罗·康尼什（Paul Cornish）是一位冉冉升起的钢琴家，被 Blue Note 雄心勃勃地发掘。他目前活跃于美国现代萨克斯风演奏家约书亚·雷德曼（Joshua Redman）的乐队中，其首张专辑于 2025 年由 Blue Note 发行。

众多媒体对他的首张专辑《You're Exaggerating!》赞不绝口，指出 Blue Note 再次展现了其发掘具有创新理念的新锐艺术家的独到眼光。《金融时报》以“Blue Note 再次出手”为题，对 Blue Note 与保罗·康尼什的合作进行了评价。在 2025 年访问韩国后的一次采访中，Blue Note 的负责人唐·沃斯（Don Wirth）称他为“一位极具深度的新一代音乐家”，值得爵士乐听众重新关注。

从让人想起比波普大师巴德·鲍威尔和塞隆尼斯·蒙克的古典比波普，到延续杰森·莫兰和罗伯特·格拉斯珀等现代钢琴家风格的后比波普创意爵士乐，保罗·康尼什的独奏钢琴音乐会将是一场特别的演出，您可以通过抒情而有力的声音体验 21 世纪现代爵士钢琴的精髓，为蓝调之音的伟大遗产增添他独特的色彩。"
"이정호 & 부산청년국악관현악단, 웨이브x: 송현민의 국악 내비게이션",李正浩与釜山青年韩国传统音乐管弦乐团，Wavve x：宋贤敏的韩国传统音乐导航
대전 서구 둔산대로 181,大田西区屯山大路 181
"[프로그램]

1) 청년을 위한 서곡(이정호 작곡)
2) 대금협주곡 ‘내면으로부터’(이정호 작곡, 대금 협연 류근화 경북대 교수)
3) 창부타령 주제에 의한 피리협주곡(박범훈 작곡, 피리 협연 김성준 부산대 교수)
※ 한국민요를 소재로 한 피리 협주곡. ‘아리랑’이 2012년 유네스코 인류무형문화유산 대표목록에 등재
4) 불의 계곡(이창희 작곡, 협연 신민속악회 바디(6명))
※ 전통의 현대화와 후속세대(청년)를 중시하는 유네스코의 덕목을 창작곡과 청년 협연진으로 가시화
5) 판굿과 국악관현악 ‘신모듬’(박범훈 작곡, 협연 연희퍼포머그룹 처랏(6명))
※ 전통의 현대화와 후속세대(청년)를 중시하는 유네스코의 덕목을 창작곡과 청년 협연진으로 가시화
6) 국악관현악 '뺑더가' ( 협연 소리꾼 이선명) 
* 프로그램은 변경될 수 있음.","【节目单】

1）《青春序曲》（李正浩作曲）

2）《大笒协奏曲“由内而外”》（李正浩作曲，庆北大学柳根华教授演奏大笒）

3）《昌府塔灵主题皮里协奏曲》（朴凡勋作曲，釜山大学金成俊教授演奏皮里）

※ 皮里协奏曲，以韩国民歌为基础。 《阿里郎》于2012年被列入联合国教科文组织人类非物质文化遗产代表作名录。

4) 火焰谷（李昌熙作曲，新民俗歌巴迪乐团（6人）演奏）

※ 通过原创作品和青年乐团的合作，展现联合国教科文组织重视传统现代化和培养下一代（青年）的理念。

5) 盘古琴与韩国传统管弦乐团“新模巽”（朴范勋作曲，延熙表演团体“哲拉特”（6人）演奏）

※ 通过原创作品和青年乐团的合作，展现联合国教科文组织重视传统现代化和培养下一代（青年）的理念。

6) 韩国传统管弦乐团“白头翁”（歌手李善明）

* 节目安排可能有所变动。"
전설 여우신 [서울 도봉],传说中的狐神 [首尔道峰]
도봉구민회관 대강당(하모니홀),道峰区社区中心主礼堂（和谐厅）
"[공연소개]

본 공연은 우리 구전 설화의 깊은 울림을 서정적인 선율과 판타지로 풀어낸 무대,우정과 사랑, 권선징악의 가치를 신명 나게 그려낸 한국형 판타지 뮤지컬입니다.","【演出介绍】

本演出为韩式奇幻音乐剧，以优美的旋律和奇幻的剧情，展现了我们口头民间故事的深厚内涵，生动地描绘了友情、爱情以及奖善惩恶的价值观。"
금난새와 함께하는 마티네 콘서트 Ⅳ: 엘가 [공주],与金兰世的午后音乐会 IV：埃尔加 [公主]
"[프로그램]

E. elgar - Cello concerto in e minor, Op. 85
엘가  첼로 협주곡 마단조, 작품 85
 
E. elgar - Serenade for Strings in e minor, Op. 20 중 외
엘가  현을 위한 세레나데, 작품 20 중
 
※ 상기 프로그램은 출연진의 사정에 의해 변경될 수 있습니다.","【演出曲目】

埃尔加 - E小调大提琴协奏曲，作品85号

埃尔加 - E小调弦乐小夜曲，作品20号及其他作品

埃尔加 - 弦乐小夜曲，作品20号

※ 以上演出曲目可能因演出人员情况而有所调整。"
"이정은, 최현아 피아노 듀오 리사이틀",李贞恩、崔贤雅钢琴二重奏音乐会
"[Program]

W. A. Mozart/E. Grieg
Piano Sonata No.16, K.545 arr. for two pianos

P. Dukas
L`apprenti Sorcier

F. Liszt
Hungarian Rhapsody No.2 for two pianos

intermission

S. Prokofiev/M. Pletnev
Cinderella Suite for two pianos","[节目单]

沃尔夫冈·阿玛多伊斯·莫扎特/埃里克·格里格

第十六钢琴奏鸣曲，K.545，双钢琴改编版

彼得·杜卡斯

魔法学徒

弗雷德里克·李斯特

第二号匈牙利狂想曲（双钢琴）

中场休息

谢尔盖·普罗科菲耶夫/马歇尔·普列特涅夫

灰姑娘组曲（双钢琴）"
"공주, 안동 자매도시 교류음악회: 환희의 송가 [공주]",公州、安东姐妹城市交流音乐会：欢乐颂 [公州]
"[공연소개]

백제의 고도 공주와 정신문화의 수도 안동,
시대를 넘어 예술로 하나 되는 벅찬 감동의 순간
 
고난을 넘어 환희로!
두 자매도시가 전하는 희망의 메시지! 겨울의 문턱에서 웅장한 울림으로 무대를 채울 특별한 공연이 펼쳐진다.
공주시와 안동시의 자매결연을 기념하고 양 도시의 우호를 다지기 위해 마련된 이번 음악회는, 클래식 역사상
가장 위대한 걸작으로 손꼽히는 베토벤의 마지막 교향곡 '나인 심포니(The 9th Symphony)'를 선보인다.
절망적인 상황 속에서도 인류애와 희망을 노래했던 베토벤의 정신은, 유구한 역사를 지켜온 두 도시의 만남과 어우러져
더욱 깊은 의미를 전한다. 공주를 대표하는 공주시충남교향악단의 정교하고 파워풀한 연주에 공주시립합창단과
안동시립합창단의 섬세하고 풍성한 하모니가 더해져, 폭발적인 시너지를 일으킬 예정이다.
4악장 '환희의 송가'가 울려 퍼지는 순간, 무대와 객석이 하나 되어 느끼게 될 가슴 벅찬 전율!
평화와 화합의 선율로 여러분의 마음에 깊은 울림을 선사할 것이다.


[Program]
  
G. Bizet – Carmen : “Habanera (L’amour est un oiseau rebelle)”
조르주 비제 오페라 <카르멘> 중 ‘하바네라(사랑은 길들일 수 없는 새)’
 
G. Bizet – Carmen : “Toreador Song (Votre toast, je peux vous le rendre)”
조르주 비제 오페라 <카르멘> 중 ‘투우사의 노래’
 
G. Verdi – La Traviata : “De’ miei bollenti spiriti”
쥬세페 베르디 오페라 <라 트라비아타> 중 ‘그녀를 멀리 떠나… 내 끓어오르는 마음’
 
G. Verdi – La Traviata : “Ah, fors’è lui… Sempre libera”
쥬세페 베르디 오페라 <라 트라비아타> 중 ‘아, 그이인가… 언제나 자유롭게’
  
L. v. Beethoven - Symphony No. 9 in d minor, Op. 125 'Choral' 
베토벤  교향곡 제9번 라단조, 작품번호 125 '합창'
Ⅰ. Allegro ma non troppo, un poco maestoso
Ⅱ. Molto vivace
Ⅲ. Adagio molto e cantabile
Ⅳ. Presto - Allegro assai","【演出介绍】

公州，百济古都；安东，精神文化之都。

艺术将两座城市融为一体，超越时空，带来令人动容的瞬间。

从苦难到喜悦！

两座姐妹城市传递希望的信息！在冬日来临之际，一场特别的演出将以恢弘的气势震撼舞台。

为纪念公州与安东结为姐妹城市，并进一步巩固两市友谊，本次音乐会将演奏贝多芬的最后一部交响曲——《第九交响曲》，这部作品被誉为古典音乐史上最伟大的杰作之一。

贝多芬在绝境中歌颂人性与希望的精神，与两座拥有悠久历史的城市相遇交融，传递出更为深刻的意义。

代表公州的公州忠南交响乐团将以其精湛而震撼的演奏，与公州市合唱团和安东市合唱团细腻而丰富的和声完美融合，迸发出惊人的能量。当第四乐章《欢乐颂》的旋律响起，舞台与观众将融为一体，感受到令人心潮澎湃的震撼！

和平与和谐的旋律将深深触动您的心灵。

[程序]

G. 比才 – 卡门：“Habanera (L'amour est un oiseau rebelle)”

乔治·比才歌剧《卡门》中的“哈巴涅拉（爱是一只无法驯服的鸟）”

G. 比才 – 卡门：“斗牛士之歌（Votre toast，je peux vous le rendre）”

乔治·比才歌剧《斗牛士之歌》*卡门*

G. 威尔第 – 《茶花女》：“De’ miei bollentispirii”

朱塞佩·威尔第歌剧《茶花女》《我沸腾的心》中的“De’ miei bollentispirii…”

G. 威尔第 – 《茶花女》：“啊，fors’è lui...Semper libera”

出自朱塞佩·威尔第的歌剧《茶花女》，“啊，是他吗……永远自由”

L。 v. 贝多芬 - d小调第九交响曲，作品。 125《合唱》

贝多芬 D 小调第九交响曲，作品。 125《合唱》

Ⅰ. Allegro ma non troppo, un poco maestoso

二.活力十足

三．柔板与如歌

四．急板 - Allegro assai"
산초와 돈키호테 [공주],桑丘和唐吉诃德[公主]
"[공연소개]

살아 움직이는 책, 인형극으로 펼쳐보는 돈키호테
 
인형극 <산초와 돈키호테>는 돈키호테와 모험을 떠나는 산초의 이야기이다. 산초를 어린이로 설정하여 주인공으로 두고 재창작한 작품으로,
원작 소설과는 다르지만 '내일의 돈키호테는 산초'라는 원작의 메시지를 그대로 담았다. 인형극 <산초와 돈키호테>는 아직 책을 읽지는 못하는
어린이들도 살아 움직이는 책처럼 볼 수 있도록 제작했다.
 
이상하고 신비로운 오래된 책방, 책을 펼치면 매번 다른 모험이 찾아옵니다. 오늘 기다리고 있는 책 속 모험은 기사 돈키호테 이야기.
책방에 들어온 평범한 아이는 '산초'로 불리며 돈키호테에 이끌려 명예로운 기사가 되기 위한 수행을 떠난다.
풍차 거인, 검은 갈기의 사자와 싸우는 등 상상을 뛰어넘는 사건이 일어나는데...
 
이때 눈 앞에 등장한 커다란 용!
피할 수도 없고, 해치울 수도 없는 용과 마주친 산초와 돈키호테에게는 어떤 일이 일어날까?


[시놉시스]
 
앞장서라 산초야, 나팔을 꺼내 불어라! 가자, 모험이다!
내 친구 산초여, 이제 사자를 어디서 찾을지 알려다오!
 
이상하고 신비로운 오래된 책방의 책을 펼치면 매번 다른 모험이 찾아옵니다.
 
오늘 기다리고 있는 책 속 모험은 기사 돈키호테 이야기.
 
책방에 들어온 평범한 아이는 '산초'로 불리며
돈키호테에게 이끌려 명예로운 기사가 되기 위한 수행을 떠납니다.
 
풍차 거인, 검은 갈기의 사자와 싸우는 등 상상을 뛰어넘는 사건이 일어나는데...
이때 눈앞에 등장한 커다란 용!
 
피할 수도 없고, 해치울 수도 없는 용과 마주친 산초와 돈키호테에게는 어떤 일이 일어날까요?","【演出介绍】

活生生的书：唐吉诃德木偶剧

木偶剧《桑丘与唐吉诃德》讲述了桑丘与唐吉诃德踏上冒险之旅的故事。这部作品以童年时期的桑丘为主角，进行了重新演绎；虽然与原著小说有所不同，但它忠实地传达了“明日的唐吉诃德就是桑丘”的原意。木偶剧《桑丘与唐吉诃德》的制作旨在让即使是还不识字的孩子也能体验到如同阅读一本鲜活生动的书般的感受。

在一家奇特而神秘的古老书店里，每次翻开一本书，都会开启一段不同的冒险。今天，我们将欣赏骑士唐吉诃德的故事。

一个名叫“桑丘”的普通男孩走进了这家书店，在唐吉诃德的带领下，踏上了成为一名荣誉骑士的征程。

超乎想象的事件接踵而至，例如与风车巨人搏斗，与黑鬃狮搏斗……

就在这时，一条巨龙出现在他们眼前！当桑丘和唐吉诃德与这条既无法躲避也无法战胜的巨龙正面交锋时，他们将会面临怎样的命运？

【剧情简介】

桑丘，带路！拿出你的号角，吹响它！出发吧，冒险！

我的朋友桑丘，快告诉我狮子在哪里！

每次走进一家神秘的旧书店，都会开启一段不同的冒险之旅。

今天，等待着你的是骑士唐吉诃德的故事。

一个名叫“桑丘”的普通男孩走进书店，在唐吉诃德的带领下，踏上了成为一名荣誉骑士的征程。

超乎想象的事件接踵而至，例如与风车巨人搏斗，与黑鬃狮搏斗……

然后，一条巨龙出现在他们眼前！

当桑丘和唐吉诃德与一条他们既无法躲避也无法战胜的巨龙正面相遇时，他们将会遭遇什么？"
렉처 콘서트 Ⅳ. 미국 음악의 탄생 [공주],第四场讲座音乐会：美国音乐的诞生 [公州]
공주문예회관 소공연장,公州艺术中心小演出厅
"[공연소개]
미국음악의 탄생

재즈 음악을 통해 미국 음악의 형성과 역사를 탐구한다. 초창기 스윙·빅밴드 시대의 에너지에서부터 브로드웨이·할리우드 음악이 재즈 스탠더드로 자리 잡기까지의 과정을 소개한다. 이어 50?60년대 보컬 재즈의 개인적이고 서정적인 매력을 듬뿍 담은 아티스트들의 이야기를 통해 ‘노래하는 재즈’의 매력을 전달한다.

[PROGRAM]
<재즈의 탄생과 스윙 시대>
듀크 엘링턴(Duke Ellington)  It Don’t Mean a Thing (If It Ain’t Got That Swing)
 
<스탠더드의 황금기>
어빙 벌린(Irving Berlin)  Cheek to Cheek 
앨라 피츠제럴드 & 반 알렉산더(Ella Fitzgerald & Van Alexander)  A-Tisket, A-Tasket 
조지 거슈윈 & 아이라 거슈윈(George Gershwin & Ira Gershwin)  They can't take that away from me
리처드 로저스 & 오스카 해머스타인 2세(Richard Rodgers & Oscar Hammerstein II)   My Favorite Things
 
<보컬 재즈의 정수>
에롤 가너(Erroll Garner)  Misty
모건 루이스 & 낸시 해밀턴(Morgan Lewis & Nancy Hamilton)  How High the Moon
바트 하워드(Bart Howard)   Fly me to the moon
조셉 코스마(Joseph Kosma)   Autumn Leaves 
 
*상기 프로그램은 출연진의 사정에 의해 변경될 수 있습니다.","【演出简介】

美国音乐的诞生

本次演出将通过爵士乐探索美国音乐的形成与历史。它将介绍从早期摇摆乐和大乐队时代的活力，到百老汇和好莱坞音乐确立其爵士乐标准的历程。随后，演出将通过讲述20世纪五六十年代那些充分展现人声爵士乐独特魅力和抒情韵味的艺术家的故事，传递“歌唱爵士”的迷人之处。

【节目单】

<爵士乐的诞生与摇摆乐时代>

艾灵顿公爵 - It Don’t Mean a Thing (If It Ain’t Got That Swing)

<经典金曲的黄金时代>

欧文·柏林 - Cheek to Cheek

艾拉·菲茨杰拉德与范·亚历山大 - A-Tisket, A-Tasket

乔治·格什温与艾拉·格什温 - They Can’t Take That Away From Me

理查德·罗杰斯与奥斯卡·汉默斯坦二世 - My Favorite Things

<人声爵士乐的精髓>

埃罗尔·加纳 - Misty

摩根·路易斯与南希·汉密尔顿 - How High the Moon

巴特·霍华德 - Fly Me to the Moon

约瑟夫·约瑟夫·科斯马 - Autumn Leaves

*以上节目单可能因演出阵容调整而有所变动。"
금난새와 함께하는 마티네 콘서트 Ⅱ. 차이콥스키 [공주],与金兰世二世的午间音乐会。柴可夫斯基[公主]
"[프로그램]

P.I. Tchaikovsky - Violin Concerto in D Major, Op. 35
차이콥스키   바이올린 협주곡 라장조, 작품 35
 
P.I. Tchaikovsky - Serenade for Strings, Op. 48 외
차이콥스키   현을 위한 세레나데, 작품 48
 
※ 상기 프로그램은 출연진의 사정에 의해 변경될 수 있습니다.","【演出曲目】

柴可夫斯基 - D大调小提琴协奏曲，作品35号

柴可夫斯基 - 弦乐小夜曲，作品48号及其他作品

柴可夫斯基弦乐小夜曲，作品48号

※ 以上演出曲目可能因演出人员情况而有所调整。"
서민정 바이올린 독주회: ITALIA.. String and Soul,徐敏贞小提琴独奏音乐会：意大利……弦乐与灵魂
"[PROGRAM]
Tomaso Antonio Vitali (1663-1745)
Chaconne in g minor
I. Larghetto
II. Allegro energico
III. Grave - Allegro assai

Giuseppe Tartini (1692-1770)
Violin Sonata in g minor, “Devil’s Trill Sonata”

intermission

Ottorino Respighi (1879-1936)
Violin Sonata in b minor, P. 110
I. Moderato
II. Andante espressivo
III. Allegro moderato ma energico","[程序]
托马索·安东尼奥·维塔利 (1663-1745)
g小调恰空
I·拉盖托
二.活力快板
三．坟墓 - Allegro assai

朱塞佩·塔蒂尼 (1692-1770)
g小调小提琴奏鸣曲“魔鬼的颤音奏鸣曲”

中场休息

奥托里诺·雷斯皮基 (1879-1936)
B小调小提琴奏鸣曲，第110页
I·温和派
二.浓情行板
三．充满活力的快板"
금난새와 함께하는 마티네 콘서트 Ⅲ. 라흐마니노프 [공주],与金兰世三世的午间音乐会。拉赫玛尼诺夫[公主]
"[공연소개]
클래식 전도사 마에스트로 금난새와 함께하는 마티네 콘서트
 
금난새와 함께하는 마티네 콘서트가 작년 계절 테마에 이어, 올해는 클래식 역사에서 가장 사랑받는 협주곡을 소개하는 명작 시리즈로 다시 관객을 만난다.
금난새 지휘자의 재치 있는 해설과 깊이 있는 음악적 지식을 바탕으로 매 회차 대표 작곡가들의 명곡을 선보이며,
바이올린·첼로·피아노 협주곡부터 현악곡, 실내악까지 다양한 레퍼토리로 아침 시간을 풍성하게 채운다.
공연 전 제공되는 따뜻한 커피와 달콤한 쿠키, 그리고 금난새 지휘자의 유머와 해설이 어우러져 더욱 특별한 마티네 무대를 선사할 예정이다.
※ '마티네(Matinee)'는 프랑스어로 오전이나 정오에 열리는 공연을 뜻함

[PROGRAM]
S. Rachmaninoff - Piano concerto No.2 in c minor, Op. 18
라흐마니노프  피아노 협주곡 2번 다단조, 작품 18 
 
S. Rachmaninoff - Vocalise, Op. 34
라흐마니노프  보칼리제, 작품 34
 
※ 상기 프로그램은 출연진의 사정에 의해 변경될 수 있습니다.","【音乐会介绍】

与古典音乐传播者——严南世大师共度的午间音乐会

延续去年的季节主题，严南世大师的午间音乐会今年再次回归，带来“大师系列”，为您呈现古典音乐史上最受欢迎的协奏曲。

音乐会以严南世大师风趣幽默的讲解和深厚的音乐造诣为基础，每场音乐会都将呈现一位代表作曲家的杰作。

从小提琴、大提琴和钢琴协奏曲到弦乐作品和室内乐，丰富多彩的曲目将为您的清晨时光增添无限乐趣。

演出前提供的暖心咖啡和香甜饼干，加上严南世大师的幽默讲解，定会为您带来更加特别的午间音乐会体验。

※ “午间音乐会”（Matinee）一词源于法语，意指上午或中午举行的演出。

【演出曲目】

拉赫玛尼诺夫 - c小调第二钢琴协奏曲，作品18

拉赫玛尼诺夫 c小调第二钢琴协奏曲，作品18

拉赫玛尼诺夫 - 声乐练习曲，作品34

拉赫玛尼诺夫 声乐练习曲，作品34

※ 以上演出曲目可能因演出人员情况而有所调整。"
금난새와 함께하는 마티네 콘서트 Ⅵ: 베버 [공주],与金兰世的第六场午后音乐会：韦伯《公主》
"[공연소개]

클래식 전도사 마에스트로 금난새와 함께하는 마티네 콘서트
 
금난새와 함께하는 마티네 콘서트가 작년 계절 테마에 이어, 올해는 클래식 역사에서 가장 사랑받는 협주곡을 소개하는 명작 시리즈로 다시 관객을 만난다.
금난새 지휘자의 재치 있는 해설과 깊이 있는 음악적 지식을 바탕으로 매 회차 대표 작곡가들의 명곡을 선보이며,
바이올린·첼로·피아노 협주곡부터 현악곡, 실내악까지 다양한 레퍼토리로 아침 시간을 풍성하게 채운다.
공연 전 제공되는 따뜻한 커피와 달콤한 쿠키, 그리고 금난새 지휘자의 유머와 해설이 어우러져 더욱 특별한 마티네 무대를 선사할 예정이다.
※ '마티네(Matinee)'는 프랑스어로 오전이나 정오에 열리는 공연을 뜻함


[프로그램]

C.M.Weber - Clarinet Concerto No.1 in f minor, Op. 73
베버   클라리넷 협주곡 1번 바단조, 작품 73
 
C.M.Weber - Clarinet Quintet in B-flat Major, Op. 34 외
베버   클라리넷 5중주 내림나장조, 작품 34
 
※ 상기 프로그램은 출연진의 사정에 의해 변경될 수 있습니다.","【音乐会介绍】

与古典音乐传播者——严南世大师共度的午间音乐会

延续去年的季节主题，严南世大师的午间音乐会今年再次回归，带来“大师系列”，为您呈现古典音乐史上最受欢迎的协奏曲。

音乐会以严南世大师风趣幽默的讲解和深厚的音乐造诣为基础，每场音乐会都将呈现一位代表作曲家的杰作。

从小提琴、大提琴和钢琴协奏曲到弦乐作品和室内乐，丰富多彩的曲目将为您的清晨时光增添无限乐趣。

演出前提供的暖心咖啡和香甜饼干，加上严南世大师的幽默风趣和精彩讲解，定会为您带来更加特别的午间音乐会体验。

※ “午间音乐会”（Matinee）一词源于法语，意指上午或中午举行的演出。

【演出曲目】

C.M.韦伯 - f小调第一单簧管协奏曲，作品73号

韦伯 f小调第一单簧管协奏曲，作品73号

C.M.韦伯 - 降B大调单簧管五重奏，作品34号及其他作品

韦伯 降B大调单簧管五重奏，作品34号

※ 以上演出曲目可能因演出人员情况而有所调整。"
김형일 호른 독주회,金亨日圆号独奏会
"[PROGRAM]
Franz Joseph Haydn - Hornkonzert Nr. 2 D-Dur, Hob. VIId:4
프란츠 요제프 하이든 ┃ 호른 협주곡 2번 D장조, Hob. VIId:4
I. Allegro moderato
II. Adagio
III. Allegro

Yehezkel Braun - Twelve Preludes - 1, 2, 8, 11
예헤즈켈 브라운 ┃ 12개의 전주곡 중 1, 2, 8, 11

Astor Piazzolla ＆ Wolfgang Amadeus Mozart - Cafe 1930 , Hornkonzert Nr. 1 D-Dur, KV. 412
아스토르 피아졸라, 볼프강 아마데우스 모차르트 ┃ 카페 1930, 호른 협주곡 1번 D장조, KV. 412
(Guitar 황민웅) 

- INTERMISSION - 

Jii Pauer - Concerto for French Horn
이르지 파우어 ┃ 호른 협주곡
I. Allegro patetico
II. Andante
III. Allegro giocoso","[程序]

弗朗茨·约瑟夫·海顿 - Hornkonzert Nr. 2 D-Dur，滚刀。第七号：4

弗兰茨·约瑟夫·海顿 ┃ D 大调第二号圆号协奏曲，Hob。第七号：4

I. 中快板

二.慢板

三．快板

叶赫兹克尔·布劳恩 - 十二首前奏曲 - 1, 2, 8, 11

叶赫兹克尔·布劳恩 ┃ 12 首前奏曲中的 1, 2, 8, 11

阿斯特·皮亚佐拉 (Astor Piazzolla) 和沃尔夫冈·阿玛多伊斯·莫扎特 (Wolfgang Amadeus Mozart) - Cafe 1930 , Hornkonzert Nr. 1 D-Dur，KV。第412章

阿斯特·皮亚佐拉、沃尔夫冈·阿玛多伊斯·莫扎特 ┃ Cafe 1930，D 大调第一圆号协奏曲，KV。 412（吉他：黄珉雄）

- 中场休息 -

Jii Pauer - 圆号协奏曲

Jii Pauer ┃ 圆号协奏曲

I. Allegro patetico

二.行板

三．欢快的快板"
"창작산실, 전복된 해부학적 풍경: X",创造的孵化器，颠覆的解剖学景观：X
"[시놉시스]

01 Living Machines, Mechanical Life
살아있는 기계, 기계적인 생명 : 기계는 가동되는 동안 무한히 반복할 수 있는 움직임을 통해 자멸적인 기계적 쾌락에 빠지고, 인간의 필멸성은 때때로 기계의 비인간적인 동력에 빠져들게 한다. 생명체와 기계가 서로 탐닉하고 융합하는 과정을 통해 새로운 생명체의 가능성을 시사한다.

02 The Intensity of Fusion
정지할 수 없는 충동의 기계화 : 인간의 뇌와 신경은 본능적으로 생존하려는 충동을 지니고 있지만, 기계적 본능은 단순한 반복에 불과하다. 인간이 자신의 본성을 포기하고 기계적 충동을 받아들일 때,
금속과 살이 더 깊이 얽혀드는 순간이 연상되며, 인간과 비생물 사이에서 새로운 생명체가 탄생할 가능성을 상상하게 한다.

03 The Mechanization of Irresistible Impulses
융합의 격렬함 : 기계와 생명체가 서로를 탐닉하며 충돌하는 순간, 철과 살, 신경과 금속이 거칠게 맞부딪친다. 감각과 무감각, 생명과 무생명이 뒤섞이며 새로운 존재의 가능성이 피어오른다.
이 융합은 단순한 결합이 아니라, 신경적 폭발과 기계적 압력이 교차하는 생성의 장이다.
금속과 피부가 욕망 어린 마찰을 나누는 그 순간, 인간과 기계의 경계는 흐려지고, '유사 생명'이라 불릴 새로운 존재가 탄생의 예고처럼 숨을 내쉰다.

04 The Birth of Artificial Life
유사 생명의 탄생 : 탄생한 새로운 생명체 혹은 부작용을 우리들은
화합하며 지낼 것인가, 인간의 냄새가 나는 기계 그리고 인간.
미래의 우리들이 살아가야 할 방법을 제시한다.","【剧情简介】

01 活体机器，机械生命

活体机器，机械生命：机器在运转过程中，通过无限重复的运动，沉溺于自我毁灭的机械快感；而人类的死亡有时会导致他们屈服于机器非人的力量。通过生物与机器相互沉溺、融合的过程，暗示着新生命形式诞生的可能性。

02 融合的强度

不可抗拒的冲动的机械化：人类的大脑和神经拥有生存的本能，而机械本能仅仅是简单的重复。当人类放弃本性，拥抱机械冲动时，

便会唤起金属与血肉更深层次交织的瞬间，引发人们对人类与非生物之间可能诞生新生命形式的想象。

03 不可抗拒的冲动的机械化

融合的强度：当机器与生物相互交融碰撞的那一刻，钢铁与血肉、神经与金属剧烈碰撞。感觉与麻木、生命与非生命交织融合，一种全新存在的可能性萌芽。

这种融合并非简单的组合，而是一个创造性的领域，神经爆发与机械压力在此交汇。

当金属与肌肤在欲望的驱动下摩擦，人与机器的界限变得模糊，一种名为“人工生命”的新存在如同新生的预兆般诞生。

04 人工生命的诞生

人工生命的诞生：我们将与这种新生的生命形式和谐共处，还是会承受其副作用？

散发着人类气息的机器，以及人类本身。

它展现了我们，作为未来，必须如何生活。"
스타인웨이 위너콘서트 인 코리아: 페루치오 부소니 국제 콩쿠르 우승자 리사이틀,施坦威获奖音乐会（韩国）：费鲁乔·布索尼国际比赛获奖独奏音乐会
"[공연소개]
올해로 개관 15주년을 맞이한 강동아트센터가 선보이는 명품 클래식 시리즈의 시작을 알립니다. 외르크데무스, 마르타 아르헤리치 등 세계적인 피아니스트를 배출한 세계적인 권위의 콩쿠르. 백건우, 서혜경, 이윤수, 김혜진이 수상한 바 있으며, 2015년 문지영, 2021년 박재홍이 우승한 페루치오 부소니 국제 피아노 콩쿠르의 우승자, 이판 우(YIFAN WU)가 강동아트센터를 찾습니다. 88개 건반 위에 그리는 그의 열정적인 선율을 만끽하시길 바랍니다.

[PROGRAM]
D. Scarlatti
Sonata in d minor, K.9 (arr. Carl Tausig in e minor)
스카를라티
소나타 d단조, 작품번호 9

Federico Mompou Paisajes
몸포우 풍경들
Ⅰ. La Fuente y la campana
Ⅱ. El lago

D. Scarlatti
Sonata in e minor, K.233
스카를라티
소나타 e단조, 작품번호 233

F. Busoni
Elegien, BV 252
부소니
엘레지, BV 252
Ⅶ. Berceuse

R. Schumann
Arabeske in C Major, Op.18
슈만
아라베스크 C장조, 작품번호 18

Bach-Busoni
Choralvorspiel Wachet auf, ruft uns die Stimme, BWV 645–BV B 27 No.2
바흐-부소니
‘눈 뜨라고 부르는 소리 있도다,’ 작품번호 645

INTERMISSION

R. Schumann
Piano Sonata No.1 in f# minor, Op.11
슈만
피아노 소나타 제1번 f#단조, 작품번호 11","【演出介绍】

我们宣布由江东艺术中心主办的“大师经典系列音乐会”正式启动，今年正值该系列音乐会举办15周年。费鲁乔·布索尼国际钢琴比赛冠军吴亦凡将莅临江东艺术中心。该比赛享誉全球，曾培养出约尔格·德穆斯、玛莎·阿格里奇等世界级钢琴家，以及白建宇、徐慧京、李允洙、金慧珍等众多获奖者，此外，2015年获奖者文智英、2021年获奖者朴宰弘也曾获此殊荣。我们希望您能欣赏到他用88个琴键谱写的充满激情的旋律。

【演出曲目】

D. 斯卡拉蒂

d小调奏鸣曲，K.9（卡尔·陶西格改编为e小调）

斯卡拉蒂

d小调奏鸣曲，Op. 9

费德里科·蒙普·派萨赫斯

蒙普风景

Ⅰ.丰特与坎帕纳

二.埃尔拉戈

D·斯卡拉蒂
e小调奏鸣曲，K.233

斯卡拉蒂
e小调奏鸣曲，作品。 233

F·布索尼
埃勒吉恩，BV 252
布索尼
挽歌，BV 252

Ⅶ.贝尔瑟斯

R·舒曼
C 大调阿拉贝斯克，作品。 18

巴赫-布索尼
Choralvorspiel Wachet auf, ruft uns die Stimme, BWV 645–BV B 27 No. 2

中场休息

R·舒曼
f#小调第一钢琴奏鸣曲，作品。 11"
"그렇게 우린,",所以，我们
대전시립연정국악원 작은마당,大田市延亭韩国传统音乐中心小舞台
"[공연소개]
조선시대 문인 김시습의『금오신화』중 <이생규장전>은 수능 문학과목의 필수 고전으로, 
<이생규장전>을 현대적으로 재해석하고 전통 국악의 정서를 현대적 감성으로 풀어내 예술성과 교육성을 갖춘 뮤지컬

[시놉시스]
하고 싶은 것도 많고 호기심도 많은 꽃다운 나이의 최랑.
부유하고 행복한 집에서 아낌없이 주시는 부모님의 사랑이 좋아, 늘 예쁜 딸로 노력
하며 살았다. 그런데 언제부터였지? 친구들의 연애 소식에 함께 깔깔댄 탓이었던가?
갑자기 찾아온 마음속 꽃 피는 설렘의 바람은, 본인도 어색하지만 나쁘지 않은 것은
사실이다. 나도 사랑하고 싶다. 지금껏 누려온 공짜 사랑 말고, 나로서 가질 수 있는
첫 번째 사랑! 그럴 수만 있다면 후회 없이 쏟아 사랑할 것이다. 그리고 영원히 그 사
랑을 지키고 평생 행복하리다!.
삶은 언 땅처럼 딱딱하지만, 나는 늘 오늘의 나로 사는 거니까.
오늘의 행복을 위해 사는 이생.
학식은 높지만 가난한 집에서 태어난 이생. 아버지의 못다 한 꿈을 위해 살아가지만,
내가 원하는 삶은 아닌걸. 하지만 부모님의 기대를 저버릴 수는 없지.왜 나라고 여인
에게 관심이 없겠는가, 집안의 첫째 목표는 나의 출세. 그전에 사랑이라니, 말도 안
된다. 그렇지만 모든 게 적당한 오늘, 왠지 마음이 이상하다.
이렇게 다른 두사람이 만나, 견고하고 완벽한 사랑이라 느꼈을때 시련이 찾아오는데..","【演出介绍】

朝鲜文人金时燮的《李生珏传》选自《新模新花》，是高考文学部分的必考经典。

本音乐剧以现代手法重新诠释《李生珏传》，以当代视角诠释韩国传统音乐的精髓，打造兼具艺术性和教育意义的佳作。

【剧情简介】

正值青春年华的崔朗，充满好奇心和抱负。

她从小在富裕幸福的家庭中享受着父母无微不至的关爱，一直努力做一个漂亮的女儿。

但这一切究竟是从何时开始的呢？是因为她和朋友们一起津津乐道地谈论着彼此的恋情吗？

心中涌起的这份悸动让她感到有些不知所措，但其实，这并非坏事。

我也想爱。不是我之前享受的那种自由恋爱，而是我能真正拥有的初恋！

如果可以，我会毫无保留地倾注我的爱。我会永远守护这份爱，并幸福地度过余生！

生活或许如冰封的土地般艰难，但我始终活在当下。

易生，为当下的幸福而活。

易生，尽管受过高等教育，却出身贫寒。他活着是为了实现父亲未竟的梦想，但

“这不是我想要的生活。然而，我不能辜负父母的期望。我为什么不能对女人感兴趣呢？家里的首要目标是我的成功。把爱情放在成功之前简直荒谬。然而，在今天，一切似乎都很完美的时候，我却感到莫名的不安。”

当两个截然不同的人相遇，并感受到彼此之间坚定而完美的爱情时，一场考验悄然而至……"
"대전시립교향악단 마스터즈 시리즈 4, 홀스트 행성",大田爱乐乐团大师系列 4，霍尔斯特的星球
"[PROGRAM]
그리그 _ 피아노 협주곡 가단조, 작품 16
            홀스트 _ 행성, 작품 32","【演出曲目】

格里格：A小调钢琴协奏曲，作品16号

霍尔斯特：行星组曲，作品32号"
전설 여우신 [수원],传说中的狐神 [水原]
장안구민회관 한누리아트홀,长安区社区中心 Hannuri 艺术馆
경기 수원시 장안구 송원로 101,京畿道水原市长安区松原路101
파개그니니 내한공연 [공주],帕加尼尼韩国演出【公主】
"[공연소개]

클래식이 지루하다고 누가 말했는가? 상상 초월! 웃느라 정신없는 코믹 현악 4중주!
 
스페인 공연 전문 프로덕션 YLLANA Production이 제작한 현악 4중주 '파개그니니'는 심각하고 엄숙하기만 한 클래식 콘서트의 틀을 깬 독특한 코믹 퍼포먼스이다.
재치있는 유머와 감성을 자극하는 아름다운 음악 메들리로 관객을 사로잡으며, 특히 천재 음악가 파가니니의 복잡한 작곡법과 무모한 성격, 음악적 해석을 이야기
속에 반영한다. 이 공연은 우아한 연주 기술을 가진 4명의 뛰어난 연주자들이 선보이는 '클래식 컨템포러리 음악'이라는 새로운 장르로, 일반 관객뿐만 아니라
음악에 박식한 까다로운 관객들로부터도 찬사를 받았다. 남녀노소 국적 상관없이 전 세계 관객이 즐길 수 있으며, 2008년 영국 에든버러 프린지 페스티벌
'최우수 작품상'을 비롯해 다수의 국제 페스티벌에서 수상하며 작품성을 인정 받았다. 부산국제연극제 개막작으로 초청되어 매진을 기록하기도 했으며,
2026년에는 더욱 업그레이드된 유머와 아이러니로 관객들이 웃음을 통해 무대와 교감할 수 있도록 만들 것이다.


[Program]
 
P. Sarasate – Carmen Fantasie, Op. 25
파블로 사라사테 카르멘 환상곡, 작품번호 25
 
M. de Falla – Spanish Dance from La vida breve
마누엘 데 파야 오페라 <짧은 인생> 중 스페인 무곡
 
L. Boccherini – Minuet in E Major, Op. 13 No. 5
루이지 보케리니 미뉴에트 E장조, 작품번호 13-5
 
J. Pachelbel – Canon in D Major, T. 337
요한 파헬벨 캐논 D장조
 
Pagagnini Quartet – Rhapsody No. 3, Op. 1
파가그니니 콰르텟 랩소디 제3번, 작품번호 1
 
S. Umebayashi – “Yumeji’s Theme” from In the Mood for Love
우메바야시 시게루 영화 <화양연화> OST 중 ‘유메지의 테마’
 
W. A. Mozart – Violin Concerto No. 3 in G Major, K. 216
볼프강 아마데우스 모차르트 바이올린 협주곡 제3번 G장조, 작품번호 216
 
U2 – “With or Without You”
유투 ‘당신이 함께이거나 아니거나’
 
S. Gainsbourg – “La Javanaise”
세르주 갱스부르 ‘라 자바네즈’
 
N. Paganini – Caprice No. 24, Op. 1
니콜로 파가니니 카프리스 제24번, 작품번호 1
 
A. Vivaldi – The Four Seasons
안토니오 비발디 사계
 
* 상기 프로그램은 출연진의 사정에 의해 변경될 수 있습니다.","【演出介绍】

谁说古典音乐枯燥乏味？超乎想象！一场让你捧腹大笑的滑稽弦乐四重奏！

由西班牙演出专家YLLANA Production制作的弦乐四重奏《帕格尼尼》是一场别具一格的喜剧演出，打破了人们对古典音乐会严肃庄重的固有印象。

它以诙谐幽默的表演和优美动人的乐曲，深深吸引着观众。演出巧妙地将天才音乐家帕格尼尼复杂的作曲手法、桀骜不驯的个性以及独特的音乐诠释融入叙事之中。四位技艺精湛的音乐家倾情演绎，这场演出代表了一种名为“古典当代音乐”的全新音乐类型，不仅赢得了普通观众的喜爱，也获得了资深乐迷的赞誉。无论年龄、性别或国籍，世界各地的观众都能欣赏这部作品，其艺术价值也得到了广泛认可，在众多国际艺术节上斩获殊荣，包括2008年英国爱丁堡艺穗节的“最佳制作奖”。该作品曾受邀作为釜山国际戏剧节的开幕演出，并创下票房佳绩。

2026年，它将带来一场全新的体验，让观众在欢笑中与舞台产生共鸣，并融入更多升级的幽默和讽刺元素。

[节目单]

帕布罗·萨拉萨蒂 – 《卡门幻想曲》，作品25号

帕布罗·萨拉萨蒂：《卡门幻想曲》，作品25号

曼努埃尔·德·法雅：《短暂人生》中的西班牙舞曲

曼努埃尔·德·法雅：歌剧《短暂人生》中的西班牙舞曲

路易·博凯里尼：E大调小步舞曲，作品第13首 第5首

J. 帕赫贝尔 – D大调卡农，T. 337

帕格尼尼四重奏 – 第三狂想曲，作品1

S. 梅林茂 – 《花样年华》主题曲“梦二主题曲”

梅林茂，《花样年华》电影原声带主题曲“梦二主题曲”

W. A. 莫扎特 – G大调第三小提琴协奏曲，K. 216

沃尔夫冈·阿玛多伊斯·莫扎特，G大调第三小提琴协奏曲，作品216

U2乐队 – “有你或没你”

S. 甘斯布 – “爪哇舞曲”

N. 帕格尼尼 – 第24号随想曲，作品1

尼科洛·帕格尼尼：《随想曲》第24号，作品1号

安东尼奥·维瓦尔第：《四季》

安东尼奥·维瓦尔第：《四季》

* 以上节目单可能因演出人员情况而有所调整。"
"아침을 여는 클래식, 바이올리니스트 최송하 [대전] (6월)",用古典音乐开启美好的一天，小提琴家崔松河 [大田] (六月)
"[프로그램]

풀랑크 _ 바이올린과 피아노를 위한 소나타, FP 119
F. Poulenc _ Sonata for Violin and Piano, FP 119

차이콥스키 _ 바이올린과 피아노를 위한 소중한 곳의 추억, Op.42
P. I. Tchaikovsky _ Souvenir d’un lieu cher for Violin and Piano, Op.42

차이콥스키 _ 바이올린과 피아노를 위한 왈츠-스케르초 다장조, Op.34
P. I. Tchaikovsky _ Valse-Scherzo for Violin and Piano C Major, Op.34

* 본 공연의 프로그램은 연주자 사정에 의해 사전 공지 없이 변경될 수 있습니다.","[演出曲目]

普朗克 _ 小提琴与钢琴奏鸣曲，FP 119

F. 普朗克 _ 小提琴与钢琴奏鸣曲，FP 119

柴可夫斯基 _ 小提琴与钢琴《回忆往事》，作品42

P. I. 柴可夫斯基 _ C大调小提琴与钢琴圆舞曲-谐谑曲，作品34

* 由于演出者个人情况，本次演出曲目可能有所变动，恕不另行通知。"
주현미 효 콘서트: 가요 백년을 노래하다 [공주],朱贤美孝道演唱会：演唱韩国百年音乐 [公州]
"[공연소개]

`세월이 흘러도 변치 않는 '클래스', 부모님께 드리는 최고의 공연
 
대한민국 대중음악사의 살아있는 전설 주현미가 공주문예회관의 무대를 화려하게 수놓는다. K-POP의 화려함 속에서도
독보적인 존재감을 발휘하는 그녀의 목소리는 시대를 관통하는 예술적 가치를 지닌 라이브의 여왕 그 자체이다.
데뷔 40주년을 훌쩍 넘긴 주현미는 <신사동 그 사람>, <애수의 소야곡> 등 전 국민 애창곡은 물론, <번지없는 주막>,
<봄날은 간다>와 같은 한국 전통가요의 정수를 현대적 감각으로 재해석하여 들려줄 예정이다. 이는 부모님 세대에게는 사무치는
그리움을, 자녀 세대에게는 깊이 있는 음악적 울림을 전하는 특별한 시간이 될 것이다. 가장 특별한 날 부모님의 가장 빛나던 시절을
다시 선물하는 것. 이번 콘서트는 그 어떤 선물보다 품격 있고 의미 있는 어버이날의 선택이 될 것이다.


[프로그램]

백년설  번지없는 주막
 
고운봉  선창
 
백난아  찔레꽃
 
남인수  애수의 소야곡
 
백설희  봄날은 간다 외
 
※ 상기 프로그램은 출연진의 사정에 의해 변경될 수 있습니다.","【演唱会介绍】

“历久弥新的经典，献给父母的终极演出”

韩国流行音乐史上的传奇人物朱贤美将登上公州艺术中心的舞台，带来精彩绝伦的演出。即使在光鲜亮丽的K-POP圈，她也展现出无与伦比的魅力。她的歌声完美诠释了“现场表演女王”的精髓，拥有超越时代的艺术价值。

出道至今已逾40年，朱贤美不仅将带来《新沙洞的男人》和《悲伤之歌》等国民金曲，还将以现代视角重新演绎《没有地址的酒馆》和《春逝》等韩国传统歌曲的精髓。这将是一场特别的演出，既能唤起父母一代的深切思念，又能引起年轻一代的共鸣。在父母最特别的日子里，将他们生命中最美好的时光重新赠予他们。这场音乐会将是比任何其他礼物都更庄重、更有意义的父母节之选。[节目单]

白年雪 - 无名酒馆

高云峰 - 码头

白兰娥 - 野玫瑰

南仁洙 - 忧郁夜曲

白雪熙 - 春日已逝，等等

※ 以上节目单可能因演出人员情况而有所调整"
유키 구라모토 콘서트 [공주],仓本佑纪演唱会【公主】
"[Program]
 
Lake Louise(레이크 루이즈)
Romance(로망스) 외
 
* 상기 프로그램은 출연진의 사정에 의해 변경될 수 있습니다.","【节目单】

路易斯湖

浪漫及其他

* 以上节目单可能因演员阵容等原因有所调整。"
조혜련X김효진의 사랑해 엄마 [공주],赵慧莲 X 金孝珍的《我爱你，妈妈》[公主]
"[공연소개]

방송인 조혜련의 첫 연출 및 출연작!
1980년대, 시장통 억척 엄마... 바로 우리네 엄마 이야기!
 
방송인 조혜련이 연출과 주연을 맡아 화제를 모은 연극 <시랑해 엄마>는 1980년대, 남편을 잃고 시장에서 억척스럽게
생선을 팔며 아들 하나만 바라보고 살아온 '옥희'의 이야기이다.
엄마의 끝없는 희생을 당연하게만 알았던 철부지 아들 '철동'이 뒤늦게 엄마의 사랑을 깨닫는 과정을 그렸다.
그 시절, 우리네 엄마들의 모습을 떠올리게 하는 유쾌한 웃음과 가슴 찡한 감동이 무대를 가득 채운다.
5월 가정의 달, 잊고 지낸 부모님의 사랑을 되새기며 온 가족이 함께 웃고 울 수 있는 따뜻한 시간이 될 것이다.


[시놉시스]
 
""오이소 보이소 사이소~~""
 
남편 없이 혼자 생선 장사를 하면서 여자가 아닌 엄마로써 강하게 살아온 엄마
그런 엄마에게 항상 무뚝뚝하고 철 없는 아들
 
...어느날, 엄마는 암 선고를 받게 되고
 
""엄마""
 
""와""
 
""내 아프다.. 아파 죽을 것 같다.""
 
""괘안타..좀있으면 괘안아 진다.""
 
""진짜가?""
 
""엄마""
 
""와""
 
""내 혼자서 잘 할 수 있나""
 
""그라믄.. 누구 아들인데.. 엄마는 하나도 걱정 안된다. 잘 할 수 있다.""
 
"".......""
 
""철동아.. 엄마 간데이...""","【演出介绍】

主播赵慧莲首次执导并主演！

一位在80年代市场里坚韧不拔的母亲……讲述的正是我们每个人心中母亲的故事！

话剧《我爱你，妈妈》由主播赵慧莲自导自演，备受瞩目。该剧讲述了80年代“玉熙”的故事。丈夫去世后，她为了寻找儿子，在市场里卖鱼，过着坚韧不拔的生活。

该剧也描绘了“哲东”的成长历程。他天真地以为母亲的无私奉献是理所当然的，直到后来才逐渐领悟到母亲的真爱。

舞台上充满了欢声笑语和令人心碎的情感，唤起我们对母亲的记忆。

五月是家庭月，这将是一个温馨的时刻，全家人可以欢笑、流泪，共同缅怀那些我们可能已经遗忘的父母之爱。

【剧情简介】

“进来吧，看看，买点什么吧~~”

一位母亲，她不仅是一位坚强的母亲，更是一位独立自主的女性，独自经营着一家鱼店。在她身边，总有一个直率而又不成熟的儿子。

……有一天，母亲被确诊为癌症。

“妈。”

“哇。”

“我好痛……我觉得自己快要死了。”

“没事的……你会很快好起来的。”

“真的吗？”

“妈。”

“哇。”

“我可以自己照顾自己吗？”

“哼……你算老几……妈妈一点也不担心。你一定可以的。”

“……”

“哲东……妈妈要走了……”"
"공주시충남교향악단과 함께하는 명곡시리즈 Ⅱ, 리처드 용재 오닐 & 라흐마니노프 [공주]",大师系列 II，忠南交响乐团、理查德·永宰·奥尼尔与拉赫玛尼诺夫 [公州]
"[Program]
 
W. Walton - Viola Concerto in a minor
월튼   비올라 협주곡 가단조
Ⅰ. Andante comodo
Ⅱ. Vivo, con molto preciso
Ⅲ. Allegro moderato
 
S. Rachmaninoff - Symphony No. 2 in e minor, Op. 27
라흐마니노프   교향곡 제2번 마단조, 작품 27
Ⅰ. Largo - Aellegro moderato
Ⅱ. Allegro molto
Ⅲ. Adagio
IV. Allegro vivace
 
* 상기 프로그램은 출연진의 사정에 의해 변경될 수 있습니다.","[程序]

W.沃尔顿 - 小调中提琴协奏曲

I.科莫多行板

二. Vivo，更精准

三．中快板

S. 拉赫玛尼诺夫 - e 小调第二交响曲，作品。 27 号

I. Largo - 中庸之道

二.快板

三．慢板

四．活泼的快板

*以上节目可能会因表演者的情况而发生变化。"
"공주시충남교향악단과 함께하는 명곡시리즈 Ⅰ, 백건우 & 브람스 [공주]",忠南交响乐团、白建宇与勃拉姆斯大师系列 [公州]
"[프로그램]

J. Brahms -  Piano Concerto No.2 in B-flat Major, Op. 83
브람스   피아노 협주곡 제2번 내림 나장조, 작품 83
 I. Allegro non troppo
 II. Allegro appassionato
 III. Andante
 IV. Allegretto grazioso
 
J. Brahms - Symphony No. 4 in e minor, Op. 98
브람스   교향곡 제4번 마단조, 작품 98
 I. Allegro non troppo
 II. Andante moderato
 III. Allegro giocoso-Poco meno presto
 IV. Allegro energico e passionato
 
※ 상기 프로그램은 출연진의 사정에 의해 변경될 수 있습니다.","[程序]

J. 勃拉姆斯 - 降B大调第二钢琴协奏曲，作品。 83

I. 快板（Allegro non troppo）

二.热情快板

三．行板

四．优雅的快板

J. 勃拉姆斯 - e 小调第四交响曲，作品。 98

I. 快板（Allegro non troppo）

二.中板行板

三．快板 giocoso-Poco meno presto

四．充满活力与激情的快板

※ 以上节目可能会根据表演者的情况进行变更。"
"공주문화회관 기획공연, 다니엘 린데만 x 천지윤: 조이 콘서트 [공주]",公州文化院特别公演 Daniel Lindemann x Chun Jiyoon: Joy Concert [公州]
"[Program]
 
바르톡 루마니아 포크 댄스
B. Bartók - Romanian Folk Dances
앙상블 자연의 소리

피아노와 현악 합주를 위한 세레나데
Daniel Lindemann - Serenade for Piano and String Ensemble
피아노 다니엘 린데만 & 앙상블 자연의 소리

베토벤 오케스트라와 바이올린을 위한 로망스 제2번
L. v. Beethoven - Romance No. 2 for Violin and Orchestra
바이올린 차인홍 & 앙상블 자연의 소리

대지의 봄 (중중모리 – 굿거리 – 자진모리)
Ji-Yoon Chun - Spring of the Earth
해금  천지윤

피아졸라 사계 중 ‘겨울’
A. Piazzolla – Invierno Porteño (from Las Cuatro Estaciones Porteñas)
해금 천지윤 & 앙상블 자연의 소리

IL Mondo (영화 「어바웃 타임」 OST)
Jimmy Fontana - Il Mondo (from the film “About Time”)
테너 김현수 & 앙상블 자연의 소리

바람이 불어 (윤동주 시)
Mi-Rae Hwang - When the Wind Blows (Poem by Yoon Dong-ju)
테너 김현수 & 앙상블 자연의 소리

하이든 교향곡 제6번 “아침”
J. Haydn - Symphony No. 6 in D Major, “Le Matin”
앙상블 자연의 소리

*상기 프로그램은 출연진의 사정에 의해 변경될 수 있습니다.","[节目单]

巴托克罗马尼亚民歌舞曲

巴托克 - 罗马尼亚民歌舞曲

自然之声乐团

钢琴与弦乐小夜曲

丹尼尔·林德曼 - 钢琴与弦乐小夜曲

钢琴：丹尼尔·林德曼与自然之声乐团

贝多芬第二号浪漫曲（管弦乐与小提琴）

路德维希·范·贝多芬 - 第二号浪漫曲（小提琴与管弦乐）

小提琴：车仁洪与自然之声乐团

大地之春（Jungjungmori – Gutgeori – Jajinmori）

全智允 - 大地之春

全智允（Haegeum Chun Ji-Yoon）

皮亚佐拉《四季》之“冬”

皮亚佐拉 - 布宜诺斯艾利斯之冬（选自《四季》）布宜诺斯艾利斯）

千智允与自然之声乐团

《Il Mondo》（电影《时空恋旅人》原声带）

吉米·方塔纳 - 《Il Mondo》（电影《时空恋旅人》主题曲）

男高音金贤洙与自然之声乐团

《当风吹起时》（尹东柱诗）

黄美来 - 《当风吹起时》（尹东柱诗）

男高音金贤洙与自然之声乐团

海顿第六交响曲“晨曲”

J. 海顿 - D大调第六交响曲“晨曲”

自然之声乐团

*以上节目单可能因演出人员情况而有所调整。"
"아침을 여는 클래식, 기타리스트 박지형 [대전] (5월)",用古典音乐开启美好的一天，吉他手朴智亨 [大田]（五月）
"[공연소개]
대전예술의전당의 명실상부한 스테디셀러 ‘아침을 여는 클래식’이 새로운 음악가들과 함께 여러분의 아침을 두드립니다. 신록의 계절을 맞은 젊은 연주자부터 관록의 무대로 담대함을 보여줄 중견 연주자까지 다양한 편성과 프로그램이 준비되어 있습니다. 지난해 클래식에 대한 넓고 깊은 해설, 위트있는 진행으로 매회 연주자들과 엄청난 호흡을 보여줬던 음악평론가 송현민이 올해도 함께합니다. ‘2026 아침을 여는 클래식’과 함께 음악의 아름다움, 감상의 즐거움을 만끽하는 시간 가지시길 바랍니다.

[PROGRAM]
바흐 _ 비발디 주제에 의한 협주곡 라장조, BWV 972 (편곡 주디카엘 페루아)
J. S. Bach _ Concerto in D Major (after Vivaldi), BWV 972 (arr. Judicaël Perroy)
I. Allegro
II. Larghetto
III. Allegro

안토니오 카를로스 조빔/빈치우스 드 모라에스 _ 펠리시다지 (롤랑 디앙 편곡)
Antonio Carlos Jobim / Vinicius de Moraes _ Felicidade (arr. Roland Dyens)

에롤 가너 _ 미스티 (롤랑 디앙 편곡)
Erroll Garner _ Misty (arr. Roland Dyens)

콜 포터 _ 밤과 낮 (롤랑 디앙 편곡)
Cole Porter _ Night and Day (arr. Roland Dyens)

아구스틴 바리오스 망고레 _ 마주르카 아파시오나타
Agustín Barrios Mangoré _ Mazurka Appassionata 

롤랑 디앙 _ 기타를 위한 트리아엘라
Roland Dyens _ Triaela for Guitar
I. Light Motif (Takemitsu au Bresil)
II. Black Horn (When Spain Meets Jazz)
III. Clown Down (Gismonti au Cirque)
 
* 본 공연의 프로그램은 연주자 사정에 의해 사전 공지 없이 변경될 수 있습니다.","【演出介绍】

大田艺术中心的常青节目“晨间古典音乐会”将以全新的音乐家阵容迎接您的清晨。我们精心准备了丰富多彩的演出阵容和节目，从迎接春暖花开的年轻音乐家到在舞台上展现精湛技艺的资深音乐家，应有尽有。去年，音乐评论家宋贤敏凭借其对古典音乐的深刻见解和风趣幽默的主持风格，与每场演出的音乐家都展现了极佳的默契，今年他将再次与我们相聚。我们希望您能尽情享受“2026晨间古典音乐会”带来的美妙音乐和欣赏乐趣。

[节目单]

巴赫 - D大调协奏曲（根据维瓦尔第主题改编），BWV 972（朱迪凯尔·佩罗伊改编）

J.S.巴赫 - D大调协奏曲（根据维瓦尔第主题改编），BWV 972（朱迪凯尔·佩罗伊改编）

I. 快板

II. 小广板

III.快板

安东尼奥·卡洛斯·乔宾 / 维尼修斯·德·莫赖斯 _ 《幸福》（罗兰·迪恩斯改编）

埃罗尔·加纳 _ 《迷雾》（罗兰·迪恩斯改编）

科尔·波特 _ 《日夜》（罗兰·迪恩斯改编）

阿古斯丁·巴里奥斯·曼戈雷 _ 《热情玛祖卡》

罗兰·迪恩斯 _ 《吉他三重奏》

I. 光明主题（武满彻在巴西）

II. 黑号角（西班牙邂逅爵士）

III. 小丑倒下（吉斯蒙蒂在马戏团）

* 由于演出人员情况，本场演出节目如有更改，恕不另行通知。"
"아침을 여는 클래식, 벤투스 브라스 퀸텟 [대전] (4월)",清晨以古典音乐开场，Ventus Brass Quintet [大田]（四月）
"[프로그램]


헨델 _ 왕궁의 불꽃놀이 음악 중 IV. 환희
G. F. Handel _ Music for the Royal Fireworks, HWV 351, IV. La Réjouissance

 

하이든 _ 테 데움 다장조 중
I. 주님을 찬미하나이다. II. 주님께 간구하나이다. III. 성인들과 함께 영원하게 하소서
F. J. Haydn _ Te Deum in C Major, Hob.XXIIIc:2
I. Te Deum laudamus II. Te ergo quaesumus III. Aeterna fac cum sanctis tuis

 

바그너 _ [로엔그린] 중 ‘결혼행진곡’
R. Wagner _ Lohengrin, WWV 75: Wedding March

 

엔니오 모리코네 _ 가브리엘의 오보에
Ennio Morricone _ Gabriel’s Oboe

 

멘델스존 _ [한 여름밤의 꿈] 중 ‘결혼행진곡’
F. Mendelssohn _ ‘Wedding March’ from ‘A Midsummer Night’s Dream’

 

서영찬 _ 튜바 판타지
Youngchan Seo _ Tuba Fantasie

 

작곡가 미상 _ 어메이징 그레이스 (캐나디언 브라스 편곡)
Amazing Grace (Arr. Canadian Brass)

 

해롤드 월터스 _ 인스턴트 콘서트
Harold L. Walters _ Instant Concert

 

루더 헨더슨 편곡 _ 성자의 할렐루야
Arr. Luther Henderson _ The Saint’s Hallelujah

 

* 본 공연의 프로그램은 연주자 사정에 의해 사전 공지 없이 변경될 수 있습니다.","[程序]

亨德尔_皇家烟花音乐，IV。文艺复兴时期

G. F. Handel _ 皇家烟花音乐，HWV 351，IV。文艺复兴时期

海顿_C大调赞歌

一、我赞美主。二.我恳求主。三．愿我们与圣人永远在一起

F. J. 海顿 _ C 大调赞歌，Hob.XXIIIc:2

I. 赞美赞美诗 II. Te ergo quaesumus III。愿你永远与圣徒同在

R. 瓦格纳 _ 《罗恩格林》中的“婚礼进行曲”

埃尼奥·莫里康内 _ 加布里埃尔的双簧管

F. 门德尔松 _ 《仲夏夜之梦》中的“婚礼进行曲”

徐永灿 _ 大号幻想曲

佚名 _ 《奇异恩典》（加拿大铜管乐团改编）

哈罗德·L·沃尔特斯 _ 即兴音乐会

卢瑟·亨德森改编 _ 圣徒的哈利路亚

* 由于演出人员情况，本次演出节目单可能随时更改，恕不另行通知。"
나와 할아버지 [공주],我和爷爷[公主]
"[공연소개]
전쟁 통에 헤어진 옛사랑을 찾아 나선 할아버지와, 멜로드라마를 꿈꾸던 손자의 가슴 뭉클한 진짜 이야기
 
화려한 무대 기법 없이도 꽉 채워지는 감동, 이것이 '진짜' 이야기의 힘!
연극 <나와 할아버지>는 극단 '공연배달서비스 간다'의 대표이자 연출가인 민준호의 실제 이야기를 바탕으로 만들어진 작품이다.
멋진 멜로드라마를 쓰고 싶어 하던 공연 대본 작가 '준희'가 외할아버지를 관찰하며 완성해 나가는 이 연극은, 인위적인 연출 없이 
소박하고 진솔한 우리네 삶의 풍경을 그려낸다. ""할머니, 할아버지라고 부르는 그분들도 한때는 뜨거운 사랑을 했던 청춘이었다""는
사실을 일깨워주며, 전 세대를 아우르는 깊은 공감과 따뜻한 위로를 선사한다. 

[시놉시스]
멜로드라마가 쓰고 싶은 혈기만 왕성한 공연대본작가 '준희'
할아버지의 옛사랑을 찾아 나서게 되면서, 진짜 '삶'을 발견한다.
 
준희는 멋진 멜로드라마를 쓰고 싶은 혈기 넘치는 공연대본작가이다.
그의 선생님께서는 그의 외할머니와 할아버지를 관찰하고 완성해보란다.
 
하지만 글쓰기 시작도 전에 갑자기 쓰러지신 할머니.
결국 할아버지만을 관찰하기 시작한 준희는
할아버지의 음성을 녹음하고 할아버지의 과거 이야기를 듣는다.
결국엔 할머니가 쓰러지시기 전에 ""절대 찾는 거도와주지 말라.""고 당부하시던,
할아버지의 지인까지 함께 찾아 나선다.
할아버지의 얘기를 듣다 보니 왠지 여자분일 것 같다! 할아버지의 첫사랑일까?
 
왠지 멜로드라마가 완성될 수도 있다는 기대감에 할머니의 말씀을 어기고,
임수임 할머니를 함께 찾아나서는 준희.
 
그 길에는 준희가 쓰고 싶은 재미있는 길이 놓여있을까?","【简介】

这是一个感人至深的真实故事，讲述了一位祖父为了寻找因战争而分离的旧爱，以及梦想创作一部爱情剧的孙子。

无需华丽的舞台技巧，情感便能充盈整个空间——这就是“真实”故事的力量！

话剧《我和我的爷爷》改编自剧团“孔延别堂服务剧团”代表兼导演闵俊浩的真实故事。

这部话剧由剧作家俊熙创作，她一直梦想创作一部伟大的爱情剧。在观察外祖父的过程中，她完成了这部作品，描绘了我们生活中朴实真挚的风景，没有丝毫矫揉造作。

它提醒我们，“我们称之为爷爷奶奶的人，也曾是经历过激情爱情的年轻人”，

传递出跨越世代的深切共鸣和温暖慰藉。

【剧情简介】

充满活力、一心想创作一部爱情剧的剧作家俊熙，

在寻找祖父旧爱的过程中，发现了人生的真谛。

俊熙是一位精力充沛的剧作家，梦想着创作一部精彩的爱情剧。

他的老师指导他观察并完善外祖父母的形象。

然而，还没等他开始动笔，外祖母就突然去世了。

于是，俊熙开始只观察外祖父，

录下他的声音，聆听他讲述的往事。

最终，他甚至开始寻找外祖父的一位熟人，

外祖母在去世前曾警告他“绝对不要帮忙寻找”。

在聆听外祖父的故事时，他隐约觉得这个人可能是个女人！她会不会是外祖父的初恋呢？

怀着完成一部爱情剧的希望，俊熙违背了奶奶的嘱咐，踏上了寻找奶奶林秀琳的旅程。

俊熙想要谱写的精彩故事，是否会在这条路上找到呢？"
리투아니아 체임버 오케스트라 with 첼리스트 홍진호 [천안],立陶宛室内乐团与大提琴家洪镇浩 [天安]
천안예술의전당 대공연장,天安艺术中心大演出厅
충남 천안시 동남구 성남면 종합휴양지로 185,忠清南道天安市东南区城南面综合乡路 185
"[PROGRAM]
M. K. Čiurlionis - 5 Preludes (arr. Saulius Sondeckis)
칠리오니스 - 5개의 전주곡

F.  Latėno - Bolero
라테나스 - 볼레로

D. Tabakova - Concerto for Cello and Strings
타바코바 - 첼로와 현악을 위한 협주곡

INTERMISSION

W. A. Mozart - Serenade No. 13 in G Major, K.525 〈Eine kleine Nachtmusik〉
모차르트 - 세레나데 사장조, 작품525<아이네 클라이네 나흐트무지크>

C. Saint-Saëns - Introduction and Rondo Capriccioso In A Minor, Op. 28
생상스 - 서주와 론도 카프리치오소 가단조 작품28

P. Sarasate - Introduction and Tarantella, Op. 43
   사라사테 - 서주와 타란텔라, 작품43
              - Zigeunerweisen Op. 20 
                찌고이네르바이젠, 작품20

* 본 프로그램은 사정에 의해 변동될 수 있습니다.","[程序]

M. K. Čiurlionis - 5 Preludes (Saulius Sondeckis 改编)

丘利奥尼斯 - 5 首前奏曲

F. Latėno - Bolero

拉丁裔 - 波莱罗舞曲

D. Tabakova - 大提琴与弦乐协奏曲

中场休息

W. A. 莫扎特 - G 大调第 13 号小夜曲，K.525 <Eine kleine Nachtmusik>

C. 圣桑 - A 小调引子和回旋随想曲，作品。 28

P.萨拉萨蒂 - 简介和塔兰泰拉，作品。 43

萨拉萨蒂 - 简介和塔兰泰拉，作品。 43

- Zigeunerweisen Op。 20

Zigeunerweisen，作品。 20

* 该计划可能会因情况而发生变化。"
서울시향 아주 특별한 콘서트,首尔爱乐乐团特别音乐会
"[프로그램]

몬티, 마림바, 비브라폰과 관현악단을 위한 ‘차르다시’ (편곡: 이상준)
V. Monti, Csárdás for Marimba, Vibraphone & Orchestra (arr. Sangjun Lee)

차이콥스키, 교향곡 제5번
Tchaikovsky, Symphony No. 5 in E minor Op. 64

* 프로그램 및 연주자가 변경될 수 있습니다.","[节目单]

V. Monti，《查尔达什舞曲》（为马林巴琴、颤音琴和管弦乐队而作，李相俊改编）

柴可夫斯基，第五交响曲

* 节目单和演出人员可能会有所变动。"
피터 야블론스키 & 김정원 피아노 듀오 리사이틀 [청주],Peter Jablonski & Kim Jung-on 钢琴二重奏音乐会 [清州]
청주아트홀 구. 청주시민회관) (청주아트홀 (구. 청주시민회관),清州艺术馆（原清州市民中心）
충북 청주시 서원구 예체로 118-1,忠清北道清州市书院区礼车路118-1
"[공연소개]
‘스타’라는 개념을 클래식계에 새롭게 각인시킨 두 피아니스트,
피터 야블론스키와 김정원.
데뷔 당시 아이돌을 연상케 하는 외모와 카리스마, 그리고 그에 걸맞는
실력과 음악적 깊이로 각자의 길에서 독보적인 궤적을 그려온 두 아티스트.
15 년 전 예술의전당에서의 첫 듀오 무대를 기억하시나요?
그 후 계속 이어온 음악적 교류와 우정 속에서 거장으로 향해 걷고 있는
두 사람은, 더욱 원숙해진 해석과 눈빛만으로도 통하는 호흡으로,
단순한 협연을 넘어 시대를 관통하는 음악적 대화를 들려줄 것입니다.

피아니스트 피터 야블론스키와 김정원은 나란히 1990년대와 2000년대를 대표하는 클래식계의 스타 아이콘으로 데뷔해, 깊이 있는 음악성과 폭넓은 대중적 사랑을 동시에 받아온 연주자들입니다. 이번 듀오 리사이틀에서는 대중이 가장 사랑하는 교향곡 중 하나인 베토벤의 교향곡 9번을, ‘피아노의 마술사’ 프란츠 리스트가 두 대의 피아노를 위해 편곡한 특별한 버전으로 선보입니다.
그 외에도 두 대의 피아노, 네 개의 손이 만들어내는 다채롭고 환상적인 프로그램을 통해 두 연주자의 섬세한 감성과 탁월한 호흡을 조명하며, 한 시대를 함께 걸어온 예술가들만이 나눌 수 있는 깊이 있는 음악적 대화를 무대 위에 펼쳐냅니다.

[PROGRAM]
M. Ravel - Rapsodie Espagnole

Witold Lutosławski – Variations on a Theme by Paganini for Two Pianos

L.V. Beethoven – Symphony No. 9 in d minor, Op. 125 “Choral” (arr. F. Liszt)","【音乐会介绍】

两位重新定义古典音乐界“明星”概念的钢琴家：

彼得·亚布隆斯基和金正元。

两位艺术家在各自的音乐道路上都留下了无与伦比的印记。出道时，他们拥有偶像般的外貌和魅力，以及与之相匹配的精湛技艺和深厚的音乐底蕴。

您是否还记得15年前他们在首尔艺术中心的首次双人音乐会？

自那时起，他们便在音乐交流和友谊中不断成长，最终成为大师。

此次音乐会，两位钢琴家将呈现一场超越时代的音乐对话，超越简单的合作，以更加成熟的诠释和仅凭眼神就能传递的默契，带来一场超越时代的音乐盛宴。

钢琴家彼得·亚布隆斯基和金正元作为代表20世纪90年代和21世纪初的古典音乐界明星，同时出道，他们既拥有深厚的音乐造诣，又深受广大乐迷的喜爱。在这场双钢琴音乐会中，我们将呈现贝多芬第九交响曲，这首深受大众喜爱的交响曲，由“钢琴魔术师”弗朗茨·李斯特改编为双钢琴版本。

此外，通过一场精彩纷呈、妙趣横生的双钢琴四手联弹音乐会，我们将着重展现两位演奏家细腻的情感和非凡的默契，在舞台上展开一场深刻的音乐对话，唯有共同走过同一时代的艺术家才能领略其真谛。

[曲目]

M. 拉威尔 - 西班牙狂想曲

维托尔德·卢托斯瓦夫斯基 - 帕格尼尼主题变奏曲（双钢琴）

L.V. 贝多芬 - d小调第九交响曲，作品125号“合唱”（李斯特改编）"
슈투트가르트 필하모닉 오케스트라,斯图加特爱乐乐团
"[프로그램]

베토벤     바이올린 협주곡 D장조, Op. 61
L. van Beethoven     Violin Concerto in D Major, Op. 61

                      INTERMISSION

베토벤     교향곡 제4번 Bb장조, Op. 60
L. van Beethoven     Symphony No. 4 in Bb Major, Op. 60

*프로그램은 연주자의 사정에 의해 사전 예고 없이 변경될 수 있습니다.","【演出曲目】

路德维希·范·贝多芬 D大调小提琴协奏曲，作品61号

中场休息

路德维希·范·贝多芬 降B大调第四交响曲，作品60号

*由于演出人员情况，演出曲目可能有所变动，恕不另行通知。"
키안 솔타니 & 박재홍 듀오 리사이틀,基安·索尔塔尼 (Kian Soltani) 与朴载弘 (Park Jae-hong) 双人演奏会
"[공연소개]
‘깊은 음악성과 독보적인 존재감’으로 세계 무대의 주목을 받아온 첼리스트 키안 솔타니와 국제 콩쿠르를 통해 빠르게 입지를 넓혀온 피아니스트 박재홍이 듀오 리사이틀을 선보인다.
아이슬란드 심포니 오케스트라 상주 아티스트인 솔타니는 더 타임스가 “주목할 만한 첼리스트”, 그라모폰이 “완벽 그 자체”라고 평한 연주자로, 도이치 그라모폰 전속 아티스트로서 베를린 슈타츠카펠레, 뮌헨 필하모닉, NHK 심포니 등 세계 정상급 오케스트라와 협연해 왔다.
박재홍은 2021년 페루초 부조니 국제 피아노 콩쿠르에서 4개의 특별상과 함께 우승하며 국제적 명성을 얻었고, 클리블랜드 국제 영 아티스트 피아노 콩쿠르와 지나 바카우어 콩쿠르 우승을 통해 음악적 역량을 입증해왔다.
이번 무대에서는 레자 발리, 슈베르트, 라흐마니노프로 이어지는 프로그램을 통해 각자의 음악적 뿌리와 해석을 자연스럽게 드러낸다. 깊은 서정성과 정교한 기교를 겸비한 솔타니의 첼로와, 폭넓은 음색과 탄탄한 구조감을 지닌 박재홍의 피아노는 긴밀한 호흡 속에서 밀도 높은 앙상블을 이룬다. 국제 무대에서 축적한 경험과 성숙한 음악성이 만나 완성되는 이번 듀오 리사이틀은, 화려함을 넘어 진정성 있는 실내악의 깊이를 선사하는 시간이 될 것이다.

[PROGRAM]
Reza Vali Persian Folk Songs
레자 발리 페르시아 민요 

F. Schubert Arpeggione Sonata in A minor, D. 821
슈베르트 아르페지오네 소나타 a단조 D. 821

-INTERMISSION-

S. Rachmaninov Cello Sonata in G minor, Op. 19
라흐마니노프 첼로 소나타 g단조 Op. 19 

*프로그램은 연주자의 사정에 의해 사전 예고 없이 변경될 수 있습니다.","【音乐会介绍】

大提琴家基安·索尔塔尼（Kian Soltani）以其“深厚的音乐造诣和无与伦比的舞台魅力”在国际舞台上备受瞩目，而钢琴家朴宰洪（Jaehong Pak）则凭借在国际比赛中的出色表现迅速崭露头角。他们将联袂呈现一场精彩的二重奏音乐会。

索尔塔尼是冰岛交响乐团的驻团艺术家，被《泰晤士报》誉为“值得关注的大提琴家”，并被《留声机》杂志赞为“完美无瑕”。作为德意志留声机公司的专属艺术家，他曾与柏林国家管弦乐团、慕尼黑爱乐乐团和NHK交响乐团等世界一流乐团合作演出。

朴宰洪凭借2021年费鲁乔·布索尼国际钢琴比赛的冠军头衔以及四项特别奖而享誉国际，并在克利夫兰国际青年艺术家钢琴比赛和吉娜·巴考尔国际钢琴比赛中屡获殊荣，充分展现了他的音乐才华。在这个舞台上，通过一场涵盖雷扎·瓦利、舒伯特和拉赫玛尼诺夫作品的音乐会，他们自然而然地展现了各自的音乐根源和诠释。索尔塔尼的大提琴兼具深沉的抒情性和精湛的技巧，而朴宰洪的钢琴则拥有宽广的音色和扎实的结构感，两人通过紧密的合作，构成了一支浑厚的合奏。凭借在国际舞台上积累的经验和成熟的音乐素养，这场二重奏音乐会必将呈现超越炫技的、真正意义上的室内乐的深度。

[曲目]

雷扎·瓦利：波斯民歌

F. 舒伯特：A小调琶音奏鸣曲，D. 821

-中场休息-

S. 拉赫玛尼诺夫：G小调大提琴奏鸣曲，Op. 19 19

* 由于演出者的情况，曲目可能会有所变动，恕不另行通知。"
손열음 & BBC 심포니 오케스트라 with 사카리 오라모,Yeol Eum Son 与 BBC 交响乐团与 Sakari Oramo
"[프로그램]

F. Mendelssohn The Hebrides, Op. 26 “Fingal's Cave Overture”
멘델스존 핑갈의 동굴 서곡, Op. 26

B. Britten Piano Concerto in D Major, Op. 13 (Rev. 1945)
브리튼 피아노 협주곡 D장조, Op. 13 (1945년 개정판)

INTERMISSION

J. Brahms Symphony No. 2 in D Major, Op. 73
브람스 교향곡 제2번 D장조, Op. 73

*프로그램은 연주자의 사정에 의해 사전 예고 없이 변경될 수 있습니다.","【演出曲目】

F. 门德尔松《赫布里底群岛》，作品26号“芬格尔洞穴序曲”

B. 布里顿D大调钢琴协奏曲，作品13号（1945年修订版）

中场休息

J. 勃拉姆斯D大调第二交响曲，作品73号

*由于演出人员情况，演出曲目可能有所变动，恕不另行通知。"
"모나코 몬테카를로 발레단, 백조의 호수",摩纳哥蒙特卡洛芭蕾舞团，《天鹅湖》
"[공연소개]
동화적 환상을 걷어낸 흑백의 스릴러

고전 발레의 우아함과 현대 무용의 파격을 절묘하게 결합하여 세계 무용 팬들을 사로잡은 모나코 몬테카를로 발레단이 장 크리스토프 마이요의 수작 [백조의 호수]로 한국 관객을 매혹한다. 마이요는 원작의 동화적 환상을 걷어내고, 흑과 백, 선과 악, 순수와 욕망의 대비를 세련된 미장센으로 풀어내며 ‘백조’를 인간 내면을 파고드는 치밀한 심리 드라마로 변주했다. 차이콥스키 원곡을 바탕으로 새롭게 구성한 음악은 코리아 쿱 오케스트라의 라이브 연주로 작품의 긴장감과 감정선을 더욱 풍성하게 만들어 줄 것이다.","【演出介绍】

剥去童话幻想的黑白惊悚剧

摩纳哥蒙特卡洛芭蕾舞团以其精湛的技艺，将古典芭蕾的优雅与现代舞的创新完美融合，征服了世界各地的舞蹈爱好者。此次，他们将携让-克里斯托夫·马约的杰作《天鹅湖》震撼韩国观众。马约摒弃了原作的童话幻想，将“天鹅”的故事转化为一部错综复杂的心理剧，深入探讨人性的复杂层面，通过精妙的舞台调度，展现黑白、善恶、纯洁与欲望的鲜明对比。根据柴可夫斯基原作谱曲全新创作的音乐将由韩国合作管弦乐团现场演奏，进一步增强演出的张力和情感深度。"
"함신익과 심포니 송 마스터즈 시리즈 Ⅳ, 베르디: 레퀴엠",咸信益与交响乐歌曲大师系列第四辑，威尔第：《安魂曲》
"[프로그램]

Giusepp Verdi | Messa da Requiem, Op. 48
베르디 | 레퀴엠, 작품번호 48

* 본 프로그램 및 출연진은 상황에 따라 사전 예고없이 변경될 수 있습니다.","[节目单]

朱塞普·威尔第 | 安魂弥撒曲，作品48号

威尔第 | 安魂曲，作品48号

* 本节目单及演出阵容可能因实际情况有所变动，恕不另行通知。"
"시그니처 대전, 아벤트 시리즈: SYZYGY",招牌对战，系列赛事：SYZYGY
"[프로그램]

3월 26일(목)
V. Williams Fantasia on a Theme by Thomas Tallis
A. Vivaldi Concerto for Two Violins in a minor, RV 522
바이올린Ⅰ 오영근 바이올린Ⅱ 박선영

Intermission

P. Glass Symphony No. 3
Mason Bates The B-Sides


3월 27일(금)
P. Glass Symphony No. 3
W. A. Mozart Concerto for Two Pianos in E-flat Major, K. 365
피아노Ⅰ 송혜주 피아노Ⅱ 윤효정

Intermission

Mason Bates The B-Sides


3월 28일(토)

1부
피아니스트 김병희

슈만 _ 유모레스크, Op. 20
R. Schumann _ Humoreske, Op. 20
Einfach
Hastig
Einfach und zart
Innig
Sehr Lebhaft
Zum Beschluss

라벨 _ 라 발스, M. 72
M. Ravel _ La Valse, M. 72

- Intermission -

2부
소프라노 김승현

로베르트 슈만 _ 연꽃
R. Schumann _ Die Lotosblume

로베르트 슈만 _ 연가곡 [여인의 사랑과 생애], Op. 42
R. Schumann _ Liederkreis [Frauenliebe und Leben], Op. 42
Ⅰ. Seit ich ihn gesehen
Ⅱ. Er, der Herrlichste von allen
Ⅲ. Ich kann's nicht fassen, nicht glauben
Ⅳ. Du Ring an meinem Finger
Ⅴ. Helft mir, ihr Schwestern
Ⅵ. Süßer Freund, du blickest
Ⅶ. An meinem Herzen, an meiner Brust
Ⅷ. Nun hast du mir den ersten Schmerz getan
Ⅸ. Traum der eignen Tage

클라라 슈만 _ 고요한 연꽃
C. Schumann _ Die stille Lotosblume

※ 프로그램은 변경 될 수 있습니다.","【节目单】

3月26日（周四）

V. Williams：《托马斯·塔利斯主题幻想曲》

A. Vivaldi：A小调双小提琴协奏曲，RV 522

第一小提琴：吴永根

第二小提琴：朴善英

中场休息

P. Glass：第三交响曲

Mason Bates：《B面》

3月27日（周五）

P. Glass：第三交响曲

W. A. Mozart：降E大调双钢琴协奏曲，K. 365

第一钢琴：宋慧珠

第二钢琴：尹孝贞

中场休息

Mason Bates：《B面》

3月28日（周六）

第一部分

钢琴家：金炳熙

舒曼：《幽默曲》，作品号20

R. 舒曼 _ Humoreske，作品。 20
艾因法赫
哈斯蒂格
艾因法赫和扎特
因尼格
塞尔·莱巴夫特
苏姆·贝施鲁斯

标签_La Valse，M.72
M.拉威尔_La Valse，M.72

-中场休息-

第2部分
女高音金胜贤

罗伯特·舒曼_莲花
R. 舒曼 _ Die Lotosblume

罗伯特·舒曼_情歌[女人的爱情与生活]，作品。 42
R. 舒曼 _ Liederkreis [Frauenliebe und Leben]，作品。 42
Ⅰ. Seit ich ihn gesehen
二.呃，艾伦先生
三． Ich kann 的 nicht fassen, nicht glauben
四．杜环和梅纳姆手指
Ⅴ.赫尔夫特米尔，德国施韦斯特
Ⅵ.亲爱的朋友，你看起来

Ⅶ.迈纳姆·赫尔岑，迈纳·布鲁斯特

Ⅷ. Nun hast du mir den ersten Schmerz getan

Ⅸ.自身创伤

克拉拉·舒曼_沉默的莲花

C. 舒曼 _ Die stille Lotosblume

※ 日程可能会有变更。"
제10회 코리안 트럼펫 오케스트라 정기연주회,第十届韩国小号乐团例行音乐会
KBS홀,KBS大厅
서울특별시 영등포구 여의공원로 13 (여의도동),首尔特别市永登浦区汝矣公园路13（汝矣岛洞）
"[PROGRAM]

P. Sparke ... Hanover Festival
R. Wagner ... Elsa's Procession to the Cathedral
A. Waignein ... Air for Winds
S. Reineke ... Fate of the Gods
A. Silvestri ... Forrest Gump OST
C. Mangione ... Children of Sanchez * 협연 : 조정현(Jazz Trumpet)
Arr. J. Vinson ... Frozen OST
F.v. Suppé ... Poet and Peasant Overture","[节目单]

P. Sparke ... 汉诺威音乐节

R. Wagner ... 艾莎前往大教堂的游行

A. Waignein ... 风之咏叹调

S. Reineke ... 诸神的命运

A. Silvestri ... 阿甘正传原声带

C. Mangione ... 桑切斯的孩子们 * 合作者：赵正铉（爵士小号）

J. Vinson 编曲 ... 冰雪奇缘原声带

F.v. Suppé ... 诗人与农民序曲"
이소란 바이올린 독주회,李素兰小提琴独奏音乐会
"[PROGRAM]

 W. Bolcom	
 Graceful Ghost Rag
J. Brahms

 Sonata for  Violin and Piano No. 1 in G Major, Op. 78
 C. Debussy	

 Sonata for Violin and Piano in G minor 
 P. de. Sarasate

 Carmen Fantasy Op. 25","【节目单】

W. 博尔科姆

优雅的幽灵拉格

J. 勃拉姆斯

G大调第一小提琴与钢琴奏鸣曲，作品78号

C. 德彪西

G小调小提琴与钢琴奏鸣曲

P. 德·萨拉萨蒂

卡门幻想曲，作品25号"
폴 코니쉬 트리오 첫 내한공연,保罗·康尼什三重奏在韩国的首场音乐会
성수아트홀 성수문화복지회관) (성수아트홀(성수문화복지회관),圣水艺术馆（圣水文化福利中心）（圣水艺术馆（圣水文化福利中心）
서울 성동구 뚝섬로1길 43,首尔市城东区纛岛路1街43
"[공연소개]


재즈 음반 레코드 레이블로 대중적인 인기는 물론 예술적인 성취의 측면에서 재즈 매니아들에게 블루노트(Blue Note) 가 가지는 상징성은 매우 크다. 블루노트에서 야심차게 영입한 신예 피아니스트 폴 코니쉬는 현재 미국 모던 색소폰의 거장 조슈아 레드맨의 밴드에서 활동하고 있으며, 그의 데뷔작이 블루노트에서 2025년에 발매되었다.

 
다수의 매체에서는 그의 데뷔작 <You're Exaggerating!>을 두고 블루노트가 다시한번 신선한 아이디어를 가진 새로운 아티스트를 찾는데 안목이 있다고 평가하며, 파이낸셜 타임즈는 “Blue Note strikes again” (블루노트가 다시 습격했다) 라는 헤드라인으로 블루노트와 폴 코니쉬의 조합을 평가했다. 음반에 참여했던 오리지널 멤버들로 진행하는 이번 첫 내한공연은 조슈아 크럼블리(베이스), 조나단 핀슨(드럼)의 트리오 구성으로 현재 미국 재즈씬을 대표하는 젊은 연주자들의 생동감 넘치는 연주와 에너지를 직접 접해볼 수 있다.


비밥의 거장 버드 파웰과 델로니우스 뭉크를 연상시키는 고전적인 밥에서부터 제이슨 모란, 로버트 글래스퍼 등의 모던 피아니스트의 계보를 잇는 포스트밥 크리에이티브 재즈에 이르기까지, 폴 코니쉬 트리오 첫 내한공연은 블루노트의 위대한 유산에 자신만의 독창적인 색채를 더해, 서정적이면서 파워풀한 사운드의 연주로 21세기 재즈 피아니즘의 정수를 느껴볼 수 있는 공연이 될 것이다.



[폴 코니쉬 소개]


2023년 아메리칸 피아노 어워즈 그리고 허비 행콕 국제 재즈 피아노 컴페티션에서 최종 후보로 오르며, 3위로 우승을 하였던 그는 그의 젊은 감각과 완벽한 실력을 인정받으며 Joshua Redman, Louis Cole, Mark Guiliana 등의 세션으로 광범위한 활동을 펼쳤다. 올해 29세가 되는 그는 이미 거장과 같은 성숙함과 재즈의 인터플레이에 필요한 민첩성과 창의성을 나타내며, 블루노트에서 발탁한 감각적인 피아니스트이다.","【音乐会介绍】

作为一家爵士唱片公司，Blue Note 对爵士乐爱好者而言具有极其重要的象征意义，这不仅体现在其广受欢迎的音乐风格上，更体现在其卓越的艺术成就上。保罗·康尼什（Paul Cornish）是一位冉冉升起的钢琴家，他被 Blue Note 雄心勃勃地发掘，目前活跃于美国现代萨克斯风演奏家约书亚·雷德曼（Joshua Redman）的乐队中。他的首张专辑于 2025 年由 Blue Note 发行。

众多媒体盛赞他的首张专辑《You're Exaggerating!》，认为这再次证明了 Blue Note 拥有发掘具有创新精神的新锐艺术家的敏锐眼光。《金融时报》以“Blue Note 再创佳绩”为题，对 Blue Note 与保罗·康尼什的合作进行了评价。此次在韩国的首演，由参与专辑录制的原班人马组成，包括贝斯手约书亚·克伦布利（Joshua Crumbley）和鼓手乔纳森·平森（Jonathan Pinson），三重奏将为观众带来亲身感受这些代表着当代美国爵士乐坛的年轻音乐家们充满活力和激情的演奏的机会。

**音乐会简介** 从令人想起比波普大师巴德·鲍威尔和塞隆尼斯·蒙克的古典比波普，到延续杰森·莫兰和罗伯特·格拉斯珀等现代钢琴家风格的后比波普创意爵士，保罗·康尼什三重奏在韩国的首次演出将为蓝调之音唱片公司（Blue Note）的辉煌传统增添他独特的色彩。这场音乐会将以抒情而强劲的音色，为您带来一次体验21世纪爵士钢琴精髓的绝佳机会。

[关于保罗·康尼什]

保罗·康尼什曾入围2023年美国钢琴奖和赫比·汉考克国际爵士钢琴比赛决赛（并荣获第三名），他以其年轻的音乐感悟和精湛的技艺而备受赞誉，并曾与约书亚·雷德曼、路易斯·科尔和马克·朱利亚纳等艺术家进行过广泛的录音室合作。今年 29 岁的他已经展现出大师的成熟，以及爵士乐演奏所需的灵活性和创造力，这使他成为被 Blue Note 发掘的一位才华横溢的钢琴家。"
"함신익과 심포니 송 마스터즈 시리즈 Ⅲ, 쇼스타코비치 교향곡 5번",咸信益与交响乐歌曲大师系列第三辑，肖斯塔科维奇第五交响曲
"[프로그램]

Dmitri Shostakovich | Festive Overture in A Major, Op. 96
쇼스타코비치 | 축전 서곡 가장조, 작품번호 96

Sergei Prokofiev | Piano Concerto No. 2 in G minor, Op. 16
프로코피예프 | 피아노 협주곡 제2번 사단조, 작품번호 16

Dmitri Shostakovich | Symphony No. 5 in D minor, Op. 47
쇼스타코비치 | 교향곡 제5번 라단조, 작품번호 47

* 본 프로그램 및 출연진은 상황에 따라 사전 예고없이 변경될 수 있습니다.","【演出曲目】

德米特里·肖斯塔科维奇 | A大调节日序曲，作品96号

谢尔盖·普罗科菲耶夫 | G小调第二钢琴协奏曲，作品16号

德米特里·肖斯塔科维奇 | D小调第五交响曲，作品47号

* 本演出曲目及演出阵容可能因实际情况有所调整，恕不另行通知。"
"함신익과 심포니 송 마스터즈 시리즈 Ⅴ, 전람회의 그림",咸信益与交响乐歌曲大师系列 V，展览会上的图画
"[프로그램]

Modest Mussorgsky | Night on Bald Mountain
무소르그스키 | 민둥산의 하룻밤

Maurice Ravel | Piano Concerto in G Major, M. 83
라벨 | 피아노 협주곡 사장조, 작품번호 83

Modest Mussorgsky / Maurice Ravel | Pictures at an Exhibition
무소르그스키/라벨 | 전람회의 그림

* 본 프로그램 및 출연진은 상황에 따라 사전 예고없이 변경될 수 있습니다.","【节目单】

穆索尔斯基 | 《荒山之夜》

拉威尔 | G大调钢琴协奏曲，M. 83

穆索尔斯基 / 拉威尔 | 《图画展览会》

* 本节目单及演出阵容可能因实际情况有所调整，恕不另行通知。"
"함신익과 심포니 송 마스터즈 시리즈 Ⅶ, 브람스 페스티벌",咸信益与交响乐歌曲大师系列 VII，勃拉姆斯音乐节
"[프로그램]

Ludwig van Beethoven | Egmont Overture, Op. 84
베토벤 | 에그몬트 서곡, 작품번호 84

Johannes Brahms | Piano Concerto No. 2 in B♭ Major, Op. 83
브람스 | 피아노 협주곡 제2번 내림나장조, 작품번호 83

Johannes Brahms | Symphony No. 1 in C minor, Op. 68
브람스 | 교향곡 제1번 다단조, 작품번호 68

* 본 프로그램 및 출연진은 상황에 따라 사전 예고없이 변경될 수 있습니다.","【演出曲目】

路德维希·范·贝多芬 | 《埃格蒙特》序曲，作品84号

约翰内斯·勃拉姆斯 | 第二钢琴协奏曲，降B大调，作品83号

约翰内斯·勃拉姆斯 | 第一交响曲，C小调，作品68号

* 本演出曲目及演出阵容可能因实际情况有所调整，恕不另行通知。"
"함신익과 심포니 송 마스터즈 시리즈 VI, 차이코프스키 스페셜",咸信益与交响乐歌曲大师系列 VI，柴可夫斯基特辑
"[프로그램]

Pyotr Tchaikovsky | Violin Concerto in D Major, Op. 35
차이코프스키 | 바이올린 협주곡 라장조, 작품번호 35

Pyotr Tchaikovsky | Symphony No. 4 in F minor, Op. 36
차이코프스키 | 교향곡 제4번 바단조, 작품번호 36

* 본 프로그램 및 출연진은 상황에 따라 사전 예고없이 변경될 수 있습니다.","【演出曲目】

彼得·柴可夫斯基 | D大调小提琴协奏曲，作品35号

彼得·柴可夫斯基 | D大调小提琴协奏曲，作品35号

彼得·柴可夫斯基 | F小调第四交响曲，作品36号

* 本演出曲目及演出阵容可能因实际情况有所调整，恕不另行通知。"
"예술의전당 토요콘서트, 프리뷰 베토벤 (3월)",首尔艺术中心周六音乐会，贝多芬（三月）预演
"[프로그램]

베토벤 / 피아노 협주곡 제1번 C장조 Op.15
베토벤 / 교향곡 제2번 D장조 Op.36","【演出曲目】

贝多芬 / C大调第一钢琴协奏曲，作品15号

贝多芬 / D大调第二交响曲，作品36号"
"아티스트 시리즈 4, The Party",艺术家系列 4，派对
"[PROGRAM]

2026 아티스트 시리즈 4
<The Party>

Ernest Chausson (1855-1899)
Concerto for Violin, Piano and String Quartet, Op.21 
1. Decide
2. Sicilienne
3. Grave
4. Tres anime
 
George Enescu (1881-1955)
String Octet in C major, Op.7 
1. Tres modere
2. Tres fougueux
3. Lentement
4. Mouvement de Valse bien rythmee","[程序]

2026年艺术家系列4
<党>

欧内斯特·肖松 (1855-1899)
小提琴、钢琴和弦乐四重奏协奏曲，作品 21 
1. 决定
2. 西西里岛
3. 坟墓
4.特雷斯动漫
 
乔治·埃内斯库 (1881-1955)
C大调弦乐八重奏，作品7 
1.三重温和
2. 特雷斯富格
3.借出
4. 节奏圆舞曲运动"
"제180회 부천시립합창단 정기연주회: 헨델, 메시아",富川市合唱团第180届例行音乐会：亨德尔，《弥赛亚》
"[Program]

헨델 메시아
G. Handel Messiah HWV. 56

* 본 프로그램은 주최 측 사정에 의해 변경될 수 있습니다.","【节目单】

亨德尔《弥赛亚》

亨德尔《弥赛亚》HWV. 56

* 本节目单可能因主办方情况而有所调整。"
서울시향 체임버 클래식스 Ⅱ: 슬라브,首尔爱乐室内乐经典系列 II：斯拉夫
"[프로그램]

보로딘, 현악 사중주 제2번
Borodin, String Quartet No. 2 in D major

차이콥스키, 현악 육중주 ‘피렌체의 추억’
Tchaikovsky, String Sextet in D minor, Op. 70, ‘Souvenir de Florence’

* 프로그램 및 출연자는 변경될 수 있습니다.","[节目单]

鲍罗丁，第二弦乐四重奏

柴可夫斯基，D小调弦乐六重奏，作品70号，“佛罗伦萨的回忆”

* 节目单及演出人员可能有所变动。"
서울시향 체임버 클래식스 Ⅲ: 독일 & 오스트리아,首尔爱乐室内乐经典系列 III：德国与奥地利
"[PROGRAM]

슈베르트, 현악 삼중주
Schubert, String Trio in B-flat major, D. 581

모차르트, 호른 오중주
Mozart, Horn Quintet in E-flat major, K. 407

브람스, 피아노 오중주
Brahms, Piano Quintet in F minor, Op. 34

※ 프로그램 및 출연자는 변경될 수 있습니다.","【演出曲目】

舒伯特，降B大调弦乐三重奏，D. 581

莫扎特，降E大调圆号五重奏，K. 407

勃拉姆斯，F小调钢琴五重奏，Op. 34

※ 演出曲目及演奏者可能有所变动。"
서울시향 얍 판 츠베덴의 브루크너 교향곡 4번,首尔爱乐乐团演奏梵志登《布鲁克纳第四交响曲》
"[프로그램]

브루크너, 교향곡 제4번 '낭만적'
Bruckner, Symphony No. 4 in E-flat major, WAB 104 'Romantic'

* 프로그램 및 연주자가 변경될 수 있습니다.","【演出曲目】

布鲁克纳，第四交响曲“浪漫”

布鲁克纳，降E大调第四交响曲，WAB 104“浪漫”

* 演出曲目和表演者可能会有所变动。"
서울시향 김선욱과 알리스 사라 오트 ②,首尔爱乐乐团的金善旭和艾丽斯·萨拉·奥特 ②
"[공연소개]
독주자로 서울시향과 각별한 관계를 맺어왔고 지휘자로는 지난 2022년 12월 정기공연 무대에 데뷔했던 김선욱이 다시 한번 서울시향을 만난다. 까끌까끌한 느낌의 악상이 인상적인 정취를 남기는 모데스트 무소륵스키의 ‘민둥산에서의 하룻밤’으로 공연의 시작을 알린 뒤에 등장하는 작품은 모리스 라벨의 피아노 협주곡 G장조. 일찍이 독일에서 신동으로 이름을 알린 이후 대중성을 갖춘 행보로 국제 무대에 확실하게 자리매김한 알리스 사라 오트가 매 순간이 화사한 이 협주곡의 솔리스트로 참여한다. 서울시향과 함께한 지난 2023년 10월 공연에서 리하르트 슈트라우스의 작품으로 2부를 꾸몄던 김선욱 지휘자가 이번에 준비한 작품은 요하네스 브람스의 교향곡 2번이다. 피아니스트로 활동하는 내내 탁월한 브람스 연주자로 평가받아 왔고, 지휘자로 본격적인 활동을 시작한 이후에도 이 작곡가를 향한 각별한 애정을 보여주었던 음악가 김선욱이 서울시향과 함께 들려줄 브람스를 기대해 본다.

[PROGRAM]
2026 서울시향 김선욱과 알리스 사라 오트 ②
Sunwook Kim and Alice Sara Ott

무소륵스키, '민둥산에서의 하룻밤' *림스키코르사코프 편곡
Mussorgsky, Night on Bald Mountain *arranged by Nikolai Rimsky-Korsakov

라벨, 피아노 협주곡 G장조
Ravel, Piano Concerto in G major, M. 83

브람스, 교향곡 제2번
Brahms, Symphony No. 2 in D major, Op. 73 

* 프로그램 및 연주자가 변경될 수 있습니다.","【音乐会介绍】

曾与首尔爱乐乐团保持着密切合作关系的独奏家金善旭，于2022年12月在该乐团的常规音乐会上首次以指挥家身份亮相，此次将再次与乐团合作。音乐会以穆索尔斯基的《荒山之夜》开场，这首作品以其粗犷的旋律营造出令人难忘的氛围。随后是拉威尔的G大调钢琴协奏曲。早年以神童身份在德国崭露头角，并凭借其广受欢迎的音乐轨迹在国际舞台上站稳脚跟的爱丽丝·萨拉·奥特将担任这首协奏曲的独奏，演绎出光彩夺目的乐章。曾在2023年10月与首尔爱乐乐团合作的音乐会下半场指挥理查·施特劳斯作品的金善旭，此次为音乐会精心准备了勃拉姆斯第二交响曲。我们期待音乐家金善旭将携手首尔爱乐乐团，为您呈现勃拉姆斯的作品。金善旭作为钢琴家，其职业生涯中一直以杰出的勃拉姆斯诠释者而闻名，即便开启指挥生涯后，他依然对这位作曲家怀有特殊的敬意。

[节目单]

2026 首尔爱乐乐团 金善旭与艾丽丝·萨拉·奥特 ②

金善旭与艾丽丝·萨拉·奥特

穆索尔斯基，《荒山之夜》（尼古拉·里姆斯基-科萨科夫改编）

拉威尔，G大调钢琴协奏曲，M. 83

勃拉姆斯，D大调第二交响曲，Op. 73

*节目单及演出人员如有变更，恕不另行通知。"
서울시향 이지윤의 드보르자크 바이올린 협주곡,首尔爱乐乐团李智润德沃夏克小提琴协奏曲
"[프로그램]

드보르자크, 바이올린 협주곡
Dvorák, Violin Concerto in A minor, Op. 53

시벨리우스, 교향곡 제1번
Sibelius, Symphony No. 1 in E minor, Op. 39
 
* 프로그램 및 연주자가 변경될 수 있습니다.","【演出曲目】

德沃夏克：A小调小提琴协奏曲，作品53号

西贝柳斯：E小调第一交响曲，作品39号

* 演出曲目及表演者可能有所变动。"
서울시향 마르쿠스 슈텐츠와 바딤 글루즈만 ②,首尔爱乐乐团 马库斯·斯滕茨和瓦迪姆·格鲁兹曼 ②
"[프로그램]

브람스, 바이올린 협주곡
Brahms, Violin Concerto in D major, Op. 77

 
월턴, 교향곡 제1번
Walton, Symphony No. 1 in B-flat minor

 
* 프로그램 및 연주자가 변경될 수 있습니다.","【演出曲目】

勃拉姆斯：D大调小提琴协奏曲，作品77号

沃尔顿：降B小调第一交响曲

* 演出曲目及演奏者可能有所变动。"
서울시향 조너선 노트의 차이콥스키 교향곡 3번 ②,首尔爱乐乐团指挥乔纳森·诺特的柴可夫斯基第三交响曲②
"[PROGRAM]

리게티, '론타노'
Ligeti, Lontano 

라흐마니노프, 피아노 협주곡 제3번
Rachmaninoff, Piano Concerto No. 3 in D minor, Op. 30

차이콥스키, 교향곡 제3번 '폴란드' 
Tchaikovsky, Symphony No. 3 in D major, Op. 29 ""Polish""

* 프로그램 및 연주자가 변경될 수 있습니다.","【演出曲目】

利盖蒂，《远方》

拉赫玛尼诺夫，第三钢琴协奏曲

柴可夫斯基，第三交响曲“波兰”

* 演出曲目及表演者可能有所变动。"
제2회 푸른 실내악 축제 [성남],第二届蓝色室内乐音乐节【城南】
"[Program]

1부
A. Dvorak Slavonic Dances Op.46-8 for 1piano 4hands 1st정선옥 2nd이수정

F. Lizst Liebestraume, S.541 no.3
R. Schumann / F. Lizst 편곡 ＂Widmung from Myrthen＂(헌정) Op.25 No.1,S.566 임동현
F. Chopin Ballade No. 1 in G minor, Op. 23 배지현
Clara Schumann piano Trio in G minor Op.17 1악장 11분45초 트리오 루치아
Vn.김나라 Vc. 오혜주 Pf.성예원

2부
C. Saint-Saens - E. Ysaye
Caprice d＇apres l＇etude en forme de Valse de Op. 52, No. 6 for Violin and Piano
Vn.백수정 Pf.백진경

Scriabin prelude op.16 no.1
Scriabin sonata no.2 1.Movement 윤정석

Bach French suite in G Major, BWV 81613분 한준영

Arthur Foote Piano Trio No.1, op.5 트리오 이은
Vn.김은지 Vc.임준희 Pf.정소영","[程序]

第 1 部分
A. 德沃夏克斯拉夫舞曲 Op.46-8 为 1 架钢琴 4 手联弹而作 第一名 郑善玉 第二名 李秀贞

F. Lizst Liebestraume，S.541 no.3

R.舒曼/F.李斯特编曲《Widmung from Myrthen》（奉献）Op.25 No.1，S.566 林东贤

F. 肖邦 G 小调第一叙事曲，作品。 23 裴智贤

克拉拉·舒曼 G小调钢琴三重奏 Op.17 第一乐章 11:45 露西亚三重奏

Vn。金娜拉 Vc.吴慧珠 Pf.成艺媛

第2部分
C. 圣桑 - E. 伊萨耶

作品圆舞曲形式的随想曲。 52号，第6首，为小提琴和钢琴而作

小提琴：白秀贞 钢琴：白镇京

斯克里亚宾前奏曲，作品16号，第1首

斯克里亚宾第二钢琴奏鸣曲，第一乐章 尹正锡

巴赫G大调法国组曲，BWV 816，13分钟 韩俊英

阿瑟·福特第一钢琴三重奏，作品5号 三重奏：李恩

小提琴：金恩智 大提琴：林俊熙 钢琴：郑素英"
"위클리 클래식 페스티벌: 사랑, 그 리듬에 대하여: 알레그리 앙상블 [서울 수서]",每周经典音乐节：论爱，那节奏：阿莱格里乐团 [首尔音乐]
스튜디오 바이탈 바이브,活力工作室
서울 강남구 밤고개로34길 14,首尔特别市江南区竹谷路34街14
"[Program]

R. Schumann, Piano Quintet, Op.44
슈만, 피아노 퀸텟

N. Kapustin, Piano Quintet, Op. 89
니콜라이 카푸스틴, 피아노 퀸텟


*프로그램은 연주자의 사정에 의하여 예고없이 변경될 수 있습니다.","【演出曲目】

R. 舒曼，钢琴五重奏，作品44

舒曼，钢琴五重奏

N. 卡普斯汀，钢琴五重奏，作品89

尼古拉·卡普斯汀，钢琴五重奏

*由于演奏者个人情况，演出曲目可能有所变动，恕不另行通知。"
"제3회 서울 국제 모노드라마 페스티벌, 아침이 있다",第三届首尔国际独幕剧节，《有早晨》
삼일로창고극장,萨米尔罗仓库剧院
서울 중구 삼일대로9길 12,首尔特别市中区三一大路9街12
"[시놉시스]

2001년 9월 4일 월요일 오전 7시 39분. 한 소녀가 발을 떼는 순간, 시간은 미분화되어 멈춘다. 소녀는 눈을 감고 재채기를 하며 공중에 붕 떠 있다.
그 찰나의 눈앞에는 42도 각도의 완벽한 무지개가 펼쳐진다. 빨강에서 보라까지 이어지는 일곱 색깔의 파노라마는 전철, 악보, 잠바, 수영복 등 일상의 사물들로 치환되며 무대를 채운다. 도레미파솔라시도의 7음계가 겹쳐져 거대한 화음을 만들지만, 정작 그 순간의 주인공인 소녀는 이 경이로운 우주적 현상을 알지 못한다.
재채기를 기점으로 시간은 앞뒤로 흐른다. 주변 사람, 우정, 연애, 배움. 소녀는 세계를 미분하듯 잘게 쪼개어 바라보고, 그 안에서 슬픔과 분함에 도달한다.
그래서 소녀는 이 모든 것을 향해 있는 힘껏 숨과 침을 내뿜으며 재채기를 한다.","【剧情简介】

2001年9月4日，星期一，上午7:39。女孩迈出一步的那一刻，时间仿佛静止，失去了界限。她闭上双眼，打了个喷嚏，漂浮在空中。

在那转瞬即逝的瞬间，一道完美的彩虹以42度角在她眼前展开。七彩缤纷的彩虹，从红色延伸至紫色，填满了整个世界，而地铁车厢、乐谱、外套、泳衣等日常物品则逐渐被取代。七音符“哆来咪发梭啦西哆”交织在一起，谱写出宏大的和谐乐章，然而，作为这一刻的主角，女孩却对这奇妙的宇宙现象浑然不觉。

时间从喷嚏开始，在她眼前来回穿梭。周围的人，友谊，爱情，学习……女孩眼中的世界仿佛被分割成无数碎片，而在这碎片之中，她感受到了悲伤和怨恨。所以，她打了个喷嚏，用尽全力将气息和唾液喷向这一切。"
"제21회 서울스프링실내악축제, 갤러리 콘서트: 구세계의 영재들 (04.29)",第21届首尔春季室内乐音乐节，画廊音乐会：旧世界的天才儿童（4月29日）
아트스페이스3,艺术空间 3
서울 종로구 효자로7길 23,首尔特别市钟路区孝子路7街23
"[프로그램]

〈 구세계의 영재들 Old World Wunderkinds 〉

E. J. Bozza : Sonatine for Brass Quintet
보차 : 금관 5중주를 위한 소나티네
오성 브라스 Five Stars Brass

C. Reinecke : Sonata in e minor 〈Undine〉 for Flute and Piano, Op. 167
라이네케 : 플루트와 피아노를 위한 소나타 e단조 〈운디네〉, Op. 167
Fl. 마티어 듀푸르 Mathieu Dufour / Pf. 임효선 Hyo-Sun Lim

S. Rachmaninov : Piano Trio Elegiaque No. 1 in g minor
라흐마니노프 : 피아노 3중주 엘레지 제1번 g단조
Pf. 알렉산더 무투즈킨 Alexandre Moutouzkine / Vn. 김다미 Dami Kim / Vc. 박진영 Angela Park

-INTERMISSION-

W. A. Mozart : Duo No. 1 in G Major for Violin and Viola, K. 423
모차르트 : 바이올린과 비올라를 위한 2중주 제1번 G장조, K. 423
Vn. 강동석 Dong-Suk Kang / Va. 이한나 Hanna Lee

J. Brahms : Piano Trio No. 3 in c minor, Op. 101
브람스 : 피아노 3중주 제3번 c단조, Op. 101
Pf. 문지영 Chloe Jiyeong Mun / Vn. 한수진 Soojin Han / Vc. 강승민 Seungmin Kang

F. Liszt : Hungarian Rhapsody No. 2 for Piano 4 hands
리스트 : 네 손을 위한 헝가리 광시곡 제2번
신박듀오 Piano Duo ShinPark

프로그램 및 연주자는 주최측의 사정에 의해 사전 예고없이 변경될 수 있습니다.
THIS PROGRAM AND ARTIST ARE SUBJECT TO CHANGE WITHOUT ANY NOTICE.","[节目单]

〈旧世界奇才〉

E. J. 博扎：铜管五重奏小奏鸣曲

五星铜管乐团

C. 雷内克：e小调长笛与钢琴奏鸣曲〈水妖〉，作品167

长笛：马蒂厄·杜福尔 / 钢琴：林孝善

S. 拉赫玛尼诺夫：g小调第一钢琴三重奏《挽歌》

钢琴：亚历山大·穆图兹金 / 小提琴：金达美 / 大提琴：朴安琪

-中场休息-

W. A. 莫扎特：G大调第一小提琴与中提琴二重奏，K. 423

莫扎特：G大调第一小提琴与中提琴二重奏，K. 423

小提琴：姜东硕 / 李汉娜（女中音）

勃拉姆斯：c小调第三钢琴三重奏，作品101

勃拉姆斯：c小调第三钢琴三重奏，作品101

文智英（钢琴）/ 韩秀珍（小提琴）/ 姜承敏（大提琴）

李斯特：第二号匈牙利狂想曲（四手联弹）

李斯特：第二号匈牙利狂想曲（四手联弹）

申朴钢琴二重奏

由于主办方原因，演出曲目及表演者可能变更，恕不另行通知。

本演出曲目及表演者如有变更，恕不另行通知。"
"제21회 서울스프링실내악축제, 5중주의 정수 (05.01)",第21届首尔春季室内乐音乐节，“五重奏的精髓”（5月1日）
"[프로그램]

＜ 5중주의 정수 Quintessence of Quintets ＞

W. A. Mozart : String Quintet No. 4 in g minor, K. 516 (32min)
모차르트 : 현악 5중주 제4번 g단조, K. 516
Vn. 데이빗 맥캐롤 David McCarroll, 임홍균 Hong Kyun Lim / Va. 이한나 Hanna Lee, 신경식 Kyungsik Shin / Vc. 박진영 Angela Park

R. Kahn : Quintet in c minor for Violin, Cello, Clarinet, Horn and Piano, Op. 54 (28min)
칸 : 바이올린, 첼로, 클라리넷, 호른과 피아노를 위한 5중주 c단조, Op. 54
Vn. 한수진 Soojin Han / Vc. 조영창 Young-Chang Cho / Cl. 로망 귀요 Romain Guyot / Hn. 에르베 줄랭 Hervé Joulain / Pf. 알렉산더 무투즈킨 Alexandre Moutouzkine

-INTERMISSION-

S. Barber : Summer Music for Woodwind Quintet, Op. 31 (12min)
바버 : 목관 5중주를 위한 여름 음악, Op. 31
앙상블 리데레 Ensemble Ridere

A. Dvořák : Quintet in A Major for Piano and Strings, Op. 81 (40min)
드보르자크 : 피아노와 현악을 위한 5중주 A장조, Op. 81
Vn. 강동석 Dong-Suk Kang, 박재홍 Jae Park / Va. 김상진 Sang-Jin Kim / Vc. 김두민 Doo-Min Kim / Pf. 김규연 Kyu Yeon Kim

프로그램 및 연주자는 주최측의 사정에 의해 사전 예고없이 변경될 수 있습니다.
THIS PROGRAM AND ARTIST ARE SUBJECT TO CHANGE WITHOUT ANY NOTICE.","[节目单]

<五重奏精选>

沃尔夫冈·阿玛多伊斯·莫扎特：g小调第四弦乐五重奏，K. 516（32分钟）

莫扎特：g小调第四弦乐五重奏，K. 516

小提琴：大卫·麦卡罗尔、林洪均 / 中提琴：李汉娜、申京植 / 大提琴：安吉拉·朴

罗伯特·卡恩：c小调五重奏，作品54（28分钟）

卡恩：c小调五重奏，作品54（28分钟）

小提琴：韩秀珍 / 大提琴：赵永昌 / 单簧管：罗曼·盖约 / 圆号：埃尔韦·茹兰 / 钢琴：亚历山大·穆图兹金

-中场休息-

S. 巴伯：《夏季音乐》（木管五重奏），作品31号（12分钟）

巴伯：《夏季音乐》（木管五重奏），作品31号

里德雷乐团

A. 德沃夏克：A大调钢琴与弦乐五重奏，作品81号（40分钟）

德沃夏克：A大调钢琴与弦乐五重奏，作品81号

小提琴：姜东锡、朴宰 / 中提琴：金相镇 / 大提琴：金斗民 / 钢琴：金奎妍

由于主办方原因，节目及演出人员如有变更，恕不另行通知。

本节目及演出人员如有变更，恕不另行通知。"
"제21회 서울스프링실내악축제, 최고 중의 최고 (04.30)",第21届首尔春季室内乐音乐节，精英中的精英（4月30日）
"[프로그램]

<​​​ 최고 중의 최고 La Crème de la Crème >

F. Devienne : Sonata in C Major for Flute, Bassoon and Piano
드비엔느 : 플루트, 바순과 피아노를 위한 소나타 C장조
Fl. 마티어 듀푸르 Mathieu Dufour / Bn.로랭 르퓌브레 Laurent Lefèvre / Pf.신미정 Clara-Mijung Shin

C. Debussy : String Quartet in g minor, Op. 10
드뷔시 : 현악 4중주 g단조, Op. 10
아레테 콰르텟 Arete Quartet

M. Ravel : La Valse for two Pianos
라벨 : 두 대의 피아노를 위한 라 발스
신박듀오 Piano Duo ShinPark

-INTERMISSION-

F. Poulenc : Trio for Oboe, Bassoon and Piano, FP43
풀랑 : 오보에, 바순과 피아노를 위한 3중주, FP43
Ob. 올리비에 두아즈 Olivier Doise / Bn.로랭 르퓌브레 Laurent Lefèvre / Pf. 김준희 Junhee Kim

C. Saint-Saëns : Piano Quartet in B♭ Major, Op. 41
생상스 : 피아노 4중주 B♭장조, Op. 41
Pf. 임효선 Hyo-Sun Lim / Vn. 클로에 키페르 Chloé Kiffer / Va. 서수민 Sumin Seo / Vc. 문태국 Taeguk Mun

프로그램 및 연주자는 주최측의 사정에 의해 사전 예고없이 변경될 수 있습니다.
THIS PROGRAM AND ARTIST ARE SUBJECT TO CHANGE WITHOUT ANY NOTICE.","[节目单]

< 精选佳作 >

F. 德维安：C大调长笛、巴松管与钢琴奏鸣曲

德维安：C大调长笛、巴松管与钢琴奏鸣曲

长笛：马蒂厄·杜福尔 / 巴松管：洛朗·勒费弗尔 / 钢琴：申美贞

C. 德彪西：g小调弦乐四重奏，作品10号

德彪西：g小调弦乐四重奏，作品10号10

Arete四重奏

M. 拉威尔：双钢琴圆舞曲

拉威尔：双钢琴圆舞曲

钢琴二重奏 ShinPark

-中场休息-

F. 普朗克：双簧管、巴松管与钢琴三重奏，FP43

普朗克：双簧管、巴松管与钢琴三重奏，FP43

双簧管：奥利维耶·杜瓦斯 / 巴松管：洛朗·勒费弗尔 / 钢琴：金俊熙

C. 圣桑：降B大调钢琴四重奏，作品41

圣桑：降B大调钢琴四重奏，作品41

钢琴：林孝顺 / 小提琴：克洛伊·基弗 / 中提琴：徐秀敏 / 大提琴：太极文

由于主办方原因，节目及演出人员可能随时变更，恕不另行通知。

本节目及演出人员如有变更，恕不另行通知。"
"제21회 서울스프링실내악축제, Crown Prince of Mozart: 모차르트의 황태자 (04.28)",第21届首尔春季室内乐音乐节，“莫扎特王储”（4月28日）
"[프로그램]

<​​​모차르트의 황태자 Crown Prince of Mozart> 

W. A. Mozart : Sonata in B♭ Major for Flute and Piano, K. 378
모차르트 : 플루트와 피아노를 위한 소나타 B♭장조, K. 378
Fl. 마티어 듀푸르 Mathieu Dufour / Pf. 문지영 Chloe Jiyeong Mun

C. Reinecke : Trio in a minor for Oboe, Horn and Piano, Op. 188
라이네케 : 오보에, 호른과 피아노를 위한 3중주 a단조, Op. 188
Ob. 올리비에 두아즈 Olivier Doise / Hn. 에르베 줄랭 Hervé Joulain / Pf. 이택기 Taek Gi Lee

C. Czerny : Fantasia Concertante for Flute, Cello and Piano, Op. 256
체르니 : 플루트, 첼로와 피아노를 위한 판타지아 콘체르탄테, Op. 256
Fl. 박지은 Gloria JeeEun Park / Vc. 김민지 Min-Ji Kim / Pf. 김준희 Junhee Kim

-INTERMISSION-

F. Schubert : <​​​The Shepherd on the Rock> for Soprano, Clarinet and Piano, D. 965
슈베르트 : 소프라노, 클라리넷과 피아노를 위한 <​​​바위 위의 목동>, D. 965
Sop. 강혜정 Hye Jung Kang / Cl. 로망 귀요 Romain Guyot / Pf.박상욱 Samuel Sangwook Park

F. Mendelssohn : Piano Trio No. 1 in d minor, Op. 49
멘델스존 : 피아노 3중주 제1번 d단조, Op. 49
Pf. 김영호 Youngho Kim / Vn. 데이빗 맥캐롤 David McCarroll / Vc.조영창 Young-Chang Cho

프로그램 및 연주자는 주최측의 사정에 의해 사전 예고없이 변경될 수 있습니다.
THIS PROGRAM AND ARTIST ARE SUBJECT TO CHANGE WITHOUT ANY NOTICE.","[节目单]

<莫扎特的皇太子>

沃尔夫冈·阿玛多伊斯·莫扎特：降B大调长笛与钢琴奏鸣曲，K. 378

莫扎特：降B大调长笛与钢琴奏鸣曲，K. 378

长笛：马蒂厄·杜福尔 / 钢琴：文智英

卡尔·雷内克：a小调双簧管、圆号与钢琴三重奏，作品188

雷内克：a小调双簧管、圆号与钢琴三重奏，作品188

双簧管：奥利维耶·杜瓦斯 / 圆号：埃尔韦·茹兰 / 钢琴：李泽基

卡尔·车尔尼：长笛、大提琴与钢琴幻想协奏曲，作品256

车尔尼：长笛、大提琴与钢琴幻想协奏曲，作品256

长笛：朴智恩 / 大提琴：金敏智 / 钢琴：金俊熙

-中场休息-

F. 舒伯特：《岩石上的牧羊人》，为女高音、单簧管和钢琴而作，D. 965

舒伯特：《岩石上的牧羊人》，为女高音、单簧管和钢琴而作，D. 965

女高音：姜慧贞 / 单簧管：罗曼·盖约 / 钢琴：朴相旭

F. 门德尔松：d小调第一钢琴三重奏，作品49

门德尔松：d小调第一钢琴三重奏，作品49

钢琴：金永浩 / 小提琴：大卫·麦卡罗尔 / 大提琴：赵永昌

由于主办方原因，演出曲目和艺术家可能会有所变动，恕不另行通知。

本节目及演出艺术家如有变更，恕不另行通知。"
"제21회 서울스프링실내악축제, 세레나데와 디베르티멘토 (04.27)",第21届首尔春季室内乐音乐节，小夜曲与嬉游曲（4月27日）
"[PROGRAM]
< 세레나데와 디베르티멘토 Serenade and Divertimento >
W. A. Mozart : String Quintet No. 2 in c minor, K. 406
모차르트 : 현악 5중주 제2번 c단조, K. 406
리수스 콰르텟 Risus Quartet / Va. 이화윤 Hwayoon Lee 

Z. Kodaly : Serenade for 2 Violins and Viola
코다이 : 2대의 바이올린과 비올라를 위한 세레나데
Vn. 대니 구 Danny Koo, 임홍균 Hong Kyun Lim / Va. 이한나 Hanna Lee 

-INTERMISSION- 

P. Juon : Divertimento in F Major for Piano and Wind Quintet, Op. 51
유온 : 피아노와 관악 5중주를 위한 디베르티멘토 F장조, Op. 51
Fl. 박지은 Gloria JeeEun Park / Ob. 올리비에 두아즈 Olivier Doise / Cl. 로망 귀요 Romain Guyot / Bn. 로랭 르퓌브레 Laurent Lefèvre / Hn. 에르베 줄랭 Hervé Joulain / Pf. 김준희 Junhee Kim

F. Schubert : Serenade from for Voice and Piano
슈베르트 : 성악과 피아노를 위한 <백조의 노래> 중 ‘세레나데’
B. Bar. 안민수 Minsoo Ahn / Pf. 신미정 Clara-Mijung Shin

J. N. Hummel : Grand Serenade Potpourri No. 1 for Piano, Violin, Guitar, Flute and Cello, Op. 63
훔멜 : 피아노, 바이올린, 기타, 플루트와 첼로를 위한 그랜드 세레나데 포푸리 제1번, Op. 63
Vn. 데이빗 맥캐롤 David McCarroll / Gt. 박규희 Kyuhee Park / Fl. 박지은 Gloria JeeEun Park / Vc. 박진영 Angela Park / Pf. 김영호 Youngho Kim


* 프로그램 및 연주자는 주최측의 사정에 의해 사전 예고없이 변경될 수 있습니다.
THIS PROGRAM AND ARTIST ARE SUBJECT TO CHANGE WITHOUT ANY NOTICE.","【节目单】

<小夜曲与嬉游曲>

沃尔夫冈·阿玛多伊斯·莫扎特：c小调第二弦乐五重奏，K. 406

莫扎特：c小调第二弦乐五重奏，K. 406

里苏斯四重奏 / 中提琴：李华允

扎克·柯达伊：双小提琴与中提琴小夜曲

柯达伊：双小提琴与中提琴小夜曲

小提琴：具丹尼、林洪均 / 中提琴：李汉娜

-中场休息-

朱恩：F大调钢琴与木管五重奏嬉游曲，作品51

朱恩：F大调钢琴与木管五重奏嬉游曲，作品51

长笛：朴智恩 / 双簧管：奥利维尔·杜瓦 / 单簧管：罗曼·盖约 / 男低音洛朗·勒费弗尔 / 男高音埃尔韦·茹兰 / 钢琴家金俊熙

弗雷德里克·舒伯特：《天鹅之歌》小夜曲（为声乐和钢琴而作）

舒伯特：《天鹅之歌》小夜曲（为声乐和钢琴而作）

男中音安敏洙 / 钢琴家申美贞

让-尼古拉斯·胡梅尔：《大杂烩第一号》（为钢琴、小提琴、吉他、长笛和大提琴而作），作品63号

胡梅尔：《大杂烩第一号》（为钢琴、小提琴、吉他、长笛和大提琴而作），作品63号

小提琴大卫·麦卡罗尔 / 吉他朴圭熙 / 长笛朴智恩 / 大提琴安吉拉·朴 / 钢琴家金永浩

* 由于主办方原因，演出曲目和艺术家阵容可能随时变更，恕不另行通知。

本节目及演出艺术家如有变更，恕不另行通知。"
"예술의전당 교향악축제, 제주특별자치도립 제주교향악단 (04.14)",首尔艺术中心交响乐节，济州特别自治道交响乐团（4月14日）
"[프로그램]

베토벤 l 레오노레 서곡 제3번 Op.72b
슈만 l 첼로 협주곡 a단조 Op.129
바인가르트너 l 교향곡 제2번 E♭장조 Op.29

*출연자 및 프로그램은 사정에 따라 변경될 수 있습니다.","【演出曲目】

贝多芬 | 《莱奥诺拉》第三序曲，作品72b

舒曼 | A小调大提琴协奏曲，作品129

魏因加特纳 | 降E大调第二交响曲，作品29

*演出人员及曲目可能因实际情况有所变动。"
"예술의전당 교향악축제, 원주시립교향악단 (04.16)",首尔艺术中心交响乐节，原州市交响乐团（4月16日）
"[프로그램]

베토벤 l 에그몬트 서곡
프로코피예프 l 피아노 협주곡 제2번 g단조 Op.16
베토벤 l 교향곡 제3번 E♭장조 Op.55

*출연자 및 프로그램은 사정에 따라 변경될 수 있습니다.","【演出曲目】

贝多芬 | 《埃格蒙特》序曲

普罗科菲耶夫 | G小调第二钢琴协奏曲，作品16号

贝多芬 | 降E大调第三交响曲，作品55号

*演出人员及曲目可能因实际情况有所调整。"
"예술의전당 교향악축제, 창원시립교향악단 (04.17)",首尔艺术中心交响乐节，昌原市交响乐团（4月17日）
"[프로그램]

브람스 l 바이올린 협주곡 D장조 Op.77
라흐마니노프 l 교향곡 제3번 a단조 Op.44

*출연자 및 프로그램은 사정에 따라 변경될 수 있습니다.","【演出曲目】

勃拉姆斯 | D大调小提琴协奏曲，作品77号

拉赫玛尼诺夫 | a小调第三交响曲，作品44号

*演出人员及曲目可能因实际情况有所调整。"
"예술의전당 교향악축제, 군산시립교향악단 (04.15)",首尔艺术中心交响乐节，群山市交响乐团（4月15日）
"[프로그램]

라벨 l 라 발스
차이콥스키 l 로코코 주제에 의한 변주곡 Op.33
차이콥스키 l 만프레드 교향곡 Op.58

*출연자 및 프로그램은 사정에 따라 변경될 수 있습니다.","【演出曲目】

拉威尔 | 圆舞曲

柴可夫斯基 | 洛可可主题变奏曲 Op. 33

柴可夫斯基 | 曼弗雷德交响曲 Op. 58

*演出人员及曲目如有变更，恕不另行通知。"
"예술의전당 교향악축제, 국립심포니오케스트라 (04.01)",首尔艺术中心交响乐节，国立交响乐团（04.01）
"[프로그램]

그레이스 앤 리ㅣ호랑이의 파이프 '호랑이 담배피던 시절'
*국립심포니오케스트라 위촉작품, 세계 초연
버르토크ㅣ피아노 협주곡 제3번 Sz.119
말러ㅣ교향곡 제1번 D장조 '거인'

*출연자 및 프로그램은 사정에 따라 변경될 수 있습니다.","【节目单】

格蕾丝与李 | 老虎烟斗乐队《老虎抽烟的日子》

*受国家交响乐团委约创作，世界首演

巴托克 | 第三钢琴协奏曲 Sz.119

马勒 | D大调第一交响曲《巨人》

*演出阵容及节目单可能有所变动。"
"예술의전당 교향악축제, 공주시충남교향악단 (04.21)",首尔艺术中心交响乐节，公州忠南交响乐团（4月21日）
"[PROGRAM]
모차르트 l 호른 협주곡 제4번

버르토크 l 관현악을 위한 협주곡

*출연자 및 프로그램은 사정에 따라 변경될 수 있습니다.","【演出曲目】

莫扎特 | 第四号圆号协奏曲

巴托克 | 管弦乐协奏曲

*演出人员及曲目如有变更，恕不另行通知。"
"예술의전당 교향악축제, 경기필하모닉오케스트라 (04.18)",首尔艺术中心交响乐节，京畿爱乐乐团（4月18日）
"[PROGRAM]
엘가 ㅣ첼로 협주곡 e단조 Op.85

라흐마니노프 l 교향곡 제2번 c단조 Op.18

*출연자 및 프로그램은 사정에 따라 변경될 수 있습니다.","【演出曲目】

埃尔加 | E小调大提琴协奏曲，作品85号

拉赫玛尼诺夫 | C小调第二交响曲，作品18号

*演出人员及曲目可能因实际情况有所变动。"
"예술의전당 교향악축제, 베르비에 페스티벌 체임버 오케스트라 (04.07)",首尔艺术中心交响乐节，韦尔比耶音乐节室内乐团（4月7日）
"[프로그램]

모차르트 l 교향곡 제40번 g단조 K.550
베토벤 l 피아노 협주곡 제3번 c단조 Op.37
베토벤 l 교향곡 제7번 A장조 Op.92

*출연자 및 프로그램은 사정에 따라 변경될 수 있습니다.","【演出曲目】

莫扎特 | G小调第四十交响曲，K. 550

贝多芬 | C小调第三钢琴协奏曲，作品37

贝多芬 | A大调第七交响曲，作品92

*演出人员及曲目可能因实际情况有所调整。"
"Trendkill Extreme Feast, WARBRINGER 내한 공연",Trendkill极限盛宴，WARBRINGER韩国演唱会
JS 아트홀 JS ART HALL) [서울 양천] (JS 아트홀 (B1),JS Art Hall [首尔阳川] (JS Art Hall (B1)
서울 종로구 동숭길 94,首尔特别市钟路区东城街 94
"[공연소개]

미국 THRASH Metal 황제 War Bringer 사상 최초 내한 공연
90년대 데스메탈과 블랙메탈의 영향을 받은 Warbringer 그들의 사운드는 강력한 추진력을 가진 불도저를 연상케한다.
여기에 프로그레시브한 곡구성 과 테크니컬한 연주 실력을 더해 정밀한 공격을 펼친다","【演唱会介绍】

美国激流金属帝王 Warbringer 韩国首场演唱会

Warbringer 的音乐深受 90 年代死亡金属和黑金属的影响，如同势不可挡的推土机般势不可挡。

他们在此基础上融入了前卫的歌曲编排和精湛的演奏技巧，带来精准而震撼的冲击。"
제35회 (사) 한국페스티발앙상블 현대음악축제,第35届韩国节日乐团当代音乐节
"[PROGRAM]

K. Saariaho ... NoaNoa for flute and electronics
* Fl.이인 E(전자음악)

이정혜 ... Chronoresonance
* Pf.이민정 E(전자음악)

최지연 ... Orient
* Fl.이인 Vc.이길재 Pf.임재한 video. E(전자음악)

- INTERMISSION -

P. Jodolowski ... In & Out
* Vn.정유진 Vc.이길재 video. E(전자음악)

S. Gubaidulina ... String Quartet No. 4
* Vns.윤염광,이상효 Va.박성희 Vc.김경란 (조명)

T. Murail ... Winter fragments
Fl.이주희 Cl.이창희 Vn.정유진 Vc.김경란 Pf.이민정
midi keyboard & E(전자음악)

*프로그램 및 출연자는 사정에 따라 변경될 수 있습니다.","[节目单]

K. Saariaho ... NoaNoa（长笛与电子乐）

* 长笛：李仁 E（电子音乐）

李正惠 ... Chronoresonance（时空共鸣）

* 钢琴：李敏贞 E（电子音乐）

崔智妍 ... Orient（东方）

* 长笛：李仁 大提琴：李吉宰 钢琴：林在汉 视频 E（电子音乐）

- 中场休息 -

P. Jodolowski ... In & Out（进与出）

* 小提琴：郑裕珍 大提琴：李吉宰 视频 E（电子音乐）

S. Gubaidulina ... 第四弦乐四重奏

* 小提琴：尹廉光、李相孝 和声：朴成熙 大提琴：金京兰（灯光）

T. Murail ... Winter fragments（冬日碎片）

长笛：李珠熙 单簧管李昌熙（男高音）、郑裕珍（男高音）、金京兰（男高音）、李敏贞（钢琴）

midi键盘 & 电子音乐

* 节目及演出人员可能因实际情况有所变动。"
"DCH앙상블페스티벌, 카메라타 전남",DCH乐团音乐节，全南室内乐团
"[PROGRAM]
강보란 Eternal Moment for Orchestra
       <관현악을 위한 영원의 순간>

W.A. Mozart 피아노 협주곡 no.17 in G Major K.453

-Intermission-

W.A. Mozart 교향곡 no.39 in Eb Major K.543

본 공연의 프로그램은 연주자의 사정에 의해 사전 공지 없이 변경될 수 있습니다.","【演出曲目】

康宝兰《永恒的瞬间》（管弦乐版）

《永恒的瞬间》（管弦乐版）

莫扎特《第十七钢琴协奏曲》（G大调，K.453）

-中场休息-

莫扎特《第三十九交响曲》（降E大调，K.543）

由于演出者个人情况，本次演出曲目可能有所变动，恕不另行通知。"
피노키오의 모험 [서울 금천],木偶奇遇记 [首尔衿川]
서울 금천구 두산로 71,首尔市衿川区头山路71
"[공연소개]

피노키오는 아들을 가지기를 바라는 가난한 목수 제페트 할아버지에 의해
나무인형으로 태어난다. 하지만, 세상 물정을 잘 모르는 피노키오는 여우와
고양이의 꼬임에 빠져 서커스단과 장난감나라로 모험여행을 떠난다.

한편, 모험을 떠난 피노키오를 찾아 나선 제페트 할아버지는 바다에 빠져
고래 배속에 갇혀 버리게 된다. 그러나 장난감 나라에서 망아지로 변해버린
피노키오는 천사의 도움으로 그 곳에서 탈출하여 고래 뱃속으로 뛰어들어
할아버지를 구하게 된다. 이에 감동한 천사는 피노키오를 완전한 사람으로
만들어준다.","【演出介绍】

匹诺曹是贫穷的木匠杰佩托爷爷制作的木偶，杰佩托爷爷一直渴望有个儿子。然而，天真无邪的匹诺曹对世事一无所知，中了狐狸和猫的圈套，踏上了与马戏团和玩具王国的奇幻冒险之旅。

与此同时，杰佩托爷爷为了寻找匹诺曹，不慎落入大海，被困在鲸鱼的肚子里。然而，在玩具王国变成小马驹的匹诺曹，在天使的帮助下逃脱，跳进鲸鱼的肚子里，救出了爷爷。天使深受感动，将匹诺曹变成了真正的人类。"
창밖의 비창 Pathetique beyond the Pane,窗外的悲怆
"[공연소개]
창밖의 비창
Pathetique beyond the Pane

'쇼펜하우어도 울고간 클래식'","【演出介绍】窗外的悲怆

“一部连叔本华都会为之落泪的经典之作”"
움라우트 뮤직 키즈 클래식 [창원] (13시),Umlaut Music Kids Classic [昌原] (13:00)
몰입공유연습실,沉浸式共享练习室
경상남도 창원시 마산회원구 합성옛길 142 (합성동),庆尚南道昌原市马山会院区合平野路142（合平洞）
"[공연소개] 

우리 아이를 위한 클래식 공연 '움라우트 뮤직 키즈 클래식' 에 초대합니다!

< '움라우트 뮤직 키즈 클래식' 어떤건가요? >
아직 공연장을 가기엔 어린 만0세부터 영유아(미취학아동)와 가족을 위한 클래식 공연이에요.
공연장에서 연주되는 생생한 클래식 음악을 우리 아이들이 직접 눈으로 보고, 귀로 듣고, 몸으로 느낄 수 있는 공연이랍니다.

< 우리 아이가 이런 걸 경험해요! >
- 여러가지 감각을 사용해 두뇌 발달에 도움을 줘요!
- 아이들이 클래식 음악을 들으면서 집중력을 기르고 정서 안정이 돼요!
- 다양한 소리를 경험하면서 창의력과 상상력도 쑥쑥 자라나요!
- 신나는 동요와 클래식 곡들에 맞춰 리듬을 타고, 따라 부르면서 음악 속으로 쏙~ 빠지는 시간을 갖는답니다!

< 어떤 악기를 체험해요? >
- 바이올린, 첼로, 첼로 실제 악기를 연주자와 함께 만져보고, '이건 어떤 소리가 날까?' 아이가 직접 소리를 내보는 시간이 마련돼 있어요!

< 부모님도 함께 즐겨요! >
아이와 부모님이 함께 음악을 경험하면서 가족 간의 소통과 유대감도 자연스럽게 깊어지겠죠? 육아로 지친 부모님도 잠시나마 음악으로 힐링할 수 있는 시간이에요.","【演出介绍】

诚邀您参加“Umlaut Music Kids Classic”儿童古典音乐演出，一场专为您的孩子打造的古典音乐盛宴！

< 什么是“Umlaut Music Kids Classic”？ >

这是一场专为婴幼儿（学龄前儿童）及其家庭设计的古典音乐演出，适合那些年龄尚小，无法前往音乐厅的孩子们。

孩子们可以在这场演出中，亲眼目睹、亲耳聆听、亲身感受如同置身音乐厅般生动的古典音乐。

< 您的孩子将体验到什么？ >

- 通过调动多种感官，促进大脑发育！

- 聆听古典音乐，培养专注力，增强情绪稳定性！

- 体验丰富多样的音乐，激发创造力和想象力！

- 孩子们将沉浸在音乐之中，随着欢快的童谣和古典乐曲的节奏律动，并一起歌唱！

< 孩子们将体验到哪些乐器？> >

- 我们会安排时间让孩子们与音乐家们一起触摸小提琴、大提琴等乐器，并尝试自己发出声音，问问他们：“这是什么声音？”<家长们，也请尽情享受吧！> 当孩子和家长一起体验音乐时，家庭内部的沟通和情感纽带自然会加深，不是吗？对于疲惫不堪的父母来说，即使只是短暂的片刻，这也是一个通过音乐疗愈身心的机会。"
엄마 [청주],妈妈 [清州]
공간춤,太空舞
충청북도 청주시 상당구 교서로 8-16 (영동),忠清北道清州市上堂区桥西路8-16(永东)
"[공연소개]

세상에서 가장 든든한 내 편, 그러나 때로는 가장 멀게 느껴지기도 하는 엄마와 딸의 이야기. 속마음을 털어놓으며 서로를 이해하는 특별한 순간을 함께하세요!","【演出介绍】

这是一个关于母女的故事，她们是世界上最可靠的盟友，却也时常疏远。让我们一起见证她们敞开心扉，彼此理解的特别时刻！"
알라딘과 요술램프 [전주],阿拉丁神灯 [全州]
상상플레이스 전주이룸,全州伊鲁姆上尚广场
전북특별자치도 전주시 완산구 용머리로 36 (효자동1가),全北全州市完山区龙头路36(孝子洞1街)
"[공연소개]

사막 너머 먼나라 아라비야 왕국에
살고 있는 착한 청년 알라딘.
가난하지만 선한 마음을 가진 알라딘은
님과 결혼하는 것이 꿈이다.

어느날 낯선 남자의 부탁을 받고
램프를 얻기 위해 신비한 동굴속으로
들어가게 되는데

램프를 만진 순간 동굴이 무너지고 만다.
그때 소원을 들어주는 램프의 요정 지니를 만나게 된다.

과연 알라단은 동굴을 무사히 빠져나가
공주님과 결혼하는 꿈을 이룰 수 있을까?","【演出介绍】

阿拉丁是一位善良的年轻人，生活在遥远的沙漠之外的阿拉伯王国。

虽然家境贫寒，但心地善良的阿拉丁梦想着迎娶心爱的公主。

一天，他受一位陌生人的请求，进入一个神秘的山洞寻找神灯。

然而，就在他触碰到神灯的那一刻，山洞坍塌了。

就在这时，他遇到了神灯的精灵——能够实现愿望的神灵。

阿拉丁能否安全逃出山洞，实现迎娶公主的梦想呢？"
미운오리새끼 [인천 연수],丑小鸭 [仁川延秀]
송도 건원테크노큐브,松岛建元科技立方
인천광역시 연수구 송도과학로16번길 13-18 (송도동),仁川广域市延寿区松岛花路16街13-18（松岛洞）
"[공연소개]
미운 오리 새끼는 단순히 못생긴 오리가 예뻐지는 이야기가 아닙니다.
이 작품은 아이들이 성장 과정에서 처음 마주하게 되는
다름, 비교, 소외의 감정을 따뜻하게 풀어낸 이야기입니다.

태어날 때부터 남들과 다른 모습으로 태어난 한 오리 새끼는
이유 없이 놀림을 받고 외면당하며
자신의 존재를 부정하게 됩니다.
하지만 미운 오리 새끼는 끝까지 자신을 포기하지 않고
낯선 세상을 향해 한 걸음씩 나아갑니다.

외롭고 힘든 시간 속에서도
스스로를 믿는 마음을 잃지 않은 미운 오리 새끼는
마침내 자신만의 모습과 가치를 발견하게 됩니다.
그리고 아이들은 이 과정을 통해
남들과 다르다고 틀린 것은 아니다라는 메시지를
자연스럽게 경험하게 됩니다.

뮤지컬 미운 오리 새끼는
아이들의 눈높이에 맞춘 음악과 움직임,
이해하기 쉬운 이야기 구조를 통해
공감과 자존감의 씨앗을 심어주는 교육 뮤지컬입니다.","【演出介绍】

《丑小鸭》不仅仅是一个丑小鸭变美的故事。

这部作品以温暖人心的笔触，探讨了孩子们在成长过程中初次体验到的差异、比较和疏离等情感。

一只小鸭天生与众不同，无缘无故地遭受嘲笑和排斥，甚至一度否定自己的存在。

然而，丑小鸭直到最后一刻都没有放弃，一步一个脚印地走向陌生的世界。

即使身处孤独和困境，丑小鸭也从未失去对自己的信念，最终发现了自己独特的价值。

通过这个过程，孩子们自然而然地领悟到：与众不同并不意味着错误。

音乐剧《丑小鸭》是一部寓教于乐的音乐剧，它通过适合儿童视角的音乐和动作，以及易于理解的叙事结构，播下了同理心和自尊心的种子。"
루시드아트홀,清醒艺术馆
"[공연소개]
온가족이 즐길 수 있는 가족마술공연! 
국내유일 북한 금강산에서 1년동안 마술콘서트를 마친, 마술사 한상민이 돌아왔다!  
아이들관객이 무대에서 참여하는 마술_모든 관객이 참여하는 마술_국낸유일한 마술_다양한 마술공연을 재미있게 즐길 수 있는 가족마술공연!! 
놓치지마세요~","【演出介绍】

全家都能欣赏的精彩魔术表演！

魔术师韩尚民携新秀回归！他刚刚结束了在朝鲜金刚山为期一年的魔术巡回演出——这是韩国独一无二的魔术表演！

舞台互动魔术，老少咸宜！韩国独一无二的魔术表演！精彩纷呈的魔术表演，让您和家人尽享欢乐！

千万不要错过哦！"
오잉클!,奥因克尔！
오감클래식,五感经典
경기도 고양시 일산서구 호수로 817 (대화동),京畿道高阳市一山西区湖水路817（大化洞）
"[프로그램]

[그림책: Snowman - Raymond Briggs]  
눈사람과 겨울 음악 이야기 책 속 장면의 효과음을 악기의 생소리로 표현해요

[바이올린 대조곡]  
The four seasons Winter / Air on the G String
하늘에 떠있는 구름과 땅위의 눈사람을 표현해요

[바이올린 피아노 듀엣 연주곡]  
When you wish upon a star

[영어 동요]  
1.I'm a little snowman
2.snowflakes,snowflakes
3.Winter hockey pokey","【节目单】

【绘本：雪人 - 雷蒙德·布里格斯】

运用乐器现场演奏，展现绘本中关于雪人和冬日音乐的场景音效。

【小提琴对比】

四季之冬 / G弦上的咏叹调

表现天空中飘浮的云朵和地面上雪人的景象。

【小提琴与钢琴二重奏】

当你向星星许愿

【英文童谣】

1. 我是个小雪人

2. 雪花，雪花

3. 冬日曲棍球"
늑대와 아기돼지 삼형제 [부천],狼与三只小猪 [富川]
뉴코아소극장,新科亚小剧院
경기도 부천시 송내대로 239 (상동),京畿道富川市松内大路239（上洞）
"[공연소개]

'잡아먹지 마~!'
'안잡아 먹는다니까~!

늑돌이는 자신의 집을 짓고 살라는 엄마의 꾸중을 듣고 집에서 나옵니다.
집을 지을 줄 모르는 늑돌이는 아기돼지들을 만나게 됩니다.
그리고 아기돼지들에게 집을 어떻게 지었는지 물어 보려 합니다.

그러나 아기돼지들은 놀라서 집에 숨거나 도망을 갑니다.
잡아먹지 마!!~
'안잡아 먹을거야'
'잡아먹지 마~~'
'안잡아 먹는다니까!'

답답한 늑돌이는 자신의 말을 들어주지 않는 것이 너무 답답하고 
화가나서 첫째와 둘째의 집을 입으로 불어서 날려 버립니다.

첫째와 둘째는 쫓아 오는 늑대를 피해 막내 집으로 도망을 갑니다. 
그런데 막내가 집에 없어요.

막내야~ 어디 있니? 친구들도 함께 찾아 봐요.

어? 막내야 여기 앉아있으면 어떡해. 

늑대가 우리를 쫓아 오고 있어.
빨리 집으로 가자.","【演出介绍】

“别吃我！”

“我说了我不会吃你的！”

狼小子因为没能自己盖房子而被妈妈责骂，于是离家出走。

狼小子不会盖房子，遇到了小猪们。

他试着问小猪们是怎么盖房子的。

然而，小猪们都吓坏了，有的躲进房子里，有的则跑开了。

“别吃我！！”

“我不会吃你的！”

“别吃我！”

狼小子又气又恼，因为小猪们不听他的话，一口就把第一只和第二只小猪的房子吹走了。

第一只和第二只小猪为了躲避追赶的狼，跑到最小的小猪家。

可是最小的小猪不在家。

“最小的小猪，你在哪里？朋友们，我们一起去找他吧。”

“咦？最小的那个，你怎么坐在这儿？”

有狼在追我们。

我们快回家吧。"
오감클래식 영유아 클래식 콘서트,五感经典婴幼儿经典音乐会
"[공연안내]

<12월: Merry Christmas>
12월에는 크리스마스 분위기를 가득 담아
더욱 특별한 겨울 클래식 공연이 진행됩니다.
아이들에게 익숙한 캐롤과 겨울 클래식으로
연말의 설렘을 음악으로 만나보세요.


[프로그램]

Sleigh Ride
호두까기 인형 모음
캐롤 메들리
김효근 눈
Let It Snow","【演出信息】

<十二月：圣诞快乐>

十二月，

将举办一场充满圣诞氛围的特别冬季古典音乐会。

聆听孩子们耳熟能详的圣诞颂歌和经典的冬季乐曲，感受年末的喜悦。

【节目单】

雪橇之旅

胡桃夹子精选集

圣诞颂歌组曲

金孝根《雪》

让雪飘落"
영유클래식,永裕经典赛
"[공연소개]

< 함께하는 '딜리 앙상블' >
딜리앙상블은 ONEMUSIC의 대표 앙상블 팀으로, 영유클래식에서는 주로 아이를 키우는 부모님 연주자들로 구성되며, 따라서 아이들이 음악과 교감하는 순간의 소중함을 누구보다 잘 알고 있답니다. 따뜻한 연주와 체험으로 아이와 부모님 모두를 감싸줄 거예요.","【演出介绍】

<“Dilli Ensemble”乐团加盟>

Dili Ensemble是ONEMUSIC的代表乐团。在Youngyu Classic音乐节上，乐团成员主要由身为父母的音乐家组成，他们比任何人都更能体会孩子们与音乐相伴的珍贵时刻。他们将以温暖的演出和体验，与孩子们和家长们共度美好时光。"
위드아웃 유: 당신 없이는,没有你：没有你
이머시브스튜디오 홍대점,沉浸式工作室弘大分店
서울특별시 마포구 와우산로21길 19-16 (서교동),首尔特别市麻浦区五山路21街19-16（西桥洞）
"[시놉시스]

'그날, 집에 초대받은 순간부터 모든 것이 달라졌다.'

1980년대 태국 치앙마이의 한인 타운.

최근 마을에서 전염병 및 실종 사건 등으로 흉흉한 소문이 돌고 있는 가운데, 

한인 교민 '쿤타이'와 그의 아내 '베라', 딸 '포포'가 살고 있는 집에 각자 다른 이유로 방문하게 된 사람들.

겉보기엔 평온한 이 집에선 이해할 수 없는 일과 말할 수 없는 비밀이 서서히 모습을 드러내는데...

이 집에 초대받은 사람들과 초대받지 않은 사람들과의 돌아갈 수 없는 저녁 식사가 시작됩니다.","【剧情简介】

“自从那天我受邀去那户人家，一切都改变了。”

20世纪80年代，泰国清迈，一个韩国人聚居的小镇。

由于近期爆发的瘟疫和人口失踪事件，村里流传着令人不安的谣言。

形形色色的人来到韩国居民昆泰、他的妻子维拉和他们的女儿波波的家中。

在这间看似平静的房子里，一些无法解释的事件和不可告人的秘密开始慢慢浮出水面……

一场有去无回的晚餐在受邀者和不速之客之间展开。"
난타,南塔
제주난타극장,济州南塔剧院
제주특별자치도 제주시 선돌목동길 56-26 (오등동),济州特别自治道济州市仙洞木洞路56-26号（五登洞）
"[공연소개]&#13;
&#13;
한국이 만들고 세계가 극찬한 공연 NANTA, since 1997&#13;
&#13;
난타는 한국 전통가락인 사물놀이 리듬을 소재로, 주방에서 일어나는 일들을 코믹하게 그린 &#13;
한국 최초의 비언어극(Non-verbal performance)이다.&#13;
칼과 도마 등의 주방기구가 멋진 악기로 승화되어 만들어내는 화려한 연주, 깜짝 전통혼례, 관객과 함께하는 &#13;
만두 쌓기, 한국 젅통춤과 가락이 어우러지는 삼고무, 가슴이 뻥 뜷릴 만큼 시원한 엔딩의 드럼연주 등으로 &#13;
구성되는 '난타'는 국적을 불문하고, 남녀노소 누구나 신나게 스트레스를 풀 수 있는 파워풀한 공연이다.","【演出介绍】

**NANTA，韩国原创，享誉全球的表演艺术，自1997年起风靡全球**

**NANTA是韩国首个非语言表演艺术，以韩国传统旋律“四物戏”的节奏，生动地描绘了厨房里发生的各种趣事。**

NANTA的表演精彩纷呈，包括将刀具、砧板等厨房用具巧妙地转化为精美乐器、令人惊喜的传统婚礼、与观众一起“叠饺子”、融合韩国传统舞蹈和旋律的“三骨舞”，以及最后令人精神振奋的鼓乐表演。无论国籍或年龄，每个人都能从中获得乐趣，放松身心。"
"[시놉시스]&#13;
&#13;
아름답고 평화로운 바닷속 왕국에는 여섯 인어공주가 있었어요.&#13;
그 중 가장 아름다운 막내공주는 열다섯살이 되어 땅의 세상을 구경할 수 있게 되었죠.&#13;
인어공주는 땅의 사람인 왕자에게 사랑을 느끼고, 사람이 되고 싶어 바다의 마녀를 찾아갑니다.&#13;
마녀는 그 조건으로 인어공주의 아름다운 목소리를 달라고 합니다.&#13;
게다가 사랑하는 사람과의 사랑이 이루어지지 않는다면 물거품이 되어 영원히 사라지게 된다고 말합니다.&#13;
하지만  인어공주는 사랑을 위해 사람이 되기로 하는데......&#13;
인어공주의 아름답고 가슴 시린 사랑이야기.. 인어공주는 행복해질 수 있을까요?","【剧情简介】

在一个美丽宁静的海底王国里，住着六位人鱼公主。

最年轻的公主，也是最美丽的公主，十五岁时终于看到了陆地上的世界。

她爱上了一位陆地王子，为了变成人类，她去找了海巫。

海巫要求她献出美妙的歌喉作为交换条件。

此外，她还警告说，如果她无法与心爱之人实现爱情，她就会化作泡沫，永远消失。

然而，为了爱情，人鱼公主决定变成人类……

这是一段美丽而又令人心碎的人鱼公主的爱情故事……她最终能否获得幸福呢？"
나쁜 말 먹는 괴물 [장성],吞噬脏话的怪物 [Jangseong]
장성문화예술회관 소공연장,长城文化艺术中心小表演厅
전남 장성군 장성읍 문화로 110,全罗南道长城郡长城邑文化路110
"[공연소개]

말로 소통하고, 노래로 치유하는
말의 모험 뮤지컬!
어느 날 말을 먹어버린 괴물?!
과연 말들은 다시 돌아올 수 있을까요?
아이부터 어른까지 함께 즐기는
유쾌한 가족 뮤지컬 〈나쁜 말 먹는 괴물〉","【节目介绍】

用语言沟通，用歌声疗愈

一场关于语言的音乐冒险！

有一天，一个怪物吞噬了所有的语言？！

语言还能回来吗？

一部老少咸宜、阖家欢乐的音乐剧：《吞噬脏话的怪物》"
"쌀롱드무지끄: 사랑, 웃음, 그리고 눈물",音乐沙龙：爱、欢笑与泪水
쌀롱드무지끄,音乐沙龙
서울특별시 종로구 창의문로 129 (부암동),首尔特别市钟路区昌义门路129（付岩洞）
"[PROGRAM]

* Gaetano Donizetti 가에타노 도니제티

- 사랑 - 
Opera <l'elisir d'amore> 사랑의 묘약 
Preludio (4 Hands Piano) 서곡 (포핸즈 피아노) 
Caro elisir... esulti pur la barbara 사랑스런 묘약이여!... 그녀가 기뻐하겠지 
Una furtiva lagrima 남몰래 흐르는 눈물 
Prendi per me sei libero 이 종이를 받아요, 이제 당신은 자유에요 

- 웃음 -
Opera <Don Pasquale> 돈 파스콸레 
Preludio (4 Hands Piano) 서곡 (포핸즈 피아노) 
Quel guardo il cavaliere 그 눈빛에 기사도 반했죠 
Com'e gentil 얼마나 아름다운가 3
Tornami a dir che m'ami 다시 말해줘요, 나를 사랑한다고 

- 눈물 -
Opera <Lucia di Lammermoor> 람메르무어의 루치아 
Preludio (4 Hands Piano) 서곡 (포핸즈 피아노) 
Regnava nel silenzio 적막이 흐르던 밤에 
Sulla tomba che riserra 무덤 위에서 맹세했죠 
Fra poco a me ricovero 곧 나는 무덤으로 가겠지","[程序]

加埃塔诺·多尼采蒂

- 爱 -
歌剧 <l'elisir d'amore> 爱的灵丹妙药
前奏曲（四手联弹钢琴）
Caro elisir...esulti pur la barbara 可爱的灵药...她会很高兴
Una Furtiva lagrima 秘密的眼泪
Prendi per me sei libero 拿着这张纸，现在你自由了

- 笑声 -
歌剧 <唐·帕斯夸莱> 唐·帕斯夸莱
前奏曲（四手联弹钢琴）
Quel Guardo il cavaliere 就连侠士也为这目光倾倒
Com'e gentil 多么美丽
Tornami a dir che m'ami 再次告诉我你爱我

- 泪水 -
歌剧<拉美莫尔的露西亚>拉美莫尔的露西亚

前奏曲（四手联弹钢琴）

夜晚的雷格纳瓦寂静沉默的

Sulla tomba che riserra 我在坟墓上发誓

Fra poco a me ricovero 很快我就会去坟墓"
"쌀롱드무지끄, Beethoven Road 1",音乐沙龙，贝多芬路 1 号
"[PROGRAM]

*Ludwig van Beethoven / Sonata for Piano and Violin

No. 1 in D major, Op. 12 No. 1
I. Allegro con brio
II. Tema con variazioni: Andante con moto
III. Rondo: Allegro

No. 2 in A major, Op. 12 No. 2
I. Allegro vivace
II. Andante, piu tosto Allegretto
III. Allegro piacevole","[程序]

*路德维希·范·贝多芬 / 钢琴和小提琴奏鸣曲

D 大调第一号，作品。 12号1
I. 轻快的快板
二.变奏主题：摩托行板
三．回旋曲：快板

A 大调第二号，作品。 12号2
I. 活泼的快板
二.行板、快板
三．皮亚塞沃莱快板"
Missing (미씽),丢失的
"[공연소개]



미씽 Missing

현대무용 × 인터랙티브 미디어 아트



적응의 기록, 멈추지 않는 몸

잃어버린 세계에서 당신의 몸은 어떤 기록을 남기겠습니까



무엇이 사라졌는가.

자연인가, 공기인가, 감각인가.

아니면 우리가 알고 있던 인간의 형태인가.



〈미씽 Missing〉은 변화된 환경 속에서 스스로를 재조직하는 인간의 몸을 관찰한다. 이 작품에서 몸은 감정을 표현하는 주체가 아니다. 몸은 환경에 반응하는 구조이며, 끊임없이 적응하는 시스템이다.



미씽(Missing)이 가리키는 것은 단순한 사라짐이 아니다. 익숙했던 감각의 상실, 이전의 호흡 방식, 자연과의 관계, 그리고 인간을 규정하던 형태의 일부가 지워진 상태. 그러나 이 작품은 그 상실을 애도하지 않는다. 사라진 이후에도 계속해서 변형되고 적응하는 몸을 조용히 들여다본다.



[시놉시스]



랩으로 감겨진 몸이 무대 위에 있다. 억압의 표시가 아니라, 하나의 조건이다. 먼지와 독성으로 가득한 환경 속에서 몸은 스스로를 감싸고, 제한된 조건 안에서 기능을 다시 설계한다. 그 몸 위로 미디어 아트가 겹쳐지며 신체는 왜곡되고 변형되고 다시 태어난다.



몸은 바닥을 향한다. 인공물 사이에서 끝내 남아있는 자연, 흙과의 접촉. 피부를 통해, 움직임을 통해, 세포 단위에서 다시 깨어나는 몸. 무용수들의 움직임은 파장과 등고선의 형태로 공간 위에 펼쳐지며 인터랙티브 미디어와 실시간으로 호응한다.



환경이 바뀌면 몸도 바뀐다. 아름다움의 기준이 사라진 자리에서 몸은 새로운 균형을 만들어낸다. 물리적으로 불가능한 신체의 왜곡이 미디어를 통해 가시화되며, 진화의 흔적은 무대 위에서 낯선 형태로 드러난다.



그럼에도 인간은 관계를 포기하지 않는다. 밀고 당기고 어긋나고 엮이며, 변형된 몸들은 함께 적응한다. 관계의 본질은 환경이 변해도 그대로다.



노래가 흐른다. 몸은 그 소리에 반응한다. 언어가 닿지 않는 곳에서, 몸은 본능적으로 자연을 향해 움직인다. 왜곡되고 변화했지만 희망을 포기하지 않는 몸. 〈미씽〉은 사라진 것을 복원하는 작업이 아니다. 사라짐 이후에도 계속해서 변형되고 적응하며 살아가는 몸에 대한 탐구다. 이 작품이 끝난 뒤, 관객이 잠시 자신의 호흡과 몸을 의식한다면 그것으로 충분하다.","【演出介绍】

缺失

当代舞蹈 × 互动媒体艺术

适应的记录，永不停息的身体

在一个失落的世界里，你的身体会留下怎样的记录？

什么消失了？

自然、空气，还是感官？

又或者，是我们熟悉的人体形态？

《缺失》观察着人体在变化的环境中重组自身。在这部作品中，身体并非表达情感的主体，而是对环境做出反应的结构，以及不断适应的系统。

“缺失”指的并非简单的消失，而是熟悉的感官、以往的呼吸模式、与自然的关系的丧失，以及构成人类的部分形态被抹去的状态。然而，这部作品并非哀悼这种丧失，而是静静地观察着即使消失后仍在不断转化和适应的身体。

【剧情简介】

一个被塑料薄膜包裹的身体静静地坐在舞台上。这并非压迫的象征，而是一种生存状态。在充满尘埃和毒素的环境中，身体包裹自身，并在有限的条件下重塑自身功能。当媒体艺术与身体交叠，形体被扭曲、转化，并最终重生。

身体面向地面。与大地接触——自然最终在人造物中得以存留。身体在细胞层面，通过皮肤和运动再次觉醒。舞者的动作以波浪和轮廓线的形式在空间中展开，并与互动媒体实时互动。

当环境改变时，身体也随之改变。在美的标准消逝的地方，身体创造了一种新的平衡。物理上不可能的身体扭曲通过媒体得以呈现，进化的痕迹以陌生的形式在舞台上展现。

然而，人类并未放弃人际关系。推拉、错位与交织，转化后的身体彼此适应。即使环境改变，人际关系的本质依然不变。一首歌流淌。身体回应着声音。在语言无法触及的地方，身体本能地向着自然移动。这具身体或许扭曲变形，却从未放弃希望。《缺失》并非一部复原逝去之物的作品，而是一次对身体的探索，探索它如何在消逝之后继续转化和适应，以另一种形式存在。如果这部作品结束后，观众能在片刻间觉察到自己的呼吸和身体，那就已足够。"
찹아저씨의 선물가게 [서울 송파],查普先生礼品店 [首尔松坡]
"[공연소개]
마술, 벌룬, 버블 모두가 있는 <찹아저씨의 선물가게>
춘천마임프린지 우승 과 알렉산더 매직컨벤션 1위에 빛나는 김인수 마술사의 마술 종합선물센트!

3월 가족들에게 행복과 미소를 주고자 준비했습니다!

관객들에게 신기함을 넘어 감동을 주고자 노력하는 김인수마술사의 마술 종합세트 <찹아저씨의 선물가게> 웃음을 되찾기 위한 찹 아저씨의 모험을 통해 마법 같은 마술과 환상적 퍼포먼스가 감동과 재미를 선사합니다~!","【节目介绍】

《乔叔的礼品店》，融合魔术、气球和泡泡，精彩纷呈！

由春川哑剧节冠军、亚历山大魔术大会一等奖得主金仁洙魔术师倾情打造的魔术盛宴！

三月，为您带来欢乐与笑容！

《乔叔的礼品店》是金仁洙魔术师精心呈现的魔术盛宴，他力求超越简单的惊叹，触动观众的心灵。乔叔踏上重拾欢笑的冒险之旅，神奇的魔术和精彩的表演将带给您感动与欢乐！"
제4회 앙상블 칸탄도 (Ensemble Cantando) 정기연주회: 힐링 콘서트,第四届坎坦多合唱团常规音乐会：疗愈音乐会
"[PROGRAM]
Béla Kovács
Hommage à C.M. Weber for Clarinet Solo

Gabriel Fauré
Fantaisie for flute and piano, Op. 79

양효성
Freedom & Eternity for Violin and Piano

Camille Saint-Saëns
Tarantelle for Flute, Clarinet and Piano, Op.6

- Intermission -

Clara Schumann
Three Romances for Violin and Piano, Op. 22

강은경
Passage III for Flute solo

Darius Milhaud
Suite for Violin, Clarinet and Piano Op.157b

Dmitri Shostakovich
Waltz No. 2 from Suite for Flute, Violin, Clarinet and Piano (arr. 강은경)","【节目单】

贝拉·科瓦奇

向C.M.韦伯致敬（单簧管独奏）

加布里埃尔·福雷

幻想曲（长笛与钢琴），作品79号

杨孝成

自由与永恒（小提琴与钢琴）

卡米尔·圣桑

塔兰泰拉舞曲（长笛、单簧管与钢琴），作品6号

-中场休息-

克拉拉·舒曼

三首浪漫曲（小提琴与钢琴），作品22号

姜恩京

第三乐章（长笛独奏）

达律斯·米约

小提琴、单簧管与钢琴组曲，作品157b

德米特里·肖斯塔科维奇

长笛、小提琴、单簧管与钢琴组曲之二圆舞曲（姜恩京改编）"
"쌀롱드무지끄, Poetry for four hands",音乐沙龙，四手诗歌
"[PROGRAM]

* W. A. Mozart / Sonata for Piano Four Hands in D major, KV. 381 (11')
* F. Schubert / Fantasia in F minor for Piano Four Hands, D. 940 (19')
* G. Faure - Dolly Suite, Op. 56 (10')
* C. Debussy / Petite Suite 
* S. Rachmaninoff / Vocalise(arr. for Piano Duo)","【演出曲目】

* 沃尔夫冈·阿玛多伊斯·莫扎特 / D大调四手联弹钢琴奏鸣曲，KV. 381（11分钟）

* 弗雷德里克·舒伯特 / F小调四手联弹钢琴幻想曲，D. 940（19分钟）

* 加西亚·福雷 / 多莉组曲，作品56（10分钟）

* 卡尔·德彪西 / 小组曲

* 谢尔盖·拉赫玛尼诺夫 / 声乐练习曲（钢琴二重奏改编版）"
툇마루무용단 정기공연: Community [대학로],Toetmaru舞蹈团常规演出：社区[Daehak-ro]
대학로예술극장 대극장,大桥路艺术剧院大剧院
서울 종로구 대학로10길 17,首尔特别市钟路区大学路10街17
"[공연소개]

1. <NODE>
심재호 안무의 〈NODE〉는 인간이 생존을 위해 형성해 온 ‘무리’라는 구조와, 그 안에서 필연적으로 발생하는 ‘분열’의 메커니즘을 탐구한다. 우리는 서로 연결되기 위해 집단을 이루지만, 무리가 확장될수록 기준의 차이는 경계가 되고 새로운 분리를 만들어낸다. 더 크게 연결될수록 동시에 더 세밀하게 나뉘는 인간 사회의 구조 속에서, 개인은 ‘어디에 속해 있는가’로 정의되기 시작한다.

작품은 이러한 구조를 단정하기보다, 하나로 완성된 사회가 가능한지에 대한 질문을 던진다. 여기서 ‘노드(node)’는 거대한 하나가 아닌 각자가 하나의 지점으로 존재하는 상태를 의미하며, 완전히 합쳐지지도 끊어지지도 않은 채 보이지 않는 긴장 속에서 공존하는 관계를 신체로 탐구하고자 한다.

2. 〈Walk and Waltz〉
사람들은 모두 걷는다. 하지만 우리는 그 걸음 속에 숨은 삶을 얼마나 바라보고 있는가?

김영웅 안무의 〈Walk and Waltz〉는 ‘삶의 리듬을 유영한다’를 주제로, 인간의 가장 일상적인 행위인 ‘걸음’을 춤의 출발점으로 삼은 실험적 창작이다. 본 작품은 ‘걷기’라는 일상적인 행위를 통해 인간이 살아가며 마주하는 내면의 목소리와 삶의 경험을 포착하고자 한다. 무용수의 걸음은 단순한 이동을 넘어 감정의 흐름으로 확장되며, 일상의 흔적은 시각적 움직임으로 재구성된다. 빛과 소리, 의상의 질감을 활용한 무대는 ‘시간을 걷는 몸’이라는 주제를 감각적으로 드러낸다.","【演出介绍】

1.《节点》（NODE）

由沈载浩编舞的《节点》探索了人类为了生存而形成的“群体”结构，以及其中不可避免产生的“分裂”机制。我们组成群体是为了彼此联结，但随着群体的扩张，标准上的差异逐渐演变为界限，造成新的隔阂。在人类社会结构中，随着联系的日益紧密，社会的分裂也愈发精细，个体开始被“归属”所定义。

作品并非旨在肯定这种结构，而是提出一个问题：一个完整​​的单一社会是否可能存在？此处，“节点”象征着个体作为一个独立的点而非庞大的整体而存在的状态；作品试图通过身体来探索那些在无形张力中共存的关系，它们既非完全融合，也非完全分离。

2.《行走与华尔兹》（Walk and Waltz）

每个人都在行走。但我们究竟有多少真正凝视过隐藏在这些步伐中的生命？由金英雄编舞的《行走与华尔兹》是一部以“漂浮于生命韵律之中”为主题的实验性作品，以“行走”这一最平凡的人类行为为舞蹈的起点。作品试图通过日常行走这一动作，捕捉人类在生活中所经历的内心独白和人生体验。舞者的步伐超越了简单的动作，延伸至情感的流动，将日常生活的痕迹重构为视觉化的律动。舞台运用灯光、音效和服装的质感，感性地展现了“身体在时间中行走”的主题。"
Gukak Groove: 거실에 흐르는 국악,国乐律动：客厅里流淌的韩国传统音乐
"[공연소개]
본 공연은 전통 가야금과 25현 가야금으로 아리랑, 산조, 민요, 대중적으로 익숙한 선율을 엮은 해설형 공연이다.전통음악의 깊이와 현대적 재해석을 함께 소개하며, 살롱 공간에서 관객과 소통하는 친밀한 음악 경험을 제안한다.

[PROGRAM]
* 두 대의 아라리 
정선 , 강원도 , 해주 , 진도아리랑을 전통가야금과 25현가야금으로 새롭게 편곡한 연주곡으로, 한국민요의 정서를 다양한 가야금음색 으로 전하는 서정적인 오프닝곡이다.

* 김죽파류가야금 산조 
김죽파는 20세기 가야금산조의 흐름을 정립한 명인이다. 김죽파류산조는 섬세한 시김새와 다양한 주법, 점차 빨라지는 장단속에서 연주자의 예술성과 기량을보여주는대표적인곡이다

* <백만송이 장미> 
백만송이 장미는 국내에서는 심수봉의 노래로 널리 알려져 있지만, 그 시작은 1981년 라트비아에서 발표된 노래 <마리냐가 준 소녀의 인생>이다. 대지와 운명의 여신 '마라' 가 딸에게 행복을 주는 것을 잊어 고난을 겪게 된다는 신화적 이야기를 담고 있다. 이후 러시아어로 개사되어 사랑 노래로 널리 알려졌고, 오늘 연주는 이 멜로디가 국경을 넘어 전해진 여정을 들려준다.

* 25현가야금 <도라지타령>
강원 경기지역의대표민요<도라지타령>을 25현가야금의 넓은음역과 화성으로 새롭게 풀어낸 연주곡이다.

* 내 마음에 새겨진 추억 - <첨밀밀> 
영화 <첨밀밀>의주제곡 '월량대표아적심' 'I'm StillLovingYou'를 두 대의 가야금으로엮어연주한다.","【演出介绍】

本次演出是一场融合了阿里郎、散调、民歌以及广为人知的旋律的讲解性音乐会，以传统伽倻琴和25弦伽倻琴为乐器，呈现传统音乐的深邃内涵及其现代演绎，旨在营造一种沙龙式的亲密音乐体验，与观众进行深入交流。

【演出曲目】

* 双乐器演奏阿里郎

这是一首为旌善、江原道、海州和珍岛阿里郎新编的器乐曲，以传统伽倻琴和25弦伽倻琴演奏。这首抒情的开场曲通过伽倻琴丰富的音色，传递了韩国民歌的情感。

* 金竹坡式伽倻琴散调

金竹坡是20世纪伽倻琴散调的奠基人之一。金竹巴流散调是一首极具代表性的作品，它以精妙的装饰音、丰富的演奏技巧和渐快的节奏，充分展现了演奏者的艺术造诣和精湛技艺。

*《百万朵玫瑰》

虽然《百万朵玫瑰》在韩国广为人知，是沈秀峰演唱的歌曲，但它的起源可以追溯到1981年在拉脱维亚发行的歌曲《玛丽娜赋予女孩的生命》。这首歌讲述了玛拉（大地与命运女神）因忘记给予女儿幸福而遭受苦难的神话故事。后来，这首歌被改编成俄语，并作为一首情歌广为传唱。今天的演出将讲述这首旋律跨越国界的旅程。

* 25弦伽倻琴《多拉地塔灵》

这首器乐曲以25弦伽倻琴宽广的音域和和谐的音色，重新演绎了江原道和京畿道地区的代表性民歌《多拉地塔灵》。* 铭刻于心的回忆 - 《同志们：几乎是爱情故事》

使用两把伽倻琴演奏电影《同志们：几乎是爱情故事》的主题曲《月亮代表我的心》和《我依然爱你》。"
Rock And Roll 크라잉 넛 X 부활 [금산],Rock And Roll Crying Nut X Boohwal [Geumsan]
금산다락원 생명의집 대공연장,金山达拉院生命之家大演出厅
충남 금산군 금산읍 금산로 1559,忠清南道锦山郡锦山邑锦山路 1559
"[공연소개]
대한민국 펑크록의 아이콘 크라잉 넛과 레전드 록밴드 부활이 한 무대에서 만나는 레전드 록 공연","【演唱会介绍】

一场传奇摇滚演唱会，韩国朋克摇滚偶像 Crying Nut 与传奇摇滚乐队 Boohwal 同台献艺。"
"사물놀이 몰개, 길: The Way [충주]","Samulnori Molgae, Gil: The Way [忠州]"
"[공연소개]
세계적으로 독창적인 구조와 작품성을 인정받은 판소리,
역동적 울림과 장단의 사물놀이, 또 다른 恨(한)의 소리 재즈!
한 편의 드라마가 펼쳐지는 ‘길’의 아름다운 여정 위에 여러분을 초대합니다.
초행, 님의노래, 일곱 갈래 길, 꽃비, 경천동지, 씻김, 이바디 등","【演出介绍】

盘索里，以其独特的结构和艺术价值享誉全球；

四物戏，以其动感的共鸣和节奏著称；还有爵士乐，另一种韩流之声！

诚邀您踏上“道路”的美妙旅程，见证一出精彩纷呈的戏剧。

演出曲目包括：《朝行》、《二人戏》、《高比伽萨莱》、《花巳》、《京天洞地》、《舞曲》、《伊巴迪》等。"
신주헌 클래식기타 초청 리사이틀,申柱宪古典吉他邀请赛
클래시카 서울,首尔古典音乐节
서울특별시 서초구 반포대로30길 32 (서초동),首尔特别市瑞草区盘浦大路30街32（瑞草洞）
"[공연소개]

클래식 기타리스트 신주헌

창의적인 아이디어와 감성적인 작품 해석으로 음악계와 대중 양쪽에서 찬사를 받고 있는 클래식 기타리스트 신주헌은 서울대학교 음악대학 기악과에서 클래식 기타를 전공하고 졸업하였다.

한음 콩쿠르 1위, 해외파견콩쿠르 1위, International Music Competition Vienna 2위, France Music Competition Guitar 1위, Adelaide Guitar Festival 4위 등 국내외 유수의 기타 콩쿠르에서 입상하며 실력을 인정받았다. 이를 바탕으로 오케스트라 협연 및 예술의전당 연주 등 주요 무대에 초청되어 연주하였으며, 국내를 비롯해 일본 도쿄, 대만 타이중 등에서 독주회 및 초청 연주를 진행하며 활발한 국제 활동을 이어가고 있다.

성남시립교향악단, 한양대학교 음악대학, 서울해금앙상블 등과 협연하였고, 금난새의 해설이 있는 음악회, 현대자동차 STAGE X, DMZ 세계평화축전, 유네스코 위대한 유산 오늘과 만나다, 평택 실내악 축제, Baroque Music Festival, 아모레퍼시픽 뉴원페스타 등 다양한 페스티벌과 무대에 연주자로 초청되어 관객과 소통해 왔다.

또한 IBK기업은행 Win Class VVIP Concert 음악감독, 해양수산부 주관 독도 LIVE 음악 총괄 아티스트를 역임하며 기획과 연주를 아우르는 활동을 펼쳤다.

클래식에 국한되지 않고 PLAY THE GUITAR, 뮤지컬 공연, 넥슨 게임 음악 콘서트, 각종 음반 작업 세션 등 대중음악 및 콘텐츠 무대에서도 폭넓게 활동하며 클래식과 대중음악의 경계를 넘나드는 연주자로 자리매김하였다.

최근에는 해금 연주자 노은아와의 듀오 활동을 비롯해 다수의 국악 연주자들과 협업하며 동서양 음악의 조화를 시도하고 있으며, 음악적 스펙트럼을 지속적으로 확장하고 있다.

한편 SBS 놀라운 대회 스타킹, KBS 음악실, KBS 국악 한마당 등 방송 출연과 유튜브 및 SNS 콘텐츠 매체를 통해 그의 음악은 국내외 일반 대중과 음악 애호가들로부터 폭넓은 사랑을 받고 있다.

현재 서울예술고등학교, 경기예술고등학교, 예원학교에 출강하고 있으며, 국군재정관리단 구 국군경리단 기타 앙상블 클래스 지휘자 및 음악감독을 역임하였다. 또한 신주헌 기타 클래스 운영을 통해 후학 양성에 힘쓰고 있으며, 한국기타협회 우수지도자상을 수상하였다.

아울러 음악적 성과와 문화예술 분야에 대한 기여를 인정받아 대한민국 베스트브랜드 문화예술인상을 수상하였다.

다양한 활동을 이어가고 있는 그는 현재 기타의 차세대 연주자로 주목받고 있으며, 아름다운 음색과 기술적으로 완성도 높은 연주로 관객의 마음을 사로잡고 있다.","【音乐会介绍】

古典吉他演奏家申柱宪

古典吉他演奏家申柱宪以其富有创意的演奏理念和饱含情感的诠释而备受音乐界和公众的赞誉。他毕业于首尔大学音乐学院器乐系，主修古典吉他。

他的才华在国内外众多著名吉他比赛中屡获殊荣，包括韩音国际吉他比赛一等奖、海外派遣比赛一等奖、维也纳国际音乐比赛二等奖、法国音乐比赛吉他组一等奖以及阿德莱德吉他节四等奖。凭借这些成就，他受邀在首尔艺术中心等重要舞台上演出，并与众多乐团合作。他持续活跃于国际舞台，在韩国、日本东京和中国台湾台中等地举办独奏音乐会和应邀演出。

她曾与城南爱乐乐团、汉阳大学音乐学院和首尔海琴乐团合作，并受邀在众多音乐节和舞台上演出，与观众互动交流，其中包括金兰世音乐会及评论音乐会、现代汽车STAGE X音乐节、DMZ世界和平节、联合国教科文组织“伟大遗产与今日相遇”活动、平泽室内乐音乐节、巴洛克音乐节和爱茉莉太平洋New One Festa音乐节。

此外，她还参与策划和演出活动，曾担任韩国IBK产业银行Win Class VVIP音乐会的音乐总监和海洋水产部主办的独岛LIVE音乐节的首席音乐艺术家。

她的音乐风格不仅限于古典音乐，更通过广泛参与流行音乐及相关内容的舞台演出，例如《弹吉他》（PLAY THE GUITAR）、音乐剧、Nexon游戏音乐会以及参与多张专辑的录制，确立了自己作为一位超越古典与流行音乐界限的表演者的地位。

近年来，她致力于融合东西方音乐，与众多韩国传统音乐演奏家合作，包括与奚琴演奏家卢恩雅（No Eun-ah）组成二重奏，并不断拓展自己的音乐领域。同时，她也凭借在SBS《Star King》、KBS《音乐室》（Music Room）和KBS《国乐韩马堂》（Gugak Hanmadang）等电视节目中的亮相，以及在YouTube和社交媒体上的活跃表现，赢得了国内外广大观众和音乐爱好者的喜爱。

他目前在首尔艺术高中、京畿道艺术高中和艺苑学校任教，曾任韩国武装部队财务公社（原韩国军事财务兵团）吉他合奏团指挥及音乐总监。他还致力于通过创办申柱宪吉他班培养新一代音乐家，并荣获韩国吉他协会颁发的“杰出教师奖”。

此外，为表彰他在音乐领域的成就以及对文化艺术领域的贡献，他荣获韩国最佳品牌文化艺术家奖。

他继续活跃于各个领域，作为新一代吉他手，他凭借优美的音色和精湛的技艺，吸引着众多听众。"
24시간 프로젝트 시즌9: 강혜리,24小时企划第九季：姜惠利
서울특별시 종로구 동숭길 3 (동숭동),首尔特别市钟路区东崇街3（东崇洞）
"[PROGRAM]

Improvisation 

Johann Christian Bach (1735-1782)
Piano Sonata No.5 in A major, Op.17
1. Allegro
2. Presto

Clara Schumann (1819-1896)
Prelude No. 6 in D-flat major “Des Abends”

Robert Schumann (1810-1856)
Piano Sonata No.1 in F-sharp minor, Op.11
1. Introduzione: Un poco Adagio - Allegro vivace
2. Aria
3. Scherzo e Intermezzo: Allegrissimo - Lento - Tempo primo
4. Finale: Allegro un poco maestoso

※ 프로그램은 연주자의 사정에 의해 변경될 수 있습니다.","[程序]

即兴创作

约翰·克里斯蒂安·巴赫 (1735-1782)

A 大调第五钢琴奏鸣曲，作品。 17 号

1. 快板

2.急板

克拉拉·舒曼 (1819-1896)

降D大调第六前奏曲“Des Abends”

罗伯特·舒曼 (1810-1856)

升F小调第一钢琴奏鸣曲，作品。 11

1. 简介：Un poco Adagio - Allegro vivace

2.咏叹调

3. 谐谑曲和间奏曲：快板 - 慢板 - 第一速度

4. 终曲：Allegro un poco maestoso

※ 根据表演者的情况，节目可能会有所变更。"
24시간 프로젝트 시즌9: 투크 피아노 콰르텟,24小时项目第九季：图克钢琴四重奏
"[PROGRAM]

Johannes Brahms (1833-1897)
Piano Quartet No.1 in G minor, Op.25
1. Allegro
2. Intermezzo: Allegro, ma non troppo
3. Andante con moto
4. Rondo all Zingarese: Presto

※ 프로그램은 연주자의 사정에 의해 변경될 수 있습니다.","[程序]

约翰内斯·勃拉姆斯 (1833-1897)

G小调第一钢琴四重奏，作品25

1. 快板

2. 间奏曲：快板，ma non troppo

3. 摩托行板

4. 所有辛加语回旋曲：急板

※ 根据表演者的情况，节目可能会有所变更。"
24시간 프로젝트 시즌9: 손민영,24小时计划 第9季：孙敏英
"[PROGRAM]

Franz Liszt (1811-1886)
Consolations, S.172 (excerpt)
No.2 in E major. Un poco più mosso

Franz Liszt (1811-1886)
Années de pèlerinage II : Italie, S.161 (excerpt)
No.5 Sonetto 104 del Petrarca

Johannes Brahms (1833-1897)
Piano Sonata No.3 in F minor, Op.5
1. Allegro maestoso
2. Andante espressivo
3. Scherzo: Allegro energico-Trio
4. Intermezzo: Andante molto
5. Finale: Allegro moderato ma rubato

※ 프로그램은 연주자의 사정에 의해 변경될 수 있습니다.","[程序]

弗朗茨·李斯特 (1811-1886)
安慰，S.172（摘录）
E大调第二号。 Un poco più mosso

弗朗茨·李斯特 (1811-1886)
Années de pèlerinage II：意大利，S.161（摘录）
No.5 Sonetto 104 德尔佩特拉卡

约翰内斯·勃拉姆斯 (1833-1897)
F小调第三钢琴奏鸣曲，作品5
1. 快板大师
2. 浓情行板
3. 谐谑曲：Allegro energico-Trio
4. 间奏曲：行板
5. 终曲：慢板快板

※ 根据表演者的情况，节目可能会有所变更。"
"한밤의 공연 산책 Ⅱ, 닥터트램과 봉봉",午夜表演漫步 II、特拉姆博士和邦邦
"[공연소개]

탄성으로 연결되는 관계, 관객이 완성하는 무대

외로운 닥터트램이 만든 탄성 인형 '봉봉이',
관객의 작은 소리와 반응으로 살아 움직이는 독특한 존재.
객석과 무대의 경계를 허물고 '탄성'이라는 매개체로 소통하는 독창적인 실험
관객의 에너지가 공연을 완성하는 특별한 참여형 무대","【演出介绍】

弹性连接的关系，由观众共同完成的舞台

“邦邦伊”，一个由孤独的特拉姆博士创造的弹性玩偶，

一个独特的生命体，通过观众的细微声音和反应而获得生命。

这是一次打破观众与舞台界限的原创实验，通过“弹性”这一媒介进行交流。

这是一个特殊的互动舞台，观众的能量将成就整场演出。"
"한밤의 공연 산책 Ⅰ, U's Again",午夜表演漫步 I，U's Again
"[공연소개]
하늘에서 떨어진 색색의 모자, 다시 피어나는 청춘

일상에 지친 할머니와 할아버지가 하늘에서 떨어진 모자를 쓰는 순간, 
다시금 생기 넘치는 웃음으로 채워지는 유쾌한 변신.
나이 듦 속에 숨겨진 찬란한 즐거움을 찾아가는 따뜻한 여정.","【演出介绍】

天降五彩帽，青春再绽放

一对饱经风霜的爷爷奶奶，戴上从天而降的帽子，

瞬间焕然一新，脸上重现了灿烂的笑容。

一段温暖人心的旅程，带你发现岁月沉淀的喜悦。"
"NT Live, 워렌 부인의 직업 (영상화)",NT Live，《华伦太太的工作》（视频改编版）
"[공연소개]
도덕과 생존 사이, 여성이 감당해야 했던 선택의 대가

노벨문학상 수상자이자 영국의 대표적인 비평가, 사상가, 극작가인 조지 버나드 쇼의 <워렌 부인의 직업>을 선보인다. 이 작품은 '매춘부 문제'를 통해 여성을 경제적으로 억압하는 영국 사회의 구조적 불평등을 날카롭게 비판하며, 발표 당시 큰 반향을 일으켰다. 올리비에상 5회 수상에 빛나는 이멜다 스턴톤이 친딸인 베시 카터와 처음으로 모녀 역을 함께 연기한다는 점에서도 주목을 끈다. 또한 이번 작품은 이멜다 스턴톤과 도미닉 쿡 연출이 다시 한번 손을 잡은 신작으로, 도덕성과 자립, 전통과 진보가 충돌하는 지점에서 인간의 선택과 책임을 깊이 있게 조명한다.

[줄거리]
비비 워렌은 대학을 막 졸업한, 지성과 독립심을 갖춘 젊은 여성이다. 그녀는 어머니 키티 워렌이 과거 생계를 위해 사회적 으로 용인되지 않는 방식으로 부를 일구었다는 사실을 알게 된다. 비비는 어머니의 선택이 도덕적으로 정당한 것이었는지를 묻는 한편, 그것이 과거의 일이 아니라는 현실을 마주하며 갈등한다. 자신의 신념에 따라 살아가려는 딸과, 가부

장적 사회 속에서 살아남아야 했던 어머니의 가치관은 충돌한다. 하지만 워렌 부인이 쌓은 막대한 부의 대가는 과연 무엇이었을까?","【引言】

道德与生存之间：女性不得不承受的选择代价

我们为您呈现乔治·萧伯纳的剧作《华伦夫人的职业》。萧伯纳是诺贝尔文学奖得主，也是英国著名评论家、思想家和剧作家。这部作品一经问世便引起轰动，它尖锐地批判了英国社会中通过“妓女问题”在经济上压迫女性的结构性不平等。此外，五次荣获奥利弗奖的伊梅尔达·斯汤顿首次与她的女儿贝西·卡特共同出演母女角色，也因此备受瞩目。更重要的是，这部作品是伊梅尔达·斯汤顿与导演多米尼克·库克的全新合作，深刻地揭示了在道德与独立、传统与进步发生冲突时，人类的选择与责任。

【剧情简介】

比比·华伦是一位才智过人、独立自主的年轻女性，刚刚从大学毕业。她发现母亲凯蒂·沃伦过去曾以不光彩的手段积累财富。比比质疑母亲的选择是否合乎道德，同时也不得不面对现实：这并非过去的事情。女儿力求按照自己的信念生活，而母亲则不得不在父权社会中求生，两者的价值观产生了冲突。但沃伦夫人积累的巨额财富背后，究竟隐藏着怎样的代价？"
이상한 색깔 나라의 무지,无印良品在奇幻色彩之国
"[공연소개]

<이상한 색깔나라의 무지>
강아지 무지는 토끼를 따라가다 우연히 이상한 색깔 나라에 빠지게 됩니다.
그곳에서 무지는 사라진 색을 하나씩 찾아 나서는 특별한 모험을 시작하고, 여정 속에서 색깔 여왕과 개성 넘치는 친구들을 만나며 빨강, 노랑, 파란 다양한 색의 의미와 아름다움을 알아갑니다. 색을 찾을수록 무지는 점점 성장하고, 마침내 모든 색이 모여 무지개가 완성되는 순간,
무지는 자신만의 색과 이야기를 발견하게 됩니다.
이상한 색깔 나라의 무지는
이상한나라의 앨리스를 기반으로
아이들이 이야기를 따라가며
자연스럽게 색을 배우고 알아가며 자신의 색을 만들 수 있는 공연입니다.","【演出介绍】

《奇妙色彩王国里的无印良品》

小狗无印良品跟着一只兔子，意外地掉进了一个奇妙的色彩王国。

在那里，无印良品踏上了一段寻找各种颜色的奇妙冒险之旅。一路上，他遇到了色彩女王和一群独特的朋友，了解了红色、黄色、蓝色等各种颜色的意义和美丽。随着他找到的颜色越来越多，无印良品也逐渐长大。当所有颜色汇聚成一道彩虹时，

无印良品发现了属于自己的独特颜色和故事。

《奇妙色彩王国里的无印良品》改编自《爱丽丝梦游仙境》，是一场让孩子们在跟随故事的同时，自然而然地学习和发现颜色，最终创造出属于自己的颜色的演出。"
알사탕 [공주],硬糖[公主]
"[공연소개]

우리 아이에게 주는 최고의 선물! 뮤지컬 <알사탕>과 함께하는 '행복한 하루'

5월 5일 어린이날, 공주문예회관이 아이들을 위해 거대한 꿈의 놀이터로 변신한다.
2025년부터 시작된 문예회관의 어린이날 특별 프로젝트가 올해는 더욱 업그레이드된 재미와 감동으로 가족 관객들을 맞이한다.
대공연장 무대에는 전 세계가 사랑한 백희나 작가의 베스트셀러 원작, 가족 뮤지컬 <알사탕>이 오른다. 신비한 사탕을 먹고 마음의
소리를 듣게 된 동동이의 이야기를 통해 서툴지만 진심 어린 가족의 사랑과 용기를 전하며 아이와 부모님 모두에게 뭉클한 따뜻함을
선사할 예정이다. 감동은 무대 밖에서도 계속된다. 공연 전후로 로비와 야외에서 다채로운 부대행사 <행복한 하루>가 펼쳐진다.
아기자기한 '작은 극장'과 흥겨운 '야외 퍼포먼스' 눈을 뗄 수 없는 '마술 공연'이 축제의 흥을 돋운다. 또한 아이들을 반겨줄 '키다리 아저씨' 등
체험 행사가 가득해 지루할 틈이 없다. 온 가족이 웃고 즐기며 소중한 추억을 만드는 어린이날 최고의 나들이 명소가 되기를 기대한다.


[작품소개]

마음의 소리가 들리는 '마법의 알사탕'이 전하는 따뜻한 위로와 성장 이야기.
세계적인 작가 백희나의 그림책 <알사탕>을 원작으로 탄탄한 스토리에 아름다운 음악과
다양한 무대효과가 더해져 그림책의 감동을 그대로 구현한다.
2019년 초연 이후 3년 연속 판매랭킹 1위(놀 티켓 아동, 가족 부문)를 기록하며,
아이는 물론 부모의 마음까지 사로잡은 명품 가족 뮤지컬이다.


[시놉시스]

""그건 알사탕이야. 아주 달지.""
 
문방구에서 산 알사탕 한 봉지. 사탕 한 알을 입에 넣자
 
원래는 들을 수 없던 소리가 들린다!
 
""동동아~ 동동아~""
 
마법의 사탕이 들려주는 마음의 소리!
 
다음엔 또 누구의 소리가 들릴까?","【演出介绍】

送给孩子的最佳礼物！音乐剧《爱沙堂》带您度过快乐的一天

5月5日儿童节，公州艺术中心将化身为一个巨大的儿童梦幻乐园。

艺术中心自2025年起推出的儿童节特别企划，今年将以更加精彩纷呈、感人至深的演出，迎接广大家庭观众。

根据畅销小说家白熙娜的同名小说改编的家庭音乐剧《爱沙堂》将在大剧院上演。该剧讲述了小男孩东东吃了一颗神秘糖果，学会倾听自己内心声音的故事，传递了一个家庭笨拙却真挚的爱与勇气，必将为孩子和家长带来温暖人心的体验。演出结束后，精彩的互动活动也将延续到舞台之外。演出前后，大厅和户外还将举办一系列名为“快乐的一天”的特别活动。

迷人的“小剧场”、精彩的“​​户外表演”和引人入胜的“魔术秀”将为节日增添欢乐气氛。此外，还有丰富多彩的互动活动，例如孩子们可以与可爱的“长腿叔叔”互动，保证让您全程乐在其中。我们希望这里能成为全家欢度儿童节的最佳去处，让大家尽情欢笑，享受美好时光，留下珍贵回忆。

【剧情简介】

一个关于温暖慰藉和成长的故事，由一颗能够聆听心灵之声的“魔法硬糖”倾情呈现。

本剧改编自世界知名作家白熙娜的绘本《硬糖》，通过引人入胜的故事情节、优美的音乐和丰富的舞台特效，忠实地再现了原著的感人至深。

自2019年首演以来，该剧已连续三年荣登诺乐票儿童及家庭票销量榜首，成为一部深受儿童和家长喜爱的优质家庭音乐剧。

【剧情简介】

“那是硬糖，好甜啊。”

一袋在文具店买来的硬糖。当一颗糖放入口中时，

原本听不到的声音开始响起！

“咚咚~咚咚~”

神奇的糖果诉说着内心的声音！

下一个会是谁的声音呢？"
렉처 콘서트III. 라틴 클래식 음악 [공주],第三场讲座音乐会：拉丁古典音乐 [公州]
"[공연소개]

듣는 것에서 이해하는 것으로 확장되는 시간
 
렉처콘서트는 바로크·낭만주의 클래식부터 오페라·뮤지컬·라틴 클래식(탱고)·재즈까지 다양한 음악 장르를 전문 해설과 실연으로 탐구하는 강의형 콘서트이다.
장르의 탄생과 배경, 역사, 작곡가의 대표곡을 쉽고 재밌게 풀어내며, 대중적인 곡들을 중심으로 구성해 각 장르의 초심자부터 애호가까지 폭 넓게 즐길 수 있는 
입체적인 경험을 제공한다. 네 개의 독립된 공연이 유기적으로 이어져 음악의 넓은 세계를 자연스럽게 여행하듯 이해하도록 돕고, 관객이 일상 속에서 음악을
더 가깝게 느낄 수 있도록 구성된 공연이다. 공연 전 제공되는 커피와 쿠키, 재밌고 흥미로운 해설과 연주를 통해 관객들에게 특별한 오전을 선물하고자 한다.


[프로그램]

<고독과 열정의 시작>
전통 탱고와 클래식 음악의 결합을 시도한 피아졸라의 음악적 여정을 설명하며, 탱고의 심장이라 불리는 반도네온의 매력에 대해 이야기합니다.
Oblivion(망각)
Adios Nonino(아디오스 노니노)
Libertango(리베르탱고)
 
<탱고의 역사와 변천> 
20세기 초 아르헨티나 빈민가에서 시작된 탱고의 기원과 황금기를 거쳐 전 세계적인 음악으로 발전하는 과정을 소개합니다.
Histoire du Tango
피아졸라 탱고의 역사
I. Bordel 1900 (1900년의 선술집)
II. Café 1930 (1930년의 카페)
III. Night-club 1960 (1960년의 나이트클럽) 
IV. Concert d'Aujourd'hui (오늘날의 콘서트)
 
<피아졸라와 뉴에보 탱고 전성시대>
Buenos Aires Four Seasons 중 ‘Invierno Porteño’ 
부에노아이레스의 사계 중 '겨울'
 
* 상기 프로그램은 출연진의 사정에 의해 변경될 수 있습니다","【演出介绍】

从聆听到理解的旅程

讲座音乐会是一场融合讲座与现场演奏的音乐会，探索巴洛克、浪漫主义古典音乐、歌剧、音乐剧、拉丁古典音乐（探戈）和爵士乐等多元音乐类型。

音乐会以轻松有趣的方式讲解作曲家的生平、背景、音乐历程和代表作品。通过聚焦流行曲目，音乐会为所有听众，无论初学者还是音乐爱好者，提供多维度的聆听体验。演出结构巧妙，四个独立部分有机衔接，带领观众如同置身于浩瀚的音乐世界，感受音乐与日常生活的亲密联系。演出前，我们将提供咖啡和饼干，并穿插精彩的讲解和表演，力求为观众打造一个特别的早晨。

【节目单】

《孤独与激情之始》

本节目讲述了皮亚佐拉的音乐历程，他尝试将传统探戈与古典音乐融合，并探讨了被誉为探戈之心的班多钮琴的魅力。

《遗忘》

《再见，诺尼诺》

《自由探戈》

《探戈的历史与演变》

本节目介绍了探戈的起源，它于20世纪初在阿根廷的贫民窟诞生，经历了其黄金时代，并最终发展成为一种全球性的音乐流派。

探戈的历史

皮亚佐拉探戈的历史

I. 妓院 1900

II. 咖啡馆 1930

III. 夜总会 1960

IV.今日音乐会

《皮亚佐拉与新埃沃探戈的黄金时代》

《布宜诺斯艾利斯四季》选段“布宜诺斯艾利斯的冬天”

《布宜诺斯艾利斯四季》选段“冬天”

* 以上节目单可能因演出人员情况而有所调整。"
금난새와 함께하는 마티네 콘서트 V. 베토벤 [공주],与金兰世五世（公主）的午间音乐会 贝多芬
"[공연소개]

클래식 전도사 마에스트로 금난새와 함께하는 마티네 콘서트
 
금난새와 함께하는 마티네 콘서트가 작년 계절 테마에 이어, 올해는 클래식 역사에서 가장 사랑받는 협주곡을 소개하는 명작 시리즈로 다시 관객을 만난다.
금난새 지휘자의 재치 있는 해설과 깊이 있는 음악적 지식을 바탕으로 매 회차 대표 작곡가들의 명곡을 선보이며,
바이올린·첼로·피아노 협주곡부터 현악곡, 실내악까지 다양한 레퍼토리로 아침 시간을 풍성하게 채운다.
공연 전 제공되는 따뜻한 커피와 달콤한 쿠키, 그리고 금난새 지휘자의 유머와 해설이 어우러져 더욱 특별한 마티네 무대를 선사할 예정이다.

* '마티네(Matinee)'는 프랑스어로 오전이나 정오에 열리는 공연을 뜻함


[프로그램]

L.v.Beethoven - Piano Trio No.7 in B-flat Major, Op. 97 ""Archduke"" 외
베토벤   피아노 3중주 내림 나장조, 작품 97 ""대공""
 
* 상기 프로그램은 출연진의 사정에 의해 변경될 수 있습니다.","【音乐会介绍】

与古典音乐传播者——严南世大师共度午后音乐会

延续去年的季节主题，严南世大师午后音乐会今年再次回归，带来“大师杰作系列”，为您呈现古典音乐史上一些最受欢迎的协奏曲。

音乐会以严南世大师风趣幽默的讲解和深厚的音乐造诣为基础，每场音乐会都将呈现一位代表性作曲家的杰作。

从小提琴、大提琴和钢琴协奏曲到弦乐作品和室内乐，丰富的曲目将为您的清晨时光增添光彩。

演出前提供的暖心咖啡和香甜饼干，加上严南世大师的幽默讲解，定会为您带来更加特别的午后音乐会体验。

*​​ “Matinee”一词源于法语，意为上午或中午举行的演出。

【演出曲目】

路德维希·范·贝多芬 - 降B大调第七钢琴三重奏，作品97号“大公”及其他作品

贝多芬 降B大调钢琴三重奏，作品97号“大公”

* 以上演出曲目可能因演出阵容等因素而有所调整。"
금난새와 함께하는 마티네 콘서트 I. 멘델스존 [공주],与金南世 I. 门德尔松 [公主] 的午间音乐会
"[공연소개]

클래식 전도사 마에스트로 금난새와 함께하는 마티네 콘서트
 
금난새와 함께하는 마티네 콘서트가 작년 계절 테마에 이어, 올해는 클래식 역사에서 가장 사랑받는 협주곡을 소개하는 명작 시리즈로 다시 관객을 만난다.
금난새 지휘자의 재치 있는 해설과 깊이 있는 음악적 지식을 바탕으로 매 회차 대표 작곡가들의 명곡을 선보이며,
바이올린·첼로·피아노 협주곡부터 현악곡, 실내악까지 다양한 레퍼토리로 아침 시간을 풍성하게 채운다.
공연 전 제공되는 따뜻한 커피와 달콤한 쿠키, 그리고 금난새 지휘자의 유머와 해설이 어우러져 더욱 특별한 마티네 무대를 선사할 예정이다.

* '마티네(Matinee)'는 프랑스어로 오전이나 정오에 열리는 공연을 뜻함


[프로그램]

F. Mendelssohn - Violin Concerto in e minor, Op. 64
멘델스존   바이올린 협주곡 마단조, 작품 64
 
F. Mendelssohn - String Octet in E-flat Major, Op. 20 외
멘델스존   현악 8중주 내림마장조, 작품 20

* 상기 프로그램은 출연진의 사정에 의해 변경될 수 있습니다.","【音乐会介绍】

与古典音乐传播者——严南世大师共度午后音乐会

延续去年的季节主题，严南世大师午后音乐会今年再次回归，带来“大师杰作系列”，为您呈现古典音乐史上最受欢迎的协奏曲。

音乐会以严南世大师风趣幽默的讲解和深厚的音乐造诣为基础，每场音乐会都将呈现一位代表作曲家的杰作。

从小提琴、大提琴和钢琴协奏曲到弦乐作品和室内乐，丰富多彩的曲目将为您的清晨时光增添无限乐趣。

演出前提供的暖心咖啡和香甜饼干，加上严南世大师的幽默讲解，定会为您带来更加特别的午后音乐会体验。

*​​ “午后音乐会”（Matinee）一词源于法语，意指上午或中午举行的演出。

【演出曲目】

F. 门德尔松 - e小调小提琴协奏曲，作品64号

门德尔松 e小调小提琴协奏曲，作品64号

F. 门德尔松 - 降E大调弦乐八重奏，作品20号等

门德尔松 降E大调弦乐八重奏，作品20号

* 以上演出曲目可能因演出人员情况而有所调整。"
알라딘과 요술램프 [공주],阿拉丁和神灯[公主]
"[공연소개]

꿈꾸는 아이들에게 심어주는 지혜와 희망, 온 가족이 함께 즐기는 가슴 따뜻한 명작 뮤지컬
 
신비로운 사막의 도시 아그라바, 그곳에서 펼쳐지는 천일야화의 마법이 2026년 공주문예회관 대공연장을 찾아온다.
어린이뮤지컬 <알라딘과 요술램프>는 전 세계 아이들에게 사랑받아온 명작 동화를 바탕으로, 한층 더 업그레이드 된 볼거리와 탄탄한 스토리텔링을 더해 완성된 작품이다.
상상력을 자극하는 동화 속 세상 이국적인 정취를 살린 무대 배경과 캐릭터들의 개성을 돋보이게 하는 다채로운 의상이 어우러져, 책 속에서 보던 아그라바를 무대 위에 구현했다.
 
시선을 사로잡는 조명 연출과 배우들의 생동감 넘치는 연기, 그리고 어깨를 들썩이게 하는 경쾌한 춤과 노래는 아이들 눈높이에 딱 맞는 즐거움을 선사할 것이다.
2026년, 우리 아이들이 자신의 마음 속에 있는 보석 같은 용기를 발견할 수 있도록, 공주문예회관이 준비한 이 특별한 모험에 여러분을 초대한다.","【演出介绍】

充满智慧与希望的梦想，献给怀揣梦想的孩子们，一部温馨感人的音乐剧杰作，适合全家共享。

《一千零一夜》的奇幻故事将在神秘的沙漠之城阿格拉巴展开，2026年登陆公州艺术中心大剧院。

改编自风靡全球的经典童话，儿童音乐剧《阿拉丁神灯》以升级的视觉效果和扎实的故事情节，打造出一部精彩绝伦的作品。

一个激发无限想象力的童话世界。舞台背景营造出异域风情，色彩缤纷的服装凸显了人物的个性，将书中描绘的阿格拉巴栩栩如生地呈现在舞台上。

绚丽的灯光效果、演员们充满活力的表演、欢快动听的歌舞，将为孩子们带来一场视听盛宴。

我们诚邀您参加由公州艺术中心精心策划的这场特别冒险之旅，让我们的孩子们在2026年发现他们心中如宝石般珍贵的勇气。"
"쇼뮤지컬 어게인, 드림하이 [공주]",再次上演音乐剧，梦想高远 [公主]
"[Program]
 
못 잊은 거죠
Look in the mirror
My Valentine
Fever
Someday
Dream High
Dreaming
하이애나 스윙
Starlight
celebrity
너의무대
Dream High (Rep.)","[节目单]

你无法忘记

照镜子

我的情人

发烧

总有一天

梦想成真

梦想

鬣狗摇摆

星光

名人

你的舞台

梦想成真（重复）"
"대전시립교향악단 마스터즈 시리즈 7, 말러 교향곡 제2번 부활",大田爱乐乐团大师系列7，马勒第二交响曲《复活》
"[PROGRAM]
말러 _ 교향곡 제2번 다단조 ‘부활’","【节目单】

马勒：C小调第二交响曲“复活”"
"대전시립교향악단 마스터즈 시리즈 9, 라흐마니노프 교향곡 제2번",大田爱乐乐团大师系列9，拉赫玛尼诺夫第二交响曲
"[PROGRAM]
라흐마니노프 _ 보칼리제, 작품 34-14

라흐마니노프 _ 파가니니 주제에 의한 랩소디, 작품 43

라흐마니노프 _ 교향곡 제2번 마단조, 작품 27","【演出曲目】

拉赫玛尼诺夫 _ 声乐练习曲，作品34-314

拉赫玛尼诺夫 _ 帕格尼尼主题狂想曲，作品43

拉赫玛尼诺夫 _ E小调第二交响曲，作品27"
돈의 신: 神 [춘천],财神：神 [春川]
"[시놉시스]

박대출은 평생 돈이 없어 가난에 허덕이다 죽었다.

그를 기리는 다시래기가 시작되자 억울함을 못 참고 벌떡 살아난 박대출.

지난 생은 대출만 받고 가난하게 살다 죽었지만 이번 생은 꼭 부자로 살다 죽으리라.

다시 살아난 박대출과 마을 사람들은 정직한 사람들은 늘 가난한데

나쁜 사람들은 부자가 되는 것에 분개해 돈신을 불러낸다.

이때 가난의 신이 돈은 나쁜 거라며 박대출과 마을 사람들을 만류하려 한다.

그러나 박대출과 마을 사람들은 동의하지 않고 가난의 신을 물리치고 돈신을 불러낸다.

하지만 그들 앞에 거지 차림의 맹인이 나타나는데...","【剧情简介】

朴大哲一生贫困潦倒，最终因缺钱而死。

在他生前举行的祭祀仪式“十日祭”开始时，朴大哲再也无法忍受这种不公，突然复活了。

他发誓，前世自己穷困潦倒，终死沙场，今生一定要过上富裕的生活，死得其所。

复活后的朴大哲和村民们对诚实的人总是贫穷，

而坏人却能发财致富感到愤慨，于是他们召唤了财神。

此时，贫穷之神试图劝阻朴大哲和村民们，声称金钱是邪恶的。

然而，朴大哲和村民们并不认同，他们赶走了贫穷之神，召唤了财神。

就在这时，一个装扮成乞丐的盲人出现在他们面前……"
"문턱, 김단비밴드 래인 (來潾) : 새로운 시작, 래인",Threshold、Kim Danbi Band Rain（来潾）：新的开始，Rain
보헤미안 소극장,波西米亚剧院
광주광역시 동구 문화전당로 43 (광산동),光州广域市东区文化殿堂路43(光山洞)
"[공연소개]
2023년 [문턱]의 시작을 알렸던 무대에 김단비밴드 래인이 있었다.
그로부터 3년 문턱은 새로운 호흡으로 나아가고 래인은 다시 시작의 자리에 선다.

<새로운 시작, 래인>은 [문턱]과 김단비밴드 래인 모두에게 각자의 의미를 새롭게 다듬는 출발점이다.

[문턱]은 그동안 쌓아온 경험을 바탕으로 공연의 완성도를 더욱 높이고, 음악을 중심으로 다양한 예술을 품으며 공연이 닿을 수 있는 영역을 넓혀간다.

래인은 팀 이름의 의미를 위로의 '래인'에서 다가오는 맑음의 '래인(來潾)'으로 다시 정의한다.

언제나 맑은 소리가 흐르고(來潾), 사람 찾아오는 소리가 끊이지 않을(來人) 자리를 꿈꾸며, 이 공연은 시작이 가진 설렘과 기대, 약간의 두려움과 그럼에도 경쾌하게 뛰는 심장박동을 음악으로 나눈다.

김단비의 깊이 있는 해설과 재치 있고 위트 있는 진행을 따라 연주와 이야기는 자연스럽게 이어지고, 관객은 음악을 듣는 동시에 새로운 시작의 시간을 함께 건너게 된다.

<새로운 시작, 래인>.
다시 처음 앞에 선 자리에서 소리와 사람이 만난다.","【演出介绍】

2023年，金丹菲乐队的《Rain》登上舞台，标志着[Munteok]的诞生。

三年后，Munteok以全新的节奏继续前行，《Rain》再次成为起点。

《新的开始，Rain》既是Munteok的起点，也是金丹菲乐队的《Rain》重新定义各自意义的起点。

基于迄今为止积累的经验，Munteok通过融合以音乐为中心的多元艺术形式，进一步提升了演出质量，并拓展了其影响力。

《Rain》重新定义了乐队名称的含义，从“Rain”（意为舒适）变为“Rain（来潾）”（意为接近清明）。

梦想着一个清澈的声音永不停歇的地方，人们的来访声也永不停歇。这场演出以音乐分享着对新开始的兴奋与期待，一丝忐忑，以及伴随而来的那份欢快的心跳。

在金丹菲富有洞察力的解说和风趣的主持下，演出与故事自然流畅地展开，观众在聆听音乐的同时，也跨越了新开始的时光。

《新开始，巷》

声音与人，在最初的起点再次相遇。"
"국립국악원 관현악, 축제 [공주]",国立国乐中心管弦乐团，音乐节[公州]
"[공연소개]
장단이 울리면, 무대는 축제가 된다.
 
국립국악원 창작악단이 선보이는 관현악 <축제>는 전통의 깊은 호흡을 현대적인 감각으로 재해석해 국악관현악의 경계를 허물고
역동적인 우리 음악의 진수를 펼쳐 보이는 무대이다. 웅장한 관현악의 울림 속에서 대금, 피리, 해금의 섬세한 선율이 살아나고 방송을 
통해 친숙한 양방언의 '프론티어' 부터 서도소리의 깊은 울림, 신비로운 생황의 화려한 기교 그리고 심청가 중 '범피중류'의 비장미까지
더해져 한의 정서가 신명의 에너지로 힘차게 치솟는 과정을 드라마틱하게 그려낸다. 서로 다른 호흡이 겹쳐 만들어내는 파도 같은 사운드는
한국 음악의 본질을 선명하게 드러내며 특히 공연의 절정에서 사물놀이와 관혁악이 어우러지는 '판놀음'은 무대와 객석을 하나로 만드는 압도적인
흥을 선사할 것이다. ""전통은 지루하다""는 고정관념을 과감히 깨뜨릴 수 있도록 대중적인 흐름과 다채로운 구성을 더해, 국악이 낯선 관객조차 그
역동적인 에너지에 매료되어 우리 소리의 머소가 신명을 온몸으로 만끽하는 벅찬 축제의 현장이 될 것이다.

[프로그램]
관현악  프론티어(작곡/양방언)
 
서도협주곡  서도소리와 관현악을 위한 '바람과 나무와 땅의 시'
 
생황협주곡  환상적(작곡/이정호)
 
판소리협주곡  범피중류(편곡/이용탁)
 
판굿과 관현악  판놀음(작곡 이준호)
 
* 상기 프로그램은 출연진 사정에 의해 변경될 수 있습니다.","【演出介绍】

当节奏响起，舞台化作一场盛大的庆典。

由国立国乐中心创意乐团呈现的管弦乐演出《庆典》以现代的视角重新诠释了深厚的传统韵味，打破了韩国传统管弦乐的界限，展现了我们充满活力的音乐的精髓。在恢弘的管弦乐声中，大笒、琵琶、奚笒的细腻旋律跃然耳畔。从广为人知的杨邦言的《边境》，到深沉的《徐道创理》，再到神秘的生煌的炫技，以及《心清歌》中悲怆的《范比正流》，演出生动地描绘了“哀”的情感如何升华为“振奋”的能量。不同呼吸交叠产生的波浪般的声响，清晰地展现了韩国音乐的精髓。尤其是在演出高潮部分的“潘诺莱姆”（Pan-noleum），四物戏与管弦乐完美融合，将带来震撼人心的激动体验，让舞台与观众融为一体。通过融入流行元素和多元化的编曲，大胆打破“传统枯燥乏味”的刻板印象，这将是一场令人振奋的音乐盛宴，即使是不熟悉韩国传统音乐的观众，也会被其澎湃的能量所深深吸引，全身心地沉浸在音乐的魅力之中。

【演出曲目】

管弦乐前沿（作曲：杨邦彦）

西岛苏里协奏曲《风、树、土之诗》

生皇协奏曲《幻想曲》（作曲：李正浩）

盘索里协奏曲《范比正流》（改编：李容卓）

盘古与管弦乐《盘古》（作曲：李俊浩）

* 以上演出曲目可能因演出人员情况而有所调整。"
"해설이 있는 발레, 백조의 호수 [공주]",芭蕾舞剧《天鹅湖》（公主）及解说
"[공연소개]

귀로 듣고 눈으로 즐기는 친절한 발레 <백조의 호수>
 
서울시티발레단이 선보이는 <백조의 호수>는 무용수들의 아름다운 몸짓에 친절한 해설을 곁들여, 발레가 어렵다는 편견을 깨고
남녀노소 누구나 쉽고 재미있게 즐길 수 있도록 기획된 '눈높이 맞춤' 공연이다. 이야지는 지그프리드 왕자가 숲속 호수에서 마법사
로트발트의 저주에 걸린 백조의 여왕, 오데트 공주를 만나 운명적인 사랑을 맹세하며 시작된다. 마법사가 흑조 오딜을 내세워 두 사람을
갈라놓으려 하지만 결국 진실한 사랑의 힘으로 시련을 극복하고 행복을 되찾는 아름다운 결말을 그린다. 마임이나 줄거리를 이해하려 애쓸
필요 없이 해설자가 들려주는 흥미진진한 이야기를 따라가다 보면 어느새 작품 속에 푹 빠져들게 될 것이다. 발레를 처음 접하는 어린이에게는
살아있는 동화책이 되고 성인 관객에게는 클래식의 깊이를 쉽게 만끽할 수 있는 최고의 입문 공연이 될 것이다.


[시놉시스]
 
프롤로그 왕자의 성인식
성대한 성인식을 치르고 선물로 활을 받은 지그프리드 왕자는 백조가 날아가는 것을 보고
친구들과 함께 호숫가로 사냥을 간다.
 
1막 호숫가 전경
백조를 쫓아 숲으로 온 지그프리드 왕자는 호숫가에서 늑대들과 로드발트의 공격을 받지만 백조들의 도움으로 이겨내고
인간의 모습으로 변하는 오데뜨 공주를 발견하고 첫눈에 반해 그녀에게 청혼을 한다. 공주가 악마의 마법에서 풀리려면
한 사람의 영원한 사랑을 받아야 한다는 말을 들은 지그프리드 왕자는 사랑의 맹세를 약속한다.
 
2막 궁전 무도회장
지그프리드 왕자는 오데뜨 공주가 오기를 기다리며 손님들을 맞이한다. 친구들과 무당벌레가 함께 파티를 즐기고 있는
사이 악마 로드발트가 오데뜨 공주와 닮은 자기 딸 오딜을 데리고 등장한다. 악마 로드발트가 데려온 오딜을 오데뜨 공주로
착각한 지그프리드 왕자는 그녀와의 결혼을 발표하고 로드발트의 요구에 따라 영원한 사랑을 약속한다. 이때 본색을 드러낸
악마 로드발트와 오딜을 사라지고 지그프리드 왕자는 슬픔에 잠겨 숲으로 달려간다.
 
3막 영원한 사랑
지그프리드 왕자의 배신으로 영원히 백조로 살게 된 오데뜨 공주. 용서를 받기 위해 달려온 지그프리드 왕자와 오데뜨
공주는 서로의 운명을 슬퍼하지만 악마 로드발트를 격국 사랑의 힘으로 물리치고 영원한 사랑을 약속한다.","【演出介绍】

赏心悦目的芭蕾舞剧：《天鹅湖》

由首尔市立芭蕾舞团呈现的《天鹅湖》是一场“量身定制”的演出，旨在打破芭蕾舞高深莫测的刻板印象。舞者优美的身姿与轻松友好的解说相结合，让各个年龄段的观众都能轻松愉快地欣赏芭蕾舞。故事始于齐格弗里德王子在森林湖畔邂逅被巫师罗特巴特诅咒的天鹅女王奥杰塔公主，两人许下命中注定的爱情。尽管巫师试图通过引入黑天鹅奥吉莉娅来拆散他们，但故事最终以真爱的力量战胜重重考验、重获幸福的美好结局收尾。无需费力理解哑剧或剧情，只需跟随旁白讲述引人入胜的故事，您便能迅速沉浸于这部作品之中。对于初次接触芭蕾的孩子们来说，它宛如一个鲜活的童话；而对于成年观众而言，它则是轻松领略古典音乐精髓的绝佳入门之作。[剧情简介]

序幕：王子的成人礼

在举行盛大的成人礼并收到一把弓箭作为礼物后，齐格弗里德王子看到一只天鹅飞过，便与朋友们一起到湖边狩猎。

第一幕：湖畔场景

齐格弗里德王子跟随天鹅进入森林，在湖边遭到狼群和罗特巴特的袭击，但在天鹅的帮助下化解了危机。

他发现了正在变回人类的奥杰塔公主，对她一见钟情，并向她求婚。

得知公主必须得到一人永恒的爱才能摆脱魔鬼的诅咒，齐格弗里德王子立下爱的誓言。

第二幕：宫廷舞厅

齐格弗里德王子在等待奥杰塔公主到来时，热情地迎接宾客。

当他的朋友们和一只瓢虫正欢聚一堂时，

魔鬼罗特巴特带着他的女儿奥黛丽出现了，奥黛丽长得酷似奥杰塔公主。齐格弗里德王子误把罗特巴特带来的奥黛丽当成了奥杰塔公主，宣布要娶她为妻，并应罗特巴特的要求，许下了永恒的爱。就在这时，罗特巴特露出了他的真面目，奥黛丽消失不见，齐格弗里德王子悲痛欲绝，跑进了森林。

第三幕：永恒的爱

奥杰塔公主因齐格弗里德王子的背叛，被诅咒永远化作天鹅。前来寻求宽恕的齐格弗里德王子和奥杰塔公主一起哀悼他们的命运，但他们凭借爱的力量战胜了魔鬼罗特巴特，并承诺永恒的爱。"
"키즈 싱어롱 콘서트, 참 좋은말 [창원]",儿童合唱音乐会，如此美好的话语 [昌原]
"[공연소개]

아이들의 웃음소리, 노랫소리까지 모두 음악이 되는 자유로운 공연!
공연의 퀄리티는 말해뭐해 따가다가 인데!!

따가다가 아트 컴퍼니 
16인조 미니오케스트라와 함께하는
키즈 싱어롱 콘서트 <참 좋은말>

쉿! 하지 않아도 괜찮고,
작게 흥얼거려도, 더 크게 노래해도 좋은 무대.
듣는 데서 그치지 않고, 함께 참여하는 음악회.
아이의 감수성과 호기심을 자극하는
가장 아름다운 음악 놀이터가 열립니다!

이 음악회는 아이들이 함께 크게 노래부르고 춤주고 즐기는 공연입니다.
조용한 클래식 공연이 아닙니다.","【演出介绍】

一场自由奔放的演出，连孩子们的欢笑和歌声都化作美妙的音乐！

演出品质，出自Tagada之手，无需赘言！

Tagada艺术团16人迷你管弦乐队倾情演绎儿童欢唱音乐会《如此美好的话语》

一个无需“嘘”的舞台！

轻声哼唱，或放声歌唱，皆可。

一场超越聆听的音乐会，一场人人参与的盛会。

一个激发孩子们感官与好奇心的最美妙的音乐乐园，即将开启！

这是一场孩子们尽情歌唱、翩翩起舞、共享欢乐的音乐会。

这不是一场安静的古典音乐会。"
라 트라비아타 [공주],茶花女（公主）
"[시놉시스]
 
""어느 날 당신이 내게 빛을 던져주었소 그날부터 난 크나큰 사랑 속에 살게 되었소""
 
매일 밤 파티를 즐기며 살아가는 비올레타는 알프레도의 진실된 사랑 고백을 받고
파리의 호화로운 생활을 정리한 후 그와 새로운 삶을 시작한다, 하지만 아들이 사교계 여인과
인생을 허비하고 있다고 생각한 알프레도의 아버지 비올레타에게 떠나라고 말한다.
이별의 편지 한 장을 남기고 떠난 비올레타에게 분노한 알프레도는 많은 사람들 앞에서
그녀를 모욕한다. 뒤늦게 비올레타가 떠난 이유를 알게 된 알프레도는 그녀를 다시 찾아가지만,
이미 병이 깊어 회복할 수 없게 된 비올레타는 숨을 거둔다.","【剧情简介】

“有一天，你照亮了我的生活。从那天起，我便沉浸在爱河之中。”

薇奥莱塔一生过着夜夜笙歌的奢华生活，直到收到阿尔弗雷多的真挚告白，她才毅然决然地告别巴黎的奢靡生活，与他开始了新的生活。然而，阿尔弗雷多的父亲认为儿子是在浪费生命，与一个上流社会的女子厮混，便让薇奥莱塔离开。

薇奥莱塔只留下一封告别信，这激怒了阿尔弗雷多，他在众人面前羞辱了她。后来，阿尔弗雷多得知了她离开的原因，前去寻找她，却发现薇奥莱塔的病情已无力回天，最终离世。"
대니 구 데뷔 10주년 리사이틀 [공주],Danny Koo 十周年纪念独奏会 [公主]
"[공연소개]

한국 활동 10주년을 기념하는 단 한 번의 무대!
 
MBC <나 혼자 산다>의 '긍정 에너지'로 전국민의 사랑을 받고 있는 바이올리니스트 대니 구!
2016년 한국 무대 데뷔 이후 '가장 바쁜 클래식 스타'로 활약해 온 그가 한국 활동 10주년을 맞는 2026년을 기념하여 리사이틀을 연다.
이번 공연은 지난 10년의 여정을 돌아보고, 앞으로 나아갈 새로운 '여정의 시작'을 알리는 뜻깊은 무대이다.
그가 아끼는 코렐리의 '라 폴리아'로 화려하게 문을 열고, 클래식 거장 '바흐'의 걸작을 현대적으로 재해석한 무대,
그리고 재즈 피아노 트리오와 함께하는 '클로드 볼링'의 신나는 모음곡과 '거슈윈'의 매혹적인 선율까지!
지난 10년의 음악적 발자취와 앞으로의 새로운 시작을 관객들과 함께 하고자 한다.


[프로그램]

A. Corelli – La Folia
코렐리 ‘라 폴리아’
 
J. S. Bach – Goldberg Variations
바흐 골드베르크 변주곡 (편곡 버전)
 
C. Bolling – Suite for Violin and Jazz Piano Trio
클로드 볼링 바이올린과 재즈 피아노 트리오를 위한 모음곡
 
G. Gershwin – Gershwin Suite
거슈윈 거슈윈 모음곡 (편곡 버전)
 
* 상기 프로그램은 출연진의 사정에 의해 변경될 수 있습니다.","【音乐会介绍】

为纪念在韩国活动十周年，特此举办一场独一无二的演出！

小提琴家具丹尼（Danny Koo）因在MBC综艺节目《我独自生活》中展现的“正能量”而深受韩国民众喜爱！

自2016年在韩国出道以来，他一直活跃在舞台上，被誉为“最忙碌的古典音乐明星”。为了庆祝2026年——他在韩国活动十周年，他将举办一场特别的音乐会。

这场演出意义非凡，它既是对过去十年音乐历程的回顾，也是对未来“新征程”的开启。

音乐会以他珍爱的科雷利（Corelli）的《弗利亚舞曲》（La Folia）精彩开场，随后呈现了他对古典音乐大师巴赫（Bach）经典作品的现代演绎。

接下来，他将演奏克劳德·博林（Claude Bolling）的精彩组曲，并由爵士钢琴三重奏伴奏，此外，他还将带来格什温（Gershwin）的动人旋律！

他希望与观众分享过去十年来的音乐足迹，并展望未来的全新开始。

[节目单]

A. 科雷利 – 《弗利亚舞曲》

J. S. 巴赫 – 《哥德堡变奏曲》

C. 博林 – 《小提琴与爵士钢琴三重奏组曲》

G. 格什温 – 《格什温组曲》

* 以上节目单可能因演出人员情况而有所调整。"
스냅 [공주],Snap [公主]
"[공연소개]
기묘한 문 너머 펼쳐지는 꿈같은 시간,
상상 그 이상의 환상적인 매직 아트
 
넌버벌 퍼포먼스 <스냅(SNAP)>은 세 명의 장난꾸러기 '트릭스터'가 우연히 발견한 신비한 문을 통해 환상적인
세계로 떠나는 여정을 그린 독창적인 아트 퍼포먼스이다. 대사 없이 오직 몸짓과 표정으로 이야기를 전달하는
이 무대는 미디어아트, 쉐도우그래피(그림자 예술), 그리고 마임이 마술과 절묘하게 결합하여 마치 한 편의 움직이는
명화를 보는 듯한 시각적 즐거움을 선사한다. 언어의 장벽이 없기에 글을 모르는 어린이부터 어른까지 직관적인 유머와
위트를 마음껏 즐길 수 있다. 문 너머의 세계에서 펼쳐지는 기상천외한 캐릭터들의 소동과 마법 같은 연출은 관객의 잠들어
있던 호기심을 끊임없이 자극한다. 이번 공연은 온 가족이 함께 몰입하고 웃으며 즐길 수 있는 가장 마법 같은 선물이 될 것이다.","【演出简介】

神秘之门后，梦幻般的时光徐徐展开

超越想象的奇幻魔法艺术

无声表演《SNAP》是一部原创艺术表演，讲述了三个调皮捣蛋的“捣蛋鬼”偶然发现一扇神秘之门，由此进入奇幻世界的故事。该剧完全通过肢体语言和面部表情来讲述故事，没有对白，巧妙地融合了媒体艺术、皮影戏、哑剧和魔术，呈现出如同观看动态艺术杰作般的视觉盛宴。没有语言障碍，从不识字的孩子到成年人，都能充分领略其中蕴含的幽默和智慧。非凡角色的喧闹和门后世界展开的奇幻舞台，不断激发着观众沉睡的好奇心。这场演出将是全家老少沉浸其中、欢笑畅饮的最佳礼物。"
"따가다가 아트 컴퍼니, 원더랜드 [창원]",Ttagada Art Company，仙境[昌原]
"[공연소개]
<2026 원더랜드 in 창원> 
2024~2025 전석 매진 프로그램.
풀 오케스트라로 즐기는 디즈니, 지브리, 게임 음악 콘서트 
유튜브, SNS를 통해서만 접할 수 있었던 곡들을 성산아트홀에서 만나볼 수 있습니다.","【演出介绍】

<2026 昌原奇幻音乐节>

2024-2025 年演出门票已售罄。

一场由完整交响乐团演奏的迪士尼、吉卜力及游戏音乐音乐会。

您将有机会在城山艺术中心欣赏到此前仅在 YouTube 和社交媒体上发布的曲目。"
우주매직쇼 [파주],太空魔术表演 [坡州]
문산행복센터 대공연장,汶山幸福中心大演出厅
경기 파주시 문산읍 통일로 1680,京畿道坡州市文山邑统一路1680
"[공연소개]

마술사와 함께 떠나는 우주여행
아이들의 상상 속 우주가 현실이 되는
국내 유일 우주매직쇼

외계인 등장! 달토끼 출몰!
우주 로봇까지 총출동!

마술사와 함께 떠나는 우주여행
아이들의 상상 속 우주가 현실이 되는
국내 유일 우주매직쇼

세계 12개국 초청공연!
세계마술올림픽 은메달리스트 출연!
관객 만족도 99%!

우주에 대한 상상을 현실로 만들어내는
마법같은 순간들을 온 가족과 함께
우주매직쇼 에서 만나보세요!","【演出介绍】

与魔术师一起开启太空之旅

让孩子们想象中的宇宙变成现实

韩国独一无二的太空魔术秀

外星人现身！月兔登场！

连太空机器人也悉数登场！

与魔术师一起开启太空之旅

让孩子们想象中的宇宙变成现实

韩国独一无二的太空魔术秀

邀请来自全球12个国家的魔术师倾情演出！

特邀世界魔术奥运会银牌得主！

99%的观众满意度！

让太空奇幻之旅成为现实

与家人一起，在太空魔术秀中体验神奇时刻！"
김이안 피아노 리사이틀,金伊恩钢琴独奏音乐会
헤르만아트홀,赫尔曼艺术馆
"서울특별시 성동구 상원6나길 24(성수동1가, 청호 서울숲 뜨레피움 오피스텔)",首尔特别市城东区上原6街24（圣水洞1街清湖首尔林Trepium Officetel）
"[​PROGRAM]

창밖의 비창
Pathétique beyond the Pane 

Ludwig van Beethoven (1770–1827)
Piano Sonata No. 8 in C minor, Op. 13
“Pathétique”

I. Grave – Allegro di molto e con brio
II. Adagio cantabile
III. Rondo: Allegro

베토벤 피아노 소나타 제8번 다단조 Op.13 「비창」

Felix Mendelssohn (1809–1847)
Song Without Words, Op. 62 No. 6
“Spring Song”
멘델스존 무언가 중 「봄노래」

Frédéric Chopin (1810–1849)
Ballade No. 1 in G minor, Op. 23
쇼팽 발라드 제1번 사단조

Franz Liszt (1811–1886)
Consolation No. 3 in D-flat major
리스트 위로 제3번 내림라장조

Johannes Brahms (1833–1897)
Intermezzo in A major, Op. 118 No. 2
브람스 인터메초 가장조

Sergei Rachmaninoff (1873–1943)
Prelude in G major, Op. 32 No. 5
라흐마니노프 프렐류드 사장조

Sergei Rachmaninoff (1873–1943)
Piano Sonata No. 2 in B-flat minor, Op. 36
I. Allegro agitato
II. Non allegro – Lento
III. Allegro molto

라흐마니노프 피아노 소나타 제2번 내림나단조","[程序]

窗外的悲怆

路德维希·范·贝多芬 (1770–1827)

C小调第八钢琴奏鸣曲，作品。 13

“悲怆”

I. 坟墓 – Allegro di molto e con brio

二.柔板如歌

三．回旋曲：快板

贝多芬 C 小调第八钢琴奏鸣曲，作品。 13《悲怆》

菲利克斯·门德尔松 (1809–1847)

无言之歌，作品。 62、6号

《春天的歌》

门德尔松《无言歌》中的《春歌》

弗雷德里克·肖邦 (1810–1849)

G小调第一叙事曲，作品。 23

肖邦：D小调第一叙事曲

弗朗茨·李斯特 (1811–1886)

降D大调第三安慰曲

李斯特：降D大调第三安慰曲

约翰内斯·勃拉姆斯 (1833–1897)

A大调间奏曲，作品118之2

勃拉姆斯：A大调间奏曲

谢尔盖·拉赫玛尼诺夫 (1873–1943)

G大调前奏曲，作品32之5

拉赫玛尼诺夫：G大调前奏曲

谢尔盖·拉赫玛尼诺夫 (1873–1943)

降B小调第二钢琴奏鸣曲，作品36

I. 激动的快板

II. 非快板 – 慢板

III.快板

拉赫玛尼诺夫降B小调第二钢琴奏鸣曲"
키리에,基里
"[공연소개]

독일의 검은 숲. 죽으러 온 사람들이 흔적도 없이 사라진다는 바로 그 숲.
[키리에]는 삶으로부터 추방되고 내몰려 한없이 약해진 사람들이
타인을 통해 마지막 순간에서 비로소 자신과 삶을 이해하게 되는 이야기다.

웃음과 슬픔, 서로의 절망과 기묘한 만남이 한데 겹치는 [키리에]는
한 집의 영혼과 세 사람의 마지막 여정을 통해
인간과 인간이 서로를 일으켜 세우는 ‘큰 사랑’을 전한다.","【引言】

德国的黑森林。这片森林里，那些前来赴死的人会无影无踪地消失。

【Kyrie】讲述的是一群被放逐、被生活抛弃的人们，他们变得无比虚弱，却在生命的最后时刻，通过彼此的陪伴，最终领悟了自我，也重新认识了人生。

欢笑与悲伤、彼此的绝望与奇遇交织，【Kyrie】通过一个灵魂和三个人的最终旅程，传递着人与人之间互相扶持的“伟大之爱”。"
산초와 돈키호테,桑丘和堂吉诃德
"[공연소개]

살아 움직이는 책, 인형극으로 펼쳐보는 돈키호테
인형극 <산초와 돈키호테>는 아직 책을 읽지 못하는 아린이들도 쉽고 재미있게 도서 「돈키호테」의 메시지를 만날 수 있도록 재창작했습니다.
이야기는 9살 어린이 산초가 모험의 세계로 이끄는 ‘책’을 펼치면서 시작됩니다. 관절, 판자, 그림자 등 다양한 방식의 인형과 팝업북을 활용한 연출은 무대에서 돈키호테의 황당한 모험을 오히려 더욱 설득력 있게 그려냅니다. 배우들의 익살스러운 연기와 함께 중세풍의 무곡 등 음악은 예술적 상상력에 낭만을 더합니다.


[줄거리]

돈키호테와 모험을 떠나는 산초의 이야기
이상하고 신비로운 오래된 책방의 책을 펼치면 매번 다른 모험이 찾아옵니다.
오늘 기다리고 있는 책 속 모험은 기사 돈키호테 이야기. 책방에 들어온 평범한 아이는 ‘산초’로 불리며 돈키호테에 이끌려 명예로운 기사가 되기 위한 수행을 떠납니다. 돈키호테와 함께 길을 나선 산초의 앞에는 풍차 거인, 검은 갈기의 사자가 나타나는 등 매번 상상할 수 없는 사건이 일어나는데…. 이때 눈앞에 등장한 커다란 용! 해치울 수도, 피할 수도 없는 용 앞에서 산초와 돈키호테에게는 어떤 일이 일어날까요?","【演出介绍】

一本鲜活生动的书：唐吉诃德木偶剧

木偶剧《桑丘与唐吉诃德》经过重新构思，即使是还不会阅读的幼儿也能轻松愉快地领略《唐吉诃德》原著的精髓。

故事从九岁的桑丘打开一本“书”开始，这本书引领他进入了一个充满冒险的世界。舞台上运用了多种类型的木偶——例如关节木偶、板式木偶和皮影戏偶——以及立体书，将唐吉诃德的奇幻冒险故事以更加引人入胜的方式呈现在观众面前。演员们滑稽的表演，加上中世纪风格的舞曲等音乐，为这场艺术盛宴增添了浪漫气息。

【剧情简介】

桑丘与唐吉诃德的冒险之旅

每当你在一家神秘的旧书店里打开一本书，一段奇妙的冒险之旅便会开启。今天即将展开的冒险故事，讲述的是骑士唐吉诃德的传奇经历。一个名叫“桑丘”的普通男孩走进书店，在唐吉诃德的带领下，踏上了成为一名英勇骑士的征程。桑丘与唐吉诃德一路同行，沿途遭遇了种种匪夷所思的事件，例如风车巨人、黑鬃狮……就在这时，一条巨龙突然出现在他们眼前！面对这条既无法战胜也无法躲避的巨龙，桑丘和唐吉诃德的命运将会如何呢？"
"국립오페라단, 마술피리",国家歌剧院，《魔笛》
"[공연소개]
천재 작곡가 모차르트가 생애 마지막으로 남긴 오페라 <마술피리>가 한국을 대표하는 국립오페라단의 무대로 펼쳐진다. 밤과 낮으로 상징되는 이성과 감성의 대립 속에서 두 남녀가 시련을 극복하고 사랑을 이루는 여정을 담은 이 작품은 1791년 초연 이래 200년 넘게 전 세계인의 사랑을 받아왔다. '밤의 여왕' 아리아를 비롯한 환상적인 선율은 물론, 아리아는 한글 자막으로, 대사는 한국어로 공연하여 누구나 쉽고 즐겁게 몰입할 수 있도록 구성했다. 온 가족이 함께 모차르트가 선사하는 마술 같은 음악의 향연을 만끽해 보길 바란다.

[줄거리]
모차르트가 죽기 두달 전 완성한 징슈빌(연극처럼 중간에 대사가 들어 있는 독일어 오페라)이다.
사랑하는 연인들, 선악의 대결이라는 쉬운 이야기에 모차르트의 아름다운 음악, 코믹한 요소들을
더해서 1791년 초연이래 약 200년이 지난 지금까지도 사랑받고 있는 작품이다. 

자라스트로가 지배하는 '빛의 세력'과 밤의 여왕이 지배하는 '어둠의 세력'이 대립하는 세계, 큰 뱀에 쫓기던 타미노는 정신을 잃게 되고, 밤의여왕의 세 명의 시녀가 그를 구해준다. 밤의 여왕은 타미노에게 자신의 딸 파미나의 초상화를 보여주며 그녀를 구해달라고 한다. 세 명의 시녀들은 파미나의 초상화에 반한 타미노에게 마술피리를 선물하고, 파파게노와 함께 자라스트로에게 잡혀간 파미나를 구하러 떠난다. 타미노는 우여곡절 끝에 파미나를 만나고 그들은 서로의 사랑을 확인하고 사랑을 이루기 위해 자라스트로의 시험을 수행하게 된다.","【演出介绍】

天才作曲家莫扎特的遗作《魔笛》将代表韩国在韩国国立歌剧院的舞台上演出。这部作品描绘了一对男女在昼夜交替的象征下，克服重重考验，最终找到真爱的旅程。自1791年首演以来，两百多年来，它一直深受世界各地观众的喜爱。除了包括“夜后”咏叹调在内的美妙旋律外，本次演出还精心设计了韩语字幕，让所有观众都能轻松愉快地沉浸于剧情之中。我们诚挚地邀请您携全家前来，一同欣赏莫扎特为您带来的这场奇妙的音乐盛宴。

【剧情简介】

这是一部莫扎特在去世前两个月完成的歌剧（德语中穿插对话的歌剧形式）。

这部作品将莫扎特优美的音乐和喜剧元素融入一个关于恋人和善恶之战的简单故事中，至今仍深受喜爱，距其1791年首演已近200年。在一个由萨拉斯特罗统治的“光明势力”和由夜后统治的“黑暗势力”交战的世界里，塔米诺被一条巨蛇追赶，昏迷过去，被夜后的三个侍女所救。夜后向塔米诺展示了她女儿帕米娜的画像，并请求他去救她。三个侍女将一支魔笛交给塔米诺，塔米诺被画像中的帕米娜深深吸引，于是他与帕帕基诺一起踏上了营救被萨拉斯特罗囚禁的帕米娜的旅程。历经种种波折，塔米诺终于与帕米娜重逢，两人互诉衷肠，并共同经历了萨拉斯特罗的种种考验，最终收获了爱情。"
"대전시립무용단, 춤으로 그리는 동화: 피노키오",大田市舞蹈团，《用舞蹈描绘的童话：匹诺曹》
"[공연소개]

춤으로 그리는 동화 <피노키오>
익살스런 안무와 동화 속을 옮겨놓은 듯한 무대와 영상!
아이들의 귀에 쏙쏙 들어오는 재밌는 구연동화와 춤이 함께하는 “춤으로 그리는 동화”

“거짓말 하면 코가 길어져요!”
따뜻한 사람의 마음을 갖게 해주고 싶었던 할아버지와 말썽만 부리는 피노키오
온갖 말썽과 사고를 치던 피노키오가 시간이 지날수록 따뜻한 인간의 마음과 사랑을 느끼면서 진짜 아이가 됩니다. 진실하게 사는 삶이 가져다주는 행복을 느껴보세요!


[프로그램]

프롤로그 - 나무아이 피노키오
아이를 원하는 아빠의 소원을 이루어준 요정“네가 용감하고 진실 되고 이기적이지 않다는 걸 증명하면 언젠가 진짜 사람이 될꺼야!”

1장 마을장터
평화로운 장터에 욕심쟁이 백작은 마을 사람들에게 횡포를 부린다.

2장 집으로 돌아온 할아버지
피노키오와 할아버지의 첫 만남.

3장 학교로 가는 길
보통 아이들과 다른 피노키오.

4장 피노키오의 거짓말
유랑단 안으로 용감하게 뛰어든 피노키오...거짓말을 할 때 마다 길어지는 코, ‘진실’ 한마디면 원래대로 돌아와요!

5장 피노키오의 잘못된 선택
아빠말을 듣지 않은 피노키오“옳고 그른 것 중 선택하는 것을 배워야 해. 너의 ‘마음씨’가 답을줄 거야”

6장 고래뱃속 안에서...
아빠의 사랑을 알게 된 피노키오고래뱃속에 갖히게 된 아빠가 걱정되고 슬퍼 눈물이 나요.

에필로그 - ‘마음씨’로 얻은 진짜 사람 피노키오
‘진짜 마음씨’를 찾게된 피노키오에게 마법과 같은 일이 일어났어요!!!","【演出介绍】

舞动童话：《木偶奇遇记》

幽默风趣的舞蹈编排，以及仿佛从童话世界走出来的舞台和视觉效果！

这是一部“舞动童话”，以充满童趣的故事和舞蹈为特色，与孩子们产生共鸣。

“说谎的话，鼻子会变长！”

爷爷想给匹诺曹一颗温暖的心，而匹诺曹却只会惹麻烦。

随着时间的推移，曾经到处惹是生非的匹诺曹，开始感受到人类的温暖和爱，最终变成了一个真正的孩子。体验诚实生活带来的幸福吧！

【节目单】

序幕 - 树孩匹诺曹

仙女实现了父亲想要孩子的愿望：“如果你能证明自己勇敢、诚实、无私，总有一天你会成为一个真正的人！”

第一章：乡村集市

在宁静的集市上，一个贪婪的伯爵正在欺压村民。

第二章：爷爷回家

匹诺曹和爷爷的初次相遇。

第三章：上学的路

匹诺曹，一个与众不同的孩子。

第四章：匹诺曹的谎言

匹诺曹勇敢地加入了一个巡回剧团……他每说谎一次，鼻子就会变长，但只要说一个“真话”，鼻子就会恢复原状！

第五章：匹诺曹的错误选择

匹诺曹没有听从父亲的话：“你必须学会​​分辨是非对错。你的‘心’会告诉你答案。”

第六章：鲸鱼肚子里……

匹诺曹体会到了父亲的爱。他为被困在鲸鱼肚子里的父亲忧心忡忡，悲痛欲绝。

尾声——匹诺曹，在“真心”中寻回真我

匹诺曹找到自己的“真心”后，发生了一件神奇的事情！！！"
"제1151회 하우스콘서트, 김대연 (Cello) , 황건영 (Piano)",第1151届家庭音乐会，金大延（大提琴），黄建英（钢琴）
"[PROGRAM]
Luigi Boccherini (1743-1805)
Sonata for Cello and Piano No.6 in A major (excerpts)
1. Adagio
2. Allegro

Pyotr Ilyich Tchaikovsky (1840-1893)
Pezzo Capriccioso, Op.62

Astor Piazzolla (1921-1992)
Chiquilin de Bachin
Nightclub 1960

Dmitri Shostakovich (1906-1975)
Sonata for Cello and Piano in D minor, Op.40
1. Allegro non troppo
2. Allegro
3. Largo
4. Allegro

※프로그램은 연주자의 사정에 의해 변경될 수 있습니다.","[程序]

路易吉·博凯里尼 (1743-1805)

A大调第六大提琴与钢琴奏鸣曲（选段）

1. 慢板

2. 快板

彼得·伊里奇·柴可夫斯基 (1840-1893)

佩佐随想曲，作品。 62

阿斯特·皮亚佐拉 (1921-1992)

奇奎林·德·巴钦

夜总会 1960

德米特里·肖斯塔科维奇 (1906-1975)

D小调大提琴与钢琴奏鸣曲，作品。 40

1. 快板非托波

2. 快板

3. 拉戈

4. 快板

※ 根据表演者的情况，节目可能会有所变更。"
"아티스트 시리즈 3, Brahms in Autumn: 김재영 & 유성호",艺术家系列3，秋日勃拉姆斯：金宰荣 & 柳成浩
"[PROGRAM]

2026 아티스트 시리즈 3
<Brahms in Autumn>

Johannes Brahms (1833-1897)
 
Sonata for Violin and Piano No.1 in G major, Op.78 
1. Vivace ma non troppo
2. Adagio
3. Allegro molto moderato
 
Sonata for Violin and Piano No.2 in A major, Op.100 
1. Allegro amabile
2. Andante traquillo - Vivace
3. Allegretto grazioso (quasi Andante)
 
Sonata for Violin and Piano No.3 in D minor, Op.108 
1. Allegro
2. Adagio
3. Un poco presto e con sentimento
4. Presto agitato","[程序]

2026艺术家系列3
<勃拉姆斯的秋天>

约翰内斯·勃拉姆斯 (1833-1897)
 
G大调第一小提琴与钢琴奏鸣曲，作品78 
1. Vivace ma non troppo
2. 慢板
3. 中庸快板
 
A大调第二小提琴与钢琴奏鸣曲，作品100 
1. 阿玛比莱快板
2. 行板曲 - Vivace
3. Allegretto grazioso（准行板）
 
D小调第三小提琴与钢琴奏鸣曲，作品108 
1. 快板
2. 慢板
3. Un poco presto e con条理
4. 急速激动"
부천필하모닉오케스트라 해설음악회 Ⅲ: Classic in Mass Media: Classic on Screen,富川爱乐乐团评论音乐会 III：大众媒体中的经典：银幕上的经典
"[PROGRAM]
바그너 오페라 <로엔그린> 3막 전주곡
R. Wagner Opera <Lohengrin> Act. 3 - Prelude

베리 영화 <아웃 오브 아프리카> 메인 타이틀
J. Barry Main Title from <Out of Africa> 

베토벤 교향곡 제7번 2악장
L. V. Beethoven Symphony No. 7 in A Major, Op. 92 - Ⅱ. Allegretto

차이콥스키 관현악 모음곡 제4번 “모차르티아나” 중 ‘기도’
P. I. Tchaikovsky Suite for Orchestra No. 4, Op. 61 “Mozartiana” - Ⅲ. Preghiera

비제 카르멘 모음곡 제2번 중 ‘보헤미안 춤곡’
G. Bizet Carmen Suite No. 2 - Ⅵ. Danse Boheme

마스카니 오페라 <카발레리아 루스티카나> 중 ‘간주곡’
P. Mascagni Opera <Cavalleria rusticana> - Intermezzo

엘가 수수께끼 변주곡 중 ‘님로드’
E. Elegar Enigma Variations, Op. 36 - Ⅸ. Nimrod

시벨리우스 교향시 ‘핀란디아’
J. Sibelius Symphonic Poem ‘Finlandia’, Op. 26

오펜바흐 오페레타 <천국과 지옥> 중 ‘캉캉’
J. Offenbach Operetta <Orphee aux enfers> 'Can Can'

* 본 프로그램은 주최 측 사정에 의해 변경될 수 있습니다.","【节目单】

瓦格纳歌剧《罗恩格林》第三幕序曲

巴里电影《走出非洲》主题曲

贝多芬第七交响曲第二乐章

贝多芬A大调第七交响曲，作品92号 - 第二乐章：小快板

柴可夫斯基第四管弦乐组曲，作品61号“莫扎特组曲” - 第三乐章：祈祷

比才《卡门》第二组曲 - 第五乐章：波西米亚之舞

马斯卡尼歌剧《乡村骑士》间奏曲

埃尔加《谜语变奏曲》，作品36号：尼姆罗德

西贝柳斯交响诗《芬兰颂》，作品26

选自奥芬巴赫轻歌剧《地狱中的奥菲欧》的康康舞曲

* 本节目单可能因主办方情况而有所调整。"
"제342회 부천필하모닉오케스트라 정기연주회: 베토벤, 합창",第342届富川爱乐乐团常规音乐会：贝多芬，合唱
"[PROGRAM]
모차르트 교향곡 제38번 '프라하'
W. A. Mozart Symphony No. 38 in D major 'Prague' K.504

베토벤, 교향곡 제9번 ‘합창’
L. V. Beethoven Symphony No. 9 in d minor, Op. 125 'Choral'

* 본 프로그램은 주최 측 사정에 의해 변경될 수 있습니다.","【演出曲目】

莫扎特第38交响曲“布拉格”

沃尔夫冈·阿玛多伊斯·莫扎特 D大调第38交响曲“布拉格”，K.504

贝多芬第9交响曲“合唱”

路易吉·弗朗索瓦·贝多芬 d小调第9交响曲，作品125“合唱”

* 本演出曲目可能因主办方实际情况而有所调整。"
"제178회 부천시립합창단 정기연주회: 모차르트, c단조 미사",第178届富川市合唱团例行音乐会：莫扎特，C小调弥撒曲
"[PROGRAM]
모차르트 참회자의 엄숙한 저녁 기도
W. A. Mozart Vesperae solennes de confessore, KV. 339

모차르트 c단조 미사
W. A. Mozart Mass in c minor, K. 427 

* 본 프로그램은 주최 측 사정에 의해 변경될 수 있습니다.","【演出节目单】

莫扎特《庄严晚祷》（Vesperae solennes de confessore），K. 339

莫扎特C小调弥撒曲，K. 427

* 本节目单可能因主办方情况而有所调整。"
부천시립합창단 가족음악회: 수궁가,富川市合唱团家庭音乐会：Sugungga
"[PROGRAM]
음악극 <수궁가>

* 본 프로그램은 주최 측 사정에 의해 변경될 수 있습니다.","【节目单】

音乐剧《Sugungga》

* 本节目单可能因主办方实际情况而有所调整。"
박민호의 상상의 조각,朴敏浩的《想象碎片》
문엔트리,月球进入
서울특별시 서초구 방배천로18길 10(방배동),首尔特别市瑞草区方背川路18街10（方背洞）
"[공연소개]
여러분들은 어렸을 적에 풍선을 타고 날아간다는 생각은 누구나 해봤을 것입니다.

지금 생각해 보면 바보 같은 생각일 수도 있지만 

어렸을 때에는 이 불가능한 상상을 뭐든 가능할 것만 같았습니다.

그럼 우리가 어렸을 적에 한 상상은 모두 불가능 한 것 일까요? 

저는 그러한 상상력 때문에 비행기를 만들고 전기를 만들지 않았을까 생각합니다.

오늘 하루만큼은 우리가 상상하는 만큼 더 많은 것들이 이뤄지고 생겨날 것입니다. 

< Impossible is possible >","【演出介绍】

每个人小时候可能都幻想过乘着热气球飞翔。

现在回想起来，这或许是个愚蠢的想法，

但当我们还是孩子的时候，这种看似不可能的想象力让我们觉得一切皆有可能。

那么，我们童年时的所有想象都是不可能的吗？

我相信正是因为有了这样的想象力，我们才制造出了飞机，发明了电力。

仅今天一天，就会有比我们想象中更多的事物成为现实，被创造出来。

<不可能即是可能>"
루카스 A TRIP TO THE MOON,卢卡斯 月球之旅
"[공연소개]

지금 우리 시대에 기대하는 환상은 무엇일까요? 
우리가 기억하던 추억과 감성의 세상은 지금 시대에는 맞지 않을지도 모릅니다. 
마법 같은 우연에 대한 기대보다 현실과 이상에 대한 고민인 여러분들에게 A TRIP TO THE MOON 은 잠시나마 감성의 여행을 그 과정에서 지금에 나를 되돌아볼 수 있는 시간을 제공합니다.","【演出介绍】

在当今时代，我们期待怎样的幻想？

我们曾经记忆中充满回忆和情感的世界，或许已与当下格格不入。

对于那些更关注现实与理想之间的鸿沟，而非期待奇妙巧合的人来说，《月球旅行记》将带您踏上一段短暂的情感之旅，并在旅途中反思当下的自我。"
포르테피아노와 함께하는 최연우 바이올린 독주회,崔妍宇小提琴独奏音乐会（钢琴伴奏）
"[프로그램]

Wolfgang Amadeus Mozart (1756-1791)
Violin Sonata in E minor, K. 304
I. Allegro
II. Tempo di Menuetto

Johann Nepomuk Hummel (1778-1837)
Violin Sonata in D major, Op. 50
I. Allegro con brio
II. Andante
III. Rondo pastorale

Intermission

Ferdinand Ries (1784-1838)
Violin Sonata in C Minor, Op. 8, No. 2 in c minor
I. Allegro con spirito
II. Adagio cantabile
III. Presto","[程序]

沃尔夫冈·阿玛多伊斯·莫扎特 (1756-1791)
E小调小提琴奏鸣曲，K. 304
一、快板
二.小步舞曲的节奏

约翰·内波穆克·胡梅尔 (1778-1837)
D大调小提琴奏鸣曲，作品。 50
I. 轻快的快板
二.行板
三．田园回旋曲

中场休息

费迪南德·里斯 (1784-1838)
C小调小提琴奏鸣曲，作品。 8、c小调第2号
I. 快板精神
二.柔板如歌
三．急板"
"예술의전당 교향악축제, 울산시립교향악단 (04.23)",首尔艺术中心交响乐节，蔚山爱乐乐团（4月23日）
"[PROGRAM]
브람스 l 피아노 협주곡 제1번 d단조 Op.15

R. 슈트라우스 l 틸 오일렌슈피겔의 유쾌한 장난

레스피기 ㅣ로마의 소나무

 *출연자 및 프로그램은 사정에 따라 변경될 수 있습니다.","【演出曲目】

勃拉姆斯 | D小调第一钢琴协奏曲，作品15号

理查·施特劳斯 | 蒂尔·尤伦施皮格尔的恶作剧

雷斯皮基 | 罗马松树

*演出人员和曲目可能因实际情况而有所变动。"
전북국제재즈페스타 시즌1 [전주],全北国际爵士音乐节第一季 [全州]
로라뮤직-바인홀,劳拉音乐 - 藤蔓大厅
전라북도 전주시 완산구 안행로 14 (삼천동1가),全罗北道全州市完山区安行路14(三千洞1街)
"[공연소개]

2026 전북국제재즈페스타 시즌 1

DAY 1) 스텔라 콜(Stella Cole)

'전 세계가 주목하는 150만 팔로워의 주인공, '스텔라 콜'을 숨소리까지 들리는 거리에서 만날 수 있는 프라이빗한 선물같은 콘서트!'

<틱톡 85만, 인스타그램 73만 명을 사로잡은 독보적인 존재감 >
<주디 갈란드, 에디트 피아프를 연상시키는 고전적 우아함의 부활>
<전설적인 '데카 레코드(Decca)'가 선택한 2026년 가장 주목받는 재즈보컬>

큰 공연장에서는 느낄 수 없는 그녀의 섬세한 보컬 컨트롤과 밝은 에너지, 그리고 눈을 맞추며 전하는 긍정의 기운을 코앞에서 직접 느껴보세요. 시간이 멈춘 듯한 올드 할리우드의 낭만이 바로 당신 곁에서 펼쳐집니다. 시간을 되돌린 듯한 마법 같은 음색, 스텔라 콜의 첫 내한 공연! 눈앞에서 볼 수 있는 전주 더바인홀에서의 특별한 기회를 놓치지 마세요!


DAY 2) 폴 코니쉬(Paul Cornish) 

'재즈의 성지 블루노트가 선택한 젊은 거장!'
'현세대 재즈의 정점, 조슈아 레드맨 밴드의 핵심 피아니스트 폴 코니쉬 첫 내한!'

<재즈 뮤지션들의 꿈, '블루노트'가 2025년 야심 차게 선보인 신예 거장>
<거장 조슈아 레드맨이 자신의 밴드 피아니스트로 낙점한 독보적인 재능>
<조슈아 크럼블리(Bass), 조나단 핀슨(Drums) 등 뉴욕 재즈 신의 최정예 멤버 구성>
<전설적인 비밥의 향수부터 로버트 글래스퍼의 모던한 감각까지 아우르는 압도적 테크닉>

세계 재즈의 중심, 뉴욕의 가장 뜨거운 사운드를 바로 눈 앞에서, 더바인홀에서 목격하세요!","【音乐会介绍】

2026 全北国际爵士音乐节 第一季

第一天）斯特拉·科尔

“一场私密而珍贵的音乐会，让您有机会近距离接触拥有150万粉丝、关注着全世界的明星斯特拉·科尔，甚至能听到她的呼吸！”

<在TikTok上拥有85万粉丝，在Instagram上拥有73万粉丝，拥有无与伦比的魅力>

<重现朱迪·嘉兰和伊迪丝·琵雅芙式的经典优雅>

<2026年最受期待的爵士女歌手，由传奇唱片公司迪卡唱片公司甄选>

近距离亲身感受她细腻的嗓音、明媚的活力以及眼神中传递的积极能量——这些在大型场馆中是无法体验到的。仿佛时间静止的旧好莱坞浪漫场景，就在您身边徐徐展开。斯特拉·科尔 (Stella Cole) 首次亮相韩国，她那仿佛能让人时光倒流的魔幻嗓音，定会让您不虚此行！千万不要错过在全州 Vine Hall 近距离欣赏她精彩演出的绝佳机会！

第二天）保罗·康尼什 (Paul Cornish)

“一位年轻的音乐大师，被爵士乐圣地 Blue Note 唱片公司选中！”

“当代爵士乐的巅峰人物，约书亚·雷德曼 (Joshua Redman) 乐队的核心钢琴家保罗·康尼什，首次到访韩国！”

<一位冉冉升起的爵士乐新星，由蓝调之音唱片公司（Blue Note）于2025年隆重推出，是爵士乐手的梦想>

<才华横溢的钢琴家，由大师约书亚·雷德曼（Joshua Redman）亲自挑选，担任其乐队的钢琴手>

<乐队成员均为纽约爵士乐界的精英，包括约书亚·克伦布利（Joshua Crumbley，贝斯）和乔纳森·平森（Jonathan Pinson，鼓）>

<技艺精湛，涵盖了从传奇比波普的怀旧情怀到罗伯特·格拉斯珀（Robert Glasper）的现代感性等各种风格>

在世界爵士乐中心——纽约，亲眼见证最炙手可热的爵士之声！就在藤蔓大厅（The Vine Hall）！"
하우빤여,何潘耀
서울재질,首尔素材
서울특별시 용산구 만리재로 164-1 (서계동),首尔特别市龙山区万里路164-1（西溪洞）
콩나물의 노래 [대학로],豆芽之歌 [大鹤路]
더 씨어터,剧院
지브리 하우스 콘서트: 당신이 듣고싶던 노래,吉卜力家庭音乐会：你最想听的歌
어연히하우스,Eoyeonhi House
대구광역시 남구 중앙대로51길 129-1 (대명동),大邱市南区中央大路51街129-1号（大明洞）
팬레터 [대학로 (앵콜) ],粉丝来信 [大学路（安可）]
님과함께: 디스코왕,与你同在：迪斯科之王
낭만극장,浪漫剧场
서울특별시 종로구 삼일대로 428 (낙원동),首尔特别市钟路区三一大路428（乐园洞）
김종욱 찾기 [대학로],寻找金钟旭 [大学路]
틴틴홀,丁丁大厅
서울특별시 종로구 대학로10길 24 (동숭동),首尔特别市钟路区大学路10街24（东崇洞）
방귀쟁이 며느리 [창원],放屁的儿媳妇 [昌原]
창원과학체험관 다목적강당,昌原科学体验中心多功能礼堂
경남 창원시 성산구 충혼로72번길 16,庆尚南道昌原市城山区忠宪路72街16
콩쥐팥쥐,孔吉维和帕吉维
롯데마트 행복을 주는 가족극장,乐天玛特家庭影院，带来幸福
광주 서구 금화로 240,光州广域市西区金花路 240
"K-국악스테이지, 경기도당굿보존회 X 국립민속국악원 기악단: 선율에 오른 굿 [남원]",K-Gugak 舞台，京畿道弹丸保存协会 X 国立民乐院器乐合奏：弹丸配旋律 [南原]
국립민속국악원 예원당,国家民乐中心艺云堂
"부여군충남국악단의 토요상설 국악공연, 유종지미: 끝맺음의 아름다움 [부여]",忠南扶余郡传统音乐乐团周六例行传统音乐演出《柳宗之美：完美结局的美》[扶余]
부여국악의전당,扶余传统音乐厅
잘 가그래이 [청주],再见 [清州]
정심아트홀,正心艺术馆
원: 죄 [창원],元：辛 [昌原]
사랑새아트홀,纱郎塞艺术馆
마피아게임 [대학로],黑手党游戏 [Daehak-ro]
"백제문화전당 개관기념, Beat In the Mirror: BIM (비트 인 더 미러: 빔) [공주]",百济文化中心开幕纪念活动，《镜中节拍：BIM [公州]》
백제문화전당 고마홀,百济文化中心戈马厅
충남 공주시 관광단지길 34,忠清南道公州市广团地路34
아기오리의 꿈 [서울 광진],小鸭子的梦 [首尔广真]
상상나라극장,想象乐园剧院
왕자와 거지 [구미],王子与乞丐 [Gumi]
롯데마트 어린이소극장,乐天玛特儿童剧院
경상북도 구미시 구미대로22길 11 (신평동) 롯데마트 구미점 3층,庆尚北道龟尾市龟尾大路22街11（新平洞）乐天玛特龟尾店3楼
여명의 눈동자 [서울 동작],黎明之眼 [首尔东雀]
Converse Stage Arena 여명,匡威舞台竞技场黎明
술 취한 사람들 [대학로],醉汉 [Daehak-ro]
씨어터 쿰,剧院 Kum
파충류 마술쇼 [의정부],爬行动物魔术表演 [议政府]
경기도 의정부시 용민로 483 (민락동),京畿道议政府市龙民路483（民乐洞）
"창작산실, 극단 58번국도: 해녀 연심",创意工坊，国道58剧团：海女演剧
"창작산실, 극단Y: 디사이딩 세트",创意工作坊，Y剧团：决定布景
아르코예술극장 소극장,阿科艺术剧院小剧场
"CJ문화재단 20주년 기념 Concert Series, STAGE UP: MUSICAL GALA CONCERT & TUNE UP: LIVE STAGE",CJ文化基金会20周年音乐会系列，“STAGE UP：音乐盛典音乐会”和“TUNE UP：现场演出”
CJ아지트 광흥창,CJ Azit 光兴昌
서울특별시 마포구 창전로 14 (신정동) CJ아지트,"CJ Azit, 首尔特别市麻浦区昌田路 14 (新井洞)"
비스티 [대학로],野兽 [Daehak-ro]
링크아트센터 벅스홀,链接艺术中心 Bugs Hall
서울 종로구 대학로14길 29,首尔特别市钟路区大学路14街29
빼꼼의 동화여행 [성남],Ppaekkom的童话之旅[城南]
잡월드 나래울극장,职业世界剧场
경기도 성남시 분당구 분당수서로 501(정자동 4-6),京畿道城南市盆唐区盆堂水西路501（正子洞4-6）
인화 [대학로],仁和 [大学路]
홍익대 대학로 아트센터 소극장,弘益大学大学路艺术中心小剧场
나의 PS파트너,我的PS伙伴
아신극장 1관 (3층),阿信剧场1号厅（3楼）
대전 중구 대종로 458,大田广域市中区大宗路 458
장수탕 선녀님 [서울 광진],长寿堂仙子 [首尔广津]
서울어린이대공원 아트센터,首尔儿童大公园艺术中心
NEW 사랑과 전쟁 [대학로],新爱与战争 [Daehak-ro]
대학로 스타릿홀 공연장,大学路星光大厅
서울 종로구 대학로8가길 111,首尔特别市钟路区大学路8街111
흥부놀부 [안산 고잔],兴府和鲁府[安山古栈]
NC소극장,北卡罗来纳州小剧院
"국립극단, 삼매경",国家剧院公司，萨玛迪
국립극단 명동예술극장,国家剧团明洞艺术剧场
서울 중구 명동길 35,首尔特别市中区明洞街35
ACC 브런치콘서트 플러스,ACC早午餐音乐会
국립아시아문화전당 극장2,国家亚洲文化中心二号剧场
가온아트홀 1관,高恩艺术馆 1 号厅
부산 동구 자성로133번길 10,釜山市东区Jaseong-ro 133beon-gil 10号
슈만 [대학로],舒曼 [大鹤路]
굿씨어터,好剧院
스톤 [대학로],石头 [大鹤路]
예그린씨어터,叶格林剧院
키즈 마티네 콘서트 [김포],儿童午间音乐会 [金浦]
김포아트홀,金浦艺术馆
경기도 김포시 돌문로 26 (사우동),京畿道金浦市石门路26（秀洞）
빵야 [서울 종로],砰砰 [首尔钟路]
두산아트센터 연강홀,斗山艺术中心灵江厅
토요키즈클래식 (상반기) [용인],周六儿童经典赛（上半场）[龙仁]
동물원에 간 고양이 [용인],去动物园的猫 [Yongin]
용인어린이상상의숲 공연놀이터,龙仁儿童想象森林表演游乐场
경기 용인시 기흥구 관곡로 25,京畿道龙仁市器兴区广谷路25
홍련 [서울 중구],洪年 [首尔市中区]
인천어린이과학관 강당,仁川儿童科学博物馆礼堂
인천 계양구 주부토로 456,仁川广域市桂阳区聚布托路 456
개같은 아빠 [수원],像狗一样的爸爸 [水原]
KBS 수원아트홀,KBS水原艺术馆
리온의 신비한 과자상점 [양산],里昂的神秘糖果店 [梁山]
아르디ys아트홀,阿迪斯艺术馆
리타 길들이기 (Educating Rita!),驯服丽塔（教育丽塔！）
아트하우스,艺术之家
드로잉 매직쇼 크레용용 [수원],绘画魔术表演蜡笔龙 [水原]
판타지 버블쇼 [김포],幻想泡泡秀 [金浦]
김포한강괜찮은홀,金浦汉江桂灿堂
경기도 김포시 양촌읍 석모로 103 (석모리),京畿道金浦市阳村邑石毛路103（石毛里）
히든퍼즐 [대학로],隐藏谜题 [Daehak-ro]
소셜베뉴 라움 체임버홀,社交场所Raum Chamber Hall
서울 강남구 언주로 564,首尔特别市江南区彦州路 564
월드아트 서커스 [당진],世界艺术马戏团[唐津]
월드아트 서커스,世界艺术马戏团
충청남도 당진시 신평면 삽교천길 90-16,忠清南道唐津市新坪面四桥川路90-16
"서울시발레단, 더블 빌: Bliss & Jakie",首尔芭蕾舞团，双场演出：《布利斯与杰基》
세종문화회관 세종M씨어터,世宗文化会馆 世宗M剧场
토요명품,周六奢侈品
노인의 꿈 [서울 강서],老人的梦 [首尔江西]
LG아트센터 서울 U+ 스테이지,LG艺术中心首尔U+舞台
판타스틱 체인지,奇妙的变化
맥거핀 서교,麦格芬西乔
서울특별시 마포구 양화로7길 28(서교동),首尔特别市麻浦区杨花路7街28（西桥洞）
청춘 온에어 [대학로],青春空中 [Daehak-ro]
에이치씨어터 익스트림씨어터 2관,H剧院极限剧院2号厅
서울 종로구 이화장길 54,首尔特别市钟路区梨花庄路 54
아빠와 딸 [대학로],爸爸和女儿 [Daehak-ro]
세우아트센터 2관,首尔艺术中心2号馆
서울 종로구 대학로12길 49,首尔特别市钟路区大学路12街49
시그널,信号
아신극장 2관 (2층),阿信剧场2号厅（二楼）
스페셜 보잉보잉 [대학로],特制波音波音 [Daehak-ro]
빨래: 31차 프로덕션,洗衣房：第31期
유니플렉스 2관(중극장),Uniplex 2号厅（中型剧院）
스폿라이트 [대학로],聚光灯 [大学路]
서울특별시 종로구 대명1길 7 (명륜4가),首尔特别市钟路区大明1街7(明伦4街)
꿀벌 마야의 모험 [용인],蜜蜂玛雅的冒险 [龙仁]
흉터 [서울 홍대],伤疤 [首尔弘大]
홍대 씨어터 윤,弘大剧场尹
서울특별시 마포구 와우산로 147-1 (서교동),首尔特别市麻浦区五山路147-1（西桥洞）
반짝 반짝 라푼젤 [대학로],一闪一闪长发公主 [Daehak-ro]
매직 사이언스 콘서트 [대학로],魔法科学音乐会 [大学路]
터치 파이브 (TOUCH FIVE),触五
TOUCH FIVE 전용관,TOUCH FIVE 专属大厅
서울특별시 마포구 와우산로 76-1 (서교동),首尔特别市麻浦区五山路76-1（西桥洞）
썸데이 [청주],总有一天 [清州]
소극장 쇠내골,索纳戈尔小剧院
충청북도 청주시 상당구 단재로 28,忠清北道清州市上堂区端才路28
701호 [대학로],701室 [大学路]
서울특별시 종로구 이화장길 86-11(동숭동),首尔特别市钟路区梨花庄路86-11（东崇洞）
반짝반짝 신데렐라,一闪一闪灰姑娘
아기돼지삼형제: 늑대숲 또옹돼지 원정대 [대학로],三只小猪：狼林猪探险记 [大学路]
어린이 마술쇼 [수원 광교],儿童魔术表演 [水原光教]
매직앤조이 (10F),魔法与欢乐（10楼）
경기 수원시 영통구 광교중앙로 124,京畿道水原市灵通区光教中央路124
페인터즈 [서대문전용관],画家 [西大门专属大厅]
NH아트홀,新罕布什尔州艺术馆
서울특별시 중구 통일로 120 (충정로1가),首尔特别市中区统一路120（忠正路1街）
2호선 세입자 [대학로],Line 2 租户 [Daehak-ro]
바탕골소극장,巴坦戈尔小剧院
내일은 내일에게 [대학로],明日到明日 [Daehak-ro]
썸데이 [대학로],总有一天 [Daehak-ro]
대학로 무하아트센터,大学路慕哈艺术中心
서울특별시 종로구 이화장길 72 (동숭동),首尔特别市钟路区梨花庄路72（东崇洞）
난타 [명동],南塔 [明洞]
사춘기메들리 [대학로],青春期组曲 [Daehak-ro]
나의PS파트너,我的PS伙伴
베어만: 마지막잎새,熊人：最后一片叶子
어린이 마술쇼 [인천 송도],儿童魔术表演 [仁川松岛]
미리내 마술극단,米里奈魔法剧团
인천 연수구 송도과학로16번길 33-4,仁川市延寿区松岛科学路16街33-4号
천로역정,《天路历程》
요리하는 마술사 [부천],烹饪魔术师 [富川]
부천소극장,富川小剧院
경기도 부천시 중동로254번길 87 (중동),京畿道富川市中洞路254街87（中洞）
오마이갓 [전용관],我的天啊 [独家大厅]
오마이갓 전용관,我的天啊，独家大厅
서울특별시 종로구 동숭길 68 (동숭동),首尔特别市钟路区东崇街68（东崇洞）
햇님이 달님이,太阳和月亮
The entry to JAZZ [서울 사당],进入 JAZZ [首尔沙堂]
entry55,条目55
서울특별시 동작구 동작대로1길 18(사당동),首尔特别市铜雀区铜雀大路1街18（舍堂洞）
아기돼지야 준비해!,准备好了吗，小猪！
빌의 구둣방,比尔的鞋匠
한뼘사이 [라온아트홀],一掌之隔【拉昂艺术馆】
연극라면,剧场拉面
요리하는 마술사 [대학로],烹饪魔术师 [Daehak-ro]
맛있는 극장,美味剧院
서울특별시 종로구 혜화로 4 (혜화동),首尔特别市钟路区惠化路4（惠化洞）
"빨간모자야 조심해! [청주, 세종]",小红帽，小心了！[清州，世宗]
택시안에서,在出租车里
겨울왕국: 겨울이야기,冰雪奇缘：一个冬日故事
인천동구문화체육센터 공연장,仁川东区文化体育中心表演厅
인천 동구 송현로 98,仁川市东区松岘路98号
"제250회 울산시립교향악단 호국보훈 기념 정기연주회, 인류를 위한 기도: a Payer for Humanity",蔚山爱乐乐团第250届爱国主义和退伍军人纪念常规音乐会，《为人类祈祷》
울산문화예술회관 대공연장,蔚山文化艺术中心大演出厅
흥부와 놀부 [서산],兴布和诺布 [瑞山]
서산문화원 공연장,瑞山文化中心表演厅
흙의 소리 훈의소리: 훈기상화,大地之声，匈奴之声：Hungisanghwa
"Noir, L'historirde S [대학로]",黑色，L'historirde S [大学路]
연극실험실 혜화동1번지,惠化洞1街剧场实验室
서울특별시 종로구 창경궁로35길 7 (혜화동),首尔特别市钟路区昌庆宫路35街7（惠化洞）
제1회 허서원 가야금 독주회: 정중동,许瑞媛伽倻琴首演：动中静
미녀와 야수 [파주],美女与野兽 [坡州]
서공철류 가야금산조 전바탕: 전지영의 농음,徐功哲伽倻琴散调全套曲目：全智英的活力
이화경 피아노 독주회,李华京钢琴独奏音乐会
우리 죽어 깨어날 때,当我们死去又醒来的时候
"제222회 포항시립교향악단 정기연주회: 벨칸토, 아름다운 노래",第222届浦项市交响乐团常规音乐会：美声，优美的歌曲
포항문화예술회관 대공연장,浦项文化艺术中心大演出厅
경북 포항시 남구 희망대로 850,庆尚北道浦项市南区希望大路 850
부산CBS교향악단과 함께하는 CBS콘서트: 출항,CBS音乐会与釜山CBS交响乐团：启程
재) 영화의전당 (하늘연극장,釜山电影中心（天空影院）
부산 해운대구 수영강변대로 120,釜山广域市海云台区水营江边大路 120
제로 쉴드 제로,零之盾零
놀터예술공방,诺尔特奥艺术工作室
서울특별시 성북구 성북로2길 21 - 0 태고종선부암,首尔市城北区城北路2街21-0号太古钟仙发岩
친친탱고 정규1집 쇼케이스 투어: Tango del Mar,Chin Chin Tango 首张录音室专辑巡演：Tango del Mar
카인드서울,首尔
서울특별시 성동구 연무장길 28-12 (성수동2가),首尔特别市城东区研武场路28-12（圣水洞2街）
김명현 피아노 독주회,金明铉钢琴独奏音乐会
"[프로그램]
 
 C. Schumann - 4 Pièces fugitives, Op.15
 R. Schumann - Carnaval, Op.9
 
Intermission

김동명 - Paradox of Reflection for Piano (2026, 초연)
A. Scriabin - Piano Sonata No. 2 in G-sharp Minor, Op. 19
A. Scriabin - Piano Sonata No. 5, Op. 53","[节目单]

C. 舒曼 - 四首逃逸小品，作品15号

R. 舒曼 - 狂欢节，作品9号

中场休息

金东明 - 钢琴曲《反思的悖论》（2026年首演）

A. 斯克里亚宾 - G小调第二钢琴奏鸣曲，作品19号

A. 斯克里亚宾 - 第五钢琴奏鸣曲，作品53号"
"지브리를 품은 클래식: 가족, 우리들의 노래",经典拥抱吉卜力：家庭，我们的歌
유하 3집 발매 기념 단독 콘서트: Alive!,Yuha 第三张专辑发行纪念个人演唱会：Alive！
웨인 맥그리거 무용단의 마인드 & 무브먼트 워크숍,韦恩·麦克格雷戈舞蹈团的“身心运动工作坊”
제54회 우리가곡연구회 정기연주회,韩国艺术歌曲研究学会第54届例行音乐会
"[Program]

*소리의 만남, 하나 되는 기쁨

우리가곡은 단순한 노래를 넘어, 한국인의 삶과 감정을 고스란히 담아내는 소중한 우리의 유산입니다. 이번 연주회는 우리가곡을 대표하는 시대별 작곡가들의 곡을 관객들이 친숙하게 접할 수 있도록 독창과 듀엣, 그리고 4중창 등 다채로운 스테이지로 구성해 보았습니다. 또한 이번 연주회는 관객들과 함께 부르는 가곡으로 마무리하며 모두가 하나 되어 우리가곡을 기념하고, 기리고자 합니다.

#1. 윤학준
마중 Sop.김원진
잔향 Sop.박경희
별 Sop.오지혜
나 하나 꽃피어 Sop.이현민, Sop.정선희, Sop.오지혜, Sop.백승민

#2. 신상우
진달래꽃 Sop.김현심
인생 Ten.이태원

#3. 이흥렬
바위고개 Sop.이주리
꽃구름속에 Sop.김원진, Sop.이주리, M.Sop.최부경
코스모스를 노래함 Sop.박경희, Sop.성이현

-휴식-

#4. 조두남
산 Ten.박찬우
새타령 Sop.정선희
선구자 Sop.김현심, Ten.이태원

#5. 조혜영
못잊어 Sop.연예슬

#6. 김홍
달빛아래 Sop.백승민
꽃잎 인연 Sop.이현민

#7. 이수인
고향의노래 Sop.성이현
그리움 M.Sop.최부경
사랑의 노래 Sop.연예슬, Ten.박찬우","【节目单】

*声音的交融，合二为一的喜悦

韩国传统歌曲不仅仅是简单的音乐，更是承载着韩国人民生活与情感的珍贵文化遗产。本次音乐会精心策划了独唱、二重唱和四重唱等多种形式的节目，旨在让观众有机会欣赏不同时代代表性作曲家的作品。此外，音乐会最后还将与观众共同演唱韩国传统歌曲，以此纪念和致敬韩国传统歌曲的魅力。

#1. 尹学俊

相遇 作曲：金元镇

留香 作曲：朴京熙

星光 作曲：吴智惠

一朵花盛开 作曲：李贤敏、郑善熙、吴智惠、白承敏

#2. 申相佑

杜鹃花 作曲：金贤心

人生十：李泰元

#3. 李兴烈

岩关 作曲：李珠丽

花云 作曲：金元真，作曲：李珠丽，副作曲：崔富京

宇宙之歌 作曲：朴京熙，作曲：成怡贤

-休息-

#4. 赵斗南

山十：朴灿宇

鸟鸣 作曲：郑善熙

先锋 作曲：金贤心，十：李泰元

#5. 赵慧英

无法忘记 作曲：延艺瑟

#6. 金弘

月光下 作曲：白胜民

花瓣的命运 作曲：李贤民

#7.李秀仁

故乡之歌 成怡贤

思念 崔富京

爱情之歌 延艺瑟、Ten、朴灿宇"
제5회 단국대학교 일반대학원 국악학과 정기연주회,檀国大学研究生院韩国传统音乐系第五届例行音乐会
제38회 용인시립청소년오케스트라 정기연주회 [용인],第38届龙仁市青年管弦乐团常规音乐会 [龙仁]
"24시간 프로젝트 시즌9, 콰르텟 레아",24小时项目第九季，四重奏Lea
"[PROGRAM]
Ludwig van Beethoven (1770-1827)
String Quartet No.4 in C minor, Op.18
1. Allegro ma non tanto
2. Andante scherzoso quasi Allegretto
3. Minuetto. Allegretto
4. Allegro

Dmitri Shostakovich (1906-1975)
String Quartet No.8 in C minor, Op.110
1. Largo
2. Allegro molto
3. Allegretto
4. Largo
5. Largo

※ 프로그램은 연주자의 사정에 의해 변경될 수 있습니다.","[程序]

路德维希·范·贝多芬 (1770-1827)

C小调第四弦乐四重奏，作品。 18

1. 快板

2. 行板谐谑曲准快板

3.小步舞曲。快板

4. 快板

德米特里·肖斯塔科维奇 (1906-1975)

C小调第八弦乐四重奏，作品。 110

1. 拉戈

2. 快板

3.快板

4. 拉戈

5. 拉戈

※ 根据表演者的情况，节目可能会有所变更。"
"제1156회 하우스콘서트, 배길",第1156届家庭音乐会，裴吉
"[PROGRAM]

Johann Sebastian Bach (1685-1750) 
Goldberg Variations, BWV 988
Aria
Variatio 1. a 1 Clav.
Variatio 2. a 1 Clav.
Variatio 3. Canone all’Unisuono a 1 Clav.
Variatio 4. a 1 Clav.
Variatio 5. a 1 o vero 2 Clav.
Variatio 6. Canone alla Seconda a 1 Clav.
Variatio 7. a 1 o vero 2 Clav. Al tempo di Giga
Variatio 8. a 2 Clav.
Variatio 9. Canone alla Terza a 1 Clav.
Variatio 10. Fughetta a 1 Clav.
Variatio 11. a 2 Clav.
Variatio 12. Canone alla Quarta in moto contrario a 1 Clav.
Variatio 13. a 2 Clav.
Variatio 14. a 2 Clav.
Variatio 15. Canone alla Quinta a 1 Clav.: Andante
Variatio 16. Ouverture a 1 Clav.
Variatio 17. a 2 Clav.
Variatio 18. Canone alla Sesta a 1 Clav.
Variatio 19. a 1 Clav.
Variatio 20. a 2 Clav.
Variatio 21. Canone alla Settima a 1 Clav.
Variatio 22. a 1 Clav. alla breve
Variatio 23. a 2 Clav.
Variatio 24. Canone all'Ottava a 1 Clav.
Variatio 25. a 2 Clav.: Adagio
Variatio 26. a 2 Clav.
Variatio 27. Canone alla Nona a 2 Clav.
Variatio 28. a 2 Clav.
Variatio 29. a 1 o vero 2 Clav.
Variatio 30. Quodlibet a 1 Clav.
Aria da Capo

※프로그램은 연주자의 사정에 의해 변경될 수 있습니다.","[程序]

约翰·塞巴斯蒂安·巴赫 (1685-1750) 
哥德堡变奏曲，BWV 988
咏叹调
变奏 1.a 1 Clav。
变奏 2.a 1 Clav。
变奏 3. Canone all'Unisuono a 1 Clav。
变奏 4.a 1 Clav。
变奏 5. a 1 o vero 2 Clav。
变奏 6. Canone alla Seconda a 1 Clav。
变奏 7. a 1 o vero 2 Clav。千兆节奏
变奏 8. a 2 Clav.
变奏 9. Canon alla Terza a 1 Clav。
变奏 10. Fughetta a 1 Clav。
变奏 11.a 2 Clav。
变奏 12。Canone alla Quarta in moto contrario a 1 Clav。
变奏 13.a 2 Clav。
变奏 14.a 2 Clav。
变奏曲 15. Canone alla Quinta a 1 Clav.: Andante
变奏 16. 序曲 a 1 Clav。
变奏 17.a 2 Clav。
变奏 18。Canon alla Sesta a 1 Clav。
变奏 19.a 1 Clav。
变奏 20.a 2 Clav。
变奏 21. Canon alla Settima a 1 Clav。
变奏 22.a 1 Clav。阿拉短报
变奏曲 23. a 2 Clav.
变奏 24. Canone all'Ottava a 1 Clav。
变奏曲 25.a 2 Clav.: 柔板

变奏曲 26. a 2 Clav.

变奏 27. Canone alla Nona a 2 Clav。

变奏曲 28. a 2 Clav.

变奏 29. a 1 o vero 2 Clav。

变奏 30. Quodlibet a 1 Clav。

咏叹调达卡波

※ 根据表演者的情况，节目可能会有所变更。"
제47회 용인시립소년소녀합창단 정기연주회 [용인],第47届龙仁市儿童合唱团例行音乐会 [龙仁]
센텀아트홀 명품 ART 키즈콘서트: Animal Story,Centum Art Hall 高级艺术儿童音乐会：动物故事
센텀아트홀,百图姆艺术馆
부산광역시 해운대구 센텀중앙로 97 (재송동),釜山广域市海云台区中央中央路97（宰松洞）
"[공연소개]
어린이날 특별 공연 안내
아이들의 웃음소리로 가득 찰
센텀아트홀의 특별한 하루

아이와 손잡고
동물 친구들을 만나러 가는 음악 여행

어린이날을 맞아
센텀아트홀에서 준비한
명품 ART 키즈 콘서트 <Animal Story>

사자의 행진이 울려 퍼지고
수족관 속 물고기들이 춤추고
백조의 아름다운 선율이 흐르는 순간,
아이들은 음악 속에서
상상하고, 웃고, 함께 움직입니다.

디즈니 음악에 맞춰 춤추고,
동요를 함께 부르며 율동도 하고,
마지막에는 직접 악기 체험까지 
공연을 보는 시간이 아니라
아이와 함께 추억을 만드는 시간입니다.
어린이날,
우리 아이에게
음악으로 기억될 하루를 선물해주세요.","【演出介绍】

儿童节特别演出公告

在Centum Art Hall，一个充满童趣的特别日子

与您的孩子携手，开启一段与动物朋友相遇的音乐之旅

Centum Art Hall 为儿童节精心准备

精彩演出：ART 儿童音乐会《动物故事》

当雄狮的行进声响起，鱼儿在水族箱中翩翩起舞，天鹅的优美旋律缓缓流淌，

孩子们在音乐中尽情想象、欢笑、舞动。

伴着迪士尼的音乐翩翩起舞，一起唱着童谣，做着节奏感十足的动作，

最后还能尝试演奏乐器——这不仅仅是一场演出，

更是与您的孩子共创美好回忆的时刻。

在这个儿童节，

用音乐，为您的孩子送上一份难忘的礼物。"
분홍립스틱 [익산],粉色唇膏 [益山]
익산예술의전당 대공연장,益山艺术中心大演出厅
전북 익산시 동서로 490,全北益山市东西路 490
"쌀롱드무지끄, 살롱 드 라곰: 클래식과 스크린으로 물드는 오후",音乐沙龙，拉戈姆沙龙：一个充满古典音乐和电影的下午
"[PROGRAM]

* Edward Elgar /  Salut d'Amour (사랑의 인사)

* Chris Martin ,Jonny Buckland , Guy Berryman , Will Champion / Viva la Vida

* Hugo Peretti , Luigi Creatore , George David Weiss / Can't Help Falling in Love

* Richard Rodgers / The Sound of Music

* Joe Hisaishi / Kazabue 

*Ennio Morricone / Nella Fantasia

* Justin Hurwitz / La La Land OST Medley","【节目单】

* 爱德华·埃尔加 / 《爱的问候》（Salut d'Amour）

* 克里斯·马丁、约翰尼·巴克兰、盖伊·贝里曼、威尔·钱皮恩 / 《生命万岁》（Viva la Vida）

* 雨果·佩雷蒂、路易吉·克雷托雷、乔治·大卫·韦斯 / 《情不自禁爱上你》（Can't Help Falling in Love）

* 理查德·罗杰斯 / 《音乐之声》（The Sound of Music）

* 久石让 / 《风吹》（Kazabue）

* 埃尼奥·莫里康内 / 《幻想曲》（Nella Fantasia）

* 贾斯汀·赫维茨 / 《爱乐之城》（La La Land）电影原声带组曲"
"유포늄의 울림, 마음에 닿다",低音号的共鸣触动人心
"[공연소개]
Euphonium이라는 (금관)악기는 그리스어로 아름다운 소리입니다. 
보통 금관 악기 하면 시끄럽고 듣기 어렵다고 많이들 생각합니다. 
저는 다가오는 공연에서 그런 편견을 다 바꿔 드리겠습니다.

[PROGRAM]
* Heart In Heart / Ivor Bosanko

* Euphonium Concerto / Satoshi Yagisawa

* Once Upon A Time / Steven Verhelst

* Portas / Ricardo Molla Albero

* Belen / Ricardo Molla Albero

* The Overton Window / Ricardo Molla Albero","【音乐会介绍】

“上低音号”（Euphonium）一词在希腊语中意为“美妙的声音”。

许多人通常认为铜管乐器嘈杂难听。

我将在即将到来的演出中改变所有这些偏见。

【曲目单】

* 心连心 / 伊沃·博桑科

* 上低音号协奏曲 / 八木泽聪

* 从前 / 史蒂文·维尔赫斯特

* 波塔斯 / 里卡多·莫拉·阿尔贝罗

* 贝伦 / 里卡多·莫拉·阿尔贝罗

* 奥弗顿之窗 / 里卡多·莫拉·阿尔贝罗"
오아라 피아노 독주회,哦阿拉钢琴独奏会
"적우 전국투어콘서트: 보고싶다, 제주",Jeokwoo 全国巡回演唱会：我想你，济州
코코 컬쳐클럽 야외무대,Coco文化俱乐部户外舞台
제주특별자치도 서귀포시 성산읍 환해장성로 201,济州特别自治道西归浦市城山邑焕海庄城路201号
"모닝콘서트, 세계적인 재즈 피아니스트 조윤성 Jazz트리오 with 허성: 초여름의 재즈 콘서트 [창원] (6월)",晨间音乐会，世界著名爵士钢琴家赵允成爵士三重奏携手许成：初夏爵士音乐会【昌原】（六月）
성산아트홀 소극장,城山艺术馆小剧场
우리 아이가 달라졌어요 [부천],我的孩子变了 [富川]
한국만화박물관 만화영화상영관,韩国卡通博物馆卡通电影放映厅
경기 부천시 원미구 길주로 1,京畿道富川市远美区吉州路1
"모닝콘서트, 작곡가 윤일상의 어느 일상 콘서트 [창원] (5월)",晨间音乐会，作曲家尹日相的《日常生活》音乐会 [昌原]（五月）
제40회 김천시립국악단 정기연주회: 국악ZIP 집대성,第40届金泉市立韩国传统音乐管弦乐团常规音乐会：国乐ZIP合辑
김천시립율곡도서관 율곡홀 (다목적강당),金泉市立栗谷图书馆栗谷礼堂（多功能礼堂）
경북 김천시 용전1로1길 17,庆尚北道金泉市龙田1路1街17
빈센트 옹 리사이틀,文森特独奏会
"[PROGRAM]
Chopin: Preludes, op. 28   (37')
쇼팽  프렐류드 작품28

Intermission

Mendelssohn: Lieder ohne Worte op. 102  ( 15')
멘델스존     무언가 작품102

Prokofiev: Sonata no. 8  (30')
프로코피예프   소나타8번

*연주자의 사정에 따라 프로그램은 변경될 수 있습니다*","【演出曲目】

肖邦：前奏曲，作品28号（37分钟）

肖邦前奏曲，作品28号

中场休息

门德尔松：无词歌，作品102号（15分钟）

门德尔松无词歌，作品102号

普罗科菲耶夫：第八钢琴奏鸣曲（30分钟）

普罗科菲耶夫第八钢琴奏鸣曲

*演出曲目可能因演出者情况而有所调整*"
인어공주 [서울 구로],小美人鱼 [首尔九老区]
제251회 울산시립교향악단 정기연주회: 불멸의 순간 (an Immortal Moment),第251届蔚山市交响乐团常规音乐会：不朽的瞬间
임재경 작곡발표회,林在京作曲独奏会
"[프로그램]

1. “Perspective“ for Violin & Piano (2026, 초연)
2. “호흡“ for Clarinet Solo (2026, 초연)
3. “Schneeblume” for Piano Solo (2017, 재연)
4. “침묵” for Cello Solo (2026, 초연)
5. “Reconciliation“ for Vn. Cl. Vc. & Pf (2013, 재연)","【演出曲目】

1.《视角》（Perspective），小提琴与钢琴（2026年首演）

2.《呼吸》（Breath），单簧管独奏（2026年首演）

3.《雪花》（Schneeblume），钢琴独奏（2017年复排）

4.《寂静》（Silence），大提琴独奏（2026年首演）

5.《和解》（Reconciliation），小提琴、单簧管、大提琴与钢琴（2013年复排）"
어린이 캣 [화성],儿童猫 [火星]
누림아트홀,努里姆艺术馆
경기도 화성시 남양읍 시청로 155,京畿道华城市南阳邑始清路155
누가 내 머리에 똥 쌌어? [서울 강동],谁在我头上拉屎了？[首尔江东区]
"모닝콘서트, 테너 박완 & Sarah J트리오: 여름을 깨우는 하모니 [창원] (7월)",晨间音乐会，男高音朴完 & Sarah J 三重奏：夏日和声觉醒 [昌原]（7月）
"울산시립교향악단, 백윤학 지휘자와 함께 즐기는 클래식 맛집 투어 가족특선",蔚山爱乐乐团，白允鹤指挥古典美食之旅家庭特辑
LiSA ASIA TOUR: LiVE is Smile Always ~15~,LiSA 亚洲巡回演唱会：永远微笑生活 ~15~
"르네상스 in 동래, 플루트로 그리는 소리의 지도",东莱的文艺复兴，用笛子绘制的声音地图
동래문화회관 소극장,东莱文化中心小剧场
르네상스 in 동래: 지브리 두 앙상블의 이야기,东莱的复兴：两个吉卜力剧团的故事
제21회 음악에 기대어 정기연주회: 한국가곡의 대향연,第21届倚靠音乐常规音乐会：韩国艺术歌曲盛宴
"미로슬라브 꿀띠쉐프 X 일리야 라쉬코프스키, 라흐마니노프 피아노 협주곡 [서울 송파]",米罗斯拉夫·库尔蒂舍夫 X 伊利亚·拉什科夫斯基，拉赫玛尼诺夫钢琴协奏曲 [首尔松坡区]
"마당놀이, 홍길동이 온다",Madangnori，洪吉童来了
국립아시아문화전당 극장1,国家亚洲文化中心1号剧场
피터팬 [기장],彼得潘 [Gijang]
기장군청 차성아트홀,机张郡政府 追城艺术馆
부산 기장군 기장읍 기장대로 560,釜山广域市机张郡机张邑机张大路 560
말 안듣는 청개구리 [부천],不听话的青蛙 [富川]
"[공연소개]
청개구리 '꾸리'는 엄마 말씀에 반대로만 한답니다. ㅜㅜ

어느 날 꾸리는 엄마가 절대로 가지 말라는 먹구름 동산에 갑니다. 
먹구름 동산에는 뱀이 살고 있지요.

꾸리가 뱀에게 잡혔어요!~!

엄마는 꾸리를 구하던 중 뱀에게 물리고 말아요.
쓰러진 엄마는 꾸리에게 마지막으로 부탁을 합니다.

꾸리는 엄마의 말씀대로 할 수 있을까요?

소중하고 예쁜 시간을 친구들과 함께 해요!!~","【演出介绍】

小青蛙库里总是和妈妈对着干。T_T

有一天，库里去了妈妈严令禁止他去的黑云山。

黑云山上住着蛇。

库里被蛇抓住了！

妈妈为了救库里，被蛇咬了。

妈妈昏了过去，临死前向库里提出了最后一个请求。

库里能听妈妈的话吗？

让我们和朋友们一起度过一段珍贵而美好的时光吧！"
겨울왕국: 겨울이야기 [진주],冰雪奇缘：冬日故事 [珍珠]
경상대학교 칠암캠퍼스 대강당,庆尚大学七林校区礼堂
경남 진주시 진양호로 591-5,庆尚南道晋州市晋阳湖路 591-5
마테우스 아사토 내한공연 Mateus Asato Asia Tour,马特乌斯·阿萨托亚洲巡回赛
서울특별시 마포구 어울마당로 35 (서교동) 지하 1층,首尔特别市麻浦区乙马堂路35 B1（西桥洞）
다이노: 공룡세계에서 살아남기 [진주],恐龙：在恐龙世界中生存 [晋州]
라포엠과 KNN방송교향악단이 함께하는 봄의 서정,与 La Poème 和 KNN 广播交响乐团一起感受春日抒情
ONE HOUR,一小时
KT&G 상상마당 라이브홀,KT&G Sangsang Madang 现场音乐厅
부산광역시 부산진구 서면로 39 (부전동),釜山广域市釜山镇区西面路39(釜田洞)
"K-국악스테이지, 경기도당굿보존회 X 국립민속국악원 기악단: 하나되어 [남원]",K-Gugak舞台，京畿道檀香保存协会×国立民乐中心器乐合奏：合二为一[南原]
노맨틱 코미디,非浪漫喜剧
"베베핀, 두근두근 새친구 [서울 광진]",Bebepin，心动的新朋友 [首尔广真]
경이로운 금요일: 디어데몬 X 희소한 X 늘,精彩星期五：Dear Demon X Rare X Always
우무지,乌穆吉
서울특별시 마포구 독막로8길 7 (합정동),首尔市麻浦区东墨路8街7号（合井洞）
한우리 피아노 독주회,哈努里钢琴独奏会
이소라 여덟 번째 봄 콘서트: 봄의 미로,李素拉第八届春季演唱会：春之迷宫
미완결,未完成
동숭무대소극장,东城舞台小剧场
서울특별시 종로구 혜화로 35 (명륜1가),首尔特别市钟路区惠化路35(明伦1街)
"미로슬라브 꿀띠쉐프 X 일리야 라쉬코프스키, 라흐마니노프 피아노 협주곡",米罗斯拉夫·库尔蒂舍夫 X 伊利亚·拉什科夫斯基，拉赫玛尼诺夫钢琴协奏曲
제97회 인천시립극단 정기공연: 니들이 인천을 알어,仁川市立剧团第97届常演：你了解仁川吗？
인천문화예술회관 소공연장,仁川文化艺术中心小演出厅
인천 남동구 예술로 149,仁川市南洞区益瑟路149号
박지현 콘서트: 쇼맨쉽 시즌2 SHOWMANSHIP SEASON 2,朴智贤演唱会：SHOWMANSHIP 第二季
김대중컨벤션센터 다목적홀,金大中会议中心多功能厅
광주 서구 치평동 1159-2,光州广域市西区植坪洞 1159-2
페리지홀 기획 초청 연주회: String Quartet,佩里吉音乐厅特邀音乐会：弦乐四重奏
페리지홀,佩里吉霍尔
서울특별시 서초구 반포대로 18 (서초동),首尔特别市瑞草区盘浦大路18（瑞草洞）
제193회 수원시립합창단 정기연주회 [수원],第193届水原市合唱团例行音乐会 [水原]
수원SK아트리움 대공연장,水原SK Artrium Grand Performance Hall
경기 수원시 장안구 이목로 24,京畿道水原市长安区梨木路24
"[PROGRAM]

You Are The New Day - Arr. Peter Knight
Across The Vast, Eternal Sky - Ola Gjeilo
The Hope of Loving - Jake Runestad

- INTERMISSION -

그대 앞에 봄이 있다 - 박문희
바람은 남풍 - 조혜영
바람과 봄 - 김바하
꽃타령 - 허걸재
노들강변 - 조혜영
봄이 오는 길 - Arr. 박문희
벚꽃엔딩 - Arr. 이범준
한 페이지가 될 수 있게 - Arr. 한태호","【节目单】

你是新的一天 - 彼得·奈特编曲

穿越浩瀚永恒的天空 - 奥拉·吉耶罗

爱的希望 - 杰克·鲁内斯塔德

- 中场休息 -

春天就在你面前 - 朴文熙

风是南风 - 赵慧英

风与春 - 金巴哈

花之歌 - 许格宰

诺杜尔河畔 - 赵慧英

春之路 - 朴文熙编曲

樱花终章 - 李范俊编曲

一页纸 - 韩泰浩编曲"
"서리풀악동문화공연: 괜찮아, 안데르센 (3월)",世利普乐童文化表演：没关系，安徒生（三月）
빅마마 신연아 with 신연아 재즈밴드 [경기 화성],Big Mama Shin Yeon-ah 与 Shin Yeon-ah Jazz Band [京畿道华城]
인스파이어 컬쳐홀,灵感文化馆
경기도 화성시 동탄첨단산업1로 27 (영천동),京畿道华城市东炭池团石1路27（永川洞）
"세상의 모든 플레이리스트, 브랜든 최 [원주]",世界上所有的播放列表，Brandon Choi [Wonju]
플레이리스트,播放列表
강원특별자치도 원주시 지정면 신평로 132,江原道原州市地政面新平路132
"[프로그램]

김재원 - The Saxophonist
Sergei Rachmaninoff - Vocalise, Op.34 No.14
Roberto Molinelli - Tango Club from Four Pictures of New York
Harold Arlen - Over the Rainbow
한국 전래민요 (편곡: Park Jong-sung) - 새야 새야
Joe Hisaishi - Porco Rosso – Main Theme
윤학준 – 마중
Darius Milhaud - Scaramouche – III. Brazileira
Toshio Mashima – Seagull
Astor Piazzolla - Libertango","【节目单】

金载沅 - 萨克斯风演奏家

谢尔盖·拉赫玛尼诺夫 - 声乐练习曲，作品34号第14首

罗伯托·莫利内利 - 《纽约四景》中的探戈俱乐部

哈罗德·阿伦 - 飞跃彩虹

韩国传统民歌（朴钟成改编） - 鸟儿，鸟儿

久石让 - 《红猪》主题曲

尹学俊 - 相遇

达律斯·米约 - 《斯卡拉姆奇》第三乐章：巴西莱拉

真岛俊夫 - 海鸥

阿斯托尔·皮亚佐拉 - 自由探戈"
제5회 서초 윈드 오케스트라 정기연주회 [성남],瑞草管乐团第五届例行音乐会 [城南]
래비를 찾아서,寻找拉比
동아백화점 아트홀,东亚百货艺术馆
대구광역시 중구 달구벌대로 2085 (덕산동),大邱广域市中区达九法大路2085（德山洞）
비도,雨
문학시어터,文学剧场
인천광역시 남구 매소홀로 618 (문학동),仁川市南区梅索霍尔路618号（文鹤洞）
누구나 클래식 with 강릉시립교향악단,与江陵市交响乐团一起欣赏老少咸宜的古典音乐
"Rocking Saturday, 해리빅버튼 X 내귀에도청장치 X 악퉁",摇滚星期六，Harry Big Button X Listening Device X Aktoong
"광주오페라단, 오페라 갈라 콘서트: 절망과 희망의 이중주",光州歌剧团，歌剧盛会：绝望与希望的二重奏
빛고을시민문화관 공연장,比特格利市民文化中心表演厅
광주 남구 천변좌로338번길 7,光州广域市南区天边左瓦路338街7
감제이 세번째 콘서트: Aeternum Nos 1부. 콘서트,Gamjei 的第三次音乐会：Aeternum Nos Part 1. 音乐会
스카이아트홀,天空艺术馆
서울특별시 강서구 화곡로63길 65(등촌동),首尔特别市江西区禾谷路63街65（登村洞）
MelON 디즈니＋지브리 오케스트라 콘서트,MelON Disney + 吉卜力管弦乐音乐会
박용찬 귀국 피아노 독주회,朴永灿返乡钢琴独奏音乐会
중앙가야금합주단 정기연주회: 필연,中央伽倻琴乐团常规音乐会：必然性
박강수 콘서트: 나무가 될게,朴康洙演唱会：我会变成一棵树
베짱이홀,蚱蜢洞
서울특별시 마포구 독막로15길 3-12 (상수동),首尔市麻浦区东墨路15街3-12号（上水洞）
Horim Tree: O with friends [경기 화성],Horim Tree：和朋友们一起 [华城，京畿道]
박상민 LOVE 콘서트,朴相民 LOVE 演唱会
울산광역시 남구 번영로 212 (달동),蔚山广域市南区法宁路212(达洞)
팬텀 스타워즈: 부산청년 봄을 깨우다,幻影星球大战：釜山青春觉醒之春
어린이 서커스 쇼 [파주],儿童马戏表演 [坡州]
파주시민회관 소공연장,坡州市市民中心小演出厅
경기 파주시 시민회관길 33,京畿道坡州市新民会馆路33
"해설이 있는 음악회 서.클.스, 사랑의 방정식 (4월)",Commentary Circus 音乐会，《爱的方程式》（四月）
서울주문화센터 공연장,首尔文化中心表演厅
울산 울주군 언양읍 언양로 40-7,蔚山广域市蔚州郡彦阳邑彦阳路40-7
"국립합창단, 시네마 클래식 [화성]",国家合唱团，电影经典 [华城]
화성예술의전당 동탄아트홀,华城艺术中心东滩艺术馆
경기 화성시 태안로 145,京畿道华城市泰安路145
알렉산더 에크만의 한여름 밤의 꿈 [화성],亚历山大·埃克曼的《仲夏夜之梦》[火星]
"먼데이프로젝트 시즌9, 고고학 단독 콘서트: THE ORIGINAL",周一计划第九季，考古独奏音乐会：原创
조선이야기꾼 전기수,朝鲜说书人正基秀
대구학생문화센터 대공연장,大邱学生文化中心大演出厅
대구 달서구 용산로 181,大邱广域市达西区龙山路181
봄 안치환 콘서트,安志焕春季音乐会
김준환 첼로 독주회,金俊焕大提琴独奏音乐会
MelON 디즈니 + 지브리 오케스트라 콘서트 (어린이날 edition) [부천],MelON Disney + 吉卜力管弦乐音乐会（儿童节特别版）[富川]
김예슬 피아노 독주회,金艺瑟钢琴独奏音乐会
"박종민 단독 공연, Four Nights: 꽃잎 흩날리던 밤",朴钟民个人演唱会，四夜：花瓣散落之夜
살롱 문보우,月弓沙龙
서울특별시 마포구 잔다리로 113 (서교동),首尔特别市麻浦区简达里路113（西桥洞）
"모두예술극장 기획제작, 야호야호 Echoing Dance",Modu Arts 剧院策划与制作，Yaho Yaho Echoing Dance
모두예술극장,莫杜艺术剧院
서울특별시 서대문구 충정로 7 (충정로3가),首尔特别市西大门区忠正路7（忠正路3街）
바리톤 김보람 독창회,男中音金宝蓝独奏会
"ASAC 키움극장, 할머니의 여름 휴가 [안산]",ASAC Kiwoom 剧院，奶奶的暑假 [安山]
헐리우드 블록버스터 & 디즈니 픽사 OST 오케스트라 콘서트,好莱坞大片及迪士尼皮克斯动画电影原声带交响音乐会
내가 아빠고 아빠가 나라면,如果我是个爸爸，而爸爸是我
지브리 & 디즈니 OST 콘서트,吉卜力与迪士尼原声音乐会
"유벨톤심포니오케스트라: 작곡가 시리즈 2. 브람스, 사랑의 선율",朱贝尔顿交响乐团：作曲家系列 2. 勃拉姆斯，《爱的旋律》
HA HYUN SANG Archive Live: New Boat,河铉相 Archive Live：新船
한평의 땅,一坪土地
그리스 로마 신화: 신들의 왕 제우스,希腊罗马神话：宙斯，众神之王
인천중구문화회관,仁川中区文化中心
인천광역시 중구 축항대로296번길 81 (신흥동3가),仁川广域市中区竹康大路296街81（新兴洞3街）
제41회 한국반주협회 정기연주회,韩国伴奏家协会第41届常会音乐会
아기돼지 삼형제,三只小猪
"먼데이프로젝트 시즌9, Our Universe: 딕펑스 단독 콘서트",周一计划第九季，我们的宇宙：迪克朋克独奏音乐会
"꿈의숲 마티네 콘서트, 벨 에포크 아트 & 뮤직시리즈1: 클림트, 시대에 맞선 황금빛 연가",梦幻森林午后音乐会，美好年代艺术与音乐系列1：克里姆特，一首金色的情歌，超越时代
하피스트 우지현 & 피아니스트 전유진 듀오 리사이틀,竖琴演奏家禹智贤与钢琴家全裕珍二重奏音乐会
피아니스트 전수진의 골드베르크 변주곡 리사이틀,钢琴家全秀珍的《哥德堡变奏曲》独奏音乐会
동상이몽,同一张床，不同的梦境
소극장 공유,小剧场共享
서울특별시 종로구 창경궁로 303 (혜화동),首尔特别市钟路区昌庆宫路303（惠化洞）
최성철 귀국 타악기 독주회,崔成哲返校打击乐独奏会
유세형 피아노 독주회,刘世亨钢琴独奏音乐会
첼리스트 이호찬 & 바이올리니스트 팅슈오 창 듀오 리사이틀,大提琴家李浩灿与小提琴家丁硕昌二重奏音乐会
"국립국악원, 연희-판: 흥으로 잇는 세상 [화성]",国立国乐中心，《妍熙潘：一个因喜悦而相连的世界》[华城]
라 칼라스,卡拉斯
"조치원의 밤, 국악: 고영열의 피아노 병창",朝致院之夜，韩国传统音乐：高英烈的钢琴咏昌
세종문화예술회관 대공연장,世宗文化艺术中心大演出厅
세종특별자치시 조치원읍 문예회관길 22,世宗特别自治市鸟致院邑文礼会馆路22
김장훈 전국투어 콘서트: 원맨쇼,金章勋全国巡回演唱会：个人秀
강정은 피아노 독주회,康正恩钢琴独奏音乐会
알파블록스,字母积木
"강우성의 피아노 사색 #11, 사람의 사랑과 생애",康宇成钢琴沉思曲第11首：人类的爱与生活
아기돼지 삼형제 [서울 강북],三只小猪 [江北，首尔]
꿈의숲아트센터 퍼포먼스홀,梦森林艺术中心表演厅
서울시립교향악단: 운명 [화성],首尔爱乐乐团：命运 [火星]
남양성모성지 대성당,南阳圣母朝圣教堂
경기 화성시 남양읍 남양성지로 112,京畿道华城市南阳邑南阳城池路112
히사이시 조 영화음악 콘서트,久石让电影音乐会
대구문화예술회관 팔공홀,大邱文化艺术中心八公堂
새봄음악회 [군포],新春音乐会【军坡】
군포문화예술회관 수리홀,军浦文化艺术中心苏里厅
경기 군포시 고산로 599,京畿道军浦市高山路599
PLAYLIST WAWA vol.1 114Th Romantic Party,WAWA 播放列表 vol.1 第114届浪漫派对
복합문화공간 몽향,蒙阳综合文化空间
서울특별시 서대문구 연세로5다길 10 (창천동),首尔特别市西大门区延西路5路10（昌川洞）
클라라 주미 강 & 김선욱 듀오 리사이틀,Clara Jumi Kang 与 Sunwook Kim 二重奏演奏会
피아니스트 박미정의 All That Art 7,钢琴家朴美贞的《All That Art 7》
"빅3 시즌2, 행복한만남: 강진, 김용임, 진성",《三大巨头》第二季，《邂逅》：姜镇、金容任、晋成
인천문화예술회관 대공연장,仁川文化艺术中心大演出厅
반짝반짝 빛나는 마술사의 방,闪亮魔术师的房间
"모나코 몬테카를로 발레단, 백조의 호수 [화성]",摩纳哥蒙特卡洛芭蕾舞团，《天鹅湖》[三月]
경산문화관광재단 신춘음악회: 봄의 대화 (정미조X스텔라장),庆山文化观光财团春季音乐会：春之对话（郑美祖 X 张思黛）
천마아트센터 그랜드홀,天马艺术中心大厅
경북 경산시 대학로 280,庆尚北道庆山市大学路280
"롤링 31주년 기념 공연, UmYull FANCON: 초안",罗琳诞辰31周年纪念音乐会，UmYull FANCON：草稿
결혼해도 될까요? [청주],我可以结婚吗？[清州]
심규선 콘서트: 만개의 정원 [안성],沈奎善演唱会：万千花园 [安城]
안성맞춤아트홀 대공연장,安城马楚姆艺术馆主演出厅
경기 안성시 발화대길 21,京畿道安城市发华台路21
"미로슬라브 꿀띠쉐프 X 세르게이 타라소프, 라흐마니노프 피아노 협주곡",米罗斯拉夫·库尔蒂舍夫 X 谢尔盖·塔拉索夫，拉赫玛尼诺夫钢琴协奏曲
아무도 칼을 들지 않았다 [대학로],没有人持刀 [大鹤路]
스티 단독 콘서트: 스티의 스위치,Sti个人演唱会：Sti的转换
클럽온에어,空中俱乐部
서울특별시 마포구 잔다리로 44(서교동),首尔特别市麻浦区简达里路44（西桥洞）
버블S의 컬러버블쇼,泡泡S的彩色泡泡秀
라하브 샤니 & 뮌헨 필하모닉 (05.06),拉哈夫·沙尼与慕尼黑爱乐乐团（05.06）
백설공주 [서산],白雪公主 [Seosan]
미스트롯4 전국투어 콘서트: 트롯으로 세상을 홀려라,Miss Trot 4 全国巡回演唱会：用 Trot 征服世界
라하브 샤니 & 뮌헨 필하모닉 (05.05),拉哈夫·沙尼与慕尼黑爱乐乐团（05.05）
제4회 나우 피아노연구회 정기연주회,第四届Now钢琴研究协会例行音乐会
"토요 클래식의 밤, 해설이 있는 클래식: 사랑의 색채들",周六经典之夜，经典影片及解说：《爱的色彩》
김현태의 춤: 큰 강물이 비로소 길 (佶) 을 열었다,金贤泰的舞蹈：大河终于开辟了道路
아양아트센터 아양홀,阿阳艺术中心 阿阳大厅
대구 동구 효동로2길 24,大邱广域市东区孝东路2街24
뼈의 기록,骨骼记录
예술의전당 자유소극장,首尔艺术中心自由剧场
난장 [과천],南藏 [果川]
과천시민회관 소극장,果川市民中心小剧场
경기 과천시 통영로 5,京畿道果川市统营路5
"국립합창단, 시네마 클래식 [군산]",国家合唱团，电影经典[群山]
군산예술의전당 대공연장,群山艺术中心大表演厅
"POINT: SIGNAL: 일루반, 유인원",点：信号：伊卢班，猿
"All Day, JAZZ SHOW! (올데이, 재즈쇼!) (03.29)",全天爵士乐表演！（3月29日）
올댓재즈,《爵士春秋》
서울특별시 용산구 이태원로 216 (한남동),首尔特别市龙山区梨泰院路216（汉南洞）
쿠잉의 MRI: March Romantic Invitation,Cooing 的 MRI：三月浪漫邀请
숲세권 라이브,森林景观直播
서울특별시 영등포구 도림로126길 1 (문래동3가),首尔特别市永登浦区道林路126街1（文来洞3街）
제13회 김사월 쇼: 도망자,第十三期金世月秀：逃亡者
서강대 메리홀 대극장,西江大学玛丽霍尔大剧院
서울 마포구 백범로 35,首尔特别市麻浦区白凡路 35
"먼데이프로젝트X숲세권 MONDAY: SOOP, 예람 단독 콘서트",星期一 Project X 森林区 星期一：SOOP、Yeram 独奏音乐会
"먼데이프로젝트X숲세권 MONDAY: SOOP, 박태욱 단독 콘서트",周一 Project X Forest District 周一：SOOP、朴泰旭个人演唱会
"Over The Shoulder Vol.4, 청요일 X 이파란",Over The Shoulder Vol.4，郑一日 X 李帕兰
"롤링 31주년 기념 공연, W24 Next Chapter: Best Chapter Section 4",罗琳31周年纪念音乐会，W24 下一章：最佳章节第四部分
김용필 콘서트: 뷰티풀 라이프,金容弼演唱会：美好人生
이화여자대학교 삼성홀,梨花女子大学三星堂
서울특별시 서대문구 이화여대길 52 (대현동),首尔市西大门区梨花女子大学街52号（大贤洞）
오케스트라너머 with 짙은 그리고 브로콜리너마저,Beyond the Orchestra 与 Deep 和 Broccoli You Too 一起演出
"K-국악스테이지, 국립민속국악원 국악연주단: 봄, 향기 [남원]",K-国乐舞台，国立民乐中心国乐乐团：春天，香气 [南原]
김장훈 전국투어 콘서트: 원맨쇼 [부천],金章勋全国巡回演唱会：个人秀 [富川]
부천시민회관 대공연장,富川市民中心大演出厅
경기 부천시 원미구 부일로 365,京畿道富川市远美区富一路365
똥볶이 할멈: 정의의 맛,老妇人冬青：正义的味道
무지개 물고기 [서울 구로],Rainbow Fish [首尔九老区]
구로구민회관,九老地区社区中心
서울특별시 구로구 가마산로25길 21 (구로동),首尔特别市九老区伽马山路25街21（九老洞）
최민재의 MODERNISM 프라이빗 마술공연 [창원],崔珉载的现代主义私人魔术表演 [昌原]
드리운 스튜디오,Drizzle Studio
경상남도 창원시 성산구 중앙대로 111 (중앙동),庆尚南道昌原市城山区中央大路111（中央洞）
떨어지는 벚꽃을 바라보다 비로소 봄이었음을 깨달았다,直到凝视着飘落的樱花，我才意识到春天来了。
제5회 부산시민교향악단 정기연주회: Spirit of Beethoven Ⅲ,釜山市民交响乐团第五届例行音乐会：贝多芬精神第三交响曲
아는 노래 [양양],我知道的一首歌[扬扬]
양양문화복지회관 공연장,阳阳文化福利中心表演厅
강원특별자치도 양양군 양양읍 일출로 540,江原道襄阳郡襄阳邑日出路540
프린세스 캐치! 티니핑,公主捕捉！小小
많이많이많이요,很多，很多，很多
박혜신 전국투어 콘서트: 각인,朴惠信全国巡回演唱会：印记
우송예술회관,禹松艺术中心
대전광역시 동구 동대전로 171 (자양동),大田广域市东区东大田路171（紫阳洞）
신카이 마코토 하이라이트 필름 콘서트 [서울 중구],新海诚精选电影音乐会 [首尔市中区]
한화생명과 함께하는 예술의전당 11시 콘서트 (6월),首尔艺术中心 11 点音乐会，韩华生命倾情献唱（六月）
"BAC 초이스, 반쪼가리 자작 [부천]",BAC Choice，半成品自制[富川]
부천아트센터 소공연장,富川艺术中心小表演厅
하늘을 나는 피터팬,飞翔的彼得潘
김보람 피아노 독주회,金宝蓝钢琴独奏音乐会
이지연 재즈 오케스트라의 지브리 vs 주술회전 OST 콘서트,李智妍爵士乐团《吉卜力 vs 柔术快线 OST 演唱会》
"온: 콘서트, 앙상블 패치워크의 온: 바로크",主题：音乐会，拼布乐团的《巴洛克》
알라딘과 요술램프 [서울 도봉],阿拉丁神灯 [首尔道峰]
서울 강북구 도봉로76가길 55,首尔市江北区道峰路76街55号
더 드레서 [당진],梳妆台[唐津]
당진문예의전당 대공연장,唐津艺术中心大演出厅
충남 당진시 무수동2길 25-21,忠清南道唐津市武水洞2街25-21
안은유 귀국 피아노 독주회,安恩瑜返乡钢琴独奏音乐会
테디의 비트: 가족 음악오케스트라,泰迪的节拍：家庭音乐乐团
피아니스트 임재한 베토벤 소나타 전곡시리즈 2,钢琴家林在汉的贝多芬奏鸣曲全集 2
피아니스트 백건우 리사이틀 [양산],钢琴家白建宇演奏会 [梁山]
양산문화예술회관 대공연장,梁山文化艺术中心大演出厅
경남 양산시 중앙로 39-1,庆尚南道梁山市中央路39-1
김장훈 전국투어 콘서트: 원맨쇼 [구리],金章勋全国巡回演唱会：个人秀 [Guri]
구리아트홀 코스모스대극장,古里艺术馆宇宙大剧院
경기 구리시 아차산로 453,京畿道九里市峨嵯山路453
한화생명과 함께하는 예술의전당 11시 콘서트 (5월),首尔艺术中心 11 点音乐会，韩华生命倾情献唱（五月）
Concrete Valley: OFF THE MENU,混凝土谷：已下架
"BAC 초이스, 디토 오케스트라 with 신지아",BAC Choice，Ditto Orchestra 与 Shin Jia 合作演出
미녀와 야수 [수원],美女与野兽 [水原]
수원청소년문화센터 온누리아트홀,水原青年文化中心 Onnuri 艺术馆
경기 수원시 팔달구 권광로 293,京畿道水原市八达区光旺路293
"목요상설음악회 아트살롱, 성의 결: 머무는 소리, 뻗어가는 이야기",周四例行音乐会艺术沙龙，“城堡的质感：萦绕的声音，延伸的故事”
"달성 아동극 시리즈, 할머니 엄마 (1회차)",达尔城儿童剧系列，奶奶和妈妈（第一集）
달성문화센터 백년홀,达城文化中心百年纪念馆
대구 달성군 다사읍 대실역북로2길 188,大邱市达城郡多沙邑大西利奥北路2街188号
극아타 (극동아시아타이거즈) 의 극단적인 중개소 Vol.1 (For. 나비야 사랑해),Geukata（远东亚洲老虎）的极限经纪 Vol. 1（致蝴蝶，我爱你）
제11회 경산시립교향악단 정기연주회,庆山市交响乐团第十一届例行音乐会
걸리버스 3,格列佛游记3
우리가 사랑했던 그날,我们挚爱的那一天
상상아트홀,桑桑艺术馆
대전 중구 대종로505번길 28,大田广域市中区大宗路505街28
"안녕, 할배 [영주]",你好，爷爷[Youngju]
영주문화예술회관 까치홀,荣州文化艺术中心卡奇厅
경북 영주시 가흥로 257,庆尚北道荣州市嘉兴路 257
강드보라 바이올린 독주회: 우아하게 빛나는 Ⅱ,康德博拉小提琴演奏会：优雅闪耀II
이영현 콘서트: 나의 노래가 필요한 너에게 - 숨,李英贤演唱会：致需要我歌声的你 - Breath
TAEHO Mini Live Concert: THE FIRST [ X ],TAEHO迷你演唱会：第一场[
바이올리니스트 이준화의 여성 작곡가들의 작품들,小提琴家李俊华演奏的女性作曲家作品
갓 (GAT) [전주],GAT [全州]
한국소리문화의전당 모악당,莫克厅，韩国声音文化中心
전북 전주시 덕진구 소리로 31,全北全州市德津区索里路 31
유미 단독 콘서트: Nostalgia in You Me,Yumi个人演唱会：你我之间的怀旧
윤현선 비올라 독주회: 비올라의 다채로운 초상,尹贤善中提琴独奏音乐会：中提琴的多彩画卷
제200회 원주시립교향악단 정기연주회: EROICA 영웅,第200届原州市交响乐团常规音乐会：英雄EROICA
원주백운아트홀,原州白军美术馆
강원도 원주시 시청로 1 (무실동),江原道原州市始清路1（武实洞）
리틀베가스,小拉斯维加斯
조항조 전국투어 콘서트: 생각 [구리],赵恒祐全国巡回演唱会：感想 [Guri]
"유빈댄스, 더블빌: SENSE DATUM 감각자료 2.0 X 무율경 [전주]",Yubin Dance，双重奏：SENSE DATUM Sensory Data 2.0 X Muyul-gyeong [Intro]
한국소리문화의전당 연지홀,韩国声音文化中心延智厅
The 심수봉 SHOW [구리],沈秀峰秀 [Guri]
"경기필 마스터피스 시리즈 Ⅲ, 시벨리우스 교향곡 2번",京畿爱乐乐团名作系列第三辑，西贝柳斯第二交响曲
더 보컬리스트: 알리 & 정인 [고창],主唱：Ali & Jung In [Gochang]
고창문화의전당 공연장,高敞文化中心表演厅
전북특별자치도 고창군 고창읍 모양성로 11,全北特别自治道高敞郡高敞邑墨阳城路11
심규선 x 안예은 콘서트: 어느 봄날,沈奎善×安艺恩演唱会：春日
프린세스 캐치! 티니핑 [고양],公主捕捉！小小[猫]
고양어울림누리 어울림극장,高阳乙林努里乙林剧场
경기 고양시 덕양구 어울림로 33,京畿道高阳市德阳区乙林路33
대전아트필하모닉오케스트라 기획연주회1: 숨을 고르는 클래식,大田艺术爱乐乐团特别音乐会 1：令人屏息的古典音乐
단막극의 발견 [안산],短剧发现 [安山]
안산문화예술의전당 별무리극장,安山文化艺术中心 星里剧场
김제시 신춘음악회: 송소희 X 두번째달 X 오단해: 모던민요 [김제],金堤市春季音乐会：宋昭熙×二月×吴丹海：现代民歌[金堤]
김제문화예술회관 대공연장,吉姆杰文化艺术中心大表演厅
전북특별자치도 김제시 성산길 20,全北特别自治道金堤市城山路20号
홍도,洪道
예술의전당 CJ 토월극장,首尔艺术中心 CJ Towol 剧场
지브리 & 디즈니 OST 콘서트 with 첼로댁 [서울 중구],吉卜力与迪士尼OST音乐会，大提琴演奏家[首尔中区]
토마스쿡 콘서트: 나의 노래,Thomas Cook音乐会：我的歌
김성녀의 마당놀이: 심청이와 춘향이가 온다 [당진],金圣女的Madangnori：沈清和春香来了[Dangjin]
장르자유화 Vol.1 전시회,无类型艺术第一卷展览
"미디어아트 클래식: 명화, 음악을 만나다 Ⅱ. 에드바르트 뭉크 [서산]",媒体艺术经典：杰作与音乐的邂逅 II. 爱德华·蒙克 [Seosan]
"금호 위너스, 김강태 Piano",锦湖优胜者，金康泰钢琴
인어공주 [인천 서구],小美人鱼 [仁川西九区]
청라복합문화센터 블루노바홀 공연장,青罗综合文化中心蓝新星厅表演厅
인천 서구 청라대로 26,仁川市西区清罗大路26号
"FULL-RISE, 오드 x 쿠라니 x 블낫블",FULL-RISE，Odd x Kurani x BlackNotBlack
스윙홀,摆动孔
서울특별시 마포구 동교로 162-5 (서교동),首尔特别市麻浦区东桥路162-5（西桥洞）
"부산시립교향악단 기획음악회, 실내악 시리즈 Ⅰ: 줌인 Ⅰ",釜山爱乐乐团特别音乐会，室内乐系列 I：聚焦 I
부산문화회관 챔버홀,釜山文化中心商会馆
"롤링 31주년 기념공연, 휘나 첫 단독 콘서트: The Call",滚石31周年纪念演唱会，惠娜首场个人演唱会：《呼唤》
소프라노 김은희 리사이틀,女高音歌唱家金恩熙独唱会
"부에노스 탱고클럽: El Tango, The Red [고양]",布宜诺斯探戈俱乐部：红色探戈 [高阳市]
이앤아이 아트홀,E&I 艺术厅
경기도 고양시 일산서구 중앙로 1568 (대화동),京畿道高阳市一山西区中央路1568（大化洞）
"[공연소개]

부에노스 탱고 클럽 'El TANGO,THE RED'
'붉게 타오르는 탱고, 그 강렬한 밤이 시작됩니다.'

이앤아이아트홀 첫 번째 초청공연
Buenos Tango Club 의 'El Tango, The Red'

2026년 4월 14일(화) 저녁 7시,
이앤아이아트홀에서 탱고의 깊고 강렬한 무대가 펼쳐집니다.

6명의 아티스트들의 손끝에서 피어나는 붉은 열기의 탱고 음악 !!!

이번 공연에서는 아르헨티나 작곡가 **Astor Piazzolla**의 음악을 중심으로,
전통 탱고에 재즈와 클래식의 감성을 더해 탄생한
강렬한 리듬과 깊은 서정성을 지닌 누에보 탱고의 세계를 선보입니다.

붉은 열정과 깊은 울림이 공존하는 탱고의 순간을
이앤아이아트홀에서
Buenos Tango Club의 라이브 연주로 만나보세요.","【演出介绍】

布宜诺斯艾利斯探戈俱乐部“红色探戈”

“炽热的红色探戈，激情之夜即将开启。”

E&I艺术厅首场特邀演出

布宜诺斯艾利斯探戈俱乐部“红色探戈”

2026年4月14日，星期二，晚上7:00

一场深沉而热烈的探戈盛宴将在E&I艺术厅上演。

六位艺术家指尖绽放，激情四溢的红色探戈乐章！

本次演出以阿根廷作曲家阿斯托尔·皮亚佐拉的音乐为中心，

展现新探戈的世界，

新探戈融合了爵士乐和古典音乐的元素，节奏强劲，歌词深沉，是传统探戈的精髓所在。

体验探戈的魅力，感受激情与深沉的共鸣，

在 E&I 艺术厅，

欣赏布宜诺斯艾利斯探戈俱乐部的现场演出。"
"퇴근후N시리즈Ⅰ, 홍대광: 좋은 날",下班后 N 系列 I，洪大光：美好的一天
디어클라우드 전국 투어 콘서트: 4월의 숨,亲爱的云全国巡回演唱会：四月之息
샹송 칸초네 팝송 가요의 대향연: 이미배 콘서트,香颂、坎佐纳、流行乐和韩国歌曲的盛宴：李美培演唱会
GB가빈아트홀,GB Gabin 艺术馆
서울특별시 강남구 삼성로 534 (삼성동),首尔特别市江南区三成路 534 (三成洞)
"영등포아트홀 기획공연, 피터팬",永登浦艺术中心特别演出，《彼得潘》
영등포아트홀,永登浦艺术馆
서울특별시 영등포구 국회대로 596 (당산동3가),首尔特别市永登浦区国会大路596（堂山洞3街）
피터팬 [용인],彼得·潘 [龙仁]
노인의 꿈 [경주],老人的梦 [庆州]
"꼭두, 80일간의 세계일주 [서울 중구]",Kokdu，环游世界八十天 [首尔市中区]
서울남산국악당 크라운해태홀,首尔南山传统音乐厅皇冠海泰厅
서울 중구 퇴계로34길 28,首尔特别市中区退溪路34街28
"부산시립합창단, 꿈을 향해",釜山市合唱团，《走向梦想》
A Breeze of Memory,记忆的微风
이상한 나라의 앨리스: 완다랜드 [칠곡],爱丽丝梦游仙境：旺达乐园 [漆谷]
칠곡군교육문화회관 대공연장,奇尔戈克郡教育文化中心大演出厅
경북 칠곡군 왜관읍 관문로1길 32,庆尚北道漆谷郡倭关邑官门路1街32
시인과 촌장 45주년 전국투어 콘서트: 우리의 이야기는 다시 항해가 됩니다,诗人与村长45周年全国巡回演唱会：我们的故事再次成为一段旅程
목관앙상블과 함께하는 추억의 시네마 콘서트 [성남],木管乐团伴奏的怀旧电影音乐会 [城南]
레이베이 내한공연 [고양],Ray Bay在韩国的演唱会[高阳]
킨텍스 제2전시장 9홀,KINTEX展览中心2号馆，9号展厅
경기 고양시 일산서구 킨텍스로 217,京畿道高阳市一山西区金泰克斯路217
ROSEWOOD Scarlet Syndrome Showcase,玫瑰木 Scarlet Syndrome 展示厅
조항조 전국투어 콘서트: 생각 [경주],赵恒祐全国巡回演唱会：感想 [庆州]
제206회 국립합창단 정기연주회: 어느 봄날의 꿈,第206届全国合唱团例行音乐会：《春日之梦》
하모니 오브 라이트 [완도],光之和谐 [万度]
완도문화예술의전당,万多文化艺术中心
전라남도 완도군 완도읍 개포로159번길 55,全罗南道莞岛郡莞岛邑加浦路159街55
인어공주 [포항],小美人鱼 [浦项]
포항시청 대잠홀,浦项市政府大岩堂
Lover's Concert [서울 (앵콜) ],情人演唱会 [首尔（安可）]
꼬마박사 장영실 [인천 서구],小医生张英实 [仁川西区]
인천서구문화회관 소공연장,仁川西区文化中心小演出厅
인천 서구 서달로 190,仁川市西区西达路190号
백설공주 [포항],白雪公主 [浦项]
"국립극단, 그의 어머니 Mother of Him",国家剧院公司，他的母亲
"제3회 아뜰리에 오브 보이스 정기연주회, Singers of God: 하나님을 찬양하는 사람들",第三届“声音工作室”常规音乐会，“神的歌者：赞美神的人们”
로데아트센터 콘서트홀,罗达艺术中心音乐厅
서울 서초구 남부순환로317길 79,首尔特别市瑞草区南部循环路317街79
박강수 콘서트: 봄이 온단다,朴康洙演唱会：春天来了
꿈꾸는씨어터,梦幻剧场
대구광역시 남구 현충로 148 (대명동),大邱广域市南区显忠路148(大明洞)
오렌지 스카이 [대학로],橙色天空 [Daehak-ro]
"국립합창단, Classic Serenade [속초]",国家合唱团，古典小夜曲 [束草]
속초문화예술회관 대공연장,束草文化艺术中心大演出厅
강원 속초시 번영로 155,江原道束草市法宁路155
관악청년포크협의회 2026년 임시총회,冠岳青年民俗理事会2026年特别大会
매직키즈 버블쇼,神奇儿童泡泡秀
대백프라자 프라임홀,大发广场主厅
웅도 경북 그랜드 콘서트 [안동],云岛庆北大型演唱会【安东】
경북도청 동락관,庆北道厅同乐厅
경상북도 안동시 풍천면 도청대로 455,庆尚北道安东市丰川面道清大路455
"그루브 재즈데이, ZAG Trio 콘서트",Groove Jazz Day，ZAG三重奏音乐会
제23회 그린필심포니오케스트라 정기연주회,格林菲尔德交响乐团第23届常规音乐会
리브 어 라이브 [대학로],活出精彩 [Daehak-ro]
DOHA Birthday Party,多哈生日派对
온맘씨어터,奥纳姆剧院
서울특별시 마포구 어울마당로 94-8 (서교동),首尔特别市麻浦区乙马堂路94-8（西桥洞）
소가 된 게으름뱅이,懒汉变成牛
더: 매직서커스,更多：魔术马戏团
우리 아빠가 최고야 [과천],我爸爸是最棒的 [果川]
과천시민회관 대극장,果川市民中心大剧院
경기도 과천시 통영로 5,京畿道果川市统营路5
D82 1st 전국 투어 콘서트 ACT TWO: 82,D82 首次全国巡回演唱会 第二幕：82
인터플레이,相互作用
대전광역시 서구 대덕대로162번길 11 (갈마동),大田西区大德大路162号街11（葛麻洞）
"현대카드 Curated 104, 김승주",现代信用卡精选104，金承柱
현대카드 언더스테이지 스튜디오,现代信用卡地下工作室
서울 용산구 이태원로 246,首尔特别市龙山区梨泰院路246
"롤링 31주년 기념공연, 헤이맨 단독콘서트: re: start part Ⅰ",滚石31周年纪念演唱会，海曼个人演唱会：re: start part Ⅰ
"숲세권 라이브 왁스 콘서트, 3579: 봄의 문턱, 우리의 프롤로그",森林景观现场蜡像音乐会，3579：春天的门槛，我们的序幕
하나앙상블 창단연주회 [안산],Hana Ensemble 首场音乐会 [安山]
안산문화예술의전당 달맞이극장,安山文化艺术中心达尔马吉剧院
"먼데이프로젝트X숲세권 MONDAY: SOOP, 안희수 단독 콘서트",周一 Project X Forest Zone 周一：SOOP、安熙秀个人演唱会
"롤링 31주년 기념공연, 포져군단 단독콘서트: 해피 댄스",滚动31周年纪念音乐会，Poger Corps独奏音乐会：快乐舞蹈
어린이 서커스 쇼 [해남],儿童马戏表演 [海南]
해남문화예술회관 대공연장,海南文化艺术中心大演出厅
전남 해남군 해남읍 군청길 4,全罗南道海南郡海南邑军清路 4
"롤링 31주년 기념공연, 크라잉넛 단독콘서트: 3,2,1 Bang!","Rolling 31周年纪念演唱会，Crying Nut个人演唱会：3,2,1 Bang！"
"직장인을 위한 퇴근길 콘서트 Ⅳ, 뮤지컬의 밤",上班族通勤音乐会 IV，音乐之夜
쿠키맨 [전주],Cookie Man [全州]
덕진예술회관,德津艺术中心
전라북도 전주시 덕진구 권삼득로 407 (덕진동2가),全罗北道全州市德津区权三德路407（德津洞2街）
어쩌면 해피엔딩,或许会有个圆满的结局
계명아트센터,启明艺术中心
대구광역시 달서구 달구벌대로 1095 - 0 계명대학교,大邱广域市达西区达古法大路 1095-0 启明大学
어린이 서커스 쇼 [목포],儿童马戏表演 [木浦]
M & M 시리즈 Ⅲ: 마르티누 & 이혁·이효,M&M系列III：Martinu & Lee Hyuk & Lee Hyo
로미오와 줄리엣 The Clown [서울 용산],罗密欧与朱丽叶 小丑 [首尔龙山]
더 줌 아트센터,Zoom艺术中心
서울특별시 용산구 독서당로 111 (한남동),首尔特别市龙山区独西堂路111（汉南洞）
지브리와 사랑에 빠지다: 지브리 영화음악 콘서트 [파주],爱上吉卜力：吉卜力电影音乐会 [坡州]
솔가람아트홀 대공연장,索尔加拉姆艺术大厅大表演厅
강원특별자치도 강릉시 동해대로 3288-18,江原道江陵市东海大路3288-18
백설공주 [울산 북구],白雪公主 [蔚山北区]
울산북구문화예술회관 공연장,蔚山北区文化艺术中心表演厅
울산 북구 산업로 1000,蔚山广域市北区山野路 1000
스와니랩소디,斯瓦尼狂想曲
토끼와 자라,兔子和乌龟
신데렐라 [군산],灰姑娘 [群山]
피노키오 [파주],匹诺曹 [Paju]
수호천사 뮤직콘서트,守护天使音乐会
"유진규 마임, 꽃: 사라지며 피어나다",余镇圭哑剧，《花：盛开而消逝》
세이레아트센터,塞雷艺术中心
제주특별자치도 제주시 서광로 182-6 (삼도일동),济州特别自治道济州市西光路182-6号（三道洞）
"먼데이프로젝트X숲세권 MONDAY: SOOP, 스트레이 단독 콘서트",星期一 Project X 森林地带 星期一：SOOP、Stray 独奏音乐会
히사이시 조 영화음악 콘서트 [부천],久石让电影音乐会 [富川]
제13회 오케스트라 사이엔티아 정기연주회,第十三届科学管弦乐团常规音乐会
불편한 편의점 [김천],不方便的便利店 [金泉]
김천시립문화회관,金泉市立文化中心
경상북도 김천시 김천로 200 (남산동),庆尚北道金泉市金泉路200（南山洞）
"숲세권 라이브, 별은 단독 공연: 강아지 풀",森林地带现场演出，明星独奏音乐会：狗尾草
직장인을 위한 퇴근길 콘서트 Ⅱ. 축제의 시작,上班族通勤音乐会 II. 音乐节开幕
"먼데이프로젝트 시즌9, Heart & Friends [서울 (앵콜) ]",Monday Project 第九季，Heart & Friends [首尔（安可）]
어쩌면 해피엔딩 [평택],或许会有个美好的结局 [平泽]
평택아트센터 대공연장,平泽艺术中心大演出厅
경기 평택시 중앙로 260,京畿道平泽市中央路260
M & M 시리즈 Ⅳ. 시벨리우스 & 박수예,M & M 系列 IV。西贝柳斯与朴素业
햇님달님 [김포],日月 [金浦]
"직장인을 위한 퇴근길 콘서트 Ⅰ. 희망, 고난, 승리의 소리",上班族通勤音乐会 I. 希望、苦难与胜利之声
대구광역시 수성구 동대구로 176 (황금동),大邱广域市寿城区东大邱路176（黄金洞）
"POINT : lovelovelove - 숨비, 시황",POINT : lovelovelove - Sumbi，市场趋势
서울돈화문국악당개관 10주년 기념: 산조대전,首尔敦化门国乐馆开幕十周年：盛大三丈演出
서울돈화문국악당,首尔敦化门传统音乐厅
서울특별시 종로구 율곡로 102 - 0,首尔特别市钟路区栗谷路102-0
얼굴과 얼굴 마주;봄 [서울 구로],面对面；春天 [首尔九老区]
구로창의아트홀,九老创意艺术馆
서울특별시 구로구 경인로 416 (고척동),首尔特别市九老区京仁路416（高尺洞）
프린세스 스쿨 [구미],公主学校 [Gumi]
구미시문화예술회관 소공연장,龟尾市文化艺术中心小演出厅
경북 구미시 송정대로 89,庆尚北道龟尾市松亭大路 89
M & M 시리즈 Ⅱ: 구노의 장엄미사,M&M系列II：古诺的《弥撒庄严》
제2회 라온브라스앙상블 정기연주회 with 에릭오비에 again [용인],第二届 Raon 铜管乐团常规音乐会，Eric Ovie 再次登台 [Yongin]
빌라드파넬,维拉尔-帕内尔
스쿨 매직콘서트 [김해],学校魔法音乐会 [金海]
김해문화의전당 누리홀,金海文化中心努里厅
경남 김해시 김해대로 2060,庆尚南道金海市金海大路 2060
"돔박아시, 고이래 [대학로]","Dombakasi, Goirae [Daehak-ro]"
대학로예술극장 소극장,大鹤路艺术剧院小剧场
"오페라 정원, 카발레리아 루스티카나 [성남]",歌剧花园，Cavalleria Rusticana [城南]
브람스의 실내악,勃拉姆斯室内乐
"롤링 31주년 기념공연, DOYOUKA LIVE",滚石31周年纪念演唱会，DOYOUKA LIVE
"Wine & Music Night: Jazz & Tango, 와인과 함께 즐기는 재즈 & 탱고 라이브",葡萄酒与音乐之夜：爵士乐与探戈，现场爵士乐与探戈伴奏
엘림아트센터 챔버홀,伊利姆艺术中心室内乐
인천 서구 크리스탈로 78,仁川市西区水晶路78号
김현정 피아노 독주회: 베토벤 32 전곡 소나타 중 시즌 1 [목포],金贤贞钢琴独奏音乐会：贝多芬全集32首奏鸣曲第一季 [木浦]
"봄을 알리는 콘서트, 이지훈 & 홍지민",春季发布演唱会，李志勋&洪智敏
김새롬 즉흥 피아노 콘서트 VOL.10: Universe of Love,金赛纶即兴钢琴音乐会 第10卷：爱的宇宙
도비비: 또 잠금해제,Dobibi：再次解锁
"DJ Soulscape Curated 28, eldon",DJ Soulscape Curated 28，eldon
"국립심포니오케스트라, 피터와 늑대 & 어미 거위 [여수]",国立交响乐团，《彼得与狼》和《鹅妈妈童谣》（丽水）
GS칼텍스 예울마루 대극장,GS Caltex Yeulmaru Grand Theater
전남 여수시 예울마루로 100,全罗南道丽水市汝丸路 100
김창완밴드 전국투어 시즌4: 하루 [김해],金昌完乐队全国巡回演唱会第四季：一天 [金海]
김해문화의전당 마루홀,金海文化艺术中心丸堂
반짝반짝 빛나는 마술사의 방 [광명],闪耀魔术师的房间 [光明]
광명문화예술교육지원센터 광명극장,光明文化艺术教育支援中心 光明剧院
경기도 광명시 철망산로 2(하안동),京畿道光明市铁芒山路2（下安洞）
"직장인을 위한 퇴근길 콘서트 Ⅲ, 심포니 릴레이",通勤音乐会 III（面向上班族），交响乐接力
강희윤 첼로 독주회: Hola! Espana,姜熙允大提琴独奏音乐会：你好！西班牙
바이올리니스트 오진주 리사이틀,小提琴家吴真珠独奏音乐会
오즈 사이언스 (OZ Science),OZ科学
"HWA: HAP (화합) , HYO SHOWCASE: MOVEURBODY (춤춰)",HWA: HAP（和声），HYO SHOWCASE: MOVEURBODY（舞蹈）
에스팩토리 D동,S-工厂D栋
서울 성동구 연무장15길 11,首尔市城东区延武庄15街11号
꼬마박사 장영실 [남양주],小医生张英实 [南阳州]
다산아트홀,大山艺术馆
경기도 남양주시 다산중앙로 7 (다산동),京畿道南杨州市茶山中央路7（茶山洞）
"신축음악회, 명작국악트롯: 화음춘연 [영천]",新楼演唱会，国乐Trot杰作：花音春延 [永川]
영천시민회관 스타홀,永川市民中心星光大厅
경북 영천시 동부로 31,庆尚北道永川市东部路31
"롤링 31주년 기념공연, 산만한시선 단독 콘서트: 개의 심장",Rolling 31周年纪念演唱会，Distracted Gaze个人演唱会：《狗的心》
"사랑의 가능성, 2%",恋爱的可能性，2%
스페이스한강,太空航海家
서울특별시 마포구 와우산로 128(창전동),首尔特别市麻浦区五山路128（昌田洞）
"문별 CONCERT, MUSEUM: village of eternal glow",Moonbyul演唱会，博物馆：永恒之光之村
사랑을 이루어 드립니다,我们会让你的爱情成真。
가온아트홀 2관,高恩艺术馆2号厅
초승 EP 발매 기념 단독 콘서트: 쓸모의 자리,新月EP发行纪念独奏音乐会：有用之地
웨스트브릿지 라이브홀,西桥现场音乐厅
서울특별시 마포구 와우산로25길 6 (서교동),首尔特别市麻浦区五山路25街6（西桥洞）
알라딘,阿拉丁
"On Screen Concert, 할리우드 갈라 콘서트 [부산] (영상화)",银幕演唱会，好莱坞盛大演唱会【釜山】（视频录像）
해운대문화회관 고운홀,海云台文化中心群馆
오싹한 알바,令人毛骨悚然的兼职工作
초콜릿팩토리,巧克力工厂
부산광역시 남구 수영로 298 (대연동),釜山广域市南区水营路298(大渊洞)
어쩌면 해피엔딩 [창원],或许会有个圆满的结局 [昌原]
제200회 창원시립합창단 정기연주회: 모차르트 탄생 270주년 기념 오페라 갈라콘서트 [창원],昌原市合唱团第200届例行音乐会：纪念莫扎特诞辰270周年歌剧盛典音乐会 [昌原]
나의 아저씨 [수원],我的先生 [水原]
모든 날 모든 순간 [수원],每一天，每一刻 [水原]
제6회 울림 색소폰 앙상블 정기연주회,第六届伍林萨克斯管乐团例行音乐会
최현우 19+Ⅰ [용인],崔贤宇 19+Ⅰ [龙仁]
M&M 시리즈 Ⅰ: 프로코피예프 & 최송하,M&M系列I：普罗科菲耶夫与崔松河
"KNN방송교향악단 창단 10주년 기념 한국가곡 대축제, 김효근 K-아트팝 가곡의 밤: 가장 아름다운 노래",KNN广播交响乐团十周年韩国艺术歌曲节，金孝根K-Art流行艺术歌曲之夜：最美的歌曲
바다 속 버블왕국 아쿠아쇼,水下泡泡王国水族秀
INDIE’D: HERE AND NOW Vol.1,独立音乐：此时此地 第一卷
듈스튜디오,沉闷工作室
서울특별시 마포구 잔다리로 20 (서교동),首尔特别市麻浦区简达里路20（西桥洞）
"를 빌려드립니다: 정민혁, 찬민",我们借给你：郑敏赫、灿敏
"롤링 31주년 기념공연, ChRocktikal The 1st World Tour: CRTK : The Beginning",摇滚乐31周年纪念演唱会，ChRocktikal 1st World Tour：CRTK：The Beginning
복순이 할배,爷爷博松
"프랑스 스트라스부르 국립극장, 라크리마 [성남]",Lacrima，斯特拉斯堡国家剧院，法国 [城南]
성남아트센터 오페라하우스,城南艺术中心歌剧院
"멜로우TV: Run it up, 팀 나빠 [전주]",Mellow TV：加油，Nappa 团队 [介绍]
"국립정동극장 예술단, 광대",国立贞洞剧场表演艺术团，小丑
국립정동극장,国立正东剧场
클라라 주미 강 & 김선욱 듀오 리사이틀 (05.23),Clara Jumi Kang 和 Sunwook Kim Duo 演奏会（5 月 23 日）
서편제,西平
처어어어어엇걸음,砰的一声
공간 서론,太空概论
서울특별시 성북구 동소문로 24 (동소문동2가),首尔市城北区东小门路24（东小门洞2街）
어린이 서커스 쇼 [양주],儿童马戏表演 [杨州]
경기섬유종합지원센터 대강당,京畿道纺织支援中心礼堂
경기 양주시 평화로 1215,京畿道杨州市和平路1215
피터팬,彼得潘
아트버블쇼 [전주],艺术泡泡秀[全州]
지브리 & 디즈니 OST 콘서트 with 첼로댁 [성남],吉卜力与迪士尼OST音乐会，大提琴演奏家[城南]
KT와 함께하는 예술의전당 마음을 담은 클래식 (3월),首尔艺术中心携手KT带来“心动经典”（三月）
정의경 피아노 독주회,郑义京钢琴独奏音乐会
해리엇,哈丽特
"그루브 재즈데이, 밴드 느와르",Groove Jazz Day，Band Noir
아리아라리 [정선],Ariarari [Jeongseon]
정선아리랑센터 아리랑홀,旌善阿里郎中心阿里郎厅
강원특별자치도 정선군 정선읍 정선로 411,江原道旌善郡旌善邑旌善路411号
"이자람 판소리: 눈, 눈, 눈 [성남]",李子蓝板索里：雪，雪，雪 [城南]
분홍립스틱 [여주],粉色唇膏 [女主角]
세종국악당,世宗国乐堂
경기도 여주시 영릉로 125 (하동),京畿道骊州市永陵路125（河东）
윤마치를 축하하세요,恭喜云马奇
도원경 콘서트: 나의 꿈을 향해서,道元京演唱会：走向我的梦想
할래?! 말래,你想去吗？还是不想？
정글북 [수원],丛林之书 [水原]
경기도 수원시 장안구 송원로 101 (조원동),京畿道水原市长安区松原路101（曹原洞）
The 심수봉 SHOW [부천],沈秀峰秀 [富川]
"변진섭 전국투어 콘서트, 변천사 시즌 2.5: 시간여행 [구미]",卞真燮全国巡回演唱会，卞天社第二季.5：穿越时空 [Gumi]
구미시문화예술회관 대공연장,龟尾市文化艺术中心大演出厅
아이들콘서트: 클래식 with 디토 오케스트라,儿童音乐会：迪托乐团演奏的古典音乐
종로아이들극장,钟路儿童剧院
서울특별시 종로구 성균관로 91 - 0 국민생활관,首尔特别市钟路区成均馆路91-0 国立生活中心
꼬마버스 타요: 소원을 들어주는 요술 지팡이 대소동 [창원],小巴士泰路：许愿魔杖的奇妙冒险 [昌原]
헬로카봇 스페셜 시즌 9: 전설의 용사를 찾아서 [인천 서구],Hello Carbot 特别篇 第9季：寻找传说中的英雄 [仁川西九]
인천서구문화회관 대공연장,仁川西区文化中心大演出厅
십번기 [수원],十局比赛 [水原]
정조테마공연장,正祖主题表演厅
아기돼지 삼형제 [인천 서구],三只小猪 [仁川西区]
더 펜,笔
"현대음악앙상블 위로 X 미디어아티스트 윤제호, 빛의 음악: la musique de la lumiere",当代音乐合奏团 Wiro X 媒体艺术家尹济浩，《光之音乐：la musique de la lumiere》
하남문화재단 문화가 있는 날 #2 피아니스트 조재혁: 모차르트와 친구들 [하남],韩南文化基金会文化日#2 钢琴家赵在赫：莫扎特和他的朋友们 [韩南]
하남문화예술회관 검단홀(대극장),哈南文化艺术中心 景丹厅（大剧院）
경기 하남시 신평로 125,京畿道河南市新平路125
뽀로로와 신비한 여행 [서울 (앵콜) ],波鲁鲁与神秘之旅 [首尔（安可）]
"국립극단, 태풍 [성남]",国立剧团，台风[城南]
미스트롯4 전국투어 콘서트: 트롯으로 세상을 홀려라 [고양],Miss Trot 4 全国巡回演唱会：用 Trot 征服世界 [高阳]
고양아람누리 아람극장,高阳阿拉姆努里阿拉姆剧院
TAKANE NO NADESHIKO Live Tour: Bouquet of 9 Flowers,高岭抚子巡回演唱会：九朵花
"베베핀, 두근두근 새친구",贝贝平，令人心动的新朋友
"문래재즈IN, 연중스페셜: 임미정 & 박윤우 Duo concert",Mullae Jazz IN 年度特别节目：林美贞 & 朴允宇二重奏音乐会
문래재즈IN,Mullae Jazz IN
서울특별시 영등포구 도림로 475 (문래동4가),首尔特别市永登浦区道林路475（文来洞4街）
프린세스 공주뮤지컬쇼 [수원],公主音乐剧 [水原]
쎄시봉: The Last Concert,C'est Si Bon：最后一场音乐会
충남대학교 정심화국제문화회관 정심화홀,忠南国立大学正心化国际文化中心正心化厅
대전 유성구 대학로 99,大田广域市儒城区大学路99
eill 내한공연 (eill ACTION ASIA TOUR),eill韩国演唱会(eill ACTION ASIA TOUR)
로맨틱 나이트,浪漫之夜
싯다르타,悉达多
토마스 스트로넨 내한공연,托马斯·斯特罗宁韩国演唱会
아기돼지삼형제: 늑대숲 또옹돼지 원정대 [광명],三只小猪：狼森林便便猪探险记 [光明]
어린이 서커스 쇼 [양산],儿童马戏表演 [梁山]
웅상문화체육센터 공연장,雄桑文化体育中心表演厅
경남 양산시 모래들길 57-57,庆尚南道梁山市莫拉德路 57-57
"이자람 판소리: 눈, 눈, 눈 [고양]",李子蓝盘索里：雪，雪，雪 [高阳市]
이혼고백서,离婚自白
여행자극장,旅行者剧院
서울특별시 성북구 성북로5길 9-3 (성북동1가),首尔市城北区城北路5街9-3号（城北洞1街）
꼬마버스 타요: 소원을 들어주는 요술 지팡이 대소동 [서울 강동],小巴士泰路：许愿魔杖的奇妙冒险 [首尔江东区]
"Rode Joint Recital #9, Pf 전기백 & Vc 김태희",Rode联合演奏会#9，演奏家全基白 & 副指挥金泰熙
"이소영 크리틱뮤지킹 5. 작곡가 초청시리즈, 이신우: 성스러운 봄",李素英评论家音乐评论 5. 作曲家邀请系列，李信宇：《神圣之春》
제86회 제주특별자치도립 서귀포합창단 정기연주회: 그대 앞에 봄이 있다,第86届济州特别自治道西归浦合唱团例行音乐会：春天就在你身边
"6인 음악회: 가사, 가지 않는 길을 찾아서",六人演唱会：歌词，寻找未选择的路
나 그대에게 [사천],我（Sacheon）给你
사천문화예술회관 대공연장,泗川文化艺术中心大演出厅
경남 사천시 삼천포대교로 471,庆尚南道泗川市三川浦大桥路471号
인어공주 [목포],小美人鱼 [木浦]
세상에서 가장 신기한 마술,世界上最神奇的魔法
하땅세극장,哈唐斯剧院
서울특별시 성북구 성북로 5-7(성북동1가),首尔市城北区城北路5-7号（城北洞1街）
알라딘과 요술램프 [목포],阿拉丁神灯 [木浦]
99%천재일기 (99퍼센트 천재일기),99%天才日记（99%天才日记）
앙상블 헤어츠와 함께하는 동화 쏙! 클래식 - 피노키오 (3월),充满童话色彩的经典作品，赫兹乐团倾情演绎——《木偶奇遇记》（三月）
괴담낭독클럽,鬼故事读书俱乐部
나온씨어터,纳翁剧院
서울특별시 종로구 혜화로9길 7 (명륜1가),首尔市钟路区惠化路9街7(明伦1街)
아기돼지 삼형제 [안산 단원],三只小猪 [安山檀园]
난쟁이들 [군포],矮人 [Gunpo]
군포문화예술회관 철쭉홀,军浦文化艺术中心杜鹃花厅
"안애순 컴퍼니, 춤이 말하다: 문소리 x 리아킴 [고양]",安爱顺舞蹈团，《舞蹈之声》：文素利 x Lia Kim [高阳]
난타 [당진],乱打[唐津]
천방지축 빼꼼의 동화여행 [부천],Ppaekkom 淘气童话之旅 [富川]
백건우와 슈베르트 [안성],白健宇和舒伯特 [安城]
난쟁이들 [제천],矮人 [Jecheon]
제천예술의전당 대공연장,堤川艺术中心大演出厅
충북 제천시 내토로 204,忠北堤川市内斗路 204
지브리를 품은 클래식: 초록이 아름다운 오후,拥抱吉卜力经典：美丽的绿色午后
조희창의 토요 클래식 살롱 Ⅱ. 봄날의 스윙 [경주],赵熙昌的周六经典沙龙 II. 春之摇摆 [庆州]
경주예술의전당 소공연장(원화홀),庆州艺术中心小表演厅（圆和厅）
"광주시립교향악단, GSO 체임버 시리즈Ⅰ: From Vienna to Bohemia",光州市交响乐团，GSO室内乐系列I：从维也纳到波西米亚
반짝반짝 빛나는 마술사의 방 [하남],闪耀魔术师的房间 [Hanam]
하남문화예술회관 아랑홀(소극장),哈南文化艺术中心阿朗厅（小剧场）
등등곡 [고양],登登高 [高阳]
"불꽃처럼 뜨거웠던 청춘의 기억을 깨우는 단 하나의 무대, 콘서트누리 홍서범 [김해]",唯一能唤醒如火般炽热青春记忆的舞台，Nuri Hong Seo-beom 演唱会 [金海]
"저녁의음악회, 고귀한 음색으로 완성되는 성악의 정수 테너 김세일의 시인의 사랑 [김해]",晚间音乐会，以高贵音色完成的声乐精髓：男高音金世日《诗人之爱》[金海]
"저녁의음악회, 바이올리니스트 김재영 X 콜레기움 무지쿰 서울: 바흐 [김해] (4월)",晚间音乐会，小提琴家金载英 X 首尔音乐学院：巴赫 [金海]（四月）
불편한 편의점 [김해],不方便的便利店 [金海]
이상웅 단독콘서트: 입춘대길,李相雄个人演唱会：立春大吉
용인어린이상상의숲 월간톡톡 공연놀이터: 늑대야 친구하자 [용인],龙仁儿童想象森林月度TokTok表演游乐场：狼，我们做朋友吧【龙仁】
"ACI 키즈 콘서트, 클랩 그림책 콘서트 Ⅴ. 겨울이 지나고 남는 것은?",ACI儿童音乐会，拍手绘本音乐会 V. 冬天过后还剩下什么？
"ACI 키즈 콘서트: 클랩 그림책 콘서트 Ⅱ. 호랑이와 한 판, 어때?",ACI儿童音乐会：拍手绘本音乐会II. 与老虎决一死战怎么样？
노한솔 피아노 리사이틀: H moll Sonata - A Personal Key,卢汉松钢琴独奏会：H小调奏鸣曲——个人调
"영화의전당 BCC 시네라이브, 11시 영화음악콘서트: 합창으로 듣는 영화음악 [부산] (11월)",釜山电影中心 BCC CineLive，上午 11 点电影音乐会：合唱团演唱电影音乐 [釜山]（11 月）
현역가왕3 전국투어 콘서트,歌王3全国巡回演唱会
부산광역시 수영구 수영로 429 (남천동 63) KBS부산방송총국,釜山广域市水营区水营路429 KBS釜山放送站（南川洞63）
소프라노 서유미 독창회,女高音歌唱家徐裕美独唱音乐会
"영화의전당 BCC 시네라이브, 11시 영화음악콘서트: 한국을 대표하는 영화음악작곡가 이명로 [부산] (10월)",釜山电影中心 BCC CineLive，上午 11 点电影音乐会：韩国电影音乐代表人物李明路 [釜山]（十月）
"영화의전당 BCC 시네라이브, 11시 영화음악콘서트: 컨템포러리 필름뮤직 [부산] (9월)",釜山电影中心 BCC CineLive，上午 11 点电影音乐会：当代电影音乐 [釜山]（9 月）
"어린이 도담도담누리 시리즈, 어디로 가야 하지? [김해]",儿童 Dodam Dodam Nuri 系列，我该去哪里？[金海]
"영화의전당 BCC 시네라이브, 11시 영화음악콘서트: 재즈를 담은 영화음악 [부산] (8월)",釜山电影中心 BCC CineLive，上午 11 点电影音乐会：电影音乐与爵士乐 [釜山]（八月）
"저녁의음악회, 마스터즈 온 첼로 [김해] (12월)",晚间音乐会，大提琴大师班 [金海]（12月）
"저녁의음악회, 박지윤 바이올린 리사이틀 [김해] (10월)",晚间音乐会，朴智允小提琴独奏音乐会 [金海]（10月）
"영화의전당 BCC 시네라이브, 11시 영화음악콘서트: 사카모토 류이치의 인생은 짧고, 예술은 길다 [부산] (7월)",釜山电影中心 BCC CineLive，上午 11 点电影音乐会：坂本龙一的《生命短暂，艺术永恒》[釜山]（7 月）
오지게 재밌는 가시나들 [김해],超级搞笑的女孩们 [Gimhae]
"영화의전당 BCC 시네라이브, 11시 영화음악콘서트: Film In France [부산] (5월)",釜山电影中心 BCC CineLive，上午 11 点电影音乐会：法国电影 [釜山]（五月）
"영화의전당 BCC 시네라이브, 11시 영화음악콘서트: 국악으로 들려주는 지브리 영화음악 OST [부산] (4월)",釜山电影中心 BCC CineLive，上午 11 点电影音乐会：吉卜力工作室原声带与韩国传统音乐的融合演奏 [釜山]（4 月）
"영화의전당 BCC 시네라이브, 11시 영화음악콘서트: 영화로 만나는 아일랜드 이야기 [부산] (3월)",釜山电影中心 BCC CineLive，上午 11 点电影音乐会：爱尔兰电影故事 [釜山]（3 月）
"ACI 키즈 콘서트, 클랩 그림책 콘서트 Ⅳ. 정말 으스스할까?",ACI 儿童音乐会，拍手绘本音乐会 IV. 真的那么恐怖吗？
"ACI 키즈 콘서트, 클랩 그림책 콘서트 Ⅰ. 가족과 함께 떠나볼까?",ACI 儿童音乐会，拍手绘本音乐会 I. 我们和家人一起去旅行吧？
"서초문화재단 & 서초교향악단 공동기획, 모차르트 피아노 협주곡 전곡 시리즈 4",由瑞草文化财团与瑞草交响乐团联合策划，《莫扎特钢琴协奏曲全集》第四辑
어버이날 기념 주현미 孝 콘서트 [거제],朱贤美孝道演唱会（纪念父母节）[巨济]
거제문화예술회관 대극장,巨济文化艺术中心大剧院
경남 거제시 장승로 145,庆尚南道巨济市长承路 145
어린이날 맞이 디즈니 & 지브리 & 블록버스터 FESTA,迪士尼、吉卜力工作室和百视达联合举办儿童节庆祝活动
"제84회 을숙도 예술공감, 문학속에 흐르는 클래식 시리즈 2. 마지막 칸타타",第84届乙淑岛艺术共情，文学经典流淌系列之二：最后的康塔塔
을숙도문화회관 소공연장,乙肃岛文化中心小表演厅
"목요상설음악회 아트살롱, Dear Mr. Mozart: 친애하는 모차르트씨",周四例行音乐会艺术沙龙，致莫扎特先生：致莫扎特先生
현역가왕3 전국투어 콘서트 [원주],歌王3全国巡回演唱会[原州]
댄싱공연장,舞蹈表演厅
강원도 원주시 단구로 170 (명륜동),江原道原州市檀九路170（明连洞）
교보 노블리에 포유콘서트: 상상이 음악이 되는 순간,Kyobo Noblier For You 演唱会：想象化为音乐的瞬间
Game Changer Vol.2,游戏规则改变者 Vol.2
일러스타스테이지,插画舞台
서울특별시 서대문구 연세로 13 (창천동),首尔特别市西大门区延世路13（昌川洞）
매직키즈 서커스쇼 [인천 남동],魔术儿童马戏表演 [仁川南洞]
"커피콘서트 Ⅱ. 앰비규어스댄스컴퍼니, 바디콘서트",咖啡音乐会 II。暧昧舞蹈团，身体音乐会
SHIN SEUNG HUN LIMITED EDITION,申承勋限量版
최현우 19+Ⅰ [의정부],崔贤宇 19+Ⅰ [议政府]
의정부예술의전당 대극장,议政府艺术中心大剧场
경기도 의정부시 의정로 1,京畿道议政府市议政府路1
론 브랜튼 솔로 피아노 콘서트: 피아노로 쓰는 시,罗恩·布兰顿独奏钢琴音乐会：钢琴上的诗歌
백제대향로관 개관 공연 시리즈 Ⅳ. 사랑해 엄마 [부여],百济大香炉殿开幕演出系列 IV. 我爱你，妈妈 [扶汝]
국립부여박물관 사비마루,国立扶余博物馆佐比丸
충남 부여군 부여읍 금성로 5,忠清南道扶余郡扶余邑金城路 5
프린세스 캐치! 티니핑 [용인],公主捕捉！少女 [Yongin]
"추억의 낭만 콘서트: 그 시절, 플레이리스트 [울주]",怀旧浪漫演唱会：那些日子，歌单 [Ulju]
에그박사: 해적 보물섬의 비밀 [서울 (앵콜) ],蛋博士：海盗宝藏岛的秘密 [首尔（安可）]
올림픽공원 우리금융아트홀(역도경기장),奥林匹克公园友利金融艺术馆（举重体育场）
조항조 전국투어 콘서트: 생각 [이천],赵恒祐全国巡回演唱会：感想 [利川]
이천아트홀 대공연장,利川艺术大厅大演出厅
경기 이천시 부악로 40,京畿道利川市北岳路40
제195회 코리안챔버오케스트라 정기연주회: 소피아 구바이둘리나 메모리얼 콘서트,第195届韩国室内乐团常规音乐会：索菲亚·古拜杜丽娜纪念音乐会
꼬마박사 장영실 [대학로],小医生张英实 [大学路]
커다란 방귀,大屁
무지개 물고기 [김포],彩虹鱼 [金浦]
제53회 한국리스트협회 정기연주회,韩国李斯特协会第53届常设音乐会
응답하라 군포 1980's: 우리가 청춘이었던 그 봄 [군포],回复 1980年代：我们青春的春天 [军坡]
양준일 CAKE 콘서트: Life is sweet with you,杨俊一 CAKE 演唱会：有你在，生活很甜蜜
피아니스트 남희정의 슈베르트 소나타 리사이틀,钢琴家南熙贞的舒伯特奏鸣曲独奏音乐会
폼파돌스 (PompadollS) 라이브 [서울 (앵콜) ],PompadollS 现场演出 [首尔（安可）]
봄맞이 3디바 콘서트 [삼척],春季3Diva演唱会[三陟]
삼척문화예술회관 대공연장,三陟文化艺术中心大演出厅
강원 삼척시 엑스포로 45,江原道三陟市世博路45
브라보 마이 라이프 [전주],Bravo My Life [全州]
한해랑아트홀,韩海郎艺术馆
전라북도 전주시 완산구 홍산중앙로 13 (효자동2가),全罗北道全州市完山区红山中央路13(孝子洞2街)
뉴욕의 영혼을 연주하다,演奏纽约之魂
"안산시립합창단 특별기획공연, 안산시립합창단 아카펠라 콘서트: 다! [안산]",安山市合唱团特别演出、安山市合唱团阿卡贝拉音乐会：Da！ [安山]
오즈의 마법사 [수원],绿野仙踪 [水原]
숀 LAST PAGE Band Set 서울 단독 공연,Shawn 的 LAST PAGE 乐队将在首尔举办个人演唱会
신바람 삼대,辛巴拉姆三代
BNK부산은행 조은극장 1관,BNK釜山银行乔恩剧场1号厅
틀려도 괜찮아 [서울 마포],犯错没关系 [麻浦，首尔]
하남문화재단 문화가 있는 날 #1 오정희 국악 앙상블: 전통과 현대를 넘나드는 새로운 무대 [하남],韩南文化基金会文化日 #1 吴正熙韩国传统音乐合奏团：跨越传统与现代的新舞台 [韩南]
김유빈 & 디토오케스트라: 디어 아마데우스 [화성],Kim Yubin & Ditto Orchestra：亲爱的艾玛迪斯 [华城]
화성아트홀,华城艺术馆
경기도 화성시 태안로 145 (병점동),京畿道华城市泰安路145（屏店洞）
pH-1 Concert: HOUSE PARTY,pH-1 演唱会：家庭派对
제22회 서울YMCA 고양국제여성합창단 정기연주회,第22届首尔基督教青年会高阳国际女子合唱团例行音乐会
"부산발레시즌, Dear. Ballerina (디어 발레리나)",亲爱的，釜山芭蕾舞季即将到来。芭蕾舞演员
오리지널 과학마술콘서트 시즌2 [포항],原创科学魔术音乐会第二季【浦项】
marasy Piano Live Asia Tour 연주회,玛拉西钢琴亚洲巡回演唱会
광림아트센터 장천홀,光林艺术中心长川厅
서울 강남구 압구정로22길 21,首尔特别市江南区狎鸥亭路22街21
"살롱클래식, 이은선 & 리즈 문: 포레의 봄",Salon Classic，李恩善和Liz Moon：森林之春
"문화의날 렉처콘서트, 바이올리니스트 탁보늬 [화성]",文化日讲座音乐会，小提琴家卓宝男 [华城]
반석아트홀,盘石艺术馆
경기도 화성시 노작로 134 (반송동),京畿道华城市绿雀路134（盘松洞）
이솔로몬 콘서트: 만발하던 파란 봄,所罗门音乐会：盛放的蓝色春天
노인의 꿈 [화성],老人的梦 [华城]
제219회 성남시립교향악단 정기연주회 [성남],第219届城南市交响乐团例行音乐会 [城南]
"라율아트홀 살롱클래식, L’Aube Quartet (로브 콰르텟) Recital",莱尤尔艺术厅沙龙经典音乐会，黎明四重奏独奏音乐会
구름아 가지마 [김포],别走，云 [金浦]
YEOONE CONCERT: ALL IN YEOONE,YEOONE演唱会：ALL IN YEOONE
GB성암아트홀,GB城岩艺术馆
서울특별시 강남구 선릉로111길 6 (논현동),首尔市江南区雪陵路111街6号（论岘洞）
"제2회 조아클래스 정기연주회: 봄, Voice Palette: 목소리로 그리는 색채",第二届Joa班级常规音乐会：春天，声音调色板：用声音描绘的色彩
한국페스티발앙상블 40주년: 세상에서 가장 편한 음악 [여수],韩国节日乐团成立40周年：世界上最舒适的音乐 [丽水]
제4회 앙상블 아띠엠 정기연주회 [성남],第四届合奏团常规音乐会 [城南]
제48회 허재영 튜바 독주회,第48届许在荣大号独奏音乐会
아기돼지 삼형제 [양주],三只小猪 [杨菊]
신데렐라 [서울 양천],灰姑娘 [阳川，首尔]
제87회 서울오라토리오 정기연주회: 영혼을 울리는 음악회,第87届首尔清唱剧团常规音乐会：一场触动灵魂的音乐会
"숲세권 라이브, 안녕바다 단독 공연: Cosmos",Forest Zone Live，Annyeongbada 个人演唱会：Cosmos
신데렐라 [김포],灰姑娘 [金浦]
꿈의 아리아 Aria of Dream [화성],梦之咏叹调 [火星]
백묵원 [대학로],Chakmukwon [Daehak-ro]
겨울왕국: 겨울이야기 [의정부],冰雪奇缘：冬日故事 [议政府]
신한대학교 벧엘관 대강당,新韩大学伯特利礼堂
경기 의정부시 호암로 95,京畿道议政府市湖岩路95
꼬마박사 장영실 [군산],小医生张英实 [群山]
군산어린이공연장,群山儿童表演厅
전라북도 군산시 대학로 330 (나운동),全罗北道群山市大学路330(罗云洞)
걸프렌드,女朋友
오! 캐롤,哦！卡罗尔
팡팡매직쇼 [양주],庞庞魔术秀[杨州]
나의 보통의 하루,我的平凡一天
NEW 망원동 브라더스 [충북 영동],NEW Mangwon-dong Brothers [忠清北道永洞县]
영동복합문화예술회관,永东综合体文化艺术中心
"엄마까투리: 유치원도, 도시도 처음이야 [익산]",卡图里妈妈：这是我第一次上幼儿园，也是我第一次来到城市[益山]
솜리문화예술회관 중공연장,索姆里文化艺术中心中型表演厅
전북특별자치도 익산시 선화1로 106,全罗北特别自治道益山市仙花1路106号
제139회 목포시립교향악단 정기연주회 [목포],第139届木浦市交响乐团例行音乐会 [木浦]
목포시민문화체육센터 대공연장,木浦市民文化体育中心大演出厅
"플라멩코랩 정기공연 (FlamencoLab) , Recuerdo: 어느 날의 기억",弗拉门戈实验室常规演出（FlamencoLab），《回忆：一天的记忆》
아르떼 스튜디오,Arte Studio
"문래재즈IN 기획 재즈콘서트, 연중스페셜: 임미정 & 박윤우 듀오 콘서트",Mullae Jazz IN 计划举办的爵士音乐会，全年特别节目：林美贞 & 朴允宇二重奏音乐会
"11시 브런치 콘서트, 다뉴브의 추억",上午 11 点早午餐音乐会，《多瑙河的回忆》
금정문화회관 소공연장(은빛샘홀),金井文化中心小表演厅（恩比特森厅）
충남 천안시 서북구 불당5길 25,忠清南道天安市西北区佛堂5街25
어린이 마술쇼 [부천],儿童魔术表演 [富川]
오정아트홀,五井艺术馆
경기도 부천시 성오로 172 (오정동),京畿道富川市善古路172（梧井洞）
"한밤의 공연 산책 Ⅳ, 포스트맨+서커스클래식",午夜表演漫步 IV，邮差 + 马戏经典
"한밤의 공연 산책 Ⅲ, 낭만유랑극단",午夜演出漫步 III，浪漫巡回剧团
할머니의 여름휴가 [김해],奶奶的暑假 [金海]
김해서부문화센터 하늬홀,金海西部文化中心韩艺厅
경남 김해시 율하2로 210,庆尚南道金海市栗花2路210
황문희 피아노 독주회,黄文熙钢琴独奏音乐会
남창전집,南昌全集
제302회 수원시립교향악단 정기연주회 [수원],水原市交响乐团第302届例行音乐会 [水原]
"리케이댄스, 샤마 [대학로]",Rikey Dance，Shama [Daehak-ro]
우리가 사랑한 한국영화 OST 콘서트 [부천],我们喜爱的韩国电影OST演唱会[富川]
"온: 콘서트, 염신혜 이철훈 Duo: 봄소풍","On: Concert, Yeom Shin-hye & Lee Chulhoon Duo: Spring Picnic"
"꾸러기음악회, 음악동물원",儿童音乐会，音乐动物园
신데렐라 [목포],灰姑娘 [木浦]
페퍼톤스 어쿠스틱 라이브: 안락,Peppertones Acoustic Live：舒适
이화여자대학교 영산극장,梨花女子大学荣山剧院
"국립무용단, 몽유도원무",国家舞蹈团，梦幻舞蹈
"하슬라 in 서울, 추일서정 (秋日抒情) : 김광균",哈斯拉在首尔，秋天的情感：金光均
뮤지컬 배우 이승현 콘서트: SHank you for the music,音乐剧演员李承铉演唱会：感谢音乐
스크루테이프의 편지 [대학로],《螺丝钉来信》[Daehak-ro]
미르하이의 찢어진 동화책 [군포],米尔海的残破童话书[军坡]
꼬리별,尾星
인어공주 [안산],小美人鱼 [安山]
안산올림픽기념관 대공연장,安山奥林匹克纪念馆大演出厅
경기도 안산시 단원구 적금로 202,京畿道安山市檀园区赤金路202
안녕하신가영 단독콘서트: 마음으로 스탠딩,安宁河歌谣 Solo Concert: Standing with the Heart
아기돼지 삼형제 [충주],三只小猪 [忠州]
호암예술관,湖岩艺术中心
충청북도 충주시 중원대로 3306 (호암동),忠清北道忠州市中院大路3306（湖岩洞）
"창작산실, 모므로살롱: 성인물",创意中心，Momoro 沙龙：成人内容
아쿠아쇼: 바닷 속 버블왕국,水下表演：泡泡王国
미녀와 야수 [안산],美女与野兽 [安山]
리턴 [대학로],返回 [Daehak-ro]
시윤아트홀 (B1),始允艺术馆（B1）
로보카폴리 오케스트라: 브룸스타운의 악기 구조대! [서울 강남],变形警车波利乐团：布鲁姆斯镇乐器救援队！[首尔江南]
예림당아트홀,耶林当艺术馆
서울특별시 강남구 언주로 337 (역삼동),首尔市江南区彦州路337号（益三洞）
전설의 황금미역 [부산 동래],传奇黄金海藻 [釜山东莱]
라푼젤 [과천],长发公主 [果川]
국립과천과학관 어울림홀,国立果川科学博物馆乙林厅
경기 과천시 상하벌로 110,京畿道果川市上河伐路110
뚱뚱한 로미오를 사랑한 줄리엣 [대학로],爱上胖罗密欧的朱丽叶 [大学路]
피노키오 [목포],匹诺曹 [木浦]
"멜로우TV: Run it up, 팀 나빠 [부천]",Mellow TV：加油，Nappa 队 [富川]
복사골문화센터 아트홀,博克萨戈尔文化中心艺术馆
경기 부천시 원미구 장말로 107,京畿道富川市远美区长末路107
나는 코다입니다 [김해],我是 Koda [Gimhae]
나의 아저씨,我的先生
랑랑 피아노 리사이틀,郎朗钢琴独奏音乐会
NANA MIZUKI LIVE VISION in SEOUL,水木奈奈首尔现场演出
세종대학교 대양홀,世宗大学大阳馆
서울특별시 광진구 능동로 209 (군자동),首尔特别市广津区灵洞路209（军子洞）
"ASAC 클래식 봄 음악회: 사월, 다시 피다 [안산]",ASAC古典音乐春季音乐会：四月，再次绽放 [安山]
누가 내 머리에 똥 쌌어? [수원],谁在我头上拉屎了？[水原]
리어왕외전,李尔王外传
"SPOT THE GIG by Wanderloch, I Don't Like Mondays","SPOT THE GIG by Wanderloch, I Don't Like Mondays"
"광주시립발레단 기획공연, 살롱콘서트 Ⅰ. 잠자는 숲속의 미녀",光州市芭蕾舞团特别演出，沙龙音乐会 I. 睡美人
SEVENTEEN WORLD TOUR: NEW_ (앵콜),SEVENTEEN 世界巡回演唱会：NEW（安可）
인천아시아드주경기장,仁川亚运会主体育场
인천광역시 서구 봉수대로 806 (연희동),仁川广域市西区凤水大路806（延熙洞）
"SPOT THE GIG, Phoebe Rings",菲比·林斯，《寻找演出》
"안애순 컴퍼니, 춤이 말하다: 문소리 X 리아킴 [서울 강동]",安爱顺舞蹈团，《舞蹈之声：文素利 X Lia Kim》[首尔江东区]
푸른 사자 와니니 [서울 마포],Blue Lion Wanini [首尔麻浦]
김현철의 클래식당 [평택],金贤哲古典音乐厅 [平泽]
알파블록스 [하남],AlphaBlox [Hanam]
"임현정의 베토벤 소나타 시리즈1, 영웅",林贤贞的贝多芬奏鸣曲系列1，英雄
"케이 김경은 피아노 리사이틀, 베토벤 피아노 소나타 전곡 시리즈 Ⅳ: The Path to Silence",金京恩钢琴独奏音乐会，贝多芬钢琴奏鸣曲全集第四辑：通往寂静之路
"평택아트센터 기획공연, 앰비규어스댄스컴퍼니, 더 벨트 [평택]",平泽艺术中心特别演出，暧昧舞蹈团，《腰带》[平泽]
평택아트센터 소공연장,平泽艺术中心小演出厅
한글용사 아이야 새로운 이야기: 달라도 친구야! [오산],韩文战士爱雅：新故事：即使我们不同，我们也是朋友！[Osan]
오산문화예술회관 대공연장,乌山文化艺术中心大演出厅
경기 오산시 경기동로 51,京畿道乌山市京畿洞路51
오리지널 어린이 CAT [성남],原创儿童猫咪 [城南]
"평택아트센터 기획공연, 얍 판 츠베덴 & 서울시립교향악단, Mozart & Tchaikovsky [평택]",平泽艺术中心特别演出，Jaap van Zweden 与首尔爱乐乐团，莫扎特与柴可夫斯基 [平泽]
아기돼지 삼형제 [수원],三只小猪 [水原]
백설공주 [서울 도봉],白雪公主 [首尔道峰]
"슈퍼디바 적우 콘서트: 보고싶다, 서울",超级歌后 Jeokwoo 演唱会：我想你，首尔
"국립합창단, 클래식 세레나데 [제천]",国家合唱团，古典小夜曲 [堤川]
"롤링 31주년 기념공연, 김늑 단독 콘서트: 우리는 어디로 가는가",滚石31周年纪念演唱会，金诺个人演唱会：我们要去哪里
한글용사 아이야 새로운 이야기: 달라도 친구야! [화성],韩文战士Aiya：新故事：即使我们不同，我们也是朋友！[火星]
백설공주 [김해],白雪公主 [金海]
김해 장유문화센터 공연장,金海长裕文化中心表演厅
덩따쿵 구조대: 뜨거워 지구 [서울 광진],东塔公救援队：地球变热 [广津，首尔]
광진어린이공연장,广津儿童表演厅
서울특별시 광진구 능동로 400(중곡동),首尔特别市广津区灵洞路400（中谷洞）
백설공주 [거제],白雪公主 [巨济岛]
거제시청소년수련관 공연장,巨济市青少年训练中心表演厅
경남 거제시 계룡로 175,庆尚南道巨济市鸡笼路 175
이상한 나라의 앨리스 [인천 서구],爱丽丝梦游仙境 [仁川西区]
피터팬 [인천 서구],彼得潘 [仁川西九区]
김창완밴드 전국투어 콘서트 [밀양],金昌完乐队全国巡回演唱会【密阳】
밀양아리랑아트센터 대공연장,密阳阿里郎艺术中心主表演厅
경남 밀양시 중앙로 324,庆尚南道密阳市中央路324
미녀와 야수 [고양],美女与野兽 [猫]
고양어울림누리 별모래극장,高阳乙林努里别莫来剧场
어느 60대 노부부 이야기 [홍성],一对六十多岁老夫妇的故事 [洪城]
홍주문화회관 대공연장,鸿州文化中心大演出厅
충남 홍성군 홍성읍 내포로 164,忠清南道洪城郡洪城邑内浦路 164
"낭만주의 거장, 차이코프스키",浪漫主义大师，柴可夫斯基
그랜드필하모닉오케스트라 & 백건우 [제천],大爱乐乐团 & 白建宇 [堤川]
YOON SAN-HA: SANiGHT Project #3 약속,尹山河：SANiGHT Project #3 承诺
어린이 서커스 쇼 [군산],儿童马戏表演 [群山]
"웨이브투어스, Curated 03: 캔트비블루",Wave Tours，精选 03：不能忧郁
"먼데이프로젝트 IN 라이브클럽, 지베뉴 단독콘서트: LOVE IS ALL",周一 Project IN Live Club，G-Venue 个人演唱会：爱就是一切
공상온도,梦幻温度
서울특별시 마포구 동교로23길 40 (동교동),首尔特别市麻浦区东桥路23街40（东桥洞）
박상민 LOVE 콘서트 [전주],朴尚民 LOVE 演唱会 [全州]
빨간 모자와 늑대 [진주],小红帽和狼 [珍珠]
DKB FAN-CON: BLACK OUT,DKB FAN-CON：停电
KIMSUNGKYU LIVE: LV4: Leap to Vector,金圣圭现场：LV4：跃向矢量
우리 아빠가 최고야 [구리],我爸爸是最棒的 [Guri]
구리아트홀 유채꽃소극장,古里艺术馆油菜花剧院
로맨틱톡2,浪漫谈话 2
라푼젤 [구리],长发公主 [铜]
레이 첸 바이올린 리사이틀,陈瑞小提琴独奏会
더: 매직서커스 [고양],更多：魔术马戏团 [高阳]
안네 프랑크,安妮·弗兰克
창단10주년 성신 피아노 소사이어티 기념 연주회,成信钢琴社十周年纪念音乐会
윤기훈 귀국 피아노 독주회,尹基勋返乡钢琴独奏音乐会
얼떨결에 종언,偶然的结局
산울림소극장,萨努林小剧院
서울특별시 마포구 와우산로 157 (서교동),首尔特别市麻浦区五山路157（西桥洞）
"살롱콘서트 휴, 추다혜차지스",沙龙音乐会顺化，朱多惠 Chajis
인천문화예술회관 복합문화공간,仁川文化艺术中心综合体文化空间
"살롱콘서트 휴, 주혜린",Salon Concert Hue，朱惠琳
디즈니 인 콘서트: Beyond the Magic,迪士尼音乐会：超越魔法
백건우 피아노 리사이틀 [당진],白建宇钢琴演奏会 [唐津]
"당진Arte 11, 이금희의 더불어 살며 헤아리며 Ⅱ. 인간관계 (4월)",《唐津艺术》第11期，李锦熙的《共同生活与理解II：人际关系》（四月）
당진문예의전당 소공연장,唐津艺术中心小演出厅
충남 당진시 당진중앙2로 69,忠清南道唐津市唐津中央江2路69
에릭 루 피아노 리사이틀,埃里克·卢钢琴独奏音乐会
싱긴어게인 (SING+BEGIN AGAIN) 콘서트,重新开始演唱会
동대문구체육관,东大门区体育馆
서울특별시 동대문구 답십리로 210-3 (답십리동),首尔特别市东大门区踏十里路210-3（踏十里洞）
"ACC 브런치콘서트 플러스, 김영하 작가의 음악 (4월)",ACC早午餐音乐会，以及作家金英夏的音乐作品（四月）
"살롱콘서트 휴, 서울전자음악단",Salon Concert Hue，首尔电子音乐乐队
"살롱콘서트 휴, 사뮈 (Samui)",沙龙音乐会 Hugh，苏梅岛
한글용사 아이야 새로운 이야기: 달라도 친구야!,韩文战士爱雅：新故事：即使我们不同，我们也是朋友！
세상의 모든 아침 영화음악 콘서트,世界各地的清晨电影音乐会
빨간모자와 늑대 [대구 달성],小红帽与狼 [大邱达城]
달성문화원,达城文化中心
대구광역시 달성군 현풍면 현풍동로 92,大邱广域市达城郡贤丰面贤丰洞路92号
CHILDREN ARE STINKY (칠드런 아 스팅키) [이천],小孩身上有臭味 [2000]
이천아트홀 소공연장,利川艺术厅小演出厅
제33회 서울시민교향악단 정기연주회 [부천],第33届首尔市民交响乐团常规音乐会【富川】
"변진섭 전국투어 콘서트, 변천사 시즌 2.5: 시간여행",卞振燮全国巡回演唱会，卞天社第二季.5：时光旅行
김장훈 전국투어 콘서트: 원맨쇼 [하남],金章勋全国巡回演唱会：个人秀 [Hanam]
"NT Live, 햄릿 (영상화)",NT Live，《哈姆雷特》（视频改编版）
패닉 콘서트: PANIC IS COMING,恐慌演唱会：恐慌即将到来
The 심수봉 SHOW,沈秀
너의 이름은. 필름 콘서트,你的名字。电影音乐会
ONEUS FANCON: Welcome to US‘s ISLAND,ONEUS FANCON：欢迎来到我们的岛屿
"살롱콘서트 휴, 문미향",Salon Concert Hue，Moon Mi-hyang
국립합창단 CLASSIC SERENADE [오산],国家合唱团古典小夜曲 [乌山]
바냐삼촌,万尼亚舅舅
신데렐라 [남양주],灰姑娘 [南阳州]
ONE NIGHT LIVE: ONL Vol.1 Daybreak,一夜现场：ONL Vol.1 破晓
아기돼지 삼형제의 요절복통 콘테스트 [김포],三只小猪的搞笑比赛 [金浦]
통진두레문화센터 두레홀,同津杜雷文化中心杜雷厅
경기 김포시 통진읍 대곶2로 35,京畿道金浦市同津邑大串2路35
리멤버,记住
라푼젤 [서울 구로],长发公主 [九老，首尔]
"빅3 시즌2, 행복한 만남: 강진, 김용임, 진성",《三大巨头》第二季，《幸福邂逅》：姜镇、金容任、晋成
박현빈 첫 단독 전국투어 콘서트: 더 쇼맨 (THE SHOWMAN) [강릉],朴玄彬首次个人全国巡回演唱会：The Showman [江陵]
강릉원주대학교 해람문화관 해람홀,江陵原州大学海岩文化馆海岩大厅
강원특별자치도 강릉시 죽헌길 7,江原道江陵市竹轩路7
두들팝 [거제],Doodlepop [巨济岛]
제134회 경주시립극단 정기공연: 하얀앵두,庆州市立剧团第134届常演剧目：《白樱桃》
파시오네트: 차이콥스키 교향곡 5번,激情小品：柴可夫斯基第五交响曲
제117회 원주시립합창단 정기연주회 [원주],第117届原州市合唱团例行音乐会 [原州]
원주치악예술관,原州芝岳艺术中心
안성훈 첫번째 단독콘서트: ANYMATION,安成勋首场个人演唱会：ANYMATION
"Dear, Spring 정승환 X 정인 콘서트 [경주]",亲爱的，春天 Jeong Seung-hwan X Jeong 演唱会 [庆州]
클로이,克洛伊
사이버매직쇼,网络魔术表演
"거제 어린이 공연 주간, 슈퍼거북 슈퍼토끼 [거제]",巨济儿童表演周，超级龟超级兔 [巨济]
"EUNHYUK FANCON, be: WARE OF THE RABBIT",银赫粉丝大会，请注意：小心兔子
팥죽할멈과 호랑이 [군포],煮红豆粥的老妇人和老虎 [军坡]
군포시평생학습원 상상극장,军浦市终身学习中心想象剧场
경기 군포시 고산로 263,京畿道军浦市高山路263
비밥 [성주],Bebop [星州]
성주문화예술회관 대공연장,星州文化艺术中心大演出厅
경북 성주군 성주읍 성산9길 45,庆尚北道星州郡星州邑城山9街45
YB REMASTERED 3.0: Odyssey,YB 重制版 3.0：奥德赛
블루 초코 블루스 [대학로],Blue Choco Blues [Daehak-ro]
바로크비올리스트 장민경의 The Bach Ⅲ,巴洛克中提琴演奏家张敏京的《巴赫第三交响曲》
"대구시립무용단 기획공연, 스테이지 모빌리티 커넥션",大邱市舞蹈团特别演出，舞台移动连接
"네덜란드 댄스 시어터 (NDT1) , 필름 스크리닝: 미스트",荷兰舞蹈剧院（NDT1）电影放映：《迷雾》
누가 내 머리에 똥 쌌어? [서울 강북],谁在我头上拉屎了？[首尔，江北]
사이버 매직쇼 [포항],网络魔术表演 [浦项]
흥부와 놀부 [서울 도봉],兴府和诺府 [首尔道峰]
슈퍼히어로와 함께 하는 어린이날 영화음악 콘서트: 헐리우드 블록버스터 & 디즈니 & 지브리 영화음악,儿童节电影音乐会，超级英雄主题：好莱坞大片、迪士尼及吉卜力工作室电影音乐
우리 아빠가 최고야 [부천],我爸爸是最棒的 [富川]
현대백화점 문화홀,现代百货商店文化馆
경기도 부천시 원미구 길주로 180 (중동),京畿道富川市远美区吉州路180（中洞）
"멜로우TV: Run it up, 팀 나빠 [춘천]",Mellow TV：加油，Nappa 队 [春川]
한림대학교 일송아트홀,翰林大学日松艺术馆
강원도 춘천시 한림대학길 1,江原道春川市翰林大学路1号
"멜로우TV: Run it up, 팀 나빠 [원주]",Mellow TV：加油，Nappa 队 [元州]
제24회 천안시립무용단 정기공연 [천안],天安市舞蹈团第24届常规演出 [天安]
헬로카봇 스페셜 시즌9: 전설의 용사를 찾아서,你好，卡博特！第九季特别篇：寻找传奇英雄
아기돼지삼형제: 늑대숲또옹돼지원정대 [안산],三只小猪：狼林猪探险记 [安山]
푸른 사자 와니니 [익산],蓝狮瓦尼尼 [益山]
"멜로우TV: Run it up, 팀 나빠 [창원]",Mellow TV：加油，坏小子队 [昌原]
경상남도 창원시 의창구 중앙대로 178 (신월동),庆尚南道昌原市义昌区中央大路178（新月洞）
급식왕2: 좀비가 나타났다 [고양],学校午餐之王2：僵尸登场[高阳]
슈퍼히어로와 함께 하는 어린이날 영화음악 콘서트: 헐리우드 블록버스터&디즈니&지브리 FESTA [고양],儿童节电影音乐会暨超级英雄盛典：好莱坞大片、迪士尼及吉卜力电影节 [高阳]
고양아람누리 아람음악당,高阳阿拉姆努里阿拉姆音乐厅
"다미앵 잘레 X 코헤이 나와, 프리즘",Damien Jalé X Kohei，棱镜
이은결: META [안양],李恩洁：META [安阳]
안양아트센터 관악홀,安阳艺术中心冠岳馆
경기 안양시 만안구 문예로36번길 16,京畿道安养市马安区文礼路36街16
Echoes Weekend (에코즈 위켄드),回声周末
임재범 40주년 콘서트: 나는 임재범이다 [서울 (앵콜) ],林在范40周年演唱会：我是林在范 [首尔（安可）]
"롤링 31주년 기념공연, 올티 단독콘서트: 빠른 년생",滚动31周年纪念音乐会，奥尔蒂独奏音乐会：早年出生
사이버 매직쇼 [목포],网络魔术表演 [木浦]
사이버 매직쇼 [순천],网络魔术表演 [顺天]
Japan 애니메이션 OST 콘서트,日本动画原声带音乐会
노인의 꿈 [용인],老人的梦 [龙仁]
꼬마박사 장영실 [당진],小医生张英实[唐津]
디즈니 인 콘서트: Beyond the Magic [화성],迪士尼音乐会：超越魔法 [火星]
"환상가족음악극, 리틀 뮤지션 스페셜",奇幻家庭音乐剧，小音乐家特辑
꼬마박사 장영실 [김포],小医生张英实 [金浦]
히스토리 보이즈 [대학로],历史男孩 [Daehak-ro]
링크아트센터 페이코홀,链接艺术中心 Payco 大厅
프린세스 공주,公主
오즈의 마법사 [서울 양천],绿野仙踪 [阳川，首尔]
불편한 편의점1,不便的便利店 1
KNN시어터,KNN剧院
부산광역시 해운대구 센텀서로 30 KNN타워,釜山广域市海云台区 Centumseo 路 30 KNN 塔
"파이프오르간 시리즈, 이사벨 드메르 & 션 위안: 포핸즈",管风琴系列，伊莎贝尔·德·梅尔与沈元：四手联弹
슈퍼디바 적우 콘서트,超级歌后 Jeokwoo 演唱会
조선대학교 해오름관대강당,朝鲜大学海凛礼堂
광주 동구 조선대길 146,光州广域市东区朝鲜云台路 146
"서리풀 고음악 시리즈, Bach in Blue",Seoripul早期音乐系列，“蓝色巴赫”
알파블록스 [화성],AlphaBlox [火星]
번개맨 시즌2: 번개맨! VS 번개맨? [전주],闪电侠第二季：闪电侠！VS 闪电侠？【全州】
꼬마버스 타요: 소원을 들어주는 요술 지팡이 대소동,小巴士泰罗：许愿魔杖的奇妙冒险
"파이프오르간 시리즈, 카롤 모사코프스키 리사이틀",管风琴系列，卡罗尔·莫萨科夫斯基独奏音乐会
"파이프오르간 시리즈, 토마 오스피탈 리사이틀",管风琴系列音乐会，托马斯医院独奏会
프린세스 캐치! 티니핑 [여수],公主捕捉！少女 [丽水]
아기돼지 삼형제 [구리],三只小猪 [Guri]
"yanaginagi live tour, Green Light in Seoul",yanaginagi 首尔演唱会，绿灯
넘버블록스 [고양 (앵콜) ],Numberblox [Goyang (Encore) ]
제42회 굿모닝콘서트: 서정이 꽃구름처럼 번지는 시간,第42届早安音乐会：诗意如花云般蔓延的时刻
지브리 & 디즈니 영화음악 오케스트라 콘서트 [춘천],吉卜力与迪士尼电影音乐交响音乐会 [春川]
"창작산실, 박용휘: 봄을 안고 온 아이",创意工作坊，朴容辉：拥抱春天的孩子
"M 초이스, 비기닝 [서울 마포]",M Choice，开始 [麻浦，首尔]
ONE PACT at SKOOLCON,SKOOLCON 的 ONE PACT
아기돼지 삼형제 [서울 구로],三只小猪 [九老，首尔]
우리 아빠가 최고야 [수원],我爸爸是最棒的 [水原]
"롤링 31주년 기념공연, 오아! 단독 콘서트",滚石乐队31周年纪念演唱会，Oa！个人演唱会
헤이그 [대학로],海牙 [Daehak-ro]
유니플렉스 1관(대극장),Uniplex 1号厅（大剧院）
첼로가야금 [수원],伽倻琴 [水原]
"스페니쉬 브라스, 러 메탈스 초청 연주회 [강원 동해]",西班牙铜管乐团，Ru Metals邀请音乐会 [东海，江原道]
동해문화예술회관 대공연장,东海文化艺术中心大演出厅
오정현 더블베이스 독주회,吴正铉低音提琴独奏会
tripleS: My Secret New Zone,tripleS：我的秘密新领域
지브리와 사랑에 빠지다: 지브리 영화음악 콘서트 [공주],爱上吉卜力：吉卜力电影音乐会【公主】
라푼젤 [포항],长发公主 [浦项]
더 매직 드로잉쇼 [광명],魔法绘画秀 [光明]
넘버블록스,数字积木
김시라의 품바: Original [밀양],Kim Sira 的 Pumba：原创 [密阳]
"각별한 콘서트, 허각 & 임한별",许阁&林寒星特别演唱会
제91회 코리아나 챔버 뮤직 소사이어티 정기연주회: 음색으로 채운 팔레트,第91届韩国室内乐协会例行音乐会：音色丰富的调色板
최형배 마술사의 꿈꾸는 매직문 [거제],魔术师崔亨培的梦幻魔法月[巨济]
"인천시립무용단 기획공연, InsideOut: 안무가들",仁川市舞蹈团特别演出，《内外：编舞家》
"최백호 50주년 콘서트: 낭만의 50년, 시간의 흔적을 노래하다 [의정부]",崔白虎出道50周年演唱会：50年的浪漫，唱出时光的痕迹 [议政府]
"판소리 레미제라블, 구구선 사람들 [수원]","Pansori Les Miserables, Guguseon People [Suwon]"
슈퍼윙스: 초능력 곤충 대소동,超级飞侠：超能昆虫
뽀로로와 신비한 여행 [창원],波鲁鲁和神秘之旅 [昌原]
이은결: META,李恩洁：META
갓 (GAT) [하남],GAT [Hanam]
울산시립교향악단 교향악축제 참가 시민 특별음악회: 용기와 승리의 여정 Journeys of Courage and Triumph,蔚山爱乐乐团交响乐节市民参与特别音乐会：勇气与胜利之旅
지브리 & 디즈니 오케스트라 콘서트 [서울 서대문],吉卜力与迪士尼交响乐音乐会 [首尔西大门]
피터팬 [서울 양천],彼得潘 [阳川，首尔]
넌센스 [군산],胡说八道 [群山]
매직키즈 서커스쇼 [성남],魔术儿童马戏表演 [城南]
꼬마버스 타요: 소원을 들어주는 요술 지팡이 대소동 [부천],小巴士泰路：许愿魔杖的奇妙冒险 [富川]
"디즈니, 픽사 & 드림웍스 OST 콘서트",迪士尼、皮克斯和梦工厂动画电影原声带音乐会
"멜로우TV: Run it up, 팀 나빠",轻松电视：加油，坏小子队
"최고다 호기심딱지 시즌4, 피사총사: 우리 몸은 우리가 지킨다!",最佳好奇心贴纸第四季，比萨火枪手：我们保护自己的身体！
성남아트센터 오후의 콘서트: 센 강 위의 멜로디 (5월),城南艺术中心下午音乐会：塞纳河畔的旋律（五月）
성남아트센터 오후의 콘서트: 수요재즈클럽 (11월),城南艺术中心下午音乐会：周三爵士俱乐部（11月）
정악단 기획공연: 이습회 1932,正阁乐团计划演出：1932年训练会
"EXO PLANET #6, EXhOrizon",EXO PLANET #6，EXhOrizon
올림픽공원 KSPO DOME(체조경기장),奥林匹克公园KSPO穹顶（体操馆）
"최고다 호기심딱지 시즌4, 피사총사: 우리 몸은 우리가 지킨다! [전주]",最佳好奇心贴纸第四季，比萨火枪手：我们保护自己的身体！[全州]
보이스 오브 팬텀: 리베란테,魅影之声：解放者
"데뷔 60주년 기념공연, 남진 전국투어 콘서트 [용인]",出道60周年纪念演出，南镇全国巡回演唱会 [龙仁]
"최고다 호기심딱지 시즌4, 피사총사: 우리 몸은 우리가 지킨다! [제천]",最佳好奇心贴纸第四季，比萨火枪手：我们保护自己的身体！[Jecheon]
빨간 모자와 늑대,小红帽和狼
"성남아트센터 오후의 콘서트: 속삭이는 파도, 보사노바의 리듬 (6월)",城南艺术中心下午音乐会：低语的波浪，波萨诺瓦节奏（六月）
성남아트센터 오후의 콘서트: 쇼팽과 폴란드의 선율 (10월),城南艺术中心下午音乐会：肖邦与波兰旋律（十月）
틀려도 괜찮아 [파주],犯错没关系 [坡州]
렛잇고3,随它吧3
조항조 전국투어 콘서트: 생각 [용인],赵恒祐全国巡回演唱会：感想 [龙仁]
"변진섭 전국투어 콘서트, 변천사 시즌 2.5: 시간여행 [용인]",卞真燮全国巡回演唱会，卞天社第二季.5：穿越时空 [龙仁]
이영현 콘서트: 나의 노래가 필요한 너에게 - 숨 [용인],李英贤演唱会：致需要我歌声的你 - Breath [Yongin]
"이찬원 콘서트, 찬가: 찬란한 하루 [서울 (앵콜) ]",李灿元演唱会，赞歌：灿烂的一天 [首尔（安可）]
THE 이재훈 전국투어콘서트: Come on [안산],李宰勋全国巡回演唱会：Come on [安山]
"GS칼텍스 예울마루 브런치콘서트, 클래식과 함께 하는 미술관 여행 [여수]",GS Caltex Yeulmaru 早午餐音乐会，古典音乐艺术博物馆之旅 [丽水]
심준호 첼로 리사이틀,沈俊浩大提琴独奏会
부산콘서트홀 챔버홀,釜山音乐厅室内乐
부산 수영구 민락수변로 10,釜山广域市水营区民乐水渊路10
급식왕2: 좀비가 나타났다,学校午餐之王2：僵尸登场
스노우 버블쇼,雪花泡泡秀
셰본 내한공연,Chevon在韩国的演唱会
인어공주 [익산],小美人鱼 [益山]
몽유도원 [서울 송파],梦乡 [首尔松坡]
잠자는 숲속의 공주,睡美人
갓 (GAT),上帝（GAT）
정재욱 콘서트,郑在旭演唱会
나의 비밀친구 해치,我的秘密朋友哈奇
"최고다 호기심딱지 시즌4, 피사총사: 우리 몸은 우리가 지킨다! [고양]",最佳好奇心贴纸第四季，比萨火枪手：我们保护自己的身体！[Goyang]
꼬마박사 장영실 [하남],小医生张英实 [韩南]
"성남아트센터 오후의 콘서트: 탱고, 한낮의 열정 (9월)",城南艺术中心下午音乐会：探戈，午间激情（九月）
김종엽 귀국 튜바 독주회,金钟烨返乡大号独奏会
성남아트센터 오후의 콘서트: Viva Italia! 오페라 갈라 콘서트 (12월),城南艺术中心下午音乐会：意大利万岁！歌剧盛典音乐会（12月）
포켓다이노 [군포],口袋恐龙[Gunpo]
"M 초이스, 이자람 판소리 갈라: 작창 2007/2015",M Choice，李嘉岚盘索里盛会：作品 2007/2015
"NuNew 1st Concert, Dream Catcher: THE FINAL CHAPTER",NuNew 首场演唱会，Dream Catcher：最终章
진성 단독 토크콘서트: 진성쑈 [안산],Jinseong Solo Talk Concert: Jinseong Show [安山]
"10CM Asia Tour, To 10CM: Chapter 1",10CM亚洲巡演，致10CM：第一章
트리오 오원 리사이틀,O-Won三重奏独奏会
"영등포아트홀 기획공연, 어슬렁 어슬렁 콘서트: 정우의 봄",永登浦艺术中心特别演出，漫步音乐会：郑宇的春天
"유니버설발레단, 돈키호테 [서울 강동]",环球芭蕾舞团，《堂吉诃德》[首尔江东]
모든 날 모든 순간,每一天，每一刻
기분좋은극장,愉悦剧院
광주 서구 상무중앙로 90,光州广域市西区尚武中央路 90
THE 이재훈 전국투어콘서트: Come on,李宰勋全国巡回演唱会：加油
피노키오 [안산],匹诺曹 [安山]
"최백호 50주년 콘서트: 낭만의 50년, 시간의 흔적을 노래하다",崔白虎出道50周年演唱会：50年的浪漫，唱响时光的痕迹
국립오페라단 정기공연: 베르테르,国家歌剧公司常规演出剧目：维特
피노키오 [서울 도봉],匹诺曹 [首尔道峰]
피터팬 [포항],彼得潘 [浦项]
"교향극 어린이 음악동화, 음악나라: 오케스트라",交响乐，儿童音乐童话，音乐乐园：管弦乐团
버블J의 언빌리버블쇼 [군포],Bubble J 的不可思议的表演 [Gunpo]
지브리와 사랑에 빠지다: 지브리 영화음악 콘서트 [사천],爱上吉卜力：吉卜力电影音乐会【四川】
"최백호 50주년 콘서트: 낭만의 50년, 시간의 흔적을 노래하다 [안산]",崔白虎出道50周年演唱会：50年的浪漫，唱出时间的痕迹 [安山]
피터팬 [서울 도봉],彼得潘 [首尔道峰]
우리 아빠가 최고야 [전주],我爸爸是最棒的 [全州]
베자르 발레 로잔 with 김기민,洛桑贝嘉芭蕾舞团与金基敏
슈가 SUGAR,糖
"국립남도국악원 토요상설: 국악이 좋다, 더늠공작소 초청공연: 이어가 (哥) 다",南道国立国乐中心周六常规系列：国乐真好，德奥尼姆工作坊特邀演出：伊奥加（兄弟）达
국립남도국악원 진악당,国家南都国乐中心真纳堂
전남 진도군 임회면 진도대로 3818,全罗南道珍岛郡临惠面珍岛大路3818
"국립남도국악원 토요상설: 국악이 좋다, 국립남도국악원 국악연주단: 국악의 향연",南道国立国乐中心周六例行演出：国乐真好，南道国立国乐中心国乐乐团：国乐盛宴
뚝딱하니 어흥! [부천],吼！[富川]
복사골문화센터 판타지아극장,博克萨戈尔文化中心幻想剧场
"만X만한 연극 시리즈3, 동백당: 빵집의 사람들 [천안]",轻松剧场系列 3，冬柏堂：面包店的人们 [天安]
천안예술의전당 소공연장,天安艺术中心小演出厅
더 픽션 [부천],小说 [富川]
현역가왕3 전국투어 콘서트 [청주],活跃的歌王3全国巡回演唱会【清州】
청주대학교 석우문화체육관,清州大学石宇文化体育中心
충북 청주시 청원구 율량동 430,忠清北道清州市清原区玉郎洞 430
지브리 하우스 콘서트: 노을이 지는 저녁에,吉卜力工作室音乐会：日落时分
"부천문화재단 어린이공연, 고양이 이야기",富川文化财团儿童演出《猫的故事》
"스웨그에이지 외쳐, 조선! [고양]",喊出Swag Age，朝鲜！[高阳]
인태영 바순 독주회,在泰永巴松管独奏会上
"해설이 있는 11시 콘서트, 바리톤 김동섭, 테너 강동명, 메조소프라노 장은 (3월)",11点音乐会（含解说），男中音金东燮，男高音姜东明，女中音张恩（三月）
피터팬 [부천],彼得潘 [富川]
브리즈앙상블과 엘로퀸텟의 모차르트 시리즈 [부천],微风乐团和艾洛五重奏的莫扎特系列[富川]
"만x만한 연극 시리즈2, 밀정리스트 [천안]",轻松玩乐系列 2，间谍名单 [天安]
피노키오 [양산],匹诺曹[阳伞]
THE 이재훈 전국투어콘서트: Come on [용인],李宰勋全国巡回演唱会：加油 [龙仁]
"해설이 있는 11시 콘서트, 색소포니스트 브랜든 최 (4월)",11点音乐会及解说，萨克斯管演奏家布兰登·崔（四月）
라푼젤 [의정부],长发公主 [议政府]
의정부예술의전당 소극장,议政府艺术中心小剧场
경기 의정부시 의정로 1,京畿道议政府市议政府路1
"해설이 있는 11시 콘서트, 피아니스트 김도현 (5월)",11点音乐会及解说，钢琴家金道贤（五月）
인어공주 [양주],小美人鱼[杨州]
지브리와 사랑에 빠지다: 지브리 영화음악 콘서트 [익산],爱上吉卜力：吉卜力电影音乐会 [益山]
KIK ASIA TOUR,KIK亚洲之旅
"만x만한 연극 시리즈1, 뚱뚱한 로미오를 사랑한 줄리엣 [천안]",轻松游戏系列 1，爱上胖罗密欧的朱丽叶 [天安]
오리지널 과학마술콘서트 시즌2,原创科学魔术音乐会第二季
NCT WISH 1st CONCERT TOUR INTO THE WISH: Our WISH [서울 (앵콜) ],NCT WISH 1st CONCERT TOUR INTO THE WISH: Our WISH [首尔 (安可)]
Kohana Lam Acoustic One Man Live: Time With You,Kohana Lam 独奏现场：与你共度的时光
라푼젤 [인천 서구],长发公主 [仁川西区]
"당진Arte 11, 이금희의 더불어 살며 헤아리며 Ⅰ. 탄생 340주년 바흐와 헨델의 서로 다른 인생 (3월)",《唐津艺术》第11期，李锦熙的《共处与理解》第一卷：巴赫与亨德尔的不同人生：诞辰340周年（3月）
매직키즈마술쇼 [부산 해운대],神奇儿童魔术表演 [釜山海云台]
부산광역시 해운대구 센텀남대로 35 (우동),釜山广域市海云台区 Centumnam 大路 35 (U洞)
바이올리니스트 김혜란의 바이올린 이모션 9 (Violin Emotion Ⅸ),小提琴家金惠兰的《小提琴情感9》（Violin Emotion IX）
"멜론 심포니 오케스트라 (MelON) , 지브리 & 뮤지컬 갈라 오케스트라 콘서트 [고양]",甜瓜交响乐团、吉卜力工作室及音乐盛典交响音乐会 [高阳]
노인의 꿈 [춘천],老人的梦 [春川]
"멜론 심포니 오케스트라 (MelON) , 지브리 & 뮤지컬 갈라 오케스트라 콘서트",甜瓜交响乐团、吉卜力工作室及音乐盛典管弦乐团音乐会
신데렐라 [여수],灰姑娘 [丽水]
진남문예회관,镇南艺术中心
전라남도 여수시 좌수영로 69 (광무동 42-4),全罗南道丽水市佐水营路69(光武洞42-4)
"대전시립교향악단 마스터즈 시리즈 5, 슈만 교향곡 제2번",大田爱乐乐团大师系列5，舒曼第二交响曲
"대전시립교향악단 마스터즈 시리즈 8, 쇼스타코비치 교향곡 제7번: 레닌그라드",大田爱乐乐团大师系列8，肖斯塔科维奇第七交响曲：列宁格勒
백건우 피아노 리사이틀: 백건우 & 슈베르트 [춘천],白建宇钢琴演奏会：白建宇与舒伯特 [春川]
라푼젤 [김포],长发公主 [Gimpo]
설민석의 한국사 대모험: 안중근,薛珉锡的韩国历史奇遇记：安重根
"대전시립교향악단 마스터즈 시리즈 10, 송년음악회: 베토벤 교향곡 제9번 합창",大田爱乐乐团大师系列10，年终音乐会：贝多芬第九交响曲（合唱）
"대학로 명품 연극시리즈, 뷰티풀 라이프 [거제]",大鹤楼名作系列，《美丽人生》（巨济岛）
거제문화예술회관 소극장,巨济文化艺术中心小剧场
지브리와 사랑에 빠지다: 지브리 영화음악 콘서트 [의정부],爱上吉卜力：吉卜力电影音乐会 [议政府]
"대전시립교향악단 마스터즈 시리즈6, 생상스 교향곡 제3번: 오르간",大田爱乐乐团大师系列第六辑，圣桑第三交响曲：管风琴
지브리 & 디즈니 OST 콘서트 with 첼로댁 [천안],吉卜力与迪士尼OST音乐会，大提琴演奏家[天安]
꼬마버스 타요: 소원을 들어주는 요술 지팡이 대소동 [의정부],小巴士泰路：许愿魔杖的奇妙冒险 [议政府]
제91회 천안시충남국악관현악단 정기연주회 [천안],第91届天安市忠南传统音乐管弦乐团例行音乐会 [天安]
100층짜리 집,一座100层楼高的房子
"ACC 브런치콘서트, 서울발레시어터: 발레로의 초대",ACC早午餐音乐会，首尔芭蕾舞剧院：芭蕾邀请
이은결: META [창원],李恩杰：META [昌原]
100층짜리 집 [창원],100层楼房 [昌原]
"태권, 날아올라 [서울 용산]",跆拳道，翱翔[首尔龙山]
백설공주 [진주],白雪公主 [晋州]
히사이시 조 영화음악 콘서트 [전주],久石让电影音乐会 [全州]
제네바 챔버 앙상블,日内瓦室内乐团
피노키오 [인천 수봉],匹诺曹 [仁川秀峰]
인천수봉문화회관 소극장,仁川秀峰文化中心小剧场
인천 미추홀구 수봉안길 78,仁川广域市弥洲忽区苏峰安路 78
정선아리랑 토요상설공연: 뗏꾼,旌善阿里郎周六常规演出：筏夫
흥부와 놀부 [하남],兴布和诺布 [Hanam]
바다탐험대 옥토넛 시즌4: 숨겨진 보물을 찾아라!,海底小纵队第四季：寻找隐藏的宝藏！
피노키오 [서울 구로],匹诺曹 [九老，首尔]
버블쇼 [서울 구로],泡泡秀 [首尔九老区]
어린이 서커스 쇼 [순천],儿童马戏表演 [顺天]
라푼젤 [양주],长发公主 [杨州]
미녀와 야수 [서울 강남],美女与野兽 [首尔江南]
강남구민회관 강당,江南区社区中心礼堂
서울 강남구 삼성로 154,首尔特别市江南区三成路 154
벌레 [대학로],Bugs [Daehak-ro]
스튜디오 블루,蓝调工作室
라푼젤 [거제],长发公主 [Geoje]
사과가 쿵! [군포],苹果“咚”的一声！[军坡]
민수 클럽 투어,民须俱乐部之旅
처치앤댄스홀,教堂和舞厅
대전광역시 중구 대흥로139번길 38 (대흥동),大田广域市中区大兴路139街38（大兴洞）
김경아의 피리세계: 金聲玉振 (금성옥진),金京雅的笛子世界：金星谷真
라푼젤 [남양주],长发公主 [南阳州]
남양주 어린이비전센터 다목적강당,南阳州儿童视觉中心多功能厅
경기 남양주시 진접읍 금곡리 1077,京畿道南杨州市珍积邑金谷里1077
우주매직쇼 [오산],太空魔术表演 [乌山]
로보카폴리: 브룸스타운의 에너지를 지켜라! [성남],变形警车珀利：守护布鲁姆斯镇的能源！【城南】
"비바브라보 2nd 콘서트: 신유, 김수찬 THE MEN OF TROT",Viva Bravo 第二场演唱会：申裕、金秀灿 THE MEN OF TROT
고영열 전국 투어 미니콘서트,高英烈全国巡回迷你演唱会
공간울림연주홀,空间共鸣音乐厅
대구광역시 수성구 범안로64길 18-9 (삼덕동),大邱市寿城区宝满路64街18-9号（三德洞）
더벨과 함께하는 Musical & Symphony,音乐与交响乐，伴奏：钟声
"비바브라보 2nd 콘서트: 미스트롯3 TOP7 Last Dance, Final Stage",Viva Bravo 第二场演唱会：Miss Trot 3 TOP 7 最后一支舞，决赛舞台
"클래식시리즈, 산책 Ⅰ. 박규희 & 양방언 듀오 콘서트: 두 개의 빛",经典系列，漫步 I. 朴圭熙 & 杨邦彦二重唱演唱会：两盏灯
지브리와 사랑에 빠지다: 지브리 영화음악 콘서트 [부산 (앵콜) ],爱上吉卜力：吉卜力电影音乐会【釜山（安可）】
뽀로로와 신비한 여행,波鲁鲁与神秘之旅
베토벤 & 라흐마니노프 [부천],贝多芬与拉赫玛尼诺夫 [富川]
"마티네콘서트, 이응광의 음악공방 2nd, 피아니스트 성해린 & 피아니스트 이선호 [이천]",李应光音乐工作坊第二期午后音乐会，钢琴家成海琳和李善浩 [利川]
누가 내 머리에 똥 쌌어 [이천],谁在我头上拉屎了？[Icheon]
민수 클럽 투어 [전주],Minsu俱乐部之旅[全州]
레드피아노,红色钢琴
전북특별자치도 전주시 완산구 홍산남로 59-17 (효자동3가),全北全州市完山区红山南路59-17(孝子洞3街)
Leina Live Tour: Jellyfish,Leina 现场巡演：水母
프린세스 캐치! 티니핑 [안성],公主捕捉！少女 [安城]
"변진섭 전국투어 콘서트, 변천사 시즌2.5: 시간여행 [밀양]",卞振燮全国巡回演唱会，卞天社第二季.5：穿越时空 [密阳]
유리상자 콘서트: 꽃을 든 상자,玻璃盒音乐会：鲜花盒
"브런치콘서트, JAZZ in White: 2 Piano Prism [안동] (5월)",早午餐音乐会，白色爵士：双钢琴棱镜 [安东]（五月）
안동문화예술의전당 백조홀,安东文化艺术中心天鹅厅
경북 안동시 축제장길 66,庆尚北道安东市竹堤庄路 66
"연극만원3, 망원동 브라더스 [성남]","Play 10,000 韩元 3，望远洞兄弟 [城南]"
찰리빈웍스 단독공연: 봄소풍,查理·比恩作品独奏音乐会：春日野餐
"연극만원2, 칼로막베스 [성남]","Play 10,000 韩元 2，Calo Macbeth [城南]"
제네바 쳄버 앙상블 내한공연 [안동],日内瓦室内乐团韩国巡演 [安东]
안동문화예술의전당 웅부홀,安东文化艺术中心翁布厅
경북 안동시 안흥동 373-4,庆尚北道安东市安兴洞 373-4
친정엄마와 2박3일 [인천 부평],与妈妈共度两夜三天 [仁川富平]
부평아트센터 해누리극장,富平艺术中心海日剧场
인천 부평구 아트센터로 166,仁川市富平区艺术中心路166号
"안동문화예술의전당 브런치콘서트, 시대별 클래식 시리즈 - 바로크의 아침 Ⅱ. 비발디, 베네치아에서 세계로 (4월)",安东文化艺术中心早午餐音乐会，古典音乐系列——巴洛克之晨 II. 维瓦尔第：从威尼斯到世界（四月）
"연극만원5, 시뮬라시옹","剧院 10,000 韩元 5，模拟"
"연극만원4, 들꽃 [성남]","剧院 10,000 韩元 4，野花 [城南]"
"데뷔 60주년 기념공연, 남진 전국투어 콘서트 [밀양]",南进出道60周年纪念演唱会，全国巡回演唱会 [密阳]
브레드이발소: 브레드와 윌크의 세계여행,面包理发店：面包和威尔克斯的世界巡回演出
"문화가 있는 날 콘서트, 만남의 광장 [안동]",文化日音乐会，会议广场[安东]
"브런치콘서트, 고전주의의 우아함 Ⅰ: The Wood Wind [안동] (6월)",早午餐音乐会，古典主义的优雅 I：木管乐 [安东]（六月）
낭만합창단 첫 번째 정기연주회: 머나먼 길 [성남],浪漫合唱团首场正式音乐会：漫漫长路 [城南]
"마스터즈 시리즈 Ⅰ, W 필하모닉 오케스트라: Promenade",大师系列 I，W 爱乐乐团：漫步
TENDOUJI LIVE IN KOREA,天童寺韩国现场演出
안동문화예술의전당 문화가 있는 날 콘서트: 봄 빛에 물든 선율 (3월),安东文化艺术中心文化日音乐会：春光染红的旋律（三月）
"안동문화예술의전당 문화가 있는 날 콘서트: 춤, 사랑방 in Andong (4월)",安东文化艺术中心文化日音乐会：舞蹈，安东的Sarangbang（四月）
김종서 전국투어 콘서트: 모두의 김종서 [오산],金钟瑞全国巡回演唱会：大家的金钟瑞 [乌山]
로보카폴리: 브룸스타운의 에너지를 지켜라! [양산],机器汽车波利：保护布鲁姆斯敦的能源！ [梁山]
"정태춘 & 박은옥 문학콘서트: 나의 시, 나의 노래 [안동]",郑泰天&朴恩玉文学音乐会：我的诗，我的歌 [安东]
셰임 내한공연,Shame在韩国的演唱会
BAC 브런치: 피아니스트 박상욱과 함께하는 브런치콘서트 Ⅱ [부천],BAC Brunch：钢琴家朴相旭早午餐音乐会 II [富川]
"샌드아트로 즐기는 문학이 잇는 클래식 제2막, 피터와 늑대",经典文学沙画展第二幕：《彼得与狼》
The 심수봉 SHOW [속초],沉秀峰秀 [束草]
"샌드아트로 즐기는 문학이 잇는 클래식 제1막, 알퐁스 도데: 아를의 여인",《通过沙画欣赏文学经典》第一幕：阿尔方斯·都德：《阿尔勒的女人》
베토벤 & 라흐마니노프,贝多芬和拉赫玛尼诺夫
BAC 오르간: 카메론 카펜터 오르간 리사이틀,BAC管风琴：卡梅伦·卡彭特管风琴独奏会
"변진섭 전국투어 콘서트, 변천사 시즌2.5: 시간여행 [군산]",卞振燮全国巡回演唱会，卞天社第二季.5：穿越时空 [群山]
"영등포아트홀 기획공연, 마티네콘서트 with 금난새#2. 엘가",永登浦艺术中心特别演出，午后音乐会，金兰世第二号作品，埃尔加
"국립현대무용단, 머스탱과 개꿈",韩国国立现代舞团，《野马与无稽之梦》
이은결: META [하남],李恩洁：META [韩南]
The 심수봉 SHOW [군산],沈秀峰秀 [群山]
"울산시립교향악단, 샌드아트로 즐기는 문학이 잇는 클래식 제4막: 눈보라",蔚山爱乐乐团，古典文学与沙画，第四幕：暴风雪
"영등포아트홀 기획공연, 마티네콘서트 with 금난새 #3. 베버",永登浦艺术中心特别演出，与金兰世合作的午后音乐会 #3 韦伯
"샌드아트로 즐기는 문학이 잇는 클래식 제3막, 템페스트",《暴风雨》：通过沙画连接文学的经典之作第三幕
강지영 피아노 독주회: Romantic Ties,姜智英钢琴演奏会：浪漫的纽带
콧구멍을 후비면 [예산],如果你挖鼻孔[预算]
충남도청 문예회관,忠清南道政府艺术中心
충청남도 예산군 삽교읍 도청대로 600,忠清南道礼山郡沙桥邑道清大路600号
백설공주 [보령],白雪公主 [保灵]
보령문화의전당 대강당,保宁文化中心大礼堂
충남 보령시 대흥로 63,忠清南道保宁市大兴路 63
겨울왕국: 겨울이야기 [보령],冰雪奇缘：冬日故事 [宝灵]
프린세스 캐치! 티니핑 [충주],公主捕捉！Teenieping [忠州]
매직키즈 서커스쇼 [수원],神奇儿童马戏表演 [水原]
판타스틱 매직콘서트,神奇魔术音乐会
다이노스터: 공룡수호대 [춘천],恐龙之星：恐龙守护者 [春川]
우주매직쇼,太空魔术表演
그때도 오늘2: 꽃신 [안동],即便在今天2：花鞋[安东]
지브리와 사랑에 빠지다: 지브리 영화음악 콘서트 스페셜 [남양주],爱上吉卜力：吉卜力电影音乐会特别节目 [南阳州]
로보카폴리: 브룸스타운의 에너지를 지켜라!,变形警车珀利：保护布鲁姆斯镇的能源！
"어버이날 특별기획공연: 인순이 x 유지숙: 두 사랑 이야기 with 한웅원, 박범태 [안동]",父母节特别演出：仁顺妮 x 刘智淑：韩雄元、朴范泰的两段爱情故事 [安东]
소프라노 황수미 & 베이스 바리톤 사무엘 윤 듀오 리사이틀 [안동],女高音黄秀美与男低音尹森美二重奏音乐会 [安东]
무지개 물고기 [익산],彩虹鱼 [益山]
더 픽션 [안동],小说 [安东]
지브리 & 디즈니 OST 콘서트 with 첼로댁,吉卜力与迪士尼原声带音乐会，大提琴演奏
슬픔과 멜랑콜리 혹은 태초부터 지금까지 영원토록 외로운 조지,悲伤和忧郁，或者说是乔治，他从古至今一直孤独寂寞。
친정엄마와 2박3일 [의정부],和妈妈一起度过了2晚3天[议政府]
오즈의 마법사 [고양],绿野仙踪 [猫]
"영국극단 1927, 플리즈 라이트 백 [안동]",英国剧团 1927，请右转 [安东]
"서울예술단, 나빌레라 [안동]",首尔艺术团，纳维莱拉 [安东]
달 샤베트 [안동],月亮冰沙 [安东]
신데렐라 [영주],灰姑娘 [领主]
영주시민회관,荣州市民中心
경상북도 영주시 선비로 213 (영주동),庆尚北道荣州市仙飞路213(荣州洞)
포켓다이노,口袋恐龙
피아니스트 백건우 리사이틀 [안동],钢琴家白建宇演奏会 [安东]
"선데이콘서트, 엘림 리사이틀 시리즈: 황건영 피아노 독주회",周日音乐会，以琳独奏系列：黄健荣钢琴独奏音乐会
엘림아트센터 엘림홀,以琳艺术中心以琳堂
사과가 쿵! [화성],苹果“咚”的一声！[火星]
아기돼지삼형제: 늑대숲또옹돼지 원정대 [수원],三只小猪：狼森林猪探险记【水原】
수원SK아트리움 소공연장,水原SK Artrium小型表演厅
경기 수원시 장안구 이목로 24-25,京畿道水原市长安区梨木路24-25
커피콘서트 Ⅰ. 홍진호 & 고상지 & 최문석: 탱고 브리즈 (Tango Breeze),咖啡音乐会I.洪镇浩&高尚志&崔文锡：探戈微风
지브리 & 디즈니 콘서트 [고양],吉卜力＆迪士尼演唱会 [高阳市]
사의 찬미 [김해],死亡颂歌 [金海]
히사이시 조 영화음악 콘서트 [천안],久石让电影音乐会 [天安]
어린이 서커스 마술쇼 [서울 강동],儿童马戏魔术表演 [首尔江东]
신데렐라 [원주],灰姑娘 [原州]
원주문화원 공연장,原州文化中心表演厅
강원특별자치도 원주시 단구로 170,江原道原州市檀九路 170
피노키오 [부천],匹诺曹 [富川]
겨울왕국 [양주],冷冻[杨州]
베토벤 & 라흐마니노프 [성남],贝多芬与拉赫玛尼诺夫 [城南]
신지혜 오보에 독주회,申智惠双簧管独奏会
인어공주 [양산],小美人鱼 [杨山]
매직랜드 하이라이트쇼 [인천 미추홀],Magic Land Highlight Show [仁川美初河]
작은극장 돌체,小剧院 Dolce
인천광역시 미추홀구 매소홀로 573 (문학동),仁川市密周区梅索霍尔路573号（文鹤洞）
다이노스터: 공룡수호대 [원주],恐龙之星：恐龙守护者 [元州]
백설공주와 일곱난장이 [서울 용산],白雪公主和七个小矮人 [首尔龙山]
공룡 애니멀 쇼 시즌1 [부천],恐龙动物秀 第一季 [富川]
"피아노 일리야 라쉬코프스키 초청, 명 협주곡 시리즈 ⅩⅡ: 봄의 선물 [성남]",伊利亚·拉什科夫斯基《钢琴邀请》，大师协奏曲系列第十二辑：春天的礼物 [城南]
매직키즈마술쇼,神奇儿童魔术秀
지브리와 사랑에 빠지다: 지브리 영화음악 콘서트 [부천 (앵콜) ],爱上吉卜力：吉卜力电影音乐会【富川（安可）】
빨간 모자와 늑대 [포항],小红帽与狼 [浦项]
콧구멍을 후비면,如果你挖鼻子
"비에스 필하모닉 오케스트라 연주회: 비에스 필하모닉 오케스트라와 함께하는 동행, 음악으로 잇는 마음의 길",BS爱乐乐团音乐会：与BS爱乐乐团的旅程，一条由音乐连接的心灵之路
아기돼지 3형제 [속초],三只小猪 [束草]
고고다이노 곤충탐험대: 고고다이노가 작아졌어요 [원주],GoGo Dino 昆虫探险：GoGo Dino 缩小版 [原州]
"영등포아트홀 기획공연, 마티네콘서트 with 금난새 #1. 멘델스존",永登浦艺术中心特别演出，与金兰世的午间音乐会 #1 门德尔松
어린이 캣,小猫
"고양문화재단 디지털 해외공연영상 시리즈, 오페라 피가로의 결혼 (영상화)",高阳文化基金会数字海外演出视频系列，《费加罗的婚礼》（视频）
"고양문화재단 디지털 해외공연영상 시리즈, 오페라 토스카 (영상화)",高阳文化基金会数字海外演出视频系列，《歌剧托斯卡》（视频）
"아람 클래식, 양인모 & 잘츠부르크 모차르테움 [고양]",亚兰经典、杨仁模 & 萨尔茨堡莫扎特 [高阳市]
"ACIx인천시향 공동기획, 조조 클래식 Ⅳ",ACI x 仁川爱乐乐团联合项目，JoJo Classic IV
함인아 피아노 독주회,咸仁雅钢琴独奏会
"옥탑재즈 Ⅴ, LUCA MINOR",屋顶爵士乐 V，卢卡·米诺
"옥탑재즈 Ⅳ, SM JAZZ TRIO",Rooftop Jazz IV，SM JAZZ TRIO
김건모 라이브투어: KIM GUN MO.,金根模现场巡回演唱会：金根模。
잠실종합운동장 실내체육관,蚕室体育中心室内体育馆
서울 송파구 올림픽로 25,首尔特别市松坡区奥林匹克路25
"베베핀, 두근두근 새친구 [하남]",Bebepin，令人心动的新朋友 [Hanam]
"데뷔 60주년 기념공연, 남진 전국투어 콘서트 [오산]",出道60周年纪念演出，南镇全国巡回演唱会[乌山]
"M 초이스, 갓 GAT [서울 마포]",M Choice，God GAT [麻浦，首尔]
옥탑재즈 Ⅲ. 스카재즈유닛,屋顶爵士乐 III. 斯卡爵士乐单元
100층짜리 집 [여수],100层楼房 [丽水]
"옥탑재즈 Ⅱ, 박종상 콰르텟",屋顶爵士乐 II，朴钟相四重奏
피터팬 [울산 북구],彼得潘 [蔚山北区]
조영남 전국투어 콘서트: 조영남이 죽기 전에 하고 싶은 이야기 [오산],赵英南全国巡回演唱会：赵英南临终前想讲述的故事 [乌山]
피노키오 [포항],匹诺曹 [浦项]
백설공주 [군산],白雪公主 [群山]
어린이 서커스 마술쇼 [춘천],儿童马戏魔术表演【春川】
어린이 서커스쇼 [춘천],儿童马戏表演 [春川]
번개맨 시즌2: 번개맨! VS 번개맨? [강릉],闪电侠第二季：闪电侠！VS 闪电侠？【江陵】
프랑스 오베르뉴론알프 국립 오케스트라,法国奥弗涅-罗讷-阿尔卑斯大区国家管弦乐团
아이다,艾达
신데렐라 [동두천],灰姑娘 [东豆川]
동두천시민회관,东豆川市民中心
경기도 동두천시 어수로 4 (상패동),4 京畿道东豆川市Eosuro（上裴洞）
반짝반짝 빛나는 마술사의 방 [서울 양천],闪亮魔术师的房间 [阳川，首尔]
"데뷔 60주년 기념공연, 남진 전국투어 콘서트 [과천]",出道60周年纪念演出，南镇全国巡回演唱会[果川]
겨울왕국: 겨울이야기 [원주],冰雪奇缘：冬日故事 [原州]
SUPER JUNIOR 20th Anniversary TOUR: SUPER SHOW 10 SJ-CORE,SUPER JUNIOR 20周年巡回演唱会：SUPER SHOW 10 SJ-CORE
알라딘 [고양],阿拉丁[猫]
어린이 서커스 쇼 [대구 달성],儿童马戏表演 [大邱达城]
김장훈 전국투어 콘서트: 원맨쇼 [이천],金章勋全国巡回演唱会：个人秀 [利川]
"어린이 공연 시리즈, 키즈 시즈닝: 푸푸게노! 똥 밟았네? [화성]",儿童表演系列，儿童调味料：噗噗诺！你踩到便便了吗？[华城]
"트로트 스타즈 1, 신유 with 밴드 트로티카 [화성]",Trot Stars 1，申裕与乐队 Trotica [华城]
임재범 40주년 콘서트: 나는 임재범이다 [전주],林在范40周年演唱会：我是林在范 [Intro]
한국소리문화의전당 야외공연장,韩国声音文化中心户外表演厅
MAC 모닝 콘서트 #2,MAC晨间音乐会#2
MAC 모닝 콘서트 #1,MAC晨间音乐会#1
MAC 모닝 콘서트 #3,MAC晨间音乐会#3
정명훈 & 원 코리아 오케스트라,郑明勋与韩国交响乐团
쎄시봉: The Last Concert [천안],C'est Si Bon：最后的音乐会 [天安]
우주매직쇼 [부천],太空魔术表演 [富川]
마인블록월드: 우리가 만드는 세상 [원주],Mineblock World：我们创造的世界 [Wonju]
오르간 시리즈 Ⅰ. 카메론 카펜터,管风琴系列 I. 卡梅伦·卡彭特
"리스트 x 박종훈, 순례의 해 [화성]",List x 朴钟勋，朝圣之年 [火星]
로보카폴리: 브룸스타운의 에너지를 지켜라! [서울 광진],变形警车珀利：守护布鲁姆斯镇的能源！[首尔光真]
번개맨 시즌2: 번개맨! VS 번개맨?,闪电侠第二季：闪电侠！VS 闪电侠？
번개맨 시즌2: 번개맨! VS 번개맨? [여수],闪电侠第二季：闪电侠！VS 闪电侠？【丽水】
스윙 데이즈_암호명 A,Swing Days_代号 A
백설공주 [용인],白雪公主 [龙仁]
용인문화예술원 마루홀,龙仁文化艺术中心丸堂
경기 용인시 처인구 중부대로 1199,京畿道龙仁市处仁区中部大路1199
The 심수봉 SHOW [공주],沈秀峰秀[公主]
두시 음악 살롱 (3월),两点钟音乐沙龙（三月）
클래식시리즈 1. 우시다 토모하루 피아노 리사이틀,经典系列 1. 牛田智春钢琴独奏音乐会
브레드이발소: 브레드와 윌크의 세계여행 [포항],面包理发店：面包和威尔克斯的世界巡回演出 [浦项]
알라딘 [남양주],阿拉丁 [南阳州]
공룡 애니멀 쇼 시즌1 [화성],恐龙动物秀 第一季 [火星]
우리 아빠가 최고야 [인천 부평],我爸爸是最棒的 [仁川富平]
부평아트센터 달누리극장,富平艺术中心达努里剧场
100층짜리 집 [수원],100层楼房 [水原]
지브리 & 디즈니 영화음악 FESTA [인천 (앵콜) ],吉卜力与迪士尼电影音乐节 [仁川（安可）]
"함신익과 심포니 송 마스터즈 시리즈 Ⅷ, 송년음악회: 합창교향곡",咸信益与交响乐歌曲大师系列第八辑，年终音乐会：合唱交响曲
고고다이노 곤충탐험대: 고고다이노가 작아졌어요 [고양],Gogo Dino 昆虫探险：Gogo Dino 缩小了 [猫]
흥부와 놀부 [광명],兴布和诺布 [光明]
지브리 & 디즈니 영화음악 FESTA [창원],吉卜力＆迪士尼电影音乐节 [昌原]
임재범 40주년 콘서트: 나는 임재범이다 [청주],林在范40周年演唱会：我是林在范 [清州]
슈가 SUGAR [청주],SUGAR [清州]
청주예술의전당 대공연장,清州艺术中心大演出厅
충북 청주시 서원구 흥덕로 69,忠清北道清州市书院区兴德路 69
호두까기 인형 [공주],胡桃夹子（公主）
포켓다이노 [부천],口袋恐龙 [富川]
매직랜드 하이라이트쇼,魔法乐园精彩表演
이음아트홀,尤姆艺术馆
대전 유성구 도안대로 591,大田市儒城区道安大路591号
아즈마 아키와 함께하는 영화음악 콘서트: 지브리 & 월드 무비 OST,与东亚纪一起欣赏电影音乐会：吉卜力工作室及世界电影原声带
브레드이발소: 브레드와 윌크의 세계여행 [서울 용산],面包理发店：面包和威尔克的世界巡回演出 [首尔龙山]
매직랜드 블루밍라이트쇼 [춘천],魔法乐园绽放灯光秀【春川】
아트팩토리 봄,艺术工厂之春
강원도 춘천시 신동면 풍류1길 34,江原道春川市新东面风牛1街34
BTS WORLD TOUR: ARIRANG [고양],BTS 世界巡回演唱会：阿里郎 [高阳市]
고양종합운동장 주경기장,高阳体育中心主体育场
매직 사이언스 콘서트 [고양],神奇科学音乐会【高阳】
현대백화점 문화홀 문화홀 (9층),现代百货商店文化馆（9楼）
경기 고양시 일산서구 호수로 817,京畿道高阳市一山西区湖水路 817
겨울왕국: 겨울이야기 [안산],冰雪奇缘：冬日故事 [安山]
민트페스타 vol.82,薄荷节 第82卷
로미오와 줄리엣 [서울 서초],罗密欧与朱丽叶 [首尔瑞草]
어린이 마술쇼 [서산],儿童魔术表演 [瑞山]
CUTIE STREET Live,可爱街现场演出
제131회 서울모테트합창단 정기연주회,第131届首尔经文歌合唱团常规音乐会
박혜신 라이브 투어 콘서트 [안산],朴惠信巡回演唱会 [安山]
안산대학교 강석봉기념관,安山大学姜石峰纪念馆
경기 안산시 상록구 안산대학로 155,京畿道安山市常绿区安山大学路155
아기돼지 삼형제 [고양],三只小猪 [高阳]
김장훈 전국투어 콘서트: 원맨쇼 [안양],金章勋全国巡回演唱会：个人秀 [安养]
"엄마까투리: 유치원도, 도시도 처음이야 [목포]",Katuri妈妈：这是我第一次上幼儿园，也是第一次来木浦市。
ABT스튜디오컴퍼니 발레 갈라,美国芭蕾舞剧院工作室公司芭蕾舞晚会
사카리 오라모 & BBC 심포니 오케스트라 with 손열음 [서울] (03.26),Sakari Oramo 与 BBC 交响乐团与 Son Yeol-eum [首尔] (03.26)
키즈 마티네 콘서트: 나는 히어로가 될 거야! [김포] (5월),儿童午间音乐会：我要成为英雄！【金浦】（五月）
히로미즈 소닉원더 라이브,Hiromizu Sonic Wonder Live
키즈 마티네 콘서트: 고! 고! 신나는 뮤지컬 여행 [김포] (9월),儿童午间音乐会：出发！出发！精彩音乐之旅【金浦】（九月）
김광석과 친구들 [의정부],金光锡和朋友们 [议政府]
키즈 마티네 콘서트: 아이 LOVE 왈츠 [김포] (3월),儿童午间音乐会：我爱华尔兹 [金宝]（三月）
윈튼 마살리스 & 재즈 앳 링컨센터 오케스트라 [평택],温顿·马萨利斯与林肯中心爵士乐团 [平泽]
키즈 마티네 콘서트: 빠라빠빰 신나는 브라스 콘서트 [김포] (12월),儿童午间音乐会：Parapapam 精彩铜管乐音乐会 [金浦]（12月）
"아침음악나들이 4, 서영택 & 이승민 [고양]",早晨音乐郊游4 徐英泽&李升民 [高阳市]
키즈 마티네 콘서트: 요들요들 알프스 소년 [김포] (7월),儿童午间音乐会：约德尔高山男孩 [金浦]（7月）
"아침음악나들이 3, 노브레인 [고양]",晨间音乐外出3，无脑[高阳]
"아침음악나들이 2, 이기찬 [고양]",晨间音乐外出 2，李基灿 [高阳]
사카리 오라모 & BBC 심포니 오케스트라 with 손열음 [서울] (03.25),Sakari Oramo 与 BBC 交响乐团与 Yeol Eum Son [首尔] (03.25)
"NCT DREAM TOUR FINALE, THE DREAM SHOW 4: FUTURE THE DREAM","NCT DREAM TOUR FINALE, THE DREAM SHOW 4: FUTURE THE DREAM"
"키즈 마티네 콘서트, 피아노 듀오의 신기한 뮤직 파티 [김포] (6월)",儿童午间音乐会，钢琴二重奏的精彩音乐派对【金浦】（六月）
"키즈 마티네 콘서트, 판소리와 함께하는 우리음악 놀이터 [김포] (4월)",儿童午间音乐会，我们的音乐游乐场与盘索里 [金浦]（四月）
"키즈 마티네 콘서트, 둥동당 재미있는 국악 대모험 [김포] (10월)",儿童日场音乐会，Dungdongdang Fun 韩国传统音乐冒险 [金浦]（十月）
"아침음악나들이 1, 장혜진",晨间音乐之旅1，张慧珍
지브리 & 디즈니 콘서트,吉卜力与迪士尼音乐会
라푼젤 [익산],长发公主 [Iksan]
설민석의 한국사 대모험: 안중근 [오산],薛珉锡的韩国历史大冒险：安重根 [乌山]
클라라 주미 강 & 김선욱 듀오 리사이틀 [성남],姜珠美 & 金善旭二重奏音乐会 [城南]
류이치 사카모토 트리뷰트 콘서트,坂本龙一致敬音乐会
최현우 19+Ⅰ [청주],崔贤宇 19+Ⅰ [清州]
어쩌면 해피엔딩 [전주],或许是幸福结局 [引言]
매직키즈 서커스쇼,神奇儿童马戏表演
엘리자베트 레온스카야 피아노 리사이틀 [성남],伊丽莎白·列昂斯卡娅钢琴独奏音乐会 [城南]
"이자람 판소리: 눈, 눈, 눈 [진주]",李子蓝板索里：雪，雪，雪 [晋州]
경상남도문화예술회관 대공연장,庆尚南道文化艺术中心大演出厅
경남 진주시 강남로 215,庆尚南道晋州市江南路215
손열음 & 고잉홈프로젝트,孙烈音和回家计划
목관앙상블과 함께하는 디즈니 콘서트,迪士尼音乐会与木管乐团
헨젤과 그레텔 [진주],汉塞尔与格蕾特 [珍珠]
"BBC 심포니 오케스트라, 사카리 오라모 & 손열음 [성남]",BBC 交响乐团、Sakari Oramo 和 Son Yeol-eum [城南]
목관 앙상블과 함께하는 콘서트 시리즈: 지브리 콘서트,木管乐团系列音乐会：吉卜力音乐会
"경남도립극단, 반야 삼촌 [진주]",庆南道剧团，巴尼亚叔叔[晋州]
"데뷔 60주년 기념공연, 남진 전국투어 콘서트 [당진]",出道60周年纪念演出，南镇全国巡回演唱会 [唐镇]
무지개 물고기 [의정부],彩虹鱼 [议政府]
사과가 쿵! [과천],苹果“咚”的一声！[果川]
콧구멍을 후비면 [구리],如果你挖鼻孔，[铜]
MelON 디즈니+지브리 오케스트라 콘서트 VOLUME 2 [창원],MelON Disney+Ghibli 交响音乐会 VOLUME 2 [昌原]
"변진섭 전국투어 콘서트, 변천사 시즌2.5: 시간여행 [포천]",卞振燮全国巡回演唱会，卞天社第二季.5：穿越时空 [抱川]
포천반월아트홀 대극장,抱川半月艺术馆大剧院
경기 포천시 군내면 청성로 111,京畿道抱川市军内面清城路111号
김정민 전국투어 콘서트: 대한민국 락발라더 김정민,金正民全国巡回演唱会：韩国摇滚抒情歌手金正民
현진영 감금콘서트: 신춘절특사,玄振英禁闭演唱会：新年特别赦免
"엄마까투리: 유치원도, 도시도 처음이야 [충주]",Katuri妈妈：我第一次上幼儿园，也是第一次来到城市[忠州]
"엄마까투리: 유치원도, 도시도 처음이야 [예산]",Katuri妈妈：这是我第一次上幼儿园，也是第一次来这座城市[叶山]
"엄마까투리: 유치원도, 도시도 처음이야 [군산]",Katuri妈妈：这是我第一次上幼儿园，也是我第一次来到群山市。
공룡 애니멀 쇼 시즌2 [오산],恐龙动物秀第二季【乌山】
박남정 전국투어 콘서트: The Original SuperStar,朴南丁全国巡回演唱会：最初的超级巨星
정글북 [서울 강남],丛林之书 [首尔江南]
개구쟁이 특공대: 마녀저택 [안성],淘气突击队：魔女宅邸 [安城]
개구쟁이 특공대: 마녀저택,女巫的宅邸
GS아트센터 X 국립심포니오케스트라 라이브 애니메이션 시네스테틱스: 피터와 늑대 & 어미 거위,GS艺术中心 X 国家交响乐团 现场动画电影：彼得与狼 & 鹅妈妈
겨울왕국: 겨울이야기 [목포],冰雪奇缘：冬日故事 [木浦]
Toki Asako Live,麻子时现场演出
미스터트롯3 TOP7 콘서트,Trot先生3 TOP 7演唱会
"리미니 프로토콜, 리모트 서울",里米尼协议，远程首尔
강남 일대,江南地区
서울특별시 강남구 학동로 426 (삼성동),首尔特别市江南区鹤洞路426（三成洞）
겨울왕국 & 초대형레이져쇼 [전주],冰雪奇缘 & 巨型激光秀 [全州]
"GS아트센터 X 국립발레단, 더블 빌_맥그리거 & 테틀리",GS艺术中心 X 韩国国家芭蕾舞团，双人舞_麦格雷戈和泰特利
지브리와 사랑에 빠지다: 지브리 영화음악 콘서트 [밀양],爱上吉卜力：吉卜力电影音乐会 [Miryang]
밀양아리랑아트센터 소공연장,密阳阿里郎艺术中心小表演厅
"웨인 맥그리거, 딥스타리아",韦恩·麦克格雷戈，深星
누가 내 머리에 똥 쌌어?,谁在我头上拉屎了？
알라딘 [수원],阿拉丁 [水原]
신데렐라 [김포 통진],灰姑娘 [金浦通进]
지브리와 사랑에 빠지다: 지브리 영화음악 콘서트 [인천 (앵콜) ],爱上吉卜力：吉卜力电影音乐会【仁川（安可）】
지브리와 사랑에 빠지다: 지브리 영화음악 콘서트 [수원 (앵콜) ],爱上吉卜力：吉卜力电影音乐会【水原（安可）】
아기돼지 삼형제 [원주],三只小猪 [原州]
Lilas LIVE TOUR: Laugh,Lilas 现场巡演：笑
사과가 쿵!,苹果“砰”的一声！
"일리야 라쉬코프스키, 라흐마니노프 3개의 피아노 협주곡",伊利亚·拉什科夫斯基，拉赫玛尼诺夫的三首钢琴协奏曲
무지개 물고기 [양산],彩虹鱼[Yangsan]
쌍벽루아트홀,双碧湖艺术馆
경상남도 양산시 신기강변로 26 (신기동),庆尚南道梁山市新器江边路26（新器洞）
"다미앵 잘레 X 코헤이 나와, 플래닛 [방랑자]",Damien Jallet X 名和晃平，星球 [流浪者]
피노키오 [원주],匹诺曹 [原州]
어린이 마술쇼 [원주],儿童魔术表演 [原州]
부활 40주년 콘서트 [김해],Revival 40周年纪念演唱会 [金海]
콧구멍을 후비면 [춘천],如果你挖鼻孔[春川]
춘천인형극장 대극장,春川木偶剧院大剧院
강원특별자치도 춘천시 영서로 3017,江原道春川市荣西路3017号
콧구멍을 후비면 [강릉],如果你挖鼻孔 [江陵]
누가 내 머리에 똥 쌌어? [경주],谁在我头上拉屎了？[庆州]
서라벌문화회관,雪拉贝尔文化中心
경상북도 경주시 금성로 236 (사정동),庆尚北道庆州市金城路236（沙井洞）
지브리와 사랑에 빠지다: 지브리 영화음악 콘서트 [양산],爱上吉卜力：吉卜力电影音乐会 [Yangsan]
제11회 DF예술단 정기연주회: 광란의 아리아 모음.zip 3 [성남],第11届DF艺术团体常规演唱会：Mad Aria Collection.zip 3 [城南]
로보카폴리: 브룸스타운의 에너지를 지켜라! [서울 양천],变形警车珀利：守护布鲁姆斯镇的能源！【阳川，首尔】
정승제의 수학대모험: 수포자의 비밀,郑承济的数学奇遇记：数学恐惧症的秘密
뽀로로와 신비한 여행 [안양],波鲁鲁和神秘之旅 [安阳]
로보카폴리: 브룸스타운의 에너지를 지켜라! [인천 중구],变形警车珀利：守护布鲁姆斯镇的能源！[仁川，中九]
돼지책,猪书
제주대학교 아라뮤즈홀,济州国立大学阿拉缪斯大厅
제주특별자치도 제주시 제주대학로 102 (아라일동),济州特别自治道济州市济州大学路102号（阿拉尔洞）
아즈마 아키와 함께하는 영화음악 콘서트: 지브리 & 월드 무비 OST [부천],与东亚纪一起欣赏电影音乐会：吉卜力工作室及世界电影原声带 [富川]
공룡 애니멀 쇼 [김해],恐龙动物秀 [金海]
"집사TV, 대저택 문의 비밀: part.1 [의정부]",Butler TV，《宅邸之门的秘密》：第一部分 [议政府]
급식왕: 급식이 사라졌다,学校午餐之王：学校午餐消失了
알렉산더 에크만의 한여름 밤의 꿈,亚历山大·埃克曼的《仲夏夜之梦》
"이자람 판소리: 눈, 눈, 눈",李子蓝盘索里：眼睛，眼睛，眼睛
"집사TV, 대저택 문의 비밀: part.1 [청주]",Butler TV，《豪宅之门的秘密》：第一部分 [清州]
"우카시 트바르코프스키 연출, 로스코",导演：卢卡斯·特瓦科夫斯基、罗斯科
"집사TV, 대저택 문의 비밀: part.1 [구리]",Butler TV，《豪宅之门的秘密：第一部分》[Guri]
최현우 19+Ⅰ,崔贤宇 19+Ⅰ
라베크 자매 Two Pianos: 필립 글래스의 장 콕토 3부작,拉贝克姐妹双钢琴：菲利普·格拉斯的让·科克托三部曲
다비드 바뱅 & 아드리앙 몽도의 피아노 피아노,大卫·巴宾和阿德里安·蒙多的钢琴
신데렐라 [부산 동래],灰姑娘 [釜山东莱]
크리스탈 파이트 & 조너선 영의 어셈블리 홀,克里斯托·皮特和乔纳森·杨的集会厅
장화신은 고양이 [원주],穿靴子的猫 [原州]
빨간모자와 늑대 [원주],小红帽与狼 [元州]
지브리 & 디즈니 영화음악 FESTA [고양 (앵콜) ],吉卜力＆迪士尼电影音乐节 [高阳市（安可）]
Oxxxymiron Live,Oxxxymiron 直播
싱어게인4 전국투어 콘서트,歌手再次登场 4 全国巡回演唱会
SPRING OST CONCERT: 음악으로 피어나는 영화 속 봄날의 한 장면,春季原声音乐会：电影中春日场景的乐章
유키 구라모토 콘서트: Peacefully [포항],仓本佑纪演唱会：Peacely [浦项]
김장훈 전국투어 콘서트: 원맨쇼 [의정부],金章勋全国巡回演唱会：个人秀 [议政府]
유키 구라모토 콘서트: Peacefully [전주],仓本由纪演唱会：和平 [Intro]
똥볶이 할멈: 정의의 맛 [안산],东坡基哈尔梅奥：正义的味道 [安山]
사과가 쿵! [부산 동래],苹果“咚”的一声！[釜山东莱]
윈튼 마살리스 & 재즈 앳 링컨센터 오케스트라 [서울 강서],温顿·马萨利斯与林肯中心爵士乐团 [首尔江西]
지브리와 사랑에 빠지다: 지브리 영화음악 콘서트 [하남],爱上吉卜力：吉卜力电影音乐会 [Hanam]
"모닝콘서트, 더블베이시스트 성민제의 베스트 베이스 콰르텟 [창원] (4월)",晨间音乐会，低音提琴家成敏济的最佳低音四重奏 [昌原]（四月）
에그박사: 해적 보물섬의 비밀 [여수],蛋博士：海盗宝藏岛的秘密 [丽水]
원더매직의 오리지널 과학마술콘서트 시즌1 [포항],Wonder Magic原创科学魔术演唱会第一季【浦项】
아기돼지 삼형제 [광양],三只小猪 [光阳]
광양시문화예술회관 대공연장,光阳市文化艺术中心大演出厅
전남 광양시 광양읍 향교길 9-30,全罗南道光阳市光阳邑乡校路9-30
아기돼지 삼형제 [전주],三只小猪 [全州]
신데렐라 [수원],灰姑娘 [水原]
지브리와 사랑에 빠지다: 지브리 영화음악 콘서트 [서울 구로],爱上吉卜力：吉卜力电影音乐会 [首尔九老区]
구로아트밸리 예술극장,古罗艺术谷艺术剧院
서울 구로구 구로5동 가마산로23길,首尔特别市九老区九老5洞伽马山路23街
김다현 전국투어 콘서트: 꿈,金多贤全国巡回演唱会：梦想
김창완밴드 전국투어 시즌4: 하루 [안산],金昌完乐队全国巡回演唱会第四季：一天 [安山]
겨울왕국: 겨울이야기 & 초대형레이져쇼 [군산],冰雪奇缘：冬日故事 & 巨型激光秀 [群山]
김창완밴드 전국투어 시즌4: 하루 [익산],金昌完乐队全国巡回演唱会第四季：一天 [益山]
바다탐험대 옥토넛 시즌4: 숨겨진 보물을 찾아라! [과천],海底小纵队第四季：寻找隐藏的宝藏！[果川]
김창완밴드 전국투어 시즌4: 하루 [용인],金昌完乐队全国巡回演唱会第四季：一天 [龙仁]
최형배 마술사의 울트라 매직콘서트 [용산],魔术师崔亨培的超级魔术演唱会[龙山]
포켓다이노 [포항],口袋恐龙 [浦项]
백설공주 [수원 팔달],白雪公主 [Suwon Paldal]
틀려도 괜찮아 [춘천],犯错也没关系 [春川]
포켓다이노 [춘천],口袋恐龙 [春川]
"최백호 50주년 콘서트: 낭만의 50년, 시간의 흔적을 노래하다 [진주]",崔白虎出道50周年演唱会：50年的浪漫，唱出时光的痕迹 [晋州]
어린이 캣 [의정부],儿童猫 [议政府]
YB REMASTERED 3.0: Odyssey [전주],YB 重制版 3.0：奥德赛 [简介]
헬로카봇 스페셜 시즌9: 전설의 용사를 찾아서 [청주],你好 Carbot 特别篇 第 9 季：寻找传说中的英雄 [清州]
CINEMA IN CLASSIC: 지브리 픽사 영화음악 OST [포항],经典电影：吉卜力与皮克斯电影音乐原声带 [浦项]
어린이 캣 [구리],小猫[铜]
어린이 캣 [강릉],儿童猫 [江陵]
"아티스트 시리즈 2, The Violin and Lifelong Friends",艺术家系列2：小提琴与终生挚友
스쿨매직콘서트 [성남],校园魔法音乐会 [城南]
매직랜드 하이라이트쇼 [서울 혜화],Magic Land Highlight Show [惠化，首尔]
소극장 창덕궁,昌德宫小剧场
서울특별시 종로구 창경궁로 227(명륜4가),首尔特别市钟路区昌庆宫路227(明伦4街)
부활 40주년 콘서트 [고양],Revival 40周年纪念演唱会 [高阳]
"서울시합창단, 명작시리즈 Ⅱ: 카르미나 부라나",首尔市立合唱团，杰作系列第二辑：卡尔米娜·布拉纳
"서울시발레단, 트리플 빌: 올 포 한스 판 마넨",首尔芭蕾舞团《三重比尔：一切为了汉斯·范·曼宁》
"서울시합창단, 한여름의 메시아",首尔市立合唱团，《仲夏弥赛亚》
"서울시뮤지컬단, 크리스마스 캐럴",首尔市立音乐剧院，《圣诞颂歌》
스미레 미용실,Sumire美发沙龙
"서울시극단, 빅 마더",首尔市立剧院，大母亲
로보카폴리: 브룸스타운의 에너지를 지켜라! [고양],变形警车珀利：守护布鲁姆斯镇的能源！[高阳]
"세종시즌, 정명훈 x KBS교향악단 x 김선욱: 베토벤 + 브람스",世宗季，郑明勋 x KBS交响乐团 x 金善旭：贝多芬 + 勃拉姆斯
"서울시발레단, In the Bamboo Forest",首尔芭蕾舞团，《竹林之中》
"세종시즌, 나부코",世宗季，纳布科
"서울시오페라단, 오페라 갈라",首尔城市歌剧院，歌剧盛会
"세종시즌, Gut: Whispering Steps, 무감서기",世宗季节，肠子：低语的脚步，无尽的
"서울시무용단, 스피드",首尔城市舞蹈团，速度
"서울시뮤지컬단, 더 트라이브",首尔市立音乐剧院，《部落》
해리 포터와 죽음의 성물™ Part Ⅱ 인 콘서트,《哈利·波特与死亡圣器（下）》音乐会
우시다 토모하루 피아노 리사이틀,牛田智春钢琴独奏音乐会
"세종시즌, Re-프로젝트: 형식의 재발견",世宗季，重塑计划：重新发现形式
"서울시오페라단, 라보엠",首尔城市歌剧院，《波西米亚人》
"서울시국악관현악단 실내악 시리즈, 일노래",首尔市立传统管弦乐团室内乐系列，劳动号子
"서울시국악관현악단, 믹스드 오케스트라",首尔市立传统音乐管弦乐团，混合管弦乐团
마사야 카메이 피아노 리사이틀,龟井雅也钢琴独奏会
"세종시즌, 창작 국악 시리즈: 신풍류전",世宗季，韩国传统音乐创意系列：新风流传
"서울시합창단, 가곡시대",首尔市立合唱团，《艺术歌曲时代》
최고다 호기심딱지 시즌3: 동화나라 구출 대작전 [포항],最佳好奇贴纸第三季：童话王国救援行动【浦项】
지브리와 사랑에 빠지다: 지브리 영화음악 콘서트 스페셜 [포항],爱上吉卜力：吉卜力电影音乐会特别节目【浦项】
CINEMA IN CLASSIC: 지브리 픽사 영화음악 OST,经典电影：吉卜力工作室和皮克斯动画电影原声带
비원뮤직홀 콘서트홀,B1 音乐厅
대구 서구 달서천로 374,大邱市西区达世川路374号
"엄마까투리: 유치원도, 도시도 처음이야 [구리]",卡图里妈妈：这是我第一次上幼儿园，也是第一次来这座城市[古里]
제450회 인천시립교향악단 정기연주회: 인천시향의 말러,仁川爱乐乐团第450场常规音乐会：仁川爱乐乐团演奏的马勒
제449회 인천시립교향악단 정기연주회: 인천시향과 크리스토프 포펜,第449届仁川爱乐乐团常规音乐会：仁川爱乐乐团与克里斯托夫·波彭
제448회 인천시립교향악단 정기연주회: 인천시향의 브람스,第448届仁川爱乐乐团常规音乐会：仁川爱乐乐团演奏的勃拉姆斯作品
제447회 인천시립교향악단 정기연주회: 인천시향의 버르토크,第447届仁川爱乐乐团常规音乐会：仁川爱乐乐团演奏的巴托克作品
제445회 인천시립교향악단 정기연주회,仁川爱乐乐团第445届常规音乐会
제446회 인천시립교향악단 정기연주회: 창단 60주년 기념음악회,仁川爱乐乐团第446届常规音乐会：成立60周年纪念音乐会
제444회 인천시립교향악단 정기연주회,第444届仁川爱乐乐团常规音乐会
제443회 인천시립교향악단 정기연주회: 인천시향의 드보르자크,第443届仁川爱乐乐团常规音乐会：仁川爱乐乐团演奏的德沃夏克作品
제442회 인천시립교향악단 정기연주회: 인천시향의 말러,第442届仁川爱乐乐团常规音乐会：仁川爱乐乐团演奏的马勒作品
지브리를 품은 클래식: 바람이 피어나는 계절,吉卜力经典之作：《花开时节》
아마자라시 아시아투어,甘扎拉亚洲巡演
"데뷔 60주년 기념공연, 남진 전국투어 콘서트 [수원]",出道60周年纪念演出，南镇全国巡回演唱会[水原]
The 심수봉 SHOW [수원],沈秀峰秀 [水原]
신데렐라 [인천 남동],灰姑娘 [仁川南洞]
겨울왕국: 겨울이야기 [익산],冰雪奇缘：冬日故事 [益山]
"크라프트베르크 내한공연, Kraftwerk Multimedia Tour in Seoul",Kraftwerk 首尔多媒体巡演
러브 내한공연 (luv ASIA TOUR in SEOUL),luv 亚洲巡回演唱会首尔站
겨울왕국: 겨울이야기 [이천],冰雪奇缘：冬日故事 [Icheon]
"국립심포니오케스트라, 영화음악 콘서트",国家交响乐团，电影音乐会
"제266회 국립심포니오케스트라 정기연주회: 파야, 삼각모자 모음곡",第266届国家交响乐团常规音乐会：法雅，《三角帽组曲》
"제264회 국립심포니오케스트라 정기연주회: 멘델스존, 교향곡 4번 이탈리아",第264届国家交响乐团常规音乐会：门德尔松第四交响曲（意大利）
"제267회 국립심포니오케스트라 정기연주회: 슈만, 교향곡 2번",第267届国家交响乐团常规音乐会：舒曼第二交响曲
"국립심포니오케스트라, 영화음악 콘서트: 할리우드 블록버스터",国家交响乐团，电影音乐会：好莱坞大片
"제268회 국립심포니오케스트라 정기연주회: 멘델스존, 교향곡 3번 스코틀랜드",第268届国家交响乐团常规音乐会：门德尔松第三交响曲（苏格兰）
"제265회 국립심포니오케스트라 정기연주회: 베토벤, 교향곡 7번",第265届国家交响乐团常规音乐会：贝多芬第七交响曲
오스카상 수상 작곡가 제임스 호너의 타이타닉 & 아바타 라이브 백-투-백 필름 콘서트,奥斯卡获奖作曲家詹姆斯·霍纳的《泰坦尼克号》和《阿凡达》电影现场音乐会
"제263회 국립심포니오케스트라 정기연주회: 거슈윈, 파리의 아메리카인",第263届国家交响乐团常规音乐会：格什温，《一个美国人在巴黎》
제824회 KBS교향악단 정기연주회,第824届KBS交响乐团常规音乐会
에그박사: 해적 보물섬의 비밀 [오산],蛋博士：海盗宝藏岛的秘密 [Osan]
제4회 고3형민 노예해방쇼,第四届高中生亨民奴隶解放秀
"아름다운 목요일 영 오디세이: 베토벤, Ⅲ. 윤해원 & 박원민 & 진영훈 Violin",美丽的星期四青年奥德赛：贝多芬，第三乐章。尹海媛、朴元民、金永勋 小提琴
"아름다운 목요일 영 오디세이: 베토벤, Ⅰ. 이현정 & 손지우 Violin",美丽的星期四青年奥德赛：贝多芬，I. 李贤贞和孙智宇小提琴
"아름다운 목요일 영 오디세이: 모차르트, Ⅳ. 이정우 & 김아인 Piano",美丽的星期四青年奥德赛：莫扎特，第四乐章。李正宇 & 金雅仁 钢琴
"아름다운 목요일 영 오디세이: 모차르트, III. 남예서 & 홍석영 & 박해림 Piano",美丽的星期四青年奥德赛：莫扎特，第三乐章。南艺瑞、洪锡荣、朴海琳钢琴演奏
"아름다운 목요일 영 오디세이: 모차르트, Ⅱ. 남예서 & 이정우 Piano",美丽的星期四，《青春奥德赛》：莫扎特，第二乐章。南艺瑞 & 李正宇 钢琴
"아름다운 목요일 영 오디세이: 모차르트, Ⅰ. 홍석영 & 박해림 & 김아인 Piano",美丽的星期四青年奥德赛：莫扎特，第一乐章 洪锡荣、朴海琳、金雅仁钢琴演奏
"아름다운 목요일 스페이스, 트리오 오원 Piano Trio",美丽的星期四空间，O-Won钢琴三重奏
"아름다운 목요일 스페이스, 노부스 콰르텟 String Quartet",美丽的星期四空间，诺瓦斯弦乐四重奏
"아름다운 목요일 스페이스, 김다솔 Piano",美丽的星期四空间，金达索钢琴
"아름다운 목요일 스페이스, 김다미 Violin",美丽的星期四空间，金达米小提琴
"아름다운 목요일 스페셜 콘서트, 윤이상국제음악콩쿠르 박성용영재특별상 수상자 음악회, 이재리 Cello",美丽的星期四特别音乐会，尹伊桑国际音乐比赛朴成勇青年才俊特别奖音乐会，李在利大提琴
"아름다운 목요일 금호아트홀 상주음악가, 바리톤 김태한: 페르소나 Ⅳ. 고독",美丽的星期四，锦湖艺术馆驻馆艺术家、男中音歌唱家金泰汉：《人格IV：孤独》
"아름다운 목요일 금호아트홀 상주음악가, 바리톤 김태한: 페르소나 Ⅲ. 사랑",美丽的星期四，锦湖艺术馆驻馆艺术家、男中音歌唱家金泰汉：《人格III：爱》
"아름다운 목요일 금호아트홀 상주음악가, 바리톤 김태한: 페르소나 Ⅱ. 관계",美丽的星期四，锦湖艺术馆驻馆艺术家、男中音歌唱家金泰汉：人格 II. 人际关系
"아름다운 목요일 금호솔로이스츠, 금호솔로이스츠: 선율의 항해 Ⅳ. 러시아, 영혼의 기록",美丽的星期四 锦湖独奏家，锦湖独奏家：旋律之旅 IV. 俄罗斯，灵魂的记录
"아름다운 목요일 금호솔로이스츠, 금호솔로이스츠: 선율의 항해 Ⅲ. 오스트리아, 전통의 숨결",美丽的星期四 锦湖独奏家乐团，锦湖独奏家乐团：旋律之旅 III. 奥地利，传统之息
"아름다운 목요일 금호솔로이스츠, 금호솔로이스츠: 선율의 항해 Ⅱ. 동유럽, 사랑과 열정으로",美丽的星期四 锦湖独奏家，锦湖独奏家：旋律之旅 II. 东欧，带着爱与激情
"아름다운 목요일 금호라이징스타, 희석 엘리아스 아클리 Piano",美丽的星期四，锦湖新星，熙硕·伊莱亚斯·阿克利钢琴
"아름다운 목요일 금호라이징스타, 이해수 Viola",美丽的星期四锦湖新星，李海秀 Viola
"아름다운 목요일 금호 Exclusive, 로날트 브라우티함 Fortepiano",美丽的星期四 Kumho 独家报道，Ronald Brautiham 古钢琴
아름다운 목요일 인터내셔널 마스터즈: 스티븐 허프 Piano,美好星期四国际大师：斯蒂芬·霍夫钢琴
"아름다운 목요일: 고요, 그 너머에: 조진주 Violin Solo",美丽的星期四：寂静之外：赵晋珠小提琴独奏
"아름다운 목요일 인터내셔널 마스터즈, 모차르트 플러스 Ⅱ: 폴 루이스 Piano",美好星期四国际大师，莫扎特精选 II：保罗·路易斯钢琴
"아름다운 목요일: 고요, 그 너머에: 조진주 Violin",美丽的星期四：寂静之外：赵晋珠，小提琴
아름다운 목요일 위대한 작곡가: 프란츠 슈베르트 X 문지영 Piano Ⅰ,美丽的星期四 伟大的作曲家：弗朗茨·舒伯特 X 文智英 钢琴 I
아름다운 목요일 위대한 작곡가: 루트비히 판 베토벤 X 김태형 Piano Ⅱ,美丽的星期四 伟大的作曲家：路德维希·范·贝多芬 X 金泰亨 钢琴 II
아름다운 목요일 위대한 작곡가: J.S.바흐 X 한수진 Violin,美好的星期四 伟大的作曲家：J.S.巴赫 X 韩秀珍 小提琴
아름다운 목요일 요하네스: 이한나 Viola & 김다솔 Piano,美丽的星期四 Johannes：Lee Hanna 中提琴 & Kim Dasol 钢琴
아름다운 목요일 요하네스: 윤홍천 Piano,美丽的星期四 Johannes：尹洪天钢琴
"국립창극단, 완창판소리 (6월)",国立昌格剧场，盘索里全集演出（六月）
"국립무용단, 귀향",国家舞蹈团，《返校节》
"국립국악관현악단 관현악시리즈 Ⅳ, 이병우와 국립국악관현악단",国立国乐管弦乐团第四辑，李秉佑与国立国乐管弦乐团
"국립창극단, 완창판소리 (5월)",国立昌格剧场，盘索里全套演出（五月）
"국립국악관현악단, 정오의 음악회 (4월)",国乐乐团午间音乐会（四月）
"국립창극단, 절창 Ⅵ",国立昌格剧场，第六部杰作
"국립국악관현악단, 관현악시리즈 Ⅲ. 상주작곡가: 손다혜·홍민웅",韩国传统音乐乐团，管弦乐系列第三辑。驻团作曲家：孙多惠、洪敏雄
"국립창극단, 완창판소리 (4월)",国立昌格剧场，盘索里全集演出（四月）
"국립국악관현악단, 정오의 음악회 (5월)",国家国乐乐团，午间音乐会（五月）
"국립국악관현악단, 어린이 음악회: 신나락 만나락",国家古加克管弦乐团，儿童音乐会：辛纳拉克·曼纳拉克
"함께, 봄",春天，我们在一起
지브리와 사랑에 빠지다: 지브리 영화음악 콘서트 스페셜 [창원],爱上吉卜力：吉卜力电影音乐会特别节目 [昌原]
칼로막베스,卡洛马克贝斯
로미오와 줄리엣 The Clown,罗密欧与朱丽叶 小丑
인사이드 미 [부산 동구],在我里面 [釜山东区]
NIKKE ORCHESTRAL CONCERT: Unbreakable Memories,妮可管弦乐音乐会：牢不可破的记忆
살로메,莎乐美
백건우 피아노 리사이틀,白建宇钢琴独奏音乐会
"Sound of Busan #3: 유나이티드 코리안 오케스트라, 올 댓 차이콥스키 (교향곡#6)",釜山之声 #3：韩国联合管弦乐团，柴可夫斯基作品全集（第六交响曲）
"Sound of Busan #2: 부산네오필하모닉오케스트라, 올 댓 차이콥스키 (교향곡#5)",釜山之声 #2：釜山新爱乐乐团，柴可夫斯基作品全集（第五交响曲）
살롱 드 국악 Ⅰ. 첼로가야금,国乐沙龙大提琴和伽倻琴
살롱 드 국악 Ⅱ. 추다혜차지스,国乐沙龙 II.楚达希查吉斯
Puma Blue Live,Puma Blue Live
서울시향 얍 판 츠베덴의 말러 교향곡 6번: 비극적,首尔爱乐乐团 梵志登 马勒第六交响曲：悲剧
"키우피우 오브제극축제, 걸리버 여행기: ZOOM IN OUT",基乌皮乌物体剧场节，《格列佛游记》：放大缩小
새봄맞이 합창제: 우리들의 합창,春季合唱节：我们的合唱团
"제2회 신진예술인 풀충전 페스티벌, 토끼굴에 갇힌 새",第二届新兴艺术家全面充电节，困在兔子洞里的鸟
"키우피우 오브제극축제, 봉장취",基乌皮乌物体剧场节，邦江池
"키우피우 오브제극축제, 코 잃은 코끼리 코바",基乌皮乌物体剧场节，《失去象鼻的科巴》
"위클리 클래식 페스티벌, 사랑이 형태를 가질 때: 피아노 서승은 [서울 수서]",每周古典音乐节，当爱成形之时：钢琴家徐承恩 [首尔市水西]
서울특별시 강남구 밤고개로34길 14 (세곡동),首尔特别市江南区竹谷路34街14（石谷洞）
"위클리 클래식 페스티벌, 앙상블 패치워크: 봄바라기 [논산]",每周经典庆典，拼布乐团：春之愿望 [论山]
프리비젼스튜디오,普雷维森工作室
충청남도 논산시 은진면 탑정로 596,忠清南道论山市恩津面踏井路596
"위클리 클래식 페스티벌: 사랑, 다섯 개의 숨: 앙상블 F [경기오산]",每周经典音乐节：爱，五息：F乐团 [京畿道乌山]
MEG아트홀,MEG艺术馆
경기도 오산시 내삼미로 93(수청동),京畿道乌山市内三美路93（水清洞）
"대한민국연극제 서울대회, NO EXIT 노엑시트",韩国戏剧节首尔竞赛，《无路可逃》
강남씨어터,江南剧场
서울특별시 강남구 역삼로7길 16 (역삼동),首尔特别市江南区驿三路7街16（驿三洞）
제1회 은곡마을 음악축제: ENCOUNTER,第一届恩戈克村音乐节：邂逅
야기스튜디오,八木工作室
서울특별시 강남구 헌릉로569길 37(세곡동),首尔市江南区宪营路569街37号（世谷洞）
음악극 페스티벌,音乐剧节
"서울 국제 모노드라마 페스티벌, 덕질의 이해",首尔国际独角戏节，《理解粉丝文化》
서울특별시 중구 삼일대로9길 12 (저동1가),首尔特别市中区三一大路9街12(贞洞1街)
"대한민국연극제 서울대회: 도꾸가와 이에야스, 주민센터에 가다",韩国国立戏剧节首尔锦标赛：德川家康进城记
"제79회 라이브 클럽 데이, CJ문화재단 20주년 기념: Dream to Stage",第79届Live Club Day，庆祝CJ基金会成立20周年：梦想成真舞台
라이브클럽 협동조합,现场俱乐部合作社
서울특별시 마포구 어울마당로 61 (서교동),首尔特别市麻浦区乙马堂路61（西桥洞）
"All Day, JAZZ SHOW! (올데이, 재즈쇼!) 1부 (03.29)",全天爵士乐秀！第一部分（03.29）
제4회 설레발레 페스티벌,第四届雪乐芭蕾舞节
"제3회 서울 국제 모노드라마 페스티벌, 그렇게 산을 넘는다, 사라지지 않는",第三届首尔国际独幕剧节，《那样翻山越岭，永不消失》
"대한민국연극제 서울대회, 물고기 여인 [서울 서대문]",韩国国立戏剧节首尔竞赛，《鱼女》[西大门，首尔]
북아현아트홀,北海延艺术馆
서울특별시 서대문구 북아현로 51(북아현동),首尔特别市西大门区北河县路51（北河县洞）
"제3회 서울 국제 모노드라마 페스티벌, 그레타 오토 (Greta Oto)",第三届首尔国际独角戏节，格蕾塔·奥托
"위클리 클래식 페스티벌, 사랑의 역사: 바이올린 강유경, 기타 안용헌 [경기 오산]",每周古典音乐节，爱情史：小提琴 姜裕京，吉他 安勇宪 [京畿道乌山]
DMZ 피스트레인 뮤직 페스티벌 [철원],DMZ和平列车音乐节[铁原]
고석정,高石亭
강원도 철원군 동송읍 태봉로 1825,江原道铁原郡东松邑泰峰路1825
"위클리 클래식 페스티벌, 사랑의 기억: 바이올린 김응수 [충남 서산]",每周古典音乐节，爱的回忆：小提琴家金应洙 [忠清南道瑞山]
모투스 아트홀,莫图斯艺术馆
충청남도 서산시 군진4길 109-29 (예천동),忠清南道瑞山市军津4街109-29（醴泉洞）
"위클리 클래식 페스티벌, 음악으로 사랑이 피어난다면: 카운터테너 윤진태, 피아노 백원주 [서울 수서]",每周古典音乐节，如果爱情因音乐而绽放：假声男高音尹镇泰，钢琴白元柱 [首尔水西]
"발레축제, 유니버설발레단: 심청",芭蕾舞节，环球芭蕾舞团：沈清
"제35회 대한민국 신춘문예 페스티벌, 포말",第35届韩国新春文学节，Foam
"제35회 대한민국 신춘문예 페스티벌, 베드 아일랜드",第35届韩国新春文学节，床岛
"제35회 대한민국 신춘문예 페스티벌, 꿈에서 아빠 죽이기",第35届韩国新春文学节，《梦中杀父》
"제35회 대한민국 신춘문예 페스티벌, 강릉96",第35届韩国新春文学节，江陵96
HIPHOPPLAYA FESTIVAL,嘻哈节
"청남대 재즈토닉 페스티벌, The Jazz of Matisse Colors: 마티스의 색으로 재즈를 노래하다 [청주]",清南台爵士音乐节，马蒂斯色彩的爵士乐：用马蒂斯的色彩歌唱爵士乐 [清州]
청남대,清南大
충청북도 청주시 상당구 문의면 청남대길 646,忠清北道清州市上堂区文义面青南大道646
"제3회 MY드림페스티벌: 춤추는 나무 인형, 피노키오 [밀양]",第三届MY梦想节：木偶舞者匹诺曹[密阳]
"제3회 MY드림페스티벌, 우주매직쇼 [밀양]",第三届MY梦想节，太空魔术秀【密阳】
"IAPF, HIBI: 나날",IAPF，HIBI：天
공간소극장,小型剧场
부산 남구 수영로 지하 242,釜山南区水营路地下242号
"IAPF, 움직임 속의 주파수: Frequency in Motion",IAPF，运动中的频率
"제35회 대한민국 신춘문예 페스티벌, 홀드",第35届韩国新春文学节，举办
"제35회 대한민국 신춘문예 페스티벌, 익명의 원칙",第35届韩国新春文学节，《匿名原则》
"제35회 대한민국 신춘문예 페스티벌, 항해사",第35届韩国新春文学节，《导航者》
"제35회 대한민국 신춘문예 페스티벌, 실화를 바탕으로 함",第35届韩国新春文学节，根据真实故事改编
제35회 대한민국 신춘문예 페스티벌: 창고에선 신선도 유지,第35届韩国新春文学节：仓库里的新鲜感
"체리블라썸 뮤직페스티벌, 트롯데이 [진해]",樱花音乐节，Trot日 [镇海]
진해공설운동장,镇海公共体育场
경상남도 창원시 진해구 충무로 43 (도만동),庆尚南道昌原市镇海区忠武路43（道满洞）
어썸뮤직페스티벌,精彩的音乐节
"대한민국연극제 서울대회, 눈부신 그날에",韩国戏剧节首尔锦标赛，在那耀眼的日子
중랑구민회관 대공연장,中浪区社区中心大演出厅
서울 중랑구 면목로 238,首尔市中浪区面木路238号
"제43회 대구연극제, 다만 나 혼자 기뻤다",第43届大邱戏剧节，只有我一个人开心
"위클리 클래식 페스티벌, The Love 그 사랑: 그레이스 앙상블 [경기 오산]",每周经典音乐节，爱：恩典乐团 [京畿道乌山]
"제5회 더파란연극제, 굿프렌즈",第五届帕兰戏剧节，好朋友
소극장 길,小剧院路
대구광역시 남구 명덕로22길 27 (대명동),大邱广域市南区明德路22街27(大明洞)
"대한민국연극제 서울대회, K 가족",韩国国立戏剧节首尔竞赛单元，K Family
금천뮤지컬센터 금천예술극장,衮川音乐中心 衮川艺术剧院
서울 금천구 시흥대로115길 48,首尔特别市衿川区始兴大路115街48
"제5회 더파란 연극제, 테레즈",第五届帕兰戏剧节，特蕾莎
우전소극장,宇田小剧场
대구광역시 남구 현충로 256 (대명동),大邱广域市南区显忠路256(大明洞)
제5회 더파란 연극제: 곰,第五届帕兰戏剧节：熊
서울히어로락페스티벌 X 트리헌드레드,首尔英雄摇滚音乐节 X Tree Hundred
문화비축기지 문화마당,文化存储基地 文化广场
서울 마포구 증산로 87,首尔特别市麻浦区正山路 87
"제5회 더파란 연극제: 오늘의 내일, 내일의 어제",第五届帕兰戏剧节：今日即明日，明日即昨日
뷰티풀 민트 라이프,美丽的薄荷生活
GS아트센터 X 서울재즈페스티벌: 인코그니토,GS艺术中心 X 首尔爵士音乐节：隐身
"예술의전당 교향악축제, 부천필하모닉오케스트라 (04.05)",首尔艺术中心交响乐节，富川爱乐乐团（4月5日）
"예술의전당 교향악축제, 수원시립교향악단 (04.02)",首尔艺术中心交响乐节，水原爱乐乐团（4月2日）
"예술의전당 교향악축제, 대구시립교향악단 (04.10)",首尔艺术中心交响乐节，大邱爱乐乐团（4月10日）
"예술의전당 교향악축제, 춘천시립교향악단 (04.19)",首尔艺术中心交响乐节，春川市交响乐团（4月19日）
"예술의전당 교향악축제, 포항시립교향악단 (04.08)",首尔艺术中心交响乐节，浦项市交响乐团（4月8日）
"예술의전당 교향악축제, 광주시립교향악단 (04.12)",首尔艺术中心交响乐节，光州爱乐乐团（4月12日）
"예술의전당 교향악축제, KBS교향악단 (04.22)",首尔艺术中心交响乐节，KBS交响乐团（4月22日）
"예술의전당 교향악축제, 부산시립교향악단 (04.03)",首尔艺术中心交响乐节，釜山爱乐乐团（04.03）
"예술의전당 교향악축제, 인천시립교향악단 (04.04)",首尔艺术中心交响乐节，仁川爱乐乐团（04.04）
"예술의전당 교향악축제, 서울시립교향악단 (04.09)",首尔艺术中心交响乐节，首尔爱乐乐团（04.09）
"예술의전당 교향악축제, 대전시립교향악단 (04.11)",首尔艺术中心交响乐节，大田爱乐乐团（4月11日）
"제166회 군산시립교향악단 정기연주회, 프리뷰 콘서트: 교향악 축제 [군산]",第166届群山市交响乐团常规音乐会、预演音乐会：交响乐节【群山】
"아츠스프링 대구 페스티벌, 손혜영의 춤: 춤동행-태평을 걷다",大邱春季艺术节，孙慧英舞蹈作品：《舞伴——漫步和平》
"GS칼텍스 예울마루 실내악 페스티벌: 실내악, 그 이상의 세계 [여수]",GS Caltex Yeulmaru室内乐音乐节：室内乐，超越世界 [丽水]
"체리블라썸 뮤직페스티벌, MUSIC & BAND [진해]",樱花音乐节，音乐与乐队 [镇海]
PEAK FESTIVAL,巅峰音乐节
지브리 영화음악 FESTA [성남],吉卜力电影音乐节 [城南]
지브리 발레 FESTA,吉卜力芭蕾舞节
지브리 & 디즈니 영화음악 FESTA [서울 (앵콜) ],吉卜力与迪士尼电影音乐节 [首尔（安可）]
통영국제음악당 블랙박스,统营国际音乐厅黑匣子剧场
"통영국제음악제, 박수예 & 오를리 샤함 듀오 리사이틀",统营国际音乐节，朴秀艺与奥莉·沙哈姆二重奏音乐会
지브리 & 디즈니 영화음악 FESTA [대전 (앵콜) ],吉卜力与迪士尼电影音乐节 [大田（安可）]
신세계사이먼 부산 프리미엄 아울렛,新世界西蒙釜山奥特莱斯
대금굴 (대이리 동굴지대),大金洞（大利洞区）
대금굴 대이리 동굴지대,大金窟，大伊里洞穴区
강원특별자치도 삼척시 신기면 환선로 800,江原道三陟市新基面环仙路800
- 동절기(11월~2월) 9:30~16:00 - 하절기(3월~10월) 9:00~17:00 ※ 당일 예약 불가,"- 冬季（11月至2月）9:30–16:00

- 夏季（3月至10月）9:00–17:00

※ 不接受当日预约"
"[개인] - 어른 12,000원 - 경로·청소년 9,000원 - 어린이·군인 6,000원 [단체(30인 이상)] - 어른 10,000원 - 경로·청소년 8,000원 - 어린이·군인 5,000원 ※ 6세 이하 무료 ※ 모노레일 이용료가 포함된 금액","【个人】 - 成人 12,000 韩元 - 老年人及青少年 9,000 韩元 - 儿童及军人 6,000 韩元

【团体（30人及以上）】 - 成人 10,000 韩元 - 老年人及青少年 8,000 韩元 - 儿童及军人 5,000 韩元

※ 6岁及以下儿童免费

※ 价格包含单轨列车车票"
용문사(용문산),龙门寺（龙门山）
용문사 용문산,龙门寺，龙门山
경기도 양평군 용문면 용문산로 782,京畿道杨平郡龙门面龙门山路782
상시 개방,始终开放
하동 화개장터,河东花街市场
경남 경상남도 하동군 화개면 쌍계로 15,庆尚南道河东郡华开面双溪路15
※ 점포 별로 상이함,※ 各门店情况可能有所不同
속초 외옹치 바다향기로,束草永池海香路
강원특별자치도 속초시 대포동 585-5 (대포동),江原道束草市大浦洞585-5（大浦洞）
- 하절기(4월~9월) 06:00~20:00- 동절기(10월~3월) 07:00~18:00,- 夏季（4月至9月）06:00–20:00 - 冬季（10月至3月）07:00–18:00
망원한강공원,望远汉江公园
서울특별시 마포구 마포나루길 467,首尔特别市麻浦区Maponarugil 467
무료,自由的
델피노호텔&리조트 오션플레이,德尔皮诺酒店及度假村海洋游乐区
10:00~19:00 (실내존)10:00~18:00 (야외존),10:00~19:00（室内区） 10:00~18:00（室外区）
"[미들시즌(2024.08.26~2024.10.06)]- 어른, 청소년 52,000원- 어린이 47,000원-영/유아(36개월 미만) 무료[골드시즌(2024.06.22~2024.08.25)]- 어른, 청소년 62,000원- 어린이 52,000원-영/유아(36개월 미만) 무료※ 36개월 미만 영/유아 의료보험증 등 나이 확인이 필요한 증빙서류 필수","【中季（2024年8月26日至2024年10月6日）】

- 成人、青少年 52,000 韩元

- 儿童 47,000 韩元

- 婴幼儿（36个月以下）免费

【黄金季（2024年6月22日至2024年8月25日）】

- 成人、青少年 62,000 韩元

- 儿童 52,000 韩元

- 婴幼儿（36个月以下）免费

※ 36个月以下的婴幼儿需出示年龄证明，例如健康保险卡。"
통영케이블카,统营缆车
경남 경상남도 통영시 발개로 205,庆尚南道统营市巴尔盖路 205
기상 상황에 따라 변동 가능하므로 자세한 사항은 홈페이지 참조 ※ 매표는 운행종료 2~3시간 전 조기마감될 수 있음,演出安排可能因天气情况而有所调整，详情请参考网站。※门票销售可能在演出结束前2-3小时停止。
죽녹원,竹绿园
전남 전라남도 담양군 담양읍 죽녹원로 119,韩国全罗南道潭阳郡潭阳邑竹绿园路 119
- 하절기(3월~10월) 09:00~19:00 (입장마감 18:00)- 동절기(11월~2월) 09:00~18:00 (입장마감 17:30)※ 관람시간 이외에는 전면통제되오니 관람시간 이후 퇴장시에는 이이남아트센터를 이용하여 퇴장,"- 夏季（3月至10月）09:00–19:00（最后入场时间18:00）

- 冬季（11月至2月）09:00–18:00（最后入场时间17:30）

※ 非开放时间，本馆将完全关闭。闭馆后，请从义南艺术中心出口离开。"
"[개인]- 일반 3,000원- 청소년(중고생) / 군인(하사 이하) 1,500원- 초등학생 1,000원[단체(20인 이상)]- 일반 2,400원- 청소년(중고생) / 군인(하사 이하) 1,000원- 초등학생 600원※ 무료- 담양군민 / 65세 이상 / 만 6세 미만 / 국가유공자 / 6급 이하 장애인(단, 1~3급은 보호자 1인 포함)※ 무료입장대상자는 관련 신분증 제시 필수","【个人】

- 普通票 3,000 韩元

- 青少年（初中/高中学生）/军人（士官及以下）1,500 韩元

- 小学生 1,000 韩元

【团体票（20 人及以上）】

- 普通票 2,400 韩元

- 青少年（初中/高中学生）/军人（士官及以下）1,000 韩元

- 小学生 600 韩元

※ 免费

- 潭阳郡居民 / 65 岁及以上老人 / 6 岁以下儿童 / 国家功勋人士 / 残疾人士 / 六年级及以下学生（一至三年级学生需至少一位监护人陪同）

※ 免费入场者需出示相关证件"
여수 해상케이블카,丽水海上缆车
전남 전라남도 여수시 돌산읍 돌산로 3600-1 (돌산읍),全罗南道丽水市突山邑突山路3600-1（突山邑）
09:30~21:30(매표마감 21:00) ※ 운행시간 및 매표시간은 상황에 따라 변경될 수 있음,09:30~21:30（21:00停止售票）※营业时间和售票时间可能会因情况而有所变更。
경주월드 어뮤즈먼트,庆州世界游乐园
경북 경상북도 경주시 보문로 544,庆尚北道庆州市普门路 544
※ 월별로 운영시간 상이하므로 홈페이지 확인 요망,※ 营业时间每月有所不同，请查看网站。
"[종일권] - 어른 54,000원 - 청소년 47,000원 - 어린이 39,000원 [평일 오후 3시권 / 휴일 야간 4시권] - 어른 39,000원 - 청소년 35,000원 - 어린이 29,000원 ※ 무료 : 36개월 미만 (증빙서류 지참)","【全天通票】 - 成人 54,000 韩元 - 青少年 47,000 韩元 - 儿童 39,000 韩元

【平日下午 3:00 通票 / 节假日下午 4:00 通票】 - 成人 39,000 韩元 - 青少年 35,000 韩元 - 儿童 29,000 韩元

※ 36 个月以下儿童免费（需出示年龄证明）"
아그로랜드 태신목장,艾格兰泰新牧场
충남 충청남도 예산군 고덕면 상몽2길 231,韩国忠清南道礼山郡高德面尚蒙2街231号
[하절기(3월~10월)]09:00~18:30 [동절기 (11월~2월)]09:00~17:30,[夏季（3月至10月）] 09:00–18:30 [冬季（11月至2月）] 09:00–17:30
"- 성인 7,000원- 소인 5,000원※ 자세한 사항은 전화문의 요망","成人：7,000韩元；儿童：5,000韩元 ※详情请致电咨询"
해동용궁사,海东龙宫寺
부산광역시 기장군 기장읍 용궁길 86,釜山广域市机张郡机张邑龙宫路 86
04:30~20:30,04:30~20:30
대구 서문시장 & 서문시장 야시장,大邱西门市场及西门夜市
대구광역시 중구 큰장로26길 45,大邱广域市中区根长路26街45
[서문시장]- 09:00~18:00[대구서문 야시장]- 금요일~토요일 19:00~23:30- 일요일 19:00~22:30,"【西门市场】 - 09:00~18:00

【大邱西门夜市】 - 周五至周六 19:00~23:30 - 周日 19:00~22:30"
- 하절기(3월~10월) 09:30~18:00 (입장 마감 17:30)- 동절기(11월~2월)] 09:30~17:00 (입장 마감 16:30),- 夏季（3月至10月）09:30–18:00（最晚入场时间17:30） - 冬季（11月至2月）09:30–17:00（最晚入场时间16:30）
"[개인]- 일반 3,000원- 청소년 1,500원- 어린이 1,000원[단체]- 일반 2,400원- 청소년 1,200원- 어린이 800원※ 무료 : 국가유공자 / 장애인 / 65세 이상 노인 등※ 자세한 사항은 홈페이지 참조","【个人】

- 普通票 3,000 韩元

- 青少年票 1,500 韩元

- 儿童票 1,000 韩元

【团体】

- 普通票 2,400 韩元

- 青少年票 1,200 韩元

- 儿童票 800 韩元

※ 免费：国家功勋人士/残疾人士/65岁及以上长者等

※ 详情请参考网站。"
무창포해수욕장,慕昌坡海滩
충남 충청남도 보령시 웅천읍 열린바다1길 10,韩国忠清南道保宁市熊川邑耀林巴达1街10号
파크로쉬 리조트앤웰니스 (PARK ROCHE Resort&Wellness),PARK ROCHE 度假村及健康中心
파크로쉬 리조트앤웰니스 PARK ROCHE Resort&Wellness,PARK ROCHE 度假村及健康中心
강원특별자치도 정선군 북평면 중봉길 9-12,江原道旌善郡北平面中峰路9-12号
광한루원,广汉路花园
[동절기(11월~3월)]- 08:00~20:00 [하절기(4월~10월)]- 08:00~21:00 ※ 18시 이후부터 무료개장,【冬季（11月至3月）】08:00–20:00 【夏季（4月至10月）】08:00–21:00 ※ 18:00后免费入场
"[어른(19세~64세)] - 개인 4,000원 - 단체 2,500원 - 연계할인 1,800원 [청소년(중·고등학생) 및 군인(하사이하)] - 개인 2,000원 - 단체 1,500원 - 연계할인 1,000원 [어린이(초등학생)] - 개인 1,500원 - 단체 1,000원 - 연계할인 700원 ※ 어른 단체는 20인 이상, 청소년 단체는 15인 이상 으로 동일목적, 동시입장 일행 ※ 연계할인권은 춘향테마파크 당일 입장권 소지자에 한정 ※ 무료입장 : 경로(65세 이상), 미취학 아동, 국가유공자, 등록장애인, 남원시민","【成人（19-64岁）】 - 个人票 4,000 韩元 - 团体票 2,500 韩元 - 联票优惠 1,800 韩元

【青少年（初中及高中学生）和军人（士官及以下）】 - 个人票 2,000 韩元 - 团体票 1,500 韩元 - 联票优惠 1,000 韩元

【儿童（小学生）】 - 个人票 1,500 韩元 - 团体票 1,000 韩元 - 联票优惠 700 韩元

※ 成人团体人数须满20人，青少年团体人数须满15人；团体必须出于同一目的且同时入场。

※ 联票优惠仅限持有当日春香主题公园门票的游客使用。

※ 免费入场：老年人（65岁及以上）、学龄前儿童、国家功勋人士、残疾人士、南原市居民。"
뮤지엄산,博物馆 SAN
강원특별자치도 원주시 지정면 오크밸리2길 260,江原道原州市地正面橡树谷2街260
10:00~18:00 (매표 마감 17:00),10:00~18:00（售票截止时间为17:00）
"[통합권]- 대인 46,000원- 소인(초·중·고) 34,000원[명상권]- 대인 39,000원- 소인(초·중·고) 29,000원[제임스터렐권]- 대인 39,000원- 소인(초·중·고) 29,000원- 어린이 5,000원[기본권]- 대인 23,000원- 소인(초·중·고) 15,000원- 어린이 5,000원※ 자세한 사항은 공식 홈페이지 참고 요망","【综合通票】 - 成人 46,000 韩元 - 儿童（小学、初中、高中）34,000 韩元

【冥想通票】 - 成人 39,000 韩元 - 儿童（小学、初中、高中）29,000 韩元

【詹姆斯·特瑞尔通票】 - 成人 39,000 韩元 - 儿童（小学、初中、高中）29,000 韩元 - 儿童 5,000 韩元

【基础通票】 - 成人 23,000 韩元 - 儿童（小学、初中、高中）15,000 韩元 - 儿童 5,000 韩元

※ 详情请参阅官方网站。"
해맞이해안로,哈马吉沿海公路
제주특별자치도 제주시 구좌읍 김녕리,济州特别自治道济州市旧左邑金宁里
금산 보리암(남해),金山宝莲（南海）
금산 보리암 남해,金山宝丽安南海
경남 경상남도 남해군 상주면 보리암로 665,庆尚南道南海郡尚州面宝岩路 665
- 동절기(11월~4월) 05:00~16:00 - 하절기(5월~10월) 04:00~17:00,"- 冬季（11月至4月）05:00–16:00

- 夏季（5月至10月）04:00–17:00"
도담삼봉,多丹桑蓬
충북 충청북도 단양군 매포읍 삼봉로 644 (매포읍),忠清北道丹阳郡梅浦邑三峰路 644 (梅浦邑)
09:00~18:00,9:00~18:00
비밀의 숲,秘密森林
제주특별자치도 제주시 구좌읍 송당리 2173,济州特别自治道济州市旧左邑松堂里2173
"- 일반 4,000원 - 65세 이상 3,000원 - 7세 이하 2,000원 - 3세 이하 무료 ※ 이용요금은 변동될 수 있으므로 홈페이지 참조 또는 전화 문의 요망","- 普通游客 4,000 韩元

- 65 岁及以上游​​客 3,000 韩元

- 7 岁及以下儿童 2,000 韩元

- 3 岁及以下儿童免费

※ 价格可能会有所变动，请参考网站或致电咨询。"
속초해수욕장 대관람차(속초아이),束草海滨摩天轮（束草儿童）
속초해수욕장 대관람차 속초아이,束草海滩摩天轮 束草儿童
강원특별자치도 속초시 청호해안길 2,江原道束草市青湖海岸路2
- 평일 10:00~20:00 (매표 마감 19:30) - 주말·공휴일 10:00~21:00 (매표 마감 20:30),"- 平日 10:00–20:00（售票截止时间为 19:30）

- 周末及节假日 10:00–21:00（售票截止时间为 20:30）"
매미성,蝉鸣城堡
경남 경상남도 거제시 장목면 복항길 29,庆尚南道巨济市长木面福港路29
"- 대인 15,000원- 소인 13,000원※ 자세한 사항은 홈페이지 참조","- 成人 15,000 韩元 - 儿童 13,000 韩元 ※ 详情请参阅网站。"
청풍호반케이블카,青风湖缆车
충북 충청북도 제천시 청풍면 문화재길 166 (청풍면),"166, Munhwajae-gil, Cheongpung-myeon, Jecheon-si, Chungcheongbuk-do (Cheongpung-myeon)"
- 09:30~18:30 - 매표마감 18:00 ※ 운행 중 기상악화 시 일시중단 가능 ※ 매월 운영시간 변동 있으므로 자세한 사항 홈페이지 참조,"- 9:30~18:30 - 售票截止时间为18:00

※ 如遇恶劣天气，运营可能会暂时停止。

※ 运营时间每月可能有所调整，详情请参阅网站。"
"[일반 캐빈] - 대인 18,000원 - 소인 14,000원 [크리스탈 캐빈] - 대인 23,000원 - 소인 18,000원","【标准舱】- 成人 18,000 韩元 - 儿童 14,000 韩元 【水晶舱】- 成人 23,000 韩元 - 儿童 18,000 韩元"
망상해변,芒桑海滩
강원특별자치도 동해시 동해대로 6270-10 (망상동),江原道东海市东海大路6270-10（望上洞）
안동 하회마을 [유네스코 세계유산],安东河回村 [联合国教科文组织世界遗产]
경북 경상북도 안동시 풍천면 전서로 186-8,庆尚北道安东市丰川面传西路186-8
[하절기(4월~9월)]- 09:00~18:00 - 입장 마감 17:30[동절기(10월~3월)]- 09:00~17:00- 입장 마감 16:30,"【夏季（4月至9月）】9:00–18:00 - 最后入场时间17:30

【冬季（10月至3月）】9:00–17:00 - 最后入场时间16:30"
"[개인]- 일반 5,000원- 청소년 및 제복근무자 2,500원- 어린이 1,500원[단체(30인 이상)]- 일반 4,000원- 청소년 및 제복근무자 2,000원- 어린이 1,200원[안동시민 및 예천군민]- 일반 1,000원- 청소년 및 제복근무자 500원- 어린이 400원[안동시민 및 예천군민(30인 이상)]- 일반 900원- 청소년 및 제복근무자 400원- 어린이 300원※ 무료- 만 65세 이상 / 장애 1~3급 본인 및 보호자 1인 / 장애 4급 본인","【个人】- 普通票 5,000 韩元 - 青少年及制服人员 2,500 韩元 - 儿童 1,500 韩元

【团体（30 人及以上）】- 普通票 4,000 韩元 - 青少年及制服人员 2,000 韩元 - 儿童 1,200 韩元

【安东市市民及邺川郡居民】- 普通票 1,000 韩元 - 青少年及制服人员 500 韩元 - 儿童 400 韩元

【安东市市民及邺川郡居民（30 人及以上）】- 普通票 900 韩元 - 青少年及制服人员 400 韩元 - 儿童 300 韩元

※ 免费 - 65 岁及以上老人 / 1-3 级残疾人士：本人及 1 名监护人 / 4 级残疾人士：本人"
함덕해수욕장 (함덕 서우봉 해변),咸德海滩（咸德西峰海滩）
함덕해수욕장 함덕 서우봉 해변,咸德海滩、咸德西峰海滩
제주특별자치도 제주시 조천읍 조함해안로 519-10,济州特别自治道济州市朝天邑朝咸海路519-10号
상시 개방 ※ 해수욕장 개장기간에는 변동 가능성 있음,全天候开放 ※ 海滩季期间开放时间可能有所调整
내소사(부안),奈索萨寺（布安）
내소사 부안,布安的奈索萨寺
전북특별자치도 부안군 내소사로 191 내소사매표소,内沙售票处，全北特别自治道扶安郡内沙路191号
[하절기] 06:00~19:00[동절기] 07:00~18:00,【夏季】06:00~19:00 【冬季】07:00~18:00
아난티 앳 부산 코브,釜山湾的阿南蒂
경북 경상북도 경주시 일정로 186 (인왕동),庆尚北道庆州市日正路186（仁王洞）
이호테우해변,伊霍特乌海滩
제주특별자치도 제주시 도리로 (이호일동),济州特别自治道济州市通里路（二合洞）
경포해수욕장,镜浦海滩
강원특별자치도 강릉시 창해로 514 (안현동),江原道江陵市昌海路514（安岘洞）
09:30~17:30 (발권 마감 16:30),9:30~17:30（售票截止时间为16:30）
"[개인] - 일반 4,000원- 초등·중등·고등 및 동일연령 청소년 2,000원 [단체]- 일반 3,000원- 초등·중등·고등 및 동일연령 청소년 1,500원※ 무료 : 7세 미만 유아 / 65세 이상 경로 / 장애인 등※ 자세한 사항은 홈페이지 참조","【个人】

- 普通票 4,000 韩元

- 中小学生及同龄青少年 2,000 韩元

【团体】

- 普通票 3,000 韩元

- 中小学生及同龄青少年 1,500 韩元

※ 免费：7岁以下婴幼儿 / 65岁及以上老人 / 残疾人士等

※ 详情请参考网站。"
전북 전주 한옥마을 [슬로시티],全北全州韩屋村[慢城]
전북 전주 한옥마을,全州韩屋村，全北
전북특별자치도 전주시 완산구 기린대로 99 (남노송동),全北全州市完山区麒麟大路99(南鲁松洞)
충남 충청남도 천안시 동남구 목천읍 독립기념관로 1,韩国忠清南道天安市东南区木川邑独立纪念馆路 1 号
[하절기 (3월~10월)] - 09:30~18:00 - 입장 마감 17:00 [동절기 (11월~2월)] - 09:30~17:00 - 입장 마감 16:00,"【夏季（3月至10月）】 - 9:30–18:00 - 最后入场时间17:00

【冬季（11月至2月）】 - 9:30–17:00 - 最后入场时间16:00"
"무료 (단, 체험활동비는 별도 부과)",免费（但活动费用另计）
순천만습지,顺天湾湿地
전남 전라남도 순천시 순천만길 513-25 (대대동),全罗南道顺天市顺天万路513-25(大大洞)
"[3~4월, 9~10월]08:00~18:00 [5~8월]08:00~19:00 [11~2월]08:00~17:00 ※ 관람 시간은 입장마감으로부터 1시간까지 가능 ※ 야간천문대 이용은 계절별 탄력 운영 / 사전 인터넷 접수(프로그램시작 30분 전부터 출구를 통해 입장가능)","[3月至4月，9月至10月] 08:00–18:00 [5月至8月] 08:00–19:00 [11月至2月] 08:00–17:00

※ 最晚入场时间后一小时内仍可参观。

※ 夜间天文台开放时间根据季节灵活调整 / 需提前在线注册（活动开始前30分钟可从出口进入）"
"[개인] - 성인 10,000원 - 청소년, 군인 7,000원 - 어린이 5,000원 [단체(20인 이상)] - 성인 6,000원 - 청소년, 군인 5,000원 - 어린이 3,000원 [순천 시민] - 성인 2,000원 - 청소년, 군인 1,500원 - 어린이 무료 ※ 우대 및 할인은 홈페이지 참조","【个人】 - 成人 10,000 韩元 - 青少年、军人 7,000 韩元 - 儿童 5,000 韩元

【团体（20 人以上）】 - 成人 6,000 韩元 - 青少年、军人 5,000 韩元 - 儿童 3,000 韩元

【顺天市居民】 - 成人 2,000 韩元 - 青少年、军人 1,500 韩元 - 儿童免费

※ 优惠价格及折扣信息请参考官网。"
태종대,太宗大
부산광역시 영도구 전망로 24 (동삼동),釜山广域市影岛区全望路24（东三洞）
[하절기(3월~10월)]04:00~24:00[동절기(11월~2월)]05:00~24:00※ 자세한 사항은 홈페이지 참조,[夏季（3月-10月）] 04:00-24:00 [冬季（11月-2月）] 05:00-24:00 ※ 详情请参阅网站。
강원특별자치도 강릉시 난설헌로 131 (초당동),江原道江陵市南水轩路131（草堂洞）
10:00~20:00 (입장마감 19:00),10:00~20:00（最晚入场时间19:00）
"- 성인 19,000원- 청소년 15,000원- 어린이 12,000원- 유아 무료","成人：19,000韩元；青少年：15,000韩元；儿童：12,000韩元；婴幼儿：免费"
해인사(합천),海印寺（合川）
해인사 합천,海印寺，合川
경남 경상남도 합천군 가야면 해인사길 122,庆尚南道陕川郡伽倻面海印寺路122
09:00~17:30※ 변동 가능성 있으므로 전화 문의 후 방문 요망,09:00~17:30 ※ 营业时间可能会有所变动，请在到访前致电咨询。
쏠비치 호텔&리조트 삼척,三陟索尔海滩酒店及度假村
강원특별자치도 삼척시 수로부인길 453,江原道三陟市水楼院路 453
통도사(양산),通度寺（梁山）
통도사 양산,通度萨·杨山
경남 경상남도 양산시 하북면 통도사로 108,庆尚南道梁山市下北面通度寺路 108
06:30~17:30,06:30~17:30
소노벨 단양,索诺贝尔丹阳
충북 충청북도 단양군 단양읍 삼봉로 187-17,忠清北道丹阳郡丹阳邑三峰路 187-17
인천 차이나타운,仁川唐人街
인천광역시 중구 차이나타운로59번길 20,仁川市中区唐人街路59号街20号
백담사,白潭寺
강원특별자치도 인제군 백담로 746 백담사,江原道麟蹄郡白潭路 746 百潭寺
상시 개방※ 자세한 사항은 전화문의 요망,全天候营业 ※ 详情请致电咨询。
아홉산숲,阿赫普桑森林
부산광역시 기장군 철마면 미동길 37-1,釜山广域市机张郡铁马面米东街37-1
09:00~18:00 (입장마감 17:00) ※ 사전 예약 필수,9:00~18:00（最晚入场时间17:00）※需提前预约
"- 일반 8,000원 - 경로, 단체 7,000원 - 청소년, 어린이 5,000원 ※ 이용요금은 변동될 수 있으므로 전화문의","- 普通票 8,000 韩元

- 老年人、团体票 7,000 韩元

- 青少年、儿童 5,000 韩元

※ 价格可能会有所变动，请致电咨询。"
09:00~19:00 (입장마감 : 종료 1시간 전),09:00~19:00（最晚入场时间：闭馆前1小时）
"[개인] - 성인 19,000원 - 청소년 16,000원 - 어린이 13,000원 [단체] - 성인 16,000원 - 청소년 14,000원 - 어린이 12,000원","【个人】- 成人 19,000 韩元 - 青少年 16,000 韩元 - 儿童 13,000 韩元 【团体】- 成人 16,000 韩元 - 青少年 14,000 韩元 - 儿童 12,000 韩元"
밀락더마켓,米拉克市场
부산광역시 수영구 민락수변로17번길 56,釜山广域市水营区民乐水边路17街56
10:00~24:00,10:00~24:00
제주 서귀포 산방산,济州岛西归浦市山房山
제주특별자치도 서귀포시 안덕면 사계리 산16,济州特别自治道西归浦市安德面沙溪里山16号
"09:00~18:00 ※ 단, 입장 마감은 일몰시간에 따라 변동",09:00~18:00 ※ 但最后入场时间可能会根据日落时间而有所变化。
서동공원과 궁남지,徐东朴和宫南地
충남 충청남도 부여군 부여읍 궁남로 52,韩国忠清南道扶余郡扶余邑宫南路52号
송도 센트럴파크,松岛中央公园
인천광역시 연수구 컨벤시아대로 160,仁川市延寿区Conventionia大路160号
상시 개방 ※ 자세한 사항은 전화문의 요망,24小时营业 ※ 详情请致电咨询
재인폭포 (한탄강 유네스코 세계지질공원),才人瀑布（汉滩江联合国教科文组织世界地质公园）
재인폭포 한탄강 유네스코 세계지질공원,才仁瀑布、汉滩江、联合国教科文组织世界地质公园
경기도 연천군 연천읍 부곡리 192,京畿道涟川郡涟川邑富谷里192
09:00~18:00 (입장 마감 17:30),9:00~18:00（最后入场时间17:30）
"- 성인 5,000원 (연천사랑상품권 3,000원 반환) - 어린이 3,000원 (연천사랑상품권 2,000원 반환) ※ 무료 : 6세 이하 영유아","- 成人 5,000 韩元（凭 Yeoncheon Love 礼券可退还 3,000 韩元）

- 儿童 3,000 韩元（凭 Yeoncheon Love 礼券可退还 2,000 韩元）

※ 6 岁及以下婴幼儿免费"
춘천 삼악산 호수케이블카,春川三岳山湖缆车
강원특별자치도 춘천시 스포츠타운길 245,江原道春川市体育城路245号
[12월~2월] - 일요일~금요일 09:00~18:00 - 토요일 09:00~19:00 [3월~5월/11월] - 일요일~금요일 09:00~19:00 - 토요일 09:00~20:00 [6월~10월] - 일요일~금요일 09:00~20:00 - 토요일 09:00-21:00 ※ 탑승 마감 : 영업종료 1시간 전 ※ 매표 마감 : 현장 사항에 따라 티켓 조기 매진될 수 있음,"[12月至2月] - 周日至周五 09:00–18:00 - 周六 09:00–19:00

[3月至5月/11月] - 周日至周五 09:00–19:00 - 周六 09:00–20:00

[6月至10月] - 周日至周五 09:00–20:00 - 周六 09:00–21:00

※ 最晚登车时间：闭馆前1小时

※ 售票截止时间：门票可能根据现场情况提前售罄。"
"[일반 캐빈] - 대인 24,000원 - 소인 18,000원 [크리스탈 캐빈] - 대인 28,000원 - 소인 22,000원 ※자세한 내용은 홈페이지 참조","【标准舱】 - 成人 24,000 韩元 - 儿童 18,000 韩元

【水晶舱】 - 成人 28,000 韩元 - 儿童 22,000 韩元

※ 详情请参阅网站。"
바람의 언덕,温迪山
경남 경상남도 거제시 남부면 도장포마을,庆尚南道巨济市南部面道藏浦村
양평 두물머리,杨平杜穆梅奥里
경기도 양평군 양서면 두물머리길 145,京畿道杨平郡杨西面二物梅里路 145
광안리해수욕장,广安里海滩
부산광역시 수영구 광안해변로 219 (광안동),釜山广域市水营区广安海岸路219（广安洞）
경북 경상북도 경주시 경감로 614 (천군동),庆尚北道庆州市庆甘路614（青云洞）
- 공원 10:00~22:00 - 전시관 10:00~18:00 ※ 월별 이용시간 상이하므로 자세한 내용은 공식 홈페이지 참고,"- 公园 10:00–22:00

- 展览馆 10:00–18:00

※ 营业时间每月有所不同，详情请参阅官方网站。"
"[개인] - 대인 12,000원 - 소인 10,000원 [단체, 우대권] - 대인 10,000원 - 소인 8,000원 ※ 무료 - 36개월 미만 / 심한 장애(중증) 본인 및 보호자 1인 / 국가보훈등록증 본인 및 배우자 / 기초생활수급자 / 단체 인솔자 (10명당 1명) ※ 대상에 따라 상이하므로 자세한 사항은 홈페이지 참조","【个人票】- 成人 12,000 韩元 - 儿童 10,000 韩元

【团体票，优惠票】- 成人 10,000 韩元 - 儿童 8,000 韩元

※ 免费 - 36 个月以下儿童 / 重度残疾人士及其一位监护人 / 持有国民退伍军人登记卡的人士及其配偶 / 领取基本生活补助的人士 / 团体领队（每 10 人限 1 人）

※ 票价因类别而异，详情请参阅网站。"
더베이101,海湾101
부산광역시 해운대구 동백로 52,釜山广域市海云台区冬柏路 52
- 더베이 101 08:00~24:00 - 대도식당 07:00~22:00 - 핑거스앤챗 12:00~24:00 ※ 자세한 사항은 전화문의 요망,"- The Bay 101 08:00~24:00

- 大都食堂 07:00~22:00

- Fingers & Chat 12:00~24:00

※ 详情请致电咨询"
경주 첨성대,庆州瞻星台
경북 경상북도 경주시 첨성로 140-25,庆尚北道庆州市瞻星路140-25
- 하절기 09:00~22:00 - 동절기 09:00~21:00,- 夏季 09:00~22:00 - 冬季 09:00~21:00
팔공산 케이블카,八公山缆车
대구광역시 동구 팔공산로185길 51,大邱广域市东区八公山路185街51号
※ 월별로 이용 시간이 상이하므로 홈페이지 참조,※ 由于营业时间每月有所不同，请参考网站了解详情。
"[대인] - 왕복 14,000원 - 편도 11,000원 [소인] - 왕복 8,000원 - 편도 5,500원 [경로우대(만65세 이상), 국가유공자, 장애인] - 왕복 12,000원 - 편도 8,000원 ※ 이용요금은 변동될 수 있으므로 홈페이지 참고","【成人】往返票价：14,000韩元；单程票价：11,000韩元

【儿童】往返票价：8,000韩元；单程票价：5,500韩元

【老年人（65岁以上）、国家功勋人士、残疾人士】往返票价：12,000韩元；单程票价：8,000韩元

※票价可能随时变动，请以网站为准。"
만천하 스카이워크,满川河天空步道
충북 충청북도 단양군 적성면 옷바위길 10,忠清北道丹阳郡赤城面八婆路10
- 하절기 09:00~18:00 (매표 마감 17:00)- 동절기 09:00~17:00 (매표 마감 16:00)※당일 기상 여건에 따라 관람에 다소 제한이 있을 수 있음,"- 夏季 09:00–18:00（17:00停止售票）

- 冬季 09:00–17:00（16:00停止售票）

※ 根据当日天气情况，观赏范围可能会略有限制。"
"[개인] - 어른 4,000원 - 청소년, 어린이, 경로우대(만65세 이상) 3,000원 [단체 (20인 이상)] - 어른 3,000원 - 청소년, 어린이, 경로우대(만65세 이상) 2,500원 ※ 무료 - 미취학 아동","【个人】- 成人 4,000 韩元 - 青少年、儿童、老年人（65 岁及以上）3,000 韩元

【团体（20 人以上）】- 成人 3,000 韩元 - 青少年、儿童、老年人（65 岁及以上）2,500 韩元

※ 学龄前儿童免费"
삼양라운드힐,三阳圆山
강원특별자치도 평창군 대관령면 꽃밭양지길 708-9,江原道平昌郡大关岭面花巴塘地路708-9号
- 하절기(5월~10월) 09:00~17:00- 동절기(11월~4월) 09:00~16:30※ 이용시간은 목장 사정에 따라 변경될 수 있으므로 홈페이지 참조 및 전화 문의 요망,"- 夏季（5月至10月）09:00–17:00

- 冬季（11月至4月）09:00–16:30

※ 营业时间可能因牧场情况而有所调整，请参考网站或电话咨询。"
"[개인]- 대인 12,000원- 소인 10,000원- 우대 9,000원[단체(30인 이상)]- 대인 10,000원- 소인 8,000원[단체(60인 이상)]- 대인 8,000원- 소인 6,000원[단체(100인 이상)]- 대인 6,000원- 소인 5,000원※ 무료36개월 미만 / 중증장애인 / 생활보호대상자인 학생 / 평창군민※ 우대만 65세 이상 / 경증장애인 / 중증장애인 보호자 1인 / 국가유공자※ 우대 및 무료입장 대상자는 사진이 있는 신분증 제시 필수※ 이용요금은 목장 사정에 따라 변경될 수 있으므로 홈페이지 참조 및 전화 문의 요망","【个人】- 成人 12,000 韩元 - 儿童 10,000 韩元 - 优惠价 9,000 韩元

【团体（30 人以上）】- 成人 10,000 韩元 - 儿童 8,000 韩元

【团体（60 人以上）】- 成人 8,000 韩元 - 儿童 6,000 韩元

【团体（100 人以上）】- 成人 6,000 韩元 - 儿童 5,000 韩元

※ 免费：36 个月以下儿童 / 重度残疾人士 / 领取社会福利金的学生 / 平昌市居民

※ 优惠：65 岁及以上人士 / 轻度残疾人士 / 重度残疾人士的一名监护人 / 国家功勋人士

※ 享受优惠或免费入场资格者须出示带照片的身份证件。

※ 入场费可能因牧场实际情况而有所变动，请参考网站或致电咨询。"
부산 송도해수욕장,釜山松岛海滩
부산광역시 서구 송도해변로 100,釜山广域市西区松岛海滨路 100
06:00~23:00,06:00~23:00
묵호항,穆霍港
강원특별자치도 동해시 일출로 22 (발한동),江原道东海市日出路22（发汉洞）
코엑스,联合体
서울특별시 강남구 영동대로 513,首尔特别市江南区永同大路513
※ 시설 별로 상이하므로 홈페이지 참조,※ 详情请参考网站，因为不同设施的具体情况可能有所不同。
부산 암남공원,釜山安南公园
부산광역시 서구 암남공원로 185 (암남동),釜山广域市西区岩南公园路185（岩南洞）
경주 동궁과 월지,庆州东宫和月池
경북 경상북도 경주시 원화로 102,庆尚北道庆州市圆花路102
제주 산방산탄산온천,济州山房山碳酸温泉
제주특별자치도 서귀포시 안덕면 사계북로41번길 192,济州特别自治道西归浦市安德面沙溪北路41号街192号
- 실내온천 06:00~23:00 - 찜질방 06:00~22:00 - 노천탕 10:00~22:00,"- 室内温泉 06:00~23:00

- 桑拿 06:00~22:00

- 露天浴池 10:00~22:00"
"- 대인 14,000원 - 소인 7,000원 - 야외노천탕 5,000원 - 찜질방 2,000원 ※ 자세한 사항은 전화문의 요망","- 成人 14,000 韩元

- 儿童 7,000 韩元

- 露天浴池 5,000 韩元

- 桑拿 2,000 韩元

※ 详情请致电咨询"
미리내성지,米里奈保护区
경기도 안성시 양성면 미리내성지로 420,京畿道安城市阳城面美里城路420
09:00~17:00,9:00~17:00
강릉 경포대,江陵庆宝台
강원특별자치도 강릉시 경포로 365 (저동),江原道江陵市镜浦路365（绝洞）
원대리 자작나무 숲 (속삭이는 자작나무 숲),低语桦树林（Whispering Birch Forest）
원대리 자작나무 숲 속삭이는 자작나무 숲,元大里白桦林，低语白桦林
강원특별자치도 인제군 인제읍 자작나무숲길 760 안내소~자작나무숲,江原道麟蹄郡麟蹄邑紫雀山路 760 (信息中心 ~ 紫雀山路)
[하절기(5월~10월)]09:00~18:00 (입산가능 09:00~15:00)[동절기(11월~3월)]09:00~17:00 (입산가능 09:00~14:00)※ 자세한 사항은 홈페이지 참조,"【夏季（5月至10月）】09:00–18:00（入场时间：09:00–15:00）

【冬季（11月至3月）】09:00–17:00（入场时间：09:00–14:00）

※详情请参阅网站。"
하늘공원,天空公园
서울특별시 마포구 하늘공원로 95,首尔特别市麻浦区天空公园路 95
05:00~20:30,05:00~20:30
영남알프스 얼음골케이블카,岭南阿尔卑斯山厄瑞姆谷缆车
경남 경상남도 밀양시 산내면 얼음골로 241,庆尚南道密阳市山内面Eoreumgol-ro 241
- 평일 09:20~17:00 - 주말 08:30~17:00,- 工作日 09:20~17:00 - 周末 08:30~17:00
마곡사 [유네스코 세계유산],摩谷寺 [联合国教科文组织世界遗产]
충남 충청남도 공주시 사곡면 마곡사로 966,韩国忠清南道公州市四谷面麻谷寺路 966
무료※ 템플스테이등 체험활동비는 별도로 부과됨,免费 ※寺庙住宿等体验活动需另行付费
강화 전등사,江华全陵寺
인천광역시 강화군 길상면 전등사로 37-41,仁川广域市江华郡吉祥面传灯寺路37-41
09:00~17:30,9:00~17:30
부석사 [유네스코 세계유산],佛石寺 [联合国教科文组织世界遗产]
경북 경상북도 영주시 부석면 부석사로 345,庆尚北道荣州市浮石面浮石寺路345
소노벨 비발디파크 오션월드,索诺贝尔·维瓦尔第公园海洋世界
기상 상황 및 시즌별 상이하므로 홈페이지 참조,请参考网站信息，因为具体情况会因天气和季节而异。
이용시간 및 시즌별 상이하므로 홈페이지 참조,营业时间因季节而异，请参考网站。
남해독일마을,南海德国村
경남 경상남도 남해군 독일로 89-7,庆尚南道南海郡独德路89-7
죽변항,竹边港
경북 경상북도 울진군 죽변면 죽변리,"Jukbyeon-ri, Jukbyeon-myeon, Uljin-gun, Gyeongsangbuk-do, Gyeongsangbuk"
비자림,比贾里姆
제주특별자치도 제주시 구좌읍 비자숲길 55,济州特别自治道济州市古佐邑比贾苏普路55号
추암 촛대바위,楚安烛台岩
강원특별자치도 동해시 추암동 산 69,江原道特别自治道东海市住岩洞69号
[하절기(3월~10월)] 09:00~18:00 (입장 마감 17:00) [동절기(11월~2월)] 09:00~17:00 (입장 마감 16:00),【夏季（3月至10月）】09:00–18:00（最后入场时间17:00）【冬季（11月至2月）】09:00–17:00（最后入场时间16:00）
정동진해변,正东津海滩
강원특별자치도 강릉시 강동면 정동역길 17,江原道江陵市江东面正东驿路17
낙산사,那刹寺
강원특별자치도 양양군 강현면 낙산사로 100,江原道襄阳郡江岘面洛山寺路100
06:00~17:30 ※ 퇴장시간 18:30,06:00~17:30 ※ 退房时间 18:30
방화수류정(동북각루),东北角亭
방화수류정 동북각루,方和水流亭东北角亭
경기도 수원시 팔달구 수원천로392번길 44-6 (매향동),京畿道水原市八达区水原川路392街44-6（梅香洞）
아침고요수목원,晨曦静谧植物园
경기도 가평군 상면 수목원로 432,京畿道加平郡上面须木院路432
[3월 말~11월] 08:30~19:00 [12월~3월 중순] 10:00~21:00 (토요일 23:00) ※입장마감 : 운영종료 1시간 전,【3月下旬至11月】08:30–19:00 【12月至3月中旬】10:00–21:00（周六23:00） ※最后入场时间：闭馆前1小时
"[개인] - 일반 11,000원 - 청소년 8,500원 - 어린이 7,500원 [단체 (30인 이상)] - 일반 10,000원 - 청소년 7,500원 - 어린이 6,500원","【个人】- 普通票 11,000 韩元 - 青少年票 8,500 韩元 - 儿童票 7,500 韩元

【团体票（30 人以上）】- 普通票 10,000 韩元 - 青少年票 7,500 韩元 - 儿童票 6,500 韩元"
경기도 포천시 신북면 청신로947번길 51,京畿道抱川市新北面青神路947街51
- 평일 10:00~21:00- 토요일 10:00~22:00- 일요일 10:00~21:00※ 각 매장 별로 오픈시간과 휴무일이 상이하므로 이용 시 홈페이지 확인 요망,"- 工作日 10:00–21:00 - 周六 10:00–22:00 - 周日 10:00–21:00

※ 各门店营业时间和休息日有所不同，请在到访前查看网站。"
봉은사(서울),奉恩寺（首尔）
봉은사 서울,首尔奉恩寺
서울특별시 강남구 봉은사로 531 (삼성동),首尔特别市江南区奉恩寺路531（三成洞）
09:00~18:00※ 자세한 사항은 전화문의 요망,9:00~18:00 ※ 详情请致电咨询。
장태산자연휴양림,长泰山自然休闲林
대전광역시 서구 장안로 461,大田西区长安路 461
[숲속어드벤처/출렁다리]- 3월~6월/9월~10월 09:00~18:00- 7월~8월 09:00~19:00- 11월~2월 09:00~17:00[숙박시설]- 입실 15:00- 퇴실 11:00,"【森林探险/吊桥】 - 三月至六月/九月至十月 09:00–18:00 - 七月至八月 09:00–19:00 - 十一月至二月 09:00–17:00

【住宿】 - 入住时间 15:00 - 退房时间 11:00"
화성행궁,华城行宫
경기도 수원시 팔달구 정조로 825 (남창동),京畿道水原市八达区正祖路825（南昌洞）
- 하절기(3월~10월) 09:00~18:00 - 동절기(11월~2월) 09:00~17:00,"- 夏季（3月至10月）09:00–18:00

- 冬季（11月至2月）09:00–17:00"
"[개인] - 어른 2,000원 - 청소년 및 군인 1,500원 - 어린이 1,000원 [단체(20인 이상)] - 어른 1,500원 - 청소년 및 군인 1,200원 - 어린이 800원 ※ 자세한 사항은 홈페이지 참조 요망","【个人】 - 成人 2,000 韩元 - 青少年及军人 1,500 韩元 - 儿童 1,000 韩元

【团体（20 人以上）】 - 成人 1,500 韩元 - 青少年及军人 1,200 韩元 - 儿童 800 韩元

※ 详情请参考网站。"
하나개해수욕장,花开海滩
인천광역시 중구 하나개로 150 (무의동),仁川广域市中区花江路 150 (舞衣洞)
향일암(여수),乡日岩（丽水）
향일암 여수,香吉岩丽水
전남 전라남도 여수시 돌산읍 향일암로 1,韩国全罗南道丽水市突山邑香日林路 1
일출~일몰,从日出到日落
영월 청령포,永月清宁浦
강원 영월군 남면 광천리 산67-1,江原道宁越郡南面广川里山67-1
09:00~18:00 (입장 마감 17:00),9:00~18:00（最后入场时间17:00）
"- 성인 3,000원- 청소년, 군인 2,500원- 어린이 2,000원※ 자세한 사항은 전화문의 요망","成人：3,000韩元

青少年、军人：2,500韩元

儿童：2,000韩元

※ 详情请致电咨询"
성산일출봉 [유네스코 세계자연유산],城山日出峰 [联合国教科文组织世界自然遗产地]
제주특별자치도 서귀포시 성산읍 일출로 284-12,济州特别自治道西归浦市城山邑日出路284-12号
"- 1~2월, 11~12월 06:00~18:00 (매표마감 17:00) - 3~4월, 9~10월 05:00~19:00 (매표마감 18:00) - 5~8월 04:30~20:00 (매표마감 19:00)","- 1月至2月、11月至12月 06:00–18:00（售票截止时间为17:00）

- 3月至4月、9月至10月 05:00–19:00（售票截止时间为18:00）

- 5月至8月 04:30–20:00（售票截止时间为19:00）"
"[개인] - 어른 5,000원 - 청소년/군인/어린이 2,500원 [단체(10인 이상)] - 어른 4,000원 - 청소년/군인/어린이 2,000원 ※ 도민 및 국가유공자, 장애인 등 증명서류 지참 시 입장료 면제","【个人】- 成人 5,000 韩元 - 青少年/军人/儿童 2,500 韩元

【团体（10 人以上）】- 成人 4,000 韩元 - 青少年/军人/儿童 2,000 韩元

※ 省内居民、国家功勋人士、残疾人士等凭相关证明可免费入场。"
대천해수욕장,大川海滩
충남 충청남도 보령시 머드로 123,"123 Mudro, 保宁市, 忠清南道, 韩国"
안목해변,安莫克海滩
강원특별자치도 강릉시 창해로14번길 20-1,江原道江陵市昌海路14街20-1
영금정,英金亭
강원특별자치도 속초시 영금정로 43 (동명동),江原道束草市灵金井路43（东明洞）
포천 산정호수,抱川山井湖
경기도 포천시 영북면 산정호수로 402,京畿道抱川市永北面山正湖水路402
해밀톤 호텔,汉密尔顿酒店
서울특별시 용산구 이태원로 179,首尔特别市龙山区梨泰院路179
롯데프리미엄아울렛 의왕점,乐天奥特莱斯义旺店
경기도 의왕시 바라산로 1 (학의동) 1층,京畿道义王市巴拉山路1（白衣洞）1楼
10:30~21:00,10:30~21:00
이촌한강공원,二川汉江公园
서울특별시 용산구 이촌로72길 62 (이촌동),首尔特别市龙山区二村路72街62（二村洞）
라발스호텔,拉瓦尔斯酒店
부산광역시 영도구 봉래나루로 82 (봉래동1가),釜山广域市影岛区峰内路82(峰内洞1街)
소노캄 거제,巨济岛索诺克拉姆
경남 경상남도 거제시 일운면 거제대로 2660,庆尚南道巨济市二润面巨济大路 2660
소노캄 고양,索诺克拉姆高阳
경기도 고양시 일산동구 태극로 20 (장항동),京畿道高阳市一山东区太极路20（长项洞）
영흥면에너지파크,永兴面能源园
인천광역시 옹진군 영흥면 영흥남로293번길 52,仁川广域市瓮津郡永兴面永兴南路293号街52号
※ 코스별 상이하므로 관람예약 시 참조,※ 预订时请参考课程安排表，因为不同课程的安排有所不同。
대동백화점,大同百货商店
경남 경상남도 창원시 성산구 원이대로 730 (상남동),庆尚南道昌原市城山区元大路730（尚南洞）
- 평일 10:30~20:00- 주말 10:30~20:30,- 工作日 10:30–20:00 - 周末 10:30–20:30
대전역 동광장,大田站东广场
대전광역시 동구 새둑길 143 (소제동),大田广域市东区新德路143（西济洞）
금능해수욕장,金陵海滩
제주특별자치도 제주시 한림읍 금능길 119-10,济州特别自治道济州市翰林邑金陵路119-10号
행주산성 역사공원,行州山城历史公园
경기도 고양시 덕양구 행주외동 140-8,京畿道高阳市德阳区行州洞140-8
백운포체육공원,白军浦体育公园
부산광역시 남구 백운포로 64 (용호동),釜山广域市南区白云浦路64(龙湖洞)
06:00~22:00 ※ 시설별 상이하므로 자세한 사항은 전화문의 요망,06:00~22:00 ※ 各设施营业时间有所不同，详情请致电咨询。
무주덕유산리조트,茂朱德尤山度假村
소노캄 여수,丽水索诺克拉姆
전남 전라남도 여수시 오동도로 111,全罗南道全罗南道丽水市五洞路111
왜목마을,瓦莫克村
충남 충청남도 당진시 석문면 왜목길 9,韩国忠清南道唐津市石门面崴木街 9
창원 우도,昌原宇都
경남 경상남도 창원시 진해구 우도로 5,庆尚南道昌原市镇海区牛岛路 5
아르떼뮤지엄 제주,济州艺术博物馆
제주특별자치도 제주시 애월읍 어림비로 478,济州特别自治道济州市爱月邑奥林比路478号
10:00~20:00 (입장 마감 19:00),10:00~20:00（最晚入场时间19:00）
"- 성인 18,000원 - 청소년 14,000원 - 어린이 11,000원 - 유아 할인(2020~2022 년생) 8,000원 - 일반 할인(1962년 이전 출생, 장애인, 유공자, 군인(의무복무자에 한함)) 10,000원 ※ 무료 - 2023년 이후 출생 영아","- 成人 18,000 韩元

- 青少年 14,000 韩元

- 儿童 11,000 韩元

- 婴儿优惠（2020-2022 年出生）8,000 韩元

- 一般优惠（1962 年前出生、残疾人士、功勋人士、现役军人（仅限义务兵））10,000 韩元

※ 免费

- 2023 年及以后出生的婴儿"
그랜드 조선 부산,釜山大朝鲜
부산광역시 해운대구 해운대해변로 292 그랜드 조선 부산,"Grand Josun 釜山, 釜山广域市海云台区海云台海滨路 292"
신세계백화점 센텀시티점,新世界百货 Centum City 分店
"[백화점] - 정상영업 10:30~20:00 - 연장영업 10:30~20:30 [식당가] 11:00~21:00(주문마감 20:30) ※ 단, 재료 소진 시 조기 마감 가능","【百货商店】- 正常营业时间 10:30–20:00 - 延长营业时间 10:30–20:30

【美食广场】11:00–21:00（最后点餐时间 20:30）

※ 如遇食材短缺，可能会提前结束营业。"
보라매공원,波拉梅公园
서울특별시 동작구 여의대방로20길 33 (신대방동),首尔特别市铜雀区汝矣大方路20街33（新大方洞）
배론성지,拜伦保护区
충북 충청북도 제천시 봉양읍 배론성지길 296 (봉양읍),忠清北道堤川市凤阳邑拜伦圣地路296（凤阳邑）
무료 (피정 프로그램 비용 별도),免费（静修项目费用另计）
덕구온천 스파월드,德库温泉世界
경북 경상북도 울진군 북면 덕구온천로 924,庆尚北道蔚珍郡北面德州温泉路924
[대온천장]06:00~22:00[스파월드]- 평일 10:00~19:00- 주말 10:00~20:00,【大温泉浴场】06:00~22:00 【水疗世界】- 平日 10:00~19:00 - 周末 10:00~20:00
가리왕산케이블카,加里旺山缆车
강원특별자치도 정선군 북평면 중봉길 41-35,江原道旌善郡北平面中峰路41-35号
10:00~18:00 (매표마감 17:50) ※ 탑승마감 : 숙암역(탑승장) 16:00 ※ 날씨 및 현지 사정에 따라 이용시간 변동될 수 있으므로 사전 확인 요망,10:00–18:00（售票截止时间为17:50）※ 最晚登车时间：苏坎站（登车站台）16:00 ※ 运营时间可能会因天气和当地情况而有所变更，请提前查询。
화성 우리꽃식물원,华城我们的花植物园
경기도 화성시 팔탄면 3.1만세로 777-17,京畿道华城市八滩面万世路3.1 777-17
- 하절기(3~10월) 09:00~18:00- 동절기(11~2월) 09:00~17:00※ 발권 시간은 이용시간 1시간전 마감,"- 夏季（3月至10月）09:00–18:00

- 冬季（11月至2月）09:00–17:00

※ 门票销售将于使用前一小时停止。"
강릉 솔향수목원,江陵索尔扬植物园
강원특별자치도 강릉시 구정면 수목원길 156,江原道江陵市九亭面水草园路156
[주간]- 09:00~18:00 (입장 마감 17:00)[야간]- 하절기(3월~10월) 18:00~23:00 (입장 마감 22:00)- 동절기(11월~2월) 18:00~22:00 (입장 마감 21:00)※ 자세한 사항은 홈페이지 참조,"【日间】09:00–18:00（最后入场时间17:00）

【夜间】夏季（3月至10月）18:00–23:00（最后入场时间22:00）

冬季（11月至2月）18:00–22:00（最后入场时间21:00）

※详情请参考网站。"
장수암,江苏安
경남 경상남도 창원시 마산합포구 구산면 원전1길 141,庆尚南道昌原市马山八浦区九山面原田1街141
약천사(제주),药川寺（济州岛）
약천사 제주,济州岛药泉寺
제주특별자치도 서귀포시 이어도로 293-28 (대포동),济州特别自治道西归浦市离岛路293-28号（大浦洞）
국립부여박물관,布约国家博物馆
충남 충청남도 부여군 부여읍 금성로 5,忠清南道扶余郡扶余邑锦城路5号
뿌리공원,根公园
대전광역시 중구 뿌리공원로 79 뿌리공원,大田广域市中区普利公园路 79 普利公园
[하절기(3월~10월)] 05:00~23:00 [동절기(11월~2월)] 06:00~22:00 ※ 자세한 사항은 홈페이지 참조,[夏季（3月-10月）] 05:00-23:00 [冬季（11月-2月）] 06:00-22:00 ※ 详情请参阅网站。
공주 무령왕릉과 왕릉원[유네스코 세계유산],公州武宁王陵及陵园 [联合国教科文组织世界遗产]
충남 충청남도 공주시 왕릉로 37 (웅진동),忠清南道公州市王陵路37(熊津洞)
[하절기(3월~10월)] - 09:00~18:00 - 입장마감 17:30 [동절기(11월~2월)] - 09:00~17:00 - 입장마감 16:30,"【夏季（3月至10月）】 - 9:00–18:00 - 最后入场时间 17:30

【冬季（11月至2月）】 - 9:00–17:00 - 最后入场时间 16:30"
"[개인] - 어른 3,000원 - 청소년 2,000원 - 어린이 1,000원 [단체(20인 이상)] - 어른 2,500원 - 청소년 1,500원 - 어린이 500원 ※ 무료 : 만 65세 이상, 장애인, 미취학아동 ※ 매달 마지막 수요일(문화가 있는 날)은 무료 입장","【个人】- 成人 3,000 韩元 - 青少年 2,000 韩元 - 儿童 1,000 韩元

【团体（20 人以上）】- 成人 2,500 韩元 - 青少年 1,500 韩元 - 儿童 500 韩元

※ 免费：65 岁及以上老人、残疾人士、学龄前儿童

※ 每月最后一个星期三（文化日）免费入场"
삼선산수목원,三善山植物园
충남 충청남도 당진시 고대면 삼선산수목원길 79,韩国忠清南道唐津市高大面三仙山水木院路 79
[3월~11월] - 09:00~18:00 - 입장마감 17:00 [12월~2월] - 09:00~17:00 - 입장마감 16:00,"[3月至11月] - 9:00–18:00 - 最后入场时间17:00

[12月至2月] - 9:00–17:00 - 最后入场时间16:00"
예당호 모노레일,叶当湖单轨列车
충남 충청남도 예산군 응봉면 예당관광로 158,韩国忠清南道礼山郡应峰面礼堂广将路 158
[3~10월]- 월~목 09:00~20:00- 금~일/공휴일 09:00~21:00[11~2월]- 월~목 : 09:00~18:00- 금~일/공휴일 : 09:00~20:00,"[3月至10月] 周一至周四 09:00–20:00 周五至周日/节假日 09:00–21:00

[11月至2月] 周一至周四 09:00–18:00 周五至周日/节假日 09:00–20:00"
보석박물관,珠宝博物馆
전북특별자치도 익산시 왕궁면 호반로 8,全北特别自治道益山市王宫面湖畔路8
10:00 ~ 18:00,10:00 ~ 18:00
"[성인]-3,000원 [청소년, 군인]- 2,000원[어린이]- 1,000원",成人：3000韩元；青少年、军人：2000韩元；儿童：1000韩元
수타사,苏塔萨寺
강원특별자치도 홍천군 영귀미면 수타사로 473,江原道洪川郡灵归美面须塔沙路473
속초시립박물관·속초실향민문화촌,束草市博物馆 · 束草流离失所者文化村
강원특별자치도 속초시 신흥2길 16,江原道束草市新兴2街16
- 하절기(3 월~10 월) 09:00~18:00 (입장마감 17:00)- 동절기(11 월~2 월) 09:00~17:00 (입장마감 16:00),"- 夏季（3月至10月）09:00–18:00（最晚入场时间17:00）

- 冬季（11月至2月）09:00–17:00（最晚入场时间16:00）"
"[개인]- 일반 2,000원- 청소년·군인 1,500원- 어린이 700원[단체(30명 이상)]- 일반 1,500원- 청소년·군인 1,000원- 어린이 500원","【个人】- 普通票 2,000 韩元 - 青年/军人 1,500 韩元 - 儿童 700 韩元

【团体（30 人及以上）】- 普通票 1,500 韩元 - 青年/军人 1,000 韩元 - 儿童 500 韩元"
용문산,龙门山
오륙도 스카이워크,五六岛天空步道
부산광역시 남구 오륙도로 137,釜山广域市南区五六岛路 137
- 하절기(6월~9월) 09:00~19:00 (입장 마감 18:50)- 동절기(10월~5월) 09:00~18:00 (입장 마감 17:50)※ 설·추석 당일은 12:00부터 개방,"- 夏季（6月至9月）09:00–19:00（最后入场时间18:50）

- 冬季（10月至次年5月）09:00–18:00（最后入场时间17:50）

※ 春节（农历新年）和中秋节（韩国感恩节）当天中午12:00开门。"
구룡사,九龙寺
강원특별자치도 원주시 소초면 구룡사로 500,江原道原州市草草面九龙寺路500
도산서원 [유네스코 세계유산],道山书院 [联合国教科文组织世界遗产地]
경북 경상북도 안동시 도산면 도산서원길 154,庆尚北道安东市岛山面岛山书院路154
- 2월~10월 09:00~18:00 (입장 마감 17:30)- 11월~1월 09:00~17:00 (입장 마감 16:30),"- 二月至十月 09:00–18:00（最晚入场时间 17:30）

- 十一月至一月 09:00–17:00（最晚入场时间 16:30）"
"[개인]- 어른 2,000원- 어린이·청소년·제복근무자 1,000원[단체]- 어른 1,500원- 어린이·청소년·제복근무자 800원※ 무료 : 65세이상 어르신 / 6세이하 어린이 / 국가유공자 / 장애인 등※ 자세한 사항은 홈페이지 참조","【个人】

- 成人 2,000 韩元

- 儿童、青少年及制服人员 1,000 韩元

【团体】

- 成人 1,500 韩元

- 儿童、青少年及制服人员 800 韩元

※ 免费：65 岁及以上老人 / 6 岁及以下儿童 / 国家功勋人士 / 残疾人士等

※ 详情请参考网站。"
단양강 잔도,丹阳河滨步道
충북 충청북도 단양군 적성면 애곡리 산18-15,忠清北道丹阳郡赤城面梨谷里山18-15
문경단산 모노레일,闻庆丹山单轨列车
경북 경상북도 문경시 문경읍 활공장길 106,庆尚北道闻庆市闻庆邑果工场路 106
[하절기(4월~10월)] - 운행시간 09:00~18:00 (탑승 마감 17:00) - 하부 탑승종료(출발지) 17:00 - 상부 탑승종료(도착지) 17:30 [동절기(11월~3월)] - 운행시간 09:30~17:00 (탑승 마감 16:00) - 하부 탑승종료(출발지) 16:00 - 상부 탑승종료(도착지) 16:30 ※ 사정상 연장 및 단축될 수 있음,"【夏季（4月至10月）】 - 运营时间：09:00–18:00（最后登车时间17:00） - 下层登车结束时间（出发）：17:00 - 上层登车结束时间（目的地）：17:30

【冬季（11月至3月）】 - 运营时间：09:30–17:00（最后登车时间16:00） - 下层登车结束时间（出发）：16:00 - 上层登车结束时间（目的地）：16:30

※ 运营时间可能会根据实际情况延长或缩短。"
"[개인] - 성인 14,000원 - 청소년·경로 12,000원 - 어린이 10,000원 [단체] - 성인 12,000원 - 청소년·경로 10,000원 - 어린이 8,000원 ※ 자세한 사항은 홈페이지 및 전화 문의 참조","【个人】- 成人 14,000 韩元 - 青少年及老年人 12,000 韩元 - 儿童 10,000 韩元

【团体】- 成人 12,000 韩元 - 青少年及老年人 10,000 韩元 - 儿童 8,000 韩元

※ 详情请参考网站或致电咨询。"
대흥사(해남),大兴寺（海南）
대흥사 해남,海南大兴寺
전남 전라남도 해남군 삼산면 대흥사길 400,全罗南道全罗南道海南郡三山面大兴寺路400
※ 자세한 사항은 전화문의 요망,※ 详情请致电咨询。
산청 동의보감촌,山清东贵宝岩村
경남 경상남도 산청군 금서면 동의보감로555번길 45-6,韩国庆尚南道山清郡锦西面东医宝岩路555号街45-6号
09:00~18:00 (매표 마감 17:00),9:00~18:00（售票截止时间为17:00）
"[주제관·한의학박물관] - 어른 개인 2,000원 - 어른 단체(20인 이상) 1,000원 - 청소년·군인 개인 1,500원 - 청소년·군인 단체(20인 이상) 700원 - 어린이 개인 1,000원 - 어린이 단체(20인 이상) 500원 ※ 무료 - 산청군 거주자 / 장애인(보호자 1인 포함) / 독립유공자 / 참전유공자 등","【韩国医学主题馆及博物馆】

- 成人（个人）：2,000 韩元

- 成人（20人以上团体）：1,000 韩元

- 青少年/军人（个人）：1,500 韩元

- 青少年/军人（20人以上团体）：700 韩元

- 儿童（个人）：1,000 韩元

- 儿童（20人以上团体）：500 韩元

※ 免费

- 山清郡居民 / 残疾人士（含一名监护人） / 独立功勋人士 / 退伍军人等"
정동심곡 바다부채길,郑东心谷海扇道
"강원특별자치도 강릉시 강동면 심곡리 114-3, 정동심곡바다부채길 심곡 매표소","江原道江陵市江东面深谷里114-3, 贞洞深谷巴甫柴街深谷售票处"
- 하절기(4월~10월) 09:00~17:30 (매표 마감 16:30)- 동절기(11월~3월) 09:00~16:30 (매표 마감 15:30)※ 기상상황에 따라 변동,"- 夏季（4月至10月）09:00–17:30（16:30停止售票）

- 冬季（11月至3月）09:00–16:30（15:30停止售票）

※ 开放时间可能因天气情况而有所调整。"
"[개인] - 일반 5,000원 - 청소년·군인 4,000원 - 노인·어린이 3,000원 [단체(30인 이상)] - 일반 4,500원 - 청소년·군인 3,500원 - 노인·어린이 2,500원","【个人】- 普通票 5,000 韩元 - 青年/军人 4,000 韩元 - 老年人/儿童 3,000 韩元

【团体（30 人以上）】- 普通票 4,500 韩元 - 青年/军人 3,500 韩元 - 老年人/儿童 2,500 韩元"
모나 용평 스키장,莫纳龙平滑雪度假村
09:00~23:00※ 자세한 사항은 홈페이지 참조,09:00~23:00 ※ 详情请参阅网站。
낙강물길공원,那康水道公园
경북 경상북도 안동시 상아동 423 (상아동),庆尚北道安东市上雅洞423（上雅洞）
은평한옥마을,恩平韩屋村
서울특별시 은평구 연서로50길 7-10 (진관동),首尔特别市恩平区延西路50街7-10（井湾洞）
수종사,寿宗寺
경기도 남양주시 조안면 북한강로433번길 186,京畿道南杨州市常安面北汉江路433街186
죽변해안스카이레일,竹边海岸高架铁路
경북 경상북도 울진군 죽변면 죽변중앙로 235-8,庆尚北道蔚珍郡竹边面竹边中央路235-8号
- 평일 09:30~17:30 - 주말 및 공휴일 09:00~17:30 ※ 매표 마감은 영업시간 30분 전 ※ 시즌별 이용시간 변동 있으므로 홈페이지 참조,"- 平日 09:30–17:30

- 周末及节假日 09:00–17:30

※ 售票处将于闭馆前30分钟停止售票。

※ 营业时间会随季节变化，请参考官网查询。"
"[A코스(죽변 - 봉수항)] - 1·2인 탑승 21,000원 - 3인 탑승 28,000원 - 4인 탑승 35,000원 - 단체 28,000원 ※ 단체는 4인승 8대 이상 또는 총 30명 이상 ※ 시설 사용료는 차량 당 금액","【路线A（竹边 - 奉水港）】

- 1-2人：21,000韩元

- 3人：28,000韩元

- 4人：35,000韩元

- 团体：28,000韩元

※ 团体指8辆或以上四座车辆，或总人数30人或以上。

※ 设施使用费按车辆计算。"
대천해수욕장 스카이바이크,大川海滩空中自行车
충남 충청남도 보령시 해수욕장10길 75,忠清南道保宁市解碧场 10 街 75
- 10:00~16:40- 평일 휴게시간 12:00~14:00- 주말 휴게시간 12:00~13:30,- 10:00~16:40 - 工作日休息 12:00~14:00 - 周末休息 12:00~13:30
"[일반] - 2인 23,000원 - 3인 28,000원 - 4인 33,000원 [단체(4인승 8대 이상 또는 30명 이상)] - 28,000원","【标准】 - 2人 23,000韩元 - 3人 28,000韩元 - 4人 33,000韩元 【团体（8辆以上4座车或30人以上）】 - 28,000韩元"
라마다프라자 수원호텔,水原华美达广场酒店
경기도 수원시 팔달구 중부대로 150,京畿道水原市八达区中部大路150
경기도 동두천시 평화로2910번길 46 (상봉암동),京畿道东豆川市和平路2910街46（上峰岩洞）
- 1회자 10:00~12:00- 2회차 13:00~15:00- 3회차 15:30~17:30※ 예매한 회차 당 2시간 이내 관람 가능※ 재입장 불가,"- 第一场：10:00–12:00 - 第二场：13:00–15:00 - 第三场：15:30–17:30

※ 每场观影时长最多为2小时。

※ 禁止重复入场。"
"- 개인 4,000원- 단체(10인 이상) 2,000원※ 무료 : 12개월 미만 / 매월 첫째 주, 셋째 주 토요일~일요일","- 个人 4,000 韩元 - 团体（10 人及以上）2,000 韩元 ※ 免费：12 个月以下儿童 / 每月第一个和第三个周六至周日"
신리성지,真里圣地
충남 충청남도 당진시 합덕읍 평야6로 135,韩国忠清南道唐津市合德邑平谷6路135
닭머르해안길,达克梅奥雷乌海岸公路
제주특별자치도 제주시 조천읍 신촌북3길 62-1,济州特别自治道济州市朝天邑新村北3街62-1号
팔봉산(홍천),八峰山（洪川）
팔봉산 홍천,八峰山洪川
강원특별자치도 홍천군 서면 한치골길 1124,江原道洪川郡西面汉奇谷路1124号
[등산로 개장] 매년 3월 중순∼12월 결빙 시까지 [등산로 이용시간] 07:00~18:00 (입산 마감 15:00),【步道开放时间】每年3月中旬至12月冰冻期【步道开放时间】07:00–18:00（最后入场时间为15:00）
"[개인] - 어른 1,500원 - 청소년 및 군인 1,000원 - 어린이 500원 [단체] - 어른 1,000원 - 청소년 및 군인 700원 - 어린이 300원 [군민 / 호수문화관광권역시군 지역주민] - 어른 800원 - 청소년 및 군인 500원 - 어린이 300원 ※ 호수문화관광권역시군 지역 주민(춘천시, 화천군, 양구군, 인제군) ※ 단체 30인 이상","【个人】- 成人 1,500 韩元 - 青少年及军人 1,000 韩元 - 儿童 500 韩元

【团体】- 成人 1,000 韩元 - 青少年及军人 700 韩元 - 儿童 300 韩元

【县/市县居民】- 成人 800 韩元 - 青少年及军人 500 韩元 - 儿童 300 韩元

※ 春川市、华川郡、杨口郡、麟蹄郡居民

※ 30人以上团体"
부산 감천문화마을,釜山甘川文化村
부산광역시 사하구 감내2로 203,釜山广域市沙下区甘内2路203
진주성,晋州城
경남 경상남도 진주시 남강로 626,庆尚南道晋州市南江路 626
[하절기(3월~10월)] - 05:00~23:00 [동절기(11월~2월)] - 05:00~22:00,[夏季（3月至10月）] - 05:00–23:00 [冬季（11月至2月）] - 05:00–22:00
"[일반] - 2,000원 [청소년, 군인] - 1,000원 [어린이] - 600원","【普通民众】- 2,000韩元 【青少年、士兵】- 1,000韩元 【儿童】- 600韩元"
월정교,月井桥
경북 경상북도 경주시 천원2길 11 (교동),庆尚北道庆州市天原2街11（校洞）
09:00~22:00,9:00~22:00
대전광역시 유성구 대덕대로 481 (구성동),大田市儒城区大德大路481号（九城洞）
09:30~17:30,9:30~17:30
※ 프로그램별 상이하므로 홈페이지 참고,※具体情况请参考网站，因为不同项目的具体规定有所不同。
제주동백수목원,济州山茶园
제주특별자치도 서귀포시 남원읍 태위로 288,济州特别自治道西归浦市南元邑太为路288
09:00~18:00 (입장 마감 17:00)※ 11월 중순부터 2월 말 운영으로 자세한 사항은 전화문의 요망,09:00~18:00（最后入场时间为17:00）※ 11月中旬至2月底运营；详情请致电咨询。
"- 성인 8,000원- 어린이 5,000원","成人 8,000 韩元，儿童 5,000 韩元"
삼척해상케이블카,三陟海上缆车
강원특별자치도 삼척시 근덕면 삼척로 2154-31,江原道三陟市根德面三陟路2154-31
09:00~18:00 (매표마감 17:10),9:00~18:00（售票截止时间为17:10）
롯데아울렛 광주수완점,乐天奥特莱斯光州水完店
광주광역시 광산구 장신로 98 롯데쇼핑몰,光州广域市光山区长信路 98 乐天购物中心
"[하절기(3월~10월)]- 평일 09:00~18:00 (입장 마감 17:00)- 주말, 공휴일 09:00~19:00 (입장 마감 18:00)[동절기(11월~2월)]- 평일 09:00~17:00 (입장 마감 16:00)- 주말, 공휴일 09:00~18:00 (입장 마감 17:00)※ 자세한 사항은 홈페이지 참조","【夏季（3月至10月）】 - 平日 09:00–18:00（最后入场时间17:00） - 周末及节假日 09:00–19:00（最后入场时间18:00）

【冬季（11月至2月）】 - 平日 09:00–17:00（最后入场时间16:00） - 周末及节假日 09:00–18:00（最后入场时间17:00）

※ 详情请参考网站。"
"[개인]- 어른 7,000원- 청소년, 군인 4,000원- 어린이 3,000원[단체(20명 이상)]- 어른 5,600원- 청소년, 군인 3,200원- 어린이 2,4000원※ 자세한 사항은 홈페이지 참조","【个人】 - 成人 7,000 韩元 - 青少年、军人 4,000 韩元 - 儿童 3,000 韩元

【团体（20 人以上）】 - 成人 5,600 韩元 - 青少年、军人 3,200 韩元 - 儿童 24,000 韩元

※ 详情请参考网站。"
수원시립미술관,水原市美术馆
경기도 수원시 팔달구 정조로 833 (신풍동),京畿道水原市八达区正祖路833（新丰洞）
[하절기(3월~10월)] - 10:00~19:00 (입장 마감 18:00) [동절기(11월~2월)] - 10:00~18:00 (입장 마감 17:00),【夏季（3月至10月）】10:00–19:00（最后入场时间18:00）【冬季（11月至2月）】10:00–18:00（最后入场时间17:00）
"[개인]- 일반 4,000원- 청소년, 군인 2,000원- 어린이 1,000원[단체]- 일반 2,000원- 청소년, 군인 1,000원- 어린이 단체 할인 없음 ※ 무료- 7세 미만 / 65세 이상","【个人】

- 普通票 4,000 韩元

- 青少年、军人 2,000 韩元

- 儿童 1,000 韩元

【团体】

- 普通票 2,000 韩元

- 青少年、军人 1,000 韩元

- 儿童无团体折扣

※ 免费

- 7 岁以下 / 65 岁及以上"
문경새재도립공원,闻庆世斋省立公园
경북 경상북도 문경시 문경읍 새재로 932,庆尚北道闻庆市闻庆邑新才路 932
[문경새재도립공원 탐방로] - 상시 개방 [문경새재오픈세트장] - 11월~2월 10:00~17:00 - 3월~10월 09:00~17:30,"【闻庆世斋道立公园远足步道】 - 全年开放

【闻庆世斋开放时间】 - 11月至次年2月 10:00–17:00 - 3月至10月 09:00–17:30"
설악해변,雪岳海滩
강원특별자치도 양양군 강현면 하복리,江原特别自治道襄阳郡江岘面下福里
나리농원,纳里农场
경기도 양주시 광사동 812,京畿道杨州市光寺洞812
09:00~20:00,9:00~20:00
"- 양주시관내 1,000원 - 대인 7,000원 - 청소년 5,000원","- 杨州市内：1,000韩元 - 成人：7,000韩元 - 青少年：5,000韩元"
송정역(구),松亭站（旧）
송정역 구,松亭站旧址
부산광역시 해운대구 송정중앙로8번길 60 (송정동),釜山广域市海云台区松亭中央路8街60（松亭洞）
09:30~22:00 ※ 운영시간은 상황에 따라 변동될 수 있음,9:30~22:00 ※ 营业时间可能因实际情况而有所调整
위양지(위양지 이팝나무),Wiyangji（Wiyangji韩国白丁香）
위양지 이팝나무,Wiyangji韩国白丁香树
경남 경상남도 밀양시 부북면 위양로 273-36,庆尚南道密阳市北面维阳路273-36
이순신광장,李舜臣广场
전남 전라남도 여수시 중앙로 74 (중앙동),全罗南道丽水市中央路74(中央洞)
일산호수공원,日山湖公园
경기도 고양시 일산동구 호수로 595 (장항동),京畿道高阳市一山东区虎水路595（长项洞）
서울숲,首尔森林
서울특별시 성동구 뚝섬로 273,首尔市城东区纛岛路 273
[서울숲] 상시 개방 [생태숲] 05:30~21:30 [곤충식물원] - 하절기(3월~10월) 10:00~17:00 (입장마감 16:30) - 동절기(11월~2월) 10:00~16:00 (입장마감 15:30) [나비정원] 10:00~17:00 (입장마감 16:30) ※ 나비정원은 5월~10월에만 운영,"【首尔森林】全年开放

【生态森林】05:30–21:30

【昆虫植物园】

- 夏季（3月至10月）10:00–17:00（最后入园时间16:30）

- 冬季（11月至次年2月）10:00–16:00（最后入园时间15:30）

【蝴蝶园】10:00–17:00（最后入园时间16:30）

※ 蝴蝶园仅在5月至10月开放"
시몬스 테라스점,西蒙斯露台店
경기도 이천시 모가면 사실로 988,京畿道利川市穆加面沙一路988
11:00~20:00,11:00~20:00
[실내 전시실]- 월요일 / 화요일 / 목요일 / 금요일 / 일요일 10:00~18:00 (입장 마감 17:30)- 수요일 / 토요일: 10:00~21:00 (입장 마감 20:30)[옥외 전시장(정원)]- 07:00~22:00,【室内展厅】 - 周一/周二/周四/周五/周日 10:00–18:00（最后入场时间 17:30） - 周三/周六：10:00–21:00（最后入场时间 20:30） 【室外展区（花园）】 - 07:00–22:00
"무료※ 단, 유료 특별 전시 제외",免费 ※ 付费特展除外
주남저수지 철새도래지,朱南水库候鸟栖息地
경남 경상남도 창원시 의창구 동읍 월잠리,庆尚南道昌原市义昌区东邑月禅里
상화원,尚华院
충남 충청남도 보령시 남포면 남포방조제로 408-52,忠清南道保宁市南浦面南浦方佐路 408-52
09:00~18:00 (입장마감 17:00),9:00~18:00（最后入场时间17:00）
"- 일반 7,000원 - 단체 / 만 65세 경로 5,000원 ※ 무료 : 미취학 아동 ※ 자세한 사항은 홈페이지 참조 및 전화 문의 요망","- 普通票 7,000 韩元

- 团体票/老年人票（65岁以上） 5,000 韩元

※ 免费：学龄前儿童

※ 详情请参考网站或致电咨询。"
마이산 벚꽃길,麦山樱花路
전북특별자치도 진안군 마령면 동촌리,全北特别自治道镇安郡马岭面东村里
한담해안산책로,汉达姆海岸步道
제주특별자치도 제주시 애월읍 곽지리,济州特别自治道济州市越月邑郭志里
신륵사(여주),希勒克寺（骊州）
신륵사 여주,骊州锡勒寺
경기도 여주시 신륵사길 73 (천송동),京畿道骊州市新勒寺路73（天松洞）
- 09:00~17:00 - 휴게시간 11:00~12:00,- 9:00~17:00 - 休息时间 11:00~12:00
여수예술랜드,丽水艺术乐园
전남 전라남도 여수시 돌산읍 무술목길 142-1,韩国全罗南道丽水市突山邑武树木路 142-1
[3D트릭아트] 09:00~21:00 (발권 마감 20:20) [미디어아트(조각공원)] 09:00~21:00 (발권 마감 20:20) [타워링] 09:30~20:20 (발권 마감 20:20) [카트] - 09:30~19:30(발권 마감 19:20) [전망대 마이다스의 손] 09:00~대기 인원에 따라 조기 마감 될 수 있습니다. [공중그네] 10:00~17:30 [스카이워크] 10:00~17:00 ※모든 체험 시설은 날씨와 대기인원에 따라 마감시간 변동될 수 있음,"【3D立体艺术】09:00~21:00（20:20停止售票）

【媒体艺术（雕塑公园）】09:00~21:00（20:20停止售票）

【高塔环】09:30~20:20（20:20停止售票）

【卡丁车】09:30~19:30（19:20停止售票）

【点金圣殿】09:00~（视排队人数可能提前关闭）

【秋千】10:00~17:30

【空中步道】10:00~17:00

※所有体验设施的关闭时间可能会因天气和排队人数而有所调整。"
상주은모래비치,尚州银沙滩
경남 경상남도 남해군 상주면 상주로 17,庆尚南道南海郡尚州面尚州路 17
상시 개방※ 개장일이 아닌 경우 안전 관리자가 상주하지 않으므로 해수욕 불가,全天候开放 ※ 非开放日禁止游泳，因为安全管理人员不在场。
물미해안전망대,穆尔米海岸观测站
경남 경상남도 남해군 삼동면 동부대로 720,庆尚南道南海郡三洞面东部大路720
09:00~18:00 ※ 계절별 변동 가능성 있으므로 전화 문의 요망,09:00~18:00 ※ 由于营业时间可能随季节变化，请致电咨询。
사려니숲길,萨里奥尼森林小径
제주특별자치도 서귀포시 표선면 가시리 붉은오름 입구,济州特别自治道西归浦市表善面加西里布尔根奥雷姆入口
09:00~17:00 ※안전한 산행을 위하여 아래 시간 이후 입산 통제- 하절기(4월~9월) 14:00- 동절기(10월~3월) 12:00,"09:00~17:00 ※ 为确保徒步安全，以下时间段后禁止入内：

- 夏季（4月~9月）14:00

- 冬季（10月~3月）12:00"
고성 통일전망타워,高城统一展望台
강원특별자치도 고성군 현내면 금강산로 481,江原道高城郡县内面金刚山路481
[춘·추기(3월1일~7월14일 / 8월21일~10월31일)] 09:00~16:50 [하절기(7월15일~8월20일)] 09:00~17:50 [동절기(11월1일~2월28일)] 09:00~15:50,【春季和秋季（3月1日-7月14日/8月21日-10月31日）】09:00-16:50 【夏季（7月15日-8月20日）】09:00-17:50 【冬季（11月1日-2月28日）】09:00-15:50
"[개인] - 어른 3,000원 - 경로 (65세이상) 1,500원 - 초등학생~고등학생 1,500원 [단체] - 어른 2,000원 - 경로 (65세이상) 1,000원 - 초등학생~고등학생 1,200원","【个人】- 成人 3,000 韩元 - 老年人（65岁以上）1,500 韩元 - 中小学生 1,500 韩元

【团体】- 成人 2,000 韩元 - 老年人（65岁以上）1,000 韩元 - 中小学生 1,200 韩元"
간월암(서산),甘沃兰（瑞山）
간월암 서산,甘沃兰·西奥山
충남 충청남도 서산시 부석면 간월도1길 119-29,韩国忠清南道瑞山市富石面甘月岛1街119-29号
※ 홈페이지에서 물때 정보 참조,※请参考网站获取潮汐信息。
이순신공원,朴善信
경남 경상남도 통영시 정량동 688-1,庆尚南道统营市正娘洞 688-1
[관람시간] 10:00~18:00 ※ 입장 마감 16:30 ※ 힐링산책 마감 17:00,【参观时间】10:00–18:00 ※ 最后入场时间 16:30 ※ 疗愈步道关闭时间 17:00
"[입장권] - 성인/어린이(36개월 이상~64세 이하) : 18,000원 [힐링산책] - 성인/어린이(36개월 이상~64세 이하) : 15,000원 ※ 36개월 미만 무료 입장(서류 지참) ※ 65세 이상, 국가유공자는 20%할인(서류 지참) ※ 홍천주민 입장권 20%할인(서류 지참) ※ 장애인 장애인 50% 할인(서류 지참)","【入场券】- 成人/儿童（36个月至64岁）：18,000韩元

【疗愈漫步】- 成人/儿童（36个月至64岁）：15,000韩元

※ 36个月以下儿童免费入场（需出示相关证明）

※ 65岁及以上长者及国家功勋获得者可享八折优惠（需出示相关证明）

※ 洪川市居民可享八折优惠（需出示相关证明）

※ 残疾人士可享五折优惠（需出示相关证明）"
바람새마을 소풍정원,巴拉姆塞村野餐花园
경기도 평택시 고덕면 새악길 43-42,京畿道平泽市古德面新岳路43-42
[공원] 상시 개방 [캠핑장] 14:00~익일 11:00,【公园】全天开放 【露营地】14:00～次日11:00
속초해수욕장,束草海滩
강원특별자치도 속초시 해오름로 190 (조양동),江原道束草市Haeoreum路190（朝阳洞）
파주 임진각(평화누리공원),坡州临津阁（和平努里公园）
파주 임진각 평화누리공원,坡州临津阁和平公园
경기도 파주시 문산읍 임진각로 177,京畿道坡州市文山邑临津阁路177
※ 시설별 상이하므로 홈페이지 참고,※ 详情请参考网站，因为不同设施的具体情况可能有所不同。
연천 호로고루,延川霍罗戈鲁
경기도 연천군 장남면 원당리,京畿道涟川郡江南面元堂里
지중해마을,地中海村庄
충남 충청남도 아산시 탕정면 탕정면로8번길 55-7,忠清南道牙山市汤井面汤井面路 8 路 55-7
충북 충청북도 청주시 청원구 상당로 314 (내덕동),忠清北道清州市清原区上堂路314（内德洞）
- 10:00~18:00 - 입장 마감 17:00,- 10:00~18:00 - 最后入场时间 17:00
"무료(1층 ~ 4층) ※ 5층 기획전시실 2,000원","免费（1～4层）※ 5楼特展厅 2,000韩元"
강릉 중앙시장,江陵中央市场
강원특별자치도 강릉시 금성로 21 (성남동),江原道江陵市金城路21（城南洞）
※ 점포별 상이함,※ 各门店情况可能有所不同
상림공원,桑格林公园
경남 함양군 함양읍 교산리 1073-1,庆尚南道咸阳郡咸阳邑桥山里1073-1
베어트리파크,熊树公园
세종특별자치시 전동면 신송로 217,世宗特别自治市全洞面新松路217号
[3월~11월]- 월요일~목요일 09:00~19:00 (입장마감 18:00)- 금요일~일요일 09:00~20:00 (입장마감 19:00)[12월~2월]- 월요일~목요일 10:00~19:00 (입장마감 18:00)- 금요일~일요일 10:00~20:00 (입장마감 19:00)※ 눈 또는 비가 오는 악천후기 조기폐장,"【3月至11月】 - 周一至周四 09:00–19:00（最后入场时间18:00） - 周五至周日 09:00–20:00（最后入场时间19:00）

【12月至2月】 - 周一至周四 10:00–19:00（最后入场时间18:00） - 周五至周日 10:00–20:00（最后入场时间19:00）

※ 如遇雨雪等恶劣天气，将提前闭馆。"
"[개인]- 성인 13,000원- 청소년(중·고등) 11,000원- 어린이(만 3세~초등) 9,000원- 만 70세 이상/장애인/국가유공자 11,000원[단체(20인 이상)]- 성인 11,000원- 청소년(중·고등) 9,000원- 어린이(만 3세~초등) 8,000원※ 36개월 미만 무료 (의료보험증 제시 / 가족동반 시 한함)","【个人】

- 成人 13,000 韩元

- 青少年（初中及高中）11,000 韩元

- 儿童（3岁至小学）9,000 韩元

- 70岁以上老人/残疾人士/国家功勋获得者 11,000 韩元

【团体（20人及以上）】

- 成人 11,000 韩元

- 青少年（初中及高中）9,000 韩元

- 儿童（3岁至小学）8,000 韩元

※ 36个月以下儿童免费（需出示健康保险卡/仅限家庭成员陪同）"
경기도 과천시 광명로 181 (막계동),京畿道果川市光明路181（马溪洞）
[평일] - 10:00~19:00 [토요일] - 10:00~21:00 [일요일] - 10:00~20:00 ※ 공원 사정에 따라 변경 가능성 있으므로 홈페이지 참조,[平日] - 10:00–19:00 [周六] - 10:00–21:00 [周日] - 10:00–20:00 ※ 营业时间可能会因公园情况而有所变更，请参考网站。
"[종일권 (1일권)] - 일반 52,000원 - 청소년 46,000원 - 어린이 43,000원 [야간권 (16시 이후)] - 일반 45,000원 - 청소년 39,000원 - 어린이 36,000원 [무료] - 36개월 미만 ※ 할인 및 기타 상세 내용은 홈페이지 참조","【全天通票（一日票）】 - 普通票 52,000 韩元 - 青少年票 46,000 韩元 - 儿童票 43,000 韩元

【夜间通票（下午 4 点后）】 - 普通票 45,000 韩元 - 青少年票 39,000 韩元 - 儿童票 36,000 韩元

【免费】 - 36 个月以下儿童

※ 更多优惠及其他详情，请参考官网。"
북악스카이 팔각정,北阁天空八角亭
서울특별시 종로구 북악산로 267 (평창동),首尔特别市钟路区北岳山路267（平昌洞）
사천해변(사천해수욕장),泗川海滩（泗川海滩）
사천해변 사천해수욕장,沙川海滩 沙川海滩
강원특별자치도 강릉시 사천면 해안로 877,江原道江陵市泗川面海安路877号
한국도로공사 전주수목원,韩国高速公路公司全州植物园
전북특별자치도 전주시 덕진구 번영로 462-45,全北特别自治道全州市德津区法宁路462-45
화개정원,花盖花园
인천광역시 강화군 교동면 교동동로471번길 6-62,仁川广域市江华郡桥洞面桥洞洞路471号街6-62
- 평일 08:00~19:00 (입장마감 18:00)- 주말 08:00~20:00 (입장마감 17:00),- 平日 08:00~19:00（最晚入场时间 18:00） - 周末 08:00~20:00（最晚入场时间 17:00）
새별오름,Saebyeol Orem
제주특별자치도 제주시 애월읍 봉성리 산 59-8,济州特别自治道济州市越月邑奉城里59-8
신포국제시장,新浦国际市场
인천광역시 중구 관동3가,仁川广域市中区官洞3街
대둔산케이블카,大屯山缆车
전북특별자치도 완주군 운주면 대둔산공원길 55,全北特别自治道完州郡云柱面大屯山公园路55号
09:00~18:00 (매표마감 17:40) ※ 기상이변 발생시 운행 조기중단,9:00～18:00（售票截止时间为17:40）※如遇极端天气，运营将提前停止
"[왕복] - 대인 16,000원 - 대인할인 14,500원 - 소인 12,500원 - 소인할인 12,000원 [편도] - 대인 13,000원 - 대인할인 12,000원 - 소인 10,500원 - 소인할인 9,500원 ※ 할인 대상자 : 단체(30명 이상), 경로, 장애인, 국가유공자, 완주군민 (단, 확인증 제시자 본인에 한하여 적용, 중복할인 불가) ※ 탑승 당일 순차적으로 발권가능 (사전예약 불가 / 클린카드 사용 불가)","【往返】- 成人 16,000 韩元 - 成人优惠价 14,500 韩元 - 儿童 12,500 韩元 - 儿童优惠价 12,000 韩元

【单程】- 成人 13,000 韩元 - 成人优惠价 12,000 韩元 - 儿童 10,500 韩元 - 儿童优惠价 9,500 韩元

※ 优惠适用人群：团体（30人以上）、老年人、残疾人士、国家功勋人士、完州郡居民

（但优惠仅限出示证明文件者本人使用，不可重复享受优惠）

※ 车票于登车当日按顺序发放（不接受提前预订/不可使用无息卡）"
교동도 대룡시장,教东岛大龙市场
인천광역시 강화군 교동면 교동남로 35,仁川广域市江华郡教洞面教洞南路35号
허심청,许心清
부산광역시 동래구 금강공원로20번길 23,釜山广域市东莱区金刚公园路20街23
05:30~22:00,05:30~22:00
"[평일] - 일반 15,000원 - 초등학생 11,000원 - 유아 7,000원 [주말] - 일반 18,000원 - 초등학생 12,000원 - 유아 7,000원 ※ 이용요금은 변동될 수 있으므로 홈페이지 참고","【平日】- 普通游客 15,000 韩元 - 小学生 11,000 韩元 - 幼儿 7,000 韩元

【周末】- 普通游客 18,000 韩元 - 小学生 12,000 韩元 - 幼儿 7,000 韩元

※ 价格可能会有所变动，请以网站为准。"
세화해수욕장,世华海滩
제주특별자치도 제주시 구좌읍 세화길 (구좌읍),"济州特别自治道（Gujwa-eup）Sehwa-gil, Gujwa-eup"
한화리조트 설악 워터피아,雪岳韩华度假村水上乐园
강원특별자치도 속초시 미시령로2983번길 111 (장사동),江原道束草市美西岭路2983街111（长沙洞）
시즌별 상이※ 홈페이지 '워터피아 이용팁스' 참조,因季节而异 ※ 请参阅网站上的“Waterpia 小贴士”
행주산성,行州城
경기도 고양시 덕양구 행주로15번길 89,京畿道高阳市德阳区幸州路15街89
휴휴암(강원),休休岩（江原道）
휴휴암 강원,"休休岩, 江原道"
강원특별자치도 양양군 현남면 광진2길 3-16,江原道襄阳郡县南面广津2街3-16
목포 해상케이블카,木浦海上缆车
전남 전라남도 목포시 해양대학로 240,全罗南道全罗南道木浦市海洋大学路240
[하절기] - 월요일~목요일 09:00~20:00 - 금요일~일요일/공휴일 09:00~21:00 [동절기] - 월요일~목요일 09:00~19:00 - 금요일~일요일/공휴일 09:00~20:00 ※ 티켓 발권은 운행마감 1시간 전까지,"【夏季】周一至周四 09:00–20:00 - 周五至周日/节假日 09:00–21:00

【冬季】周一至周四 09:00–19:00 - 周五至周日/节假日 09:00–20:00

※ 必须在末班车开行前一小时购买车票。"
"[대인(14~64세)] - 일반 왕복 24,000원 - 일반 편도 19,000원 - 크리스탈 왕복 29,000원 - 크리스탈 편도 22,000원 [소인(4~13세)] - 일반 왕복 18,000원 - 일반 편도 13,000원 - 크리스탈 왕복 23,000원 - 크리스탈 편도 16,000원 ※ 무료 : 36개월 미만","【成人（14～64岁）】

- 标准往返 24,000 韩元

- 标准单程 19,000 韩元

- 水晶往返 29,000 韩元

- 水晶单程 22,000 韩元

【儿童（4～13岁）】

- 标准往返 18,000 韩元

- 标准单程 13,000 韩元

- 水晶往返 23,000 韩元

- 水晶单程 16,000 韩元

※ 36个月以下儿童免费"
천제연폭포,天帝渊瀑布
제주특별자치도 서귀포시 천제연로 132 (중문동),济州特别自治道西归浦市天帝渊路132号（中央洞）
09:00~17:50 (입장 마감 17:10),9:00~17:50（最后入场时间17:10）
"- 일반 2,500원 - 청소년/어린이 1,350원- ※ 자세한 사항은 홈페이지 참고","- 普通票 2,500 韩元 - 青少年/儿童票 1,350 韩元 - ※ 详情请参阅网站。"
광주 양동시장,光州良东市场
광주광역시 서구 천변좌로 238,光州广域市西区天边左路238
09:00~20:00 ※ 점포별로 상이함,9:00~20:00 ※ 各门店营业时间可能有所不同
표충사(밀양),宝忠寺（密阳）
표충사 밀양,密阳宝宗寺
경남 경상남도 밀양시 단장면 표충로 1338,庆尚南道密阳市坛场面表忠路1338
태화강 국가정원,泰花江国家花园
울산광역시 중구 샛강남길 5 (태화동),蔚山广域市中区新江南路5（太化洞）
해운대해수욕장,海云台海滩
부산광역시 해운대구 해운대해변로 264 (우동),釜山广域市海云台区海云台海滨路264（U洞）
매년 6월~8월,每年六月至八月
영일대해수욕장,灵日台海滩
경북 경상북도 포항시 북구 두호동 685-1,庆尚北道浦项市北区斗湖洞685-1
최참판댁 한옥숙박시설,崔占潘之家韩屋住宿
경남 경상남도 하동군 악양면 평사리길 86,庆尚南道河东郡安养面平沙里路 86
롯데월드 어드벤처 부산,乐天世界冒险釜山
부산광역시 기장군 동부산관광로 42,釜山广域市机张郡东釜山官清路 42
10:00~21:00 ※ 자세한 사항은 홈페이지 참조,10:00~21:00 ※ 详情请参阅网站。
"[종일권] - 성인 47,000원 - 청소년 39,000원 - 어린이, 경로 33,000원 - 베이비 12,000원 [오후권] - 어른 36,000원 - 청소년 32,000원 - 어린이, 경로 30,000원 - 베이비 12,000원","【全天通票】 - 成人 47,000 韩元 - 青少年 39,000 韩元 - 儿童/老年人 33,000 韩元 - 婴儿 12,000 韩元

【下午通票】 - 成人 36,000 韩元 - 青少年 32,000 韩元 - 儿童/老年人 30,000 韩元 - 婴儿 12,000 韩元"
강촌레일파크(김유정레일바이크),江村铁路公园（金裕贞铁路自行车）
강촌레일파크 김유정레일바이크,江村铁路公园金裕贞铁路自行车
강원특별자치도 춘천시 신동면 김유정로 1383,江原道春川市新东面金裕贞路1383
- 3월~10월 09:00~17:30 (휴게시간 12:10~13:00)- 11월~2월 09:00~16:30 (휴게시간 12:10~13:00),"- 三月至十月 09:00–17:30（休息时间 12:10–13:00）

- 十一月至二月 09:00–16:30（休息时间 12:10–13:00）"
아쿠아플라넷 일산,伊尔桑水星
경기도 고양시 일산서구 한류월드로 282,京畿道高阳市一山西区韩流世界路282
10:00~18:00 (입장 마감 17:00),10:00~18:00（最后入场时间17:00）
"39,000원※ 무료- 36개월 미만","39,000 韩元 ※ 36 个月以内免息"
낙산공원,骆山公园
서울특별시 종로구 낙산길 41 (동숭동),首尔特别市钟路区骆山路41（东城洞）
상시 개방 ※ 낙산 전시관 09:00~17:00,全年开放 ※ 骆山展览馆 09:00~17:00
대관령양떼목장,大关岭绵羊牧场
강원특별자치도 평창군 대관령면 대관령마루길 483-32,江原道平昌郡大关岭面大关岭丸路483-32号
※ 기상에 따라 변동될 수 있으므로 홈페이지 참조 요망,※ 由于天气原因，行程安排可能会有所变动，请参考网站信息。
"- 대인 9,000원- 소인 7,000원※ 자세한 사항은 전화문의 요망","成人：9,000韩元；儿童：7,000韩元 ※详情请致电咨询"
경기도 파주시 탄현면 필승로 369,京畿道坡州市炭县面必升路369
- 하절기(7월~9월) 09:30~17:30 (입장 마감 17:00)- 동절기(10월~6월) 10:00~17:00 (입장 마감 16:30),"- 夏季（7月至9月）09:30–17:30（最晚入场时间17:00）

- 冬季（10月至次年6月）10:00–17:00（最晚入场时间16:30）"
천안상록리조트 아쿠아피아,天安常绿度假村 Aquapia
충남 충청남도 천안시 동남구 수신면 수신로 576,忠清南道天安市东南区水新面水新路576
※ 시즌별로 상이하므로 자세한 이용 시간은 홈페이지 참조 및 전화 문의 요망,※营业时间因季节而异，详情请参阅网站或致电联系我们。
"20,000원~24,300원※ 자세한 사항은 홈페이지 참조 및 전화 문의 요망","20,000 韩元 ~ 24,300 韩元 ※ 详情请参阅网站或致电联系我们。"
인천광역시 서구 환경로28번길 42 (경서동),仁川市西区黄京路28号街42号（京西洞）
09:30~17:30 (입장 마감 17:00),9:30~17:30（最后入场时间17:00）
동피랑마을,东皮郎村
경남 경상남도 통영시 동피랑1길 6-18 (동호동),庆尚南道统营市东陂郎1街6-18（东湖洞）
덕진공원,朴德镇
전북특별자치도 전주시 덕진구 권삼득로 390,全北特别自治道全州市德津区权三德路390
옥연지 송해공원,朴玉泉
대구광역시 달성군 옥포읍,大邱广域市达城郡玉浦邑
한라수목원,哈拉植物园
제주특별자치도 제주시 수목원길 72 (연동),济州特别自治道济州市须木院路72号（延洞）
[야외전시원 및 산책로] - 상시 개방 [야외 산책로] - 09:00~23:00 [실내시설] - 하절기 09:00~18:00 - 동절기 09:00~17:00,【户外展览花园及步道】——全天开放 【户外步道】——9:00~23:00 【室内设施】——夏季 9:00~18:00——冬季 9:00~17:00
여수수산시장,丽水水产市场
전남 전라남도 여수시 여객선터미널길 24 (교동),全罗南道丽水市丽杏仙客运站路24（校洞）
06:00~21:00,06:00~21:00
서울특별시 종로구 사직로 161 (세종로),首尔特别市钟路区社稷路161（世宗路）
[1월~2월/11월~12월] 09:00~17:00 (입장마감 16:00) [3월~5월/9월~10월] 09:00~18:00 (입장마감 17:00) [6월~8월] 09:00~18:30 (입장마감 17:30),[1月至2月/11月至12月] 09:00–17:00（最晚入场时间16:00）[3月至5月/9月至10月] 09:00–18:00（最晚入场时间17:00）[6月至8月] 09:00–18:30（最晚入场时间17:30）
"- 개인 대인 3,000원 - 단체(10인 이상) 대인 2,400원 ※ 무료 : 만 24세 이하 청소년 / 만 64세 이상 어르신","- 个人成人票 3,000 韩元

- 团体票（10 人及以上）成人票 2,400 韩元

※ 免费：24 岁及以下青少年 / 64 岁及以上老年人"
선암사 [유네스코 세계유산],仙岩寺 [联合国教科文组织世界遗产]
전남 전라남도 순천시 승주읍 선암사길 450,韩国全罗南道顺天市承州邑仙岩寺路 450
08:00~17:00,08:00~17:00
애니포레,无论如何
- 매표시간 09:00~16:30※ 동절기 매표마감 16:00- 모노레일 하행선 막차 18:00,- 售票时间：09:00–16:30 ※ 冬季季票销售截止时间为16:00 - 末班下坡单轨列车发车时间为18:00
"[입장료]- 알파카 목장 + 가문비치유숲 성인 7,000원- 알파카 목장 + 가문비치유숲 소인 6,000원- 알파카 목장 + 가문비치유숲 + 모노레일 왕복 탑승 포함 성인 18,000원- 알파카 목장 + 가문비치유숲 + 모노레일 왕복 탑승 포함 소인 15,000원[모노레일 편도]- 성인 8,000원- 소인 6,000원※ 무료 : 24개월 이하 유아","【门票】

- 羊驼牧场 + 云杉疗愈森林：成人 7,000 韩元

- 羊驼牧场 + 云杉疗愈森林：儿童 6,000 韩元

- 羊驼牧场 + 云杉疗愈森林 + 单轨列车往返：成人 18,000 韩元

- 羊驼牧场 + 云杉疗愈森林 + 单轨列车往返：儿童 15,000 韩元

【单轨列车单程票】

- 成人 8,000 韩元

- 儿童 6,000 韩元

※ 24 个月及以下婴儿免费"
경기도 양주시 회암사길 11 (율정동),京畿道杨州市回岩寺路11（栗井洞）
- 하절기(3월~10월) 09:00~18:00 (입장 마감 17:00) - 동절기(11월~2월) 09:00~17:00 (입장 마감 16:00),"- 夏季（3月至10月）09:00–18:00（最晚入场时间17:00）

- 冬季（11月至2月）09:00–17:00（最晚入场时间16:00）"
"[개인]- 어른 2,000원- 청소년 / 군인 1,500원- 초등학생 1,000원[단체(20명 이상)]- 어른 1,500원- 청소년 / 군인 1,000원- 초등학생 800원※ 무료 : 6세 미만 / 65세 이상","【个人】

- 成人 2,000 韩元

- 青少年/军人 1,500 韩元

- 小学生 1,000 韩元

【团体（20 人以上）】

- 成人 1,500 韩元

- 青少年/军人 1,000 韩元

- 小学生 800 韩元

※ 免费：6 岁以下儿童/65 岁及以上老人"
충주 활옥동굴,忠州华洛克洞
충북 충청북도 충주시 목벌안길 26 (목벌동),忠清北道忠州市木法安路26（木法洞）
- 09:00~18:00 - 발권 마감 16:00 - 입장 마감 17:00,- 开放时间：9:00~18:00 - 售票截止时间：16:00 - 入场截止时间：17:00
"- 대인 10,000원 - 초·중·고 9,000원 - 소인 8,000원 - 보트 탑승 5,000원","- 成人 10,000 韩元

- 中小学生 9,000 韩元

- 儿童 8,000 韩元

- 乘船游览 5,000 韩元"
보은 법주사 [유네스코 세계유산],保恩法住寺 [联合国教科文组织世界遗产]
충북 충청북도 보은군 속리산면 법주사로 405,忠清北道保恩郡松里山面法州寺路405号
- 평시 06:00~18:30 - 동절기 06:00~17:30,- 正常营业时间：06:00~18:30 - 冬季营业时间：06:00~17:30
안반데기,安班德吉
강원특별자치도 강릉시 왕산면 안반데기길 428,江原道江陵市王山面安班德吉街428
제이드가든,翡翠花园
강원특별자치도 춘천시 남산면 햇골길 80 제이드가든수목원,翡翠花园植物园，江原道春川市南山面海谷路80号
[제이드가든 수목원] - 09:00~18:00 - 입장마감 17:00 [살롱제이드(브런치카페)] - 09:00~18:00 - 주문마감 브런치 16:00 / 음료 17:30,"【翡翠园】 - 9:00~18:00 - 最后入园时间 17:00

【翡翠沙龙（早午餐咖啡厅）】 - 9:00~18:00 - 最后点餐时间：早午餐 16:00 / 饮品 17:30"
"- 성인 11,000원 - 중고생 6,000원 - 어린이 6,000원 - 동계시즌 5,500원 ※ 36개월 미만 무료 입장 (증빙자료 지참)","- 成人 11,000 韩元

- 初中/高中学生 6,000 韩元

- 儿童 6,000 韩元

- 冬季 5,500 韩元

※ 36 个月以下儿童免费入场（需出示年龄证明）"
달성공원,达城公园
대구광역시 중구 달성공원로 35 (달성동),大邱市中区达城洞35号
05:00~21:00 ※ 자세한 사항은 전화문의 요망,05:00~21:00 ※ 详情请致电咨询
제주절물자연휴양림,济州岛自然休闲森林
제주특별자치도 제주시 명림로 584,济州特别自治道济州市明林路584号
07:00~17:00,7:00~17:00
"[개인] - 성인 1,000원 - 청소년 600원 - 어린이 300원 [단체(20명 이상)] - 성인 800원 - 청소년 500원 - 어린이 200원 ※ 자세한 사항은 전화문의 요망","【个人】- 成人 1,000 韩元 - 青少年 600 韩元 - 儿童 300 韩元

【团体（20 人以上）】- 成人 800 韩元 - 青少年 500 韩元 - 儿童 200 韩元

※ 详情请致电咨询"
이용 시즌·기간에 따라 이용 시간 상이하므로 홈페이지 참조,营业时间会根据季节和时期而有所不同，请参考网站。
이용 시즌·기간에 따라 이용 요금 상이하므로 홈페이지 참조,使用费因季节和时期而异，请参考网站了解详情。
잠실야구장,蚕室棒球场
잠실종합운동장잠실야구장,蚕室体育中心 蚕室棒球场
서울특별시 송파구 올림픽로 19-2 (잠실동),首尔特别市松坡区奥林匹克路19-2（蚕室洞）
경기별 상이,因游戏而异
온양 온천 랜드,昂阳温泉地
충남 충청남도 아산시 삼동로28번길 46 (모종동),忠清南道牙山市三洞路28号路46（毛井洞）
[월요일] - 온천탕 00:00~23:00 - 찜질방 00:00~22:00 [화요일] - 온천탕 05:00~24:00 - 찜질방 10:00~24:00 [수요일~일요일] - 상시 개방,"【星期一】- 温泉浴池 00:00~23:00 - 桑拿 00:00~22:00

【星期二】- 温泉浴池 05:00~24:00 - 桑拿 10:00~24:00

【星期三至星期日】- 全天开放"
대포주상절리,大浦柱状关节
제주특별자치도 서귀포시 이어도로 36-24 (중문동),济州特别自治道西归浦市离岛路36-24号（中央洞）
"[개인] - 일반 2,000원 - 어린이(7~12세), 청소년(13~24세), 군인(하사 이하) 1,000원 [단체 (10인 이상)] - 일반 1,600원 - 어린이(7~12세), 청소년(13~24세), 군인(하사 이하) 600원","【个人】- 普通票 2,000 韩元 - 儿童（7-12岁）、青年（13-24岁）、士兵（士官及以下）1,000 韩元

【团体（10人及以上）】- 普通票 1,600 韩元 - 儿童（7-12岁）、青年（13-24岁）、士兵（士官及以下）600 韩元"
신세계백화점 본점,新世界百货总店
서울특별시 중구 소공로 63 (충무로1가),首尔特别市中区小公路63(忠武路1街)
- 월요일~목요일 10:30~20:00- 금요일~일요일 10:30~20:00,周一至周四 10:30–20:00 周五至周日 10:30–20:00
한반도지형(강원고생대 국가지질공원),朝鲜半岛地形（江原道古生代国家地质公园）
한반도지형 강원고생대 국가지질공원,朝鲜半岛地形江原古生代国家地质公园
강원특별자치도 영월군 한반도면 한반도로 555,江原道宁越郡半半岛面半半岛路555
스플라스 리솜,浆细胞
충남 충청남도 예산군 덕산면 온천단지3로 45-7 (덕산면),忠清南道礼山郡德山面温泉丹地3路45-7号（德山面）
[워터파크] - 09:00~18:00 - 매표 마감 17:00 [사우나] - 06:00~19:00 - 매표 마감 18:00 [객실] 15:00~익일 11:00 ※ 자세한 사항은 홈페이지 참고,"【水上乐园】 - 9:00~18:00 - 售票截止时间为17:00

【桑拿房】 - 6:00~19:00 - 售票截止时间为18:00

【客房】 - 15:00~次日11:00

※ 详情请参考网站。"
스타필드 수원,星原
경기도 수원시 장안구 수성로 175 (정자동),京畿道水原市长安区寿城区路175（正子洞）
10:00~22:00※일부 매장 영업시간 상이,10:00~22:00 ※部分门店营业时间可能有所不同
광주광역시 북구 첨단과기로 235 (오룡동),光州广域市北区瞻丹瓜吉路235（五龙洞）
09:30~17:30 (입장 마감 16:30),9:30~17:30（最后入场时间16:30）
"[개인]- 어른 3,000원- 청소년, 어린이 2,000원[단체 (20인 이상)]- 어른 2,000원- 청소년, 어린이 1,500원※ 자세한 사항은 홈페이지 참조","【个人】- 成人 3,000 韩元 - 青少年、儿童 2,000 韩元

【团体（20 人以上）】- 成人 2,000 韩元 - 青少年、儿童 1,500 韩元

※ 详情请参考网站。"
경주 문무대왕릉,庆州文武王陵
경북 경상북도 경주시 문무대왕면 봉길리 30-1,庆尚北道庆州市文武大旺面凤吉里30-1
백길해변,白吉海滩
전남 전라남도 신안군 자은면 유각리,全罗南道全罗南道新安郡才恩面游阁里
10:00~19:00,10:00~19:00
용두암,永头潭
제주특별자치도 제주시 용두암길 15 (용담이동),济州特别自治道济州市龙头岩路15(龙潭洞)
보령 천북굴단지,保宁天北牡蛎养殖场
충남 충청남도 보령시 천북면 장은리,忠清南道保宁市天北面长恩里
음식점 별 상이,因餐厅而异
평택호관광단지,平泽湖旅游综合体
경기도 평택시 현덕면 평택호길 159,京畿道平泽市显德面平泽湖路159
장항 스카이워크 (기벌포 해전 전망대),长项天空步道（吉博浦海战展望台）
장항 스카이워크 기벌포 해전 전망대,长项天空步道吉博浦海战展望台
충남 충청남도 서천군 장항산단로34번길 122-16,忠清南道舒川郡长港产团路34街122-16
[동절기(10월~3월)]- 09:30~17:00- 입장마감 16:30[하절기 (4월~9월)]- 09:30~18:00- 입장마감 17:30,"【冬季（10月至3月）】9:30–17:00 – 最晚入场时间16:30

【夏季（4月至9月）】9:30–18:00 – 最晚入场时间17:30"
"4,000원※ 무료- 장애인/국가유공자/경로우대","4,000韩元 ※ 免费 - 残疾人士/国家功勋获得者/老年人"
돌산공원,突山公园
전남 전라남도 여수시 돌산읍 우두리 산 1,全罗南道全罗南道丽水市突山邑牛头里山1
수원 화성 [유네스코 세계유산],水原华城 [联合国教科文组织世界遗产]
"단양장 (1, 6일)",丹阳市场（1街和6街）
"단양장 1, 6일",丹阳市场（1日和6日）
충북 충청북도 단양군 단양읍 도전5길 31,忠清北道丹阳郡丹阳邑道田5街31
점포별로 상이함,各门店情况不同。
구례 섬진강 벚꽃길,求礼蟾津江樱花路
전남 전라남도 구례군 문척면,全罗南道全罗南道求礼郡文尺面
주문진수산시장,朱文津海鲜市场
강원특별자치도 강릉시 주문진읍 시장길 38,江原道江陵市注文津邑时张路38
07:00~22:00,7:00~22:00
월드컵공원,世界杯公园
서울특별시 마포구 월드컵로 243-60 (성산동),首尔特别市麻浦区世界杯路243-60（城山洞）
월별 이용시간 상이하므로 홈페이지 참조,营业时间每月有所不同，请参考网站。
파라다이스 스파 도고,天堂水疗中心 Dogo
충남 충청남도 아산시 도고면 도고온천로 176,韩国忠清南道牙山市道面川路 176
※ 시즌마다 운영시간이 상이하므로 홈페이지 확인 요망,※营业时间因季节而异，请查看网站。
※ 시즌마다 이용요금이 상이하므로 홈페이지 확인 요망,※ 使用费因季节而异，请查看网站。
수목원길 야시장,植物园路夜市
제주특별자치도 제주시 은수길 69,济州特别自治道济州市恩寿路69号
18:00~22:00,18:00~22:00
광명동굴,光明洞
경기도 광명시 가학로85번길 142 (가학동),京畿道光明市伽学路85街142（伽学洞）
"[개인] - 일반 10,000원 - 청소년 5,000원 - 어린이 3,000원 [단체] - 일반 8,000원 - 청소년 4,000원 - 어린이 2,500원 ※ 자세한 사항은 홈페이지 참고","【个人】- 普通票 10,000 韩元 - 青少年票 5,000 韩元 - 儿童票 3,000 韩元

【团体】- 普通票 8,000 韩元 - 青少年票 4,000 韩元 - 儿童票 2,500 韩元

※ 详情请参考网站。"
경주 대릉원 일원,庆州大陵苑地区
경북 경상북도 경주시 황남동 31-1,庆尚北道庆州市皇南洞31-1
09:00~22:00 (입장 마감 21:30),9:00~22:00（最晚入场时间21:30）
"[대릉원] - 무료 [천마총] - 성인 3,000원 - 청소년 2,000원 - 어린이 1,000원","[大陵苑] - 免费 [天马冲] - 成人 3,000 韩元 - 青少年 2,000 韩元 - 儿童 1,000 韩元"
통영중앙전통시장,统营中央传统市场
경남 경상남도 통영시 중앙시장1길 14-16,庆尚南道统营市中央市场1街14-16
점포 별로 상이함,各门店情况不同。
유엔기념공원,联合国纪念公园
부산광역시 남구 유엔평화로 93 유엔기념공원,釜山广域市南区联合国和平路93号联合国纪念公园
[하절기(5~9월)] 09:00~18:00 [동절기(10~4월)] 09:00~17:00,[夏季（5月至9月）] 09:00–18:00 [冬季（10月至4月）] 09:00–17:00
비슬산자연휴양림,飞瑟山自然休闲森林
대구광역시 달성군 유가읍 일연선사길 99 (관리사무소),大邱市达城郡裕贺邑一利延善寺路99号（管理处）
와온해변,瓦翁海滩
전남 전라남도 순천시 해룡면 상내리,全罗南道全罗南道顺天市海龙面上内里
롯데월드 어드벤처,乐天世界冒险乐园
"[월요일~목요일, 일요일] 10:00~21:00 [금요일~토요일] 10:00~22:00 ※ 매표 및 입장 : 영업 종료 1시간 전 마감 ※ 운영시간 변동될 수 있으므로 자세한 사항은 홈페이지 참조","【周一至周四、周日】10:00–21:00 【周五至周六】10:00–22:00

※ 售票及入场：闭馆前一小时停止售票

※ 营业时间可能会有所变更，详情请参阅网站。"
"[종합이용권(롯데월드+민속박물관)] - 어른 64,000원 - 청소년 56,000원 - 어린이 48,000원 - 베이비 16,000원 [파크이용권(롯데월드)] - 어른 61,000원 - 청소년 54,000원 - 어린이 47,000원 - 베이비 16,000원 ※ 위 요금은 롯데월드 어드벤처 입장 및 놀이시설 이용요금으로 게임시설 등 유료시설 제외 ※ 자세한 사항은 홈페이지 참조","【乐天世界+民俗博物馆全包通票】

- 成人 64,000 韩元

- 青少年 56,000 韩元

- 儿童 48,000 韩元

- 婴儿 16,000 韩元

【乐天世界乐园通票】

- 成人 61,000 韩元

- 青少年 54,000 韩元

- 儿童 47,000 韩元

- 婴儿 16,000 韩元

※ 以上价格包含乐天世界乐园门票及游乐设施使用费；游戏厅等收费设施不包含在内。

※ 详情请参考官网。"
부소담악(추소정),武寿潭阁（中秋节）
부소담악 추소정,布素潭阁中保正
충북 충청북도 옥천군 군북면 환산로 518,忠清北道沃川郡军北面焕山路518号
망원유수지체육공원,望远水库体育公园
서울특별시 마포구 월드컵로25길 190 (망원동),首尔特别市麻浦区世界杯路25街190（望远洞）
"상시 개방 ※ 단, 유수지의 특성상 우천 및 기상특보 시에는 구민의 안전을 위하여 사용을 제한함",随时开放 ※但是，由于蓄水池的特殊性质，为了居民的安全，在下雨或发布天气预警期间限制使用。
외암민속마을,奥姆民俗村
충남 충청남도 아산시 송악면 외암민속길9번길 13-2,韩国忠清南道牙山市松岳面外民宿路9街13-2
[하절기] - 09:00~18:00 [동절기] - 09:00~17:00,【夏季】- 09:00~18:00 【冬季】- 09:00~17:00
"[개인] - 어른 2,000원 - 청소년, 군인 1,000원 - 어린이 1,000원 [단체 (30인 이상)] - 어른 1,600원 - 청소년, 군인 800원 - 어린이 800원","【个人】- 成人 2,000 韩元 - 青少年、军人 1,000 韩元 - 儿童 1,000 韩元

【团体（30 人以上）】- 成人 1,600 韩元 - 青少年、军人 800 韩元 - 儿童 800 韩元"
병방치 스카이워크,炳方池空中步道
강원특별자치도 정선군 정선읍 병방치길 225,江原道旌善郡旌善邑炳方路225号
[하절기] - 09:00~18:00 [동절기] - 10:00~17:00 ※ 당일 기상 여건에 따라 관람 제한이 있을 수 있음,[夏季] - 09:00~18:00 [冬季] - 10:00~17:00 ※ 根据当日天气情况，可能会限制入场。
파주놀이구름,坡州Play Cloud
경기도 파주시 와석순환로 500 (와동동),京畿道坡州市和石循环路500（和洞洞）
10:00~19:00 (입장 마감 17:00),10:00~19:00（最后入场时间17:00）
헤이리 예술마을,海里艺术村
경기도 파주시 탄현면 헤이리마을길 70-21,京畿道坡州市炭县面Heyrimaeu​​l路70-21
시설 별로 상이함,因设施而异
"무료 ※ 단, 시설 별로 상이함",免费 ※ 但不同设施收费标准可能有所不同
학동 흑진주 몽돌해변,鹤洞黑珍珠圆石滩
경남 경상남도 거제시 동부면 학동6길 18-1,庆尚南道巨济市东部面鹤洞6街18-1
수덕사(예산),秀德寺（礼山）
수덕사 예산,须德寺益山
충남 충청남도 예산군 덕산면 수덕사안길 79,韩国忠清南道礼山郡德山面水德山路79号
남한산성도립공원 [유네스코 세계유산],南汉山城道立公园 [联合国教科文组织世界遗产]
경기도 광주시 남한산성면 남한산성로 731,京畿道光州市南汉山城面南汉山城路731号
"[남한산성 행궁] 하절기(4월~10월) 10:00~18:00 동절기(11월~3월) 10:00~17:00 ※ 관람시작시간 30분전 매표 시작, 관람마감시간 30분전 매표 마감",【南汉山城】夏季（4月至10月）10:00-18:00 冬季（11月至3月）10:00-17:00 ※ 门票销售于开馆前30分钟开始，闭馆前30分钟结束。
더현대 서울,现代首尔
서울특별시 영등포구 여의대로 108 (여의도동),首尔特别市永登浦区汝矣岛路108（汝矣岛洞）
- 월요일~목요일 10:30~20:00- 금요일~일요일 10:30~20:30- 식당가 10:30~22:00,- 周一至周四 10:30–20:00 - 周五至周日 10:30–20:30 - 美食广场 10:30–22:00
여수 유월드 루지 테마파크,丽水U世界滑板车主题公园
전남 전라남도 여수시 소라면 안심산길 155,全罗南道丽水市索罗面安心山路 155
상시 10:00~19:00,营业时间：10:00–19:00
"[루지&리프트] - 대인(초등학생 이상) 18,900원(1회) - 소인(미취학 아동) 6,900원(1회) ※ 자세한 사항은 홈페이지 참조","【雪橇滑道及升降机】

- 成人（小学生及以上）18,900韩元（单次）

- 儿童（学龄前儿童）6,900韩元（单次）

※ 详情请参考网站。"
담양 메타프로방스,大阳元果
전남 전라남도 담양군 담양읍 깊은실길 2-17,韩国全罗南道潭阳郡潭阳邑吉平实街2-17
호텔 농심,农心酒店
서해랑 제부도 해상케이블카,瑞豪浪济武岛海上缆车
경기도 화성시 서신면 전곡항로 1-10,京畿道华城市西新面全谷港路1-10
"- 평일 09:00~19:00 (매표 마감 18:00)- 주말 및 공휴일 09:00~20:00 (매표 마감 19:00)※ 탑승권 발권은 운영 마감 1시간 전까지, 탑승은 30분 전까지 가능","- 平日 09:00–19:00（售票截止时间为18:00）

- 周末及节假日 09:00–20:00（售票截止时间为19:00）

※ 登机牌可在闭馆前一小时领取，登机可在闭馆前30分钟开始。"
"[일반]- 대인 19,000원- 소인 15,000원[크리스탈]- 대인 24,000원- 소인 19,000원※ 이용요금은 변동될 수 있으므로 홈페이지 참조 또는 전화 문의 요망","【标准间】- 成人 19,000 韩元 - 儿童 15,000 韩元

【水晶间】- 成人 24,000 韩元 - 儿童 19,000 韩元

※ 价格可能会有所变动，请参考网站或致电咨询。"
삼성궁,三城宫
경남 경상남도 하동군 청암면 삼성궁길 13,庆尚南道河东郡清岩面三成宫路 13
08:30~16:40,08:30~16:40
"[개인] - 일반 8,000원 - 청소년 5,000원 - 어린이 4,000원 [단체 (30인 이상)] - 일반 7,000원 - 청소년 4,000원 - 어린이 3,000원 ※ 경로/장애인/유공자 5,000원 ※ 자세한 사항 홈페이지 참고","【个人】- 普通 8,000 韩元 - 青少年 5,000 韩元 - 儿童 4,000 韩元

【团体（30 人以上）】- 普通 7,000 韩元 - 青少年 4,000 韩元 - 儿童 3,000 韩元

※ 老年人/残疾人/功勋人士 5,000 韩元

※ 详情请参考网站"
서귀포매일올레시장,西归浦偶来市场
제주특별자치도 서귀포시 서귀동 340,济州特别自治道西归浦市西归洞340号
- 하절기 07:00~21:00- 동절기 07:00~20:00,- 夏季 07:00~21:00 - 冬季 07:00~20:00
울산업스퀘어,蔚山工业广场
울산광역시 남구 화합로 185 (삼산동),蔚山广域市南区华合路185(三山洞)
10:30~22:00,10:30~22:00
퍼스트가든,第一花园
경기도 파주시 탑삭골길 260 (상지석동),京畿道坡州市踏石谷路260（尚地石洞）
10:00~22:00 (매표마감 21:00),10:00~22:00（21:00停止售票）
"[입장권 평일]- 대인(중학생 이상) 10,000원- 소인(36개월~초등학생) 9,000원[입장권 주말 및 공휴일]- 대인(중학생 이상) 12,000원- 소인(36개월~초등학생) 11,000원[아이노리 빅3]- 대인 평일 21,000원- 대인 주말 23,000원- 소인 평일 20,000원- 소인 주말 22,000원[아이노리 빅5]- 대인 평일 28,000원- 대인 주말 30,000원- 소인 평일 27,000원- 소인 주말 29,000원※ 우대할인(장애인 / 국가유공자 / 만 65세 이상) : 1,000원 할인※ 무료 : 36개월 미만※ 무료 입장 대상과 우대 할인 대상은 증빙 서류 지참 필수","【平日门票】 - 成人（初中生及以上）10,000韩元 - 儿童（36个月至小学生）9,000韩元

【周末及节假日门票】 - 成人（初中生及以上）12,000韩元 - 儿童（36个月至小学生）11,000韩元

【爱诺里三大景点】 - 成人平日21,000韩元 - 成人周末23,000韩元 - 儿童平日20,000韩元 - 儿童周末22,000韩元

【爱诺里五大景点】 - 成人平日28,000韩元 - 成人周末30,000韩元 - 儿童平日27,000韩元 - 儿童周末29,000韩元

※ 特别优惠（残疾人士/国家功勋人士/老年人） 65岁及以上人士可享1000韩元折扣

※ 36个月以下儿童免费

※ 免费入场资格及特别折扣资格需提供相关证明文件。"
경주 석굴암 [유네스코 세계유산],庆州石窟庵 [联合国教科文组织世界遗产]
경북 경상북도 경주시 석굴로 238 석굴암,韩国庆尚北道庆州市石窟路238号石窟庵
[3월~9월] 09:00~18:00 [2월~10월] 09:00~17:30 [11월~1월] 09:00~17:00,[3月至9月] 09:00–18:00 [2月至10月] 09:00–17:30 [11月至1月] 09:00–17:00
산굼부리,桑古姆布里
제주특별자치도 제주시 조천읍 비자림로 768,济州特别自治道济州市朝天邑比扎林路768号
[3~6월 / 9~10월]- 09:00~18:40 (입장마감 18:00) [7~8월 / 11월~2월]- 09:00~17:40 (입장마감 17:00) ※ 마감시간은 기후 및 날씨에 따라 변경될 수 있음,"【3月至6月/9月至10月】 - 09:00–18:40（最后入场时间18:00）

【7月至8月/11月至次年2月】 - 09:00–17:40（最后入场时间17:00）

※闭馆时间可能因天气情况而有所调整。"
"[개인] - 성인 7,000원 - 청소년, 어린이(민4세 이상) 6,000원 [단체] - 성인 6,000원 - 청소년, 어린이(민4세 이상) 5,000원 ※ 만 65세 이상, 도민, 국가유공자, 장애인 : 5,000원(신분증 지참 필수)","【个人】- 成人 7,000 韩元 - 青少年、儿童（4 岁及以上）6,000 韩元

【团体】- 成人 6,000 韩元 - 青少年、儿童（4 岁及以上）5,000 韩元

※ 65 岁及以上老人、省居民、国家功勋人士、残疾人士：5,000 韩元（需出示身份证件）"
목포 연안여객선터미널,木浦海岸客运码头
전남 전라남도 목포시 해안로 182,全罗南道全罗南道木浦市海岸路 182
청주 상당산성,清州上堂山城
충북 충청북도 청주시 상당구 성내로 70,忠清北道清州市上堂区城内路 70
물의 정원,水花园
경기도 남양주시 조안면 북한강로 398,京畿道南杨州市常安面北汉江路398
제부도,杰布多
경기도 화성시 서신면 해안길 421-12,京畿道华城市西新面海岸路421-12
성성호수공원,圣城湖公园
충남 충청남도 천안시 서북구 성성2길 66,韩国忠清南道天安市西北区圣城2街66号
시흥 갯골생태공원,始兴河谷生态公园
경기도 시흥시 동서로 287 (장곡동),京畿道始兴市东西路287（长谷洞）
국립수목원,国家植物园
[하절기(4~10월)]09:00~18:00 (입장 마감 17:00)[동절기(11~3월)]09:00~17:00 (입장 마감 16:00),【夏季（4月至10月）】09:00–18:00（最晚入场时间17:00）【冬季（11月至3月）】09:00–17:00（最晚入场时间16:00）
"- 어른 1,000원- 청소년 700원- 어린이 500원※ 자세한 사항은 홈페이지 참조 요망","- 成人：1,000 韩元

- 青少年：700 韩元

- 儿童：500 韩元

※ 详情请参考网站。"
롯데아울렛 남악점,乐天奥特莱斯 Namak 分店
전남 전라남도 무안군 삼향읍 남악로162번길 80,韩国全罗南道务安郡三乡邑那马克路 162 街 80
윈드1947 카트테마파크,风之1947卡丁车主题公园
제주특별자치도 서귀포시 토평공단로 78-27,济州特别自治道西归浦市拓平公团路78-27号
10:00~18:30 (입장 마감 18:00),10:00~18:30（最晚入场时间18:00）
"[카트] - 1인용 기본형 30,000원 - 2인용 기본형 40,000원 [서바이벌] - 배틀존 20,000원 - 종합권 30,000원 - 레이저존 15,000원","【卡丁车】- 单人标准模式 30,000 韩元 - 双人标准模式 40,000 韩元

【生存模式】- 战斗区域 20,000 韩元 - 组合通行证 30,000 韩元 - 激光区域 15,000 韩元"
강문해변,江门海滩
강원특별자치도 강릉시 창해로 352,江原道江陵市昌海路352
프로방스 마을,普罗旺斯村
경기도 파주시 탄현면 새오리로 69,京畿道坡州市炭县面新利路69
10:00~22:00,10:00~22:00
해운대 달맞이길,海云台达尔马吉吉尔
부산광역시 해운대구 달맞이길 190,釜山广域市海云台区迎月路 190
물왕호수,慕旺湖
경기도 시흥시 물왕동 (물왕동),京畿道始兴市物王洞（物王洞）
24시간 개방,24小时营业
제주 무지개해안도로,济州岛彩虹海岸公路
제주특별자치도 제주시 도두일동 1734,济州特别自治道济州市杜都伊洞1734号
부평깡통시장,富平江通市场
부산광역시 중구 부평1길 48,釜山广域市中区富平1街48
- 08:00~20:00- 야시장 19:30~23:30※ 점포별로 상이함,- 08:00~20:00 - 夜市 19:30~23:30 ※ 各店铺营业时间可能有所不同
단양 사인암,丹阳赛南
충북 충청북도 단양군 대강면 사인암2길 42,忠清北道丹阳郡大江面西南2街42
"정선5일장 / 정선 아리랑시장 (2, 7일)",旌善五日市场/旌善阿里郎市场（2日和7日）
"정선5일장 / 정선 아리랑시장 2, 7일",旌善五日市集/旌善阿里郎市集（2日和7日）
강원특별자치도 정선군 정선읍 5일장길 40,江原道旌善郡旌善邑五一章路40号
청평사(춘천),清平寺（春川）
청평사 춘천,春川清平寺
강원특별자치도 춘천시 북산면 오봉산길 810,江原道春川市北山面五峰山路810
경주 황리단길,庆州皇尼丹吉
경북 경상북도 경주시 포석로 1080 (황남동),庆尚北道庆州市浦石路1080（皇南洞）
단양 고수동굴,丹阳戈苏洞
충북 충청북도 단양군 단양읍 고수동굴길 8,忠清北道丹阳郡丹阳邑古水洞街 8 号
"- 어른 11,000원 - 청소년 7,000원 - 어린이 5,000원 - 경로(만65세 이상), 장애인(4급~6급), 국가유공자 5,500원 ( ※ 무료 : 만 4세 이하 / 1급~3급장애인 / 동반 1인까지 )","- 成人 11,000 韩元

- 青少年 7,000 韩元

- 儿童 5,000 韩元

- 老年人（65 岁及以上）、残疾人（4-6 级）、国家功勋人员 5,500 韩元

（※ 免费：4 岁及以下儿童 / 1-3 级残疾人 / 最多 1 名陪同人员）"
애월해안도로,艾沃尔海岸公路
제주특별자치도 제주시 애월읍 구엄리,济州特别自治道济州市爱月邑坚里
물향기수목원,慕良基植物园
경기도 오산시 청학로 211 (수청동),京畿道乌山市青学路211（水清洞）
[3월~10월] - 09:00~18:00 (입장 마감 17:00) [11월~2월] - 09:00~17:00 (입장 마감 16:00),[3月至10月] - 09:00–18:00（最后入场时间17:00）[11月至2月] - 09:00–17:00（最后入场时间16:00）
자작도해변,贾贾克多海滩
강원특별자치도 고성군 죽왕면 자작도선사길,江原道高城郡竹光面紫雀都善寺路
충북 충청북도 청주시 상당구 문의면 청남대길 646,忠清北道清州市上堂区文义面青南大道646
[하절기(2월~11월)]- 09:00~18:00- 매표 마감 16:30[동절기(12월~1월)]- 09:00~17:00- 매표 마감 15:30,"【夏季（2月至11月）】9:00–18:00，售票截止时间为16:30

【冬季（12月至1月）】9:00–17:00，售票截止时间为15:30"
"[개인]- 일반 6,000원- 청소년, 군인 4,000원- 어린이, 노인 3,000원[단체 (20인 이상)]- 일반 5,000원- 청소년, 군인 3,000원- 어린이, 노인 2,000원※ 자세한 사항은 전화문의 요망","【个人】

- 普通：6,000 韩元

- 青少年、军人：4,000 韩元

- 儿童、老年人：3,000 韩元

【团体（20人以上）】

- 普通：5,000 韩元

- 青少年、军人：3,000 韩元

- 儿童、老年人：2,000 韩元

※ 详情请致电咨询"
화암사(고성),花岩寺（高城）
화암사 고성,花岩寺古堡
강원특별자치도 고성군 토성면 화암사길 100,江原道高城郡土城面花岩寺路100号
강화 동막해변,江华东马克海滩
인천광역시 강화군 화도면 해안남로 1481,仁川广域市江华郡花岛面海安南路1481号
호미곶 해맞이광장,霍米戈特日出广场
경북 경상북도 포항시 남구 호미곶면 해맞이로150번길 20,庆尚北道浦项市南区虎尾面海马路路150街20
남산서울타워,南山首尔塔
- 평일 10:00~22:30 - 주말 10:00~23:00,- 工作日 10:00–22:30 - 周末 10:00–23:00
"[전망대] - 대인(만 13세 이상) 26,000원 - 소인(만 3세~ 만 12세) 20,000원 - 경로(만 65세 이상) 20,000원","【观景台】

- 成人（13岁及以上）26,000韩元

- 儿童（3至12岁）20,000韩元

- 老年人（65岁及以上）20,000韩元"
최참판댁,崔昌潘的房子
경남 경상남도 하동군 악양면 평사리길 66-7,庆尚南道河东郡安养面平沙里路 66-7
"[성인] - 2,000원 [청소년, 군인] - 1,500원 [어린이] - 1,000원 ※ 무료 : 7세 이하, 65세 이상, 장애인, 국가유공자, 하동군민 ※ 입장료 50% 할인 : 진주, 사천, 남해, 여수, 순천, 광양, 고흥, 보성 ※ 입장료 면제 및 할인 대상자는 신분증 등 증빙서류 지참 필수","【成人】- 2,000 韩元

【青少年、军人】- 1,500 韩元

【儿童】- 1,000 韩元

※ 免费：7 岁及以下儿童、65 岁及以上老人、残疾人士、国家功勋人士、河东郡居民

※ 门票五折优惠：晋州、泗川、南海、丽水、顺天、光阳、高兴、宝城

※ 享受门票优惠或减免的人士需出示身份证等相关证明。"
산지천,山地川
제주특별자치도 제주시 건입동,济州特别自治道济州市建日洞
해수워터피아,海水水皮亚
인천광역시 서구 봉수대로 257 (가좌동),仁川广域市西区凤水大路257（加佐洞）
- 사우나 06:00~22:00- 찜질방 06:30~21:30,- 桑拿 06:00~22:00 - 汗蒸房 06:30~21:30
강원특별자치도 강릉시 강동면 율곡로 1441,江原道江陵市江东面栗谷路1441
"- 성인 17,000원 - 청소년 13,000원 - 어린이 11,000원 - 36개월 미만 무료","成人：17,000韩元

青少年：13,000韩元

儿童：11,000韩元

36个月以下儿童免费"
안양농수산물도매시장,安阳农水批发市场
경기도 안양시 동안구 흥안대로 313,京畿道安阳市东安区兴安大路313
[과일]- 08:00~18:00[채소]- 06:00~16:00[수산]- 08:00~21:00 (회 센터 11:30~22:00),【水果】- 08:00~18:00 【蔬菜】- 06:00~16:00 【海鲜】- 08:00~21:00（刺身区 11:30~22:00）
아쿠아플라넷 여수,丽水星
전남 전라남도 여수시 오동도로 61-11 (수정동),全罗南道丽水市五东岛路61-11（水井洞）
09:30~19:00 (매표 마감 18:00),9:30~19:00（售票截止时间为18:00）
"- 일반(19세 이상) 37,900원- 청소년(13세~18세) / 경로(만65세 이상) 34,900원- 어린이(12세 이하) 32,900원","- 普通票（19岁及以上）37,900韩元

- 青少年票（13-18岁）/老年人票（65岁及以上）34,900韩元

- 儿童票（12岁及以下）32,900韩元"
월미도,沃尔米多
인천광역시 중구 월미문화로 36 (북성동1가),仁川市中区月见花路36号（北城洞1街）
김녕성세기해변 (김녕해수욕장),金宁圣世基海滩（金宁海滩）
김녕성세기해변 김녕해수욕장,金宁圣世基海滩 金宁海滩
제주특별자치도 제주시 구좌읍 구좌해안로 237,济州特别自治道济州市古佐邑古佐河安路237号
한국민속촌,韩国民俗村
경기도 용인시 기흥구 민속촌로 90 (보라동),京畿道龙仁市器兴区民俗村路90（宝罗洞）
[월요일~목요일] 10:00~18:00 [금요일~일요일] 10:00~22:00 ※ 자세한 사항은 전화문의 요망,【周一至周四】10:00–18:00 【周五至周日】10:00–22:00 ※ 详情请致电咨询
"- 성인, 청소년 37,000원 - 아동 30,000원 - 경로, 장애 26,000원","- 成人、青少年 37,000 韩元

- 儿童 30,000 韩元

- 老年人、残疾人 26,000 韩元"
월정사·월정사 전나무숲,月精寺·月精寺冷杉林
강원특별자치도 평창군 진부면 오대산로 374-8,江原道平昌郡珍富面五台山路374-8
섭지코지,涉地可支
제주특별자치도 서귀포시 성산읍 섭지코지로 107,济州特别自治道西归浦市城山邑涉地古路107号
용머리해안,永茂海岸
제주특별자치도 서귀포시 안덕면 사계리 112-3,济州特别自治道西归浦市安德面沙溪里112-3号
"09:00~17:00 ※ 간조,만조에 따라 관람시간이 변경되기 때문에 방문 전 전화문의 요망",09:00~17:00 ※ 参观时间会因潮汐涨落而有所变化，请在参观前致电确认。
"[개인] - 어른 2,000원 - 청소년, 어린이 1,000원 [단체] - 어른 1,600원 - 청소년, 어린이 600원 ※ 자세한 사항은 전화문의 요망","【个人】- 成人 2,000 韩元 - 青少年、儿童 1,000 韩元

【团体】- 成人 1,600 韩元 - 青少年、儿童 600 韩元

※ 详情请致电咨询"
해운대시장,海云台市场
부산광역시 해운대구 중동1로 42-16 (중동),釜山广域市海云台区中洞1路42-16（中洞）
09:00~22:00(점포 별 상이),9:00~22:00（各门店营业时间可能有所不同）
사천바다 케이블카,泗川海缆车
경남 경상남도 사천시 사천대로 18,庆尚南道泗川市泗川大路18
- 월요일~목요일 09:30~18:00 - 금요일 09:30~20:00 - 토요일 09:00~20:00 - 일요일 09:00~18:00 ※ 운영종료 1시간 전 매표 마감 ※ 기상 및 매표상황에 따라 조기 마감될 수 있으므로 홈페이지 참조 요망,"- 周一至周四 09:30–18:00

- 周五 09:30–20:00

- 周六 09:00–20:00

- 周日 09:00–18:00

※ 售票处将于闭馆前一小时停止售票。

※ 请查看网站，运营时间可能因天气状况或门票供应情况而提前结束。"
"[일반캐빈] - 왕복 개인(대인) 18,000원 - 왕복 개인(소인) 15,000원 - 왕복 단체(대인) 16,000원 - 왕복 단체(소인) 13,000원 - 편도 개인(대인) 12,000원 - 편도 개인(소인) 9,000원 - 편도 단체(대인) 10,000원 - 편도 단체(소인) 7,000원 [크리스털 캐빈] - 왕복 개인(대인) 23,000원 - 왕복 개인(소인) 20,000원 - 왕복 단체(대인) 21,000원 - 왕복 단체(소인) 18,000원 - 편도 개인(대인) 15,000원 - 편도 개인(소인) 12,000원 - 편도 단체(대인) 13,000원 - 편도 단체(소인) 10,000원 ※ 단체 : 20명 이상 ※ 보호자 동반한 만 3세 미만 아동 무료","【标准舱】

- 往返单人票（成人）18,000 韩元

- 往返单人票（儿童）15,000 韩元

- 往返团体票（成人）16,000 韩元

- 往返团体票（儿童）13,000 韩元

- 单程单人票（成人）12,000 韩元

- 单程单人票（儿童）9,000 韩元

- 单程团体票（成人）10,000 韩元

- 单程团体票（儿童）7,000 韩元

【水晶舱】

- 往返单人票（成人）23,000 韩元

- 往返单人票（儿童）20,000 韩元

- 往返团体票（成人）21,000 韩元

- 往返团体票（儿童）18,000 韩元韩元

- 单程个人票（成人）15,000 韩元

- 单程个人票（儿童）12,000 韩元

- 单程团体票（成人）13,000 韩元

- 单程团体票（儿童）10,000 韩元 ※ 团体票：20 人及以上 ※ 3 岁以下儿童在监护人陪同下免费"
황산문화체육공원,黄山文化体育公园
경남 경상남도 양산시 물금읍 물금리 162-1,庆尚南道梁山市勿近邑勿近里 162-1
부산 어린이대공원,釜山儿童大公园
부산광역시 부산진구 새싹로 295,釜山广域市釜山镇区佐佐路295号
와우정사(용인),佛贞寺（龙仁）
와우정사 용인,龙仁市的佛贞寺
경기도 용인시 처인구 해곡로 25-15,京畿道龙仁市处仁区海谷路25-15
06:00~18:00,06:00~18:00
속초관광수산시장,束草旅游水产市场
강원특별자치도 속초시 중앙로147번길 12,江原道束草市中央路147街12
08:00~00:00※ 점포별 상이함,08:00~00:00 ※ 各门店营业时间可能有所不同
죽도시장,竹岛市场
경북 경상북도 포항시 북구 죽도시장13길 13 (죽도동),庆尚北道浦项市北区竹岛西场13街13（竹岛洞）
08:00~22:00,08:00~22:00
국립현대미술관 서울,首尔国立现代美术馆
서울특별시 종로구 삼청로 30 (소격동),首尔特别市钟路区三清路30（昭格洞）
"10:00~18:00 수,토 10:00~21:00 ※ 발권시간 : 관람종료 1시간 전까지 가능","10:00–18:00（周三、周六）10:00–21:00

※ 售票：闭馆前一小时均可购票"
상설전시 무료입장* 기획전시는 홈페이지참고,免费参观常设展览* 特别展览信息请参阅网站。
자라섬,贾拉苏姆
경기도 가평군 가평읍 자라섬로 60,京畿道加平郡加平邑龟岛路 60
"무료※ 단, 축제 기간 내 방문할 시 입장료 있음",免费 ※ 但在节日期间参观需支付入场费。
쌍계사(하동),双溪寺（河东）
쌍계사 하동,双溪寺，河东
경남 경상남도 하동군 화개면 쌍계사길 59,庆尚南道河东郡华开面双溪寺路59
08:00~17:30,08:00~17:30
단양 다누리아쿠아리움,丹阳丹努里水族馆
충북 충청북도 단양군 단양읍 수변로 111,忠清北道丹阳郡丹阳邑水边路 111
[비수기] - 09:00~18:00 - 매표 마감 17:00 [성수기 (7월~8월 중) - 09:00~19:00 - 매표 마감 18:00 ※ 설·추석 명절 당일 13시 개관,"【淡季】 - 9:00~18:00 - 17:00停止售票

【旺季（7月~8月）】 - 9:00~19:00 - 18:00停止售票

※ 农历新年和中秋节当天13:00开始营业"
"[개인] - 어른 18,000원 - 청소년 8,000원 - 경로, 어린이 7,000원 [단체 (20인 이상)] - 어른 10,000원 - 청소년 6,000원 - 경로, 어린이 5,000원","【个人】 - 成人 18,000 韩元 - 青少年 8,000 韩元 - 老年人、儿童 7,000 韩元

【团体（20 人以上）】 - 成人 10,000 韩元 - 青少年 6,000 韩元 - 老年人、儿童 5,000 韩元"
화담숲,华达姆苏普
경기도 광주시 도척면 도척윗로 278-1,京畿道广州市都尺面都尺威路278-1
"- 성인 11,000원- 청소년, 경로 9,000원- 어린이 7,000원※ 자세한 사항은 전화문의 요망","成人：11,000韩元

青少年、老年人：9,000韩元

儿童：7,000韩元

※ 详情请致电咨询"
서울 헌릉(태종·원경왕후)과 인릉(순조·순원황후) [유네스코 세계유산],汉陵（太宗和王后皇太后）和仁陵（纯祖和纯原皇太后）位于首尔 [联合国教科文组织世界遗产]
서울특별시 서초구 헌인릉길 34 (내곡동),首尔特别市瑞草区兴宁路34（内谷洞）
[2월~5월] 09:00~18:00 (입장마감 17:00) [6월~8월] 09:00~18:30 (입장마감 17:30) [9월~10월] 09:00~18:00 (입장마감 17:00) [11월~1월] 09:00~17:30 (입장마감 16:30),[2月至5月] 09:00–18:00（最晚入场时间17:00）[6月至8月] 09:00–18:30（最晚入场时间17:30）[9月至10月] 09:00–18:00（最晚入场时间17:00）[11月至1月] 09:00–17:30（最晚入场时间16:30）
"- 개인 1,000원 - 단체(10인 이상) 800원","- 个人 1,000 韩元 - 团体（10 人及以上）800 韩元"
난지천공원,朴南志川
서울특별시 마포구 월드컵로 365 (상암동),首尔市麻浦区世界杯路365号（上岩洞）
강화루지(강화씨사이드리조트),江华滑板车（江华海滨度假村）
강화루지 강화씨사이드리조트,江华滑板车 江华海滨度假村
인천광역시 강화군 길상면 장흥로 217,仁川广域市江华郡吉祥面长兴路217
- 평일 09:30~17:30- 주말 09:30~18:00※ 이용시간은 변동될 수 있으므로 홈페이지 참고,- 工作日 09:30–17:30 - 周末 09:30–18:00 ※ 营业时间可能会有所变更，请查看网站。
마니산(강화),马尼山（江华岛）
마니산 강화,马尼山江华
인천 강화군 화도면 상방리 산35,仁川广域市江华郡花岛面上房里山35
09:00~18:00※일몰시간에 따라 입산 가능시간이 변경될 수 있음,09:00~18:00 ※ 入场时间可能会根据日落情况而有所调整。
"[개인]- 성인 2,000원- 청소년, 군인 1,000원- 어린이 700원[단체(20인 이상)]- 성인 1,500원- 청소년, 군인 800원- 어린이 500원※ 자세한 사항은 전화문의 요망","【个人】 - 成人 2,000 韩元 - 青少年、军人 1,000 韩元 - 儿童 700 韩元

【团体（20 人以上）】 - 成人 1,500 韩元 - 青少年、军人 800 韩元 - 儿童 500 韩元

※ 详情请致电咨询"
율암온천숯가마 테마파크,玉岩温泉炭窑主题公园
경기도 화성시 팔탄면 온천로 434-14,京畿道华城市八滩面温泉路434-14
"[온천욕] - 대인 11,000원 - 소인 8,000원 [온천/ 숯가마] - 대인 16,000원 - 소인 11,000원 ※ 자세한 사항은 홈페이지 참고","【温泉浴】 - 成人 11,000 韩元 - 儿童 8,000 韩元

【温泉/炭窑】 - 成人 16,000 韩元 - 儿童 11,000 韩元

※ 详情请参考网站。"
국립생태원(서천),国立生态研究所（瑞川）
국립생태원 서천,国立生态研究所瑞川
충남 충청남도 서천군 마서면 금강로 1210,韩国忠清南道西川郡马西面金刚路1210号
[춘추·하절기 (3월~10월)] - 09:30~18:00 - 매표 마감 17:00 [동절기 11월~2월] - 09:30~17:00 - 매표 마감 16:00,"【春/秋/夏季（3月至10月）】 - 9:30–18:00 - 售票截止时间为17:00

【冬季（11月至2月）】 - 9:30–17:00 - 售票截止时间为16:00"
"[개인] - 어른 5,000원 - 청소년 3,000원 - 어린이 2,000원 [단체 (20인 이상)] - 어른 4,000원 - 청소년 2,000원 - 어린이 1,000원 ※ 무료 - 유아(만 4세 이하) / 경로우대(만 65세 이상) / 장애인 / 국가유공자 / 의상자 / 기초생활수급자(신분증 지참 필수)","【个人】- 成人 5,000 韩元 - 青少年 3,000 韩元 - 儿童 2,000 韩元

【团体（20 人以上）】- 成人 4,000 韩元 - 青少年 2,000 韩元 - 儿童 1,000 韩元

※ 免费 - 婴幼儿（4 岁及以下）/ 老年人（65 岁及以上）/ 残疾人士 / 国家功勋人士 / 因公受伤人员 / 领取基本生活补助者（需出示证件）"
쁘띠프랑스,小法兰西
경기도 가평군 청평면 호반로 1063,京畿道加平郡清平面虎番路1063
09:00~18:00 ※ 야간개장 시간은 홈페이지 공지사항 게시판 참조 ※ 계절과 날씨에 따라 폐장 시간이 유동적으로 운영됨,09:00~18:00 ※ 夜间营业时间请参考网站公告栏。 ※ 闭馆时间可能因季节和天气而有所调整。
"- 일반/청소년 12,000원 - 어린이(36개월~초등학생) 10,000원","- 普通/青少年 12,000 韩元 - 儿童（36 个月至小学生）10,000 韩元"
공주 공산성 [유네스코 세계유산],公州公山城 [联合国教科文组织世界遗产]
충남 충청남도 공주시 웅진로 280 (금성동),忠清南道公州市熊津路280(金城洞)
- 하절기(3월~10월) 9:00~18:00 - 동절기(11월~2월) 9:00~17:00 ※ 종료 30분 전까지 입장 마감,"- 夏季（3月至10月）9:00–18:00

- 冬季（11月至2月）9:00–17:00

※ 闭馆前30分钟停止入场。"
"[개인] - 어른 3,000원 - 청소년/군인 2,000원 - 어린이 1,000원 ※ 온누리 공주시민 가입자 50% 할인 [단체(20인 이상)] - 어른 2,500원 - 청소년/군인 1,500원 - 어린이 500원","【个人】 - 成人 3,000 韩元 - 青少年/军人 2,000 韩元 - 儿童 1,000 韩元 ※ 御乐公州市民订户享 5 折优惠

【团体（20 人以上）】 - 成人 2,500 韩元 - 青少年/军人 1,500 韩元 - 儿童 500 韩元"
대전오월드,大田 O-World
대전광역시 중구 사정공원로 70 (사정동),大田广域市中区沙中公园路70(沙中洞)
중문색달해수욕장,中文色达海滩
제주특별자치도 서귀포시 색달동,济州特别自治道西归浦市锡达洞
상시 개방 ※기상 상황에 따라 통제 가능,全天候开放 ※ 视天气情况而定，可能会关闭
서울 명동성당,首尔明洞大教堂
서울특별시 중구 명동길 74 (명동2가),首尔特别市中区明洞街74(明洞2街)
- 일요일 07:00~20:00 - 월요일~토요일 09:00~19:00,- 周日 07:00~20:00 - 周一至周六 09:00~19:00
선유도,仙游岛
전북특별자치도 군산시 옥도면 선유남길 34-22,全北特别自治道群山市玉岛面仙云岩路34-22号
산막이옛길,桑马基耶特吉尔
충북 충청북도 괴산군 칠성면 명태재로외사4길 1,忠清北道，忠清北道，七城面，明太济路4街1号
"[유람선]- 대인 7,000원- 소인 5,000원[모터보트]- 대인 10,000원- 소인 8,000원※ 자세한 사항은 전화문의 요망","【游轮】- 成人 7,000 韩元 - 儿童 5,000 韩元

【快艇】- 成人 10,000 韩元 - 儿童 8,000 韩元

※ 详情请致电咨询"
대부도,大武道
경기도 안산시 단원구 대부황금로 1531,京畿道安山市檀园区大佛皇金路1531
설해원,雪海院
강원특별자치도 양양군 손양면 공항로 230,江原道襄阳郡索尼面机场路230
설악산 케이블카,雪岳山缆车
강원특별자치도 속초시 설악산로 1085 (설악동),江原道束草市雪岳山路1085（雪岳洞）
상세한 시간은 운행 1일 전 홈페이지 공지,详细行程安排将于运营前一天在网站上公布。
동문재래시장,东门传统市场
제주특별자치도 제주시 관덕로14길 20,济州特别自治道济州市冠德路14街20号
08:00~21:00,08:00~21:00
전북특별자치도 군산시 해망로 240 군산근대역사박물관,群山近代史博物馆，全罗北道群山市海望路240号
[하절기(3~10월)]09:00~18:00 (입장마감 17:30) [동절기(11~2월)]09:00~17:00 (입장마감 16:30),【夏季（3月至10月）】09:00–18:00（最晚入场时间17:30）【冬季（11月至2月）】09:00–17:00（最晚入场时间16:30）
※ 이용시설에 따라 입장요금 상이하므로 홈페이지 참조 요망,※ 门票价格因设施而异，请参考网站了解详情。
포천아트밸리 (한탄강 유네스코 세계지질공원),抱川艺术谷（汉潭江联合国教科文组织世界地质公园）
포천아트밸리 한탄강 유네스코 세계지질공원,抱川艺术谷，汉潭江联合国教科文组织世界地质公园
[하절기(3월~10월)] - 월요일~목요일 09:00~19:00 (입장 마감 18:00) - 금요일~토요일/공휴일 09:00~22:00 (입장 마감 20:00) - 일요일 09:00~20:00 (입장 마감 19:00) [동절기(11월~02월)] - 월요일~일요일 09:00~18:00 (입장 마감 17:00),"【夏季（3月至10月）】

- 周一至周四 09:00–19:00（最后入场时间18:00）

- 周五至周六/公众假期 09:00–22:00（最后入场时间20:00）

- 周日 09:00–20:00（最后入场时间19:00）

【冬季（11月至2月）】

- 周一至周日 09:00–18:00（最后入场时间17:00）"
"[개인] - 어른 5,000원 - 청소년,군인 3,000원 - 어린이 1,500원 [단체(20명 이상)] - 어른 3,000원 - 청소년,군인 2,000원 - 어린이 1,000원 ※ 무료 - 포천시민 / 만 65세 / 미취학 아동 / 장애인 / 국가유공자","【个人】 - 成人 5,000 韩元 - 青少年、军人 3,000 韩元 - 儿童 1,500 韩元

【团体（20 人以上）】 - 成人 3,000 韩元 - 青少年、军人 2,000 韩元 - 儿童 1,000 韩元

※ 免费 - 抱川市居民 / 65 岁及以上老人 / 学龄前儿童 / 残疾人士 / 国家功勋人士"
화엄사,华严寺
전남 전라남도 구례군 마산면 화엄사로 539,全罗南道全罗南道求礼郡马山面华严寺路539
00:00~18:00※일몰 후 입장금지,00:00~18:00 ※日落后禁止入内
소노캄 경주,Sonoclam 庆州
경북 경상북도 경주시 보문로 402-12 (신평동),庆尚北道庆州市普门路402-12（新平洞）
코트야드 메리어트 서울 명동,首尔明洞万怡酒店
서울특별시 중구 남대문로 9,首尔特别市中区南大门路 9
율동공원,朴玉东
경기도 성남시 분당구 문정로 145 (율동),京畿道城南市盆唐区文井路145（栗洞）
원당시장,元堂市场
경기도 고양시 덕양구 호국로790번길 17 (성사동),京畿道高阳市德阳区虎国路790街17（城沙洞）
09:00~21:00 (점포별 상이함),09:00~21:00（各门店营业时间可能有所不同）
스타필드 고양,星域高阳
경기도 고양시 덕양구 고양대로 1955,1955 京畿道高阳市德阳区高阳大路
김해수로왕릉,金海首罗皇家陵墓
경남 경상남도 김해시 서상동 56-2,庆尚南道金海市西上洞56-2
"- 3월, 10월 08:00~18:00- 4월~9월 08:00~20:00- 11월~2월 09:00~18:00",- 三月、十月 08:00~18:00 - 四月至九月 08:00~20:00 - 十一月至二月 09:00~18:00
롯데몰 진주점,乐天购物中心晋州分店
경남 경상남도 진주시 동진로 440 (충무공동),庆尚南道晋州市东进路440（忠武公洞）
영월 장릉(단종) [유네스코 세계유산],永月长陵（丹宗）[联合国教科文组织世界遗产]
강원특별자치도 영월군 영월읍 단종로 190,江原道宁越郡宁越邑端宗路190
09:00~18:00 (입장마감 17:30),9:00~18:00（最后入场时间17:30）
"- 대인 2,000원 - 중고생 1,500원 - 어린이 1,000원","成人 2,000 韩元；中小学生 1,500 韩元；儿童 1,000 韩元"
미르섬,米尔塞姆
충남 충청남도 공주시 금벽로 368 (신관동),忠清南道公州市金碧路368（新完洞）
문경새재 오픈세트장,闻庆世宰开局
- 3월~10월 09:00~18:00 - 11월~2월 09:00~17:00,- 三月至十月 09:00–18:00 - 十一月至二月 09:00–17:00
"[개인] - 어른 2,000원 - 청소년·군인 1,000원 - 어린이 500원 [단체] - 어른 1,500원 - 청소년·군인 800원 - 어린이 400원 [문경시민] - 어른 1,000원 - 청소년·군인 500원 - 어린이 300원 ※ 무료 : 국가·독립·참전유공자 본인 및 유족증 / 장애인 및 동행보호자 / 6세이하 어린이 / 만65세이상 노인 등 ※ 자세한 사항은 홈페이지 참조","【个人】- 成人 2,000 韩元 - 青少年/军人 1,000 韩元 - 儿童 500 韩元

【团体】- 成人 1,500 韩元 - 青少年/军人 800 韩元 - 儿童 400 韩元

【闻庆市市民】- 成人 1,000 韩元 - 青少年/军人 500 韩元 - 儿童 300 韩元

※ 免费：功勋卓著人士、独立人士、战争老兵（及遗属）/ 残疾人士及其陪护人员 / 6 岁及以下儿童 / 65 岁及以上老人等。

※ 详情请参考网站。"
동대구역광장,东大邱站广场
대구광역시 동구 동대구로 550 (신암동),大邱广域市东区东大邱路 550 (新南洞)
전북특별자치도 전주시 완산구 동문길 33-20 (풍남동2가),全北全州市完山区东门路33-20(丰南洞2街)
- 월요일~목요일10:00~19:00 - 금요일 10:00~19:30 - 토요일 09:30~19:30 - 일요일 09:30 19:00 ※ 1시간 전 입장마감,"- 周一至周四 10:00–19:00

- 周五 10:00–19:30

- 周六 09:30–19:30

- 周日 09:30–19:00

※ 闭馆前1小时停止入场"
"- 성인 7,000원- 청소년, 경로우대, 장애인, 국가유공자 6,000원- 소인 5,000원",成人7000韩元；青少年、老年人、残疾人、国家功勋人士6000韩元；儿童5000韩元
부산광역시남구시설관리공단 남구빙상장,釜山广域市南区设施管理公司南区冰场
부산광역시 남구 백운포로 106 (용호동),釜山广域市南区白云浦路106（龙湖洞）
09:00~17:45,9:00~17:45
"- 성인 8,000원 - 청소년 7,000원 - 어린이 6,000원 ※ 자세한 사항은 전화문의 요망","成人：8,000韩元

青少年：7,000韩元

儿童：6,000韩元

※ 详情请致电咨询"
의정부예술의전당(의정부 8경),议政府艺术中心（议政府八景）
의정부 의정부예술의전당 의정부 8경,议政府、议政府艺术中心、议政府八大景点
의정부 음악도서관(의정부 8경),议政府音乐图书馆（议政府八景）
의정부 의정부 음악도서관 의정부 8경,议政府 议政府音乐图书馆 议政府八大景点
경기도 의정부시 장곡로 280,京畿道议政府市长谷路280
의정부 미술도서관(의정부 8경),议政府艺术图书馆（议政府八景）
의정부 의정부 미술도서관 의정부 8경,议政府 议政府艺术图书馆 议政府八景
경기도 의정부시 민락로 248,京畿道议政府市民乐路248
망월사(의정부 8경),望月寺（议政府八大景点）
의정부 망월사 의정부 8경,议政府望月寺，议政府八景之一
경기도 의정부시 망월로28번길 211-500,京畿道议政府市望月路28街211-500
서수원도서관,西水原图书馆
수원 서수원도서관,水原西水原图书馆
경기도 수원시 권선구 탑동로57번길 35,京畿道水原市权善区塔东路57街35
곤지암렌탈샵 아이원,昆池岩租赁店 I-One
광주 곤지암렌탈샵 아이원,光州昆池岩租赁店 I-One
경기 광주시 도척면 도척윗로 102,京畿道广州市都尺面都尺威路102
공유양조벤처센터 술지움,苏尔吉姆共享酿造创业中心
경기 가평군 상면 청군로 248,京畿道加平郡上面清军路248
곤지암렌탈샵 장비좋은집,昆池岩出租店，带良好设备的房屋
광주 곤지암렌탈샵 장비좋은집,光州昆池岩出租店，配备齐全的房屋
경기 광주시 도척면 독고개길 307,京畿道广州市道尺面道高街307
물맑음수목원,穆尔马尔吉姆植物园
남양주 물맑음수목원,南杨州水马金植物园
경기도 남양주시 수동면 지둔로307번길 47-4,京畿道南杨州市水东面知敦路307街47-4
니지모리스튜디오,虹森工作室
동두천 니지모리스튜디오,东豆川虹森工作室
경기도 동두천시 천보산로 567-12,京畿道东豆川市天宝山路567-12号
글로우사파리,夜光探险
안성 글로우사파리,安城荧光狩猎之旅
경기 안성시 공도읍 서동대로 3930-39,京畿道安城市工岛邑西东大路3930-39
부천자유시장,富川自由市场
부천 부천자유시장,富川市富川自由市场
경기도 부천시 자유로 33,京畿道富川市自由路33
충장근린체육공원,忠藏邻里体育公园
고양 충장근린체육공원,高阳忠江邻里体育公园
경기도 고양시 덕양구 행신로 42,京畿道高阳市德阳区行信路42
소요산국민관광지,宗阳山国家旅游区
동두천 소요산국민관광지,东豆川昭耀山国家旅游区
경기 동두천시 평화로2910번길 145,京畿道东豆川市和平路2910街145
경기의왕 레일바이크,京畿道义王轨道自行车
하남 경기의왕 레일바이크,河南京畿道义王铁路自行车
경기 의왕시 왕송못동로 221,京畿道义王市旺松木洞路221
동두천 놀자숲,东豆川诺尔贾苏普
동두천 동두천 놀자숲,东豆川 东豆川 诺尔贾苏普
경기 동두천시 탑동가산로 1,京畿道东豆川市塔东加山路1
왕방계곡,王邦谷
동두천 왕방계곡,东豆川望邦谷
경기 동두천시 탑동동,京畿道东豆川市塔洞洞
오산 버드파크,乌山鸟园
경기 오산시 오산동 915,京畿道乌山市乌山洞 915
용소폭포,永索瀑布
경기 가평군 북면 적목리,京畿道加平郡北面赤木里
경기아트센터,京畿道艺术中心
수원 경기아트센터,水原京畿艺术中心
경기도 수원시 팔달구 효원로307번길 20 (인계동),京畿道水原市八达区孝园路307街20（仁溪洞）
대유평공원,朴大宇平
수원 대유평공원,水原大宇平朴
경기 수원시 장안구 정자동 111-19,京畿道水原市长安区正子洞111-19
영흥수목원,永兴植物园
수원 영흥수목원,水原永兴植物园
경기도 수원시 영통구 영통로 435 (영통동),京畿道水原市灵通区灵通路435（灵通洞）
동백호수공원,冬柏湖公园
평택 동백호수공원,平泽东柏湖公园
경기 용인시 기흥구 중동 843,京畿道龙仁市器兴区中洞843
하남ICEBOX 아이스링크,哈南ICEBOX溜冰场
경기 하남시 미사강변한강로 327,京畿道河南市三江边汉江路327
롯데피트인 산본점,乐天 FitIn 三本分店
군포 롯데피트인 산본점,军浦乐天FitIn三本店
경기 군포시 번영로 485,京畿道军浦市法宁路485
스타필드 안성,星域安城
안성 스타필드 안성,安城星空安城
AK플라자 광명,AK Plaza 光明
광명 AK플라자 광명,光明 AK 广场 光明
경기 광명시 양지로 17,京畿道光明市阳智路17
신세계백화점 의정부점,新世界百货议政府分店
의정부 신세계백화점 의정부점,新世界百货议政府分店
경기 의정부시 평화로 525,京畿道议政府市和平路525
모다아울렛 구리남양주점,Moda Outlet 九里南杨州店
구리 모다아울렛 구리남양주점,九里Moda Outlet 九里南杨州店
경기 구리시 경춘북로 230,京畿道九里市庆春北路230
롯데백화점 구리점,乐天百货九里分店
구리 롯데백화점 구리점,乐天百货九里分店
경기 구리시 경춘로 261,京畿道九里市京春路261
곤지암리조트 스키장,昆池岩滑雪度假村
광주 곤지암리조트 스키장,光州昆池岩滑雪度假村
경기 광주시 도척면 도척윗로 278,京畿道广州市都尺面都尺威路278
뉴코아아울렛 평촌점,Newco Outlet 平村分店
안양 뉴코아아울렛 평촌점,安阳新科奥特莱斯 平村分店
경기 안양시 동안구 동안로 119,京畿道安阳市东安区东安路119
동탄 호수공원 그랑파사쥬,东滩湖公园大通道
화성 동탄 호수공원 그랑파사쥬,华城东滩湖公园大通道
경기 화성시 동탄대로5길 15,京畿道华城市东滩大路5街15
롯데백화점 일산점,乐天百货一山店
고양 롯데백화점 일산점,高阳乐天百货一山店
경기 고양시 일산동구 중앙로 1283,京畿道高阳市一山东区中央路1283
파미어스몰,帕米尔斯购物中心
성남 파미어스몰,城南Famiers购物中心
경기 성남시 수정구 창업로 18,京畿道城南市水井区昌邑路18
현대백화점 판교점,现代百货商店板桥分店
성남 현대백화점 판교점,城南现代百货店板桥店
경기 성남시 분당구 판교역로146번길 20,京畿道城南市盆唐区板桥路路146街20
타임빌라스 수원,时光别墅水原
수원 타임빌라스 수원,水原时光别墅
경기 수원시 권선구 세화로 134,京畿道水原市权善区细化路134
AK플라자 수원,AK Plaza 水原
수원 AK플라자 수원,水原AK广场
경기 수원시 팔달구 덕영대로 924,京畿道水原市八达区德庆大路924
갤러리아광교,光教画廊
수원 갤러리아광교,水原光教广场
매향리 평화역사관,梅香里和平历史博物馆
화성 매향리 평화역사관,华城梅香里和平历史博物馆
경기 화성시 우정읍 매향리 896-3,京畿道华城市雨井邑梅香里896-3
화성 매향리평화기념관,华城梅香里和平纪念馆
브릭스포도파파야열대과일체험농장,Brix 葡萄木瓜热带水果体验农场
안산 브릭스포도파파야열대과일체험농장,安山布里克斯葡萄木瓜热带水果体验农场
경기 안산시 단원구 선감동 288-1,京畿道安山市檀园区西南洞288-1
현대백화점 킨텍스점,现代百货商店 Kintex 分店
고양 현대백화점 킨텍스점,高阳现代百货商店Kintex店
일산시장,一山市场
고양 일산시장,高阳日山市场
경기 고양시 일산서구 일청로12번길 9,京畿道高阳市一山西区日清路12街9
소요생활체육공원,Soyo Life 体育公园
동두천 소요생활체육공원,东豆川 Soyo 生活运动公园
경기 동두천시 봉동로 27,京畿道东豆川市凤洞路27
반월호수공원,班沃尔湖公园
군포 반월호수공원,军浦半月湖公园
경기 군포시 호수로 92,京畿道军浦市湖水路 92
AK플라자 금정,AK Plaza 金井
군포 AK플라자 금정,军浦AK广场金井
경기 군포시 엘에스로 143,京畿道军浦市L路143
가평베고니아새정원,加平秋海棠鸟园
경기도 가평군 설악면 미사리로270번길 30,京畿道加平郡雪岳面米沙里路270街30
화악터널 쌈지공원(가평 별빛정원),花岩隧道口袋公园（加平星光花园）
화악터널 쌈지공원 가평 별빛정원,华克隧道口袋公园加平星光花园
경기도 가평군 북면 화악리 산 228-1,京畿道加平郡北面华岳里山228-1
의왕무민공원,朴义王姆明
하남 의왕무민공원,韩南义王 朴姆明
경기 의왕시 의일로 65,京畿道义王市义一路 65
구리 왕숙체육공원,古里旺素克体育公园
구리 구리 왕숙체육공원,古里旺素克体育公园
경기도 구리시 왕숙천로 701 (사노동),京畿道九里市王淑川路701（佐野洞）
양평 백운봉자연휴양림,杨平白根峰自然休闲林
양평 양평 백운봉자연휴양림,杨平白根峰自然休闲林
경기도 양평군 양평읍 약수사길 78-14,京畿道杨平郡杨平邑药水寺路78-14
양평군립미술관,杨平郡美术馆
양평 양평군립미술관,杨平郡美术馆
"용문천년시장(5,10일)",永门千禧市场（5号、10号）
"양평 용문천년시장 5,10일",杨平龙门千禧市场（5日和10日）
경기도 양평군 용문면 용문시장2길 11,京畿道杨平郡龙门面龙门寺场2街11
백석생활체육공원,白石体育公园
양주 백석생활체육공원,杨州白石体育公园
경기도 양주시 백석읍 백은로 185,京畿道杨州市白石邑白根路185
청련사,清莲寺
양주 청련사,杨州清莲寺
경기 양주시 장흥면 권율로 169,京畿道杨州市长兴面权律路169
금광호수공원,金光湖公园
안성 금광호수공원,安城金光湖公园
경기도 안성시 금광면 진안로 968,京畿道安城市金光面镇安路968
이천설봉온천랜드,利川雪峰温泉地
경기도 이천시 애련정로 67-16 (안흥동),京畿道利川市爱莲亭路67-16（安兴洞）
세이브존 광명점,Save Zone 光明分店
광명 세이브존 광명점,光明省钱区光明分店
경기 광명시 철망산로 87,京畿道光明市铁芒山路87
화성 드림파크야구장,华城梦幻公园棒球场
화성 화성 드림파크야구장,华城梦幻公园棒球场
경기 화성시 우정읍 기아자동차로 189-2,京畿道华城市雨井邑起亚汽车路189-2
경안시장,庆安市场
광주 경안시장,光州庆安市场
경기 광주시 경안로25번길 14-1,京畿道广州市京安路25街14-1
평택시농업생태원,平泽市农业生态公园
오산 평택시농업생태원,乌山平泽市农业生态公园
경기도 평택시 오성면 청오로 33-34,京畿道平泽市五城面清古路33-34号
연보람목장,延宝岩牧场
김포 연보람목장,金浦延宝岩牧场
경기도 김포시 통진읍 하성로101번길 403-25,京畿道金浦市东津邑河城路101号街403-25号
함박산중앙공원,咸巴克山中央公园
오산 함박산중앙공원,乌山咸巴山中央公园
경기 평택시 고덕동 1694-450,京畿道平泽市古德洞 1694-450
이충레포츠공원,宜忠休闲运动公园
오산 이충레포츠공원,乌山一中休闲公园
경기 평택시 장안웃길 149,京畿道平泽市Janganut街149
한강신도시호수공원,汉港新城湖滨公园
김포 한강신도시호수공원,金浦汉江新城湖公园
경기도 김포시 김포한강8로 302 (마산동),京畿道金浦市金浦汉江8路302（马山洞）
몬스터리움,怪兽屋
김포 몬스터리움,金浦怪兽馆
경기도 김포시 대곶면 대명항1로 52,京畿道金浦市大谷面大明港1路52
김포아트빌리지,金浦艺术村
김포 김포아트빌리지,金浦 金浦艺术村
경기 김포시 모담공원로 170,京畿道金浦市毛丹公园路170
김포 김포아트홀,金浦 金浦美术馆
경기 김포시 돌문로 26,京畿道金浦市石门路26
갯골캠핑장,盖特戈尔露营地
시흥 갯골캠핑장,始兴盖谷露营地
경기도 시흥시 동서로 137-71 (월곶동),京畿道始兴市东西路137-71（月串洞）
삼미시장,萨米市场
시흥 삼미시장,始兴三美市场
경기도 시흥시 삼미시장1길 19,京畿道始兴市三尾庄1街19
감악산 출렁다리,伽玛山悬索桥
경기도 파주시 적성면 설마천로 273-9,京畿道坡州市赤城面雪马村路273-9
운정호수공원,云井湖公园
경기도 파주시 경의로 1151 (와동동),京畿道坡州市京义路1151（和洞洞）
약천사,药川寺
경기 파주시 교하로681번길 118,京畿道坡州市交河路681街118
경기도 파주시 문발로 253 (문발동),京畿道坡州市文八路253（文八洞）
콩치노 콩크리트 콘서트홀,康西诺混凝土音乐厅
경기 파주시 탄현면 새오리로161번길 17,京畿道坡州市炭县面新利路161街17
산골수목원,桑戈尔植物园
시흥 산골수목원,始兴山谷植物园
경기 시흥시 금화로202번길 136-2,京畿道始兴市金花路202街136-2
정왕시장,正旺市场
시흥 정왕시장,始兴正旺市场
경기도 시흥시 정왕시장길 52 (정왕동),京畿道始兴市正往市场路52（正往洞）
시흥ABC행복학습타운,始兴ABC快乐学习小镇
시흥 시흥ABC행복학습타운,始兴 始兴ABC幸福学习城
경기도 시흥시 소래산길 11,京畿道始兴市苏来山路11
하남수산물시장,哈南海鲜市场
경기 하남시 하남대로 1041,京畿道河南市河南大路 1041
스타필드 시티 위례,星野城威瑞
경기도 하남시 위례대로 200,京畿道河南市维礼大路200
미사한강공원5호,米萨汉江公园5号
경기도 하남시 망월동 832,京畿道河南市望月洞 832
자유공원,自由公园
안양 자유공원,安阳自由公园
경기도 안양시 동안구 평촌대로 76,京畿道安阳市东安区坪村大路76
삼막사계곡,萨马克萨谷
안양 삼막사계곡,阿尼扬萨玛克萨山谷
경기도 안양시 만안구 석수동,京畿道安阳市万安区石水洞
석수체육공원,石水体育公园
안양 석수체육공원,安阳石水体育公园
경기 안양시 만안구 안양로 595,京畿道安养市马安区安养路595
다산체육공원(체육공원1호 체육시설) 축구장,大山体育公园（1号体育公园）足球场
남양주 다산체육공원(체육공원1호 체육시설) 축구장,南阳州大山体育公园（第一体育公园）足球场
경기도 남양주시 다산동 6138,京畿道南杨州市茶山洞 6138
뽀로로테마파크다산위드트래블,波罗罗主题公园大山旅游
남양주 뽀로로테마파크다산위드트래블,南杨州Pororo主题公园 茶山旅行
경기도 남양주시 다산지금로 202 (다산동),京畿道南杨州市茶山地锦路202（茶山洞）
남양주한강공원(삼패지구),南杨州汉江公园（桑佩区）
남양주 남양주한강공원 삼패지구,南杨州 南杨州汉江公园 三佩区
경기도 남양주시 강변북로632번길 14 (수석동),京畿道南杨州市江边北路632街14（水石洞）
스파디움24,Spadium 24
남양주 스파디움24,南阳州 Spadium 24
경기도 남양주시 다산순환로 20 (다산동),京畿道南杨州市茶山环形路20（茶山洞）
고고다이노 키즈카페 다산현대캠퍼스몰점,Gogo Dino Kids Cafe Dasan Hyundai Campus Mall 分店
남양주 고고다이노 키즈카페 다산현대캠퍼스몰점,南杨州Gogo Dino Kids Cafe 茶山现代校园购物中心店
경기 남양주시 다산순환로 20,京畿道南杨州市茶山循环路20号
롯데백화점 안산점 신관,乐天百货安山分店新楼
안산 롯데백화점 안산점 신관,安山乐天百货安山分店新楼
경기 안산시 단원구 중앙대로 873,京畿道安山市檀园区中央大路873
와동체육공원,瓦东体育公园
안산 와동체육공원,安山瓦东体育公园
경기도 안산시 단원구 와동공원로 109 (와동),京畿道安山市檀园区和东公园路109（和东）
자이언트제트,巨型喷气机
안산 자이언트제트,安山巨喷气机
경기도 안산시 단원구 광덕1로 276 (고잔동),京畿道安山市檀园区光德1路276（古栈洞）
반달섬,半月岛
안산 반달섬,安山班达森
경기 안산시 단원구 성곡동,京畿道安山市檀园区圣谷洞
롯데백화점 안산점 본관,乐天百货安山分店总店
안산 롯데백화점 안산점 본관,安山乐天百货安山分店总店
경기 안산시 단원구 고잔1길 12,京畿道安山市檀园区古栈1街12
안산올림픽기념관,安山奥林匹克纪念馆
안산 안산올림픽기념관,安山 安山奥林匹克纪念馆
안산농수산물도매시장,安山农水批发市场
안산 안산농수산물도매시장,安山农水批发市场
경기도 안산시 상록구 충장로 312 (이동),京畿道安山市常绿区忠将路312（二洞）
방아머리해변,邦加马里海滩
안산 방아머리해변,安山邦加马里海滩
경기도 안산시 단원구 대부북동,京畿道安山市檀园区大北洞
세이브존 부천상동점,Save Zone 富川上洞分店
부천 세이브존 부천상동점,富川省省商城富川上洞分店
경기 부천시 원미구 길주로 105,京畿道富川市远美区吉州路105
현대백화점 중동점,现代百货商店中洞分店
부천 현대백화점 중동점,富川现代百货商店中洞分店
경기 부천시 원미구 길주로 180,京畿道富川市远美区吉州路180
스타필드시티 부천,星野城富川
부천 스타필드시티 부천,富川星田城 富川
경기 부천시 소사구 옥길로 1,京畿道富川市草砂区玉吉路1
롯데백화점 동탄점,乐天百货东滩店
화성 롯데백화점 동탄점,华城乐天百货东滩分店
경기 화성시 동탄역로 160,京畿道华城市东炭冶路160
AK& 기흥,AK& Giheung
평택 AK& 기흥,平泽AK&起兴
경기 용인시 기흥구 기흥역로 63,京畿道龙仁市器兴区器兴路63
롯데몰 수지점,乐天购物中心Suji分店
평택 롯데몰 수지점,平泽乐天购物中心苏吉店
경기 용인시 수지구 성복2로 38,京畿道龙仁市水池区圣福2路38
스타필드마켓 일산,星田市场日山
고양 스타필드마켓 일산,高阳星田市场日山
경기 고양시 일산서구 킨텍스로 171,京畿道高阳市一山西区金泰克斯路171
뉴코아아울렛 일산점,新科奥特莱斯日山分店
고양 뉴코아아울렛 일산점,高阳Newco Outlet 一山店
경기 고양시 일산동구 중앙로 1206,京畿道高阳市一山东区中央路1206
롯데아울렛 고양터미널점,乐天奥特莱斯高阳客运站店
고양 롯데아울렛 고양터미널점,高阳市乐天奥特莱斯高阳客运站店
경기 고양시 일산동구 중앙로 1036,京畿道高阳市一山东区中央路1036
세이브존 화정점,Save Zone 华亭分店
고양 세이브존 화정점,高阳Savezone华亭店
경기 고양시 덕양구 화정로 52,京畿道高阳市德阳区华正路52
세이브존 성남점,Save Zone 城南分店
성남 세이브존 성남점,城南 Savezone 城南店
경기 성남시 수정구 산성대로 337,京畿道城南市水井区山城大路337
락트리클라이밍 분당,攀岩树盆当
성남 락트리클라이밍 분당,城南岩树攀爬盆唐
경기 성남시 분당구 황새울로 224,京畿道城南市盆唐区黄瑟路224
남부수자원생태공원,南方水资源生态公园
부천 남부수자원생태공원,富川南部水资源生态公园
경기 부천시 소사구 연동로 89,京畿道富川市草佐区莲洞路89
궁평관광지,宫平旅游区
화성 궁평관광지,华城宫平旅游景点
경기도 화성시 서신면 궁평리 513-9,京畿道华城市西新面宫坪里513-9
보통저수지,普通水库
화성 보통저수지,华城波通水库
경기도 화성시 정남면 보통리 38,京畿道华城市正南面普通里38
봉담2생태체육공원,奉潭2号生态运动公园
화성 봉담2생태체육공원,华城峰潭2生态运动公园
경기 화성시 봉담읍 상리1길 87,京畿道华城市凤潭邑上里1街87
발안만세시장,巴兰大厦市场
화성 발안만세시장,华城巴兰万世市场
경기도 화성시 향남읍 평2길 7,京畿道华城市乡南邑平2街7
도원체육공원,道元体育公园
화성 도원체육공원,华城道元体育公园
경기 화성시 향남읍 행정동로 96,京畿道华城市乡南邑行正东路96
정조효공원,朴正祖孝
화성 정조효공원,华城正祖孝朴
경기 화성시 장조1로 34,京畿道华城市长祖1路34
창리저수지,昌日水库
평택 창리저수지,平泽昌里水库
경기 용인시 처인구 남사읍 경기동로518번길 52,京畿道龙仁市处仁区南沙邑京畿东路518街52
리빙파워센터,生命能量中心
평택 리빙파워센터,平泽生活能源中心
롯데프리미엄아울렛 기흥점,乐天名牌折扣购物中心器兴店
평택 롯데프리미엄아울렛 기흥점,平泽乐天名牌折扣购物中心器兴店
경기도 용인시 기흥구 신고매로 124 (고매동),京畿道龙仁市器兴区新后路124（高前洞）
원마운트 스노우파크,雪山公园
고양 원마운트 스노우파크,高阳一山雪公园
경기도 고양시 일산서구 한류월드로 300 (대화동),京畿道高阳市一山西区韩流世界路300（大化洞）
고양 일산 호수공원 가로수길,高阳日山湖公园绿树成荫的街道
고양 고양 일산 호수공원 가로수길,高阳日山湖公园绿树成荫的街道
경기 고양시 일산서구 주엽로 80,京畿道高阳市一山西区注叶路80
중산체육공원,中山体育公园
고양 중산체육공원,高阳中山体育公园
경기도 고양시 일산동구 중산로 217,京畿道高阳市一山东区中山路217
성저공원,朴成柱
고양 성저공원,高阳成氹朴
경기도 고양시 일산서구 일산로 663,京畿道高阳市一山西区一山路663
분당아이스아레나,盆唐冰场
성남 분당아이스아레나,城南盆唐冰场
경기 성남시 분당구 대왕판교로34번길 21,京畿道城南市盆唐区大王板桥路34街21
사적인서점,私人书店
경기 파주시 돌곶이길 180-38,京畿道坡州市道古地路180-38
의정부기억저장소,议政府记忆档案馆
의정부 의정부기억저장소,议政府 议政府记忆档案馆
경기 의정부시 흥선로 7,京畿道议政府市兴宣路7
송산사지근린공원,松山寺路邻里公园
의정부 송산사지근린공원,议政府松山寺近邻公园
경기 의정부시 민락로 296,京畿道议政府市民乐路296
독산성,独山城
경기도 오산시 지곶동 산107-10,京畿道乌山市芝串洞山107-10
씽씽스튜디오,SingSing工作室
경기 여주시 청심로132번길 7,京畿道骊州市清心路132街7
내리문화공원,奈里文化公园
오산 내리문화공원,乌山纳里文化公园
경기도 평택시 팽성읍 내리,京畿道平泽市平城邑内里
쥬쥬랜드,朱朱乐园
고양 쥬쥬랜드,高阳朱朱兰
경기도 고양시 덕양구 원당로458번길 7-42 (관산동),京畿道高阳市德阳区院堂路458街7-42（冠山洞）
양평 중미산천문대,杨平中美山展望台
경기 양평군 옥천면 중미산로 1268,京畿道杨平郡沃川面中美山路1268
갤러리티,画廊 T
안양 갤러리티,安阳画廊
경기 안양시 동안구 시민대로 180,京畿道安阳市东安区西民大路180
고양한강공원,高阳汉江公园
고양 고양한강공원,高阳市汉江公园
경기도 고양시 행주외동 450-6,京畿道高阳市幸州洞450-6
오아시스,绿洲
시흥 오아시스,始兴绿洲
경기 시흥시 오이도로 240,京畿道始兴市乌道路240
레전드스크린야구존 수원인계점,传奇屏幕棒球区水原仁溪分店
수원 레전드스크린야구존 수원인계점,水原传奇屏幕棒球区 水原仁溪分店
경기 수원시 팔달구 인계로108번길 39-17,京畿道水原市八达区仁溪路108街39-17
오디너리독스,普通的狗
성남 오디너리독스,城南普通的狗
경기 성남시 수정구 고등로4길 16-2,京畿道城南市水井区高登路4街16-2
은행시장,银行市场
성남 은행시장,城南银行市场
경기도 성남시 중원구 산성대로 526 (은행동),京畿道城南市中原区山城大路526（银杏洞）
상대원시장,上大院市场
성남 상대원시장,城南上大院市场
경기 성남시 중원구 희망로344번길 6,京畿道城南市中原区喜望路3​​44街6
성남아트리움,城南艺术中心
성남 성남아트리움,城南艺术中心
경기 성남시 수정구 수정로171번길 10,京畿道城南市水井区水井路171街10
천주교인천교구 김포성당,金浦天主教堂，仁川教区
김포 천주교인천교구 김포성당,金浦天主教堂，仁川教区
경기 김포시 북변로 29-12,京畿道金浦市北边路29-12号
갈치저수지,加尔奇水库
군포 갈치저수지,军坡嘎奇水库
경기 군포시 속달로 129-49,京畿道军浦市硕达路129-49
일월수목원,伊尔沃尔植物园
수원 일월수목원,水原日月植物园
경기 수원시 장안구 일월로 61,京畿道水原市长安区日月路61
수원메쎄,水原展览馆
수원 수원메쎄,水原 水原展览馆
경기도 수원시 권선구 세화로134번길 37 (서둔동),京畿道水原市权善区细化路134街37（西屯洞）
수원종합운동장,水原体育中心
수원 수원종합운동장,水原体育中心
경기아트센터갤러리,京畿道艺术中心画廊
수원 경기아트센터갤러리,水原京畿艺术中心画廊
경기 수원시 팔달구 효원로307번길 20,京畿道水原市八达区孝园路307街20
수원컨벤션센터,水原会议中心
수원 수원컨벤션센터,水原水原会议中心
영흥숲공원,永兴森林公园
수원 영흥숲공원,水原永兴森林公园
경기도 수원시 영통구 영통동 36-11,京畿道水原市灵通区灵通洞36-11
수원KT위즈파크,水原KT Wiz Park
수원 수원KT위즈파크,水原 KT Wiz Park
용화사,永和寺
수원 용화사,水原永华寺
경기 수원시 권선구 칠보로88번길 260,京畿道水原市权善区七宝路88街260
수원올림픽공원,水原奥林匹克公园
수원 수원올림픽공원,水原奥林匹克公园
경기 수원시 권선구 효원로256번길 16,京畿道水原市权善区孝原路256街16
권선종합시장,权善综合市场
수원 권선종합시장,水原市官善综合市场
경기 수원시 권선구 세권로 185,京畿道水原市权善区世院路185
경기 가평군 가평읍 달전리 144-1,京畿道加平郡加平邑达田里144-1
수원탑동시민농장,水原塔洞市民农场
수원 수원탑동시민농장,水原市塔洞市民农场
경기 수원시 권선구 서둔로 155,京畿道水原市权善区西屯路155
포천한탄강하늘다리,抱川汉滩江天桥
의왕 포천한탄강하늘다리,义王抱川汉滩河天桥
경기 포천시 영북면 비둘기낭길 211,京畿道抱川市永北面飞豆囊路211
고대산자연휴양림,神大山自然休闲林
경기도 연천군 신서면 고대산길 84-79,京畿道延川郡新西面五大山路84-79号
동학산공원,东鹤山公园
화성 동학산공원,华城东鹤山公园
경기도 화성시 석우동 29-3,京畿道华城市石库洞29-3
바운스슈퍼파크 수원영통센터,Bounce Super Park 水原永通中心
수원 바운스슈퍼파크 수원영통센터,水原Bounce超级公园 水原永通中心
경기도 수원시 영통구 덕영대로 1566 (영통동),京畿道水原市灵通区德庆大路1566（灵通洞）
매탄공원,梅丹·帕克
수원 매탄공원,水原梅丹公园
경기도 수원시 영통구 매탄로 185 (매탄동),京畿道水原市灵通区梅炭路185（梅炭洞）
탄천종합운동장 빙상장,潭川体育中心冰场
성남 탄천종합운동장 빙상장,城南潭川体育中心冰场
경기도 성남시 분당구 탄천로 215 (야탑동),京畿道城南市盆唐区炭川路215（一塔洞）
볼베어파크 부천점,鲍尔熊公园富川分园
부천 볼베어파크 부천점,富川球熊公园富川分园
경기도 부천시 원미구 조마루로 2 (상동),京畿道富川市远美区佐丸路2（上洞）
비스타밸리,维斯塔谷
남양주 비스타밸리,南阳州远景谷
경기 남양주시 화도읍 비룡로360번길 15-17,京畿道南杨州市华岛邑飞龙路360街15-17
불광사(광주),佛光寺（光州）
광주 불광사,光州佛光寺
경기도 광주시 이배재로 225-27 (목현동),京畿道广州市二百才路225-27（木岘洞）
지산 포레스트 리조트 스키장,吉山森林度假滑雪场
경기도 이천시 마장면 지산로 267,京畿道利川市马场面芝山路267
자일산림욕장,监狱森林浴场
의정부 자일산림욕장,议政府监狱森林浴场
경기도 의정부시 호국로1828번길 146 (자일동),京畿道议政府市护国路1828街146（监狱洞）
미리내 성지,米里奈保护区
안성 미리내 성지,安城美琳娜圣地
딥스테이션,深站
평택 딥스테이션,平泽深站
경기도 용인시 처인구 포곡읍 성산로 523,京畿道龙仁市处仁区浦谷邑城山路523
반딧불마을,萤火虫村
경기 가평군 설악면 묵안로 182,京畿道加平郡雪岳面武安路182
구름산산림욕장,古雷姆山森林浴场
광명 구름산산림욕장,光明九林山森林浴场
경기도 광명시 오리로619번길 27,京畿道光明市奥里路619街27
국립양평치유의숲,杨平国家疗愈森林
양평 국립양평치유의숲,杨平国家疗愈森林
경기도 양평군 양동면 황거길 262-10,京畿道杨平郡良洞面黄居路262-10
청평자연휴양림,清平自然休闲林
경기도 가평군 청평면 북한강로2246번길 8-6,京畿道加平郡清平面北汉江路2246街8-6
마이다스레이크 이천 골프앤리조트,米达斯湖伊川高尔夫度假村
경기 이천시 설성면 설가로 602,京畿道利川市雪城面雪家路602
팔당호,帕尔当湖
광주 팔당호,光州八堂湖
경기도 광주시 남종면,京畿道广州市南宗面
고삼호수,戈萨姆湖
안성 고삼호수,安城高三湖
경기도 안성시 고삼면 향림길 50,京畿道安城市高三面乡林路50
선유담계곡,森尤达姆谷
의왕 선유담계곡,义王仙野潭
경기도 포천시 이동면 포화로 123,京畿道抱川市二东面宝花路123
공릉천,公陵川
고양 공릉천,高阳孔陵川
경기도 고양시 덕양구 통일로 695 (관산동),京畿道高阳市德阳区统一路695（冠山洞）
팔봉산 흔들바위,八峰山摇晃岩
안성 팔봉산 흔들바위,安城八峰山摇晃岩石
경기 안성시 일죽면 종배길 157-4,京畿道安城市一竹面钟背路157-4
고성산,高城山
안성 고성산,安城高城山
경기도 안성시 양성면 덕봉리,京畿道安城市阳城面德峰里
독산성산림욕장,独山城森林浴场
경기도 오산시 지곶동 산136,京畿道乌山市地串洞山136
고대산,五大山
경기도 연천군 신서면,京畿道延川郡新西面
중원산,郑元山
양평 중원산,杨平中元山
경기도 양평군 용문면 조계골길,京畿道杨平郡龙门面曹溪谷路
중미산,中美山
양평 중미산,杨平中美山
경기도 양평군 옥천면 중미산로 1152,京畿道杨平郡沃川面中美山路1152
수덕산,秀德山
경기 가평군 북면 도대리,京畿道加平郡北面都大里
갱매폭포,江梅瀑布
과천 갱매폭포,果川江梅瀑布
경기도 과천시 막계동,京畿道果川市马溪洞
녹수계곡,诺克苏山谷
경기도 가평군 상면 덕현리,京畿道加平郡上面德贤里
열두개울,十二条溪流
경기도 연천군 청산면 청신로 345,京畿道涟川郡青山面青神路345号
도마치계곡,多马奇谷
경기도 가평군 북면 조무락골길 132,京畿道加平郡北面朝村谷路132
명지계곡,明知谷
경기 가평군 북면 도대리 623,京畿道加平郡北面都大里623
용도수목원,永岛植物园
시흥 용도수목원,始兴龙岛植物园
경기도 시흥시 밭뒤길 32,京畿道始兴市巴特威街 32
서봉산산림욕장,西峰山森林浴场
화성 서봉산산림욕장,华城西峰山森林浴场
경기도 화성시 봉담읍 덕리,京畿道华城市凤潭邑德里
서후리숲,西奥胡里森林
양평 서후리숲,杨平西胡里森林
경기도 양평군 서종면 거북바위1길 200,京畿道杨平郡西宗面巨北岩1街200
문수산산림욕장,文苏山森林浴场
김포 문수산산림욕장,金浦文殊山森林浴场
경기도 김포시 월곶면 문수산로 102-38,京畿道金浦市月串面文殊山路102-38
석산계곡,石山谷
양평 석산계곡,杨平石山谷
경기도 양평군 단월면 석산로,京畿道杨平郡檀月面石山路
남양호(남양황라),南阳湖（南阳黄拉）
화성 남양호 남양황라,华城南阳湖 南阳黄罗
경기 화성시 장안면,京畿道华城市长安面
앵자봉,昂加邦
광주 앵자봉,光州安加邦
경기도 광주시 퇴촌면 천진암로 1203-1,京畿道广州市砥村面天志南路1203-1
송추계곡,松楚谷
양주 송추계곡,杨州松楚谷
경기도 양주시 장흥면,京畿道杨州市长兴面
귀목봉,鬼木峰
칠장산,七长山
안성 칠장산,安城七长山
경기 안성시 죽산면,京畿道安城市竹山面
고봉산,古峰山
고양 고봉산,高阳高峰山
경기도 고양시 일산동구 중산동,京畿道高阳市一山东区中山洞
고모저수지,戈莫水库
의왕 고모저수지,义王戈莫水库
경기도 포천시 소흘읍 죽엽산로 452,京畿道抱川市苏赫尔邑竹溪山路452
어비계곡,埃奥比谷
경기도 가평군 설악면 어비산길99번길 9-10,京畿道加平郡雪岳面余飞山路99街9-10
조무락계곡,乔穆拉克山谷
경기도 가평군 북면 조무락골길,京畿道加平郡北面朝村谷路
대부산,大釜山
양평 대부산,杨平大釜山
경기도 양평군 옥천면 신복리,京畿道杨平郡沃川面新福里
시화호,西瓦湖
안산 시화호,安山始华湖
경기도 안산시 단원구 대부황금로 1927,京畿道安山市檀园区大佛皇金路 1927
중원계곡,中原谷
양평 중원계곡,杨平中原谷
경기도 양평군 용문면 중원산로 555,京畿道杨平郡龙门面中院山路555
명성산,明城山
의왕 명성산,义王明城山
경기도 포천시 이동면 도평리,京畿道抱川市二东面道平里
역고드름,反向冰柱
경기도 연천군 신서면 평화로 3282-76,京畿道延川郡新西面平和路3282-76号
반월호수,班沃尔湖
군포 반월호수,军浦半月湖
경기도 군포시 호수로 92,京畿道军浦市湖水路 92
비봉산,碧峰山
안성 비봉산,安城的碧峰山
경기도 안성시 보개면 불현길,京畿道安城市宝开面富贤路
덕평공룡수목원,德平恐龙植物园
경기도 이천시 마장면 작촌로 282,京畿道利川市马场面雀村路282
검단산,巨丹山
경기도 하남시 천현동,京畿道河南市天贤洞
소리산,索里桑
양평 소리산,杨平索里山
경기도 양평군 단월면 석산리 산24,京畿道杨平郡檀月面石山里山24
하남 나무고아원,哈南树孤儿院
경기도 하남시 미사동 608,京畿道河南市美沙洞608
풍도,蓬多
안산 풍도,安山蓬多
경기도 안산시 단원구 풍도길 28,京畿道安山市檀园区丰岛路28
주금산,朱金山
의왕 주금산,义王柱金山
경기도 포천시 내촌면 능곡청정길 50,京畿道抱川市内村面灵谷清亭路50
기산저수지,吉桑水库
양주 기산저수지,杨州岐山水库
경기 양주시 백석읍 기산리,京畿道杨州市白石邑机山里
당남리섬,丹南里岛
경기도 여주시 대신면 여양로 1954,京畿道骊州市大新面骊阳路1954
벽계구곡,别克圭国谷
양평 벽계구곡,杨平别桂国谷
경기도 양평군 서종면 수입리 381,京畿道杨平郡西宗面水邑里381
문수산,蒙苏珊
김포 문수산,金浦文殊山
경기도 김포시 월곶면 문수산로 90-19,京畿道金浦市月串面文殊山路90-19
전류리포구,全柳里港
경기 김포시 하성면 금포로 1928,1928年京畿道金浦市河城面金浦路
초록산산림욕장,绿山森林浴场
화성 초록산산림욕장,华城绿山森林浴场
경기 화성시 양감면 사창리 810-9,京畿道华城市杨甘面沙仓里810-9
국화도,菊花岛
화성 국화도,华城国华道
경기도 화성시 우정읍 국화길 8,京畿道华城市雨井邑国华路8
국립아세안자연휴양림,国家东盟自然休闲林
양주 국립아세안자연휴양림,杨州国家东盟自然休闲林
경기도 양주시 백석읍 기산로 472,京畿道杨州市白石邑机山路472
입파도 홍암,伊帕多洪岩
화성 입파도 홍암,弘岩、一洞、华城
경기도 화성시 우정읍 입파길 54,京畿道华城市雨井邑一波路54
율곡수목원,玉谷植物园
경기도 파주시 파평면 장승배기로 392,京畿道坡州市坡平面长承拜基路392
마장호수,马江湖
경기도 파주시 광탄면 기산로 365,京畿道坡州市广潭面机山路365
운계폭포,翁杰瀑布
경기도 파주시 적성면 감골길 48,京畿道坡州市赤城面甘谷路48
광교산,光教山
수원 광교산,水原光教山
경기도 수원시 장안구 상광교동,京畿道水原市长安区上广桥洞
우음도,上云道
화성 우음도,华城上道
경기도 화성시 송산면 고정리,京畿道华城市松山面古井里
서운산,宣山
안성 서운산,安城宣山
경기도 안성시 금광면 상중리,京畿道安城市金光面上中里
노성산,卢城山
경기도 이천시 설성면 진상미로665번길 241,京畿道利川市雪城面进相米路665街241
명달리계곡,明达里山谷
양평 명달리계곡,杨平明达里谷
경기도 양평군 서종면 약수터길 23-5,京畿道杨平郡西宗面药水堤路23-5
삼성산,三星
안양 삼성산,安阳三城山
경기 안양시 만안구 석수동,京畿道安阳市万安区石水洞
청평호반,清平湖
경기도 가평군 설악면 유명로 1906-15,京畿道加平郡雪岳面有明路1906-15
유명산,裕明山
경기도 가평군 설악면 유명산길 79-53,京畿道加平郡雪岳面有名山路79-53
명지산군립공원,明志山郡立公园
경기도 가평군 북면 백둔로650번길,京畿道加平郡北面白墩路650街
중미산자연휴양림,中美山自然休养林
양평 중미산자연휴양림,杨平中美山自然休养林
발랑저수지,巴朗水库
경기도 파주시 광탄면 발랑리,京畿道坡州市广潭面巴郎里
축령산,竹岭山
남양주 축령산,南阳州竹岭山
경기 남양주시 수동면 축령산로 299,京畿道南杨州市水东面竹岭山路299
비금계곡,大口谷
남양주 비금계곡,南阳州市比格姆谷
경기 남양주시 수동면 비룡로 1222,京畿道南杨州市水东面飞龙路1222
운길산,昂吉尔桑
남양주 운길산,南阳州云吉山
소래산,索拉桑
시흥 소래산,始兴素来山
경기도 시흥시 신천동,京畿道始兴市新川洞
칼봉산자연휴양림,甲峰山自然休养林
경기도 가평군 가평읍 경반안로 454,京畿道加平郡加平邑京坂南路454
부천식물원,富川植物园
부천 부천식물원,富川植物园
경기도 부천시 길주로 660,京畿道富川市吉州路660
신구대학교식물원,新宫大学植物园
성남 신구대학교식물원,城南新宫大学植物园
경기도 성남시 수정구 적푸리로 9,京畿道城南市水井区赤浦里路 9
왕방산,旺邦山
동두천 왕방산,东豆川王房山
경기도 포천시 신북면 심곡리,京畿道抱川市新北面深谷里
용인자연휴양림,龙仁自然休闲林
평택 용인자연휴양림,平泽龙仁自然休闲林
경기도 용인시 처인구 모현읍 초부로 220,京畿道龙仁市处仁区牧县邑草布路220
소래산산림욕장,索拉埃桑森林浴场
시흥 소래산산림욕장,始兴素来山森林浴场
경기 시흥시 소래산길 37,京畿道始兴市苏来山路37
천보산 자연휴양림,天宝山自然休闲林
의왕 천보산 자연휴양림,义王天宝山自然休闲林
경기도 포천시 원동교길 309,京畿道抱川市院东桥路309
팔달산,帕尔达尔桑
수원 팔달산,水原八达山
경기도 수원시 팔달구 팔달산로 228,京畿道水原市八达区八达山路228
구봉도,九峰道
안산 구봉도,安山九峰岛
경기 안산시 단원구 대부북동 산 35-1,京畿道安山市檀园区大北洞山35-1
삼성산산림욕장,三城山森林浴场
안양 삼성산산림욕장,安阳三城山森林浴场
경기도 안양시 만안구 예술공원로131번길 49,京畿道安养市万安区礼水公园路131街49
안양천,安阳川
안양 안양천,安阳安阳川
경기도 안양시 만안구 석수로,京畿道安阳市万安区石水路
불곡산,佛谷山
양주 불곡산,杨州佛谷山
경기도 양주시 유양동,京畿道杨州市雨阳洞
궁평리 해수욕장,宫平里海滩
화성 궁평리 해수욕장,华城宫平里海滩
경기도 화성시 서신면 수문개길 81-36,京畿道华城市西新面苏文盖路81-36
바다향기수목원,海香植物园
안산 바다향기수목원,安山海香植物园
경기도 안산시 단원구 대부황금로 399,京畿道安山市檀园区大佛皇金路399
묘적사계곡,妙节寺谷
남양주 묘적사계곡,南阳州妙节寺谷
경기도 남양주시 와부읍 수레로661번길 17-2,京畿道南杨州市洼富邑Surero 661街17-2
문안산,穆南桑
남양주 문안산,南阳州牟南山
경기도 남양주시 화도읍 금남리,京畿道南杨州市华岛邑锦南里
제부도해수욕장,杰布多海滩
화성 제부도해수욕장,华城济武岛海滩
경기도 화성시 서신면 해안길 260,京畿道华城市西新面海岸路260
여주 양화나루,汝州杨花渡轮
경기도 여주시 능서면 내양리,京畿道骊州市陵西面内阳里
김포 대명항,金浦大明港
김포 김포 대명항,金浦 金浦大明港
경기도 김포시 대명항1로 109,京畿道金浦市大明行1路109
평택호,平泽湖
오산 평택호,乌山平泽湖
경기도 평택시 현덕면 평택호2길 183,京畿道平泽市显德面平泽湖2街183
법화산,贝奥普瓦桑
평택 법화산,平泽法华山
경기도 용인시 기흥구,京畿道龙仁市器兴区
한택식물원,韩泰克植物园
평택 한택식물원,平泽韩泽植物园
경기도 용인시 처인구 백암면 한택로 2,京畿道龙仁市处仁区白甘面汉泽路2
세미원,半胜
양평 세미원,杨平半院
경기도 양평군 양서면 양수로 93,京畿道杨平郡杨西面杨水路93
설매재자연휴양림,雪梅斋自然休闲森林
양평 설매재자연휴양림,杨平雪梅斋自然休闲林
경기도 양평군 옥천면 용천로 510,京畿道杨平郡沃川面龙川路510号
율봄식물원,尤尔博姆植物园
광주 율봄식물원,光州栗峰植物园
경기도 광주시 퇴촌면 태허정로 267-54,京畿道广州市砥村面泰熙正路267-54
마이다스밸리 청평 골프클럽,米达斯谷清平高尔夫俱乐部
경기 가평군 설악면 이천리 240,京畿道加平郡雪岳面利川里240号
무주채폭포,茂柱寨瀑布
경기도 가평군 북면 제령리,京畿道加平郡北面致宁里
석룡산,石龙山
경기도 가평군 북면,京畿道加平郡北面
통방산,通房山
경기 가평군 설악면,京畿道加平郡雪岳面
화야산,花亚山
양평 화야산,杨平花亚山
경기도 양평군 서종면 노문리,京畿道杨平郡西宗面鲁门里
설봉산,雪峰山
경기도 이천시 관고동,京畿道利川市官高洞
도드람산(저명산),多德拉姆山（赤明山）
도드람산 저명산,多德拉姆山赤明山
경기도 이천시 마장면 서이천로,京畿道利川市马场面西川路
안산식물원,安山植物园
안산 안산식물원,安山植物园
경기도 안산시 상록구 성호로 113,京畿道安山市常绿区星湖路113
백운호수,白根湖
하남 백운호수,哈南白根湖
경기도 의왕시 백운로 526,京畿道义王市白云路526
축령산자연휴양림,竹岭山自然休闲森林
남양주 축령산자연휴양림,南阳州竹岭山自然休闲森林
경기도 남양주시 수동면 축령산로 299,京畿道南杨州市水东面竹岭山路299
황학산수목원,黄鹤山植物园
안산향토사박물관,安山地方历史博物馆
안산 안산향토사박물관,安山地方历史博物馆
경기 안산시 상록구 석호로 144,京畿道安山市常绿区石湖路144
헤이리 커피박물관,海里咖啡博物馆
경기도 파주시 탄현면 헤이리마을길 23,京畿道坡州市炭县面Heyrimaeu​​l路23
활판공방,活版印刷工作坊
경기도 파주시 문발로 203,京畿道坡州市文八路203
선바위미술관,仙巴威美术馆
과천 선바위미술관,果川仙伯威美术馆
경기도 과천시 무네미길 34,京畿道果川市宗美路34
영은미술관,永根美术馆
광주 영은미술관,光州永根美术馆
경기도 광주시 청석로 300,京畿道广州市青石路 300
농경유물전시관,农业文物展览馆
경기도 파주시 통일로 600,京畿道坡州市统一路600
국립여성사전시관,国家妇女历史博物馆
고양 국립여성사전시관,高阳市国立妇女历史博物馆
경기도 고양시 덕양구 화중로104번길 50,京畿道高阳市德阳区华中路104街50
의왕 국립수목원 산림박물관,义王国家植物园森林博物馆
경기도 포천시 소흘읍 광릉수목원로 415,京畿道抱川市秀禾邑光陵水墨院路415
해움미술관,海姆美术馆
수원 해움미술관,水原海音美术馆
경기도 수원시 팔달구 매산로 133,京畿道水原市八达区梅山路133
오산문화예술회관,乌山文化艺术中心
경기도 오산시 경기동로 41,京畿道乌山市京畿洞路41
백향꽃누르미갤러리,芍药压花画廊
광주 백향꽃누르미갤러리,光州白香压花馆
경기도 광주시 도척면 얼음골길19번길 33,京畿道广州市道尺面余乐谷路19街33
동광극장,东光剧院
동두천 동광극장,东豆川东光剧场
경기도 동두천시 생연동,京畿道东豆川市新渊洞
소전미술관,昭田美术馆
시흥 소전미술관,始兴素珍美术馆
경기도 시흥시 소래산길 41,京畿道始兴市苏来山路41
군포문화원,军浦文化中心
군포 군포문화원,军浦文化中心
경기도 군포시 한세로56번길 12,京畿道军浦市汉斯路56街12
국립현대미술관 과천,果川国立现代美术馆
과천 국립현대미술관 과천,果川国立现代美术馆
하남문화원,哈南文化中心
경기도 하남시 덕풍동로 12,京畿道河南市德丰洞路12
청심평화월드센터,青心和平世界中心
경기 가평군 설악면 미사리로 258,京畿道加平郡雪岳面米沙里路258
연천수레울아트홀,延川艺术馆
경기도 연천군 연천읍 문화로 150,京畿道延川郡延川邑文化路150号
광명문화원,光明文化中心
광명 광명문화원,光明市光明文化中心
경기도 광명시 철망산로 42,京畿道光明市铁芒山路42
과천시민회관,果川市民中心
과천 과천시민회관,果川市市民中心
지혜샘어린이도서관,智惠森儿童图书馆
수원 지혜샘어린이도서관,水原知惠善儿童图书馆
경기도 수원시 권선구 동탄원천로 818 지혜샘도서관,京畿道水原市权善区东滩院川路 818 知惠善图书馆
안산 유리섬박물관,安山玻璃岛博物馆
경기도 안산시 단원구 부흥로 254,京畿道安山市檀园区富兴路254
김포 덕포진교육박물관,金浦德浦镇教育博物馆
경기도 여주시 영릉로 125,京畿道骊州市永陵路125
평촌아트홀,平川艺术馆
안양 평촌아트홀,安阳平村艺术馆
창조자연사박물관,创造自然历史博物馆
시흥 창조자연사박물관,始兴创造自然历史博物馆
경기도 시흥시 두문로71번길 4,京畿道始兴市斗门路71街4
한옥기술전시관,韩屋科技展览馆
수원 한옥기술전시관,水原韩屋科技展览馆
경기도 수원시 팔달구 정조로885번길 1,京畿道水原市八达区正祖路885街1
여성생활사박물관,女性生活史博物馆
경기도 여주시 강천면 강천로 324-20,京畿道骊州市江川面江川路324-20号
서호미술관,西湖美术馆
남양주 서호미술관,南阳州瑞湖美术馆
경기도 남양주시 화도읍 북한강로 1344,京畿道南杨州市华岛邑北汉江路1344
목아박물관,莫加博物馆
경기도 여주시 강천면 이문안길 21,京畿道骊州市江川面二门南路21
모란미술관,莫兰艺术博物馆
남양주 모란미술관,南阳州魔澜美术馆
경기도 남양주시 화도읍 경춘로2110번길 8,京畿道南杨州市华岛邑庆春路2110街8
구리문화원,古里文化中心
구리 구리문화원,古里文化中心
경기 구리시 동구릉로148번길 25,京畿道九里市东九陵路148街25
고양시문예회관,高阳市艺术中心
고양 고양시문예회관,高阳市艺术中心
양주 청암민속박물관,杨州青岩民俗博物馆
경기도 양주시 장흥면 권율로 83-5,京畿道杨州市长兴面权律路83-5
안양아트센터,安阳艺术中心
안양 안양아트센터,安阳安阳艺术中心
경기도 안양시 만안구 문예로36번길 16,京畿道安养市马安区文礼路36街16
가일미술관,盖尔艺术博物馆
경기도 가평군 청평면 북한강로 1549,京畿道加平郡清平面北汉江路1549
하남문화예술회관,哈南文化艺术中心
김포인삼쌀맥주갤러리,金浦人参米酒画廊
김포 김포인삼쌀맥주갤러리,金浦人参米酒画廊
경기도 김포시 대곶면 대명항로 518,京畿道金浦市大串面大明行路518
안성 남사당 공연장,安城南沙堂表演厅
안성 안성 남사당 공연장,安城南沙堂表演厅
경기도 안성시 보개면 남사당로 198-2,京畿道安城市宝开面南寺党路198-2
죽포미술관,竹浦美术馆
경기도 여주시 산북면 고촌길 26-10,京畿道骊州市山北面高村路26-10
양주 조명박물관,杨州灯光博物馆
파주시민회관,坡州市政府中心
이천온천공원,利川温泉公园
경기도 이천시 애련정로136번길 84,京畿道利川市爱莲亭路136街84
남양주 덕소자연사박물관,南阳州德藏自然历史博物馆
고양시립 주엽어린이도서관,高阳市柱烨儿童图书馆
고양 고양시립 주엽어린이도서관,高阳市柱烨儿童图书馆
경기도 고양시 일산서구 주엽로 104,京畿道高阳市一山西区注叶路104
고양꽃전시관,高阳花卉展览馆
고양 고양꽃전시관,高阳市 高阳市花卉展示馆
경기도 고양시 일산동구 호수로 595,京畿道高阳市一山东区虎水路595
광명업사이클아트센터,光明再生艺术中心
광명 광명업사이클아트센터,光明光光明再生艺术中心
경기 광명시 오리로 703,京畿道光明市奥里路 703
한국카메라박물관,韩国相机博物馆
과천 한국카메라박물관,果川韩国相机博物馆
경기도 과천시 대공원광장로 8,京畿道果川市大公园广藏路8
평택문화원,平泽文化中心
오산 평택문화원,乌山平泽文化中心
가원미술관,加旺美术馆
과천 가원미술관,果川加院美术馆
경기도 과천시 새빛로 24,京畿道果川市赛比特路24
광주 풀짚공예박물관,光州草编工艺博物馆
경기도 광주시 오포읍 문형산길 76,京畿道广州市鹅浦邑文亨山路76
의정부 과학도서관,议政府科学图书馆
의정부 의정부 과학도서관,议政府科学图书馆
양주시립 회암사지박물관,杨州市回岩寺遗址博物馆
양주 양주시립 회암사지박물관,杨州市回岩寺遗址博物馆
경기 양주시 회암사길 11,京畿道杨州市回岩寺路11
양평문화원,杨平文化中心
양평 양평문화원,杨平市杨平文化中心
경기도 양평군 양평읍 마유산로 5,京畿道杨平郡杨平邑马尤山路5
양평 추억의 청춘뮤지엄,杨平青春记忆博物馆
경기도 양평군 용문면 용문산로 620,京畿道杨平郡龙门面龙门山路620
광주 경기도자박물관,光州京畿道陶瓷博物馆
은산어울림생태박물관,恩山二林生态博物馆
경기도 오산시 서동로19번길 19,京畿道乌山市西东路19号街19
종이미술관,纸艺博物馆
안산 종이미술관,安山纸艺博物馆
경기도 안산시 단원구 대남로 233,京畿道安山市檀园区大南路233
연강갤러리,永冈画廊
경기도 연천군 중면 군중로 885,京畿道涟川郡中面军中路885
다도박물관,茶道博物馆
김포 다도박물관,金浦茶道博物馆
경기도 김포시 월곶면 애기봉로275번길 187-49,京畿道金浦市月串面爱宜峰路275街187-49
김포문화원,金浦文化中心
김포 김포문화원,金浦文化中心
경기도 김포시 모담공원로 170-1 한옥마을(아트하우스),京畿道金浦市毛丹公园路170-1韩屋村（艺术之家）
평택 벗이미술관,平泽碧伊美术馆
경기도 용인시 처인구 양지면 학촌로53번길 4,京畿道龙仁市处仁区鹤村路53街4
화성 소다미술관,华城素达美美术馆
경기도 화성시 효행로707번길 30,京畿道华城市孝行路707街30
엄미술관,恩姆美术馆
화성 엄미술관,华城严美术馆
경기 화성시 봉담읍 오궁길 37,京畿道华城市凤潭邑五宫路37
예아리박물관,耶里博物馆
평택 예아리박물관,平泽市 Yeari 博物馆
경기도 용인시 처인구 원설로270번길 25 예아리 박물관,京畿道龙仁市处仁区元设路270街25，礼礼博物馆
앤갤러리,安画廊
성남 앤갤러리,城南安画廊
경기도 성남시 분당구 새마을로 95,京畿道城南市盆唐区新村路95
아해박물관,阿海博物馆
과천 아해박물관,果川阿海博物馆
경기도 과천시 추사로 133,京畿道果川市秋史路133
마나스아트센터,马纳斯艺术中心
양평 마나스아트센터,杨平玛纳斯艺术中心
경기도 양평군 강상면 강남로 743,京畿道杨平郡江上面江南路743
스토리 미니어처 뮤지엄,故事微缩博物馆
경기도 파주시 탄현면 헤이리마을길 93-75,京畿道坡州市炭县面Heyrimaeu​​l路93-75
남양주 실학박물관,南阳州实学博物馆
경기도 남양주시 조안면 다산로747번길 16,京畿道南杨州市常安面茶山路747街16
남양주시립박물관,南阳州市博物馆
남양주 남양주시립박물관,南阳州市博物馆
경기도 남양주시 와부읍 팔당로 121,京畿道南杨州市洼府邑八堂路121
남양주 미호박물관,南阳州美穗博物馆
경기도 남양주시 고산로126번길 15-2,京畿道南杨州市高山路126街15-2
고양 중남미문화원,高阳市拉美文化中心
경기도 고양시 덕양구 대양로285번길 33-15,京畿道高阳市德阳区大阳路285街33-15
화성시 향토박물관,华城市地方历史博物馆
화성 화성시 향토박물관,华城市地方历史博物馆
경기도 화성시 향남읍 행정동로 96,京畿道华城市乡南邑行正东路96
닻미술관,达特艺术博物馆
광주 닻미술관,光州达特美术馆
경기도 광주시 초월읍 진새골길 184,京畿道广州市草月邑进新谷路184
백남준아트센터,白南准艺术中心
평택 백남준아트센터,平泽白南准艺术中心
통진두레문화센터,同津杜尔文化中心
김포 통진두레문화센터,金浦通津杜雷文化中心
경기도 김포시 통진읍 김포대로 2347-8,京畿道金浦市通津邑金浦大路2347-8
남양주문화원,南阳州文化中心
남양주 남양주문화원,南阳州文化中心
경기도 남양주시 경춘로 883-36,京畿道南杨州市京春路883-36
우석헌자연사박물관,禹石轩自然历史博物馆
남양주 우석헌자연사박물관,南阳州禹石轩自然历史博物馆
경기도 남양주시 진접읍 금강로 1095,京畿道南杨州市珍结邑金刚路1095
부천문화원,富川文化中心
부천 부천문화원,富川文化中心
경기도 부천시 경인로92번길 33,京畿道富川市京仁路92街33
성남 성남아트센터,城南艺术中心
부천 오정아트홀,富川五亭美术馆
경기 부천시 성오로 172,京畿道富川市城吾路172
성남문화원,城南文化中心
성남 성남문화원,城南文化中心
경기도 성남시 수정구 산성대로215번길 7,京畿道城南市水井区山城大路215街7
성남 판교박물관,城南板桥博物馆
바른샘어린이도서관,巴伦萨姆儿童图书馆
수원 바른샘어린이도서관,水原 Bareunsaem 儿童图书馆
경기도 수원시 영통구 매봉로 10,京畿道水原市灵通区梅峰路10
수원 영통도서관,水原永通图书馆
수원 수원 영통도서관,水原市永通图书馆
경기도 수원시 영통구 청명로 151,京畿道水原市灵通区清明路151
수원 해우재,水原海宰
경기 수원시 장안구 장안로458번길 9,京畿道水原市长安区长安路458街9
수원문화원,水原文化中心
수원 수원문화원,水原文化中心
경기 수원시 권선구 호매실로 237,京畿道水原市权善区虎梅实路237
슬기샘어린이도서관,Seulgisaem 儿童图书馆
수원 슬기샘어린이도서관,水原瑟琪森儿童图书馆
경기도 수원시 장안구 송정로 9,京畿道水原市长安区松亭路9
호반아트리움,霍班艺术中心
과천 호반아트리움,果川河班艺术中心
경기 과천시 사기막길 71-7,京畿道果川市沙吉马克路 71-7
경기 남양주 조안 (슬로시티),京畿道南杨州市琼安（慢城）
남양주 경기 남양주 조안 슬로시티,"京畿道南杨州市, 南杨州市, 琼慢城"
경기 남양주시 조안면 북한강로 413,京畿道南杨州市常安面北汉江路413
수원 수원화성박물관,水原华城博物馆
보름산미술관,博雷姆山美术馆
김포 보름산미술관,金浦博雷姆桑美术馆
경기도 김포시 고촌읍 수기로 100-78,京畿道金浦市高村邑杉路 100-78
안산문화예술의전당,安山文化艺术中心
안산 안산문화예술의전당,安山文化艺术中心
고양문화원,高阳文化中心
고양 고양문화원,高阳文化中心
경기도 고양시 일산서구 한류월드로 280,京畿道高阳市一山西区韩流世界路280
안산 경기도미술관,京畿道安山市立美术馆
안산문화원,安山文化中心
안산 안산문화원,安山文化中心
경기도 안산시 상록구 석호로 144,京畿道安山市常绿区石湖路144
안성문화원,安城文化中心
안성 안성문화원,安城 安城文化中心
경기도 안성시 보개면 종합운동장로 203,京畿道安城市宝开面综合东场路203
안양문화원,安阳文化中心
안양 안양문화원,安阳文化中心
경기도 안양시 만안구 현충로 53,京畿道安养市马安区显忠路53
설미재미술관,雪米斋美术馆
경기도 가평군 설악면 유명로 1454-38,京畿道加平郡雪岳面有明路1454-38
양주문화원,杨州文化中心
양주 양주문화원,杨州文化中心
경기도 양주시 광적면 삼일로29번길 20,京畿道杨州市广积面三一路29街20
기흥성뮤지엄,器兴城博物馆
양평 기흥성뮤지엄,杨平器兴城博物馆
경기도 양평군 강하면 강남로 267,京畿道杨平郡江河面江南路267
양주소놀이굿공연장,杨州索诺里古特表演厅
양주 양주소놀이굿공연장,杨州杨州Sonorigut表演厅
경기도 양주시 백석읍 중앙로93번길 70-21,京畿道杨州市白石邑中央路93街70-21
여주문화원,骊州文化中心
경기도 여주시 신륵사길 6-6,京畿道骊州市新勒寺路6-6
한향림옹기박물관,韩香林翁基博物馆
경기도 파주시 탄현면 헤이리마을길 96-43,京畿道坡州市炭县面Heyrimaeu​​l路96-43
연천문화원,延川文化中心
경기도 연천군 연천읍 문화로 143,京畿道延川郡延川邑文化路143号
오산시립미술관,乌山市美术馆
경기도 오산시 현충로 100,京畿道乌山市县忠路100
부천 부천시립박물관,富川市博物馆
경기 부천시 소사로 638,京畿道富川市索萨路 638
한국미술관,韩国美术馆
평택 한국미술관,平泽韩国美术馆
경기도 용인시 기흥구 마북로 244-2,京畿道龙仁市器兴区马北路244-2
호암미술관,湖岩美术馆
평택 호암미술관,平泽湖岩美术馆
경기도 용인시 처인구 포곡읍 에버랜드로562번길 38,京畿道龙仁市处仁区浦谷邑爱宝乐园路562街38
죽전야외음악당,竹田露天音乐厅
평택 죽전야외음악당,平泽竹田露天音乐厅
경기도 용인시 수지구 죽전로168번길 9,京畿道龙仁市水池区竹田路168街9
용인 포은아트홀,龙仁坡恩美术馆
평택 용인 포은아트홀,平泽龙仁宝恩美术馆
경기도 용인시 수지구 포은대로 499,京畿道龙仁市水池区坡恩大路499
용인문화원,龙仁文化中心
평택 용인문화원,平泽龙仁文化中心
경기도 용인시 처인구 중부대로 1199,京畿道龙仁市处仁区中部大路1199
단국대학교 석주선기념박물관,檀国大学石柱仙纪念博物馆
평택 단국대학교 석주선기념박물관,石柱仙纪念馆，檀国大学，平泽
경기도 용인시 수지구 죽전로 152,京畿道龙仁市水池区竹田路152
경기도국악당,京畿传统音乐厅
평택 경기도국악당,京畿道平泽传统音乐厅
문화예술원 마루홀,文化艺术中心丸堂
평택 문화예술원 마루홀,平泽文化艺术中心丸堂
용인시박물관,龙仁市博物馆
평택 용인시박물관,平泽龙仁市博物馆
경기도 용인시 기흥구 동백3로 79,京畿道龙仁市器兴区冬柏3路79
평택 한국등잔박물관,平泽韩国灯笼博物馆
양주 조소앙기념관,杨州曹素昂纪念馆
안양 안양박물관,安阳安阳博物馆
경기도 안양시 만안구 예술공원로103번길 4 (석수동),京畿道安养市万安区礼水公园路103街4（石水洞）
부천 부천활박물관,富川射箭博物馆
경기도 부천시 소사로 482,京畿道富川市索萨路482
지영희국악관,智英熙韩国传统音乐厅
오산 지영희국악관,乌山智英熙传统音乐厅
경기도 평택시 현덕면 평택호길 147,京畿道平泽市显德面平泽湖路147
남송미술관,南松美术馆
경기도 가평군 북면 백둔로 322,京畿道加平郡北面白墩路322
갤러리박영,朴英画廊
경기도 파주시 회동길 37-9,京畿道坡州市回东路37-9
과천문화원,果川文化中心
과천 과천문화원,果川果川文化中心
경기도 과천시 문원로 40-1,京畿道果川市文院路40-1
조병화문학관,赵炳和文学博物馆
안성 조병화문학관,安城赵炳和文学博物馆
경기도 안성시 양성면 난실길 14-1,京畿道安城市阳城面南实路14-1
포네티브 스페이스,正空间
경기도 파주시 탄현면 헤이리마을길 34,京畿道坡州市炭县面Heyrimaeu​​l路34
이재효갤러리,李在孝画廊
양평 이재효갤러리,杨平李在孝画廊
경기도 양평군 지평면 초천길 83-22,京畿道杨平郡地平面草川路83-22
안성 안성맞춤박물관,安城安城博物馆
수원 수원광교박물관,水原市光教博物馆
남양주 프라움악기박물관,南阳州普劳姆乐器博物馆
의왕문화원,义王文化中心
하남 의왕문화원,河南义王文化中心
경기도 의왕시 백운로 23,京畿道义王市白云路23
가평문화원,加平文化中心
경기도 가평군 가평읍 문화로 131,京畿道加平郡加平邑文化路131
열화당책박물관,烈花堂书博物馆
경기도 파주시 광인사길 25,京畿道坡州市广仁寺路25
가평문화예술회관,加平文化艺术中心
93뮤지엄가족미술관,93号博物馆家族艺术博物馆
경기 파주시 탄현면 헤이리마을길 59-58,京畿道坡州市炭县面Heyrimaeu​​l路59-58
시흥문화원,始兴文化中心
시흥 시흥문화원,始兴 始兴文化中心
경기도 시흥시 연성로13번길 3,京畿道始兴市延城路13街3
의정부문화원,议政府文化中心
의정부 의정부문화원,议政府文化中心
경기도 의정부시 산단로 123,京畿道议政府市产团路123
이천문화원,利川文化中心
경기 이천시 남천로 31,京畿道利川市南川路31
김포독립운동기념관,金浦独立运动纪念馆
김포 김포독립운동기념관,金浦独立运动纪念馆
경기도 김포시 양촌읍 양곡2로30번길 46,京畿道金浦市阳村邑阳谷2路30街46
이천아트홀,利川艺术馆
경기도 이천시 경충대로2697번길 172 (관고동),京畿道利川市京清大路2697街172（官高洞）
한국기독교역사박물관,韩国基督教历史博物馆
경기도 이천시 대월면 대평로214번길 10-13,京畿道利川市大月面大平路214街10-13
지혜의 숲,智慧森林
경기도 파주시 회동길 145,京畿道坡州市回东路145
메디테리움,地中海
경기 파주시 회동길 338,京畿道坡州市回东路338
성남시 야외공연장,城南市户外表演厅
성남 성남시 야외공연장,城南市户外表演厅
경기도 성남시 분당구 성남대로 550,京畿道城南市盆唐区城南大路 550
두루뫼박물관,杜鲁梅博物馆
경기도 파주시 법원읍 초리골길 278,京畿道坡州市法院邑草里谷路278
영집궁시박물관,永集射箭博物馆
경기 파주시 탄현면 국원말길 168,京畿道坡州市炭县面国院末路168
법륜사,法普伦萨寺
평택 법륜사,平泽范云寺
경기도 용인시 처인구 원삼면 농촌파크로 126,京畿道龙仁市处仁区元三面农村公园路126
고양향교,高阳乡教
고양 고양향교,高阳 高阳乡教
경기도 고양시 덕양구 대양로285번길 33-13 (고양동),京畿道高阳市德阳区大阳路285街33-13（高阳洞）
안성향교,安城香教
안성 안성향교,安城 安城香教
경기도 안성시 낙원길 22,京畿道安城市乐院路22
통진향교,通津乡校
김포 통진향교,金浦通津乡校
경기도 김포시 월곶면 군하로 288-21,京畿道金浦市月串面军下路288-21
고송정지,高松亭
안산 고송정지,安山高松亭
경기도 안산시 단원구 화정동,京畿道安山市檀园区华亭洞
죽산향교,竹山乡校
안성 죽산향교,安城竹山乡校
경기도 안성시 죽산면 죽산향교길 54-45,京畿道安城市竹山面竹山乡校路54-45
배다골테마파크,贝达戈尔主题公园
고양 배다골테마파크,高阳八达谷主题公园
경기도 고양시 덕양구 배다골길 131,京畿道高阳市德阳区白大谷路131
왕과 사는 남자,与国王同住的人
12세이상관람가,适合12岁及以上人群
"계유정난이 조선을 뒤흔들고 어린 왕 이홍위는 왕위에서 쫓겨나 유배길에 오른다. 한편, 강원도 영월 산골 마을 광천골의 촌장 엄흥도는 먹고 살기 힘든 마을 사람들을 위해 청령포를 유배지로 만들기 위해 노력한다. 그러나 촌장이 부푼 꿈으로 맞이한 이는 왕위에서 쫓겨난 이홍위였다. 유배지를 지키는 보수주인으로서 그의 모든 일상을 감시해야만 하는 촌장은 삶의 의지를 잃어버린 이홍위가 점점 신경 쓰이는데…",桂峪政变撼动了朝鲜王朝，年轻的李弘威被废黜流放。与此同时，江原道灵月县偏远山区广清谷村的村长严兴道，为了帮助生活困苦的村民，努力将清岭浦打造成流放地。然而，他满怀希望迎接的人，竟然是已被废黜的李弘威。作为流放地的守护者，严兴道必须监视李弘威的一举一动，却发现李弘威已经丧失了活下去的意志，这让他越来越感到不安……
호퍼스,漏斗
전체관람가,适合所有年龄段
"오랜 연구 끝에 개발한 ‘호핑’ 기술로 동물 세계에 가까이 갈 수 있음을 알게 된 주인공 ‘메이블’은 마치 ‘아바타’ 같다며 신기해하고, 직접 로봇 비버가 되어 동물들의 세계에 잠입한다. 그들의 말을 알아듣게 된 ‘메이블’은 진짜 동물이 된 것처럼 동물 세상을 경험하는 가운데, 연못에 있던 다른 비버에게 달려드는 곰을 막아서지만 그들에겐 그들만의 질서와 법칙이 있다는 사실을 알게 된다. ‘호핑‘ 기술을 개발한 박사는 이 기술을 자연계 질서를 어지럽히는 데 쓰면 안 된다고 경고하지만, ‘메이블’은 통신을 끊어버려 이후 예측불가의 모험이 펼쳐질 것을 예고한다.",主人公梅布尔发现自己可以利用一项经过多年研究研发的“跳跃”技术接近动物世界。她惊叹于这种感觉如同电影《阿凡达》一般，于是变身成一只机器海狸，潜入动物世界。随着她逐渐学会理解动物的语言，并像真正的动物一样体验着动物世界，她阻止了一只熊在池塘里攻击另一只海狸，却发现动物世界有着自己的秩序和规则。研发这项技术的博士警告说，这项技术绝不能用来扰乱自然秩序，但梅布尔切断了与博士的联系，预示着一场意想不到的冒险即将展开。
삼악도,萨马克多
15세이상관람가,适合15岁及以上人士
"일제강점기, 집단 자살 사건 이후 흔적 없이 사라진 사이비 종교 ‘삼선도’. 사회 고발 프로그램 PD 채소연(조윤서)은 일본 나고야TV 기자 마츠다로부터 ‘피의 예언’만 남긴 채 사라진 이 종교에 대한 제보를 받는다. 한 외딴 마을에서 '삼선도'가 여전히 살아 있으며, 예언을 막기 위한 법사들의 봉인 의식이 진행되고 있었다는 것. 마을에 도착한 취재팀은 그곳에서 이미 ‘피의 예언’이 시작되고 있음을 깨닫게 되는데…",在日本殖民时期，“三善道”是一个邪教组织，在一次集体自杀事件后神秘消失。调查类社会节目的PD蔡素妍（赵允瑞饰）收到日本名古屋电视台记者松田的线索，得知这个神秘宗教只留下了“血预言”。线索显示，“三善道”仍然存在于一个偏远村庄，巫师们正在进行封印仪式，试图阻止预言成真。当调查小组抵达村庄后，他们发现“血预言”早已开始……
휴민트,人文情报
"비밀도, 진실도 차가운 얼음 바다에 수장되는 블라디보스토크에서 서로 다른 목적을 가진 이들이 격돌하는 이야기",这是一个关于符拉迪沃斯托克不同目标的人们之间冲突的故事，秘密和真相被埋葬在冰冷的海水中。
오만과 편견,傲慢与偏见
12세관람가,评级 12
"베넷 가의 다섯 자매 중 둘째인 엘리자베스는 사랑하는 사람과의 결혼을 믿는 자존심 강하고 영리한 소녀이다. 부유하고 명망있는 가문의 신사 빙리와 그의 친구 다아시가 여름 동안 대저택에 머물게 되고, 댄스 파티에서 처음 만난 엘리자베스와 다아시는 서로에게서 눈을 떼지 못한다. 다아시는 아름답고 지적인 그녀의 매력에 점점 빠져들고, 폭우가 쏟아지는 날 비바람이 몰아치는 언덕에서 가슴 속 깊은 곳에 담아둔 뜨거운 사랑을 그녀에게 고백한다. 하지만 다아시가 빙리와 제인의 결혼을 제인이 명망있는 가문 출신이 아니라는 이유로 반대한 것을 알게 되자, 그를 오만하고 편견에 가득 찬 속물로 여기며 외면하는데...",班纳特家的五姐妹中排行第二的伊丽莎白，是一位骄傲而聪慧的女孩，她坚信应该嫁给自己所爱的人。宾利，一位出身富裕显赫家族的绅士，和他的朋友达西一起在班纳特家的庄园里度过夏天。伊丽莎白和达西在一次舞会上初次相遇，便一见钟情。达西越来越被她的美貌和智慧所吸引，在一个暴雨倾盆的山坡上，他向她倾诉了自己深藏于心的炽热爱意。然而，当伊丽莎白得知达西曾因为简并非出身名门而反对她嫁给宾利时，她便对他心生厌恶，认为他是一个傲慢、偏执的势利眼……
매드 댄스 오피스,疯狂舞蹈办公室
"24시간 빈틈없이 살아온 구청의 갓생 과장 국희. 승진은 코앞이고, 딸의 취업까지! 모든 것이 그녀의 계획대로 완벽하게 진행될 줄 알았다. 그런데 완벽했던 스텝이 꼬여버리기 시작한다! 도둑맞은 승진, 연락 두절된 딸, 그리고 텅 빈 마음... 엉망진창이 된 인생 박자를 수습하기 위해 찾아간 곳은 플라멩코 연습실? 완벽하지 않아도 괜찮은, 인생 리듬 되찾기 프로젝트!",库琪，区公署的科长，过着完美无瑕的生活。升职在即，连女儿都找到了工作！她以为一切都会按照计划完美进行。然而，好景不长！升职被窃，女儿失联，内心空虚……为了重拾生活的节奏，她决定走进一家弗拉明戈工作室？一个重拾生活节奏的项目——不完美也没关系！
햄넷,哈姆内特
"자연 속에서 자유롭게 살아온 ‘아녜스’는 마을에 새로 온 교사 ‘윌리엄 셰익스피어’와 사랑에 빠져 가정을 이룬다. 어느 날, 두 사람에게 예기치 못한 비극이 찾아오고 삶의 가장 소중한 것을 잃은 참혹한 상실의 고통 속에서 두 사람은 각자의 방식으로 상처와 비극을 극복하게 되는데…",从小自由自在地生活在大自然中的艾格尼丝爱上了村里新来的老师威廉·莎士比亚，两人组建了家庭。一天，一场突如其来的悲剧降临到这对夫妇身上，在失去生命中最珍贵之物的巨大痛苦中，他们各自以自己的方式战胜了伤痛和悲剧……
투어스 브이알 콘서트 : 러쉬로드,巡回VR音乐会：Rush Road
센티멘탈 밸류,情感价值
가족을 버리고 떠난 영화감독 구스타프는 재회한 딸에게 영화 출연을 제안한다. 하지만 노라는 아버지에 대한 불신과 원망으로 단칼에 거절한다.,抛弃家庭的​​电影导演古斯塔夫邀请与他重逢的女儿诺拉在他的电影中出演一个角色。然而，诺拉断然拒绝了，她对父亲充满了不信任和怨恨。
극장의 시간들,剧院开放时间
"[침팬지] “영화는 오랜 친구와 같은 것이다” 2000년 광화문. 고도, 모모, 제제는 영화를 사랑한다는 공통점으로 단짝이 된다. 헌책방에서 신기한 침팬지 이야기를 발견한 세 사람은 그 이야기에 빠져든다. 2025년, 영화감독이 된 고도는 홀로 광화문을 걷다가 다시 침팬지 이야기를 만난다. [자연스럽게] “자, 편안하고 자연스럽게! 레디…액션!” 무더운 여름의 영화 촬영 현장. 어린이 배우들은 동네 곳곳을 뛰어다니며 신나게 노는 장면을 연기 중이다. 그런데 감독은 계속 더 자연스럽게 연기해달라고 말하고, 배우와 스탭들은 고민에 빠진다. “도대체 자연스러운 연기란 뭘까?” [영화의 시간] “너야말로 안 변했네. 그 시절 얼굴이 그대로야” 춘천에 사는 영화는 오랜만에 광화문을 찾는다. 홀로 정동과 광화문 곳곳을 걷다가 우연히 들어간 극장에서 수십 년 만에 여고 동창과 재회한다. 영화는 그곳에서 일하는 동창의 배려로 한여름의 꿈 같은 영화 한 편을 만난다.",【黑猩猩】“电影就像老朋友。”光化门，2000年。Godo、Momo和Jeje因为共同热爱电影而成为好朋友。他们在一家二手书店发现了一本关于黑猩猩的精彩故事，并沉浸其中。2025年，Godo已成为一名电影导演，在独自漫步光化门时再次遇到了这个黑猩猩的故事。【自然】“好了，放松，自然点！预备……开拍！”这是一个闷热的夏季电影片场。小演员们正在拍摄一场在街区里奔跑玩耍的戏。然而，导演却不断要求他们表演得更自然一些，这让演员和工作人员都陷入了困境。“到底什么是自然的表演？”【电影的时代】“你才是那个没变的人。你的脸和以前一模一样。”住在春川的英华时隔多年再次来到光化门。独自漫步在贞洞和光化门之间时，她偶然走进一家电影院，在那里偶遇了一位几十年未见的高中同学。多亏了这位在电影院工作的同学的热情帮助，英华观看了一部宛如仲夏夜之梦的电影。
녹나무의 파수꾼,樟树的守护者
거절할 수 없는 제안을 받아들이고 영문도 모른 채 소원을 비는 녹나무의 파수꾼이 된 레이토. 그는 초승달과 보름달이 뜨는 날 나무를 찾아오는 심야의 방문객들을 만나며 녹나무에는 세상에 알려지지 않은 특별한 힘이 있다는 것을 알게 된다. 오래된 예약 장부를 정리하던 레이토는 이곳을 찾는 사람들과 녹나무의 연결 고리를 발견하고 자신이 파수꾼이 된 이유와 녹나무에 얽힌 놀라운 진실에 다가가게 되는데...,雷托接受了一份他无法拒绝的提议，成为了一棵樟树的守护者，并许下心愿，却不知其缘由。每逢新月和满月之夜，都会有深夜访客前来，雷托由此发现这棵樟树拥有着世人未知的特殊力量。在整理旧时的预约记录时，雷托发现了访客与樟树之间的某种联系，这让他逐渐接近自己成为守护者的真正原因，以及围绕着这棵树的惊人真相……
드림스,梦想
청소년관람불가,不适合未成年人观看
"멕시코 출신의 젊고 매력적인 무용수 ‘페르난도’는 성공한 자선사업가이자 연인인 미국인 ‘제니퍼’와 함께할 아메리칸 드림을 꿈꾸며 불법 입국을 감행한다. 그러나, 제니퍼는 미국 상류사회에서 자신의 자리를 지키기 위해 페르난도와 연인임을 숨기게 되고, 두 사람 사이에 서서히 균열이 생기기 시작하는데…",费尔南多是一位来自墨西哥的年轻英俊的舞者，他怀揣着美国梦，冒着非法入境的风险，与他的美国情人——成功的慈善家詹妮弗——一同前往美国。然而，为了保住自己在美国上流社会的地位，詹妮弗隐瞒了她与费尔南多的恋情，两人之间也逐渐出现了裂痕……
폭탄,炸弹
"“앞으로 세 번, 다음 폭발은 한 시간 뒤입니다.” 그의 말을 놓치는 순간, 연쇄 폭발은 현실이 된다. 모든 시작은 술에 취한 채 연행된 지극히 평범해 보이는 중년 남성 ‘스즈키’의 한마디였다. 대수롭지 않게 여겨진 그의 예언은 한 시간 뒤, 실제 도쿄 도심에서 발생한 폭발로 현실이 되고 경시청 수사 1과의 형사 ‘루이케’는 ‘스즈키’를 핵심 용의자로 판단, 그를 밀실의 취조실에 가둔 채 심문을 이어간다. 도쿄 전역을 누비는 폭탄 수색과 취조실에서 벌어지는 치열한 심리전 속에서 수사관들은 이 미스터리에 숨겨진 진실과 마주하게 되는데…",“还有三颗；下一次爆炸将在一个小时后发生。” 话音未落，爆炸便接连发生。一切都始于“铃木”的一句话，他是一个外表普通的中年男子，因醉酒被带入警局。他看似无关紧要的预言在一个小时后变成了现实，东京市中心发生了一起爆炸。东京警视厅第一搜查课的侦探琉池认定铃木是主要嫌疑人，并将他关进审讯室继续审问。在东京全城展开的炸弹搜查和审讯室里激烈的心理战中，调查人员最终揭开了隐藏在这桩谜案背后的真相……
프로젝트 헤일메리,海尔玛丽计划
눈을 떠보니 아득한 우주의 한가운데에서 깨어난 중학교 과학교사 ‘그레이스’는 희미한 기억 속에서 자신이 죽어가는 태양으로부터 지구와 인류를 살릴 마지막 희망으로 이곳에 왔다는 사실을 알게 된다. 잃어버린 기억으로 인해 모든 것이 혼란스러운 상황에서 ‘그레이스’는 우연히 우주 한복판에서 같은 목적으로 온 뜻밖의 존재 ‘로키’를 만나게 되고 ‘그레이스’와 ‘로키’는 각 두 행성의 운명을 건 마지막 미션을 수행하러 떠나게 되는데…,中学科学老师格蕾丝醒来时发现自己身处浩瀚宇宙的中心。凭借着模糊的记忆，她意识到自己是拯救地球和人类免遭垂死恒星毁灭的最后希望。由于记忆丧失，格蕾丝陷入了迷茫之中，却意外地遇到了洛基——一个同样为了拯救地球和人类而来到宇宙中心的神秘存在。格蕾丝和洛基携手踏上了最终的征程，而这项任务关乎两颗星球的命运……
빌리 아일리시 - 히트 미 하드 앤드 소프트: 더 투어,比莉·艾利什 - Hit Me Hard and Soft：巡回演唱会
등급 미정,评级待定
김~치!,泡菜！
"퇴직과 이별로 마음의 자리를 잃어버린 ‘민경’은 작은 시골마을로 내려와 조용히 사진을 찍으며 지내기 시작한다. 사람보다 풍경을, 감정보다 거리를 두던 그녀의 카메라에 어느 날 한 노인이 들어온다. 치매를 앓고 있는 베트남 참전용사 ‘덕구’. 손녀를 교통사고로 잃은 뒤 기억이 조금씩 희미해지고 있는 그는, 매일 아침 집 앞에 앉아서 죽은 손녀를 향해 손을 흔드는 치매를 앓고있지만,. 사진을 찍는 순간만큼은 누구보다 또렷한 눈빛으로 카메라를 바라본다. 우연처럼 시작된 기록은 점점 ‘민경’의 하루가 되고, 덕구가족의 사연을 알게 되고 덕구의 잃어가는 기억을 붙잡아주려는 시간은 어느새 민경 자신의 상처를 어루만지고 치유받는 시간이 된다. 기억을 잃어가는 사람과, 삶의 방향을 잃어버린 사람. 서로 다른 상처를 가진 두 사람이 사진을 교감으로 미소를 되찾고 조금씩 마음을 나누기 시작한다. 그리고 마침내, 덕구가 민경의 마음속에 들어와 가장 환하게 울려 퍼지는 한마디. “김~치!” 그 한 장의 사진처럼, 두 사람의 시간도 다시 또렷해진다.",退休和分手后，敏京失去了心中最重要的位置，她搬到了一个偏僻的乡村，开始过着平静的生活，以摄影为生。一天，一位老人走进了这位曾经只关注风景而忽略人物、只注重距离而忽略情感的女子的镜头。他名叫德久，是一位患有老年痴呆症的越战老兵。尽管在一次交通事故中失去了孙女后，他的记忆逐渐消退，每天早上他都会坐在家门口，对着逝去的孙女挥手，但当镜头按下快门的那一刻，他却用比任何人都清晰的眼神凝视着镜头。最初只是偶然的记录，却逐渐成为敏京日常生活的一部分；在了解德久的家庭故事，努力留住他逐渐消逝的记忆的过程中，她也抚慰了自己的伤痛，找到了治愈。一个正在失去记忆的人，一个迷失了人生方向的人。两个带着不同伤痛的人，通过照片的交流重拾笑容，并开始一点一点地敞开心扉。最终，当德久走进敏京的心里时，一个字划破了彼此的心弦：“茄子！” 就像这张照片一样，两人之间的时光再次清晰起来。
왜(歪): 더 카르텔,为什么（扭曲）：卡特尔
<왜(歪): 더 카르텔>은 2020년 4.15 총선에서 드러난 각종 통계적·물적 증거를 심도 있게 분석한 충격적인 부정선거 다큐멘터리 영화로 배우 겸 성우 윤주상 님이 내레이션을 맡았습니다. 믿기지 않고 믿고 싶지도 않은 끔찍한 부정선거는 비단 4.15 총선뿐만이 아니라 정권이 바뀐 후에도 여전히 계속되고 있습니다. 부디 이 작품을 통해 천인공노할 충격적인 부정선거의 실상이 널리 알려지기를 기원합니다.,《为何：卡特尔》是一部令人震惊的纪录片，揭露了2020年4月15日大选中的选举舞弊，并由演员兼配音演员尹柱相担任旁白。影片深入分析了大选中披露的各种统计数据和物证。这场骇人听闻、令人难以置信且不愿相信的选举舞弊，并非仅限于4月15日的大选，甚至在政府更迭后仍在继续。我衷心希望通过这部作品，这场令人发指的选举舞弊的真相能够被世人广泛知晓。
프로텍터,保护者
"미 특수부대에서 뛰어난 활약상을 보이며 국가를 위해 헌신했던 니키는 딸의 어린 시절을 함께 보내지 못했다. 남편이 사망한 후, 그녀는 딸 클로이 곁으로 돌아온다. 그러나 떨어져 지냈던 시간의 공백만큼 두 모녀 사이의 틈은 좁혀질 기미가 보이지 않는다. 클로이는 16번째 생일날 외출을 했다가 납치를 당하고, 니키는 거대 조직에 맞서 72시간 안에 딸을 되찾아야 하는 위험천만한 상황에 처한다. 경찰과 군대는 니키를 표적으로 삼고, 시간은 잔인하게 흐른다.",妮基曾在美国特种部队服役，为国效力，功勋卓著，却无缘陪伴女儿克洛伊度过童年。丈夫去世后，她回到女儿身边。然而，母女间的隔阂丝毫未减，久别重逢的时光仿佛在诉说着她们之间的巨大鸿沟。克洛伊16岁生日那天，外出时不幸被绑架。妮基身陷险境，必须在72小时内对抗一个庞大的犯罪组织，营救女儿。警方和军方都盯上了妮基，时间紧迫，她必须争分夺秒。
뮤지컬 장수탕 선녀님,音乐长寿堂仙子
"백희나 작가의 스테디셀러 그림책을 원작으로 오랜 시간 사랑받아온 가족 뮤지컬 '장수탕 선녀님'이 무대 위 에너지에 영화적 연출을 더해 대형 스크린에서 새롭게 펼쳐진다. 웃음과 따뜻함, 그리고 추억이 만나는 순간! 아이와 어른이 함께 공감하는 신비로운 장수탕의 이야기가 다시 시작된다.",根据白熙娜畅销绘本改编，深受喜爱的家庭音乐剧《长水澡堂的仙女》以全新的电影形式登上大银幕，将舞台的活力与电影的质感完美融合。欢笑、温暖与回忆在此交汇！长水澡堂的神秘故事，再次触动着大人和孩子们的心弦。
파이 굽는 엄마,妈妈在烤馅饼
펫 트레인,宠物训练
"도심 속 동물 평화를 수호하는 정의의 너구리 ‘팔콘’! 배고픈 동물 친구들을 위해 열차에 오르는 순간, 복수심에 불타는 오소리 ‘한스’에 의해 반려동물들만 탑승한 열차가 브레이크 없이 폭주하기 시작한다. 정면 충돌까지 남은 시간은 단 몇 분! 일촉즉발의 위기 속에서 ‘팔콘’은 새로 만난 친구들과 힘을 합쳐 생존을 위한 스릴 만점의 탈출 작전에 나서는데…",正义浣熊猎鹰，守护着城市里动物们的和平！当他登上火车去帮助饥饿的动物朋友们时，这列只载着宠物的火车却在满怀复仇之火的獾汉斯的挑衅下，失控狂奔，刹车失灵。距离正面相撞只剩几分钟！在这迫在眉睫的危机中，猎鹰与他新结识的朋友们联手，展开了一场惊心动魄的逃生行动……
네가 마지막으로 남긴 노래,你留下的最后一首歌
"유난히 눈에 띄지 않는 소년 ‘하루토’와 유난히 빛나는 소녀 ‘아야네’. 글을 읽고 쓰는 데 어려움이 있는 소녀를 대신해 소년은 시를 쓰고, 그 시는 노래가 되어 소녀의 목소리로 세상에 울려 퍼진다. 둘만의 비밀, 오직 둘만의 언어. 말보다 음악이 먼저 닿은 순간, 설렘으로 시작되는 가장 찬란한 청춘 로맨스!",春人，一个与众不同的男孩；绫音，一个光芒四射的女孩。男孩替不善读写的绫音写诗，这些诗句化作歌曲，通过绫音的歌声传遍世界。这是只有他们两人知晓的秘密，一种专属于他们的语言。当音乐先于语言触动他们的那一刻，一段最绚烂的青春恋情，伴随着令人心动的悸动，就此展开！
두 검사,两项测试
"스탈린 시기의 소련, 자신이 하는 일에 갈등을 느끼는 한 젊은 검사의 이야기. 게오르기 데미도프의 중편을 각색한 작품.",讲述斯大林时代苏联一位年轻检察官对自己的工作感到矛盾的故事。改编自格奥尔基·杰米多夫的中篇小说。
류이치 사카모토: 다이어리,坂本龙一：日记
"전자음악의 선구자이자 영화음악 거장, 환경과 평화를 외치는 운동가로 활약해온 전방위의 아티스트 류이치 사카모토. 2020년 12월, 그는 자신의 시간이 얼마 남지 않았다는 것을 알게 되고 일상을 기록하기 시작한다. 마지막까지 음악으로 살아있던 류이치 사카모토의 모든 순간.",坂本龙一，一位才华横溢的艺术家，他既是电子音乐的先驱，又是电影配乐大师，同时也是一位积极倡导环境与和平的活动家。2020年12月，得知自己时日无多后，他开始记录自己的日常生活。坂本龙一的每一刻，都通过音乐延续到生命的最后一刻。
소녀심판,女孩的审判
"주먹 하나로 학교를 평정한 여고생, 이번엔‘추리닝’입고 돌아왔다! 강한 의협심과 맷집을 지닌‘민아’는 어릴 적 사고로 부모를 잃고 이모집에서 자란, 좀 과하게 정의로운 소녀다. ‘다시는 싸우지 않겠다’는 약속으로 고등학교에 입학한 민아는 평범한 새 출발을 꿈꾸지만, 첫날부터 잘생기고 괜히 정의로워보아는 짝꿍‘민기’에게 꽂힌다. 문제는 민기를 노리는 불량 일진서클의 우두머리‘세혁’. 민기를 괴롭히는 세혁의 패거리를 본 민아는 참다못해‘얼굴가린추리닝차림’으로 민기를 구출해버린다. 이날 이후 학교는 추리닝남의 정체를 찾기 위해 들썩이고, 민기는 구세주를 찾기 위한 본격 추리(?)에 나선다. 한편 민기를 사이에 둔 민아-혜리-세혁의 삼각전투구도에 불이 붙고, 민아는 자신의 정체를 숨기며 평범한척+불한측+사랑에 빠진 척 삼중생활을 하기된다. 그러나 정의감 폭발에 다혈질까지 얹힌 민아에게 그게 가능 할리가? 사랑은 꼬이고, 정체는 탄로날 위기, 싸움은 점점 커지는데…",那个曾以一拳征服全校的高中女生回来了，这次她穿的是运动服！美娜（Min-A）是个正义感极强、意志坚韧的女孩，幼年时父母因意外去世，之后便和姑姑一起生活。她带着不再打架的誓言进入高中，梦想着开启一段平凡的新生活。然而，开学第一天，她就爱上了同班同学闵基（Min-ki）。闵基外表英俊，外表也同样正义凛然。但问题是，闵基被不良少年团伙的头目世赫（Se-hyuk）盯上了。目睹世赫的团伙欺负闵基后，美娜再也无法忍受，于是穿上运动服，遮住了闵基的脸，救了他一命。从此，学校里掀起了一场寻找运动服男子的风波，闵基也为了找到救命恩人展开了一场全面的调查。与此同时，Mina、惠利和世赫三人围绕Mingi的三角恋情愈演愈烈，Mina不得不过着三重生活：伪装成普通人、反派和恋爱中的人，同时隐藏着自己的真实身份。然而，对于一个正义感爆棚、脾气火爆的Mina来说，这一切真的可能吗？爱情纠葛，身份岌岌可危，争斗愈演愈烈……
슈퍼 마리오 갤럭시,超级马里奥银河
"브루클린의 배관공에서 세계를 구한 히어로로 레벨업한 형제 ‘마리오’와 ‘루이지’는 모래 왕국에서 임무를 수행하던 중, 길을 잃은 ‘요시’를 구출하며 특별한 우정을 쌓게 된다. 한편, 무너진 ‘쿠파’ 가문의 명예를 되찾기 위해 악의 왕자 ‘쿠파주니어’는 은하계의 수호자이자 치코들의 엄마 ‘로젤리나’를 납치하고, 버섯 왕국에 잡힌 아빠 ‘쿠파’를 되찾기 위해 왕국을 습격한다. 다시 찾아온 위기 속에서 마리오와 루이지, 피치, 키노피오 그리고 새로 합류한 요시까지 로젤리나도 구하고, 쿠파주니어의 비범한 계획을 막기 위해 넓은 갤럭시로 뛰어들게 되는데…",马里奥和路易吉兄弟俩，从布鲁克林的水管工摇身一变，成为拯救世界的英雄。在沙之国执行任务时，他们救出了一只迷路的耀西，并因此结下了深厚的友谊。与此同时，邪恶的库巴王子二世为了重振库巴家族的荣光，绑架了银河系守护者、奇科族之母罗莎琳娜，并入侵蘑菇王国，企图救出被俘的父亲库巴。在这场新的危机中，马里奥、路易吉、碧琪公主、奇诺比奥以及新加入的耀西踏上了前往浩瀚银河系的冒险之旅，誓要救出罗莎琳娜，并阻止库巴二世的邪恶计划……
킬 빌: 더 홀 블러디 어페어,《杀死比尔：血腥全集》
"23년 만에 공개되는 완전판, 275분 동안 펼쳐지는 완벽한 복수의 향연! 최고의 암살자였던 키도는 빌과 그의 조직인 데들리 바이퍼스로 인해, 끔찍한 피의 결혼식을 겪게 된다. 그리고 4년 후, 이제 그녀에게 남은 것은 자비 없는 복수뿐. 빌을 죽여라!",时隔23年，完整版终于面世！这部时长275分钟的影片，堪称一场完美的复仇盛宴！曾经最伟大的刺客基多，在比尔和他的组织“致命毒蛇”手中，经历了一场血腥恐怖的婚礼。四年后，她唯一的念头就是无情的复仇。杀死比尔！
살목지,萨尔莫基
"기이한 소문이 끊이지 않는 저수지 살목지의 로드뷰 화면에 촬영한 적 없는 정체불명의 형체가 포착된다. 오늘 안에 반드시 재촬영을 끝내야 하는 상황 속에 살목지로 향한 PD 수인과 촬영팀. 촬영이 시작되자 행방이 묘연했던 선배 교식이 등장하고, 설명되지 않는 일들이 연달아 벌어지며 촬영팀은 점점 아비규환에 빠진다. 휘몰아치는 공포 속 기태는 수인을 향해 내달리지만 빠져나오려 할수록 이들은 점점 더 깊은 곳으로 끌려 들어가게 되는데…",在流传着各种怪异传闻的萨尔莫池，街景屏幕上出现了一个从未被镜头捕捉到的神秘身影。由于补拍工作必须在当天完成，导演秀仁和摄制组前往萨尔莫池。拍摄开始后，行踪不明的前同事教植突然出现，随后一系列无法​​解释的事件接连发生，摄制组陷入一片混乱。在恐惧的漩涡中，基泰拼命奔向秀仁，但他们越是试图逃脱，就越是深陷其中……
크라임 101,犯罪学入门
"101번 국도를 따라 흔적도 없이 사라지는 보석들. 전설적인 절도범 ‘데이비스’는 자신만의 규칙 아래 완벽한 범죄를 설계한다. 모두가 혼란에 빠진 사이, 원칙과 집념의 형사 ‘루’만이 범인의 실체를 포착하며 포위망을 좁혀간다. 거대한 보험금을 노린 ‘데이비스’는 보험중개인 ‘샤론’에게 위험한 거래를 제안하고 완벽했던 계획과 정교한 수사는 예상치 못한 국면으로 치닫는데…",101号公路沿线，珠宝无故消失。传奇窃贼戴维斯精心策划了一场完美犯罪，并制定了自己的规则。当其他人陷入混乱时，只有原则坚定、意志顽强的卢警探发现了真凶，并最终将其绳之以法。戴维斯觊觎巨额保险金，向保险经纪人莎伦提出了一项危险的交易，而原本天衣无缝的计划和周密的调查却朝着意想不到的方向发展……
침묵의 친구,一位沉默的朋友
독일 대학의 한 식물원에는 1832년부터 인간을 바라보며 뿌리내린 장엄한 한 그루의 은행나무가 서있다. 1908년 대학 최초의 여학생. 1972년 식물과 사랑을 동시에 키우는 청년. 2020년 고독한 신경과학자. 한 세기가 넘는 시간 동안 이 은행나무는 세 사람들의 삶 속으로 고요히 가지를 뻗어 하나로 연결되기 시작한다.,在德国一所大学的植物园里，矗立着一棵雄伟的银杏树，它自1832年扎根以来，便一直注视着人类。1908年，这所大学迎来了第一位女学生。1972年，一位年轻人在这里培育植物，也培育爱情。2020年，一位孤独的神经科学家也在这里。一个多世纪以来，这棵银杏树悄然将枝桠伸入这三个人的生活，并逐渐将他们联系在一起。
마이클,迈克尔
악마는 프라다를 입는다 2,《穿普拉达的女王2》
만달로리안과 그로구,曼达洛人和格罗格
은하계를 누비는 현상금 사냥꾼 ‘딘 자린’ & 치명적인 귀여움의 ‘그로구’,“丁·贾林”，游荡于银河系的赏金猎人；以及“格罗古”，致命的可爱女孩
디스클로저 데이,信息披露日
토이 스토리 5,玩具总动员5
미니언즈 & 몬스터즈,小黄人和怪物
슈퍼걸,女超人
무자비한 적의 등장으로 인해 뜻밖의 동반자와 힘을 합치는 '슈퍼걸'의 이야기를 그린 액션 블록버스터,一部动作大片，讲述了“女超人”因遭遇残暴敌人而与一位意想不到的伙伴联手作战的故事。
모아나,莫阿娜
오디세이,奥德赛
어벤져스: 둠스데이,复仇者联盟：末日
결혼해줄래?,你愿意嫁给我吗？
그녀가 돌아온 날,她回来的那天
"결혼 후 연기를 안 하게 되었고, 이혼 후 다시 일을 하기 위해 독립영화를 한 편 찍었다. 오늘 그 찍은 영화의 개봉을 위해 인터뷰를 한다. 중년의 나이가 돼서 아주 오랜만에 세상에 배우로 얼굴을 내미는 날이다. 세 번의 인터뷰가 삼 십분 간격으로 이어지고 여자는 질문들에 최선을 다해서 답한다. 인터뷰 후에 새로 시작한 연기수업에 가게 된다. 거기서 연기 선생은 오늘 있은 인터뷰를 다시 재현해보라고 한다. 인터뷰 중에 가장 중요한 부분에 다다르면 여자는 왠일인지 기억이 전혀 나지 않는 것 같다. 피곤하고 집으로 빨리 돌아가고 싶다. 딸이 기다리고 있다.",婚后她便息影，离婚后，她拍摄了一部独立电影重返影坛。今天，她正在接受这部电影的宣传采访。如今已步入中年的她，时隔多年再次以演员的身份出现在公众视野。接下来的三场采访，每场间隔三十分钟，她都尽力回答问题。采访结束后，她前往新的表演课。老师让她重现今天的采访场景。然而，当她演到采访中最关键的部分时，不知为何，她似乎完全忘记了之前的情景。她感到疲惫，只想尽快回家。女儿还在等着她。
다이 마이 러브,死吧，我的爱
"미친 듯이 사랑했던 그레이스와 잭슨에게 아기가 생긴다. 불처럼 타오르던 두 사람의 사랑은 서서히 꺼져가고 섹스마저 말라붙는다. 외로움이 깊어진 그레이스는 작가로서의 글쓰기도 불가능해지고, 점점 자신을 파괴하기 시작한다. 그 모든 붕괴를 곁에서 지켜보는 잭슨은 이 사랑을 다시 되돌릴 수 없을지도 모른다는 두려움에 사로잡힌다.",格蕾丝和杰克逊曾深深相爱，他们有了一个孩子。曾经如烈火般燃烧的爱情渐渐消逝，就连性生活也变得冷淡。格蕾丝的孤独感日益加深，她发现自己无法再从事写作，并开始自我毁灭。杰克逊眼睁睁地看着这一切彻底崩溃，心中充满了恐惧，害怕这段爱情再也无法挽回。
미스매치,不匹配
"“내가 책임질게 됐지?” 매번 큰소리만 뻥뻥! 사업 실패, 직장 해고까지 무능력한 가장 봉수 회사에서도 집안에서도 기를 펴지 못하고 살아가던 어느 날! 불의의 사고를 겪게 되는데… 몸은 멀쩡한데… 머릿속은 백지장?! “여긴 어디? 난, 누구?” 어제의 나도, 가족의 얼굴도 모두 새로 시작하게 된 봉수의 인생 리부트! 과연 봉수는 잃어버린 기억을 되찾고 가족의 재결합을 할 수 있을까?",“我会负责的，好吗？”总是空口许诺！奉洙，一个事业失败、丢了工作、一事无成的一家之主，无论在工作还是家庭中都无法掌控局面。然而有一天，他遭遇了一场意外……他的身体安然无恙……但他的记忆却一片空白？！“我在哪里？我是谁？”奉洙的人生重启之旅就此展开，一切都从他过去的记忆和家人的面孔开始！奉洙能否找回失去的记忆，与家人重聚？
브라이드!,新娘！
"1930년대 미국, 죽음에서 깨어난 ‘브라이드’와 그녀를 사랑하게 된 ‘프랑켄슈타인’. 어느 날, 끔찍한 사건을 저지르고 위험천만한 도주를 시작한다. 세상의 모든 규범을 깨부순 ‘브라이드’와 ‘프랑켄슈타인’의 파격적인 행보는 미국 전역을 뒤흔들고 그들의 운명은 걷잡을 수 없는 방향으로 치닫는데…",1930年代的美国。新娘死而复生，弗兰肯斯坦爱上了她。一天，他们犯下了一桩骇人听闻的罪行，并踏上了一段危机四伏的逃亡之旅。新娘和弗兰肯斯坦的行为打破了所有社会规范，震惊了整个国家，他们的命运也逐渐失控……
사랑의 하츄핑: 고래보석의 전설,爱情的勾玉：鲸鱼宝石的传说
고래가 품은 보석의 비밀을 찾아 바다로 떠난 로미와 하츄핑의 기적 같은 모험을 그린 판타지 애니메이션,一部奇幻动画，讲述了罗米和哈楚平的奇妙冒险故事，他们出海寻找鲸鱼所藏宝石的秘密。
쉘터,庇护所
전직 특수 요원이 과거를 뒤로 하고 조용히 살려다 한 사건에 휘말리며 다시 '인간 병기'로 각성하는 하드보일드 액션물,这是一部硬汉动作片，讲述了一位前特工试图摆脱过去，过上平静的生活，却卷入了一场事件，并重新觉醒为“人体兵器”。
스페셜즈,特价
"""목표는 핵심 인물 암살, 특기는 살인, 임무는 댄스 대회 챌린지?!” 스페셜한 목표를 가진 5명의 킬러들의 죽여주는 전대미문의 댄스 액션 무비",“目标：刺杀关键人物，专长：谋杀，任务：舞蹈比赛挑战？！”一部前所未有的劲爆舞蹈动作电影，讲述五位杀手各自肩负特殊使命的故事。
아르코,阿科
"2075년, 자연이 너무 위험해져 아이들은 돔 안에서 생활하고, 부모 없이 로봇에 의해 양육된다. 열 살 소녀 아이리스는 어느 날, 자신이 2932년 미래에서 왔으며 무지개를 타고 하늘을 날 수 있다고 말하는 동갑내기 소년 아르코를 만나며 희망의 빛을 발견하게 된다.",2075年，自然环境变得极其危险，孩子们只能生活在穹顶之下，由没有父母的机器人抚养长大。一天，十岁的艾瑞丝遇到了同龄男孩阿尔科，阿尔科自称来自2932年的未来，能够驾着彩虹翱翔天际，艾瑞丝也因此看到了希望的曙光。
"오, 발렌타인",哦，情人节
"2004년 2월 14일, 하청노동자 박일수의 죽음은 한 인간의 죽음이자 뜨거웠던 민주노조운동의 죽음이었다. 패배한 혁명의 그 날로부터 20여 년이 지난 지금, 그가 간절히 바랐던 세상을 꿈꾸며 예술을 이어가는 두 사람이 있다. 노동에서 생태로, 여성으로, 그리고 우리 삶의 위태로운 구석구석으로 패배한 과거의 혁명을 시와 노래로 이어가고 있다. 두 개의 영상, 중첩되는 사운드, 과거와 현재... 분할된 기록의 틈새 속에서 새로운 혁명의 모습을 찾아낸다.",2004年2月14日，外包工人朴日洙的死，不仅是一个人的逝去，也是充满激情的民主工会运动的终结。如今，在革命失败二十多年后，有两个人继续着他的艺术创作，梦想着他曾如此热切期盼的世界。他们用诗歌和歌曲，延续着过去失败的革命，从劳工到生态，从女性到我们生活的每一个脆弱角落。两段视频，交叠的声音，过去与现在……在支离破碎的记录中，他们发现了新革命的雏形。
우리는 매일매일,我们每天
"중학교 졸업이 얼마 남지 않은 날, ‘여울’은 소꿉친구 ‘호수’에게 갑작스러운 고백공격을 받았다! 친구 이상으로 생각할 수 없기에, 단칼에 거절했는데… 그녀석을 고등학교에서 다시 만날 줄이야! ‘여울’은 ‘호수’를 볼 때마다, 마음 한구석이 불편하다. 다시는 예전처럼 돌아갈 수 없게 되었다는 것도, 짜증이 난다. 그러던 중, ‘여울’은 홧김에 농구부 선배에게 고백을 저질러버리고 그들의 첫사랑은 점점 더 혼란에 빠지고 마는데…",初中毕业在即，烈儿突然收到了青梅竹马浩秀的告白！由于她始终只把他当朋友，所以断然拒绝了他……谁又能想到，高中时她竟然会再次遇到他！每次见到浩秀，烈儿心中都会涌起一丝不安。她也为一切再也回不到从前而感到懊恼。就在这时，烈儿冲动地向篮球队的学长告白，他们的初恋也因此陷入了更大的混乱……
좀비 랜드 사가: 유메긴가 파라다이스,僵尸之地传奇：尤梅金加天堂
"좀비 아이돌 프랑슈슈의 만국박람회 무대로 인류를 위협하는 정체불명의 존재가 다가오고, 전무후무한 갤럭시 페스티벌이 시작된다.",一个身份不明的实体威胁着人类，它接近了世界博览会的舞台，僵尸偶像组合 Franchouchou 正在那里演出，史无前例的银河节开始了。
허리 업 투모로우,明天快点到来
"전설적인 가수, 아벨은 이별로 무너진다. 그런 아벨 앞에 나타난 의문의 여성, 애니. 무대 뒤에서 진짜 이야기가 시작된다!",传奇歌手阿贝尔因分手而心碎。这时，一位名叫安妮的神秘女子出现在他面前。真正的故事才刚刚开始！