Original,TranslationFormula
"［9,900원］ 가족뮤지컬 아기돼지 삼형제 - 서울 구로","［9,900ウォン］家族ミュージカル赤ちゃん豚三兄弟 - ソウル九老"
구로구민회관 대강당,黒区民会館大講堂
서울 구로구 가마산로25길 21,ソウル区区区釜山路25ギル21
"2026년 3월 21일(토) 11시, 14시, 16시",2026年3月21日（土）11時、14時、16時
［구로］ 싱어롱 콘서트 뮤지컬 ‘Live Show’ 〈무지개 물고기〉,［黒］シンガーロングコンサートミュージカル「Live Show」〈虹の魚〉
"예매가능시간: 전일17시(월~토 관람 시)까지/전일 11시(일요일 관람 시)까지2026년 5월 30일(토) 12시, 14시, 16시",前売可能時間：前日17時（月～土観覧時）まで／前日11時（日曜日観覧時）まで2026年5月30日（土）12時、14時、16時
［서울］ 가족뮤지컬 〈로보카폴리 - 브룸스타운의 에너지를 지켜라!〉,［ソウル］ファミリーミュージカル〈ロボカポリ - ブルームスタウンのエネルギーを守ろう！〉
나루아트센터 대공연장,ナルアートセンター大公演場
서울 광진구 능동로 76,ソウル広津区能洞路76
"예매가능시간: 전일17시(월~토 관람 시)까지/전일 11시(일요일 관람 시)까지2026년 5월 9일(토) ~ 5월 10일(일) 11시, 2시, 4시30분",前売可能時間：前日17時（月～土観覧時）まで／前日11時（日曜日観覧時）まで2026年5月9日（土）～5月10日（日）11時、2時、4時30分
［해피 마포 와글와글］ 뮤지컬 〈푸른 사자 와니니〉,［ハッピー麻浦ワグワグル］ミュージカル〈青ライオンワニーニ〉
마포아트센터 아트홀 맥,マポアートセンターアートホールマック
서울 마포구 대흥로20길 28,ソウル麻浦区大興路20ギル28
"예매가능시간: 관람 2시간 전까지수목금 19시30분 / 토일 14시, 18시
* 월, 화 공연없음, 5/6(수) 공연없음
* 단, 5/1(금), 5/5(화) 14시, 18시","前売可能時間：観覧の2時間前までの水木金19時30分/土日14時、18時
*月、火公演なし、5/6（水）公演なし
* ただし、5/1(金)、5/5(火)14時、18時"
［NOL 단독］뮤지컬 데스노트(The Musical Death Note),［NOL単独］ミュージカルデスノート（The Musical Death Note）
디큐브 링크아트센터,デキューブリンクアートセンター
서울 구로구 경인로 662,ソウル区区区京仁路662
예매가능시간: 관람 3시간 전까지3.13(금) 19:30 / 3.19(목) 19:30 / 3.25(수) 14:004.5(일) 14:00 / 4.7(화) 19:00 / 4.11(토) 14:00,前売可能時間：観覧3時間前まで3.13(金) 19:30 / 3.19(木) 19:30 / 3.25(水) 14:004.5(日) 14:00 / 4.7(火) 19:00 / 4.11(土) 14:00
［Play＆Stay］뮤지컬 데스노트+ Hotel,［Play＆Stay］ミュージカルデスノート+ Hotel
"[중요 공지 안내]- 티켓수령: 호텔 내 Play&Stay 티켓데스크(9AM~12PM)- 본 상품의 티켓은 구매자 본인 관람이 필수이며 양도, 대리 수령 절대 불가능합니다.- 호텔 투숙은 구매자 본인이 체크인 하셔야만 이용 가능하시며 미성년자의 경우 법적 보호자와 함께 투숙 가능하십니다.",[重要なお知らせ] - チケット受領：ホテル内Play&Stayチケットデスク（9AM～12PM）- 本商品のチケットは購入者本人観覧が必須であり、譲渡、代理受領絶対不可能です。
〈센과 치히로의 행방불명〉오리지널 투어 (SPIRITED AWAY),〈千と千尋の行方不明〉オリジナルツアー（SPIRITED AWAY）
예술의전당 오페라극장,芸術の殿堂オペラ劇場
서울 서초구 남부순환로 2406,ソウル瑞草区南部循環路2406
"예매가능시간: 관람 1시간 전까지화, 목, 19시 30분 / 수, 금, 토 14시, 19시 30분 / 일 14시 (월 공연 없음) ※ 극장, 공연 제작사 및 관계사의 협의에 따라 일부 좌석이 마감되었습니다.",前売り可能時間：観覧1時間前まで火、木、19時30分/水、金、土14時、19時30分/日14時（月公演無し）
2026 가족 라이브 뮤지컬 〈피터팬〉 (서울양천),2026家族ライブミュージカル〈ピーターファン〉（ソウルヤンチョン）
양천문화회관 대극장,陽川文化会館大劇場
서울 양천구 목동서로 367,ソウル楊川区木洞西路367
예매가능시간: 관람 2시간 전까지2026년 4월 4일(토) ~ 4월 5일(일) 11시/ 14시/ 16시,前売可能時間：観覧の2時間前まで2026年4月4日(土)～4月5日(日)11時/14時/16時
2026 가족 뮤지컬 〈오즈의 마법사〉 - 서울양천,2026家族ミュージカル〈オズの魔法使い〉 - ソウル陽川
예매가능시간: 관람 2시간 전까지2026년 4월 11일(토) ~ 4월 12일(일) 11시/ 14시/ 16시,前売可能時間：観覧2時間前まで2026年4月11日(土)～4月12日(日)11時/14時/16時
2026 앤서니브라운 가족뮤지컬 〈우리아빠가최고야〉 - 서울(관악),2026アンソニーブラウンファミリーミュージカル〈ウリアパガ最高高野〉 - ソウル（冠岳）
관악아트홀,冠岳アートホール
서울 관악구 대학동 녹두거리,ソウル冠岳区大学洞緑豆通り
예매가능시간: 전일17시(월~토 관람 시)까지/전일 11시(일요일 관람 시)까지2026년 5월 9일(토) ~ 5월 10일(일) 11시 14시 16시,前売可能時間：前日17時（月～土観覧時）まで／前日11時（日曜日観覧時）まで2026年5月9日（土）～5月10日（日）11時14時16時
가족뮤지컬 〈꼬마버스 타요 - 소원을 들어주는 요술 지팡이 대소동〉 - 강동,ファミリーミュージカル〈子供バスタヨ - 願いを聞く魔術杖大騒動〉 - カンドン
강동아트센터 대극장 한강,江東アートセンター大劇場漢江
서울 강동구 동남로 870,ソウル江東区東南路870
"예매가능시간: 전일17시(월~토 관람 시)까지/전일 11시(일요일 관람 시)까지2026년 4월 18일(토) 11시, 14시, 16시 30분
2026년 4월 19일(일) 11시, 14시","前売可能時間：前日17時（月～土観覧時）まで／前日11時（日曜日観覧時）まで2026年4月18日（土）11時、14時、16時30分
2026年4月19日（日）11時、14時"
가족뮤지컬 〈나의 비밀친구 해치〉 - 서울,家族ミュージカル〈私の秘密の友達ハッチ〉 - ソウル
KT&G 상상마당 대치아트홀,KT&G想像庭園大治アートホール
서울특별시 강남구 영동대로 416 (대치동),ソウル特別市江南区永東大路416（大知洞）
"예매가능시간: 관람 2시간 전까지목,금 16시 / 주말 및 공휴일 11시, 14시 / 월,화,수 공연없음
* 5월 1일(금), 5월 4일(월) 11시, 14시
* 5월 7일(목), 5월 8일(금) 공연없음","前売り可能時間：観覧2時間前まで木、金16時/週末及び祝日11時、14時/月、火、水公演なし
* 5月1日(金)、5月4日(月)11時、14時
* 5月7日(木)、5月8日(金)公演なし"
가족뮤지컬 〈마인블록월드 : 우리가 만드는 세상〉 - 서울,家族ミュージカル〈マインブロックワールド：私たちが作る世界〉 - ソウル
소월아트홀,ソウォルアートホール
서울 성동구 행당1동 행당동 고산자로12길,ソウル城東区行堂1洞行堂洞高山ジャロ12ギル
"예매가능시간: 관람 2시간 전까지평일 16시30분 / 주말 및 공휴일 11시, 14시, 16시30분 / 월,화 공연없음
※ 6월 3일(수) 11시, 14시, 16시30분","前売可能時間：観覧2時間前まで平日16時30分/週末及び祝日11時、14時、16時30分/月、火公演なし
※6月3日（水）11時、14時、16時30分"
가족뮤지컬 〈뽀로로와 신비한 여행〉 - 서울앵콜,家族ミュージカル〈ポロロと神秘的な旅〉 - ソウルアンコール
용산아트홀 대극장 미르,龍山アートホール大劇場ミール
서울 용산구 녹사평대로 150,ソウル龍山区緑寺平大150
"예매가능시간: 관람 2시간 전까지2026년 5월 2일(토) ~ 5월 3일(일) 11시 ,14시, 16시 30분 (총6회차)",前売可能時間：観覧の2時間前まで2026年5月2日（土）～5月3日（日）11時、14時、16時30分（合計6回目）
가족뮤지컬 〈설민석의 한국사 대모험 : 안중근〉 - 서울,家族ミュージカル〈ソルミンソクの韓国史大冒険：安重根〉 - ソウル
"예매가능시간: 관람 2시간 전까지평일 16시 30분 / 주말 및 공휴일 11시, 14시, 16시30분
* 3/28(토), 3/29(일) 11시, 14시
* 월,화 공연없음","前売可能時間：観覧2時間前まで平日16時30分/週末及び祝日11時、14時、16時30分
* 3/28(土)、3/29(日) 11時、14時
*月、火公演なし"
가족뮤지컬 〈에그박사 : 해적 보물섬의 비밀〉 - 서울앵콜,家族ミュージカル〈エグ博士：海賊宝島の秘密〉 - ソウルアンコール
올림픽공원 우리금융아트홀,オリンピック公園ウリ金融アートホール
서울 송파구 올림픽로 424,ソウル松坡区オリンピック路424
"예매가능시간: 관람 2시간 전까지수,목,금 16시 30분 / 주말, 공휴일 11시, 14시, 16시 30분
*6월 3일(수) 14시, 16시 30분","前売り可能時間：観覧2時間前まで水、木、金16時30分/週末、祝日11時、14時、16時30分
*6月3日（水）14時、16時30分"
가족뮤지컬 누가 내 머리에 똥 쌌어 - 서울 강북,家族ミュージカル誰が私の頭にうんざりした - ソウル江北
꿈의숲 아트센터 퍼포먼스홀,夢の森アートセンターパフォーマンスホール
서울 강북구 월계로 173,ソウル江北区月渓路173
"2026년 4월 18일(토) 11시, 13시30분, 16시",2026年4月18日（土）11時、13時30分、16時
가족뮤지컬 아기돼지 삼형제 - 서울 강북,家族ミュージカル赤ちゃん豚三兄弟 - ソウル江北
"2026년 5월 16일(토) 11시, 13시30분, 16시",2026年5月16日（土）11時、13時30分、16時
가족뮤지컬 전설 여우신 - 서울 도봉,家族ミュージカル伝説キツネ - ソウルドボン
도봉구민회관 하모니홀,道奉区民会館ハーモニーホール
서울 도봉구 도봉로 552,ソウル道鳳区道鳳路552
"예매가능시간: 전일17시(월~토 관람 시)까지/전일 11시(일요일 관람 시)까지2026년 5월 9일(토) 11시, 13시30분",前売可能時間：前日17時（月～土観覧時）まで／前日11時（日曜日観覧時）まで2026年5月9日（土）11時、13時30分
겨울이야기,冬の話
"예매가능시간: 전일17시(월~토 관람 시)까지/전일 11시(일요일 관람 시)까지2026년 6월 13일(토) 11시, 2시, 4시",前売可能時間：前日17時（月～土観覧時）まで／前日11時（日曜日観覧時）まで2026年6月13日（土）11時、2時、4時
교실 속 마술대소동! （성동）,教室の中の魔法大騒動！ （城東）
성수아트홀,聖水アートホール
서울 성동구 성수1가2동 왕십리로6길,ソウル城東区城水1街2洞王十里路6ギル
"예매가능시간: 전일17시(월~토 관람 시)까지/전일 11시(일요일 관람 시)까지2026년 6월 6일(토) ~ 6월 7일(일) 11시, 14시",前売可能時間：前日17時（月～土観覧時）まで／前日11時（日曜日観覧時）まで2026年6月6日（土）～6月7日（日）11時、14時
국립창극단 〈보허자(步虛子): 허공을 걷는 자〉,国立槍劇団〈步虛子：虚空を歩く者〉
국립극장 달오름극장,国立劇場月上昇劇場
서울 중구 장충단로 59,ソウル中区長忠団路59
"예매가능시간: 전일17시(월~토 관람 시)까지/전일 11시(일요일 관람 시)까지2026년 3월 19일(목) ~ 3월 29일(일)
화,수,목,금 19:30 / 토,일 15:00","前売可能時間：前日17時（月～土観覧時）まで／前日11時（日曜日観覧時）まで2026年3月19日（木）～3月29日（日）
火、水、木、金19:30 /土、日15:00"
국립창극단 〈절창VI〉,国立昌劇団〈絶唱VI〉
"예매가능시간: 전일17시(월~토 관람 시)까지/전일 11시(일요일 관람 시)까지2026년 4월 24일(금) 19:30
2026년 4월 25일(토) 15:00","前売可能時間：前日17時（月～土観覧時）まで／前日11時（日曜日観覧時）まで2026年4月24日（金）19:30
2026年4月25日(土) 15:00"
국립창극단 〈효명〉,国立創劇団〈孝明〉
국립극장 해오름극장,国立劇場海上劇場
"예매가능시간: 전일17시(월~토 관람 시)까지/전일 11시(일요일 관람 시)까지2026년 6월 23일(화) ~ 6월 28일(일)
화,수,목,금 19:30 / 토,일 15:00","前売可能時間：前日17時（月～土観覧時）まで／前日11時（日曜日観覧時）まで2026年6月23日（火）～6月28日（日）
火、水、木、金19:30 /土、日15:00"
꼬마박사 장영실 - 종로,子供博士チャン・ヨンシル - チョンノ
아이들극장,子供たちの劇場
서울 종로구 성균관로 91,ソウル鍾路区成均館路91
예매가능시간: 전일17시(월~토 관람 시)까지/전일 11시(일요일 관람 시)까지2026년 5월 30일(토) ~ 5월 31일(일) 11시 / 15시,前売可能時間：前日17時（月～土観覧時）まで／前日11時（日曜日観覧時）まで2026年5月30日（土）～5月31日（日）11時/15時
나쁜 말 먹는 괴물,悪い馬を食べるモンスター
명륜아트홀,明輪アートホール
서울특별시 종로구 성균관로 48-2 (명륜1가),ソウル特別市鍾路区成均館路48-2（明輪1街）
"예매가능시간: 전일17시(월~토 관람 시)까지/전일 11시(일요일 관람 시)까지*2월
2월 28일(토) 11:30

*3월
3월 21일(토) 11:30
3월 28일(토) 11:30","前売可能時間：前日17時（月～土観覧時）まで／前日11時（日曜日観覧時）まで*2月
2月28日(土) 11:30

*3月
3月21日(土) 11:30
3月28日(土) 11:30"
난타(NANTA) - 명동공연,ナンタ(NANTA) - 明洞公演
명동난타극장,明洞ナンタ劇場
서울특별시 중구 명동길 26 (명동2가),ソウル特別市中区明洞ギル26（明洞2街）
"예매가능시간: 관람전일 19시 까지▶ 01월 01일(목) ~ 06월 30일(화)평일 17시, 20시 / 토 14시, 17시, 20시 / 일 및 공휴일 14시, 17시※ 05월 05일(화) 14시, 17시, 20시※ 05월 25일(월) 14시, 17시 ※ 06월 03일(수) 17시, 20시※ 06월 06일(토) 14시, 17시, 20시* 공연 스케줄은 변동 가능성 있음",前売可能時間：観覧前日19時まで▶ 01月01日(木)～06月30日(火)平日17時、20時/土14時、17時、20時/日及び祝日14時、17時※05月05日(火)10時14時25日(月)14時、17時 ※06月03日(水)17時、20時※06月06日(土)14時、17時、20時* 公演スケジュールは変動の可能性あり
난타(NANTA) - 홍대공연,ナンタ(NANTA) - 弘大公演
홍대난타극장,弘大ナンタ劇場
서울 마포구 양화로16길 29,ソウル麻浦区ヤンファロ16ギル29
"예매가능시간: 관람전일 19시 까지 ▶ 03월 01일(일) ~ 06월 30일(화)수~금 17시 / 토 14시, 17시 / 일 14시 (월,화 공연 없음)※ 04월 06일(월) 17시※ 04월 07일(화) 17시※ 05월 03일(일) 14시, 17시※ 05월 04일(월) 17시※ 05월 05일(화) 14시, 17시※ 05월 24일(일) 14시, 17시※ 05월 25일(월) 14시 * 공연 스케줄은 변동 가능성 있음",前売可能時間：観覧前日19時まで ▶ 03月01日(日)～06月30日(火)水～金17時/土14時、17時/日14時(月、火公演なし)※04月06日(月)17時※04月07 03日(日)14時、17時※05月04日(月)17時※05月05日(火)14時、17時※05月24日(日)14時、17時※05月25日(月)14時 *公演スケジュール
더 트라이브,ザ・トライブ
세종문화회관 M씨어터,世宗文化会館Mシアター
서울 종로구 세종대로 175,ソウル鍾路区世宗大路175
"예매가능시간: 관람 2시간 전까지화,수,목,금 오후 7시 30분 / 토 오후 3시, 7시 / 일 오후 3시",前売り可能時間：観覧2時間前まで火、水、木、金午後7時30分/土午後3時、7時/日午後3時
도서관에 간 여우,図書館に行ったキツネ
"예매가능시간: 전일17시(월~토 관람 시)까지/전일 11시(일요일 관람 시)까지2026년 3월 14일(토) 11:30, 14:00 
2026년 3월 21일(토) 11:30, 14:00
2026년 4월 12일(일) 11:30, 14:00","前売可能時間：前日17時（月～土観覧時）まで／前日11時（日曜日観覧時）まで2026年3月14日（土）11:30、14:00 
2026年3月21日（土）11:30、14:00
2026年4月12日(日) 11:30, 14:00"
로맨틱 뮤지컬 〈투모로우 모닝〉,ロマンチックミュージカル〈トゥモローモーニング〉
큐씨어터,キューシアター
서울 종로구 대학로8가길 79,ソウル鍾路区大学路8街道79
"예매가능시간: 관람 2시간 전까지화,목,금 7시 30분 / 수 4시, 7시 30분 / 토 3시, 6시 30분 / 일(공휴일) 2시",前売可能時間：観覧2時間前まで火、木、金7時30分/水4時、7時30分/土3時、6時30分/日(祝日)2時
명작 가족뮤지컬 〈오즈의 마법사〉,名作家族ミュージカル〈オズの魔法使い〉
달밤엔씨어터,月夜はシアター
서울특별시 종로구 대학로14길 18-2 (혜화동),ソウル特別市鍾路区大学路14ギル18-2 (恵化洞)
"예매가능시간: 관람전일 23시까지

-3/1까지
매주 토요일 1시
*3/1(일) 1시

-3/7부터
매주 토요일 2시","前売可能時間：観覧前日23時まで

-3/1まで
毎週土曜日1時
*3/1(日) 1時

-3/7から
毎週土曜日2時"
문나이트 댄스 뮤지컬,ムーンナイトダンスミュージカル
숭실대학교 한경직기념관,崔シル大学ハンギョンジク記念館
서울특별시 동작구 상도로 369 (상도동),ソウル特別市東区369（上島洞）
예매가능시간: 전일17시(월~토 관람 시)까지/전일 11시(일요일 관람 시)까지2026년 3월 21일(토) 18시,前売可能時間：前日17時（月～土観覧時）まで／前日11時（日曜日観覧時）まで2026年3月21日（土）18時
뮤지컬 〈걸프렌드〉,ミュージカル〈ガールフレンド〉
백암아트홀,白岩アートホール
서울특별시 강남구 테헤란로113길 7 (삼성동),ソウル特別市江南区テヘランロ113ギル7（サムソンドン）
"예매가능시간: 관람 2시간 전까지평일 : 19시 30분 / 토요일 : 14시,18시 / 일,공휴일 : 15시
* 월요일 공연없음. 단, 5월 25일 15시 / 5월 26일 공연 없음","前売可能時間：観覧2時間前まで平日：19時30分/土曜日：14時、18時/日、祝日：15時
*月曜日公演なし。ただし、5月25日15時/5月26日公演なし"
뮤지컬 〈김종욱 찾기〉,ミュージカル〈キム・ジョンウクを探す〉
대학로 틴틴홀,大学路 ティンティンホール
서울 종로구 대학로10길 24,ソウル鍾路区大学路10ギル24
"예매가능시간: 관람 1분 전까지평일 : 2시, 5시, 8시 
주말 및 공휴일 : 1시, 3시 10분, 5시 30분, 7시 40분","前売可能時間：観覧の1分前まで平日：2時、5時、8時 
週末と祝日：1時、3時10分、5時30分、7時40分"
뮤지컬 〈너를 위한 글자〉,ミュージカル〈君のための文字〉
링크아트센터드림 드림4관,リンクアートセンタードリームドリーム4館
서울 종로구 대학로 124,ソウル鍾路区大学路124
"예매가능시간: 관람 2시간 전까지화,수,목,금 8시 | 토 3시, 7시 | 일 및 공휴일 2시, 6시 (월 공연 없음)",前売り可能時間：観覧2時間前まで火、水、木、金8時|土3時、7時|日・祝日2時、6時(月公演なし)
뮤지컬 〈담배가게 아가씨〉,ミュージカル〈タバコ屋のお嬢様〉
대학로 하마씨어터,大学路浜シアター
서울 종로구 대학로10길 15,ソウル鍾路区大学路10ギル15
3월 8일 (일) 5시[송연화 역] 조윤슬 -> 정유나3/14(토) 2시[송창식 역] 정재욱 > 박형준3/14(토) 5시 [송창식 역] 박형준 > 정재욱3월 22일 (일) 2시 [송창식 역] 김율 --> 정재욱3/22(일) 2시 [송연화 역] 오승희 --> 강유진3월 22일 (일)  5시 [예가람 역]박태준-> 리키3/22(일) 5시[송연화 역] 강유진 > 오승희 3월 25일 (수) 7시30분 [예가람 역] 리키-> 박태준 3/27(금) 19시 30분[방수애 역] 우서라 --> 서태인 3/28(토) 5시[방수애 역] 서태인 --> 우서라 (*막공) 3/29(일) 5시[송창식 역] 정재욱 --> 김율 (*막공),3月8日（日）5時[ソン・ヨンファ役]チョ・ユンスル ->チョン・ユナ3/14(土)2時[ソン・チャンシク役]チョン・ジェウク>パク・ヒョンジュン3/14(土)5時 2時[ソン・ヨンファ駅]オ・スンヒ ->カン・ユジン3月22日(日) 5時 [イェガラム駅]パク・テジュン->リキ3/22(日)5時[ソン・ヨンファ役] 19時30分[防水愛役]ウソラ->ソ・テイン 3/28(土) 5時[防水愛役]ソ・テイン->ウソラ(*終末) 3/29(日)5時[ソン・チャンシク役]チョン・ジェウク-->キム・ユル(*幕公)
뮤지컬 〈더 테일 에이프릴 풀스〉,ミュージカル〈ザテールエイプリルフルス〉
예스24스테이지 2관,イエス24ステージ2館
서울 종로구 대학로12길 21,ソウル鍾路区大学路12ギル21
"예매가능시간: 관람 2시간 전까지화, 목, 금 8시 / 수 4시, 8시 / 주말 및 공휴일 2시, 6시 (월 공연 없음, 일자별 상이)",前売可能時間：観覧2時間前まで火、木、金8時/水4時、8時/週末及び祝日2時、6時（月公演なし、日別別）
뮤지컬 〈디아길레프〉,ミュージカル〈ディアギレフ〉
예스24아트원 1관,イエス24アートワン1館
서울 종로구 대학로12길 83,ソウル鍾路区大学路12ギル83
"예매가능시간: 관람 2시간 전까지화, 목, 금 8시 / 수 4시, 8시 / 토 3시, 7시 / 일, 공휴일 2시, 6시 / 월 공연 없음",前売可能時間：観覧2時間前まで火、木、金8時/水4時、8時/土3時、7時/日、祝日2時、6時/月公演なし
뮤지컬 〈로미오와 줄리엣〉,ミュージカル〈ロミオとジュリエット〉
한전아트센터,韓電アートセンター
서울특별시 서초구 효령로72길 60 (서초동),ソウル特別市瑞草区孝寧路72ギル60（瑞草洞）
"예매가능시간: 전일17시(월~토 관람 시)까지/전일 11시(일요일 관람 시)까지화~금요일 : 오후 7시30분 / 토요일 : 오후 2시, 오후 7시 / 일요일 : 오후 2시

※ 단, 3월 25일, 4월 01일 수요일 14시 30분, 19시 30분 - 2회차","前売可能時間：前日17時（月～土観覧時）まで／前日11時（日曜日観覧時）まで火～金曜日：午後7時30分／土曜日：午後2時、午後7時／日曜日：午後2時

※ただし、3月25日、4月01日水曜日14時30分、19時30分 - 2回目"
뮤지컬 〈몽유도원〉,ミュージカル〈モンユドウォン〉
샤롯데씨어터,シャロッテシアター
서울특별시 송파구 올림픽로 240 (잠실동),ソウル特別市松坡区オリンピック路240（蚕室洞）
"예매가능시간: 전일17시(월~토 관람 시)까지/전일 11시(일요일 관람 시)까지화, 목 : 19시 30분 / 수, 금 : 14시 30분, 19시 30분 / 토, 공휴일 : 14시, 19시 / 일 : 14시 (월요일 공연 없음)
※ 5/5(화) 19시 공연","前売可能時間：前日17時（月～土観覧時）まで／前日11時（日曜日観覧時）まで火、木：19時30分/水、金：14時30分、19時30分/土、祝日：14時、19時/日：14時
※5/5(火)19時公演"
뮤지컬 〈비틀쥬스〉,ミュージカル〈ビートルジュース〉
LG아트센터 서울 LG SIGNATURE 홀,LGアートセンターソウルLG SIGNATUREホール
서울 강서구 마곡중앙로 136,ソウル江西区麻谷中央路136
"예매가능시간: 관람 3시간 전까지화, 수, 목, 금 8시 / 주말 및 공휴일 2시, 7시 (월 공연 없음)

※ 3/11(수), 3/18(수) 2시 30분 공연 있음
※ 3/22(일) 7시 공연 없음

※ 회차별 1인 4매
※ 극장, 공연제작사 및 관계사의 협의에 따라 일부 좌석이 마감되었습니다.","前売可能時間：観覧3時間前まで火、水、木、金8時/週末及び祝日2時、7時（月公演なし）

※3/11(水)、3/18(水)2時30分公演あり
※3/22(日)7時公演なし

※回差別1人4枚
※劇場、公演制作会社及び関係会社の協議により一部座席が締め切りました。"
뮤지컬 〈빌리 엘리어트〉,ミュージカル〈ビリーエリオット〉
블루스퀘어 우리은행홀,ブルースクエアウリ銀行ホール
서울 용산구 이태원로 294,ソウル龍山区梨泰院路294
"예매가능시간: 관람 3시간 전까지화-금 7시 30분ㅣ토,일 2시, 7시 (월 공연 없음)

* 4/12(일) 7시 1회 공연
* 5/1(금) 2시, 7시 2회 공연
* 5/3(일) 2시 1회 공연
* 5/5(화) 2시, 7시 2회 공연
* 5/15(금) 2시 30분, 7시 30분 2회 공연
* 5/17(일) 2시 1회 공연

※ 4/25(토) 2시 공연은 전관으로 판매 마감되었습니다.
※ 극장, 공연제작사 및 관계사의 협의에 따라 일부 좌석이 마감되었습니다.","前売可能時間：観覧3時間前まで火-金7時30分ㅣ土、日2時、7時（月公演なし）

* 4/12(日) 7時1回公演
* 5/1(金)2時、7時2回公演
* 5/3(日) 2時1回公演
* 5/5(火)2時、7時2回公演
* 5/15(金) 2時30分、7時30分2回公演
* 5/17(日) 2時1回公演

※4/25(土)2時公演は全館で販売締め切りました。
※劇場、公演制作会社及び関係会社の協議により一部座席が締め切りました。"
뮤지컬 〈빨래〉,ミュージカル〈洗濯物〉
NOL 유니플렉스 2관,NOLユニプレックス2管
서울특별시 종로구 동숭동 1-94,ソウル特別市鍾路区東崇洞1-94
▶ 3월 13일(금) 19:30 구씨│한우열 → 김영환▶ 3월 18일(수) 19:30 구씨│한우열 → 김영환▶ 3월 19일(목) 19:30 구씨│안두호 → 유우헌,▶3月13日(金) 19:30 ク氏│韓友烈→キム・ヨンファン▶ 3月18日(水) 19:30 ク氏│韓友烈→キム・ヨンファン▶ 3月19日(木) 19:30 ク氏│アンドゥホ→ユ・ウホン
뮤지컬 〈슈퍼거북 슈퍼토끼〉 - 서울숲,ミュージカル〈スーパーカメスーパーウサギ〉 - ソウルの森
서울숲 씨어터 2관,ソウル森シアター2館
서울 성동구 뚝섬로 273,ソウル城東区トゥクソムロ273
"예매가능시간: 관람 3시간 전까지▶3월 공연정보(3/21~3/31)평일 공연없음 | 토요일 11시, 2시, 4시 | 일요일 및 공휴일 11시, 2시** 단, 3.24(화) 11시▶4-5월 공연정보(4/1~5/10)금 11시 | 주말 및 공휴일 11시, 2시** 단, 4.8(수), 4.14(화), 4.21(화), 4.23(목) 11시** 단, 5.1(금), 5.4(월) 11시 14시 / 5.5(화) 11시 2시 4시- 2차 티켓오픈 일시: 2026년 3월 11일(수)- 2차 티켓오픈 공연 기간: 2026년 4월 14일(화) ~ 5월 10일(일)",前売可能時間：観覧3時間前まで▶3月公演情報（3/21～3/31）平日公演なし土曜日11時、2時、4時|日曜日及び祝日11時、2時** ただし、3.24(火)11時▶4-5月公演情報(4/1～5/10)金11時|週末および祝日11時、2時**但し、4.8(水)、4.14(火)、4.21(火)、4.23(木)11時**但し、5.1(金)、5.4(月)11時14時/5.5(火)11時2時6時4時3月11日(水)- 2次チケットオープン公演期間：2026年4月14日(火)～5月10日(日)
뮤지컬 〈스윙 데이즈_암호명 A〉,ミュージカル〈スイングデイズ_パスワード名A〉
충무아트센터 대극장,忠武アートセンター大劇場
서울 중구 퇴계로 387,ソウル中区退渓路387
"예매가능시간: 관람 3시간 전까지화 - 목 19시 30분 / 금 14시 30분, 19시 30분 / 토 14시, 19시 / 일 15시 (월 공연 없음)단, 05/01(금), 05/05(화), 05/24(일) 14시, 19시 공연     05/25(월) 15시 공연     05/26(화) 공연없음",前売可能時間：観覧3時間前まで火 - 木19時30分/金14時30分、19時30分/土14時、19時/日15時（月公演なし）但し、05/01(金)、05/05(火)、05/24(日) 05/25(月) 15時公演   05/26(火) 公演なし
뮤지컬 〈스윙 데이즈_암호명 A〉공연예매권,ミュージカル〈スイングデイズ_パスワード名A〉公演前売券
"화 - 목 19시 30분 / 금 14시 30분, 19시 30분 / 토 14시, 19시 / 일 15시 (월 공연 없음)",火 - 木19時30分/金14時30分、19時30分/土14時、19時/日15時(月公演なし)
"뮤지컬 〈어서 오세요, 휴남동 서점입니다〉 - 서울",ミュージカル〈お越しください、休南洞書店です〉 - ソウル
루미나아트홀,ルミナアートホール
서울 종로구 대학로8가길 52,ソウル鍾路区大学路8街道52
[캐스팅 변경 안내]03/11(수) 기준 일부 캐스팅이 변경 되었습니다.* 캐스팅 변경은 하단 캐스팅 이미지에 형광 표시되어 있으니 참고 부탁드립니다.,［キャスト変更案内］03/11（水）基準 一部キャストが変更されました。
"뮤지컬 〈어서 오세요, 휴남동 서점입니다〉 - 서울(4월)",ミュージカル〈お越しください、休南洞書店です〉 - ソウル(4月)
"예매가능시간: 전일17시(월~토 관람 시)까지/전일 11시(일요일 관람 시)까지수~금 19:30 / 토 14:00, 17:00 / 일 14:00 / 월,화 휴관",前売可能時間：前日17時（月～土観覧時）まで／前日11時（日曜日観覧時）まで数～金19:30／土14:00、17:00／日14:00／月、火休館
뮤지컬 〈여명의 눈동자〉 연장공연,ミュージカル〈女性の瞳〉延長公演
Converse Stage Arena “여명”,Converse Stage Arena 「女名」
서울 동작구 현충로 213,ソウル市東区洞洞213
뮤지컬<여명의눈동자> 당일 캐스팅 변경 안내 * 3월 13일(금) 7시30분 대치役 김준현 → 정시욱 3/13(금) 7시 30분 당일 캐스팅이 변경 되어 안내드립니다.캐스팅 변경으로 인한 취소 및 환불은 미수령건에 한하여 일괄적으로 처리될 예정입니다. 관람에 불편을 드려 죄송합니다.관객분들의 너른 양해 부탁드립니다.감사합니다.,ミュージカル<女性の瞳>当日キャスティング変更案内* 3月13日(金) 7時30分 代理役 キム・ジュンヒョン → チョン・シウク 観覧にご迷惑をおかけして申し訳ありません。
뮤지컬 〈우리의 보통날들〉 리딩 쇼케이스,ミュージカル〈私たちの普通の日〉リーディングショーケース
파랑새극장,青い鳥劇場
서울 종로구 대학로 116,ソウル鍾路区大学路116
"예매가능시간: 전일17시(월~토 관람 시)까지/전일 11시(일요일 관람 시)까지공연시간 : 오후 8시 (1회 공연) 
※ 공연 시간은 90분이며, 인터미션은 없습니다.
※ 공연 시작 30분 전부터 입장 가능합니다.","前売可能時間：前日17時（月～土観覧時）まで／前日11時（日曜日観覧時）まで公演時間：午後8時（1回公演） 
※公演時間は90分で、インターミッションはありません。
※公演開始30分前から入場可能です。"
뮤지컬 〈은밀하게 위대하게:THE LAST〉 - 10주년 기념 공연,ミュージカル〈秘密に偉大に：THE LAST〉 - 10周年記念公演
NOL 씨어터 대학로 우리카드홀,NOLシアター大学路ウリカードホール
서울 종로구 동숭길 100,ソウル鍾路区猿道100
"예매가능시간: 관람 3시간 전까지화-금요일 오후 7시 30분
토,일요일 및 공휴일 오후 2시 / 6시 30분","前売可能時間：観覧3時間前まで火-金曜日午後7時30分
土、日曜日、祝日の午後2時/6時30分"
뮤지컬 〈적토〉,ミュージカル〈赤土〉
SH아트홀,SHアートホール
서울특별시 종로구 동숭길 25 (동숭동),ソウル特別市鍾路区東崇路25
"예매가능시간: 관람 3시간 전까지평일 20시 / 토요일 15시, 19시 / 일요일 및 공휴일 14시, 18시 (월 공연없음)
* 단, 3/7(토) 19시, 3/8(일) 18시 공연 (1회 공연)","前売可能時間：観覧3時間前まで平日20時/土曜日15時、19時/日曜日および祝日14時、18時（月公演なし）
* ただし、3/7(土)19時、3/8(日)18時公演(1回公演)"
뮤지컬 〈전설의 리틀 농구단〉,ミュージカル〈伝説のリトルバスケットボール団〉
플러스씨어터,プラスシアター
서울 종로구 대학로12길 73,ソウル鍾路区大学路12ギル73
"예매가능시간: 관람 2시간 전까지평일 8시 | 토 오후 3시, 7시 | 일 2시, 6시 (월 공연 없음)",前売り可能時間：観覧2時間前まで平日8時|土午後3時、7時|日2時、6時(月公演なし)
뮤지컬 〈킹키부츠〉,ミュージカル〈キングキーブーツ〉
"예매가능시간: 관람 4시간 전까지화, 목, 금 7시 30분 / 수 2시 30분, 7시 30분 / 토, 일, 공휴일 2시, 7시 / 월 공연 없음

※ 3/11(수) 2시 30분, 3/29(일) 7시 공연 없음
※ 극장, 공연제작사 및 관계사의 협의에 따라 일부 좌석이 마감되었습니다.","前売可能時間：観覧4時間前まで火、木、金7時30分/水2時30分、7時30分/土、日、祝日2時、7時/月公演なし

※3/11(水)2時30分、3/29(日)7時公演なし
※劇場、公演制作会社及び関係会社の協議により一部座席が締め切りました。"
"뮤지컬 〈태권, 날아올라〉",ミュージカル〈テコン、飛び上がる〉
국립중앙박물관 극장 용,国立中央博物館劇場用
서울특별시 용산구 서빙고로 137 (용산동6가),ソウル特別市龍山区サービンゴロ137 (龍山洞6街)
"예매가능시간: 관람 3시간 전까지수 17:00, 19:30 / 목, 금 17:00 / 토 11:00, 14:00, 16:30 / 일 11:00, 14:00(월, 화 공연 없음)*4/4(토) 14:00, 16:30 (2회 공연)*4/8(수) 19:30 (1회 공연)*5/5(화, 어린이날) 11:00, 14:00, 16:30 (3회 공연)*5/25(월, 석가탄신일 대체휴일) 11:00, 14:00 (2회 공연) *5/15(금) 17:00, 5/16(토) 14:00 공연은단체 전관행사로 인해 판매 마감되었습니다.","前売可能時間：観覧3時間前まで数17:00、19:30/木、金17:00/土11:00、14:00、16:30/日11:00、14:00(月、火公演なし)*4/4(土)14:00公演)*4/8(水) 19:30 (1回公演)*5/5(火,こどもの日) 11:00, 14:00, 16:30 (3回公演)*5/25(月, 釈迦誕生日代替休日) 11:00, 14:00 (2回公演) * 5/16(土) 14:00公演は団体全館行事のため販売終了となりました。"
뮤지컬 〈팬레터〉 10주년 기념 앵콜 공연,ミュージカル〈ファンレター〉10周年記念アンコール公演
홍익대 대학로 아트센터 대극장,弘益大大学路アートセンター大劇場
서울 종로구 대학로 57,ソウル鍾路区大学路57
"예매가능시간: 관람 2시간 전까지화,수,목 19:30 / 금 15:00, 19:30 / 주말 및 공휴일 14:00, 18:30 (월요일 공연 없음)",前売り可能時間：観覧2時間前まで火、水、木19:30 /金15:00、19:30/週末及び祝日14:00、18:30（月曜日公演なし）
뮤지컬 〈헤이그〉,ミュージカル〈ハーグ〉
NOL 유니플렉스 1관,NOLユニプレックス1管
서울 종로구 대학로12길 64,ソウル鍾路区大学路12ギル64
"예매가능시간: 관람 3시간 전까지화, 수, 목 8시 ㅣ 금 4시, 8시 ㅣ 토 3시 7시 ㅣ 일, 공휴일 2시, 6시
(월 공연 없음)","前売可能時間：観覧3時間前まで火、水、木8時ㅣ金4時、8時ㅣ土3時7時ㅣ日、祝日2時、6時
(月公演なし)"
뮤지컬 〈홍련〉,ミュージカル〈紅蓮〉
충무아트센터 중극장 블랙,忠武アートセンター中劇場ブラック
"예매가능시간: 관람 2시간 전까지화, 수, 금 20시 / 목 16시, 20시 / 토 15시, 19시 / 일, 공휴일 14시, 18시 (월 공연 없음)
* 3/2(월) 17시 공연","前売可能時間：観覧2時間前まで火、水、金20時/木16時、20時/土15時、19時/日、祝日14時、18時（月公演なし）
* 3/2(月)17時公演"
뮤지컬 〈ROGER〉,ミュージカル〈ROGER〉
NOL 서경스퀘어 스콘 2관,NOL西京スクエアスコーン2管
서울 종로구 동숭길 148,ソウル鍾路区猿道148
"예매가능시간: 관람 3시간 전까지화, 목, 금 8시 / 수 4시, 8시 / 토, 일, 공휴일 2시, 6시 / 월 쉼",前売可能時間：観覧3時間前まで火、木、金8時/水4時、8時/土、日、祝日2時、6時/月休み
뮤지컬 〈The Face〉,ミュージカル〈The Face〉
후암스테이지,フアムステージ
서울특별시 종로구 대학로11길 23 (명륜4가),ソウル特別市鍾路区大学路11ギル23（明倫4街）
"예매가능시간: 관람 2시간 전까지[화,수,목,금] 20:00 / [토] 15:00, 19:00 / [일] 14:00, 18:00
*4/18(토) 15시 공연없음
*4/26(일) 18시 공연없음
*월 공연없음","前売可能時間：観覧の2時間前まで[火、水、木、金] 20:00 / [土] 15:00、19:00 / [日] 14:00、18:00
*4/18(土) 15時公演なし
*4/26(日) 18時公演なし
*月公演なし"
뮤지컬 내 친구 유관순,ミュージカル私の友達ユ・グァンスン
경복궁아트홀,景福宮アートホール
서울특별시 종로구 자하문로 82 (효자동),ソウル特別市鍾路区ジャハムンロ82（ヒョジャドン）
"예매가능시간: 전일17시(월~토 관람 시)까지/전일 11시(일요일 관람 시)까지토, 일, 공휴일 오후 2시
평일 11시 (30명 이상 단체-공연 기획사와 일정 협의 후 구매 가능)","前売可能時間：前日17時（月～土観覧時）まで／前日11時（日曜日観覧時）まで土、日、祝日午後2時
平日11時（30名以上団体-公演企画会社と日程協議後購入可能）"
뮤지컬 님만헤민게스트하우스,ミュージカルニンマンヘミンゲストハウス
선돌극장,サンドルシアター
서울특별시 종로구 혜화로5길 5 (명륜1가),ソウル特別市鍾路区恵化路5ギル5（明倫1街）
"예매가능시간: 전일17시(월~토 관람 시)까지/전일 11시(일요일 관람 시)까지화수목금 7시30분 / 토 4시 / 일요일,공휴일 3시 / 설날당일공연없음, 월쉼",前売り可能時間：前日17時（月～土観覧時）まで／前日11時（日曜日観覧時）まで火水木金7時30分／土4時／日曜日、祝日3時／正月当日公演なし、月休み
뮤지컬 데스노트(The Musical Death Note),ミュージカルデスノート(The Musical Death Note)
"예매가능시간: 관람 3시간 전까지화 19시 / 수 14시, 19시 / 목,금 19시 30분 / 토,일,공휴일 14시, 19시(월요일 공연없음)
* 3/2(월) 19시 공연","前売可能時間：観覧3時間前まで火19時/水14時、19時/木、金19時30分/土、日、祝日14時、19時（月曜日公演なし）
* 3/2(月)19時公演"
뮤지컬 마크,ミュージカルマーク
CTS아트홀,CTSアートホール
서울 동작구 노량진로 100,ソウル洞区ノリャンジンロ100
"마크 -  전유빈, 오하윤폴 -  서승원, 안지후 바나바 - 구동욱, 임하람 메리 - 김유진, 정재희 줄리아 - 김은애, 강한별 조이 - 임성하, 차단비",マーク - チョン・ユビン、オ・ハユンポール - ソ・スンウォン、アン・ジフ・バナバ - ドライ・ウク、イム・ハラムメリー - キム・ユジン、チョン・ジェヒジュリア - キム・ウンエ、強いスタージョイ - イム・ソンハ
뮤지컬 서편제,ミュージカル西編祭
광림아트센터 BBCH홀,光林アートセンターBBCHホール
서울 강남구 논현로163길 33,ソウル江南区ノンヒョンロ163ギル33
"예매가능시간: 관람 3시간 전까지평일 19시 30분 /  토 15시, 19시 30분 / 일, 공휴일 14시, 18시 30분 (월 공연없음)
* 5/3(일) 18시 30분 공연없음, 5/6(수) 공연없음","前売可能時間：観覧3時間前まで平日19時30分/土15時、19時30分/日、祝日14時、18時30分（月公演なし）
* 5/3(日) 18時30分公演なし、5/6(水)公演なし"
뮤지컬 스크루테이프의 편지,ミュージカルスクリューテープの手紙
"예매가능시간: 전일17시(월~토 관람 시)까지/전일 11시(일요일 관람 시)까지금 19:00 / 토 13:00

* 5월1일(금), 5월5일(화), 5월25일(월), 6월3일(수), 6월8일(월), 7월17일(금), 8월17일(월) 13:00
* 5월8일(금), 5월29일(금), 6월5일(금), 8월21일(금) 공연없음","前売可能時間：前日17時（月～土観覧時）まで／前日11時（日曜日観覧時）まで金19:00 /土13:00

* 5月1日(金)、5月5日(火)、5月25日(月)、6月3日(水)、6月8日(月)、7月17日(金)、8月17日(月)13:00
* 5月8日(金)、5月29日(金)、6月5日(金)、8月21日(金)公演なし"
뮤지컬 안나 카레니나,ミュージカルアンナカレニーナ
세종문화회관 대극장,世宗文化会館大劇場
"예매가능시간: 관람 2시간 전까지2026년 2월 20일(금) ~ 3월 29일(일)
화,목,금 오후 7시 30분 / 수 오후 2시30분, 7시30분 / 토 오후 2시, 7시 / 일 및 공휴일 오후 1시, 6시 / 월 공연 없음","前売可能時間：観覧2時間前まで2026年2月20日(金)～3月29日(日)
火、木、金午後7時30分/水午後2時30分、7時30分/土午後2時、7時/日及び祝日午後1時、6時/月公演なし"
뮤지컬 오렌지 스카이,ミュージカルオレンジスカイ
"예매가능시간: 전일17시(월~토 관람 시)까지/전일 11시(일요일 관람 시)까지금요일 오후 7시30분 
토요일,일요일,공휴일 오후 5시30분
(4월2일 목요일 오후 7시 30분공연)","前売可能時間：前日17時（月～土観覧時）まで／前日11時（日曜日観覧時）まで金曜日午後7時30分 
土曜日、日曜日、祝日の午後5時30分
（4月2日木曜日午後7時30分公演）"
뮤지컬 천로역정,ミュージカルチョンロ駅
"예매가능시간: 전일17시(월~토 관람 시)까지/전일 11시(일요일 관람 시)까지- 토 15:00,목 19:00 (4월 9일~ 토 16:00,목 19:00)

3월2일 15:00 공연있음.
5월5일(화), 5월25일(월) 16:00 공연있음.
6월4일(목), 7월16일(목), 8월20일(목) 공연없음.
6월3일(수), 7월17일(금), 8월17일(월) 16:00 공연있음.","前売可能時間：前日17時（月～土観覧時）まで／前日11時（日曜日観覧時）まで－土15:00、木19:00（4月9日～土16:00、木19:00）

3月2日 15:00 公演あり。
5月5日(火)、5月25日(月)16:00公演あり。
6月4日(木)、7月16日(木)、8月20日(木)公演なし。
6月3日(水)、7月17日(金)、8月17日(月)16:00公演あり。"
뮤지컬 헝키쇼 (HUNKY SHOW),ミュージカルハンキショー（HUNKY SHOW）
스타스테이지,スターステージ
서울특별시 종로구 대학로12길 15(동숭동),ソウル特別市鍾路区大学路12ギル15(東崇洞)
"예매가능시간: 관람 3시간 전까지수,목,금 20시 / 토,공휴일 15시, 19시 / 일 15시 (월,화 공연없음)",前売可能時間：観覧3時間前までの水、木、金20時/土、祝日15時、19時/日15時（月、火公演なし）
뮤지컬 헬로카봇 스페셜 시즌9 〈전설의 용사를 찾아서〉 어린이날 특별 공연,ミュージカルハローカーボットスペシャルシーズン9〈伝説の勇者を求めて〉こどもの日特別公演
"예매가능시간: 전일17시(월~토 관람 시)까지/전일 11시(일요일 관람 시)까지2026년 5월 3일(일) 11시, 14시
2026년 5월 5일(화) 11시, 14시, 16시30분","前売可能時間：前日17時（月～土観覧時）まで／前日11時（日曜日観覧時）まで2026年5月3日（日）11時、14時
2026年5月5日（火）11時、14時、16時30分"
뮤지컬펍 스폿라이트,ミュージカルパブスポットライト
서울 종로구 대명1길 7,ソウル鍾路区大明1ギル7
"예매가능시간: 전일17시(월~토 관람 시)까지/전일 11시(일요일 관람 시)까지<3월>
월요일,화요일 : 공연없음(매주휴무일)
수-금요일 : 19:00
토,일요일 : 17:00

〈4월〉
월요일,화요일 : 공연없음(매주휴무일)
수-금요일 : 19:00
토,일요일 : 17:00","前売可能時間：前日17時（月～土観覧時）まで／前日11時（日曜日観覧時）まで＜3月＞
月曜日、火曜日：公演なし（毎週休業日）
水～金曜日：19:00
土、日曜日：17:00

〈4月〉
月曜日、火曜日：公演なし（毎週休業日）
水～金曜日：19:00
土、日曜日：17:00"
베베핀 뮤지컬 〈두근두근 새친구〉,ベベピンミュージカル〈ドキドキ鳥友達〉
"예매가능시간: 관람 3시간 전까지2026년 5월 3일(일) ~ 5월 5일(화)11시, 14시, 16시30분",前売可能時間：観覧3時間前まで2026年5月3日(日)～5月5日(火)11時、14時、16時30分
신데렐라,シンデレラ
"예매가능시간: 전일17시(월~토 관람 시)까지/전일 11시(일요일 관람 시)까지2026년 5월 17일(일) 11시, 2시, 4시",前売可能時間：前日17時（月～土観覧時）まで／前日11時（日曜日観覧時）まで2026年5月17日（日）11時、2時、4時
심포니 오브 뮤지컬 Ⅰ: 김문정의 Cook the Music,シンフォニーオブミュージカルⅠ：キム・ムンジョンのCook the Music
"[공연소개]

대한민국 뮤지컬의 마에스트로 김문정이 무대의 ＇총괄 셰프＇로 변신합니다.
음악이 탄생하는 단 하나의 주방! 김문정의 〈Cook the Music〉
김문정 셰프가 정성껏 차려낸 푸짐한 ‘음악 한 상, ’지휘봉 끝에서 탄생하는 가장 완벽한 레시피!
김문정 음악감독과 뮤지컬 배우 김주택, 이지수, 8인의 앙상블, 오케스트라가 빚어내는 압도적인 무대!
강동아트센터에서 펼쳐지는 특별한 다이닝에 당신을 초대합니다.","【公演紹介】

大韓民国ミュージカルのマエストロキム・ムンジョンが舞台の「総括シェフ」に変身します。
音楽が誕生する唯一のキッチン！キム・ムンジョンの〈Cook the Music〉
キム・ムンジョンシェフが丁寧に披露したボリュームたっぷりの「音楽賞」、指揮棒の先端から誕生する最も完璧なレシピ！
キム・ムンジョン音楽監督とミュージカル俳優キム・ジュテク、イ・ジス、8人のアンサンブル、オーケストラが醸し出す圧倒的な舞台！
江東アートセンターで行われる特別なダイニングにあなたを招待します。"
싱어롱뮤지컬 브레드이발소 〈브레드와 윌크의 세계여행〉 - 서울,シンガーロングミュージカルブレッド理髪店〈ブレッドとウィルクの世界旅行〉 - ソウル
"예매가능시간: 전일17시(월~토 관람 시)까지/전일 11시(일요일 관람 시)까지2026년 4월 4일(토) 11시, 2시, 4시30분
2026년 4월 5일(일) 11시, 2시","前売可能時間：前日17時（月～土観覧時）まで／前日11時（日曜日観覧時）まで2026年4月4日（土）11時、2時、4時30分
2026年4月5日（日）11時、2時"
알라딘과 요술램프,アラジンと魔術ランプ
도봉구민회관 대공연장,道奉区民会館大公演場
서울 도봉구 마들로 656,ソウル道鳳区マドロ656
"예매가능시간: 전일17시(월~토 관람 시)까지/전일 11시(일요일 관람 시)까지2026년 4월 22일(수) 10시10분, 11시10분",前売可能時間：前日17時（月～土観覧時）まで／前日11時（日曜日観覧時）まで2026年4月22日（水）10時10分、11時10分
어린이 서커스 마술쇼 - 서울 강동,子供サーカスマジックショー - ソウル江東
강동구민회관 대강당,江東区民会館大講堂
서울 강동구 상암로 168,ソウル江東区上岩路168
어린이 체험학습 뮤지컬 〈틀려도 괜찮아〉 - 마포,子供体験学習ミュージカル〈間違っても大丈夫〉 - 麻浦
마포아트센터 플레이맥,マポアートセンタープレイマック
"2026년 5월 6일(토) 14:00, 16:00
2026년 5월 17일(일) 11:00, 14:00, 16:00","2026年5月6日（土）14:00、16:00
2026年5月17日(日) 11:00、14:00、16:00"
어린이참여뮤지컬 아기돼지삼형제 (늑대숲 또옹돼지 원정대),子供参加ミュージカル赤ちゃん豚三兄弟
대학로 라온씨어터,大学路ラオンシアター
서울 종로구 대학로10길 12,ソウル鍾路区大学路10ギル12
"예매가능시간: 관람 2시간 전까지[03월 공연일정]토,일: 11시 20분, 1시 [04월 공연일정]토,일: 11시 20분, 1시",前売可能時間：観覧の2時間前まで[03月公演日程]土、日：11時20分、1時 [04月公演日程]土、日：11時20分、1時
오리지널 과학마술콘서트 시즌1 (성동),オリジナル科学マジックコンサートシーズン1（ソンドン）
"예매가능시간: 전일17시(월~토 관람 시)까지/전일 11시(일요일 관람 시)까지2026년 6월 20일(토) ~ 6월 21일(일) 11시, 14시",前売可能時間：前日17時（月～土観覧時）まで／前日11時（日曜日観覧時）まで2026年6月20日（土）～6月21日（日）11時、14時
우주매직쇼 - 성동,宇宙マジックショー - ソンドン
"예매가능시간: 전일17시(월~토 관람 시)까지/전일 11시(일요일 관람 시)까지2026년 3월 28일(토) ~ 29일(일) 오전 11시, 오후 2시",前売可能時間：前日17時（月～土観覧時）まで／前日11時（日曜日観覧時）まで2026年3月28日（土）～29日（日）午前11時、午後2時
재즈뮤지컬 스와니랩소디,ジャズミュージカルスワニーラプソディ
재즈런치,ジャズランチ
서울특별시 송파구 송이로23길 14 (가락동),ソウル特別市松坡区ソンイロ23ギル14（ガラクドン）
"예매가능시간: 전일17시(월~토 관람 시)까지/전일 11시(일요일 관람 시)까지2026년 3월 21일(토) 19시
2026년 3월 24일(화) 19시
2026년 3월 26일(목) 19시
2026년 3월 28일(토) 19시","前売可能時間：前日17時（月～土観覧時）まで／前日11時（日曜日観覧時）まで2026年3月21日（土）19時
2026年3月24日（火）19時
2026年3月26日（木）19時
2026年3月28日（土）19時"
참여형 뮤지컬 〈슈퍼윙스 : 초능력 곤충 대소동〉 - 서울 성동,参加型ミュージカル〈スーパーウィングス：超能力昆虫大騒動〉 - ソウル城洞
"예매가능시간: 관람 2시간 전까지평일 16시 / 주말 및 공휴일 11시, 14시 / 월,화 공연없음
※ 5월 1일(금) 11시, 14시
※ 5월 5일(화) 11시, 14시","前売可能時間：観覧2時間前まで平日16時/週末及び祝日11時、14時/月、火公演なし
※5月1日（金）11時、14時
※5月5日（火）11時、14時"
코믹 마샬아츠 퍼포먼스 〈점프 JUMP〉,コミックマーシャルアーツパフォーマンス〈ジャンプJUMP〉
명보아트홀 지하3층 점프 전용극장,ミョンボアートホール地下3階ジャンプ専用劇場
서울 중구 마른내로 47,ソウル中区ドライ47
"예매가능시간: 전일17시(월~토 관람 시)까지/전일 11시(일요일 관람 시)까지월~금 17:00토, 일, 공휴일 14:00 / 17:00",前売可能時間：前日17時（月～土観覧時）まで／前日11時（日曜日観覧時）まで月～金17:00土、日、祝日14:00 / 17:00
크리스마스 캐럴,クリスマスキャロル
"예매가능시간: 관람 2시간 전까지화,수,목,금 오후 7시 30분 / 토,공휴일 오후 3시, 7시",前売り可能時間：観覧2時間前まで火、水、木、金午後7時30分/土、祝日午後3時、7時
클래식 가족 뮤지컬 〈반짝반짝 라푼젤〉,クラシック家族ミュージカル〈キラキララプンツェル〉
"예매가능시간: 관람전일 23시까지

-3월
매주 일요일 12시","前売可能時間：観覧前日23時まで

-3月
毎週日曜日12時"
클래식 가족 뮤지컬 〈반짝반짝 신데렐라〉,クラシック家族ミュージカル〈キラキラシンデレラ〉
예매가능시간: 전일 23시까지매주 일요일 2시공연 (3월2일 2시공연),前売可能時間：前日23時まで毎週日曜日2時公演（3月2日2時公演）
클래식 가족 뮤지컬 〈반짝반짝 인어공주〉,クラシック家族ミュージカル〈キラキラ人魚姫〉
"예매가능시간: 관람전일 23시까지

-2월
매주 토요일 11시

-3월
매주 토요일 12시
*3월 2일(월) 12시","前売可能時間：観覧前日23時まで

-2月
毎週土曜日11時

-3月
毎週土曜日12時
*3月2日(月)12時"
테레비,テレビ
무하아트센터 2관,ムハアートセンター2館
서울 종로구 삼일대로 428,ソウル鍾路区サムイルデロ428
"예매가능시간: 전일17시(월~토 관람 시)까지/전일 11시(일요일 관람 시)까지2026년 3월 25(수)~27일(금) 저녁 8:00 매일 1회공연
토요일 2:00, 6:00 2회
일요일 2:00 1회공연","前売可能時間：前日17時（月～土観覧時）まで／前日11時（日曜日観覧時）まで2026年3月25（水）～27日（金）夕方8:00 毎日1回公演
土曜日2:00、6:00 2回
日曜日2:00 1回公演"
트롯뮤지컬 님과 함께(디스코 왕),トロットミュージカルと一緒に（ディスコ王）
허리우드극장 4층 낭만극장,ウエストウッド劇場4階ロマン劇場
"예매가능시간: 전일17시(월~토 관람 시)까지/전일 11시(일요일 관람 시)까지금, 토, 일 (1회 : 16시 30분)",前売可能時間：前日17時（月～土観覧時）まで／前日11時（日曜日観覧時）まで金、土、日（1回：16時30分）
프로하비 뮤지컬 ［오!캐롤］,プロハービーミュージカル［お！キャロル］
"예매가능시간: 전일17시(월~토 관람 시)까지/전일 11시(일요일 관람 시)까지* 공연 타임
- 토,일 : 11:00 / 15:00 / 19:00","前売可能時間：前日17時（月～土観覧時）まで／前日11時（日曜日観覧時）まで*公演タイム
- 土・日：11:00/15:00/19:00"
［로터리 티켓］ 뮤지컬 〈은밀하게 위대하게:THE LAST〉 - 10주년 기념 공연,［ロータリーチケット］ミュージカル〈秘密に偉大に：THE LAST〉 - 10周年記念公演
"※ 신용카드 결제만 가능한 상품입니다.
※ 응모하신 로터리 티켓은 중복 당첨될 수 있습니다.
※ 로터리 티켓 신청 마감 후에는 취소/환불이 불가합니다. 당첨자 선정 후, 낙첨자에 한해 전액 환불처리 진행됩니다.","※クレジットカード決済のみ可能な商品です。
※応募されたロータリーチケットは重複当選することができます。
※ロータリーチケット申込締切後はキャンセル/払い戻しができません。当選者選定後、落選者に限り全額返金処理が行われます。"
［서초］ 뮤지컬 한글용사 아이야 새로운 이야기〈달라도 친구야!〉,［瑞草］ミュージカルハングル勇者あいや新しい話〈違っても友達だよ〉
"예매가능시간: 전일17시(월~토 관람 시)까지/전일 11시(일요일 관람 시)까지금 11시 / 토, 일 11시, 14시, 16시30분",前売可能時間：前日17時（月～土観覧時）まで／前日11時（日曜日観覧時）まで金11時／土、日11時、14時、16時30分
가족뮤지컬 누가 내 머리에 똥 쌌어？ - 서울 강동,家族ミュージカル誰が私の頭にたわごと？ - ソウル江東
"예매가능시간: 관람 1시간 전까지2026년 4월 18일(토) 11시, 14시, 16시",前売可能時間：観覧1時間前まで2026年4月18日（土）11時、14時、16時
뮤지컬 〈빌리 엘리어트〉 ‘2026 시즌 빌리지 입주민’ 모집,ミュージカル〈ビリーエリオット〉『2026シーズンビレッジ入居者』募集
가입 기간 : 1/12(월) 오후 3시 ~ 1/18(일) 오후 11시 59분까지,加入期間：1/12（月）午後3時～1/18（日）午後11時59分まで
뮤지컬 〈오지게 재밌는 가시나들〉,ミュージカル〈オジゲ面白いトゲたち〉
국립극장 하늘극장,国立劇場空劇場
"예매가능시간: 전일17시(월~토 관람 시)까지/전일 11시(일요일 관람 시)까지화·목 19:30 / 수·금 15:00, 19:30 / 주말 및 공휴일 14:00, 18:00 (월 쉼) 
* 5/15(금) 19:30, 6/28(일) 13:00 1회 공연","前売可能時間：前日17時（月～土観覧時）まで／前日11時（日曜日観覧時）まで火・木19:30／水・金15:00、19:30／週末及び祝日14:00、18:00（月休み） 
* 5/15(金) 19:30, 6/28(日) 13:00 1回公演"
뮤지컬 〈이게 정말 나일까？〉 - 서울,ミュージカル〈これは本当に年齢だろうか？〉 - ソウル
"예매가능시간: 전일17시(월~토 관람 시)까지/전일 11시(일요일 관람 시)까지- 평일 : 오전 11시, 오후 2시 (하루 총 2회)
- 주말 : 오전 11시, 오후 2시, 오후 4시 30분 (하루 총 3회) (총 35회차 공연)
* 5월 18일(월), 19일(화), 26일(화) 공연 없음.","前売可能時間：前日17時（月～土観覧時）まで／前日11時（日曜日観覧時）まで-平日：午前11時、午後2時（1日計2回）
- 週末：午前11時、午後2時、午後4時30分（1日3回）（合計35回公演）
* 5月18日(月)、19日(火)、26日(火)公演なし。"
뮤지컬 〈조커〉,ミュージカル〈ジョーカー〉
극장 온,劇場オン
서울 종로구 대학로12길 69,ソウル鍾路区大学路12ギル69
뮤지컬 썸데이,ミュージカルサムデー
무하아트센터,ムハアートセンター
서울 종로구 이화장길 72,ソウル鍾路区梨花長路72
월요극장 11 - 뮤지컬 〈홍련〉,月曜劇場11 - ミュージカル〈紅蓮〉
예매가능시간: 전일17시(월~토 관람 시)까지/전일 11시(일요일 관람 시)까지2026년 4월 6일(월) 오후 7시,前売可能時間：前日17時（月～土観覧時）まで／前日11時（日曜日観覧時）まで2026年4月6日（月）午後7時
집사TV 〈 대저택 문의 비밀 〉 : part. 1 - 서울(용산),執事テレビ〈大邸宅のお問い合わせ秘密〉：part。 1 - ソウル(龍山)
"예매가능시간: 전일17시(월~토 관람 시)까지/전일 11시(일요일 관람 시)까지2026년 5월 30일(토) 11시, 2시, 4시30분
2026년 5월 31일(일) 11시, 2시","前売可能時間：前日17時（月～土観覧時）まで／前日11時（日曜日観覧時）まで2026年5月30日（土）11時、2時、4時30分
2026年5月31日（日）11時、2時"
［그루브재즈데이］ ZAG Trio 콘서트,［グルーブジャズデー］ ZAG Trioコンサート
재즈클럽 그루브,ジャズクラブ溝
서울특별시 서초구 신반포로47길 52 (잠원동),ソウル特別市瑞草区新盤浦路47ギル52（蚕原洞）
예매가능시간: 전일17시(월~토 관람 시)까지/전일 11시(일요일 관람 시)까지- 공연 : 3월 20일(금) 오후8시,前売可能時間：前日17時（月～土観覧時）まで／前日11時（日曜日観覧時）まで- 公演：3月20日（金）午後8時
［그루브재즈데이］Smooth Jazz Concert / 그루버김밴드,［グルーブジャズデー］Smooth Jazz Concert / グルーバーキムバンド
"예매가능시간: 전일17시(월~토 관람 시)까지/전일 11시(일요일 관람 시)까지- 공연 : 3월 21일(토) 오후 8시
- 약 100분간, 잼세션 여부에 따라 다소 길어질 수 있음.","前売可能時間：前日17時（月～土観覧時）まで／前日11時（日曜日観覧時）まで-公演：3月21日（土）午後8時
- 約100分間、ジャムセッションの有無によって多少長くなることがある。"
［문래재즈IN#연중스페셜］ 임미정 ＆ 박윤우 Duo,［ムラジャズIN＃年中スペシャル］イム・ミジョン＆パク・ユンウDuo
라이브홀 문래재즈IN,ライブホールムラジャズIN
서울 영등포구 도림로 475,ソウル永登浦区ドリムロ475
예매가능시간: 전일17시(월~토 관람 시)까지/전일 11시(일요일 관람 시)까지2026년 3월 21(토) 오후 7시 (인터미션없이 1회공연),前売可能時間：前日17時（月～土観覧時）まで／前日11時（日曜日観覧時）まで2026年3月21（土）午後7時（インターミッションなしで1回公演）
［Band Noir］ Liveclub Jazz Day,［Band Noir］ Liveclub Jazz Day
"예매가능시간: 전일17시(월~토 관람 시)까지/전일 11시(일요일 관람 시)까지- 공연 : 3월 27일(금) 오후8시
- 1, 2부 약 90분간 진행됩니다.
- 잼세션 진행에 따라 다소 공연시간이 길어질 수 있습니다.","前売可能時間：前日17時（月～土観覧時）まで／前日11時（日曜日観覧時）まで-公演：3月27日（金）午後8時
- 1、2部約90分間進行されます。
- ジャムセッションの進行によって多少公演時間が長くなることがあります。"
〈미스터트롯3〉 TOP7 서울콘서트,〈ミスタートロット3〉 TOP7ソウルコンサート
올림픽공원 올림픽홀,オリンピック公園オリンピックホール
"예매가능시간: 관람 3시간 전까지2026년 3월 21일(토) 오후 1시, 6시
2026년 3월 22일(일) 오후 1시, 6시","前売可能時間：観覧3時間前まで2026年3月21日（土）午後1時、6時
2026年3月22日（日）午後1時、6時"
〈미스트롯4〉 전국투어 콘서트 - 서울,〈ミストロット4〉全国ツアーコンサート - ソウル
장충체육관,腸虫体育館
서울특별시 중구 동호로 241 (장충동2가),ソウル特別市中区東湖路241（長忠洞2街）
"예매가능시간: 관람 4시간 전까지4월 25일(토) 오후 1시, 6시 / 4월 26일(일) 오후 1시, 6시",前売可能時間：観覧4時間前まで4月25日（土）午後1時、6時／4月26日（日）午後1時、6時
〈현역가왕3〉 TOP10 서울콘서트,〈現役歌王3〉 TOP10ソウルコンサート
경희대학교 평화의전당,慶熙大学平和の殿堂
서울특별시 동대문구 경희대로 26 (회기동),ソウル特別市東大門区慶熙大路26（会機洞）
"예매가능시간: 전일17시(월~토 관람 시)까지/전일 11시(일요일 관람 시)까지03월 28일(토) 1PM, 6PM
03월 29일(일) 1PM, 6PM","前売可能時間：前日17時（月～土観覧時）まで／前日11時（日曜日観覧時）まで03月28日（土）1PM、6PM
03月29日(日) 1PM、6PM"
〈CHANGMO : THE EMPEROR〉,〈CHANGMO：THE EMPEROR〉
"예매가능시간: 관람 2시간 전까지2026년 5월 09일(토) 19:30
2026년 5월 10일(일) 17:00","前売可能時間：観覧の2時間前まで2026年5月09日（土）19:30
2026年5月10日(日) 17:00"
2025-26 김창옥 토크콘서트 시즌 5 - 서울,2025-26キム・チャンオクトークコンサートシーズン5 - ソウル
"예매가능시간: 전일17시(월~토 관람 시)까지/전일 11시(일요일 관람 시)까지2026.05.10(일) 오후 1시, 오후 5시 (1일 2회)",前売可能時間：前日17時（月～土観覧時）まで／前日11時（日曜日観覧時）まで2026.05.10（日）午後1時、午後5時（1日2回）
2025-26 임재범 40주년 콘서트 ＂나는 임재범이다＂ - 서울 ［앵콜］,2025-26イム・ジェボム40周年コンサート「私はイム・ジェボムだ」 - ソウル[アンコール]
예매가능시간: 전일17시(월~토 관람 시)까지/전일 11시(일요일 관람 시)까지2025년 5월 16일(토) 오후 6시 - 17일(일) 오후 5시,前売可能時間：前日17時（月～土観覧時）まで／前日11時（日曜日観覧時）まで2025年5月16日（土）午後6時～17日（日）午後5時
2026 김정민 전국투어 콘서트 : 대한민국 락발라더 김정민 - 서울,2026キム・ジョンミン全国ツアーコンサート：韓国ロックバルラーダーキム・ジョンミン - ソウル
로운아트홀,ロウンアートホール
서울 양천구 목동서로 225,ソウル楊川区木洞西路225
"예매가능시간: 전일17시(월~토 관람 시)까지/전일 11시(일요일 관람 시)까지-일시: 2026년 3월 22일(일) 오후 6시30분  
-장소: 로운아트홀","前売可能時間：前日17時（月～土観覧時）まで／前日11時（日曜日観覧時）まで-日時：2026年3月22日（日）午後6時30分  
- 場所：ロウンアートホール"
2026 김종서 전국투어 콘서트 : 모두의 김종서 - 서울,2026キム・ジョンソ全国ツアーコンサート：みんなのキム・ジョンソ - ソウル
토요일 오후 7시,土曜日の午後7時
2026 나미애 단독 콘서트 : 남이 아닌 우리,2026ナミエ単独コンサート：他人ではありません
"예매가능시간: 2026. 03. 20(금) 11:00까지
- 일시: 2026년 3월 22일(일) 오후 1시  
- 장소: 로운아트홀","前売可能時間: 2026. 03. 20(金) 11:00まで
- 日時：2026年3月22日（日）午後1時  
- 場所：ロウンアートホール"
2026 노이즈 단독 콘서트 : BLACK ＆ WHITE - 서울,2026ノイズ単独コンサート：BLACK＆WHITE - ソウル
예매가능시간: 전일17시(월~토 관람 시)까지/전일 11시(일요일 관람 시)까지토요일 오후 2시,前売可能時間：前日17時（月～土観覧時）まで／前日11時（日曜日観覧時）まで土曜日午後2時
2026 데이먼스 이어 단독공연 ［제 2 미해결문제］,2026 デイモンズイヤー単独公演［第2未解決問題］
서소문성지역사박물관 콘솔레이션 홀,西小門城地域史博物館コンソールホール
서울 중구 칠패로 5,ソウル中区チルパロ5
"예매가능시간: 전일17시(월~토 관람 시)까지/전일 11시(일요일 관람 시)까지2026년 4월 14일(화) ~ 4월 19일(일)
화~금 8PM / 토 6PM / 일 5PM","前売可能時間：前日17時（月～土観覧時）まで／前日11時（日曜日観覧時）まで2026年4月14日（火）～4月19日（日）
火～金8PM /土6PM/日5PM"
2026 도원경 콘서트 ＇나의 꿈을 향해서＇,2026 桃源経コンサート ＇私の夢に向かって＇
노들섬 라이브하우스,ノードル島ライブハウス
서울 용산구 이촌동 302-146,ソウル龍山区李村洞302-146
예매가능시간: 전일17시(월~토 관람 시)까지/전일 11시(일요일 관람 시)까지2026년 04월 05일 일요일 16:00,前売可能時間：前日17時（月～土観覧時）まで／前日11時（日曜日観覧時）まで2026年04月05日日曜日16:00
2026 로열인문학 〈하루키가 사랑한 재즈〉,2026 ロイヤル人文学〈春樹が愛したジャズ〉
"예매가능시간: 전일17시(월~토 관람 시)까지/전일 11시(일요일 관람 시)까지예매가능시간: 2026. 3. 27.(금) 17:00
공연시간: 2026.03.28.(토) 17:00","前売可能時間：前日17時（月～土観覧時）まで／前日11時（日曜日観覧時）まで前売可能時間：2026.3.27.(金)17:00
公演時間：2026.03.28.(土) 17:00"
2026 변진섭 전국투어 콘서트 변천사 시즌 2.5 : 시간여행 - 서울,2026ビョンジンソプ全国ツアーコンサート変天使シーズン2.5：時間旅行 - ソウル
광운대학교 동해문화예술관 대극장,光雲大学東海文化芸術館大劇場
서울 노원구 광운로 21,ソウルノウォン区光雲路21
예매가능시간: 전일17시(월~토 관람 시)까지/전일 11시(일요일 관람 시)까지2026년 04월 25일 (토) 오후 7시 30분,前売可能時間：前日17時（月～土観覧時）まで／前日11時（日曜日観覧時）まで2026年04月25日（土）午後7時30分
2026 봄 안치환 콘서트,2026春アンチファンコンサート
연남스페이스,延南スペース
서울특별시 마포구 성미산로22길 16(연남동),ソウル特別市麻浦区城美山路22ギル16（延南洞）
예매가능시간: 전일17시(월~토 관람 시)까지/전일 11시(일요일 관람 시)까지- 2026년 04월 23일 (목) 19:00- 2026년 04월 24일 (금) 19:00,前売可能時間：前日17時（月～土観覧時）まで／前日11時（日曜日観覧時）まで- 2026年04月23日(木) 19:00- 2026年04月24日(金) 19:00
2026 서울파크뮤직페스티벌,2026ソウルパークミュージックフェスティバル
"올림픽공원 88잔디마당, 티켓링크 라이브 아레나",オリンピック公園88草庭、チケットリンクライブアリーナ
토요일 : 14:00 ~ 22:30 / 일요일 : 14:00 ~ 21:30,土曜日：14:00～22:30／日曜日：14:00～21:30
2026 성시경 팬미팅 ＂사월＂,2026ソン・シギョンファンミーティング「サウォル」
예매가능시간: 전일17시(월~토 관람 시)까지/전일 11시(일요일 관람 시)까지- 공연시간: 2026년 4월 18일(토) 오후 4시,前売可能時間：前日17時（月～土観覧時）まで／前日11時（日曜日観覧時）まで- 公演時間：2026年4月18日（土）午後4時
2026 소통왕 말자쑈! - 서울,2026コミュニケーションキング- ソウル
연세대학교 대강당,延世大学大講堂
서울특별시 서대문구 연세로 50 (신촌동),ソウル特別市西大門区延世路50（新村洞）
예매가능시간: 전일17시(월~토 관람 시)까지/전일 11시(일요일 관람 시)까지-공연 : 2026년 4월 19일 (일) 13시,前売可能時間：前日17時（月～土観覧時）まで／前日11時（日曜日観覧時）まで-公演：2026年4月19日（日）13時
2026 어썸뮤직페스티벌,2026アサムミュージックフェスティバル
난지한강공원,南智漢江公園
서울특별시 마포구 한강난지로 162 (상암동),ソウル特別市麻浦区漢江南寺路162（上岩洞）
"예매가능시간: 전일17시(월~토 관람 시)까지/전일 11시(일요일 관람 시)까지2026년 04월 25일(토)
2026년 04월 26일(일)
11시 30분","前売可能時間：前日17時（月～土観覧時）まで／前日11時（日曜日観覧時）まで2026年04月25日（土）
2026年04月26日(日)
11時30分"
2026 유리상자 콘서트 〈꽃을 든 상자〉,2026 ガラス箱コンサート〈花を持った箱〉
예매가능시간: 전일17시(월~토 관람 시)까지/전일 11시(일요일 관람 시)까지2026년 03월 28일 (토) 18:00,前売可能時間：前日17時（月～土観覧時）まで／前日11時（日曜日観覧時）まで2026年03月28日（土）18:00
2026 이상웅 단독콘서트 〈입춘대길〉,2026イ・サンウン単独コンサート〈入春大道〉
KT&G 상상마당 홍대,KT&G想像ヤード弘大
서울 마포구 어울마당로 65,ソウル麻浦区ソウルマダンロ65
예매가능시간: 전일17시(월~토 관람 시)까지/전일 11시(일요일 관람 시)까지2026.03.29 (일) 18:00,前売可能時間：前日17時（月～土観覧時）まで／前日11時（日曜日観覧時）まで2026.03.29（日）18:00
2026 정재욱 콘서트 일일찻집,2026チョン・ジェウクコンサートデイリーティーハウス
구름아래소극장,雲の下の小劇場
서울특별시 마포구 와우산로29가길 15 (서교동),ソウル特別市麻浦区和傘路29街道15（ソギョドン）
예매가능시간: 전일17시(월~토 관람 시)까지/전일 11시(일요일 관람 시)까지3월28일 토요일 오후 7:30,前売可能時間：前日17時（月～土観覧時）まで／前日11時（日曜日観覧時）まで3月28日土曜日午後7:30
2026 팝페라테너 임형주 신춘독창회 Popera Sensation!,2026ポップフェラテナーイム・ヒョンジュ新春独創会Popera Sensation！
영산아트홀,ヨンサンアートホール
서울특별시 영등포구 여의공원로 101 (여의도동),ソウル特別市永登浦区汝矣公園路101（汝矣島洞）
예매가능시간: 전일17시(월~토 관람 시)까지/전일 11시(일요일 관람 시)까지-공연 : 2026년 4월 10일 금요일 19시 30분,前売可能時間：前日17時（月～土観覧時）まで／前日11時（日曜日観覧時）まで-公演：2026年4月10日金曜日19時30分
2026 패닉 콘서트 〈PANIC IS COMING〉,2026パニックコンサート〈PANIC IS COMING〉
"- 2026년 4월 16일 (목) 오후 7시30분
- 2026년 4월 17일 (금) 오후 7시30분
- 2026년 4월 18일 (토) 오후 5시
- 2026년 4월 19일 (일) 오후 5시

※ 예매 가능 시간: 공연 전일 17시까지","- 2026年4月16日(木)午後7時30分
- 2026年4月17日(金)午後7時30分
- 2026年4月18日（土）午後5時
- 2026年4月19日（日）午後5時

※前売可能時間：公演前日17時まで"
2026 EVERGLOW WORLD TOUR［RE:CODE］IN SEOUL,2026 EVERGLOW WORLD TOUR［RE:CODE］IN SEOUL
NOL씨어터 합정 동양생명홀,NOLシアターハプジョン東洋ライフホール
서울 마포구 양화로 45,ソウル麻浦区ヤンファロ45
"예매가능시간: 전일17시(월~토 관람 시)까지/전일 11시(일요일 관람 시)까지3월 21일(토) 7PM
3월 22일(일) 6PM","前売可能時間：前日17時（月～土観覧時）まで／前日11時（日曜日観覧時）まで3月21日（土）7PM
3月22日(日) 6PM"
2026 HA HYUN SANG Archive Live 〈New Boat〉,2026 HA HYUN SANG Archive Live 〈New Boat〉
"2026년 4월 3일(금) 8PM(KST)
2026년 4월 4일(토) 6PM(KST)
2026년 4월 5일(일) 5PM(KST)","2026年4月3日(金) 8PM(KST)
2026年4月4日(土) 6PM(KST)
2026年4月5日(日) 5PM(KST)"
2026 KIM SEONHO FANMEETING 〈LOVE FACTORY〉,2026 KIM SEONHO FANMEETING 〈LOVE FACTORY〉
블루스퀘어 우리WON뱅킹홀,ブルースクエアウリWONバンキングホール
"예매가능시간: 전일17시(월~토 관람 시)까지/전일 11시(일요일 관람 시)까지2026년 4월 11일(토) 18:00 (KST)
2026년 4월 12일(일) 16:00 (KST)","前売可能時間：前日17時（月～土観覧時）まで／前日11時（日曜日観覧時）まで2026年4月11日（土）18:00（KST）
2026年4月12日(日) 16:00 (KST)"
2026 KISS OF LIFE ASIA FANMEETING TOUR 〈DEJA VU〉 IN SEOUL,2026 KISS OF LIFE ASIA FANMEETING TOUR 〈DEJA VU〉 IN SEOUL
예매가능시간: 전일17시(월~토 관람 시)까지/전일 11시(일요일 관람 시)까지토 18시 / 일 17시,前売可能時間：前日17時（月～土観覧時）まで／前日11時（日曜日観覧時）まで土18時／日17時
2026 LOVESOME - 조선미술관,2026 LOVESOME - 朝鮮美術館
연세대학교 노천극장,延世大学露天劇場
예매가능시간: 전일17시(월~토 관람 시)까지/전일 11시(일요일 관람 시)까지12:00 ~ 20:30,前売可能時間：前日17時（月～土観覧時）まで／前日11時（日曜日観覧時）まで12:00～20:30
"2026 NOWZ FAN-CON 〈Run with me, NOW〉","2026 NOWZ FAN-CON 〈Run with me, NOW〉"
명화라이브홀,名画ライブホール
서울특별시 영등포구 버드나루로 30 (영등포동2가),ソウル特別市永登浦区バードナルロ30（永登浦洞2街）
예매가능시간: 전일17시(월~토 관람 시)까지/전일 11시(일요일 관람 시)까지2026년 03월 28일 토요일 18:00,前売可能時間：前日17時（月～土観覧時）まで／前日11時（日曜日観覧時）まで2026年03月28日土曜日18:00
2026 pH-1 Concert : HOUSE PARTY,2026 pH-1 Concert: HOUSE PARTY
예매가능시간: 전일17시(월~토 관람 시)까지/전일 11시(일요일 관람 시)까지2026년 4월 18일(토) 5PM(KST),前売可能時間：前日17時（月～土観覧時）まで／前日11時（日曜日観覧時）まで2026年4月18日（土）5PM（KST）
북극곰 예술여행,ホッキョクグマ芸術旅行
북극곰소극장,ホッキョクグマ小劇場
서울특별시 종로구 이화장1길 24,ソウル特別市鍾路区梨花荘1ギル24
미래상상마술쇼,未来想像魔術ショー
서울특별시 종로구 대학로 116,ソウル特別市鍾路区大学路116
피노키오야 노올자~!,ピノキオヤノオルジャ〜！
서연아트홀,ソヨンアートホール
서울특별시 종로구 창경궁로 258,ソウル特別市鍾路区昌慶宮路258
아기돼지 삼형제-늑대숲 또옹돼지 원정대,赤ちゃん豚三兄弟 - オオカミの森
라온씨어터,ラオンシアター
서울특별시 종로구 대학로10길 12 (동숭동) 3층,ソウル特別市鍾路区大学路10ギル12（東崇洞）3階
반짝반짝 라푼젤,キラキララプンツェル
오즈의 마법사,オズの魔法使い
반짝반짝 인어공주,キラキラ人魚姫
뷰티풀 라이프,ビューティフルライフ
JTN 아트홀,JTNアートホール
서울특별시 종로구 이화장길 26,ソウル特別市鍾路区梨花長路26
한뼘사이,一人の間
라온아트홀,ラオンアートホール
서울특별시 종로구 대학로10길 11 (동숭동),ソウル特別市鍾路区大学路10ギル11
썸데이,サムデー
서울특별시 종로구 이화장길 72,ソウル特別市鍾路区梨花長路72
죽여주는 이야기,殺す物語
지인시어터,知人シアター
서울특별시 종로구 동숭길 25,ソウル特別市 鍾路区 猿道 25
사내연애 보고서,社内恋愛レポート
제나아트홀,ジェナアートホール
"서울특별시 종로구 대학로10길 12 , 지하 1층",ソウル特別市鍾路区大学路10ギル12、地下1階
오 마이 갓,オマイガッド
오마이갓,オマイガッド
"서울특별시 종로구 동숭길 68 , 지하 1층",ソウル特別市鍾路区猿道68、地下1階
핫식스,ホットシックス
도토리씨어터,どんぐりシアター
서울특별시 종로구 대학로12길 63,ソウル特別市鍾路区大学路12ギル63
오백에 삼십,五百三十
라면,ラーメン
해피씨어터,ハッピーシアター
서울특별시 종로구 대학로10길 5 (동숭동),ソウル特別市鍾路区大学路10ギル5（東崇洞）
써니텐,サニーテン
JTN아트홀,JTNアートホール
서울특별시 종로구 이화장길 26 JTN아트홀 1관,ソウル特別市鍾路区梨花長路26 JTNアートホール1館
쉬어매드니스,シアマドネス
콘텐츠박스,コンテンツボックス
서울특별시 종로구 동숭길 55,ソウル特別市 鍾路区 猿道 55
너의 목소리가 들려,君の声が聞こえる
과속스캔들,スピードスキャンダル
나인진홀,ナインジンホール
서울특별시 종로구 동숭길 47,ソウル特別市 鍾路区 猿道 47
701호,701号
우리소극장,私たちの小劇場
서울특별시 종로구 이화장길 86,ソウル特別市鍾路区梨花江路86
나의 PS 파트너,私のPSパートナー
마루아트홀,マルアートホール
서울특별시 종로구 대학로8가길 30 (동숭동),ソウル特別市鍾路区大学路8丁目30（東崇洞）
히든퍼즐,隠しパズル
코델아트홀,コーデルアートホール
서울특별시 종로구 동숭길 78 (동숭동) 지하1층,ソウル特別市鍾路区東崇道78（東崇洞）地下1階
비누향기,石鹸の香り
보물찾기,宝探し
아트포레스트,アートフォレスト
"서울특별시 종로구 대학로12길 22 , 5층 아트포레스트",ソウル特別市鍾路区大学路12ギル22、5階アートフォレスト
2호선 세입자,2号線テナント
바탕골,バックグラウンド
"서울특별시 종로구 대학로10길 5 , 5층",ソウル特別市鍾路区大学路10ギル5、5階
어쩌다 보니,どうしようか
샤봉디씨어터,シャボンディシアター
서울특별시 종로구 창경궁로34길 24-6 (명륜2가),ソウル特別市鍾路区昌慶宮路34ギル24-6（明倫2街）
조각 : 사라진 기억,作品：消えた記憶
댕로홀,ダロホール
서울특별시 종로구 대학로12길 50 (동숭동),ソウル特別市鍾路区大学路12ギル50
자취,跡
운빨로맨스,運のロマンス
컬쳐씨어터,カルチャーシアター
서울특별시 종로구 대학로8가길 80,ソウル特別市鍾路区大学路8丁目80
남사친 여사친,男の子
세우아트센터,セウアートセンター
서울특별시 종로구 대학로12길 49 (동숭동),ソウル特別市鍾路区大学路12ギル49
아빠와 딸,パパと娘
딜리버리,デリバリー
아라아트홀,アラアートホール
늘근도둑이야기,いつもの泥棒物語
라이어 1탄,ライヤー1弾
상명아트홀,サンミョンアートホール
서울특별시 종로구 동숭길 133 (동숭동),ソウル特別市鍾路区洞窟路133
기억의 숲,記憶の森
지즐소극장,ジズル劇場
서울특별시 종로구 성균관로4길 42 (명륜2가),ソウル特別市鍾路区成均館路4ギル42 (明輪2街)
남주를 부탁해,ナムジュを頼む
스케치홀,スケッチホール
서울특별시 종로구 동숭길 145,ソウル特別市 鍾路区 猿道 145
스위치,スイッチ
아스가르드 씨어터,アスガルド・シアター
서울특별시 종로구 동숭길 140,ソウル特別市 鍾路区 猿道 140
"어서 오세요, 휴남동 서점입니다",ようこそ、休南洞の書店です。
서울특별시 종로구 대학로8가길 52,ソウル特別市鍾路区大学路8丁目52
불편한 편의점,不便なコンビニ
올웨이즈씨어터,オールウェイズシアター
서울특별시 종로구 대학로 132,ソウル特別市鍾路区大学路132
헝키쇼 : HUNKY SHOW,ハンキーショー：HUNKY SHOW
프리즌,プリズン
에이치씨어터,エイチシアター
서울특별시 종로구 이화장길 54 (이화동),ソウル特別市鍾路区梨花江路54（梨花洞）
뮤직드라마 청춘 : ON AIR,ミュージックドラマ青春：ON AIR
님만헤민 게스트하우스,ニンマンヘミンゲストハウス
아모르파티,アモルファティ
올래홀,オラホール
"서울특별시 종로구 대학로10길 24 , 3층",ソウル特別市鍾路区大学路10ギル24、3階
행오버,ハングオーバー
정극장,正劇場
서울특별시 종로구 대학로12길 69,ソウル特別市鍾路区大学路12ギル69
크리미널 시즌5,クリミナルシーズン5
봄날아트홀,春の日アートホール
서울특별시 종로구 동숭길 39,ソウル特別市 鍾路区 猿道 39
크리미널 시즌4,クリミナルシーズン4
스폿라이트,スポットライト
서울특별시 종로구 대명1길 7,ソウル特別市鍾路区大明1ギル7
졸탄쇼,ゾルタンショー
시윤아트홀,シユンアートホール
서울특별시 종로구 대학로 116 (동숭동),ソウル特別市鍾路区大学路116（東崇洞）
드립소년단,ドリップ少年団
시간을 파는 상점,時間を売る店
파랑씨어터,青シアター
서울특별시 종로구 대학로8가길 36,ソウル特別市鍾路区大学路8丁目36
사춘기 메들리,思春期メドレー
내일은 내일에게,明日は明日に
초록씨어터,グリーンシアター
서울특별시 종로구 대학로 128(동숭동),ソウル特別市鍾路区大学路128(東崇洞)
난타(NANTA) - 명동,ナンタ(NANTA) - 明洞
명동 난타극장,明洞ナンタ劇場
"서울특별시 중구 명동길 26 , 유네스코회관 3층",ソウル特別市中区明洞路26、ユネスコ会館3階
난타(NANTA) - 홍대,ナンタ(NANTA) - 弘大
서울특별시 마포구 양화로16길 29,ソウル特別市麻浦区ヤンファロ16ギル29
페인터즈(광화문전용관),ペインターズ（光化門専用館）
광화문 전용관 경향아트힐,光化門専用館トレンドアートヒル
서울특별시 중구 정동길 3,ソウル特別市中区チョンドンギル3
점프,ジャンプ
명보아트홀 가온홀,ミョンボアートホール加温ホール
"서울특별시 중구 마른내로 47 , 명보아트홀 지하 3층",ソウル特別市中区乾燥内路47、明保アートホール地下3階
타이거릴리(가든파이브/김포/가산),タイガーリリー（ガーデンファイブ/金浦/加山）
타이거릴리(가든파이브,タイガーリリー（ガーデンファイブ
"서울특별시 송파구 충민로 66 , 현대시티몰 가든파이브점 몰관 4층",ソウル特別市松坡区忠民路66、現代シティモールガーデンファイブ店モール館4階
책읽는 미술관 3개 지점 이용권,本を読む美術館3支店利用券
책읽는미술관 대치본사,本を読む美術館代理本社
"서울특별시 강남구 삼성로 212 , 은마상가 A블럭 306-1, 306-2 (대치동 316)",ソウル特別市江南区三成路212、銀馬商店街Aブロック306-1、306-2（大知洞316）
궁궐야행 창경궁,宮殿夜行昌慶宮
창경궁,昌慶宮
서울특별시 종로구 이화동 연건동 창경궁로 185 창경궁,ソウル特別市鍾路区梨花洞延建洞昌慶宮路185昌慶宮
궁궐야행 덕수궁,宮殿夜行徳寿宮
덕수궁,徳寿宮
서울특별시 중구 세종대로 99,ソウル特別市中区世宗大路99
국가대표궁궐 경복궁,国家代表宮殿景福宮
경복궁,景福宮
서울특별시 종로구 사직로 161,ソウル特別市鍾路区サジクロ161
세계문화유산 창덕궁,世界文化遺産昌徳宮
창덕궁,昌徳宮
서울특별시 종로구 율곡로 99,ソウル特別市鍾路区渓谷路99
창덕궁 인문학산책,昌徳宮人文学散策
경복궁 인문학산책,景福宮人文学散策
덕수궁 인문학산책,徳寿宮人文学散策
경희궁 인문학산책,慶熙宮人文学散策
경희궁,慶熙宮
서울특별시 종로구 새문안로 45,ソウル特別市鍾路区セムンアンロ45
창경궁 인문학산책(야간),昌慶宮人文学散策（夜間）
창경궁 여행,昌慶宮への旅行
덕수궁 궁궐여행,徳寿宮宮殿旅行
북촌투어,北村ツアー
헌법재판소 정문 집결지 확인 필수,憲法裁判所正門集結地確認必須
"서울특별시 종로구 북촌로 15 , 헌법재판소",ソウル特別市鍾路区北村路15、憲法裁判所
다시 꿈을 꾸는 북촌,また夢を見る北村
북촌,北村
"서울특별시 종로구 율곡로 지하 62 , 3호선 안국역 4번 출구 앞",ソウル特別市鍾路区渓谷路地下62、3号線安国駅4番出口前
경복궁 여행,景福宮への旅行
서대문형무소 투어,西大門刑務所ツアー
서대문형무소역사관,西大門刑務所歴史館
서울특별시 서대문구 통일로 251,ソウル特別市西大門区統一路251
국립중앙박물관 투어,国立中央博物館ツアー
국립중앙박물관,国立中央博物館
서울특별시 용산구 서빙고동 용산동5가 서빙고로 137 국립중앙박물관,ソウル特別市 龍山区 西氷古洞 龍山洞 5街 西ビンゴロ 137 国立中央博物館
국립고궁박물관 인문학산책,国立故宮博物館人文学散策
고궁박물관,故宮博物館
서울특별시 종로구 효자로 12,ソウル特別市鍾路区孝子路12
선릉 인문학산책,日陵人文学散策
선릉,ソンルン
서울특별시 강남구 역삼1동 테헤란로 340 선릉,ソウル特別市江南区駅三1洞テヘランロ340サンルン
서울역사박물관 인문학산책,ソウル歴史博物館人文学散策
서울역사박물관,ソウル歴史博物館
서울특별시 종로구 사직동 신문로2가 새문안로 55 서울역사박물관,ソウル特別市 鍾路区 サジクドン新聞路2街 セムンアンロ 55 ソウル歴史博物館
국립중앙박물관 인문학산책2,国立中央博物館人文学散策2
국립중앙박물관 인문학산책1,国立中央博物館人文学散策1
낙산 이화마을 야행,ナクサン梨花村夜行
"낙산,이화마을",ナクサン、梨花村
서울특별시 종로구 종로 지하 302,ソウル特別市鍾路区鍾路地下302
예술인의 마을 서촌,アーティストの村西村
서촌투어,西村ツアー
정동투어,チョンドンツアー
시청역 1번 출구 밖 집결지 확인 필수,市役所1番出口外集結地確認必須
"서울특별시 중구 서소문로 지하 127 , 시청역 1번 출구 밖",ソウル特別市中区西小門路地下127、市役所駅1番出口外
정동 한바퀴,チョンドンワンホイール
영등포 한강 요트투어 ＜탑요트코리아＞,永登浦漢江ヨットツアー＜トップヨットコリア＞
탑요트코리아,トップヨットコリア
"서울특별시 영등포구 여의동로 252 , 한강 파라다이스",ソウル特別市永登浦区汝矣洞252、漢江パラダイス
영등포 한강 요트투어 ＜세일링파라다이스＞,永登浦漢江ヨットツアー＜セーリングパラダイス＞
세일링파라다이스,セーリングパラダイス
목동 종합사격장,木洞総合射撃場
목동 실탄사격장,木洞実弾射撃場
서울특별시 양천구 안양천로 939,ソウル特別市楊川区安陽川路939
플레이독스 애견동반카페 이용권,プレイドックス愛犬同伴カフェ利用券
플레이독스,プレイドックス
"서울특별시 광진구 능동로 163 , 지하 1층",ソウル特別市光津区能動路163、地下1階
클럽롤러힐,クラブローラーヒル
서울특별시 동대문구 답십리로 209,ソウル特別市東大門区ダプシリロ209
흉터,傷
씨어터 윤,シアターユン
서울특별시 마포구 와우산로 147-1,ソウル特別市麻浦区和傘路147-1
개그스테이지,ギャグステージ
K-POP STAGE,K-POP STAGE
서울특별시 마포구 와우산로21길 29,ソウル特別市麻浦区和傘路21ギル29
맥주 한잔 하실래요?,ビールを一杯飲みますか？
극장 더더더,劇場もっと
"서울특별시 중구 을지로38길 9-4 , 4층",ソウル特別市中区乙支路38ギル9-4、4階
코쿤쇼 : KOKOON SHOW,コクーンショー：KOKOON SHOW
케이팝스테이지 K-POP STAGE,K-POPステージK-POP STAGE
"서울특별시 마포구 와우산로21길 29 , 지하1층",ソウル特別市麻浦区和傘路21ギル29、地下1階
영시기,零時期
성수소극장,聖水素劇場
서울특별시 성동구 성덕정길 135,ソウル特別市城東区城徳町道135
OPCI,OPCI
타임스퀘어 B1 GATE 11 밖,タイムスクエアB1 GATE 11外
서울특별시 영등포구 영중로 15,ソウル特別市永登浦区永中路15
"헤일리 티프먼, 일상을 그리다",ヘイリーティフマン、日常を描く
마이아트뮤지엄 원그로브점,マイアートミュージアムワングローブ店
서울특별시 강서구 공항대로 165,ソウル特別市 江西区空港大通り 165
사랑의 단상 : Montage of Love,愛の単相: Montage of Love
뚝섬미술관,トゥクソム美術館
서울특별시 성동구 성수1가2동 아차산로 뚝섬미술관,ソウル特別市城東区城水1街2洞
어린이 마술쇼(송도),子供マジックショー（松島）
미리내 마술극단 송도점,ミリ内魔術劇団松島店
인천광역시 연수구 송도과학로16번길 33-4 D동 3층,仁川広域市延寿区松島科学路16番ギル33-4 D洞3階
어린이 마술쇼(수원),子供マジックショー（水原）
매직앤조이,マジック＆ジョイ
경기도 수원시 영통구 광교중앙로 124 갤러리아백화점 10층,京畿道水原市永通区光橋中央路124ギャラリア百貨店10階
일산 원마운트 펀웨이브,一山ワンマウントファンウェーブ
펀웨이브,ファンウェーブ
경기도 고양시 일산서구 한류월드로 300,京畿道高陽市一山西区韓流ワールド300
하피랜드 찜질스파/워터파크,ハーピランド・チムジルスパ/ウォーターパーク
하피랜드,ハーフィランド
경기도 화성시 팔탄면 시청로 888,京畿道華城市八面面市役所888
디거앤레이스(일산),デガー＆レース（一山）
디거앤레이스 고양일산점,デガー＆レース高陽一山店
"경기도 고양시 일산서구 한류월드로 300 , 1층 1248호",京畿道高陽市一山西区韓流ワールド300、1階1248号
디거앤레이스(김포),デガー＆レース（金浦）
디거앤레이스 김포라베니체점,デガー＆レースキムポラベニチェ店
"경기도 김포시 태장로 802 , 1층 108호",京畿道金浦市太蔵路802、1階108号
샌드라이빙(하남),サンドライビング（ハナム）
샌드라이빙 하남점,サンドライビング河南店
"경기도 하남시 미사강변중앙로 223 , 111호, 112호",京畿道河南市ミサガン辺中央路223、111号、112号
슬라라 인스파이어점,スララインスパイア店
"인천광역시 중구 공항문화로 127 , 인스파이어 엔터테인먼트 리조트 1층",仁川広域市中区空港文化路127、インスパイアエンターテイメントリゾート1階
플레이월드(용인),プレイワールド（龍仁）
플레이월드 용인점,プレイワールド龍仁店
"경기도 용인시 기흥구 중부대로 184 , 힉스유타워 상가동 B181호",京畿道龍仁市ギフン区中部大路184、ヒックスユタワーサンガドンB181
플레이월드(다산),プレイワールド（茶山）
플레이월드 다산점,プレイワールド多山店
경기도 남양주시 다산중앙로123번길 22,京畿道南楊州市多山中央路123番ギル22
플레이월드(미사),プレイワールド（ミサ）
플레이월드 미사점,プレイワールドミサ店
경기도 하남시 미사강변동로 73 12층,京畿道河南市ミサガン変動路73 12階
플레이월드(파주),プレイワールド（坡州）
플레이월드 파주점,プレイワールド坡州店
경기도 파주시 문발로 233,京畿道坡州市ムンバロ233
플레이월드(부천),プレイワールド（富川）
플레이월드 부천점,プレイワールド富川店
경기도 부천시 원미구 신흥로 150,京畿道富川市原美区新興路150
오산 오마이쥬 키즈파크,オサンオマイジュキッズパーク
경기도 오산시 경기대로632번길 89 오마이쥬,京畿道烏山市京畿道632番ギル89オマイジュ
양평 양떼목장,楊平羊群牧場
경기도 양평군 용문면 은고갯길 112,京畿道楊平郡龍門面ウンゴゴトギル112
청라 국제 롤러스케이트장,チョンラ国際ローラースケート場
국제롤러스케이트장,国際ローラースケート場
"인천광역시 서구 청라에메랄드로 99 , 지젤엠 건물 A동 3층",仁川広域市西区清羅エメラルドロ99、ジゼルエム建物A棟3階
인천 롤러스타 롤러스케이트장,仁川ローラースターローラースケート場
롤러스타 롤러스케이트장,ローラスターローラースケート場
"인천광역시 연수구 벚꽃로 106 , 연수광장프라자 7층",仁川広域市研修区桜で106、研修広場プラザ7階
덕포진교육박물관,徳浦ジン教育博物館
경기도 김포시 대곶면 덕포진로103번길 90,京畿道金浦市大浦面徳浦103号90
크로마 인도어 풀파티 MISTIQUE (인천),クロマインド語フルパーティーMISTIQUE（仁川）
클럽크로마,クラブクロマ
인천광역시 중구 영종해안남로321번길 186,仁川広域市中区永宗海岸南路321番道186
곤지암리조트 렌탈샵 BOSS,ゴンジアムリゾートレンタルショップBOSS
글라이더스 왕산(인천),グライダーズ王山（仁川）
글라이더스 왕산,グライダーズ王山
인천광역시 중구 왕산로35번길 8 글라이더스 왕산,仁川広域市中区王山路35番ギル8グライダーズ王山
화성 요트투어 ＜한진요트 영국재즈요트＞,火星ヨットツアー＜ハンジンヨットイギリスジャズヨット＞
한진요트 영국재즈요트,ハンジンヨットイギリスジャズヨット
"경기도 화성시 서신면 해안길 468-5 , 제부마리나 D16, D18",京畿道華城市西新面海岸路468-5、ゼブマリーナD16、D18
플라잉 수원,フライング水原
경기도 수원시 팔달구 경수대로 697,京畿道水原市パルダル区京畿道697
가평탑랜드 번지점프,加平タワーランドバンジージャンプ
가평탑랜드,加平タワーランド
"경기도 가평군 가평읍 북한강변로 1044-15 , 가평탑랜드",京畿道加平郡加平邑北漢江辺路1044-15、加平タワーランド
테일45 반려견운동장 이용권,テール45ペット犬運動場利用券
테일45,テール45
경기도 용인시 기흥구 고매로43번길 47,京畿道龍仁市ギフン区高梅路43番ギル47
도자기공방숲,陶器工房森
"경기도 동두천시 동두천로 7 , 1층",京畿道東豆川市東豆川路7、1階
스탠드업 코미디(광교),スタンドアップコメディ（狂橋）
세상 끝의 카페(용인),世の終わりのカフェ（龍仁）
디아나아트홀,ディアナアートホール
경기도 용인시 처인구 남사읍 천덕산로111번길 16,京畿道龍仁市処仁区南沙邑天徳山路111番ギル16
스탠드업 코미디(송도),スタンドアップコメディ（松島）
송도 메가박스,松島メガボックス
"인천광역시 연수구 송도과학로16번길 33-4 , 트리플스트리트 D동 2층",仁川広域市延寿区松島科学路16番ギル33-4、トリプルストリートD棟2階
코미디 매직쇼(송도),コメディマジックショー（松島）
코미디 매직쇼(수원),コメディマジックショー（水原）
빛의 화가 베르메르의 비밀 레플리카전,光の画家ベルメールの秘密レプリカ展
성남아트센터,城南アートセンター
경기도 성남시 분당구 성남대로 808 (야탑동),京畿道城南市盆唐区城南大路808（野塔洞）
레노부르크뮤지엄 ＜GLEAM:E 빛나＞(부천),レノブルクミュージアム＜GLEAM：E輝く＞（富川）
레노부르크뮤지엄,レノブルクミュージアム
경기도 부천시 오정구 신흥로511번길 180,京畿道富川市大正区新興路511番ギル180
"레노부르크뮤지엄 ＜빛을 찾았,나＞(부천)",レノブルクミュージアム＜光を見つけた、私＞（富川）
홍성남당항 새조개축제,ホン・ソンナムダン港新造開祭り
충청남도 홍성군,忠清南道ホンソン郡
충청남도 홍성군 홍북읍 상하리 산 1-2,忠清南道洪城郡洪北邑上海山1-2
구례산수유꽃축제,旧礼山授乳花祭り
전라남도 구례군,全羅南道旧礼郡
전라남도 구례군 토지면 문수리 산 17,全羅南道九礼郡土地面ムンスリ山17
서천 동백꽃 주꾸미 축제,西川椿の花桐祭り
충청남도 서천군,忠清南道西川郡
충청남도 서천군 마서면 금강로 1210,忠清南道西川郡マソミョン金剛路1210
양평 단월 고로쇠축제,楊平丹月ゴロッキーフェスティバル
경기도 양평군,京畿道楊平郡
경기도 양평군 양서면 양수리,京畿道楊平郡両西面ヤンスリ
논산딸기축제,ノンサンイチゴフェスティバル
충청남도 논산시,忠清南道論山市
충청남도 논산시 벌곡면 황룡재로 480-113,忠清南道論山市ハルゴクミョンファンリョンジェロ480-113
경주 대릉원돌담길 축제,慶州大陵園石垣祭り
경상북도 경주시,慶尚北道慶州市
경북 경주시 보문로 544,慶北慶州市普門路544
고령 대가야축제,高齢大賀野祭り
경상북도 고령군,慶尚北道高齢軍
경상북도 고령군 다산면 좌학리 969,慶尚北道高齢郡多山面座学里969
진해군항제,鎮海軍港制
경상남도 창원시,慶尚南道昌原市
경상남도 창원시 마산합포구 구산면 로봇랜드로 250,慶尚南道昌原市馬山合浦区区山面ロボットランド250
여수 영취산 진달래축제,麗水領臭山シャクナゲ祭り
전라남도 여수시,全羅南道麗水市
전라남도 여수시 수정동,全羅南道麗水市水晶洞
옥천묘목축제,玉川苗祭り
충청북도 옥천군,忠清北道オクチョン郡
충북 옥천군 군북면 방아실길 255,忠北オクチョン郡郡北面防衛室255
이천백사 산수유꽃축제,利川白砂山水油花祭り
경기도 이천시,京畿道利川市
경기도 이천시 모가면 사실로 984,京畿道利川市に行くと、実際には984
서귀포유채꽃축제,西帰浦菜の花まつり
제주특별자치도 서귀포시,済州特別自治道西帰浦市
제주특별자치도 서귀포시 서홍동 818-2,済州特別自治道西帰浦市西洪洞818-2
양평산수유한우축제,楊平山授乳韓フェスティバル
영암왕인문화축제,霊岩王人文化祭
전라남도 영암군,全羅南道永岩郡
전라남도 영암군 영암읍 개신리 산 89-2,全羅南道永岩郡永岩邑犬新里山89-2
기지시줄다리기 축제,基地の綱引きフェスティバル
충청남도 당진시,忠清南道唐津市
충청남도 당진시 석문면 왜목길 15-5,忠清南道唐津市ソクムンミョン15-5
서울스프링페스티벌,ソウルスプリングフェスティバル
서울 영등포구,ソウル永登浦区
서울특별시 영등포구 여의도동,ソウル特別市永登浦区汝矣島洞
의령 홍의장군 축제,義霊紅義将軍祭
경상남도 의령군,慶尚南道（キョンサンナムド）義霊郡
경남 의령군 대의면 신전리 산 17,慶南（キョンナム）義霊郡大義面シンジョンリ山17
진도신비의바닷길축제,神道神秘の海道祭り
전라남도 진도군,全羅南道珍島郡
전라남도 진도군 의신면 운림산방로 315,全羅南道珍島郡義新面雲林山房路315
단종문화제,廃止文化祭
강원특별자치도 영월군,江原特別自治道永月郡
강원특별자치도 영월군 영월읍 영흥리 154-3,江原特別自治道永月郡永月邑永興里154-3
양평 용문산 산나물축제,楊平龍門山山菜祭り
이천도자기축제,利川陶磁祭り
함평나비대축제,咸平蝶大祭り
전라남도 함평군,全羅南道咸平郡
전라남도 함평군 함평읍 석성리 523-1,全羅南道咸平郡咸平邑ソクソンリ523-1
아산 성웅 이순신축제,牙山城雄イ・スンシンフェスティバル
충청남도 아산시,忠清南道牙山市
충청남도 아산시 선장면 도고온천로 176-1,忠清南道牙山市船長面道後温泉路176-1
춘향제,春香祭
전북특별자치도 남원시,全北特別自治道南原市
전북특별자치도 남원시 요천로 1447,全北特別自治道南原市ヨチョンロ1447
담양 대나무축제,潭陽竹祭り
전라남도 담양군,全羅南道潭陽郡
전라남도 담양군 담양읍 향교리 산 44,全羅南道潭陽郡潭陽邑香教里山44
문경찻사발축제,ムンギョンティーボールフェスティバル
경상북도 문경시,慶尚北道文慶市
경상북도 문경시 문경읍 새재로 932,慶尚北道ムンギョン市ムンギョン邑932
보성다향대축제,宝城多香大祭り
전라남도 보성군,全羅南道宝城郡
전라남도 보성군 보성읍 녹차로 763-67,全羅南道宝城郡宝城邑緑茶路763-67
서울국제정원박람회,ソウル国際庭園博覧会
서울 성동구,ソウル城東区
서울 성동구 성수동2가 276-5,ソウル城東区城水洞2街276-5
울산옹기축제,蔚山オンギ祭
울산 울주군,蔚山蔚州郡
울산광역시 울주군 서생면 진하해변길 51,蔚山広域市蔚州郡西生面鎮河海道51
하동야생차문화축제,河東野生茶文化祭
경상남도 하동군,慶尚南道河東郡
경상남도 하동군 악양면 평사리길 66-7,慶尚南道河洞郡阿陽面平里66-7
부안마실축제,扶安魔祭り
전북특별자치도 부안군,全北特別自治道府安郡
전북특별자치도 부안군 변산면 격포리 301-1,全北特別自治道釜安郡変山面撃ポリ301-1
어린이·가족 예술축제 <톡톡>,子ども・家族芸術祭<トークトーク>
서울 양천구,ソウル楊川区
서울특별시 양천구 신정동 1068,ソウル特別市楊川区新正洞1068
연천구석기축제,ヨンチョンコーナーフェスティバル
경기도 연천군,京畿道延川郡
경기도 연천군 연천읍 부곡리 산 235,京畿道延川郡延川邑富谷里山235
영주 한국선비문화축제,永州韓国サンビ文化祭
경상북도 영주시,慶尚北道永州市
경상북도 영주시 순흥면 소백로 2740,慶尚北道永州市順興面小白路2740
밀양아리랑대축제,密陽アリラン大祭り
경상남도 밀양시,慶尚南道密陽市
경상남도 밀양시 중앙로 324,慶尚南道密陽市中央路324
해운대 모래축제,海雲台砂祭り
부산 해운대구,釜山海雲台区
부산광역시 해운대구 우동,釜山広域市海雲台区うどん
연등회,年等会
서울 종로구,ソウル鍾路区
화성 뱃놀이 축제,火星船遊び祭り
경기도 화성시,京畿道華城市
경기도 화성시 만세구 서신면 제부리,京畿道華城市万世区西新面
영주 소백산 철쭉제,永州小白山ツツジ
춘천마임축제,春川マイムフェスティバル
강원특별자치도 춘천시,江原特別自治道春川市
강원특별자치도 춘천시 남산면 남이섬길 1,江原特別自治道春川市南山面ナミ島1
음성품바축제,音声品バーフェスティバル
충청북도 음성군,忠清北道音声群
충청북도 음성군 금왕읍 백야로 461-97,忠清北道音声郡金王邑白夜路461-97
광안리어방축제,広安リア防祭り
부산 수영구,釜山水泳区
부산광역시 수영구 광안해변로 219,釜山広域市水泳区広安海路219
한산모시문화제,漢山モシ文化祭
울산태화강마두희축제,蔚山太和江マドゥヒ祭り
울산 중구,蔚山中区
울산광역시 중구 태화동 107,蔚山広域市中区太和洞107
대구치맥페스티벌,大邱チマックフェスティバル
대구 달서구,大邱ダルソグ
대구광역시 달서구 두류공원로 200,大邱広域市ダルソ区ドゥリュ公園路200
보령머드축제,保寧マッドフェスティバル
충청남도 보령시,忠清南道保寧市
충남 보령시 머드로 123,忠南保寧市マドロ123
정남진 장흥 물축제,チョンナムジンチャンフンウォーターフェスティバル
전라남도 장흥군,全羅南道長興郡
전라남도 장흥군 장흥읍 우드랜드길 180,全羅南道長興郡長興邑ウッドランドギル180
통영한산대첩축제,統営漢山大祭り
경상남도 통영시,慶尚南道統営市
경상남도 통영시 발개로 205,慶尚南道統営市発展路205
무주반딧불축제,ムジュホタル祭り
전북특별자치도 무주군,全北特別自治道武州郡
전북특별자치도 무주군 설천면 만선로 185,全北特別自治道武州郡雪川面万線路185
평창효석문화제,平昌ヒョソク文化祭
강원특별자치도 평창군,江原特別自治道平昌郡
강원특별자치도 평창군 대관령면 올림픽로 715,江原特別自治道平昌郡大官令面オリンピック路715
장수한우랑사과랑축제,長寿ハンウランりんご祭り
전북특별자치도 장수군,全北特別自治道長寿郡
전북특별자치도 장수군 번암면 방화동로 778,全北特別自治道長寿郡菅岩面防火洞778
부천국제만화축제,富川国際漫画祭り
경기도 부천시,京畿道富川市
경기도 부천시 원미구 조마루로 2,京畿道富川市原美区小丸路2
진안홍삼축제,ジンアンホンサムフェスティバル
전북특별자치도 진안군,全北特別自治道鎮安郡
전북특별자치도 진안군 마령면 동촌리 산 18,全北特別自治道鎮安郡馬寧面東村里山18
안동국제탈춤페스티벌,安東国際ダンスフェスティバル
경상북도 안동시,慶尚北道安東市
경상북도 안동시 풍천면 하회리 1176-1,慶尚北道安東市豊川面下里1176-1
김제지평선축제,キム・ジェジピョンサンフェスティバル
전북특별자치도 김제시,全北特別自治道キム・ジェシ
전북특별자치도 김제시 부량면 벽골제로 442,全北特別自治道キム・ジェシ
정선아리랑제,チョンソンアリランジェ
강원특별자치도 정선군,江原特別自治道チョンソン郡
강원특별자치도 정선군 사북읍 하이원길 265,江原特別自治道チョンソン郡サブク邑ハイウォンギル265
천안흥타령춤축제,天安興打霊踊り祭り
충청남도 천안시,忠清南道天安市
충청남도 천안시 동남구 성남면 소노로 1,忠清南道天安市東南区城南面ソノロ1
금산세계인삼축제,金山世界人参祭り
충청남도 금산군,忠清南道金山郡
충청남도 금산군 제원면 천내리 168-5,忠清南道錦山郡済原面チョンナリ168-5
부평풍물대축제,富平風物大祭り
인천 부평구,仁川富平区
인천광역시 부평구 광장로 6,仁川広域市富平区広場路6
산청한방약초축제,山清漢方薬草まつり
경상남도 산청군,慶尚南道山清郡
경상남도 산청군 금서면 동의보감로555번길 45-6,慶尚南道山清郡金西面洞555番ギル45-6
안성맞춤 남사당 바우덕이축제,おとぎ話のナムサダンバウドクフェスティバル
경기도 안성시,京畿道安城市
경기도 안성시 공도읍 대신두길 28,京畿道安城市公道邑の代わりに28
수원화성문화제,水原華城文化祭
경기도 수원시,京畿道水原市
경기도 수원시 장안구 영화동 320-2,京畿道水原市長安区映画洞320-2
광주 추억의 충장축제,光州の思い出の埋葬祭
광주 동구,光州東区
광주광역시 동구 금남로1가 12-7,光州広域市東区金南路1街12-7
임실N치즈축제,イムシルNチーズフェスティバル
전북특별자치도 임실군,全北特別自治道イムシル郡
전북특별자치도 임실군 성수면 도인2길 50,全北特別自治道イムシル郡ソンスミョンドイン2ギル50
세종한글축제,世宗ハングルフェスティバル
세종특별자치시 세종시,世宗特別自治区世宗市
세종특별자치시 합강동,世宗特別自治区合江洞
고창모양성제,高昌養成剤
전북특별자치도 고창군,全北特別自治道高昌郡
전북특별자치도 고창군 상하면 상하농원길 23,全北特別自治道高昌郡上面
강동선사문화축제,江東先史文化祭
서울 강동구,ソウル江東区
서울특별시 강동구 암사동 138,ソウル特別市江東区アムサドン138
동래읍성역사축제,東レ邑城歴史祭り
부산 동래구,釜山東レ区
부산광역시 동래구 온천장로107번길 32,釜山広域市東レ区温泉長老107番ギル32
목포항구축제,木浦港祭り
전라남도 목포시,全羅南道木浦市
전라남도 목포시 해양대학로 240,全羅南道木浦市海洋大学路240
순창장류축제,純昌長類祭り
전북특별자치도 순창군,全北特別自治道順昌郡
전북특별자치도 순창군 팔덕면 청계리 981,全北特別自治道順昌郡八徳面清渓里981
사천에어쇼,四川エアショー
경상남도 사천시,慶尚南道四川市
경상남도 사천시 사천대로 18,慶尚南道四川市四川大18
광주김치축제,光州キムチ祭り
광주 서구,光州西区
광주광역시 서구 쌍촌동 869-9,光州広域市西区双村洞869-9
김천김밥축제,キムチョンキムバプフェスティバル
경상북도 김천시,慶尚北道金川市
경상북도 김천시 교동 820-2,慶尚北道金川市京洞820-2
서귀포칠십리축제,西帰浦七十里祭り
여주오곡나루축제,ヨジュオゴングナルフェスティバル
경기도 여주시,京畿道ヨジュ市
경기도 여주시 산북면 금품1로 177,京畿道麗州市山北面金品1路177
구미라면 축제,欧米ラーメンフェスティバル
경상북도 구미시,慶尚北道亀尾市
경상북도 구미시 남통동 산 33,慶尚北道亀尾市南通洞山33
포항국제불빛축제,浦項国際ライトフェスティバル
경상북도 포항시,慶尚北道浦項市
경상북도 포항시 남구 호미곶면 대보리,慶尚北道浦項市南区北海岬面大麦
고창 벚꽃축제,高昌桜まつり
여주도자기축제,ヨジュ陶磁器祭り
경기 여주시 산북면 금품1로 177,京畿道麗州市山北面金品1路177
스카이워커스 vs 점보스,スカイウォーカー vs ジャンボス
천안유관순체육관,天安ユグァンスン体育館
충남 천안시 서북구 번영로 208,忠南天安市西北区繁栄路208
VIXTORM vs 스타즈,VIXTORM vs スターズ
수원체육관,水原体育館
경기 수원시 장안구 경수대로 893,京畿道水原市長安区京畿道893
GS칼텍스 서울KIXX vs 힐스테이트,GSカルテックスソウルKIXX vsヒルステート
수원 KT vs 원주 DB,水原KT対原州DB
수원 KT 소닉붐 아레나,水原KTソニックブームアリーナ
경기 수원시 권선구 서수원로577번길 171,京畿道水原市慶善区西水原路577番ギル171
LG vs 삼성,LG vsサムスン
경희대 선승관,キョンヒ大学
경기 용인시 기흥구 덕영대로 1732 ...,京畿道龍仁市ギフン区徳永大路1732 ...
현대모비스 vs 정관장,ヒュンダイモービス対正官
고양 소노 vs 부산 KCC,高陽ソノvs釜山KCC
고양소노아레나,高陽ソノアリーナ
경기 고양시 일산서구 중앙로 1601,京畿道高陽市一山西区中央路1601
수원 KT vs 대구 한국가스공사,水原KT対大邱韓国ガス公社
고양 소노 vs 울산 현대모비스,高陽ソノvs蔚山現代モービス
부산 KCC vs 서울 삼성,釜山KCC vsソウルサムスン
부산사직,釜山辞職
부산광역시,釜山広域市
안양 정관장 vs 수원 KT,安養定款長対水原KT
안양 정관장 아레나,安養定款場アリーナ
경기 안양시 동안구 평촌대로 389,京畿道安養市中区平村大路389
원주 DB vs 대구 한국가스공사,原州DB対大邱韓国ガス公社
원주DB프로미아레나,原州DBプロミアリーナ
강원 원주시 서원대로 281,江原原州市西原大路281
서울 삼성 vs 울산 현대모비스,ソウルサムスン対蔚山現代モービス
잠실실내체육관,チャムシル室内体育館
서울 송파구 잠실2동 잠실동 백제고분로 잠실체육관,ソウル松坡区蚕室2洞蚕室洞百済古墳蚕室体育館
원주 DB vs 안양 정관장,原州DB対安養定款
서울 SK vs 고양 소노,ソウルSK対高陽ソノ
잠실학생체육관,チャムシル学生ジム
서울특별시 송파구 올림픽로 25,ソウル特別市松坡区オリンピック路25
KT vs 미정,KT対未定
상무 vs 미정,商務対未定
대구 한국가스공사 vs 창원 LG,大邱韓国ガス公社対昌原LG
대구실내체육관,大邱室内体育館
대구 북구 대구체육관로 39,大邱北区大邱体育館路39
부산 KCC vs 수원 KT,釜山KCC対水原KT
울산 현대모비스 vs 서울 SK,蔚山ヒュンダイモビスvsソウルSK
울산동천체육관,蔚山洞天体育館
울산광역시 중구 염포로 85,蔚山広域市中区塩浦路85
고양 소노 vs 원주 DB,高陽ソノvs円柱DB
서울 삼성 vs 안양 정관장,ソウルサムスンvs安養正館長
창원 LG vs 서울 SK,昌原LG vsソウルSK
창원체육관,昌原体育館
경남 창원시 성산구 원이대로 450,慶南昌原市城山区ウォンデ通り450
대구 한국가스공사 vs 부산 KCC,大邱韓国ガス公社対釜山KCC
서울 삼성 vs 수원 KT,ソウルサムスン対水原KT
울산 현대모비스 vs 원주 DB,蔚山ヒュンダイモビス対原州DB
안양 정관장 vs 창원 LG,安養定款長対昌原LG
부산 KCC vs 서울 SK,釜山KCC vsソウルSK
미정 vs 미정,未定vs未定
대구 한국가스공사 vs 고양 소노,大邱韓国ガス公社対高陽ソノ
수원 KT vs 창원 LG,水原KT vs昌原LG
안양 정관장 vs 울산 현대모비스,安養定款長対蔚山現代モービス
원주 DB vs 서울 삼성,原州DB vsソウルサムスン
서울 SK vs 대구 한국가스공사,ソウルSK対大邱韓国ガス公社
창원 LG vs 부산 KCC,昌原LG vs釜山KCC
고양 소노 vs 안양 정관장,高陽ソノvs安養正館長
수원 KT vs 울산 현대모비스,水原KT対蔚山ヒュンダイモービス
서울 SK vs 서울 삼성,ソウルSK vsソウルサムスン
울산 현대모비스 vs 창원 LG,蔚山ヒュンダイモビス対昌原LG
수원 KT vs 고양 소노,水原KT対高陽ソノ
안양 정관장 vs 서울 SK,安養定款長 vsソウルSK
부산 KCC vs 원주 DB,釜山KCC対円周DB
서울 삼성 vs 대구 한국가스공사,ソウルサムスン対大邱韓国ガス公社
KT vs LG,KT vs LG
서울종합운동장 잠실야구장,ソウル総合運動場チャムシル野球場
서울특별시 송파구 올림픽로 19-2 서울종합운동장,ソウル特別市松坡区オリンピック路19-2ソウル総合運動場
KIA vs SSG,KIA vs SSG
인천SSG랜더스필드,仁川SSGランダースフィールド
인천광역시 미추홀구 매소홀로 618,仁川広域市ミチュホール区マソホロ618
롯데 vs 삼성,ロッテ対サムスン
대구삼성라이온즈파크,大邱サムスンライオンズパーク
대구광역시 수성구 야구전설로 1 대구삼성라이온즈파크,大邱広域市水城区野球伝説路1大邱サムスンライオンズパーク
두산 vs NC,斗山vs NC
창원NC파크,昌原NCパーク
경상남도 창원시 마산회원구 삼호로 63,慶尚南道昌原市馬山会員区三湖路63
키움 vs 한화,キウム対ハンファ
한화생명 이글스 파크,ハンファライフイーグルスパーク
대전광역시 중구 대종로 373,大田広域市中区大宗路373
KIA vs LG,KIA vs LG
키움 vs SSG,キウム vs SSG
두산 vs 삼성,斗山vsサムスン
롯데 vs NC,ロッテ対NC
KT vs 한화,KT対ハンファ
한화 vs 두산,ハンファvs斗山
SSG vs 롯데,SSG vs ロッテ
부산사직종합운동장사직야구장,釜山社職総合運動場社職野球場
부산광역시 동래구 사직로 55-32,釜山広域市東レ区サジクロ55-32
삼성 vs KT,サムスン対KT
수원 KT 위즈 파크,水原KTウィズパーク
경기도 수원시 장안구 경수대로 893 수원종합운동장(주경기장),京畿道水原市長安区京畿道893水原総合運動場（主競技場）
NC vs KIA,NC対KIA
광주-기아 챔피언스 필드,光州 - 起亜チャンピオンズフィールド
광주광역시 북구 서림로 10 무등종합경기장,光州広域市北区西林路10無等総合競技場
LG vs 키움,LG対キウム
고척스카이돔,高尺スカイドーム
서울특별시 구로구 경인로 430 (고척동),ソウル特別市区区区京仁路430（高尺洞）
키움 vs 두산,キウム対ドゥサン
한화 vs SSG,ハンファ vs SSG
KT vs 롯데,KT対ロッテ
LG vs NC,LG対NC
삼성 vs KIA,サムスン対KIA
SSG vs LG,SSG vs LG
NC vs 삼성,NC対サムスン
두산 vs KT,斗山vs KT
롯데 vs 키움,ロッテ対キウム
KIA vs 한화,KIA vsハンファ
롯데 vs LG,ロッテ対LG
두산 vs SSG,斗山vs SSG
KT vs NC,KT vs NC
키움 vs KIA,キウム vs KIA
삼성 vs 한화,サムスン対ハンファ
KIA vs 두산,KIA vs Doosan
한화 vs 롯데,ハンファvsロッテ
SSG vs NC,SSG vs NC
키움 vs KT,キウム対KT
한화 vs LG,ハンファ対LG
두산 vs 롯데,斗山vsロッテ
SSG vs 삼성,SSG vsサムスン
KIA vs KT,KIA vs KT
NC vs 키움,NC対キウム
LG vs 두산,LG対斗山
KT vs SSG,KT vs SSG
롯데 vs KIA,ロッテ対KIA
삼성 vs 키움,サムスン対キウム
NC vs 한화,NC対ハンファ
삼성 vs 두산,サムスン対斗山
키움 vs 롯데,キウム対ロッテ
KIA vs NC,KIA vs NC
LG vs KT,LG対KT
SSG vs 한화,SSG対ハンファ
NC vs LG,NC対LG
롯데 vs SSG,ロッテ vs SSG
한화 vs 삼성,ハンファvsサムスン
KT vs KIA,KT vs KIA
두산 vs 키움,斗山vsキウム
두산 vs LG,斗山vs LG
NC vs SSG,NC vs SSG
키움 vs 삼성,キウム対サムスン
롯데 vs KT,ロッテ対KT
한화 vs KIA,ハンファ対KIA
SSG vs 두산,SSG対斗山
KIA vs 롯데,KIA vs ロッテ
삼성 vs NC,サムスン対NC
KT vs 키움,KT vs キウム
LG vs 한화,LG対ハンファ
삼성 vs LG,サムスン対LG
NC vs 롯데,NC対ロッテ
SSG vs KT,SSG vs KT
두산 vs KIA,斗山vs KIA
한화 vs 키움,ハンファ対キウム
롯데 vs 두산,ロッテ対ドゥサン
LG vs SSG,LG vs SSG
KIA vs 삼성,KIA vs サムスン
키움 vs NC,キウム対NC
한화 vs KT,ハンファ対KT
NC vs 두산,NC対斗山
KT vs 삼성,KT vsサムスン
LG vs KIA,LG対KIA
SSG vs 키움,SSG vs キウム
롯데 vs 한화,ロッテ対ハンファ
키움 vs LG,キウム vs LG
삼성 vs 롯데,サムスン対ロッテ
NC vs KT,NC対KT
SSG vs KIA,SSG vs KIA
두산 vs 한화,斗山vsハンファ
KT vs 두산,KT対斗山
삼성 vs SSG,サムスン対SSG
LG vs 롯데,LG対ロッテ
한화 vs NC,ハンファ対NC
KIA vs 키움,KIA vs キウム
부산시설공단 vs 경남개발공사,釜山施設公団対慶南開発公社
부산 기장체육관,釜山キビ体育館
부산 기장군 기장읍 기장대로 650,釜山キジャン郡キジャン邑キジャンデ650
인천광역시청 vs 서울시청,仁川広域市役所 vs ソウル市役所
삼척시청 vs 대구광역시청,三che市役所対大邱広域市役所
광주도시공사 vs SK슈가글라이더즈,光州市公社対SKシュガーグライダーズ
하남시청 vs SK호크스,ハナム市役所対SKホークス
부산시설공단 vs 서울시청,釜山施設公団対ソウル市役所
상무 피닉스 vs 충남도청,常務フェニックス対忠南道庁
경남개발공사 vs 인천광역시청,慶南開発公社対仁川広域市役所
인천도시공사 vs 두산,仁川都市公社対斗山
SK슈가글라이더즈 vs 삼척시청,SKシュガーグライダーズ対三che市役所
광주도시공사 vs 대구광역시청,光州市公社対大邱広域市役所
상무 피닉스 vs 인천도시공사,常務フェニックス対仁川都市公社
삼척 시민체육관,三che市民体育館
강원 삼척시 뒷나루길 153,江原三陵市裏成路153
충남도청 vs SK호크스,忠南道庁vs SKホークス
하남시청 vs 두산,ハナム市役所対斗山
SK슈가글라이더즈 vs 대구광역시청,SKシュガーグライダーズ対大邱広域市役所
인천광역시청 vs 부산시설공단,仁川広域市役所対釜山施設公団
서울시청 vs 경남개발공사,ソウル市役所対慶南開発公社
삼척시청 vs 광주도시공사,三che市役所対光州都市公社
두산 vs 상무 피닉스,斗山vs常務フェニックス
인천도시공사 vs SK호크스,仁川都市公社対SKホークス
충남도청 vs 하남시청,忠南道庁対ハナム市役所
삼척시청 vs 경남개발공사,三che市役所対慶南開発公社
부산시설공단 vs SK슈가글라이더즈,釜山施設公団対SKシュガーグライダーズ
인천광역시청 vs 광주도시공사,仁川広域市役所対光州都市公社
대구광역시청 vs 서울시청,大邱広域市役所vsソウル市役所
충남도청 vs 두산,忠南道庁対斗山
인천도시공사 vs 하남시청,仁川都市公社対ハナム市役所
삼척시청 vs 부산시설공단,三陵市役所対釜山施設公団
경남개발공사 vs SK슈가글라이더즈,慶南開発公社vs SKシュガーグライダーズ
광주도시공사 vs 서울시청,光州市公社対ソウル市役所
인천광역시청 vs 대구광역시청,仁川広域市役所対大邱広域市役所
SK호크스 vs 상무 피닉스,SKホークスvs常務フェニックス
삼척시청 vs 인천광역시청,三che市役所対仁川広域市役所
SK슈가글라이더즈 vs 서울시청,SKシュガーグライダーズ対ソウル市役所
하남시청 vs 상무 피닉스,ハナム市役所対常務フェニックス
충남도청 vs 인천도시공사,忠南道庁対仁川都市公社
두산 vs SK호크스,斗山vs SKホークス
대구광역시청 vs 경남개발공사,大邱広域市役所対慶南開発公社
광주도시공사 vs 부산시설공단,光州市公社対釜山施設公団
부천 vs 강원,富川vs江原
부천 종합 운동장,富川総合運動場
경기 부천시 원미구 소사로 482,京畿道富川市原美区総佐路482
인천 vs 대전,仁川対大田
인천 축구 전용경기장,仁川サッカー専用スタジアム
인천 중구 도원동 참외전로 246,仁川中区東原洞メロン展246
포항 vs 서울,浦項vsソウル
포항 스틸야드,浦項スチールヤード
경북 포항시 남구 괴동동 동해안로 6261,慶北浦項市南区怪洞洞東海岸6261
성남 vs 충남아산,城南vs忠南アサン
탄천 종합 운동장,炭川総合運動場
경기 성남시 분당구 야탑로 5,京畿道城南市盆唐区野塔路5
파주 vs 전남,坡州対全南
파주 스타디움,坡州スタジアム
경기 파주시 중앙로 160,京畿道坡州市中央路160
김해 vs 수원,金海対水原
김해 종합 운동장,金海総合運動場
경남 김해시 가야로 245,慶南キム・ヘシガヤロ245
천안 vs 서울E,天安vsソウルE
천안 종합 운동장,天安総合運動場
울산 vs 김천,蔚山vsキムチョン
울산 문수 축구경기장,蔚山文水サッカースタジアム
울산 남구 무거동 옥현로 1,蔚山南区重洞洞オクヒョンロ1
화성 vs 용인,火星対龍仁
화성종합경기타운,火星総合競技タウン
경기 화성시 향남읍 향남로 470,京畿道華城市香南邑香南路470
부산 vs 대구,釜山対大邱
부산 구덕 운동장,釜山グドク運動場
부산 서구 망양로 33,釜山西区望陽路33
안양 vs 인천,安養対仁川
안양 종합 운동장,安養総合運動場
경기 안양시 동안구 비산동 1023,京畿道安養市龍区飛山洞1023
강원 vs 제주,江原vs済州
강릉하이원아레나,江陵ハイワンアリーナ
강원 강릉시 종합운동장길 69,江原江陵市総合運動場道69
포항 vs 부천,浦項vs富川
경남 vs 김포,慶南vs金浦
창원 축구센터,昌原サッカーセンター
경남 창원시 성산구 비음로 97,慶南昌原市城山区雨音路97
용인 vs 수원,龍仁vs水原
용인 미르스타디움,龍仁ミルスタジアム
경기 용인시 처인구 삼가동 28-6,京畿道龍仁市三仁洞28-6
충남아산 vs 화성,忠南牙山vs火星
이순신 종합운동장,李舜臣総合運動場
충남 아산시 풍기동 315-1,忠南牙山市豊城洞315-1
포항 vs 강원,浦項対江原
성남 vs 김포,城南vs金浦
천안 vs 전남,天安vs全南
안산 vs 경남,安山対慶南
안산 와~스타디움,アンサンワ〜スタジアム
경기 안산시 단원구 화랑로 260,京畿道安山市丹原区画廊路260
수원FC vs 파주,水原FC対坡州
수원 종합 운동장,水原総合運動場
대구 vs 서울E,大邱vsソウルE
대구iM뱅크PARK,大邱iMバンクPARK
대구 북구 고성동3가 고성로 191,大邱北区高城洞3街高城路191
용인 vs 전남,龍仁対全南
서울E vs 수원FC,ソウルE vs水原FC
목동 종합 운동장,木洞総合運動場
서울 양천구 안양천로 939,ソウル陽川区安陽天路939
포항 vs 대전,浦項対対戦
강원 vs 광주,江原vs広州
화성 vs 성남,火星対城南
경남 vs 부산,慶南vs釜山
안양 vs 서울,安養vsソウル
대구 vs 김포,大邱vs金浦
인천 vs 김천,仁川対キムチョン
파주 vs 김해,坡州vsキムヘ
안산 vs 충남아산,安山vs忠南牙山
포항 vs 제주,浦項対済州
부산 vs 용인,釜山対龍仁
수원FC vs 대구,水原FC対大邱
인천 vs 울산,仁川対蔚山
파주 vs 서울E,坡州vsソウルE
화성 vs 전남,火星対全南
천안 vs 충북청주,天安vs忠北清州
김천 vs 안양,キムチョン対安養
김천 종합 운동장,キムチョン総合運動場
경북 김천시 운동장길 1,慶北キムチョン市運動場道1
성남 vs 안산,城南vs安山
충남아산 vs 김해,忠南アサンvsキムヘ
울산 vs 서울,蔚山vsソウル
강원 vs 전북,江原vs全北
부산 vs 수원FC,釜山対水原FC
경남 vs 수원,慶南vs水原
부천 vs 인천,富川vs仁川
대구 vs 천안,大邱vs天安
울산 vs 광주,蔚山vs広州
안산 vs 서울E,安山vsソウルE
성남 vs 파주,城南vs坡州
포항 vs 안양,浦項vs安養
화성 vs 김포,火星対金浦
충남아산 vs 전남,忠南アサンvs全南
김천 vs 강원,キムチョン対カンウォン
안양 vs 울산,安養vs蔚山
포항 vs 광주,浦項対光州
강원 vs 서울,江原vsソウル
파주 vs 경남,坡州vs慶南
인천 vs 제주,仁川対済州
부천 vs 김천,富川vsキムチョン
천안 vs 성남,天安vs城南
안산 vs 전남,安山対全南
수원FC vs 김포,水原FC対金浦
서울E vs 화성,ソウルE vs火星
울산 vs 대전,蔚山vs大田
용인 vs 김해,龍仁vsキムヘ
울산 vs 포항,蔚山vs浦項
인천 vs 강원,仁川対江原
안양 vs 부천,安養vs富川
대구 vs 경남,大邱vs慶南
화성 vs 안산,火星対安山
서울E vs 김포,ソウルE vs 金浦
천안 vs 충남아산,天安vs忠南アサン
파주 vs 충북청주,坡州vs忠北清州
김해 vs 부산,金海vs釜山
용인 vs 성남,龍仁vs城南
수원FC vs 수원,水原FC対水原
부천 vs 제주,富川vs済州
김천 vs 울산,キムチョン対蔚山
강원 vs 포항,江原vs浦項
충남아산 vs 서울E,忠南牙山vsソウルE
화성 vs 수원FC,火星対水原FC
김천 vs 인천,キムチョン対仁川
울산 vs 부천,蔚山vs富川
성남 vs 전남,城南vs全南
안양 vs 전북,安養vs全北
안산 vs 용인,安山対龍仁
부산 vs 천안,釜山vs天安
경남 vs 김해,慶南vsキムヘ
강원 vs 대전,江原vs大田
인천 vs 포항,仁川対浦項
울산 vs 제주,蔚山vs済州
안양 vs 김천,安養vsキムチョン
부천 vs 전북,富川vs全北
서울E vs 용인,ソウルE vs 龍仁
인천 vs 광주,仁川対光州
천안 vs 파주,天安vs坡州
안산 vs 김포,安山対金浦
성남 vs 경남,城南vs慶南
김해 vs 대구,金海vs大邱
화성 vs 부산,火星対釜山
강원 vs 울산,江原vs蔚山
부천 vs 포항,富川vs浦項
수원FC vs 충남아산,水原FC対忠南牙山
경남 vs 수원FC,慶南vs水原FC
용인 vs 충남아산,龍仁vs忠南牙山
대구 vs 안산,大邱vs安山
서울E vs 성남,ソウルE vs城南
파주 vs 김포,坡州 vs 金浦
부산 vs 파주,釜山vs坡州
충남아산 vs 수원,忠南牙山vs水原
용인 vs 대구,龍仁対大邱
김해 vs 김포,キムヘvsキムポ
수원FC vs 성남,水原FC対城南
화성 vs 경남,火星対慶南
안산 vs 천안,安山vs天安
대구 vs 파주,大邱vs坡州
부산 vs 충남아산,釜山vs忠南アサン
성남 vs 김해,城南vsキムヘ
경남 vs 용인,慶南vs龍仁
화성 vs 수원,火星対水原
천안 vs 수원FC,天安vs水原FC
서울E vs 충북청주,ソウルE vs忠北清州
김포 vs 전남,金浦対全南
김포솔터축구장,金浦ソルターサッカー場
경기 김포시 마산동 642-1,京畿道金浦市馬山洞642-1
안양 vs 포항,安養対浦項
안산 vs 수원FC,安山対水原FC
파주 vs 용인,坡州 vs 龍仁
김천 vs 제주,キムチョン対済州
김해 vs 서울E,金海vsソウルE
김포 vs 충남아산,金浦vs忠南アサン
경남 vs 천안,慶南vs天安
수원FC vs 전남,水原FC対全南
천안 vs 김해,天安vsキムヘ
울산 vs 전북,蔚山vs全北
김천 vs 부천,キムチョン対ブチョン
안산 vs 수원,安山対水原
대구 vs 성남,大邱vs城南
화성 vs 파주,火星対坡州
용인 vs 충북청주,龍仁vs忠北清州
인천 vs 안양,仁川対安養
충남아산 vs 경남,忠南アサンvs慶南
부산 vs 김포,釜山vs金浦
강원 vs 김천,江原vsキムチョン
인천 vs 전북,仁川対全北
김포 vs 대구,金浦対大邱
수원FC vs 서울E,水原FC vsソウルE
성남 vs 부산,城南vs釜山
안양 vs 광주,安養vs広州
부천 vs 서울,富川vsソウル
경남 vs 안산,慶南vs安山
용인 vs 화성,龍仁vs火星
울산 vs 인천,蔚山vs仁川
부천 vs 안양,富川vs安養
서울E vs 천안,ソウルE vs 天安
김해 vs 충북청주,金海vs忠北清州
포항 vs 전북,浦項vs全北
김천 vs 대전,キムチョン対対戦
부산 vs 수원,釜山対水原
대구 vs 수원FC,大邱vs水原FC
화성 vs 충남아산,火星対忠南峨山
안양 vs 강원,安養vs江原
인천 vs 부천,仁川対富川
김포 vs 용인,金浦対龍仁
파주 vs 안산,坡州vs安山
강원 vs 부천,江原vs富川
포항 vs 김천,浦項対キムチョン
충남아산 vs 성남,忠南アサンvs城南
천안 vs 용인,天安対龍仁
화성 vs 대구,火星対大邱
울산 vs 안양,蔚山vs安養
부산 vs 서울E,釜山vsソウルE
김포 vs 경남,金浦vs慶南
안산 vs 김해,安山vsキムヘ
충남아산 vs 안산,忠南牙山vs安山
김포 vs 충북청주,金浦vs忠北清州
경남 vs 대구,慶南vs大邱
화성 vs 서울E,火星vsソウルE
용인 vs 부산,龍仁vs釜山
안양 vs 대전,安養対対戦
부천 vs 광주,富川対光州
강원 vs 인천,江原vs仁川
김천 vs 서울,キムチョン vs ソウル
포항 vs 울산,浦項vs蔚山
파주 vs 수원FC,坡州対水原FC
성남 vs 천안,城南vs天安
김해 vs 경남,キム・ヘ vs 慶南
부산 vs 화성,釜山対火星
울산 vs 강원,蔚山vs江原
서울E vs 안산,ソウルE vs安山
대구 vs 충남아산,大邱vs忠南牙山
김포 vs 천안,金浦vs天安
파주 vs 성남,坡州vs城南
대구 vs 부산,大邱vs釜山
수원FC vs 김해,水原FC対キムヘ
천안 vs 수원,天安vs水原
안산 vs 성남,安山対城南
충남아산 vs 용인,忠南牙山vs龍仁
서울E vs 파주,ソウルE vs坡州
김천 vs 전북,キムチョン対全北
안산 vs 대구,安山対大邱
김포 vs 수원,金浦対水原
경남 vs 파주,慶南vs坡州
화성 vs 충북청주,華城vs忠北清州
성남 vs 서울E,城南vsソウルE
김해 vs 용인,キム・ヘ vs 龍仁
수원FC vs 부산,水原FC対釜山
파주 vs 대구,坡州 vs 大邱
부천 vs 대전,富川対対戦
부산 vs 안산,釜山対安山
천안 vs 화성,天安対火星
용인 vs 수원FC,龍仁vs水原FC
김해 vs 전남,キム・ヘ vs 全南
김천 vs 광주,キムチョン対光州
김포 vs 성남,金浦vs城南
대구 vs 용인,大邱vs龍仁
서울E vs 수원,ソウルE vs水原
안산 vs 화성,安山対火星
충남아산 vs 충북청주,忠南牙山vs忠北清州
경남 vs 성남,慶南vs城南
부산 vs 김해,釜山vsキムヘ
수원FC vs 천안,水原FC対天安
충남아산 vs 천안,忠南牙山vs天安
서울E vs 대구,ソウルE vs大邱
김포 vs 부산,金浦対釜山
안산 vs 충북청주,安山vs忠北清州
용인 vs 경남,龍仁vs慶南
김해 vs 파주,金海vs坡州
성남 vs 화성,城南vs火星
수원FC vs 화성,水原FC対火星
김포 vs 서울E,金浦vsソウルE
파주 vs 부산,坡州vs釜山
천안 vs 경남,天安vs慶南
김해 vs 충남아산,キム・ヘvs忠南アサン
대구 vs 충북청주,大邱vs忠北清州
성남 vs 수원FC,城南vs水原FC
용인 vs 안산,龍仁vs安山
김포 vs 파주,金浦vs坡州
경남 vs 충남아산,慶南vs忠南アサン
서울E vs 김해,ソウルE vsキムヘ
부산 vs 전남,釜山対全南
김포 vs 김해,金浦vsキムヘ
성남 vs 수원,城南vs水原
충남아산 vs 수원FC,忠南牙山vs水原FC
부산 vs 경남,釜山vs慶南
천안 vs 안산,天安vs安山
파주 vs 화성,坡州対火星
경남 vs 화성,慶南vs火星
용인 vs 서울E,龍仁vsソウルE
충남아산 vs 김포,忠南牙山 vs 金浦
대구 vs 수원,大邱vs水原
수원FC vs 안산,水原FC対安山
김해 vs 천안,金海vs天安
성남 vs 대구,城南vs大邱
수원FC vs 경남,水原FC対慶南
김포 vs 안산,金浦vs安山
김해 vs 화성,キム・ヘvs火星
서울E vs 전남,ソウルE vs全南
천안 vs 부산,天安vs釜山
파주 vs 충남아산,坡州vs忠南牙山
부산 vs 충북청주,釜山vs忠北清州
김포 vs 수원FC,金浦対水原FC
성남 vs 용인,城南vs龍仁
대구 vs 김해,大邱vsキムヘ
파주 vs 천안,坡州vs天安
서울E vs 충남아산,ソウルE vs忠南アサン
용인 vs 파주,龍仁vs坡州
충남아산 vs 부산,忠南牙山vs釜山
천안 vs 대구,天安対大邱
김해 vs 성남,キムヘvs城南
김포 vs 화성,金浦vs火星
경남 vs 서울E,慶南vsソウルE
수원FC vs 충북청주,水原FC対忠北清州
만족도 최고! 유럽현지활동선생님의 국립중앙박물관 그리스로마전 어린이도슨트,満足度最高！ヨーロッパ現地活動先生の国立中央博物館ギリシャローマ前の子供たち
"국립중앙박물관 1층(내부)-검색대 통과하자마자 오른쪽에 보이는 에스컬레이터 앞
자세한 미팅장소는 투어전날 신청하신 연락처로 안내문자 드립니다.","国立中央博物館1階（内部） - 検索台を通過するとすぐに右に見えるエスカレーター前
詳しいミーティング場所はツアー前日に申し込んだ連絡先に案内文字を差し上げます。"
서울 용산구 서빙고동 용산동5가 서빙고로 137,ソウル龍山区サービンゴドン龍山洞5街サービンゴロ137
국립중앙박물관 그리스로마전 어린이 체험학습 역사 도슨트,国立中央博物館ギリシャローマ展子供体験学習歴史ドーセント
가족과 함께! 그리스 로마전 도슨트 투어,家族と一緒に！ギリシャローマ戦ドーセントツアー
국립중앙박물관 전시관 3층 세계문화관,国立中央博物館展示館3階世界文化館
국립중앙박물관-레벨업 한국사 초등 역사 체험,国立中央博物館 - レベルアップ韓国史初等歴史体験
국립중앙박물관 상설전시실 로비,国立中央博物館常設展示室ロビー
화성행궁 가이드 역사 투어,華城行宮ガイド歴史ツアー
화성행궁 신풍루 매표소 앞,華城行宮新風路切符売り場前
경기 수원시 팔달구 정조로 825,京畿道水原市パルダルチョンチョロ825
국립중앙박물관 초등 한국사 4회 특강 역사 도슨트 체험 짱짱하게!!,国立中央博物館初等韓国史4回特講歴史ドーソント体験ちゃんちゃんに！
국립중앙박물관 역사관,国立中央博物館歴史館
국립중앙박물관 그리스로마 초등 세계사 특강,国立中央博物館ギリシャローマ初等世界史特講
국립중앙박물관 로비,国立中央博物館ロビー
사다리세계사 그리스와 로마 도슨트 투어 국립중앙박물관,はしご世界史ギリシャとローマドーセントツアー国立中央博物館
가족과 함께 경복궁! 궁궐 도슨트 투어,家族と一緒に景福宮！宮殿ドーセントツアー
흥례문 입장 후 좌측 물품보관함,興礼門入場後、左の物品保管箱
프리미엄 어린이 역사 체험 학습: 국립경주박물관,プレミアム子供の歴史体験学習：国立慶州博物館
국립경주박물관 내 물품보관함 앞,国立慶州博物館内の物品保管箱の前
경북 경주시 일정로 186,慶北慶州市スケジュール186
가족과 함께! 최고의 박물관 역사 도슨트,家族と一緒に！最高の博物館歴史ドーセント
국립중앙박물관 전시관,国立中央博物館展示館
아이와 함께 궁궐투어 달빛궁궐 창경궁,子供との宮殿ツアー月光宮殿昌慶宮
서울특별시 종로구 창경궁로 185 창경궁,ソウル特別市鍾路区昌慶宮路185昌慶宮
서울특별시 종로구 창경궁로 185,ソウル特別市鍾路区昌慶宮路185
경복궁 역사체험 가족여행 도슨트 투어,景福宮歴史体験家族旅行ドーセントツアー
경복궁역 5번 출구,景福宮駅5番出口
서울 종로구 사직로 161,ソウル鍾路区サジクロ161
핵심을 콕콕 집어주는 전쟁기념관 6.25 전쟁,コアをコックコック拾う戦争記念館 6.25 戦争
전쟁기념관 로비에서 체험 시작 10분 전에 만납니다.,戦争記念館のロビーで体験開始10分前に会います。
서울 용산구 이태원로 29,ソウル龍山区梨泰院路29
예비초 그리스가 로마에게 로마가 그리스에게 - 국립중앙박물관,予備秒ギリシャがローマにローマがギリシャに - 国立中央博物館
"세종 충무공이야기, 역사의 절정속으로!",世宗忠武工物語、歴史の絶頂の中へ！
서울 종로구 세종대로 175 광화문 광장 세종대왕 동상,ソウル鍾路区世宗大路175光化門広場世宗大王像
예비초 우리 역사 맛보기 2회 완성 - 국립중앙박물관,予備町私たちの歴史を試す2回完成 - 国立中央博物館
서대문형무소역사관 초등 한국사 어린이 역사체험,西大門刑務所歴史館小学校韓国史子供歴史体験
서대문형무소 역사관 입구,西大門刑務所歴史館入口
서울 서대문구 통일로 251,ソウル西大門区統一路251
함께늘봄 국립중앙박물관 초등한국사 4회 완성!,一緒に伸びる国立中央博物館初等韓国史4回完成！
초등 세종충무공이야기로 모여라!,初等世宗忠武公物語に集まろう！
광화문 광장 세종대왕 동상 앞,光化門広場世宗大王像の前
경복궁으로 떠나는 조선 한국사 초등 역사체험,景福宮に出る朝鮮韓国史初等歴史体験
서울시 종로구 효자로 12 국립고궁박물관,ソウル市鍾路区孝子路12国立故宮博物館
서울시 종로구 효자로 12,ソウル市鍾路区孝子路12
세계사시리즈 2탄! 국립세계문자박물관에서 역사탐험 떠나요,世界四シリーズ第2弾！国立世界文字博物館で歴史を探索します。
국립세계문자박물관 로비,国立世界文字博物館ロビー
인천 연수구 센트럴로 217,仁川研修区セントロ217
"술술 풀리는 궁궐따라 조선 탐험(경복궁, 창덕궁, 창경궁, 덕수궁)",酒を解く宮殿に沿って朝鮮探検（景福宮、昌徳宮、昌慶宮、徳寿宮）
각 궁궐의 정문 앞,各宮殿の正門前
국립항공박물관 도슨트 투어,国立航空博物館ドーセントツアー
국립항공박물관 로비,国立航空博物館ロビー
"한반도 역사의 모든 것이 알고 싶다면? ""국립중앙박물관""",朝鮮半島の歴史のすべてが知りたいのなら？ 「国立中央博物館」
프리미엄 어린이 역사 체험 학습: 불국사,プレミアム子供の歴史体験学習：仏国寺
불국사 정문 앞,仏国寺正門前
경북 경주시 불국로 385,慶北慶州市仏国路385
국립중앙박물관 세계사 시리즈3 '인더스에서 황하까지~ 중국&인도',国立中央博物館世界史シリーズ3「インダスから黄河まで〜中国＆インド」
"국립중앙박물관 3층 세계문화관 중국실, 인도실",国立中央博物館3階世界文化館中国室、インド室
"인기최고 그리스로마전 2탄(심화편) 키즈도슨트 수업, 더 깊어진 두번째 이야기",人気最高ギリシャローマ戦2弾（深化編）キッズドーソント授業、より深くなった第2話
"한반도의 모든 역사가 있는 곳, 롯데월드 민속박물관",朝鮮半島のすべての歴史があるところ、ロッテワールド民俗博物館
롯데월드 민속박물관,ロッテワールド民俗博物館
서울 송파구 올림픽로 240,ソウル松坡区オリンピック路240
예비초를 위한 세종충무공이야기 광화문에서 만나요!,予備秒のための世宗忠武公物語光化門で会いましょう！
세종대왕 동상,世宗大王像
경기 여주시 홍문동,京畿道麗州市ホンムンドン
"독립운동의 역사, 자유를 위한 여정",独立運動の歴史、自由のための旅
독립기념관,独立記念館
충남 천안시 동남구 목천읍 독립기념관로 1,忠南天安市東南区木川邑独立記念館1
대한민국의 기본을 배우다,大韓民国の基本を学ぶ
법원전시관,裁判所展示館
서울특별시 서초구 서초대로 219,ソウル特別市瑞草区瑞草大路219
"아름다운 우리의 미술사, 서울공예박물관",美しい私たちの美術史、ソウル工芸博物館
서울공예박물관,ソウル工芸博物館
서울특별시 종로구 율곡로3길 4,ソウル特別市鍾路区渓谷路3ギル4
"궁궐 도슨트 역사 투어, 가족과 함께 창경궁!",宮殿ドーソント歴史ツアー、家族と一緒に昌慶宮！
서울 종로구 이화동 연건동 창경궁로 185,ソウル鍾路区梨花洞延建洞昌慶宮路185
대한민국 역사의 시작,韓国の歴史の始まり
국립 대한민국임시정부 기념관,国立大韓民国臨時政府記念館
서울 서대문구 통일로 279-24,ソウル西大門区統一路279-24
"조선왕조 500년 역사여행 ""국립고궁박물관""",朝鮮王朝500年歴史旅行「国立故宮博物館」
국립고궁박물관,国立故宮博物館
서울 종로구 효자로 12,ソウル鍾路区孝子路12
"궁궐 도슨트 역사 투어, 가족과 함께 덕수궁!",宮殿ドーソント歴史ツアー、家族と一緒に徳寿宮！
서울 중구 세종대로 99,ソウル中区世宗大路99
서울역사박물관 어린이 초등 한국사 역사체험,ソウル歴史博物館子供小学校韓国史歴史体験
서울역사박물관 1층 로비,ソウル歴史博物館1階ロビー
서울 종로구 사직동 신문로2가 새문안로 55,ソウル鍾路区サジクドン新聞路2街セムンアンロ55
궁궐미션투어 2탄 창덕궁 : 창덕궁 어차,宮殿ミッションツアー第2弾昌徳宮：昌徳宮
창덕궁 매표소 앞,昌徳宮のチケット前
서울 종로구 율곡로 99,ソウル鍾路区渓谷路99
부산 속 역사와 과학 이야기,釜山の歴史と科学の物語
복천박물관,福川博物館
부산 동래구 복천로 63,釜山東レ区福川路63
일본 스페이스 일일캠프! JAXA츠쿠바우주센터 패밀리투어 & 츠쿠바엑스포센터 키즈도슨트,日本スペースデイリーキャンプ！ JAXAつくば宇宙センターファミリーツアー＆つくばエキスポセンターキッズドーセント
츠쿠바 역,つくば駅
서울 강남구 삼성로96길 6 LG트윈텔1차 1501호,ソウル江南区サムスン路96ギル6 LGツインテル1次1501号
부산에서 만나는 전쟁과 평화의 역사,釜山で出会う戦争と平和の歴史
유엔평화기념관,国連平和記念館
부산 남구 홍곡로320번길 106,釜山南区洪谷路320番ギル106
사다리 세계사 2탄ㅣ 중국&일본 전 ㅣ초등역사체험,はしご世界史第2弾ㅣ中国＆日本全ㅣ初等歴史体験
국립중앙과학관(한국과학기술사관)_우리나라 과학과 인류사를 한번에!,国立中央科学館（韓国科学技術士官）_我が国科学と人類史を一度に！
국립중앙과학관 한국과학기술사관,国立中央科学館韓国科学技術士官
대전 유성구 대덕대로 481,大田儒城区大徳大路481
서울 국립고궁박물관 도슨트 투어 역사 탐방 초등 한국사 교육,ソウル国立故宮博物館ドーセントツアー歴史探訪小学校韓国史教育
국립중앙박물관 도슨트 수업으로 하루에 정리하는 삼국~조선 한국사,国立中央博物館ドーソント授業で一日にまとめる三国～朝鮮韓国史
"서울 용산구 서빙고로 137, 국립중앙박물관",ソウル龍山区サービンゴロ137、国立中央博物館
서울 용산구 서빙고로 137,ソウル龍山区サービンゴロ137
"공쌤과 경주역사지구 도보투어 함께해요! -대릉원,첨성대,동궁과월지(야경포함)",コンサムと慶州歴史地区徒歩ツアー一緒に！ -大陵園、瞻星台、東宮と月寺（夜景含む）
대릉원,大陵園
경북 경주시 황남동 31-1,慶北慶州市黄南洞31-1
"2026년 1학년을 위한 쉬운 한국사, 국립중앙박물관 역사 도슨트 투어",2026年1年生のための簡単な韓国史、国立中央博物館歴史ドーセントツアー
유럽 문명의 시작! 국립중앙박물관 그리스로마 도슨트 어린이 투어 역사체험,ヨーロッパ文明の始まり！国立中央博物館ギリシャローマドーセント子供ツアー歴史体験
아이와함께 - 서대문형무소 투어로 만나는 일제강점기 이야기,子供と一緒に - 西大門刑務所ツアーで会う日帝強占期の物語
서대문형무소역사관 (서울 서대문구 통일로 251 서대문형무소역사관) 입구,西大門刑務所歴史館（ソウル西大門区統一路251西大門刑務所歴史館）入口
"공쌤과 국립경주박물관,황룡사역사문화관 나들이 갈 사람 손!",コンサムと国立慶州博物館、黄龍史歴史文化館に行く人手！
황룡사 역사 문화관,黄龍寺歴史文化館
경북 경주시 임해로 64-19,慶北慶州市臨海路64-19
사방신과 함께하는 경복궁 대모험(보호자 1인 무료),四方神と共にいる景福宮大冒険（保護者1人無料）
경복궁 입장권 제출하는 입구로 들어오자마자 좌측 물품보관소 앞,景福宮への入場券を提出する入口に入るとすぐに、左側の物品保管所の前で
정조와 함께 걷는 수원 화성 야간 성곽길 투어,チョンジョと一緒に歩く水原華城の夜の城郭道ツアー
연무대 안내소 앞,煙舞台案内所前
경기 수원시 팔달구 창룡대로103번길 8,京畿道水原市八達区昌龍大路103番ギル8
온가족이 함께하는 국립중앙박물관 도슨트 | 전연령 투어,家族全員が一緒にいる国立中央博物館ドーセント全年齢ツアー
국립중앙박물관 도슨트 수업으로 배우는 선사~조선 4회 한국사 정복 투어,国立中央博物館ドーソント授業で学ぶ先史～朝鮮4回韓国史征服ツアー
"국립중앙박물관 선사시대 초등저학년 ""Premium"" 역사탐험대 Season3",国立中央博物館先史時代初等低学年「Premium」歴史探検隊 Season3
국립중앙박물관 1층 뮤지엄샵 앞,国立中央博物館1階ミュージアムショップ前
그리스로마 별자리탐험대 6-8세 전용! 그리스로마 신화와 별자리를 한번에!,ギリシャローマ星座探検隊6-8歳専用！ギリシャローマ神話と星座を一度に！
해지고 걷는 달빛 속 아이와함께 창경궁 투어,成長して歩く月明かりの中の子供と一緒に昌慶宮ツアー
창경궁 홍화문 매표소 앞,昌慶宮ホンファムン切符売り場前
그리스로마 신화와 별자리를 한번에 알아보는 시간! - (8 -10세),ギリシャの神話と星座を一度に調べる時間！ - (8 -10歳)
고학년 전용! 그리스로마 신화와 세계사를 한번에 - 그리스로마전(11세이상),高学年専用！ギリシャローマ神話と世界史を一度に - ギリシャローマ展（11歳以上）
"국립중앙박물관 삼국시대 초등저학년 ""Premium"" 역사탐험대 Season3",国立中央博物館三国時代初等低学年「Premium」歴史探検隊 Season3
국립고궁박물관에서 조선시대로 떠나는 역사 시간여행! | 조선의 궁궐과 왕실이야기,国立故宮博物館から朝鮮時代に去る歴史時間旅行！ |朝鮮の宮殿と王室物語
국립고궁박물관 (경복궁역 5번출구에 위치) 내부 2층 스크린 앞,国立故宮博物館（景福宮駅5番出口に位置）内部2階スクリーン前
경복궁 미취학 역사탐험대 - 세종대왕의 하루 따라가기 (6-8세),景福宮未就学歴史探検隊 - 世宗大王の一日を追う（6-8歳）
창경궁 조선역사기행(아이와 함께),昌慶宮朝鮮歴史行き（子供と一緒に）
창경궁 입장 후 다리(옥천교) 인근에서 담당강사와 통화 후 만남,昌慶宮入場後橋（オクチョン橋）付近で担当講師と通話後に出会う
"국립중앙박물관 선사시대 초등고학년 ""Premium"" 역사탐험대 Season3",国立中央博物館先史時代初等高学年「Premium」歴史探検隊 Season3
공쌤과 함께 만나요! 신라와 조선!!,ゴンサムと会いましょう！新羅と朝鮮!!
월정교 공영주차장,月精橋公営駐車場
경북 경주시 교동 153-5,慶北慶州市京洞153-5
미취학 전용! 조선시대 보물찾기 역사탐험대 - 국립중앙박물관,未就学専用！朝鮮時代の宝探し歴史探検隊 - 国立中央博物館
이슬람 미술 '찬란한 빛의 여정' 국립중앙박물관 도슨트 투어,イスラム美術「光り輝く旅」国立中央博物館ドーセントツアー
프리미엄 어린이 역사 체험 학습: 대릉원,プレミアム子供の歴史体験学習：大陵園
대릉원 주차장 앞 대릉원 정문,大陵原駐車場前大陵園正門
미취학 전용! 대한민국 근현대사 보물찾기 역사탐험대 - 대한민국역사박물관,未就学専用！大韓民国近現代史宝探し歴史探検隊 - 大韓民国歴史博物館
대한민국역사박물관 1층 안내데스크 앞,大韓民国歴史博物館1階案内デスク前
서울 종로구 세종대로 198,ソウル鍾路区世宗大路198
"창덕궁 ""Premium"" 초등 역사탐험대 Season 2 (8-13세)",昌徳宮「Premium」初等歴史探検隊 Season 2（8-13歳）
국립중앙박물관 도슨트 투어(초등 고학년~성인),国立中央博物館ドーセントツアー（初等高学年～大人）
국립중앙박물관 상설전시관,国立中央博物館常設展示館
초등 저학년 전용! 조선시대 보물찾기 역사탐험대 - 국립중앙박물관,初等低学年専用！朝鮮時代の宝探し歴史探検隊 - 国立中央博物館
초등 고학년 전용! 조선시대 보물찾기 역사탐험대 - 국립중앙박물관,小学校高学年専用！朝鮮時代の宝探し歴史探検隊 - 国立中央博物館
초등 한국과학탐험대! 한국사 속 숨겨진 과학 기술을 찾아! - 국립과천과학관,初等韓国科学探検隊！韓国史の中に隠された科学技術を見つけよう！ - 国立果川科学館
국립과천과학관,国立果川科学館
경기도 과천시 상하벌로 110 (과천동),京畿道果川市上下俗路110（果川洞）
초등 저학년 전용! 대한민국 근현대사 보물찾기 역사탐험대 -대한민국역사박물관,初等低学年専用！大韓民国近現代史宝探し歴史探検隊 - 大韓民国歴史博物館
그리스로마 신화와 별자리를 한번에 알아보는 시간 in 국립중앙박물관,ギリシャの神話と星座を一度に調べる時間 in 国立中央博物館
"이순신 탐험대, 초등 전용 - 나와 닮은 히어로 이순신을 만나러 가요",イ・スンシン探検隊、初等専用 - 私と似たヒーローイ・スンシンに会いに行きます
10-13세 추천! 민주주의의 비밀을 밝혀라! 국회를 탐험해요 - 국회박물관,10-13歳おすすめ！民主主義の秘密を明らかに！国会を探検 - 国会博物館
국회박물관,国会博物館
서울 영등포구 의사당대로 1,ソウル永登浦区議事堂通り1
저학년 전용! 고려시대 보물찾기 역사탐험대 - 국립중앙박물관,低学年専用！高麗時代の宝探し歴史探検隊 - 国立中央博物館
국립중앙박물관 기념품점 앞,国立中央博物館記念品店前
"이순신 탐험대, 미취학 전용 - 거북선을 타고 바다로 모험을 떠나요",イ・スンシン探検隊、未就学専用 - カメ船に乗って海に冒険
초등고학년 전용! 고려시대 보물찾기 역사탐험대 - 국립중앙박물관,小学校高年専用！高麗時代の宝探し歴史探検隊 - 国立中央博物館
10-13세 추천! 일제강점기부터 민주화운동까지 - 서대문형무소역사관,10-13歳おすすめ！日帝強占期から民主化運動まで - 西大門刑務所歴史館
서대문형무소역사관 정문 앞,西大門刑務所歴史館正門前
미취학 수원화성 역사탐험대 - 수원화성 보고 나만의 성 설계하기 (6-8세),未就学水原華城歴史探検隊 - 水原華城報告私だけの城を設計する（6-8歳）
수원화성박물관 중앙 로비,水原華城博物館中央ロビー
경기 수원시 팔달구 창룡대로 21,京畿道水原市八達区昌龍大路21
"겨울방학 특강, 국립중앙박물관 4회로 초등 저학년 한국사 흐름 완성!",冬休み特講、国立中央博物館4回で初等低学年韓国史の流れ完成！
전쟁기념관/국립중앙박물관/대한민국역사박물관,戦争記念館/国立中央博物館/大韓民国歴史博物館
미취학 역사 4회 완성! 역사탐험대 - 국립중앙박물관 선사~조선시대까지,未就学歴史4回完成！歴史探検隊 - 国立中央博物館先史～朝鮮時代まで
6-8세 경제탐험대 화폐와 저금의 비밀을 배우는 서울 화폐박물관,6-8歳経済探検隊貨幣と貯金の秘密を学ぶソウル貨幣博物館
한국은행 화폐박물관,韓国銀行貨幣博物館
서울 중구 남대문로 39,ソウル中区南大門路39
"서대문자연사박물관 초등 다윈 진화탐험대, 생물들의 진화한 모습을 조사하자!",西大門自然史博物館初等ダーウィン進化探検隊、生物の進化した姿を調べよう！
서대문자연사박물관 매표소 앞,西大門自然史博物館切符売り場前
서울 서대문구 연희로32길 51,ソウル西大門区ヨンヒロ32ギル51
초등 고학년 전용! 대한민국 근현대사 보물찾기 역사탐험대 -대한민국역사박물관,小学校高学年専用！大韓民国近現代史宝探し歴史探検隊 - 大韓民国歴史博物館
대한민국역사박물관 1층 안내데스크 앞 집결,大韓民国歴史博物館1階案内デスク前集結
8-10세 추천! 유관순부터 8.15광복까지 - 서대문형무소역사관,8-10歳おすすめ！ユ・グァンスンから8.15光復まで - 西大門刑務所歴史館
"서대문자연사박물관 미취학 공룡탐험대, 땅 속에 묻힌 공룡을 찾아라!",西大門自然史博物館未就学恐竜探検隊、地中に埋もれた恐竜を探せ！
8-10세 추천! 내가 만든 법안을 국회에 발의해 볼까요? - 국회박물관,8-10歳おすすめ！私が作った法案を国会に発議してみますか？ - 国会博物館
미취학 전용! 고려시대 보물찾기 역사탐험대 - 국립중앙박물관,未就学専用！高麗時代の宝探し歴史探検隊 - 国立中央博物館
국립중앙박물관 앞,国立中央博物館の前
"작가탐험대 미취학! 나만의 책을 만들다 보면, 책의 흥미에 쏙쏙 빠져들어요",作家探検隊未就学！自分だけの本を作ってみると、本の興味にすっぽり落ちます。
송파책박물관,松坡本博物館
서울 송파구 송파대로37길 77,ソウル松坡区松坡大路37ギル77
허준박물관 의학탐험대 미취학 전용! 밥이 왜 보약이 되는지 알아보러가요!,ホジュン博物館医学探検隊未就学専用！ご飯がなぜ宝薬になるのか調べてみましょう！
허준 박물관,ホジュン博物館
서울 강서구 허준로 87,ソウル江西区ホジュンロ87
구석기부터 조선까지! 초등 한국사탐험대! [국립춘천박물관],旧石器から朝鮮まで！初等韓国史探検隊！ [国立春川博物館]
국립춘천박물관 안내데스크 앞,国立春川博物館案内デスク前
강원 춘천시 우석로 70,江原春川市ウソクロ70
국립중앙박물관 도슨트 이슬람실 어린이 역사체험 투어 초등 세계사,国立中央博物館ドーソントイスラム室子供の歴史体験ツアー初等世界史
국립민속박물관 세시풍속 초등저학년 역사탐험대! 교과서 속 옛날 생활 이야기,国立民俗博物館セシ風俗初等低学年歴史探検隊！教科書の中の昔の生活の物語
국립민속박물관 안내데스크 앞,国立民俗博物館案内デスク前
서울 종로구 삼청로 37,ソウル鍾路区三清路37
"국립중앙박물관 삼국시대 초등고학년 ""Premium"" 역사탐험대 Season3",国立中央博物館三国時代初等高学年「Premium」歴史探検隊 Season3
초등 수원화성 역사탐험대 - 수원화성 보고 나만의 성 설계하기 (8-13세),初等水原華城歴史探検隊 - 水原華城を見て自分だけの城を設計する（8-13歳）
"국립중앙박물관 선사시대 미취학 ""Premium"" 역사탐험대 Season3",国立中央博物館先史時代未就学「Premium」歴史探検隊 Season3
국립민속박물관 세시풍속 미취학 역사탐험대! 교과서 속 옛날 생활 이야기,国立民俗博物館セシ風俗未就学歴史探検隊！教科書の中の昔の生活の物語
"6-8세 추천! 엄마, 국회의원이 뭐에요? - 국회박물관",6-8歳おすすめ！お母さん、国会議員は何ですか？ - 国会博物館
작가탐험대 초등! 책속에 풍덩 빠져보고 나만의 글도 써보는 시간,作家探検隊初等！本の中に溢れて自分の文も書いてみる時間
"경복궁 역사탐험대 초등 ""Premium"" Season 2 (8-13세)",景福宮歴史探検隊初等「Premium」 Season 2（8-13歳）
서울 종로구 사직로 161 경복궁 매표소 앞,ソウル鍾路区辞職路161景福宮チケット売り場前
"덕수궁 ""Premium"" 미취학 역사탐험대! (6-8세)",徳寿宮「Premium」未就学歴史探検隊！ （6-8歳）
덕수궁 대한문 매표소 앞,徳寿宮大韓門切符売り場前
6-8세 추천! 대한독립만세! 우리도 함께 외쳐봐요! - 서대문형무소역사관,6-8歳おすすめ！大韓独立万歳！私たちも一緒に叫んでください！ - 西大門刑務所歴史館
"창경궁 ""Premium"" 초등 역사투어! (8-13세)",昌慶宮「Premium」初等歴史ツアー！ （8-13歳）
저학년 역사체험 국립중앙박물관 서화실 도슨트 with 한눈에 펼쳐보는 우리 명화 그림책,低学年歴史体験 国立中央博物館 書画室 ドーサント with 一目で広がる私たちの名画絵本
"덕수궁 ""Premium"" 초등 역사탐험대! (8-13세)",徳寿宮「Premium」初等歴史探検隊！ （8-13歳）
"창덕궁 ""Premium"" 미취학 역사탐험대 Season 2 (6-8세)",昌徳宮「Premium」未就学歴史探検隊 Season 2（6-8歳）
서울 종로구 율곡로 99 창덕궁,ソウル鍾路区栗谷路99昌徳宮
국립중앙박물관 원데이 도슨트 투어,国立中央博物館ワンデードーセントツアー
국립중앙박물관 1층 로비 스크린 앞,国立中央博物館1階ロビースクリーン前
국립중앙박물관 술술 풀리는 처음 한국사,国立中央博物館の酒を解く初めての韓国史
"겨울방학 특강, 국립중앙박물관 4회로 초등 고학년 한국사 흐름 완성!",冬休み特講、国立中央博物館4回で初等高学年韓国史の流れ完成！
국립민속박물관 세계유산 초등고학년 역사탐험대! 세계에서 인정받은 민속 문화,国立民俗博物館世界遺産小学校高年歴史探検隊！世界で認められた民俗文化
"창경궁 ""Premium"" 미취학 역사투어! (6-8세)",昌慶宮「Premium」未就学歴史ツアー！ （6-8歳）
돌도끼부터 화승총까지! 미취학 한국사탐험대 [국립춘천박물관],石斧から花承銃まで！未就学韓国史探検隊[国立春川博物館]
서울 대한민국임시정부기념관 투어 한국사 체험 학습,ソウル大韓民国臨時政府記念館ツアー韓国史体験学習
원데이 댄스 배우기/K-POP&스트릿댄스 춤 맛집!!!,ワンデーダンスを学ぶ/ K-POP＆ストリートダンスダンスグルメ！
"서울 광진구 능동로 50 (자양동, 이튼타워리버2차) 상가 208호 무드킨댄스학원",ソウル広津区能洞路50（紫陽洞、イートンタワーリバー第2次）商店街208
서울특별시 광진구 능동로 50,ソウル特別市光津区能洞路50
조향사와 함께 섬유 향수/룸스프레이 만들기,ステアリングと一緒に繊維香水/ルームスプレーを作る
대구 중구 봉산문화길 95 (봉산동) 1층 markcollection,大邱中区鳳山文化道95（鳳山洞）1階markcollection
대구광역시 중구 봉산문화길 95,大邱広域市中区鳳山文化道95
녹음하면서 배우자! 쉽고 편하게 배우는 보컬레슨!,録音しながら学びましょう！簡単で楽に学ぶボーカレッスン！
솜씨당 클래스,技量クラス
"경기도 고양시 덕양구 고양대로 1955 (동산동, 스타필드 고양)",京畿道高陽市徳陽区高陽大路1955（東山洞、スターフィールド高陽）
최상급 프랑스 향료로 나만의 향수 만들기 원데이클래스,最上級フランス香料で自分だけの香水作りワンデークラス
서울 용산구 한남동 723-26 비푸머스,ソウル龍山区漢南洞723-26ビフマス
서울특별시 용산구 한남대로28가길 11,ソウル特別市龍山区漢南大路28街道11
샤로수길 순은 반지 만들기 원데이 클래스 이색 취미,シャロスギルスンウンリング作りワンデークラス二色趣味
서울 관악구 봉천로 465 봉천동) 4층 제이디 라스(JD las,ソウル冠岳区鳳川路465鳳川洞）4階ジェイディラス（JDlas
서울특별시 관악구 봉천로 465,ソウル特別市冠岳区奉川路465
우리만의 팔찌 만들기 (원데이 커플/우정 클래스),私たちだけのブレスレット作り（ワンデーカップル/友情クラス）
서울 강남구 강남대로110길 38 (역삼동) 1층 프랑꼬아트랩,ソウル江南区江南大路110ギル38（駅三洞）1階フランコアートラップ
서울특별시 강남구 강남대로110길 38,ソウル特別市江南区江南大路110ギル38
"프라이빗 / 댄스 배우기 (개인,그룹,단체)",プライベート/ダンスを学ぶ（個人、グループ、団体）
꼼작 라떼아트 실습 클래스 - 예쁜 라떼하트 만들기,コムジャックラテアート実習クラス - かわいいラテハートを作る
서울 마포구 망원동 384-19 201호 그린나무공방,ソウル麻浦区望原洞384-19 201号グリーンツリー工房
서울특별시 마포구 동교로 57-4,ソウル特別市麻浦区東橋路57-4
조향사와 함께 나만의 고체향수 만들기 클래스 15g,ステアリングと一緒に自分だけの固体香水作りクラス15g
원데이 음성(발성)검사 클래스,ワンデー音声（発声）検査クラス
"서울 강남구 선릉로89길 7 (역삼동) 502, namstar vocal studio",ソウル江南区仙陵路89ギル7（駅三洞）502、namstar vocal studio
서울특별시 강남구 학동로 426,ソウル特別市 江南区 学洞路 426
조향사와 함께 디퓨저 만들기 클래스 이색 데이트,ステアリングとディフューザーを作成するクラスの二色デート
석고방향제만들기 원데이 클래스150g(약3개완성),石膏香剤作りワンデークラス150g（約3個完成）
서울 강북구 삼양로 369 (수유동) 1층 리우공방,ソウル江北区三陽路369（水流洞）1階劉工房
서울특별시 강북구 삼양로 369,ソウル特別市江北区三陽路369
건대-댄스/무용배우기 (프라이빗 1:1 / 그룹레슨 / 단체레슨),コンデ - ダンス/ダンスを学ぶ（プライベート1：1 /グループレッスン/団体レッスン）
핸드빌드 클래스 _ 도자기 소주잔 세트 만들기,ハンドビルドクラス_陶器焼酎カップセットを作る
서울 서대문구 연희동 410-29 1층 좌측 5h Studio,ソウル西大門区ヨンヒドン410-29 1階左側5h Studio
서울특별시 서대문구 성산로 309-51,ソウル特別市西大門区城山路309-51
송리단길 요가 원데이클래스,ソンリダンギルヨガワンデークラス
"서울 송파구 석촌호수로 284 (송파동, 현대레이크빌) 상가출입구 B1층 swaydance",ソウル松坡区石村湖路284（松坡洞、現代レイクビル）商店街出入口B1階
서울특별시 송파구 석촌호수로 284,ソウル特別市松坡区石村湖路284
디저트접시 만들기 플레이트 핸드빌딩 원데이 클래스,デザートプレート作りプレートハンドビルワンデークラス
서울 동작구 양녕로29길 56 (상도동) 지하 1층,ソウル東区区陽寧路29ギル56（上島洞）地下1階
서울특별시 동작구 양녕로29길 56,ソウル特別市東区区遼寧路29ギル56
"도자기, 물레그릇 또는 오브제(물레2+소품2)",陶器、ムレ器またはオブジェ（ムレ2＋小物2）
"최고의 장비로 분석을 통한 목소리의 문제점, 발성 해결!",最高の装備で分析を通じた声の問題点、発声解決！
서울 강남구 선릉로89길 7 (역삼동) 5층 남스타 보컬 스튜디오,ソウル江南区サン陵路89ギル7（駅三洞）5階南スターボーカルスタジオ
서울특별시 강남구 선릉로89길 7,ソウル特別市江南区サン陵路89ギル7
취미성인발레 프라이빗 1:1 개인레슨,趣味アダルトバレエプライベート1：1プライベートレッスン
서울 강남구 삼성동 64 2층 swaydance,ソウル江南区三成洞64 2階swaydance
서울특별시 강남구 학동로82길 21,ソウル特別市江南区学洞路82ギル21
나에게 맞는 커피로 마음 힐링 하기,私に合ったコーヒーで心を癒す
조향사와 함께 나만의캔들 만들기 클래스 160g,操向士と一緒に自分だけのキャンドル作りクラス160g
입문자를 위한 아이패드 드로잉 원데이클래스,入門者のためのiPad図面ワンデークラス
"서울 서초구 서초대로 356 (서초동, 서초지웰타워) 5층 드로잉클럽 스튜디오",ソウル瑞草区瑞草大路356（瑞草洞、瑞草地ウェルタワー）5階描画クラブスタジオ
서울특별시 서초구 서초대로 356,ソウル特別市瑞草区瑞草大路356
"원목도마, 나만의 각인까지!",原木まな板、自分だけの刻印まで！
"서울 중랑구 용마산로 615 신내동, 정민빌딩) 1층(무료주차가능",ソウル中南区龍馬山路615新内洞、チョンミンビル1階（無料駐車可能）
서울특별시 중랑구 용마산로 615,ソウル特別市中南区龍馬山路615
탁상식물 만들기 1+1,卓上植物作り 1+1
"서울 마포구 마포대로 33 (도화동, 마포 한화 오벨리스크) 오피스텔 1804호",ソウル麻浦区麻浦通り33（東和洞、麻浦ハンファオベリスク）オフィステル1804号
서울특별시 마포구 마포대로 33,ソウル特別市麻浦区麻浦大路33
무전력 우드스피커 만들기 원데이 클래스 / 1구 기본 + 가죽,無電力ウッドスピーカー作りワンデークラス/1球基本+レザー
서울 성동구 왕십리로10길 5-6 (성수동1가) 1층 와플목공방,ソウル城東区王十里路10ギル5-6（城水洞1街）1階ワッフル木工房
서울특별시 성동구 왕십리로10길 5,ソウル特別市城東区王十里路10ギル5
"우드카빙 - 버터나이프, 나무숟가락을 깎아보자!",ウッドカービング - バターナイフ、木のスプーンを削りましょう！
장미? 국화? 말고 진짜 잘쓰는 플라워 케이크 만들기,バラ？菊？ではなく、本物のよく書くフラワーケーキを作る
"서울 은평구 연서로37가길 8-25 (불광동, 개나리어린이집) 새장골 어린이 공원에서 모입니다",ソウルウンピョン区ヨンソロ37街ギル8-25
서울특별시 은평구 연서로37가길 8-25,ソウル特別市 ウンピョン区ヨンソロ37通り 8-25
카페감성 인테리어 식물 중형화분 가드닝,カフェ感性インテリア植物中型花粉ガードニング
꼼작 핸드드립 커피 원데이 클래스,手描きハンドドリップコーヒーワンデークラス
현직 물리치료사와 함께하는 매트필라테스 소그룹 클래스,現職物理療法士とともにマットピラティス小グループクラス
도자기 체험 핸드페인딩 접시 또는 컵 만들기 원데이 클래스,陶器体験ハンドペインディングプレートまたはカップ作りワンデークラス
색소지 플레이트 만들기 원데이 클래스,色素紙プレート作りワンデークラス
드로잉디퓨저 만들기 원데이클래스,図面ディフューザーを作るワンデークラス
서울 강서구 마곡동 800-15 610호,ソウル江西区麻谷洞800-15 610号
서울특별시 강서구 마곡중앙2로 35,ソウル特別市江西区マゴク中央2路35
커플성격분석 에니어그램,カップル性格分析エニアグラム
"서울 강남구 밤고개로1길 10 (수서동, 수서현대벤쳐빌) 807호",ソウル江南区夜峠路1ギル10（スソドン、スソヒョンデベンチャービル）807
서울특별시 강남구 밤고개로1길 10,ソウル特別市 江南区 夜峠 1ギル 10
"내방의 작은바 칵테일캔들,딸기캔들만들기 원데이 클래스",内側の小さなバーカクテルキャンドル、いちごキャンドル作りワンデークラス
원데이 반려동물 목걸이 펫 클래스,ワンデーペット動物ネックレスペットクラス
조향사와 함께 나만의 왁스타블렛 만들기 클래스,ステアリングと一緒に自分だけのワックスタブレット作りクラス
손쉽게만드는 시나몬플라워캔들만들기,簡単に作るシナモンフラワーキャンドル作り
무전력 우드스피커 만들기 원데이 클래스 / 1구 기본,無電力ウッドスピーカー作りワンデークラス/1球基本
미니미 귀여운 선인장캔들만들기 2ea 원데이 클래스,ミニ美かわいいサボテンキャンドル作り2eaワンデークラス
나만의 우드 타일 코스터 만들기,独自のウッドタイルコースターを作る
목동 꽃으로 힐링하는 꽃집 카페,木洞の花で癒しの花屋カフェ
서울 양천구 목동로11길 5 (신정동) 1층 카페화목토 제빈꽃,ソウル楊川区木洞路11ギル5（シンジョンドン）1階
서울특별시 양천구 목동로11길 5,ソウル特別市楊川区木洞路11ギル5
캔버스 아크릴화 원데이클래스,キャンバスアクリル化ワンデークラス
서울 마포구 연남로 41 (연남동) 3층 아트스튜디오이젤,ソウル麻浦区延南路41（延南洞）3階アートスタジオイーゼル
서울특별시 마포구 연남로 41,ソウル特別市麻浦区延南路41
조향사와 함께 석고방향제 만들기 이색 클래스,ステアリングと一緒に石膏香を作る二色クラス
조향사와 함께 나만의 디퓨저 만들기 클래스200ml,ステアリング社と一緒に自分だけのディフューザー作りクラス200ml
나만의 정원 다육이모듬식재,自分だけの庭多肉盛り合わせ食材
케이크캔들 만들기(M) 원데이클래스,ケーキキャンドル作り（M）ワンデークラス
조향사와 함께 나만의캔들 만들기 클래스 200g,ステアリングと一緒に自分だけのキャンドル作りクラス200g
무전력 우드스피커 만들기 원데이 클래스 / 원형 1구,無電力ウッドスピーカー作りワンデークラス/丸型1球
무전력 우드스피커 만들기 원데이 클래스 / 2구 원목,無電力ウッドスピーカー作りワンデークラス/2球原木
플랜트 레터랙 만들기,プラントレターラックの作成
서울 용산구 신흥로11나길 33 (용산동2가) 101호,ソウル龍山区新興路11ナギル33（龍山洞2街）101号
서울특별시 용산구 신흥로11나길 33,ソウル特別市龍山区新興路11ナギル33
도자기원데이클래스,陶磁器園デークラス
"서울 강남구 논현로 332 역삼동, 계유빌딩",ソウル江南区ノンヒョンロ332駅三洞、渓遊ビル
서울특별시 강남구 논현로 332,ソウル特別市 江南区 ノンヒョンロ 332
내 마음을 알고 싶어요(MMPI-2),私の心を知りたいです（MMPI-2）
소마틱 필라테스 Somatics 1:1 체험수업,ソマティックピラティス Somatics 1:1 体験授業
서울 강남구 삼성로119길 25 (삼성동) 3층,ソウル江南区三成路119ギル25（三成洞）3階
서울특별시 강남구 삼성로119길 25,ソウル特別市江南区三成路119ギル25
공기정화식물을 품은 강아지 토피어리 만들기,空気浄化植物を抱く子犬トピアリー作り
다이아몬드릴리,ダイヤモンドリリー
서울특별시 강남구 선릉로 711 (논현동) 1층 다이아몬드릴리,ソウル特別市江南区サン陵路711（ノンヒョンドン）1階ダイヤモンドリリー
나만의 플라워캔들+곰돌이캔들 만들기 원데이 클래스,独自のフラワーキャンドル+クマキャンドル作りワンデークラス
무전력 우드스피커 만들기 원데이 클래스 / 2구 기본 + 가죽,無電力ウッドスピーカー作りワンデークラス/2球基本+レザー
마크라메 월행어 만들기,マクラメウォール語を作る
무전력 우드스피커 만들기 원데이 클래스 / 1구 원목,無電力ウッドスピーカー作りワンデークラス/1球原木
무전력 우드스피커 만들기 원데이 클래스 / 2구 기본,無電力ウッドスピーカー作りワンデークラス/2球基本
"성동구 / 서울원데이[서울 성수] 무전력 우드스피커 만들기 원데이 클래스 / 1구 기본 + 가죽 (1)70,000원","ソンドン区/ソウルワンデー[ソウルソンス]無電力ウッドスピーカー作りワンデークラス/1区基本+レザー（1）70,000ウォン"
"중랑구 / 서울원데이[서울 중랑] 우드카빙 - 버터나이프, 나무숟가락을 깎아보자!(1)60,000원","中浪区/ソウルワンデー[ソウル中浪]ウッドカービング - バターナイフ、木のスプーンを削ってみよう！（1）60,000ウォン"
"은평구 / 서울원데이장미? 국화? 말고 진짜 잘쓰는 플라워 케이크 만들기(1)9%128,000원","ウンピョング/ソウルワンデーバラ？菊？じゃあ本当のよく使うフラワーケーキ作り（1）9％128,000ウォン"
"마포구 / 서울원데이[마포] 카페감성 인테리어 식물 중형화분 가드닝(1)33%53,000원","麻浦区/ソウルワンデー[麻浦]カフェ感性インテリア植物中型花粉ガードニング(1)33%53,000ウォン"
"마포구 / 서울원데이[서울/마포/망원/홍대] 꼼작 핸드드립 커피 원데이 클래스(1)60,000원",麻浦区/ソウルワンデー[ソウル/麻浦/望遠/弘大]コムザックハンドドリップコーヒーワンデークラス
"송파구 / 서울원데이[잠실/송파] 현직 물리치료사와 함께하는 매트필라테스 소그룹 클래스(0)66%40,000원",松坡区/ソウルワンデー[チャムシル/松坡]
"동작구 / 서울원데이[서울 동작] 도자기 체험 핸드페인딩 접시 또는 컵 만들기 원데이 클래스(0)22%35,000원","東区/ソウルワンデー[ソウルモーション]陶器体験ハンドペインディングプレートまたはカップ作りワンデークラス（0）22％35,000ウォン"
"동작구 / 서울원데이[서울 동작] 색소지 플레이트 만들기 원데이 클래스(0)25%60,000원","ウォン区/ソウルワンデー[ソウルモーション]色素紙プレートを作るワンデークラス（0）25％60,000ウォン"
"강서구 / 서울원데이드로잉디퓨저 만들기 원데이클래스(0)40,000원","江西区/ソウルワンデイドローイングディフューザーを作るワンデークラス（0）40,000ウォン"
"강남구 / 서울원데이[강남]커플성격분석 에니어그램(0)16%100,000원","江南区/ソウルワンデー[江南]カップル性格分析エニアグラム（0）16％100,000ウォン"
"강북구 / 서울원데이[서울 수유동] 내방의 작은바 칵테일캔들,딸기캔들만들기 원데이 클래스(10)40,000원","江北区/ソウルワンデー[ソウル水流洞]内側の小さなバーカクテルキャンドル、イチゴキャンドル作りワンデークラス(10)40,000ウォン"
"강남구 / 서울원데이[서울/강남] 원데이 반려동물 목걸이 펫 클래스(0)70,000원","江南区/ソウルワンデー[ソウル/江南]ワンデーペット動物ネックレスペットクラス（0）70,000ウォン"
"중구 / 대구원데이[대구/핫플/동성로] 조향사와 함께 나만의 왁스타블렛 만들기 클래스(0)37%50,000원","中区 / 大邱ウォンデー [大邱 / ホットプル / ドンソンロ] 操向士とともに自分だけのワックスタブレット作りクラス(0)37%50,000ウォン"
"강북구 / 서울원데이[서울 수유동] 손쉽게만드는 시나몬플라워캔들만들기(1)11%40,000원",江北区/ソウルワンデー[ソウル水流洞]簡単に作るシナモンフラワーキャンドル作り
"성동구 / 서울원데이[서울 성수] 무전력 우드스피커 만들기 원데이 클래스 / 1구 기본 (0)50,000원","ソンドン区/ソウルワンデー[ソウルソンス]無電力ウッドスピーカー作りワンデークラス/1区基本（0）50,000ウォン"
"강북구 / 서울원데이[서울 수유동] 미니미 귀여운 선인장캔들만들기 2ea 원데이 클래스(4)22%35,000원","江北区/ソウルワンデー[ソウルのスユドン]ミニ美かわいいサボテンキャンドル作り2eaワンデークラス(4)22%35,000ウォン"
"중랑구 / 서울원데이[서울 중랑] 나만의 우드 타일 코스터 만들기(0)50,000원","中浪区/ソウルワンデー[ソウル中浪]私だけのウッドタイルコースター作り（0）50,000ウォン"
"양천구 / 서울원데이목동 꽃으로 힐링하는 꽃집 카페 (4)60,000원","楊川区/ソウルワンデーモクドンの花で癒される花屋カフェ（4）60,000ウォン"
"마포구 / 서울원데이캔버스 아크릴화 원데이클래스(5)15%55,000원","麻浦区/ソウルワンデーキャンバスアクリル化ワンデークラス（5）15％55,000ウォン"
"중구 / 대구원데이[대구/핫플/동성로] 조향사와 함께 석고방향제 만들기 이색 클래스(1)37%50,000원","中区/大邱ウォンデー[大邱/ホットプル/東成路] 操向士と一緒に石膏香制作 異色クラス(1)37%50,000ウォン"
"중구 / 대구원데이[대구/핫플/동성로] 조향사와 함께 나만의 디퓨저 만들기 클래스200ml(1)45%55,000원","中区 / 大邱ウォンデー [大邱 / ホットプル / ドンソンロ] 操向士とともに自分だけのディフューザー作りクラス200ml(1)45%55,000ウォン"
"마포구 / 서울원데이[마포] 나만의 정원 다육이모듬식재(0)4%48,000원",麻浦区/ソウルワンデー[麻浦]私だけの庭園多肉盛り合わせ食材
"강서구 / 서울원데이케이크캔들 만들기(M) 원데이클래스(0)70,000원","江西区/ソウルワンデイケーキキャンドル作り（M）ワンデークラス（0）70,000ウォン"
"중구 / 대구원데이[대구/핫플/동성로] 조향사와 함께 나만의캔들 만들기 클래스 200g(0)30%42,000원","中区 / 大邱ウォンデー [大邱 / ホットプル / ドンソンロ] 操向士とともに自分だけのキャンドル作りクラス 200g(0)30%42,000ウォン"
데일리 추천 감성 라탄 가방 만들기,デイリーおすすめ感性ラタンバッグ作り
층 스테이라탄,フロアステイラタン
서울특별시 서대문구 대현동 이화여대1길 42-1 2층 스테이라탄,ソウル特別市西大門区大賢洞梨花女子大1ギル42-1 2階ステイラタン
자개책갈피 원데이클래스,自己紹介ブックマークワンデークラス
서울특별시 강서구 등촌동 365-214 302호,ソウル特別市江西区等村洞365-214 302号
서울 강서구 공항대로58나길 24-3,ソウル江西区空港大路58ナギル24-3
연말 홈데코 펀치니들 크리스마스 미니 액자 만들기 클래스,年末ホームデコパンチニークリスマスミニフォトフレーム作りクラス
서울특별시 은평구 신사동 21-6 1층 굿바잉,ソウル特別市 平平区新沙洞 21-6 1階 グッドバイング
서울 은평구 은평로 52-16,ソウル市平平区平平路52-16
크리스마스 홈데코 펀치니들 리스만들기 원데이 클래스,クリスマスホームデコパンチニーリース作りワンデークラス
서울 · 강남구 · 논현로152길,ソウル・江南区・ノンヒョン路152ギル
서울 강남구 논현로152길,ソウル江南区ノンヒョン路152ギル
크리스마스 분위기 한가득✨글라스아트 리스 만들기,クリスマスの雰囲気一杯✨ガラスアートリース作り
서울특별시 서대문구 이화여대1길 42-1 2층,ソウル特別市西大門区梨花女子大1ギル42-1 2階
서울 서대문구 이화여대1길 42-1,ソウル西大門区梨花女子大1ギル42-1
크리스마스 캔들센터피스 만들기 원데이클래스,クリスマスキャンドルセンターピース作りワンデークラス
서울특별시 마포구 서교동 247-20 1층 델라젬,ソウル特別市麻浦区西橋洞247-20 1階デラジェム
서울 마포구 월드컵로 212,ソウル麻浦区ワールドカップロ212
자이언트플라워 페이퍼플라워 코스모스 만들기 원데이클래스 수업,ジャイアントフラワーペーパーフラワーコスモス作りワンデークラスレッスン
서울 · 강남구 · 역삼동,ソウル・江南区・駅三洞
서울 강남구 언주로85길 23-11,ソウル江南区アンジュロ85ギル23-11
내가 직접 조향하는 세상에 단 하나뿐인 향수 만들기,私が直接操る世界にたった一つだけの香水作り
서울특별시 성북구 동선동3가 243 동진빌딩 302호 팔레트공방,ソウル特別市城北区東善洞3街243東津ビル302号パレット工房
서울 성북구 삼선동5가 400-1,ソウル城北区三善洞5街400-1
초보자를 위한 초상화 원데이클래스,初心者のための肖像画ワンデークラス
홍대/연남,弘大/ヨンナム
서울 마포구 월드컵북로 52,ソウル麻浦区ワールドカップ北路52
한복방향제 만들기,韓服方向制を作る
서울 · 강남구 · 학동로43길,ソウル・江南区・学洞路43ギル
서울 강남구 학동로43길,ソウル江南区学洞路43ギル
원데이 베이킹 클래스 직장인 문화체험,ワンデーベーキングクラス 会社員文化体験
원하시는 장소가 있는 경우 찾아가는 클래스로 유연하게 진행이 가능합니다.,ご希望の場所がある場合、訪れるクラスで柔軟に進行が可能です。
복잡한 마음을 치유해줄 반려식물 감성라탄소품 행잉바스켓 만들기,複雑な心を癒してくれるペット植物感性ラタン小物ハンギングバスケット作り
서울 · 동작구 · 서달로8길,ソウル、東区、西昌路8ギル
서울 동작구 서달로8길,ソウル洞区ソダロ8ギル
"우리 모두 ""잘될고래 ""글라스아트 도어벨",私たち全員が「元気になるクジラ」グラスアートドアベル
자개공예 멸종 위기종 키링 만들기,自犬工芸絶滅危機種キーリング作り
자개도 어찌 보면 패각을 버리지 않고 가공하여 만들어진 재료로 업사이클링이 되었다고 생각이 되요!,自犬もどうして見れば貝殻を捨てずに加工して作られた材料でアップサイクリングになったと思いますよ！
꼼지락:),コムジラック:)
경상북도 · 구미시 · 구미중앙로21길,慶尚北道・亀尾市・亀尾中央路21道
경상북도 구미시 구미중앙로21길,慶尚北道亀尾市亀尾中央路21ギル
실내 클라이밍 일일체험 클래스,屋内クライミング毎日体験クラス
생활스포츠지도사 2급 이상을 보유한 전문적인 강사님들이 배치되어 더욱 안전하게 즐길 수 있습니다.,生活スポーツ指導士2級以上を保有した専門的な講師様が配置され、より安全に楽しめます。
"플로우 요가 좋아한다면, 이건 꼭! – 인사이드플로우 원데이클래스",フローヨが好きなら、これはぜひ！ – インサイドフローワンデークラス
서울 · 황학교.텐즈힐몰 ·,ソウル、ファンスクール、テンズヒルモール、
서울 황학교.텐즈힐몰,ソウルファンスクール、テンズヒルモール
스트레스 풀리는 터프팅 공예 원데이 클래스,ストレスプーリータフティングクラフトワンデークラス
층 희유스튜디오,フロアレアスタジオ
경기도 고양시 일산서구 성저로46번길 14 1층 희유스튜디오,京畿道高陽市一山西区城下路46番ギル14 1階レアスタジオ
도자기캐릭터 그릇 만들기,陶器キャラクターボウル作り
경기도 수원시 장안구 조원동 866-5 1층,京畿道水原市長安区城原洞866-5 1階
와인&미술)I Love Me(콜라주로 완성하는 자화상),ワイン＆アート）I Love Me（コラージュに仕上げる自画像）
서울 강남구 역삼동,ソウル江南区駅三洞
"""내 성격은 어떤 캐릭터일까?""심리로 그리는 나의 캐릭터 워크숍",「私の性格はどんなキャラクターなのか？」心理で描く私のキャラクターワークショップ
"감각적인 니치향수 제작, 뤼미에르 퍼퓸 B Class",感覚的なニチ香水製作、リュミエールパルファムBクラス
층 뤼미에르 퍼퓸 천안,フロアリュミエールパルファム天安
충청남도 천안시 동남구 먹거리8길 9,忠清南道天安市東南区グルメ8ギル9
프리저브드 디퓨저 만들기,プリザーブドディフューザーの作成
"서울특별시 강남구 논현동 83-22 논현2주민센터, 4층 향기로운그대 공동작업장","ソウル特別市 江南区 ノンヒョンドン 83-22 ノンヒョン2住民センター, 4階 香りロング"
돌고래 오브제가 들어간 감성 유리병 만들기 하바리움 원데이클래스,イルカオブジェが入った感性ガラス瓶作りハーバリウムワンデークラス
수업일시 : 상시모집 등록된 클래스 일정외에도 변경 추가 가능합니다 일정문의는 채팅으로 문의 주세요,授業日時：常時募集登録されたクラススケジュールの他にも変更追加可能です スケジュール問い合わせはチャットでお問い合わせください
수업일시 : 상시모집 (등록된 클래스 일정외에도 변경 추가 가능합니다 일정문의는 채팅으로 문의 주세요),授業日時：常時募集（登録されたクラススケジュールのほかに変更追加可能です。
"감각적인 시그니처 향수 제작, 뤼미에르 퍼퓸 A Class",感覚的なシグネチャー香水製作、リュミエールパルファムAクラス
유명 브랜드향수 만들기 (30ml)/ 오드퍼퓸보다 4배 진한 향수/ 당일 사용가능,有名ブランド香水作り(30ml)/オードパルファムより4倍濃い香水/当日使用可能
서울 · 송파구 · 올림픽로,ソウル・松坡区・オリンピック路
서울 송파구 올림픽로,ソウル松坡区オリンピック路
건강 강의와 요리를 한 번에 1+1 원데이/정규 클래스,健康講義と料理を一度に1+1ワンデー/正規クラス
경기도 · 군포시 · 대야1로11번길,京畿道・郡浦市・大夜1路11番
경기도 군포시 대야1로11번길,京畿道郡浦市大野1路11番
인도에서 온 전문가들에게 배워보는 특별한 웰니스 경험!(on 남이섬),インドからの専門家に学ぶ特別なウェルネス体験！
서울 · 광진구 · 구의1동,ソウル・光津区・区の1洞
서울 광진구 구의1동,ソウル広津区区の1洞
나만의 향수 만들기 20ml 간단 클래스,独自の香水作り20mlシンプルクラス
서울 · 마포구 · 연남동,ソウル・麻浦区・延南洞
서울 마포구 연남동,ソウル麻浦区延南洞
특별한 조향 체험 나만의 향수 만들기,特別なステアリング体験 自分だけの香水作り
서울 · 서초구 · 서초2동,ソウル・瑞草区・瑞草2洞
서울 서초구 서초2동,ソウル瑞草区瑞草2洞
"<여행의 기억, 선물이 되는 시간> 작은선물만들기 원데이클래스 _재봉틀",＜旅行の記憶、プレゼントになる時間＞ 小さなプレゼント作りワンデークラス_ミシン
"제주도의 아름다운 자연 속에서, 1인 여행객들을 대상으로 진행하는 이 원데이 클래스는 단순히 선물을 만드는 시간이 아닌, 누군가를 생각하는 시간을 갖는 특별한 여정입니다. 사랑하는 사람에게 주고 싶은 선물, 그 사람을 떠올리며 만드는 시간이 될 것입니다.",済州島の美しい自然の中で、一人旅客を対象に進むこのワンデークラスは、単にプレゼントを作る時間ではなく、誰かを考える時間を持つ特別な旅です。愛する人に贈りたい贈り物、その人を思い出して作る時間になります。
"강남역 기업, 단체 맞춤형스페셜티 커피 핸드드립 클래스",江南駅企業、団体カスタムスペシャルティーコーヒーハンドドリップクラス
서울 · 서초구 · 사임당로,ソウル・瑞草区・辞任堂路
서울 서초구 사임당로,ソウル瑞草区辞任堂路
MY PET 인형만들기,MY PET人形作り
서울 · 성동구 · 왕십리로,ソウル・城東区・王十里路
서울 성동구 왕십리로,ソウル城東区王十里路
모루플라워 클래스,モルフラワークラス
스승의 날 어버이날 부모님 선물 교수님 은사님 선물 화과자 만들기,先生の日 母の日 両親プレゼント 教授 賜物 プレゼント 和菓子作り
서울 · 영등포구 · 도림로,ソウル・永登浦区・ドリムロ
서울 영등포구 도림로,ソウル永登浦区ドリムロ
세상에 하나뿐인 은팔찌 만들기 원데이클래스,世界に一つだけの銀のブレスレット作りワンデークラス
서울 · 노원구 · 동일로178길,ソウル・ノウォン区・東路178ギル
서울 노원구 동일로178길,ソウルノウォン区東路178ギル
"세상에 하나뿐인 은목걸이만들기(이니셜,하트,돌고래꼬리 등)",世界にひとつだけの銀ネックレス作り（イニシャル、ハート、イルカの尾など）
폭닥폭닥 토마토 발매트 만들기 클래스,ふわふわトマト発マット作りクラス
내가 만들어 착용하는 은(silver)이니셜 반지 만들기 원데이클래스,私が作って着用するシルバーイニシャルリング作りワンデークラス
사인 할 때마다 자신감 UP! 나만의 특별한 사인 제작 클래스(누적 3만명+),サインするたびに自信UP！自分だけの特別なサイン製作クラス（累積3万人+）
전라남도 순천시 조곡동 159-14 생태비즈니스센터 2층,全羅南道順天市城谷洞159-14エコビジネスセンター2階
퍼스널 이미지 향수 클래스,パーソナルイメージ香水クラス
서울 · 은평구 · 진관2로,ソウル・銀平区・鎮関2路
서울 은평구 진관2로,ソウルE平区鎮関2路
나만의 도자기 만들기- 컬러칩 플레이트,独自の陶器を作る - カラーチッププレート
층 라테라 세라믹,層ラテラセラミック
서울특별시 마포구 대흥동  대흥로 100  2층 라테라 세라믹,ソウル特別市麻浦区大興洞大興路100 2階ラテラセラミック
몽실몽실 발매트 만들기,モンシルモンシル発売マット作り
난이도가 쉽지만 작업물 사이즈 상 원데이 클래스로,難易度が簡単ですが、ワークサイズ上のワンデークラスで
펀치니들 미니 꽃 액자,パンチニーミニ花額縁
오가닉으로 건강한 샴푸바 올인원바 만들기,オーガニックで健康的なシャンプーバーオールインワンバーを作る
든시티 506호,ドンシティ506号
전북특별자치도 전주시 완산구 홍산4길 6 골든시티 506호,全北特別自治道全州市ワンサン区ホンサン4ギル6ゴールデンシティ506
향기테라피 커스텀 키링 만들기,香りセラピーカスタムキーリングを作る
향기로운 나만의 캔들클래스,香り高い自分だけのキャンドルクラス
원하시는 캔들의 디자인을 선택하실 수 있으며 원하시는 향과 컬러로 나만의 오브제 캔들을 만들어 보세요. 사이즈에 따라 3-4개 제작 가능,ご希望のキャンドルのデザインをお選びいただけます。サイズによって3-4個製作可能
원하시는 캔들의 디자인을 선택하실 수 있으며 원하시는 향과 컬러로 나만의 오브제 캔들을 만들어 보세요. (사이즈에 따라 3-4개 제작 가능),ご希望のキャンドルのデザインをお選びいただけます。 （サイズによって3-4個製作可能）
남녀노소/몸치/운동신경제로 누구나 가능한 격투기 원데이클래스❤️‍🔥,男女老若/身体/運動神経制で誰でも可能な格闘技ワンデークラス❤️‍🔥
행궁동 모루인형 키링 만들기🧸 기업/단체/출강 문의 환영🙆🏻‍♂🙆,行宮洞モール人形キーリング作り🧸企業/団体/出川お問い合わせ
하 1층 SEHWA,下1階SEHWA
경기 수원시 팔달구 화서문로 32,京畿道水原市パルダル区華西門路32
행궁동 버니브릭 페인팅🐰 기업/단체/출강 문의 환영🙆🏻‍♂🙆,行宮洞バーニーブリックペインティング🐰企業/団体/出口お問い合わせ
행궁동 베어브릭 페인팅🐻 기업/단체/출강 문의 환영🙆🏻‍♂🙆,行宮洞ベアブリックの絵
행궁동 화분 만들기🪴 기업/단체/출강 문의 환영🙆🏻‍♂🙆,行宮洞植木鉢作り🪴企業/団体/出川お問い合わせ歓迎🙆🏻‍♂🙆
행궁동 캔버스 드로잉🎨 기업/단체/출강 문의 환영🙆🏻‍♂🙆,行宮洞キャンバス描画🎨企業/団体/出口お問い合わせ歓迎🙆🏻‍♂🙆
"비누에 봄을 담아요, 플라워솝 압화비누 만들기",石鹸に春を盛り込み、フラワーソップ圧化石鹸作り
"내 몸에도 건강하고, 환경에도 이로운 제로웨이스트 올인원 샴푸바 만들기",私の体にも健康で、環境にも有利なゼロウエストオールインワンシャンプーバー作り
내 취향에 딱 맞는 향기로 만드는 천연 핸드크림 원데이클래스,私の好みにぴったりの香りで作る天然ハンドクリームワンデークラス
뜨개 몰라도 만드는 폭닥폭닥 핸드니팅 얀 방석! 나만의 보들보들 방석,編み知らなくても作るふくらはぎハンドニーティングヤーンクッション！独自のボードルボードルクッション
독서가 쉽고 즐거운 속독수업 락독체험 수업에 초대합니다!,読書が簡単で楽しい速読授業 楽毒体験授業に招待します！
"속도가 올라가서 자신감도 생길 뿐만 아니라, 내면의 자신감을 높여주는 수업입니다.",スピードが上がって自信もできるだけでなく、内面の自信を高めてくれる授業です。
소망컬러 소잉클래스(단체클래스),希望カラーソーイングクラス（単体クラス）
경상남도 · 거제시 · 옥포중앙로,慶尚南道・巨済市・玉浦中央路
경상남도 거제시 옥포중앙로,慶尚南道巨済市玉浦中央路
★귀염뽀짝! 라탄 곰돌이 바구니★ 성인/키즈 모두 가능,★かわいらしい！ラタンクマのバスケット★大人/キッズ全て可
경기도 · 화성시 · 청계동,京畿道・華城市・清渓洞
경기도 화성시 청계동,京畿道華城市清渓洞
☆활용만쩜! 감성소품☆ 라탄 티코스터 원데이클래스(2set),☆活用満点！感性小物☆ラタンチコースターワンデークラス（2set）
전통주요가&시음회,伝統的なメインガ＆テイスティング
서울 · 성동구 · 아차산로17길,ソウル・城東区・安茶山路17ギル
서울 성동구 아차산로17길,ソウル城東区アチャサン路17ギル
나의 매력을 발견하는 퍼스널컬러 클래스,私の魅力を発見するパーソナルカラークラス
충청북도 청주시 상당구 북문로2가 114-14 3번출구 카페,忠清北道清州市サンダン区北門路2街114-14 3番出口カフェ
충청북도 청주시 상당구 북문로2가 114-14,忠清北道清州市サンダン区北門路2街114-14
나만의 향수 만들기 MBTI향수 만들기,独自の香水を作るMBTI香水を作る
서울 · 강동구 · 상암로,ソウル・江東区・上岩路
서울 강동구 상암로,ソウル江東区上岩路
소망컬러 소잉클래스,希望カラーソーイングクラス
Blendin White Business Lab : AI 기반 비즈니스 연구 그룹,Blendin White Business Lab: AIベースのビジネス研究グループ
서울 · 서초구 · 서초대로50길,ソウル・瑞草区・瑞草大路50ギル
서울 서초구 서초대로50길,ソウル瑞草区瑞草大路50ギル
"Brains Lab : 비즈니스, 정부지원, 사이드잡 연구실",Brains Lab：ビジネス、政府支援、サイドジョブ研究室
요가 체험,ヨガ体験
롬타워 204호,ロンタワー204号
경기도 성남시 수정구 위례광장로 9-10 아롬타워 204호,京畿道城南市水晶区ウィ礼広場9-10アロムタワー204
"레코딩 원데이 클래스 ""내가 부르는 노래""",レコーディングワンデークラス「歌う歌」
화과자만들기 체험(5pcs만들기+리뷰시1pcs증정) 눈으로 즐기고 입으로 즐기는 화과자,和菓子作り体験（5個作り+レビュー時1個贈呈）目で楽しんで口で楽しむ和菓子
서울 · 양천구 · 목동동로,ソウル・陽川区・木洞洞路
서울 양천구 목동동로,ソウル楊川区木洞洞路
화과자만들기7pcs+(리뷰시2pcs증정) 화과자로 만드는 한입 예술,和菓子作り7pcs+（レビュー時2pcs贈呈） 和菓子で作る一口芸術
시한드로잉모임,時限図面会議
서울 · 서초구 · 서초동,ソウル・瑞草区・瑞草洞
서울 서초구 서초동,ソウル瑞草区瑞草洞
매주 토요일 태권도 1일 클래스,毎週土曜日テコンドー1日クラス
경기도 · 남양주시 · 다산순환로,京畿道・南楊州市・多山循環路
경기도 남양주시 다산순환로,京畿道南楊州市多山循環路
감성가득 플라워 디퓨저 원데이클래스,感性満載のフラワーディフューザーワンデークラス
서울 · 은평구 · 갈현로,ソウル・ウンピョン区・ガルヒョン路
서울 은평구 갈현로,ソウルウンピョン区ガルヒョンロ
"웃음 만발, 모두가 만족하는 플레이모빌 럭키 키링 만들기",笑い満開、みんなが満足するプレイモービルラッキーキーリングを作る
서울역 서부역 방향 대로변 (구 종로학사 건물 옆) 2층,ソウル駅西部駅方向大通り沿い（旧鍾路学士ビル横）2階
좋아하는 원두 취향 찾고 나만의 드립백 10개 만들기(원데이),好きな豆腐の好みを探して自分だけのドリップバッグ10個作り（ワンデー）
새해 맞이 제스모나이트 액막이 도어벨 만들기,明けましておめでとうジェスモナイト液膜ドアベルを作る
서울 · 강북구 · 미아동,ソウル・江北区・美児洞
서울 강북구 미아동,ソウル江北区美児洞
샤쉐(향주머니) 만들기 클래스,シャシェ（香袋）作りクラス
"경기도 수원시 영통구 광교호수공원로 277(원천동, 광교중흥에스클래스) B2층 35호",京畿道水原市永通区光橋湖公園路277（原川洞、光橋中興エスクラス）B2階35号
경기 수원시 영통구 광교호수공원로 277,京畿道水原市永通区光橋湖公園277
의류패턴제작과 수선 (26회),衣類パターン制作と修理（26回）
층 뉴패션디자인학원,フロアニューファッションデザイン学院
광주광역시 남구 서문대로 773-2  4층 뉴패션디자인학원,光州広域市南区西門大路773-2 4階ニューファッションデザイン学院
드라이플라워로 만드는 나만의 디퓨져 무드등,ドライフラワーで作る自分だけのディフューザームードなど
층 미다모은공방,フロアミダモウン工房
광주광역시 광산구 장덕동 장덕로39번길 10 1층 미다모은공방,光州広域市光山区長徳洞長徳路39番ギル10 1階ミダモウン工房
나만의 조향 향수 만들기 클래스,独自のステアリングフレグランス作りクラス
서울 · 마포구 · 독막로18길,ソウル・麻浦区・独幕路18ギル
서울 마포구 독막로18길,ソウル麻浦区独幕路18ギル
감정을 해소하는 글쓰기 아트테라피:파도에 흘려보낸 마음,感情を解消する執筆アートセラピー：波に流した心
대전광역시 서구 계룡로 314 대전 청춘스럽 대전일보사 1층 나눔회의실2,大田広域市西区桂龍路314大田青春大田日報寺1階分け会議室2
대전광역시 서구 계룡로 314 대전 청춘스럽(대전일보사 1층 나눔회의실2),大田広域市西区桂龍路314大田青春（大田日報社1階分け会議室2）
홍대 근막경선 빈야사요가 원데이클래스,弘大筋膜経線ビンヤサヨガワンデークラス
제스모나이트+캔들/레진아트 2가지를 한번에 배울수 있다?,ジェスモナイト+キャンドル/レジンアートの2つを一度に学ぶことができる？
경기도 · 군포시 · 산본로323번길,京畿道・郡浦市・三本路323番道
경기도 군포시 산본로323번길,京畿道郡浦市三本路323
가족 연인이 좋아할만한 크리스마스 리스만들기,家族の恋人が好きなクリスマスリースを作る
경기도 수원시 팔달구 인계동 488-1 아임위드엘리시아 9층 904호,京畿道水原市パルダル区仁渓洞488-1アイムウィドエリシア9階904
"서울 도심에서 떠나는 나만의 밤하늘 여행, Nineteen Class",ソウル市内中心部から出発する自分だけの夜空旅行、Nineteen Class
서울 · 관악구 · 남부순환로,ソウル・冠岳区・南部循環路
서울 관악구 남부순환로,ソウル冠岳区南部循環路
플라워 취미반 클래스,フラワーホビークラス
층 로지아플라워,フロアロッジアフラワー
대구광역시 남구 이천동 대봉로32길 6-2 1층 로지아플라워,大邱広域市南区利川洞大鳳路32ギル6-2 1階ロッジアフラワー
오로라 디퓨저 / 향수 클래스,オーロラディフューザー/香水クラス
크리스마스이미지 와인잔에 프린팅하기(실크스크린기법),クリスマス画像ワイングラスに印刷する（シルクスクリーン技術）
영화같은 목공방 도마 만들기 oneday class,映画のような木工房まな板作り oneday class
단하나뿐인 나만의 시그니처 향수 만들기,たった一つだけの自分だけのシグネチャー香水作り
혼자서도 소소하게 즐기기 좋은 취미활동으로,一人でも少し楽しむのがいい趣味活動で
PET & FLOWER 반려견과 함께하는 플라워 클래스,PET＆FLOWERペットと一緒にフラワークラス
서울 강남구 도산대로67길 29 지층,ソウル江南区道山大路67ギル29地層
유명 브랜드 향수 만들기(30ml) 당일 즉시 사용.오드퍼퓸보다 4배 진한 향수.,有名ブランド香水作り（30ml） 当日すぐに使用。 オードパルファムより4倍濃い香水。
서울특별시 서울 송파구 올림픽로119 파인애플상가 지하1층 B18 지하1층160호,ソウル特別市ソウル松坡区オリンピック路119パイナップル商店街地下1階B18地下1階160号
퍼스컬컬러+골격진단 이미지메이킹 원데이클래스,パースカラー+スケルトン診断画像メイキングワンデークラス
쫀득달콤 수제 떡 원데이 클래스,ちょっと甘い自家製餅ワンデークラス
층 쌀롱해랑,フロアメロンハラン
서울특별시 마포구 노고산동 신촌로20길 34 1층 쌀롱해랑,ソウル特別市麻浦区野古山洞新村路20ギル34 1階
성인반 아이패드 드로잉 4주과정,成人クラスのiPad図面4週間コース
대구,大邱
앙금플라워 쿠키,アンゴールドフラワークッキー
65,65
인천광역시 부평구 부흥북로57번길 32-17 12-65,仁川広域市富平区復興北路57番ギル32-17 12-65
반려동물 수제간식만들기,ペットの手作りスナックを作る
층 펑크플러프,フロアパンクフラフ
서울특별시 광진구 자양동 뚝섬로31길 43 1층 펑크플러프,ソウル特別市光津区楊陽洞トゥクソムロ31ギル43 1階パンクフラフ
🔮 「타로 아틀리에」 타로 리딩 후 나만의 타로 운세를 다꾸로 기록해보세요!,🔮「タロット・アトリエ」 タロウリーディング後、自分だけのタロット占いを盛り込んで記録してみてください！
서울 · 마포구 · 양화로,ソウル・麻浦区・養華路
서울 마포구 양화로,ソウル麻浦区ヤンファロ
위스키클래스&칵테일클래스,ウイスキークラス＆カクテルクラス
"🎧K-pop 릴스 완전정복, 목각도 무조건 최애 안무 마스터 가능💙",🎧K-pop リールス完全征服、木彫りも無条件最愛振付マスター可能💙
서울 · 마포구 · 신촌로4길,ソウル・麻浦区・新村路4ギル
서울 마포구 신촌로4길,ソウル麻浦区新村路4ギル
나전옻칠 수저 원데이클래스,螺旋漆塗りスーザーワンデークラス
찾으시려는 페이지의 주소가 정확한지 다시 한번 확인해 주세요,検索したいページの住所が正しいことをもう一度確認してください
공기정화식물 모스와 화산석을 이용한 스톤디퓨저만들기,空気浄化植物モスと火山石を利用したスト​​ーンディフューザー作り
전통주를 취미로😎내손내빚 막걸리양조,伝統主を趣味として😎私の手作りのマッコリ
서울 · 강동구 · 상암로39길,ソウル・江東区・上岩路39ギル
서울 강동구 상암로39길,ソウル江東区上岩路39ギル
지금부터 크리스마스 기다리는 사람?,今からクリスマスを待っている人？
나도 아티스트 페인팅 원데이 클래스,私もアーティスト絵画ワンデークラス
작가님과 함께하는 아크릴화클래스,作家とのアクリル化クラス
서울 · 마포구 · 동교로27길,ソウル・麻浦区・東京路27ギル
서울 마포구 동교로27길,ソウル麻浦区東橋路27ギル
제스모나이트 원데이클래스,ジェスモナイトワンデークラス
"지하철이용시-5호선 아차산역 5번출구에서 나오셔서 큰 도로 따라 내려오시다 ‘삼익가구’ 골목으로 쭉 내려오시면 됩니다.
주차가능 
주소 : 서울 광진구 천호대로 118길 47 1층","地下鉄利用時-5号線アチャサン駅5番出口から出て、大きな道路に沿って降りてきてください。
駐車可能 
住所：ソウル広津区天湖大路118ギル47 1階"
탁구선수가 알려주는 잘 치는법! 왕초보부터 고수까지 쪽집게 과외,卓球選手が知らせるよく打つ方法！王初歩からコスまで厄介な課外
경기도 수원시 팔달구 정조로801번길 24,京畿道水原市팔달구 정조로801번길 24
"심신의 조화를 이루는 심리미술, 내면의 세계를 탐험하다",心身の調和をなす心理美術、内面の世界を探検する
감성 넘치는 옛 건물을 힙하게 그려보는 원데이 어반 스케치 클래스,感性あふれる旧建物をヒップに描くワンデーアーバンスケッチクラス
수강하시는 분들외에 다른 업무로 운영되는 오픈 스튜디오입니다.,受講される方のほか、他の業務で運営されるオープンスタジオです。
허브티+아로마테라피 클래스 (8월 29일),ハーブティー+アロマセラピークラス（8月29日）
서울시공익활동지원센터,ソウル市公益活動支援センター
"서울특별시 용산구 백범로99길 40 용산베르디움프렌즈 101동 지하1층, 서울시공익활동지원센터",ソウル特別市龍山区ペクボムロ99ギル40龍山ベルディウムフレンズ101洞地下1階、ソウル市公益活動支援センター
곰손도 완전 가능!! 귀여운 모루인형 만들기,クマソンも完全可能！かわいいモルドールを作る
청둥오리 콜라주 아트북 만들기,マガモのコラージュアートブックを作る
심리검사로 보는 연애패턴 이해 클래스,心理検査で見る恋愛パターン理解クラス
TCI 기질 및 성격 검사,TCI基質と性格検査
서울 · 서초구 · 이수역-사당역,ソウル・瑞草区・イス駅 - サダン駅
서울 서초구 이수역-사당역,ソウル瑞草区イス駅 - サダン駅
초보자도 쉽게 배우는 순수미술 클래스,初心者でも簡単に学ぶ純粋美術クラス
층 화실 긞,フロアトリートスクラッチ
부산광역시 금정구 장전동 금강로279번길 6 2층 화실 긞,釜山広域市金正区張電洞金剛路279番ギル6 2階和室
차근차근 배우는 🍀아이패드드로잉🍀,じっくり学ぶ🍀iPadドローイング🍀
dee'tz 4weeks regular class (기초반),dee'tz 4weeks regular class (基礎クラス)
서울 · 서대문구 · 연세로7안길,ソウル・西大門区・延世路7アンギル
서울 서대문구 연세로7안길,ソウル西大門区延世路7アンギル
deet'z SPECIAL WORKSHOP,deet'z SPECIAL WORKSHOP
mbti 퍼스널 향수 만들기,mbtiパーソナルフレグランスを作る
"부산광역시 남구 대연동 수영로 295 부산광역시 남구 수영로 295 (대연동, 세웅빌딩) 207호",釜山広域市南区大連洞水泳路295釜山広域市南区水泳路295（大連洞、セウンビル）207号
감성 공간에서 나만의 힐링 향수 만들기,感性空間で自分だけの癒しの香水を作る
서울 · 송파구 · 방이동,ソウル・松坡区・部屋移動
서울 송파구 방이동,ソウル松坡区バンイドン
행잉가랜더 만들기(with 클레이크림플라워),ハンギングガーランダーを作る（withクレイクリームフラワー）
클레이크림플라워 도어벨리스만들기,クレイクリームフラワードアベリス作り
목조각 예술로 힐링 교실,木彫刻芸術で癒しの教室
부천시 원미구 송내대로 73번길 반달빌딩 지하2층,富川市原美区松内大路73番ギルバンダルビル地下2階
보석 방향제와 타블렛 원데이 클래스,ジュエリーフレグランスとタブレットワンデークラス
코바늘 뜨개 곰돌이 키링 만들기,鼻針編み熊のキーリングを作る
제스모나이트 친환경 소품 만들기,ジェスモナイト環境にやさしい小道具を作る
서울 · 금천구 · 가산동,ソウル・金川区・加山洞
서울 금천구 가산동,ソウル錦川区加山洞
"K-아트,민화 정규반/지도자자격증반",K-アート、民話正規クラス/リーダー資格証明
충청북도 · 청주시 · 흥덕구,忠清北道・清州市・興徳区
충청북도 청주시 흥덕구,忠清北道清州市興徳区
K아트-전통을탐하고 창의적으로 재현하는 민화,Kアート - 伝統を探求し、創造的に再現する民話
충청북도 청주시 흥덕구 직지대로639번길 91,忠清北道清州市興徳区直営大路639
건강한베이킹,健康的なベーキング
서울 · 강동구 · 올림픽로98길,ソウル・江東区・オリンピック路98ギル
서울 강동구 올림픽로98길,ソウル江東区オリンピック路98ギル
내피부에 맞는 천연화장품 만들기 명품화장품클래스,内皮に合った天然化粧品作り 高級化粧品クラス
경기도 · 하남시 · 미사강변서로,京畿道・河南市・ミサガン便所へ
경기도 하남시 미사강변서로,京畿道ハナム市ミサガン便所へ
지구를 생각하는 양말목공예 원데이클래스,地球を考える靴下のクラフトワンデークラス
"부산광역시 연제구 연산동 988-3 (고분로 111, 1층) 맘스핸즈",釜山広域市延済区延山洞988-3（古墳路111、1階）マムスハンズ
나무 경첩' 상자 One-Day Class,ウッドヒンジボックスOne-Day Class
경기도 일산서구 송산로 559-17 🌿⠀⠀⠀,京畿道一山西区松山路559-17🌿⠀⠀⠀
나만의 개성이 담긴 힙팟 만들기 원데이클래스,自分だけの個性が詰まったヒップポット作りワンデークラス
덕리치안 레이크타워 810호,ダックリアンレイクタワー810号
경기도 용인시 기흥구 흥덕2로 117번길 19 흥덕리치안 레이크타워 810호,京畿道龍仁市ギフン区興徳2路117番ギル19興徳リチアンレイクタワー810
슈가 플라워 리스 케익 원데이 클래스,シュガーフラワーリースケーキワンデークラス
압화 캔들홀더+티라이트캔들 클래스,加圧キャンドルホルダー+ティーライトキャンドルクラス
랑실작업소,ランシルワークショップ
부산광역시 부산진구 전포대로190번길 34 초랑실작업소,釜山広域市釜山神宮全浦大路190番ギル34
보자기 아트 하루수업,風呂敷アート日授業
경기도 · 부천시 · 신흥로,京畿道・富川市・新興路
경기도 부천시 신흥로,京畿道富川市新興路
반짝반짝 썬캐쳐 만들기,キラキラサンキャッチャーを作る
경기도 · 수원시 · 팔달구,京畿道・水原市・八達区
경기도 수원시 팔달구,京畿道水原市パルダル区
보존화로 장식한 동양 벽장식만들기,保存画で飾られた東洋の壁飾りを作る
서울 · 강남구 · 논현로,ソウル・江南区・ノンヒョン路
서울 강남구 논현로,ソウル江南区ノンヒョンロ
딱딱한쿠키는가라! 촉촉한브라우니쿠키 원데이클래스 오픈!,硬いクッキーは行け！しっとりブラウニークッキーワンデークラスオープン！
수업도 재미있는 분위기로 진행하니 부담 갖지 말고 오세요~,レッスンも楽しい雰囲気で進行しているので負担がありません。
"취향을 담은 나만의 신발,가방,의류 커스텀 해보기 / 업사이클링 공예",お好みを入れた自分だけの靴、バッグ、衣類カスタム試してみる/アップサイクリングクラフト
서울과학기술대학교 디자인과 졸업 후 2017년부터 영국 런던에서 Superga 수페르가 아티스트 활동 했으며 Stella McCartney 전담 마카쥬 아티스트로 경력을 쌓고 한국으로 돌아왔습니다. 현재는 영등포에서 서드라이프 커스텀 공방을 운영하고 있습니다.,ソウル科学技術大学のデザインと卒業後、2017年からイギリスロンドンでSupergaスーペルがアーティスト活動し、Stella McCartney専担マカジュアーティストとしてキャリアを積んで韓国に帰ってきました。現在は永登浦でサードライフカスタム工房を運営しています。
시들지 않는 꽃_하바리움 클래스,枯れない花_ハバリウムクラス
서울 · 서초구 · 반포대로7길,ソウル・瑞草区・珠浦大路7ギル
서울 서초구 반포대로7길,ソウル瑞草区半浦大路7ギル
시그니처 오가닉 천연향수 원데이클래스,シグネチャーオーガニック天然香水ワンデークラス
다육화분 받침대 만들기,多肉植木鉢の台を作る
혹시 반려식물로 다육이를 키우고 계신가요..?,もしかしてペット植物で多肉歯を育てていますか？
오구오구 편백 에그트레이 만들기,小口区片白エッグトレイを作る
층 목마름공방,フロアネックドーム工房
인천광역시 서구 청마로34번길 32-20 1층 목마름공방,仁川広域市西区清馬路34番ギル32-20
광주광역시 나만의 실링왁스 원데이클래스,光州広域市独自のシーリングワックスワンデークラス
가202,秋202
광주광역시 서구 경열로65번길 7-1 상가202,光州広域市西区京畿道65番ギル7-1商店街202
마크라메 카네이션 월행잉 클래스,マクラメカーネーション月行英クラス
경기도 · 군포시 · 군포로735번길,京畿道、郡浦市、郡浦路735
경기도 군포시 군포로735번길,京畿道郡浦市郡浦路735
나만이 가질수있는 수제화 만들기,自分だけが持てる手作りの作り
부산광역시 전포동 309-43번지 2층 부산진구 부산광역시 KR 4층 집! 스튜디오,釜山広域市全浦洞309-43番地2階釜山神宮釜山広域市KR4階集！スタジオ
우드카빙 - 숟가락 깎기,ウッドカービング - スプーンカット
"곡환도와 카빙나이프를 이용해 숟가락을 만드는 프로그램으로,",曲丸図とカービングナイフを利用してスプーンを作るプログラムで、
개성 넘치는 나만의 오일파스텔 초상화 드로잉 페인팅 그림 원데이클래스,個性あふれる自分だけのオイルパステル肖像画描画絵画ワンデークラス
부산광역시 중구 해관로 22-1 2층 써니빌카페 우측 골목에 입구,釜山広域市中区海管路22-1 2階サニービルカフェ右路地に入口
부산광역시 중구 해관로 22-1 2층 (써니빌카페 우측 골목에 입구),釜山広域市中区海管路22-1 2階（サニービルカフェ右路地に入口）
광주광역시 백드롭페인팅 클래스,光州広域市バックドロップ絵画クラス
가202호,ガ202号
광주광역시 서구 경열로65번길 7-1 상가202호,光州広域市西区京畿道65番ギル7-1商店街202
테라조비누&입욕제(베쓰밤) 만들기 클래스,テラゾソープ＆入浴剤（ベツバーム）作りクラス
카네이션 캔들 만들기,カーネーションキャンドルを作る
새벽정원 토피어리 원데이클래스,夜明け庭園トピアリーワンデークラス
서울 · 마포구 · 포은로,ソウル・麻浦区・ポウンロ
서울 마포구 포은로,ソウル麻浦区ポウンロ
새벽정원 화병꽂이 원데이클래스,夜明けの庭の花瓶アウターワンデークラス
새벽정원 꽃바구니 원데이클래스,夜明け庭の花バスケットワンデークラス
새벽정원 플라워볼 원데이클래스,夜明けガーデンフラワーボールワンデークラス
"와인 원데이클래스, 와인 표현법을 배우며 나의 와인취향을 알아봐요",ワインワンデークラス、ワイン表現法を学び、私のワイン好みを調べてください。
서초구,瑞草区
#한양도성#인왕산#알쓸산잡 야간하이킹,＃漢陽都城＃仁王山＃アルドゥサンジャブナイトハイキング
서울 · 종로구 · 사직로,ソウル・鍾路区・社職路
서울 종로구 사직로,ソウル鍾路区辞職路
고기에 진심인 사람들 - 원데이 캠핑 노하우 고기파티,肉に心からの人々 - ワンデーキャンプノウハウ肉パーティー
무료 괄사 홈케어 마사지 클래스,無料カットホームケアマッサージクラス
서울 · 노원구 · 노원로,ソウル・Nowon区・Nowonro
서울 노원구 노원로,ソウルノウォン区ノウォンロ
친환경 클레이로 만드는 나만의 웜아트 소품,環境にやさしい粘土で作る独自のウォームアート小道具
서울 · 중랑구 · 봉화산로1길,ソウル、中南区、ボンファサン路1ギル
서울 중랑구 봉화산로1길,ソウル中南区鳳華山路1ギル
일산 식음료 클래스,一山飲食クラス
경기도 고양시 일산동구 장항동 741번지 로데오존 2층 조금 취했어,京畿道高陽市一山東区長港洞741番地ロデオゾン2階
서울강북] 라탄트레이(선택1)+미니도어벨만들기(색상선택1)',ソウル江北]ラタントレイ（オプション1）+ミニドアベルを作る（カラー選択1） '
아차산 야간 하이킹,アチャサンナイトハイキング
서울 · 광진구 · 천호대로,ソウル・光津区・天湖通り
서울 광진구 천호대로,ソウル広津区天湖通り
펀치니들 은방울꽃 액자 만들기,パンチニーの銀滴花の額縁を作る
향수 원데이클래스,香水ワンデークラス
층 106호 어모릭스공방,階106号 アモリックス工房
경기 포천시 소흘읍 송우로 75,京畿道浦川市ソル邑ソンウロ75
우드카빙 냥 버터나이프,ウッドカービングニャンバターナイフ
서울 · 영등포구 · 도림로126길,ソウル・永登浦区・ドリムロ126ギル
서울 영등포구 도림로126길,ソウル永登浦区ドリムロ126ギル
우드카빙 고양이 얼굴 만들기,ウッドカービング猫の顔を作る
MBTI 향수 만들기 클래스,MBTIフレグランス作成クラス
라탄티코스터 라탄다용도꽂이 라탄트레이 만들기 라탄공방 출강가능,ラタンティーコースターラタンダ用途アレンジメントラタントレイ作りラタン工房出張可能
서울 강북구 솔매로49길 14,ソウル江北区ソルメロ49ギル14
터프팅 워크숍,タフティングワークショップ
서울 · 마포구 · 월드컵로30길,ソウル・麻浦区・ワールドカップで30ギル
서울 마포구 월드컵로30길,ソウル麻浦区ワールドカップ30ギル
크로키 그리고 싶다,クロッキーを描きたい
루프탑지니 바베큐 와인파티,ルーフトップジニーバーベキューワインパーティー
탱고 tango 원데이 체험클래스,タンゴタンゴワンデー体験クラス
나무 뚱냥이 만들기 고양이 영등포구,木の肥満を作る猫永登浦区
갤러리에서 만드는 나만의 향,ギャラリーで作る自分の香り
발렌타인데이 쵸코렛만들기,バレンタインデーチョコレート作り
서울 · 마포구 · 백범로,ソウル・麻浦区・ペクボムロ
서울 마포구 백범로,ソウル麻浦区ペクボムロ
양모펠트 반려견 키링 또는 미니액자 원데이클래스,羊毛フェルトペット犬キーリングまたはミニフレームワンデークラス
부산광역시 사상구 가야대로 403 1층,釜山広域市沙上区茅屋通り403 1階
귀염뽀짝 나만의 모루인형 만들기,かわいくて自分だけのモルル人形作り
군번줄도 제공해드리며 인형 또는 키링으로 사용 가능합니다.,軍番線も提供しており、人形やキーリングとして使用可能です。
힙팟(Hip Pot) 나만의 화분 만들기,ヒップポット(Hip Pot) 自分だけの鉢植え
식물말고도 소품 등을 넣는 보관함으로도 사용이 가능하답니다:),植物以外でも小物などを入れる収納箱としても使用できます:)
나만의 작은우주 테라리움 원데이클래스,自分だけの小さな宇宙テラリウムワンデークラス
경상남도 양산시 물금읍 화산길 13-1,慶尚南道楊山市ムルム邑火山道13-1
질감이 매력적인 텍스쳐페인팅_그림 원데이클래스,質感が魅力的なテクスチャペインティング_絵ワンデークラス
부산광역시 중구 중앙동1가 해관로 22-1 2층,釜山広域市中区中央洞1街海管路22-1 2階
2026달력그리기_체험,2026カレンダーを描く_体験
코어강화 매트필라테스,コア強化マットピラティス
TSOM 오프라인 민화클래스,TSOMオフライン民話クラス
서울 · 강남구 · 삼성로96길,ソウル、江南区、サムスン路96ギル
서울 강남구 삼성로96길,ソウル江南区三成路96ギル
My쿠션 만들기,Myクッションを作る
knit 악세사리 만들기,knitアクセサリーを作る
플라워/가드닝 클래스,フラワー/ガードニングクラス
평생 간직할 수 있는 수제도장 만들기 원데이클래스,生涯大切な手作り塗装作りワンデークラス
소리공방,音工房
부산광역시 부산진구 동평로183번길 104 은소리공방,釜山広域市釜山鎮区東平路183番ギル104ウンソリ工房
글씨에 감성을 더하다 캘리그라피 클래스,文字に感性を加えるカリグラフィクラス
층 은소리 공방,フロア隠音工房
부산광역시 부산진구 연지동 동평로183번길 104 1층 은소리 공방,釜山広域市釜山鎮区延地洞東平路183番ギル104 1階ウンソリ工房
은팔찌 원데이클래스,銀のブレスレットワンデークラス
층 플레이아트센터,フロアプレイアートセンター
부산광역시 중구 대청로 78 3층 플레이아트센터,釜山広域市中区大清路78 3階プレイアートセンター
은팬던트 원데이클래스,銀パンダントワンデークラス
각인도장으로 나만의 이니셜을 새겨넣으실수 있어요~,刻印塗装で自分だけのイニシャルを刻むことができますよ〜
취향대로 그려보는 아크릴화 원데이클래스 ! 오늘은 그림 도전해봐요,お好みで描いてみるアクリル化ワンデークラス！今日は絵に挑戦してください。
찾아주시는 모든 분들께 행복한 추억을 친절히 남겨드리는 일이 가장 큰 보람이에요. 지친 일상에 그림으로 잠시나마 힐링 한 점 남겨가실 수 있도록 최선을 다하고 있어요 ⁎ ᵕᴗᵕ ⁎,訪ねてくださる皆さんに幸せな思い出を親切に残すことが最大のやりがいです。疲れた日常に絵でしばらく癒し一点残していただけるよう最善を尽くしています ⁎ ᵕᴗᵕ ⁎
찾아주시는 모든 분들께 행복한 추억을 친절히 남겨드리는 일이 가장 큰 보람이에요. 지친 일상에 그림으로 잠시나마 힐링 한 점 남겨가실 수 있도록 최선을 다하고 있어요 ( ⁎ ᵕᴗᵕ ⁎ ),訪ねてくださる皆さんに幸せな思い出を親切に残すことが最大のやりがいです。疲れた日常に絵でしばらく癒し一点残すことができるよう最善を尽くしています（⁎ᵕᴗᵕ⁎）
초보자도 손쉽게 만드는 야구글러브 키링 원데이 클래스,初心者でも手軽に作る野球グローブキーリングワンデークラス
원하시는 시간이 없으시면 수업날짜와 시간 말씀해주시면 1:1로 조율하여 진행됩니다,必要な時間がない場合は、授業日と時間を教えてください。
베어브릭 페인팅 원데이클래스,ベアブリック絵画ワンデークラス
서울 · 서초구 · 서초대로,ソウル・瑞草区・瑞草大通り
서울 서초구 서초대로,ソウル瑞草区瑞草通り
근접전투술 크라브마가 자기방어 클래스,近接戦闘術クラヴマが自己防衛クラス
진지희도 배우는(나혼산) 바로 그 운동!!,ジン・ジヒも学ぶ（ナホンサン）まさにその運動！
Wish Violin 위시바이올린,Wish Violin ウィッシュバイオリン
크리스마스 카드만들기,クリスマスカードを作る
"서울특별시 마포구 동교동 양화로 175, 모락 홍대점 마젤란 21 오피스텔 1312호",ソウル特別市麻浦区東京洞ヤンファロ175、モラック弘大店マゼラン21オフィステル1312号
방문수업-자세교정 및 통증관리를 위한 소도구 필라테스 클래스,訪問クラス - 姿勢矯正と痛み管理のための小道具ピラティスクラス
부산광역시 기장군 일광면 삼성리 795,釜山広域市キジャン郡日光面サムソンリ795
천연 아로마 롤온 & 룸스프레이 원데이클래스,天然アロマロールオン＆ルームスプレーワンデークラス
전통산수화 배우기: 동양화 드로잉 원데이 클래스,伝統的な酸水和を学ぶ：東洋画図面ワンデークラス
서울 · 종로구 · 이화동,ソウル・鍾路区・梨花洞
서울 종로구 이화동,ソウル鍾路区梨花洞
기초 탄탄 이제 나도 댄싱머신!,基礎タンタンもう私もダンシングマシン！
타제이빌딩 3층,タジェビル3階
서울특별시 강남구 역삼동 봉은사로 6길 34 스타제이빌딩 3층,ソウル特別市江南区駅三洞ボンウンサロ6ギル34スタージェイビル3階
하루만에 완성하는 게임 개발 원데이 클래스,1日で完成するゲーム開発ワンデークラス
서울 · 용산구 · 한강로2가,ソウル・龍山区・漢江路2街
서울 용산구 한강로2가,ソウル龍山区漢江路2街
2인 함께 크리스마스 커플케이크 만들기,2人一緒にクリスマスカップルケーキを作る
"노래녹음,미디,작사,작곡,노래,랩",曲録音、MIDI、作詞、作曲、歌、ラップ
서울 · 강남구 · 강남대로122길,ソウル・江南区・江南大路122ギル
서울 강남구 강남대로122길,ソウル江南区江南大路122ギル
유리 전사지 원데이클래스,ガラス転写紙ワンデークラス
접시                              가로- 19cm,プレート横 - 19cm
크리스마스 테라리움 만들기,クリスマステラリウムを作る
부산광역시 북구 구포동 896-27 1층,釜山広域市北区九浦洞896-27 1階
부산 북구 백양대로1016번나길 4,釜山北区白陽大路1016番道4
아로마 소이 타르트 만들기 아로마테라피,アロマソイタルト作りアロマセラピー
"필라테스와 헌대무용의 콜라보, 필라탄츠",ピラティスと古代舞踊のコラボ、ピラタンツ
특별한 날을 특별하게 기억하는 스냅사진,特別な日を特別に覚えるスナップ写真
서울 · 중구 · 신당동,ソウル・中区・新堂洞
서울 중구 신당동,ソウル中区新堂洞
"크리스마스 비누만들기 원데이클레스, 성인 키즈 모두가능",クリスマス石鹸作りワンデイクレス、大人キッズ全て可
향기도 좋고 효능도 좋은 천연비누/화장품으로,香りもよく、効能も良い天然石鹸/化粧品として
영화/드라마의 한 장면처럼 스틸컷 촬영,映画/ドラマの一シーンのようにスチールカット撮影
가장 자연스럽고 나다운 자연광 프로필 사진,最も自然で自然な自然光のプロフィール写真
"디자인을 살린 제로웨이스트 비누, 샴푸바 출강 클래스",デザインを活かしたゼロウエスト石鹸、シャンプーバー出講クラス
흥에스클래스 어뮤즈스퀘어 상가 B2층 39호,興エスクラスアミューズスクエア商店街B2階39号
경기 수원시 영통구 원천동 광교호수공원로 277,京畿道水原市永通区元川洞光橋湖公園277
창의성을 길러주는 미술관에서 만나는 클래식 원데이 클래스,創造性を育てる美術館で出会うクラシックワンデークラス
서울 마포구,ソウル麻浦区
모루인형만들기! 아직도 모루니?!,モルル人形作り！まだ分​​からない？
경상북도 · 경산시 · 진량읍,慶尚北道・慶山市・鎮梁邑
경상북도 경산시 진량읍,慶尚北道慶山市鎮梁邑
요술풍선 꽃다발 취미클래스,魔術風船花束趣味クラス
층 빛나는오늘,フロア輝く今日
경기도 고양시 덕양구 도내동 1051-4 도래울안길 33-1 1층 빛나는오늘,京畿道高陽市徳陽区道内洞1051-4ドラウルアンギル33-1 1階
오운완 테라피 향수 클래스! 나의 의지를 높여줄 아이템을 만들어 보세요!,オウンワンセラピー香水クラス！私の意志を高めてくれるアイテムを作ってみてください！
서울특별시 동대문구 장안동 380-3 1층 에꼴드아로마티크,ソウル特別市東大門区長安洞380-3 1階エフォルドアロマチック
서울 동대문구 한천로24길 74-16,ソウル東大門区漢川路24ギル74-16
위린이를 위한 온더락 위스키 클래스,ウィリンのためのオンザロックウイスキークラス
Dia Vocal Class,Dia Vocal Class
서울 · 서대문구 · 연세로,ソウル・西大門区・延世路
서울 서대문구 연세로,ソウル西大門区延世路
힙치로 MZ 탱고 댄스 동호회 학원 _ tango 살사 스윙댄스 스포츠 댄스 스포츠 학원,ヒップチでMZタンゴダンス同好会学園_tangoサルサスイングダンススポーツダンススポーツ学園
서울 · 중구 · 충무로4가,ソウル、中区、忠武路4街
서울 중구 충무로4가,ソウル中区忠武路4街
나만의 취향과 이야기를 담은 블렌딩티 만들기,自分だけの好みと話を込めたブレンディングティーを作る
왁스타블렛 + 디퓨져 원데이클래스 나만의 방향제 만들기,ワックスタブレット+ディフューザーワンデークラス自分だけの香りを作る
주말을 여는 빈야사 요가원데이class,週末を開くビンヤサヨガワンデークラス
서울숲 야외요가,ソウルの森屋外ヨガ
서울숲에서 60분간 진행되는 힐링요가를 통해 몸에 쌓인 피로를 풀어보아요 : ),ソウルの森で60分間進行するヒーリングヨガを通じて体に溜まった疲れを癒してみてください。
"나만의 모루인형, 귀염뽀짝 모루키링 만들기",自分だけのモル人形、かわいらしいモルキーリング作り
실용무용과 졸업생의 코레오 클래스,実用舞踊と卒業生のコレオクラス
입시 작품 역시 이 두가지 장르로 진행하였으며,入試作品もこの2つのジャンルで行われました。
상큼가득 레몬 마들렌 베이킹 원데이 클래스,さわやかなレモンマドレーヌベーキングワンデークラス
집에서도 꼭 연습해 보시길 바라요!,自宅でもぜひ練習してみてください！
유튜브 초보를 위한 유튜버와의 당신만의 원데이 클래스,YouTubeの初心者向けのYouTubeとのあなただけのワンデークラス
어린이 영어 경제 캠프,子供英語経済キャンプ
원하시는 지역에 맞춰 인근으로 직접 찾아가 운영하고 있습니다 ! 장소 문의 주세요 ~~,ご希望の地域に合わせて近くに直接訪れて運営しています！場所お問い合わせください~~
"애견수제간식, 강아지간식 만들기",愛犬手作りのおやつ、子犬のおやつを作る
경기도 · 수원시 · 장안구,京畿道・水原市・長安区
경기도 수원시 장안구,京畿道水原市長安区
베지터블 콤비 가죽지갑 만들기,ベジタブルコンビ革財布を作る
유리 모자이크 클래스,ガラスモザイククラス
부산광역시 부산진구 전포동 198-3번지 1층 방구석유리쟁이,釜山広域市釜山鎮区全浦洞198-3番地1階防具石ガラス張り
고급스러운 고소함 가득 호두파이 베이킹 원데이 클래스,豪華な香ばしさ満載クルミパイベーキングワンデークラス
나만의 써지컬 이니셜 팔지 제작하기 원데이 클래스,自分だけのサージカル・イニシャル・パルジーを作るワンデークラス
파이토블라썸 향수&캔들 공방,ファイトブラッサム香水＆キャンドル工房
"경기도 평택시 비전동 비전6길 33-1 102호, 파이토블라썸 향수&캔들 공방",京畿道平沢市ビジョンドンビジョン6ギル33-1 102号、ファイトブラッサム香水＆キャンドル工房
부산 1:1 필라테스 맞춤형 수업,釜山1：1ピラティスカスタムレッスン
부산광역시 동구 초량제3동 초량역,釜山広域市東区超量第3洞超量駅
3:1그룹필라테스 1회 체험,3:1グループピラティス1回体験
수채화 캔들 원데이클래스,水彩キャンドルワンデークラス
천연향수 만들기 원데이클래스,天然香水作りワンデークラス
디퓨저 홀더 원데이 클래스,ディフューザーホルダーワンデークラス
"친환경 전문강사 자격증반 (제로웨이스트, 수제종이, 업사이클, 탄소 중립 실천, 보태니컬)",環境にやさしい専門講師資格証明（ゼロウエスト、手作り紙、アップサイクル、炭素中立実践、ボタニカル）
천연향수 조향사 자격증 수업,天然香水操舵士資格クラス
오일 아로마테라피 감정 치유 원데이클래스,オイルアロマセラピー感情癒しワンデークラス
마크라메 미니플랜트행거 원데이클래스,マクラメミニプラントハンガーワンデークラス
우드반지만들기 체험,ウッドバンド作り体験
펫자수 입문반 기초반,ペット刺繍入門クラス基礎クラス
가 1층 d120호,秋の1階d120号
경기도 광주시 경안동 경안로41번길 6 상가 1층 d120호,京畿道光州市慶安洞慶安路41番ギル6商店街1階d120
펫자수 취미반 반려동물자수,ペット刺繍趣味班ペット刺繍
02동 1층 상가 1층 d120호,02棟1階商店街1階d120号
경기도 광주시 경안동 경안로41번길 6 102동 1층 상가 1층 d120호,京畿道光州市慶安洞慶安路41番ギル6 102棟1階商店街1階d120
"일상에 지쳐 잠시 떠나고 싶은 당신에게, 아트스테이",日常に疲れてしばらく去りたいあなたに、アートステイ
부산광역시 중구 영주로 68 3층,釜山広域市中区永州路68 3階
프리미엄 나만의향수 만들기,プレミアム独自の香水作り
01호 향이머무는하루,01号 香り滞在は一日
경기 수원시 영통구 하동 법조로149번길 216 101호 향이머무는하루,京畿道水原市永通区河洞法曹路149番ギル216 101号
"추석 원데이클래스 강아지송편, 한과",チュソクワンデークラス子犬送迎、韓国
스쿨오브뮤직,スクールオブミュージック
나만의 인생향수 만들기,自分だけの人生香水作り
부산광역시 북구 덕천동 450-34 2층 201호 레메이에르,釜山広域市北区徳川洞450-34 2階201号レメイエル
펫자수 원데이클래스,ペット刺繍ワンデークラス
호 리첸시아 상가 1층 d120호,ホリチェンシア商店街1階d120号
경기도 광주시 경안동 경안로41번길 6 금호 리첸시아 상가 1층 d120호,京畿道光州市慶安洞慶安路41番ギル6錦湖リチェンシア商店街1階d120
나만의 무드를 녹여내 만든 단 하나뿐인 실버링,自分だけのムードを溶かして作ったたった一つだけのシルバーリング
경기도 양평군 양서면 목왕로 13-1 2F,京畿道楊平郡両西面木王路13-1 2F
다이나믹 클라이밍,ダイナミック・クライミング
대구광역시 동구 신암동 705-7 3층,大邱広域市東区新岩洞705-7 3階
나만의 명품 그릇 만들기,自分だけの高級ボウル作り
뮤에뜨상가 401호,ムエトサンガ401
부산광역시 해운대구 구남로 8-1 라뮤에뜨상가 401호,釜山広域市海雲台区区南路8-1ラミュエット商店街401号
Suhwa healing flower class,Suhwa healing flower class
부산광역시 부산진구 전포대로 199번길 27,釜山広域市釜山神宮全浦大路199番ギル27
프리다이빙 체험,フリーダイビング体験
감정코칭 플라워 레슨,感情コーチングフラワーレッスン
"부산광역시 해운대구 좌동 대천로 187 , 장소 미정 예약 후 안내 예정",釜山広域市海雲台区左東大川路187、場所未定予約後案内予定
"부산광역시 해운대구 좌동 대천로 187 , 장소 미정 (예약 후 안내 예정)",釜山広域市海雲台区左東大川路187、場所未定（予約後案内予定）
자유로움이 느껴지는 백드롭페인팅 원데이 그림 드로잉 클래스,自由が感じられるバックドロップ絵画ワンデー絵画クラス
꾸덕꾸덕 오일파스텔 그림 페인팅 원데이클래스,クドクドクオイルパステル絵画ペインティングワンデークラス
버려진 옷의 재탄생!업사이클 러블리 비즈핸들 가방&헤어핀 세트 만들기 방학원데이클래스,捨てられた服の再誕生！
경기도 · 수원시 · 권선구,京畿道・水原市・巻線区
경기도 수원시 권선구,京畿道水原市巻線区
스테인드글라스 썬캐쳐 만들기,ステンドグラスサンキャッチャーを作る
힙지로 MZ 탱고 _화.토_ 2040직장인 tango dance 클래스,ヒップジでMZタンゴ_火.土_ 2040職場のtango danceクラス
행복을 전하는 K 플로리스트,幸せを伝えるKフローリスト
울산광역시 남구 무거동 대학로 46,蔚山広域市南区ムギドン大学46
나만의 은반지/은팔찌/목걸이 만들기,独自の銀輪/銀製のブレスレット/ネックレスを作る
경상남도 양산시 중부동 양주2길 26 1층,慶尚南道楊山市中部洞楊州2ギル26 1階
마포 공덕 청사진 플라워 캔들리스 원데이클래스,麻浦工徳青写真フラワーキャンドルレスワンデークラス
서울 · 마포구 · 도화2안길,ソウル・麻浦区・ドファ2アンギル
서울 마포구 도화2안길,ソウル麻浦区ドファ2アンギル
반려동물 강아지/고양이 도자기 물그릇,ペットの子犬/猫の陶器の水のボウル
수제약과 만들기,手薬と作り
트로디오빌빌딩,トロディオビル
서울특별시 마포구 신공덕동 백범로 199 메트로디오빌빌딩,ソウル特別市麻浦区新公徳洞ペクボムロ199メトロディオビル
부산퍼스널컬러진단,釜山パーソナルカラー診断
부산광역시 부산진구 서면로 10 2920호,釜山広域市釜山神宮西面路10 2920号
제주바다 레진 파도그리기~,済州海のレジン波を描く〜
제주특별자치도 제주시 도두일동 1809-1 아트공간길,済州特別自治道済州市ドドゥイルドン1809-1アートスペース
나만의 테라리움 캔들 만들기,自分だけのテラリウムキャンドル作り
나만의 반려식물 힙팟클래스,自分だけのペット植物のヒップポットクラス
부케캔들 부케왁스타블렛 플라워 원데이클래스,ブーケキャンドルブーケワックスタブレットフラワーワンデークラス
티아라케이크 1호,ティアラケーキ1号
층  앙그미아,フロアアングミア
서울특별시 강서구 염창동 양천로 661 2층  앙그미아,ソウル特別市江西区塩昌洞陽川路661 2階アングミア
실크스크린 정규수업,シルクスクリーン正規授業
"부산광역시 사상구 주례동 167-13 공공북스 페이지2, 냉정역 3번출구에서 200m",釜山広域市沙上区周礼洞167-13公共北ページ2、冷静駅3番出口から200m
앙금플라워 떡케익 1호,アンゴールドフラワー餅ケーキ1号
서울특별시 강서구 염창동 양천로 661   2층  앙그미아,ソウル特別市江西区塩昌洞陽川路661 2階アングミア
자유롭게 만드는 레진아트,自由に作るレジンアート
층 604호,階604号
경기도 부천시 심곡동 부일로 507 6층 604호,京畿道富川市深谷洞ブイロ507 6階604号
반짝반짝 플라워 코스터 원데이클래스~,キラキラフラワーコースターワンデークラス〜
내 손으로 피워내는 소이플라워캔들 원데이클래스,私の手で吸うソイフラワーキャンドルワンデークラス
광빌딩 8층 후화정원,光ビル8階後華庭園
대전광역시 중구 대흥동 보문로260번길 30  영광빌딩 8층 후화정원,大田広域市中区大興洞普門路260番ギル30栄光ビル8階
반려견 수제 간식 클래스,ペット犬手作りスナッククラス
경기도 고양시 덕양구 원흥1로 46-19 1층 104호 원흥동,京畿道高陽市徳陽区原興1路46-19 1階104号原興洞
경기도 고양시 덕양구 원흥1로 46-19 1층 104호(원흥동),京畿道高陽市徳陽区原興1路46-19 1階104号（原興洞）
물레 원데이클래스,ムーレワンデークラス
바다 or 꽃 젤캔들 홀더 만들기,海または花のゲルキャンドルホルダーを作る
경기도 · 광주시 · 태전로,京畿道・光州市・太田路
경기도 광주시 태전로,京畿道光州市太田路
명품/니치향수 만들기,高級/ニチ香水作り
가박스 3층 아로마포레스트,ガーボックス3階アロマフォレスト
부산광역시 사상구 사상로 201 메가박스 3층 아로마포레스트,釜山広域市思想区思想路201メガボックス3階アロマフォレスト
여성트레이너 피티 pt PT 수업 체험 배우기,女性トレーナーピッティpt PTレッスン体験を学ぶ
서울특별시 강동구 성내동 513 강동역 3번출구 근처 / 중앙마트 바로옆 중앙아파트 B(지하)1층,ソウル特別市江東区城内洞513江東駅3番出口近く/中央マートのすぐ隣中央アパートB（地下）1階
포항에서 원데이서핑강습 풀패키지,浦項でワンデーサーフィン講習フルパッケージ
조금이라도 생각있다면 지금 바로 문의 전화 주세요!!,少しでも考えていたら今すぐお問い合わせお電話ください！
조금이라도 생각있다면 지금 바로 문의  주세요!!,少しでも考えていたら今すぐお問い合わせください！
케이크토퍼 창업 자격증 클래스,ケーキトッパー設立資格クラス
01호 레오토퍼,01号 レオトッパー
인천광역시 미추홀구 주안동 구월로19번길 17 101호 레오토퍼,仁川広域市ミチュホル区州安洞九月路19番ギル17 101号レオトッパー
"아이들과 함께 하는 제스모나이트, 웜아트 클래스",子供たちと一緒にするジェスモナイト、ワームアートクラス
"반려동물 약과,송편만들기 원데이클래스",ペットの薬と送料を作るワンデークラス
서울특별시 광진구 군자동 면목로 12 2층,ソウル特別市 光津区君子洞 面目路 12 2階
공방 및 온라인창업을 위한 제스모나이트 자격증 클래스,工房およびオンライン創業のためのジェスモナイト資格クラス
처음 시작하는 이지드럼 원데이클래스,初めて始まるイージドラムワンデークラス
가격도 오픈 기념으로 할인행사 중입니다:),価格もオープン記念で割引イベント中です:)
펜싱 마에스트로에게 배우는 펜싱 원데이클래스!,フェンシングマエストロに学ぶフェンシングワンデークラス！
나만의 향수 만들기 클래스,独自の香水作りクラス
"시들지 않는 마음을 전하는, 모루 꽃다발 만들기 CLASS",枯れない心を伝える、アンビル花束作りCLASS
⌜IFFY - 타로 원데이 클래스⌟,⌜IFFY - 太郎ワンデークラス⌟
"향기가득 달달한 캔들 원데이 클래스(큐브캔들, 초콜릿 왁스타블렛, 마카롱캔들)",香りのよい甘いキャンドルワンデークラス（キューブキャンドル、チョコレートワックスタブレット、マカロンキャンドル）
안티버그클래스,アンチバーグクラス
층 레네의작업실,フロアレネの作業室
대전광역시 동구 삼성동 278-34 대한민국 대전광역시 동구 삼성동 278-34 대전 동구 선화로 183-3 1층 레네의작업실,大田広域市東区三成洞278-34 大田広域市東区三成洞278-34大田東区線画路183-3 1階レネの作業室
쉽게 만드는 백드로페인팅.나이프페인팅 클래스💕,簡単に作るバックドロペインティング。ナイフペインティングクラス💕
대전광역시 동구 삼성동 278-34 대전 동구 선화로 183-3 1층 레네의작업실,大田広域市東区三成洞278-34大田東区線画路183-3 1階レネの作業室
새로운 경험! 재밌는 폴댄스 1:1/ 2:1 원데이클래스,新しい経験！面白いフォールダンス1：1 / 2：1ワンデークラス
날도 좋고 여름맡이 새로운 취미 원데이클래스 체험하고 가세요~,日も良くて夏休みが新しい趣味ワンデークラス体験していきましょう～
"계절의 꽃의 향과 맛, 색을 오롯이 만드는 꽃차클래스",季節の花の香りと味、色を作り出す花茶クラス
경기도 가평군 설악면 창의리 421-1 경기 가평군 설악면 한서로124번길 16-14 2층,京畿道加平郡雪岳面昌義里421-1京畿道加平郡雪岳面124番ギル16-14 2階
나만의 아트토이 만들기 원데이 클래스,自分だけのアートトイ作りワンデークラス
F 온다름,Fオンダム
부산시 강서구 명지동 명지국제6로318번길 16-8  1F 온다름,釜山市江西区明治洞明治国際6号318番道16-8 1Fオンダム
두가지 한번에! 마들렌+실링왁스까지 만드는 2in1 갓성비 클래스!,二つ一度に！マドレーヌ+シーリングワックスまで作る2in1新鮮な雨クラス！
"서울특별시 관악구 봉천동 인헌17길 3 인수당약국 근방 1분거리에 있으며, 신청 확정 시 안내해 드려요~",ソウル特別市冠岳区鳳川洞インホン17ギル3買収当局近傍1分の距離にあり、申請確定時にご案内いたします〜
서울 관악구 인헌17길 3,ソウル冠岳区インホン17ギル3
나만의 컬러와 디자인을 담은 천연 비누,独自のカラーとデザインを盛り込んだ天然石鹸
"초보자도 쉽게 따라 할 수 있도록 강사가 친절하게 설명해드리며, 소규모 클래스로 운영되어 개별 피드백을 받을 수 있습니다. 집중하며 나만의 작품을 만드는 과정에서 스트레스 해소와 창작의 즐거움을 함께 경험해 보세요! 😊",初心者でも簡単にフォローできるように講師が親切に説明し、小規模クラスで運営され、個別のフィードバックを受けることができます。集中して自分だけの作品を作る過程で、ストレス解消と創作の楽しみを一緒に体験してみてください！ 😊
투명한 바다비누 만들기,透明な海の石鹸を作る
이플피움 힐링 플라워 원데이클래스,イプルピウムヒーリングフラワーワンデークラス
연산더샵파크시티 아파트단지 한들공원 앞 꽃집입니다,ヨンサンダーショップパークシティアパートメントハンドル公園の前の花屋
"감성 촉촉한 흙과 함께 하는 시간, 도자기클래스",感性しっとりとした土との時間、陶器クラス
원하시는 체험을 골라 예약 하시면 그에 맞는 프로세스로 클래스가 진행됩니다! 도자기 만들기의 각 방법을 확인하신 후 신청해주세요 :),ご希望の体験を選んで予約すると、それに合ったプロセスでクラスが進行されます！陶器作りの各方法をご確認の上お申し込みください:)
구미취미미술 아크릴화 그리기,欧米趣味美術 アクリル画を描く
경상북도 · 구미시 · 형곡로,慶尚北道・亀尾市・形曲路
경상북도 구미시 형곡로,慶尚北道亀尾市
나만의 벽걸이 꽃꽂이만들기,自分の壁掛けフラワーアレンジメントを作る
부산광역시 부산진구 전포동 207-86 지하 1층,釜山広域市釜山津区全浦洞207-86地下1階
부산 부산진구 전포동 207-86,釜山釜山津区全浦洞207-86
화과자자격증,和菓子資格
고나시 우이로우 네리끼리 셋뻬+일본식 양갱 총 4회 과정 입니다,小那浩郎 ネリ同士のセッペ＋日本式羊羹総4回コースです
보습촉촉 꿀비누 만들어봐요,保湿しっとり蜂蜜石鹸作りましょう
나를 만나는 글쓰기,私に会うために書く
부산광역시 강서구 명지동 3578-5 카페 오후의 숲,釜山広域市江西区明治洞3578-5カフェ午後の森
부산 강서구 명지국제6로1번가길 13,釜山江西区明治国際6号1番街道13
아이패드 드로잉 원데이클래스,iPad図面ワンデークラス
몸도 마음도 단단! 내몸내필 필라테스 클래스,体も心も硬い！私の体内筆ピラティスクラス
여름맞이 꽃캉스!!,夏のお祝い花カンス！
층 화인당 꽃집,フロアファインダンの花屋
서울특별시 서초구 방배동 방배천로2안길 99 1층 화인당 꽃집,ソウル特別市 瑞草区 バンペドン バンペチョロ2安吉99 1階
누구나 요가,誰でもヨガ
경상남도 창원시 의창구 소답동 157-1 2층,慶尚南道昌原市義昌区ソドンドン157-1 2階
캘리 그라피,カリグラフィー
한강에서 즐기는 카약과 패들보드,漢江で楽しむカヤックとパドルボード
하나뿐인 나만의 원석팔찌 만들기,一つだけの自分だけの原石ブレスレット作り
선생님이친절하시고편하게대해주셔서친구들과즐겁게하고왔어요!이쁜팔찌잘만들고왔습니다!부산오시면꼭오세요!최고에요💚,先生が親切で快適にしてくれて友達と楽しんできました！かわいいブレスレットを作ってきました！
나만의 특별한 트렌디하고 감각적인 플라워레슨,自分だけの特別なトレンディで感覚的なフラワーレッスン
캐릭터 초밥 아트 2급,キャラクター寿司アート2級
경기도 · 양주시 · 고암동,京畿道・楊州市・ゴアムドン
경기도 양주시 고암동,京畿道楊州市ゴアムドン
캐릭터 유부초밥,キャラクターユブ寿司
햇살이 좋은 기운을 불러다주는 모빌 썬캐쳐 만들기 CLASS,日差しが良いオーラを呼ぶモビルサンキャッチャー作りCLASS
선물로도 인기가 좋아요 ღ’ᴗ‘ღ,プレゼントとしても人気がいいです。
선물로도 인기가 좋아요(ღ’ᴗ‘ღ),プレゼントとしても人気がいいです(ღ’ᴗ‘ღ)
건강한 두피와 모발을 위한 샴푸바 만들기,健康な頭皮と髪のためのシャンプーバーを作る
서울특별시 마포구 아현동 마포대로 196 1333호,ソウル特別市麻浦区アヒョンドン麻浦大196 1333号
요즘 HOT!한 힙팟 클래스(수료증 과정),最近HOT！ハンヒップポットクラス（修了証コース）
부산광역시 북구 구포동 896-29 1층,釜山広域市北区九浦洞896-29 1階
요즘 HOT!한 힙팟 만들기 원데이클래스,最近HOT！ワンヒップポット作りワンデークラス
기업강사 도전하기,企業講師に挑戦する
서울 · 중구 · 태평로1가,ソウル・中区・太平路1街
서울 중구 태평로1가,ソウル中区太平路1街
작은 세상과 만나다 “왁스 디오라마”,小さな世界と出会う「ワックスジオラマ」
서울 · 서초구 · 방배로42길,ソウル・瑞草区・バンベロ42ギル
서울 서초구 방배로42길,ソウル瑞草区バンベロ42ギル
바리스타 2급 자격증반,バリスタ2級資格証明
6:1 기구필라테스 위더스필라테스목동점,6:1 器具ピラティス ウィザースピラティス木洞店
"서울 양천구 신월로 383 법조타운, 3층",ソウル楊川区新月路383法調タウン、3階
개인체험 기구필라테스,個人体験機構ピラティス
홈카페 자격증반,ホームカフェ資格証明
서울 스테인드글라스/유리공예 원데이 클래스,ソウルステンドグラス/ガラスクラフトワンデークラス
서울 · 구로구 · 구로동,ソウル・黒区・黒洞
서울 구로구 구로동,ソウル区区区区洞
맛있는 미니구겔호프 베이킹클래스,おいしいミニグゲルホープベーキングクラス
"서울특별시 서대문구 대현동 이화여대길59 메르체쇼핑몰 6층, 나우쿠킹",ソウル特別市西大門区大賢洞梨花女子大道59メルチェショッピングモール6階、ナウクッキング
나무 고양이 조각,木猫の彫刻
화철강 2층 201호,華鉄鋼2階201号
서울특별시 영등포구 문래동3가 도림로126길 18 태화철강 2층 201호,ソウル特別市永登浦区ムンレドン3街ドリムロ126ギル18太和鉄鋼2階201号
"속은 촉촉 겉은 달콤한, 레몬 마들렌 / 초코 마들렌 만들기",中はしっとりとした甘い、レモンマドレーヌ/チョコマドレーヌ作り
레시피 순서대로 준비해두신 재료에 맞추어 반죽합니다!,レシピ順に用意しておいた材料に合わせて練ります！
요즘 춤 하나쯤 도전? kpop dance 원데이 클래스,最近ダンス一つくらい挑戦？ kpop dance ワンデークラス
명품/니치향수 만들기(Grasse 산 향료),高級/ニチ香水作り（グラス産香料）
도자기 원데이클래스 - 반려동물을 위한 그릇 만들기 (물레),陶器ワンデークラス - ペットのためのボウル作り（ムレ）
서울특별시 광진구 구의1동 자양로18길 56 3층,ソウル特別市光津区区の1洞滋陽路18ギル56 3階
도자기 원데이클래스 - 반려동물을 위한 그릇 만들기 (핸드빌딩),陶器ワンデークラス - ペットのためのボウル作り（ハンドビル）
선인장 캔들(테라리움 캔들),サボテンキャンドル（テラリウムキャンドル）
클리어 젤캔들,クリアジェルキャンドル
터프팅 원데이 클래스 1DAY 3시간,タフティングワンデークラス1DAY 3時間
아프라자 B123호 실공방 터프팅,アプラザB123号実工房タフティング
경기도 안양시 동안구 부림로 121 동아프라자 B123호 실공방 터프팅,京畿道安養市中区ブリムロ121東アプラザB123
생화케이크1호,生花ケーキ1号
부산광역시 연제구 연산동 337-29 바라던케이크. 1층,釜山広域市延済区延山洞337-29を望むケーキ。 1階
건강한 재료로 만드는 홈베이킹 클래스,健康な材料で作られるホームベーキングクラス
싱일볼 힐링 사운드 명상,シンイルボールヒーリングサウンド瞑想
서울특별시 마포구 신수동 신수로 28 2층,ソウル特別市麻浦区新水洞新水路28 2階
도자기창업반,陶器創業班
층 안나도예공감,フロアアンナド予共感
서울특별시 광진구 구의1동 자양로18길 56 3층 안나도예공감,ソウル特別市光津区区の1洞滋陽路18ギル56 3階アンナド予共感
너무 특별해 터프팅 거울 터프팅 원데이클래스,とても特別なタフティングミラータフティングワンデークラス
서울 송파 터프팅 그로우선데이• TUFTING STUDIO,ソウルソンパタフティンググローサンデー•TUFTING STUDIO
리사이클링 수제종이 만들기,リサイクル手作り紙を作る
블레싱룸,ブレッシングルーム
"부산광역시 금정구 장전동 금정로 187 3층, 블레싱룸",釜山広域市金正区張電洞金正路187 3階、ブレッシングルーム
오직 하나뿐인 터프팅 러그 터프팅 공방 원데이클래스,1つだけのタフティングラグタフティング工房ワンデークラス
나만의 향수만들기 (네이처페어리),自分だけの香水作り（ネイチャーフェアリー）
뮤에뜨 2층 212호,ミューエット2階212号
부산광역시 해운대구 우1동 해운대로 620 라뮤에뜨 2층 212호,釜山広域市海雲台区右1洞海雲台620ラミュエット2階212号
냅킨아트 원데이클래스_성인반,ナプキンアートワンデークラス_大人クラス
몸을 깨우는 체형교정 필라테스,体を覚醒させる体型矯正ピラティス
층 하리필라테스,フロアハリピラティス
서울특별시 송파구 방이동 오금로31길 16-7 1층 하리필라테스,ソウル特別市 松坡区 バンイドン オムロ31ギル 16-7 1階 ハリピラテス
양갱클래스,羊飼いクラス
트로디오빌 빌딩 18층,トロディオビルビル18階
서울특별시 마포구 신공덕동 백범로 199 메트로디오빌 빌딩 18층,ソウル特別市麻浦区新公徳洞ペクボムロ199メトロディオビルビル18階
요가정렬빈야사/ 리프레쉬릴랙스 요가,ヨガソートビンヤサ/リフレッシュリラックスヨガ
경기도 용인시 처인구 금령로55번길 2,京畿道龍仁市
비건 향료로 만드는 향수 원데이클래스,ビーガン香料で作る香水ワンデークラス
서울 · 용산구 · 후암동,ソウル・龍山区・富岩洞
서울 용산구 후암동,ソウル龍山区フアムドン
나만의 색을 찾아보는 페인팅 원데이 클래스,自分の色を探すペインティングワンデークラス
"서울역에서 도보 15분 내로 위치하고 있습니다. 건물 주차장 내 자율주차 가능하며, 1분거리에 후암시장 공영주차장 또한 위치하고 있습니다.",ソウル駅から徒歩15分以内です。建物駐車場内の自律駐車が可能で、1分の距離にフアム市場公営駐車場もあります。
"도자기 핸드빌딩, 물레체험 클래스",陶器ハンドビル、ムレ体験クラス
체험 프리다이빙! 물속 세상을 체험해볼까요?,体験フリーダイビング！水中の世界を体験してみましょうか？
"세면도구, 수건, 수영모, 수영복 여자분들 비키니나 남자분들 트렁크 팬츠 안되요. 실내 수영복으로 준비해주세요~",バスアメニティ、タオル、水泳帽、水着の女性の方ビキニや男性の方のトランクパンツはダメです。屋内水着で準備してください〜
"세면도구, 수건, 수영모, 수영복(여자분들 비키니나 남자분들 트렁크 팬츠 안되요. 실내 수영복으로 준비해주세요~)",バスアメニティ、タオル、水泳、水着（女性のビキニや男の子のトランクパンツはいけません。屋内水着で準備してください〜）
천연 아로마테라피로 나만의 특별한 향수 만들기 (30ml /50ml),天然アロマセラピーで自分だけの特別な香水作り（30ml / 50ml）
인아라뱃길여객터미널 105호,インアラバットルート旅客ターミナル105
인천광역시 서구 오류동 정서진1로 41  경인아라뱃길여객터미널 105호,仁川広域市西区エラー洞チョンソジン1路41京仁アラバット道路旅客ターミナル105
에코백 만들기 원데이클래스,エコバッグ作りワンデークラス
아이패드 드로잉 원데이 클래스,iPad図面ワンデークラス
혹시 유튜브로 넷플릭스만 보고 있으시지 않으신가요?,もしYouTubeでNetflixだけを見ていませんか？
어버이날 케이크만들기,母の日ケーキ作り
서울특별시 광진구 군자동 면목로 12,ソウル特別市 光津区君子洞 面目路 12
세상에 단 하나뿐인 발도장액자만들기+마사지오일,世界にたった一つだけの抜斑腸液作り+マッサージオイル
발도장을 만드는 재료도 강아지에 발바닥 피부에 직접 닿는거기에 인체에 무해한 식물성 재료로만 준비했습니다. ​,足場を作る材料も子犬に足裏の皮膚に直接触れるそこに人体に無害な植物性材料でのみ用意しました。 ​
술빵클래스,スルパンクラス
트로디오빌빌딩 18층,トロディオビルビル18階
서울특별시 마포구 신공덕동 백범로 199 메트로디오빌빌딩 18층,ソウル特別市麻浦区新公徳洞ペクボムロ199メトロディオビル18階
레진아트 각양각색 키링 만들기,レジンアートの様々なキーリングを作る
부산광역시 남구 대연동 58-2 한라빌딩 5층,釜山広域市南区大連洞58-2ハンラビル5階
레진아트 바다갬성 물방울 그립톡 만들기,レジンアート海ギャンソン水滴グリップトークを作る
운영시간 외 원하시는 시간대는 별도 문의해주세요,営業時間外ご希望の時間帯は別途お問い合わせください
나만의 실버링 만들기(폭 2.5mm),自分だけのシルバーリング作り（幅2.5mm）
원하시면 가급적 다른 공방을 이용해주시길,必要に応じて、できるだけ異なる工房を使用してください。
레진공예 프레임 키링 원데이클래스,レジンクラフトフレームキーリングワンデークラス
부산광역시 부산진구 전포동 653-2 2층 크로우레진,釜山広域市釜山津区全浦洞653-2 2階クロウジン
따뜻한 마음을 선물하는 앙금떡케이크 원데이클래스,暖かい心をプレゼントするアンクック餅ケーキワンデークラス
Permeate향기공방 나만의 향수만들기 Class,Permeate香り工房 自分だけの香水作り Class
써니s다이닝카네이션화과자원데이클래스,日当たりの良いダイニングカーネーション和菓子資金デークラス
디자인비누원데이클래스(cp비누),デザイン石鹸ワンデークラス（cp石鹸）
전주 힙팟클래스,全州ヒップポットクラス
허브 캔들& 허브 방향제,ハーブキャンドル＆ハーブ香り
라탄 원데이클래스,ラタンワンデークラス
나만의 우드 모듈화병 만들기,独自のウッドモジュール化瓶を作る
부산광역시 부산진구 전포동 207-84 지하 1층,釜山広域市釜山津区全浦洞207-84地下1階
부산 부산진구 전포동 207-84,釜山釜山神宮全浦洞207-84
나만의 우드 벽행거 만들기,独自のウッドウォールハンガーを作る
"나만의 화분, 나만의 반려 식물, 힙팟 클래스",独自の植木鉢、独自のペット植物、ヒップポットクラス
서울 · 성동구 · 왕십리로4길,ソウル・城東区・王十里路4ギル
서울 성동구 왕십리로4길,ソウル城東区王十里路4ギル
카페 여름시즌 메뉴,カフェサマーシーズンメニュー
힙팟클래스,ヒップポットクラス
드라이플라워 캔들 티라이트 만들기,ドライフラワーキャンドルティーライトを作る
층 ROHA,フロアROHA
부산광역시 중구 신창동2가 광복중앙로33번길 16-5 4층 ROHA,釜山広域市中区新昌洞2街光復中央路33番道16-5 4階ROHA
부처님 오신 날 기념 부처 테라리움 만들기,仏様への日記念仏テラリウム作り
합문화공간 유앤미,合文化スペースユアンミ
경기도 파주시 파주읍 주라위길 94 복합문화공간 유앤미,京畿道坡州市坡州邑ジュラウィギル94複合文化空間ユアンミ
"공병을 활용하여 나만의 작은 정원, 테라리움 만들기",工兵を活用して自分だけの小さな庭、テラリウムを作る
"제로웨이스트의 시작, 샴푸바 만들기",ゼロウエストの始まり、シャンプーバーを作る
동 7층,東7階
경기도 부천시 중동 석천로 141 A동 7층,京畿道富川市中東石川路141 A棟7階
나만의 특별한 비누만들기,自分だけの特別な石鹸作り
경기도 · 부천시 · 중동,京畿道・富川市・中東
경기도 부천시 중동,京畿道富川市中東
캔들 KC인증 및 챔프파생 수업,キャンドルKC認証とチャンプ派生クラス
어버이날 스승의날 선물 추천! 카네이션 캔들 만들기,母の日先生の日プレゼントおすすめ！カーネーションキャンドルを作る
봄맞이 데이트추천! 나만의 미니 힙팟 화분 만들기로 식집사되기,春祭りデートおすすめ！独自のミニヒップポット鉢植えで植民地化される
변함없는 안전한 커스텀쥬얼리 클래스,変わらない安全なカスタムジュエリークラス
혼주 뒤꽂이(양가 어머님들) + 블렌딩 에센셜 오일(어머님들만의 에센셜 오일),一人ひとり裏（両家の母）＋ブレンドエッセンシャルオイル（お母様だけのエッセンシャルオイル）
탄센트럴에이스타워 B동 313호 아루아,タンセントラルエスタワーB棟313号アルア
경기도 화성시 영천동 동탄기흥로 590 동탄센트럴에이스타워 B동 313호 아루아,京畿道華城市永川洞ドンタンギフンロ590ドンタンセントラルエースタワーBドン313
주방비누/세탁비누 원데이클래스,キッチン石鹸/洗濯石鹸ワンデークラス
티 블랜딩 클래스,ティーブランディングクラス
나만의 감정레시피 : 감정오일&티블랜딩,自分だけの感情レシピ：感情オイル＆ティーブランド
서울 · 영등포구 · 당산로,ソウル・永登浦区・唐山路
서울 영등포구 당산로,ソウル永登浦区唐山路
나만의 특별한 아이템 레진아트 원데이 클래스,自分だけの特別なアイテムレジンアートワンデークラス
층 101호,階101号
충청남도 천안시 동남구 원거리11길 17 1층 101호,忠清南道天安市東南区遠距離11ギル17 1階101号
나만의 색을 찾는 퍼스널컬러 클래스,自分の色を探すパーソナルカラークラス
부산광역시 동구 범일동 범일로90번길 17 2509호,釜山広域市東区汎一洞汎日路90番ギル17 2509号
가드닝 & 페인팅 나만의 식물 팟 만들기,ガードニング＆ペインティング 独自の植物ポットを作る
배달은 이제그만 간단하게 누구나 해먹을수있는 건강한 집밥,配達は今すぐ簡単に誰でもハンモックできる健康なおがくず
순이상가 103호,純理想家103号
서울특별시 송파구 문정동 중대로 24 호순이상가 103호,ソウル特別市松坡区ムンジョンドン中大路24号
카네이션 화과자 원데이 클래스,カーネーション和菓子ワンデークラス
서울 · 용산구 · 원효로1가,ソウル・龍山区・ウォンヒョロ1街
서울 용산구 원효로1가,ソウル龍山区ウォンヒョロ1街
나만의 니치향수만들기,自分だけの日香水作り
업사이클 플라워 악세사리 카네이션 키링&부토니에 세트 만들기 +추가 1세트 더,アップサイクルフラワーアクセサリーカーネーションキーリング＆ブトニーにセット作り+追加1セットもっと
"경기도문화재단 산하 경기상상캠퍼스, 문화창직단체로 입주 활동 중",京畿道文化財団傘下の京畿想像キャンパス、文化創業団体として入居活動中
단 하루! 2시간 만에 작곡가 되는 법. 현재 100% 무료입니다,たった一日！ 2時間で作曲になる方法。現在100％無料です
경기도 수원시 팔달구 권광로159  수원프라자 1동 1207호,京畿道水原市パルダル区クォンクァンロ159水原プラザ1洞1207
나만의 우든펜(우드펜) 원데이 클래스,自分だけのウッドデンペン（ウッドペン）ワンデークラス
수제꽃차원데이클래스,手作り花次元デークラス
사업자창업포장클래스,事業者創業包装クラス
충청북도 · 청주시 · 상당구,忠清北道・清州市・商堂区
충청북도 청주시 상당구,忠清北道清州市サンダン区
보자기아트직장인반저녁클래스,ボジャギーアート職場のクラスの夜クラス
보자기선물포장취미반클래스,保磁ギフト包装趣味バンクラス
인삼꽃주원데이클래스,高麗人参花周園デークラス
봄여름용 자이언트얀 가방 만들기_고급스러운 골지 실,春夏用ジャイアントヤンバッグ作り_高級ゴルジルーム
보자기아트 자격증취득반/ 정규반클래스,ボジャギーアート資格取得コース/正規クラスクラス
신도주차장에  주차하시고  일신여고방향으로  3 분정도  걸어오시면 있습니다.,新都駐車場に駐車して一新女子高さ方向に3分ほど歩いてきます。
보자기아트원데이클래스,ボジャギアートワンデークラス
햇살과 유리의 영롱한 조합 스테인드글라스 원데이클래스,サンバーストとガラスの永遠の組み合わせステンドグラスワンデークラス
지정도안 세가지는 체험가 금액+난이도가 낮은 도안으로 체험해 보실 수 있어요 !,指定図案三つは体験家金額＋難易度の低い図案で体験していただけますよ！
서핑입문교육 (Lv.1) – 서핑교육 2시간 + 자유서핑 무제한,サーフィン入門教育（Lv.1） – サーフィン教育2時間+フリーサーフィン無制限
"부산광역시 해운대구 송정동 711-5 송정동 711-5 1층,2층 서프홀릭",釜山広域市海雲台区松井洞711-5松井洞711-5 1階、2階サーフホリック
부산 해운대구 송정해변로 50,釜山海雲台区松井ビーチ50
사랑듬뿍 카네이션 만들기(페이퍼플라워),愛らしいカーネーション作り（ペーパーフラワー）
1:1 맞춤 사진 강의 (예약 가능),1:1カスタムフォトレクチャー(予約可能)
연애 잘하고 싶은 분들한테 전해주는 연애꿀팁,恋愛よくやりたい方に伝えてくれる恋愛蜂蜜のヒント
우드카빙 - 버터나이프 만들기,ウッドカービング - バターナイフを作る
반려동물 케이크 만들기,ペットのケーキを作る
4월의 강좌 댕댕치킨 만들기,4月の講座ダンチキン作り
봄 맞이 수채화 원데이 클래스,春を迎える水彩ワンデークラス
친환경 신소재로 제작하는 나만의 에코오브제,環境にやさしい新素材で製作する自分だけのエコオブ製
취미로 배우는 캘리그라피,趣味で学ぶカリグラフィ
저역시는 육아를 위해 경단녀의 삶을 살다가 캘리그라피를  취미로 접하고 매력에 빠져 열심히 배우고 자격증을 취득하고 지금도 열심히 배우면서 노력하고 있답니다,低域市は子育てのためにキョンダン女の人生を生きて、カリグラフィーを趣味に触れ、魅力に陥り、一生懸命学び、資格を取得し、今も一生懸命学びながら努力しています。
부자가 되는 공간정리법,金持ちになる空間整理法
2시간 바다서핑강습 + 자유서핑 무제한,2時間シーサーフィン講習+フリーサーフィン無制限
정호텔2층 송정서핑학교,チョンホテル2階ソンジョンサーフィンスクール
부산광역시 해운대구 송정해변로 28 송정호텔2층 송정서핑학교,釜山広域市海雲台区松井ビーチ28松井ホテル2階松井サーフィン学校
포토파티 - 홍제스테이,フォトパーティー - ホンジェステイ
프로젝트룩,プロジェクトルック
"서울특별시 서대문구 홍제동 홍제원1길 8  201호, 프로젝트룩",ソウル特別市西大門区ホンジェドンホンジェウォン1ギル8 201号、プロジェクトルック
"예쁨 한스푼, 크림솝 만들기(약산성비누)",きれいなスプーン、クリームソープ作り（弱酸性石鹸）
펫푸드자격증 / 반려동물 베이커리지도사,ペットフード認証/ペットペットベーカリー指導者
층 다니옹,フロアダニオン
경상북도 경산시 진량읍 공단로 501-3 1층 다니옹,慶尚北道慶山市鎮梁邑公団路501-3 1階ダニオン
펫푸드 자격증 / 반려동물 푸드지도사,ペットフードの資格/ペットフードの指導者
"피크닉 준비 강아지 파스타 (바질파스타, 로제파스타)",ピクニック準備子犬パスタ（バジルパスタ、ロゼパスタ）
경상북도 경산시 진량읍 해든길 11 1층 다니옹,慶尚北道慶山市鎮梁邑ハドンギル11 1階ダニオン
입문반 - 3개월,入門クラス - 3ヶ月
서울 · 구로구 · 디지털로32가길,ソウル・黒区・デジタルで32通り
서울 구로구 디지털로32가길,ソウル区区区デジタルで32通り
나만의 워치 스트랩 만들기 원데이 클래스,自分だけのウォッチストラップを作るワンデークラス
부산광역시 부산진구 전포2동 664-6 1층 스그니 가죽공방,釜山広域市釜山鎮区全浦2洞664-6 1階スグニーレザー工房
부산광역시 부산진구 전포2동 664-6 1층(스그니 가죽공방),釜山広域市釜山神宮全浦2洞664-6 1階（スグニーレザー工房）
별자리 무드 캔버스 만들기,星座ムードキャンバスを作る
부산광역시 해운대구 중1동 1199-5 415호,釜山広域市海雲台区中1洞1199-5 415号
너무 맛있어서 소개할 말이 없는 브라우니 만들기,とても美味しくて紹介する言葉のないブラウニー作り
경기도 · 화성시 · 영천동,京畿道・華城市・永川洞
경기도 화성시 영천동,京畿道華城市永川洞
도자기에 흙으로 경험과 시간을 그리는 색소지 접시 만들기 클래스,陶器に土で経験と時間を描く色素紙皿作りクラス
서울특별시 강동구 고덕동 아리수로74길 35 101호,ソウル特別市江東区高徳洞有水路74ギル35 101号
자운고/청비고 원데이클레스,ジャウンゴ/チョンビゴワンデークレス
즉석 커스텀 티셔츠 만들기 체험 티셔츠체험/ 원데이 클래스 / 단체클래스,インスタントカスタムTシャツ作り体験Tシャツ体験/ワンデークラス/団体クラス
서울특별시 광진구 군자동 동일로56길 60 2층,ソウル特別市 光津区君子洞 同一路56ギル60 2階
백드롭페인팅 나이프화 원데이 클래스,バックドロップペインティングナイフ化ワンデークラス
부산광역시 북구 화명동 금곡대로 270 대림상가 310-1호,釜山広域市北区華明洞金谷大路270大林商店街310-1
미니칼림바 만들기(특수원목),ミニカリンバー作り（特殊原木）
부산광역시 중구 대청동3가 대청로78 3층 플레이아트센터,釜山広域市中区大清洞3街大清路78 3階プレイアートセンター
칼림바만들기(17키편백원목),カリンバ作り(17キー片白原木)
은반지 원데이클래스,銀輪ワンデークラス
나만의 귀여운 힙팟을 만들어봐요!,自分だけのかわいいヒップポットを作ってみてください！
하부동산 2층 leap,下部園 2階 leap
부산 사하구 괴정동 장평로 432,釜山（サハ）区ジョンジョン洞長平路432
해운대 바다를 내손 안에 모먼트캔들 만들기,海雲台海を私の手の中にモーメントキャンドル作り
오감만족 쉐이커쿠키 만들기,五感満足シェーカークッキーを作る
서울 · 강서구 · 양천로,ソウル・江西区・陽川路
서울 강서구 양천로,ソウル江西区陽川路
모던한 라탄 미니도어벨 만들기,モダンなラタンミニドアベルを作る
부산광역시 연제구 연산동 778-32 1층,釜山広域市延済区延山洞778-32 1階
반짝이는 당신의 하루를 위한 힐링 클래스 (나만의 비누 만들기) 성인반/키즈반,輝くあなたの一日のためのヒーリングクラス（自分だけの石鹸作り）大人クラス/キッズクラス
레메이에르 향수 원데이클래스,レメイエール香水ワンデークラス
[청년공방] 원목 LED 무드등 만들기 원데이클래스,[青年工房]原木LEDムードなど作りワンデークラス
층 신광빌딩 4층 청년공방 본점,フロア新光ビル4階青年工房本店
경기 수원시 팔달구 권광로187번길 10-3,京畿道水原市パルダル区クォンクァンロ187番10-3
인천 보컬 1:1 원데이 클래스 (선학역),仁川ボーカル1：1ワンデークラス（サンハク駅）
감사하고 고마웠던 분들께 직접 만든 카네이션캔들 어떨까요? 오래두고 봐도 예쁜 카네이션캔들,ありがとうございましたありがとうございました。長く置いても可愛いカーネーションキャンドル
오랜시간 수업의 노하우로 쉽고 재미있는 수업이 될수있게 준비할께요,長時間の授業のノウハウで簡単で楽しい授業になるように準備します。
곰돌이캔들 앙증맞고 요즘 가장 핫한 곰돌이캔들& 채색석고 실속 클래스,熊のキャンドルはうんざりしており、最近最もホットなクマのキャンドル＆着色石膏ストールクラス
대전광역시 동구 삼성동 278-4 레네의작업실,大田広域市東区三成洞278-4レネの作業室
필름 넣기부터 사진관까지! 찍으면서 배우는 필름카메라 원데이 출사클래스(필카 대여가능),フィルム入れから写真館まで！撮りながら学ぶフィルムカメラワンデー出射クラス（ピルカレンタル可）
서울 · 종로구 · 적선동,ソウル・鍾路区・赤善洞
서울 종로구 적선동,ソウル鍾路区赤善洞
청키캔들 (정크캔들_) 오밀한 오브제를 챱챱 만들고 캔들속에 쏙~ 청키캔들이에요,チョンキキャンドル（ジャンクキャンドル_）
오랜시간 공방을 하면서  수업을했던  경험을 바탕으로,長時間工房をしながら授業をした経験に基づいて
"DIY, 내 손으로 만드는 나만의 월급 포트폴리오_재테크 원데이클래스",DIY、私の手作りの独自の給料ポートフォリオ_ジェテックワンデークラス
스트파이브 을지로점,ストファイブ乙支路店
서울 중구 수표동 청계천로 100,ソウル中区スピョドン清渓川路100
글라스아트 썬캐쳐 만들기 원데이클래스,グラスアートサンキャッチャー作りワンデークラス
경기도 · 오산시 · 경기대로,京畿道・烏山市・京畿道
경기도 오산시 경기대로,京畿道烏山市京畿道
글라스아트 무드등 만들기 원데이클래스,ガラスアートムードなどを作るワンデークラス
글라스아트 거울꾸미기 원데이클래스,ガラスアートミラー飾りワンデークラス
한식디저트 개성주악 만들기 수업,韓国料理デザート個性奏楽作り授業
부산광역시 수영구 남천동 남천바다로15번길 31 2층,釜山広域市水泳区南川洞南川海路15番ギル31 2階
가죽 카드지갑 만들기 클래스,レザーカード財布作りクラス
완성도 있는 퀄리티의 작품을 스스로 만들 수 있도록,完成度のあるクオリティの作品を自分で作れるように
나만의 장난감 베어브릭 페인팅 클래스,独自のおもちゃベアブリック絵画クラス
부산광역시 강서구 명지동 3246 명지오션시티 삼정그린코아 114동 2층 108호,釜山広域市江西区明治洞3246明治オーシャンシティ三井グリーンコア114洞2階108号
This is Me - 나를 만나는 프로필 촬영(예약 가능),This is Me - 私に会うプロフィール撮影（予約可能）
"테라리움과는 다른 매력, 코케다마 만들기 클래스",テラリウムとは違う魅力、コケダマ作りクラス
층 네츄럴모먼트,フロアナチュラルモーメント
부산광역시 사하구 신평동 하신번영로151번길 66 1층 네츄럴모먼트,釜山広域市沙河区新平洞下新繁栄路151番ギル66 1階ナチュラルモーメント
스튜디오 리어스 천연비누 원데이/정규 클래스,スタジオリアス天然石鹸ワンデー/レギュラークラス
층 스튜디오 리어스,フロアスタジオリアス
부산광역시 기장군 정관읍 모전3길 32-8 1층 스튜디오 리어스,釜山広域市キジャン郡ジョングァン邑モージョン3ギル32-8 1階スタジオリアス
매주 금요일 해외파 선생님과 함께 떠나는 잉글리쉬 북 클럽 (Book & Activity),毎週金曜日、海外派先生と一緒に出発するイングリッシュブッククラブ(Book & Activity)
편한세상 광진 그랜드파크,快適な世界光津グランドパーク
서울특별시 광진구 구의동 광나루로 458 e편한세상 광진 그랜드파크,ソウル特別市広津区区義洞広成路458 e快適な世界光津グランドパーク
"해외파 선생님과 잉글리쉬 베이킹 | 2월예약, 금요반 | 광진",海外派先生とイングリッシュベーキング2月予約、金曜クラス|広津
사랑하는 내 반려동물을 닮은 양모펠트 원데이클래스,愛する私のペットに似た羊毛フェルトワンデークラス
앙금플라워떡케이크 파이핑 원데이 클래스,アンゴールドフラワー餅ケーキパイピングワンデークラス
층 설앙케이크,フロアサルアンケーキ
서울특별시 강동구 고덕동 고덕로 88-5 1층 설앙케이크,ソウル特別市江東区高徳洞高徳路88-5 1階 ソアンケーキ
직접 만드는 앙금플라워떡케이크 원데이 클래스,自分で作るアンゴールドフラワー餅ケーキワンデークラス
써니s다이닝 공덕동 화과자 자격증 정규클래스,サニーsダイニングゴンドクドン和菓子資格正規クラス
고나시 네리끼리 우이로우 셋빼 와 양갱  의 기초반으로 이루어진 수업과,小梨ねり同士のウイロウセットと羊羹の基礎クラスからなる授業課
NIOES 왁스카빙 반지 만들기,NIOESワックスカービングリングを作る
1 hitchnet academy,1 hitchnetアカデミー
서울특별시 마포구 서교동 월드컵북로7길 10 B1 hitchnet academy,ソウル特別市麻浦区ソギョドンワールドカップ北路7ギル10 B1 hitchnet academy
NIOES 큐빅 세팅 반지 만들기,NIOESキュービック設定リングの作成
NIOES 인디언 주얼리 반지 만들기,NIOESインディアンジュエリーリングを作る
"서울특별시 마포구 서교동 월드컵북로7길 10, B1 hitchnet academy",ソウル特別市麻浦区ソギョドンワールドカップ北路7ギル10、B1 hitchnet academy
분위기를 바꾸는 예쁜 미니 스탠드 조명 만들기,雰囲気を変えるかわいらしいミニスタンド照明作り
경기도 · 부천시 · 소사본동,京畿道・富川市・蘇社本洞
경기도 부천시 소사본동,京畿道富川市ソサボンドン
커플링 왁스 카빙 원데이 클래스,カップリングワックスカービングワンデークラス
모카클래스,モカクラス
서울특별시,ソウル特別市
뜨개 힐링! 커플데이트 추천 자이언트얀 벨벳 가방 만들기,編みヒーリング！カップルデートおすすめジャイアントヤーンベルベットバッグ作り
서울트별 · 강남구 · 논현로152길,ソウル別・江南区・ノンヒョン路152ギル
서울트별 강남구 논현로152길,ソウル別江南区ノンヒョン路152ギル
감성 인테리어 벽걸이 거울 클래스 유리공예-글라스아트,感性インテリア壁掛けミラークラスガラスクラフト - ガラスアート
부산광역시 금정구 장전동 389-40 1층,釜山（プサン）広域市金正区張田洞389-40 1階
쏠쌤의 원데이 타로클래스,ソサムのワンデータロットクラス
쏠쌤의 원데이 타로 클래스,ソサムのワンデータロットクラス
나도 타로 마스터가 될 수 있는,私も太郎マスターになることができます
"손쉽게 멋진 디자인, 석고틀 활용 도자기 그릇",手軽にクールなデザイン、石膏枠活用陶器ボウル
대구광역시 남구 대명동 1623-60 대명메트로아파트 상가 203호,大邱広域市南区大明洞1623-60大明メトロアパートメント商店街203号
저자극 워터베이스 향수 만들기,低刺激の水ベースの香水を作る
층 4호,階4号
서울특별시 서대문구 대현동 이화여대길 52-11 1층 4호,ソウル特別市西大門区大賢洞梨花女子大道52-11 1階4号
나만의 시그니처 향수 만들기,自分だけのシグネチャー香水作り
나만의 컵 만들기/무드잔 전사지 원데이 클래스,自分だけのカップづくり/ムードカップ転写紙ワンデークラス
행운을 주는 나만의 유리공예 썬캐쳐 만들기,幸運を与える独自のガラスクラフトサンキャッチャーを作る
토끼 & 펭귄 캐릭터 김초밥 만들기,ウサギ＆ペンギンキャラクターキム寿司作り
원목 도마 원데이클래스,原木まな板ワンデークラス
부산광역시 남구 대연동 503-4 지하 1층,釜山広域市南区大連洞503-4地下1階
유리전사컵 원데이클래스,ガラス戦士カップワンデークラス
혹시 만든 그 날 바로 가져갈수있나요?,もし作ったその日すぐに持って行けますか？
3D푸드 프린터로 발렌타인데이 레터링 케이크 선물만들기,3Dフードプリンターでバレンタインデーレタリングケーキギフトを作る
7,7
서울특별시 강서구 마곡동 마곡중앙8로 14 707,ソウル特別市 江西区 マゴクドン マゴク中央8路 14 707
강아지 노오븐 수제간식 취미반,犬のオーブン手作りスナック趣味班
mp비누 클래스,mp石鹸クラス
커피박 아트공예,コーヒー箔アートクラフト
"자가이용시
동일스위트1차 아파트입구에서   바로 오른쪽으로 올라오시면주차장있어요  주차 후  한층 내려오시면 됩니다 

도보
동일스위트1차 상가 2층 (구 아트인미술)","自己利用時
同じスイートの一次アパートの入り口から右に上がると駐車場があります。 

歩く
同じスイート1次商店街2階（旧アートイン美術）"
퍼스널브랜딩 원데이클래스,パーソナルブランディングワンデークラス
나랑 놀아요,私と遊ぶ
부산광역시 수영구 망미,釜山広域市水泳区網味
부산 수영구 망미동 산 6-2,釜山水泳区望美洞山6-2
이끼테라리움 원데이클래스,モステラリウムワンデークラス
나만의 향수와 디퓨저를 만들어 보실 수 있는 실브 공방 원데이,自分だけの香水とディフューザーを作ってみることができるシルブ工房ワンデー
든힐빌딩 2층 204,デンヒルビル2階204
경기도 광명시 하안동 범안로 1056 골든힐빌딩 2층 204,京畿道光明市河安洞沙安路1056ゴールデンヒルビル2階204
예쁜비누_MP보석비누 만들기,かわいい石鹸_MP宝石石鹸を作る
층 도아공방,フロアドア工房
경기도 광주시 오포읍 능평로 194-14 1층 도아공방,京畿道光州市大浦邑陵平路194-14 1階ドア工房
기능성 수제비누_맞춤비누만들기1kg,機能性手作り石鹸_カスタムソープ作り1kg
예쁜 수제비누_나만의 디자인 만들기500g,きれいな手作り石鹸_自分だけのデザイン作り500g
예쁜 수제비누_나만의 디자인 만들기1kg,きれいな手作り石鹸_自分だけのデザイン作り1kg
나만의 핸드메이드 도자기 원데이,自分だけのハンドメイド陶器ワンデー
스컬피 조물조물,スカルフィ 潮の潮
층 공방코끼리,フロア工房象
서울특별시 성북구 동소문동6가 아리랑로3길 36 1층 공방코끼리,ソウル特別市城北区東小門洞6街アリランロ3通り36 1階工房象
Focus on me. 흙과 함께하는 시간,Focus on me.土との時間
"경기도 광명시 일직동 194-1 광명시 신기로 15, S플라자 502호",京畿道光明市一直洞194-1光明市シンギロ15、Sプラザ502
경기 광명시 일직동 510-14,京畿道光明市一直洞510-14
펫푸드 스타일리스트,ペットフードスタイリスト
마음이 고요해지는 펜드로잉,心が落ち着くペンドローイング
썸플레이스 세종어진점,サムプレイス世宗漁店
세종시 아름동 달빛1로 307 투썸플레이스 세종어진점,世宗市美しい月明かり1で307ツーサムプレイス
경산/대구 강아지 수제간식 취미반,慶山/大邱子犬手作りスナック趣味班
경산 베이킹 취미반 (비건포함),慶山ベーキング趣味班（非ガン含む）
취향가득 디자인비누 원데이클래스,お好みでいっぱいデザイン石鹸ワンデークラス
경기 수원시 영통구 원천동 광교호수공원로 277  중흥에스클래스 어뮤즈스퀘어 상가 B2층 39호,京畿道水原市永通区元川洞光橋湖公園路277中興エスクラスアミューズスクエア商店街B2階39号
시어버터 듬뿍 핸드크림 만들기,シアバターたっぷりのハンドクリーム作り
층 28스킨드롭,フロア28スキンドロップ
경기도 안산시 단원구 고잔동 안산천서로 23 2층 28스킨드롭,京畿道安山市丹原区高山洞安山天西路23 2階28スキンドロップ
3D피부테스트 & 맞춤형화장품 만들기,3D肌テスト＆カスタム化粧品作り
수업시간안으로 방문 부탁드리겠습니다!,授業時間内に訪問お願いいたします！
해외 식도락 여행? 서울에서 하자!,海外食堂の旅？ソウルでやろう！
지곤지,ジゴンジ
서울특별시 용산구 용산동2가 신흥로3가길 32 온지곤지,ソウル特別市龍山区龍山洞2街新興路3街道32オンジゴンジ
화훼장식기능사 자격증반,花飾り機能士資格証明
계벽산아파트복합상가 109동 2층 274호 Garten,桂壁山アパート複合商店街109棟2階274号ガーテン
서울특별시 노원구 상계동 한글비석로 396 상계벽산아파트복합상가 109동 2층 274호 Garten,ソウル特別市 ノウォン区 上渓洞 ハングル碑石路 396 上渓 壁山アパート複合商店街 109棟 2階 274号 Garten
두릿체리 30ml /50ml향수 만들기,ドゥリチェリ30ml / 50ml香水作り
부산광역시 부산진구 전포동 서전로47번길 27,釜山広域市釜山鎮区全浦洞西電路47番ギル27
라라별찌 시그니처 미니케이크 + 마카롱 캔들 세트 만들기,ララ別チシグネチャーミニケーキ+マカロンキャンドルセット作り
자동 301호,自動301号
부산광역시 부산진구 전포동 서전로47번길 27  B자동 301호,釜山広域市釜山津区全浦洞西電路47番ギル27 B自動301号
유리공예 글라스아트로 꾸미는 내방 우리집 홈데코 소품만들기,ガラスクラフトガラスアートで飾られた家の家ホームデコの小道具を作る
"혼자오셔도 편안한 공간이 되고, 여럿이서 오셔도 즐겁게 즐길 수 있는 공간을 만들어 갑니다  ’◡‘✿",一人で来ても快適な空間となり、多くで来られても楽しく楽しめる空間を作っていきます’◡’✿
반짝반짝 아크릴 글리터물감으로 그리는 모던민화,キラキラアクリルグリッター絵で描くモダン民話
프리미엄 도마 만들기 원데이클래스,プレミアムまな板作りワンデークラス
하나뿐인 나만의 캔들 & 타블렛 원데이클래스,一つだけの自分だけのキャンドル＆タブレットワンデークラス
층 리안공방,フロアリアン工房
서울시 광진구 자양동 뚝섬로50길 7-6 1층 리안공방,ソウル市光津区紫陽洞トゥクソムロ50ギル7-6 1階リアン工房
플로리스트 창업시 필요한 상품 및 행정 준비반,フローリスト創業時に必要な商品及び行政準備班
스퀘어 2층 52호,スクエア2階52号
서울 서대문구 대현동 신촌역로 22-5 박스퀘어 2층 52호,ソウル西大門区大賢洞新村駅22-5ボックススクエア2階52号
나도 플로리스트 핵심만 쏙쏙 클래스,私もフローリストのコアのみ
전사지클래스,転写紙クラス
손뜨개 최애 카드지갑,手編み最愛カード財布
빛을 담는 감성 썬캐쳐클래스,光を込める感性サンキャッチャークラス
너매스마곡2 4층 415호,あなたマスマソング2 4階415
서울 강서구 마곡동 마곡중앙2로 35  이너매스마곡2 4층 415호,ソウル江西区マゴクドンマゴク中央2路35インナーマスマソング2 4階415
세라듀 도자기 핸드페인팅 클래스,セラデュー磁器ハンドペインティングクラス
세라듀 물레체험 클래스,セラデュムレ体験クラス
세라듀 도자기 체험 원데이클래스,セラデュ陶器体験ワンデークラス
아늑한 분위기에서 배우는 기타 맞춤레슨,居心地の良い雰囲気で学ぶギターカスタムレッスン
천연 화장품 만들기 원데이클래스,天然化粧品作りワンデークラス
원데이클래스 페인팅•전사지,ワンデークラス絵画・転写紙
부산광역시 서구 서대신동3가 7-57 예림빌라,釜山広域市西区西大新洞3街7-57イェリムヴィラ
크랙소금빵(비건대체가능),クラック塩パン（ビーガン代替可能）
샌드위치로도 먹기 좋아요,サンドイッチとしても食べるのが好きです。
그림 그리며 감성 충전 해보세요/그림 원데이클래스,絵を描いて感性充電してみてください/絵ワンデークラス
식물성오일로 만든 수제비누,植物油で作られた自家製石鹸
"경기도 안산시 단원구 신촌5길33 102호, 윤블리비누공방",京畿道安山市丹原区新村5ギル33 102号、ユンブリソープ工房
강아지 수제간식 치킨만들기,子犬手作りスナックチキン作り
"나에게 주는 완벽한 휴식, 힐링 명상 클래스",私に与える完璧なリラクゼーション、癒し瞑想クラス
곰돌이마들렌 베이킹 클래스,熊石マドレーヌベーキングクラス
"눈으로도 즐겁고, 입도 즐거운 귀여운 디저트!",目でも楽しく、口も楽しいキュートなデザート！
아이싱쿠키 원데이클래스,アイシングクッキーワンデークラス
한식&양식 쿠킹 원데이클래스,韓国料理＆洋食クッキングワンデークラス
반려동물 아로마테라피 원데이클래스,ペットアロマセラピーワンデークラス
마음에 향기까지 담은 석고방향제 클래스,心に香りまで込めた石膏香剤クラス
서울특별시 강서구 마곡중앙2로 35 503호,ソウル特別市江西区マゴック中央2路35 503号
마크라메 파인애플 화분 만들기,マクラメパイナップル鉢植え
마크라메 걱정인형 만들기,マクラメ心配人形作り
제주도 · 제주시 · 애월읍,済州島・済州市・愛月邑
제주도 제주시 애월읍,済州島済州市アウォル邑
내게 필요한 원석은 무엇? - 나만의 힐링스톤 비누 만들기 원데이 클래스,私に必要な宝石は何ですか？ - 独自のヒーリングストーン石鹸作りワンデークラス
광진구,光津区
반짝반짝 크리스마스 가랜드,キラキラクリスマスガーランド
탄센트럴에이스타워 B동 313호,タンセントラルエイスタワーB棟313号
경기도 화성시 영천동 동탄기흥로 590 동탄센트럴에이스타워 B동 313호,京畿道華城市永川洞ドンタンギフンロ590ドンタンセントラルエースタワーBドン313
감성 민화 - 원데이 판넬 드로잉 클래스,感性民話 - ワンデーパネル描画クラス
원데이 실크 드로잉 민화 클래스,ワンデーシルク図面民話クラス
명절 펫푸드 원데이클래스,祭りペットフードワンデークラス
동 1층 111호,東1階111号
경기도 화성시 영천동 동탄대로 636-14  c동 1층 111호,京畿道華城市永川洞東弾大路636-14 c洞1階111号
"브라우니, 오뜨, 바나나쿠키, 컵케이크 클래스",ブラウニー、オート、バナナクッキー、カップケーキクラス
경기도 화성시 영천동 동탄대로 636-14 c동 1층 111호,京畿道華城市永川洞東弾大路636-14 c洞1階111号
"도넛&와플, 피자, 도시락케이크 원데이클래스",ドーナツ＆ワッフル、ピザ、弁当ケーキワンデークラス
"치킨, 김밥, 주먹밥 원데이클래스",チキン、キムバプ、おにぎりワンデークラス
펫푸드 자격증반(창업반),ペットフード資格証明（創業クラス）
펫푸드 베이커리 자격증반(창업반),ペットフードベーカリー資格証明（創業クラス）
"펫푸드 붕어빵&호두과자, 타르트 원데이클래스",ペットフードのパンとクルミのお菓子、タルトワンデークラス
나만의 작은정원 테라리움 원데이 클래스,自分だけの小さな庭テラリウムワンデークラス
대전광역시 중구 중촌동 10-3 중촌시영아파트 상가동 202호,大田広域市中区中村洞10-3中村市営アパートメントサンガドン202
명품 소가죽 휴대폰백 만들기,高級牛革携帯電話バッグを作る
지구를 생각하는 착한공예 원데이클래스,地球を考える良いクラフトワンデークラス
우리집 댕댕이 케이크 만들기,我が家のダニケーキ作り
댕빵소,ダンパン
"경기도 성남시 수정구 성남대로1250번길 5-1 1층, 댕빵소",京畿道城南市水晶区城南大路1250番ギル5-1 1階
청사진 핸드타이드 / 꽃다발 원데이클래스,青写真ハンドタイド/花束ワンデークラス
젠탱글 크리스마스 오너먼트 만들기,ゼンタングルクリスマスオーナメントを作る
부산광역시 부산진구 전포2동 2-1 드리미탱글,釜山広域市釜山津区全浦2洞2-1ドリーミタングル
특별한 각인 매듭팔찌 원데이클래스,特別な刻印ノットブレスレットワンデークラス
생화숫자케이크 원데이클래스,生花数字ケーキワンデークラス
레시피 미제공 클래스로도,レシピ未提供クラスとしても
청사진 크리스마스 리스 원데이클래스,青写真クリスマスリースワンデークラス
층 청사진,フロア青写真
서울특별시 마포구 도화동 도화2안길 14 1층 청사진,ソウル特別市麻浦区道華洞 ドファ2アンギル14 1階青写真
청사진 플라워클래스 취미반,青写真フラワークラス趣味クラス
천연비누&립밤 만들기 4주과정 취미반,天然石鹸＆リップクリーム作り4週間コース趣味クラス
서울 · 마포구 · 마포대로,ソウル・麻浦区・麻浦通り
서울 마포구 마포대로,ソウル麻浦区麻浦通り
양말목 도어벨만들기,靴下のドアベルを作る
서향기공방,西向き工房
서울특별시 마포구 망원동 월드컵로19길 23 예서향기공방,ソウル特別市麻浦区望遠洞ワールドカップ19ギル23予西香気工房
<명지국제신도시>자이언트얀만두백,<明治国際新都市>ジャイアントヤン餃子
부산광역시 강서구 명지동 3388-1 1층,釜山広域市江西区明治洞3388-1 1階
<명지국제신도시>패브릭가방만들기,<明治国際新都市>ファブリックバッグを作る
라탄/커피클레이(업싸이클공예)/플라워수업,ラタン/コーヒー粘土（アップサイクルクラフト）/フラワークラス
01호해피트리토탈공방,01号ハッピートリトータル工房
부산광역시 강서구 신호동 신호산단2로49번길 9 101호해피트리토탈공방,釜山広域市江西区信号洞信号山田2路49番ギル9 101号ハッピートリトータル工房
밤밤밤 윈터클래스,夜夜夜ウィンタークラス
경기도 · 화성시 · 동탄기흥로,京畿道・華城市・ドンタンギフン路
경기도 화성시 동탄기흥로,京畿道華城市ドンタンギフン路
나만의 유리정원 테라리움 원데이클래스,自分だけのガラス庭園テラリウムワンデークラス
새로운세상으로 초대 / 원데이 스킨스쿠버 체험다이빙,新しい世界への招待/ワンデースキンスキューバ体験ダイビング
"영화 속 주인공처럼, 감성 스냅 사진",映画の中の主人公のように、感性スナップ写真
서울특별시 도봉구 쌍문동 103-150 우이천로 근처,ソウル特別市 東峰区 双門洞 103-150 ウイチョンロ周辺
서울 도봉구 우이천로 302,ソウル道鳳区武川路302
시니어요가전문교육,シニアヨガ専門教育
꽃 볼펜(또는 크리스마스 볼펜) & 나만의 블렌딩 오일 만들기,花ボールペン（またはクリスマスボールペン）＆自分だけのブレンドオイルを作る
화장품 연구원과 함께하는 올리브영 정복하기,化粧品研究者と一緒にオリーブヤングを征服する
년스테이션,年ステーション
경기도 시흥시 정왕동 정왕대로233번길 19  청년스테이션,京畿道始興市鄭王洞鄭王大路233番ギル19青年ステーション
플루이드아트 for KIDS 원데이클래스,フルイドアート for KIDS ワンデークラス
디저트 페인팅 클래스,デザートペインティングクラス
추상화 페인팅 원데이클래스,抽象化絵画ワンデークラス
백드롭 페인팅 원데이클래스,バックドロップ絵画ワンデークラス
미니캔버스 페인팅 원데이클래스,ミニキャンバス絵画ワンデークラス
보태니컬아트 원데이클래스,ボタニカルアートワンデークラス
오일파스텔 원데이클래스,オイルパステルワンデークラス
"나만의 특별한 향 만들기, 스튜디오 유랑 향수 원데이 클래스",自分だけの特別なお香作り、スタジオ流浪香水ワンデークラス
제주도 공항 근처에 위치해 있어서 여행을 시작하거나 마무리할 때 잠깐 방문해서 즐길 수 있어요.,済州島空港の近くに位置しており、旅行を始めたり仕上げたりする際に、しばらく訪れて楽しむことができます。
연필드로잉 원데이클래스,鉛筆描画ワンデークラス
캐릭터 페인팅 원데이클래스,キャラクターペインティングワンデークラス
"혹시 키덜트이신가요? 좋아하는 캐릭터를 물감으로 슥슥~ 함께 그려보는 원데이클래스입니다. 누구나 참여가 가능하니, 가족 ,연인,친구와 함께  즐거운 시간을 보내봐요 :)",もしキダルトですか？好きなキャラクターを絵の具でしっとり～一緒に描いてみるワンデークラスです。誰でも参加できますので、家族、恋人、友達と一緒に楽しい時間を過ごしてみてください:)
재물운이 들어오는 페인팅 원데이클래스,富の運が入ってくる絵画ワンデークラス
하늘풍경 페인팅 클래스,空の風景の絵画クラス
팝아트 페인팅 클래스,ポップアートペインティングクラス
명작모작 페인팅 원데이클래스,名作モザック絵画ワンデークラス
크리스마스페인팅클래스,クリスマスペインティングクラス
신나는 음악과 함께 디제잉을 배워보자!,楽しい音楽と一緒にDJを学びましょう！
서울특별시 용산구 청암동 원효로41길 15 6층,ソウル特別市龍山区清岩洞ウォンヒョロ41ギル15 6階
힙합 비트메이킹을 배워보자!,ヒップホップのビートメイキングを学びましょう！
서울 · 용산구 · 청암동,ソウル・龍山区・清岩洞
서울 용산구 청암동,ソウル龍山区清岩洞
하루에도 가능한 타로카드 기초수업,一日でも可能なタロット基礎授業
크리스마스리스,クリスマスリース
"부산광역시 남구 대연동 홍곡로 360, 대연파크푸르지오",釜山広域市南区大連洞洪谷路360、大煙パークプルジオ
실내 테니스 레슨,屋内テニスレッスン
서울 · 강동구 · 길동,ソウル・江東区・吉洞
서울 강동구 길동,ソウル江東区吉洞
탄탄히 배우는 힐링 플라워레슨,しっかり学ぶヒーリングフラワーレッスン
서울 · 서초구 · 강남대로2길,ソウル・瑞草区・江南大路2ギル
서울 서초구 강남대로2길,ソウル瑞草区江南大路2ギル
전통주외 건강한 전통발효,伝統的な州外の健康的な伝統的な発酵
서울 · 종로구 · 북촌로12길,ソウル・鍾路区・北村路12ギル
서울 종로구 북촌로12길,ソウル鍾路区北村路12ギル
수제 계절 전통주 만들기,手作り季節の伝統酒作り
아쿠스 타투 아카데미,アクスタトゥアカデミー
서울특별시 마포구 서교동 독막로3길,ソウル特別市麻浦区ソギョドンドクマクロ3ギル
"자세교정 요가,필라테스",姿勢矯正ヨガ、ピラティス
평상시습관으로  생긴 자세불균형을  바로 잡아주는,普段の習慣でできた姿勢の不均衡を正す
나만의 카드지갑 만들기,独自のカード財布を作る
부산광역시 해운대구 중1동 1088-68 미작스튜디오,釜山広域市海雲台区中1洞1088-68ミザクスタジオ
부산 해운대구 달맞이길50번길 21,釜山海雲台区月見道50番道21
직접 만드는 친환경 물감과 채색체험,自分で作る環境にやさしい塗料と着色体験
세상에 하나뿐인 나의별자리 향수 만들기,世界に一つだけの私の星座香水作り
반려동물수제간식만들기,ペットの手作りスナックを作る
가죽으로 직접 만드는 카드지갑,革で自分で作るカード財布
층 아이소피카,フロアアイソピカ
서울특별시 서초구 방배동 방배천로4안길 52 1층 아이소피카,ソウル特別市瑞草区バンペドンバンベチョンロ4アンギル52
디자인 그립톡 만들기,デザイングリップトークの作成
층 장미화실,フロアローズ和室
서울특별시 서초구 방배동 청두곶길 44 1층 장미화실,ソウル特別市瑞草区バンペドン成都岬ギル44 1階ローズ和室
앙금플라워 떡케이크,アンゴールドフラワー餅ケーキ
캔들만들기 원데이클래스 (케이크캔들+오브제캔들),キャンドル作りワンデークラス（ケーキキャンドル＋オブジェキャンドル）
아크릴화 그리기,アクリル化の描画
부드럽고 꾸덕한 오일파스텔,柔らかくてオシャレなオイルパステル
서울 · 서초구 · 청두곶길,ソウル・瑞草区・成都岬道
서울 서초구 청두곶길,ソウル瑞草区成都岬道
어린이 도예체험,こども陶芸体験
다해도예는 어린이를 대상으로 5세에서 13세까지,すべての例は、子供を対象に5歳から13歳まで
키링만들기,キーリングを作る
ART,ART
경상남도 창원시 의창구 북면 감계로 297,慶尚南道昌原市義昌区北面感渓路297
틴 케이스 거울 만들기,ティーンケースミラーを作る
무드등만들기,ムードなどを作る
케이크 모형 만들기,ケーキモデルを作る
크리스마스엔 비누! 수제비누만들기><,クリスマスには石鹸！自家製石鹸を作る> <
서울 · 서초구 · 우면동,ソウル・瑞草区・右面洞
서울 서초구 우면동,ソウル瑞草区ウミョンドン
재봉틀을 이용한 파우치 만들기,ミシンを使ったポーチ作り
서울 · 서초구 · 방배천로6길,ソウル・瑞草区・バンベチョンロ6ギル
서울 서초구 방배천로6길,ソウル瑞草区バンベチョンロ6ギル
왁스카빙 은반지 만들기,ワックスカービング銀輪を作る
내 몸과 마음을 돌보는 회복요가,私の体と心の世話をする回復ヨガ
zip,zip
부산광역시 수영구 민락동 광안로61번가길 16 1층 odd.zip,釜山広域市水永区ミンラクドン広安路61番街道16 1階odd.zip
청사진 시그니처 바스켓 원데이클래스,青写真シグネチャーバスケットワンデークラス
쥬아트 정규클래스,ジュアット正規クラス
부산광역시 남구 대연5동 290-11 2층 쥬아트미술학원,釜山広域市南区大延5洞290-11 2階ジュアート美術学院
쥬아트 원데이클래스,ジュアットワンデークラス
스트레스 관리,ストレス管理
서울 · 서초구 · 방배천로4안길,ソウル・瑞草区・バンベチョロ4アンギル
서울 서초구 방배천로4안길,ソウル瑞草区バンペチョンロ4アンギル
재봉틀로 뽀글이 조끼 만들기,ミシンでポグルがベストを作る
"코 베이지 않는 부동산 계약 (집,상가)",コベイジない不動産契約（家、商店街）
drywreath (드라이되는 소재를 이용한 리스),drywreath（ドライ素材を利用したリース）
유리전사지 원데이클래스,ガラス転写紙ワンデークラス
네츄럴 웨딩부케 원데이클래스,ナチュラルウェディングブーケワンデークラス
꽃힐링과 함께하는 따뜻한 꽃바구니 플라워클래스,花の癒しと一緒に暖かい花のバスケットフラワークラス
서울 · 마포구 · 서교동,ソウル・麻浦区・西橋洞
서울 마포구 서교동,ソウル麻浦区西橋洞
나만의 감성을 담은 미니 프렌치 꽃바구니 플라워레슨,自分だけの感性を込めたミニフレンチフラワーバスケットフラワーレッスン
반려동물 수제간식 댕치킨 만들기,ペットを作る手作りスナックダックチキンを作る
인천광역시 연수구 송도1동 해돋이로 112 105호,仁川広域市延寿区松島1洞日の出112 105号
반려동물 수제간식 댕런볼 만들기,ペット同伴手作りスナックダレンボールを作る
선물용으로도 인기가 많아요 😊,プレゼント用としても人気が多いです😊
마크라메 원데이클래스,マクラメワンデークラス
수제입욕제 취미반클래스,自家製入浴剤趣味クラス
우리 아이와 함께하는 참여형 경제 클래스,私たちの子供と一緒に参加する経済経済クラス
올데이 해피프라이스! 멍김밥 & 치츠미트볼 만들기!,オールデーハッピープライス！ヨンバプ＆チッツミートボール作り！
투박하고 빈티지한 머그컵/고블렛 만들기,素朴でヴィンテージのマグカップ/ゴブレット作り
에센셜오일 활용클래스,エッセンシャルオイル活用クラス
핸드포크 원데이클래스,ハンドフォークワンデークラス
소품샵 부럽지 않은 소이캔들과 피규어캔들 만들기,小物ショップ羨ましくないソイキャンドルとフィギュアキャンドル作り
펫푸드 베이커리 자격증(10가지),ペットフードベーカリー資格（10種類）
펫푸드 수제간식자격증(20가지),ペットフード手作りスナック資格（20種類）
"댕댕이 도넛, 구겔호프 원데이클래스",デッドドーナツ、グーゲルホフワンデークラス
선물용으로도 좋아요!,プレゼント用にもいいですね！
댕댕이 케이크 클래스,ダニケーキクラス
댕댕이 과자파티클래스 (스쿱쿠키 + 캐릭터쿠키 + 마카롱),お菓子パーティークラス（スクープクッキー+キャラクタークッキー+マカロン）
댕피크닉 클래스(김밥 + 테린),ダングピクニッククラス（キムバプ＋テリン）
수원홈플러스 5층 몽스파,水原ホームプラス5階モンスパ
경기도 수원시 장안구 조원동 송원로 101 북수원홈플러스 5층 몽스파,京畿道水原市長安区城原洞松原路101北水原ホームプラス5階モンスパ
댕댕이 치킨 만들기,ダニがチキンを作る
핸드드립 원데이 클래스,ハンドドリップワンデークラス
라테온 1층 루프프로젝트,ラテオン1階ループプロジェクト
경기도 광주시 오포읍 오포로171번길 42  파라테온 1층 루프프로젝트,京畿道光州市オポ邑オポロ171番ギル42パラテオン1階ループプロジェクト
몽베이커리 수제간식 댕머핀 만들기,モンベーカリー手作りスナックダムマフィン作り
댕댕이 피자 만들기,ダニがピザを作る
취미미술(주제랜덤),趣味美術（テーマランダム）
서울 · 강동구 · 양재대로,ソウル・江東区・洋才大通り
서울 강동구 양재대로,ソウル江東区ヤンジェデ
속이 편안하고 건강한 맛있는 쌀디저트 클래스,快適で健康的なおいしい米デザートクラス
몽베이커리 수제간식 댕치킨세트 만들기,モンベーカリー自家製スナックダックチキンセットを作る
꼭 배우고 싶은 프랑스자수-빅 파우치,ぜひ学びたいフランス刺繍 - ビッグポーチ
실크스크린 프린팅 원데이 클래스,シルクスクリーン印刷ワンデークラス
부산광역시 기장군 정관읍 모전3길 48 1층,釜山広域市キジャン郡ジョングァン邑モージョン3ギル48 1階
귀여움 가득. 킥! 베어 캔들 원데이 클래스,可愛さいっぱい。キック！ベアキャンドルワンデークラス
캘리각인 LED맥주잔 만들기,カリスタンのLEDビールカップを作る
인천광역시 부평구 부평동 417-5 102호 나로공방,仁川広域市富平区富平洞417-5 102号ナロ工房
핸드드립(브루잉) 원데이 클래스 - 선휴커피,ハンドドリップ（ブルーイング）ワンデークラス - 先行コーヒー
서울 · 서대문구 · 거북골로,ソウル・西大門区・カメゴール路
서울 서대문구 거북골로,ソウル西大門区カメゴール
힐링 향 인센스 만들기 원데이클래스,ヒーリング香りインセンス作りワンデークラス
시그니처향. 디퓨저만들기 원데이클래스,シグネチャー香。ディフューザーを作るワンデークラス
향기를 담은 틸트시프트 캔들 원데이클래스,香りのチルトシフトキャンドルワンデークラス
인천광역시 남동구 구월3동 1392-8 102호,仁川広域市南東区九月3洞1392-8 102号
향기를 담는 부케 캔들 홀더,香りのあるブーケキャンドルホルダー
귀여운 캐릭터 석고 방향제/차량용 방향제 원데이클래스,かわいいキャラクター石膏香料/車両用香りワンデークラス
힐링의 향을 담은 부케 캔들 원데이클래스,ヒーリングの香りを込めたブーケキャンドルワンデークラス
바리스타처럼 에스프레소를 내려보자! 커피 원데이 클래스- 선휴커피,バリスタのようにエスプレッソを下ろそう！コーヒーワンデークラス - 先行コーヒー
스테인드글라스 / 정규클래스,ステンドグラス/正規クラス
할로윈 장식 만들기 / 스테인드글라스 / 원데이클래스,ハロウィーンの装飾を作る / ステンドグラス / ワンデークラス
"나만의 컵 만들기/유리,도자기 전사지 원데이 클래스",自分だけのカップ作り/ガラス、陶器転写紙ワンデークラス
강아지 수제간식,子犬手作りスナック
업사이클링 텀블러백 만들기,アップサイクリングタンブラーバッグの作成
경기도 파주시 금촌2동 989-1 금촌프라자 7층,京畿道坡州市金村2洞989-1金村プラザ7階
경기 파주시 금빛로 22,京畿道坡州市金色の道22
하루한코 뜨개놀이,ハルハンコ編み
트홀릭,トホリック
대구광역시 달성군 다사읍 대실역남로2길 12-12 민트홀릭,大邱広域市達成郡ダサ邑大実駅南路2ギル12-12ミントホリック
황태쿠키 원데이클래스,ファンテクッキーワンデークラス
02호 멍스까까,02号モンスカカ
경기도 김포시 마산동 김포한강8로 194번길 8-19 102호 멍스까까,京畿道金浦市馬山洞金浦漢江8路194番ギル8-19 102号
도넛 원데이클래스,ドーナツワンデークラス
치즈케이크 원데이클래스,チーズケーキワンデークラス
타르트 원데이클래스,タルトワンデークラス
테린 원데이클래스,テリンワンデークラス
치킨 원데이클래스,チキンワンデークラス
김밥 원데이클래스,キンバップワンデークラス
천연립밤만들기-10개,天然リップクリーム - 10個
드로잉공작소 정규클래스 - 여행 드로잉,図面工作所正規クラス - 旅行図面
교타워 703호,京タワー703号
서울특별시 마포구 서교동 양화로 133 서교타워 703호,ソウル特別市麻浦区西橋洞洋画路133西京タワー703号
드로잉공작소 정규클래스 - 매일 드로잉,図面工作所正規クラス - 毎日図面
강아지 베이커리 간식만들기 멍도넛,子犬ベーカリースナックを作るモンドナッツ
드로잉공작소 정규클래스 - 수채화 드로잉,図面工作所正規クラス - 水彩画
나이프 페인팅 클래스,ナイフペインティングクラス
커플테마 아크릴페인팅 클래스,カップルテーマアクリル絵画クラス
풍경화 페인팅 클래스,風景画の絵画クラス
플루이드 아트 드로잉 클래스,フルイドアート描画クラス
"혼자도, 커플도, 단체모임도 쉽게 드로잉을 즐기고 싶으신 분",一人でも、カップルも、団体会も簡単に描画を楽しみたい方
필요한매듭법만 쏙쏙 3가지작품,必要な結び目のみ3つの作品
원데이가 아쉽다면 수제비누 취미반클래스 !,ワンデーが残念なら自家製石鹸趣味クラス！
나만의 수제비누를 만들어보아요 :),自分だけの手作り石鹸を作ってみましょう:)
버블배쓰밤 입욕제 만들기 (거품+부드러운 배쓰밤),バブルバスナイト入浴剤作り（バブル＋ソフトバスナイト）
제주특별자치도 · 제주시 · 연동,済州特別自治道・済州市・連動
제주특별자치도 제주시 연동,済州特別自治道済州市連動
바스버블슬라임 안전한 입욕제만들기,バスバブルスライム安全な入浴剤を作る
연: 핸드포크 - 타투 원데이 클래스,年：ハンドフォーク - タトゥーワンデークラス
쉽고 재미있는 미싱 원데이클래스,簡単で楽しいミシンワンデークラス
조물락 조물락 수제 입욕제 만들어서 반신욕 즐겨요 :),ジョムラック ジョムラック 自家製入浴剤を作って半身浴を楽しむ :)
원하는삶을 공유하는 시간,希望の人生を共有する時間
부산광역시 금정구 장전3동 420-25 벅구네 3층,釜山広域市クムジョン区チャンジョン3洞420-25バックグネ3階
커스텀을 통해 개성있는 패션 아이템을 만들어 보아요,カスタムを通じて個性的なファッションアイテムを作ってみましょう
할로윈 키즈베이킹,ハロウィンキッズベーキング
부산광역시 강서구 명지동 1157-1 금강펜테리움 센트럴파크3차 상가119호 포아르과자점,釜山広域市江西区明治洞1157-1金剛ペンテリウムセントラルパーク3次商店街119号ポアル菓子店
라탄공예 원데이클래스,ラタンクラフトワンデークラス
제주도 제주시 구좌읍 동복로 56-3,済州島済州市口座邑東福路56-3
가장 이쁜 지금 내모습을 캔버스에 담아봐! 팝아트초상화 클래스,一番かわいい今、私の姿をキャンバスに入れてみてください！ポップアート肖像画クラス
감성으로 떠나는 캘리그라피,感性で去るカリグラフィ
"비건 베이킹 클래스 - No 우유,버터,계란",ビーガンベーキングクラス - Noミルク、バター、卵
부산 주례 양모펠트 체험 클래스 -푸들 비숑 삼색냥이 키링(택1),釜山の週例羊毛フェルト体験クラス - プードルビション三色ニャンキーリング
도자기 핸드페인팅,陶器ハンドペインティング
커피는 나만의 스케치북! 라떼아트-basics,コーヒーは自分だけのスケッチブック！ラテアート-basics
메리플랜트 <식물 워크샵!> 나의 식물 친구 만들기 프로그램 !,メリープラント<植物ワークショップ！>私の植物の友人作りプログラム！
사람도 새로운 환경에가면 낯설고 긴장하며 심할경우 소화도 되지 않는 신체적 변화도 일어납니다.,人も新しい環境に行くと、見慣れない、緊張し、ひどい場合に消化もされない身体的変化も起こります。
부산 구포 구남 키즈 원데이클래스(플라워/테라리움),釜山グポグナムキッズワンデークラス（フラワー/テラリウム）
부산광역시 북구 구포2동 896-27 1층,釜山広域市北区九浦2洞896-27 1階
부산 구포 구남 테라리움 원데이클래스(이끼/사막),釜山グポグナムテラリウムワンデークラス（苔/砂漠）
일상의 따뜻한 휴식과 새로운 경험 라탄원데이클래스,毎日の暖かいリラクゼーションと新しい経験ラタンワンデークラス
1층 루리라탄,1階ルリラタン
경상남도 김해시 북부동 1498-11 경상남도 김해시 삼계중앙로6번길 21-14 (삼계동) 1층 루리라탄,慶尚南道金海市北部洞1498-11慶尚南道金海市三渓中央路6番道21-14（三渓洞）1階ルリラタン
기구 필라테스,器具ピラティス
부산광역시 부산진구 부전1동 142-11 동아빌딩 지하 1층,釜山広域市釜山鎮区釜田1洞142-11東亜ビル地下1階
감성인테리어 라탄소품 원데이클래스,感性インテリアラタン小道具ワンデークラス
람라탄,ラムラタン
부산광역시 기장군 정관읍  모전1길 70-1 플람라탄,釜山広域市キジャン郡ジョングァン邑モージョン1ギル70-1プラムラタン
나의 감정아로마테라피&향수 만들기 클래스(외부출강),私の感情アロマセラピー＆香水作りクラス（外部出川）
제주도로 여행와서 특별한 추억을 만들고 싶으신 분,済州道に旅行して特別な思い出を作りたい人
실험은 내가대장 과학공방 울탐이,実験は私が大腸科学工房ウルタムです
흥상가 208호,興商家208号
울산광역시 중구 중앙동 중앙시장길 8 진흥상가 208호,蔚山広域市中区中央洞中央市場道8振興商店街208号
부산 구포 구남 플라워 원데이클래스(플라워바스켓),釜山グポグナムフラワーワンデークラス（フラワーバスケット）
"드럼부터 마림바까지, 즐거운 오르프 악기놀이 | 타악기",ドラムからマリンバまで、楽しいオルフ楽器打楽器
입시생이나 취미생 또한 처음부터 단계적으로 배우고 싶으신 분들이 60분 수업을 듣고 계세요,入試生や趣味生も最初から段階的に学びたい方が60分の授業を聞いています。
비누만들기 - 키즈클래스,石鹸作り - キッズクラス
경기도 · 화성시 · 수노을중앙로,京畿道、華城市、スノーウル中央路
경기도 화성시 수노을중앙로,京畿道華城市スーノ中央路
CP 비누 만들기 500g (성인반),CP石鹸作り500g(大人班)
나만의 핸드메이드 모스큐브를 만들 수 있는 원데이클래스,自分だけのハンドメイドモスキューブが作れるワンデークラス
버블바 거품입욕제 만들기-키즈클래스,バブルバー泡入浴剤を作る - キッズクラス
천연 립밤 만들기,天然リップクリーム作り
CP 디자인비누 원데이클래스,CPデザイン石鹸ワンデークラス
서울특별시 광진구 구의동 107-12 상가동 210호 비누작업실드로,ソウル特別市光津区区義洞107-12サンガドン210号石鹸作業シールド
탄생석 캔들&방향제 만들기 클래스,誕生石キャンドル＆香り作りクラス
테라조캔들,テラゾキャンドル
나만의 오리지날 블랜딩 향수만들기(30ml/50ml),自分だけのオリジナルブレンド香水作り(30ml/50ml)
도자) 사진커팅도판 만들기 (타일1장 금액),陶磁器）写真カッティング塗装作成（タイル1枚の金額）
울산광역시 동구 전하2동 691-6 1F 해도방 도예카페,蔚山広域市東区電荷2洞691-6 1F海道部屋陶芸カフェ
리본공예 원데이클래스,リボンクラフトワンデークラス
층 빛나는오늘 공방,フロア輝く今日の工房
경기도 고양시 덕양구 도내동 1051-3 도래울안길 33-1 1층 빛나는오늘 공방,京畿道高陽市徳陽区道内洞1051-3ドラウルアンギル33-1 1階
보석 & 젬스톤비누 원데이클래스,ジュエリー＆ジェムストーンソープワンデークラス
서울특별시 광진구 구의2동 66-36 구의자이르네 상가동 210호 비누작업실드로,ソウル特別市光津区区2洞66-36区義ジャイルネサンガドン210号石鹸作業シールド
가드닝 선인장다육이정원 힐링이색데이트,ガードニングサボテン多肉植物庭の癒しの色デート
층 꽃사로움,フロアフラワー
광주광역시 광산구 산월로41번길 30 1층 꽃사로움,光州広域市光山区山月路41番ギル30 1階
윤쌤의 글씨교정_악필 벗어나기 프로젝트!,ユンサムの文字校正_悪筆脱出プロジェクト！
레메이에르 왁스타블렛 원데이클래스,レメイエールワックスタブレットワンデークラス
레메이에르 젤캔들 홀더 원데이클래스,レメイヤルジェルキャンドルホルダーワンデークラス
레메이에르 시나몬캔들 원데이클래스,レメイエールシナモンキャンドルワンデークラス
펫아로마취미반,ペットアロマ趣味
트로타워예미지 상가동 263호 휴먼앤펫,トロタワーイメージサンガドン263号ヒューマンアンペット
경기도 김포시 구래동 솔터로 22 메트로타워예미지 상가동 263호 휴먼앤펫,京畿道金浦市クレドンソルターで22メトロタワーイメージサンガドン263号ヒューマンアンペット
레몬주방비누 원데이클레스,レモンキッチンソープワンデイクレス
서울 · 서초구 · 양재1동,ソウル・瑞草区・ヤンジェ1洞
서울 서초구 양재1동,ソウル瑞草区ヤンジェ1洞
"자연의 색감을 담다, 백드롭페인팅 원데이 클래스",自然の色味を込める、バックドロップペインティングワンデークラス
감성 취미 미술 파인트 클래스,感性趣味アートパイントクラス
경상북도 구미시 원평동 470-2 경북 구미시 산책길 31 2층,慶尚北道亀尾市原平洞470-2慶尚北道亀尾市遊歩道31 2階
"오감을 활용하는 나만의 ""이끼볼"" 만들기",五感を活かした自分だけの「苔ボール」を作る
서울특별시 서초구 반포동 서래로6길 20 1층,ソウル特別市瑞草区半浦洞ソレロ6ギル20 1階
"cp비누만들기, 원데이클레스, 서울 서초 강남",cp石鹸作り、ワンデークレス、ソウル瑞草江南
목공 기초반_카펜터스가 되고싶으면 등록! [목공기초반A/B],木工基礎班_カーペンタスになりたいなら登録！ [木工機序盤A/B]
경기도 성남시 중원구 성남대로1147번길 15-11 1층,京畿道城南市中原区城南大路1147番ギル15-11 1階
경기 성남시 중원구 성남대로1147번길 15-11,京畿道城南市中原区城南大路1147番ギル15-11
원데이 클래스,ワンデークラス
제철 꽃으로 즐기는 나만의 꽃 음료 '꽃 코디얼' 만들기,旬の花で楽しむ自分だけの花飲み物「花コーディアル」作り
별도로 준비하실 부분은 없습니다:),別途ご用意いただく部分はございません:)
수제오란다 만들기,自家製オランダを作る
부산광역시 강서구 명지동 1157-1 명지국제5로110  상가 포아르과자점,釜山広域市江西区明治洞1157-1明治国際5路110商店街ポアル菓子店
손으로 꽃을 피워내는 시간,手で花を咲かせる時間
층 오드화,階オード化
부산광역시 수영구 망미동 과정로42번길 46 1층 오드화,釜山広域市水泳区望美洞コース42番道46 1階オードファ
나만의 커피캡슐 홀더(네스프레소)만들기,独自のコーヒーカプセルホルダー（ネスプレッソ）を作る
어느정도 경험이 있으나 체계적으로 배우고 목공장비 사용에 대해,ある程度経験がありますが、体系的に学び、木工装備の使用について
세상에 하나뿐인 나만의 플레이팅보드(도마) 만들기,世界に一つだけの自分だけのプレーティングボード（まな板）作り
카페에서 판매하는 선물같은 샌드위치만들기,カフェで販売しているギフトのようなサンドイッチを作る
부산광역시 금정구 서동 302-1917 1층,釜山広域市クムジョン区西洞302-1917 1階
암사동 쿠킹클래스,アムサドンクッキングクラス
서울특별시 강동구 상암로 23길 15-9,ソウル特別市江東区上岩路23ギル15-9
취향 저격! 나만의 소품 만들기_레진아트,お好み狙撃！自分だけの小物作り_レジンアート
가구제작 기능사 실기반 모집,家具製作機能士実基盤募集
경기도 안성시 보개원삼로,京畿道安城市
커스텀 헬륨풍선 클래스,カスタムヘリウムバルーンクラス
자이언트플라워 원데이/자격증반 클래스,ジャイアントフラワーワンデー/認定クラス
경기도 · 광주시 · 송정동,京畿道・光州市・松井洞
경기도 광주시 송정동,京畿道光州市松井洞
꽃풍선 원데이클래스 창업/자격증반,花風船ワンデークラス創業/資格証明
"띵크오브, 가죽 풍경종(도어벨) 만들기",ヒンクオブ、革の風景種（ドアベル）作り
01호 띵크오브,01号 ヒンクオブ
서울특별시 마포구 연남동 성미산로29길 30-3 101호 띵크오브,ソウル特別市麻浦区延南洞城美山路29ギル30-3 101号
멍크로플 만들기,モンクロップルを作る
오유에프,オユエフ
"경상북도 구미시 인의동 여헌로 63-1 1층,오유에프",慶尚北道亀尾市仁義洞女憲路63-1 1階、オユエフ
댕댕이 영양듬뿍 타르트 만들기,ダニが栄養たっぷりのタルトを作る
원데이 거울 클래스,ワンデーミラークラス
터프팅 원데이 체험클래스,タフティングワンデー体験クラス
제주도 · 제주시 · 이도2동,済州島・済州市・離島2洞
제주도 제주시 이도2동,済州島済州市李道2洞
"나만의 핸드메이드 소품, 스칸디아모스 리스/토피어리 원데이 클래스",自分だけのハンドメイド小物、スカンジアモスリース/トピアリーワンデークラス
사로움,悲しみ
광주광역시 광산구 산월로41번길 30 꽃사로움,光州広域市光山区山月路41番ギル30花
누구나 그릴 수 있는 영화 일러스트,誰でも描くことができる映画イラスト
비건 마들렌 클래스,ビーガンマドレーヌクラス
서울특별시 강서구 방화동 금낭화로,ソウル特別市 江西区 防火洞 金包化路
양모펠트로 반려견키링 만들기,ウールフェルトでペットのキーリングを作る
시들지 않는 프리저브드플라워 유리돔,枯れないフリーザーブドフラワーガラスドーム
부산광역시 수영구 남천1동 69-45 4층 금꽃바다,釜山広域市水泳区南川1洞69-45 4階金花海
테마플라워스튜디오 원데이클래스,テーマフラワースタジオワンデークラス
달콤쫀득 퓨전 떡케이크 원데이 클래스,甘辛いフュージョン餅ケーキワンデークラス
경기도 김포시 양촌읍 구래리 525-4 경기도 김포시 솔터로22 예미지 상가 232호,京畿道金浦市陽村邑グレリ525-4京畿道金浦市ソルター22
풍성한 계절 꽃다발 만들기,豊富な季節の花束を作る
서울 · 금천구 · 시흥동,ソウル・金川区・始興洞
서울 금천구 시흥동,ソウル錦川区始興洞
원목 독서대 원데이 클래스(초보자도 가능),原木読書台ワンデークラス（初心者でも可）
경기도 · 안성시 · 가사동,京畿道・安城市・家事洞
경기도 안성시 가사동,京畿道安城市家事洞
원목 트레이 클래스(초보자도 가능),原木トレイクラス（初心者でも可能）
조물딱 점토처럼만지는거품입욕제 버블바 만들기,潮の粘土のように触れる泡入浴剤バブルバーを作る
탄산처럼 퍼지는 배쓰밤 목욕 입욕제만들기,炭酸のように広がるバスナイトバス入浴剤を作る
두피케어 천연샴푸바 만들기 7살~성인클래스,頭皮ケア天然シャンプーバー作り7歳〜大人クラス
누구나 쉽게 만드는 MP비누만들기체험,誰でも簡単に作るMP石鹸作り体験
키즈클래스-컵케이크 비누만들기,キッズクラス - カップケーキ石鹸作り
조향공방 파팡드포피엠 50ml 디퓨저원데이클래스,ステアリング工房パパンドポピエム50mlディフューザーワンデークラス
부산 사상구 가야대로 403,釜山（ササン）カヤデロ403
분당 샤이닝룸 전사지 클래스,ブンダンシャイニングルーム転写紙クラス
좋은시간 보내시길 바랍니다.,良い時間を過ごしてください。
찾아가는 출강 라탄 원데이클래스,訪れる出川ラタンワンデークラス
88동 503호,88洞503号
인천광역시 서구 청라커낼로 163 488동 503호,仁川広域市西区清羅カナロ163 488洞503号
천연으로 건강한 입욕제 만들기(사람용/반려동물용),天然で健康的な入浴剤を作る（人用／伴侶動物用）
도마 원데이 클래스(초보자도 가능),まな板ワンデークラス（初心者でも可）
휴먼 컬러-큐비즘 자화상 그리기,ヒューマンカラー - キュービズム自画像を描く
부산광역시 부산진구 전포동 305-14 복합문화공간 별일,釜山広域市釜山鎮区全浦洞305-14複合文化空間別日
휴먼 컬러_색채 심리,ヒューマンカラー_色彩心理
컬러라탄 티코스터 set 엮기,カラーラタンチコースターセットを編む
치B상가 4층 402호,チB商店街4階402号
부산광역시 수영구 남천동 광안해변로 122 비치B상가 4층 402호,釜山広域市水泳区南川洞広安海路122ビーチB商店街4階402号
백드롭페인팅-원데이클래스,バックドロップペインティング - ワンデークラス
경산 원데이클래스 스모어쿠키 2종,慶山ワンデークラススモアクッキー2種
마시멜로우의 쫀득함을 느낄 수 있는 스모어쿠키 2종 원데이클래스 안내🍪,マシュマロのしっかり感を感じられるスモアクッキー2種ワンデークラス案内🍪
댕댕이들을 위한 수제 간식 원데이클래스,ダニのための手作りスナックワンデークラス
층 오유에프,フロアオユエフ
경상북도 구미시 인의동 여헌로 63-1 1층 오유에프,慶尚北道亀尾市仁義洞ヨホンロ63-1 1階オユエフ
경산 강아지수제간식 알러지프리 오트밀쿠키,慶山子犬手作りスナックアレルギーフリーオートミールクッキー
나만의 가죽키링만들기,独自のレザーキーリングを作る
세상에 하나 뿐인 나만의 도자기 만들기 원데이 클래스,世界に一つだけの自分だけの陶器作りワンデークラス
안나도예공감은 도예 과정인 핸드빌딩과 물레수업을 통해 흙을 접하여 도자기 예술의 감성을 스스로 경험하며 세상에 단 하나밖에 없는 나 그리고 우리만의 도자기를 만들어 봅니다 :),アンナド芸共感は陶芸過程であるハンドビルとムレ授業を通じて土に触れ、陶器芸術の感性を自ら経験し、世界にたった一つしかない私と私たちだけの陶器を作ってみます。
기업인들의 피로를 풀어주고 몸과 마음의 여유를 가지는 기업강의,起業家の疲れを癒し、体と心の余裕を持つ企業講義
크리스마스 감성 한스푼 넣은 비누 만들기(1kg),クリスマス感性ハンスプーンを入れた石鹸作り（1kg）
경기도 · 양주시 · 고암길,京畿道・楊州市・ゴアムギル
경기도 양주시 고암길,京畿道楊州市ゴアムギル
"궁중 흑임자 꽃다식만들기, 별내별가람역4호선 3분거리, 어린이클라스",宮中黒妊娠中の花多食作り、星内別歌駅4号線3分距離、子供クラス
"꽃다식이외에도 육포다식, 화분다식, 오미자다식, 송화다식, 금박다식, 화분다식 등등을 가르쳐 드리는 수업으로 수강생이 적극적으로 참여하게 만드는 수업으로  구성되어 있어요~~.",花多食以外にも、ユッポ多食、鉢植え食、五味子食、松花茶式、金箔多食、鉢植え食などを教えてくれる授業で、受講生が積極的に参加させるクラスで構成されていますよ～～。
맑은 하루를 만들어주는 플라워 테라피,晴れた日を作るフラワーセラピー
"궁중 흑임자 꽃다식만들기, 별내별가람역4호선 3분거리, 정규클라스",宮中黒妊娠中の花多食作り、星内別歌駅4号線3分距離、正規クラス
경산/대구 곰돌이 스모어쿠키,慶山/大邱クマのスモアクッキー
바다테라리움 원데이 클래스,海テラリウムワンデークラス
부산광역시 수영구 민락동 181-139 민락수변로13 3층,釜山広域市水永区ミンラクドン181-139ミンラク水辺路13 3階
부산 수영구 민락수변로 11,釜山水泳区ミンラック水辺路11
봄과여름사이 캠프닉에 어울리는 보자기클래스,春と夏の間にキャンプニックに似合うふくらはぎクラス
수업시간은 탄력적으로 조율후 확정됩니다. 신청후 문의주세요.,授業時間は弾力的に調整後に確定されます。申請後お問い合わせください。
오브제 캔들 원데이 클래스,オブジェキャンドルワンデークラス
구지원동 101호,ク・ジウォンドン101
경상남도 창원시 마산회원구 내서읍 중리공단로 65 연구지원동 101호,慶尚南道昌原市馬山会員区内西邑中里公団路65研究支援洞101号
나만의 오로라 소주잔(컵) 만들기,自分だけのオーロラ焼酎カップ（カップ）作り
광주광역시 광산구 장덕로39번길 10 1층 미다모은공방,光州広域市光山区長徳路39番ギル10 1階ミダモウン工房
J-palette Atlier,J-パレットアトライヤー
층 제이파레트,フロアジェイパレット
부산광역시 금정구 장전동 금정로 11-1 1층 제이파레트,釜山広域市金正区張電洞金正路11-1 1階ジェイパレット
나만의 천연비누 만들기(500g),自分だけの天然石鹸作り（500g）
"여러분들도 힐링하고, 내 손으로 만든 좋은 비누로 선물하는 기쁨과 내 피부도 보습으로 꽈악 챙기는 즐거움을 만들어보세요:)",皆さんも癒し、私の手作りの良い石鹸でプレゼントする喜びと私の肌も保湿でプレッツェルを楽しんでください:)
제로웨이스트 주방비누만들기(1kg),ゼロウエストキッチンソープ作り（1kg）
해운대 터프팅공방,海雲台タフティング工房
부산광역시 해운대구 좌동 1479-1 웅진시네아트 7층 701-3호,釜山広域市海雲台区左東1479-1 ウンジンシネアート7階701-3号
나만의천연비누만들기(1kg),自分だけの天然石鹸作り（1kg）
바리스타,バリスタ
천연 향 가득한 스머지스틱 만들기 클래스,天然香いっぱいのスマージスティック作りクラス
서울특별시 영등포구 당산동4가 당산로 161-9 1층,ソウル特別市永登浦区唐山洞4街唐山路161-9 1階
꽃차 입문 클래스,花茶入門クラス
"보자기아트, 10가지 다양하고 아름다운 실용 보자기 포장",ボザギアート、10種類の多様で美しい実用的な保磁器包装
"네이버지도에 미니스톱명지위브점 치시고 편의점보이면 아파트안으로 조금만 들어오시면 빨간어닝친 과일가게보이실거예요~
간판은 신우재래시장입니닷 ^^","ネイバーマップにミニストップ名地ウィブ店があり、コンビニエンスストアを見れば、アパートの中に少しだけ入ってくると、赤い夕食の果物屋さんが見えますよ〜
看板は新宇在来市場です。^^"
"전통의 재해석, 실생활에 쓰이는 5가지 보자기 포장 클래스",伝統の再解釈、実生活に使われる5つの風呂敷包装クラス
"네이버지도에 미니스톱명지위브점 치시고 편의점보이면 아파트안으로 조금만 들어오시면 빨간어닝친 과일가게보이실거예요~
간판은 신우재래시장입니닷","ネイバーマップにミニストップ名地ウィブ店があり、コンビニエンスストアを見れば、アパートの中に少しだけ入ってくると、赤い夕食の果物屋さんが見えますよ〜
看板は新宇在来市場です。"
강아지 수제간식 만들기 (후르츠링과 댕런볼),子犬手作りスナック作り（フルーツリングとダレンボール）
"반려동물푸드지도사, 반려동물베이커리지도사 자격증 등을 보유하고 있으며, 월랑월랑 자체 개발 레시피로 만든 수제간식을 판매 및 지도하고 있습니다.",ペットフード指導士、ペットペーパーベーカリー指導士の資格証などを保有しており、ウォランウォル独自の開発レシピで作った手作りスナックを販売および指導しています。
프랑스자수로 수놓는 손수건,フランスの刺繍で縫うハンカチ
서울특별시 강남구 강남대로110길 38 1층,ソウル特別市江南区江南大路110ギル38 1階
최고급향료를 조합하여 나만의 향을 만드는 특별한 시간,最高級香料を組み合わせて独自の香りを作る特別な時間
증편원데이클래스,増編員デークラス
트로디오빌,トロディオビル
서울특별시 마포구 신공덕동 백범로 199 메트로디오빌,ソウル特別市麻浦区新公徳洞ペクボムロ199メトロディオビル
마크라메 네트백 만들기_핸드메이드 가방 만들기,マクラメネットバッグ作り_ハンドメイドバッグ作り
주차시 연락 주세요:),駐車時に連絡してください:)
개성주악(우메기떡) 원데이클래스,個性主楽（梅木餅）ワンデークラス
화과자 자격증 창업클래스,和菓子資格創業クラス
내방의 작은 변화 감성 네온사인 만들기 원데이클래스,内側の小さな変化感性ネオンサインを作るワンデークラス
업사이클링북바인딩,アップサイクリングブックバインディング
부산광역시 사상구 주례동 167-13 2층,釜山広域市沙上区周礼洞167-13 2階
좋은 재료로 직접 만드는 디저트 #제주베이킹클래스,素敵な食材で自分で作るデザート＃済州ベーキングクラス
광양라탄공방 라움라탄 라탄자개모빌 만들기 원데이클래스,光陽ラタン工房ラウムラタンラタンザ犬モービル作りワンデークラス
전라남도 · 광양시 · 광장로,全羅南道・光陽市・広場路
전라남도 광양시 광장로,全羅南道光陽市広場路
광주아르헨티나탱고 원데이클래스,広州アルゼンチンタンゴワンデークラス
층 광주리베르탱고,フロア広州リベルタンゴ
광주광역시 북구 임동 중흥로 77 4층 광주리베르탱고,光州広域市北区林洞中興路77 4階光州リベルタンゴ
봄꽃 컵케이크(설기케이크),春の花カップケーキ（雪のケーキ）
서울 · 영등포구 · 신길동,ソウル・永登浦区・新吉洞
서울 영등포구 신길동,ソウル永登浦区新吉洞
보자기클래스,保磁器クラス
대구광역시 남구 대명동 현충로 40,大邱広域市南区大明洞ヒョンチョンロ40
라탄 미니조명(건전지),ラタンミニ照明（電池）
있도록 소수인원으로 클래스를 진행합니다,少数の人数でクラスを進めます
1:1 영어초보를 위한 실무 비즈니스 영작: E-Mail Writing,1:1 英語初心者のための実務ビジネス英作: E-Mail Writing
러스홈 건물 402호,ラスホーム建物402号
서울특별시 관악구 봉천동 인헌2길 9-3 플러스홈 건물 402호,ソウル特別市冠岳区奉川洞インホン2ギル9-3プラスホームビル402
광주광역시 수채화 원데이클래스,光州広域市水彩ワンデークラス
원하시는 이미지로 그림을 완성해가실 수 있는 클래스입니다.,ご希望のイメージで絵を完成していただけるクラスです。
감성소품 라탄 원데이클래스,感性小物ラタンワンデークラス
이외에도 다양한 제품들이 궁금하시다면 블로그와 인스타그램을 참고해 주세요!,他にも様々な製品が気になるならブログやインスタグラムを参考にしてください！
광주광역시 오일파스텔 원데이클래스,光州広域市オイルパステルワンデークラス
피크닉에 어울리는 보자기포장 원데이클래스,ピクニックに似合う保磁器包装ワンデークラス
활용도가 높고 쉽게 구할 수 있는 보자기로 마음을 담아 선물할 수 있어요,活用度が高く、簡単に手に入る保磁器で心を込めてプレゼントできます。
자수 도안을 조금더 쉽게 그리는 방법,刺繍の模様を少し簡単に描く方法
부산광역시 부산진구 전포동 동성로 50,釜山広域市釜山津区全浦洞東城路50
꽃자수 원데이,花刺繍ワンデー
제주도 제주시 연동 삼무로1길 10,済州島済州市連洞サムムロ1ギル10
가죽카드지갑 동전지갑 만들기,レザーカード財布コイン財布を作る
울산광역시 중구 약사동 북부순환도로 746-1 2층,蔚山広域市中区薬沙洞北部循環道路746-1 2階
울산광역시 중구 약사동 북부순환도로 746-1,蔚山広域市中区薬沙洞北部循環道路746-1
조약돌 가죽키링 만들기,石畳の革キーリングを作る
베지터블 가죽 키링만들기,ベジタブルレザーキーリングを作る
플라워 샵 마스터과정,フラワーショップマスターコース
경상북도 경주시 황성동 황성로 35-3,慶尚北道慶州市黄城洞黄城路35-3
텀블러 가방만들기(양말목 공예),タンブラーバッグ作り（靴下のクラフト）
서울특별시 마포구 망원동 월드컵로19길 23,ソウル特別市麻浦区望遠洞ワールドカップ19ギル23
예측할 수 없는 즐거움 푸어링 아트,予測できない喜び プーリングアート
팝아트 초상화 클래스 아크릴화 주1회 4주,ポップアートポートレートクラスアクリル化週1回4週
"서울특별시 강서구 마곡동 마곡서1로 146, 마곡엠밸리 201-1203호",ソウル特別市江西区マゴクドンマゴクソ1ロ146、マゴックMバレー201-1203
라탄공예-자작나무 합판 바구니 만들기,ラタン工芸 - 白樺の合板バスケットを作る
일스위트 617호,イルスイート 617号
부산광역시 남구 대연동 수영로 294 동일스위트 617호,釜山広域市南区大連洞水泳路294同一スイート617号
라탄 원데이 클래스/케인 소품 클래스/등공예사 자격증반,ラタンワンデークラス/ケイン小道具クラス/工芸士資格証明
부산광역시 남구 대연동 수영로 294,釜山広域市南区大連洞水泳路294
부산 남구 수영로 294,釜山南区水泳路294
맘스 매직 원데이클래스,マムズマジックワンデークラス
서울특별시 서초구 방배동 방배천로18길 10 2층,ソウル特別市瑞草区 バンペドン バンペチョロ18ギル10 2階
수채 일러스트 초상화,水彩イラストの肖像画
부산광역시 중구 중앙동 대청로 138,釜山広域市中区中央洞大清路138
꽃을 이용한 나만의 소품 만들기 (인천),花を使った自分だけの小物作り（仁川）
인천광역시 계양구 작전동 도두리로 58 203호,仁川広域市慶陽区作電洞ドドゥリロ58 203号
수채화 엽서 원데이클래스,水彩ポストカードワンデークラス
산순대돼지국밥건물 3층 302호 아무아트,山順大豚クッパビル3階302号アムアート
부산광역시 중구 중앙동 대청로 138 부산순대돼지국밥건물 3층 302호 아무아트,釜山広域市中区中央洞大清路138釜山スンデ豚クッパビル3階302号アムアート
위빙 벽장식 원데이클래스,ウィービングクローゼットワンデークラス
코팰리스 3층,コパレス3階
부산 강서구 명지국제2로28번길 34 에코팰리스 3층,釜山江西区明治国際2号28番ギル34エコパレス3階
스터피아 터프팅 공방 원데이 클래스,スタフィアタフティング工房ワンデークラス
서울특별시 중랑구 묵동 중랑역로 178 지하,ソウル特別市中南区錦洞中南駅178地下
"궁중 흑임자 꽃다식만들기, 별내별가람역4호선 3분거리, 원데이클라스",宮中黒妊娠中の花多食作り、星内別歌駅4号線3分距離、ワンデークラス
수제맥주 만들기,自家製ビールを作る
서울특별시 중구 인현동1가 을지로20길 24-11,ソウル特別市中区インヒョンドン1街乙支路20ギル24-11
도예클래스,陶芸クラス
광주광역시 동구 계림동 중흥로 242 1층,光州広域市東区桂林洞中興路242 1階
"누구나 할 수 있는 은공예로 반지, 목걸이 만들기",誰でもできる銀工芸でリング、ネックレス作り
부산광역시 사하구 감천동 감내1로175번안길 34-1,釜山広域市沙河区Gacheon-dong Ginne 1 Ro 175番アンギル34-1
홈베이킹 원데이클래스,ホームベーキングワンデークラス
부산광역시 북구 덕천동 만덕대로 164,釜山広域市北区徳川洞万徳台164
스킨스쿠버,スキンスキューバ
"서울특별시 서초구 서초동 강남대로 305, 725호",ソウル特別市瑞草区瑞草洞江南大路305、725号
나만의 써지컬 팔찌만들기,自分だけのサージカルブレスレットを作る
플라워클래스,フラワークラス
원하시는 작품을 고르시어 1:1로 수강가능하세요.,ご希望の作品を選んで1:1で受講可能です。
자전거 청소도 OK! 입문용 자전거정비!,自転車の掃除もOK！入門用自転車整備！
경기도 군포시 금정동 당산로135번길 41,京畿道郡浦市金正洞唐山路135番ギル41
물레로 만드는 한상 차림,ムレで作る韓服姿
부산광역시 사하구 장림동 다대로300번길 42,釜山広域市サハ区チャンリムドン300番通り42
"기초 취미,심화,창업반",基礎趣味、深化、創業クラス
반짝반짝 워터쉐이커 만들기 (키링/그립톡 선택),キラキラウォーターシェーカーを作る（キーリング/グリップトーク選択）
광주광역시 북구 용봉동 반룡로 20-2 2층,光州広域市北区龍峰洞半龍路20-2 2階
건강한 몸과 마음의 움직임 요가 클래스,健康な体と心の動きヨガクラス
층 뮤온요가&필라테스,フロアミューオンヨガ＆ピラティス
서울특별시 강북구 수유3동 도봉로 325 7층 뮤온요가&필라테스,ソウル特別市江北区授乳3洞ドボンロ325 7階ミューオンヨガ＆ピラティス
원예테라피,ガーデニングセラピー
서울특별시 관악구 신림동 난곡로26길 58,ソウル特別市 官楽区新林洞 南谷路26ギル 58
광안리_ 2022년 호랑이띠 마크라메 벽장식만들기,広安里_ 2022年トラタイマクラメ壁飾り作り
부산광역시 수영구 민락동 민락수변로 13,釜山広域市水永区ミンラクドン
플라워 떡케이크,フラワー餅ケーキ
플라워 젤캔들 홀더+타블렛,フラワージェルキャンドルホルダー+タブレット
레진아트,レジンアート
경기도 · 하남시 · 미사강변중앙로31번길15,京畿道・河南市・ミサガン辺中央路31番道15
경기도 하남시 미사강변중앙로31번길15,京畿道河南市ミサガン辺中央路31番ギル15
섬아뜰리에 야외 아트 클래스(원데이클래스 / 정규클래스),島アトリエ野外アートクラス（ワンデークラス/正規クラス）
부산광역시 강서구 천성동 천성로39번길 6-15,釜山広域市江西区天城洞天城路39番ギル6-15
귤림공방 뚜껑카드지갑 : 원데이클래스,みかん工房ふたカード財布：ワンデークラス
제주도 서귀포시 신효동 효돈로123번길 21-1,済州島西帰浦市シンヒョドンヒョドンロ123番ギル21-1
스테인드글라스 스터디그룹,ステンドグラススタディグループ
올대디,オールダディ
충청북도 청주시 흥덕구 증안로22번길 13-5 층 올대디,忠清北道清州市興徳区証安路22番ギル13-5階オールダディ
제주 썬캐쳐만들기 원데이클래스,済州サンキャッチャー作成ワンデークラス
제주시 공항근처 해안도로에 있는 도두마을에서 공방을 운영하고 있어요~,済州市空港近くの海岸道路にあるドドゥ村で工房を運営しています〜
솜솜청키백 만들기 (해운대 원데이클래스),綿綿チョンキーバッグを作る（海雲台ワンデークラス）
동아파트,東アパート
부산광역시 해운대구 우동 해운대해변로 85 경동아파트,釜山広域市海雲台区うどん海雲台ビーチ85慶東アパートメント
내가 만드는 댕댕이산책용품,私が作るダニの散歩用品
F 더넛츠컴퍼니X스튜디오G1,FザナッツカンパニーXスタジオG1
부산광역시 수영구 광안동 광서로 30 2F 더넛츠컴퍼니X스튜디오G1,釜山広域市水泳区広安洞光西路30 2FダーナッツカンパニーXスタジオG1
예그리나 도예공방 물레 정규반,イェグリナ陶芸工房ムーレ正規盤
"서울특별시 강동구 고덕동 동남로81길 54, 예그리나도예공방",ソウル特別市江東区高徳洞東南路81ギル54、イエグリナドイェ工房
영문캘리그라피 이탤릭체클래스(정규 클래스),英文カリグラフィイタリック体クラス（正規クラス）
서울특별시 영등포구 당산동1가 영등포로27길 23-1 1층,ソウル特別市永登浦区唐山洞1街永登浦路27ギル23-1 1階
멍냥젤리 키링만들기 (키즈클래스가능),ヨークゼリーキーリング作り（キッズクラス可）
광주광역시 북구 반룡로 20-2 2층,光州広域市北区半龍路20-2 2階
광주광역시 북구 반룡로 20-2,光州広域市北区半龍路20-2
나만의 별자리 그립톡 만들기 (키즈클래스 가능),自分だけの星座グリップトークを作る（キッズクラス可能）
"광주광역시 북구 반룡로 20-2, 2층",光州広域市北区半龍路20-2、2階
겨울감성 통통실 니트가방 만들기,冬感性ふっくら室ニットバッグ作り
원하시는 길이의 어깨스트랩으로 제작해서,ご希望の長さの肩ストラップで製作して
크리스마스리스 만들기,クリスマスリースを作る
나의 버킷리스트! 프리다이빙 자격증 취득하기!,私のバケットリスト！フリーダイビング資格を取得！
울종합운동장 5m 잠수풀,ウール総合運動場5mダイビングプール
서울특별시 송파구 올림픽로 25 서울종합운동장 5m 잠수풀,ソウル特別市松坡区オリンピック路25ソウル総合運動場5mダイビングプール
팝아트 초상화 원데이클래스,ポップアートポートレートワンデークラス
알숨달숨 공방 _ 유리/도자 전사지클래스,息を吐く工房_ガラス/陶器転写紙クラス
탄역푸르지오시티 b동 상가 327호,タン駅プルジオシティb洞商店街327号
경기도 화성시 동탄1동 동탄대로 551-16  동탄역푸르지오시티 b동 상가 327호,京畿道華城市ドンタン1ドントンタンデロ551-16ドンタン駅プルジオシティbドンサンガ327
원데이메이크업/눈썹그리기/정규수강,ワンデーメイク/眉毛描画/正規受講
부산광역시 연제구 연산4동 거제천로230번길 81,釜山広域市延済区延山4洞巨済川路230番ギル81
프라이빗 메이크업 /원데이/정규클래스,プライベートメイク/ワンデー/レギュラークラス
원하시는 수업으로 문의주세요,ご希望のクラスにお問い合わせください
이니셜 은 팔찌만들기 순은(99.9)의 순도높은 은재료로 전통방식,イニシャル銀製ブレスレット作り純銀（99.9）の純度の高い銀材料で伝統方式
부산광역시 수영구 망미2동 망미번영로 61,釜山広域市水泳区望美2洞望美繁栄路61
이건 앞치마일까? 원피스일까? 하루만에 만드는 앞치마(원데이 클래스),これはエプロンだろうか？ワンピースだろうか？一日で作るエプロン（ワンデークラス）
콘그라운드 SH107호,コングランドSH107号
부산광역시 수영구 망미번영로 69-1 비콘그라운드 SH107호,釜山広域市水泳区望美繁栄路69-1ビーコングラウンドSH107号
기초 요가,基礎ヨガ
서울 · 용산구 · 장문로,ソウル・龍山区・長門路
서울 용산구 장문로,ソウル龍山区長門路
천연 비누_까메오 비누 만들기(선물포장),天然石鹸_カメオ石鹸作り（ギフト包装）
만족도 높은 수업 진행을 위해 소수정예로 진행되는 점 참고해주세요:),満足度の高い授業進行のために少数精鋭で行われている点を参考にしてください:)
반려견 피모케어 천연제품 만들기,ペット犬ピモケア天然製品を作る
서울특별시 강남구 역삼2동 도곡로 213,ソウル特別市江南区駅三2洞東谷路213
20여종 캐릭터로 차량용석고방향제 원데이클래스,20種類以上のキャラクターで車両用石膏方向制ワンデークラス
전라남도 화순군 화순읍 부처샘길 1-3,全羅南道華順郡華順邑仏陀サムギル1-3
당신에게 '쉼' 이란 무엇입니까?,あなたにとって「休息」とは何ですか？
제주감성무드등만들기 원데이클래스,済州感性ムードなどを作るワンデークラス
제주시 공항근처 바닷가 해안도로에 있는 이쁜 마을에서 공방을 하고 있어요,済州市空港近くのビーチ沿岸道路にある美しい町で工房をしています。
나만의향수만들기,自分だけの香水を作る
대구광역시 남구 대명10동 대명복개로 39 1층,大邱広域市南区大明10洞大明復路39 1階
터프팅 체험 클래스,タフティング体験クラス
부산광역시 수영구 광안동 수영로618번길 19 1층,釜山広域市水泳区広安洞水泳路618番ギル19 1階
부산 수영구 수영로618번길 4,釜山水泳区水泳路618番ギル4
영어키즈베이킹,英語キッズベーキング
경기도 김포시 구래동 솔터로22 메트로타워 예미지상가 216호,京畿道金浦市グレドンソルター22メトロタワー予備地上街216号
경기 김포시 솔터로 22,京畿道金浦市ソルター22
추석용돈봉투 원데이클래스,チュソクドンエンベロープワンデークラス
부산광역시 수영구 민락동 광남로 271 1층,釜山広域市水泳区ミンラクドン光南路271 1階
채선책 드로잉스튜디오,採線本描画スタジオ
제주도 서귀포시 남원읍 태위로 238,済州島西帰浦市南原邑テウィロ238
제주향기 향연의치유 백플로우 인센스콘만들기,済州の香り饗宴の癒しバックフローインセンスコーンを作る
제주도에서 새로운 체험을 하고 싶으신 분들을 위한!,済州島で新しい体験をしたい方のため！
바다캔들만들기/투명디퓨져용기만들기,シーキャンドル作り/透明ディフューザー容器作り
제주도에서 새롭게 즐길 수 있는 아로마 체험입니다.,済州島で新たに楽しめるアロマ体験です。
Event <이달의비누> 예쁜천연비누만들기,Event <今月の石鹸>きれいな天然石鹸作り
"부산광역시 남구 대연3동 수영로 312, 1312호 대연동, 센츄리빌딩",釜山広域市南区大延3洞水泳路312、1312号大連洞、センチュリービル
"부산광역시 남구 대연3동 수영로 312, 1312호 (대연동, 센츄리빌딩)",釜山広域市南区大延3洞水泳路312、1312号（大連洞、センチュリービル）
약산성 샴푸바 만들기 원데이 클래스,弱酸性シャンプーバー作りワンデークラス
가 2층 2호,秋2階2号
경기도 광주시 초월읍 경충대로 1081-20 상가 2층 2호,京畿道光州市超越邑京忠大路1081-20商店街2階2号
애나앤소프 천연비누 숙성비누 원데이클래스,アナ＆ソープ天然石鹸熟成石鹸ワンデークラス
수제도장 원데이클래스,手作り塗装ワンデークラス
부산광역시 남구 대연동 58-6 2층 카페위드,釜山広域市南区大連洞58-6 2階カフェウィード
"달다구리제작소의 마카롱, 머랭, 레터링케이크 원데이클래스입니다 :D",ダルダグリ製作所のマカロン、メレンゲ、レタリングケーキワンデークラスです：D
서울특별시 서대문구 홍제1동 통일로27길 5 1층,ソウル特別市西大門区ホンジェ1洞統一路27ギル5 1階
피아니스트 정성희 - 베토벤 피아노 소나타 전곡 시리즈 I,ピアニストチョン・ソンヒ - ベートーヴェンピアノソナタ全曲シリーズI
세종문화회관,世宗文化会館
서울특별시 종로구 세종대로 175 (세종로),ソウル特別市鍾路区世宗大路175 (世宗路)
제87회 서울오라토리오 정기연주회 [영혼을 울리는 음악회 IX],第87回ソウルオラトリオ定期演奏会[魂を鳴らす音楽会IX]
예술의 전당,芸術の殿堂
2026 강남심포니오케스트라 기획공연 콘서트오페라 [마술피리],2026江南シンフォニーオーケストラ企画公演コンサートオペラ[マジックフルート]
GS아트센터,GSアートセンター
서울특별시 강남구 논현로 508 (역삼동),ソウル特別市 江南区 ノンヒョンロ 508 (駅三洞)
처음 만나는 가죽 공예,初めて会うレザークラフト
서울아트책보고,ソウルアートブックレポート
서울 구로구 경인로 430 고척스카이돔,ソウル区区区京仁路430高尺スカイドーム
둘리뮤지엄 특별전 [K-라면과 구공탄],ドゥリミュージアム特別展[K-ラーメンと旧空弾]
둘리뮤지엄,ドゥリーミュージアム
서울 도봉구 시루봉로1길 6,ソウルドボン区シルボンロ1ギル6
"이은선, 리즈 문 포레(G.faure)의 봄",イ・ウンソン、リーズムーンフォレ（G.faure）の春
라율아트홀,ラユルアートホール
서울특별시 서초구 반포대로 20 (서초동) 2층,ソウル特別市瑞草区珠浦大路20（瑞草洞）2階
"2026 서울시향 얍 판 츠베덴의 말러 교향곡 6번 [비극적] ①, ②",2026 ソウル市郷ヤプパン つべデンのマラー交響曲6番 [悲劇的] ①、②
롯데콘서트홀,ロッテコンサートホール
서울특별시 송파구 올림픽로 300 (신천동) 롯데월드몰 8층 롯데문화재단,ソウル特別市松坡区オリンピックロ300（新川洞）ロッテワールドモール8階ロッテ文化財団
2025 아뜰리에 광화 겨울 전시 [신진작가 공모전],2025アトリエ光化冬展[新進作家コンテスト]
광화문광장해치마당,光化門広場ハッチマダン
2025 서울로미디어캔버스 겨울 전시 [숨결],2025ソウルロメディアキャンバス冬展[息吹]
서울로미디어캔버스,ソウルロメディアキャンバス
서울 중구 만리재로 215,ソウル中区万里財路215
2026 본동어울마당 아트홀 상반기 정기 기획공연 본동 세레나데 3회차 [라피나토의 소리로 그린 풍경],2026本洞オウルマダンアートホール上半期定期企画公演本洞セレナーデ3回目[ラピナートの音で描いた風景]
본동어울마당 아트홀,本洞オウルマダンアートホール
서울 동작구 노량진로32길 79,ソウル市東区区鷺梁津路32ギル79
윤해원 첼로 독주회,ユン・ヘウォンチェロソロ
국립국악관현악단 관현악시리즈III [2025 상주 작곡가 : 손다혜·홍민웅],国立国楽館弦楽団 管弦楽シリーズIII [2025 常州作曲家：ソン・ダヘ・ホン・ミンウン]
국립극장,国立劇場
서울특별시 중구 장충단로 59 (장충동2가),ソウル特別市中区チャンチョンダンロ59（チャンチョンドン2街）
아트테크 워크숍 [INACCURATE USAGE: RNBO and Web],アートテックワークショップ [INACCURATE USAGE: RNBO and Web]
술술센터,酒酒センター
서울 영등포구 도림로133길 15,ソウル永登浦区ドリムロ133ギル15
Smooth Jazz Concert,Smooth Jazz Concert
봄 시즌 상설공연 [처음 만나는 세계],春シーズン常設公演[初めて会う世界]
리사이클링 팝업북 만들기: 180도 팝업책[이야기를 펼쳐보자],リサイクリングポップアップブックを作る：180度ポップアップブック[物語を広げよう]
그린 리모델링 재개관 기념 초등 책놀이 프로그램 [내가 만드는 푸른 지구],グリーンリモデリング再開館記念小学校本遊びプログラム【私が作る青い地球】
구립증산도서관,区立増産図書館
서울 은평구 증산로5길 6,ソウルウンピョン区増山路5ギル6
"2026동아리 역량강화&시민참여 열린강연 [장은수 대표 초청 강연 읽다, 일하다, 사랑하다]",2026サークル能力強化＆市民参加オープン講演[チャン・ウンス代表招待講演読む、働く、愛する]
김근태기념도서관,キム・グンテ記念図書館
서울 도봉구 도봉산길 14,ソウル道鳳区道鳳山道14
2026 버킷런 (Bucket Run 2026),2026 バケットラン (Bucket Run 2026)
잠실한강공원,チャムシルハン川公園
서울 송파구 잠실동 1-1,ソウル松坡区蚕室洞1-1
2026 상도어울마당 아트홀 상반기 정기 기획공연 '아트 박스 콘서트' 3회차 [The Bliss],2026サンドウォルマダンアートホール上半期定期企画公演「アートボックスコンサート」3回目[The Bliss]
상도어울마당 아트홀,サンドウールマダンアートホール
서울 동작구 성대로 180,ソウル東区区城大路180
2026 오류아트홀 신춘음악회 [봄의 멜로디],2026エラーアートホール新春音楽会[春のメロディ]
오류아트홀,エラーアートホール
서울특별시 구로구 경인로20가길 38 (오류동),ソウル特別市黒区京仁路20街道38（大龍洞）
2026 봄바람 콘서트 : Flower is Blooming,2026春風コンサート：Flower is Blooming
지브리와 사랑에 빠지다 : 지브리 영화음악 콘서트,ジブリと恋に落ちる：ジブリ映画音楽コンサート
구로아트밸리예술극장,黒アートバレー芸術劇場
서울 구로구 가마산로25길 9-24,ソウル区区区釜山路25ギル9-24
"이태호 석좌교수 초청 특강 [인상파, 찬란한 순간들] 전시 연계 특별 강연",イ・テホ修道院教授招待特講[印象派、絆の瞬間]
노원문화예술회관,ノーウォン文化芸術会館
서울 노원구 중계로 181,ソウルノウォン区中継路181
IAN KIM 피아노 리사이틀,IAN KIMピアノリサイタル
서울숲 스튜디오301,ソウルの森スタジオ301
서울특별시 성동구 서울숲길 36(성수동1가),ソウル特別市城東区ソウル森道36（城水洞1街）
26세종시즌 [더블 빌 Bliss & Jakie],26世宗シーズン [ダブルビルBliss & Jakie]
한-불 수교 140주년 기념 어린이 아뜰리에 [이야기를 들려줘!],韓・火修交140周年記念こどもアトリエに「物語を聞かせて！」
극단허리 36주년 기념작품 [김보책],極端ウエスト36周年記念作品[キム・ボブック]
공간아울,スペースアウト
서울특별시 종로구 대학로 120 (동숭동),ソウル特別市鍾路区大学路120（東崇洞）
문창진 기획초대전-빛의 여정: 1980-2024,ムン・チャンジン企画招待展 - 光の旅：1980-2024
세종뮤지엄갤러리,世宗ミュージアムギャラリー
서울 광진구 능동로 209,ソウル広津区能洞路209
클림트와 라치오디의 기적,クリムトとラチオディの奇跡
마이아트뮤지엄,マイアートミュージアム
서울 강남구 테헤란로 518,ソウル江南区テヘランロ518
오리지널 투어 (SPIRITED AWAY),オリジナルツアー(SPIRITED AWAY)
2025 특별전 [밤풍경],2025特別展[夜景]
대한민국역사박물관,韓国歴史博物館
한운성컬렉션 기증기획전 《그림과 현실》,漢雲城コレクション寄贈企画展《絵と現実》
서울시립미술관 서소문본관,ソウル市立美術館西小門本館
서울 중구 덕수궁길 61,ソウル中区徳寿宮道61
일렉트릭 쇼크,エレクトリックショック
서울시립 북서울미술관,ソウル市立北ソウル美術館
서울 노원구 동일로 1238,ソウルノウォン区東路1238
"《미완의 식물지-이소요》, 《꽃 시계-안나 리들러》",《未完の植物誌-イヨヨ》、《花時計-アンナリドラー》
글(자)감(각): 쓰기와 도구,執筆感（各）：書き込みとツール
문화역서울284,文化駅ソウル284
서울 중구 통일로 1,ソウル中区統一路1
소프라노 정주희 리사이틀 [시간의 결을 노래하다 : 바로크에서 낭만까지],ソプラノチョン・ジュヒリサイタル[時間の決を歌う：バロックからロマンまで]
중구민을 위한 명사특강 : 최태성의 역사이야기,中区民のための名詞特講：チェ・テソンの歴史ストーリー
충무아트센터,忠武アートセンター
서울특별시 중구 퇴계로 387 (흥인동),ソウル特別市中区退渓路387（興仁洞）
허예름 개인전 [원본은 없다 버전 투],ホイェルム個展[原本はないバージョントゥ]
청년예술청 SAPY,青年芸術庁 SAPY
"서울특별시 서대문구 경기대로 26-26 (충정로3가, 더스타일하우스디센트럴)",ソウル特別市西大門区京畿道26-26
M 마티네 [MAC 모닝 콘서트 #1~3] 패키지,Mマティーネ[MACモーニングコンサート#1～3]パッケージ
마포아트센터,麻浦アートセンター
서울특별시 마포구 대흥로20길 28 (대흥동),ソウル特別市麻浦区大興路20ギル28（大興洞）
나루아티스트와 함께하는 '문화가 있는 날' [살롱음악회] (3월),ナルアーティストと一緒にいる「文化のある日」[サロン音楽会]（3月）
나루아트센터,ナルアートセンター
서울특별시 광진구 능동로 76 (자양동),ソウル特別市光津区能洞路76（紫陽洞）
"2026 까망돌어울마당 아트홀 상반기 정기 기획공연 [까망돌 칸타빌레] 3회차 모어바운스의 [More Bounce, Unbound]","2026年カドゥルウォルマダンアートホール上半期定期企画公演[カマンドールカンタビレ]3回目モアバウンスの[More Bounce, Unbound]"
까망돌어울마당 아트홀,黒い石の庭のアートホール
서울 동작구 서달로 129,ソウル洞区ソダロ129
바이올리니스트 김혜란의 [VIOLIN EMOTION Ⅸ],ヴァイオリニストキム・ヘランの[VIOLIN EMOTIONⅨ]
금호아트홀 연세,クムホアートホール延世
서울특별시 서대문구 연세로 50 (신촌동) 연세대학교 백양누리 B1 금호아트홀 연세,ソウル特別市西大門区延世路50（新村洞）延世大学白陽ヌリB1クムホアートホール延世
M 마티네 [2026 MAC 모닝 콘서트] ＃1,Mマティーネ [2026 MACモーニングコンサート] #1
3월 테마전시체험전 - 테마로 즐기는 도서관 [나홀로 버스],3月 テーマ展示体験展 - テーマで楽しむ図書館 [ナホロバス]
아라타 미노 개인전 [조용한 생활과 사소한 점유],荒田みの個展【静かな生活と些細な占い】
인가희갤러리,イ・ヒヒギャラリー
서울 용산구 소월로44길 29,ソウル龍山区ソウォルロ44ギル29
모차르트 피아노 협주곡 전곡 시리즈 IV,モーツァルトピアノ協奏曲全曲シリーズIV
반포심산아트홀,バンポシムサンアートホール
서울특별시 서초구 사평대로 55 (반포동),ソウル特別市瑞草区四平大路55（バンポドン）
"2026 마티네 콘서트 [국악, 경계넘어 G-hwaja]",2026 マティーネコンサート [国楽、境界越しG-hwaja]
강북문화예술회관,江北文化芸術会館
서울특별시 강북구 삼각산로 85 (수유동),ソウル特別市江北区三角山路85（水流洞）
김경헌의 오가선집(金經憲式 五歌選集),キム・ギョンホンの男鹿選集(金經憲式五歌選集)
국립국악원,国立国楽院
서울특별시 서초구 남부순환로 2364 (서초동) 국립국악원,ソウル特別市瑞草区南部循環路2364（瑞草洞）国立国楽院
2026년 3월26일 2시 [라라랜드] 배리어프리영화 상영,2026年3月26日2時[ララランド]バリアフリー映画上映
3월/읽는 인간 호모부커스Ⅰ [마구마구 야구 읽기],3月/読む人間ホモブカスⅠ [マグマグ野球読む]
마포구립서강도서관,麻浦区立西江図書館
서울 마포구 독막로 165,ソウル麻浦区ドクマクロ165
문화예술아카데미 성인 미술 [드로잉 아틀리에],文化芸術アカデミー大人美術[描画アトリエ]
강동아트센터,江東アートセンター
서울특별시 강동구 동남로 870 (상일동),ソウル特別市江東区東南路870（サンイルドン）
클로즈업 : 인생영화 [#2 찬실이는 복도 많지],クローズアップ：人生映画[＃2賛美は廊下が多い]
"한-벨기에 수교 125주년 필립 그뤽 개인전 [YOURS TRULY, LE CAT]","ハン・ベルギー修交125周年フィリップ・グリュン個展 [YOURS TRULY, LE CAT]"
보자르갤러리,ボザールギャラリー
서울 강남구 도산대로99길 50-2,ソウル江南区道山大路99ギル50-2
양육자 대상 [뮤지엄 휴휴프로그램9] 도장 만들기,養育者対象 [ミュージアム休憩プログラム9] 塗装作り
서울백제어린이박물관,ソウル百制御子供博物館
포스트 서브컬쳐,ポストサブカルチャー
DDP(동대문디자인플라자),DDP（東大門デザインプラザ）
서울 중구 을지로 281,ソウル中区乙支路281
문화예술아카데미 어린이 성인 발레 [클래식 스완: 토슈즈반],文化芸術アカデミーの子供大人のバレエ[クラシックスワン：トッシュズバーン]
아이들 콘서트 : 클래식 with 디토 오케스트라,子供たちのコンサート：クラシックとディトオーケストラ
종로 아이들극장,鍾路子供劇場
2026년 3월 서울역사문화답사 신청 안내,2026年3月ソウル歴史文化回答申請案内
서소문성지 역사박물관,西小門聖地歴史博物館
서울특별시 중구 칠패로 5 (의주로2가),ソウル特別市中区チルパロ5（義主路2街）
2026 서울 유아차 런,2026ソウルベビーカーラン
광화문광장,光化門広場
서울특별시 종로구 세종대로 지하 172 (세종로),ソウル特別市鍾路区世宗大路地下172(世宗路)
하주애 신승훈 조인트 피아노 리사이틀,ハジュエシンスンフンジョイントピアノリサイタル
2026 로열인문학 [하루키가 사랑한 재즈],2026 ロイヤル人文学 [春樹が愛したジャズ]
2026 서울시향 아주 특별한 콘서트,2026 ソウル市郷非常に特別なコンサート
2026 시네마 퀘벡(Cinema Quebec),2026シネマケベック(Cinema Quebec)
3월/어린이메이킹 [해봄아 노올자! 해봄맘껏Time],3月/子どもメイキング[しばらくしておきましょう！しばらく放題Time]
번개의 궤적 (The Path of Lightning),雷の軌跡 (The Path of Lightning)
미오갤러리,ミオギャラリー
서울 송파구 위례성대로12길 28,ソウル松坡区ウィレソンデ12ギル28
가톨릭대학교 서울성모병원 기탁 업무 협약 기념 특별전 [위안과 치유의 공명 共鳴],カトリック大学ソウル聖母病院寄託業務協約記念特別展[慰安と癒しの共鳴共鳴]
3월 [영어스토리텔링],3月 [英語ストーリーテリング]
성동구립도서관,城東区図書館
서울 성동구 고산자로10길 9,ソウル城東区高山ジャロ10ギル9
2026 M 초이스 발레 [갓 GAT],2026 M チョイスバレエ [ガットGAT]
기후 위기 특별 기획전 [사라지는 풍경들: 우리가 마주한 지구의 시간],岐阜危機特別企画展 [消える風景：私たちが向き合った地球の時間]
공근혜갤러리 K.O.N.G. GALLERY,コン・グンヘギャラリーK.O.N.G. GALLERY
서울 종로구 삼청로7길 38,ソウル鍾路区三清路7ギル38
홍준호 개인전 [이름없는 흔적들],ホン・ジュノ個人展[名のない跡]
갤러리 무모,ギャラリー無謀
서울 송파구 가락로19길 5,ソウル松坡区ガラクロ19ギル5
오류를 거니는 산책자,エラーのある散歩者
서울대학교 미술관,ソウル大学美術館
서울 관악구 관악로 1,ソウル冠岳区冠岳路1
공예동행@쇼윈도 #1. 누적의 형상 Forms of Accumulation,クラフト同行@ショーウィンドウ #1.累積の形状 Forms of Accumulation
"서울 속 미국, 워싱턴 속 대한제국 - 두 공사관 이야기",ソウルのアメリカ、ワシントンの大韓帝国
뮤지컬 [긴긴밤],ミュージカル[ギンギンナイト]
링크아트센터드림,リンクアートセンタードリーム
서울특별시 종로구 동숭길 123 (동숭동),ソウル特別市鍾路区洞窟路123
근접한 세계,近い世界
보노보노 40주년 특별전 in Seoul,ボノボノ40周年特別展 in Seoul
청계천사람들: 삶과 기억의 만남,清渓川の人々：人生と記憶の出会い
청계천박물관,清渓川博物館
서울 성동구 청계천로 530 청,ソウル城東区清渓川路530清
임신과 출생 문화를 다룬 특별전 [아가 마중],妊娠と出生文化を取り上げた特別展[赤ちゃんお迎え]
서울생활사박물관,ソウル生活史博物館
서울 노원구 동일로174길 27,ソウルノウォン区東路174ギル27
바로크비올리스트 장민경의 The Bach III,バロックビオリストのチャン・ミンギョンのThe Bach III
PROMENADE,PROMENADE
2026년 1분기 Focus on Language,2026年第1四半期 Focus on Language
용두어린이영어도서관,龍頭子供英語図書館
서울 동대문구 무학로 133,ソウル東大門区武陵路133
1분기 어린이갤러리 [미스터 팔롱의 판타스틱 의상실],第1四半期子供ギャラリー[ミスターファロンのファンタスティック衣装室]
"가족열람실 3월 북큐레이션 [같이 걷자, 지구야]",家族閲覧室3月ブックキュレーション[一緒に歩こう、地球よ]
2026 [누구나 청춘무대] 3월 공연&체험 프로그램,2026 [誰でも青春舞台] 3月公演＆体験プログラム
청춘극장,青春劇場
3월/팟캐스트 서강도서관 피셜 65회 [시(詩)작하는 마음],3月/ポッドキャスト西江図書館フィシャル65回[詩作る心]
3월 생활문화 프로그램,3月生活文化プログラム
송파 청년아티스트센터,松坡青年アーティストセンター
서울 송파구 풍성로10길 6-1,ソウル松坡区豊城路10ギル6-1
3월 문화프로그램 안내,3月文化プログラム案内
문화예술아카데미 어린이 발레 A반 [리틀스완: 백조의 호수와 함께],文化芸術アカデミー子供バレエAクラス[リトルズワン：白鳥の湖と一緒に]
2026 싱글벙글교육센터 1분기 평생학습 교육프로그램,2026シングルバングル教育センター第1四半期生涯学習教育プログラム
싱글벙글교육센터,シングルバングル教育センター
서울 관악구 남부순환로234길 73,ソウル市冠岳区南部循環路234ギル73
DDP 청년 창작자 그룹전시 [Next Hi-Light]展,DDP青年創作者グループ展示[Next Hi-Light]展
문화예술아카데미 어린이 연극 B반 [리틀씨어터: 생각을 키우는 인문학 연극],文化芸術アカデミー子供演劇Bクラス[リトルシアター：考えを育てる人文学演劇]
문화예술아카데미 어린이 연극 A반 [리틀 씨어터: 감정+몸짓 융합 연극놀이],文化芸術アカデミー子供演劇Aクラス[リトルシアター：感情+ジェスチャー融合演劇遊び]
2026 M 초이스 이자람 판소리 갈라 [작창 2007/2015],2026 M チョイス イザラム パンソリガラ [作創 2007/2015]
"2026 서울시향 얍 판 츠베덴의 브루크너 교향곡 4번 ①, ②",2026 ソウル市郷ヤプパン ツベデンのブルックナー交響曲第4番①、②
11시 영화음악콘서트 03월 : 영화로 만나는 아일랜드 이야기,11時映画音楽コンサート03月：映画で出会うアイルランドの物語
부산 | 영화의전당 하늘연극장,釜山|映画の殿堂天演劇場
부산광역시 해운대구 수영강변대로 120,釜山広域市海雲台区スヨン川沿い120
Back to the Nature,Back to the Nature
서울 | 청화랑,ソウル|チョンファラン
서울특별시 강남구 삼성로147길 4,ソウル特別市江南区三成路147ギル4
"2026 대한민국연극제 서울대회 참가작, 여명의 노래(동작지부)",2026大韓民国演劇祭ソウル大会参加作、黎明の歌（アクション支部）
서울 | 성수아트홀 성수문화복지회관,ソウル|聖水アートホール聖水文化福祉会館
서울특별시 성동구 뚝섬로1길 43 (성수동1가),ソウル特別市城東区トゥクソムロ1ギル43（城水洞1街）
백묵원,ペク・ミョンウォン
서울 | 공간아울,ソウル|スペースアウト
"머더(3/20, 3/22)",マザー（3/20、3/22）
서울 | R&J씨어터 구. 연진아트홀,ソウル| R&Jシアター区。ヨンジンアートホール
서울특별시 종로구 낙산길 14 (동숭동),ソウル特別市鍾路区鴨山道14（東崇洞）
"2026 신축음악회, 명작국악트롯",2026新築音楽会、名作国楽トロット
경북 | 영천시민회관 스타홀,慶北|永川市民会館スターホール
경상북도 영천시 동부로 31,慶尚北道永川市東部路31
뮤지컬로 보는 동화 3월 <백설공주>,ミュージカルで見るおとぎ話3月<白雪姫>
울산 | 온양문화복지센터 대공연장,蔚山|温陽文化福祉センター大公演場
울산광역시 울주군 온양읍 남창1길 13,蔚山広域市蔚州郡温陽邑南昌1ギル13
문화가 있는 날 ＃1 오정희 국악 앙상블: 전통과 현대를 넘나드는 새로운 무대,文化のある日＃1オ・ジョンヒ国楽アンサンブル：伝統と現代を行き来する新しい舞台
경기 | 하남문화예술회관 검단홀 대극장,ゲーム|河南文化芸術会館検団ホール大劇場
경기도 하남시 신평로 125,京畿道河南市新平路125
어린이 마술쇼,子供マジックショー
충남 | 서산문화원 공연장,忠南|西山文化院会場
충청남도 서산시 문화로 52,忠清南道西山市文化路52
용인어린이상상의숲 월간톡톡 공연놀이터: 늑대야 친구하자,龍仁子供以上の森
경기 | 용인어린이상상의숲 공연놀이터,ゲーム|龍仁子供以上の森公演遊び場
경기도 용인시 기흥구 관곡로 25,京畿道龍仁市ギフン区関谷路25
제4회 앙상블 아띠엠 정기연주회,第4回アンサンブルアーティエム定期演奏会
경기 | 성남아트센터 앙상블씨어터,ゲーム|城南アートセンターアンサンブルシアター
경기도 성남시 분당구 성남대로 808,京畿道城南市盆唐区城南大路808
우리 아빠가 최고야,私のお父さんは最高です。
동래문화회관 대극장,東レ文化会館大劇場
부산 동래구 문화로 80,釜山東レ区文化路80
"비에스 필하모닉 오케스트라와 함께하는 동행, 음악으로 잇는 마음의 길",ビエス・フィルハーモニック・オーケストラとの同行、音楽でつながる心の道
인천 | 부평아트센터 해누리극장,仁川|富平アートセンターハヌリ劇場
인천광역시 부평구 아트센터로 166,仁川広域市富平区アートセンター166
"마티네콘서트 마실, 프렐류드 재즈 콘서트",マティネコンサートドリンク、プレリュードジャズコンサート
인천 | 남동소래아트홀,仁川|南東ソラアートホール
인천광역시 남동구 아암대로1437번길 32 (논현동),仁川広域市南東区アーム大通り1437番ギル32（ノンヒョンドン）
재즈앙상블 시리즈 Ⅰ. 봄맞이 스윙재즈 콘서트: 성기문 재즈퀄텟 & 보컬 박재홍,ジャズアンサンブルシリーズⅠ。スプリングスイングジャズコンサート：ソンギムンジャズクォルテット＆ボーカルパクジェホン
부산 | 낙동아트센터,釜山|ナクドンアートセンター
부산광역시 강서구 명지국제1로 141 (명지동),釜山広域市江西区明治国際1路141（明治洞）
김치 마술사의 클로즈업 매직쇼,キムチ魔術師のクローズアップマジックショー
부산 | 제페토 GEPPETTO,釜山|ゼペト GEPPETTO
부산광역시 동구 망양로 897 (범일동),釜山広域市東区望陽路897（ボムイルドン）
라푼젤,ラプンツェル
롯데백화점 문화홀,ロッテ百貨店文化ホール
대구광역시 북구 태평로 161 (칠성동2가),大邱広域市北区太平路161（チルソンドン2街）
어린이 서커스 마술쇼,子供サーカスマジックショー
서울 | 강동구민회관 대강당,ソウル|江東区民会館大講堂
서울특별시 강동구 상암로 168,ソウル特別市江東区上岩路168
스타 뮤지컬 작곡가 민찬홍: 스무 해 동안의 멜로디,スターミュージカル作曲家ミンチャンホン：20年間のメロディー
울산 | 울주문화예술회관,蔚山|ウルジュ文化芸術会館
울산광역시 울주군 범서읍 천상중앙길 36,蔚山広域市蔚州郡汎西邑天上中央道36
서정민 완창발표회: 미산제 흥보가,ソ・ジョンミンワンチャン発表会：ミサンジェ興報
국립국악원 풍류사랑방,国立国楽院風流ラブルーム
서울 서초구 남부순환로 2364,ソウル瑞草区南部循環路2364
어린 안데르센,若いアンデルセン
송파어린이문화회관 아이소리홀,松堀子供文化会館アイソリホール
서울 송파구 중대로 235,ソウル松坡区中大路235
"[공연소개]

상상발전소가 새롭게 창작한 이야기 안데르센...모든 아이는 특별하다. 


최고의 동화작가 한스 크리스티안 안데르센의 어린시절을 상상발전소 스타일로 창작한
<이야기 아데르센>은 
<미운오리새끼><벌거숭이 임금님><성냥팔이 소녀>의 이야기를
중심으로 어린시절 한수와 어른이된 한수가 만나면서 시작된다. 

최고의 동화 작가가 된 한수는 책요정들과 이야기 중 자신의 어린 시절을 회상하다
어린시절의 한수를 만나게 되는데 
엉뚱한 성격과 행동으로 외톨이가 된 어린 한수는 자신이 특별하다는 말과 우리가 널 항상 응원한다는 말에 자신의 이야기를 만들어 간다....

어린이에게는 꿈을 ...
어른에게는 희망을 ...","【公演紹介】

想像発電所が新たに創作した話アンデルセン…すべての子供は特別だ。 


最高のおとぎ話作家ハンスクリスチャンアンデルセンの子供時代を想像発電所スタイルで創作した
＜物語アデルセン＞は 
＜嫌いなアヒルの子＞＜裸の王様＞＜マッチ腕の女の子＞の物語
中心に幼い頃のハンスと大人になったハンスに会い始める。 

最高のおとぎ話の作家になったハン・スは、本の妖精たちと物語の間に彼の子供の頃を思い出させる
子供の頃の一人に会うことになります。 
奇妙な性格と行動で孤独になった若いハンスは、自分が特別だという言葉と、私たちが君をいつも応援するという言葉に自分の話を作っていく…。

子供には夢を...
大人には希望を..."
대구시립교향악단 체임버 시리즈 Ⅰ: 프랑스 목관의 흐름,大邱市立交響楽団チェンバーシリーズⅠ：フランスの木管の流れ
대구콘서트하우스 챔버홀 (소공연장),大邱コンサートハウスチャンバーホール（小公演場）
대구 중구 태평로 141,大邱中区太平路141
"[프로그램]

생상스 - 타란텔라, Op.6
C. Saint-Saëns – Tarentelle, Op.6
연주시간 약 7분
셴유칭, 이성규, 정승원 

풀랑크 – 오보에, 바순과 피아노를 위한 삼중주, FP 43
F. Poulenc – Trio for Oboe, Bassoon and Piano, FP 43
      I. Presto
      II. Andante
      III. Rondo
연주시간 약 13분
최규연, 윤주훈, 정승원 
 
Intermission 

생상스 – 덴마크와 러시아 아리아에 의한 카프리스, Op.79
C. Saint-Saëns – Caprice sur des airs danois et russes, Op.79
연주시간 약 10분
셴유칭, 최규연, 이성규, 정승원 

프랑세 – 목관 4중주
J. Françaix – Woodwind Quartet
      I. Allegro
      II. Andante
      III. Allegro molto
      IV. Allegro vivo
연주시간 약 12분
셴유칭, 최규연, 이성규, 윤주훈

※ 공연의 상세 정보는 변경될 수 있으며, 초등학생 이상 관람 가능합니다.","[プログラム]

サンサンス - タランテラ, Op.6
C. Saint-Saëns – Tarentelle, Op.6
演奏時間約7分
シェンユチン、イ・ソンギュ、チョン・スンウォン 

プランク – オーボエ、バスーンとピアノのためのトリプル、FP 43
F. Poulenc – Trio for Oboe, Bassoon and Piano, FP 43
      I. Presto
      II. Andante
      III.ロンド
演奏時間約13分
チェ・ギヨン、ユン・ジュフン、チョン・スンウォン 
 
Intermission 

サンサンス - デンマークとロシアのアリアによるカプリス、Op.79
C. Saint-Saëns – Caprice sur des airs danois et russes, Op.79
演奏時間約10分
シェンユチン、チェ・ギヨン、イ・ソンギュ、チョン・スンウォン 

フランセ – 木管四重奏
J. Françaix – Woodwind Quartet
      I. Allegro
      II. Andante
      III. Allegro molto
      IV。 Allegro vivo
演奏時間約12分
シェンユチン、チェ・ギュヨン、イ・ソンギュ、ユン・ジュフン

※公演の詳細情報は変更されることがあり、小学生以上観覧可能です。"
Lover's Concert (앵콜),Lover's Concert (アンコール)
서울 | 연세대학교 백주년기념관,ソウル|延世大学百周年記念館
봉산문화회관 신춘콘서트: RESTART,奉山文化会館新春コンサート：RESTART
봉산문화회관 가온홀,奉山文化会館加温ホール
대구 중구 봉산문화길 77,大邱中区鳳山文化道77
뚱뚱한 로미오를 사랑한 줄리엣,太ったロミオを愛したジュリエット
서울 | 씨어터 쿰,ソウル|シアタークム
서울특별시 종로구 창경궁로 253-7 (명륜2가),ソウル特別市鍾路区昌慶宮路253-7（明倫2街）
거인 앙갈로,巨人アンガロ
국립아시아문화전당 어린이극장,国立アジア文化殿堂子供劇場
광주 동구 문화전당로 38,光州東区文化殿堂路38
Singers of God: 하나님을 찬양하는 사람들,Singers of God: 神を賛美する人々
서울 | 로데아트센터,ソウル|ロデアートセンター
서울특별시 서초구 남부순환로317길 79 (서초동),ソウル特別市瑞草区南部循環路317ギル79（瑞草洞）
Voice of moonlight V.O.S X J-CERA,Voice of moonlight V.O.S X J-CERA
경북 | 경북고령대가야문화누리 구. 대가야국악당) 대공연장(우륵홀,慶北|慶北高齢大学カヤ文化ヌリ区。大賀屋国楽堂）大公演場
경상북도 고령군 대가야읍 왕릉로 30,慶尚北道高齢郡大河屋邑王陵路30
"영도문화예술회관 수요상설 onStage, 달음 (DAL: UM) : coexistence","英島文化芸術会館需要常設 onStage, 月 (DAL: UM) : coexistence"
영도문화예술회관 소공연장(절영홀),永都文化芸術会館小公演場（絶営ホール）
부산 영도구 함지로79번길 6,釜山永東区ハンジロ79番ギル6
"[공연소개]
달음의 두 번째 정규 앨범 〈Coexistence〉는 ‘함께 살아가는 것’이라는 주제 아래 서로 다른 존재들이 만들어내는 조화와 균형을 음악적으로 만든 작품이다.
이 공연은 두 전통 현악기인 가야금과 거문고가 만들어내는 공존의 소리를 중심으로 구성된다. 프로그램은 전통 선법을 기반으로 한 ‘다스름’에서 시작해 ‘탈’, ‘dot’, ‘The Waves’, ‘Cracking’, ‘Alive’까지 이어지는 흐름 속에서 전통과 현대가 교차하는 음악적 서사를 보여준다. 각 곡은 일상 속 감정, 균열, 회복, 생명의 에너지를 다양한 결로 표현되며 관객들이 편안하게 몰입할 수 있게 구성된다. 전통음악의 깊이를 유지하면서도 현대적인 감각을 더한 달음만의 연주 방식은 관객에게 새로운 경험을 제공할 것이다.

[프로그램]
1. 다스름 (Dasreum)

2. 탈 (Tal)

3. dot

4. 도드리 (Dodry)

5. The Waves

6. Poison and Antidote

7. In the deep

8. Cracking

9. Alive","【公演紹介】
月音の2番目の正規アルバム「Coexistence」は「一緒に生きていくこと」というテーマの下で、異なる存在が生み出す調和とバランスを音楽的に作った作品だ。
この公演は、2つの伝統弦楽器であるカヤグムとコムンゴが生み出す共存の音を中心に構成される。番組は伝統線法を基盤とした「ダルム」から始まり、「脱」、「dot」、「The Waves」、「Cracking」、「Alive」まで続く流れの中で、伝統と現代が交差する音楽的叙事詩を見せる。各曲は日常の感情、亀裂、回復、生命のエネルギーを多様な結で表現され、観客が快適に没入できるように構成される。伝統音楽の深さを維持しながらも現代的な感覚を加えた甘さだけの演奏方式は観客に新しい経験を提供するだろう。

[プログラム]
1.ダスラム(Dasreum)

2. 脱(Tal)

3. dot

4. ドドリー

5. The Waves

6. Poison and Antidote

7. In the deep

8. Cracking

9. Alive"
내방연구소 세 번째 이야기: RING SHOUT,内防研究所第3話：RING SHOUT
일신홀,一新ホール
서울특별시 용산구 한남대로 98 (한남동),ソウル特別市龍山区漢南大路98（漢南洞）
信 Young Artist X K'ARTS Audition 수상자 리사이틀: 클라리네티스트 신명,Shin Young Artist X K'ARTS Audition受賞者リサイタル：クラリネティストの命名
신영체임버홀,シンヨンチャンバーホール
서울특별시 영등포구 국제금융로8길 16 (여의도동),ソウル特別市永登浦区国際金融路8道16（汝矣島洞）
낭독극 <우리가 그린 15년>,朗読劇<私たちが描いた15年>
서울 | 청년예술청 SAPY,ソウル|青年芸術庁 SAPY
"구연희곡 프로젝트 정주행: 청혼, 그리고 곰",ク・ヨンヒソクプロジェクトチョンジュ：クンホン、クマ
브로일링커피 강동점,ブロイリングコーヒーカンドン店
서울특별시 강동구 성내로10길 9-6 (성내동),ソウル特別市江東区城内路10ギル9-6（城内洞）
제17회 서산시립합창단 정기연주회: 봄이 피기까지는,第17回西山市立合唱団定期演奏会：春が咲くまで
서산시문화회관 대공연장,西山市文化会館大公演場
충남 서산시 문화로 52,忠南西山市文化路52
제22기 소아베로 정기연주회,第22期ソアベロ定期演奏会
마포아트센터 아트홀맥,マポアートセンターアートホールマック
제7회 동초제 판소리 감상회 정기공연: 춘향가,第7回東草制パンソリ鑑賞会定期公演：春香
정은영 귀국 피아노 독주회,チョン・ウンヨン帰国ピアノソロ
"제77회 충주시립우륵국악단 정기연주회, 진정성 Ⅰ. 전통을 대하는 태도",第77回忠州市立呉国楽団定期演奏会、真正性Ⅰ。伝統に対する態度
충주시문화회관,忠州市文化会館
충청북도 충주시 중앙로 128 (성내동),忠清北道忠州市中央路128（城内洞）
"[공연소개]

충주시립우륵국악단 제77회 정기연주회 시리즈<진정성Ⅰ-전통을 대하는 태도 >
“전통을 지키되, 현대의 감각으로 확장해 국악관현악의 본질을 마주하는 시간”

보존과 답습의 경계를 넘어,
전통을 어떻게 대할 것인가에 대한 성찰을 음악으로 풀어내며
진정성 있는 태도로 오늘의 전통을 다시 세우는 무대에 여러분을 초대합니다.


[프로그램]

메나리토리를 주제로 한 국악관현악
국악관현악 <감정의 집> / 최지혜 작곡

창작 국악의 고전
국악관현악 <합주곡 3번> / 김희조 작곡

수룡음 계락 주제에 의한 국악관현악
국악관현악 <폭포수 아래> / 이정호 작곡

사물놀이와 국악관현악을 위한 합주곡
<신모듬 1·3악장> / 박범훈 작곡","【公演紹介】

忠州市立呉国楽団第77回定期演奏会シリーズ<陳情性Ⅰ-伝統に対する態度>
「伝統を守るが、現代の感覚に拡張して国楽観弦楽の本質に面する時間」

保存と踏襲の境界を越えて、
伝統をどのように扱うかについての洞察を音楽に解き放ち、
誠実な態度で今日の伝統を再建する舞台に皆さんを招待します。


[プログラム]

メナリトリーをテーマにした国楽観弦楽
国楽観弦楽<感情の家>/チェ・ジヘ作曲

創作国楽の古典
国楽観弦楽<合奏曲3番> /キム・ヒジョ作曲

水龍音啓落テーマによる国楽観弦楽
国楽観弦楽<滝の下>/イ・ジョンホ作曲

サムルノリと国楽観弦楽のための合奏曲
<新盛り1・3楽章>/パク・ボムフン作曲"
제200회 창원시립합창단 정기연주회: 모차르트 탄생 270주년 기념 오페라 갈라콘서트,第200回昌原市立合唱団定期演奏会：モーツァルト誕生270周年記念オペラガラコンサート
경남 | 성산아트홀 대극장,慶南|城山アートホール大劇場
경상남도 창원시 성산구 중앙대로 181,慶尚南道昌原市城山区中央大路181
"광복 80주년 기념 특별전 <1945-1948 역사 되찾기, 다시 우리로>",光復80周年記念特別展<1945-1948歴史を取り戻し、また私たちに>
서울 | 대한민국역사박물관,ソウル|韓国歴史博物館
서울특별시 종로구 세종대로 198,ソウル特別市鍾路区世宗大路198
김대수 개인전 [Luminous Sonata],キム・デス個展 [Luminous Sonata]
서울 | 갤러리 이마주,ソウル|ギャラリー今週
서울특별시 강남구 테헤란로20길 12,ソウル特別市江南区テヘランロ20ギル12
김현정 피아노 독주회: 베토벤 32 전곡 소나타 중 시즌 1,キム・ヒョンジョンピアノソロ：ベートーベン32全曲ソナタ中シーズン1
전남 | 목포시민문화체육센터 소공연장,全南|木浦市民文化体育センター小公演場
전라남도 목포시 부주로 312,全羅南道木浦市ブジュロ312
최현우 아판타시아,チェ・ヒョンウアパンタシア
광주 | 518기념문화센터 민주홀,光州| 518記念文化センター民主ホール
광주광역시 서구 내방로 152,光州広域市西区内方路152
첼리스트 이나영의 보헤미안,チェリストイナヨンのボヘミアン
대전 | 대전예술의전당 아트홀,大田|大田芸術の殿堂アートホール
대전광역시,大田広域市
더 라스트맨,ザラストマン
서울 | 링크더스페이스(LINK THE SPACE) 1관,ソウル|リンクザスペース（LINK THE SPACE）1館
서울특별시 종로구 대학로8가길 105,ソウル特別市鍾路区大学路8丁目105
"GAC 기획공연 영스테이지, 정효빈 콘서트: 메리골드 (Marigold)",GAC企画公演ヤングステージ、チョン・ヒョビンコンサート：マリーゴールド（Marigold）
광주 | 광주예술의전당 소극장,光州|光州芸術の殿堂小劇場
광주광역시 북구 북문대로 60,光州広域市北区北門大路60
K-히어로 뮤지컬 &lt;똥볶이 할멈: 정의의 맛&gt;,K-ヒーローミュージカル＆lt;たわごと炒め物：正義の味＆gt;
경기 | 안산문화예술의전당 달맞이극장,ゲーム|安山文化芸術の殿堂月見劇場
경기도 안산시 단원구 화랑로 312,京畿道安山市丹原区画廊路312
project 유성우 창단연주회,プロジェクト流星群創立演奏会
부천아트센터 콘서트홀,富川アートセンターコンサートホール
경기 부천시 원미구 소향로 165,京畿道富川市原美区ソヒャンロ165
"[프로그램]


<1부> 

Tchaikovsky - 1812 Overture 

Tchaikovsky - Symphony No.5 4th Movement 


<2부>

Jacob De Haan - Oregon 

Alfred Reed - El Camino Real 

Jacob De Haan - Ross Roy 

Steven reineke - The Witch And The Saint 

Itaru Saika - The Seventh Night Of July


* 본 프로그램은 주최 측 사정에 따라 변경될 수 있습니다.","[プログラム]


<パート1> 

Tchaikovsky - 1812 Overture 

Tchaikovsky - Symphony No.5 4th Movement 


<パート2>

Jacob De Haan - Oregon 

Alfred Reed - エル・カミーノリアル 

Jacob De Haan - Ross Roy 

Steven reineke - The Witch And The Saint 

Itaru Saika - The Seventh Night Of July


＊「プログラム」は主催側の事情により変更されることがあります。"
하나앙상블 창단연주회,ハナアンサンブル創立演奏会
첼로가야금,チェロガヤム
경기 | 정조테마공연장,ゲーム|正祖テーマ公演場
경기도 수원시 팔달구 정조로 817 (팔달로1가),京畿道水原市パルダルチョンチョロ817（パルダロ1街）
존 윌리엄스 VS 한스 짐머,ジョン・ウィリアムズ対ハンス・ジマー
부산콘서트홀,釜山コンサートホール
부산광역시 부산진구 동평로 250 (연지동),釜山広域市釜山鎮区東平路250（ヨンジドン）
제2회 라온브라스앙상블 정기연주회 with 에릭오비에 again,第2回ラオンブラスアンサンブル定期演奏会 with エリック・オビエ again
경기 | 빌라드파넬,ゲーム|ヴィラード・パネル
경기도 용인시 처인구 백암면 박곡로 192,京畿道龍仁市チョンイングペクアムミョンパクゴク192
"꼭두, 80일간의 세계일주",コップ、80日間の世界一周
서울 | 남산골한옥마을 서울남산국악당 크라운해태홀,ソウル|南山ゴール韓屋村ソウル南山国楽堂クラウン海太ホール
서울특별시 중구 퇴계로34길 28,ソウル特別市中区退渓路34ギル28
틀려도 괜찮아,間違っても大丈夫
트라이보울 공연장 (2층),トライボウル会場（2階）
인천 연수구 인천타워대로 250,仁川研修区仁川タワー通り250
뮤지컬 <렘피카>,ミュージカル<レンピカ>
서울 | 코엑스아티움 Coex Artium,ソウル|コエックスアーティウム Coex Artium
서울특별시 강남구 영동대로 511 (삼성동),ソウル特別市江南区永洞大路511（サムソンドン）
대한민국전통춤문화제 정기공연: 권번춤 이야기,韓国伝統ダンス文化祭定期公演：クォンバーンダンスストーリー
국립국악원 예악당,国立国楽院礼楽堂
2025-2026 전남도립미술관 미디어 소장품전,2025-2026全南都立美術館メディアコレクション展
전남 | 전남도립미술관,全南|全南都立美術館
전라남도 광양시 광양읍 순광로 660,全羅南道光陽市光陽邑純光路660
"2026 경기시나위오케스트라 치유음악회 <숨, Breath> with 이두헌 밴드",2026京畿シナウィオーケストラヒーリングミュージック<息、Breath> withイ・ドゥホンバンド
경기 | 경기아트센터 대극장,ゲーム|京畿アートセンター大劇場
경기도 수원시 팔달구 효원로307번길 20,京畿道水原市パルダル区ヒョウォンロ307番ギル20
BTS 컴백 라이브: ARIRANG,BTSカムバックライブ：ARIRANG
광화문광장 특설무대,光化門広場特設ステージ
2026 대관령음악제 기획공연 강원의 사계 <봄> 김준형 피아노 리사이틀,2026大管領音楽祭企画公演江原の四季<春>キム・ジュンヒョンピアノリサイタル
강원 | 강릉아트센터 소공연장,江原|江陵アートセンター小公演場
강원특별자치도 강릉시 종합운동장길 84,江原特別自治道江陵市総合運動場道84
"2026 대한민국연극제 서울대회 참가작, K가족(금천지부)",2026大韓民国演劇祭ソウル大会参加作、K家族（金川支部）
서울 | 금천뮤지컬센터 금천예술극장,ソウル|錦川ミュージカルセンター錦川芸術劇場
서울특별시 금천구 시흥대로115길 48,ソウル特別市錦川区始興大路115ギル48
"2026 대한민국연극제 서울대회 참가작, 눈부신 그날에(중랑지부)",2026大韓民国演劇祭ソウル大会参加作、眩しいその日に（中浪支部）
서울 | 중랑구민회관 대공연장,ソウル|中浪区民会館大公演場
서울특별시 중랑구 면목로 238,ソウル特別市中南区面木路238
"더시티발레컴퍼니, WOMEN IN THE CITY",ザシティバレカンパニー、WOMEN IN THE CITY
백건우와 슈베르트,ペクゴンウとシューベルト
예술의전당 콘서트홀,芸術の殿堂コンサートホール
"통영국제음악제, 주빈 캉가: 더 사이보그 피아니스트 Ⅲ",統営国際音楽祭、ジュビン・カンガ：ザサイボーグピアニストⅢ
경남 | 통영국제음악당 블랙박스,慶南|統営国際音楽堂ブラックボックス
경상남도 통영시 큰발개1길 38 통영국제음악당,慶尚南道統営市大規模開発1ギル38統営国際音楽堂
커피콘서트 1. 홍진호 & 고상지 & 최문석: 탱고 브리즈 (Tango Breeze),コーヒーコンサート1.ホン・ジンホ＆コサンジ＆チェ・ムンソク：タンゴブリーズ（Tango Breeze）
인천 | 인천문화예술회관 소공연장,仁川|仁川文化芸術会館小公演場
인천광역시 남동구 예술로 149,仁川広域市南東区芸術路149
피아니스트 강혜윤 & 정지혜 듀오 리사이틀,ピアニストカン・ヘユン＆チョン・ヘヘデュオリサイタル
세종문화회관 세종체임버홀,世宗文化会館世宗チャンバーホール
"[PROGRAM]

F. Schubert (1797-1828)
Sonata in B-flat Major for Piano Four Hands, D. 617
I. Allegro moderato
II. Andante con moto
III. Allegretto
1st 강혜윤 2nd 정지혜

A. Dvořák (1841-1904) - Slavonic Dances
Op. 46 No. 1 in C Major – Furiant
Op. 72 No. 2 in E minor – Dumka
Op. 46 No. 8 in G minor – Furiant
1st 정지혜 2nd 강혜윤

-Intermission-

C. Debussy (1862-1918)
Petite Suite for Piano Four Hands, L. 65
I. En bateau
II. Cortège
III. Menuet
IV. Ballet
1st 강혜윤 2nd 정지혜

G. Bizet (1838-1875) - Jeux d’enfants, Op.22
I. L'Escarpolette - Rêverie
II. La Toupie - Impromptu
III. La Poupée - Berceuse
IV. Les Chevaux de bois - Scherzo
V. Le Volant - Fantaisie
VI. Trompette et Tambour - Marche
VII. Les Bulles de Savon - Rondino
VIII. Les quatre coins - Esquisse
IX. Colin-Maillard - Nocturne
X. Saute-Mouton - Caprice
XI. Petit mari, Petite femme - Duo
XII. Le Bal - Galop
1st 정지혜 2nd 강혜윤","[PROGRAM]

F. Schubert (1797-1828)
Sonata in B-flat Major for Piano Four Hands, D. 617
I. Allegro moderato
II. Andante con moto
III. Allegretto
1stカン・ヘユン2ndチョン・ヘヘ

A. Dvořák (1841-1904) - Slavonic Dances
Op. 46 No. 1 in C Major – Furiant
Op. 72 No. 2 in E minor – Dumka
Op. 46 No. 8 in G minor – Furiant
1stチョン・ヘヘ2ndカン・ヘユン

-Intermission-

C. Debussy (1862-1918)
Petite Suite for Piano Four Hands, L. 65
I. En bateau
II. Cortège
III. Menuet
IV。 Ballet
1stカン・ヘユン2ndチョン・ヘヘ

G. Bizet (1838-1875) - Jeux d’enfants, Op.22
I. L'Escarpolette - Rêverie
II. La Toupie - Impromptu
III. La Poupée - Berceuse
IV。 Les Chevaux de bois - Scherzo
V. Le Volant - Fantaisie
VI。 Trompette et Tambour - Marche
VII. Les Bulles de Savon - Rondino
VIII. Les quatre coins - Esquisse
IX。 Colin-Maillard - Nocturne
X. Saute-Mouton - Caprice
XI. Petit mari, Petite femme - デュオ
XII。 Le Bal - Galop
1stチョン・ヘヘ2ndカン・ヘユン"
"피아니스트 신대연 리사이틀: 세상에서 가장 긴 죽음, Bill Evans",ピアニスト新大連リサイタル：世界最長の死、ビル・エヴァンス
콘서트홀 나누,コンサートホールナヌ
서울특별시 마포구 망원로 66 (망원동),ソウル特別市麻浦区望遠路66（望遠洞）
"통영국제음악제, 통영페스티벌오케스트라 Ⅲ",統営国際音楽祭、統営フェスティバルオーケストラⅢ
통영국제음악당 콘서트홀,統営国際音楽堂コンサートホール
경남 통영시 큰발개1길 38,慶尚南道統営市大規模開発1ギル38
고고다이노 곤충탐험대: 고고다이노가 작아졌어요,ゴゴダイノ昆虫探検隊：ゴゴダイノが小さくなりました。
경기 | 성남아트리움,ゲーム|城南アトリウム
경기도 성남시 수정구 수정로171번길 10,京畿道城南市水晶区水路171番10
창작발레 <갓 GAT>,創作バレエ<ガットGAT>
부산 | 금정문화회관 대공연장 금빛누리홀,釜山|金正文化会館大公延長金色ヌリホール
부산광역시 금정구 체육공원로 7,釜山広域市金正区体育公園7
푸른 사자 와니니,ブルーライオンワニーニ
전북 | 익산예술의전당 대공연장,全北|益山芸術の殿堂大公演場
전북특별자치도 익산시 동서로 490,全北特別自治道益山市東西路490
인어공주,人魚姫
신세계 문화홀,新世界文化ホール
부산 해운대구 센텀남대로 35,釜山海雲台区セントムナムデ35
해설과 함께 하는 클래식 디저트 IV: 사랑,解説と一緒にクラシックデザートIV：愛
아트센터 인천 다목적홀,アートセンター仁川多目的ホール
인천 연수구 아트센터대로 222,仁川研修区アートセンター大通り222
비밥,ビバップ
경북 | 성주문화예술회관 대공연장,慶北|城州文化芸術会館大公演場
경상북도 성주군 성주읍 성산9길 45,慶尚北道城州郡城州邑城山9ギル45
어느 60대 노부부 이야기,ある60代の老夫婦の物語
을숙도문화회관 대공연장,乙淑島文化会館大公演場
부산 사하구 낙동남로1233번길 25,釜山（サハグ）ナクドンナムロ1233番ギル25
"사물놀이 몰개, 길: The Way",サムルノリモールギル、道：The Way
충북 | 충주시문화회관,忠北|忠州市文化会館
봄맞이 3디바 콘서트,春祭り3歌姫コンサート
강원 | 삼척문화예술회관 대공연장,江原|三陵文化芸術会館大公演場
강원특별자치도 삼척시 엑스포로 45,江原特別自治道サムチョク市博覧会45
지브리와 사랑에 빠지다: 지브리 영화음악 콘서트 스페셜,ジブリと恋に落ちる：ジブリ映画音楽コンサートスペシャル
경북 | 포항시청 대잠홀,慶北|浦項市役所ダザムホール
경상북도 포항시 남구 시청로 1 (대잠동),慶尚北道浦項市南区市役所1（大潜洞）
배비장전,排肥装填
서귀포예술의전당 대극장,西帰浦芸術の殿堂大劇場
제주특별자치도 서귀포시 태평로 270,済州特別自治道西帰浦市太平路270
"어린이 공연 시리즈, 키즈 시즈닝: 푸푸게노! 똥 밟았네?",子供公演シリーズ、キッズシーズニング：ププゲノ！たわごとを踏んだ？
경기 | 모두누림센터,ゲーム|みんな味わいセンター
경기도 화성시 만세구 남양읍 시청로 155,京畿道華城市万世区南陽邑市役所155
백양문화예술회관 토요콘서트: 선우정아,白陽文化芸術会館東洋コンサート：ソン・ウジョン
부산 | 백양문화예술회관,釜山|白陽文化芸術会館
부산광역시 부산진구 당감서로94번길 8 (부암동),釜山広域市釜山神宮堂鑑書路94番ギル8（釜岩洞）
"만x만한 연극 시리즈1, 뚱뚱한 로미오를 사랑한 줄리엣",万x演劇シリーズ1、太ったロミオを愛したジュリエット
충남 | 천안예술의전당 소공연장,忠南|天安芸術の殿堂小公演場
충청남도 천안시 동남구 성남면 종합휴양지로 185,忠清南道天安市東南区城南面総合リゾート地185
"리스트 x 박종훈, 순례의 해",リストxパク・ジョンフン、巡礼の年
경기 | 남양성모성지 대성당,ゲーム|南陽聖母聖地大聖堂
경기도 화성시 남양읍 남양성지로 112,京畿道華城市南陽邑南陽城路112
"뷰티풀데이 with 에릭 오비에: 파리의 숨, 한의 울림",ビューティーフルデー with エリック・オビエ: パリの息、韓の響き
인천 | 트라이보울 공연장 2층,仁川|トライボウル会場2階
인천광역시 연수구 인천타워대로 250,仁川広域市延寿区仁川タワー通り250
그때도 오늘2: 꽃신,それでも今日2：花神
세종예술의전당 대공연장,世宗芸術の殿堂大公演場
세종특별자치시 국립박물관로 21,世宗特別自治区国立博物館21
피노키오,ピノキオ
해운대문화회관 해운홀,海雲台文化会館海運ホール
부산 해운대구 양운로 97,釜山海雲台区ヤンウンロ97
내 모든 걸,私のすべて
제주특별자치도 설문대여성문화센터 공연장,済州特別自治道アンケートレンタル文化センターセンター
제주특별자치도 제주시 선덕로8길 12,済州特別自治道済州市善徳路8ギル12
어린이 서커스 쇼,子供サーカスショー
경남 | 웅상문화체육센터 공연장,慶南|ウンサン文化体育センター会場
경상남도 양산시 모래들길 57-57,慶尚南道楊山市砂道57-57
사카리 오라모 & BBC 심포니 오케스트라 with 손열음,サカリオラモ＆BBCシンフォニーオーケストラ with 手開く
백설공주,白雪姫
광주디자인센터 이벤트홀,光州デザインセンターイベントホール
광주 광산구 앰코로 35,光州光山区アンコロ35
정글북,ジャングルブック
"서울아트센터 도암 토요콘서트, PIANO 이용규 (3월)",ソウルアートセンタードアムトヨコンサート、PIANO利用規律（3月）
서울 | 서울아트센터 도암,ソウル|ソウルアートセンタードアム
서울특별시 종로구 평창문화로 70 도암,ソウル特別市鍾路区平昌文化路70ドアム
아비람 라이케르트 피아노 독주회,アビラム・ライケルト・ピアノソロ
서울 서대문구 연세로 50,ソウル西大門区延世路50
"[프로그램]

1부

베토벤, 피아노 소나타 제 1번
L.v.Beethoven, Piano Sonata No.1 in F minor, Op.2 No.1

베토벤, 피아노 소나타 제 30번
L.v.Beethoven, Piano Sonata No.30 in E Major, Op.109

슈베르트, 피아노 소나타 제 14번
F.Schubert, Piano Sonata No.14 in A minor, D.784

Intermission

쇼팽, 피아노 소나타 제 2번
F.Chopin, Piano Sonata No.2 in B Flat minor, Op.35

프랑크, 프렐류드 코랄 그리고 푸가
C.Franck, Prelude, Choral et Fugue

*연주자의 사정으로 프로그램이 변경될 수 있습니다.","[プログラム]

パート1

ベートーヴェン、ピアノソナタ第1番
L.v.Beethoven、Piano Sonata No.1 in F minor、Op.2 No.1

ベートーヴェン、ピアノソナタ第30番
L.v.Beethoven, Piano Sonata No.30 in E Major, Op.109

シュベルト、ピアノソナタ第14番
F.Schubert, Piano Sonata No.14 in A minor, D.784

Intermission

ショパン、ピアノソナタ第2番
F.Chopin, Piano Sonata No.2 in B Flat minor, Op.35

フランク、プレリュードコーラル、フーガ
C.Franck, Prelude, Choral et Fugue

*演奏者の都合でプログラムが変更されることがあります。"
소프라노 정주희 리사이틀,ソプラノチョン・ジュヒリサイタル
성동문화재단 봄바람 콘서트: Flower is Blooming,城東文化財団春風コンサート: Flower is Blooming
서울 | 소월아트홀 성동문화회관,ソウル|ソウォルアートホール城東文化会館
서울특별시 성동구 왕십리로 281,ソウル特別市城東区王十里路281
서리풀 고음악 시리즈 &lt;Bach in Blue&gt;,サリプール高音楽シリーズ &lt;Bach in Blue&gt;
서울 | 반포심산아트홀,ソウル|バンポシムサンアートホール
수원시립공연단 제29회 정기공연 연극 <십번기>,水原市立公演団第29回定期公演演劇<十番機>
슈퍼거북 슈퍼토끼,スーパーカメスーパーウサギ
서울 | 더 서울라이티움 (갤러리아포레) G층 전용관,ソウル|ザソウルライティウム（ギャラリアフォーレ）G階専用館
서울특별시 성동구 서울숲2길 32-14,ソウル特別市城東区ソウル森2ギル32-14
경기 | 고양어울림누리 별모래극장,ゲーム|高陽オウリムヌリ星砂劇場
경기도 고양시 덕양구 어울림로 33,京畿道高陽市徳陽区オウリムロ33
Recuerdo: 어느 날의 기억,Recuerdo: ある日の記憶
서울 | 아르떼 스튜디오,ソウル|アルテスタジオ
서울특별시 성동구 광나루로 238 (성수동2가),ソウル特別市城東区光ナルロ238（城水洞2街）
사의 찬미,社の賛美
경남 | 김해서부문화센터 하늬홀,慶南|金海部文化センターハーバーホール
경상남도 김해시 율하2로 210,慶尚南道金海市ユルハ2ロ210
응답하라 군포 1980's: 우리가 청춘이었던 그 봄,応答せよ 軍浦 1980's: 私たちが青春だったその春
경기 | 군포문화예술회관 철쭉홀,ゲーム|郡浦文化芸術会館ツツジホール
경기도 군포시 고산로 599,京畿道郡浦市高山路599
흥부와 놀부,興部とノルブ
검단복지회관 공연장(대강당),検団福祉会館公演会場（大講堂）
인천 서구 완정로92번길 18,仁川西区ワンジョン路92番ギル18
전설의 황금미역,伝説の黄金わかめ
부산 | 동래문화회관 대극장,釜山|東レ文化会館大劇場
부산광역시 동래구 문화로 80,釜山広域市東レ区文化路80
"아츠스프링 대구 페스티벌, 김성배 퀸텟 Ⅱ",アーツスプリング大邱フェスティバル、キム・ソンベクイーンテットⅡ
대구문화예술회관 비슬홀,大邱文化芸術会館ビスホール
대구 달서구 공원순환로 201,大邱ダルソグ公園循環路201
"제3회 MY드림페스티벌, 우주매직쇼",第3回MYドリームフェスティバル、宇宙マジックショー
경남 | 밀양아리랑아트센터 대공연장,慶南|密陽アリランアートセンター大公演場
The Move Cello Quartet 더 무브 첼로 콰르텟,The Move Cello Quartet ザ・ムーヴチェロ・クアルテット
서울 | 갤러리 디 아르테 청담,ソウル|ギャラリーディアルテ清潭
"서울특별시 강남구 영동대로131길 14 (청담동, 청담동테라스)",ソウル特別市江南区永洞大路131ギル14（清潭洞、清潭洞テラス）
DAY6 10th Anniversary Tour: The DECADE,DAY6 10th Anniversary Tour: The DECADE
대전 | 대전컨벤션센터(DCC) 제2전시장,大田|大田コンベンションセンター（DCC）第2展示場
대전광역시 유성구 엑스포로 87,大田広域市儒城区エキスポロ87
오류아트홀 신춘음악회: 봄의 멜로디,エラーアートホール新春音楽会：春のメロディー
연극 <리어왕외전>,演劇<リア王外展>
서울 | 국립극장 하늘극장,ソウル|国立劇場空劇場
서울특별시 중구 장충단로 59,ソウル特別市中区チャンチョンダンロ59
이지영 바이올린 독주회,イ・ジヨンバイオリンソロ
"월간 다온 스테이지 - 3월, 라곰 플루트 아티스트 앙상블",月刊ダオンステージ - 3月、ラゴムフルートアーティストアンサンブル
서울 | 문화공간 스페이스다온,ソウル|文化空間スペースダオン
서울특별시 송파구 송파대로 111,ソウル特別市松坡区松坡大路111
경기필 마스터피스 시리즈 II <라흐마니노프 교향곡 2번>,マッチフィルマスターピースシリーズII <ラフマニノフ交響曲第2番>
"금호영재콘서트, 김시언 첼로 독주회",クムホヨンジェコンサート、キム・シオンチェロソロ
"[PROGRAM]

 
György Ligeti 죄르지 리게티
첼로 독주를 위한 소나타
Sonata for Solo Cello
Dialogo. Adagio, rubato, cantabile
Capriccio. Presto con slancio

 
드미트리 쇼스타코비치 Dmitry Shostakovich
첼로와 피아노를 위한 소나타 d단조, Op.40
Sonata for Cello and Piano in d minor, Op.40
Allegro non troppo
Allegro
Largo
Allegro

 
I N T E R M I S S I O N


로베르트 슈만 Robert Schumann
첼로와 피아노를 위한 아다지오와 알레그로 A-flat장조, Op.70
Adagio and Allegro for Cello and Piano in A-flat Major, Op.70
Adagio. Langsam, mit innigem Ausdruck
Allegro. Rasch und feurig – Etwas ruhigert – Tempo I

 
표트르 일리치 차이콥스키 Pyotr Il’yich Tchaikovsky
첼로와 피아노를 위한 로코코 주제에 의한 변주곡 A장조, Op.33
Variations on a Rococo Theme for Cello and Piano in A Major, Op.33
Introduction & Theme. Moderato semplice
Var.I Tempo del Tema
Var.II Tempo del Tema
Var.III Andante sostenuto
Var.IV Andante grazioso
Var.V Allegro moderato
Var.VI Andante
Var.VII and Coda. Allegro vivo","[PROGRAM]

 
György Ligeti 罪のないリゲティ
チェロソロのためのソナタ
Sonata for Solo Cello
Dialogo。 Adagio, rubato, cantabile
Capriccio。 Presto con slancio

 
ドミトリーショスタコビーチDmitry Shostakovich
チェロとピアノのためのソナタd鍛造、Op.40
Sonota for Cello and Piano in d minor, Op.40
Allegro non troppo
Allegro
Largo
Allegro

 
I N T E R M I S S I O N


ロベルトシューマンRobert Schumann
チェロとピアノのためのアダジオとアレグロA-flat長調、Op.70
Adagio and Allegro for Cello and Piano in A-flat Major, Op.70
Adagio。 Langsam, mit innigem Ausdruck
Allegro。 Rasch und feurig – Etwas ruhigert – Tempo I

 
ピョートル・イリッチ・チャイコフスキー Pyotr Il’yich Tchaikovsky
チェロとピアノのためのロココテーマによる変奏曲A長調、Op.33
Variations on a Rococo Theme for Cello and Piano in A Major, Op.33
Introduction & Theme. Moderato semplice
Var.I Tempo del Tema
Var.II Tempo del Tema
Var.III Andante sostenuto
Var.IV Andante grazioso
Var.V Allegro moderato
Var.VI Andante
Var.VIIとCoda。 Allegro vivo"
구미호 식당,亀尾湖レストラン
여우별아트홀,キツネ星アートホール
대구광역시 중구 동성로3길 35 (삼덕동1가),大邱広域市中区東城路3道35（三徳洞1街）
가족극 <Please Right Back>,家族劇<Please Right Back>
경기 | 경기아트센터 소극장,ゲーム|京畿アートセンター小劇場
제6회 창원신춘가곡제: 우리 가곡으로 만나는 사계,第6回昌原新春歌曲制：私たちの歌曲で会う四季
성산아트홀 대극장,城山アートホール大劇場
경남 창원시 성산구 중앙대로 181,慶南昌原市城山区中央大路181
제96회 바로크와 현대가곡 연구회 정기연주회,第96回バロックと現代歌曲研究会定期演奏会
"[PROGRAM]

Soprano 최윤정
Laudate pueri Dominum RV 601
I. Laudate pueri
VII. Gloria Patri
VIII. Sicut erat
IX. Amen

Soprano 조주현
All’ombra di sospetto RV 678
1. Recitativo – All’ombra di sospetto
2. Aria – Avvezzo non è il core
3. Recitativo – Oh quanti amanti, oh quanti
4. Aria – Mentiti contenti son veri tormenti

Mezzo-soprano 최승윤
Filiae maestae Jerusalem RV 638
II. Largo

Soprano 마은비
O qui coeli terraeque serenitas RV 631
I. Aria – O qui coeli
IV. Alleluia

Soprano 강종희
Nulla in mundo pax sincera RV 630 (E major)

Mezzo-soprano 신민정
Sposa son disprezzata (Bajazet) RV 703

Soprano 도희선 / Mezzo-soprano 김민지
Gloria in D major RV 589 – Laudamus te

Soprano 도희선
Gloria in D major RV 589 – Domine Deus

Mezzo-soprano 김민지
Cessate, omai cessate RV 684","[PROGRAM]

ソプラノチェ・ユンジョン
Laudate pueri Dominum RV 601
I. Laudate pueri
VII. Gloria Patri
VIII.シカットエラット
IX。 Amen

Soprano チョ・ジュヒョン
All’ombra di sospetto RV 678
1. Recitativo – All’ombra di sospetto
2. Aria – Avvezzo non è il core
3. Recitativo – Oh quanti amanti, oh quanti
4. Aria – Mentiti contenti son veri tormenti

Mezzo-sopranoチェ・スンユン
Filiae maestae Jerusalem RV 638
II. Largo

Soprano マウンビー
O qui coeli terraeque serenitas RV 631
I. Aria – O qui coeli
IV。 Alleluia

Soprano カン・ジョンヒ
Nulla in mundo pax sincera RV 630 (E major)

Mezzo-sopranoシン・ミンジョン
Sposa son disprezzata (Bajazet) RV 703

ソプラノドヒソン/メズーソプラノキム・ミンジ
Gloria in D major RV 589 – Laudamus te

ソプラノ東禅線
Gloria in D major RV 589 – Domine Deus

Mezzo-sopranoキム・ミンジ
セサート、おまいセサートRV 684"
"춤의 정경, The Body Writes: 춤_이음",ダンスの情景、The Body Writes: ダンス_継ぎ目
경기 | 경기국악원 국악당,ゲーム|京畿国楽院国楽党
경기도 용인시 기흥구 민속촌로 89,京畿道龍仁市ギフン区民俗村路89
"제 2회 심야연극제 ＃09: 우리, 어쩌려고",第2回深夜演劇祭＃09：私たち、どうしようか
서울 | 나인진홀,ソウル|ナインジンホール
제26회 국민일보 영산아트홀 신인음악회,第26回国民日報永山アートホール新人音楽会
서울 | 영산아트홀,ソウル|ヨンサンアートホール
"제122회 군산시립합창단 정기 연주회: The Barton Series Ⅱ. 지휘자 프로젝트, 봄이 오는 소리: 바람 사랑 꽃 희망의 노래",第122回群山市立合唱団定期演奏会：The Barton SeriesⅡ。指揮者プロジェクト、春が来る音：風の愛の花の希望の歌
군산예술의전당 소공연장,群山芸術の殿堂小公演場
전북 군산시 백토로 203,全北群山市白トロ203
"가객 김나리의 시대정가, 시와 시조 사이의 노래 Ⅱ",歌客キム・ナリの時代定価、市と四条の間の歌Ⅱ
국립국악원 우면당,国立国楽院ウ・ミョンダン
국립남도국악원 토요상설: 국악이 좋다,国立南道国楽院東洋常設：国楽が良い
전남 | 국립남도국악원 진악당,全南|国立南道国楽院ジナク党
전라남도 진도군 임회면 진도대로 3818,全羅南道珍島郡臨会面ジンドデ3818
애니메이션 OST 오케스트라 콘서트 with 버튜버,アニメOSTオーケストラコンサート with バチューバ
서울 | 고려대학교 인촌기념관,ソウル|高麗大学人村記念館
서울특별시 성북구 안암로 145 (안암동5가),ソウル特別市城北区安岩路145（安岩洞5街）
"최용근 개인전 ""아리랑"" 희망을 품다",チェ・ヨングン個人展「アリラン」希望を抱く
강원 | 갤러리 원,江原|ギャラリーワン
서울특별시 종로구 팔판길 1-12,ソウル特別市鍾路区パルパンギル1-12
지브리 & 디즈니 오케스트라 콘서트,ジブリ＆ディズニーオーケストラコンサート
서울 | 연세대학교 대강당,ソウル|延世大学大講堂
MelON 디즈니+지브리 오케스트라 콘서트 VOLUME 2,MelONディズニー+ジブリオーケストラコンサートVOLUME 2
"｢푸른눈의 연서(戀書) – 100년 전 판화, 오늘의 한복으로 피어나다｣ 展",｢青い目の戀書 - 100年前版画、今日の韓服で咲く｣展
전남 | 순천창작예술촌 장안창작마당,全南|順天創作芸術村長安創作庭
전라남도 순천시 금곡길 43,全羅南道順天市金谷道43
덩덕쿵별쿵 어린왕자,トンドククンクン若い王子
서울 | 노원어린이극장 구.노원어울림극장,ソウル|ノウォン子供劇場区。
서울특별시 노원구 노해로 502,ソウル特別市 ノウォン区ノヘロ 502
뱃사공 단독콘서트: 리얼엠씨,盗撮単独コンサート：リアルエムシー
예스24 원더로크홀,イエス24ワンダーロックホール
서울특별시 서대문구 신촌로 129 (창천동),ソウル特別市西大門区新村路129（昌川洞）
맥베스 리포트 쇼,マクベスレポートショー
연희예술극장,ヨンヒ芸術劇場
서울특별시 서대문구 연희맛로 2-3 (연희동),ソウル特別市西大門区ヨンヒ味で2-3（ヨンヒドン）
불냥한 녀인들,怒っている女性
한홀 소극장,ハンホール小劇場
경기도 하남시 신장로 58(천현동),京畿道河南市新長路58（チョンヒョンドン）
그랜드필하모닉오케스트라 & 백건우,グランドフィルハーモニーオーケストラ＆ペクゴンウ
충북 | 제천예술의전당,忠北|済川芸術の殿堂
충청북도 제천시 동명로 77 (명동),忠清北道済川市東明路77（明洞）
방귀쟁이 며느리,おならの嫁
대백프라자 레오문화홀,大白プラザレオ文化ホール
대구 중구 명덕로 333,大邱中区明徳路333
제219회 성남시립교향악단 정기연주회,第219回城南市立交響楽団定期演奏会
경기 | 성남아트센터 콘서트홀,ゲーム|城南アートセンターコンサートホール
경기도 성남시,京畿道城南市
"통영국제음악제, 카운터테너 야쿠프 유제프 오를린스키 리사이틀",統営国際音楽祭、カウンターテナーヤクフ・ユジェフ・オルリンスキー・リサイタル
"통영국제음악제, 하델리히와 친구들",統営国際音楽祭、ハデリヒと友達
"통영국제음악제, 일 자르디노 아르모니코 with 안나 프로하스카",統営国際音楽祭、イル・ジャルディーノ・アルモニコ with アンナ・プロハスカ
"통영국제음악제, 박수예 바이올린 리사이틀",統営国際音楽祭、拍手、バイオリンリサイタル
경남 | 통영국제음악당 콘서트홀,慶南|統営国際音楽堂コンサートホール
경상남도 통영시 큰발개1길 38,慶尚南道統営市の大発展1ギル38
"통영국제음악제, 루카스 & 아르투르 유센 듀오 리사이틀",統営国際音楽祭、ルーカス＆アルトゥールユーセンデュオリサイタル
"통영국제음악제, 경기필하모닉오케스트라 with 김선욱",統営国際音楽祭、試合フィルハーモニー管弦楽団
"대전시립교향악단 마스터즈 시리즈 3, 바그너 교향곡 다장조",大田市立交響楽団マスターズシリーズ3、ワーグナー交響曲多長調
대전예술의전당 아트홀,大田芸術の殿堂アートホール
대전광역시 서구 둔산대로 135,大田広域市西区斗山大路135
"문학비평 활성화 특별전시 [쓰는 독자, 읽는 비평가 - 당신은 어떤 독자인가요?]",文学批評活性化特別展示 [書く読者、読む批評家 - あなたはどんな読者ですか？]
전남 | 한국문화예술위원회,全南|韓国文化芸術委員会
전라남도 나주시 빛가람로 640,全羅南道ナジュ市光ガラムロ640
2026 서울시향 우리동네(실내악) : 나루아트센터,2026ソウル市郷ウリ近所（室内楽）：ナルアートセンター
서울 | 나루아트센터 대공연장,ソウル|ナルアートセンター大公演場
서울특별시 광진구 능동로 76,ソウル特別市光津区能洞路76
2026 서울시향 우리동네(실내악) : 정동제일교회,2026ソウル市郷ウリドンネ（室内楽）：チョンドン第一教会
서울 | 정동제일교회,ソウル|チョンドン第一教会
서울특별시 중구 정동길 46,ソウル特別市中区チョンドンギル46
2026 서울시향 체임버 클래식스 II: 슬라브,2026ソウルシヒャンチェンバークラシックスII：スラブ
서울 | 세종문화회관 세종체임버홀,ソウル|世宗文化会館世宗チャンバーホール
서울특별시 종로구 세종대로 175,ソウル特別市鍾路区世宗大路175
2026 제주국제관악제 봄 시즌,2026済州国際管楽祭春シーズン
제주 | 제주특별자치도문예회관,済州|済州特別自治道文芸会館
제주특별자치도 제주시 일도이동 854-9,済州特別自治道済州市イルドドン854-9
2026 제주국제관악제 봄 시즌 개막공연,2026済州国際管楽祭春シーズン開幕公演
콩나물의 노래,もやしの歌
서울 | 더 씨어터,ソウル|ザシアター
서울특별시 종로구 대학로3길 10 (효제동) 고운빌딩,ソウル特別市鍾路区大学路3ギル10（ヒョジェドン）ゴウンビル
"제199회 대전시립연정국악단 정기공연, 신춘음악회: 청춘",第199回大田市立連盟国楽団定期公演、新春音楽会：青春
대전시립연정국악원 큰마당,大田市立連盟国楽院大庭
대전 서구 둔산대로 135,大田西区鈍山大路135
Rode Joint Recital ＃9,Rode Joint Recital #9
"제3회 MY드림페스티벌: 춤추는 나무 인형, 피노키오",第3回MYドリームフェスティバル：踊る木人形、ピノキオ
경남 | 밀양아리랑아트센터 소공연장,慶南|密陽アリランアートセンター小公演場
경상남도 밀양시 밀양대공원로 112,慶尚南道密陽市密陽大公園112
이혜정 바이올린 독주회,イ・ヘジョンバイオリンソロ
거암아트홀,巨岩アートホール
서울특별시 강남구 강남대로 652(신사동),ソウル特別市江南区江南大路652(新沙洞)
"이영신 피아노 독주회: Ludwig van Beethoven, 1826!",イ・ヨンシンピアノソロ：Ludwig van Beethoven、1826！
"[Program]

Ludwig van Beethoven, 1826!
L. v. Beethoven (1770-1827)
Piano Sonata No. 22 in F Major, Op. 54
In tempo d’un Menuetto
Allegretto- Più Allegro

Piano Sonata No. 21 in C Major, Op. 53 ‘Waldstein’
Allegro con brio
Adagio molto
Rondo. Allegretto moderato- Prestissimo

-Intermssion-

Piano Sonata No. 24 in F# Major, Op. 78
Adagio cantabile- Allegro ma non troppo
Allegro vivace

Piano Sonata No. 25 in G Major, Op. 79
Presto alla tedesca
Andante
Vivace

Piano Sonata No. 23 in f minor, Op. 57 ‘Appassionata’
Allegro assai
Andante con moto
Allegro ma non troppo- Presto","[Program]

Ludwig van Beethoven、1826！
L. v. Beethoven (1770-1827)
ピアノソナタNo. 22 in F Major, Op. 54
In tempo d’un Menuetto
Allegretto- Più Allegro

ピアノソナタNo. 21 in C Major, Op. 53 ‘Waldstein’
Allegro con brio
Adagio molto
ロンド。 Allegretto moderato- Prestissimo

-Intermssion-

ピアノソナタNo. 24 in F＃Major、Op。 78
Adagio cantabile- Allegro ma non troppo
Allegro vivace

ピアノソナタNo. 25 in G Major, Op. 79
Presto alla tedesca
Andante
Vivace

ピアノソナタNo. 23 in f minor, Op. 57 「Appassionata」
Allegro assai
Andante con moto
Allegro ma non troppo- Presto"
"울산시립무용단 기획공연: 굿, 굿, 굿",蔚山市立舞踊団企画公演：グッド、グッド、グッド
울산문화예술회관 소공연장,蔚山文化芸術会館小公演場
울산 남구 번영로 200,蔚山南区繁栄路200
재능 혜화 마티네,才能ヘファマティーネ
JCC 아트센터 콘서트홀,JCCアートセンターコンサートホール
서울 종로구 창경궁로35길 29,ソウル鍾路区昌慶宮路35ギル29
"이정빈 개인전 <드는 것, 나는 것 그리고 곁 The Passing, Standing By>","イ・ジョンビン個展<持ち上がるもの、私のものとそば The Passing, Standing By>"
서울 | 16아카이브,ソウル| 16アーカイブ
서울특별시 중구 퇴계로45길 31-15,ソウル特別市中区退渓路45ギル31-15
김종희 귀국 오보에 독주회,キム・ジョンヒ帰国オーボエソロ
예술의전당 리사이틀홀,芸術の殿堂リサイタルホール
"김준희 피아노 독주회: 봄밤, 베토벤",キム・ジュンヒピアノソロ：春の夜、ベートーヴェン
김수영 피아노 독주회,キム・スヨンピアノソロ
"[PROGRAM]

C. Debussy
Préludes, Book I
No. 8 La fille aux cheveux de lin
No.7 Ce qu'a vu le vent d'ouest

L.v. Beethoven
Piano Sonata No.23 in f minor, Op.57 “Appassionata”

(Intermission)

F. Chopin
Mazurkas, Op.24

F. Chopin
Ballade No.1 in g minor, Op.23

H.Dutilleux
Piano Sonata III. Choral et Variations","[PROGRAM]

C. Debussy
Préludes, Book I
No. 8 La fille aux cheveux de lin
No.7 Ce qu'a vu le vent d'ouest

L.v. Beethoven
Piano Sonata No.23 in f minor, Op.57 「Appassionata」

(Intermission)

F. Chopin
Mazurkas, Op.24

F. Chopin
Ballade No.1 in g minor, Op.23

H.Dutilleux
ピアノソナタIII。 Choral et Variations"
경기도미술관 20주년《흐르고 쌓이는》,京畿道美術館20周年《流れて積もる》
경기 | 경기도미술관,ゲーム|京畿道美術館
경기도 안산시 단원구 동산로 268,京畿道安山市丹原区東山路268
김정문화회관 기획공연 토요일 토요일은 클래식 vol2. 서귀포합창단,金正文化会館企画公演土曜日土曜日はクラシックvol2。西帰浦合唱団
제주 | 김정문화회관,済州|金正文化会館
제주특별자치도 서귀포시 김정문화로 32,済州特別自治道西帰浦市金正文化路32
김정문화회관 기획공연 토요일 토요일은 클래식 vol1. 서귀포관악단,金正文化会館企画公演土曜日土曜日はクラシックvol1。西帰浦管楽団
제62회 성남시립소년소녀합창단 정기연주회: The Sound of Spring,第62回城南市立少年少女合唱団定期演奏会：The Sound of Spring
성남아트센터 콘서트홀,城南アートセンターコンサートホール
경기 성남시 분당구 성남대로 808,京畿道城南市盆唐区城南大路808
"[PROGRAM]
◯ 봄의 노래
- 봄(바이올린 협연 여은혜) ------------------- Antonio Vivaldi
- 숭어(바이올린 협연 여은혜) ----------------- Franz Schubert
- 즐거운 웃음 --------------------- Alfred Thomas Müller
- 합창폴카 ---------------------------- Johann Strauss
- 트리츠트라츠 폴카 --------------------- Johann Strauss

◯ 특별출연(마림바 이신국)
- Exciting Monday
- Serenade for marimba
- She has a beautiful smile

○ 즐거운 노래
- 처음 불렀던 그 노래 ------------------------ arr.백현주
- 도라지 꽃 ---------------------------------- 박지훈
- 진달래(곡중 slol 노윤서) ------------------------- 정애련
- 꽃구름 속에(바이올린 협연 여은혜) ------------------ 조성은

○ 특별출연(싱어송라이터 신디)
- Crocodile
- Peace Song
- Broken Couch
- Lion

○ 놀이 동요
- 두꺼비 문지기 ---------------------------- 이기경
- 무궁화꽃이 피었습니다 --------------------- 정애련
- 아리랑 모음곡 ---------------------------- 이선택","[PROGRAM]
◯春の歌
- 春（バイオリン共演ヨ・ウンヘ） ------------------- Antonio Vivaldi
- 猿（ヴァイオリン共演ヨ・ウンヘ） ----------------- Franz Schubert
- 楽しい笑い --------------------- Alfred Thomas Müller
- 合唱ポルカ---------------------------- Johann Strauss
- トリツトラツ ポルカ --------------------- Johann Strauss

◯特別出演（マリンバ・イ・シングク）
- Exciting Monday
- Serenade for marimba
- She has a beautiful smile

○楽しい曲
- 初めて歌ったその歌------------------------ arr.ペク・ヒョンジュ
- ドラジの花 ---------------------------------- パク・ジフン
- シャクナゲ（曲中slolノユンソ） -------------------------チョン・エリョン
- 花雲の中に（ヴァイオリン協演ヨ・ウンヘ）--------------------

○特別出演（シンガーソングライターシンセ）
- Crocodile
- Peace Song
- Broken Couch
- Lion

○遊び揺れ
- ヒキガエルのこする----------------------------イ・ギギョン
- ムグン花が咲きました ---------------------チョン・エリョン
- アリラン母音曲----------------------------イ選択"
제179회 두레콘서트,第179回ドゥレコンサート
고양아람누리 새라새극장,高陽アラムヌリサラ鳥劇場
경기 고양시 일산동구 중앙로 1286,京畿道高陽市一山東区中央路1286
제102회 순천시립합창단 정기연주회: 모차르트의 빛과 어둠,第102回順天市立合唱団定期演奏会：モーツァルトの光と闇
순천문화예술회관 대극장,順天文化芸術会館大劇場
전남 순천시 삼산로 16,全南順天市三山路16
"[PROGRAM]
[1부] 모차르트의 빛
▪솔로[20’]
⦁오페라 마술피리 中
⦁오페라 돈 조반니 中
⦁오페라 피가로의 결혼 中

▪ 중창[20’]
⦁오페라 마술피리 中
⦁오페라 코지 판 투테 中
⦁오페라 돈 조반니 中

▪ 중간휴식

[2부] 모차르트의 어둠
▪ 진혼곡
Ⅰ. Introitus
Ⅱ. Kyrie
Ⅲ. Sequenz
Ⅳ. Offertorium
Ⅴ. Sanctus
Ⅵ. Benedictus
Ⅶ. Agnus Dei
Ⅷ. Communio","[PROGRAM]
[パート1]モーツァルトの光
▪ソロ[20’]
⦁オペラマジックフルート中
⦁オペラドンジョバンニ中
⦁オペラフィガロの結婚中

▪中昌[20’]
⦁オペラマジックフルート中
⦁オペラコージーパンツーテ中
⦁オペラドンジョバンニ中

▪中間休憩

[パート2]モーツァルトの闇
▪ジンホンソク
Ⅰ。 Introitus
Ⅱ。キリー
Ⅲ。 Sequenz
Ⅳ。 Offertorium
Ⅴ。 Sanctus
Ⅵ。 Benedictus
Ⅶ。 Agnus Dei
Ⅷ。 Communio"
제29회 양금연주회,第29回養禁演奏会
제23회 합창단 음악이있는마을 정기연주회,第23回合唱団音楽がある村定期演奏会
"[공연소개]

합창단 음악이있는마을은 ‘한국어의 아름다움을 합창으로 그리고 세계로’의 정신으로 한국 합창음악을 개발하고 보급하며 세계적인 합창단으로 성장하고자 이강숙 초대단장(한국예술종합학교 초대총장 역임)을 중심으로 1996년 창단하였다. 현재는 이건용 2대 단장(전 한국예술종합학교 총장), 홍승찬 기획감독(예술경영, 한국예술종합학교 교수), 홍준철 음악감독(전 성공회대학교 대우교수), 김홍수 지휘자(현 한국예술종합학교 지휘과 교수) 등의 음악진과 60여 명의 단원이 활동하고 있다. 총 22회의 정기연주와 다양한 협연 및 합동공연을 통해 한국의 합창음악을 널리 보급하는데 힘쓰고 있고, 제23회 정기연주회를 통해 김준범 작곡가의 칸타타 ‘삼신할매 실종사건’ 및 다양한 창작합창곡을 발표할 예정이다.


[PROGRAM]

김준범

더불어 숲
쉬잇!
첫눈 오는 날 만나자
새야새야
묏버들 가려 꺾어
가시리

Intermission

칸타타 ‘삼신할매 실종사건’
1. 사라진 삼신할매
2. 신이 없는 세상
3. 서쪽으로
4. 삼도천 낯선 기와집
5. 담장 너머
6. 하지만, 우리는
7. 한바탕 꽃길을","【公演紹介】

合唱団の音楽がある村は「韓国語の美しさを合唱と世界へ」の精神で韓国合唱音楽を開発し普及し、世界的な合唱団に成長しようとする李江淑初代団長（韓国芸術総合学校初代総長役員）を中心に１９９６年に創立した。現在はイ・ゴンヨン2大団長(元韓国芸術総合学校総長)、ホン・スンチャン企画監督(芸術経営、韓国芸術総合学校教授)、ホン・ジュンチョル音楽監督(元成功会大学大宇教授)、キム・ホンス指揮者(現韓国芸術総合学校指揮課教授)などの音楽陣科60計22回の定期演奏と多様な協演及び合同公演を通じて韓国の合唱音楽を広く普及することに力を入れており、第23回定期演奏会を通じてキム・ジュンボム作曲家のカンタタ「三神ハルメ失踪事件」および多様な創作合唱曲を発表する予定だ。


[PROGRAM]

キム・ジュンボム

一緒に森
シイット！
初雪の日に会おう
サヤサヤ
マントを隠す
ガシリ

Intermission

カンタタ「三信ハルメ失踪事件」
1.消えたサムシンハルメ
2. 神のない世界
3. 西へ
4. 三島川見知らぬ瓦屋
5. フェンスを越えて
6. しかし、私たちは
7. ハンバタン花道"
"제12회 무죽페스티벌, 호모사케르",第12回無竹フェスティバル、ホモサケル
극장 동국,劇場東国
서울특별시 종로구 창경궁로 259,ソウル特別市鍾路区昌慶宮路259
제335회 부천필하모닉오케스트라 정기연주회: Romeo & Juliet,第335回富川フィルハーモニーオーケストラ定期演奏会：Romeo＆Juliet
"제83회 목포시립합창단 정기연주회: B to B, Beyond (바흐에서 브람스로, 그리고 우리에게)",第83回木浦市立合唱団定期演奏会：B to B、Beyond（バッハからブラームスへ、そして私たちへ）
목포시민문화체육센터 소공연장,木浦市民文化体育センター小公演場
전남 목포시 부주로 312,全南木浦市ブジュロ312
"[공연소개]
봄길 위에서 음악이라는 언어로 쓰인, 가장 아름다운 역사책을 펼치며
-독창의 고백이 합창의 울림으로… 위대한 유산을 잇는 특별한 여정-

바흐, 베토벤, 브람스...그리고 슈베르트와 슈만.
이름만으로도 가슴 뛰는 거장들의 음악이 따뜻한 봄바람을 타고 목포에 도착했습니다.
이번 공연은 누군가 홀로 조용히 부르던 아름다운 '독일 예술가곡'이, 목포시립합창단이 빚어내는 섬세한 하모니로 다시 피어나는 특별한 무대입니다.
황지희 객원지휘자의 친절한 해설을 따라 낭만의 숲을 걷다 보면, 음악은 어느새 우리의 기다림과 설렘을 담은 초연곡 '목포역'에 다다릅니다. 
종착역이 아닌 '설렘의 시작점'에서, 하늘로 날아오르는 열차와 별자리가 된 다도해의 풍경을 합창으로 경험해 보시길 바랍니다.","【公演紹介】
春の道の上で音楽という言語で書かれた、最も美しい歴史本を広げて
-独創の告白が合唱の響きで…偉大な遺産をつなぐ特別な旅-

バッハ、ベートーヴェン、ブラームス…そしてシューベルトとシューマン。
名前だけでも胸を走る巨匠たちの音楽が暖かい春風に乗って木浦に到着しました。
今回の公演は誰か一人で静かに歌っていた美しい「ドイツ芸術歌曲」が、木浦市立合唱団が醸し出す繊細なハーモニーで再び咲く特別な舞台です。
ファン・ジヒ客員指揮者の親切な解説に沿ってロマンの森を歩いてみると、音楽はいつの間にか私たちの待ち時間とときめきを込めた超連曲「木浦駅」に違います。 
終着駅ではなく「ときめきの始点」で、空に飛び立つ列車と星座になった茶道海の風景を合唱で体験してください。"
제147회 광주시립소년소녀합창단 정기공연: 미라클 (Miracle),第147回光州市立少年少女合唱団定期公演：ミラクル（Miracle）
김보책 (Korean Woyzeck),キム・ボブック (Korean Woyzeck)
원본은 없다 버전 투,オリジナルはありませんバージョン
자네는 왜 그리 굉장히 기다란 담뱃대로 담배를 피이나,あなたはなぜそれほど凄いタバコのようにタバコを吸うのですか
두산아트센터 Space111,Doosan Art Center Space111
서울 종로구 종로33길 15,ソウル鍾路区鍾路33ギル15
오프코스랜딩,オフコースランディング
서울 | 소극장 혜화당 구. 까망소극장,ソウル|小劇場ヘファダン区。黒望劇場
"왕초보를 위한 천원의 오페라, 오페라 갈라 콘서트: 봄 (Spring)",王初歩きのための天元のオペラ、オペラガラコンサート：春（Spring）
THE JUNGLE (앵콜),THE JUNGLE(アンコール)
삐삐: 기억을 담는 작은 상자,ピピ：記憶を入れる小さな箱
서울 | 대학로 마로니에소극장 플레이더씨어터,ソウル|大学路マロニエ小劇場プレーダーシアター
서울특별시 종로구 동숭길 50 (동숭동),ソウル特別市鍾路区洞窟道50
제139회 목포시립교향악단 정기연주회,第139回木浦市立交響楽団定期演奏会
전남 | 목포시민문화체육센터 대공연장,全南|木浦市民文化体育センター大公演場
더 마스터즈: 이자하 바이올린 리사이틀,ザマスターズ：イザハバイオリンリサイタル
대구 | 대구콘서트하우스 챔버홀 소공연장,大邱大邱コンサートハウスチャンバーホール小公演場
대구광역시 중구 태평로 141,大邱広域市中区太平路141
대전시립합창단 어린이 음악회: 콩쥐팥쥐,大田市立合唱団子ども音楽会：コングジュ
대전예술의전당 앙상블홀,大田芸術の殿堂アンサンブルホール
히스토리 보이즈,ヒストリーボーイズ
서울 | 링크아트센터 페이코홀,ソウル|リンクアートセンターフェイコホール
서울특별시 종로구 대학로14길 29,ソウル特別市鍾路区大学路14ギル29
춘식이의 봄' 김원근 개인전,春食の春」キム・ウォングン個人展
부산 | 갤러리마레,釜山|ギャラリーマーレ
부산광역시 해운대구 해운대해변로 296,釜山広域市海雲台区海雲台ビーチ296
바리톤 한경석 독창회,バリトンハンギョンソク独創会
"[PROGRAM]
R. Schumann (1810-1856)
Dichterliebe, Op.48
1. Im wunderschönen Monat Mai
2. Aus meinen Tränen sprießen
3. Die Rose, die Lilie, die Taube, die Sonne
4. Wenn ich in deine Augen seh
5. Ich will meine Seele tauchen
6. Im Rhein, im heiligen Strome
7. Ich grolle nicht
8. Und wüßten's die Blumen, die kleinen
9. Das ist ein Flöten und Geigen
10. Hör' ich das Liedchen klingen
11. Ein Jüngling liebt ein Mädchen
12. Am leuchtenden Sommermorgen
13. Ich hab' im Traum geweinet
14. Allnächtlich im Traume
15. Aus alten Märchen
16. Die alten, bösen Lieder

INTERMISSION

P. I. Tchaikovsky (1840-1893)
Средь шумного бала Op.38, No.3
Нам звезды кроткие сияли
Op.60, No.12
Серенада Дон-Жуана Op.38, No.1

S. Rachmaninov (1873-1943)
Дитя! Как цветок, ты прекрасна Op.8, No.2
На смерть чижика Op.21, No.4
Не пой, красавица! Op.4, No.4

R. Quilter (1877-1953)
3 Shakespeare Songs, Op.6
1. Come Away, Death
2. O Mistress Mine
3. Blow, Blow, Thou Winter Wind","[PROGRAM]
R. Schumann (1810-1856)
Dichterliebe, Op.48
1. Im wunderschönen Monat Mai
2. Aus meinen Tränen sprießen
3. Die Rose, die Lilie, die Taube, die Sonne
4. Wenn ich in deine Augen seh
5. Ich will meine Seele tauchen
6. Im Rhein, im heiligen Strome
7. Ich grolle nicht
8. Und wüßten's die Blumen, die kleinen
9. Das ist ein Flöten und Geigen
10. Hör' ich das Liedchen klingen
11. Ein Jüngling liebt ein Mädchen
12. Am leuchtenden Sommermorgen
13. Ich hab' im Traum geweinet
14. Allnächtlich im Traume
15. Aus alten Märchen
16. Die alten、Bösen Lieder

INTERMISSION

P. I. Tchaikovsky (1840-1893)
Среди шумного балла Op.38, No.3
Нам зорки лагідні сяяли
Op.60、No.12
Серенада Дон-Жуана Op.38, No.1

S. Rachmaninov (1873-1943)
Дитя！ Как квітка, ты прекрасна Op.8, No.2
На смерть чижика Op.21, No.4
Не спявай, красуня! Op.4、No.4

R. Quilter (1877-1953)
3 Shakespeare Songs, Op.6
1. Come Away, Death
2. O Mistress Mine
3. Blow, Blow, Thou Winter Wind"
마지막 춤은 나와 함께 The Last Dance with me,最後のダンスは私と一緒にThe Last Dance with me
서울 | 갤러리 플래닛,ソウル|ギャラリープラネット
서울특별시 마포구 어울마당로 65 상상마당빌딩,ソウル特別市麻浦区オウルマダンロ65想像マダンビル
"허원숙 피아노 리사이틀, 모차르트: 변주곡의 시작과 만하임 소나타",ホウォンスクピアノリサイタル、モーツァルト：変奏曲の始まりとマンハイムソナタ
서울 | 예술의전당,ソウル|芸術の殿堂
서울특별시 서초구 남부순환로 2406 (서초동),ソウル特別市瑞草区南部循環路2406（瑞草洞）
코리안 트럼펫 오케스트라 제10회 정기연주회,韓国トランペットオーケストラ第10回定期演奏会
서울 | KBS홀,ソウル| KBSホール
서울특별시 영등포구 여의공원로 13,ソウル特別市永登浦区汝矣公園13
"피아니스트 서형민의 베토벤소나타: 젊은천재, 비창과 월광",ピアニストソ・ヒョンミンのベートベンソナタ：若い天才、雨昌と月光
"안산시립합창단 특별기획공연, 안산시립합창단 아카펠라 콘서트: 다!",安山市立合唱団特別企画公演、安山市立合唱団アカペラコンサート：ダ！
유키 구라모토 콘서트: Peacefully,雪倉本コンサート: Peacefully
중구문화의전당 실내악페스티벌: 금난새 X 뉴월드챔버오케스트라,中区文化の殿堂屋内楽フェスティバル：今夜Xニューワールドチャンバーオーケストラ
울산 | 울산중구문화의전당 함월홀 2층,蔚山|蔚山中区文化の殿堂ハムウォルホール2階
울산광역시 중구 종가로 405,蔚山広域市中区宗家路405
할딱배기와 히말라야,おかしい排気とヒマラヤ
부산시민회관 소극장,釜山市民会館小劇場
부산 동구 자성로133번길 16,釜山東区磁城路133番ギル16
갈매기,カモメ
서울 | 극장 봄 (봄소극장) 극장 봄,ソウル|劇場春（春小劇場）劇場春
서울특별시 성북구 삼선교로 14,ソウル特別市城北区三善橋路14
"국립발레단, 백조의 호수",国立バレエ団、白鳥の湖
부산시민회관 대극장,釜山市民会館大劇場
NEW 망원동 브라더스,NEW望遠洞ブラザーズ
충북 | 영동복합문화예술회관,忠北|永東複合文化芸術会館
충청북도 영동군 영동읍 영동힐링로 117,忠清北道永東郡永洞邑永東ヒーリングロ117
"성남아트센터 마티네 콘서트: 독일, 음악의 숲",城南アートセンターマティーネコンサート：ドイツ、音楽の森
시선이 남기는 것들(After the Gaze),視線が残るもの（After the Gaze）
강원 | 고한시네마,江原|ゴハンシネマ
강원특별자치도 정선군 고한읍 고한10길 28-12,江原特別自治道チョンソン郡ゴハン邑
서울-신의주 열차표,ソウル - 新義州列車表
서울 | 예술나무씨어터 구. 상상나눔씨어터,ソウル|アートツリーシアター区。想像分かれたシアター
"서울특별시 구로구 구로중앙로 134 (구로동, 신구로자이나인스에비뉴)",ソウル特別市黒区九老中央路134
"살롱클래식, 이은선 & 리즈 문: 포레(Gabriel Faure)의 봄",サロンクラシック、イ・ウンソン＆リーズムーン：フォーレ（Gabriel Faure）の春
서울 | 라율아트홀,ソウル|ラユルアートホール
순천 창작예술촌 3호 ｢2026 조강훈 컬렉션 1｣ 展,順天創作芸術村3号｢2026チョ・カンフンコレクション1｣展
폐기물 처리,廃棄物処理
미마지아트센터 물빛극장,ミマジアートセンターウォーターライトシアター
서울 종로구 대학로8가길 129,ソウル鍾路区大学路8街道129
＜당진Arte 11＞ 3월 콘서트 - 이금희의 더불어 살며 헤아리며Ⅰ,＜唐津Arte 11＞ 3月コンサート - イ・グムヒの生きて数えてⅠ
충남 | 당진문예의전당 소공연장,忠南|唐津文芸殿堂小公演場
충청남도 당진시 당진중앙2로 69,忠清南道唐津市唐津中央2路69
피아니스트 정성희: 베토벤 피아노 소나타 전곡 시리즈 Ⅰ,ピアニストチョン・ソンヒ：ベートーヴェンピアノソナタ全曲シリーズⅠ
DCH앙상블페스티벌: 스페니쉬 브라스,DCHアンサンブルフェスティバル：スペニッシュブラス
대구 | 대구콘서트하우스 그랜드홀 대공연장,大邱大邱コンサートハウスグランドホール大公演場
"아람 클래식, 양인모 & 잘츠부르크 모차르테움",アラムクラシック、羊毛、ザルツブルクモーツァルテウム
경기 | 고양아람누리 아람음악당,ゲーム|高陽アラムヌリアラム音楽堂
경기도 고양시 일산동구 중앙로 1286,京畿道高陽市一山東区中央路1286
벌레,ワーム
서울 | 스튜디오 블루,ソウル|スタジオブルー
서울특별시 종로구 대학로8가길 80(동숭동),ソウル特別市鍾路区大学路8丁目80（東崇洞）
What Still Remains,What Still Remains
경기 | 국립6.25전쟁납북자기념관,ゲーム|国立6.25戦争拉北記念館
경기도 파주시 문산읍 임진각로 153,京畿道坡州市文山邑臨津閣153
"국립민속국악원, K-국악스테이지",国立民俗国楽院、K-国楽ステージ
전북 | 국립민속국악원 예원당,全北|国立民俗国楽院イェウォン党
전북특별자치도 남원시 양림길 54,全北特別自治道南原市楊林道54
"DCH앙상블페스티벌, 앙상블 쏘노 스트링 콰르텟",DCHアンサンブルフェスティバル、アンサンブルソノストリングクアルテット
"[프로그램]

A. Borodin - String Quartet No. 1 in A Major  
보로딘 – 현악 4중주 1번 A장조
I. Moderato – Allegro

A. Borodin - String Quartet No. 2 in D Major  
보로딘 – 현악 3중주 2번 D장조
III. Nocturne

김유리 - String Trio for Violin, Viola and V.cello (2025/26) 
김유리 – 바이올린, 비올라 그리고 첼로를 위한 현악 3중주
I. Allegro 
II. Andante 
III. Allegro Intermission 

A. Dvorak - String Quartet No.12 Op.96 'American' 
드보르작 - 현악 4중주 12번 ‘아메리칸’, Op. 06
I. Allegro ma non troppo 
II. Lento 
III. Molto vivace 
IV. Finale: Vivace, ma non troppo

본 공연의 프로그램은 연주자의 사정에 의해 사전 공지 없이 변경될 수 있습니다.","[プログラム]

A. Borodin - String Quartet No. 1 in A Major  
ボロディン – 弦楽四重奏曲1番A長調
I. Moderato – Allegro

A. Borodin - String Quartet No. 2 in D Major  
ボロディン – 弦楽三重奏2番D長調
III. Nocturne

キム・ユリ - String Trio for Violin, Viola and V.cello (2025/26) 
キム・ユリ – ヴァイオリン、ヴィオラ、チェロのための弦楽三重奏
I. Allegro 
II. Andante 
III. Allegro Intermission 

A. Dvorak - String Quartet No.12 Op.96 'American' 
ドボール作 - 弦楽四重奏曲12番「アメリカン」、Op。 06
I. Allegro ma non troppo 
II.レント 
III. Molto vivace 
IV。 Finale: Vivace, ma non troppo

本公演のプログラムは、演奏者の事情により事前のお知らせなく変更されることがあります。"
"강남심포니오케스트라 콘서트 오페라, 마술피리",江南シンフォニーオーケストラコンサートオペラ、マジックフルート
김지영의 ONE DAY Ⅱ,キム・ジヨンのONE DAYⅡ
"제2회 신진예술인 풀충전 페스티벌, 안 내면 진다",第2回新進芸術人フル充電フェスティバル、中出しすれば
설렘아트홀,ときめきアートホール
서울특별시 광진구 능동로19길 23(화양동),ソウル特別市光津区能洞路19ギル23（華陽洞）
"제950회 전남도립국악단 토요가무악희 시즌 1, 그린국악: 매화꽃 향기",第950回全南道立国楽団トヨガムアクヒシーズン1、グリーン国楽：梅の花の香り
남도소리울림터,南道サウンドリムター
전라남도 무안군 삼향읍 남악로 222,全羅南道武安郡三郷邑南岳路222
최유나 귀국 플루트 독주회,チェ・ユナ帰国フルートソロ
근대 대구 電氣전기 이야기 - 대구전기부터 대흥전기까지 -,近代大邱電气電気物語 - 大邱電気から大興電気まで -
대구 | 대구근대역사관,大邱大邱近代歴史館
대구광역시 중구 경상감영길 67,大邱広域市中区慶尚監営道67
일인용 심야 공연 《이인환각연쇄고리: Find a Channelhead》,一人用深夜公演《異人幻覚連鎖輪：Find a Channelhead》
서울 | 콜드슬립 koldsleep,ソウル|コールドスリープkoldsleep
서울특별시 강북구 인수봉로 301(수유동),ソウル特別市江北区インスボンロ301（スユドン）
연극 <지킬 앤 하이드>,演劇<ジキル＆ハイド>
서울 | 링크더스페이스 LINK THE SPACE,ソウル|リンクザスペースLINK THE SPACE
서울특별시 종로구 대학로8가길 105 (동숭동),ソウル特別市鍾路区大学路8丁目105（東崇洞）
이한슬 피아노 독주회,イ・ハンスルピアノソロ
"[PROGRAM]


L. v. Beethoven (1770-1827)

6 Variations in F Major, Op. 34



F. Liszt (1811-1886)

Après une lecture du Dante: Fantasia quasi Sonata, S. 161, No. 7



INTERMISSION



R. Schumann (1810-1856)

Kreisleriana, Op. 16

Äußerst bewegt

Sehr innig und nicht zu rasch

Sehr aufgeregt

Sehr langsam

Sehr lebhaft

Sehr langsam

Sehr rasch

Schnell und spielend","[PROGRAM]


L. v. Beethoven (1770-1827)

6 Variations in F Major, Op. 34



F. Liszt (1811-1886)

Après une lecture du Dante: Fantasia quasi Sonata, S. 161, No. 7



INTERMISSION



R. Schumann (1810-1856)

Kreisleriana, Op. 16

Äußerst bewegt

Sehr innig und nicht zu rasch

Sehr aufgeregt

Sehr langsam

Sehr lebhaft

Sehr langsam

Sehr rasch

Schnell und spielend"
오현진 바이올린 독주회,オ・ヒョンジンバイオリンソロ
제629회 부산시립교향악단 정기연주회: 축제,第629回釜山市立交響楽団定期演奏会：祭り
"대관령음악제, 강원의 사계 봄: 김준형 피아노 리사이틀",大管領音楽祭、江原の四季春：キム・ジュンヒョンピアノリサイタル
3월 기획 공연 안내,3月企画公演案内
충남 | 도고아트홀,忠南|ドゴアートホール
충청남도 아산시 도고면 아산만로 171,忠清南道牙山市道後面烏山万路171
"통영국제음악제, 김유빈 플루트 리사이틀",統営国際音楽祭、キム・ユビンフルートリサイタル
"통영국제음악제, 조성진 피아노 리사이틀",統営国際音楽祭、チョ・ソンジンピアノリサイタル
"통영국제음악제, 재즈 콘서트: 미하엘 볼니 & 에밀 파리지앵",統営国際音楽祭、ジャズコンサート：ミハエルボルニー＆エミールパリジアン
"통영국제음악제, 일 자르디노 아르모니코 with 야쿠프 유제프 오를린스키",統営国際音楽祭、イル・ジャルディーノ・アルモニコ with ヤクフ・ユジェフ・オルリンスキー
"통영국제음악제, 앙상블 모데른 Ⅱ",統営国際音楽祭、アンサンブルモデルⅡ
"통영국제음악제, 아우구스틴 하델리히 바이올린 리사이틀",統営国際音楽祭、アウグスティン・ハデリヒ・ヴァイオリン・リサイタル
"포르테피아노와 함께하는 최연우 바이올린 독주회 ""선율의 기억 From Elegance to Emotion"" [Recital II] 시간의 실루엣",ポルテピアノと一緒にいるチェ・ヨンウ ヴァイオリンソロ「旋律の記憶 From Elegance to Emotion」 [Recital II] 時のシルエット
"통영국제음악제, 베르비에 페스티벌 체임버 오케스트라 with 니콜라스 알트슈태트 & 김유빈",統営国際音楽祭、ベルビエフェスティバルチェンバーオーケストラ with ニコラス・アルトシュタット＆キム・ユビン
"통영국제음악제, 모딜리아니 콰르텟 Ⅰ",統営国際音楽祭、モデリアーニ・クアルテットⅠ
"통영국제음악제, 메조 소프라노 플뢰르 바론 리사이틀",統営国際音楽祭、メゾソプラノフルールバロンリサイタル
"통영국제음악제, 돔니크의 워터 리플스",統営国際音楽祭、ドムニクのウォーターリップルズ
"통영국제음악제, 왕기석의 수궁가",統営国際音楽祭、王記石の水宮
"대전시립무용단 기획공연 Ⅰ, 춤으로 그리는 동화: 피노키오",大田市立舞踊団企画公演Ⅰ、ダンスで描くおとぎ話：ピノキオ
"[프로그램]

프롤로그 - 나무아이 피노키오
아이를 원하는 아빠의 소원을 이루어준 요정“네가 용감하고 진실 되고 이기적이지 않다는 걸 증명하면 언젠가 진짜 사람이 될꺼야!”

1장 마을장터
평화로운 장터에 욕심쟁이 백작은 마을 사람들에게 횡포를 부린다.

2장 집으로 돌아온 할아버지
피노키오와 할아버지의 첫 만남.

3장 학교로 가는 길
보통 아이들과 다른 피노키오.

4장 피노키오의 거짓말
유랑단 안으로 용감하게 뛰어든 피노키오...거짓말을 할 때 마다 길어지는 코, ‘진실’ 한마디면 원래대로 돌아와요!

5장 피노키오의 잘못된 선택
아빠말을 듣지 않은 피노키오“옳고 그른 것 중 선택하는 것을 배워야 해. 너의 ‘마음씨’가 답을줄 거야”

6장 고래뱃속 안에서...
아빠의 사랑을 알게 된 피노키오고래뱃속에 갖히게 된 아빠가 걱정되고 슬퍼 눈물이 나요.

에필로그 - ‘마음씨’로 얻은 진짜 사람 피노키오
‘진짜 마음씨’를 찾게된 피노키오에게 마법과 같은 일이 일어났어요!!!","[プログラム]

プロローグ - 木の子ピノキオ
子供が欲しいパパの願いを叶えた妖精「君が勇敢で真実で利己的ではないということを証明すれば、いつか本当の人になるんだ！」

第1章 町場
平和な場に貪欲な伯爵は村人に横暴を呼ぶ。

第2章 家に帰ってきたおじいちゃん
ピノキオと祖父の最初の出会い。

第3章 学校への道
通常、子供たちとは異なるピノキオ。

第4章 ピノキオの嘘
ユランダンの中に勇敢に飛び込んだピノキオ…嘘をつくたびに長くなる鼻、「真実」の一言で元に戻ってきます！

第5章 ピノキオの誤った選択
お父さんの言葉を聞かなかったピノキオ「正しいことと正しいものの中から選ぶことを学ばなければならない。

第6章クジラの腹の中で...
お父さんの愛を知ったピノキオクジラの腹にそろえたお父さんが心配され、悲しい涙があります。

エピローグ - 「心の種」で得た本物のピノキオ
「本当の心さん」を探すようになったピノキオに魔法のようなことが起こりました！"
"돌고돌아, 도라희",振り返って、ドラヒ
서울 | 성수 소극장,ソウル|聖水小劇場
서울특별시 성동구 뚝섬로1길 43,ソウル特別市城東区トゥクソムロ1ギル43
"머더: 나는 오늘, 사람을 죽였다.",マザー:私は今日、人を殺した。
서울 | R&J씨어터,ソウル| R&Jシアター
서울특별시 종로구 낙산길 14,ソウル特別市 鍾路区 ナクサンギル 14
"2026 신진작가 공모 선정전: 지금, 바로 여기 Here and now",2026 新進作家公募選定戦：今、まさにここ Here and now
서울 | 갤러리그림손,ソウル|ギャラリー絵手
서울특별시 종로구 인사동10길 22,ソウル特別市鍾路区仁寺洞10ギル22
"부여군충남국악단의 토요상설 국악공연, 유종지미",扶余郡忠南国楽団の東洋常設国楽公演、ユ・ジョンジミ
충남 | 부여국악의전당,忠南|扶余国楽の殿堂
충청남도 부여군 규암면 백제문로 388,忠清南道扶余郡九岩面百済門路388
"A관 이종화 개인전 "" Space Imagination""",A館イ・ジョンファ個人展「Space Imagination」
충북 | CGV청주(서문) 갤러리원 1층,忠北| CGV清州（序文）ギャラリーワン1階
충청북도 청주시 상당구 상당로81번길 33,忠清北道清州市Sangdong-gu市81番通り33
잘 가그래이,うまくいった
충북 | 정심아트홀,忠北|精心アートホール
충청북도 청주시 상당구 교서로 16-5 (영동),忠清北道清州市商堂区教書路16-5（永東）
내 친구 어린왕자,私の友人の若い王子
레미어린이극장,レミアリーン劇場
울산광역시 북구 진장유통로 64 (진장동),蔚山広域市北区ジンジャン流通路64（ジンジャンドン）
"[공연소개]

비행사 아저씨는 사막에서 어린왕자를 만납니다.
어린왕자에게 그림을 그려주고 두 사람은 친구가 됩니다.
어린왕자는 자기의 별과 장미꽃의 이야기를 들려줍니다.
그리고 여러 별나라의 이상한 어른들에 이야기도 들려줍니다.
명령을 좋아하는 왕, 칭찬을 듣고 싶어 하는 멋쟁이, 일만 하는 촛불아저씨. 
그리고 지구에 도착한 뒤 만났던 여우와 뱀.
그러던 어느 날, 어린왕자는 비행사 아저씨에게 선물을 남기고
장미꽃을 돌보러 자기 별로 돌아갑니다.","【公演紹介】

飛行士のおじさんは砂漠で若い王子に会います。
若い王子に絵を描き、二人は友達になります。
若い王子は自分の星とバラの花の物語を聞きます。
そして、いろんな星の国の奇妙な大人たちに話も聞かせてくれます。
命令が好きな王、褒め言葉を聞きたくなるおしゃれ、仕事だけするろうそくおじさん。 
そして地球に到着した後に会ったキツネとヘビ。
そんなある日、若い王子は飛行士のおじさんにプレゼントを残して
バラの花の世話をし、自分の星に戻ります。"
뜀뛰는 여관,跳躍の旅館
충남 | 천안어린이꿈누리터(구. 천안시 어린이 회관) 꿈누리대공연장,忠南|天安子供夢ヌリター（旧天安市子供会館）夢ヌリ大公演場
충청남도 천안시 동남구 옛시청길 39,忠清南道天安市東南区旧市役所39
제302회 수원시립교향악단 정기연주회,第302回水原市立交響楽団定期演奏会
경기 | 수원SK아트리움 대공연장,ゲーム|水原SKアトリウム大公演場
경기도 수원시 장안구 이목로 24,京畿道水原市長安区イモクロ24
"B관 이경선 개인전 "" 강아지풀에서 현실을 만나다""",B館イ・ギョンソン個展「子犬プールで現実に会う」
성남아트센터 오후의 콘서트: 보헤미아의 낭만 (4월),城南アートセンター午後のコンサート：ボヘミアのロマン（4月）
성남아트센터 앙상블씨어터,城南アートセンターアンサンブルシアター
사이파크 ⟪흐름 속 생성과 소멸: 공감⟫,サイパーク⟪流れの中の生成と消滅：共感⟫
울산 | 슬도아트,蔚山|スルドアート
울산광역시 동구 성끝길 103,蔚山広域市東区城先103
빈센트 드 브리스 피아노 독주회,ヴィンセント・ド・ブリスピアノソロ
"[프로그램]

F. Schubert / 6 Moments Musicaux, D. 780
1. Moderato in C major
2. Andantino in A-flat major
3. Allegro moderato in f minor

 
R. Schumann / Humoreske in B-flat major, Op. 20
1. Einfach
2. Hastig
3. Einfach und zart
4. Innig
5. Sehr lebhaft
6. Mit einigem Pomp
7. Zum Beschluss

 
INTERMISSION

 
J. Brahms / Piano Sonata No. 3 in f minor, Op. 5
1. Allegro maestoso
2. Andante espressivo
3. Scherzo: Allegro energico
4. Intermezzo(Ruckblich): Andante molto
5. Finale: Allegro moderato","[プログラム]

F. Schubert / 6 Moments Musicaux, D. 780
1. Moderato in C major
2. Andantino in A-flat major
3. Allegro moderato in f minor

 
R. Schumann / Humoreske in B-flat major, Op. 20
1. Einfach
2. Hastig
3. Einfach und zart
4. Innig
5. Sehr lebhaft
6. Mit einigem Pomp
7. Zum Beschluss

 
INTERMISSION

 
J.ブラームス/ピアノソナタNo. 3 in f minor, Op. 5
1. Allegro maestoso
2. Andante espressivo
3. Scherzo: Allegro energico
4. Intermezzo(Ruckblich): Andante molto
5. Finale: Allegro moderato"
추리스릴러 연극 원: 죄,チュリスリラープレイサークル：罪
경남 | 사랑새아트홀,慶南|愛セアートホール
경상남도 창원시 성산구 용지로169번길 11-26 (용호동),慶尚南道昌原市城山区用紙路169番ギル11-26（ヨンホドン）
어린왕자,若い王子
해바라기소극장,ひまわり小劇場
부산 남구 용소로13번길 30,釜山南区龍小路13番ギル30
"리타, 남편이 돌아왔다!",リタ、夫が帰ってきた！
경남 | 나비아트홀,慶南|ナビアートホール
경상남도 창원시 성산구 용지로169번길 11-13(용호동),慶尚南道昌原市城山区用紙路169番ギル11-13（ヨンホドン）
낭만합창단 첫 번째 정기연주회: 머나먼 길,ロマンチック合唱団の最初の定期演奏会：遠い道
제33회 서울시민교향악단 정기연주회,第33回ソウル市民交響楽団定期演奏会
경기 | 부천아트센터 콘서트홀,ゲーム|富川アートセンターコンサートホール
경기도 부천시 원미구 소향로 165 부천아트센터,京畿道富川市原美区ソヒャンロ165富川アートセンター
제91회 천안시충남국악관현악단 정기연주회,第91回天安市忠南国楽館弦楽団定期演奏会
충남 | 천안예술의전당 대공연장,忠南|天安芸術の殿堂大公演場
제117회 원주시립합창단 정기연주회,第117回原州市立合唱団定期演奏会
강원 | 원주치악예술관,江原|原州歯科芸術館
강원도 원주시 서원대로 331 (명륜동),江原道原州市西原大路331（明倫洞）
제629회 부산시립교향악단 정기연주회,第629回釜山市立交響楽団定期演奏会
제79회 부산시립청소년교향악단 정기연주회,第79回釜山市立青少年交響楽団定期演奏会
부산문화회관 중극장,釜山文化会館中劇場
부산 남구 유엔평화로76번길 1,釜山南区国連平和路76番ギル1
부산시립국악관현악단 & 진주시립국악관현악단 합동교류연주회: 영남 풍류,釜山市立国楽館弦楽団＆真珠市立国楽館弦楽団合同交流コンサート：永南風流
제86회 부산네오필하모닉오케스트라 정기연주회,第86回釜山ネオフィルハーモニーオーケストラ定期演奏会
모차르트 탄생 270주년 기념 안양오페라단 정기연주회: 봄의 향연 오페라 갈라 콘서트,モーツァルト誕生270周年記念安養オペラ団定期演奏会：春の饗宴オペラガラコンサート
"[​​PROGRAM]


소프라노 맹연선

G. Donizetti ............... Quel guardo il cavaliere 오페라 <돈 파스콸레>




바리톤 오대희

W.A. Mozart .............. Hai già vinta la causa 오페라 <피가로의 결혼>




소프라노 홍선진

J. Massenet .............. Pleurez mes yeux 오페라 <르 시드>




테너 이기용

W.A. Mozart ............. Dies Bildnis ist bezaubernd schön 오페라 <마술피리>




소프라노 송선아 황진영 테너 임홍재 강전욱

G. Verdi ................... Libiamo ne' lieti calici 오페라 <춘희>




베이스 바리톤 강병주

W.A. Mozart ............. Aprite un po’ quegl’occh 오페라 <피가로의 결혼>




소프라노 박현옥

G. Donizetti .............. Regnava nel silenzio 오페라 <루치아 디 람메르무어>




테너 강전욱

G. Verdi ................... Quando le sere al placido 오페라 <루이자 밀러>




소프라노 황진영

G. Donizetti .............. In questo semplice modesto asilo 오페라 <베틀리>




소프라노 신재은 홍선진 테너 김선용 이기용

G. Puccini ................ O soave fanculla 오페라 <라보엠>




Intermission




바리톤 오동국

G. Verdi ............... Credo in un Dio crudel 오페라 <오텔로>




테너 김선용

G. Verdi ................. Pietoso al lungo pianto 오페라 <하루만의 임금>




소프라노 신재은

J. Massenet ............ Suis-je gentille ainsi?... 오페라 <마농>




테너 임홍재

W.A. Mozart .......... Dalla sua pace 오페라 <돈 죠반니>




소프라노 박현옥 맹연선 바리톤 강병주 오대희

W.A. Mozart .......... Là ci darem la mano 오페라 <돈 죠반니>




소프라노 송선아

C. Gounod ........... Air des bijoux 오페라 <파우스트>




테너 손민호

P. Sorozabal ........ No Puede ser! 오페라 <항구의 선술집>




소프라노 송정아

F. Lehár .............. Meine Lippen, sie küssen so heiß 오페레타 <주디타>","[ PROGRAM]


ソプラノ盲目の船

G. Donizetti ............... Quel guardo il cavaliere オペラ <ドンパスキュレ>




バリトンオデヒ

W.A. Mozart.............. Hai già vinta la causa オペラ <フィガロの結婚>




ソプラノホン・ソンジン

J. Massenet .............. Pleurez mes yeux オペラ <ルシード>




テナー勝つため

W.A. Mozart ............. Dies Bildnis ist bezaubernd schön オペラ <マジックフルート>




ソプラノソン・ソンアファンジンヨンテナーイム・ホンジェ

G. Verdi ................... Libiamo ne' lieti caliciオペラ<チュンヒ>




ベースバリトンカンビョンジュ

W.A. Mozart ............. Aprite un po’ quegl’occh オペラ <フィガロの結婚>




ソプラノパク・ヒョンオク

G. Donizetti .............. Regnava nel silenzio オペラ <ルチア・ディ・ラムメルムーア>




テナーカン・ジョンウク

G. Verdi ................... Quando le sere al placido オペラ <ルイザミラー>




ソプラノファン・ジンヨン

G. Donizetti .............. In questo semplice modesto asilo オペラ <ベトリー>




ソプラノシンジェはホン・ソンジンテナーキム・ソンヨン

G. Puccini................ O soave fanculla オペラ<ラボエム>




Intermission




バリトン五東国

G. Verdi ............... Credo in un Dio crudel オペラ <オテロ>




テナーキム・ソンヨン

G. Verdi................. Pietoso al lungo pianto オペラ <一晩の王




ソプラノシンジェ

J. Massenet ............ Suis-je gentille ainsi?... オペラ<マノン>




テナーイム・ホンジェ

W.A. Mozart.......... Dalla sua pace オペラ<ドン・ジョヴァンニ>




ソプラノパク・ヒョンオク盲目線バリトンカン・ビョンジュオ・デヒ

W.A. Mozart .......... Là ci darem la mano オペラ <ドン・ジョヴァンニ>




ソプラノソンソン

C. Gounod ........... Air des bijoux オペラ <ファウスト>




テナーソンミンホ

P. Sorozabal ........ No Puede ser!オペラ〈港の居酒屋〉




ソプラノソンジョンア

F. Lehár .............. Meine Lippen, sie küssen so heiß オペレタ <ジュディタ>"
뮤지컬 <인화>,ミュージカル<引火>
서울 | 홍익대 대학로 아트센터 소극장,ソウル|弘益大大学路アートセンター小劇場
서울특별시 종로구 대학로 57,ソウル特別市鍾路区大学路57
헤어지는 기쁨,別れる喜び
송죽씨어터,松竹シアター
대구광역시 중구 교동길 15 (화전동),大邱広域市中区京洞路15（華電洞）
What Holds Us | 우리를 붙드는 것,What Holds Us |私たちを握る
서울 | 갤러리세줄,ソウル|ギャラリーセジュール
서울특별시 종로구 평창30길 40,ソウル特別市鍾路区平昌30ギル40
제124회 강릉시립합창단 정기연주회,第124回江陵市立合唱団定期演奏会
강원 | 강릉아트센터 사임당홀,江原|江陵アートセンター辞任堂ホール
강원특별자치도 강릉시,江原特別自治道江陵市
"ONLY FOR YOU, 박수진 피아노 독주회: 시인의 이야기",ONLY FOR YOU、パク・スジンピアノソロ：詩人の物語
대구 | 에이치아츠(H-Art) 스튜디오,大邱H-Artスタジオ
대구광역시 남구 현충로48길 19,大邱広域市南区県忠路48ギル19
수성아트피아 토요음악회: 구슬기 대금 독주회,水星アトピアトヨ音楽会：ビーズ代金ソロ
대구 | 수성아트피아,大邱水星アトピア
대구광역시 수성구 무학로 180 (지산동),大邱広域市水城区武陵路180（地山洞）
김영주 플루트 독주회 Ⅸ: Musique Fran&ccedil;ais Ⅲ (프랑스 음악 3),キム・ヨンジュフルートソロ Ⅸ: Musique Fran&ccedil;ais Ⅲ (フランス音楽3)
잠들지않는 형상들 존재는 어떻게 기념되는가,眠らない形状の存在はどのように記念されるのか
경남 | 갤러리오로라,慶南|ギャラリーオーロラ
서울특별시 송파구 백제고분로39길 33,ソウル特別市松坡区百済古墳路39ギル33
"온: 콘서트, 임혜령 피아노 독주회",オン：コンサート、イム・ヘリョンピアノソロ
온쉼표,オンカンマ
서울특별시 송파구 송파대로37길 50 (석촌동),ソウル特別市松坡区松坡大路37ギル50（石村洞）
"인천시립교향악단 기획연주회, 과정음악회 Ⅱ",仁川市立交響楽団企画演奏会、コース音楽会Ⅱ
아트센터 인천 콘서트홀,アートセンター仁川コンサートホール
김원미 피아노 독주회,キム・ウォンミピアノソロ
"[PROGRAM]

R. Schumann ........... Papillons, Op.2

R. Schumann ........... Symphonic Etudes, Op.13

-Intermission-

G. Gershwin ............... Three-Quarter Blues
Impromptu in Two Key
Prelude (Rubato)
Merry Andrew

F. Chopin ................... Bolero, op.19

F. Chopin ................... Mazurka, Op.30, No.1
Op.30, No.2
Op.17, No.4
Op.56, No.3

F. Chopin ................... Ballde, No.4 Op.52 in F minor","[PROGRAM]

R. Schumann ........... Papillons, Op.2

R. Schumann ........... Symphonic Etudes, Op.13

-Intermission-

G. Gershwin ............... Three-Quarter Blues
Impromptu in Two Key
Prelude (Rubato)
Merry Andrew

F. Chopin ................... Bolero, op.19

Ｆ．チョピン・・・・・・マズルカ、Ｏｐ．３０、Ｎｏ．１
Op.30、No.2
Op.17、No.4
Op.56、No.3

F. Chopin ................... Ballde, No.4 Op.52 in F minor"
"금호영재콘서트, 남예린 피아노 독주회",クムホヨンジェコンサート、ナム・イェリンピアノソロ
"[PROGRAM]

루트비히 판 베토벤 Ludwig van Beethoven
피아노 소나타 제6번 F장조, Op.10/2
Piano Sonata No.6 in F Major, Op.10/2
Allegro
Allegretto
Presto

프란츠 리스트 Franz Liszt
피아노를 위한 6개의 파가니니 대연습곡, S.141 중 라 캄파넬라
La campanella from 6 Grandes Études de Paganini for Piano, S.141

펠릭스 멘델스존 Felix Mendelssohn
피아노를 위한 환상곡 f-sharp단조, ‘스코틀랜드 소나타’, Op.28
Fantasy for Piano in f-sharp minor, ""Sonate Écossaise”, Op.28
Con moto agitato - Andante - Con moto agitato
Allegro con moto
Presto

I N T E R M I S S I O N

프란츠 요제프 하이든 Franz Joseph Haydn
건반 소나타 E-flat장조, H.16/49
Keyboard Sonata in E-flat Major, H.16/49
Allegro
Adagio e cantabile
Finale. Tempo di Menuet

프란츠 리스트 Franz Liszt
피아노를 위한 3개의 콘서트 연습곡, S.144 중 탄식
Un sospiro from 3 Études de concert for Piano, S.144

프레데리크 쇼팽 Frédéric Chopin
피아노를 위한 서주와 론도 E-flat장조, Op.16, CT.195
Introduction and Rondo in E-flat Major for Piano, Op.16, CT.195","[PROGRAM]

ルートヴィヒ・ファン・ベートーヴェン Ludwig van Beethoven
ピアノソナタ第6番F長調、Op.10/2
Piano Sonata No.6 in F Major, Op.10/2
Allegro
Allegretto
Presto

フランツリスト Franz Liszt
ピアノのための6つのパガニーニ大練習曲、S.141の中でラ・カンパネラ
La campanella from 6 Grandes Études de Paganini for Piano, S.141

フェリックス・メンデルスゾーン Felix Mendelssohn
ピアノのための幻想曲f-sharp鍛造、「スコットランドソナタ」、Op.28
Fantasy for Piano in f-sharp minor, ""Sonate Écossaise"", Op.28
Con moto agitato - Andante - Con moto agitato
Allegro con moto
Presto

I N T E R M I S S I O N

フランツ・ヨジェフ・ハイドン Franz Joseph Haydn
鍵盤ソナタE-flat長調、H.16/49
Keyboard Sonata in E-flat Major, H.16/49
Allegro
Adagio e cantabile
Finale. Tempo di Menuet

フランツリスト Franz Liszt
ピアノのための3つのコンサート練習曲、S.144の間の嘆息
Un sospiro from 3 Études de concert for Piano, S.144

フレデリックショパンFrédéric Chopin
ピアノのためのソジュとロンドEフラットフラット、Op.16、CT.195
Introduction and Rondo in E-flat Major for Piano, Op.16, CT.195"
"금호영체임버콘서트, 브리오 퀸텟 연주회",Kumho Young Chamberコンサート、ブリオクイーンテットコンサート
"[프로그램]

 

요한 제바스티안 바흐 Johann Sebastian Bach
오르간을 위한 푸가 g단조, ‘작은 푸가’, BWV578 (금관 오중주를 위한 편곡 캐나디안 브라스)
Fugue for Organ in g minor, “Little Fugue”, BWV578 (arranged for Brass Quintet by Canadian Brass)

 

앙드레 라포스 André Lafosse
금관 오중주를 위한 즉흥 모음곡
Suite Impromptu for Brass Quintet
I. Épithalame
II. Marche
III. Élégie
IV. Mouvement

 

케리 터너 Kerry Turner
금관 오중주를 위한 테투안의 카스바
The Casbah of Tetouan for Brass Quintet



I N T E R M I S S I O N



빅토르 에발트 Victor Ewald
금관 오중주 제2번, Op.6
Brass Quintet No.2, Op.6
Allegro risoluto
Theme with variations
Allegro vivace

 

외젠 보자 Eugène Bozza
금관 오중주를 위한 소나티네
Sonatine for Brass Quintet
Allegro vivo
Andante ma non troppo
Allegro vivo
Largo. Allegro Vivace","[プログラム]

 

ヨハン・ジェバスチャン・バッハ Johann Sebastian Bach
オルガンのためのフーガg鍛造、「小さなフーガ」、BWV578
Fugue for Organ in g minor, “Little Fugue”, BWV578 (arranged for Brass Quintet by Canadian Brass)

 

アンドレ・ラフォス André Lafosse
金管五重奏のための即興集曲
Suite Impromptu for Brass Quintet
I. Épithalame
II. Marche
III. Élégie
IV。 Mouvement

 

ケリー・ターナー Kerry Turner
金管五重奏者のためのテトゥアンのカスバ
The Casbah of Tetouan for Brass Quintet



I N T E R M I S S I O N



ヴィクトル・エヴァルト Victor Ewald
金管五重州第2番、Op.6
Brass Quintet No.2, Op.6
Allegro risoluto
Theme with variations
Allegro vivace

 

外禅みよう Eugène Bozza
金管五重奏者のためのソナティネ
Sonatine for Brass Quintet
Allegro vivo
Andante ma non troppo
Allegro vivo
ラーゴ。 Allegro Vivace"
나은아 바이올린 독주회: 베토벤 바이올린 소나타 전곡 시리즈 II,ナナ・バイオリンソロ：ベートーヴェン・バイオリン・ソナタ全曲シリーズII
"[프로그램]


Ludwig van Beethoven (1770-1827)
Sonata for Violin and Piano No. 5 in F Major, Op. 24
I. Allegro
II. Adagio molto espressivo
III. Scherzo. Allegro Molto
IV. Rondo. Allegro ma non troppo

 

Sonata for Violin and Piano No. 6 in A Major, Op. 30-1
I. Allegro
II. Adagio molto espressivo
III. Allegretto con variazioni

 

INTERMISSION

 

Sonata for Violin and Piano No. 8 in G Major, Op. 30-3
I. Allegro assai
II. Tempo di Minuetto, ma molto moderato e grazioso
III. Allegro vivace

 

Sonata for Violin and Piano No. 7 in c minor, Op. 30-2
I. Allegro con brio
II. Adagio cantabile
III. Scherzo. Allegro – Trio
IV. Finale. Allegro","[プログラム]


Ludwig van Beethoven (1770-1827)
Sonata for Violin and Piano No. 5 in F Major, Op. 24
I. Allegro
II. Adagio molto espressivo
III. Scherzo。 Allegro Molto
IV。ロンド。 Allegro ma non troppo

 

Sonata for Violin and Piano No. 6 in A Major, Op. 30-1
I. Allegro
II. Adagio molto espressivo
III. Allegretto con variazioni

 

INTERMISSION

 

Sonata for Violin and Piano No. 8 in G Major, Op. 30-3
I. Allegro assai
II. Tempo di Minuetto, ma molto moderato e grazioso
III. Allegro vivace

 

Sonata for Violin and Piano No. 7 in c minor、Op。 30-2
I. Allegro con brio
II. Adagio cantabile
III. Scherzo。 Allegro – Trio
IV。 Finale. Allegro"
"칸타빌레 클래식 기획연주회 29, 이미솔 & 목혜진 듀오리사이틀: Danza del Fuego",カンタビレクラシック企画コンサート29、イミソール＆モク・ヘジンデュオリサイタル
서울 | 칸타빌레 클래식 아트홀,ソウル|カンタビレ クラシックアートホール
서울특별시 서초구 남부순환로317길 31,ソウル特別市瑞草区南部循環路317ギル31
제22회 그린필윈드오케스트라 정기연주회,第22回グリーンフィルウィンドオーケストラ定期演奏会
꿈의숲아트센터 콘서트홀,夢の森アートセンターコンサートホール
"[공연소개]
이번 공연은 행진곡의 생동감에서 시작해 영화 음악의 감동으로 이어지는, 다채로운 색채의 무대입니다.

공연의 문을 여는 First Suite for Band – Alfred Reed는 행진, 래그, 갤럽으로 구성된 작품으로 관악합주의 리듬감과 활력을 유쾌하게 펼쳐 보입니다. 이어지는 Pearl Harbor는 서정적인 선율로 전쟁 속의 인간적인 감정을 조용히 그려냅니다.

중반부에는 John Williams의 음악 세계를 담은 John Williams in Concert가 연주되어, 웅장함과 감동이 공존하는 영화 음악의 매력을 선사합니다. 이후 Beauty and the Beast에서는 친숙한 멜로디와 따뜻한 분위기로 관객에게 동화 같은 시간을 전합니다.

마지막으로 Ennio Morricone의 명곡들을 엮은 Moment for Morricone가 연주되며, 깊은 여운과 함께 공연의 막을 내립니다.","【公演紹介】
今回の公演は、行進曲の鮮やかさから始まり、映画音楽の感動につながる、多彩な色彩の舞台です。

公演の扉を開くFirst Suite for Band – Alfred Reedは、行進、ラグ、ギャロップで構成された作品で、管轄合奏のリズム感と活力を愉快に広げています。続くパールハーバーは叙情的な旋律で戦争の中の人間的な感情を静かに描きます。

中盤にはジョン・ウィリアムズの音楽世界を盛り込んだジョン・ウィリアムズ・イン・コンサートが演奏され、壮大さと感動が共存する映画音楽の魅力を披露します。その後、Beauty and the Beastではおなじみのメロディーと暖かい雰囲気で観客におとぎ話のような時間を伝えます。

最後に、Ennio Morriconeの名曲をまとめたMoment for Morriconeが演奏され、深い余韻と共に公演の幕を下ろします。"
제3회 오케스트라 syncope 정기연주회: 차이코프스키 시리즈,第3回オーケストラsyncope定期演奏会：チャイコフスキーシリーズ
"제523회 대구시립교향악단 정기연주회: 생상스, 프랑스 낭만의 빛",第523回大邱市立交響楽団定期演奏会：サンサンス、フランスロマンの光
대구콘서트하우스 그랜드홀 (대공연장),大邱コンサートハウスグランドホール（大公演場）
"[PROGRAM]
생상스 - 오페라 “동양의 공주” 서곡
C. Saint-Saëns - “La princesse jaune” Overture

생상스 - 피아노 협주곡 제2번 g단조, Op.22 (Pf. 알렉 쉬친)
C. Saint-Saëns – Piano Concerto No.2 in g minor, Op.22
      I. Andante sostenuto
      II. Allegro scherzando
      III. Presto

Intermission

생상스 - 교향곡 제1번 E♭장조, Op.2
C. Saint-Saëns – Symphony No.1 in E-flat major, Op.2
      I. Adagio - Allegro
      II. Marche scherzo : Allegretto scherzando
      III. Adagio
      IV. Finale : Allegro maestoso","[PROGRAM]
サンサンス - オペラ「東洋の姫」西曲
C. Saint-Saëns - “La princesse jaune” Overture

サンサンス - ピアノ協奏曲第2番g鍛造、Op.22 (Pf.アレクシュチン)
C. Saint-Saëns – Piano Concerto No.2 in g minor, Op.22
      I. Andante sostenuto
      II. Allegro scherzando
      III. Presto

Intermission

サンサンス - 交響曲第1番E♭長調、Op.2
C. Saint-Saëns – Symphony No.1 in E-flat major, Op.2
      I. Adagio - Allegro
      II. Marche scherzo: Allegretto scherzando
      III. Adagio
      IV。 Finale: Allegro maestoso"
제404회 광주시립교향악단 정기연주회: 보헤미아의 봄,第404回光州市立交響楽団定期演奏会：ボヘミアの春
광주 | 광주예술의전당 대극장,光州|光州芸術の殿堂大劇場
광주광역시,光州広域市
"제441회 인천시립교향악단 정기연주회, 인천시향과 올해의 예술가 Adventurous IPO Ⅱ",第441回仁川市立交響楽団定期演奏会、仁川市郷と今年のアーティストAdventurous IPOⅡ
제145회 광주시립국악관현악단 정기연주회: 풍류,第145回光州市立国楽館弦楽団定期演奏会：風流
열린수장고 기획전 《깊고 깊은 숲으로: 도로시의 원더링》,開かれた水蔵庫企画展《深く深い森へ：ドロシーのワンダリング》
대전 | 대전시립미술관,大田|大田市立美術館
대전광역시 서구 둔산대로 155,大田広域市西区斗山大路155
열린수장고 상설전 《DMA 소장품 하이라이트 2026》,オープン収蔵庫常設展《DMA所蔵品ハイライト2026》
현대미술기획전 《앤디 워홀: 예술을 팔다 Andy Warhol: The Business of Art》,現代美術企画展 《アンディ・ウォーホル: 芸術を売る Andy Warhol: The Business of Art》
2026 어린이미술 기획전 《열한번째 트윙클》,2026 子ども美術企画展《11回目のツインクル》
ACC 필름앤비디오 《아시아의 장치들》,ACCフィルム＆ビデオ「アジアのデバイス」
광주 | 국립아시아문화전당 문화창조원 복합 2관,光州|国立アジア文化殿堂文化創造院複合2館
광주광역시 동구 문화전당로 38,光州広域市東区文化殿堂路38
장수탕 선녀님,長寿湯先生
서울 | 서울어린이대공원,ソウル|ソウル子供大公園
서울특별시 광진구 능동로 216 (능동),ソウル特別市光津区能動路216（能動）
서귀포예술의전당 & 제주특별자치도립 서귀포예술단 공동기획 공연 <아름다운 동행>,西帰浦芸術の殿堂＆済州特別自治都立西帰浦芸術団共同企画公演＜美しい同行＞
제주 | 서귀포예술의전당 대극장,済州|西帰浦芸術の殿堂大劇場
뮤지컬 <비스티>,ミュージカル<ビスティ>
서울 | 링크아트센터 벅스홀,ソウル|リンクアートセンターバックスホール
서울특별시 종로구 대학로14길 29 링크아트센터,ソウル特別市鍾路区大学路14ギル29リンクアートセンター
헨젤과 그레텔,ヘンゼルとグレーテル
오! 나의 귀신님,ああ！私の幽霊
3·1만세운동 기념 전시 《결연한 기록들》,3・1万歳運動記念展示《結然とした記録たち》
광주 | 이강하 미술관,光州|イ・ガンハ美術館
광주광역시 남구 3.1만세운동길 6,光州広域市南区3.1万歳運動道6
마피아게임,マフィアゲーム
서울 | 아라아트홀,ソウル|アラアートホール
연극 <나의 아저씨>,演劇<私のおじさん>
인천 | 인천서구문화회관 대공연장,仁川|仁川西区文化会館大公演場
인천광역시 서구 서달로 190,仁川広域市西区西月路190
굿바이,グッドバイ
서울 | 업스테이지 UP Stage,ソウル|アップステージUP Stage
경기도 용인시 수지구 광교중앙로 338,京畿道龍仁市スジ区光橋中央路338
"제2회 심야연극제 ＃08, 완벽한 타인",第2回深夜演劇祭＃08、完璧な他人
창작단막극축제: 뿔난이들,創作短幕劇祭：角質
드림시어터 소극장,ドリームシアター小劇場
서울 종로구 창경궁로35길 21,ソウル鍾路区昌慶宮路35ギル21
나의 바람 - 고영열 사진전,私の風 - 高永熱写真展
서울 | 디크레센도,ソウル|ディクレセンド
서울특별시 양천구 곰달래로14길 16-2 (신월동),ソウル特別市楊川区クムダラロ14ギル16-2（新月洞）
문신연대기 Moon Shin Chronology,タトゥー年代記 Moon Shin Chronology
경남 | 창원시립마산문신미술관,慶南|昌原市立馬山タトゥー美術館
경상남도 창원시 마산합포구 문신길 147,慶尚南道昌原市馬山合浦区タトゥーギル147
"《The Origin》석고 원형, 최초의 형태",《The Origin》石膏原型、最初の形態
아기오리의 꿈,赤ちゃんアヒルの夢
서울 | 상상나라극장,ソウル|想像国劇場
브리즈앙상블과 엘로퀸텟의 모차르트 시리즈,ブリスアンサンブルとエロキンテットのモーツァルトシリーズ
경기 | 부천아트센터 소공연장,ゲーム|富川アートセンター小公演場
스페니쉬 브라스: 러 메탈스,スペニッシュブラス：ラメタルズ
피터 야블론스키 & 김정원 피아노 듀오 리사이틀,ピーター・ヤブロンスキー＆キム・ジョンウォンピアノデュオリサイタル
충북 | 청주아트홀 구. 청주시민회관,忠北|清州アートホール区。清州市民会館
충청북도 청주시 서원구 예체로 118-1 (사직동),忠清北道清州市西原区イェチェロ118-1（サジクドン）
호랑이의 노래 - 겨울 호랑이가 봄의 나비에게,虎の歌 - 冬の虎は春の蝶に
서울 | 국립어린이청소년도서관,ソウル|国立子供青少年図書館
서울특별시 강남구 테헤란로7길 21,ソウル特別市江南区テヘランロ7ギル21
"김예지 플루트 독주회, RAVISSANT: 매혹적인",キム・イェジフルートソロ、RAVISSANT：魅惑的な
"[프로그램]

Romance in D-flat Major, Op. 37 for Flute and Piano / C. Saint-Saëns
플루트와 피아노를 위한 로망스 D♭장조, 작품 37 / 생상스

Introduction et Rondo Capriccioso in A minor, Op. 28  / C. Saint-Saëns
(originally for violin and orchestra; arranged for flute and piano) 
서주와 론도 카프리치오소 a단조, 작품 28 (플루트와 피아노를 위한 곡으로 편곡)  / 생상스
Ⅰ. Introduction
Ⅱ. Rondo Capriccioso

Odelette in D Major, Op. 162 for Flute and Piano / C. Saint-Saëns
플루트와 피아노를 위한 오드레트 D장조, 작품 162  / 생상스

Intermission

Tarantella in A minor, Op. 6 for flute, clarinet, and piano  / C. Saint-Saëns
플루트, 클라리넷, 피아노를 위한 타란텔라 a단조, 작품 6  / 생상스
Clarinet_ 박성우

Petite Suite for two Flutes and Piano / C. Debussy (1862–1918) 
두 대의 플루트와 피아노를 위한 작은 모음곡 / 드뷔시
Ⅰ. En bateau
Ⅱ. Cortège 
Ⅲ. Menuet 
Ⅳ. Ballet
Flute_ 박하민","[プログラム]

Romance in D-flat Major, Op. 37 for Flute and Piano / C. サン・サエン
フルートとピアノのためのロマンスD♭長調、作品37 /サンサンス

Introduction et Rondo Capriccioso in A minor, Op. 28/C. サン・サエン
(originally for violin and orchestra; arranged for flute and piano) 
ソジュとロンドカプリチオソa鍛造、作品28（フルートとピアノのための曲に編曲）/サンサンス
Ⅰ。 Introduction
Ⅱ。 Rondo Capriccioso

Odelette in D Major, Op. 162 for Flute and Piano / C. サン・サエン
フルートとピアノのためのオードレットD長調、作品162 /サンサンス

Intermission

Tarantella in A minor, Op. 6 for flute, clarinet, and piano / C. サン・サエン
フルート、クラリネット、ピアノのためのタランテラa鍛造、作品6 /サンサンス
Clarinet_パク・ソンウ

Petite Suite for two Flutes and Piano / C. Debussy (1862–1918) 
2台のフルートとピアノのための小さなコレクション/デビュー
Ⅰ。 En bateau
Ⅱ。 Cortège 
Ⅲ。 Menuet 
Ⅳ。 Ballet
Flute_パク・ハミン"
아가페컬처광주 창립기념음악회,アガペカルチャー広州創立記念音楽会
연극 오펀스,演劇オパンス
서울 | 티오엠씨어터(구. 문화공간필링) 1관,ソウル|チオエムシアター（旧文化空間ピーリング）1館
서울특별시 종로구 대학로8가길 85,ソウル特別市鍾路区大学路8丁目85
더 테일 에이프릴 풀스,ザテールエイプリルフルス
서울 | 예스24 스테이지(구. DCF대명문화공장) 2관,ソウル|イエス24ステージ（旧DCF大明文化工場）2館
서울특별시 종로구 대학로12길 21,ソウル特別市鍾路区大学路12ギル21
뮤지컬 펑크,ミュージカルパンク
서울 | 대학로 자유극장 자유문화발전소,ソウル|大学路自由劇場自由文化発電所
서울특별시 종로구 대학로12길 31 (동숭동),ソウル特別市鍾路区大学路12ギル31
"스페니쉬 브라스, 러 메탈스 초청 연주회",スペニッシュ・ブラス、ラ・メタルズ招待コンサート
강원 | 동해문화예술회관 대공연장,江原|東海文化芸術会館大公演場
강원특별자치도 동해시 평원로 15,江原特別自治道東海市平原路15
연극 <술 취한 사람들>,演劇<酔った人>
이재리 첼로 리사이틀,イ・ジェリチェロリサイタル
서울 강남구 강남대로 652,ソウル江南区江南大路652
"[PROGRAM]

R. Schumann - Fantasiestucke, Op. 73
슈만 - 환상소곡집 Op.73
I. Zart und mit Ausdruck 부드럽고 표현을 살려
II. Lebhaft, Leicht 활기차고 가볍게
III. Rasch und mit Feuer 빠르고 불타는 듯이

S. Prokofiev - Sonata for Cello and Piano in C major, Op. 119
프로코피예프 - 첼로 소나타 C장조, Op.119
I. Andante grave
II. Moderato
III. Allegro, ma non troppo

INTERMISSION

F. Chopin - Sonata for Cello and Piano in G minor, Op. 65
쇼팽 - 첼로 소나타 G단조, Op.65
I. Allegro moderato
II. Scherzo
III. Largo
IV. Finale. Allegro

*프로그램은 사전고지 없이 변경될 수 있습니다.","[PROGRAM]

R. Schumann - Fantasiestucke, Op. 73
シューマン - 幻想小曲集 Op.73
I. Zart und mit Ausdruck 柔らかく表現を活かして
II. Lebhaft, Leicht 元気で軽く
III. Rasch und mit Feuer 速く燃えるように

S. Prokofiev - Sonata for Cello and Piano in C major, Op. 119
プロコピエフ - チェロ・ソナタC長調、Op.119
I. Andante grave
II. Moderato
III. Allegro, ma non troppo

INTERMISSION

F. Chopin - Sonata for Cello and Piano in G minor, Op. 65
ショパン - チェロソナタG鍛造、Op.65
I. Allegro moderato
II. Scherzo
III. Largo
IV。 Finale. Allegro

*プログラムは予告なく変更されることがあります。"
이현지 바이올린 독주회,イ・ヒョンジバイオリンソロ
"오페라와 떠나는 인문여행, 오페라 토스카",オペラと出発する人文旅行、オペラトスカー
"[프로그램]

Giacomo Puccini (1858~1924)
Opera Tosca 오페라 토스카

Concert Guide 김성민
Piano 김경미

Recondita armonia 오묘한 조화
Tenor 이태흠

Mario, Mario!.. son qui! 마리오, 마리오!.. 여기 있소!
Soprano 김유진 Tenor 이태흠

Te Deum 테 데움
Baritone 안세범

Vissi d’arte, vissi d’amore 예술에 살고, 사랑에 살고
Soprano 김유진

Io tenni la promessa 나는 약속을 지켰소
Soprano 김유진 Baritone 안세범

E lucevan le stelle 별은 빛나건만
Tenor 이태흠

E non giungono 아직이군요
Soprano 김유진 Tenor 이태흠","[プログラム]

Giacomo Puccini (1858～1924)
Opera Tosca オペラトスカ

Concert Guide キム・ソンミン
ピアノキム・ギョンミ

Recondita armonia 妙な調和
Tenor イテフム

Mario, Mario!.. son qui!マリオ、マリオ!..ここにいる！
Soprano キム・ユジン Tenor イ・テフム

Te Deum テデウム
Baritone アン・セボム

Vissi d’arte, vissi d’amore アートに住み、愛に生きる
Sopranoキム・ユジン

Io tenni la promessa 私は約束を守った
Soprano キム・ユジン Baritone アン・セボム

E lucevan le stelle 星は輝くだけ
Tenor イテフム

E non giungono まだですね
Soprano キム・ユジン Tenor イ・テフム"
김수철: 소리그림,キム・スチョル：音の絵
서울 | 예술의전당 한가람디자인미술관,ソウル|芸術の殿堂ハンガラムデザイン美術館
서울특별시 서초구 남부순환로 2406,ソウル特別市瑞草区南部循環路2406
제11회 용인시립합창단 정기연주회: 바로크 소리로 빚은 빛과 심연,第11回龍仁市立合唱団定期演奏会：バロックの声でお世話になった光と深淵
용인포은아트홀,龍仁浦銀アートホール
경기도 용인시 수지구 포은대로 499 (죽전동),京畿道龍仁市樹脂区ポウンデロ499（竹田洞）
창밖의 비창 Pathétique beyond the Pane : 김이안 피아노살롱,窓の外の雨槍Pathétique beyond the Pane：キムイアンピアノサロン
서울 | 서울숲 스튜디오301 Studio301,ソウル|ソウルフォレストスタジオ301 Studio301
서울특별시 성동구 서울숲길 36,ソウル特別市城東区ソウル森道36
제184회 춘천시립교향악단 정기연주회,第184回春川市立交響楽団定期演奏会
춘천문화예술회관 공연장,春川文化芸術会館会場
강원특별자치도 춘천시 효자상길5번길 13,江原特別自治道春川市孝子サンギル5番ギル13
"[PROGRAM]
 ▷ 모차르트 - 오페라 '돈 조반니' 서곡

 ▷ 모차르트 - 피아노 협주곡 제20번 라단조, 작품번호 466

   - 협연 : 피아니스트 김다솔

 ▷ 모차르트 - 교향곡 제38번 라장조, 작품번호 504 '프라하'","[PROGRAM]
 ▷モーツァルト - オペラ「ドン・ジョバンニ」

 ▷モーツァルト - ピアノ協奏曲第20番ラダンジョ、作品番号466

   - 共演：ピアニストキム・ダソル

 ▷モーツァルト - 交響曲第38番ラ・チャンジョ、作品番号504「プラハ」"
제주특별자치도립 서귀포합창단 제86회 정기연주회,済州特別自治都立西帰浦合唱団第86回定期演奏会
지휘자 백윤학의 Spring FESTA: 춤춰! 봄.,指揮者ペク・ユンハクのSpring FESTA：ダンス！春。
Younghwan Park Solo Exhibition 《Immaterial: What Remains》,Younghwan Park Solo Exhibition 《Immaterial: What Remains》
부산 | 맥화랑,釜山|マクファラン
부산광역시 해운대구 달맞이길117번나길 162,釜山広域市海雲台区月見道117番道162
"금호영아티스트콘서트, 이해온 바이올린 독주회",Kumho Youngアーティストコンサート、イ・ヘオンヴァイオリンソロ
"[PROGRAM]
볼프강 아마데우스 모차르트 Wolfgang Amadeus Mozart
바이올린 소나타 제24번 F장조, K.376
Violin Sonata No.24 in F Major, K.376
Allegro
Andante
Rondo. Allegretto grazioso
 
모리스 라벨 Maurice Ravel
바이올린 소나타 제2번 G장조, M.77
Violin Sonata No.2 in G Major, M.77
Allegretto
Blues. Moderato
Perpetuum mobile. Allegro

I N T E R M I S S I O N

요하네스 브람스 Johannes Brahms
바이올린과 피아노를 위한 소나타 제1번 G장조, ‘비', Op.78
Sonata for Violin and Piano No.1 in G Major, “Regen”, Op.78
Vivace ma non troppo
Adagio
Allegro molto moderato 

외젠 이자이 Eugène Ysaÿe
바이올린과 피아노를 위한 카미유 생상스 왈츠 형식의 에튀드에 의한 카프리스, Op.52/6
Caprice d'après l'etude en forme de Valse de Camille Saint-Saëns for Violin and Piano, Op.52/6","[PROGRAM]
ヴォルフガング・アマデウス・モーツァルト Wolfgang Amadeus Mozart
ヴァイオリンソナタ第24番F長調、K.376
Violin Sonata No.24 in F Major, K.376
Allegro
Andante
ロンド。 Allegretto grazioso
 
モリス ラベル Maurice Ravel
ヴァイオリンソナタ第2番G長調、M.77
Violin Sonata No.2 in G Major, M.77
Allegretto
ブルース。 Moderato
Perpetuum mobile. Allegro

I N T E R M I S S I O N

ヨハネス・ブラームス Johannes Brahms
ヴァイオリンとピアノのためのソナタ第1番G長調、「雨」、Op.78
Sonata for Violin and Piano No.1 in G Major, “Regen”, Op.78
Vivace ma non troppo
Adagio
Allegro molto moderato 

外禅イザイEugèneYsaÿe
ヴァイオリンとピアノのためのカミーユ・サンサンズ・ワルツ型のエチュードによるカプリス、Op.52/6
Caprice d'après l'etude en forme de Valse de Camille Saint-Saëns for Violin and Piano, Op.52/6"
"금호영재콘서트, 김주안 트럼펫 독주회",クムホヨンジェコンサート、キム・ジュアントランペットソロ
"[PROGRAM]

헤르만 벨스테트 Herman Bellstedt
나폴리 민요에 의한 변주곡 (트럼펫과 피아노를 위한 편곡 도널드 훈스버거)
Variations on a Neapolitan Song (arranged for Trumpet and Piano by Donald Hunsberger)

알렉산더 아루투니안 Alexander Arutiunian
트럼펫 협주곡 A-flat장조 (트럼펫과 피아노 연주)
Trumpet Concerto in A-flat Major (performed on Trumpet and Piano)

오스카 뵈메 Oskar Böhme
코넷과 피아노를 위한 발레 장면, Op.31
Ballet Scene for Cornet and Piano, Op.31

INTERMISSION

블라디미르 페스킨 Vladimir Peskin
트럼펫 협주곡 제2번 b-flat단조 (트럼펫과 피아노 연주)
Trumpet Concerto No.2 in b-flat minor (performed on Trumpet and Piano)

테오 샤를리에 Théo Charlier
트럼펫과 피아노를 위한 솔로 드 콩쿠르
Solo de Concours for Trumpet and Piano

외젠 보자 Eugène Bozza
트럼펫과 피아노를 위한 카프리스, Op.47
Caprice for Trumpet and Piano, Op.47","[PROGRAM]

ヘルマン・ベルステット Herman Bellstedt
ナポリ民謡による変奏曲（トランペットとピアノのための編曲ドナルドフンスバーガー）
Variations on a Neapolitan Song (arranged for Trumpet and Piano by Donald Hunsberger)

アレクサンダー・アルトゥーニアン Alexander Arutiunian
トランペット協奏曲A-flat長調（トランペットとピアノ演奏）
Trumpet Concerto in A-flat Major (performed on Trumpet and Piano)

オスカー・ヴォーメ Oskar Böhme
コネットとピアノのためのバレエシーン、Op.31
Ballet Scene for Cornet and Piano, Op.31

INTERMISSION

ウラジミール・フェスキン Vladimir Peskin
トランペット協奏曲第2番b-flat鍛造（トランペットとピアノ演奏）
Trumpet Concerto No.2 in b-flat minor (performed on Trumpet and Piano)

テオ・シャルリエ Théo Charlier
トランペットとピアノのためのソロ・デ・コンクール
Solo de Concours for Trumpet and Piano

外禅みよう Eugène Bozza
トランペットとピアノのためのカプリス、Op.47
Caprice for Trumpet and Piano, Op.47"
"DSAC 아트 셀렉션, 긴긴밤",DSACアートセレクション、長い夜
달서아트센터 구. 웃는얼굴아트센터) (청룡홀,ダルソアートセンター区。笑顔の顔アートセンター）（青龍ホール
대구 달서구 문화회관길 160,大邱ダルソ区文化会館道160
"[공연소개]
2023 국립정동극장 ‘세실 창작ing’ 선정‧개발 / 2024 ‘서울아트마켓' 팸스초이스 선정작.

판매 누적 70만부 베스트셀러, 제21회 문학동네어린이문학상 대상에 빛나는 
루리 작가의 동화 「긴긴밤」이 판소리로 재탄생한다! 

가벼운 서사 속에 짙은 메시지를 담아낸 
이 작품은 감각적인 음악과 리듬의 전개를 통해 판소리와 연극이 결합된 새로운 형식의 무대를 선보인다. 
소리꾼과 배우가 교차되며 이끌어가는 이야기에 더해지는 고수의 음악은 
더욱 다채로운 색깔로 작품의 이면을 그려낸다.​","【公演紹介】
2023国立鄭東劇場「セシル創作ing」に選定・開発

販売累積70万部ベストセラー、第21回文学近所の子供が文学賞の対象に輝く 
ルリ作家のおとぎ話「ギンギンナイト」がパンソリで再誕生する！ 

軽い叙事詩の中に濃いメッセージを入れた 
この作品は感覚的な音楽とリズムの展開を通じてパンソリと演劇が結合された新しい形式の舞台を披露する。 
サウンドと俳優が交差し、率いる物語に加わる古典的な音楽は、 
より多彩な色で作品の裏面を描く。"
왕자와 거지,王子と乞食
경북 | 롯데마트 구미점 3층 어린이소극장,慶北|ロッテマート欧米店3階子供小劇場
경상북도 구미시 구미대로22길 11,慶尚北道亀尾市亀尾通り22ギル11
DCH앙상블페스티벌: 더 케이윈즈,DCHアンサンブルフェスティバル：ザケイウィンズ
"해설이 있는 발레, 백조의 호수",解説のあるバレエ、白鳥の湖
뮤지컬 <여명의 눈동자>,ミュージカル＜女性の瞳＞
서울 | Converse Stage Arena 여명,ソウル| Converse Stage Arena 黎明
서울특별시 동작구 현충로 213 (동작동),ソウル特別市 洞区区忠忠路213 (動作)
"부천시립합창단 기획연주회, YOU사연Ⅰ",富川市立合唱団企画演奏会、YOU事情Ⅰ
"[PROGRAM]
[봄을 노래함]
- 무언으로 오는 봄 / 조혜영
- 봄이 오면 / 안효영
- 오메 살것네 / 국현

[꽃을 노래함]
- 모란이 피기까지는 / 우효원
- 도라지꽃 / 박지훈
- 꽃구름 속에 / 조성은
- 꽃 파는 아가씨 / 우효원 편곡 

[사연과 함께 (신청곡)]

* 본 프로그램은 주최 측 사정에 의해 변경될 수 있습니다.","[PROGRAM]
[春を歌う]
- 何かで来る春/チョ・ヘヨン
- 春が来たら/アン・ヒョヨン
- オメ生きる / 国県

[花を歌う]
-牡丹が咲くまでは/ウ・ヒョウォン
- 虎の花/パク・ジフン
- 花の雲の中/組成
- 花売る女性/ウ・ヒョウォン編曲 

【事情とともに（申込曲）】

*本プログラムは主催側の事情により変更されることがあります。"
《Images do think》,《Images do think》
서울 | 슈페리어 갤러리,ソウル|スーペリアギャラリー
서울특별시 강남구 테헤란로 528,ソウル特別市 江南区テヘランロ 528
제작공연 시리즈 명작 1. 신춘음악회: 가곡과 아리아의 밤,製作公演シリーズ名作1.新春音楽会：歌曲とアリアの夜
경기 | 평택남부문화예술회관,ゲーム|平沢南部文化芸術会館
경기도 평택시 중앙로 277,京畿道平沢市中央路277
웁스: Oops,ウプス: Oops
부산 | 어댑터플레이스,釜山|アダプタープレイス
부산광역시 수영구 광안해변로 193,釜山広域市水泳区広安海路193
구자범의 안산 사운드뮤직아카데미 <사월 다시피다>,グジャボムの安山サウンドミュージックアカデミー<四月にまた咲く>
경기 | 안산문화예술의전당 해돋이극장,ゲーム|安山文化芸術の殿堂日の出劇場
2026 브런치 콘서트 3월 <빛을 담다 : 램브란트부터 모네까지>,2026ブランチコンサート3月<光を盛る：ランブランドからモネまで>
경기 | 용인시평생학습관 큰어울마당,ゲーム|龍仁市生涯学習館
경기도 용인시 수지구 문정로7번길 15,京畿道龍仁市スジ区ムンジョンロ7番ギル15
대동여지도를 펼치다,大東余地図を広げる
서울 | 국립중앙박물관,ソウル|国立中央博物館
서울특별시 용산구 서빙고로 137,ソウル特別市龍山区サービンゴロ137
효자호랑이,ヒョジャトラ
충남 | 아산 코미디홀 도고아트홀 구.아산 코미디홀,忠南|アサンコメディホールドゴアートホール
흥부놀부,興富ノルブ
경기 | NC소극장,ゲーム| NC小劇場
경기도 안산시 단원구 광덕대로 194 (고잔동),京畿道安山市丹原区広徳大路194（高山洞）
THE WASP,THE WASP
세종문화회관 세종S씨어터,世宗文化会館世宗Sシアター
"유선태 초대전 'My Garden, My Artelier'",ユ・ソンテ招待展「My Garden、My Artelier」
서울 | 갤러리 가이아,ソウル|ギャラリーガイア
서울특별시 강남구 선릉로162길 43,ソウル特別市 江南区 仙陵路162ギル 43
연극 <그때도 오늘2: 꽃신>,演劇<その時も今日2：花神>
세종 | 세종예술의전당,世宗世宗芸術の殿堂
세종특별자치시 국립박물관로 21(나성동),世宗特別自治市国立博物館路21（ナ・ソンドン）
오민정 오보에 독주회,オミンジョンオーボエソロ
연극 <벙커 트릴로지 THE BUNKER TRILOGY>,演劇<バンカートリロジーTHE BUNKER TRILOGY>
전복된 해부학적 풍경 ＜X＞- 2025 창작산실 올해의신작 무용,転覆した解剖学的風景＜X＞- 2025創作産室 今年の新作舞踊
서울 | 아르코예술극장 대극장,ソウル|アルコ芸術劇場大劇場
서울특별시 종로구 대학로8길 7,ソウル特別市鍾路区大学路8ギル7
연희판판,ヨンヒボード
국립국악원 연희마당,国立国楽院ヨンヒ庭
우상임 아코디언 에세이: 붉은 풍금소리,アイドルイムアコーディオンエッセイ：赤い豊かな音
애월뮤직팩토리,アウォルミュージックファクトリー
제주특별자치도 제주시 애월읍 엄수로 63,済州特別自治道済州市アウォル邑厳守63
제35회 대한민국 신춘문예 페스티벌,第35回大韓民国新春文芸フェスティバル
서울 | 아르코예술극장 소극장,ソウル|アルコ芸術劇場小劇場
"제40회 한국무용제전: The Path, 몸의 궤적",第40回韓国舞踊祭典：The Path、体の軌跡
아르코예술극장 대극장,アルコ芸術劇場大劇場
서울 종로구 대학로8길 7,ソウル鍾路区大学路8ギル7
"[공연소개]

[사전행사 1] 

제32회 국내학술대회 <한국무용제전 40년의 기록과 미래를 위한 담론>

한국무용제전 40주년의 사전행사로서 국내학술대회 <한국무용제전 40년의 기록과 미래를 위한 담론>이 사전행사로 개최됩니다. (사)한국춤협회의 산하기관인 한국무용연구학회와 함께 개최하는 이번 학술대회에서는지난 40년간 한국무용제전이 축적해온 한국창작춤의 흐름과 성과를 학술적으로 조망하고, 그 예술적 가치와 시대적 의미를 재해석하며 앞으로의 방향과 담론을 모색하는 연구 발표가 이루어집니다. 한국창작춤과 학술이 만나는 담론의 장을 4월 3일(금) 오후 1시, 예술가의집 다목적홀에서 만나볼 수 있습니다.

[사전행사 2] <매력시리즈 - 서울의 거리 Dance Film>

매력의 도시 서울을 한국춤으로 담아낸다. 과거와 현재, 그리고 미래가 공존하며 세계적으로 그 아름다움을 인정받고 있는 서울의 거리와 공간을 한국무용수들이 찾아가 춤으로 표현한다. 한국무용제전의 사전행사로 주목받고 있는 ‘매력시리즈 - 서울의 거리 Dance Film’은 지금까지 을지로, 서순라길, 청계천, 종묘사잇길, 광화문태평로, 성균관로, 서촌길, 열린송현녹지광장, 서울역, 해방촌, 노원공릉숲길 등 서울의 다양한 장소에서 한국춤의 매력을 새롭게 그려내며 도시와 춤이 만나는 장면들을 기록해 왔다.

이번 댄스필름은 지난 2025 제39회 한국무용제전의 소극장부문 심사위원특별상 수상자인 박철순이 고덕수변생태공원을, 소극장부문에서 인상깊은 작품을 선보인 양지수가 서대문형무소를 춤으로 걸으며 40주년을 맞이한 한국무용제전을 더욱 특별하게 빛내줄 예정입니다. 또한 높은 조회수를 기록한 작품에는 베스트 Click상을 수여하여 안무자들의 창작 활동에 대한 노고를 치하하고 작품의 대중적 확산과 향후 창작 활동에 의미 있는 성과로 이어질 수 있도록 할 예정입니다. 4월 6일(월) 양지수, 7일(화) 박철순의 영상이 ‘한국춤협회’ 유튜브 채널을 통해 오후 7시 30분에 공개되며, 언제 어디서나 장소에 구애받지 않고 서울의 거리를 춤으로 만날 수 있습니다.

[부대행사] 40주년 기념 아카이빙 전시 <한국무용제전 40년, 그 시간의 기록> 

한국무용제전 40주년을 기념하여 부대행사 아카이빙 전시 <한국무용제전 40년, 그 시간의 기록>이 진행됩니다. 이번 전시는 제1회 한국무용제전부터 제40회에 이르기까지 축적된 공연 자료를 아카이빙하여 그 변화의 흐름과 기록을 공유하고, 한국창작춤의 계보와 담론을 체계적으로 살펴볼 수 있도록 기획되었습니다. 한국무용제전이 걸어온 40년의 시간 속에서 한국창작춤이 어떻게 변화하고 확장되어 왔는지를 다양한 기록 자료를 통해 만나볼 수 있습니다.

아르코예술극장 대극장 로비에서 진행되는 이번 아카이빙 전시는 한국무용제전 40년의 순간들을 사진과 영상으로 담아내어 한국창작춤의 역사와 흐름을 관객들과 함께 나누고자 합니다. <한국무용제전 40년, 그 시간의 기록> 전시는 4월 8일(수)부터 4월 19일(일)까지 아르코예술극장 대극장 로비에서 무료로 관람할 수 있습니다.

[개막초청공연 1] 40주년 기념 프로젝트팀 <춤, 그 신명>
[개막초청공연 2] 윤덕경 <밤의 소리>
[개막초청공연 3] (사)무용단 Altimeets 전수현 <공명과 신비>

[아르코예술극장 대극장 A-1] (사)무용단 Altimeets 박지수 <불휘 (THE ROOT)>
[아르코예술극장 대극장 A-2] Dance company 좋은 생각들 조한진 <어제, 오늘, 내일>
[아르코예술극장 대극장 B-1] 판댄스컴퍼니 장민혜 <파편>
[아르코예술극장 대극장 B-2] 임학선댄스위 조인호 <숨의 항로>
[아르코예술극장 대극장 C-1] Murmur Project 김성 <구부러진 사람들>
[아르코예술극장 대극장 C-2] 후댄스컴퍼니 유선후 <찬란한(radiant)>
[아르코예술극장 대극장 D-1] 강지혜댄스컴퍼니 강지혜 <소멸의 시간>
[아르코예술극장 대극장 D-2] 창무회 고경혜 <눈물 그릇(On the trail of traces)>
*공연순서와 무관

[폐막초청공연 1] 강미리할무용단 - 염(念)
[폐막초청공연 2] Dance us project 김현선 - 이방인들
[시상식] 2026 제40회 한국무용제전 시상식

<2026 제40회 한국무용제전 - The Path, 몸의 궤적> 에서 발표된 총 20개의 작품 중 대극장 부문에서 최우수, 우수작품상과 일반관객특별상, Best Dance 춤연기상이, 소극장 부문에서 최우수, 우수안무상, 심사위원특별상이 선정된다. 특히 올해는 좋은 안무와 작품을 보여준 안무자들을 위하여 대극장 부문에 선정된 8인을 “올해의 춤작가” 선정증서 수여와 함께 훌륭한 무용수들의 노고도 치하할 수 있게 되었다. 


[시놉시스]

[개막초청공연] 한국춤협회 명예이사장의 무대를 시작으로 이사진이 함께하는 뜻깊은 프로젝트와 한국창작춤의 현재를 보여주는 작품까지 이어지는 개막초청공연

한국무용제전의 개막초청공연은 한국무용제전을 위해 마음을 모은 많은 예술가들의 훌륭한 작품으로 꾸며집니다. 먼저 10여년 간 이사장으로서 한국춤협회를 이끌었던 명예이사장 윤덕경의 <밤의 소리>가 펼쳐집니다. <밤의 소리>는 안중식의 동양화 '성재수간도(聲在樹間圖)‘에서 영감을 받아 황병기선생께서 작곡한 곡을 ‘1990 현대춤작가전’에서 초연한 독무 작품입니다. 고요 속에서 증폭되는 울림, 그 밀도 높은 순간을 표현하는 작품입니다.

올해의 한국무용제전을 빛내는 특별 무대! 한국무용제전 40주년 프로젝트팀의 <춤, 그 신명>이 펼쳐집니다. 남녀노소 누구나 즐길 수 있는 작품인 <춤, 그 신명>은 1982년 초연되어, 관객이나 춤꾼이 합일을 통해 생성되는 또 다른 층위의 완성을 꾀하는 작품입니다. 작품 속의 춤꾼과 연주자, 그리고 관객들과의 소통으로 상생구조가 형성되며 사물연주와 현대음악의 접목, 연희성을 연극적 요소와 전통 복식의 현대적 착용으로 시각적인 미장센 연출로 작품을 극대화한 작품입니다. 이번 <춤, 그 신명> 무대는 한국춤협회의 이사진인 임현선, 이애현, 김용철 등 10명의 춤예술가들이 이번 한국무용제전을 위해 마음을 모았습니다. 한국무용제전 40주년을 맞아 한국춤협회 예술가들이 함께 만들어내는 또 하나의 ‘신명’의 무대가 펼쳐질 예정입니다. 

마지막으로 2025 제39회 한국무용제전 대극장부문 최우수작품상의 영예를 안은 (사)무용단 Altimeets 전수현의 작품 <공명과 신비>가 공연됩니다. 전수현 안무자의 <공명과 신비>는 우리의 말과 음악, 예술의 시간을 넘은 공명과 재탄생을 이야기하는 작품입니다. 땅을 울리는 듯한 군무의 에너지, 한국 예술의 해체와 재조합을 통한 울림을 선사합니다.  세 작품을 통해 한국춤의 역사와 현재, 그리고 새로운 울림을 만날 수 있는 이번 한국무용제전 개막초청공연은 관객 여러분께 깊이 있는 춤의 감동을 전할 것입니다.

[본공연] 2026 제40회 한국무용제전 <The Path, 몸의 궤적> 스무 명의 안무자가 선보이는 신작무대!

한국무용제전의 본공연은 〈The Path, 몸의 궤적〉을 주제로 한 작품들의 경연 무대로 펼쳐집니다. 대극장부문은 아르코예술극장 대극장에서 여덟 명의 안무자가 선보이는 신작으로 구성되며, 소극장부문은 동덕여자대학교 공연예술센터 코튼홀에서 열두 명의 안무가가 실험적이고 개성 있는 신작을 선보입니다. 경연 형식으로 진행되는 한국무용제전은 최우수 및 우수작품 선정을 통해 한국무용계의 차세대 안무가를 발굴하고, 한국창작춤의 대표 레퍼토리를 확장하며 새로운 예술적 시도를 이끄는 무용예술축제로 자리하고 있습니다.

[폐막초청공연 및 시상식] 한국창작춤의 부흥과 함께 한 작품, 그리고 새로운 감각의 수상작을 만나볼 수 있는 폐막초청공연

1980년대부터 지금까지 창작작업을 이어오며 부산 지역의 한국창작춤의 부흥을 이끌어 온  강미리할무용단의 <염(念)>을 폐막초청공연에서 만나실 수 있습니다. 작품 <염(念)>은 승무를 깊이 있게 해석해 낸 작품으로, ‘한국 전통춤의 한계에 대한 실험이자 넘쳐남에 대한 또 다른 실험이며 반드시 해야 할 필연적인 작업이다’라는 평을 들은 바 있습니다. 전통춤의 변용과 해체를 넘나들며 한국창작춤의 정체성과 입지를 단단하게 한 <염(念)>은 이번 폐막초청공연의 무대를 더욱 빛내줄 예정입니다.

뒤이어 2025년 제39회 한국무용제전 대극장부문 우수작품상 수상작인 Dance us project 김현선의 <이방인들>이 공연된다. 어떤 곳에 섞이지 못하는 이를 이방인으로 표현하며 누구나 이방인이 될 수 있기에 그 차이를 인정하고 공존해야 한다는 메세지를 담고 있습니다.

마지막으로 진행되는 시상식에서는 2026 제40회 한국무용제전 <The Path, 몸의 궤적>을 빛내준 수상작품들을 발표합니다. 총 20개의 작품 중 대극장 부문에서 최우수, 우수작품상과 관객특별상, 그리고 Best Dance 춤연기상이, 소극장 부문에서 최우수, 우수안무상, 심사위원특별상이 선정됩니다. 더불어 대극장부문에 선정된 8인의 안무가들에게 수여되는 ‘올해의 춤작가’ 선정증서와 사전행사 서울의거리 Dance film의 인기상이라고 할 수 있는 베스트 Click상까지 수여될 예정이니 많은 관심 부탁드립니다.

한국창작춤이 쌓아온 마흔 겹의 시간, 그리고 그 위로 겹쳐질 새로운 몸짓이 펼쳐지는 이번 2026 제40회 한국무용제전 <The Path, 몸의 궤적>을 함께 해주십시오.","【公演紹介】

[事前イベント1] 

第32回国内学術大会<韓国舞踊祭典40年の記録と未来のための談論>

韓国舞踊祭典40周年の事前行事として、国内学術大会「韓国舞踊祭典40年の記録と未来のための談論」が事前行事として開催されます。 （社）韓国ダンス協会の算術館である韓国舞踊研究学会とともに開催する今回の学術大会では、過去40年間韓国舞踊祭典が蓄積してきた韓国創作ダンスの流れと成果を学術的に眺望し、その芸術的価値と時代的意味を再解釈し、今後の方向と談論を模索する研究発表者韓国創作ダンスと学術が出会う談論の場を4月3日（金）午後1時、芸術家の家多目的ホールで会うことができます。

[事前イベント2] <魅力シリーズ - ソウルの街Dance Film>

魅力の都市ソウルを韓国ダンスに盛り込む。過去と現在、そして未来が共存し、世界的にその美しさを認められているソウルの街と空間を韓国舞踊家たちが訪ねて踊って表現する。韓国舞踊祭典の事前行事として注目されている「魅力シリーズ - ソウルの街Dance Film」はこれまで乙支路、ソスンラギル、チョンゲチョン、ジョンミョサイギル、光化門太平路、成均館路、ソチョンギル、開かれたソンヒョン緑地広場、ソウル駅、解放村、ノウォンゴンリョンの森都市と踊りが出会う場面を記録してきた。

今回のダンスフィルムは去る2025第39回韓国舞踊祭典の小劇場部門審査委員特別賞受賞者であるパク・チョルスンが高徳水変生態公園を、小劇場部門で印象深い作品を披露したヤン・ジスが西大門刑務所を踊りながら特別な舞踊を繰り広げた特別な舞台また、高い視聴回数を記録した作品には、ベストクリック賞を授与し、振付者たちの創作活動に対する労苦を致し、作品の大衆的拡散と今後の創作活動に意味のある成果につながるようにする予定です。 4月6日(月)ヤン・ジス、7日(火)パク・チョルスンの映像が「韓国ダンス協会」YouTubeチャンネルを通じて午後7時30分に公開され、いつでもどこでも場所にこだわらずソウルの街を踊ることができます。

【付帯行事】40周年記念アーカイブ展示＜韓国舞踊祭典40年、その時間の記録＞ 

韓国舞踊祭典40周年を記念して付帯行事アーカイブ展示<韓国舞踊祭典40年、その時間の記録>が行われます。今回の展示は、第1回韓国舞踊祭典から第40回に至るまで蓄積された公演資料をアーカイブしてその変化の流れと記録を共有し、韓国創作踊りの系譜と談論を体系的に見ることができるように企画されました。韓国舞踊祭典が歩んできた40年の時間の中で韓国創作踊りがどのように変化して拡張されてきたかを様々な記録資料を通じてお会いできます。

アルコ芸術劇場大劇場ロビーで行われる今回のアーカイブ展示は、韓国舞踊祭典40年の瞬間を写真と映像で盛り上げ、韓国創作踊りの歴史と流れを観客たちと分かち合おうとします。 ＜韓国舞踊祭典40年、その時間の記録＞ 展示は4月8日(水)から4月19日(日)までアルコ芸術劇場大劇場ロビーで無料で観覧できます。

[開幕招待公演1] 40周年記念プロジェクトチーム<ダンス、その命名>
[開幕招待公演2]ユン・ドクギョン<夜の音>
[開幕招待公演3]

[アルコ芸術劇場大劇場A-1]
[アルコ芸術劇場大劇場A-2] Dance company良いアイデアチョ・ハンジン<昨日、今日、明日>
[アルコ芸術劇場大劇場B-1]パンダンスカンパニーチャンミンヘ<破片>
[アルコ芸術劇場大劇場B-2]イムハクサンダンスウィジョインホ<息の航路>
[アルコ芸術劇場大劇場C-1] Murmur Projectキム・ソン<曲がった人々>
[アルコ芸術劇場大劇場C-2]フダンスカンパニーユ・ソンフ<チャンランハン>
[アルコ芸術劇場大劇場D-1]カン・ジヘダンスカンパニーカン・ジヘ<消滅の時間>
[アルコ芸術劇場大劇場D-2] 創務会高硬恵<涙器(On the trail of traces)>
*公演順と無関係

[閉幕招待公演1]カンミリ割舞踊団 - 塩(念)
[閉幕招待公演2] Dance us projectキム・ヒョンソン - 異邦人
[授賞式] 2026第40回韓国舞踊祭典授賞式

<2026 第40回韓国舞踊祭典 - The Path、体の軌跡>で発表された合計20の作品のうち大劇場部門で最優秀、優秀作品賞と一般観客特別賞、Best Danceダンス演技賞が、小劇場部門で最優秀、優秀振付賞、審査委員特別賞が特に今年は良い振付と作品を見せた振付者のために大劇場部門に選ばれた8人を「今年のダンス作家」選定証書授与とともに素晴らしい踊り手たちの労苦も治めることができるようになった。 


[シノプシス]

[開幕招待公演]韓国ダンス協会名誉理事長の舞台を皮切りに、李写真陣が共にする重要なプロジェクトと韓国創作ダンスの現在を見せる作品まで続く開幕招待公演

韓国舞踊祭典の開幕招待公演は韓国舞踊祭典のために心を集めた多くの芸術家たちの素晴らしい作品で飾られます。まず、10年余りの理事長として韓国ダンス協会を率いた名誉理事長のユン・ドクギョンの「夜の声」が広がります。 「夜の声」は、安中式の東洋画「聲在樹間圖」にインスピレーションを受け、ファン・ビョンギ先生が作曲した曲を「1990現代ダンス作家展」で初演した独務作品です。静けさの中で増幅される響き、その密度の高い瞬間を表現する作品です。

今年の韓国舞踊祭典を輝かせる特別舞台！韓国舞踊祭典40周年プロジェクトチームの<ダンス、その命名>が繰り広げられます。男女野荘 誰でも楽しめる作品である<ダンス、その命名>は1982年初演され、観客やダンサーが合一を通じて生成されるまた別の層の完成を図る作品です。作品の中のダンサーと演奏者、そして観客たちとのコミュニケーションにより、共生構造が形成され、物事演奏と現代音楽の接木、演喜性を演劇的要素と伝統ダブルスの現代的着用で視覚的な美装セン演出で作品を最大化した作品です。今回の「ダンス、その命名」の舞台は韓国ダンス協会の理事陣であるイム・ヒョンソン、イ・エヒョン、キム・ヨンチョルなど10人のダンス芸術家たちが今回の韓国舞踊祭典のために心を集めました。韓国舞踊祭典40周年を迎え、韓国ダンス協会芸術家たちが共に作り出すもう一つの「神命」の舞台が繰り広げられる予定です。 

最後に2025第39回韓国舞踊祭典大劇場部門最優秀作品賞の栄誉を抱いた（社）舞踊団Altimeetsチョン・スヒョンの作品＜共鳴と謎＞が公演されます。チョン・スヒョン振付者の「共鳴と謎」は、私たちの言葉と音楽、芸術の時間を超えた共鳴と再誕生を語る作品です。地を鳴らすような軍務のエネルギー、韓国芸術の解体と組換えを通じた響きをプレゼントします。  3作品を通じて韓国ダンスの歴史と現在、そして新たな響きに出会える今回の韓国舞踊祭展開幕招待公演は観客の皆さんに深いダンスの感動を伝えます。

[本公演] 2026 第40回韓国舞踊祭典<The Path、体の軌跡> 20人の振付師が披露する新作舞台！

韓国舞踊祭典の本公演は〈The Path、体の軌跡〉をテーマにした作品の競演舞台で繰り広げられます。大劇場部門はアルコ芸術劇場大劇場で8人の振付師が披露する新作で構成され、小劇場部門は東徳女子大学公演芸術センターコットンホールで12人の振付家が実験的で個性ある新作を披露します。競演形式で行われる韓国舞踊祭典は、最優秀および優秀作品選定を通じて韓国舞踊界の次世代振付家を発掘し、韓国創作ダンスの代表レパートリーを拡張し、新しい芸術的試みを導く舞踊芸術祭りに位置しています。

【閉幕招待公演及び授賞式】韓国創作踊りの復興と共にした作品、そして新たな感覚の受賞作に出会える閉幕招待公演

1980年代からこれまで創作作業を続け、釜山地域の韓国創作踊りの復興を導いてきたカンミリ割舞踊団の「炎」を閉幕招待公演でお会いできます。作品「炎」は、乗務を深く解釈した作品で、「韓国伝統踊りの限界に対する実験であり、あふれのもう一つの実験であり、必ずしなければならない必然的な作業だ」という評価を聞いたことがあります。伝統踊りの変容と解体を行き来して韓国創作踊りのアイデンティティと立地を固めた「炎」は、今回の閉幕招待公演の舞台をさらに輝かせる予定です。

続いて2025年第39回韓国舞踊祭典大劇場部門優秀作品賞受賞作であるDance us projectキム・ヒョンソンの<異邦人たち>が公演される。どんなところに混ざらないのかを異邦人として表現し、誰もが異邦人になることができるので、その違いを認めて共存しなければならないというメッセージが含まれています。

最後に行われる授賞式では、2026第40回韓国舞踊祭典「The Path、体の軌跡」を輝かせた受賞作品を発表します。全20作品のうち大劇場部門で最優秀、優秀作品賞と観客特別賞、そしてBest Danceダンス演技賞が、小劇場部門で最優秀、優秀振付賞、審査委員特別賞が選ばれます。また、大劇場部門に選ばれた8人の振付家たちに授与される「今年のダンス作家」選定証書と事前行事ソウルの街Dance filmの人気賞といえるベストClick賞まで授与される予定なので、多くの関心お願いします。

韓国創作踊りが積み重ねてきた四十重の時間、そしてその上に重なる新たなジェスチャーが繰り広げられる今回の2026第40回韓国舞踊祭典<The Path, 体の軌跡>を一緒にしてください。"
정악단 기획공연이습회 1932,政楽団企画公演二習会 1932
서울 | 국립국악원 풍류사랑방,ソウル|国立国楽院風流ラブルーム
서울특별시 서초구 남부순환로 2364,ソウル特別市瑞草区南部循環路2364
창작악단 기획공연 <수작 II>,創作楽団企画公演＜受験II＞
서울 | 국립국악원 우면당,ソウル|国立国楽院ウ・ミョンダン
최진석＜Four pieces for Orchestra＞- 2025 창작산실 올해의신작 음악,チェ・ジンソク＜Four pieces for Orchestra＞- 2025創作産室今年の新作音楽
제일 가까운 장애인화장실이 어디죠?,一番近い障害者トイレはどこですか？
서울 | 대학로예술극장 대극장,ソウル|大学路芸術劇場大劇場
서울특별시 종로구 대학로10길 17,ソウル特別市鍾路区大学路10ギル17
극단Y ＜디사이딩 세트＞- 2025 창작산실 올해의신작 연극,劇団Y＜デサイディングセット＞- 2025創作産室 今年の新作演劇
"가족뮤지컬 <태권, 날아올라>",家族ミュージカル<テコン、飛び上がる>
서울 | 국립중앙박물관 극장 용,ソウル|国立中央博物館劇場用
김치찌개 웨스턴 - 밥주걱과 45구경 권총의 결투,キムチチゲウェスタン - ご飯へらと45口径拳銃の決闘
극단 58번국도 ＜해녀 연심＞- 2025 창작산실 올해의신작 연극,劇団58番国道＜海女延心＞- 2025創作産室 今年の新作演劇
샤마,シャマ
서울시향 & 얍 판 츠베덴의 차이콥스키 교향곡 5번,ソウル市香＆ヤプパン ツベデンのチャイコフスキー交響曲第5番
"돔박아시, 고이래",ドームバクシー、ゴイレ
서울 | 대학로예술극장 소극장,ソウル|大学路芸術劇場小劇場
복도에서 만나,廊下で会う
미씽(Missing) - 플라스틱가든,ミシン(Missing) - プラスチックガーデン
리브 어 라이브,リブライブ
박용휘 ＜봄을 안고 온 아이＞- 2025 창작산실 올해의신작 전통예술,パク・ヨンフィ＜春を抱いてきた子供＞- 2025創作産室今年の新作伝統芸術
판타와 지노의 공룡탐험전,ファンタとジノの恐竜探検展
경기 | 포천반월아트홀 전시장,ゲーム|浦川半月アートホール展示場
경기도 포천시 군내면 청성로 111,京畿道浦川市郡内面清城路111
2026년 툇마루무용단 정기공연 ＜Community＞,2026年 トゥクトマル舞踊団定期公演＜Community＞
"ASAC 클래식. 구자범의 <사월, 다시 피다>",ASACクラシック。グジャボムの＜四月、再び咲く＞
"2026 토요명품 3,4월","2026年土曜名品3,4月"
"2026 다담 3,4월","2026 ダダム 3,4月"
2026 토요국악동화 4월,2026 東洋国楽童話 4月
2026 예술의전당 교향악축제,2026芸術の殿堂交響楽祭
서울 | 예술의전당 콘서트홀,ソウル|芸術の殿堂コンサートホール
2026 국립극장 <완창판소리> 4월,2026国立劇場<完槍版音> 4月
서울 | 국립극장 달오름극장,ソウル|国立劇場月上昇劇場
"2026 함께, 봄",2026年一緒に、春
서울 | 국립극장 해오름극장,ソウル|国立劇場海上劇場
백건우&슈베르트,ペクゴンウ＆シューベルト
강원 | 춘천문화예술회관,江原|春川文化芸術会館
강원도 춘천시 효자상길5번길 13 (효자동),江原道春川市孝子サンギル5番ギル13（ヒョジャドン）
보허자(步虛子): 허공을 걷는 자,步虛子：虚空を歩く人
"마티네 콘서트Ⅰ: 김영하 작가의 여행의 이유, 그리고 음악",マティーネコンサートⅠ：キム・ヨンハ作家の旅行の理由、そして音楽
"[공연소개]

수요일 오전, 클래식 음악과 함께 하는 마티네 콘서트.
2026년 네 번의 만남을 기다리고 있습니다. 4월과 5월, 9월과 10월, 계절과 계절 사이에 만나 음악과의 이야기를 시작합니다.
이번 시리즈는 작가 김영하가 함께 합니다. 매월 새로운 이야기와 작가가 직접 선별한 음악 큐레이션을 선보입니다.

음악의 이유, 여행의 이유
소설가의 시선으로 걷고, 음악의 선율로 기억하는 유럽

우리는 왜 여행을 떠날까요?
베스트셀러 작가이자 우리 시대의 이야기꾼, 김영하가 2026년 마티네 시리즈의 호스트가 되어 관객 여러분을 유럽의 낭만적인 도시로 초대한다.
이번 시리즈는 작가가 직접 이탈리아, 독일, 프랑스, 스페인을 여행하며 마주했던 낯선 풍경과 사람, 그 속에서 길어 올린 인문학적 통찰을 클래식 음악과 엮어내는 고품격 렉처 콘서트이다.
여행지에서 느꼈던 찬란한 햇빛과 고독한 사색, 그리고 예술적 영감을 무대 위로 생생하게 불러온다.
오전의 여유로운 시간, 김영하 작가의 매력적인 입담과 현지 정취를 가득 담은 연주가 어우러진 은 반복되는 일상에 지친 당신에게 '여행의 이유'를 다시금 일깨워 줄 특별한 휴식이 될 것이다.

삶은 축제처럼, 오페라의 나라
따스한 4월, 이탈리아 사람들은 매일 무대 위의 주인공처럼 산다. 잘 먹고, 크게 웃고, 뜨겁게 사랑한다. 김영하 작가가 전하는 이탈리아인들의 유쾌히고 낙천적인 라이프스타일과 함께한다. 화려하고드라마틱한 오페라 아리아와 낭만적인 이탈리아 가곡을 감상하며, 봄의 활력을 채우는 가장 신나는 무대이다.","【公演紹介】

水曜日の午前、クラシック音楽とのマティネコンサート。
2026年に4回の出会いを待っています。 4月と5月、9月と10月、季節と季節の間に会って音楽と​​の話を始めます。
今回のシリーズは作家キム・ヨンハが一緒に行います。毎月、新しい物語や作家が直接選んだ音楽キュレーションを披露します。

音楽の理由、旅行の理由
小説家の視線で歩き、音楽の旋律で覚えるヨーロッパ

なぜ私たちは旅に出るのですか？
ベストセラー作家であり、私たちの時代のストーリー、キム・ヨンハが2026年のマティーネシリーズのホストとなり、観客の皆さんをヨーロッパのロマンチックな都市に招待する。
今回のシリーズは、作家が直接イタリア、ドイツ、フランス、スペインを旅しながら向かい合った見知らぬ風景と人、その中で長めの人文学的洞察をクラシック音楽とまとめる高品格レクチャーコンサートだ。
旅行先で感じた爽やかな日光と孤独な思索、そして芸術的なインスピレーションを舞台の上に鮮やかに呼び寄せる。
午前のゆったりとした時間、キム・ヨンハ作家の魅力的な口談と地元の趣を満たした演奏が調和した銀繰り返される日常に疲れたあなたに「旅行の理由」を再び目覚めさせる特別な休息になるだろう。

ゆでまつりのように、オペラの国
暖かい4月、イタリア人は毎日舞台の上の主人公のように住んでいる。よく食べ、大きく笑って、熱く愛する。キム・ヨンハ作家が伝えるイタリア人たちの愉快で楽天的なライフスタイルと共にする。華やかでドラマチックなオペラアリアとロマンチックなイタリア歌曲を鑑賞し、春の活力を満たす最もエキサイティングな舞台だ。"
안애순 컴퍼니 <춤이 말하다: 문소리Ｘ리아킴>,アン・エスン・カンパニー
서울 | 강동아트센터 소극장 드림,ソウル|江東アートセンター小劇場ドリーム
서울특별시 강동구 동남로 870,ソウル特別市江東区東南路870
어린이 음악회 <신나락 만나락>,子どもミュージック会<神奈落会>
빼꼼의 동화여행,ペコムのおとぎ話旅行
경기 | 한국잡월드,ゲーム|韓国ジョブワールド
경기도 성남시 분당구 분당수서로 501,京畿道城南市盆唐区盆唐スソロ501
전북국제재즈페스타 시즌1,全北国際ジャズフェスタシーズン1
전북 | 더바인홀,全北|ダバインホール
전북특별자치도 전주시 완산구 안행로 14,全北特別自治道全州市万山区安行路14
관현악시리즈Ⅲ <2025 상주작곡가: 손다혜·홍민웅>,関弦楽シリーズⅢ <2025 常州作曲家: ソン・ダヘ・ホン・ミンウン>
귀향(歸鄕),帰郷（歸鄕）
정오의 음악회(4월),正午の音楽会（4月）
불란서 금고: 북벽에 오를 자 누구더냐,不乱書の金庫：北壁に上がりましょう。
서울 | 서경대학교 공연예술센터,ソウル|西京大学公演芸術センター
서울특별시 종로구 동숭길 148,ソウル特別市 鍾路区 猿道 148
NT Live <햄릿>,NT Live <ハムレット>
NT Live <워렌 부인의 직업>,NTライブ＜ウォーレン夫人の職業＞
절창Ⅵ,絶賛Ⅵ
연극 <노인의 꿈>,演劇＜お年寄りの夢＞
춘천 | 춘천문화예술회관,春川|春川文化芸術会館
접근성 높은 연극 <해리엇>,アクセシビリティの高い演劇<ハリオット>
아기 돼지 삼형제,赤ちゃん豚三兄弟
광주광역시 광산구 장신로 98 (장덕동),光州広域市光山区長信路98（長徳洞）
"[공연소개]
'극단레미'의 세계 명작 가족 뮤지컬
<아기 돼지 삼형제>","【公演紹介】
「極端なレミ」の世界名作家族ミュージカル
＜赤ちゃん豚三兄弟＞"
제주체_김석윤 건축전,済州体_キム・ソクユン建築展
제주 | 제주현대미술관,済州|済州現代美術館
제주특별자치도 제주시 한경면 저지14길 35,済州特別自治道済州市ハンギョンミョンジャージ14ギル35
제2회 신진예술인 풀충전 페스티벌,第2回新進芸術人フル充電フェスティバル
김흥수: 탐미(探美)의 일월(日月),キム・フンス：探美の日月
매직컬 <피터팬>,マジックカール<ピーターファン>
서울 | 한국방송회관 코바코홀 구. 브로드홀,ソウル|韓国放送会館コバコホール区。ブロードホール
서울특별시 양천구 목동동로 233 (목동) 한국방송회관,ソウル特別市楊川区木洞洞路233（木洞）韓国放送会館
10/10: 미술관 10년의 선택,10/10：美術館10年の選択
제주 | 제주도립김창열미술관,済州|済州都立キム・チャンヨル美術館
제주특별자치도 제주시 한림읍 용금로 883-5,済州特別自治道済州市漢林邑龍金路883-5
2026 소장품전《블랑 블랙 파노라마》,2026 所蔵品展《ブランブラックパノラマ》
경기 | 수원시립미술관,ゲーム|水原市立美術館
경기도 수원시 팔달구 정조로 833,京畿道水原市パルダル区チョンチョロ833
2025 신소장품 보고전,2025新所蔵品報告展
대구 | 대구미술관,大邱大邱美術館
대구광역시 수성구 미술관로 40,大邱広域市水城区美術館路40
"BBC 심포니 오케스트라, 사카리 오라모 ＆ 손열음",BBCシンフォニーオーケストラ、サカリオラモ＆手開く
2025 공공수장고 야외 전시 프로젝트 《강주현: 연결의 비정형》,2025 公共水蔵庫野外展示プロジェクト 《カン・ジュヒョン：連結の非定型》
2026 국립정동극장 예술단 <광대>,2026国立鄭東劇場芸術団<道化師>
서울 | 국립정동극장,ソウル|国立鄭東劇場
서울특별시 중구 정동길 43 (정동),ソウル特別市中区チョンドンギル43（チョンドン）
《파편의 파편: 박치호·정광희》,《破片の破片：パク・チホ・チョン・グァンヒ》
광주 | 국립아시아문화전당 문화창조원 복합 6관,光州|国立アジア文化殿堂文化創造院複合6館
"창작산실, 적토",創作産室、赤土
SLENDER SAINT Find Your Groove - EXPAND - I AM HERE,SLENDER SAINT Find Your Groove - EXPAND - I AM HERE
서울 | 파브릭 서울 Fabrik Seoul,ソウル|ファブリックソウル Fabrik Seoul
서울특별시 중구 을지로14길 16-3,ソウル特別市中区乙支路14ギル16-3
NEW 사랑과 전쟁,NEW愛と戦争
서울 | 대학로 스타릿홀,ソウル|大学路スターレットホール
서울특별시 종로구 대학로8가길 111 (동숭동),ソウル特別市鍾路区大学路8丁目111（東崇洞）
연극 <키리에>,演劇<キリエ>
서울 | 국립정동극장 세실 구.세실극장,ソウル|国立チョンドン劇場セシル区
서울특별시 중구 세종대로19길 16 (정동),ソウル特別市中区世宗大路19ギル16（チョンドン）
연극 빵야,演劇パン
서울 | 두산아트센터 연강홀,ソウル|斗山アートセンター軟鋼ホール
서울특별시 종로구 종로33길 15,ソウル特別市鍾路区鍾路33ギル15
윤성진: 2면 / 2시점 2 Faces / 2 Visions,ユン・ソンジン：2面/ 2視点2 Faces / 2 Visions
서울 | 갤러리JJ,ソウル|ギャラリーJJ
서울특별시 강남구 압구정로30길 63,ソウル特別市江南区狎鴎亭路30ギル63
유니버설발레단 발레 <돈키호테>,ユニバーサルバレエバレエ<ドン・キホーテ>
서울 | 강동아트센터 대극장 한강,ソウル|江東アートセンター大劇場漢江
군산시립교향악단 제166회 정기연주회 [프리뷰 콘서트],群山市立交響楽団第166回定期演奏会[プレビューコンサート]
전북 | 군산예술의전당,全北|群山芸術の殿堂
전라북도 군산시 백토로 203 (지곡동),全羅北道群山市白トロ203（チゴクドン）
심포니 오브 뮤지컬 <김문정의 쿡더뮤직>,シンフォニー・オブ・ミュージカル＜キム・ムンジョンのクック・ミュージック＞
2026 스타인웨이 위너콘서트 인 코리아,2026スタインウェイウィナーコンサートインコリア
백조의 호수,白鳥の湖
서울 | 예술의전당 오페라극장,ソウル|芸術の殿堂オペラ劇場
더블 빌 Bliss & Jakie,ダブルビル Bliss & Jakie
서울 | 세종문화회관 세종M시어터,ソウル|世宗文化会館世宗Mシアター
믹스드 오케스트라 26,ミックスドオーケストラ26
서울 | 세종문화회관 세종대극장,ソウル|世宗文化会館世宗大劇場
빅마더,ビッグマザー
나부코,なぶこ
제19회 베니스비엔날레 국제건축전 한국관 귀국전 《두껍아 두껍아: 집의 시간》,第19回ヴェネツィアビエンナーレ国際建築展韓国館帰国展《厚く厚く：家の時間》
서울 | 아르코미술관,ソウル|アルコ美術館
서울특별시 종로구 동숭길 3,ソウル特別市 鍾路区 猿道 3
나의 죽음을 애도하기,私の死を嘆く
서울 | 티오엠씨어터(구. 문화공간필링) 2관,ソウル|チオエムシアター（旧文化空間ピーリング）2館
안소니 맥콜: 원뿔을 그리는 선 2.0,アンソニーマッコール：コーンを描く線2.0
울산 | 울산시립미술관,蔚山|蔚山市立美術館
울산광역시 중구 미술관길 72,蔚山広域市中区美術館道72
롯콘 마티네: 대니 구의 플레이리스트,六本木マティーネ：ダニー区のプレイリスト
2026 경북대미술관 소장품전: 80개의 시선,2026慶北大美術館所蔵品展：80の視線
대구 | 경북대학교미술관,大邱慶北大学美術館
대구광역시 북구 대학로 80,大邱広域市北区大学路80
화음(和音),和音
서울 | 한국문화의집KOUS,ソウル|韓国文化の家KOUS
서울특별시 강남구 테헤란로92길 12-9,ソウル特別市江南区テヘランロ92ギル12-9
라움 마티네 콘서트,ラウム・マティーネコンサート
서울 | 소셜베뉴 라움 체임버홀,ソウル|ソーシャルベニューラウムチェンバーホール
서울특별시 강남구 언주로 564,ソウル特別市江南区鄭州路564
머스탱과 개꿈,マスタングとドリーム
서 | 예술의전당 CJ토월극장,立ち|芸術の殿堂CJトウォル劇場
다담,ダダム
"HIP, KOREA! - 시대를 잇는 공예, 미래를 빚다",HIP、KOREA！ - 時代をつなぐ工芸、未来をつくる
인천 | 인천국제공항,仁川|仁川国際空港
인천광역시 중구 공항로 272,仁川広域市中区空港路272
슬픈연극,悲しい演劇
소극장 고도,小劇場の高さ
대전광역시 중구 중앙로112번길 13 (대흥동),大田広域市中区中央路112番ギル13（大興洞）
"[공연소개]
'비워진 자리, 남겨진 온기'

<슬픈연극>은 이별을 앞둔 어느 부부의 평범한 저녁 이야기 입니다. 
특별한 사건도 극적인 반전도 없습니다. 
그저 늘 하던 말.. 늘 앉던 자리..늘 마시던 차 한 잔. 
그러나 그 평범함 속에 
우리가 미처 말하지 못한 마음들이 조용히 쌓여 있습니다. 

이 연극은
'웃기다가 조용히 울게 만들고.. 
울다가 다시 웃게 만드는 이야기' 입니다.

공연이 끝난 뒤, 당신은 아마도 가장 먼저..
'지금 곁에 있는 사람의 얼굴을 떠올리게 될 것' 입니다. 

작품의 매력> '슬프지만 따뜻하고 조용하지만 오래 남는 연극'

*눈물샘을 억지로 자극하지 않습니다.
*부부,연인,부모를 떠올리게 만드는 이야기
*과장된 감정 없이 담담하게 마음을 건드립니다.
*대사보다 '침묵'이 오래 남는 연극
*혼자 보아도 함께 보더라도  깊은 여운","【公演紹介】
「空いた場所、残されたぬくもり」

<悲しい演劇>は別れを控えたある夫婦の平凡な夕方の話です。 
特別な出来事も劇的な反転もありません。 
ただいつもやっていた言葉…いつも座っていた席…いつも飲んだお茶を一杯。 
しかし、その平凡さの中で 
私たちが言うことができなかった心は静かに積まれています。 

この演劇は
'笑いながら静かに泣かせて.. 
泣いて再び笑わせる話」です。

パフォーマンスが終わった後、あなたはおそらく最初に..
「今、そばにいる人の顔を思い出すようになります」。 

作品の魅力 > 「悲しいけれど暖かく静かだが長く残る演劇」

*涙腺を無理やり刺激しません。
*夫婦、恋人、両親を思い出させる物語
*誇張された感情なしに淡々と心を渡します。
*大使より「沈黙」が長く残る演劇
*一人で見ても一緒に見ても深い余韻"
"The New, The Crafts: 마음을 담다, 마음을 잇다","The New, The Crafts: 心を入れる, 心をつなぐ"
강원의 통일신라,江原の統一新羅
강원 | 국립춘천박물관,江原|国立春川博物館
강원특별자치도 춘천시 우석로 70,江原特別自治道春川市ウソクロ70
한상민의 매직쇼,ハン・サンミンのマジックショー
인천 | 루시드아트홀,仁川|ルシッドアートホール
인천광역시 남동구 서창남로 69 (서창동),仁川広域市南東区西昌南路69（西昌洞）
2025년 국외교류전 《푸름의 대화: 한국과 오스트리아의 쪽빛》,2025年国外交流展 《青の対話：韓国とオーストリアの側光》
전북 | 국립무형유산원,全北|国立無形遺産園
전북특별자치도 전주시 완산구 서학로 95,全北特別自治道全州市万山区西学路95
"2025 국립경찰박물관 특별전 <나의 영웅, 우리의 경찰>",2025国立警察博物館特別展<私の英雄、私たちの警察>
서울 | 경찰박물관,ソウル|警察博物館
서울특별시 종로구 새문안로 41,ソウル特別市鍾路区セムンアンロ41
ACC NEXT아시아 신진 작가전,ACC NEXTアジア新進作家展
광주 | 국립아시아문화전당,光州|国立アジア文化殿堂
광주광역시 동구 문화전당로 38 (광산동) 아시아문화전당,光州広域市東区文化殿堂路38（光山洞）アジア文化殿堂
토요키즈클래식 (상반기),トヨキッズクラシック（上半期）
경기 | 용인포은아트홀,ゲーム|龍仁浦銀アートホール
기획전시 《확장의 순간 : 설박·이성경》,企画展示 《拡張の瞬間：雪雪・異聖書》
전남 | 함평군립미술관,全南|咸平郡立美術館
전라남도 함평군 함평읍 곤재로 27,全羅南道咸平郡咸平邑コンジェロ27
종로구립 박노수미술관 개관12주년 기념전시 「산수&middot;격물」,鍾路区立パクノス美術館開館12周年記念展示「山水＆格物」
서울 | 종로구립 박노수미술관,ソウル|鍾路区立パクノス美術館
서울특별시 종로구 옥인1길 34,ソウル特別市鍾路区オクイン1ギル34
고희동미술관 재개관 6주년기념전시 「만고상청萬古常靑: 군자의 품격」,コ・ヒドン美術館再開館6周年記念展示「万古商庁萬古常靑：軍者の品格」
서울 | 종로구립 고희동미술관,ソウル|鍾路区立高姫洞美術館
서울특별시 종로구 창덕궁5길 40,ソウル特別市鍾路区昌徳宮5ギル40
2025년 특별기획전《경산에서 타오른 의병의 불꽃_임진왜란의 기억》,2025年特別企画展《慶山で燃え上がった義兵の花火_壬辰倭乱の記憶》
경북 | 경산시립박물관,慶北|慶山市立博物館
"경상북도 경산시 박물관로 46,경산시립박물관",慶尚北道慶山市博物館46、慶山市立博物館
2025 김천시립박물관 특별전 '유럽의 차 문화',2025年キムチョン市立博物館特別展「ヨーロッパの茶文化」
경북 | 김천시립박물관,慶北|金川市立博物館
경상북도 김천시 대항면 직지사길 130,慶尚北道金川市大港面直知寺130
2025년 대전근현대사전시관 특별전 <추억의 문방구>,2025年大田近現代史展示館特別展<思い出の文房具>
대전 | 대전근현대사전시관,大田|大田近現代史展示館
대전광역시 중구 중앙로 101,大田広域市中区中央路101
조선시대 노인 예우제도,朝鮮時代の老人エウ諸島
대전 | 대전시립박물관,大田|大田市立博物館
대전광역시 유성구 도안대로 398,大田広域市儒城区図案通り398
오르간 오딧세이,オルガンオデッセイ
동물원에 간 고양이,動物園に行った猫
"삼청각 수요상설공연, 三淸: 삼청",三清閣需要常設公演、三淸：三清
삼청각 일화당,三清閣一和堂
서울 성북구 대사관로 3,ソウル城北区大使館路3
한영숙류 이철진 춤: 오직 승무,ハン・ヨンスクリュ・イチョルジンダンス：
성균소극장,成菌劇場
서울특별시 종로구 성균관로 12-3 (명륜2가),ソウル特別市鍾路区成均館路12-3（明輪2街）
"[공연소개]

2026년 매주 월요일,
대학로 성균소극장에서 펼쳐지는
이철진의 승무이야기 〈오직 승무〉.


승무(僧舞)는 한국 전통춤을 대표하는 예술 작품으로, 불교적 수행의 정신성과 인간 내면의 감정을 함께 담아낸 고도의 미학을 지닌 춤이다. 장삼이 그려내는 섬세한 선, 절제된 호흡과 장단, 정중동(靜中動)의 미학은 고요 속에서 폭발하는 생명력과 깊은 사유의 세계를 만들어낸다.

 
이 무대는 한성준-한영숙-이애주로 이어지는 정통 계보를 잇는 춤꾼 이철진의 깊이 있는 해석으로 만나는 승무이다. 수십 년간 승무 외길을 걸어온 그는, 춤이 지닌 철학과 시간의 밀도를 무대 위에 온전히 펼쳐 보인다. 한 동작, 한 호흡마다 축적된 수행의 흔적과 예술가로서의 내공이 고스란히 드러난다.

 
오픈런으로 진행되는 〈오직 승무〉는, 고요 속에서 울려 퍼지는 움직임의 울림을 통해 관객이 스스로의 내면과 마주하는 특별한 시간을 선사한다.","【公演紹介】

2026年毎週月曜日、
大学路成均小劇場で繰り広げられる
イ・チョルジンの乗務物語〈ただの乗務〉。


僧舞は韓国伝統踊りを代表する芸術作品で、仏教的遂行の精神性と人間内面の感情を共に盛り込んだ高度な美学を持つ踊りだ。長三が描く繊細な線、切除された呼吸と長団、靜中動の美学は静けさの中で爆発する生命力と深い理由の世界を作り出す。

 
この舞台はハン・ソンジュン-ハン・ヨンスク-イエジュにつながる本格系譜をつなぐダンサーイ・チョルジンの深い解釈で会う乗舞だ。数十年間、乗務外道を歩いてきた彼は、踊りの哲学と時間の密度を舞台の上に完全に広げて見える。 1つのアクション、1つの呼吸ごとに蓄積された演奏の痕跡とアーティストとしての内空がそっくり明らかになる。

 
オープンランで進行される〈ただの乗舞〉は、静けさの中で響き渡る動きの響きを通じて観客が自らの内面と向き合う特別な時間をプレゼントする。"
개같은 아빠,犬のようなお父さん
경기 | KBS 수원아트홀,ゲーム| KBS水原アートホール
경기도 수원시 팔달구 인계로 123 (인계동),京畿道水原市八達区引き継ぎ路123（仁川洞）
버블에스의 컬러버블쇼,バブルSのカラーバブルショー
슈만,シューマン
서울 | 굿씨어터,ソウル|グッドシアター
서울특별시 종로구 대학로 144 (혜화동),ソウル特別市鍾路区大学路144（恵化洞）
서도호,ソドホ
서울 | 국립현대미술관 서울관,ソウル|国立現代美術館ソウル館
서울특별시 종로구 삼청로 30,ソウル特別市鍾路区三清路30
안나 카레니나,アンナ・カレニナ
세종문화회관 세종대극장,世宗文化会館世宗大劇場
뮤지컬 <스톤>,ミュージカル<ストーン>
서울 | 예그린씨어터,ソウル|はいグリーンシアター
서울특별시 종로구 동숭길 130-5 (동숭동),ソウル特別市鍾路区東崇路130-5
드로잉 매직쇼 크레용용,図面マジックショークレヨン
복싱연극 <터치(TOUCH)>,ボクシング演劇<タッチ(TOUCH)>
서울 | 한성아트홀(구. 인켈아트홀) 1관,ソウル|ハンソンアートホール（旧インケルアートホール）1館
서울특별시 종로구 창경궁로 254,ソウル特別市鍾路区昌慶宮路254
"2026 소장품 상설전 《시대와 함께한 예술가, 이응노》",2026 所蔵品常設展《時代と共にしたアーティスト、イ・ウンノ》
대전 | 대전 이응노미술관,大田|大田李応野美術館
대전광역시 서구 둔산대로 157,大田広域市西区斗山大路157
"2026 이응노미술관 기획전 《이종수-Clay, Play, Stay》","2026インノ美術館企画展《イ・ジョンス-Clay, Play, Stay》"
"김선두 - 색의 결, 획의 숨",キム・ソンドゥ - 色の結、ストロークの息
"《출산, 모두의 잔치》",《出産、みんなのごちそう》
서울 | 국립민속박물관,ソウル|国立民俗博物館
서울특별시 종로구 삼청로 37,ソウル特別市鍾路区三清路37
읽기의 기술: 종이에서 픽셀로,読書の技術：紙からピクセルへ
마술사 제이티의 과학실험실: 레볼루션,魔術師ジェイティの科学実験室：レボリューション
인천 | 인천어린이과학관 강당,仁川|仁川子供科学館講堂
인천광역시 계양구 주부토로 456,仁川広域市桂陽区中部トロ456
연극 리타길들이기 <Educating Rita>,演劇リタ飼育<Educating Rita>
서울 | 아트하우스,ソウル|アートハウス
서울특별시 종로구 대학로10길 26(동숭동),ソウル特別市鍾路区大学路10ギル26（東崇洞）
이대원,イ・デウォン
서울 | 국립현대미술관 덕수궁관,ソウル|国立現代美術館徳寿宮館
파리의 이방인,パリの異邦人
프리미엄 어린이 마술공연: 리온의 신비한 과자상점,プレミアムキッズマジックパフォーマンス：レオンの神秘的なお菓子屋
경남 | 아르디ys아트홀,慶南|アルディysアートホール
경상남도 양산시 물금읍 증산역로 163,慶尚南道楊山市ムルム邑増山駅163
은밀하게 위대하게: THE LAST,秘密にすばらしく: THE LAST
서울 | 대학로 뮤지컬센터,ソウル|大学路ミュージカルセンター
경상북도 구미시 대학로 61,慶尚北道亀尾市大学路61
A여고 사서의 영광과 비극,A女子司書の栄光と悲劇
서울 | 대학로 드림아트센터,ソウル|大学路ドリームアートセンター
서울특별시 종로구 동숭길 123,ソウル特別市 鍾路区 猿道 123
데미안 허스트,デミアンハースト
방혜자,恵み
충북 | 국립현대미술관 청주관,忠北|国立現代美術館清州館
충청북도 청주시 청원구 상당로 314,忠清北道清州市清原区314
MMCA 다원예술 2026: 탐정의 시간,MMCA多元芸術2026：探偵の時間
MMCA 필름앤비디오 2026,MMCAフィルム＆ビデオ2026
MMCA×LG OLED 시리즈 2026,MMCA×LG OLEDシリーズ2026
이것은 개념미술이 (아니)다,これはコンセプトアートです（いいえ）
과천관 40주년 프로젝트: 빛의 상상들,果川館40周年プロジェクト：光の想像
경기 | 국립현대미술관 과천관,ゲーム|国立現代美術館果川館
경기도 과천시 광명로 313,京畿道果川市光明路313
샌드아트뮤지컬 [한아이],サンドアートミュージカル[ハンアイ]
부산 | 해운대문화회관 해운홀,釜山|海雲台文化会館海運ホール
부산광역시 해운대구 양운로 97,釜山広域市海雲台区ヤンウンロ97
긴긴밤,長い夜
강동아트센터 소극장 드림,江東アートセンター小劇場ドリーム
올해의 작가상 2026,今年の作家賞2026
"제16회 기획전시 『여성, 삶을 이끌다!: 사랑 & 헌신』 전(展)",第16回企画展示『女性、人生を導く！：愛＆献身』展
충북 | 반기문평화기념관,忠北|潘基文平和記念館
충청북도 음성군 원남면 행치길 15-5,忠清北道音声郡原南面行道15-5
울산 할머니의 보물상자,蔚山おばあちゃんの宝箱
울산 | 울산박물관,蔚山|蔚山博物館
울산광역시 남구 두왕로 277,蔚山広域市南区ドゥワンロ277
오늘도 극한직업,今日も極限職業
BNK부산은행 조은극장 2관,BNK釜山銀行チョ・ウンシアター2館
부산 중구 구덕로34번길 4,釜山中区九徳路34番ギル4
"2025 예천박물관 기탁문중 특별전 '記錄, 역사가 되다'",2025イェチョン博物館寄託文中特別展「記錄、歴史になる」
경북 | 예천박물관,慶北|イェチョン博物館
경상북도 예천군 감천면 복골길 150,慶尚北道慶川郡慶川面150
2025 아뜰리에 광화 겨울 전시 <영원>,2025アトリエ光化冬展<永遠>
서울 | 세종문화회관,ソウル|世宗文化会館
노인의 꿈,高齢者の夢
엘시노어,エルシノ語
서울 | JS아트홀 구. 고스트씨어터 구.다소니씨어터,ソウル| JSアートホール区。ゴーストシアター区。ダソニーシアター
서울특별시 종로구 동숭길 94 (동숭동),ソウル特別市鍾路区東崇路94
《최재은: 약속》,《チェ・ジェウン：約束》
서울 | 서울시립미술관,ソウル|ソウル市立美術館
서울특별시 중구 덕수궁길 61,ソウル特別市中区徳寿宮道61
볼로냐 일러스트 원화전 59th,ボローニャイラスト原画展59th
서울 | 예술의전당 한가람미술관,ソウル|芸術の殿堂ハンガラム美術館
내 친구 유관순: 불꽃처럼 일어나라!,私の友人ユ・グァンスン：炎のように立ち上がる！
서대문형무소역사관 특별전 '옥사에서 보는 일제강점기 독립운동',西大門刑務所歴史館特別展「オキサで見る日帝強占期独立運動」
서울 | 서대문형무소역사관,ソウル|西大門刑務所歴史館
국가유산 미디어아트 특별전,国家遺産メディアアート特別展
제주 | 제주세계자연유산센터,済州|済州世界自然遺産センター
제주특별자치도 제주시 조천읍 선교로 569-36,済州特別自治道済州市朝川邑宣教路569-36
"교육개혁 30년 기념 한밭교육박물관 특별전 [오늘의 교육, 과거가 그린 미래]",教育改革30年記念漢畑教育博物館特別展[今日の教育、過去が描いた未来]
대전 | 한밭교육박물관,大田|漢畑教育博物館
대전광역시 동구 우암로 96,大田広域市東区ウアムロ96
고암이응노생가기념관 소장품 기획전시 《확장되는 선》,ゴアム応野生家記念館所蔵品企画展示 《拡張される線》
충남 | 고암 이응노생가기념관,忠南|ゴアムイ・ウン野生家記念館
충청남도 홍성군 홍북읍 이응노로 61-7,忠清南道洪城郡洪北邑インノロ61-7
국립광주박물관 도자문화관 개관,国立広州博物館陶磁文化館開館
광주 | 국립광주박물관,光州|国立広州博物館
광주광역시 북구 하서로110,光州広域市北区ハソロ110
나르치스와 골드문트,ナルチスとゴールドムント
서울 | 예스24아트원,ソウル|イエス24アートワン
서울특별시 종로구 대학로 12길 83,ソウル特別市鍾路区大学路12ギル83
국립춘천박물관 '강원의 삶과 이상향',国立春川博物館「江原の生活と理想郷」
킹키부츠,キングキーブーツ
비틀쥬스,ビートルジュース
사랑(Deep Affection),愛(Deep Affection)
Invisible Actors',Invisible Actors '
대구 | 갤러리 팔조,大邱ギャラリーパルジョ
대구광역시 수성구 들안로13길 66-6,大邱広域市水城区野安路13ギル66-6
JMA 야외정원프로젝트 《남쪽으로 지는 해》,JMA野外庭園プロジェクト 《南に負ける年》
전북 | 전북도립미술관,全北|全北都立美術館
전북특별자치도 완주군 구이면 모악산길 111-6,全北特別自治道完州郡区面母岳山道111-6
연극 <과속스캔들>,演劇<スピードスキャンダル>
서울 | 나인진홀 2관 B1층,ソウル|ナインジンホール2館B1階
연극 <런투패밀리>,演劇<ラントファミリー>
"2025 상주박물관 특별기회전 '화령, 백두대간이 품은 마을'",2025常州博物館特別機回転
경북 | 상주박물관,慶北|常州博物館
경상북도 상주시 사벌국면 경천로 684,慶尚北道常州市侍国面慶川路684
미디어 퍼포먼스 겨울잠,メディアパフォーマンス冬眠
서울 | DDP 동대문디자인플라자,ソウル| DDP東大門デザインプラザ
서울특별시 중구 을지로 281,ソウル特別市中区乙支路281
예술가의 연구 《미완의 식물지-이소요》《꽃 시계-안나 리들러》,アーティストの研究 《未完の植物地-イヨヨ》《花時計-アンナリドラー》
서울 | 서울시립 북서울미술관,ソウル|ソウル市立北ソウル美術館
서울특별시 노원구 동일로 1238,ソウル特別市 ノウォン区東路1238
도파민 하이프 Dopamine Hype,ドーパミンハイプ Dopamine Hype
서울 | 김희수아트센터,ソウル|キム・ヒスアートセンター
서울특별시 동대문구 홍릉로 118 (청량리동),ソウル特別市東大門区洪陵路118（清涼里洞）
NEW! The경주; 경주연대기,NEW！ Theレース;慶州年代記
경북 | 경주예술의전당 알천미술관,慶北|慶州芸術の殿堂アルチョン美術館
경상북도 경주시 알천북로 1,慶尚北道慶州市アルチョン北路1
물방울의 방 : 3D2D,水滴の部屋：3D2D
"2025 영종역사관 특별기획전 <영종진:永宗, 그 시작>",2025年永宗歴史館特別企画展<ヨンジョンジン：永宗、その始まり>
인천 | 영종역사관,仁川|永宗歴史館
인천광역시 중구 구읍로 63,仁川広域市中区区邑路63
前後의 시선: 동강사진박물관 20년 특별전,前後の視線：東江写真博物館20年特別展
강원 | 동강사진박물관,江原|東江写真博物館
강원특별자치도 영월군 영월읍 영월로 1909-10,江原特別自治道永月郡永月邑永月路1909-10
소멸의 시학: 삭는 미술에 대하여,消滅の詩学：削る美術について
"2025 기획특별전 <空과 時, 그 안의 人>",2025 企画特別展＜空と時、その中の人＞
서울 | 성북선잠박물관,ソウル|城北船潜博物館
서울특별시 성북구 성북로 96,ソウル特別市城北区城北路96
2025 부산현대미술관 플랫폼_나의 집이 나,2025釜山現代美術館プラットフォーム_私の家
부산 | 부산현대미술관,釜山|釜山現代美術館
부산광역시 사하구 낙동남로 1191,釜山広域市サハグナクドンナムロ1191
제5회 한글실험프로젝트 &lt;글(자)감(각): 쓰기와 도구&gt;,第5回ハングル実験プロジェクト＆lt;文字（各）：書き込みとツール
서울 | 문화역 서울 284 RTO,ソウル|文化駅ソウル284 RTO
서울특별시 중구 통일로 1,ソウル特別市中区統一路1
"국립춘천박물관 브랜드2 '강원의 불교미술, 깨달음을 찾는 길'",国立春川博物館ブランド2「江原の仏教美術、悟りを求める道」
길 위의 노마드: 중앙아시아 이동과 교류의 유산,道の上のノーマド：中央アジア移動と交流の遺産
"2025년 기획전시 <사상, 맛의 기억>",2025年企画展示＜思想、味の記憶＞
부산 | 사상생활사박물관,釜山|思想生活史博物館
부산광역시 사상구 낙동대로1258번길 36,釜山広域市沙上区洛東大路1258番道36
신상호: 무한변주,シンサンホ：インフィニティ
조안 조나스: 인간 너머의 세계,ジョアン・ジョナス：人間を超えた世界
경기 | 백남준아트센터,ゲーム|ペクナムジュンアートセンター
경기도 용인시 기흥구 백남준로 10,京畿道龍仁市ギフン区ペクナムジュンロ10
"보존과학, 새로운 시작 함께하는 미래",保存科学、新しいスタートと一緒になる未来
서울생활관박물관 기획전시 <아가 마중>,ソウル生活館博物館企画展示<アガお迎え>
서울 | 서울생활사박물관,ソウル|ソウル生活史博物館
서울특별시 노원구 동일로 174길 27,ソウル特別市ノウォン区東路174ギル27
"2025 경기생활도자미술관 하반기 기획전 《다음 도예: 세대, 탐색, 확장》",2025 京畿生活陶磁美術館下半期企画展 《次の陶芸：世代、探索、拡張》
경기 | 경기생활도자미술관,ゲーム|京畿生活陶磁美術館
경기도 여주시 신륵사길 7,京畿道麗州市新楼サギル7
공감 천안: 격세지감,共感天安：隔地感
충남 | 천안박물관,忠南|天安博物館
충청남도 천안시 동남구 천안삼거리길 27,忠清南道天安市東南区天安三路27
<푸룻푸룻 프렌즈 : 빠씨를 찾아서> 어린이 체험전,＜フルートフルートフレンズ：パシーを探して＞子供体験展
부산 | 아난티 힐튼 호텔,釜山|アナンティ ヒルトン ホテル
부산광역시 기장군 기장읍 기장해안로 268-32,釜山広域市キジャン郡キジャン邑キジャン海岸268-32
만인산: 보존과 해체의 기록,マンリン酸：保存と解体の記録
경기 | 국립민속박물관 파주,ゲーム|国立民俗博物館坡州
경기도 파주시 탄현면 헤이리로 30,京畿道坡州市タンヒョンミョンヘリロ30
블링블링 캐치! 티니핑 심포니,ブリンブリングキャッチ！ティニッピング交響曲
여주 상원사 흙 속에서 깨어나다,女州上院寺の土の中で目が覚める
경기 | 여주박물관,ゲーム|ヨジュ博物館
경기도 여주시 신륵사길 6-12,京畿道楊州市新嘉寺路6-12
"통영 안정사, 유물로 보는 공간과 의례문화",統営安定史、遺物として見る空間と儀礼文化
경남 | 통영시립박물관,慶南|統営市立博物館
경상남도 통영시 중앙로 65,慶尚南道統営市中央路65
AI 기반 미디어아트 전시 《뉴-미디어의 재해-석》,AIベースのメディアアート展示「ニューメディアの災害石」
서울 | 중랑아트센터,ソウル|中浪アートセンター
서울특별시 중랑구 망우로 353 이노시티 C동 B2F 중랑아트센터,ソウル特別市中浪区マンウロ353イノシティCドンB2F中浪アートセンター
신라한향,新羅韓香
경북 | 솔거미술관,慶北|ソルガー美術館
경상북도 경주시 경감로 614,慶尚北道慶州市慶尚路614
"한국 무속의 원형을 만나는 특별한 전시 &lt;안녕, 금성당&gt;",韓国無属の原型に会う特別な展示＆lt;こんにちは、金星堂＆gt;
서울 | 은평역사한옥박물관,ソウル|ウンピョン歴史韓屋博物館
서울특별시 은평구 연서로50길 8,ソウル特別市ウンピョン区ヨンソロ50ギル8
"봄, 여름, 가을, 겨울 - 흔들리는 계절",春、夏、秋、冬 - 揺れる季節
서울 | 서대문 자연사박물관,ソウル|西大門自然史博物館
서울특별시 서대문구 연희로32길 51,ソウル特別市西大門区ヨンヒロ32ギル51
"80년, 함께 걸어온 기억의 순간",80年、一緒に歩んできた記憶の瞬間
충남 | 국립부여박물관,忠南|国立付与博物館
충청남도 부여군 부여읍 금성로 5,忠清南道扶余郡涙邑金星路5
뮤지컬 데스노트,ミュージカルデスノート
서울 | 디큐브아트센터,ソウル|デキューブアートセンター
서울특별시 구로구 경인로 662,ソウル特別市区区区京仁路662
번지고 남아있는: 장욱진 먹그림,広がって残る：チャン・ウクジン
경기 | 양주시립장욱진미술관,ゲーム|楊州市立チャンウクジン美術館
경기도 양주시 장흥면 권율로 193,京畿道楊州市長興面権率193
양평군립미술관 야외조각전,楊平郡立美術館野外彫刻展
경기 | 양평군립미술관,ゲーム|楊平郡立美術館
경기도 양평군 양평읍 문화복지길 2,京畿道楊平郡楊平邑文化福祉道2
샤롯데 더 플레이: 서바이벌,シャーロッテザプレイ：サバイバル
서울특별시 | 롯데시네마 [서울 구로],ソウル特別市|ロッテシネマ[ソウル黒]
「도시기록법: 우리가 부평을 기억하는 방법」,「都市記録法：私たちが富平を覚える方法」
인천 | 부평역사박물관,仁川|富平歴史博物館
인천광역시 부평구 굴포로 151,仁川広域市富平区屈浦路151
제주도립미술관 중정프로젝트 《우주목(宇宙木)》,済州都立美術館中正プロジェクト「宇宙木」
제주 | 제주도립미술관,済州|済州都立美術館
제주특별자치도 제주시 1100로 2894-78,済州特別自治道済州市1100路2894-78
알록달록 동자상,アールダルロックの動詞
대구 | 국립대구박물관,大邱国立大邱博物館
대구광역시 수성구 청호로 321,大邱広域市水城区清湖路321
국립춘천박물관 상설전시 &&#35;39;깨달음을 찾는 길&&#35;39;,国立春川博物館常設展示&&#35;39;悟りを見つける道&&#35;39;
"2025년 짜장면박물관 특별기획전 '두 개의 시선, 하나의 거리'",2025年のチャジャン面博物館特別企画展「2つの視線、1つの街」
인천 | 짜장면박물관,仁川|チャジャン綿博物館
인천광역시 중구 차이나타운로 56-14,仁川広域市中区チャイナタウン路56-14
서천갯벌의 생명이야기 : 날개 아래 바다,西川干潟の命の物語：翼の下の海
충남 | 국립해양생물자원관 씨큐리움,忠南|国立海洋生物資源館セキュリウム
충청남도 서천군 장항읍 장산로101번길 75,忠清南道西川郡長港邑長山路101番道75
MMCA 해외 명작 : 수련과 샹들리에,MMCA海外名作：スイレンとシャンデリア
양구인문학박물관 1관 상설전 '이어짐의 시작(해인글방)展',両区人文学博物館1館常設展「つながりの始まり（ハイングルルーム）展」
강원 | 양구인문학박물관,江原|両区人文学博物館
강원특별자치도 양구군 양구읍 파로호로869번길 101,江原特別自治道楊区郡楊区邑パロホロ869番ギル101
서울영화센터,ソウル映画センター
서울특별시 중구 마른내로 38 서울영화센터,ソウル特別市中区乾燥内路38ソウル映画センター
"[요금]
입장료: 무료(~26년 5월)","[料金]
入場料：無料（～26年5月）"
월요일정기휴무화요일10:00 ~ 20:00수요일10:00 ~ 20:00목요일10:00 ~ 20:00금요일10:00 ~ 20:00토요일10:00 ~ 20:00일요일10:00 ~ 20:00,月曜日定休 火曜日10:00～20:00水曜日10:00～20:00木曜日10:00～20:00金曜日10:00～20:00土曜日10:00～20:00日曜日10:00～20:00
괌 박물관,グアム博物館
"193 Chalan Santo Papa Juan Pablo Dos, Hagåtña, 96910 괌","193 Chalan Santo Papa Juan Pablo Dos, Hagåtña, 96910 グアム"
"[요금]
성인: 3달러
학생: 1달러
시니어(55세 이상): 무료
5세 미만: 무료","[料金]
大人：3ドル
学生：1ドル
シニア（55歳以上）：無料
5歳未満：無料"
월요일정기휴무화요일09:00 ~ 16:00수요일09:00 ~ 16:00목요일09:00 ~ 16:00금요일09:00 ~ 16:00토요일10:00 ~ 14:00일요일정기휴무,月曜日定休 火曜日09:00～16:00水曜日09:00～16:00木曜日09:00～16:00金曜日09:00～16:00土曜日10:00～14:00日曜日定休
국립중원문화유산연구소 어린이 발굴체험장,国立中原文化遺産研究所 子ども発掘体験場
충북 충주시 남한강로 38,忠北忠州市南漢江路38
"[요금]
무료
[운영시간]
1회차: 10시 30분~11시 30분
2회차: 13시 30분~14시 30분
3회차: 15시~16시
4회차(동절기 X): 16시 30분~17시 30분
[프로그램]
전시실 관람(5분)+3d 영상+발굴 및 유물복원체험","[料金]
無料
[運営時間]
1回目：10時30分～11時30分
2回目：13時30分～14時30分
3回目：15時～16時
4回目（冬季X）：16時30分～17時30分
[プログラム]
展示室観覧(5分)+3d映像+発掘及び遺物復元体験"
월요일정기휴무화요일10:00 ~ 17:30수요일10:00 ~ 17:30목요일10:00 ~ 17:30금요일10:00 ~ 17:30토요일10:00 ~ 17:30일요일정기휴무,月曜日定休 火曜日10:00～17:30水曜日10:00～17:30木曜日10:00～17:30金曜日10:00～17:30土曜日10:00～17:30日曜日定休
한국잠사플레이팜 한국잠사박물관,韓国潜水プレイパーム韓国潜水博物館
충청북도 청주시 흥덕구 강내면 청주역로 213-52,忠清北道清州市興徳区江内面清州駅213-52
"[요금]
<네이버예약가>
대소공통 1인 입장권 - 12,500원
체험 패키지권(캔들, 비누, 누에고치 목걸이, 오디소금 중 택 1) - 17,500원
별도 체험요금
젤리양초캔들만들기 : 10,000원
누에고치목걸이만들기 : 6,000원
다육화분만들기 : 4,000원
곤충열쇠고리만들기 : 4,000원
스칸디아모스테라리움만들기 : 12,000원
오디/뽕잎 비누만들기 : 7,000원
24개월 미만 유아는 증빙 서류 지참 시 무료
입장 마감 16시
자세한 사항은 네이버 문의를 통해 확인해 주세요","[料金]
＜ネイバー予約者＞
大小共通1人入場券 - 12,500ウォン
体験パッケージ券（キャンドル、石鹸、カイコゴチネックレス、オーディ塩のうち1つ） - 17,500ウォン
別途体験料金
ゼリーキャンドルキャンドル作り：10,000ウォン
カイコのネックレスを作る：6,000ウォン
多肉花粉作り：4,000ウォン
昆虫キーホルダーを作る：4,000ウォン
スカンジアモステラリウム作り：12,000ウォン
アウディ/桑の葉石鹸作り：7,000ウォン
24ヶ月未満の幼児は、証券書類持参時無料
入場締切16時
詳しくはネイバーお問い合わせでご確認ください"
월요일10:00 ~ 17:00화요일10:00 ~ 17:00수요일10:00 ~ 17:00목요일10:00 ~ 17:00금요일10:00 ~ 17:00토요일10:00 ~ 17:00일요일10:00 ~ 17:00,月曜日10:00～17:00火曜日10:00～17:00水曜日10:00～17:00木曜日10:00～17:00金曜日10:00～17:00土曜日10:00～17:00日曜日10:00～17:00
"기본 입장권은 12,500원(대인, 소인 동일), 체험 패키지권은 17,500원(캔들, 비누, 누에고치 목걸이, 오디소금 중 택 1 체험 포함)입니다. 별도 체험요금으로는 젤리양초캔들만들기 10,000원, 누에고치 목걸이 6,000원, 다육화분 만들기 4,000원 등 다양합니다.","基本入場券は12,500ウォン（大人、小人同じ）、体験パッケージ券は17,500ウォン（キャンドル、石鹸、カイコゴチネックレス、オーディ塩のうち1選体験含む）です。別途体験料金にはゼリーキャンドル作り10,000ウォン、カイコチネックレス6,000ウォン、多肉鉢作り4,000ウォンなど様々です。"
장사상륙작전전승기념관,商売上陸作戦伝承記念館
경북 영덕군 남정면 동해대로 3560,慶北永徳郡南正面東海大路3560
"관람시간
하절기(3월~10월): 09:00~18:00
동절기(11월~2월): 09:00~17:00
[요금]
성인 개인 3,000원
중, 고등학생 및 군인 2,000원
초등학생 1,000원","観覧時間
夏季（3月～10月）：09:00～18:00
冬季（11月～2月）：09:00～17:00
[料金]
大人個人3,000ウォン
中、高校生および兵士2,000ウォン
小学生1,000ウォン"
"장사상륙작전전승기념관은 월요일은 정기휴무이며, 화요일부터 일요일까지 운영합니다. 하절기(3월~10월)에는 09:00~18:00, 동절기(11월~2월)에는 09:00~17:00까지 관람이 가능합니다.",商売上陸作戦伝承記念館は月曜日は定休であり、火曜日から日曜日まで運営します。夏季（3月～10月）には09:00～18:00、冬季（11月～2月）には09:00～17:00まで観覧が可能です。
"입장료는 성인 3,000원, 중고등학생 및 군인 2,000원, 초등학생 1,000원입니다. 미취학 아동은 무료로 입장할 수 있습니다. 영덕군 거주 주민 또는 다자녀 사랑카드 소지자 중 셋째 이상 자녀를 둔 가정은 50% 할인 혜택을 받을 수 있습니다. 할인 적용을 위해 관련 증빙서류를 지참하세요.","入場料は大人3,000ウォン、中高校生および兵士2,000ウォン、小学生1,000ウォンです。未就学児は無料で入場できます。ヨンドク郡に住んでいる人または多人数の愛カードの所有者のうち、3人以上の子供を持つ家族は、50％割引を受けることができます。割引を適用するために関連する証明書を持参してください。"
국립대구과학관,国立大邱科学館
대구광역시 달성군 유가읍 테크노대로6길 20 국립대구과학관,大邱広域市達成郡ユガ邑テクノデロ6ギル20国立大邱科学館
"[요금]
상설전시관: 대인 - 3,000원 / 소인 - 2,000원 / 영유아, 경로, 우대 - 무료
천체투영관: 대인 - 2,000원 / 소인 - 1,000원 / 영유아 - 보호자 동반 시 5세 이상 입장 가능(소인 요금 적용)
4D 영상관: 대인 - 2,000원 / 소인 - 1,000원 / 영유아, 경로, 우대 - 1,000원
아이들월드+모빌리티움: 대인 - 2,000원 / 소인 - 3,000원 / 영유아(36개월 이상) - 3,000원 / 36개월 미만, 경로, 우대 - 무료
자세한 요금 및 정보는 첨부된 이미지를 확인해 주세요.
[이용안내]
휴관일: 매주 월요일, 1월 1일, 설·추석 당일, 법정공휴일 다음날
입장종료: 16시 30분","[料金]
常設展示館：大人 - 3,000ウォン/小人 - 2,000ウォン / 幼児、パス、優待 - 無料
天体投影館：大人 - 2,000ウォン / 小人 - 1,000ウォン / 幼児 - 保護者同伴時5歳以上入場可能（小人料金適用）
4D映像館：大人 - 2,000ウォン/小人 - 1,000ウォン / 幼児、パス、優待 - 1,000ウォン
アイドルワールド+モビリティ：大人 - 2,000ウォン / 小人 - 3,000ウォン / 幼児（36ヶ月以上） - 3,000ウォン / 36ヶ月未満、パス、優待 - 無料
詳細な料金および情報は添付画像をご確認ください。
[利用案内]
休館日：毎週月曜日、1月1日、雪・秋夕当日、法定祝日の翌日
入場終了：16時30分"
월요일정기휴무화요일09:30 ~ 17:30수요일09:30 ~ 17:30목요일09:30 ~ 17:30금요일09:30 ~ 17:30토요일09:30 ~ 17:30일요일09:30 ~ 17:30,月曜日定休 火曜日09:30～17:30水曜日09:30～17:30木曜日09:30～17:30金曜日09:30～17:30土曜日09:30～17:30日曜日09:30～17:30
"상설전시관은 대인 3,000원, 소인 2,000원, 7세 미만은 무료입니다. 천체투영관은 대인 2,000원, 소인 1,000원(5세 이상부터 입장 가능), 4D 영상관은 대인 2,000원, 소인 1,000원(키 110cm 이상 입장 가능)입니다. 아이들월드+모빌리티움은 대인 2,000원, 소인(36개월 이상) 3,000원, 36개월 미만은 무료입니다. 주차장은 일일 2,000원(25인승 미만 차량)이며, 경차·친환경차 등은 할인 혜택이 있으니 현장에서 확인해 주세요.","常設展示館は大人3,000ウォン、小人2,000ウォン、7歳未満は無料です。天体投影館は大人2,000ウォン、小人1,000ウォン（5歳以上から入場可能）、4D映像館は大人2,000ウォン、小人1,000ウォン（身長110cm以上入場可能）です。子供ワールド+モビリティは大人2,000ウォン、小人（36ヶ月以上）3,000ウォン、36ヶ月未満は無料です。駐車場は1日2,000ウォン（25人乗り未満の車両）で、軽自動車・環境にやさしい車などは割引特典がありますので、現場でご確認ください。"
고령어린이과학체험관,高齢児童科学体験館
경북 고령군 대가야읍 신남로 81,慶北高齢郡大河屋邑新南路81
"[요금]
어린이(36개월 ~ 초등학생) - 1,000원
청소년·성인 - 2,000원
36개월 미만, 고령군민 - 무료
[이용안내]
운영시간 : 1회차(10:00 ~ 11:30) / 2회차(13:00 ~ 14:30) / 3회차(15:00 ~ 16:30)
이용인원 : 회차 당 70명(성인 포함)
휴관일 : 매주 월요일, 1월1일, 설·추석 당일(월요일이 공휴일인 경우 화요일 대체 휴관)","[料金]
子供（36ヶ月〜小学生） - 1,000ウォン
青少年・大人 - 2,000ウォン
36ヶ月未満、高齢軍民 - 無料
[利用案内]
運営時間：1回目（10:00～11:30） / 2回目（13:00～14:30） / 3回目（15:00～16:30）
利用人数：1回あたり70名（大人含む）
休館日：毎週月曜日、1月1日、雪・秋夕当日（月曜日が祝日の場合、火曜日代替休館）"
월요일정기휴무화요일10:00 ~ 17:00수요일10:00 ~ 17:00목요일10:00 ~ 17:00금요일10:00 ~ 17:00토요일10:00 ~ 17:00일요일10:00 ~ 17:00,月曜日定休 火曜日10:00～17:00水曜日10:00～17:00木曜日10:00～17:00金曜日10:00～17:00土曜日10:00～17:00日曜日10:00～17:00
"어린이(36개월~초등학생) 입장료는 1,000원, 청소년 및 성인은 2,000원입니다. 36개월 미만 영유아와 고령군민은 증빙서류(등본 또는 가족관계증명서 등) 지참 시 무료로 입장할 수 있습니다.","子供（36ヶ月～小学生）の入場料は1,000ウォン、青少年および大人は2,000ウォンです。 36ヶ月未満の乳幼児と高齢軍民は、証拠書類（謄本または家族関係証明書など）持参時に無料で入場できます。"
영천민속관,永川民俗館
경북 영천시 운동장로 54,慶北永川市運動場路54
"[요금]
무료
[이용안내]
브레이크 타임: 12시~13시","[料金]
無料
[利用案内]
ブレーキタイム：12時～13時"
월요일09:00 ~ 18:00화요일09:00 ~ 18:00수요일09:00 ~ 18:00목요일09:00 ~ 18:00금요일09:00 ~ 18:00토요일정기휴무일요일정기휴무,月曜日09:00～18:00火曜日09:00～18:00水曜日09:00～18:00木曜日09:00～18:00金曜日09:00～18:00土曜日定休日日曜日定休
영천민속관은 입장료가 무료입니다. 건물 건너편에 전용 주차장이 있어 주차가 어렵지 않습니다.,永川民俗館は入場料が無料です。建物の向かいに専用駐車場があり、駐車が難しくありません。
영천전투메모리얼파크,永川バトルメモリアルパーク
경북 영천시 교촌동 11-33,慶北永川市京村洞11-33
"[요금]
무료 이용
[이용안내]
운영시간 : 하절기(3월 ~ 10월) - 10시 ~ 18시 / 동절기(11월 ~ 2월) - 10시 ~ 17시
입장마감 - 운영 종료 1시간 전까지
휴무일 - 매주 월요일, 1월1일, 설·추석 당일
키즈존 운영시간 - 9시 ~ 17시","[料金]
無料利用
[利用案内]
運営時間：夏季（3月〜10月） - 10時〜18時 / 冬季（11月〜2月） - 10時〜17時
入場締切 - 営業終了の1時間前まで
定休日 - 毎週月曜日、1月1日、雪・秋夕当日
キッズゾーンの営業時間 - 9時〜17時"
월요일정기휴무화요일10:00 ~ 18:00수요일10:00 ~ 18:00목요일10:00 ~ 18:00금요일10:00 ~ 18:00토요일10:00 ~ 18:00일요일10:00 ~ 18:00,月曜日定休 火曜日10:00～18:00水曜日10:00～18:00木曜日10:00～18:00金曜日10:00～18:00土曜日10:00～18:00日曜日10:00～18:00
"영천전투메모리얼파크는 입장료 없이 무료로 이용이 가능합니다. 전용 주차장도 마련되어 있어 주차가 편리하며, 별도의 주차 요금은 없습니다.",永川バトルメモリアルパークは入場料なしで無料で利用できます。専用駐車場もあり、駐車場が便利で、別途駐車料金はありません。
신문박물관PRESSEUM,新聞博物館PRESSEUM
"서울특별시 종로구 세종대로 152 일민미술관 5,6층","ソウル特別市鍾路区世宗大路152 イルミン美術館5,6階"
"[요금]
일반 - 4,000원
학생 - 3,000원
미취학, 경로(만65세 이상) - 무료
자세한 요금 및 할인정보는 첨부된 이미지를 확인해 주세요.
[이용안내]
매표마감 - 18시, 일민미술관의 기획전이 있는 기간에는 30분 연장 운영(매표마감 - 18시30분)
휴관일 - 매주 월요일, 1월 1일, 설·추석 연휴 / 봄, 가을 정기휴관(3월, 9월 첫째 주 화요일 ~ 일요일)
[프로그램]
꼬마 취재기자의 잇템 만들기
꼬마 사진기자의 카메라 만들기
토요놀이교실
신문박물관 취재일기
박물관 투어","[料金]
一般 - 4,000ウォン
学生 - 3,000ウォン
未就学、パス（65歳以上） - 無料
詳しい料金および割引情報は添付画像をご確認ください。
[利用案内]
切符締め切り - 18時、日民美術館の企画展がある期間には30分延長運営（売り切れ - 18時30分）
休館日 - 毎週月曜日、1月1日、雪・秋夕連休/春、秋定期休館（3月、9月第1週火曜日～日曜日）
[プログラム]
子供取材記者のイテム作り
子供のカメラマンのカメラを作る
豊遊教室
新聞博物館取材日記
博物館ツアー"
"신문박물관은 화요일부터 일요일까지 10:00~18:30까지 운영되며, 입장 마감은 오후 6시입니다. 매주 월요일, 1월 1일, 설과 추석 연휴, 봄·가을 정기휴관(3월, 9월 첫째 주 화요일~일요일)에는 휴관합니다. 일민미술관 기획전 기간 중에는 30분 연장되어 운영될 수 있습니다.",新聞博物館は火曜日から日曜日まで10:00～18:30まで運営され、入場締切は午後6時です。毎週月曜日、1月1日、雪と秋夕連休、春・秋定期休館（3月、9月第1週火曜日～日曜日）には休館します。イルミン美術館企画展期間中は30分延長して運営することができます。
"관람 요금은 일반 4,000원, 학생(초·중·고·대학생) 3,000원입니다. 미취학 아동과 만 65세 이상 어르신은 무료로 관람이 가능합니다. 자세한 할인 혜택 및 단체 요금은 신문박물관 공식 홈페이지에서 이미지를 참고해 주세요.","観覧料金は一般4,000ウォン、学生（小・中・高・大学生）3,000ウォンです。未就学児と満65歳以上のお子様は無料で観覧が可能です。詳細な割引特典および団体料金は新聞博物館公式ホームページで画像をご覧ください。"
한국코미디타운,韓国コメディタウン
경북 청도군 이서면 이서로 565,慶北青島郡イ・ソミョンイ・ソロ565
"[요금]
코미디 체험관
일반 - 5,000원
청소년 / 어린이 - 4,000원
36개월 이하 - 무료
코미디 공연
일반 - 22,000원
청소년 - 20,000원
어린이 - 18,000원
자세한 사항은 홈페이지 확인해 주세요","[料金]
コメディ体験館
一般 - 5,000ウォン
青少年/子供 - 4,000ウォン
36ヶ月以下 - 無料
コメディパフォーマンス
一般 - 22,000ウォン
青少年 - 20,000ウォン
子供 - 18,000ウォン
詳しくはホームページをご確認ください"
월요일정기휴무화요일09:30 ~ 18:00수요일09:30 ~ 18:00목요일09:30 ~ 18:00금요일09:30 ~ 18:00토요일09:30 ~ 18:00일요일09:30 ~ 18:00,月曜日定休 火曜日09:30～18:00水曜日09:30～18:00木曜日09:30～18:00金曜日09:30～18:00土曜日09:30～18:00日曜日09:30～18:00
"코미디 체험관 입장료는 일반 5,000원, 청소년/어린이 4,000원이며, 36개월 이하 어린이는 무료입니다. 코미디 공연 요금은 일반 22,000원, 청소년 20,000원, 어린이 18,000원이고, 36개월 이하 어린이는 무료입니다. 자세한 사항은 홈페이지를 참고해주세요.","コメディ体験館入場料は一般5,000ウォン、青少年/子供4,000ウォンで、36ヶ月以下のお子様は無料です。コメディ公演料金は一般22,000ウォン、青少年20,000ウォン、子供18,000ウォンで、36ヶ月以下の子供は無料です。詳しくはホームページをご覧ください。"
충북산림과학박물관,忠北山林科学博物館
충북 청주시 상당구 미원면 수목원길 51,忠北清州市Sangdang-gu Miwon-myeon樹木原道51
"[요금]
무료
[이용안내]
11~2월: 9시~17시
3~10월: 9시~18시
입장 마감은 종료 1시간 전
매주 월요일 정기 휴무","[料金]
無料
[利用案内]
11～2月：9時～17時
3～10月：9時～18時
入場締切は終了1時間前
毎週月曜日定期休業"
"충북산림과학박물관은 입장료가 무료입니다. 이용 시간은 3~10월에는 오전 9시부터 오후 6시까지, 11~2월에는 오전 9시부터 오후 5시까지 운영합니다. 입장 마감은 종료 1시간 전이며, 매주 월요일은 휴관입니다.",忠北山林科学博物館は入場料が無料です。利用時間は3～10月には午前9時から午後6時まで、11～2月には午前9時から午後5時まで運営します。入場締切は終了1時間前で、毎週月曜日は休館です。
스미스 평화관,スミス平和館
경기도 오산시 경기대로 742 UN초전기념관 후관,京畿道烏山市京畿道742国連初戦記念館
"[요금]
무료 이용
[이용안내]
휴관일 - 매주 월요일, 1월1일, 설·추석 당일(월요일이 공휴일인 경우 정상개관, 다음 날 휴관)
입장마감 - 17시","[料金]
無料利用
[利用案内]
休館日 - 毎週月曜日、1月1日、雪・秋夕当日（月曜日が祝日の場合は通常開館、翌日休館）
入場締切 - 17時"
"관람 시간은 화~일요일 오전 9시~오후 6시(입장 마감 17시)이며, 매주 월요일과 1월 1일, 설날·추석 당일에는 휴관입니다(월요일이 공휴일이면 정상 개관하고, 그 다음날 휴관). 입장료는 무료입니다.",観覧時間は火～日曜日午前9時～午後6時（入場締切17時）で、毎週月曜日と1月1日、お正月・秋夕当日は休館です（月曜日が祝日の場合は通常開館し、翌日休館）。入場料は無料です。
시흥에코센터,始興エコセンター
경기도 시흥시 경기과기대로 284,京畿道始興市京畿道基台284
"경기도 시흥시 경기과기대로 284에 위치한 시흥에코센터 초록배곧은 자연·환경을 주제로 한 전시와 체험이 가득한 복합 교육 공간입니다.
2015년 준공, 2016년 개관 이후 가족 단위 방문객이 즐겨 찾는 친환경 공간으로 자리잡았습니다.
1층: 상설전시관, 기획전시관, 어린이 체험전시실 등으로 구성되어 다양한 환경 주제를 쉽고 재미있게 체험할 수 있습니다.
2층: 환경교육실, 분임토의실, 다목적실 등 교육과 토론이 가능한 공간이 마련되어 있습니다.
야외: 생태연못, 생태텃밭, 자연 놀이터, 전동차 체험장 등 다양한 생태 체험과 놀이 활동이 조성되어 있어 실내외를 자유롭게 이용할 수 있습니다.
다양한 환경 전시: 자원순환, 기후변화 등 해마다 바뀌는 주제의 전시와 교육 프로그램이 진행되어 자연을 지키는 다양한 방법을 배울 수 있습니다.
체험 활동: 종이튜브로 숲의 소리를 듣는 색다른 놀이, 빗물 저금통 등 친환경 생활 체험, 아이스팩 재활용 캠페인 등 실생활과 연계된 활동들이 마련되어 있습니다.
야외·옥상 공간의 생태 학습: 생태연못, 텃밭에서 식물과 곤충을 관찰하고 직접 체험할 수 있습니다.
어린이 전용 전동차 체험장: 주말 및 계절에 따라 운영되며, 신호등과 도로가 설치된 공간에서 재미있게 운전을 체험할 수 있습니다(6~10세, 유료).
상설전시관: 유아~초등학생 1,000원 / 중, 고등학생 및 군인 1,500원 / 성인 2,000원
야외 전기 자동차(6세~10세): 500원
4D 영상관: 유아~초등학생 1,000원 / 중, 고등학생 및 군인 1,000원 / 성인 2,000원
시흥시민 50% 할인
4세 이하 유아 무료 입장
휴관일: 매주 월요일, 1월 1일, 설날·추석 연휴
반려동물 동반 출입 불가
음식물 반입 금지
주차장 완비(무료), 사전 예약 없이 방문 가능
씨앗 카드, 스탬프 투어 등 미션을 수행하면서 환경 보호와 다양한 친환경 소재에 대해 재미있게 배울 수 있는 곳입니다.
모두 관람하는 데 1시간 정도 소요됩니다.
야외 전기 자동차 체험은 6세부터 10세까지만 이용 가능합니다.
4D 영상은 유익하고 재미있지만 의자가 움직이고 약한 바람과 물이 분사되기 때문에, 5세 미만의 아이들은 무서워할 수 있습니다. 4D 상영시간이 정해져 있으니, 미리 시간표를 확인하시고 둘러보시는 걸 추천합니다.
5세 이하 영유아들에게는 전시 및 체험내용이 조금 어려울 수 있습니다.
각종 무료 체험형 프로그램과 전시회를 운영하고 있으니, 방문 전 공식 홈페이지에서 확인해 보시는 걸 추천합니다.
실내 전시와 실외 체험이 모두 가능해 아이들이 자연스럽게 환경을 배우고 즐길 수 있습니다.
전시, 체험, 놀이가 어우러진 환경교육의 장으로, 가족과 함께 의미 있는 시간을 보내고 싶은 분들께 매우 적합한 공간입니다.","京畿道始興市京畿科技台284に位置する始興エコセンター緑豊かな自然・環境をテーマにした展示と体験に満ちた複合教育空間です。
2015年竣工、2016年開館以来、家族単位の訪問者がお気に入りの環境に優しい空間として位置づけられました。
1階：常設展示館、企画展示館、子供体験展示室などで構成され、様々な環境テーマを簡単かつ楽しく体験できます。
2階：環境教育室、分任土室、多目的室など教育と討論ができる空間が設けられています。
野外：生態池、生態田園、自然遊び場、電車体験場など多様な生態体験や遊び活動が造成されており、室内外を自由に利用できます。
さまざまな環境展示：資源循環、気候変動など、毎年変わるテーマの展示や教育プログラムが進められ、自然を守るさまざまな方法を学ぶことができます。
体験活動：紙チューブで森の音を聞く風変わりな遊び、雨水貯金箱など環境にやさしい生活体験、アイスパックリサイクルキャンペーンなど実生活と連携した活動が用意されています。
野外・屋上空間の生態学習：生態池、庭園で植物や昆虫を観察して直接体験できます。
子供専用電車体験場：週末や季節によって運営され、信号灯や道路が設置された空間で楽しく運転を体験できます（6～10歳、有料）。
常設展示館：幼児～小学生1,000ウォン/中、高校生および兵士1,500ウォン/大人2,000ウォン
屋外電気自動車（6歳～10歳）：500ウォン
4D映像館：幼児～小学生1,000ウォン/中、高校生および兵士1,000ウォン/大人2,000ウォン
始興市民の50％割引
4歳以下幼児無料入場
休館日：毎週月曜日、1月1日、お正月・秋夕連休
ペット同伴の出入り不可
食品の搬入禁止
駐車場完備（無料）、事前予約なしで訪問可能
シードカード、スタンプツアーなどミッションを遂行しながら、環境保護や様々な環境に優しい素材について楽しく学べるところです。
みんな観覧するのに1時間ほどかかります。
屋外電気自動車体験は6歳から10歳までのみ利用できます。
4D映像は有益で面白いですが、椅子が動いて弱い風と水が噴射されるため、5歳未満の子供たちは怖いかもしれません。 4D上映時間が決まっているので、あらかじめ時刻表を確認して見てみるのがおすすめです。
5歳以下の乳幼児には展示や体験内容が少し難しい場合があります。
各種無料体験型プログラムと展示会を運営しているので、訪問前の公式ホームページで確認してみることをおすすめします。
屋内展示と屋外体験の両方が可能で、子どもたちが自然に環境を学び、楽しむことができます。
展示、体験、遊びが調和した環境教育の場で、家族と一緒に意味のある時間を過ごしたい方に最適な空間です。"
"상설전시관 요금은 유아~초등학생 1,000원, 중·고등학생 및 군인 1,500원, 성인 2,000원입니다. 야외 전기 자동차(6세~10세)는 500원, 4D 영상관은 유아~초등학생 및 중고생·군인 1,000원, 성인 2,000원입니다. 4세 이하 유아는 무료 입장이고, 시흥시민은 50% 할인 혜택이 있습니다.","常設展示館料金は、幼児～小学生1,000ウォン、中・高校生および兵士1,500ウォン、大人2,000ウォンです。野外電気自動車（6歳～10歳）は500ウォン、4D映像館は幼児～小学生および中高生・軍人1,000ウォン、大人2,000ウォンです。 4歳以下の幼児は無料入場で、始興市民は50％割引があります。"
번개맨체험관,雷マン体験館
울산광역시 울주군 상북면 알프스온천5길 103-8 산악문화센터,蔚山広域市蔚州郡上北面アルプス温泉5ギル103-8山岳文化センター
"월요일이 공휴일인 경우 다음날 휴관
[요금]
번개우주선 - 소인 9,000원 / 대인 3,000원
번개미로 - 소인 9,000원 / 대인 3,000원
종합이용권 - 소인 15,000원 / 대인 5,000원
소인: 만 3세 ~ 만 15세
36개월 미만 영유아 무료 입장 가능
다자녀가족(세자녀 이상) 50% 할인
자세한 요금 안내 및 프로그램 정보는 홈페이지 또는 첨부된 사진을 확인해 주세요
[이용 안내]
권장 연령: 우주선 4~7세 / 미로 6세 이상
100cm 미만 체험자 우주선 탑승 시 보호자 동반 필수","月曜日が祝日の場合、翌日休館
[料金]
雷宇宙船 - 小人9,000ウォン/大人3,000ウォン
雷蟻で - 小人9,000ウォン/大人3,000ウォン
総合利用券 - 小人15,000ウォン/大人5,000ウォン
小人：満3歳～満15歳
36ヶ月未満の乳幼児無料入場可
多子家族（3人以上）50％割引
詳細料金案内及び番組情報はホームページまたは添付の写真をご確認ください
【利用案内】
推奨年齢：宇宙船4～7歳／迷路6歳以上
100cm未満の体験者宇宙船搭乗時に保護者同伴必須"
월요일정기휴무화요일10:00 ~ 17:30수요일10:00 ~ 17:30목요일10:00 ~ 17:30금요일10:00 ~ 17:30토요일10:00 ~ 17:30일요일10:00 ~ 17:30,月曜日定休 火曜日10:00～17:30水曜日10:00～17:30木曜日10:00～17:30金曜日10:00～17:30土曜日10:00～17:30日曜日10:00～17:30
"번개우주선과 번개미로의 이용요금은 각각 소인 9,000원, 대인 3,000원이며, 두가지 체험 모두 가능한 종합이용권은 소인 15,000원, 대인 5,000원입니다. 36개월 미만 영유아는 무료 입장 가능하며, 세자녀 이상 가족(다자녀)은 50% 할인 혜택을 받을 수 있습니다. 할인 적용 시 신분증 또는 증빙 서류가 필요합니다.","雷宇宙船と雷蟻への利用料金はそれぞれ小人9,000ウォン、対人3,000ウォンであり、両方の体験ともに可能な総合利用券は小人15,000ウォン、対人5,000ウォンです。 36ヶ月未満の乳幼児は無料で入場可能で、3人以上の家族（多人）は50％割引を受けることができます。割引の適用には、身分証明書または証明書が必要です。"
산들나비체험장,山蝶体験場
경기도 광주시 퇴촌면 태허정로 144-40,京畿道光州市慶村面テホジョン144-40
"영업시간 변동이 있을 수 있으니, 문자 또는 전화로 문의 후 방문하세요
[요금 및 프로그램 안내]
입장료 - 10,000원
나비오감&나비샌드아트 체험 - 15,000원
친환경모래를 이용한 나비, 장수풍뎅이, 사슴벌레, 나비 번데기 만들기 (1시간)
나비오감&나비목걸이 체험 - 15,000원
친환경 나무에 알록달록 색칠해서 나만의 나비목걸이 만들기 (1시간)
나비오감&나비한살이 키트 만들기 - 30,000원
나비한살이에 대해서 선생님과 공부하고 직접 나비한살이 키트를 만드는 체험 (2시간)","営業時間の変動がある場合がありますので、文字または電話でお問い合わせください。
【料金及び番組案内】
入場料 - 10,000ウォン
ナビオ感＆蝶サンドアート体験 - 15,000ウォン
環境にやさしい砂を使った蝶、長寿カブトムシ、シカムシ、蝶蛹作り（1時間）
ナビオ感＆蝶ネックレス体験 - 15,000ウォン
環境にやさしい木にどんどんぬりえて自分だけの蝶ネックレスを作る（1時間）
ナビオ感＆蝶1歳キット作り - 30,000ウォン
蝶1歳について先生と勉強して直接蝶1歳がキットを作る体験（2時間）"
월요일09:30 ~ 18:00화요일09:30 ~ 18:00수요일09:30 ~ 18:00목요일09:30 ~ 18:00금요일09:30 ~ 18:00토요일09:30 ~ 18:00일요일09:30 ~ 18:00,月曜日09:30〜18:00火曜日09:30〜18:00水曜日09:30〜18:00木曜日09:30〜18:00金曜日09:30〜18:00土曜日09:30〜18:00日曜日09:30〜18:00
"입장료는 1인당 10,000원입니다. 결제는 현금 또는 계좌이체만 가능하며, 카드 결제는 지원되지 않습니다. 주차장은 체험장에 마련되어 있습니다.","入場料は1人あたり10,000ウォンです。支払いは現金または口座振替のみ可能であり、カード決済はサポートされていません。駐車場は体験場にあります。"
안면도 쥬라기 박물관,顔面図ジュラ紀博物館
충청남도 태안군 남면 곰섬로 37-20,忠清南道泰安郡南面熊島路37-20
"월요일이 공휴일인 경우 다음날이 휴관일
[요금]
박물관+미디어관
성인(20세 이상) 14,000원
청소년(만12세~18세) 12,500원
어린이(만36개월~12세) 10,500원
태안군 군민 10% 할인
36개월 미만 영유아 무료 입장
자세한 요금 안내 및 할인 정보는 홈페이지 또는 첨부된 사진을 확인해 주세요","月曜日が祝日の場合、翌日は休館日
[料金]
博物館+メディア館
大人（20歳以上）14,000ウォン
青少年（満12歳～18歳）12,500ウォン
子供（満36ヶ月～12歳）10,500ウォン
泰安郡郡民の10％割引
36ヶ月未満の乳幼児の無料入場
詳細料金案内および割引情報はホームページまたは添付の写真をご確認ください"
월요일정기 휴무화요일09:30 ~ 17:30수요일09:30 ~ 17:30목요일09:30 ~ 17:30금요일09:30 ~ 17:30토요일09:30 ~ 17:30일요일09:30 ~ 17:30,月曜日定期休業火曜日09:30～17:30水曜日09:30～17:30木曜日09:30～17:30金曜日09:30～17:30土曜日09:30～17:30日曜日09:30～17:30
"입장료는 성인(20세 이상) 14,000원, 청소년(만 12세~18세) 12,500원, 어린이(만 36개월~12세) 10,500원입니다. 태안군 군민은 10% 할인이 적용되며, 36개월 미만 영유아는 무료 입장입니다. 월요일이 공휴일일 경우 다음날이 휴관일이니 참고하세요.","入場料は大人（20歳以上）14,000ウォン、青少年（満12歳～18歳）12,500ウォン、子供（満36ヶ月～12歳）10,500ウォンです。泰安郡郡民は10％割引が適用され、36ヶ月未満の乳幼児は無料入場です。月曜日が祝日の場合、翌日は休館日です。"
중구생활사전시관,中区生活辞書館
인천광역시 중구 신포로23번길 97,仁川広域市中区新浦路23番97
"[요금]
성인(만 19세 이상) - 1,000원
청소년(만 13세~18세) - 700원
어린이(만 12세 이하) - 무료
5개관 통합관람 시 관람료 - 성인 3,400원 / 청소년 700원 / 어린이 무료
의상 체험 - 10,000원
[이용안내]
5개관 통합관람 대상 박물관 - 대불호텔전시과, 한중문화관, 인천개항장 근대건축전시관, 개항박물관, 짜장면박물관","[料金]
大人（19歳以上） - 1,000ウォン
青少年(満13歳～18歳) - 700ウォン
子供（12歳以下） - 無料
5個館統合観覧時の観覧料 - 大人3,400ウォン/青少年700ウォン/子供無料
衣装体験 - 10,000ウォン
[利用案内]
5ヶ館統合観覧対象博物館 - 大仏ホテル展示課、韓中文化館、仁川開港場近代建築展示館、開港博物館、チャジャン面博物館"
월요일정기휴무화요일09:00 ~ 18:00수요일09:00 ~ 18:00목요일09:00 ~ 18:00금요일09:00 ~ 18:00토요일09:00 ~ 18:00일요일09:00 ~ 18:00,月曜日定休 火曜日09:00～18:00水曜日09:00～18:00木曜日09:00～18:00金曜日09:00～18:00土曜日09:00～18:00日曜日09:00～18:00
"입장료는 성인(만 19세 이상) 1,000원, 청소년(만 13세~18세) 700원이며, 어린이(36개월~만 12세)는 무료입니다. 또한 '5개관 통합관람권' 구매 시 성인은 3,400원, 청소년은 700원, 어린이는 무료로 인천차이나타운 내 5개 박물관을 모두 이용할 수 있습니다.","入場料は大人（満19歳以上）1,000ウォン、青少年（満13歳～18歳）700ウォンで、子供（36ヶ月～満12歳）は無料です。また、「5ヶ館統合観覧券」を購入する場合、大人は3,400ウォン、青少年は700ウォン、子供は無料で仁川チャイナタウン内の5つの博物館をすべて利用できます。"
국립밀양기상과학관,国立密陽気象科学館
경남 밀양시 밀양대공원로 84,慶南ミルヤン市ミルヤン大公園84
"[요금]
밀양 시민(과학관+천문대+박물관) - 성인 3,000원 / 학생 1,500원
단체(과학관+천문대+박물관) 성인 4,500원 / 학생 2,300원
일반(과학관+천문대+박물관) - 5,500원 / 성인 학생 2,300원
단체학생(과학관+천문대) - 성인 4,000원 / 학생 2,000원
밀양 시민(과학관+천문대) - 성인 3,000원 / 학생 1,500원
일반(과학관+천문대) - 성인 5,000원 / 학생 2,000원
일반 - 성인 2,000원 / 학생 1,000원
단체 - 성인 1,000원 / 학생 500원
밀양 - 성인 1,000원 / 학생 500원
미취학 아동 및 65세 이상 - 무료
[교육 프로그램]
현장 방문, 1층 키오스크에서 신청 가능
소요시간 : 각 회차별 30분
운영시간 : 10:30 / 14:30
참여 인원 : 최대 15명(전 연령 신청 가능)
[전시해설 프로그램]
운영시간 : 10:30 / 13:00 / 14:30 / 16:00
참여 인원 : 최대 15명(초등학교 이상 신청 가능)
[실내놀이터(날씨놀이터)]
대상: 3~7세 유아
내용: 볼풀, 가베놀이, 날씨 체험존
운영 시간: 평일 13시~16시 매시 정각부터 45분 동안 / 주말 10시~16시 매시 정각부터 45분(12시~12시 45분 제외)
참여 인원: 15명
[이용안내]
발권 마감시간: 종료 1시간 전","[料金]
密陽市民(科学館+天文台+博物館) - 大人3,000ウォン/学生1,500ウォン
団体（科学館+天文台+博物館）大人4,500ウォン/学生2,300ウォン
一般(科学館+天文台+博物館) - 5,500ウォン / 大人学生 2,300ウォン
団体学生(科学館+天文台) - 大人4,000ウォン / 学生2,000ウォン
密陽市民（科学館+天文台） - 大人3,000ウォン/学生1,500ウォン
一般（科学館+天文台） - 大人5,000ウォン/学生2,000ウォン
一般 - 大人2,000ウォン/学生1,000ウォン
団体 - 大人1,000ウォン/学生500ウォン
密陽 - 大人1,000ウォン/学生500ウォン
未就学児と65歳以上 - 無料
【教育プログラム】
現場訪問、1階キオスクで申請可能
所要時間：各回差別30分
営業時間：10:30 / 14:30
参加人数：最大15名（全年齢申請可能）
【展示解説プログラム】
営業時間：10:30 / 13:00 / 14:30 / 16:00
参加人数：最大15名（小学校以上申請可能）
【屋内遊び場（天気遊び場）】
対象：3～7歳幼児
内容：ボールプール、ガーベノール、天気体験ゾーン
営業時間：平日13時～16時 毎時定刻から45分／週末10時～16時 毎時定刻から45分（12時～12時45分を除く）
参加人数：15名
[利用案内]
発券締切時間：終了1時間前"
"[입장료 안내]
- 일반(성인 2,000원/학생 1,000원), 단체(성인 1,000원/학생 500원), 밀양시민(성인 1,000원/학생 500원), 미취학 아동 및 65세 이상 무료 등 다양한 요금제(과학관/천문대/박물관 통합, 단품 등)가 있습니다. 자세한 요금은 공식 홈페이지를 참고해주세요.
[운영시간/휴관일]
- 화~일 : 10:00~17:30, 월요일 정기휴무(발권 마감 : 종료 1시간 전)
- 설날, 추석 등 공휴일은 별도 안내될 수 있습니다.","【入場料案内】
- 一般(大人2,000ウォン/学生1,000ウォン)、団体(大人1,000ウォン/学生500ウォン)、密陽市民(大人1,000ウォン/学生500ウォン)、未就学児と65歳以上無料など多様な料金制(科学館/天文台/博物館統合)詳しくは公式ホームページをご覧ください。
[運営時間/休館日]
- 火～日：10:00～17:30、月曜日定休（発券締切：終了1時間前）
- お正月、秋夕など祝日は別途ご案内することができます。"
용인 처인성역사교육관,龍仁妻仁城歴史教育館
경기도 용인시 처인구 남사읍 처인성로 673,京畿道龍仁市仁川邑南仁邑673
"[요금]
입장료 및 관람료: 무료
별도의 예약 없이 현장 방문
1층: 전시실, 체험실, 문화교실, 자료실
2층: 다목적실, 사무실
<블록쌓기, 스케치팝 체험실>
운영시간: 10:00~12:00(오전) / 13:00~17:00(오후)
1회당 최대 체험 인원 10명
체험 프로그램(주기적 변경)
2022.11~12월: 고려의 히어로즈를 찾아서
홈페이지 예약","[料金]
入場料と観覧料：無料
別途予約なしで現地訪問
1階：展示室、体験室、文化教室、資料室
2階：多目的室、オフィス
＜ブロック積み、スケッチポップ体験室＞
運営時間：10:00～12:00(午前) / 13:00～17:00(午後)
1回あたり最大体験人数10人
体験プログラム（周期的変更）
2022.11～12月：高麗のヒーローズを求めて
ホームページ予約"
"용인 처인성역사교육관의 입장료 및 관람료는 무료입니다. 체험 프로그램도 무료로 제공되고 있습니다. 단, 특별행사나 일부 체험은 사전 예약이 필요할 수 있습니다.",龍仁処人省歴史教育館の入場料と観覧料は無料です。体験プログラムも無料で提供されています。ただし、特別イベントや一部の体験には事前予約が必要な場合があります。
대구창의융합교육원,大邱昌の融合教育院
대구광역시 수성구 동대구로 172 과학교육원,大邱広域市水城区東大邱路172科学教育院
"관람료: 무료
[운영 안내]
주중(평일): 일반관람 미운영
주말: 일반시민 및 학생 자유 관람
<학생과학관(전시관, 수학체험센터, 소프트웨어체험센터)>
사전 신청 없이 당일 현장 방문, 자유관람 가능
전시관 소독 및 환기 - 13:00~13:30
<천체투영실(1일 2회)>
1회차 - 입장시간 13:50~14:00 / 관람시간 14:00~14:30
2회차 - 입장시간 15:50~16:00 / 관람시간 16:00~16:30","観覧料：無料
【運営案内】
平日（平日）：一般観覧ミ運営
週末：一般市民と学生の自由観覧
＜学生科学館（展示館、数学体験センター、ソフトウェア体験センター）＞
事前申請なしで当日現場訪問、自由観覧可能
展示館の消毒と換気 - 13:00～13:30
＜天体投影室（1日2回）＞
1回目 - 入場時間13:50～14:00 / 観覧時間14:00～14:30
2回目 - 入場時間15:50～16:00 / 観覧時間16:00～16:30"
"관람 시간은 매일 오전 10시부터 오후 5시까지(13:00~13:30 전시관 소독 및 환기)입니다. 일반관람은 주말(토, 일)에만 운영되며, 평일(월~금)은 일반관람이 불가합니다. 모든 관람과 체험은 무료입니다.",観覧時間は毎日午前10時から午後5時まで（13:00～13:30展示館消毒及び換気）です。一般観覧は週末（土、日）にのみ運営され、平日（月～金）は一般観覧ができません。すべての観覧と体験は無料です。
밀양아리랑우주천문대,密陽アリラン宇宙天文台
경남 밀양시 밀양대공원로 86,慶南ミルヤン市ミルヤン大公園86
"[요금]
통합 입장권(천문대+기상과학관): 성인 5,000원 / 학생 2,000원
천문대 관람료(전시물 관람, 태양 관측): 성인 4,000원 / 학생 2,000원
천체투영관: 성인 2,000원 / 청소년, 어린이 1,000원
야간 프로그램: 성인 6,000원 / 청소년, 어린이 3,000원
6세 이하 유아 및 65세 이상 노인: 무료
자세한 메뉴 및 요금은 첨부된 이미지를 확인해 주세요.
[이용안내]
브레이크 타임: 17시 30분~19시 30분
매표 마감: 16시 30분
<야간개관>
약 1시간~1시간 30분 동안 진행
시기: 4월~8월
관람시간 - 19:30(평일 및 주말), 20:00(주말), 20:30(평일 및 주말)
매표시간 - 각 프로그램 시작 30분 전부터
시기: 9월~다음 해 3월
관람시간 - 19:00(평일 및 주말), 19:30(주말)","[料金]
統合入場券（天文台+気象科学館）：大人5,000ウォン/学生2,000ウォン
天文台観覧料（展示物観覧、太陽観測）：大人4,000ウォン/学生2,000ウォン
天体投影館：大人2,000ウォン/青少年、子供1,000ウォン
夜間プログラム：大人6,000ウォン/青少年、子供3,000ウォン
6歳以下の幼児と65歳以上の高齢者：無料
詳細メニューや料金は添付画像をご確認ください。
[利用案内]
ブレーキタイム：17時30分～19時30分
切手締切：16時30分
＜夜間開館＞
約1時間～1時間30分間進行
時期：4月～8月
観覧時間 - 19:30(平日および週末)、20:00(週末)、20:30(平日および週末)
チケット時間 - 各プログラムの開始30分前から
時期：9月～翌年3月
観覧時間 - 19:00(平日および週末)、19:30(週末)"
월요일정기휴무화요일10:00 ~ 22:00수요일10:00 ~ 22:00목요일10:00 ~ 22:00금요일10:00 ~ 22:00토요일10:00 ~ 22:00일요일10:00 ~ 22:00,月曜日定休 火曜日10:00～22:00水曜日10:00～22:00木曜日10:00～22:00金曜日10:00～22:00土曜日10:00～22:00日曜日10:00～22:00
오산시 유엔군 초전기념관,烏山市国連軍超電記念館
경기도 오산시 경기대로 742 UN초전기념관,京畿道烏山市京畿道742国連超電記念館
"[요금]
무료","[料金]
無料"
"오산시 유엔군 초전기념관의 운영시간은 화요일부터 일요일까지 오전 9시부터 오후 6시까지이며, 월요일은 정기 휴무입니다. 입장료는 무료입니다.",烏山市国連軍草展記念館の運営時間は火曜日から日曜日まで午前9時から午後6時までで、月曜日は定休です。入場料は無料です。
오미자테마공원,近江テーマ公園
경북 문경시 문경읍 새재로 715,慶北ムンギョン市ムンギョン邑セジェロ715
"[요금]
무료
[이용안내]
하계(3월~10월) 10:00~17:00 / 동계(11월~2월) 10:00~16:00
1층 - 오미자체험장, 특산물 판매장
2층 - 오미자 전시실, 디지털체험 및 유아놀이시설
3층 - 오미자테마카페 미정원 / 바람살랑 오두막 전망대전망대","[料金]
無料
[利用案内]
夏季(3月～10月) 10:00～17:00 / 冬季(11月～2月) 10:00～16:00
1階 - 五味子体験場、特産物販売場
2階 - 五味子展示室、デジタル体験および幼児遊び施設
3階 - 近江寺カフェ未定員 / 風サラン小屋展望台展望台"
"오미자테마공원 입장은 무료입니다. 일부 체험 프로그램이 별도로 운영된다면, 현장 안내 또는 공식 채널에서 상세 내용을 확인하실 수 있습니다.",近江テーマ公園への入場は無料です。一部の体験プログラムが別途運営されている場合は、現場案内または公式チャンネルで詳細を確認することができます。
포항구룡포과메기문화관,浦項九龍浦科ナマズ文化館
경북 포항시 남구 구룡포읍 구룡포길117번길 28-8,慶北浦項市南区九龍浦邑九龍浦路117番ギル28-8
"입장 마감시간: 17:30
입장료 및 관람료: 무료
1층: 기획전시실, 판매장/관리실
2층: 해양체험관, 사무실/연구센터
3층: 과메기홍보관, 과메기문화관
4층: 야외전망대, 해양관/영상관/카페
[영상체험관]
2D <바람이 전하는 맛 - 과메기> 과메기 탄생을 그린 만화 이야기
상영시간: 11:00, 16:30
3D 겸재 정선과 내연산의 비밀
상영시간: 14:30","入場締切時間：17:30
入場料と観覧料：無料
1階：企画展示室、販売場／管理室
2階：海洋体験館、オフィス/研究センター
3階：課名木広報館、課名木文化館
4階：野外展望台、海洋館/映像館/カフェ
[映像体験館]
2D <風が伝える味-グアメギ> グアメギ誕生を描いた漫画物語
上映時間：11:00、16:30
3D 兼在精選と内燃産の秘密
上映時間: 14:30"
월요일정기 휴무화요일9:00 ~ 18:00수요일9:00 ~ 18:00목요일9:00 ~ 18:00금요일9:00 ~ 18:00토요일9:00 ~ 18:00일요일9:00 ~ 18:00,月曜日定期休業火曜日9:00～18:00水曜日9:00～18:00木曜日9:00～18:00金曜日9:00～18:00土曜日9:00～18:00日曜日9:00～18:00
관람료와 주차요금 모두 무료입니다.,観覧料と駐車料金の両方が無料です。
여주시립폰박물관,ヨジュ市立電話博物館
경기도 여주시 강변유원지길 105,京畿道麗州市江辺遊園地道105
"관람시간
3월~10월 - 09:00~18:00
11월~2월 - 09:00~17:00
종료 1시간 전까지 입장 가능
[요금]
여주시민 - 무료
어른 - 3,000원
청소년(중, 고등학생) - 2,500원
어린이(초등학생) - 2,000원
6세 이하 유아 - 무료
매주 마지막 주(문화의 주) - 무료입장
금, 은 모래 캠핑장 주차장 이용 시 2시간 무료","観覧時間
3月～10月 - 09:00～18:00
11月～2月 - 09:00～17:00
終了1時間前まで入場可能
[料金]
ヨジュ市民 - 無料
大人 - 3,000ウォン
青少年（中・高校生） - 2,500ウォン
子供（小学生） - 2,000ウォン
6歳以下の幼児 - 無料
毎週最後の週（文化の週） - 無料入場
金、銀砂のキャンプ場駐車場利用時2時間無料"
"여주시립폰박물관의 관람시간은 3월~10월에는 오전 9시부터 오후 6시까지, 11월~2월에는 오전 9시부터 오후 5시까지입니다. 월요일은 정기 휴관이며, 그 외 휴무일은 방문 전 박물관 공식 안내를 확인해 주세요. 입장은 마감 1시간 전까지 가능합니다.",麗州市立電話博物館の観覧時間は3月～10月には午前9時から午後6時まで、11月～2月には午前9時から午後5時までです。月曜日は定期休館であり、その他休業日は訪問前博物館公式案内をご確認ください。入場は締切1時間前まで可能です。
"입장료는 어른 3,000원, 청소년(중·고등학생) 2,500원, 어린이(초등학생) 2,000원입니다. 6세 이하 유아, 여주시민은 무료 입장이 가능합니다. 또한 매월 마지막 주 문화의 날에는 누구나 무료로 입장할 수 있습니다.","入場料は大人3,000ウォン、青少年（中・高校生）2,500ウォン、子供（小学生）2,000ウォンです。 6歳以下幼児、女住市民は無料入場が可能です。また、毎月最後の週の文化の日には誰でも無料で入場できます。"
거창월성우주창의과학관,巨昌月城宇宙創意科学館
경남 거창군 북상면 덕유월성로 1312-96,慶南巨昌郡北上面徳裕月城路1312-96
"휴게시간 - 12:00~13:00
토요 야간 별자리여행 - 동절기(10월~11월, 3월): 19:00~21:30 / 하절기(4월~9월): 19:30~22:00
[입장 및 체험 요금 안내]
어른: 3,000원
청소년 및 어린이: 2,000원
6세 이하 유아 무료 입장
체험료: 각 체험당 2,000원
토요 야간 별자리여행: 낮에는 볼 수 없는 실재 밤하늘 천체를 천체망원경으로 관측하는 프로그램
성인: 7,000원
청소년(미취학아동 포함): 6,000원
자세한 요금 및 체험 프로그램 안내는 첨부된 사진 혹은 홈페이지를 참고해 주세요.","休憩時間 - 12:00～13:00
東洋夜間星座旅行 - 冬季（10月～11月、3月）：19:00～21:30 / 夏季（4月～9月）：19:30～22:00
【入場及び体験料金案内】
大人：3,000ウォン
青少年と子供：2,000ウォン
6歳以下幼児無料入場
体験料：各体験あたり2,000ウォン
豊夜星座旅行：日中には見ら​​れない実在の夜空天体を天体望遠鏡で観測するプログラム
大人：7,000ウォン
青少年（未就学児を含む）：6,000ウォン
詳しい料金および体験プログラム案内は添付の写真もしくはホームページをご覧ください。"
"입장요금은 어른 3,000원, 청소년 및 어린이 2,000원이며 6세 이하 유아는 무료입니다. 각 체험당 2,000원의 체험료가 별도로 부과됩니다. 운영시간은 화요일부터 일요일 오전 9:30~오후 5:30(입장 마감 16:30)까지이며, 월요일은 정기 휴무입니다. 점심시간(12:00~13:00)에는 체험이 제한될 수 있습니다. 토요 야간 별자리여행 프로그램은 동절기(10~11월, 3월)는 19:00~21:30, 하절기(4~9월)는 19:30~22:00에 진행됩니다.","入場料金は大人3,000ウォン、青少年および子供2,000ウォンで、6歳以下の幼児は無料です。各体験につき2,000ウォンの体験料が別途課金されます。運営時間は火曜日から日曜日午前9:30～午後5:30（入場締切16:30）までで、月曜日は定休です。ランチ時間（12:00～13:00）には体験が制限される場合があります。東洋夜間星座旅行プログラムは、冬季（10～11月、3月）は19:00～21:30、夏季（4～9月）は19:30～22:00に行われます。"
천적생태과학관,天敵生態科学館
경남 거창군 거창읍 거함대로 3372-60,慶南郡昌昌郡昌昌邑3372-60
천적생태과학관은 입장료가 무료입니다.,天敵生態科学館は入場料が無料です。
팀랩 플래닛 도쿄,チームラッププラネット東京
"6 Chome-1-16 Toyosu, Koto City, Tokyo 135-0061 일본","6 Chome-1-16 Toyosu, Koto City, 東京 135-0061 日本"
"[요금]
<월~금>
성인(만18세 이상): 3,800엔(~7월 21일) / 4,200엔(7월 22일~)
중학생·고등학생: 2,800엔
어린이(만4세~12세): 1,500엔
만3세 이하: 무료
<토, 일, 공휴일>
성인(만18세 이상): 4,200엔
[이용안내]
입장 마감: 21시","[料金]
＜月～金＞
大人（満18歳以上）：3,800円（～7月21日） / 4,200円（7月22日～）
中学生・高校生：2,800円
子供（満4歳～12歳）：1,500円
満3歳以下：無料
＜土・日・祝日＞
大人（満18歳以上）：4,200円
[利用案内]
入場締め切り：21時"
월요일09:00 ~ 22:00화요일09:00 ~ 22:00수요일정기휴무목요일09:00 ~ 22:00금요일09:00 ~ 22:00토요일09:00 ~ 22:00일요일09:00 ~ 22:00,月曜日09:00〜22:00火曜日09:00〜22:00水曜日定休日木曜日09:00〜22:00金曜日09:00〜22:00土曜日09:00〜22:00日曜日09:00〜22:00
"평일(월~금) 성인(18세 이상) 3,800엔(7월 21일까지)/4,200엔(7월 22일부터), 중고생 2,800엔, 어린이(4~12세) 1,500엔, 3세 이하는 무료입니다. 주말·공휴일은 성인 4,200엔이며, 중고생·어린이 요금과 3세 이하 무료 정책은 동일합니다.","平日（月～金）大人（18歳以上）3,800円（7月21日まで）/4,200円（7月22日から）、中高生2,800円、子供（4～12歳）1,500円、3歳以下は無料です。週末・祝日は大人4,200円で、中高生・子供料金と3歳以下の無料方針は同じです。"
국회박물관 어린이박물관,国会博物館子供博物館
서울특별시 영등포구 의사당대로 1 국회,ソウル特別市永登浦区議事堂通り1国会
"[입장료]
무료
[운영 안내]
정기휴관일: 법정공휴일, 근로자의 날, 국회개원기념일
관람시간: 1회차 - 10:00~11:20 / 2회차 - 13:30~14:50 / 3회차 - 15:00~16:20
토요일은 1회차만 운영
어린이박물관은 사전 온라인 예약자만 입장이 가능합니다. (월 1회)
관람일 14일 전 00시부터 예약이 가능(정원 50명)
10세 이하 아이만 이용 가능
전시실 내부 음식물 섭취 불가
유모차 입장 불가","【入場料】
無料
【運営案内】
定休日：法定祝日、労働者の日、国会開園記念日
観覧時間：1回目 - 10:00〜11:20 / 2回目 - 13:30〜14:50 / 3回目 - 15:00〜16:20
土曜日は1回目のみ運営
子供博物館は事前オンライン予約者のみ入場できます。 （月1回）
観覧日の14日前00時から予約が可能（定員50名）
10歳以下の子供のみ利用可能
展示室内の食物摂取不可
ベビーカー入場不可"
"관람은 평일에는 1회차(10:00~11:20), 2회차(13:30~14:50), 3회차(15:00~16:20) 등 하루 3회차로 운영되며, 토요일은 1회차(10:00~11:20)만 운영합니다. 일요일과 법정공휴일, 근로자의 날, 국회개원기념일은 휴관입니다. 편의시설로는 수유실, 기저귀 교환대, 주차, 예약, 물품보관함이 제공됩니다. 유모차는 입장 불가하며, 입구 근처 유모차 보관소에 보관해야 합니다. 실내 음식물 섭취는 금지되어 있습니다.",観覧は平日には1回目(10:00～11:20)、2回目(13:30～14:50)、3回目(15:00～16:20)など1日3回目で運営され、土曜日は1回目(10:00～11:20)のみ運営します。日曜日と法定祝日、労働者の日、国会開園記念日は休館です。アメニティには、授乳室、おむつ交換台、駐車場、予約、物品保管室があります。ベビーカーは入場不可で、入口付近のベビーカー保管所に保管してください。屋内食品の摂取は禁止されています。
"어린이박물관 입장은 사전 온라인 예약을 통해서만 가능합니다. 예약은 관람일 14일 전 00시부터 가능하며, 1인당 1개월 1회, 연 12회까지만 예약할 수 있습니다. 회차당 정원은 50명입니다. 예약 없이 현장 입장은 불가합니다. 입장료는 무료입니다.",子供博物館への入場は事前のオンライン予約でのみ可能です。予約は観覧日の14日前00時から可能で、1人あたり1ヶ月1回、年12回までのみ予約できます。 1回あたりの庭園は50人です。予約なしで現場への入場はできません。入場料は無料です。
섬진강기차마을생태학습관,島津江鉄道村生態学習館
전남 곡성군 오곡면 기차마을로 252-16,全羅南道ゴクソン郡オゴクミョン電車村252-16
"[요금]
대인 - 5,000원
소인, 경로우대자 - 4,500원
곡성국민, 국가유공자, 장애인 - 무료
48개월 미만 - 무료","[料金]
大人 - 5,000ウォン
小人、パス優待者 - 4,500ウォン
ゴクソン国民、国家有功者、障害者 - 無料
48ヶ月未満 - 無料"
월요일10:00 ~ 18:00화요일10:00 ~ 18:00수요일10:00 ~ 18:00목요일10:00 ~ 18:00금요일10:00 ~ 18:00토요일10:00 ~ 18:00일요일10:00 ~ 18:00,月曜日10:00〜18:00火曜日10:00〜18:00水曜日10:00〜18:00木曜日10:00〜18:00金曜日10:00〜18:00土曜日10:00〜18:00日曜日10:00〜18:00
"입장료는 대인 5,000원, 소인 및 경로우대자 4,500원입니다. 곡성국민, 국가유공자, 장애인, 48개월 미만의 영유아는 무료로 입장할 수 있습니다.","入場料は大人5,000ウォン、小人及びパス優待者4,500ウォンです。曲城国民、国家有功者、障害者、48ヶ月未満の乳幼児は無料で入場できます。"
하이커 그라운드,ハイカーグラウンド
서울특별시 중구 청계천로 40 한국관광공사 서울센터,ソウル特別市中区清渓川路40韓国観光公社ソウルセンター
"[요금]
관람료: 무료(유료 별도 공지)
[이용 안내]
입장 마감: 운영 시간 종료 20분 전까지
[프로그램]
도슨트 프로그램
정기해설
이용시간: 화~일요일 / 10:30, 15:30
이용방법: 최대 15명, 선착순 워크인","[料金]
観覧料：無料（有料別途お知らせ）
【利用案内】
入場締切：営業時間終了の20分前まで
[プログラム]
ドーセントプログラム
定期解説
利用時間：火～日曜日／10:30、15:30
利用方法：最大15名、先着順ワークイン"
월요일정기휴무화요일10:00 ~ 19:00수요일10:00 ~ 19:00목요일10:00 ~ 19:00금요일10:00 ~ 19:00토요일10:00 ~ 19:00일요일10:00 ~ 19:00,月曜日定休 火曜日10:00～19:00水曜日10:00～19:00木曜日10:00～19:00金曜日10:00～19:00土曜日10:00～19:00日曜日10:00～19:00
"하이커 그라운드는 관람료가 무료입니다(유료 프로그램은 별도 공지됨). 대부분 자유 관람이 가능하지만, 일부 체험 프로그램의 경우 사전 예약이 필요하니 방문 전 공식 홈페이지 '예약창'에서 원하는 프로그램의 예약 가능 여부를 꼭 확인하세요.",ハイカーグラウンドは観覧料が無料です（有料プログラムは別途お知らせ）。ほとんどの自由観覧が可能ですが、一部の体験プログラムの場合、事前予約が必要なので、訪問前の公式ホームページ「予約窓口」で希望のプログラムの予約可否をぜひご確認ください。
xr버스1795행,xrバス1795行
경기도 수원시 팔달구 매향동 153-11,京畿道水原市パルダル区マヒャンドン153-11
"[요금]
탑승 요금: 무료
[이용안내]
수원화성 순환형 버스(40분 소요)
- 승하차장: 연무대 공영 주차장 (경기 수원시 매향동 153-11)
- 운영요일: 화,목,토,일 (11시, 13시, 15시, 17시)
- 코스: 연무대 - 화성행궁 - 팔당문 - 화서문 - 장안문 - 용연 - 창룡문 - 화호문 - 수원화성박물관
서울-수원 편도형 버스(90분 소요)
- 운영요일: 금 (11시)
- 코스: 한국관광공사 서울센터(후면부) → 수원 연무대 주차장","[料金]
搭乗料金：無料
[利用案内]
水原華城循環型バス（40分）
- 乗降車場：延武台公営駐車場（京畿道水原市マヒャンドン153-11）
- 営業曜日：火、木、土、日（11時、13時、15時、17時）
- コース：煙舞台 - 華城行宮 - 八堂門 - 華西門 - 長安門 - 龍龍 - 昌龍門 - 華湖門 - 水原華城博物館
ソウル - 水原扁桃型バス（90分）
- 営業曜日：金（11時）
- コース：韓国観光公社ソウルセンター（背面部）→水原延武台駐車場"
XR버스 1795행의 탑승 요금은 전 구간 무료입니다. 별도의 결제 없이 이용하실 수 있습니다.,XRバス1795行の搭乗料金は全区間無料です。別途決済なしでご利用いただけます。
신라대종,新羅大宗
경북 경주시 태종로 767,慶北慶州市太宗路767
"[요금]
5인 이하: 5,000원
5인 초과: 10,000원
[이용안내]
타종시간: 11시~17시(매시 정각 진행, 13시 제외)","[料金]
5名以下：5,000ウォン
5人超過：10,000ウォン
[利用案内]
他種時間：11時～17時（毎時定刻進行、13時を除く）"
"5인 이하 팀은 5,000원, 5인 초과 시 10,000원의 요금이 있습니다. 현장에서 선착순으로 바로 접수하거나, 홈페이지를 통해 사전에 인터넷으로 신청할 수 있습니다.","5人以下のチームは5,000ウォン、5人超の場合10,000ウォンの料金があります。現場で先着順ですぐに受け付けたり、ホームページを通じて事前にインターネットで申請することができます。"
국립경주박물관 어린이박물관,国立慶州博物館子供博物館
경상북도 경주시 일정로 186,慶尚北道慶州市日程路186
"[요금]
관람료 및 입장료: 무료
[시설]
상설전시, 특별전시, 물품보관함, 엘리베이터, 화장실, 수유실, 독서 및 휴게실, 프로그램실
[이용안내]
휴관: 3, 6, 9, 11월 첫 번째 월요일
관람 회차 및 시간: 10시부터 매시 정각 / 50분 관람","[料金]
観覧料と入場料：無料
[施設]
常設展示、特別展示、物品保管箱、エレベーター、トイレ、授乳室、読書及び休憩室、プログラム室
[利用案内]
休館：3、6、9、11月の最初の月曜日
観覧回車と時間：10時から毎時定刻／50分観覧"
"어린이박물관은 오전 10시부터 오후 6시까지 매시 정각에 입장하여 50분 동안 관람할 수 있습니다. 휴관일은 3, 6, 9, 11월 첫 번째 월요일입니다. 예약제이므로 반드시 시간에 맞춰 오셔야 하고, 음식물 반입은 금지되어 있습니다. 어린이박물관은 국립경주박물관 특별전시관 지하에 위치해 있습니다.",こども博物館は午前10時から午後6時まで毎時正刻に入場し、50分間観覧できます。休館日は3、6、9、11月の最初の月曜日です。予約制なので必ず時間に合わせてお越しください。 食べ物の持ち込みは禁止されています。子供博物館は国立慶州博物館特別展示館の地下に位置しています。
"국립경주박물관과 어린이박물관 모두 주차장이 넓게 마련되어 있어 주차가 편리하며, 주차료와 입장료 모두 무료입니다.",国立慶州博物館と子供博物館の両方に駐車場が広く、駐車場が便利で、駐車料金と入場料の両方が無料です。
국립등대박물관,国立灯台博物館
경북 포항시 남구 호미곶면 해맞이로150번길 20,慶北浦項市南区ホミ岬面日の出で150番道20
"[요금]
관람료 및 입장료: 무료
입장 마감 시간: 17:30
[박물관 시설]
전시관: 등대의 시간(2F), 등대의 과학(3F)
교육관: 영유아 바다놀이터
체험관: 아날로그 체험공간(1F), 디지털 체험공간(2F)
등대역사관","[料金]
観覧料と入場料：無料
入場締切時間：17:30
【博物館施設】
展示館：灯台の時間（2F）、灯台の科学（3F）
教育官：乳幼児海遊び場
体験館：アナログ体験空間（1F）、デジタル体験空間（2F）
灯台歴史館"
월요일정기휴무화요일9:00 ~ 18:00수요일9:00 ~ 18:00목요일9:00 ~ 18:00금요일9:00 ~ 18:00토요일9:00 ~ 18:00일요일9:00 ~ 18:00,月曜日定休 火曜日9:00～18:00水曜日9:00～18:00木曜日9:00～18:00金曜日9:00～18:00土曜日9:00～18:00日曜日9:00～18:00
전쟁기념관 어린이박물관,戦争記念館子供博物館
서울특별시 용산구 이태원로 29 전쟁기념관,ソウル特別市龍山区梨泰院路29戦争記念館
"[요금]
입장료 무료
주차요금 - 소형: 2시간 이내 4,000원 / 대형: 2시간 이내 12,000원
자세한 주차요금은 첨부된 사진을 확인해 주세요
[이용 안내]
휴관일: 매주 월요일 (월요일이 포함된 연휴 때는 연휴 다음날 휴관)
관람시간: 총 8회
10:00~10:50, 11:00~11:50, 12:00~12:50, 13:00~13:50, 14:00~14:50, 15:00~15:50, 16:00~16:50, 17:00~17:50
안전하고 쾌적한 관람을 위해 일일 입장인원을 제한하고 있습니다.
회차별로 홈페이지 사전예약 50명, 현장접수 30명으로 운영되오니 가급적 사전예약 후 방문해 주시기 바랍니다.
어린이박물관의 권장 연령은 4세~10세 유아 및 어린이입니다.
원활한 관람을 위해 유모차 반입은 불가능하며 어린이박물관 안내데스크 앞에 보관하셔야 합니다.
쾌적한 전시실 환경을 위해 물을 비롯한 일체의 음식물 반입을 금지합니다.
[시설 안내]
물품 보관함, 어린이 도서실, 카페, 단체 도시락 공간, 교육실, 비행기 놀이터","[料金]
入場料無料
駐車料金 - 小型：2時間以内4,000ウォン/大型：2時間以内12,000ウォン
詳細な駐車料金は添付の写真をご確認ください
【利用案内】
休館日：毎週月曜日（月曜日を含む連休の場合は連休翌日休館）
観覧時間：計8回
10:00～10:50、11:00～11:50、12:00～12:50、13:00～13:50、14:00～14:50、15:00～15:50、16:00～16:50、17:00～
安全で快適な観覧のため、毎日の入場人数を制限しています。
回車別にホームページ事前予約50名、現場受付30名で運営されますので、なるべく事前予約後にご訪問ください。
子供博物館の推奨年齢は4歳～10歳の幼児および子供です。
円滑な観覧のため、ベビーカーの持ち込みは不可能で、子供博物館案内デスクの前に保管する必要があります。
快適な展示室環境のため、水をはじめとする一切の食品の持ち込みを禁止します。
【施設案内】
アイテムライブラリ、子供の図書室、カフェ、団体弁当スペース、教育室、飛行機の遊び場"
"입장료는 무료입니다. 운영 시간은 화요일부터 일요일까지 오전 10시부터 오후 6시까지이며(마지막 입장 17:00), 월요일은 휴관입니다. 관람은 10:00~10:50, 11:00~11:50, 12:00~12:50, 13:00~13:50, 14:00~14:50, 15:00~15:50, 16:00~16:50, 17:00~17:50의 8회차로 나누어 운영됩니다.",入場料は無料です。営業時間は火曜日から日曜日まで午前10時から午後6時までで（最終入場17:00）、月曜日は休館です。観覧は10:00～10:50、11:00～11:50、12:00～12:50、13:00～13:50、14:00～14:50、15:00～15:50、16:00～16:50、17:5運営されています。
김포함상공원,金浦艦上公園
경기도 김포시 대곶면 대명항1로 110-36,京畿道金浦市大江面大明港1路110-36
"[요금]
무료
[시설]
외부: 운봉함, 수륙 양용차, 메모리얼가든, 야외분수, 야외무대
함정내부: 전시관, 영상관, 홍보관, 체험시설
[이용안내]
입장마감: 17시","[料金]
無料
[施設]
外装：雲峰箱、水陸両用車、メモリアルガーデン、野外噴水、野外ステージ
トラップ内部：展示館、映像館、広報館、体験施設
[利用案内]
入場締切：17時"
"입장료는 성인 3,000원, 청소년 2,000원, 어린이(만 6세 이상) 1,000원입니다. 김포시민은 증빙자료 지참 시 50% 할인을 받을 수 있으며, 만 6세 미만 어린이와 김포 시민은 무료입니다. 운영시간은 3~10월 09:00~19:00, 11~2월 09:00~18:00(입장 마감은 종료 1시간 전)입니다. 무료 공용주차장(대명포구 공영주차장)을 이용할 수 있습니다.","入場料は大人3,000ウォン、青少年2,000ウォン、子供（満6歳以上）1,000ウォンです。金浦市民は証券資料持参時に50％割引を受けることができ、満6歳未満の子供と金浦市民は無料です。運営時間は3～10月09:00～19:00、11～2月09:00～18:00（入場締切は終了1時間前）です。無料公共駐車場（大明浦区公営駐車場）を利用できます。"
서울특별시 종로구 세종대로 198 대한민국 역사박물관,ソウル特別市鍾路区世宗大路198 韓国歴史博物館
"[요금]
입장료 및 관람료: 무료
[이용 안내]
입장 마감: 폐관 30분 전까지
전시 해설: 당일 선착순 마감
[전시 해설]
역사관 전체 해설(50분)
10시 30분~ / 13시 30분~ / 15시~
당일 선착순 30명
역사관 주제별 해설(30분)
14시~(평일만)
[어린이 박물관]
이용 가능 연령: 10세 이하
이용 시간: 10시 ~ 17시 30분 (12시~13시 점심시간)","[料金]
入場料と観覧料：無料
【利用案内】
入場締切：閉館の30分前まで
展示解説：当日先着順締め切り
【展示解説】
歴史館全体解説（50分）
10時30分～ / 13時30分～ / 15時～
当日先着順30名
歴史館テーマ別解説（30分）
14時～（平日のみ）
【子供博物館】
利用可能年齢：10歳以下
利用時間：10時～17時30分（12時～13時ランチ時間）"
월요일10:00 ~ 18:00화요일10:00 ~ 18:00수요일10:00 ~ 21:00목요일10:00 ~ 18:00금요일10:00 ~ 18:00토요일10:00 ~ 21:00일요일10:00 ~ 18:00,月曜日10:00～18:00火曜日10:00～18:00水曜日10:00～21:00木曜日10:00～18:00金曜日10:00～18:00土曜日10:00～21:00日曜日10:00～18:00
전주농업과학관어린이체험관,全州農業科学館子供体験館
전북특별자치도 전주시 덕진구 농생명로 300 농촌진흥청 전주농업과학관어린이체험관,全北特別自治道全州市徳津区農生命路300農村振興庁全州農業科学館子供体験館
"[요금]
무료
[이용안내]
휴관일: 매주 월요일(월요일이 공휴일인 경우 그 다음날), 1월 1일, 설날, 추석연휴, 근로자의 날
입장마감: 16시 30분
4D 영상 관람시간 - 10:30 / 11:30 / 13:30 / 14:30 / 15:30","[料金]
無料
[利用案内]
休館日：毎週月曜日（月曜日が祝日の場合は翌日）、1月1日、旧正月、秋夕連休、労働者の日
入場締切：16時30分
4D映像観覧時間 - 10:30 / 11:30 / 13:30 / 14:30 / 15:30"
월요일정기휴무화요일09:30 ~ 17:00수요일09:30 ~ 17:00목요일09:30 ~ 17:00금요일09:30 ~ 17:00토요일10:00 ~ 17:00일요일10:00 ~ 17:00,月曜日定休 火曜日09:30～17:00水曜日09:30～17:00木曜日09:30～17:00金曜日09:30～17:00土曜日10:00～17:00日曜日10:00～17:00
"입장료는 무료입니다. 운영시간은 화요일~금요일 09:30~17:00, 토요일·일요일 10:00~17:00이며, 입장 마감은 16:30입니다. 휴관일은 매주 월요일(월요일이 공휴일이면 다음 날), 1월 1일, 설날, 추석 연휴, 근로자의 날입니다. 4D 영상관은 1층에 위치하며, 상영 시간은 10:30, 11:30, 13:30, 14:30, 15:30입니다.",入場料は無料です。運営時間は火曜日～金曜日09:30～17:00、土曜日・日曜日10:00～17:00で、入場締切は16:30です。休館日は毎週月曜日（月曜日が祝日の場合は翌日）、1月1日、お正月、秋夕連休、労働者の日です。 4D映像館は1階に位置し、上映時間は10:30、11:30、13:30、14:30、15:30です。
가나아트파크,ガーナアートパーク
경기도 양주시 장흥면 권율로 117,京畿道楊州市長興面権率117
"[요금]
대인 (20세 이상): 12,000원
소인 (24개월-19세): 12,000원
복지할인-장애인, 국가유공자, 65세 이상: 6,000원
24개월 미만(출생증명 지참): 무료
만들기 체험: 프로그램 별 상이
[체험 프로그램]
우산 만들기, 동물 컬러링, 접시 만들기, 연필꽂이 만들기, 화분 만들기, 에코백 만들기 등
[시설]
전시실, 키즈룸, 분수대, 정원, 물놀이, 색칠 공간, 샌드아트공간, 목마 놀이터, 푸드카페, 체험관, 칠판 놀이
물놀이 시설: 렛 잇 레인, 레이니 터널, 드로잉 워터플레이
[이용안내]
주말 이용 시간: 19시까지(5월~10월), 18시까지(11월~4월)
입장 마감 시간: 이용 시간 종료 1시간 전","[料金]
大人（20歳以上）：12,000ウォン
小人（24ヶ月 - 19歳）：12,000ウォン
福祉割引 - 障害者、国家有功者、65歳以上：6,000ウォン
24ヶ月未満（出生証明持参）：無料
作り体験：プログラム別違い
【体験プログラム】
傘を作る、動物を色づけ、皿を作る、鉛筆を作る、植木鉢を作る、エコバッグを作るなど
[施設]
展示室、キッズルーム、噴水、庭、水遊び、ぬりえスペース、サンドアートスペース、木馬遊び場、フードカフェ、体験館、黒板遊び
水遊び施設：レットイットレーン、レイニートンネル、描画ウォータープレイ
[利用案内]
週末利用時間：19時まで（5月～10月）、18時まで（11月～4月）
入場締切時間：利用時間終了1時間前"
월요일정기휴무화요일10:30 ~ 18:00수요일10:30 ~ 18:00목요일10:30 ~ 18:00금요일10:30 ~ 18:00토요일10:00 ~ 19:00일요일10:00 ~ 19:00,月曜日定休 火曜日10:30～18:00水曜日10:30～18:00木曜日10:30～18:00金曜日10:30～18:00土曜日10:00～19:00日曜日10:00～19:00
"[이용 요금] 대인(20세 이상) 12,000원, 소인(24개월~19세) 12,000원, 복지할인(장애인, 국가유공자, 65세 이상) 6,000원, 24개월 미만(출생증명 지참)은 무료입니다. [예약] 네이버 예약 시 할인된 금액으로 입장할 수 있습니다. 일부 체험 프로그램은 별도 참가비가 있으며, 현장 및 홈페이지 안내를 참고하세요.","【利用料金】大人（20歳以上）12,000ウォン、小人（24ヶ月～19歳）12,000ウォン、福祉割引（障害者、国家有功者、65歳以上）6,000ウォン、24ヶ月未満（出生証明持参）は無料です。 [予約] ネイバー予約時に割引金額で入場できます。一部の体験プログラムには別途参加費があり、現場やホームページのご案内をご覧ください。"
한독의약박물관,韓毒医薬博物館
충청북도 음성군 대소면 대풍산단로 78,忠清北道音声郡大小面大風山岳路78
"1F: 국제전시실, 생명갤러리, 한독역사실, 제석홀
한국관: 우리나라 전통 의약의 발자취와 문화재(국가 지정 보물 6점, 시·도 지정문화재 2점) 및 다양한 의서, 옛 한의원의 모습을 만날 수 있습니다.
국제관: 독일, 영국, 미국, 중국, 일본 등 동서양의 의약 역사가 함께 전시되며, 19세기 독일약국과 플레밍 박사 연구실도 재현되어 있습니다.
한독사료실: 한독의 기업 역사와 성장 과정을 다양한 자료로 소개합니다.
제석홀: 창업주 김신권 명예회장의 기증품들이 전시되어 있습니다.
생명갤러리: 현대미술과 생명을 주제로 한 예술작품도 감상할 수 있습니다.
한국관: 우리나라 전통 의약의 발자취와 문화재(국가 지정 보물 6점, 시·도 지정문화재 2점) 및 다양한 의서, 옛 한의원의 모습을 만날 수 있습니다.
국제관: 독일, 영국, 미국, 중국, 일본 등 동서양의 의약 역사가 함께 전시되며, 19세기 독일약국과 플레밍 박사 연구실도 재현되어 있습니다.
한독사료실: 한독의 기업 역사와 성장 과정을 다양한 자료로 소개합니다.
제석홀: 창업주 김신권 명예회장의 기증품들이 전시되어 있습니다.
생명갤러리: 현대미술과 생명을 주제로 한 예술작품도 감상할 수 있습니다.
2F: 한국전시실, 일산문고, 영상실
소화제 만들기
혈액형 알아보기
나만의 의약서적 만들기
사랑의 묘약 만들기
운영시간: 오전 9시 ~ 오후 5시
휴관일: 매주 월요일
박물관 내 의약 도서실에는 약 9,000여 권의 의약 서적이 구비되어 있습니다.
박물관 옆에는 온실카페 분위기의 팩토리 투어센터가 있어, 쉬어가기도 좋습니다.
예약 없이 가도 전시관들은 둘러볼 수 있지만, 체험 프로그램이 잘 되어있으니 사전 예약하고 체험해보세요.
홈페이지에 체험 일정이 나와있어 원하는 체험, 시간대 선택할 수 있어요.
주차장 앞 유리온실 카페(팩토리투어센터)에서는 약을 직접 포장하는 체험이 있으니 꼭 들러보세요.
피크닉 세트도 대여하니 날씨가 좋으면 피크닉도 함께 즐겨보세요.
이어폰을 챙겨 전시해설을 들으며 전시를 관람해보세요.
주변에 팩토리투어센터, 반기문평화기념관, 코리아크래프트브류어리 등 관광 명소들이 있으니 함께 둘러보시면 좋아요.
관람료 및 입장료: 무료
입장 마감 시간: 16:30
사전 예약 후 관람 가능
공지사항에서 매월 진행 프로그램 안내 및 예약 일정 공지
유아 대상의 프로그램도 진행하니 홈페이지를 참조해주세요.","1F：国際展示室、生命ギャラリー、韓督歴史事実、諸席ホール
韓国館：我が国伝統医薬の足跡と文化財（国家指定宝物6点、市・道指定文化財2点）及び多様な議書、旧韓議員の姿に出会えます。
国際館：ドイツ、イギリス、アメリカ、中国、日本など東西洋の医薬歴史が一緒に展示され、19世紀ドイツ薬局とフレミング博士研究室も再現されています。
韓毒飼料室：韓毒の企業歴史と成長過程を様々な資料で紹介します。
祭席ホール：創業主キム・シンクォン名誉会長の寄贈品が展示されています。
生命ギャラリー：現代美術と生命をテーマにした芸術作品も鑑賞できます。
韓国館：我が国伝統医薬の足跡と文化財（国家指定宝物6点、市・道指定文化財2点）及び多様な議書、旧韓議員の姿に出会えます。
国際館：ドイツ、イギリス、アメリカ、中国、日本など東西洋の医薬歴史が一緒に展示され、19世紀ドイツ薬局とフレミング博士研究室も再現されています。
韓毒飼料室：韓毒の企業歴史と成長過程を様々な資料で紹介します。
祭席ホール：創業主キム・シンクォン名誉会長の寄贈品が展示されています。
生命ギャラリー：現代美術と生命をテーマにした芸術作品も鑑賞できます。
2F：韓国展示室、一山文庫、映像室
消火剤を作る
血液型を学ぶ
独自の医薬書の作成
愛のポーションを作る
営業時間：午前9時～午後5時
休館日：毎週月曜日
博物館内の医学図書室には、約9,000冊以上の医学書があります。
博物館の隣には温室カフェ雰囲気のファクトリーツアーセンターがあり、休憩も良いです。
予約なしで行っても展示館は見学できますが、体験プログラムがうまくいっているので、事前予約して体験してみてください。
ホームページに体験日程が出ていて、好きな体験、時間帯を選べます。
駐車場前のガラス温室カフェ（ファクトリーツアーセンター）では、薬を直接包む体験があるのでぜひ立ち寄ってみてください。
ピクニックセットもレンタルするので、天気が良ければピクニックも一緒にお楽しみください。
イヤホンを持って展示解説を聞きながら展示を観覧してみてください。
周辺にファクトリーツアーセンター、潘基文平和記念館、コリアクラフトブリュワリーなどの観光スポットがあるので、一緒に見てみると良いです。
観覧料と入場料：無料
入場締め切り：16:30
事前予約後に観覧可能
お知らせから毎月進行プログラム案内及び予約日程お知らせ
幼児対象のプログラムも進行しますのでホームページをご覧ください。"
월요일정기휴무화요일09:00 ~ 17:00수요일09:00 ~ 17:00목요일09:00 ~ 17:00금요일09:00 ~ 17:00토요일09:00 ~ 17:00일요일09:00 ~ 17:00,月曜日定休 火曜日09:00～17:00水曜日09:00～17:00木曜日09:00～17:00金曜日09:00～17:00土曜日09:00～17:00日曜日09:00～17:00
"한독의약박물관의 전시 관람 및 입장료는 무료입니다. 체험 프로그램 또한 대부분 무료로 제공되나, 특별 프로그램 등은 별도의 재료비가 발생할 수 있습니다. 프로그램별 요금과 세부 내용은 홈페이지 공지사항을 참고해 주세요.",韓毒医薬博物館の展示観覧および入場料は無料です。体験プログラムもほとんど無料で提供されますが、特別プログラムなどは別途の材料費が発生する場合があります。プログラム別料金と詳細はホームページのお知らせをご覧ください。
이효석 문학관,イ・ヒョソク文学館
강원특별자치도 평창군 봉평면 효석문학길 73-25 이효석문학관,江原特別自治道平昌郡奉平面ヒョソク文学道73-25イ・ヒョソク文学館
"[요금]
초등학생 이상~65세 미만: 2,000원
미취학 아동, 65세 이상: 무료
[이용안내]
성수기(5월 ~ 9월): 오전 9시~오후 6시 30분
비수기(10월 ~ 4월): 오전 9시~오후 5시 30분
매표 마감: 18시(성수기) / 17시(비수기)
휴관: 매주 월요일, 1월 1일, 설날, 추석, 월요일이 공휴일인 경우 다음날
단, 성수기 시 월요일은 사전 단체 예약(20명 이상)에 한해서 관람 가능","[料金]
小学生以上～65歳未満：2,000ウォン
未就学児、65歳以上：無料
[利用案内]
ピークシーズン（5月〜9月）：午前9時〜午後6時30分
オフシーズン（10月〜4月）：午前9時〜午後5時30分
切符締め切り：18時（ピークシーズン）/ 17時（オフシーズン）
休館：毎週月曜日、1月1日、旧正月、秋夕、月曜日が祝日の場合、翌日
ただし、ピークシーズン時月曜日は事前団体予約（20名以上）に限り観覧可能"
월요일정기휴무화요일09:00 ~ 18:30수요일09:00 ~ 18:30목요일09:00 ~ 18:30금요일09:00 ~ 18:30토요일09:00 ~ 18:30일요일09:00 ~ 18:30,月曜日定休 火曜日09:00～18:30水曜日09:00～18:30木曜日09:00～18:30金曜日09:00～18:30土曜日09:00～18:30日曜日09:00～18:30
"입장료는 초등학생 이상~65세 미만 2,000원, 미취학 아동과 65세 이상은 무료입니다. 어린이날에는 모든 어린이가 무료 입장할 수 있습니다. 운영 시간은 성수기(5~9월)는 오전 9시~오후 6시 30분, 비수기(10~4월)는 오전 9시~오후 5시 30분입니다. 매표 마감은 성수기 18시, 비수기 17시입니다. 휴관일은 매주 월요일, 1월 1일, 설날, 추석이며, 월요일이 공휴일일 경우 그 다음 날 쉽니다. 성수기 월요일에는 사전 단체예약(20명 이상)에 한해 관람이 가능합니다.","入場料は小学生以上～65歳未満2,000ウォン、未就学児と65歳以上は無料です。こどもの日には、すべての子供が無料で入場できます。営業時間はピークシーズン（5～9月）は午前9時～午後6時30分、オフシーズン（10～4月）は午前9時～午後5時30分です。チケットの締め切りはハイシーズン18時、オフシーズン17時です。休館日は毎週月曜日、1月1日、旧正月、秋夕であり、月曜日が祝日の場合は翌日簡単です。ピークシーズン月曜日には、事前団体予約（20名以上）に限り観覧が可能です。"
용인시기후변화체험교육센터,龍仁市気候変動体験教育センター
경기도 용인시 처인구 동부로162번길 14-1 용인시기후변화체험교육센터,京畿道龍仁市処仁区東部162番道14-1龍仁市気候変動体験教育センター
"관람시간: 화요일~토요일 10:00~18:00
일요일, 월요일 정기휴무 (월요일이 공휴일이면 그 다음날 휴관)
휴관일: 매주 월요일, 일요일, 신정, 설 연휴, 추석 연휴
관람료: 무료
지원됨: 수유실(2층), 기저귀교환대, 주차
지원되지 않음: 아기의자, 유모차대여, 예약
주차 공간이 넉넉하여 편리하게 이용할 수 있습니다.
별도의 예약 없이 자유롭게 무료 관람이 가능합니다.
신발을 벗고 들어갈 수 있는 좌식 테이블이 있어 어린 아기와 함께 잠시 쉴 수 있습니다.
2층 수유실에 기저귀갈이대와 소파가 비치되어 있습니다.
1층에서 기후변화, 환경오염에 대한 다양한 게임형 체험, 2층에서 생물 전시, 탁본/색칠/영상 체험이 모두 가능합니다.
근처에 용인어린이상상의숲이 있어 함께 방문하기 좋습니다.
요금: 무료 이용
온라인 단체 예약(10인 이상) 및 주말 환경교육 등 다양한 프로그램이 운영될 수 있으니 필요 시 사전 확인해 주세요.","観覧時間：火曜日～土曜日 10:00～18:00
日曜日、月曜日定休（月曜日が祝日の場合は翌日休館）
休館日：毎週月曜日、日曜日、新定、旧正月連休、秋夕連休
観覧料：無料
サポート済み：授乳室（2階）、おむつ交換台、駐車場
未サポート：ベビーチェア、ベビーカーレンタル、予約
駐車スペースがたくさんあり、便利に利用できます。
別途予約なしで自由に無料観覧が可能です。
靴を脱いで入ることができる座席テーブルがあり、小さな赤ちゃんと一緒にしばらく休むことができます。
2階の授乳室におむつ股帯とソファが備わります。
1階で気候変動、環境汚染に対する様々なゲーム型体験、2階で生物展示、卓本/ぬり絵/映像体験がすべて可能です。
近くに龍仁子供以上の森があり、一緒に訪れるのに最適です。
料金：無料利用
オンライン団体予約（10名以上）や週末環境教育など様々なプログラムが運営されることがありますので、必要に応じて事前確認してください。"
월요일정기휴무화요일10:00 ~ 18:00수요일10:00 ~ 18:00목요일10:00 ~ 18:00금요일10:00 ~ 18:00토요일10:00 ~ 18:00일요일정기휴무,月曜日定休 火曜日10:00～18:00水曜日10:00～18:00木曜日10:00～18:00金曜日10:00～18:00土曜日10:00～18:00日曜日定休
별도의 입장료 없이 무료로 이용하실 수 있습니다.,別途入場料なしで無料でご利用いただけます。
부평안전체험관,富平安全体験館
인천광역시 부평구 굴포로 110 부평구 민방위교육장(안전체험관),仁川広域市富平区屈浦路110富平区民防衛教育場（安全体験館）
"<이용시간 및 프로그램 안내>
화, 수, 토, 일: 3회 (10:00, 13:00, 15:00)
목, 금: 4회 (10:00, 13:00, 15:00, 19:00)
체험은 1시간 30분~2시간 소요
매주 월요일, 공휴일 휴관
화, 목, 토: 해상풍수해체험, 엘리베이터/완강기체험, 생활안전체험, 경사구조대체험
수, 금, 일: 지진체험, 심폐소생술체험, 교통안전체험, 지하공간탈출체험
※ 매달 둘째, 넷째주 토요일 10시에는 ‘초보엄마아빠를 위한 응급처치교육’이 진행됩니다.
<요금>
체험료 무료
지하주차장 무료
<대상>
6세 이상 참여 가능
어린이는 반드시 부모님(성인 보호자)과 동반시에만 체험이 가능
예약 시 어린이와 부모님을 포함하여 예약 (어린이만 예약하시면 함께 체험할 수 없습니다)
<인원>
1회당 35명까지 예약 가능
10명 이하일 경우 예약 승인이 되지 않을 수 있습니다.
<주의사항>
폐쇄공포증, 심장이 약하신 분 등 신체상 병력이나 체험에 지장이 있으신 분은 미리 교관에게 말씀해 주시기 바랍니다.","＜利用時間及びプログラム案内＞
火、水、土、日：3回（10:00、13:00、15:00）
首、金：4回（10:00、13:00、15:00、19:00）
体験は1時間30分～2時間かかります
毎週月曜日、祝日の休館
火、首、土：海上風水解体験、エレベーター/緩衝機体験、生活安全体験、傾斜構造大体験
水、金、日：地震体験、心肺蘇生術体験、交通安全体験、地下空間脱出体験
※毎月第二、第四週土曜日10時には「初心者ママパパのための応急処置教育」が行われます。
<料金>
体験料無料
地下駐車場無料
＜対象＞
6歳以上参加可能
子供は必ず親（大人保護者）と同伴時のみ体験が可能
ご予約の際、お子様とご両親を含めてご予約（お子様のみご予約の場合は一緒に体験できません）
<人員>
1回につき35名まで予約可能
10名以下の場合、予約承認ができない場合があります。
<注意事項>
閉鎖恐怖症、心臓が弱い方など身体上の病歴や体験に支障がある方は、あらかじめ教官にお伝えください。"
부평안전체험관의 체험료 및 입장료는 모두 무료입니다. 지하주차장 또한 무료로 이용할 수 있습니다.,富平安全体験館の体験料と入場料はすべて無料です。地下駐車場も無料で利用できます。
연천 고랑포구 역사공원,延川ゴランポグ歴史公園
경기도 연천군 장남면 장남로 270,京畿道延川郡長南面長南路270
"월요일 공휴일 시 화요일 휴장
단체 관람만 예약 필요
[요금]
어린이(만 14세 미만) : 3,000원
청소년(만14세 – 만 19세 미만) : 4,000원
어른(만 19세 이상) : 5,000원
단체 및 감면 대상 할인 혜택이 있으니 홈페이지 참고바랍니다.
[시설]
1층: 홀, 전시실, 안내데스크, 카페테리아, 저잣거리, 가상현실 체험(VR), 증강현실 체험(AR), 호로고루 오감놀이터 등
2층: 사무실, 세미나실, 다목적실, 호로고루 팡팡놀이터, 쉼터(책 구비) 등","月曜日の祝日の火曜日の休日
団体観覧のみ予約が必要
[料金]
子供（満14歳未満）：3,000ウォン
青少年（満14歳～満19歳未満）：4,000ウォン
大人（満19歳以上）：5,000ウォン
団体及び減免対象割引特典がありますので、ホームページをご覧ください。
[施設]
1階：ホール、展示室、案内デスク、カフェテリア、小通り、バーチャルリアリティ体験（VR）、拡張現実体験（AR）、ホロゴル五感遊び場など
2階：事務所、セミナー室、多目的室、ホロゴルパンパン遊び場、避難所（本付）など"
"관람 시간은 화요일부터 일요일까지 10:00~17:00(마감 17:00)입니다. 매주 월요일은 정기휴무이며, 월요일이 공휴일일 경우 화요일에 휴장합니다. 입장료는 어린이(만 14세 미만) 3,000원, 청소년(만 14~19세 미만) 4,000원, 어른(만 19세 이상) 5,000원입니다. 단체 및 감면 대상 할인 혜택이 있으며, 자세한 사항은 홈페이지에서 확인할 수 있습니다. 주차는 무료 야외 주차장을 이용하실 수 있습니다.","観覧時間は火曜日から日曜日まで10:00～17:00（締め切り17:00）です。毎週月曜日は定休日で、月曜日が祝日の場合は火曜日に休場します。入場料は子供（満14歳未満）3,000ウォン、青少年（満14～19歳未満）4,000ウォン、大人（満19歳以上）5,000ウォンです。団体及び減免対象割引特典があり、詳細はホームページで確認できます。駐車場は無料の屋外駐車場を利用できます。"
양주시구강보건센터,楊州市口腔保健センター
경기도 양주시 평화로1479번길 20 회천2동건강지원센터,京畿道楊州市平和路1479番ギル20回川2洞健康支援センター
"어린이 맞춤 구강보건교육

유치원·어린이집 단체를 대상으로 신청받아 상·하반기마다 운영되는 ‘똑똑이 치카교실’이 대표적입니다.
구강건강의 중요성, 올바른 잇솔질 방법, 충치 예방 교육, 퀴즈, 영상을 통한 재미있는 학습, 구강 위생용품 체험 등 아이들의 눈높이에 맞춘 다양한 교육이 준비되어 있습니다.
교육은 약 1시간 동안 진행되며, 아이들이 직접 체험하고 배울 수 있는 기회가 많습니다.
유치원·어린이집 단체를 대상으로 신청받아 상·하반기마다 운영되는 ‘똑똑이 치카교실’이 대표적입니다.
구강건강의 중요성, 올바른 잇솔질 방법, 충치 예방 교육, 퀴즈, 영상을 통한 재미있는 학습, 구강 위생용품 체험 등 아이들의 눈높이에 맞춘 다양한 교육이 준비되어 있습니다.
교육은 약 1시간 동안 진행되며, 아이들이 직접 체험하고 배울 수 있는 기회가 많습니다.
둘모아 구강건강+ 가족 프로그램

초등학생과 부모님이 함께 참여하는 구강체험, 예방 진료 프로그램을 방학 기간에 운영합니다.
구강검진, 상담, 구강보건교육, 불소 바니쉬 도포, 치면세균막 검사, 잇솔질 교육 등 가족 단위로 실질적인 구강관리법을 배웁니다.
초등학생과 부모님이 함께 참여하는 구강체험, 예방 진료 프로그램을 방학 기간에 운영합니다.
구강검진, 상담, 구강보건교육, 불소 바니쉬 도포, 치면세균막 검사, 잇솔질 교육 등 가족 단위로 실질적인 구강관리법을 배웁니다.
불소용액 양치사업 및 칫솔 교환

매주 목요일 오후 1시~5시에 헌 칫솔을 새 칫솔로 교환해주는 특별한 행사가 있습니다.
불소 양치용액도 무료로 배부하며, 올바른 칫솔질 및 불소 사용법에 대한 설명을 들을 수 있습니다.
가족 대표가 여러 개의 칫솔을 들고 방문해도 교환이 가능합니다.
매주 목요일 오후 1시~5시에 헌 칫솔을 새 칫솔로 교환해주는 특별한 행사가 있습니다.
불소 양치용액도 무료로 배부하며, 올바른 칫솔질 및 불소 사용법에 대한 설명을 들을 수 있습니다.
가족 대표가 여러 개의 칫솔을 들고 방문해도 교환이 가능합니다.
기타 체험 및 상담

치아 모형, 구강 모형을 통해 구강위생용품 사용법을 배울 수 있으며, 전문 치과의사와의 상담도 가능해 치아 건강에 대한 궁금증을 직접 해결할 수 있습니다.
치아 모형, 구강 모형을 통해 구강위생용품 사용법을 배울 수 있으며, 전문 치과의사와의 상담도 가능해 치아 건강에 대한 궁금증을 직접 해결할 수 있습니다.
위치: 경기도 양주시 평화로1479번길 20, 회천2동건강지원센터 내
운영시간: 월~금요일 09:00 ~ 18:00 (점심시간 12:00~13:00)
토요일, 일요일 정기휴무
프로그램 신청: 일부 프로그램은 단체 및 사전신청이 필요합니다.
방문 전 전화(031-8082-7160~3)로 문의하는 것이 좋습니다.
목요일 13시부터 17시까지 집에서 사용한 칫솔을 들고 방문하면 새 칫솔과 치약, 불소용액을 무료로 받을 수 있습니다.
헌 칫솔을 가져가면 새 칫솔과 각종 구강용품을 선물로 받을 수 있습니다.
전문 인력이 상주해 아이와 부모가 함께 정확한 구강 건강 지식을 배울 수 있습니다.
직접 체험하며 배우는 프로그램이 많아 아이들도 흥미롭게 참여할 수 있습니다.
칫솔 교환, 불소용액 배부 등 실생활에 유용한 혜택이 제공됩니다.
입체적인 교육 공간(예방진료실, 교육실, 체험실)이 구비되어 있어 다양한 체험이 가능합니다.
요금: 무료
이용안내

일부 프로그램은 단체 및 사전신청이 필요하므로 사전 문의를 권장합니다.
자세한 프로그램 및 내용은 양주시 보건소 구강보건센터로 문의해 주세요.
일부 프로그램은 단체 및 사전신청이 필요하므로 사전 문의를 권장합니다.
자세한 프로그램 및 내용은 양주시 보건소 구강보건센터로 문의해 주세요.
아이의 치아 건강이 걱정되는 부모님
올바른 양치 습관을 길러주고 싶은 가족
유치원, 어린이집 단체 체험을 찾으시는 선생님/학부모님","子供のカスタマイズ口腔保健教育

幼稚園・子ども家団体を対象に申請され、上・下半期ごとに運営される「スマートチカ教室」が代表的です。
口腔健康の重要性、正しい歯磨き方法、虫歯予防教育、クイズ、映像による楽しい学習、口腔衛生用品体験など、子供たちの目の高さに合わせた様々な教育が用意されています。
教育は約1時間行われ、子供たちが直接体験して学ぶ機会が多いです。
幼稚園・子ども家団体を対象に申請され、上・下半期ごとに運営される「スマートチカ教室」が代表的です。
口腔健康の重要性、正しい歯磨き方法、虫歯予防教育、クイズ、映像による楽しい学習、口腔衛生用品体験など、子供たちの目の高さに合わせた様々な教育が用意されています。
教育は約1時間行われ、子供たちが直接体験して学ぶ機会が多いです。
ドゥルモア口腔健康+家族プログラム

小学生と両親が共に参加する口腔体験、予防診療プログラムを休暇期間に運営します。
口腔検診、相談、口腔保健教育、フッ素ワニス塗布、歯面細菌膜検査、歯ブラシ研磨など家族単位で実質的な口腔管理法を学びます。
小学生と両親が共に参加する口腔体験、予防診療プログラムを休暇期間に運営します。
口腔検診、相談、口腔保健教育、フッ素ワニス塗布、歯面細菌膜検査、歯ブラシ研磨など家族単位で実質的な口腔管理法を学びます。
フッ素溶液羊歯事業と歯ブラシ交換

毎週木曜日午後1時～5時に古歯ブラシを新しい歯ブラシに交換してくれる特別なイベントがあります。
フッ素のうがい溶液も無料で配布し、正しいブラッシングとフッ素の使い方の説明を聞くことができます。
家族代表が複数の歯ブラシを持って訪問しても交換が可能です。
毎週木曜日午後1時～5時に古歯ブラシを新しい歯ブラシに交換してくれる特別なイベントがあります。
フッ素のうがい溶液も無料で配布し、正しいブラッシングとフッ素の使い方の説明を聞くことができます。
家族代表が複数の歯ブラシを持って訪問しても交換が可能です。
その他の体験・相談

歯の模型、口腔模型を通じて口腔衛生用品の使い方を学ぶことができ、専門の歯科医との相談も可能で、歯の健康に対する疑問を直接解決できます。
歯の模型、口腔模型を通じて口腔衛生用品の使い方を学ぶことができ、専門の歯科医との相談も可能で、歯の健康に対する疑問を直接解決できます。
場所：京畿道楊州市平和路1479番ギル20、回川2洞健康支援センター内
営業時間：月～金曜日09:00～18:00（ランチ時間12:00～13:00）
土曜日、日曜日定期休業
プログラムの申し込み：一部のプログラムは団体と事前申請が必要です。
訪問前に電話（031-8082-7160〜3）に連絡することをお勧めします。
木曜日13時から17時まで、自宅で使用した歯ブラシを持って訪れると、新しい歯ブラシ、歯磨き粉、フッ素溶液を無料で受け取ることができます。
古歯ブラシを持っていけば、新しい歯ブラシや各種口腔用品をプレゼントとしてもらえます。
専門職員が常駐し、子供と両親が一緒に正確な口腔健康知識を学ぶことができます。
自分で体験して学ぶプログラムが多く、子どもたちも興味深く参加できます。
歯ブラシ交換、フッ素溶液配分など、実生活に有用な特典が提供されます。
立体的な教育空間（予防診療室、教育室、体験室）が備えられており、様々な体験が可能です。
料金：無料
ご利用案内

一部のプログラムでは団体や事前申請が必要なため、事前の問い合わせをお勧めします。
詳細なプログラムおよび内容は楊州市保健所口腔保健センターにお問い合わせください。
一部のプログラムでは団体や事前申請が必要なため、事前の問い合わせをお勧めします。
詳細なプログラムおよび内容は楊州市保健所口腔保健センターにお問い合わせください。
子供の歯の健康が気になる両親
正しい羊飼いの習慣を育てたい家族
幼稚園、子どもの家団体体験をお探しの先生/両親"
"양주시구강보건센터에서 제공하는 구강검진, 구강보건교육(불소바니쉬도포 포함), 치면세균막검사, 부분 치석제거, 구강위생용품 교육 등 모든 프로그램은 무료로 제공됩니다.",楊州市口腔保健センターが提供する口腔検診、口腔保健教育（フッ素ワニス塗布を含む）、歯面細菌膜検査、部分歯石除去、口腔衛生用品教育などすべてのプログラムは無料で提供されます。
몰개월비행기공원,モールヶ月飛行機公園
경북 포항시 남구 청림동 21-10,慶北浦項市南区清林洞21-10
월요일09:00 ~ 16:30화요일09:00 ~ 16:30수요일09:00 ~ 16:30목요일09:00 ~ 16:30금요일09:00 ~ 16:30토요일09:00 ~ 16:30일요일09:00 ~ 16:30,月曜日09:00～16:30火曜日09:00～16:30水曜日09:00～16:30木曜日09:00～16:30金曜日09:00～16:30土曜日09:00～16:30日曜日09:00～16:30
"몰개월비행기공원은 무료로 관람할 수 있으며, 사전 예약 없이 방문하실 수 있습니다.",モールヶ月飛行機公園は無料で観覧でき、事前予約なしで訪問できます。
한국대나무박물관,韓国竹博物館
전라남도 담양군 담양읍 죽향문화로35,全羅南道潭陽郡潭陽邑竹香文化路35
"[요금]
관람료 - 어른 2,000원 / 청소년 1,000원 / 어린이 700원","[料金]
観覧料 - 大人2,000ウォン/青少年1,000ウォン/子供700ウォン"
월요일09:00 ~ 18:00화요일09:00 ~ 18:00수요일09:00 ~ 18:00목요일09:00 ~ 18:00금요일09:00 ~ 18:00토요일09:00 ~ 18:00일요일09:00 ~ 18:00,月曜日09:00〜18:00火曜日09:00〜18:00水曜日09:00〜18:00木曜日09:00〜18:00金曜日09:00〜18:00土曜日09:00〜18:00日曜日09:00〜18:00
"한국대나무박물관은 매일 오전 9시부터 오후 6시까지 운영합니다. 관람료는 어른 2,000원, 청소년 1,000원, 어린이 700원입니다. 담양군민과 만 6세 이하 어린이는 무료로 관람할 수 있습니다.","韓国竹博物館は毎日午前9時から午後6時まで運営しています。観覧料は大人2,000ウォン、青少年1,000ウォン、子供700ウォンです。潭陽郡民と満6歳以下の子供は無料で観覧できます。"
송대말등대 빛체험전시관,松台末灯台光体験展示館
경북 경주시 감포읍 감포로 226-19,慶北慶州市ガンポ邑ガンポロ226-19
"[요금]
무료
[이용안내]
브레이크 타임: 12시~13시
입장마감: 17시","[料金]
無料
[利用案内]
ブレーキタイム：12時～13時
入場締切：17時"
"입장료는 무료입니다. 관람 시간은 화요일부터 일요일까지 오전 9시부터 오후 6시까지이며, 12시~13시에는 브레이크 타임이 있습니다. 입장 마감은 오후 5시입니다. 월요일은 정기 휴관일입니다.",入場料は無料です。観覧時間は火曜日から日曜日まで午前9時から午後6時までで、12時～13時にはブレークタイムがあります。入場締切は午後5時です。月曜日は定期休館日です。
제주해녀박물관,済州海女博物館
제주특별자치도 제주시 구좌읍 해녀박물관길 26 해녀박물관,済州特別自治道済州市口座邑海女博物館道26海女博物館
"[요금]
어른(25~64세) : 개인 - 1,100원 / 단체 - 800원
청소년(13~24세)및 군인 : 개인 - 500원 / 단체 - 300원
13세 이하 - 무료
자세한 요금 및 관람료 면제 대상자는 첨부된 이미지를 확인해 주세요.
[이용안내]
매표시간 - 17:10까지
휴관일 - 매주 월요일, 1월 1일, 설날, 추석","[料金]
大人（25～64歳）：個人 - 1,100ウォン / 団体 - 800ウォン
青少年（13～24歳）および兵士：個人 - 500ウォン / 団体 - 300ウォン
13歳以下 - 無料
詳細料金及び観覧料免除対象者は添付画像をご確認ください。
[利用案内]
チケット時間 - 17:10まで
休館日 - 毎週月曜日、1月1日、旧正月、秋夕"
"제주해녀박물관의 관람 시간은 화요일부터 일요일까지 오전 9시부터 오후 6시까지이며, 입장 마감은 오후 5시 10분입니다. 매주 월요일, 1월 1일, 설날, 추석은 휴관일입니다.",済州海女博物館の観覧時間は火曜日から日曜日まで午前9時から午後6時までで、入場締切は午後5時10分です。毎週月曜日、1月1日、お正月、秋夕は休館日です。
"입장료는 어른(25~64세) 1,100원(단체 800원), 청소년(13~24세) 및 군인 500원(단체 300원), 13세 이하는 무료입니다. 박물관에는 전용 주차장, 전기차 충전소, 야외 휴게실, 야외 화장실, 수유실, 기저귀 교환대가 있습니다. 아기의자, 유모차 대여, 예약 서비스는 제공되지 않습니다.","入場料は大人（25～64歳）1,100ウォン（団体800ウォン）、青少年（13～24歳）および兵士500ウォン（団体300ウォン）、13歳以下は無料です。博物館には専用駐車場、電気自動車充電ステーション、屋外休憩室、屋外トイレ、授乳室、おむつ交換台があります。ベビーチェア、ベビーカーのレンタル、予約サービスは提供していません。"
백제오감체험관,百済五感体験館
충남 공주시 고마나루길 30,忠南姫市駒丸道30
"[요금]
무료
[시설안내]
1층: 창조의 창, 진리의 창, 공감의 창(백제 문화에 대한 미디어, 문화재 그림 미디어 아트 공간 등)
2층: 비밀의 창, 교류의 창, 놀이의 창(공 던지기 놀이, 백제문양 탁본 체험 등)
지하 1층: 배움의 창(작은 도서관), 유아휴게실
[이용안내]
3월~10월: 9시~18시(입장마감 17시 30분)
11월~2월: 9시~17시(입장마감 16시 30분)","[料金]
無料
[施設案内]
1階：創造の窓、真理の窓、共感の窓（百済文化に対するメディア、文化財絵画メディアアート空間など）
2階：秘密の窓、交流の窓、遊びの窓（ボール投げ遊び、百済文様卓本体験など）
地下1階：学びの窓（小さな図書館）、幼児休憩室
[利用案内]
3月～10月：9時～18時（入場締切17時30分）
11月～2月：9時～17時（入場締切16時30分）"
월요일09:00 ~ 17:30화요일09:00 ~ 17:30수요일09:00 ~ 17:30목요일09:00 ~ 17:30금요일09:00 ~ 17:30토요일09:00 ~ 17:30일요일09:00 ~ 17:30,月曜日09:00〜17:30火曜日09:00〜17:30水曜日09:00〜17:30木曜日09:00〜17:30金曜日09:00〜17:30土曜日09:00〜17:30日曜日09:00〜17:30
백제오감체험관의 입장료와 모든 체험 프로그램 이용료는 무료입니다. 누구나 부담 없이 자유롭게 이용하실 수 있습니다.,百済五感体験館の入場料と全ての体験プログラム利用料は無料です。誰でも気軽に自由にご利用いただけます。
경기도어린이박물관,京畿道子供博物館
경기도 용인시 기흥구 상갈로 6,京畿道龍仁市ギフン区サンガロ6
"관람료 1인 4,000원
12개월 미만 무료 / 경기도민 50% 할인
매월 첫째 주, 셋째 주 주말은 무료 입장 가능
이용시간 3시간
1회차 10:00~13:30 / 2회차 14:00~17:30
주차요금 기본 1시간 1,000원 / 이후 10분 당 200원
1일 최대 주차요금 8,000원","観覧料1人4,000ウォン
12ヶ月未満無料/京畿道民50％割引
毎月第1週、第3週の週末は無料入場可能
利用時間3時間
1回目10:00～13:30 / 2回目14:00～17:30
駐車料金基本1時間1,000ウォン/以降10分あたり200ウォン
1日最大駐車料金8,000ウォン"
"관람 시간은 3시간이며, 1회차(10:00~13:30), 2회차(14:00~17:30)로 나누어 운영됩니다. 월요일은 정기 휴무입니다.",観覧時間は3時間で、1回目（10:00～13:30）、2回目（14:00～17:30）に分けて運営されます。月曜日は定期休業です。
"박물관 내 넓은 지상 주차장이 있습니다. 주차요금은 기본 1시간 1,000원, 이후 10분당 200원이며, 1일 최대 요금은 8,000원입니다.","博物館内に広い地上駐車場があります。駐車料金は基本1時間1,000ウォン、その後10分あたり200ウォンで、1日最大料金は8,000ウォンです。"
완도군해양생태전시관,ワンド郡海洋生態展示館
전남 완도군 완도읍 청해진로 1459,全羅南道ワンド郡ワンド邑チョンヘジンロ1459
"1층과 2층으로 구성되어 각 층, 각 전시실마다 완도의 역사, 바다 환경, 해양 생물 등 다양한 주제를 다루고 있습니다.
1층에는 로비, 기획전시실, 체험실 등이 있어 직접 만지고 체험하는 활동이 가능합니다.
2층 생태실에는 트릭아트 포토존이 있어 사진 찍기 좋습니다.
전시관 내부는 아이들이 흥미를 느낄 수 있도록 알록달록한 쿠션과 소파, 다양한 체험 콘텐츠가 준비되어 있습니다.
대형 디지털 수조와 퍼즐, 탁본, 낚시, 전복양식 등 아이들이 직접 참여할 수 있는 다채로운 체험 요소가 가득합니다.
완도 바다의 다양한 생태계와 해양 생물(미세조류, 대형 해조류, 갑각류, 패류, 어류 등)을 가까이에서 관찰하고 학습할 수 있습니다.
바다와 해조류의 중요성, 해양 생태계를 보호하는 방법을 자연스럽게 배울 수 있습니다.
해양오염, 바닷속 미래 등 환경 문제에 대해 질문하고 스스로 생각해 볼 수 있는 교육적 전시가 준비되어 있습니다.
퍼즐 맞추기, 탁본 등 손으로 해보는 놀이와 체험 코너가 많아 아이들이 지루할 틈이 없습니다.
운영시간: 화요일~일요일 09:00~18:00 (매표 마감은 17:30)
휴관일: 매주 월요일(월요일이 공휴일인 경우 그 다음날 휴관), 1월 1일, 설날, 추석 당일
관람 소요시간: 약 30분~1시간 (아이와 함께 꼼꼼히 둘러볼 경우 조금 더 걸릴 수 있습니다)
주차장이 넓게 마련되어 있어 가족 단위 방문에 편리합니다. 주차비는 무료입니다.
성인(만 19세 ~ 만 64세): 개인 - 2,000원 / 단체 - 1,600원
청소년, 군경(만 13세 ~ 만 18세): 개인 - 1,500원 / 단체 - 1,200원
어린이(만 7세 ~ 만 12세): 개인 - 1,000원 / 단체 - 800원
""체험실""에서는 아이들이 좋아하는 색칠놀이, 탁본체험, 퍼즐 맞추기, 낚시 체험 등 다양한 체험을 할 수 있습니다.
2층 창가에서 청해진 유적을 바라볼 수 있습니다.
건물 바로 옆 주차가 가능하고 주차비는 무료입니다.
아이가 바다 생태와 해양 환경 보호를 쉽고 즐겁게 배울 수 있는 곳
직접 만지고 체험하는 프로그램이 많아 학습 효과가 높음
완도의 깨끗한 바다와 풍부한 생물들을 실제로 보고 느낄 수 있음","1階と2階で構成され、各階、各展示室ごとにワンドの歴史、海環境、海洋生物など様々なテーマを取り上げています。
1階にはロビー、企画展示室、体験室などがあり、直接触って体験する活動が可能です。
2階エコロジールームにはトリックアートフォトゾーンがあり、写真を撮るのに最適です。
展示館の内部には、子供たちが興味を感じられるように、とても甘いクッションやソファ、様々な体験コンテンツが用意されています。
大型デジタル水槽やパズル、卓本、釣り、アワビ様式など、子供たちが直接参加できる多彩な体験要素が満載です。
ワンド海の様々な生態系や海洋生物（微細藻類、大型海藻類、甲殻類、貝類、魚類など）を近くで観察して学習することができます。
海と海藻の重要性、海洋生態系を保護する方法を自然に学ぶことができます。
海洋汚染、海の中の未来など、環境問題について質問し、自分で考えることができる教育的展示が用意されています。
パズル合わせ、卓本など手でやってみる遊びや体験コーナーが多く、子供たちが退屈する隙がありません。
運営時間：火曜日～日曜日 09:00～18:00 (切手締切は17:30)
休館日：毎週月曜日（月曜日が祝日の場合は翌日休館）、1月1日、旧正月、秋夕当日
観覧所要時間：約30分～1時間（子供と入念に見回すと少しかかることがあります）
駐車場が広く、家族単位の訪問に便利です。駐車料金は無料です。
大人（満19歳～満64歳）：個人 - 2,000ウォン/団体 - 1,600ウォン
青少年、軍警（満13歳～満18歳）：個人 - 1,500ウォン/団体 - 1,200ウォン
子供（満7歳～満12歳）：個人 - 1,000ウォン/団体 - 800ウォン
「体験室」では、子どもたちが好きなぬり絵、卓本体験、パズルフィット、釣り体験など様々な体験ができます。
2階の窓際から清められた遺跡を眺めることができます。
建物のすぐ隣の駐車が可能で、駐車料金は無料です。
子供が海の生態と海洋環境保護を簡単かつ楽しく学ぶことができる場所
直接触って体験するプログラムが多く、学習効果が高い
ワンドのきれいな海と豊かな生き物を実際に見て感じることができる"
"전시관의 운영시간은 화요일부터 일요일까지 09:00~18:00입니다. 매주 월요일, 1월 1일, 설날, 추석은 휴관이며, 매표 마감은 17:30입니다.",展示館の運営時間は火曜日から日曜日まで09:00～18:00です。毎週月曜日、1月1日、旧正月、秋夕は休館で、チケットの締め切りは17:30です。
"입장료는 성인(만 19~64세) 2,000원, 청소년 및 군경(만 13~18세) 1,500원, 어린이(만 7~12세) 1,000원입니다. 단체로 방문하실 경우 할인 요금이 적용됩니다. 주차는 건물 바로 옆에 가능하며, 주차비는 무료입니다.","入場料は大人（満19～64歳）2,000ウォン、青少年及び軍警（満13～18歳）1,500ウォン、子供（満7～12歳）1,000ウォンです。グループでの訪問には割引料金が適用されます。駐車場は建物のすぐ隣にあり、駐車料金は無料です。"
대구 환경사랑홍보교육관,大邱環境愛広報教育館
대구 달서구 성서공단로 40,大邱ダルソ区聖書工業団地40
"[요금]
무료
[이용안내]
<이용 대상>
4세 이상
<이용 시간>
1회차(단체): 09:30~10:30
2회차(단체): 10:30~11:30
3회차(단체): 13:00~14:00
4회차(개인): 14:00~15:00
5회차(개인): 15:00~16:00","[料金]
無料
[利用案内]
＜利用対象＞
4歳以上
＜利用時間＞
1回目（団体）：09:30～10:30
2回目（団体）：10:30～11:30
3回目（団体）：13:00～14:00
4回目（個人）：14:00～15:00
5回目（個人）：15:00～16:00"
월요일09:30 ~ 16:00화요일09:30 ~ 16:00수요일09:30 ~ 16:00목요일09:30 ~ 16:00금요일09:30 ~ 16:00토요일정기휴무일요일정기휴무,月曜日09:30〜16:00火曜日09:30〜16:00水曜日09:30〜16:00木曜日09:30〜16:00金曜日09:30〜16:00土曜日定休日日曜日定休
"입장료 및 모든 체험 프로그램은 무료입니다. 관람객을 위한 전용 주차장이 마련되어 있고, 주차료도 무료입니다. 다만 외부 음식물은 반입이 금지되어 있습니다.",入場料とすべての体験プログラムは無料です。観覧客のための専用駐車場があり、駐車料金も無料です。ただし、外部食品は持ち込みが禁止されています。
현대어린이책미술관,現代子供本美術館
경기도 성남시 분당구 판교역로 146번길 20,京畿道城南市盆唐区板橋駅146番20
"[요금]
전시 관람 - 6,000원(성인, 아동 동일)
36개월 미만 - 무료","[料金]
展示観覧 - 6,000ウォン（大人、子供同等）
36ヶ月未満 - 無料"
현대어린이책미술관에서는 그림책과 미술이 결합된 전시와 아이들이 참여할 수 있는 '책만들기 체험' 등이 제공됩니다. 미술관 관람 시간은 약 2시간 정도 소요됩니다. 최신 교육 프로그램 정보는 홈페이지에서 확인하실 수 있습니다.,現代子ども本美術館では、絵本と美術が結合された展示や子供たちが参加できる「本づくり体験」などが提供されます。美術館の観覧時間は約2時間ほどかかります。最新の教育プログラム情報はホームページで確認できます。
"입장료는 성인과 아동 모두 1인당 6,000원입니다. (기본 정보상 할인 및 무료 입장 대상에 대한 안내는 별도로 제공하지 않으므로, 특정 연령 제한이나 할인, 무료 입장 정보가 필요하신 분은 공식 홈페이지를 참고해 주세요.)","入場料は大人と子供の両方で1人あたり6,000ウォンです。 （基本情報上の割引及び無料入場対象の案内は別途提供いたしませんので、特定年齢制限や割引、無料入場情報が必要な方は公式ホームページをご参照ください。）"
마한유적체험관,マハン遺跡体験館
광주광역시 광산구 신창동 1073-12,光州広域市光山区新昌洞1073-12
홍천생명건강과학관,洪川生命健康科学館
강원도 홍천군 홍천읍 생명과학관길 78,江原道ホンチョン郡ホンチョン邑生命科学館ギル78
"[요금]
성인: 1,500원
청소년 및 어린이: 1,000원
미취학 아동, 만65세 이상: 무료
홍천군민 50% 할인 입장 가능
[이용안내]
휴무일: 매주 월요일(월요일이 법정 공휴일인 경우 그 다음날), 설 연휴, 추석 연휴
입장마감: 17시","[料金]
大人：1,500ウォン
青少年と子供：1,000ウォン
未就学児、65歳以上：無料
洪川郡民50％割引入場可能
[利用案内]
定休日：毎週月曜日（月曜日が法定祝日の場合は翌日）、正月連休、秋夕連休
入場締切：17時"
"관람 시간은 화요일부터 일요일까지 오전 9시부터 오후 6시까지이며, 입장 마감은 오후 5시입니다. 매주 월요일(월요일이 법정 공휴일일 경우 다음날), 설날 및 추석 연휴에는 휴관합니다.",観覧時間は火曜日から日曜日まで午前9時から午後6時までで、入場締切は午後5時です。毎週月曜日（月曜日が法定祝日の場合は翌日）、旧正月、秋夕の休日には休館します。
"입장료는 성인 1,500원, 청소년 및 어린이 1,000원이며 미취학 아동과 만 65세 이상, 그리고 홍천군민은 50% 할인을 받을 수 있고, 미취학 아동과 만 65세 이상은 무료입니다. 주차장이 마련되어 있어 차량 이용이 편리합니다.","入場料は大人1,500ウォン、青少年および子供1,000ウォンで、未就学児と満65歳以上、そして洪川郡民は50％割引を受けることができ、未就学児とだけ65歳以上は無料です。駐車場があり、車の利用が便利です。"
IM뱅크 금융박물관,IMバンク金融博物館
대구광역시 수성구 달구벌대로 2310 대구은행본점,大邱広域市水城区月区蜂大路2310大邱銀行本店
"[요금]
무료
[이용안내]
입장 마감: 17시
휴관일: 주말, 공휴일, 근로자의 날","[料金]
無料
[利用案内]
入場締切：17時
休館日：週末、祝日、労働者の日"
월요일10:00 ~ 17:30화요일10:00 ~ 17:30수요일10:00 ~ 17:30목요일10:00 ~ 17:30금요일10:00 ~ 17:30토요일정기휴무일요일정기휴무,月曜日10:00〜17:30火曜日10:00〜17:30水曜日10:00〜17:30木曜日10:00〜17:30金曜日10:00〜17:30土曜日定休日日曜日定休
"IM뱅크 금융박물관은 입장료가 무료입니다. 주차장도 넓게 마련되어 있으며, 별도의 비용 없이 이용할 수 있습니다. 또한 대구은행역 바로 앞에 위치해 있어 대중교통 이용도 편리합니다.",IMバンク金融博物館は入場料が無料です。駐車場も広く設けられており、別途費用なく利用できます。また、大邱銀行駅の正面に位置しており、公共交通機関の利用も便利です。
독도 상설전시관,独島常設展示館
서울특별시 종로구 세종대로 172 5호선 광화문역 지하보도,ソウル特別市鍾路区世宗大路172 5号線光化門駅地下報道
"[요금]
무료
[이용안내]
폐관 20분 전 입장마감","[料金]
無料
[利用案内]
閉館20分前入場締切"
관람 시간은 화요일부터 일요일까지 11:00~18:00입니다. 매주 월요일은 정기휴무이니 방문 시 참고해 주세요. 그리고 폐관 20분 전에는 입장이 마감됩니다.,観覧時間は火曜日から日曜日まで11:00～18:00です。毎週月曜日は定休ですので、訪問時に参考にしてください。そして閉館の20分前には入場が締め切ります。
"독도 상설전시관은 입장료가 무료이며, 별도의 예약 없이 자유롭게 방문하실 수 있습니다. 단, 단체 관람이나 특별 해설이 필요한 경우에는 별도 문의가 필요할 수 있습니다.",独島常設展示館は入場料が無料で、別途予約なしで自由に訪れることができます。ただし、団体観覧や特別解説が必要な場合は、別途お問い合わせが必要になる場合があります。
경상북도교육청 메이커교육관 맹글마루,慶尚北道教育庁メーカー教育館
경북 구미시 박정희로 155,慶北グミ市パク・ジョンヒロ155
"[요금]
무료
[이용안내]
휴관일: 매주 월요일, 근로자의 날, 법정공휴일(어린이날 제외), 대체공휴일, 임시공휴일, 자체 점검일","[料金]
無料
[利用案内]
休館日：毎週月曜日、労働者の日、法定祝日（子供の日を除く）、代替祝日、臨時祝日、自己点検日"
모든 전시와 체험 프로그램은 무료로 제공됩니다. 별도의 입장료나 체험비는 없습니다.,すべての展示と体験プログラムは無料で利用できます。別途入場料や体験費はありません。
키자니아 서울,キザニアソウル
서울특별시 송파구 올림픽로 240 롯데월드,ソウル特別市松坡区オリンピックロ240ロッテワールド
"서울특별시 송파구 올림픽로 240, 롯데월드 내에 위치해 있습니다.
잠실역 4번 출구에서 도보 약 2~3분 거리로, 대중교통 접근성이 매우 뛰어납니다.
롯데월드몰 지하주차장 이용 시, 3시간 무료 주차가 제공되며, 종일권 고객은 6시간 무료 주차권을 받을 수 있습니다.
약 100여 개의 다양한 직업 부스가 마련되어 있으며, 소방관, 경찰관, 항공승무원, 의사, 과학자 등 아이들이 평소 꿈꿔온 여러 직업을 직접 경험할 수 있습니다.
각 체험 부스 앞에는 소요 시간, 입장 정원, 적정 연령, 그리고 체험을 통해 벌거나 쓰는 전용 화폐(키조) 정보가 명확하게 안내되어 있습니다.
입장 시 어린이 한 명당 50키조의 여행자 수표를 지급받으며, 부스 체험을 통해 키조를 벌거나 사용합니다.
키조는 키자니아 내 백화점에서 장난감, 문구 등 실제 상품을 구매하는 데 사용할 수 있습니다.
사용하고 남은 키조는 내장된 은행에 보관하거나 다음 방문 시 사용할 수 있습니다.
요금

반일권(1부): 어린이(36개월~16세) 45,000원 / 보호자 20,000원
반일권(2부): 어린이 38,000원 / 보호자 17,000원
종일권: 어린이 61,000원 / 보호자 20,000원
3시간제 티켓: 26,000원 / 보호자 12,000원
자세한 요금 안내 및 주차 요금은 첨부된 사진 또는 홈페이지를 참고해 주세요.
반일권(1부): 어린이(36개월~16세) 45,000원 / 보호자 20,000원
반일권(2부): 어린이 38,000원 / 보호자 17,000원
종일권: 어린이 61,000원 / 보호자 20,000원
3시간제 티켓: 26,000원 / 보호자 12,000원
자세한 요금 안내 및 주차 요금은 첨부된 사진 또는 홈페이지를 참고해 주세요.
운영 안내

운영 시간: 1부 10:00~15:00 / 2부 15:00~19:30 / 종일 10:00~19:30
3시간제 티켓: 1부 11:30~15:00 / 2부 16:00~19:30
36개월 미만 영유아는 예매 불가
어린이 1인에 보호자 4인, 보호자 1인에 어린이 4인까지 예매 가능
운영 시간: 1부 10:00~15:00 / 2부 15:00~19:30 / 종일 10:00~19:30
3시간제 티켓: 1부 11:30~15:00 / 2부 16:00~19:30
36개월 미만 영유아는 예매 불가
어린이 1인에 보호자 4인, 보호자 1인에 어린이 4인까지 예매 가능
키자니아 서울은 예약제로 운영되며, 공식 홈페이지 또는 소셜 커머스 등에서 티켓을 사전 구매해야 합니다.
잔여 좌석이 빠르게 소진될 수 있으므로, 미리 예약하는 것이 좋습니다.
다양한 할인 이벤트와 제휴 카드, 소셜 핫딜 등을 통해 할인 혜택을 받을 수 있습니다.
지원되는 편의시설: 수유실, 기저귀교환대, 유모차대여, 주차, 예약
지원되지 않는 편의시설: 아기의자
내부에는 아동을 위한 안전 및 편의시설이 잘 갖추어져 있으며, 유모차 대여와 수유실 등 가족 단위 방문객을 위한 서비스도 마련되어 있습니다.
2층 중앙 광장에는 키자테리아(카페테리아)가 있어 오므라이스, 돈가스, 치킨 등 아이들이 좋아하는 다양한 메뉴를 편안하게 즐길 수 있습니다.
아이가 능동적으로 직업을 선택하고 직접 체험해볼 수 있어 진로 탐색과 리더십, 사회성 발달에 큰 도움이 됩니다.
엄마, 아빠에게는 아이가 체험하는 동안 잠시 쉴 수 있는 자유 시간이 주어져 부모님 만족도 역시 높습니다.
서울 도심과 지하철과의 접근성이 뛰어나고, 롯데월드 등 주변 관광지와 연계해 방문하기에도 좋습니다.
체험 부스 오픈 시간과 체험 가능 인원, 동선을 미리 확인하면 보다 알찬 체험이 가능합니다.
안전을 위해 보호자 동반 입장이 필수이며, 보호자는 체험장 내에서 대기하거나 휴게 공간을 이용할 수 있습니다.","ソウル特別市松坡区オリンピックで240、ロッテワールド内に位置しています。
チャムシル駅4番出口から徒歩約2～3分の距離で、公共交通アクセスが非常に優れています。
ロッテワールドモール地下駐車場をご利用の場合、3時間無料駐車場が提供され、終日券のお客様は6時間無料駐車券を受け取ることができます。
約100種類以上の職業ブースがあり、消防士、警察官、航空乗務員、医師、科学者など、子供たちがいつも夢見てきたいくつかの職業を直接体験できます。
各体験ブースの前には、所要時間、入場庭園、適正年齢、そして体験を通じて稼ぐか使う専用貨幣（紀祖）情報が明確に案内されています。
入場時に子供一人当たり50キゾの旅行者小切手を支払われ、ブース体験を通じてキージョを稼ぐか使用します。
キジョはキザニアのデパートでおもちゃやフレーズなどの実際の商品を購入するために使用することができます。
使用した残りの木造は、組み込みの銀行に保管するか、次回の訪問に使用できます。
料金

反日券（1部）：子供（36ヶ月～16歳）45,000ウォン/保護者20,000ウォン
反日券（2部）：子供38,000ウォン/保護者17,000ウォン
終日券：子供61,000ウォン/保護者20,000ウォン
3時間制チケット：26,000ウォン/保護者12,000ウォン
詳細料金案内および駐車料金は添付の写真またはホームページを参照してください。
反日券（1部）：子供（36ヶ月～16歳）45,000ウォン/保護者20,000ウォン
反日券（2部）：子供38,000ウォン/保護者17,000ウォン
終日券：子供61,000ウォン/保護者20,000ウォン
3時間制チケット：26,000ウォン/保護者12,000ウォン
詳細料金案内および駐車料金は添付の写真またはホームページを参照してください。
運営案内

営業時間：1部10：00～15：00／2部15：00～19：30／終日10：00～19：30
3時間制チケット：1部11:30～15:00 / 2部16:00～19:30
36ヶ月未満の乳幼児は前売り不可
子供1名に保護者4名、保護者1名に子供4名まで予約可能
営業時間：1部10：00～15：00／2部15：00～19：30／終日10：00～19：30
3時間制チケット：1部11:30～15:00 / 2部16:00～19:30
36ヶ月未満の乳幼児は前売り不可
子供1名に保護者4名、保護者1名に子供4名まで予約可能
キザニアソウルは予約制で運営されており、公式ホームページやソーシャルコマースなどでチケットを事前購入する必要があります。
残りの座席がすぐに使い果たされる可能性があるため、事前に予約することをお勧めします。
様々な割引イベントやアフィリエイトカード、ソーシャルホットディールなどを通じて割引を受けることができます。
サポートされる設備：授乳室、おむつ交換台、ベビーカーレンタル、駐車場、予約
サポートされていないアメニティ：ベビーチェア
内部には子供のための安全と便利な設備が整っており、ベビーカーのレンタルや授乳室など家族単位の訪問者のためのサービスもあります。
2階中央広場にはキザテリア（カフェテリア）があり、オムライス、ドンガス、チキンなど子供たちが好きな様々なメニューを快適に楽しめます。
子どもが積極的に職業を選んで直接体験してみることができ、進路探索やリーダーシップ、社会性の発達に大きな助けになります。
お母さん、お父さんには子供が体験しながらしばらく休むことができる自由時間が与えられ、両親の満足度も高いです。
ソウル市内中心部や地下鉄とのアクセス性に優れ、ロッテワールドなど周辺の観光地と連携して訪れるのにも最適です。
体験ブースオープン時間と体験可能人数、動線を事前に確認すれば、より充実した体験が可能です。
安全のために保護者同伴の入場が必須であり、保護者は体験場内で待機したり休憩スペースを利用することができます。"
월요일10:00 ~ 19:30화요일10:00 ~ 19:30수요일10:00 ~ 19:30목요일10:00 ~ 19:30금요일10:00 ~ 19:30토요일10:00 ~ 19:30일요일10:00 ~ 19:30,月曜日10:00～19:30火曜日10:00～19:30水曜日10:00～19:30木曜日10:00～19:30金曜日10:00～19:30土曜日10:00～19:30日曜日10:00～19:30
"키자니아 서울의 입장권은 반일권(1부, 2부), 종일권, 3시간제 티켓이 있습니다. 어린이 요금은 3시간제 26,000원, 반일권 38,000~45,000원, 종일권 61,000원이며, 보호자 요금은 3시간제 12,000원, 반일권 17,000~20,000원, 종일권 20,000원입니다. 운영 시간은 1부(10:00~15:00), 2부(15:00~19:30), 종일(10:00~19:30)입니다. 인터넷 사전 예매가 현장보다 저렴하며, 정원제로 운영되므로 사전 예매를 추천드립니다.","キザニアソウルの入場券は反日券（1部、2部）、終日券、3時間制のチケットがあります。子供料金は3時間制26,000ウォン、反日券38,000～45,000ウォン、終日券61,000ウォンで、保護者料金は3時間制12,000ウォン、反日券17,000～20,000ウォン、終日券20,000ウォンです。営業時間は1部(10:00～15:00)、2部(15:00～19:30)、終日(10:00～19:30)です。インターネット事前前売りが現場よりも安く、定員制で運営されていますので事前前売りをお勧めします。"
로보카폴리 안전체험공원,ロボカポリ安全体験公園
충남 공주시 월미동길 219,忠南姫市ウォルミドンギル219
"[입장료]
무료
[이용안내]
교육 대상: 5세 이상 ~ 초등학생 (한 타임당 수용 인원 30명)
주말, 공휴일 자율 개방(설 연휴 중 설 당일만 휴관)","【入場料】
無料
[利用案内]
教育対象：5歳以上～小学生（1時間あたり収容人数30名）
週末、祝日自律開放（正月連休中、正月当日のみ休館）"
"입장료는 무료입니다. 이용 대상은 5세 이상부터 초등학생까지이며, 한 타임 최대 30명까지 참여할 수 있습니다. 운영 시간은 화요일부터 일요일 오전 10시부터 오후 5시까지이고, 월요일은 정기 휴무입니다. 평일에는 반드시 사전 예약이 필요하고, 주말 및 공휴일은 별도 예약 없이 자유롭게 입장할 수 있습니다.",入場料は無料です。利用対象は5歳以上から小学生までで、1時間最大30名まで参加できます。営業時間は火曜日から日曜日の午前10時から午後5時まで、月曜日は定休です。平日には必ず事前予約が必要で、週末および祝日は別途予約なしで自由に入場できます。
정글미디어파크,ジャングルメディアパーク
경북 경주시 보문로 465-67 지하 1층,慶北慶州市宝門路465-67地下1階
"[요금]
대인(20세이상) - 15,000원
청소년(14세~19세) - 13,000원
어린이(8세~13세) - 10,000원
미취학아동/장애인/국가유공자/군인/경로우대(65세이상) - 8,000원
미취학 통합패키지(미디어아트+포토스튜디오) - 10,000원
*36개월미만 무료입장
*경주시민 2000원 할인(통합패키지 제외)","[料金]
大人（20歳以上） - 15,000ウォン
青少年（14歳～19歳） - 13,000ウォン
子供（8歳～13歳） - 10,000ウォン
未就学児/障害者/国家有功者/兵士/京畿大学（65歳以上） - 8,000ウォン
未就学統合パッケージ（メディアアート+フォトスタジオ） - 10,000ウォン
*36ヶ月未満の無料入場
*慶州市民2000ウォン割引（統合パッケージを除く）"
"[요금] 대인(20세 이상): 15,000원 / 청소년(14세~19세): 13,000원 / 어린이(8세~13세): 10,000원 / 미취학아동·장애인·국가유공자·군인·경로우대: 8,000원 / 미취학 통합패키지(미디어아트+포토스튜디오): 10,000원입니다. 36개월 미만은 무료 입장이고, 경주시민은 2,000원 할인(통합패키지 제외) 혜택이 있습니다. 네이버 예약을 이용하면 추가 할인 혜택이 제공될 수 있습니다.","[料金] 大人(20歳以上): 15,000ウォン / 青少年(14歳~19歳): 13,000ウォン / 子供(8歳~13歳): 10,000ウォン / 未就学児童・障害者・国家有功者・軍人・経ロー隊: 8,000ウォン / 未就学統合10,000ウォンです。 36ヶ月未満は無料入場で、慶州市民は2,000ウォン割引（統合パッケージを除く）の特典があります。ネイバー予約を利用すると、割引特典を追加できます。"
젊은달와이파크,若い月ワイパーク
강원 영월군 주천면 송학주천로 1467-9 영월 젊은달와이파크,江原ヨンウォル郡チュチョンミョンソンハクジュチョンロ1467-9ヨンウォルヤングダルワイパーク
"[입장료]
성인/청소년: 15,000원
어린이(36개월~12세): 10,000원
36개월 미만: 무료
*강원도민, 영월군민 할인
자세한 메뉴 및 요금은 첨부된 이미지를 확인해 주세요.
[이용안내]
그물놀이터 주말 이용시간 11시 / 1시 / 3시
요금: 5,000원","【入場料】
大人/青少年：15,000ウォン
子供（36ヶ月〜12歳）：10,000ウォン
36ヶ月未満：無料
*江原道民、ヨンウォル郡民割引
詳細メニューや料金は添付画像をご確認ください。
[利用案内]
ネット遊び場週末利用時間11時/1時/3時
料金：5,000ウォン"
"입장료는 성인/청소년 15,000원, 어린이(36개월~12세) 10,000원, 36개월 미만은 무료입니다. 강원도민 및 영월군민에 한해 할인이 제공됩니다. 또한 홈페이지에서 예매하면 할인된 금액으로 결제할 수 있습니다. 입장료 및 할인정보는 현장 상황이나 시즌, 이벤트에 따라 변경될 수 있으니 공식 홈페이지를 참고하는 것이 좋습니다.","入場料は大人/青少年15,000ウォン、子供（36ヶ月～12歳）10,000ウォン、36ヶ月未満は無料です。江原道民と永月郡民の割引が含まれます。また、ホームページで前売りすると割引金額でお支払いいただけます。入場料や割引情報は現場の状況やシーズン、イベントによって変更されることがありますので、公式ホームページをご覧ください。"
전라북도교육청과학교육원,全羅北道教育庁科学教育院
전북 익산시 선화로 836-2 (부송동) 전라북도교육청과학교육원,全北益山市ソンファロ836-2（ブソンドン）全羅北道教育庁科学教育院
"[요금]
입장료 무료
[영업 안내 ]
점심 및 점검시간 - 12:00 ~ 13:00
공휴일 및 월요일 휴무
[예약 안내]
별도의 예약은 필요 없으나 프로그램 및 체험관 예약 필요","[料金]
入場料無料
[営業案内]
ランチ＆チェック時間 - 12:00〜13:00
祝日と月曜日は休業
【予約案内】
別途予約は必要ありませんが、プログラムや体験館の予約が必要"
"운영시간은 화요일부터 일요일까지 10:00~17:00입니다. 12:00~13:00은 점심 및 점검시간으로, 이때는 체험물 이용이 제한됩니다. 매주 월요일과 공휴일은 휴관이며, 입장료는 무료입니다.",営業時間は火曜日から日曜日まで10:00～17:00です。 12:00～13:00はランチ及び点検時間で、この時は体験物の利用が制限されます。毎週月曜日と祝日は休館で、入場料は無料です。
자연생태박물관,自然生態博物館
경기 부천시 길주로 660,京畿道富川市吉祥路660
"[요금]
성인: 2,000원
중학생,고등학생,군인: 1,500원
3세 이상,초등학생: 1,000원
[이용안내]
하절기(3~10월) 9:30~18:00
동절기(11월~2월) 9:30~17:00","[料金]
大人：2,000ウォン
中学生、高校生、兵士：1,500ウォン
3歳以上、小学生：1,000ウォン
[利用案内]
夏季（3～10月） 9:30～18:00
冬季（11月～2月） 9:30～17:00"
"입장권은 성인 2,000원, 중고생·군인 1,500원, 3세 이상~초등학생 1,000원입니다. 하절기(3~10월)는 09:30~18:00, 동절기(11~2월)는 09:30~17:00에 운영합니다. 매주 월요일은 정기휴무입니다.","入場券は大人2,000ウォン、中高生・軍人1,500ウォン、3歳以上～小学生1,000ウォンです。夏季（3～10月）は09:30～18:00、冬季（11～2月）は09:30～17:00に運営します。毎週月曜日は定休です。"
거북선전시관,カメ宣伝館
경남 남해군 설천면 노량리,慶南南海郡雪川面ノリ
"[요금]
거북선 관람료: 500원
미취학 아동: 무료
65세 이상: 무료
남해군민, 장애인, 국가보훈대상자: 무료
[이용안내]
관람 시간: 하절기(3~10월) 09시~18시 / 동절기(11월~2월) 09시~17시
매표 마감: 관람 종료 시간 30분 전
휴관일: 매주 화(공휴일인 경우 다음날), 1월 1일, 설 및 추석","[料金]
カメ線観覧料：500ウォン
未就学児：無料
65歳以上：無料
南海軍民、障害者、国家報勲対象者：無料
[利用案内]
観覧時間：夏季（3～10月）09時～18時／冬季（11月～2月）09時～17時
切手締切：観覧終了時間30分前
休館日：毎週火（祝日の場合翌日）、1月1日、雪と秋夕"
월요일09:00 ~ 18:00화요일정기휴무수요일09:00 ~ 18:00목요일09:00 ~ 18:00금요일09:00 ~ 18:00토요일09:00 ~ 18:00일요일09:00 ~ 18:00,月曜日09:00〜18:00火曜日定休水曜日09:00〜18:00木曜日09:00〜18:00金曜日09:00〜18:00土曜日09:00〜18:00日曜日09:00〜18:00
익산보석박물관,益山宝石博物館
전북 익산시 왕궁면 호반로 8 보석박물관,全北益山市王宮面湖畔路8宝石博物館
"[입장료]
성인 3,000원
청소년(13~18세) 2,000원
어린이(7~12세) 1,000원
6세 미만 무료
익스트림 슬라이드 타워
오전 10시~오후5시 운영 (현장발권)
1회당 2,000원 / 미끄럼틀 3,000원","【入場料】
大人3,000ウォン
青少年（13～18歳）2,000ウォン
子供（7～12歳）1,000ウォン
6歳未満無料
極端なスライドタワー
午前10時～午後5時運営（現場発券）
1回につき2,000ウォン/スリップフレーム3,000ウォン"
"입장료는 성인 3,000원, 청소년(13~18세) 2,000원, 어린이(7~12세) 1,000원, 6세 미만은 무료입니다. 익스트림 슬라이드타워는 1회 2,000원, 미끄럼틀은 1회 3,000원의 별도 요금이 있습니다.","入場料は大人3,000ウォン、青少年（13～18歳）2,000ウォン、子供（7～12歳）1,000ウォン、6歳未満は無料です。エクストリームスライドタワーは1回2,000ウォン、滑り台は1回3,000ウォンの別途料金があります。"
예천곤충생태원,checheon昆虫生態院
경북 예천군 효자면 고항리 608,慶北che川郡孝子面コハンリ608
"[입장료]
성인 5,000원
아동&청소년 4,000원
예천군민 50%할인, 36개월 이하 무료","【入場料】
大人5,000ウォン
子供＆青少年4,000ウォン
checheon郡民の50％割引、36ヶ月以下無料"
"입장료는 성인 5,000원, 아동/청소년 4,000원이며, 36개월 이하 아동은 무료입니다. 예천군민에게는 50% 할인 혜택이 제공됩니다. 수유실, 기저귀교환대, 넓은 주차장이 갖추어져 있습니다. 반면 아기의자, 유모차 대여, 예약은 지원되지 않습니다.","入場料は大人5,000ウォン、子供/青少年4,000ウォンで、36ヶ月以下の子供は無料です。 checheon郡民には50％割引があります。授乳室、おむつ交換台、広い駐車場が整っています。一方、ベビーチェア、ベビーカーのレンタル、予約はサポートされていません。"
전라북도 어린이창의체험관,全羅北道子供創造体験館
전북 전주시 덕진구 조경단로,全北全州市徳津区造園団路
"[입장료]
온라인예약(권장) 회차별 120명 - 무료
현장발권(선착순) 회차별 30명 - 무료
성인, 어린이 - 3,000원
[이용 시간]
1일 3회차 운영
(10:20~11:50 / 13:30~15:00 / 15:40 ~17:10)","【入場料】
オンライン予約（推奨）回差別120人 - 無料
現場発券（先着順）回差別30名 - 無料
大人、子供 - 3,000ウォン
【利用時間】
1日3回目の運営
（10:20～11:50 / 13:30～15:00 / 15:40～17:10）"
"운영시간은 화요일부터 일요일까지 10:00~17:10이며, 월요일은 정기휴무입니다. 1일 3회차(10:20~11:50 / 13:30~15:00 / 15:40~17:10)로 운영합니다. 회차별로 온라인 예약(권장: 120명)과 현장 발권(선착순: 30명)이 가능합니다. 예약은 2주 전부터 할 수 있으며, 온라인 예약이 우선 추천됩니다. 10세 이하 어린이는 반드시 보호자 동반이 필요합니다.",営業時間は火曜日から日曜日まで10:00～17:10で、月曜日は定休です。 1日3回目（10:20～11:50 / 13:30～15:00 / 15:40～17:10）で運営します。回車別にオンライン予約（推奨：120名）と現場発券（先着順：30名）が可能です。予約は2週間前から行うことができ、オンライン予約が優先されます。 10歳以下のお子様は必ず保護者同伴が必要です。
"입장료는 성인과 어린이 모두 3,000원입니다. 홈페이지 또는 현장에서 회차별로 최대 150명(온라인예약 120명, 현장발권 30명)이 무료 입장할 수 있습니다. 무료 입장 대상은 공식 홈페이지에서 확인할 수 있으며, 입장권은 이용 시작 10분 전 안내데스크에서 발권 가능합니다. 결제 및 환불 관련 사항은 예약시 안내되는 규정을 참고해주세요.","入場料は大人と子供の両方で3,000ウォンです。ホームページまたは現場で回車別に最大150名（オンライン予約120名、現場発券30名）が無料入場できます。無料入場対象は公式ホームページで確認でき、入場券は利用開始10分前の案内デスクで発券可能です。お支払いおよび払い戻しに関する事項については、予約時に案内される規定を参照してください。"
서울한방진흥센터,ソウル漢方振興センター
서울 동대문구 약령중앙로 26,ソウル東大門区薬令中央路26
"[이용 시간]
하절기(3월~10월) 10:00 - 18:00
동절기(11월~2월) 10:00 - 17:00
[이용 요금]
입장료: 어른 1,000원 / 어린이(만7~18세) 500원 / 유아(6세이하)무료
족욕(20분) 2인 6000원
마사지(약40분) 1인 5000원
약선(약3시간) 1인 15,000원 ~ 30,000원(약선 음식 별 상이)
[주차]
관람객 2시간 무료주차 (건물 내 지하 공영주차장)","【利用時間】
夏季（3月～10月） 10:00 - 18:00
冬季（11月～2月） 10:00 - 17:00
【利用料金】
入場料：大人1,000ウォン/子供（満7～18歳）500ウォン/幼児（6歳以下）無料
足湯（20分）2人6000ウォン
マッサージ（約40分）1人5000ウォン
薬線（約3時間） 1人15,000ウォン～30,000ウォン（薬線食品別違い）
【駐車場】
観覧客2時間無料駐車場（建物内地下公営駐車場）"
"입장료는 어른 1,000원, 어린이(만 7~18세) 500원, 유아(만 6세 이하)는 무료입니다. 족욕체험(20분)은 2인 기준 6,000원, 마사지체험(약 40분)은 1인 5,000원, 약선음식체험(약 3시간)은 메뉴에 따라 1인 15,000원~30,000원으로 차이가 있습니다. 족욕체험권에는 입장료가 포함되어 있으며, 미취학 아동은 족욕체험이 무료입니다.","入場料は大人1,000ウォン、子供（満7～18歳）500ウォン、幼児（満6歳以下）は無料です。足湯体験（20分）は2人基準6,000ウォン、マッサージ体験（約40分）は1人5,000ウォン、薬選食体験（約3時間）はメニューによって1人15,000ウォン～30,000ウォンと違いがあります。足湯体験券には入場料が含まれており、未就学児は足浴体験が無料です。"
서울시립과학관,ソウル市立科学館
서울시 노원구 한글비석로 160,ソウル市ノウォン区ハングルビソクロ160
"[요금]
성인(20세~64세): 2,000원
19세 이하: 무료
다둥이카드 소지자: 무료","[料金]
大人（20歳～64歳）：2,000ウォン
19歳以下：無料
ダードカード保有者：無料"
월요일정기휴무화요일9:30 ~ 17:30수요일9:30 ~ 17:30목요일9:30 ~ 17:30금요일9:30 ~ 17:30토요일9:30 ~ 17:30일요일9:30 ~ 17:30,月曜日定休 火曜日9:30～17:30水曜日9:30～17:30木曜日9:30～17:30金曜日9:30～17:30土曜日9:30～17:30日曜日9:30～17:30
"입장료는 성인(20~64세) 2,000원이며, 19세 이하는 무료로 입장할 수 있습니다. 다둥이카드 소지자도 무료 입장이 가능합니다. 주차 요금은 1시간에 1,800원입니다. 별도 기재된 주차 할인 정책은 없으니 참고하시기 바랍니다. 단, 과학관 내 주차장이 만차일 경우 주변 유료 공영주차장을 이용해주세요.","入場料は大人（20～64歳）2,000ウォンで、19歳以下は無料で入場できます。ダードカード所持者も無料入場が可能です。駐車料金は1時間に1,800ウォンです。別途記載の駐車割引ポリシーはございませんのでご参考ください。ただし、科学館内駐車場が満車の場合は周辺有料公営駐車場をご利用ください。"
장생포고래박물관,長生浦鯨博物館
울산광역시 남구 장생포고래로 244 장생포고래박물관,蔚山広域市南区長生浦鯨路244長生浦鯨博物館
"[입장료]
장생포고래박물관: 2,000원(어른)/ 1,500원(청소년,군인) / 1,000원(어린이)
고래생태체험관: 5,000원(어른) / 4,000원(청소년,군인) / 3,000원(어린이)
울산함: 1,000원
자유이용권: 7,200원
36개월 미만, 만 65세 이상: 무료 입장
자세한 메뉴 및 요금은 첨부된 이미지를 확인해 주세요.
[이용안내]
발권 마감 시간: 마감 30분 전","【入場料】
長生浦鯨博物館：2,000ウォン（大人）/ 1,500ウォン（青少年、兵士） / 1,000ウォン（子供）
クジラ生態体験館：5,000ウォン（大人）/ 4,000ウォン（青少年、兵士）/ 3,000ウォン（子供）
蔚山箱：1,000ウォン
自由利用券：7,200ウォン
36ヶ月未満、満65歳以上：無料入場
詳細メニューや料金は添付画像をご確認ください。
[利用案内]
発券締切時間：締切30分前"
월요일정기휴무화요일09:00 ~ 18:00수요일09:00 ~ 18:00목요일09:00 ~ 18:00금요일09:00 ~ 18:00토요일09:00 ~ 20:00일요일09:00 ~ 20:00,月曜日定休 火曜日09:00～18:00水曜日09:00～18:00木曜日09:00～18:00金曜日09:00～18:00土曜日09:00～20:00日曜日09:00～20:00
구미과학관,欧米科学館
경북 구미시 3공단1로 219-1,慶北グミ市3公団1路219-1
"발권 마감 시간: 17시
[관람료]
어른: 3,000원
청소년(군인): 2,000원
어린이: 1,000원
관람료에 영상관 관람비 포함
5세 이하, 65세 이상 무료 입장
[시설]
1층: 플라네타리움(2D, 3D 천문우주 영상체험), 4D영상관, 사무실/관장실, 영상관리실
2층: 기초과학관, 우주관, 디지털관, 탐구관, 옥외전망대
플라네타리움(2D, 3D 천문우주 영상체험)
하루 4타임 상영: 11:00, 13:00, 15:00, 17:00
4D영상관
하루 5타임 상영: 11:40, 13:30, 14:30, 15:30, 16:30
체험프로그램
잼 랩(GEM LAB), 과학쇼, 생활과학교실, 별자리관측","発券締切時間：17時
【観覧料】
大人：3,000ウォン
青少年（兵士）：2,000ウォン
子供：1,000ウォン
観覧料に映像館観覧費を含める
5歳以下、65歳以上の無料入場
[施設]
1階：プラネタリウム（2D、3D天文宇宙映像体験）、4D映像館、オフィス/館長室、映像管理室
2階：基礎科学館、宇宙館、デジタル館、探求館、屋外展望台
プラネタリウム（2D、3D天文宇宙映像体験）
1日4タイム上映：11:00、13:00、15:00、17:00
4D映像館
1日5タイム上映：11:40、13:30、14:30、15:30、16:30
体験プログラム
ジャムラップ（GEM LAB）、科学ショー、生活科学教室、星座観測"
월요일정기 휴무화요일10:00 ~ 18:00수요일10:00 ~ 18:00목요일10:00 ~ 18:00금요일10:00 ~ 18:00토요일10:00 ~ 18:00일요일10:00 ~ 18:00,月曜日定期休業火曜日10:00～18:00水曜日10:00～18:00木曜日10:00～18:00金曜日10:00～18:00土曜日10:00～18:00日曜日10:00～18:00
"입장료는 어른 3,000원, 청소년(군인) 2,000원, 어린이 1,000원이며 5세 이하, 65세 이상은 무료 입장할 수 있습니다. 관람료에는 영상관 관람비가 포함되어 있습니다.","入場料は大人3,000ウォン、青少年（兵士）2,000ウォン、子供1,000ウォンで、5歳以下、65歳以上は無料入場できます。観覧料には映像館の観覧費が含まれています。"
액션하우스,アクションハウス
전북특별자치도 익산시 금마면 금마호수길 37,全北特別自治道益山市金馬面金馬湖道37
"[요금]
1인 : 8,000원(24개월 미만 무료)
야채 바구니 / 밀웜: 1,000원
해바라기 씨앗 / 새 모이: 500원
자세한 메뉴 및 요금은 첨부된 이미지를 확인해 주세요.
[이용안내]
이용 연령 : 전 연령 가능(만 10세 미만 보호자 동반)
이용 시간 : 2시간
월요일이 공휴일 시에는 정상 영업","[料金]
1人：8,000ウォン（24ヶ月未満無料）
野菜バスケット/ミルワーム：1,000ウォン
ひまわりの種/鳥の茂み：500ウォン
詳細メニューや料金は添付画像をご確認ください。
[利用案内]
利用年齢：全年齢可（満10歳未満保護者同伴）
利用時間：2時間
月曜日が祝日には通常営業"
"입장료는 1인 8,000원이며, 24개월 미만은 무료입니다. 운영시간은 화~일요일 오전 10시부터 오후 6시까지이며, 매주 월요일은 정기휴무입니다(단, 월요일이 공휴일일 경우 정상 영업). 현장 결제와 예약이 모두 가능하지만 성수기나 주말에는 미리 예약하는 것을 권장합니다.","入場料は1人8,000ウォンで、24ヶ月未満は無料です。運営時間は火～日曜日午前10時から午後6時までで、毎週月曜日は定休です（ただし、月曜日が祝日の場合は通常営業）。現地でのお支払いと予約はすべて可能ですが、ピークシーズンや週末には事前に予約することをお勧めします。"
청도 신화랑풍류마을,青島シンファラン風流村
경북 청도군 운문면 신화랑길 1,慶北青島郡雲門面シンファランギル1
"발권 마감 시간: 17시
점심시간: 12~13시
[이용요금]
성인: 2,000원
초,중,고등학생: 1,500원
만6세 이하 및 65세 이상 무료 입장
<관람순서>
화랑정신발상지기념관 -화랑 VR체험 -명상실
화랑국궁장(유료 3,000원(10발), 5,000원(20발))
차,명상체험: 10,000원
다도체험: 15,000원
오토캠핑장
이용요금: 20,000원(평일), 25,000원(주말)","発券締切時間：17時
ランチ時間：12～13時
[利用料金]
大人：2,000ウォン
小・中・高校生：1,500ウォン
満6歳以下および65歳以上の無料入場
＜観覧順＞
ギャラリー精神発祥の地記念館 - ギャラリーVR体験 - 瞑想室
画廊宮殿（有料3,000ウォン（10発）、5,000ウォン（20発））
お茶、瞑想体験：10,000ウォン
茶道体験：15,000ウォン
オートキャンプ場
利用料金：20,000ウォン（平日）、25,000ウォン（週末）"
"입장료는 성인 2,000원, 초·중·고등학생 1,500원입니다. 만 6세 이하 및 65세 이상은 무료입니다. 국궁 체험은 3,000원(10발), 5,000원(20발), 차·명상 체험은 10,000원, 다도 체험은 15,000원입니다. 오토캠핑장은 평일 20,000원, 주말 25,000원에 이용할 수 있습니다.","入場料は大人2,000ウォン、小・中・高校生1,500ウォンです。 6歳以下と65歳以上は無料です。国宮体験は3,000ウォン(10発)、5,000ウォン(20発)、車・瞑想体験は10,000ウォン、茶道体験は15,000ウォンです。オートキャンプ場は平日20,000ウォン、週末25,000ウォンで利用できます。"
다솜생태체험관 NC경산점,ダソム生態体験館NC京畿店
경북 경산시 중앙로 39 NC경산점 5층,慶北慶山市中央路39 NC慶山店5階
"[요금]
일반(어른, 아이 동일): 15,000원
이랜드 리테일 회원: 9,000원
단체(20명 이상): 8,000원
동물 먹이주기: 3,000원
24개월 미만 무료입장
자세한 메뉴 및 요금은 첨부된 이미지를 확인해 주세요.
[이용안내]
입장 마감 시간: 18시 30분","[料金]
一般（大人、子供と同じ）：15,000ウォン
イーランドリテール会員：9,000ウォン
団体（20名以上）：8,000ウォン
動物の供給サイクル：3,000ウォン
24ヶ月未満無料入場
詳細メニューや料金は添付画像をご確認ください。
[利用案内]
入場締切時間：18時30分"
월요일정기휴무화요일11:00 ~ 19:00수요일11:00 ~ 19:00목요일11:00 ~ 19:00금요일11:00 ~ 19:00토요일11:00 ~ 19:00일요일11:00 ~ 19:00,月曜日定休 火曜日11:00～19:00水曜日11:00～19:00木曜日11:00～19:00金曜日11:00～19:00土曜日11:00～19:00日曜日11:00～19:00
"입장료는 성인/어린이 구분 없이 15,000원이며, 이랜드 리테일 회원은 9,000원, 단체(20인 이상)는 8,000원입니다. 동물 먹이주기 체험(토끼 먹이 등)은 3,000원이며, 24개월 미만 아동은 무료로 입장할 수 있습니다. 자세한 요금은 현장 또는 첨부 이미지를 참고해 주세요.","入場料は大人/子供が区別なく15,000ウォンで、イーランドリテール会員は9,000ウォン、団体（20人以上）は8,000ウォンです。動物の餌付け体験（ウサギの餌など）は3,000ウォンで、24ヶ月未満の子供は無料で入場できます。詳しくは現場または添付画像をご覧ください。"
경상북도교육청 발명체험교육관,慶尚北道教育庁発明体験教育館
경북 경주시 첨성로 97,慶北慶州市瞻星路97
"관람료 및 입장료: 무료
점심시간 12:00~13:30
[전시 관람안내]
발명채움관(예약 없이 현장 방문 후 관람)
발명에 대한 이해와 흥미 유발을 위한 발명전시체험, 특허출원 중심 발명전문교육을 위한 공간
미래키움관(사전 예약)
AI, 첨단로봇, VR, AR 등 미래 기술을 체험하는 공간
도전혜윰관(사전 예약)
발명을 놀이로 배우는 놀이중심 체험공간","観覧料と入場料：無料
ランチ時間 12:00～13:30
【展示観覧案内】
発明充填館（予約なしで現場訪問後観覧）
発明の理解と興味誘発のための発明展示体験、特許出願中心発明専門教育のための空間
ミラキウム館（事前予約）
AI、先端ロボット、VR、ARなど未来技術を体験する空間
チャレンジヘジュン館（事前予約）
発明を遊びで学ぶ遊び中心体験空間"
월요일정기 휴무화요일정기 휴무수요일10:00 ~ 16:00목요일10:00 ~ 16:00금요일10:00 ~ 16:00토요일10:00 ~ 16:00일요일10:00 ~ 16:00,月曜日定期休業火曜日定期休業水曜日10:00～16:00木曜日10:00～16:00金曜日10:00～16:00土曜日10:00～16:00日曜日10:00～16:00
"발명체험교육관의 관람료와 주차 요금은 모두 무료입니다. 넓은 주차장이 마련되어 있으며, 주차 시 별도의 요금이 부과되지 않습니다.",発明体験教育館の観覧料と駐車料金はすべて無料です。広い駐車場があり、駐車場には別途料金はかかりません。
"[요금]
무료
[프로그램]
체험관 투어: 10시, 13시, 15시30분
3D영화관: 10시10분, 15시 10분
제트기로봇만들기(초1~3): 10시
고래로봇만들기(초4~6): 14시
프로그램과 운영시간은 요일마다 상이하니 홈페이지에서 확인해 주세요.","[料金]
無料
[プログラム]
体験館ツアー：10時、13時、15時30分
3D映画館：10時10分、15時10分
ジェット機ロボットを作る（秒1〜3）：10時
クジラロボットを作る（秒4〜6）：14時
プログラムと運営時間は曜日ごとに異なりますので、ホームページでご確認ください。"
"입장료와 모든 프로그램(체험관 투어, 3D영화관, 창의체험교실 등)은 무료입니다. 별도의 비용이 들지 않습니다.",入場料とすべてのプログラム（体験館ツアー、3D映画館、創意体験教室など）は無料です。別途費用はかかりません。
하림치킨로드투어,ハリムチキンロードツアー
전북특별자치도 익산시 망성면 망성로 14 (주)하림,全北特別自治道益山市網城面14
"[요금]
무료 이용
[이용안내]
운영시간 : 평일 - 10:00, 10:30, 13:30, 14:00 / 토요일 - 10:00, 10:30
견학인원 : 최소 4명, 최대 30명(30명 이상인 경우 전화 문의)
소요시간 : 약 90분","[料金]
無料利用
[利用案内]
営業時間：平日 - 10:00、10:30、13:30、14:00 /土曜日 - 10:00、10:30
見学人数：最低4名、最大30名（30名以上の場合電話連絡）
所要時間：約90分"
월요일10:00 ~ 15:30화요일10:00 ~ 15:30수요일10:00 ~ 15:30목요일10:00 ~ 15:30금요일10:00 ~ 15:30토요일10:00 ~ 12:00일요일정기휴무,月曜日10:00～15:30火曜日10:00～15:30水曜日10:00～15:30木曜日10:00～15:30金曜日10:00～15:30土曜日10:00～12:00日曜日定休
"하림치킨로드투어는 무료로 이용할 수 있습니다. 홈페이지에서 예약 시 차량번호를 함께 등록하면 공장 입구에서 등록 확인 후 안내받을 수 있습니다. 운영시간은 평일 10:00~15:30, 토요일 10:00~12:00이며, 일요일은 휴무입니다. 견학은 최소 4명, 최대 30명까지 예약할 수 있고, 30명 이상 단체는 별도 문의가 필요합니다. 투어는 평일 10:00, 10:30, 13:30, 14:00 / 토요일 10:00, 10:30에 운영됩니다.",ハリムチキンロードツアーは無料で利用できます。ホームページで予約時に車両番号を一緒に登録すると、工場入口で登録確認後案内を受けることができます。営業時間は平日10:00～15:30、土曜日10:00～12:00、日曜日は休業です。見学は最低4名、最大30名まで予約でき、30名以上の団体は別途お問い合わせが必要です。ツアーは平日10:00、10:30、13:30、14:00/土曜日10:00、10:30に営業しています。
부천로보파크,富川ロボパーク
경기 부천시 평천로 655 부천로보파크,京畿道富川市平川路655富川ロボパーク
"[요금]
성인: 5,000원
학생(중학생-만 19세): 4,000원
어린이(만 36개월~초등학생): 3,000원
만36개월미만 무료
부천시민(성인) 2,500원
부천시민(초중고) 무료
부천시민(아동) 무료
부천시다자녀(다자녀카드,아이플러스카드 지참시) 무료
성인자매도시(화성,강릉,옥천군,공주,진도,봉화군,무주) 2,500원
청소년자매도시(화성,강릉,옥천군,공주,진도,봉화군,무주) 2,000원
어린이자매도시(화성,강릉,옥천군,공주,진도,봉화군,무주) 1,500원","[料金]
大人：5,000ウォン
学生（中学生-満19歳）：4,000ウォン
子供（36ヶ月～小学生）：3,000ウォン
36ヶ月未満無料
富川市民（大人）2,500ウォン
富川市民（小中古）無料
富川市民（子供）無料
富川市田子（多子カード、アイプラスカード持参時）無料
大人姉妹都市（華城、江陵、玉川郡、姫、珍島、奉化郡、武州） 2,500ウォン
青少年姉妹都市（華城、江陵、玉川郡、姫、珍島、奉化郡、武州） 2,000ウォン
子供姉妹都市（華城、江陵、玉川郡、姫、珍島、奉化郡、武州） 1,500ウォン"
"부천로보파크의 관람 시간은 화요일부터 일요일까지 오전 10시부터 오후 5시까지입니다. 월요일은 정기 휴무이며, 설과 추석 연휴에는 별도로 휴관할 수 있으니 방문 전 확인이 필요합니다.",富川ロボパークの観覧時間は火曜日から日曜日まで午前10時から午後5時までです。月曜日は定期休業であり、雪と秋夕の連休には別途休館できるため、訪問前の確認が必要です。
"건물 내외부에 주차장이 있으며, 주차는 1시간까지 무료이고 이후 30분마다 500원의 추가 요금이 부과됩니다.",建物内外に駐車場があり、駐車場は1時間まで無料で、その後30分ごとに500ウォンの追加料金がかかります。
본태박물관,本太博物館
제주 서귀포시 안덕면 산록남로762번길 69,済州西帰浦市安徳面山緑南路762番道69
"제주 서귀포시 안덕면 산록남로762번길 69에 위치한 본태박물관은 제주의 아름다운 자연과 조화를 이루도록 설계된 특별한 공간이에요.
'본태(本態)'는 ‘본래의 형태’라는 뜻으로, 인류 본연의 아름다움을 전통과 현대의 예술을 통해 탐구하고자 2012년에 만들어졌어요.
세계적인 건축가 안도 다다오가 설계하여 노출 콘크리트, 빛, 물이 어우러진 독특하고 감각적인 건축미를 뽐냅니다.
박물관은 자연과 건축, 전통과 현대, 세계와 한국의 만남이라는 큰 주제를 바탕으로 다양한 전시와 체험, 교육 프로그램을 운영하고 있어요.
본태박물관은 다섯 개의 전시관으로 이뤄져 있어요.
제1관 – 전통공예관
한국의 소반, 목가구, 보자기, 베개 등 다양한 전통 생활 공예품이 전시되어 있어 우리의 옛 생활문화와 장인의 아름다움을 느낄 수 있어요.
제2관 – 현대미술관
피카소, 달리, 앤디 워홀, 백남준 등 세계적인 작가들의 현대미술 작품이 전시되어요. 아이와 함께 세계 예술의 흐름을 만나볼 수 있습니다.
제3관 – 쿠사마 야요이 특별관
일본 현대미술 거장 쿠사마 야요이의 대표작 ‘호박’과 ‘무한 거울의 방’이 전시되어 있어, 아이들이 신기한 미술 체험을 할 수 있어요.
제4관 – 전통상례관
상여, 꼭두 등 옛날 사람들의 장례풍습과 관련된 공예품을 전시하여, 우리 전통문화를 쉽고 흥미롭게 배울 수 있습니다.
제5관 – 기획전시관
시기에 따라 다양한 주제로 특별전이 열리니 방문 전 전시 정보를 확인해보는 것도 좋습니다.
실내뿐 아니라 야외에는 다양한 조각작품과 아름다운 산책로가 함께 있어, 가족이 함께 걸으며 예술과 자연을 동시에 느낄 수 있어요.
미술관 관람 자체가 다양한 예술작품을 가까이서 볼 수 있는 체험이 되어, 아이들에게 창의력과 감성을 길러줍니다.
쿠사마 야요이의 ‘무한 거울의 방’처럼 직접 안에 들어가 보고, 색다른 공간을 경험하는 코너가 준비되어 있어 아이들이 재미있게 예술을 만날 수 있습니다.
전통공예관에서는 생활 속 친숙한 물건들을 통해 우리 문화를 자연스럽게 배울 수 있어 교육적인 시간도 됩니다.
운영 시간: 매일 오전 10시 ~ 오후 6시
관람 소요 시간: 약 1시간 30분 ~ 2시간
36개월 미만 유아는 무료 입장 (증빙 필요)
넉넉한 야외 공간이 있어 전시 관람 후 가족 산책도 추천드려요.
제주국제공항에서 자동차로 약 40분, 제주국제컨벤션센터에서 약 15분 거리입니다.
대중교통 이용 시 버스와 환승을 통해 1시간~1시간 20분 정도 소요돼요.
지원되는 편의시설: 기저귀교환대, 유모차대여, 주차, 예약
지원되지 않는 편의시설: 아기의자, 수유실
박물관 내부에 계단이 많아 유모차 이동이 어려울 수 있어요.
36개월 미만은 무료에요.
근처 수풍석박물관, 방주교회 함께 둘러보시면 좋아요.
성인: 20,000원
학생(초,중,고): 12,000원
미취학아동(만3세~7세): 10,000원
도민/성인: 16,000원
도민/학생: 10,000원
도민/미취학: 8,000원
경로: 12,000원
장애인/국가유공자: 9,000원","済州西帰浦市安徳面山緑南路762番ギル69に位置する本泰博物館は、済州の美しい自然と調和するように設計された特別な空間です。
「本態」は「本来の形」という意味で、人類本来の美しさを伝統と現代の芸術を通じて探求しようと2012年に作られました。
世界的な建築家アンド・ダダオが設計し、露出コンクリート、光、水が調和した独特で感覚的な建築美を誇ります。
博物館は自然と建築、伝統と現代、世界と韓国の出会いという大きなテーマをもとに様々な展示や体験、教育プログラムを運営しています。
本太博物館は5つの展示館で構成されています。
第1館 – 伝統工芸館
韓国の小盤、木家具、保磁器、枕など様々な伝統生活工芸品が展示されており、私たちの昔の生活文化と職人の美しさを感じることができます。
第2館 – 現代美術館
ピカソ、ダリ、アンディ・ウォーホル、ペク・ナムジュンなど世界的な作家たちの現代美術作品が展示されます。子供と一緒に世界芸術の流れに出会うことができます。
第3館 – 草間弥生特別館
日本現代美術の巨匠草間弥生の代表作「かぼちゃ」と「無限鏡の部屋」が展示されており、子供たちが不思議な美術体験ができます。
第4館 – 伝統商礼館
ボーナス、コックなど、昔の人々の葬儀習慣に関連する工芸品を展示することで、私たちの伝統文化を簡単かつ興味深く学ぶことができます。
第5館 – 企画展示館
時期によって様々なテーマで特別展が開かれるので、訪問前の展示情報を確認してみることもおすすめです。
屋内だけでなく屋外には様々な彫刻作品と美しい遊歩道が一緒にあり、家族が一緒に歩きながら芸術と自然を同時に感じることができます。
美術館観覧自体が様々な芸術作品を間近で見ることができる体験となり、子どもたちに創造力と感性を育てます。
草間やよいの「無限鏡の部屋」のように直接中に入ってみて、風変わりな空間を体験するコーナーが用意されており、子どもたちが楽しく芸術に出会えます。
伝統工芸館では生活の中でおなじみのものを通じて私たちの文化を自然に学ぶことができ、教育的な時間にもなります。
営業時間：毎日午前10時～午後6時
観覧所要時間：約1時間30分～2時間
36ヶ月未満の幼児は無料入場（証明が必要）
ゆったりとした屋外スペースがあり、展示観覧後の家族散策もおすすめです。
済州国際空港から車で約40分、済州国際コンベンションセンターから約15分です。
公共交通機関を利用する場合、バスと乗り換えで1時間～1時間20分ほどかかります。
サポートされる設備：おむつ交換台、ベビーカーレンタル、駐車場、予約
サポートされていないアメニティ：ベビーチェア、授乳室
博物館内部に階段が多く、ベビーカーの移動が難しい場合があります。
36ヶ月未満は無料です。
近くの水風石博物館、箱舟教会と一緒に見回せば良いです。
大人：20,000ウォン
学生（小・中・高）：12,000ウォン
未就学児（満3歳～7歳）：10,000ウォン
都民/大人：16,000ウォン
都民/学生：10,000ウォン
道民/未就学：8,000ウォン
ルート：12,000ウォン
障害者/国家有功者：9,000ウォン"
박물관은 월요일부터 일요일까지 매일 오전 10시부터 오후 6시까지 운영합니다.,博物館は月曜日から日曜日まで毎日午前10時から午後6時まで営業しています。
"36개월 미만 유아는 무료 입장입니다. 미취학 아동(만 3세~7세)은 10,000원, 초등학생 및 중·고등학생은 12,000원의 학생 요금이 적용됩니다. 제주 도민, 경로, 장애인, 국가유공자는 별도의 할인 요금이 있으며, 증빙서류를 지참해 주시기 바랍니다.","36ヶ月未満の幼児は無料入場です。未就学児(満3歳～7歳)は10,000ウォン、小学生及び中・高校生は12,000ウォンの学生料金が適用されます。済州道民、経路、障がい者、国家有功者は別途割引料金があり、証明書類を持参してください。"
중미산천문대,中米山天文台
경기도 양평군 옥천면 중미산로 1268 중미산천문대,京畿道楊平郡オクチョンミョン中米山路1268中米山天文台
"경기도 양평군 옥천면 중미산로 1268에 위치한 중미산천문대는 해발 약 420m~437m의 중미산 자연휴양림 내에 자리하고 있습니다.
서울에서 차로 약 1시간 내외로 갈 수 있어 접근성이 뛰어나며, 공해가 적어 수도권 인근에서 많은 별을 볼 수 있는 곳으로 손꼽힙니다.
천체관측 프로그램: 여러 대의 천체망원경을 이용해 직접 별, 행성, 달, 계절별 별자리를 관찰할 수 있습니다.
교육 및 영상 프로그램: 우주 과학 기초지식을 쉽게 전달하는 영상 교육, 시뮬레이션 프로그램이 준비되어 있어 아이들의 호기심을 자극합니다.
체험형 활동: 전문가의 설명과 실습으로 직접 우주를 만져보는 체험이 가능합니다.
관측 불가 시 재관측 기회 제공: 날씨 등으로 인해 정상적인 관측이 어렵다면, 1년 내 무료 재관측 기회를 제공합니다.
너무 어린아이들보다는 6세 이상의 아이들에게 추천드려요.
전문 강사진: 천문학·자연 분야의 전문가가 직접 강의와 관측 지도를 담당합니다.
편의시설: 주차, 예약 가능, 주차장은 입구에서 주차요원이 예약자 확인 후 주차 안내를 해주어요.
자연휴양림 연계: 낮에는 인근 자연휴양림에서 다양한 야외활동도 연계할 수 있습니다.
예약제로 운영되므로 방문 전 공식 홈페이지 또는 예약 플랫폼을 통해 예약을 진행해야 합니다.
프로그램 시작 약 1시간 전부터 입장이 가능하며, 되도록 예약 시간보다 10분 전까지 도착하는 것이 좋습니다.
계절과 날씨에 따라 관측 대상이 다르니, 공식 홈페이지에서 계절별로 관측 가능한 별자리, 행성을 확인하세요.
주변이 어두워 운전이 어려울 수 있으니, 미리 도착해서 안전하게 이동하시길 권장합니다.
핸드폰 기종별로 별을 촬영하는 방법도 별자리 관측 시간에 안내합니다.
천체망원경으로 직접 별, 행성, 달을 관측
별자리와 우주에 대한 재미있는 영상 교육
날씨에 따른 유연한 재관측 기회
어두운 곳에서 별 관측이 이루어지기 때문에 아이들이 뛰어다니지 않게 유의해주세요.
요금
당일별자리여행(월~목요일): 22,000원
당일별자리여행(금~일요일, 공휴일): 25,000원
만 36개월 미만: 무료
당일별자리여행(월~목요일): 22,000원
당일별자리여행(금~일요일, 공휴일): 25,000원
만 36개월 미만: 무료
이용안내
진행시간: 약 1시간 30분 (천문영상교육 30분 + 천체관측 1시간)
진행시간: 약 1시간 30분 (천문영상교육 30분 + 천체관측 1시간)
별과 우주에 관심이 많은 아이
특별한 가족 나들이를 찾는 분
자연 속에서 체험과 휴식을 동시에 즐기고 싶은 가족","京畿道楊平郡オクチョンミョン中米山路1268に位置する中米山天文台は、海抜約420m〜437mの中米山自然休養林内に位置しています。
ソウルから車で約1時間内外に行くことができ、アクセシビリティに優れ、公害が少なく首都圏付近で多くの星を見ることができる場所に挙げられます。
天体観測プログラム：複数の天体望遠鏡を利用して、直接星、惑星、月、季節ごとの星座を観察することができます。
教育・映像プログラム：宇宙科学の基礎知識を容易に伝える映像教育、シミュレーションプログラムが用意されており、子供たちの好奇心を刺激します。
体験型活動：専門家の説明と実習で直接宇宙に触れてみる体験が可能です。
観測不可時の再観測機会の提供：天候などにより正常な観測が難しい場合は、1年以内に無料の再観測機会を提供します。
あまりにも子供よりも6歳以上の子供にお勧めします。
専門講師陣：天文学・自然分野の専門家が直接講義と観測指導を担当します。
便宜施設：駐車、予約可能、駐車場は入口で駐車要員が予約者確認後駐車案内をしてくれます。
自然休養林連携：日中は近くの自然休養林で様々な野外活動も連携できます。
予約制で運営されるので、訪問前に公式ホームページまたは予約プラットフォームを通じて予約を進める必要があります。
プログラム開始約1時間前から入場が可能で、なるべく予約時間より10分前までに到着することをお勧めします。
季節と天候によって観測対象が異なるので、公式ホームページで季節ごとに観測可能な星座、惑星を確認してください。
周囲が暗くて運転が難しい場合がありますので、事前に到着して安全に移動することをお勧めします。
携帯機種別で星を撮影する方法も星座観測時間に案内します。
天体望遠鏡で直接星、惑星、月を観測
星座と宇宙の面白いビデオトレーニング
天気に応じた柔軟な再観測機会
暗い場所で星観測が行われますので、子供たちが飛び回らないように注意してください。
料金
当日星座旅行（月～木曜日）：22,000ウォン
当日星座旅行（金～日曜日、祝日）：25,000ウォン
36ヶ月未満：無料
当日星座旅行（月～木曜日）：22,000ウォン
当日星座旅行（金～日曜日、祝日）：25,000ウォン
36ヶ月未満：無料
ご利用案内
進行時間：約1時間30分（天文映像教育30分+天体観測1時間）
進行時間：約1時間30分（天文映像教育30分+天体観測1時間）
星と宇宙に興味がある子
特別な家族の外出先をお探しの方
自然の中で体験とリラックスを同時に楽しみたい家族"
월요일20:30 ~ 24:00화요일정기휴무수요일정기휴무목요일20:30 ~ 24:00금요일20:30 ~ 24:00토요일20:30 ~ 24:00일요일20:30 ~ 24:00,月曜日20:30〜24:00火曜日定休水曜日定期休業木曜日20:30〜24:00金曜日20:30〜24:00土曜日20:30〜24:00日曜日20:30〜24:00
이화박물관,梨花博物館
서울특별시 중구 정동길 26 이화여자고등학교,ソウル特別市中区チョンドンギル26梨花女子高校
"[요금]
무료 이용
[이용안내]
휴무일 - 매주 월요일, 일요일, 공휴일, 기타 관장이 정하는 휴일 / 현충일 휴무","[料金]
無料利用
[利用案内]
休業日 - 毎週月曜日、日曜日、祝日、その他の浣腸が定める休日/記念日休業"
"이화박물관은 화요일부터 토요일까지 오전 10시부터 오후 5시까지 운영됩니다. 매주 월요일, 일요일, 공휴일 및 관장이 정하는 휴일·현충일은 휴관입니다.",梨花博物館は火曜日から土曜日まで午前10時から午後5時まで営業しています。毎週月曜日、日曜日、祝日および浣腸が定める休日・記念日は休館です。
"입장료는 무료입니다. 현재 소규모 가족 단위로는 예약 없이 관람이 가능하며, 단체(10인 이상)는 사전 문의 및 예약이 필요할 수 있습니다.",入場料は無料です。現在、小規模家族単位では予約なしで観覧が可能で、団体（10名以上）は事前のお問い合わせや予約が必要になる場合があります。
도쿄 포켓몬센터 도쿄 DX,東京ポケモンセンター東京DX
"髙島屋S.C.東館, 5F, 2 Chome-11-2 Nihonbashi, Chuo City, Tokyo 103-0027 일본","髙島屋S.C.東館, 5F, 2 Chome-11-2 Nihonbashi, Chuo City, Tokyo 103-0027 日本"
"[요금]
제품별로 다름","[料金]
製品によって異なる"
월요일10:30 ~ 21:00화요일10:30 ~ 21:00수요일10:30 ~ 21:00목요일10:30 ~ 21:00금요일10:30 ~ 21:00토요일10:30 ~ 21:00일요일10:30 ~ 21:00,月曜日10:30～21:00火曜日10:30～21:00水曜日10:30～21:00木曜日10:30～21:00金曜日10:30～21:00土曜日10:30～21:00日曜日10:30～21:00
"포켓몬센터 도쿄 DX는 입장료 없이 자유롭게 입장할 수 있으며, 연령에 관계없이 누구나 방문 가능합니다. 단, 맞은편 포켓몬 카페는 예약이 필요합니다.",ポケモンセンター東京DXは入場料なしで自由に入場でき、年齢に関係なく誰でも訪問可能です。ただし、向かい側のポケモンカフェは予約が必要です。
키즈플라자 오사카,キッズプラザ大阪
"2 Chome-1-7 Ogimachi, Kita Ward, Osaka, 530-0025 일본","2 Chome-1-7 Ogimachi, Kita Ward, Osaka, 530-0025 日本"
"[요금]
어른: 1,400엔(한화 약 12,000원)
소인(만 7세~만 14세): 800엔(한화 약 7,000원)
유아(만 3세~만 6세): 500엔(한화 약 4,500원)
65세 이상(증빙 지참 시): 700엔(한화 약 6,200원)
36개월 미만: 무료
자세한 메뉴 및 요금은 첨부된 이미지를 확인해 주세요.
[이용안내]
입장 마감: 마감 45분 전
둘째, 셋째주 월요일 휴관, 단, 월요일이 공휴일인 경우 다음 날 휴관
연말연시(12.28.~1.2.) 휴관, 임시 휴관 있음","[料金]
大人：1,400円（ハンファ約12,000ウォン）
小人（満7歳～満14歳）：800円（ハンファ約7,000ウォン）
幼児（3歳～6歳）：500円（ハンファ約4,500ウォン）
65歳以上（証氷持参時）：700円（ハンファ約6,200ウォン）
36ヶ月未満：無料
詳細メニューや料金は添付画像をご確認ください。
[利用案内]
入場締切：締切45分前
第二、第三週月曜日休館、ただし月曜日が祝日の場合、翌日休館
年末年始（12.28.～1.2.）休館、臨時休館あり"
월요일09:30 ~ 17:00화요일09:30 ~ 17:00수요일09:30 ~ 17:00목요일09:30 ~ 17:00금요일09:30 ~ 17:00토요일09:30 ~ 17:00일요일09:30 ~ 17:00,月曜日09:30〜17:00火曜日09:30〜17:00水曜日09:30〜17:00木曜日09:30〜17:00金曜日09:30〜17:00土曜日09:30〜17:00日曜日09:30〜17:00
"입장료는 어른 1,400엔, 소인(만 7세~만 14세) 800엔, 유아(만 3세~만 6세) 500엔, 65세 이상 700엔(증빙 지참 시), 36개월 미만 유아는 무료입니다. 입장권은 현장 매표소에서 구입할 수 있으며, 당일 예매 티켓 제시 시 3층에서 재입장이 가능합니다.","入場料は大人1,400円、小人（満7歳～満14歳）800円、幼児（満3歳～満6歳）500円、65歳以上700円（証券持参時）、36ヶ月未満幼児は無料です。入場券は現場チケット売り場で購入でき、当日前売りチケット提示時に3階で再入場が可能です。"
장생포 고래생태체험관,長生浦クジラ生態体験館
울산광역시 남구 장생포고래로 248 고래생태체험관,蔚山広域市南区長生浦鯨路248クジラ生態体験館
"[요금]
성인 - 5,000원
청소년, 군인 - 4,000원
어린이 - 3,000원
36개월 미만, 경로 등 - 무료
자세한 요금 및 할인 정보는 첨부된 이미지를 확인해 주세요.
[이용안내]
5월 ~ 10월은 주말에 야간 연장 운영(20시까지)
매표마감 - 17:30","[料金]
大人 - 5,000ウォン
青少年、兵士 - 4,000ウォン
子供 - 3,000ウォン
36ヶ月未満、ルートなど - 無料
詳細な料金および割引情報は添付の画像をご確認ください。
[利用案内]
5月～10月は週末に夜間延長運営（20時まで）
チケット仕上げ - 17:30"
"입장료는 성인 5,000원, 청소년 및 군인 4,000원, 어린이 3,000원(36개월 미만, 경로 등 무료)입니다. 운영시간은 화~금요일 09:00~18:00, 토~일요일 09:00~20:00이며, 매주 월요일은 정기휴무입니다. 매표마감은 17:30입니다. 5~10월에는 주말 야간 연장 운영을 합니다.","入場料は大人5,000ウォン、青少年および兵士4,000ウォン、子供3,000ウォン（36ヶ月未満、パスなど無料）です。営業時間は火～金曜日09:00～18:00、土～日曜日09:00～20:00で、毎週月曜日は定休です。チケット仕上げは17:30です。 5～10月には週末夜間延長運営を行います。"
옛군산세관,旧群山税関
전북특별자치도 군산시 해망로 244-7 군산세관 옛군산세관,全北特別自治道群山市海網路244-7群山税関
"[요금]
무료 이용
[이용안내]
문화관광해설사 운영
운영시간 - 연중
해설시간 - 오전 10시 ~ 12시 / 오후 1시 ~ 5시","[料金]
無料利用
[利用案内]
文化観光解説会社の運営
営業時間 - 年中
解説時間 - 午前10時〜12時/午後1時〜5時"
"옛군산세관은 입장료 없이 무료로 관람할 수 있습니다. 운영시간은 화요일부터 일요일까지 10:00~17:00이고, 월요일은 정기휴무입니다.",旧群山税関は入場料なしで無料で観覧できます。営業時間は火曜日から日曜日まで10:00～17:00で、月曜日は定休です。
이종일선생생가지,イ・ジョンイル先生
충남 태안군 원북면 옥파로 199-7,忠南泰安郡元北面オパロ199-7
"[요금]
무료
[이용안내]
하절기(3월~10월): 09시~18시(평일)
동절기(11월~2월): 9시~17시(평일)","[料金]
無料
[利用案内]
夏季（3月～10月）：09時～18時（平日）
冬季（11月～2月）：9時～17時（平日）"
이종일선생생가지의 입장료는 무료입니다.,イ・ジョンイル先生の入場料は無料です。
국립중앙과학관 자연사관,国立中央科学館自然史館
대전광역시 유성구 대덕대로 481 국립중앙과학관,大田広域市儒城区大徳大路481国立中央科学館
"[요금]
무료
[이용안내]
매주 월요일 휴무, 공휴일이 월요일인 경우 다음날 휴무","[料金]
無料
[利用案内]
毎週月曜日定休、祝日が月曜日の場合は翌日定休"
진주청동기문화박물관,真珠青銅器文化博物館
경상남도 진주시 대평면 호반로 1353,慶尚南道晋州市大平面湖畔路1353
"상설전시관: 진주 대평리에서 발굴된 청동기 시대 토기, 옥 장신구 등 300여 점의 유물을 전시합니다.
기획전시관: 다양한 주제로 청동기 시대의 생활상과 문화를 특별 전시합니다.
야외전시장: 실제 청동기 시대 마을을 재현한 움집(4동)과 고인돌, 무덤(20여 기)이 전시되어 아이들이 자연 속에서 옛 생활을 체험할 수 있습니다.
전망쉼터, 수변 산책로: 진양호와 어우러진 아름다운 경치를 감상하며 산책할 수 있습니다.
실감영상관: 청동기 시대의 축제와 전쟁을 생동감 있는 입체 영상으로 만나볼 수 있습니다.
AR 드론관측실 & XR 망원경: 증강현실과 가상현실 기술로 선사시대 마을을 관찰하고 청동기 시대의 농사, 장례 문화도 체험합니다.
VR 옥공방: 옥 장신구를 가상현실 체험으로 직접 만들어 볼 수 있습니다.
홀로그램뮤지컬: 움집 속에서의 옛날 생활을 생생한 홀로그램 공연으로 즐길 수 있습니다.
운영 시간: 09:00 ~ 18:00 (동절기 09:00 ~ 17:00)
휴관: 매주 월요일, 1월 1일, 설날 및 추석 당일
관람료: 어린이 500원, 청소년/군인 700원, 성인 1,000원 (진주시민 등은 50% 할인)
편의시설: 수유실, 기저귀교환대, 유모차대여, 주차, 예약
실제 발굴된 유물을 보며 선사시대 사람들의 생활을 눈으로 직접 확인할 수 있습니다.
토기, 움집, 고인돌 등 옛 유적을 직접 보고, 듣고, 만지며 체험 활동이 풍부합니다.
AR/VR 등 첨단 기술을 이용한 체험이 많아, 공부와 놀이를 동시에 즐길 수 있습니다.
아름다운 진양호와 함께 산책할 수 있는 자연환경이 조성되어 있습니다.
체험프로그램은 일부 사전 예약이 필요할 수 있으며, ""옥 모양의 목걸이가 있어야 체험이 가능"" 하니 안내 데스크에서 목걸이를 먼저 받고 관람하셔야 해요.
필기도구, 사진기 등을 준비해 오시면 관람에 많은 도움이 돼요.
아이와 함께 방문 시 전시실과 유물에 손을 대지 않도록 유의해 주세요.
어른(19세 이상 ~ 65세 미만): 1,000원
청소년 및 군인(13세 이상 ~ 18세 이하): 700원
어린이(7세 이상 ~ 12세 이하): 500원
6세 이하: 무료
진주시민: 50% 감경
전시 해설: 6세 이상, 15명 미만 개인 관람객, 1회차(11시), 2회차(14시), 3회차(16시)
옥 장신구 만들기: 5인 이상의 단체, 예약 필수
박물관으로 딸기 피크닉: 19년생 ~ 12년생 자녀를 둔 가족, 1회차(10시~12시), 2회차(14시~16시)","常設展示館：真珠大平里で発掘された青銅器時代の土器、玉飾りなど300点余りの遺物を展示します。
企画展示館：様々なテーマで青銅器時代の生活像と文化を特別展示します。
野外展示場：実際の青銅器時代の村を再現した窪み（4棟）とドルメン、墓（20余期）が展示され、子供たちが自然の中で昔の生活を体験できます。
展望シェルター、水辺の遊歩道：ジンヤン湖との美しい景色を眺めながら散策できます。
実感映像館：青銅器時代の祭りと戦争を鮮やかな立体映像で見ることができます。
ARドローン観測室＆XR望遠鏡：拡張現実と仮想現実技術で先史時代の村を観察し、青銅器時代の農業、葬儀文化も体験します。
VR玉工房：玉玉具を仮想現実体験で直接作ることができます。
ホログラムミュージカル: モーションの中での昔の生活を鮮やかなホログラム公演で楽しめます。
営業時間：09:00～18:00（冬季09:00～17:00）
休館：毎週月曜日、1月1日、旧正月と秋夕の日
観覧料：子供500ウォン、青少年/兵士700ウォン、大人1,000ウォン（真珠市民などは50％割引）
アメニティ施設：授乳室、おむつ交換台、ベビーカーレンタル、駐車場、予約
実際に発掘された遺物を見ながら先史時代の人々の生活を目で直接確認することができます。
土器、窮地、ドルメンなど古代遺跡を直接見て、聞いて、触って体験活動が豊富です。
AR/VRなど先端技術を利用した体験が多く、勉強と遊びを同時に楽しめます。
美しい真陽湖と一緒に散歩できる自然環境が造成されています。
体験プログラムは一部の事前予約が必要な場合があり、「翡翠状のネックレスがなければ体験が可能」なので、案内デスクでネックレスを先に受けて観覧する必要があります。
筆記具、カメラなどを用意してくれれば観覧に多くの助けになります。
子供と一緒に訪問する際に展示室や遺物に触れないように注意してください。
大人（19歳以上〜65歳未満）：1,000ウォン
青少年および兵士（13歳以上〜18歳以下）：700ウォン
子供（7歳以上〜12歳以下）：500ウォン
6歳以下：無料
真珠市民：50％減軽
展示解説：6歳以上、15名未満の個人観覧客、1回目（11時）、2回目（14時）、3回目（16時）
翡翠装身具を作る：5人以上の団体、予約必須
博物館でいちごピクニック：19年生まれ～12年生まれの子どもを持つ家族、1回目（10時～12時）、2回目（14時～16時）"
"관람 시간은 3월~10월은 09:00~18:00, 11월~2월은 09:00~17:00입니다. 매표는 관람 시간 종료 30분 전까지 가능합니다. 휴관일은 매주 월요일, 1월 1일, 설날, 추석입니다. 입장료는 어른(19세 이상 ~ 65세 미만) 1,000원, 청소년 및 군인(13세 이상 ~ 18세 이하) 700원, 어린이(7세 이상 ~ 12세 이하) 500원이며, 6세 이하 어린이는 무료입니다. 진주시민은 입장 요금의 50% 감경 혜택을 받을 수 있습니다. 자세한 할인 대상은 홈페이지에서 확인해주세요.","観覧時間は3月～10月は09:00～18:00、11月～2月は09:00～17:00です。チケットは観覧時間終了の30分前まで可能です。休館日は毎週月曜日、1月1日、お正月、秋夕です。入場料は大人（19歳以上～65歳未満）1,000ウォン、青少年および兵士（13歳以上～18歳以下）700ウォン、子供（7歳以上～12歳以下）500ウォンで、6歳以下の子供は無料です。真珠市民は入場料の50％減の恩恵を受けることができます。詳細割引の対象はホームページでご確認ください。"
도쿄 사이타마 철도박물관,東京埼玉鉄道博物館
경기도 의왕시 철도박물관로 142,京畿道義王市鉄道博物館142
"[요금]
예매 요금
일반: 1,600엔 / 초중고생: 600엔 / 유아(3세 이상 미취학 아동): 300엔
당일 요금
일반: 1,500엔 / 초중고생: 500엔 / 유아(3세 이상 미취학 아동): 200엔
[프로그램]
미니 운전 열차 - 내용: 미니열차 운전 / 요금: 600엔 / 연령: 운전은 초등학생 이상
미니 하야부사호 - 내용: 미니전차 승차 / 요금: 200엔(1인) / 연령: 미취학 아동 1인당 보호자 1인
D51 시뮬레이터 - 내용: 증기기관차 운전 시뮬 / 요금: 600엔 / 연령: 중학생 이상
차장 시뮬레이터 - 내용: 차장 업무 배우기 / 요금: 600엔 / 연령: 초등학생 이상
운전사 체험교실 - 내용: 운전사 체험 / 요금: 600엔 / 연령: 초등학생 이상(미취학 아동은 견학만 가능)
E5 시뮬레이터 - 내용: 고속 운전 체험 / 요금: 600엔 / 연령: 초등학생 이상
프로그램별 운영 시간 및 접수 방법이 상이하니 자세한 내용은 앱을 통해 확인해 주세요.
[이용안내]
마지막 입장: 16시 30분","[料金]
前売り料金
一般：1,600円／小中高生：600円／幼児（3歳以上未就学児）：300円
当日料金
一般：1,500円／小中高生：500円／幼児（3歳以上未就学児）：200円
[プログラム]
ミニ運転列車 - 内容：ミニ列車運転 / 料金：600円 / 年齢：運転は小学生以上
ミニハヤブサホ - 内容：ミニ戦車乗車 / 料金：200円（1人） / 年齢：未就学児1人あたり保護者1人
D51シミュレータ - 内容：蒸気機関車運転シミュレーション/料金：600円/年齢：中学生以上
車長シミュレータ - 内容：車長業務学習 / 料金：600円 / 年齢：小学生以上
運転手体験教室 - 内容：運転手体験 / 料金：600円 / 年齢：小学生以上（未就学児は見学のみ可能）
E5シミュレータ - 内容：高速運転体験 / 料金：600円 / 年齢：小学生以上
プログラム別の運営時間と受付方法が異なりますので、詳しくはアプリでご確認ください。
[利用案内]
最終入場：16時30分"
청도소싸움미디어체험관,青島ソーファイトメディア体験館
경북 청도군 화양읍 남성현로 346,慶北青島郡華陽邑メンヒョンロ346
"[관람료]
일반(만 18세 이상): 3,000원
어린이,청소년(만 3세~ 18세): 2,000원
청도 군민 50%할인
만 3세 이하 무료 입장
[시설]
1F: 소와 만나다(미디어 아트), 소와 농사짓기, 소싸움에 빠지다(영상 공간), 싸움소의 특징(소모형 맵핑 영상 공간), 포토존, 휴게실
2F: 미디어체험관, 싸움소 명예의 전당(포토존), 놀이방, 색칠하기 존, 로데오 체험, 영상휴게실
1F에서 상영하는 영상(약 7분 상영)은 30분 간격으로 상영
놀이방: 7세 이하 이용가능 / 제한 시간 1시간","【観覧料】
一般（満18歳以上）：3,000ウォン
子供・青少年（満3歳～18歳）：2,000ウォン
青島郡民の50％割引
満3歳以下無料入場
[施設]
1F：牛と出会う（メディアアート）、牛と農作物、牛の戦いに陥る（映像空間）、戦いの特徴（消耗型マッピング映像空間）、フォトゾーン、休憩室
2F：メディア体験館、戦闘所名誉の殿堂（フォトゾーン）、プレイルーム、ぬり絵ゾーン、ロデオ体験、映像休憩室
1Fで上映する映像（約7分上映）は30分間隔で上映
プレイルーム：7歳以下利用可能/制限時間1時間"
전곡선사박물관,全谷先史博物館
경기도 연천군 전곡읍 평화로443번길 2 전곡선사박물관,京畿道延川郡全谷邑平和路443番ギル2全谷先史博物館
"[요금]
입장료 - 무료
[이용안내]
입장 마감 시간 - 17:30
휴관일 - 매주 월요일(월요일이 공휴일인 경우 제외), 1월1일, 설·추석 당일
[시설]
B1: 매표소, 안내데스크, 자율보관소, 기획전시실, 다목적강당(3D영상실), 화장실
1F: 안내데스크, 뮤지엄샵, 카페, 상설전시실, 고고학 체험실, 교육실&회의실, 화장실","[料金]
入場料 - 無料
[利用案内]
入場締切時間 - 17:30
休館日 - 毎週月曜日（月曜日が祝日の場合を除く）、1月1日、雪・秋夕当日
[施設]
B1：切符売り場、案内デスク、自律保管所、企画展示室、多目的講堂（3D映像室）、トイレ
1F：案内デスク、ミュージアムショップ、カフェ、常設展示室、考古学体験室、教育室＆会議室、トイレ"
"전곡선사박물관의 입장료와 주차비는 모두 무료입니다. 정규 전시 관람은 별도의 예약이 필요하지 않으며 자유롭게 입장할 수 있습니다. 단, 일부 교육/체험 프로그램은 ggc멤버스(경기문화재단 예약 플랫폼)를 통해 사전 예약이 필요하며, 당일 공석이 있을 경우 2층 안내데스크에서 현장 접수도 가능합니다.",全曲船史博物館の入場料と駐車料金はすべて無料です。通常の展示会は別途予約が不要で、自由に入場できます。ただし、一部の教育/体験プログラムはggcメンバーズ（京畿文化財団予約プラットフォーム）を通じて事前予約が必要で、当日空席がある場合は2階案内デスクで現場受付も可能です。
국악박물관,国楽博物館
서울특별시 서초구 남부순환로 2364 국립국악원,ソウル特別市瑞草区南部循環路2364国立国楽院
"[요금]
무료
[이용안내]
입장 마감 시간: 17:30
[시설]
국악뜰(1F), 악기실 및 소리품(2F), 문헌실(2F), 아카이브실(2F), 명인실(2F), 체험실(2F), 야외체험장(민속놀이, 사물놀이)
[전시해설 프로그램]
기간: 2022.04.01~2022.12.31
시간: 매주 토요일 13시 30분, 15시 30분 (2회)
매달 첫째날, 다음 달 전시해설프로그램 예약창 오픈
[몰입형 영상 체험 진연]
상영 시간: 10:00~18:00 (10시 반부터 매 시간 30분에 영상 시작)
미디어 가이드: 안내데스크 문의 및 접수 후 사용가능","[料金]
無料
[利用案内]
入場締切時間：17:30
[施設]
国楽園(1F)、楽器室及び音響品(2F)、文献室(2F)、アーカイブ室(2F)、名人室(2F)、体験室(2F)、野外体験場(民俗遊び、物事遊び)
【展示解説プログラム】
期間：2022.04.01～2022.12.31
時間：毎週土曜日13時30分、15時30分（2回）
毎月初日、来月展示解説プログラム予約窓口オープン
【没入型映像体験進展】
上映時間：10:00～18:00（10時半から毎時間30分で映像開始）
メディアガイド：ガイドデスクへのお問い合わせと受付後に利用可能"
"국악박물관은 입장료가 무료이며, 일반 관람은 예약 없이 이용할 수 있습니다. 다만 전시해설 프로그램과 같은 특별 활동은 국립국악원 홈페이지에서 예약 후 참여하실 수 있습니다.",国楽博物館は入場料が無料で、一般観覧は予約なしで利用できます。ただし、展示解説プログラムなどの特別活動は、国立国楽院ホームページで予約後に参加することができます。
꿀벌나라테마공원,ミツバチの国のテーマパーク
경북 칠곡군 석적읍 강변대로 1580-1,慶北チルゴク郡石積邑江辺路1580-1
"[요금]
관람료: 무료
꿀비누 체험: 5,000원
꿀뜨기 체험: 7,000원
비즈시트초 체험: 5,000원
자세한 체험 내용은 첨부된 이미지를 참고하세요.
[이용안내]
하절기(3월~10월): 09:00~18:00 (입장마감 17시)
동절기(11월~2월): 09:00~17:00 (입장마감 16시)
휴관일: 매주 월요일 (월요일이 공휴일인 경우 운영, 다음날 휴관), 1월 1일, 설날 및 추석 당일","[料金]
観覧料：無料
蜂蜜石鹸体験：5,000ウォン
蜂蜜体験：7,000ウォン
ビーズシート超体験：5,000ウォン
詳しくは添付画像をご覧ください。
[利用案内]
夏季（3月～10月）：09:00～18:00（入場締切17時）
冬季（11月～2月）：09:00～17:00（入場締切16時）
休館日：毎週月曜日（月曜日が祝日の場合は運営、翌日休館）、1月1日、旧正月、秋夕当日"
"꿀벌나라테마공원의 입장 및 관람은 무료입니다. 단, 꿀비누 체험(5,000원), 꿀뜨기 체험(7,000원), 비즈시트초 체험(5,000원) 등 유료 체험 프로그램은 별도의 참가비가 발생합니다. 자세한 내용과 프로그램 운영 시간은 홈페이지를 참고해 주세요.","ミツバチの国のテーマパークの入場と観覧は無料です。ただし、蜂蜜石鹸体験（5,000ウォン）、蜂蜜浮遊体験（7,000ウォン）、ビーズシート超体験（5,000ウォン）など有料体験プログラムは別途参加費が発生します。詳細とプログラム運営時間はホームページをご覧ください。"
섬진강수달생태공원트리타워전망대,島津川カワウソ生態公園ツリータワー展望台
전남 구례군 간전면 간전중앙로 49,全羅南道九州郡間田面間田中央路49
"[요금]
24년 4월 기준: 무료 (추후 유료화 예정)
[이용안내]
수달전시관 입장마감: 17:30","[料金]
24年4月基準：無料（今後有料化予定）
[利用案内]
カワウソ展示館入場締め切り：17:30"
2024년 4월 기준으로 트리타워전망대와 섬진강수달생태공원 모두 입장료와 주차비가 무료입니다. 다만 추후 유료로 전환될 수 있으니 공식 안내를 방문 전에 꼭 확인해 주세요.,2024年4月基準で、トリタワー展望台と島津江水達生態公園の両方で入場料と駐車料金が無料です。ただし、今後有料に切り替えられる場合がありますので、公式案内を訪問前に必ずご確認ください。
국립낙동강생물자원관,国立洛東江生物資源館
경북 상주시 도남2길 137,慶北上州市道南2ギル137
"<정기휴관일>
매주 월요일, 1월1일,설날·추석 전일 및 당일, 자원관 설립일(6/3)
월요일이 공휴일인 경우 그 다음 평일
<입장료>
대인(만 19세~64세) 3,000원 / 청소년(만 13세~18세) 2,000원 / 소인(만 5세~12세) 2,000원
야외시설만 이용 시에도 관람요금 부과됩니다.
무료: 만 4세 이하, 만 65세 이상, 장애인, 국가/독립유공자, 민주유공자 및 자녀, 상주시 도남동 주민, 국립낙동강생물자원관 회원
할인: 상주시민 50% 할인 / 다자녀 가정 50% 할인(자녀 3명 모두 미성년의 경우에 한함) / 그린카드 소지자 본인에 한하여 30% 할인 / 유관기관 방문 입장권 할인(상주승마장, 상무박물관, 자전거 박물관)
전시시청각실(4D) 1,000원 / 보호자와 합석인 36개월 미만의 영유아 무료
VR체험 1,000원 / 키 110cm 이하 어린이는 탑승 제한
<프로그램>
음성안내기(신분증, 연락처 남긴 후 무료 대여): 전시물에 부착된 번호를 음성안내기에 입력하면 해당 전시물의 해설을 들을 수 있습니다.
전시 해설 프로그램: 현장 접수, 홈페이지 통합예약시스템 예약 둘 다 가능 (10:00, 13:00, 15:00 상설 전시 해설, 40분 / 11:00, 14:00, 16:00 테마 전시 해설, 20분)
입체영상관람(4D, 전시시청각실): 현장예매만 가능 (09:50, 10:20, 10:50, 12:10, 12:40, 14:00, 14:30, 15:00, 16:00, 16:30, 17:00 각 20분씩 진행)
VR체험(미생물체험관): 전시시청각실 앞 무인발권기를 통한 현장예약 (10:00, 10:30, 11:10, 11:40, 13:20, 13:50, 14:20, 14:50, 15:20, 15:50, 16:20, 16:50 각 10분씩 진행, 키 110cm 이하 탑승 제한)
<편의시설>
푸드코트: 차돌된장찌개 8,000원 / 순두부찌개 8,000원 / 돈까스 정식 10,000원
수유실 및 의무실: 휠체어, 유모차 대여 가능
물품보관함
카페: 아메리카노 3,500원 / 아이스티 3,500원 / 에이드(레몬, 자몽) 4,200원 / 라떼(초코, 녹차, 곡물) 4,200원 / 스무디(플레인요거트, 블루베리요거트) 5,300원
편의점 및 기념품점","＜定休日＞
毎週月曜日、1月1日、旧正月・秋夕前日及び当日、資源館設立日（6/3）
月曜日が祝日の場合、翌平日
＜入場料＞
大人(満19歳～64歳) 3,000ウォン/青少年(満13歳～18歳) 2,000ウォン/小人(満5歳～12歳) 2,000ウォン
屋外施設のみ利用時にも観覧料金がかかります。
無料：満4歳以下、満65歳以上、障害者、国家/独立有功者、民主有功者および子ども、常州市道南洞住民、国立洛東江生物資源館会員
割引：常住市民50％割引/多子家庭50％割引（子ども3人とも未成年の場合に限る）/グリーンカード所持者本人に限り30％割引
展示視聴覚室（4D）1,000ウォン/保護者と合席の36ヶ月未満の乳幼児無料
VR体験1,000ウォン/身長110cm以下のお子様は搭乗制限
<プログラム>
音声案内機（身分証明書、連絡先を残した後の無料レンタル）：展示物に添付された番号を音声案内機に入力すると、その展示物の解説を聞くことができます。
展示解説プログラム: 現場受付、ホームページ統合予約システム予約の両方が可能
立体映像観覧（4D、展示視聴覚室）：現場前売りのみ可
VR体験（微生物体験館）：展示視聴覚室前の無人発券機による現場予約10分ずつ進行、身長110cm以下搭乗制限）
＜便利施設＞
フードコート：茶ドル味噌チゲ8,000ウォン/スンドゥブチゲ8,000ウォン/トンカツ正式10,000ウォン
授乳室と義務室：車椅子、ベビーカーのレンタル
物品保管箱
カフェ：アメリカーノ3,500ウォン/アイスティ3,500ウォン/エイド（レモン、グレープフルーツ）4,200ウォン/ラテ（チョコ、緑茶、穀物）4,200ウォン/スムージー（プレーンヨーグルト、ブルーベリーヨーグルト）5,300ウォン
コンビニやお土産店"
"운영시간은 화~일요일 09:30~17:30입니다(입장마감 17:00). 매주 월요일, 1월 1일, 설날 및 추석 전·당일, 6월 3일(설립일)은 휴관이며, 월요일이 공휴일인 경우 그 다음 평일이 휴관입니다. 입장료는 대인 3,000원, 청소년/소인 2,000원이며, 만 4세 이하, 만 65세 이상, 장애인 등은 무료입니다. 상주시민, 다자녀 가정 등은 할인 혜택이 있습니다. VR체험, 4D영상 등은 별도 요금(각 1,000원)이 있습니다.","営業時間は火～日曜日09:30～17:30です（入場締切17:00）。毎週月曜日、1月1日、旧正月及び秋夕前・当日、6月3日（設立日）は休館であり、月曜日が祝日の場合、次の平日が休館となります。入場料は大人3,000ウォン、青少年/小人2,000ウォンで、満4歳以下、満65歳以上、障害者等は無料です。常駐市民、多子家庭などには割引があります。 VR体験、4D映像などは別途料金（各1,000ウォン）があります。"
해군항공사령부 항공역사관,海軍航空司令部航空歴史館
경북 포항시 남구 동해안로 5947,慶北浦項市南区東海岸5947
"입장료와 주차 요금 모두 무료입니다. 관람 시 입구에서 방명록에 날짜, 이름, 방문 인원을 작성한 후 입장하실 수 있습니다. 건물 뒤편에 약 10대 정도 주차 가능한 전용 주차장이 마련되어 있어 이용이 편리합니다.",入場料と駐車料金の両方が無料です。観覧時に入口からゲストブックに日付、名前、訪問人数を作成した後に入場できます。建物の裏側に約10台ほど駐車可能な専用駐車場があり、利用が便利です。
명지산생태전시관,明治山生態展示館
경기도 가평군 북면 가화로 2089-42 가평군생태탐방학습원,京畿道加平郡北面加和路2089-42加平郡生態探訪学習院
"<운영 안내>
12:00~13:00 휴게시간
공휴일은 휴무
<요금>
무료관람
<프로그램>
생태전시관 체험 (약 30분) - 개구리, 도롱뇽, 맹꽁이를 부탁해 / 알쏭달쏭 동물여행 / 나무와 함께 사는 친구들 등
3D 영상체험 (각 20분) - 마야2, 미니자이언트
자연놀이 및 숲 해설 (약 40분)
동물관찰학습장 (토끼, 닭 농장)","＜運営案内＞
12:00～13:00 休憩時間
祝日は休業
<料金>
無料観覧
<プログラム>
生態展示館体験（約30分） - カエル、サンショウウオ、盲をお願いします。
3D映像体験（各20分） - マヤ2、ミニジャイアント
自然遊びと森解説（約40分）
動物観察学習場（ウサギ、鶏農場）"
"명지산생태전시관은 입장료가 무료이며, 전시관 앞에 주차장이 마련되어 있습니다. 운영시간은 매일 09:00~18:00이며, 12:00~13:00에는 휴게시간입니다. 공휴일은 휴무이니 방문 전 참고해주세요.",明治山生態展示館は入場料が無料で、展示館の前に駐車場があります。営業時間は毎日09:00～18:00で、12:00～13:00には休憩時間です。祝日は休みなので、訪問前に参考にしてください。
경기북부어린이박물관,京畿北部子供博物館
경기도 동두천시 평화로2910번길 46 경기북부어린이박물관,京畿道東豆川市平和路2910番ギル46京畿北部子供博物館
"[요금]
개인: 4,000원
12개월 미만: 무료
경기도민(배우자+자녀까지): 2,000원
경기도 공무원(동반 3명까지): 2,000원
SOFA 협정에 의한 군인(배우자+자녀까지): 2,000원
인증 서류 필요, 기타 자세한 할인 정책은 홈페이지를 참고하세요.
[이용안내]
관람
1회차 10:00~12:00
2회차 13:00~15:00
3회차 15:30~17:30
클라이머존
1회차 10:10~10:30, 11:10~11:30
2회차 13:10~13:30, 14:10~14:30
3회차 15:40~16:00, 16:40~17:00","[料金]
個人：4,000ウォン
12ヶ月未満：無料
京畿道民（配偶者+子供まで）：2,000ウォン
京畿道公務員（同伴3人まで）：2,000ウォン
SOFA協定による兵士（配偶者+子供まで）：2,000ウォン
認証書類が必要、その他の詳細割引方針はホームページをご覧ください。
[利用案内]
観覧
1回目 10:00～12:00
2回目 13:00～15:00
3回目 15:30～17:30
クライマーゾーン
1回目 10:10～10:30、11:10～11:30
2回目 13:10～13:30、14:10～14:30
3回目 15:40～16:00、16:40～17:00"
"관람은 1회차(10:00~12:00), 2회차(13:00~15:00), 3회차(15:30~17:30)로 나뉘어 진행됩니다. 클라이머존은 각 회차별로 2번(예: 1회차 10:10~10:30, 11:10~11:30 등) 선착순으로 운영되며, 각 체험존별 운영 시간과 참여 인원은 현장 및 홈페이지 안내를 참고해 주세요.",観覧は1回目（10:00～12:00）、2回目（13:00～15:00）、3回目（15:30～17:30）に分かれて行われます。クライマーゾーンは各回差別に2回（例：1回目10:10～10:30、11:10～11:30など）先着順で運営され、各体験ゾーン別運営時間と参加人数は現場及びホームページ案内をご参照ください。
"입장료는 개인 4,000원, 12개월 미만 영아는 무료입니다. 경기도민(배우자 및 자녀 포함), 경기도 공무원(동반 3인까지), SOFA 협정에 의한 군인(배우자 및 자녀 포함)은 관련 증빙서류를 지참할 경우 2,000원 할인 혜택이 적용됩니다. 기타 세부 할인 정책은 홈페이지에서 확인할 수 있습니다. 입장권을 보여줄 경우 박물관 주차장을 무료로 이용할 수 있으니 입장권은 반드시 소지해 주세요.","入場料は個人4,000ウォン、12ヶ月未満の幼児は無料です。京畿道民（配偶者および子供を含む）、京畿道公務員（同伴3人まで）、SOFA協定による兵士（配偶者および子供を含む）は、関連する証拠書類を持参する場合、2,000ウォン割引が適用されます。その他の詳細割引ポリシーはホームページで確認できます。入場券を見せる場合は、博物館駐車場を無料で利用できますので、入場券は必ずお持ちください。"
이천 농업테마공원,利川農業テーマ公園
경기도 이천시 모가면 공원로 48,京畿道利川市モガミョン公園路48
"[시설]
이천농업케마쌀문화박물관 / 이천농업테마펜션 / 농식품홍보관 및 카페 / 이천농업테마공원 안내소 (숙박 안내소, 체크인 장소) / 야외 캠핑 시설 (샤워장, 화장실, 식기세척장) / 한옥체험장 / 놀이터 및 소동물원 / 다랭이논(계단식논) / 바베큐존, 유아숲체험원(숲놀이터) / 목재체험관
[요금 및 이용시간]
입장료: 무료
캠핑데크(기준 4인, 최대 6인)
입실 14시, 퇴실 12시
주중 10,000원 / 주말 20,000원 (비수기)
주중 20,000원 / 주말 20,000원 (성수기)
추가인원 요금 : 어린이 5,000원 / 청소년,성인 10,000원
캠핑 데크 앞에 파라솔이 있는 테이블과 의자 구비
이동식 캐빈하우스(기준 4인, 최대 4인)
주중 90,000원 / 주말 110,000원 (비수기)
주중 110,000원 / 주말 110,000원 (성수기)
[숙박 시설]
입실: 14시 퇴실: 11시
쌀체험촌 (기준 6인, 최대 9인)
주중 100,000원 / 주말 120,000원 (비수기)
주중 120,000원 / 주말 120,000원 (성수기)
숲체험촌 (기준 4인, 최대 6인)
주중 80,000원 / 주말 100,000원 (비수기)
주중 100,000원 / 주말 100,000원 (성수기)
냉장고, 전자레인지, 인덕션, 음식물쓰레기통, 일반쓰레기통, 식기류, 조리도구, 전기밥솥, 샤워용품, TV, 세면대, 주방세제
[운영시간]
카페: 09:00 – 18:00
물놀이장 : 10:00 – 16:30 (2022 기준 영업 종료)
공원: 월요일 휴무
샤워장: 08:00 - 11:00 / 17:00 - 21:00
[쌀문화전시관 체험 프로그램]
수세미미스트: 3,000원 / 4세 이상 가능 / 1시간 소요
조롱박에 그리기: 3,000원 / 4세 이상 가능 / 1시간 소요
자연친화적 3D퍼즐: 6,000-20,000 (동물에 따라 상이) / 4세 이상 가능 / 1시간 소요
이천쌀도정하기: 6,000원 / 4세 이상 가능 / 30분 소요 (체험후 쌀 2kg 가져갈 수 있음)
동물먹이주기: 1,000원 / 3세 이상 가능 / 30분 소요
연만들기: 4,000원 / 4세 이상 가능 / 1시간 소요
탁본체험: 1,000원/ 3세 이상 가능 / 40분 소요","[施設]
利川農業ケマライス文化博物館 / 利川農業テーマペンション / 農食品広報館＆カフェ / 利川農業テーマ公園案内所（宿泊案内所、チェックイン場所）幼児森体験院（森遊び場）／木材体験館
【料金及び利用時間】
入場料：無料
キャンプデッキ（基準4名、最大6名）
入室14時、退室12時
平日10,000ウォン/週末20,000ウォン（オフシーズン）
平日20,000ウォン/週末20,000ウォン（ピークシーズン）
追加人数料金：子供5,000ウォン/青少年、大人10,000ウォン
キャンプデッキの前にパラソルのあるテーブルと椅子
移動式キャビンハウス（基準4名、最大4名）
平日90,000ウォン/週末110,000ウォン（オフシーズン）
平日110,000ウォン/週末110,000ウォン（ピークシーズン）
【宿泊施設】
入室：14時 退室：11時
米体験村（基準6人、最大9人）
平日100,000ウォン/週末120,000ウォン（オフシーズン）
平日120,000ウォン/週末120,000ウォン（ピークシーズン）
森体験村（基準4人、最大6人）
平日80,000ウォン/週末100,000ウォン（オフシーズン）
平日100,000ウォン/週末100,000ウォン（ピークシーズン）
冷蔵庫、電子レンジ、インダクション、食品ゴミ箱、一般ゴミ箱、食器類、調理器具、電気炊飯器、シャワー、テレビ、洗面台、キッチン洗剤
[運営時間]
カフェ: 09:00 – 18:00
水遊び場：10:00 – 16:30（2022基準営業終了）
公園：月曜日は休業
シャワー：08:00 - 11:00 / 17:00 - 21:00
【米文化展示館体験プログラム】
スセミミスト：3,000ウォン/ 4歳以上可能 / 1時間かかります
ひょうたんに描く：3,000ウォン/ 4歳以上可能 / 1時間かかります
ナチュラルフレンドリーな3Dパズル：6,000-20,000（動物によって異なります）/ 4歳以上可能/ 1時間かかります
利川米を決める：6,000ウォン/ 4歳以上可能 / 30分かかります（体験後米2kg持って行ける）
動物給餌サイクル：1,000ウォン/ 3歳以上可能 / 30分かかります
年産: 4,000ウォン / 4歳以上可能 / 1時間かかります
卓本体験：1,000ウォン/ 3歳以上可能 / 40分かかります"
월요일정기휴무화요일09:30 ~ 18:30수요일09:30 ~ 18:30목요일09:30 ~ 18:30금요일09:30 ~ 18:30토요일09:30 ~ 18:30일요일09:30 ~ 18:30,月曜日定休 火曜日09:30～18:30水曜日09:30～18:30木曜日09:30～18:30金曜日09:30～18:30土曜日09:30～18:30日曜日09:30～18:30
이천 농업테마공원은 입장료가 무료입니다. 주차장도 마련되어 있어 무료로 이용하실 수 있습니다.,利川農業テーマ公園は入場料が無料です。駐車場もあり、無料で利用できます。
코버월드,コーバーワールド
경기도 포천시 군내면 청성로 72,京畿道浦川市郡内面清城路72
"<요금>
일반(개인) 6,000원
단체(20명 이상) 5,000원
장애인, 국가유공자 20% 할인
5세 이하 무료 입장
<이용 안내>
도슨트 운영안내: 11:00/ 14:00 일일 2회 운영 (도슨트 약 30분 소요)
※월요일은 도슨트 운영하지 않습니다.
박물관 체험시설: 소원상자, 위폐검사기, 전자현미경 화폐관찰하기, 화폐퍼즐맞추기, 중남미 등 다문화 의상체험, 나만의 화폐 사진찍기, 다문화 악기체험, 동전의 측면(엣지)관찰대 등
코버월드 방문기념품 구매가능
화폐퍼즐, 핀버튼, 기념 머그컵, 화폐수집관련 소품 (앨범,홀더,수집 공구함 등)","<料金>
一般（個人）6,000ウォン
団体（20名以上）5,000ウォン
障害者、国家有功者の20％割引
5歳以下無料入場
＜利用案内＞
ドーセント運営案内：11:00 / 14:00 1日2回運営（ドーセント約30分かかります）
※月曜日はドーセント運営しません。
博物館体験施設：願い箱、胃肺検査機、電子顕微鏡貨幣観察、貨幣パズルフィット、中南米など多文化衣装体験、自分だけの貨幣写真撮り、多文化楽器体験、硬貨の側面（エッジ）観察台など
コーバーワールド訪問記念品購入可能
貨幣パズル、ピンボタン、記念マグカップ、貨幣収集関連小物（アルバム、ホルダー、収集工具箱など）"
월요일10:00 ~ 17:30화요일10:00 ~ 17:30수요일10:00 ~ 17:30목요일10:00 ~ 17:30금요일10:00 ~ 17:30토요일10:00 ~ 17:30일요일정기휴무,月曜日10:00〜17:30火曜日10:00〜17:30水曜日10:00〜17:30木曜日10:00〜17:30金曜日10:00〜17:30土曜日10:00〜17:30日曜日定休
"코버월드는 월요일부터 토요일까지 오전 10시부터 오후 5시 30분까지 운영하며, 일요일은 정기휴무입니다. 입장료는 개인 기준 6,000원, 단체(20명 이상) 5,000원이며, 장애인 및 국가유공자는 20% 할인이 적용됩니다. 5세 이하 어린이는 무료 입장이 가능합니다.","コーバーワールドは月曜日から土曜日まで午前10時から午後5時30分まで運営し、日曜日は定休です。入場料は個人基準6,000ウォン、団体（20人以上）5,000ウォンで、障害者および国家有功者は20％割引が適用されます。 5歳以下のお子様は無料入場が可能です。"
파주공룡박물관,坡州恐竜博物館
경기도 파주시 탄현면 헤이리마을길 93-83,京畿道坡州市泰賢面平里村93-83
"매표 및 입장 마감 17시
월요일이 공휴일일 경우 화요일 휴관
<요금>
24개월 미만 무료
대인/소인 7,000원 (네이버 예매 시 6,500원)
<유의사항>
자전거, 휠리스 운동화, 인라인 착용하고 입장 불가
음식물 반입 및 애완동물 출입 금지","チケットと入場締切17時
月曜日が祝日の場合、火曜日の休館
<料金>
24ヶ月未満無料
大人/小人7,000ウォン（ネイバー前売り時6,500ウォン）
＜注意事項＞
自転車、ホイールレススニーカー、インライン着用、入場不可
食べ物の持ち込みとペットの出入り禁止"
월요일정기 휴무화요일10:30 ~ 18:00수요일10:30 ~ 18:00목요일10:30 ~ 18:00금요일10:30 ~ 18:00토요일10:30 ~ 18:00일요일10:30 ~ 18:00,月曜日定期休業火曜日10:30～18:00水曜日10:30～18:00木曜日10:30～18:00金曜日10:30～18:00土曜日10:30～18:00日曜日10:30～18:00
"입장료는 대인/소인 7,000원이며, 네이버 예매 시 6,500원입니다. 24개월 미만 영유아는 무료로 입장할 수 있습니다. 운영시간은 화요일~일요일 10:30~18:00(입장 및 매표 마감은 17:00)입니다. 월요일은 정기 휴무이며, 월요일이 공휴일인 경우에는 화요일이 휴관입니다.","入場料は大人/小人7,000ウォンで、ネイバー前売り時6,500ウォンです。 24ヶ月未満の乳幼児は無料で入場できます。営業時間は火曜日～日曜日10:30～18:00（入場および切手締切は17:00）です。月曜日は定休です。月曜日が祝日の場合は、火曜日は休館です。"
구미 에코랜드,欧米エコランド
제주특별자치도 제주시 조천읍 번영로 1278-169,済州特別自治道済州市チョチョン邑繁栄路1278-169
"<운영시간>
하절기(3월~10월) 09:00~17:00
동절기(11월~2월) 09:00~16:00
휴게시간 11:50~12:50
월요일이 공휴일일 경우 정상 운영 후 익일(화요일) 휴관
모노레일운영시간표
하절기(3~10월): 09:00~17:00 (5분 간격)
동절기(11~2월): 09:00~16:00 (5분 간격)
11:40 오전 운행 마감
목공예체험프로그램 운영시간
평일(화~금요일) : 4회(10:00, 11:30, 14:00, 15:30)
휴일(토~일요일, 공휴일) : 4회(10:00, 11:30, 14:00, 15:30)
숲체험 프로그램 운영시간 (숲해설)
<체험프로그램>
모노레일
목공예체험프로그램 (단순작업, 공구이용작업)
숲체험 프로그램 (숲 해설)
<요금>
어른(19세~64세) 6,000원
어린이(3세~18세), 어른(65세 이상) 4,000원
구미시민 50% 할인
생태탐방 모노레일 이용료
청소년, 어린이(3세~18세) / 어르신(65세 이상) 4,000원
36개월 미만 무료(아이 안고 탑승했을 경우 적용)
목공예체험프로그램 체험료
단순작업(소품): 어린이, 청소년 (3세~18세), 어르신(65세 이상) 2,000원 / 성인(19세~64세) 3,000원
공구이용작업(중품): 어린이, 청소년 (3세~18세), 어르신(65세 이상) 4,000원 / 성인(19세~64세) 5,000원
숲체험 프로그램 체험료
어린이, 청소년 (3세~18세), 어르신(65세 이상) 2,000원
성인(19~64세) 3,000원
재료비 별도
<시설 안내>
구미시산림문화관
생태탐방 모노레일 (총 운행시간 약 30분)
산동참생태숲
자생식물단지
<문의>
모노레일: 054-480-5899 (매표소)
목공예 및 숲해설: 054-480-5898 (안내데스크)","＜運営時間＞
夏季（3月～10月） 09:00～17:00
冬季（11月～2月） 09:00～16:00
休憩時間 11:50～12:50
月曜日が祝日の場合、通常営業後翌日（火曜日）休館
モノレール運営時刻表
夏季（3～10月）：09:00～17:00（5分間隔）
冬季（11～2月）：09:00～16:00（5分間隔）
11:40 午前運行締切
木工芸体験プログラム運営時間
平日（火～金曜日）：4回（10:00、11:30、14:00、15:30）
休日（土～日曜日、祝日）：4回（10:00、11:30、14:00、15:30）
森体験プログラム運営時間（森解説）
＜体験プログラム＞
モノレール
木工芸体験プログラム（単純作業、工具利用作業）
森体験プログラム（森解説）
<料金>
大人（19歳～64歳）6,000ウォン
子供（3歳～18歳）、大人（65歳以上）4,000ウォン
欧米市民の50％割引
生態探訪モノレール利用料
青少年、子供（3歳～18歳）/大人（65歳以上）4,000ウォン
36ヶ月未満無料（子どもが抱えて搭乗した場合適用）
木工芸体験プログラム体験料
単純作業（小物）：子供、青少年（3歳～18歳）、大人（65歳以上）2,000ウォン/大人（19歳～64歳）3,000ウォン
工具利用作業（中品）：子供、青少年（3歳～18歳）、大人（65歳以上）4,000ウォン/大人（19歳～64歳）5,000ウォン
森体験プログラム体験料
子供、青少年（3歳～18歳）、大人（65歳以上）2,000ウォン
大人(19～64歳) 3,000ウォン
材料費別途
＜施設案内＞
亀尾山林文化館
生態探訪モノレール（総運行時間約30分）
山東真生態森
自生植物団地
<お問い合わせ>
モノレール：054-480-5899（チケット売り場）
木工芸および森解説：054-480-5898（案内デスク）"
월요일정기 휴무화요일09:00 ~ 17:00수요일09:00 ~ 17:00목요일09:00 ~ 17:00금요일09:00 ~ 17:00토요일09:00 ~ 17:00일요일09:00 ~ 17:00,月曜日定期休業火曜日09:00～17:00水曜日09:00～17:00木曜日09:00～17:00金曜日09:00～17:00土曜日09:00～17:00日曜日09:00～17:00
"구미 에코랜드의 운영시간은 하절기(3~10월) 오전 9시~오후 5시, 동절기(11~2월) 오전 9시~오후 4시입니다(휴게시간 11:50~12:50). 매주 월요일은 휴무이며, 월요일이 공휴일인 경우 정상 운영 후 익일(화요일) 휴관입니다. 입장료는 무료이며, 모노레일·목공예·숲체험 등의 체험 프로그램은 별도 요금이 있습니다. 모노레일과 목공예, 숲체험 프로그램 요금은 어른 6,000원/어린이, 청소년, 어르신 4,000원 등 세부 금액이 다르며, 구미시민은 50% 할인 적용됩니다. 36개월 미만 영아는 모노레일 이용 시 무료입니다.","欧米エコランドの運営時間は夏季（3～10月）午前9時～午後5時、冬季（11～2月）午前9時～午後4時です（休憩時間11:50～12:50）。毎週月曜日は休業であり、月曜日が祝日の場合、通常運営後の翌日（火曜日）休館です。入場料は無料で、モノレール・木工芸・森体験などの体験プログラムは別途料金があります。モノレールと木工芸、森体験プログラム料金は大人6,000ウォン/子供、青少年、大人4,000ウォンなど細部金額が異なり、欧米市民は50％割引適用されます。 36ヶ月未満の幼児は、モノレールを利用する場合は無料です。"
김천녹색미래과학관,キムチョングリーン未来科学館
경북 김천시 혁신6로 31,慶北金川市イノベーション6路31
"<상설전시관>
초등학생: 1,500원
청소년, 군인: 2,000원
어른: 3,000원
6세 이하 유아 무료
<4D 풀돔영상관>
초등학생 및 미취학아동: 1,000원
청소년, 군인: 1,500원
어른: 2,000원
5세 미만, 키 100cm 미만 이용 불가
17시 마지막 매표","＜常設展示館＞
小学生：1,500ウォン
青少年、兵士：2,000ウォン
大人：3,000ウォン
6歳以下幼児無料
<4Dフルドーム映像館>
小学生と未就学児：1,000ウォン
青少年、兵士：1,500ウォン
大人：2,000ウォン
5歳未満、身長100cm未満のご利用不可
17時最後の切符"
"상설전시관 입장료는 어른 3,000원, 청소년 및 군인 2,000원, 초등학생 1,500원입니다. 6세 이하 유아는 무료로 입장할 수 있습니다. 4D 풀돔영상관은 어른 2,000원, 청소년 및 군인 1,500원, 초등학생 및 미취학아동 1,000원입니다. 단, 5세 미만 또는 키 100cm 미만 어린이는 4D 풀돔영상관 이용이 불가합니다.","常設展示館入場料は大人3,000ウォン、青少年及び兵士2,000ウォン、小学生1,500ウォンです。 6歳以下の幼児は無料で入場できます。 4Dフルドーム映像館は大人2,000ウォン、青少年および兵士1,500ウォン、小学生および未就学児1,000ウォンです。ただし、5歳未満または身長100cm未満のお子様は4Dフルドーム映像館のご利用ができません。"
대구녹색학습원,大邱グリーン学習院
대구광역시 수성구 달구벌대로 3170 대구농업마이스터고등학교,大邱広域市水城区ダルグハルデロ3170大邱農業マイスター高校
"관람요금: 무료
휴관일: 매주 일요일, 5월 6일, 법정공휴일(단, 5월 5일은 개관)","観覧料金：無料
休館日：毎週日曜日、5月6日、法定祝日（ただし、5月5日は開館）"
월요일09:00 ~ 17:00화요일09:00 ~ 17:00수요일09:00 ~ 17:00목요일09:00 ~ 17:00금요일09:00 ~ 17:00토요일09:00 ~ 17:00일요일정기휴무,月曜日09:00～17:00火曜日09:00～17:00水曜日09:00～17:00木曜日09:00～17:00金曜日09:00～17:00土曜日09:00～17:00日曜日定休
"대구녹색학습원은 관람요금이 무료입니다. 토요일 가족 프로그램 등 일부 체험 프로그램은 사전 예약이 필요하며, 별도의 재료비가 발생할 수 있습니다.",大邱グリーン学習院は観覧料金が無料です。土曜日の家族プログラムなど一部の体験プログラムは事前予約が必要で、別途材料費が発生する場合があります。
아르떼 키즈파크 제주,アルテキッズパーク済州
제주특별자치도 제주시 애월읍 월각로 929,済州特別自治道済州市アウォル邑月閣路929
"[요금]
<평일>
어린이 2시간(12개월~13세): 25,000원
어린이 3시간(12개월~13세): 30,000원
유아 3시간(12개월 미만): 무료
보호자(중학생 이상, 성인): 12,000원
<주말, 공휴일>
어린이 2시간(12개월~13세): 30,000원
어린이 3시간(12개월~13세): 35,000원
<추가>
어린이, 유아 시간 추가: 10분당 2,000원
보호자 시간 추가: 무료","[料金]
<平日>
子供2時間（12ヶ月～13歳）：25,000ウォン
子供3時間（12ヶ月～13歳）：30,000ウォン
幼児3時間（12ヶ月未満）：無料
保護者（中学生以上、大人）：12,000ウォン
＜週末、祝日＞
子供2時間（12ヶ月～13歳）：30,000ウォン
子供3時間（12ヶ月～13歳）：35,000ウォン
<追加>
子供、幼児時間の追加：10分あたり2,000ウォン
保護者の時間を追加：無料"
월요일10:00 ~ 19:00화요일10:00 ~ 19:00수요일10:00 ~ 19:00목요일10:00 ~ 19:00금요일10:00 ~ 19:00토요일10:00 ~ 19:00일요일10:00 ~ 19:00,月曜日10:00〜19:00火曜日10:00〜19:00水曜日10:00〜19:00木曜日10:00〜19:00金曜日10:00〜19:00土曜日10:00〜19:00日曜日10:00〜19:00
KBS수원센터,KBS水原センター
경기도 수원시 팔달구 인계로 123 KBS수원방송센타,京畿道水原市팔달구 인계로 123 KBS水原放送センター
"[요금]
무료
견학 시간: 09:30, 10:30, 13:30, 14:30, 15:30 (소요시간 1시간)
주차 요금 무료","[料金]
無料
見学時間：09:30、10:30、13:30、14:30、15:30（所要時間1時間）
駐車料金無料"
KBS수원센터의 견학 프로그램과 주차장은 모두 무료로 이용할 수 있습니다.,KBS水原センターの見学プログラムと駐車場はすべて無料で利用できます。
동의참누리원 영천한의마을,同意真ヌリウォン永川漢義村
경상북도 영천시 화룡동 128,慶尚北道永川市華龍洞128
"[요금]
입장료: 무료
족욕체험: 6,000원
한방비누만들기: 10,000원
한옥체험관(한이) 사용료: 150,000원
한옥체험관(약이) 사용료: 180,000원
[이용안내]
하절기(3월~10월): 10시~18시
동절기(11월~2월): 10시~17시
종료 1시간 전까지 매표 가능
매주 월요일 정기휴무","[料金]
入場料：無料
足湯体験：6,000ウォン
漢方石鹸作り：10,000ウォン
韓屋体験館（韓井）使用料：150,000ウォン
韓屋体験館（薬）使用料：180,000ウォン
[利用案内]
夏季（3月～10月）：10時～18時
冬季（11月～2月）：10時～17時
終了1時間前までの切符可
毎週月曜日定休"
"입장료는 무료입니다. 족욕체험은 6,000원, 한방비누 만들기는 10,000원이며, 한옥체험관(한이)은 150,000원, 한옥체험관(약이)은 180,000원입니다. 각 체험 프로그램 및 숙박은 별도의 요금이 부과되므로 원하는 프로그램이나 숙박 이용 시 해당 비용을 확인해 주세요.","入場料は無料です。足湯体験は6,000ウォン、漢方石鹸作りは10,000ウォンで、韓屋体験館(韓井)は150,000ウォン、韓屋体験館(約二)は180,000ウォンです。各体験プログラム及び宿泊には別途料金がかかりますので、ご希望のプログラムや宿泊ご利用の際には、当該費用をご確認ください。"
아리수나라,アリス国
서울특별시 광진구 능동로 238 서울시민안전체험관,ソウル特別市光津区能洞路238ソウル市民安全体験館
"[요금]
입장료: 무료
[이용안내]
휴관일: 매주 월요일, 1월 1일, 설날 및 추석 연휴
이용 연령: 3세~9세
소요시간: 80분 이내
1회차 - 09:30~10:50 (60명)
2회차 - 11:00~12:20 (60명)
3회차 - 13:00~14:20 (60명)
4회차 - 14:30~15:50 (60명)
5회차 - 16:00~17:20 (60명)
예약의 경우 성인까지 포함해서 예약","[料金]
入場料：無料
[利用案内]
休館日：毎週月曜日、1月1日、旧正月、秋夕連休
利用年齢：3歳～9歳
所要時間：80分以内
1回目 - 09:30～10:50 (60人)
2回目 - 11:00～12:20 (60人)
3回目 - 13:00～14:20 (60人)
4回目 - 14:30～15:50 (60人)
5回目 - 16:00～17:20 (60人)
予約の場合、大人まで含めて予約"
"아리수나라는 입장료가 무료이며, 체험 시간은 회차별로 80분 이내에 진행됩니다. 1일 5회차(09:30~10:50, 11:00~12:20, 13:00~14:20, 14:30~15:50, 16:00~17:20)로 운영됩니다. 영업 시간은 화요일~일요일 09:00~18:00이며, 매주 월요일과 1월 1일, 설날 및 추석 연휴는 휴관입니다.",アリスナラは入場料が無料で、体験時間は回車ごとに80分以内に行われます。 1日5回目（09:30～10:50、11:00～12:20、13:00～14:20、14:30～15:50、16:00～17:20）で運営されます。営業時間は火曜日～日曜日09:00～18:00で、毎週月曜日と1月1日、旧正月と秋夕連休は休館です。
봉수대해변체험시설,奉水大海辺体験施設
강원도 고성군 죽왕면 봉수대길 10-22 봉수대해변,江原道高城郡竹王面ボンスデギル10-22ボンスデビーチ
"[요금]
성인: 개인 10,000원 / 단체 8,000원
청소년, 어린이, 군인: 개인 8,000원 / 단체 6,000원
[이용안내]
4월~10월(금,토,일 운영)
7월~8월(전일 운영)
동절기 미운영","[料金]
大人：個人10,000ウォン/団体8,000ウォン
青少年、子供、兵士：個人8,000ウォン/団体6,000ウォン
[利用案内]
4月～10月（金、土、日運営）
7月～8月（前日運営）
冬季未運営"
월요일정기휴무화요일정기휴무수요일정기휴무목요일정기휴무금요일10:00 ~ 18:00토요일10:00 ~ 18:00일요일10:00 ~ 18:00,月曜日定休日火曜日定休日水曜日定休日木曜日定休金曜日10:00～18:00土曜日10:00～18:00日曜日10:00～18:00
"성인 개인 기준 10,000원(단체 8,000원), 청소년, 어린이, 군인 개인 기준 8,000원(단체 6,000원)입니다.","大人個人基準10,000ウォン（団体8,000ウォン）、青少年、子供、兵士個人基準8,000ウォン（団体6,000ウォン）です。"
개구리생태공원 개구리전시관,カエル生態公園カエル展示館
전남 담양군 담양읍 메타세쿼이아로 47,全南潭陽郡潭陽邑メタセコイアロ47
"[요금]
대인: 2,000원
청소년: 1,000원
어린이: 700원
만 6세 이하: 무료
[이용안내]
휴게시간: 12시~13시","[料金]
大人：2,000ウォン
青少年：1,000ウォン
子供：700ウォン
満6歳以下：無料
[利用案内]
休憩時間：12時～13時"
"입장 요금은 대인 2,000원, 청소년 1,000원, 어린이 700원이며, 만 6세 이하 미취학 아동은 무료로 입장할 수 있습니다.","入場料は大人2,000ウォン、青少年1,000ウォン、子供700ウォンで、満6歳以下の未就学児は無料で入場できます。"
제주항공우주박물관,済州航空宇宙博物館
제주 서귀포시 안덕면 녹차분재로 218 제주항공우주박물관,済州西帰浦市安徳面緑茶盆栽ロ218済州航空宇宙博物館
"[입장료]
성인: 10,000원
청소년: 9,000원
어린이: 8,000원
36개월 미만: 무료
[이용안내]
매달 3번째 월요일 정기 휴무
입장마감: 17시","【入場料】
大人：10,000ウォン
青少年：9,000ウォン
子供：8,000ウォン
36ヶ月未満：無料
[利用案内]
毎月3回目の月曜日定期休業
入場締切：17時"
월요일9:00 ~ 18:00화요일9:00 ~ 18:00수요일9:00 ~ 18:00목요일9:00 ~ 18:00금요일9:00 ~ 18:00토요일9:00 ~ 18:00일요일9:00 ~ 18:00,月曜日9:00～18:00火曜日9:00～18:00水曜日9:00～18:00木曜日9:00～18:00金曜日9:00～18:00土曜日9:00～18:00日曜日9:00～18:00
"입장료는 성인 10,000원, 청소년 9,000원, 어린이 8,000원이며, 36개월 미만 유아는 무료입니다. 운영 시간은 매일 9:00~18:00이며, 입장 마감은 17시입니다. 매달 3번째 월요일은 정기 휴무입니다.","入場料は大人10,000ウォン、青少年9,000ウォン、子供8,000ウォンで、36ヶ月未満の幼児は無料です。営業時間は毎日9:00～18:00で、入場締切は17時です。毎月3番目の月曜日は定休です。"
한수원 홍보관,韓水原広報館
경북 경주시 문무대왕면 불국로 1655,慶北慶州市文武大王面仏国路1655
"[요금]
입장료 및 관람료: 무료
[이용안내]
<홍보관 소독시간>
에너지팜(지하1층) 17:00~17:30
로비 및 특별전시(1층) 17:30~18:00
자유관람
<홍보관 전시 프로그램>
평일 오전 11시, 14시, 16시 (단체견학 있을 시 동반 해설 진행)
1층 안내데스크에서 접수
<한수원 제작 애니메이션>
트러스트2 – 비밀의 에너지섬을 찾아서 (10분)
상영시간: 매일 오전 10시 30분, 13시 30분, 15시 30분 (총 3회)
상영장소: 홍보관 1층 로비 멀티비전","[料金]
入場料と観覧料：無料
[利用案内]
＜広報館消毒時間＞
エネルギーファーム（地下1階）17:00～17:30
ロビー＆特別展示（1階）17:30～18:00
自由観覧
＜広報館展示プログラム＞
平日午前11時、14時、16時（団体見学があるとき同伴解説進行）
1階案内デスクで受付
＜韓水原製作アニメ＞
トラスト2 - 秘密のエネルギー島を探して（10分）
上映時間：毎日午前10時30分、13時30分、15時30分（計3回）
上映場所：広報館1階ロビーマルチビジョン"
월요일10:00 ~ 16:00화요일10:00 ~ 16:00수요일10:00 ~ 16:00목요일10:00 ~ 16:00금요일10:00 ~ 16:00토요일10:00 ~ 16:00일요일정기휴무,月曜日10:00～16:00火曜日10:00～16:00水曜日10:00～16:00木曜日10:00～16:00金曜日10:00～16:00土曜日10:00～16:00日曜日定休
"입장료 및 관람료는 무료입니다. 운영 시간은 월요일부터 토요일까지 오전 10시부터 오후 4시까지입니다. 일요일은 정기휴무이며, 방문 예약은 지원되지 않습니다(사전 예약 불가). 단체견학이 있으면 일정에 따라 해설 프로그램이 동반될 수 있습니다.",入場料と観覧料は無料です。営業時間は月曜日から土曜日まで午前10時から午後4時までです。日曜日は定休日で、訪問予約はサポートされていません（事前予約はできません）。団体見学があると、スケジュールによって解説プログラムが伴うことがあります。
광주시립미술관,光州市立美術館
광주광역시 북구 하서로 52 광주시립미술관 광주시립미술관,光州広域市北区ハソロ52光州市立美術館光州市立美術館
"[요금]
무료
[이용안내]
문화가 있는 날 운영시간 - 10:00 ~ 20:00","[料金]
無料
[利用案内]
文化がある日の運営時間 - 10:00〜20:00"
"광주시립미술관은 관람이 무료입니다. 운영시간은 화요일부터 일요일까지 오전 10시부터 오후 6시까지이며, 입장 마감 시간은 따로 표기되어 있지 않습니다. 월요일은 정기 휴무입니다. 매달 '문화가 있는 날'에는 운영시간이 오후 8시까지 연장됩니다.",光州市立美術館は観覧が無料です。営業時間は火曜日から日曜日まで午前10時から午後6時までで、入場締切は別途表記されていません。月曜日は定期休業です。毎月「文化のある日」には運営時間が午後8時まで延長されます。
국립광주박물관,国立広州博物館
광주광역시 북구 하서로 110 국립광주박물관,光州広域市北区ハソロ110国立広州博物館
"[요금]
무료
[이용안내]
설 추석 당일, 4월&11월 첫 번째 월요일 휴무
쉬어가는 시간 - 12:00~13:00
1회차 10:00 / 2회차 11:10 / 3회차 13:00 / 4회차 14:30 / 5회차 16:00","[料金]
無料
[利用案内]
雪秋夕の日、4月と11月の最初の月曜日は休業
休む時間 - 12:00～13:00
1回目 10:00 / 2回目 11:10 / 3回目 13:00 / 4回目 14:30 / 5回目 16:00"
"운영시간은 매일 10:00~18:00까지이며, 설과 추석 당일, 4월·11월 첫 번째 월요일은 휴무입니다(쉬어가는 시간 12:00~13:00). 입장료는 무료입니다. 어린이 박물관 체험은 1일 5회차로 운영되고, 회당 80명(온라인 예약 50명, 현장 예약 30명) 선착순 입장입니다.",運営時間は毎日10:00～18:00までで、雪と秋夕当日、4月・11月の最初の月曜日は休業です（休み時間12:00～13:00）。入場料は無料です。子ども博物館体験は1日5回目で運営され、1回あたり80名（オンライン予約50名、現場予約30名）先着順入場です。
백제군사박물관,百済軍事博物館
충남 논산시 부적면 충곡로 311-54,忠清南道ノンサン市アミョンミョンチョンゴクロ311-54
백제군사박물관은 모든 방문객에게 입장료가 무료입니다. 일부 체험 프로그램도 무료로 운영됩니다.,百済軍事博物館はすべての訪問者に入場料が無料です。一部の体験プログラムも無料で運営しています。
나비생태원,蝶生態院
대구광역시 동구 팔공로50길 66,大邱広域市東区八公路50ギル66
"주차료 및 입장료 무료
<연간 체험학습 프로그램 운영안내>
내용: 곤충스케치 입체영상체험, 자연재료를 이용한 작품만들기 등 특화체험(별도공지)
대상: 4세 ~ 초등학생
인원수: 24명 / 1회
운영일: 7월19일부터 연중주말 및 공휴일(휴관일 제외) 운영
운영시간 (5회/일)
오전: 10:00 ~ 10:40 / 11:00 ~ 11:40
오후: 13:00 ~ 13:40 / 14:00 ~ 14:40 / 15:00 ~ 15:40
장소: 나비누리관 2층 체험학습실
체험비: 무료
체험신청: 홈페이지 사전 예약(현장 예약불가)","駐車料金と入場料無料
＜年間体験学習プログラム運営案内＞
内容：昆虫スケッチ立体映像体験、自然材料を利用した作品づくりなど特化体験（別途お知らせ）
対象：4歳～小学生
人数：24人/ 1回
運営日：7月19日から年中週末及び祝日（休館日を除く）運営
運営時間（5回/日）
午前：10:00～10:40 / 11:00～11:40
午後：13:00～13:40 / 14:00～14:40 / 15:00～15:40
場所：ナビヌリ館2階体験学習室
体験費：無料
体験申込：ホームページ事前予約（現場予約不可）"
"나비생태원은 입장료와 주차료가 모두 무료입니다. 운영시간은 화요일부터 일요일까지 오전 10시부터 오후 5시까지이며, 매주 월요일은 정기휴무입니다. 그 외 1월 1일, 설날, 추석 등은 별도의 공지가 있을 수 있습니다.",蝶生態院は入場料と駐車料金の両方が無料です。営業時間は火曜日から日曜日まで午前10時から午後5時までで、毎週月曜日は定休です。その他1月1日、お正月、秋夕などは別途のお知らせがあります。
국립전북기상과학관,国立全北気象科学館
전북특별자치도 정읍시 서부산업도로 168-43 국립전북기상과학관,全北特別自治道鄭邑市西部産業道路168-43国立全北気象科学館
"[요금]
어른/개인 - 2,000원
청소년 및 어린이 - 1,000원
20인 이상 단체 어른 - 1,000원
20인 이상 단체 청소년 - 500원
유아, 경로우대자, 우대고객 - 무료
[프로그램 안내]
천체투영실 > 천체관측실 / 60분
천체투영실 > 천체관측실 > 전시실 > 해보다가기상인 > 4D다면영상관 / 90분
회차 : 10:00, 13:00, 15:00
한 회차 150명
홈페이지 사전예약 또는 방문접수
수,금, 토 야간 관측 프로그램 운영","[料金]
大人/個人 - 2,000ウォン
青少年と子供 - 1,000ウォン
20人以上の団体大人 - 1,000ウォン
20人以上の団体青少年 - 500ウォン
幼児、パス優待者、優待顧客 - 無料
[プログラム案内]
天体投影室>天体観測室/ 60分
天体投影室 > 天体観測室 > 展示室 > 海より上の商人 > 4D多面映像館 / 90分
回車：10:00、13:00、15:00
1回目150人
ホームページ事前予約または訪問受付
水・金・土夜観測プログラムの運営"
"입장료는 어른(개인) 2,000원, 청소년 및 어린이 1,000원, 20인 이상 단체는 어른 1,000원, 청소년 500원입니다. 유아, 경로우대자, 우대고객은 무료입니다. 프로그램은 1일 3회(10:00, 13:00, 15:00) 운영되며, 한 회차 최대 150명까지 참여할 수 있습니다. 홈페이지 사전예약 또는 현장 방문접수로 이용할 수 있습니다.","入場料は大人（個人）2,000ウォン、青少年及び子供1,000ウォン、20人以上団体は大人1,000ウォン、青少年500ウォンです。幼児、パス優待者、優待顧客は無料です。プログラムは1日3回（10:00、13:00、15:00）運営され、1回目に最大150人まで参加できます。ホームページ事前予約または現場訪問受付で利用できます。"
삼성화재교통박물관,サムスン火災交通博物館
경기도 용인시 처인구 포곡읍 에버랜드로 376번길 171,京畿道龍仁市チョンイング浦谷邑エバーランド376番171
"[요금]
대인 - 6,000원
소인(3~19세) - 5,000원
경로(66세 이상) - 3,000원
유아(24개월 미만) - 무료","[料金]
大人 - 6,000ウォン
小人（3～19歳） - 5,000ウォン
パス（66歳以上） - 3,000ウォン
幼児（24ヶ月未満） - 無料"
월요일정기휴무화요일09:00 ~ 17:00수요일09:00 ~ 17:00목요일09:00 ~ 17:00금요일09:00 ~ 17:00토요일10:00 ~ 18:00일요일10:00 ~ 18:00,月曜日定休 火曜日09:00～17:00水曜日09:00～17:00木曜日09:00～17:00金曜日09:00～17:00土曜日10:00～18:00日曜日10:00～18:00
"입장료는 대인(만 20~65세) 6,000원, 소인(3~19세) 5,000원, 경로(66세 이상) 3,000원이며, 24개월 미만 유아는 무료입니다. 영업시간은 화~금 09:00~17:00, 토~일 10:00~18:00(월요일 휴무)입니다. '입구'에서 입장료를 지불하며, 넓은 무료 주차장이 마련되어 있습니다. 주말과 평일의 오픈/마감 시간이 다르니 방문 전 꼭 확인하세요.","入場料は大人（満20～65歳）6,000ウォン、小人（3～19歳）5,000ウォン、経路（66歳以上）3,000ウォンで、24ヶ月未満幼児は無料です。営業時間は火～金09:00～17:00、土～日10:00～18:00（月曜日は休業）です。 「入口」で入場料を支払い、広い無料駐車場があります。週末と平日のオープン/締め切りが異なりますので、訪問前にぜひご確認ください。"
보현산자연휴양림 산림복합체험관,保県山自然休養林森林複合体験館
경상북도 영천시 화북면 입석리 산54,慶尚北道永川市華北面入石里山54
"[요금]
회차별 - 10,000원","[料金]
回差別 - 10,000ウォン"
월요일09:00 ~ 18:00화요일정기휴무수요일정기휴무목요일09:00 ~ 18:00금요일09:00 ~ 18:00토요일09:00 ~ 18:00일요일09:00 ~ 18:00,月曜日09:00〜18:00火曜日定休水曜日定期休業木曜日09:00〜18:00金曜日09:00〜18:00土曜日09:00〜18:00日曜日09:00〜18:00
"운영 시간은 월요일, 목요일~일요일 오전 9시부터 오후 6시까지입니다. 화요일과 수요일은 정기휴무입니다. 회차별 요금은 1인당 10,000원입니다. 주차장은 마련되어 있으며 별도의 주차요금은 없습니다.","営業時間は月曜日、木曜日～日曜日午前9時から午後6時までです。火曜日と水曜日は定休です。回差別料金は1人あたり10,000ウォンです。駐車場はあり、別途駐車料金はありません。"
한국금융사박물관,韓国金融史博物館
서울특별시 중구 세종대로 135-5 조흥금융박물관,ソウル特別市中区世宗大路135-5朝興金融博物館
"[요금]
관람료 및 입장료: 무료
[이용 안내]
입장 마감: 17시
초등학생 대상으로 무료로 프로그램을 진행하니 홈페이지를 참고해주세요.","[料金]
観覧料と入場料：無料
【利用案内】
入場締切：17時
小学生対象として無料でプログラムを進行しますのでホームページをご覧ください。"
월요일10:00 ~ 18:00화요일10:00 ~ 18:00수요일10:00 ~ 18:00목요일10:00 ~ 18:00금요일10:00 ~ 18:00토요일10:00 ~ 18:00일요일정기 휴무,月曜日10:00～18:00火曜日10:00～18:00水曜日10:00～18:00木曜日10:00～18:00金曜日10:00～18:00土曜日10:00～18:00日曜日定休
한국금융사박물관의 관람과 체험 프로그램 모두 무료로 이용하실 수 있습니다.,韓国金融史博物館の観覧と体験プログラムの両方を無料で利用できます。
울진곤충여행관,ウルジン昆虫旅行館
경북 울진군 근남면 수산리 344-12,慶北ウルジン郡近南面水山里344-12
"[관람료 및 입장료]
어른: 4,000원
청소년,군인: 3,000원
어린이(4~12세), 경로: 2,000원
36개월 이하 무료 입장
동절기 17:00까지 운영
[시설]
곤충전시관: 곤충들의 역사와 희귀화석등을 통해 과거와 현재의 많은 곤충들에 관해 알아 볼 수 있어요.
곤충생태관: 유리온실로 되어 있어 살아있는 나비의 생태를 관찰할 수 있어요.","【観覧料及び入場料】
大人：4,000ウォン
青少年、兵士：3,000ウォン
子供（4～12歳）、経路：2,000ウォン
36ヶ月以下無料入場
冬季17:00まで営業
[施設]
昆虫展示館：昆虫の歴史や希少化石などを通じて、過去と現在の多くの昆虫について調べることができます。
昆虫生態館：ガラス温室になっており、生きている蝶の生態を観察できます。"
"입장료는 어른 4,000원, 청소년 및 군인 3,000원, 어린이(4~12세)와 경로는 2,000원이며, 36개월 이하는 무료 입장입니다. 운영시간은 화요일부터 일요일까지 09:00~18:00이며, 월요일은 정기휴무입니다. 동절기에는 17:00까지 운영될 수 있으니 방문 전 확인해 주세요.","入場料は大人4,000ウォン、青少年及び兵士3,000ウォン、子供（4～12歳）と経路は2,000ウォンで、36ヶ月以下は無料入場です。営業時間は火曜日から日曜日まで09:00～18:00で、月曜日は定休です。冬季には17:00まで運営することができますので、訪問前にご確認ください。"
경상북도교육청과학원,慶尚北道教育庁科学院
"경상북도 포항시 북구 우미길 93 경북과학고등학교,경상북도교육청과학원",慶尚北道浦項市北区海道93慶尚北道科学高等学校、慶尚北道教育庁科学院
"점심시간: 12:20~13:30
관람료 및 입장료: 무료
<천체투영실>
운영시간(40분)
평일: 10:40, 11:40, 14:00, 15:00
일요일: 11:20, 15:00
토요일 미운영
6세 이상 입장, 5명 이상 운영
<4D극장>
운영시간(12~18분)
평일(화~금요일) : 13:40, 14:40
토,일 : 10:20, 11:00, 13:40, 14:40
5세 이상 입장, 5명 이상 상영
홈페이지 사전예약 필수
<로봇팔 쇼>
매일: 10:50, 11:30, 13:50, 16:00
<유아체험마당(60분)>
주말: 11:00, 14:00
개인은 주말에만 관람 가능, 7세이하 입장 가능","ランチ時間：12:20～13:30
観覧料と入場料：無料
＜天体投影室＞
運営時間（40分）
平日：10:40、11:40、14:00、15:00
日曜日: 11:20, 15:00
土曜日の未運営
6歳以上入場、5人以上運営
<4D劇場>
運営時間（12～18分）
平日（火～金曜日）：13:40、14:40
土・日：10:20、11:00、13:40、14:40
5歳以上入場、5人以上上映
ホームページ事前予約必須
＜ロボットアームショー＞
毎日：10:50、11:30、13:50、16:00
＜幼児体験庭（60分）＞
週末：11:00、14:00
個人は週末のみ観覧可能、7歳以下入場可能"
"운영 시간은 화요일부터 일요일까지 오전 10시부터 오후 5시까지이며, 매주 월요일은 정기 휴무입니다. 점심시간은 12시 20분부터 13시 30분까지 잠시 운영을 중단합니다. 입장료와 관람료는 모두 무료입니다.",営業時間は火曜日から日曜日まで午前10時から午後5時までで、毎週月曜日は定休です。ランチタイムは12:20から13:30までしばらく営業を中止します。入場料と観覧料はどちらも無料です。
곤충생태전시관,昆虫生態展示館
경북 상주시 함창읍 교촌리 411,慶北上州市咸昌邑京村里411
"관람료 및 입장료: 무료
입장 마감 시간: 17시
월요일이 공휴일인 경우 다음날 휴관
명절 및 명절 전날, 다음날에도 휴관
[체험프로그램]
로봇댄스 공연(1F 로봇댄스 무대): 10:10 / 14:00 / 16:10
AR/VR체험(1F 체험학습실): 10:30 / 14:20 / 16:30
VR컨텐츠 감상(2F VR컨텐츠존): 11:10 / 15:00
곤충표본만들기(2F 체험놀이방): 15:30
곤충표본만들기는 당일 현장신청(14시부터 신청)만 가능, 1가구 당 2명까지 참여 가능(참가 인원 5명 이상 시 운영)
전시 프로그램: 샌드아트, 반응형 디지털 미디어 공간, 곤충 만져보기 체험(사슴벌레, 누에)","観覧料と入場料：無料
入場締切時間：17時
月曜日が祝日の場合、翌日休館
祝日と祝日の前日、翌日も休館
[体験プログラム]
ロボットダンス公演（1Fロボットダンス舞台）：10:10 / 14:00 / 16:10
AR/VR体験（1F体験学習室）：10:30 / 14:20 / 16:30
VRコンテンツ鑑賞（2F VRコンテンツゾーン）：11:10 / 15:00
昆虫標本作り（2F体験プレイルーム）：15:30
昆虫標本づくりは当日現場申請（14時から申請）のみ可能、1世帯あたり2人まで参加可能（参加人数5人以上で運営）
展示プログラム：サンドアート、レスポンシブデジタルメディアスペース、昆虫触れ体験（鹿虫、カイコ）"
연오랑세오녀테마공원,ヨンオランセオ女子テーマパーク
경상북도 포항시 남구 동해면 호미로 3012 연오랑 세오녀 문화공원,慶尚北道浦項市南区東海面ホミロ3012年オランセオ女文化公園
연오랑세오녀테마공원은 입장료와 주차요금이 모두 무료입니다. 넓은 공원 주차장이 마련되어 있어 가족 단위 방문 시에도 편리하게 이용하실 수 있습니다.,ヨンオランセオ女子テーマ公園は、入場料と駐車料金の両方が無料です。広々とした公園駐車場があり、家族連れの訪問にも便利です。
한국가사문학관,韓国家事文学館
전남 담양군 가사문학면 가사문학로 877,全南潭陽郡家事文学面家事文学路877
"[요금]
관람료 - 무료
탁본체험 - 1,000원
부채꾸미기 - 3,000원","[料金]
観覧料 - 無料
卓本体験 - 1,000ウォン
借金 - 3,000ウォン"
안양그린마루,安養グリーンマル
경기도 안양시 만안구 화창로 10,京畿道安養市万安区華昌路10
"[요금]
관람료: 무료
[프로그램]
<전시해설>
대상: 만 4세 이상 개인 및 단체
운영시간: 1차) 10시~10시 40분 / 2차) 11시~11시 40분 / 3차) 14시 20분~15시 10분 / 4차) 15시 20분~16시 10분
<에너지놀이터>
대상: 누구나
운영일: 4~11월 중 주말 및 공휴일
내용: 다양한 교구를 통해 신재생에너지 체험
<토요일 및 공휴일 교육>
대상: 만 4세 이상 개인
운영일: 2~12월 중 토요일 및 공휴일
운영시간: 오전) 10시 30분~11시 30분 / 오후) 13시 30분~14시 30분
내용: 다양한 기후변화 관련 교육주제를 게임, 체험 등 방법으로 익힐 수 있는 교육
비용(1인): 3,000원
<연간 교육 프로그램 1 - 그린마루의 비밀을 찾아서>
대상: 초등학생 동반 가족
운영시간: 10시 30분~12시
<연간 교육 프로그램 2>
대상: 유아(6, 7세) 및 초등 저학년
내용: 다양한 만들기 체험
운영시간: 10시 30분~14시 30분(프로그램별 상이)
[이용안내]
휴관일: 매주 월요일, 1월 1일, 설 및 추석 연휴","[料金]
観覧料：無料
[プログラム]
＜展示解説＞
対象：満4歳以上の個人および団体
営業時間：1次）10時～10時40分／2次）11時～11時40分／3次）14時20分～15時10分／4次）15時20分～16時10分
＜エネルギー遊び場＞
対象：誰でも
営業日：4～11月中の週末及び祝日
内容：様々な教区を通じて再生可能エネルギー体験
＜土曜日及び祝日教育＞
対象：満4歳以上個人
営業日：2～12月中土曜日及び祝日
営業時間：午前）10時30分～11時30分／午後）13時30分～14時30分
内容：様々な気候変動関連教育テーマをゲーム、体験などの方法で身につけることができる教育
費用（1人）：3,000ウォン
<年間教育プログラム1 - グリーンマルの秘密を求めて>
対象：小学生同伴家族
営業時間：10時30分～12時
<年間教育プログラム2>
対象：幼児（6、7歳）および初等低学年
内容：様々な作り体験
運営時間：10時30分～14時30分（プログラム別異なる）
[利用案内]
休館日：毎週月曜日、1月1日、雪と秋夕の休日"
청주백제유물전시관,清州百済遺物展示館
충청북도 청주시 흥덕구 1순환로 438번길 9,忠清北道清州市興徳区1循環路438番9
수퍼빈 아이엠팩토리 화성,スーパービンアイエムファクトリー火星
경기도 화성시 우정읍 사기말길27번길 87-41 1-4층,京畿道華城市友情邑詐欺道27番ギル87-41 1-4階
"[요금]
개인 관람형(1시간): 5,000원","[料金]
個人観覧型（1時間）：5,000ウォン"
월요일10:00 ~ 18:00화요일10:00 ~ 18:00수요일10:00 ~ 18:00목요일10:00 ~ 18:00금요일10:00 ~ 18:00토요일정기휴무일요일정기휴무,月曜日10:00〜18:00火曜日10:00〜18:00水曜日10:00〜18:00木曜日10:00〜18:00金曜日10:00〜18:00土曜日定休日日曜日定休
안성맞춤천문과학관,安城カスタム天文科学館
경기도 안성시 보개면 남사당로 198-9 안성맞춤 천문과학관,京畿道安城市普麟面南寺堂路198-9安城天文科学館
"[요금]
성인(만 19세 이상): 4,000원
청소년, 어린이(만 5세~만 18세): 2,000원
안성시민, 65세 이상, 다자녀 가정 등: 관람할인 50%
자세한 요금 및 할인 정보는 첨부된 이미지를 확인해 주세요.
[이용안내]
휴관일: 매주 월요일(월요일이 공휴일인 경우 다음날 휴관), 1월 1일, 설·추석 연휴","[料金]
大人（満19歳以上）：4,000ウォン
青少年、子供（5歳～18歳）：2,000ウォン
安城市民、65歳以上、多子供家族など：観覧割引50％
詳細な料金および割引情報は添付の画像をご確認ください。
[利用案内]
休館日：毎週月曜日（月曜日が祝日の場合翌日休館）、1月1日、雪・秋夕連休"
월요일정기휴무화요일14:00 ~ 22:00수요일14:00 ~ 22:00목요일14:00 ~ 22:00금요일14:00 ~ 22:00토요일14:00 ~ 22:00일요일14:00 ~ 22:00,月曜日定休 火曜日14:00～22:00水曜日14:00～22:00木曜日14:00～22:00金曜日14:00～22:00土曜日14:00～22:00日曜日14:00～22:00
"입장료는 성인(만 19세 이상) 4,000원, 청소년·어린이(만 5세 ~ 만 18세) 2,000원입니다. 안성시민, 만 65세 이상, 다자녀 가정 등은 50% 할인받을 수 있습니다. 상세한 할인대상은 홈페이지 또는 현장 안내를 참고해 주세요.","入場料は大人（満19歳以上）4,000ウォン、青少年・子ども（満5歳～満18歳）2,000ウォンです。安城市民、満65歳以上、多子家庭などは50％割引を受けることができます。詳細な割引対象はホームページまたは現場案内をご参照ください。"
인천어린이과학관,仁川子供科学館
인천광역시 계양구 방축로 21 인천어린이과학관,仁川広域市桂陽区防縮路21仁川子供科学館
"[요금]
상설전시관: 성인 - 4,000원 / 청소년 - 2,000원 / 어린이 - 2,000원
4D영상관: 성인 - 3,000원 / 청소년 - 1,000원 / 어린이 - 1,000원
만6세 이하, 만 65세 이상 등: 무료
인천 시민: 50% 감면
자세한 요금 및 할인 정보는 첨부된 이미지를 확인해 주세요.
[이용안내]
휴관일: 매주 월요일(월요일이 법정 공휴일인 경우 익일 휴관), 1월 1일, 설·추석 당일
관람시간: 회차당 120분
관람인원: 회차당 400명","[料金]
常設展示館：大人 - 4,000ウォン/青少年 - 2,000ウォン/子供 - 2,000ウォン
4D映像館：大人 - 3,000ウォン / 青少年 - 1,000ウォン / 子供 - 1,000ウォン
6歳未満、65歳以上：無料
仁川市民：50％減免
詳細な料金および割引情報は添付の画像をご確認ください。
[利用案内]
休館日：毎週月曜日（月曜日が法定祝日の場合翌日休館）、1月1日、雪・秋夕当日
観覧時間：1回あたり120分
観覧人数：1回あたり400人"
"상설전시관 입장료는 성인 4,000원, 청소년 및 어린이 2,000원입니다. 4D영상관은 성인 3,000원, 청소년 및 어린이 1,000원입니다. 만 6세 이하, 만 65세 이상, 인천 시민(50% 감면) 등 다양한 감면 및 무료 혜택이 있으니 상세한 내용은 공식 홈페이지를 참고해 주세요.","常設展示館の入場料は大人4,000ウォン、青少年および子供2,000ウォンです。 4D映像館は大人3,000ウォン、青少年および子供1,000ウォンです。満6歳以下、満65歳以上、仁川市民（50％減免）など様々な減免及び無料特典がありますので、詳細は公式ホームページをご覧ください。"
김천유아숲체험원,キムチョンユア森体験院
경상북도 김천시 혁신6로 31 김천녹색미래과학관,慶尚北道金川市イノベーション6ロ31金川緑未来科学館
"[요금]
무료
[이용안내]
연중무휴 상시 개방","[料金]
無料
[利用案内]
年中無休常時開放"
"김천유아숲체험원은 연중무휴로 상시 개방되며, 입장료는 무료입니다.",キムチョンユア森体験院は年中無休で常時開放され、入場料は無料です。
국립충남기상과학관,国立忠南気象科学館
충남 홍성군 홍북읍 첨단산단로 15,忠南洪城郡洪北邑ハイテクサンダンロ15
"[요금]
성인 : 개인 - 2,000원 / 단체 - 1,000원
청소년 및 어린이 : 개인 - 1,000원 / 단체 - 500원
유아(유치원생 포함), 경로우대자, 우대고객 - 면제
자세한 요금 및 면제대상은 첨부된 이미지를 확인해 주세요.
[이용안내]
휴관일 - 매주 월요일(공휴일인 경우 그 다음날), 1월1일, 설날, 추석 당일
입장마감 - 17시
[프로그램]
전시해설 - 10:30 / 13:30 / 15:30
프로그램 매월마다 달라짐 - 홈페이지 확인","[料金]
大人：個人 - 2,000ウォン/団体 - 1,000ウォン
青少年と子供：個人 - 1,000ウォン/団体 - 500ウォン
幼児（幼稚園を含む）、パス優待者、優待顧客 - 免除
詳細料金および免除対象は添付画像をご確認ください。
[利用案内]
休館日 - 毎週月曜日（祝日の場合は翌日）、1月1日、旧正月、秋夕当日
入場締切 - 17時
[プログラム]
展示解説 - 10:30 / 13:30 / 15:30
プログラム毎月変わる - ホームページを確認"
"운영시간은 화요일~일요일 오전 10시부터 오후 5시 30분까지이며, 입장 마감은 오후 5시입니다. 매주 월요일, 1월 1일, 설날, 추석 당일은 휴관입니다. 입장료는 성인 2,000원, 청소년 및 어린이 1,000원, 단체는 각각 1,000원(성인)과 500원(청소년 및 어린이)입니다. 유아(유치원생 포함), 경로우대자, 우대고객 등은 무료로 입장할 수 있습니다. 자세한 무료대상은 현장 공지나 홈페이지를 참고해 주세요.","営業時間は火曜日～日曜日午前10時から午後5時30分までで、入場締切は午後5時です。毎週月曜日、1月1日、お正月、秋夕の当日は休館です。入場料は大人2,000ウォン、青少年及び子供1,000ウォン、団体はそれぞれ1,000ウォン（大人）と500ウォン（青少年及び子供）です。幼児（幼稚園を含む）、パス優待者、優待客などは無料で入場できます。詳しい無料対象は現場のお知らせやホームページをご覧ください。"
서울특별시교육청융합과학교육원 남산분원 수학체험관,ソウル特別市教育庁融合科学教育院南山分院数学体験館
서울특별시 중구 소파로 46 서울특별시교육연구정보원 4층 수학체험관,ソウル特別市中区ソファロ46ソウル特別市教育研究情報院4階数学体験館
"[요금]
무료
[이용안내]
운영시간 - 1부 10:00 ~ 12:00 / 2부 13:00- ~ 17:00","[料金]
無料
[利用案内]
営業時間 - 1部10:00〜12:00 / 2部13:00-〜17:00"
"입장료는 무료입니다. 운영 시간은 화요일부터 일요일까지 10:00~17:00이고, 월요일은 정기 휴무입니다. 운영시간은 1부 10:00~12:00, 2부 13:00~17:00로 나뉘며, 12:00~13:00은 점심시간으로 입장이 제한될 수 있습니다.",入場料は無料です。営業時間は火曜日から日曜日まで10:00～17:00で、月曜日は定休です。営業時間は1部10:00～12:00、2部13:00～17:00に分かれ、12:00～13:00はランチ時間で入場が制限される場合があります。
옥토끼우주센터,オクトキ宇宙センター
인천광역시 강화군 불은면 강화동로 403 옥토끼우주센터,仁川広域市江華郡ブンミョン江華洞403オクトキ宇宙センター
"옥토끼우주센터는 인천 강화도에 위치한 국내 최초의 우주 과학 테마파크입니다. 이곳은 우주와 과학, 예술, 탐험, 놀이가 결합된 복합 문화 공간으로, 아이들의 호기심과 창의성을 자극하는 체험형 여행지입니다.
실내 전시와 체험은 로봇, 우주, 과학에 관심이 많거나 조금 더 큰 아이들에게 추천됩니다.
약 2천 평 규모의 실내 공간에는 약 500여 점의 실제 우주 전시물이 전시되어 있습니다.
우주 개발의 역사, 로켓과 우주선의 탄생 과정, 우주인의 생활, 화성과 달 탐험 등 다양한 테마로 꾸며진 전시관이 있어 아이와 함께 우주에 대해 쉽게 배우고 체험할 수 있습니다.
3D 영화관에서 우주와 과학을 주제로 한 생생한 영상을 관람할 수 있습니다.
우주복을 입은 것처럼 기념사진을 찍고, 우주 체험기구(6종)를 직접 타보는 활동도 인기가 많습니다.
약 1만 6천 평의 넓은 야외 부지에는 커다란 공룡들이 살아 움직이는 공룡의 숲이 조성되어 있습니다. 약 40~63마리의 대형 공룡 모형이 전시되어 있어, 마치 공룡시대로 시간여행을 하는 듯한 체험이 가능합니다.
로봇 공원, 물대포 공원, 로고스 가든, 넓은 전망 탑 등 다양한 테마형 놀이 공간이 있습니다.
사계절 썰매장에서는 계절별로 다양한 썰매체험(눈썰매, 고무 썰매), 여름에는 물놀이장, 봄가을에는 보트장 등으로 변신하여 사계절 내내 다채로운 놀이를 즐길 수 있습니다.
미니열차, 보트 타기, 야외에서 뛰어놀 수 있는 넓은 조경 공간도 마련되어 있습니다.
지원되는 편의시설: 수유실, 기저귀교환대, 유모차대여, 주차, 예약
지원되지 않는 편의시설: 아기의자
네이버 예약 시 할인을 받을 수 있습니다.
제1주차장이 입구와 가장 가깝습니다.
주소: 인천광역시 강화군 불은면 강화동로 403
운영시간:
월요일~금요일: 10:00~17:30
토요일~일요일: 09:30~19:00
월요일~금요일: 10:00~17:30
토요일~일요일: 09:30~19:00
주차: 무료 (넓은 주차장 완비)
고객 팁:
볼거리가 많고 규모가 커서 하루종일 알차게 놀 수 있습니다.
오픈 직후 또는 점심시간을 피해 이른 오후쯤 방문하면 사람이 덜 붐빕니다.
체험 소요 시간: 실내·외 모든 시설을 즐긴다면 최소 2~3시간, 반나절 이용 추천
모든 체험과 주요 시설 이용은 기본 입장권에 포함
여름엔 물놀이가 가능하니 돗자리와 수영복, 여벌 옷, 수건 등을 가져가면 좋고, 겨울엔 두꺼운 옷과 스키복이나 스키장갑을 챙겨 가면 더욱 알차게 즐길 수 있습니다.
만 24개월 미만인 어린 아이들은 시설 이용은 어렵지만, 무료 입장 가능하고 야외 공간에서 놀 수 있습니다.
볼거리가 많고 규모가 커서 하루종일 알차게 놀 수 있습니다.
오픈 직후 또는 점심시간을 피해 이른 오후쯤 방문하면 사람이 덜 붐빕니다.
체험 소요 시간: 실내·외 모든 시설을 즐긴다면 최소 2~3시간, 반나절 이용 추천
모든 체험과 주요 시설 이용은 기본 입장권에 포함
여름엔 물놀이가 가능하니 돗자리와 수영복, 여벌 옷, 수건 등을 가져가면 좋고, 겨울엔 두꺼운 옷과 스키복이나 스키장갑을 챙겨 가면 더욱 알차게 즐길 수 있습니다.
만 24개월 미만인 어린 아이들은 시설 이용은 어렵지만, 무료 입장 가능하고 야외 공간에서 놀 수 있습니다.
자유이용권 베이비(24~36개월미만): 9,000원
자유이용권 소인(36개월~초등학생): 17,000원
자유이용권 대인(중학생~65세미만): 16,000원
0~24개월 미만: 무료
수영장 (은하수 유수풀) 폐장시간:
평일: 10:30 ~ 17:00
주말 및 공휴일: 10:30 ~ 18:00
평일: 10:30 ~ 17:00
주말 및 공휴일: 10:30 ~ 18:00
사계절 썰매장 (야외테마공원 인공잔디썰매 80m): 봄, 여름, 가을 (잔디썰매) / 겨울 (익사이팅 눈썰매)
우주과학박물관(전시존, 체험존)
야외테마공원 (로봇공원, 공룡의 숲, 토끼의 성, 로고스 가든)","オクトキ宇宙センターは仁川江華島に位置する国内初の宇宙科学テーマパークです。ここは宇宙と科学、芸術、探検、遊びが組み合わされた複合文化空間で、子供たちの好奇心と創造性を刺激する体験型の旅先です。
屋内展示と体験は、ロボット、宇宙、科学に興味がある人や少し大きい子供たちにおすすめです。
約2千坪規模の室内空間には約500点余りの実際の宇宙展示物が展示されています。
宇宙開発の歴史、ロケットと宇宙船の誕生過程、宇宙人の生活、火星と月探検など様々なテーマで飾られた展示館があり、子供たちと一緒に宇宙について簡単に学び、体験できます。
3D映画館で宇宙と科学をテーマにした鮮やかな映像を観覧できます。
宇宙服を着たかのように記念写真を撮り、宇宙体験機構（6種）を直接乗せる活動も人気があります。
約1万6千坪の広い屋外敷地には、大きな恐竜が生きて動く恐竜の森が造られています。約40～63頭の大型恐竜模型が展示されており、まるで恐竜時代に時間旅行をするような体験が可能です。
ロボット公園、水大砲公園、ロゴスガーデン、広々とした展望塔など、様々なテーマの遊び場があります。
四季のそり場では季節ごとに様々なそり体験（雪そり、ゴムそり）、夏には水遊び場、春秋にはボート場などに変身し、四季を通して多彩な遊びを楽しめます。
ミニ列車、ボート乗り、屋外での素晴らしい景色を楽しめます。
サポートされる設備：授乳室、おむつ交換台、ベビーカーレンタル、駐車場、予約
サポートされていないアメニティ：ベビーチェア
ネイバー予約時に割引を受けることができます。
第1駐車場が入り口に最も近いです。
住所：仁川広域市江華郡ブンミョン江華洞403
営業時間：
月曜日～金曜日：10:00～17:30
土曜日～日曜日：09:30～19:00
月曜日～金曜日：10:00～17:30
土曜日～日曜日：09:30～19:00
駐車場：無料（広い駐車場完備）
顧客のヒント：
見どころが多く、規模が大きくて一日中充実して遊べます。
オープン直後またはランチタイムを避け、早い午後ごろ訪問すると、人があまり混雑しません。
体験所要時間：室内・外のすべての施設を楽しむなら最低2～3時間、半日利用おすすめ
全ての体験と主要施設の利用は基本入場券に含まれる
夏には水遊びが可能なので、水着、水着、ハチの服、タオルなどを持って行けばいいし、冬には厚い服やスキー服やスキーグローブを手に入れていくとさらに充実して楽しめます。
24ヶ月未満の子供は施設の利用は困難ですが、無料で入場可能で屋外スペースで遊ぶことができます。
見どころが多く、規模が大きくて一日中充実して遊べます。
オープン直後またはランチタイムを避け、早い午後ごろ訪問すると、人があまり混雑しません。
体験所要時間：室内・外のすべての施設を楽しむなら最低2～3時間、半日利用おすすめ
全ての体験と主要施設の利用は基本入場券に含まれる
夏には水遊びが可能なので、水着、水着、ハチの服、タオルなどを持って行けばいいし、冬には厚い服やスキー服やスキーグローブを手に入れていくとさらに充実して楽しめます。
24ヶ月未満の子供は施設の利用は困難ですが、無料で入場可能で屋外スペースで遊ぶことができます。
自由利用券ベビー（24～36ヶ月未満）：9,000ウォン
自由利用券小人（36ヶ月～小学生）：17,000ウォン
自由利用券対人（中学生～65歳未満）：16,000ウォン
0〜24ヶ月未満：無料
スイミングプール（天の川の流水プール）閉場時間：
平日：10:30～17:00
週末と祝日：10:30～18:00
平日：10:30～17:00
週末と祝日：10:30～18:00
四季のそり（野外テーマ公園人工芝そり80m）：春、夏、秋（草そり）/冬（エキサイティングな雪そり）
宇宙科学博物館（展示ゾーン、体験ゾーン）
野外テーマ公園（ロボット公園、恐竜の森、ウサギの城、ロゴスガーデン）"
월요일10:00 ~ 17:30화요일10:00 ~ 17:30수요일10:00 ~ 17:30목요일10:00 ~ 17:30금요일10:00 ~ 17:30토요일09:30 ~ 19:00일요일09:30 ~ 19:00,月曜日10:00〜17:30火曜日10:00〜17:30水曜日10:00〜17:30木曜日10:00〜17:30金曜日10:00〜17:30土曜日09:30〜19:00日曜日09:30〜19:00
"요금은 자유이용권 베이비(24~36개월 미만) 9,000원, 소인(36개월~초등학생) 17,000원, 대인(중학생~65세 미만) 16,000원입니다. 0~24개월 미만 영유아는 무료 입장이 가능하지만, 만 24개월 미만 어린 아이는 시설 이용이 제한되고 야외 공간만 이용 가능합니다.","料金は自由利用券ベビー（24～36ヶ月未満）9,000ウォン、小人（36ヶ月～小学生）17,000ウォン、大人（中学生～65歳未満）16,000ウォンです。 0～24ヶ月未満の幼児は無料入場が可能ですが、満24ヶ月未満の子供は施設利用が制限され、屋外スペースのみ利用可能です。"
칠곡수학체험센터,七曲数学体験センター
경북 칠곡군 북삼읍 시덕로 311,慶北チルゴク郡北三邑市徳路311
"다양한 체험존: 아이들이 직접 만지고, 조작해보며 수학의 원리를 이해할 수 있도록 '발견공간', '상상공간', '수학공방', '수수공방' 등 네 가지 테마 공간으로 구성되어 있습니다.
체험 활동 중심: 대형 교구와 흥미로운 교구들을 활용해 실험하듯 수학을 이해하게 되며, 복잡하고 어려운 수학이 아닌, 재미있고 생활과 가까운 수학을 경험할 수 있습니다.
가족과 함께: 매주 토요일에는 가족 단위 방문객을 위한 '토요가족프로그램'이 있습니다. 이 프로그램은 사전 홈페이지 예약을 통해 참여할 수 있습니다.
학교 단체 프로그램: 평일에는 학교 단체 프로그램을 운영하고 있어 개인 자유 관람이 어렵습니다.
운영시간: 토요일 09:00~17:00, 일요일 09:00~17:00
정기휴무: 월요일~금요일
이용방법: 토요일 체험 및 관람은 홈페이지에서 예약 후 방문. 일요일에는 예약 없이 자유관람 가능하지만 공지사항을 미리 확인할 것
한적한 시골마을에 위치해 있어서 주변에 상권이 없으니, 미리 식사를 하고 오시길 추천합니다.
폐교를 개조해서 만든 체험관으로, 주차장이 넓습니다.
다양한 체험 프로그램은 시기에 따라 내용이 달라질 수 있으니, 공식 홈페이지 공지를 확인해 보세요.
요금: 무료
이용안내: 토요일 모든 체험 및 관람은 예약 후 이용 가능. 일요일 예약 없이 자유관람만 이용 가능 (매월 일요 관람일 홈페이지 참고)","多様な体験ゾーン：子供たちが直接触れ、操作してみて数学の原理を理解できるように、「発見空間」、「想像空間」、「数学工房」、「手受工房」など4つのテーマ空間で構成されています。
体験活動の中心：大規模な教区や興味深い教区を活用して実験するように数学を理解し、複雑で難しい数学ではなく、面白​​くて生活に近い数学を経験することができます。
家族と一緒に：毎週土曜日には、家族単位の訪問者のための「豊家家族プログラム」があります。このプログラムは、事前のホームページ予約を通じて参加することができます。
学校団体プログラム：平日は学校団体プログラムを運営しており、個人の自由観覧が困難です。
営業時間：土曜日09:00～17:00、日曜日09:00～17:00
定休：月曜日～金曜日
利用方法：土曜日の体験および観覧はホームページで予約後訪問。日曜日は予約なしで自由観覧可能ですが、お知らせを事前に確認すること
閑静な田舎町に位置しており、周辺に商圏がないので、あらかじめ食事をしてお越しください。
閉校を改造して作った体験館で、駐車場が広いです。
様々な体験プログラムは時期によって内容が異なる場合がありますので、公式ホームページのお知らせをご確認ください。
料金：無料
ご利用案内：土曜日 全ての体験と観覧は予約後に利用可能。日曜日の予約なしで自由観覧のみ利用可能（毎月日曜観覧日ホームページ参照）"
"칠곡수학체험센터는 토요일과 일요일에만 운영합니다. 토요일과 일요일 모두 오전 9시부터 오후 5시까지 개관합니다. 다만, 평일(월~금)은 학교 단체 프로그램 위주로 운영되어 일반 개인 및 가족 방문은 어렵습니다.",七曲数学体験センターは土曜日と日曜日にのみ運営しています。土曜日と日曜日はどちらも午前9時から午後5時まで開館します。ただし、平日（月～金）は学校団体プログラム中心に運営され、一般個人及び家族訪問は困難です。
칠곡수학체험센터의 입장료와 체험 프로그램 참가비는 모두 무료입니다.,チルゴク数学体験センターの入場料と体験プログラム参加費はすべて無料です。
거창사과테마파크 전시관,巨昌りんごテーマパーク展示館
경남 거창군 거창읍 거함대로 3372,慶南巨昌郡巨昌邑巨大通り3372
"전시관 및 야외 공원 등 기본 관람은 무료입니다. 단, 사과 요리교실 등 일부 체험 프로그램은 재료비를 본인이 부담해야 하며, 프로그램별로 비용이 달라질 수 있으므로 사전 문의가 필요합니다.",展示館や屋外公園などの基本的な観覧は無料です。ただし、リンゴ料理教室など一部の体験プログラムは材料費を本人が負担しなければならず、プログラムごとに費用が異なる場合がありますので、事前の問い合わせが必要です。
창원과학체험관,昌原科学体験館
경상남도 창원시 성산구 충혼로72번길 16 (중앙동),慶尚南道昌原市城山区忠婚路72番ギル16（中央洞）
"[요금]
기본 입장료 - 성인: 3,000원 / 청소년 ·군인: 2,500원 / 초등: 2,000원
4d 특수영상관, 플라네타룸 - 성인: 2,000원 / 청소년 ·군인: 1,500원 / 초등: 1,500원
미취학 아동 및 영유아, 다자녀 가구는 요금 면제
[이용안내]
입장 및 발권 마감: 17시","[料金]
基本入場料 - 大人：3,000ウォン/青少年・兵士：2,500ウォン/小学校：2,000ウォン
4d特殊映像館、プラネタルーム - 大人：2,000ウォン/青少年・兵士：1,500ウォン/小学校：1,500ウォン
未就学児と幼児、多子家具は料金免除
[利用案内]
入場および発券締切：17時"
"기본 입장료는 성인 3,000원, 청소년 및 군인 2,500원, 초등학생 2,000원입니다. 4D 특수영상관과 플라네타룸은 별도 요금이 필요하며, 성인 2,000원, 청소년 및 군인, 초등학생은 1,500원입니다. 미취학 아동 및 영유아, 다자녀 가구(2명 이상 자녀)는 증빙서류 지참 시 입장이 무료입니다.","基本入場料は大人3,000ウォン、青少年及び兵士2,500ウォン、小学生2,000ウォンです。 4D特殊映像館とプラネタルームは別途料金が必要で、大人2,000ウォン、青少年および兵士、小学生は1,500ウォンです。未就学児、乳幼児、多子家具（2人以上の子供）は、証明書類持参時の入場が無料です。"
오키나와 어린이나라 원더뮤지엄,沖縄こどもの国ワンダーミュージアム
"5 Chome-7-1 Goya, Okinawa, 904-0021 일본","5 Chome-7-1 Goya, Okinawa, 904-0021 日本"
"[요금]
성인: 200엔
중·고등학생: 100엔
4세~초등학생: 100엔
3세 이하: 무료
[이용안내]
시기별 영업시간
하절기(4월~9월) - 09:30~18:00(입장 마감 17시)
동절기(10월~3월) - 09:30~17:30(입장 마감 16시 30분)","[料金]
大人：200円
中・高校生：100円
4歳～小学生：100円
3歳以下：無料
[利用案内]
時期別営業時間
夏季（4月～9月） - 09:30～18:00（入場締切17時）
冬季（10月～3月） - 09:30～17:30（入場締切16時30分）"
"입장료는 성인 200엔, 중·고등학생 100엔, 4세~초등학생 100엔, 3세 이하는 무료입니다. 하절기(4월~9월)에는 09:30~18:00(입장 마감 17시), 동절기(10월~3월)에는 09:30~17:30(입장 마감 16시 30분)까지 운영합니다.",入場料は大人200円、中・高校生100円、4歳～小学生100円、3歳以下は無料です。夏季（4月～9月）には09:30～18:00（入場締切17時）、冬季（10月～3月）には09:30～17:30（入場締切16時30分）まで運営します。
멀티버스플래닛 여수,マルチバスプラネット麗水
전남 여수시 박람회길 1,全南麗水市見本市1
"[요금]
성인: 10,000원
청소년(8세~19세): 13,000원
미취학 아동(3세~7세): 8,000원
유아(24개월 이하): 무료
[이용안내]
입장마감: 16시 30분","[料金]
大人：10,000ウォン
青少年（8歳～19歳）：13,000ウォン
未就学児（3歳～7歳）：8,000ウォン
幼児（24ヶ月以下）：無料
[利用案内]
入場締切：16時30分"
월요일10:00 ~ 17:50화요일정기휴무수요일정기휴무목요일10:00 ~ 17:50금요일10:00 ~ 17:50토요일10:00 ~ 17:50일요일10:00 ~ 17:50,月曜日10:00〜17:50火曜日定休水曜日定期休業木曜日10:00〜17:50金曜日10:00〜17:50土曜日10:00〜17:50日曜日10:00〜17:50
바베큐팩토리 거북섬점,バーベキューファクトリーカメ島店
경기도 시흥시 거북섬서로 45 MTV 유통2(제2종 근생) 바베큐팩토리 거북섬점,京畿道始興市亀亀島西路45 MTV流通2（第2種近生）バーベキューファクトリー亀亀島店
"[요금]
텐트 이용료(1인): 5,000원
테이블 이용료(4인): 10,000원
[운영시간]
<평일>
1부: 12시~16시
2부: 18시~22시
<주말>
1부: 11시~14시
2부: 15시~18시
3부: 19시~22시","[料金]
テント利用料（1名）：5,000ウォン
テーブル利用料（4名）：10,000ウォン
[運営時間]
<平日>
パート1：12時～16時
パート2：18時～22時
<週末>
パート1：11時～14時
パート2：15時～18時
パート3：19時～22時"
월요일12:00 ~ 22:00화요일12:00 ~ 22:00수요일12:00 ~ 22:00목요일12:00 ~ 22:00금요일12:00 ~ 22:00토요일11:00 ~ 22:00일요일11:00 ~ 22:00,月曜日12:00～22:00火曜日12:00～22:00水曜日12:00～22:00木曜日12:00～22:00金曜日12:00～22:00土曜日11:00～22:00日曜日11:00～22:00
서울하수도과학관,ソウル下水道科学館
서울시 성동구 자동차시장3길 64,ソウル市城東区自動車市場3ギル64
"[요금]
무료
[어린이 전시실 운영시간]
1회차 : 09-11시
2회차 : 11-13시
3회차 : 13-15시
4회차 : 15-17시
회당 관람인원은 50명으로 2시간씩 운영
[이용안내]
주차요금: 30분 무료 / 30분 초과 10분당 300원","[料金]
無料
【子供展示室運営時間】
1回目：09-11時
2回目：11-13時
3回目：13-15時
4回目：15-17時
会堂観覧人員は50人で2時間ずつ運営
[利用案内]
駐車料金：30分無料/ 30分超10分あたり300ウォン"
"어린이전시실은 1회차(09-11시), 2회차(11-13시), 3회차(13-15시), 4회차(15-17시)로 회차별 2시간씩 운영되며, 회당 최대 50명이 관람할 수 있습니다.",子ども展示室は1回目（09-11時）、2回目（11-13時）、3回目（13-15時）、4回目（15-17時）で毎回2時間ずつ運営され、1回あたり最大50名が観覧できます。
"입장료는 무료입니다. 관람 시간은 화요일부터 일요일까지 오전 9시부터 오후 5시까지이며, 매주 월요일은 정기 휴관입니다.",入場料は無料です。観覧時間は火曜日から日曜日まで午前9時から午後5時までで、毎週月曜日は定休です。
부산과학체험관,釜山科学体験館
부산시 동구 중앙대로260번길 11,釜山市東区中央大路260番ギル11
"[요금]
학생 및 학부모 - 무료
성인(학생 미동만) - 2,000원
주말 프로그램 - 변동
6세 미만 - 무료","[料金]
学生と保護者 - 無料
大人（学生ミドンマン） - 2,000ウォン
週末プログラム - 変動
6歳未満 - 無料"
월요일정기휴무화요일09:30 ~ 16:30수요일09:30 ~ 16:30목요일09:30 ~ 16:30금요일09:30 ~ 16:30토요일09:30 ~ 16:30일요일09:30 ~ 16:30,月曜日定休 火曜日09:30～16:30水曜日09:30～16:30木曜日09:30～16:30金曜日09:30～16:30土曜日09:30～16:30日曜日09:30～16:30
"입장료는 학생 및 학부모는 무료, 성인(학생 미동반)은 2,000원, 6세 미만은 무료입니다. 주말 프로그램은 프로그램별로 요금이 변동될 수 있습니다.","入場料は学生および親は無料、大人（学生未同伴）は2,000ウォン、6歳未満は無料です。週末のプログラムは、プログラムごとに料金が変動する場合があります。"
김천시청소년테마파크,キムチョン市青少年テーマパーク
"[요금]
평일(1시간) - 어린이존: 6,000원 / 청소년존: 10,000원 / 실내서핑장: 20,000원
주말(1시간) - 어린이존: 8,000원 / 청소년존: 12,000원 / 실내서핑장: 23,000원
추가 요금(10분당) - 어린이존: 1,000원 / 청소년존: 2,000원
범퍼카 이용: 2,000원
VR 체험: 5,000원
[이용안내]
어린이존: 10세 미만
청소년존: 10세 이상
실내서핑장: 130cm, 30kg 이상","[料金]
平日（1時間） - 子供ゾーン：6,000ウォン/青少年ゾーン：10,000ウォン/屋内サーフィン場：20,000ウォン
週末（1時間） - 子供ゾーン：8,000ウォン/青少年ゾーン：12,000ウォン/屋内サーフィン場：23,000ウォン
追加料金（10分あたり） - 子供ゾーン：1,000ウォン/青少年ゾーン：2,000ウォン
バンパーカー利用：2,000ウォン
VR体験：5,000ウォン
[利用案内]
子供ゾーン：10歳未満
青少年ゾーン：10歳以上
屋内サーフィン場：130cm、30kg以上"
"입장 시 구역별 1시간 기준 기본 이용요금을 선결제하고, 퇴장 시 초과 이용한 시간만큼 추가 요금을 정산합니다. 평일 기준 어린이존 6,000원, 청소년존 10,000원, 실내서핑장 20,000원이며, 주말 및 공휴일은 각각 8,000원, 12,000원, 23,000원입니다. 추가요금은 10분당 어린이존 1,000원, 청소년존 2,000원이 부과됩니다. 범퍼카(2,000원)와 VR 체험(5,000원)은 별도 요금이 적용되고, 결제는 카드가 가능합니다.","入場時、区域別1時間基準の基本利用料金を前払いし、退場時に超過利用した時間だけ追加料金を精算します。平日基準 子供ゾーン6,000ウォン、青少年ゾーン10,000ウォン、室内サーフィン場20,000ウォンであり、週末及び祝日はそれぞれ8,000ウォン、12,000ウォン、23,000ウォンです。追加料金は10分あたり子供1,000ウォン、青少年ゾーン2,000ウォンが課金されます。バンパーカー（2,000ウォン）とVR体験（5,000ウォン）は別途料金が適用され、決済はカードが可能です。"
서울로봇인공지능과학관,ソウルロボット人工知能科学館
서울특별시 도봉구 마들로13길 56,ソウル特別市ドボン区マドロ13ギル56
"[요금]
어린이(0~13세): 무료
청소년(중고등학생): 무료
성인(20~64세): 2,000원(3층 상설전시) / 무료(4층 기획전시)
성인(65세 이상): 무료
자세한 메뉴 및 요금은 첨부된 이미지를 확인해 주세요.
[이용안내]
예약 관람: 전시해설 (사전예약제)
서울특별시 공공서비스 예약 사이트 사전예약
선착순 접수 (정원 15명)
관람료: 무료
자유 관람
1층 전시물 3종(AI와 모빌리티, 자율주행 3단계, 트롤리 딜레마)
2층 상시체험프로그램(자율주행연구소, 로봇팔 스낵헌터, 안녕? 메디봇)
3층 전시물 2종(메타 휴머노이드 마스크봇, 푸드엔젤로봇)","[料金]
子供（0〜13歳）：無料
青少年（中高校生）：無料
大人（20～64歳）：2,000ウォン（3階常設展示）/無料（4階企画展示）
大人（65歳以上）：無料
詳細メニューや料金は添付画像をご確認ください。
[利用案内]
予約観覧：展示解説（事前予約制）
ソウル特別市公共サービス予約サイト事前予約
先着順受付（定員15名）
観覧料：無料
自由観覧
1階展示物3種（AIとモビリティ、自律走行3段階、トロリージレンマ）
2階常時体験プログラム（自律走行研究所、ロボットアームスナックハンター、こんにちは？メディボット）
3階展示物2種（メタヒューマノイドマスクボット、フードエンジェルロボット）"
"관람 시간은 화~일요일 09:30~17:30이며, 월요일에는 휴관합니다. 입장료는 어린이(0~13세), 청소년(중고등학생), 65세 이상, 장애인 등은 무료이고, 성인(20~64세)은 3층 상설전시만 2,000원(4층 기획전시는 무료)입니다. 일부 공간(4층 기획전시실, 3층 상설전시실, 아뜰리에, 주말프로그램 등)은 서울시 공공서비스 예약사이트를 통해 사전 예약 후 이용해야 하며, 예약 없이 자유 관람도 가능한 공간(1층, 일부 2층, 일부 3층)이 있습니다. 예약 시 보호자 포함 인원 전체를 예약해야 하며, 현장 접수는 취소 수량에 한해 가능합니다. 주말에는 현장접수가 불가한 경우가 많으니 유의하세요.","観覧時間は火～日曜日09:30～17:30で、月曜日は休館します。入場料は子供（0～13歳）、青少年（中高校生）、65歳以上、障害者などは無料で、大人（20～64歳）は3階常設展示のみ2,000ウォン（4階企画展示は無料）です。一部のスペース（4階企画展示室、3階常設展示室、アトリエ、週末プログラムなど）は、ソウル市公共サービス予約サイトを通じて事前予約後に利用する必要があり、予約なしで自由観覧も可能なスペース（1階、一部2階、一部3階）があります。予約時に保護者を含む全員を予約する必要があり、現場での受付はキャンセル数量に限り可能です。週末には現場受付ができない場合が多いので注意してください。"
울산과학관,蔚山科学館
"울산광역시 남구 남부순환도로 111 울산광역시교육연구정보원, 울산과학관",蔚山広域市南区南部循環道路111蔚山広域市教育研究情報院、蔚山科学館
"[이용안내]
입장료 - 무료
휴게시간 - 12시 ~ 14시
VR체험 - 평일 14시 / 주말 11시, 14시, 15시 30분","[利用案内]
入場料 - 無料
休憩時間 - 12時〜14時
VR体験 - 平日14時/週末11時、14時、15時30分"
"울산과학관은 입장료가 무료입니다. 별도의 예약 없이 현장에서 바로 입장할 수 있습니다. 단, 인기 체험 프로그램(예: 일부 VR 체험 등)의 경우 홈페이지를 통한 사전 신청이 필요한 경우가 있으니, 해당 프로그램 참여를 원하시면 사전에 확인이 필요합니다.",蔚山科学館は入場料が無料です。別途予約なしで現場で直接入場できます。ただし、人気体験プログラム（例：一部のVR体験など）の場合、ホームページを通じて事前申請が必要な場合がありますので、該当プログラム参加をご希望の場合は事前に確認が必要です。
국립수산과학원수산과학관,国立水産科学院水産科学館
부산광역시 기장군 기장읍 기장해안로 216 수산과학원,釜山広域市キジャン郡キジャン邑キジャン海岸路216水産科学院
"[요금]
무료
[이용안내]
입장 마감: 17시 30분
월요일이 공휴일인 경우 정상 개관","[料金]
無料
[利用案内]
入場締切：17時30分
月曜日が祝日の場合、通常の開館"
"입장료는 무료입니다. 운영시간은 화~일요일 오전 9시부터 오후 6시까지이며, 입장 마감은 17시 30분입니다. 매주 월요일은 정기휴무이나, 월요일이 공휴일이면 정상 개관합니다.",入場料は無料です。営業時間は火～日曜日午前9時から午後6時までで、入場締切は17時30分です。毎週月曜日は定休ですが、月曜日が祝日の場合は通常開館します。
인천학생과학관,仁川学生科学館
인천광역시 중구 영종대로277번길 74-10 인천광역시교육청 교육과학정보원,仁川広域市中区永宗大路277番ギル74-10仁川広域市教育庁教育科学情報院
인천학생과학관은 입장료가 무료입니다. 운영시간은 화요일부터 일요일까지 오전 10시부터 오후 5시까지입니다. 월요일은 정기 휴무일입니다.,仁川学生科学館は入場料が無料です。営業時間は火曜日から日曜日まで午前10時から午後5時までです。月曜日は定休日です。
부안누에타운,ブアンヌエタウン
전북 부안군 변산면 참뽕로 434-20,全北部安郡変山面チャンポンロ434-20
"[요금]
입장권 - 3,000원
어린이 및 청소년(5세~18세) - 1,500원
4세 이하 - 무료
부안 군민, 65세 이상 - 1,500원
성인 단체 할인(20명 이상, 외국인 5명 이상) - 2,000원
체험료 - 3,000원~15,000원
VR체험 - 3,000원(120cm이상 탑승 가능, 보호자 동반 필수)
[이용안내]
체험 프로그램마다 가격이 상이하니 홈페이지를 참고
관람 종료 1시간 전까지 매표 가능
월요일이 공휴일인 경우에는 화요일 휴관
부안군 소재 숙박 업소나 식당 방문 영수증 제시하면 성인 1,000원 할인","[料金]
入場券 - 3,000ウォン
子供と青少年（5歳〜18歳） - 1,500ウォン
4歳以下 - 無料
扶安郡民、65歳以上 - 1,500ウォン
大人団体割引（20人以上、外国人5人以上） - 2,000ウォン
体験料 - 3,000ウォン～15,000ウォン
VR体験 - 3,000ウォン（120cm以上搭乗可能、保護者同伴必須）
[利用案内]
体験プログラムごとに価格が異なるので、ホームページを参照
観覧終了の1時間前まで切符可
月曜日が祝日の場合、火曜日の休館
扶安郡にある宿泊施設やレストラン訪問レシートを提示すると、大人1,000ウォン割引"
"운영시간은 화~일요일 오전 9시~오후 6시입니다(월요일 정기휴무, 월요일이 공휴일이면 화요일 휴관). 입장료는 성인 3,000원, 어린이 및 청소년(5~18세), 부안군민, 65세 이상은 1,500원, 4세 이하는 무료입니다. 20명 이상 단체 및 외국인 5명 이상은 2,000원, 부안군 소재 숙박업소나 식당 방문 영수증 제시 시 성인 1,000원 할인이 적용되니 참고하세요.","運営時間は火～日曜日午前9時～午後6時です（月曜日定休、月曜日が祝日の場合は火曜日休館）。入場料は大人3,000ウォン、子供と青少年（5～18歳）、扶安郡民、65歳以上は1,500ウォン、4歳以下は無料です。 20名以上の団体および外国人5名以上は2,000ウォン、扶安郡の宿泊施設や食堂訪問領収書の提示時、大人1,000ウォンの割引が適用されますのでご参考ください。"
포천아트밸리,ポチョンアートバレー
경기도 포천시 신북면 아트밸리로 234,京畿道浦川市新北面アートバレー234
"[요금]
<입장료>
성인: 5,000원
청소년: 3,000원
어린이(초등학생): 1,500원
미취학 아동: 무료
<모노레일 요금>
성인: 4,300원(편도) / 5,300원(왕복)
청소년: 3,300원(편도) / 4,300원(왕복)
어린이: 3,300원(편도) / 2,600원(왕복)
[이용 안내]
매달 1번째 화요일 정기 휴무
입장 마감: 18시(월~목) / 20시(금~일)","[料金]
＜入場料＞
大人：5,000ウォン
青少年：3,000ウォン
子供（小学生）：1,500ウォン
未就学児：無料
＜モノレール料金＞
大人：4,300ウォン（片道）/ 5,300ウォン（往復）
青少年: 3,300ウォン(片道) / 4,300ウォン(往復)
子供：3,300ウォン（片道）/ 2,600ウォン（往復）
【利用案内】
毎月第1火曜日定期休業
入場締切：18時（月～木）／20時（金～日）"
월요일09:00 ~ 19:00화요일09:00 ~ 19:00수요일09:00 ~ 19:00목요일09:00 ~ 19:00금요일09:00 ~ 22:00토요일09:00 ~ 22:00일요일09:00 ~ 20:00,月曜日09:00〜19:00火曜日09:00〜19:00水曜日09:00〜19:00木曜日09:00〜19:00金曜日09:00〜22:00土曜日09:00〜22:00日曜日09:00〜20:00
"포천아트밸리의 미취학 아동은 입장료와 모노레일 탑승료가 무료입니다. 어린이(초등학생)는 입장료 1,500원, 모노레일 왕복 2,600원(편도 3,300원), 청소년은 입장료 3,000원, 모노레일 왕복 4,300원(편도 3,300원), 성인은 입장료 5,000원, 모노레일 왕복 5,300원(편도 4,300원)입니다. 매달 첫 번째 화요일은 정기휴무일이니 참고해주세요.","ポチョンアートバレーの未就学児は入場料とモノレール搭乗料が無料です。子供（小学生）は入場料1,500ウォン、モノレール往復2,600ウォン（片道3,300ウォン）、青少年は入場料3,000ウォン、モノレール往復4,300ウォン（片道3,300ウォン）、大人は入場料5,000ウォン、大人は入場料5,000ウォン、 4,300ウォン）です。毎月最初の火曜日は定休日ですので参考にしてください。"
싱가포르 사이언스 센터,シンガポールサイエンスセンター
"15 Science Centre Rd, 싱가포르 609081","15 Science Centre Rd, シンガポール 609081"
"14개 갤러리, 1,000여 개의 인터랙티브 전시
다양한 주제로 꾸며진 갤러리마다 직접 만지고, 실험하며 체험할 수 있는 전시들이 가득합니다. ‘눈의 착시’, ‘거울 미로’, ‘지구와 환경’ 등 여러 주제를 통해 아이들이 과학의 원리를 자연스럽게 익힐 수 있습니다.
특별 전시 및 이색 체험
‘공포증 – 공포의 과학’ 등 감정과 심리, 자연의 신비 등 다양한 특별 전시가 마련되어 있으며, ‘불토네이도쇼’ 같은 실험 데모, ‘대왕 바퀴벌레 관찰’, ‘천문대에서의 별 관찰’ 등 일별 이벤트도 운영됩니다.
키즈스톱(KidsSTOP)
만 8세 이하 아이들이 과학과 기술을 놀이처럼 배우는 공간으로, 작은 아이들이 안전하게 즐길 수 있는 체험 위주로 설계되어 있습니다.
옴니 극장(Omni-Theatre)
싱가포르 유일의 돔형 IMAX 극장으로, 웅장한 스케일의 과학 다큐멘터리와 자연 영상을 즐길 수 있습니다.
스노우 시티(Snow City)
실내에서 영하의 눈을 즐길 수 있는 공간으로, 눈썰매와 눈사람 만들기 등 겨울 놀이를 체험할 수 있습니다.
사이언스 센터를 이용하면 야외 물놀이장을 무료로 이용할 수 있습니다. 물놀이장을 이용할 계획이라면 수영복과 여벌의 옷, 마실 물을 준비하세요.
‘사이언스 센터 옆’에는 실내 놀이시설 ‘키즈스탑’이 있으며, 어린 나이의 아이에게 적합합니다. 물놀이장까지 즐기고 싶다면 사이언스 센터와 키즈스탑 패키지 구매를 추천합니다.
온라인 예매만 가능하며 홈페이지나 해외 예약 사이트를 통해서만 티켓을 구매할 수 있습니다. 티켓 구매 후에는 큐알을 보여주고 입장해야 하며, 재입장도 가능합니다.
식사는 가격대가 높은 센터 음식점보다 근처 역으로 건너가 다양한 음식을 즐기는 것을 추천합니다.
대중교통 접근성이 뛰어나 주롱 이스트 MRT역에서 도보 8분 거리에 있으며, 실내 공간도 넓고 쾌적하여 날씨에 상관없이 방문 가능합니다.
성인: SGD 12 (한화 약 12,000원)
어린이(3~12세): SGD 8 (한화 약 8,000원)
자세한 요금은 방문 전에 예약 창에서 확인하세요.","14ギャラリー、1,000以上のインタラクティブ展示
様々なテーマで飾られたギャラリーごとに直接触れ、実験して体験できる展示がいっぱいです。 「目の錯視」、「鏡の迷路」、「地球と環境」など、さまざまなテーマで子供たちが科学の原理を自然に身につけることができます。
特別展示と異色体験
「恐怖症 - 恐怖の科学」など感情や心理、自然の謎など様々な特別展示が設けられており、「ブルトネードショー」のような実験デモ、「大王ゴキブリ観察」、「天文台での星観察」など日別イベントも運営されます。
キッズストップ(KidsSTOP)
満8歳以下の子供たちが科学と技術を遊びのように学ぶ空間で、小さな子供たちが安全に楽しめる体験中心に設計されています。
オムニ劇場
シンガポール唯一のドーム型IMAX劇場で、壮大なスケールの科学ドキュメンタリーと自然映像を楽しめます。
スノーシティ
室内で零下の雪が楽しめる空間で、雪そりや雪だるま作りなど冬の遊びを体験できます。
サイエンスセンターでは、屋外ウォータープレイグラウンドを無料で利用できます。水遊び場を利用する計画なら、水着や蜂の服、飲み物を用意してください。
「サイエンスセンターの隣」には屋内遊び施設「キッズストップ」があり、幼い年齢の子供に適しています。水遊び場まで楽しみたいならサイエンスセンターやキッズストップパッケージの購入をおすすめします。
オンライン予約のみ可能で、ホームページや海外予約サイトを通じてのみチケットを購入できます。チケット購入後は、キューアルを見せて入場する必要があり、再入場も可能です。
食事は、価格帯の高いセンターレストランよりも近くの駅に渡って様々な食べ物を楽しむことをお勧めします。
公共交通機関へのアクセスが優れており、ジュロンイーストMRT駅から徒歩8分です。
大人：SGD 12（ハンファ約12,000ウォン）
子供（3～12歳）：SGD 8（ハンファ約8,000ウォン）
詳細な料金は、訪問前に予約ウィンドウでご確認ください。"
"사이언스 센터 입장권은 온라인 사전 예매만 가능하며 공식 홈페이지 또는 해외 예약 사이트에서 구매할 수 있습니다. 성인은 SGD 12, 어린이(3~12세)는 SGD 8입니다. 3세 미만 어린이는 무료 입장입니다. 현장 구매도 수용 인원에 따라 당일 가능할 수도 있으나, 사전에 예매하는 것이 안전합니다. 입장 시 QR코드를 제시하며 재입장도 허용됩니다. 옴니 극장, 키즈스탑 등 일부 부대시설은 별도 요금이 적용됩니다.",サイエンスセンター入場券はオンライン事前予約のみ可能で、公式ホームページまたは海外予約サイトで購入できます。大人はSGD 12、子供（3～12歳）はSGD 8です。 3歳未満の子供は無料入場です。現場での購入も収容人数によっては当日可能ですが、事前に前売りすることは安全です。入場時にQRコードを提示し、再入場も許可されます。オムニ劇場、キッズストップなど一部の付帯施設は別途料金が適用されます。
에코누리 구미시 탄소제로교육관,エコヌリ亀尾市炭素ゼロ教育館
경북 구미시 금오산로 336-97,慶北亀尾市金五山路336-97
"관람 및 체험은 사전 온라인 예약이 원칙이나, 전시실의 경우 예약 인원이 미달될 시 현장 접수도 가능합니다. 특히 실내놀이터(에코정글랜드)는 사전 예약이 필수입니다. 모든 전시와 체험, 프로그램 이용은 무료입니다.",観覧および体験は事前オンライン予約が原則や、展示室の場合、予約人数が満たされない場合、現場受付も可能です。特に屋内遊び場（エコジャングランド）は事前予約が必須です。すべての展示や体験、プログラム利用は無料です。
울산중구어린이역사과학체험관,蔚山中区子ども歴史科学体験館
울산광역시 중구 새즈믄해거리 37,蔚山広域市中区サズムンハリ37
"[요금]
1인 - 3,000원","[料金]
1名 - 3,000ウォン"
"입장료는 1인당 3,000원입니다. 울산 중구 시민은 신분증 제시 시 입장료 할인을 받을 수 있습니다.","入場料は1人あたり3,000ウォンです。蔚山中区市民は、身分証明書の提示時に入場料の割引を受けることができます。"
나로우주센터 우주과학관,ナロー州センター宇宙科学館
전남 고흥군 봉래면 하반로 490,全羅南道高興郡ボンレミョン下半路490
"[요금]
성인: 3,000원
청소년/어린이: 1,500원
미취학 어린이:(7세 이하): 무료
[이용안내]
입장 마감: 17시
월요일이 공휴일인 경우 다음날 휴무","[料金]
大人：3,000ウォン
青少年/子供：1,500ウォン
未就学児：（7歳以下）：無料
[利用案内]
入場締切：17時
月曜日が祝日の場合、翌日休業"
"우주과학관은 화요일부터 일요일까지 오전 10시부터 오후 5시 30분까지 운영되며, 입장 마감은 오후 5시입니다. 매주 월요일은 정기 휴무이고, 월요일이 공휴일인 경우 다음날 휴무입니다.",宇宙科学館は火曜日から日曜日まで午前10時から午後5時30分まで運営され、入場締切は午後5時です。毎週月曜日は定休日で、月曜日が祝日の場合は翌日休業となります。
"입장료는 성인 3,000원, 청소년 및 어린이 1,500원이며, 미취학 어린이(7세 이하)는 무료입니다. (참고: 4D영상관은 내부 사정으로 운영이 중단되었습니다.)","入場料は大人3,000ウォン、青少年及び子供1,500ウォンで、未就学児（7歳以下）は無料です。 （注：4D映像館は内部事情で運営が中断されました。）"
국립대구기상과학관,国立大邱気象科学館
대구광역시 동구 효동로2길 10 대구지방기상청,大邱広域市東区ヒョドンロ2ギル10大邱地方気象庁
"[요금]
성인: 2,000원
초등학생 이상: 1,000원
미취학 아동: 무료
단체 요금은 할인가가 적용되니 자세한 사항은 첨부된 사진을 확인해 주세요.
전용 주차장 사용 가능(무료)","[料金]
大人：2,000ウォン
小学生以上：1,000ウォン
未就学児：無料
団体料金は割引が適用されますので、詳細は添付の写真をご確認ください。
専用駐車場使用可（無料）"
월요일정기 휴무화요일9:30 ~ 17:30수요일9:30 ~ 17:30목요일9:30 ~ 17:30금요일9:30 ~ 17:30토요일9:30 ~ 17:30일요일9:30 ~ 17:30,月曜日定期休業火曜日9:30～17:30水曜日9:30～17:30木曜日9:30～17:30金曜日9:30～17:30土曜日9:30～17:30日曜日9:30～17:30
"국립대구기상과학관에는 전용 주차장이 마련되어 있으며, 주차 요금은 무료입니다.",国立大邱気象科学館には専用駐車場があり、駐車料金は無料です。
최무선과학관,チェ・ムソン科学館
경북 영천시 금호읍 창산길 100-29,慶北永川市錦湖邑昌山路100-29
"[요금]
입장료: 무료
4D체험
요금: 18세 이하 1,000원 / 성인 2,000원
시간표: 10시 30분 / 11시 30분 / 13시 30분 / 14시 30분 / 15시 30분
한 타임 당 최대 인원: 38명
5분 전 결제 마감, 예약 가능
상영 시간: 15 ~ 20분
VR체험
요금: 1000원 (대소인 공통)
시간표: 10시 ~ 10시 40분 / 13시 ~ 14시 40분 / 15시 ~ 16시 40분
한 타임 당 최대 인원: 20명
10분 전 결제 마감, 예약 가능
인당 체험 시간: 8~10분","[料金]
入場料：無料
4D体験
料金：18歳以下1,000ウォン/大人2,000ウォン
時刻表：10時30分/11時30分/13時30分/14時30分/15時30分
1時間あたりの最大人数：38人
5分前の決済締切、予約可能
上映時間：15～20分
VR体験
料金：1000ウォン（大小人共通）
時刻表：10時～10時40分／13時～14時40分／15時～16時40分
1時間あたりの最大人数：20人
10分前の決済締切、予約可能
一人当たり体験時間：8～10分"
"최무선과학관의 관람 시간은 화요일부터 일요일까지 오전 10시부터 오후 5시까지이며, 매주 월요일은 정기 휴무입니다.",最武善科学館の観覧時間は火曜日から日曜日まで午前10時から午後5時までで、毎週月曜日は定休です。
최무선과학관은 입장료가 무료입니다. 전용 주차장이 넉넉하게 마련되어 있어 방문객 누구나 무료로 이용할 수 있습니다.,チェ・ムソン科学館は入場料が無料です。専用駐車場が充実しており、訪問者全員が無料で利用できます。
제천한방엑스포공원한방생명과학관,済川漢方エキスポ公園漢方生命科学館
충북 제천시 한방엑스포로 19,忠北済川市漢方エキスポロ19
"[요금]
무료
[이용안내]
운영시간 - 하절기 09:00~17:30 / 동절기 09:00~17:00","[料金]
無料
[利用案内]
営業時間 - 夏季 09:00～17:30 / 冬季 09:00～17:00"
한방생명과학관의 입장료는 무료입니다. 일부 특별 체험 프로그램은 현장 상황에 따라 유료로 운영될 수 있으니 구체적인 금액이나 운영 여부는 방문 전 사전 문의하시기 바랍니다.,漢方生命科学館の入場料は無料です。一部の特別体験プログラムは現場の状況に応じて有料で運営される場合がありますので、具体的な金額や運営の有無については、訪問前に事前にお問い合わせください。
경기도교육청미래과학교육원,京畿道教育局未来科学教育院
경기도 수원시 장안구 수일로 135 경기과학고등학교 경기도교육청미래과학교육원,京畿道水原市長安区水一路135京畿科学高等学校京畿道教育庁未来科学教育院
"[요금]
무료
[이용안내]
휴게시간 12:30~13:30","[料金]
無料
[利用案内]
休憩時間 12:30～13:30"
월요일정기휴무화요일09:30 ~ 17:00수요일09:30 ~ 17:00목요일09:30 ~ 17:00금요일09:30 ~ 17:00토요일09:30 ~ 17:00일요일09:30 ~ 17:00,月曜日定休 火曜日09:30～17:00水曜日09:30～17:00木曜日09:30～17:00金曜日09:30～17:00土曜日09:30～17:00日曜日09:30～17:00
경기도교육청미래과학교육원은 입장료와 주차비가 모두 무료입니다. 모든 전시관 및 체험 프로그램도 무료로 운영되고 있습니다. 현장에서 별도의 결제는 필요하지 않습니다.,京畿道教育庁未来科学教育院は入場料と駐車料金の両方が無料です。すべての展示館や体験プログラムも無料で運営されています。現場で別途お支払いは必要ありません。
화포천습지과학관,火浦泉湿地科学館
경남 김해시 진영읍 진영로265번길 330,慶南金海市ジンヨン邑ジンヨン路265番ギル330
"[요금]
관람료: 무료
[주말 이용]
운영 방식 - 사전 예약제(당일 예약인원 미달 시에만 현장 접수 가능)
관람 시간 - 오전: 09시~13시(입장마감: 12시)/오후: 13시 30분~18시(입장마감: 17시)","[料金]
観覧料：無料
【週末利用】
運営方法 - 事前予約制（当日予約人数未達時のみ現場受付可）
観覧時間 - 午前：09時～13時（入場締切：12時）／午後：13時30分～18時（入場締切：17時）"
대전 신세계 넥스페리움,大田新世界ネクスペリウム
대전광역시 유성구 엑스포로 1,大田広域市儒城区エキスポロ1
"[이용안내]
입장료: 22,000원
가을시즌 무제한 입장권: 50,000원
일요일 전용 3인 패키지: 45,000원
만들기 프로그램: 10,000원
요금은 방문 전 확인하시는 걸 추천드려요.
입장 마감 시간: 17시 30분","[利用案内]
入場料：22,000ウォン
秋シーズン無制限の入場券：50,000ウォン
日曜日のみ3人パッケージ：45,000ウォン
作成プログラム：10,000ウォン
料金は訪問前に確認することをお勧めします。
入場締切時間：17時30分"
월요일10:30 ~ 19:00화요일10:30 ~ 19:00수요일10:30 ~ 19:00목요일10:30 ~ 19:00금요일10:30 ~ 19:00토요일10:30 ~ 19:00일요일10:30 ~ 19:00,月曜日10:30～19:00火曜日10:30～19:00水曜日10:30～19:00木曜日10:30～19:00金曜日10:30～19:00土曜日10:30～19:00日曜日10:30～19:00
국립충주기상과학관,国立虫周期賞科学館
충북 충주시 번영대로 270-10,忠北忠州市繁栄大路270-10
"바람, 구름, 비, 눈 등 기상현상에 숨겨진 원리를 알기 쉽게 설명하는 다양한 전시 공간
4D 입체영상관 및 기상캐스터 체험관 등 최신 미디어를 활용한 체험형 전시
아이들이 카메라 앞에서 일기예보를 진행하며 기상캐스터가 된 듯한 색다른 경험
지구 라이브: 현재 지구의 날씨와 대기 오염 상태를 실시간으로 확인할 수 있는 공간
재미있는 놀이방과 1,000권이 넘는 책이 마련된 북카페로 휴식 공간도 잘 갖춰짐
운영시간: 화요일~일요일 10:00~17:30 (입장마감 17:00)
휴관일: 매주 월요일, 1월 1일, 설·추석 당일
지원되는 편의시설: 주차
지원되지 않는 편의시설: 아기의자, 수유실, 기저귀교환대, 유모차대여, 예약
어른: 2,000원
청소년 및 어린이: 1,000원
만 6세 이하: 무료
전시해설: 10:00 / 13:00 / 15:00
2층 체험교육실: 11:00 / 14:00 / 16:00
날씨를 과학과 연계하여 실험해 보고 체험해 볼 수 있는 시설들이 많아서 아이들이 흥미로워합니다.
초등학생 이상인 아이들이 방문하면 더 좋아할 것 같습니다.
2층에는 유아를 위한 볼 풀장이 있고 볼풀장 앞에 앉아 쉴 수 있는 소파와 정수기가 있습니다.
박물관 옆 야외공간에 어린이를 위한 놀이터가 있습니다.
입장권을 발권하면 1일 동안 자유롭게 들어갔다 나왔다 할 수 있어서 야외에서 놀다가 또 들어가서 박물관에서 관람할 수 있습니다.
곳곳에 포토존이 마련되어 있습니다.
전시해설 프로그램과 체험 프로그램을 운영하고 있고 전화로 예약 가능합니다.
1층에서 아이들이 책을 볼 수 있는 공간이 있고 스탬프를 찍거나 그림을 그릴 수 있는 공간이 있습니다.
2층에 물품 보관함이 있고 박물관 안이 더우니 두터운 잠바는 보관함에 보관하고 관람하는 것을 추천합니다.
주차장에 주차하고 2층으로 올라가면 입장하는 곳이 나옵니다.
충주시청에서 차로 약 6분 거리로 접근이 용이하며, 자가용 이용 시 무료 주차장이 제공됩니다.
버스는 777번, 888번을 타고 ‘충주원예농협’ 또는 ‘연수힐스테이트’에서 하차 후 도보 약 10분 소요됩니다.
다양한 체험 중심 전시로 아이들의 오감을 자극하며, 과학적 호기심을 키워줍니다.
가족 단위 방문객을 위한 편의시설(놀이방, 북카페 등)이 잘 갖춰져 있습니다.
일상에서 흔히 겪는 자연현상을 과학적으로 이해하고 환경 보호의 중요성을 자연스럽게 느낄 수 있습니다.
아이뿐만 아니라 어른도 새로운 지식을 배울 수 있는 유익한 나들이 코스입니다.
자연, 과학에 관심 많은 어린이와 학부모
체험형 학습과 실내 활동을 선호하는 가족
날씨 현상에 대한 궁금증이 많은 아이와 함께 특별한 경험을 원하는 가족","風、雲、雨、雪など気象現象に隠された原理をわかりやすく説明する様々な展示スペース
4D立体映像館や気象キャスター体験館など最新メディアを活用した体験型展示
子供たちがカメラの前で天気予報を進行して気象キャスターになったような風変わりな経験
地球ライブ：現在地球の天気と大気汚染状態をリアルタイムで確認できる空間
面白いプレイルームと1,000冊以上の本があるブックカフェで、リラクゼーションエリアも充実。
営業時間：火曜日～日曜日10:00～17:30（入場締切17:00）
休館日：毎週月曜日、1月1日、雪・秋夕当日
サポートされる設備：駐車場
サポートされていないアメニティ：ベビーチェア、授乳室、おむつ交換台、ベビーカーレンタル、予約
大人：2,000ウォン
青少年と子供：1,000ウォン
満6歳以下：無料
展示解説：10:00 / 13:00 / 15:00
2階体験教育室：11:00 / 14:00 / 16:00
天気を科学と連携して実験してみて体験できる施設が多く、子供たちが興味深いです。
小学生以上の子どもたちが訪れたらもっと好きです。
2階には幼児のためのボールプールがあり、ボールプールの前に座って休むことができるソファと浄水器があります。
博物館の隣の屋外スペースに子供のための遊び場があります。
入場券を発券すると、1日間自由に入ったり出てきたりすることができ、野外で遊んだりまた入って博物館で観覧できます。
各所にフォトゾーンがあります。
展示解説プログラムと体験プログラムを運営しており、電話で予約可能です。
1階で子供たちが本を見ることができる空間があり、スタンプを撮ったり絵を描くことができる空間があります。
2階に物品保管箱があり、博物館の中が暑いので、厚いジャンバは保管箱に保管して観覧することをお勧めします。
駐車場に駐車して2階に上がると入場するところが出ます。
忠州市役所から車で約6分でアクセスが容易です。
バスは777番、888番に乗って「忠州園芸農協」または「研修ヒルステート」で下車して徒歩約10分です。
様々な体験中心の展示で子供たちの五感を刺激し、科学的好奇心を育てます。
家族単位の訪問者のためのアメニティ施設（プレイルーム、ブックカフェなど）が充実しています。
日常でよく経験される自然現象を科学的に理解し、環境保護の重要性を自然に感じることができます。
子どもだけでなく、大人も新しい知識を学べるお得な出入りコースです。
自然、科学に興味を持つ多くの子供と親
体験型学習と室内活動を好む家族
天気現象の気になる子供と一緒に特別な経験をしたい家族"
"어른은 2,000원, 청소년 및 어린이는 1,000원이며, 만 6세 이하 유아는 무료로 입장할 수 있습니다.","大人は2,000ウォン、青少年および子供は1,000ウォンで、満6歳以下の幼児は無料で入場できます。"
어메이징파크,アメイジングパーク
경기도 포천시 신북면 탑신로 860,京畿道浦川市新北面タプシンロ860
"[요금]
어메이징+과학관패키지: 9,500원
어메이징 입장료/야외코스: 5,500원
짚라인: 10,000원(짚라인만 단독 이용 불가)
36개월 미만은 무료
[프로그램]
어메이징 + 과학관패키지
: 입장료 + 서스펜션브릿지 + 히든브릿지 + 나인존 + 솔트가든 + 과학관 + 어메이징스윙 + 치유의숲
어메이징 입장료 (야외코스)
입장료 + 서스펜션브릿지 + 히든브릿지 + 나인존 + 솔트가든 + 치유의숲
[이용안내]
입장마감 16시
연휴 및 공휴일 정상 운영","[料金]
アメイジング+科学館パッケージ：9,500ウォン
アメージング入場料/屋外コース：5,500ウォン
わらライン：10,000ウォン（わらラインのみ単独利用不可）
36ヶ月未満は無料
[プログラム]
アメイジング+科学館パッケージ
：入場料+サスペンションブリッジ+ヒドゥンブリッジ+ナインゾーン+ソルトガーデン+科学館+アメイジングスイング+癒しの森
アメージング入場料（屋外コース）
入場料+サスペンションブリッジ+ヒドゥンブリッジ+ナインゾーン+ソルトガーデン+癒しの森
[利用案内]
入場締切16時
連休・祝日の通常運営"
월요일정기휴무화요일정기휴무수요일10:00 ~ 18:00목요일10:00 ~ 18:00금요일10:00 ~ 18:00토요일10:00 ~ 18:00일요일10:00 ~ 18:00,月曜日定休 火曜日定期休業水曜日10:00～18:00木曜日10:00～18:00金曜日10:00～18:00土曜日10:00～18:00日曜日10:00～18:00
"[요금] 어메이징+과학관패키지: 9,500원 / 어메이징 입장료(야외코스): 5,500원 / 짚라인: 10,000원(입장권 소지자만 이용 가능, 단독 이용 불가) / 36개월 미만 무료입니다. 주차는 무료로 제공됩니다. 현장 구매보다 네이버 예매 등 온라인 예매 시 인당 500원 저렴하게 이용할 수 있습니다.","[料金] アメージング+科学館パッケージ：9,500ウォン / アメイジング入場料（屋外コース）：5,500ウォン / わらライン：10,000ウォン（入場券所持者のみ利用可能、単独利用不可） / 36ヶ月未満無料です。駐車場は無料で利用できます。現場購入よりネイバー前売りなどオンライン前売りの場合、一人当たり500ウォン安く利用できます。"
청주랜드 신재생에너지체험관,清州ランド新再生可能エネルギー体験館
충북 청주시 상당구 명암로 171,忠北清州市サンダン区コンアムロ171
입장료는 무료입니다. 현재(기존 정보 기준) 예약은 지원되지 않습니다. 현장 방문으로 이용할 수 있습니다.,入場料は無料です。現在（既存の情報に基づく）予約はサポートされていません。現場訪問で利用できます。
삽교호 해양테마체험관,シャベル交互海洋テーマ体験館
충남 당진시 신평면 삽교천3길 79,忠南唐津市新平面シャプギョチョン3ギル79
"[요금]
함상공원+해양테마과학관 대인 - 10,000원
함상공원+해양테마과학관 소인 - 9,000원
함상공원+해양테마과학관 우대 - 7,000원","[料金]
艦上公園+海洋テーマ科学館大人 - 10,000ウォン
艦上公園+海洋テーマ科学館小人 - 9,000ウォン
艦上公園+海洋テーマ科学館優待 - 7,000ウォン"
"함상공원과 해양테마과학관의 입장료는 대인 10,000원, 소인 9,000원, 우대 7,000원입니다. 운영시간은 화~일요일 09:00~18:00까지이며, 매주 월요일은 정기휴무입니다.","艦上公園と海洋テーマ科学館の入場料は大人10,000ウォン、小人9,000ウォン、優待7,000ウォンです。営業時間は火～日曜日09:00～18:00までで、毎週月曜日は定休です。"
광명시영유아체험센터,光明市幼児体験センター
경기도 광명시 연서일로 25 광명동초등학교 광명동초등학교복합 어울마당 지하1층,京畿道光明市ヨンソイルロ25光明洞小学校光明洞小学校複合マウルマダン地下1階
"경기도 광명시 연서일로 25, 광명동초등학교 복합시설 어울마당 지하 1층
월요일: 정기휴무
화요일~일요일: 10:00~17:30
지원되는 편의시설: 수유실, 주차(최초 2시간까지 무료, 추가 10분당 400원), 예약
지원되지 않는 편의시설: 아기의자, 기저귀교환대, 유모차대여
수유실, 기저귀교환대, 정수기, 전자레인지가 모두 갖춰져 있어 영유아를 돌보기에 좋습니다.
과학전시실, 다양한 체험 프로그램실, 영유아 놀이실로 공간이 구성되어 있습니다.
코딩 교육, 요리 등 다양한 프로그램이 있으며, 프로그램은 시기에 따라 변동되니 예약 시 확인 부탁드립니다.
정글짐과 미끄럼틀이 있는 작은 놀이실이 있으며, 물품보관함에 외투와 가방을 보관한 후 입장하실 수 있습니다.
과자, 빵 등 간단한 간식은 휴게실에서 취식 가능하지만, 배달음식이나 냄새가 강한 음식은 반입할 수 없습니다.
다자녀 가정은 무료로 입장 가능하며, 광명시민은 50% 할인됩니다.
요금

개인(7세 이하): 2,000원
개인(8세 이상): 4,000원
광명시민(7세 이하): 1,000원
광명시민(8세 이상): 2,000원
개인(7세 이하): 2,000원
개인(8세 이상): 4,000원
광명시민(7세 이하): 1,000원
광명시민(8세 이상): 2,000원
프로그램

로봇 친구랑 코딩 뚝딱
대상: 만 5세
비용: 5,000원
꼬마셰프의 요리여행
대상: 만 4~5세 어린이 및 보호자
비용: 5,000원
로봇 친구랑 코딩 뚝딱
대상: 만 5세
비용: 5,000원
대상: 만 5세
비용: 5,000원
꼬마셰프의 요리여행
대상: 만 4~5세 어린이 및 보호자
비용: 5,000원
대상: 만 4~5세 어린이 및 보호자
이용안내

운영시간: 1회차(10시~12시), 2회차(13시~15시), 3회차(15시 30분~17시 30분)
운영시간: 1회차(10시~12시), 2회차(13시~15시), 3회차(15시 30분~17시 30분)","京畿道光明市ヨンソイルロ25、光明洞小学校複合施設オウルマダン地下1階
月曜日：定休
火曜日～日曜日：10:00～17:30
サポートされる設備：授乳室、駐車場（最長2時間まで無料、追加10分あたり400ウォン）、予約
サポートされていない便利な施設：ベビーチェア、おむつ交換台、ベビーカーレンタル
授乳室、おむつ交換台、浄水器、電子レンジがすべて揃っており、乳幼児の世話をするのに最適です。
科学展示室、様々な体験プログラム室、乳幼児遊び室で空間が構成されています。
コーディング教育、料理など様々なプログラムがあり、プログラムは時期によって変動しますので、予約時にご確認ください。
ジャングルジムと滑り台がある小さな遊び場があり、物品保管箱にコートやバッグを保管した後に入場できます。
お菓子、パンなどの簡単なおやつは休憩室で飲食可能ですが、配達食品や臭いの強い食べ物は持ち込みできません。
多人家族は無料で入場可能で、光明市民は50％割引されます。
料金

個人（7歳以下）：2,000ウォン
個人（8歳以上）：4,000ウォン
光明市民（7歳以下）：1,000ウォン
光明市民（8歳以上）：2,000ウォン
個人（7歳以下）：2,000ウォン
個人（8歳以上）：4,000ウォン
光明市民（7歳以下）：1,000ウォン
光明市民（8歳以上）：2,000ウォン
プログラム

ロボットの友達とコーディング
対象：満5歳
費用：5,000ウォン
コマシェフの料理旅行
対象：満4～5歳の子供と保護者
費用：5,000ウォン
ロボットの友達とコーディング
対象：満5歳
費用：5,000ウォン
対象：満5歳
費用：5,000ウォン
コマシェフの料理旅行
対象：満4～5歳の子供と保護者
費用：5,000ウォン
対象：満4～5歳の子供と保護者
ご利用案内

運営時間：1回目（10時～12時）、2回目（13時～15時）、3回目（15時30分～17時30分）
運営時間：1回目（10時～12時）、2回目（13時～15時）、3回目（15時30分～17時30分）"
"입장료는 개인(7세 이하) 2,000원, 개인(8세 이상) 4,000원이며, 광명시민은 각각 1,000원과 2,000원으로 50% 할인이 적용됩니다. 다자녀 가정은 입장료가 무료입니다. 주요 이용 대상은 영유아 및 보호자입니다.","入場料は個人（7歳以下）2,000ウォン、個人（8歳以上）4,000ウォンで、光明市民はそれぞれ1,000ウォンと2,000ウォンで50％割引が適用されます。多子家庭は入場料が無料です。主な利用対象は乳幼児と保護者です。"
판교환경생태학습원,板橋環境生態学習院
경기도 성남시 분당구 대왕판교로645번길 21 판교생태학습원,京畿道城南市盆唐区大王板橋路645番ギル21板橋生態学習院
판교환경생태학습원은 입장료가 무료입니다. 지하주차장을 2시간 무료로 이용할 수 있습니다. 2시간 이후에는 추가 요금이 발생할 수 있으니 참고해 주세요.,板橋環境生態学習院は入場料が無料です。地下駐車場を2時間無料で利用できます。 2時間以降は追加料金が発生する場合がありますのでご参考ください。
한울에너지팜,ハンウルエネルギーファーム
경북 울진군 북면 울진북로 2040,慶北ウルジン郡北面ウルジン北路2040
월요일09:00 ~ 17:00화요일09:00 ~ 17:00수요일09:00 ~ 17:00목요일09:00 ~ 17:00금요일09:00 ~ 17:00토요일10:00 ~ 16:00일요일10:00 ~ 16:00,月曜日09:00〜17:00火曜日09:00〜17:00水曜日09:00〜17:00木曜日09:00〜17:00金曜日09:00〜17:00土曜日10:00〜16:00日曜日10:00〜16:00
국립광주과학관,国立広州科学館
광주 북구 첨단과기로 235,広州北区先端科技路235
"[요금]
상설전시관 입장료
어른: 3,000원 / 청소년 및 어린이: 2,000원 / 유아(유치원생), 경로, 우대고객: 면제
특수영상관
어른: 1,500원 / 청소년 및 어린이: 1,500원 / 유아(유치원생), 경로, 우대고객: 1,500원
스페이스 360
어른: 3,000원 / 청소년 및 어린이: 3,000원 / 유아: - / 경로, 우대고객: 1,500원
아이누리관
어른: 1,000원 / 청소년 및 어린이: - / 유아: 1,000원 / 경로, 우대고객: 면제
어린이과학관
개인: 2,000원 / 단체(20인이상): 1,500원
자세한 요금은 첨부된 이미지를 확인해 주세요.
[이용안내]
휴관일: 매주 월요일(월요일이 공휴일인 경우 공휴일 다음날), 1월 1일, 기타 지정일
입장마감: 16시 30분","[料金]
常設展示館入場料
大人：3,000ウォン/青少年と子供：2,000ウォン/幼児（幼稚園）、パス、優待顧客：免除
特殊映像館
大人：1,500ウォン/青少年および子供：1,500ウォン/幼児（幼稚園）、パス、優待顧客：1,500ウォン
スペース360
大人：3,000ウォン/青少年と子供：3,000ウォン/幼児：- /パス、優待顧客：1,500ウォン
アイヌリ館
大人：1,000ウォン/青少年と子供： - /幼児：1,000ウォン/パス、優待顧客：免除
子供科学館
個人：2,000ウォン/団体（20人以上）：1,500ウォン
詳細料金は添付画像をご確認ください。
[利用案内]
休館日：毎週月曜日（月曜日が祝日の場合は祝日の翌日）、1月1日、その他指定日
入場締切：16時30分"
"상설전시관 입장료는 어른 3,000원, 청소년 및 어린이 2,000원, 유아(유치원생), 경로, 우대고객은 무료입니다. 시설별로 입장료가 다르니 사전에 확인하세요. 주차 요금은 일반 차량 2,000원(1일), 경차 또는 친환경차 1,000원(50% 할인)이며, 장애인과 유공자는 주차요금이 면제됩니다.","常設展示館の入場料は大人3,000ウォン、青少年と子供2,000ウォン、幼児（幼稚園）、パス、優待客は無料です。施設ごとに入場料が異なりますので、事前にご確認ください。駐車料金は一般車両2,000ウォン（1日）、軽自動車またはエコカー1,000ウォン（50％割引）で、障害者と有孔者は駐車料金が免除されます。"
타이페이 시립 천문과학교육관,台北市立天文科学教育館
강원특별자치도 횡성군 우천면 전재로16번길 81,江原特別自治道横城郡雨川面全在路16番ギル81
"[요금]
<전시장>
일반(12세 이상): 40 대만달러
어린이(만 6세~11세): 20 대만달러
유아(6세 미만), 장애인: 무료
<극장(돔 극장&3d 극장)>
일반(12세 이상): 100 대만달러
어린이(12세 미만): 50 대만달러
장애인: 무료
<우주모험>","[料金]
＜展示場＞
一般（12歳以上）：40台湾ドル
子供（6歳～11歳）：20台湾ドル
幼児（6歳未満）、障害者：無料
＜劇場（ドーム劇場＆3d劇場）＞
一般（12歳以上）：100台湾ドル
子供（12歳未満）：50台湾ドル
障害者：無料
<宇宙冒険>"
월요일정기휴무화요일09:00 ~ 17:00수요일09:00 ~ 17:00목요일09:00 ~ 17:00금요일09:00 ~ 17:00토요일09:00 ~ 20:00일요일09:00 ~ 17:00,月曜日定休 火曜日09:00～17:00水曜日09:00～17:00木曜日09:00～17:00金曜日09:00～17:00土曜日09:00～20:00日曜日09:00～17:00
콩세계과학관,大豆世界科学館
경북 영주시 부석면 영부로 23,慶北永州市ブソクミョンヨンブロ23
"[요금]
무료
향후 유료 전환 계획(일반 2,000원, 청소년 1,500원, 어린이 1,000원, 6세 이하 무료) 있음
[이용안내]
하절기(3월~10월): 09시~18시
동절기(11월~2월): 09시~17시
입장 마감: 관람 종료 30분 전","[料金]
無料
今後有料転換計画（一般2,000ウォン、青少年1,500ウォン、子供1,000ウォン、6歳以下無料）あり
[利用案内]
夏季（3月～10月）：09時～18時
冬季（11月～2月）：09時～17時
入場締切：観覧終了30分前"
국립여수해양기상과학관,国立麗水海洋気象科学館
전남 여수시 오동도로 61-9,全南麗水市桐洞61-9
"날씨놀이체험관(1층): 바람, 태양, 물 등 날씨를 이루는 기본 요소를 다양한 체험형 전시와 놀이로 배울 수 있습니다.
해양기상현상관(2층): 태풍, 해일, 파도, 토네이도 등 바다에서 일어나는 기상 현상을 실감나게 체험할 수 있습니다.
해양기상관측관: 바다 날씨를 관찰하는 여러 측정 장비와 그 원리를 배울 수 있습니다.
해양기후변화관: 변화하는 바다와 기후, 미래 환경을 주제로 전시와 인터랙티브 체험이 가능합니다.
미디어아트관: 촤악 내리는 빗소리를 들으며 편안하게 앉아 감상할 수 있으며, 바다 동물 도안에 그림을 그려 화면에 띄워보는 라이브 스케치 체험도 할 수 있습니다.
실내 전시실이라 비 오는 날에도 걱정 없이 관람할 수 있습니다.
다양한 볼거리와 체험거리가 많으니 시간을 넉넉히 두고 방문하시길 추천합니다.
입장권은 입구 안 키오스크에서 발권하며, 무료 입장 대상자는 안내데스크에서 표를 받으시면 됩니다.
입장권은 사전 예약 대상이 아니지만, 초등학생 이상을 위한 해설과 체험 교육 프로그램은 모두 사전 예약이 필요합니다. (프로그램은 비정기적으로 바뀌므로 홈페이지에서 확인 권장)
수유실
기저귀교환대
주차(전용 주차장은 없으며, 동백공영주차장, 수정고가 노상공영주차장 등 주변 공영주차장 이용)
예약
물품보관함
아기의자
유모차대여
어른: 3,000원
청소년 및 어린이: 1,500원
유아(7세 이하): 무료
전시관 순회 해설(초등 이상): 매일(월요일 제외) 10:30 / 12:30 / 14:30 / 16:30
초등(저학년) 체험교육: 토요일, 일요일 10:30
초등(고학년) 체험교육: 토요일, 일요일 13:30
관람시간: 매주 화요일~일요일 10:00~17:30 (매표마감 17:00)
휴관일: 매주 월요일, 1월 1일, 설날, 추석 당일
아쿠아플라넷 여수
해오름전시실 곤충박물관
바다와 날씨, 기후변화에 관심 있는 아이와 부모님
과학 체험과 안전교육이 필요한 어린이 가족
여수 여행 중 실내에서 의미 있고 다양한 체험을 하고 싶은 가족","天気遊び体験館（1階）：風、太陽、水など天気をなす基本要素を様々な体験型展示や遊びで学ぶことができます。
海洋気象現象館（2階）：台風、津波、波、竜巻など海で起きる気象現象を実感して体験できます。
海洋気象観測管：海の天候を観察するためのいくつかの測定機器とその原理を学ぶことができます。
海洋気候変動館：変化する海と気候、将来の環境をテーマに展示やインタラクティブ体験が可能です。
メディアアート館：ちょっと下がる雨の音を聞きながら快適に座って鑑賞することができ、海の動物の絵に絵を描いて画面に浮かぶライブスケッチ体験もできます。
室内展示室なので、雨の日でも心配なく観覧できます。
様々な見どころや体験距離が多いので、時間をゆっくりとお越しください。
入場券は入口のないキオスクで発券し、無料入場対象者は案内デスクでチケットを受け取ります。
入場券は事前予約対象ではありませんが、小学生以上のための解説と体験教育プログラムはいずれも事前予約が必要です。 （プログラムは非定期的に変わるので、ホームページで確認を推奨）
授乳室
おむつ交換台
駐車場（専用駐車場はなく、椿公共駐車場、水晶高架路上公営駐車場など周辺公営駐車場利用）
予約
物品保管箱
ベビーチェア
ベビーカーレンタル
大人：3,000ウォン
青少年と子供：1,500ウォン
幼児（7歳以下）：無料
展示館巡回解説（初等以上）：毎日（月曜日を除く） 10:30 / 12:30 / 14:30 / 16:30
小学校（低学年）体験教育：土曜日、日曜日10:30
小学校（高学年）体験教育：土曜日、日曜日13:30
観覧時間：毎週火曜日～日曜日10:00～17:30（売り切れ17:00）
休館日：毎週月曜日、1月1日、旧正月、秋夕の日
アクアプラネット麗水
海上展示室昆虫博物館
海と天気、気候変動に興味のある子供と両親
科学体験と安全教育が必要な子ども家族
麗水旅行中に室内で有意義で多様な体験をしたい家族"
"입장료는 어른 3,000원, 청소년 및 어린이 1,500원이며, 유아(7세 이하)는 무료입니다. 무료 입장 대상자는 안내데스크에서 표를 발급받으셔야 합니다. (주: 65세 이상 경로우대 무료에 관한 내용은 기존 정보에는 없어 삭제했습니다.)","入場料は大人3,000ウォン、青少年および子供1,500ウォンで、幼児（7歳以下）は無料です。無料入場の対象者は、ガイドデスクでチケットを発行する必要があります。 （注：65歳以上のパス優待無料に関する内容は既存の情報にはなく削除しました。）"
양주시스마트그린포트,楊州市スマートグリーンポート
경기도 양주시 옥정로 397-13 2층,京畿道楊州市玉井路397-13 2階
"회천 4동 행정복지센터 공영주차장 옆에 있는 단독 건물로 1층은 전기차 충전소이고 체험공간은 2층입니다.
대형 디스플레이와 실감미디어를 통해 양주시의 미세먼지, 바람길, 환경 데이터를 쉽게 확인할 수 있습니다.
직접 스크린을 터치하며 바람길 분석 시뮬레이션, 미세먼지 분석 등의 다양한 대기 정보와 시뮬레이션을 체험할 수 있습니다.
'홀로렌즈 2'를 활용한 홀로그램 AR(증강현실) 체험으로 눈앞에 떠오르는 가상 오브젝트를 손으로 조작하며 환경 미션을 수행할 수 있습니다.
메타버스와 메타휴먼 등 가상현실 체험을 통해 양주시의 환경 보호 활동과 도시의 변화를 직접 경험할 수 있습니다.
DIY 체험키트 등 직접 만들고 배우는 프로그램도 운영하고 있어, 아이들의 호기심과 창의력을 키워줍니다.
XR 체험은 기기 착용 신체 조건상 8세 이상 아이들에게 추천하며, 메타버스 가상 체험은 어린 연령의 아이들에게 추천합니다.
교육실에서 다양한 연령대별 환경 교육 및 체험 활동이 정기적으로 진행됩니다.
개인 체험은 수시 자유 방문이 가능하며, 메타버스 가상 전시 체험부터 홀로그램 AR, XR 체험 등을 무료로 체험할 수 있습니다.
지원되는 편의시설: 주차
지원되지 않는 편의시설: 아기의자, 수유실, 기저귀교환대, 유모차대여, 예약
1층에는 전기차를 위한 초급속 충전기와 급속 충전기가 설치되어 있습니다. 전기차를 이용하는 가족이라면 충전과 함께 체험 공간도 이용할 수 있습니다.
대상: 양주시민뿐만 아니라 누구나 이용할 수 있습니다.
운영 시간: 화요일~일요일 10:00~18:00
휴관일: 매주 월요일
환경 교육과 미래 도시 체험에 관심 있는 가족
아이와 함께 새로운 과학 체험을 원하시는 분
전기차 충전과 함께 알찬 시간을 보내고 싶은 분
체험형 현장학습이나 단체 교육이 필요한 어린이집, 학교 단체
요금: 무료","回川4洞行政福祉センター公営駐車場の隣にある単独建物で、1階は電気自動車充電所、体験スペースは2階です。
大型ディスプレイと実感メディアにより、陽州市の微細粉塵、風道、環境データを簡単に確認できます。
ダイレクトスクリーンをタッチして、風道分析シミュレーション、微細粉塵分析などのさまざまな大気情報やシミュレーションを体験できます。
「ホロレンズ2」を活用したホログラムAR（拡張現実）体験で、目の前に浮かぶ仮想オブジェクトを手で操作し、環境ミッションを行うことができます。
メタバスやメタヒューマンなどの仮想現実体験を通じて、楊州市の環境保護活動や都市の変化を直接体験できます。
DIY体験キットなど自分で作って学ぶプログラムも運営しており、子供たちの好奇心と創造力を育ててくれます。
XR体験は機器着用の身体条件上、8歳以上の子供におすすめで、メタバス仮想体験は幼い年齢の子供におすすめです。
教育室では、さまざまな年齢別の環境教育と体験活動が定期的に行われます。
個人体験は随時自由訪問が可能で、メタバス仮想展示体験からホログラムAR、XR体験などを無料で体験できます。
サポートされる設備：駐車場
サポートされていないアメニティ：ベビーチェア、授乳室、おむつ交換台、ベビーカーレンタル、予約
1階には電気自動車用の超急速充電器と急速充電器が設置されています。電気自動車を利用する家族であれば、充電とともに体験スペースも利用できます。
対象：楊州市民だけでなく、誰でも利用できます。
営業時間：火曜日～日曜日 10:00～18:00
休館日：毎週月曜日
環境教育と未来都市体験に興味のある家族
子供と一緒に新しい科学体験をしたい方
電気自動車の充電で充実した時間を過ごしたい方
体験型現場学習や団体教育が必要な子どもたち、学校団体
料金：無料"
"모든 체험과 프로그램은 무료로 이용할 수 있습니다. 운영시간은 화요일부터 일요일까지 오전 10시부터 오후 6시까지입니다. 매주 월요일은 정기휴무이며, 기타 공휴일에는 별도의 안내가 있을 수 있습니다.",すべての体験とプログラムは無料で利用できます。営業時間は火曜日から日曜日まで午前10時から午後6時までです。毎週月曜日は定休です。その他の祝日には別途ご案内があります。
강서별빛우주과학관,江西星光宇宙科学館
서울특별시 강서구 금낭화로 178 강서별빛우주과학관,ソウル特別市江西区金嚢化路178江西星光宇宙科学館
"지하 1층(우주로 떠나다)

로비와 안내데스크, '우주배움터'가 있습니다. 아이들이 다양한 전시를 통해 우주 여행의 설렘을 느낄 수 있습니다.
로비와 안내데스크, '우주배움터'가 있습니다. 아이들이 다양한 전시를 통해 우주 여행의 설렘을 느낄 수 있습니다.
지상 1층(우주에서 놀다)

전시실, 코스모스마루, 태양계정거장이 있습니다. 실제 망원경을 관찰하고 다양한 우주 전시가 펼쳐져 있습니다.
전시실, 코스모스마루, 태양계정거장이 있습니다. 실제 망원경을 관찰하고 다양한 우주 전시가 펼쳐져 있습니다.
지상 2층(우주를 느끼다)

천체투영실이 가장 인기 있는 공간입니다. 돔 스크린에서 실제 밤하늘의 별자리와 우주의 신비를 볼 수 있으며, 다양한 미디어아트 전시도 있습니다.
천체투영실이 가장 인기 있는 공간입니다. 돔 스크린에서 실제 밤하늘의 별자리와 우주의 신비를 볼 수 있으며, 다양한 미디어아트 전시도 있습니다.
천체투영실에서는 별자리 해설 및 천문영상을 상영합니다.
만 4세~6세 유아는 전시실 무료 관람이 가능합니다.
투영실 이용 시 입장료가 있습니다.
체험 프로그램, 전시해설, 야간 천체관측 행사 등이 마련되어 있습니다.
운영시간: 화~일요일 09:30~18:00
휴관일: 매주 월요일
주말에는 사전 예약 필수입니다.
주차장이 있지만 만차일 경우가 많으므로 대중교통 이용을 추천드립니다. 방화역에서 도보 약 5~9분 거리입니다.
어린이 및 청소년(7세~18세): 1,000원
성인(19세~64세): 2,000원
영유아(6세 이하): 무료
평일 과학관 전시실 관람: 무료 (천체투영실 관람 제외)
아이가 직접 별자리와 우주를 탐험할 수 있는 특별한 경험
다양한 미디어아트 전시와 포토존
전문가의 해설을 통해 별자리 관람 및 체험이 가능합니다.","地下1階（宇宙に出る）

ロビーや案内デスク、「宇宙学習場」があります。子供たちは様々な展示を通して宇宙旅行のときめきを感じることができます。
ロビーや案内デスク、「宇宙学習場」があります。子供たちは様々な展示を通して宇宙旅行のときめきを感じることができます。
地上1階（宇宙で遊ぶ）

展示室、コスモス丸、太陽系の停留所があります。実際の望遠鏡を観察し、様々な宇宙展示が広がっています。
展示室、コスモス丸、太陽系の停留所があります。実際の望遠鏡を観察し、様々な宇宙展示が広がっています。
地上2階（宇宙を感じる）

天体投影室が最も人気のある空間です。ドームスクリーンで実際の夜空の星座や宇宙の謎を見ることができ、様々なメディアアート展示もあります。
天体投影室が最も人気のある空間です。ドームスクリーンで実際の夜空の星座や宇宙の謎を見ることができ、様々なメディアアート展示もあります。
天体投影室では、星座解説と天文映像を上映します。
満4歳～6歳の幼児は展示室の無料観覧が可能です。
投影室の利用には入場料があります。
体験プログラム、展示解説、夜間天体観測イベントなどがあります。
営業時間：火～日曜日 09:30～18:00
休館日：毎週月曜日
週末は事前予約が必須です。
駐車場がありますが満車の場合が多いので、公共交通機関の利用をおすすめします。防火駅から徒歩約5～9分です。
子供と青少年（7歳～18歳）：1,000ウォン
大人（19歳～64歳）：2,000ウォン
乳幼児（6歳以下）：無料
平日科学館展示室観覧：無料（天体投影室観覧を除く）
子供が直接星座と宇宙を探索できる特別な経験
様々なメディアアート展示とフォトゾーン
専門家の解説により、星座観覧や体験が可能です。"
"평일 과학관 전시실 관람은 무료이며(천체투영실 관람 제외), 천체투영실 관람은 어린이 및 청소년(7~18세) 1,000원, 성인(19~64세) 2,000원, 영유아(6세 이하)는 무료입니다. 특별 체험 프로그램은 별도의 참가비가 있을 수 있으니, 상세 금액은 홈페이지에서 확인해 주세요.","平日科学館展示室観覧は無料で（天体投影室観覧を除く）、天体投影室観覧は子供と青少年（7～18歳）1,000ウォン、大人（19～64歳）2,000ウォン、乳幼児（6歳以下）は無料です。特別体験プログラムは別途参加費がある場合がありますので、詳細金額はホームページでご確認ください。"
국립해양과학관,国立海洋科学館
경북 울진군 죽변면 해양과학길 8,慶北ウルジン郡竹辺面海洋科学コース8
"[요금]
무료
[이용안내]
<바닷속 전망대 운영 시간>
하절기(3월~10월): 09시 30분~17시 30분(입장마감: 17시)
동절기(11월~2월): 09시 30분~17시(입장마감: 16시 30분)","[料金]
無料
[利用案内]
＜海中展望台の運営時間＞
夏季（3月～10月）：09時30分～17時30分（入場締切：17時）
冬季（11月～2月）：09時30分～17時（入場締切：16時30分）"
"국립해양과학관의 입장료와 주차비 모두 무료로 운영되고 있습니다. 일부 특별 프로그램이나 단체 관람의 경우 예약이 필요할 수 있으나, 일반 전시 및 관람은 별도의 예약 없이 자유롭게 입장할 수 있습니다.",国立海洋科学館の入場料と駐車料金の両方が無料で運営されています。一部の特別プログラムや団体観覧の場合は予約が必要な場合がありますが、一般展示および観覧は別途予約なしで自由に入場できます。
포천아트밸리 천문과학관,ポチョンアートバレー天文科学館
경기도 포천시 신북면 아트밸리로 234 포천아트밸리 천문과학관,京畿道舒川市新北面アートバレー234ポチョンアートバレー天文科学館
"경기 북부 유일의 시립 천문과학관으로, 아이와 함께 별과 우주를 가까이서 체험할 수 있는 특별한 공간입니다.
포천아트밸리 내부에 있으며, 자연과 예술이 어우러진 멋진 풍경 속에서 과학체험이 가능합니다.
누구나 신기하고 재미있는 전시물을 직접 만지며 체험할 수 있고, 체험형 프로그램을 통해 과학적 창의성을 키울 수 있습니다.
1층: 로비, 안내데스크, 수유실, 제1전시실
2층: 제2·3전시실, 휴게실, 화장실
3층: 천체투영실(별자리 설명, 4D 특수영상 관람 등)
옥상: 천체관측실(국내 최고 수준의 망원경 설치, 태양·달·행성 관측 가능)
전시실은 자유관람이 가능하며, 관측 및 투영실 프로그램은 당일 현장 접수로 운영됩니다.
포천아트밸리에 입장하면 무료로 관람할 수 있어요.
전시실 관람만으로도 충분히 알차니 프로그램에 참여하지 않더라도 꼭 가보는 걸 추천해요.
천체 투영실 프로그램은 인기가 많아 주말에는 대기가 길어질 수 있어요.
천체투영실에서는 매시간 별자리 이야기와 특수영상을 감상할 수 있어 아이들의 호기심을 자극합니다.
4D 영상 관람은 진동이 있어서 겁 많은 아이는 참고해 주세요.
주간에는 태양 관측, 야간에는 달과 행성 관측 체험이 가능합니다.
모노레일에서 내리면 천문 과학관부터 가셔서 천체 투영실 대기부터 걸고 다른 곳 구경하면 빨라요. 2023년 11월 30일까지는 임시적으로 모노레일 운영을 중단하고 있어요.
아이의 별자리에 대해 미리 알아보고 방문하면 더 재미있게 즐길 수 있어요.
주말 과학체험교실, 과학 강연 등 다양한 교육 프로그램이 운영되어 가족 단위 방문에도 적합합니다.
전시실 관람은 신장, 연령 제한 없이 누구나 가능하지만, 천체관측/투영 프로그램은 만 5세 이상, 100cm 이상 어린이만 참여할 수 있습니다.
1층에 수유실이 있어서 필요하시면 안내 데스크에 가서 말하면 이용할 수 있어요.
입장권은 1층 안내데스크에서 당일 무료로 배부(1인당 4매까지)되며, 인터넷 예약은 불가합니다.
성인: 5,000원
청소년: 3,000원
어린이: 1,500원
경로, 포천 시민, 7세 이하: 무료
주차장: 무료
과학관 1층 데스크에서 무료 예약 후 관람 가능(100cm, 5세 이상)
월 ~ 목: 10시 ~ 17시 (30분에 한 번씩)
금, 토, 일, 공휴일: 17시 30분 ~ 20시 (30분에 한 번씩)
관측 시간 내 자유 관람(예약 불필요)
초등학생부터 이용 가능
토, 일, 공휴일만 운영: 20시 ~ 21시 30분
천체관측 프로그램은 날씨에 따라 운영이 제한될 수 있습니다.
관람객이 많거나 장비 점검 시 원하는 시간대 체험이 어려울 수 있습니다.
음식물 또는 애완동물 반입이 제한되며, 음주자는 입장이 불가합니다.
신기한 우주와 별, 행성 모형을 직접 보고 만지며 오감으로 배울 수 있습니다.
과학적 호기심을 자극하는 다양한 프로그램과 안전한 체험 환경이 제공됩니다.
자연, 예술, 과학이 어우러진 포천아트밸리와 연계해 하루 나들이 코스로도 추천할 만합니다.
천체 관측은 저녁에만 운영하고, 달, 행성, 별, 성단 등 개별 별자리 설명을 함께 들을 수 있어요.","京畿北部唯一の市立天文科学館で、子供と一緒に星と宇宙を間近で体験できる特別な空間です。
ポチョンアートバレーの内部にあり、自然と芸術が調和した素晴らしい風景の中で科学体験が可能です。
誰もが不思議で楽しい展示物に直接触れて体験でき、体験型プログラムを通じて科学的創造性を育てることができます。
1階：ロビー、案内デスク、授乳室、第1展示室
2階：第2・3展示室、休憩室、トイレ
3階：天体投影室（星座説明、4D特殊映像観覧など）
屋上：天体観測室（国内最高水準の望遠鏡設置、太陽・月・惑星観測可能）
展示室は自由観覧が可能で、観測及び投影室プログラムは当日現場受付で運営されます。
フォーチョンアートバレーに入場すると無料で観覧できます。
展示室の観覧だけでも十分に知っているので、プログラムに参加していなくてもぜひ行ってみることをおすすめします。
天体投影室プログラムは人気が多く、週末には大気が長くなることがあります。
天体投影室では毎時間星座の話や特殊映像を鑑賞でき、子供たちの好奇心を刺激します。
4D映像観覧は振動があって怖い子は参考にしてください。
昼間は太陽観測、夜間は月と惑星観測体験が可能です。
モノレールから降りると天文科学館から行って天体投影室の大気から歩き、他の場所を見れば早いです。 2023年11月30日までは一時的にモノレール運営を中断しています。
子供の星座について事前に調べて訪れると、もっと楽しく楽しめます。
週末の科学体験教室、科学講演など様々な教育プログラムが運営され、家族単位訪問にも適しています。
展示室の観覧は身長、年齢制限なしで誰でも可能ですが、天体観測/投影プログラムは満5歳以上、100cm以上の子供のみ参加できます。
1階に授乳室があり、必要なら案内デスクに行って話せば利用できます。
入場券は1階案内デスクで当日無料で配布（1人あたり4枚まで）となり、インターネット予約はできません。
大人：5,000ウォン
青少年：3,000ウォン
子供：1,500ウォン
パス、ポチョン市民、7歳以下：無料
駐車場：無料
科学館1階デスクで無料予約後に観覧可能（100cm、5歳以上）
月～木：10時～17時（30分に1回）
金、土、日、祝日：17時30分～20時（30分に1回）
観測時間内の自由観覧（予約不要）
小学生から利用可能
土、日、祝日のみ運営：20時～21時30分
天体観測プログラムは天候によって運営が制限されることがあります。
観覧客が多い場合や、機器の点検時に希望の時間帯体験が難しい場合があります。
食べ物やペットの持ち込みは制限され、飲酒者は入場できません。
不思議な宇宙と星、惑星模型を直接見て触って五感で学ぶことができます。
科学的好奇心を刺激する様々なプログラムと安全な体験環境を提供しています。
自然、芸術、科学が調和したポチョンアートバレーと連携し、一日の出入りコースとしてもおすすめです。
天体観測は夕方にのみ運営し、月、惑星、星、星団など個別の星座説明を一緒に聞くことができます。"
월요일09:30 ~ 17:30화요일09:30 ~ 17:30수요일09:30 ~ 17:30목요일09:30 ~ 17:30금요일09:30 ~ 17:30토요일09:30 ~ 17:30일요일09:30 ~ 17:30,月曜日09:30～17:30火曜日09:30～17:30水曜日09:30～17:30木曜日09:30～17:30金曜日09:30～17:30土曜日09:30～17:30日曜日09:30～17:30
"포천아트밸리는 입장료가 있습니다(성인 5,000원, 청소년 3,000원, 어린이 1,500원, 만 7세 이하, 포천 시민, 경로는 무료)이며, 천문과학관 입장 및 프로그램(천체투영실, 천체관측)은 별도의 요금 없이 무료로 이용할 수 있습니다. 주차장 이용 또한 무료입니다.","ポチョンアートバレーは入場料があります（大人5,000ウォン、青少年3,000ウォン、子供1,500ウォン、満7歳以下、ポチョン市民、経路は無料）で、天文科学館の入場およびプログラム（天体投影室、天体観測）は別途料金なしで無料で利用できます。駐車場の利用も無料です。"
충주고구려천문과학관,忠州高句麗天文科学館
충청북도 충주시 중앙탑면 묘곡내동길 100,忠清北道忠州市中央塔面墓洞100
"[요금]
입장료: 성인 - 3,000원 / 청소년 - 2,000원 / 어린이 - 1,000원
천체투영실 이용료(부대시설요금 추가) 1인: 500원
관람할인(50%): 충주시민, 65세 이상, 군인, 경찰, 장애인 등
자세한 요금 및 할인 정보는 첨부된 이미지를 확인해 주세요.
[이용안내]
휴관일: 매주 월요일(월요일이 공휴일일 경우엔 정상 개관하며 익일 휴관), 설·추석 당일, 신정, 공휴일 익일
휴게시간: 18시~19시
[프로그램]
천체 관측 프로그램 - 상시 프로그램
소요시간: 50분~1시간
참가비용: 500원~3,500원
대상: 전체(미취학은 보호자 1인 동반 필수)
별박사와 떠나는 재미있는 별자리 여행 - 특별 프로그램
소요시간: 2시간
참가비용: 1인당 20,000원
대상: 8세 이상(초등학생 이하 어린이는 보호자 1인 동반 필수)
페르세우스유성우 심야 관측회 - 특별 프로그램
참가비용: 1인당 25,000원","[料金]
入場料：大人 - 3,000ウォン / 青少年 - 2,000ウォン / 子供 - 1,000ウォン
天体投影室利用料（付帯施設料金追加） 1名：500ウォン
観覧割引（50％）：忠州市民、65歳以上、兵士、警察、障害者など
詳細な料金および割引情報は添付の画像をご確認ください。
[利用案内]
休館日：毎週月曜日（月曜日が祝日の場合は通常開館して翌日休館）、雪・秋夕当日、新定、祝日翌日
休憩時間：18時～19時
[プログラム]
天体観測プログラム - 常時プログラム
所要時間：50分～1時間
参加費用：500ウォン〜3,500ウォン
対象：全体（未就学は保護者一人同伴必須）
星博士と出発する楽しい星座旅行 - 特別プログラム
所要時間：2時間
参加費用：1人あたり20,000ウォン
対象：8歳以上（小学生以下のお子様は保護者1名同伴必須）
ペルセウス流星群深夜観測会 - 特別プログラム
参加費用：1人あたり25,000ウォン"
월요일정기휴무화요일15:00 ~ 22:30수요일15:00 ~ 22:30목요일15:00 ~ 22:30금요일15:00 ~ 22:30토요일15:00 ~ 22:30일요일15:00 ~ 22:30,月曜日定休 火曜日15:00～22:30水曜日15:00～22:30木曜日15:00～22:30金曜日15:00～22:30土曜日15:00～22:30日曜日15:00～22:30
"입장료는 성인 3,000원, 청소년 2,000원, 어린이 1,000원입니다. 천체투영실 이용료는 1인당 500원의 부대시설요금이 추가됩니다. 충주시민, 65세 이상, 군인, 경찰, 장애인 등은 입장료 50% 할인을 받을 수 있습니다. 부대시설요금(천체투영실 등)은 할인에서 제외됩니다.","入場料は大人3,000ウォン、青少年2,000ウォン、子供1,000ウォンです。天体投影室の利用料は1人あたり500ウォンの付帯施設料金が追加されます。忠州市民、65歳以上、兵士、警察、障害者などは入場料50％割引を受けることができます。付帯施設料金（天体投影室など）は割引から除外されます。"
목포어린이바다과학관,木浦子ども海科学館
전남 목포시 삼학로92번길 98,全羅南道木浦市サムハクロ92番98
"[요금]
어른 - 3,000원
청소년, 군경 - 2,000원
초등학생 - 1,000원
유치원생 - 500원
종료 1시간 전 입장마감","[料金]
大人 - 3,000ウォン
青少年、軍警 - 2,000ウォン
小学生 - 1,000ウォン
幼稚園生 - 500ウォン
終了1時間前入場締切"
"관람 시간은 화요일부터 일요일까지 오전 9시부터 오후 6시까지이고, 마지막 입장은 오후 5시까지입니다. 매주 월요일은 정기휴무입니다. 입장료는 어른 3,000원, 청소년 및 군경 2,000원, 초등학생 1,000원, 유치원생 500원입니다. 4D 입체영상관은 별도 요금(2,000원)이 필요합니다.","観覧時間は火曜日から日曜日まで午前9時から午後6時まで、最後の入場は午後5時までです。毎週月曜日は定休です。入場料は大人3,000ウォン、青少年及び軍警2,000ウォン、小学生1,000ウォン、幼稚園生500ウォンです。 4D立体映像館は別途料金（2,000ウォン）が必要です。"
국립해양문화재연구소&해양유물전시관,国立海洋文化財研究所＆海洋遺物展示館
전남 목포시 남농로 136,全南木浦市南農路136
"[요금]
무료
[이용안내]
입장 마감: 17시","[料金]
無料
[利用案内]
入場締切：17時"
조류생태과학관,鳥生態科学館
경기도 의왕시 왕송못동로 209 의왕조류생태과학관,京畿道義王市王松モドンロ209義王鳥生態科学館
"[요금]
일반관람권 - 성인 5,000원 / 학생 3,000원 / 어린이 1,000원
할인권 - 성인 2,500원 / 학생 1,500원 / 어린이 500원
[이용안내]
입장마감 - 17:00","[料金]
一般観覧券 - 大人5,000ウォン/学生3,000ウォン/子供1,000ウォン
割引券 - 大人2,500ウォン/学生1,500ウォン/子供500ウォン
[利用案内]
入場締切 - 17:00"
"관람 시간은 화요일부터 일요일까지 오전 9시부터 오후 6시까지이며, 입장 마감은 오후 5시입니다. 매주 월요일은 정기 휴무입니다.",観覧時間は火曜日から日曜日まで午前9時から午後6時までで、入場締切は午後5時です。毎週月曜日は定期休業です。
"입장료는 성인 5,000원, 학생 3,000원, 어린이 1,000원입니다. 레일바이크나 철도박물관을 같은 날 이용하면 입장권 50% 할인 혜택을 받을 수 있습니다. 전용 주차장이 있으며 주차는 무료입니다.","入場料は大人5,000ウォン、学生3,000ウォン、子供1,000ウォンです。レールバイクや鉄道博物館を同日利用すると、入場券の50％割引を受けることができます。専用駐車場があり、駐車場は無料です。"
구미어린이과학체험관,亀尾子ども科学体験館
경북 구미시 옥계북로 51,慶北グミ市玉渓北路51
"[요금]
무료
[프로그램]
매주 금요일 9시 주말 잼 랩 프로그램 신청 가능
잼 랩 주말 시간표 - 14:30 ~ 15:20 / 16:30 ~ 17:20
[영업 안내]
휴게 시간 - 12:00 ~ 13:00
사전 예약제로 운영(평일 : 1일 4회, 주말 : 1일 3회)
평일 - 10:00 ~ 11:30 / 13:00 ~ 14:20 / 14:40 ~ 16:00 / 16:20 ~ 17:40
주말 - 10:00 ~ 11:30 / 13:00 ~ 14:30 / 15:00 ~ 16:30
휴관일 - 1월 1일, 설날, 추석(연휴 포함), 공휴일","[料金]
無料
[プログラム]
毎週金曜日9時週末のジャムラッププログラム申請可能
ジャムラップ週末時刻表 - 14:30~15:20 / 16:30~17:20
【営業案内】
休憩時間 - 12:00〜13:00
事前予約ゼロ運営（平日：1日4回、週末：1日3回）
平日 - 10:00~11:30/13:00~14:20/14:40~16:00/16:20~17:40
週末 - 10:00〜11:30 / 13:00〜14:30 / 15:00〜16:30
休館日 - 1月1日、お正月、秋夕（連休を含む）、祝日"
월요일정기휴무화요일10:00 ~ 18:00수요일10:00 ~ 18:00목요일10:00 ~ 18:00금요일10:00 ~ 18:00토요일10:00 ~ 17:00일요일10:00 ~ 17:00,月曜日定休 火曜日10:00～18:00水曜日10:00～18:00木曜日10:00～18:00金曜日10:00～18:00土曜日10:00～17:00日曜日10:00～17:00
"구미어린이과학체험관은 입장료가 무료입니다. 사전 예약제로만 운영되며, 예약은 홈페이지 또는 공식 채널을 통해 할 수 있습니다. 현장 방문 시 예약 없이 입장할 수 없으니, 반드시 방문 전 원하는 날짜와 시간대를 사전에 예약해야 합니다.",亀尾子ども科学体験館は入場料が無料です。事前予約制でのみ運営され、予約はホームページまたは公式チャンネルを通じて行うことができます。現場訪問時に予約なしで入場できないため、必ず訪問前に希望の日時を事前に予約する必要があります。
태안군가족공감센터,泰安郡家族共感センター
충청남도 태안군 태안읍 백화로 181 태안군가족공감센터,忠清南道泰安郡泰安邑百貨路181泰安郡家族共感センター
"[요금]
어린이과학관 - 무료
어린이놀이터 - 무료
어린이수영장 - 초등학생 이하: 1,750원 / 보호자: 3,500원
[프로그램]
<과학원리해설>
대상: 초등학생 이상
운영 시간 - 1회차: 09시 30분~10시 / 2회차: 10시 30분~11시 / 3회차: 14시~14시 30분 / 4회차: 16시~16시 30분
[이용안내]
<어린이수영장>
평일 자유수영: 13시~15시
주말 자유수영: 09시 30분~11시 30분, 13시~15시, 15시 30분~17시 30분","[料金]
子供科学館 - 無料
子供の遊び場 - 無料
子どもプール - 小学生以下：1,750ウォン/保護者：3,500ウォン
[プログラム]
＜科学原理解説＞
対象：小学生以上
運営時間 - 1回目：09時30分～10時/2回目：10時30分～11時/3回目：14時～14時30分 / 4回目：16時～16時30分
[利用案内]
＜子供の水泳場＞
平日自由水泳：13時～15時
週末自由水泳：09時30分～11時30分、13時～15時、15時30分～17時30分"
"어린이과학관과 어린이놀이터는 무료로 이용할 수 있습니다. 어린이수영장은 초등학생 이하 아동은 1,750원, 보호자는 3,500원의 이용료가 있습니다.","子供科学館と子供の遊び場は無料で利用できます。子供の水泳場は小学生以下の子供は1,750ウォン、保護者は3,500ウォンの利用料があります。"
스페이스아날로그,スペースアナログ
경기도 과천시 상하벌로 110 국립과천과학관,京畿道果川市上下俗路110国立果川科学館
"[요금]
화성거주 체험(기본): 2,000원
화성거주 체험(심화): 10,000원
화성거주 해설: 2,000원
[프로그램]
<화성거주 체험(A) - 연료전지 조립>
평일: 10:00~10:40, 13:30~14:10
주말: 10:00~10:40
대상 연령: 초3 이상
요금: 2,000원
<화성거주 체험(B) - 태양전지 조립>
평일: 11:00~11:40, 14:30~15:10
주말: 11:00~11:40
<기본 해설 - 아날로그 및 화성거주 해설>
평일: 16:00~16:40
주말: 16:00~16:40
<심화 체험 - 아날로그 및 화성거주 체험>
평일: 운영 X
주말: 13:30~15:30
대상 연령: 초5 이상
요금: 10,000원","[料金]
華城居住体験（基本）：2,000ウォン
華城居住体験（深化）：10,000ウォン
華城居住解説：2,000ウォン
[プログラム]
<火星居住体験(A) - 燃料電池組立>
平日：10:00～10:40、13:30～14:10
週末：10:00～10:40
対象年齢：秒3以上
料金：2,000ウォン
<火星居住体験(B) - 太陽電池組立>
平日：11:00～11:40、14:30～15:10
週末：11:00～11:40
<基本解説 - アナログおよび火星居住解説>
平日：16:00～16:40
週末：16:00～16:40
＜深化体験 - アナログ及び火星居住体験＞
平日：運営X
週末：13:30～15:30
対象年齢：秒5以上
料金：10,000ウォン"
월요일정기휴무화요일10:00 ~ 16:40수요일10:00 ~ 16:40목요일10:00 ~ 16:40금요일10:00 ~ 16:40토요일10:00 ~ 16:40일요일10:00 ~ 16:40,月曜日定休 火曜日10:00～16:40水曜日10:00～16:40木曜日10:00～16:40金曜日10:00～16:40土曜日10:00～16:40日曜日10:00～16:40
서산류방택천문기상과학관,西山流訪問天文気象科学館
충남 서산시 인지면 무학로 1353-4,忠南西山市認知面武陵路1353-4
"[요금]
시설 관람: 무료
정규 프로그램(천체투영실, 천체관측실): 무료
[프로그램]
<천체관측실 프로그램>
이용: 네이버 예약 우선(잔여석에 한해 현장 발권)
예약 시간: 관람 1시간 전까지만 예약 가능, 이후에는 현장 접수
<천체투영실 프로그램>
이용: 현장 발권(1층 안내데스크) 후 이용
[이용안내]
상설전시 개방시간: 10:00~22:00
정규관람 운영시간: 14:00~22:00","[料金]
施設観覧：無料
正規プログラム（天体投影室、天体観測室）：無料
[プログラム]
＜天体観測室プログラム＞
利用：ネイバー予約優先（残余席に限り現場発券）
予約時間：観覧1時間前までのみ予約可能、以降は現場受付
＜天体投影室プログラム＞
利用：現場発券（1階案内デスク）後利用
[利用案内]
常設展示開放時間：10:00～22:00
正規観覧運営時間：14:00～22:00"
시흥 시티투어 2층버스,始興シティツアー2階バス
경기도 시흥시 거북섬4길 2 퍼스트프라자 거북섬 홍보관,京畿道始興市カメ島4ギル2ファーストプラザカメ島広報館
"[요금]
종일권: 5,000원(동반하는 6세 미만 1인: 무료)
[코스]
거북섬홍보관 - 해양생태과학관 - 배다리선착장 - 오이도박물관 - 거북섬마리나 - 거북섬홍보관
[배차 시간]
첨부된 사진 참고","[料金]
終日券：5,000ウォン（同伴する6歳未満1名：無料）
【コース】
カメ島広報館 - 海洋生態科学館 - 船橋先着場 - 大島博物館 - カメ島マリーナ - カメ島広報館
【配車時間】
添付の写真を参照"
월요일정기휴무화요일정기휴무수요일10:00 ~ 22:00목요일10:00 ~ 22:00금요일10:00 ~ 22:00토요일10:00 ~ 22:00일요일10:00 ~ 22:00,月曜日定休 火曜日定期休業水曜日10:00～22:00木曜日10:00～22:00金曜日10:00～22:00土曜日10:00～22:00日曜日10:00～22:00
경상남도교육청 과학교육원(진성과학관),慶尚南道教育庁科学教育院（真性科学館）
경상남도교육청 과학교육원 진성과학관,慶尚南道教育庁科学教育院真性科学館
경상남도 진주시 진성면 진의로 178-35 경남과학교육원,慶尚南道晋州市鎮城面鎮義路178-35慶南科学教育院
"[이용안내]
무료입장, 무료주차
점심시간 12:00~13:00(부분 관람 가능)
월요일, 공휴일 휴무
[시간 안내]
인간 vs 로봇체험
오전 10:30-50, 11:30-50
오후 14:00-14:20, 15:00-15:20
춤추는 로봇
오전 10:30,11:30 오후 14:30,15:30
[층별 안내]
지하1층 자연사관
1층 과학체험1관, 화석문화재전시관
2층 과학체험 2관
3층 곤충표본관
4층 천체체험관 , 독도체험관,천체투영관, 3D영상관
5층 천체관측실","[利用案内]
無料入場、無料駐車場
ランチ時間12:00～13:00（部分観覧可能）
月曜日、祝日は休業
【時間案内】
人間対ロボット体験
午前10:30～50、11:30～50
午後14:00～14:20、15:00～15:20
踊るロボット
午前10:30、11:30午後14:30、15:30
【階段案内】
地下1階自然史館
1階科学体験1館、化石文化再展示館
2階科学体験2館
3階昆虫標本館
4階天体体験館、独島体験館、天体投影館、3D映像館
5階天体観測室"
입장료와 주차 모두 무료입니다. 별도의 예약 없이 방문 인원만 체크하면 바로 입장하실 수 있습니다.,入場料と駐車場は無料です。別途予約なしで訪問者のみチェックするとすぐに入場できます。
올랜도 사이언스 센터(Orlando Science Center),オーランドサイエンスセンター（Orlando Science Center）
올랜도 사이언스 센터 Orlando Science Center,オーランドサイエンスセンター Orlando Science Center
"777 E Princeton St, Orlando, FL 32803 미국","777 E Princeton St, Orlando, FL 32803 アメリカ"
"[요금]
성인 - 온라인(홈페이지): 29달러 / 현장: 31달러
노인(55세 이상) - 온라인(홈페이지): 27달러 / 현장: 29달러
청소년(2~11세) - 온라인(홈페이지): 22달러 / 현장: 24달러
2세 미만 - 무료","[料金]
大人 - オンライン（ホームページ）：29ドル/現場：31ドル
高齢者（55歳以上） - オンライン（ホームページ）：27ドル/現場：29ドル
青少年（2～11歳） - オンライン（ホームページ）：22ドル/現場：24ドル
2歳未満 - 無料"
월요일10:00 ~ 17:00화요일10:00 ~ 17:00수요일정기휴무목요일10:00 ~ 17:00금요일10:00 ~ 17:00토요일10:00 ~ 17:00일요일10:00 ~ 17:00,月曜日10:00〜17:00火曜日10:00〜17:00水曜日定休日木曜日10:00〜17:00金曜日10:00〜17:00土曜日10:00〜17:00日曜日10:00〜17:00
영덕신재생에너지전시관,永徳新再生可能エネルギー展示館
경북 영덕군 영덕읍 해맞이길 254-20,慶北永徳郡永徳邑日の出254-20
"[요금]
성인 - 1,500원
청소년, 어린이 - 800원
미취학아동 - 무료
[이용안내]
관람입장 시간 - 09:00 ~ 17:30","[料金]
大人 - 1,500ウォン
青少年、子供 - 800ウォン
未就学児 - 無料
[利用案内]
観覧入場時間 - 09:00〜17:30"
"영덕신재생에너지전시관은 화요일부터 일요일까지 오전 9시부터 오후 6시까지 운영되며, 입장은 오후 5시 30분까지 가능합니다. 매주 월요일은 정기 휴무입니다.",永徳新再生エネルギー展示館は火曜日から日曜日まで午前9時から午後6時まで運営され、入場は午後5時30分まで可能です。毎週月曜日は定期休業です。
"입장료는 성인 1,500원, 청소년·어린이 800원, 미취학아동은 무료입니다. 또한 매주 마지막 주 수요일 '문화가 있는 날'은 누구나 무료로 관람할 수 있습니다.","入場料は大人1,500ウォン、青少年・子供800ウォン、未就学児は無料です。また、毎週最後の週水曜日「文化のある日」は誰でも無料で観覧できます。"
제주별빛누리공원,済州スターライトヌリ公園
제주특별자치도 제주시 선돌목동길 60 별빛누리공원,済州特別自治道済州市サンドルモクドンギル60スターライトヌリ公園
"[요금]
통합 관람료 (4D 영상관, 천체투영실, 천체관측실 동시 관람)
어른(개인) - 5,000원 / 어른(단체) - 3,000원
청소년, 군인, 어린이(개인) - 2,000원 / 청소년, 군인, 어린이(단체) - 1,200원
선택관람료(4D 영상관, 천체투영실, 천체관측실 중 1개관)
어른(개인) - 2,000원 / 어른(단체) - 1,200원
청소년, 군인, 어린이(개인) - 800원 / 청소년, 군인, 어린이(단체) - 500원
[이용안내]
휴관일 : 매주 월요일(월요일이 공휴일인 경우 공휴일 다음의 첫 번째 평일), 1월 1일, 설날, 추석날
관람 시간 : 10월 1일 ~ 3월 말 - 오후 2시부터 오후 10시까지 / 4월 1일 ~ 9월 30일 - 오후 3시~ 오후11시
관람권 구분과 면제 및 감면 대상은 첨부된 사진을 확인해주세요.
[프로그램]
월 별 다른 주제로 상시 체험부스가 운영중이니 홈페이지에서 확인해주세요.","[料金]
統合観覧料（4D映像館、天体投影室、天体観測室同時観覧）
大人(個人) - 5,000ウォン / 大人(団体) - 3,000ウォン
青少年、兵士、子供（個人） - 2,000ウォン / 青少年、兵士、子供（団体） - 1,200ウォン
選択観覧料（4D映像館、天体投影室、天体観測室のうち1室）
大人(個人) - 2,000ウォン / 大人(団体) - 1,200ウォン
青少年、兵士、子供（個人） - 800ウォン/青少年、兵士、子供（団体） - 500ウォン
[利用案内]
休館日：毎週月曜日（月曜日が祝日の場合、祝日の翌日の最初の平日）、1月1日、旧正月、秋夕
観覧時間：10月1日〜3月末 - 午後2時から午後10時まで / 4月1日〜9月30日 - 午後3時〜午後11時
観覧券の区分と免除及び減免対象は添付の写真をご確認ください。
[プログラム]
毎月別のテーマで常時体験ブースが運営中なのでホームページでご確認ください。"
"관람 시간은 4월 1일부터 9월 30일까지는 오후 3시~오후 11시, 10월 1일부터 3월 말까지는 오후 2시~오후 10시입니다. 매주 월요일은 정기휴무이며, 월요일이 공휴일일 경우에는 다음 첫 평일이 휴관입니다. 1월 1일, 설날, 추석도 휴관이니 참고하세요. 야간에도 운영하므로 별 관측 프로그램 등을 위해 늦게 방문하셔도 좋습니다.",観覧時間は4月1日から9月30日までは午後3時～午後11時、10月1日から3月末までは午後2時～午後10時です。毎週月曜日は定休日で、月曜日が祝日の場合は、次の最初の平日が休館です。 1月1日、お正月、秋夕も休館ですので参考にしてください。夜間でも運営するので、星観測プログラムなどのために遅く訪問してもいいです。
"통합 관람(4D 영상관, 천체투영실, 천체관측실 동시 관람기준)은 어른 5,000원(단체 3,000원), 청소년·군인·어린이 2,000원(단체 1,200원)입니다. 1개 관 체험시 어른 2,000원(단체 1,200원), 청소년·군인·어린이 800원(단체 500원)입니다. 통합 및 선택 관람권의 면제 또는 감면 대상, 특별 체험 프로그램 등은 현장 안내와 홈페이지에서 기준에 따라 확인 가능합니다.","統合観覧（4D映像館、天体投影室、天体観測室同時観覧基準）は大人5,000ウォン（団体3,000ウォン）、青少年・兵士・子ども2,000ウォン（団体1,200ウォン）です。 1本館体験時、大人2,000ウォン（団体1,200ウォン）、青少年・兵士・子供800ウォン（団体500ウォン）です。統合および選択観覧券の免除または減免対象、特別体験プログラムなどは、現場案内やホームページで基準に従って確認できます。"
충북과학체험관,忠北科学体験館
충북 청주시 상당구 대성로 150,忠清北道清州市サンダン区大城路150
"[요금]
무료
[운영 시간]
<과학체험관>
1회차: 09:45~11:45(300명)
2회차: 13:00~17:00(300명)
<물놀이터, 비눗방울 놀이터>
(5~10월) 10:30~11:30, 14:30~16:30
<천체투영실>
(화요일 / 목요일 / 매월 2, 3, 4주 토요일) 10:30, 14:00
[이용연령]
과학놀이터(1층): 36개월 이상 미취학 아동
상상놀이터(1층): 전 연령
2층, 3층: 초등학생 이상 체험 권장
천체투영실: 초등학생 이상 체험 가능","[料金]
無料
【運営時間】
＜科学体験館＞
1回目：09:45～11:45（300人）
2回目：13:00～17:00（300人）
＜水遊び場、石鹸滴遊び場＞
(5～10月) 10:30～11:30、14:30～16:30
＜天体投影室＞
（火曜日/木曜日/毎月2、3、4週土曜日）10:30、14:00
[利用年齢]
科学遊び場（1階）：36ヶ月以上未就学児
想像遊び場（1階）：全年齢
2階、3階：小学生以上体験推奨
天体投影室：小学生以上体験可能"
월요일정기휴무화요일09:45 ~ 17:00수요일09:45 ~ 17:00목요일09:45 ~ 17:00금요일09:45 ~ 17:00토요일09:45 ~ 17:00일요일09:45 ~ 17:00,月曜日定休 火曜日09:45～17:00水曜日09:45～17:00木曜日09:45～17:00金曜日09:45～17:00土曜日09:45～17:00日曜日09:45～17:00
제주융합과학연구원 제주과학탐구체험관,済州融合科学研究院済州科学探査体験館
제주특별자치도 제주시 산록북로 421-1 제주과학고등학교,済州特別自治道済州市山緑北路421-1済州科学高等学校
"[요금]
무료
[구성]
1층: 역동의 큐브 / 2층: 발견의 큐브 / 3층: 도약의 큐브
[프로그램]
<3D영상관> 운영 시간
1회: 10시 10분~10시 30분
2회: 12시 40분~13시
3회: 15시 10분~15시 30분
<천체투영실> 운영 시간
1회: 10시 40분~11시
2회: 15시 40분~16시
<댄스로봇> 운영 시간
1회: 11시 10분~11시 20분
2회: 13시 50분~14시
3회: 16시 10분~16시 20분
<4D 시뮬레이터> 운영 시간
1회: 11시 30분~11시 50분
2회: 14시 10분~14시 30분
[이용안내]
입장 마감 - 16시
휴관일 : 매주 월요일, 1월 1일, 추석 및 설 연휴 기간
(단, 월요일이 1월 1일, 추석 및 설연휴 기간을 제외한 공휴일이면 그 다음의 첫 번째 비공휴일이 휴관일)
관련 문의 연락처 - 주중: 064-710-0843 / 주말: 064-710-0800","[料金]
無料
[構成]
1階：ダイナミックのキューブ / 2階：発見のキューブ / 3階：飛躍のキューブ
[プログラム]
<3D映像館>営業時間
1回：10時10分～10時30分
2回：12時40分～13時
3回：15時10分～15時30分
＜天体投影室＞運営時間
1回：10時40分～11時
2回：15時40分～16時
＜ダンスロボット＞運営時間
1回：11時10分～11時20分
2回：13時50分～14時
3回：16時10分～16時20分
<4Dシミュレータ>動作時間
1回：11時30分～11時50分
2回：14時10分～14時30分
[利用案内]
入場締切 - 16時
休館日：毎週月曜日、1月1日、秋夕、雪の休日
(ただし、月曜日が1月1日、秋夕及び雪連休期間を除く祝日であれば、次の最初の非祝日が休館日)
関連お問い合わせ連絡先 - 平日: 064-710-0843 / 週末: 064-710-0800"
"제주과학탐구체험관은 입장료가 무료입니다. 운영시간은 화요일부터 일요일까지 오전 10시부터 오후 5시까지이며, 입장 마감은 오후 4시입니다. 매주 월요일, 1월 1일, 설날과 추석 연휴에는 휴관하며, 만약 월요일이 공휴일일 경우 그 다음의 첫 번째 비공휴일에 휴관합니다.",済州科学探検体験館は入場料が無料です。営業時間は火曜日から日曜日まで午前10時から午後5時までで、入場締切は午後4時です。毎週月曜日、1月1日、旧正月と秋夕の休暇には休館し、月曜日が祝日の場合は、次の最初の非祝日に休館します。
사천항공우주과학관,四川航空宇宙科学館
경남 사천시 사남면 공단1로 108,慶南四川市四南面公団1路108
"1층: 항공관
비행기의 역사와 원리, 다양한 항공기 모형 전시, 실제 비행기의 조종석을 체험할 수 있는 공간 등으로 구성되어 있습니다. 비행사, 정비사, 승무원 등 다양한 직업복을 입고 사진을 찍을 수 있는 포토존도 마련되어 있습니다.
2층: 우주관
우주 탐험과 관련된 전시물과 함께, 은하계 느낌의 천장 장식, 4D 영상관, 디오라마존, 미래 우주·항공도시 모형 등이 있습니다. 버튼을 누르면 움직이는 모형도 체험할 수 있습니다.
체험 공간
종이비행기 만들기 및 날리기 체험, VR(가상현실) 시뮬레이터, 비행기 탈출 슬라이드(미끄럼틀) 등 직접 만지고 움직이는 활동이 풍성합니다.
4D 영상관에서는 영상에 진동·바람·향기 등 오감을 자극하는 특수효과를 더해 실제 비행이나 우주탐험을 간접적으로 경험할 수 있습니다.
T-50 블랙이글스 비행 시뮬레이션 체험도 가능합니다.
에너지·환경 체험
신재생에너지로 비행기를 움직여 보는 에너지 체험존이 있어 과학적 사고력을 키우기에도 좋습니다.
시설이 전면 리뉴얼되어 내부가 쾌적하고, 아이들 눈높이에 맞춰 다양한 체험과 설명이 준비되어 있습니다.
엘리베이터, 수유실, 기저귀교환대, 유모차대여, 주차 등의 편의시설이 제공되어 관람이 편리합니다.
전시·체험 운영시간, VR·4D 등 일부 프로그램은 현장 신청 및 별도 유료 체험이 있으니, 방문 전 시간표와 가능 인원을 미리 확인하는 것이 좋습니다.
사천우주항공박물관과 인근하여 통합입장권 이용이 가능하며, 더욱 알찬 관람이 가능합니다.
1층 항공산업체험관에서는 항공 직업(조종사, 승무원, 정비사)별 의상 착용하고 포토존에서 촬영해 볼 수 있습니다.
종이비행기 날리기 및 비행기 조립키트 만들기 체험(4,000원)이 가능합니다.
4D 영상관은 초등학생 이상 관람 가능하며, 상영 시간은 17분입니다. 좌석은 선착순으로 총 50석이 있으니 미리 확인하는 것이 좋습니다.
VR 체험으로 패러글라이딩 가상 비행체험 VR, 전투기 조종사 VR, 슈퍼윙스 VR이 제공됩니다. 2층에서는 무료로 VR체험과 공기 튜브를 활용한 비행 항로체험을 즐길 수 있습니다.
우주정거장에서는 우주복을 입어볼 수 있고, 색칠놀이 등도 제공합니다.
어른: 3,000원
청소년, 군인: 2,000원
어린이: 1,500원
체험
4D영상관(어른): 2,000원
4D영상관(청소년, 군인): 1,500원
4D영상관(어린이): 1,000원
VR 가상체험(어른): 3,000원
VR 가상체험(청소년, 군인): 2,500원
VR 가상체험(어린이): 2,000원
VR 가상체험(유아): 1,500원
4D영상관(어른): 2,000원
4D영상관(청소년, 군인): 1,500원
4D영상관(어린이): 1,000원
VR 가상체험(어른): 3,000원
VR 가상체험(청소년, 군인): 2,500원
VR 가상체험(어린이): 2,000원
VR 가상체험(유아): 1,500원
슈퍼윙스 VR: 만 3세(유아) ~ 만 12세 이하
전투기 VR: 만 7세(초등학생) 이상
패러글라이딩 VR: 만 7세(초등학생) 이상
비행기와 우주에 대한 호기심이 있는 아이
직접 만지고 체험하는 것을 좋아하는 어린이
가족이 함께 과학적 상상력을 키우고 싶은 분","1階：航空館
飛行機の歴史と原理、様々な航空機模型展示、実際の飛行機のコックピットを体験できる空間などで構成されています。飛行士、整備士、乗組員など様々な職業服を着て写真を撮ることができるフォトゾーンも用意されています。
2階：宇宙館
宇宙探検に関する展示物とともに、銀河系感の天井飾り、4D映像館、ジオラマゾン、未来宇宙・航空都市模型などがあります。ボタンを押すと動くモデルも体験できます。
体験スペース
紙飛行機作りや飛行体験、VR（仮想現実）シミュレータ、飛行機脱出スライド（滑り台）など、直接触って動く活動が豊富です。
4D映像館では映像に振動・風・香りなど五感を刺激する特殊効果を加え、実際の飛行や宇宙探検を間接的に経験することができます。
T-50ブラックイーグルス飛行シミュレーション体験も可能です。
エネルギー・環境体験
再生可能エネルギーで飛行機を動かしてみるエネルギー体験ゾーンがあり、科学的思考力を育てるのにも最適です。
施設が全面リニューアルされ、内部が快適で、子供たちの目の高さに合わせて様々な体験や説明が用意されています。
エレベーター、授乳室、おむつ交換台、ベビーカーレンタル、駐車場などの便利な施設があり、観覧が便利です。
展示・体験運営時間、VR・4Dなど一部のプログラムは現場申請及び別途有料体験がありますので、訪問前の時刻表と可能人数を事前に確認することをお勧めします。
四川宇宙航空博物館に隣接して統合入場券の利用が可能で、より充実した観覧が可能です。
1階航空産業体験館では航空職業（パイロット、乗務員、整備士）別衣装着用してフォトゾーンで撮影してみることができます。
紙飛行機飛ばしおよび飛行機組立キット作り体験（4,000ウォン）が可能です。
4D映像館は小学生以上観覧可能で、上映時間は17分です。座席は先着順で合計50席ありますので、事前に確認することをお勧めします。
VR体験でパラグライディング仮想飛行体験VR、戦闘機パイロットVR、スーパーウィングスVRが提供されます。 2階では無料でVR体験とエアチューブを活用した飛行航路体験を楽しめます。
宇宙ステーションでは宇宙服を着ることができ、ぬり絵なども提供します。
大人：3,000ウォン
青少年、兵士：2,000ウォン
子供：1,500ウォン
体験
4D映像館（大人）：2,000ウォン
4D映像館（青少年、兵士）：1,500ウォン
4D映像館（子供）：1,000ウォン
VR仮想体験（大人）：3,000ウォン
VR仮想体験（青少年、兵士）：2,500ウォン
VR仮想体験（子供）：2,000ウォン
VR仮想体験（幼児）：1,500ウォン
4D映像館（大人）：2,000ウォン
4D映像館（青少年、兵士）：1,500ウォン
4D映像館（子供）：1,000ウォン
VR仮想体験（大人）：3,000ウォン
VR仮想体験（青少年、兵士）：2,500ウォン
VR仮想体験（子供）：2,000ウォン
VR仮想体験（幼児）：1,500ウォン
スーパーウィングスVR：満3歳（幼児）～満12歳以下
戦闘機VR：満7歳（小学生）以上
パラグライダーVR：満7歳（小学生）以上
飛行機と宇宙の好奇心が強い子供
直接触って体験するのが好きな子
家族が一緒に科学的想像力を育てたい人"
"[입장료] 어른 3,000원, 청소년·군인 2,000원, 어린이 1,500원입니다. [체험] 비행기 조립키트 만들기 4,000원, 4D영상관(어른 2,000원/청소년,군인 1,500원/어린이 1,000원), VR 가상체험(어른 3,000원/청소년,군인 2,500원/어린이 2,000원/유아 1,500원)입니다. 각 체험별로 연령 제한이 있으니 확인 후 이용해 주세요.","[入場料]大人3,000ウォン、青少年・兵士2,000ウォン、子供1,500ウォンです。 [体験]飛行機組み立てキット作り4,000ウォン、4D映像館（大人2,000ウォン/青少年、兵士1,500ウォン/子供1,000ウォン）、VR仮想体験（大人3,000ウォン/青少年、兵士2,500ウォン/子供1,000ウォン）各体験ごとに年齢制限がありますのでご確認の上ご利用ください。"
대전놀이과학관,大田遊園地
대전광역시 유성구 대덕대로 507-50 대전교육과학연구원,大田広域市儒城区大徳大路507-50大田教育科学研究院
"[요금]
무료
[이용안내]
3월 ~ 10월 운영시간 - 1회차 10:00 ~ 11:30 / 2회차 13:30 ~ 15:00 / 3회차 15:30 ~ 17:00
11월 ~ 2월 운영시간 - 1회차 10:00 ~ 11:20 / 2회차 13:20 ~ 14:40 / 3회차 15:00 ~ 16:00","[料金]
無料
[利用案内]
3月～10月 営業時間 - 1回目 10:00～11:30 / 2回目 13:30～15:00 / 3回目 15:30～17:00
11月～2月 営業時間 - 1回目 10:00～11:20 / 2回目 13:20～14:40 / 3回目 15:00～16:00"
서울특별시교육청융합과학교육원 남산분원 탐구학습관,ソウル特別市教育庁融合科学教育院南山分院探求学習館
서울특별시 중구 소파로 46 서울특별시교육연구정보원,ソウル特別市中区ソファロ46ソウル特別市教育研究情報院
"[요금]
무료
[이용안내]
휴게시간 - 12:00 ~ 13:00","[料金]
無料
[利用案内]
休憩時間 - 12:00〜13:00"
남산분원 탐구학습관의 입장료와 모든 체험 프로그램 이용은 무료입니다.,南山分院探求学習館の入場料と全ての体験プログラムの利用は無料です。
해양생태과학관,海洋生態科学館
경기도 시흥시 거북섬서로 35 해양생태과학관,京畿道始興市カメ島西路35海洋生態科学館
"[요금]
어린이: 4,000원
청소년/군인: 6,000원
성인: 8,000원
5세 이하의 영유아, 65세 이상: 무료
시흥시민: 50% 할인 적용
[관람 시간(사전 예약)]
1회: 10시~12시
2회: 12시~14시
3회: 14시~16시
4회: 16시~18시
[프로그램]
<해양동물 구조·치료 체험교육>
일시: 매주 금(10시 30분/13시 30분/15시 30분)
인원: 회차당 8명
소요 시간: 약 20분~30분
신청 방법: 현장 신청(선착순)
<주말 과학관 특별교육>
운영 - 1회차: 11시/2회차: 12시
신청 방법 - 홈페이지 예약
<도슨트 투어>
운영 - 1회차: 10시 10분/2회차: 14시 10분
신청 방법 - 현장 예약
[이용안내]
입장 마감: 17시 30분
휴관: 매주 월요일(월요일이 공휴일일 경우, 익일 휴관)","[料金]
子供：4,000ウォン
青少年/兵士：6,000ウォン
大人：8,000ウォン
5歳以下の乳幼児、65歳以上：無料
始興市民：50％割引適用
【観覧時間（事前予約）】
1回：10時～12時
2回：12時～14時
3回：14時～16時
4回：16時～18時
[プログラム]
＜海洋動物構造・治療体験教育＞
日時：毎週金（10時30分/13時30分/15時30分）
人数：1回につき8人
所要時間：約20分～30分
申請方法：現場申請（先着順）
＜週末科学館特別教育＞
運営 - 1回目：11時/2回目：12時
申し込み方法 - ホームページ予約
＜ドーセントツアー＞
運営 - 1回目：10時10分/2回目：14時10分
申し込み方法 - 現場予約
[利用案内]
入場締切：17時30分
休館：毎週月曜日（月曜日が祝日の場合、翌日休館）"
부천천문과학관,富川天文科学館
경기도 부천시 부천로264번길 117 도당근린공원,京畿道富川市富川路264番ギル117ドダン近隣公園
"[요금]
성인: 4,000원
아동,청소년(8~19세): 2,000원
유아(5~7세): 1,000원
부천성인시민 및 자매도시는 50% 할인
[이용안내]
휴게시간 11:30 - 12:30 / 17:30 - 18:30(금,토)
법정공휴일 다음 날 휴무
모든 체험프로그램은 5세 이상만 가능, 일부 프로그램은 초등학생 이상부터 가능
[프로그램]
천체투영관 / 강의&만들기 / 강의&관측
시기에 따라 프로그램의 내용과 진행 방식이 다를 수 있으니 예약 시 확인해 주세요.","[料金]
大人：4,000ウォン
児童・青少年（8～19歳）：2,000ウォン
幼児（5～7歳）：1,000ウォン
富川大人市民と姉妹都市の50％割引
[利用案内]
休憩時間 11:30 - 12:30 / 17:30 - 18:30(金,土)
法定祝日の翌日休業
すべての体験プログラムは5歳以上のみ可能、一部のプログラムは小学生以上から可能
[プログラム]
天体投影館/講義&作成/講義&観測
時期によってプログラムの内容と進行方法が異なる場合がありますので、予約時にご確認ください。"
월요일정기휴무화요일09:30 ~ 17:30수요일09:30 ~ 17:30목요일09:30 ~ 17:30금요일09:30 ~ 21:30토요일09:30 ~ 21:30일요일09:30 ~ 17:30,月曜日定休 火曜日09:30～17:30水曜日09:30～17:30木曜日09:30～17:30金曜日09:30～21:30土曜日09:30～21:30日曜日09:30～17:30
국립과천과학관 곤충생태관,国立果川科学館昆虫生態館
"[요금]
성인: 4,000원
청소년: 2,000원
유아: 무료","[料金]
大人：4,000ウォン
青少年：2,000ウォン
幼児：無料"
수소안전뮤지엄,水素安全ミュージアム
충북 음성군 맹동면 연미로 360-33,忠北（チョンブク）ボイス郡盆洞面ヨンミロ360-33
"수소안전뮤지엄은 충청북도 음성군 맹동면 연미로 360-33에 위치해 있으며, 한국가스안전공사가 운영하는 체험 및 교육 중심의 전시관입니다.
이곳은 가스와 수소의 안전에 대한 정보를 쉽고 재미있게 알려주며, 특히 아이들이 직접 체험하면서 자연스럽게 미래 에너지에 대한 이해를 넓힐 수 있도록 다양한 프로그램과 전시를 제공합니다.
1층에는 로비와 안내데스크, 휴게실, 체험교육실이 있으며, 2층에는 본격적인 체험과 교육이 이루어지는 공간들이 마련되어 있습니다.
가스안전체험관
가스 안전 클래스, 가스 기초 상식, 가스 누출 시 응급조치 요령 등 일상 속에서 꼭 알아야 할 안전 정보를 직관적인 그래픽과 체험형 콘텐츠로 배울 수 있습니다.
'가스안전 리마인드', '가스 안전 챔버' 등에서는 실제로 위험요소를 찾아보고, 사고 예방법을 익히는 체험도 가능합니다.
가스 안전 클래스, 가스 기초 상식, 가스 누출 시 응급조치 요령 등 일상 속에서 꼭 알아야 할 안전 정보를 직관적인 그래픽과 체험형 콘텐츠로 배울 수 있습니다.
'가스안전 리마인드', '가스 안전 챔버' 등에서는 실제로 위험요소를 찾아보고, 사고 예방법을 익히는 체험도 가능합니다.
수소안전홍보관
수소의 친환경성, 안전성, 미래 에너지로서의 가능성 등을 주제별로 영상과 전시, 다양한 모형을 통해 흥미롭게 접근할 수 있습니다.
수소 저장 용기의 안전성, 충전소의 안전 기술 등 실제 생활에 적용되는 안전장치들을 직접 살펴보고 간접적으로 체험할 수 있도록 구성되어 있습니다.
2050년 미래 수소 사회의 모습을 상상하고, 수소 경제의 의미와 국제 동향, 기후변화 극복에 관한 정보도 얻을 수 있습니다.
수소의 친환경성, 안전성, 미래 에너지로서의 가능성 등을 주제별로 영상과 전시, 다양한 모형을 통해 흥미롭게 접근할 수 있습니다.
수소 저장 용기의 안전성, 충전소의 안전 기술 등 실제 생활에 적용되는 안전장치들을 직접 살펴보고 간접적으로 체험할 수 있도록 구성되어 있습니다.
2050년 미래 수소 사회의 모습을 상상하고, 수소 경제의 의미와 국제 동향, 기후변화 극복에 관한 정보도 얻을 수 있습니다.
4D 영상관
지구의 기후변화, 미래 에너지 사회, 수소를 활용한 도시의 모습을 생생한 4D 영상으로 경험할 수 있어 어린이와 청소년들에게 특히 인기가 많습니다.
지구의 기후변화, 미래 에너지 사회, 수소를 활용한 도시의 모습을 생생한 4D 영상으로 경험할 수 있어 어린이와 청소년들에게 특히 인기가 많습니다.
수소안전뮤지엄은 가스안전 체험관, 수소안전 홍보관, 4D 영상관으로 구성되어 있습니다.
흥미로운 프로그램으로 아이들이 즐겁게 즐기며 수소에 대한 이해가 생깁니다.
관람은 무료이며, 매주 월요일과 일요일, 1월 1일 및 설·추석 연휴에는 휴관합니다. 공휴일은 운영됩니다.
운영 시간: 오전 9시 ~ 오후 6시 (점심시간 12:00~13:00에는 휴식)
체험 시작 10분 전까지 입장해야 하며, 안내 데스크에 출석 확인을 하셔야 합니다.
대기공간에서 수소에 대한 영상을 볼 수 있습니다.
수소 과학실과 수소 놀이터가 신설되었고, 수소 과학실은 사전 예약 필수이니 도슨트 투어 예약 시 함께 예약해 주세요.
관람 도중 퇴장이 불가하니 관람 전 미리 화장실을 다녀오시는 것을 추천합니다.
4D 영상관에서는 관람 중 바람과 함께 의자가 심하게 흔들리니 어지러움이 느껴지면 손을 들어 알려주세요.
해설사 선생님의 설명이 있는 도슨트 프로그램을 신청하면 이해하기가 쉬워서 더 알차게 즐길 수 있습니다.
도슨트는 홈페이지에서 사전 예약 후 방문해야 합니다.
방문 당일 수소안전뮤지엄에서 인원 변동, 방문사항 변경 등을 유선으로 체크하니 전화를 받아주세요.
1층에 가족 화장실, 수유실, 유모차 대여, 물품 보관함이 있습니다.
전용 주차장이 있으며, 주차비는 무료입니다.
전시관 앞에는 포토존도 마련되어 있어 가족 사진을 남기기에 좋습니다.
수소안전뮤지엄 주변에는 진천 석장리 고대철생산유적, 봉암성지, 맹동성지 등 역사와 자연을 느낄 수 있는 명소들이 있어 하루 일정으로 다양하게 즐기기 좋습니다.
수소라는 다소 낯선 미래 에너지를 아이와 함께 쉽고 재미있게 접할 수 있는 특별한 경험의 장입니다.
안전에 대한 지식과 태도, 미래 사회에 대한 호기심을 키울 수 있어 모든 가족에게 추천합니다.
체험형 전시와 4D 미디어, 친환경 미래 사회에 대한 정보까지, 아이와 부모 모두에게 유익하고 즐거운 시간이 될 것입니다.
요금: 무료
프로그램

정규 전시해설 프로그램
대상: 성인, 청소년, 어린이 (회차별 선착순 20명)
운영일정: 매주 화요일~토요일
운영시간: 10시, 11시, 13시, 14시, 15시, 16시
소요시간: 50분
이용방법: 안내데스크 문의
말랑말랑 수소 놀이터
대상: 7세, 초등 1~3학년 단체 예약자
교육일정: 매주 화요일~토요일 상시 운영
장소: 1층 교육장 3
시간: 60분
이용방법: 네이버 사전 예약
뚝딱뚝딱 수소 과학실
대상: 초등 4~6학년, 중등 1~3학년
교육일정: 매주 화~목요일 10시, 13시, 15시
장소: 1층 교육장 2
시간: 1시간 40분
이용방법: 네이버 사전 예약
정규 전시해설 프로그램
대상: 성인, 청소년, 어린이 (회차별 선착순 20명)
운영일정: 매주 화요일~토요일
운영시간: 10시, 11시, 13시, 14시, 15시, 16시
소요시간: 50분
이용방법: 안내데스크 문의
대상: 성인, 청소년, 어린이 (회차별 선착순 20명)
운영일정: 매주 화요일~토요일
운영시간: 10시, 11시, 13시, 14시, 15시, 16시
소요시간: 50분
이용방법: 안내데스크 문의
말랑말랑 수소 놀이터
대상: 7세, 초등 1~3학년 단체 예약자
교육일정: 매주 화요일~토요일 상시 운영
장소: 1층 교육장 3
시간: 60분
이용방법: 네이버 사전 예약
대상: 7세, 초등 1~3학년 단체 예약자
교육일정: 매주 화요일~토요일 상시 운영
장소: 1층 교육장 3
시간: 60분
이용방법: 네이버 사전 예약
뚝딱뚝딱 수소 과학실
대상: 초등 4~6학년, 중등 1~3학년
교육일정: 매주 화~목요일 10시, 13시, 15시
장소: 1층 교육장 2
시간: 1시간 40분
이용방법: 네이버 사전 예약
대상: 초등 4~6학년, 중등 1~3학년
교육일정: 매주 화~목요일 10시, 13시, 15시
장소: 1층 교육장 2
시간: 1시간 40분","水素安全ミュージアムは忠清北道音声郡盆洞面延米で360-33に位置し、韓国ガス安全公社が運営する体験および教育中心の展示館です。
ここでは、ガスや水素の安全に関する情報を簡単かつ楽しく教えてくれます。
1階にはロビーや案内デスク、休憩室、体験教育室があり、2階には本格的な体験と教育が行われる空間があります。
ガス安全体験館
ガス安全クラス、ガス基盤常識、ガス漏れ時の緊急措置など、日常の中で必ず知っておくべき安全情報を直感的なグラフィックと体験型コンテンツで学ぶことができます。
「ガス安全リマインド」、「ガス安全チャンバー」などでは、実際に危険要素を探し、事故予防法を身につける体験も可能です。
ガス安全クラス、ガス基盤常識、ガス漏れ時の緊急措置など、日常の中で必ず知っておくべき安全情報を直感的なグラフィックと体験型コンテンツで学ぶことができます。
「ガス安全リマインド」、「ガス安全チャンバー」などでは、実際に危険要素を探し、事故予防法を身につける体験も可能です。
水素安全広報館
水素の環境にやさしい、安全性、将来のエネルギーとしての可能性などをテーマ別に映像や展示、さまざまなモデルを通じて興味深くアクセスできます。
水素貯蔵容器の安全性、充電所の安全技術など、実際の生活に適用される安全装置を直接見て間接的に体験できるように構成されています。
2050年の未来水素社会の姿を想像し、水素経済の意味や国際動向、気候変動克服に関する情報も得られます。
水素の環境にやさしい、安全性、将来のエネルギーとしての可能性などをテーマ別に映像や展示、さまざまなモデルを通じて興味深くアクセスできます。
水素貯蔵容器の安全性、充電所の安全技術など、実際の生活に適用される安全装置を直接見て間接的に体験できるように構成されています。
2050年の未来水素社会の姿を想像し、水素経済の意味や国際動向、気候変動克服に関する情報も得られます。
4D映像館
地球の気候変動、未来エネルギー社会、水素を活用した都市の姿を鮮やかな4D映像で体験することができ、子供や青少年に特に人気があります。
地球の気候変動、未来エネルギー社会、水素を活用した都市の姿を鮮やかな4D映像で体験することができ、子供や青少年に特に人気があります。
水素安全ミュージアムは、ガス安全体験館、水素安全広報館、4D映像館で構成されています。
興味深いプログラムは、子供たちが楽しく楽しんで、水素についての理解をもたらします。
観覧は無料で、毎週月曜日と日曜日、1月1日および雪・秋夕連休には休館します。祝日は営業しています。
営業時間：午前9時～午後6時（ランチ時間12:00～13:00には休憩）
体験開始10分前までに入場する必要があり、案内デスクに出席確認をする必要があります。
大気空間で水素に関する映像を見ることができます。
水素科学室と水素遊び場が新設され、水素科学室は事前予約必須なので、ドーセントツアーの予約時に一緒に予約してください。
観覧中は退場ができませんので、観覧前に事前にトイレに行くことをおすすめします。
4D映像館では観覧中、風と共に椅子がひどく揺れるのでめまいが感じられたら手を挙げて教えてください。
解説士先生の説明があるドーセントプログラムを申請すると、理解しやすくなり、より充実して楽しむことができます。
ドーセントはホームページで事前予約後に訪問する必要があります。
訪問当日、水素安全ミュージアムで人員変動、訪問事項変更などを有線でチェックするので、電話を受けてください。
1階に家族トイレ、授乳室、ベビーカーレンタル、物品収納ボックスがあります。
専用駐車場があり、駐車料金は無料です。
展示館の前にはフォトゾーンもあり、家族の写真を残すのに最適です。
水素安全ミュージアム周辺には、鎮川石長里古代鉄生産遺跡、鳳岩聖地、盲洞聖地など歴史と自然を感じるスポットがあり、一日の日程で多様に楽しむことができます。
水素という多少見知らぬ未来エネルギーを子供と簡単に楽しく触れることができる特別な経験の場です。
安全に対する知識と態度、未来社会への好奇心を育てることができ、すべての家族におすすめです。
体験型展示や4Dメディア、環境にやさしい未来社会に関する情報まで、子どもと両親にとって有益で楽しい時間になります。
料金：無料
プログラム

正規展示解説プログラム
対象：大人、青少年、子供（回差別先着順20名）
運営日程：毎週火曜日～土曜日
営業時間：10時、11時、13時、14時、15時、16時
所要時間：50分
利用方法：案内デスクへのお問い合わせ
マランマラン水素遊び場
対象：7歳、初等1～3年生団体予約者
教育日程：毎週火曜日～土曜日常時運営
場所：1階教育長3
時間：60分
利用方法：ネイバー事前予約
ピクピク水素科学室
対象：初等4～6年生、中等1～3年生
教育日程：毎週火～木曜日10時、13時、15時
場所：1階教育長2
時間：1時間40分
利用方法：ネイバー事前予約
正規展示解説プログラム
対象：大人、青少年、子供（回差別先着順20名）
運営日程：毎週火曜日～土曜日
営業時間：10時、11時、13時、14時、15時、16時
所要時間：50分
利用方法：案内デスクへのお問い合わせ
対象：大人、青少年、子供（回差別先着順20名）
運営日程：毎週火曜日～土曜日
営業時間：10時、11時、13時、14時、15時、16時
所要時間：50分
利用方法：案内デスクへのお問い合わせ
マランマラン水素遊び場
対象：7歳、初等1～3年生団体予約者
教育日程：毎週火曜日～土曜日常時運営
場所：1階教育長3
時間：60分
利用方法：ネイバー事前予約
対象：7歳、初等1～3年生団体予約者
教育日程：毎週火曜日～土曜日常時運営
場所：1階教育長3
時間：60分
利用方法：ネイバー事前予約
ピクピク水素科学室
対象：初等4～6年生、中等1～3年生
教育日程：毎週火～木曜日10時、13時、15時
場所：1階教育長2
時間：1時間40分
利用方法：ネイバー事前予約
対象：初等4～6年生、中等1～3年生
教育日程：毎週火～木曜日10時、13時、15時
場所：1階教育長2
時間：1時間40分"
월요일정기휴무화요일09:00 ~ 18:00수요일09:00 ~ 18:00목요일09:00 ~ 18:00금요일09:00 ~ 18:00토요일09:00 ~ 18:00일요일정기휴무,月曜日定休 火曜日09:00～18:00水曜日09:00～18:00木曜日09:00～18:00金曜日09:00～18:00土曜日09:00～18:00日曜日定休
"수소안전뮤지엄의 관람과 체험 프로그램, 주차 등 모든 이용 요금은 무료입니다. 단, ‘말랑말랑 수소 놀이터’, ‘뚝딱뚝딱 수소 과학실’, 도슨트 투어 등 일부 프로그램은 네이버 또는 홈페이지를 통한 사전 예약이 필수이며, 사전에 예약하지 않은 경우 이용이 제한될 수 있습니다.",水素安全ミュージアムの観覧や体験プログラム、駐車場など全ての利用料金は無料です。ただし、「マランマラン水素遊び場」、「パチパチ水素科学室」、ドーセントツアーなど一部のプログラムは、ネイバーまたはホームページによる事前予約が必須であり、事前に予約していない場合、利用が制限される場合があります。
모카가든,モカガーデン
경기도 남양주시 다산순환로 50 현대프리미엄아울렛 SPACE1,京畿道南楊州市多山循環路50ヒュンダイプレミアムアウトレットSPACE1
월요일10:30 ~ 20:00화요일10:30 ~ 20:00수요일10:30 ~ 20:00목요일10:30 ~ 20:00금요일10:30 ~ 20:00토요일10:30 ~ 20:00일요일10:30 ~ 20:00,月曜日10:30〜20:00火曜日10:30〜20:00水曜日10:30〜20:00木曜日10:30〜20:00金曜日10:30〜20:00土曜日10:30〜20:00日曜日10:30〜20:00
"모카가든은 별도의 입장료나 예약 없이 누구나 무료로 입장할 수 있습니다. 현대프리미엄아울렛 SPACE1 3층에 위치해 있으며, 부담 없이 방문하실 수 있습니다.",モカガーデンは別途入場料や予約なしで誰でも無料で入場できます。現代プレミアムアウトレットSPACE1 3階に位置し、気軽に訪れることができます。
이상원미술관 뮤지엄스테이,イ・サンウォン美術館ミュージアムステイ
강원특별자치도 춘천시 사북면 화악지암길 99,江原特別自治道春川市四北面華岳地岩道99
"[요금]
시기별로 요금이 상이하여, 예약페이지를 확인해 주세요.
[뮤지엄스테이 프로그램]
미술관 관람 + 스테이 + 공방체험 + 쉼 + 자연
[부대시설]
레스토랑 라운지05 / 도자공방 / 금속공방 / 미술공방 / 카페","[料金]
時期ごとに料金が異なり、予約ページをご確認ください。
[ミュージアムステイプログラム]
美術館観覧+ステイ+工房体験+休み+自然
[付帯施設]
レストランラウンジ05 / 陶磁工房 / 金属工房 / 美術工房 / カフェ"
문화실험공간 호수,文化実験空間湖
서울특별시 송파구 송파나루길 256 문화공간 호수,ソウル特別市松坡区松坡ナルギル256文化空間湖
"입장료 무료
월요일 및 공휴일 휴관","入場料無料
月曜日と祝日の休館"
"입장료는 무료입니다. 영업시간은 화요일~일요일 10:00~20:00이며, 월요일과 공휴일은 휴관입니다.",入場料は無料です。営業時間は火曜日～日曜日10:00～20:00で、月曜日と祝日は休館です。
노랑다리미술관,イエローブリッジ美術館
경기도 가평군 청평면 양진길 42-12,京畿道加平郡清平面ヤンジンギル42-12
"입장료(음료포함) - 8,000원(성인) / 5,000원(어린이)
[시설]
온실카페, 전시관, 온실, 야외테라스, 야외전시관, 미술체험공간(그림그리기)","入場料（飲み物を含む） - 8,000ウォン（大人）/ 5,000ウォン（子供）
[施設]
温室カフェ、展示館、温室、屋外テラス、屋外展示館、美術体験空間（絵画）"
"입장료는 성인 8,000원, 어린이 5,000원이며, 입장료에는 음료 1잔이 포함되어 있습니다. 운영시간은 매일 오전 10시부터 오후 5시까지입니다.","入場料は大人8,000ウォン、子供5,000ウォンで、入場料にはドリンク1杯が含まれています。営業時間は毎日午前10時から午後5時までです。"
성수미술관 스타필드 안성점,聖水美術館スターフィールド安城店
경기도 안성시 공도읍 서동대로 3930-39 스타필드 안성 B1층 B120호,京畿道安城市公道邑西洞大路3930-39スターフィールド安城B1階B120
"[요금]
1인 이용권: 23,000원
보호자 입장권: 12,000원
자세한 메뉴 및 요금은 첨부된 이미지를 확인해 주세요.","[料金]
1人利用券：23,000ウォン
保護者の入場券：12,000ウォン
詳細メニューや料金は添付画像をご確認ください。"
"이용 시간은 무제한이지만, 주말이나 대기자가 많은 경우 2시간으로 제한될 수 있습니다. 1인 이용권은 23,000원, 보호자 입장권은 12,000원입니다.","利用時間は無制限ですが、週末や待機者が多い場合は2時間に制限されることがあります。 1人利用券は23,000ウォン、保護者の入場券は12,000ウォンです。"
어린이미술관자란다,子供美術館とは
경기도 파주시 탄현면 새오리로427번길 38-6,京畿道坡州市タンヒョンミョンセオリロ427番ギル38-6
"일반관람
어린이 20,000원 / 성인 8,000원 / 24개월 미만 무료
할인혜택: 파주 어린이 10% / 15인 이상 단체 10%
교육프로그램 참여 비용은 별도이며 각 프로그램에 따라 상이","一般観覧
子供20,000ウォン/大人8,000ウォン/ 24ヶ月未満無料
割引特典：坡州の子供10％/ 15人以上の団体10％
教育プログラム参加費用は別々であり、各プログラムによって異なります。"
월요일정기휴무화요일정기휴무수요일정기휴무목요일정기휴무금요일정기휴무토요일10:00 ~ 17:00일요일10:00 ~ 17:00,月曜日定休日火曜日定休日水曜日定休日木曜日定休日金曜日定休日土曜日10:00〜17:00日曜日10:00〜17:00
"입장료는 어린이 20,000원, 성인 8,000원이며 24개월 미만은 무료입니다. 파주 어린이는 10% 할인, 15인 이상 단체도 10% 할인 혜택이 있습니다. (65세 이상, 국가보훈대상자, 장애인 무료 입장은 기존 정보에 없어 안내하지 않습니다.) 모든 할인 및 무료 입장은 신분증이나 관련 서류가 필요할 수 있으니 준비해 주세요.","入場料は子供20,000ウォン、大人8,000ウォンで、24ヶ月未満は無料です。坡州の子供は10％割引、15人以上の団体も10％割引があります。 （65歳以上、国家保訓対象者、障がい者の無料入場は既存の情報になく案内しません。）"
르 스페이스,ルスペース
인천광역시 중구 공항문화로 127 인스파이어 1층,仁川広域市中区空港文化路127インスパイア1階
"[요금]
일반(성인): 28,000원
소인(36개월~13세): 20,000원
[이용안내]
입장마감: 20시 10분","[料金]
一般（大人）：28,000ウォン
小人（36ヶ月〜13歳）：20,000ウォン
[利用案内]
入場締切：20時10分"
"관람 시간은 약 2시간 정도 소요됩니다. 내부에는 세게 나오는 소리, 어두운 분위기, 향기 자극이 있어 예민한 분은 마스크를 챙기는 것을 추천합니다. 전시는 Part 1과 Part 2로 나뉘고, 마지막에는 우주 영상을 체험할 수 있습니다. 잠깐 쉴 수 있는 공간도 마련되어 있습니다.",観覧時間は約2時間ほどかかります。内部には強く出る音、暗い雰囲気、香りの刺激があり、敏感な方はマスクを取ることをお勧めします。展示はパート1とパート2に分かれ、最後には宇宙映像を体験できます。ちょっと休むスペースもあります。
"성인(만 14세 이상)은 28,000원, 소인(36개월~13세)은 20,000원입니다. 36개월 미만 유아는 보호자 동반 시 무료입장이 가능합니다. 입장 마감 시간은 20시 10분까지입니다.","大人（満14歳以上）は28,000ウォン、小人（36ヶ月～13歳）は20,000ウォンです。 36ヶ月未満の幼児は保護者同伴の場合、無料入場が可能です。入場締切時間は20時10分までです。"
국립현대미술관 청주,国立現代美術館清州
충청북도 청주시 청원구 상당로 314 문화제조창 청주시청제2임시청사 국립현대미술관 청주,忠清北道清州市清原区相堂路314文化製造窓清州市庁舎2臨時庁舎国立現代美術館清州
"[요금]
무료
전시별 가격이 상이하니, 자세한 내용은 홈페이지를 확인해 주세요.","[料金]
無料
展示別価格が異なりますので、詳しくはホームページをご確認ください。"
예송미술관,イェソン美術館
서울특별시 송파구 백제고분로 242 송파구의회및구민회관,ソウル特別市 松坡区百済古墳 242 松坡区議会及び区民会館
오픈그린,オープングリーン
경상북도 영천시 화산면 가래실로 364 시안미술관,慶尚北道永川市火山面痰シロ364西安美術館
"[요금]
파티하우스(돌잔치전용) - 1부 50만원 / 2부 40만원
파티하우스(일반모임) - 1부 25만원 / 2부 25만원
캠프 - 평일 12만원 / 주말 19만원
호밍(반일제 당일캠핑) - 모두 10만원 동일
피크닉(반일제 피크닉) - 모두 7만원 동일
[이용안내]
파티하우스(돌잔치전용) - 1부 11시~3시 / 2부 16시~20시
파티하우스(일반모임) - 1부 11시~3시 / 2부 16시~20시
캠프 - 평일 11시~5시 / 주말 11시~8시
호밍(반일제 당일캠핑) - 주말 1부 10시반~3시 / 주말 2부 3시반~8시 / 평일 11시~5시
피크닉(반일제 피크닉) - 주말 1부 10시반~3시 / 주말 2부 3시반~8시 / 평일 11시 ~ 5시","[料金]
パーティーハウス（石宴のみ） - 1部 50万ウォン / 2部 40万ウォン
パーティーハウス（一般会議） - 1部25万ウォン/ 2部25万ウォン
キャンプ - 平日12万ウォン/週末19万ウォン
ホーミング（反日制当日キャンプ） - すべて10万ウォン同じ
ピクニック（半日制ピクニック） - すべて7万ウォン同じ
[利用案内]
パーティーハウス（石宴のみ） - 1部11時～3時/2部16時～20時
パーティーハウス（一般会議） - 1部11時～3時/2部16時～20時
キャンプ - 平日11時～5時/週末11時～8時
ホーミング（半日制当日キャンプ） - 週末1部10時半～3時/週末2部3時半～8時/平日11時～5時
ピクニック（半日制ピクニック） - 週末1部10時半～3時/週末2部3時半～8時/平日11時～5時"
월요일정기휴무화요일정기휴무수요일정기휴무목요일정기휴무금요일정기휴무토요일10:30 ~ 20:00일요일10:30 ~ 20:00,月曜日定休日火曜日定休日水曜日定休日木曜日定休日金曜日定休日土曜日10:30〜20:00日曜日10:30〜20:00
"오픈그린은 월요일부터 금요일까지는 정기휴무이며, 토요일과 일요일 10:30~20:00에 운영됩니다. 파티하우스, 호밍, 캠프, 피크닉 등 공간별 요금이 다르며 예약제로 운영됩니다. 예약은 네이버 예약 또는 현장 안내 전화를 통해 가능합니다. 운영 시간과 공간별 이용 시간은 다를 수 있으니 사전에 꼭 확인해주세요.",オープングリーンは月曜日から金曜日まで定期休業で、土曜日と日曜日の10:30～20:00に運営されています。パーティーハウス、ホーミング、キャンプ、ピクニックなどスペース別料金が異なり、予約制で運営されています。予約は、ネイバー予約またはオンサイト案内電話を介して可能です。営業時間とスペース別利用時間は異なる場合がありますので、事前に必ずご確認ください。
화정박물관,ファジョン博物館
서울특별시 종로구 평창8길 3 화정박물관,ソウル特別市鍾路区平昌8ギル3ファジョン博物館
"[요금]
특별전: 7,000원~10,000원
상설전시: 3,000원~6,000원
보호자 동반 미취학아동: 무료
복지카드 소지자, 동반 1인: 무료
자세한 요금은 첨부된 이미지를 확인해 주세요.","[料金]
特別展：7,000ウォン～10,000ウォン
常設展示：3,000ウォン〜6,000ウォン
保護者を伴う未就学児：無料
福祉カード保有者、同伴1名：無料
詳細料金は添付画像をご確認ください。"
"화정박물관의 상설전시 입장료는 3,000원~6,000원, 특별전의 경우 7,000원~10,000원입니다. 보호자와 함께 방문하는 미취학 아동, 복지카드 소지자 및 동반 1인은 무료로 입장이 가능합니다. 특별전의 경우 요금과 관람 정책이 변동될 수 있으니 방문 전 홈페이지에서 확인해주세요.","ファジョン博物館の常設展示入場料は3,000ウォン～6,000ウォン、特別展の場合7,000ウォン～10,000ウォンです。保護者と一緒に訪れる未就学児、福祉カード所持者、同伴1人は無料で入場できます。特別展の場合、料金と観覧方針が変動する場合がありますので、訪問前のホームページでご確認ください。"
보이지 않는 거대한 미생물의 세계,見えない巨大な微生物の世界
경기도 화성시 봉담읍 동화길 146,京畿道華城市ボンダム邑東和路146
"전시 기간: 2022.11.03.(화) ~ 상시관람
관람 시간: 9:30~18:30 (화~일)
관람료: 무료
브레이크 타임: 13:30~14:30
전시 장소: 화성시어린이문화센터 2층 사이언스랩
<전시 소개>
미생물의 세계로 초대합니다. 화성시어린이문화센터의 과학체험공간 사이언스랩에서 '보이지 않는 거대한 미생물의 세계' 상설전을 마련하였습니다. 미생물과 바이러스는 눈에 보이지 않지만, 항상 우리의 삶에 공존하고 있습니다. 이들 중에는 질병을 일으키는 나쁜 균도 있지만 사람에게 도움을 주는 좋은 균도 아주 많지요. 우리 다 함께 눈에 보이지는 않지만 거대한 매력을 지닌 미생물의 세계로 떠나볼까요?","展示期間：2022.11.03.（火）～常時観覧
観覧時間：9：30～18：30（火～日）
観覧料：無料
ブレーキタイム：13:30～14:30
展示場所：華城シアリンイ文化センター2階サイエンスラップ
＜展示紹介＞
微生物の世界に招待します。華城シアリンイ文化センターの科学体験空間サイエンスラップで「見えない巨大な微生物の世界」常設展を設けました。微生物やウイルスは目に見えませんが、常に私たちの生活に共存しています。これらの中には病気を引き起こす悪い菌もありますが、人に助けを与える良い菌も非常に多いですね。私たちはみんな一緒に目に見えませんが、巨大な魅力を持つ微生物の世界に出かけましょうか？"
월요일정기휴무화요일9:30 ~ 18:30수요일9:30 ~ 18:30목요일9:30 ~ 18:30금요일9:30 ~ 18:30토요일9:30 ~ 18:30일요일9:30 ~ 18:30,月曜日定休 火曜日9:30～18:30水曜日9:30～18:30木曜日9:30～18:30金曜日9:30～18:30土曜日9:30～18:30日曜日9:30～18:30
"보이지 않는 거대한 미생물의 세계' 전시는 무료로 상시 관람이 가능하며, 별도의 예약이 필요하지 않은 상설 전시입니다. 단, 일부 프로그램(예: 1층 키즈체험관)은 사전 예약이 필요할 수 있으니 방문 전 확인하시기 바랍니다.",見えない巨大な微生物の世界展は無料で常時観覧が可能で、別途予約が必要ない常設展示です。ただし、一部のプログラム（例：1階キッズ体験館）は事前予約が必要な場合がありますので、訪問前にご確認ください。
제주현대미술관,済州現代美術館
제주특별자치도 제주시 한경면 저지14길 35 제주현대미술관,済州特別自治道済州市漢慶面ジャージ14ギル35済州現代美術館
"[이용시간]
본관 : 09:00 - 18:00
공공수장고 : 10:00 ~ 17:20(입장시간)
하절기(7월~9월): 본관 19:00, 공공수장고 18:20 (마지막 상영)
[본관 이용요금]
어른(25세이상~64세이하) : 2,000원 / 단체(10인이상) : 1,400원
청소년/군인(13세이상~24세이하/ 제복입은 하사관 이하 군인) : 1,000원 / 단체(10인이상) : 700원
어린이(7세이상~12세이하) : 500원 / 단체(10인이상) : 300원","[利用時間]
本館：09:00 - 18:00
公共収蔵庫：10:00～17:20（入場時間）
夏季（7月～9月）：本館19:00、公共水蔵庫18:20（最終上映）
【本館利用料金】
大人（25歳以上～64歳以下）：2,000ウォン/団体（10人以上）：1,400ウォン
青少年/軍人(13歳以上～24歳以下/制服入荷下士官以下軍人)：1,000ウォン/団体(10人以上)：700ウォン
子供（7歳以上～12歳以下）：500ウォン/団体（10人以上）：300ウォン"
"제주현대미술관은 화요일부터 일요일까지 오전 9시부터 오후 7시까지 운영합니다. 월요일은 정기 휴무입니다. (추가적으로 설날, 추석, 1월 1일 휴관 여부는 공식 홈페이지를 참고해주세요.)",済州現代美術館は火曜日から日曜日まで午前9時から午後7時まで運営しています。月曜日は定期休業です。 （追加的にお正月、秋夕、1月1日休館かどうかは公式ホームページをご覧ください。）
"입장료는 어른(25세~64세) 2,000원, 청소년/군인(13~24세/제복 입은 하사관 이하) 1,000원, 어린이(7~12세) 500원입니다. 단체(10인 이상)는 각각 1,400원, 700원, 300원으로 할인됩니다. 만 6세 이하, 만 65세 이상, 장애인, 국가유공자 등은 무료 관람이 가능합니다. (정확한 할인 대상은 공식 홈페이지 참고) 매월 마지막 주 수요일 '문화가 있는 날'에는 무료입장이 가능합니다.","入場料は大人（25歳～64歳）2,000ウォン、青少年／兵士（13～24歳／制服を着た下士官以下）1,000ウォン、子供（7～12歳）500ウォンです。団体（10人以上）はそれぞれ1,400ウォン、700ウォン、300ウォンに割引されます。満6歳以下、満65歳以上、障害者、国家有功者などは無料観覧が可能です。 （正確な割引対象は公式ホームページ参照） 毎月最後の週水曜日「文化のある日」には無料入場が可能です。"
하슬라아트월드,ハスラアートワールド
강원 강릉시 강동면 율곡로 1441,江原江陵市江東面渓谷路1441
"[입장료]
미술관+박물관+조각공원(성인) - 15,000원
미술관+박물관+조각공원(청소년) - 13,000원
미술관+박물관+조각공원(어린이) - 11,000원
자사 홈페이지 관람권 할인 구매가능 - 변동","【入場料】
美術館+博物館+彫刻公園(大人) - 15,000ウォン
美術館+博物館+彫刻公園(青少年) - 13,000ウォン
美術館+博物館+彫刻公園(子供) - 11,000ウォン
自社ホームページ観覧券割引購入可 - 変動"
"미술관, 박물관, 조각공원 통합 입장료는 성인 15,000원, 청소년 13,000원, 어린이 11,000원입니다. 36개월 이하 유아는 무료입장이며, 모바일로 티켓을 구매하면 할인된 가격으로 이용할 수 있습니다. 요금은 변동될 수 있으니 방문 전 공식 홈페이지를 참고해 주세요.","美術館、博物館、彫刻公園統合入場料は大人15,000ウォン、青少年13,000ウォン、子供11,000ウォンです。 36ヶ月以下の幼児は無料入場で、モバイルでチケットを購入すると割引価格で利用できます。料金は変動する場合がありますので、訪問前の公式ホームページをご覧ください。"
토끼별미술관,ウサギ別美術館
천안시 서북구 성거읍 소댕이2길 1-17,天安市西北区聖邑ソダン2ギル1-17
"[요금]
도예체험: 25,000원
물레체험: 35,000원
[이용안내]
소요시간: 도예체험 - 1시간 30분 / 물레체험 - 1시간
이용시간:
도예체험 - 11시, 13시, 15시 / 물레체험 - 10시 30분, 11시 15분, 12시, 13시 15분, 14시, 15시 15분, 16시","[料金]
陶芸体験：25,000ウォン
ムレ体験：35,000ウォン
[利用案内]
所要時間：陶芸体験 - 1時間30分 / ムレ体験 - 1時間
利用時間：
陶芸体験 - 11時、13時、15時 / ムレ体験 - 10時30分、11時15分、12時、13時15分、14時、15時15分、16時"
월요일정기휴무화요일정기휴무수요일정기휴무목요일정기휴무금요일정기휴무토요일10:30 ~ 16:00일요일10:30 ~ 16:00,月曜日定休日火曜日定休日水曜日定休日木曜日定休日金曜日定休日土曜日10:30〜16:00日曜日10:30〜16:00
경기도미술관,京畿道美術館
경기도 안산시 단원구 동산로 268 경기도미술관 경기도미술관,京畿道安山市丹原区東山路268京畿道美術館京畿道美術館
"[요금]
무료
[이용안내]
입장 마감: 17시
[프로그램(26년 2월 기준)]
전시해설: 무료, 현장 접수
전시연계(마음 꺼내어보기): 무료, 체험 공간에 비치된 메세지 카드를 이용한 자율참여
전시연계(비(飛)물질: 표현과 생각 사이의 틈): 무료, 관객 참여 퍼포먼스, 매주 토,일 13:00~15:00","[料金]
無料
[利用案内]
入場締切：17時
【プログラム（26年2月基準）】
展示解説：無料、現場受付
展示連携（心取り出し）：無料、体験空間に備えられたメッセージカードを利用した自律参加
展示連携（飛物質：表現と考えの間の隙間）：無料、観客参加パフォーマンス、毎週土、日 13:00～15:00"
울산시립미술관,蔚山市立美術館
울산 중구 도서관길 72,蔚山中区図書館道72
"입장 마감 17:30
도슨트 운영 : 평일(화~금) 오후 2시 / 주말 오후 2시, 4시 (40분 소요)
[관람료]
성인 1,000원
대학학생 700원
울산시민은 관람료 50% 할인(증빙서류 지참)
19세 미만, 65세 이상 무료","入場締め切り 17:30
ドーソント運営：平日（火～金）午後2時／週末午後2時、4時（40分かかります）
【観覧料】
大人1,000ウォン
大学学生700ウォン
蔚山市民は観覧料の50％割引（証明書類持参）
19歳未満、65歳以上無料"
아르떼뮤지엄 여수,アルテミュージアム麗水
전남 여수시 박람회길 1 국제관 A동 3층,全南麗水市博覧会道1国際館A棟3階
"위치: 전남 여수시 박람회길 1 국제관 A동 3층
운영시간: 월~일 10:00~20:00
연락처: 1899-5008
지원되는 편의시설: 주차(티켓 구매 후 주차 등록 시 3시간 무료), 예약 가능
지원되지 않는 편의시설: 아기의자, 수유실, 기저귀교환대, 유모차 대여는 제공되지 않음
미디어아트 전시 특성상 어둡거나 소리가 울릴 수 있으니 이런 환경을 무서워하는 아이는 관람 시 참고해 주세요.
아이들이 직접 그린 그림이 미디어아트로 보여지는 체험이 있습니다.
전시관 내부에 화장실이 없으니 입장 전에 미리 다녀오시기 바랍니다.
입구 쪽에 물품보관함이 있습니다.
한 번 퇴장하면 재입장 불가이므로 주의하세요.
음식물 반입이 불가합니다.
유모차 대여는 제공되지 않습니다.
입장료
성인: 17,000원
청소년: 13,000원
어린이: 10,000원
미취학아동(4~7세): 8,000원
입장권+TEA BAR 성인: 20,000원
입장권+TEA BAR 청소년: 16,000원
입장권+TEA BAR 어린이: 13,000원
입장권+TEA BAR 미취학아동: 11,000원
36개월 이하 무료(증빙서류 지참)
성인: 17,000원
청소년: 13,000원
어린이: 10,000원
미취학아동(4~7세): 8,000원
입장권+TEA BAR 성인: 20,000원
입장권+TEA BAR 청소년: 16,000원
입장권+TEA BAR 어린이: 13,000원
입장권+TEA BAR 미취학아동: 11,000원
36개월 이하 무료(증빙서류 지참)
총 10개 전시 공간과 1개의 Tea Bar로 구성 (대표: FLOWER, BEACH, PINK LAGOON, LIVE SKETCHBOOK 등)
아이들이 즐길 수 있는 LIVE SKETCHBOOK 체험 제공
여수엑스포역에서 도보로 이용 가능
여수 바다가 한눈에 보이는 위치","場所：全南麗水市博覧会道1国際館A棟3階
営業時間：月～日 10:00～20:00
連絡先: 1899-5008
サポートされる便宜施設：駐車場（チケット購入後駐車登録時3時間無料）、予約可能
サポートされていないアメニティ：ベビーチェア、授乳室、おむつ交換台、ベビーカーのレンタルは提供されていません
メディアアートの展示特性上、暗くなったり音が鳴ったりすることがありますので、このような環境を恐れている子供は観覧時に参考にしてください。
子供たちが直接描いた絵がメディアアートとして見られる体験があります。
展示館内にトイレはありませんので、入場前に事前にお越しください。
入口側に物品保管箱があります。
一度退場すると再入場できませんのでご注意ください。
食べ物の持ち込みはできません。
ベビーカーのレンタルは提供していません。
入場料
大人：17,000ウォン
青少年：13,000ウォン
子供：10,000ウォン
未就学児（4～7歳）：8,000ウォン
入場券+TEA BAR大人：20,000ウォン
入場券+TEA BAR青少年：16,000ウォン
入場券+TEA BAR 子供：13,000ウォン
入場券＋TEA BAR未就学児童：11,000ウォン
36ヶ月以下無料（証明書類持参）
大人：17,000ウォン
青少年：13,000ウォン
子供：10,000ウォン
未就学児（4～7歳）：8,000ウォン
入場券+TEA BAR大人：20,000ウォン
入場券+TEA BAR青少年：16,000ウォン
入場券+TEA BAR 子供：13,000ウォン
入場券＋TEA BAR未就学児童：11,000ウォン
36ヶ月以下無料（証明書類持参）
合計10の展示スペースと1つのティーバーで構成（代表：FLOWER、BEACH、PINK LAGOON、LIVE SKETCHBOOKなど）
子供たちが楽しめるLIVE SKETCHBOOK体験提供
麗水エキスポ駅から徒歩で利用可能
麗水海が一望できる場所"
"성인 17,000원, 청소년 13,000원, 어린이 10,000원, 미취학아동(4~7세) 8,000원, 36개월 이하 영유아는 증빙서류 지참 시 무료입니다. 또한 입장권+TEA BAR 결합 상품도 운영 중이며, 성인 20,000원, 청소년 16,000원, 어린이 13,000원, 미취학아동 11,000원입니다.","大人17,000ウォン、青少年13,000ウォン、子供10,000ウォン、未就学児(4～7歳) 8,000ウォン、36ヶ月以下の乳幼児は、証券書類持参時に無料です。また、入場券+TEA BAR結合商品も運営中で、大人20,000ウォン、青少年16,000ウォン、子供13,000ウォン、未就学児11,000ウォンです。"
아르떼뮤지엄 강릉,アルテミュージアム江陵
강원 강릉시 난설헌로 131,江原江陵市南雪ホンロ131
"[입장료]
성인 17,000원
청소년 13,000원
어린이 10,000원
입장권+TEA BAR 성인 20,000원
입장권+TEA BAR 청소년 16,000원
입장권+TEA BAR 어린이 13,000원
36개월이하 무료(증빙서류 지참)
*강릉시민 50% 할인","【入場料】
大人17,000ウォン
青少年13,000ウォン
子供10,000ウォン
入場券+TEA BAR大人20,000ウォン
入場券+TEA BAR青少年16,000ウォン
入場券+TEA BAR 子供13,000ウォン
36ヶ月以下無料（証明書類持参）
*江陵市民の50％割引"
월요일10:00 ~ 20:00화요일10:00 ~ 20:00수요일10:00 ~ 20:00목요일10:00 ~ 20:00금요일10:00 ~ 20:00토요일10:00 ~ 20:00일요일10:00 ~ 20:00,月曜日10:00～20:00火曜日10:00～20:00水曜日10:00～20:00木曜日10:00～20:00金曜日10:00～20:00土曜日10:00～20:00日曜日10:00～20:00
"입장료는 성인 17,000원, 청소년 13,000원, 어린이 10,000원입니다. 36개월 이하 유아는 증빙서류 지참 시 무료 입장이 가능합니다. 입장권+TEA BAR 패키지도 있으며, 강릉시민은 50% 할인 혜택이 제공됩니다.","入場料は大人17,000ウォン、青少年13,000ウォン、子供10,000ウォンです。 36ヶ月以下の幼児は、証券書類持参時に無料入場が可能です。入場券+ TEA BARパッケージもあり、江陵市民は50％割引を提供しています。"
소다미술관,ソーダ美術館
경기 화성시 효행로707번길 30,京畿道華城市孝行路707番ギル30
"[요금]
콤보(성인+음료 4,000원권) - 15,000원
성인 - 12,000원
학생 (초, 중, 고) - 8,000원
미취학 - 4,000원
가격은 전시별로 상이 할 수 있으니 홈페이지에서 확인 후 이용해 주세요.","[料金]
コンボ（大人+飲み物4,000ウォン券） - 15,000ウォン
大人 - 12,000ウォン
学生（秒、中、高） - 8,000ウォン
未就学 - 4,000ウォン
価格は展示ごとに異なる場合がありますので、ホームページでご確認の上ご利用ください。"
월요일정기휴무화요일10:00 ~ 18:00수요일10:00 ~ 18:00목요일10:00 ~ 18:00금요일10:00 ~ 18:00토요일10:00 ~ 19:00일요일10:00 ~ 19:00,月曜日定休 火曜日10:00～18:00水曜日10:00～18:00木曜日10:00～18:00金曜日10:00～18:00土曜日10:00～19:00日曜日10:00～19:00
"소다미술관의 운영시간은 화~금요일 10:00~18:00, 토·일요일 10:00~19:00입니다. 월요일은 정기 휴무입니다. 관람요금은 성인 12,000원, 학생(초·중·고) 8,000원, 미취학 4,000원, 콤보(성인+음료 4,000원권) 15,000원입니다. 단, 전시별로 가격이 달라질 수 있으니 방문 전 공식 홈페이지에서 확인해 주세요.","ソーダ美術館の運営時間は火～金曜日10:00～18:00、土・日曜日10:00～19:00です。月曜日は定期休業です。観覧料金は大人12,000ウォン、学生（小・中・高）8,000ウォン、未就学4,000ウォン、コンボ（大人+飲み物4,000ウォン券）15,000ウォンです。ただし、展示ごとに価格が異なる場合がありますので、訪問前の公式ホームページでご確認ください。"
성수미술관 성수점,聖水美術館聖水店
서울 성동구 성수일로8길 39 지층 B02 성수미술관,ソウル城東区ソンスイロ8ギル39地層B02ソンス美術館
"[요금]
평일 1인 이용권 - 22,000원
주말 1인 이용권 - 22,000원","[料金]
平日1人利用券 - 22,000ウォン
週末1名利用券 - 22,000ウォン"
"성수미술관은 예약이 지원되는 장소로, 방문 전 사전 예약을 권장합니다. 특별한 이용 시간 제한은 없지만 대기 손님이 있을 경우에만 체험 시간이 120분으로 제한될 수 있습니다.",聖水美術館は予約がサポートされる場所で、訪問前の事前予約をお勧めします。特別な利用時間制限はありませんが、待機客がいる場合に限り、体験時間は120分に制限される場合があります。
"성수미술관은 월요일부터 일요일까지 매일 12:00~22:00까지 운영됩니다. 이용 요금은 평일, 주말 모두 1인당 22,000원이며 1인 1티켓제로 운영됩니다.","聖水美術館は月曜日から日曜日まで毎日12:00～22:00まで営業しています。利用料金は平日、週末とも1人あたり22,000ウォンで、1人1チケット制で運営されます。"
벗이미술관,裸美術館
용인시 처인구 양지면 학촌로53번길 4지도보기,龍仁市チョンイングヤンジミョンハクチョンロ53番ギル4地図を見る
"[요금]
성인: 10,000원
학생(8세 이상): 4,000원
미취학 아동, 경로, 장애인: 무료
아트 클래스: 변동
(홈페이지 사전 예약시 10% 할인)
[이용 안내]
입장 마감: 17시 30분","[料金]
大人：10,000ウォン
学生（8歳以上）：4,000ウォン
未就学児、パス、障害者：無料
アートクラス：変動
（ホームページ事前予約時に10％割引）
【利用案内】
入場締切：17時30分"
"성인 기준 관람 요금은 10,000원, 학생(8세 이상)은 4,000원이며, 미취학 아동과 경로, 장애인은 무료입니다. 아트 클래스 등 일부 체험 프로그램은 별도 요금이 적용될 수 있으며, 홈페이지에서 사전 예약 시 10% 할인 혜택을 받을 수 있습니다.","大人基準の観覧料金は10,000ウォン、学生（8歳以上）は4,000ウォンで、未就学児とパス、障害者は無料です。アートクラスなど一部の体験プログラムは別途料金が適用される場合があり、ホームページで事前予約時に10％割引を受けることができます。"
군산근대건축관,群山近代建築館
전북특별자치도 군산시 장미동 군산근대건축관,全北特別自治道群山市長美洞群山近代建築館
"[요금]
성인: 500원
청소년/군인: 300원
어린이: 200원
[운영 시간]
하절기(3~10월): 09:00~18:00(입장마감 17:30)
동절기(11~2월): 09:00~17:00(입장마감 16:30)
휴관일: 매주 월요일, 1월 1일, 군산 전통시장이 정한 휴무일","[料金]
大人：500ウォン
青少年/兵士：300ウォン
子供：200ウォン
【運営時間】
夏季（3～10月）：09:00～18:00（入場締切17:30）
冬季（11～2月）：09:00～17:00（入場締切16:30）
休館日：毎週月曜日、1月1日、群山伝統市場が定める休業日"
동탄아트스페이스,ドンタンアートスペース
경기 화성시 노작로 134,京畿道華城市労作路134
"[전시 관람료]
무료
전시에 따라 운영시간 상이
체험 프로그램 참여 시 사전예약","【展示観覧料】
無料
展示による営業時間の違い
体験プログラム参加時の事前予約"
구하우스 미술관,グハウス美術館
경기 양평군 서종면 무내미길 49-12,京畿道楊平郡西宗面ムナミキ49-12
"[요금]
성인 15,000원
청소년 8,000원
어린이(4세~13세) 6,000원","[料金]
大人15,000ウォン
青少年8,000ウォン
子供（4歳～13歳）6,000ウォン"
월요일정기휴무화요일정기휴무수요일13:00 ~ 17:00목요일13:00 ~ 17:00금요일13:00 ~ 17:00토요일10:30 ~ 18:00일요일10:30 ~ 18:00,月曜日定休 火曜日定休水曜日13:00～17:00木曜日13:00～17:00金曜日13:00～17:00土曜日10:30～18:00日曜日10:30～18:00
"구하우스 미술관은 월요일, 화요일 정기휴무이며, 수요일부터 금요일까지는 13:00~17:00, 토요일과 일요일은 10:30~18:00에 운영합니다. 성인 입장료는 15,000원, 청소년 8,000원, 어린이는 4세~13세 기준 6,000원입니다.","旧ハウス美術館は月曜日、火曜日定休で、水曜日から金曜日までは13:00～17:00、土曜日と日曜日は10:30～18:00に運営しています。大人の入場料は15,000ウォン、青少年8,000ウォン、子供は4歳～13歳基準で6,000ウォンです。"
경주엑스포대공원,慶州エキスポ大公園
경북 경주시 경감로 614,慶北慶州市慶尚路614
"[요금]
입장료
일반 대인 12,000원 / 일반 소인 10,000원 / 경로할인 (만 65세 이상) 4,000원 / 연회원권 35,000원
인피니티플라잉 통합권
개인: 대인 30,000원 / 소인 23,000원
단체: 대인 24,000원 / 소인 18,000원
우대: 18,000원 (만65세이상, 장애인, 경북도민)
*공원 입장료 포함
또봇스토리뮤지엄 통합권: 13,000원
24개월 미만 무료
[프로그램]
▶화랑아놀자
이용시간 : 30분
권장연령 : 3~8세
가족 모두 양말착용 필수⠀
체험시설
1) 흔들다리 건너기
2) 그네 건너기
3) 슬라이드 풀장
4) 대형 슬라이드 트램펄린
5) 터널 속 볼 풀장
6) 빅블록 쌓기
7) 암벽타기
8) 활쏘기 등등
▶우리놀이터
이용시간 : 40분
프로그램 : 11개(아날로그 10개, 디지털 1개)
[이용안내]
6~8월 한정 20시 운영","[料金]
入場料
一般大人12,000ウォン/一般小人10,000ウォン/パス割引（満65歳以上）4,000ウォン/年会員券35,000ウォン
インフィニティフライング統合権
個人：大人30,000ウォン/小人23,000ウォン
団体：大人24,000ウォン/小人18,000ウォン
優待：18,000ウォン（満65歳以上、障害者、慶北道民）
*公園入場料込み
トボストーリーミュージアム統合権：13,000ウォン
24ヶ月未満無料
[プログラム]
▶ギャラリーで遊ぼう
利用時間：30分
推奨年齢：3〜8歳
家族全員ソックス着用必須⠀
体験施設
1) 揺れを渡る
2) スイングを渡る
3) スライドプール
4）大型スライドトランポリン
5）トンネルの中のボールプール
6）ビッグブロックの積み重ね
7）ロックライド
8) 滑りなど
▶私たちの遊び場
利用時間：40分
プログラム：11個（アナログ10個、デジタル1個）
[利用案内]
6～8月限定20時運営"
가산수피아,加算スピア
경북 칠곡군 가산면 학하들안2길 105,慶尚北道チルゴク郡加山面鶴下2号105
"[요금]
입장권 대인(14세이상): 9,000원
입장권 소인(24개월~13세이하) 6,000원
눈썰매 패키지(입장+눈썰매)대인/소인: 15,000원
미술관 패키지(입장+수피아미술관)대인: 18,000원
미술관 패키지(입장+수피아미술관)소인: 13,000원
레일썰매 패키지(입장+레일썰매): 13,000원
알파카 패키지(입장+알파카랜드): 13,000원
* 계절별 이용 가능한 체험이 다르니 자세한 내용은 홈페이지를 참고하세요.","[料金]
入場券大人（14歳以上）：9,000ウォン
入場券小人（24ヶ月～13歳以下）6,000ウォン
雪そりパッケージ（入場+雪そり）大人/小人：15,000ウォン
美術館パッケージ（入場+スピア美術館）大人：18,000ウォン
美術館パッケージ（入場+スピア美術館）小人：13,000ウォン
レールそりパッケージ（入場+レールそり）：13,000ウォン
アルパカパッケージ（入場＋アルパカランド）：13,000ウォン
*季節ごとに利用可能な体験が異なりますので、詳しくはホームページをご覧ください。"
"입장료는 대인(14세 이상) 9,000원, 소인(24개월~13세 이하) 6,000원이며, 눈썰매 패키지 등 다양한 패키지가 제공됩니다. 운영시간은 매일 10:00~18:00(입장은 17:00 마감)이고, 연중무휴로 운영됩니다. 주차는 무료로 제공되며, 4주차장에 주차 후 눈썰매장으로 바로 이동할 수 있습니다.","入場料は大人（14歳以上）9,000ウォン、小人（24ヶ月～13歳以下）6,000ウォンで、雪そりパッケージなど様々なパッケージが提供されます。営業時間は毎日10:00～18:00（入場は17:00締め切り）で、年中無休で運営されます。駐車場は無料で利用できます。駐車場は4駐車場の後、雪そりに直接アクセスできます。"
롯데갤러리 아트홀 잠실점 에비뉴엘,ロッテギャラリーアートホールチャムシル店アベニューエル
서울특별시 송파구 올림픽로 300 롯데월드타워앤드롯데월드몰 롯데백화점 잠실 애비뉴엘 6층,ソウル特別市松坡区オリンピック路300ロッテワールドタワー＆ロッテワールドモールロッテ百貨店チャムシルアベニューエル6階
"[요금]
무료
[이용안내]
미셸 들라크루아 특별전 <행복한 순간의 기억> - 2024.11.22 ~ 25.02.16","[料金]
無料
[利用案内]
ミシェル・ドラクルア特別展<幸せな瞬間の記憶> - 2024.11.22〜25.02.16"
"롯데갤러리 아트홀 잠실점 에비뉴엘은 누구나 무료로 관람하실 수 있으며, 별도의 예약 없이 입장할 수 있습니다. 단, 특정 인기 전시나 특별 체험 프로그램의 경우 사전 예약이 필요할 수 있으니 롯데갤러리 홈페이지 또는 인스타그램을 통해 각 전시별 안내를 미리 확인해 주세요.",ロッテギャラリーアートホールチャムシル店アベニューエルは誰でも無料で観覧でき、別途予約なしで入場できます。ただし、特定の人気展示や特別体験プログラムの場合、事前予約が必要な場合がありますので、ロッテギャラリーホームページまたはインスタグラムを通じて各展示別案内を事前に確認してください。
소마미술관,相馬美術館
서울특별시 송파구 위례성대로 51 서울올림픽미술관 소마미술관,ソウル特別市 松坡区 ウィレソンソンデ 51 ソウルオリンピック美術館 相馬美術館
"소마미술관은 서울특별시 송파구 위례성대로 51, 올림픽공원 내에 위치해 있습니다.
1988년 서울올림픽의 문화유산을 예술로 승화한 역사를 지니고 있으며, 2004년에 서울올림픽미술관으로 개관해 현재는 ‘소마(SOMA)’라는 이름으로 널리 알려져 있습니다.
미술관 본관(1관)과 2018년에 증축된 2관, 그리고 세계적인 야외 조각공원이 함께 어우러져 있습니다.
총 692,367㎡에 달하는 조각공원에는 66개국 155명의 작품, 총 221점의 현대 조각이 전시되어 있습니다. 아이들과 자유롭게 산책하며 예술작품을 감상할 수 있습니다.
미술관 건물은 유명 건축가 조성룡의 설계로, 자연광과 다양한 재질이 어우러진 구조 덕분에 시간과 날씨에 따라 색다른 분위기를 느낄 수 있습니다.
실내외 전시실, 비디오아트홀, 스튜디오, 교육실, 세미나실 등 다양한 공간이 있어 예술 감상뿐 아니라 예술 체험 및 교육 활동도 가능합니다.
자연과 조각이 조화를 이루는 야외공원에는 산책로와 회랑, 물의 뜰 등이 있어 아이와 함께 산책하며 자유롭게 뛰놀 수 있습니다.
입구에 물품 보관함이 있어 짐을 맡기고 편하게 관람할 수 있으며, 출구 전에 기념품을 판매하는 곳도 있습니다.
1관 운영시간: 10:00 ~ 19:00
2관 운영시간: 10:00 ~ 18:00
매주 월요일 휴무
도슨트: 화~금 11시, 14시, 16시 운영
주말에는 도슨트 운영이 없으니 이어폰을 챙겨 **오디오 가이드(유료 3,000원)**를 이용하면 좋습니다.
주차는 올림픽공원 주차장을 이용할 수 있으며, 요금은 10분에 600원입니다.
1관 성인(만 19세~64세): 15,000원
1관 청소년&어린이(만 5세~18세): 9,000원
2관 성인(만 25세~64세): 3,000원
2관 청소년(만 13세~24세): 2,000원
2관 어린이(만 7세~12세): 1,000원
기간별로 다른 전시가 진행 중이니 홈페이지에서 확인 후 방문하는 것이 좋습니다.
소마미술관은 송파 올림픽공원 내에 위치해 있으며, 한성백제 박물관과 조각공원을 함께 방문하기 좋습니다.","相馬美術館はソウル特別市松坡区ウィレソン城大通り51、オリンピック公園内に位置しています。
1988年ソウルオリンピックの文化遺産を芸術に昇華した歴史を持ち、2004年にソウルオリンピック美術館として開館し、現在は「SOMA」という名で広く知られています。
美術館本館（1館）と2018年に増築された2館、そして世界的な野外彫刻公園が一緒に調和しています。
合計692,367㎡に達する彫刻公園には66カ国155名の作品、合計221点の現代彫刻が展示されています。子供たちと自由に散歩して芸術作品を鑑賞できます。
美術館の建物は有名建築家チョ・ソンリョンの設計で、自然光と多様な材質が調和した構造のおかげで、時間と天候によって風変わりな雰囲気を感じることができます。
室内外展示室、ビデオアートホール、スタジオ、教育室、セミナー室など様々な空間があり、芸術鑑賞だけでなく芸術体験や教育活動も可能です。
自然と彫刻が調和する屋外公園には遊歩道や回廊、水の庭などがあり、子供と一緒に散歩しながら自由に遊べます。
入口に物品収納箱があり、荷物を預けて楽に観覧でき、出口前にお土産を販売する所もあります。
1館運営時間：10:00～19:00
2館運営時間：10:00～18:00
毎週月曜日は休業
ドーセント：火～金11時、14時、16時運営
週末にはドーセント操作がないので、イヤホンを手に入れて**オーディオガイド（有料3,000ウォン）**を利用すると良いです。
駐車場はオリンピック公園駐車場を利用でき、料金は10分で600ウォンです。
1館大人（満19歳～64歳）：15,000ウォン
1館青少年＆子供（満5歳～18歳）：9,000ウォン
2館大人（満25歳～64歳）：3,000ウォン
2館青少年（満13歳～24歳）：2,000ウォン
2館子供（満7歳～12歳）：1,000ウォン
期間別に別の展示が進行中なので、ホームページで確認後に訪問することをお勧めします。
相馬美術館は松坡オリンピック公園内にあり、漢城百済博物館と彫刻公園を一緒に訪れることができます。"
"1관: 성인(만19세~64세) 15,000원, 청소년 및 어린이(만5세~18세) 9,000원. 2관: 성인(만25세~64세) 3,000원, 청소년(만13세~24세) 2,000원, 어린이(만7세~12세) 1,000원입니다. 전시별로 무료입장 대상 연령이나 요금이 달라질 수 있습니다. 1관 운영시간은 10:00~19:00, 2관은 10:00~18:00이며 매주 월요일 휴관입니다. 매월 마지막 수요일 '문화가 있는 날'에는 21시까지 운영합니다.","1館：大人（満19歳～64歳）15,000ウォン、青少年及び子供（満5歳～18歳）9,000ウォン。 2館：大人（満25歳～64歳）3,000ウォン、青少年（満13歳～24歳）2,000ウォン、子供（満7歳～12歳）1,000ウォンです。展示ごとに無料入場対象年齢や料金が異なる場合があります。 1館運営時間は10:00～19:00、2館は10:00～18:00で毎週月曜日休館です。毎月最後の水曜日「文化のある日」には21時まで運営します。"
스페이스K 서울,スペースKソウル
서울특별시 강서구 마곡중앙8로 32 스페이스K 서울,ソウル特別市江西区マゴック中央8路32スペースKソウル
"[요금]
성인(만19세 이상): 8,000원
청소년(만7세~만18세): 5,000원
미취학(만3세~만6세): 3,000원
36개월 미만: 무료
국가유공자, 경로우대, 장애인, 강서구민: 20% 할인
[이용안내]
휴관일: 매주 월요일
비전시 기간: 2024. 11. 11. ~ 2024. 12. 11.
[프로그램]
전시 연계 프로그램 - 홈페이지 확인","[料金]
大人（満19歳以上）：8,000ウォン
青少年（満7歳～満18歳）：5,000ウォン
未就学（満3歳～満6歳）：3,000ウォン
36ヶ月未満：無料
国家有功者、パス優遇、障害者、江西区民：20％割引
[利用案内]
休館日：毎週月曜日
ビジョン期間: 2024. 11. 11. ~ 2024. 12. 11.
[プログラム]
展示連携プログラム - ホームページ確認"
"미술관 뒤편에 주차장이 있으며, 전시 관람 시 30분 무료 주차 혜택이 있습니다. 이후 30분마다 1,500원, 10분당 500원 요금이 추가됩니다. 안내 데스크에서 주차 할인을 꼭 받으시고, 무인 카드 결제 전용입니다.","美術館の裏側に駐車場があり、展示観覧時に30分無料駐車場特典があります。その後、30分ごとに1,500ウォン、10分あたり500ウォンの料金が追加されます。ご案内デスクで駐車割引を是非頂き、無人カード決済専用です。"
파라다이브 트릭아트관,パラダイブトリックアートチューブ
경기도 시흥시 거북섬중앙로 1 3m 층 트릭아트,京畿道始興市カメ島中央路1 3m階トリックアート
"[요금]
소인: 10,000원 (37개월부터)
대인: 12,000원
2023년 7월 28일까지 50% 할인 이벤트 진행 중
[이용 안내]
모든 연령 관람 가능","[料金]
小人：10,000ウォン（37ヶ月から）
大人：12,000ウォン
2023年7月28日までに50％割引イベント中
【利用案内】
全年齢観覧可能"
월요일11:00 ~ 20:00화요일11:00 ~ 20:00수요일11:00 ~ 20:00목요일11:00 ~ 20:00금요일11:00 ~ 20:00토요일11:00 ~ 20:00일요일11:00 ~ 20:00,月曜日11:00～20:00火曜日11:00～20:00水曜日11:00～20:00木曜日11:00～20:00金曜日11:00～20:00土曜日11:00～20:00日曜日11:00～20:00
"입장료는 대인 12,000원, 소인(37개월부터) 10,000원입니다. 모든 연령이 이용 가능하며, 37개월 미만 어린이는 무료로 입장할 수 있습니다. (참고: 할인 이벤트 등은 현장 및 공식 채널을 통해 확인 바랍니다.)","入場料は大人12,000ウォン、小人（37ヶ月から）10,000ウォンです。すべての年齢が利用可能で、37ヶ月未満の子供は無料で入場できます。 （注：割引イベントなどは現場及び公式チャンネルを通じてご確認ください。）"
문아트그라운드 at 마가미술관,ムーンアートグラウンド at マーガ美術館
경기도 용인시 처인구 모현읍 문형동림로101번길 37 마가미술관 마가미술관,京畿道龍仁市処仁区モヒョン邑ムンヒョンドンリムロ101番ギル37マガ美術館
"[요금]
일반 티켓-웰컴 세트(음료/디저트) 포함: 12,000원
소인(만 12세 미만)-웰컴 세트 미포함: 6,000원
유아(24개월 미만): 무료
[이용안내]
입장 마감: 17시 30분","[料金]
一般チケット - ウェルカムセット（ドリンク/デザート）含む：12,000ウォン
小人（満12歳未満） - ウェルカムセットなし：6,000ウォン
幼児（24ヶ月未満）：無料
[利用案内]
入場締切：17時30分"
월요일10:30 ~ 18:30화요일10:30 ~ 18:30수요일10:30 ~ 18:30목요일10:30 ~ 18:30금요일10:30 ~ 18:30토요일10:30 ~ 18:30일요일10:30 ~ 18:30,月曜日10:30～18:30火曜日10:30～18:30水曜日10:30～18:30木曜日10:30～18:30金曜日10:30～18:30土曜日10:30～18:30日曜日10:30～18:30
"성인 입장료는 12,000원으로 웰컴 세트(음료/디저트)가 포함되어 있습니다. 소인(만 12세 미만)은 6,000원이며 웰컴 세트는 제공되지 않습니다. 만 24개월 미만 유아는 무료입니다. 운영 시간은 월요일부터 일요일까지 매일 10:30~18:30이고, 입장 마감은 17:30입니다.","大人の入場料は12,000ウォンで、ウェルカムセット（ドリンク/デザート）が含まれています。小人（満12歳未満）は6,000ウォンで、ウェルカムセットは提供されません。 24ヶ月未満の幼児は無料です。営業時間は月曜日から日曜日まで毎日10:30～18:30、入場締切は17:30です。"
대구간송미술관,大邱ガンソン美術館
대구광역시 수성구 미술관로 70,大邱広域市水城区美術館路70
"[요금]
어른(20세 이상 64세 이하):10,000원
아동, 청소년(8세 이상 19세 이하): 5,000원
7세 이하, 65세 이상: 무료(증빙서류 필요)
[이용안내]
하절기(4월~10월): 오전 10시~오후 7시
동절기(11월~3월): 오전 10시~오후 6시
매표시간: 관람시작 30분 전~관람종료 1시간 전
휴관일: 매주 월요일, 매년 1월 1일, 음력 설날 및 추석 당일, 기타 시장이 정하는 휴관일
* 월요일이 공휴일인 경우 월요일 당일 개관 후 다음날 평일 휴관","[料金]
大人（20歳以上64歳以下）：10,000ウォン
子供、青少年（8歳以上19歳以下）：5,000ウォン
7歳以下、65歳以上：無料（証明書類が必要）
[利用案内]
夏季（4月～10月）：午前10時～午後7時
冬季（11月〜3月）：午前10時〜午後6時
チケット時間：観覧開始30分前～観覧終了1時間前
休館日：毎週月曜日、毎年1月1日、旧正月及び秋夕当日、その他の市場が定める休館日
※月曜日が祝日の場合、月曜日当日開館後、翌日平日休館"
"관람 시간은 하절기(4~10월) 오전 10시~오후 7시, 동절기(11~3월) 오전 10시~오후 6시입니다. 매주 월요일, 1월 1일, 설날·추석 당일 등은 휴관이며, 월요일이 공휴일이면 그 다음날 평일에 휴관합니다. 입장료는 어른(20세 이상~64세 이하) 10,000원, 아동·청소년(8세~19세) 5,000원, 7세 이하 및 65세 이상은 무료(증빙서류 필요)입니다. 대구 시민은 신분증을 지참하면 20% 할인을 받을 수 있습니다. 주차는 넓고 무료입니다.","観覧時間は夏季（4～10月）午前10時～午後7時、冬季（11～3月）午前10時～午後6時です。毎週月曜日、1月1日、お正月・秋夕当日などは休館であり、月曜日が祝日の場合は翌日平日に休館します。入場料は大人（20歳以上～64歳以下）10,000ウォン、児童・青少年（8歳～19歳）5,000ウォン、7歳以下、および65歳以上は無料（証明書類が必要）です。大邱市民は、身分証明書を持参すると20％割引を受けることができます。駐車場は広く無料です。"
갤러리 라메르,ギャラリーラメール
서울특별시 종로구 인사동5길 26 홍익빌딩 갤러리 라메르,ソウル特別市鍾路区仁寺洞5ギル26弘益ビルギャラリーラメール
월요일10:30 ~ 18:00화요일정기휴무수요일10:30 ~ 18:00목요일10:30 ~ 18:00금요일10:30 ~ 18:00토요일10:30 ~ 18:00일요일10:30 ~ 18:00,月曜日10:30〜18:00火曜日定休水曜日10:30〜18:00木曜日10:30〜18:00金曜日10:30〜18:00土曜日10:30〜18:00日曜日10:30〜18:00
켄싱턴호텔 평창 키즈데이 패키지 (객실 1박+키즈월드 최대 4인+수영장&사우나 최대 4인+동물먹이 1팩),ケンジントンホテル平昌キッズデイパッケージ
켄싱턴호텔 평창,ケンジントンホテル平昌
강원특별자치도 평창군 진부면 진고개로 231,江原特別自治道平昌郡ジンブミョンジンゴゲロ231
켄싱턴호텔 평창 조식 패키지 - 객실 1박+조식 3인+수영장 최대 4인(성인 2+소인 2),ケンジントンホテル平昌朝食パッケージ - 客室1泊+朝食3名+プール最大4名（大人2+小人2）
원더파크 굿바이 베베핀 특가!,ワンダーパークのグッドバイベベピン特価！
과천 원더파크,果川ワンダーパーク
경기도 과천시 대공원광장로 80,京畿道果川市大公園広場80
"볼베어파크 부천, 은평, 천안 / 세라젬웰파크 위례점 키즈카페 통합특가 CMG월드",ボールベアパーク富川、ウンピョン、天安/セラジェムウェルパークウィ礼店キッズカフェ
CMG월드,CMGワールド
서울랜드,ソウルランド
경기도 과천시 광명로 181,京畿道果川市光明路181
롯데리조트 부여 아쿠아 3/4인 패키지 (객실 1박+아쿠아가든 3/4인+백제문화단지 2인+할인권),ロッテリゾート付与アクア3/4人パッケージ（客室1泊+アクアガーデン3/4人+百済文化団地2人+割引券）
롯데리조트 부여,ロッテリゾート付与
충남 부여군 규암면 백제문로 400,忠南扶余郡九岩面百済門路400
롯데리조트 부여 조식 3/4인 패키지 (객실 1박+조식 3/4인+백제문화단지 2인+할인권),ロッテリゾート付与朝食3/4人パッケージ（客室1泊+朝食3/4人+百済文化団地2人+割引券）
플레이 아쿠아리움 (대소공통) 이용권 (구매 후 60일),プレイアクアリウム（大小共通）利用券（購入後60日）
부천 플레이 아쿠아리움,富川プレイアクアリウム
경기 부천시 원미구 조마루로 2,京畿道富川市原美区城丸路2
자이언트 제트 시아 테마파크점(~26/4/30),ジャイアントジェットシア テーマパーク店(~26/4/30)
자이언트 제트,ジャイアントジェット
경기 안산시 단원구 광덕1로 276 6층 자이언트제트,京畿道安山市丹原区広徳1路276 6階ジャイアントジェット
대전엑스포아쿠아리움,大田エキスポアクアリウム
대전 엑스포 아쿠아리움,大田エキスポ水族館
플레이월드 용인점 이용권,プレイワールド龍仁店利用券
플레이월드 키즈카페,プレイワールドキッズカフェ
"벚꽃로6길 21 5, 6층",桜で6ギル21 5、6階
시흥 공룡월드&키즈카페 그랜드오픈특가,始興恐竜ワールド＆キッズカフェグランドオープン特価
시흥 공룡월드,始興恐竜ワールド
"경기도 시흥시 은계호수로 49 지하1층 비077-1호,비077-2호",京畿道始興市ウンゲ湖で49地下1階雨077-1号、雨077-2号
매직플로우 원더파크 서울대공원점,マジックフローワンダーパークソウル大公園店
공룡월드 용인점 이용권,恐竜ワールド龍仁店利用券
공룡월드,恐竜ワールド
"은계호수로 49 지하1층 비077-1호,비077-2호",ウンゲ湖で49地下1階雨077-1号、雨077-2号
에버랜드 종일이용권 (~26/03/31) (날짜미지정),エバーランド終日利用券（〜26/03/31）（日付未指定）
에버랜드,エバーランド
경기도 용인시 처인구 포곡읍 에버랜드로 199,京畿道龍仁市処城区浦谷邑エバーランド199
키자니아 서울&부산점 3월 이용권 (유효기간 : 3/1~3/31),キザニアソウル＆釜山店3月利用券（有効期間：3/1～3/31）
키자니아,キザニア
서울특별시 송파구 올림픽로 240 키자니아 서울,ソウル特別市松坡区オリンピック路240キザニアソウル
아쿠아필드 이용권 (하남/고양/안성 중 택1)(~26/3/29),アクアフィールド利用券
아쿠아필드,アクアフィールド
고양대로 1955 스타필드 고양 4층,高陽通り1955スターフィールド高陽4階
주렁주렁 실내 동물원 하남점,ガラガラ屋内動物園ハナム店
주렁주렁 실내동물원,吊り屋屋内動物園
아쿠아플라넷 입장권(3/1~3/31),アクアプラネット入場券（3/1～3/31）
한화 아쿠아플라넷,ハンファアクアプラネット
한류월드로 282 아쿠아플라넷 일산,韓流ワールド282アクアプラネット一山
씨라이프 코엑스 아쿠아리움,シーライフCOEXアクアリウム
코엑스 아쿠아리움,COEXアクアリウム
경주 한화리조트 담톤,慶州ハンファリゾートダムトン
한화리조트 경주,ハンファリゾートレース
경북 경주시 보문로 182-27,慶北慶州市普門路182-27
아틀란티스 키즈카페 4개지점 이용권,アトランティスキッズカフェ4店舗利用券
아틀란티스,アトランティス
컨벤시아대로230번길 42 아라플라자 5층,コンベンシア通り230番道42アラプラザ5階
플레이월드 부천점 이용권,プレイワールド富川店利用券
해브나인 웰니스 스파 (26/03/03~26/03/29),ハブナインウェルネススパ（26/03/03～26/03/29）
리솜리조트,リソムリゾート
꽃지해안로 204,花地海岸204
주렁주렁 실내 동물원 동탄점,ガラガラ屋内動物園ドンタン店
과천 원더파크 이용권,果川ワンダーパーク利用券
대천 파로스 한화리조트(룸온리/키캉스/오션뷰),大川パロスハンファリゾート（ルームオンリー/キカンズ/オーシャンビュー）
한화리조트 대천 파로스,ハンファリゾート大川ファロス
충남 보령시 해수욕장3길 11-10,忠南保寧市海水浴場3道11-10
공룡월드 인천점 이용권,恐竜ワールド仁川店利用券
히어로플레이파크 이용권,ヒーロープレイパーク利用券
히어로플레이파크,ヒーロープレイパーク
오목로 196 105동 2층 38호,大木路196 105棟2階38号
[부산} 씨라이프 부산아쿠아리움+PKG 이용권,[釜山]シーライフ釜山アクアリウム+ PKG利用券
부산 아쿠아리움,釜山水族館
남이섬 입장권 (~26.03.31),ナミ島の入場券（〜26.03.31）
남이섬,ナミ島
특가★퍼플주니어 키즈카페 이용권,特価★パープルジュニアキッズカフェ利用券
퍼플주니어,パープルジュニア
경기 부천시 소사구 부광로 220,京畿道富川市荘区区光路220
★특가★ 마산 로봇랜드 종일권/오후권,★特価★麻山ロボットランド終日券/午後券
마산 로봇랜드,馬山ロボットランド
볼베어파크 은평점 키즈카페 롯데몰 바운스,ボールベアパーク銀平店キッズカフェロッテモールバウンス
볼베어파크,ボールベアパーク
조마루로 2 웅진플레이도시 2층 볼베어파크,小丸路2 ウンジンプレイシティ2階 ボールベアパーク
특가★아틀란티스 키즈카페 이용권,特価★アトランティスキッズカフェ利用券
인천 연수구 컨벤시아대로230번길 42,仁川研修区コンベンシア通り230番道42
주렁주렁 실내 동물원 영등포점,ガラガラ屋内動物園永登浦店
아일랜드캐슬 워터파크 로우시즌 이용권(3/7~4/30),アイルランドキャッスルウォーターパークローシーズン利用券（3/7～4/30）
아일랜드캐슬,アイルランド城
장곡로 22 아일랜드캐슬,長谷路22アイルランド城
쥬라리움 동탄점 입장권,ジュラリウム東弾店入場券
쥬라리움동탄점,ジュラリウム東弾店
경기도 화성시 동탄구 동탄기흥로257번가길 31,京畿道華城市ドンタン区ドンタンギフン路257街道31
코끼리방울 키즈카페 동백,象のドロップキッズカフェツバキ
코끼리방울 키즈카페,象のドロップキッズカフェ
동백중앙로 225-6 3층 302호,椿中央路225-6 3階302号
쥬라리움 금천점 입장권,ジュラリウム金川店入場券
쥬라리움금천점,ジュラリウム金川店
두산로 71 3층 쥬라리움,斗山路71 3階ジュラリウム
키즈런 스포츠파크 목동점 이용권,キッズランスポーツパーク牧洞店利用券
키즈런스포츠파크,キッズランスポーツパーク
목동동로 401 지하1층 B101호,木洞洞路401地下1階B101号
부천 아쿠아리움,富川水族館
공룡월드 아산퍼스트빌리지 이용권,恐竜ワールドアサンファーストビレッジ利用券
아이와가볼만한곳! 동탄공룡월드&키즈카페 그랜드 오픈특가,子どもが見どころ！東弾恐竜ワールド＆キッズカフェグランドオープン特価
동탄 공룡월드,ドンタン恐竜ワールド
경기도 화성시 동탄구 동탄순환대로27길 30 가동 2층,京畿道華城市ドンタン区ドンタン循環路27ギル30
웨이브제주 호텔 앤 리조트 조식 패키지 (객실 1박+조식 2인),ウェーブ済州ホテル＆リゾート朝食パッケージ（客室1泊+朝食2名）
웨이브 제주,波済州
동탄 네이처스케이프 플러스 입장권,ドンタンネイチャースケーププラス入場券
네이처스케이프 플러스,ネイチャースケーププラス
경기도 화성시 동탄구 동탄대로5길 21 라크몽 A동 4층~5층,京畿道華城市ドンタン区ドンタンデロ5ギル21ラクモンAドン4階〜5階
플레이월드 대구점 이용권,プレイワールド大邱店利用券
경주월드,慶州ワールド
★[특가] 고양 매직플로우 원더빌리지 (~4/30),★【特価】高陽マジックフローワンダービレッジ（～4/30）
원더빌리지 고양,ワンダービレッジ高陽
고양대로 1955 3층 원더빌리지,高陽大路1955 3階ワンダービレッジ
썬밸리 워터파크 이용권,サンバレーウォーターパーク利用券
썬밸리 워터파크,サンバレーウォーターパーク
경기도 여주시 강변유원지길 45 1층,京畿道麗州市江辺遊園地道45 1階
이월드 자유이용권 식음PKG 3월,イワールド自由利用券飲食PKG 3月
대구 이월드,大邱イワールド
대구광역시 달서구 두류공원로 200 이월드,大邱広域市ダルソ区斗流公園路200イワールド
아쿠아플라넷 제주 입장권 & 늦은오후권 (26.03월),アクアプラネット済州入場券＆遅い午後券（26.03月）
과천 서울대공원 리프트패키지,果川ソウル大公園リフトパッケージ
서울대공원,ソウル大公園
경기도 과천시 대공원광장로 102,京畿道果川市大公園広場102
안성팜랜드 입장권,安城パームランド入場券
안성팜랜드,安城パームランド
오월드 자유이용권(3/1~),オーワールド自由利用券（3/1～）
대전 오월드,大田オーワールド
대전광역시 중구 사정공원로 70,大田広域市中区射程公園路70
쥬라리움 청라점 입장권,ジュラリウム清羅店入場券
쥬라리움청라점,ジュラリウム清羅店
청라커낼로288번길 26 현대썬앤빌 더테라스 지하 1층,チョンラカナロ288番ギル26ヒュンダイサンアンビルダーテラス地下1階
키위키즈랜드 주중 이용권,キウイキッズランド平日利用券
키위 키즈랜드,キウイキッズランド
부산광역시 기장군 장안읍 정관로 1142 힐탑프리미엄아울렛 B1,釜山広域市キジャン郡長安邑ジョングァンロ1142ヒルトッププレミアムアウトレットB1
과천 그라운드플래닛,果川グラウンドプラネット
그라운드 플래닛,グラウンドプラネット
대공원광장로 80 그라운드 플래닛,大公園広場80グラウンドプラネット
일산 원마운트 펀웨이브 이용권,一山ワンマウントファンウェーブ利用券
한류월드로 300 102~112호,韓流ワールドで300 102～112号
한복남 한국민속촌점 한복 대여 이용권(~3월),韓服南韓国民俗村店 韓服レンタル利用券（～3月）
한복남 한국민속촌점 한복 대여 이용권 ~3월,韓服南韓国民俗村店韓服レンタル利用券〜3月
잭슨나인스 일산점 (유효기간 : 3/1~3/31),ジャクソンナインズ一山店（有効期間：3/1～3/31）
잭슨나인스,ジャクソンナインズ
일현로 97-11 두산위브더제니스스퀘어 지하1층 105호,イルヒョンロ97-11斗山ウィブザジェニスクエア地下1階105号
쥬라리움 하남점 입장권,ジュラリウムハナム店入場券
쥬라리움하남점,ジュラリウム河南店
"경기도 하남시 미사대로 410 오벨리스크 1층, 2층",京畿道河南市ミサ通り410オベリスク1階、2階
N서울타워 전망대 입장권(~26/12/31),Nソウルタワー展望台入場券(~26/12/31)
N서울타워,Nソウルタワー
서울특별시 용산구 남산공원길 105,ソウル特別市龍山区南山公園道105
하이원리조트 워터월드 비수기 이용권(~26.04.30),ハイワンリゾートウォーターワールド オフシーズン利用券(~26.04.30)
하이원리조트,ハイワンリゾート
공룡월드 세종점 이용권,恐竜ワールド世宗店利用券
대전아쿠아리움 (대소공통)이용권 (구매 후 60일),大田アクアリウム（大小共通）利用券（購入後60日）
대전아쿠아리움,大田水族館
삼방가딸기랜드 체험,三方ガベリーランド体験
삼방가딸기랜드,サムバンガイチゴランド
용인 공룡월드(공룡쇼+마술+풍선쇼) 이용권,龍仁恐竜ワールド（恐竜ショー+魔法+バルーンショー）利用券
용인 공룡월드,龍仁恐竜ワールド
중부대로 1294 4층호,中央部隊1294 4階
제주 최남단 체험감귤농장,済州最南端体験柑橘系農場
과천 그라운드플래닛 이용권,果川グラウンドプラネット利用券
그라운드플래닛,グラウンドプラネット
설악한화리조트(쏘라노본관/워터피아),雪岳ハンファリゾート（ソラノ本館/ウォーターピア）
한화리조트 설악쏘라노,ハンファリゾート雪岳ソラーノ
강원특별자치도 속초시 미시령로2983번길 111,江原特別自治道束草市ミシヨンロ2983番ギル111
포레스트 리솜 패키지 (객실 1박+조식 2인or워터파크 2인),フォレストリソムパッケージ（客室1泊+朝食2名orウォーターパーク2名）
충남 예산군 덕산면 온천단지3로 45-7,忠南予算郡徳山面温泉団地3路45-7
캐니언파크 입장권,キャニオンパーク入場券
캐니언파크,キャニオンパーク
"만남의거리 15 3층, 4층",出会い距離15 3階、4階
대관령 삼양라운드힐,大管領サムヤンラウンドヒル
꽃밭양지길 708-9,花畑ヤンジギル708-9
안성팜랜드 입장권 + 승마 패키지,安城パームランド入場券+乗馬パッケージ
한화 뽀로로아쿠아빌리지 3월 상시 이용권(유효기간 : 26.03.01~26.03.31),ハンファポロロアクアビレッジ3月常時利用券（有効期間：26.03.01～26.03.31）
경상북도 경주시 보문로 182-27 한화콘도미니엄,慶尚北道慶州市普門路182-27ハンファコンドミニアム
레스트리 리솜(객실 1박+조식 2인or워터파크 2인),レストリーリソム（客室1泊+朝食2名orウォーターパーク2名）
세라젬웰파크 부산기장점 할인 이용권(3/1~),セラジェムウェルパーク釜山機長店割引利用券（3/1～）
세라젬웰파크,セラジェムウェルパーク
고산자로32길 78 청량리역 한양수자인 그라시엘 B1,高山ジャロ32ギル78清涼里駅
마티에 오시리아 한화(룸온리/키캉스/뽀로로/부산호텔),マティエ オシリア ハンファ(ルームオンリー/キカンス/ポロロ/釜山ホテル)
[잔망루피가 맞이하는]마티에 오시리아 한화 룸온리/키캉스/뽀로로/부산호텔,[残망ルピーが迎える]マティエオシリアハンファルームオンリー/キカンズ/ポロロ/釜山ホテル
플레이월드 파주점 키즈카페 이용권,プレイワールド坡州店キッズカフェ利用券
와일드벅스 곤충탐험대,ワイルドバックス昆虫探検隊
인천광역시 중구 월미로 222 101~127호,仁川広域市中区月尾路222 101～127号
클럽디 오아시스 통합권/스파 이용권 (3/3~4/30),クラブディオアシス統合券/スパ利用券（3/3～4/30）
클럽디 오아시스,クラブディオアシス
부산광역시 해운대구 달맞이길 30 엘시티,釜山広域市海雲台区月見道30エルシティ
스플라스 리솜 패키지(객실 1박+조식 2인),スプラスリソムパッケージ（客室1泊+朝食2名）
양떼목장,羊群牧場
원더빌리지 매직플로우 원더빌리지(~3/31),ワンダービレッジマジックフローワンダービレッジ（〜3/31）
마산 로봇랜드 커플 / 패밀리권 (2/3/4/6인권) (~3/31),馬山ロボットランドカップル/ファミリー券（2/3/4/6人権）（〜3/31）
경남 창원시 마산합포구 구산면 로봇랜드로 250,慶南昌原市馬山合浦区九山面ロボットランド250
용인 베잔송(룸온리/한화리조트/에버랜드근처),龍仁ベザンソン（ルームオンリー/ハンファリゾート/エバーランド付近）
한화리조트 용인 베잔송,ハンファリゾート龍仁ベザンソン
경기 용인시 처인구 남사읍 봉무로153번길 79,京畿道龍仁市南区邑奉武路153番道79
샌드라이빙 하남점 이용권,サンドライビング河南店利用券
"미사강변중앙로 223 111호, 112호",ミサガン辺中央路223 111号、112号
체험형 숲 테마파크 놀자숲 이용권 (실내/외 초대형 어드벤처 파크),体験型森テーマパーク遊び森利用券（室内／外超大型アドベンチャーパーク）
놀자숲,遊ぼう森
벡스코 상상체험 키즈월드,ベックスコ想像体験キッズワールド
부산 해운대구 APEC로 30,釜山海雲台区APECで30
루프캣미 실내 고양이카페 홍대점,ルーフキャットミ屋内猫カフェ弘大店
루프캣미,ループキャット
양화로 140 H-CUBE B2F,洋画炉 140 H-CUBE B2F
상록리조트 상록랜드,サンロックリゾートサンロックランド
상록리조트,サンロックリゾート
충남 천안시 동남구 수신면 수신로 576,忠南天安市東南区受信面受信路576
롯데리조트부여 아쿠아가든 (3/21~4/30),ロッテリゾート付アクアガーデン（3/21～4/30）
롯데리조트,ロッテリゾート
강원 속초시 대포항길 186,江原束草市大浦港道186
소노벨 천안 오션어드벤처 종일권 (03/14~04/24),ソノベル天安オーシャンアドベンチャー終日券（03/14～04/24）
소노벨 천안,ソノベル天安
한치골길 262,ハンチゴルギル262
파라다이스시티 원더박스 자유이용권 (3/21~4/30),パラダイスシティワンダーボックス自由利用券（3/21～4/30）
파라다이스시티,パラダイスシティ
인천광역시 중구 영종해안남로321번길 186 (운서동),仁川広域市中区永宗海岸南路321番ギル186（雲西洞）
하나 딸기수확체험(실내대기실+화장실완비),花いちご収穫体験（室内待機室＋トイレ完備）
하나딸기수확체험,花いちご収穫体験
잭슨나인스 대구점 (유효기간 : 26/01/01~03/31),ジャクソンナインズ大邱店（有効期間：26/01/01～03/31）
쥬라리움 파주점 입장권,ジュラリウム坡州店入場券
쥬라리움파주점,ジュラリウム坡州店
경기도 파주시 탄현면 새오리로 69 프로방스 주차타워 2층,京畿道坡州市タンヒョンミョンセオリロ69プロヴァンス駐車場タワー2階
아르떼뮤지엄 입장권,アルテミュージアム入場券
아르떼뮤지엄 부산,アルテミュージアム釜山
부산 영도구 해양로247번길 29,釜山永道区海洋路247番道29
스누피가든,スヌーピーガーデン
제주 스누피가든,済州スヌーピーガーデン
제주특별자치도 제주시 구좌읍 금백조로 930,済州特別自治道済州市口座邑金白鳥路930
"부산 요트투어 요트가이 (폭죽, 폴라로이드) 광안리",釜山ヨットツアーヨットガイ（爆竹、ポラロイド）広安里
요트가이,ヨットガイ
부산 해운대구 우동 1393,釜山海雲台区うどん1393
서귀포잠수함,西帰浦潜水艦
제주 서귀포시 남성중로 40,済州西帰浦市男性中路40
메이즈랜드_성인,メイズランド_大人
메이즈랜드,メイズランド
제주특별자치도 제주시 구좌읍 비자림로 2134-47 메이즈랜드,済州特別自治道済州市口座邑ビザリムロ2134-47メイズランド
항공우주박물관 전시+체험+공연 종합패키지,航空宇宙博物館展示+体験+公演総合パッケージ
항공우주박물관,航空宇宙博物館
제주특별자치도 서귀포시 안덕면 녹차분재로 218,済州特別自治道西帰浦市安徳面緑茶盆栽218
음악 불꽃 크루즈 (여의도 터미널 출발),音楽炎クルーズ（汝矣島ターミナル出発）
서울크루즈,ソウルクルーズ
여의도한강공원길 231 여의도 유람선터미널,汝矣島漢江公園道231汝矣島遊覧船ターミナル
N서울타워 전망대+한쿡 레스토랑 PKG,Nソウルタワー展望台+ハンクックレストランPKG
서울 용산구 남산공원길 105,ソウル龍山区南山公園道105
오션월드 종일권 (3/3~4/24),オーシャンワールド終日券（3/3～4/24）
홍천 비발디파크,ホンチョンビバルディパーク
강원특별자치도 홍천군 서면 한치골길 262,江原特別自治道洪川郡西面ハンチゴルギル262
마산 로봇랜드 종일/오후 이용권 (~3/31),馬山ロボットランド終日/午後利用券 (~3/31)
해운대 한화리조트,海雲台ハンファリゾート
한화리조트 해운대,ハンファリゾート海雲台
부산 해운대구 마린시티3로 52,釜山海雲台区マリンシティ3ロ52
에버랜드 Q-PASS: 판다월드,エバーランドQ-PASS：パンダワールド
경기 용인시 처인구 포곡읍 에버랜드로 199,京畿道龍仁市処城区浦谷邑199
세라젬 웰파크 위례점 실내 키즈카페,セラジェムウェルパークウィ礼店屋内キッズカフェ
세라젬 웰파크,セラジェムウェルパーク
서울 동대문구 고산자로32길 78,ソウル東大門区高山ジャロ32ギル78
옐레드 하남미사점 애견유치원 애견호텔 이용권,イエレッドハナムミサ店愛犬幼稚園愛犬ホテル利用券
옐레드,イエレッド
경기 안산시 단원구 광덕대로 137,京畿道安山市丹原区広徳大路137
월롱 딸기체험,ウォロンイチゴ体験
월롱딸기체험,ウォロンイチゴ体験
경기 파주시 월롱면 도감로 247,京畿道坡州市ウォーロン面図鑑247
엑스더스카이 전망대 입장권,エクスダースカイ展望台入場券
부산 엑스더스카이,釜山エクスダースカイ
부산 해운대구 달맞이길 30,釜山海雲台区月見道30
팔공산 케이블카 왕복 이용권,八公山ケーブルカー往復利用券
팔공산케이블카,八公山ケーブルカー
대구 동구 팔공산로185길 51,大邱東区八公山路185ギル51
아르떼뮤지엄,アルテミュージアム
남해양떼목장 이용권,南海洋群牧場利用券
남해양떼목장,南海洋群れ
경남 남해군 설천면 설천로775번길 364,慶南南海郡雪川面雪川路775番ギル364
영종도 씨사이드 레일바이크 이용권,永宗島シーサイドレールバイク利用券
씨사이드레일바이크,シーサイドレールバイク
인천 중구 구읍로 75,仁川中区区邑路75
해운대 블루라인파크 이용권,海雲台ブルーラインパーク利用券
블루라인파크,ブルーラインパーク
부산 해운대구 달맞이길62번길 13,釜山海雲台区月見道62番道13
도치돌알파카목장,栃石アルパカ牧場
제주 제주시 애월읍 도치돌길 303,済州済州市アウォル邑栃石道303
허브아일랜드 입장권(포천가볼만한곳),ハーブアイランド入場券（ポチョンガ見どころ）
허브아일랜드,ハーブアイランド
경기 포천시 신북면 청신로947번길 35,京畿道浦川市新北面清新路947番ギル35
대구 이월드 자유이용권,大邱イワールド自由利用権
대구 달서구 두류공원로 200,大邱ダルソ区ドゥリュ公園路200
"하이! 서울, 크루즈 (여의도 터미널 출발)",ハイ！ソウル、クルーズ（汝矣島ターミナル出発）
서울특별시 영등포구 여의도한강공원길 231,ソウル特別市永登浦区汝矣島漢江公園道231
모나용평 애니포레 입장권(~7/16),モナヨンピョンアニポレ入場券（〜7/16）
모나 용평,モナ・ヨンピョン
강원 평창군 대관령면 올림픽로 715,江原平昌郡大関寧面オリンピック路715
얼리버드40%★ <상상력 옷장> : 마이아트뮤지엄 원그로브점,アーリーバード40％★<想像力ワードローブ>：マイアートミュージアムワングローブ店
서울 강서구 공항대로 165,ソウル江西区空港大路165
리프플레이스(용인가볼만한곳!),リーフプレイス（龍か見どころ！）
리프플레이스,リーフプレイス
경기 용인시 처인구 원삼면 농촌파크로 2,京畿道龍仁市チョンイングウォンサムミョン農村公園2
옐레드 수지동천점 애견유치원 애견호텔 이용권,イエレッドスージードンチョン店愛犬幼稚園愛犬ホテル利用券
소노캄 오션어드벤처 로우시즌 입장권 (26/03/12~26/04/24),ソノカムオーシャンアドベンチャーローシーズン入場券（26/03/12～26/04/24）
소노캄 오션어드벤처 로우시즌 입장권 26/03/12~26/04/24,ソノカムオーシャンアドベンチャーローシーズン入場券26/03/12〜26/04/24
하피랜드 온천 · 찜질방,ハーピランド温泉・チムジルバン
경기 화성시 팔탄면 시청로 888,華城市ファルタン面市役所888
잭슨나인스 창원점 이용권 (유효기간 : 3/1~3/31),ジャクソンナインズ昌原店利用券（有効期間：3/1～3/31）
강원 춘천시 중앙로 193,江原春川市中央路193
거제 벨버디어 한화리조트,巨済ベルバーディアハンファリゾート
한화리조트 거제 벨버디어,ハンファリゾート巨済ベルバディア
경남 거제시 장목면 거제북로 2501-40,慶南巨済市長木面巨済北路2501-40
파라다이스시티 씨메르 아쿠아스파/찜질스파 (3/1~4/7),パラダイスシティシーメールアクアスパ/チムジルスパ（3/1～4/7）
씨메르,シーメール
인천 중구 영종해안남로321번길 186,仁川中区永宗海岸南路321番ギル186
부산요트투어 요트홀릭,釜山ヨットツアーヨットホリック
[부산 해운대] 부산요트투어 요트홀릭,[釜山海雲台]釜山ヨットツアーヨットホリック
에버랜드 Q-PASS: 판다 세컨하우스,エバーランドQ-PASS：パンダセカンハウス
볼베어파크 천안점 키즈카페 힐스테이트,ボールベアパーク天安店キッズカフェヒルステート
충남 천안시 동남구 옛시청길 29,忠南天安市東南区旧市役所29
한강갑문크루즈 with 런치 (아라김포여객터미널 출발),漢江甲門クルーズ with ランチ (荒金浦旅客ターミナル出発)
엔포드 호텔 어반오아시스 수영장 티켓 특가,エンフォード ホテル アバンオアシス プール チケットのセール
엔포드 호텔,エンフォード ホテル
충북 청주시 청원구 충청대로 114 엔포드호텔,忠北清州市清原区忠清大路114エンフォードホテル
공룡월드 종일 이용권,恐竜ワールド終日利用券
인천 공룡월드,仁川恐竜ワールド
인천 연수구 첨단대로 104,仁川研修区先端通り104
퍼스트빌리지 공룡월드,ファーストビレッジ恐竜ワールド
아산 공룡월드,牙山恐竜ワールド
충남 아산시 둔포면 해위안길 127,忠清南道牙山市ダンポミョン海岸127
쁘띠프랑스&이탈리아마을 15주년 특별 할인 입장권,プチフランス＆イタリア村15周年特別割引入場券
가평 쁘띠프랑스&이탈리아마을,加平プチフランス＆イタリアの村
경기 가평군 청평면 호반로 1063,京畿道加平郡清平面湖畔路1063
카페패스 3일 프리미엄,カフェパス3日プレミアム
카페패스,カフェパス
인천 연수구 청량로79번길 9,仁川研修区清陽路79番ギル9
자연에스파 사우나 및 찜질방 (우리가족 힐링공간!),自然エスパサウナとチムジルバン（私たちの家族の癒しの空間！）
자연에스파,自然エスパ
경기 고양시 일산서구 탄현로 144,京畿道高陽市一山西区タンヒョンロ144
클림트와 리치오디의 기적 : 마이아트뮤지엄,クリムトとリッチオーディの奇跡：マイアートミュージアム
홍삼스파 참숯가마사우나,紅参スパチャムガマサウナ
경기 파주시 탄현면 장릉로 5,京畿道坡州市タンヒョン面長陵路5
클럽디 오아시스 나이트포차 스파 PKG (~4/30),クラブディオアシスナイトポチャスパPKG（〜4/30）
부산 해운대구 달맞이길 30 엘시티,釜山海雲台区月見道30エルシティ
드림탁터 인천점 이용권,ドリームタクタ仁川店利用券
드림닥터,ドリームドクター
경기 수원시 권선구 수인로 291,京畿道水原市巻線区スインロ291
레고랜드X삼악산케이블카 PKG (날짜지정형),レゴランドXサムアクサンケーブルカーPKG（日付指定型）
레고랜드,レゴランド
강원 춘천시 하중도길 128 레고랜드 코리아 리조트,江原春川市ロードロード128レゴランドコリアリゾート
옐레드 대구신월성점 애견유치원 애견호텔 이용권,イエレッド大邱新月城店愛犬幼稚園愛犬ホテル利用券
롯데리조트부여 아쿠아가든 (1/1~3/31),ロッテリゾート付アクアガーデン（1/1～3/31）
샌드라이빙 천안아산점 이용권,サンドライビング天安亜山店利用券
샌드라이빙 천안아산점,サンドライビング天安亜山店
충남 아산시 탕정면 한들물빛도시로 70,忠南牙山市タンジョンミョン
"마이아트뮤지엄 원그로브점 : 헤일리 티프먼, 일상을 그리다(~26.03.29)",マイアートミュージアムワングローブ店：ヘイリーティフマン、日常を描く（～26.03.29）
엑스코 상상체험 키즈월드,エクスコ想像体験キッズワールド
엑스코상상체험키즈월드,エクスコ想像体験キッズワールド
대구 북구 엑스코로 10,大邱北区エクスコロ10
강남실탄사격장 송파파크하비오본점 이용권,江南実弾射撃場松坡パークハビオ本店利用券
강남실탄사격장,江南実弾射撃場
서울 송파구 송파대로 111,ソウル松坡区松坡大路111
쥬라리움 세종점 입장권,ジュラリウム世宗店入場券
쥬라리움세종점,ジュラリウム世宗店
세종 한누리대로 2275,世宗ハンヌリ大通り2275
키즈런 스포츠파크 노원점 이용권,キッズランスポーツパークノーウォン店利用券
서울 양천구 목동동로 401,ソウル楊川区木洞洞401
루프캣미 실내 고양이카페 명동점,屋根猫屋内猫カフェ明洞店
서울 마포구 양화로 140,ソウル麻浦区ヤンファロ140
비발디파크 액티비티 패키지 (소노벨or소노캄 객실+앤트월드or루지or인피니티풀 2인+할인권),ヴィヴァルディパークアクティビティパッケージ
소노 비발디파크,ソノビバルディパーク
레이저아레나엑스_유니버스 서바이벌,レーザーアリーナX_ユニバースサバイバル
레이저아레나엑스,レーザーアリーナX
제주 서귀포시 소보리당로164번길 62,済州西帰浦市小堀堂路164番道62
"하이원리조트 부대시설 이용권 (운탄고도 케이블카, 수영장&사우나, 알파인코스터, 그랜드테이블 조식뷔페)",ハイワンリゾート付帯施設利用券（ウンタン高度ケーブルカー、プール＆サウナ、アルパインコースター、グランドテーブル朝食ビュッフェ）
거제 통영 요트투어 카나리아147,巨済統営ヨットツアーカナリア147
카나리아147,カナリア147
경남 거제시 사등면 덕호해안길 147-1,慶南巨済市沙洞面徳湖海岸147-1
금호리조트 제주 아쿠아나 워터파크,クムホリゾート済州アクアナウォーターパーク
금호리조트 제주 아쿠아나,クムホリゾート済州アクアナ
부산 해운대 센텀 스파랜드(~26/3/31),釜山海雲台セントムスパランド（～26/3/31）
부산센텀스파랜드,釜山セントムスパランド
부산광역시 해운대구 센텀남대로 35,釜山広域市海雲台区センタム南大路35
실내 키즈테마파크 잭슨파이브 충주점,屋内キッズテーマパークジャクソンファイブ忠州店
잭슨파이브,ジャクソンファイブ
충북 충주시 호암토성2로 7,忠北忠州市ホアムト城2路7
금호리조트 화순 아쿠아나 워터파크,錦湖リゾート花順アクアナウォーターパーク
금호리조트 화순 아쿠아나,錦湖リゾート花順アクアナ
전남 화순군 백아면 옥리길 14-7,全南華順郡白亜面オリギル14-7
서해뱃길크루즈 with런치(여의도 터미널 출발),西海船ギルクルーズ withランチ(汝矣島ターミナル出発)
삼악산케이블카X플레이정글 춘천엔타점 PKG,サムアクサンケーブルカーXプレイジャングル春川エンターポイントPKG
삼악산케이블카,サムアクサンケーブルカー
서해뱃길크루즈(여의도 터미널 출발),西海船ギルクルーズ（汝矣島ターミナル出発）
아라갑문크루즈 (여의도 터미널 출발),アラガムムーンクルーズ（ヨイドターミナル出発）
보문호수 위 다이나믹한 즐거움! 경주 루지월드,普門湖の上にダイナミックな楽しみ！レースルージュワールド
루지월드,ルージュワールド
경북 경주시 천북남로 16,慶北慶州市天北南路16
엑스포대공원 루미나이트 이용권,エキスポ大公園ルミナイト利用券
엑스포대공원,エキスポ大公園
2026년 N서울타워 와인페어 입장권,2026年Nソウルタワーワインフェア入場券
이천 테르메덴 풀앤스파 (3/2~3/29),利川テルメデンフルアンドスパ（3/2～3/29）
테르메덴,テルメデン
경기 이천시 모가면 사실로 984,京畿道利川市に行くと、実際には984
한강갑문크루즈 (아라김포여객터미널 출발),漢江甲門クルーズ（荒海金浦旅客ターミナル出発）
팅커위시 요정수업 어린이 체험권 (유효기간 : ~3/31),ティンカーウィッシュ妖精授業子供体験券（有効期間：〜3/31）
팅커위시,ティンカーウィッシュ
아라뱃길크루즈 (아라김포여객터미널 출발),アラバットギルクルーズ（アラキムポ旅客ターミナル出発）
소노 델피노 온천사우나 세트권(~26.12.31),ソノ・デルフィノ温泉サウナセット券(~26.12.31)
소노 델피노,ソノ・デルフィノ
강원특별자치도 고성군 토성면 미시령옛길 1153,江原特別自治道高城郡土城面ミシリョン
모나용평 발왕산관광케이블카&氣스카이워크(~7/16),モナヨンピョンバルワン山観光ケーブルカー＆气スカイウォーク（〜7/16）
2026 남산 와인페어 티켓,2026南山ワインフェアチケット
아일랜드 리솜 패키지 (객실 1박+스파 2인),アイルランドリソムパッケージ（客室1泊+スパ2名）
플레이월드 미사점 주중 종일권 (~4/30),プレイワールドミサ店平日終日券（～4/30）
경기 용인시 기흥구 중부대로 184,京畿道龍仁市ギフン区中部大路184
N서울타워 프로포즈 이벤트,Nソウルタワープロポーズイベント
N서울타워 전망대+두루미 분식 이용권,Nソウルタワー展望台+ドゥルミ分食利用券
N서울타워 전망대+엔그릴 PKG,Nソウルタワー展望台+エングリルPKG
N서울타워 전망대+더 플레이스 다이닝 패키지,Nソウルタワー展望台+ザプレイスダイニングパッケージ
N서울타워 전망대 이용권,Nソウルタワー展望台利用券
이월드 연간회원권 3월,イワールド年間会員権3月
아쿠아플라넷 여수 + 여수예술랜드 PKG,アクアプラネット麗水+麗水アートランドPKG
경기 고양시 일산서구 한류월드로 282,京畿道高陽市一山西区韓流ワールド282
소노 델피노 인피니티풀 종일권(26/03/03~26/06/19),ソノ・デルフィノ・インフィニティフル終日券（26/03/03～26/06/19）
소노 델피노 인피니티풀,ソノデルフィノインフィニティプール
강원 고성군 토성면 미시령옛길 1153,江原道高城郡土城面ミシリョン旧道1153
아쿠아플라넷 여수 + 해상케이블카 PKG,アクアプラネット麗水+海上ケーブルカーPKG
쏠비치 오션플레이 로우시즌 종일권 (26/03/03~26/04/24),ソルビーチオーシャンプレイローシーズン終日券（26/03/03～26/04/24）
쏠비치 삼척 오션플레이,ソルビーチ三尺オーシャンプレイ
강원 삼척시 수로부인길 453,江原三che市水路婦人道453
소노 델피노 오션플레이 종일권 로우시즌 (~26.04.23),ソノデルフィノオーシャンプレイ終日券ローシーズン（〜26.04.23）
소노 델피노 오션플레이,ソノデルフィノオーシャンプレイ
아쿠아플라넷 여수 + 라마다짚트랙 PKG,アクアプラネット麗水+ラマダわらトラックPKG
이월드 83타워 아이스링크 3월,イワールド83タワーアイスリンク3月
아쿠아플라넷 여수 입장권 (~4/2),アクアプラネット麗水入場券（〜4/2）
대구 이월드 자유권+간식3종,大邱イワールド自由圏+スナック3種
아쿠아밸리 블루라운지 카페,アクアバレーブルーラウンジカフェ
아쿠아밸리,アクアバレー
서울 금천구 디지털로 178,ソウル市金川区デジタル178
이월드 83타워 전망대PKG 3월,イワールド83タワー展望台PKG 3月
마산 로봇랜드 종일권 + 채나교복 PKG (~3/31),馬山ロボットランド終日券+チェナ制服PKG（〜3/31）
파라다이스시티 씨메르 아쿠아스파/찜질스파 (4/9~4/30),パラダイスシティ シーメール アクアスパ/チムジルスパ (4/9~4/30)
클럽디 오아시스 반기시즌권(통합권/온천사우나권),クラブディオアシス半期シーズン券（統合券/温泉サウナ券）
마산 로봇랜드 종일권 + 공룡월드 PKG (~3/31),馬山ロボットランド終日券+恐竜ワールドPKG (~3/31)
마산 로봇랜드 종일권 + 로봇스쿨 레이싱카 PKG (~3/31),馬山ロボットランド終日券+ロボットスクールレーシングカーPKG（〜3/31）
잭슨나인스 양산점 (유효기간 : 3/1~3/31),ジャクソンナインズ量産店（有効期間：3/1～3/31）
잭슨나인스 세종점 (유효기간 : 3/1~3/31),ジャクソンナインズ世宗店（有効期間：3/1～3/31）
네이처파크 설레는 봄 이용권(3/4~),ネイチャーパークときめきは春利用券（3/4～）
네이처파크,ネイチャーパーク
대구 달성군 가창면 가창로 891,大邱達成郡ガチャンミョンガチャンロ891
동탄 네이처스케이프 플러스 평일 한정 봄나들이 패키지,ドンタンネイチャースケーププラス平日限定春の外出パッケージ
경기 화성시 동탄대로5길 21,京畿道華城市東弾大路5ギル21
이월드 자유이용권 3월,イワールド自由利用券3月
퓨처그라운드(디지털 놀이터) 김포공항점 이용권 3월,フューチャーグラウンド（デジタル遊び場）金浦空港店利用券3月
퓨처그라운드,フューチャーグラウンド
경기 성남시 분당구 판교로289번길 20,京畿道城南市盆唐区板橋路289番ギル20
반포 세빛섬 레인보우브릿지 요트투어,バンポセライトアイランドレインボーブリッジヨットツアー
서울 서초구 올림픽대로 2085-14,ソウル瑞草区オリンピック大通り2085-14
월미짱랜드 이용권,ウォルミちゃんランド利用券
울산 중구 만남의거리 15,蔚山中区出会いの距離15
레고랜드 당일 이용권,レゴランド当日利用券
레고랜드코리아 테마파크,レゴランドコリアテーマパーク
강원 춘천시 하중도길 128,江原春川市荷重道128
아라뱃길크루즈 with 런치 (아라김포여객터미널 출발),アラバットギルクルーズ with ランチ (アラ金浦旅客ターミナル出発)
삼악산케이블카X알파카월드 PKG,サムアクサンケーブルカーXアルパカワールドPKG
알파카월드,アルパカワールド
강원특별자치도 홍천군 화촌면 덕밭재길 146-155,江原特別自治道洪川郡華村面徳田在吉146-155
공룡월드 이용권,恐竜ワールド利用券
세종 공룡월드,世宗恐竜ワールド
세종특별자치시 국세청로 32,世宗特別自治区国税庁路32
쁘띠프랑스&이탈리아마을 연간회원권,プチフランス＆イタリア村年間会員権
쁘띠프랑스&이탈리아 마을 + 유럽마을 봄 패키지,プチフランス＆イタリアの村+ヨーロッパの村春パッケージ
삼국유사테마파크 입장권,三国ゆさテーマパーク入場券
대구 군위군 의흥면 일연테마로 100,大邱郡衛郡義興面100テーマで100
2026 태안세계튤립꽃박람회,2026泰安世界チューリップフラワーフェア
태안 세계튤립꽃박람회,泰安世界チューリップ花見本市
충남 태안군 남면 마검포길 200,忠南泰安郡南面マガムポギル200
화성 서해랑케이블카 이용권,火星西海とケーブルカーの利用券
서해랑케이블카,西海とケーブルカー
경기 화성시 만세구 서신면 전곡항로 1-10,京畿道華城市万世区西新面全谷航路1-10
오레브 핫 스프링&스파 (26.02.02~26.03.31),オレブホットスプリング＆スパ（26.02.02～26.03.31）
오레브 핫 스프링&스파,オレブホットスプリング＆スパ
제주 서귀포시 태평로 152,済州西帰浦市太平路152
디너 불꽃 크루즈 (여의도 터미널 출발),ディナー炎クルーズ（汝矣島ターミナル出発）
아일랜드 리솜 패키지 (객실 1박+조식 2인),アイルランドリソムパッケージ（客室1泊+朝食2名）
"헤일리 티프먼, 일상을 그리다 : 마이아트뮤지엄 원그로브점",ヘイリーティフマン、日常を描く：マイアートミュージアムワングローブ店
썬웨이 워터파크 도곡온천 특가 이용권,サンウェイウォーターパーク東谷温泉のお得な特典
썬웨이 워터파크,サンウェイウォーターパーク
전남 화순군 도곡면 온천1길 45,全南華順郡道谷面温泉1ギル45
아쿠아시티 스파 워터파크 이용권,アクアシティスパウォーターパーク利用券
광주 아쿠아시티,広州アクアシティ
광주광역시 북구 서하로 82,光州広域市北区西河路82
딜라이트 담양(담양의 아름다움을 담은 미디어아트),デライト潭陽（潭陽の美しさを込めたメディアアート）
딜라이트 담양,ディライト潭陽
전남 담양군 월산면 화방송정길 21-14,全羅南道潭陽郡ウルサン面華放送ジョンギル21-14
옐레드 마곡점 애견유치원 애견호텔 이용권,イエレッドマゴック店愛犬幼稚園愛犬ホテル利用券
옐레드 서초교대역점 애견유치원 애견호텔 이용권,イエレ瑞草橋大域店愛犬幼稚園愛犬ホテル利用券
옐레드 노원상계점 애견유치원 애견호텔 이용권,イエレッドノーウォン相場店愛犬幼稚園愛犬ホテル利用券
포항 요트투어 요트데이(요트투어/퍼블릭/프라이빗/커플/프로포즈),浦項ヨットツアーヨットデー（ヨットツアー/パブリック/プライベート/カップル/プロポーズ）
포항 요트투어 요트데이 요트투어/퍼블릭/프라이빗/커플/프로포즈,浦項ヨットツアーヨットデーヨットツアー/パブリック/プライベート/カップル/プロポーズ
춘천 삼악산 호수 케이블카 (1월~3월 입장권),春川三岳山湖ケーブルカー（1月～3月入場券）
춘천 삼악산 호수 케이블카,春川三岳山湖ケーブルカー
강원 춘천시 스포츠타운길 245,江原春川市スポーツタウンギル245
하동 케이블카 탑승권,ハドンケーブルカー搭乗券
하동 케이블카,ハドンケーブルカー
경남 하동군 금남면 경충로 461-7,慶南河東郡金南面慶忠路461-7
2026 모나용평 이나트 뮤지엄(전시관) 전시 입장권 (~6/30),2026モナヨンピョンイナートミュージアム（展示館）展示入場券（〜6/30）
하리보 해피월드 인 제주 (HARIBO Happy World in jeju),ハリボハッピーワールドイン済州 (HARIBO Happy World in jeju)
하리보월드,ハリボワールド
제주 제주시 아연로 444-1,済州済州市亜鉛路444-1
마이아트뮤지엄 삼성점 : 클림트와 리치오디의 기적(~26.03.22),マイアートミュージアムサムスン店：クリムトとリッチオーディの奇跡（～26.03.22）
마이아트뮤지엄 삼성점,マイアートミュージアムサムスン店
타이거릴리 3개지점 이용권,タイガーリリー3支店利用券
타이거릴리,タイガーリリー
서울 송파구 충민로 66,ソウル松坡区忠民路66
키위키즈랜드,キウイキッズランド
부산 기장군 장안읍 정관로 1142,釜山キジャン郡長安邑ジョングァンロ1142
오아식스 리솜 선셋스파 (12/20~3/29),オアシックスリソムサンセットスパ（12/20～3/29）
25/26 하이원리조트 스노우월드/눈썰매장 이용권,25/26ハイワンリゾートスノーワールド/雪そり場利用券
실내 스카이 다이빙 플라이스테이션,屋内スカイダイビングフライステーション
용인 플라이스테이션,龍仁フライステーション
경기 용인시 처인구 포곡읍 성산로 521,京畿道龍仁市チョイン区浦谷邑城山路521
플레이월드 미사점 키즈카페 이용권,プレイワールドミサ店キッズカフェ利用券
용인 테일45 반려견운동장 이용권,龍仁テール45ペット犬運動場利用券
경기 용인시 기흥구 고매로43번길 47,京畿道龍仁市ギフン区高梅路43番ギル47
25/26 하이원리조트 리프트권 (11.28~폐장일),25/26 ハイワンリゾートリフト券 (11.28～閉場日)
정선 로미지안가든 동절기 이용권,チョンソンロミジアンガーデン冬季利用券
로미지안가든,ロミジアンガーデン
강원 정선군 북평면 어도원길 12,江原鄭善郡​​北平面アドウォンギル12
속초요트보트클럽 이용권,束草ヨットボートクラブ利用券
속초파워보트클럽,束草パワーボートクラブ
강원 속초시 장사항해안길 46,江原束草市長沙港海岸道46
찜카 제주 렌트카 국내 해외 항공 투어택시 5% 할인 이용권,チムカ済州レンタカー国内海外航空ツアータクシー5％割引利用券
찜카,蒸し
제주 제주시 첨단로 330,済州済州市先端路330
영일딸기체험,ヨンイルイチゴ体験
365일 힐링파크! 엑스포대공원 이용권,365日ヒーリングパーク！万博大公園利用券
화성 한진요트 영국재즈요트 이용권,火星ハンジンヨットイギリスジャズヨット利用券
한진요트,ハンジンヨット
경기 화성시 만세구 서신면 제부리 6-16,京畿道華城市万世区西新面Jeburi 6-16
글라이더스왕산 요트 투어 이용권,グライダーズ王山ヨットツアー利用券
글라이더스왕산,グライダーズ王山
인천 중구 왕산로35번길 8,仁川中区王山路35番ギル8
속초 장사항마리나 세일요트 이용권,束草商売マリーナセールヨット利用券
장사항마리나,商売マリーナ
강원 속초시 장사항해안길 42,江原束草市長沙港海岸道42
공룡월드 비봉공룡공원 이용권,恐竜ワールド悲峰恐竜公園利用券
호텔 크레센도 428 레스토랑 이용권,ホテルクレッセンド428レストラン利用券
크레센도서울,クレッセン島ソウル
"뮤지엄원 <다시, 낭만의 시대> 전시",ミュージアムワン＜再び、ロマンの時代＞展示
뮤지엄원,ミュージアムワン
"뮤지엄원 미디어아트 다시, 낭만의 시대",ミュージアムワンメディアアート再び、ロマンの時代
부산 해운대구 센텀서로 20,釜山海雲台区センタムソロ20
디거앤레이스 김포라베니체점 이용권,デガー＆レースキムポラベニチェ店利用券
경기 김포시 태장로 802,京畿道金浦市太蔵路802
디거앤레이스 고양일산점 이용권,デガー＆レース高陽一山店利用券
경기 고양시 일산서구 한류월드로 300,京畿道高陽市一山西区韓流ワールド300
나주 우주드림 이용권,ナジュ宇宙ドリーム利用券
중흥골드스파리조트,中興ゴールドスパリゾート
전남 나주시 다도면 나주호로 558-314,全羅南道ナジュシダドミョンナジュホロ558-314
소노팰리체 승마체험,ソノパリチェ乗馬体験
소노펠리체 비발디파크,ソノフェリチェヴィヴァルディパーク
김포 덕포진교육박물관 이용권,金浦徳浦陣教育博物館利用券
경기 김포시 대곶면 덕포진로103번길 90,京畿道金浦市大田面徳浦ジンロ103
자수정동굴 입장+보트PKG,アメジスト洞窟入場+ボートPKG
자수정동굴나라,アメジスト洞窟国
울산 울주군 상북면 자수정로 212,蔚山蔚州郡上北面アメジスト212
태종대오션플라잉 이용권,太宗大学オーシャンフライング利用券
태종대 오션플라잉,太宗台オーシャンフライング
부산 영도구 태종로836번길 55,釜山永東区太宗路836番ギル55
소피텔 앰배서더 서울 연말 룸온리 특가,ソフィテルアンバサダーソウル年末ルームオンリースペシャル
소피텔 앰배서더 서울,ソフィテルアンバサダーソウル
서울 송파구 잠실로 209,ソウル松坡区蚕室路209
연제구 닥터메포츠 사우나&헬스 이용권,延済区ドクターメポッツサウナ＆ヘルス利用券
닥터메포츠,ドクターメポツ
부산 연제구 거제시장로 42,釜山延済区巨済市場42
아산레일바이크 이용권,アサンレールバイク利用券
아산레일바이크,アサンレールバイク
충남 아산시 도고면 아산만로 199-7,忠南牙山市道後面烏山万路199-7
"레노부르크뮤지엄 / 빛을 찾았,나 (미디어아트 전시+전시테마음료 PKG)",レノブルクミュージアム/光を見つけた、私（メディアアート展示+展示テーマドリンクPKG）
레노부르크뮤지엄 / GLEAM:E 빛나(미디어아트 일반 예매),レノブルクミュージアム / GLEAM:E 輝く(メディアアート一般前売)
경기 부천시 오정구 신흥로511번길 180,京畿道富川市大正区新興路511番ギル180
일산 원마운트 로라비트 이용권,一山ワンマウントロラビット利用券
원마운트,ワンマウント
부산영화체험박물관 + 씨네뮤지엄,釜山映画体験博物館+シネミュージアム
부산영화체험박물관,釜山映画体験博物館
부산 중구 대청로126번길 12,釜山中区大清路126番ギル12
피노디아 뮤지엄 입장권,ピノディアミュージアム入場券
피노디아 뮤지엄,ピノディアミュージアム
강원 속초시 엑스포로 75,江原束草市エキスポロ75
해저와인과함께하는 우도잠수함,海底ワインと一緒にウッド潜水艦
우도잠수함,ウド潜水艦
제주 서귀포시 성산읍 성산등용로 112-7,済州西帰浦市城山邑城山灯龍路112-7
해저와인과함께하는 우도잠수함+우도도항선,海底ワインと一緒にウド潜水艦+ウドド港
레이저아레나엑스_올인원,レーザーアリーナX_オールインワン
레이저아레나엑스_리얼리티 서바이벌,レーザーアリーナX_リアリティサバイバル
섬진강 별빛 스카이 짚와이어,島津川スターライトスカイわらワイヤー
전남 광양시 진월면 망덕길 159,全羅南道光陽市金月面マンドクギル159
부산 요트투어 카카오요트,釜山ヨットツアーカカオヨット
카카오요트,カカオヨット
부산 해운대구 해운대해변로 84,釜山海雲台区海雲台ビーチ84
플레이월드 다산점 키즈카페 이용권,プレイワールド多山店キッズカフェ利用券
경주월드 자유이용권,慶州ワールド自由利用券
아이올레인포레스트,アイオレインフォレスト
제주 제주시 구좌읍 덕행로 359,済州済州市口座邑徳行路359
무지개요트,虹ヨット
제주 무지개요트,済州虹ヨット
제주특별자치도 제주시 도두항길 28-12,済州特別自治道済州市道頭港道28-12
선녀와나무꾼,先生と木の人
제주 선녀와나무꾼,済州の先生と木の人
제주특별자치도 제주시 조천읍 선교로 267,済州特別自治道済州市チョチョン邑宣教路267
서프라이즈테마파크,サプライズテーマパーク
메이즈랜드_소인,メイズランド_ソイン
제주 제주시 구좌읍 비자림로 2134-47,済州済州市口座邑ビザリムロ2134-47
메이즈랜드_청소년,メイズランド_青少年
레포츠랜드,レポートランド
제주 제주시 조천읍 와흘상서2길 47,済州済州市チョチョン邑ワルサンサン2ギル47
김녕요트투어_소인,キムニョンヨットツアー_ソイン
김녕요트투어,キムニョンヨットツアー
제주 제주시 구좌읍 구좌해안로 229-16,済州済州市口座邑口座海岸路229-16
김녕요트투어_대인,キムニョンヨットツアー_大人
그림카페,絵カフェ
서울 마포구 와우산로 29-18,ソウル麻浦区和傘路29-18
그랑블루요트 럭셔리투어,グランブルーヨットラグジュアリーツアー
그랑블루요트,グランブルーヨット
제주 서귀포시 대포로 172-7,済州西帰浦市大浦路172-7
그랑블루요트 선셋투어,グランブルーヨットサンセットツアー
주렁주렁 실내 동물원 경주점,ガラガラ屋内動物園レースショップ
경기도 안산시 단원구 광덕1로 276 6층 자이언트제트,京畿道安山市丹原区広徳1路276 6階ジャイアントジェット
"서울특별시 강남구 영동대로 513 , B1층",ソウル特別市江南区永東大路513、B1階
대전광역시 유성구 엑스포로 1 대전 신세계 Art&Science 지하 1층,大田広域市儒城区エキスポロ1大田新世界Art&Science地下1階
"영중로 15 타임스퀘어 4층, 5층",霊中路15タイムズスクエア4階、5階
대전광역시 중구 보문산공원로 469,大田広域市中区宝門山公園路469
부산광역시 해운대구 해운대해변로 266,釜山広域市海雲台区海雲台ビーチ266
제주특별자치도 서귀포시 남원읍 남위남성로 164,済州特別自治道西帰浦市南原邑南位南路164
경기도 고양시 일산서구 덕산로277번길 55 삼방가농원,京畿道高陽市一山西区徳山路277番ギル55三方家農園
레고랜드 1일 이용권,レゴランド1日利用券
하중도길 128 레고랜드 코리아 리조트,ロードロード128レゴランドコリアリゾート
탑동가산로 1 동두천 놀자숲,塔洞加山路1ドンドゥチョン遊び場
경상남도 양산시 원동면 화제리 2696,慶尚南道楊山市ウォンドンミョンファジェリ2696
서울 영등포구 영중로 15,ソウル永登浦区永中路15
경북 포항시 북구 흥해읍 약성리 88,慶北浦項市北区興海邑薬城里88
강원 홍천군 서면 한치골길 262,江原洪川郡西面ハンチゴルギル262
제주 제주시 조천읍 남조로 2243,済州済州市チョチョン邑南城路2243
분당어린이안전체험관,ブンダン子供安全体験館
경기 성남시 분당구 문정로 40지도보기,京畿道城南市盆唐区文正路40地図を見る
한국등잔박물관,韓国灯山博物館
경기도 용인시 처인구 모현읍 능곡로56번길 8,京畿道龍仁市チョンイングモヒョン邑陵谷路56番ギル8
국토발전전시관,国土発展展示館
서울특별시 중구 정동길 18,ソウル特別市中区チョンドンギル18
한국만화박물관,韓国漫画博物館
경기도 부천시 원미구 길주로1,京畿道富川市原美区吉祥路1
용산역사박물관,龍山歴史博物館
서울특별시 용산구 한강대로14길 35-29,ソウル特別市龍山区漢江大路14ギル35-29
안양박물관,安養博物館
경기도 안양시 만안구 예술공원로103번길 4,京畿道安養市万安区芸術公園103号道4
노원기차마을 스위스관,ノウォン電車村スイス館
서울특별시 노원구 화랑로 622 (공릉동),ソウル特別市 ノウォン区画廊路622 (公陵洞)
북촌동양문화박물관,北村東洋文化博物館
서울특별시 종로구 북촌로11길 76(삼청동),ソウル特別市鍾路区北村路11ギル76(三清洞)
오마이갤러리 세계명화 트릭아트전시관,オマイギャラリー世界名画トリックアート展示館
충남 태안군 안면읍 안면대로 3171-6,忠南泰安郡安面邑顔面台3171-6
백제역사문화관,百済歴史文化館
충청남도 부여군 규암면 백제문로 386-6,忠清南道扶余郡九岩面百済門路386-6
화성3.1운동만세길방문자센터,華城3.1運動万世ギル訪問者センター
경기 화성시 만세구 우정읍 화수동길 163,京畿道華城市万世区友情邑華水洞163
피규어뮤지엄w,フィギュアミュージアムw
제주특별자치도 서귀포시 안덕면 한창로 243,済州特別自治道西帰浦市安徳面243
활판인쇄박물관,活版印刷博物館
경기도 파주시 회동길 145 (문발동),京畿道坡州市慶東路145（ムンバルドン）
덕소자연사박물관,徳寿自然史博物館
경기도 남양주시 와부읍 석실로 46-11,京畿道南楊州市和武邑石室路46-11
심장박물관,心臓博物館
인천광역시 계양구 계양문화로 7,仁川広域市桂陽区渓陽文化路7
계량박물관,計量博物館
충북 음성군 맹동면 이수로 93,忠北（チョンブク）ボイス郡盆洞面イ・スロ93
크레욜라 익스피어리언스 펜실베니아,クレヨラエクスペリエンスペンシルバニア
뉴저지 리버티 사이언스 센터,ニュージャージーリバティサイエンスセンター
진천종박물관,ジンチョンジョン博物館
충청북도 진천군 진천읍 백곡로 1504-12,忠清北道鎮川郡鎮川邑1504-12
충주자연생태체험관,忠州自然生態体験館
충북 충주시 동량면 지등로 260 충주자연생태체험관,忠北忠州市東楊面チドンロ260忠州自然生態体験館
고창고인돌박물관,高倉庫インドール博物館
전북특별자치도 고창군 고창읍 고인돌공원길 74,全北特別自治道高昌郡高昌浦
백제문화단지,百済文化団地
충남 부여군 규암면 백제문로 455,忠南扶余郡九岩面百済門路455
국립부여박물관 어린이박물관,国立付与博物館子供博物館
서울 약령시 한의약 박물관,ソウル薬令市韓医薬博物館
서울특별시 동대문구 약령중앙로 26,ソウル特別市東大門区薬令中央路26
워터월드 제주,ウォーターワールド済州
제주 서귀포시 월드컵로 33,済州西帰浦市ワールドカップロ33
한국초콜릿연구소뮤지엄,韓国チョコレート研究所ミュージアム
경기 가평군 청평면 경춘로 157,京畿道加平郡清平面慶春路157
함양목재문화체험장,咸陽木材文化体験場
경남 함양군 안의면 강변로 88,慶南咸陽郡内面コム川沿い88
경기 포천시 군내면 청성로 72,京畿道浦川市郡内面清城路72
한국신발관,韓国靴館
부산 부산진구 백양대로 227,釜山釜山津区白陽大路227
위봉함676,ウィボンボックス676
전북 군산시 내항2길 32,全北群山市内港2ギル32
국립강원전문과학관,国立江原専門科学館
강원 원주시 북원로 2790,江原原州市北原路2790
군산근대미술관,群山近代美術館
전북 군산시 해망로 230,全北群山市海網路230
호돌이다방,ホドルイダバン
경기 성남시 분당구 운중로146번길 19 1층 101호,京畿道城南市盆唐区雲中路146番ギル19 1階101号
UX스튜디오 서울,UXスタジオソウル
서울 강남구 강남대로 350,ソウル江南区江南大路350
발명교육센터 창의발명체험관,発明教育センター創意発明体験館
대전 유성구 과학로 82,大田儒城区科学路82
진도국민해양안전관,珍島国民海洋安全館
전남 진도군 임회면 진도항길 161,全南ジンド郡臨会面ジンドハンギル161
해남공룡박물관,海南恐竜博物館
전라남도 해남군 황산면 공룡박물관길 234,全羅南道海南郡黄山面恐竜博物館道234
김해시 수도박물관,金海市首都博物館
경상남도 김해시 한림면 김해대로 1029-20,慶尚南道金海市ハンリム面金海台1029-20
경기해양안전체험관,京畿海洋安全体験館
경기 안산시 단원구 대부황금로 1546 경기도 해양안전체험관지도보기,京畿道安山市丹原区貸付黄金路1546京畿道海洋安全体験館地図を見る
람사르문화관,ラムサール文化館
경남 창원시 의창구 동읍 주남로101번길 26,慶南昌原市義昌区東邑州南路101番ギル26
네이처에코리움,ネイチャーエコリウム
경남 밀양시 단장면 관광단지로 77,慶南密陽市丹場面観光団地路77
래미안갤러리,ラミアンギャラリー
서울 송파구 충민로 17,ソウル松坡区忠民路17
오산미니어처빌리지,オサンミニチュアビレッジ
경기 오산시 북삼미로 12,京畿道烏山市北三迷路12
오대호아트팩토리,オ・デホアートファクトリー
충북 충주시 앙성면 가곡로 1434,忠北忠州市安城面歌曲路1434
아산환경과학공원 생태곤충원,牙山環境科学公園生態昆虫園
충남 아산시 실옥로 216,忠南牙山市シロクロ216
어깨동무스토리움,ショルダードンストーリウム
서울 마포구 월드컵로 386지도보기,ソウル麻浦区ワールドカップロ386地図を見る
구리어린이천문대,銅子供天文台
경기 구리시 동구릉로 427,京畿道九里東区陵路427
인천개항박물관,仁川開港博物館
인천광역시 중구 신포로23번길 89,仁川広域市中区新浦路23番89
노사평화의 전당,労使平和の殿堂
대구 달성군 구지면 국가산단대로52길 6,大邱達成郡グジミョン
의정부과학도서관 어린이과학체험실,ウィジョンブ科学図書館子供科学体験室
경기 의정부시 추동로124번길 52,京畿道ウィジョンブ市チュドン路124番ギル52
부여생활사박물관,付与生活史博物館
충청남도 부여군 규암면 백제문로 553,忠清南道扶余郡九岩面百済門路553
용평 공룡해양랜드,龍平恐竜海洋ランド
여주곤충박물관,ヨジュ昆虫博物館
경기도 여주시 명성로 114-146,京畿道麗州市名城路114-146
한국근대문학관,韓国近代文学館
인천광역시 중구 신포로15번길 76,仁川広域市中区新浦路15番ギル76
유리섬박물관,ガラス島博物館
경기 안산시 단원구 부흥로 254 유리박물관/미술관지도보기,京畿道安山市丹原区復興路254ガラス博物館/美術館地図を見る
전기박물관,電気博物館
서울특별시 서초구 효령로 72길 60,ソウル特別市瑞草区孝寧路72ギル60
경기도자박물관,京畿道博物館
경기도 광주시 곤지암읍 경충대로 727,京畿道光州市コンジアム邑京畿道727
서대문자연사박물관,西大門自然史博物館
서울특별시 서대문구 연희로 32길 51,ソウル特別市西大門区ヨンヒ路32ギル51
떡박물관,餅博物館
서울특별시 종로구 돈화문로 71(와룡동),ソウル特別市鍾路区ドンファムンロ71(和龍洞)
돈화문갤러리,ドンファムンギャラリー
서울 종로구 돈화문로 71 인산빌딩 9층 돈화문갤러리지도보기,ソウル鍾路区ドンファムンロ71リンサンビル9階ドンファムンギャラリー地図を見る
새마을운동발상지기념공원,セマウル運動発祥の地記念公園
경북 청도군 청도읍 새마을1길 34,慶北青島郡青島邑セマウル1ギル34
대전광역시어린이회관,大田広域市子供会館
대전 유성구 월드컵대로 32,大田儒城区ワールドカップ大通り32
서울특별시 송파구 올림픽로 240,ソウル特別市松坡区オリンピック路240
백제왕궁박물관,百済王宮博物館
전북특별자치도 익산시 왕궁면 궁성로 666,全北特別自治道益山市王宮面宮城路666
의열체험관,義熱体験館
경남 밀양시 노상하1길 27,慶南ミルヤン市路上河1ギル27
현대 모터스튜디오 고양,ヒュンダイモータースタジオ高陽
경기 고양시 일산서구 킨텍스로 217-6,京畿道高陽市イルサン西区KINTEXRO 217-6
서소문성지역사박물관,西小門城地域史博物館
서울특별시 중구 칠패로 5,ソウル特別市中区チルパロ5
중국어마을문화체험관,中国語村文化体験館
인천 중구 신포로23번길 80,仁川中区新浦路23番ギル80
오키나와 현립박물관,沖縄県立博物館
창녕생태곤충원,昌寧生態昆虫園
경남 창녕군 대합면 우포2로 333,慶南昌寧郡大合面ウポ2ロ333
팽성생활사박물관,膨脹生活史博物館
경기 평택시 팽성읍 안정로39번길 21,京畿道平沢市鄭城邑安定路39番ギル21
한국은행 경남본부 화폐전시관,韓国銀行慶南本部通貨展示館
경남 창원시 성산구 원이대로 633 한국은행경남본부,慶南昌原市城山区ウォンデ通り633韓国銀行慶南本部
합덕제 생태관광체험센터,合徳祭生態観光体験センター
충남 당진시 합덕읍 합덕성당2길 10,忠南唐津市合徳邑合徳大聖堂2ギル10
뮤지엄헤이,ミュージアムヘイ
경기 파주시 탄현면 평화로 885-43,京畿道坡州市泰賢面平和路885-43
안동 전통문화콘텐츠박물관,安東伝統文化コンテンツ博物館
경상북도 안동시 서동문로 203,慶尚北道安東市西洞門路203
경기도어린이식품안전체험관 이천센터,京畿道子供移植安全体験館利川センター
경기 이천시 호법면 중부대로798번길 126,京畿道利川市湖法面中部大路798番ギル126
보령석탄박물관,保寧石炭博物館
충청남도 보령시 성주산로 508,忠清南道保寧市城州山路508
목인박물관 목석원,モクイン博物館 木石園
서울특별시 종로구 인사동11길 20(견지동),ソウル特別市鍾路区仁寺洞11ギル20（犬支洞）
싱가포르 kidsSTOP,シンガポール kidsSTOP
국립극장공연예술박물관,国立劇場公演芸術博物館
이사부독도기념관,取締役副独島記念館
강원 삼척시 새천년도로 28,江原三che市新千年道28
목포자연사박물관,木浦自然史博物館
전라남도 목포시 남농로 135,全羅南道木浦市南農路135
서울우리소리박물관,ソウルウリ音博物館
서울특별시 종로구 율곡로 96,ソウル特別市鍾路区渓谷路96
국립기상박물관,国立気象博物館
서울특별시 종로구송월길 52,ソウル特別市鍾路区松月道 52
강원도산림박물관,江原道山林博物館
강원특별자치도 춘천시 화목원길 24,江原特別自治道春川市花木原道24
서울퓨처랩,ソウルフューチャーラップ
서울 강서구 마곡중앙5로 지하 9,ソウル江西区マゴク中央5路地下9
상주목재문화체험장,常州木材文化体験場
경북 상주시 은척면 성주봉로 3,慶北サンジュ市ウンチョク面ソンジュボンロ3
담양우표박물관,潭陽切手博物館
전라남도 담양군 대전면 대치9길 16,全羅南道潭陽郡大田面大治9ギル16
강원경찰박물관,江原警察博物館
강원특별자치도 춘천시 신북읍 신샘밭로 361,江原特別自治道春川市新北邑新泉畑路361
인천상회,仁川商会
인천 강화군 삼산면 삼산남로604번길 6-7,仁川江華郡三山面三山南路604番道6-7
의병박물관,義兵博物館
경상남도 의령군 의령읍 충익로 1-25,慶尚南道義寧郡義寧邑忠益路1-25
통영수산과학관,統営水産科学館
경남 통영시 산양읍 척포길 628-111,慶南統営市山陽邑チャクポギル628-111
울산기후위기대응센터,蔚山気候危機対応センター
울산 울주군 서생면 간절곶1길 15,蔚山蔚州郡西山面
보현산천문과학관,保賢山天文科学館
경북 영천시 화북면 별빛로 681-32,慶北永川市華北面スターライト681-32
도산 안창호 기념관,東山アンチャンホ記念館
서울특별시 강남구 도산대로45길 20,ソウル特別市江南区道山大路45ギル20
부평역사박물관,富平歴史博物館
반딧불이생태관,ホタル生態館
서울 마포구 하늘공원로 108,ソウル麻浦区空公園路108
용산도시기억전시관,龍山都市記憶展示館
"서울 용산구 서빙고로 17 용산센트럴파크 해링턴스퀘어 공공시설동 1,2층지도보기","ソウル龍山区サービンゴロ17龍山セントラルパークハリントンスクエア公共施設洞1,2階地図を見る"
규남박물관,キュナム博物館
전라남도 화순군 이서면 백아로 3109,全羅南道華順郡イ・ソミョン
얼라이브 하트,アライブハート
강원 속초시 원암학사평길 88,江原束草市原岩学士平吉88
청암민속박물관,清岩民俗博物館
경기 양주시 장흥면 권율로 83-5,京畿道楊州市長興面権率83-5
함양박물관,咸陽博物館
경상남도 함양군 함양읍 필봉산길 55,慶尚南道咸陽郡咸陽邑フィルボンサンギル55
인천어린이박물관,仁川子供博物館
성주과일어린이과학체험관,城州フルーツ子供科学体験館
경북 성주군 성주읍 성주순환로 271-9,慶北城州郡城州邑城州循環路271-9
자유수호평화박물관,自由保​​護平和博物館
경기도 동두천시 평화로 2910번길 96-63,京畿道東豆川市平和路2910番路96-63
이주홍어린이문학관,イ・ジュホン子供文学館
경남 합천군 용주면 합천호수로 828-7,慶南che川郡龍州面ハプチョン湖路828-7
빛고을농촌테마공원곤충박물관,輝く秋農村テーマ公園昆虫博物館
광주 남구 양과동 1290,光州南区ヤングァドン1290
솔로몬로파크,ソロモンローパーク
대전 유성구 엑스포로 219-39,大田儒城区エキスポロ219-39
광명시 게임창작소,光明市ゲーム創作所
경기 광명시 철망산로 46,京畿道光明市金網山路46
충주어린이과학관,忠州子供科学館
충북 충주시 관아1길 20,忠北忠州市関児1ギル20
인사동홍보관,仁寺洞広報館
서울 종로구 인사동11길 19,ソウル鍾路区仁寺洞11ギル19
"밀레에듀파크, 어반네이처",ミレエデュパーク、アーバンネイチャー
"경기도 시흥시 거북섬북로 54 아쿠아펫랜드 아쿠아펫랜드 / 어반네이처  C동 201,202호","京畿道始興市カメ島北路54アクアペランドアクアペランド/アーバンネイチャーCドン201,202"
안토 피규어 박물관,アントフィギュア博物館
서울특별시 강북구 삼양로 689 안토,ソウル特別市江北区三陽路689アント
우표박물관,切手博物館
넥스트레벨,ネクストレベル
강원 속초시 척산양지말길 41,江原束草市チャクサンヤンジマルギル41
아차산 고구려역사문화홍보관,アチャサン高句麗歴史文化広報館
서울 광진구 워커힐로 127 생태자료실,ソウル広津区ウォーカーヒロ127生態資料室
G밸리산업박물관,Gバレー産業博物館
서울특별시 구로구 디지털로26길 38,ソウル特別市区区区デジタル26ギル38
지리산역사문화관,千里山歴史文化館
전남 구례군 마산면 화엄사로 377-36,全南九礼郡麻山面華厳寺路377-36
청주랜드 어린이회관 제2관(어린이체험관),清州ランドこども会館第2館（子ども体験館）
청주랜드 어린이회관 제2관 어린이체험관,清州ランド子供会館第2館子供体験館
허준박물관,ホジュン博物館
서울특별시 강서구 허준로 87,ソウル特別市江西区ホジュンロ87
고려대학교 서울캠퍼스 박물관 & 크림슨스토어,高麗大学ソウルキャンパス博物館＆クリムソンストア
서울 성북구 안암로 145 고려대학교안암캠퍼스지도보기,ソウル城北区安岩路145高麗大学安岩キャンパス地図を見る
버그밀 곤충체험관,バグミル昆虫体験館
경남 밀양시 산내면 산내로 290,慶南ミルヤン市山内面山内路290
무주반디별천문과학관,ムジュバンディ別天文科学館
전북 무주군 설천면 무설로 1324,全北武州郡雪川面無雪路1324
강화자연사박물관,江華自然史博物館
인천광역시 강화군 하점면 강화대로 994-33,仁川広域市江華郡下点面江華994-33
추억의달동네,思い出の月間
경북 경주시 보불로 216-8,慶北慶州市ボブロ216-8
짜장면박물관,チャジャン綿博物館
한국교원대학교 교육박물관,韓国教員大学教育博物館
충청북도 청주시 흥덕구 강내면 태성탑연로 250,忠清北道清州市興徳区江内面テソンタワー250
대전선사박물관,大田線史博物館
대전광역시 유성구 노은동로 126,大田広域市儒城区ノウンドンロ126
성북선잠박물관,城北船潜博物館
진남관,金南館
전남 여수시 동문로 11,全南麗水市東門路11
답십리영화미디어아트센터,返信映画映画メディアアートセンター
서울 동대문구 답십리로 210-9,ソウル東大門区ダプシリロ210-9
부천시립박물관,富川市立博物館
경기도 부천시 오정구 소사로 638,京畿道富川市大正区ソサロ638
공주한옥마을 전통문화체험관,姫韓屋村伝統文化体験館
충남 공주시 관광단지길 12,忠南公州市観光団地道12
미호박물관,美琴博物館
경기도 남양주시 고산로 126번길 15-2,京畿道南楊州市高山路126番15-2
인천광역시립박물관,仁川広域市立博物館
인천광역시 연수구 청량로160번길 26,仁川広域市延寿区清陽路160番ギル26
오아르미술관,オアル美術館
경북 경주시 금성로 260-6,慶北慶州市金城路260-6
익산 공룡테마공원,益山恐竜テーマパーク
전북 익산시 왕궁면 호반로 8,全北益山市王宮面湖畔路8
구례 백두대간 생태교육장,旧礼百頭隊間生態教育場
전남 구례군 마산면 화엄사로 377-37,全南九礼郡麻山面華厳寺路377-37
연산역 철도문화체험관,延山駅鉄道文化体験館
충남 논산시 연산면 선비로275번길 31-2,忠南論山市延山面サンビ路275番ギル31-2
제주4.3어린이체험관,済州4.3子供体験館
제주 제주시 명림로 430,済州済州市明林路430
전태일기념관,チョン・テイル記念館
서울 종로구 청계천로 105 전태일기념관지도보기,ソウル鍾路区清渓川路105チョンテイル記念館地図を見る
초막골 생태 전시관,超膜骨生態展示館
경기 군포시 초막골길 216,京畿道郡浦市初幕ゴール216
증평민속체험박물관,増平民俗体験博物館
충청북도 증평군 증평읍 둔덕길 89,忠清北道晋平郡慶平邑ドンドクギル89
백범김구기념관,ペク・ボムキム・グ記念館
서울특별시 용산구 임정로 26,ソウル特別市龍山区イムジョンロ26
그대 나의 뮤즈 반고흐 to 마티스,君の僕のミューズ ヴァンゴッホ to マティス
강원 강릉시 창해로 307,江原江陵市昌海路307
김포장릉역사문화관,金浦長陵歴史文化館
경기 김포시 장릉로 79,京畿道金浦市長陵路79
천주교서울대교구역사관,天主教ソウル大橋区歴史館
서울 중구 명동길 74,ソウル中区明洞ギル74
박두진문학관,パク・ドゥジン文学館
경기도 안성시 보개면 남사당로 198-11,京畿道安城市蠕面南サダン路198-11
넷마블게임박물관,ネットマーブルゲーム博物館
서울 구로구 디지털로26길 38,ソウル区区区デジタル26ギル38
거제조선해양문화관,巨済造船海洋文化館
경남 거제시 일운면 지세포해안로 41,慶南巨済市イルウンミョンジ細胞海岸路41
안산산업역사박물관,安山産業歴史博物館
경기도 안산시 단원구 화랑로 265,京畿道安山市丹原区画廊路265
충무공이순신기념관,忠武公李舜臣記念館
충청남도 아산시 염치읍 현충사길 126,忠清南道牙山市塩チ邑県忠寺路126
보보의 집,ボボの家
서울 용산구 용산동5가 19,ソウル龍山区龍山洞5街19
어린이환경생태교육관,子ども環境生態教育館
서울 용산구 한강대로38길 21 용산어린이정원 내 어린이 환경생태교육관지도보기,ソウル龍山区漢江大路38ギル21龍山子供庭園内の子供環境生態教育館地図を見る
제주독도체험관,済州独島体験館
울진과학체험관,ウルジン科学体験館
경북 울진군 울진읍 연지길 30,慶北ウルジン郡ウルジン邑ヨンジギル30
청도박물관,青島博物館
경상북도 청도군 이서면 이서로 567,慶尚北道青島郡イ・ソミョン567
제주세계자연유산센터,済州世界自然遺産センター
안성맞춤박물관,おとぎ話の博物館
경기도 안성시 대덕면 서동대로 4726-15,京畿道安城市大徳面西洞大路4726-15
전주자연생태관,全州自然生態館
전북특별자치도 전주시 완산구 바람쐬는길 21,全北特別自治道全州市ワンサン区風の道21
수원시기후변화체험교육관,水原時期気候変動体験教育館
경기 수원시 권선구 호매실로 46-38,京畿道水原市巻線区湖梅室路46-38
수원시립아트스페이스광교,水原市立アートスペース広橋
경기 수원시 영통구 광교중앙로 140,京畿道水原市永通区光橋中央路140
국립인천해양박물관,国立仁川海洋博物館
인천 중구 월미로 294,仁川中区月尾路294
벽골제농경문화박물관,壁骨製農園文化博物館
부산광역시교육청유아교육진흥원,釜山広域市教育庁幼児教育振興院
부산 사하구 다대로529번길 11,釜山（サハ）区通り529番11
조경철천문대,景色鉄天文台
강원 화천군 사내면 천문대길 431,江原華川郡社内面天文大吉431
국립대구박물관,国立大邱博物館
한중문화관,韓中文化館
인천광역시 중구 제물량로 238,仁川広域市中区供物量238
돌하르방미술관,ドルハルバン美術館
제주특별자치도 제주시 조천읍 북촌서1길 70,済州特別自治道済州市朝川邑北村1道70
강원종합박물관,江原総合博物館
강원특별자치도 삼척시 신기면 강원남부로 3016,江原特別自治道三陟市シンギミョン江原南部路3016
미메시스 아트 뮤지엄,ミメシスアートミュージアム
경기도 파주시 문발로 253,京畿道坡州市ムンバロ253
국립춘천박물관,国立春川博物館
벨포레 미디어아트센터,ベルフォレメディアアートセンター
충북 증평군 도안면 벨포레길 409,忠北泰平郡東安面ベルフォレギル409
인천국민안전체험관,仁川国民安全体験館
인천 서구 봉오재1로 120,仁川西区ボンオジェ1ロ120
파주출판도시 출판산업체험센터,坡州出版都市出版産業体験センター
경기 파주시 회동길 145,京畿道坡州市会洞路145
고려청자박물관디지털박물관,高麗青磁博物館デジタル博物館
전라남도 강진군 대구면 청자촌길 33,全羅南道江津郡大邱面チョンジャチョンギル33
이응노미술관,インノ美術館
군산근대역사박물관,群山近代歴史博物館
전북특별자치도 군산시 해망로 240,全北特別自治道群山市海網路240
서구로봇체험관,西欧ロボット体験館
인천 서구 로봇랜드로 155-11,仁川西区ロボットランド155-11
명원박물관,名園博物館
서울특별시 성북구 정릉로 77,ソウル特別市城北区鄭陵路77
수원박물관,水原博物館
경기도 수원시 영통구 창룡대로 265,京畿道水原市永通区昌龍大路265
검단선사박물관,剣団先史博物館
인천광역시 서구 고산후로121번길 7,仁川広域市西区高山フロ121番道7
아스카 게임박물관,飛鳥ゲーム博物館
경기 파주시 탄현면 헤이리마을길 59-101,京畿道坡州市泰賢面平里町道59-101
달서선사관,ダルソ先史館
대구 달서구 조암로 129,大邱ダルソグチョアムロ129
부산광역시교육청어린이창의교육관,釜山広域市教育清子創造教育館
부산 부산진구 성지곡로33번길 29-28,釜山釜山神宮城地谷路33番ギル29-28
국립수목원 산림박물관,国立樹木園森林博物館
경기도 포천시 소흘읍 광릉수목원로 509,京畿道浦川市ソル邑光陵樹木園路509
웅진백제역사관,ウンジン百済歴史館
충남 공주시 왕릉로 37,忠南姫市王陵路37
조명박물관,照明博物館
경기도 양주시 광적면 광적로 235-48,京畿道楊州市光赤面235-48
국립전주어린이박물관,国立全州子供博物館
전북 전주시 완산구 쑥고개로 249,全北全州市万山区よもぎ犬路249
한국잡월드,韓国ジョブワールド
경기 성남시 분당구 분당수서로 501,京畿道城南市盆唐区盆唐スソロ501
호남기후변화체험관,湖南気候変動体験館
전남 담양군 담양읍 메타세쿼이아로 45,全南潭陽郡潭陽邑メタセコイアロ45
경기도 어린이식품안전체험관 부천센터,京畿道子供食品安全体験館富川センター
경기 부천시 벌말로 122 경기 어린이식품안전체험관 부천센터,京畿道富川市バルマロ122
기지시줄다리기박물관,基地の綱引き博物館
충청남도 당진시 송악읍 안틀모시길11,忠清南道唐津市松岳邑アントルモシギル11
오산버드파크,オサンバードパーク
경기 오산시 성호대로 141 오산시청,京畿道烏山市ソンホ大通り141烏山市役所
국립산악박물관,国立山岳博物館
서울특별시 도봉구 도봉산길 86,ソウル特別市 ドボン区 ドボンサンギル 86
테라크랩팜,テラクラップファーム
강원 속초시 학사평2길 16,江原束草市学士平2ギル16
경주 세계자동차박물관,慶州世界自動車博物館
경상북도 경주시 보문로 132-22,慶尚北道慶州市普門路132-22
속초시립박물관,束草市立博物館
강원특별자치도 속초시 신흥2길16,江原特別自治道束草市新興2ギル16
애니메이션 박물관 & 토이로봇관,アニメ博物館＆トイロボット館
강원특별자치도 춘천시 서면 박사로 854,江原特別自治道春川市西面博士路854
경산수학체험센터,慶山数学体験センター
경북 경산시 삼성현로 110,慶北慶山市サムスンヒョンロ110
서울상상나라,ソウル想像国
서울특별시 광진구 능동로 216,ソウル特別市光津区能洞路216
서울새활용플라자,ソウル新利用プラザ
서울 성동구 자동차시장길 49,ソウル城東区自動車市場道49
시화조력문화관,シファ潮力文化館
경기 안산시 단원구 대부황금로 1927,京畿道安山市丹原区貸付黄金路1927
밀양시립박물관,密陽市立博物館
경상남도 밀양시 밀양대공원로 100,慶尚南道密陽市密陽大公園100
대구시민안전테마파크,大邱市民安全テーマパーク
대구 동구 팔공산로 1155,大邱東区八公山路1155
Park1538,Park1538
경북 포항시 남구 동해안로6213번길 5-11,慶北浦項市南区東海岸路6213番ギル5-11
담양곤충박물관,潭陽昆虫博物館
전남 담양군 담양읍 담양88로 428,全南潭陽郡潭陽邑潭陽88路428
국립중앙과학관,国立中央科学館
노원천문우주과학관,ノウォン天文宇宙科学館
서울 노원구 동일로205길 13,ソウルノウォン区東路205ギル13
국립항공박물관,国立航空博物館
서울특별시 강서구 하늘길 177,ソウル特別市江西区空道177
국립해양박물관,国立海洋博物館
부산광역시 영도구 해양로301번길 45,釜山広域市永道区海洋路301番45
국립어린이과학관,国立子ども科学館
서울 종로구 창경궁로 215,ソウル鍾路区昌慶宮路215
국립민속박물관 파주관,国立民俗博物館坡州館
국립생물자원관,国立生物資源館
인천 서구 환경로 42,仁川西区環境炉42
국립아시아문화전당 어린이문화원,国立アジア文化殿堂子供文化院
국립부산과학관,国立釜山科学館
부산 기장군 기장읍 동부산관광6로 59,釜山キジャン郡キジャン邑東釜山観光6路59
경상남도안전체험관,慶尚南道安全体験館
경남 합천군 용주면 고품부흥1길 10-28,慶南che川郡龍州面高品復興1ギル10-28
경찰박물관,警察博物館
예술정원1999 자연예술테마파크,アートガーデン1999自然芸術テーマパーク
경기 포천시 신북면 아트밸리로 184-1,京畿道浦川市新北面アートバレー184-1
우라이임업생활관,ウライ林業生活館
경상남도교육청 경남수학문화관,慶尚南道教育局慶南数学文化館
경남 창원시 성산구 창원천로196번길 48,慶南昌原市城山区昌原196番キル48
합천정원테마파크 청와대세트장,ハプチョン庭園テーマパーク大統領府セット場
경남 합천군 용주면 합천호수로 777,慶南che川郡龍州面ハプチョン湖777
경기도 국민안전체험관,京畿道国民安全体験館
경기 오산시 북삼미로 22,京畿道烏山市北三迷路22
부평 굴포누리 기후변화체험관,富平洞窟ヌリ気候変動体験館
인천 부평구 장제로 267,仁川富平区長城路267
완산벙커 더 스페이스,ワンサンバンカーザスペース
전북 전주시 완산구 완산5길 70,全北全州市완산구완산5길70
헌법재판소 도서관,憲法裁判所図書館
서울 종로구 북촌로 15 헌법재판소지도보기,ソウル鍾路区北村路15憲法裁判所地図を見る
한탄강세계지질공원센터,漢灘江世界地質公園センター
경기도 포천시 영북면 비둘기낭길 55,京畿道ポチョン市ヨンブクミョンハトナン555
궁산땅굴역사전시관,宮山地屈歴史展示館
서울 강서구 양천로49길 106 공중화장실 궁산땅굴지도보기,ソウル江西区陽川路49ギル106公衆トイレ宮殿地獄地図を見る
세계자동차&피아노박물관,世界自動車＆ピアノ博物館
제주특별자치도 서귀포시 안덕면 중산간서로 1610,済州特別自治道西帰浦市安徳面中山間西路1610
광명시자원회수시설 홍보관,光明市資源回収施設広報館
경기 광명시 가학로85번길 142,京畿道光明市ガハクロ85番ギル142
하회세계탈박물관,下回世界脱博物館
경상북도 안동시 풍천면 전서로 206,慶尚北道安東市豊川面全西路206
양평친환경농업박물관,楊平エコ農業博物館
경기도 양평군 용문면 용문산로 670,京畿道楊平郡龍門面龍門山路670
경기도 파주시 탄현면 헤이리마을길 93-89,京畿道坡州市泰県面平里村93-89
디자인씽킹뮤지엄,デザインシンキングミュージアム
강원특별자치도 강릉시 구정면 정등로 130,江原特別自治道江陵市旧正面130
오이도 박물관,大分博物館
경기도 시흥시 오이도로 332,京畿道始興市大道332
울산수학문화관,蔚山数学文化館
울산 북구 약수8길 50,蔚山北区約8キロ50
의성조문국박물관,義城条文国博物館
경상북도 의성군 금성면 초전1길 83,慶尚北道義城郡金城面チョジョン1ギル83
인천도시역사관,仁川都市歴史館
인천광역시 연수구 인천타워대로 238,仁川広域市延寿区仁川タワー通り238
시립 반석산 에코스쿨,市立半石山エコスクール
경기 화성시 동탄구 노작로 158,京畿道華城市東潭区労作路158
서울특별시교육청융합과학교육원 본원,ソウル特別市教育庁融合科学教育院本願
서울 관악구 낙성대로 101 서울시과학전시관지도보기,ソウル冠岳区ナクソンデ101ソウル市科学展示館地図を見る
삼성화재 모빌리티뮤지엄,サムスンファイアーモビリティミュージアム
경기도 용인시 처인구 포곡읍 에버랜드로376번길 171,京畿道龍仁市チョンイング浦谷邑エバーランド376号171
여주산림박물관,麗州森林博物館
경기도 여주시 황학산수목원길 73,京畿道麗州市黄鶴山樹木原道73
서울특별시 도봉구 시루봉로1길 6,ソウル特別市ドボン区シルボンロ1ギル6
남양주 어린이비전센터,南楊州子供ビジョンセンター
경기도 남양주시 진접읍 해밀예당1로 96 (금곡리),京畿道南楊州市鎮接邑ハミルイェダン1路96（金谷里）
천안흥타령관,天安興打令館
충청남도 천안시 동남구 천안대로 412,忠清南道天安市東南区天安台412
서울교육박물관,ソウル教育博物館
서울특별시 종로구 북촌로5길 48(화동),ソウル特別市鍾路区北村路5ギル48（華洞）
서울물재생체험관,ソウル水再生体験館
서울 강서구 마곡동 1142,ソウル江西区麻谷洞1142
진영역철도박물관,金永駅鉄道博物館
경상남도 김해시 진영읍 진영로 145-1,慶尚南道金海市ジンヨン邑ジンヨンロ145-1
종이나라박물관,ジョンナラ博物館
서울특별시 중구 장충단로 166,ソウル特別市中区チャンチョンダンロ166
오산에코리움,オサンエコリウム
경기 오산시 오산천로 52,京畿道オサン市オサンチョンロ52
울산박물관,蔚山博物館
보라매안전체험관,ボラメ安全体験館
서울 동작구 여의대방로20나길 16,ソウル東区区汝矣大方路20ナギル16
소창체험관,小昌体験館
인천 강화군 강화읍 남문안길20번길 8,仁川江華郡江南邑南門アンギル20番ギル8
김수영문학관,キム・スヨン文学館
서울 도봉구 해등로32길 80 김수영문학관지도보기,ソウル道鳳区海登路32ギル80キム・スヨン文学館地図を見る
포항함체험관,浦項艦体験館
경북 포항시 남구,慶北浦項市南区
키즈오토파크 서울,キッズオートパークソウル
서울 광진구 능동로 216,ソウル広津区能洞路216
한국사찰음식문화체험관,韓国寺院食品文化体験館
서울 종로구 율곡로 39 신관 2층지도보기,ソウル鍾路区渓谷路39新館2階地図を見る
서울특별시 성동구 청계천로 530,ソウル特別市城東区清渓川路530
웅진역사관,ウンジン歴史館
경기 파주시 회동길 20,京畿道坡州市慶東路20
오설록 티 뮤지엄,オソロクティーミュージアム
제주 서귀포시 안덕면 신화역사로 15,済州西帰浦市安徳面神話歴史15
펄벅기념관,パールバック記念館
경기도 부천시 소사구 성주로214번길 61,京畿道富川市ソサグ城州路214番ギル61
신두리 사구센터,シンドゥリ砂丘センター
충남 태안군 원북면 신두해변길 201-54,忠清南道泰安郡元北面シンドゥビーチ201-54
부천활박물관,富川滑博物館
경기도 부천시 원미구 소사로 482,京畿道富川市原美区総佐路482
이화여자대학교 자연사박물관,梨花女子大学自然史博物館
서울특별시 서대문구 이화여대길 52,ソウル特別市西大門区梨花女子大道52
개구리생태공원 개구리생태관,カエル生態公園 カエル生態館
해오름전시실곤충박물관,海上展示室昆虫博物館
전남 여수시 자산공원길 90,全南麗水市資産公園道90
서해미술관,西海美術館
충청남도 서산시 부석면 무학로 152-13,忠清南道西山市釜石面武陵路152-13
국립공원공단 국립공원야생생물보전원 남부보전센터,国立公園公団国立公園野生生物保全源南部保全センター
전남 구례군 마산면 화엄사로 402-31,全南区礼郡郡山山面華厳寺路402-31
공주독립운동기념관,プリンセス独立運動記念館
충남 공주시 중동 258-9,忠南公州市中東258-9
세종문화회관 미술관,世宗文化会館美術館
충청남도역사박물관,忠清南道歴史博物館
충청남도 공주시 국고개길 24,忠清南道姫市国庫改道24
서유리공룡발자국화석산지,西ガラス恐竜足跡菊石山地
전남 화순군 백아면 서유리 산 150-1,全南華順郡白亜面西遊里150-1
순환도시 친환경세상 순환자원홍보관,循環都市環境にやさしい世界循環資源広報館
경기 성남시 분당구 석운로164번길 19 다시쓰는 세상 순환자원 홍보관지도보기,京畿道城南市盆唐区石雲路164番ギル19再び世界循環資源広報館
K-water 소양강댐 물문화관,K-water小陽江ダム水文化館
강원 춘천시 신북읍 신샘밭로 1128,江原春川市新北邑新泉畑路1128
오리온제주용암수,オリオン済州龍岩水
제주 제주시 구좌읍 일주동로 2706-27,済州済州市口座邑一州洞2706-27
문경자연생태박물관,文京自然生態博物館
경상북도 문경시 문경읍 새재1길 45,慶尚北道ムンギョン市ムンギョン邑セジェ1ギル45
율곡기념관,渓谷記念館
경기 파주시 법원읍 자운서원로 204,京畿道坡州市裁判所邑ジャウンソウォンロ204
안산별망어촌문화관,安山別マン魚村文化館
경기 안산시 단원구 시화호수로 553,京畿道安山市丹原区西和湖路553
강화역사박물관,江華歴史博物館
인천광역시 강화군 하점면 강화대로 994-19,仁川広域市江華郡下点面江華994-19
국립대한민국임시정부기념관,国立大韓民国臨時政府記念館
서울특별시 서대문구 통일로 279-24,ソウル特別市西大門区統一路279-24
대한항공 A300 항공기 체험,大韓航空A300航空機体験
경기 고양시 덕양구 항공대학로 76 한국항공대학교지도보기,京畿道高陽市徳陽区航空大学路76韓国航空大学地図を見る
경교장,軽校長
서울 종로구 새문안로 29,ソウル鍾路区セムンアンロ29
키즈 루덴스 박물관,キッズルーデンス博物館
경기 파주시 탄현면 헤이리마을길 82-150,京畿道坡州市泰賢面平里町道82-150
경상북도교육청 발명체험교육관 도전혜윰관,慶尚北道教育庁発明体験教育館チャレンジヘジョン館
동광직물 생활문화센터,東光生地生活文化センター
인천 강화군 강화읍 남문안길 35,仁川江華郡江南邑南門安吉35
원효대사깨달음체험관,ウォンヒョデサケダルム体験館
경기 평택시 포승읍 호암길 58,京畿道平沢市ポスン邑ホアムギル58
매향리평화기념관,マヒャンリ平和記念館
경기 화성시 우정읍 고온리안길 24-46,京畿道華城市友情邑高温里安路24-46
오산리선사유적박물관,大山里先史跡博物館
강원특별자치도 양양군 손양면 학포길 33,江原特別自治道ヤンヤン郡ソンヤンミョンハクポギル33
와~상상나라 어린이 상상 스페이스,〜〜想像国の子供の想像スペース
"경기 안산시 단원구 화랑로 260 안산와~스타디움 (기둥번호 E1, W1)지도보기",京畿道安山市丹原区画廊路260安山ワ〜スタジアム（柱番号E1、W1）地図を見る
디지털시민안전체험관,デジタル市民安全体験館
서울 서초구 신반포로 241 반포역 지하1층지도보기,ソウル瑞草区新盤浦路241番浦駅地下1階地図を見る
성남시박물관 디지털어린이체험실,城南市博物館デジタル子供体験室
경기 성남시 수정구 수진동 2017,京畿道城南市水晶区水津洞2017
구리시안전체험관,銅市安全体験館
경기 구리시 왕숙천로 49,京畿道九里王沙川路49
진도해양생태관,珍島海洋生態館
전남 진도군 고군면 신비의바닷길 64,全羅南道珍島郡高郡面ミステリービーチ64
나트랑 국립해양박물관,ニャチャン国立海洋博物館
맑은물상상누리,澄んだ水の想像
경기 시흥시 공단2대로 14,試合開始時のサテン2台14
케네디 스페이스 센터,ケネディスペースセンター
경남 통영시 미수해안로 125-5,慶南統営市未水海岸路125-5
수원광교박물관,水原光橋博物館
경기도 수원시 영통구 광교로 182,京畿道水原市永通区光橋路182
김포시독립운동기념관,金浦市独立運動記念館
경기도 김포시 양촌읍 양곡2로 30번길 46,京畿道金浦市陽村邑楊谷2路30番ギル46
한국자연사박물관,韓国自然史博物館
충청남도 공주시 반포면 임금봉길 49-25,忠清南道姫市バンポミョン賃金ボンギル49-25
LED SQUARE CAFE,LED SQUARE CAFE
경기 파주시 회동길 521,京畿道坡州市慶東路521
철박물관,鉄博物館
충청북도 음성군 감곡면 영산로 360,忠清北道音声郡江谷面永山路360
람사르 고양 장항습지생태관,ラムサール高陽長江湿地生態館
경기 고양시 일산동구 장대들길 401,京畿道高陽市一山東区ポールギル401
한가람물빛체험관,ハンガラム水光体験館
경기 김포시 고촌읍 신곡로 152,京畿道金浦市高村邑新曲路152
정양늪생태학습관,鄭陽沼生態学習館
경남 합천군 대양면 대야로 730,慶南合川郡大陽面大夜路730
따오기아동문화관,タオギ児童文化館
경기 시흥시 동서로 902-20,京畿道始興市東西路902-20
한화기념관,ハンファ記念館
인천 남동구 논현고잔로168번길 45,仁川南東区ノンヒョンゴザンロ168番45
재미난박물관,楽しい博物館
인천광역시 중구 신포로23번길83,仁川広域市中区新浦路23番83
강화화문석문화관,江華化門石文化館
인천 강화군 송해면 장정양오길 413,仁川江華郡松海面チャンジョンヤンギル413
강화문학관,江華文学館
인천 강화군 강화읍 관청길 40,仁川江華郡江華邑官庁道40
계룡시 청소년 별마루센터,桂龍市青少年スターマルセンター
충남 계룡시 신도안면 송정길 174,忠清南道桂龍市新都顔面ソンジョンギル174
실학박물관,実学博物館
경기도 남양주시 조안면 다산로 747번길 16,京畿道南楊州市城安面多山路747号16
송파책박물관 북키움,松坡本博物館北キウム
서울특별시 송파구 송파대로37길 77,ソウル特別市松坡区松坡大路37ギル77
세리박with용인,セリバクウィスヨンイン
경기 용인시 처인구 경안천로 76 용인시실내체육관지도보기,京畿道龍仁市処仁区慶安川路76龍仁市室内体育館地図を見る
인천광역시교육청 독도체험관,仁川広域市教育庁独島体験館
수창청춘맨숀,スチャン青春マンション
대구 중구 달성로22길 27지도보기,大邱中区達成路22ギル27地図を見る
성주사지 천년 역사관,聖酒寺地千年歴史館
충남 보령시 성주면 심원계곡로 93,忠南保寧市城州面心原渓谷93
송암스페이스센터,ソンアムスペースセンター
경기 양주시 장흥면 권율로185번길 103,京畿道楊州市長興面権利185番ギル103
서울대학교병원 치의학박물관 어린이치과박물관,ソウル大学病院歯医学博物館子供歯科博物館
서울특별시 종로구 대학로 101,ソウル特別市鍾路区大学路101
국립민속박물관 파주 어린이체험실,国立民俗博物館坡州子供体験室
서울대학교병원 의학박물관,ソウル大学病院医学博物館
제주홀릭뮤지엄,済州ホリックミュージアム
제주 제주시 애월읍 평화로 2835,済州済州市アウォル邑平和路2835
성균관대학교 인문사회과학캠퍼스600주년기념관,成均館大学人文社会科学キャンパス600周年記念館
서울 종로구 성균관로 25-2 성균관대학교 지하 1층지도보기,ソウル鍾路区成均館路25-2成均館大学地下1階地図を見る
경상남도교육청 미래교육원,慶尚南道教育局未来教育院
경남 의령군 의령읍 의병로8길 12-33,慶南（キョンナム）ウィリョン郡ウリョン邑
의령 곤충생태학습관,義令昆虫生態学習館
경남 의령군 의령읍 의합대로 28,慶尚南道イ・ヨン郡
춘원당한의약박물관,春原博物館
서울특별시 종로구 돈화문로9길 27,ソウル特別市鍾路区ドンファムンロ9ギル27
광주 솔로몬로파크,光州ソロモンローパーク
광주 북구 오문로 244,光州北区オムンロ244
여수예술랜드 트릭아트,麗水アートランドトリックアート
전남 여수시 돌산읍 무술목길 142-1,全羅南道麗水市石山邑武道牧道142-1
수원박물관 어린이체험실,水原博物館子供体験室
파주나비나라박물관,坡州ナビナラ博物館
경기도 파주시 광인사길 161,京畿道坡州市光仁寺路161
경북대학교 자연사박물관,慶北大学自然史博物館
대구광역시 군위군 효령면 경북대로 2228,大邱広域市郡衛郡孝寧面慶北大路2228
광명에디슨뮤지엄,光明エジソンミュージアム
경기 광명시 일직로12번길 24,京畿道光明市12番路24
충청남도 안전체험관,忠清南道安全体験館
충남 천안시 동남구 태조산길 267-17,忠南天安市東南区太城山道267-17
김중업건축박물관,金重業建築博物館
향촌문화관,郷村文化館
대구 중구 중앙대로 449지도보기,大邱中区中央大路 449 地図を見る
여수 테디베어뮤지엄,麗水テディベアミュージアム
제주특별자치도 서귀포시 중문관광로110번길 31,済州特別自治道西帰浦市中文観光路110番道31
안성 3.1운동 기념관,安城3.1運動記念館
경기도 안성시 원곡면 만세로 868,京畿道安城市原谷面万世路868
괌 피시아이 수중 전망대,グアムフィシアイ水中展望台
충북수학체험센터,忠北数学体験センター
생태교육관,生態教育館
인천 연수구 신송로118번길 35 생태학습관 생태교육관지도보기,仁川研修区新松路118番ギル35生態学習館生態教育館地図を見る
테디베어뮤지엄 제주,テディベアミュージアム済州
가천이길여산부인과기념관,ガチョンイギルヨサン婦人科記念館
인천 중구 우현로90번길 19-4,仁川中区ウヒョンロ90番ギル19-4
인제스피디움 클래식카박물관,インジェスピジウムクラシックカー博物館
강원특별자치도 인제군 기린면 상하답로 130,江原特別自治道仁済郡キリン面上下130
천안박물관 어린이박물관,天安博物館子供博物館
인천 한중문화관,仁川韓中文化館
나주목문화관&나주목사내아,ナジュモク文化館＆ナジュ牧師
전남 나주시 금성관길 15,全羅南道ナジュ市金星関道15
글로우사파리 판다100,グローサファリパンダ100
경기도 안성시 공도읍 서동대로 3930-39 1동 3층 103호,京畿道安城市公道邑西洞大路3930-39 1洞3階103号
태안해안체험학습관,泰安海岸体験学習館
충남 태안군 남면 신장리 355,忠南泰安郡南面シンジャンリ355
의정부시 퓨전문화관광홍보관,ウィジョンブ市フュージョン文化観光広報館
경기 의정부시 호국로 1314,京畿道ウィジョンブ市湖国路1314
칠곡호국평화기념관,チルゴク湖国平和記念館
경상북도 칠곡군 석적읍 강변대로 1580,慶尚北道チルゴク郡
정림사지박물관,チョンリム四肢博物館
충청남도 부여군 부여읍 정림로 83,忠清南道扶余郡扶邑チョンリムロ83
영종역사관,永宗歴史館
안양천생태이야기관,安養天生態物語機関
경기 안양시 만안구 석수로 320,京畿道安養市万安区石水路320
황순원문학촌소나기마을,ファンスンウォン文学村ソナギ村
경기도 양평군 서종면 소나기마을길 24,京畿道楊平郡西宗面ソナギ村24
한양도성박물관,漢陽都城博物館
서울 종로구 율곡로 283,ソウル鍾路区渓谷路283
난계국악박물관,南渓国楽博物館
충청북도 영동군 심천면 국악로 9,忠清北道永東郡深セン面国楽路9
이봉창 역사울림관,イ・ボンチャン歴史響館
서울 용산구 백범로 281-9,ソウル龍山区ペクボムロ281-9
다문화박물관,多文化博物館
서울특별시 은평구 불광로 135,ソウル特別市 平平区 光光路 135
대불호텔전시관,大仏ホテル展示館
인천광역시 중구 신포로23번길 101,仁川広域市中区新浦路23番ギル101
서울기록원,ソウル記録院
서울특별시 은평구 통일로62길 7,ソウル特別市 平平区統一路62ギル7
한성백제박물관,漢城百済博物館
"서울특별시 송파구 위례성대로71, 한성백제박물관",ソウル特別市松坡区ウィ礼城大路71、漢城百済博物館
해우재,ヘウジェ
경기 수원시 장안구 장안로458번길 9지도보기,京畿道水原市長安区長安路458番ギル9地図を見る
디피랑,ディフィラン
경남 통영시 남망공원길 29,慶南統営市南沙公園道29
피노파밀리아,ピノファミリア
서울 노원구 중계로 131-17,ソウルノウォン区中継路131-17
너나들이센터,お出かけセンター
서울 은평구 연서로50길 10,ソウルE平区ヨンソロ50ギル10
한국민화뮤지엄,韓国民話ミュージアム
전라남도 강진군 대구면 청자촌길 61-5,全羅南道江津郡大邱面チョンジャチョンギル61-5
광나루안전체험관,広ナル安全体験館
서울 광진구 능동로 238,ソウル広津区能洞路238
은평역사한옥박물관,ウンピョン歴史韓屋博物館
목포 근대역사관 1관,木浦近代歴史館1館
전라남도 목포시 영산로 29번길 6,全羅南道木浦市永山路29番ギル6
춘천 막국수체험박물관,春川マクグクス体験博物館
강원특별자치도 춘천시 신북읍 신북로 264,江原特別自治道春川市新北邑新北路264
프라움악기박물관,フラウム楽器博物館
경기도 남양주시 와부읍 경강로 756,京畿道南楊州市和武邑慶江路756
안산어촌민속박물관,安山漁村民俗博物館
경기도 안산시 단원구 대부황금로7,京畿道安山市丹原区貸付黄金路7
한국근현대사박물관,韓国近現代史博物館
경기도 파주시 탄현면 헤이리마을길 59-85,京畿道坡州市泰県面平里村59-85
서울특별시 종로구 새문안로 55,ソウル特別市鍾路区セムンアンロ55
타임뮤지엄,タイムミュージアム
서울 노원구 화랑로 608지도보기,ソウル昌原区画廊路608地図を見る
전주난장,全州混乱
전북특별자치도 전주시 완산구 동문길 33-20,全北特別自治道全州市万山区東門路33-20
중남미문화원,中南米文化院
경기도 고양시 덕양구 대양로 285번길 33-15,京畿道高陽市徳陽区大陽路285番ギル33-15
충청북도자연과학교육원,忠清北道自然科学教育院
한국영화박물관,韓国映画博物館
서울특별시 마포구 월드컵북로 400,ソウル特別市麻浦区ワールドカップ北路400
독도체험관,独島体験館
영양산촌생활박물관,栄養山村生活博物館
경상북도 영양군 입암면 영양로 963,慶尚北道栄養郡イプアムミョン栄養路963
김유정문학촌,キム・ユジョン文学村
강원 춘천시 신동면 김유정로 1430-14,江原春川市新洞面キム・ユジョンロ1430-14
안산갈대습지 생태누리관,安山葦大湿地エコヌリ館
경기 안산시 상록구 갈대습지로 76 환경생태관지도보기,京畿道安山市常緑区葦大湿地路76環境生態館地図を見る
함덕잠수함,咸徳潜水艦
제주 제주시 조천읍 조함해안로 378,済州済州市チョチョン邑チョハム海岸路378
어린이백제체험관,子供百済体験館
충남 청양군 대치면 장곡길 45-27,忠南清陽郡大泰面長谷路45-27
주니어천문스쿨 대전세종점,ジュニア天文スクール大田世終点
세종 장군면 산학리길 229,世宗将軍面山学里229
잇츠콜라박물관,イッツコーラ博物館
경기 파주시 탄현면 헤이리마을길 76,京畿道坡州市泰賢面平里村76
주니어천문스쿨 천안점,ジュニア天文学校天安店
충남 천안시 동남구 광덕면 광풍로 250-1,忠南天安市東南区広徳面広風路250-1
주니어천문스쿨 수지점,ジュニア天文スクール樹脂店
경기 용인시 수지구 성복2로301번길 7 2층지도보기,京畿道龍仁市樹城区城福2路301番ギル7 2階地図を見る
주니어천문스쿨 동탄점,ジュニア天文スクールドンタン店
경기 화성시 동탄구 풀무골로60번길 4-16,京畿道華城市東谷区プルムゴロ60番4-16
고양시 현충전시관,高陽市顕忠展示館
경기 고양시 일산서구 경의로 849,京畿道高陽市一山西区京義路849
산청한의학박물관,山清漢医学博物館
생각하는박물관,考える博物館
서울 강남구 삼성로147길 34 2층 (파란대문)지도보기,ソウル江南区三成路147ギル34 2階（青大門）地図を見る
남원백두대간생태교육장 전시관,南原白頭台間生態教育場展示館
전북 남원시 운봉읍 운봉로 151,全北南原市雲峳邑ウンボンロ151
백두대간 유아숲체험원,白頭隊間幼児森体験院
전북 남원시 운봉읍 주촌리 산 55-1,全北南原市雲峰邑珠村里山55-1
화성시독립운동기념관,華城市独立運動記念館
경기도 화성시 만세구 향남읍 제암고주로 34,京畿道華城市万世区香南邑済岩ゴジュ路34
소래역사관,ソレ歴史館
인천광역시 남동구 아암대로 1605,仁川広域市南東区アーム大通り1605
금강미래체험관,金剛未来体験館
전북 군산시 성산면 철새로 120,全北郡山市城山面渡り鳥120
계양산성박물관,桂陽山城博物館
인천광역시 계양구 계양산로 101,仁川広域市桂陽区桂陽山路101
웅천도요지전시관,ウンチョン東洋寺展示館
경상남도 창원시 진해구 두동도요로198,慶尚南道昌原市鎮海区ドンドントヨロ198
오두산 통일전망대,小豆山統一展望台
경기 파주시 탄현면 필승로 369,京畿道坡州市タンヒョンミョン必勝路369
조소앙기념관,蘇蘇庵記念館
경기 양주시 남면 양연로173번길 87,京畿道楊州市南面ヤンヨンロ173番ギル87
고성다이노플레이센터,高城ダイノプレイセンター
강원 고성군 하이면 월흥리,江原高城郡高面月興里
영월동굴생태관,永月洞窟生態館
강원특별자치도 영월군 김삿갓면 영월동로 1121-15,江原特別自治道ヨンウォル郡キムサットガムミョンヨンウォル洞
아산환경과학공원장영실과학관,牙山環境科学公園長営室科学館
충남 아산시 실옥로 222,忠南牙山市シロクロ222
창원역사민속관,昌原歴史民俗館
경상남도 창원시 의창구 창이대로397번길 25,慶尚南道昌原市義昌区昌井大路397番ギル25
기흥성 뮤지엄,キ・フンソンミュージアム
경기 양평군 강하면 강남로 267,京畿道楊平郡江南江南路267
죽방렴홍보관,竹バンギョン広報館
경남 남해군 삼동면 죽방로 65,慶南南海郡三洞面竹房路65
진주남강유등전시관,真珠南江油灯展示館
경남 진주시 망경로 207,慶南真珠市網鏡路207
영암곤충박물관,霊岩昆虫博物館
전라남도 영암군 영암읍 기찬랜드로 41,全羅南道永岩郡永岩邑キチャンランド41
일호광장진주역,イルホ広場真珠駅
경남 진주시 진주대로879번길 18,慶南真珠市真珠大路879番ギル18
광명시 어린이교통공원,光明市子供交通公園
경기 광명시 소하일로 51,京畿道光明市ソハイロ51
인천통일관,仁川統一館
인천 미추홀구 수봉안길 84,仁川ミチューホール区スボンアンギル84
제주해양동물박물관,済州海洋動物博物館
제주특별자치도 서귀포시 성산읍 서성일로 689-21,済州特別自治道西帰浦市城山邑西城イルロ689-21
제주안전체험관,済州安全体験館
제주 제주시 애월읍 평화로 1885,済州済州市アウォル邑平和路1885
내포자연놀이뜰,内包自然遊園地
충남 예산군 삽교읍 홍예공원로 97,忠清南道予算郡シャプギョプホンイェ公園路97
부산광역시 중구 대청로126번길 12,釜山広域市中区大清路126番ギル12
인제곤충바이오센터,インジェ昆虫バイオセンター
강원 인제군 상남면 미덕길 253,江原仁済郡上南面ミドクギル253
농촌진흥청 국립농업과학원 곤충박물관,農村振興庁国立農業科学院昆虫博物館
전북 완주군 이서면 농생명로 166 국립농업과학원 곤충박물관,全北ワンジュ郡イ・ソミョン農生命路166国立農業科学院昆虫博物館
청주랜드 어린이회관 제3관,清州ランド子供会館第3館
불교중앙박물관,仏教中央博物館
서울특별시 종로구 우정국로 55,ソウル特別市鍾路区友情国路55
이이서가,これは
원주한지테마파크,原州ハンジテーマパーク
강원 원주시 한지공원길 151,江原原州市漢江公園道151
화진포해양박물관,華津浦海洋博物館
강원 고성군 현내면 화진포길 412,江原高城郡県内面華津浦道412
아트팩토리,アートファクトリー
경기 파주시 탄현면 헤이리마을길 63-15,京畿道坡州市泰賢面平里村63-15
대한민국민주주의전당,大韓民国民主主義殿堂
경남 창원시 마산합포구 해안대로 202,慶南昌原市馬山合浦区海岸通り202
연천청소년AI센터,延川青少年AIセンター
경기 연천군 연천읍 문화로 140,京畿道延川郡延川邑文化路140
국립극장 무대예술지원센터,国立劇場舞台芸術支援センター
경기 파주시 탄현면 헤이리로 16,京畿道坡州市タンヒョンミョンヘイリー16
한국이민사박물관,韓国移民史博物館
인천광역시 중구 월미로 329,仁川広域市中区月尾路329
화성시역사박물관,華城市歴史博物館
경기도 화성시 만세구 향남읍 행정동로 96,京畿道華城市万世区香南邑行政洞路96
인천 중구 월미로 222,仁川中区月尾路222
여주박물관,ヨジュ博物館
국립나주박물관,国立ナジュ博物館
전라남도 나주시 반남면 고분로 747,全羅南道ナジュ市半南面古墳路747
울산대공원생태여행관,蔚山大公園生態旅行館
울산 남구 옥동 356,蔚山南区オクドン356
충청남도 천안시 동남구 목천읍 독립기념관로 1,忠清南道天安市東南区木川邑独立記念館1
연세대학교신촌캠퍼스 박물관,延世大学新村キャンパス博物館
고성생태학습관,古城生態学習館
강원 고성군 고성읍 송학리 134-1,江原高城郡高城邑ソンハクリ134-1
국세홍보관,国税広報館
서울 종로구 종로5길 86,ソウル鍾路区鍾路5ギル86
국립새만금간척박물관,国立セマングム干潟博物館
전북 부안군 변산면 새만금로 29-7,全北部安郡変山面セマングロ29-7
넥슨컴퓨터박물관,ネクソンコンピュータ博物館
제주특별자치도 제주시 1100로 3198-8,済州特別自治道済州市1100路3198-8
조안베어뮤지엄,ジョアンベアミュージアム
제주특별자치도 서귀포시 대포로 113,済州特別自治道西帰浦市大浦路113
한국광고박물관,韓国広告博物館
서울특별시 송파구 올림픽로35길 137,ソウル特別市松坡区オリンピック路35ギル137
경기도 업사이클플라자,京畿道アップサイクルプラザ
경기도 수원시 권선구 서둔로 166 1층,京畿道水原市慶善区ソドンロ166 1階
국립해양생물자원관,国立海洋生物資源館
달성화석박물관,達成化石博物館
대구광역시 달성군 유가읍 테크노대로6길 66,大邱広域市達成郡ユガ邑テクノ通り6ギル66
유류피해극복기념관,油類被害克服記念館
충청남도 태안군 소원면 천리포1길 120,忠清南道泰安郡ソウォンミョンチョンリポ1ギル120
벅스리움,バックスリウム
경기 시흥시 서해안로 275,京畿道始興市西海岸路275
송파안전체험교육관,松坡安全体験教育館
서울 송파구 성내천로35길 53 송파안전체험교육관지도보기,ソウル松坡区城内天路35ギル53松坡安全体験教育館地図を見る
한국항공대학교 항공우주박물관,韓国航空大学航空宇宙博物館
경상남도 사천시 사남면 공단1로 78,慶尚南道沙川市沙南面公団1路78
오두산 통일전망대 어린이체험관,小豆山統一展望台子供体験館
대구어린이세상,大邱の子供の世界
대구 수성구 동대구로 176,大邱水城区東大邱路176
키즈마린파크,キッズマリンパーク
서울 송파구 송파대로28길 28,ソウル松坡区松坡大路28ギル28
뮤지엄김치간,ミュージアムキムチガン
서울특별시 종로구 인사동길 35-4(관훈동),ソウル特別市鍾路区仁寺洞路35-4(関訓洞)
익산교도소세트장,益山刑務所ソート場
전북 익산시 성당면 함낭로 207,全北益山市大堂面ハンナンロ207
대전시립박물관우리놀이터,大田市立博物館私たちの遊び場
경기도해양수산자원연구소민물고기생태학습관,京畿道海洋水産資源研究小民物魚生態学習館
경기도 양평군 용문면 상광길 23-2 경기도해양수산자원연구소,京畿道楊平郡龍門面サンクァンギル23-2京畿道海洋水産資源研究所
안중근의사기념관,安重根医師記念館
서울특별시 중구 소월로 91,ソウル特別市中区ソウォルロ91
천안홍대용과학관,天安弘大用科学館
충남 천안시 동남구 수신면 장산서길 113,忠南天安市東南区受信面長山ソギル113
토지주택박물관,土地住宅博物館
경상남도 진주시 충의로 19,慶尚南道晋州市忠義路19
강원특별자치도 탄광문화촌,江原特別自治道炭鉱文化村
강원특별자치도 영월군 북면 밤재로 351,江原特別自治道永月郡北面ナイジェロ351
괴강토종어류체험관,塊江土種魚類体験館
충북 괴산군 괴산읍 쏘가리2길 31,忠清北道Geosan郡Gesan-eupソガリ2ギル31
피노디아(다빈치 뮤지엄 & 미켈란젤로 뮤지엄),ピノディア（ダヴィンチミュージアム＆ミケランジェロミュージアム）
피노디아 다빈치 뮤지엄 & 미켈란젤로 뮤지엄,ピノディアダヴィンチミュージアム＆ミケランジェロミュージアム
세종 국립어린이박물관,世宗国立子供博物館
세종 어울누리로 130,世宗オウルヌリロ130
세종대왕역사문화관,世宗大王歴史文化館
경기도 여주시 세종대왕면 영릉로 269-10,京畿道麗州市世宗大王面永陵路269-10
석인정태진기념관,ソク・インジョンテジン記念館
경기 파주시 쇠재로 33,京畿道坡州市鉄道33
고양시 현충전시관 기획전시실,高陽市顕忠展示館企画展示室
경기 고양시 덕양구 고양시청로 10,京畿道高陽市徳陽区高陽市役所10
기생충박물관,寄生虫博物館
서울특별시 강서구 화곡로 333,ソウル特別市江西区華谷路333
남원다움관,南原らん館
전북 남원시 검멀1길 14,全北南原市ゴルマル1ギル14
성호박물관,聖湖博物館
경기도 안산시 상록구 성호로 131,京畿道安山市常緑区ソンホロ131
매헌윤봉길의사기념관,マホンユンボンギルの史記念館
서울특별시 서초구 매헌로99,ソウル特別市瑞草区売憲路99
달서디지털별빛관,月西デジタルスターライト
대구 달서구 앞산순환로 248,大邱ダルソグ前山循環路248
전통건축부재보존센터,伝統建築不在保存センター
경기 파주시 탄현면 헤이리로 12,京畿道坡州市タンヒョンミョンヘリロ12
제주교육박물관,済州教育博物館
제주특별자치도 제주시 오복4길 25,済州特別自治道済州市オボク4ギル25
삼척 어린이과학놀이체험관,三che子供科学プレイ体験館
강원 삼척시 엑스포로 69,江原三che市博覧会69
국립공주박물관,国立プリンセス博物館
충청남도 공주시 관광단지길 34,忠清南道公州市観光団地道34
홀로세생태보존연구소,ホロ税生態保存研究所
강원 횡성군 갑천면 갑천로690번길 156,江原道横城郡甲川面甲川路690番ギル156
보령문화의전당,保寧文化の殿堂
충청남도 보령시 대흥로 63,忠清南道保寧市大興路63
이순신영상관,イ・スンシン映像館
경남 남해군 고현면 남해대로 3829,慶南南海郡高県面南海大路3829
남해유배문학관,南海乳配文学館
경상남도 남해군 남해읍 남해대로 2745,慶尚南道南海郡南海邑南海大路2745
대구섬유박물관,大邱繊維博物館
대구광역시 동구 팔공로 227,大邱広域市東区八公路227
국립무형유산원 디지털체험관,国立無形遺産院デジタル体験館
전북특별자치도 전주시 완산구 서학로95,全北特別自治道全州市万山区西鶴路95
남강댐 물 문화관,南江ダム水文化館
경남 진주시 내동면 삼계로 455-46,慶南晋州市内洞面三渓路455-46
국립제주박물관 어린이박물관,国立済州博物館子供博物館
제주특별자치도 제주시 일주동로 17,済州特別自治道済州市日州洞17
드림닥터 의사직업체험 이마트 서수원점,ドリームドクター医師職業体験イマート西水原店
드림닥터 의사직업체험 대구점,ドリームドクター医師職業体験大邱店
대구광역시 중구 공평로 36 동성로 SK 리더스뷰 3층,大邱広域市中区公平路36東城路SKリーダースビュー3階
강릉올림픽뮤지엄,江陵オリンピックミュージアム
강원 강릉시 수리골길 102,江原江陵市修理ゴルギル102
우리1899,私たち1899
서울 중구 소공로 51,ソウル中区小公路51
충청북도유아교육진흥원,忠清北道幼児教育振興院
충북 청주시 상당구 가덕면 교육원로 153-122,忠北清州市上大区ガドクミョン教育院路153-122
조선군선,朝鮮軍船
경남 통영시 통영해안로 330,慶南統営市統営海岸路330
365세이프타운,365セーフタウン
강원 태백시 평화길 15,江原太白市平和道15
꿈두레도서관,夢頭レ図書館
경기 오산시 세마역로 20,京畿道大山市世間駅路20
녹청자박물관,緑青磁博物館
인천광역시 서구 도요지로 54,仁川広域市西区豊前路54
봉수산 곤충생태관,奉水山昆虫生態館
충남 예산군 대흥면 임존성길 110-16,忠南予算郡大興面イムジョンソンギル110-16
서울특별시 영등포구 의사당대로 1,ソウル特別市永登浦区議事堂通り1
드림닥터 의사직업체험 인천점,ドリームドクター医師職業体験仁川店
인천 중구 월미로 222 1층 드림닥터 인천점지도보기,仁川中区月尾路222 1階ドリームドクター仁川店地図を見る
전주한지박물관,全州ハンジ博物館
전북특별자치도 전주시 덕진구 팔복로 59,全北特別自治道全州市徳津区八福路59
강릉메타버스체험관,江陵メタバス体験館
이화원생태문화전시관,頤和園生態文化展示館
경기 가평군 가평읍 자라섬로,京畿道加平郡加平邑ジャラ島路
거제씨월드,巨済シーワールド
경남 거제시 일운면 지세포해안로 15,慶南巨済市イルウンミョンジ細胞海岸路15
경상북도교육청 발명체험교육관 미래키움관,慶尚北道教育庁発明体験教育館未来キウム館
아트센터고마,アートセンターゴマ
충남 공주시 고마나루길 90,忠南姫市駒丸道90
로봇체험관,ロボット体験館
인천 서구 로봇랜드로 155-11 로봇랜드 로봇지원센터 로봇타워 1층,仁川西区ロボットランド155-11ロボットランドロボット支援センターロボットタワー1階
구리시곤충생태관,銅市昆虫生態館
경기 구리시 검배로 200,京畿道区市検配路200
청와대사랑채,大統領府愛愛
서울 종로구 효자로13길 45 청와대사랑채,ソウル鍾路区孝子路13ギル45大統領府愛
누들플랫폼,ヌードルプラットフォーム
인천 중구 신포로27번길 36,仁川中区新浦路27番ギル36
유달산목재문화체험장,ユダル山木材文化体験場
전남 목포시 유달로 203,全南木浦市ユダロ203
글로벌지식협력단지,グローバル知識協力団地
서울 동대문구 회기로 47 한국개발연구원,ソウル東大門区会期路47韓国開発研究院
전곡선사박물관 상설전시실,全谷先史博物館常設展示室
경기도 연천군 전곡읍 평화로443번길 2,京畿道延川郡全谷邑平和路443番ギル2
아모레퍼시픽 팩토리 투어,アモーレパシフィックファクトリーツアー
경기 오산시 가장산업동로 37,京畿道烏山市最も産業洞37
달서 메타버스 체험관,ダルソメタバス体験館
국립호남권생물자원관,国立湖南圏生物資源館
전남 목포시 고하도안길 99,全羅南道木浦市小河道安路99
철도박물관,鉄道博物館
양평곤충박물관,楊平昆虫博物館
경기도 양평군 옥천면 경강로 1496,京畿道楊平郡玉川面慶江路1496
북촌박물관,北村博物館
서울특별시 종로구 북촌로 39,ソウル特別市鍾路区北村路39
성읍민속마을,城邑民俗村
제주 서귀포시 표선면 성읍리 3294,済州西帰浦市表善面城邑里3294
국립김해박물관 어린이박물관,国立金海博物館子供博物館
경상남도 김해시 가야의길 190,慶尚南道金海市ガヤの道190
경남도립미술관,慶南都立美術館
경상남도 창원시 의창구 용지로 296(경남도립미술관),慶尚南道昌原市義昌区用紙路296（慶南道立美術館）
제주수학체험관,済州数学体験館
제주 제주시 전농로 88,済州済州市全農路88
자연사랑학습장,自然愛学習場
경남 창원시 성산구 용호로 96,慶南昌原市城山区龍湖路96
양주곤충박물관 by 글로벌스페이스 체험교육,楊州昆虫博物館によるグローバルスペース体験教育
경기 양주시 장흥면 권율로 124 A동 2층,京畿道楊州市長興面拳率で124 A棟2階
부곡온천르네상스관,釜谷温泉ルネッサンス館
경남 창녕군 부곡면 원앙로 218,慶南昌寧郡富谷面原安路218
고아리 벽화고분 모형관,孤児の壁画固形模型館
경북 고령군 대가야읍 벽화길 104,慶北高齢郡大河屋邑壁画道路104
대전곤충생태관,大田昆虫生態館
대전 서구 둔산대로 191,大田西区鈍山大路191
국립농업박물관,国立農業博物館
경기 수원시 권선구 수인로 154,京畿道水原市巻線区水仁路154
계룡병영체험관,桂龍兵営体験館
충남 계룡시 신도안면 신도안2길 185,忠清南道桂龍市新都顔面新道2道185
서울역사박물관 어린이박물관,ソウル歴史博物館子供博物館
신전뮤지엄,神殿ミュージアム
대구 북구 관음로 43,大邱北区観音路43
풀짚공예박물관,草わら工芸博物館
"경기도 광주시 오포읍 문형산길 76(신현리, 초고빌라)",京畿道光州市オポ邑ムンヒョンサンギル76（シンヒョンリ、チョゴビラ）
롤링볼뮤지엄,ローリングボールミュージアム
경기 용인시 기흥구 신고매로 59,京畿道龍仁市ギフン区新古路59
삼도수군통제영역사관,三島水軍統制領域史館
경남 통영시 세병로 12,慶南統営市世病路12
한과문화박물관,韓菓文化博物館
경기도 포천시 영북면 산정호수로322번길 26-9,京畿道浦川市永北面山頂湖路322番道26-9
국립춘천박물관 어린이박물관,国立春川博物館子供博物館
충주커피박물관,忠州コーヒー博物館
충북 충주시 살미면 월악로 432 충주커피박물관,忠北忠州市サルミ面ウォルアクロ432忠州コーヒー博物館
대구교육박물관,大邱教育博物館
대구광역시 북구 대동로1길 40,大邱広域市北区大東路1ギル40
국립중앙박물관 어린이박물관,国立中央博物館子供博物館
낙동강역사이야기관,洛東江歴史館機関
경북 상주시 낙동면 낙동1길 116,慶北常州市洛東面ナクドン1ギル116
경산시립박물관,慶山市立博物館
국립경주박물관,国立慶州博物館
의정부천문대,ウィジョンブ天文台
경기 의정부시 부용로214번길 51-81,京畿道ウィジョンブ市ブヨンロ214番ギル51-81
양주시립회암사지박물관,楊州市立灰岩四肢博物館
경기도 양주시 회암사길 11,京畿道楊州市灰岩寺路11
크라운해태 키즈뮤지엄,クラウンヘテキッズミュージアム
서울 용산구 한강대로72길 3 크라운해태제과 지하1층,ソウル龍山区漢江大路72ギル3クラウンヘテ製菓地下1階
화성시어린이문화센터,華城シアリンリー文化センター
경기 화성시 봉담읍 동화길 146,京畿道華城ボンダム邑東和路146
국립청주박물관 어린이박물관,国立清州博物館子供博物館
충청북도 청주시 상당구 명암로 143,忠清北道清州市サンダン区コンアムロ143
세계민속악기박물관,世界民俗楽器博物館
경기도 파주시 탄현면 헤이리마을길 63-26,京畿道坡州市泰賢面平里村63-26
케이컬처뮤지엄,ケイカルチャーミュージアム
인천 중구 공항로 271,仁川中区空港路271
YDP곤충체험학습관,YDP昆虫体験学習館
서울 영등포구 선유동1로 80 영등포구 별관청사 ydp곤충체험학습관,ソウル永登浦区ソンユドン1路80永登浦区別館庁舎ydp昆虫体験学習館
엄마아빠어렸을적에,お母さんお父さん幼い頃
대구 군위군 산성면 산성가음로 722,大邱郡衛郡山城面山城家路722
수도박물관,水道博物館
인천국민안전체험관 리틀인천안전시티,仁川国民安全体験館リトル仁川安全シティ
바니베어뮤지엄,バニベアミュージアム
경상북도 경주시 보문로 280-34,慶尚北道慶州市普門路280-34
순창발효테마파크,淳昌発酵テーマパーク
전북특별자치도 순창군 순창읍 장류로 55,全北特別自治道順昌郡順昌邑長流路55
무주반디랜드,ムジュバンディランド
메디테리움 의학박물관,メディテリウム医学博物館
보령목재문화체험장,保寧木文化体験場
충남 보령시 성주면 성주산로 318-57,忠南保寧市城州面城州山路318-57
테디베어뮤지엄 군산,テディベアミュージアム群山
추억의 청춘뮤지엄,思い出の青春ミュージアム
경기 양평군 용문면 용문산로 620 단독건물,京畿道楊平郡龍門面龍門山路620単独建物
토속어류생태체험관,土属魚類生態体験館
강원 화천군 간동면 어룡동길 366 토속어류생태체험장,江原華川郡関東面魚龍洞366土属魚類生態体験場
스위트파크 롯데 어린이 식품체험관,スイーツパークロッテこども食品体験館
서울 강서구 마곡중앙로 201,ソウル江西区マゴック中央路201
국립민속박물관 7080추억의거리,国立民俗博物館7080思い出の距離
세종이야기 충무공이야기,世宗物語忠武公物語
서귀포감귤박물관,西帰浦柑橘類博物館
제주특별자치도 서귀포시 효돈순환로 441,済州特別自治道西帰浦市ヒョドン循環路441
안동문화관광단지유교랜드,安東文化観光団地遊橋ランド
경북 안동시 관광단지로 346-30,慶北安東市観光団地路346-30
제주고산리유적안내센터,済州高山里遺跡案内センター
제주 제주시 한경면 노을해안로 1100,済州済州市漢慶面夕焼け海岸1100
전라남도해양수산과학관,全羅南道海洋水産科学館
전남 여수시 돌산읍 돌산로 2876,全南麗水市ドルサン邑ドルサンロ2876
애틀랜타 어린이 박물관,アトランタ子供博物館
국토지리정보원 국립지도박물관,国土地理情報院国立地図博物館
경기도 수원시 영통구 월드컵로 92,京畿道水原市永通区ワールドカップロ92
대전교통문화연수원,大田交通文化研修院
"대전 유성구 대덕대로 480 대전 C.T센터, 스튜디오큐브",大田儒城区大徳大480大田C.Tセンター、スタジオキューブ
밀양한천테마파크,密陽寒天テーマパーク
경남 밀양시 산내면 봉의리 1596-57,慶南密陽市山内面俊里1596-57
거꾸로옛이야기나라숲,逆に昔の物語の国の森
경북 상주시 화북면 우복동길 63-23,慶北上州市華北面右福洞63-23
전쟁기념관,戦争記念館
서울특별시 용산구 이태원로 29,ソウル特別市龍山区梨泰院路29
한강이야기전시관,漢江物語展示館
서울 광진구 강변북로 2202 뚝섬전망복합문화시설 한강이야기전시관,ソウル広津区江辺北路2202トゥクソム展望複合文化施設漢江物語展示館
횡성한우체험관,横城漢友体験館
강원 횡성군 횡성읍 문예로 41 횡성한우체험관,江原道横城郡横城邑文芸路41横城漢宇体験館
강원특별자치도자연환경연구공원,江原特別自治道自然環境研究公園
강원 홍천군 북방면 생태공원길 319 강원특별자치도자연환경연구공원,江原洪川郡北方面生態公園道319江原特別自治道自然環境研究公園
대한민국역사박물관 말랑말랑 현대사 놀이터,韓国歴史博物館マランマラン現代史遊び場
국립세계문자박물관,国立世界文字博物館
인천광역시 연수구 센트럴로 217,仁川広域市延寿区セントロ217
또봇정크아트뮤지엄,またボットジャンクアートミュージアム
글로벌스페이스 체험교육,グローバルスペース体験教育
경기 양주시 장흥면 권율로 124,京畿道楊州市長興面権率124
새마을운동테마공원,セマウル運動テーマパーク
부산해양자연사박물관,釜山海洋自然史博物館
부산광역시 동래구 우장춘로 175(온천동),釜山広域市東レ区宇長春路175（温泉洞）
올드타임,オールドタイム
경기 안성시 공도읍 소신두길 52-9지도보기,京畿道安城市公道邑ソシンドゥギル52-9地図を見る
국가유산 방문 캠페인 인천공항 홍보관,国家遺産訪問キャンペーン仁川空港広報館
인천광역시 중구 공항로 271 인천국제공항역 제1교통센터 지하 1층,仁川広域市中区空港路271仁川国際空港駅第1交通センター地下1階
당림미술관,唐林美術館
충청남도 아산시 송악면 외암로 1182번길 34-19,忠清南道牙山市松岳面外岩路1182番ギル34-19
대구어린이교통랜드,大邱子供交通ランド
국립민속박물관 어린이박물관,国立民俗博物館子供博物館
119부산안전체험관,119釜山安全体験館
부산 동래구 우장춘로 117,釜山東レ区宇長春路117
천연기념물센터,天然記念物センター
대전 서구 유등로 927,大田西区油灯路927
이천시환경학습관,利川市環境学習館
경기 이천시 호법면 중부대로798번길 126 환경학습관 1층,京畿道利川市湖法面中部大路798番ギル126環境学習館1階
옥천전통문화체험관,玉川伝統文化体験館
충북 옥천군 옥천읍 향수길 100,忠北オクチョン郡オクチョン邑香水路100
부산현대미술관,釜山現代美術館
양주시 VR체험관,楊州市VR体験館
경기 양주시 화합로1426번길 90,京畿道楊州市華合路1426番90
서해안안전체험관,西海安全体験館
충남 서산시 잠홍2길 65,忠南西山市蚕洪2ギル65
Wake up 국제청소년센터,Wake up 国際青少年センター
충남 서산시 해미면 동문1길 42,忠南西山市海面面東門1ギル42
안성환경교육센터,安城環境教育センター
경기 안성시 보개면 보개산로 147-156,京畿道安城市栗山面147-156
하남역사박물관,河南歴史博物館
경기도 하남시 덕풍동로 30,京畿道河南市徳風洞30
부산근현대역사관 본관,釜山近現代歴史館本館
부산 중구 대청로 112,釜山中区大清路112
국립태권도박물관,国立テコンドー博物館
전북특별자치도 무주군 설천면 무설로 1482,全北特別自治道武州郡雪川面無雪路1482
영천메타버스체험관,永川メタバス体験館
경북 영천시 화북면 천문로 2178,慶北永川市華北面天文路2178
태권도원체험관,テコンドウォン体験館
전쟁과여성인권박물관,戦争と女性人権博物館
서울특별시 마포구 월드컵북로11길 20,ソウル特別市麻浦区ワールドカップ北路11ギル20
충북안전체험관,忠北安全体験館
충북 청주시 상당구 다리실로 241,忠北清州市サンダン区橋シロ241
배다리성냥마을박물관,船橋マッチ村博物館
인천 동구 금곡로 19,仁川東区金谷路19
판교박물관,板橋博物館
경기도 성남시 분당구 판교로 191,京畿道城南市盆唐区板橋路191
태백석탄박물관,太白石炭博物館
강원특별자치도 태백시 천제단길 195,江原特別自治道太白市天帝ダンギル195
태백고생대자연사박물관,太白古生大学自然史博物館
강원특별자치도 태백시 태백로 2249,江原特別自治道太白市太白路2249
드림닥터 의사직업체험 일산점,ドリームドクター医師職業体験一山店
경기도 고양시 일산동구 중앙로 1036 베스트 고양터미널 지하1층,京畿道高陽市一山東区中央路1036ベスト高陽ターミナル地下1階
정읍시립박물관,邑邑市立博物館
전북특별자치도 정읍시 내장산로 370-12,全北特別自治道鄭邑市内山山路370-12
벽골제농경사주제관,壁骨製農耕寺テーマ館
전북 김제시 부량면 벽골제로 442 벽골제농경사주제관,全北キム・ジェシ扶養面
백제문화체험박물관,百済文化体験博物館
충청남도 청양군 대치면 장곡길 43-24,忠清南道清陽郡大泰面長谷路43-24
전주공예품전시관,全州工芸品展示館
전북 전주시 완산구 태조로 15 공예품전시관 공예품전시관,全北全州市万山区太城路15工芸品展示館工芸品展示館
가야산역사신화공원테마관,ガヤ山歴史神話公園テーマ館
경북 성주군 수륜면 가야산식물원길 21,慶北城州郡水輪面ガヤ山植物園21
땅끝해양자연사박물관,地上海洋自然史博物館
전라남도 해남군 송지면 땅끝마을길 89,全羅南道海南郡ソンジミョン
충주다목적댐 물 문화관,忠州多目的ダム水文化館
충북 충주시 동량면 지등로 745,忠北忠州市東陽面
오죽헌·시립박물관,オ・ジュクホン・市立博物館
강원 강릉시 율곡로3139번길 24 오죽헌 오죽헌,江原江陵市渓谷路3139番ギル24
금촌초등학교 안전체험관,金村小学校安全体験館
경기 파주시 동산3길 38-11 금촌초등학교,京畿道坡州市東山3ギル38-11金村小学校
화랑마을 전시관&놀이터,画廊村展示館＆遊び場
경북 경주시 석현로 123,慶北慶州市ソクヒョンロ123
국립익산박물관 어린이박물관,国立益山博物館子供博物館
전북특별자치도 익산시 금마면 미륵사지로 362,全北特別自治道益山市金馬面弥勒寺路362
진해해양공원,金海海洋公園
경남 창원시 진해구 명동로 62,慶南昌原市鎮海区明洞路62
트릭아트스토리,トリックアートストーリー
인천 중구 동화마을길 42,仁川中区東和村42
이천시립박물관,利川市立博物館
경기도 이천시 경충대로2697번길 172,京畿道利川市京忠大路2697番ギル172
꿈키움동산 어린이농촌테마체험관(물놀이터),夢キウムドンサン子供農村テーマ体験館（水遊び場）
꿈키움동산 어린이농촌테마체험관 물놀이터,夢キウムドンサン子供農村テーマ体験館水遊び場
피규어뮤지엄제주,フィギュアミュージアム済州
국립김해박물관,国立金海博物館
제주민속자연사박물관,済州民俗自然史博物館
제주특별자치도 제주시 삼성로 40,済州特別自治道済州市サムスン路40
선샤인스튜디오,サンシャインスタジオ
충남 논산시 연무읍 봉황로 90,忠清南道ノンサン市ヨンム邑鳳凰路90
서울생활사박물관 옴팡놀이터,ソウル生活史博物館オムパン遊び場
천안어린이꿈누리터,天安子供夢ヌリッター
충남 천안시 동남구 옛시청길 39,忠南天安市東南区旧市役所39
서울에너지드림센터,ソウルエネルギードリームセンター
서울 마포구 증산로 14,ソウル麻浦区増山路14
마곡안전체험관,マゴック安全体験館
서울 강서구 마곡중앙로 13,ソウル江西区マゴック中央路13
남도향토음식박물관,南道郷土料理博物館
광주광역시 북구 설죽로 477,光州広域市北区ソルジュクロ477
김천시립박물관,金川市立博物館
순천곤충박물관,順天昆虫​​博物館
전남 순천시 해룡면 비래길 95,全南順天市海龍面ビレギル95
제주 어린이교통공원,済州児童交通公園
제주 제주시 명림로 437,済州済州市明林路437
청양목재문화자연사체험관,清陽木文化自然自然体験館
충남 청양군 대치면 칠갑산로 704-21,忠南清陽郡大泰面七甲山路704-21
고양어린이박물관,高陽子ども博物館
경기도 고양시 덕양구 화중로 26,京畿道高陽市徳陽区華中路26
대법원법원전시관,最高裁判所裁判所展示館
서울 서초구 서초대로 219 대법원 청사 동관 1층,ソウル瑞草区瑞草大路219最高裁判所庁舎東館1階
울산해양박물관,蔚山海洋博物館
울산광역시 울주군 서생면 해맞이로 1251,蔚山広域市蔚州郡西生面日の出1251
밀양 아리랑전시관,密陽アリラン展示館
경남 밀양시 밀양대공원로 112,慶南ミルヤン市ミルヤン大公園112
상주자전거박물관,常駐自転車博物館
경상북도 상주시 용마로 415,慶尚北道常州市龍馬路415
경기도교육청 학생건강증진센터,京畿道教育局学生健康増進センター
경기 의정부시 호국로 1287 3층,京畿道ウィジョンブ市湖国路1287 3階
충청남도교육청과학교육원,忠清南道教育庁科学教育院
충남 아산시 순천향로 624-30,忠南牙山市順天郷路624-30
세계문화박물관,世界文化博物館
경북 김천시 대항면 운수리 1137-3,慶北金川市大港面運輸里1137-3
누치마스 소금공장,ヌチマス塩工場
남해 파독전시관,南海パドック展示館
경남 남해군 삼동면 봉화리 2572-1,慶南南海郡三洞面ボンファリ2572-1
응꼬뮤지엄 오키나와,うんこミュージアム沖縄
청주고인쇄박물관,清州高原印刷博物館
충청북도 청주시 흥덕구 직지대로 713(운천동),忠清北道清州市興徳区直地通り713（雲川洞）
백두숨길관,白頭隠れ館
강원 인제군 상남면 서울양양고속도로 117-2,江原仁済郡上南面ソウルヤンヤン高速道路117-2
하멜전시관 & 하멜등대,ハメル展示館＆ハメル灯台
전남 여수시 하멜로 96,全南麗水市ハメロ96
국립전주박물관,国立全州博物館
전북특별자치도 전주시 완산구 쑥고개로 249,全北特別自治道全州市ワンサン区ヨモギ249
수도국산달동네박물관,首都国産ダルドンネ博物館
인천광역시 동구 솔빛로 51(송현동),仁川広域市東区ソルライトロ51（ソンヒョンドン）
윤동주문학관,ユンドン注文学館
서울 종로구 창의문로 119,ソウル鍾路区昌義門路119
농업박물관,農業博物館
전라남도 영암군 삼호읍 녹색로 653-11,全羅南道永岩郡三湖邑緑路653-11
성주참외체험형테마공원,城州メロン体験型テーマパーク
경북 성주군 대가면 참별로 2479,慶北城州郡大仮面2479
화원역사문화체험관,花園歴史文化体験館
대구 달성군 화원읍 사문진로1길 40-14,大邱達成郡華原邑サムンジンロ1ギル40-14
하이커 스테이션,ハイカーステーション
오삼아지트,オサムアジト
경북 김천시 대항면 직지사길 130,慶尚北道金川市大港面直知寺路130
용인특례시 가상현실스포츠체험센터,龍仁特例市仮想現実スポーツ体験センター
경기도 용인시 처인구 중부대로 1217 용인차량등록사업소 1층,京畿道龍仁市処人区中部大路1217龍仁車両登録事業所1階
수원화성박물관,水原華城博物館
경기도 수원시 팔달구 창룡대로 21,京畿道水原市パルダル区昌龍大路21
대청호자연생태관,大清湖自然生態館
대전광역시 동구 천개동로 41 대청호자연생태관,大田広域市東区天開洞41大清湖自然生態館
백제군사박물관 어린이 AI 상상놀이터,百済軍事博物館キッズAI想像遊び場
충청남도 논산시 부적면 충곡로 311-54,忠清南道論山市お守り面忠谷路311-54
지질박물관,地質博物館
대전광역시 유성구 과학로 124,大田広域市儒城区科学路124
전주 기접놀이전수관,全州飢饉遊園地
전북특별자치도 전주시 완산구 세내로 39,全北特別自治道全州市万山区世内路39
은산어울림 생태박물관,ウンサンオウリム生態博物館
경기도 오산시 서동로19번길 19 2층,京畿道烏山市西洞路19番ギル19 2階
한국잡월드 미래직업관,韓国雑ワールド未来職業館
경기도 성남시 분당구 분당수서로 501 한국잡월드,京畿道城南市盆唐区盆唐スソロ501韓国雑誌ワールド
서울공예박물관 어린이박물관,ソウル工芸博物館子供博物館
"서울특별시 종로구 율곡로3길 4 서울공예박물관 2,3층지도보기","ソウル特別市鍾路区栗谷路3ギル4ソウル工芸博物館2,3階地図を見る"
구리시인창도서관천문대,銅市仁昌図書館天文台
경기도 구리시 건원대로34번길 90 구리시인창도서관,京畿道九里市建原大路34番ギル90銅市仁倉図書館
히사이시 조 영화음악 콘서트 [안산],久石町映画音楽コンサート[安山]
안산문화예술의전당 해돋이극장,安山文化芸術の殿堂日の出劇場
경기 안산시 단원구 화랑로 312,京畿道安山市丹原区画廊路312
The 심수봉 SHOW [경주],The シムスボン SHOW [慶州]
경주예술의전당 대공연장(화랑홀),慶州芸術の殿堂大公演場（花壇ホール）
경북 경주시 알천북로 1,慶北慶州市アルチョンブクロ1
LOVESOME: 조선미술관,LOVESOME：朝鮮美術館
인스파이어 엔터테인먼트 리조트 디스커버리 파크,インスパイアエンターテイメントリゾートディスカバリーパーク
인천 중구 공항문화로 127,仁川中区空港文化路127
"리타, 남편이 돌아왔다! [창원]",リタ、夫が帰ってきた！ [昌原]
나비아트홀,ナビアートホール
경남 창원시 성산구 용지로169번길 11-13,慶南昌原市城山区用紙169番道11-13
"[공연소개]

죽은 줄 알았던 남편이 돌아왔다!

도니제티의 단막 희극 오페라 <리타>를 100% 우리말로 만나는 특별한 기회!

카페 사장 리타는 과거 전 남편의 폭력에 시달렸지만, 지금은 현 남편 베페를 학대하는 가해자가 되었다. 어느 날, 죽은 줄 알았던 전 남편 가스파로가 재혼을 위해 이혼 서류를 받으러 나타나고... 두 남편은 리타를 서로에게 떠넘기기 위한 처절한 결투를 벌이는데...","【公演紹介】

死んだと思った夫が帰ってきた！

ドニゼッティの単幕喜劇オペラ<リタ>を100％韓国語で会う特別な機会！

カフェ社長リタは過去前夫の暴力に苦しんだが、今は県夫ベフェを虐待する加害者となった。ある日、死んだと思った元夫ガスファロが再婚のために離婚書類を受けに出現し…二人の夫はリタをお互いに引き渡すための凄まじい決闘を繰り広げるのに…"
제100회 영미성악연구회 정기연주회,第100回英米声楽研究会定期演奏会
"[PROGRAM]

Henry Purcell (1659 – 1695)
Lost is my quiet [2’40]
My dearest, my fairest from Pausanias the Betrayer [2’40]
Sop. 이영은, Sop. 송다윤, Piano 이은영

Roger Quilter (1877 - 1953)
It was a Lover and his Lass [2’40]
Weep You No More from 7 Elizabethan Lyrics, Op. 12 [2’23]
Sop. 신재은, Sop. 양은영, Piano 이은영

Benjamin Britten (1913 - 1976)
2 Ballads for Two Voices and Piano
No. 1, Mother Comfort [3’40]
No. 2, Underneath the Abject Willow [2’11]
Sop. 이일령, Sop. 전유진, Piano 이은영

Alice Mary Smith (1839 - 1884)
O that We Two Were Maying [3'30]
Martha Hill Duncan (b. 1955)
Roadside Flowers [3'00]
Sop. 홍예선, Sop. 진수아, Piano 한지은

Lori Laitman (b.1955)
Fresh Patterns [4’50]
Sop. 방주영, Sop. 권미리예, Piano 한지은

Intermission

Mark Adamo (b.1962) Opera “Little Women”
Jo (M.S.) - 정혜원
Meg (M.S.) - 김상희
Beth (Sop.) - 신일홍
Amy (Sop.) - 이윤지
Laurie (Ten.) - 박강노
Piano 배은아

Truth or Fabrication (Act 1 scene 1, The laundry scene) [7’45]
(Jo/Meg/Beth/Amy/Laurie)

Let me look at you (Act 2 scene 5, Final Quartet) [7’30]
(Jo/Meg/Beth/Amy)

Leonard Bernstein (1918 - 1990) Operetta “Candide”
Pangloss(Bar.) - 이승희
Maximilian(Bar.) - 조병수
Cunegonde(Sop.) - 홍은영
Candide(Ten.) - 조사무엘
Paquette(Sop.) - 강은총
Old Lady(M.S.) - 정혜원
Piano 배은아

Life is absolute perfection (Act 1 scene 1) [2’12]
(Maximilian/Cunegonde/Candide/Paquette)

The best of all possible worlds (Act 1 scene 1) [2’40]
(Pangloss/Maximilian/Cunegonde/Candide/Paquette)

We are Women (Act 2 scene 9) [3’50]
(Cunegonde/Old Lady)

Make Our Garden Grow (Finale: entire company) [4’40]
Piano 한지은","[PROGRAM]

Henry Purcell (1659 – 1695)
Lost is my quiet [2’40]
My dearest, my fairest from Pausanias the Betrayer [2’40]
Sop。イ・ヨンは、Sop。ソン・ダユン、ピアノイ・ウンヨン

Roger Quilter (1877-1953)
It was a Lover and his Lass [2’40]
Weep You No More from 7 Elizabethan Lyrics, Op. 12 [2’23]
Sop。シンジェは、Sop。ヤン・ウンヨン、ピアノ・イ・ウンヨン

Benjamin Britten (1913 - 1976)
2 Ballads for Two Voices and Piano
No. 1, Mother Comfort [3’40]
No. 2, Underneath the Abject Willow [2’11]
Sop。イ・イルリョン、Sop。チョン・ユジン、ピアノイ・ウンヨン

アリス・マリー・スミス (1839-1884)
O that We Two Were Maying [3'30]
Martha Hill Duncan (b. 1955)
Roadside Flowers [3'00]
Sop。ホン・イェソン、Sop。ジン・スア、ピアノ・ハンジウン

Lori Laitman (b.1955)
Fresh Patterns [4’50]
Sop。バン・ジュヨン、Sop。クォン・ミリエ、ピアノ・ハンジウン

Intermission

Mark Adamo (b.1962) Opera “Little Women”
Jo (M.S.) - チョン・ヘウォン
Meg (M.S.) - キム・サンヒ
Beth (Sop.) - シン・イルホン
Amy (Sop.) - イ・ユンジ
Laurie (Ten.) - パク・ガンノ
Piano ペ・ウンア

Truth or Fabrication (Act 1 scene 1, The laundry scene) [7’45]
(Jo/Meg/Beth/Amy/Laurie)

Let me look at you (Act 2 scene 5, Final Quartet) [7’30]
(Jo/Meg/Beth/Amy)

Leonard Bernstein (1918 - 1990) Operetta “Candide”
Pangloss(Bar.) - イ・スンヒ
Maximilian(Bar.) - チョ・ビョンス
Cunegonde(Sop.) - ホン・ウンヨン
Candide(Ten.) - 調査ムエル
Paquette(Sop.) - カン・ウンガン
Old Lady(M.S.) - チョン・ヘウォン
Piano ペ・ウンア

Life is absolute perfection (Act 1 scene 1) [2’12]
(Maximilian/Cunegonde/Candide/Paquette)

The best of all possible worlds (Act 1 scene 1) [2’40]
(Pangloss/Maximilian/Cunegonde/Candide/Paquette)

We are Women (Act 2 scene 9) [3’50]
(Cunegonde/Old Lady)

Make Our Garden Grow (Finale: entire company) [4’40]
ピアノハンジウン"
제9회 더 부산 혼 사운드 정기연주회,第9回ザ釜山ホーンサウンド定期演奏会
금정문화회관 대공연장(금빛누리홀),金正文化会館大公演場（金色ヌリホール）
부산 금정구 체육공원로 7,釜山クムジョン区体育公園7
"[프로그램]

호른 4중주-네 개의 혼을 위한 협주곡 / 칼 하인리히 휴블러 피아노_ 최우림
Konzert fur vier Horner / Carl Heinrich Hubler
Ⅰ. Allegro maestoso
Ⅲ. Allegro vivace

호른 협주곡 / 탁지안-호른 협주곡 내림 마장조 k.495 제4번 제1악장 / 모차르트
Horn Concerto No. 4 in E flat major, k.495 / W.A. Mozart
Ⅰ. Allegro moderato

창작곡
- “경계의 바다”/ 김하람

소리꾼 / 안이서
- 아름다운 나라 / 한태수 (Arr. 최광희)
- 난감하네 / 심영섭 (Arr. 최광희)

- intermission -

호른 협연 / 이석준
- 케이프 혼 협주곡 / 오토 M. 슈와 CAPE HORN for Horn Solo & Horn Ensemble / Otto M. Schwa

- 바디네리 / 바흐 BADINERIE / J.S.Bach
1st 이석준 2nd 강민주 3rd 손승용 4th 최광희

교향곡- 교향곡 제9번 ‘신세계로부터’ / 드보르자크 Symphony No. 9 in E Minor,?Op.?95 ‘From the New World’ / Dvorak
1. Adagio
2. Largo
3. Molto vivace
4. Allegro con fuoco","[プログラム]

ホーン四重奏 - 4つの魂のための協奏曲/カールハインリヒヒューブラーピアノ_チェ・ウリム
Konzert fur vier Horner / Carl Heinrich Hubler
Ⅰ。 Allegro maestoso
Ⅲ。 Allegro vivace

ホルン協奏曲/タクジアン - ホルン協奏曲降り馬場組 k.495 第4番 第1楽章 / モーツァルト
Horn Concerto No. 4 in Eフラットマット、k.495 / W.A. Mozart
Ⅰ。 Allegro moderato

創作曲
- 「境界の海」/キム・ハラム

サウンド/アン・イーサー
- 美しい国/ハン・テス（Arr.チェ・グァンヒ）
- 難しいです/シム・ヨンソプ（Arr.チェ・グァンヒ）

-intermission-

ホルンコラボ/イ・ソクジュン
- ケープホーン協奏曲 / オート M. シュワ CAPE HORN for Horn Solo & Horn Ensemble / Otto M. Schwa

- ボディネリー/バッハ BADINERIE/J.S.Bach
1stイ・ソクジュン2ndカン・ミンジュ3rdソン・スンヨン4thチェ・グァンヒ

交響曲-交響曲第9番「新世界から」 / ドヴォルザーク Symphony No. 9 in E Minor,?Op.?95 「From the New World」 / Dvorak
1. Adagio
2. Largo
3. Molto vivace
4. Allegro con fuoco"
제210회 국립합창단 정기연주회: 헨델 메시아,第210回国立合唱団定期演奏会：ヘンデル・メシア
"[프로그램]
 
 Händel, Messiah, HWV 56
 
Part Ⅰ Propfecy, Birth (예언과 탄생)
Part Ⅱ Suffering, Expiation (수난과 속죄)
Part Ⅲ Resurrection, Immortality (부활과 영원한 생명)","[プログラム]
 
 Händel, Messiah, HWV 56
 
Part Ⅰ Propfecy, Birth (予言と誕生)
Part Ⅱ Suffering, Expiation (受難と贖罪)
Part Ⅲ Resurrection, Immortality (復活と永遠の命)"
"대구콘서트하우스 특별연주회: 선율, 문학에 담아",大邱コンサートハウス特別演奏会：旋律、文学に盛り込ま
"[프로그램]

가을 삽화–시 민병도, 작곡 육수근, 바리톤 김만수, 피아노 김혜린, 낭송  심정숙
월하독작-시 이태백, 작곡 이규봉, 소프라노 우례러, 피아노 서인애, 낭송 김미숙
낙엽의 노래–시 이하석, 작곡 이호원, 소프라노 박예솔, 피아노 서인애, 낭송 이지희
허공은 가지를–시 이규리, 작곡 박경택, 테너 노성훈, 피아노 김혜린, 낭송 오순찬
그리운 부석사–시 정호승, 작곡 이수은, 소프라노 김민진, 피아노 서인애, 낭송 김미숙(八音)
이슬방울–시 이태수, 작곡 김병기, 바리톤 김만수, 피아노 김혜린, 낭송 오지현

Intermission

일전매: 붉은 연꽃 향기 사라지고–시 이청조, 작곡 고승익, 소프라노 우례러, 피아노 서인애, 낭송 박영선
뻐꾸기 우는 날은–시 박기섭, 작곡 신영희, 테너 노성훈, 피아노 김혜린, 낭송 이유선
꽃 속에 갇히다–시 하청호, 작곡 김성아, 바리톤 김만수, 피아노 김혜린, 낭송 이경숙
바람고개–시 문무학, 작곡 박경득, 소프라노 박예솔, 피아노 서인애, 낭송 김지선
햇빛 한 쟁반–시 이기철, 작곡 장은호, 소프라노 김민진, 피아노 서인애, 낭송 이은정
그대가 별이라면–시 이동순, 작곡 김재희, 테너 노성훈, 피아노 김혜린, 낭송 오영희

본 공연의 프로그램은 연주자의 사정에 의해 사전 공지 없이 변경될 수 있습니다.","[プログラム]

秋のイラスト - 市民兵、作曲、ユク・スグン、バリトンキム・マンス、ピアノキム・ヘリン、朗読シム・ジョンスク
月下独作 - 詩のイ・テベク、作曲イ・ギュボン、ソプラノの葬儀、ピアノのソ・インエ、
落葉の歌 - 詩イ・ソソク、作曲イ・ホウォン、ソプラノパク・イェソル、ピアノソ・インエ、朗読イ・ジヒ
ホゴンはナスを歌う - 詩イ・ギュリ、作曲パク・ギョンテク、テナーノ・ソンフン、ピアノキム・ヘリン、朗読
懐かしい副石師 - 詩チョン・ホスン、作曲イ・スウン、ソプラノキム・ミンジン、ピアノソ・インエ、朗読キム・ミスク（八音）
露滴 - 詩イ・テス、作曲キム・ビョンギ、バリトンキム・マンス、ピアノキム・ヘリン、朗読オ・ジヒョン

Intermission

一転売：赤い蓮の花の香りが消えた - 市イ・チョンジョ、作曲高僧益、ソプラノウプラー、ピアノソ・インエ、朗読パク・ヨンソン
カッコウ泣く日は - シ・パク・ギソプ、作曲シン・ヨンヒ、テナー・ノ・ソンフン、ピアノキム・ヘリン、朗読理由
花の中に閉じ込められる - シ・ハチョンホ、作曲キム・ソンア、バリトン・キム・マンス、ピアノキム・ヘリン、朗歌イ・ギョンスク
風頭 - 詩文武学、作曲パク・ギョンドク、ソプラノパク・イェソル、ピアノソ・インエ、朗読キム・ジソン
日光のトレー - 詩イ・ギチョル、作曲チャン・ウンホ、ソプラノキム・ミンジン、ピアノソ・インエ、朗読イ・ウンジョン
あなたが星だったら、

本公演のプログラムは、演奏者の事情により事前のお知らせなく変更されることがあります。"
이선아 피아노 독주회: J.S.Bach Keyboard Suite 전곡 시리즈 Ⅱ,イ・ソンアピアノソロ：J.S.Bach Keyboard Suite全曲シリーズⅡ
예술의전당 인춘아트홀,芸術の殿堂仁春アートホール
"[PROGRAM]

J.S.Bach (1685-1750)
French Suite No.5 in G Major
English Suite No.3 in g Minor
Partita No.5 in G Major
Overture in F Major, BWV 820","[PROGRAM]

J.S.Bach (1685-1750)
French Suite No.5 in G Major
English Suite No.3 in g Minor
Partita No.5 in G Major
Overture in F Major, BWV 820"
윤희주 & 최세린 피아노 듀오 리사이틀 [성남],ユン・ヒジュ＆チェ・セリンピアノデュオリサイタル[城南]
"[PROGRAM]

Antonín Dvorák (1841-1904)
Slavonic Dances for Piano Four Hands
Op. 46 No. 1
Op. 72 No. 2
Op. 46 No. 2, 5, 8

Modest Mussorgsky (1839-1881)
Sonata in C Major for Piano Four Hands
I. Allegro assai
II. Scherzo

Intermission

Franz Liszt (1811-1886)
Hungarian Rhapsody No.2 for Piano Four Hands

Samuel Barber (1910-1981)
Souvenirs, Op. 28 (for Piano Four Hands)
I. Waltz
II. Schottische
III. Pas de deux
IV. Two-step
V. Hesitation-tango","[PROGRAM]

Antonín Dvorák（1841-1904）
Slavonic Dances for Piano Four Hands
Op. 46 No. 1
Op. 72 No. 2
Op. 46 No. 2、5、8

Modest Mussorgsky (1839-1881)
Sonata in C Major for Piano フォーハンド
I. Allegro assai
II. Scherzo

Intermission

Franz Liszt (1811-1886)
Hungarian Rhapsody No.2 for Piano フォーハンド

Samuel Barber (1910-1981)
Souvenirs、Op。 28 (for Piano Four Hands)
I. Waltz
II. Schottische
III. Pas de deux
IV。 Two-step
V. Hesitation-tango"
김 삶 바이올린 독주회,キムライフバイオリンソロ
"[Program]
 
 W.A. Mozart (1761-1791)
Sonata for Violin and Piano K.376

F. Kreisler (1875-1962)
Prelude and Allegro
Marche miniature Viennoise

E.Poldini (1869-1957)
Dancing doll

P. Sarasate (1844-1908)
Fantasy on Gounod's ""faust""

G. Faure (1845-1924)
Violin Sonata No.1 In A Major, Op.13","[Program]
 
 W.A. Mozart (1761-1791)
Sonata for Violin and Piano K.376

F. Kreisler (1875-1962)
Prelude and Allegro
Marche miniature Viennoise

E.Poldini (1869-1957)
Dancing doll

P. Sarasate (1844-1908)
Fantasy on Gounod's ""faust""

G. Faure (1845-1924)
Violin Sonata No.1 In A Major, Op.13"
"금호 영아티스트 콘서트, 원예빈 호른 독주회",Kumho Young Artistコンサート、園芸ビンホーンソロ
"[프로그램]

볼프강 아마데우스 모차르트 Wolfgang Amadeus Mozart
호른 협주곡 제4번 E-flat장조, K.495 (호른과 피아노 연주)
Horn Concerto No.4 in E-flat Major, K.495 (performed on Horn and Piano)
Allegro moderato
Romanza. Andante
Rondo. Allegro vivace

외젠 보자 Eugène Bozza
호른과 피아노를 위한 정상에서
Sur les Cimes for Horn and Piano

베른하르트 크롤 Bernhard Krol
호른 독주를 위한 찬미가
Laudatio for Solo Horn

INTERMISSION

로베르트 슈만 Robert Schumann
호른과 피아노를 위한 아다지오와 알레그로, Op.70
Adagio and Allegro for Horn and Piano, Op.70
Adagio. Langsam, mit innigem Ausdruck
Allegro. Rasch und feurig - Etwas ruhigert - Tempo I

토마소 알비노니 Tomaso Albinoni
오보에 협주곡 B-flat장조, Op.7/3 (호른과 피아노를 위한 편곡 미하엘 보레크)
Oboe Concerto in B-flat Major, Op.7/3 (arranged for Horn and Piano by Michael Worek)
Allegro
Adagio
Allegro

장 프랑세 Jean Françaix
호른과 피아노를 위한 디베르티멘토
Divertimento for Horn and Piano
Introduzione
Aria di Cantabile
Canzonetta","[プログラム]

ヴォルフガング・アマデウス・モーツァルト Wolfgang Amadeus Mozart
ホーン協奏曲第4番E-flat長調、K.495（ホルンとピアノ演奏）
Horn Concerto No.4 in E-flat Major, K.495 (performed on Horn and Piano)
Allegro moderato
Romanza。 Andante
ロンド。 Allegro vivace

外禅みよう Eugène Bozza
ホーンとピアノのためのトップから
Sur les Cimes for Horn and Piano

ベルンハルト・クロール Bernhard Krol
ホーンソロのための賛美歌
Laudatio for Solo Horn

INTERMISSION

ロベルトシューマンRobert Schumann
ホーンとピアノのためのアダジオとアレグロ、Op.70
Adagio and Allegro for Horn and Piano, Op.70
Adagio。 Langsam, mit innigem Ausdruck
Allegro。 Rasch und feurig - Etwas ruhigert - Tempo I

トマソ・アルビノニ Tomaso Albinoni
オーボエ協奏曲B-flat長調、Op.7/3（ホルンとピアノのための編曲ミハエル・ボレク）
Oboe Concerto in B-flat Major, Op.7/3 (arranged for Horn and Piano by Michael Worek)
Allegro
Adagio
Allegro

ジャン・フランセ Jean Françaix
ホーンとピアノのためのディベルティメント
Divertimento for Horn and Piano
Introduzione
Aria di Cantabile
Canzonetta"
케니 배런 트리오 내한공연,ケニーバレントリオ来韓公演
연세대학교 백주년기념관 콘서트홀,延世大学百周年記念館コンサートホール
"[공연소개]

재즈 피아니스트 케니 배론은 서정성과 스윙, 그리고 정교한 화성 감각을 완벽한 균형으로 구현해 온 현대 재즈 피아노의 거장이다. 디지 길레스피, 스탠 게츠, 프레디 허바드 등 재즈사의 중심에 있는 거장들과의 협업을 통해 일찍이 음악적 존재감을 확립했으며, 이후 수십 년간 트리오, 솔로, 대편성에 이르기까지 폭넓은 형식 속에서 자신만의 음악 세계를 꾸준히 발전시켜 왔다. 그의 연주는 언제나 절제된 서정미와 깊은 스윙을 바탕으로, 재즈가 지닌 지적이면서도 따뜻한 매력을 전해주고 있다.

이번 공연은 케니 배런이 베이시스트 알렉시스 쿠아드라도, 드러머 조나단 블레이크와 함께 하는 트리오의 한국 첫 무대라는 점에서 특별한 의미를 지닌다. 특히 공연이 열리는 4월 30일은 유네스코가 지정한 재즈의 날로 올해 83세의 살아있는 재즈의 전설과 함께 이 특별한 날을 기념하는 특별한 무대가 될 것이다.

알렉시스 쿠아드라도는 바르셀로나 출신으로 뉴욕에서 활동하며 플라멩코의 열정과 현대 재즈의 지성을 결합한 독보적인 베이시스트다. 탄탄한 클래식 기교를 바탕으로 안젤리크 키조, 마크 터너 등 세계적 거장들과 협연하였다. 또한 작곡가이자 리더로서 서사적이고 정교한 연주를 구사하며, 케니 배런의 우아한 피아니즘에 깊이와 역동성을 더해줄 것이다.

드럼에는 현대 재즈 씬을 대표하는 연주자 중 한 명인 조나단 블레이크가 함께 한다. 조나단 블레이크는 전통적인 스윙 감각과 현대적인 리듬 해석을 동시에 갖춘 드러머로, 다이내믹하면서도 세밀한 연주로 높은 평가를 받아왔다. 그의 드러밍은 단순한 리듬 반주를 넘어, 피아노와 베이스 사이를 잇는 적극적인 대화의 역할을 수행하며 트리오 전체의 긴장감과 에너지를 끌어올린다.

이 세 명이 만들어내는 케니 배런 트리오는 클래식한 피아노 트리오의 형식을 바탕으로 하면서도, 각 연주자의 개성과 경험이 자연스럽게 어우러진 현대적 사운드를 들려줄 것이다. 정교하게 쌓아 올린 하모니, 여백을 살린 인터플레이, 그리고 순간의 영감을 놓치지 않는 즉흥 연주는 트리오 재즈가 지닌 가장 본질적인 매력을 선명하게 드러낸다. 특히 오랜 시간 무대 위에서 축적된 케니 배런의 음악적 통찰은 두 연주자와의 긴밀한 호흡 속에서 더욱 깊이 있게 빛을 발할 것이다.

재즈 데이를 기념해서 개최되는 이번 케니 배런 트리오의 공연은 단순한 내한 공연을 넘어, 동시대 재즈 트리오가 도달할 수 있는 가장 높은 완성도를 직접 확인할 수 있는 소중한 기회가 될 것이다. 재즈가 지닌 지적 깊이와 인간적인 따뜻함, 그리고 라이브 무대에서만 느낄 수 있는 생생한 호흡을 동시에 경험할 수 있는 이번 무대는 국내 재즈 팬들에게 오래도록 기억에 남을 특별한 순간이 될 것으로 기대된다.","【公演紹介】

ジャズピアニストケニーバロンは叙情性とスイング、そして洗練された火星感覚を完璧なバランスで具現してきた現代ジャズピアノの巨匠だ。デジ・ギレスピ、スタンゲッツ、フレディ・ハバードなどジャズ社の中心にある巨匠たちとのコラボレーションにより、早くも音楽的存在感を確立し、その後数十年間トリオ、ソロ、大便性に至るまで幅広い形式の中で自分だけの音楽世界を着実に発展させてきた。彼の演奏はいつも節制された叙情美と深いスイングをもとに、ジャズの指摘しながらも暖かい魅力を伝えている。

今回の公演はケニー・バランがベーシスト・アレクシス・クアドラド、ドラマー・ジョナサン・ブレイクと一緒にするトリオの韓国初舞台という点で特別な意味を持つ。特に公演が開かれる4月30日はユネスコが指定したジャズの日で今年83歳の生きているジャズの伝説と共にこの特別な日を記念する特別な舞台となるだろう。

アレクシス・クアドラドはバルセロナ出身でニューヨークで活動し、フラメンコの情熱と現代ジャズの知性を組み合わせた独歩的なベーシストだ。しっかりとしたクラシック技巧を元に、アンジェリク・キージョ、マーク・ターナーなど世界的な巨匠たちと共演した。また作曲家でありリーダーとして叙事的で精巧な演奏を駆使し、ケニー・バランのエレガントなピアニズムに深さとダイナミズムを加えるだろう。

ドラムには現代ジャズシーンを代表する演奏者の一人であるジョナサン・ブレイクが一緒にする。ジョナサン・ブレイクは伝統的なスイング感と現代的なリズム解析を同時に備えたドラマーで、ダイナミックながらも細かい演奏で高い評価を受けてきた。彼のドラミングは単純なリズム伴奏を超えて、ピアノとベースの間をつなぐ積極的な会話の役割を果たし、トリオ全体の緊張感とエネルギーを引き上げる。

この3人が生み出すケニーバレントリオは、クラシックなピアノトリオの形式をもとにしながらも、各演奏者の個性と経験が自然に調和した現代的なサウンドを聞かせるだろう。精巧に積み上げたハーモニー、余白を活かしたインタープレイ、そして瞬間のインスピレーションを逃さない即興演奏はトリオジャズが持つ最も本質的な魅力を鮮明に現わす。特に長い時間の舞台の上に蓄積されたケニー・バロンの音楽的洞察は、2人の演奏者との緊密な呼吸の中でより深く光を放つでしょう。

ジャズ・デイを記念して開催される今回のケニー・バレン・トリオの公演は、単純な来韓公演を越えて、同時代ジャズ・トリオが到達できる最高の完成度を直接確認する大切な機会になるだろう。ジャズが持つ知的深さと人間的な暖かさ、そしてライブ舞台でしか感じることができない鮮やかな呼吸を同時に経験できる今回の舞台は国内ジャズファンたちに長く記憶に残る特別な瞬間になると期待される。"
"금호영아티스트콘서트, 김가은 바이올린 독주회",Kumho Youngアーティストコンサート、キム・ガウンヴァイオリンソロ
"[PROGRAM]
요하네스 브람스 Johannes Brahms
바이올린과 피아노를 위한 소나타 제2번 A장조, ‘툰’, Op.100
Sonata for Violin and Piano No.2 in A Major, “Thun”, Op.100
Allegro amabile
Andante tranquillo - Vivace
Allegretto grazioso (quasi Andante) 

프란츠 왁스만 Franz Waxman
바이올린과 피아노를 위한 카르멘 환상곡
Carmen Fantasie for Violin and Piano

I N T E R M I S S I O N

에르네스트 쇼송 Ernest Chausson
바이올린과 오케스트라를 위한 시, Op.25 (바이올린과 피아노 연주)
Poème for Violin and Orchestra, Op.25 (performed on Violin and Piano)

외젠 이자이 Eugène Ysaÿe
바이올린과 피아노를 위한 카미유 생상스 왈츠 형식의 에튀드에 의한 카프리스, Op.52/6
Caprice d’après l’etude en forme de Valse de Camille Saint-Saëns for Violin and Piano, Op.52/6

이고르 프롤로프 Igor Frolov
바이올린과 피아노를 위한 거슈윈 ‘포기와 베스’ 주제에 의한 콘서트 환상곡, Op.19
Concert Fantasia on Themes from Gershwin’s “Porgy and Bess” for Violin and Piano, Op.19","[PROGRAM]
ヨハネス・ブラームス Johannes Brahms
ヴァイオリンとピアノのためのソナタ第2番A長調、「トゥーン」、Op.100
Sonata for Violin and Piano No.2 in A Major, “Thun”, Op.100
Allegro amabile
Andante tranquillo - Vivace
Allegretto grazioso (quasi Andante) 

フランツワックスマン Franz Waxman
ヴァイオリンとピアノのためのカルメンファンタジー曲
Carmen Fantasie for Violin and Piano

I N T E R M I S S I O N

エルネスト・ショーソン Ernest Chausson
ヴァイオリンとオーケストラのための詩、Op.25（バイオリンとピアノの演奏）
Poème for Violin and Orchestra, Op.25 (performed on Violin and Piano)

外禅イザイEugèneYsaÿe
ヴァイオリンとピアノのためのカミーユ・サンサンズ・ワルツ型のエチュードによるカプリス、Op.52/6
Caprice d’après l’etude en forme de Valse de Camille Saint-Saëns for Violin and Piano, Op.52/6

イゴール・プロロフ Igor Frolov
ヴァイオリンとピアノのためのガシュウィン「放棄とベス」のテーマによるコンサートファンタジー曲、Op.19
Concert Fantasia on Themes from Gershwin’s “Porgy and Bess” for Violin and Piano, Op.19"
"랄랄라, 아이와 엄마가 함께하는 음악회",ラララ、子供とママが一緒にいる音楽会
서울 마포구 망원로 66,ソウル麻浦区望遠路66
"[공연소개]

아이와 부모가 함께 클래식 음악을 편안하게 만나는 시간입니다.

아이들이 처음 듣는 클래식 음악도
이야기와 해설을 통해 자연스럽게 이해할 수 있도록 구성된 공연입니다.

이번 공연은 랄랄라! 아이와 엄마가 함께하는 음악회라는 제목으로
아이들도 쉽게 들을 수 있는 피아노 클래식 작품들을 소개합니다.

베토벤의 엘리제를 위하여,
모차르트의 작은 별 변주곡,
드뷔시의 골리워그의 케이크워크처럼
익숙한 멜로디의 클래식 음악을 들려주고,

쇼팽의 왈츠,
생상스의 동물의 사육제 중 여러 곡을 통해
음악 속에 등장하는 다양한 동물과 이야기를 함께 만나볼 수 있습니다.

아이들이 클래식 음악을 부담 없이 듣고
음악의 분위기와 이야기를 함께 느껴볼 수 있는 프로그램입니다.","【公演紹介】

子供と両親が一緒にクラシック音楽に快適に会う時間です。

子供たちが初めて聴くクラシック音楽も
物語や解説を通じて自然に理解できるように構成された公演です。

今回の公演はラララ！子供と母親が一緒にいる音楽会というタイトルで
子供たちも簡単に聴けるピアノクラシック作品を紹介します。

ベートーヴェンのエリーゼのために、
モーツァルトの小さな星の変奏曲、
デビュー時のゴリワーグのケーキワークのように
おなじみのメロディーのクラシック音楽を聴いて、

ショパンのワルツ、
サンサンスの動物の飼育薬のいくつかの曲を通して
音楽の中に登場する様々な動物と物語を一緒に見ることができます。

子供たちはクラシック音楽を気軽に聴きます
音楽の雰囲気と物語を一緒に感じることができるプログラムです。"
"금호영재콘서트, 한세희 리코더 독주회",Kumho Young Jaeコンサート、ハン・セヒレコーダーソロ
"[PROGRAM]

조반니 바티스타 폰타나 Giovanni Battista Fontana
소나타 제2번 D장조 (리코더와 하프시코드 연주)
Sonata Seconda in D Major (performed on Recorder and Harpsichord)

게오르크 필리프 텔레만 Georg Philipp Telemann
플루트를 위한 환상곡 제9번 G장조, TWV40:10 (리코더 연주)
Fantasia for Flute No.9 in G Major, TWV40:10 (performed on Recorder)
Affettuoso
Allegro
Grave
Vivace

주세페 삼마르티니 Giuseppe Sammartini
소나타 제6번 C장조, Op.1 (리코더와 하프시코드 연주)
Sonata Sesta in C Major, Op.1 (performed on Recorder and Harpsichord)
Conspirito
Adagio mà non tanto
Allegro assai

요한 크리스티안 쉬크하르트 Johann Christian Schickhardt
리코더와 통주저음을 위한 소나타 a단조, Op.17/3 (리코더와 하프시코드 연주)
Sonata for Recorder and Continuo in a minor, Op.17/3 (performed on Recorder and Harpsichord)
Adagio
Allemanda Allegro
Vivace
Giga

I N T E R M I S S I O N

히로세 료헤이 Ryohei Hirose
알토 리코더 독주를 위한 찬가
Hymn for Solo Alto Recorder

게오르크 필리프 텔레만 Georg Philipp Telemann
바순과 통주저음을 위한 소나타 f단조, TWV41:f1 (리코더와 하프시코드 연주)
Sonata for Bassoon and Continuo in f minor, TWV41:f1 (performed on Recorder and Harpsichord)
Triste
Allegro
Andante
Vivace

아르칸젤로 코렐리 Arcangelo Corelli
바이올린과 통주저음을 위한 소나타 F장조, Op.5/4 (리코더와 하프시코드 연주)
Sonata for Violin and Continuo in F Major, Op.5/4 (performed on Recorder and Harpsichord)
Adagio
Allegro - Adagio
Vivace
Adagio
Allegro","[PROGRAM]

ジョバンニ・バティスタ・フォンタナ Giovanni Battista Fontana
ソナタ第2番D長調（レコーダーとハーフシコード演奏）
Sonata Seconda in D Major (performed on Recorder and Harpsichord)

ゲオルク・フィリフ・テレマン Georg Philipp Telemann
フルートのための幻想曲第9番G長調、TWV40:10（レコーダー演奏）
Fantasia for Flute No.9 in G Major, TWV40:10 (performed on Recorder)
Affettuoso
Allegro
Grave
Vivace

ジュゼッペ サンマルティニ Giuseppe Sammartini
ソナタ第6番C長調、Op.1（レコーダーとハーフシコード演奏）
Sonata Sesta in C Major, Op.1 (performed on Recorder and Harpsichord)
コンスピリト
Adagio mano non tanto
Allegro assai

ヨハン・クリスチャン・シックハート Johann Christian Schickhardt
レコーダーと通奏低音のためのソナタa鍛造、Op.17/3（リコーダーとハーフシコード演奏）
Sonata for Recorder and Continuo in a minor, Op.17/3 (performed on Recorder and Harpsichord)
Adagio
Allemanda Allegro
Vivace
ギガ

I N T E R M I S S I O N

広瀬良平 Ryohei Hirose
アルトレコーダーソロのための賛否両論
Hymn for Solo Alto Recorder

ゲオルク・フィリフ・テレマン Georg Philipp Telemann
バスーンと通奏低音のためのソナタf鍛造、TWV41：f1（レコーダーとハーフシコード演奏）
Sonata for Bassoon and Continuo in f minor, TWV41:f1 (performed on Recorder and Harpsichord)
Triste
Allegro
Andante
Vivace

アルカンジェロ・コレリ Arcangelo Corelli
ヴァイオリンと通奏低音のためのソナタF長調、Op.5/4（レコーダーとハーフシコード演奏）
Sonata for Violin and Continuo in F Major, Op.5/4 (performed on Recorder and Harpsichord)
Adagio
Allegro - Adagio
Vivace
Adagio
Allegro"
김민영 피아노 독주회,キム・ミンヨンピアノソロ
"[Program]

L. v. Beethoven
Piano Sonata No.30 in E Major, Op.109

F. Chopin
Andante Spianato et Grande Polonaise Brillante, Op.22

Intermission

F. Schubert
3 Klavierstücke, D.946

J. S. Bach-Busoni
Chaconne in d minor, BWV 1004","[Program]

L. v. Beethoven
Piano Sonata No.30 in E Major, Op.109

F. Chopin
Andante Spianato et Grande Polonaise Brillante, Op.22

Intermission

F. Schubert
3 Klavierstücke、D.946

J. S. Bach-Busoni
Chaconne in d minor, BWV 1004"
제19회 디 앙상블 정기연주회,第19回ディアンサンブル定期演奏会
"[PROGRAM]

김택수
Clear Creek for String Quartet

D. Shostakovich
String Quartet No. 6 in G Major, Op. 101
I. Allegretto
II. Moderato con moto
III. Lento
IV. Lento

E. Korngold
Piano Quintet in E Major, Op. 15
I. Mäßiges Zeitmaß, mit schwungvoll blühendem Ausdruck
II. Adagio
III. Finale","[PROGRAM]

キム・テクス
Clear Creek for String Quartet

D. Shostakovich
String Quartet No. 6 in G Major, Op. 101
I. Allegretto
II. Moderato con moto
III.レント
IV。レント

E. Korngold
Piano Quintet in E Major, Op. 15
I. Mäßiges Zeitmaß, mit schwungvoll blühendem Ausdruck
II. Adagio
III. Finale"
제209회 국립합창단 정기연주회: 베토벤 & 슈베르트,第209回国立合唱団定期演奏会：ベートーヴェン＆シューベルト
"[프로그램]
  
 1부 Beethoven, Mass in C major, Op. 86
2부 Schubert, Mass in E-flat major, D. 950","[プログラム]
  
 パート1 Beethoven、Mas in C major、Op。 86
パート2 Schubert, Mass in E-flat major, D. 950"
서울시향 키즈 콘서트: 클래식 음악 여행,ソウル市郷キッズコンサート：クラシック音楽旅行
서울 송파구 올림픽로 300,ソウル松坡区オリンピック路300
"[공연소개]

엄마와 함께 클래식 공연을 보러 간 서울이와 시향이. 첫 곡이 연주되자마자 멋진 선율에 푹 빠진 두 친구! 그런데, 갑자기 나타난 소용돌이에 연주 중이던 지휘자의 악보가 날아가 사라져 버리는 대사건이 벌어지고, 세상 모든 음악을 혼자만 차지하려는 악당, 미스터 크레셴도의 계획이란 걸 알게 되는데... 정의감에 불타오른 용기 만점 서울이와 시향이는 사라진 악보를 찾기 위해 떨리는 마음으로 첫 모험을 떠나게 된다.

세계를 여행하며 위대한 작곡가들의 음악을 만나는 흥미진진한 모험, 이제 서울시향과 함께 떠나볼까요?
 

[프로그램]

본 공연은 중간휴식(Intermission) 없이 진행됩니다.
기획 특성상 본 공연의 프로그램은 발췌 및 편곡되어 연주됩니다.

첫 번째 나라, 독일
베토벤, 교향곡 제5번 ‘운명’ 1악장
Beethoven, Symphony No. 5 in C minor, Op. 67: I. Allegro con brio

베토벤, 교향곡 제9번 ‘합창’ 4악장 (오케스트라 연주)
Beethoven, Symphony No. 9 in D minor, Op. 125 ‘Choral’: IV. Presto (Orchestra Only)

두 번째 나라, 체코
스메타나, ‘나의 조국’ 중 몰다우
Smetana, Vltava from Má vlast

드보르자크, 교향곡 제9번 ‘신세계로부터’ 4악장
Dvořák, Symphony No. 9 in E minor, Op. 95 ‘From the New World’: IV. Allegro con fuoco

세 번째 나라, 스페인
파야, <삼각 모자> 모음곡 제1번 중 밀러 부인의 춤
Falla, Danza de la molinera from El sombrero de tres picos Suite No. 1

사라사테, <카르멘> 환상곡 (바이올린 류현석)
Sarasate, Carmen Fantasy, Op. 25

네 번째 나라, 영국
엘가, 위풍당당 행진곡 제1번
Elgar, Pomp and Circumstance March No. 1 in D major, Op. 39 No. 1

홀스트, ‘행성’ 중 목성
Holst, Jupiter, the Bringer of Jollity from The Planets, Op. 32","【公演紹介】

母と一緒にクラシック公演を見に行ったソウルとビジョンが。最初の曲が演奏されるやいなや、素敵なメロディにすっかり落ちた二人の友達！ところが、突然現れた渦に演奏中だった指揮者の楽譜が飛んで消えてしまう大事件が繰り広げられ、世の中のすべての音楽を一人で占めようとする悪党、ミスター・クレッシェンドの計画だと分かるようになるが…正義感に燃え上がった勇気満点ソウルと冒険を離れる。

世界を旅し、偉大な作曲家たちの音楽に会うエキサイティングな冒険、今ソウル市郷と共に去ってみましょうか？
 

[プログラム]

本公演は中間休憩なしで行われます。
企画特性上、本公演の番組は抜粋・編曲されて演奏されます。

最初の国、ドイツ
ベートーヴェン、交響曲第5番「運命」1楽章
Beethoven, Symphony No. 5 in C minor、Op。 67: I. Allegro con brio

ベートーヴェン、交響曲第9番「合唱」4楽章（オーケストラ演奏）
Beethoven, Symphony No. 9 in D minor、Op。 125「Choral」：IV。 Presto (Orchestra Only)

第二国、チェコ
スメタナ、「私の祖国」の中でモルダウ
Smetana, Vltava から Má vlast

ドヴォルザーク、交響曲第9番「新世界から」4楽章
Dvořák、Symphony No. 9 in E minor, Op. 95「From the New World」：IV。 Allegro con fuoco

第三国、スペイン
パヤ、<三角帽子>母音曲第1番の中でミラー夫人の踊り
Falla, Danza de la molinera from El sombrero de tres picos Suite No. 1

サラサテ、<カルメン>ファンタジー曲（ヴァイオリンリュ・ヒョンソク）
サラセート、カルメンファンタジー、オプ。 25

第四国、イギリス
エルガ、威風堂堂行進曲第1番
Elgar, Pomp and Circumstance March No. 1 in D major、Op。 39 No. 1

ホルスト、「惑星」中の木星
Holst, Jupiter, The Bringer of Jollity から The Planets, Op. 32"
라포엠과 함께하는 스페셜 콘서트 [공주],ラポエムとのスペシャルコンサート [プリンセス]
공주문예회관 대공연장,プリンセス文芸会館大公演場
충남 공주시 고마나루길 5,忠南姫市駒丸道5
"[공연소개]

한 편의 시가 되는 목소리, 오케스트라와 만나다.
 
라포엠과 공주시충남교향악단이 함께하는 '스페셜 콘서트'는 팝, 가요, 뮤지컬 등  다양한 장르를 아우르는 특별한 무대이다.
세계 최초로 정통 카운터테너가 포함된 크로스오버 그룹인 라포엠은 성악을 기반으로 한 울림과 감성적인 표현력으로 관객들에게 한 편의 시 같은 무대를 선사한다.
이번 공연에서는 라포엠의 대표곡은 물론, 오케스트라와의 풍성한 선율을 통해 장르의 경계를 넘나드는 새로운 해석을 선보인다.
클래식의 웅장함, 대중음악의 친숙함, 라포엠만의 예술적 감성이 어우러져 관객들에게 특별한 경험을 선사할 것이다.


[Program]
 
라포엠   낙엽
라포엠   바람의 나라(폭군의 셰프 OST)
뮤지컬  노트르담 드 파리'중 '대성당들의 시대' 외
 
*상기 프로그램은 출연진의 사정에 의해 변경될 수 있습니다","【公演紹介】

ひとつの詩となる声、オーケストラと出会う。
 
ラポエムと姫市忠南交響楽団が共にする「スペシャルコンサート」はポップ、歌謡、ミュージカルなど多様なジャンルを合わせる特別な舞台だ。
世界初の本格カウンターテナーを含むクロスオーバーグループであるラポエムは、声楽を基盤とした響きと感性的な表現力で観客に一便の詩のような舞台をプレゼントする。
今回の公演ではラポエムの代表曲はもちろん、オーケストラとの豊かな旋律を通じてジャンルの境界を行き来する新しい解釈を披露する。
クラシックの壮大さ、大衆音楽の馴染み、ラポエムだけの芸術的感性が調和して観客に特別な経験をプレゼントするだろう。


[Program]
 
ラポエム落葉
ラポエム風の国（暴君のシェフOST）
ミュージカルノートルダム・ド・パリの「大聖堂の時代」など
 
*上記プログラムは出演者の事情により変更されることがあります"
"서울시향 유럽 투어 프리뷰 콘서트, 베토벤: 합창",ソウル市郷ヨーロッパツアープレビューコンサート、ベートーヴェン：合唱
"[프로그램]

존 아담스, 부상 처치사
John Adams, The Wound-Dresser

베토벤, 교향곡 제9번 ‘합창’
Beethoven, Symphony No. 9 in D minor, Op. 125 ‘Choral’","[プログラム]

ジョン・アダムス、負傷者
John Adams, The Wound-Dresser

ベートーヴェン、交響曲第9番「合唱」
Beethoven, Symphony No. 9 in D minor、Op。 125 ‘Choral’"
"금호 영아티스트 콘서트, 이우진 트럼펫 독주회",Kumho Young Artistコンサート、イ・ウジントランペットソロ
"[프로그램]

빈첸초 벨리니 Vincenzo Bellini
오보에 협주곡 E-flat장조 (트럼펫과 피아노를 위한 편곡 장 틸드)
Oboe Concerto in E-flat Major (arranged for Trumpet and Piano Jean Thilde)

프란츠 요제프 하이든 Franz Joseph Haydn
트럼펫 협주곡 E-flat장조, H.7e/1 (트럼펫과 피아노 연주)
Trumpet Concerto in E-flat Major, H.7e/1 (performed on Trumpet and Piano)
Allegro
Andante
Finale. Allegro

INTERMISSION

클로드 드뷔시 Claude Debussy
피아노를 위한 프렐류드 중 아마빛 머리의 소녀, L.117/8 (트럼펫과 피아노를 위한 편곡 브랜든 라이드너)
La fille aux cheveux de lin from Préludes for Piano, L.117/8 (arranged for Trumpet and Piano by Brandon Ridenour)

빈첸초 벨리니 Vincenzo Bellini
오페라 ‘노르마’ 중 ‘정결한 여신이여’ (트럼펫과 피아노 연주)
“Casta Diva” from Opera “Norma” (performed on Trumpet and Piano)

블라디미르 페스킨 Vladimir Peskin
트럼펫 협주곡 제1번 c단조 (트럼펫과 피아노 연주)
Trumpet Concerto No.1 in c minor (performed on Trumpet and Piano)
Allegro con fuoco
Andante sostenuto, dolce amoroso
Allegro scherzando","[プログラム]

ヴィンチェンツォ ベリーニ Vincenzo Bellini
オーボエ協奏曲E-flat長調（トランペットとピアノのための編曲長チルド）
Oboe Concerto in E-flat Major (arranged for Trumpet and Piano Jean Thilde)

フランツ・ヨジェフ・ハイドン Franz Joseph Haydn
トランペット協奏曲E-flat長調、H.7e/1（トランペットとピアノ演奏）
Trumpet Concerto in E-flat Major, H.7e/1 (performed on Trumpet and Piano)
Allegro
Andante
Finale. Allegro

INTERMISSION

クロード・ドビュッシー Claude Debussy
ピアノのためのプレリュードの中で亜麻色の髪の少女、L.117/8（トランペットとピアノのためのアレンジ曲ブランドンライドナー）
La fille aux cheveux de lin from Préludes for Piano, L.117/8 (arranged for Trumpet and Piano by Brandon Ridenour)

ヴィンチェンツォ ベリーニ Vincenzo Bellini
オペラ「ノルマ」の中「きれいな女神よ」（トランペットとピアノ演奏）
“Casta Diva” from Opera “Norma” (performed on Trumpet and Piano)

ウラジミール・フェスキン Vladimir Peskin
トランペット協奏曲第1番c鍛造（トランペットとピアノ演奏）
Trumpet Concerto No.1 in c minor (performed on Trumpet and Piano)
Allegro con fuoco
Andante sostenuto, dolce amoroso
Allegro scherzando"
"24시간 프로젝트 시즌9, 노윤서",24時間プロジェクトシーズン9、ノ・ユンソ
예술가의 집,アーティストの家
서울 종로구 동숭길 3,ソウル鍾路区ドンギル3
"[PROGRAM]
Frédéric Chopin (1810-1849) 
2 Nocturnes, Op.62
1. Andante in B major
2. Lento in E major

Sergei Rachmaninoff (1873-1943) 
Variations on a Theme by Chopin, Op.22
Theme: Largo
Variation 1. Moderato
Variation 2. Allegro
Variation 3. (L'istesso tempo)
Variation 4. (L'istesso tempo)
Variation 5. Meno mosso
Variation 6. Meno mosso
Variation 7. Allegro
Variation 8. (L'istesso tempo)
Variation 9. (L'istesso tempo)
Variation 10. Piu vivo
Variation 11. Lento
Variation 13. Largo
Variation 14. Moderato
Variation 15. Allegro scherzando
Variation 16. Lento
Variation 17. Grave
Variation 18. Piu mosso
Variation 19. Allegro vivace
Variation 20. Presto
Variation 21. Andante
Variation 22. Maestoso - Meno mosso - Thema

※ 프로그램은 연주자의 사정에 의해 변경될 수 있습니다.","[PROGRAM]
Frédéric Chopin (1810-1849) 
2 Nocturnes, Op.62
1. Andante in B major
2. Lento in E major

Sergei Rachmaninoff (1873-1943) 
Variations on a Theme by Chopin, Op.22
テーマ: Largo
Variation 1. Moderato
Variation 2. Allegro
Variation 3. (L'istesso tempo)
Variation 4. (L'istesso tempo)
Variation 5. Meno mosso
Variation 6. Meno mosso
Variation 7. Allegro
Variation 8. (L'istesso tempo)
Variation 9. (L'istesso tempo)
Variation 10. Piu vivo
Variation 11. レント
Variation 13. Largo
Variation 14. Moderato
Variation 15. Allegro scherzando
Variation 16. レント
Variation 17. Grave
Variation 18. Piu mosso
Variation 19. Allegro vivace
Variation 20. Presto
Variation 21. Andante
Variation 22. Maestoso - Meno mosso - Thema

※プログラムは演奏者の都合により変更されることがあります。"
"금호영재 콘서트, 유아림 피아노 독주회",クムホヨンジェコンサート、ユアリムピアノソロ
"[PROGRAM]

프레데리크 쇼팽 Frédéric Chopin

피아노를 위한 야상곡 제12번 G장조, Op.37/2, CT.119
Nocturne for Piano No.12 in G Major, Op.37/2, CT.119

피아노를 위한 뱃노래 F-sharp장조, Op.60, CT.6
Barcarolle for Piano in F-sharp Major, Op.60, CT.6

피아노를 위한 폴로네이즈 환상곡 제7번 A-flat장조, Op.61, CT.156
Polonaise-Fantasy for Piano No.7 in A-flat Major, Op.61, CT.156

INTERMISSION

프레데리크 쇼팽 Frédéric Chopin
피아노를 위한 24개의 전주곡, Op.28, CT.166-189
24 Preludes for Piano, Op.28, CT.166-189
No.1 in C Major. Agitato
No.2 in a minor. Lento
No.3 in G Major. Vivace
No.4 in e minor. Largo
No.5 in D Major. Allegro molto
No.6 in b minor. Lento assai
No.7 in A Major. Andantino
No.8 in f-sharp minor. Molto agitato
No.9 in E Major. Largo
No.10 in c-sharp minor. Allegro molto
No.11 in B Major. Vivace
No.12 in g-sharp minor. Presto
No.13 in F-sharp Major. Lento
No.14 in e-flat minor. Allegro
No.15 in D-flat Major. Sostenuto
No.16 in b-flat minor. Presto con fuoco
No.17 in A-flat Major. Allegretto
No.18 in f minor. Allegro molto
No.19 in E-flat Major. Vivace
No.20 in c minor. Largo
No.21 in B-flat Major. Cantabile
No.22 in g minor. Molto agitato
No.23 in F Major. Moderato
No.24 in d minor. Allegro appassionato","[PROGRAM]

フレデリックショパンFrédéric Chopin

ピアノのための野上曲第12番G長調、Op.37/2、CT.119
Nocturne for Piano No.12 in G Major, Op.37/2, CT.119

ピアノのための船の歌F-sharp長調、Op.60、CT.6
Barcarolle for Piano in F-sharp Major, Op.60, CT.6

ピアノのためのポロネーズファンタジー曲第7番A-flat長調、Op.61、CT.156
Polonaise-Fantasy for Piano No.7 in A-flat Major, Op.61, CT.156

INTERMISSION

フレデリックショパンFrédéric Chopin
ピアノのための24の前奏曲、Op.28、CT.166-189
24 Preludes for Piano, Op.28, CT.166-189
No.1 in C Major. Agitato
No.2 in a minor.レント
No.3 in G Major. Vivace
No.4 in e minor. Largo
No.5 in D Major. Allegro molto
No.6 in b minor. Lento assai
No.7 in A Major. Andantino
No.8 in f-sharp minor. Molto agitato
No.9 in E Major. Largo
No.10 in c-sharp minor. Allegro molto
No.11 in B Major. Vivace
No.12 in g-sharp minor. Presto
No.13 in F-sharp Major.レント
No.14 in e-flat minor. Allegro
No.15 in D-flat Major. Sostenuto
No.16 in b-flat minor. Presto con fuoco
No.17 in A-flat Major. Allegretto
No.18 in f minor. Allegro molto
No.19 in E-flat Major. Vivace
No.20 in c minor. Largo
No.21 in B-flat Major. Cantabile
No.22 in g minor. Molto agitato
No.23 in F Major. Moderato
No.24 in d minor. Allegro appassionato"
"금호 영아티스트 콘서트, 권유성 피아노 독주회",Kumho Young Artistコンサート、クォン・ユソンピアノソロ
"[프로그램]

루트비히 판 베토벤 Ludwig van Beethoven
피아노 소나타 제27번 e단조, Op.90
Piano Sonata No.27 in e minor, Op.90
Mit Lebhaftigkeit und durchaus mit Empfindung und Ausdruck
Nicht zu geschwind und sehr singbar vorgetragen

카롤 시마노프스키 Karol Szymanowski
피아노를 위한 3개의 마스크, Op.34
3 Masques for Piano, Op.34
Shéhérazade - Lento assai. Languido
Tantris le Bouffon – Vivace assai
Sérénade de Don Juan – Vivace

INTERMISSION

루이지 달라피콜라 Luigi Dallapiccola
피아노를 위한 안나리베라의 음악 노트 
Quaderno musicale di Annalibera for Piano
Simbolo. Quasi lento
Accenti. Allegro; con fuoco
Contrapunctus primus. Mosso; scorrevole
Linee. Tranquillamente mosso
Contrapunctus secondus. Poco allegretto; “alla Serenata”
Fregi. Molto lento; con espressione parlante
Andantino amoroso e Contrapunctus tertius
Ritmi. Allegro
Colore. Affettuoso; cullante
Ombre. Grave
Quartina. Molto lento; fantastico

로베르트 슈만 Robert Schumann
피아노를 위한 카니발, Op.9
Carnaval for Piano, Op.9 
Préambule. Quasi maestoso
Pierrot. Moderato
Arlequin. Vivo
Valse noble. Un poco maestoso
Eusebius. Adagio
Florestan. Passionato
Coquette. Vivo
Réplique. L'istesso tempo
Sphinxes
Papillons. Prestissimo
Lettres Dansantes. Presto
Chiarina. Passionato
Chopin. Agitato
Estrella. Con affetto
Reconnaissance. Animato
Pantalon et Colombine. Presto
Valse Allemande. Molto vivace
Paganini. Intermezzo, Presto
Aveu. Passionato
Promenade. Con moto
Pause. Vivo, precipitandosi
Marche des Davidsbündler contre les Philistins. Non Allegro","[プログラム]

ルートヴィヒ・ファン・ベートーヴェン Ludwig van Beethoven
ピアノソナタ第27番e鍛造、Op.90
Piano Sonata No.27 in e minor, Op.90
Mit Lebhaftigkeit und durchaus mit Empfindung und Ausdruck
Nicht zu geschwind und sehr singbar vorgetragen

カロル・シマノフスキー Karol Szymanowski
ピアノのための3つのマスク、Op.34
3 Masques for Piano, Op.34
Shéhérazade - Lento assai。ランギド
Tantris le Bouffon – Vivace assai
Sérénade de Don Juan – Vivace

INTERMISSION

ルイジ・ダラピコラ Luigi Dallapiccola
ピアノのためのアンナリベラの音楽ノート 
Quaderno musicale di Annalibera for Piano
Simbolo。 Quasi lento
Accenti。 Allegro; con fuoco
Contrapunctus primus。 Mosso; scorrevole
Linee。 Tranquillamente mosso
Contrapunctus secondus. Poco allegretto; 「alla Serenata」
Fregi。 Molto lento; con espressione parlante
Andantino amoroso e Contrapunctus tertius
Ritmi。 Allegro
Colore. Affettuoso; cullante
オムブレ。 Grave
Quartina。 Molto lento; fantastico

ロベルトシューマンRobert Schumann
ピアノのためのカーニバル、Op.9
Carnaval for Piano, Op.9 
Préambule. Quasi maestoso
Pierrot。 Moderato
Arlequin。 Vivo
Valse noble。 Un poco maestoso
Eusebius。 Adagio
Florestan。 Passionato
Coquette。 Vivo
Réplique。 L'istesso tempo
スフィンクス
Papillons。 Prestissimo
Lettres Dansantes. Presto
キアリーナ。 Passionato
チョピン。 Agitato
Estrella。 Con affetto
Reconnaissance。 Animato
Pantalon et Colombine。 Presto
Valse Allemande。 Molto vivace
パガニニ。 Intermezzo, Presto
Aveu。 Passionato
Promenade。 Con moto
Pause. Vivo, precipitandosi
Marche des Davidsbündler contre les Philistins。 Non Allegro"
"롤링 31주년 기념공연: 이희상 단독 콘서트, RE: BOOT",ローリング31周年記念公演：イ・ヒサン単独コンサート、RE：BOOT
롤링홀,ローリングホール
서울 마포구 어울마당로 35,ソウル麻浦区オウルマダンロ35
"[공연소개]

따뜻한 감성으로 사랑과 현실을 노래하는 싱어송라이터 '이희상'
〈이희상 단독 콘서트 'RE:BOOT' : 롤링 31주년 기념공연〉","【公演紹介】

暖かい感性で愛と現実を歌うシンガーソングライター「イ・ヒサン」
〈イ・ヒサン単独コンサート『RE:BOOT』：ローリング31周年記念公演＞"
"금호영아티스트콘서트, 이승엽 색소폰 독주회",Kumho Youngアーティストコンサート、イ・スンヨプサックスソロソロ
"[프로그램]

요시마츠 타카시 Takashi Yoshimatsu
알토 색소폰과 피아노를 위한 퍼지 버드 소나타
Fuzzy Bird Sonata for Alto Saxophone and Piano
I. Run, bird
II. Sing, bird
III. Fly, bird

페르낭드 드크뤼크 Fernande Decruck
알토 색소폰과 피아노를 위한 소나타
Sonata for Alto Saxophone and Piano
Très modéré, expressif
Andante
Fileuse. Légèrement animé
Nocturne et finale. Calme, très modéré

I N T E R M I S S I O N

뱅상 다비드 Vincent David
알토 색소폰을 위한 펄스
Pulse for Alto Saxophone

알프레드 드상클로 Alfred Desenclos
알토 색소폰과 피아노를 위한 서주, 종지와 피날레
Prélude, Cadence et Finale for Alto Saxophone and Piano

프랑수아 보네 François Borne
플루트와 피아노를 위한 비제 카르멘 주제에 의한 화려한 환상곡 (색소폰과 피아노 연주)
Fantaisie Brillante on Themes from Bizet’s Carmen for Flute and Piano (performed on Saxophone and Piano)","[プログラム]

吉松隆志 高松吉松
アルトサックスとピアノのためのファジーバードソナタ
Fuzzy Bird Sonata for Alto Saxophone and Piano
I. Run, bird
II. Sing, bird
III. Fly, bird

ペルナンド・ドクリュック Fernande Decruck
アルトサックスとピアノのためのソナタ
Sonata for Alto Saxophone and Piano
Très modéré, expressif
Andante
Fileuse. Légèrement animé
Nocturne et finale. Calme, très modéré

I N T E R M I S S I O N

バンサン・ダビッド Vincent David
アルトサックスのためのパルス
Pulse for Alto Saxophone

アルフレッド・デ・サンクロー Alfred Desenclos
アルトサックスとピアノのためのソジュ、終止符とフィナーレ
Prélude, Cadence et Finale for Alto Saxophone and Piano

フランソワ・ボネ François Borne
フルートとピアノのためのビジェカルメンテーマによるカラフルなファンタジー曲（サックスとピアノ演奏）
Fantaisie Brillante on Themes from Bizet’s Carmen for Flute and Piano (performed on Saxophone and Piano)"
"금호영재콘서트, 김형완 플루트 독주회",クムホヨンジェコンサート、キム・ヒョンワンフルートソロ
"[PROGRAM]
요한 제바스티안 바흐 Johann Sebastian Bach
플루트와 통주저음을 위한 소나타 e단조, BWV1034 (플루트와 피아노 연주)
Sonata for Flute and Continuo in e minor, BWV1034 (performed on Flute and Piano)
Adagio ma non tanto
Allegro
Andante
Allegro

앙리 뷔세르 Henri Büsser
플루트와 피아노를 위한 프렐류드와 스케르초 Op.35
Prelude et Scherzo for Flute and Piano, Op.35

프랑시스 풀랑크 Francis Poulenc
플루트와 피아노를 위한 소나타, FP164
Sonata for Flute and Piano, FP164
Allegro malinconico
Cantilena
Presto giocoso

I N T E R M I S S I O N

게오르그 필리프 텔레만 Georg Philipp Telemann
플루트를 위한 환상곡 제6번 d단조, TWV40:7 (플루트 연주)
Fantasia for Flute No.6 in d minor, TWV40:7 (performed on Flute)
Dolce
Allegro
Spirituoso 

카미유 생상스 Camille Saint-Saëns
플루트와 오케스트라를 위한 로망스 D-flat장조, Op.37 (플루트와 피아노 연주)
Romance for Flute and Orchestra in D-flat Major, Op.37 (performed on Flute and Piano) 

카를 프륄링 Carl Frühling
플루트와 피아노를 위한 환상곡, Op.55
Fantasie for Flute and Piano, Op.55","[PROGRAM]
ヨハン・ジェバスチャン・バッハ Johann Sebastian Bach
フルートと通周低音のためのソナタe鍛造、BWV1034（フルートとピアノ演奏）
Sonata for Flute and Continuo in e minor, BWV1034 (performed on Flute and Piano)
Adagio ma non tanto
Allegro
Andante
Allegro

アンリ・ヴィッセル Henri Büsser
フルートとピアノのためのプレリュードとスケルチョ Op.35
Prelude et Scherzo for Flute and Piano, Op.35

フランシス・プランク Francis Poulenc
フルートとピアノのためのソナタ、FP164
Sonata for Flute and Piano, FP164
Allegro malinconico
Cantilena
Presto giocoso

I N T E R M I S S I O N

ゲオルグ・フィリフ・テレマン Georg Philipp Telemann
フルートのための幻想曲第6番d鍛造、TWV40：7（フルート演奏）
Fantasia for Flute No.6 in d minor, TWV40:7 (performed on Flute)
ドルチェ
Allegro
Spirituoso 

カミーユ・サンサンス Camille Saint-Saëns
フルートとオーケストラのためのロマンスDフラットフラット、Op.37（フルートとピアノの演奏）
Romance for Flute and Orchestra in D-flat Major, Op.37 (performed on Flute and Piano) 

カール・フリューリング Carl Frühling
フルートとピアノのためのファンタジー曲、Op.55
Fantasie for Flute and Piano, Op.55"
"금호영아티스트콘서트, 이예진 더블베이스 독주회",Kumho Youngアーティストコンサート、イ・イェジンダブルベースソロ
"[PROGRAM]
테포 하우타-아호 Teppo Hauta-aho
더블베이스 독주를 위한 카덴차
Kadenza for Solo Double Bass

라인홀트 글리에르 Reinhold Glière
더블베이스와 피아노를 위한 4개의 소품
4 Pièces for Double Bass and Piano
Prélude, Op.32/1
Scherzo, Op.32/2
Intermezzo, Op.9/1
Tarantella, Op.9/2

I N T E R M I S S I O N

로베르트 슈만 Robert Schumann
클라리넷과 피아노를 위한 환상소곡집, Op.73 (더블베이스와 피아노 연주)
Fantasiestücke for Clarinet and Piano, Op.73 (performed on Double Bass and Piano)
Zart und mit Ausdruck
Lebhaft, leicht
Rasch und mit Feuer

펠릭스 멘델스존 Felix Mendelssohn
첼로와 피아노를 위한 소나타 제2번 D장조, Op.58 (더블베이스와 피아노 연주)
Sonata for Cello and Piano No.2 in D Major, Op.58 (performed on Double Bass and Piano)
Allegro assai vivace
Allegretto scherzando
Adagio
Molto allegro e vivace","[PROGRAM]
テポハウタ - アホ Teppo Hauta-aho
ダブルベースソロのためのカデンツァ
Kadenza for Solo Double Bass

ラインホルト グリエル Reinhold Glière
ダブルベースとピアノのための4つの小道具
4 Pièces for Double Bass and Piano
Prélude, Op.32/1
Scherzo, Op.32/2
Intermezzo, Op.9/1
Tarantella, Op.9/2

I N T E R M I S S I O N

ロベルトシューマンRobert Schumann
クラリネットとピアノのための幻想小曲集、Op.73（ダブルベースとピアノ演奏）
Fantasiestücke for Clarinet and Piano, Op.73 (performed on Double Bass and Piano)
Zart und mit Ausdruck
Lebhaft, leicht
Rasch und mit Feuer

フェリックス・メンデルスゾーン Felix Mendelssohn
チェロとピアノのためのソナタ第2番D長調、Op.58（ダブルベースとピアノ演奏）
Sonata for Cello and Piano No.2 in D Major, Op.58 (performed on Double Bass and Piano)
Allegro assai vivace
Allegretto scherzando
Adagio
Molto allegro e vivace"
"금호영재콘서트, 김민하 바이올린 독주회",クムホヨンジェコンサート、キム・ミンハヴァイオリンソロ
"[PROGRAM]

 

외젠 이자이 Eugène Ysaÿe
바이올린 독주를 위한 소나타 제4번 e단조, Op.27/4
Sonata for Solo Violin No.4 in e minor, Op.27/4
Allemande. Lento maestoso
Sarabande. Quasi lento
Finale. Presto ma non troppo

 

루트비히 판 베토벤 Ludwig van Beethoven
바이올린과 피아노를 위한 소나타 제1번 D장조, Op.12/1
Sonata for Violin and Piano No.1 in D Major, Op.12/1
Allegro con brio
Tema con Variazioni. Andante con moto
Rondo. Allegro



I N T E R M I S S I O N



카미유 생상스 Camille Saint-Saëns
바이올린과 피아노를 위한 소나타 제1번 d단조, Op.75
Sonata for Violin and Piano No.1 in d minor, Op.75
Allegro agitato
Adagio
Allegretto moderato
Allegro molto

 

프란츠 왁스만 Franz Waxman
바이올린과 피아노를 위한 카르멘 환상곡
Carmen Fantasy for Violin and Piano","[PROGRAM]

 

外禅イザイEugèneYsaÿe
ヴァイオリンソロのためのソナタ第4番e鍛造、Op.27/4
Sonata for Solo Violin No.4 in e minor, Op.27/4
アレマンデ。 Lento maestoso
サラバンデ。 Quasi lento
Finale. Presto ma non troppo

 

ルートヴィヒ・ファン・ベートーヴェン Ludwig van Beethoven
ヴァイオリンとピアノのためのソナタ第1番D長調、Op.12/1
Sonota for Violin and Piano No.1 in D Major, Op.12/1
Allegro con brio
Tema con Variazioni。 Andante con moto
ロンド。 Allegro



I N T E R M I S S I O N



カミーユ・サンサンス Camille Saint-Saëns
ヴァイオリンとピアノのためのソナタ第1番d鍛造、Op.75
Sonota for Violin and Piano No.1 in d minor, Op.75
Allegro agitato
Adagio
Allegretto moderato
Allegro molto

 

フランツワックスマン Franz Waxman
ヴァイオリンとピアノのためのカルメンファンタジー曲
Carmen Fantasy for Violin and Piano"
"금호영아티스트콘서트, 홍성란 바이올린 독주회",Kumho Youngアーティストコンサート、ホン・ソンランヴァイオリンソロ
"[프로그램]


클로드 드뷔시 Claude Debussy
바이올린과 피아노를 위한 소나타 g단조, L.140
Sonata for Violin and Piano in g minor, L.140
Allegro vivo
Intermède. Fantasque et léger
Finale. Très animé

 

루트비히 판 베토벤 Ludwig van Beethoven
바이올린과 피아노를 위한 소나타 제1번 D장조, Op.12/1
Sonata for Violin and Piano No.1 in D Major, Op.12/1
Allegro con brio
Tema con Variazioni. Andante con moto
Rondo. Allegro



I N T E R M I S S I O N



리하르트 슈트라우스 Richard Strauss
바이올린과 피아노를 위한 소나타 E-flat장조, Op.18, TrV151
Sonata for Violin and Piano in E-flat Major, Op.18, TrV151
Allegro, ma non troppo
Improvisation. Andante cantabile
Finale. Andante - Allegro

 

카롤 시마노프스키 Karol Szymanowski
바이올린과 피아노를 위한 녹턴과 타란텔라, Op.28, M30
Nocturne and Tarantella for Violin and Piano, Op.28, M30
Nocturne. Lento assai – Allegretto scherzando
Tarantella. Presto appassionato - Meno mosso (espressivo ed affettuoso)","[プログラム]


クロード・ドビュッシー Claude Debussy
ヴァイオリンとピアノのためのソナタg鍛造、L.140
Sonata for Violin and Piano in g minor, L.140
Allegro vivo
Intermède。 Fantasque et léger
Finale. Très animé

 

ルートヴィヒ・ファン・ベートーヴェン Ludwig van Beethoven
ヴァイオリンとピアノのためのソナタ第1番D長調、Op.12/1
Sonota for Violin and Piano No.1 in D Major, Op.12/1
Allegro con brio
Tema con Variazioni。 Andante con moto
ロンド。 Allegro



I N T E R M I S S I O N



リハート・シュトラウス Richard Strauss
ヴァイオリンとピアノのためのソナタE-flat長調、Op.18、TrV151
Sonata for Violin and Piano in E-flat Major, Op.18, TrV151
Allegro, ma non troppo
Improvisation。 Andante cantabile
Finale. Andante - Allegro

 

カロル・シマノフスキー Karol Szymanowski
ヴァイオリンとピアノのためのノクトンとタランテラ、Op.28、M30
Nocturne and Tarantella for Violin and Piano, Op.28, M30
Nocturne。 Lento assai – Allegretto scherzando
タランテラ。 Presto appassionato - Meno mosso (espressivo ed affettuoso)"
"즉흥공감극장, 그레이 (GRAY)",即興共感劇場、グレー（GRAY）
서울문화예술교육센터 강북 예술당솔샘(2F),ソウル文化芸術教育センター江北芸術党ソルサム（2F）
서울 강북구 솔샘로48길 14,ソウル江北区ソルサムロ48ギル14
"[공연소개]
2026 즉흥공감극장 봄 정기공연 (Playback Theatre) - '그레이(GRAY)'

우리에게는 모두 이야기가 있다.
그리고 그 이야기는 들려질 가치가 있다.
그 이야기들을 초대해 우리 스스로에게 선사하려고 합니다.

즉흥공감극장에 여러분을 모십니다.

""당신에게 회색은 무엇입니까?""","【公演紹介】
2026即興共感劇場春の定期公演（Playback Theatre） - 'グレー（GRAY）'

私たちにはみんな話がある。
そしてその話は聞こえる価値がある。
その物語を招待して私たち自身にプレゼントしようとします。

即興共感劇場に皆さんを集めます。

「あなたにとって灰色は何ですか？」"
"창작산실, 최진석: Four Pieces for Orchestra",創作山室、チェ・ジンソク: Four Pieces for Orchestra
"[공연소개]

- 현대음악작곡가 최진석의 오케스트라 신작 <Four Pieces for Orchestra>
- 바젤 작곡 콩쿠르 3위의 현대음악 작곡가 최진석이 파도·어둠·빛·바람을 주제로 한 네 개의 장으로 이루어진 신작 오케스트라 작품을 선보인다.
현대음악작곡가 최진석의 오케스트라 신작 <Four Pieces for Orchestra>는 파도, 어둠, 빛, 바람을 주제로 한 네 개의 곡(장)으로 구성되어 있다. 각 장은 자연이 지닌 서로 다른 에너지와 상태를 음악적으로 탐구하며, 격렬함과 고요, 생성과 소멸, 긴장과 이완의 대비를 통해 하나의 연속적인 흐름을 형성한다. 작품 전반에서 자연의 움직임은 작곡가가 가장 중요하게 여기는 음악의 구조적 원리를 적용하여 묘사된다. 본 작품은 한경arte필하모닉의 연주와 김유원의 지휘로 초연된다.","【公演紹介】

- 現代音楽作曲家チェ・ジンソクのオーケストラ新作<Four Pieces for Orchestra>
- バーゼル作曲コンクール3位の現代音楽作曲家チェ・ジンソクが波・闇・光・風をテーマにした4つの章からなる新作オーケストラ作品を披露する。
現代音楽作曲家チェ・ジンソクのオーケストラ新作「Four Pieces for Orchestra」は、波、闇、光、風をテーマにした4つの曲（章）で構成されている。各章は自然の異なるエネルギーと状態を音楽的に探求し、激しさと静けさ、生成と消滅、緊張と弛緩のコントラストを通して一つの連続的な流れを形成する。作品全体の自然の動きは、作曲家が最も重要に思う音楽の構造的原理を適用することによって描かれています。本作品はハンギョンarteフィルハーモニックの演奏とキム・ユウォンの指揮で初演される。"
테너 진성원 독창회,テナージンソンウォン独創会
"[시놉시스]

”길 잃은 청춘을 위한 자장가“
-슈베르트와 21세기 청년이 나누는 위로

1823년 병상에서 희망과 절망을 노래했던 슈베르트. 그가 그려낸 물방앗간 청년의 방랑은 2026년을 살아가는 우리의 불안과 외로움을 투영합니다. 실패해도 괜찮은, 아파해도 아름다운 아이러니한 청춘의 연가곡을 만납니다.

가천대학교 교수로서 후학을 양성하며, 탁월한 해석력과 따뜻한 미성의 테너 진성원. 슈베르트가 작곡한 인간적인 고뇌와 청년의 모습을 성악적 깊이로 풀어내는 그의 목소리!

관록의 섬세한 터치의 피아니스트 최은주. 시냇물의 속삭임부터 청년의 휘몰아치는 심리 변화까지, 슈베르트 가곡의 정수를 피아노 선율로 구현하는 그녀의 반주!

KBS의 떠오르는 인재 김진웅 아나운서. 그의 흡입력 있는 목소리와 전달력으로 아름다운 물방앗간 아가씨의 문턱을 낮추는 가교 역할을 하는 신뢰감 있는 그의 해설!

“매일 밤 잠자리에 들 때마다, 나는 다시 깨어나지 않기를 바랍니다… 슬픔에 의해 만들어진 작품만이 사람들을 가장 즐겁게 할 수 있습니다…”
(1824년 슈베르트가 친구 쿠펠비저에게 보낸 편지 중)

슈베르트가 우리에게 남긴 ‘생의 의지‘에 관한 기록의 연가곡 “아름다운 물방앗간 아가씨”를 들려드립니다.


[PROGRAM]

Franz Schubert (1797–1828)
아름다운 물방앗간 아가씨 Die Schöne Mullerin D.795

I. Das Wandern 방랑
II. Wohin? 어디로?
III. Halt! 멈춰!
IV. Danksagung An Den Bach 시냇물에 감사
V. Am Feierabend 일과를 마치고
VI. Der Neugierige 호기심
VII. Ungeduld 초조
VIII. Morgengruss 아침 인사
IX. Des Mullers Blumen 물방앗간 청년의 꽃
X. Tränenregen 눈물비
XI. Mein! 나의 것!
XII. Pause 휴식
XIII. Mit Dem Grünen Lautenbande 초록 류트 끈
XIV. Der Jäger 사냥꾼
XV. Eifersucht Und Stolz 질투와 자존심
XVI. Die Liebe Farbe 좋아하는 색
XVII. Die Böse Farbe 싫어하는 색
XVIII. Trockne Blumen 말라버린 꽃
XIX. Der Müller Und Der Bach 물방앗간 청년과 시냇물
XX. Des Baches Wiegenlied 시냇물의 자장가","[シノプシス]

「失われた青春のための子守唄」
- シューベルトと21世紀の青年が分ける慰め

1823年、病床で希望と絶望を歌ったシューベルト。彼が描き出した水の堕落した青年の放浪は、2026年を生きる私たちの不安と孤独を投影します。失敗しても大丈夫、痛くても美しい皮肉な青春のソナタ曲に会います。

加川大学教授として後学を養成し、卓越した解釈力と暖かい美性のテナージンソンウォン。シューベルトが作曲した人間的な苦悩と青年の姿を性悪的深さに解き放つ彼の声！

貫禄の繊細なタッチのピアニストチェ・ウンジュ。小川のささやきから青年の吹き飛ばす心理変化まで、シューベルト歌曲の定数をピアノ旋律で具現する彼女の伴奏！

KBSの浮上人材キム・ジンウンアナウンサー。彼の吸入力のある声と伝達力で美しい水の中身の女性のしきい値を下げる架橋の役割をする信頼感ある彼の解説！

「毎晩寝るたびに、私はまた目覚めないように願っています…悲しみによって作られた作品だけが人々を最も楽しくすることができます…」
（1824年シュベルトが友人クッペルビザーに送った手紙中）

シューベルトが私たちに残した「生の意志」に関する記録のソナタ曲「美しい水の堕ちたお嬢様」をお聞きします。


[PROGRAM]

Franz Schubert (1797–1828)
美しい防水ガールズDie Schöne Mullerin D.795

I. Das Wandern 放浪
II. Wohin？どこに？
III.ハルト！停止！
IV。 Danksagung An Den Bach ストリームに感謝
V. Am Feierabend ルーチンを終えて
VI。 Der Neugierige 好奇心
VII. Ungeduld 焦り
VIII. Morgengruss 朝ご挨拶
IX。 Des Mullers Blumen 水の中に入った青年の花
X. Tränenregen 涙液
XI. Mein!私のもの！
XII。 Pause 休憩
XIII。 Mit Dem Grünen Lautenbande グリーンリュートストラップ
XIV。 Der Jägerハンター
XV。 Eifersucht Und Stolz 嫉妬と誇り
XVI。 Die Liebe Farbe お気に入りの色
XVII。 Die Böse Farbe 嫌いな色
XVIII。 Trockne Blumen 乾燥した花
XIX。 Der Müller Und Der Bach 防御された青年と小川
XX。 Des Baches Wiegenlied 小川の子守唄"
김대진 피아노 리사이틀,キム・デジンピアノリサイタル
"[PROGRAM]

L. V. Beethoven (1770-1827)
Piano Sonata No.14 in c# minor, Op.27, No.2, “Moonlight”
Adagio sostenuto
Allegretto
Presto agitato

L. V. Beethoven (1770-1827)
Piano Sonata No.23 in f minor, Op.57, “Appassionata”
Allegro assai
Andante con moto
Allegro ma non troppo - Presto

Intermission

F. Schubert (1797-1828)
4 Impromptus, Op.90
No.1 in c minor
No.2 in Eb Major
No.3 in Gb Major
No.4 in Ab Major","[PROGRAM]

L. V. Beethoven（1770-1827）
Piano Sonata No.14 in c# minor, Op.27, No.2, “Moonlight”
Adagio sostenuto
Allegretto
Presto agitato

L. V. Beethoven（1770-1827）
Piano Sonata No.23 in f minor, Op.57, “Appassionata”
Allegro assai
Andante con moto
Allegro ma non troppo - プレスト

Intermission

F. Schubert (1797-1828)
4 Impromptus, Op.90
No.1 in c minor
No.2 in Eb Major
No.3 in Gb Major
No.4 in Ab Major"
소프라노 황수미 리사이틀,ソプラノファンスミリサイタル
"[PROGRAM]

R. Schumann: Frauenliebe und Leben, Op.42
슈만: 여인의 사랑과 생애, Op.42
1. Seit ich ihn gesehen 그이를 처음 본 순간부터
2. Er, der Herrlichste von allen 세상에서 가장 고귀한 그 남자
3. Ich kann’s nicht fassen 나는 믿을 수 없네
4. Du Ring an meinem Finger 내 손가락의 반지여
5. Helft mir, ihr Schwestern 자매들이여, 도와줘요
6. Sußer Freund, du blickest 사랑하는 그대, 그대는 바라보네
7. An meinem Herzen 내 마음에, 내 품에
8. Nun hast du mir den ersten Schmerz getan 그대 처음으로 내게 고통을 주었네

B. Britten: On this island, Op.11
브리튼: 이 섬에서, Op.11
1. Let the florid music praise! 화려한 음악이 찬미하게 하라
2. Now the leaves are falling fast 이제 나뭇잎은 빠르게 떨어지고
3. Seascape 바다 풍경
4. Nocturne 야상곡
5. As it is, plenty 지금 이대로도 충분히

INTERMISSION

사월의 노래 - 박목월 시, 김순애 곡
산유화 - 김소월 시, 김순남 곡

못잊어 - 김소월 시, 조혜영 곡
베틀노래 - 고정희 사, 이원주 곡

경상도 아리랑 - 민요, 이영조 곡
밀양아리랑 - 민요, 진규영 편곡

*프로그램은 사전고지 없이 변경될 수 있습니다.","[PROGRAM]

R. Schumann: Frauenliebe und Leben, Op.42
シューマン：女性の愛と生涯、Op.42
1. Seit ich ihn gesehen 彼が初めて見た瞬間から
2. Er, der Herrlichste von allen 世界で最も高貴なその男
3. Ich kann’s nicht fassen 私は信じられない
4. Du Ring an meinem Finger 私の指の指輪
5. Helft mir, ihr Schwestern 姉妹たち、助けてください
6. Sußer Freund, du blickest 愛する君、君は見つめる
7. An meinem Herzen 私の心に、私の心に
8. Nun hast du mir den ersten Schmerz getan あなたは初めて私に苦しんだ

B. Britten: On this island, Op.11
イギリス: この島では、Op.11
1. Let the florid music praise!華やかな音楽が賛美する
2. Now the leaves are falling fast 今の葉は急速に落ちる
3. Seascape 海の風景
4. Nocturne 夜像曲
5. As it is, plenty 今このままでも十分

INTERMISSION

四月の歌 - 朴牧月市、キム・スンエ曲
サンユファ - キム・ソウォル市、キム・スンナム曲

忘れて - キム・ソウォル、チョ・ヘヨン
ベトルソング - チョンヒヒ、イ・ウォンジュ

慶尚道アリラン - 民謡、イ・ヨンジョの曲
ミルヤンアリラン - 民謡、ジンギュヨン編曲

*プログラムは予告なく変更されることがあります。"
제188회 한국독일가곡연구회 정기연주회: 연가곡 시리즈 Ⅰ,第188回韓国ドイツ歌曲研究会定期演奏会：ソナタ曲シリーズⅠ
"[PROGRAM]

 Robert Alexander Schumann (1810-1856) 
Myrthen Op. 25 (1840)
  26곡 전곡
 
PAUSE 

Robert und Clara Schumann
 Zwölf Gedichte aus F. Rückert's Liebesfrühling für Gesang und Pianoforte von Op. 37

 1. Der Himmel hat eine Träne geweint Robert Schumann 

 2. Er ist gekommen in Sturm und Regen Clara Schumann 

 3. O ihr Herren   Robert Schumann

 4. Liebst du um Schönheit Clara Schumann

 6. Liebste, was kann denn uns scheiden? Robert Schumann 

 7. Schön ist das Fest des Lenzes, composed by Robert Schumann 

 8. Flügel! Flügel! um zu fliegen Robert Schumann

 9. Rose, Meer und Sonne Robert Schumann 

11. Warum willst du and're fragen, Clara Schumann 

12. So wahr die Sonne scheinet, composed by Robert Schumann","[PROGRAM]

 Robert Alexander Schumann (1810-1856) 
Myrthen Op. 25（1840）
  26曲全曲
 
PAUSE 

Robert und Clara Schumann
 Zwölf Gedichte aus F. Rückert's Liebesfrühling für Gesang und Pianoforte von Op. 37

 1. Der Himmel hat eine Träne geweint Robert Schumann 

 2. Er ist gekommen in Sturm und Regen Clara Schumann 

 3. O ihr Herren Robert Schumann

 4. Liebst du um Schönheit Clara Schumann

 6. Liebste, was kann denn uns scheiden? Robert Schumann 

 7. Schön ist das Fest des Lenzes, composed by Robert Schumann 

 8. Flügel! Flügel！ um zu fliegen Robert Schumann

 9. Rose, Meer und Sonne Robert Schumann 

11. Warum willst du and're fragen, Clara Schumann 

12. So wahr die Sonne scheinet, composed by Robert Schumann"
"24시간 프로젝트 시즌9, 세악: 간효진, 주아연, 임우진, 문설윤, 신예훈",24時間プロジェクトシーズン9、税：カン・ヒョジン、チュ・アヨン、イム・ウジン、ムン・ソルユン、シン・イェフン
"[PROGRAM]
Maurice Ravel (1875-1937)
String Quartet in F major, M.35

Ben Nobuto (b.1996)
CLICKBAIT(2019)
​
※ 프로그램은 연주자의 사정에 의해 변경될 수 있습니다.","[PROGRAM]
Maurice Ravel (1875-1937)
String Quartet in F major, M.35

Ben Nobuto (b.1996)
CLICKBAIT(2019)
​
※プログラムは演奏者の都合により変更されることがあります。"
"24시간 프로젝트 시즌9, 이소민",24時間プロジェクトシーズン9、イソミン
"[PROGRAM]
Franz Liszt (1811-1886)
Ballade No.2, S.171

Claude Debussy (1862-1918) 
Images, Book 1, L.110
1. Reflets dans l’eau
2. Hommage à Rameau
3. Mouvement 

Sergei Prokofiev (1891-1953)
Piano Sonata No.1, Op.1

Frédéric Chopin (1810-1849)
Mazurkas, Op.24 - 4. Moderato

※ 프로그램은 연주자의 사정에 의해 변경될 수 있습니다.","[PROGRAM]
Franz Liszt (1811-1886)
Ballade No.2, S.171

Claude Debussy (1862-1918) 
Images, Book 1, L.110
1. Reflets dans l’eau
2. Hommage à Rameau
3. Mouvement 

Sergei Prokofiev (1891-1953)
ピアノソナタNo.1、Op.1

Frédéric Chopin (1810-1849)
Mazurkas, Op.24 - 4. Moderato

※プログラムは演奏者の都合により変更されることがあります。"
오마주 투 쇼팽 (Hommage to Chopin),オマージュ・ツー・ショパン (Hommage to Chopin)
"[공연소개]
낭만을 그렸던 작곡가, 프레데릭 쇼팽
그에게 바치는 단 한 번의 헌정!
2005 쇼팽 국제 피아노 콩쿠르 한국인 최초 공동 3위 ‘임동민’
2025 쇼팽 국제 피아노 콩쿠르 파이널리스트 ‘데이비드 흐리쿨리(David Khrikuli)’
오직 쇼팽의, 쇼팽에 의한, 쇼팽만을 위한 특별한 헌정 무대!

[PROGRAM]
David Khrikuli
쇼팽 – 폴로네이즈 올림 바단조, 작품번호 44
Chopin – Polonaise in F-sharp minor, Op.44

쇼팽 – 즉흥곡 3번 내림 사장조, 작품번호 51
Chopin – Impromptu No.3 in G-flat major, Op.51

쇼팽 – 왈츠 2번 내림 가장조, 작품번호 42
Chopin – Waltz in A-flat major, Op.42

쇼팽 – 프렐류드 올림 다단조, 작품번호 45
Chopin – Prelude in C-sharp minor, Op.45 

쇼팽 – 스케르초 2번 내림 나단조, 작품번호 31
Chopin – Scherzo No.2 in B-flat minor, Op.31

쇼팽 – 마주르카 다단조, 작품번호 56-3
Chopin – Mazurka in C minor, Op.56, No.3

쇼팽 – 스케르초 4번 마장조, 작품번호 54
Chopin – Scherzo No.4 in E major, Op.54

임동민
쇼팽 – 녹턴 1번 바장조, 작품번호 15-1
Chopin – Nocturne No.1 in F major, Op.15, No.1

쇼팽 – 녹턴 7번 올림 다단조, 작품번호 27-1
Chopin – Nocturne No.7 in C-sharp minor, Op.27, No.1

쇼팽 – 녹턴 16번 내림 마장조, 작품번호 55-2
Chopin – Nocturne No.16 in E-flat major, Op.55, No.2

쇼팽 – 녹턴 15번 바단조, 작품번호 55-1
Chopin – Nocturne No.15 in F minor, Op.55, No.1

쇼팽 – 녹턴 17번 나장조, 작품번호 62-1
Chopin – Nocturne No.17 in B major, Op.62, No.1 

* 본 프로그램은 연주자의 사정에 의해 예고없이 변경될 수 있습니다.","【公演紹介】
ロマンを描いた作曲家、フレデリック・ショパン
彼に捧げる唯一の憲政！
2005ショパン国際ピアノコンクール韓国人初共同3位「イム・ドンミン」
2025ショパン国際ピアノコンクールファイナリスト「デビッド・フリクーリ(David Khrikuli)」
ただショパンの、ショパンによる、ショパンだけのための特別な憲政舞台！

[PROGRAM]
David Khrikuli
ショパン – ポロネーズ オリム バー鍛造、作品番号 44
Chopin – Polonaise in F-sharp minor, Op.44

ショパン - 即興曲3番下り社長組、作品番号51
Chopin – Impromptu No.3 in G-flat major, Op.51

ショパン - ワルツ2番降りマジック、作品番号42
Chopin – Waltz in A-flat major, Op.42

ショパン – プレリュードオリム多鍛造、作品番号45
Chopin – Prelude in C-sharp minor, Op.45 

ショパン - スケルチョ2番降りナ鍛造、作品番号31
Chopin – Scherzo No.2 in B-flat minor, Op.31

ショパン - マジュルカ多鍛造、作品番号56-3
Chopin – Mazurka in C minor, Op.56, No.3

ショパン - スケルチョ4番魔装組、作品番号54
Chopin – Scherzo No.4 in E major, Op.54

イム・ドンミン
ショパン - ノクトン1番バ長調、作品番号15-1
Chopin – Nocturne No.1 in F major, Op.15, No.1

ショパン - ノクトン7番上げ多段組、作品番号27-1
Chopin – Nocturne No.7 in C-sharp minor, Op.27, No.1

ショパン - ノクトン16番降り馬場組、作品番号55-2
Chopin – Nocturne No.16 in E-flat major, Op.55, No.2

ショパン – ノクトン15番バー鍛造、作品番号55-1
Chopin – Nocturne No.15 in F minor, Op.55, No.1

ショパン - ノクトン17番ナ長調、作品番号62-1
Chopin – Nocturne No.17 in B major, Op.62, No.1 

*本プログラムは、演奏者の都合により予告なく変更されることがあります。"
제208회 국립합창단 정기연주회: 하이든 천지창조,第208回国立合唱団定期演奏会：ハイドン天地創造
"[PROGRAM]
 Haydn, Die Schöpfung, Hob. XXI:2
 
• Part I.
 1. Prelude: Die Vorstellung des Chaos.
2. Aria and Chorus: Nun schwanden vor dem heiligen Strahle.
3. Recitative: Und Gott machte das Firmament.
4. Solo and Chorus: Mit Staunen sieht das Wunderwerk.
5. Recitative: Und Gott sprach: Es sammle sich das Wasser
6. Aria: Rollend in schäumenden Wellen.
7. Recitative: Und Gott sprach: Es bringe die Erde Gras hervor
8. Aria: Nun beut die Flur das frische Grün.
9. Recitative: Und die himmlischen Heerscharen verkündigten
10. Chorus: Stimmt an die Saiten.
11. Recitative: Und Gott sprach: Es sei`n Lichter an der Feste des Himmels
12. Accompanied recitative: In vollem Glanze steiget jetzt die Sonne.
13. Trio and Chorus: Die Himmel erzählen die Ehre Gottes. 

• Part II.
14. Recitative: Und Gott sprach: Es bringe das Wasser in der Fülle hervor
15. Aria: Auf starkem Fittiche schwinget sich der Adler stolz.
16. Recitative and Aria: Und Gott schuf große Walfisch.Recitative: Und die Engel rührten ihr` unsterblichen Harfen
17. Trio: In holder Anmut stehn.
18. Trio and Chorus: Der Herr ist groß in seiner Macht.
19. Recitative: Und Gott sprach: Es bringe die Erde hervor lebende Geschöpfe
20. Accompanied recitative: Gleich öffnet sich der Erde Schoß.
21. Aria: Nun scheint in vollem Glanze der Himmel.
22. Recitative: Und Gott schuf den Menschen
23. Aria: Mit Würd` und Hoheit angetan.
24. Recitative: Und Gott sah jedes Ding
25. Chorus: Vollendet ist das große Werk.
26. Trio: Zu dir, o Herr, blickt alles auf.
27. Chorus: Vollendet ist das große Werk. 

• Part III.
28. Accompanied recitative: Aus Rosenwolken bricht.
29. Duet and Chorus: Von deiner Güt`, o Herr und Gott.
30. Recitative: Nun ist die erste Pflicht erfüllt
31. Duet: Holde Gattin, dir zur Seite.
32. Recitative: O glücklich Paar, und glücklich immerfort
33. Trio and Chorus: Singt dem Herren alle Stimmen!","[PROGRAM]
 Haydn, Die Schöpfung, Hob. XXI：2
 
•パートI。
 1. Prelude: Die Vorstellung des Chaos。
2. Aria and Chorus: Nun schwanden vor dem heiligen Strahle。
3. Recitative: Und Gott machte das Firmament.
4. Solo and Chorus: Mit Staunen sieht das Wunderwerk.
5. Recitative: Und Gott sprach: Es sammle sich das Wasser
6. Aria: Rollend in schäumenden Wellen。
7. Recitative: Und Gott sprach: Es bringe die Erde Gras hervor
8. Aria: Nun beut die Flur das frische Grün。
9. Recitative: Und die himmlischen Heerscharen verkündigten
10. Chorus: Stimmt an die Saiten。
11. Recitative: Und Gott sprach: Es sei`n Lichter an der Feste des Himmels
12. Accompanied recitative: In vollem Glanze steiget jetzt die Sonne.
13. Trio and Chorus: Die Himmel erzählen die Ehre Gottes. 

•パートII。
14. Recitative: Und Gott sprach: Es bringe das Wasser in der Fülle hervor
15. Aria: Auf starkem Fittiche schwinget sich der Adler stolz。
16. Recitative and Aria: Und Gott schuf große Walfisch.Recitative: Und die Engel rührten ihr` unsterblichen Harfen
17. Trio: In holder Anmut stehn.
18. Trio and Chorus: Der Herr ist groß in seiner Macht.
19. Recitative: Und Gott sprach: Es bringe die Erde hervor lebende Geschöpfe
20. Accompanied recitative: Gleich öffnet sich der Erde Schoß。
21. Aria: Nun scheint in vollem Glanze der Himmel.
22. Recitative: Und Gott schuf den Menschen
23. Aria: Mit Würd` und Hoheit angetan.
24. Recitative: Und Gott sah jedes Ding
25. Chorus: Vollendet ist das große Werk。
26. Trio: Zu dir, o Herr, blickt alles auf.
27. Chorus: Vollendet ist das große Werk。 

•パートIII。
28. Accompanied recitative: Aus Rosenwolken bricht。
29. Duet and Chorus: Von deiner Güt`, o Herr und Gott.
30. Recitative: Nun ist die erste Pflicht erfüllt
31. Duet: Holde Gattin, dir zur Seite.
32. Recitative: O glücklich Paar, und glücklich immerfort
33. Trio and Chorus: Singt dem Herren alle Stimmen!"
"UNDERCITY presents, Jeremy Olander 내한공연: 제레미 올랜더 When The Rain Falls 앨범 투어","UNDERCITY presents, Jeremy Olander 内韓公演: ジェレミー・オーランダー When The Rain Falls アルバムツアー"
언더시티 UNDER CITY) (언더시티 (B1),アンダーシティUNDER CITY）（アンダーシティ（B1）
서울 성동구 성수이로22길 61,ソウル城東区ソンスイロ22ギル61
"[공연소개]

UNDERCITY의 Soft Opening을 함께 열었던 Jeremy Olander가 1년 만에 다시 성수를 찾는다. 이번에는 단 한 번의 Set이 아닌, 밤의 시작부터 끝까지의 흐름을 하나의 서사로 완성하는 Open to Close ? All Night Long Set (6시간)으로 무대를 채운다.

Eric Prydz의 Pryda Friends를 통해 데뷔한 이후, Drumcode, Anjunadeep, Diynamic 등 세계적인 레이블을 넘나들며 그는 멜로딕 하우스와 테크노 신에서 가장 신뢰받는 프로듀서로 자리매김해왔다. 섬세한 사운드 디자인과 감정과 구조를 동시에 설계하는 셋 구성은 그의 가장 큰 시그니처다. 2014년 설립한 자신의 레이블 Vivrant를 통해 아티스트이자 큐레이터로서의 정체성도 확립해왔다.

이번 공연은 단순한 내한 공연이 아닌, Vivrant Showcase이자 그의 데뷔 앨범 When The Rain Falls 시대를 여는 상징적인 밤이다. 오는 3월 13일 발매되는 이 앨범은, 수년간의 예술적 진화와 삶의 변화를 담아낸 그의 가장 개인적이고 성찰적인 작품이다.

When The Rain Falls는 클럽을 위한 기능적 트랙이 아닌, ‘듣는 음악’으로서의 전자음악을 지향한다. 자신의 경험과 감정에 기반해 완성된 이 앨범은 Jeremy Olander가 새롭게 정의한 사운드의 방향성을 보여준다.

첫 싱글 ‘Apollo’를 시작으로 펼쳐지는 앨범의 세계관은 시네마틱한 사운드와 선명한 감정선을 중심으로, 다양한 협업을 통해 확장된 그의 음악적 스펙트럼을 드러낸다. 기존 프로그레시브 하우스를 넘어, 보다 성숙하고 서사적인 사운드로 진화한 전환점이다.
UNDERCITY에서 펼쳐질 이번 Open to Close Set은 그의 커리어와 앨범 서사, 그리고 Vivrant의 철학이 하나로 연결되는 순간이다. 이 밤은 그의 음악과 함께 성장해온 팬들에게, 오랫동안 기억될 특별한 경험으로 남을 것이다.","【公演紹介】

UNDERCITYのSoft Openingを一緒に開いたJeremy Olanderが1年ぶりに再び聖水を探す。今回はたった一度のSetではなく、夜の始まりから終わりまでの流れを一つの叙事詩に仕上げるOpen to Close ？ All Night Long Set（6時間）でステージを埋める。

Eric PrydzのPryda Friendsを通じてデビューした後、Drumcode、Anjunadeep、Dynanamicなど世界的なラベルを行き来し、彼はメロディックハウスとテクノシンで最も信頼されるプロデューサーとして位置づけてきた。繊細なサウンドデザインと感情と構造を同時に設計する3つの構成は、彼の最大のシグネチャーだ。 2014年に設立した自身のレーベルVivrantを通じてアーティストでありキュレーターとしてのアイデンティティも確立してきた。

今回の公演は単なる来韓公演ではなく、Vivrant Showcaseであり、彼のデビューアルバムWhen The Rain Falls時代を開く象徴的な夜だ。来る3月13日発売されるこのアルバムは、長年の芸術的進化と人生の変化を盛り込んだ彼の最も個人的で省察的な作品だ。

When The Rain Fallsは、クラブのための機能的なトラックではなく、「聴く音楽」としての電子音楽を目指している。自分の経験と感情に基づいて完成したこのアルバムは、Jeremy Olanderが新たに定義したサウンドの方向性を見せる。

初のシングル「Apollo」をはじめとするアルバムの世界観は、シネマティックなサウンドと鮮明な感情線を中心に、様々なコラボレーションを通じて拡張された彼の音楽的スペクトルを現わす。既存のプログレッシブハウスを超えて、より成熟し、叙事詩的なサウンドに進化した転換点だ。
UNDERCITYで繰り広げられる今回のOpen to Close Setは、彼のキャリアとアルバムの叙事詩、そしてVivrantの哲学が一つにつながる瞬間だ。この夜は彼の音楽と共に成長してきたファンたちに、長い間記憶される特別な経験で残るだろう。"
독일 슈투트가르트 필하모닉 오케스트라 첫 내한공연,ドイツのシュトゥットガルトフィルハーモニー管弦楽団初の来韓公演
"[PROGRAM]

베토벤 에그몬트 서곡
L. v. Beethoven Egmont Overture, Op. 84
베토벤 삼중협주곡
L. v. Beethoven Triple Concerto in C Major, Op. 56 
베토벤 교향곡 제4번
L. v. Beethoven Symphony No. 4 in B-flat Major, Op. 60 

*프로그램 및 연주자가 변경될 수 있습니다.","[PROGRAM]

ベートーヴェン・エグモント西洋
L. v. Beethoven Egmont Overture, Op. 84
ベートーベン三重協奏曲
L. v. Beethoven Triple Concerto in C Major, Op. 56 
ベートーヴェン交響曲第4番
L. v. Beethoven Symphony No. 4 in B-flat Major, Op. 60 

*プログラムや演奏者が変更されることがあります。"
"제209회 국립발레단 정기공연, 백조의 호수",第209回国立バレエ団定期公演、白鳥の湖
"[시놉시스]
 
 1막 1장

궁전 안. 오늘은 왕자의 20세 생일날이다. 궁정의 처녀들과 즐겁게 춤을 추는 왕자와 친구들. 이때 여왕이 등장해 왕자가 성인이 된 것을 축하하며 선물로 칼을 준다. 사람들이 나간 후 혼자 남은 지그프리트 왕자는 알 수 없는 어떤 힘이 자꾸만 자신을 어디론가 인도하는 것을 느낀다. 

1막 2장

알 수 없는 힘에 이끌려 다다른 곳은 숲 속의 호숫가. 왕자는 호숫가에서 인간의 모습으로 변하는 백조들을 발견한다. 지그프리트 왕자는 그 중 가장 아름다운 오데트 공주에게 반한다. 그녀는 자신들은 천재적인 악마의 저주에 의해 낮에는 백조, 밤에는 사람으로 변하는 신세를 하소연하면서 이 저주의 마법에서 풀리려면 한 사람의 변치 않는 사랑을 받아야 한다고 말한다. 왕자는 사랑의 맹세를 하고 다음 날 있을 무도회에서 그녀와 결혼을 발표하기로 약속하고 헤어진다

2막 1장

궁전 무도회장. 왕자는 오데트가 오기 기다리면서 손님들을 맞는다. 왕자를 위해 폴란드, 러시아, 스페인, 헝가리, 나폴리에서 초대된 공주들 가운데 신부감을 고를 것을 종용 받지만 왕자는 별 뜻이 없다. 그때 악마가 자신의 딸 오딜을 데리고 등장한다. 오데트와 닮은 오딜에게 왕자는 달려간다. 악마는 이제부터 왕자의 감정을 시험하기 시작한다. 흑조 오딜의 매력에 빠져 왕자는 그녀와의 결혼을 발표한다. 이때 갑자기 어둠이 밀려오며 절망에 빠진 오데트의 환영이 나타난다. 왕자는 그제서야 자신이 운명의 장난에 놀아난 것을 깨닫고 백조의 호수가로 달려간다.  

2막 2장

호숫가. 왕자의 배신으로 영원히 백조로 살게 되었다며 오데트가 백조들에게 슬픈 소식을 전한다. 용서를 빌기 위해 달려온 왕자. 그러나 악마는 그를 오데트와 갈라놓기 위해 계속 방해를 한다. 왕자는 운명에 맞서 싸우려 하지만 악마의 힘은 대단하다. 그때 오데트가 왕자에게 당신을 용서한다고 말하는 순간 그들의 사랑이 악마의 악한 힘을 이겨내는 기적이 일어난다.","[シノプシス]
 
 1幕1枚

宮殿の中。今日は王子の20歳の誕生日です。宮廷の処女たちと楽しく踊る王子と友達。この時女王が登場し、王子が大人になったことを祝い、贈り物として剣を与える。人々が出た後、一人で残ったジグフリート王子は、未知のある力がどんどん自分をどこかに導くのを感じる。 

1幕2枚

未知の力に導かれ、他の場所は森の中の湖畔。王子は湖畔から人間の姿に変わる白鳥を発見します。ジグフリート王子はその中で最も美しいオデット王女に反する。彼女は、自分たちは天才的な悪魔の呪いによって日中に白鳥、夜には人に変わるお世話になり、この呪いの魔法から解けるには一人の変わらない愛を受けなければならないと言う。王子は愛の誓いをし、翌日の舞踏会で彼女と結婚を発表することを約束して別れる

2幕1枚

宮殿武道会長。王子はオデットが来るのを待ってゲストを迎えます。王子のためにポーランド、ロシア、スペイン、ハンガリー、ナポリから招待された王女の中で花嫁感を選ぶことを従用されるが、王子はあまり意味がない。その時、悪魔が自分の娘オディルを連れて登場する。オデットに似たオディルに王子は走る。悪魔はこれから王子の感情を試し始める。黒潮オディルの魅力に陥り、王子は彼女との結婚を発表する。この時、突然闇が押されて絶望に陥ったオデットの歓迎が現れる。王子は、それこそ自分が運命のいたずらに遊んだことを悟り、白鳥の湖畔に走っていく。  

2幕2枚

湖畔。王子の裏切りで永遠に白鳥として暮らすことになったとオデットが白鳥たちに悲しいニュースを伝える。許しを祈るために走ってきた王子。しかし悪魔は彼をオデットと分けるために邪魔し続ける。王子は運命に対抗して戦おうとするが、悪魔の力はすごい。その時、オデットが王子にあなたを許すと言う瞬間、彼らの愛が悪魔の邪悪な力に勝つ奇跡が起こります。"
소프라노 이정은 독창회,ソプラノイ・ジョンウン独創会
서울 영등포구 여의공원로 101,ソウル永登浦区汝矣公園路101
"[Program]

Alessandro Scarlatti (1660-1725)
Le violette
Già il sole dal Gange

Robert Schumann (1810–1856)
<Lieder und Gesänge aus Wilhelm Meister>
1. Mignon
2. Nur wer die Sehnsucht kennt
3. Heiß mich nicht reden, heiß mich schweigen
4. So laßt mich scheinen, bis ich werde

Henri Duparc (1848–1933)
Chanson triste
L’invitation au voyage
Le manoir de Rosemonde

————— Intermission —————

김동진 (1913–2009)
봄이 오면
진달래꽃
수선화
신아리랑

Giacomo Puccini (1858–1924)
Un bel dì, vedremo
from Opera “Madama Butterfly”

Sola, perduta, abbandonata
from Opera “Manon Lescaut”","[Program]

Alessandro Scarlatti (1660-1725)
Le violette
Già il sole dal Gange

Robert Schumann (1810–1856)
＜リーダー・ウン・ゲッサンゲ・オース・ウィルヘルム・マイスター＞
1. Mignon
2. Nur wer die Sehnsucht kennt
3. Heiß mich nicht reden, heiß mich schweigen
4. So laßt mich scheinen, bis ich werde

Henri Duparc (1848–1933)
Chanson triste
L’invitation au voyage
Le manoir de Rosemonde

————— Intermission —————

キム・ドンジン（1913–2009）
春が来たら
シャクナゲの花
水仙
シンアリラン

Giacomo Puccini (1858–1924)
Un bel dì, vedremo
from Opera “Madama Butterfly”

Sola, perduta, abbandonata
from Opera “Manon Lescaut”"
"롤링 31주년 기념공연, 맥거핀 단독 콘서트: MR.EXHIBITION",ローリング31周年記念公演、マクガーピン単独コンサート：MR.EXHIBITION
"[공연소개]

다양한 서스펜스를 트렌디하면서 클래식하게 풀어나가는 팝 락 밴드 '맥거핀'
〈맥거핀 단독 콘서트 ‘MR.EXHIBITION’ : 롤링 31주년 기념공연〉","【公演紹介】

様々なサスペンスをトレンディながらクラシックに解いていくポップロックバンド「マッガーピン」
＜マクガーピン単独コンサート「MR.EXHIBITION」：ローリング31周年記念公演＞"
브라스로 만나는 영화음악 [성남],ブラスで会う映画音楽[城南]
"[공연소개]
브라스로 만나는 영화음악
CINEMA OST

영화는 추억으로, 음악은 브라스로,
브라스라떼와 함께 떠나는 귀와 마음에 남는 특별한 영화음악 여행.

포근함과 화려함을 동시에 연주하는 여성 브라스 앙상블 브라스라떼.

피노키오 OST ‘When You Wish Upon a Star’를 서두로 지브리와 디즈니 등 친숙한 애니메이션 메들리,
 영화 해리포터, 스타워즈 모음곡까지, 추억과 설렘을 깨우는 명곡들을 화려한 브라스 사운드로 만나실 수 있습니다.

무대 위로 펼쳐지는 영화음악, 그 선율을 따라 영화 속 장면과 감동을 다시 느껴보세요.

[PROGRAM]
When You Wish Upon a Star 별을 보고 소원을 빌었을 때

The Pink Panther Theme 핑크 팬더 테마곡

Fly Me to the Moon 플라이 미 투 더 문

Misty 엷은 안개

Latin Ghibli Medley 라틴 지브리 메들리

Disney Medley 디즈니 메들리 

ＩＮＴＥＲＭＩＳＳＩＯＮ

Harry Potter 해리포터 모음곡

Libertango 리베르 탱고

Mission: Impossible Theme 미션 임파서블 테마

My Heart Will Go On 내 사랑은 계속될 거예요
- from the Movie ‘Titanic’

Star Wars 스타워즈 모음곡","【公演紹介】
ブラスで会う映画音楽
CINEMA OST

映画は思い出で、音楽はブラスで、
ブラスラテと一緒に去る耳と心に残る特別な映画音楽旅行。

ふわふわと華やかさを同時に演奏する女性ブラスアンサンブルブラスラテ。

ピノキオOST「When You Wish Upon a Star」を急いでジブリやディズニーなどおなじみのアニメメドレー、
 映画ハリーポッター、スターウォーズのコレクションまで、思い出とときめきを起こす名曲を華やかなブラスサウンドでお楽しみいただけます。

舞台の上に広がる映画音楽、その旋律に沿って映画の中のシーンと感動を再び感じてみてください。

[PROGRAM]
When You Wish Upon a Star 星を見て願いを祈ったとき

The Pink Panther Theme ピンクパンダテーマソング

Fly Me to the Moon フライミツーザムーン

Misty 淡い霧

Latin Ghibli Medley ラテン ジブリ メドレー

Disney Medley ディズニーメドレー 

INTERMISSION

ハリーポッターハリーポッターコレクション

Libertango リベルタンゴ

Mission: Impossible Theme ミッションインパシブルテーマ

My Heart Will Go On 私の愛は続くでしょう
- from the Movie ‘Titanic’

スターウォーズスターウォーズコレクション"
제207회 국립합창단 정기연주회: 모차르트 c단조 대미사,第207回国立合唱団定期演奏会：モーツァルトc鍛造大米史
"[PROGRAM]
 Mozart, Great Mass in c minor, K. 427 
 Kyrie
Gloria
Credo
Sanctus
Benedictus
Agnus Dei","[PROGRAM]
 Mozart, Great Mass in c minor, K. 427 
 キリー
Gloria
Credo
Sanctus
Benedictus
Agnus Dei"
전설 여우신,伝説のキツネ
대구어린이회관 꾀꼬리극장,大邱子ども会館
"[공연소개]

본 공연은 우리 구전 설화의 깊은 울림을 서정적인 선율과 판타지로 풀어낸 무대,
우정과 사랑, 권선징악의 가치를 신명 나게 그려낸 한국형 판타지 뮤지컬입니다.","【公演紹介】

本公演は私たちの口伝説の深い響きを叙情的な旋律とファンタジーで解き明かした舞台、
友情と愛、巻線懲悪の価値を新鮮に描き出した韓国型ファンタジーミュージカルです。"
팝페라테너 임형주 신춘독창회: Popera Sensation!,ポップフェラテナーイム・ヒョンジュ新春独創会：Popera Sensation！
"[공연소개]

지난 2023년 9월, 서울 세종문화회관 대극장에서 성대하게 펼쳐진 ‘데뷔 25주년 기념 독창회 <King Of Popera - 킹 오브 팝페라>’ 이후 ‘원조 팝페라 스타’ 임형주(40, 로마시립예술대학 성악과 석좌교수)가 3년만에 갖는 서울 유료 독창회!

 
한국인 최초 UN 평화메달 수상, 미국 카네기홀 3대홀 솔로 공연으로 완전 정복, 세계 4대 음반사 독집음반 유통계약 체결, 일본 NHK '홍백가합전', 미국 오바마&트럼프 대통령상 모두 수상, 미국 그래미상 투표인단 겸 심사위원, 프란치스코 교황 단독알현 및 공연, 영국왕립예술학회 종신 석학회원 및 영국 왕실 FRSA 공칭 수여, 대한민국 대통령표창 및 역대 최연소 국민훈장 동백장 수훈 등 그야말로 한국이 낳은 팝페라의 전설 임형주가 오는 3월 20일 저녁 7시 30분 서울 여의도 영산아트홀에서 'Popera Sensation(팝페라 센세이션 - 팝페라의 감동)!'이라는 부제를 달고 신춘독창회를 갖는다.

 
이번 공연에서 임형주는 자신이 오랜 기간 음악감독으로 재직하고 있는 코리안 내셔널 필하모닉 앙상블의 환상적인 반주로 ‘천개의 바람이 되어‘, ’행복하길 바래(KBS 쾌걸춘향 OST)’를 비롯해 클래식, 팝, 뮤지컬, 가요 거기에 스페셜 7080 댄스곡까지 단아하고도 화려하고 서정적이면서도 웅장한 '팝페라의 진수'를 관객들에게 선보일 예정이다.

 
최근 EBS <서장훈의 이웃집 백만장자>, KBS <100인의 감정쇼 : 더 시그니처>, 채널A <4인용식탁>, TV조선 <아빠하고 나하고> 등의 그의 신비주의를 걷어낸 친근한 모습과 한층 가까워진 아름답고 정겨운 노래에 많은 대중들의 귀추가 주목될 것임이 틀림없다.


[프로그램]

1,쇼스타코비치 왈츠 2번(오케스트라 연주곡)
연주:코리안 내셔널 필하모닉 오케스트라

 
2,Ave Maria(아베 마리아)
팝페라테너 임형주/연주:코리안 내셔널 필하모닉 오케스트라

 
3,Memory(뮤지컬 ‘캣츠’)
팝페라테너 임형주/연주:코리안 내셔널 필하모닉 오케스트라

 
4,A Time For Us(영화 ‘로미오와 줄리엣’)
팝페라테너 임형주/연주:코리안 내셔널 필하모닉 오케스트라

 
5,One Summer Night(영화 ‘원 썸머 나잇’ 오케스트라 연주곡)
연주:코리안 내셔널 필하모닉 오케스트라

 
6,Una Furtiva Lagrima(오페라 ‘사랑의 묘약’)
팝페라테너 임형주/연주:코리안 내셔널 필하모닉 오케스트라

 
7,그리운 금강산(한국가곡)
팝페라테너 임형주/연주:코리안 내셔널 필하모닉 오케스트라

 
8,O Sole Mio(나폴리 민요)
팝페라테너 임형주/연주:코리안 내셔널 필하모닉 오케스트라



INTERMISSION


9,Overture(서곡)
팝페라테너 임형주/연주:코리안 내셔널 필하모닉 오케스트라

 
10,Un Bel Di(오페라 ‘나비부인’)
팝페라테너 임형주/연주:코리안 내셔널 필하모닉 오케스트라

 
11,Nella Fantasia(영화 ‘미션’)
팝페라테너 임형주/연주:코리안 내셔널 필하모닉 오케스트라

 
12,브람스 헝가리 무곡 5번
연주:코리안 내셔널 필하모닉 오케스트라

 
13,Can't Take My Eyes Off You
팝페라테너 임형주/연주:코리안 내셔널 필하모닉 오케스트라

 
14,Special Time(7080 디스코 메들리)
팝페라테너 임형주


15,I Dreamt I Dwelt In Marble Halls(오페라 ‘보헤미안 걸’)
팝페라테너 임형주/연주:코리안 내셔널 필하모닉 오케스트라

 
16,Tonight(뮤지컬 ‘웨스트 사이드 스토리’)
팝페라테너 임형주/연주:코리안 내셔널 필하모닉 오케스트라


*해당 공연 프로그램은 공연자의 사정에 따라 바뀔 수 있습니다.","【公演紹介】

去る2023年9月、ソウル世宗文化会館大劇場で盛大に繰り広げられた「デビュー25周年記念独創会<King Of Popera - キング・オブ・ポップフェラ>」以後「援助ポップフェラスター」イム・ヒョンジュ(40、ローマ市立芸術大学声楽科席座)

 
韓国人初のUN平和メダル受賞、米国カーネギーホール3大ホールソロ公演で完全征服、世界4大レコード会社独占アルバム流通契約締結、日本NHK「紅白歌合戦」、米国オバマ＆トランプ大統領賞すべて受賞、米国グラミー賞投票人団兼審査委員、イギリス王立芸術学会終身石学会員およびイギリス王室FRSA公称授与、大韓民国大統領表彰および歴代最年少国民勲章椿章勲訓などまさに韓国が生んだポップフェラの伝説イム・ヒョンジュが来る3月20日夕方7時30分センセーション - ポップフェラの感動)!」という副題をつけて新春独創会を持つ。

 
今回の公演でイム・ヒョンジュは自身が長い間音楽監督として在職しているコリアンナショナルフィルハーモニックアンサンブルの幻想的な伴奏で「千の風になって」、「幸せになることを願う（KBS快楽春香OST）」をはじめ、クラシック、ポップ、ミュージカル、歌曲0叙情的でありながらも壮大な「ポップフェラの真髄」を観客に披露する予定だ。

 
最近、EBS <ソ・ジャンフンの近所の百万長者>、KBS <100人の感情ショー：ザ・シグネチャー>、チャンネルA <4人用ダイニングテーブル>、TV朝鮮<パパと私と>などの彼の神秘主義を蹴った親しみやすい姿と一層近づいた美しく静かな歌に多くの大衆の耳。


[プログラム]

1、ショスタコビーチワルツ2番（オーケストラ演奏曲）
演奏：コリアンナショナルフィルハーモニーオーケストラ

 
2,Ave Maria(アベマリア)
ポップフェラテナーイム・ヒョンジュ/パフォーマンス：韓国のナショナルフィルハーモニーオーケストラ

 
3,Memory(ミュージカル「キャッツ」)
ポップフェラテナーイム・ヒョンジュ/パフォーマンス：韓国のナショナルフィルハーモニーオーケストラ

 
4、A Time For Us（映画「ロミオとジュリエット」）
ポップフェラテナーイム・ヒョンジュ/パフォーマンス：韓国のナショナルフィルハーモニーオーケストラ

 
5、One Summer Night（映画「ワンサマーナイト」オーケストラ演奏曲）
演奏：コリアンナショナルフィルハーモニーオーケストラ

 
6、Una Furtiva Lagrima（オペラ「愛のポーション」）
ポップフェラテナーイム・ヒョンジュ/パフォーマンス：韓国のナショナルフィルハーモニーオーケストラ

 
7、懐かしい金剛山（韓国歌）
ポップフェラテナーイム・ヒョンジュ/パフォーマンス：韓国のナショナルフィルハーモニーオーケストラ

 
8,O Sole Mio(ナポリ民謡)
ポップフェラテナーイム・ヒョンジュ/パフォーマンス：韓国のナショナルフィルハーモニーオーケストラ



INTERMISSION


9,Overture(序曲)
ポップフェラテナーイム・ヒョンジュ/パフォーマンス：韓国のナショナルフィルハーモニーオーケストラ

 
10、Un Bel Di（オペラ「蝶夫人」）
ポップフェラテナーイム・ヒョンジュ/パフォーマンス：韓国のナショナルフィルハーモニーオーケストラ

 
11、Nella Fantasia（映画「ミッション」）
ポップフェラテナーイム・ヒョンジュ/パフォーマンス：韓国のナショナルフィルハーモニーオーケストラ

 
12,ブラームス・ハンガリー 無曲5番
演奏：コリアンナショナルフィルハーモニーオーケストラ

 
13,Can't Take My Eyes Off You
ポップフェラテナーイム・ヒョンジュ/パフォーマンス：韓国のナショナルフィルハーモニーオーケストラ

 
14、Special Time（7080ディスコメドレー）
ポップフェラテナーイム・ヒョンジュ


15,I Dreamt I Dwelt In Marble Halls（オペラ「ボヘミアンガール」）
ポップフェラテナーイム・ヒョンジュ/パフォーマンス：韓国のナショナルフィルハーモニーオーケストラ

 
16、Tonight（ミュージカル「ウエストサイドストーリー」）
ポップフェラテナーイム・ヒョンジュ/パフォーマンス：韓国のナショナルフィルハーモニーオーケストラ


*該当公演プログラムは、公演者の都合により変わることがあります。"
폴 코니쉬 솔로 피아노 콘서트,ポールコニッシュソロピアノコンサート
재즈인연구소,ジャズイン研究所
세종특별자치시 시청대로 167(보람동),世宗特別自治市市役所通り167（ボラム洞）
"[공연소개]

재즈 음반 레코드 레이블로 대중적인 인기는 물론 예술적인 성취의 측면에서 재즈 매니아들에게 블루노트(Blue Note) 가 가지는 상징성은 매우 크다. 블루노트에서 야심차게 영입한 신예 피아니스트 폴 코니쉬는 현재 미국 모던 색소폰의 거장 조슈아 레드맨의 밴드에서 활동하고 있으며, 그의 데뷔작이 블루노트에서 2025년에 발매되었다.

다수의 매체에서는 그의 데뷔작 <You're Exaggerating!>을 두고 블루노트가 다시한번 신선한 아이디어를 가진 새로운 아티스트를 찾는데 안목을 발휘하였다고 평가하며, 파이낸셜 타임즈는 “Blue Note strikes again” (블루노트가 다시 습격했다) 라는 헤드라인으로 블루노트와 폴 코니쉬의 조합을 평가했다. 블루노트의 수장인 돈 워스는 2025년 방한당시 인터뷰를 통해 재즈 리스너들이 새로 주목해야 하는 “매우 깊이 있는 차세대 연주자”라고 그를 연급하였다.

비밥의 거장 버드 파웰과 델로니우스 몽크를 연상시키는 고전적인 밥에서부터 제이슨 모란, 로버트 글래스퍼 등의 모던 피아니스트의 계보를 잇는 포스트밥 크리에이티브 재즈에 이르기까지, 폴 코니쉬 솔로 피아노 콘서트는 블루노트의 위대한 유산에 자신만의 독창적인 색채를 더해, 서정적이면서도 파워풀한 사운드의 연주로 21세기 모던 재즈 피아니즘의 정수를 느껴볼 수 있는 특별한 공연이 될 것이다.","【公演紹介】

ジャズアルバムレコードラベルで人気の人気はもちろん、芸術的な成果の面でジャズマニアたちにブルーノート（Blue Note）が持つ象徴性は非常に大きい。ブルーノートで野心的に迎え入れた新鋭ピアニスト・ポール・コニッシュは現在、アメリカのモダンサックスの巨匠ジョシュア・レッドマンのバンドで活動しており、彼のデビュー作がブルーノートで2025年に発売された。

多数のメディアでは彼のデビュー作「You're Exaggerating!」を置き、ブルーノートがもう一度新鮮なアイデアを持つ新しいアーティストを探すのに目を引いたと評価し、ファイナンシャルタイムズは「Blue Note strikes again」（ブルーノートが再び襲撃した）という見出しでブルーノートと。ブルーノートの首長であるドン・ワースは、2025年の訪韓当時のインタビューを通じてジャズ・リスナーたちが新たに注目すべき「非常に深い次世代奏者」と彼を演급した。

ビバップの巨匠バード・パウエルとデロニウス・モンクを思わせるクラシカルなご飯から、ジェイソン・モラン、ロバート・グラスパーなどのモダンピアニストの系譜をつなぐポストバブクリエイティブ・ジャズに至るまで、ポール・コニッシュ・ソロ・ピアノコンサートはブルーノートの偉大な叙情的でありながらパワフルなサウンドの演奏で21世紀モダンジャズピアニズムの定数を感じることができる特別な公演になるだろう。"
"이정호 & 부산청년국악관현악단, 웨이브x: 송현민의 국악 내비게이션",イ・ジョンホ＆釜山青年国楽館弦楽団、ウェーブx：ソン・ヒョンミンの国楽ナビ
대전 서구 둔산대로 181,大田西区鈴山大路181
"[프로그램]

1) 청년을 위한 서곡(이정호 작곡)
2) 대금협주곡 ‘내면으로부터’(이정호 작곡, 대금 협연 류근화 경북대 교수)
3) 창부타령 주제에 의한 피리협주곡(박범훈 작곡, 피리 협연 김성준 부산대 교수)
※ 한국민요를 소재로 한 피리 협주곡. ‘아리랑’이 2012년 유네스코 인류무형문화유산 대표목록에 등재
4) 불의 계곡(이창희 작곡, 협연 신민속악회 바디(6명))
※ 전통의 현대화와 후속세대(청년)를 중시하는 유네스코의 덕목을 창작곡과 청년 협연진으로 가시화
5) 판굿과 국악관현악 ‘신모듬’(박범훈 작곡, 협연 연희퍼포머그룹 처랏(6명))
※ 전통의 현대화와 후속세대(청년)를 중시하는 유네스코의 덕목을 창작곡과 청년 협연진으로 가시화
6) 국악관현악 '뺑더가' ( 협연 소리꾼 이선명) 
* 프로그램은 변경될 수 있음.","[プログラム]

1) 青年のための西曲（イ・ジョンホ作曲）
2）代金協奏曲「内面から」（イ・ジョンホ作曲、代金協演リュ・グンファ慶北大教授）
3）チャンブタリョン主題による笛協奏曲（パク・ボムフン作曲、笛協演キム・ソンジュン釜山大学教授）
※韓国民謡を素材としたフルート協奏曲。 「アリラン」が2012年ユネスコ人類無形文化遺産代表リストに登載
4)火の渓谷(イ・チャンヒ作曲、共演新民俗楽会ボディ(6人))
※ 伝統の現代化と後続世代（青年）を重視するユネスコの徳を創作曲と青年協演陣に可視化
5) パングッドと国楽観弦楽「新盛り合わせ」
※ 伝統の現代化と後続世代（青年）を重視するユネスコの徳を創作曲と青年協演陣に可視化
6) 国楽館弦楽「麺ダーガ」 
*プログラムは変更されることがあります。"
전설 여우신 [서울 도봉],伝説のキツネ[ソウルドボン]
도봉구민회관 대강당(하모니홀),道奉区民会館大講堂（ハーモニーホール）
"[공연소개]

본 공연은 우리 구전 설화의 깊은 울림을 서정적인 선율과 판타지로 풀어낸 무대,우정과 사랑, 권선징악의 가치를 신명 나게 그려낸 한국형 판타지 뮤지컬입니다.","【公演紹介】

本公演は、私たちの口伝説の深い響きを叙情的な旋律とファンタジーで解き明かした舞台、友情と愛、巻線懲悪の価値を新鮮に描き出した韓国型ファンタジーミュージカルです。"
금난새와 함께하는 마티네 콘서트 Ⅳ: 엘가 [공주],禁難鳥とのマティネコンサートⅣ：エルガ[プリンセス]
"[프로그램]

E. elgar - Cello concerto in e minor, Op. 85
엘가  첼로 협주곡 마단조, 작품 85
 
E. elgar - Serenade for Strings in e minor, Op. 20 중 외
엘가  현을 위한 세레나데, 작품 20 중
 
※ 상기 프로그램은 출연진의 사정에 의해 변경될 수 있습니다.","[プログラム]

E. elgar - Cello concerto in e minor, Op. 85
エルガチェロ協奏曲マダンジョ、作品85
 
E. elgar - Serenade for Strings in e minor, Op. 20のうち
エルガ県のセレナーデ、作品20
 
※上記プログラムは出演陣の都合により変更されることがあります。"
"이정은, 최현아 피아노 듀오 리사이틀",イ・ジョンウン、チェ・ヒョンアピアノデュオリサイタル
"[Program]

W. A. Mozart/E. Grieg
Piano Sonata No.16, K.545 arr. for two pianos

P. Dukas
L`apprenti Sorcier

F. Liszt
Hungarian Rhapsody No.2 for two pianos

intermission

S. Prokofiev/M. Pletnev
Cinderella Suite for two pianos","[Program]

W. A. Mozart/E. Grieg
Piano Sonata No.16, K.545 arr. for two pianos

P. Dukas
L`apprenti Sorcier

F. Liszt
Hungarian Rhapsody No.2 for two pianos

intermission

S. Prokofiev/M. Pletnev
Cinderella Suite for two pianos"
"공주, 안동 자매도시 교류음악회: 환희의 송가 [공주]",姫、安東姉妹都市交流音楽会：歓喜の歌（姫）
"[공연소개]

백제의 고도 공주와 정신문화의 수도 안동,
시대를 넘어 예술로 하나 되는 벅찬 감동의 순간
 
고난을 넘어 환희로!
두 자매도시가 전하는 희망의 메시지! 겨울의 문턱에서 웅장한 울림으로 무대를 채울 특별한 공연이 펼쳐진다.
공주시와 안동시의 자매결연을 기념하고 양 도시의 우호를 다지기 위해 마련된 이번 음악회는, 클래식 역사상
가장 위대한 걸작으로 손꼽히는 베토벤의 마지막 교향곡 '나인 심포니(The 9th Symphony)'를 선보인다.
절망적인 상황 속에서도 인류애와 희망을 노래했던 베토벤의 정신은, 유구한 역사를 지켜온 두 도시의 만남과 어우러져
더욱 깊은 의미를 전한다. 공주를 대표하는 공주시충남교향악단의 정교하고 파워풀한 연주에 공주시립합창단과
안동시립합창단의 섬세하고 풍성한 하모니가 더해져, 폭발적인 시너지를 일으킬 예정이다.
4악장 '환희의 송가'가 울려 퍼지는 순간, 무대와 객석이 하나 되어 느끼게 될 가슴 벅찬 전율!
평화와 화합의 선율로 여러분의 마음에 깊은 울림을 선사할 것이다.


[Program]
  
G. Bizet – Carmen : “Habanera (L’amour est un oiseau rebelle)”
조르주 비제 오페라 <카르멘> 중 ‘하바네라(사랑은 길들일 수 없는 새)’
 
G. Bizet – Carmen : “Toreador Song (Votre toast, je peux vous le rendre)”
조르주 비제 오페라 <카르멘> 중 ‘투우사의 노래’
 
G. Verdi – La Traviata : “De’ miei bollenti spiriti”
쥬세페 베르디 오페라 <라 트라비아타> 중 ‘그녀를 멀리 떠나… 내 끓어오르는 마음’
 
G. Verdi – La Traviata : “Ah, fors’è lui… Sempre libera”
쥬세페 베르디 오페라 <라 트라비아타> 중 ‘아, 그이인가… 언제나 자유롭게’
  
L. v. Beethoven - Symphony No. 9 in d minor, Op. 125 'Choral' 
베토벤  교향곡 제9번 라단조, 작품번호 125 '합창'
Ⅰ. Allegro ma non troppo, un poco maestoso
Ⅱ. Molto vivace
Ⅲ. Adagio molto e cantabile
Ⅳ. Presto - Allegro assai","【公演紹介】

百済の高度姫と精神文化の首都安東、
時代を越えて芸術で一つになる激しい感動の瞬間
 
苦難を越えて歓喜に！
二人の姉妹都市が伝える希望のメッセージ！冬の境内で雄大な響きで舞台を埋める特別な公演が繰り広げられる。
姫州市と安東市の姉妹結婚を記念して両都市の友好を固めるために設けられた今回の音楽会は、クラシック史上
最も偉大な傑作に数えられるベートーヴェンの最後の交響曲「ナインシンフォニー（The 9th Symphony）」を披露する。
絶望的な状況の中でも人類愛と希望を歌っていたベートーヴェンの精神は、悠久な歴史を守ってきた二つの都市の出会いと交わり、
より深い意味を伝える。姫を代表する姫市忠南交響楽団の精巧でパワフルな演奏に姫市立合唱団と
安東市立合唱団の繊細で豊かなハーモニーが加わり、爆発的な相乗効果を引き起こす予定だ。
4楽章「歓喜の歌」が響き渡る瞬間、舞台と客席がひとつになって感じるようになる胸の激しい戦率！
平和と和合の旋律で皆さんの心に深い響きを与えます。


[Program]
  
G. Bizet – Carmen : “Habanera (L’amour est un oiseau rebelle)”
ジョルジュ・ヴィジェ・オペラ「カルメン」の中で「ハバネラ（愛は飼いならせない鳥）」
 
G. Bizet – Carmen : “Toreador Song (Votre toast, je peux vous le rendre)”
ジョルジュ・ヴィジェ・オペラ<カルメン>の中で「闘牛士の歌」
 
G. Verdi – La Traviata : “De’ miei bollenti spiriti”
ジュセフェ・ヴェルディオペラ「ラ・トラビアタ」の中で「彼女を離れて…」私の沸騰する心」
 
G. Verdi – La Traviata : “Ah, fors’è lui… Sempre libera”
ジュセフェ・ヴェルディオペラ「ラ・トラビアタ」の中で「あ、彼が…」いつも自由に」
  
L. v. Beethoven - Symphony No. 9 in d minor, Op. 125 'Choral' 
ベートーヴェン交響曲第9番ラダンジョ、作品番号125「合唱」
Ⅰ。 Allegro ma non troppo, un poco maestoso
Ⅱ。 Molto vivace
Ⅲ。 Adagio molto e cantabile
Ⅳ。 Presto - Allegro assai"
산초와 돈키호테 [공주],サンチョとドンキホーテ【姫】
"[공연소개]

살아 움직이는 책, 인형극으로 펼쳐보는 돈키호테
 
인형극 <산초와 돈키호테>는 돈키호테와 모험을 떠나는 산초의 이야기이다. 산초를 어린이로 설정하여 주인공으로 두고 재창작한 작품으로,
원작 소설과는 다르지만 '내일의 돈키호테는 산초'라는 원작의 메시지를 그대로 담았다. 인형극 <산초와 돈키호테>는 아직 책을 읽지는 못하는
어린이들도 살아 움직이는 책처럼 볼 수 있도록 제작했다.
 
이상하고 신비로운 오래된 책방, 책을 펼치면 매번 다른 모험이 찾아옵니다. 오늘 기다리고 있는 책 속 모험은 기사 돈키호테 이야기.
책방에 들어온 평범한 아이는 '산초'로 불리며 돈키호테에 이끌려 명예로운 기사가 되기 위한 수행을 떠난다.
풍차 거인, 검은 갈기의 사자와 싸우는 등 상상을 뛰어넘는 사건이 일어나는데...
 
이때 눈 앞에 등장한 커다란 용!
피할 수도 없고, 해치울 수도 없는 용과 마주친 산초와 돈키호테에게는 어떤 일이 일어날까?


[시놉시스]
 
앞장서라 산초야, 나팔을 꺼내 불어라! 가자, 모험이다!
내 친구 산초여, 이제 사자를 어디서 찾을지 알려다오!
 
이상하고 신비로운 오래된 책방의 책을 펼치면 매번 다른 모험이 찾아옵니다.
 
오늘 기다리고 있는 책 속 모험은 기사 돈키호테 이야기.
 
책방에 들어온 평범한 아이는 '산초'로 불리며
돈키호테에게 이끌려 명예로운 기사가 되기 위한 수행을 떠납니다.
 
풍차 거인, 검은 갈기의 사자와 싸우는 등 상상을 뛰어넘는 사건이 일어나는데...
이때 눈앞에 등장한 커다란 용!
 
피할 수도 없고, 해치울 수도 없는 용과 마주친 산초와 돈키호테에게는 어떤 일이 일어날까요?","【公演紹介】

生きて動く本、人形劇で繰り広げるドン・キホーテ
 
人形劇<サンチョとドン・キホーテ>は、ドン・キホーテと冒険を離れるサンチョの話だ。山椒を子どもに設定し、主人公にして再創作した作品で、
原作小説とは違うが、「明日のドン・キホーテはサンチョ」という原作のメッセージをそのまま盛り込んだ。人形劇「サンチョとドン・キホーテ」はまだ本を読むことができない
子供たちも生きて動く本のように見えるように製作した。
 
奇妙で神秘的な古い本屋、本を広げると、毎回別の冒険が訪れます。今日待っている本の中の冒険は記事ドン・キホーテの話。
本屋に入ってきた平凡な子どもは「サンチョ」と呼ばれ、ドン・キホーテに導かれ、名誉ある記事になるための修行を去る。
風車巨人、黒たてがみのライオンと戦うなど想像を越える事件が起こるのに…
 
この時、目の前に登場した大きな龍！
避けられず、傷つけない龍と遭遇した山礁とドン・キホーテにはどんなことが起こるのだろうか？


[シノプシス]
 
先頭に立ってサンチョヤ、トランペットを取り出して吹け！行こう、冒険だ！
私の友人さん、それはライオンをどこで見つけるのかを知っています！
 
奇妙で神秘的な古い本屋の本を広げると、毎回別の冒険が訪れます。
 
今日待っている本の中の冒険は記事ドン・キホーテの話。
 
本屋に入った普通の子供は「サンチョ」と呼ばれています
ドン・キホーテに導かれ、名誉ある記事になるための修行を去ります。
 
風車巨人、黒たてがみのライオンと戦うなど想像を越える事件が起こるのに…
この時、目の前に登場した大きな龍！
 
避けられず、傷つけられない龍と遭遇した山礁とドン・キホーテにはどんなことが起こるのでしょうか。"
렉처 콘서트 Ⅳ. 미국 음악의 탄생 [공주],レクチャーコンサートⅣ。アメリカ音楽の誕生【姫】
공주문예회관 소공연장,プリンセス文芸会館小公演場
"[공연소개]
미국음악의 탄생

재즈 음악을 통해 미국 음악의 형성과 역사를 탐구한다. 초창기 스윙·빅밴드 시대의 에너지에서부터 브로드웨이·할리우드 음악이 재즈 스탠더드로 자리 잡기까지의 과정을 소개한다. 이어 50?60년대 보컬 재즈의 개인적이고 서정적인 매력을 듬뿍 담은 아티스트들의 이야기를 통해 ‘노래하는 재즈’의 매력을 전달한다.

[PROGRAM]
<재즈의 탄생과 스윙 시대>
듀크 엘링턴(Duke Ellington)  It Don’t Mean a Thing (If It Ain’t Got That Swing)
 
<스탠더드의 황금기>
어빙 벌린(Irving Berlin)  Cheek to Cheek 
앨라 피츠제럴드 & 반 알렉산더(Ella Fitzgerald & Van Alexander)  A-Tisket, A-Tasket 
조지 거슈윈 & 아이라 거슈윈(George Gershwin & Ira Gershwin)  They can't take that away from me
리처드 로저스 & 오스카 해머스타인 2세(Richard Rodgers & Oscar Hammerstein II)   My Favorite Things
 
<보컬 재즈의 정수>
에롤 가너(Erroll Garner)  Misty
모건 루이스 & 낸시 해밀턴(Morgan Lewis & Nancy Hamilton)  How High the Moon
바트 하워드(Bart Howard)   Fly me to the moon
조셉 코스마(Joseph Kosma)   Autumn Leaves 
 
*상기 프로그램은 출연진의 사정에 의해 변경될 수 있습니다.","【公演紹介】
アメリカ音楽の誕生

ジャズ音楽を通じてアメリカ音楽の形成と歴史を探求する。初創期スイング・ビッグバンド時代のエネルギーからブロードウェイ・ハリウッド音楽がジャズスタンダードとして位置づけるまでの過程を紹介する。続いて50～60年代のボーカルジャズの個人的で叙情的な魅力をたっぷり込めたアーティストたちの話を通じて「歌うジャズ」の魅力を伝える。

[PROGRAM]
＜ジャズの誕生とスイング時代＞
デューク・エリントン(Duke Ellington) It Don’t Mean a Thing (If It Ain’t Got That Swing)
 
＜スタンダードの黄金期＞
アービング・バーリン(Irving Berlin) Cheek to Cheek 
アラ・フィッツジェラルド & ヴァン・アレクサンダー (Ella Fitzgerald & Van Alexander) A-Tisket, A-Tasket 
ジョージ・ガーシュウィン＆アイラ・ガーシュウィン(George Gershwin & Ira Gershwin) They can't take that away from me
リチャードロジャース＆オスカーハンマースタイン2世（Richard Rodgers＆Oscar Hammerstein II）
 
＜ボーカルジャズの定数＞
エロール・ガーナー (Erroll Garner) Misty
モーガン・ルイス＆ナンシー・ハミルトン（Morgan Lewis & Nancy Hamilton） How High the Moon
バート・ハワード(Bart Howard) Fly me to the moon
ジョセフ・コスマ(Joseph Kosma) Autumn Leaves 
 
*上記プログラムは出演陣の都合により変更されることがあります。"
금난새와 함께하는 마티네 콘서트 Ⅱ. 차이콥스키 [공주],今夜と一緒にするマティーネコンサートⅡ。チャイコフスキー [プリンセス]
"[프로그램]

P.I. Tchaikovsky - Violin Concerto in D Major, Op. 35
차이콥스키   바이올린 협주곡 라장조, 작품 35
 
P.I. Tchaikovsky - Serenade for Strings, Op. 48 외
차이콥스키   현을 위한 세레나데, 작품 48
 
※ 상기 프로그램은 출연진의 사정에 의해 변경될 수 있습니다.","[プログラム]

P.I. Tchaikovsky - Violin Concerto in D Major, Op. 35
チャイコブスキーヴァイオリン協奏曲ラ・チャンジョ、作品35
 
P.I. Tchaikovsky - Serenade for Strings, Op. 48他
チャイコフスキー県のためのセレナーデ、作品48
 
※上記プログラムは出演陣の都合により変更されることがあります。"
서민정 바이올린 독주회: ITALIA.. String and Soul,ソ・ミンジョン・ヴァイオリンソロ: ITALIA.. String and Soul
"[PROGRAM]
Tomaso Antonio Vitali (1663-1745)
Chaconne in g minor
I. Larghetto
II. Allegro energico
III. Grave - Allegro assai

Giuseppe Tartini (1692-1770)
Violin Sonata in g minor, “Devil’s Trill Sonata”

intermission

Ottorino Respighi (1879-1936)
Violin Sonata in b minor, P. 110
I. Moderato
II. Andante espressivo
III. Allegro moderato ma energico","[PROGRAM]
Tomaso Antonio Vitali (1663-1745)
Chaconne in g minor
I. Larghetto
II. Allegro energico
III. Grave - Allegro assai

Giuseppe Tartini (1692-1770)
Violin Sonata in g minor, “Devil’s Trill Sonata”

intermission

Ottorino Respighi (1879-1936)
Violin Sonata in b minor, P. 110
I. Moderato
II. Andante espressivo
III. Allegro moderato ma energico"
금난새와 함께하는 마티네 콘서트 Ⅲ. 라흐마니노프 [공주],今夜と一緒にするマティーネコンサートⅢ。ラフマニノフ [プリンセス]
"[공연소개]
클래식 전도사 마에스트로 금난새와 함께하는 마티네 콘서트
 
금난새와 함께하는 마티네 콘서트가 작년 계절 테마에 이어, 올해는 클래식 역사에서 가장 사랑받는 협주곡을 소개하는 명작 시리즈로 다시 관객을 만난다.
금난새 지휘자의 재치 있는 해설과 깊이 있는 음악적 지식을 바탕으로 매 회차 대표 작곡가들의 명곡을 선보이며,
바이올린·첼로·피아노 협주곡부터 현악곡, 실내악까지 다양한 레퍼토리로 아침 시간을 풍성하게 채운다.
공연 전 제공되는 따뜻한 커피와 달콤한 쿠키, 그리고 금난새 지휘자의 유머와 해설이 어우러져 더욱 특별한 마티네 무대를 선사할 예정이다.
※ '마티네(Matinee)'는 프랑스어로 오전이나 정오에 열리는 공연을 뜻함

[PROGRAM]
S. Rachmaninoff - Piano concerto No.2 in c minor, Op. 18
라흐마니노프  피아노 협주곡 2번 다단조, 작품 18 
 
S. Rachmaninoff - Vocalise, Op. 34
라흐마니노프  보칼리제, 작품 34
 
※ 상기 프로그램은 출연진의 사정에 의해 변경될 수 있습니다.","【公演紹介】
クラシック伝道師マエストロ今夜とのマティーネコンサート
 
今年の季節のテーマに続き、今年はクラシック史で最も愛される協奏曲を紹介する名作シリーズで再び観客に会う。
今回の指揮者の機知ある解説と深い音楽的知識をもとに、毎回次代表作曲家たちの名曲を披露し、
ヴァイオリン・チェロ・ピアノ協奏曲から弦楽曲、室内楽まで様々なレパートリーで朝時間を盛り上げる。
公演前に提供される暖かいコーヒーと甘いクッキー、そして今回の指揮者のユーモアと解説が調和し、さらに特別なマティーネ舞台をプレゼントする予定だ。
※「Ma​​tinee」はフランス語で午前や正午に行われる公演を意味する

[PROGRAM]
S. Rachmaninoff - Piano concerto No.2 in c minor, Op. 18
ラフマニノフピアノ協奏曲第2番多鍛造、作品18 
 
S. Rachmaninoff - Vocalise, Op. 34
ラフマニノフ・ボカリゼ、作品34
 
※上記プログラムは出演陣の都合により変更されることがあります。"
금난새와 함께하는 마티네 콘서트 Ⅵ: 베버 [공주],禁難鳥とのマティネコンサートⅥ：ベバー[プリンセス]
"[공연소개]

클래식 전도사 마에스트로 금난새와 함께하는 마티네 콘서트
 
금난새와 함께하는 마티네 콘서트가 작년 계절 테마에 이어, 올해는 클래식 역사에서 가장 사랑받는 협주곡을 소개하는 명작 시리즈로 다시 관객을 만난다.
금난새 지휘자의 재치 있는 해설과 깊이 있는 음악적 지식을 바탕으로 매 회차 대표 작곡가들의 명곡을 선보이며,
바이올린·첼로·피아노 협주곡부터 현악곡, 실내악까지 다양한 레퍼토리로 아침 시간을 풍성하게 채운다.
공연 전 제공되는 따뜻한 커피와 달콤한 쿠키, 그리고 금난새 지휘자의 유머와 해설이 어우러져 더욱 특별한 마티네 무대를 선사할 예정이다.
※ '마티네(Matinee)'는 프랑스어로 오전이나 정오에 열리는 공연을 뜻함


[프로그램]

C.M.Weber - Clarinet Concerto No.1 in f minor, Op. 73
베버   클라리넷 협주곡 1번 바단조, 작품 73
 
C.M.Weber - Clarinet Quintet in B-flat Major, Op. 34 외
베버   클라리넷 5중주 내림나장조, 작품 34
 
※ 상기 프로그램은 출연진의 사정에 의해 변경될 수 있습니다.","【公演紹介】

クラシック伝道師マエストロ今夜とのマティーネコンサート
 
今年の季節のテーマに続き、今年はクラシック史で最も愛される協奏曲を紹介する名作シリーズで再び観客に会う。
今回の指揮者の機知ある解説と深い音楽的知識をもとに、毎回次代表作曲家たちの名曲を披露し、
ヴァイオリン・チェロ・ピアノ協奏曲から弦楽曲、室内楽まで様々なレパートリーで朝時間を盛り上げる。
公演前に提供される暖かいコーヒーと甘いクッキー、そして今回の指揮者のユーモアと解説が調和し、さらに特別なマティーネ舞台をプレゼントする予定だ。
※「Ma​​tinee」はフランス語で午前や正午に行われる公演を意味する


[プログラム]

C.M.Weber - Clarinet Concerto No.1 in f minor, Op. 73
ベバークラリネット協奏曲第1番鍛造、作品73
 
C.M.Weber - Clarinet Quintet in B-flat Major, Op. 34他
ベバークラリネット5重奏ダウンナ長調、作品34
 
※上記プログラムは出演陣の都合により変更されることがあります。"
김형일 호른 독주회,キム・ヒョンイルホルンソロ
"[PROGRAM]
Franz Joseph Haydn - Hornkonzert Nr. 2 D-Dur, Hob. VIId:4
프란츠 요제프 하이든 ┃ 호른 협주곡 2번 D장조, Hob. VIId:4
I. Allegro moderato
II. Adagio
III. Allegro

Yehezkel Braun - Twelve Preludes - 1, 2, 8, 11
예헤즈켈 브라운 ┃ 12개의 전주곡 중 1, 2, 8, 11

Astor Piazzolla ＆ Wolfgang Amadeus Mozart - Cafe 1930 , Hornkonzert Nr. 1 D-Dur, KV. 412
아스토르 피아졸라, 볼프강 아마데우스 모차르트 ┃ 카페 1930, 호른 협주곡 1번 D장조, KV. 412
(Guitar 황민웅) 

- INTERMISSION - 

Jii Pauer - Concerto for French Horn
이르지 파우어 ┃ 호른 협주곡
I. Allegro patetico
II. Andante
III. Allegro giocoso","[PROGRAM]
Franz Joseph Haydn - Hornkonzert Nr。 2 D-Dur、ホブ。 VIId：4
フランツ・ヨーゼフ・ハイドン┃ホーン協奏曲第2番D長調、ホブ。 VIId：4
I. Allegro moderato
II. Adagio
III. Allegro

Yehezkel Braun - Twelve Preludes - 1、2、8、11
イェヘスケルブラウン┃12の全奏曲のうち、

Astor Piazzolla＆Wolfgang Amadeus Mozart - Cafe 1930、Hornkonzert Nr。 1 D-Dur、KV。 412
アストルピアゾラ、ヴォルフガング・アマデウス・モーツァルト┃カフェ1930、ホーン協奏曲第1番D長調、KV。 412
(Guitarファン・ミンウン) 

-INTERMISSION- 

Jii Pauer - Concerto for French Horn
早いパウアー┃ホルン協奏曲
I. Allegro patetico
II. Andante
III. Allegro giocoso"
"창작산실, 전복된 해부학적 풍경: X",創作山室、転覆した解剖学的風景：X
"[시놉시스]

01 Living Machines, Mechanical Life
살아있는 기계, 기계적인 생명 : 기계는 가동되는 동안 무한히 반복할 수 있는 움직임을 통해 자멸적인 기계적 쾌락에 빠지고, 인간의 필멸성은 때때로 기계의 비인간적인 동력에 빠져들게 한다. 생명체와 기계가 서로 탐닉하고 융합하는 과정을 통해 새로운 생명체의 가능성을 시사한다.

02 The Intensity of Fusion
정지할 수 없는 충동의 기계화 : 인간의 뇌와 신경은 본능적으로 생존하려는 충동을 지니고 있지만, 기계적 본능은 단순한 반복에 불과하다. 인간이 자신의 본성을 포기하고 기계적 충동을 받아들일 때,
금속과 살이 더 깊이 얽혀드는 순간이 연상되며, 인간과 비생물 사이에서 새로운 생명체가 탄생할 가능성을 상상하게 한다.

03 The Mechanization of Irresistible Impulses
융합의 격렬함 : 기계와 생명체가 서로를 탐닉하며 충돌하는 순간, 철과 살, 신경과 금속이 거칠게 맞부딪친다. 감각과 무감각, 생명과 무생명이 뒤섞이며 새로운 존재의 가능성이 피어오른다.
이 융합은 단순한 결합이 아니라, 신경적 폭발과 기계적 압력이 교차하는 생성의 장이다.
금속과 피부가 욕망 어린 마찰을 나누는 그 순간, 인간과 기계의 경계는 흐려지고, '유사 생명'이라 불릴 새로운 존재가 탄생의 예고처럼 숨을 내쉰다.

04 The Birth of Artificial Life
유사 생명의 탄생 : 탄생한 새로운 생명체 혹은 부작용을 우리들은
화합하며 지낼 것인가, 인간의 냄새가 나는 기계 그리고 인간.
미래의 우리들이 살아가야 할 방법을 제시한다.","[シノプシス]

01 Living Machines, Mechanical Life
生きている機械、機械的な生命：機械は運転中に無限に繰り返すことができる動きを通して自滅的な機械的快楽に陥り、人間の必死性は時々機械の非人間的な動力に陥ります。生命体と機械が互いに常習し融合する過程を通じて新しい生命体の可能性を示唆する。

02 The Intensity of Fusion
停止できない衝動の機械化：人間の脳と神経は本能的に生き残ろうとする衝動を持っているが、機械的本能は単なる反復に過ぎない。人間が自分の性質を放棄し、機械的衝動を受け入れると、
金属と肉がより深く絡み合う瞬間が連想され、人間と非生物の間で新しい生命体が誕生する可能性を想像させる。

03 The Mechanization of Irresistible Impulses
融合の激しさ：機械と生命体がお互いを常習して衝突する瞬間、鉄と肉、神経と金属が粗く突き当たる。感覚と無感覚、生命と無生命が混ざり合い、新しい存在の可能性が咲きます。
この融合は単なる結合ではなく、神経爆発と機械的圧力が交差する生成の場です。
金属と肌が欲望の若い摩擦を分けるその瞬間、人間と機械の境界はぼやけ、「類似生命」と呼ばれる新たな存在が誕生の予告のように息を吐いた。

04 The Birth of Artificial Life
類似生命の誕生：誕生した新しい生命体や副作用を私たちは
和合して過ごすか、人間の匂いがする機械そして人間。
将来の私たちが生きるべき方法を提示します。"
스타인웨이 위너콘서트 인 코리아: 페루치오 부소니 국제 콩쿠르 우승자 리사이틀,スタインウェイウィナーコンサートインコリア：ペルーチオブソニー国際コンクール優勝リサイタル
"[공연소개]
올해로 개관 15주년을 맞이한 강동아트센터가 선보이는 명품 클래식 시리즈의 시작을 알립니다. 외르크데무스, 마르타 아르헤리치 등 세계적인 피아니스트를 배출한 세계적인 권위의 콩쿠르. 백건우, 서혜경, 이윤수, 김혜진이 수상한 바 있으며, 2015년 문지영, 2021년 박재홍이 우승한 페루치오 부소니 국제 피아노 콩쿠르의 우승자, 이판 우(YIFAN WU)가 강동아트센터를 찾습니다. 88개 건반 위에 그리는 그의 열정적인 선율을 만끽하시길 바랍니다.

[PROGRAM]
D. Scarlatti
Sonata in d minor, K.9 (arr. Carl Tausig in e minor)
스카를라티
소나타 d단조, 작품번호 9

Federico Mompou Paisajes
몸포우 풍경들
Ⅰ. La Fuente y la campana
Ⅱ. El lago

D. Scarlatti
Sonata in e minor, K.233
스카를라티
소나타 e단조, 작품번호 233

F. Busoni
Elegien, BV 252
부소니
엘레지, BV 252
Ⅶ. Berceuse

R. Schumann
Arabeske in C Major, Op.18
슈만
아라베스크 C장조, 작품번호 18

Bach-Busoni
Choralvorspiel Wachet auf, ruft uns die Stimme, BWV 645–BV B 27 No.2
바흐-부소니
‘눈 뜨라고 부르는 소리 있도다,’ 작품번호 645

INTERMISSION

R. Schumann
Piano Sonata No.1 in f# minor, Op.11
슈만
피아노 소나타 제1번 f#단조, 작품번호 11","【公演紹介】
今年で開館15周年を迎えた江東アートセンターが披露する高級クラシックシリーズの始まりを知らせます。エルクデムス、マルタ・アルヘリッチなど世界的なピアニストを輩出した世界的な権威のコンクール。ペク・チュン、ソ・ヘギョン、イ・ユンス、キム・ヘジンが受賞した。 88鍵の上に描く彼の情熱的な旋律を満喫してください。

[PROGRAM]
D. Scarlatti
Sonata in d minor, K.9 (arr. Carl Tausig in e minor)
スカルラティ
ソナタd鍛造、作品番号9

Federico Mompou Paisajes
ボディポーの風景
Ⅰ。 La Fuente y la campana
Ⅱ。 El lago

D. Scarlatti
Sonata in e minor, K.233
スカルラティ
ソナタe鍛造、作品番号233

F. Busoni
Elegien, BV 252
ブソニー
エレッジ、BV 252
Ⅶ。 Berceuse

R. Schumann
Arabeske in C Major, Op.18
シューマン
アラベスクC長調、作品番号18

Bach-Busoni
Choralvorspiel Wachet auf, ruft uns die Stimme, BWV 645–BV B 27 No.2
バッハ - ブソニー
「目覚めと呼ぶ音もある」作品番号645

INTERMISSION

R. Schumann
Piano Sonata No.1 in f# minor, Op.11
シューマン
ピアノソナタ第1番f＃鍛造、作品番号11"
"그렇게 우린,",そう私たちは、
대전시립연정국악원 작은마당,大田市立政府局楽院小庭
"[공연소개]
조선시대 문인 김시습의『금오신화』중 <이생규장전>은 수능 문학과목의 필수 고전으로, 
<이생규장전>을 현대적으로 재해석하고 전통 국악의 정서를 현대적 감성으로 풀어내 예술성과 교육성을 갖춘 뮤지컬

[시놉시스]
하고 싶은 것도 많고 호기심도 많은 꽃다운 나이의 최랑.
부유하고 행복한 집에서 아낌없이 주시는 부모님의 사랑이 좋아, 늘 예쁜 딸로 노력
하며 살았다. 그런데 언제부터였지? 친구들의 연애 소식에 함께 깔깔댄 탓이었던가?
갑자기 찾아온 마음속 꽃 피는 설렘의 바람은, 본인도 어색하지만 나쁘지 않은 것은
사실이다. 나도 사랑하고 싶다. 지금껏 누려온 공짜 사랑 말고, 나로서 가질 수 있는
첫 번째 사랑! 그럴 수만 있다면 후회 없이 쏟아 사랑할 것이다. 그리고 영원히 그 사
랑을 지키고 평생 행복하리다!.
삶은 언 땅처럼 딱딱하지만, 나는 늘 오늘의 나로 사는 거니까.
오늘의 행복을 위해 사는 이생.
학식은 높지만 가난한 집에서 태어난 이생. 아버지의 못다 한 꿈을 위해 살아가지만,
내가 원하는 삶은 아닌걸. 하지만 부모님의 기대를 저버릴 수는 없지.왜 나라고 여인
에게 관심이 없겠는가, 집안의 첫째 목표는 나의 출세. 그전에 사랑이라니, 말도 안
된다. 그렇지만 모든 게 적당한 오늘, 왠지 마음이 이상하다.
이렇게 다른 두사람이 만나, 견고하고 완벽한 사랑이라 느꼈을때 시련이 찾아오는데..","【公演紹介】
朝鮮時代の文であるキム・シソプの『キム・オ・シンファ』の中の＜李生圭章典＞は、修能文学科目の必須古典で、 
＜李生規章展＞を現代的に再解釈し、伝統国楽の感情を現代的感性に解き放ち、芸術性と教育性を備えたミュージカル

[シノプシス]
やりたいことも多く、好奇心も多い花らしい年齢の崇拝。
裕福で幸せな家で惜しみなくくださる両親の愛が好き、いつもきれいな娘に努力
と暮らした。ところでいつからだったの？友達の恋愛の知らせに一緒に詰まったせいでしたか？
突然やってきた心の中で咲くときめきの風は、本人もぎこちないけど悪くないのは
本当だ。私も愛したいです。今まで味わってきた無料の愛ではなく、私として持つことができる
最初の愛！そんなことができれば後悔なしに注いで愛するだろう。そして永遠に
ランを守って一生幸せになる！
人生は凍った地のように硬いが、私はいつも今日の私として生きるのだから。
今日の幸せのために生きる人生。
学食は高いが貧しい家で生まれた異生。お父さんの夢のために生きていくが、
私が欲しい人生ではありません。しかし、両親の期待を捨てることはできません。なぜ私と女性
に興味がないか、家の最初の目標は私の出世。それ以前は愛だとは言わない
なる。しかし、すべてが適当な今日、なんだか心が奇妙だ。
こうして他の二人が出会い、頑固で完璧な愛だと感じた時、試練がやってくるのに…"
"대전시립교향악단 마스터즈 시리즈 4, 홀스트 행성",大田市立交響楽団マスターズシリーズ4、ホルスト惑星
"[PROGRAM]
그리그 _ 피아노 협주곡 가단조, 작품 16
            홀스트 _ 행성, 작품 32","[PROGRAM]
グリグ_ピアノ協奏曲歌鍛造、作品16
            ホルスト_惑星、作品32"
전설 여우신 [수원],伝説のキツネ[水原]
장안구민회관 한누리아트홀,長安区民会館ハンヌリアトホール
경기 수원시 장안구 송원로 101,京畿道水原市長安区松原路101
파개그니니 내한공연 [공주],パググニニ来韓公演[プリンセス]
"[공연소개]

클래식이 지루하다고 누가 말했는가? 상상 초월! 웃느라 정신없는 코믹 현악 4중주!
 
스페인 공연 전문 프로덕션 YLLANA Production이 제작한 현악 4중주 '파개그니니'는 심각하고 엄숙하기만 한 클래식 콘서트의 틀을 깬 독특한 코믹 퍼포먼스이다.
재치있는 유머와 감성을 자극하는 아름다운 음악 메들리로 관객을 사로잡으며, 특히 천재 음악가 파가니니의 복잡한 작곡법과 무모한 성격, 음악적 해석을 이야기
속에 반영한다. 이 공연은 우아한 연주 기술을 가진 4명의 뛰어난 연주자들이 선보이는 '클래식 컨템포러리 음악'이라는 새로운 장르로, 일반 관객뿐만 아니라
음악에 박식한 까다로운 관객들로부터도 찬사를 받았다. 남녀노소 국적 상관없이 전 세계 관객이 즐길 수 있으며, 2008년 영국 에든버러 프린지 페스티벌
'최우수 작품상'을 비롯해 다수의 국제 페스티벌에서 수상하며 작품성을 인정 받았다. 부산국제연극제 개막작으로 초청되어 매진을 기록하기도 했으며,
2026년에는 더욱 업그레이드된 유머와 아이러니로 관객들이 웃음을 통해 무대와 교감할 수 있도록 만들 것이다.


[Program]
 
P. Sarasate – Carmen Fantasie, Op. 25
파블로 사라사테 카르멘 환상곡, 작품번호 25
 
M. de Falla – Spanish Dance from La vida breve
마누엘 데 파야 오페라 <짧은 인생> 중 스페인 무곡
 
L. Boccherini – Minuet in E Major, Op. 13 No. 5
루이지 보케리니 미뉴에트 E장조, 작품번호 13-5
 
J. Pachelbel – Canon in D Major, T. 337
요한 파헬벨 캐논 D장조
 
Pagagnini Quartet – Rhapsody No. 3, Op. 1
파가그니니 콰르텟 랩소디 제3번, 작품번호 1
 
S. Umebayashi – “Yumeji’s Theme” from In the Mood for Love
우메바야시 시게루 영화 <화양연화> OST 중 ‘유메지의 테마’
 
W. A. Mozart – Violin Concerto No. 3 in G Major, K. 216
볼프강 아마데우스 모차르트 바이올린 협주곡 제3번 G장조, 작품번호 216
 
U2 – “With or Without You”
유투 ‘당신이 함께이거나 아니거나’
 
S. Gainsbourg – “La Javanaise”
세르주 갱스부르 ‘라 자바네즈’
 
N. Paganini – Caprice No. 24, Op. 1
니콜로 파가니니 카프리스 제24번, 작품번호 1
 
A. Vivaldi – The Four Seasons
안토니오 비발디 사계
 
* 상기 프로그램은 출연진의 사정에 의해 변경될 수 있습니다.","【公演紹介】

クラシックが退屈だと誰が言いましたか？想像超越！笑う精神のないコミック弦楽四重奏！
 
スペイン公演専門プロダクションYLLANA Productionが製作した弦楽四重奏「パググニニー」は深刻で厳粛なクラシックコンサートの枠を破った独特のコミックパフォーマンスだ。
気の利いたユーモアと感性を刺激する美しい音楽メドレーで観客を魅了し、特に天才音楽家パガニーニの複雑な作曲法と無謀な性格、音楽的解釈を語る
中に反映する。この公演はエレガントな演奏技術を持つ4人の優れた演奏者たちが披露する「クラシックコンテンポラリー音楽」という新しいジャンルで、一般観客だけでなく
音楽に迫った厳しい観客からも賛辞を受けた。男女老若国籍に関係なく、世界中の観客が楽しむことができ、2008年イギリスエジンバラフリンジフェスティバル
「最優秀作品賞」をはじめ、多数の国際フェスティバルで受賞し、作品性を認められた。釜山国際演劇祭の開幕作として招待され、完売を記録したり、
2026年にはさらにアップグレードされたユーモアと皮肉なので、観客が笑いを通して舞台と交感できるようにするだろう。


[Program]
 
P. Sarasate – Carmen Fantasie, Op. 25
パブロサラサテカルメンファンタジー曲、作品番号25
 
M. de Falla – Spanish Dance from La vida breve
マヌエル・デ・パヤ・オペラ<短命>のうちスペイン
 
L. Boccherini – Minuet in E Major, Op. 13 No. 5
ルイジ・ボケリーニ・ミニューエットE長調、作品番号13-5
 
J. Pachelbel – Canon in D Major, T. 337
ヨハン・パヘルベル・キヤノンD長調
 
Pagagnini Quartet – Rhapsody No. 3、Op。 1
パガニーニ・クアルテット・ラプソディ第3番、作品番号1
 
S. Umebayashi – “Yumeji’s Theme” from In the Mood for Love
梅林しげる映画＜花陽軟化＞OST中「夢の寺のテーマ」
 
W. A. Mozart – Violin Concerto No. 3 in G Major, K. 216
ヴォルフガング・アマデウス・モーツァルト・ヴァイオリン協奏曲第3番G長調、作品番号216
 
U2 – “With or Without You”
ゆう「あなたが一緒だったりしないか」
 
S. Gainsbourg – “La Javanaise”
セルジュ・ギャングスブル「ラ・ジャヴァネス」
 
N. Paganini – Caprice No. 24、Op。 1
ニコロパガニーニカプリス第24番、作品番号1
 
A. Vivaldi – The Four Seasons
アントニオ・ヴィヴァルディ四季
 
*上記プログラムは出演者の都合により変更されることがあります。"
"아침을 여는 클래식, 바이올리니스트 최송하 [대전] (6월)",朝を開くクラシック、ヴァイオリニストチェ・ソンハ[大田]（6月）
"[프로그램]

풀랑크 _ 바이올린과 피아노를 위한 소나타, FP 119
F. Poulenc _ Sonata for Violin and Piano, FP 119

차이콥스키 _ 바이올린과 피아노를 위한 소중한 곳의 추억, Op.42
P. I. Tchaikovsky _ Souvenir d’un lieu cher for Violin and Piano, Op.42

차이콥스키 _ 바이올린과 피아노를 위한 왈츠-스케르초 다장조, Op.34
P. I. Tchaikovsky _ Valse-Scherzo for Violin and Piano C Major, Op.34

* 본 공연의 프로그램은 연주자 사정에 의해 사전 공지 없이 변경될 수 있습니다.","[プログラム]

プランク_ヴァイオリンとピアノのためのソナタ、FP 119
F. Poulenc _ Sonata for Violin and Piano, FP 119

チャイコブスキー_ヴァイオリンとピアノのための大切な場所の思い出、Op.42
P. I. Tchaikovsky _ Souvenir d’un lieu cher for Violin and Piano, Op.42

チャイコプスキー_ヴァイオリンとピアノのためのワルツ-スケルチョ多長調、Op.34
P. I. Tchaikovsky _ Valse-Scherzo for Violin and Piano C Major, Op.34

*本公演のプログラムは、演奏者事情により事前のお知らせなく変更されることがあります。"
주현미 효 콘서트: 가요 백년을 노래하다 [공주],チュ・ヒョンミヒョコンサート：歌謡百年を歌う[プリンセス]
"[공연소개]

`세월이 흘러도 변치 않는 '클래스', 부모님께 드리는 최고의 공연
 
대한민국 대중음악사의 살아있는 전설 주현미가 공주문예회관의 무대를 화려하게 수놓는다. K-POP의 화려함 속에서도
독보적인 존재감을 발휘하는 그녀의 목소리는 시대를 관통하는 예술적 가치를 지닌 라이브의 여왕 그 자체이다.
데뷔 40주년을 훌쩍 넘긴 주현미는 <신사동 그 사람>, <애수의 소야곡> 등 전 국민 애창곡은 물론, <번지없는 주막>,
<봄날은 간다>와 같은 한국 전통가요의 정수를 현대적 감각으로 재해석하여 들려줄 예정이다. 이는 부모님 세대에게는 사무치는
그리움을, 자녀 세대에게는 깊이 있는 음악적 울림을 전하는 특별한 시간이 될 것이다. 가장 특별한 날 부모님의 가장 빛나던 시절을
다시 선물하는 것. 이번 콘서트는 그 어떤 선물보다 품격 있고 의미 있는 어버이날의 선택이 될 것이다.


[프로그램]

백년설  번지없는 주막
 
고운봉  선창
 
백난아  찔레꽃
 
남인수  애수의 소야곡
 
백설희  봄날은 간다 외
 
※ 상기 프로그램은 출연진의 사정에 의해 변경될 수 있습니다.","【公演紹介】

「歳月が流れても変わらない「クラス」、両親に差し上げる最高の公演
 
大韓民国大衆音楽史の生きている伝説のチュ・ヒョンミが姫文芸会館の舞台を華やかに彩る。 K-POPの華やかさの中でも
独歩的な存在感を発揮する彼女の声は、時代を貫く芸術的価値を持つライブの女王そのものだ。
デビュー40周年をふんだんに渡したチュ・ヒョンミは<新沙洞その人>、<愛守のソヤ曲>など全国民愛唱曲はもちろん、<番地のないスズメ>、
<春の日は行く>のような韓国伝統歌謡の定数を現代的な感覚で再解釈して聞かせる予定だ。これは両親の世代にとっては
懐かしさを、子ども世代には深い音楽的響きを伝える特別な時間になるだろう。最も特別な日の両親の最も輝いた時代
再プレゼントすること。今回のコンサートは、どんな贈り物よりも品格で意味のある母の日の選択になるだろう。


[プログラム]

百年雪のバンジーのない主幕
 
コウンボンドック
 
白南亜の刺身
 
ナム・ヒョンス
 
白雪姫春の日は行きます。
 
※上記プログラムは出演陣の都合により変更されることがあります。"
유키 구라모토 콘서트 [공주],雪倉本コンサート【姫】
"[Program]
 
Lake Louise(레이크 루이즈)
Romance(로망스) 외
 
* 상기 프로그램은 출연진의 사정에 의해 변경될 수 있습니다.","[Program]
 
Lake Louise（レイクルイーズ）
Romance（ロマンス）他
 
*上記プログラムは出演者の都合により変更されることがあります。"
조혜련X김효진의 사랑해 엄마 [공주],チョ・ヘリョンXキム・ヒョジンの愛するママ[プリンセス]
"[공연소개]

방송인 조혜련의 첫 연출 및 출연작!
1980년대, 시장통 억척 엄마... 바로 우리네 엄마 이야기!
 
방송인 조혜련이 연출과 주연을 맡아 화제를 모은 연극 <시랑해 엄마>는 1980년대, 남편을 잃고 시장에서 억척스럽게
생선을 팔며 아들 하나만 바라보고 살아온 '옥희'의 이야기이다.
엄마의 끝없는 희생을 당연하게만 알았던 철부지 아들 '철동'이 뒤늦게 엄마의 사랑을 깨닫는 과정을 그렸다.
그 시절, 우리네 엄마들의 모습을 떠올리게 하는 유쾌한 웃음과 가슴 찡한 감동이 무대를 가득 채운다.
5월 가정의 달, 잊고 지낸 부모님의 사랑을 되새기며 온 가족이 함께 웃고 울 수 있는 따뜻한 시간이 될 것이다.


[시놉시스]
 
""오이소 보이소 사이소~~""
 
남편 없이 혼자 생선 장사를 하면서 여자가 아닌 엄마로써 강하게 살아온 엄마
그런 엄마에게 항상 무뚝뚝하고 철 없는 아들
 
...어느날, 엄마는 암 선고를 받게 되고
 
""엄마""
 
""와""
 
""내 아프다.. 아파 죽을 것 같다.""
 
""괘안타..좀있으면 괘안아 진다.""
 
""진짜가?""
 
""엄마""
 
""와""
 
""내 혼자서 잘 할 수 있나""
 
""그라믄.. 누구 아들인데.. 엄마는 하나도 걱정 안된다. 잘 할 수 있다.""
 
"".......""
 
""철동아.. 엄마 간데이...""","【公演紹介】

放送人チョ・ヘリョンの初演出＆出演作！
1980年代、市場の痛みを抑えるお母さん…まさに私たちのお母さんの話！
 
放送人チョ・ヘリョンが演出と主演を引き受けて話題を集めた演劇<シランヘママ>は1980年代、夫を失って市場で無理やり
魚を売って息子一つだけ見て生きてきた「オクヒ」の話だ。
ママの果てしない犠牲を当然だけ知っていたチョンブジの息子「チョルドン」が、遅れてママの愛を悟る過程を描いた。
その時代、私たちのお母さんたちの姿を思い出させる愉快な笑いと胸がゆっくりとした感動が舞台をいっぱい満たしている。
5月の家庭の月、忘れて過ごした両親の愛を振り返り、家族全員が一緒に笑って泣くことができる暖かい時間になるだろう。


[シノプシス]
 
「大磯ボーイソサイソー～～」
 
夫なしで一人で魚の商売をしながら女性ではなくママとして強く生きてきたママ
そんなお母さんにいつも鈍くて鉄のない息子
 
...ある日、お母さんはがん宣告を受けます。
 
「ママ」
 
「と」
 
「私の病気だ。痛い死にそうだ」
 
「カムアンタ..ちょっとあればグアン抱く。」
 
「本当ですか？」
 
「ママ」
 
「と」
 
「私一人で上手にできますか」
 
「グラムム…誰の息子なのに…ママは一つも心配しない。うまくできる。」
 
「………」
 
「チョル・ドン…ママ・ガンデー…」"
"공주시충남교향악단과 함께하는 명곡시리즈 Ⅱ, 리처드 용재 오닐 & 라흐마니노프 [공주]",王女市忠南交響楽団と共に名曲シリーズⅡ、リチャード・ヨンジェ・オニール＆ラフマニノフ [姫]
"[Program]
 
W. Walton - Viola Concerto in a minor
월튼   비올라 협주곡 가단조
Ⅰ. Andante comodo
Ⅱ. Vivo, con molto preciso
Ⅲ. Allegro moderato
 
S. Rachmaninoff - Symphony No. 2 in e minor, Op. 27
라흐마니노프   교향곡 제2번 마단조, 작품 27
Ⅰ. Largo - Aellegro moderato
Ⅱ. Allegro molto
Ⅲ. Adagio
IV. Allegro vivace
 
* 상기 프로그램은 출연진의 사정에 의해 변경될 수 있습니다.","[Program]
 
W. Walton - Viola Concerto in a minor
ウォルトン・ヴィオラ協奏曲歌鍛造
Ⅰ。 Andante comodo
Ⅱ。 Vivo, con molto preciso
Ⅲ。 Allegro moderato
 
S. Rachmaninoff - Symphony No. 2 in e minor, Op. 27
ラフマニノフ交響曲第2番マダンジョ、作品27
Ⅰ。 Largo - Aellegro moderato
Ⅱ。 Allegro molto
Ⅲ。 Adagio
IV。 Allegro vivace
 
*上記プログラムは出演者の都合により変更されることがあります。"
"공주시충남교향악단과 함께하는 명곡시리즈 Ⅰ, 백건우 & 브람스 [공주]",姫市忠南交響楽団と共に名曲シリーズⅠ、ペクゴンウ＆ブラームス[プリンセス]
"[프로그램]

J. Brahms -  Piano Concerto No.2 in B-flat Major, Op. 83
브람스   피아노 협주곡 제2번 내림 나장조, 작품 83
 I. Allegro non troppo
 II. Allegro appassionato
 III. Andante
 IV. Allegretto grazioso
 
J. Brahms - Symphony No. 4 in e minor, Op. 98
브람스   교향곡 제4번 마단조, 작품 98
 I. Allegro non troppo
 II. Andante moderato
 III. Allegro giocoso-Poco meno presto
 IV. Allegro energico e passionato
 
※ 상기 프로그램은 출연진의 사정에 의해 변경될 수 있습니다.","[プログラム]

J. Brahms - Piano Concerto No.2 in B-flat Major, Op. 83
ブラームスピアノ協奏曲第2番降りナ長調、作品83
 I. Allegro non troppo
 II. Allegro appassionato
 III. Andante
 IV。 Allegretto grazioso
 
J. Brahms - Symphony No. 4 in e minor, Op. 98
ブラームス交響曲第4番マダンジョ、作品98
 I. Allegro non troppo
 II. Andante moderato
 III. Allegro giocoso-Poco meno presto
 IV。 Allegro energico e passionato
 
※上記プログラムは出演陣の都合により変更されることがあります。"
"공주문화회관 기획공연, 다니엘 린데만 x 천지윤: 조이 콘서트 [공주]",プリンセス文化会館企画公演、ダニエル・リンデマン×チョン・ジユン：ジョイコンサート[プリンセス]
"[Program]
 
바르톡 루마니아 포크 댄스
B. Bartók - Romanian Folk Dances
앙상블 자연의 소리

피아노와 현악 합주를 위한 세레나데
Daniel Lindemann - Serenade for Piano and String Ensemble
피아노 다니엘 린데만 & 앙상블 자연의 소리

베토벤 오케스트라와 바이올린을 위한 로망스 제2번
L. v. Beethoven - Romance No. 2 for Violin and Orchestra
바이올린 차인홍 & 앙상블 자연의 소리

대지의 봄 (중중모리 – 굿거리 – 자진모리)
Ji-Yoon Chun - Spring of the Earth
해금  천지윤

피아졸라 사계 중 ‘겨울’
A. Piazzolla – Invierno Porteño (from Las Cuatro Estaciones Porteñas)
해금 천지윤 & 앙상블 자연의 소리

IL Mondo (영화 「어바웃 타임」 OST)
Jimmy Fontana - Il Mondo (from the film “About Time”)
테너 김현수 & 앙상블 자연의 소리

바람이 불어 (윤동주 시)
Mi-Rae Hwang - When the Wind Blows (Poem by Yoon Dong-ju)
테너 김현수 & 앙상블 자연의 소리

하이든 교향곡 제6번 “아침”
J. Haydn - Symphony No. 6 in D Major, “Le Matin”
앙상블 자연의 소리

*상기 프로그램은 출연진의 사정에 의해 변경될 수 있습니다.","[Program]
 
バルトクルーマニアフォークダンス
B. Bartók - Romanian Folk Dances
アンサンブル自然の音

ピアノと弦楽の合奏のためのセレナーデ
Daniel Lindemann - Serenade for Piano and String Ensemble
ピアノダニエルリンデマン＆アンサンブル自然の音

ベートーヴェンオーケストラとヴァイオリンのためのロマンス第2番
L. v. Beethoven - Romance No. 2 for Violin and Orchestra
ヴァイオリンチャインホーン＆アンサンブル自然の音

大地の春
Ji-Yoon Chun - Spring of the Earth
解禁チョン・ジユン

ピアゾラ四季の中で「冬」
A. Piazzolla – Invierno Porteño (from Las Cuatro Estaciones Porteñas)
解禁チョン・ジユン＆アンサンブル自然の音

IL Mondo (映画「アバウトタイム」OST)
Jimmy Fontana - Il Mondo (from the film “About Time”)
テナーキム・ヒョンス＆アンサンブル自然の音

風が吹く（ユン・ドンジュ）
Mi-Rae Hwang - When the Wind Blows (Poem by Yoon Dong-ju)
テナーキム・ヒョンス＆アンサンブル自然の音

ハイドン交響曲第6番「朝」
J. Haydn - Symphony No. 6 in D Major, “Le Matin”
アンサンブル自然の音

*上記プログラムは出演陣の都合により変更されることがあります。"
"아침을 여는 클래식, 기타리스트 박지형 [대전] (5월)",朝を開くクラシック、ギタリストパク・ジヒョン[大田]（5月）
"[공연소개]
대전예술의전당의 명실상부한 스테디셀러 ‘아침을 여는 클래식’이 새로운 음악가들과 함께 여러분의 아침을 두드립니다. 신록의 계절을 맞은 젊은 연주자부터 관록의 무대로 담대함을 보여줄 중견 연주자까지 다양한 편성과 프로그램이 준비되어 있습니다. 지난해 클래식에 대한 넓고 깊은 해설, 위트있는 진행으로 매회 연주자들과 엄청난 호흡을 보여줬던 음악평론가 송현민이 올해도 함께합니다. ‘2026 아침을 여는 클래식’과 함께 음악의 아름다움, 감상의 즐거움을 만끽하는 시간 가지시길 바랍니다.

[PROGRAM]
바흐 _ 비발디 주제에 의한 협주곡 라장조, BWV 972 (편곡 주디카엘 페루아)
J. S. Bach _ Concerto in D Major (after Vivaldi), BWV 972 (arr. Judicaël Perroy)
I. Allegro
II. Larghetto
III. Allegro

안토니오 카를로스 조빔/빈치우스 드 모라에스 _ 펠리시다지 (롤랑 디앙 편곡)
Antonio Carlos Jobim / Vinicius de Moraes _ Felicidade (arr. Roland Dyens)

에롤 가너 _ 미스티 (롤랑 디앙 편곡)
Erroll Garner _ Misty (arr. Roland Dyens)

콜 포터 _ 밤과 낮 (롤랑 디앙 편곡)
Cole Porter _ Night and Day (arr. Roland Dyens)

아구스틴 바리오스 망고레 _ 마주르카 아파시오나타
Agustín Barrios Mangoré _ Mazurka Appassionata 

롤랑 디앙 _ 기타를 위한 트리아엘라
Roland Dyens _ Triaela for Guitar
I. Light Motif (Takemitsu au Bresil)
II. Black Horn (When Spain Meets Jazz)
III. Clown Down (Gismonti au Cirque)
 
* 본 공연의 프로그램은 연주자 사정에 의해 사전 공지 없이 변경될 수 있습니다.","【公演紹介】
大田芸術の殿堂の名実共に定番の「朝を開くクラシック」が新しいミュージシャンたちと共に皆様の朝をお披露目します。新緑の季節を迎えた若い演奏者から、観録の舞台で大胆さを見せる中堅演奏者まで、様々な組み合わせとプログラムが用意されています。昨年、クラシックに対する広くて深い解説、ウィットのある進行で毎回演奏者たちと膨大な呼吸を見せてくれた音楽評論家ソン・ヒョンミンが今年も一緒にします。 「2026朝を開くクラシック」と一緒に音楽の美しさ、感想の楽しさを満喫する時間をお過ごしください。

[PROGRAM]
バッハ_ビバルディ主題による協奏曲ラ・チャンジョ、BWV 972(編曲ジュディカエル・ペルーア)
J. S. Bach_ Concerto in D Major (after Vivaldi), BWV 972 (arr. Judicaël Perroy)
I. Allegro
II.ラーゲット
III. Allegro

アントニオ・カルロス・ジョビン/ヴィンチウス・ド・モラエス_フェリシダッジ（ローラン・ディアン編曲）
Antonio Carlos Jobim / Vinicius de Moraes _ Felicidade (arr. Roland Dyens)

エロールガーナー_ミスティ（ローランディアン編曲）
Erroll Garner _ Misty (arr. Roland Dyens)

コールポーター_夜と昼（ローランディアン編曲）
Cole Porter _ Night and Day (arr. Roland Dyens)

アグスティンバリオスマンゴーレ_マズルカアパシオナタ
Agustín Barrios Mangoré _ Mazurka Appassionata 

ローラン・ディアン_ギターのためのトリアエラ
Roland Dyens_ Triaela for Guitar
I. Light Motif (Takemitsu au Bresil)
II. Black Horn (When Spain Meets Jazz)
III. Clown Down (Gismonti au Cirque)
 
*本公演のプログラムは、演奏者事情により事前のお知らせなく変更されることがあります。"
"아침을 여는 클래식, 벤투스 브라스 퀸텟 [대전] (4월)",朝を開くクラシック、ベントス・ブラス・キンテット [大田] (4月)
"[프로그램]


헨델 _ 왕궁의 불꽃놀이 음악 중 IV. 환희
G. F. Handel _ Music for the Royal Fireworks, HWV 351, IV. La Réjouissance

 

하이든 _ 테 데움 다장조 중
I. 주님을 찬미하나이다. II. 주님께 간구하나이다. III. 성인들과 함께 영원하게 하소서
F. J. Haydn _ Te Deum in C Major, Hob.XXIIIc:2
I. Te Deum laudamus II. Te ergo quaesumus III. Aeterna fac cum sanctis tuis

 

바그너 _ [로엔그린] 중 ‘결혼행진곡’
R. Wagner _ Lohengrin, WWV 75: Wedding March

 

엔니오 모리코네 _ 가브리엘의 오보에
Ennio Morricone _ Gabriel’s Oboe

 

멘델스존 _ [한 여름밤의 꿈] 중 ‘결혼행진곡’
F. Mendelssohn _ ‘Wedding March’ from ‘A Midsummer Night’s Dream’

 

서영찬 _ 튜바 판타지
Youngchan Seo _ Tuba Fantasie

 

작곡가 미상 _ 어메이징 그레이스 (캐나디언 브라스 편곡)
Amazing Grace (Arr. Canadian Brass)

 

해롤드 월터스 _ 인스턴트 콘서트
Harold L. Walters _ Instant Concert

 

루더 헨더슨 편곡 _ 성자의 할렐루야
Arr. Luther Henderson _ The Saint’s Hallelujah

 

* 본 공연의 프로그램은 연주자 사정에 의해 사전 공지 없이 변경될 수 있습니다.","[プログラム]


ヘンデル_王宮の花火音楽の中IV。歓喜
G. F. Handel _ Music for the Royal Fireworks, HWV 351, IV. La Réjouissance

 

ハイドン_テデウム多長調
I.主を賛美する。 II.主に頼む一つだ。 III.大人と一緒に永遠にしてください。
F. J. Haydn _ Te Deum in C Major, Hob.XXIIIc:2
I. Te Deum laudamus II. Te ergo quaesumus III. Aeterna fac cum sanctis tuis

 

ワーグナー_ [ローエングリーン]の中で「結婚行進曲」
R. Wagner _ Lohengrin, WWV 75: Wedding March

 

エンニオ・モリコーネ_ガブリエルのオーボエ
Ennio Morricone _ Gabriel’s Oboe

 

メンデルスゾーン_ [ある夏の夜の夢]の中で「結婚行進曲」
F. Mendelssohn _ ‘Wedding March’ from ‘A Midsummer Night’s Dream’

 

ソ・ヨンチャン_チューバファンタジー
Youngchan Seo _ Tuba Fantasie

 

作曲家未賞_アメイジンググレース（カナディアンブラス編曲）
Amazing Grace (Arr. Canadian Brass)

 

ハロルド・ウォルターズ_インスタントコンサート
Harold L. Walters _ Instant Concert

 

ルーダー・ヘンダーソン編曲_聖者のハレルヤ
Arr。 Luther Henderson _ The Saint’s Hallelujah

 

*本公演のプログラムは、演奏者事情により事前のお知らせなく変更されることがあります。"
나와 할아버지 [공주],私と祖父[プリンセス]
"[공연소개]
전쟁 통에 헤어진 옛사랑을 찾아 나선 할아버지와, 멜로드라마를 꿈꾸던 손자의 가슴 뭉클한 진짜 이야기
 
화려한 무대 기법 없이도 꽉 채워지는 감동, 이것이 '진짜' 이야기의 힘!
연극 <나와 할아버지>는 극단 '공연배달서비스 간다'의 대표이자 연출가인 민준호의 실제 이야기를 바탕으로 만들어진 작품이다.
멋진 멜로드라마를 쓰고 싶어 하던 공연 대본 작가 '준희'가 외할아버지를 관찰하며 완성해 나가는 이 연극은, 인위적인 연출 없이 
소박하고 진솔한 우리네 삶의 풍경을 그려낸다. ""할머니, 할아버지라고 부르는 그분들도 한때는 뜨거운 사랑을 했던 청춘이었다""는
사실을 일깨워주며, 전 세대를 아우르는 깊은 공감과 따뜻한 위로를 선사한다. 

[시놉시스]
멜로드라마가 쓰고 싶은 혈기만 왕성한 공연대본작가 '준희'
할아버지의 옛사랑을 찾아 나서게 되면서, 진짜 '삶'을 발견한다.
 
준희는 멋진 멜로드라마를 쓰고 싶은 혈기 넘치는 공연대본작가이다.
그의 선생님께서는 그의 외할머니와 할아버지를 관찰하고 완성해보란다.
 
하지만 글쓰기 시작도 전에 갑자기 쓰러지신 할머니.
결국 할아버지만을 관찰하기 시작한 준희는
할아버지의 음성을 녹음하고 할아버지의 과거 이야기를 듣는다.
결국엔 할머니가 쓰러지시기 전에 ""절대 찾는 거도와주지 말라.""고 당부하시던,
할아버지의 지인까지 함께 찾아 나선다.
할아버지의 얘기를 듣다 보니 왠지 여자분일 것 같다! 할아버지의 첫사랑일까?
 
왠지 멜로드라마가 완성될 수도 있다는 기대감에 할머니의 말씀을 어기고,
임수임 할머니를 함께 찾아나서는 준희.
 
그 길에는 준희가 쓰고 싶은 재미있는 길이 놓여있을까?","【公演紹介】
戦争樽に別れた昔の愛を探し出したおじいちゃんと、メロドラマを夢見ていた孫のおっぱいムンクル本物の物語
 
華やかな舞台技法なしでいっぱいに満たされる感動、これが「本物」の物語の力！
演劇<私とおじいちゃん>は劇団'公演配信サービス行く'の代表で演出家のミン・ジュノの実際の話を元に作られた作品だ。
素敵なメロドラマを書きたかった公演台本作家'ジュンヒ'が外祖父を観察して完成していくこの演劇は、人為的な演出なし 
素朴で率直な私たちの人生の風景を描き出す。 「おばあちゃん、おじいちゃんと呼ぶ彼方も、かつては熱い愛をした青春だった」
事実を思い出させ、前世代を合わせる深い共感と暖かい慰めをプレゼントする。 

[シノプシス]
メロドラマが書きたい血気だけ旺盛な公演台本作家「ジュンヒ」
おじいちゃんの昔の愛を探し出して、本物の「人生」を発見する。
 
ジュンヒは素敵なメロドラマを書きたい血気あふれる公演台本作家だ。
彼の先生は彼のおばあちゃんと祖父を観察して完成してみてください。
 
しかし、書き始める前に突然倒れたおばあちゃん。
結局、祖父だけを観察し始めたジュンヒは
おじいちゃんの声を録音し、おじいちゃんの過去の話を聞く。
結局はおばあちゃんが倒れる前に「絶対探すこともやってはいけない」と呼びかけた、
おじいちゃんの知人まで一緒に訪れる。
おじいちゃんの話を聞いてみるとなんだか女子らしい！おじいちゃんの初恋かな？
 
なんだかメロドラマが出来上がるかもしれないという期待感におばあちゃんの言葉を破り、
イム・スイムおばあちゃんを一緒に探してはジュンヒ。
 
その道にはジュニが書きたい面白い道が置かれているのだろうか？"
리투아니아 체임버 오케스트라 with 첼리스트 홍진호 [천안],リトアニア・チェンバー・オーケストラ with チェリスト・ホン・ジンホ [天安]
천안예술의전당 대공연장,天安芸術の殿堂大公演場
충남 천안시 동남구 성남면 종합휴양지로 185,忠南天安市東南区城南面総合リゾート地路185
"[PROGRAM]
M. K. Čiurlionis - 5 Preludes (arr. Saulius Sondeckis)
칠리오니스 - 5개의 전주곡

F.  Latėno - Bolero
라테나스 - 볼레로

D. Tabakova - Concerto for Cello and Strings
타바코바 - 첼로와 현악을 위한 협주곡

INTERMISSION

W. A. Mozart - Serenade No. 13 in G Major, K.525 〈Eine kleine Nachtmusik〉
모차르트 - 세레나데 사장조, 작품525<아이네 클라이네 나흐트무지크>

C. Saint-Saëns - Introduction and Rondo Capriccioso In A Minor, Op. 28
생상스 - 서주와 론도 카프리치오소 가단조 작품28

P. Sarasate - Introduction and Tarantella, Op. 43
   사라사테 - 서주와 타란텔라, 작품43
              - Zigeunerweisen Op. 20 
                찌고이네르바이젠, 작품20

* 본 프로그램은 사정에 의해 변동될 수 있습니다.","[PROGRAM]
M. K. Čiurlionis - 5 Preludes (arr. Saulius Sondeckis)
チリオニス - 5つの前奏曲

F. Latėno - Bolero
ラテナス - ボレロ

D. Tabakova - Concerto for Cello and Strings
タバコバ - チェロと弦楽のための協奏曲

INTERMISSION

W. A. Mozart - Serenade No. 13 in G Major, K.525 〈Eine kleine Nachtmusik〉
モーツァルト - セレナーデ社長組、作品525＜アイネ・クライネ・ナハット・ムジク＞

C. Saint-Saëns - Introduction and Rondo Capriccioso In A Minor, Op. 28
サンサンス - ソジュとロンド・カプリチオソ・ガダンジョ作品28

P. Sarasate - Introduction and Tarantella, Op. 43
   サラサテ - ソジュとタランテラ、作品43
              - Zigeunerweisen Op. 20 
                チゴイネルバイゼン、作品20

*本プログラムは事情により変動することがあります。"
서울시향 아주 특별한 콘서트,ソウル市郷非常に特別なコンサート
"[프로그램]

몬티, 마림바, 비브라폰과 관현악단을 위한 ‘차르다시’ (편곡: 이상준)
V. Monti, Csárdás for Marimba, Vibraphone & Orchestra (arr. Sangjun Lee)

차이콥스키, 교향곡 제5번
Tchaikovsky, Symphony No. 5 in E minor Op. 64

* 프로그램 및 연주자가 변경될 수 있습니다.","[プログラム]

モンティ、マリンバ、ビブラポンと管弦楽団のための「チャルダシ」（編曲：イ・サンジュン）
V. Monti, Csárdás for Marimba, Vibraphone & Orchestra (arr. Sangjun Lee)

チャイコブスキー、交響曲第5番
Tchaikovsky, Symphony No. 5 in E minor Op. 64

*プログラムや演奏者が変更されることがあります。"
피터 야블론스키 & 김정원 피아노 듀오 리사이틀 [청주],ピーター・ヤブロンスキー＆キム・ジョンウォンピアノデュオリサイタル[清州]
청주아트홀 구. 청주시민회관) (청주아트홀 (구. 청주시민회관),清州アートホール区。清州市民会館）（清州アートホール（旧清州市民会館）
충북 청주시 서원구 예체로 118-1,忠北清州市西原区イェチェロ118-1
"[공연소개]
‘스타’라는 개념을 클래식계에 새롭게 각인시킨 두 피아니스트,
피터 야블론스키와 김정원.
데뷔 당시 아이돌을 연상케 하는 외모와 카리스마, 그리고 그에 걸맞는
실력과 음악적 깊이로 각자의 길에서 독보적인 궤적을 그려온 두 아티스트.
15 년 전 예술의전당에서의 첫 듀오 무대를 기억하시나요?
그 후 계속 이어온 음악적 교류와 우정 속에서 거장으로 향해 걷고 있는
두 사람은, 더욱 원숙해진 해석과 눈빛만으로도 통하는 호흡으로,
단순한 협연을 넘어 시대를 관통하는 음악적 대화를 들려줄 것입니다.

피아니스트 피터 야블론스키와 김정원은 나란히 1990년대와 2000년대를 대표하는 클래식계의 스타 아이콘으로 데뷔해, 깊이 있는 음악성과 폭넓은 대중적 사랑을 동시에 받아온 연주자들입니다. 이번 듀오 리사이틀에서는 대중이 가장 사랑하는 교향곡 중 하나인 베토벤의 교향곡 9번을, ‘피아노의 마술사’ 프란츠 리스트가 두 대의 피아노를 위해 편곡한 특별한 버전으로 선보입니다.
그 외에도 두 대의 피아노, 네 개의 손이 만들어내는 다채롭고 환상적인 프로그램을 통해 두 연주자의 섬세한 감성과 탁월한 호흡을 조명하며, 한 시대를 함께 걸어온 예술가들만이 나눌 수 있는 깊이 있는 음악적 대화를 무대 위에 펼쳐냅니다.

[PROGRAM]
M. Ravel - Rapsodie Espagnole

Witold Lutosławski – Variations on a Theme by Paganini for Two Pianos

L.V. Beethoven – Symphony No. 9 in d minor, Op. 125 “Choral” (arr. F. Liszt)","【公演紹介】
「スター」という概念をクラシック界に新たに刻印させた二人のピアニスト、
ピーター・ヤブロンスキーとキム・ジョンウォン。
デビュー当時アイドルを連想させるルックスとカリスマ、そしてそれにふさわしい
実力と音楽的深さで、それぞれの道から独歩的な軌跡を描いてきた2人のアーティスト。
15年前、芸術の殿堂での最初のデュオステージを覚えていますか？
その後ずっと続いてきた音楽的交流と友情の中で巨匠に向かって歩いている
二人は、さらに円熟した解釈と目つきだけでも通じる呼吸で、
単純な共演を超えて時代を貫く音楽的会話を聞かせてくれるでしょう。

ピアニスト・ピーター・ヤブロンスキーとキム・ジョンウォンは並んで1990年代と2000年代を代表するクラシック界のスターアイコンでデビューし、深い音楽性と幅広い大衆的愛を同時に受けてきた演奏者たちです。今回のデュオリサイタルでは、大衆が最も愛する交響曲の一つであるベートーヴェンの交響曲9番を、「ピアノの魔術師」フランツリストが2台のピアノのために編曲した特別なバージョンで披露します。
他にも2つのピアノ、4つの手が生み出す多彩で幻想的なプログラムを通じて、2人の演奏者の繊細な感性と卓越した呼吸を照明し、1時代を一緒に歩いてきたアーティストだけが分けることができる深い音楽的会話を舞台上に広げます。

[PROGRAM]
M. Ravel - Rapsodie エスパノール

Witold Lutosławski – Variations on a Theme by Paganini for Two Pianos

L.V. Beethoven – Symphony No. 9 in d minor, Op. 125「Choral」（arr. F. Liszt）"
슈투트가르트 필하모닉 오케스트라,シュトゥットガルトフィルハーモニー管弦楽団
"[프로그램]

베토벤     바이올린 협주곡 D장조, Op. 61
L. van Beethoven     Violin Concerto in D Major, Op. 61

                      INTERMISSION

베토벤     교향곡 제4번 Bb장조, Op. 60
L. van Beethoven     Symphony No. 4 in Bb Major, Op. 60

*프로그램은 연주자의 사정에 의해 사전 예고 없이 변경될 수 있습니다.","[プログラム]

ベートーベンヴァイオリン協奏曲D長調、Op。 61
L. van Beethoven Violin Concerto in D Major, Op. 61

                      INTERMISSION

ベートーヴェン交響曲第4番Bb長調、Op。 60
L. van Beethoven Symphony No. 4 in Bb Major, Op. 60

*プログラムは演奏者の事情により予告なく変更されることがあります。"
키안 솔타니 & 박재홍 듀오 리사이틀,キアンソルタニー＆パク・ジェホンデュオリサイタル
"[공연소개]
‘깊은 음악성과 독보적인 존재감’으로 세계 무대의 주목을 받아온 첼리스트 키안 솔타니와 국제 콩쿠르를 통해 빠르게 입지를 넓혀온 피아니스트 박재홍이 듀오 리사이틀을 선보인다.
아이슬란드 심포니 오케스트라 상주 아티스트인 솔타니는 더 타임스가 “주목할 만한 첼리스트”, 그라모폰이 “완벽 그 자체”라고 평한 연주자로, 도이치 그라모폰 전속 아티스트로서 베를린 슈타츠카펠레, 뮌헨 필하모닉, NHK 심포니 등 세계 정상급 오케스트라와 협연해 왔다.
박재홍은 2021년 페루초 부조니 국제 피아노 콩쿠르에서 4개의 특별상과 함께 우승하며 국제적 명성을 얻었고, 클리블랜드 국제 영 아티스트 피아노 콩쿠르와 지나 바카우어 콩쿠르 우승을 통해 음악적 역량을 입증해왔다.
이번 무대에서는 레자 발리, 슈베르트, 라흐마니노프로 이어지는 프로그램을 통해 각자의 음악적 뿌리와 해석을 자연스럽게 드러낸다. 깊은 서정성과 정교한 기교를 겸비한 솔타니의 첼로와, 폭넓은 음색과 탄탄한 구조감을 지닌 박재홍의 피아노는 긴밀한 호흡 속에서 밀도 높은 앙상블을 이룬다. 국제 무대에서 축적한 경험과 성숙한 음악성이 만나 완성되는 이번 듀오 리사이틀은, 화려함을 넘어 진정성 있는 실내악의 깊이를 선사하는 시간이 될 것이다.

[PROGRAM]
Reza Vali Persian Folk Songs
레자 발리 페르시아 민요 

F. Schubert Arpeggione Sonata in A minor, D. 821
슈베르트 아르페지오네 소나타 a단조 D. 821

-INTERMISSION-

S. Rachmaninov Cello Sonata in G minor, Op. 19
라흐마니노프 첼로 소나타 g단조 Op. 19 

*프로그램은 연주자의 사정에 의해 사전 예고 없이 변경될 수 있습니다.","【公演紹介】
「深い音楽性と独歩的な存在感」で世界舞台の注目を浴びてきたチェリスト・キアン・ソルタニと国際コンクールを通じて素早く立地を広げてきたピアニストパク・ジェホンがデュオリサイタルを披露する。
アイスランドシンフォニーオーケストラ常駐アーティストであるソルタニーは、ザ・タイムズが「注目すべきチェリスト」、グラモフォンが「完璧そのもの」と評した演奏者で、ドイツ・グラモフォン専属アーティストとしてベルリン・シュタツカペレ、ミュンヘン・フィルハーモニック、NHKシンポ
パク・ジェホンは2021年ペルーチョ・ブジョニー国際ピアノコンクールで4つの特別賞と共に優勝して国際的名声を得、クリーブランド国際ヤングアーティストピアノコンクールとジーナバカウアーコンクール優勝を通じて音楽的能力を立証してきた。
今回のステージでは、レザーバリ、シューベルト、ラフマニノフに続くプログラムを通じて、それぞれの音楽的根と解釈を自然に表わす。深い叙情性と洗練された技巧を兼ね備えたソルタニーのチェロと、幅広い音色としっかりとした構造感を持つパク・ジェホンのピアノは、緊密な呼吸の中で密度の高いアンサンブルを成し遂げる。国際舞台で蓄積した経験と成熟した音楽性が出会い、完成される今回のデュオ・リサイタルは、華やかさを超えて真正な室内楽の深さをプレゼントする時間になるだろう。

[PROGRAM]
Reza Vali Persian フォークソング
レザバリペルシャ民謡 

F. Schubert Arpeggione Sonata in A minor, D. 821
シューベルトアルペジオーネソナタa鍛造D. 821

-INTERMISSION-

S. Rachmaninov Cello Sonata in G minor, Op. 19
ラフマニノフチェロソナタg鍛造Op。 19 

*プログラムは演奏者の事情により予告なく変更されることがあります。"
손열음 & BBC 심포니 오케스트라 with 사카리 오라모,手開き＆BBCシンフォニーオーケストラ with サカリオラモ
"[프로그램]

F. Mendelssohn The Hebrides, Op. 26 “Fingal's Cave Overture”
멘델스존 핑갈의 동굴 서곡, Op. 26

B. Britten Piano Concerto in D Major, Op. 13 (Rev. 1945)
브리튼 피아노 협주곡 D장조, Op. 13 (1945년 개정판)

INTERMISSION

J. Brahms Symphony No. 2 in D Major, Op. 73
브람스 교향곡 제2번 D장조, Op. 73

*프로그램은 연주자의 사정에 의해 사전 예고 없이 변경될 수 있습니다.","[プログラム]

F. Mendelssohn The Hebrides, Op. 26 「Fingal's Cave Overture」
メンデルスゾーン・フィンガルの洞窟西洋、Op。 26

B. Britten Piano Concerto in D Major, Op. 13 (Rev. 1945)
イギリスのピアノ協奏曲D長調、Op。 13（1945年改訂版）

INTERMISSION

J. Brahms Symphony No. 2 in D Major、Op。 73
ブラームス交響曲第2番D長調、Op。 73

*プログラムは演奏者の事情により予告なく変更されることがあります。"
"모나코 몬테카를로 발레단, 백조의 호수",モナコモンテカルロバレエダン、白鳥の湖
"[공연소개]
동화적 환상을 걷어낸 흑백의 스릴러

고전 발레의 우아함과 현대 무용의 파격을 절묘하게 결합하여 세계 무용 팬들을 사로잡은 모나코 몬테카를로 발레단이 장 크리스토프 마이요의 수작 [백조의 호수]로 한국 관객을 매혹한다. 마이요는 원작의 동화적 환상을 걷어내고, 흑과 백, 선과 악, 순수와 욕망의 대비를 세련된 미장센으로 풀어내며 ‘백조’를 인간 내면을 파고드는 치밀한 심리 드라마로 변주했다. 차이콥스키 원곡을 바탕으로 새롭게 구성한 음악은 코리아 쿱 오케스트라의 라이브 연주로 작품의 긴장감과 감정선을 더욱 풍성하게 만들어 줄 것이다.","【公演紹介】
おとぎ話の幻想を蹴った白黒のスリラー

古典バレエの優雅さと現代舞踊の破格を絶妙に結合し、世界舞踊ファンをひきつけたモナコ・モンテカルロ・バレエダンがジャン・クリストフ・マイヨの手作「白鳥の湖」で韓国観客を魅了する。マイヨは原作の童話的幻想を蹴り出し、黒と白、善と悪、純粋と欲望のコントラストを洗練された美装センに解き放ち、「白鳥」を人間内面を掘り下げる緻密な心理ドラマに変奏した。チャイコプスキー原曲をもとに新しく構成した音楽は、コリア・クックオーケストラのライブ演奏で作品の緊張感と感情線をさらに豊かにしてくれるだろう。"
"함신익과 심포니 송 마스터즈 시리즈 Ⅳ, 베르디: 레퀴엠",ハムシンイクとシンフォニーソングマスターズシリーズⅣ、ヴェルディ：レクイエム
"[프로그램]

Giusepp Verdi | Messa da Requiem, Op. 48
베르디 | 레퀴엠, 작품번호 48

* 본 프로그램 및 출연진은 상황에 따라 사전 예고없이 변경될 수 있습니다.","[プログラム]

Giusepp Verdi | Messa da Requiem, Op. 48
ヴェルディレクイエム、作品番号48

*本プログラムおよび出演者は、状況により予告なく変更されることがあります。"
"시그니처 대전, 아벤트 시리즈: SYZYGY",シグネチャー対戦、アベントシリーズ：SYZYGY
"[프로그램]

3월 26일(목)
V. Williams Fantasia on a Theme by Thomas Tallis
A. Vivaldi Concerto for Two Violins in a minor, RV 522
바이올린Ⅰ 오영근 바이올린Ⅱ 박선영

Intermission

P. Glass Symphony No. 3
Mason Bates The B-Sides


3월 27일(금)
P. Glass Symphony No. 3
W. A. Mozart Concerto for Two Pianos in E-flat Major, K. 365
피아노Ⅰ 송혜주 피아노Ⅱ 윤효정

Intermission

Mason Bates The B-Sides


3월 28일(토)

1부
피아니스트 김병희

슈만 _ 유모레스크, Op. 20
R. Schumann _ Humoreske, Op. 20
Einfach
Hastig
Einfach und zart
Innig
Sehr Lebhaft
Zum Beschluss

라벨 _ 라 발스, M. 72
M. Ravel _ La Valse, M. 72

- Intermission -

2부
소프라노 김승현

로베르트 슈만 _ 연꽃
R. Schumann _ Die Lotosblume

로베르트 슈만 _ 연가곡 [여인의 사랑과 생애], Op. 42
R. Schumann _ Liederkreis [Frauenliebe und Leben], Op. 42
Ⅰ. Seit ich ihn gesehen
Ⅱ. Er, der Herrlichste von allen
Ⅲ. Ich kann's nicht fassen, nicht glauben
Ⅳ. Du Ring an meinem Finger
Ⅴ. Helft mir, ihr Schwestern
Ⅵ. Süßer Freund, du blickest
Ⅶ. An meinem Herzen, an meiner Brust
Ⅷ. Nun hast du mir den ersten Schmerz getan
Ⅸ. Traum der eignen Tage

클라라 슈만 _ 고요한 연꽃
C. Schumann _ Die stille Lotosblume

※ 프로그램은 변경 될 수 있습니다.","[プログラム]

3月26日(木)
V. Williams Fantasia on a Theme by Thomas Tallis
A. Vivaldi Concerto for Two Violins in a minor, RV 522
ヴァイオリンⅠオ・ヨングンバイオリンⅡパク・ソンヨン

Intermission

P. Glass Symphony No. 3
Mason Bates The B-Sides


3月27日(金)
P. Glass Symphony No. 3
W. A. Mozart Concerto for Two Pianos in E-flat Major, K. 365
ピアノⅠソン・ヘジュピアノⅡユン・ヒョジョン

Intermission

Mason Bates The B-Sides


3月28日（土）

パート1
ピアニストキム・ビョンヒ

シューマン_ユモレスク、Op。 20
R. Schumann _ Humoreske, Op. 20
Einfach
Hastig
Einfach und zart
Innig
Sehr Lebhaft
Zum Beschluss

レーベル_ラヴァルス、M.72
M. Ravel_ La Valse, M. 72

-Intermission-

パート2
ソプラノキム・スンヒョン

ロベルトシューマン_蓮の花
R. Schumann_Die Lotosblume

ロベルト・シューマン_恋歌曲[女性の愛と生涯]、Op。 42
R. Schumann_ Liederkreis [Frauenliebe und Leben], Op. 42
Ⅰ。 Seit ich ihn gesehen
Ⅱ。 Er, der Herrlichste von allen
Ⅲ。 Ich kann's nicht fassen, nicht glauben
Ⅳ。 Du Ring an meinem Finger
Ⅴ。 Helft mir, ihr Schwestern
Ⅵ。 Süßer Freund, du blickest
Ⅶ。 An meinem Herzen, an meiner Brust
Ⅷ。 Nun hast du mir den ersten Schmerz ゲタン
Ⅸ。 Traum der eignen Tage

クララシュマン_静かな蓮の花
C. Schumann_ Die stille Lotosblume

※プログラムは変更になる場合があります。"
제10회 코리안 트럼펫 오케스트라 정기연주회,第10回コリアントランペットオーケストラ定期演奏会
KBS홀,KBSホール
서울특별시 영등포구 여의공원로 13 (여의도동),ソウル特別市永登浦区汝矣公園13（汝矣島洞）
"[PROGRAM]

P. Sparke ... Hanover Festival
R. Wagner ... Elsa's Procession to the Cathedral
A. Waignein ... Air for Winds
S. Reineke ... Fate of the Gods
A. Silvestri ... Forrest Gump OST
C. Mangione ... Children of Sanchez * 협연 : 조정현(Jazz Trumpet)
Arr. J. Vinson ... Frozen OST
F.v. Suppé ... Poet and Peasant Overture","[PROGRAM]

P.Sparke...ハノーバーフェスティバル
R. Wagner ... Elsa's Procession to the Cathedral
A. Waignein ... Air for Winds
S. Reineke... Fate of the Gods
A. Silvestri ... フォレストガンプOST
C. Mangione ... Children of Sanchez *共演：チョンヒョン（Jazz Trumpet）
Arr。 J. ヴィンソン... フrozen OST
F.v.サッペ…"
이소란 바이올린 독주회,イソランバイオリンソロ
"[PROGRAM]

 W. Bolcom	
 Graceful Ghost Rag
J. Brahms

 Sonata for  Violin and Piano No. 1 in G Major, Op. 78
 C. Debussy	

 Sonata for Violin and Piano in G minor 
 P. de. Sarasate

 Carmen Fantasy Op. 25","[PROGRAM]

 W. Bolcom	
 Graceful Ghost Rag
J. Brahms

 Sonata for Violin and Piano No. 1 in G Major, Op. 78
 C. Debussy	

 Sonata for Violin and Piano in G minor 
 P. de. Sarasate

 Carmen Fantasy Op. 25"
폴 코니쉬 트리오 첫 내한공연,ポール・コニッシュ・トリオ初来韓公演
성수아트홀 성수문화복지회관) (성수아트홀(성수문화복지회관),聖水アートホール聖水文化福祉会館（ソンスアートホール（聖水文化福祉会館）
서울 성동구 뚝섬로1길 43,ソウル城東区トゥクソムロ1ギル43
"[공연소개]


재즈 음반 레코드 레이블로 대중적인 인기는 물론 예술적인 성취의 측면에서 재즈 매니아들에게 블루노트(Blue Note) 가 가지는 상징성은 매우 크다. 블루노트에서 야심차게 영입한 신예 피아니스트 폴 코니쉬는 현재 미국 모던 색소폰의 거장 조슈아 레드맨의 밴드에서 활동하고 있으며, 그의 데뷔작이 블루노트에서 2025년에 발매되었다.

 
다수의 매체에서는 그의 데뷔작 <You're Exaggerating!>을 두고 블루노트가 다시한번 신선한 아이디어를 가진 새로운 아티스트를 찾는데 안목이 있다고 평가하며, 파이낸셜 타임즈는 “Blue Note strikes again” (블루노트가 다시 습격했다) 라는 헤드라인으로 블루노트와 폴 코니쉬의 조합을 평가했다. 음반에 참여했던 오리지널 멤버들로 진행하는 이번 첫 내한공연은 조슈아 크럼블리(베이스), 조나단 핀슨(드럼)의 트리오 구성으로 현재 미국 재즈씬을 대표하는 젊은 연주자들의 생동감 넘치는 연주와 에너지를 직접 접해볼 수 있다.


비밥의 거장 버드 파웰과 델로니우스 뭉크를 연상시키는 고전적인 밥에서부터 제이슨 모란, 로버트 글래스퍼 등의 모던 피아니스트의 계보를 잇는 포스트밥 크리에이티브 재즈에 이르기까지, 폴 코니쉬 트리오 첫 내한공연은 블루노트의 위대한 유산에 자신만의 독창적인 색채를 더해, 서정적이면서 파워풀한 사운드의 연주로 21세기 재즈 피아니즘의 정수를 느껴볼 수 있는 공연이 될 것이다.



[폴 코니쉬 소개]


2023년 아메리칸 피아노 어워즈 그리고 허비 행콕 국제 재즈 피아노 컴페티션에서 최종 후보로 오르며, 3위로 우승을 하였던 그는 그의 젊은 감각과 완벽한 실력을 인정받으며 Joshua Redman, Louis Cole, Mark Guiliana 등의 세션으로 광범위한 활동을 펼쳤다. 올해 29세가 되는 그는 이미 거장과 같은 성숙함과 재즈의 인터플레이에 필요한 민첩성과 창의성을 나타내며, 블루노트에서 발탁한 감각적인 피아니스트이다.","【公演紹介】


ジャズアルバムレコードラベルで人気の人気はもちろん、芸術的な成果の面でジャズマニアたちにブルーノート（Blue Note）が持つ象徴性は非常に大きい。ブルーノートで野心的に迎え入れた新鋭ピアニスト・ポール・コニッシュは現在、アメリカのモダンサックスの巨匠ジョシュア・レッドマンのバンドで活動しており、彼のデビュー作がブルーノートで2025年に発売された。

 
多数のメディアでは彼のデビュー作「You're Exaggerating!」を置き、ブルーノートが再び新鮮なアイデアを持つ新しいアーティストを探すのに目があると評価し、ファイナンシャルタイムズは「Blue Note strikes again」（ブルーノートが再び襲った）というヘッドラインでブルーノートとポール評価。アルバムに参加したオリジナルメンバーとして進行する今回の初の来韓公演は、ジョシュア・クランブリー（ベース）、ジョナサン・フィンソン（ドラム）のトリオ構成で、現在米国ジャズシーンを代表する若い演奏者たちの活気溢れる演奏とエネルギーに直接触れてみることができる。


ビバップの巨匠バード・パウエルとデロニウス・ムンクを思わせるクラシカルなご飯から、ジェイソン・モラン、ロバート・グラスパーなどのモダンピアニストの系譜をつなぐポストボブクリエイティブ・ジャズに至るまで、ポール・コニッシュ・トリオ初の耐寒公演はブルーノートの偉大な叙情的でパワフルなサウンドの演奏で21世紀ジャズピアニズムの定数を感じることができる公演になるだろう。



【ポールコニッシュ紹介】


2023年にアメリカンピアノ賞とハービーハンコック国際ジャズピアノコンペティションで最終候補に上がり、3位に優勝した彼は彼の若い感覚と完璧な実力を認められ、Joshua Redman、Louis Cole、Mark Guilianaなどのセッションで広範な活動を繰り広げた。今年29歳になる彼はすでに巨匠のような成熟さとジャズのインタープレイに必要な敏捷性と創造性を示し、ブルーノートから抜擢した感覚的なピアニストだ。"
"함신익과 심포니 송 마스터즈 시리즈 Ⅲ, 쇼스타코비치 교향곡 5번",ハムシンイクとシンフォニーソングマスターズシリーズⅢ、ショスタコビーチ交響曲第5番
"[프로그램]

Dmitri Shostakovich | Festive Overture in A Major, Op. 96
쇼스타코비치 | 축전 서곡 가장조, 작품번호 96

Sergei Prokofiev | Piano Concerto No. 2 in G minor, Op. 16
프로코피예프 | 피아노 협주곡 제2번 사단조, 작품번호 16

Dmitri Shostakovich | Symphony No. 5 in D minor, Op. 47
쇼스타코비치 | 교향곡 제5번 라단조, 작품번호 47

* 본 프로그램 및 출연진은 상황에 따라 사전 예고없이 변경될 수 있습니다.","[プログラム]

Dmitri Shostakovich | Festive Overture in A Major, Op. 96
ショスタコビーチ|蓄電西谷亭条、作品番号96

Sergei Prokofiev | Piano Concerto No. 2 in G minor、Op。 16
プロコピエフピアノ協奏曲第2番師団組、作品番号16

Dmitri Shostakovich |シンフォニーNo. 5 in D minor、Op。 47
ショスタコビーチ|交響曲第5番ラダンジョ、作品番号47

*本プログラムおよび出演者は、状況により予告なく変更されることがあります。"
"함신익과 심포니 송 마스터즈 시리즈 Ⅴ, 전람회의 그림",ハンシンイクとシンフォニーソングマスターズシリーズⅤ、展覧会のイラスト
"[프로그램]

Modest Mussorgsky | Night on Bald Mountain
무소르그스키 | 민둥산의 하룻밤

Maurice Ravel | Piano Concerto in G Major, M. 83
라벨 | 피아노 협주곡 사장조, 작품번호 83

Modest Mussorgsky / Maurice Ravel | Pictures at an Exhibition
무소르그스키/라벨 | 전람회의 그림

* 본 프로그램 및 출연진은 상황에 따라 사전 예고없이 변경될 수 있습니다.","[プログラム]

Modest Mussorgsky | Night on Bald Mountain
ムソルグスキー|ミンドン山の一晩

Maurice Ravel | Piano Concerto in G Major, M. 83
ラベル|ピアノ協奏曲社長組、作品番号83

Modest Mussorgsky / Maurice Ravel | Pictures at an Exhibition
ムソルグスキー/ラベル|展覧会のイラスト

*本プログラムおよび出演者は、状況により予告なく変更されることがあります。"
"함신익과 심포니 송 마스터즈 시리즈 Ⅶ, 브람스 페스티벌",ハムシンイクとシンフォニーソングマスターズシリーズⅦ、ブラームスフェスティバル
"[프로그램]

Ludwig van Beethoven | Egmont Overture, Op. 84
베토벤 | 에그몬트 서곡, 작품번호 84

Johannes Brahms | Piano Concerto No. 2 in B♭ Major, Op. 83
브람스 | 피아노 협주곡 제2번 내림나장조, 작품번호 83

Johannes Brahms | Symphony No. 1 in C minor, Op. 68
브람스 | 교향곡 제1번 다단조, 작품번호 68

* 본 프로그램 및 출연진은 상황에 따라 사전 예고없이 변경될 수 있습니다.","[プログラム]

Ludwig van Beethoven | Egmont Overture, Op. 84
ベートーヴェンエグモント西谷、作品番号84

Johannes Brahms | Piano Concerto No. 2 in B♭ Major、Op。 83
ブラームスピアノ協奏曲第2番ダウンナ長調、作品番号83

Johannes Brahms |シンフォニーNo. 1 in C minor、Op。 68
ブラームス交響曲第1番多鍛造、作品番号68

*本プログラムおよび出演者は、状況により予告なく変更されることがあります。"
"함신익과 심포니 송 마스터즈 시리즈 VI, 차이코프스키 스페셜",ハムシンイクとシンフォニーソングマスターズシリーズVI、チャイコフスキースペシャル
"[프로그램]

Pyotr Tchaikovsky | Violin Concerto in D Major, Op. 35
차이코프스키 | 바이올린 협주곡 라장조, 작품번호 35

Pyotr Tchaikovsky | Symphony No. 4 in F minor, Op. 36
차이코프스키 | 교향곡 제4번 바단조, 작품번호 36

* 본 프로그램 및 출연진은 상황에 따라 사전 예고없이 변경될 수 있습니다.","[プログラム]

Pyotr Tchaikovsky | Violin Concerto in D Major, Op. 35
チャイコフスキー|ヴァイオリン協奏曲ラ・チャンジョ、作品番号35

Pyotr Tchaikovsky |シンフォニーNo. 4 in F minor、Op。 36
チャイコフスキー|交響曲第4番バー鍛造、作品番号36

*本プログラムおよび出演者は、状況により予告なく変更されることがあります。"
"예술의전당 토요콘서트, 프리뷰 베토벤 (3월)",芸術の殿堂トヨコンサート、プレビューベートーヴェン（3月）
"[프로그램]

베토벤 / 피아노 협주곡 제1번 C장조 Op.15
베토벤 / 교향곡 제2번 D장조 Op.36","[プログラム]

ベートーヴェン/ピアノ協奏曲第1番C長調 Op.15
ベートーヴェン / 交響曲第2番 D長調 Op.36"
"아티스트 시리즈 4, The Party",アーティストシリーズ4、The Party
"[PROGRAM]

2026 아티스트 시리즈 4
<The Party>

Ernest Chausson (1855-1899)
Concerto for Violin, Piano and String Quartet, Op.21 
1. Decide
2. Sicilienne
3. Grave
4. Tres anime
 
George Enescu (1881-1955)
String Octet in C major, Op.7 
1. Tres modere
2. Tres fougueux
3. Lentement
4. Mouvement de Valse bien rythmee","[PROGRAM]

2026アーティストシリーズ4
<The Party>

Ernest Chausson (1855-1899)
Concerto for Violin, Piano and String Quartet, Op.21 
1. Decide
2. Sicilienne
3. Grave
4. Tres anime
 
George Enescu (1881-1955)
String Octet in C major, Op.7 
1. Tres modere
2. Tres fougueux
3. Lentement
4. Mouvement de Valse bien rythmee"
"제180회 부천시립합창단 정기연주회: 헨델, 메시아",第180回富川市立合唱団定期演奏会：ヘンデル、メシア
"[Program]

헨델 메시아
G. Handel Messiah HWV. 56

* 본 프로그램은 주최 측 사정에 의해 변경될 수 있습니다.","[Program]

ヘンデル・メシア
G. Handel Messiah HWV. 56

*本プログラムは主催側の事情により変更されることがあります。"
서울시향 체임버 클래식스 Ⅱ: 슬라브,ソウル市郷チェンバークラシックスⅡ：スラブ
"[프로그램]

보로딘, 현악 사중주 제2번
Borodin, String Quartet No. 2 in D major

차이콥스키, 현악 육중주 ‘피렌체의 추억’
Tchaikovsky, String Sextet in D minor, Op. 70, ‘Souvenir de Florence’

* 프로그램 및 출연자는 변경될 수 있습니다.","[プログラム]

ボロディン、弦楽四重奏第2番
Borodin, String Quartet No. 2 in D major

チャイコブスキー、弦楽陸中走「フィレンツェの思い出」
Tchaikovsky, String Sextet in D minor, Op. 70、「Souvenir de Florence」

*プログラムと出演者は変更されることがあります。"
서울시향 체임버 클래식스 Ⅲ: 독일 & 오스트리아,ソウル市郷チェンバークラシックスⅢ：ドイツ＆オーストリア
"[PROGRAM]

슈베르트, 현악 삼중주
Schubert, String Trio in B-flat major, D. 581

모차르트, 호른 오중주
Mozart, Horn Quintet in E-flat major, K. 407

브람스, 피아노 오중주
Brahms, Piano Quintet in F minor, Op. 34

※ 프로그램 및 출연자는 변경될 수 있습니다.","[PROGRAM]

シュベルト、弦楽三重奏
Schubert, String Trio in B-flat major, D. 581

モーツァルト、ホーン五重奏
Mozart, Horn Quintet in E-flat major, K. 407

ブラームス、ピアノ五重奏
Brahms, Piano Quintet in F minor, Op. 34

※番組や出演者は変更になる場合があります。"
서울시향 얍 판 츠베덴의 브루크너 교향곡 4번,ソウル市郷ヤプパンツベデンのブルックナー交響曲4番
"[프로그램]

브루크너, 교향곡 제4번 '낭만적'
Bruckner, Symphony No. 4 in E-flat major, WAB 104 'Romantic'

* 프로그램 및 연주자가 변경될 수 있습니다.","[プログラム]

ブルックナー、交響曲第4番「ロマンチック」
Bruckner, Symphony No. 4 in E-flat major, WAB 104 'Romantic'

*プログラムや演奏者が変更されることがあります。"
서울시향 김선욱과 알리스 사라 오트 ②,ソウル市郷キム・ソンウクとアリス・サラ・オート②
"[공연소개]
독주자로 서울시향과 각별한 관계를 맺어왔고 지휘자로는 지난 2022년 12월 정기공연 무대에 데뷔했던 김선욱이 다시 한번 서울시향을 만난다. 까끌까끌한 느낌의 악상이 인상적인 정취를 남기는 모데스트 무소륵스키의 ‘민둥산에서의 하룻밤’으로 공연의 시작을 알린 뒤에 등장하는 작품은 모리스 라벨의 피아노 협주곡 G장조. 일찍이 독일에서 신동으로 이름을 알린 이후 대중성을 갖춘 행보로 국제 무대에 확실하게 자리매김한 알리스 사라 오트가 매 순간이 화사한 이 협주곡의 솔리스트로 참여한다. 서울시향과 함께한 지난 2023년 10월 공연에서 리하르트 슈트라우스의 작품으로 2부를 꾸몄던 김선욱 지휘자가 이번에 준비한 작품은 요하네스 브람스의 교향곡 2번이다. 피아니스트로 활동하는 내내 탁월한 브람스 연주자로 평가받아 왔고, 지휘자로 본격적인 활동을 시작한 이후에도 이 작곡가를 향한 각별한 애정을 보여주었던 음악가 김선욱이 서울시향과 함께 들려줄 브람스를 기대해 본다.

[PROGRAM]
2026 서울시향 김선욱과 알리스 사라 오트 ②
Sunwook Kim and Alice Sara Ott

무소륵스키, '민둥산에서의 하룻밤' *림스키코르사코프 편곡
Mussorgsky, Night on Bald Mountain *arranged by Nikolai Rimsky-Korsakov

라벨, 피아노 협주곡 G장조
Ravel, Piano Concerto in G major, M. 83

브람스, 교향곡 제2번
Brahms, Symphony No. 2 in D major, Op. 73 

* 프로그램 및 연주자가 변경될 수 있습니다.","【公演紹介】
独走者としてソウル市郷と格別な関係を結んで来て指揮者としては去る2022年12月定期公演舞台にデビューしたキム・ソンウクがもう一度ソウル市郷に会う。カラッとした感じの悪像が印象的な趣を残すモデストムソリュスキーの「ミンドン山での一夜」で公演の始まりを知らせた後に登場する作品はモリスラベルのピアノ協奏曲G長調。早くドイツで神東に名前を知らせた後、大衆性を備えた歩みで国際舞台にしっかりと位置づけられたアリス・サラ・オートが毎瞬間が華やかなこの協奏曲のソリストとして参加する。ソウル市郷と共にした2023年10月公演でリハート・シュトラウスの作品で2部を飾ったキム・ソンウク指揮者が今回準備した作品はヨハネス・ブラームスの交響曲2番だ。ピアニストとして活動するずっと卓越したブラームス奏者として評価されてきたし、指揮者として本格的な活動を始めた後にも、この作曲家に向けた格別な愛情を見せてくれた音楽家キム・ソンウクがソウル市郷と共に聞かせるブラームスを期待してみる。

[PROGRAM]
2026ソウル市郷キム・ソンウクとアリス・サラ・オート2
Sunwook Kim and Alice Sara Ott

ムソリュックスキー、「ミンドン山で一晩」 *リムスキーコルサコフ編曲
Mussorgsky, Night on Bald Mountain *arranged by Nikolai Rimsky-Korsakov

ラベル、ピアノ協奏曲G長調
Ravel, Piano Concerto in G major, M. 83

ブラームス、交響曲第2番
Brahms, Symphony No. 2 in D major、Op。 73 

*プログラムや演奏者が変更されることがあります。"
서울시향 이지윤의 드보르자크 바이올린 협주곡,ソウル市郷イ・ジユンのドヴォルザークヴァイオリン協奏曲
"[프로그램]

드보르자크, 바이올린 협주곡
Dvorák, Violin Concerto in A minor, Op. 53

시벨리우스, 교향곡 제1번
Sibelius, Symphony No. 1 in E minor, Op. 39
 
* 프로그램 및 연주자가 변경될 수 있습니다.","[プログラム]

ドヴォルザーク、ヴァイオリン協奏曲
Dvorák、Violin Concerto in A minor、Op。 53

シベリウス、交響曲第1番
Sibelius, Symphony No. 1 in E minor, Op. 39
 
*プログラムや演奏者が変更されることがあります。"
서울시향 마르쿠스 슈텐츠와 바딤 글루즈만 ②,ソウル市郷マルクスシュテンツとバディムグルーズマン②
"[프로그램]

브람스, 바이올린 협주곡
Brahms, Violin Concerto in D major, Op. 77

 
월턴, 교향곡 제1번
Walton, Symphony No. 1 in B-flat minor

 
* 프로그램 및 연주자가 변경될 수 있습니다.","[プログラム]

ブラームス、ヴァイオリン協奏曲
Brahms, Violin Concerto in D major, Op. 77

 
ウォルトン、交響曲第1番
Walton, Symphony No. 1 in B-flat minor

 
*プログラムや演奏者が変更されることがあります。"
서울시향 조너선 노트의 차이콥스키 교향곡 3번 ②,ソウル市郷ジョナサンノートのチャイコプスキー交響曲3番②
"[PROGRAM]

리게티, '론타노'
Ligeti, Lontano 

라흐마니노프, 피아노 협주곡 제3번
Rachmaninoff, Piano Concerto No. 3 in D minor, Op. 30

차이콥스키, 교향곡 제3번 '폴란드' 
Tchaikovsky, Symphony No. 3 in D major, Op. 29 ""Polish""

* 프로그램 및 연주자가 변경될 수 있습니다.","[PROGRAM]

リゲッティ、「ロンタノ」
リゲティ、ロンタノ 

ラフマニノフ、ピアノ協奏曲第3番
Rachmaninoff、ピアノコンサートNo. 3 in D minor、Op。 30

チャイコブスキー、交響曲第3番「ポーランド」 
Tchaikovsky, Symphony No. 3 in D major, Op. 29「ポリッシュ」

*プログラムや演奏者が変更されることがあります。"
제2회 푸른 실내악 축제 [성남],第2回青い室内楽祭[城南]
"[Program]

1부
A. Dvorak Slavonic Dances Op.46-8 for 1piano 4hands 1st정선옥 2nd이수정

F. Lizst Liebestraume, S.541 no.3
R. Schumann / F. Lizst 편곡 ＂Widmung from Myrthen＂(헌정) Op.25 No.1,S.566 임동현
F. Chopin Ballade No. 1 in G minor, Op. 23 배지현
Clara Schumann piano Trio in G minor Op.17 1악장 11분45초 트리오 루치아
Vn.김나라 Vc. 오혜주 Pf.성예원

2부
C. Saint-Saens - E. Ysaye
Caprice d＇apres l＇etude en forme de Valse de Op. 52, No. 6 for Violin and Piano
Vn.백수정 Pf.백진경

Scriabin prelude op.16 no.1
Scriabin sonata no.2 1.Movement 윤정석

Bach French suite in G Major, BWV 81613분 한준영

Arthur Foote Piano Trio No.1, op.5 트리오 이은
Vn.김은지 Vc.임준희 Pf.정소영","[Program]

パート1
A. Dvorak Slavonic Dances Op.46-8 for 1piano 4hands 1stチョンソンオク 2ndイ・スジョン

F. Lizst Liebestraume, S.541 no.3
R. Schumann / F. Lizst 編曲「Widmung from Myrthen」(憲政) Op.25 No.1,S.566 イム・ドンヒョン
F. Chopin Ballade No. 1 in G minor、Op。 23バ・ジヒョン
Clara Schumann piano Trio in G minor Op.17 1楽章 11分45秒 トリオ・ルチア
Vn.キム国Vc。オ・ヘジュPf。

パート2
C. Saint-Saens - E. Ysaye
Caprice d＇apres l＇etude en forme de Valse de Op。 52、No. 6 for Violin と Piano
Vn.百修正Pf.ペク・ジンギョン

Scriabin prelude op.16 no.1
Scriabin sonata no.2 1.Movement ユン・ジョンソク

Bach French suite in G Major, BWV 81613分 ハン・ジュンヨン

Arthur Foote Piano Trio No.1, op.5 トリオ・イウン
Vn.キム・ウンジVc.イム・ジュンヒPf.チョン・ソヨン"
"위클리 클래식 페스티벌: 사랑, 그 리듬에 대하여: 알레그리 앙상블 [서울 수서]",ウィークリークラシックフェスティバル：愛、そのリズムについて：アレグリアンサンブル[ソウルスソ]
스튜디오 바이탈 바이브,スタジオバイタルバイブ
서울 강남구 밤고개로34길 14,ソウル江南区夜峠34ギル14
"[Program]

R. Schumann, Piano Quintet, Op.44
슈만, 피아노 퀸텟

N. Kapustin, Piano Quintet, Op. 89
니콜라이 카푸스틴, 피아노 퀸텟


*프로그램은 연주자의 사정에 의하여 예고없이 변경될 수 있습니다.","[Program]

R. Schumann, Piano Quintet, Op.44
シューマン、ピアノクイーンテット

N. Kapustin、Piano Quintet、Op。 89
ニコライ・カプスティン、ピアノ・クインテット


*プログラムは演奏者の事情により予告なく変更されることがあります。"
"제3회 서울 국제 모노드라마 페스티벌, 아침이 있다",第3回ソウル国際モノドラマフェスティバル、朝がある
삼일로창고극장,サムイルロ倉庫劇場
서울 중구 삼일대로9길 12,ソウル中区三日大路9ギル12
"[시놉시스]

2001년 9월 4일 월요일 오전 7시 39분. 한 소녀가 발을 떼는 순간, 시간은 미분화되어 멈춘다. 소녀는 눈을 감고 재채기를 하며 공중에 붕 떠 있다.
그 찰나의 눈앞에는 42도 각도의 완벽한 무지개가 펼쳐진다. 빨강에서 보라까지 이어지는 일곱 색깔의 파노라마는 전철, 악보, 잠바, 수영복 등 일상의 사물들로 치환되며 무대를 채운다. 도레미파솔라시도의 7음계가 겹쳐져 거대한 화음을 만들지만, 정작 그 순간의 주인공인 소녀는 이 경이로운 우주적 현상을 알지 못한다.
재채기를 기점으로 시간은 앞뒤로 흐른다. 주변 사람, 우정, 연애, 배움. 소녀는 세계를 미분하듯 잘게 쪼개어 바라보고, 그 안에서 슬픔과 분함에 도달한다.
그래서 소녀는 이 모든 것을 향해 있는 힘껏 숨과 침을 내뿜으며 재채기를 한다.","[シノプシス]

2001年9月4日月曜日午前7時39分。一人の少女が足を離した瞬間、時間は微分化して止まる。少女は目を閉じてくしゃみをしながら空中に崩れる。
その刹那の目の前には42度の角度の完璧な虹が広がる。赤から紫まで続く七色のパノラマは、電車、楽譜、ジャンバ、水着など日常のものに置き換えられ、舞台を埋める。ドレミパソラシドの7音階が重なって巨大な和音を作るが、いよいよその瞬間の主人公である少女はこの驚異的な宇宙的現象を知らない。
くしゃみを起点に時間は前後に流れる。周りの人、友情、恋愛、学びます。少女は世界を微分するように細かく割って眺めて、その中で悲しみと悔しさに到達する。
それで少女はこのすべてに向かっている精一杯息と唾液を吐き出し、くしゃみをする。"
"제21회 서울스프링실내악축제, 갤러리 콘서트: 구세계의 영재들 (04.29)",第21回ソウルスプリング室内楽祭り、ギャラリーコンサート：旧世界のヨンジェ（04.29）
아트스페이스3,アートスペース3
서울 종로구 효자로7길 23,ソウル鍾路区孝子路7ギル23
"[프로그램]

〈 구세계의 영재들 Old World Wunderkinds 〉

E. J. Bozza : Sonatine for Brass Quintet
보차 : 금관 5중주를 위한 소나티네
오성 브라스 Five Stars Brass

C. Reinecke : Sonata in e minor 〈Undine〉 for Flute and Piano, Op. 167
라이네케 : 플루트와 피아노를 위한 소나타 e단조 〈운디네〉, Op. 167
Fl. 마티어 듀푸르 Mathieu Dufour / Pf. 임효선 Hyo-Sun Lim

S. Rachmaninov : Piano Trio Elegiaque No. 1 in g minor
라흐마니노프 : 피아노 3중주 엘레지 제1번 g단조
Pf. 알렉산더 무투즈킨 Alexandre Moutouzkine / Vn. 김다미 Dami Kim / Vc. 박진영 Angela Park

-INTERMISSION-

W. A. Mozart : Duo No. 1 in G Major for Violin and Viola, K. 423
모차르트 : 바이올린과 비올라를 위한 2중주 제1번 G장조, K. 423
Vn. 강동석 Dong-Suk Kang / Va. 이한나 Hanna Lee

J. Brahms : Piano Trio No. 3 in c minor, Op. 101
브람스 : 피아노 3중주 제3번 c단조, Op. 101
Pf. 문지영 Chloe Jiyeong Mun / Vn. 한수진 Soojin Han / Vc. 강승민 Seungmin Kang

F. Liszt : Hungarian Rhapsody No. 2 for Piano 4 hands
리스트 : 네 손을 위한 헝가리 광시곡 제2번
신박듀오 Piano Duo ShinPark

프로그램 및 연주자는 주최측의 사정에 의해 사전 예고없이 변경될 수 있습니다.
THIS PROGRAM AND ARTIST ARE SUBJECT TO CHANGE WITHOUT ANY NOTICE.","[プログラム]

〈旧世界の英才たち Old World Wunderkinds 〉

E. J. Bozza: Sonatine for Brass Quintet
補車：金管五重奏者のためのソナティネ
五星ブラス Five Stars Brass

C. Reinecke : Sonata in e minor 〈Undine〉 for Flute and Piano, Op. 167
ライネケ：フルートとピアノのためのソナタe鍛造〈ウンディネ〉、Op。 167
Fl。マティア・デュプール Mathieu Dufour/Pf.イム・ヒョソンHyo-Sun Lim

S. Rachmaninov：ピアノトリオエレギアクNo。 1 in g minor
ラフマニノフ：ピアノ三重奏エレッジ第1番g鍛造
Pf。アレクサンダー・ムトゥズキン Alexandre Moutouzkine / Vn.キム・ダミ・ダミ・キム／Vc。パク・ジンヨン Angela Park

-INTERMISSION-

W. A. Mozart: Duo No. 1 in G Major for Violin and Viola, K. 423
モーツァルト：ヴァイオリンとビオラのための二重州第1番G長調、K. 423
Vn。カン・ドンソク Dong-Suk Kang / Va.イハンナハンナリー

J. Brahms:ピアノトリオNo. 3 in c minor、Op。 101
ブラームス：ピアノ三重奏第3番c鍛造、Op。 101
Pf。ムン・ジヨン Chloe Jiyeong Mun / Vn.ハン・スジンSoojin Han / Vc。カン・スンミン Seungmin Kang

F. Liszt: Hungarian Rhapsody No. 2 for Piano 4 hands
リスト：あなたの手のためのハンガリーの広視曲第2番
シンバクデュオピアノデュオシンパーク

プログラムや演奏者は、主催側の事情により予告なく変更されることがあります。
THIS PROGRAM AND ARTIST ARE SUBJECT TO CHANGE WITHOUT ANY NOTICE."
"제21회 서울스프링실내악축제, 5중주의 정수 (05.01)",第21回ソウルスプリング室内楽祭り、五重州の定数（05.01）
"[프로그램]

＜ 5중주의 정수 Quintessence of Quintets ＞

W. A. Mozart : String Quintet No. 4 in g minor, K. 516 (32min)
모차르트 : 현악 5중주 제4번 g단조, K. 516
Vn. 데이빗 맥캐롤 David McCarroll, 임홍균 Hong Kyun Lim / Va. 이한나 Hanna Lee, 신경식 Kyungsik Shin / Vc. 박진영 Angela Park

R. Kahn : Quintet in c minor for Violin, Cello, Clarinet, Horn and Piano, Op. 54 (28min)
칸 : 바이올린, 첼로, 클라리넷, 호른과 피아노를 위한 5중주 c단조, Op. 54
Vn. 한수진 Soojin Han / Vc. 조영창 Young-Chang Cho / Cl. 로망 귀요 Romain Guyot / Hn. 에르베 줄랭 Hervé Joulain / Pf. 알렉산더 무투즈킨 Alexandre Moutouzkine

-INTERMISSION-

S. Barber : Summer Music for Woodwind Quintet, Op. 31 (12min)
바버 : 목관 5중주를 위한 여름 음악, Op. 31
앙상블 리데레 Ensemble Ridere

A. Dvořák : Quintet in A Major for Piano and Strings, Op. 81 (40min)
드보르자크 : 피아노와 현악을 위한 5중주 A장조, Op. 81
Vn. 강동석 Dong-Suk Kang, 박재홍 Jae Park / Va. 김상진 Sang-Jin Kim / Vc. 김두민 Doo-Min Kim / Pf. 김규연 Kyu Yeon Kim

프로그램 및 연주자는 주최측의 사정에 의해 사전 예고없이 변경될 수 있습니다.
THIS PROGRAM AND ARTIST ARE SUBJECT TO CHANGE WITHOUT ANY NOTICE.","[プログラム]

＜五重奏の整数 Quintessence of Quintets ＞

W. A. Mozart: String Quintet No. 4 in g minor, K. 516 (32min)
モーツァルト：弦楽五重奏第4番g鍛造、K. 516
Vn。 David McCarol David McCarroll、イム・ホンギュンHong Kyun Lim / Va。イハンナハンナリー、ニューラルキョンシクシン/ Vc。パク・ジンヨン Angela Park

R. Kahn: Quintet in c minor for Violin, Cello, Clarinet, Horn and Piano, Op. 54(28分)
カーン：ヴァイオリン、チェロ、クラリネット、ホルン、ピアノのための五重柱c鍛造、Op。 54
Vn。ハン・スジンSoojin Han / Vc。チョ・ヨンチャン Young-Chang Cho / Cl.ロマン・イヤー Romain Guyot/Hn.エルベ・ジュラン Hervé Joulain/Pf.アレクサンダー・ムトゥズキン Alexandre Moutouzkine

-INTERMISSION-

S. Barber: Summer Music for Woodwind Quintet, Op. 31(12分)
バーバー：木管5重奏のための夏の音楽、Op。 31
アンサンブル・リデレ Ensemble Ridere

A. Dvořák: Quintet in A Major for Piano and Strings, Op. 81(40分)
ドヴォルザーク：ピアノと弦楽のための五重奏者A長調、Op。 81
Vn。カン・ドンソクDong-Suk Kang、パク・ジェホンJae Park / Va。キム・サンジンSang-Jin Kim / Vc。キム・ドゥミンDoo-Min Kim / Pf。キム・ギュヨン Kyu Yeon Kim

プログラムや演奏者は、主催側の事情により予告なく変更されることがあります。
THIS PROGRAM AND ARTIST ARE SUBJECT TO CHANGE WITHOUT ANY NOTICE."
"제21회 서울스프링실내악축제, 최고 중의 최고 (04.30)",第21回ソウルスプリング室内楽祭り、最高の最高（04.30）
"[프로그램]

<​​​ 최고 중의 최고 La Crème de la Crème >

F. Devienne : Sonata in C Major for Flute, Bassoon and Piano
드비엔느 : 플루트, 바순과 피아노를 위한 소나타 C장조
Fl. 마티어 듀푸르 Mathieu Dufour / Bn.로랭 르퓌브레 Laurent Lefèvre / Pf.신미정 Clara-Mijung Shin

C. Debussy : String Quartet in g minor, Op. 10
드뷔시 : 현악 4중주 g단조, Op. 10
아레테 콰르텟 Arete Quartet

M. Ravel : La Valse for two Pianos
라벨 : 두 대의 피아노를 위한 라 발스
신박듀오 Piano Duo ShinPark

-INTERMISSION-

F. Poulenc : Trio for Oboe, Bassoon and Piano, FP43
풀랑 : 오보에, 바순과 피아노를 위한 3중주, FP43
Ob. 올리비에 두아즈 Olivier Doise / Bn.로랭 르퓌브레 Laurent Lefèvre / Pf. 김준희 Junhee Kim

C. Saint-Saëns : Piano Quartet in B♭ Major, Op. 41
생상스 : 피아노 4중주 B♭장조, Op. 41
Pf. 임효선 Hyo-Sun Lim / Vn. 클로에 키페르 Chloé Kiffer / Va. 서수민 Sumin Seo / Vc. 문태국 Taeguk Mun

프로그램 및 연주자는 주최측의 사정에 의해 사전 예고없이 변경될 수 있습니다.
THIS PROGRAM AND ARTIST ARE SUBJECT TO CHANGE WITHOUT ANY NOTICE.","[プログラム]

< 最高の中で最高 La Crème de la Crème >

F. Devienne: Sonata in C Major for Flute, Bassoon and Piano
ドビエンヌ：フルート、バスーン、ピアノのためのソナタC長調
Fl。マティア・デュプール Mathieu Dufour / Bn.ローラン・ルピュブレー Laurent Lefèvre / Pf. シン・ミジョン Clara-Mijung Shin

C. Debussy: String Quartet in g minor, Op. 10
デビュー時：弦楽四重奏g鍛造、Op。 10
アレテ・クアルテット Arete Quartet

M. Ravel：La Valse for two Pianos
ラベル：2台のピアノのためのラヴァルス
シンバクデュオピアノデュオシンパーク

-INTERMISSION-

F. Poulenc: Trio for Oboe, Bassoon and Piano, FP43
プーラン：オーボエ、バスーンとピアノのための三重奏、FP43
Ob.オリヴィエ・ドゥアス Olivier Doise / Bn. ローラン・ルピュブレー Laurent Lefèvre / Pf.キム・ジュンヒ Junhee Kim

C. Saint-Saëns：Piano Quartet in B♭ Major、Op。 41
サンサンス：ピアノ四重奏B♭長調、Op。 41
Pf。イム・ヒョソンHyo-Sun Lim / Vn。クロエキペル Chloé Kiffer/Va.ソスミン Sumin Seo/Vc.ムーンタイ Taeguk Mun

プログラムや演奏者は、主催側の事情により予告なく変更されることがあります。
THIS PROGRAM AND ARTIST ARE SUBJECT TO CHANGE WITHOUT ANY NOTICE."
"제21회 서울스프링실내악축제, Crown Prince of Mozart: 모차르트의 황태자 (04.28)",第21回ソウルスプリング室内楽祭、Crown Prince of Mozart：モーツァルトの皇太子（04.28）
"[프로그램]

<​​​모차르트의 황태자 Crown Prince of Mozart> 

W. A. Mozart : Sonata in B♭ Major for Flute and Piano, K. 378
모차르트 : 플루트와 피아노를 위한 소나타 B♭장조, K. 378
Fl. 마티어 듀푸르 Mathieu Dufour / Pf. 문지영 Chloe Jiyeong Mun

C. Reinecke : Trio in a minor for Oboe, Horn and Piano, Op. 188
라이네케 : 오보에, 호른과 피아노를 위한 3중주 a단조, Op. 188
Ob. 올리비에 두아즈 Olivier Doise / Hn. 에르베 줄랭 Hervé Joulain / Pf. 이택기 Taek Gi Lee

C. Czerny : Fantasia Concertante for Flute, Cello and Piano, Op. 256
체르니 : 플루트, 첼로와 피아노를 위한 판타지아 콘체르탄테, Op. 256
Fl. 박지은 Gloria JeeEun Park / Vc. 김민지 Min-Ji Kim / Pf. 김준희 Junhee Kim

-INTERMISSION-

F. Schubert : <​​​The Shepherd on the Rock> for Soprano, Clarinet and Piano, D. 965
슈베르트 : 소프라노, 클라리넷과 피아노를 위한 <​​​바위 위의 목동>, D. 965
Sop. 강혜정 Hye Jung Kang / Cl. 로망 귀요 Romain Guyot / Pf.박상욱 Samuel Sangwook Park

F. Mendelssohn : Piano Trio No. 1 in d minor, Op. 49
멘델스존 : 피아노 3중주 제1번 d단조, Op. 49
Pf. 김영호 Youngho Kim / Vn. 데이빗 맥캐롤 David McCarroll / Vc.조영창 Young-Chang Cho

프로그램 및 연주자는 주최측의 사정에 의해 사전 예고없이 변경될 수 있습니다.
THIS PROGRAM AND ARTIST ARE SUBJECT TO CHANGE WITHOUT ANY NOTICE.","[プログラム]

<モーツァルトの皇太子Crown Prince of Mozart> 

W. A. Mozart: Sonata in B♭ Major for Flute and Piano, K. 378
モーツァルト：フルートとピアノのためのソナタB♭長調、K. 378
Fl。マティア・デュプール Mathieu Dufour/Pf.ムン・ジヨン Chloe Jiyeong Mun

C. Reinecke: Trio in a minor for Oboe, Horn and Piano, Op. 188
ライネケ：オーボエ、ホルンとピアノのための三重奏a鍛造、Op。 188
Ob.オリヴィエ・ドゥアス Olivier Doise/Hn.エルベ・ジュラン Hervé Joulain/Pf.イ・テクギ Taek Gi Lee

C. Czerny: Fantasia Concertante for Flute, Cello and Piano, Op. 256
チェルニー：フルート、チェロ、ピアノのためのファンタジア・コンチェルタンテ、Op。 256
Fl。パク・ジウンGloria JeeEun Park / Vc.キム・ミンジMin-Ji Kim / Pf。キム・ジュンヒ Junhee Kim

-INTERMISSION-

F. Schubert: <The Shepherd on the Rock> for Soprano, Clarinet and Piano, D. 965
シューベルト：ソプラノ、クラリネット、ピアノのための<岩の上の木洞>、D. 965
Sop。カン・ヘジョン Hye Jung Kang / Cl.ロマンイヤー Romain Guyot / Pf.パク・サンウク Samuel Sangwook Park

F. Mendelssohn:ピアノトリオNo. 1 in d minor、Op。 49
メンデルスゾーン：ピアノ三重奏第1番d鍛造、Op。 49
Pf。キム・ヨンホ Youngho Kim / Vn. David McCarol David McCarroll / Vc.チョ・ヨンチャンYoung-Chang Cho

プログラムや演奏者は、主催側の事情により予告なく変更されることがあります。
THIS PROGRAM AND ARTIST ARE SUBJECT TO CHANGE WITHOUT ANY NOTICE."
"제21회 서울스프링실내악축제, 세레나데와 디베르티멘토 (04.27)",第21回ソウルスプリング室内楽祭り、セレナーデとディベルティメント（04.27）
"[PROGRAM]
< 세레나데와 디베르티멘토 Serenade and Divertimento >
W. A. Mozart : String Quintet No. 2 in c minor, K. 406
모차르트 : 현악 5중주 제2번 c단조, K. 406
리수스 콰르텟 Risus Quartet / Va. 이화윤 Hwayoon Lee 

Z. Kodaly : Serenade for 2 Violins and Viola
코다이 : 2대의 바이올린과 비올라를 위한 세레나데
Vn. 대니 구 Danny Koo, 임홍균 Hong Kyun Lim / Va. 이한나 Hanna Lee 

-INTERMISSION- 

P. Juon : Divertimento in F Major for Piano and Wind Quintet, Op. 51
유온 : 피아노와 관악 5중주를 위한 디베르티멘토 F장조, Op. 51
Fl. 박지은 Gloria JeeEun Park / Ob. 올리비에 두아즈 Olivier Doise / Cl. 로망 귀요 Romain Guyot / Bn. 로랭 르퓌브레 Laurent Lefèvre / Hn. 에르베 줄랭 Hervé Joulain / Pf. 김준희 Junhee Kim

F. Schubert : Serenade from for Voice and Piano
슈베르트 : 성악과 피아노를 위한 <백조의 노래> 중 ‘세레나데’
B. Bar. 안민수 Minsoo Ahn / Pf. 신미정 Clara-Mijung Shin

J. N. Hummel : Grand Serenade Potpourri No. 1 for Piano, Violin, Guitar, Flute and Cello, Op. 63
훔멜 : 피아노, 바이올린, 기타, 플루트와 첼로를 위한 그랜드 세레나데 포푸리 제1번, Op. 63
Vn. 데이빗 맥캐롤 David McCarroll / Gt. 박규희 Kyuhee Park / Fl. 박지은 Gloria JeeEun Park / Vc. 박진영 Angela Park / Pf. 김영호 Youngho Kim


* 프로그램 및 연주자는 주최측의 사정에 의해 사전 예고없이 변경될 수 있습니다.
THIS PROGRAM AND ARTIST ARE SUBJECT TO CHANGE WITHOUT ANY NOTICE.","[PROGRAM]
<セレナーデとディベルティメントSerenade and Divertimento>
W. A. Mozart: String Quintet No. 2 in c minor, K. 406
モーツァルト：弦楽五重奏第2番c鍛造、K. 406
リスス・クアルテット・リサス・クアルテット／Va。イ・ファユンHwayoon Lee 

Z. Kodaly: Serenade for 2 Violins and Viola
コダイ：2台のバイオリンとビオラのためのセレナーデ
Vn。ダニー区Danny Koo、イム・ホンギュンHong Kyun Lim / Va。イハンナハンナリー 

-INTERMISSION- 

P. Juon: Divertimento in F Major for Piano and Wind Quintet, Op. 51
油温：ピアノと管楽5重奏のためのディベルティメントF長調、Op。 51
Fl。パク・ジウン Gloria JeeEun Park / Ob.オリヴィエ・ドゥアス Olivier Doise/Cl.ロマン・イヤー Romain Guyot/Bn.ローラン・ルピュブレ Laurent Lefèvre/Hn.エルベ・ジュラン Hervé Joulain/Pf.キム・ジュンヒ Junhee Kim

F. Schubert: Serenade from for Voice and Piano
シュベルト：声楽とピアノのための＜白鳥の歌＞のうち「セレナーデ」
B. Bar.アン・ミンス・ミンソアン/Pf.シン・ミジョン Clara-Mijung Shin

J. N. Hummel: Grand Serenade Potpourri No. 1 for Piano, Violin, Guitar, Flute and Cello, Op. 63
フンメル：ピアノ、ヴァイオリン、ギター、フルートとチェロのためのグランドセレナーデポプリ第1番、Op。 63
Vn。 David McCarroll David McCarroll/Gt.パク・キュヒKyuhee Park / Fl。パク・ジウンGloria JeeEun Park / Vc.パク・ジニョンAngela Park / Pf。キム・ヨンホ Youngho Kim


*プログラムおよび演奏者は、主催側の事情により予告なく変更されることがあります。
THIS PROGRAM AND ARTIST ARE SUBJECT TO CHANGE WITHOUT ANY NOTICE."
"예술의전당 교향악축제, 제주특별자치도립 제주교향악단 (04.14)",芸術の殿堂交響楽祭、済州特別自治都立済州交響楽団（04.14）
"[프로그램]

베토벤 l 레오노레 서곡 제3번 Op.72b
슈만 l 첼로 협주곡 a단조 Op.129
바인가르트너 l 교향곡 제2번 E♭장조 Op.29

*출연자 및 프로그램은 사정에 따라 변경될 수 있습니다.","[プログラム]

ベートーヴェンl レオノレ西曲第3番 Op.72b
シューマンlチェロ協奏曲a鍛造Op.129
ヴァインガールトナーl交響曲第2番E♭長調Op.29

*出演者およびプログラムは事情によって変更されることがあります。"
"예술의전당 교향악축제, 원주시립교향악단 (04.16)",芸術の殿堂交響楽祭、原州市立交響楽団（04.16）
"[프로그램]

베토벤 l 에그몬트 서곡
프로코피예프 l 피아노 협주곡 제2번 g단조 Op.16
베토벤 l 교향곡 제3번 E♭장조 Op.55

*출연자 및 프로그램은 사정에 따라 변경될 수 있습니다.","[プログラム]

ベートーヴェン l エグモント西洋
プロコピエフlピアノ協奏曲第2番g鍛造Op.16
ベートーヴェンl交響曲第3番E♭長調Op.55

*出演者およびプログラムは事情によって変更されることがあります。"
"예술의전당 교향악축제, 창원시립교향악단 (04.17)",芸術の殿堂交響楽祭、昌原市立交響楽団（04.17）
"[프로그램]

브람스 l 바이올린 협주곡 D장조 Op.77
라흐마니노프 l 교향곡 제3번 a단조 Op.44

*출연자 및 프로그램은 사정에 따라 변경될 수 있습니다.","[プログラム]

ブラームスlヴァイオリン協奏曲D長調Op.77
ラフマニノフl交響曲第3番a鍛造Op.44

*出演者およびプログラムは事情によって変更されることがあります。"
"예술의전당 교향악축제, 군산시립교향악단 (04.15)",芸術の殿堂交響楽祭、群山市立交響楽団（04.15）
"[프로그램]

라벨 l 라 발스
차이콥스키 l 로코코 주제에 의한 변주곡 Op.33
차이콥스키 l 만프레드 교향곡 Op.58

*출연자 및 프로그램은 사정에 따라 변경될 수 있습니다.","[プログラム]

ラベル l ラヴァルス
チャイコフスキーlロココテーマによる変奏曲 Op.33
チャイコブスキーlマンフレッド交響曲Op.58

*出演者およびプログラムは事情によって変更されることがあります。"
"예술의전당 교향악축제, 국립심포니오케스트라 (04.01)",芸術の殿堂交響楽祭、国立交響楽団（04.01）
"[프로그램]

그레이스 앤 리ㅣ호랑이의 파이프 '호랑이 담배피던 시절'
*국립심포니오케스트라 위촉작품, 세계 초연
버르토크ㅣ피아노 협주곡 제3번 Sz.119
말러ㅣ교향곡 제1번 D장조 '거인'

*출연자 및 프로그램은 사정에 따라 변경될 수 있습니다.","[プログラム]

グレースアンドリㅣ虎のパイプ「タイガータバコフィード時代」
*国立シンフォニーオーケストラ委嘱作品、世界初演
バートルクㅣピアノ協奏曲第3番Sz.119
マーラーㅣ交響曲第1番D長調「巨人」

*出演者およびプログラムは事情によって変更されることがあります。"
"예술의전당 교향악축제, 공주시충남교향악단 (04.21)",芸術の殿堂交響楽祭、公州市忠南交響楽団（04.21）
"[PROGRAM]
모차르트 l 호른 협주곡 제4번

버르토크 l 관현악을 위한 협주곡

*출연자 및 프로그램은 사정에 따라 변경될 수 있습니다.","[PROGRAM]
モーツァルトlホーン協奏曲第4番

ベルトークl管弦楽のための協奏曲

*出演者およびプログラムは事情によって変更されることがあります。"
"예술의전당 교향악축제, 경기필하모닉오케스트라 (04.18)",芸術の殿堂交響楽祭、マッチフィルハーモニーオーケストラ（04.18）
"[PROGRAM]
엘가 ㅣ첼로 협주곡 e단조 Op.85

라흐마니노프 l 교향곡 제2번 c단조 Op.18

*출연자 및 프로그램은 사정에 따라 변경될 수 있습니다.","[PROGRAM]
エルガㅣチェロ協奏曲e鍛造Op.85

ラフマニノフl交響曲第2番c鍛造Op.18

*出演者およびプログラムは事情によって変更されることがあります。"
"예술의전당 교향악축제, 베르비에 페스티벌 체임버 오케스트라 (04.07)",芸術の殿堂交響楽祭、ヴェルビエールフェスティバルチャンバーオーケストラ（04.07）
"[프로그램]

모차르트 l 교향곡 제40번 g단조 K.550
베토벤 l 피아노 협주곡 제3번 c단조 Op.37
베토벤 l 교향곡 제7번 A장조 Op.92

*출연자 및 프로그램은 사정에 따라 변경될 수 있습니다.","[プログラム]

モーツァルトl交響曲第40番g鍛造K.550
ベートーヴェンlピアノ協奏曲第3番c鍛造Op.37
ベートーヴェンl交響曲第7番A長調Op.92

*出演者およびプログラムは事情によって変更されることがあります。"
"Trendkill Extreme Feast, WARBRINGER 내한 공연",Trendkill Extreme Feast、WARBRINGER内韓公演
JS 아트홀 JS ART HALL) [서울 양천] (JS 아트홀 (B1),JS アートホール JS ART HALL) [ソウルヤンチョン] (JS アートホール (B1)
서울 종로구 동숭길 94,ソウル鍾路区ドンギル94
"[공연소개]

미국 THRASH Metal 황제 War Bringer 사상 최초 내한 공연
90년대 데스메탈과 블랙메탈의 영향을 받은 Warbringer 그들의 사운드는 강력한 추진력을 가진 불도저를 연상케한다.
여기에 프로그레시브한 곡구성 과 테크니컬한 연주 실력을 더해 정밀한 공격을 펼친다","【公演紹介】

アメリカ THRASH Metal 皇帝 War Bringer 史上初の来韓公演
90年代のデスメタルとブラックメタルの影響を受けたWarbringer彼らのサウンドは強力な推進力を持つブルドーザーを連想させる。
ここにプログレッシブな曲構成とテクニカルな演奏実力を加え、精密な攻撃を繰り広げる"
제35회 (사) 한국페스티발앙상블 현대음악축제,第35回（社）韓国フェスティバルアンサンブル現代音楽祭
"[PROGRAM]

K. Saariaho ... NoaNoa for flute and electronics
* Fl.이인 E(전자음악)

이정혜 ... Chronoresonance
* Pf.이민정 E(전자음악)

최지연 ... Orient
* Fl.이인 Vc.이길재 Pf.임재한 video. E(전자음악)

- INTERMISSION -

P. Jodolowski ... In & Out
* Vn.정유진 Vc.이길재 video. E(전자음악)

S. Gubaidulina ... String Quartet No. 4
* Vns.윤염광,이상효 Va.박성희 Vc.김경란 (조명)

T. Murail ... Winter fragments
Fl.이주희 Cl.이창희 Vn.정유진 Vc.김경란 Pf.이민정
midi keyboard & E(전자음악)

*프로그램 및 출연자는 사정에 따라 변경될 수 있습니다.","[PROGRAM]

K. Saariaho ... NoaNoa for flute and electronics
* Fl.イインE（電子音楽）

イ・ジョンヘ...クロノレゾナンス
* Pf.イ・ミンジョンE（電子音楽）

チェ・ジヨン... Orient
* Fl.イインVc.イギルジェPf.臨在なビデオ。 E（電子音楽）

-INTERMISSION-

P. Jodolowski... イン&アウト
* Vn.チョン・ユジンVc.イ・ギルジェビデオ。 E（電子音楽）

S. Gubaidulina ... String Quartet No. 4
* Vns.ユン・ヨングァン、イ・サンヒョVa.パク・ソンヒVc.キム・ギョンラン

T. Murail ... 冬のフラグメント
Fl.イ・ジュヒCl.イ・チャンヒVn.チョン・ユジンVc.キム・ギョンランPf.イ・ミンジョン
midi keyboard & E(電子音楽)

*プログラムや出演者は事情によって変更されることがあります。"
"DCH앙상블페스티벌, 카메라타 전남",DCHアンサンブルフェスティバル、カメラタチョンナム
"[PROGRAM]
강보란 Eternal Moment for Orchestra
       <관현악을 위한 영원의 순간>

W.A. Mozart 피아노 협주곡 no.17 in G Major K.453

-Intermission-

W.A. Mozart 교향곡 no.39 in Eb Major K.543

본 공연의 프로그램은 연주자의 사정에 의해 사전 공지 없이 변경될 수 있습니다.","[PROGRAM]
カンボラン Eternal Moment for Orchestra
       ＜管弦楽のための永遠の瞬間＞

W.A. Mozart ピアノ協奏曲 no.17 in G Major K.453

-Intermission-

W.A. Mozart交響曲 no.39 in Eb Major K.543

本公演のプログラムは、演奏者の事情により事前のお知らせなく変更されることがあります。"
피노키오의 모험 [서울 금천],ピノキオの冒険 [ソウル錦川]
서울 금천구 두산로 71,ソウル錦川区斗山路71
"[공연소개]

피노키오는 아들을 가지기를 바라는 가난한 목수 제페트 할아버지에 의해
나무인형으로 태어난다. 하지만, 세상 물정을 잘 모르는 피노키오는 여우와
고양이의 꼬임에 빠져 서커스단과 장난감나라로 모험여행을 떠난다.

한편, 모험을 떠난 피노키오를 찾아 나선 제페트 할아버지는 바다에 빠져
고래 배속에 갇혀 버리게 된다. 그러나 장난감 나라에서 망아지로 변해버린
피노키오는 천사의 도움으로 그 곳에서 탈출하여 고래 뱃속으로 뛰어들어
할아버지를 구하게 된다. 이에 감동한 천사는 피노키오를 완전한 사람으로
만들어준다.","【公演紹介】

ピノキオは息子を持つことを望む貧しい大工ジェペットの祖父によって
木人形に生まれる。しかし、世界の水晶をよく知らないピノキオはキツネと
猫のねじれに陥り、サーカス団とおもちゃの国で冒険旅行を去る。

一方、冒険を離れたピノキオを訪ねたゼペットの祖父は海に落ちる
クジラの倍速に閉じ込められてしまう。しかし、おもちゃの国から子犬に変わった
ピノキオは天使の助けを借りてそこから脱出し、クジラの腹に飛び込む
祖父を救うことになる。これに感動した天使はピノキオを完全な人として
作ってくれる。"
창밖의 비창 Pathetique beyond the Pane,窓の外の雨窓Pathetique beyond the Pane
"[공연소개]
창밖의 비창
Pathetique beyond the Pane

'쇼펜하우어도 울고간 클래식'","【公演紹介】
窓の外の雨窓
Pathetique beyond the Pane

「ショーペンハウでも泣いたクラシック」"
움라우트 뮤직 키즈 클래식 [창원] (13시),ウムラウトミュージックキッズクラシック[チャンウォン]（13時）
몰입공유연습실,没入共有練習室
경상남도 창원시 마산회원구 합성옛길 142 (합성동),慶尚南道昌原市馬山会員区合成旧道142（合城洞）
"[공연소개] 

우리 아이를 위한 클래식 공연 '움라우트 뮤직 키즈 클래식' 에 초대합니다!

< '움라우트 뮤직 키즈 클래식' 어떤건가요? >
아직 공연장을 가기엔 어린 만0세부터 영유아(미취학아동)와 가족을 위한 클래식 공연이에요.
공연장에서 연주되는 생생한 클래식 음악을 우리 아이들이 직접 눈으로 보고, 귀로 듣고, 몸으로 느낄 수 있는 공연이랍니다.

< 우리 아이가 이런 걸 경험해요! >
- 여러가지 감각을 사용해 두뇌 발달에 도움을 줘요!
- 아이들이 클래식 음악을 들으면서 집중력을 기르고 정서 안정이 돼요!
- 다양한 소리를 경험하면서 창의력과 상상력도 쑥쑥 자라나요!
- 신나는 동요와 클래식 곡들에 맞춰 리듬을 타고, 따라 부르면서 음악 속으로 쏙~ 빠지는 시간을 갖는답니다!

< 어떤 악기를 체험해요? >
- 바이올린, 첼로, 첼로 실제 악기를 연주자와 함께 만져보고, '이건 어떤 소리가 날까?' 아이가 직접 소리를 내보는 시간이 마련돼 있어요!

< 부모님도 함께 즐겨요! >
아이와 부모님이 함께 음악을 경험하면서 가족 간의 소통과 유대감도 자연스럽게 깊어지겠죠? 육아로 지친 부모님도 잠시나마 음악으로 힐링할 수 있는 시간이에요.","【公演紹介】 

私たちの子供のためのクラシック公演「ウムラウトミュージックキッズクラシック」に招待します！

< 'ウムラウトミュージックキッズクラシック'は何ですか？ >
まだ公演会場に行くには幼い満0歳から幼児（未就学児）と家族のためのクラシック公演です。
会場で演奏される鮮やかなクラシック音楽を私たちの子供たちが直接目で見て、耳で聞いて、体で感じることができる公演です。

<私たちの子供がこんなことを経験します！ >
- いろいろな感覚を使って脳の発達に役立ちます！
- 子供たちがクラシック音楽を聴きながら集中力を育てて情緒安定になりますよ！
- 様々な音を体験しながら創造力と想像力もよもぎ育ちます！
- 楽しい童謡とクラシック曲に合わせてリズムに乗って、一緒に歌いながら音楽の中にすっぽり抜ける時間を持つそうです！

<どの楽器を体験していますか？ >
- ヴァイオリン、チェロ、チェロ本物の楽器に演奏者と触れてみて、「これはどんな音がするの？」子供が直接音を出す時間が用意されています！

<両親も一緒に楽しんでください！ >
子供と両親が一緒に音楽を体験しながら、家族間のコミュニケーションと絆も自然に深くなるでしょう。子育てで疲れた両親もしばらく音楽で癒せる時間です。"
엄마 [청주],ママ[清州]
공간춤,空間ダンス
충청북도 청주시 상당구 교서로 8-16 (영동),忠清北道清州市Sangdong-gu教区8-16（ヨンドン）
"[공연소개]

세상에서 가장 든든한 내 편, 그러나 때로는 가장 멀게 느껴지기도 하는 엄마와 딸의 이야기. 속마음을 털어놓으며 서로를 이해하는 특별한 순간을 함께하세요!","【公演紹介】

世界で最も心強い私の方、しかし時には最も遠く感じられたりするママと娘の話。心を打ち明け、お互いを理解する特別な瞬間を一緒に！"
알라딘과 요술램프 [전주],アラジンと魔術ランプ [全州]
상상플레이스 전주이룸,想像プレース全州ルーム
전북특별자치도 전주시 완산구 용머리로 36 (효자동1가),全北特別自治道全州市万山区龍頭路36（孝子洞1街）
"[공연소개]

사막 너머 먼나라 아라비야 왕국에
살고 있는 착한 청년 알라딘.
가난하지만 선한 마음을 가진 알라딘은
님과 결혼하는 것이 꿈이다.

어느날 낯선 남자의 부탁을 받고
램프를 얻기 위해 신비한 동굴속으로
들어가게 되는데

램프를 만진 순간 동굴이 무너지고 만다.
그때 소원을 들어주는 램프의 요정 지니를 만나게 된다.

과연 알라단은 동굴을 무사히 빠져나가
공주님과 결혼하는 꿈을 이룰 수 있을까?","【公演紹介】

砂漠を越えて遠い国のアラビヤ王国へ
生きている優しい青年アラジン。
貧しいが良い心を持つアラジンは
様と結婚するのが夢だ。

ある日、見知らぬ男のお願いを受けて
ランプを得るために神秘的な洞窟で
入ります。

ランプに触れた瞬間、洞窟が崩れてしまう。
その時願いを聞くランプの妖精ジニーに会うことになる。

果たしてアラダンは洞窟を無事に逃げる
姫様と結婚する夢を叶えるのだろうか？"
미운오리새끼 [인천 연수],嫌なアヒルの子[仁川研修]
송도 건원테크노큐브,松島ガンウォンテクノキューブ
인천광역시 연수구 송도과학로16번길 13-18 (송도동),仁川広域市延寿区松島科学路16番ギル13-18（松島洞）
"[공연소개]
미운 오리 새끼는 단순히 못생긴 오리가 예뻐지는 이야기가 아닙니다.
이 작품은 아이들이 성장 과정에서 처음 마주하게 되는
다름, 비교, 소외의 감정을 따뜻하게 풀어낸 이야기입니다.

태어날 때부터 남들과 다른 모습으로 태어난 한 오리 새끼는
이유 없이 놀림을 받고 외면당하며
자신의 존재를 부정하게 됩니다.
하지만 미운 오리 새끼는 끝까지 자신을 포기하지 않고
낯선 세상을 향해 한 걸음씩 나아갑니다.

외롭고 힘든 시간 속에서도
스스로를 믿는 마음을 잃지 않은 미운 오리 새끼는
마침내 자신만의 모습과 가치를 발견하게 됩니다.
그리고 아이들은 이 과정을 통해
남들과 다르다고 틀린 것은 아니다라는 메시지를
자연스럽게 경험하게 됩니다.

뮤지컬 미운 오리 새끼는
아이들의 눈높이에 맞춘 음악과 움직임,
이해하기 쉬운 이야기 구조를 통해
공감과 자존감의 씨앗을 심어주는 교육 뮤지컬입니다.","【公演紹介】
醜いアヒルの子は、単に醜いアヒルがきれいな話ではありません。
この作品は子供たちが成長の過程で初めて向き合うようになります
相違、比較、疎外の感情を暖かく解放した話です。

生まれた時から他人と違う姿で生まれたアヒルの子
理由なしでいじめられて外面に遭う
自分の存在を否定するようになります。
しかし、嫌いなアヒルの子は最後まで自分をあきらめません。
見知らぬ世界に向かって一歩ずつ進みます。

孤独で大変な時間の中でも
自分を信じる心を失わなかった嫌なアヒルの子
ついに自分だけの姿と価値を発見することになります。
そして子供たちはこの過程を通して
他の人と違うと間違っていないというメッセージ
自然に経験することになります。

ミュージカル嫌いなアヒルの子
子供たちの目の高さに合わせた音楽と動き、
わかりやすい物語構造を通じて
共感と自尊心の種を植える教育ミュージカルです。"
루시드아트홀,ルシッドアートホール
"[공연소개]
온가족이 즐길 수 있는 가족마술공연! 
국내유일 북한 금강산에서 1년동안 마술콘서트를 마친, 마술사 한상민이 돌아왔다!  
아이들관객이 무대에서 참여하는 마술_모든 관객이 참여하는 마술_국낸유일한 마술_다양한 마술공연을 재미있게 즐길 수 있는 가족마술공연!! 
놓치지마세요~","【公演紹介】
家族全員が楽しめる家族魔術公演！ 
国内唯一北朝鮮の金剛山で1年間魔術コンサートを終えた、魔術師ハン・サンミンが帰ってきた！  
子供たち観客が舞台で参加する魔法_すべての観客が参加する魔術_国有唯一の魔術_様々な魔術公演を楽しく楽しめる家族魔術公演！ 
お見逃しなく〜"
오잉클!,オインクル！
오감클래식,五感クラシック
경기도 고양시 일산서구 호수로 817 (대화동),京畿道高陽市一山西区湖路817（大和洞）
"[프로그램]

[그림책: Snowman - Raymond Briggs]  
눈사람과 겨울 음악 이야기 책 속 장면의 효과음을 악기의 생소리로 표현해요

[바이올린 대조곡]  
The four seasons Winter / Air on the G String
하늘에 떠있는 구름과 땅위의 눈사람을 표현해요

[바이올린 피아노 듀엣 연주곡]  
When you wish upon a star

[영어 동요]  
1.I'm a little snowman
2.snowflakes,snowflakes
3.Winter hockey pokey","[プログラム]

[絵本: Snowman - Raymond Briggs]  
雪だるまと冬の音楽物語本の中のシーンの効果音を楽器の生音で表現します

[ヴァイオリン対照曲]  
The four seasons Winter / Air on the G String
空に浮かぶ雲と地上の雪だるまを表現します。

【ヴァイオリンピアノデュエット演奏曲】  
When you wish upon a star

[英語の揺れ]  
1.I'm a little snowman
2.snowflakes,snowflakes
3.Winter hockey pokey"
늑대와 아기돼지 삼형제 [부천],オオカミと赤ちゃん豚三兄弟[富川]
뉴코아소극장,ニューコア小劇場
경기도 부천시 송내대로 239 (상동),京畿道富川市松内大路239（上洞）
"[공연소개]

'잡아먹지 마~!'
'안잡아 먹는다니까~!

늑돌이는 자신의 집을 짓고 살라는 엄마의 꾸중을 듣고 집에서 나옵니다.
집을 지을 줄 모르는 늑돌이는 아기돼지들을 만나게 됩니다.
그리고 아기돼지들에게 집을 어떻게 지었는지 물어 보려 합니다.

그러나 아기돼지들은 놀라서 집에 숨거나 도망을 갑니다.
잡아먹지 마!!~
'안잡아 먹을거야'
'잡아먹지 마~~'
'안잡아 먹는다니까!'

답답한 늑돌이는 자신의 말을 들어주지 않는 것이 너무 답답하고 
화가나서 첫째와 둘째의 집을 입으로 불어서 날려 버립니다.

첫째와 둘째는 쫓아 오는 늑대를 피해 막내 집으로 도망을 갑니다. 
그런데 막내가 집에 없어요.

막내야~ 어디 있니? 친구들도 함께 찾아 봐요.

어? 막내야 여기 앉아있으면 어떡해. 

늑대가 우리를 쫓아 오고 있어.
빨리 집으로 가자.","【公演紹介】

「捕まえないでください！」
「抱きしめて食べるから～！

狼は自分の家を建て、生きるという母親の叱りを聞いて家から出ます。
家を建てることができない狼は赤ちゃんの豚に会います。
そして、子豚に家をどのように建てたのか尋ねようとします。

しかし、赤ちゃんの豚は驚いて家に隠れるか逃げます。
捕まえないでください！
「捕まえない」
「捕まえないでください~~」
「抱きしめて食べるから！」

苦しい狼は自分の言葉を聞かないのがとても苦しくて 
怒って最初と二番目の家を口に吹いて吹き飛ばします。

最初と2番目は追いかけてくるオオカミを避け、末っ子の家に逃げます。 
ところで末っ子が家にいません。

末っ子〜どこですか？友達も一緒に探してみてください。

え？末っとここに座っていたらどうしよう。 

オオカミが私たちを追いかけています。
早く家に帰ろう"
오감클래식 영유아 클래식 콘서트,五感クラシック乳幼児クラシックコンサート
"[공연안내]

<12월: Merry Christmas>
12월에는 크리스마스 분위기를 가득 담아
더욱 특별한 겨울 클래식 공연이 진행됩니다.
아이들에게 익숙한 캐롤과 겨울 클래식으로
연말의 설렘을 음악으로 만나보세요.


[프로그램]

Sleigh Ride
호두까기 인형 모음
캐롤 메들리
김효근 눈
Let It Snow","[公演案内]

<12月: Merry Christmas>
12月にはクリスマスの雰囲気がいっぱい
さらに特別な冬のクラシック公演が行われます。
子供になじみのあるキャロルと冬のクラシック
年末のときめきを音楽でお会いしましょう。


[プログラム]

Sleigh Ride
くるみ割り人形コレクション
キャロルメドレー
キム・ヒョグンの目
Let It Snow"
영유클래식,領有クラシック
"[공연소개]

< 함께하는 '딜리 앙상블' >
딜리앙상블은 ONEMUSIC의 대표 앙상블 팀으로, 영유클래식에서는 주로 아이를 키우는 부모님 연주자들로 구성되며, 따라서 아이들이 음악과 교감하는 순간의 소중함을 누구보다 잘 알고 있답니다. 따뜻한 연주와 체험으로 아이와 부모님 모두를 감싸줄 거예요.","【公演紹介】

＜一緒にする「デリーアンサンブル」＞
ディリアンサンブルはONEMUSICの代表アンサンブルチームであり、ユナイテッドクラシックでは主に子供を育てる両親の演奏者たちで構成され、したがって子供たちが音楽と交感する瞬間の大切さを誰よりもよく知っています。暖かい演奏と体験で、子供と両親の両方を包みます。"
위드아웃 유: 당신 없이는,ウィードアウトゆう：あなたなしで
이머시브스튜디오 홍대점,エマーシブスタジオ弘大店
서울특별시 마포구 와우산로21길 19-16 (서교동),ソウル特別市麻浦区和傘路21ギル19-16（ソギョドン）
"[시놉시스]

'그날, 집에 초대받은 순간부터 모든 것이 달라졌다.'

1980년대 태국 치앙마이의 한인 타운.

최근 마을에서 전염병 및 실종 사건 등으로 흉흉한 소문이 돌고 있는 가운데, 

한인 교민 '쿤타이'와 그의 아내 '베라', 딸 '포포'가 살고 있는 집에 각자 다른 이유로 방문하게 된 사람들.

겉보기엔 평온한 이 집에선 이해할 수 없는 일과 말할 수 없는 비밀이 서서히 모습을 드러내는데...

이 집에 초대받은 사람들과 초대받지 않은 사람들과의 돌아갈 수 없는 저녁 식사가 시작됩니다.","[シノプシス]

「その日、家に招待された瞬間からすべてが変わった」

1980年代タイチェンマイの韓国人タウン。

最近村で伝染病や行方不明事件などで凶暴な噂が回っている中、 

韓国人教民「クンタイ」と彼の妻「ベラ」、娘「ポポ」が住んでいる家にそれぞれ違う理由で訪れるようになった人々。

見た目には、穏やかなこの家では理解できないことと言えない秘密が徐々に姿を現しているのに…

この家に招待された人と招待されていない人との戻れない夕食が始まります。"
난타,ナンタ
제주난타극장,済州ナンタ劇場
제주특별자치도 제주시 선돌목동길 56-26 (오등동),済州特別自治道済州市サンドルモクドンギル56-26（五等洞）
"[공연소개]&#13;
&#13;
한국이 만들고 세계가 극찬한 공연 NANTA, since 1997&#13;
&#13;
난타는 한국 전통가락인 사물놀이 리듬을 소재로, 주방에서 일어나는 일들을 코믹하게 그린 &#13;
한국 최초의 비언어극(Non-verbal performance)이다.&#13;
칼과 도마 등의 주방기구가 멋진 악기로 승화되어 만들어내는 화려한 연주, 깜짝 전통혼례, 관객과 함께하는 &#13;
만두 쌓기, 한국 젅통춤과 가락이 어우러지는 삼고무, 가슴이 뻥 뜷릴 만큼 시원한 엔딩의 드럼연주 등으로 &#13;
구성되는 '난타'는 국적을 불문하고, 남녀노소 누구나 신나게 스트레스를 풀 수 있는 파워풀한 공연이다.","[パフォーマンス紹介]＆＃13;
&＃13;
韓国が作り、世界が絶賛した公演NANTA、since 1997＆＃13;
&＃13;
ナンタは韓国の伝統的な指であるサムルノリリズムを素材に、キッチンで起こるものをコミカルに描いた＆＃13;
韓国初の非言語劇（Non-verbal performance）である。
刀やまな板などのキッチンメカニズムが素敵な楽器に昇華して生み出す華やかな演奏、サプライズ伝統婚礼、観客と共にする＆＃13;
餃子の積み重ね、韓国のチョントンダンスとリズムが調和する三ゴム、胸が膨らむほど涼しいエンディングのドラム演奏などで＆＃13;
構成される「ナンタ」は国籍を問わず、男女老人誰もが楽しくストレスを解くことができるパワフルな公演だ。"
"[시놉시스]&#13;
&#13;
아름답고 평화로운 바닷속 왕국에는 여섯 인어공주가 있었어요.&#13;
그 중 가장 아름다운 막내공주는 열다섯살이 되어 땅의 세상을 구경할 수 있게 되었죠.&#13;
인어공주는 땅의 사람인 왕자에게 사랑을 느끼고, 사람이 되고 싶어 바다의 마녀를 찾아갑니다.&#13;
마녀는 그 조건으로 인어공주의 아름다운 목소리를 달라고 합니다.&#13;
게다가 사랑하는 사람과의 사랑이 이루어지지 않는다면 물거품이 되어 영원히 사라지게 된다고 말합니다.&#13;
하지만  인어공주는 사랑을 위해 사람이 되기로 하는데......&#13;
인어공주의 아름답고 가슴 시린 사랑이야기.. 인어공주는 행복해질 수 있을까요?","[シノプシス]＆＃13;
&＃13;
美しく平和な海の王国には6人の人魚姫がいました。＆＃13;
その中で最も美しい末っ子姫は15歳になり、地の世界を見学できるようになりました。
人魚姫は地の人である王子に愛を感じ、人になりたくて海の魔女を訪ねます。
魔女はその条件で人魚姫の美しい声をもらいます。＆＃13;
さらに、愛する人との愛が成り立たないと、水の泡になって永遠に消えるようになると言います。＆＃13;
しかし、人魚姫は愛のために人になることにします......&#13;
人魚姫の美しくおっぱいシリン愛の物語.. 人魚姫は幸せになれますか？"
나쁜 말 먹는 괴물 [장성],悪い馬を食べるモンスター [長城]
장성문화예술회관 소공연장,長城文化芸術会館小公演場
전남 장성군 장성읍 문화로 110,全羅南道長城郡長城邑文化路110
"[공연소개]

말로 소통하고, 노래로 치유하는
말의 모험 뮤지컬!
어느 날 말을 먹어버린 괴물?!
과연 말들은 다시 돌아올 수 있을까요?
아이부터 어른까지 함께 즐기는
유쾌한 가족 뮤지컬 〈나쁜 말 먹는 괴물〉","【公演紹介】

言葉でコミュニケーションし、歌で癒す
馬の冒険ミュージカル！
ある日、馬を食べてしまったモンスター？
果たして言葉はまた戻ってくるだろうか？
子供から大人まで一緒に楽しむ
愉快な家族ミュージカル〈悪い馬食べるモンスター〉"
"쌀롱드무지끄: 사랑, 웃음, 그리고 눈물",米ロンドムジク：愛、笑い、涙
쌀롱드무지끄,米ロンドムジク
서울특별시 종로구 창의문로 129 (부암동),ソウル特別市鍾路区昌義門路129（富岩洞）
"[PROGRAM]

* Gaetano Donizetti 가에타노 도니제티

- 사랑 - 
Opera <l'elisir d'amore> 사랑의 묘약 
Preludio (4 Hands Piano) 서곡 (포핸즈 피아노) 
Caro elisir... esulti pur la barbara 사랑스런 묘약이여!... 그녀가 기뻐하겠지 
Una furtiva lagrima 남몰래 흐르는 눈물 
Prendi per me sei libero 이 종이를 받아요, 이제 당신은 자유에요 

- 웃음 -
Opera <Don Pasquale> 돈 파스콸레 
Preludio (4 Hands Piano) 서곡 (포핸즈 피아노) 
Quel guardo il cavaliere 그 눈빛에 기사도 반했죠 
Com'e gentil 얼마나 아름다운가 3
Tornami a dir che m'ami 다시 말해줘요, 나를 사랑한다고 

- 눈물 -
Opera <Lucia di Lammermoor> 람메르무어의 루치아 
Preludio (4 Hands Piano) 서곡 (포핸즈 피아노) 
Regnava nel silenzio 적막이 흐르던 밤에 
Sulla tomba che riserra 무덤 위에서 맹세했죠 
Fra poco a me ricovero 곧 나는 무덤으로 가겠지","[PROGRAM]

* Gaetano Donizetti カエタノ・ドニゼッティ

-愛- 
Opera <l'elisir d'amore> 愛のポーション 
Preludio (4 Hands Piano) ソゴック (フォハンズピアノ) 
Caro elisir... esulti pur la barbara愛らしいポーションです！...彼女は喜ぶでしょう。 
Una furtiva lagrima こっそり流れる涙 
Prendi per me sei libero この紙を受け取り、今あなたは自由です 

- 笑い -
Opera <Don Pasquale> ドンパスキュレ 
Preludio (4 Hands Piano) ソゴック (フォハンズピアノ) 
Quel guardo il cavaliere その目つきに記事も惚れましたね 
Com'e gentil どのくらい美しいか 3
Tornami a dir che m'ami もう一度教えてください、私を愛して 

-涙-
Opera <Lucia di Lammermoor> ランメルムーアのルチア 
Preludio (4 Hands Piano) ソゴック (フォハンズピアノ) 
Regnava nel silenzio 積み込みが流れる夜に 
Sulla tomba che riserra墓の上で誓った。 
Fra poco a me ricovero もうすぐ墓に行くよ"
"쌀롱드무지끄, Beethoven Road 1","米ロンドムジク, Beethoven Road 1"
"[PROGRAM]

*Ludwig van Beethoven / Sonata for Piano and Violin

No. 1 in D major, Op. 12 No. 1
I. Allegro con brio
II. Tema con variazioni: Andante con moto
III. Rondo: Allegro

No. 2 in A major, Op. 12 No. 2
I. Allegro vivace
II. Andante, piu tosto Allegretto
III. Allegro piacevole","[PROGRAM]

*Ludwig van Beethoven / Sonata for Piano and Violin

No. 1 in D major、Op。 12 No. 1
I. Allegro con brio
II. Tema con variazioni: Andante con moto
III. Rondo: Allegro

No. 2 in A major, Op. 12 No. 2
I. Allegro vivace
II. Andante, piu tosto Allegretto
III. Allegro piacevole"
Missing (미씽),Missing (ミシン)
"[공연소개]



미씽 Missing

현대무용 × 인터랙티브 미디어 아트



적응의 기록, 멈추지 않는 몸

잃어버린 세계에서 당신의 몸은 어떤 기록을 남기겠습니까



무엇이 사라졌는가.

자연인가, 공기인가, 감각인가.

아니면 우리가 알고 있던 인간의 형태인가.



〈미씽 Missing〉은 변화된 환경 속에서 스스로를 재조직하는 인간의 몸을 관찰한다. 이 작품에서 몸은 감정을 표현하는 주체가 아니다. 몸은 환경에 반응하는 구조이며, 끊임없이 적응하는 시스템이다.



미씽(Missing)이 가리키는 것은 단순한 사라짐이 아니다. 익숙했던 감각의 상실, 이전의 호흡 방식, 자연과의 관계, 그리고 인간을 규정하던 형태의 일부가 지워진 상태. 그러나 이 작품은 그 상실을 애도하지 않는다. 사라진 이후에도 계속해서 변형되고 적응하는 몸을 조용히 들여다본다.



[시놉시스]



랩으로 감겨진 몸이 무대 위에 있다. 억압의 표시가 아니라, 하나의 조건이다. 먼지와 독성으로 가득한 환경 속에서 몸은 스스로를 감싸고, 제한된 조건 안에서 기능을 다시 설계한다. 그 몸 위로 미디어 아트가 겹쳐지며 신체는 왜곡되고 변형되고 다시 태어난다.



몸은 바닥을 향한다. 인공물 사이에서 끝내 남아있는 자연, 흙과의 접촉. 피부를 통해, 움직임을 통해, 세포 단위에서 다시 깨어나는 몸. 무용수들의 움직임은 파장과 등고선의 형태로 공간 위에 펼쳐지며 인터랙티브 미디어와 실시간으로 호응한다.



환경이 바뀌면 몸도 바뀐다. 아름다움의 기준이 사라진 자리에서 몸은 새로운 균형을 만들어낸다. 물리적으로 불가능한 신체의 왜곡이 미디어를 통해 가시화되며, 진화의 흔적은 무대 위에서 낯선 형태로 드러난다.



그럼에도 인간은 관계를 포기하지 않는다. 밀고 당기고 어긋나고 엮이며, 변형된 몸들은 함께 적응한다. 관계의 본질은 환경이 변해도 그대로다.



노래가 흐른다. 몸은 그 소리에 반응한다. 언어가 닿지 않는 곳에서, 몸은 본능적으로 자연을 향해 움직인다. 왜곡되고 변화했지만 희망을 포기하지 않는 몸. 〈미씽〉은 사라진 것을 복원하는 작업이 아니다. 사라짐 이후에도 계속해서 변형되고 적응하며 살아가는 몸에 대한 탐구다. 이 작품이 끝난 뒤, 관객이 잠시 자신의 호흡과 몸을 의식한다면 그것으로 충분하다.","【公演紹介】



ミシン Missing

現代ダンス×インタラクティブメディアアート



適応の記録、止まらない体

失われた世界では、あなたの体はどんな記録を残しますか？



何が消えたのか。

自然なのか、空気なのか、感覚なのか。

それとも私たちが知っていた人間の形なのか。



〈ミシンミッシング〉は変化した環境の中で自らを再組織する人間の体を観察する。この作品では、体は感情を表現する主体ではありません。体は環境に反応する構造であり、常に適応するシステムです。



ミシンが指しているのは単なる消滅ではありません。慣れていた感覚の喪失、以前の呼吸方式、自然との関係、そして人間を規定していた形態の一部が消去された状態。しかし、この作品はその喪失を哀悼しない。消えた後も引き続き変形して適応する体を静かに覗く。



[シノプシス]



ラップで巻かれた体が舞台の上にある。抑圧の表示ではなく、一つの条件だ。ほこりや毒性に満ちた環境の中で、体は自分自身を包み込み、限られた条件で機能を再設計します。その体の上にメディアアートが重なり、体は歪んで変形して生まれ変わります。



体は床に向かう。人工物の間に残っている自然、土との接触。皮膚を通して、動きを通して、細胞ユニットから再び目を覚ます体。ダンサーの動きは、波長と等高線の形で空間上に広がり、インタラクティブメディアとリアルタイムで反応します。



環境が変わると体も変わる。美しさの基準が消えた席で、体は新しいバランスを作り出す。物理的に不可能な身体の歪みはメディアを介して可視化され、進化の兆候はステージの上で見知らぬ形に現れます。



それでも人間は関係をあきらめない。押し、引っ張り、ずれて編み、変形した体は一緒に適応する。関係の本質は環境が変わってもそのままだ。



曲が流れます。体はその音に反応します。言語が届かないところで、体は本能的に自然に向かって動く。歪んで変化したが希望をあきらめないボディ。 〈ミシン〉は消えたものを復元する作業ではない。消えた後も引き続き変形して適応して生きていく体に対する探求だ。この作品が終わった後、観客がしばらく自分の呼吸と体を意識すればそれで十分だ。"
찹아저씨의 선물가게 [서울 송파],もちあさんのギフトショップ[ソウル松坡]
"[공연소개]
마술, 벌룬, 버블 모두가 있는 <찹아저씨의 선물가게>
춘천마임프린지 우승 과 알렉산더 매직컨벤션 1위에 빛나는 김인수 마술사의 마술 종합선물센트!

3월 가족들에게 행복과 미소를 주고자 준비했습니다!

관객들에게 신기함을 넘어 감동을 주고자 노력하는 김인수마술사의 마술 종합세트 <찹아저씨의 선물가게> 웃음을 되찾기 위한 찹 아저씨의 모험을 통해 마법 같은 마술과 환상적 퍼포먼스가 감동과 재미를 선사합니다~!","【公演紹介】
魔法、バルーン、バブルみんながある＜もちおじさんのお土産屋＞
春川マイムフリンジ優勝とアレクサンダーマジックコンベンション1位に輝くキム・インス魔術師の魔法総合プレゼントセント！

3月家族に幸せと笑顔を与えようと準備しました！

観客たちに不思議を超えて感動を与えようと努力するキム・インス魔術師の魔法総合セット＜もちおじさんのプレゼント屋＞"
제4회 앙상블 칸탄도 (Ensemble Cantando) 정기연주회: 힐링 콘서트,第4回アンサンブルカンタンド（Ensemble Cantando）定期演奏会：ヒーリングコンサート
"[PROGRAM]
Béla Kovács
Hommage à C.M. Weber for Clarinet Solo

Gabriel Fauré
Fantaisie for flute and piano, Op. 79

양효성
Freedom & Eternity for Violin and Piano

Camille Saint-Saëns
Tarantelle for Flute, Clarinet and Piano, Op.6

- Intermission -

Clara Schumann
Three Romances for Violin and Piano, Op. 22

강은경
Passage III for Flute solo

Darius Milhaud
Suite for Violin, Clarinet and Piano Op.157b

Dmitri Shostakovich
Waltz No. 2 from Suite for Flute, Violin, Clarinet and Piano (arr. 강은경)","[PROGRAM]
Béla Kovács
Hommage à C.M. Weber for Clarinet Solo

Gabriel Fauré
Fantaisie for flute and piano, Op. 79

ヤン・ヒョソン
Freedom & Eternity for Violin and Piano

Camille Saint-Saëns
Tarantelle for Flute, Clarinet and Piano, Op.6

-Intermission-

Clara Schumann
Three Romances for Violin and Piano, Op. 22

カン・ウンギョン
Passage III for Flute solo

Darius Milhaud
Suite for Violin, Clarinet and Piano Op.157b

Dmitri Shostakovich
Waltz No. 2 from Suite for Flute, Violin, Clarinet and Piano (arr.カン・ウンギョン)"
"쌀롱드무지끄, Poetry for four hands","米ロンドムジク, Poetry for four hands"
"[PROGRAM]

* W. A. Mozart / Sonata for Piano Four Hands in D major, KV. 381 (11')
* F. Schubert / Fantasia in F minor for Piano Four Hands, D. 940 (19')
* G. Faure - Dolly Suite, Op. 56 (10')
* C. Debussy / Petite Suite 
* S. Rachmaninoff / Vocalise(arr. for Piano Duo)","[PROGRAM]

* W. A. Mozart / Sonata for Piano Four Hands in D major, KV. 381（11 '）
* F. Schubert / Fantasia in F minor for Piano Four Hands, D. 940 (19')
* G. Faure - Dolly Suite, Op. 56（10 '）
* C. Debussy / Petite Suite 
* S. Rachmaninoff / Vocalise(arr. for Piano Duo)"
툇마루무용단 정기공연: Community [대학로],トゥクトマル舞踊団定期公演: Community [大学路]
대학로예술극장 대극장,大学路芸術劇場大劇場
서울 종로구 대학로10길 17,ソウル鍾路区大学路10ギル17
"[공연소개]

1. <NODE>
심재호 안무의 〈NODE〉는 인간이 생존을 위해 형성해 온 ‘무리’라는 구조와, 그 안에서 필연적으로 발생하는 ‘분열’의 메커니즘을 탐구한다. 우리는 서로 연결되기 위해 집단을 이루지만, 무리가 확장될수록 기준의 차이는 경계가 되고 새로운 분리를 만들어낸다. 더 크게 연결될수록 동시에 더 세밀하게 나뉘는 인간 사회의 구조 속에서, 개인은 ‘어디에 속해 있는가’로 정의되기 시작한다.

작품은 이러한 구조를 단정하기보다, 하나로 완성된 사회가 가능한지에 대한 질문을 던진다. 여기서 ‘노드(node)’는 거대한 하나가 아닌 각자가 하나의 지점으로 존재하는 상태를 의미하며, 완전히 합쳐지지도 끊어지지도 않은 채 보이지 않는 긴장 속에서 공존하는 관계를 신체로 탐구하고자 한다.

2. 〈Walk and Waltz〉
사람들은 모두 걷는다. 하지만 우리는 그 걸음 속에 숨은 삶을 얼마나 바라보고 있는가?

김영웅 안무의 〈Walk and Waltz〉는 ‘삶의 리듬을 유영한다’를 주제로, 인간의 가장 일상적인 행위인 ‘걸음’을 춤의 출발점으로 삼은 실험적 창작이다. 본 작품은 ‘걷기’라는 일상적인 행위를 통해 인간이 살아가며 마주하는 내면의 목소리와 삶의 경험을 포착하고자 한다. 무용수의 걸음은 단순한 이동을 넘어 감정의 흐름으로 확장되며, 일상의 흔적은 시각적 움직임으로 재구성된다. 빛과 소리, 의상의 질감을 활용한 무대는 ‘시간을 걷는 몸’이라는 주제를 감각적으로 드러낸다.","【公演紹介】

1. <NODE>
シム・ジェホ振付の〈NODE〉は、人間が生存のために形成してきた「群れ」という構造と、その中で必然的に発生する「分裂」のメカニズムを探求する。私たちは互いにつながるために集団を形成しますが、群れが拡大するほど、基準の違いは境界となり、新しい分離を作り出します。より大きくつながればなるほど同時に、より細かく分かれる人間社会の構造の中で、個人は「どこに属しているか」と定義され始める。

作品はこのような構造を断定するよりも、一つに完成した社会が可能かどうかについての質問を投げる。ここで「ノード（node）」は、巨大な一つではなく、それぞれが一つの地点で存在する状態を意味し、完全に合わさっても切れないまま見えない緊張の中で共存する関係を身体で探求しようとする。

2. 〈Walk and Waltz〉
人々は皆歩く。しかし、私たちはその一歩に隠れた人生をどれだけ見つめていますか？

キム・ヨンウン振付の「Walk and Waltz」は「人生のリズムを遊泳する」をテーマに、人間の最も日常的な行為である「歩み」をダンスの出発点とした実験的創作だ。本作品は「歩く」という日常的な行為を通じて人間が生きて向き合う内面の声と人生の経験を捉えようとする。ダンサーの歩みは単なる動きを超えて感情の流れに広がり、日常の痕跡は視覚的な動きに再構成されます。光と音、衣装の質感を活用した舞台は「時間を歩く体」というテーマを感覚的に表わす。"
Gukak Groove: 거실에 흐르는 국악,Gukak Groove：リビングルームを流れる国楽
"[공연소개]
본 공연은 전통 가야금과 25현 가야금으로 아리랑, 산조, 민요, 대중적으로 익숙한 선율을 엮은 해설형 공연이다.전통음악의 깊이와 현대적 재해석을 함께 소개하며, 살롱 공간에서 관객과 소통하는 친밀한 음악 경험을 제안한다.

[PROGRAM]
* 두 대의 아라리 
정선 , 강원도 , 해주 , 진도아리랑을 전통가야금과 25현가야금으로 새롭게 편곡한 연주곡으로, 한국민요의 정서를 다양한 가야금음색 으로 전하는 서정적인 오프닝곡이다.

* 김죽파류가야금 산조 
김죽파는 20세기 가야금산조의 흐름을 정립한 명인이다. 김죽파류산조는 섬세한 시김새와 다양한 주법, 점차 빨라지는 장단속에서 연주자의 예술성과 기량을보여주는대표적인곡이다

* <백만송이 장미> 
백만송이 장미는 국내에서는 심수봉의 노래로 널리 알려져 있지만, 그 시작은 1981년 라트비아에서 발표된 노래 <마리냐가 준 소녀의 인생>이다. 대지와 운명의 여신 '마라' 가 딸에게 행복을 주는 것을 잊어 고난을 겪게 된다는 신화적 이야기를 담고 있다. 이후 러시아어로 개사되어 사랑 노래로 널리 알려졌고, 오늘 연주는 이 멜로디가 국경을 넘어 전해진 여정을 들려준다.

* 25현가야금 <도라지타령>
강원 경기지역의대표민요<도라지타령>을 25현가야금의 넓은음역과 화성으로 새롭게 풀어낸 연주곡이다.

* 내 마음에 새겨진 추억 - <첨밀밀> 
영화 <첨밀밀>의주제곡 '월량대표아적심' 'I'm StillLovingYou'를 두 대의 가야금으로엮어연주한다.","【公演紹介】
本公演は伝統的なカヤグムと25弦のカヤグムで、アリラン、三条、民謡、大衆的に馴染みのある旋律を結んだ解説型公演である。

[PROGRAM]
* 2台のアラリ 
チョンソン、江原道、ヘジュ、ジンドアリランを伝統歌冶金と25弦歌冶金で新たに編曲した演奏曲で、韓国民謡の情緒を様々なカヤ金音色で伝える叙情的なオープニング曲だ。

*キムジュクパリュガヤムサンジョ 
キム・ジュクパは20世紀のカヤ金山組の流れを定立した名人だ。キム・ジュクパリュンサンジョは、繊細な詩と様々な主法、徐々に速くなる取り締まりで演奏者の芸術性と技量を見せてくれる代表的な曲だ。

*<百万松バラ> 
百万松薔薇は国内ではシムスボンの歌として広く知られているが、その始まりは1981年ラトビアで発表された歌「マリーニャがくれた少女の人生」だ。大地と運命の女神「マラ」が娘に幸せを与えることを忘れて苦難を経験するという神話的な話を込めている。以後ロシア語で開社され、愛歌として広く知られ、今日演奏はこのメロディが国境を越えて伝えられた旅程を聞かせてくれる。

* 25弦歌冶金<ドラジター領>
江原（カンウォン）京畿地域の代表民謡＜ドラジタ令＞を２５弦歌冶金の広い音域と火星で新たに解き放った演奏曲だ。

*私の心に刻まれた思い出 - <高密度> 
映画「先密ミル」の主題歌「月量代表赤ちゃん心」「I'm StillLovingYou」を2台のカヤグムにまとめて演奏する。"
Rock And Roll 크라잉 넛 X 부활 [금산],ロックアンドロールクライングナッツX復活[金山]
금산다락원 생명의집 대공연장,錦山ダラクウォンライフコレクション大公演場
충남 금산군 금산읍 금산로 1559,忠南錦山郡錦山邑錦山路1559
"[공연소개]
대한민국 펑크록의 아이콘 크라잉 넛과 레전드 록밴드 부활이 한 무대에서 만나는 레전드 록 공연","【公演紹介】
大韓民国のパンロックのアイコン クライングナッツとレジェンドロックバンド 復活が一舞台で出会うレジェンドロック公演"
"사물놀이 몰개, 길: The Way [충주]",サムルノリモールギル、ギル：The Way [忠州]
"[공연소개]
세계적으로 독창적인 구조와 작품성을 인정받은 판소리,
역동적 울림과 장단의 사물놀이, 또 다른 恨(한)의 소리 재즈!
한 편의 드라마가 펼쳐지는 ‘길’의 아름다운 여정 위에 여러분을 초대합니다.
초행, 님의노래, 일곱 갈래 길, 꽃비, 경천동지, 씻김, 이바디 등","【公演紹介】
世界的に独創的な構造と作品性を認められたパンソリ、
ダイナミックな響きと長団のサムルノリ、また別の恨の声ジャズ！
ひとつのドラマが繰り広げられる「道」の美しい旅程の上に皆さんを招待します。
初行、ニムの歌、七つの道、花雨、軽川同志、洗濯、イボディなど"
신주헌 클래식기타 초청 리사이틀,シン・ジュホンクラシックギター招待リサイタル
클래시카 서울,クラシカソウル
서울특별시 서초구 반포대로30길 32 (서초동),ソウル特別市瑞草区珠浦大路30ギル32（瑞草洞）
"[공연소개]

클래식 기타리스트 신주헌

창의적인 아이디어와 감성적인 작품 해석으로 음악계와 대중 양쪽에서 찬사를 받고 있는 클래식 기타리스트 신주헌은 서울대학교 음악대학 기악과에서 클래식 기타를 전공하고 졸업하였다.

한음 콩쿠르 1위, 해외파견콩쿠르 1위, International Music Competition Vienna 2위, France Music Competition Guitar 1위, Adelaide Guitar Festival 4위 등 국내외 유수의 기타 콩쿠르에서 입상하며 실력을 인정받았다. 이를 바탕으로 오케스트라 협연 및 예술의전당 연주 등 주요 무대에 초청되어 연주하였으며, 국내를 비롯해 일본 도쿄, 대만 타이중 등에서 독주회 및 초청 연주를 진행하며 활발한 국제 활동을 이어가고 있다.

성남시립교향악단, 한양대학교 음악대학, 서울해금앙상블 등과 협연하였고, 금난새의 해설이 있는 음악회, 현대자동차 STAGE X, DMZ 세계평화축전, 유네스코 위대한 유산 오늘과 만나다, 평택 실내악 축제, Baroque Music Festival, 아모레퍼시픽 뉴원페스타 등 다양한 페스티벌과 무대에 연주자로 초청되어 관객과 소통해 왔다.

또한 IBK기업은행 Win Class VVIP Concert 음악감독, 해양수산부 주관 독도 LIVE 음악 총괄 아티스트를 역임하며 기획과 연주를 아우르는 활동을 펼쳤다.

클래식에 국한되지 않고 PLAY THE GUITAR, 뮤지컬 공연, 넥슨 게임 음악 콘서트, 각종 음반 작업 세션 등 대중음악 및 콘텐츠 무대에서도 폭넓게 활동하며 클래식과 대중음악의 경계를 넘나드는 연주자로 자리매김하였다.

최근에는 해금 연주자 노은아와의 듀오 활동을 비롯해 다수의 국악 연주자들과 협업하며 동서양 음악의 조화를 시도하고 있으며, 음악적 스펙트럼을 지속적으로 확장하고 있다.

한편 SBS 놀라운 대회 스타킹, KBS 음악실, KBS 국악 한마당 등 방송 출연과 유튜브 및 SNS 콘텐츠 매체를 통해 그의 음악은 국내외 일반 대중과 음악 애호가들로부터 폭넓은 사랑을 받고 있다.

현재 서울예술고등학교, 경기예술고등학교, 예원학교에 출강하고 있으며, 국군재정관리단 구 국군경리단 기타 앙상블 클래스 지휘자 및 음악감독을 역임하였다. 또한 신주헌 기타 클래스 운영을 통해 후학 양성에 힘쓰고 있으며, 한국기타협회 우수지도자상을 수상하였다.

아울러 음악적 성과와 문화예술 분야에 대한 기여를 인정받아 대한민국 베스트브랜드 문화예술인상을 수상하였다.

다양한 활동을 이어가고 있는 그는 현재 기타의 차세대 연주자로 주목받고 있으며, 아름다운 음색과 기술적으로 완성도 높은 연주로 관객의 마음을 사로잡고 있다.","【公演紹介】

クラシックギタリストシン・ジュホン

創造的なアイデアと感性的な作品の解釈で音楽界と大衆の両方で賛辞を受けているクラシックギタリストシン・ジュホンはソウル大学音楽大学ギアク科でクラシックギターを専攻して卒業した。

韓音コンクール1位、海外派遣コンクール1位、International Music Competition Vienna 2位、France Music Competition Guitar 1位、Adelaide Guitar Festival 4位など国内外有数のギターコンクールで入賞して実力を認められた。これをもとにオーケストラ協演や芸術の殿堂演奏など主要舞台に招待されて演奏し、国内をはじめ日本東京、台湾台中などで独奏会及び招待演奏を進めて活発な国際活動を続けている。

城南市立交響楽団、漢陽大学音楽大学、ソウル海金アンサンブルなどと共演した。観客とコミュニケーションしてきた。

また、IBK企業銀行Win Class VVIP Concert音楽監督、海洋水産部主管独島LIVE音楽総括アーティストを歴任し、企画と演奏を交わす活動を行った。

クラシックに限らず、PLAY THE GUITAR、ミュージカル公演、ネクソンゲーム音楽コンサート、各種アルバム作業セッションなど大衆音楽やコンテンツ舞台でも幅広く活動し、クラシックと大衆音楽の境界を越える演奏者として位置づけた。

最近では、解禁演奏者ノ・ウンアとのデュオ活動をはじめ、多数の国楽演奏者たちとコラボレーションして東西洋音楽の調和を試みており、音楽的スペクトルを持続的に拡張している。

一方、SBS驚くべき大会ストッキング、KBS音楽室、KBS国楽ハンマダンなど放送出演とYouTubeとSNSコンテンツメディアを通じて彼の音楽は国内外一般大衆と音楽愛好家から幅広い愛を受けている。

現在、ソウル芸術高等学校、京畿芸術高等学校、豫園学校に出講しており、国軍財政管理団区国軍経理団その他アンサンブルクラス指揮者及び音楽監督を歴任している。また、シン・ジュホンその他のクラス運営を通じて後学養成に努めており、韓国その他協会優秀指導者賞を受賞した。

また音楽的成果と文化芸術分野への貢献を認められ、大韓民国のベストブランド文化芸術印象を受賞した。

様々な活動を続けている彼は現在ギターの次世代奏者として注目されており、美しい音色と技術的に完成度の高い演奏で観客の心をひきつけている。"
24시간 프로젝트 시즌9: 강혜리,24時間プロジェクトシーズン9：カン・ヘリ
서울특별시 종로구 동숭길 3 (동숭동),ソウル特別市 鍾路区 ドンギル3 (ドンドンドン)
"[PROGRAM]

Improvisation 

Johann Christian Bach (1735-1782)
Piano Sonata No.5 in A major, Op.17
1. Allegro
2. Presto

Clara Schumann (1819-1896)
Prelude No. 6 in D-flat major “Des Abends”

Robert Schumann (1810-1856)
Piano Sonata No.1 in F-sharp minor, Op.11
1. Introduzione: Un poco Adagio - Allegro vivace
2. Aria
3. Scherzo e Intermezzo: Allegrissimo - Lento - Tempo primo
4. Finale: Allegro un poco maestoso

※ 프로그램은 연주자의 사정에 의해 변경될 수 있습니다.","[PROGRAM]

Improvisation 

Johann Christian Bach (1735-1782)
Piano Sonata No.5 in A major, Op.17
1. Allegro
2. Presto

Clara Schumann (1819-1896)
Prelude No. 6 in D-flat major “Des Abends”

Robert Schumann (1810-1856)
Piano Sonata No.1 in F-sharp minor, Op.11
1. Introduzione: Un poco Adagio - Allegro vivace
2. Aria
3. Scherzo e Intermezzo: Allegrissimo - Lento - Tempo primo
4. Finale: Allegro un poco maestoso

※プログラムは演奏者の都合により変更されることがあります。"
24시간 프로젝트 시즌9: 투크 피아노 콰르텟,24時間プロジェクトシーズン9：トゥークピアノクアルテット
"[PROGRAM]

Johannes Brahms (1833-1897)
Piano Quartet No.1 in G minor, Op.25
1. Allegro
2. Intermezzo: Allegro, ma non troppo
3. Andante con moto
4. Rondo all Zingarese: Presto

※ 프로그램은 연주자의 사정에 의해 변경될 수 있습니다.","[PROGRAM]

Johannes Brahms (1833-1897)
Piano Quartet No.1 in G minor, Op.25
1. Allegro
2. Intermezzo: Allegro, ma non troppo
3. Andante con moto
4. Rondo all Zingarese: Presto

※プログラムは演奏者の都合により変更されることがあります。"
24시간 프로젝트 시즌9: 손민영,24時間プロジェクトシーズン9：ソンミンヨン
"[PROGRAM]

Franz Liszt (1811-1886)
Consolations, S.172 (excerpt)
No.2 in E major. Un poco più mosso

Franz Liszt (1811-1886)
Années de pèlerinage II : Italie, S.161 (excerpt)
No.5 Sonetto 104 del Petrarca

Johannes Brahms (1833-1897)
Piano Sonata No.3 in F minor, Op.5
1. Allegro maestoso
2. Andante espressivo
3. Scherzo: Allegro energico-Trio
4. Intermezzo: Andante molto
5. Finale: Allegro moderato ma rubato

※ 프로그램은 연주자의 사정에 의해 변경될 수 있습니다.","[PROGRAM]

Franz Liszt (1811-1886)
Consolations, S.172 (excerpt)
No.2 in E major. Un poco più mosso

Franz Liszt (1811-1886)
Années de pèlerinage II: Italie, S.161 (excerpt)
No.5 Sonetto 104 del Petrarca

Johannes Brahms (1833-1897)
Piano Sonata No.3 in F minor, Op.5
1. Allegro maestoso
2. Andante espressivo
3. Scherzo: Allegro energico-Trio
4. Intermezzo: Andante molto
5. Finale: Allegro moderato ma rubato

※プログラムは演奏者の都合により変更されることがあります。"
"한밤의 공연 산책 Ⅱ, 닥터트램과 봉봉",夜の公演散歩Ⅱ、ドクタートラムとボンボン
"[공연소개]

탄성으로 연결되는 관계, 관객이 완성하는 무대

외로운 닥터트램이 만든 탄성 인형 '봉봉이',
관객의 작은 소리와 반응으로 살아 움직이는 독특한 존재.
객석과 무대의 경계를 허물고 '탄성'이라는 매개체로 소통하는 독창적인 실험
관객의 에너지가 공연을 완성하는 특별한 참여형 무대","【公演紹介】

弾性につながる関係、観客が完成する舞台

孤独なドクタートラムが作った弾性人形「ボンボンイ」、
観客の小さな音と反応で生きて動くユニークな存在。
客席と舞台の境界を崩し「弾性」というメディエーターでコミュニケーションする独創的な実験
観客のエネルギーが公演を完成する特別な参加型ステージ"
"한밤의 공연 산책 Ⅰ, U's Again",夜の公演散歩Ⅰ、U's Again
"[공연소개]
하늘에서 떨어진 색색의 모자, 다시 피어나는 청춘

일상에 지친 할머니와 할아버지가 하늘에서 떨어진 모자를 쓰는 순간, 
다시금 생기 넘치는 웃음으로 채워지는 유쾌한 변신.
나이 듦 속에 숨겨진 찬란한 즐거움을 찾아가는 따뜻한 여정.","【公演紹介】
空から落ちた色の帽子、また咲く青春

日々疲れたおばあちゃんとおじいさんが空から落ちた帽子をかぶった瞬間、 
再び生気あふれる笑いで満たされる愉快な変身。
年齢の中に隠された爽やかな楽しさを訪れる暖かい旅。"
"NT Live, 워렌 부인의 직업 (영상화)",NTライブ、ウォーレン夫人の職業（映像化）
"[공연소개]
도덕과 생존 사이, 여성이 감당해야 했던 선택의 대가

노벨문학상 수상자이자 영국의 대표적인 비평가, 사상가, 극작가인 조지 버나드 쇼의 <워렌 부인의 직업>을 선보인다. 이 작품은 '매춘부 문제'를 통해 여성을 경제적으로 억압하는 영국 사회의 구조적 불평등을 날카롭게 비판하며, 발표 당시 큰 반향을 일으켰다. 올리비에상 5회 수상에 빛나는 이멜다 스턴톤이 친딸인 베시 카터와 처음으로 모녀 역을 함께 연기한다는 점에서도 주목을 끈다. 또한 이번 작품은 이멜다 스턴톤과 도미닉 쿡 연출이 다시 한번 손을 잡은 신작으로, 도덕성과 자립, 전통과 진보가 충돌하는 지점에서 인간의 선택과 책임을 깊이 있게 조명한다.

[줄거리]
비비 워렌은 대학을 막 졸업한, 지성과 독립심을 갖춘 젊은 여성이다. 그녀는 어머니 키티 워렌이 과거 생계를 위해 사회적 으로 용인되지 않는 방식으로 부를 일구었다는 사실을 알게 된다. 비비는 어머니의 선택이 도덕적으로 정당한 것이었는지를 묻는 한편, 그것이 과거의 일이 아니라는 현실을 마주하며 갈등한다. 자신의 신념에 따라 살아가려는 딸과, 가부

장적 사회 속에서 살아남아야 했던 어머니의 가치관은 충돌한다. 하지만 워렌 부인이 쌓은 막대한 부의 대가는 과연 무엇이었을까?","【公演紹介】
道徳と生存の間、女性が余裕がなければならなかった選択の代価

ノーベル文学賞受賞者であり、イギリスの代表的な批評家、思想家、劇作家であるジョージ・バーナード・ショーの「ウォーレン夫人の職業」を披露する。この作品は「売春婦問題」を通じて女性を経済的に抑圧する英国社会の構造的不平等を鋭く批判し、発表当時大きな反響を起こした。オリビエ賞5回受賞に輝くイメルダ・スタントンが親娘であるベシカーターと初めて母娘役を一緒に演じるという点でも注目を集める。また今回の作品はイメルダ・スタントンとドミニククック演出がもう一度手を取った新作で、道徳性と自立、伝統と進歩が衝突する点で人間の選択と責任を深く照明する。

[プロット]
ビビ・ウォーレンは大学を卒業したばかりの知性と独立心を持つ若い女性です。彼女は母親のKitty Warrenが過去の生活のために社会的に容認されていない方法で富を呼んだことを知っています。ビビは母親の選択が道徳的に正当なものであったかどうかを尋ねる一方、それが過去の仕事ではないという現実に直面して葛藤する。自分の信念に従って生きようとする娘と、家父

長籍社会の中で生き残らなければならなかった母の価値観は衝突する。しかし、ウォーレン夫人が積み上げた莫大な富の対価は果たして何だったのだろうか？"
이상한 색깔 나라의 무지,奇妙な色の国の無知
"[공연소개]

<이상한 색깔나라의 무지>
강아지 무지는 토끼를 따라가다 우연히 이상한 색깔 나라에 빠지게 됩니다.
그곳에서 무지는 사라진 색을 하나씩 찾아 나서는 특별한 모험을 시작하고, 여정 속에서 색깔 여왕과 개성 넘치는 친구들을 만나며 빨강, 노랑, 파란 다양한 색의 의미와 아름다움을 알아갑니다. 색을 찾을수록 무지는 점점 성장하고, 마침내 모든 색이 모여 무지개가 완성되는 순간,
무지는 자신만의 색과 이야기를 발견하게 됩니다.
이상한 색깔 나라의 무지는
이상한나라의 앨리스를 기반으로
아이들이 이야기를 따라가며
자연스럽게 색을 배우고 알아가며 자신의 색을 만들 수 있는 공연입니다.","【公演紹介】

＜不思議な色の国の無知＞
子犬の無知はウサギを追いかけ、偶然に奇妙な色の国に陥るようになります。
そこで無知は消えた色を一つずつ見つけていく特別な冒険を始め、旅の中で色の女王と個性あふれる友達に会い、赤、黄色、青い色の意味と美しさを知っています。色を見つけるほど、無地はますます成長し、ついにすべての色が集まり、虹が完成する瞬間、
無知は自分だけの色と物語を発見することになります。
奇妙な色の国の無知
奇妙な国のアリスに基づいて
子供たちは物語に従います
自然に色を学び、知りながら自分の色を作ることができる公演です。"
알사탕 [공주],アルキャンディ[プリンセス]
"[공연소개]

우리 아이에게 주는 최고의 선물! 뮤지컬 <알사탕>과 함께하는 '행복한 하루'

5월 5일 어린이날, 공주문예회관이 아이들을 위해 거대한 꿈의 놀이터로 변신한다.
2025년부터 시작된 문예회관의 어린이날 특별 프로젝트가 올해는 더욱 업그레이드된 재미와 감동으로 가족 관객들을 맞이한다.
대공연장 무대에는 전 세계가 사랑한 백희나 작가의 베스트셀러 원작, 가족 뮤지컬 <알사탕>이 오른다. 신비한 사탕을 먹고 마음의
소리를 듣게 된 동동이의 이야기를 통해 서툴지만 진심 어린 가족의 사랑과 용기를 전하며 아이와 부모님 모두에게 뭉클한 따뜻함을
선사할 예정이다. 감동은 무대 밖에서도 계속된다. 공연 전후로 로비와 야외에서 다채로운 부대행사 <행복한 하루>가 펼쳐진다.
아기자기한 '작은 극장'과 흥겨운 '야외 퍼포먼스' 눈을 뗄 수 없는 '마술 공연'이 축제의 흥을 돋운다. 또한 아이들을 반겨줄 '키다리 아저씨' 등
체험 행사가 가득해 지루할 틈이 없다. 온 가족이 웃고 즐기며 소중한 추억을 만드는 어린이날 최고의 나들이 명소가 되기를 기대한다.


[작품소개]

마음의 소리가 들리는 '마법의 알사탕'이 전하는 따뜻한 위로와 성장 이야기.
세계적인 작가 백희나의 그림책 <알사탕>을 원작으로 탄탄한 스토리에 아름다운 음악과
다양한 무대효과가 더해져 그림책의 감동을 그대로 구현한다.
2019년 초연 이후 3년 연속 판매랭킹 1위(놀 티켓 아동, 가족 부문)를 기록하며,
아이는 물론 부모의 마음까지 사로잡은 명품 가족 뮤지컬이다.


[시놉시스]

""그건 알사탕이야. 아주 달지.""
 
문방구에서 산 알사탕 한 봉지. 사탕 한 알을 입에 넣자
 
원래는 들을 수 없던 소리가 들린다!
 
""동동아~ 동동아~""
 
마법의 사탕이 들려주는 마음의 소리!
 
다음엔 또 누구의 소리가 들릴까?","【公演紹介】

私たちの子供に与える最高の贈り物！ミュージカル<アルキャンディ>と一緒に「幸せな一日」

5月5日のこどもの日、プリンセス文芸会館が子供のために巨大な夢の遊び場に変身する。
2025年から始まった文芸会館のこどもの日特別プロジェクトが今年はさらにアップグレードされた楽しさと感動で家族観客を迎える。
大公演場の舞台には全世界が愛したペク・ヒナ作家のベストセラー原作、家族ミュージカル<アルサタン>が上がる。神秘的なキャンディーを食べる心
声を聞くことになったドンドンの話を通して苦手ですが、心からの家族の愛と勇気を伝え、子供と両親の両方にムンクル温かさを
プレゼントする予定だ。感動は舞台外でも続く。公演前後でロビーと野外で多彩な付帯行事「幸せな一日」が繰り広げられる。
赤ちゃんの「小さな劇場」と興奮した「野外パフォーマンス」目が離せない「魔法公演」が祭りの興を引き立てる。また、子供たちを歓迎する「キダリおじさん」など
体験イベントがいっぱいで退屈する隙がない。家族全員が笑って楽しんで大切な思い出を作るこどもの日最高の出張が名所になることを期待する。


[作品紹介]

心の音が聞こえる「魔法のアルサタン」が伝える暖かい慰めと成長の話。
世界的な作家ペク・ヒナの絵本＜アルサタン＞を原作にしっかりとしたストーリーに美しい音楽と
様々な舞台効果が加わり、絵本の感動をそのまま具現する。
2019年初演以後3年連続販売ランキング1位（ノールチケット児童、家族部門）を記録し、
子供はもちろん親の心までとらえた名品家族ミュージカルだ。


[シノプシス]

「それはアルキャンディです。とても甘いです」
 
文房具の山アルサタンの袋。お菓子の卵を口に入れよう
 
もともとは聞けなかった音が聞こえる！
 
「ドンドン～ドンドン～」
 
魔法のキャンディが聞こえる心の音！
 
次はまた誰の声が聞こえるか？"
렉처 콘서트III. 라틴 클래식 음악 [공주],レクチャーコンサートIII。ラテンクラシック音楽[プリンセス]
"[공연소개]

듣는 것에서 이해하는 것으로 확장되는 시간
 
렉처콘서트는 바로크·낭만주의 클래식부터 오페라·뮤지컬·라틴 클래식(탱고)·재즈까지 다양한 음악 장르를 전문 해설과 실연으로 탐구하는 강의형 콘서트이다.
장르의 탄생과 배경, 역사, 작곡가의 대표곡을 쉽고 재밌게 풀어내며, 대중적인 곡들을 중심으로 구성해 각 장르의 초심자부터 애호가까지 폭 넓게 즐길 수 있는 
입체적인 경험을 제공한다. 네 개의 독립된 공연이 유기적으로 이어져 음악의 넓은 세계를 자연스럽게 여행하듯 이해하도록 돕고, 관객이 일상 속에서 음악을
더 가깝게 느낄 수 있도록 구성된 공연이다. 공연 전 제공되는 커피와 쿠키, 재밌고 흥미로운 해설과 연주를 통해 관객들에게 특별한 오전을 선물하고자 한다.


[프로그램]

<고독과 열정의 시작>
전통 탱고와 클래식 음악의 결합을 시도한 피아졸라의 음악적 여정을 설명하며, 탱고의 심장이라 불리는 반도네온의 매력에 대해 이야기합니다.
Oblivion(망각)
Adios Nonino(아디오스 노니노)
Libertango(리베르탱고)
 
<탱고의 역사와 변천> 
20세기 초 아르헨티나 빈민가에서 시작된 탱고의 기원과 황금기를 거쳐 전 세계적인 음악으로 발전하는 과정을 소개합니다.
Histoire du Tango
피아졸라 탱고의 역사
I. Bordel 1900 (1900년의 선술집)
II. Café 1930 (1930년의 카페)
III. Night-club 1960 (1960년의 나이트클럽) 
IV. Concert d'Aujourd'hui (오늘날의 콘서트)
 
<피아졸라와 뉴에보 탱고 전성시대>
Buenos Aires Four Seasons 중 ‘Invierno Porteño’ 
부에노아이레스의 사계 중 '겨울'
 
* 상기 프로그램은 출연진의 사정에 의해 변경될 수 있습니다","【公演紹介】

聞くことから理解することにまで広がる時間
 
レクチャーコンサートはバロック・ロマン主義クラシックからオペラ・ミュージカル・ラテンクラシック（タンゴ）・ジャズまで多様な音楽ジャンルを専門解説と実演で探求する講義型コンサートだ。
ジャンルの誕生と背景、歴史、作曲家の代表曲を簡単かつ楽しく解き放ち、大衆的な曲を中心に構成し、各ジャンルの初心者から愛好家まで幅広く楽しめる 
立体的な経験を提供する。 4つの独立したパフォーマンスが有機的につながり、音楽の広い世界を自然に旅するように理解するのを助け、観客が日常の中で音楽を
もっと身近に感じられるように構成された公演だ。公演前に提供されるコーヒーやクッキー、楽しく興味深い解説と演奏を通じて観客に特別な午前をプレゼントしたい。


[プログラム]

<孤独と情熱の始まり>
伝統的なタンゴとクラシック音楽の組み合わせを試みたピアゾラの音楽的な旅を説明し、タンゴの心と呼ばれるバンドネオンの魅力について話します。
Oblivion（忘却）
Adios Nonino（アディオス・ノニノ）
Libertango（リベルタンゴ）
 
<タンゴの歴史と変遷> 
20世紀初頭、アルゼンチンのスラム街で始まったタンゴの起源と黄金期を経て、世界的な音楽に発展する過程を紹介します。
Histoire du Tango
ピアゾラタンゴの歴史
I. Bordel 1900 (1900年の居酒屋)
II. Café 1930 (1930年のカフェ)
III. Night-club 1960 (1960年のナイトクラブ) 
IV。 Concert d'Aujourd'hui (今日のコンサート)
 
<ピアゾラとニューエボタンゴ全盛時代>
Buenos Aires Four Seasonsの中で「Invierno Porteño」 
ブエノアイレスの四季のうち「冬」
 
*上記プログラムは出演者の都合により変更されることがあります"
금난새와 함께하는 마티네 콘서트 V. 베토벤 [공주],今夜と一緒にいるマティーネコンサートV.ベートーヴェン[プリンセス]
"[공연소개]

클래식 전도사 마에스트로 금난새와 함께하는 마티네 콘서트
 
금난새와 함께하는 마티네 콘서트가 작년 계절 테마에 이어, 올해는 클래식 역사에서 가장 사랑받는 협주곡을 소개하는 명작 시리즈로 다시 관객을 만난다.
금난새 지휘자의 재치 있는 해설과 깊이 있는 음악적 지식을 바탕으로 매 회차 대표 작곡가들의 명곡을 선보이며,
바이올린·첼로·피아노 협주곡부터 현악곡, 실내악까지 다양한 레퍼토리로 아침 시간을 풍성하게 채운다.
공연 전 제공되는 따뜻한 커피와 달콤한 쿠키, 그리고 금난새 지휘자의 유머와 해설이 어우러져 더욱 특별한 마티네 무대를 선사할 예정이다.

* '마티네(Matinee)'는 프랑스어로 오전이나 정오에 열리는 공연을 뜻함


[프로그램]

L.v.Beethoven - Piano Trio No.7 in B-flat Major, Op. 97 ""Archduke"" 외
베토벤   피아노 3중주 내림 나장조, 작품 97 ""대공""
 
* 상기 프로그램은 출연진의 사정에 의해 변경될 수 있습니다.","【公演紹介】

クラシック伝道師マエストロ今夜とのマティーネコンサート
 
今年の季節のテーマに続き、今年はクラシック史で最も愛される協奏曲を紹介する名作シリーズで再び観客に会う。
今回の指揮者の機知ある解説と深い音楽的知識をもとに、毎回次代表作曲家たちの名曲を披露し、
ヴァイオリン・チェロ・ピアノ協奏曲から弦楽曲、室内楽まで様々なレパートリーで朝時間を盛り上げる。
公演前に提供される暖かいコーヒーと甘いクッキー、そして今回の指揮者のユーモアと解説が調和し、さらに特別なマティーネ舞台をプレゼントする予定だ。

* 'マティーネ(Matinee)'はフランス語で午前や正午に行われる公演を意味する


[プログラム]

L.v.Beethoven - Piano Trio No.7 in B-flat Major, Op. 97「Archduke」他
ベートーヴェンピアノトリプルダウンナチョウ、作品97「対空」
 
*上記プログラムは出演者の都合により変更されることがあります。"
금난새와 함께하는 마티네 콘서트 I. 멘델스존 [공주],禁錮とのマティネコンサート I. メンデルスゾーン [プリンセス]
"[공연소개]

클래식 전도사 마에스트로 금난새와 함께하는 마티네 콘서트
 
금난새와 함께하는 마티네 콘서트가 작년 계절 테마에 이어, 올해는 클래식 역사에서 가장 사랑받는 협주곡을 소개하는 명작 시리즈로 다시 관객을 만난다.
금난새 지휘자의 재치 있는 해설과 깊이 있는 음악적 지식을 바탕으로 매 회차 대표 작곡가들의 명곡을 선보이며,
바이올린·첼로·피아노 협주곡부터 현악곡, 실내악까지 다양한 레퍼토리로 아침 시간을 풍성하게 채운다.
공연 전 제공되는 따뜻한 커피와 달콤한 쿠키, 그리고 금난새 지휘자의 유머와 해설이 어우러져 더욱 특별한 마티네 무대를 선사할 예정이다.

* '마티네(Matinee)'는 프랑스어로 오전이나 정오에 열리는 공연을 뜻함


[프로그램]

F. Mendelssohn - Violin Concerto in e minor, Op. 64
멘델스존   바이올린 협주곡 마단조, 작품 64
 
F. Mendelssohn - String Octet in E-flat Major, Op. 20 외
멘델스존   현악 8중주 내림마장조, 작품 20

* 상기 프로그램은 출연진의 사정에 의해 변경될 수 있습니다.","【公演紹介】

クラシック伝道師マエストロ今夜とのマティーネコンサート
 
今年の季節のテーマに続き、今年はクラシック史で最も愛される協奏曲を紹介する名作シリーズで再び観客に会う。
今回の指揮者の機知ある解説と深い音楽的知識をもとに、毎回次代表作曲家たちの名曲を披露し、
ヴァイオリン・チェロ・ピアノ協奏曲から弦楽曲、室内楽まで様々なレパートリーで朝時間を盛り上げる。
公演前に提供される暖かいコーヒーと甘いクッキー、そして今回の指揮者のユーモアと解説が調和し、さらに特別なマティーネ舞台をプレゼントする予定だ。

* 'マティーネ(Matinee)'はフランス語で午前や正午に行われる公演を意味する


[プログラム]

F. Mendelssohn - Violin Concerto in e minor, Op. 64
メンデルスゾーンヴァイオリン協奏曲マダンジョ、作品64
 
F. Mendelssohn - String Octet in E-flat Major, Op. 20他
メンデルスゾーン弦楽八重奏降臨場長、作品20

*上記プログラムは出演者の都合により変更されることがあります。"
알라딘과 요술램프 [공주],アラジンと魔術ランプ [プリンセス]
"[공연소개]

꿈꾸는 아이들에게 심어주는 지혜와 희망, 온 가족이 함께 즐기는 가슴 따뜻한 명작 뮤지컬
 
신비로운 사막의 도시 아그라바, 그곳에서 펼쳐지는 천일야화의 마법이 2026년 공주문예회관 대공연장을 찾아온다.
어린이뮤지컬 <알라딘과 요술램프>는 전 세계 아이들에게 사랑받아온 명작 동화를 바탕으로, 한층 더 업그레이드 된 볼거리와 탄탄한 스토리텔링을 더해 완성된 작품이다.
상상력을 자극하는 동화 속 세상 이국적인 정취를 살린 무대 배경과 캐릭터들의 개성을 돋보이게 하는 다채로운 의상이 어우러져, 책 속에서 보던 아그라바를 무대 위에 구현했다.
 
시선을 사로잡는 조명 연출과 배우들의 생동감 넘치는 연기, 그리고 어깨를 들썩이게 하는 경쾌한 춤과 노래는 아이들 눈높이에 딱 맞는 즐거움을 선사할 것이다.
2026년, 우리 아이들이 자신의 마음 속에 있는 보석 같은 용기를 발견할 수 있도록, 공주문예회관이 준비한 이 특별한 모험에 여러분을 초대한다.","【公演紹介】

夢見る子供たちに植えてくれる知恵と希望、家族全員が一緒に楽しむ胸暖かい名作ミュージカル
 
神秘的な砂漠の都市アグラバ、そこで繰り広げられる天日夜画の魔法が2026年の王女文芸会館大公演場を訪ねてくる。
子供ミュージカル「アラジンと魔術ランプ」は、世界中の子供たちに愛されてきた名作童話をもとに、さらにアップグレードされた見どころとしっかりとしたストーリーテリングを加えて完成した作品だ。
想像力を刺激する童話の中、世界のエキゾチックな趣を生かした舞台背景とキャラクターたちの個性を際立たせる多彩な衣装が調和し、本の中で見たアグラバを舞台の上に具現した。
 
視線をひきつける照明演出と俳優たちの活気溢れる演技、そして肩を潰すような軽快なダンスと歌は子供たちの目の高さにぴったりの楽しさをプレゼントするだろう。
2026年、私たちの子供たちが自分の心の中にある宝石のような勇気を発見できるよう、プリンセス文芸会館が準備したこの特別な冒険に皆さんを招待する。"
"쇼뮤지컬 어게인, 드림하이 [공주]",ショーミュージカルアゲイン、ドリームハイ[プリンセス]
"[Program]
 
못 잊은 거죠
Look in the mirror
My Valentine
Fever
Someday
Dream High
Dreaming
하이애나 스윙
Starlight
celebrity
너의무대
Dream High (Rep.)","[Program]
 
忘れなかった
Look in the mirror
My Valentine
Fever
Someday
Dream High
ドリーミング
ハイアナスイング
Starlight
celebrity
あなたの舞台
Dream High (Rep.)"
"대전시립교향악단 마스터즈 시리즈 7, 말러 교향곡 제2번 부활",大田市立交響楽団マスターズシリーズ7、マーラー交響曲第2番復活
"[PROGRAM]
말러 _ 교향곡 제2번 다단조 ‘부활’","[PROGRAM]
マーラー_交響曲第2番多鍛造「復活」"
"대전시립교향악단 마스터즈 시리즈 9, 라흐마니노프 교향곡 제2번",大田市立交響楽団マスターズシリーズ9、ラフマニノフ交響曲第2番
"[PROGRAM]
라흐마니노프 _ 보칼리제, 작품 34-14

라흐마니노프 _ 파가니니 주제에 의한 랩소디, 작품 43

라흐마니노프 _ 교향곡 제2번 마단조, 작품 27","[PROGRAM]
ラフマニノフ_ボカリゼ、作品34-14

ラフマニノフ_パガニーニのテーマによるラプソディ、作品43

ラフマニノフ_交響曲第2番マダンジョ、作品27"
돈의 신: 神 [춘천],お金の神：神[春川]
"[시놉시스]

박대출은 평생 돈이 없어 가난에 허덕이다 죽었다.

그를 기리는 다시래기가 시작되자 억울함을 못 참고 벌떡 살아난 박대출.

지난 생은 대출만 받고 가난하게 살다 죽었지만 이번 생은 꼭 부자로 살다 죽으리라.

다시 살아난 박대출과 마을 사람들은 정직한 사람들은 늘 가난한데

나쁜 사람들은 부자가 되는 것에 분개해 돈신을 불러낸다.

이때 가난의 신이 돈은 나쁜 거라며 박대출과 마을 사람들을 만류하려 한다.

그러나 박대출과 마을 사람들은 동의하지 않고 가난의 신을 물리치고 돈신을 불러낸다.

하지만 그들 앞에 거지 차림의 맹인이 나타나는데...","[シノプシス]

朴貸出は生涯お金がなく、貧困に虚徳だった。

彼を称える再来期が始まると悔しいことができなかった。

先生は貸し手だけを受けて貧しく暮らして死んだが、今回の生は必ず金持ちで暮らして死ぬだろう。

再び生きたパク・ローンと村人は正直な人はいつも貧しいです。

悪い人々は金持ちになることに憤慨して金神を呼ぶ。

この時、貧困の神がお金は悪いと言い、朴大出と村の人々を満流しようとする。

しかし、朴大出と村人は同意せず、貧困の神を倒して金神を呼ぶ。

しかし彼らの前に乞食姿の盲人が現れるのに…"
"문턱, 김단비밴드 래인 (來潾) : 새로운 시작, 래인",しきい値、キム・ダンビバンド・レーン（來潾）：新しいスタート、レーン
보헤미안 소극장,ボヘミアン小劇場
광주광역시 동구 문화전당로 43 (광산동),光州広域市東区文化殿堂路43（光山洞）
"[공연소개]
2023년 [문턱]의 시작을 알렸던 무대에 김단비밴드 래인이 있었다.
그로부터 3년 문턱은 새로운 호흡으로 나아가고 래인은 다시 시작의 자리에 선다.

<새로운 시작, 래인>은 [문턱]과 김단비밴드 래인 모두에게 각자의 의미를 새롭게 다듬는 출발점이다.

[문턱]은 그동안 쌓아온 경험을 바탕으로 공연의 완성도를 더욱 높이고, 음악을 중심으로 다양한 예술을 품으며 공연이 닿을 수 있는 영역을 넓혀간다.

래인은 팀 이름의 의미를 위로의 '래인'에서 다가오는 맑음의 '래인(來潾)'으로 다시 정의한다.

언제나 맑은 소리가 흐르고(來潾), 사람 찾아오는 소리가 끊이지 않을(來人) 자리를 꿈꾸며, 이 공연은 시작이 가진 설렘과 기대, 약간의 두려움과 그럼에도 경쾌하게 뛰는 심장박동을 음악으로 나눈다.

김단비의 깊이 있는 해설과 재치 있고 위트 있는 진행을 따라 연주와 이야기는 자연스럽게 이어지고, 관객은 음악을 듣는 동시에 새로운 시작의 시간을 함께 건너게 된다.

<새로운 시작, 래인>.
다시 처음 앞에 선 자리에서 소리와 사람이 만난다.","【公演紹介】
2023年「しきい値」の始まりを知らせた舞台にキム・ダンビーバンド・レーンがあった。
それから3年のしきい値は新しい呼吸に進み、レーンは再始動の場に立つ。

<新しいスタート、レーン>は[しきい値]とキム・ダンビバンド・レーンの両方にそれぞれの意味を新たに整える出発点だ。

「しきり」はこれまで積み重ねてきた経験をもとに公演の完成度をさらに高め、音楽を中心に様々な芸術を抱き、公演が届く領域を広げていく。

レーンはチーム名の意味を、慰めの「レーン」から来る晴れの「來潾」に再定義する。

いつも澄んだ音が流れ（來潾）、人がやってくる音が絶えない（來人）席を夢見て、この公演は始まりのときめきと期待、少しの恐怖とそれでも軽快に走る心拍数を音楽に分ける。

キム・ダンビの深い解説とウィットのある進行に沿って演奏と物語は自然に続き、観客は音楽を聴くと同時に新しい始まりの時間を一緒に渡るようになる。

<新しいスタート、レーン>。
再び最初の前に立った席で音と人が出会う。"
"국립국악원 관현악, 축제 [공주]",国立国楽院管弦楽、祭り[姫]
"[공연소개]
장단이 울리면, 무대는 축제가 된다.
 
국립국악원 창작악단이 선보이는 관현악 <축제>는 전통의 깊은 호흡을 현대적인 감각으로 재해석해 국악관현악의 경계를 허물고
역동적인 우리 음악의 진수를 펼쳐 보이는 무대이다. 웅장한 관현악의 울림 속에서 대금, 피리, 해금의 섬세한 선율이 살아나고 방송을 
통해 친숙한 양방언의 '프론티어' 부터 서도소리의 깊은 울림, 신비로운 생황의 화려한 기교 그리고 심청가 중 '범피중류'의 비장미까지
더해져 한의 정서가 신명의 에너지로 힘차게 치솟는 과정을 드라마틱하게 그려낸다. 서로 다른 호흡이 겹쳐 만들어내는 파도 같은 사운드는
한국 음악의 본질을 선명하게 드러내며 특히 공연의 절정에서 사물놀이와 관혁악이 어우러지는 '판놀음'은 무대와 객석을 하나로 만드는 압도적인
흥을 선사할 것이다. ""전통은 지루하다""는 고정관념을 과감히 깨뜨릴 수 있도록 대중적인 흐름과 다채로운 구성을 더해, 국악이 낯선 관객조차 그
역동적인 에너지에 매료되어 우리 소리의 머소가 신명을 온몸으로 만끽하는 벅찬 축제의 현장이 될 것이다.

[프로그램]
관현악  프론티어(작곡/양방언)
 
서도협주곡  서도소리와 관현악을 위한 '바람과 나무와 땅의 시'
 
생황협주곡  환상적(작곡/이정호)
 
판소리협주곡  범피중류(편곡/이용탁)
 
판굿과 관현악  판놀음(작곡 이준호)
 
* 상기 프로그램은 출연진 사정에 의해 변경될 수 있습니다.","【公演紹介】
長団が鳴ると、舞台は祭りになる。
 
国立国楽院創作楽団が披露する管弦楽<祭>は伝統の深い呼吸を現代的な感覚で再解釈し、国楽管弦楽の​​境界を崩す。
ダイナミックな韓国音楽の真髄を繰り広げて見せる舞台だ。壮大な管弦楽の響きの中で、代金、笛、解禁の繊細な旋律が生き残って放送を 
おなじみの両方言の「フロンティア」から書道の音の深い響き、神秘的な生涯の華やかな技巧そして心清家の中で「バンピ中流」の脇賊まで
加えて韓の情緒が神命のエネルギーで力強く高まる過程をドラマチックに描く。異なる呼吸が重なって生み出す波のようなサウンドは
韓国音楽の本質をはっきりと表わし、特に公演の絶頂で物事遊びと観革楽が交わる「パン遊び」は、舞台と客席を一つにする圧倒的な
興をプレゼントするだろう。 「伝統は退屈だ」という固定観念を思い切って破ることができるように、大衆的な流れと多彩な構成を加え、国楽が見知らぬ観客すらその
ダイナミックなエネルギーに魅了され、私たちの声のメソが、神命を全身で満喫する激しい祭りの現場になるだろう。

[プログラム]
官弦楽フロンティア（作曲/両方言）
 
書道協奏曲書道音と管弦楽のための「風と木と地の詩」
 
生況協奏曲幻想的（作曲/イ・ジョンホ）
 
パンソリ協奏曲バンピ中流（編曲/イ・ヨンタク）
 
パングッドとグァンヒョンアクパンノルム（作曲イ・ジュノ）
 
*上記のプログラムは出演者の事情によって変更されることがあります。"
"해설이 있는 발레, 백조의 호수 [공주]",解説のあるバレエ、白鳥の湖 [姫]
"[공연소개]

귀로 듣고 눈으로 즐기는 친절한 발레 <백조의 호수>
 
서울시티발레단이 선보이는 <백조의 호수>는 무용수들의 아름다운 몸짓에 친절한 해설을 곁들여, 발레가 어렵다는 편견을 깨고
남녀노소 누구나 쉽고 재미있게 즐길 수 있도록 기획된 '눈높이 맞춤' 공연이다. 이야지는 지그프리드 왕자가 숲속 호수에서 마법사
로트발트의 저주에 걸린 백조의 여왕, 오데트 공주를 만나 운명적인 사랑을 맹세하며 시작된다. 마법사가 흑조 오딜을 내세워 두 사람을
갈라놓으려 하지만 결국 진실한 사랑의 힘으로 시련을 극복하고 행복을 되찾는 아름다운 결말을 그린다. 마임이나 줄거리를 이해하려 애쓸
필요 없이 해설자가 들려주는 흥미진진한 이야기를 따라가다 보면 어느새 작품 속에 푹 빠져들게 될 것이다. 발레를 처음 접하는 어린이에게는
살아있는 동화책이 되고 성인 관객에게는 클래식의 깊이를 쉽게 만끽할 수 있는 최고의 입문 공연이 될 것이다.


[시놉시스]
 
프롤로그 왕자의 성인식
성대한 성인식을 치르고 선물로 활을 받은 지그프리드 왕자는 백조가 날아가는 것을 보고
친구들과 함께 호숫가로 사냥을 간다.
 
1막 호숫가 전경
백조를 쫓아 숲으로 온 지그프리드 왕자는 호숫가에서 늑대들과 로드발트의 공격을 받지만 백조들의 도움으로 이겨내고
인간의 모습으로 변하는 오데뜨 공주를 발견하고 첫눈에 반해 그녀에게 청혼을 한다. 공주가 악마의 마법에서 풀리려면
한 사람의 영원한 사랑을 받아야 한다는 말을 들은 지그프리드 왕자는 사랑의 맹세를 약속한다.
 
2막 궁전 무도회장
지그프리드 왕자는 오데뜨 공주가 오기를 기다리며 손님들을 맞이한다. 친구들과 무당벌레가 함께 파티를 즐기고 있는
사이 악마 로드발트가 오데뜨 공주와 닮은 자기 딸 오딜을 데리고 등장한다. 악마 로드발트가 데려온 오딜을 오데뜨 공주로
착각한 지그프리드 왕자는 그녀와의 결혼을 발표하고 로드발트의 요구에 따라 영원한 사랑을 약속한다. 이때 본색을 드러낸
악마 로드발트와 오딜을 사라지고 지그프리드 왕자는 슬픔에 잠겨 숲으로 달려간다.
 
3막 영원한 사랑
지그프리드 왕자의 배신으로 영원히 백조로 살게 된 오데뜨 공주. 용서를 받기 위해 달려온 지그프리드 왕자와 오데뜨
공주는 서로의 운명을 슬퍼하지만 악마 로드발트를 격국 사랑의 힘으로 물리치고 영원한 사랑을 약속한다.","【公演紹介】

耳で聞いて目で楽しむフレンドリーなバレエ＜白鳥の湖＞
 
ソウルシティバレエ団が披露する＜白鳥の湖＞はダンサーたちの美しいジェスチャーに親切な解説を添えて、バレエが難しいという偏見を破り
男女野荘誰でも簡単で楽しく楽しめるように企画された「目の高さ合わせ」公演だ。物語はジグフリード王子が森の湖で魔法使い
ロトヴァルトの呪いにかかった白鳥の女王、オデット姫に会って運命的な愛を誓い始める。魔法使いが黒潮オーディルを掲げて二人を
分けようとするが、結局真実の愛の力で試練を克服し、幸福を取り戻す美しい結末を描く。マイムやプロットを理解しようとしています。
必要なく解説者が聞かせるエキサイティングな話に追いつくと、いつのまにか作品の中にすっぽり浸れることになるだろう。バレエに初めて接する子供には
生きているおとぎ話の本となり、大人の観客にはクラシックの深さを楽しむことができる最高の入門公演になるだろう。


[シノプシス]
 
プロローグ王子の成人式
盛大な成人式を行って贈り物と​​して弓を受けたジグフリード王子は白鳥が飛んでいるのを見て
友達と一緒に湖畔に狩りをする。
 
一幕湖畔の景色
白鳥を追いかけて森にやってきたジグフリード王子は、湖畔でオオカミとロードバルトの攻撃を受けるが、白鳥たちの助けを借りて
人間の姿に変わるオデット姫を発見し、一目惚れして彼女に懇願をする。プリンセスが悪魔の魔法から解けるには
一人の永遠の愛を受けなければならないと言われたジグフリード王子は愛の誓いを約束する。
 
2幕宮殿舞踏会場
ジグフリード王子はオデット王女が来るのを待ってゲストを迎える。友達とてんとう虫が一緒にパーティーを楽しんでいます
サイ悪魔ロードバルトがオデット姫に似た自分娘オーディルを連れて登場する。悪魔ロードバルトが連れてきたオーディルをオデット王女に
勘違いしたジグフリード王子は彼女との結婚を発表し、ロードバルトの要求に応じて永遠の愛を約束する。この時、本色を明らかにした
悪魔ロードバルトとオーディルを消え、ジグフリード王子は悲しみに浸り、森に駆けつけます。
 
3幕永遠の愛
ジグフリード王子の裏切りで永遠に白鳥で暮らすことになったオデット姫。許しを得るために走ったジグフリード王子とオデット
王女はお互いの運命を悲しむが、悪魔ロードバルトを激しく愛の力で倒して永遠の愛を約束する。"
"키즈 싱어롱 콘서트, 참 좋은말 [창원]",キッズシンガーロングコンサート、本当に良い言葉[チャンウォン]
"[공연소개]

아이들의 웃음소리, 노랫소리까지 모두 음악이 되는 자유로운 공연!
공연의 퀄리티는 말해뭐해 따가다가 인데!!

따가다가 아트 컴퍼니 
16인조 미니오케스트라와 함께하는
키즈 싱어롱 콘서트 <참 좋은말>

쉿! 하지 않아도 괜찮고,
작게 흥얼거려도, 더 크게 노래해도 좋은 무대.
듣는 데서 그치지 않고, 함께 참여하는 음악회.
아이의 감수성과 호기심을 자극하는
가장 아름다운 음악 놀이터가 열립니다!

이 음악회는 아이들이 함께 크게 노래부르고 춤주고 즐기는 공연입니다.
조용한 클래식 공연이 아닙니다.","【公演紹介】

子供たちの笑い声、歌声まですべて音楽になる自由な公演！
公演のクオリティは言って何して取るのだが！

タガガガアートカンパニー 
16人組ミニオーケストラと一緒に
キッズシンガーロングコンサート<本当に良い言葉>

シェン！しなくても大丈夫で、
小さく興奮しても、もっと大きく歌っても良い舞台。
聞くのにとどまらず、一緒に参加する音楽会。
子供の感受性と好奇心を刺激する
最も美しい音楽遊び場が開きます！

この音楽会は子供たちが一緒に大きく歌って踊り、楽しむ公演です。
静かなクラシックパフォーマンスではありません。"
라 트라비아타 [공주],ラ・トラビアタ [プリンセス]
"[시놉시스]
 
""어느 날 당신이 내게 빛을 던져주었소 그날부터 난 크나큰 사랑 속에 살게 되었소""
 
매일 밤 파티를 즐기며 살아가는 비올레타는 알프레도의 진실된 사랑 고백을 받고
파리의 호화로운 생활을 정리한 후 그와 새로운 삶을 시작한다, 하지만 아들이 사교계 여인과
인생을 허비하고 있다고 생각한 알프레도의 아버지 비올레타에게 떠나라고 말한다.
이별의 편지 한 장을 남기고 떠난 비올레타에게 분노한 알프레도는 많은 사람들 앞에서
그녀를 모욕한다. 뒤늦게 비올레타가 떠난 이유를 알게 된 알프레도는 그녀를 다시 찾아가지만,
이미 병이 깊어 회복할 수 없게 된 비올레타는 숨을 거둔다.","[シノプシス]
 
「ある日、あなたが私に光を投げてくれた。
 
毎晩パーティーを楽しみながら生きているビオレタは、アルフレドの本当の愛の告白を受けて
パリの贅沢な生活を整理した後、彼と新しい生活を始めるが、息子が社交界の女性と
人生を無駄にしていると思ったアルフレドの父ビオレッタに去るように言う。
別れの手紙を残して去ったビオレッタに怒ったアルフレドは、多くの人の前で
彼女を侮辱する。遅れてビオレッタが去った理由を知ったアルフレドは彼女を再び訪れるが、
すでに病気が深く回復できなくなったビオレッタは息を呑む。"
대니 구 데뷔 10주년 리사이틀 [공주],ダニー旧デビュー10周年リサイタル [プリンセス]
"[공연소개]

한국 활동 10주년을 기념하는 단 한 번의 무대!
 
MBC <나 혼자 산다>의 '긍정 에너지'로 전국민의 사랑을 받고 있는 바이올리니스트 대니 구!
2016년 한국 무대 데뷔 이후 '가장 바쁜 클래식 스타'로 활약해 온 그가 한국 활동 10주년을 맞는 2026년을 기념하여 리사이틀을 연다.
이번 공연은 지난 10년의 여정을 돌아보고, 앞으로 나아갈 새로운 '여정의 시작'을 알리는 뜻깊은 무대이다.
그가 아끼는 코렐리의 '라 폴리아'로 화려하게 문을 열고, 클래식 거장 '바흐'의 걸작을 현대적으로 재해석한 무대,
그리고 재즈 피아노 트리오와 함께하는 '클로드 볼링'의 신나는 모음곡과 '거슈윈'의 매혹적인 선율까지!
지난 10년의 음악적 발자취와 앞으로의 새로운 시작을 관객들과 함께 하고자 한다.


[프로그램]

A. Corelli – La Folia
코렐리 ‘라 폴리아’
 
J. S. Bach – Goldberg Variations
바흐 골드베르크 변주곡 (편곡 버전)
 
C. Bolling – Suite for Violin and Jazz Piano Trio
클로드 볼링 바이올린과 재즈 피아노 트리오를 위한 모음곡
 
G. Gershwin – Gershwin Suite
거슈윈 거슈윈 모음곡 (편곡 버전)
 
* 상기 프로그램은 출연진의 사정에 의해 변경될 수 있습니다.","【公演紹介】

韓国活動10周年を記念するたった一回の舞台！
 
MBC <私一人暮らし>の'肯定エネルギー'で全国民の愛を受けているヴァイオリニストダニー区！
2016年韓国舞台デビュー以後'最も忙しいクラシックスター'として活躍してきた彼が韓国活動10周年を迎える2026年を記念してリサイタルを開く。
今回の公演は去る10年の旅程を振り返り、今後進む新しい「旅の始まり」を知らせる重要な舞台だ。
彼が惜しむコレリの「ラポリア」で華やかに扉を開き、クラシック巨匠「バッハ」の傑作を現代的に再解釈した舞台、
そしてジャズピアノトリオと一緒にする「クロードボウリング」のエキサイティングな母音曲と「ガーシュウィン」の魅惑的な旋律まで！
去る10年の音楽的足跡と今後の新たな始まりを観客らと共にしようとする。


[プログラム]

A. Corelli – La Folia
コレリ「ラポリア」
 
J. S. Bach – Goldberg Variations
バッハゴールドベルク変奏曲（編曲版）
 
C. Bolling – Suite for Violin and Jazz Piano Trio
クロードボウリングバイオリンとジャズピアノトリオのためのコレクション
 
G. Gershwin – Gershwin Suite
ガシュウィン ガシュウィン母音曲（編曲版）
 
*上記プログラムは出演者の都合により変更されることがあります。"
스냅 [공주],スナップ[プリンセス]
"[공연소개]
기묘한 문 너머 펼쳐지는 꿈같은 시간,
상상 그 이상의 환상적인 매직 아트
 
넌버벌 퍼포먼스 <스냅(SNAP)>은 세 명의 장난꾸러기 '트릭스터'가 우연히 발견한 신비한 문을 통해 환상적인
세계로 떠나는 여정을 그린 독창적인 아트 퍼포먼스이다. 대사 없이 오직 몸짓과 표정으로 이야기를 전달하는
이 무대는 미디어아트, 쉐도우그래피(그림자 예술), 그리고 마임이 마술과 절묘하게 결합하여 마치 한 편의 움직이는
명화를 보는 듯한 시각적 즐거움을 선사한다. 언어의 장벽이 없기에 글을 모르는 어린이부터 어른까지 직관적인 유머와
위트를 마음껏 즐길 수 있다. 문 너머의 세계에서 펼쳐지는 기상천외한 캐릭터들의 소동과 마법 같은 연출은 관객의 잠들어
있던 호기심을 끊임없이 자극한다. 이번 공연은 온 가족이 함께 몰입하고 웃으며 즐길 수 있는 가장 마법 같은 선물이 될 것이다.","【公演紹介】
奇妙な扉を越えて広がる夢のような時間、
想像以上の幻想的なマジックアート
 
ノンバーバルパフォーマンス<スナップ(SNAP)>は3人のいたずら「トリックスター」が偶然発見した神秘的なドアを通じて幻想的な
世界への旅を描いた独創的なアートパフォーマンスだ。セリフなしでジェスチャーと表情で物語を伝える
この舞台はメディアアート、シャドウグラフィー（シャドウアート）、そしてマイムが魔法と絶妙に結合し、まるで一本の動く
名画を見るような視覚的楽しさをプレゼントする。言語の障壁がないため、書くことがわからない子供から大人まで直感的なユーモアと
ウィットを存分に楽しめる。ムーン越しの世界で繰り広げられる気象天外なキャラクターたちの騒動と魔法のような演出は観客の眠り
あった好奇心を絶えず刺激する。今回の公演は家族全員が一緒に没入して笑って楽しむことができる最も魔法のような贈り物になるだろう。"
"따가다가 아트 컴퍼니, 원더랜드 [창원]",タガダガアートカンパニー、ワンダーランド[チャンウォン]
"[공연소개]
<2026 원더랜드 in 창원> 
2024~2025 전석 매진 프로그램.
풀 오케스트라로 즐기는 디즈니, 지브리, 게임 음악 콘서트 
유튜브, SNS를 통해서만 접할 수 있었던 곡들을 성산아트홀에서 만나볼 수 있습니다.","【公演紹介】
<2026ワンダーランドin昌原> 
2024~2025 全席完売プログラム。
フルオーケストラで楽しむディズニー、ジブリ、ゲーム音楽コンサート 
YouTube、SNSを通じてしか触れられなかった曲をソンサンアートホールで会うことができます。"
우주매직쇼 [파주],宇宙マジックショー[坡州]
문산행복센터 대공연장,文山幸福センター大公演場
경기 파주시 문산읍 통일로 1680,京畿道坡州市文山邑統一路1680
"[공연소개]

마술사와 함께 떠나는 우주여행
아이들의 상상 속 우주가 현실이 되는
국내 유일 우주매직쇼

외계인 등장! 달토끼 출몰!
우주 로봇까지 총출동!

마술사와 함께 떠나는 우주여행
아이들의 상상 속 우주가 현실이 되는
국내 유일 우주매직쇼

세계 12개국 초청공연!
세계마술올림픽 은메달리스트 출연!
관객 만족도 99%!

우주에 대한 상상을 현실로 만들어내는
마법같은 순간들을 온 가족과 함께
우주매직쇼 에서 만나보세요!","【公演紹介】

魔術師と一緒に去る宇宙旅行
子供たちの想像の中で宇宙が現実になる
国内唯一の宇宙マジックショー

エイリアン登場！ダルウサギ出没！
宇宙ロボットまで総出動！

魔術師と一緒に去る宇宙旅行
子供たちの想像の中で宇宙が現実になる
国内唯一の宇宙マジックショー

世界12カ国招待公演！
世界魔術オリンピック銀メダリスト出演！
観客満足度99％！

宇宙に対する想像を現実にする
魔法の瞬間を家族全員で
宇宙マジックショーで会いましょう！"
김이안 피아노 리사이틀,キム・イアンピアノリサイタル
헤르만아트홀,ヘルマンアートホール
"서울특별시 성동구 상원6나길 24(성수동1가, 청호 서울숲 뜨레피움 오피스텔)",ソウル特別市城東区上院6ナギル24（ソンスドン1街、チョンホ
"[​PROGRAM]

창밖의 비창
Pathétique beyond the Pane 

Ludwig van Beethoven (1770–1827)
Piano Sonata No. 8 in C minor, Op. 13
“Pathétique”

I. Grave – Allegro di molto e con brio
II. Adagio cantabile
III. Rondo: Allegro

베토벤 피아노 소나타 제8번 다단조 Op.13 「비창」

Felix Mendelssohn (1809–1847)
Song Without Words, Op. 62 No. 6
“Spring Song”
멘델스존 무언가 중 「봄노래」

Frédéric Chopin (1810–1849)
Ballade No. 1 in G minor, Op. 23
쇼팽 발라드 제1번 사단조

Franz Liszt (1811–1886)
Consolation No. 3 in D-flat major
리스트 위로 제3번 내림라장조

Johannes Brahms (1833–1897)
Intermezzo in A major, Op. 118 No. 2
브람스 인터메초 가장조

Sergei Rachmaninoff (1873–1943)
Prelude in G major, Op. 32 No. 5
라흐마니노프 프렐류드 사장조

Sergei Rachmaninoff (1873–1943)
Piano Sonata No. 2 in B-flat minor, Op. 36
I. Allegro agitato
II. Non allegro – Lento
III. Allegro molto

라흐마니노프 피아노 소나타 제2번 내림나단조","[​PROGRAM]

窓の外の雨窓
Pathétique beyond the Pane 

Ludwig van Beethoven (1770–1827)
ピアノソナタNo. 8 in C minor、Op。 13
「Pathétique」

I. Grave – Allegro di molto e con brio
II. Adagio cantabile
III. Rondo: Allegro

ベートーヴェンピアノソナタ第8番多鍛造Op.13「雨槍」

Felix Mendelssohn (1809–1847)
Song Without Words, Op. 62 No. 6
「Spring Song」
メンデルスゾーンの何かの中で「春の歌」

Frédéric Chopin (1810–1849)
Ballade No. 1 in G minor、Op。 23
ショパンバラード第1番サタンジョ

Franz Liszt（1811–1886）
Consolation No. 3 in D-flat major
リストの先頭に戻る

Johannes Brahms (1833–1897)
Intermezzo in A major, Op. 118 No. 2
ブラームス・インターメッツォ・ジョジョ

Sergei Rachmaninoff (1873–1943)
Prelude in G major, Op. 32 No. 5
ラフマニノフ・プレリュード社長組

Sergei Rachmaninoff (1873–1943)
ピアノソナタNo. 2 in B-flat minor, Op. 36
I. Allegro agitato
II. Non allegro – Lento
III. Allegro molto

ラフマニノフピアノソナタ第2番下り鍛造"
키리에,キリエ
"[공연소개]

독일의 검은 숲. 죽으러 온 사람들이 흔적도 없이 사라진다는 바로 그 숲.
[키리에]는 삶으로부터 추방되고 내몰려 한없이 약해진 사람들이
타인을 통해 마지막 순간에서 비로소 자신과 삶을 이해하게 되는 이야기다.

웃음과 슬픔, 서로의 절망과 기묘한 만남이 한데 겹치는 [키리에]는
한 집의 영혼과 세 사람의 마지막 여정을 통해
인간과 인간이 서로를 일으켜 세우는 ‘큰 사랑’을 전한다.","【公演紹介】

ドイツの黒い森。死にに来た人々が痕跡もなく消えるというまさにその森。
[キリエ]は人生から追放され、追い出されずに弱くなった人々
他人を通じて最後の瞬間で初めて自分と人生を理解することになる話だ。

笑いと悲しみ、お互いの絶望と奇妙な出会いが一つに重なる「キリエ」は
一家の魂と三人の最後の旅を通して
人間と人間がお互いを起こして立てる「大きな愛」を伝える。"
산초와 돈키호테,サンチョとドンキホーテ
"[공연소개]

살아 움직이는 책, 인형극으로 펼쳐보는 돈키호테
인형극 <산초와 돈키호테>는 아직 책을 읽지 못하는 아린이들도 쉽고 재미있게 도서 「돈키호테」의 메시지를 만날 수 있도록 재창작했습니다.
이야기는 9살 어린이 산초가 모험의 세계로 이끄는 ‘책’을 펼치면서 시작됩니다. 관절, 판자, 그림자 등 다양한 방식의 인형과 팝업북을 활용한 연출은 무대에서 돈키호테의 황당한 모험을 오히려 더욱 설득력 있게 그려냅니다. 배우들의 익살스러운 연기와 함께 중세풍의 무곡 등 음악은 예술적 상상력에 낭만을 더합니다.


[줄거리]

돈키호테와 모험을 떠나는 산초의 이야기
이상하고 신비로운 오래된 책방의 책을 펼치면 매번 다른 모험이 찾아옵니다.
오늘 기다리고 있는 책 속 모험은 기사 돈키호테 이야기. 책방에 들어온 평범한 아이는 ‘산초’로 불리며 돈키호테에 이끌려 명예로운 기사가 되기 위한 수행을 떠납니다. 돈키호테와 함께 길을 나선 산초의 앞에는 풍차 거인, 검은 갈기의 사자가 나타나는 등 매번 상상할 수 없는 사건이 일어나는데…. 이때 눈앞에 등장한 커다란 용! 해치울 수도, 피할 수도 없는 용 앞에서 산초와 돈키호테에게는 어떤 일이 일어날까요?","【公演紹介】

生きて動く本、人形劇で繰り広げるドン・キホーテ
人形劇＜サンチョとドン・キホーテ＞は、まだ本が読めないアリンたちも簡単で楽しく書籍「ドン・キホーテ」のメッセージに出会えるように再創作しました。
物語は9歳の子どもたちが冒険の世界に導く「本」を繰り広げながら始まります。関節、板、影など多様な方式の人形とポップアップブックを活用した演出は、舞台でドン・キホーテの荒涼とした冒険をむしろさらに説得力のあるように描きます。俳優たちの酷い演技とともに中世風の無曲など音楽は芸術的想像力にロマンを加えます。


[プロット]

ドン・キホーテと冒険を離れる山礁の物語
奇妙で神秘的な古い本屋の本を広げると、毎回別の冒険が訪れます。
今日待っている本の中の冒険は記事ドン・キホーテの話。本屋に入ってきた平凡な子供は「サンチョ」と呼ばれ、ドン・キホーテに導かれ、名誉な記事になるための修行を去ります。ドン・キホーテと一緒に道を出た山礁の前には風車巨人、黒たてがみのライオンが現れるなど、毎回想像できない事件が起きるのに…。 。この時、目の前に登場した大きな龍！傷つけることも避けられない龍の前で、サンチョとドン・キホーテにはどんなことが起こるのでしょうか。"
"국립오페라단, 마술피리",国立オペラダン、マジックフルート
"[공연소개]
천재 작곡가 모차르트가 생애 마지막으로 남긴 오페라 <마술피리>가 한국을 대표하는 국립오페라단의 무대로 펼쳐진다. 밤과 낮으로 상징되는 이성과 감성의 대립 속에서 두 남녀가 시련을 극복하고 사랑을 이루는 여정을 담은 이 작품은 1791년 초연 이래 200년 넘게 전 세계인의 사랑을 받아왔다. '밤의 여왕' 아리아를 비롯한 환상적인 선율은 물론, 아리아는 한글 자막으로, 대사는 한국어로 공연하여 누구나 쉽고 즐겁게 몰입할 수 있도록 구성했다. 온 가족이 함께 모차르트가 선사하는 마술 같은 음악의 향연을 만끽해 보길 바란다.

[줄거리]
모차르트가 죽기 두달 전 완성한 징슈빌(연극처럼 중간에 대사가 들어 있는 독일어 오페라)이다.
사랑하는 연인들, 선악의 대결이라는 쉬운 이야기에 모차르트의 아름다운 음악, 코믹한 요소들을
더해서 1791년 초연이래 약 200년이 지난 지금까지도 사랑받고 있는 작품이다. 

자라스트로가 지배하는 '빛의 세력'과 밤의 여왕이 지배하는 '어둠의 세력'이 대립하는 세계, 큰 뱀에 쫓기던 타미노는 정신을 잃게 되고, 밤의여왕의 세 명의 시녀가 그를 구해준다. 밤의 여왕은 타미노에게 자신의 딸 파미나의 초상화를 보여주며 그녀를 구해달라고 한다. 세 명의 시녀들은 파미나의 초상화에 반한 타미노에게 마술피리를 선물하고, 파파게노와 함께 자라스트로에게 잡혀간 파미나를 구하러 떠난다. 타미노는 우여곡절 끝에 파미나를 만나고 그들은 서로의 사랑을 확인하고 사랑을 이루기 위해 자라스트로의 시험을 수행하게 된다.","【公演紹介】
天才作曲家モーツァルトが生涯最後に残したオペラ<魔術笛>が韓国を代表する国立オペラ団の舞台に繰り広げられる。夜と昼に象徴される異性と感性の対立の中で、二人の男女が試練を克服し愛を成す旅を込めたこの作品は、1791年初演以来200年以上にわたって全世界の愛を受けてきた。 「夜の女王」アリアをはじめとする幻想的な旋律はもちろん、アリアはハングル字幕で、セリフは韓国語で公演して誰でも簡単で楽しく没入できるように構成した。家族全員が一緒にモーツァルトがプレゼントする魔法のような音楽の饗宴を満喫してほしい。

[プロット]
モーツァルトが死ぬ二ヶ月前に完成したジンシュビル（演劇のように真ん中に大使が入っているドイツ語オペラ）だ。
愛する恋人たち、善悪の対決という簡単な話にモーツァルトの美しい音楽、コミカルな要素を
さらに、1791年初演以来約200年が過ぎた今までも愛されている作品だ。 

ジャラストロが支配する「光の勢力」と夜の女王が支配する「闇の勢力」が対立する世界、大きな蛇に追われたタミノは精神を失うことになり、夜の女王の三人の乙女が彼を救ってくれる。夜の女王はタミノに自分の娘ファミナの肖像画を見せて彼女を救ってもらう。 3人の娘たちはパミナの肖像画に反したタミノに魔法のフルートをプレゼントし、パパゲノと共にジャラストロに捕まったパミナを救いに去る。タミノは紆余曲折の最後にファミナに会い、彼らはお互いの愛を確認し、愛を成し遂げるためにジャラストでの試験を遂行するようになる。"
"대전시립무용단, 춤으로 그리는 동화: 피노키오",大田市立舞踊団、ダンスで描くおとぎ話：ピノキオ
"[공연소개]

춤으로 그리는 동화 <피노키오>
익살스런 안무와 동화 속을 옮겨놓은 듯한 무대와 영상!
아이들의 귀에 쏙쏙 들어오는 재밌는 구연동화와 춤이 함께하는 “춤으로 그리는 동화”

“거짓말 하면 코가 길어져요!”
따뜻한 사람의 마음을 갖게 해주고 싶었던 할아버지와 말썽만 부리는 피노키오
온갖 말썽과 사고를 치던 피노키오가 시간이 지날수록 따뜻한 인간의 마음과 사랑을 느끼면서 진짜 아이가 됩니다. 진실하게 사는 삶이 가져다주는 행복을 느껴보세요!


[프로그램]

프롤로그 - 나무아이 피노키오
아이를 원하는 아빠의 소원을 이루어준 요정“네가 용감하고 진실 되고 이기적이지 않다는 걸 증명하면 언젠가 진짜 사람이 될꺼야!”

1장 마을장터
평화로운 장터에 욕심쟁이 백작은 마을 사람들에게 횡포를 부린다.

2장 집으로 돌아온 할아버지
피노키오와 할아버지의 첫 만남.

3장 학교로 가는 길
보통 아이들과 다른 피노키오.

4장 피노키오의 거짓말
유랑단 안으로 용감하게 뛰어든 피노키오...거짓말을 할 때 마다 길어지는 코, ‘진실’ 한마디면 원래대로 돌아와요!

5장 피노키오의 잘못된 선택
아빠말을 듣지 않은 피노키오“옳고 그른 것 중 선택하는 것을 배워야 해. 너의 ‘마음씨’가 답을줄 거야”

6장 고래뱃속 안에서...
아빠의 사랑을 알게 된 피노키오고래뱃속에 갖히게 된 아빠가 걱정되고 슬퍼 눈물이 나요.

에필로그 - ‘마음씨’로 얻은 진짜 사람 피노키오
‘진짜 마음씨’를 찾게된 피노키오에게 마법과 같은 일이 일어났어요!!!","【公演紹介】

ダンスで描くおとぎ話＜ピノキオ＞
おとなしい振り付けとおとぎ話の中を移したような舞台と映像！
子供たちの耳にすっぽり入る面白いクエン童話とダンスが一緒にする「ダンスで描くおとぎ話」

「うそをつくと鼻が長くなります！」
暖かい人の心を持たせたかったおじいちゃんと悩みだけをぶつけるピノキオ
あらゆる悩みと事故を起こしたピノキオが時間が経つにつれて、暖かい人間の心と愛を感じながら本物の子供になります。本当の生活がもたらす幸せを感じてください！


[プログラム]

プロローグ - 木の子ピノキオ
子供が欲しいパパの願いを叶えた妖精「君が勇敢で真実で利己的ではないということを証明すれば、いつか本当の人になるんだ！」

第1章 町場
平和な場に貪欲な伯爵は村人に横暴を呼ぶ。

第2章 家に帰ってきたおじいちゃん
ピノキオと祖父の最初の出会い。

第3章 学校への道
通常、子供たちとは異なるピノキオ。

第4章 ピノキオの嘘
ユランダンの中に勇敢に飛び込んだピノキオ…嘘をつくたびに長くなる鼻、「真実」の一言で元に戻ってきます！

第5章 ピノキオの誤った選択
お父さんの言葉を聞かなかったピノキオ「正しいことと正しいものの中から選ぶことを学ばなければならない。

第6章クジラの腹の中で...
お父さんの愛を知ったピノキオクジラの腹にそろえたお父さんが心配され、悲しい涙があります。

エピローグ - 「心の種」で得た本物のピノキオ
「本当の心さん」を探すようになったピノキオに魔法のようなことが起こりました！"
"제1151회 하우스콘서트, 김대연 (Cello) , 황건영 (Piano)",第1151回ハウスコンサート、キム・デヨン（Cello）、ファン・ガンヨン（Piano）
"[PROGRAM]
Luigi Boccherini (1743-1805)
Sonata for Cello and Piano No.6 in A major (excerpts)
1. Adagio
2. Allegro

Pyotr Ilyich Tchaikovsky (1840-1893)
Pezzo Capriccioso, Op.62

Astor Piazzolla (1921-1992)
Chiquilin de Bachin
Nightclub 1960

Dmitri Shostakovich (1906-1975)
Sonata for Cello and Piano in D minor, Op.40
1. Allegro non troppo
2. Allegro
3. Largo
4. Allegro

※프로그램은 연주자의 사정에 의해 변경될 수 있습니다.","[PROGRAM]
Luigi Boccherini (1743-1805)
Sonalo for Cello and Piano No.6 in A major (excerpts)
1. Adagio
2. Allegro

Pyotr Ilyich Tchaikovsky (1840-1893)
Pezzo Capriccioso, Op.62

Astor Piazzolla (1921-1992)
Chiquilin de Bachin
ナイトクラブ1960

Dmitri Shostakovich (1906-1975)
Sonata for Cello and Piano in D minor, Op.40
1. Allegro non troppo
2. Allegro
3. Largo
4. Allegro

※プログラムは演奏者の都合により変更されることがあります。"
"아티스트 시리즈 3, Brahms in Autumn: 김재영 & 유성호",アーティストシリーズ3、Brahms in Autumn：キム・ジェヨン＆ユ・ソンホ
"[PROGRAM]

2026 아티스트 시리즈 3
<Brahms in Autumn>

Johannes Brahms (1833-1897)
 
Sonata for Violin and Piano No.1 in G major, Op.78 
1. Vivace ma non troppo
2. Adagio
3. Allegro molto moderato
 
Sonata for Violin and Piano No.2 in A major, Op.100 
1. Allegro amabile
2. Andante traquillo - Vivace
3. Allegretto grazioso (quasi Andante)
 
Sonata for Violin and Piano No.3 in D minor, Op.108 
1. Allegro
2. Adagio
3. Un poco presto e con sentimento
4. Presto agitato","[PROGRAM]

2026アーティストシリーズ3
＜ブラームス・イン・アトゥムン＞

Johannes Brahms (1833-1897)
 
Sonata for Violin and Piano No.1 in G major, Op.78 
1. Vivace ma non troppo
2. Adagio
3. Allegro molto moderato
 
Sonata for Violin and Piano No.2 in A major, Op.100 
1. Allegro amabile
2. Andante traquillo - Vivace
3. Allegretto grazioso (quasi Andante)
 
Sonata for Violin and Piano No.3 in D minor, Op.108 
1. Allegro
2. Adagio
3. Un poco presto e con sentimento
4. Presto agitato"
부천필하모닉오케스트라 해설음악회 Ⅲ: Classic in Mass Media: Classic on Screen,富川フィルハーモニーオーケストラ解説音楽会Ⅲ：Classic in Mass Media：Classic on Screen
"[PROGRAM]
바그너 오페라 <로엔그린> 3막 전주곡
R. Wagner Opera <Lohengrin> Act. 3 - Prelude

베리 영화 <아웃 오브 아프리카> 메인 타이틀
J. Barry Main Title from <Out of Africa> 

베토벤 교향곡 제7번 2악장
L. V. Beethoven Symphony No. 7 in A Major, Op. 92 - Ⅱ. Allegretto

차이콥스키 관현악 모음곡 제4번 “모차르티아나” 중 ‘기도’
P. I. Tchaikovsky Suite for Orchestra No. 4, Op. 61 “Mozartiana” - Ⅲ. Preghiera

비제 카르멘 모음곡 제2번 중 ‘보헤미안 춤곡’
G. Bizet Carmen Suite No. 2 - Ⅵ. Danse Boheme

마스카니 오페라 <카발레리아 루스티카나> 중 ‘간주곡’
P. Mascagni Opera <Cavalleria rusticana> - Intermezzo

엘가 수수께끼 변주곡 중 ‘님로드’
E. Elegar Enigma Variations, Op. 36 - Ⅸ. Nimrod

시벨리우스 교향시 ‘핀란디아’
J. Sibelius Symphonic Poem ‘Finlandia’, Op. 26

오펜바흐 오페레타 <천국과 지옥> 중 ‘캉캉’
J. Offenbach Operetta <Orphee aux enfers> 'Can Can'

* 본 프로그램은 주최 측 사정에 의해 변경될 수 있습니다.","[PROGRAM]
ワーグナーオペラ<ロエングリーン>第3幕全奏曲
R. Wagner Opera <Lohengrin> Act. 3 - Prelude

ベリー映画<アウトオブアフリカ>メインタイトル
J. Barry Main Title from <Out of Africa> 

ベートーヴェン交響曲第7番2楽章
L. V. Beethoven Symphony No. 7 in A Major, Op. 92 - Ⅱ。 Allegretto

チャイコフスキー管弦楽母音曲第4番「モーツァルティアナ」のうち「祈り」
P. I. Tchaikovsky Suite for Orchestra No. 4、Op。 61「Mozartiana」 - III。 Preghiera

ビジェ・カルメン母音曲第2番の中「ボヘミアンダンシング」
G. Bizet Carmen Suite No. 2 - Ⅵ。 Danse Boheme

マスカニオペラ＜カバレリア・ルスティカナ＞の中で「肝主曲」
P. Mascagni Opera <Cavalleria rusticana> - Intermezzo

エルガの謎の変奏曲の中で「ニムロード」
E. Elegar Enigma Variations, Op. 36 - Ⅸ。 Nimrod

シベリウス交響詩「フィンランド」
J. Sibelius Symphonic Poem「Finlandia」、Op。 26

オッフェンバッハオペレタ＜天国と地獄＞のうち「カンカン」
J. Offenbach Operetta <Orphee aux enfers> 'Can Can'

*本プログラムは主催側の事情により変更されることがあります。"
"제342회 부천필하모닉오케스트라 정기연주회: 베토벤, 합창",第342回富川フィルハーモニーオーケストラ定期演奏会：ベートーヴェン、合唱
"[PROGRAM]
모차르트 교향곡 제38번 '프라하'
W. A. Mozart Symphony No. 38 in D major 'Prague' K.504

베토벤, 교향곡 제9번 ‘합창’
L. V. Beethoven Symphony No. 9 in d minor, Op. 125 'Choral'

* 본 프로그램은 주최 측 사정에 의해 변경될 수 있습니다.","[PROGRAM]
モーツァルト交響曲第38番「プラハ」
W. A. Mozart Symphony No. 38 in D major 'Prague' K.504

ベートーヴェン、交響曲第9番「合唱」
L. V. Beethoven Symphony No. 9 in d minor, Op. 125 'Choral'

*本プログラムは主催側の事情により変更されることがあります。"
"제178회 부천시립합창단 정기연주회: 모차르트, c단조 미사",第178回富川市立合唱団定期演奏会：モーツァルト、c鍛造ミサ
"[PROGRAM]
모차르트 참회자의 엄숙한 저녁 기도
W. A. Mozart Vesperae solennes de confessore, KV. 339

모차르트 c단조 미사
W. A. Mozart Mass in c minor, K. 427 

* 본 프로그램은 주최 측 사정에 의해 변경될 수 있습니다.","[PROGRAM]
モーツァルト参加者の厳粛な夜の祈り
W. A. Mozart Vesperae solennes de confessore, KV. 339

モーツァルトc鍛造ミサ
W. A. Mozart Mass in c minor, K. 427 

*本プログラムは主催側の事情により変更されることがあります。"
부천시립합창단 가족음악회: 수궁가,富川市立合唱団家族音楽会：水宮
"[PROGRAM]
음악극 <수궁가>

* 본 프로그램은 주최 측 사정에 의해 변경될 수 있습니다.","[PROGRAM]
音楽劇<水宮家>

*本プログラムは主催側の事情により変更されることがあります。"
박민호의 상상의 조각,パク・ミンホの想像の彫刻
문엔트리,ムーンエントリー
서울특별시 서초구 방배천로18길 10(방배동),ソウル特別市瑞草区バンペチョンロ18ギル10（バンペドン）
"[공연소개]
여러분들은 어렸을 적에 풍선을 타고 날아간다는 생각은 누구나 해봤을 것입니다.

지금 생각해 보면 바보 같은 생각일 수도 있지만 

어렸을 때에는 이 불가능한 상상을 뭐든 가능할 것만 같았습니다.

그럼 우리가 어렸을 적에 한 상상은 모두 불가능 한 것 일까요? 

저는 그러한 상상력 때문에 비행기를 만들고 전기를 만들지 않았을까 생각합니다.

오늘 하루만큼은 우리가 상상하는 만큼 더 많은 것들이 이뤄지고 생겨날 것입니다. 

< Impossible is possible >","【公演紹介】
皆さんは幼い頃に風船に乗って飛んでいくという考えは誰でもやってみたはずです。

今考えてみるとばかな考えかもしれませんが、 

幼い頃には、この不可能な想像を何でも可能だと思いました。

それで、私たちが幼い頃にした想像はすべて不可能なのでしょうか？ 

私はそのような想像力のために飛行機を作り、電気を作らなかったかと思います。

今日一日ほどは、私たちが想像するほど多くのものが成り立って生まれます。 

< Impossible is possible>"
루카스 A TRIP TO THE MOON,ルーカス A TRIP TO THE MOON
"[공연소개]

지금 우리 시대에 기대하는 환상은 무엇일까요? 
우리가 기억하던 추억과 감성의 세상은 지금 시대에는 맞지 않을지도 모릅니다. 
마법 같은 우연에 대한 기대보다 현실과 이상에 대한 고민인 여러분들에게 A TRIP TO THE MOON 은 잠시나마 감성의 여행을 그 과정에서 지금에 나를 되돌아볼 수 있는 시간을 제공합니다.","【公演紹介】

今、私たちの時代に期待する幻想は何でしょうか？ 
私たちが覚えていた思い出と感性の世界は今の時代には合わないかもしれません。 
魔法のような偶然への期待よりも現実と理想に悩んでいる皆さんに、A TRIP TO THE MOONはしばらく感性の旅をその過程で今に振り返る時間を提供します。"
포르테피아노와 함께하는 최연우 바이올린 독주회,ポルテピアノとのチェ・ヨンウヴァイオリンソロ
"[프로그램]

Wolfgang Amadeus Mozart (1756-1791)
Violin Sonata in E minor, K. 304
I. Allegro
II. Tempo di Menuetto

Johann Nepomuk Hummel (1778-1837)
Violin Sonata in D major, Op. 50
I. Allegro con brio
II. Andante
III. Rondo pastorale

Intermission

Ferdinand Ries (1784-1838)
Violin Sonata in C Minor, Op. 8, No. 2 in c minor
I. Allegro con spirito
II. Adagio cantabile
III. Presto","[プログラム]

Wolfgang Amadeus Mozart (1756-1791)
Violin Sonata in E minor, K. 304
I. Allegro
II. Tempo di Menuetto

Johann Nepomuk Hummel (1778-1837)
Violin Sonata in D major, Op. 50
I. Allegro con brio
II. Andante
III. Rondo pastorale

Intermission

Ferdinand Ries (1784-1838)
Violin Sonata in C Minor, Op. 8、No. 2 in c minor
I. Allegro con spirito
II. Adagio cantabile
III. Presto"
"예술의전당 교향악축제, 울산시립교향악단 (04.23)",芸術の殿堂交響楽祭、蔚山市立交響楽団（04.23）
"[PROGRAM]
브람스 l 피아노 협주곡 제1번 d단조 Op.15

R. 슈트라우스 l 틸 오일렌슈피겔의 유쾌한 장난

레스피기 ㅣ로마의 소나무

 *출연자 및 프로그램은 사정에 따라 변경될 수 있습니다.","[PROGRAM]
ブラームスlピアノ協奏曲第1番d鍛造Op.15

R.シュトラウスlティルオイレンシュピゲルの愉快ないたずら

レスピギㅣローマの松

 *出演者およびプログラムは事情によって変更されることがあります。"
전북국제재즈페스타 시즌1 [전주],全北国際ジャズフェスタシーズン1 [全州]
로라뮤직-바인홀,ローラミュージック - バインホール
전라북도 전주시 완산구 안행로 14 (삼천동1가),全羅北道全州市万山区安行路14（三川洞1街）
"[공연소개]

2026 전북국제재즈페스타 시즌 1

DAY 1) 스텔라 콜(Stella Cole)

'전 세계가 주목하는 150만 팔로워의 주인공, '스텔라 콜'을 숨소리까지 들리는 거리에서 만날 수 있는 프라이빗한 선물같은 콘서트!'

<틱톡 85만, 인스타그램 73만 명을 사로잡은 독보적인 존재감 >
<주디 갈란드, 에디트 피아프를 연상시키는 고전적 우아함의 부활>
<전설적인 '데카 레코드(Decca)'가 선택한 2026년 가장 주목받는 재즈보컬>

큰 공연장에서는 느낄 수 없는 그녀의 섬세한 보컬 컨트롤과 밝은 에너지, 그리고 눈을 맞추며 전하는 긍정의 기운을 코앞에서 직접 느껴보세요. 시간이 멈춘 듯한 올드 할리우드의 낭만이 바로 당신 곁에서 펼쳐집니다. 시간을 되돌린 듯한 마법 같은 음색, 스텔라 콜의 첫 내한 공연! 눈앞에서 볼 수 있는 전주 더바인홀에서의 특별한 기회를 놓치지 마세요!


DAY 2) 폴 코니쉬(Paul Cornish) 

'재즈의 성지 블루노트가 선택한 젊은 거장!'
'현세대 재즈의 정점, 조슈아 레드맨 밴드의 핵심 피아니스트 폴 코니쉬 첫 내한!'

<재즈 뮤지션들의 꿈, '블루노트'가 2025년 야심 차게 선보인 신예 거장>
<거장 조슈아 레드맨이 자신의 밴드 피아니스트로 낙점한 독보적인 재능>
<조슈아 크럼블리(Bass), 조나단 핀슨(Drums) 등 뉴욕 재즈 신의 최정예 멤버 구성>
<전설적인 비밥의 향수부터 로버트 글래스퍼의 모던한 감각까지 아우르는 압도적 테크닉>

세계 재즈의 중심, 뉴욕의 가장 뜨거운 사운드를 바로 눈 앞에서, 더바인홀에서 목격하세요!","【公演紹介】

2026全北国際ジャズフェスタシーズン1

DAY 1) ステラ・コール

「全世界が注目する150万フォロワーの主人公、「ステラコール」を息吹まで聞こえる街で出会えるプライベートなプレゼントのようなコンサート！」

<チックトック85万、インスタグラム73万人を捕らえた独歩的な存在感>
＜ジュディ・ガランド、エディット・ピアフを連想させるクラシカルな優雅さの復活＞
＜伝説的な「デカレコード（Decca）」が選んだ2026年最も注目されるジャズボーカル

大きな会場では感じられない彼女の繊細なボーカルコントロールと明るいエネルギー、そして目を合わせながら伝える肯定のオーラを鼻の前で直接感じてみてください。時間が止まったような古いハリウッドのロマンスがあなたのそばで広がります。時間を戻したような魔法のような音色、ステラコールの初来韓公演！目の前で見ることができる全州ダバインホールでの特別な機会をお見逃しなく！


DAY 2) ポール・コーニッシュ 

「ジャズの聖地ブルーノートが選んだ若い巨匠！」
「現世代ジャズの頂点、ジョシュアレッドマンバンドのコアピアニストポールコニッシュ初来韓！」

<ジャズミュージシャンたちの夢、「ブルーノート」が2025年野心的に披露した新鋭巨匠>
＜巨匠ジョシュア・レッドマンが自身のバンドピアニストとして落ち着いた独歩的な才能＞
<ジョシュア・クランブリー(Bass)、ジョナサン・フィンソン(Drums)などニューヨーク・ジャズ神のチェ・ジョンエメンバー構成>
＜伝説的なビバップの香水からロバートグラスパーのモダンな感覚まで合わせる圧倒的なテクニック＞

世界ジャズの中心、ニューヨークの最も熱いサウンドをすぐ目の前で、ダバインホールで目撃してください！"
하우빤여,ハウパン
서울재질,ソウル素材
서울특별시 용산구 만리재로 164-1 (서계동),ソウル特別市龍山区万里財路164-1 (西渓洞)
콩나물의 노래 [대학로],もやしの歌 [大学路]
더 씨어터,ザシアター
지브리 하우스 콘서트: 당신이 듣고싶던 노래,ジブリハウスコンサート：あなたが聞きたい曲
어연히하우스,まさにハウス
대구광역시 남구 중앙대로51길 129-1 (대명동),大邱広域市南区中央大路51ギル129-1（大明洞）
팬레터 [대학로 (앵콜) ],ファンレター[大学路（アンコール）]
님과함께: 디스코왕,と一緒に：ディスコ王
낭만극장,ロマン劇場
서울특별시 종로구 삼일대로 428 (낙원동),ソウル特別市鍾路区三日大路428 (楽園洞)
김종욱 찾기 [대학로],キム・ジョンウクを探す[大学路]
틴틴홀,ティンティンホール
서울특별시 종로구 대학로10길 24 (동숭동),ソウル特別市鍾路区大学路10ギル24
방귀쟁이 며느리 [창원],おならの嫁[チャンウォン]
창원과학체험관 다목적강당,昌原科学体験館多目的講堂
경남 창원시 성산구 충혼로72번길 16,慶南昌原市城山区忠婚路72番ギル16
콩쥐팥쥐,コングジュ
롯데마트 행복을 주는 가족극장,ロッテマート幸せを与える家族劇場
광주 서구 금화로 240,広州西区金貨路240
"K-국악스테이지, 경기도당굿보존회 X 국립민속국악원 기악단: 선율에 오른 굿 [남원]",K-国楽ステージ、京畿道堂グッド保存会X国立民俗国楽院旗艦団：旋律に上がったグッド[南原]
국립민속국악원 예원당,国立民俗国楽院イェウォン党
"부여군충남국악단의 토요상설 국악공연, 유종지미: 끝맺음의 아름다움 [부여]",扶余軍忠南国楽団の東洋常設国楽公演、ユ・ジョンジミ：終わりの美しさ[付与]
부여국악의전당,扶余国楽の殿堂
잘 가그래이 [청주],よくガグライ[清州]
정심아트홀,精心アートホール
원: 죄 [창원],ウォン：罪[昌原]
사랑새아트홀,愛セアートホール
마피아게임 [대학로],マフィアゲーム[大学路]
"백제문화전당 개관기념, Beat In the Mirror: BIM (비트 인 더 미러: 빔) [공주]",百済文化殿堂開館記念、Beat In the Mirror: BIM (ビート・イン・ザ・ミラー: ビーム) [プリンセス]
백제문화전당 고마홀,百済文化殿堂ゴマホール
충남 공주시 관광단지길 34,忠南公州市観光団地道34
아기오리의 꿈 [서울 광진],赤ちゃんアヒルの夢[ソウル広津]
상상나라극장,想像国劇場
왕자와 거지 [구미],王子と乞食【欧米】
롯데마트 어린이소극장,ロッテマート子供小劇場
경상북도 구미시 구미대로22길 11 (신평동) 롯데마트 구미점 3층,慶尚北道亀尾市亀尾通り22ギル11（新平洞）ロッテマート亀尾店3階
여명의 눈동자 [서울 동작],余命の瞳[ソウルモーション]
Converse Stage Arena 여명,Converse Stage Arena 黎明
술 취한 사람들 [대학로],酔った人 [大学路]
씨어터 쿰,シアタークム
파충류 마술쇼 [의정부],爬虫類マジックショー[議政府]
경기도 의정부시 용민로 483 (민락동),京畿道ウィジョンブ市ヨンミン路483（ミンラクドン）
"창작산실, 극단 58번국도: 해녀 연심",創作産室、極端58番国道：海女の心
"창작산실, 극단Y: 디사이딩 세트",創作産室、極端Y：デサイディングセット
아르코예술극장 소극장,アルコ芸術劇場小劇場
"CJ문화재단 20주년 기념 Concert Series, STAGE UP: MUSICAL GALA CONCERT & TUNE UP: LIVE STAGE","CJ文化財団20周年記念 Concert Series, STAGE UP: MUSICAL GALA CONCERT & TUNE UP: LIVE STAGE"
CJ아지트 광흥창,CJアジト広興昌
서울특별시 마포구 창전로 14 (신정동) CJ아지트,ソウル特別市麻浦区昌田路14（シンジョンドン）CJアジト
비스티 [대학로],ビスティ [大学路]
링크아트센터 벅스홀,リンクアートセンターバックスホール
서울 종로구 대학로14길 29,ソウル鍾路区大学路14ギル29
빼꼼의 동화여행 [성남],ペコムのおとぎ話旅行[城南]
잡월드 나래울극장,ジャブワールドナラウル劇場
경기도 성남시 분당구 분당수서로 501(정자동 4-6),京畿道城南市盆唐区盆唐水西路501（チョンジャドン4-6）
인화 [대학로],引火[大学路]
홍익대 대학로 아트센터 소극장,弘益大大学路アートセンター小劇場
나의 PS파트너,私のPSパートナー
아신극장 1관 (3층),アシン劇場1館（3階）
대전 중구 대종로 458,大田中区大宗路458
장수탕 선녀님 [서울 광진],チャンスタン先生[ソウル広津]
서울어린이대공원 아트센터,ソウル子供大公園アートセンター
NEW 사랑과 전쟁 [대학로],NEW 愛と戦争 [大学路]
대학로 스타릿홀 공연장,大学路スターレットホール会場
서울 종로구 대학로8가길 111,ソウル鍾路区大学路8街道111
흥부놀부 [안산 고잔],興富ノルブ[安山ゴザン]
NC소극장,NC小劇場
"국립극단, 삼매경",国立劇団、サムメギョン
국립극단 명동예술극장,国立劇団明洞芸術劇場
서울 중구 명동길 35,ソウル中区明洞ギル35
ACC 브런치콘서트 플러스,ACCブランチコンサートプラス
국립아시아문화전당 극장2,国立アジア文化殿堂劇場2
가온아트홀 1관,ガオンアートホール1館
부산 동구 자성로133번길 10,釜山東区磁城路133番ギル10
슈만 [대학로],シューマン [大学路]
굿씨어터,グッドシアター
스톤 [대학로],ストーン [大学路]
예그린씨어터,はいグリーンシアター
키즈 마티네 콘서트 [김포],キッズマティーネコンサート[金浦]
김포아트홀,金浦アートホール
경기도 김포시 돌문로 26 (사우동),京畿道金浦市石門路26（サウドン）
빵야 [서울 종로],パンヤ[ソウル鍾路]
두산아트센터 연강홀,斗山アートセンター軟鋼ホール
토요키즈클래식 (상반기) [용인],トヨキッズクラシック（上半期）[龍仁]
동물원에 간 고양이 [용인],動物園に行った猫 [龍仁]
용인어린이상상의숲 공연놀이터,龍仁子供以上の森公演遊び場
경기 용인시 기흥구 관곡로 25,京畿道龍仁市ギフン区関谷路25
홍련 [서울 중구],紅蓮[ソウル中区]
인천어린이과학관 강당,仁川子供科学館講堂
인천 계양구 주부토로 456,仁川桂陽区中部トロ456
개같은 아빠 [수원],犬のようなお父さん[水原]
KBS 수원아트홀,KBS水原アートホール
리온의 신비한 과자상점 [양산],レオンの神秘的なお菓子屋[量産]
아르디ys아트홀,アルディysアートホール
리타 길들이기 (Educating Rita!),リタを飼いならす (Educating Rita!)
아트하우스,アートハウス
드로잉 매직쇼 크레용용 [수원],図面マジックショークレヨン[水原]
판타지 버블쇼 [김포],ファンタジーバブルショー[金浦]
김포한강괜찮은홀,金浦漢江大丈夫ホール
경기도 김포시 양촌읍 석모로 103 (석모리),京畿道金浦市ヤンチョン邑ソクモロ103（ソクモリ）
히든퍼즐 [대학로],ヒドゥンパズル[大学路]
소셜베뉴 라움 체임버홀,ソーシャルベニューラウムチェンバーホール
서울 강남구 언주로 564,ソウル江南区鄭州路564
월드아트 서커스 [당진],ワールドアートサーカス[唐津]
월드아트 서커스,ワールドアートサーカス
충청남도 당진시 신평면 삽교천길 90-16,忠清南道唐津市新平面シャプギョチョンギル90-16
"서울시발레단, 더블 빌: Bliss & Jakie",ソウルシバレダン、ダブルビル：Bliss＆Jakie
세종문화회관 세종M씨어터,世宗文化会館世宗Mシアター
토요명품,東洋名品
노인의 꿈 [서울 강서],高齢者の夢[ソウル江西]
LG아트센터 서울 U+ 스테이지,LGアートセンターソウルU +ステージ
판타스틱 체인지,ファンタスティックチェンジ
맥거핀 서교,マクガーピン西橋
서울특별시 마포구 양화로7길 28(서교동),ソウル特別市麻浦区ヤンファロ7ギル28（ソギョドン）
청춘 온에어 [대학로],青春オンエア[大学路]
에이치씨어터 익스트림씨어터 2관,エイチシアターエクストリームシアター2館
서울 종로구 이화장길 54,ソウル鍾路区梨花長路54
아빠와 딸 [대학로],パパと娘[大学路]
세우아트센터 2관,セウアートセンター2館
서울 종로구 대학로12길 49,ソウル鍾路区大学路12ギル49
시그널,シグナル
아신극장 2관 (2층),アシン劇場2館（2階）
스페셜 보잉보잉 [대학로],スペシャルボーイングボーイング[大学路]
빨래: 31차 프로덕션,洗濯物：31次プロダクション
유니플렉스 2관(중극장),ユニフレックス2館（重劇場）
스폿라이트 [대학로],スポットライト[大学路]
서울특별시 종로구 대명1길 7 (명륜4가),ソウル特別市鍾路区大明1ギル7（明倫4街）
꿀벌 마야의 모험 [용인],ミツバチマヤの冒険【龍仁】
흉터 [서울 홍대],傷跡[ソウル弘大]
홍대 씨어터 윤,弘大シアターユン
서울특별시 마포구 와우산로 147-1 (서교동),ソウル特別市麻浦区和傘路147-1（ソギョドン）
반짝 반짝 라푼젤 [대학로],キラキララプンツェル[大学路]
매직 사이언스 콘서트 [대학로],マジックサイエンスコンサート[大学路]
터치 파이브 (TOUCH FIVE),タッチファイブ(TOUCH FIVE)
TOUCH FIVE 전용관,TOUCH FIVE専用館
서울특별시 마포구 와우산로 76-1 (서교동),ソウル特別市麻浦区和傘路76-1（ソギョドン）
썸데이 [청주],サムデー [清州]
소극장 쇠내골,小劇場の鉄骨
충청북도 청주시 상당구 단재로 28,忠清北道清州市サンダン区ダンジェロ28
701호 [대학로],701号 [大学路]
서울특별시 종로구 이화장길 86-11(동숭동),ソウル特別市鍾路区梨花江路86-11(東崇洞)
반짝반짝 신데렐라,キラキラシンデレラ
아기돼지삼형제: 늑대숲 또옹돼지 원정대 [대학로],赤ちゃん豚三兄弟：オオカミの森また擁豚遠征隊 [大学路]
어린이 마술쇼 [수원 광교],キッズマジックショー[水原広橋]
매직앤조이 (10F),マジック＆ジョイ（10F）
경기 수원시 영통구 광교중앙로 124,京畿道水原市永通区光橋中央路124
페인터즈 [서대문전용관],ペインターズ[西大門専用館]
NH아트홀,NHアートホール
서울특별시 중구 통일로 120 (충정로1가),ソウル特別市中区統一路120（忠正路1街）
2호선 세입자 [대학로],2号線テナント[大学路]
바탕골소극장,バックグラウンド小劇場
내일은 내일에게 [대학로],明日は明日に[大学路]
썸데이 [대학로],サムデー [大学路]
대학로 무하아트센터,大学路ムハアートセンター
서울특별시 종로구 이화장길 72 (동숭동),ソウル特別市鍾路区梨花江路72
난타 [명동],ナンタ[明洞]
사춘기메들리 [대학로],思春期メドレー[大学路]
나의PS파트너,私のPSパートナー
베어만: 마지막잎새,ベアマン：最後の葉鳥
어린이 마술쇼 [인천 송도],子供マジックショー[仁川松島]
미리내 마술극단,ミリ内の魔法劇団
인천 연수구 송도과학로16번길 33-4,仁川研修区松島科学路16番ギル33-4
천로역정,チョンロ駅
요리하는 마술사 [부천],料理する魔術師[富川]
부천소극장,富川小劇場
경기도 부천시 중동로254번길 87 (중동),京畿道富川市中東路254番ギル87（中東）
오마이갓 [전용관],オマイガッド[専用館]
오마이갓 전용관,オマイガッド専用館
서울특별시 종로구 동숭길 68 (동숭동),ソウル特別市 鍾路区 猿道 68 (東崇洞)
햇님이 달님이,太陽は月です
The entry to JAZZ [서울 사당],The entry to JAZZ [ソウル寺]
entry55,entry55
서울특별시 동작구 동작대로1길 18(사당동),ソウル特別市 動作区 動作通り1ギル18(サダンドン)
아기돼지야 준비해!,赤ちゃん豚を準備してください！
빌의 구둣방,ビルの寝室
한뼘사이 [라온아트홀],ハンボムサイ[ラオンアートホール]
연극라면,劇場ラーメン
요리하는 마술사 [대학로],料理する魔術師 [大学路]
맛있는 극장,おいしい劇場
서울특별시 종로구 혜화로 4 (혜화동),ソウル特別市鍾路区恵化路4（恵化洞）
"빨간모자야 조심해! [청주, 세종]",赤い帽子に気をつけて！ [清州、世宗]
택시안에서,タクシーで
겨울왕국: 겨울이야기,冬の王国：冬の話
인천동구문화체육센터 공연장,仁川東区文化体育センター会場
인천 동구 송현로 98,仁川東区ソンヒョンロ98
"제250회 울산시립교향악단 호국보훈 기념 정기연주회, 인류를 위한 기도: a Payer for Humanity",第250回蔚山市立交響楽団湖国報勲記念定期演奏会、人類のための祈り: a Payer for Humanity
울산문화예술회관 대공연장,蔚山文化芸術会館大公演場
흥부와 놀부 [서산],興富とノルブ [ソサン]
서산문화원 공연장,西山文化院会場
흙의 소리 훈의소리: 훈기상화,土の音 フンの音：フンギ想像
"Noir, L'historirde S [대학로]","Noir, L'historirde S [大学路]"
연극실험실 혜화동1번지,演劇実験室ヘファドン1番地
서울특별시 종로구 창경궁로35길 7 (혜화동),ソウル特別市鍾路区昌慶宮路35ギル7（ヘファドン）
제1회 허서원 가야금 독주회: 정중동,第1回ホソウォンガヤクムソロ：チョン・ジョンドン
미녀와 야수 [파주],美女と野獣 [坡州]
서공철류 가야금산조 전바탕: 전지영의 농음,ソゴンチョルリュンカヤグムサンジョチョンバタン：チョン・ジヨン
이화경 피아노 독주회,イ・ファギョンピアノソロ
우리 죽어 깨어날 때,私たちが死んで目を覚ますとき
"제222회 포항시립교향악단 정기연주회: 벨칸토, 아름다운 노래",第222回浦項市立交響楽団定期演奏会：ベルカント、美しい歌
포항문화예술회관 대공연장,浦項文化芸術会館大公演場
경북 포항시 남구 희망대로 850,慶北浦項市南区希望通り850
부산CBS교향악단과 함께하는 CBS콘서트: 출항,釜山CBS交響楽団とのCBSコンサート：出港
재) 영화의전당 (하늘연극장,灰）映画の殿堂（空の劇場
부산 해운대구 수영강변대로 120,釜山海雲台区水泳川沿い120
제로 쉴드 제로,ゼロシールドゼロ
놀터예술공방,遊び場芸術工房
서울특별시 성북구 성북로2길 21 - 0 태고종선부암,ソウル特別市城北区城北路2ギル21 - 0太古ジョンソンブアム
친친탱고 정규1집 쇼케이스 투어: Tango del Mar,親友タンゴ正規1集ショーケースツアー: Tango del Mar
카인드서울,カインドソウル
서울특별시 성동구 연무장길 28-12 (성수동2가),ソウル特別市城東区延武長路28-12（城水洞2街）
김명현 피아노 독주회,キム・ミョンヒョンピアノソロ
"[프로그램]
 
 C. Schumann - 4 Pièces fugitives, Op.15
 R. Schumann - Carnaval, Op.9
 
Intermission

김동명 - Paradox of Reflection for Piano (2026, 초연)
A. Scriabin - Piano Sonata No. 2 in G-sharp Minor, Op. 19
A. Scriabin - Piano Sonata No. 5, Op. 53","[プログラム]
 
 C. Schumann - 4 Pièces fugitives, Op.15
 R. Schumann - Carnaval, Op.9
 
Intermission

キム・ドンミョン - Paradox of Reflection for Piano (2026, 初演)
A. Scriabin - Piano Sonata No. 2 in G-sharp Minor, Op. 19
A. Scriabin - Piano Sonata No. 5、Op。 53"
"지브리를 품은 클래식: 가족, 우리들의 노래",ジブリを抱くクラシック：家族、私たちの歌
유하 3집 발매 기념 단독 콘서트: Alive!,ユハ3集発売記念単独コンサート：Alive！
웨인 맥그리거 무용단의 마인드 & 무브먼트 워크숍,ウェイン・マクレガー舞踊団のマインド＆ムーブメントワークショップ
제54회 우리가곡연구회 정기연주회,第54回私たち歌曲研究会定期演奏会
"[Program]

*소리의 만남, 하나 되는 기쁨

우리가곡은 단순한 노래를 넘어, 한국인의 삶과 감정을 고스란히 담아내는 소중한 우리의 유산입니다. 이번 연주회는 우리가곡을 대표하는 시대별 작곡가들의 곡을 관객들이 친숙하게 접할 수 있도록 독창과 듀엣, 그리고 4중창 등 다채로운 스테이지로 구성해 보았습니다. 또한 이번 연주회는 관객들과 함께 부르는 가곡으로 마무리하며 모두가 하나 되어 우리가곡을 기념하고, 기리고자 합니다.

#1. 윤학준
마중 Sop.김원진
잔향 Sop.박경희
별 Sop.오지혜
나 하나 꽃피어 Sop.이현민, Sop.정선희, Sop.오지혜, Sop.백승민

#2. 신상우
진달래꽃 Sop.김현심
인생 Ten.이태원

#3. 이흥렬
바위고개 Sop.이주리
꽃구름속에 Sop.김원진, Sop.이주리, M.Sop.최부경
코스모스를 노래함 Sop.박경희, Sop.성이현

-휴식-

#4. 조두남
산 Ten.박찬우
새타령 Sop.정선희
선구자 Sop.김현심, Ten.이태원

#5. 조혜영
못잊어 Sop.연예슬

#6. 김홍
달빛아래 Sop.백승민
꽃잎 인연 Sop.이현민

#7. 이수인
고향의노래 Sop.성이현
그리움 M.Sop.최부경
사랑의 노래 Sop.연예슬, Ten.박찬우","[Program]

*音の出会い、一つになる喜び

私たちの歌曲は単なる歌を越えて、韓国人の人生と感情をそっくり盛り上げる大切な私たちの遺産です。今回の演奏会は、私たちが曲を代表する時代別作曲家たちの曲を観客が親しみやすいように独創とデュエット、そして四重窓など多彩なステージで構成してみました。また、今回の演奏会は観客たちと呼ぶ歌曲で仕上げ、みんなが一つになって私たちの歌を記念して、称賛したいと思います。

#1.ユン・ハクジュン
お出迎えSop.キム・ウォンジン
残響Sop。
星Sop。
私は花を咲かせるSop。イ・ヒョンミン、Sop。

#2.シン・サンウ
シャクナゲの花Sop。キム・ヒョンシム
人生Ten.イテウォン

#3.イ・フンリョル
岩の頭Sop。
花の雲の中にSop.キム・ウォンジン、Sop.イ・ジュリ、M.Sop。
コスモスを歌うSop。Park Kyung Hee、Sop。

-休憩-

#4.チョ・ドゥナム
サンTen.パク・チャンウ
セタリョンSop。チョン・ソンヒ
先駆者Sop.キム・ヒョンシム、Ten.イテウォン

#5.チョ・ヘヨン
忘れないでSop。

#6.キム・ホン
月明かりの下Sop。ペク・スンミン
花びら縁Sop。イ・ヒョンミン

#7.イ・スイン
故郷の歌Sop。ソン・イヒョン
憧れM.Sop.最経
愛の歌Sop。エンターテインメント、Ten。"
제5회 단국대학교 일반대학원 국악학과 정기연주회,第5回檀国大学一般大学院国楽学科定期演奏会
제38회 용인시립청소년오케스트라 정기연주회 [용인],第38回龍仁市立青少年オーケストラ定期演奏会[龍仁]
"24시간 프로젝트 시즌9, 콰르텟 레아",24時間プロジェクトシーズン9、クアルテットレア
"[PROGRAM]
Ludwig van Beethoven (1770-1827)
String Quartet No.4 in C minor, Op.18
1. Allegro ma non tanto
2. Andante scherzoso quasi Allegretto
3. Minuetto. Allegretto
4. Allegro

Dmitri Shostakovich (1906-1975)
String Quartet No.8 in C minor, Op.110
1. Largo
2. Allegro molto
3. Allegretto
4. Largo
5. Largo

※ 프로그램은 연주자의 사정에 의해 변경될 수 있습니다.","[PROGRAM]
Ludwig van Beethoven (1770-1827)
String Quartet No.4 in C minor, Op.18
1. Allegro ma non tanto
2. Andante scherzoso quasi Allegretto
3. Minuetto。 Allegretto
4. Allegro

Dmitri Shostakovich (1906-1975)
String Quartet No.8 in C minor, Op.110
1. Largo
2. Allegro molto
3. Allegretto
4. Largo
5. Largo

※プログラムは演奏者の都合により変更されることがあります。"
"제1156회 하우스콘서트, 배길",第1156回ハウスコンサート、ペギル
"[PROGRAM]

Johann Sebastian Bach (1685-1750) 
Goldberg Variations, BWV 988
Aria
Variatio 1. a 1 Clav.
Variatio 2. a 1 Clav.
Variatio 3. Canone all’Unisuono a 1 Clav.
Variatio 4. a 1 Clav.
Variatio 5. a 1 o vero 2 Clav.
Variatio 6. Canone alla Seconda a 1 Clav.
Variatio 7. a 1 o vero 2 Clav. Al tempo di Giga
Variatio 8. a 2 Clav.
Variatio 9. Canone alla Terza a 1 Clav.
Variatio 10. Fughetta a 1 Clav.
Variatio 11. a 2 Clav.
Variatio 12. Canone alla Quarta in moto contrario a 1 Clav.
Variatio 13. a 2 Clav.
Variatio 14. a 2 Clav.
Variatio 15. Canone alla Quinta a 1 Clav.: Andante
Variatio 16. Ouverture a 1 Clav.
Variatio 17. a 2 Clav.
Variatio 18. Canone alla Sesta a 1 Clav.
Variatio 19. a 1 Clav.
Variatio 20. a 2 Clav.
Variatio 21. Canone alla Settima a 1 Clav.
Variatio 22. a 1 Clav. alla breve
Variatio 23. a 2 Clav.
Variatio 24. Canone all'Ottava a 1 Clav.
Variatio 25. a 2 Clav.: Adagio
Variatio 26. a 2 Clav.
Variatio 27. Canone alla Nona a 2 Clav.
Variatio 28. a 2 Clav.
Variatio 29. a 1 o vero 2 Clav.
Variatio 30. Quodlibet a 1 Clav.
Aria da Capo

※프로그램은 연주자의 사정에 의해 변경될 수 있습니다.","[PROGRAM]

Johann Sebastian Bach (1685-1750) 
Goldberg Variations, BWV 988
アリア
Variatio 1. a 1 Clav。
Variatio 2. a 1 Clav。
Variatio 3. Canone all’Unisuono a 1 Clav.
Variatio 4. a 1 Clav。
Variatio 5. a 1 o vero 2 Clav.
Variatio 6. Canone alla Seconda a 1 Clav.
Variatio 7. a 1 o vero 2 Clav. Al tempo di Giga
Variatio 8. a 2 Clav.
Variatio 9. Canone alla Terza a 1 Clav.
Variatio 10. Fughetta a 1 Clav.
Variatio 11. a 2 Clav。
Variatio 12. Canone alla Quarta in moto contrario a 1 Clav.
Variatio 13. a 2 Clav。
Variatio 14. a 2 Clav。
Variatio 15. Canone alla Quinta a 1 Clav.: Andante
Variatio 16. Ouverture a 1 Clav.
Variatio 17. a 2 Clav。
Variatio 18. Canone alla Sesta a 1 Clav.
Variatio 19. a 1 Clav。
Variatio 20. a 2 Clav.
Variatio 21. Canone alla Settima a 1 Clav.
Variatio 22. a 1 Clav. alla breve
Variatio 23. a 2 Clav.
Variatio 24. Canone all'Ottava a 1 Clav.
Variatio 25. a 2 Clav.: Adagio
Variatio 26. a 2 Clav.
Variatio 27. Canone alla Nona a 2 Clav.
Variatio 28. a 2 Clav。
Variatio 29. a 1 o vero 2 Clav.
Variatio 30. Quodlibet a 1 Clav。
Aria da Capo

※プログラムは演奏者の都合により変更されることがあります。"
제47회 용인시립소년소녀합창단 정기연주회 [용인],第47回龍仁市立少年少女合唱団定期演奏会[龍仁]
센텀아트홀 명품 ART 키즈콘서트: Animal Story,センタムアートホール高級ARTキッズコンサート: Animal Story
센텀아트홀,セントムアートホール
부산광역시 해운대구 센텀중앙로 97 (재송동),釜山広域市海雲台区セントム中央路97（再送洞）
"[공연소개]
어린이날 특별 공연 안내
아이들의 웃음소리로 가득 찰
센텀아트홀의 특별한 하루

아이와 손잡고
동물 친구들을 만나러 가는 음악 여행

어린이날을 맞아
센텀아트홀에서 준비한
명품 ART 키즈 콘서트 <Animal Story>

사자의 행진이 울려 퍼지고
수족관 속 물고기들이 춤추고
백조의 아름다운 선율이 흐르는 순간,
아이들은 음악 속에서
상상하고, 웃고, 함께 움직입니다.

디즈니 음악에 맞춰 춤추고,
동요를 함께 부르며 율동도 하고,
마지막에는 직접 악기 체험까지 
공연을 보는 시간이 아니라
아이와 함께 추억을 만드는 시간입니다.
어린이날,
우리 아이에게
음악으로 기억될 하루를 선물해주세요.","【公演紹介】
こどもの日特別公演案内
子供たちの笑い声でいっぱい
セントムアートホールの特別な日

子供と手をつないで
動物の友達に会いに行く音楽旅行

こどもの日を迎える
セントムアートホールで準備
高級ARTキッズコンサート＜アニメストーリー＞

ライオンの行進が鳴り響く
水族館の中の魚が踊る
白鳥の美しい旋律が流れる瞬間、
子供たちは音楽の中で
想像して、笑って、一緒に動きます。

ディズニー音楽に合わせて踊り、
童謡を一緒に歌って律動もして、
最後には、直接楽器体験まで 
パフォーマンスを見る時間ではなく
子供と一緒に思い出を作る時間です。
こどもの日、
私たちの子供に
音楽として記憶される一日をプレゼントしてください。"
분홍립스틱 [익산],ピンクの口紅[益山]
익산예술의전당 대공연장,益山芸術の殿堂大公演場
전북 익산시 동서로 490,全北益山市東西路490
"쌀롱드무지끄, 살롱 드 라곰: 클래식과 스크린으로 물드는 오후",米ロンドムジク、サロンドラゴム：クラシックとスクリーンで染まる午後
"[PROGRAM]

* Edward Elgar /  Salut d'Amour (사랑의 인사)

* Chris Martin ,Jonny Buckland , Guy Berryman , Will Champion / Viva la Vida

* Hugo Peretti , Luigi Creatore , George David Weiss / Can't Help Falling in Love

* Richard Rodgers / The Sound of Music

* Joe Hisaishi / Kazabue 

*Ennio Morricone / Nella Fantasia

* Justin Hurwitz / La La Land OST Medley","[PROGRAM]

* Edward Elgar / Salut d'Amour (愛の挨拶)

* Chris Martin ,Jonny Buckland , Guy Berryman , Will Champion / Viva la Vida

* Hugo Peretti , Luigi Creatore , George David Weiss / Can't Help Falling in Love

* Richard Rodgers / The Sound of Music

*ジョーヒサイシ/カザブ 

*Ennio Morricone / Nella Fantasia

* Justin Hurwitz / La La Land OSTメドレー"
"유포늄의 울림, 마음에 닿다",ユーフォニウムの響き、気になる
"[공연소개]
Euphonium이라는 (금관)악기는 그리스어로 아름다운 소리입니다. 
보통 금관 악기 하면 시끄럽고 듣기 어렵다고 많이들 생각합니다. 
저는 다가오는 공연에서 그런 편견을 다 바꿔 드리겠습니다.

[PROGRAM]
* Heart In Heart / Ivor Bosanko

* Euphonium Concerto / Satoshi Yagisawa

* Once Upon A Time / Steven Verhelst

* Portas / Ricardo Molla Albero

* Belen / Ricardo Molla Albero

* The Overton Window / Ricardo Molla Albero","【公演紹介】
Euphoniumという（金管）楽器はギリシャ語で美しい音です。 
普通、金管楽器と言えば騒々しく聞きにくいとたくさん聞こえます。 
今後の公演でそんな偏見を変えていきます。

[PROGRAM]
* Heart In Heart / Ivor Bosanko

*ユーフォニアムコンサート/佐藤柳沢

* オンス・アポン・タイム/スティーブン・ヴェルヘルスト

* Portas / Ricardo Molla Albero

* Belen / Ricardo Molla Albero

* The Overton Window / Ricardo Molla Albero"
오아라 피아노 독주회,オアラピアノソロ
"적우 전국투어콘서트: 보고싶다, 제주",赤宇全国ツアーコンサート：見たい、済州
코코 컬쳐클럽 야외무대,ココカルチャークラブ野外ステージ
제주특별자치도 서귀포시 성산읍 환해장성로 201,済州特別自治道西帰浦市城山邑幻海長城路201
"모닝콘서트, 세계적인 재즈 피아니스트 조윤성 Jazz트리오 with 허성: 초여름의 재즈 콘서트 [창원] (6월)",モーニングコンサート、世界的なジャズピアニストチョ・ユンソン Jazzトリオ with 虚城: 初夏のジャズコンサート [昌原] (6月)
성산아트홀 소극장,城山アートホール小劇場
우리 아이가 달라졌어요 [부천],私たちの子供は変わりました[富川]
한국만화박물관 만화영화상영관,韓国漫画博物館漫画映画上映館
경기 부천시 원미구 길주로 1,京畿道富川市原美区吉祥路1
"모닝콘서트, 작곡가 윤일상의 어느 일상 콘서트 [창원] (5월)",モーニングコンサート、作曲家ユン・イルサンのある日常コンサート[チャンウォン]（5月）
제40회 김천시립국악단 정기연주회: 국악ZIP 집대성,第40回金川市立国楽団定期演奏会：国楽ZIP集大成
김천시립율곡도서관 율곡홀 (다목적강당),キムチョン市立律曲図書館ユルゴクホール（多目的講堂）
경북 김천시 용전1로1길 17,慶北キムチョンシヨンジョン1路1ギル17
빈센트 옹 리사이틀,ヴィンセント・オン・リサイトル
"[PROGRAM]
Chopin: Preludes, op. 28   (37')
쇼팽  프렐류드 작품28

Intermission

Mendelssohn: Lieder ohne Worte op. 102  ( 15')
멘델스존     무언가 작품102

Prokofiev: Sonata no. 8  (30')
프로코피예프   소나타8번

*연주자의 사정에 따라 프로그램은 변경될 수 있습니다*","[PROGRAM]
Chopin：Preludes、op。 28（37 '）
ショパンプレリュード作品28

Intermission

Mendelssohn：Lieder ohne Worte op。 102（15 '）
メンデルスゾーン何か作品102

Prokofiev：Sonata no。 8（30 '）
プロコピエフソナタ8番

*演奏者の事情によってプログラムは変更される場合があります*"
인어공주 [서울 구로],人魚姫[ソウル九老]
제251회 울산시립교향악단 정기연주회: 불멸의 순간 (an Immortal Moment),第251回蔚山市立交響楽団定期演奏会：不滅の瞬間（an Immortal Moment）
임재경 작곡발표회,イム・ジェギョン作曲発表会
"[프로그램]

1. “Perspective“ for Violin & Piano (2026, 초연)
2. “호흡“ for Clarinet Solo (2026, 초연)
3. “Schneeblume” for Piano Solo (2017, 재연)
4. “침묵” for Cello Solo (2026, 초연)
5. “Reconciliation“ for Vn. Cl. Vc. & Pf (2013, 재연)","[プログラム]

1. “Perspective” for Violin & Piano (2026, 初演)
2. 「呼吸」 for Clarinet Solo (2026, 初演)
3. “Schneeblume” for Piano Solo (2017, 再演)
4. 「沈黙」 for Cello Solo (2026, 初演)
5. “Reconciliation“ for Vn. Cl. Vc。 ＆Pf（2013、再演）"
어린이 캣 [화성],子供キャット[火星]
누림아트홀,ヌリムアートホール
경기도 화성시 남양읍 시청로 155,京畿道華城市南陽邑市役所155
누가 내 머리에 똥 쌌어? [서울 강동],誰が私の頭にうんざりした？ [ソウル江東]
"모닝콘서트, 테너 박완 & Sarah J트리오: 여름을 깨우는 하모니 [창원] (7월)",モーニングコンサート、テナーパクワン＆Sarah Jトリオ：夏を起こすハーモニー[チャンウォン]（7月）
"울산시립교향악단, 백윤학 지휘자와 함께 즐기는 클래식 맛집 투어 가족특선",蔚山市立交響楽団、ペク・ユンハク指揮者と共に楽しむクラシックグルメツアー家族特選
LiSA ASIA TOUR: LiVE is Smile Always ~15~,LiSA ASIA TOUR: LiVE is Smile Always ~15~
"르네상스 in 동래, 플루트로 그리는 소리의 지도",ルネサンス in 東来、フルートで描く音の地図
동래문화회관 소극장,東レ文化会館小劇場
르네상스 in 동래: 지브리 두 앙상블의 이야기,ルネサンス in ドンレ: ジブリドゥアンサンブルの物語
제21회 음악에 기대어 정기연주회: 한국가곡의 대향연,第21回音楽にもたれて定期演奏会：韓国歌曲の対向演
"미로슬라브 꿀띠쉐프 X 일리야 라쉬코프스키, 라흐마니노프 피아노 협주곡 [서울 송파]",ミロスラブハニーバンドシェフXイリヤラシコフスキー、ラフマニノフピアノ協奏曲[ソウルソンパ]
"마당놀이, 홍길동이 온다",庭の遊び、ホン・ギルドンがやってくる
국립아시아문화전당 극장1,国立アジア文化殿堂劇場1
피터팬 [기장],ピーターパン[キビ]
기장군청 차성아트홀,キジャン郡庁チャソンアートホール
부산 기장군 기장읍 기장대로 560,釜山キジャン郡キジャン邑キジャンデ560
말 안듣는 청개구리 [부천],馬を聞いていない青銅[富川]
"[공연소개]
청개구리 '꾸리'는 엄마 말씀에 반대로만 한답니다. ㅜㅜ

어느 날 꾸리는 엄마가 절대로 가지 말라는 먹구름 동산에 갑니다. 
먹구름 동산에는 뱀이 살고 있지요.

꾸리가 뱀에게 잡혔어요!~!

엄마는 꾸리를 구하던 중 뱀에게 물리고 말아요.
쓰러진 엄마는 꾸리에게 마지막으로 부탁을 합니다.

꾸리는 엄마의 말씀대로 할 수 있을까요?

소중하고 예쁜 시간을 친구들과 함께 해요!!~","【公演紹介】
青銅銅「クリー」はお母さんの言葉に反対だけです。 ㅜㅜ

ある日飾るママが絶対に行ってはいけないという雲雲の園に行きます。 
食べ雲の園には蛇が住んでいます。

クリーがヘビに捕まった！

お母さんはクリーを救っている間に蛇にかまってはいけません。
倒れたお母さんはクリーに最後にお願いします。

クリーはママの言葉通りにできるのでしょうか？

大切できれいな時間を友達と一緒にします！"
겨울왕국: 겨울이야기 [진주],冬の王国：冬の物語[真珠]
경상대학교 칠암캠퍼스 대강당,慶尚大学チアムキャンパス大講堂
경남 진주시 진양호로 591-5,慶南晋州市金陽湖591-5
마테우스 아사토 내한공연 Mateus Asato Asia Tour,マテウスアサト来韓公演 Mateus Asato Asia Tour
서울특별시 마포구 어울마당로 35 (서교동) 지하 1층,ソウル特別市麻浦区オウルマダンロ35（ソギョドン）地下1階
다이노: 공룡세계에서 살아남기 [진주],ダイノ：恐竜世界で生き残る[真珠]
라포엠과 KNN방송교향악단이 함께하는 봄의 서정,ラポエムとKNN放送交響楽団が共にする春の叙情
ONE HOUR,ONE HOUR
KT&G 상상마당 라이브홀,KT&G想像ヤードライブホール
부산광역시 부산진구 서면로 39 (부전동),釜山広域市釜山神宮西面路39（釜田洞）
"K-국악스테이지, 경기도당굿보존회 X 국립민속국악원 기악단: 하나되어 [남원]",K-国楽ステージ、京畿道堂グッド保存会X国立民俗国楽院旗艦団：一つになり
노맨틱 코미디,ノーマンティックコメディ
"베베핀, 두근두근 새친구 [서울 광진]",ベベピン、ドキドキ鳥友[ソウル光津]
경이로운 금요일: 디어데몬 X 희소한 X 늘,すばらしい金曜日: ディアデーモンX稀なX常に
우무지,ウムジ
서울특별시 마포구 독막로8길 7 (합정동),ソウル特別市麻浦区独幕路8ギル7（ハプジョンドン）
한우리 피아노 독주회,ハンウリピアノソロ
이소라 여덟 번째 봄 콘서트: 봄의 미로,イソラ8番目の春のコンサート：春の迷路
미완결,未完了
동숭무대소극장,猿舞台小劇場
서울특별시 종로구 혜화로 35 (명륜1가),ソウル特別市鍾路区恵化路35（明倫1街）
"미로슬라브 꿀띠쉐프 X 일리야 라쉬코프스키, 라흐마니노프 피아노 협주곡",ミロスラブハニーバンドシェフXイリヤラシコフスキー、ラフマニノフピアノ協奏曲
제97회 인천시립극단 정기공연: 니들이 인천을 알어,第97回仁川市立劇団定期公演：ニードルが仁川を知っている
인천문화예술회관 소공연장,仁川文化芸術会館小公演場
인천 남동구 예술로 149,仁川南東区アートロ149
박지현 콘서트: 쇼맨쉽 시즌2 SHOWMANSHIP SEASON 2,パク・ジヒョンコンサート：ショーマンシップシーズン2 SHOWMANSHIP SEASON 2
김대중컨벤션센터 다목적홀,キム・デジュンコンベンションセンター多目的ホール
광주 서구 치평동 1159-2,光州西区知平洞1159-2
페리지홀 기획 초청 연주회: String Quartet,フェリッジホール企画招待コンサート：String Quartet
페리지홀,フェリッジホール
서울특별시 서초구 반포대로 18 (서초동),ソウル特別市瑞草区珠浦大路18（瑞草洞）
제193회 수원시립합창단 정기연주회 [수원],第193回水原市立合唱団定期演奏会[水原]
수원SK아트리움 대공연장,水原SKアトリウム大公演場
경기 수원시 장안구 이목로 24,京畿道水原市長安区イモクロ24
"[PROGRAM]

You Are The New Day - Arr. Peter Knight
Across The Vast, Eternal Sky - Ola Gjeilo
The Hope of Loving - Jake Runestad

- INTERMISSION -

그대 앞에 봄이 있다 - 박문희
바람은 남풍 - 조혜영
바람과 봄 - 김바하
꽃타령 - 허걸재
노들강변 - 조혜영
봄이 오는 길 - Arr. 박문희
벚꽃엔딩 - Arr. 이범준
한 페이지가 될 수 있게 - Arr. 한태호","[PROGRAM]

You Are The New Day - Arr. Peter Knight
Across The Vast, Eternal Sky - Ola Gjeilo
The Hope of Loving - Jake Runestad

-INTERMISSION-

君の前に春がある - パク・ムンヒ
風は南風 - チョ・ヘヨン
風と春 - キムバハ
花の刀
ノドル川辺 - チョ・ヘヨン
春が来る道 - Arr。パク・ムンヒ
桜の終わり - Arr。イ・ボムジュン
1ページになる - Arr。ハン・テホ"
"서리풀악동문화공연: 괜찮아, 안데르센 (3월)",霜プール悪童文化公演：大丈夫、アンデルセン（3月）
빅마마 신연아 with 신연아 재즈밴드 [경기 화성],ビッグママシンヨンアwithシンヨンジャズバンド[ゲーム火星]
인스파이어 컬쳐홀,インスパイアカルチャーホール
경기도 화성시 동탄첨단산업1로 27 (영천동),京畿道華城市東炭先端産業1路27（永川洞）
"세상의 모든 플레이리스트, 브랜든 최 [원주]",世界のすべてのプレイリスト、ブランドンチェ[原州]
플레이리스트,プレイリスト
강원특별자치도 원주시 지정면 신평로 132,江原特別自治道原州市指定面新平路132
"[프로그램]

김재원 - The Saxophonist
Sergei Rachmaninoff - Vocalise, Op.34 No.14
Roberto Molinelli - Tango Club from Four Pictures of New York
Harold Arlen - Over the Rainbow
한국 전래민요 (편곡: Park Jong-sung) - 새야 새야
Joe Hisaishi - Porco Rosso – Main Theme
윤학준 – 마중
Darius Milhaud - Scaramouche – III. Brazileira
Toshio Mashima – Seagull
Astor Piazzolla - Libertango","[プログラム]

キム・ジェウォン - The Saxophonist
Sergei Rachmaninoff - Vocalise, Op.34 No.14
Roberto Molinelli - Tango Club から Four Pictures of New York
Harold Arlen - Over the Rainbow
韓国伝来民謡（編曲：Park Jong-sung） - サヤサヤ
Joe Hisaishi - Porco Rosso – メインテーマ
ユン・ハクジュン – 出迎え
Darius Milhaud - Scaramouche - III。 Brazileira
Toshio Mashima – Seagull
Astor Piazzolla - Libertango"
제5회 서초 윈드 오케스트라 정기연주회 [성남],第5回瑞草ウィンドオーケストラ定期演奏会[城南]
래비를 찾아서,ラビを探して
동아백화점 아트홀,東亜百貨店アートホール
대구광역시 중구 달구벌대로 2085 (덕산동),大邱広域市中区月区蜂大路2085（徳山洞）
비도,雨道
문학시어터,文学シアター
인천광역시 남구 매소홀로 618 (문학동),仁川広域市南区マソホロ618（文学洞）
누구나 클래식 with 강릉시립교향악단,誰もがクラシックと江陵市立交響楽団
"Rocking Saturday, 해리빅버튼 X 내귀에도청장치 X 악퉁",Rocking Saturday、ハリービッグボタンX
"광주오페라단, 오페라 갈라 콘서트: 절망과 희망의 이중주",光州オペラダン、オペラガラコンサート：絶望と希望の二重奏
빛고을시민문화관 공연장,光郷市民文化館公演場
광주 남구 천변좌로338번길 7,光州南区天辺座路338番ギル7
감제이 세번째 콘서트: Aeternum Nos 1부. 콘서트,祭りが3番目のコンサート：Aeternum Nosパート1。コンサート
스카이아트홀,スカイアートホール
서울특별시 강서구 화곡로63길 65(등촌동),ソウル特別市江西区華谷路63ギル65(等村洞)
MelON 디즈니＋지브리 오케스트라 콘서트,MelONディズニー＋ジブリオーケストラコンサート
박용찬 귀국 피아노 독주회,パク・ヨンチャン帰国ピアノソロ
중앙가야금합주단 정기연주회: 필연,中央カヤ金合主団定期演奏会：必然
박강수 콘서트: 나무가 될게,パク・カンスコンサート：木になる
베짱이홀,ベチャンイホール
서울특별시 마포구 독막로15길 3-12 (상수동),ソウル特別市麻浦区独幕路15ギル3-12（上水洞）
Horim Tree: O with friends [경기 화성],Horim Tree: O with friends [試合火星]
박상민 LOVE 콘서트,パク・サンミンLOVEコンサート
울산광역시 남구 번영로 212 (달동),蔚山広域市南区繁栄路212（月洞）
팬텀 스타워즈: 부산청년 봄을 깨우다,ファントムスターウォーズ：釜山青年春を起こす
어린이 서커스 쇼 [파주],子供サーカスショー[坡州]
파주시민회관 소공연장,坡州市民会館小公演場
경기 파주시 시민회관길 33,京畿道坡州市市民会館道33
"해설이 있는 음악회 서.클.스, 사랑의 방정식 (4월)",解説のある音楽会サー・クルス、愛の方程式（4月）
서울주문화센터 공연장,ソウル住文化センター公演場
울산 울주군 언양읍 언양로 40-7,蔚山蔚州郡呉陽邑奴陽路40-7
"국립합창단, 시네마 클래식 [화성]",国立合唱団、シネマクラシック[火星]
화성예술의전당 동탄아트홀,火星芸術の殿堂ドンタンアートホール
경기 화성시 태안로 145,京畿道華城市泰安路145
알렉산더 에크만의 한여름 밤의 꿈 [화성],アレクサンダー・エクマンの真夏の夜の夢[火星]
"먼데이프로젝트 시즌9, 고고학 단독 콘서트: THE ORIGINAL",マンデープロジェクトシーズン9、考古学単独コンサート：THE ORIGINAL
조선이야기꾼 전기수,朝鮮ストーリー電気水
대구학생문화센터 대공연장,大邱学生文化センター大公演場
대구 달서구 용산로 181,大邱ダルソグ龍山路181
봄 안치환 콘서트,春のアンチファンコンサート
김준환 첼로 독주회,キム・ジュンファンチェロソロ
MelON 디즈니 + 지브리 오케스트라 콘서트 (어린이날 edition) [부천],MelONディズニー+ジブリオーケストラコンサート（子供の日版）[富川]
김예슬 피아노 독주회,キム・イェスルピアノソロ
"박종민 단독 공연, Four Nights: 꽃잎 흩날리던 밤",パク・ジョンミン単独公演、Four Nights：花びらが散りばめられた夜
살롱 문보우,サロンムーンボウ
서울특별시 마포구 잔다리로 113 (서교동),ソウル特別市麻浦区山橋路113（ソギョドン）
"모두예술극장 기획제작, 야호야호 Echoing Dance",みんな芸術劇場企画制作、ヤホヤホ Echoing Dance
모두예술극장,みんな芸術劇場
서울특별시 서대문구 충정로 7 (충정로3가),ソウル特別市西大門区忠正路7（忠ジョン路3街）
바리톤 김보람 독창회,バリトンキムボラム独創会
"ASAC 키움극장, 할머니의 여름 휴가 [안산]",ASACキウム劇場、おばあちゃんの夏休み[安山]
헐리우드 블록버스터 & 디즈니 픽사 OST 오케스트라 콘서트,ハリウッドブロックバスター＆ディズニーピクサーOSTオーケストラコンサート
내가 아빠고 아빠가 나라면,お父さんとお父さんが私なら
지브리 & 디즈니 OST 콘서트,ジブリ＆ディズニーOSTコンサート
"유벨톤심포니오케스트라: 작곡가 시리즈 2. 브람스, 사랑의 선율",ユーベルトン交響楽団：作曲家シリーズ2.ブラームス、愛の旋律
HA HYUN SANG Archive Live: New Boat,HA HYUN SANG Archive Live: New Boat
한평의 땅,ハンピョンの土地
그리스 로마 신화: 신들의 왕 제우스,ギリシャローマ神話：神々の王ゼウス
인천중구문화회관,仁川中区文化会館
인천광역시 중구 축항대로296번길 81 (신흥동3가),仁川広域市中区祝港通り296番ギル81（新興洞3街）
제41회 한국반주협회 정기연주회,第41回韓国伴奏協会定期演奏会
아기돼지 삼형제,赤ちゃん豚三兄弟
"먼데이프로젝트 시즌9, Our Universe: 딕펑스 단독 콘서트",マンデープロジェクトシーズン9、Our Universe：ディックファンス単独コンサート
"꿈의숲 마티네 콘서트, 벨 에포크 아트 & 뮤직시리즈1: 클림트, 시대에 맞선 황금빛 연가",夢の森マティネコンサート、ベルエポックアート＆ミュージックシリーズ1：クリムト、時代に合わせた黄金色のソナタ
하피스트 우지현 & 피아니스트 전유진 듀오 리사이틀,ハーピスト宇治県＆ピアニストチョン・ユジンデュオリサイタル
피아니스트 전수진의 골드베르크 변주곡 리사이틀,ピアニスト伝授陣のゴールドベルク変奏曲リサイタル
동상이몽,像イモン
소극장 공유,小劇場の共有
서울특별시 종로구 창경궁로 303 (혜화동),ソウル特別市鍾路区昌慶宮路303（ヘファドン）
최성철 귀국 타악기 독주회,チェ・ソンチョル帰国パーカッションソロ
유세형 피아노 독주회,遊世型ピアノソロ
첼리스트 이호찬 & 바이올리니스트 팅슈오 창 듀오 리사이틀,チェリストイホチャン＆バイオリニストティンシュオウィンドウデュオリサイタル
"국립국악원, 연희-판: 흥으로 잇는 세상 [화성]",国立国楽院、ヨンヒ - 版：興につながる世界[火星]
라 칼라스,ラ・カラス
"조치원의 밤, 국악: 고영열의 피아노 병창",措置員の夜、国楽：高永熱のピアノ兵舎
세종문화예술회관 대공연장,世宗文化芸術会館大公演場
세종특별자치시 조치원읍 문예회관길 22,世宗特別自治区措置院邑文芸会館道22
김장훈 전국투어 콘서트: 원맨쇼,キム・ジャンフン全国ツアーコンサート：ワンマンショー
강정은 피아노 독주회,カン・ジョンウンピアノソロ
알파블록스,アルファブロック
"강우성의 피아노 사색 #11, 사람의 사랑과 생애",降雨のピアノ思索＃11、人の愛と生涯
아기돼지 삼형제 [서울 강북],赤ちゃん豚三兄弟[ソウル江北]
꿈의숲아트센터 퍼포먼스홀,夢の森アートセンターパフォーマンスホール
서울시립교향악단: 운명 [화성],ソウル市立交響楽団：運命[火星]
남양성모성지 대성당,南陽聖母聖地大聖堂
경기 화성시 남양읍 남양성지로 112,京畿道華城市南陽邑南陽城路112
히사이시 조 영화음악 콘서트,久西ジョー映画音楽コンサート
대구문화예술회관 팔공홀,大邱文化芸術会館八公ホール
새봄음악회 [군포],新春音楽会[軍砲]
군포문화예술회관 수리홀,郡浦文化芸術会館修理ホール
경기 군포시 고산로 599,京畿道郡浦市高山路599
PLAYLIST WAWA vol.1 114Th Romantic Party,PLAYLIST WAWA vol.1 114Th Romantic Party
복합문화공간 몽향,複合文化空間 夢郷
서울특별시 서대문구 연세로5다길 10 (창천동),ソウル特別市西大門区延世路5ダギル10（昌川洞）
클라라 주미 강 & 김선욱 듀오 리사이틀,クララジュミ川＆キム・ソンウクデュオリサイタル
피아니스트 박미정의 All That Art 7,ピアニストパク・ミジョンのAll That Art 7
"빅3 시즌2, 행복한만남: 강진, 김용임, 진성",ビッグ3シーズン2、幸せな出会い：カン・ジン、キム・ヨンイム、ジンソン
인천문화예술회관 대공연장,仁川文化芸術会館大公演場
반짝반짝 빛나는 마술사의 방,キラキラ輝く魔術師の部屋
"모나코 몬테카를로 발레단, 백조의 호수 [화성]",モナコモンテカルロバレエ団、白鳥の湖[火星]
경산문화관광재단 신춘음악회: 봄의 대화 (정미조X스텔라장),慶山文化観光財団新春音楽会：春の会話（ジョンミジョXステラジャン）
천마아트센터 그랜드홀,天馬アートセンターグランドホール
경북 경산시 대학로 280,慶北慶山市大学路280
"롤링 31주년 기념 공연, UmYull FANCON: 초안",ローリング31周年記念公演、UmYull FANCON：ドラフト
결혼해도 될까요? [청주],結婚してもいいですか？ [清州]
심규선 콘서트: 만개의 정원 [안성],シンギュソンコンサート：満開の庭園[安城]
안성맞춤아트홀 대공연장,アンソンカスタムアートホール大公演場
경기 안성시 발화대길 21,京畿道安城市発火大道21
"미로슬라브 꿀띠쉐프 X 세르게이 타라소프, 라흐마니노프 피아노 협주곡",ミロスラブハニーバンドシェフXセルゲイ・タラソフ、ラフマニノフピアノ協奏曲
아무도 칼을 들지 않았다 [대학로],誰も刀を持っていなかった[大学路]
스티 단독 콘서트: 스티의 스위치,スティ単独コンサート：スティのスイッチ
클럽온에어,クラブオンエア
서울특별시 마포구 잔다리로 44(서교동),ソウル特別市麻浦区山橋路44（ソギョドン）
버블S의 컬러버블쇼,バブルSのカラーバブルショー
라하브 샤니 & 뮌헨 필하모닉 (05.06),ラハブシャニー＆ミュンヘンフィルハーモニー（05.06）
백설공주 [서산],白雪姫[ソサン]
미스트롯4 전국투어 콘서트: 트롯으로 세상을 홀려라,ミストロ4全国ツアーコンサート：トロットで世界を魅了する
라하브 샤니 & 뮌헨 필하모닉 (05.05),ラハブシャニー＆ミュンヘンフィルハーモニー（05.05）
제4회 나우 피아노연구회 정기연주회,第4回ナウピアノ研究会定期演奏会
"토요 클래식의 밤, 해설이 있는 클래식: 사랑의 색채들",東洋クラシックの夜、解説のあるクラシック：愛の色彩たち
김현태의 춤: 큰 강물이 비로소 길 (佶) 을 열었다,キム・ヒョンテのダンス：大きな川が初めて道を開いた
아양아트센터 아양홀,アヤンアートセンターアヤンホール
대구 동구 효동로2길 24,大邱東区ヒョドンロ2ギル24
뼈의 기록,骨の記録
예술의전당 자유소극장,芸術の殿堂自由小劇場
난장 [과천],混乱[果川]
과천시민회관 소극장,果川市民会館小劇場
경기 과천시 통영로 5,京畿道果川市統営路5
"국립합창단, 시네마 클래식 [군산]",国立合唱団、シネマクラシック[群山]
군산예술의전당 대공연장,群山芸術の殿堂大公演場
"POINT: SIGNAL: 일루반, 유인원",POINT: SIGNAL: イルバン、有人員
"All Day, JAZZ SHOW! (올데이, 재즈쇼!) (03.29)","All Day, JAZZ SHOW! (オールデー、ジャズショー!) (03.29)"
올댓재즈,オールザットジャズ
서울특별시 용산구 이태원로 216 (한남동),ソウル特別市龍山区梨泰院路216（漢南洞）
쿠잉의 MRI: March Romantic Invitation,クイングのMRI: March Romantic Invitation
숲세권 라이브,森勢圏ライブ
서울특별시 영등포구 도림로126길 1 (문래동3가),ソウル特別市永登浦区ドリムロ126ギル1（ムラドン3街）
제13회 김사월 쇼: 도망자,第13回キム・サウォルショー：逃亡者
서강대 메리홀 대극장,西江大メリーホール大劇場
서울 마포구 백범로 35,ソウル麻浦区ペクボムロ35
"먼데이프로젝트X숲세권 MONDAY: SOOP, 예람 단독 콘서트",モンデープロジェクトX森税権 MONDAY: SOOP、イェラム単独コンサート
"먼데이프로젝트X숲세권 MONDAY: SOOP, 박태욱 단독 콘서트",マンデープロジェクトX森税権MONDAY：SOOP、パク・テウク単独コンサート
"Over The Shoulder Vol.4, 청요일 X 이파란","Over The Shoulder Vol.4, 青曜日 X イファラン"
"롤링 31주년 기념 공연, W24 Next Chapter: Best Chapter Section 4",ローリング31周年記念公演、W24 Next Chapter: Best Chapter Section 4
김용필 콘서트: 뷰티풀 라이프,キム・ヨンピルコンサート：ビューティーフルライフ
이화여자대학교 삼성홀,梨花女子大学サムスンホール
서울특별시 서대문구 이화여대길 52 (대현동),ソウル特別市西大門区梨花女子大道52（大賢洞）
오케스트라너머 with 짙은 그리고 브로콜리너마저,オーケストラを越えて濃くてブロッコリーナーまで
"K-국악스테이지, 국립민속국악원 국악연주단: 봄, 향기 [남원]",K-国楽ステージ、国立民俗国楽院国楽演奏団：春、香り[南原]
김장훈 전국투어 콘서트: 원맨쇼 [부천],キム・ジャンフン全国ツアーコンサート：ワンマンショー[富川]
부천시민회관 대공연장,富川市民会館大公演場
경기 부천시 원미구 부일로 365,京畿道富川市原美区ブイロ365
똥볶이 할멈: 정의의 맛,たわごと炒め物：正義の味
무지개 물고기 [서울 구로],虹魚 [ソウル九老]
구로구민회관,黒区民会館
서울특별시 구로구 가마산로25길 21 (구로동),ソウル特別市黒区鎌山路25ギル21（黒洞）
최민재의 MODERNISM 프라이빗 마술공연 [창원],チェ・ミンジェのMODERNISMプライベートマジック公演[チャンウォン]
드리운 스튜디오,ドリーンスタジオ
경상남도 창원시 성산구 중앙대로 111 (중앙동),慶尚南道昌原市城山区中央大路111（中央洞）
떨어지는 벚꽃을 바라보다 비로소 봄이었음을 깨달았다,落ちる桜を望むより初めて春だったことに気づいた
제5회 부산시민교향악단 정기연주회: Spirit of Beethoven Ⅲ,第5回釜山市民交響楽団定期演奏会：Spirit of Beethoven Ⅲ
아는 노래 [양양],知っている歌 [ヤンヤン]
양양문화복지회관 공연장,陽陽文化福祉会館会場
강원특별자치도 양양군 양양읍 일출로 540,江原特別自治道陽陽郡陽陽邑日の出路540
프린세스 캐치! 티니핑,プリンセスキャッチ！ティニピング
많이많이많이요,たくさんあります。
박혜신 전국투어 콘서트: 각인,パク・ヘシン全国ツアーコンサート：刻印
우송예술회관,郵送芸術会館
대전광역시 동구 동대전로 171 (자양동),大田広域市東区東大田路171（紫陽洞）
신카이 마코토 하이라이트 필름 콘서트 [서울 중구],新海誠ハイライトフィルムコンサート [ソウル中区]
한화생명과 함께하는 예술의전당 11시 콘서트 (6월),ハンファ生命と共に芸術の殿堂11時コンサート（6月）
"BAC 초이스, 반쪼가리 자작 [부천]",BACチョイス、バンツェガリ自作[富川]
부천아트센터 소공연장,富川アートセンター小公演場
하늘을 나는 피터팬,空を飛ぶピーターパン
김보람 피아노 독주회,キムボラムピアノソロ
이지연 재즈 오케스트라의 지브리 vs 주술회전 OST 콘서트,イ・ジヨンジャズオーケストラのジブリvs呪術回転OSTコンサート
"온: 콘서트, 앙상블 패치워크의 온: 바로크",オン：コンサート、アンサンブルパッチワークのオン：バロック
알라딘과 요술램프 [서울 도봉],アラジンと魔術ランプ[ソウルドボン]
서울 강북구 도봉로76가길 55,ソウル江北区道鳳路76街道55
더 드레서 [당진],ドレッサー[唐津]
당진문예의전당 대공연장,唐津文芸殿堂大公演場
충남 당진시 무수동2길 25-21,忠南唐津市無水洞2ギル25-21
안은유 귀국 피아노 독주회,アン・ウンユ帰国ピアノソロ
테디의 비트: 가족 음악오케스트라,テディのビート：家族音楽オーケストラ
피아니스트 임재한 베토벤 소나타 전곡시리즈 2,ピアニスト臨在したベートーヴェンソナタ全曲シリーズ2
피아니스트 백건우 리사이틀 [양산],ピアニストペクゴンウリサイタル[量産]
양산문화예술회관 대공연장,量産文化芸術会館大公演場
경남 양산시 중앙로 39-1,慶南楊山市中央路39-1
김장훈 전국투어 콘서트: 원맨쇼 [구리],キム・ジャンフン全国ツアーコンサート：ワンマンショー[銅]
구리아트홀 코스모스대극장,グリアトホールコスモス大劇場
경기 구리시 아차산로 453,京畿道九里亜茶山路453
한화생명과 함께하는 예술의전당 11시 콘서트 (5월),ハンファ生命と共に芸術の殿堂11時コンサート（5月）
Concrete Valley: OFF THE MENU,Concrete Valley: OFF THE MENU
"BAC 초이스, 디토 오케스트라 with 신지아",BACチョイス、ディトオーケストラwithシンジア
미녀와 야수 [수원],美女と野獣 [水原]
수원청소년문화센터 온누리아트홀,水原青少年文化センターオンヌリアトホール
경기 수원시 팔달구 권광로 293,京畿道水原市パルダル区クォンクァンロ293
"목요상설음악회 아트살롱, 성의 결: 머무는 소리, 뻗어가는 이야기",木常常設音楽会アートサロン、城の決：滞在する音、伸びる物語
"달성 아동극 시리즈, 할머니 엄마 (1회차)",達成児童劇シリーズ、おばあちゃんママ（1回目）
달성문화센터 백년홀,達成文化センター百年ホール
대구 달성군 다사읍 대실역북로2길 188,大邱達成郡田佐邑大実駅北路2ギル188
극아타 (극동아시아타이거즈) 의 극단적인 중개소 Vol.1 (For. 나비야 사랑해),極亜太（極東アジアタイガース）の極端な仲介所 Vol.1 (For. 蝶々愛してる)
제11회 경산시립교향악단 정기연주회,第11回慶山市立交響楽団定期演奏会
걸리버스 3,ガリバス3
우리가 사랑했던 그날,私たちが愛した日
상상아트홀,想像アートホール
대전 중구 대종로505번길 28,大田中区大宗路505番ギル28
"안녕, 할배 [영주]",こんにちは、おじいちゃん[永州]
영주문화예술회관 까치홀,永州文化芸術会館カササギホール
경북 영주시 가흥로 257,慶北永州市嘉興路257
강드보라 바이올린 독주회: 우아하게 빛나는 Ⅱ,カンドボラヴァイオリンソロ：エレガントに輝くⅡ
이영현 콘서트: 나의 노래가 필요한 너에게 - 숨,イ・ヨンヒョンコンサート：私の歌が必要なあなたに - 息
TAEHO Mini Live Concert: THE FIRST [ X ],TAEHO Mini Live Concert: THE FIRST [ X ]
바이올리니스트 이준화의 여성 작곡가들의 작품들,ヴァイオリニストイ・ジュンファの女性作曲家たちの作品
갓 (GAT) [전주],ガット（GAT）[全州]
한국소리문화의전당 모악당,韓国音文化の殿堂母楽堂
전북 전주시 덕진구 소리로 31,全北全州市徳津区音路31
유미 단독 콘서트: Nostalgia in You Me,由美単独コンサート: Nostalgia in You Me
윤현선 비올라 독주회: 비올라의 다채로운 초상,ユン・ヒョンソンビオラソロ：ビオラのカラフルな肖像画
제200회 원주시립교향악단 정기연주회: EROICA 영웅,第200回原州市立交響楽団定期演奏会：EROICAヒーロー
원주백운아트홀,原州白雲アートホール
강원도 원주시 시청로 1 (무실동),江原道原州市市役所1（無実洞）
리틀베가스,リトルベガス
조항조 전국투어 콘서트: 생각 [구리],条項組全国ツアーコンサート：思考[銅]
"유빈댄스, 더블빌: SENSE DATUM 감각자료 2.0 X 무율경 [전주]",ユビンダンス、ダブルビル：SENSE DATUM感覚資料2.0×無律経[全州]
한국소리문화의전당 연지홀,韓国音文化の殿堂軟地ホール
The 심수봉 SHOW [구리],The シムスボン SHOW [銅]
"경기필 마스터피스 시리즈 Ⅲ, 시벨리우스 교향곡 2번",試合筆マスターピースシリーズⅢ、シベリウス交響曲第2番
더 보컬리스트: 알리 & 정인 [고창],ザボーカリスト：アリ＆チョンイン[コチャン]
고창문화의전당 공연장,高昌文化の殿堂会場
전북특별자치도 고창군 고창읍 모양성로 11,全北特別自治道高昌郡高昌邑形城路11
심규선 x 안예은 콘서트: 어느 봄날,シンギュソン×アン・イェウンコンサート：ある春の日
프린세스 캐치! 티니핑 [고양],プリンセスキャッチ！ティニピング[猫]
고양어울림누리 어울림극장,高陽オウリムヌリフィットシアター
경기 고양시 덕양구 어울림로 33,京畿道高陽市徳陽区オウリムロ33
대전아트필하모닉오케스트라 기획연주회1: 숨을 고르는 클래식,大田アートフィルハーモニーオーケストラ企画演奏会1：息を選ぶクラシック
단막극의 발견 [안산],単膜極の発見 [安山]
안산문화예술의전당 별무리극장,安山文化芸術の殿堂別群劇場
김제시 신춘음악회: 송소희 X 두번째달 X 오단해: 모던민요 [김제],キム・ジェシ新春音楽会：ソン・ソヒ×2ヶ月×五段海：モダン民謡[キム・ジェ]
김제문화예술회관 대공연장,キム・ジェ文化芸術会館大公演場
전북특별자치도 김제시 성산길 20,全北特別自治道キム・ジェシソンサンギル20
홍도,紅島
예술의전당 CJ 토월극장,芸術の殿堂CJトウォル劇場
지브리 & 디즈니 OST 콘서트 with 첼로댁 [서울 중구],ジブリ＆ディズニーOSTコンサート with チェロダン [ソウル中区]
토마스쿡 콘서트: 나의 노래,トーマスクックコンサート：私の歌
김성녀의 마당놀이: 심청이와 춘향이가 온다 [당진],キム・ソンギョの庭の遊び：シム・チョンイとチュンヒョンが来る[唐津]
장르자유화 Vol.1 전시회,ジャンル自由化 Vol.1 展示会
"미디어아트 클래식: 명화, 음악을 만나다 Ⅱ. 에드바르트 뭉크 [서산]",メディアアートクラシック：名画、音楽に出会うⅡ。エドバルト・ムンク [ソサン]
"금호 위너스, 김강태 Piano",クムホウィナス、キム・ガンテピアノ
인어공주 [인천 서구],人魚姫[仁川西区]
청라복합문화센터 블루노바홀 공연장,清羅複合文化センターブルーノバホール会場
인천 서구 청라대로 26,仁川西区清羅通り26
"FULL-RISE, 오드 x 쿠라니 x 블낫블",FULL-RISE、オード×クラニー×ブナブル
스윙홀,スイングホール
서울특별시 마포구 동교로 162-5 (서교동),ソウル特別市麻浦区東橋路162-5（西橋洞）
"부산시립교향악단 기획음악회, 실내악 시리즈 Ⅰ: 줌인 Ⅰ",釜山市立交響楽団企画音楽会、室内楽シリーズⅠ：ズームインⅠ
부산문화회관 챔버홀,釜山文化会館チャンバーホール
"롤링 31주년 기념공연, 휘나 첫 단독 콘서트: The Call",ローリング31周年記念公演、フィナ初の単独コンサート: The Call
소프라노 김은희 리사이틀,ソプラノキム・ウンヒリサイタル
"부에노스 탱고클럽: El Tango, The Red [고양]","ブエノスタンゴクラブ: El Tango, The Red [猫]"
이앤아이 아트홀,イアンアイアートホール
경기도 고양시 일산서구 중앙로 1568 (대화동),京畿道高陽市一山西区中央路1568（大和洞）
"[공연소개]

부에노스 탱고 클럽 'El TANGO,THE RED'
'붉게 타오르는 탱고, 그 강렬한 밤이 시작됩니다.'

이앤아이아트홀 첫 번째 초청공연
Buenos Tango Club 의 'El Tango, The Red'

2026년 4월 14일(화) 저녁 7시,
이앤아이아트홀에서 탱고의 깊고 강렬한 무대가 펼쳐집니다.

6명의 아티스트들의 손끝에서 피어나는 붉은 열기의 탱고 음악 !!!

이번 공연에서는 아르헨티나 작곡가 **Astor Piazzolla**의 음악을 중심으로,
전통 탱고에 재즈와 클래식의 감성을 더해 탄생한
강렬한 리듬과 깊은 서정성을 지닌 누에보 탱고의 세계를 선보입니다.

붉은 열정과 깊은 울림이 공존하는 탱고의 순간을
이앤아이아트홀에서
Buenos Tango Club의 라이브 연주로 만나보세요.","【公演紹介】

ブエノスタンゴクラブ「El TANGO、THE RED」
「赤く燃えるタンゴ、その強烈な夜が始まります」

イアンアイアートホール初の招待公演
Buenos Tango Clubの「El Tango、The Red」

2026年4月14日（火）夕方7時、
イアンアイアートホールでタンゴの深く強烈な舞台が広がります。

6人のアーティストたちの指先で咲く赤い熱気のタンゴ音楽！

今回の公演では、アルゼンチン作曲家「Astor Piazzolla」の音楽を中心に、
伝統的なタンゴにジャズとクラシックの感性を加えて誕生した
強烈なリズムと深い叙情性を持つヌエボタンゴの世界を披露します。

赤い情熱と深い響きが共存するタンゴの瞬間を
イアンアイアートホールで
Buenos Tango Clubのライブ演奏でお楽しみください。"
"퇴근후N시리즈Ⅰ, 홍대광: 좋은 날",退勤後NシリーズⅠ、弘大光：良い日
디어클라우드 전국 투어 콘서트: 4월의 숨,ディアクラウド全国ツアーコンサート：4月の息
샹송 칸초네 팝송 가요의 대향연: 이미배 콘서트,シャンソンカンチョネポップソング歌謡の対向演：イミベコンサート
GB가빈아트홀,GBガビンアートホール
서울특별시 강남구 삼성로 534 (삼성동),ソウル特別市江南区三成路534（三成洞）
"영등포아트홀 기획공연, 피터팬",永登浦アートホール企画公演、ピーターファン
영등포아트홀,永登浦アートホール
서울특별시 영등포구 국회대로 596 (당산동3가),ソウル特別市永登浦区国会大路596 (唐山洞3街)
피터팬 [용인],ピーターパン[龍仁]
노인의 꿈 [경주],高齢者の夢[レース]
"꼭두, 80일간의 세계일주 [서울 중구]",人形、80日間の世界一周[ソウル中区]
서울남산국악당 크라운해태홀,ソウル南山国楽堂クラウンヘテホール
서울 중구 퇴계로34길 28,ソウル中区退渓路34ギル28
"부산시립합창단, 꿈을 향해",釜山市立合唱団、夢に向かって
A Breeze of Memory,A Breeze of Memory
이상한 나라의 앨리스: 완다랜드 [칠곡],奇妙な国のアリス：ワンダランド[チルゴク]
칠곡군교육문화회관 대공연장,チルゴク郡教育文化会館大公演場
경북 칠곡군 왜관읍 관문로1길 32,慶北チルゴク郡倭館邑関門路1ギル32
시인과 촌장 45주년 전국투어 콘서트: 우리의 이야기는 다시 항해가 됩니다,詩人と村長45周年全国ツアーコンサート：私たちの話は再び航海になります
목관앙상블과 함께하는 추억의 시네마 콘서트 [성남],首管アンサンブルと一緒にする思い出のシネマコンサート[城南]
레이베이 내한공연 [고양],レイベイ来韓公演[猫]
킨텍스 제2전시장 9홀,KINTEX第2展示場9ホール
경기 고양시 일산서구 킨텍스로 217,京畿道高陽市イルサン西区KINTEXRO 217
ROSEWOOD Scarlet Syndrome Showcase,ROSEWOOD Scarlet Syndrome Showcase
조항조 전국투어 콘서트: 생각 [경주],条項組全国ツアーコンサート：思考[慶州]
제206회 국립합창단 정기연주회: 어느 봄날의 꿈,第206回国立合唱団定期演奏会：ある春の日の夢
하모니 오브 라이트 [완도],ハーモニーオブライト[ワンド]
완도문화예술의전당,ワンド文化芸術の殿堂
전라남도 완도군 완도읍 개포로159번길 55,全羅南道ワンド郡ワンド邑開浦路159番ギル55
인어공주 [포항],人魚姫 [浦項]
포항시청 대잠홀,浦項市役所ダザムホール
Lover's Concert [서울 (앵콜) ],Lover's Concert [ソウル (アンコール) ]
꼬마박사 장영실 [인천 서구],ちび博士チャン・ヨンシル[仁川西区]
인천서구문화회관 소공연장,仁川西区文化会館小公演場
인천 서구 서달로 190,仁川西区西達路190
백설공주 [포항],白雪姫[浦項]
"국립극단, 그의 어머니 Mother of Him",国立劇団、彼の母 Mother of Him
"제3회 아뜰리에 오브 보이스 정기연주회, Singers of God: 하나님을 찬양하는 사람들",第3回アトリエ・オブ・ボイス定期演奏会、Singers of God：神様を賛美する人々
로데아트센터 콘서트홀,ロデアートセンターコンサートホール
서울 서초구 남부순환로317길 79,ソウル瑞草区南部循環路317ギル79
박강수 콘서트: 봄이 온단다,パク・カンスコンサート：春はオンダンです
꿈꾸는씨어터,夢見るシアター
대구광역시 남구 현충로 148 (대명동),大邱広域市南区県忠路148（大明洞）
오렌지 스카이 [대학로],オレンジスカイ[大学路]
"국립합창단, Classic Serenade [속초]",国立合唱団、Classic Serenade [束草]
속초문화예술회관 대공연장,束草文化芸術会館大公演場
강원 속초시 번영로 155,江原束草市繁栄路155
관악청년포크협의회 2026년 임시총회,管楽青年フォーク協議会2026年臨時総会
매직키즈 버블쇼,マジックキッズバブルショー
대백프라자 프라임홀,大白プラザプライムホール
웅도 경북 그랜드 콘서트 [안동],ウンド慶北グランドコンサート[安東]
경북도청 동락관,慶北道庁同楽館
경상북도 안동시 풍천면 도청대로 455,慶尚北道安東市豊川面道庁大路455
"그루브 재즈데이, ZAG Trio 콘서트",グルーヴ・ジャズデー、ZAG Trioコンサート
제23회 그린필심포니오케스트라 정기연주회,第23回グリーンフィルシンフォニーオーケストラ定期演奏会
리브 어 라이브 [대학로],リブ語ライブ [大学路]
DOHA Birthday Party,DOHA Birthday Party
온맘씨어터,オンマムシアター
서울특별시 마포구 어울마당로 94-8 (서교동),ソウル特別市麻浦区オウルマダンロ94-8（ソギョドン）
소가 된 게으름뱅이,牛になった怠惰
더: 매직서커스,もっと：マジックサーカス
우리 아빠가 최고야 [과천],私のお父さんは最高です[果川]
과천시민회관 대극장,果川市民会館大劇場
경기도 과천시 통영로 5,京畿道果川市統営路5
D82 1st 전국 투어 콘서트 ACT TWO: 82,D82 1st全国ツアーコンサートACT TWO：82
인터플레이,インタープレイ
대전광역시 서구 대덕대로162번길 11 (갈마동),大田広域市西区大徳大路162番ギル11（カルマ洞）
"현대카드 Curated 104, 김승주",ヒュンダイカードCurated 104、キム・スンジュ
현대카드 언더스테이지 스튜디오,ヒュンダイカードアンダーステージスタジオ
서울 용산구 이태원로 246,ソウル龍山区梨泰院路246
"롤링 31주년 기념공연, 헤이맨 단독콘서트: re: start part Ⅰ",ローリング31周年記念公演、ヘイマン単独コンサート: re: start part Ⅰ
"숲세권 라이브 왁스 콘서트, 3579: 봄의 문턱, 우리의 프롤로그",フォレストライブライブワックスコンサート、3579：春のしきい値、私たちのプロローグ
하나앙상블 창단연주회 [안산],ハナアンサンブル創立演奏会[安山]
안산문화예술의전당 달맞이극장,安山文化芸術の殿堂月見劇場
"먼데이프로젝트X숲세권 MONDAY: SOOP, 안희수 단독 콘서트",マンデープロジェクトX森税権MONDAY：SOOP、アン・ヒス単独コンサート
"롤링 31주년 기념공연, 포져군단 단독콘서트: 해피 댄스",ローリング31周年記念公演、ポーザー軍団単独コンサート：ハッピーダンス
어린이 서커스 쇼 [해남],子供サーカスショー[海南]
해남문화예술회관 대공연장,海南文化芸術会館大公演場
전남 해남군 해남읍 군청길 4,全南海南郡海南邑郡清道4
"롤링 31주년 기념공연, 크라잉넛 단독콘서트: 3,2,1 Bang!","ローリング31周年記念公演、クライングナッツ単独コンサート：3,2,1 Bang！"
"직장인을 위한 퇴근길 콘서트 Ⅳ, 뮤지컬의 밤",会社員のための帰り道コンサートⅣ、ミュージカルの夜
쿠키맨 [전주],クッキーマン[全州]
덕진예술회관,徳津芸術会館
전라북도 전주시 덕진구 권삼득로 407 (덕진동2가),全羅北道全州市徳津区クォンサムロ407（徳津洞2街）
어쩌면 해피엔딩,たぶんハッピーエンド
계명아트센터,戒明アートセンター
대구광역시 달서구 달구벌대로 1095 - 0 계명대학교,大邱広域市ダルソグダルグバルデロ1095 - 0
어린이 서커스 쇼 [목포],子供サーカスショー [木浦]
M & M 시리즈 Ⅲ: 마르티누 & 이혁·이효,M＆MシリーズⅢ：マルティヌ＆イ・ヒョク・イ・ヒョ
로미오와 줄리엣 The Clown [서울 용산],ロミオとジュリエット The Clown [ソウル龍山]
더 줌 아트센터,ズームアートセンター
서울특별시 용산구 독서당로 111 (한남동),ソウル特別市龍山区読書堂路111（漢南洞）
지브리와 사랑에 빠지다: 지브리 영화음악 콘서트 [파주],ジブリと恋に落ちる：ジブリ映画音楽コンサート[坡州]
솔가람아트홀 대공연장,ソルガラムアートホール大公演場
강원특별자치도 강릉시 동해대로 3288-18,江原特別自治道江陵市東海大路3288-18
백설공주 [울산 북구],白雪姫[蔚山北区]
울산북구문화예술회관 공연장,蔚山北区文化芸術会館会場
울산 북구 산업로 1000,蔚山北区産業炉1000
스와니랩소디,スワニーラプソディ
토끼와 자라,ウサギと成長
신데렐라 [군산],シンデレラ[群山]
피노키오 [파주],ピノキオ[坡州]
수호천사 뮤직콘서트,守護天使ミュージックコンサート
"유진규 마임, 꽃: 사라지며 피어나다",ユ・ジンギュ・マイム、花：消えて咲く
세이레아트센터,セーレアートセンター
제주특별자치도 제주시 서광로 182-6 (삼도일동),済州特別自治道済州市西光路182-6（三島一洞）
"먼데이프로젝트X숲세권 MONDAY: SOOP, 스트레이 단독 콘서트",モンデープロジェクトX森税権 MONDAY: SOOP、ストレイ単独コンサート
히사이시 조 영화음악 콘서트 [부천],久石町映画音楽コンサート[富川]
제13회 오케스트라 사이엔티아 정기연주회,第13回オーケストラサイエンティア定期演奏会
불편한 편의점 [김천],不便なコンビニエンスストア[キムチョン]
김천시립문화회관,金川市立文化会館
경상북도 김천시 김천로 200 (남산동),慶尚北道金川市金川路200（南山洞）
"숲세권 라이브, 별은 단독 공연: 강아지 풀",森勢圏ライブ、星は単独公演：子犬プール
직장인을 위한 퇴근길 콘서트 Ⅱ. 축제의 시작,会社員のための帰り道コンサートⅡ。祭りの始まり
"먼데이프로젝트 시즌9, Heart & Friends [서울 (앵콜) ]",マンデープロジェクトシーズン9、ハート＆フレンド[ソウル（アンコール）]
어쩌면 해피엔딩 [평택],たぶんハッピーエンド[平沢]
평택아트센터 대공연장,平沢アートセンター大公演場
경기 평택시 중앙로 260,京畿道平沢市中央路260
M & M 시리즈 Ⅳ. 시벨리우스 & 박수예,M&MシリーズⅣ。シベリウス＆拍手
햇님달님 [김포],太陽の月[金浦]
"직장인을 위한 퇴근길 콘서트 Ⅰ. 희망, 고난, 승리의 소리",会社員のための帰り道コンサートⅠ。希望、苦難、勝利の音
대구광역시 수성구 동대구로 176 (황금동),大邱広域市水城区東大邱路176（黄金洞）
"POINT : lovelovelove - 숨비, 시황",POINT: lovelovelove - スンビ、市況
서울돈화문국악당개관 10주년 기념: 산조대전,ソウルドンファムン国楽堂開館10周年記念：三条大田
서울돈화문국악당,ソウルドンファムン国楽堂
서울특별시 종로구 율곡로 102 - 0,ソウル特別市鍾路区渓谷路102 - 0
얼굴과 얼굴 마주;봄 [서울 구로],顔と顔に向かう;春[ソウル九老]
구로창의아트홀,黒倉のアートホール
서울특별시 구로구 경인로 416 (고척동),ソウル特別市区区区京仁路416（高尺洞）
프린세스 스쿨 [구미],プリンセススクール[欧米]
구미시문화예술회관 소공연장,欧米市文化芸術会館小公演場
경북 구미시 송정대로 89,慶北グミ市ソンジョンデロ89
M & M 시리즈 Ⅱ: 구노의 장엄미사,M＆MシリーズⅡ：久野の雄大なミサ
제2회 라온브라스앙상블 정기연주회 with 에릭오비에 again [용인],第2回ラオンブラスアンサンブル定期演奏会 with エリック・オビエ again [龍仁]
빌라드파넬,ヴィラード・パネル
스쿨 매직콘서트 [김해],スクールマジックコンサート[キムヘ]
김해문화의전당 누리홀,金海文化の殿堂ヌリホール
경남 김해시 김해대로 2060,慶南金海市金海大路2060
"돔박아시, 고이래 [대학로]",ドームバクアシ、ゴイレ[大学路]
대학로예술극장 소극장,大学路芸術劇場小劇場
"오페라 정원, 카발레리아 루스티카나 [성남]",オペラガーデン、カバレリア・ルスティカナ[城南]
브람스의 실내악,ブラームスの室内楽
"롤링 31주년 기념공연, DOYOUKA LIVE",ローリング31周年記念公演、DOYOUKA LIVE
"Wine & Music Night: Jazz & Tango, 와인과 함께 즐기는 재즈 & 탱고 라이브",Wine & Music Night: Jazz & Tango、ワインと一緒に楽しむジャズ＆タンゴライブ
엘림아트센터 챔버홀,エリムアートセンターチャンバーホール
인천 서구 크리스탈로 78,仁川西区クリスタロ78
김현정 피아노 독주회: 베토벤 32 전곡 소나타 중 시즌 1 [목포],キム・ヒョンジョンピアノソロ：ベートーベン32全曲ソナタ中シーズン1 [木浦]
"봄을 알리는 콘서트, 이지훈 & 홍지민",春を知らせるコンサート、イ・ジフン＆ホン・ジミン
김새롬 즉흥 피아노 콘서트 VOL.10: Universe of Love,キムセロム即興ピアノコンサート VOL.10: Universe of Love
도비비: 또 잠금해제,ドビービー：またロック解除
"DJ Soulscape Curated 28, eldon","DJ Soulscape Curated 28, eldon"
"국립심포니오케스트라, 피터와 늑대 & 어미 거위 [여수]",国立シンフォニーオーケストラ、ピーターとオオカミ＆マザーグース[麗水]
GS칼텍스 예울마루 대극장,GSカルテックスエールマル大劇場
전남 여수시 예울마루로 100,全南麗水市イェウルマルロ100
김창완밴드 전국투어 시즌4: 하루 [김해],キム・チャンワンバンド全国ツアーシーズン4：日[キム・ヘ]
김해문화의전당 마루홀,金海文化の殿堂の床ホール
반짝반짝 빛나는 마술사의 방 [광명],キラキラ輝く魔術師の部屋[光明]
광명문화예술교육지원센터 광명극장,光明文化芸術教育支援センター光明劇場
경기도 광명시 철망산로 2(하안동),京畿道光明市金網山路2（河安洞）
"직장인을 위한 퇴근길 콘서트 Ⅲ, 심포니 릴레이",サラリーマンのための帰り道コンサートⅢ、シンフォニーリレー
강희윤 첼로 독주회: Hola! Espana,カン・ヒユンチェロソロ：Hola！ Espana
바이올리니스트 오진주 리사이틀,バイオリニストオジンジュリサイタル
오즈 사이언스 (OZ Science),オズサイエンス (OZ Science)
"HWA: HAP (화합) , HYO SHOWCASE: MOVEURBODY (춤춰)",HWA：HAP（団結）、HYO SHOWCASE：MOVEURBODY（ダンス）
에스팩토리 D동,エスパクトリーDドン
서울 성동구 연무장15길 11,ソウル城東区ヨンムジャン15ギル11
꼬마박사 장영실 [남양주],ちび博士チャン・ヨンシル[南楊州]
다산아트홀,ダサンアートホール
경기도 남양주시 다산중앙로 7 (다산동),京畿道南楊州市多山中央路7（多山洞）
"신축음악회, 명작국악트롯: 화음춘연 [영천]",新築音楽会、名作国楽トロット：和音春年[ヨンチョン]
영천시민회관 스타홀,永川市民会館スターホール
경북 영천시 동부로 31,慶北永川市東部路31
"롤링 31주년 기념공연, 산만한시선 단독 콘서트: 개의 심장",ローリング31周年記念公演、気まぐれな視線単独コンサート：犬の心
"사랑의 가능성, 2%",愛の可能性、2％
스페이스한강,スペース漢江
서울특별시 마포구 와우산로 128(창전동),ソウル特別市麻浦区和傘路128(昌田洞)
"문별 CONCERT, MUSEUM: village of eternal glow","文別 CONCERT, MUSEUM: village of eternal glow"
사랑을 이루어 드립니다,愛を叶えます
가온아트홀 2관,ガオンアートホール2館
초승 EP 발매 기념 단독 콘서트: 쓸모의 자리,初勝EP発売記念単独コンサート：役に立たない席
웨스트브릿지 라이브홀,ウェストブリッジライブホール
서울특별시 마포구 와우산로25길 6 (서교동),ソウル特別市麻浦区和傘路25ギル6（ソギョドン）
알라딘,アラジン
"On Screen Concert, 할리우드 갈라 콘서트 [부산] (영상화)",オンスクリーンコンサート、ハリウッドガラコンサート[釜山]（ビデオ）
해운대문화회관 고운홀,海雲台文化会館ゴウンホール
오싹한 알바,不気味なアルバ
초콜릿팩토리,チョコレートファクトリー
부산광역시 남구 수영로 298 (대연동),釜山広域市南区水泳路298（大連洞）
어쩌면 해피엔딩 [창원],たぶんハッピーエンド[チャンウォン]
제200회 창원시립합창단 정기연주회: 모차르트 탄생 270주년 기념 오페라 갈라콘서트 [창원],第200回昌原市立合唱団定期演奏会：モーツァルト誕生270周年記念オペラガラコンサート[昌原]
나의 아저씨 [수원],私のおじさん [水原]
모든 날 모든 순간 [수원],すべての日すべての瞬間[水原]
제6회 울림 색소폰 앙상블 정기연주회,第6回響サックスアンポンブル定期演奏会
최현우 19+Ⅰ [용인],チェ・ヒョヌ19+Ⅰ[龍仁]
M&M 시리즈 Ⅰ: 프로코피예프 & 최송하,M&MシリーズⅠ：プロコピエフ＆チェ・ソンハ
"KNN방송교향악단 창단 10주년 기념 한국가곡 대축제, 김효근 K-아트팝 가곡의 밤: 가장 아름다운 노래",KNN放送交響楽団創立10周年記念韓国歌曲大祭り、キム・ヒョグンK-アートポップ歌曲の夜：最も美しい歌
바다 속 버블왕국 아쿠아쇼,海の中のバブル王国アクアショー
INDIE’D: HERE AND NOW Vol.1,INDIE’D: HERE AND NOW Vol.1
듈스튜디오,デュルスタジオ
서울특별시 마포구 잔다리로 20 (서교동),ソウル特別市麻浦区山橋路20（ソギョドン）
"를 빌려드립니다: 정민혁, 찬민",を貸します：チョン・ミンヒョク、チャンミン
"롤링 31주년 기념공연, ChRocktikal The 1st World Tour: CRTK : The Beginning",ローリング31周年記念公演、ChRocktikal The 1st World Tour: CRTK : The Beginning
복순이 할배,ボクスン
"프랑스 스트라스부르 국립극장, 라크리마 [성남]",フランス、ストラスブール国立劇場、ラクリマ [城南]
성남아트센터 오페라하우스,城南アートセンターオペラハウス
"멜로우TV: Run it up, 팀 나빠 [전주]","メロウTV: Run it up, チーム悪い [全州]"
"국립정동극장 예술단, 광대",国立チョンドン劇場芸術団、ピエロ
국립정동극장,国立鄭東劇場
클라라 주미 강 & 김선욱 듀오 리사이틀 (05.23),クララジュミ川＆キム・ソンウクデュオリサイタル（05.23）
서편제,西編制
처어어어어엇걸음,突き刺す
공간 서론,空間序論
서울특별시 성북구 동소문로 24 (동소문동2가),ソウル特別市城北区東小門路24（東小門洞2街）
어린이 서커스 쇼 [양주],子供サーカスショー[楊州]
경기섬유종합지원센터 대강당,京畿繊維総合支援センター大講堂
경기 양주시 평화로 1215,京畿道楊州市平和路1215
피터팬,ピーターパン
아트버블쇼 [전주],アートバブルショー[全州]
지브리 & 디즈니 OST 콘서트 with 첼로댁 [성남],ジブリ＆ディズニーOSTコンサート with チェロダン [城南]
KT와 함께하는 예술의전당 마음을 담은 클래식 (3월),KTと共にする芸術の殿堂の心を込めたクラシック（3月）
정의경 피아노 독주회,チョン・ギョンギョンピアノソロ
해리엇,ハリオット
"그루브 재즈데이, 밴드 느와르",グルーヴジャズデー、バンドノワール
아리아라리 [정선],アリアラリ [チョンソン]
정선아리랑센터 아리랑홀,チョンソンアリランセンターアリランホール
강원특별자치도 정선군 정선읍 정선로 411,江原特別自治道チョンソン郡チョンソン邑チョンソンロ411
"이자람 판소리: 눈, 눈, 눈 [성남]",イザラムパンソリ：雪、雪、雪[城南]
분홍립스틱 [여주],ピンクの口紅[ヨジュ]
세종국악당,世宗国楽党
경기도 여주시 영릉로 125 (하동),京畿道麗州市永陵路125（ハドン）
윤마치를 축하하세요,ユンマチおめでとう
도원경 콘서트: 나의 꿈을 향해서,ドウォンギョンコンサート：私の夢に向かって
할래?! 말래,やる？言う
정글북 [수원],ジャングルブック[水原]
경기도 수원시 장안구 송원로 101 (조원동),京畿道水原市長安区松原路101（チョウォンドン）
The 심수봉 SHOW [부천],The シムスボン SHOW [富川]
"변진섭 전국투어 콘서트, 변천사 시즌 2.5: 시간여행 [구미]",ビョンジンソプ全国ツアーコンサート、変天使シーズン2.5：時間旅行[欧米]
구미시문화예술회관 대공연장,亀尾市文化芸術会館大公演場
아이들콘서트: 클래식 with 디토 오케스트라,アイドルコンサート: クラシック with ディトオーケストラ
종로아이들극장,鍾路子供劇場
서울특별시 종로구 성균관로 91 - 0 국민생활관,ソウル特別市鍾路区成均館路 91 - 0 国民生活館
꼬마버스 타요: 소원을 들어주는 요술 지팡이 대소동 [창원],子供バスタヨ：願いを聞く魔術杖大騒動[昌原]
헬로카봇 스페셜 시즌 9: 전설의 용사를 찾아서 [인천 서구],ハローカーボットスペシャルシーズン9：伝説の勇者を探して[仁川西区]
인천서구문화회관 대공연장,仁川西区文化会館大公演場
십번기 [수원],十番機[水原]
정조테마공연장,正祖テーマ公演場
아기돼지 삼형제 [인천 서구],赤ちゃん豚三兄弟[仁川西区]
더 펜,ザペン
"현대음악앙상블 위로 X 미디어아티스트 윤제호, 빛의 음악: la musique de la lumiere",ヒュンダイミュージックアンサンブルトップXメディアアーティストユン・ジェホ、光の音楽：la musique de la lumiere
하남문화재단 문화가 있는 날 #2 피아니스트 조재혁: 모차르트와 친구들 [하남],ハナム文化財団文化がある日＃2ピアニストチョ・ジェヒョク：モーツァルトと友達[ハナム]
하남문화예술회관 검단홀(대극장),河南文化芸術会館検団ホール（大劇場）
경기 하남시 신평로 125,京畿道河南市新平路125
뽀로로와 신비한 여행 [서울 (앵콜) ],ポロロと神秘的な旅[ソウル（アンコール）]
"국립극단, 태풍 [성남]",国立劇団、台風[城南]
미스트롯4 전국투어 콘서트: 트롯으로 세상을 홀려라 [고양],ミストロ4全国ツアーコンサート：トロットで世界を魅了する[猫]
고양아람누리 아람극장,高陽アラムヌリアラム劇場
TAKANE NO NADESHIKO Live Tour: Bouquet of 9 Flowers,TAKANE NO NADESHIKO Live Tour: Bouquet of 9 Flowers
"베베핀, 두근두근 새친구",ベベピン、ドキドキ鳥の友達
"문래재즈IN, 연중스페셜: 임미정 & 박윤우 Duo concert",ムンレジャズIN、年中スペシャル：イム・ミジョン＆パク・ユンウDuo concert
문래재즈IN,ムラジャズIN
서울특별시 영등포구 도림로 475 (문래동4가),ソウル特別市永登浦区ドリムロ475（ムラドン4街）
프린세스 공주뮤지컬쇼 [수원],プリンセスプリンセスミュージカルショー[水原]
쎄시봉: The Last Concert,セシボン: The Last Concert
충남대학교 정심화국제문화회관 정심화홀,忠南大学チョン・シムファ国際文化会館チョン・シムファホール
대전 유성구 대학로 99,大田儒城区大学路99
eill 내한공연 (eill ACTION ASIA TOUR),eill内韓公演（eill ACTION ASIA TOUR）
로맨틱 나이트,ロマンチックな夜
싯다르타,シッタルタ
토마스 스트로넨 내한공연,トーマス・ストロネン内韓公演
아기돼지삼형제: 늑대숲 또옹돼지 원정대 [광명],赤ちゃん豚三兄弟：オオカミの森また擁豚遠征[光明]
어린이 서커스 쇼 [양산],子供サーカスショー [量産]
웅상문화체육센터 공연장,ウンサン文化体育センター会場
경남 양산시 모래들길 57-57,慶南楊山市砂道57-57
"이자람 판소리: 눈, 눈, 눈 [고양]",イザラムパンソリ：目、目、目[猫]
이혼고백서,離婚告白書
여행자극장,旅行刺激劇場
서울특별시 성북구 성북로5길 9-3 (성북동1가),ソウル特別市城北区城北路5ギル9-3（城北洞1街）
꼬마버스 타요: 소원을 들어주는 요술 지팡이 대소동 [서울 강동],子供バスタヨ：願いを聞く魔術杖大騒動[ソウル江東]
"Rode Joint Recital #9, Pf 전기백 & Vc 김태희","Rode Joint Recital #9, Pf 電気バッグ & Vc キム・テヒ"
"이소영 크리틱뮤지킹 5. 작곡가 초청시리즈, 이신우: 성스러운 봄",イ・ソヨンクリティカルミュージック5.作曲家招待シリーズ、イ・シンウ：聖なる春
제86회 제주특별자치도립 서귀포합창단 정기연주회: 그대 앞에 봄이 있다,第86回済州特別自治都立西帰浦合唱団定期演奏会：あなたの前に春がある
"6인 음악회: 가사, 가지 않는 길을 찾아서",6人音楽会：歌詞、行かない道を探して
나 그대에게 [사천],私はあなたに[四川]
사천문화예술회관 대공연장,四川文化芸術会館大公演場
경남 사천시 삼천포대교로 471,慶南四川市三川浦大橋路471
인어공주 [목포],人魚姫 [木浦]
세상에서 가장 신기한 마술,世界で最も不思議な魔法
하땅세극장,ハタン世劇場
서울특별시 성북구 성북로 5-7(성북동1가),ソウル特別市城北区城北路5-7（城北洞1街）
알라딘과 요술램프 [목포],アラジンと魔術ランプ[木浦]
99%천재일기 (99퍼센트 천재일기),99％天才日記（99％天才日記）
앙상블 헤어츠와 함께하는 동화 쏙! 클래식 - 피노키오 (3월),アンサンブルヘアツと一緒におとぎ話を撮影！クラシック - ピノキオ（3月）
괴담낭독클럽,怪談朗読クラブ
나온씨어터,出てきたシアター
서울특별시 종로구 혜화로9길 7 (명륜1가),ソウル特別市鍾路区恵化路9ギル7（明倫1街）
아기돼지 삼형제 [안산 단원],赤ちゃん豚三兄弟[安山団員]
난쟁이들 [군포],小人 [軍砲]
군포문화예술회관 철쭉홀,郡浦文化芸術会館ツツジホール
"안애순 컴퍼니, 춤이 말하다: 문소리 x 리아킴 [고양]",アン・エスン・カンパニー、ダンスが言う
난타 [당진],ナンタ [唐津]
천방지축 빼꼼의 동화여행 [부천],天方支軸抜きのおとぎ話旅行[富川]
백건우와 슈베르트 [안성],ペクゴンウとシューベルト[安城]
난쟁이들 [제천],ドワーフ[済川]
제천예술의전당 대공연장,済川芸術の殿堂大公演場
충북 제천시 내토로 204,忠北済川市内トロ204
지브리를 품은 클래식: 초록이 아름다운 오후,ジブリを抱くクラシック：緑が美しい午後
조희창의 토요 클래식 살롱 Ⅱ. 봄날의 스윙 [경주],チョ・ヒチャンの東洋クラシックサロンⅡ。春の日のスイング[レース]
경주예술의전당 소공연장(원화홀),慶州芸術の殿堂小公演場（ウォンファホール）
"광주시립교향악단, GSO 체임버 시리즈Ⅰ: From Vienna to Bohemia",光州市立交響楽団、GSOチェンバーシリーズⅠ：From Vienna to Bohemia
반짝반짝 빛나는 마술사의 방 [하남],キラキラ輝く魔術師の部屋[ハナム]
하남문화예술회관 아랑홀(소극장),河南文化芸術会館アランホール（小劇場）
등등곡 [고양],等曲[猫]
"불꽃처럼 뜨거웠던 청춘의 기억을 깨우는 단 하나의 무대, 콘서트누리 홍서범 [김해]",花火のように熱かった青春の記憶を覚醒させるただ一つの舞台、コンサートヌリ ホン・ソボム [キム・ヘ]
"저녁의음악회, 고귀한 음색으로 완성되는 성악의 정수 테너 김세일의 시인의 사랑 [김해]",夕方の音楽会、高貴な音色に仕上がる声楽の整数テナー キム・セイルの詩人の愛 [キム・ヘ]
"저녁의음악회, 바이올리니스트 김재영 X 콜레기움 무지쿰 서울: 바흐 [김해] (4월)",夕方の音楽会、ヴァイオリニストキム・ジェヨンXコレギウムムジクムソウル：バッハ[キム・ヘ]（4月）
불편한 편의점 [김해],不便なコンビニエンスストア[キムヘ]
이상웅 단독콘서트: 입춘대길,イ・サンウン単独コンサート：入春大道
용인어린이상상의숲 월간톡톡 공연놀이터: 늑대야 친구하자 [용인],龍仁子供以上の森月刊トークトーク公演遊び場：オオカミは友達にしよう[龍仁]
"ACI 키즈 콘서트, 클랩 그림책 콘서트 Ⅴ. 겨울이 지나고 남는 것은?",ACIキッズコンサート、クラップス絵本コンサートⅤ。冬が過ぎて残るのは？
"ACI 키즈 콘서트: 클랩 그림책 콘서트 Ⅱ. 호랑이와 한 판, 어때?",ACIキッズコンサート：クラップス絵本コンサートⅡ。虎と一枚、どうですか？
노한솔 피아노 리사이틀: H moll Sonata - A Personal Key,ノハンソルピアノリサイタル：H moll Sonata - A Personal Key
"영화의전당 BCC 시네라이브, 11시 영화음악콘서트: 합창으로 듣는 영화음악 [부산] (11월)",映画の殿堂BCCシネライブ、11時映画音楽コンサート：合唱で聴く映画音楽[釜山]（11月）
현역가왕3 전국투어 콘서트,現役歌王3全国ツアーコンサート
부산광역시 수영구 수영로 429 (남천동 63) KBS부산방송총국,釜山広域市水泳区水泳路429（南川洞63）KBS釜山放送総局
소프라노 서유미 독창회,ソプラノソユミ独創会
"영화의전당 BCC 시네라이브, 11시 영화음악콘서트: 한국을 대표하는 영화음악작곡가 이명로 [부산] (10월)",映画の殿堂BCCシネライブ、11時映画音楽コンサート：韓国を代表する映画音楽作曲家イ・ミョンロ[釜山]（10月）
"영화의전당 BCC 시네라이브, 11시 영화음악콘서트: 컨템포러리 필름뮤직 [부산] (9월)",映画の殿堂BCCシネライブ、11時映画音楽コンサート：コンテンポラリーフィルムミュージック[釜山]（9月）
"어린이 도담도담누리 시리즈, 어디로 가야 하지? [김해]",子どもドダムドダムヌリシリーズ、どこに行くべきですか？ [キムヘ]
"영화의전당 BCC 시네라이브, 11시 영화음악콘서트: 재즈를 담은 영화음악 [부산] (8월)",映画の殿堂BCCシネライブ、11時映画音楽コンサート：ジャズを盛り込んだ映画音楽[釜山]（8月）
"저녁의음악회, 마스터즈 온 첼로 [김해] (12월)",夕方の音楽会、マスターズオンチェロ[キムヘ]（12月）
"저녁의음악회, 박지윤 바이올린 리사이틀 [김해] (10월)",夕方の音楽会、パク・ジユン・バイオリンリサイタル[キム・ヘ]（10月）
"영화의전당 BCC 시네라이브, 11시 영화음악콘서트: 사카모토 류이치의 인생은 짧고, 예술은 길다 [부산] (7월)",映画の殿堂BCCシネライブ、11時映画音楽コンサート：坂本龍一の人生は短く、芸術は長い [釜山] (7月)
오지게 재밌는 가시나들 [김해],楽しく面白いとげのあるナナ[キムヘ]
"영화의전당 BCC 시네라이브, 11시 영화음악콘서트: Film In France [부산] (5월)",映画の殿堂BCCシネライブ、11時映画音楽コンサート: Film In France [釜山] (5月)
"영화의전당 BCC 시네라이브, 11시 영화음악콘서트: 국악으로 들려주는 지브리 영화음악 OST [부산] (4월)",映画の殿堂BCCシネライブ、11時映画音楽コンサート：国楽で聞こえるジブリ映画音楽OST [釜山]（4月）
"영화의전당 BCC 시네라이브, 11시 영화음악콘서트: 영화로 만나는 아일랜드 이야기 [부산] (3월)",映画の殿堂BCCシネライブ、11時映画音楽コンサート：映画で出会うアイルランドの物語[釜山]（3月）
"ACI 키즈 콘서트, 클랩 그림책 콘서트 Ⅳ. 정말 으스스할까?",ACIキッズコンサート、クラップス絵本コンサートⅣ。本当にすごいですか？
"ACI 키즈 콘서트, 클랩 그림책 콘서트 Ⅰ. 가족과 함께 떠나볼까?",ACIキッズコンサート、クラップス絵本コンサートⅠ。家族と一緒に出発しますか？
"서초문화재단 & 서초교향악단 공동기획, 모차르트 피아노 협주곡 전곡 시리즈 4",瑞草文化財団＆瑞草交響楽団共同企画、モーツァルトピアノ協奏曲全曲シリーズ4
어버이날 기념 주현미 孝 콘서트 [거제],母の日記念ジュヒョンミ孝コンサート[巨済]
거제문화예술회관 대극장,巨済文化芸術会館大劇場
경남 거제시 장승로 145,慶南巨済市チャンスンロ145
어린이날 맞이 디즈니 & 지브리 & 블록버스터 FESTA,こどもの日迎えディズニー＆ジブリ＆ブロックバスターFESTA
"제84회 을숙도 예술공감, 문학속에 흐르는 클래식 시리즈 2. 마지막 칸타타",第84回乙淑島芸術共感、文学の中に流れるクラシックシリーズ2.最後のカンタタ
을숙도문화회관 소공연장,乙淑島文化会館小公演場
"목요상설음악회 아트살롱, Dear Mr. Mozart: 친애하는 모차르트씨",木常常設音楽会アートサロン、Dear Mr。 Mozart：親愛なるモーツァルト氏
현역가왕3 전국투어 콘서트 [원주],現役歌王3全国ツアーコンサート[原州]
댄싱공연장,ダンシング会場
강원도 원주시 단구로 170 (명륜동),江原道原州市丹区路170（明輪洞）
교보 노블리에 포유콘서트: 상상이 음악이 되는 순간,キョボノブリーエ哺乳コンサート：想像が音楽になる瞬間
Game Changer Vol.2,ゲームチェンジャー Vol.2
일러스타스테이지,イラストスターステージ
서울특별시 서대문구 연세로 13 (창천동),ソウル特別市西大門区延世路13（昌川洞）
매직키즈 서커스쇼 [인천 남동],マジックキッズサーカスショー[仁川南洞]
"커피콘서트 Ⅱ. 앰비규어스댄스컴퍼니, 바디콘서트",コーヒーコンサートⅡ。アンビギアーズダンスカンパニー、ボディコンサート
SHIN SEUNG HUN LIMITED EDITION,SHIN SEUNG HUN LIMITED EDITION
최현우 19+Ⅰ [의정부],チェ・ヒョヌ19+Ⅰ[議政府]
의정부예술의전당 대극장,議政府芸術の殿堂大劇場
경기도 의정부시 의정로 1,京畿道ウィジョンブ市ウィジョンロ1
론 브랜튼 솔로 피아노 콘서트: 피아노로 쓰는 시,ロンブラントンソロピアノコンサート：ピアノで書く詩
백제대향로관 개관 공연 시리즈 Ⅳ. 사랑해 엄마 [부여],百済対向路館開館公演シリーズⅣ。愛してるママ[付与]
국립부여박물관 사비마루,国立付与博物館さび丸
충남 부여군 부여읍 금성로 5,忠南扶余郡扶余邑金星路5
프린세스 캐치! 티니핑 [용인],プリンセスキャッチ！ティニピング[龍仁]
"추억의 낭만 콘서트: 그 시절, 플레이리스트 [울주]",思い出のロマンチックコンサート：その頃、プレイリスト[Ulju]
에그박사: 해적 보물섬의 비밀 [서울 (앵콜) ],エグ博士: 海賊宝島の秘密 [ソウル(アンコール)]
올림픽공원 우리금융아트홀(역도경기장),オリンピック公園ウリ金融アートホール（重量挙げ競技場）
조항조 전국투어 콘서트: 생각 [이천],条項組全国ツアーコンサート：思考[利川]
이천아트홀 대공연장,利川アートホール大公演場
경기 이천시 부악로 40,京畿道利川市ブアクロ40
제195회 코리안챔버오케스트라 정기연주회: 소피아 구바이둘리나 메모리얼 콘서트,第195回コリアンチャンバーオーケストラ定期演奏会：ソフィア・グバイドリーナ・メモリアルコンサート
꼬마박사 장영실 [대학로],ちび博士チャン・ヨンシル[大学路]
커다란 방귀,大きなおなら
무지개 물고기 [김포],虹魚 [金浦]
제53회 한국리스트협회 정기연주회,第53回韓国リスト協会定期演奏会
응답하라 군포 1980's: 우리가 청춘이었던 그 봄 [군포],答えなさい 軍砲 1980's: 我々が青春だったその春 [軍砲]
양준일 CAKE 콘서트: Life is sweet with you,ヤン・ジュンイル CAKE コンサート: Life is sweet with you
피아니스트 남희정의 슈베르트 소나타 리사이틀,ピアニストナム・ヒジョンのシューベルト・ソナタ・リサイタル
폼파돌스 (PompadollS) 라이브 [서울 (앵콜) ],ポンパドルス（PompadollS）ライブ[ソウル（アンコール）]
봄맞이 3디바 콘서트 [삼척],春の祭り3歌姫コンサート[サムチョク]
삼척문화예술회관 대공연장,三陵文化芸術会館大公演場
강원 삼척시 엑스포로 45,江原三che市博覧会45
브라보 마이 라이프 [전주],ブラボーマイライフ[全州]
한해랑아트홀,ハンヘランアートホール
전라북도 전주시 완산구 홍산중앙로 13 (효자동2가),全羅北道全州市万山区紅山中央路13（ヒョジャドン2街）
뉴욕의 영혼을 연주하다,ニューヨークの魂を弾く
"안산시립합창단 특별기획공연, 안산시립합창단 아카펠라 콘서트: 다! [안산]",安山市立合唱団特別企画公演、安山市立合唱団アカペラコンサート：ダ！ [安山]
오즈의 마법사 [수원],オズの魔法使い [水原]
숀 LAST PAGE Band Set 서울 단독 공연,ショーン LAST PAGE Band Set ソウル単独公演
신바람 삼대,新風三代
BNK부산은행 조은극장 1관,BNK釜山銀行チョウンシアター1館
틀려도 괜찮아 [서울 마포],間違っても大丈夫[ソウル麻浦]
하남문화재단 문화가 있는 날 #1 오정희 국악 앙상블: 전통과 현대를 넘나드는 새로운 무대 [하남],ハナム文化財団文化がある日＃1オ・ジョンヒ国楽アンサンブル：伝統と現代を行き来する新しい舞台[ハナム]
김유빈 & 디토오케스트라: 디어 아마데우스 [화성],キム・ユビン＆ディトオーケストラ：ディア・アマデウス [火星]
화성아트홀,華城アートホール
경기도 화성시 태안로 145 (병점동),京畿道華城市泰安路145（ビョンドンドン）
pH-1 Concert: HOUSE PARTY,pH-1 Concert: HOUSE PARTY
제22회 서울YMCA 고양국제여성합창단 정기연주회,第22回ソウルYMCA高陽国際女性合唱団定期演奏会
"부산발레시즌, Dear. Ballerina (디어 발레리나)",釜山バレシーズン、ディア。バレリーナ（ディアバレリーナ）
오리지널 과학마술콘서트 시즌2 [포항],オリジナル科学魔法コンサートシーズン2 [浦項]
marasy Piano Live Asia Tour 연주회,marasy Piano Live Asia Tour コンサート
광림아트센터 장천홀,光林アートセンター長泉ホール
서울 강남구 압구정로22길 21,ソウル江南区狎鴎亭路22ギル21
"살롱클래식, 이은선 & 리즈 문: 포레의 봄",サロンクラシック、イ・ウンソン＆リーズムーン：フォレの春
"문화의날 렉처콘서트, 바이올리니스트 탁보늬 [화성]",文化の日レクチャーコンサート、ヴァイオリニスト卓球パターン[火星]
반석아트홀,バンソクアートホール
경기도 화성시 노작로 134 (반송동),京畿道華城市労作路134（搬送洞）
이솔로몬 콘서트: 만발하던 파란 봄,イソロモンコンサート：満開の青春
노인의 꿈 [화성],高齢者の夢[火星]
제219회 성남시립교향악단 정기연주회 [성남],第219回城南市立交響楽団定期演奏会[城南]
"라율아트홀 살롱클래식, L’Aube Quartet (로브 콰르텟) Recital",ラユルアートホールサロンクラシック、L’Aube Quartet (ローブ・クアルテット) Recital
구름아 가지마 [김포],雲がないで[金浦]
YEOONE CONCERT: ALL IN YEOONE,YEOONE CONCERT: ALL IN YEOONE
GB성암아트홀,GB成岩アートホール
서울특별시 강남구 선릉로111길 6 (논현동),ソウル特別市江南区サン陵路111ギル6（ノンヒョンドン）
"제2회 조아클래스 정기연주회: 봄, Voice Palette: 목소리로 그리는 색채",第2回ジョアクラス定期演奏会：春、Voice Palette：声で描く色彩
한국페스티발앙상블 40주년: 세상에서 가장 편한 음악 [여수],韓国フェスティバルアンサンブル40周年：世界で最も楽な音楽[麗水]
제4회 앙상블 아띠엠 정기연주회 [성남],第4回アンサンブルアーティエム定期演奏会[城南]
제48회 허재영 튜바 독주회,第48回ホ・ジェヨンチューバソロ
아기돼지 삼형제 [양주],赤ちゃん豚三兄弟[楊州]
신데렐라 [서울 양천],シンデレラ[ソウルヤンチョン]
제87회 서울오라토리오 정기연주회: 영혼을 울리는 음악회,第87回ソウルオラトリオ定期演奏会：魂を鳴らす音楽会
"숲세권 라이브, 안녕바다 단독 공연: Cosmos",森勢圏ライブ、こんにちは海単独公演: Cosmos
신데렐라 [김포],シンデレラ[金浦]
꿈의 아리아 Aria of Dream [화성],夢のアリア Aria of Dream [火星]
백묵원 [대학로],ペク・ミョンウォン[大学路]
겨울왕국: 겨울이야기 [의정부],冬王国：冬物語[議政府]
신한대학교 벧엘관 대강당,新韓大学ベンエル館大講堂
경기 의정부시 호암로 95,京畿道ウィジョンブ市ホアムロ95
꼬마박사 장영실 [군산],ちび博士チャン・ヨンシル[群山]
군산어린이공연장,群山子供公演場
전라북도 군산시 대학로 330 (나운동),全羅北道群山市大学路330（ナウンドン）
걸프렌드,ガールフレンド
오! 캐롤,ああ！キャロル
팡팡매직쇼 [양주],パンパンマジックショー[楊州]
나의 보통의 하루,私の普通の日
NEW 망원동 브라더스 [충북 영동],NEW望遠洞ブラザーズ[忠北永洞]
영동복합문화예술회관,永東複合文化芸術会館
"엄마까투리: 유치원도, 도시도 처음이야 [익산]",ママカトゥリ：幼稚園も、都市も初めてだ [益山]
솜리문화예술회관 중공연장,ソムリ文化芸術会館中共延長
전북특별자치도 익산시 선화1로 106,全北特別自治道益山市線画1路106
제139회 목포시립교향악단 정기연주회 [목포],第139回木浦市立交響楽団定期演奏会[木浦]
목포시민문화체육센터 대공연장,木浦市民文化体育センター大公演場
"플라멩코랩 정기공연 (FlamencoLab) , Recuerdo: 어느 날의 기억",フラメンコラボ定期公演（FlamencoLab）、Recuerdo：ある日の記憶
아르떼 스튜디오,アルテスタジオ
"문래재즈IN 기획 재즈콘서트, 연중스페셜: 임미정 & 박윤우 듀오 콘서트",ムンレジャズIN企画ジャズコンサート、年中スペシャル：イム・ミジョン＆パク・ユンデュオコンサート
"11시 브런치 콘서트, 다뉴브의 추억",11時ブランチコンサート、ドナウの思い出
금정문화회관 소공연장(은빛샘홀),金正文化会館小公演場（銀色サムホール）
충남 천안시 서북구 불당5길 25,忠南天安市西北区仏堂5ギル25
어린이 마술쇼 [부천],子供マジックショー[富川]
오정아트홀,オジョンアートホール
경기도 부천시 성오로 172 (오정동),京畿道富川市城大路172（オジョンドン）
"한밤의 공연 산책 Ⅳ, 포스트맨+서커스클래식",夜の公演散歩Ⅳ、ポストマン＋サーカスクラシック
"한밤의 공연 산책 Ⅲ, 낭만유랑극단",真夜中の公演散歩Ⅲ、ロマンチュア劇団
할머니의 여름휴가 [김해],おばあちゃんの夏休み[キムヘ]
김해서부문화센터 하늬홀,金海部文化センターハーバーホール
경남 김해시 율하2로 210,慶南金海市ユルハ2ロ210
황문희 피아노 독주회,ファンムンヒピアノソロ
남창전집,南昌全集
제302회 수원시립교향악단 정기연주회 [수원],第302回水原市立交響楽団定期演奏会[水原]
"리케이댄스, 샤마 [대학로]",リケーダンス、シャマ[大学路]
우리가 사랑한 한국영화 OST 콘서트 [부천],私たちが愛した韓国映画OSTコンサート[富川]
"온: 콘서트, 염신혜 이철훈 Duo: 봄소풍",オン：コンサート、ヨン・シネイ・チョルフンDuo：春のピクニック
"꾸러기음악회, 음악동물원",パッケージ音楽会、音楽動物園
신데렐라 [목포],シンデレラ[木浦]
페퍼톤스 어쿠스틱 라이브: 안락,ペパートンズア​​コースティックライブ：快適
이화여자대학교 영산극장,梨花女子大学永山劇場
"국립무용단, 몽유도원무",国立舞踊団、モンユドウォンム
"하슬라 in 서울, 추일서정 (秋日抒情) : 김광균",Hasla in Seoul、チュイルソジョン（秋日抒情）：キム・グァンギュン
뮤지컬 배우 이승현 콘서트: SHank you for the music,ミュージカル俳優イ・スンヒョンコンサート: SHank you for the music
스크루테이프의 편지 [대학로],スクリューテープの手紙 [大学路]
미르하이의 찢어진 동화책 [군포],ミルハイの引き裂かれたおとぎ話本[軍砲]
꼬리별,尾星
인어공주 [안산],人魚姫[安山]
안산올림픽기념관 대공연장,安山オリンピック記念館大公演場
경기도 안산시 단원구 적금로 202,京畿道安山市丹原区赤金路202
안녕하신가영 단독콘서트: 마음으로 스탠딩,こんにちはガヨン単独コンサート：心でスタンディング
아기돼지 삼형제 [충주],赤ちゃん豚三兄弟[忠州]
호암예술관,湖岩美術館
충청북도 충주시 중원대로 3306 (호암동),忠清北道忠州市中原大路3306（湖岩洞）
"창작산실, 모므로살롱: 성인물",創作産室、モムロサロン：成人物
아쿠아쇼: 바닷 속 버블왕국,アクアショー：海の中のバブル王国
미녀와 야수 [안산],美女と野獣 [安山]
리턴 [대학로],リターン[大学路]
시윤아트홀 (B1),シユンアートホール（B1）
로보카폴리 오케스트라: 브룸스타운의 악기 구조대! [서울 강남],ロボカポリオーケストラ：ブルームスタウンの楽器救助隊！ [ソウル江南]
예림당아트홀,イェリムダンアートホール
서울특별시 강남구 언주로 337 (역삼동),ソウル特別市江南区鄭州路337（駅三洞）
전설의 황금미역 [부산 동래],伝説の黄金わかめ[釜山東来]
라푼젤 [과천],ラプンツェル[果川]
국립과천과학관 어울림홀,国立果川科学館ミーティングホール
경기 과천시 상하벌로 110,京畿道果川市上下俗110
뚱뚱한 로미오를 사랑한 줄리엣 [대학로],太ったロミオを愛したジュリエット [大学路]
피노키오 [목포],ピノキオ [木浦]
"멜로우TV: Run it up, 팀 나빠 [부천]","メローTV: Run it up, チーム悪い [富川]"
복사골문화센터 아트홀,コピー骨文化センターアートホール
경기 부천시 원미구 장말로 107,京畿道富川市原美区チャンマロ107
나는 코다입니다 [김해],コダです[キムヘ]
나의 아저씨,私のおじさん
랑랑 피아노 리사이틀,ランランピアノリサイタル
NANA MIZUKI LIVE VISION in SEOUL,NANA MIZUKI LIVE VISION in SEOUL
세종대학교 대양홀,世宗大学海洋ホール
서울특별시 광진구 능동로 209 (군자동),ソウル特別市光津区能洞路209（軍子洞）
"ASAC 클래식 봄 음악회: 사월, 다시 피다 [안산]",ASACクラシック春音楽会：四月、再び咲く[安山]
누가 내 머리에 똥 쌌어? [수원],誰が私の頭にうんざりした？ [水原]
리어왕외전,リア王外展
"SPOT THE GIG by Wanderloch, I Don't Like Mondays","SPOT THE GIG by Wanderloch, I Don't Like Mondays"
"광주시립발레단 기획공연, 살롱콘서트 Ⅰ. 잠자는 숲속의 미녀",光州市立バレエ団企画公演、サロンコンサートⅠ。眠れる森の美女
SEVENTEEN WORLD TOUR: NEW_ (앵콜),SEVENTEEN WORLD TOUR: NEW_ (アンコール)
인천아시아드주경기장,仁川アジアの主競技場
인천광역시 서구 봉수대로 806 (연희동),仁川広域市西区奉水大路806（ヨンヒドン）
"SPOT THE GIG, Phoebe Rings",SPOT THE GIG、Phoebe Rings
"안애순 컴퍼니, 춤이 말하다: 문소리 X 리아킴 [서울 강동]",アン・エスンカンパニー、ダンスが言う：ムンソリXリアキム[ソウル江東]
푸른 사자 와니니 [서울 마포],青いライオンワニーニ[ソウル麻浦]
김현철의 클래식당 [평택],キム・ヒョンチョルのクラシックレストラン[平沢]
알파블록스 [하남],アルファブロック[ハナム]
"임현정의 베토벤 소나타 시리즈1, 영웅",イム・ヒョンジョンのベートーヴェンソナタシリーズ1、ヒーロー
"케이 김경은 피아노 리사이틀, 베토벤 피아노 소나타 전곡 시리즈 Ⅳ: The Path to Silence",ケイ・キム・ギョンウンピアノ・リサイタル、ベートーヴェン・ピアノ・ソナタ全曲シリーズⅣ：The Path to Silence
"평택아트센터 기획공연, 앰비규어스댄스컴퍼니, 더 벨트 [평택]",平沢アートセンター企画公演、アンビギアスダンスカンパニー、ザベルト[平沢]
평택아트센터 소공연장,平沢アートセンター小公演場
한글용사 아이야 새로운 이야기: 달라도 친구야! [오산],ハングル勇者アイヤ新しい話：違っても友達だ！ 【誤算】
오산문화예술회관 대공연장,五山文化芸術会館大公演場
경기 오산시 경기동로 51,京畿道烏山市京畿道51
오리지널 어린이 CAT [성남],オリジナルキッズCAT [城南]
"평택아트센터 기획공연, 얍 판 츠베덴 & 서울시립교향악단, Mozart & Tchaikovsky [평택]",平沢アートセンター企画公演、ヤンパンツベデン＆ソウル市立交響楽団、Mozart＆Tchaikovsky [平沢]
아기돼지 삼형제 [수원],赤ちゃん豚三兄弟[水原]
백설공주 [서울 도봉],白雪姫[ソウルドボン]
"슈퍼디바 적우 콘서트: 보고싶다, 서울",スーパーディーバの赤いコンサート：見たい、ソウル
"국립합창단, 클래식 세레나데 [제천]",国立合唱団、クラシックセレナーデ[済川]
"롤링 31주년 기념공연, 김늑 단독 콘서트: 우리는 어디로 가는가",ローリング31周年記念公演、キム・オク単独コンサート：私たちはどこに行くのか
한글용사 아이야 새로운 이야기: 달라도 친구야! [화성],ハングル勇者アイヤ新しい話：違っても友達だ！ [火星]
백설공주 [김해],白雪姫[キムヘ]
김해 장유문화센터 공연장,金海チャンユ文化センター会場
덩따쿵 구조대: 뜨거워 지구 [서울 광진],トンタクン救助隊：熱い地球[ソウル光津]
광진어린이공연장,広津子ども会場
서울특별시 광진구 능동로 400(중곡동),ソウル特別市光津区能洞路400（中谷洞）
백설공주 [거제],白雪姫[巨済]
거제시청소년수련관 공연장,巨済市役所少年修練館公演場
경남 거제시 계룡로 175,慶南巨済市桂龍路175
이상한 나라의 앨리스 [인천 서구],奇妙な国のアリス[仁川西区]
피터팬 [인천 서구],ピーターパン[仁川西区]
김창완밴드 전국투어 콘서트 [밀양],キム・チャンワンバンド全国ツアーコンサート[密陽]
밀양아리랑아트센터 대공연장,密陽アリランアートセンター大公演場
경남 밀양시 중앙로 324,慶南密陽市中央路324
미녀와 야수 [고양],美女と野獣 [猫]
고양어울림누리 별모래극장,高陽オウリムヌリ星砂劇場
어느 60대 노부부 이야기 [홍성],ある60代老夫婦の話[ホンソン]
홍주문화회관 대공연장,ホンジュ文化会館大公演場
충남 홍성군 홍성읍 내포로 164,忠清南道洪城郡洪城邑内浦路164
"낭만주의 거장, 차이코프스키",ロマン主義の巨匠、チャイコフスキー
그랜드필하모닉오케스트라 & 백건우 [제천],グランドフィルハーモニーオーケストラ＆ペクゴンウ[済川]
YOON SAN-HA: SANiGHT Project #3 약속,YOON SAN-HA: SANiGHT Project #3 約束
어린이 서커스 쇼 [군산],子供サーカスショー [群山]
"웨이브투어스, Curated 03: 캔트비블루","Wave Tours, Curated 03: カントビーブルー"
"먼데이프로젝트 IN 라이브클럽, 지베뉴 단독콘서트: LOVE IS ALL",マンデープロジェクトINライブクラブ、ジベニュー単独コンサート：LOVE IS ALL
공상온도,空想温度
서울특별시 마포구 동교로23길 40 (동교동),ソウル特別市麻浦区東京路23ギル40（東京洞）
박상민 LOVE 콘서트 [전주],パク・サンミンLOVEコンサート[全州]
빨간 모자와 늑대 [진주],赤い帽子とオオカミ[真珠]
DKB FAN-CON: BLACK OUT,DKB FAN-CON: BLACK OUT
KIMSUNGKYU LIVE: LV4: Leap to Vector,KIMSUNGKYU LIVE: LV4: Leap to Vector
우리 아빠가 최고야 [구리],私のお父さんは最高です[銅]
구리아트홀 유채꽃소극장,グリアトホール菜の花小劇場
로맨틱톡2,ロマンチックトーク2
라푼젤 [구리],ラプンツェル[銅]
레이 첸 바이올린 리사이틀,レイチェンバイオリンリサイタル
더: 매직서커스 [고양],もっと：マジックサーカス[猫]
안네 프랑크,アンネ・フランク
창단10주년 성신 피아노 소사이어티 기념 연주회,創団10周年聖神ピアノソサエティ記念演奏会
윤기훈 귀국 피아노 독주회,ユン・ギフン帰国ピアノソロ
얼떨결에 종언,いつもの終焉
산울림소극장,サンウリム小劇場
서울특별시 마포구 와우산로 157 (서교동),ソウル特別市麻浦区和傘路157（ソギョドン）
"살롱콘서트 휴, 추다혜차지스",サロンコンサートヒュー、チュダヘチャジス
인천문화예술회관 복합문화공간,仁川文化芸術会館複合文化空間
"살롱콘서트 휴, 주혜린",サロンコンサートヒュー、チュ・ヘリン
디즈니 인 콘서트: Beyond the Magic,ディズニーインコンサート：Beyond the Magic
백건우 피아노 리사이틀 [당진],ペクゴンウピアノリサイタル[唐津]
"당진Arte 11, 이금희의 더불어 살며 헤아리며 Ⅱ. 인간관계 (4월)",唐津Arte 11、イ・グムヒの生きている。人間関係（4月）
당진문예의전당 소공연장,唐津文芸殿堂小公演場
충남 당진시 당진중앙2로 69,忠南唐津市唐津中央2路69
에릭 루 피아노 리사이틀,エリック・ル・ピアノ・リサイタル
싱긴어게인 (SING+BEGIN AGAIN) 콘서트,シンギンゲイン（SING+BEGIN AGAIN）コンサート
동대문구체육관,東大門区体育館
서울특별시 동대문구 답십리로 210-3 (답십리동),ソウル特別市東大門区ダプシリロ210-3（ダプシリドン）
"ACC 브런치콘서트 플러스, 김영하 작가의 음악 (4월)",ACCブランチコンサートプラス、キム・ヨンハ作家の音楽（4月）
"살롱콘서트 휴, 서울전자음악단",サロンコンサートヒュー、ソウル電子音楽団
"살롱콘서트 휴, 사뮈 (Samui)",サロンコンサートヒュー、サミュ（サムイ）
한글용사 아이야 새로운 이야기: 달라도 친구야!,ハングル勇者アイヤ新しい話：違っても友達だ！
세상의 모든 아침 영화음악 콘서트,世界のすべての朝の映画音楽コンサート
빨간모자와 늑대 [대구 달성],赤い帽子とオオカミ[大邱達成]
달성문화원,達成文化院
대구광역시 달성군 현풍면 현풍동로 92,大邱広域市達成郡県風面県風洞92
CHILDREN ARE STINKY (칠드런 아 스팅키) [이천],CHILDREN ARE STINKY (チルドレン・アスティンキー) [利川]
이천아트홀 소공연장,利川アートホール小公演場
제33회 서울시민교향악단 정기연주회 [부천],第33回ソウル市民交響楽団定期演奏会[富川]
"변진섭 전국투어 콘서트, 변천사 시즌 2.5: 시간여행",ビョンジンソプ全国ツアーコンサート、変天使シーズン2.5：時間旅行
김장훈 전국투어 콘서트: 원맨쇼 [하남],キム・ジャンフン全国ツアーコンサート：ワンマンショー[ハナム]
"NT Live, 햄릿 (영상화)",NT Live、ハムレット（ビデオ）
패닉 콘서트: PANIC IS COMING,パニックコンサート：PANIC IS COMING
The 심수봉 SHOW,The シムスボン SHOW
너의 이름은. 필름 콘서트,あなたの名前は。フィルムコンサート
ONEUS FANCON: Welcome to US‘s ISLAND,ONEUS FANCON: Welcome to US’s ISLAND
"살롱콘서트 휴, 문미향",サロンコンサートヒュー、ムンミ
국립합창단 CLASSIC SERENADE [오산],国立合唱団 CLASSIC SERENADE [五山]
바냐삼촌,バーニャおじさん
신데렐라 [남양주],シンデレラ[南楊州]
ONE NIGHT LIVE: ONL Vol.1 Daybreak,ONE NIGHT LIVE: ONL Vol.1 Daybreak
아기돼지 삼형제의 요절복통 콘테스트 [김포],赤ちゃん豚三兄弟の尿節腹痛コンテスト[金浦]
통진두레문화센터 두레홀,トンジンドゥレ文化センタードゥレホール
경기 김포시 통진읍 대곶2로 35,京畿道金浦市トンジン邑大岬2路35
리멤버,リメンバー
라푼젤 [서울 구로],ラプンツェル[ソウル九老]
"빅3 시즌2, 행복한 만남: 강진, 김용임, 진성",ビッグ3シーズン2、幸せな出会い：カン・ジン、キム・ヨンイム、ジンソン
박현빈 첫 단독 전국투어 콘서트: 더 쇼맨 (THE SHOWMAN) [강릉],パク・ヒョンビン初の単独全国ツアーコンサート：ザ・ショーマン（THE SHOWMAN）[江陵]
강릉원주대학교 해람문화관 해람홀,江陵原州大学ハラム文化館ハラムホール
강원특별자치도 강릉시 죽헌길 7,江原特別自治道江陵市竹憲道7
두들팝 [거제],ドゥドルポップ[巨済]
제134회 경주시립극단 정기공연: 하얀앵두,第134回慶州市立劇団定期公演：ホワイトアンドゥ
파시오네트: 차이콥스키 교향곡 5번,パシオネット：チャイコブスキー交響曲第5番
제117회 원주시립합창단 정기연주회 [원주],第117回原州市立合唱団定期演奏会[原州]
원주치악예술관,原州歯科芸術館
안성훈 첫번째 단독콘서트: ANYMATION,アン・ソンフン初のソロコンサート：ANYMATION
"Dear, Spring 정승환 X 정인 콘서트 [경주]",Dear、Springチョン・スンファンXチョンインコンサート[レース]
클로이,クロエ
사이버매직쇼,サイバーマジックショー
"거제 어린이 공연 주간, 슈퍼거북 슈퍼토끼 [거제]",巨済子供公演週間、スーパーカメスーパーウサギ[巨済]
"EUNHYUK FANCON, be: WARE OF THE RABBIT","EUNHYUK FANCON, be: WARE OF THE RABBIT"
팥죽할멈과 호랑이 [군포],あずき止めと虎[軍砲]
군포시평생학습원 상상극장,郡浦市生涯学習院想像劇場
경기 군포시 고산로 263,京畿道郡浦市高山路263
비밥 [성주],ビバップ[ソンジュ]
성주문화예술회관 대공연장,城州文化芸術会館大公演場
경북 성주군 성주읍 성산9길 45,慶北城州郡城州邑城山9ギル45
YB REMASTERED 3.0: Odyssey,YB REMASTERED 3.0: Odyssey
블루 초코 블루스 [대학로],ブルーチョコブルース [大学路]
바로크비올리스트 장민경의 The Bach Ⅲ,バロックビオリストチャン・ミンギョンのThe Bach III
"대구시립무용단 기획공연, 스테이지 모빌리티 커넥션",大邱市立舞踊団企画公演、ステージモビリティコネクション
"네덜란드 댄스 시어터 (NDT1) , 필름 스크리닝: 미스트",オランダのダンスシアター（NDT1）、フィルムスクリーニング：ミスト
누가 내 머리에 똥 쌌어? [서울 강북],誰が私の頭にうんざりした？ [ソウル江北]
사이버 매직쇼 [포항],サイバーマジックショー[浦項]
흥부와 놀부 [서울 도봉],興富とノルブ[ソウルドボン]
슈퍼히어로와 함께 하는 어린이날 영화음악 콘서트: 헐리우드 블록버스터 & 디즈니 & 지브리 영화음악,スーパーヒーローとのこどもの日映画音楽コンサート：ハリウッドブロックバスター＆ディズニー＆ジブリ映画音楽
우리 아빠가 최고야 [부천],私のお父さんは最高です[富川]
현대백화점 문화홀,現代百貨店文化ホール
경기도 부천시 원미구 길주로 180 (중동),京畿道富川市原美区吉祥路180（中東）
"멜로우TV: Run it up, 팀 나빠 [춘천]","メローTV: Run it up, チーム悪い [春川]"
한림대학교 일송아트홀,ハンリム大学イルソンアートホール
강원도 춘천시 한림대학길 1,江原道春川市漢林大学道1
"멜로우TV: Run it up, 팀 나빠 [원주]","メローTV: Run it up, チーム悪い [原州]"
제24회 천안시립무용단 정기공연 [천안],第24回天安市立舞踊団定期公演[天安]
헬로카봇 스페셜 시즌9: 전설의 용사를 찾아서,ハローカーボットスペシャルシーズン9：伝説の勇者を探して
아기돼지삼형제: 늑대숲또옹돼지원정대 [안산],赤ちゃん豚三兄弟：オオカミの森また擁豚遠征隊[安山]
푸른 사자 와니니 [익산],青獅子ワニーニ [益山]
"멜로우TV: Run it up, 팀 나빠 [창원]",メローTV：Run it up、チーム悪い[チャンウォン]
경상남도 창원시 의창구 중앙대로 178 (신월동),慶尚南道昌原市義昌区中央大路178（新月洞）
급식왕2: 좀비가 나타났다 [고양],給食王2：ゾンビが現れた [猫]
슈퍼히어로와 함께 하는 어린이날 영화음악 콘서트: 헐리우드 블록버스터&디즈니&지브리 FESTA [고양],スーパーヒーローとのこどもの日映画音楽コンサート：ハリウッドブロックバスター＆ディズニー＆ジブリFESTA [猫]
고양아람누리 아람음악당,高陽アラムヌリアラム音楽堂
"다미앵 잘레 X 코헤이 나와, 프리즘",ダミアン・ザレーXコヘイナワ、プリズム
이은결: META [안양],イ・ウンギル：META [安養]
안양아트센터 관악홀,安養アートセンター管楽ホール
경기 안양시 만안구 문예로36번길 16,京畿道安養市万安区文芸路36番ギル16
Echoes Weekend (에코즈 위켄드),Echoes Weekend (エコーズ・ウィケンド)
임재범 40주년 콘서트: 나는 임재범이다 [서울 (앵콜) ],イム・ジェボム40周年コンサート：私はイム・ジェボム[ソウル（アンコール）]
"롤링 31주년 기념공연, 올티 단독콘서트: 빠른 년생",ローリング31周年記念公演、オールティ単独コンサート：早い年生
사이버 매직쇼 [목포],サイバーマジックショー[木浦]
사이버 매직쇼 [순천],サイバーマジックショー[順天]
Japan 애니메이션 OST 콘서트,日本アニメOSTコンサート
노인의 꿈 [용인],高齢者の夢[龍仁]
꼬마박사 장영실 [당진],ちび博士チャン・ヨンシル[唐津]
디즈니 인 콘서트: Beyond the Magic [화성],ディズニーインコンサート：Beyond the Magic [火星]
"환상가족음악극, 리틀 뮤지션 스페셜",ファンタジー家族音楽劇、リトルミュージシャンスペシャル
꼬마박사 장영실 [김포],子供博士チャン・ヨンシル[金浦]
히스토리 보이즈 [대학로],ヒストリーボーイズ [大学路]
링크아트센터 페이코홀,リンクアートセンターフェイコホール
프린세스 공주,プリンセスプリンセス
오즈의 마법사 [서울 양천],オズの魔法使い [ソウルヤンチョン]
불편한 편의점1,不便なコンビニ1
KNN시어터,KNNシアター
부산광역시 해운대구 센텀서로 30 KNN타워,釜山広域市海雲台区センタムソロ30 KNNタワー
"파이프오르간 시리즈, 이사벨 드메르 & 션 위안: 포핸즈",パイプオルガンシリーズ、イザベル・ドメール＆シャン・ユアン：フォーハンズ
슈퍼디바 적우 콘서트,スーパーディーバの赤いコンサート
조선대학교 해오름관대강당,朝鮮大学海上管大講堂
광주 동구 조선대길 146,光州東区朝鮮大道146
"서리풀 고음악 시리즈, Bach in Blue",冷ややかな高音楽シリーズ、Bach in Blue
알파블록스 [화성],アルファブロック[火星]
번개맨 시즌2: 번개맨! VS 번개맨? [전주],Lightningman Season 2：Lightningman！ VS雷マン？ [全州]
꼬마버스 타요: 소원을 들어주는 요술 지팡이 대소동,子供バスタヨ：願いを聞く魔術杖大騒動
"파이프오르간 시리즈, 카롤 모사코프스키 리사이틀",パイプオルガンシリーズ、カロルモサコフスキーリサイタル
"파이프오르간 시리즈, 토마 오스피탈 리사이틀",パイプオルガンシリーズ、トマオスピタルリサイタル
프린세스 캐치! 티니핑 [여수],プリンセスキャッチ！ティニピング[麗水]
아기돼지 삼형제 [구리],赤ちゃん豚三兄弟[銅]
"yanaginagi live tour, Green Light in Seoul","yanaginagi live tour, Green Light in Seoul"
넘버블록스 [고양 (앵콜) ],ナンバーブロック[猫（アンコール）]
제42회 굿모닝콘서트: 서정이 꽃구름처럼 번지는 시간,第42回グッドモーニングコンサート：叙情が花雲のように広がる時間
지브리 & 디즈니 영화음악 오케스트라 콘서트 [춘천],ジブリ＆ディズニー映画音楽オーケストラコンサート[春川]
"창작산실, 박용휘: 봄을 안고 온 아이",創作産室、パク・ヨンフィ：春を抱いてきた子供
"M 초이스, 비기닝 [서울 마포]",Mチョイス、ビギニング[ソウル麻浦]
ONE PACT at SKOOLCON,ONE PACT at SKOOLCON
아기돼지 삼형제 [서울 구로],赤ちゃん豚三兄弟[ソウル九老]
우리 아빠가 최고야 [수원],私のお父さんは最高です[水原]
"롤링 31주년 기념공연, 오아! 단독 콘서트",ローリング31周年記念公演、オア！単独コンサート
헤이그 [대학로],ハーグ [大学路]
유니플렉스 1관(대극장),ユニフレックス1館（大劇場）
첼로가야금 [수원],チェロガヤグム[水原]
"스페니쉬 브라스, 러 메탈스 초청 연주회 [강원 동해]",スペニッシュブラス、ラメタルズ招待コンサート[江原東海]
동해문화예술회관 대공연장,東海文化芸術会館大公演場
오정현 더블베이스 독주회,オ・ジョンヒョンダブルベースソロ
tripleS: My Secret New Zone,tripleS: My Secret New Zone
지브리와 사랑에 빠지다: 지브리 영화음악 콘서트 [공주],ジブリと恋に落ちる：ジブリ映画音楽コンサート[プリンセス]
라푼젤 [포항],ラプンツェル [浦項]
더 매직 드로잉쇼 [광명],ザマジック描画ショー[光明]
넘버블록스,ナンバーブロック
김시라의 품바: Original [밀양],キム・シラのプンバ: Original [密陽]
"각별한 콘서트, 허각 & 임한별",格別なコンサート、虚角＆臨韓星
제91회 코리아나 챔버 뮤직 소사이어티 정기연주회: 음색으로 채운 팔레트,第91回コリアナチャンバーミュージックソサエティ定期演奏会：音色で満たしたパレット
최형배 마술사의 꿈꾸는 매직문 [거제],チェ・ヒョンベの魔術師の夢を見るマジックムーン[巨済]
"인천시립무용단 기획공연, InsideOut: 안무가들",仁川市立舞踊団企画公演、InsideOut：振付家たち
"최백호 50주년 콘서트: 낭만의 50년, 시간의 흔적을 노래하다 [의정부]",チェ・ベクホ50周年コンサート：ロマンの50年、時間の痕跡を歌う [議政府]
"판소리 레미제라블, 구구선 사람들 [수원]",パンソリレミゼラブル、グーグラインの人々[水原]
슈퍼윙스: 초능력 곤충 대소동,スーパーウィングス：超能力昆虫大騒動
뽀로로와 신비한 여행 [창원],ポロロと神秘的な旅[昌原]
이은결: META,イ・ウンギル：META
갓 (GAT) [하남],ガッド（GAT）[ハナム]
울산시립교향악단 교향악축제 참가 시민 특별음악회: 용기와 승리의 여정 Journeys of Courage and Triumph,蔚山市立交響楽団交響楽祭参加市民特別音楽会：勇気と勝利の旅 Journeys of Courage and Triumph
지브리 & 디즈니 오케스트라 콘서트 [서울 서대문],ジブリ＆ディズニーオーケストラコンサート[ソウル西大門]
피터팬 [서울 양천],ピーターパン[ソウルヤンチョン]
넌센스 [군산],ナンセンス [群山]
매직키즈 서커스쇼 [성남],マジックキッズサーカスショー[城南]
꼬마버스 타요: 소원을 들어주는 요술 지팡이 대소동 [부천],子供バスタヨ：願いを聞く魔術杖大騒動[富川]
"디즈니, 픽사 & 드림웍스 OST 콘서트",ディズニー、ピクサー＆ドリームワークスOSTコンサート
"멜로우TV: Run it up, 팀 나빠","メローTV: Run it up, チーム悪い"
"최고다 호기심딱지 시즌4, 피사총사: 우리 몸은 우리가 지킨다!",最高の好奇心が強いシーズン4、ピサ銃士：私たちの体は私たちが守る！
성남아트센터 오후의 콘서트: 센 강 위의 멜로디 (5월),城南アートセンター午後のコンサート：千川上のメロディ（5月）
성남아트센터 오후의 콘서트: 수요재즈클럽 (11월),城南アートセンター午後のコンサート：需要ジャズクラブ（11月）
정악단 기획공연: 이습회 1932,正楽団企画公演: 李習会 1932
"EXO PLANET #6, EXhOrizon","EXO PLANET #6, EXhOrizon"
올림픽공원 KSPO DOME(체조경기장),オリンピック公園KSPO DOME（体操競技場）
"최고다 호기심딱지 시즌4, 피사총사: 우리 몸은 우리가 지킨다! [전주]",最高の好奇心が強いシーズン4、ピサ銃士：私たちの体は私たちが守る！ [全州]
보이스 오브 팬텀: 리베란테,ボイスオブファントム：リベランテ
"데뷔 60주년 기념공연, 남진 전국투어 콘서트 [용인]",デビュー60周年記念公演、南進全国ツアーコンサート[龍仁]
"최고다 호기심딱지 시즌4, 피사총사: 우리 몸은 우리가 지킨다! [제천]",最高の好奇心が強いシーズン4、ピサ銃士：私たちの体は私たちが守る！ [済川]
빨간 모자와 늑대,赤い帽子とオオカミ
"성남아트센터 오후의 콘서트: 속삭이는 파도, 보사노바의 리듬 (6월)",城南アートセンター午後のコンサート：ささやく波、ボサノヴァのリズム（6月）
성남아트센터 오후의 콘서트: 쇼팽과 폴란드의 선율 (10월),城南アートセンター午後のコンサート：ショパンとポーランドの旋律（10月）
틀려도 괜찮아 [파주],間違っても大丈夫[坡州]
렛잇고3,レッティゴ3
조항조 전국투어 콘서트: 생각 [용인],条項組全国ツアーコンサート：思考[龍仁]
"변진섭 전국투어 콘서트, 변천사 시즌 2.5: 시간여행 [용인]",ビョンジンソプ全国ツアーコンサート、変天使シーズン2.5：時間旅行[ヨンイン]
이영현 콘서트: 나의 노래가 필요한 너에게 - 숨 [용인],イ・ヨンヒョンコンサート：私の歌が必要なあなたに - 息[龍仁]
"이찬원 콘서트, 찬가: 찬란한 하루 [서울 (앵콜) ]",イ・チャンウォンコンサート、チャンガ：爽やかな一日[ソウル（アンコール）]
THE 이재훈 전국투어콘서트: Come on [안산],THEイ・ジェフン全国ツアーコンサート：Come on [安山]
"GS칼텍스 예울마루 브런치콘서트, 클래식과 함께 하는 미술관 여행 [여수]",GSカルテックスエールマルブランチコンサート、クラシックと一緒にする美術館旅行[麗水]
심준호 첼로 리사이틀,シム・ジュノ・チェロ・リサイタル
부산콘서트홀 챔버홀,釜山コンサートホールチャンバーホール
부산 수영구 민락수변로 10,釜山水泳区民楽水辺路10
급식왕2: 좀비가 나타났다,給食王2：ゾンビが現れた
스노우 버블쇼,スノーバブルショー
셰본 내한공연,シェボン来韓公演
인어공주 [익산],人魚姫[益山]
몽유도원 [서울 송파],モンユドウォン[ソウル松坡]
잠자는 숲속의 공주,眠れる森の王女
갓 (GAT),ガット（GAT）
정재욱 콘서트,チョン・ジェウクコンサート
나의 비밀친구 해치,私の秘密の友達ハッチ
"최고다 호기심딱지 시즌4, 피사총사: 우리 몸은 우리가 지킨다! [고양]",最高の好奇心が強いシーズン4、ピサ銃士：私たちの体は私たちが守る！ [猫]
꼬마박사 장영실 [하남],子供博士チャン・ヨンシル[ハナム]
"성남아트센터 오후의 콘서트: 탱고, 한낮의 열정 (9월)",城南アートセンター午後のコンサート：タンゴ、昼と昼の情熱（9月）
김종엽 귀국 튜바 독주회,キム・ジョンヨプ帰国チューバソロ
성남아트센터 오후의 콘서트: Viva Italia! 오페라 갈라 콘서트 (12월),城南アートセンター午後のコンサート：Viva Italia！オペラガラコンサート（12月）
포켓다이노 [군포],ポケットダイノ [軍砲]
"M 초이스, 이자람 판소리 갈라: 작창 2007/2015","M Choice, ジャラム・パンソリ・ガラ: 作創 2007/2015"
"NuNew 1st Concert, Dream Catcher: THE FINAL CHAPTER","NuNew 1st Concert, Dream Catcher: THE FINAL CHAPTER"
진성 단독 토크콘서트: 진성쑈 [안산],ジンソンソロトークコンサート：ジンソンソン[安山]
"10CM Asia Tour, To 10CM: Chapter 1","10CM Asia Tour, To 10CM: Chapter 1"
트리오 오원 리사이틀,トリオオウォンリサイタル
"영등포아트홀 기획공연, 어슬렁 어슬렁 콘서트: 정우의 봄",永登浦アートホール企画公演、オスロン
"유니버설발레단, 돈키호테 [서울 강동]",ユニバーサルバレエ団、ドン・キホーテ[ソウル江東]
모든 날 모든 순간,すべての日すべての瞬間
기분좋은극장,心地よい劇場
광주 서구 상무중앙로 90,光州西区商務中央路90
THE 이재훈 전국투어콘서트: Come on,THEイ・ジェフン全国ツアーコンサート：Come on
피노키오 [안산],ピノキオ[安山]
"최백호 50주년 콘서트: 낭만의 50년, 시간의 흔적을 노래하다",チェ・ベクホ50周年コンサート：ロマンの50年、時間の痕跡を歌う
국립오페라단 정기공연: 베르테르,国立オペラダン定期公演：ベルテル
피노키오 [서울 도봉],ピノキオ[ソウルドボン]
피터팬 [포항],ピーターパン[浦項]
"교향극 어린이 음악동화, 음악나라: 오케스트라",交響劇の子供の音楽おとぎ話、音楽の国：オーケストラ
버블J의 언빌리버블쇼 [군포],バブルJのアンビリーバブルショー[軍砲]
지브리와 사랑에 빠지다: 지브리 영화음악 콘서트 [사천],ジブリと恋に落ちる：ジブリ映画音楽コンサート[四川]
"최백호 50주년 콘서트: 낭만의 50년, 시간의 흔적을 노래하다 [안산]",チェ・ベクホ50周年コンサート：ロマンの50年、時間の痕跡を歌う [安山]
피터팬 [서울 도봉],ピーターパン[ソウルドボン]
우리 아빠가 최고야 [전주],私のお父さんは最高です[全州]
베자르 발레 로잔 with 김기민,ベザールバレエローザンヌとキム・ギミン
슈가 SUGAR,シュガーSUGAR
"국립남도국악원 토요상설: 국악이 좋다, 더늠공작소 초청공연: 이어가 (哥) 다",国立南道国楽院東洋常設：国楽が良い
국립남도국악원 진악당,国立南道国楽院ジナク党
전남 진도군 임회면 진도대로 3818,全羅南道珍島郡臨会面ジンドデ3818
"국립남도국악원 토요상설: 국악이 좋다, 국립남도국악원 국악연주단: 국악의 향연",国立南道国楽院東洋常設：国楽が良い、国立南道国楽院国楽演奏団：国楽の饗宴
뚝딱하니 어흥! [부천],パチパチだから漁興！ [富川]
복사골문화센터 판타지아극장,コピーゴール文化センターファンタジア劇場
"만X만한 연극 시리즈3, 동백당: 빵집의 사람들 [천안]",万X万の演劇シリーズ3、椿党: パン屋の人々 [天安]
천안예술의전당 소공연장,天安芸術の殿堂小公演場
더 픽션 [부천],ザフィクション[富川]
현역가왕3 전국투어 콘서트 [청주],現役歌王3全国ツアーコンサート[清州]
청주대학교 석우문화체육관,清州大学スクウ文化体育館
충북 청주시 청원구 율량동 430,忠北清州市清原区ユルヤンドン430
지브리 하우스 콘서트: 노을이 지는 저녁에,ジブリハウスコンサート：夕暮れ時の夕方
"부천문화재단 어린이공연, 고양이 이야기",富川文化財団子供公演、猫物語
"스웨그에이지 외쳐, 조선! [고양]",スウェグエイジ叫び、朝鮮！ [猫]
인태영 바순 독주회,インテヨンバスンソロ
"해설이 있는 11시 콘서트, 바리톤 김동섭, 테너 강동명, 메조소프라노 장은 (3월)",解説のある11時コンサート、バリトン・キム・ドンソプ、テナーカン・ドンミョン、メゾソプラノチャンウン（3月）
피터팬 [부천],ピーターパン[富川]
브리즈앙상블과 엘로퀸텟의 모차르트 시리즈 [부천],ブリスアンサンブルとエロキンテットのモーツァルトシリーズ[富川]
"만x만한 연극 시리즈2, 밀정리스트 [천안]",万x万年劇シリーズ2、密正リスト[天安]
피노키오 [양산],ピノキオ [量産]
THE 이재훈 전국투어콘서트: Come on [용인],THEイ・ジェフン全国ツアーコンサート：Come on [龍仁]
"해설이 있는 11시 콘서트, 색소포니스트 브랜든 최 (4월)",解説のある11時コンサート、サクソフォニストブランドンチェ（4月）
라푼젤 [의정부],ラプンツェル[議政府]
의정부예술의전당 소극장,議政府芸術の殿堂小劇場
경기 의정부시 의정로 1,京畿道ウィジョンブ市ウィジョンロ1
"해설이 있는 11시 콘서트, 피아니스트 김도현 (5월)",解説のある11時コンサート、ピアニストキム・ドヒョン（5月）
인어공주 [양주],人魚姫[揚州]
지브리와 사랑에 빠지다: 지브리 영화음악 콘서트 [익산],ジブリと恋に落ちる：ジブリ映画音楽コンサート[益山]
KIK ASIA TOUR,KIK ASIA TOUR
"만x만한 연극 시리즈1, 뚱뚱한 로미오를 사랑한 줄리엣 [천안]",万x万の演劇シリーズ1、太ったロミオを愛したジュリエット[天安]
오리지널 과학마술콘서트 시즌2,オリジナル科学マジックコンサートシーズン2
NCT WISH 1st CONCERT TOUR INTO THE WISH: Our WISH [서울 (앵콜) ],NCT WISH 1st CONCERT TOUR INTO THE WISH: Our WISH [ソウル (アンコール) ]
Kohana Lam Acoustic One Man Live: Time With You,Kohana Lam Acoustic One Man Live: Time With You
라푼젤 [인천 서구],ラプンツェル[仁川西区]
"당진Arte 11, 이금희의 더불어 살며 헤아리며 Ⅰ. 탄생 340주년 바흐와 헨델의 서로 다른 인생 (3월)",唐津Arte 11、イ・グムヒの生きて数えてⅠ。誕生340周年バッハとヘンデルの異なる人生（3月）
매직키즈마술쇼 [부산 해운대],マジックキッズマジックショー[釜山海雲台]
부산광역시 해운대구 센텀남대로 35 (우동),釜山広域市海雲台区センタム南大路35（うどん）
바이올리니스트 김혜란의 바이올린 이모션 9 (Violin Emotion Ⅸ),ヴァイオリニスト キム・ヘランのヴァイオリンエモーション9 (Violin Emotion Ⅸ)
"멜론 심포니 오케스트라 (MelON) , 지브리 & 뮤지컬 갈라 오케스트라 콘서트 [고양]",メロン交響楽団（MelON）、ジブリ＆ミュージカルガラオーケストラコンサート[猫]
노인의 꿈 [춘천],高齢者の夢[春川]
"멜론 심포니 오케스트라 (MelON) , 지브리 & 뮤지컬 갈라 오케스트라 콘서트",メロン交響楽団（MelON）、ジブリ＆ミュージカルガラオーケストラコンサート
신데렐라 [여수],シンデレラ[麗水]
진남문예회관,ジンナム文芸会館
전라남도 여수시 좌수영로 69 (광무동 42-4),全羅南道麗水市左水泳路69（光武洞42-4）
"대전시립교향악단 마스터즈 시리즈 5, 슈만 교향곡 제2번",大田市立交響楽団マスターズシリーズ5、シューマン交響曲第2番
"대전시립교향악단 마스터즈 시리즈 8, 쇼스타코비치 교향곡 제7번: 레닌그라드",大田市立交響楽団マスターズシリーズ8、ショースタコビッチ交響曲第7番：レニングラード
백건우 피아노 리사이틀: 백건우 & 슈베르트 [춘천],ペクゴンウピアノリサイタル：ペクゴンウ＆シューベルト[春川]
라푼젤 [김포],ラプンツェル[金浦]
설민석의 한국사 대모험: 안중근,ソルミンソクの韓国史大冒険：安重根
"대전시립교향악단 마스터즈 시리즈 10, 송년음악회: 베토벤 교향곡 제9번 합창",大田市立交響楽団マスターズシリーズ10、松年音楽会：ベートーヴェン交響曲第9番合唱
"대학로 명품 연극시리즈, 뷰티풀 라이프 [거제]",大学路高級演劇シリーズ、ビューティフルライフ[巨済]
거제문화예술회관 소극장,巨済文化芸術会館小劇場
지브리와 사랑에 빠지다: 지브리 영화음악 콘서트 [의정부],ジブリと恋に落ちる：ジブリ映画音楽コンサート[ウィジョンブ]
"대전시립교향악단 마스터즈 시리즈6, 생상스 교향곡 제3번: 오르간",大田市立交響楽団マスターズシリーズ6、サンサンズ交響曲第3番：オルガン
지브리 & 디즈니 OST 콘서트 with 첼로댁 [천안],ジブリ＆ディズニーOSTコンサート with チェロダン [天安]
꼬마버스 타요: 소원을 들어주는 요술 지팡이 대소동 [의정부],子供バスタヨ：願いを聞く魔術杖大騒動[議政府]
제91회 천안시충남국악관현악단 정기연주회 [천안],第91回天安市忠南国楽館弦楽団定期演奏会[天安]
100층짜리 집,100階建ての家
"ACC 브런치콘서트, 서울발레시어터: 발레로의 초대",ACCブランチコンサート、ソウルバレシアター：バレロの招待
이은결: META [창원],イ・ウンギル：META [昌原]
100층짜리 집 [창원],100階建ての家 [昌原]
"태권, 날아올라 [서울 용산]",テコン、飛ぶ[ソウル龍山]
백설공주 [진주],白雪姫[真珠]
히사이시 조 영화음악 콘서트 [전주],久石城映画音楽コンサート[全州]
제네바 챔버 앙상블,ジュネーブチャンバーアンサンブル
피노키오 [인천 수봉],ピノキオ[仁川スボン]
인천수봉문화회관 소극장,仁川スボン文化会館小劇場
인천 미추홀구 수봉안길 78,仁川ミチューホール区スボンアンギル78
정선아리랑 토요상설공연: 뗏꾼,チョン・ソンアリとトヨー常設公演：いかだ
흥부와 놀부 [하남],興富とノルブ[ハナム]
바다탐험대 옥토넛 시즌4: 숨겨진 보물을 찾아라!,海探検隊オクトーナッツシーズン4：隠された宝物を見つけよう！
피노키오 [서울 구로],ピノキオ[ソウル黒]
버블쇼 [서울 구로],バブルショー[ソウル九老]
어린이 서커스 쇼 [순천],子供サーカスショー [順天]
라푼젤 [양주],ラプンツェル[揚州]
미녀와 야수 [서울 강남],美女と野獣 [ソウル江南]
강남구민회관 강당,江南区民会館講堂
서울 강남구 삼성로 154,ソウル江南区サムスンロ154
벌레 [대학로],虫 [大学路]
스튜디오 블루,スタジオブルー
라푼젤 [거제],ラプンツェル[巨済]
사과가 쿵! [군포],りんごがカンク！ [軍砲]
민수 클럽 투어,ミンスクラブツアー
처치앤댄스홀,チャーチ＆ダンスホール
대전광역시 중구 대흥로139번길 38 (대흥동),大田広域市中区大興路139番ギル38（大興洞）
김경아의 피리세계: 金聲玉振 (금성옥진),キム・ギョンアのフルート世界：金聲玉振（金星玉津）
라푼젤 [남양주],ラプンツェル[南楊州]
남양주 어린이비전센터 다목적강당,南楊州子供ビジョンセンター多目的講堂
경기 남양주시 진접읍 금곡리 1077,京畿道南楊州市陳接邑金谷里1077
우주매직쇼 [오산],宇宙マジックショー[オサン]
로보카폴리: 브룸스타운의 에너지를 지켜라! [성남],ロボカポリ：ブルームスタウンのエネルギーを守れ！ [城南]
"비바브라보 2nd 콘서트: 신유, 김수찬 THE MEN OF TROT",ビバブラボー2ndコンサート：シンユ、キム・スチャンTHE MEN OF TROT
고영열 전국 투어 미니콘서트,高永熱全国ツアーミニコンサート
공간울림연주홀,空間響演奏ホール
대구광역시 수성구 범안로64길 18-9 (삼덕동),大邱広域市水城区汎安路64ギル18-9（サムドクドン）
더벨과 함께하는 Musical & Symphony,ダベルと一緒に音楽＆シンフォニー
"비바브라보 2nd 콘서트: 미스트롯3 TOP7 Last Dance, Final Stage",ビバブラボ2ndコンサート：ミスト3 TOP7 Last Dance、Final Stage
"클래식시리즈, 산책 Ⅰ. 박규희 & 양방언 듀오 콘서트: 두 개의 빛",クラシックシリーズ、散歩Ⅰ。パク・ギュヒ＆双方言デュオコンサート：2つの光
지브리와 사랑에 빠지다: 지브리 영화음악 콘서트 [부산 (앵콜) ],ジブリと恋に落ちる：ジブリ映画音楽コンサート[釜山（アンコール）]
뽀로로와 신비한 여행,ポロロと神秘的な旅
베토벤 & 라흐마니노프 [부천],ベートーヴェン＆ラフマニノフ[富川]
"마티네콘서트, 이응광의 음악공방 2nd, 피아니스트 성해린 & 피아니스트 이선호 [이천]",マティネコンサート、イ・ウングァンの音楽工房2nd、ピアニストソン・ヘリン＆ピアニストイ・ソンホ[利川]
누가 내 머리에 똥 쌌어 [이천],誰が私の頭にたわごとを包んだ[利川]
민수 클럽 투어 [전주],ミンスクラブツアー[全州]
레드피아노,レッドピアノ
전북특별자치도 전주시 완산구 홍산남로 59-17 (효자동3가),全北特別自治道全州市湾山区洪山南路59-17（孝子洞3街）
Leina Live Tour: Jellyfish,Leina Live Tour: Jellyfish
프린세스 캐치! 티니핑 [안성],プリンセスキャッチ！ティニピング[安城]
"변진섭 전국투어 콘서트, 변천사 시즌2.5: 시간여행 [밀양]",ビョンジンソプ全国ツアーコンサート、変天使シーズン2.5：時間旅行[密陽]
유리상자 콘서트: 꽃을 든 상자,ガラス箱コンサート：花を持つボックス
"브런치콘서트, JAZZ in White: 2 Piano Prism [안동] (5월)",ブランチコンサート、JAZZ in White: 2 Piano Prism [安東] (5月)
안동문화예술의전당 백조홀,安東文化芸術の殿堂白鳥ホール
경북 안동시 축제장길 66,慶北安東市祭り場道66
"연극만원3, 망원동 브라더스 [성남]",演劇満員3、望遠洞ブラザーズ[城南]
찰리빈웍스 단독공연: 봄소풍,チャーリーヴィンワークス単独公演：春のピクニック
"연극만원2, 칼로막베스 [성남]",演劇満員2、カロマクベス[城南]
제네바 쳄버 앙상블 내한공연 [안동],ジュネーブチェンバーアンサンブル内韓公演[安東]
안동문화예술의전당 웅부홀,安東文化芸術の殿堂ウンブホール
경북 안동시 안흥동 373-4,慶北安東市安興洞373-4
친정엄마와 2박3일 [인천 부평],親情母と2泊3日[仁川富平]
부평아트센터 해누리극장,富平アートセンターハヌリ劇場
인천 부평구 아트센터로 166,仁川富平区アートセンター166
"안동문화예술의전당 브런치콘서트, 시대별 클래식 시리즈 - 바로크의 아침 Ⅱ. 비발디, 베네치아에서 세계로 (4월)",安東文化芸術の殿堂ブランチコンサート、時代別クラシックシリーズ - バロックの朝Ⅱ。ビバルディ、ベネチアから世界へ（4月）
"연극만원5, 시뮬라시옹",演劇万ウォン5、シミュレーション
"연극만원4, 들꽃 [성남]",演劇満員4、野花[城南]
"데뷔 60주년 기념공연, 남진 전국투어 콘서트 [밀양]",デビュー60周年記念公演、南進全国ツアーコンサート[密陽]
브레드이발소: 브레드와 윌크의 세계여행,ブレッド理髪店：ブレッドとウィルクの世界旅行
"문화가 있는 날 콘서트, 만남의 광장 [안동]",文化のある日コンサート、出会いの広場[安東]
"브런치콘서트, 고전주의의 우아함 Ⅰ: The Wood Wind [안동] (6월)",ブランチコンサート、古典主義の優雅さⅠ：The Wood Wind [安東]（6月）
낭만합창단 첫 번째 정기연주회: 머나먼 길 [성남],ロマンチック合唱団の最初の定期演奏会：遠い道[城南]
"마스터즈 시리즈 Ⅰ, W 필하모닉 오케스트라: Promenade",マスターズシリーズⅠ、Wフィルハーモニックオーケストラ：Promenade
TENDOUJI LIVE IN KOREA,TENDOUJI LIVE IN KOREA
안동문화예술의전당 문화가 있는 날 콘서트: 봄 빛에 물든 선율 (3월),安東文化芸術の殿堂文化がある日のコンサート：春の光に染まった旋律（3月）
"안동문화예술의전당 문화가 있는 날 콘서트: 춤, 사랑방 in Andong (4월)",安東文化芸術の殿堂文化がある日のコンサート：ダンス、ラブルーム in Andong (4月)
김종서 전국투어 콘서트: 모두의 김종서 [오산],キム・ジョンソ全国ツアーコンサート：みんなのキム・ジョンソ[オサン]
로보카폴리: 브룸스타운의 에너지를 지켜라! [양산],ロボカポリ：ブルームスタウンのエネルギーを守れ！ [量産]
"정태춘 & 박은옥 문학콘서트: 나의 시, 나의 노래 [안동]",チョン・テチュン＆パク・ウンオク文学コンサート：私の詩、私の歌[安東]
셰임 내한공연,シェーム来韓公演
BAC 브런치: 피아니스트 박상욱과 함께하는 브런치콘서트 Ⅱ [부천],BACブランチ：ピアニストパク・サンウクとのブランチコンサートⅡ[富川]
"샌드아트로 즐기는 문학이 잇는 클래식 제2막, 피터와 늑대",サンドアートで楽しむ文学が続くクラシック第2幕、ピーターとオオカミ
The 심수봉 SHOW [속초],The シムスボン SHOW [束草]
"샌드아트로 즐기는 문학이 잇는 클래식 제1막, 알퐁스 도데: 아를의 여인",サンドアートで楽しむ文学が続くクラシック第1幕、アルフォンスドデ：アルルの女性
베토벤 & 라흐마니노프,ベートーヴェン＆ラフマニノフ
BAC 오르간: 카메론 카펜터 오르간 리사이틀,BACオルガン：キャメロンカーペンターオルガンリサイタル
"변진섭 전국투어 콘서트, 변천사 시즌2.5: 시간여행 [군산]",ビョンジンソプ全国ツアーコンサート、変天使シーズン2.5：時間旅行[群山]
"영등포아트홀 기획공연, 마티네콘서트 with 금난새#2. 엘가",ヨンドゥンポアートホール企画公演、マティーネコンサート with 今年のナンバー#2.エルガ
"국립현대무용단, 머스탱과 개꿈",国立現代舞踊団、マスタングとドリーム
이은결: META [하남],イ・ウンギル：META [ハナム]
The 심수봉 SHOW [군산],The シムスボン SHOW [群山]
"울산시립교향악단, 샌드아트로 즐기는 문학이 잇는 클래식 제4막: 눈보라",蔚山市立交響楽団、サンドアートで楽しむ文学が続くクラシック第4幕：吹雪
"영등포아트홀 기획공연, 마티네콘서트 with 금난새 #3. 베버",永登浦アートホール企画公演、マティーネコンサート with 今夜 #3. Bever
"샌드아트로 즐기는 문학이 잇는 클래식 제3막, 템페스트",サンドアートで楽しむ文学が続くクラシック第3幕、テンペスト
강지영 피아노 독주회: Romantic Ties,カン・ジヨン ピアノソロ: Romantic Ties
콧구멍을 후비면 [예산],鼻孔を後押しすると[予算]
충남도청 문예회관,忠南道庁文芸会館
충청남도 예산군 삽교읍 도청대로 600,忠清南道予算郡シャプギョプ市庁舎600
백설공주 [보령],白雪姫[保霊]
보령문화의전당 대강당,保寧文化の殿堂大講堂
충남 보령시 대흥로 63,忠南保寧市大興路63
겨울왕국: 겨울이야기 [보령],冬の王国：冬の物語[保霊]
프린세스 캐치! 티니핑 [충주],プリンセスキャッチ！ティニピング[忠州]
매직키즈 서커스쇼 [수원],マジックキッズサーカスショー[水原]
판타스틱 매직콘서트,ファンタスティックマジックコンサート
다이노스터: 공룡수호대 [춘천],ダイノスター：恐竜守護隊[春川]
우주매직쇼,宇宙マジックショー
그때도 오늘2: 꽃신 [안동],それでも今日2：花神[安東]
지브리와 사랑에 빠지다: 지브리 영화음악 콘서트 스페셜 [남양주],ジブリと恋に落ちる：ジブリ映画音楽コンサートスペシャル[南楊州]
로보카폴리: 브룸스타운의 에너지를 지켜라!,ロボカポリ：ブルームスタウンのエネルギーを守れ！
"어버이날 특별기획공연: 인순이 x 유지숙: 두 사랑 이야기 with 한웅원, 박범태 [안동]",母の日特別企画公演：イ・スンイ×ユ・ジスク：2人の愛の物語with Hanung Won、パク・ボムテ
소프라노 황수미 & 베이스 바리톤 사무엘 윤 듀오 리사이틀 [안동],ソプラノファンスミ＆ベースバリトンサムエルユンデュオリサイタル[安東]
무지개 물고기 [익산],虹魚 [益山]
더 픽션 [안동],ザフィクション[安東]
지브리 & 디즈니 OST 콘서트 with 첼로댁,ジブリ＆ディズニーOSTコンサート with チェロダン
슬픔과 멜랑콜리 혹은 태초부터 지금까지 영원토록 외로운 조지,悲しみとメランコリー、または初めからこれまでの永遠に孤独なジョージ
친정엄마와 2박3일 [의정부],親情母と2泊3日[議政府]
오즈의 마법사 [고양],オズの魔法使い [猫]
"영국극단 1927, 플리즈 라이트 백 [안동]",イギリス劇団1927、フリーズライトバック[安東]
"서울예술단, 나빌레라 [안동]",ソウル芸術団、ナビレラ[安東]
달 샤베트 [안동],ムーンシャベット[安東]
신데렐라 [영주],シンデレラ[永州]
영주시민회관,永住市民会館
경상북도 영주시 선비로 213 (영주동),慶尚北道永州市ソンビロ213（永州洞）
포켓다이노,ポケットダイノ
피아니스트 백건우 리사이틀 [안동],ピアニストペクゴンリサイタル[安東]
"선데이콘서트, 엘림 리사이틀 시리즈: 황건영 피아노 독주회",サンデーコンサート、エリムリサイタルシリーズ：ファン・ガンヨンピアノソロ
엘림아트센터 엘림홀,エリムアートセンターエリムホール
사과가 쿵! [화성],りんごがカンク！ [火星]
아기돼지삼형제: 늑대숲또옹돼지 원정대 [수원],赤ちゃん豚三兄弟：オオカミの森と擁豚の遠征隊[水原]
수원SK아트리움 소공연장,水原SKアトリウム小公演場
경기 수원시 장안구 이목로 24-25,京畿道水原市長安区イモクロ24-25
커피콘서트 Ⅰ. 홍진호 & 고상지 & 최문석: 탱고 브리즈 (Tango Breeze),コーヒーコンサートⅠ。ホン・ジンホ＆コサンジ＆チェ・ムンソク：タンゴブリーズ
지브리 & 디즈니 콘서트 [고양],ジブリ＆ディズニーコンサート[猫]
사의 찬미 [김해],社の賛美[キム・ヘ]
히사이시 조 영화음악 콘서트 [천안],久石造映画音楽コンサート[天安]
어린이 서커스 마술쇼 [서울 강동],子供サーカスマジックショー[ソウル江東]
신데렐라 [원주],シンデレラ[原州]
원주문화원 공연장,原州文化院会場
강원특별자치도 원주시 단구로 170,江原特別自治道原州市丹区路170
피노키오 [부천],ピノキオ [富川]
겨울왕국 [양주],冬王国 [楊州]
베토벤 & 라흐마니노프 [성남],ベートーヴェン＆ラフマニノフ[城南]
신지혜 오보에 독주회,シン・ジヘオーボエソロ
인어공주 [양산],人魚姫 [量産]
매직랜드 하이라이트쇼 [인천 미추홀],マジックランドハイライトショー[仁川ミチュホール]
작은극장 돌체,小さな劇場ドルチェ
인천광역시 미추홀구 매소홀로 573 (문학동),仁川広域市ミチュホール区マソホロ573（文学洞）
다이노스터: 공룡수호대 [원주],ダイノスター：恐竜守護隊[原州]
백설공주와 일곱난장이 [서울 용산],白雪姫と七人の男が[ソウル龍山]
공룡 애니멀 쇼 시즌1 [부천],恐竜アニマルショーシーズン1 [富川]
"피아노 일리야 라쉬코프스키 초청, 명 협주곡 시리즈 ⅩⅡ: 봄의 선물 [성남]",ピアノイリヤ・ラシコフスキー招待、名協奏曲シリーズⅩⅡ：春のプレゼント [城南]
매직키즈마술쇼,マジックキッズマジックショー
지브리와 사랑에 빠지다: 지브리 영화음악 콘서트 [부천 (앵콜) ],ジブリと恋に落ちる：ジブリ映画音楽コンサート[富川（アンコール）]
빨간 모자와 늑대 [포항],赤い帽子とオオカミ[浦項]
콧구멍을 후비면,鼻孔を後退させると
"비에스 필하모닉 오케스트라 연주회: 비에스 필하모닉 오케스트라와 함께하는 동행, 음악으로 잇는 마음의 길",ヴィエス・フィルハーモニック・オーケストラコンサート：ビエス・フィルハーモニック・オーケストラとの同行、音楽でつながる心の道
아기돼지 3형제 [속초],赤ちゃん豚3兄弟[束草]
고고다이노 곤충탐험대: 고고다이노가 작아졌어요 [원주],ゴゴダイノ昆虫探検隊：ゴゴダイノが小さくなりました[原州]
"영등포아트홀 기획공연, 마티네콘서트 with 금난새 #1. 멘델스존",永登浦アートホール企画公演、マティーネコンサート with 今年の #1.メンデルスゾーン
어린이 캣,子供キャット
"고양문화재단 디지털 해외공연영상 시리즈, 오페라 피가로의 결혼 (영상화)",高陽文化財団デジタル海外公演映像シリーズ、オペラフィガロの結婚（映像化）
"고양문화재단 디지털 해외공연영상 시리즈, 오페라 토스카 (영상화)",高陽文化財団デジタル海外公演映像シリーズ、オペラトスカー（映像化）
"아람 클래식, 양인모 & 잘츠부르크 모차르테움 [고양]",アラムクラシック、羊毛＆ザルツブルクモーツァルテウム[猫]
"ACIx인천시향 공동기획, 조조 클래식 Ⅳ",ACIx仁川市郷共同企画、ジョジョクラシックⅣ
함인아 피아노 독주회,ハムインアピアノソロ
"옥탑재즈 Ⅴ, LUCA MINOR",屋上ジャズⅤ、LUCA MINOR
"옥탑재즈 Ⅳ, SM JAZZ TRIO",屋上ジャズⅣ、SM JAZZ TRIO
김건모 라이브투어: KIM GUN MO.,キム・ガンモライブツアー：KIM GUN MO。
잠실종합운동장 실내체육관,チャムシル総合運動場室内体育館
서울 송파구 올림픽로 25,ソウル松坡区オリンピック路25
"베베핀, 두근두근 새친구 [하남]",ベベピン、ドキドキ鳥友[ハナム]
"데뷔 60주년 기념공연, 남진 전국투어 콘서트 [오산]",デビュー60周年記念公演、南進全国ツアーコンサート[オサン]
"M 초이스, 갓 GAT [서울 마포]",Mチョイス、新ガット【ソウル麻浦】
옥탑재즈 Ⅲ. 스카재즈유닛,屋上ジャズⅢ。スカジャズユニット
100층짜리 집 [여수],100階建ての家 [麗水]
"옥탑재즈 Ⅱ, 박종상 콰르텟",屋上ジャズⅡ、パク・ジョンサンクアルテット
피터팬 [울산 북구],ピーターパン[蔚山北区]
조영남 전국투어 콘서트: 조영남이 죽기 전에 하고 싶은 이야기 [오산],チョ・ヨンナム全国ツアーコンサート：チョ・ヨンナムが死ぬ前にやりたい話[オサン]
피노키오 [포항],ピノキオ [浦項]
백설공주 [군산],白雪姫[群山]
어린이 서커스 마술쇼 [춘천],子供サーカスマジックショー[春川]
어린이 서커스쇼 [춘천],子供サーカスショー[春川]
번개맨 시즌2: 번개맨! VS 번개맨? [강릉],Lightningman Season 2：Lightningman！ VS雷マン？ [江陵]
프랑스 오베르뉴론알프 국립 오케스트라,フランスのオーベルニューロンアルプ国立オーケストラ
아이다,アイダ
신데렐라 [동두천],シンデレラ[ドンドゥチョン]
동두천시민회관,東豆川市民会館
경기도 동두천시 어수로 4 (상패동),京畿道東豆川市漁水路4（サンパドン）
반짝반짝 빛나는 마술사의 방 [서울 양천],キラキラ輝く魔術師の部屋[ソウルヤンチョン]
"데뷔 60주년 기념공연, 남진 전국투어 콘서트 [과천]",デビュー60周年記念公演、南進全国ツアーコンサート[果川]
겨울왕국: 겨울이야기 [원주],冬の王国：冬の物語[原州]
SUPER JUNIOR 20th Anniversary TOUR: SUPER SHOW 10 SJ-CORE,SUPER JUNIOR 20th Anniversary TOUR: SUPER SHOW 10 SJ-CORE
알라딘 [고양],アラジン[猫]
어린이 서커스 쇼 [대구 달성],子供サーカスショー[大邱達成]
김장훈 전국투어 콘서트: 원맨쇼 [이천],キム・ジャンフン全国ツアーコンサート：ワンマンショー[利川]
"어린이 공연 시리즈, 키즈 시즈닝: 푸푸게노! 똥 밟았네? [화성]",子供公演シリーズ、キッズシーズニング：ププゲノ！たわごとを踏んだ？ [火星]
"트로트 스타즈 1, 신유 with 밴드 트로티카 [화성]",トロットスターズ1、新乳withバンドトロティカ[火星]
임재범 40주년 콘서트: 나는 임재범이다 [전주],イム・ジェボム40周年コンサート：私はイム・ジェボムです[全州]
한국소리문화의전당 야외공연장,韓国音文化の殿堂野外公演場
MAC 모닝 콘서트 #2,MACモーニングコンサート＃2
MAC 모닝 콘서트 #1,MACモーニングコンサート＃1
MAC 모닝 콘서트 #3,MACモーニングコンサート＃3
정명훈 & 원 코리아 오케스트라,チョン・ミョンフン＆ワンコリアオーケストラ
쎄시봉: The Last Concert [천안],セシボン: The Last Concert [天安]
우주매직쇼 [부천],宇宙マジックショー[富川]
마인블록월드: 우리가 만드는 세상 [원주],マインブロックワールド：私たちが作る世界[原州]
오르간 시리즈 Ⅰ. 카메론 카펜터,オルガンシリーズⅠ。キャメロンカーペンター
"리스트 x 박종훈, 순례의 해 [화성]",リストxパク・ジョンフン、巡礼の年[火星]
로보카폴리: 브룸스타운의 에너지를 지켜라! [서울 광진],ロボカポリ：ブルームスタウンのエネルギーを守れ！ [ソウル光津]
번개맨 시즌2: 번개맨! VS 번개맨?,Lightningman Season 2：Lightningman！ VS雷マン？
번개맨 시즌2: 번개맨! VS 번개맨? [여수],Lightningman Season 2：Lightningman！ VS雷マン？ [麗水]
스윙 데이즈_암호명 A,スイングデイズ_パスワードA
백설공주 [용인],白雪姫[龍仁]
용인문화예술원 마루홀,龍仁文化芸術院マルホール
경기 용인시 처인구 중부대로 1199,京畿道龍仁市処人区中部大路1199
The 심수봉 SHOW [공주],The シムスボン SHOW [プリンセス]
두시 음악 살롱 (3월),ドゥシ音楽サロン（3月）
클래식시리즈 1. 우시다 토모하루 피아노 리사이틀,クラシックシリーズ1.牛田智春ピアノリサイタル
브레드이발소: 브레드와 윌크의 세계여행 [포항],ブレッド理髪店：ブレッドとウィルクの世界旅行[浦項]
알라딘 [남양주],アラジン[南楊州]
공룡 애니멀 쇼 시즌1 [화성],恐竜アニマルショーシーズン1 [火星]
우리 아빠가 최고야 [인천 부평],私のお父さんは最高です[仁川富平]
부평아트센터 달누리극장,富平アートセンターダルヌリ劇場
100층짜리 집 [수원],100階建ての家 [水原]
지브리 & 디즈니 영화음악 FESTA [인천 (앵콜) ],ジブリ＆ディズニー映画音楽FESTA [仁川（アンコール）]
"함신익과 심포니 송 마스터즈 시리즈 Ⅷ, 송년음악회: 합창교향곡",ハムシンイクとシンフォニーソングマスターズシリーズⅧ、松年音楽会：合唱交響曲
고고다이노 곤충탐험대: 고고다이노가 작아졌어요 [고양],ゴゴダイノ昆虫探検隊：ゴゴダイノが小さくなりました[猫]
흥부와 놀부 [광명],興富とノルブ[光明]
지브리 & 디즈니 영화음악 FESTA [창원],ジブリ＆ディズニー映画音楽FESTA [昌原]
임재범 40주년 콘서트: 나는 임재범이다 [청주],イム・ジェボム40周年記念コンサート：私はイム・ジェボムです[清州]
슈가 SUGAR [청주],シュガーSUGAR [清州]
청주예술의전당 대공연장,清州芸術の殿堂大公演場
충북 청주시 서원구 흥덕로 69,忠北清州市西原区興徳路69
호두까기 인형 [공주],くるみ割り人形 [プリンセス]
포켓다이노 [부천],ポケットダイノ[富川]
매직랜드 하이라이트쇼,マジックランドハイライトショー
이음아트홀,イムアートホール
대전 유성구 도안대로 591,大田儒城区図案通り591
아즈마 아키와 함께하는 영화음악 콘서트: 지브리 & 월드 무비 OST,あずまあきとの映画音楽コンサート：ジブリ＆ワールドムービーOST
브레드이발소: 브레드와 윌크의 세계여행 [서울 용산],ブレッド理髪店：ブレッドとウィルクの世界旅行[ソウル龍山]
매직랜드 블루밍라이트쇼 [춘천],マジックランドブルーミングライトショー[春川]
아트팩토리 봄,アートファクトリー春
강원도 춘천시 신동면 풍류1길 34,江原道春川市新洞面風流1ギル34
BTS WORLD TOUR: ARIRANG [고양],BTS WORLD TOUR: ARIRANG [猫]
고양종합운동장 주경기장,高陽総合運動場主競技場
매직 사이언스 콘서트 [고양],マジックサイエンスコンサート[猫]
현대백화점 문화홀 문화홀 (9층),現代百貨店文化ホール文化ホール（9階）
경기 고양시 일산서구 호수로 817,京畿道高陽市一山西区湖路817
겨울왕국: 겨울이야기 [안산],冬王国：冬物語[安山]
민트페스타 vol.82,ミントフェスタvol.82
로미오와 줄리엣 [서울 서초],ロミオとジュリエット[ソウル瑞草]
어린이 마술쇼 [서산],子供マジックショー[ソサン]
CUTIE STREET Live,CUTIE STREET Live
제131회 서울모테트합창단 정기연주회,第131回ソウルモテト合唱団定期演奏会
박혜신 라이브 투어 콘서트 [안산],パク・ヘシンライブツアーコンサート[安山]
안산대학교 강석봉기념관,安山大学カン・ソクボン記念館
경기 안산시 상록구 안산대학로 155,京畿道安山市常緑区安山大学路155
아기돼지 삼형제 [고양],赤ちゃん豚三兄弟[猫]
김장훈 전국투어 콘서트: 원맨쇼 [안양],キム・ジャンフン全国ツアーコンサート：ワンマンショー[安養]
"엄마까투리: 유치원도, 도시도 처음이야 [목포]",ママカトリ：幼稚園も、都市も初めてだ[木浦]
ABT스튜디오컴퍼니 발레 갈라,ABTスタジオカンパニーバレガラ
사카리 오라모 & BBC 심포니 오케스트라 with 손열음 [서울] (03.26),サカリオラモ＆BBCシンフォニーオーケストラ with 手開く [ソウル] (03.26)
키즈 마티네 콘서트: 나는 히어로가 될 거야! [김포] (5월),キッズマティーネコンサート：私はヒーローになるよ！ [金浦]（5月）
히로미즈 소닉원더 라이브,広水ソニックワンダーライブ
키즈 마티네 콘서트: 고! 고! 신나는 뮤지컬 여행 [김포] (9월),キッズマティーネコンサート：高！ ！楽しいミュージカル旅行[金浦]（9月）
김광석과 친구들 [의정부],キム・グァンソクと友達[ウィジョンブ]
키즈 마티네 콘서트: 아이 LOVE 왈츠 [김포] (3월),キッズマティーネコンサート：アイLOVEワルツ[金浦]（3月）
윈튼 마살리스 & 재즈 앳 링컨센터 오케스트라 [평택],ウィントンマサリス＆ジャズアットリンカーンセンターオーケストラ[平沢]
키즈 마티네 콘서트: 빠라빠빰 신나는 브라스 콘서트 [김포] (12월),キッズマティーネコンサート：パラパブンエキサイティングなブラスコンサート[金浦]（12月）
"아침음악나들이 4, 서영택 & 이승민 [고양]",朝音楽出演4、ソ・ヨンテク＆イ・スンミン[猫]
키즈 마티네 콘서트: 요들요들 알프스 소년 [김포] (7월),キッズマティーネコンサート：ヨードルヨードルアルプス少年[金浦]（7月）
"아침음악나들이 3, 노브레인 [고양]",朝音楽出演3、ノブレイン[猫]
"아침음악나들이 2, 이기찬 [고양]",朝の音楽出張2、イ・ギチャン[猫]
사카리 오라모 & BBC 심포니 오케스트라 with 손열음 [서울] (03.25),サカリオラモ＆BBCシンフォニーオーケストラ with 手開く [ソウル] (03.25)
"NCT DREAM TOUR FINALE, THE DREAM SHOW 4: FUTURE THE DREAM","NCT DREAM TOUR FINALE, THE DREAM SHOW 4: FUTURE THE DREAM"
"키즈 마티네 콘서트, 피아노 듀오의 신기한 뮤직 파티 [김포] (6월)",キッズマティーネコンサート、ピアノデュオの不思議なミュージックパーティー[金浦]（6月）
"키즈 마티네 콘서트, 판소리와 함께하는 우리음악 놀이터 [김포] (4월)",キッズマティーネコンサート、パンソリと一緒に私たちの音楽遊び場[金浦]（4月）
"키즈 마티네 콘서트, 둥동당 재미있는 국악 대모험 [김포] (10월)",キッズマティーネコンサート、東堂の面白い国楽大冒険[金浦]（10月）
"아침음악나들이 1, 장혜진",朝の音楽の旅1、チャン・ヘジン
지브리 & 디즈니 콘서트,ジブリ＆ディズニーコンサート
라푼젤 [익산],ラプンツェル [益山]
설민석의 한국사 대모험: 안중근 [오산],ソルミンソクの韓国史大冒険：安重根[オサン]
클라라 주미 강 & 김선욱 듀오 리사이틀 [성남],クララジュミ川＆キム・ソンウクデュオリサイタル[城南]
류이치 사카모토 트리뷰트 콘서트,龍一坂本トリビュートコンサート
최현우 19+Ⅰ [청주],チェ・ヒョヌ19+Ⅰ[清州]
어쩌면 해피엔딩 [전주],たぶんハッピーエンド[全州]
매직키즈 서커스쇼,マジックキッズサーカスショー
엘리자베트 레온스카야 피아노 리사이틀 [성남],エリザベットレオンスカヤピアノリサイタル[城南]
"이자람 판소리: 눈, 눈, 눈 [진주]",ジャラムパンソリ：目、目、目[真珠]
경상남도문화예술회관 대공연장,慶尚南道文化芸術会館大公演場
경남 진주시 강남로 215,慶南晋州市江南路215
손열음 & 고잉홈프로젝트,ハンドオープン＆ハイイングホームプロジェクト
목관앙상블과 함께하는 디즈니 콘서트,木管アンサンブルとのディズニーコンサート
헨젤과 그레텔 [진주],ヘンゼルとグレーテル[真珠]
"BBC 심포니 오케스트라, 사카리 오라모 & 손열음 [성남]",BBCシンフォニーオーケストラ、サカリオラモ＆ソンヨルム[城南]
목관 앙상블과 함께하는 콘서트 시리즈: 지브리 콘서트,木管アンサンブルとのコンサートシリーズ：ジブリコンサート
"경남도립극단, 반야 삼촌 [진주]",慶南道立劇団、バンヤおじさん[真珠]
"데뷔 60주년 기념공연, 남진 전국투어 콘서트 [당진]",デビュー60周年記念公演、南進全国ツアーコンサート[唐津]
무지개 물고기 [의정부],虹魚 [ウィジョンブ]
사과가 쿵! [과천],りんごがカンク！ [果川]
콧구멍을 후비면 [구리],鼻孔を後押しすると[銅]
MelON 디즈니+지브리 오케스트라 콘서트 VOLUME 2 [창원],MelONディズニー+ジブリオーケストラコンサートVOLUME 2 [昌原]
"변진섭 전국투어 콘서트, 변천사 시즌2.5: 시간여행 [포천]",ビョンジンソプ全国ツアーコンサート、変天使シーズン2.5：時間旅行[ポチョン]
포천반월아트홀 대극장,浦川半月アートホール大劇場
경기 포천시 군내면 청성로 111,京畿道浦川市郡内面清城路111
김정민 전국투어 콘서트: 대한민국 락발라더 김정민,キム・ジョンミン全国ツアーコンサート：韓国のロックバルラーダーキム・ジョンミン
현진영 감금콘서트: 신춘절특사,ヒョン・ジニョン監禁コンサート：新春祭
"엄마까투리: 유치원도, 도시도 처음이야 [충주]",ママカトリ：幼稚園も、都市も初めてだ[忠州]
"엄마까투리: 유치원도, 도시도 처음이야 [예산]",ママカトゥリ：幼稚園も、都市も初めてだ[予算]
"엄마까투리: 유치원도, 도시도 처음이야 [군산]",ママカトゥリ：幼稚園も、都市も初めてだ[群山]
공룡 애니멀 쇼 시즌2 [오산],恐竜アニマルショーシーズン2 [オサン]
박남정 전국투어 콘서트: The Original SuperStar,パク・ナムジョン全国ツアーコンサート：The Original SuperStar
정글북 [서울 강남],ジャングルブック[ソウル江南]
개구쟁이 특공대: 마녀저택 [안성],あざ特攻隊：魔女屋敷[安城]
개구쟁이 특공대: 마녀저택,カエル特攻隊：魔女屋敷
GS아트센터 X 국립심포니오케스트라 라이브 애니메이션 시네스테틱스: 피터와 늑대 & 어미 거위,GSアートセンターX国立シンフォニーオーケストラライブアニメシネステティクス：ピーターとオオカミ＆マザーグース
겨울왕국: 겨울이야기 [목포],冬王国：冬物語[木浦]
Toki Asako Live,トキアサコライブ
미스터트롯3 TOP7 콘서트,ミスタートロット3 TOP7コンサート
"리미니 프로토콜, 리모트 서울",リミニプロトコル、リモートソウル
강남 일대,江南一帯
서울특별시 강남구 학동로 426 (삼성동),ソウル特別市江南区学洞路426（サムソンドン）
겨울왕국 & 초대형레이져쇼 [전주],冬王国＆超大型レーザーショー[全州]
"GS아트센터 X 국립발레단, 더블 빌_맥그리거 & 테틀리",GSアートセンターX国立バレエ団、ダブルビル_マクレガー＆テトリー
지브리와 사랑에 빠지다: 지브리 영화음악 콘서트 [밀양],ジブリと恋に落ちる：ジブリ映画音楽コンサート[密陽]
밀양아리랑아트센터 소공연장,密陽アリランアートセンター小公演場
"웨인 맥그리거, 딥스타리아",ウェイン・マクレガー、ディープスタリア
누가 내 머리에 똥 쌌어?,誰が私の頭にうんざりした？
알라딘 [수원],アラジン[水原]
신데렐라 [김포 통진],シンデレラ[金浦トンジン]
지브리와 사랑에 빠지다: 지브리 영화음악 콘서트 [인천 (앵콜) ],ジブリと恋に落ちる：ジブリ映画音楽コンサート[仁川（アンコール）]
지브리와 사랑에 빠지다: 지브리 영화음악 콘서트 [수원 (앵콜) ],ジブリと恋に落ちる：ジブリ映画音楽コンサート[水原（アンコール）]
아기돼지 삼형제 [원주],赤ちゃん豚三兄弟[原州]
Lilas LIVE TOUR: Laugh,Lilas LIVE TOUR: Laugh
사과가 쿵!,りんごがカンク！
"일리야 라쉬코프스키, 라흐마니노프 3개의 피아노 협주곡",イリヤ・ラシコフスキー、ラフマニノフの3つのピアノ協奏曲
무지개 물고기 [양산],虹魚 [量産]
쌍벽루아트홀,双壁ルアートホール
경상남도 양산시 신기강변로 26 (신기동),慶尚南道楊山市新気江辺路26（新機動）
"다미앵 잘레 X 코헤이 나와, 플래닛 [방랑자]",ダミアン・ザレ×コヘイナワ、プラネット【放浪者】
피노키오 [원주],ピノキオ [原州]
어린이 마술쇼 [원주],子供マジックショー[原州]
부활 40주년 콘서트 [김해],復活40周年コンサート[キムヘ]
콧구멍을 후비면 [춘천],鼻孔を後押しすると[春川]
춘천인형극장 대극장,春川人形劇場大劇場
강원특별자치도 춘천시 영서로 3017,江原特別自治道春川市永西路3017
콧구멍을 후비면 [강릉],鼻孔を後押しすると[江陵]
누가 내 머리에 똥 쌌어? [경주],誰が私の頭にうんざりした？ [レース]
서라벌문화회관,サラバル文化会館
경상북도 경주시 금성로 236 (사정동),慶尚北道慶州市金城路236（射程洞）
지브리와 사랑에 빠지다: 지브리 영화음악 콘서트 [양산],ジブリと恋に落ちる：ジブリ映画音楽コンサート[量産]
제11회 DF예술단 정기연주회: 광란의 아리아 모음.zip 3 [성남],第11回DF芸術団定期演奏会：狂乱のアリア集。zip 3 [城南]
로보카폴리: 브룸스타운의 에너지를 지켜라! [서울 양천],ロボカポリ：ブルームスタウンのエネルギーを守れ！ [ソウルヤンチョン]
정승제의 수학대모험: 수포자의 비밀,チョン・スンジェの数学大冒険：受刑者の秘密
뽀로로와 신비한 여행 [안양],ポロロと神秘的な旅[安養]
로보카폴리: 브룸스타운의 에너지를 지켜라! [인천 중구],ロボカポリ：ブルームスタウンのエネルギーを守れ！ [仁川中区]
돼지책,豚本
제주대학교 아라뮤즈홀,済州大学アラミューズホール
제주특별자치도 제주시 제주대학로 102 (아라일동),済州特別自治道済州市済州大学路102（アライル洞）
아즈마 아키와 함께하는 영화음악 콘서트: 지브리 & 월드 무비 OST [부천],あずまあきとの映画音楽コンサート：ジブリ＆ワールドムービーOST [富川]
공룡 애니멀 쇼 [김해],恐竜アニマルショー[キムヘ]
"집사TV, 대저택 문의 비밀: part.1 [의정부]",執事テレビ、大邸宅の問い合わせ秘密：part.1 [議政府]
급식왕: 급식이 사라졌다,給食王：給食が消えた
알렉산더 에크만의 한여름 밤의 꿈,アレクサンダー・エクマンの真夏の夜の夢
"이자람 판소리: 눈, 눈, 눈",ジャラムパンソリ：目、目、目
"집사TV, 대저택 문의 비밀: part.1 [청주]",執事テレビ、大邸宅のお問い合わせ秘密：part.1 [清州]
"우카시 트바르코프스키 연출, 로스코",ウカシ・ツバルコフスキー演出、ロスコ
"집사TV, 대저택 문의 비밀: part.1 [구리]",執事テレビ、大邸宅のお問い合わせ秘密：part.1 [銅]
최현우 19+Ⅰ,チェ・ヒョンウ19+Ⅰ
라베크 자매 Two Pianos: 필립 글래스의 장 콕토 3부작,ラベック姉妹Two Pianos：フィリップグラスのジャンコクト3部作
다비드 바뱅 & 아드리앙 몽도의 피아노 피아노,ダビド・ババン＆アドリアン・モンドのピアノピアノ
신데렐라 [부산 동래],シンデレラ[釜山東来]
크리스탈 파이트 & 조너선 영의 어셈블리 홀,クリスタルファイト＆ジョナサンヤングのアセンブリホール
장화신은 고양이 [원주],長靴は猫[原州]
빨간모자와 늑대 [원주],赤い帽子とオオカミ[原州]
지브리 & 디즈니 영화음악 FESTA [고양 (앵콜) ],ジブリ＆ディズニー映画音楽FESTA [猫（アンコール）]
Oxxxymiron Live,Oxxxymiron Live
싱어게인4 전국투어 콘서트,シンガーゲイン4全国ツアーコンサート
SPRING OST CONCERT: 음악으로 피어나는 영화 속 봄날의 한 장면,SPRING OST CONCERT：音楽で咲く映画の中の春の日のシーン
유키 구라모토 콘서트: Peacefully [포항],雪倉本コンサート: Peacefully [浦項]
김장훈 전국투어 콘서트: 원맨쇼 [의정부],キム・ジャンフン全国ツアーコンサート：ワンマンショー[ウィジョンブ]
유키 구라모토 콘서트: Peacefully [전주],雪倉本コンサート: Peacefully [全州]
똥볶이 할멈: 정의의 맛 [안산],たわごと炒め物：正義の味[安山]
사과가 쿵! [부산 동래],りんごがカンク！ 【釜山東来】
윈튼 마살리스 & 재즈 앳 링컨센터 오케스트라 [서울 강서],ウィントンマサリス＆ジャズアットリンカーンセンターオーケストラ[ソウル江西]
지브리와 사랑에 빠지다: 지브리 영화음악 콘서트 [하남],ジブリと恋に落ちる：ジブリ映画音楽コンサート[ハナム]
"모닝콘서트, 더블베이시스트 성민제의 베스트 베이스 콰르텟 [창원] (4월)",モーニングコンサート、ダブルベーシストソンミン製のベストベースクアルテット[チャンウォン]（4月）
에그박사: 해적 보물섬의 비밀 [여수],エグ博士：海賊宝島の秘密[麗水]
원더매직의 오리지널 과학마술콘서트 시즌1 [포항],ワンダーマジックのオリジナル科学魔法コンサートシーズン1 [浦項]
아기돼지 삼형제 [광양],赤ちゃん豚三兄弟[光陽]
광양시문화예술회관 대공연장,光陽市文化芸術会館大公演場
전남 광양시 광양읍 향교길 9-30,全南光陽市光陽邑香橋路9-30
아기돼지 삼형제 [전주],赤ちゃん豚三兄弟[全州]
신데렐라 [수원],シンデレラ[水原]
지브리와 사랑에 빠지다: 지브리 영화음악 콘서트 [서울 구로],ジブリと恋に落ちる：ジブリ映画音楽コンサート[ソウル黒]
구로아트밸리 예술극장,黒アートバレー芸術劇場
서울 구로구 구로5동 가마산로23길,ソウル黒区九老5洞窯山路23ギル
김다현 전국투어 콘서트: 꿈,キム・ダヒョン全国ツアーコンサート：夢
김창완밴드 전국투어 시즌4: 하루 [안산],キム・チャンワンバンド全国ツアーシーズン4：ハル[安山]
겨울왕국: 겨울이야기 & 초대형레이져쇼 [군산],冬王国：冬物語＆超大型レーザーショー[群山]
김창완밴드 전국투어 시즌4: 하루 [익산],キム・チャンワンバンド全国ツアーシーズン4：ハル[益山]
바다탐험대 옥토넛 시즌4: 숨겨진 보물을 찾아라! [과천],海探検隊オクトーナッツシーズン4：隠された宝物を見つけよう！ [果川]
김창완밴드 전국투어 시즌4: 하루 [용인],キム・チャンワンバンド全国ツアーシーズン4：一日[龍仁]
최형배 마술사의 울트라 매직콘서트 [용산],チェ・ヒョンベ魔術師のウルトラマジックコンサート[龍山]
포켓다이노 [포항],ポケットダイノ [浦項]
백설공주 [수원 팔달],白雪姫[水原八達]
틀려도 괜찮아 [춘천],間違っても大丈夫[春川]
포켓다이노 [춘천],ポケットダイノ [春川]
"최백호 50주년 콘서트: 낭만의 50년, 시간의 흔적을 노래하다 [진주]",チェ・ベクホ50周年コンサート：ロマンの50年、時間の痕跡を歌う[真珠]
어린이 캣 [의정부],こどもキャット [議政府]
YB REMASTERED 3.0: Odyssey [전주],YB REMASTERED 3.0: Odyssey [全州]
헬로카봇 스페셜 시즌9: 전설의 용사를 찾아서 [청주],ハローカーボットスペシャルシーズン9：伝説の勇者を見つけて[清州]
CINEMA IN CLASSIC: 지브리 픽사 영화음악 OST [포항],CINEMA IN CLASSIC：ジブリピクサー映画音楽OST [浦項]
어린이 캣 [구리],こどもキャット【銅】
어린이 캣 [강릉],こどもキャット[江陵]
"아티스트 시리즈 2, The Violin and Lifelong Friends","アーティストシリーズ 2, The Violin and Lifelong Friends"
스쿨매직콘서트 [성남],スクールマジックコンサート[城南]
매직랜드 하이라이트쇼 [서울 혜화],マジックランドハイライトショー[ソウルヘファ]
소극장 창덕궁,小劇場昌徳宮
서울특별시 종로구 창경궁로 227(명륜4가),ソウル特別市鍾路区昌慶宮路227(明倫4街)
부활 40주년 콘서트 [고양],復活40周年コンサート[猫]
"서울시합창단, 명작시리즈 Ⅱ: 카르미나 부라나",ソウル市合唱団、名作シリーズⅡ：カルミナ・ブラナ
"서울시발레단, 트리플 빌: 올 포 한스 판 마넨",ソウルシバレダン、トリプルヴィル：オールフォーハンスパンマネン
"서울시합창단, 한여름의 메시아",ソウル市合唱団、真夏のメシア
"서울시뮤지컬단, 크리스마스 캐럴",ソウル市ミュージカル団、クリスマスキャロル
스미레 미용실,すみれ美容室
"서울시극단, 빅 마더",ソウル市劇団、ビッグマザー
로보카폴리: 브룸스타운의 에너지를 지켜라! [고양],ロボカポリ：ブルームスタウンのエネルギーを守れ！ [猫]
"세종시즌, 정명훈 x KBS교향악단 x 김선욱: 베토벤 + 브람스",世宗シーズン、チョン・ミョンフン×KBS交響楽団×キム・ソンウク：ベートーヴェン+ブラームス
"서울시발레단, In the Bamboo Forest","ソウルシバレダン, In the Bamboo Forest"
"세종시즌, 나부코",世宗シーズン、なぶこ
"서울시오페라단, 오페라 갈라",ソウルシオペラダン、オペラガラ
"세종시즌, Gut: Whispering Steps, 무감서기","世宗シーズン, Gut: Whispering Steps, 無感書記"
"서울시무용단, 스피드",ソウル市舞踊団、スピード
"서울시뮤지컬단, 더 트라이브",ソウル市ミュージカル団、ザトライブ
해리 포터와 죽음의 성물™ Part Ⅱ 인 콘서트,ハリーポッターと死の聖物™パートⅡインコンサート
우시다 토모하루 피아노 리사이틀,牛田智春ピアノリサイタル
"세종시즌, Re-프로젝트: 형식의 재발견",世宗シーズン、Reプロジェクト：形式の再発見
"서울시오페라단, 라보엠",ソウルシオペラダン、ラボエム
"서울시국악관현악단 실내악 시리즈, 일노래",ソウル市国楽館弦楽団室内楽シリーズ、日歌
"서울시국악관현악단, 믹스드 오케스트라",ソウル市国楽館弦楽団、ミックスオーケストラ
마사야 카메이 피아노 리사이틀,マサヤカメイピアノリサイタル
"세종시즌, 창작 국악 시리즈: 신풍류전",世宗シーズン、創作国楽シリーズ：新風流戦
"서울시합창단, 가곡시대",ソウル市合唱団、歌曲時代
최고다 호기심딱지 시즌3: 동화나라 구출 대작전 [포항],最高の好奇心が強いシーズン3：おとぎ話の国の救出大作戦[浦項]
지브리와 사랑에 빠지다: 지브리 영화음악 콘서트 스페셜 [포항],ジブリと恋に落ちる：ジブリ映画音楽コンサートスペシャル[浦項]
CINEMA IN CLASSIC: 지브리 픽사 영화음악 OST,CINEMA IN CLASSIC：ジブリピクサー映画音楽OST
비원뮤직홀 콘서트홀,ビウォンミュージックホールコンサートホール
대구 서구 달서천로 374,大邱西区ダルソチョンロ374
"엄마까투리: 유치원도, 도시도 처음이야 [구리]",ママカトリ：幼稚園も、都市も初めてだ[銅]
제450회 인천시립교향악단 정기연주회: 인천시향의 말러,第450回仁川市立交響楽団定期演奏会：仁川市郷のマーラー
제449회 인천시립교향악단 정기연주회: 인천시향과 크리스토프 포펜,第449回仁川市立交響楽団定期演奏会：仁川市郷とクリストフ・ポッペン
제448회 인천시립교향악단 정기연주회: 인천시향의 브람스,第448回仁川市立交響楽団定期演奏会：仁川市郷のブラームス
제447회 인천시립교향악단 정기연주회: 인천시향의 버르토크,第447回仁川市立交響楽団定期演奏会：仁川市郷のバートルク
제445회 인천시립교향악단 정기연주회,第445回仁川市立交響楽団定期演奏会
제446회 인천시립교향악단 정기연주회: 창단 60주년 기념음악회,第446回仁川市立交響楽団定期演奏会：創団60周年記念音楽会
제444회 인천시립교향악단 정기연주회,第444回仁川市立交響楽団定期演奏会
제443회 인천시립교향악단 정기연주회: 인천시향의 드보르자크,第443回仁川市立交響楽団定期演奏会：仁川市郷のドヴォルザーク
제442회 인천시립교향악단 정기연주회: 인천시향의 말러,第442回仁川市立交響楽団定期演奏会：仁川市郷のマーラー
지브리를 품은 클래식: 바람이 피어나는 계절,ジブリを抱くクラシック：風が咲く季節
아마자라시 아시아투어,天座市アジアツアー
"데뷔 60주년 기념공연, 남진 전국투어 콘서트 [수원]",デビュー60周年記念公演、南進全国ツアーコンサート[水原]
The 심수봉 SHOW [수원],The シムスボン SHOW [水原]
신데렐라 [인천 남동],シンデレラ[仁川南東]
겨울왕국: 겨울이야기 [익산],冬王国：冬物語[益山]
"크라프트베르크 내한공연, Kraftwerk Multimedia Tour in Seoul",クラフトベルク内韓公演、Kraftwerk Multimedia Tour in Seoul
러브 내한공연 (luv ASIA TOUR in SEOUL),ラブ内韓公演（luv ASIA TOUR in SEOUL）
겨울왕국: 겨울이야기 [이천],冬の王国：冬の話[利川]
"국립심포니오케스트라, 영화음악 콘서트",国立シンフォニーオーケストラ、映画音楽コンサート
"제266회 국립심포니오케스트라 정기연주회: 파야, 삼각모자 모음곡",第266回国立シンフォニーオーケストラ定期演奏会：パヤ、三角帽子集曲
"제264회 국립심포니오케스트라 정기연주회: 멘델스존, 교향곡 4번 이탈리아",第264回国立シンフォニーオーケストラ定期演奏会：メンデルスゾーン、交響曲第4番イタリア
"제267회 국립심포니오케스트라 정기연주회: 슈만, 교향곡 2번",第267回国立シンフォニーオーケストラ定期演奏会：シューマン、交響曲第2番
"국립심포니오케스트라, 영화음악 콘서트: 할리우드 블록버스터",国立シンフォニーオーケストラ、映画音楽コンサート：ハリウッドブロックバスター
"제268회 국립심포니오케스트라 정기연주회: 멘델스존, 교향곡 3번 스코틀랜드",第268回国立シンフォニーオーケストラ定期演奏会：メンデルスゾーン、交響曲第3番スコットランド
"제265회 국립심포니오케스트라 정기연주회: 베토벤, 교향곡 7번",第265回国立シンフォニーオーケストラ定期演奏会：ベートーヴェン、交響曲7番
오스카상 수상 작곡가 제임스 호너의 타이타닉 & 아바타 라이브 백-투-백 필름 콘서트,オスカー賞受賞作曲家ジェームズホナーのタイタニック＆アバターライブバックツーバックフィルムコンサート
"제263회 국립심포니오케스트라 정기연주회: 거슈윈, 파리의 아메리카인",第263回国立シンフォニーオーケストラ定期演奏会：ガーシュウィン、パリのアメリカ人
제824회 KBS교향악단 정기연주회,第824回KBS交響楽団定期演奏会
에그박사: 해적 보물섬의 비밀 [오산],エグ博士: 海賊宝島の秘密[誤算]
제4회 고3형민 노예해방쇼,第4回高3ヒョンミン奴隷解放ショー
"아름다운 목요일 영 오디세이: 베토벤, Ⅲ. 윤해원 & 박원민 & 진영훈 Violin",美しい木曜日ヤングオデッセイ：ベートーヴェン、III。ユン・ヘウォン＆パク・ウォンミン＆ジンヨンフンビオリン
"아름다운 목요일 영 오디세이: 베토벤, Ⅰ. 이현정 & 손지우 Violin",美しい木曜日ヤングオデッセイ：ベートーヴェン、Ⅰ。イ・ヒョンジョン＆ソンジウビオリン
"아름다운 목요일 영 오디세이: 모차르트, Ⅳ. 이정우 & 김아인 Piano",美しい木曜日ヤングオデッセイ：モーツァルト、IV。イ・ジョンウ＆キム・アインピアノ
"아름다운 목요일 영 오디세이: 모차르트, III. 남예서 & 홍석영 & 박해림 Piano",美しい木曜日ヤングオデッセイ：モーツァルト、III。ナム・イェソ＆ホン・ソクヨン＆パク・ヘリムピアノ
"아름다운 목요일 영 오디세이: 모차르트, Ⅱ. 남예서 & 이정우 Piano",美しい木曜日ヤングオデッセイ：モーツァルト、Ⅱ。ナム・イェソ＆イ・ジョンウピアノ
"아름다운 목요일 영 오디세이: 모차르트, Ⅰ. 홍석영 & 박해림 & 김아인 Piano",美しい木曜日ヤングオデッセイ：モーツァルト、Ⅰ。ホン・ソクヨン＆パク・ヘリム＆キム・アインピアノ
"아름다운 목요일 스페이스, 트리오 오원 Piano Trio",美しい木曜日のスペース、トリオオウォンピアノトリオ
"아름다운 목요일 스페이스, 노부스 콰르텟 String Quartet",美しい木曜日のスペース、ノブス・クアルテット String Quartet
"아름다운 목요일 스페이스, 김다솔 Piano",美しい木曜日のスペース、キムダソルピアノ
"아름다운 목요일 스페이스, 김다미 Violin",美しい木曜日のスペース、キム・ダミViolin
"아름다운 목요일 스페셜 콘서트, 윤이상국제음악콩쿠르 박성용영재특별상 수상자 음악회, 이재리 Cello",美しい木曜日スペシャルコンサート、ユン・イサン国際音楽コンクールパク・ソンヨンヨンジェ特別賞受賞者音楽会、イ・ジェリCello
"아름다운 목요일 금호아트홀 상주음악가, 바리톤 김태한: 페르소나 Ⅳ. 고독",美しい木曜日のクムホアートホール常駐音楽家、バリトン・キム・テハン：ペルソナⅣ。孤独
"아름다운 목요일 금호아트홀 상주음악가, 바리톤 김태한: 페르소나 Ⅲ. 사랑",美しい木曜日のクムホアートホール常駐音楽家、バリトン・キム・テハン：ペルソナⅢ。愛
"아름다운 목요일 금호아트홀 상주음악가, 바리톤 김태한: 페르소나 Ⅱ. 관계",美しい木曜日のクムホアートホール常駐音楽家、バリトン・キム・テハン：ペルソナⅡ。関係
"아름다운 목요일 금호솔로이스츠, 금호솔로이스츠: 선율의 항해 Ⅳ. 러시아, 영혼의 기록",美しい木曜日のクムホソロイスツ、クムホソロイスツ：旋律の航海Ⅳ。ロシア、魂の記録
"아름다운 목요일 금호솔로이스츠, 금호솔로이스츠: 선율의 항해 Ⅲ. 오스트리아, 전통의 숨결",美しい木曜日のクムホソロイスツ、クムホソロイスツ：旋律の航海Ⅲ。オーストリア、伝統の息吹
"아름다운 목요일 금호솔로이스츠, 금호솔로이스츠: 선율의 항해 Ⅱ. 동유럽, 사랑과 열정으로",美しい木曜日のクムホソロイスツ、クムホソロイスツ：旋律の航海Ⅱ。東ヨーロッパ、愛と情熱で
"아름다운 목요일 금호라이징스타, 희석 엘리아스 아클리 Piano",美しい木曜日のクムホライジングスター、希釈エリアスアクリPiano
"아름다운 목요일 금호라이징스타, 이해수 Viola",美しい木曜日のクムホライジングスター、
"아름다운 목요일 금호 Exclusive, 로날트 브라우티함 Fortepiano",美しい木曜日のKumho Exclusive、ロナルト・ブラウチ艦Fortepiano
아름다운 목요일 인터내셔널 마스터즈: 스티븐 허프 Piano,美しい木曜日インターナショナルマスターズ：スティーブンハフピアノ
"아름다운 목요일: 고요, 그 너머에: 조진주 Violin Solo",美しい木曜日: 静けさ、それを越えて: チョ・ジンジュ Violin Solo
"아름다운 목요일 인터내셔널 마스터즈, 모차르트 플러스 Ⅱ: 폴 루이스 Piano",美しい木曜日インターナショナルマスターズ、モーツァルトプラスⅡ：ポールルイスピアノ
"아름다운 목요일: 고요, 그 너머에: 조진주 Violin",美しい木曜日: 静けさ、それを越えて: チョ・ジンジュ Violin
아름다운 목요일 위대한 작곡가: 프란츠 슈베르트 X 문지영 Piano Ⅰ,美しい木曜日の偉大な作曲家：フランツシュベルトXムン・ジヨンピアノⅠ
아름다운 목요일 위대한 작곡가: 루트비히 판 베토벤 X 김태형 Piano Ⅱ,美しい木曜日の偉大な作曲家：ルートヴィヒ・ファンベートーベンXキム・テヒョンピアノⅡ
아름다운 목요일 위대한 작곡가: J.S.바흐 X 한수진 Violin,美しい木曜日の偉大な作曲家：J.S.バッハXハン・スジンViolin
아름다운 목요일 요하네스: 이한나 Viola & 김다솔 Piano,美しい木曜日のヨハネス：イハンナビオラ＆キムダソルピアノ
아름다운 목요일 요하네스: 윤홍천 Piano,美しい木曜日のヨハネス：ユンホンチョンピアノ
"국립창극단, 완창판소리 (6월)",国立昌劇団、完昌版音（6月）
"국립무용단, 귀향",国立舞踊団、帰郷
"국립국악관현악단 관현악시리즈 Ⅳ, 이병우와 국립국악관현악단",国立国楽館弦楽団官弦楽シリーズⅣ、イ・ビョンウと国立国楽館弦楽団
"국립창극단, 완창판소리 (5월)",国立昌劇団、完昌版音（5月）
"국립국악관현악단, 정오의 음악회 (4월)",国立国楽館弦楽団、正午の音楽会（4月）
"국립창극단, 절창 Ⅵ",国立昌劇団、絶唱Ⅵ
"국립국악관현악단, 관현악시리즈 Ⅲ. 상주작곡가: 손다혜·홍민웅",国立国楽観弦楽団、管弦楽シリーズⅢ。サンジュ作曲家：ソン・ダヘ・ホン・ミンウン
"국립창극단, 완창판소리 (4월)",国立昌劇団、完昌版音（4月）
"국립국악관현악단, 정오의 음악회 (5월)",国立国楽館弦楽団、正午の音楽会（5月）
"국립국악관현악단, 어린이 음악회: 신나락 만나락",国立国楽館弦楽団、子ども音楽会：
"함께, 봄",一緒に、春
지브리와 사랑에 빠지다: 지브리 영화음악 콘서트 스페셜 [창원],ジブリと恋に落ちる：ジブリ映画音楽コンサートスペシャル[チャンウォン]
칼로막베스,カロマクベス
로미오와 줄리엣 The Clown,ロミオとジュリエット The Clown
인사이드 미 [부산 동구],インサイドミー[釜山東区]
NIKKE ORCHESTRAL CONCERT: Unbreakable Memories,NIKKE ORCHESTRAL CONCERT: Unbreakable Memories
살로메,サロメ
백건우 피아노 리사이틀,ペクゴンウピアノリサイタル
"Sound of Busan #3: 유나이티드 코리안 오케스트라, 올 댓 차이콥스키 (교향곡#6)",Sound of Busan #3: ユナイテッド・コリアン・オーケストラ、オール・ザム・チャイコブスキー（交響曲#6）
"Sound of Busan #2: 부산네오필하모닉오케스트라, 올 댓 차이콥스키 (교향곡#5)",Sound of Busan #2: 釜山ネオフィルハーモニー管弦楽団、オール・ザム・チャイコブスキー (交響曲#5)
살롱 드 국악 Ⅰ. 첼로가야금,サロン・デ国楽Ⅰ。チェロガヤム
살롱 드 국악 Ⅱ. 추다혜차지스,サロン・デ国楽Ⅱ。チュダヘチャジス
Puma Blue Live,Puma Blue Live
서울시향 얍 판 츠베덴의 말러 교향곡 6번: 비극적,ソウル市郷ヤンパンつべデンのマーラー交響曲第6番：悲劇的
"키우피우 오브제극축제, 걸리버 여행기: ZOOM IN OUT",キウピウオブジェポールフェスティバル、ガリバー旅行記：ZOOM IN OUT
새봄맞이 합창제: 우리들의 합창,新しい春の合唱祭：私たちの合唱
"제2회 신진예술인 풀충전 페스티벌, 토끼굴에 갇힌 새",第2回新進芸術家フル充電フェスティバル、ウサギの洞窟に閉じ込められた鳥
"키우피우 오브제극축제, 봉장취",キウピウオブジェポールフェスティバル、奉仕
"키우피우 오브제극축제, 코 잃은 코끼리 코바",キウピウオブジェ劇祭り、鼻を失った象コバ
"위클리 클래식 페스티벌, 사랑이 형태를 가질 때: 피아노 서승은 [서울 수서]",ウィークリークラシックフェスティバル、愛が形を持つとき：ピアノソスンは[ソウルスソ]
서울특별시 강남구 밤고개로34길 14 (세곡동),ソウル特別市江南区夜峠路34ギル14（セゴクドン）
"위클리 클래식 페스티벌, 앙상블 패치워크: 봄바라기 [논산]",ウィークリークラシックフェスティバル、アンサンブルパッチワーク：ボンバラギ[ノンサン]
프리비젼스튜디오,プレビジョンスタジオ
충청남도 논산시 은진면 탑정로 596,忠清南道Nonsan市Eunjin-myeonトップジョンロ596
"위클리 클래식 페스티벌: 사랑, 다섯 개의 숨: 앙상블 F [경기오산]",ウィークリークラシックフェスティバル：愛、五つの息：アンサンブルF [ゲームオサン]
MEG아트홀,MEGアートホール
경기도 오산시 내삼미로 93(수청동),京畿道烏山市内三迷路93（水清洞）
"대한민국연극제 서울대회, NO EXIT 노엑시트",大韓民国演劇祭ソウル大会、NO EXIT
강남씨어터,江南シアター
서울특별시 강남구 역삼로7길 16 (역삼동),ソウル特別市江南区駅三路7ギル16（駅三洞）
제1회 은곡마을 음악축제: ENCOUNTER,第1回ウンゴク村音楽祭：ENCOUNTER
야기스튜디오,八木スタジオ
서울특별시 강남구 헌릉로569길 37(세곡동),ソウル特別市江南区古陵路569ギル37（セゴクドン）
음악극 페스티벌,音楽劇フェスティバル
"서울 국제 모노드라마 페스티벌, 덕질의 이해",ソウル国際モノドラマフェスティバル、徳徳の理解
서울특별시 중구 삼일대로9길 12 (저동1가),ソウル特別市中区三日大路9ギル12（低洞1街）
"대한민국연극제 서울대회: 도꾸가와 이에야스, 주민센터에 가다",大韓民国演劇祭ソウル大会：東急川家康、住民センターに行く
"제79회 라이브 클럽 데이, CJ문화재단 20주년 기념: Dream to Stage",第79回ライブクラブデー、CJ文化財団20周年記念：Dream to Stage
라이브클럽 협동조합,ライブクラブ協同組合
서울특별시 마포구 어울마당로 61 (서교동),ソウル特別市麻浦区オウルマダンロ61（ソギョドン）
"All Day, JAZZ SHOW! (올데이, 재즈쇼!) 1부 (03.29)","All Day, JAZZ SHOW! （オールデー、ジャズショー！）パート1（03.29）"
제4회 설레발레 페스티벌,第4回ときめきバレエフェスティバル
"제3회 서울 국제 모노드라마 페스티벌, 그렇게 산을 넘는다, 사라지지 않는",第3回ソウル国際モノドラマフェスティバル、そう山を越える、消えない
"대한민국연극제 서울대회, 물고기 여인 [서울 서대문]",大韓民国演劇祭ソウル大会、魚女[ソウル西大門]
북아현아트홀,北アヒョンアートホール
서울특별시 서대문구 북아현로 51(북아현동),ソウル特別市西大門区北亜県路51（北亜県洞）
"제3회 서울 국제 모노드라마 페스티벌, 그레타 오토 (Greta Oto)",第3回ソウル国際モノドラマフェスティバル、グレタ・オト
"위클리 클래식 페스티벌, 사랑의 역사: 바이올린 강유경, 기타 안용헌 [경기 오산]",ウィークリークラシックフェスティバル、愛の歴史：ヴァイオリンカン・ユギョン、その他アン・ヨンホン[ゲームオサン]
DMZ 피스트레인 뮤직 페스티벌 [철원],DMZピストレインミュージックフェスティバル[チョルウォン]
고석정,コ・ソクジョン
강원도 철원군 동송읍 태봉로 1825,江原道鉄原郡東松邑太鳳路1825
"위클리 클래식 페스티벌, 사랑의 기억: 바이올린 김응수 [충남 서산]",ウィークリークラシックフェスティバル、愛の記憶：ヴァイオリンキム・ウンス[忠南西山]
모투스 아트홀,モトスアートホール
충청남도 서산시 군진4길 109-29 (예천동),忠清南道西山市郡津4キル109-29（イェチョンドン）
"위클리 클래식 페스티벌, 음악으로 사랑이 피어난다면: 카운터테너 윤진태, 피아노 백원주 [서울 수서]",ウィークリークラシックフェスティバル、音楽で愛が咲くなら：カウンターテナーユン・ジンテ、ピアノペク・ウォンジュ
"발레축제, 유니버설발레단: 심청",バレエ祭り、ユニバーサルバレエ団：シムチョン
"제35회 대한민국 신춘문예 페스티벌, 포말",第35回韓国新春文芸フェスティバル、フォーム
"제35회 대한민국 신춘문예 페스티벌, 베드 아일랜드",第35回韓国新春文芸フェスティバル、ベッドアイランド
"제35회 대한민국 신춘문예 페스티벌, 꿈에서 아빠 죽이기",第35回韓国新春文芸フェスティバル、夢でパパを殺す
"제35회 대한민국 신춘문예 페스티벌, 강릉96",第35回韓国新春文芸フェスティバル、江陵96
HIPHOPPLAYA FESTIVAL,HIPHOPPLAYA FESTIVAL
"청남대 재즈토닉 페스티벌, The Jazz of Matisse Colors: 마티스의 색으로 재즈를 노래하다 [청주]",青南大ジャズトニックフェスティバル、The Jazz of Matisse Colors：マティスの色でジャズを歌う[清州]
청남대,清南大学
충청북도 청주시 상당구 문의면 청남대길 646,忠清北道清州市Sangdong-guのお問い合わせ面
"제3회 MY드림페스티벌: 춤추는 나무 인형, 피노키오 [밀양]",第3回MYドリームフェスティバル：踊る木人形、ピノキオ[密陽]
"제3회 MY드림페스티벌, 우주매직쇼 [밀양]",第3回MYドリームフェスティバル、宇宙マジックショー[密陽]
"IAPF, HIBI: 나날",IAPF、HIBI：日々
공간소극장,空間小劇場
부산 남구 수영로 지하 242,釜山南区水泳路地下242
"IAPF, 움직임 속의 주파수: Frequency in Motion",IAPF、動きの中の周波数: Frequency in Motion
"제35회 대한민국 신춘문예 페스티벌, 홀드",第35回大韓民国新春文芸フェスティバル、ホールド
"제35회 대한민국 신춘문예 페스티벌, 익명의 원칙",第35回大韓民国新春文芸フェスティバル、匿名の原則
"제35회 대한민국 신춘문예 페스티벌, 항해사",第35回大韓民国新春文芸フェスティバル、航海士
"제35회 대한민국 신춘문예 페스티벌, 실화를 바탕으로 함",第35回韓国新春文芸フェスティバル、実話に基づいて
제35회 대한민국 신춘문예 페스티벌: 창고에선 신선도 유지,第35回大韓民国新春文芸フェスティバル：倉庫では新鮮度維持
"체리블라썸 뮤직페스티벌, 트롯데이 [진해]",チェリーブラッサムミュージックフェスティバル、トロッテイ[ジンヘ]
진해공설운동장,金海公設運動場
경상남도 창원시 진해구 충무로 43 (도만동),慶尚南道昌原市鎮海区忠武路43（道満洞）
어썸뮤직페스티벌,アサムミュージックフェスティバル
"대한민국연극제 서울대회, 눈부신 그날에",大韓民国演劇祭ソウル大会、眩しいその日に
중랑구민회관 대공연장,中浪区民会館大公演場
서울 중랑구 면목로 238,ソウル中南区面目路238
"제43회 대구연극제, 다만 나 혼자 기뻤다",第43回大邱演劇祭、ただ私一人で嬉しかった
"위클리 클래식 페스티벌, The Love 그 사랑: 그레이스 앙상블 [경기 오산]",ウィークリークラシックフェスティバル、The Loveその愛：グレースアンサンブル[ゲームオサン]
"제5회 더파란연극제, 굿프렌즈",第5回ザブルー演劇祭、グッドフレンズ
소극장 길,小劇場の道
대구광역시 남구 명덕로22길 27 (대명동),大邱広域市南区明徳路22ギル27（大明洞）
"대한민국연극제 서울대회, K 가족",韓国演劇祭ソウル大会、Kファミリー
금천뮤지컬센터 금천예술극장,錦川ミュージカルセンター錦川芸術劇場
서울 금천구 시흥대로115길 48,ソウル市錦川区始興大路115ギル48
"제5회 더파란 연극제, 테레즈",第5回ザブルー演劇祭、テレス
우전소극장,右田小劇場
대구광역시 남구 현충로 256 (대명동),大邱広域市南区県忠路256（大明洞）
제5회 더파란 연극제: 곰,第5回 ザブルー演劇祭：クマ
서울히어로락페스티벌 X 트리헌드레드,ソウルヒーローロックフェスティバルXトリハンドレッド
문화비축기지 문화마당,文化備蓄基地文化庭
서울 마포구 증산로 87,ソウル麻浦区増山路87
"제5회 더파란 연극제: 오늘의 내일, 내일의 어제",第5回 青い演劇祭：今日の明日、明日の昨日
뷰티풀 민트 라이프,美容プールミントライフ
GS아트센터 X 서울재즈페스티벌: 인코그니토,GSアートセンターXソウルジャズフェスティバル：インコグニト
"예술의전당 교향악축제, 부천필하모닉오케스트라 (04.05)",芸術の殿堂交響楽祭、富川フィルハーモニー管弦楽団（04.05）
"예술의전당 교향악축제, 수원시립교향악단 (04.02)",芸術の殿堂交響楽祭、水原市立交響楽団（04.02）
"예술의전당 교향악축제, 대구시립교향악단 (04.10)",芸術の殿堂交響楽祭、大邱市立交響楽団（04.10）
"예술의전당 교향악축제, 춘천시립교향악단 (04.19)",芸術の殿堂交響楽祭、春川市立交響楽団（04.19）
"예술의전당 교향악축제, 포항시립교향악단 (04.08)",芸術の殿堂交響楽祭、浦項市立交響楽団（04.08）
"예술의전당 교향악축제, 광주시립교향악단 (04.12)",芸術の殿堂交響楽祭、光州市立交響楽団（04.12）
"예술의전당 교향악축제, KBS교향악단 (04.22)",芸術の殿堂交響楽祭、KBS交響楽団（04.22）
"예술의전당 교향악축제, 부산시립교향악단 (04.03)",芸術の殿堂交響楽祭、釜山市立交響楽団（04.03）
"예술의전당 교향악축제, 인천시립교향악단 (04.04)",芸術の殿堂交響楽祭、仁川市立交響楽団（04.04）
"예술의전당 교향악축제, 서울시립교향악단 (04.09)",芸術の殿堂交響楽祭、ソウル市立交響楽団（04.09）
"예술의전당 교향악축제, 대전시립교향악단 (04.11)",芸術の殿堂交響楽祭、大田市立交響楽団（04.11）
"제166회 군산시립교향악단 정기연주회, 프리뷰 콘서트: 교향악 축제 [군산]",第166回群山市立交響楽団定期演奏会、プレビューコンサート：交響楽祭[群山]
"아츠스프링 대구 페스티벌, 손혜영의 춤: 춤동행-태평을 걷다",アーツスプリング大邱フェスティバル、ソン・ヘヨンのダンス：ダンス同行 - 太平を歩く
"GS칼텍스 예울마루 실내악 페스티벌: 실내악, 그 이상의 세계 [여수]",GSカルテックスエールマル室内楽フェスティバル：室内楽、それ以上の世界 [麗水]
"체리블라썸 뮤직페스티벌, MUSIC & BAND [진해]",チェリーブラッサムミュージックフェスティバル、ミュージック＆バンド[ジンヘ]
PEAK FESTIVAL,PEAK FESTIVAL
지브리 영화음악 FESTA [성남],ジブリ映画音楽FESTA [城南]
지브리 발레 FESTA,ジブリ・バレエ FESTA
지브리 & 디즈니 영화음악 FESTA [서울 (앵콜) ],ジブリ＆ディズニー映画音楽FESTA [ソウル（アンコール）]
통영국제음악당 블랙박스,統営国際音楽堂ブラックボックス
"통영국제음악제, 박수예 & 오를리 샤함 듀오 리사이틀",統営国際音楽祭、拍手芸＆オルリーシャハムデュオリサイタル
지브리 & 디즈니 영화음악 FESTA [대전 (앵콜) ],ジブリ＆ディズニー映画音楽FESTA [大田（アンコール）]
신세계사이먼 부산 프리미엄 아울렛,新世界サイモン釜山プレミアムアウトレット
대금굴 (대이리 동굴지대),大金牡蠣（大井洞窟地帯）
대금굴 대이리 동굴지대,大牡蠣大理里洞窟地帯
강원특별자치도 삼척시 신기면 환선로 800,江原特別自治道三陵市新機面通路800
- 동절기(11월~2월) 9:30~16:00 - 하절기(3월~10월) 9:00~17:00 ※ 당일 예약 불가,- 冬季（11月～2月）9:30～16:00 - 夏季（3月～10月）9:00～17:00 ※当日予約不可
"[개인] - 어른 12,000원 - 경로·청소년 9,000원 - 어린이·군인 6,000원 [단체(30인 이상)] - 어른 10,000원 - 경로·청소년 8,000원 - 어린이·군인 5,000원 ※ 6세 이하 무료 ※ 모노레일 이용료가 포함된 금액","[個人] - 大人12,000ウォン - パス・青少年9,000ウォン - 子ども・兵士6,000ウォン [団体(30人以上)] - 大人10,000ウォン - パス・青少年8,000ウォン - 子供・兵士5,000ウォン ※6歳以下無料※"
용문사(용문산),龍門寺（龍門山）
용문사 용문산,龍門寺龍門山
경기도 양평군 용문면 용문산로 782,京畿道楊平郡龍門面龍門山路782
상시 개방,常時開放
하동 화개장터,河東花開場
경남 경상남도 하동군 화개면 쌍계로 15,慶尚南道慶尚南道河洞郡華開面双渓路15
※ 점포 별로 상이함,※店舗によって異なる
속초 외옹치 바다향기로,束草外灘の海の香りで
강원특별자치도 속초시 대포동 585-5 (대포동),江原特別自治道束草市大浦洞585-5（大浦洞）
- 하절기(4월~9월) 06:00~20:00- 동절기(10월~3월) 07:00~18:00,- 夏季（4月～9月）06:00～20:00- 冬季（10月～3月）07:00～18:00
망원한강공원,望遠漢江公園
서울특별시 마포구 마포나루길 467,ソウル特別市麻浦区麻浦ナルギル467
무료,無料
델피노호텔&리조트 오션플레이,デルフィノホテル＆リゾートオーシャンプレイ
10:00~19:00 (실내존)10:00~18:00 (야외존),10:00～19:00（屋内ゾーン）10:00～18:00（屋外ゾーン）
"[미들시즌(2024.08.26~2024.10.06)]- 어른, 청소년 52,000원- 어린이 47,000원-영/유아(36개월 미만) 무료[골드시즌(2024.06.22~2024.08.25)]- 어른, 청소년 62,000원- 어린이 52,000원-영/유아(36개월 미만) 무료※ 36개월 미만 영/유아 의료보험증 등 나이 확인이 필요한 증빙서류 필수","[ミドルシーズン(2024.08.26～2024.10.06)]-大人、青少年52,000ウォン-子供47,000ウォン-ヤング/幼児(36ヶ月未満)無料[ゴールドシーズン(2024.06.22~2024.08,20)]- 0 52,000ウォン - 若い/幼児（36ヶ月未満）無料※36ヶ月未満の若い/幼児医療保険証など年齢確認が必要な証明書類必須"
통영케이블카,統営ケーブルカー
경남 경상남도 통영시 발개로 205,慶尚南道慶尚南道統営市発展路205
기상 상황에 따라 변동 가능하므로 자세한 사항은 홈페이지 참조 ※ 매표는 운행종료 2~3시간 전 조기마감될 수 있음,気象状況により変動可能ですので詳細はホームページ参照
죽녹원,竹緑園
전남 전라남도 담양군 담양읍 죽녹원로 119,全羅南道全羅南道潭陽郡潭陽邑竹緑原路119
- 하절기(3월~10월) 09:00~19:00 (입장마감 18:00)- 동절기(11월~2월) 09:00~18:00 (입장마감 17:30)※ 관람시간 이외에는 전면통제되오니 관람시간 이후 퇴장시에는 이이남아트센터를 이용하여 퇴장,- 夏季(3月～10月) 09:00～19:00 (入場締切 18:00)- 冬季(11月～2月) 09:00～18:00 (入場締切 17:30)※観覧時間以外は全面統制されますので、観覧時間以降の退場時は引き続き
"[개인]- 일반 3,000원- 청소년(중고생) / 군인(하사 이하) 1,500원- 초등학생 1,000원[단체(20인 이상)]- 일반 2,400원- 청소년(중고생) / 군인(하사 이하) 1,000원- 초등학생 600원※ 무료- 담양군민 / 65세 이상 / 만 6세 미만 / 국가유공자 / 6급 이하 장애인(단, 1~3급은 보호자 1인 포함)※ 무료입장대상자는 관련 신분증 제시 필수","[個人]-一般3,000ウォン-青少年(中高生)/軍人(下士以下) 1,500ウォン-小学生1,000ウォン[団体(20人以上)]-一般2,400ウォン-青少年(中高生)/軍人(下師以下) 1,000ウォン/小学生60 6歳未満 / 国家有功者 / 6級以下障害者（ただし、1～3級は保護者1人を含む）※無料入場対象者は関連身分証明書の提示必須"
여수 해상케이블카,麗水海上ケーブルカー
전남 전라남도 여수시 돌산읍 돌산로 3600-1 (돌산읍),全羅南道全羅南道麗水市ドルサン邑ドルサンロ3600-1（ドルサン邑）
09:30~21:30(매표마감 21:00) ※ 운행시간 및 매표시간은 상황에 따라 변경될 수 있음,09:30～21:30(切符締切21:00) ※運行時間および切符時間は状況により変更される場合があります
경주월드 어뮤즈먼트,慶州ワールドアミューズメント
경북 경상북도 경주시 보문로 544,慶北慶尚北道慶州市普門路544
※ 월별로 운영시간 상이하므로 홈페이지 확인 요망,※月別に運営時間が異なるため、ホームページ確認要望
"[종일권] - 어른 54,000원 - 청소년 47,000원 - 어린이 39,000원 [평일 오후 3시권 / 휴일 야간 4시권] - 어른 39,000원 - 청소년 35,000원 - 어린이 29,000원 ※ 무료 : 36개월 미만 (증빙서류 지참)","[終日券] - 大人54,000ウォン - 青少年47,000ウォン - 子供39,000ウォン"
아그로랜드 태신목장,アグロランド太信牧場
충남 충청남도 예산군 고덕면 상몽2길 231,忠清南道忠清南道予算郡高徳面サンモン2ギル231
[하절기(3월~10월)]09:00~18:30 [동절기 (11월~2월)]09:00~17:30,【夏季（3月～10月）】09:00～18:30 【冬季（11月～2月）】09:00～17:30
"- 성인 7,000원- 소인 5,000원※ 자세한 사항은 전화문의 요망","- 大人7,000ウォン- 小人5,000ウォン※詳細は電話でのお問い合わせ"
해동용궁사,海東龍宮寺
부산광역시 기장군 기장읍 용궁길 86,釜山広域市キジャン郡キジャン邑龍宮道86
04:30~20:30,04:30～20:30
대구 서문시장 & 서문시장 야시장,大邱西門市場＆西門市場ナイトマーケット
대구광역시 중구 큰장로26길 45,大邱広域市中区大長路26ギル45
[서문시장]- 09:00~18:00[대구서문 야시장]- 금요일~토요일 19:00~23:30- 일요일 19:00~22:30,[西門市場]- 09:00~18:00[大邱西門夜市]-金曜日~土曜日19:00~23:30-日曜日19:00~22:30
- 하절기(3월~10월) 09:30~18:00 (입장 마감 17:30)- 동절기(11월~2월)] 09:30~17:00 (입장 마감 16:30),- 夏季(3月～10月) 09:30～18:00 (入場締切17:30)- 冬季(11月～2月)] 09:30～17:00 (入場締切16:30)
"[개인]- 일반 3,000원- 청소년 1,500원- 어린이 1,000원[단체]- 일반 2,400원- 청소년 1,200원- 어린이 800원※ 무료 : 국가유공자 / 장애인 / 65세 이상 노인 등※ 자세한 사항은 홈페이지 참조","[個人] - 一般3,000ウォン - 青少年1,500ウォン - 子供1,000ウォン"
무창포해수욕장,無昌浦海水浴場
충남 충청남도 보령시 웅천읍 열린바다1길 10,忠清南道忠清南道保寧市ウンチョン邑11
파크로쉬 리조트앤웰니스 (PARK ROCHE Resort&Wellness),パークロッシュ リゾート&ウェルネス (PARK ROCHE Resort&Wellness)
파크로쉬 리조트앤웰니스 PARK ROCHE Resort&Wellness,パークロッシュ リゾート＆ウェルネス PARK ROCHE Resort&Wellness
강원특별자치도 정선군 북평면 중봉길 9-12,江原特別自治道鄭善郡北平面中峰道9-12
광한루원,光韓ルーワン
[동절기(11월~3월)]- 08:00~20:00 [하절기(4월~10월)]- 08:00~21:00 ※ 18시 이후부터 무료개장,【冬季（11月～3月）】- 08:00～20:00 [夏季（4月～10月）]- 08:00～21:00 ※18時以降から無料開場
"[어른(19세~64세)] - 개인 4,000원 - 단체 2,500원 - 연계할인 1,800원 [청소년(중·고등학생) 및 군인(하사이하)] - 개인 2,000원 - 단체 1,500원 - 연계할인 1,000원 [어린이(초등학생)] - 개인 1,500원 - 단체 1,000원 - 연계할인 700원 ※ 어른 단체는 20인 이상, 청소년 단체는 15인 이상 으로 동일목적, 동시입장 일행 ※ 연계할인권은 춘향테마파크 당일 입장권 소지자에 한정 ※ 무료입장 : 경로(65세 이상), 미취학 아동, 국가유공자, 등록장애인, 남원시민","[大人（19歳～64歳）] - 個人4,000ウォン - 団体2,500ウォン - 連携割引1,800ウォン団体1,000ウォン - 連携割引700ウォン ※大人団体は20人以上、青少年団体は15人以上で同一目的、同時入場一行"
뮤지엄산,ミュージアム山
강원특별자치도 원주시 지정면 오크밸리2길 260,江原特別自治道原州市指定面オークバレー2ギル260
10:00~18:00 (매표 마감 17:00),10:00～18:00（切手締切17:00）
"[통합권]- 대인 46,000원- 소인(초·중·고) 34,000원[명상권]- 대인 39,000원- 소인(초·중·고) 29,000원[제임스터렐권]- 대인 39,000원- 소인(초·중·고) 29,000원- 어린이 5,000원[기본권]- 대인 23,000원- 소인(초·중·고) 15,000원- 어린이 5,000원※ 자세한 사항은 공식 홈페이지 참고 요망","[統合券]-大人46,000ウォン-小人(小・中・高) 34,000ウォン[瞑想券]-対人39,000ウォン-小人(小・中・高) 29,000ウォン[ジェームステレル券]-大人39,000ウォン-小人(小・中・高0) 2 5,000ウォン[基本券]- 大人23,000ウォン-小人(小・中・高) 15,000ウォン- 子供5,000ウォン※詳細は公式ホームページ参考要望"
해맞이해안로,日の出海岸へ
제주특별자치도 제주시 구좌읍 김녕리,済州特別自治道済州市口座邑金寧里
금산 보리암(남해),錦山ボリアム（南海）
금산 보리암 남해,錦山ボリアム南海
경남 경상남도 남해군 상주면 보리암로 665,慶尚南道慶尚南道南海郡常州面ボリアムロ665
- 동절기(11월~4월) 05:00~16:00 - 하절기(5월~10월) 04:00~17:00,- 冬季（11月～4月）05:00～16:00 - 夏季（5月～10月）04:00～17:00
도담삼봉,ドダムサムボン
충북 충청북도 단양군 매포읍 삼봉로 644 (매포읍),忠北忠清北道丹陽郡麻浦邑サムボンロ644（麻浦邑）
09:00~18:00,09:00～18:00
비밀의 숲,秘密の森
제주특별자치도 제주시 구좌읍 송당리 2173,済州特別自治道済州市口座邑ソンダンリ2173
"- 일반 4,000원 - 65세 이상 3,000원 - 7세 이하 2,000원 - 3세 이하 무료 ※ 이용요금은 변동될 수 있으므로 홈페이지 참조 또는 전화 문의 요망","- 一般4,000ウォン - 65歳以上 3,000ウォン - 7歳以下 2,000ウォン - 3歳以下無料"
속초해수욕장 대관람차(속초아이),束草海水浴場大観覧車（束草子供）
속초해수욕장 대관람차 속초아이,束草海水浴場大観覧車束草子供
강원특별자치도 속초시 청호해안길 2,江原特別自治道束草市清湖海岸道2
- 평일 10:00~20:00 (매표 마감 19:30) - 주말·공휴일 10:00~21:00 (매표 마감 20:30),- 平日10:00～20:00（切手締切19:30） - 週末・祝日10:00～21:00（切手締切20:30）
매미성,セミソン
경남 경상남도 거제시 장목면 복항길 29,慶南慶尚南道巨済市長木面ボクハンギル29
"- 대인 15,000원- 소인 13,000원※ 자세한 사항은 홈페이지 참조","- 大人15,000ウォン- 小人13,000ウォン※詳細はホームページ参照"
청풍호반케이블카,清風湖畔ケーブルカー
충북 충청북도 제천시 청풍면 문화재길 166 (청풍면),忠北忠清北道済川市清風面文化財道166（清風面）
- 09:30~18:30 - 매표마감 18:00 ※ 운행 중 기상악화 시 일시중단 가능 ※ 매월 운영시간 변동 있으므로 자세한 사항 홈페이지 참조,- 09:30～18:30 - 切符締め切り 18:00 ※運行中の気象悪化時の一時停止可能 ※毎月の運営時間変動のため詳細情報ホームページ参照
"[일반 캐빈] - 대인 18,000원 - 소인 14,000원 [크리스탈 캐빈] - 대인 23,000원 - 소인 18,000원","[一般キャビン] - 大人18,000ウォン - 小人14,000ウォン [クリスタルキャビン] - 大人23,000ウォン - 小人18,000ウォン"
망상해변,妄想ビーチ
강원특별자치도 동해시 동해대로 6270-10 (망상동),江原特別自治道東海市東海大路6270-10（妄想洞）
안동 하회마을 [유네스코 세계유산],安東下回村[ユネスコ世界遺産]
경북 경상북도 안동시 풍천면 전서로 186-8,慶尚北道慶尚北道安東市豊川面全西路186-8
[하절기(4월~9월)]- 09:00~18:00 - 입장 마감 17:30[동절기(10월~3월)]- 09:00~17:00- 입장 마감 16:30,[夏季（4月～9月）]- 09:00～18:00 - 入場締切 17:30[冬季(10月～3月)]- 09:00～17:00- 入場締切 16:30
"[개인]- 일반 5,000원- 청소년 및 제복근무자 2,500원- 어린이 1,500원[단체(30인 이상)]- 일반 4,000원- 청소년 및 제복근무자 2,000원- 어린이 1,200원[안동시민 및 예천군민]- 일반 1,000원- 청소년 및 제복근무자 500원- 어린이 400원[안동시민 및 예천군민(30인 이상)]- 일반 900원- 청소년 및 제복근무자 400원- 어린이 300원※ 무료- 만 65세 이상 / 장애 1~3급 본인 및 보호자 1인 / 장애 4급 본인","[個人]-一般5,000ウォン-青少年および制服勤務者2,500ウォン-子供1,500ウォン[団体(30人以上)]-一般4,000ウォン-青少年および制服勤務者2,000ウォン-子ども1,200ウォン[安東市民および例千年民]-一般1,子供400ウォン[安東市民および例天軍民(30人以上)]-一般900ウォン-青少年および制服勤務者400ウォン-子供300ウォン※無料-満65歳以上/障害1～3級本人および保護者1人/障害4級本人"
함덕해수욕장 (함덕 서우봉 해변),咸徳海水浴場（咸徳ソウボンビーチ）
함덕해수욕장 함덕 서우봉 해변,咸徳海水浴場咸徳ソウボンビーチ
제주특별자치도 제주시 조천읍 조함해안로 519-10,済州特別自治道済州市チョチョン邑チョハム海岸路519-10
상시 개방 ※ 해수욕장 개장기간에는 변동 가능성 있음,常時開放※海水浴場開場期間には変動の可能性あり
내소사(부안),内所社（部安）
내소사 부안,内所寺部安
전북특별자치도 부안군 내소사로 191 내소사매표소,全北特別自治道府安郡内所社として191内小売売所
[하절기] 06:00~19:00[동절기] 07:00~18:00,[夏季] 06:00～19:00[冬季] 07:00～18:00
아난티 앳 부산 코브,アナンティアット釜山コーブ
경북 경상북도 경주시 일정로 186 (인왕동),慶北慶尚北道慶州市日程路186（仁王洞）
이호테우해변,イホテウビーチ
제주특별자치도 제주시 도리로 (이호일동),済州特別自治道済州市鳥居（イ・ホイルドン）
경포해수욕장,京浦海水浴場
강원특별자치도 강릉시 창해로 514 (안현동),江原特別自治道江陵市昌海路514（安賢洞）
09:30~17:30 (발권 마감 16:30),09:30～17:30（発券締切16:30）
"[개인] - 일반 4,000원- 초등·중등·고등 및 동일연령 청소년 2,000원 [단체]- 일반 3,000원- 초등·중등·고등 및 동일연령 청소년 1,500원※ 무료 : 7세 미만 유아 / 65세 이상 경로 / 장애인 등※ 자세한 사항은 홈페이지 참조","[個人] - 一般4,000ウォン- 初等・中等・高等及び同一年齢青少年2,000ウォン [団体]-一般3,000ウォン- 小・中等・高等及び同一年齢青少年1,500ウォン※無料：7歳未満幼児/65歳以上パス/障害者等※詳細はホームページ参照"
전북 전주 한옥마을 [슬로시티],全北全州韓屋村[スローシティ]
전북 전주 한옥마을,全北全州韓屋村
전북특별자치도 전주시 완산구 기린대로 99 (남노송동),全北特別自治道全州市ワンサン区キリン大路99（ナムノソンドン）
충남 충청남도 천안시 동남구 목천읍 독립기념관로 1,忠南忠清南道天安市東南区木川邑独立記念館1
[하절기 (3월~10월)] - 09:30~18:00 - 입장 마감 17:00 [동절기 (11월~2월)] - 09:30~17:00 - 입장 마감 16:00,[夏季（3月～10月）] - 09:30～18:00 - 入場締切 17:00 [冬季（11月～2月）] - 09:30～17:00 - 入場締切 16:00
"무료 (단, 체험활동비는 별도 부과)",無料（ただし、体験活動費は別途賦課）
순천만습지,順天満湿地
전남 전라남도 순천시 순천만길 513-25 (대대동),全羅南道全羅南道順天市順天満吉513-25（大大洞）
"[3~4월, 9~10월]08:00~18:00 [5~8월]08:00~19:00 [11~2월]08:00~17:00 ※ 관람 시간은 입장마감으로부터 1시간까지 가능 ※ 야간천문대 이용은 계절별 탄력 운영 / 사전 인터넷 접수(프로그램시작 30분 전부터 출구를 통해 입장가능)",[3～4月、9～10月]08:00～18:00 [5～8月]08:00～19:00 [11～2月]08:00～17:00 ※観覧時間は入場締切から1時間まで可能 ※夜間天文台利用は季節別弾力運営入場可能）
"[개인] - 성인 10,000원 - 청소년, 군인 7,000원 - 어린이 5,000원 [단체(20인 이상)] - 성인 6,000원 - 청소년, 군인 5,000원 - 어린이 3,000원 [순천 시민] - 성인 2,000원 - 청소년, 군인 1,500원 - 어린이 무료 ※ 우대 및 할인은 홈페이지 참조","[個人] - 大人10,000ウォン - 青少年、兵士7,000ウォン - 子供5,000ウォン [団体（20人以上）] - 大人6,000ウォン - 青少年、兵士5,000ウォン - 子供3,000ウォン [順天市民] - 大人2,000ウォン -優待と割引はホームページをご覧ください"
태종대,太宗大学
부산광역시 영도구 전망로 24 (동삼동),釜山広域市永道区展望路24（東三洞）
[하절기(3월~10월)]04:00~24:00[동절기(11월~2월)]05:00~24:00※ 자세한 사항은 홈페이지 참조,【夏季（3月～10月）】04:00～24:00【冬季（11月～2月）】05:00～24:00※詳細はホームページ参照
강원특별자치도 강릉시 난설헌로 131 (초당동),江原特別自治道江陵市南雪憲路131
10:00~20:00 (입장마감 19:00),10:00～20:00（入場締切19:00）
"- 성인 19,000원- 청소년 15,000원- 어린이 12,000원- 유아 무료","- 大人19,000ウォン-青少年15,000ウォン-子供12,000ウォン-幼児無料"
해인사(합천),海印寺（ハプチョン）
해인사 합천,海仁寺ハプチョン
경남 경상남도 합천군 가야면 해인사길 122,慶南慶尚南道ハプチョン郡ガヤミョンヘインサギル122
09:00~17:30※ 변동 가능성 있으므로 전화 문의 후 방문 요망,09:00～17:30※変動の可能性があるため、電話連絡後の訪問要望
쏠비치 호텔&리조트 삼척,ソルビーチホテル＆リゾートサムチョク
강원특별자치도 삼척시 수로부인길 453,江原特別自治道三che市水路婦人道453
통도사(양산),通道士（量産）
통도사 양산,通道士の量産
경남 경상남도 양산시 하북면 통도사로 108,慶南慶尚南道楊山市河北面通道寺路108
06:30~17:30,06:30～17:30
소노벨 단양,ソノベル丹陽
충북 충청북도 단양군 단양읍 삼봉로 187-17,忠北忠清北道丹陽郡丹陽邑三峰路187-17
인천 차이나타운,仁川チャイナタウン
인천광역시 중구 차이나타운로59번길 20,仁川広域市中区チャイナタウン路59番ギル20
백담사,ペクダムサ
강원특별자치도 인제군 백담로 746 백담사,江原特別自治道仁済郡ペクダムロ746ペクダムサ
상시 개방※ 자세한 사항은 전화문의 요망,常時開放※詳細は電話問い合わせの要望
아홉산숲,9山の森
부산광역시 기장군 철마면 미동길 37-1,釜山広域市キジャン郡鉄馬面ミドンギル37-1
09:00~18:00 (입장마감 17:00) ※ 사전 예약 필수,09:00～18:00 (入場締切17:00) ※事前予約必須
"- 일반 8,000원 - 경로, 단체 7,000원 - 청소년, 어린이 5,000원 ※ 이용요금은 변동될 수 있으므로 전화문의","- 一般8,000ウォン - ルート、団体7,000ウォン - 青少年、子供5,000ウォン ※利用料金は変動する可能性があるため"
09:00~19:00 (입장마감 : 종료 1시간 전),09:00～19:00 (入場締切：終了1時間前)
"[개인] - 성인 19,000원 - 청소년 16,000원 - 어린이 13,000원 [단체] - 성인 16,000원 - 청소년 14,000원 - 어린이 12,000원","[個人] - 大人19,000ウォン - 青少年16,000ウォン - 子供13,000ウォン [団体] - 大人16,000ウォン - 青少年14,000ウォン - 子供12,000ウォン"
밀락더마켓,ミラクダーマーケット
부산광역시 수영구 민락수변로17번길 56,釜山広域市水泳区民楽水辺路17番ギル56
10:00~24:00,10:00～24:00
제주 서귀포 산방산,済州西帰浦山房山
제주특별자치도 서귀포시 안덕면 사계리 산16,済州特別自治道西帰浦市安徳面サゲリ山16
"09:00~18:00 ※ 단, 입장 마감은 일몰시간에 따라 변동",09:00～18:00 ※ただし、入場締切は日没時間により変動
서동공원과 궁남지,西洞公園と宮南地
충남 충청남도 부여군 부여읍 궁남로 52,忠清南道忠清南道扶余郡扶邑宮南路52
송도 센트럴파크,松島セントラルパーク
인천광역시 연수구 컨벤시아대로 160,仁川広域市延寿区コンベンシア通り160
상시 개방 ※ 자세한 사항은 전화문의 요망,常時開放 ※詳細はお電話のご要望
재인폭포 (한탄강 유네스코 세계지질공원),在仁滝（ハンタン川ユネスコ世界地質公園）
재인폭포 한탄강 유네스코 세계지질공원,在仁滝ハンタン川ユネスコ世界地質公園
경기도 연천군 연천읍 부곡리 192,京畿道延川郡延川邑富谷里192
09:00~18:00 (입장 마감 17:30),09:00～18:00（入場締切17:30）
"- 성인 5,000원 (연천사랑상품권 3,000원 반환) - 어린이 3,000원 (연천사랑상품권 2,000원 반환) ※ 무료 : 6세 이하 영유아","- 大人5,000ウォン(延川愛商品券3,000ウォン返還) - 子供3,000ウォン(延川愛商品券2,000ウォン返還)"
춘천 삼악산 호수케이블카,春川三岳山湖ケーブルカー
강원특별자치도 춘천시 스포츠타운길 245,江原特別自治道春川市スポーツタウンギル245
[12월~2월] - 일요일~금요일 09:00~18:00 - 토요일 09:00~19:00 [3월~5월/11월] - 일요일~금요일 09:00~19:00 - 토요일 09:00~20:00 [6월~10월] - 일요일~금요일 09:00~20:00 - 토요일 09:00-21:00 ※ 탑승 마감 : 영업종료 1시간 전 ※ 매표 마감 : 현장 사항에 따라 티켓 조기 매진될 수 있음,[12月〜2月] - 日曜日〜金曜日09:00〜18:00 - 土曜日09:00〜19:00 [3月〜5月/11月] - 日曜日〜金曜日09:00〜19:00 - 土曜日09:00〜20:00 [6月〜10月] - 日曜日〜 09:00-21:00 ※搭乗締切：営業終了の1時間前
"[일반 캐빈] - 대인 24,000원 - 소인 18,000원 [크리스탈 캐빈] - 대인 28,000원 - 소인 22,000원 ※자세한 내용은 홈페이지 참조","[一般キャビン] - 大人24,000ウォン - 小人18,000ウォン [クリスタルキャビン] - 大人28,000ウォン - 小人22,000ウォン ※詳細はホームページ参照"
바람의 언덕,風の丘
경남 경상남도 거제시 남부면 도장포마을,慶南慶尚南道巨済市南部面道場浦村
양평 두물머리,楊平頭髪
경기도 양평군 양서면 두물머리길 145,京畿道楊平郡両西面24
광안리해수욕장,広安里海水浴場
부산광역시 수영구 광안해변로 219 (광안동),釜山広域市水泳区広安海路219（広安洞）
경북 경상북도 경주시 경감로 614 (천군동),慶北慶尚北道慶州市慶尚路614（天郡洞）
- 공원 10:00~22:00 - 전시관 10:00~18:00 ※ 월별 이용시간 상이하므로 자세한 내용은 공식 홈페이지 참고,- 公園10:00~22:00 - 展示館10:00~18:00 ※月別利用時間が異なるため、詳細は公式ホームページをご覧ください。
"[개인] - 대인 12,000원 - 소인 10,000원 [단체, 우대권] - 대인 10,000원 - 소인 8,000원 ※ 무료 - 36개월 미만 / 심한 장애(중증) 본인 및 보호자 1인 / 국가보훈등록증 본인 및 배우자 / 기초생활수급자 / 단체 인솔자 (10명당 1명) ※ 대상에 따라 상이하므로 자세한 사항은 홈페이지 참조","[個人] - 対人12,000ウォン - 小人10,000ウォン [団体、優待券] - 対人10,000ウォン - 小人8,000ウォン ※無料 - 36ヶ月未満対象によって異なりますので、詳細はホームページをご覧ください。"
더베이101,ダーベイ101
부산광역시 해운대구 동백로 52,釜山広域市海雲台区東白路52
- 더베이 101 08:00~24:00 - 대도식당 07:00~22:00 - 핑거스앤챗 12:00~24:00 ※ 자세한 사항은 전화문의 요망,- ザ・ベイ101 08:00~24:00 - 大道食堂 07:00~22:00 - フィンガーズ＆チャット 12:00~24:00 ※詳細は電話のお問い合わせ
경주 첨성대,慶州瞻星台
경북 경상북도 경주시 첨성로 140-25,慶北慶尚北道慶州市瞻城路140-25
- 하절기 09:00~22:00 - 동절기 09:00~21:00,- 夏季09:00～22:00 - 冬季09:00～21:00
팔공산 케이블카,八公山ケーブルカー
대구광역시 동구 팔공산로185길 51,大邱広域市東区八公山路185ギル51
※ 월별로 이용 시간이 상이하므로 홈페이지 참조,※月別に利用時間が異なるため、ホームページ参照
"[대인] - 왕복 14,000원 - 편도 11,000원 [소인] - 왕복 8,000원 - 편도 5,500원 [경로우대(만65세 이상), 국가유공자, 장애인] - 왕복 12,000원 - 편도 8,000원 ※ 이용요금은 변동될 수 있으므로 홈페이지 참고","[大人] - 往復14,000ウォン - 片道11,000ウォン [小人] - 往復8,000ウォン - 片道5,500ウォン"
만천하 스카이워크,満天河スカイウォーク
충북 충청북도 단양군 적성면 옷바위길 10,忠清北道忠清北道丹陽郡適城面服ロックギル10
- 하절기 09:00~18:00 (매표 마감 17:00)- 동절기 09:00~17:00 (매표 마감 16:00)※당일 기상 여건에 따라 관람에 다소 제한이 있을 수 있음,- 夏季 09:00~18:00 (切符締切 17:00)- 冬季 09:00~17:00 (切符締め切り 16:00)※当日の気象条件により観覧に多少制限がある場合があります
"[개인] - 어른 4,000원 - 청소년, 어린이, 경로우대(만65세 이상) 3,000원 [단체 (20인 이상)] - 어른 3,000원 - 청소년, 어린이, 경로우대(만65세 이상) 2,500원 ※ 무료 - 미취학 아동","[個人] - 大人4,000ウォン - 青少年、子ども、パス優待（満65歳以上）3,000ウォン"
삼양라운드힐,サムヤンラウンドヒル
강원특별자치도 평창군 대관령면 꽃밭양지길 708-9,江原特別自治道平昌郡大関嶺面花畑ヤンジギル708-9
- 하절기(5월~10월) 09:00~17:00- 동절기(11월~4월) 09:00~16:30※ 이용시간은 목장 사정에 따라 변경될 수 있으므로 홈페이지 참조 및 전화 문의 요망,- 夏季（5月～10月） 09:00～17:00- 冬季（11月～4月） 09:00～16:30※利用時間は牧場事情により変更される場合がありますので、ホームページ参照及び電話お問い合わせ要望
"[개인]- 대인 12,000원- 소인 10,000원- 우대 9,000원[단체(30인 이상)]- 대인 10,000원- 소인 8,000원[단체(60인 이상)]- 대인 8,000원- 소인 6,000원[단체(100인 이상)]- 대인 6,000원- 소인 5,000원※ 무료36개월 미만 / 중증장애인 / 생활보호대상자인 학생 / 평창군민※ 우대만 65세 이상 / 경증장애인 / 중증장애인 보호자 1인 / 국가유공자※ 우대 및 무료입장 대상자는 사진이 있는 신분증 제시 필수※ 이용요금은 목장 사정에 따라 변경될 수 있으므로 홈페이지 참조 및 전화 문의 요망","[個人]-大人12,000ウォン-小人10,000ウォン-優遇9,000ウォン[団体(30人以上)]-対人10,000ウォン-小人8,000ウォン[団体(60人以上)]-大人8,000ウォン-小人6,000ウォン6,000ウォン-小人5,000ウォン※無料36ヶ月未満/重症障害者/生活保護対象者である学生/平昌郡民※優待のみ65歳以上/軽症障害者/重症障害者保護者1人/国家有功者※優待及び無料入場対象者は写真付き身分証明書提示必須※利用料金"
부산 송도해수욕장,釜山松島海水浴場
부산광역시 서구 송도해변로 100,釜山広域市西区松島海路100
06:00~23:00,06:00～23:00
묵호항,黙号港
강원특별자치도 동해시 일출로 22 (발한동),江原特別自治道東海市日の出路22（バルハン洞）
코엑스,COEX
서울특별시 강남구 영동대로 513,ソウル特別市江南区永東大路513
※ 시설 별로 상이하므로 홈페이지 참조,※施設ごとに異なるためホームページ参照
부산 암남공원,釜山岩南公園
부산광역시 서구 암남공원로 185 (암남동),釜山広域市西区岩南公園路185（岩南洞）
경주 동궁과 월지,慶州東宮とウォルジー
경북 경상북도 경주시 원화로 102,慶北慶尚北道慶州市ウォンファ102
제주 산방산탄산온천,済州山房山炭酸温泉
제주특별자치도 서귀포시 안덕면 사계북로41번길 192,済州特別自治道西帰浦市安徳面四季北路41番ギル192
- 실내온천 06:00~23:00 - 찜질방 06:00~22:00 - 노천탕 10:00~22:00,- 室内温泉 06:00~23:00 - チムジルバン 06:00~22:00 - 露天風呂 10:00~22:00
"- 대인 14,000원 - 소인 7,000원 - 야외노천탕 5,000원 - 찜질방 2,000원 ※ 자세한 사항은 전화문의 요망","- 大人14,000ウォン - 小人7,000ウォン - 屋外露天風呂5,000ウォン - チムジルバン2,000ウォン ※詳細は電話でのお問い合わせ"
미리내성지,事前耐性地
경기도 안성시 양성면 미리내성지로 420,京畿道安城市陽城面事前に420
09:00~17:00,09:00～17:00
강릉 경포대,江陵慶浦大学
강원특별자치도 강릉시 경포로 365 (저동),江原特別自治道江陵市警浦路365（低動）
원대리 자작나무 숲 (속삭이는 자작나무 숲),園代白樺の森（ささやく白樺の森）
원대리 자작나무 숲 속삭이는 자작나무 숲,アクセサリー白樺の森ささやく白樺の森
강원특별자치도 인제군 인제읍 자작나무숲길 760 안내소~자작나무숲,江原特別自治道仁済郡仁済邑白樺の森道760案内所～白樺の森
[하절기(5월~10월)]09:00~18:00 (입산가능 09:00~15:00)[동절기(11월~3월)]09:00~17:00 (입산가능 09:00~14:00)※ 자세한 사항은 홈페이지 참조,【夏季（5月～10月）】09:00～18:00（入算可能09:00～15:00）【冬季（11月～3月）】09:00～17:00（入算可能09:00～14:00）※詳細はホームページを参照
하늘공원,空公園
서울특별시 마포구 하늘공원로 95,ソウル特別市麻浦区空公園路95
05:00~20:30,05:00～20:30
영남알프스 얼음골케이블카,ヨンナムアルプスアイスゴールケーブルカー
경남 경상남도 밀양시 산내면 얼음골로 241,慶尚南道慶尚南道密陽市山内面アイスゴール241
- 평일 09:20~17:00 - 주말 08:30~17:00,- 平日09:20～17:00 - 週末08:30～17:00
마곡사 [유네스코 세계유산],マゴクサ[ユネスコ世界遺産]
충남 충청남도 공주시 사곡면 마곡사로 966,忠清南道忠清南道姫市サゴクミョンマゴクサロ966
무료※ 템플스테이등 체험활동비는 별도로 부과됨,無料※テンプルステイなど体験活動費は別途かかります
강화 전등사,強化電灯寺
인천광역시 강화군 길상면 전등사로 37-41,仁川広域市江華郡道上面電灯寺路37-41
09:00~17:30,09:00～17:30
부석사 [유네스코 세계유산],副石寺[ユネスコ世界遺産]
경북 경상북도 영주시 부석면 부석사로 345,慶尚北道慶尚北道永州市ブソクミョンブソクサロ345
소노벨 비발디파크 오션월드,ソノベルビバルディパークオーシャンワールド
기상 상황 및 시즌별 상이하므로 홈페이지 참조,気象状況やシーズンごとに異なるため、ホームページを参照
이용시간 및 시즌별 상이하므로 홈페이지 참조,利用時間とシーズンごとに異なるため、ホームページを参照
남해독일마을,南海ドイツの村
경남 경상남도 남해군 독일로 89-7,慶南慶尚南道南海郡ドイツ路89-7
죽변항,竹変港
경북 경상북도 울진군 죽변면 죽변리,慶尚北道慶尚北道蔚津郡竹辺面竹弁里
비자림,ビザリム
제주특별자치도 제주시 구좌읍 비자숲길 55,済州特別自治道済州市口座邑ビザ森道55
추암 촛대바위,チュアムローソク足岩
강원특별자치도 동해시 추암동 산 69,江原特別自治道東海市中山洞69
[하절기(3월~10월)] 09:00~18:00 (입장 마감 17:00) [동절기(11월~2월)] 09:00~17:00 (입장 마감 16:00),[夏季（3月～10月）] 09:00～18:00 (入場締切17:00) [冬季(11月～2月)] 09:00～17:00 (入場締切16:00)
정동진해변,チョンドンジンビーチ
강원특별자치도 강릉시 강동면 정동역길 17,江原特別自治道江陵市江東面チョンドン駅17
낙산사,ナクサン寺
강원특별자치도 양양군 강현면 낙산사로 100,江原特別自治道ヤンヤン郡カンヒョンミョンナクサンサロ100
06:00~17:30 ※ 퇴장시간 18:30,06:00～17:30 ※退場時間 18:30
방화수류정(동북각루),防火水流錠（東北角楼）
방화수류정 동북각루,防火水流錠北東角
경기도 수원시 팔달구 수원천로392번길 44-6 (매향동),京畿道水原市パルダル区水原天路392番ギル44-6（メヒャンドン）
아침고요수목원,朝高陽樹木園
경기도 가평군 상면 수목원로 432,京畿道加平郡上面樹木園路432
[3월 말~11월] 08:30~19:00 [12월~3월 중순] 10:00~21:00 (토요일 23:00) ※입장마감 : 운영종료 1시간 전,[3月末～11月] 08:30～19:00 [12月～3月中旬] 10:00～21:00 (土曜日 23:00) ※入場締切：運営終了1時間前
"[개인] - 일반 11,000원 - 청소년 8,500원 - 어린이 7,500원 [단체 (30인 이상)] - 일반 10,000원 - 청소년 7,500원 - 어린이 6,500원","[個人] - 一般11,000ウォン - 青少年8,500ウォン - 子供7,500ウォン [団体（30人以上）] - 一般10,000ウォン - 青少年7,500ウォン - 子供6,500ウォン"
경기도 포천시 신북면 청신로947번길 51,京畿道浦川市新北面清新路947番ギル51
- 평일 10:00~21:00- 토요일 10:00~22:00- 일요일 10:00~21:00※ 각 매장 별로 오픈시간과 휴무일이 상이하므로 이용 시 홈페이지 확인 요망,- 平日10:00~21:00-土曜日10:00~22:00-日曜日10:00~21:00※各店舗ごとにオープン時間と休業日が異なるため、利用時のホームページ確認要望
봉은사(서울),ボンウンサ（ソウル）
봉은사 서울,ボンウンサソウル
서울특별시 강남구 봉은사로 531 (삼성동),ソウル特別市江南区奉恩寺路531（三成洞）
09:00~18:00※ 자세한 사항은 전화문의 요망,09:00～18:00※詳細は電話問い合わせ要望
장태산자연휴양림,チャンテサン自然休養林
대전광역시 서구 장안로 461,大田広域市西区長安路461
[숲속어드벤처/출렁다리]- 3월~6월/9월~10월 09:00~18:00- 7월~8월 09:00~19:00- 11월~2월 09:00~17:00[숙박시설]- 입실 15:00- 퇴실 11:00,[森の中のアドベンチャー/蓮の橋] - 3月〜6月/9月〜10月09:00〜18:00- 7月〜8月09:00〜19:00- 11月〜2月09:00〜17:00 [宿泊施設] - 入室15:00- 退室
화성행궁,華城行宮
경기도 수원시 팔달구 정조로 825 (남창동),京畿道水原市パルダル区チョンチョロ825（南昌洞）
- 하절기(3월~10월) 09:00~18:00 - 동절기(11월~2월) 09:00~17:00,- 夏季（3月～10月）09:00～18:00 - 冬季（11月～2月）09:00～17:00
"[개인] - 어른 2,000원 - 청소년 및 군인 1,500원 - 어린이 1,000원 [단체(20인 이상)] - 어른 1,500원 - 청소년 및 군인 1,200원 - 어린이 800원 ※ 자세한 사항은 홈페이지 참조 요망","[個人] - 大人2,000ウォン - 青少年および兵士1,500ウォン - 子供1,000ウォン [団体(20人以上)] - 大人1,500ウォン - 青少年および兵士1,200ウォン - 子供800ウォン ※詳細はホームページ参照要望"
하나개해수욕장,ひとつ海水浴場
인천광역시 중구 하나개로 150 (무의동),仁川広域市中区一つで150（無義洞）
향일암(여수),香一岩（麗水）
향일암 여수,香一岩麗水
전남 전라남도 여수시 돌산읍 향일암로 1,全羅南道全羅南道麗水市ドルサン邑香一岩路1
일출~일몰,日の出～日没
영월 청령포,ヨンウォルチョンリョンポ
강원 영월군 남면 광천리 산67-1,江原永月郡南面光川里67-1
09:00~18:00 (입장 마감 17:00),09:00～18:00（入場締切17:00）
"- 성인 3,000원- 청소년, 군인 2,500원- 어린이 2,000원※ 자세한 사항은 전화문의 요망","- 大人3,000ウォン- 青少年、兵士2,500ウォン- 子供2,000ウォン※詳細は電話でのお問い合わせ"
성산일출봉 [유네스코 세계자연유산],城山日出峰[ユネスコ世界自然遺産]
제주특별자치도 서귀포시 성산읍 일출로 284-12,済州特別自治道西帰浦市城山邑日の出路284-12
"- 1~2월, 11~12월 06:00~18:00 (매표마감 17:00) - 3~4월, 9~10월 05:00~19:00 (매표마감 18:00) - 5~8월 04:30~20:00 (매표마감 19:00)",- 1〜2月、11〜12月06:00〜18:00（売り切れ17:00） - 3〜4月、9〜10月05:00〜19:00（売り切れ18:00） - 5〜8月04:30〜20:00（売り切れ）
"[개인] - 어른 5,000원 - 청소년/군인/어린이 2,500원 [단체(10인 이상)] - 어른 4,000원 - 청소년/군인/어린이 2,000원 ※ 도민 및 국가유공자, 장애인 등 증명서류 지참 시 입장료 면제","[個人] - 大人5,000ウォン - 青少年/軍人/子供2,500ウォン [団体(10人以上)] - 大人4,000ウォン - 青少年/兵士/子供2,000ウォン"
대천해수욕장,大川海水浴場
충남 충청남도 보령시 머드로 123,忠清南道忠清南道保寧市マドロ123
안목해변,目のビーチ
강원특별자치도 강릉시 창해로14번길 20-1,江原特別自治道江陵市昌海路14番ギル20-1
영금정,ヤングムジョン
강원특별자치도 속초시 영금정로 43 (동명동),江原特別自治道束草市永金ジョンロ43（東明洞）
포천 산정호수,浦川山頂湖
경기도 포천시 영북면 산정호수로 402,京畿道浦川市永北面山頂湖402
해밀톤 호텔,ハミルトン ホテル
서울특별시 용산구 이태원로 179,ソウル特別市龍山区梨泰院路179
롯데프리미엄아울렛 의왕점,ロッテプレミアムアウトレット義王店
경기도 의왕시 바라산로 1 (학의동) 1층,京畿道義王市原山路1（学衣洞）1階
10:30~21:00,10:30～21:00
이촌한강공원,利村漢江公園
서울특별시 용산구 이촌로72길 62 (이촌동),ソウル特別市龍山区イチョンロ72ギル62（イチョンドン）
라발스호텔,ラヴァルスホテル
부산광역시 영도구 봉래나루로 82 (봉래동1가),釜山広域市永道区俗来ナルロ82
소노캄 거제,ソノカム巨済
경남 경상남도 거제시 일운면 거제대로 2660,慶尚南道慶尚南道巨済市イルウンミョン巨済大2660
소노캄 고양,ソノカム高陽
경기도 고양시 일산동구 태극로 20 (장항동),京畿道高陽市一山東区太極路20（張港洞）
영흥면에너지파크,永興面エネルギーパーク
인천광역시 옹진군 영흥면 영흥남로293번길 52,仁川広域市オンジン郡永興面永興南路293番ギル52
※ 코스별 상이하므로 관람예약 시 참조,※コース別異なりますので、観覧予約時参照
대동백화점,大東百貨店
경남 경상남도 창원시 성산구 원이대로 730 (상남동),慶尚南道慶尚南道昌原市城山区ウォンイ大路730（上南洞）
- 평일 10:30~20:00- 주말 10:30~20:30,- 平日10:30～20:00- 週末10:30～20:30
대전역 동광장,大田駅東広場
대전광역시 동구 새둑길 143 (소제동),大田広域市東区シャドーギル143（ソジェドン）
금능해수욕장,金能海水浴場
제주특별자치도 제주시 한림읍 금능길 119-10,済州特別自治道済州市漢林邑金能路119-10
행주산성 역사공원,幸州山城歴史公園
경기도 고양시 덕양구 행주외동 140-8,京畿道高陽市徳陽区行州外洞140-8
백운포체육공원,白雲浦体育公園
부산광역시 남구 백운포로 64 (용호동),釜山広域市南区白雲浦路64（龍湖洞）
06:00~22:00 ※ 시설별 상이하므로 자세한 사항은 전화문의 요망,06:00～22:00 ※施設ごとに異なりますので、詳細は電話問い合わせの要望
무주덕유산리조트,武州徳遺産リゾート
소노캄 여수,ソノカム麗水
전남 전라남도 여수시 오동도로 111,全羅南道全羅南道麗水市桂洞111
왜목마을,なぜ牧村
충남 충청남도 당진시 석문면 왜목길 9,忠清南道忠清南道唐津市石門面
창원 우도,昌原ウド
경남 경상남도 창원시 진해구 우도로 5,慶南慶尚南道昌原市鎮海区ウドロ5
아르떼뮤지엄 제주,アルテミュージアム済州
제주특별자치도 제주시 애월읍 어림비로 478,済州特別自治道済州市アウォル邑子供比478
10:00~20:00 (입장 마감 19:00),10:00～20:00（入場締切19:00）
"- 성인 18,000원 - 청소년 14,000원 - 어린이 11,000원 - 유아 할인(2020~2022 년생) 8,000원 - 일반 할인(1962년 이전 출생, 장애인, 유공자, 군인(의무복무자에 한함)) 10,000원 ※ 무료 - 2023년 이후 출생 영아","- 大人18,000ウォン - 青少年14,000ウォン - 子供11,000ウォン - 幼児割引(2020～2022年生まれ) 8,000ウォン"
그랜드 조선 부산,グランド朝鮮釜山
부산광역시 해운대구 해운대해변로 292 그랜드 조선 부산,釜山広域市海雲台区海雲台ビーチ292グランド朝鮮釜山
신세계백화점 센텀시티점,新世界百貨店セントムシティ店
"[백화점] - 정상영업 10:30~20:00 - 연장영업 10:30~20:30 [식당가] 11:00~21:00(주문마감 20:30) ※ 단, 재료 소진 시 조기 마감 가능",[百貨店] - 通常営業10:30~20:00 - 延長営業10:30~20:30
보라매공원,ボラメ公園
서울특별시 동작구 여의대방로20길 33 (신대방동),ソウル特別市東区区汝矣大方路20ギル33（新大方洞）
배론성지,バロン聖地
충북 충청북도 제천시 봉양읍 배론성지길 296 (봉양읍),忠北忠清北道済川市鳳陽邑バロンソンジギル296（鳳陽邑）
무료 (피정 프로그램 비용 별도),無料（避難プログラム費用別途）
덕구온천 스파월드,徳区温泉スパワールド
경북 경상북도 울진군 북면 덕구온천로 924,慶北慶尚北道蔚津郡北面徳区温泉路924
[대온천장]06:00~22:00[스파월드]- 평일 10:00~19:00- 주말 10:00~20:00,[大温天井]06:00~22:00[スパワールド]-平日10:00~19:00-週末10:00~20:00
가리왕산케이블카,ガリワンサンケーブルカー
강원특별자치도 정선군 북평면 중봉길 41-35,江原特別自治道鄭善郡北平面中峰道41-35
10:00~18:00 (매표마감 17:50) ※ 탑승마감 : 숙암역(탑승장) 16:00 ※ 날씨 및 현지 사정에 따라 이용시간 변동될 수 있으므로 사전 확인 요망,10:00～18:00（売り切れ17:50） ※搭乗締切：スクアム駅（搭乗場）
화성 우리꽃식물원,華城ウリ花植物園
경기도 화성시 팔탄면 3.1만세로 777-17,京畿道華城市パルタン面3.1万歳777-17
- 하절기(3~10월) 09:00~18:00- 동절기(11~2월) 09:00~17:00※ 발권 시간은 이용시간 1시간전 마감,- 夏季(3～10月) 09:00～18:00- 冬季(11～2月) 09:00～17:00※発券時間は利用時間1時間前締め切り
강릉 솔향수목원,江陵ソルヒャン樹木園
강원특별자치도 강릉시 구정면 수목원길 156,江原特別自治道江陵市旧正面水木原道156
[주간]- 09:00~18:00 (입장 마감 17:00)[야간]- 하절기(3월~10월) 18:00~23:00 (입장 마감 22:00)- 동절기(11월~2월) 18:00~22:00 (입장 마감 21:00)※ 자세한 사항은 홈페이지 참조,[週間]- 09:00～18:00 (入場締切 17:00)[夜間]- 夏季(3月～10月) 18:00～23:00 (入場締切 22:00)- 冬季(11月～2月) 18:00～22:00 (入場締切
장수암,長寿がん
경남 경상남도 창원시 마산합포구 구산면 원전1길 141,慶南慶尚南道昌原市馬山合浦区九山面原田1ギル141
약천사(제주),薬天使（済州）
약천사 제주,薬天使済州
제주특별자치도 서귀포시 이어도로 293-28 (대포동),済州特別自治道西帰浦市イアロード293-28（大浦洞）
국립부여박물관,国立付与博物館
충남 충청남도 부여군 부여읍 금성로 5,忠清南道忠清南道扶余郡邑邑金星路5
뿌리공원,根公園
대전광역시 중구 뿌리공원로 79 뿌리공원,大田広域市中区根公園路79根公園
[하절기(3월~10월)] 05:00~23:00 [동절기(11월~2월)] 06:00~22:00 ※ 자세한 사항은 홈페이지 참조,[夏季（3月～10月）] 05:00～23:00 [冬季（11月～2月）] 06:00～22:00 ※詳細はホームページ参照
공주 무령왕릉과 왕릉원[유네스코 세계유산],王女武霊王陵と王陵園[ユネスコ世界遺産]
충남 충청남도 공주시 왕릉로 37 (웅진동),忠清南道忠清南道公州市王陵路37（ウンジンドン）
[하절기(3월~10월)] - 09:00~18:00 - 입장마감 17:30 [동절기(11월~2월)] - 09:00~17:00 - 입장마감 16:30,[夏季（3月～10月）] - 09:00～18:00 - 入場締切 17:30 [冬季（11月～2月）] - 09:00～17:00 - 入場締切 16:30
"[개인] - 어른 3,000원 - 청소년 2,000원 - 어린이 1,000원 [단체(20인 이상)] - 어른 2,500원 - 청소년 1,500원 - 어린이 500원 ※ 무료 : 만 65세 이상, 장애인, 미취학아동 ※ 매달 마지막 수요일(문화가 있는 날)은 무료 입장","[個人] - 大人3,000ウォン - 青少年2,000ウォン - 子供1,000ウォン [団体(20人以上)] - 大人2,500ウォン - 青少年1,500ウォン - 子供500ウォン ※無料：満65歳以上、障害者、未就学児"
삼선산수목원,サムソン山樹木園
충남 충청남도 당진시 고대면 삼선산수목원길 79,忠清南道忠清南道唐津市古代面三善山樹木原道79
[3월~11월] - 09:00~18:00 - 입장마감 17:00 [12월~2월] - 09:00~17:00 - 입장마감 16:00,[3月～11月] - 09:00～18:00 - 入場締切 17:00 [12月～2月] - 09:00～17:00 - 入場締切 16:00
예당호 모노레일,イェダンホモノレール
충남 충청남도 예산군 응봉면 예당관광로 158,忠清南道忠清南道予算郡江峰面礼堂観光路158
[3~10월]- 월~목 09:00~20:00- 금~일/공휴일 09:00~21:00[11~2월]- 월~목 : 09:00~18:00- 금~일/공휴일 : 09:00~20:00,[3～10月]-月～木09:00～20:00-金～日/祝日09:00～21:00[11～2月]-月～木：09:00～18:00-金～日/祝日：09:00～20:00
보석박물관,宝石博物館
전북특별자치도 익산시 왕궁면 호반로 8,全北特別自治道益山市王宮面湖畔路8
10:00 ~ 18:00,10:00～18:00
"[성인]-3,000원 [청소년, 군인]- 2,000원[어린이]- 1,000원","[大人] - 3,000ウォン [青少年、兵士] - 2,000ウォン [子供] - 1,000ウォン"
수타사,サードパーティー
강원특별자치도 홍천군 영귀미면 수타사로 473,江原特別自治道洪川郡永帰美面スーターサーロ473
속초시립박물관·속초실향민문화촌,束草市立博物館・束草実郷民文化村
강원특별자치도 속초시 신흥2길 16,江原特別自治道束草市新興2ギル16
- 하절기(3 월~10 월) 09:00~18:00 (입장마감 17:00)- 동절기(11 월~2 월) 09:00~17:00 (입장마감 16:00),- 夏季(3月～10月) 09:00～18:00 (入場締切17:00)- 冬季(11月～2月) 09:00～17:00 (入場締切16:00)
"[개인]- 일반 2,000원- 청소년·군인 1,500원- 어린이 700원[단체(30명 이상)]- 일반 1,500원- 청소년·군인 1,000원- 어린이 500원","[個人]-一般2,000ウォン-青少年・兵士1,500ウォン-子供700ウォン[団体(30人以上)]-一般1,500ウォン-青少年·兵士1,000ウォン-子供500ウォン"
용문산,龍門山
오륙도 스카이워크,五陸島スカイウォーク
부산광역시 남구 오륙도로 137,釜山広域市南区五陸路137
- 하절기(6월~9월) 09:00~19:00 (입장 마감 18:50)- 동절기(10월~5월) 09:00~18:00 (입장 마감 17:50)※ 설·추석 당일은 12:00부터 개방,- 夏季（6月～9月）09:00～19:00 (入場締切18:50)- 冬季(10月～5月) 09:00～18:00 (入場締切17:50)※雪・秋夕当日は12:00から開放
구룡사,九龍寺
강원특별자치도 원주시 소초면 구룡사로 500,江原特別自治道原州市蘇州面九龍寺路500
도산서원 [유네스코 세계유산],道山書院[ユネスコ世界遺産]
경북 경상북도 안동시 도산면 도산서원길 154,慶北慶尚北道安東市道山面道山西原道154
- 2월~10월 09:00~18:00 (입장 마감 17:30)- 11월~1월 09:00~17:00 (입장 마감 16:30),- 2月～10月09:00～18:00 (入場締切17:30)- 11月～1月09:00～17:00 (入場締切16:30)
"[개인]- 어른 2,000원- 어린이·청소년·제복근무자 1,000원[단체]- 어른 1,500원- 어린이·청소년·제복근무자 800원※ 무료 : 65세이상 어르신 / 6세이하 어린이 / 국가유공자 / 장애인 등※ 자세한 사항은 홈페이지 참조","[個人]- 大人2,000ウォン- 子ども・青少年・制服勤務者 1,000ウォン[団体]- 大人1,500ウォン- 子ども・青少年・制服勤務者 800ウォン※無料：65歳以上のお年寄り/6歳以下のお子様/国家有功者/障害者等※詳細"
단양강 잔도,丹陽川残島
충북 충청북도 단양군 적성면 애곡리 산18-15,忠北忠清北道丹陽郡城城面
문경단산 모노레일,ムンギョンダンサンモノレール
경북 경상북도 문경시 문경읍 활공장길 106,慶北慶尚北道ムンギョン市ムンギョン邑滑空場道106
[하절기(4월~10월)] - 운행시간 09:00~18:00 (탑승 마감 17:00) - 하부 탑승종료(출발지) 17:00 - 상부 탑승종료(도착지) 17:30 [동절기(11월~3월)] - 운행시간 09:30~17:00 (탑승 마감 16:00) - 하부 탑승종료(출발지) 16:00 - 상부 탑승종료(도착지) 16:30 ※ 사정상 연장 및 단축될 수 있음,[夏季(4月～10月)] - 運行時間 09:00~18:00 (搭乗締切 17:00) - 下部搭乗終了(出発地) 17:00 - 上部搭乗終了(到着地) 17:30 [冬季(11月~3月)] - 運行時間 0 16:00) - 下部搭乗終了(出発地) 16:00 - 上部搭乗終了(到着地) 16:30 ※都合上延長及び短縮することができる
"[개인] - 성인 14,000원 - 청소년·경로 12,000원 - 어린이 10,000원 [단체] - 성인 12,000원 - 청소년·경로 10,000원 - 어린이 8,000원 ※ 자세한 사항은 홈페이지 및 전화 문의 참조","[個人] - 大人14,000ウォン - 青少年・経路12,000ウォン - 子供10,000ウォン [団体] - 大人12,000ウォン - 青少年・経路10,000ウォン - 子供8,000ウォン"
대흥사(해남),大興寺（海南）
대흥사 해남,大興寺海南
전남 전라남도 해남군 삼산면 대흥사길 400,全羅南道全羅南道海南郡三山面大興寺400
※ 자세한 사항은 전화문의 요망,※詳細はお電話のご要望
산청 동의보감촌,山清東義保監村
경남 경상남도 산청군 금서면 동의보감로555번길 45-6,慶南慶尚南道山清郡金西面洞555番ギル45-6
09:00~18:00 (매표 마감 17:00),09:00～18:00（切手締切17:00）
"[주제관·한의학박물관] - 어른 개인 2,000원 - 어른 단체(20인 이상) 1,000원 - 청소년·군인 개인 1,500원 - 청소년·군인 단체(20인 이상) 700원 - 어린이 개인 1,000원 - 어린이 단체(20인 이상) 500원 ※ 무료 - 산청군 거주자 / 장애인(보호자 1인 포함) / 독립유공자 / 참전유공자 등","[主題館・韓医学博物館] - 大人個人2,000ウォン - 大人団体(20人以上) 1,000ウォン - 青少年・兵士個人1,500ウォン - 青少年・兵士団体(20人以上) 700ウォン - 子供個人1,000ウォン - 子供団体(20人以上) 5障害者（保護者1人を含む）/独立有功者/参戦有功者など"
정동심곡 바다부채길,チョンドンシンゴック海扇
"강원특별자치도 강릉시 강동면 심곡리 114-3, 정동심곡바다부채길 심곡 매표소",江原特別自治道江陵市江東面深谷里114-3
- 하절기(4월~10월) 09:00~17:30 (매표 마감 16:30)- 동절기(11월~3월) 09:00~16:30 (매표 마감 15:30)※ 기상상황에 따라 변동,- 夏季(4月～10月) 09:00～17:30 (切符締切16:30)- 冬季(11月～3月) 09:00～16:30 (切符締切15:30)※気象状況により変動
"[개인] - 일반 5,000원 - 청소년·군인 4,000원 - 노인·어린이 3,000원 [단체(30인 이상)] - 일반 4,500원 - 청소년·군인 3,500원 - 노인·어린이 2,500원","[個人] - 一般5,000ウォン - 青少年・兵士4,000ウォン - 高齢者・子供3,000ウォン"
모나 용평 스키장,モナヨンピョンスキー場
09:00~23:00※ 자세한 사항은 홈페이지 참조,09:00～23:00※詳細はホームページ参照
낙강물길공원,楽川水道公園
경북 경상북도 안동시 상아동 423 (상아동),慶尚北道慶尚北道安東市象児洞423（象児洞）
은평한옥마을,ウンピョン韓屋村
서울특별시 은평구 연서로50길 7-10 (진관동),ソウル特別市 ウンピョン区ヨンソロ50ギル7-10 (鎮関洞)
수종사,宗教
경기도 남양주시 조안면 북한강로433번길 186,京畿道南楊州市城安面北漢江路433番ギル186
죽변해안스카이레일,竹変海岸スカイレール
경북 경상북도 울진군 죽변면 죽변중앙로 235-8,慶北慶尚北道蔚津郡竹辺面竹辺中央路235-8
- 평일 09:30~17:30 - 주말 및 공휴일 09:00~17:30 ※ 매표 마감은 영업시간 30분 전 ※ 시즌별 이용시간 변동 있으므로 홈페이지 참조,- 平日 09:30~17:30 - 週末及び祝日 09:00~17:30 ※ 切手締切は営業時間の30分前 ※シーズン別利用時間変動のためホームページ参照
"[A코스(죽변 - 봉수항)] - 1·2인 탑승 21,000원 - 3인 탑승 28,000원 - 4인 탑승 35,000원 - 단체 28,000원 ※ 단체는 4인승 8대 이상 또는 총 30명 이상 ※ 시설 사용료는 차량 당 금액","[Aコース(竹便 - 奉水港)] - 1・2人搭乗21,000ウォン - 3人搭乗28,000ウォン - 4人搭乗35,000ウォン - 団体28,000ウォン ※団体は4人乗り8台以上または合計30人以上"
대천해수욕장 스카이바이크,大川海水浴場スカイバイク
충남 충청남도 보령시 해수욕장10길 75,忠清南道忠清南道保寧市海水浴場10ギル75
- 10:00~16:40- 평일 휴게시간 12:00~14:00- 주말 휴게시간 12:00~13:30,- 10:00~16:40- 平日の休憩時間 12:00~14:00- 週末の休憩時間 12:00~13:30
"[일반] - 2인 23,000원 - 3인 28,000원 - 4인 33,000원 [단체(4인승 8대 이상 또는 30명 이상)] - 28,000원","[一般] - 2人23,000ウォン - 3人28,000ウォン - 4人33,000ウォン [団体(4人乗り8台以上または30人以上)] - 28,000ウォン"
라마다프라자 수원호텔,ラマダプラザ水原ホテル
경기도 수원시 팔달구 중부대로 150,京畿道水原市八達区中部大路150
경기도 동두천시 평화로2910번길 46 (상봉암동),京畿道東豆川市平和路2910番ギル46（サンボンアムドン）
- 1회자 10:00~12:00- 2회차 13:00~15:00- 3회차 15:30~17:30※ 예매한 회차 당 2시간 이내 관람 가능※ 재입장 불가,- 1回目 10:00~12:00- 2回目 13:00~15:00- 3回目 15:30~17:30※前売り回数あたり2時間以内に観覧可能※再入場不可
"- 개인 4,000원- 단체(10인 이상) 2,000원※ 무료 : 12개월 미만 / 매월 첫째 주, 셋째 주 토요일~일요일","- 個人4,000ウォン- 団体(10人以上) 2,000ウォン※無料：12ヶ月未満 / 毎月第1週、第3週土曜日～日曜日"
신리성지,神里聖地
충남 충청남도 당진시 합덕읍 평야6로 135,忠清南道忠清南道唐津市合徳邑平野6路135
닭머르해안길,鶏の海岸の道
제주특별자치도 제주시 조천읍 신촌북3길 62-1,済州特別自治道済州市朝川邑新村北3ギル62-1
팔봉산(홍천),パルボン山（ホンチョン）
팔봉산 홍천,パルボンサンホンチョン
강원특별자치도 홍천군 서면 한치골길 1124,江原特別自治道洪川郡西面ハンチゴルギル1124
[등산로 개장] 매년 3월 중순∼12월 결빙 시까지 [등산로 이용시간] 07:00~18:00 (입산 마감 15:00),【登山路開場】毎年3月中旬～12月氷結まで【登山路利用時間】07:00～18:00（入山締切15:00）
"[개인] - 어른 1,500원 - 청소년 및 군인 1,000원 - 어린이 500원 [단체] - 어른 1,000원 - 청소년 및 군인 700원 - 어린이 300원 [군민 / 호수문화관광권역시군 지역주민] - 어른 800원 - 청소년 및 군인 500원 - 어린이 300원 ※ 호수문화관광권역시군 지역 주민(춘천시, 화천군, 양구군, 인제군) ※ 단체 30인 이상","[個人] - 大人1,500ウォン - 青少年と兵士1,000ウォン - 子供500ウォン [団体] - 大人1,000ウォン - 青少年と兵士700ウォン - 子供300ウォン※湖水文化観光圏市郡地域住民（春川市、華川郡、両区郡、仁済郡）※団体30人以上"
부산 감천문화마을,釜山甘川文化村
부산광역시 사하구 감내2로 203,釜山広域市サハグガネ2路203
진주성,真珠城
경남 경상남도 진주시 남강로 626,慶南慶尚南道晋州市南江路626
[하절기(3월~10월)] - 05:00~23:00 [동절기(11월~2월)] - 05:00~22:00,[夏季（3月～10月）] - 05:00～23:00 [冬季（11月～2月）] - 05:00～22:00
"[일반] - 2,000원 [청소년, 군인] - 1,000원 [어린이] - 600원","[一般] - 2,000ウォン [青少年、兵士] - 1,000ウォン [子供] - 600ウォン"
월정교,月精橋
경북 경상북도 경주시 천원2길 11 (교동),慶北慶尚北道慶州市天原2ギル11（京洞）
09:00~22:00,09:00～22:00
대전광역시 유성구 대덕대로 481 (구성동),大田広域市儒城区大徳大路481（区城洞）
09:30~17:30,09:30～17:30
※ 프로그램별 상이하므로 홈페이지 참고,※プログラムごとに異なるため、ホームページ参照
제주동백수목원,済州ツバキ樹木園
제주특별자치도 서귀포시 남원읍 태위로 288,済州特別自治道西帰浦市南原邑テウィロ288
09:00~18:00 (입장 마감 17:00)※ 11월 중순부터 2월 말 운영으로 자세한 사항은 전화문의 요망,09:00～18:00 (入場締切 17:00)※ 11月中旬から2月末の運営で詳細は電話問い合わせの要望
"- 성인 8,000원- 어린이 5,000원","- 大人8,000ウォン- 子供5,000ウォン"
삼척해상케이블카,三尺海上ケーブルカー
강원특별자치도 삼척시 근덕면 삼척로 2154-31,江原特別自治道三陵市近徳面三陵路2154-31
09:00~18:00 (매표마감 17:10),09:00～18:00 (売り切れ 17:10)
롯데아울렛 광주수완점,ロッテアウトレット光州スワン店
광주광역시 광산구 장신로 98 롯데쇼핑몰,光州広域市光山区長信路98ロッテショッピングモール
"[하절기(3월~10월)]- 평일 09:00~18:00 (입장 마감 17:00)- 주말, 공휴일 09:00~19:00 (입장 마감 18:00)[동절기(11월~2월)]- 평일 09:00~17:00 (입장 마감 16:00)- 주말, 공휴일 09:00~18:00 (입장 마감 17:00)※ 자세한 사항은 홈페이지 참조",[夏季（3月～10月）]-平日09:00～18:00（入場締切17:00）-週末、祝日09:00～19:00（入場締切18:00）[冬季（11月～2月）]-平日09:00～17:0祝日09:00～18:00（入場締切17:00）※詳細はホームページ参照
"[개인]- 어른 7,000원- 청소년, 군인 4,000원- 어린이 3,000원[단체(20명 이상)]- 어른 5,600원- 청소년, 군인 3,200원- 어린이 2,4000원※ 자세한 사항은 홈페이지 참조","[個人]-大人7,000ウォン-青少年、兵士4,000ウォン-子供3,000ウォン[団体(20人以上)]-大人5,600ウォン-青少年、兵士3,200ウォン-子供2,4000ウォン※詳細はホームページ参照"
수원시립미술관,水原市立美術館
경기도 수원시 팔달구 정조로 833 (신풍동),京畿道水原市八達区正城路833（新風洞）
[하절기(3월~10월)] - 10:00~19:00 (입장 마감 18:00) [동절기(11월~2월)] - 10:00~18:00 (입장 마감 17:00),[夏季（3月～10月）] - 10:00～19:00 (入場締切18:00) [冬季(11月～2月)] - 10:00～18:00 (入場締切17:00)
"[개인]- 일반 4,000원- 청소년, 군인 2,000원- 어린이 1,000원[단체]- 일반 2,000원- 청소년, 군인 1,000원- 어린이 단체 할인 없음 ※ 무료- 7세 미만 / 65세 이상","[個人]-一般4,000ウォン-青少年、兵士2,000ウォン-子供1,000ウォン[団体]-一般2,000ウォン-青少年、兵士1,000ウォン-子供団体割引なし ※無料-7歳未満/65歳以上"
문경새재도립공원,ムンギョンセジェ都立公園
경북 경상북도 문경시 문경읍 새재로 932,慶北慶尚北道ムンギョン市ムンギョン邑セジェロ932
[문경새재도립공원 탐방로] - 상시 개방 [문경새재오픈세트장] - 11월~2월 10:00~17:00 - 3월~10월 09:00~17:30,[ムンギョンセジェ都立公園探訪路] - 常時開放
설악해변,雪岳ビーチ
강원특별자치도 양양군 강현면 하복리,江原特別自治道ヤンヤン郡カンヒョンミョンハボクリー
나리농원,成農園
경기도 양주시 광사동 812,京畿道楊州市光寺洞812
09:00~20:00,09:00～20:00
"- 양주시관내 1,000원 - 대인 7,000원 - 청소년 5,000원","- 楊州市館内1,000ウォン - 大人7,000ウォン - 青少年5,000ウォン"
송정역(구),ソンジョン駅（旧）
송정역 구,ソンジョン駅区
부산광역시 해운대구 송정중앙로8번길 60 (송정동),釜山広域市海雲台区松井中央路8番ギル60（ソンジョンドン）
09:30~22:00 ※ 운영시간은 상황에 따라 변동될 수 있음,09:30～22:00 ※営業時間は状況により変動する場合があります
위양지(위양지 이팝나무),委譲地（委譲地イポップツリー）
위양지 이팝나무,委譲地イポップツリー
경남 경상남도 밀양시 부북면 위양로 273-36,慶南慶尚南道密陽市富北面慶陽路273-36
이순신광장,イ・スンシン広場
전남 전라남도 여수시 중앙로 74 (중앙동),全羅南道全羅南道麗水市中央路74（中央洞）
일산호수공원,一山湖公園
경기도 고양시 일산동구 호수로 595 (장항동),京畿道高陽市一山東区湖路595（張港洞）
서울숲,ソウルの森
서울특별시 성동구 뚝섬로 273,ソウル特別市 城東区 トゥクソムロ 273
[서울숲] 상시 개방 [생태숲] 05:30~21:30 [곤충식물원] - 하절기(3월~10월) 10:00~17:00 (입장마감 16:30) - 동절기(11월~2월) 10:00~16:00 (입장마감 15:30) [나비정원] 10:00~17:00 (입장마감 16:30) ※ 나비정원은 5월~10월에만 운영,[ソウル森]常時開放[生態森] 05:30～21:30 [昆虫植物園] - 夏季(3月～10月) 10:00～17:00 (入場締切 16:30) - 冬季(11月～2月) 10:00～16:00 (入場締切) 10:00～17:00 (入場締切16:30) ※蝶庭園は5月～10月のみ運営
시몬스 테라스점,シモンステラス店
경기도 이천시 모가면 사실로 988,京畿道利川市に行くと、実際には988
11:00~20:00,11:00～20:00
[실내 전시실]- 월요일 / 화요일 / 목요일 / 금요일 / 일요일 10:00~18:00 (입장 마감 17:30)- 수요일 / 토요일: 10:00~21:00 (입장 마감 20:30)[옥외 전시장(정원)]- 07:00~22:00,[室内展示室]-月曜日/火曜日/木曜日/金曜日/日曜日10:00～18:00(入場締切17:30)-水曜日/土曜日:10:00~21:00(入場締切20:30)[屋外展示場(庭園)]-07:00
"무료※ 단, 유료 특별 전시 제외",無料※但し、有料特別展示を除く
주남저수지 철새도래지,ジュナム貯水池渡り鳥
경남 경상남도 창원시 의창구 동읍 월잠리,慶南慶尚南道昌原市義昌区東邑ウォルジャムリ
상화원,サンファウォン
충남 충청남도 보령시 남포면 남포방조제로 408-52,忠清南道忠清南道保寧市南浦面南浦防助剤408-52
09:00~18:00 (입장마감 17:00),09:00～18:00 (入場締切 17:00)
"- 일반 7,000원 - 단체 / 만 65세 경로 5,000원 ※ 무료 : 미취학 아동 ※ 자세한 사항은 홈페이지 참조 및 전화 문의 요망","- 一般7,000ウォン - 団体/満65歳パス 5,000ウォン ※無料：未就学児 ※詳細はホームページ参照および電話お問い合わせ要望"
마이산 벚꽃길,舞山桜の道
전북특별자치도 진안군 마령면 동촌리,全北特別自治道鎮安郡麻寧面東村里
한담해안산책로,ハンダム海岸遊歩道
제주특별자치도 제주시 애월읍 곽지리,済州特別自治道済州市アウォル邑クァクジリ
신륵사(여주),新楼寺（ヨジュ）
신륵사 여주,新楼寺女州
경기도 여주시 신륵사길 73 (천송동),京畿道麗州市新楼サギル73（チョンソンドン）
- 09:00~17:00 - 휴게시간 11:00~12:00,- 09:00~17:00 - 休憩時間 11:00~12:00
여수예술랜드,麗水アートランド
전남 전라남도 여수시 돌산읍 무술목길 142-1,全羅南道全羅南道麗水市石山邑武術牧道142-1
[3D트릭아트] 09:00~21:00 (발권 마감 20:20) [미디어아트(조각공원)] 09:00~21:00 (발권 마감 20:20) [타워링] 09:30~20:20 (발권 마감 20:20) [카트] - 09:30~19:30(발권 마감 19:20) [전망대 마이다스의 손] 09:00~대기 인원에 따라 조기 마감 될 수 있습니다. [공중그네] 10:00~17:30 [스카이워크] 10:00~17:00 ※모든 체험 시설은 날씨와 대기인원에 따라 마감시간 변동될 수 있음,[3Dトリックアート] 09:00～21:00 (発券締切20:20) [メディアアート(彫刻公園)] 09:00～21:00 (発券締切 20:20) 09:30～19:30(発券締め切り 19:20) [展望台マイダスの手] 09:00～待機人数により早期締め切りになることがあります。 [空中振動] 10:00～17:30 [スカイウォーク] 10:00～17:00 ※全ての体験施設は、天候や大気の人員によって締め切り時間が変動することがある
상주은모래비치,サンジュサンドビーチ
경남 경상남도 남해군 상주면 상주로 17,慶尚南道慶尚南道南海郡上州面上州路17
상시 개방※ 개장일이 아닌 경우 안전 관리자가 상주하지 않으므로 해수욕 불가,常時開放※開場日でない場合、安全管理者が常駐しないので海水浴不可
물미해안전망대,水美海岸展望台
경남 경상남도 남해군 삼동면 동부대로 720,慶南慶尚南道南海郡三洞面東部大720
09:00~18:00 ※ 계절별 변동 가능성 있으므로 전화 문의 요망,09:00～18:00 ※季節変動の可能性がありますので、お電話でのご要望
사려니숲길,思いやりの森の道
제주특별자치도 서귀포시 표선면 가시리 붉은오름 입구,済州特別自治道西帰浦市表線面柏里赤い登り口
09:00~17:00 ※안전한 산행을 위하여 아래 시간 이후 입산 통제- 하절기(4월~9월) 14:00- 동절기(10월~3월) 12:00,09:00～17:00 ※安全な散行のため、下記時間以降の入産制御－夏季（4月～9月） 14：00－ 冬季（10月～3月） 12:00
고성 통일전망타워,古城統一展望タワー
강원특별자치도 고성군 현내면 금강산로 481,江原特別自治道高城郡県内面金剛山路481
[춘·추기(3월1일~7월14일 / 8월21일~10월31일)] 09:00~16:50 [하절기(7월15일~8월20일)] 09:00~17:50 [동절기(11월1일~2월28일)] 09:00~15:50,[春・追記(3月1日～7月14日 / 8月21日～10月31日)] 09:00～16:50 [夏季(7月15日～8月20日)] 09:00～17:50 [冬季(11月1日～2月28日)] 09:00
"[개인] - 어른 3,000원 - 경로 (65세이상) 1,500원 - 초등학생~고등학생 1,500원 [단체] - 어른 2,000원 - 경로 (65세이상) 1,000원 - 초등학생~고등학생 1,200원","[個人] - 大人3,000ウォン - パス（65歳以上）1,500ウォン - 小学生〜高校生1,500ウォン [団体] - 大人2,000ウォン - パス（65歳以上）"
간월암(서산),ガンウォルガン（ソサン）
간월암 서산,ガンウォルガン西山
충남 충청남도 서산시 부석면 간월도1길 119-29,忠清南道忠清南道西山市釜石面間月道1ギル119-29
※ 홈페이지에서 물때 정보 참조,※ホームページからの水の際の情報参照
이순신공원,イ・スンシン公園
경남 경상남도 통영시 정량동 688-1,慶南慶尚南道統営市定陽洞688-1
[관람시간] 10:00~18:00 ※ 입장 마감 16:30 ※ 힐링산책 마감 17:00,[観覧時間] 10:00～18:00 ※入場締切 16:30 ※ヒーリング散策締め切り 17:00
"[입장권] - 성인/어린이(36개월 이상~64세 이하) : 18,000원 [힐링산책] - 성인/어린이(36개월 이상~64세 이하) : 15,000원 ※ 36개월 미만 무료 입장(서류 지참) ※ 65세 이상, 국가유공자는 20%할인(서류 지참) ※ 홍천주민 입장권 20%할인(서류 지참) ※ 장애인 장애인 50% 할인(서류 지참)","[入場券] - 大人/子供（36ヶ月以上〜64歳以下）：18,000ウォン [癒し散策] - 大人/子供（36ヶ月以上〜64歳以下）：15,000ウォン ※36ヶ月未満無料入場（書類持参） ※65歳以上、国有有人者は2入場券20％割引（書類持参） ※障害者障害者50％割引（書類持参）"
바람새마을 소풍정원,風セマウルピクニックガーデン
경기도 평택시 고덕면 새악길 43-42,京畿道平沢市高徳面新楽道43-42
[공원] 상시 개방 [캠핑장] 14:00~익일 11:00,[公園]常時開放[キャンプ場] 14:00～翌11:00
속초해수욕장,束草海水浴場
강원특별자치도 속초시 해오름로 190 (조양동),江原特別自治道束草市海上190（朝陽洞）
파주 임진각(평화누리공원),坡州臨津閣（平和ヌリ公園）
파주 임진각 평화누리공원,坡州臨津閣平和ヌリ公園
경기도 파주시 문산읍 임진각로 177,京畿道坡州市文山邑臨津閣177
※ 시설별 상이하므로 홈페이지 참고,※施設ごとに異なるためホームページ参照
연천 호로고루,ヨンチョンホロゴル
경기도 연천군 장남면 원당리,京畿道延川郡長南面ウォンダンリ
지중해마을,地中海の村
충남 충청남도 아산시 탕정면 탕정면로8번길 55-7,忠清南道忠清南道牙山市唐正面
충북 충청북도 청주시 청원구 상당로 314 (내덕동),忠北忠清北道清州市清原区314（内徳洞）
- 10:00~18:00 - 입장 마감 17:00,- 10:00～18:00 - 入場締切 17:00
"무료(1층 ~ 4층) ※ 5층 기획전시실 2,000원","無料（1階～4階） ※5階企画展示室2,000ウォン"
강릉 중앙시장,江陵中央市場
강원특별자치도 강릉시 금성로 21 (성남동),江原特別自治道江陵市金城路21（城南洞）
※ 점포별 상이함,※店舗別異なる
상림공원,上林公園
경남 함양군 함양읍 교산리 1073-1,慶南咸陽郡咸陽邑京山里1073-1
베어트리파크,ベアツリーパーク
세종특별자치시 전동면 신송로 217,世宗特別自治区電洞面新松路217
[3월~11월]- 월요일~목요일 09:00~19:00 (입장마감 18:00)- 금요일~일요일 09:00~20:00 (입장마감 19:00)[12월~2월]- 월요일~목요일 10:00~19:00 (입장마감 18:00)- 금요일~일요일 10:00~20:00 (입장마감 19:00)※ 눈 또는 비가 오는 악천후기 조기폐장,[3月〜11月] - 月曜日〜木曜日09:00〜19:00（入場締切18:00） - 金曜日〜日曜日09:00〜20:00（入場締切19:00）[12月〜2月] -月曜日〜木曜日10:00〜19:00 10:00～20:00 (入場締切 19:00)※雪または雨が降る悪天候期早期閉場
"[개인]- 성인 13,000원- 청소년(중·고등) 11,000원- 어린이(만 3세~초등) 9,000원- 만 70세 이상/장애인/국가유공자 11,000원[단체(20인 이상)]- 성인 11,000원- 청소년(중·고등) 9,000원- 어린이(만 3세~초등) 8,000원※ 36개월 미만 무료 (의료보험증 제시 / 가족동반 시 한함)","[個人]-大人13,000ウォン-青少年(中・高等) 11,000ウォン-子供(満3歳～初等)9,000ウォン-万70歳以上/障害者/国家有功者11,000ウォン[団体(20人以上)]-大人11,000ウォン- 子供3歳～初等）8,000ウォン※36ヶ月未満無料（医療保険証提示/家族同伴時限）"
경기도 과천시 광명로 181 (막계동),京畿道果川市光明路181（マクゲドン）
[평일] - 10:00~19:00 [토요일] - 10:00~21:00 [일요일] - 10:00~20:00 ※ 공원 사정에 따라 변경 가능성 있으므로 홈페이지 참조,[平日] - 10:00~19:00 [土曜日] - 10:00~21:00 [日曜日] - 10:00~20:00 ※公園の都合により変更の可能性があるためホームページ参照
"[종일권 (1일권)] - 일반 52,000원 - 청소년 46,000원 - 어린이 43,000원 [야간권 (16시 이후)] - 일반 45,000원 - 청소년 39,000원 - 어린이 36,000원 [무료] - 36개월 미만 ※ 할인 및 기타 상세 내용은 홈페이지 참조","【終日券（1日券）】 - 一般52,000ウォン - 青少年46,000ウォン - 子供43,000ウォン"
북악스카이 팔각정,北アックスカイ八角晶
서울특별시 종로구 북악산로 267 (평창동),ソウル特別市鍾路区北岳山路267 (平昌洞)
사천해변(사천해수욕장),四川海岸（四川海水浴場）
사천해변 사천해수욕장,四川海岸四川海水浴場
강원특별자치도 강릉시 사천면 해안로 877,江原特別自治道江陵市四川面海岸路877
한국도로공사 전주수목원,韓国道路公社全州樹木園
전북특별자치도 전주시 덕진구 번영로 462-45,全北特別自治道全州市徳津区繁栄路462-45
화개정원,花改庭園
인천광역시 강화군 교동면 교동동로471번길 6-62,仁川広域市江華郡京洞面京洞洞471番6-62
- 평일 08:00~19:00 (입장마감 18:00)- 주말 08:00~20:00 (입장마감 17:00),- 平日08:00~19:00(入場締切18:00)-週末08:00~20:00(入場締切17:00)
새별오름,鳥星の上昇
제주특별자치도 제주시 애월읍 봉성리 산 59-8,済州特別自治道済州市アウォル邑ボンソンリ山59-8
신포국제시장,新浦国際市場
인천광역시 중구 관동3가,仁川広域市中区関東3街
대둔산케이블카,大邱山ケーブルカー
전북특별자치도 완주군 운주면 대둔산공원길 55,全北特別自治道完州郡雲州面大邱山公園道55
09:00~18:00 (매표마감 17:40) ※ 기상이변 발생시 운행 조기중단,09:00～18:00 (売表締め切り17:40) ※気象異変発生時の運行早期中断
"[왕복] - 대인 16,000원 - 대인할인 14,500원 - 소인 12,500원 - 소인할인 12,000원 [편도] - 대인 13,000원 - 대인할인 12,000원 - 소인 10,500원 - 소인할인 9,500원 ※ 할인 대상자 : 단체(30명 이상), 경로, 장애인, 국가유공자, 완주군민 (단, 확인증 제시자 본인에 한하여 적용, 중복할인 불가) ※ 탑승 당일 순차적으로 발권가능 (사전예약 불가 / 클린카드 사용 불가)","[往復] - 大人16,000ウォン - 大人割引14,500ウォン - 小人12,500ウォン - 小人割引12,000ウォン以上）、経路、障害者、国家有功者、完走軍民（ただし、確認証提示者本人に限り適用、重複割引不可） ※搭乗当日順次発券可能（事前予約不可/クリンカード使用不可）"
교동도 대룡시장,京洞島大龍市場
인천광역시 강화군 교동면 교동남로 35,仁川広域市江華郡京洞面京洞南路35
허심청,虚心庁
부산광역시 동래구 금강공원로20번길 23,釜山広域市東レ区金剛公園路20番道23
05:30~22:00,05:30～22:00
"[평일] - 일반 15,000원 - 초등학생 11,000원 - 유아 7,000원 [주말] - 일반 18,000원 - 초등학생 12,000원 - 유아 7,000원 ※ 이용요금은 변동될 수 있으므로 홈페이지 참고","[平日] - 一般15,000ウォン - 小学生11,000ウォン - 幼児7,000ウォン [週末] - 一般18,000ウォン - 小学生12,000ウォン - 幼児7,000ウォン"
세화해수욕장,セファ海水浴場
제주특별자치도 제주시 구좌읍 세화길 (구좌읍),済州特別自治道済州市口座邑セファギル（口座邑）
한화리조트 설악 워터피아,ハンファリゾート雪岳ウォーターピア
강원특별자치도 속초시 미시령로2983번길 111 (장사동),江原特別自治道束草市ミシリョンロ2983番ギル111（長沙洞）
시즌별 상이※ 홈페이지 '워터피아 이용팁스' 참조,シーズン別違い※ホームページ「ウォーターピア利用ヒント」を参照
행주산성,行周山城
경기도 고양시 덕양구 행주로15번길 89,京畿道高陽市徳陽区行州路15番ギル89
휴휴암(강원),ヒューヒアム（江原）
휴휴암 강원,ヒューヒアム江原
강원특별자치도 양양군 현남면 광진2길 3-16,江原特別自治道ヤンヤン郡ヒョンナムミョンクァンジン2ギル3-16
목포 해상케이블카,木浦海上ケーブルカー
전남 전라남도 목포시 해양대학로 240,全羅南道全羅南道木浦市海洋大学路240
[하절기] - 월요일~목요일 09:00~20:00 - 금요일~일요일/공휴일 09:00~21:00 [동절기] - 월요일~목요일 09:00~19:00 - 금요일~일요일/공휴일 09:00~20:00 ※ 티켓 발권은 운행마감 1시간 전까지,[夏季] - 月曜日〜木曜日09:00〜20:00 - 金曜日〜日曜日/祝日09:00〜21:00 [冬季] - 月曜日〜木曜日09:00〜19:00 - 金曜日〜日曜日/祝日09:00〜20:00
"[대인(14~64세)] - 일반 왕복 24,000원 - 일반 편도 19,000원 - 크리스탈 왕복 29,000원 - 크리스탈 편도 22,000원 [소인(4~13세)] - 일반 왕복 18,000원 - 일반 편도 13,000원 - 크리스탈 왕복 23,000원 - 크리스탈 편도 16,000원 ※ 무료 : 36개월 미만","[大人（14～64歳）] - 一般往復24,000ウォン - 一般片道19,000ウォン - クリスタル往復29,000ウォン - クリスタル片道22,000ウォン [小人（4〜13歳）] - 一般往復18,000ウォン - 一般片道23,000ウォン - クリスタル片道16,000ウォン※無料：36ヶ月未満"
천제연폭포,天帝煙滝
제주특별자치도 서귀포시 천제연로 132 (중문동),済州特別自治道西帰浦市天帝年老132（中文洞）
09:00~17:50 (입장 마감 17:10),09:00～17:50（入場締切17:10）
"- 일반 2,500원 - 청소년/어린이 1,350원- ※ 자세한 사항은 홈페이지 참고","- 一般2,500ウォン - 青少年/子供1,350ウォン- ※詳細はホームページ参照"
광주 양동시장,光州バケット市場
광주광역시 서구 천변좌로 238,光州広域市西区天辺左路238
09:00~20:00 ※ 점포별로 상이함,09:00～20:00 ※店舗ごとに異なる
표충사(밀양),虫眼鏡（密陽）
표충사 밀양,虫眼鏡密陽
경남 경상남도 밀양시 단장면 표충로 1338,慶尚南道慶尚南道ミルヤン市丹江面
태화강 국가정원,太和川国家庭園
울산광역시 중구 샛강남길 5 (태화동),蔚山広域市中区シャンガンナムギル5（太和洞）
해운대해수욕장,海雲台海水浴場
부산광역시 해운대구 해운대해변로 264 (우동),釜山広域市海雲台区海雲台ビーチ264（うどん）
매년 6월~8월,毎年6月〜8月
영일대해수욕장,ヨンイル大海水浴場
경북 경상북도 포항시 북구 두호동 685-1,慶北慶尚北道浦項市北区斗湖洞685-1
최참판댁 한옥숙박시설,チェ・チャムパンの韓屋宿泊施設
경남 경상남도 하동군 악양면 평사리길 86,慶尚南道慶尚南道河洞郡阿陽面平里86
롯데월드 어드벤처 부산,ロッテワールドアドベンチャー釜山
부산광역시 기장군 동부산관광로 42,釜山広域市キジャン郡東釜山観光路42
10:00~21:00 ※ 자세한 사항은 홈페이지 참조,10:00～21:00 ※詳細はホームページ参照
"[종일권] - 성인 47,000원 - 청소년 39,000원 - 어린이, 경로 33,000원 - 베이비 12,000원 [오후권] - 어른 36,000원 - 청소년 32,000원 - 어린이, 경로 30,000원 - 베이비 12,000원","[終日券] - 大人47,000ウォン - 青少年39,000ウォン - 子供、パス33,000ウォン - ベビー12,000ウォン"
강촌레일파크(김유정레일바이크),江村レールパーク（キム・ユジョンレールバイク）
강촌레일파크 김유정레일바이크,江村レールパークキム・ユジョンレールバイク
강원특별자치도 춘천시 신동면 김유정로 1383,江原特別自治道春川市新洞面キム・ユジョンロ1383
- 3월~10월 09:00~17:30 (휴게시간 12:10~13:00)- 11월~2월 09:00~16:30 (휴게시간 12:10~13:00),- 3月～10月09:00～17:30 (休憩時間12:10～13:00)- 11月～2月09:00～16:30 (休憩時間12:10～13:00)
아쿠아플라넷 일산,アクアプラネット一山
경기도 고양시 일산서구 한류월드로 282,京畿道高陽市一山西区韓流ワールド282
10:00~18:00 (입장 마감 17:00),10:00～18:00（入場締切17:00）
"39,000원※ 무료- 36개월 미만","39,000ウォン※無料 - 36ヶ月未満"
낙산공원,ナクサン公園
서울특별시 종로구 낙산길 41 (동숭동),ソウル特別市鍾路区洛山道41（東崇洞）
상시 개방 ※ 낙산 전시관 09:00~17:00,常時開放 ※洛山展示館 09:00～17:00
대관령양떼목장,大関嶺羊群牧場
강원특별자치도 평창군 대관령면 대관령마루길 483-32,江原特別自治道平昌郡大関嶺面大関令丸道483-32
※ 기상에 따라 변동될 수 있으므로 홈페이지 참조 요망,※気象によって変動する可能性があるため、ホームページ参照要望
"- 대인 9,000원- 소인 7,000원※ 자세한 사항은 전화문의 요망","- 大人9,000ウォン- 小人7,000ウォン※詳細は電話問い合わせ要望"
경기도 파주시 탄현면 필승로 369,京畿道坡州市タンヒョンミョン必勝路369
- 하절기(7월~9월) 09:30~17:30 (입장 마감 17:00)- 동절기(10월~6월) 10:00~17:00 (입장 마감 16:30),- 夏季(7月～9月) 09:30～17:30 (入場締切17:00)- 冬季(10月～6月) 10:00～17:00 (入場締切16:30)
천안상록리조트 아쿠아피아,天安常緑リゾートアクアピア
충남 충청남도 천안시 동남구 수신면 수신로 576,忠南忠清南道天安市東南区受信面受信路576
※ 시즌별로 상이하므로 자세한 이용 시간은 홈페이지 참조 및 전화 문의 요망,※シーズンごとに異なるため、詳しい利用時間はホームページ参照および電話お問い合わせ要望
"20,000원~24,300원※ 자세한 사항은 홈페이지 참조 및 전화 문의 요망","20,000ウォン～24,300ウォン※詳細はホームページ参照および電話お問い合わせ要望"
인천광역시 서구 환경로28번길 42 (경서동),仁川広域市西区環境路28番ギル42（京畿洞）
09:30~17:30 (입장 마감 17:00),09:30～17:30（入場締切17:00）
동피랑마을,ドンピラン村
경남 경상남도 통영시 동피랑1길 6-18 (동호동),慶尚南道慶尚南道トンヨン市ドンピラン1ギル6-18（ドンホドン）
덕진공원,徳津公園
전북특별자치도 전주시 덕진구 권삼득로 390,全北特別自治道全州市徳津区クォンサムロ390
옥연지 송해공원,オクヨンジ松海公園
대구광역시 달성군 옥포읍,大邱広域市達成郡屋浦邑
한라수목원,漢拏樹木園
제주특별자치도 제주시 수목원길 72 (연동),済州特別自治道済州市樹木原道72（連動）
[야외전시원 및 산책로] - 상시 개방 [야외 산책로] - 09:00~23:00 [실내시설] - 하절기 09:00~18:00 - 동절기 09:00~17:00,【野外展示園及び遊歩道】 - 常時開放 【野外遊歩道】 - 09:00～23:00 【屋内施設】
여수수산시장,麗水水産市場
전남 전라남도 여수시 여객선터미널길 24 (교동),全羅南道全羅南道麗水市旅客ターミナル24（京洞）
06:00~21:00,06:00～21:00
서울특별시 종로구 사직로 161 (세종로),ソウル特別市鍾路区サジクロ161（世宗路）
[1월~2월/11월~12월] 09:00~17:00 (입장마감 16:00) [3월~5월/9월~10월] 09:00~18:00 (입장마감 17:00) [6월~8월] 09:00~18:30 (입장마감 17:30),[1月～2月/11月～12月] 09:00～17:00 (入場締切16:00) [3月～5月/9月～10月] 09:00～18:00 (入場締切17:00)
"- 개인 대인 3,000원 - 단체(10인 이상) 대인 2,400원 ※ 무료 : 만 24세 이하 청소년 / 만 64세 이상 어르신","- 個人対人3,000ウォン - 団体(10人以上) 大人2,400ウォン ※無料：満24歳以下青少年/満64歳以上お年寄り"
선암사 [유네스코 세계유산],ソンアムサ[ユネスコ世界遺産]
전남 전라남도 순천시 승주읍 선암사길 450,全羅南道全羅南道順天市スンジュ邑サンアムサギル450
08:00~17:00,08:00～17:00
애니포레,アニポレ
- 매표시간 09:00~16:30※ 동절기 매표마감 16:00- 모노레일 하행선 막차 18:00,- 切符時間 09:00~16:30※ 冬季の切符締め切り 16:00- モノレール下り線終車 18:00
"[입장료]- 알파카 목장 + 가문비치유숲 성인 7,000원- 알파카 목장 + 가문비치유숲 소인 6,000원- 알파카 목장 + 가문비치유숲 + 모노레일 왕복 탑승 포함 성인 18,000원- 알파카 목장 + 가문비치유숲 + 모노레일 왕복 탑승 포함 소인 15,000원[모노레일 편도]- 성인 8,000원- 소인 6,000원※ 무료 : 24개월 이하 유아","[入場料] - アルパカ牧場 + 家門ビーチ遊森大人7,000ウォン - アルパカ牧場 + 家門ビーチ遊森小人 6,000ウォン - アルパカ牧場 + 家門ビーチ遊森 + モノレール往復搭乗込み 大人18,000ウォン - アルパカ牧場 + 森小人15,000ウォン[モノレール片道]-大人8,000ウォン-小人6,000ウォン※無料：24ヶ月以下幼児"
경기도 양주시 회암사길 11 (율정동),京畿道楊州市灰岩寺路11（ユルジョンドン）
- 하절기(3월~10월) 09:00~18:00 (입장 마감 17:00) - 동절기(11월~2월) 09:00~17:00 (입장 마감 16:00),- 夏季(3月～10月) 09:00～18:00 (入場締切17:00)
"[개인]- 어른 2,000원- 청소년 / 군인 1,500원- 초등학생 1,000원[단체(20명 이상)]- 어른 1,500원- 청소년 / 군인 1,000원- 초등학생 800원※ 무료 : 6세 미만 / 65세 이상","[個人]-大人2,000ウォン-青少年/兵士1,500ウォン-小学生1,000ウォン[団体(20人以上)]-大人1,500ウォン-青少年/兵士1,000ウォン-小学生800ウォン※無料：6歳未満/65歳以上"
충주 활옥동굴,忠州滑玉洞窟
충북 충청북도 충주시 목벌안길 26 (목벌동),忠北忠清北道忠州市木閣安吉26（木蜂洞）
- 09:00~18:00 - 발권 마감 16:00 - 입장 마감 17:00,- 09:00~18:00 - 発券締切16:00 - 入場締切17:00
"- 대인 10,000원 - 초·중·고 9,000원 - 소인 8,000원 - 보트 탑승 5,000원","- 大人10,000ウォン - 小・中・高9,000ウォン - 小人8,000ウォン - ボート搭乗5,000ウォン"
보은 법주사 [유네스코 세계유산],見た法注射[ユネスコ世界遺産]
충북 충청북도 보은군 속리산면 법주사로 405,忠清北道忠清北道保恩郡ソクサン面
- 평시 06:00~18:30 - 동절기 06:00~17:30,- 平時06:00~18:30 - 冬季06:00~17:30
안반데기,アンバンデギ
강원특별자치도 강릉시 왕산면 안반데기길 428,江原特別自治道江陵市王山面アンバンデギギル428
제이드가든,ジェイドガーデン
강원특별자치도 춘천시 남산면 햇골길 80 제이드가든수목원,江原特別自治道春川市南山面サンゴルギル80ジェイドガーデン樹木園
[제이드가든 수목원] - 09:00~18:00 - 입장마감 17:00 [살롱제이드(브런치카페)] - 09:00~18:00 - 주문마감 브런치 16:00 / 음료 17:30,[ジェイドガーデン樹木園] - 09:00~18:00 - 入場締切17:00 [サロンジェイド(ブランチカフェ)] - 09:00~18:00 - 注文仕上げブランチ16:00 / ドリンク17:30
"- 성인 11,000원 - 중고생 6,000원 - 어린이 6,000원 - 동계시즌 5,500원 ※ 36개월 미만 무료 입장 (증빙자료 지참)","- 大人11,000ウォン - 中高生6,000ウォン - 子供6,000ウォン - 冬季シーズン5,500ウォン ※36ヶ月未満無料入場（証明資料持参）"
달성공원,達成公園
대구광역시 중구 달성공원로 35 (달성동),大邱広域市中区達成公園路35（月城洞）
05:00~21:00 ※ 자세한 사항은 전화문의 요망,05:00～21:00 ※詳細は電話問い合わせ要望
제주절물자연휴양림,済州切物自然休養林
제주특별자치도 제주시 명림로 584,済州特別自治道済州市明林路584
07:00~17:00,07:00～17:00
"[개인] - 성인 1,000원 - 청소년 600원 - 어린이 300원 [단체(20명 이상)] - 성인 800원 - 청소년 500원 - 어린이 200원 ※ 자세한 사항은 전화문의 요망","[個人] - 大人1,000ウォン - 青少年600ウォン - 子供300ウォン [団体(20人以上)] - 大人800ウォン - 青少年500ウォン - 子供200ウォン ※詳細は電話でのお問い合わせ"
이용 시즌·기간에 따라 이용 시간 상이하므로 홈페이지 참조,利用シーズン・期間により利用時間が異なるため、ホームページ参照
이용 시즌·기간에 따라 이용 요금 상이하므로 홈페이지 참조,利用シーズン・期間により利用料金が異なりますので、ホームページ参照
잠실야구장,チャムシル野球場
잠실종합운동장잠실야구장,チャムシル総合運動場チャムシル野球場
서울특별시 송파구 올림픽로 19-2 (잠실동),ソウル特別市松坡区オリンピック路19-2（蚕室洞）
경기별 상이,ゲームごとの違い
온양 온천 랜드,温陽温泉ランド
충남 충청남도 아산시 삼동로28번길 46 (모종동),忠清南道忠清南道牙山市三洞路28番ギル46（苗洞洞）
[월요일] - 온천탕 00:00~23:00 - 찜질방 00:00~22:00 [화요일] - 온천탕 05:00~24:00 - 찜질방 10:00~24:00 [수요일~일요일] - 상시 개방,[月曜日] - 温泉 00:00~23:00 - 蒸し部屋 00:00~22:00 [火曜日] - 温泉 05:00~24:00 - 蒸し部屋 10:00~24:00 [水曜日~日曜日] - 常時開放
대포주상절리,テポジュサンジョリ
제주특별자치도 서귀포시 이어도로 36-24 (중문동),済州特別自治道西帰浦市イ・ドロ36-24（中文洞）
"[개인] - 일반 2,000원 - 어린이(7~12세), 청소년(13~24세), 군인(하사 이하) 1,000원 [단체 (10인 이상)] - 일반 1,600원 - 어린이(7~12세), 청소년(13~24세), 군인(하사 이하) 600원","[個人] - 一般2,000ウォン - 子供（7〜12歳）、青少年（13〜24歳）、軍人（下士以下）1,000ウォン"
신세계백화점 본점,新世界百貨店本店
서울특별시 중구 소공로 63 (충무로1가),ソウル特別市中区小公路63（忠武路1街）
- 월요일~목요일 10:30~20:00- 금요일~일요일 10:30~20:00,- 月曜日～木曜日 10:30～20:00- 金曜日～日曜日 10:30～20:00
한반도지형(강원고생대 국가지질공원),朝鮮半島地形（江原高生代国家地質公園）
한반도지형 강원고생대 국가지질공원,朝鮮半島地形江原高生台国立地質公園
강원특별자치도 영월군 한반도면 한반도로 555,江原特別自治道永月郡朝鮮半島朝鮮半島555
스플라스 리솜,スプラスリソム
충남 충청남도 예산군 덕산면 온천단지3로 45-7 (덕산면),忠清南道忠清南道予算郡徳山面温泉団地3路45-7（徳山面）
[워터파크] - 09:00~18:00 - 매표 마감 17:00 [사우나] - 06:00~19:00 - 매표 마감 18:00 [객실] 15:00~익일 11:00 ※ 자세한 사항은 홈페이지 참고,[ウォーターパーク] - 09:00～18:00 - 切手締切17:00 [サウナ] - 06:00〜19:00 - 切手締切18:00 [客室] 15:00〜翌11:00 ※詳細はホームページをご覧ください
스타필드 수원,スターフィールド水原
경기도 수원시 장안구 수성로 175 (정자동),京畿道水原市長安区水城路175（チョンジャドン）
10:00~22:00※일부 매장 영업시간 상이,10:00～22:00※一部店舗営業時間異なる
광주광역시 북구 첨단과기로 235 (오룡동),光州広域市北区先端科技路235（大龍洞）
09:30~17:30 (입장 마감 16:30),09:30～17:30（入場締切16:30）
"[개인]- 어른 3,000원- 청소년, 어린이 2,000원[단체 (20인 이상)]- 어른 2,000원- 청소년, 어린이 1,500원※ 자세한 사항은 홈페이지 참조","[個人]-大人3,000ウォン-青少年、子供2,000ウォン[団体(20人以上)]-大人2,000ウォン-青少年、子供1,500ウォン※詳細はホームページ参照"
경주 문무대왕릉,慶州文武大王陵
경북 경상북도 경주시 문무대왕면 봉길리 30-1,慶北慶尚北道慶州市文武大王面ボンギリ30-1
백길해변,白ギルビーチ
전남 전라남도 신안군 자은면 유각리,全羅南道全羅南道新安郡
10:00~19:00,10:00～19:00
용두암,龍頭岩
제주특별자치도 제주시 용두암길 15 (용담이동),済州特別自治道済州市龍頭岩道15（ヨンダム移動）
보령 천북굴단지,保寧天北洞窟
충남 충청남도 보령시 천북면 장은리,忠清南道忠清南道保寧市天北面チャンウンリ
음식점 별 상이,レストランによる違い
평택호관광단지,平沢湖観光団地
경기도 평택시 현덕면 평택호길 159,京畿道平沢市ヒョンドク面平沢湖159
장항 스카이워크 (기벌포 해전 전망대),長港スカイウォーク
장항 스카이워크 기벌포 해전 전망대,長港スカイウォークギバルポ海戦展望台
충남 충청남도 서천군 장항산단로34번길 122-16,忠清南道忠清南道西川郡長港山断路34番ギル122-16
[동절기(10월~3월)]- 09:30~17:00- 입장마감 16:30[하절기 (4월~9월)]- 09:30~18:00- 입장마감 17:30,【冬季（10月～3月）】- 09:30～17:00- 入場締切16:30【夏季（4月～9月）】- 09:30～18:00- 入場締切17:30
"4,000원※ 무료- 장애인/국가유공자/경로우대","4,000ウォン※無料"
돌산공원,ドルサン公園
전남 전라남도 여수시 돌산읍 우두리 산 1,全羅南道全羅南道麗水市ドルサン邑ウドゥリ山1
수원 화성 [유네스코 세계유산],水原華城[ユネスコ世界遺産]
"단양장 (1, 6일)",丹陽場（1、6日）
"단양장 1, 6일",丹陽場1、6日
충북 충청북도 단양군 단양읍 도전5길 31,忠北忠清北道丹陽郡丹陽邑チャレンジ5ギル31
점포별로 상이함,店舗によって異なる
구례 섬진강 벚꽃길,旧礼 島津川桜道
전남 전라남도 구례군 문척면,全羅南道全羅南道九礼郡文尺面
주문진수산시장,注文鎮水産市場
강원특별자치도 강릉시 주문진읍 시장길 38,江原特別自治道江陵市呉陳市長38
07:00~22:00,07:00～22:00
월드컵공원,ワールドカップ公園
서울특별시 마포구 월드컵로 243-60 (성산동),ソウル特別市麻浦区ワールドカップロ243-60（城山洞）
월별 이용시간 상이하므로 홈페이지 참조,毎月の利用時間が異なるため、ホームページを参照
파라다이스 스파 도고,パラダイススパドゴ
충남 충청남도 아산시 도고면 도고온천로 176,忠清南道忠清南道阿山市道後面道後温泉176
※ 시즌마다 운영시간이 상이하므로 홈페이지 확인 요망,※シーズンごとに運営時間が異なるため、ホームページ確認要望
※ 시즌마다 이용요금이 상이하므로 홈페이지 확인 요망,※シーズンごとに利用料金が異なるため、ホームページ確認要望
수목원길 야시장,樹木園道ナイトマーケット
제주특별자치도 제주시 은수길 69,済州特別自治道済州市ウンスギル69
18:00~22:00,18:00～22:00
광명동굴,光明洞窟
경기도 광명시 가학로85번길 142 (가학동),京畿道光明市加鶴路85番ギル142
"[개인] - 일반 10,000원 - 청소년 5,000원 - 어린이 3,000원 [단체] - 일반 8,000원 - 청소년 4,000원 - 어린이 2,500원 ※ 자세한 사항은 홈페이지 참고","[個人] - 一般10,000ウォン - 青少年5,000ウォン - 子供3,000ウォン [団体] - 一般8,000ウォン - 青少年4,000ウォン - 子供2,500ウォン ※詳細はホームページ"
경주 대릉원 일원,慶州大陵園のメンバー
경북 경상북도 경주시 황남동 31-1,慶北慶尚北道慶州市黄南洞31-1
09:00~22:00 (입장 마감 21:30),09:00～22:00（入場締切21:30）
"[대릉원] - 무료 [천마총] - 성인 3,000원 - 청소년 2,000원 - 어린이 1,000원",[大陵園] - 無料
통영중앙전통시장,統営中央伝統市場
경남 경상남도 통영시 중앙시장1길 14-16,慶南慶尚南道統営市中央市場1ギル14-16
점포 별로 상이함,店舗によって異なる
유엔기념공원,国連記念公園
부산광역시 남구 유엔평화로 93 유엔기념공원,釜山広域市南区国連平和路93国連記念公園
[하절기(5~9월)] 09:00~18:00 [동절기(10~4월)] 09:00~17:00,[夏季（5～9月）] 09:00～18:00 [冬季（10～4月）] 09:00～17:00
비슬산자연휴양림,ビスルサン自然休養林
대구광역시 달성군 유가읍 일연선사길 99 (관리사무소),大邱広域市達成郡ユガ邑一連先史道99（管理事務所）
와온해변,ワオンビーチ
전남 전라남도 순천시 해룡면 상내리,全羅南道全羅南道順天市海龍面サンナリ
롯데월드 어드벤처,ロッテワールドアドベンチャー
"[월요일~목요일, 일요일] 10:00~21:00 [금요일~토요일] 10:00~22:00 ※ 매표 및 입장 : 영업 종료 1시간 전 마감 ※ 운영시간 변동될 수 있으므로 자세한 사항은 홈페이지 참조",[月曜日～木曜日、日曜日] 10:00～21:00 [金曜日～土曜日] 10:00～22:00 ※チケットおよび入場：営業終了の1時間前の締切
"[종합이용권(롯데월드+민속박물관)] - 어른 64,000원 - 청소년 56,000원 - 어린이 48,000원 - 베이비 16,000원 [파크이용권(롯데월드)] - 어른 61,000원 - 청소년 54,000원 - 어린이 47,000원 - 베이비 16,000원 ※ 위 요금은 롯데월드 어드벤처 입장 및 놀이시설 이용요금으로 게임시설 등 유료시설 제외 ※ 자세한 사항은 홈페이지 참조","[総合利用券(ロッテワールド+民俗博物館)] - 大人64,000ウォン - 青少年56,000ウォン - 子供48,000ウォン - ベビー16,000ウォン [パーク利用券(ロッテワールド)] - 大人61,000ウォン - 青少年54,00 ※16,000ウォン"
부소담악(추소정),ブソ談楽（チュソジョン）
부소담악 추소정,ブソ談楽チュソジョン
충북 충청북도 옥천군 군북면 환산로 518,忠北忠清北道オクチョン郡郡北面換山路518
망원유수지체육공원,望遠有水地体育公園
서울특별시 마포구 월드컵로25길 190 (망원동),ソウル特別市麻浦区ワールドカップロ25ギル190（望原洞）
"상시 개방 ※ 단, 유수지의 특성상 우천 및 기상특보 시에는 구민의 안전을 위하여 사용을 제한함",常時開放 ※但し、流水地の特性上、雨天及び気象特報の際には区民の安全のために使用を制限する
외암민속마을,外岩民俗村
충남 충청남도 아산시 송악면 외암민속길9번길 13-2,忠清南道忠清南道牙山市松岳面外岩民俗道9番道13-2
[하절기] - 09:00~18:00 [동절기] - 09:00~17:00,[夏季] - 09:00～18:00 [冬季] - 09:00～17:00
"[개인] - 어른 2,000원 - 청소년, 군인 1,000원 - 어린이 1,000원 [단체 (30인 이상)] - 어른 1,600원 - 청소년, 군인 800원 - 어린이 800원","[個人] - 大人2,000ウォン - 青少年、兵士1,000ウォン - 子供1,000ウォン [団体（30人以上）] - 大人1,600ウォン - 青少年、兵士800ウォン - 子供800ウォン"
병방치 스카이워크,ボトル放置スカイウォーク
강원특별자치도 정선군 정선읍 병방치길 225,江原特別自治道チョンソン郡チョンソン邑ビョンバンチギル225
[하절기] - 09:00~18:00 [동절기] - 10:00~17:00 ※ 당일 기상 여건에 따라 관람 제한이 있을 수 있음,[夏季] - 09:00〜18:00 [冬季] - 10:00〜17:00 ※当日の気象条件により観覧制限がある場合があります
파주놀이구름,坡州遊雲
경기도 파주시 와석순환로 500 (와동동),京畿道坡州市和石循環路500（ワドンドン）
10:00~19:00 (입장 마감 17:00),10:00～19:00（入場締切17:00）
헤이리 예술마을,平井芸術村
경기도 파주시 탄현면 헤이리마을길 70-21,京畿道坡州市タンヒョンミョンヘイリ村70-21
시설 별로 상이함,施設によって異なる
"무료 ※ 단, 시설 별로 상이함",無料 ※ただし、施設ごとに異なる
학동 흑진주 몽돌해변,学童黒真珠モンドールビーチ
경남 경상남도 거제시 동부면 학동6길 18-1,慶南慶尚南道巨済市東部面66洞18-1
수덕사(예산),スドクサ（予算）
수덕사 예산,水徳寺予算
충남 충청남도 예산군 덕산면 수덕사안길 79,忠清南道忠清南道予算郡徳山面スドクサアンギル79
남한산성도립공원 [유네스코 세계유산],南漢山城都立公園[ユネスコ世界遺産]
경기도 광주시 남한산성면 남한산성로 731,京畿道光州市南漢山城面南漢山城路731
"[남한산성 행궁] 하절기(4월~10월) 10:00~18:00 동절기(11월~3월) 10:00~17:00 ※ 관람시작시간 30분전 매표 시작, 관람마감시간 30분전 매표 마감",【南漢山城行宮】夏季（4月～10月） 10:00～18:00 冬季（11月～3月） 10:00～17:00 ※観覧開始時間30分前の切符開始、観覧締切時間30分前の切符締め切り
더현대 서울,ザ現代ソウル
서울특별시 영등포구 여의대로 108 (여의도동),ソウル特別市永登浦区汝矣大通り108（汝矣島洞）
- 월요일~목요일 10:30~20:00- 금요일~일요일 10:30~20:30- 식당가 10:30~22:00,- 月曜日～木曜日 10:30～20:00- 金曜日～日曜日 10:30～20:30- レストラン街 10:30～22:00
여수 유월드 루지 테마파크,麗水ユーワールドルージュテーマパーク
전남 전라남도 여수시 소라면 안심산길 155,全羅南道全羅南道麗水市ソラミョン安心山道155
상시 10:00~19:00,常時10:00～19:00
"[루지&리프트] - 대인(초등학생 이상) 18,900원(1회) - 소인(미취학 아동) 6,900원(1회) ※ 자세한 사항은 홈페이지 참조","[ルージ＆リフト] - 大人(小学生以上) 18,900ウォン(1回) - 小人(未就学児) 6,900ウォン(1回) ※詳細はホームページ参照"
담양 메타프로방스,潭陽メタプロヴァンス
전남 전라남도 담양군 담양읍 깊은실길 2-17,全羅南道全羅南道潭陽郡潭陽邑深い道2-17
호텔 농심,ホテル ノンシム
서해랑 제부도 해상케이블카,西海と帝部も海上ケーブルカー
경기도 화성시 서신면 전곡항로 1-10,京畿道華城市西新面全谷航路1-10
"- 평일 09:00~19:00 (매표 마감 18:00)- 주말 및 공휴일 09:00~20:00 (매표 마감 19:00)※ 탑승권 발권은 운영 마감 1시간 전까지, 탑승은 30분 전까지 가능",- 平日09:00～19:00 (切符締切18:00)- 週末及び祝日09:00～20:00 (切符締切19:00)※搭乗券発券は運営締切1時間前まで、搭乗は30分前まで可能
"[일반]- 대인 19,000원- 소인 15,000원[크리스탈]- 대인 24,000원- 소인 19,000원※ 이용요금은 변동될 수 있으므로 홈페이지 참조 또는 전화 문의 요망","[一般]- 大人19,000ウォン- 小人15,000ウォン[クリスタル]- 大人24,000ウォン- 小人19,000ウォン※利用料金は変動する可能性があるためホームページ参照または電話お問い合わせ"
삼성궁,サムスン宮
경남 경상남도 하동군 청암면 삼성궁길 13,慶尚南道慶尚南道河洞郡清岩面サムスン宮路13
08:30~16:40,08:30～16:40
"[개인] - 일반 8,000원 - 청소년 5,000원 - 어린이 4,000원 [단체 (30인 이상)] - 일반 7,000원 - 청소년 4,000원 - 어린이 3,000원 ※ 경로/장애인/유공자 5,000원 ※ 자세한 사항 홈페이지 참고","[個人] - 一般8,000ウォン - 青少年5,000ウォン - 子供4,000ウォン [団体（30人以上）] - 一般7,000ウォン - 青少年4,000ウォン - 子供3,000ウォン"
서귀포매일올레시장,西帰浦毎日オレ市場
제주특별자치도 서귀포시 서귀동 340,済州特別自治道西帰浦市西帰洞340
- 하절기 07:00~21:00- 동절기 07:00~20:00,- 夏季 07:00~21:00- 冬季 07:00~20:00
울산업스퀘어,蔚産業スクエア
울산광역시 남구 화합로 185 (삼산동),蔚山広域市南区和合路185（三山洞）
10:30~22:00,10:30～22:00
퍼스트가든,ファーストガーデン
경기도 파주시 탑삭골길 260 (상지석동),京畿道坡州市トップサックゴルギル260（サンジソクドン）
10:00~22:00 (매표마감 21:00),10:00～22:00 (売り切れ 21:00)
"[입장권 평일]- 대인(중학생 이상) 10,000원- 소인(36개월~초등학생) 9,000원[입장권 주말 및 공휴일]- 대인(중학생 이상) 12,000원- 소인(36개월~초등학생) 11,000원[아이노리 빅3]- 대인 평일 21,000원- 대인 주말 23,000원- 소인 평일 20,000원- 소인 주말 22,000원[아이노리 빅5]- 대인 평일 28,000원- 대인 주말 30,000원- 소인 평일 27,000원- 소인 주말 29,000원※ 우대할인(장애인 / 국가유공자 / 만 65세 이상) : 1,000원 할인※ 무료 : 36개월 미만※ 무료 입장 대상과 우대 할인 대상은 증빙 서류 지참 필수","[入場券平日]-大人(中学生以上)10,000ウォン-小人(36ヶ月～小学生)9,000ウォン[入場券週末および祝日]-大人(中学生以上)12,000ウォン-小人(36ヶ月～小学生) 11,000ウォン[アイノリビック0-1 23,000ウォン-小人平日20,000ウォン-小人週末22,000ウォン[アイノリビック5]-大人平日28,000ウォン-大人週末30,000ウォン-小人平日27,000ウォン-小人週末29,000ウォン以上：1,000ウォン割引※無料：36ヶ月未満※無料入場対象と優待割引対象は証明書類持参必須"
경주 석굴암 [유네스코 세계유산],慶州石窟岩 [ユネスコ世界遺産]
경북 경상북도 경주시 석굴로 238 석굴암,慶北慶尚北道慶州市石窟路238石窟岩
[3월~9월] 09:00~18:00 [2월~10월] 09:00~17:30 [11월~1월] 09:00~17:00,[3月～9月] 09:00～18:00 [2月～10月] 09:00～17:30 [11月～1月] 09:00～17:00
산굼부리,サングッブリー
제주특별자치도 제주시 조천읍 비자림로 768,済州特別自治道済州市チョチョン邑ビザリムロ768
[3~6월 / 9~10월]- 09:00~18:40 (입장마감 18:00) [7~8월 / 11월~2월]- 09:00~17:40 (입장마감 17:00) ※ 마감시간은 기후 및 날씨에 따라 변경될 수 있음,[3～6月/9～10月]- 09:00~18:40 (入場締切 18:00) [7~8月/11月~2月]- 09:00~17:40 (入場締切 17:00) ※締切時間は気候および天候によって変更される場合があります
"[개인] - 성인 7,000원 - 청소년, 어린이(민4세 이상) 6,000원 [단체] - 성인 6,000원 - 청소년, 어린이(민4세 이상) 5,000원 ※ 만 65세 이상, 도민, 국가유공자, 장애인 : 5,000원(신분증 지참 필수)","[個人] - 大人7,000ウォン - 青少年、子供（民4歳以上）6,000ウォン [団体] - 大人6,000ウォン - 青少年、子供（民4歳以上）5,000ウォン"
목포 연안여객선터미널,木浦沿岸旅客船ターミナル
전남 전라남도 목포시 해안로 182,全南全羅南道木浦市海岸路182
청주 상당산성,清州相当山城
충북 충청북도 청주시 상당구 성내로 70,忠北忠清北道清州市サンダン区城内路70
물의 정원,水の庭
경기도 남양주시 조안면 북한강로 398,京畿道南楊州市城安面北漢江路398
제부도,祭壇
경기도 화성시 서신면 해안길 421-12,京畿道華城市西新面海岸路421-12
성성호수공원,城城湖公園
충남 충청남도 천안시 서북구 성성2길 66,忠清南道忠清南道天安市西北区城城2ギル66
시흥 갯골생태공원,始興カゴル生態公園
경기도 시흥시 동서로 287 (장곡동),京畿道始興市東西路287（長谷洞）
국립수목원,国立樹木園
[하절기(4~10월)]09:00~18:00 (입장 마감 17:00)[동절기(11~3월)]09:00~17:00 (입장 마감 16:00),【夏季（4～10月）】09:00～18:00（入場締切17:00）【冬季（11～3月）】09:00～17:00（入場締切16:00）
"- 어른 1,000원- 청소년 700원- 어린이 500원※ 자세한 사항은 홈페이지 참조 요망","- 大人1,000ウォン- 青少年700ウォン- 子供500ウォン※詳細はホームページ参照要望"
롯데아울렛 남악점,ロッテアウトレット南楽店
전남 전라남도 무안군 삼향읍 남악로162번길 80,全羅南道全羅南道武安郡三郷邑南岳路162番80
윈드1947 카트테마파크,ウィンド1947 カートテーマパーク
제주특별자치도 서귀포시 토평공단로 78-27,済州特別自治道西帰浦市土平公団路78-27
10:00~18:30 (입장 마감 18:00),10:00～18:30（入場締切18:00）
"[카트] - 1인용 기본형 30,000원 - 2인용 기본형 40,000원 [서바이벌] - 배틀존 20,000원 - 종합권 30,000원 - 레이저존 15,000원","[カート] - 1人用基本型30,000ウォン - 2人用基本型40,000ウォン [サバイバル] - バトルゾーン20,000ウォン - 総合券30,000ウォン - レーザゾーン15,000ウォン"
강문해변,江門ビーチ
강원특별자치도 강릉시 창해로 352,江原特別自治道江陵市昌海路352
프로방스 마을,プロヴァンス村
경기도 파주시 탄현면 새오리로 69,京畿道坡州市タンヒョンミョンセオリロ69
10:00~22:00,10:00～22:00
해운대 달맞이길,海雲台の月見
부산광역시 해운대구 달맞이길 190,釜山広域市海雲台区月見道190
물왕호수,水王湖
경기도 시흥시 물왕동 (물왕동),京畿道始興市水王洞（水王洞）
24시간 개방,24時間オープン
제주 무지개해안도로,済州虹海岸道路
제주특별자치도 제주시 도두일동 1734,済州特別自治道済州市ドドゥイルドン1734
부평깡통시장,富平缶市場
부산광역시 중구 부평1길 48,釜山広域市中区富平1ギル48
- 08:00~20:00- 야시장 19:30~23:30※ 점포별로 상이함,- 08:00~20:00- ナイトマーケット 19:30~23:30※店舗ごとに異なる
단양 사인암,丹陽サインガン
충북 충청북도 단양군 대강면 사인암2길 42,忠北忠清北道丹陽郡大江面サインイン2ギル42
"정선5일장 / 정선 아리랑시장 (2, 7일)",チョンソン5日間/チョンソンアリラン市場（2、7日）
"정선5일장 / 정선 아리랑시장 2, 7일",チョンソン5日間/チョンソンアリラン市場2、7日
강원특별자치도 정선군 정선읍 5일장길 40,江原特別自治道チョンソン郡チョンソン邑5日ジャンギル40
청평사(춘천),清平寺（春川）
청평사 춘천,清平寺春川
강원특별자치도 춘천시 북산면 오봉산길 810,江原特別自治道春川市北山面オボンサンギル810
경주 황리단길,慶州ファンリダンギル
경북 경상북도 경주시 포석로 1080 (황남동),慶尚北道慶尚北道慶州市浦安路1080（黄南洞）
단양 고수동굴,丹陽高水洞窟
충북 충청북도 단양군 단양읍 고수동굴길 8,忠北忠清北道丹陽郡丹陽邑高水洞洞8
"- 어른 11,000원 - 청소년 7,000원 - 어린이 5,000원 - 경로(만65세 이상), 장애인(4급~6급), 국가유공자 5,500원 ( ※ 무료 : 만 4세 이하 / 1급~3급장애인 / 동반 1인까지 )","- 大人11,000ウォン - 青少年7,000ウォン - 子供5,000ウォン - パス(満65歳以上)、障害者(4級〜6級)、国家有功者5,500ウォン(※無料：満4歳以下/1級〜3級障害者/同伴1人まで)"
애월해안도로,愛越海岸道路
제주특별자치도 제주시 애월읍 구엄리,済州特別自治道済州市アウォル邑クオムリ
물향기수목원,水香木樹木園
경기도 오산시 청학로 211 (수청동),京畿道烏山市清学路211（水清洞）
[3월~10월] - 09:00~18:00 (입장 마감 17:00) [11월~2월] - 09:00~17:00 (입장 마감 16:00),[3月～10月] - 09:00～18:00 (入場締切17:00) [11月～2月] - 09:00～17:00 (入場締切16:00)
자작도해변,自作の海辺
강원특별자치도 고성군 죽왕면 자작도선사길,江原特別自治道高城郡竹王面自作道先史道
충북 충청북도 청주시 상당구 문의면 청남대길 646,忠清北道忠清北道清州市Sangda-gu区
[하절기(2월~11월)]- 09:00~18:00- 매표 마감 16:30[동절기(12월~1월)]- 09:00~17:00- 매표 마감 15:30,[夏季（2月～11月）]- 09:00～18:00- 切手締切 16:30[冬季(12月～1月)]- 09:00～17:00- 切手締切 15:30
"[개인]- 일반 6,000원- 청소년, 군인 4,000원- 어린이, 노인 3,000원[단체 (20인 이상)]- 일반 5,000원- 청소년, 군인 3,000원- 어린이, 노인 2,000원※ 자세한 사항은 전화문의 요망","[個人]-一般6,000ウォン-青少年、兵士4,000ウォン-子供、高齢者3,000ウォン[団体(20人以上)]-一般5,000ウォン-青少年、兵士3,000ウォン-子供、老人2,000ウォン※詳細は電話でのお問い合わせ要望"
화암사(고성),火岩寺（古城）
화암사 고성,火岩寺高城
강원특별자치도 고성군 토성면 화암사길 100,江原特別自治道高城郡土城面100
강화 동막해변,江華東幕ビーチ
인천광역시 강화군 화도면 해안남로 1481,仁川広域市江華郡華道面海岸南路1481
호미곶 해맞이광장,ホミ岬日の出広場
경북 경상북도 포항시 남구 호미곶면 해맞이로150번길 20,慶尚北道慶尚北道浦項市南区北海岬面の日差しで150番道20
남산서울타워,南山ソウルタワー
- 평일 10:00~22:30 - 주말 10:00~23:00,- 平日10:00～22:30 - 週末10:00～23:00
"[전망대] - 대인(만 13세 이상) 26,000원 - 소인(만 3세~ 만 12세) 20,000원 - 경로(만 65세 이상) 20,000원","[展望台] - 大人(満13歳以上) 26,000ウォン - 小人(満3歳～満12歳) 20,000ウォン - 経路(満65歳以上) 20,000ウォン"
최참판댁,チェ・チャムパン
경남 경상남도 하동군 악양면 평사리길 66-7,慶尚南道慶尚南道河洞郡阿陽面平里66-7
"[성인] - 2,000원 [청소년, 군인] - 1,500원 [어린이] - 1,000원 ※ 무료 : 7세 이하, 65세 이상, 장애인, 국가유공자, 하동군민 ※ 입장료 50% 할인 : 진주, 사천, 남해, 여수, 순천, 광양, 고흥, 보성 ※ 입장료 면제 및 할인 대상자는 신분증 등 증빙서류 지참 필수","[大人] - 2,000ウォン [青少年、軍人] - 1,500ウォン [子供] - 1,000ウォン ※無料：7歳以下、65歳以上、障害者、国家有功者、河東郡民対象者は身分証明書などの証明書類持参が必須"
산지천,山地川
제주특별자치도 제주시 건입동,済州特別自治道済州市建立洞
해수워터피아,海水ウォーターピア
인천광역시 서구 봉수대로 257 (가좌동),仁川広域市西区奉水大路257（加左洞）
- 사우나 06:00~22:00- 찜질방 06:30~21:30,- サウナ 06:00~22:00- チムジルバン 06:30~21:30
강원특별자치도 강릉시 강동면 율곡로 1441,江原特別自治道江陵市江東面栗谷路1441
"- 성인 17,000원 - 청소년 13,000원 - 어린이 11,000원 - 36개월 미만 무료","- 大人17,000ウォン - 青少年13,000ウォン - 子供11,000ウォン - 36ヶ月未満無料"
안양농수산물도매시장,安養農水産物卸売市場
경기도 안양시 동안구 흥안대로 313,京畿道安養市中区興安大路313
[과일]- 08:00~18:00[채소]- 06:00~16:00[수산]- 08:00~21:00 (회 센터 11:30~22:00),[果物]- 08:00~18:00[野菜]- 06:00~16:00[水産]- 08:00~21:00 (会センター 11:30~22:00)
아쿠아플라넷 여수,アクアプラネット麗水
전남 전라남도 여수시 오동도로 61-11 (수정동),全羅南道全羅南道麗水市桐洞61-11（水晶洞）
09:30~19:00 (매표 마감 18:00),09:30～19:00（切手締切18:00）
"- 일반(19세 이상) 37,900원- 청소년(13세~18세) / 경로(만65세 이상) 34,900원- 어린이(12세 이하) 32,900원","- 一般(19歳以上) 37,900ウォン- 青少年(13歳~18歳) /経路(満65歳以上) 34,900ウォン- 子供(12歳以下) 32,900ウォン"
월미도,月尾島
인천광역시 중구 월미문화로 36 (북성동1가),仁川広域市中区月尾文化路36（北城洞1街）
김녕성세기해변 (김녕해수욕장),キムニョンソン世紀ビーチ（キムニョン海水浴場）
김녕성세기해변 김녕해수욕장,キムニョンソン世紀ビーチキムニョン海水浴場
제주특별자치도 제주시 구좌읍 구좌해안로 237,済州特別自治道済州市口座邑口座海岸路237
한국민속촌,韓国民俗村
경기도 용인시 기흥구 민속촌로 90 (보라동),京畿道龍仁市ギフン区民俗村路90（ボラドン）
[월요일~목요일] 10:00~18:00 [금요일~일요일] 10:00~22:00 ※ 자세한 사항은 전화문의 요망,[月曜日～木曜日] 10:00～18:00 [金曜日～日曜日] 10:00～22:00 ※詳細は電話でのお問い合わせ
"- 성인, 청소년 37,000원 - 아동 30,000원 - 경로, 장애 26,000원","- 大人、青少年37,000ウォン - 子供30,000ウォン - パス、障害26,000ウォン"
월정사·월정사 전나무숲,月精寺・月精寺 モミの森
강원특별자치도 평창군 진부면 오대산로 374-8,江原特別自治道平昌郡ジンブミョンオデサンロ374-8
섭지코지,摂地コージー
제주특별자치도 서귀포시 성산읍 섭지코지로 107,済州特別自治道西帰浦市城山邑ソプジコジロ107
용머리해안,龍頭海岸
제주특별자치도 서귀포시 안덕면 사계리 112-3,済州特別自治道西帰浦市安徳面サゲリ112-3
"09:00~17:00 ※ 간조,만조에 따라 관람시간이 변경되기 때문에 방문 전 전화문의 요망",09:00～17:00 ※干潮、満潮により観覧時間が変更されるため、訪問前の電話問い合わせの要望
"[개인] - 어른 2,000원 - 청소년, 어린이 1,000원 [단체] - 어른 1,600원 - 청소년, 어린이 600원 ※ 자세한 사항은 전화문의 요망","[個人] - 大人2,000ウォン - 青少年、子供1,000ウォン [団体] - 大人1,600ウォン - 青少年、子供600ウォン ※詳細は電話でのお問い合わせ"
해운대시장,海雲台市場
부산광역시 해운대구 중동1로 42-16 (중동),釜山広域市海雲台区中東1路42-16（中東）
09:00~22:00(점포 별 상이),09:00～22:00（店舗別違い）
사천바다 케이블카,四川海ケーブルカー
경남 경상남도 사천시 사천대로 18,慶南慶尚南道四川市四川大18
- 월요일~목요일 09:30~18:00 - 금요일 09:30~20:00 - 토요일 09:00~20:00 - 일요일 09:00~18:00 ※ 운영종료 1시간 전 매표 마감 ※ 기상 및 매표상황에 따라 조기 마감될 수 있으므로 홈페이지 참조 요망,- 月曜日~木曜日09:30~18:00 - 金曜日09:30~20:00 - 土曜日09:00~20:00 - 日曜日09:00~18:00 ※運営終了1時間前の切符締切
"[일반캐빈] - 왕복 개인(대인) 18,000원 - 왕복 개인(소인) 15,000원 - 왕복 단체(대인) 16,000원 - 왕복 단체(소인) 13,000원 - 편도 개인(대인) 12,000원 - 편도 개인(소인) 9,000원 - 편도 단체(대인) 10,000원 - 편도 단체(소인) 7,000원 [크리스털 캐빈] - 왕복 개인(대인) 23,000원 - 왕복 개인(소인) 20,000원 - 왕복 단체(대인) 21,000원 - 왕복 단체(소인) 18,000원 - 편도 개인(대인) 15,000원 - 편도 개인(소인) 12,000원 - 편도 단체(대인) 13,000원 - 편도 단체(소인) 10,000원 ※ 단체 : 20명 이상 ※ 보호자 동반한 만 3세 미만 아동 무료","[一般キャビン] - 往復個人（大人）18,000ウォン - 往復個人（小人）15,000ウォン - 往復団体（大人）16,000ウォン - 往復団体（小人）13,000ウォン - 片道個人（大人）12,000ウォン - 片道個人団体(大人) 10,000ウォン - 片道団体(小人) 7,000ウォン [クリスタルキャビン] - 往復個人(大人) 23,000ウォン - 往復個人(小人) 20,000ウォン - 往復団体(大人) 21,000ウォン - 往復団体(0人) 15,000ウォン - 片道個人（小人）12,000ウォン - 片道団体（大人）13,000ウォン - 片道団体（小人）10,000ウォン"
황산문화체육공원,黄山文化体育公園
경남 경상남도 양산시 물금읍 물금리 162-1,慶尚南道慶尚南道楊山市水邑邑水利162-1
부산 어린이대공원,釜山子供大公園
부산광역시 부산진구 새싹로 295,釜山広域市釜山神宮芽芽路295
와우정사(용인),ワウジョンサ（龍仁）
와우정사 용인,ワウジョンサヨンイン
경기도 용인시 처인구 해곡로 25-15,京畿道龍仁市処人区海谷路25-15
06:00~18:00,06:00～18:00
속초관광수산시장,束草観光水産市場
강원특별자치도 속초시 중앙로147번길 12,江原特別自治道束草市中央路147番道12
08:00~00:00※ 점포별 상이함,08:00～00:00※店舗別異なる
죽도시장,竹島市場
경북 경상북도 포항시 북구 죽도시장13길 13 (죽도동),慶北慶尚北道浦項市北区竹道市場13ギル13（竹島洞）
08:00~22:00,08:00～22:00
국립현대미술관 서울,国立現代美術館ソウル
서울특별시 종로구 삼청로 30 (소격동),ソウル特別市鍾路区三清路30（小撃洞）
"10:00~18:00 수,토 10:00~21:00 ※ 발권시간 : 관람종료 1시간 전까지 가능",10:00～18:00 水、土 10:00～21:00 ※発券時間：観覧終了1時間前まで可能
상설전시 무료입장* 기획전시는 홈페이지참고,常設展示無料入場*企画展示はホームページ参照
자라섬,ザラ島
경기도 가평군 가평읍 자라섬로 60,京畿道加平郡加平邑ジャラ島路60
"무료※ 단, 축제 기간 내 방문할 시 입장료 있음",無料※ただし、祭り期間内に訪問する際の入場料あり
쌍계사(하동),双戒寺（ハドン）
쌍계사 하동,双界寺ハドン
경남 경상남도 하동군 화개면 쌍계사길 59,慶尚南道慶尚南道河洞郡華開面双渓寺ギル59
08:00~17:30,08:00～17:30
단양 다누리아쿠아리움,丹陽ダヌリアクアリウム
충북 충청북도 단양군 단양읍 수변로 111,忠北忠清北道丹陽郡丹陽邑水辺路111
[비수기] - 09:00~18:00 - 매표 마감 17:00 [성수기 (7월~8월 중) - 09:00~19:00 - 매표 마감 18:00 ※ 설·추석 명절 당일 13시 개관,【湧水期】 - 09:00～18:00 - 切符締め切り 17:00 【繁忙期（7月～8月中） – 09:00～19:00 – 切符締め切り 18:00 ※雪・秋夕祝日当日13時開館
"[개인] - 어른 18,000원 - 청소년 8,000원 - 경로, 어린이 7,000원 [단체 (20인 이상)] - 어른 10,000원 - 청소년 6,000원 - 경로, 어린이 5,000원","[個人] - 大人18,000ウォン - 青少年8,000ウォン - パス、子供7,000ウォン"
화담숲,花談の森
경기도 광주시 도척면 도척윗로 278-1,京畿道光州市道頓面道頓路278-1
"- 성인 11,000원- 청소년, 경로 9,000원- 어린이 7,000원※ 자세한 사항은 전화문의 요망","- 大人11,000ウォン- 青少年、パス9,000ウォン- 子供7,000ウォン※詳細は電話でのご要望"
서울 헌릉(태종·원경왕후)과 인릉(순조·순원황후) [유네스코 세계유산],ソウル古陵（太宗・元慶王后）と仁陵（順調・純原皇后）[ユネスコ世界遺産]
서울특별시 서초구 헌인릉길 34 (내곡동),ソウル特別市瑞草区憲仁陵路34（内谷洞）
[2월~5월] 09:00~18:00 (입장마감 17:00) [6월~8월] 09:00~18:30 (입장마감 17:30) [9월~10월] 09:00~18:00 (입장마감 17:00) [11월~1월] 09:00~17:30 (입장마감 16:30),[2月～5月] 09:00～18:00 (入場締切 17:00) [6月～8月] 09:00～18:30 (入場締切 17:30) [9月～10月] 09:00～18:00 (入場締切 17:00) [11 （入場締切16:30）
"- 개인 1,000원 - 단체(10인 이상) 800원","- 個人1,000ウォン - 団体(10人以上) 800ウォン"
난지천공원,南渓川公園
서울특별시 마포구 월드컵로 365 (상암동),ソウル特別市麻浦区ワールドカップロ365（上岩洞）
강화루지(강화씨사이드리조트),江華ルッジ（江華シーサイドリゾート）
강화루지 강화씨사이드리조트,江華ルッジ江華シーサイドリゾート
인천광역시 강화군 길상면 장흥로 217,仁川広域市江華郡道上面長興路217
- 평일 09:30~17:30- 주말 09:30~18:00※ 이용시간은 변동될 수 있으므로 홈페이지 참고,- 平日09:30～17:30- 週末09:30～18:00※利用時間は変動する可能性があるため、ホームページ参照
마니산(강화),マニサン（強化）
마니산 강화,マニサン強化
인천 강화군 화도면 상방리 산35,仁川江華郡華道面上方里山35
09:00~18:00※일몰시간에 따라 입산 가능시간이 변경될 수 있음,09:00～18:00※日没時間によって入産可能時間が変更される場合があります
"[개인]- 성인 2,000원- 청소년, 군인 1,000원- 어린이 700원[단체(20인 이상)]- 성인 1,500원- 청소년, 군인 800원- 어린이 500원※ 자세한 사항은 전화문의 요망","[個人]-大人2,000ウォン-青少年、兵士1,000ウォン-子ども700ウォン[団体(20人以上)]-大人1,500ウォン-青少年、兵士800ウォン-子ども500ウォン※詳細は電話問い合わせ要望"
율암온천숯가마 테마파크,栗岩温泉炭釜テーマパーク
경기도 화성시 팔탄면 온천로 434-14,京畿道華城市八面面温泉路434-14
"[온천욕] - 대인 11,000원 - 소인 8,000원 [온천/ 숯가마] - 대인 16,000원 - 소인 11,000원 ※ 자세한 사항은 홈페이지 참고","[温泉浴] - 大人11,000ウォン - 小人8,000ウォン [温泉/炭釜] - 大人16,000ウォン - 小人11,000ウォン ※詳細はホームページを参照"
국립생태원(서천),国立生態院（西川）
국립생태원 서천,国立生態院西川
충남 충청남도 서천군 마서면 금강로 1210,忠清南道忠清南道西川郡マソミョン金剛路1210
[춘추·하절기 (3월~10월)] - 09:30~18:00 - 매표 마감 17:00 [동절기 11월~2월] - 09:30~17:00 - 매표 마감 16:00,[春秋・夏季（3月～10月）] - 09:30～18:00 - 切符締め切り 17:00 [冬季 11月〜2月] - 09:30~17:00 - 切符締め切り 16:00
"[개인] - 어른 5,000원 - 청소년 3,000원 - 어린이 2,000원 [단체 (20인 이상)] - 어른 4,000원 - 청소년 2,000원 - 어린이 1,000원 ※ 무료 - 유아(만 4세 이하) / 경로우대(만 65세 이상) / 장애인 / 국가유공자 / 의상자 / 기초생활수급자(신분증 지참 필수)","[個人] - 大人5,000ウォン - 青少年3,000ウォン - 子供2,000ウォン [団体（20人以上）] - 大人4,000ウォン - 青少年2,000ウォン - 子供1,000ウォン ※無料 - 幼児（満4歳以下）/パス優遇基礎生活受給者（身分証明書持参必須）"
쁘띠프랑스,プチフランス
경기도 가평군 청평면 호반로 1063,京畿道加平郡清平面湖畔路1063
09:00~18:00 ※ 야간개장 시간은 홈페이지 공지사항 게시판 참조 ※ 계절과 날씨에 따라 폐장 시간이 유동적으로 운영됨,09:00～18:00 ※夜間開場時間はホームページお知らせ掲示板参照 ※季節と天候により閉場時間が流動的に運営される
"- 일반/청소년 12,000원 - 어린이(36개월~초등학생) 10,000원","- 一般/青少年 12,000ウォン - 子供(36ヶ月～小学生) 10,000ウォン"
공주 공산성 [유네스코 세계유산],プリンセス共産省[ユネスコ世界遺産]
충남 충청남도 공주시 웅진로 280 (금성동),忠清南道忠清南道公州市雲津路280（金城洞）
- 하절기(3월~10월) 9:00~18:00 - 동절기(11월~2월) 9:00~17:00 ※ 종료 30분 전까지 입장 마감,- 夏季（3月～10月）9:00～18:00 - 冬季（11月～2月）9:00～17:00 ※終了30分前まで入場締切
"[개인] - 어른 3,000원 - 청소년/군인 2,000원 - 어린이 1,000원 ※ 온누리 공주시민 가입자 50% 할인 [단체(20인 이상)] - 어른 2,500원 - 청소년/군인 1,500원 - 어린이 500원","[個人] - 大人3,000ウォン - 青少年/兵士2,000ウォン - 子供1,000ウォン ※ オンヌリ王女市民加入者50％割引"
대전오월드,大田オーワールド
대전광역시 중구 사정공원로 70 (사정동),大田広域市中区射程公園路70（射程洞）
중문색달해수욕장,中文色月海水浴場
제주특별자치도 서귀포시 색달동,済州特別自治道西帰浦市サクダルドン
상시 개방 ※기상 상황에 따라 통제 가능,常時開放※気象状況に応じて制御可能
서울 명동성당,ソウル明洞大聖堂
서울특별시 중구 명동길 74 (명동2가),ソウル特別市中区明洞ギル74（明洞2街）
- 일요일 07:00~20:00 - 월요일~토요일 09:00~19:00,- 日曜日07:00～20:00 - 月曜日～土曜日09:00～19:00
선유도,船遊度
전북특별자치도 군산시 옥도면 선유남길 34-22,全北特別自治道群山市オクドミョンソンユナムギル34-22
산막이옛길,山の古い道
충북 충청북도 괴산군 칠성면 명태재로외사4길 1,忠清北道忠清北道ゲサン郡チルソンミョンミョンテジェ
"[유람선]- 대인 7,000원- 소인 5,000원[모터보트]- 대인 10,000원- 소인 8,000원※ 자세한 사항은 전화문의 요망","【遊覧船】- 大人7,000ウォン- 小人5,000ウォン[モーターボート]- 大人10,000ウォン- 小人8,000ウォン※詳細は電話でのお問い合わせ"
대부도,貸付け金
경기도 안산시 단원구 대부황금로 1531,京畿道安山市丹原区貸付黄金路1531
설해원,ソルヘウォン
강원특별자치도 양양군 손양면 공항로 230,江原特別自治道ヤンヤン郡ソンヤンミョン空港230
설악산 케이블카,雪岳山ケーブルカー
강원특별자치도 속초시 설악산로 1085 (설악동),江原特別自治道束草市雪岳山路1085（雪岳洞）
상세한 시간은 운행 1일 전 홈페이지 공지,詳細な時間は運行1日前にホームページお知らせ
동문재래시장,東門在来市場
제주특별자치도 제주시 관덕로14길 20,済州特別自治道済州市関徳路14ギル20
08:00~21:00,08:00～21:00
전북특별자치도 군산시 해망로 240 군산근대역사박물관,全北特別自治道群山市海網路240群山近代歴史博物館
[하절기(3~10월)]09:00~18:00 (입장마감 17:30) [동절기(11~2월)]09:00~17:00 (입장마감 16:30),[夏季(3～10月)]09:00～18:00 (入場締切 17:30) [冬季(11～2月)]09:00～17:00 (入場締切 16:30)
※ 이용시설에 따라 입장요금 상이하므로 홈페이지 참조 요망,※利用施設によって入場料金が異なるため、ホームページ参照要望
포천아트밸리 (한탄강 유네스코 세계지질공원),ポチョンアートバレー（ハンタン川ユネスコ世界地質公園）
포천아트밸리 한탄강 유네스코 세계지질공원,ポチョンアートバレーハンタン川ユネスコ世界地質公園
[하절기(3월~10월)] - 월요일~목요일 09:00~19:00 (입장 마감 18:00) - 금요일~토요일/공휴일 09:00~22:00 (입장 마감 20:00) - 일요일 09:00~20:00 (입장 마감 19:00) [동절기(11월~02월)] - 월요일~일요일 09:00~18:00 (입장 마감 17:00),[夏季（3月～10月）] - 月曜日〜木曜日09:00〜19:00（入場締切18:00） - 金曜日〜土曜日/祝日09:00〜22:00（入場締切20:00） - 日曜日09:00〜20:00（入場締切[冬季(11月～02月)] - 月曜日～日曜日 09:00～18:00 (入場締切 17:00)
"[개인] - 어른 5,000원 - 청소년,군인 3,000원 - 어린이 1,500원 [단체(20명 이상)] - 어른 3,000원 - 청소년,군인 2,000원 - 어린이 1,000원 ※ 무료 - 포천시민 / 만 65세 / 미취학 아동 / 장애인 / 국가유공자","[個人] - 大人5,000ウォン - 青少年、兵士3,000ウォン - 子供1,500ウォン [団体（20人以上）] - 大人3,000ウォン - 青少年、兵士2,000ウォン - 子供1,000ウォン"
화엄사,華厳寺
전남 전라남도 구례군 마산면 화엄사로 539,全羅南道全羅南道九礼郡麻山面華厳寺路539
00:00~18:00※일몰 후 입장금지,00:00～18:00※日没後の入場禁止
소노캄 경주,ソノカムレース
경북 경상북도 경주시 보문로 402-12 (신평동),慶北慶尚北道慶州市普門路402-12（新平洞）
코트야드 메리어트 서울 명동,コートヤードマリオットソウル明洞
서울특별시 중구 남대문로 9,ソウル特別市中区南大門路9
율동공원,栗洞公園
경기도 성남시 분당구 문정로 145 (율동),京畿道城南市盆唐区文正路145（栗洞）
원당시장,原党市場
경기도 고양시 덕양구 호국로790번길 17 (성사동),京畿道高陽市徳陽区湖国路790番ギル17（ソンサドン）
09:00~21:00 (점포별 상이함),09:00～21:00（店舗別異なる）
스타필드 고양,スターフィールド高揚
경기도 고양시 덕양구 고양대로 1955,京畿道高陽市徳陽区高陽大路1955
김해수로왕릉,キム・ヘスロ王陵
경남 경상남도 김해시 서상동 56-2,慶尚南道慶尚南道金海市西上洞56-2
"- 3월, 10월 08:00~18:00- 4월~9월 08:00~20:00- 11월~2월 09:00~18:00","- 3月, 10月 08:00~18:00- 4月~9月 08:00~20:00- 11月~2月 09:00~18:00"
롯데몰 진주점,ロッテモール真珠店
경남 경상남도 진주시 동진로 440 (충무공동),慶南慶尚南道晋州市東津路440（忠武共同）
영월 장릉(단종) [유네스코 세계유산],ヨンウォル長陵（ダンジョン）[ユネスコ世界遺産]
강원특별자치도 영월군 영월읍 단종로 190,江原特別自治道永月郡永月邑ダンジョンロ190
09:00~18:00 (입장마감 17:30),09:00～18:00 (入場締切 17:30)
"- 대인 2,000원 - 중고생 1,500원 - 어린이 1,000원","- 大人2,000ウォン - 中高生1,500ウォン - 子供1,000ウォン"
미르섬,ミル島
충남 충청남도 공주시 금벽로 368 (신관동),忠清南道忠清南道公州市金壁路368（新関洞）
문경새재 오픈세트장,ムンギョンセジェオープンセット
- 3월~10월 09:00~18:00 - 11월~2월 09:00~17:00,- 3月～10月09:00～18:00 - 11月～2月09:00～17:00
"[개인] - 어른 2,000원 - 청소년·군인 1,000원 - 어린이 500원 [단체] - 어른 1,500원 - 청소년·군인 800원 - 어린이 400원 [문경시민] - 어른 1,000원 - 청소년·군인 500원 - 어린이 300원 ※ 무료 : 국가·독립·참전유공자 본인 및 유족증 / 장애인 및 동행보호자 / 6세이하 어린이 / 만65세이상 노인 등 ※ 자세한 사항은 홈페이지 참조","[個人] - 大人2,000ウォン - 青少年・兵士1,000ウォン - 子供500ウォン [団体] - 大人1,500ウォン - 青少年・兵士800ウォン - 子供400ウォン国・独立・参戦有功者本人及び遺族症 / 障害者及び同行保護者 / 6歳以下の子供 / 満65歳以上の高齢者など ※詳細はホームページ参照"
동대구역광장,東大邱駅広場
대구광역시 동구 동대구로 550 (신암동),大邱広域市東区東大邱路550（新岩洞）
전북특별자치도 전주시 완산구 동문길 33-20 (풍남동2가),全北特別自治道全州市万山区東門路33-20（風南洞2街）
- 월요일~목요일10:00~19:00 - 금요일 10:00~19:30 - 토요일 09:30~19:30 - 일요일 09:30 19:00 ※ 1시간 전 입장마감,- 月曜日〜木曜日10:00〜19:00 - 金曜日10:00〜19:30 - 土曜日09:30〜19:30 - 日曜日09:30 19:00 ※1時間前入場締切
"- 성인 7,000원- 청소년, 경로우대, 장애인, 국가유공자 6,000원- 소인 5,000원","- 大人7,000ウォン-青少年、パス優待、障害者、国家有功者6,000ウォン-小人5,000ウォン"
부산광역시남구시설관리공단 남구빙상장,釜山広域市南区施設管理公団南区氷上場
부산광역시 남구 백운포로 106 (용호동),釜山広域市南区白雲浦路106（龍湖洞）
09:00~17:45,09:00～17:45
"- 성인 8,000원 - 청소년 7,000원 - 어린이 6,000원 ※ 자세한 사항은 전화문의 요망","- 大人8,000ウォン - 青少年7,000ウォン - 子供6,000ウォン ※詳細は電話でのお問い合わせ"
의정부예술의전당(의정부 8경),議政府芸術の殿堂（議政府8景）
의정부 의정부예술의전당 의정부 8경,ウィジョンブウィジョンブ芸術の殿堂ウィジョンブ8
의정부 음악도서관(의정부 8경),ウィジョンブ音楽図書館（ウィジョンブ8）
의정부 의정부 음악도서관 의정부 8경,ウィジョンブウィジョンブ音楽図書館ウィジョンブ8
경기도 의정부시 장곡로 280,京畿道ウィジョンブ市長谷路280
의정부 미술도서관(의정부 8경),議政府美術図書館（議政府8景）
의정부 의정부 미술도서관 의정부 8경,ウィジョンブウィジョンブ美術図書館ウィジョンブ8
경기도 의정부시 민락로 248,京畿道ウィジョンブ市民楽路248
망월사(의정부 8경),網月寺（議政府8景）
의정부 망월사 의정부 8경,ウィジョンブ・マンウォルサウィジョンブ8
경기도 의정부시 망월로28번길 211-500,京畿道ウィジョンブ市マンウォルロ28番ギル211-500
서수원도서관,西水原図書館
수원 서수원도서관,水原西水原図書館
경기도 수원시 권선구 탑동로57번길 35,京畿道水原市慶善区塔洞路57番ギル35
곤지암렌탈샵 아이원,ゴンジアムレンタルショップアイワン
광주 곤지암렌탈샵 아이원,光州コンジアムレンタルショップアイワン
경기 광주시 도척면 도척윗로 102,京畿道光州市道頓面道頓102
공유양조벤처센터 술지움,共有醸造ベンチャーセンター酒飲み
경기 가평군 상면 청군로 248,京畿道加平郡上面清郡路248
곤지암렌탈샵 장비좋은집,ゴンジアムレンタルショップ装備グッドハウス
광주 곤지암렌탈샵 장비좋은집,光州コンジアムレンタルショップ機器グッドハウス
경기 광주시 도척면 독고개길 307,京畿道光州市道麟面ドックゴギル307
물맑음수목원,水晴れ樹木園
남양주 물맑음수목원,南楊州水澄み樹木園
경기도 남양주시 수동면 지둔로307번길 47-4,京畿道南楊州市手動面地鈍路307
니지모리스튜디오,ニジモリスタジオ
동두천 니지모리스튜디오,ドンドゥチョンネジモリスタジオ
경기도 동두천시 천보산로 567-12,京畿道東豆川市天保山路567-12
글로우사파리,グローサファリ
안성 글로우사파리,安城グローサファリ
경기 안성시 공도읍 서동대로 3930-39,京畿道安城市公道邑西洞大路3930-39
부천자유시장,富川自由市場
부천 부천자유시장,富川富川自由市場
경기도 부천시 자유로 33,京畿道富川市自由33
충장근린체육공원,忠長近隣体育公園
고양 충장근린체육공원,高陽忠長近隣体育公園
경기도 고양시 덕양구 행신로 42,京畿道高陽市徳陽区行信路42
소요산국민관광지,ソヨサン国民観光地
동두천 소요산국민관광지,ドンドゥチョンソヨサン国民観光地
경기 동두천시 평화로2910번길 145,京畿道東豆川市平和路2910番ギル145
경기의왕 레일바이크,試合の王レールバイク
하남 경기의왕 레일바이크,ハナム競技の王レールバイク
경기 의왕시 왕송못동로 221,京畿道義王市王松モドンロ221
동두천 놀자숲,ドンドゥチョン遊びの森
동두천 동두천 놀자숲,ドンドゥチョンドンドゥチョン遊びの森
경기 동두천시 탑동가산로 1,京畿道東頭川市タプドン加山路1
왕방계곡,王方渓谷
동두천 왕방계곡,ドンドゥチョン王国渓谷
경기 동두천시 탑동동,京畿道ドンドゥチョンタワー
오산 버드파크,オサンバードパーク
경기 오산시 오산동 915,京畿道烏山市烏山洞915
용소폭포,竜の滝
경기 가평군 북면 적목리,京畿道加平郡北面赤木里
경기아트센터,京畿アートセンター
수원 경기아트센터,水原京畿アートセンター
경기도 수원시 팔달구 효원로307번길 20 (인계동),京畿道水原市パルダル区ヒョウォンロ307番ギル20（仁川洞）
대유평공원,大遊平公園
수원 대유평공원,水原大遊平公園
경기 수원시 장안구 정자동 111-19,京畿道水原市長安区チョンジャドン111-19
영흥수목원,永興樹木園
수원 영흥수목원,水原永興樹木園
경기도 수원시 영통구 영통로 435 (영통동),京畿道水原市永通区永通路435（ヨントンドン）
동백호수공원,東白湖公園
평택 동백호수공원,平沢東白湖公園
경기 용인시 기흥구 중동 843,京畿道龍仁市ギフン区中東843
하남ICEBOX 아이스링크,ハナムICEBOXアイスリンク
경기 하남시 미사강변한강로 327,京畿道河南市ミサ川辺漢江路327
롯데피트인 산본점,ロッテピットイン山本店
군포 롯데피트인 산본점,群浦ロッテピットイン山本店
경기 군포시 번영로 485,京畿道郡浦市繁栄路485
스타필드 안성,スターフィールドアンソン
안성 스타필드 안성,アンソンスターフィールドアンソン
AK플라자 광명,AKプラザ光明
광명 AK플라자 광명,光明AKプラザ光明
경기 광명시 양지로 17,京畿道光明市陽寺路17
신세계백화점 의정부점,新世界百貨店ウィジョンブ店
의정부 신세계백화점 의정부점,ウィジョンブ新世界百貨店ウィジョンブ店
경기 의정부시 평화로 525,京畿道ウィジョンブ市平和路525
모다아울렛 구리남양주점,モダアウトレット銅南楊州店
구리 모다아울렛 구리남양주점,銅モダアウトレット銅南楊州店
경기 구리시 경춘북로 230,京畿道九里慶春北路230
롯데백화점 구리점,ロッテ百貨店銅店
구리 롯데백화점 구리점,銅ロッテ百貨店銅店
경기 구리시 경춘로 261,京畿道九里慶春路261
곤지암리조트 스키장,ゴンジアムリゾートスキー場
광주 곤지암리조트 스키장,光州コンジアムリゾートスキー場
경기 광주시 도척면 도척윗로 278,京畿道光州市道面
뉴코아아울렛 평촌점,ニューコアアウトレット平村店
안양 뉴코아아울렛 평촌점,安養ニューコアアウトレット平村店
경기 안양시 동안구 동안로 119,京畿道安養市中区中路119
동탄 호수공원 그랑파사쥬,ドンタン湖公園グランパサージュ
화성 동탄 호수공원 그랑파사쥬,華城ドンタン湖公園グランパサージュ
경기 화성시 동탄대로5길 15,京畿道華城市東弾大路5ギル15
롯데백화점 일산점,ロッテ百貨店一山店
고양 롯데백화점 일산점,高陽ロッテ百貨店一山店
경기 고양시 일산동구 중앙로 1283,京畿道高陽市一山東区中央路1283
파미어스몰,ファミアスモール
성남 파미어스몰,城南ファミアスモール
경기 성남시 수정구 창업로 18,京畿道城南市水晶区創業路18
현대백화점 판교점,現代百貨店板橋店
성남 현대백화점 판교점,城南現代百貨店板橋店
경기 성남시 분당구 판교역로146번길 20,京畿道城南市盆唐区板橋駅146号道20
타임빌라스 수원,タイムビラス水原
수원 타임빌라스 수원,水原タイムビラス水原
경기 수원시 권선구 세화로 134,京畿道水原市慶善区セファロ134
AK플라자 수원,AKプラザ水原
수원 AK플라자 수원,水原AKプラザ水原
경기 수원시 팔달구 덕영대로 924,京畿道水原市パルダル区徳永大路924
갤러리아광교,ギャラリア狂教
수원 갤러리아광교,水原ギャラリア狂橋
매향리 평화역사관,マヒャンリ平和歴史館
화성 매향리 평화역사관,華城マヒョンリ平和歴史館
경기 화성시 우정읍 매향리 896-3,京畿道華城市友情邑マヒョンリ896-3
화성 매향리평화기념관,華城マヒャンリ平和記念館
브릭스포도파파야열대과일체험농장,ブリックスブドウパパヤ熱帯フルーツ体験農場
안산 브릭스포도파파야열대과일체험농장,安山ブリックスブドウパパヤ熱帯フルーツ体験農場
경기 안산시 단원구 선감동 288-1,京畿道安山市丹原区線鑑洞288-1
현대백화점 킨텍스점,現代デパートキンテックス店
고양 현대백화점 킨텍스점,高陽現代百貨店キンテックス店
일산시장,一山市場
고양 일산시장,高陽一山市場
경기 고양시 일산서구 일청로12번길 9,京畿道高陽市一山西区日清路12番ギル9
소요생활체육공원,所要生活体育公園
동두천 소요생활체육공원,ドンドゥチョン所要生活体育公園
경기 동두천시 봉동로 27,京畿道東豆川市鳳洞路27
반월호수공원,バンウォル湖公園
군포 반월호수공원,群浦半月湖公園
경기 군포시 호수로 92,京畿道郡浦市湖畔92
AK플라자 금정,AKプラザ金正
군포 AK플라자 금정,軍砲AKプラザ金正
경기 군포시 엘에스로 143,京畿道郡浦市エルエスロ143
가평베고니아새정원,加平ベゴニア新庭園
경기도 가평군 설악면 미사리로270번길 30,京畿道加平郡雪岳面ミサリロ270番ギル30
화악터널 쌈지공원(가평 별빛정원),和楽トンネルサムジ公園（加平星光庭園）
화악터널 쌈지공원 가평 별빛정원,華岳トンネルサムジ公園加平スターライトガーデン
경기도 가평군 북면 화악리 산 228-1,京畿道加平郡北面華岳山228-1
의왕무민공원,義王ムミン公園
하남 의왕무민공원,ハナム義王ムミン公園
경기 의왕시 의일로 65,京畿道義王市義一路65
구리 왕숙체육공원,銅王宿体育公園
구리 구리 왕숙체육공원,銅銅王宿体育公園
경기도 구리시 왕숙천로 701 (사노동),京畿道九里王沙天路701（佐労働）
양평 백운봉자연휴양림,楊平白雲峰自然休養林
양평 양평 백운봉자연휴양림,楊平楊平白雲峰自然休養林
경기도 양평군 양평읍 약수사길 78-14,京畿道楊平郡楊平邑薬捜査道78-14
양평군립미술관,楊平郡立美術館
양평 양평군립미술관,楊平楊平郡立美術館
"용문천년시장(5,10일)",龍門千年市場（5、10日）
"양평 용문천년시장 5,10일","楊平龍門千年市場5,10日"
경기도 양평군 용문면 용문시장2길 11,京畿道楊平郡龍門面龍門市場2ギル11
백석생활체육공원,白石生活体育公園
양주 백석생활체육공원,楊州白石生活体育公園
경기도 양주시 백석읍 백은로 185,京畿道楊州市白石邑白銀路185
청련사,清連師
양주 청련사,楊州チョンリョンサ
경기 양주시 장흥면 권율로 169,京畿道楊州市長興面権率169
금광호수공원,金光湖公園
안성 금광호수공원,安城金光湖公園
경기도 안성시 금광면 진안로 968,京畿道安城市金光面鎮安路968
이천설봉온천랜드,利川雪峰温泉ランド
경기도 이천시 애련정로 67-16 (안흥동),京畿道利川市愛連町67-16（安興洞）
세이브존 광명점,セーブゾーン光明店
광명 세이브존 광명점,光明セーブゾーン光明店
경기 광명시 철망산로 87,京畿道光明市金網山路87
화성 드림파크야구장,火星ドリームパーク野球場
화성 화성 드림파크야구장,火星火星ドリームパーク野球場
경기 화성시 우정읍 기아자동차로 189-2,京畿道華城市鄭井邑起亜自動車道189-2
경안시장,慶安市場
광주 경안시장,光州慶安市場
경기 광주시 경안로25번길 14-1,京畿道光州市京安路25番ギル14-1
평택시농업생태원,平沢市農業生態院
오산 평택시농업생태원,烏山平沢市農業生態院
경기도 평택시 오성면 청오로 33-34,京畿道平沢市オソンミョンチョンオロ33-34
연보람목장,ヨンボラム牧場
김포 연보람목장,金浦ヨンボラム牧場
경기도 김포시 통진읍 하성로101번길 403-25,京畿道金浦市トンジン邑ハソンロ101番ギル403-25
함박산중앙공원,ハムバク山中央公園
오산 함박산중앙공원,烏山咸博山中央公園
경기 평택시 고덕동 1694-450,京畿道平沢市高徳洞1694-450
이충레포츠공원,イ・チョンレポート公園
오산 이충레포츠공원,烏山イチョンレポート公園
경기 평택시 장안웃길 149,京畿道平沢市長安笑道149
한강신도시호수공원,漢江新都市湖公園
김포 한강신도시호수공원,金浦漢江新都市湖公園
경기도 김포시 김포한강8로 302 (마산동),京畿道金浦市金浦漢江8路302（馬山洞）
몬스터리움,モンスタリウム
김포 몬스터리움,金浦モンスターリウム
경기도 김포시 대곶면 대명항1로 52,京畿道金浦市大江面大明港1路52
김포아트빌리지,金浦アートビレッジ
김포 김포아트빌리지,金浦金浦アートビレッジ
경기 김포시 모담공원로 170,京畿道金浦市モダム公園170
김포 김포아트홀,金浦金浦アートホール
경기 김포시 돌문로 26,京畿道金浦市石門路26
갯골캠핑장,ゴールゴルキャンプ場
시흥 갯골캠핑장,始興のゴールキャンプ場
경기도 시흥시 동서로 137-71 (월곶동),京畿道始興市東西路137-71（月桂洞）
삼미시장,サムミ市場
시흥 삼미시장,始興サムミ市場
경기도 시흥시 삼미시장1길 19,京畿道始興市サムミ市場1ギル19
감악산 출렁다리,ガムヤク山
경기도 파주시 적성면 설마천로 273-9,京畿道坡州市城城面ソルマチョンロ273-9
운정호수공원,雲仙湖公園
경기도 파주시 경의로 1151 (와동동),京畿道坡州市京義路1151（和洞）
약천사,薬天使
경기 파주시 교하로681번길 118,京畿道坡州市京河路681番ギル118
경기도 파주시 문발로 253 (문발동),京畿道坡州市ムンバロ253（ムンバルドン）
콩치노 콩크리트 콘서트홀,コンチーノコンクリートコンサートホール
경기 파주시 탄현면 새오리로161번길 17,京畿道坡州市タンヒョンミョンセオリロ161番ギル17
산골수목원,山骨樹木園
시흥 산골수목원,始興山骨樹木園
경기 시흥시 금화로202번길 136-2,京畿道始興市金華路202番ギル136-2
정왕시장,チョンワン市場
시흥 정왕시장,始興正王市場
경기도 시흥시 정왕시장길 52 (정왕동),京畿道始興市チョンワンマーケット52（チョンワンドン）
시흥ABC행복학습타운,始興ABC幸せ学習タウン
시흥 시흥ABC행복학습타운,始興始興ABC幸福学習タウン
경기도 시흥시 소래산길 11,京畿道始興市ソレサンギル11
하남수산물시장,河南水産物市場
경기 하남시 하남대로 1041,京畿道河南市河南大路1041
스타필드 시티 위례,スターフィールドシティウィレ
경기도 하남시 위례대로 200,京畿道河南市慶礼通り200
미사한강공원5호,ミサ漢江公園5号
경기도 하남시 망월동 832,京畿道河南市マンウォル洞832
자유공원,自由公園
안양 자유공원,安養自由公園
경기도 안양시 동안구 평촌대로 76,京畿道安養市中区平村大路76
삼막사계곡,三幕四谷
안양 삼막사계곡,安養三幕四谷
경기도 안양시 만안구 석수동,京畿道安養市万安区石水洞
석수체육공원,石水体育公園
안양 석수체육공원,安養石水体育公園
경기 안양시 만안구 안양로 595,京畿道安養市万安区安養路595
다산체육공원(체육공원1호 체육시설) 축구장,多山体育公園（体育公園1号体育施設）サッカー場
남양주 다산체육공원(체육공원1호 체육시설) 축구장,南楊州多山体育公園（体育公園1号体育施設）サッカー場
경기도 남양주시 다산동 6138,京畿道南楊州市多山洞6138
뽀로로테마파크다산위드트래블,ポロロテーマパークダサンウィズトラベル
남양주 뽀로로테마파크다산위드트래블,南楊州ポロロテーマパークダサンウィズトラベル
경기도 남양주시 다산지금로 202 (다산동),京畿道南楊州市Dasan今202（Dasan-dong）
남양주한강공원(삼패지구),南楊州漢江公園（サンパ地区）
남양주 남양주한강공원 삼패지구,南楊州南楊州漢江公園サンパ地区
경기도 남양주시 강변북로632번길 14 (수석동),京畿道南楊州市江辺北路632番ギル14（首席洞）
스파디움24,スパディウム24
남양주 스파디움24,南楊州スパディウム24
경기도 남양주시 다산순환로 20 (다산동),京畿道南楊州市多山循環路20（多山洞）
고고다이노 키즈카페 다산현대캠퍼스몰점,ゴーゴーダイノキッズカフェ多山現代キャンパスモール店
남양주 고고다이노 키즈카페 다산현대캠퍼스몰점,南楊州ゴゴダイノキッズカフェ多山現代キャンパスモール店
경기 남양주시 다산순환로 20,京畿道南楊州市多山循環路20
롯데백화점 안산점 신관,ロッテ百貨店安山店新館
안산 롯데백화점 안산점 신관,安山ロッテ百貨店安山店新館
경기 안산시 단원구 중앙대로 873,京畿道安山市丹原区中央大路873
와동체육공원,渦動体育公園
안산 와동체육공원,安山渦動体育公園
경기도 안산시 단원구 와동공원로 109 (와동),京畿道安山市丹原区渦洞公園路109（渦洞）
자이언트제트,ジャイアントジェット
안산 자이언트제트,安山ジャイアントジェット
경기도 안산시 단원구 광덕1로 276 (고잔동),京畿道安山市丹原区広徳1路276（高山洞）
반달섬,バンダル島
안산 반달섬,安山バンダル島
경기 안산시 단원구 성곡동,京畿道安山市丹原区城谷洞
롯데백화점 안산점 본관,ロッテ百貨店安山店本館
안산 롯데백화점 안산점 본관,安山ロッテ百貨店安山店本館
경기 안산시 단원구 고잔1길 12,京畿道安山市丹原区五山1ギル12
안산올림픽기념관,安山オリンピック記念館
안산 안산올림픽기념관,安山安山オリンピック記念館
안산농수산물도매시장,安山農水産物卸売市場
안산 안산농수산물도매시장,安山安山農水産物卸売市場
경기도 안산시 상록구 충장로 312 (이동),京畿道安山市常緑区忠長路312（移動）
방아머리해변,部屋の頭のビーチ
안산 방아머리해변,安山の部屋の頭のビーチ
경기도 안산시 단원구 대부북동,京畿道安山市丹原区北部北洞
세이브존 부천상동점,セーブゾーン富川商店
부천 세이브존 부천상동점,富川セーブゾーン富川商業店
경기 부천시 원미구 길주로 105,京畿道富川市原美区吉祥路105
현대백화점 중동점,現代百貨店中東店
부천 현대백화점 중동점,富川現代百貨店中東店
경기 부천시 원미구 길주로 180,京畿道富川市原美区吉祥路180
스타필드시티 부천,スターフィールドシティ富川
부천 스타필드시티 부천,富川スターフィールドシティ富川
경기 부천시 소사구 옥길로 1,京畿道富川市ソサグオクギロ1
롯데백화점 동탄점,ロッテ百貨店ドンタン店
화성 롯데백화점 동탄점,華城ロッテ百貨店ドンタン店
경기 화성시 동탄역로 160,京畿道華城東洞駅160
AK& 기흥,AK&ギフン
평택 AK& 기흥,平沢AK＆ギフン
경기 용인시 기흥구 기흥역로 63,京畿道龍仁市ギフン区ギフン駅63
롯데몰 수지점,ロッテモール樹脂店
평택 롯데몰 수지점,平沢ロッテモール樹脂店
경기 용인시 수지구 성복2로 38,京畿道龍仁市樹脂区成福2路38
스타필드마켓 일산,スターフィールドマーケット一山
고양 스타필드마켓 일산,高陽スターフィールドマーケット一山
경기 고양시 일산서구 킨텍스로 171,京畿道高陽市イルサン西区KINTEXRO 171
뉴코아아울렛 일산점,ニューコアアウトレット一山店
고양 뉴코아아울렛 일산점,高陽ニューコアアウトレット一山店
경기 고양시 일산동구 중앙로 1206,京畿道高陽市一山東区中央路1206
롯데아울렛 고양터미널점,ロッテアウトレット高陽ターミナル店
고양 롯데아울렛 고양터미널점,高陽ロッテアウトレット高陽ターミナル店
경기 고양시 일산동구 중앙로 1036,京畿道高陽市一山東区中央路1036
세이브존 화정점,セーブゾーン花頂店
고양 세이브존 화정점,高陽セーブゾーン華頂店
경기 고양시 덕양구 화정로 52,京畿道高陽市徳陽区華城路52
세이브존 성남점,セーブゾーン城南店
성남 세이브존 성남점,城南セーブゾーン城南店
경기 성남시 수정구 산성대로 337,京畿道城南市水晶区山城大路337
락트리클라이밍 분당,ラクトリクライミング盆唐
성남 락트리클라이밍 분당,城南ラクトリークライミング盆唐
경기 성남시 분당구 황새울로 224,京畿道城南市盆唐区黄エウロ224
남부수자원생태공원,南部水資源生態公園
부천 남부수자원생태공원,富川南部水資源生態公園
경기 부천시 소사구 연동로 89,京畿道富川市宗寺区連東路89
궁평관광지,宮廷観光地
화성 궁평관광지,華城宮平観光地
경기도 화성시 서신면 궁평리 513-9,京畿道華城市西新面宮平里513-9
보통저수지,通常貯水池
화성 보통저수지,火星普通貯水池
경기도 화성시 정남면 보통리 38,京畿道華城市中南面普通里38
봉담2생태체육공원,ボンダム2生態体育公園
화성 봉담2생태체육공원,火星ボンダム2生態体育公園
경기 화성시 봉담읍 상리1길 87,京畿道華城市ボンダム邑サンリ1ギル87
발안만세시장,バルアンマンセ市場
화성 발안만세시장,火星発安万歳市場
경기도 화성시 향남읍 평2길 7,京畿道華城市香南邑平2ギル7
도원체육공원,桃園体育公園
화성 도원체육공원,華城桃園体育公園
경기 화성시 향남읍 행정동로 96,京畿道華城市香南邑行政洞路96
정조효공원,チョンチョヒョ公園
화성 정조효공원,華城チョンジョヒョ公園
경기 화성시 장조1로 34,京畿道華城市長城1路34
창리저수지,チャンリ貯水池
평택 창리저수지,平沢チャンリ貯水池
경기 용인시 처인구 남사읍 경기동로518번길 52,京畿道龍仁市南区邑京畿道518番キル52
리빙파워센터,リビングパワーセンター
평택 리빙파워센터,平沢リビングパワーセンター
롯데프리미엄아울렛 기흥점,ロッテプレミアムアウトレットギフン店
평택 롯데프리미엄아울렛 기흥점,平沢ロッテプレミアムアウトレットギフン店
경기도 용인시 기흥구 신고매로 124 (고매동),京畿道龍仁市ギフン区新古梅路124（高梅洞）
원마운트 스노우파크,ワンマウントスノーパーク
고양 원마운트 스노우파크,高陽ワンマウントスノーパーク
경기도 고양시 일산서구 한류월드로 300 (대화동),京畿道高陽市一山西区韓流ワールドロ300（大和洞）
고양 일산 호수공원 가로수길,高陽一山湖公園街路樹道
고양 고양 일산 호수공원 가로수길,高陽高陽一山湖公園街路樹道
경기 고양시 일산서구 주엽로 80,京畿道高陽市一山西区朱葉路80
중산체육공원,中山体育公園
고양 중산체육공원,高陽中山体育公園
경기도 고양시 일산동구 중산로 217,京畿道高陽市一山東区中山路217
성저공원,城底公園
고양 성저공원,高陽城底公園
경기도 고양시 일산서구 일산로 663,京畿道高陽市一山西区一山路663
분당아이스아레나,ブンダンアイスアリーナ
성남 분당아이스아레나,城南ブンダンアイスアリーナ
경기 성남시 분당구 대왕판교로34번길 21,京畿道城南市盆唐区大王板橋路34番ギル21
사적인서점,プライベートブック
경기 파주시 돌곶이길 180-38,京畿道坡州市石岳道180-38
의정부기억저장소,ウィジョンブ記憶記憶場所
의정부 의정부기억저장소,ウィジョンブウィジョンブ記憶記憶場所
경기 의정부시 흥선로 7,京畿道ウィジョンブ市興選路7
송산사지근린공원,松山寺地近隣公園
의정부 송산사지근린공원,ウィジョンブ松山寺地近隣公園
경기 의정부시 민락로 296,京畿道ウィジョンブ市民楽路296
독산성,毒性
경기도 오산시 지곶동 산107-10,京畿道烏山市峡洞洞107-10
씽씽스튜디오,シンシンスタジオ
경기 여주시 청심로132번길 7,京畿道麗州市清心路132番ギル7
내리문화공원,ナリ文化公園
오산 내리문화공원,烏山下里文化公園
경기도 평택시 팽성읍 내리,京畿道平沢市
쥬쥬랜드,ジュジュランド
고양 쥬쥬랜드,高陽ジュジュランド
경기도 고양시 덕양구 원당로458번길 7-42 (관산동),京畿道高陽市徳陽区原堂路458番ギル7-42（関山洞）
양평 중미산천문대,楊平中米山天文台
경기 양평군 옥천면 중미산로 1268,京畿道楊平郡オクチョンミョン中米山路1268
갤러리티,ギャラリー
안양 갤러리티,安養ギャラリー
경기 안양시 동안구 시민대로 180,京畿道安養市中区市民大路180
고양한강공원,高陽漢江公園
고양 고양한강공원,高陽高陽漢江公園
경기도 고양시 행주외동 450-6,京畿道高陽市行州外洞450-6
오아시스,オアシス
시흥 오아시스,始興オアシス
경기 시흥시 오이도로 240,京畿道始興市大道240
레전드스크린야구존 수원인계점,レジェンドスクリーン野球ゾーン水原引継店
수원 레전드스크린야구존 수원인계점,水原レジェンドスクリーン野球ゾーン水原引継店
경기 수원시 팔달구 인계로108번길 39-17,京畿道水原市팔달구 인계로108번길 39-17
오디너리독스,オーディナリドックス
성남 오디너리독스,城南オーディナリードックス
경기 성남시 수정구 고등로4길 16-2,京畿道城南市水晶区高等路4ギル16-2
은행시장,銀行市場
성남 은행시장,城南銀行市場
경기도 성남시 중원구 산성대로 526 (은행동),京畿道城南市中原区山城大路526（銀行行）
상대원시장,相手市場
성남 상대원시장,城南相手市場
경기 성남시 중원구 희망로344번길 6,京畿道城南市中原区希望路344番ギル6
성남아트리움,城南アトリウム
성남 성남아트리움,城南城南アトリウム
경기 성남시 수정구 수정로171번길 10,京畿道城南市水晶区水路171番10
천주교인천교구 김포성당,天主教仁川教区金浦大聖堂
김포 천주교인천교구 김포성당,金浦天主教仁川教区金浦大聖堂
경기 김포시 북변로 29-12,京畿道金浦市北辺路29-12
갈치저수지,ガルチ貯水池
군포 갈치저수지,群浦ガルチ貯水池
경기 군포시 속달로 129-49,京畿道郡浦市速達路129-49
일월수목원,日月樹木園
수원 일월수목원,水原日月樹木園
경기 수원시 장안구 일월로 61,京畿道水原市長安区日月路61
수원메쎄,水原メッセ
수원 수원메쎄,水原水原メッセ
경기도 수원시 권선구 세화로134번길 37 (서둔동),京畿道水原市慶善区セファロ134番ギル37（ソ・ドンドン）
수원종합운동장,水原総合運動場
수원 수원종합운동장,水原水原総合運動場
경기아트센터갤러리,京畿アートセンターギャラリー
수원 경기아트센터갤러리,水原京畿アートセンターギャラリー
경기 수원시 팔달구 효원로307번길 20,京畿道水原市パルダル区ヒョウォン路307番ギル20
수원컨벤션센터,水原コンベンションセンター
수원 수원컨벤션센터,水原水原コンベンションセンター
영흥숲공원,永興森公園
수원 영흥숲공원,水原永興森公園
경기도 수원시 영통구 영통동 36-11,京畿道水原市永通区永通洞36-11
수원KT위즈파크,水原KTウィズパーク
수원 수원KT위즈파크,水原水原KTウィズパーク
용화사,龍華寺
수원 용화사,水原龍華寺
경기 수원시 권선구 칠보로88번길 260,京畿道水原市慶善区チルボロ88番ギル260
수원올림픽공원,水原オリンピック公園
수원 수원올림픽공원,水原水原オリンピック公園
경기 수원시 권선구 효원로256번길 16,京畿道水原市慶善区ヒョウォン路256番ギル16
권선종합시장,巻線総合市場
수원 권선종합시장,水原巻線総合市場
경기 수원시 권선구 세권로 185,京畿道水原市クォンソン区セクォンロ185
경기 가평군 가평읍 달전리 144-1,京畿道加平郡加平邑月田里144-1
수원탑동시민농장,水原塔洞市民農場
수원 수원탑동시민농장,水原水原塔洞市民農場
경기 수원시 권선구 서둔로 155,京畿道水原市慶善区ソドンロ155
포천한탄강하늘다리,ポチョンハンタン川空橋
의왕 포천한탄강하늘다리,義王ポチョンハンタン川空橋
경기 포천시 영북면 비둘기낭길 211,京畿道浦川市永北面鳩嚢211
고대산자연휴양림,古代産自然休養林
경기도 연천군 신서면 고대산길 84-79,京畿道延川郡新西面古大山道84-79
동학산공원,東学山公園
화성 동학산공원,華城東学山公園
경기도 화성시 석우동 29-3,京畿道華城市石浦洞29-3
바운스슈퍼파크 수원영통센터,バウンススーパーパーク水原ヨントンセンター
수원 바운스슈퍼파크 수원영통센터,水原バウンススーパーパーク水原ヨントンセンター
경기도 수원시 영통구 덕영대로 1566 (영통동),京畿道水原市永通区徳永大路1566（ヨントンドン）
매탄공원,マタン公園
수원 매탄공원,水原マタン公園
경기도 수원시 영통구 매탄로 185 (매탄동),京畿道水原市永通区マタンロ185（マタンドン）
탄천종합운동장 빙상장,炭川総合運動場氷上場
성남 탄천종합운동장 빙상장,城南タンチョン総合運動場氷上場
경기도 성남시 분당구 탄천로 215 (야탑동),京畿道城南市盆唐区泰川路215（野塔洞）
볼베어파크 부천점,ボールベアパーク富川店
부천 볼베어파크 부천점,富川ボールベアパーク富川店
경기도 부천시 원미구 조마루로 2 (상동),京畿道富川市原美区上丸路2（上洞）
비스타밸리,ビスタバレー
남양주 비스타밸리,南楊州ビスタバレー
경기 남양주시 화도읍 비룡로360번길 15-17,京畿道南楊州市華道邑飛龍路360番ギル15-17
불광사(광주),仏光寺（光州）
광주 불광사,光州仏光寺
경기도 광주시 이배재로 225-27 (목현동),京畿道光州市イ・ペジェロ225-27（木県洞）
지산 포레스트 리조트 스키장,地山フォレストリゾートスキー場
경기도 이천시 마장면 지산로 267,京畿道利川市馬場面​​智山路267
자일산림욕장,ザイル山林浴場
의정부 자일산림욕장,ウィジョンブジャイル森林浴場
경기도 의정부시 호국로1828번길 146 (자일동),京畿道ウィジョンブ市湖国路1828番ギル146（ジャイルドン）
미리내 성지,ミリ内聖地
안성 미리내 성지,安城ミリネ聖地
딥스테이션,ディープステーション
평택 딥스테이션,平沢ディープステーション
경기도 용인시 처인구 포곡읍 성산로 523,京畿道龍仁市処城区浦谷邑城山路523
반딧불마을,ホタル村
경기 가평군 설악면 묵안로 182,京畿道加平郡雪岳面ムアンロ182
구름산산림욕장,雲山山林浴場
광명 구름산산림욕장,光明雲山森林浴場
경기도 광명시 오리로619번길 27,京畿道光明市オリロ619番ギル27
국립양평치유의숲,国立楊平治癒の森
양평 국립양평치유의숲,楊平国立楊平治癒の森
경기도 양평군 양동면 황거길 262-10,京畿道楊平郡楊洞面黄居道262-10
청평자연휴양림,清平自然休養林
경기도 가평군 청평면 북한강로2246번길 8-6,京畿道加平郡清平面北漢江路2246番ギル8-6
마이다스레이크 이천 골프앤리조트,マイダスレイク利川ゴルフ＆リゾート
경기 이천시 설성면 설가로 602,京畿道利川市雪城面雪家路602
팔당호,八堂湖
광주 팔당호,光州八堂湖
경기도 광주시 남종면,京畿道光州市南宗面
고삼호수,ゴサム湖
안성 고삼호수,安城高三湖
경기도 안성시 고삼면 향림길 50,京畿道安城市高山面香林道50
선유담계곡,ソンユダム渓谷
의왕 선유담계곡,義王ソンユダム渓谷
경기도 포천시 이동면 포화로 123,京畿道舒川市移動面飽和路123
공릉천,龍陵川
고양 공릉천,高陽公陵川
경기도 고양시 덕양구 통일로 695 (관산동),京畿道高陽市徳陽区統一路695（関山洞）
팔봉산 흔들바위,パルボン山の揺れ岩
안성 팔봉산 흔들바위,安城パルボン山ロッキングロック
경기 안성시 일죽면 종배길 157-4,京畿道安城市イルジュミョンチョンベギル157-4
고성산,高城山
안성 고성산,安城高城山
경기도 안성시 양성면 덕봉리,京畿道安城市陽城面徳峰里
독산성산림욕장,毒山城森林浴場
경기도 오산시 지곶동 산136,京畿道烏山市峡洞洞136
고대산,高台山
경기도 연천군 신서면,京畿道延川郡新西面
중원산,中原山
양평 중원산,楊平中原山
경기도 양평군 용문면 조계골길,京畿道楊平郡龍門面
중미산,中米山
양평 중미산,楊平中米山
경기도 양평군 옥천면 중미산로 1152,京畿道楊平郡オクチョンミョン中米山路1152
수덕산,水徳山
경기 가평군 북면 도대리,京畿道加平郡北面大田里
갱매폭포,ギャンメ滝
과천 갱매폭포,果川坑매滝
경기도 과천시 막계동,京畿道果川市マクゲドン
녹수계곡,緑水渓谷
경기도 가평군 상면 덕현리,京畿道加平郡上面徳賢里
열두개울,12ヶ月
경기도 연천군 청산면 청신로 345,京畿道延川郡清山面清信路345
도마치계곡,戸町渓谷
경기도 가평군 북면 조무락골길 132,京畿道加平郡北面チョムラクゴルギル132
명지계곡,明治渓谷
경기 가평군 북면 도대리 623,京畿道加平郡北面東大里623
용도수목원,用途樹木園
시흥 용도수목원,始興用途樹木園
경기도 시흥시 밭뒤길 32,京畿道始興市畑裏道32
서봉산산림욕장,西峰山森林浴場
화성 서봉산산림욕장,華城ソボンサン森林浴場
경기도 화성시 봉담읍 덕리,京畿道華城市ボンダム邑ダクリー
서후리숲,ソフリの森
양평 서후리숲,楊平サーフリ森
경기도 양평군 서종면 거북바위1길 200,京畿道楊平郡西宗面カメ岩1ギル200
문수산산림욕장,ムンス山山林浴場
김포 문수산산림욕장,金浦ムンスサン山林浴場
경기도 김포시 월곶면 문수산로 102-38,京畿道金浦市ウォルギョンミョンムンサンロ102-38
석산계곡,石山渓谷
양평 석산계곡,楊平石山渓谷
경기도 양평군 단월면 석산로,京畿道楊平郡丹月面石山路
남양호(남양황라),ナムヤンホ（ナムヤンファンラ）
화성 남양호 남양황라,華城南陽湖南陽黄羅
경기 화성시 장안면,京畿道華城市長安面
앵자봉,アンザボン
광주 앵자봉,光州アンザボン
경기도 광주시 퇴촌면 천진암로 1203-1,京畿道光州市退村面天津岩路1203-1
송추계곡,ソンチュ渓谷
양주 송추계곡,楊州ソンチュ渓谷
경기도 양주시 장흥면,京畿道楊州市長興面
귀목봉,耳木棒
칠장산,チルジャンサン
안성 칠장산,安城チルジャンサン
경기 안성시 죽산면,京畿道安城市竹山面
고봉산,ゴボン山
고양 고봉산,高陽高峰山
경기도 고양시 일산동구 중산동,京畿道高陽市一山東区中山洞
고모저수지,高モーザー樹脂
의왕 고모저수지,義王ゴモ貯水池
경기도 포천시 소흘읍 죽엽산로 452,京畿道浦川市ソル邑竹葉山路452
어비계곡,アビ谷
경기도 가평군 설악면 어비산길99번길 9-10,京畿道加平郡雪岳面アビサンギル99番ギル9-10
조무락계곡,チョムラック渓谷
경기도 가평군 북면 조무락골길,京畿道加平郡北面チョムラクゴルギル
대부산,大釜山
양평 대부산,楊平大釜山
경기도 양평군 옥천면 신복리,京畿道楊平郡玉川面新福利
시화호,シファホ
안산 시화호,安山市ファホ
경기도 안산시 단원구 대부황금로 1927,京畿道安山市丹原区貸付黄金路1927
중원계곡,中原渓谷
양평 중원계곡,楊平中原渓谷
경기도 양평군 용문면 중원산로 555,京畿道楊平郡龍門面中原山路555
명성산,名城山
의왕 명성산,義王名城山
경기도 포천시 이동면 도평리,京畿道浦川市
역고드름,逆にきび
경기도 연천군 신서면 평화로 3282-76,京畿道延川郡新西面平和路3282-76
반월호수,バンウォル湖
군포 반월호수,群浦半月湖
경기도 군포시 호수로 92,京畿道郡浦市湖畔92
비봉산,ビボンサン
안성 비봉산,安城ビボンサン
경기도 안성시 보개면 불현길,京畿道安城市
덕평공룡수목원,徳平恐竜樹木園
경기도 이천시 마장면 작촌로 282,京畿道利川市馬場面​​作村路282
검단산,剣団山
경기도 하남시 천현동,京畿道河南市天賢洞
소리산,音山
양평 소리산,楊平音山
경기도 양평군 단월면 석산리 산24,京畿道楊平郡丹月面石山里山24
하남 나무고아원,ハナム木孤児院
경기도 하남시 미사동 608,京畿道河南市ミサドン608
풍도,風度
안산 풍도,安山風道
경기도 안산시 단원구 풍도길 28,京畿道安山市丹原区豊道28
주금산,住金山
의왕 주금산,義王酒金山
경기도 포천시 내촌면 능곡청정길 50,京畿道浦川市内村面陵谷清浄路50
기산저수지,起山貯水池
양주 기산저수지,楊州起山貯水池
경기 양주시 백석읍 기산리,京畿道楊州市白石邑キサンリ
당남리섬,唐南里島
경기도 여주시 대신면 여양로 1954,京畿道麗州市大麺麟陽路1954
벽계구곡,壁渓谷
양평 벽계구곡,楊平壁渓谷
경기도 양평군 서종면 수입리 381,京畿道楊平郡西宗面381
문수산,ムンスサン
김포 문수산,金浦ムンスサン
경기도 김포시 월곶면 문수산로 90-19,京畿道金浦市ウォルギョンミョンムンサンロ90-19
전류리포구,電流レポート
경기 김포시 하성면 금포로 1928,京畿道金浦市河城面金浦路1928
초록산산림욕장,緑山山林浴場
화성 초록산산림욕장,火星緑山森林浴場
경기 화성시 양감면 사창리 810-9,京畿道華城市サムリョン810-9
국화도,菊島
화성 국화도,火星菊図
경기도 화성시 우정읍 국화길 8,京畿道華城市友情邑菊道8
국립아세안자연휴양림,国立ASEAN自然休養林
양주 국립아세안자연휴양림,楊州国立アセアン自然休養林
경기도 양주시 백석읍 기산로 472,京畿道楊州市白石邑キサンロ472
입파도 홍암,入波島紅岩
화성 입파도 홍암,火星入波島紅岩
경기도 화성시 우정읍 입파길 54,京畿道華城市友情邑入道54
율곡수목원,ユルゴク樹木園
경기도 파주시 파평면 장승배기로 392,京畿道坡州市破平面チャンスンベギロ392
마장호수,馬場湖
경기도 파주시 광탄면 기산로 365,京畿道坡州市光潭面ギサンロ365
운계폭포,雲界滝
경기도 파주시 적성면 감골길 48,京畿道坡州市城城面渓谷道48
광교산,光橋山
수원 광교산,水原光橋山
경기도 수원시 장안구 상광교동,京畿道水原市長安区上光橋洞
우음도,優音度
화성 우음도,火星雨音度
경기도 화성시 송산면 고정리,京畿道華城市松山面固定里
서운산,ソウンサン
안성 서운산,安城西雲山
경기도 안성시 금광면 상중리,京畿道安城市金光面上中里
노성산,老城山
경기도 이천시 설성면 진상미로665번길 241,京畿道利川市ソルソンミョンジンサンミロ665番ギル241
명달리계곡,ミョンダリ渓谷
양평 명달리계곡,楊平ミョンダリ渓谷
경기도 양평군 서종면 약수터길 23-5,京畿道楊平郡西宗面薬水道23-5
삼성산,サムスン山
안양 삼성산,安養サムスン山
경기 안양시 만안구 석수동,京畿道安養市万安区石水洞
청평호반,清平湖畔
경기도 가평군 설악면 유명로 1906-15,京畿道加平郡雪岳面有名路1906-15
유명산,有名山
경기도 가평군 설악면 유명산길 79-53,京畿道加平郡雪岳面有名山道79-53
명지산군립공원,明治山郡立公園
경기도 가평군 북면 백둔로650번길,京畿道加平郡北面白頭路650
중미산자연휴양림,中米産自然休養林
양평 중미산자연휴양림,楊平中米産自然休養林
발랑저수지,バラン貯水池
경기도 파주시 광탄면 발랑리,京畿道坡州市光弾面バランリー
축령산,畜霊山
남양주 축령산,南楊州畜霊山
경기 남양주시 수동면 축령산로 299,京畿道南楊州市手動面綱寧山路299
비금계곡,非金谷
남양주 비금계곡,南楊州非金谷
경기 남양주시 수동면 비룡로 1222,京畿道南楊州市手動面ビリョンロ1222
운길산,ウンギル山
남양주 운길산,南楊州ウンギルサン
소래산,ソレサン
시흥 소래산,始興ソレサン
경기도 시흥시 신천동,京畿道始興市新川洞
칼봉산자연휴양림,カルボン山自然休養林
경기도 가평군 가평읍 경반안로 454,京畿道加平郡加平邑京畿道454
부천식물원,富川植物園
부천 부천식물원,富川富川植物園
경기도 부천시 길주로 660,京畿道富川市吉祥路660
신구대학교식물원,新区大学植物園
성남 신구대학교식물원,城南新区大学植物園
경기도 성남시 수정구 적푸리로 9,京畿道城南市水晶区赤プリロ9
왕방산,王方山
동두천 왕방산,ドンドゥチョン王方山
경기도 포천시 신북면 심곡리,京畿道浦川市新北面深谷里
용인자연휴양림,龍仁自然休養林
평택 용인자연휴양림,平沢龍仁自然休養林
경기도 용인시 처인구 모현읍 초부로 220,京畿道龍仁市チョンイングモヒョン邑220
소래산산림욕장,ソレサン森林浴場
시흥 소래산산림욕장,始興ソレ山林浴場
경기 시흥시 소래산길 37,京畿道始興市ソレサンギル37
천보산 자연휴양림,天保山自然休養林
의왕 천보산 자연휴양림,義王天保山自然休養林
경기도 포천시 원동교길 309,京畿道浦川市原洞橋ギル309
팔달산,八達山
수원 팔달산,水原パルダルサン
경기도 수원시 팔달구 팔달산로 228,京畿道水原市パルダル区パルダルサンロ228
구봉도,グボンド
안산 구봉도,安山グボンド
경기 안산시 단원구 대부북동 산 35-1,京畿道安山市丹原区北部北洞山35-1
삼성산산림욕장,サムスン山山林浴場
안양 삼성산산림욕장,安養サムスン山林浴場
경기도 안양시 만안구 예술공원로131번길 49,京畿道安養市万安区芸術公園131号道49
안양천,安養川
안양 안양천,安養安養川
경기도 안양시 만안구 석수로,京畿道安養市万安区石水路
불곡산,不曲山
양주 불곡산,楊州ブルゴック山
경기도 양주시 유양동,京畿道楊州市ユヤンドン
궁평리 해수욕장,宮平里海水浴場
화성 궁평리 해수욕장,華城宮平里海水浴場
경기도 화성시 서신면 수문개길 81-36,京畿道華城市西新面水門81-36
바다향기수목원,海の香り樹木園
안산 바다향기수목원,安山海香り樹木園
경기도 안산시 단원구 대부황금로 399,京畿道安山市丹原区貸付黄金路399
묘적사계곡,奇跡四谷
남양주 묘적사계곡,南楊州墓地四谷
경기도 남양주시 와부읍 수레로661번길 17-2,京畿道南楊州市和武邑スレロ661番道17-2
문안산,文安山
남양주 문안산,南楊州文安山
경기도 남양주시 화도읍 금남리,京畿道南楊州市華道邑金南里
제부도해수욕장,済州島海水浴場
화성 제부도해수욕장,華城帝部島海水浴場
경기도 화성시 서신면 해안길 260,京畿道華城市西新面海岸路260
여주 양화나루,ヨジュヤンファナル
경기도 여주시 능서면 내양리,京畿道ヨジュ市陵西面内陽里
김포 대명항,金浦大明港
김포 김포 대명항,金浦金浦大明港
경기도 김포시 대명항1로 109,京畿道金浦市大明港1路109
평택호,平沢湖
오산 평택호,五山平沢湖
경기도 평택시 현덕면 평택호2길 183,京畿道平沢市ヒョンドク面平沢2ギル183
법화산,法火山
평택 법화산,平沢法火山
경기도 용인시 기흥구,京畿道龍仁市ギフン区
한택식물원,ハンテック植物園
평택 한택식물원,平沢ハンテック植物園
경기도 용인시 처인구 백암면 한택로 2,京畿道龍仁市チョンイングペクアムミョンハンテクロ2
세미원,セミウォン
양평 세미원,楊平セミウォン
경기도 양평군 양서면 양수로 93,京畿道楊平郡両西面ヤンスロ93
설매재자연휴양림,雪再自然休養林
양평 설매재자연휴양림,楊平ソルジャ自然休養林
경기도 양평군 옥천면 용천로 510,京畿道楊平郡玉川面龍川路510
율봄식물원,ユルボム植物園
광주 율봄식물원,光州栗春植物園
경기도 광주시 퇴촌면 태허정로 267-54,京畿道光州市退村面太鼓町路267-54
마이다스밸리 청평 골프클럽,マイダスバレー清平ゴルフクラブ
경기 가평군 설악면 이천리 240,京畿道加平郡雪岳面李川里240
무주채폭포,無州菜の滝
경기도 가평군 북면 제령리,京畿道加平郡北面済寧里
석룡산,石龍山
경기도 가평군 북면,京畿道加平郡北面
통방산,通房山
경기 가평군 설악면,京畿道加平郡雪岳面
화야산,火山
양평 화야산,楊平華山
경기도 양평군 서종면 노문리,京畿道楊平郡西宗面ノムンリ
설봉산,雪峰山
경기도 이천시 관고동,京畿道利川市関高洞
도드람산(저명산),ドドラム山（著明山）
도드람산 저명산,ドドラム山 低明山
경기도 이천시 마장면 서이천로,京畿道利川市馬場面​​ソイチョンロ
안산식물원,安山植物園
안산 안산식물원,安山安山植物園
경기도 안산시 상록구 성호로 113,京畿道安山市常緑区ソンホロ113
백운호수,白雲湖
하남 백운호수,河南白雲湖
경기도 의왕시 백운로 526,京畿道義王市白雲路526
축령산자연휴양림,畜霊山自然休養林
남양주 축령산자연휴양림,南楊州綱寧山自然休養林
경기도 남양주시 수동면 축령산로 299,京畿道南楊州市手動面綱寧山路299
황학산수목원,黄学山樹木園
안산향토사박물관,安山郷土史博物館
안산 안산향토사박물관,安山安山郷土史博物館
경기 안산시 상록구 석호로 144,京畿道安山市常緑区ラグーン144
헤이리 커피박물관,ヘイリーコーヒー博物館
경기도 파주시 탄현면 헤이리마을길 23,京畿道坡州市タンヒョンミョンヘイリ村23
활판공방,活版工房
경기도 파주시 문발로 203,京畿道坡州市ムンバロ203
선바위미술관,サンロック美術館
과천 선바위미술관,果川サンロック美術館
경기도 과천시 무네미길 34,京畿道果川市ムネミギル34
영은미술관,ヨンウン美術館
광주 영은미술관,光州ヨンウン美術館
경기도 광주시 청석로 300,京畿道光州市清石路300
농경유물전시관,農耕遺物展示館
경기도 파주시 통일로 600,京畿道坡州市統一路600
국립여성사전시관,国立女性辞書館
고양 국립여성사전시관,高陽国立女性辞書館
경기도 고양시 덕양구 화중로104번길 50,京畿道高陽市徳陽区華中路104番ギル50
의왕 국립수목원 산림박물관,義王国立樹木園森林博物館
경기도 포천시 소흘읍 광릉수목원로 415,京畿道浦川市ソル邑光陵樹木園路415
해움미술관,海賊美術館
수원 해움미술관,水原海洋美術館
경기도 수원시 팔달구 매산로 133,京畿道水原市パルダル区梅山路133
오산문화예술회관,五山文化芸術会館
경기도 오산시 경기동로 41,京畿道烏山市京畿道41
백향꽃누르미갤러리,白香花ヌルミギャラリー
광주 백향꽃누르미갤러리,光州白香花ヌルミギャラリー
경기도 광주시 도척면 얼음골길19번길 33,京畿道光州市道渓面アイスゴール19番ギル33
동광극장,東光劇場
동두천 동광극장,ドンドゥチョン東光劇場
경기도 동두천시 생연동,京畿道東豆川市生延洞
소전미술관,小田美術館
시흥 소전미술관,始興小田美術館
경기도 시흥시 소래산길 41,京畿道始興市ソレサンギル41
군포문화원,郡浦文化院
군포 군포문화원,郡浦郡浦文化院
경기도 군포시 한세로56번길 12,京畿道郡浦市ハンセロ56番ギル12
국립현대미술관 과천,国立現代美術館果川
과천 국립현대미술관 과천,果川国立現代美術館果川
하남문화원,河南文化院
경기도 하남시 덕풍동로 12,京畿道河南市徳豊洞12
청심평화월드센터,清心平和ワールドセンター
경기 가평군 설악면 미사리로 258,京畿道加平郡雪岳面ミサリロ258
연천수레울아트홀,延川スレウルアートホール
경기도 연천군 연천읍 문화로 150,京畿道延川郡延川邑文化路150
광명문화원,光明文化院
광명 광명문화원,光明光明文化院
경기도 광명시 철망산로 42,京畿道光明市金網山路42
과천시민회관,果川市民会館
과천 과천시민회관,果川果川市民会館
지혜샘어린이도서관,知恵泉子ども図書館
수원 지혜샘어린이도서관,水原知恵泉子ども図書館
경기도 수원시 권선구 동탄원천로 818 지혜샘도서관,京畿道水原市慶善区東昌原川路818知恵泉図書館
안산 유리섬박물관,安山ガラス島博物館
경기도 안산시 단원구 부흥로 254,京畿道安山市丹原区復興路254
김포 덕포진교육박물관,金浦徳浦陣教育博物館
경기도 여주시 영릉로 125,京畿道ヨジュ市永陵路125
평촌아트홀,平村アートホール
안양 평촌아트홀,安養平村アートホール
창조자연사박물관,創造自然史博物館
시흥 창조자연사박물관,始興創造自然史博物館
경기도 시흥시 두문로71번길 4,京畿道始興市斗門路71番ギル4
한옥기술전시관,韓屋技術展示館
수원 한옥기술전시관,水原韓屋技術展示館
경기도 수원시 팔달구 정조로885번길 1,京畿道水原市팔달구 정조로885번길 1
여성생활사박물관,女性生活史博物館
경기도 여주시 강천면 강천로 324-20,京畿道麗州市江川面江川路324-20
서호미술관,西湖美術館
남양주 서호미술관,南楊州西湖美術館
경기도 남양주시 화도읍 북한강로 1344,京畿道南楊州市華道邑北漢江路1344
목아박물관,喉の博物館
경기도 여주시 강천면 이문안길 21,京畿道麗州市江川面イムンアンギル21
모란미술관,牡丹美術館
남양주 모란미술관,南楊州牡丹美術館
경기도 남양주시 화도읍 경춘로2110번길 8,京畿道南楊州市華道邑慶春路2110番ギル8
구리문화원,銅文化院
구리 구리문화원,銅銅文化院
경기 구리시 동구릉로148번길 25,京畿道九里東区陵路148番道25
고양시문예회관,高陽市文芸会館
고양 고양시문예회관,高陽高陽市文芸会館
양주 청암민속박물관,楊州清岩民俗博物館
경기도 양주시 장흥면 권율로 83-5,京畿道楊州市長興面権率83-5
안양아트센터,安養アートセンター
안양 안양아트센터,安養安養アートセンター
경기도 안양시 만안구 문예로36번길 16,京畿道安養市万安区文芸路36番ギル16
가일미술관,ガイル美術館
경기도 가평군 청평면 북한강로 1549,京畿道加平郡清平面北漢江路1549
하남문화예술회관,河南文化芸術会館
김포인삼쌀맥주갤러리,金浦仁三米ビールギャラリー
김포 김포인삼쌀맥주갤러리,金浦金浦仁三米ビールギャラリー
경기도 김포시 대곶면 대명항로 518,京畿道金浦市大江面大明航路518
안성 남사당 공연장,安城南寺堂会場
안성 안성 남사당 공연장,安城安城南寺堂会場
경기도 안성시 보개면 남사당로 198-2,京畿道安城市蠕面南サダン路198-2
죽포미술관,竹浦美術館
경기도 여주시 산북면 고촌길 26-10,京畿道麗州市山北面高村路26-10
양주 조명박물관,楊州照明博物館
파주시민회관,坡州市民会館
이천온천공원,利川温泉公園
경기도 이천시 애련정로136번길 84,京畿道利川市愛連町136番84
남양주 덕소자연사박물관,南楊州徳寿自然史博物館
고양시립 주엽어린이도서관,高陽市立朱葉子ども図書館
고양 고양시립 주엽어린이도서관,高陽高陽市立朱葉子ども図書館
경기도 고양시 일산서구 주엽로 104,京畿道高陽市一山西区朱葉路104
고양꽃전시관,高陽花展示館
고양 고양꽃전시관,高陽高陽花展示館
경기도 고양시 일산동구 호수로 595,京畿道高陽市イルサンドング湖595
광명업사이클아트센터,光明業サイクルアートセンター
광명 광명업사이클아트센터,光明光明業サイクルアートセンター
경기 광명시 오리로 703,京畿道光明市オリロ703
한국카메라박물관,韓国カメラ博物館
과천 한국카메라박물관,果川韓国カメラ博物館
경기도 과천시 대공원광장로 8,京畿道果川市大公園広場8
평택문화원,平沢文化院
오산 평택문화원,五山平沢文化院
가원미술관,家園美術館
과천 가원미술관,果川家園美術館
경기도 과천시 새빛로 24,京畿道果川市新光路24
광주 풀짚공예박물관,光州草わら工芸博物館
경기도 광주시 오포읍 문형산길 76,京畿道光州市オポ邑ムンヒョンサンギル76
의정부 과학도서관,議政府科学図書館
의정부 의정부 과학도서관,ウィジョンブウィジョンブ科学図書館
양주시립 회암사지박물관,楊州市立灰岩四肢博物館
양주 양주시립 회암사지박물관,楊州楊州市灰岩四肢博物館
경기 양주시 회암사길 11,京畿道楊州市灰岩サギル11
양평문화원,楊平文化院
양평 양평문화원,楊平楊平文化院
경기도 양평군 양평읍 마유산로 5,京畿道楊平郡楊平邑マユサンロ5
양평 추억의 청춘뮤지엄,楊平の思い出の青春ミュージアム
경기도 양평군 용문면 용문산로 620,京畿道楊平郡龍門面龍門山路620
광주 경기도자박물관,光州京畿道博物館
은산어울림생태박물관,ウンサンオウリム生態博物館
경기도 오산시 서동로19번길 19,京畿道烏山市西洞路19番ギル19
종이미술관,紙美術館
안산 종이미술관,安山紙美術館
경기도 안산시 단원구 대남로 233,京畿道安山市丹原区大南路233
연강갤러리,軟江ギャラリー
경기도 연천군 중면 군중로 885,京畿道延川郡中面群衆路885
다도박물관,茶道博物館
김포 다도박물관,金浦茶道博物館
경기도 김포시 월곶면 애기봉로275번길 187-49,京畿道金浦市ウォルゴンミョンアギボンロ275
김포문화원,金浦文化院
김포 김포문화원,金浦金浦文化院
경기도 김포시 모담공원로 170-1 한옥마을(아트하우스),京畿道金浦市モダム公園路170-1韓屋村（アートハウス）
평택 벗이미술관,平沢裸美術館
경기도 용인시 처인구 양지면 학촌로53번길 4,京畿道龍仁市チョンイングヤンジミョン53番ギル4
화성 소다미술관,火星ソーダ美術館
경기도 화성시 효행로707번길 30,京畿道華城市孝行路707番ギル30
엄미술관,厳美術館
화성 엄미술관,火星オム美術館
경기 화성시 봉담읍 오궁길 37,京畿道華城ボンダム邑オグンギル37
예아리박물관,エアリ博物館
평택 예아리박물관,平沢予里博物館
경기도 용인시 처인구 원설로270번길 25 예아리 박물관,京畿道龍仁市処仁区原雪路270番ギル25
앤갤러리,アンギャラリー
성남 앤갤러리,城南アンドギャラリー
경기도 성남시 분당구 새마을로 95,京畿道城南市盆唐区セマウル95
아해박물관,亜海博物館
과천 아해박물관,果川亜海博物館
경기도 과천시 추사로 133,京畿道果川市チュサロ133
마나스아트센터,マナスアートセンター
양평 마나스아트센터,楊平マナスアートセンター
경기도 양평군 강상면 강남로 743,京畿道楊平郡江上面江南路743
스토리 미니어처 뮤지엄,ストーリーミニチュアミュージアム
경기도 파주시 탄현면 헤이리마을길 93-75,京畿道坡州市泰県面平里村93-75
남양주 실학박물관,南楊州実学博物館
경기도 남양주시 조안면 다산로747번길 16,京畿道南楊州市城安面多山路747号16
남양주시립박물관,南楊州市立博物館
남양주 남양주시립박물관,南楊州南楊州市立博物館
경기도 남양주시 와부읍 팔당로 121,京畿道南楊州市和武邑八堂路121
남양주 미호박물관,南楊州美琴博物館
경기도 남양주시 고산로126번길 15-2,京畿道南楊州市高山路126番ギル15-2
고양 중남미문화원,高陽中南米文化院
경기도 고양시 덕양구 대양로285번길 33-15,京畿道高陽市徳陽区大陽路285番ギル33-15
화성시 향토박물관,華城市郷土博物館
화성 화성시 향토박물관,華城華城市郷土博物館
경기도 화성시 향남읍 행정동로 96,京畿道華城市香南邑行政洞路96
닻미술관,アンカー美術館
광주 닻미술관,光州アンカー美術館
경기도 광주시 초월읍 진새골길 184,京畿道光州市チョウォル邑ジンセゴルギル184
백남준아트센터,ペクナムジュンアートセンター
평택 백남준아트센터,平沢白南ジュンアートセンター
통진두레문화센터,トンジンドゥレ文化センター
김포 통진두레문화센터,金浦トンジンドゥレ文化センター
경기도 김포시 통진읍 김포대로 2347-8,京畿道金浦市トンジン邑金浦大路2347-8
남양주문화원,南楊州文化院
남양주 남양주문화원,南楊州南楊州文化院
경기도 남양주시 경춘로 883-36,京畿道南楊州市慶春路883-36
우석헌자연사박물관,ウ・ソクホン自然史博物館
남양주 우석헌자연사박물관,南楊州ウソクホン自然史博物館
경기도 남양주시 진접읍 금강로 1095,京畿道南楊州市鎮邑錦江路1095
부천문화원,富川文化院
부천 부천문화원,富川富川文化院
경기도 부천시 경인로92번길 33,京畿道富川市京仁路92番ギル33
성남 성남아트센터,城南城南アートセンター
부천 오정아트홀,富川オジョンアートホール
경기 부천시 성오로 172,京畿道富川市城オロ172
성남문화원,城南文化院
성남 성남문화원,城南城南文化院
경기도 성남시 수정구 산성대로215번길 7,京畿道城南市水晶区山城大路215番道7
성남 판교박물관,城南板橋博物館
바른샘어린이도서관,正しい泉の子供の図書館
수원 바른샘어린이도서관,水原正しい泉の子供の図書館
경기도 수원시 영통구 매봉로 10,京畿道水原市永通区マボンロ10
수원 영통도서관,水原霊通図書館
수원 수원 영통도서관,水原水原霊通図書館
경기도 수원시 영통구 청명로 151,京畿道水原市永通区清明路151
수원 해우재,水原ヘウジェ
경기 수원시 장안구 장안로458번길 9,京畿道水原市長安区長安路458番9
수원문화원,水原文化院
수원 수원문화원,水原水原文化院
경기 수원시 권선구 호매실로 237,京畿道水原市巻線区ホマシロ237
슬기샘어린이도서관,悲しみの子供の図書館
수원 슬기샘어린이도서관,水原スルギサム子供図書館
경기도 수원시 장안구 송정로 9,京畿道水原市長安区松井路9
호반아트리움,ホバンアトリウム
과천 호반아트리움,果川湖畔アトリウム
경기 과천시 사기막길 71-7,京畿道果川市詐欺道71-7
경기 남양주 조안 (슬로시티),京畿道南楊州ジョアン（スローシティ）
남양주 경기 남양주 조안 슬로시티,南楊州の試合南楊州ジョアンスローシティ
경기 남양주시 조안면 북한강로 413,京畿道南楊州市城安面北朝鮮川413
수원 수원화성박물관,水原水原華城博物館
보름산미술관,ボルムサン美術館
김포 보름산미술관,金浦ボルムサン美術館
경기도 김포시 고촌읍 수기로 100-78,京畿道金浦市高村邑100-78
안산문화예술의전당,安山文化芸術の殿堂
안산 안산문화예술의전당,安山安山文化芸術の殿堂
고양문화원,高陽文化院
고양 고양문화원,高陽高陽文化院
경기도 고양시 일산서구 한류월드로 280,京畿道高陽市一山西区韓流ワールド280
안산 경기도미술관,安山京畿道美術館
안산문화원,安山文化院
안산 안산문화원,安山安山文化院
경기도 안산시 상록구 석호로 144,京畿道安山市常緑区ラグーン144
안성문화원,安城文化院
안성 안성문화원,安城安城文化院
경기도 안성시 보개면 종합운동장로 203,京畿道安城市普面面総合運動場203
안양문화원,安養文化院
안양 안양문화원,安養安養文化院
경기도 안양시 만안구 현충로 53,京畿道安養市万安区県忠路53
설미재미술관,雪美再美術館
경기도 가평군 설악면 유명로 1454-38,京畿道加平郡雪岳面有名路1454-38
양주문화원,楊州文化院
양주 양주문화원,楊州楊州文化院
경기도 양주시 광적면 삼일로29번길 20,京畿道楊州市光赤面サムイルロ29番ギル20
기흥성뮤지엄,キ・フンソンミュージアム
양평 기흥성뮤지엄,楊平奇興城ミュージアム
경기도 양평군 강하면 강남로 267,京畿道楊平郡江南江南路267
양주소놀이굿공연장,楊州ソルプレイグッドショー
양주 양주소놀이굿공연장,楊州楊州ソルプレイグッドショー
경기도 양주시 백석읍 중앙로93번길 70-21,京畿道楊州市白石邑中央路93番ギル70-21
여주문화원,ヨジュ文化院
경기도 여주시 신륵사길 6-6,京畿道楊州市新嘉寺路6-6
한향림옹기박물관,ハンヒョンリムオンギ博物館
경기도 파주시 탄현면 헤이리마을길 96-43,京畿道坡州市泰賢面平里町道96-43
연천문화원,延川文化院
경기도 연천군 연천읍 문화로 143,京畿道延川郡延川邑文化路143
오산시립미술관,烏山市立美術館
경기도 오산시 현충로 100,京畿道烏山市玄忠路100
부천 부천시립박물관,富川富川市立博物館
경기 부천시 소사로 638,京畿道富川市ソサロ638
한국미술관,韓国美術館
평택 한국미술관,平沢韓国美術館
경기도 용인시 기흥구 마북로 244-2,京畿道龍仁市ギフン区マブクロ244-2
호암미술관,ホアム美術館
평택 호암미술관,平沢湖岩美術館
경기도 용인시 처인구 포곡읍 에버랜드로562번길 38,京畿道龍仁市処城区浦谷邑エバーランド562号38
죽전야외음악당,竹田野外音楽堂
평택 죽전야외음악당,平沢竹田野外音楽堂
경기도 용인시 수지구 죽전로168번길 9,京畿道龍仁市スジ区竹田路168号9
용인 포은아트홀,龍仁ポウンアートホール
평택 용인 포은아트홀,平沢龍仁ポウンアートホール
경기도 용인시 수지구 포은대로 499,京畿道龍仁市樹脂区ポウンデロ499
용인문화원,龍仁文化院
평택 용인문화원,平沢龍仁文化院
경기도 용인시 처인구 중부대로 1199,京畿道龍仁市処人区中部大路1199
단국대학교 석주선기념박물관,檀国大学石周線記念博物館
평택 단국대학교 석주선기념박물관,平沢丹国大学石珠船記念博物館
경기도 용인시 수지구 죽전로 152,京畿道龍仁市岳区竹田路152
경기도국악당,京畿道国楽党
평택 경기도국악당,平沢京畿道国楽党
문화예술원 마루홀,文化芸術院マルホール
평택 문화예술원 마루홀,平沢文化芸術院マルホール
용인시박물관,龍仁市博物館
평택 용인시박물관,平沢龍仁市博物館
경기도 용인시 기흥구 동백3로 79,京畿道龍仁市ギフン区東白3路79
평택 한국등잔박물관,平沢韓国灯山博物館
양주 조소앙기념관,楊州城南記念館
안양 안양박물관,安養安養博物館
경기도 안양시 만안구 예술공원로103번길 4 (석수동),京畿道安養市万安区芸術公園路103番ギル4（石水洞）
부천 부천활박물관,富川富川活博物館
경기도 부천시 소사로 482,京畿道富川市ソサロ482
지영희국악관,チ・ヨンヒ国楽館
오산 지영희국악관,オサンジヨンヒ国楽館
경기도 평택시 현덕면 평택호길 147,京畿道平沢市ヒョンドク面平沢湖147
남송미술관,南松美術館
경기도 가평군 북면 백둔로 322,京畿道加平郡北面白頭路322
갤러리박영,ギャラリーパクヨン
경기도 파주시 회동길 37-9,京畿道坡州市会洞路37-9
과천문화원,果川文化院
과천 과천문화원,果川果川文化院
경기도 과천시 문원로 40-1,京畿道果川市文原路40-1
조병화문학관,チョ・ビョンファ文学館
안성 조병화문학관,安城チョ・ビョンファ文学館
경기도 안성시 양성면 난실길 14-1,京畿道安城市陽城面難室道14-1
포네티브 스페이스,フォネティブスペース
경기도 파주시 탄현면 헤이리마을길 34,京畿道坡州市タンヒョンミョンヘイリ村34
이재효갤러리,イ・ジェヒョギャラリー
양평 이재효갤러리,楊平イ・ジェヒョギャラリー
경기도 양평군 지평면 초천길 83-22,京畿道楊平郡地平面チョチョンギル83-22
안성 안성맞춤박물관,安城アンソンカスタム博物館
수원 수원광교박물관,水原水原光橋博物館
남양주 프라움악기박물관,南楊州フラウム楽器博物館
의왕문화원,義王文化院
하남 의왕문화원,ハナム義王文化院
경기도 의왕시 백운로 23,京畿道義王市白雲路23
가평문화원,加平文化院
경기도 가평군 가평읍 문화로 131,京畿道加平郡加平邑文化路131
열화당책박물관,劣化党本博物館
경기도 파주시 광인사길 25,京畿道坡州市光仁寺路25
가평문화예술회관,加平文化芸術会館
93뮤지엄가족미술관,93ミュージアム家族美術館
경기 파주시 탄현면 헤이리마을길 59-58,京畿道坡州市泰賢面平里村59-58
시흥문화원,始興文化院
시흥 시흥문화원,始興始興文化院
경기도 시흥시 연성로13번길 3,京畿道始興市延城路13番ギル3
의정부문화원,ウィジョン部文化院
의정부 의정부문화원,ウィジョンブウィジョンブ文化院
경기도 의정부시 산단로 123,京畿道ウィジョンブ市サンダンロ123
이천문화원,利川文化院
경기 이천시 남천로 31,京畿道利川市南川路31
김포독립운동기념관,金浦独立運動記念館
김포 김포독립운동기념관,金浦金浦独立運動記念館
경기도 김포시 양촌읍 양곡2로30번길 46,京畿道金浦市陽村邑楊谷2路30番ギル46
이천아트홀,利川アートホール
경기도 이천시 경충대로2697번길 172 (관고동),京畿道利川市京忠大路2697番ギル172（関高洞）
한국기독교역사박물관,韓国キリスト教歴史博物館
경기도 이천시 대월면 대평로214번길 10-13,京畿道利川市大月面大平路214番ギル10-13
지혜의 숲,知恵の森
경기도 파주시 회동길 145,京畿道坡州市会洞路145
메디테리움,メディテリウム
경기 파주시 회동길 338,京畿道坡州市慶東路338
성남시 야외공연장,城南市野外会場
성남 성남시 야외공연장,城南城南市野外会場
경기도 성남시 분당구 성남대로 550,京畿道城南市盆唐区城南大路550
두루뫼박물관,ドゥルメ博物館
경기도 파주시 법원읍 초리골길 278,京畿道坡州市裁判所邑チョリゴルギル278
영집궁시박물관,永住宮市博物館
경기 파주시 탄현면 국원말길 168,京畿道坡州市タンヒョンミョン
법륜사,法輪史
평택 법륜사,平沢法輪寺
경기도 용인시 처인구 원삼면 농촌파크로 126,京畿道龍仁市チョンイングウォンサムミョン農村公園126
고양향교,高陽郷校
고양 고양향교,高陽高陽郷校
경기도 고양시 덕양구 대양로285번길 33-13 (고양동),京畿道高陽市徳陽区大陽路285番ギル33-13（高陽洞）
안성향교,安城郷橋
안성 안성향교,安城安城郷橋
경기도 안성시 낙원길 22,京畿道安城市楽園道22
통진향교,トンジン香橋
김포 통진향교,金浦トンジンヒョンギョ
경기도 김포시 월곶면 군하로 288-21,京畿道金浦市月岬面郡下路288-21
고송정지,高松停止
안산 고송정지,安山高松停止
경기도 안산시 단원구 화정동,京畿道安山市丹原区華亭洞
죽산향교,竹山郷橋
안성 죽산향교,安城竹山郷橋
경기도 안성시 죽산면 죽산향교길 54-45,京畿道安城市竹山面竹山郷橋54-45
배다골테마파크,ペダゴルテーマパーク
고양 배다골테마파크,高陽バダゴルテーマパーク
경기도 고양시 덕양구 배다골길 131,京畿道高陽市徳陽区ペダゴルギル131
왕과 사는 남자,王と生きる男
12세이상관람가,12歳以上の観覧家
"계유정난이 조선을 뒤흔들고 어린 왕 이홍위는 왕위에서 쫓겨나 유배길에 오른다. 한편, 강원도 영월 산골 마을 광천골의 촌장 엄흥도는 먹고 살기 힘든 마을 사람들을 위해 청령포를 유배지로 만들기 위해 노력한다. 그러나 촌장이 부푼 꿈으로 맞이한 이는 왕위에서 쫓겨난 이홍위였다. 유배지를 지키는 보수주인으로서 그의 모든 일상을 감시해야만 하는 촌장은 삶의 의지를 잃어버린 이홍위가 점점 신경 쓰이는데…",渓遊政難が朝鮮を揺さぶり、若い王イ・ホンウィは王位から追い出され、流配道に上がる。一方、江原道ヨンウォル山骨村光天骨の村長オム・フンドは、食べて生きにくい村人のために清霊浦を流刑地にするために努力する。しかし村長が膨らんだ夢で迎えたのは王位から追い出された李洪委だった。流刑地を守る保守主人として彼のすべての日常を監視しなければならない村長は人生の意志を失ったイ・ホンウィがますます気になるのに…。
호퍼스,ホッパーズ
전체관람가,全体の観覧
"오랜 연구 끝에 개발한 ‘호핑’ 기술로 동물 세계에 가까이 갈 수 있음을 알게 된 주인공 ‘메이블’은 마치 ‘아바타’ 같다며 신기해하고, 직접 로봇 비버가 되어 동물들의 세계에 잠입한다. 그들의 말을 알아듣게 된 ‘메이블’은 진짜 동물이 된 것처럼 동물 세상을 경험하는 가운데, 연못에 있던 다른 비버에게 달려드는 곰을 막아서지만 그들에겐 그들만의 질서와 법칙이 있다는 사실을 알게 된다. ‘호핑‘ 기술을 개발한 박사는 이 기술을 자연계 질서를 어지럽히는 데 쓰면 안 된다고 경고하지만, ‘메이블’은 통신을 끊어버려 이후 예측불가의 모험이 펼쳐질 것을 예고한다.",長い研究の末に開発した「ホッピング」技術で動物の世界に近づくことができることを知った主人公「メイブル」は、まるで「アバター」のようだと不思議に思え、直接ロボットビーバーとなり、動物たちの世界に潜入する。彼らの言葉を聞くことになった「メイブル」は、本物の動物になったかのように動物の世界を経験する中で、池にいた他のビーバーに駆け寄るクマを防いでいるが、彼らには彼らだけの秩序と法則があるという事実を知ることになる。 「ホッピング」技術を開発した博士は、この技術を自然界秩序を乱すのに使うべきではないと警告するが、「メイブル」は通信を切ってしまい、以後予測不可能の冒険が繰り広げられることを予告する。
삼악도,三岳島
15세이상관람가,15歳以上の観覧家
"일제강점기, 집단 자살 사건 이후 흔적 없이 사라진 사이비 종교 ‘삼선도’. 사회 고발 프로그램 PD 채소연(조윤서)은 일본 나고야TV 기자 마츠다로부터 ‘피의 예언’만 남긴 채 사라진 이 종교에 대한 제보를 받는다. 한 외딴 마을에서 '삼선도'가 여전히 살아 있으며, 예언을 막기 위한 법사들의 봉인 의식이 진행되고 있었다는 것. 마을에 도착한 취재팀은 그곳에서 이미 ‘피의 예언’이 시작되고 있음을 깨닫게 되는데…",日帝強占期、集団自殺事件以後、痕跡なく消えたサイビー宗教「三線図」。社会告発プログラムPDチェ・ソヨン(チョ・ユンソ)は日本名古屋TV記者松田から「血の予言」だけ残したまま消えたこの宗教に対する情報提供を受ける。ある孤立した村で「三善島」が依然として生きており、予言を防ぐための法師たちの封印意識が進んでいたということ。村に到着した取材チームは、そこですでに「血の予言」が始まっていることに気付くようになるが…。
휴민트,ヒューミント
"비밀도, 진실도 차가운 얼음 바다에 수장되는 블라디보스토크에서 서로 다른 목적을 가진 이들이 격돌하는 이야기",秘密、真実も冷たい氷の海に収蔵されるウラジオストクで、異なる目的を持つ人々が激突する話
오만과 편견,オマーンと偏見
12세관람가,12歳の観覧
"베넷 가의 다섯 자매 중 둘째인 엘리자베스는 사랑하는 사람과의 결혼을 믿는 자존심 강하고 영리한 소녀이다. 부유하고 명망있는 가문의 신사 빙리와 그의 친구 다아시가 여름 동안 대저택에 머물게 되고, 댄스 파티에서 처음 만난 엘리자베스와 다아시는 서로에게서 눈을 떼지 못한다. 다아시는 아름답고 지적인 그녀의 매력에 점점 빠져들고, 폭우가 쏟아지는 날 비바람이 몰아치는 언덕에서 가슴 속 깊은 곳에 담아둔 뜨거운 사랑을 그녀에게 고백한다. 하지만 다아시가 빙리와 제인의 결혼을 제인이 명망있는 가문 출신이 아니라는 이유로 반대한 것을 알게 되자, 그를 오만하고 편견에 가득 찬 속물로 여기며 외면하는데...",ベネット家の5人の姉妹の2人目のエリザベスは、愛する人との結婚を信じるプライドで強くて賢い女の子です。裕福で評判の良い家の紳士ビングリーと彼の友人のダアシが夏の間大邸宅にとどまり、ダンスパーティーで初めて会ったエリザベスとダアシはお互いから目を離さない。ダアシは美しく知的な彼女の魅力にどんどん入り込んで、大雨が降り注ぐ日に風が吹く丘から胸の奥深くに盛っておいた熱い愛を彼女に告白する。だが、ダアシがビンリーとジェーンの結婚をジェーンが評判の高い家出身ではないという理由で反対したことを知ると、彼を傲慢で偏見に満ちた俗物と思って外面するのに...
매드 댄스 오피스,マッドダンスオフィス
"24시간 빈틈없이 살아온 구청의 갓생 과장 국희. 승진은 코앞이고, 딸의 취업까지! 모든 것이 그녀의 계획대로 완벽하게 진행될 줄 알았다. 그런데 완벽했던 스텝이 꼬여버리기 시작한다! 도둑맞은 승진, 연락 두절된 딸, 그리고 텅 빈 마음... 엉망진창이 된 인생 박자를 수습하기 위해 찾아간 곳은 플라멩코 연습실? 완벽하지 않아도 괜찮은, 인생 리듬 되찾기 프로젝트!",24時間隙間なく生きてきた区役所の新生課長ククヒ。昇進は鼻の前で、娘の就職まで！すべてが彼女の計画どおり完璧に進むと思った。ところで完璧だったステップがねじれてしまい始める！盗まれた昇進、連絡切れた娘、そして空っぽの心…混乱した人生の拍子を収拾するために訪れたところはフラメンコ練習室？完璧ではなくても大丈夫、人生のリズムを取り戻すプロジェクト！
햄넷,ハムネット
"자연 속에서 자유롭게 살아온 ‘아녜스’는 마을에 새로 온 교사 ‘윌리엄 셰익스피어’와 사랑에 빠져 가정을 이룬다. 어느 날, 두 사람에게 예기치 못한 비극이 찾아오고 삶의 가장 소중한 것을 잃은 참혹한 상실의 고통 속에서 두 사람은 각자의 방식으로 상처와 비극을 극복하게 되는데…",自然の中で自由に生きてきた「アニュス」は、村に新しく来た教師「ウィリアム・シェイクスピア」と恋に落ちて家庭をなす。ある日、二人に予期せぬ悲劇が訪れ、人生の最も大切なことを失った惨めな喪失の苦痛の中で、二人はそれぞれの方法で傷と悲劇を克服することになる。
투어스 브이알 콘서트 : 러쉬로드,ツアーズVialコンサート：ラッシュロード
센티멘탈 밸류,センチメンタルバリュー
가족을 버리고 떠난 영화감독 구스타프는 재회한 딸에게 영화 출연을 제안한다. 하지만 노라는 아버지에 대한 불신과 원망으로 단칼에 거절한다.,家族を捨て去った映画監督グスタフは再会した娘に映画出演を提案する。しかし、ノラは父に対する不信と恨みで短剣に断る。
극장의 시간들,劇場の時間
"[침팬지] “영화는 오랜 친구와 같은 것이다” 2000년 광화문. 고도, 모모, 제제는 영화를 사랑한다는 공통점으로 단짝이 된다. 헌책방에서 신기한 침팬지 이야기를 발견한 세 사람은 그 이야기에 빠져든다. 2025년, 영화감독이 된 고도는 홀로 광화문을 걷다가 다시 침팬지 이야기를 만난다. [자연스럽게] “자, 편안하고 자연스럽게! 레디…액션!” 무더운 여름의 영화 촬영 현장. 어린이 배우들은 동네 곳곳을 뛰어다니며 신나게 노는 장면을 연기 중이다. 그런데 감독은 계속 더 자연스럽게 연기해달라고 말하고, 배우와 스탭들은 고민에 빠진다. “도대체 자연스러운 연기란 뭘까?” [영화의 시간] “너야말로 안 변했네. 그 시절 얼굴이 그대로야” 춘천에 사는 영화는 오랜만에 광화문을 찾는다. 홀로 정동과 광화문 곳곳을 걷다가 우연히 들어간 극장에서 수십 년 만에 여고 동창과 재회한다. 영화는 그곳에서 일하는 동창의 배려로 한여름의 꿈 같은 영화 한 편을 만난다.",[チンパンジー] 「映画は長い友人のようなものだ」 2000年光化門。高度、桃、製剤は映画を愛するという共通点で仲良くなる。古本屋で不思議なチンパンジーの物語を発見した3人はその話に陥る。 2025年、映画監督となった高度は一人で光化門を歩いて再びチンパンジーの話に会う。 [自然に]「さあ、快適で自然に！レディ…アクション！」暑い夏の映画撮影シーン。子供の俳優たちは近所のあちこちを走り回り、楽しく遊ぶ場面を演じている。ところが監督はずっともっと自然に演じてほしいと言い、俳優とスタッフたちは悩みに陥る。 「一体自然な演技とは何か？」 [映画の時間] 「あなたこそ変わらなかった。その時代の顔がそのままだ」 春川に住む映画は久しぶりに光化門を探す。一人でチョンドンと光化門のあちこちを歩いて偶然入った劇場で数十年ぶりに女子同窓と再会する。映画はそこで働く同窓の配慮で真夏の夢のような映画の一編に会う。
녹나무의 파수꾼,樟脳のウォッチャー
거절할 수 없는 제안을 받아들이고 영문도 모른 채 소원을 비는 녹나무의 파수꾼이 된 레이토. 그는 초승달과 보름달이 뜨는 날 나무를 찾아오는 심야의 방문객들을 만나며 녹나무에는 세상에 알려지지 않은 특별한 힘이 있다는 것을 알게 된다. 오래된 예약 장부를 정리하던 레이토는 이곳을 찾는 사람들과 녹나무의 연결 고리를 발견하고 자신이 파수꾼이 된 이유와 녹나무에 얽힌 놀라운 진실에 다가가게 되는데...,拒絶できない提案を受け入れ、英文も知らないまま願いを叩く樟脳の見張り人になったレイト。彼は三日月と満月の日に木を訪れる深夜の訪問者に会い、樟脳には世界に知られていない特別な力があることが分かる。古い予約帳を整理していたレイトは、ここを探している人たちと樟脳のつながりを発見し、自分がウォッチャーになった理由と樟脳にまつわる驚くべき真実に近づくことになるのですが…
드림스,ドリームズ
청소년관람불가,青少年観覧不可
"멕시코 출신의 젊고 매력적인 무용수 ‘페르난도’는 성공한 자선사업가이자 연인인 미국인 ‘제니퍼’와 함께할 아메리칸 드림을 꿈꾸며 불법 입국을 감행한다. 그러나, 제니퍼는 미국 상류사회에서 자신의 자리를 지키기 위해 페르난도와 연인임을 숨기게 되고, 두 사람 사이에 서서히 균열이 생기기 시작하는데…",メキシコ出身の若くて魅力的なダンサー「フェルナンド」は成功した慈善事業家であり恋人であるアメリカ人「ジェニファー」と一緒にするアメリカンドリームを夢見て不法入国を敢行する。しかし、ジェニファーは米国上流社会で自分の席を守るためにフェルナンドと恋人であることを隠すことになり、二人の間に徐々に亀裂が生じ始めるのだが…。
폭탄,爆弾
"“앞으로 세 번, 다음 폭발은 한 시간 뒤입니다.” 그의 말을 놓치는 순간, 연쇄 폭발은 현실이 된다. 모든 시작은 술에 취한 채 연행된 지극히 평범해 보이는 중년 남성 ‘스즈키’의 한마디였다. 대수롭지 않게 여겨진 그의 예언은 한 시간 뒤, 실제 도쿄 도심에서 발생한 폭발로 현실이 되고 경시청 수사 1과의 형사 ‘루이케’는 ‘스즈키’를 핵심 용의자로 판단, 그를 밀실의 취조실에 가둔 채 심문을 이어간다. 도쿄 전역을 누비는 폭탄 수색과 취조실에서 벌어지는 치열한 심리전 속에서 수사관들은 이 미스터리에 숨겨진 진실과 마주하게 되는데…",「今後3回、次の爆発は1時間後です」彼の言葉を逃した瞬間、連鎖爆発は現実になる。すべての始まりは酒に酔ったまま連行された極めて平凡に見える中年男性「鈴木」の一言だった。大手ではないとされた彼の予言は1時間後、実際東京都心で発生した爆発で現実となり、警視庁捜査1課の刑事「ルイケ」は「鈴木」を核心容疑者と判断し、彼を密室の取組室に閉じ込めたまま尋問を続ける。東京全域を巡る爆弾捜索と取組室で繰り広げられる熾烈な心理戦の中で、捜査官たちはこのミステリーに隠された真実と向き合うようになるが…。
프로젝트 헤일메리,プロジェクトヘイルメリー
눈을 떠보니 아득한 우주의 한가운데에서 깨어난 중학교 과학교사 ‘그레이스’는 희미한 기억 속에서 자신이 죽어가는 태양으로부터 지구와 인류를 살릴 마지막 희망으로 이곳에 왔다는 사실을 알게 된다. 잃어버린 기억으로 인해 모든 것이 혼란스러운 상황에서 ‘그레이스’는 우연히 우주 한복판에서 같은 목적으로 온 뜻밖의 존재 ‘로키’를 만나게 되고 ‘그레이스’와 ‘로키’는 각 두 행성의 운명을 건 마지막 미션을 수행하러 떠나게 되는데…,目を浮かべると、遥かな宇宙の真ん中で目が覚めた中学校科学教師「グレース」は、薄暗い記憶の中で自分が死んでいく太陽から地球と人類を生かす最後の希望でここに来たという事実を知ることになる。失われた記憶のためにすべてが混乱した状況で「グレース」は偶然宇宙の真ん中から同じ目的で来た意外な存在「ロッキー」に出会い、「グレース」と「ロッキー」は各二つの惑星の運命をかけた最後のミッションを遂行しに去ることになるが…。
빌리 아일리시 - 히트 미 하드 앤드 소프트: 더 투어,ビリーアイリッシュ - ヒートミーハード＆ソフト：ザツアー
등급 미정,評価未定
김~치!,キム〜チ！
"퇴직과 이별로 마음의 자리를 잃어버린 ‘민경’은 작은 시골마을로 내려와 조용히 사진을 찍으며 지내기 시작한다. 사람보다 풍경을, 감정보다 거리를 두던 그녀의 카메라에 어느 날 한 노인이 들어온다. 치매를 앓고 있는 베트남 참전용사 ‘덕구’. 손녀를 교통사고로 잃은 뒤 기억이 조금씩 희미해지고 있는 그는, 매일 아침 집 앞에 앉아서 죽은 손녀를 향해 손을 흔드는 치매를 앓고있지만,. 사진을 찍는 순간만큼은 누구보다 또렷한 눈빛으로 카메라를 바라본다. 우연처럼 시작된 기록은 점점 ‘민경’의 하루가 되고, 덕구가족의 사연을 알게 되고 덕구의 잃어가는 기억을 붙잡아주려는 시간은 어느새 민경 자신의 상처를 어루만지고 치유받는 시간이 된다. 기억을 잃어가는 사람과, 삶의 방향을 잃어버린 사람. 서로 다른 상처를 가진 두 사람이 사진을 교감으로 미소를 되찾고 조금씩 마음을 나누기 시작한다. 그리고 마침내, 덕구가 민경의 마음속에 들어와 가장 환하게 울려 퍼지는 한마디. “김~치!” 그 한 장의 사진처럼, 두 사람의 시간도 다시 또렷해진다.",退職と別れで心の席を失ってしまった「ミンギョン」は小さな田舎の村に降りて静かに写真を撮って過ごし始める。人より風景を、感情より距離を置いた彼女のカメラにある日、一人の高齢者が入ってくる。認知症を患っているベトナム参戦勇者「徳口」。孫娘を交通事故で失った後、記憶が少しずつ薄れている彼は、毎朝家の前に座って死んだ孫娘に向かって手を振る痴呆を患っているが、。写真を撮る瞬間だけは誰よりも明確な目つきでカメラを眺める。偶然のように始まった記録は、ますます「民経」の一日になり、徳口家族の事情を知り、徳口の失われる記憶を捕まえようとする時間はいつの間にか、民経自身の傷を揉んで癒される時間となる。記憶を失う人と、人生の方向を失った人。異なる傷を持つ二人が写真を交感で笑顔を取り戻し、少しずつ心を分け始める。そしてついに、徳口が民経の心の中に入り、最も明るく響き渡る一言。 「キム～チ！」その一枚の写真のように、二人の時間もまた鮮明になる。
왜(歪): 더 카르텔,なぜ（歪）：ザカルテル
<왜(歪): 더 카르텔>은 2020년 4.15 총선에서 드러난 각종 통계적·물적 증거를 심도 있게 분석한 충격적인 부정선거 다큐멘터리 영화로 배우 겸 성우 윤주상 님이 내레이션을 맡았습니다. 믿기지 않고 믿고 싶지도 않은 끔찍한 부정선거는 비단 4.15 총선뿐만이 아니라 정권이 바뀐 후에도 여전히 계속되고 있습니다. 부디 이 작품을 통해 천인공노할 충격적인 부정선거의 실상이 널리 알려지기를 기원합니다.,<なぜ(歪):ザ・カルテル>は2020年4.15総選挙で明らかになった各種統計的・物的証拠を深く分析した衝撃的な不正選挙ドキュメンタリー映画で俳優兼声優ユン・ジュサンさんがナレーションを引き受けました。信じずに信じたくない恐ろしい不正選挙は、4.15の総選挙だけでなく、政権が変わった後もまだ続いています。是非この作品を通じて天人攻労する衝撃的な不正選挙の実像が広く知られることを祈ります。
프로텍터,プロテクター
"미 특수부대에서 뛰어난 활약상을 보이며 국가를 위해 헌신했던 니키는 딸의 어린 시절을 함께 보내지 못했다. 남편이 사망한 후, 그녀는 딸 클로이 곁으로 돌아온다. 그러나 떨어져 지냈던 시간의 공백만큼 두 모녀 사이의 틈은 좁혀질 기미가 보이지 않는다. 클로이는 16번째 생일날 외출을 했다가 납치를 당하고, 니키는 거대 조직에 맞서 72시간 안에 딸을 되찾아야 하는 위험천만한 상황에 처한다. 경찰과 군대는 니키를 표적으로 삼고, 시간은 잔인하게 흐른다.",米特殊部隊で優れた活躍を見せ、国家のために献身したニッキーは娘の幼年期を一緒に送ることができなかった。夫が死亡した後、彼女は娘クロエのそばに戻ります。しかし、離れて過ごした時間の空白ほど、二人の母女の間の隙間は狭くなるシミが見えない。クロエは16回目の誕生日に外出をして拉致され、ニッキーは巨大組織に対抗して72時間以内に娘を取り戻さなければならない危険な状況に陥る。警察と軍隊はニッキーを標的にし、時間は残酷に流れる。
뮤지컬 장수탕 선녀님,ミュージカルチャンスタン先生
"백희나 작가의 스테디셀러 그림책을 원작으로 오랜 시간 사랑받아온 가족 뮤지컬 '장수탕 선녀님'이 무대 위 에너지에 영화적 연출을 더해 대형 스크린에서 새롭게 펼쳐진다. 웃음과 따뜻함, 그리고 추억이 만나는 순간! 아이와 어른이 함께 공감하는 신비로운 장수탕의 이야기가 다시 시작된다.",ペク・ヒナ作家の定番の絵本を原作に長時間愛されてきた家族ミュージカル「長寿湯先生」が舞台上のエネルギーに映画的演出を加え、大型スクリーンで新たに繰り広げられる。笑いと暖かさ、そして思い出が出会う瞬間！子供と大人が共に共感する神秘的な長寿湯の話が再び始まる。
파이 굽는 엄마,パイ焼くママ
펫 트레인,ペットトレイン
"도심 속 동물 평화를 수호하는 정의의 너구리 ‘팔콘’! 배고픈 동물 친구들을 위해 열차에 오르는 순간, 복수심에 불타는 오소리 ‘한스’에 의해 반려동물들만 탑승한 열차가 브레이크 없이 폭주하기 시작한다. 정면 충돌까지 남은 시간은 단 몇 분! 일촉즉발의 위기 속에서 ‘팔콘’은 새로 만난 친구들과 힘을 합쳐 생존을 위한 스릴 만점의 탈출 작전에 나서는데…",都心の中で動物平和を守る正義のアライグマ「ファルコン」！空腹の動物友達のために列車に上る瞬間、復讐心に燃えるアナグマ「ハンス」によってペットのみ搭乗した列車がブレーキなしで暴走し始める。正面衝突までの残り時間はわずか数分！一触即発の危機の中で「ファルコン」は新たに出会った友達と力を合わせて生存のためのスリル満点の脱出作戦に出るのに…。
네가 마지막으로 남긴 노래,最後に残した曲
"유난히 눈에 띄지 않는 소년 ‘하루토’와 유난히 빛나는 소녀 ‘아야네’. 글을 읽고 쓰는 데 어려움이 있는 소녀를 대신해 소년은 시를 쓰고, 그 시는 노래가 되어 소녀의 목소리로 세상에 울려 퍼진다. 둘만의 비밀, 오직 둘만의 언어. 말보다 음악이 먼저 닿은 순간, 설렘으로 시작되는 가장 찬란한 청춘 로맨스!",非常に目立たない少年「ハルト」と非常に輝く少女「綾音」。文章を読んで書くのが難しい女の子に代わって少年は詩を書いて、その詩は歌になり、少女の声で世界に響き渡る。二人だけの秘密、二人だけの言語。言葉より音楽が先に届いた瞬間、ときめきで始まる最も絹のような青春ロマンス！
두 검사,両方の検査
"스탈린 시기의 소련, 자신이 하는 일에 갈등을 느끼는 한 젊은 검사의 이야기. 게오르기 데미도프의 중편을 각색한 작품.",スターリン時期のソ連、自分がすることに葛藤を感じる一人の若い検事の話。ゲオルギー・デミドフの中編を脚色した作品。
류이치 사카모토: 다이어리,龍一坂本：日記
"전자음악의 선구자이자 영화음악 거장, 환경과 평화를 외치는 운동가로 활약해온 전방위의 아티스트 류이치 사카모토. 2020년 12월, 그는 자신의 시간이 얼마 남지 않았다는 것을 알게 되고 일상을 기록하기 시작한다. 마지막까지 음악으로 살아있던 류이치 사카모토의 모든 순간.",電子音楽の先駆者であり、映画音楽の巨匠、環境と平和を叫ぶ運動家として活躍してきた全方位のアーティスト、龍一坂本。 2020年12月、彼は彼の時間が残っていなかったことを知り、日常を記録し始める。最後まで音楽で生きていた龍一坂本のすべての瞬間。
소녀심판,少女審判
"주먹 하나로 학교를 평정한 여고생, 이번엔‘추리닝’입고 돌아왔다! 강한 의협심과 맷집을 지닌‘민아’는 어릴 적 사고로 부모를 잃고 이모집에서 자란, 좀 과하게 정의로운 소녀다. ‘다시는 싸우지 않겠다’는 약속으로 고등학교에 입학한 민아는 평범한 새 출발을 꿈꾸지만, 첫날부터 잘생기고 괜히 정의로워보아는 짝꿍‘민기’에게 꽂힌다. 문제는 민기를 노리는 불량 일진서클의 우두머리‘세혁’. 민기를 괴롭히는 세혁의 패거리를 본 민아는 참다못해‘얼굴가린추리닝차림’으로 민기를 구출해버린다. 이날 이후 학교는 추리닝남의 정체를 찾기 위해 들썩이고, 민기는 구세주를 찾기 위한 본격 추리(?)에 나선다. 한편 민기를 사이에 둔 민아-혜리-세혁의 삼각전투구도에 불이 붙고, 민아는 자신의 정체를 숨기며 평범한척+불한측+사랑에 빠진 척 삼중생활을 하기된다. 그러나 정의감 폭발에 다혈질까지 얹힌 민아에게 그게 가능 할리가? 사랑은 꼬이고, 정체는 탄로날 위기, 싸움은 점점 커지는데…",拳ひとつで学校を平定した女子高生、今回は「推理ニング」で帰ってきた！強い疑問とマット集を持つ「ミナ」は幼い事故で両親を失い、叔母屋で育った、ちょっと過度に正義の少女だ。 「再び戦わない」という約束で高校に入学したミナは、平凡な新しい出発を夢見るが、初日からハンサムで、まさに正義に見えてくれる「ミンギ」に差し込む。問題はミンギを狙う不良日進サークルの頭頭「セヒョク」。ミンギをいじめるセヒョクの覇権を見たミンアは我慢できず「顔隠しチューリニング姿」でミンギを救出してしまう。この日以後、学校は推理寧男の正体を探すために浮かび、ミンギは救世主を探すための本格推理（？）に出る。一方、ミンギを挟んだミナ-ヘリ-セヒョクの三角戦闘構図に火がついて、ミナは自分の正体を隠し、平凡なふり+不漢側+愛に陥ったふり三重生活をする。しかし正義感爆発に多血質まで乗せられたミンアにそれが可能なのだろうか？愛はねじれ、正体はタンロナル危機、戦いはますます大きくなるのに…。
슈퍼 마리오 갤럭시,スーパーマリオギャラクシー
"브루클린의 배관공에서 세계를 구한 히어로로 레벨업한 형제 ‘마리오’와 ‘루이지’는 모래 왕국에서 임무를 수행하던 중, 길을 잃은 ‘요시’를 구출하며 특별한 우정을 쌓게 된다. 한편, 무너진 ‘쿠파’ 가문의 명예를 되찾기 위해 악의 왕자 ‘쿠파주니어’는 은하계의 수호자이자 치코들의 엄마 ‘로젤리나’를 납치하고, 버섯 왕국에 잡힌 아빠 ‘쿠파’를 되찾기 위해 왕국을 습격한다. 다시 찾아온 위기 속에서 마리오와 루이지, 피치, 키노피오 그리고 새로 합류한 요시까지 로젤리나도 구하고, 쿠파주니어의 비범한 계획을 막기 위해 넓은 갤럭시로 뛰어들게 되는데…",ブルックリンの配管工で世界を救ったヒーローでレベルアップした兄弟「マリオ」と「ルイージ」は砂王国で任務を遂行している間、迷子の「ヨシ」を救出して特別な友情を築くことになる。一方、崩れた「クッパ」家の名誉を取り戻すために、悪の王子「クッパジュニア」は、銀河系の守護者であり、チコたちのママ「ロゼリーナ」を拉致し、キノコ王国に捕まったパパ「クッパ」を取り戻すために王国を襲撃する。再び訪れた危機の中で、マリオとルイージ、ピッチ、キノピオ、そして新たに合流したヨシまでロゼリーナも救い、クッパジュニアの非凡な計画を防ぐために広いギャラクシーに飛び込むようになるが…。
킬 빌: 더 홀 블러디 어페어,キルビル：ザホールブラッディアペア
"23년 만에 공개되는 완전판, 275분 동안 펼쳐지는 완벽한 복수의 향연! 최고의 암살자였던 키도는 빌과 그의 조직인 데들리 바이퍼스로 인해, 끔찍한 피의 결혼식을 겪게 된다. 그리고 4년 후, 이제 그녀에게 남은 것은 자비 없는 복수뿐. 빌을 죽여라!",23年ぶりに公開される完全版、275分間繰り広げられる完璧な復讐の饗宴！最高の暗殺者だったキドはビルと彼の組織であるデドリー・バイパースのため、ひどい血の結婚式を体験することになる。そして4年後、もう彼女に残ったのは慈悲のない復讐だけ。ビルを殺す！
살목지,住まい
"기이한 소문이 끊이지 않는 저수지 살목지의 로드뷰 화면에 촬영한 적 없는 정체불명의 형체가 포착된다. 오늘 안에 반드시 재촬영을 끝내야 하는 상황 속에 살목지로 향한 PD 수인과 촬영팀. 촬영이 시작되자 행방이 묘연했던 선배 교식이 등장하고, 설명되지 않는 일들이 연달아 벌어지며 촬영팀은 점점 아비규환에 빠진다. 휘몰아치는 공포 속 기태는 수인을 향해 내달리지만 빠져나오려 할수록 이들은 점점 더 깊은 곳으로 끌려 들어가게 되는데…",奇妙な噂が絶えない貯水池野生地のロードビュー画面に撮影したことのない正体不明の形体が捕捉される。今日の中に必ず再撮影を終わらせなければならない状況の中で、渋谷に向かったPDスインと撮影チーム。撮影が始まると行方が描かれた先輩教食が登場し、説明されないことが相次いで行われ、撮影チームはますますアビギュファンに陥る。叱る恐怖の中の奇態は獣人に向かって走るが、抜け出そうとすればするほど、彼らはますます深いところに引き寄せられるようになるが…。
크라임 101,クライム101
"101번 국도를 따라 흔적도 없이 사라지는 보석들. 전설적인 절도범 ‘데이비스’는 자신만의 규칙 아래 완벽한 범죄를 설계한다. 모두가 혼란에 빠진 사이, 원칙과 집념의 형사 ‘루’만이 범인의 실체를 포착하며 포위망을 좁혀간다. 거대한 보험금을 노린 ‘데이비스’는 보험중개인 ‘샤론’에게 위험한 거래를 제안하고 완벽했던 계획과 정교한 수사는 예상치 못한 국면으로 치닫는데…",101番国道に沿って痕跡もなく消える宝石たち。伝説的な窃盗犯「デイビス」は自分のルールの下で完璧な犯罪を設計する。みんなが混乱に陥った間、原則と執念の刑事「ル」だけが犯人の実体を捕捉して包囲網を狭めていく。巨大な保険金を狙った「デイビス」は保険仲介人「シャロン」に危険な取引を提案し、完璧だった計画と精巧な捜査は予期せぬ局面に進むのに…。
침묵의 친구,沈黙の友人
독일 대학의 한 식물원에는 1832년부터 인간을 바라보며 뿌리내린 장엄한 한 그루의 은행나무가 서있다. 1908년 대학 최초의 여학생. 1972년 식물과 사랑을 동시에 키우는 청년. 2020년 고독한 신경과학자. 한 세기가 넘는 시간 동안 이 은행나무는 세 사람들의 삶 속으로 고요히 가지를 뻗어 하나로 연결되기 시작한다.,ドイツ大学のある植物園には、1832年から人間を眺めながら根付いた雄大な一本のイチョウが立っている。 1908年大学初の女子学生。 1972年、植物と愛を同時に育てる青年。 2020年孤独な神経科学者。 1世紀以上にわたって、このイチョウの木は3人の人生の中に静かに枝を広げて一つにつながり始めます。
마이클,マイケル
악마는 프라다를 입는다 2,悪魔はプラダを着る2
만달로리안과 그로구,マンダロリアンとグローグ
은하계를 누비는 현상금 사냥꾼 ‘딘 자린’ & 치명적인 귀여움의 ‘그로구’,銀河系を歩く賞金ハンター「ディーン・ザリン」＆致命的な可愛さの「グローグ」
디스클로저 데이,ディスクロージャーデー
토이 스토리 5,トイストーリー5
미니언즈 & 몬스터즈,ミニオンズ＆モンスターズ
슈퍼걸,スーパーガール
무자비한 적의 등장으로 인해 뜻밖의 동반자와 힘을 합치는 '슈퍼걸'의 이야기를 그린 액션 블록버스터,無慈悲な敵の登場により意外な仲間と力を合わせる「スーパーガール」の物語を描いたアクションブロックバスター
모아나,モアナ
오디세이,オデッセイ
어벤져스: 둠스데이,アベンジャーズ：ドゥームズデー
결혼해줄래?,結婚してくれる？
그녀가 돌아온 날,彼女が戻った日
"결혼 후 연기를 안 하게 되었고, 이혼 후 다시 일을 하기 위해 독립영화를 한 편 찍었다. 오늘 그 찍은 영화의 개봉을 위해 인터뷰를 한다. 중년의 나이가 돼서 아주 오랜만에 세상에 배우로 얼굴을 내미는 날이다. 세 번의 인터뷰가 삼 십분 간격으로 이어지고 여자는 질문들에 최선을 다해서 답한다. 인터뷰 후에 새로 시작한 연기수업에 가게 된다. 거기서 연기 선생은 오늘 있은 인터뷰를 다시 재현해보라고 한다. 인터뷰 중에 가장 중요한 부분에 다다르면 여자는 왠일인지 기억이 전혀 나지 않는 것 같다. 피곤하고 집으로 빨리 돌아가고 싶다. 딸이 기다리고 있다.",結婚後は演技をしなくなり、離婚後に再び仕事をするために独立映画を一枚撮った。今日その撮った映画の封切りのためにインタビューをする。中年の年齢になって、とても久しぶりに世の中の俳優で顔を出す日だ。 3回のインタビューが30分間隔で続き、女性は質問に最善を尽くして答える。インタビュー後に新たに始めた演技授業に行くことになる。そこで演技先生は今日あったインタビューを再現してみるように言う。インタビュー中に最も重要な部分に近づけば、女性はなぜか記憶が全く出ないようだ。疲れて家に早く帰りたい。娘が待っている。
다이 마이 러브,ダイマイラブ
"미친 듯이 사랑했던 그레이스와 잭슨에게 아기가 생긴다. 불처럼 타오르던 두 사람의 사랑은 서서히 꺼져가고 섹스마저 말라붙는다. 외로움이 깊어진 그레이스는 작가로서의 글쓰기도 불가능해지고, 점점 자신을 파괴하기 시작한다. 그 모든 붕괴를 곁에서 지켜보는 잭슨은 이 사랑을 다시 되돌릴 수 없을지도 모른다는 두려움에 사로잡힌다.",狂ったように愛していたグレースとジャクソンに赤ちゃんができる。火のように燃え上がった二人の愛は徐々に消えて、セックスさえ乾かす。孤独が深まったグレースは作家としての書き込みも不可能になり、ますます自分を破壊し始める。そのすべての崩壊をそばで見守るジャクソンは、この愛を再び戻すことができないかもしれないという恐怖にとらわれる。
미스매치,ミスマッチ
"“내가 책임질게 됐지?” 매번 큰소리만 뻥뻥! 사업 실패, 직장 해고까지 무능력한 가장 봉수 회사에서도 집안에서도 기를 펴지 못하고 살아가던 어느 날! 불의의 사고를 겪게 되는데… 몸은 멀쩡한데… 머릿속은 백지장?! “여긴 어디? 난, 누구?” 어제의 나도, 가족의 얼굴도 모두 새로 시작하게 된 봉수의 인생 리부트! 과연 봉수는 잃어버린 기억을 되찾고 가족의 재결합을 할 수 있을까?",「私が責任を負ったの？」毎回大声だけがぽっちゃり！事業失敗、職場の解雇まで無能な一番奉水会社でも家の中でも気を伸ばせずに生きていたある日！不義の事故を経験するのに…体は遠いですが…頭の中は白紙長？ 「ここどこ？私、誰？」昨日の私も、家族の顔もみんな新しく始まるようになった封水の人生リブート！果たして、奉守は失われた記憶を取り戻し、家族の再会ができるのだろうか？
브라이드!,ブライド！
"1930년대 미국, 죽음에서 깨어난 ‘브라이드’와 그녀를 사랑하게 된 ‘프랑켄슈타인’. 어느 날, 끔찍한 사건을 저지르고 위험천만한 도주를 시작한다. 세상의 모든 규범을 깨부순 ‘브라이드’와 ‘프랑켄슈타인’의 파격적인 행보는 미국 전역을 뒤흔들고 그들의 운명은 걷잡을 수 없는 방향으로 치닫는데…",1930年代アメリカ、死から目覚めた「ブライド」と彼女を愛するようになった「フランケンシュタイン」。ある日、ひどい事件を犯し、危険千万の逃走を始める。世界のすべての規範を悟り「ブライド」と「フランケンシュタイン」の破格的な歩みはアメリカ全域を揺さぶり、彼らの運命は歩くことができない方向に進む…
사랑의 하츄핑: 고래보석의 전설,愛のハチュピング：クジラジュエリーの伝説
고래가 품은 보석의 비밀을 찾아 바다로 떠난 로미와 하츄핑의 기적 같은 모험을 그린 판타지 애니메이션,クジラが抱く宝石の秘密を探し、海に出たロミとハチュフィンの奇跡のような冒険を描いたファンタジーアニメ
쉘터,シェルター
전직 특수 요원이 과거를 뒤로 하고 조용히 살려다 한 사건에 휘말리며 다시 '인간 병기'로 각성하는 하드보일드 액션물,元特殊要員が過去を後ろにして静かに生かそうとした事件に巻き込まれ、再び「人間兵器」で覚醒するハードボイルドアクション物
스페셜즈,スペシャル
"""목표는 핵심 인물 암살, 특기는 살인, 임무는 댄스 대회 챌린지?!” 스페셜한 목표를 가진 5명의 킬러들의 죽여주는 전대미문의 댄스 액션 무비",「目標は核心人物暗殺、特技は殺人、任務はダンス大会チャレンジ？！」スペシャルな目標を持つ5人のキラーたちを殺す前代未聞のダンスアクションムービー
아르코,アルコ
"2075년, 자연이 너무 위험해져 아이들은 돔 안에서 생활하고, 부모 없이 로봇에 의해 양육된다. 열 살 소녀 아이리스는 어느 날, 자신이 2932년 미래에서 왔으며 무지개를 타고 하늘을 날 수 있다고 말하는 동갑내기 소년 아르코를 만나며 희망의 빛을 발견하게 된다.",2075年、自然が危険すぎて子供たちはドームの中で生活し、親なしでロボットによって育てられる。 10歳の少女アイリスはある日、自分が2932年の未来から来て、虹に乗って空を飛ぶことができると言う同い年の少年アルコに会って希望の光を発見することになる。
"오, 발렌타인",ああ、バレンタイン
"2004년 2월 14일, 하청노동자 박일수의 죽음은 한 인간의 죽음이자 뜨거웠던 민주노조운동의 죽음이었다. 패배한 혁명의 그 날로부터 20여 년이 지난 지금, 그가 간절히 바랐던 세상을 꿈꾸며 예술을 이어가는 두 사람이 있다. 노동에서 생태로, 여성으로, 그리고 우리 삶의 위태로운 구석구석으로 패배한 과거의 혁명을 시와 노래로 이어가고 있다. 두 개의 영상, 중첩되는 사운드, 과거와 현재... 분할된 기록의 틈새 속에서 새로운 혁명의 모습을 찾아낸다.",2004年2月14日、下請労働者パク・イルスの死はある人間の死であり、熱かった民主労組運動の死だった。敗北した革命のその日から20年余りが過ぎた今、彼が切実に望んだ世界を夢見て芸術を続ける二人がいる。労働から生態へ、女性へ、そして私たちの生活の危ない隅々まで敗北した過去の革命を詩と歌につなげている。 2つの映像、重なり合うサウンド、過去と現在…分割された記録の隙間の中で新しい革命の姿を見いだす。
우리는 매일매일,私たちは毎日毎日
"중학교 졸업이 얼마 남지 않은 날, ‘여울’은 소꿉친구 ‘호수’에게 갑작스러운 고백공격을 받았다! 친구 이상으로 생각할 수 없기에, 단칼에 거절했는데… 그녀석을 고등학교에서 다시 만날 줄이야! ‘여울’은 ‘호수’를 볼 때마다, 마음 한구석이 불편하다. 다시는 예전처럼 돌아갈 수 없게 되었다는 것도, 짜증이 난다. 그러던 중, ‘여울’은 홧김에 농구부 선배에게 고백을 저질러버리고 그들의 첫사랑은 점점 더 혼란에 빠지고 마는데…",中学校卒業がしばらく残っていない日、「キツネ」は幼なじみ「湖」に突然の告白攻撃を受けた！友人以上と考えられないので、短剣に断ったのに…。彼女の席を高校でまた会いに行く！ 「キツネ」は「湖」を見るたびに、心一隅が不便だ。再び以前のように戻れなくなったというのも、迷惑が出る。そんな中、「キツネ」は稲妻にバスケットボール部の先輩に告白を犯してしまい、彼らの初恋はますます混乱に陥ってしまう……。
좀비 랜드 사가: 유메긴가 파라다이스,ゾンビランド佐賀：ゆめギンガパラダイス
"좀비 아이돌 프랑슈슈의 만국박람회 무대로 인류를 위협하는 정체불명의 존재가 다가오고, 전무후무한 갤럭시 페스티벌이 시작된다.",ゾンビアイドルフランシュシュの万国博覧会の舞台で人類を脅かす正体不明の存在が迫り、専務後無限のギャラクシーフェスティバルが始まる。
허리 업 투모로우,ウエストアップトゥモロー
"전설적인 가수, 아벨은 이별로 무너진다. 그런 아벨 앞에 나타난 의문의 여성, 애니. 무대 뒤에서 진짜 이야기가 시작된다!",伝説的な歌手、アベルは別れて崩れます。そんなアベルの前に現れた疑問の女性、アニー。舞台裏で本物の話が始まる！