name,address,district,lat,lng,mapped_region_id
서울 종로구 인사동길 35-4 4,서울 종로구 인사동길 35-4 인사동마루 본관 4~6층,종로구,37.5735738,126.9848559,seoul
디큐브 링크아트센터,서울 구로구 경인로 662,구로구,37.5091267288182,126.889588489589,seoul
서대문문화체육회관,서울 서대문구 홍은2동 백련사길 39 서대문문화체육회관 대극장,서대문구,37.5806951,126.9314183,seoul
성수아트홀,서울 성동구 성수1가2동 왕십리로6길 성수아트홀,성동구,37.5454098,127.0469706,seoul
노원구민의전당 (구.노원구민회관),서울 노원구 중계2·3동 하계동 동일로 노원구민의전당,노원구,37.639421,127.0666257,seoul
강동구민회관 대강당,서울 강동구 상암로 168,강동구,37.5457179498377,127.141104271601,seoul
GS아트센터,서울 강남구 논현로 508,강남구,37.502200388584036,127.03753554610904,seoul
도봉구민회관 하모니홀,서울 도봉구 도봉로 552,도봉구,37.6541887798308,127.038484507498,seoul
대학로 스타시티 7층 후암씨어터,서울 종로구 대학로11길 23 대학로스타시티빌딩,종로구,37.573,126.9794,seoul
꿈의숲_퍼포먼스홀,서울 강북구 월계로 173,강북구,37.6216704342967,127.038472269356,seoul
매키탄 호텔 (The McKithan Hotel),서울 중구 퇴계로 212,중구,37.5610830906596,126.995355015521,seoul
장충체육관,서울 중구 장충동 장충동2가 동호로 241 장충체육관,중구,37.5581698,127.0067954,seoul
예술의전당,서울 서초구 남부순환로 2406,서초구,37.4793614002782,127.013806705374,seoul
영등포아트홀,서울 영등포구 당산1동 신월여의지하도로 영등포아트홀 앞,영등포구,37.5266838,126.9001923,seoul
용산아트홀 대극장 미르,서울 용산구 녹사평대로 150,용산구,37.5328454776885,126.990310759146,seoul
양천문화회관,서울 양천구 목동서로 367,양천구,37.5164838127114,126.863262711975,seoul
티켓링크 1975 씨어터 (구 어린이회관 문화관),서울 광진구 광나루로 441,광진구,37.546974854863365,127.07657573739962,seoul
달밤엔씨어터,서울 종로구 대학로14길 18,종로구,37.58400086117188,127.00268096839773,seoul
KT＆G 상상마당 대치아트홀,서울 강남구 영동대로 416,강남구,37.5067600874053,127.065150015652,seoul
서연아트홀,서울 종로구 창경궁로 258,종로구,37.5839107908654,127.000579668144,seoul
서울 상상나라극장,서울 광진구 능동로 216,광진구,37.5507683230768,127.077550584743,seoul
광림아트센터 BBCH홀,서울 강남구 논현로163길 33,강남구,37.5240421373158,127.025498578086,seoul
국립극장 달오름극장,서울 중구 장충단로 59,중구,37.5531399890378,127.000027160769,seoul
국립극장 해오름극장,서울 중구 장충단로 59,중구,37.5523399024517,126.999728395216,seoul
명동난타극장,서울 중구 명동 명동1가 명동길 명동난타극장,중구,37.5635792,126.9836608,seoul
NOL 유니플렉스,서울 종로구 대학로12길 64,종로구,37.5812041552463,127.003523167887,seoul
명륜아트홀,서울 종로구 성균관로 48,종로구,37.5868047368621,126.996734711625,seoul
홍대난타극장,서울 마포구 양화로16길 29,마포구,37.5531929565343,126.921161292611,seoul
큐씨어터,서울 종로구 대학로8가길 79,종로구,37.5824943778166,127.003532285831,seoul
브릭스씨어터,서울 종로구 대학로8길 25,종로구,37.5809536735174,127.003702030975,seoul
대학로 하마씨어터,서울 종로구 대학로10길 15,종로구,37.5822601398146,127.002771477123,seoul
엠스테이지,서울 종로구 인사동길 34-1 지하2층 엠스테이지,종로구,37.573,126.9794,seoul
예스24스테이지,서울 종로구 대학로12길 21,종로구,37.5827268419485,127.00326058167471,seoul
강동아트센터 대극장 한강,서울 강동구 동남로 870,강동구,37.5513053959305,127.157225258193,seoul
대학로 TOM(티오엠),서울 종로구 대학로8가길 85,종로구,37.5822745319552,127.0036454894,seoul
백암아트홀,서울 강남구 삼성1동 테헤란로113길 백암아트홀,강남구,37.5103915,127.0659756,seoul
코엑스아티움,서울 강남구 테헤란로87길 36,강남구,37.50994346786382,127.06154587656543,seoul
블루스퀘어 신한카드홀,서울 용산구 이태원로 294,용산구,37.54070618075781,127.00231959701894,seoul
홍익대 대학로 아트센터,서울 종로구 대학로 57,종로구,37.576681207884405,127.00152148175482,seoul
LG아트센터 서울 LG SIGNATURE 홀,서울 강서구 마곡중앙로 136 LG아트센터 서울,강서구,37.5509,126.8497,seoul
JTN 아트홀,서울 종로구 이화장길 26,종로구,37.5766306962676,127.00393954831,seoul
루미나아트홀,서울 종로구 대학로8가길 52,종로구,37.5829809374055,127.002649231615,seoul
대학로 자유극장,서울 종로구 대학로12길 31,종로구,37.5827430495515,127.003613812139,seoul
링크아트센터 페이코홀,서울 종로구 대학로14길 29,종로구,37.5846892281094,127.002296053199,seoul
대학로 스타시티,서울 종로구 대학로11길 23,종로구,37.582119616246,127.000511726023,seoul
극장 온,서울 종로구 대학로12길 69 건물 2층,종로구,37.5809626,127.0039239,seoul
샤롯데씨어터,서울 송파구 올림픽로 240,송파구,37.51064272274346,127.09971395114385,seoul
NOL 서경스퀘어 스콘,서울 종로구 동숭길 148,종로구,37.573,126.9794,seoul
동덕여자대학교 공연예술센터 코튼홀,서울 종로구 동숭길 126 동덕여대 공연예술 연구소,종로구,37.573,126.9794,seoul
링크아트센터드림,서울 종로구 동숭길 123,종로구,37.5832872589862,127.003292306454,seoul
링크아트센터 벅스홀,서울 종로구 대학로14길 29 링크아트센터,종로구,37.573,126.9794,seoul
올림픽공원 뮤즈라이브홀,서울 송파구 올림픽로 424,송파구,37.514382560555404,127.12715971878471,seoul
한전아트센터,서울 서초구 서초2동 효령로72길 한전아트센터 앞,서초구,37.4864693,127.0280609,seoul
무하아트센터,서울 종로구 이화장길 72,종로구,37.5784939268852,127.004641537514,seoul
대학로 스튜디오 블루,서울 종로구 대학로8가길 80,종로구,37.5824583458942,127.003260569965,seoul
북촌나래홀,서울 종로구 창덕궁길 29,종로구,37.5788394333206,126.988434593589,seoul
뮤지컬펍 스폿라이트,서울 종로구 대명1길 7,종로구,37.5831296267381,127.00100874789,seoul
Converse Stage Arena “여명”,서울 동작구 현충로 213(동작동),동작구,37.5124,126.9393,seoul
스타스테이지,서울 종로구 대학로12길 15,종로구,37.58271063549632,127.0028167796696,seoul
허리우드극장 4층 낭만극장,서울 종로구 삼일대로 428 허리우드극장,종로구,37.573,126.9794,seoul
뮤지컬펍 커튼콜,서울 종로구 대학로12길 22,종로구,37.5824907861105,127.003095278525,seoul
연세대학교 백주년기념관,서울 서대문구 독립문로14길 48,서대문구,37.5672614465493,126.961818334834,seoul
소월아트홀,서울 성동구 행당1동 행당동 고산자로12길 소월아트홀,성동구,37.559331,127.0360402,seoul
올림픽공원 우리금융아트홀,서울 송파구 올림픽로 424,송파구,37.516745478832,127.125014546617,seoul
올림아트센터,서울 종로구 이화장길 99,종로구,37.5796958662325,127.004289528866,seoul
미마지아트센터 물빛극장,서울 종로구 대학로8가길 129,종로구,37.5802707255611,127.003527652339,seoul
터치파이브,서울 마포구 와우산로 76,마포구,37.5512808384722,126.923597529606,seoul
플러스씨어터,서울 종로구 대학로12길 73,종로구,37.5808257236473,127.003971468634,seoul
서울숲씨어터,서울 성동구 서울숲2길 32,성동구,37.5456773288432,127.042914261633,seoul
구로아트밸리 예술극장,서울 구로구 구로5동 가마산로23길 구로아트밸리 예술극장,구로구,37.496559,126.888832,seoul
브이씨어터,서울 종로구 혜화로 18,종로구,37.5871705849656,127.000181154195,seoul
대학로 라온씨어터,서울 종로구 대학로10길 12,종로구,37.5816321468766,127.002788435791,seoul
성신여대 운정그린캠퍼스 대강당,서울 강북구 도봉로76가길 55,강북구,37.6319520108856,127.027270994333,seoul
서대문 전용관(NH아트홀),서울 중구 통일로 120,중구,37.56578553521637,126.96757701216109,seoul
광화문 전용관(경향아트힐),서울 중구 정동길 3,중구,37.56815390855725,126.96967004827121,seoul
명보아트홀 지하3층 점프 전용극장,서울 중구 마른내로 47 명보극장,중구,37.5637,126.9975,seoul
국립정동극장,서울 중구 정동길 43,중구,37.5658589281598,126.972775755916,seoul
성신여자대학교 운정그린캠퍼스 대강당,서울 강북구 도봉로76가길 55,강북구,37.6319520108856,127.027270994333,seoul
후암스테이지,서울 종로구 대학로11길 23,종로구,37.5820799726622,127.000480025927,seoul
잠실실내체육관,서울 송파구 잠실2동 잠실동 백제고분로 잠실체육관,송파구,37.516179021092626,127.07598208253374,seoul
블루스퀘어 SOL트래블홀,서울 용산구 이태원로 294,용산구,37.54061156903693,127.00263981122293,seoul
가빈아트홀,서울 강남구 삼성로 534,강남구,37.5096842548818,127.055534174725,seoul
경희대학교 평화의전당,서울 동대문구 회기동 경희대로 26 평화의전당,동대문구,37.5986109,127.052732,seoul
올림픽공원 올림픽홀,서울 송파구 올림픽로 424,송파구,37.51474165901363,127.12753246584705,seoul
신한카드 SOL페이 스퀘어,서울 마포구 양화로 45,마포구,37.55112586142693,126.91439609571269,seoul
웨스트브릿지 라이브홀,서울 마포구 와우산로25길 6,마포구,37.5536502874205,126.926153898396,seoul
KSPO DOME,서울 송파구 올림픽로 424,송파구,37.519261232854504,127.12739989041407,seoul
명화라이브홀,서울 영등포구 버드나루로 30,영등포구,37.5216013765703,126.912475087298,seoul
KBS아레나,서울 강서구 공항대로 376,강서구,37.55675871689889,126.84796255512903,seoul
엠피엠지 2층 LOUNGE M.,서울 마포구 서강로 78,마포구,37.5665,126.9018,seoul
언더시티,서울 성동구 성수이로22길 61,성동구,37.5431486395019,127.063907544925,seoul
홍대 롤링홀,서울 마포구 서교동 홍대 어울마당로 35 홍대 롤링홀,마포구,37.5484545,126.920038,seoul
예림당아트홀,서울 강남구 역삼2동 역삼동 역삼로 예림당아트홀.신한은행전산센터,강남구,37.498086,127.0441265,seoul
강남씨어터,서울 강남구 역삼로7길 16,강남구,37.49536123749658,127.03323385255213,seoul
베짱이홀,서울 마포구 독막로15길 3,마포구,37.5484791788445,126.921528378505,seoul
벨로주 홍대,서울 마포구 잔다리로 46,마포구,37.5524309259852,126.918817238433,seoul
나인진홀,서울 종로구 동숭길 47,종로구,37.5803409790355,127.004256734678,seoul
KT＆G 상상마당 라이브홀,서울 마포구 어울마당로 65,마포구,37.5509224009872,126.921100311063,seoul
YES24 LIVE HALL,서울 광진구 광장동 구천면로 20 예스24 라이브홀,광진구,37.5457518,127.1079984,seoul
명화 라이브홀 5층 라운지,서울 영등포구 버드나루로 30,영등포구,37.5264,126.8962,seoul
고척스카이돔,서울 구로구 고척1동 고척동 경인로 430 고척스카이돔,구로구,37.4981936,126.8670731,seoul
파랑새극장,서울 종로구 대학로 116,종로구,37.58158440422107,127.00232652533127,seoul
이화여자대학교 대강당,서울 서대문구 연세로 50,서대문구,37.56451271290699,126.93876579732564,seoul
해바라기,서울 종로구 동숭길 76 해바라기소극장,종로구,37.5816428205946,127.004374097465,seoul
인스파이어 아레나,인천 중구 운서동 공항문화로 인스파이어 아레나,중구,37.4667814,126.3906416,incheon
롯데콘서트홀,서울 송파구 잠실6동 신천동 올림픽로 롯데콘서트홀,송파구,37.5135349,127.1036896,seoul
푸르지오 아트홀,서울 중구 을지로 170,중구,37.5661395435934,126.997328727022,seoul
티켓링크 라이브 아레나(핸드볼경기장),서울 송파구 올림픽로 424,송파구,37.521785,127.11652,seoul
대학로 아트하우스,서울 종로구 대학로10길 26,종로구,37.5816023886196,127.00371338439,seoul
대학로 해피씨어터,서울 종로구 대학로10길 5,종로구,37.5818925389481,127.00257220795,seoul
대학로극장 쿼드,서울 종로구 이화동 대학로거리 동숭길 122 대학로극장 쿼드,종로구,37.5836392,127.0038138,seoul
종로 아이들극장,서울 종로구 성균관로 91,종로구,37.59039432628729,126.99845219709556,seoul
단막극장,서울 종로구 동숭4길 14,종로구,37.58330344049037,127.0044074799853,seoul
국립극단 명동예술극장,서울 중구 명동길 35,중구,37.5640085633411,126.984212773704,seoul
아스가르드 씨어터,서울 종로구 동숭길 140,종로구,37.5836656943776,127.00255868303,seoul
선돌극장,서울 종로구 혜화동 명륜1가 혜화로5길 선돌극장,종로구,37.586824,126.999666,seoul
대학로 세우아트센터,서울 종로구 대학로12길 49,종로구,37.58188889762789,127.0039285040281,seoul
댕로홀,서울 종로구 대학로12길 50,종로구,37.5818420527808,127.003717924826,seoul
성균소극장,서울 종로구 성균관로 12,종로구,37.584141429518,126.997993798592,seoul
상명아트홀,서울 종로구 동숭길 133,종로구,37.583359352573,127.002739817504,seoul
스케치홀,서울 종로구 동숭길 145,종로구,37.5831701538168,127.002275627788,seoul
국립극장 하늘극장,서울 중구 장충단로 59,중구,37.552859777890085,127.00042551711707,seoul
아라아트홀,서울 종로구 대학로8가길 30,종로구,37.5822871744261,127.002558635851,seoul
초록씨어터,서울 종로구 대학로 128,종로구,37.5827016395697,127.002151077463,seoul
코델아트홀,서울 종로구 동숭길 78,종로구,37.5817465280251,127.004290778649,seoul
대학로 제나아트홀,서울 종로구 대학로10길 12,종로구,37.5816114235726,127.00280768122,seoul
라온아트홀,서울 종로구 대학로10길 11,종로구,37.5818528899711,127.002803161755,seoul
소극장 혜화당,서울 종로구 대학로12길 63,종로구,37.5812365749468,127.004025832403,seoul
소극장 공유,서울 종로구 창경궁로 303,종로구,37.5876012160981,127.003206447715,seoul
시윤아트홀,서울 종로구 대학로 116,종로구,37.5815303444904,127.002332184291,seoul
더더더,서울 중구 을지로38길 9,중구,37.5660431001951,127.003978606954,seoul
플레이더씨어터,서울 종로구 동숭길 50,종로구,37.580548195324035,127.00458505936838,seoul
H씨어터,서울 종로구 이화장길 54,종로구,37.5776001376023,127.004718462711,seoul
올웨이즈씨어터,서울 종로구 대학로 132,종로구,37.583089067769,127.002094481016,seoul
예인아트홀,서울 강남구 도산대로81길 45,강남구,37.5270380007738,127.046179838546,seoul
씨어터 조이,서울 종로구 이화장길 78,종로구,37.5786741257057,127.0046415487,seoul
북극곰소극장,서울 종로구 이화장1길 24,종로구,37.5773874578338,127.005737308302,seoul
대학로 소극장 혜화당,서울 종로구 대학로12길 63,종로구,37.5812365749468,127.004025832403,seoul
안똔체홉극장,서울 종로구 성균관로3길 23,종로구,37.5830818402188,126.996997533451,seoul
소극장 산울림,서울 마포구 와우산로 157,마포구,37.5550834709886,126.93009542405,seoul
파랑씨어터,서울 종로구 대학로8가길 36,종로구,37.5824871968218,127.002472599844,seoul
대학로 스타릿홀,서울 종로구 대학로8가길 111 지하층,종로구,37.573,126.9794,seoul
홍대 씨어터 윤,서울 마포구 와우산로 147,마포구,37.554443391554,126.929471313499,seoul
대학로 지즐소극장,서울 종로구 성균관로4길 42,종로구,37.5847361016711,126.999687519191,seoul
대학로 드림시어터,서울 종로구 대학로10길 15,종로구,37.5823502373355,127.002848466031,seoul
CKL스테이지,서울 중구 청계천로 40,중구,37.5685815964224,126.981318589692,seoul
씨어터 쿰,서울 종로구 창경궁로 253,종로구,37.58442075361745,126.9995516598612,seoul
대학로 바탕골,서울 종로구 대학로10길 5,종로구,37.5818925389481,127.00257220795,seoul
마루아트홀,서울 종로구 대학로8가길 30,종로구,37.582299788139,127.002567693402,seoul
관악아트홀,서울 관악구 대학동 녹두거리 신림로 관악산입구.관악아트홀·중앙도서관,관악구,37.4680131,126.9466902,seoul
LG아트센터 서울 U+ 스테이지,서울 강서구 마곡중앙로 136 LG아트센터 서울,강서구,37.5509,126.8497,seoul
한성아트홀,서울 종로구 창경궁로 254,종로구,37.5836981578662,127.000022643222,seoul
더굿씨어터,서울 종로구 대학로 144,종로구,37.5839819526946,127.00206506973008,seoul
놀터예술공방,서울 성북구 성북로2길 21,성북구,37.5894895305414,127.007033529804,seoul
NOL 씨어터 대학로 우리투자증권홀(구. 중극장),서울 종로구 동숭길 100,종로구,37.573,126.9794,seoul
대학로 틴틴홀,서울 종로구 대학로10길 24,종로구,37.5816005915118,127.00355488619,seoul
예그린씨어터,서울 종로구 동숭길 130,종로구,37.5838855252471,127.003043256729,seoul
컬쳐씨어터,서울 종로구 대학로8가길 80,종로구,37.5824763657644,127.003260570751,seoul
도토리씨어터,서울 종로구 대학로12길 63,종로구,37.5812239611894,127.004021303229,seoul
대학로 올래홀,서울 종로구 대학로10길 24,종로구,37.5816005916481,127.003550357673,seoul
봄날아트홀,서울 종로구 동숭길 39,종로구,37.579996799713,127.004247658243,seoul
대학로 아트포레스트,서울 종로구 대학로12길 22,종로구,37.5824943902625,127.003088485817,seoul
대학로 오마이갓,서울 종로구 동숭길 68,종로구,37.5813050407232,127.004302074561,seoul
맛있는극장,서울 종로구 혜화로 4,종로구,37.5861993123491,127.000760837731,seoul
레온갤러리 구의 플레이스라운드,서울 광진구 자양로18길 25,광진구,37.5378979244162,127.084868035145,seoul
대학로예술극장,서울 종로구 대학로10길 17,종로구,37.5820871387794,127.003179039931,seoul
정극장,서울 종로구 대학로12길 69,종로구,37.5810257449425,127.003951101087,seoul
미래아트홀,서울 종로구 창경궁로35길 26,종로구,37.5869453179142,127.002117233268,seoul
우리소극장,서울 종로구 이화장길 86,종로구,37.5792237109437,127.005151024833,seoul
뜻밖의극장,서울 성북구 동소문로20나길 27,성북구,37.5925012614127,127.018157474027,seoul
대학로 봄날아트홀,"서울 종로구 동숭길 39 지하 1층, 2층 봄날아트홀",종로구,37.573,126.9794,seoul
성수소극장,서울 성동구 성덕정길 135,성동구,37.5366660895235,127.058409956355,seoul
영산아트홀,서울 영등포구 여의동 여의도동 여의공원로 101 영산아트홀,영등포구,37.5292755,126.9249272,seoul
두산아트센터 Space111,서울 종로구 종로33길 15,종로구,37.5716608710148,127.000941806432,seoul
페리지홀,서울 서초구 반포대로 18,서초구,37.4822375415116,127.01273539882,seoul
강북문화예술회관 강북소나무홀,서울 강북구 삼각산로 85,강북구,37.640846251332,127.013165783141,seoul
반포심산아트홀,서울 서초구 사평대로 55,서초구,37.4990831670841,126.991608852695,seoul
갤러리 디아르테,서울 강남구 영동대로131길 14,강남구,37.5205559525798,127.055134996985,seoul
로데아트센터 콘서트홀,서울 서초구 남부순환로317길 79,서초구,37.48312256754484,127.01032275948045,seoul
라움아트센터,서울 강남구 역삼1동 압구정동 언주로 스포월드.라움아트센터,강남구,37.5079882,127.0388431,seoul
아르코예술극장,서울 종로구 대학로8길 7,종로구,37.5812149819099,127.002988806095,seoul
금호아트홀 연세,서울 서대문구 신촌동 연세로 50 금호아트홀 연세,서대문구,37.5629215,126.9368224,seoul
거암아트홀,서울 강남구 강남대로 652,강남구,37.5195094981008,127.019108071308,seoul
일신홀,서울 용산구 한남대로 98,용산구,37.5372246144272,127.005421947369,seoul
삼익아트홀,서울 강남구 학동로 171,강남구,37.51398780378087,127.0295332097756,seoul
JCC아트센터 콘서트홀,서울 종로구 창경궁로35길 29,종로구,37.573,126.9794,seoul
꿈의숲_콘서트홀,서울 강북구 월계로 173,강북구,37.6214938171239,127.038544673316,seoul
콘서트홀 나누,서울 마포구 망원로 66,마포구,37.5570610153931,126.904208014987,seoul
정동1928 아트센터,서울 중구 소공동 정동 덕수궁길 130 정동1928 아트센터,중구,37.567864,126.9737893,seoul
여의도 KBS홀,서울 영등포구 여의동 여의도동 여의서로1길 KBS홀,영등포구,37.5259532,126.9152896,seoul
모차르트홀,서울 서초구 서초3동 명달로22길 모차르트홀,서초구,37.4863893,127.0045485,seoul
라율아트홀,서울 서초구 반포대로 20,서초구,37.48242676621058,127.01261558401937,seoul
롤링홀 Rollinghall,서울 마포구 어울마당로 35,마포구,37.5665,126.9018,seoul
명동대성당 내 파밀리아 채플,서울 중구 명동길 74,중구,37.5637,126.9975,seoul
삼청각 일화당,서울 성북구 대사관로 3,성북구,37.59735073472928,126.98418081977508,seoul
롯데뮤지엄,서울 송파구 올림픽로 300,송파구,37.5126405126229,127.102562422407,seoul
진연홀,서울 종로구 인사동5길 10,종로구,37.5728655343894,126.985653068571,seoul
DDP 뮤지엄 전시,서울 중구 을지로 281 동대문디자인플라자뮤지엄,중구,37.5637,126.9975,seoul
대원뮤지엄 팝콘D스퀘어,서울 용산구 한강대로23길 55 아이파크몰 테마파크 6층 1-1호,용산구,37.5323,126.9906,seoul
그라운드시소 이스트,서울 광진구 아차산로 402,광진구,37.53661001972641,127.08784567948891,seoul
동대문디자인플라자(DDP) 전시,서울 중구 을지로 281 동대문디자인플라자뮤지엄,중구,37.5637,126.9975,seoul
K현대미술관,서울 강남구 선릉로 807,강남구,37.524349883168405,127.03913323759338,seoul
풋볼 팬타지움 (2002 FIFA 월드컵 기념관),서울 마포구 성산2동 성산동 월드컵로 240 풋볼 팬타지움,마포구,37.5684953,126.896336,seoul
디뮤지엄,서울 용산구 한남동 독서당로29길 디뮤지엄,용산구,37.5371256,127.011551,seoul
그라운드시소 센트럴,서울 중구 회현동 남대문로5가 세종대로 14 그라운드시소 센트럴,중구,37.5580064,126.974399,seoul
뚝섬미술관,서울 성동구 성수1가2동 아차산로 뚝섬미술관,성동구,37.5471232,127.0484409,seoul
그라운드시소 서촌,서울 종로구 자하문로6길 18,종로구,37.5778385914657,126.972916300185,seoul
롯데몰 김포공항점 1F 전시홀,서울 강서구 하늘길 77,강서구,37.5509,126.8497,seoul
아라리오뮤지엄 인 스페이스,서울 종로구 종로1·2·3·4가동 운니동 율곡로 83 아라리오뮤지엄 인 스페이스,종로구,37.5776563,126.9883124,seoul
북촌 어둠속의대화,서울 종로구 북촌로 71,종로구,37.5833349800145,126.98480081078836,seoul
그라운드시소 한남,서울 용산구 한남대로 91,용산구,37.5362578572881,127.005051895341,seoul
더프리마아트센터,서울 종로구 인사동길 37,종로구,37.5734213273902,126.984690757257,seoul
더현대 서울 ALT. 1,서울 영등포구 여의대로 108,영등포구,37.5260038891705,126.928896250997,seoul
덕수궁,서울 중구 세종대로 99,중구,37.5658,126.9752,seoul
여의도 벙커,서울 영등포구 국제금융로8길 31,영등포구,37.519805354216,126.928006226952,seoul
창경궁,서울 종로구 이화동 연건동 창경궁로 185 창경궁,종로구,37.5802456,126.9948331,seoul
경희궁,서울 종로구 새문안로 45,종로구,37.5709397,126.9681024,seoul
마이아트뮤지엄 원그로브점,서울 강서구 공항대로 165,강서구,37.5612857889565,126.82428132653702,seoul
마이아트뮤지엄,서울 강남구 테헤란로 518,강남구,37.507587841577454,127.06057692858644,seoul
경복궁,서울 종로구 사직로 161,종로구,37.579754,126.9766818,seoul
코엑스 C홀,서울 강남구 영동대로 513,강남구,37.511297100471545,127.05914799602495,seoul
고궁박물관,서울 종로구 효자로 12,종로구,37.573,126.9794,seoul
블루스퀘어,서울 용산구 한남동 삼일대로 블루스퀘어,용산구,37.5409037,127.0025813,seoul
국립중앙박물관,서울 용산구 서빙고동 용산동5가 서빙고로 137 국립중앙박물관,용산구,37.523953,126.9803196,seoul
한국민화학교,서울 강남구 삼성로96길 6 1210호,강남구,37.5172,127.0473,seoul
코엑스 3층 C홀,서울 강남구 영동대로 513,강남구,37.511297100471545,127.05914799602495,seoul
토탈미술관,서울 종로구 평창동 평창32길 토탈미술관,종로구,37.6121455,126.9757256,seoul
서촌 일대,서울 중구 세종대로 110,중구,37.5668007776021,126.978656793129,seoul
선릉,서울 강남구 역삼1동 테헤란로 340 선릉,강남구,37.5051756,127.0487082,seoul
서울역사박물관,서울 종로구 사직동 신문로2가 새문안로 55 서울역사박물관,종로구,37.5704789,126.9705257,seoul
궁궐사랑,서울 서초구 명달로 97-9,서초구,37.4837,127.0324,seoul
빚다 도예공방 강동점,서울 강동구 양재대로124길 91,강동구,37.542146204427226,127.1471625491675,seoul
N 서울타워,서울 용산구 남산공원길 105,용산구,37.5513049702718,126.988230622132,seoul
현대카드 Storage,서울 용산구 한남동 이태원로42길 현대카드 스토리지,용산구,37.5368341,127.0009561,seoul
쥬라리움 금천,서울 금천구 두산로 71,금천구,37.4706575260821,126.895763111781,seoul
반지만들기카페 건대지점,서울 광진구 동일로20길 89,광진구,37.5400628277979,127.068528223458,seoul
목동 종합사격장,서울 양천구 안양천로 939,양천구,37.530746020650696,126.88007583510853,seoul
홍대반지,서울 마포구 잔다리로6길 40,마포구,37.55212626567029,126.92129708652944,seoul
클럽롤러힐,서울 동대문구 답십리로 209,동대문구,37.5733194760319,127.063817853438,seoul
N서울타워,서울 용산구 남산공원길 105,중구,37.55127,126.9882805,seoul
리얼샷사격양궁장,서울 마포구 어울마당로 74,마포구,37.5515282149621,126.92161571581,seoul
한강요트클럽 세일링파라다이스,서울 영등포구 여의동로 252,영등포구,37.5228375116719,126.941574807432,seoul
서래마을 휴리재,서울 서초구 방배중앙로 175,서초구,37.494738869088664,126.98588514375392,seoul
방탈출카페 탈출브라더스,서울 영등포구 영중로4길 25-1 4층,영등포구,37.5264,126.8962,seoul
볼베어파크 은평점,서울 은평구 진관동 통일로 1050 볼베어파크 은평점,은평구,37.6381563,126.9180204,seoul
삼성 코엑스아쿠아리움,서울 강남구 삼성1동 삼성동 영동대로 513 코엑스 아쿠아리움 (COEX Aquarium),강남구,37.5131846,127.0586092,seoul
리얼샷 사격양궁장 혜화점,서울 종로구 대학로12길 13,종로구,37.5827106455245,127.002359392618,seoul
비밀의 숲 홍대점,서울 마포구 잔다리로6길 30,마포구,37.5522160605285,126.920840923273,seoul
방탈출미로,서울 은평구 연서로29길 16,은평구,37.6192591720085,126.918543009124,seoul
리얼샷,서울 종로구 종로12길 10,종로구,37.5696597893519,126.985619725035,seoul
주렁주렁 영등포 타임스퀘어점,서울 영등포구 영중로 15,영등포구,37.51711057944,126.90299334402,seoul
제니스 스포츠클럽 아이스링크,서울 구로구 안양천로539길 11,구로구,37.5047173323002,126.870210214045,seoul
루프캣미 명동점,서울 중구 명동8가길 27,중구,37.5620005331664,126.986564013943,seoul
양재스포타임,서울 서초구 강남대로 213,서초구,37.482798926833,127.034832661298,seoul
루프캣미 홍대점,서울 마포구 양화로 140,마포구,37.5551019080658,126.922123513945,seoul
이랜드크루즈,서울 송파구 잠실2동 잠실동 한강남자전거길 이랜드크루즈 잠실선착장,송파구,37.5186983,127.0819547,seoul
빚다 도예공방 도자기만들기 / 물레체험 /,서울 성북구 도봉로3길 9-3,성북구,37.5891,127.0182,seoul
서울중구투어패스,서울 중구 창경궁로 17,중구,37.5638257911702,126.997598192396,seoul
K탑건 사격양궁장,서울 마포구 양화로21길 29 지층,마포구,37.5665,126.9018,seoul
그아저씨 도예공방 원데이 클래스,서울 성동구 무학봉15길 27,성동구,37.5633,127.0371,seoul
종로 한복남,서울 종로구 사직로 133,종로구,37.57620788084097,126.97330744725905,seoul
한복남 북촌한옥마을점,서울 종로구 북촌로 35,종로구,37.5798535414227,126.984807179041,seoul
플레이타임 중앙,서울 강남구 광평로51길 6,강남구,37.488938824901,127.104429633155,seoul
크라운 해태 키즈뮤지엄,서울 용산구 한강대로72길 3,용산구,37.540836636726,126.973762483462,seoul
주식회사 리얼샷 익선점,서울 종로구 수표로28길 17-5 1층,종로구,37.573,126.9794,seoul
월드컵공원,서울 마포구 월드컵로 243,마포구,37.5735977,126.8703674,seoul
롯데월드 아이스링크,서울 송파구 잠실3동 매직아일랜드 연결다리 롯데월드 아이스링크,송파구,37.5112951,127.0986709,seoul
가산 아쿠아밸리,서울 금천구 디지털로 178,금천구,37.4764396758109,126.887331423733,seoul
월드컵공원 노을캠핑장,서울 마포구 하늘공원로 100,마포구,37.57340157624325,126.87366824270977,seoul
케이탑건 홍대점,서울 마포구 어울마당로 128,마포구,37.5557105836986,126.92428110357646,seoul
천왕산가족캠핑장,서울 구로구 연동로12길 149,구로구,37.47899323006236,126.83139447182263,seoul
서울스카이,서울 송파구 잠실6동 신천동 올림픽로 300 서울스카이,송파구,37.5125366,127.1026546,seoul
파크하비오 워터킹덤,서울 송파구 송파대로 111,송파구,37.480209937378454,127.12478406415195,seoul
롯데월드 어드벤처 잠실,서울 송파구 잠실3동 매직아일랜드 연결다리 롯데월드 어드벤처,송파구,37.5110774,127.0981905,seoul
롯데월드 아쿠아리움,서울 송파구 잠실6동 신천동 잠실로 롯데월드 아쿠아리움,송파구,37.5136468,127.1051485,seoul
부천시민회관,경기 부천시 원미구 부일로 365,부천시,37.4884014589488,126.770391362396,gyeonggi
퓨처그라운드 롯데몰 김포공항점,서울 강서구 하늘길 38,강서구,37.56395452303145,126.80314435068914,seoul
고양어울림누리,경기 고양시 덕양구 어울림로 33,고양시,37.6502205371056,126.835486406393,gyeonggi
수원문화원 빛누리아트홀,경기 수원시 권선구 호매실로 237,수원시,37.265377006891974,126.956935278737,gyeonggi
용인시문예회관 처인홀,경기 용인시 처인구 중부대로1392번길 15,용인시,37.23178996207017,127.19890287366283,gyeonggi
안성맞춤아트홀 대공연장,경기 안성시 발화대길 21 안성맞춤아트홀,안성시,36.9947872,127.2793155,gyeonggi
용인시 평생학습관 큰어울마당,경기 용인시 수지구 문정로7번길 15,용인시,37.3207907429824,127.095518374808,gyeonggi
평택서부문화예술회관 대공연장,경기 평택시 안중읍 서동대로 1531,평택시,36.9901427155486,126.920133150766,gyeonggi
평택 북부문화예술회관 대공연장,경기 평택시 경기대로 1366 북부문화예술회관,평택시,36.9745464,127.1161001,gyeonggi
장안구민회관 한누리아트홀,경기 수원시 장안구 송원로 101,수원시,37.303053257941805,127.0099856566231,gyeonggi
청라블루노바홀,인천 서구 청라대로 26,서구,37.5240117200914,126.634174254626,incheon
성남아트센터,"성남아트센터 앙상블시어터, 태원지하보도, 이매동, 판교, 분당구, 성남시, 13566, 대한민국",,37.4023667,127.1306777,etc
인천서구문화회관 대공연장,인천 서구 서달로 190,서구,37.5159779965578,126.679956452191,incheon
용인문화예술원,경기 용인시 처인구 중부대로 1199,용인시,37.2405768583031,127.17920784365,gyeonggi
인천 중구문화회관,인천 중구 신흥동 축항대로296번길 중구문화회관,중구,37.4406649,126.6285087,incheon
구리아트홀 유채꽃소극장,경기 구리시 아차산로 453,구리시,37.5955414018126,127.129897547841,gyeonggi
과천시민회관,"과천시민회관 대극장, 5, 통영로, 중앙동, 과천시, 13807, 대한민국",과천시,37.4284493,126.9890655,gyeonggi
한국잡월드 나래울극장,경기 성남시 분당구 분당수서로 501,성남시,37.3784834384883,127.106286030845,gyeonggi
평택남부문화예술회관 대공연장,경기 평택시 중앙로 277,평택시,36.9911311852604,127.114084126718,gyeonggi
성남아트리움,경기 성남시 수정구 수정로171번길 10,성남시,37.44476606199701,127.13921033075111,gyeonggi
광명문화예술교육지원센터 광명극장,경기 광명시 철망산로 2,광명시,37.4667611314483,126.869891526022,gyeonggi
안양아트센터 관악홀,경기 안양시 만안구 문예로36번길 16,안양시,37.38460941042,126.931360569826,gyeonggi
구리아트홀 코스모스,경기 구리시 아차산로 453,구리시,37.5953506560501,127.129657160848,gyeonggi
여주시여성회관,경기 여주시 천송동 561-5,여주시,37.3007389412512,127.651305481858,gyeonggi
부평아트센터 해누리 극장,인천 부평구 아트센터로 166,부평구,37.482087206347856,126.7046841754447,incheon
경기아트센터,경기 수원시 팔달구 효원로307번길 20,수원시,37.2615606256318,127.036403461334,gyeonggi
군포문화예술회관,경기 군포시 고산로 599,군포시,37.365768472386,126.927494394706,gyeonggi
한국만화박물관 1층 만화영화상영관,경기 부천시 원미구 길주로 1,부천시,37.5049733,126.7605005,gyeonggi
고양아람누리,경기 고양시 일산동구 중앙로 1286,고양시,37.661466499200465,126.77440859641214,gyeonggi
평택아트센터,경기 평택시 고덕로 310,평택시,37.039462814522736,127.0339681658489,gyeonggi
용인포은아트홀,경기 용인시 수지구 신봉동 포은대로 용인포은아트홀,용인시,37.3245829,127.1046591,gyeonggi
화성아트홀,경기 화성시 태안로 145,화성시,37.2029358396979,127.033225735988,gyeonggi
복사골문화센터 아트홀,경기 부천시 원미구 장말로 107,부천시,37.4949428624938,126.754318253636,gyeonggi
KBS수원아트홀,경기 수원시 팔달구 인계로 123,수원시,37.26779363785306,127.03150220972648,gyeonggi
디아나아트홀,경기 용인시 처인구 남사읍 천덕산로111번길 16,용인시,37.1155207567955,127.11963070394,gyeonggi
남양주 어린이비전센터,"남양주 어린이비전센터, 해밀예당2로, 진접읍, 남양주시, 12057, 대한민국",남양주시,37.7174744,127.1963875,gyeonggi
인천어린이과학관,인천 계양구 계산동 1116,계양구,37.54784178458784,126.7277384909796,incheon
광명시민회관 대공연장,경기 광명시 시청로 20,광명시,37.4770779854164,126.863755106053,gyeonggi
성남소극장,경기 성남시 수정구 수정로 205,성남시,37.444323395214894,127.14246068398562,gyeonggi
송도컨벤시아,인천 연수구 송도1동 송도동 센트럴로 123 송도컨벤시아,연수구,37.3887756,126.646738,incheon
김포아트홀,"김포아트홀, 돌문로, 북변동, 김포시, 10108, 대한민국",김포시,37.6189219,126.7201411,gyeonggi
계양문화회관 대공연장,인천 서구 서달로 190,서구,37.5159779965578,126.679956452191,incheon
인천남동체육관,인천 남동구 소래로 500,남동구,37.4346425602455,126.733811034142,incheon
킨텍스 제1전시장 2홀,경기 고양시 일산서구 킨텍스로 217,고양시,37.6694773193624,126.74656243079,gyeonggi
일산 킨텍스(KINTEX),경기 고양시 일산동구 태극로 8,고양시,37.66385517772114,126.74907383778935,gyeonggi
일산 킨텍스 제2전시장 10A홀,경기 고양시 일산서구 킨텍스로 217,고양시,37.6647267128123,126.741283396117,gyeonggi
서울랜드,경기도 과천시 광명로 181,과천시,37.4372231,127.0246975,gyeonggi
mne Hall,경기 고양시 일산동구 강석로 141,고양시,37.653211457414,126.778071187115,gyeonggi
다락소극장,인천 중구 신포로27번길 3,중구,37.4714321296324,126.624744884244,incheon
평택북부문화예술회관 소공연장,경기 평택시 경기대로 1366 북부문화예술회관,평택시,36.9745464,127.1161001,gyeonggi
인스파이어 컬쳐홀,경기 화성시 동탄첨단산업1로 27,화성시,37.2108612117059,127.089438119912,gyeonggi
매직앤조이,경기 수원시 영통구 광교중앙로 124 갤러리아백화점 10층,수원시,37.2855216,127.0574787,gyeonggi
작은극장 돌체,인천 미추홀구 매소홀로 573,미추홀구,37.4387377161169,126.685759250934,incheon
미리내 마술극단 송도점,인천 연수구 송도과학로16번길 33-4 D동 3층,연수구,37.4102,126.6782,incheon
반석아트홀,"반석아트홀, 134, 노작로, 동탄1동, 동탄1신도시, 동탄1동, 화성시, 18456, 대한민국",,37.2005618,127.0744899,etc
부천소극장,경기 부천시 원미구 송내대로 239,부천시,37.5046482422436,126.756379866921,gyeonggi
부천아트센터 콘서트홀,경기 부천시 원미구 소향로 165 부천아트센터,부천시,37.5022385225392,126.766514925493,gyeonggi
아트센터인천 콘서트홀,인천 연수구 아트센터대로 222,연수구,37.39314222289944,126.6261270244216,incheon
부천아트센터 소공연장,경기 부천시 원미구 소향로 165 부천아트센터,부천시,37.5034,126.766,gyeonggi
엘림아트센터,인천 서구 크리스탈로 78,서구,37.532056970344534,126.63688193896643,incheon
포천반월아트홀,경기 포천시 군내면 청성로 111,포천시,37.8961646333747,127.212342028263,gyeonggi
트라이보울,인천 연수구 인천타워대로 250,연수구,37.3942043410562,126.635009329215,incheon
현대백화점 판교점 10층 토파즈홀,경기 성남시 분당구 판교역로146번길 20 현대백화점 판교점,성남시,37.39279369494,127.112017130086,gyeonggi
리빙파워센터 4F,경기 용인시 기흥구 신고매로 59,용인시,37.2234151888838,127.114248153439,gyeonggi
동탄 어둠속의대화,경기 화성시 동탄역로 160 롯데백화점 동탄점 7층,화성시,37.200666359626,127.098203113972,gyeonggi
한국만화박물관,"한국만화박물관, 1, 길주로, 부개동, 삼산동, 부평구, 부천시, 14505, 대한민국",부평구,37.5087778,126.742141,incheon
고양시립 아람미술관,경기 고양시 일산동구 중앙로 1286 고양시립 아람미술관,고양시,37.6614856048971,126.774458292187,gyeonggi
성남큐브미술관,경기 성남시 분당구 성남대로 808 성남큐브미술관,성남시,37.4029565748635,127.130559855569,gyeonggi
키즈 아트 갤러리 by MAM,경기 가평군 설악면 미사리로 189 3층,가평군,37.691758,127.5349983,gyeonggi
매직플로우 원더파크,경기 고양시 덕양구 고양대로 1955 1층,고양시,37.6469771187284,126.89477806511,gyeonggi
매직플로우 원더빌리지,경기 고양시 덕양구 고양대로 1955 3층 매직플로우,고양시,37.6469771187284,126.89477806511,gyeonggi
헤이리 팝트릭아트 93뮤지엄,경기 파주시 탄현면 헤이리마을길 93-53,파주시,37.7900646317957,126.696699205532,gyeonggi
잇츠콜라박물관,경기 파주시 탄현면 헤이리마을길 76,파주시,37.78804288225778,126.70043284943637,gyeonggi
아트팩토리참기름,인천 강화군 길상면 까치골길 109,강화군,37.6677834349095,126.480199597324,incheon
한국항공대학교 항공우주박물관,경기 고양시 덕양구 항공대학로 76,고양시,37.599741914311934,126.86536283579244,gyeonggi
클럽크로마,인천 중구 영종해안남로321번길 186,중구,37.43626675099884,126.45802806785528,incheon
용인시실내체육관,경기 용인시 처인구 경안천로 76,용인시,37.2385380858524,127.213586511161,gyeonggi
쎈토이박물관,경기 여주시 명품1로 42-9 여주프리미엄빌리지 쎈토이박물관,여주시,37.2446507549235,127.615754064713,gyeonggi
트리플스트리트 D동,인천 연수구 송도과학로16번길 33-1,연수구,37.3806957155085,126.658783691215,incheon
구하우스미술관,경기 양평군 서종면 무내미길 49,양평군,37.60300108365392,127.35118461573136,gyeonggi
여주곤충박물관,"여주곤충박물관, 명성로, 매룡동, 여주시, 12634, 대한민국",여주시,37.2774595,127.6578996,gyeonggi
헤이리 파주공룡박물관,경기 파주시 탄현면 헤이리마을길 93-83,파주시,37.7910012902576,126.696952865784,gyeonggi
네이처스케이프 플러스,경기 화성시 동탄대로5길 21,화성시,37.1670794028254,127.105425175463,gyeonggi
킨텍스 10A홀,경기 고양시 일산서구 킨텍스로 217,고양시,37.6647267128123,126.741283396117,gyeonggi
현대백화점 중동점 9층 문화홀,경기 부천시 원미구 길주로 180,부천시,37.5043163132049,126.76208267382,gyeonggi
가평 쁘띠프랑스,경기 가평군 청평면 호반로 1063,가평군,37.7150277522095,127.490720315781,gyeonggi
쁘띠프랑스,경기 가평군 고성리 호반로 쁘띠프랑스,가평군,37.7150812,127.4905281,gyeonggi
가평탑랜드 번지점프,경기 가평군 가평읍 북한강변로 1044,가평군,37.80604150542156,127.52602892065775,gyeonggi
동두천 놀자숲,"놀자숲, 동두천시, 대한민국",동두천시,37.8849158,127.1375544,gyeonggi
오산 오마이쥬 키즈파크,경기 오산시 경기대로632번길 89 오마이쥬,오산시,37.1844069647972,127.059450929852,gyeonggi
놀숲 수원역점,경기 수원시 팔달구 덕영대로 909,수원시,37.2676536601594,127.000721543811,gyeonggi
볼베어파크 부천점,경기 부천시 원미구 조마루로 2,부천시,37.4999706745475,126.744227787242,gyeonggi
세라젬 웰파크 위례점,경기 하남시 위례대로 350 2층,하남시,37.4891675795399,127.158322113456,gyeonggi
플라잉수원,경기 수원시 팔달구 지동 경수대로 697 플라잉수원,수원시,37.2867639,127.0261652,gyeonggi
송운개발,경기 용인시 처인구 지삼로 470,용인시,37.2343,127.1615,gyeonggi
하피랜드,경기 화성시 팔탄면 시청로 888,화성시,37.1685723255116,126.888527589073,gyeonggi
양평 양떼목장,경기 양평군 용문면 은고갯길 112,양평군,37.51545522357331,127.6287598630799,gyeonggi
다일락스포렉스,경기 용인시 처인구 모현읍 포은대로1272번길 12,용인시,37.3394337322513,127.184741815753,gyeonggi
시흥 공룡월드,경기 시흥시 은계호수로 49,시흥시,37.4458355693248,126.802045044272,gyeonggi
용인 액트몬,경기 용인시 기흥구 신고매로 59,용인시,37.2234112903724,127.114273048794,gyeonggi
펀웨이브,경기 고양시 일산서구 한류월드로 300,고양시,37.6645540979457,126.75452646873,gyeonggi
청춘스키,경기 광주시 도척면 도척윗로 278,광주시,37.3375588747099,127.296189047378,gyeonggi
한택식물원,경기 용인시 처인구 한택식물원,용인시,37.0950874,127.4065003,gyeonggi
용인 공룡월드,경기 용인시 처인구 중부대로 1294,용인시,37.2354736413106,127.1883047486991,gyeonggi
SDR골프아카데미,경기 수원시 권선구 매송고색로 895,수원시,37.26041647992,126.998331589595,gyeonggi
주렁주렁 하남점,"주렁주렁 하남점, 대청로137번길, 신장2동, 하남시, 12945, 대한민국",하남시,37.5435783,127.2235665,gyeonggi
쥬쥬랜드,경기 고양시 덕양구 원당로458번길 7,고양시,37.68932970378081,126.85498582423483,gyeonggi
보드박스,경기 광주시 도척면 독고개길 402,광주시,37.33465793188389,127.31400639901044,gyeonggi
주렁주렁 동탄라크몽점,경기 화성시 동탄대로5길 21 라크몽 B동 3층,화성시,37.1668954710627,127.105150309732,gyeonggi
아쿠아플라넷 광교,경기 수원시 영통구 광교호수공원로 300,수원시,37.28429320086867,127.05836769865131,gyeonggi
영일딸기농장,경기 김포시 고촌읍 전호리 453-2,김포시,37.5853110101621,126.792450692701,gyeonggi
김포 몬스터리움,경기 김포시 대곶면 대명항1로 52,김포시,37.6428316591432,126.546076669479,gyeonggi
오키드 키즈카페,경기 김포시 대곶면 대명항1로 52 가동 2층,김포시,37.6428312965761,126.546076105164,gyeonggi
김포구래점 아이존팝,경기 김포시 김포한강9로 95,김포시,37.6451680364364,126.625685526743,gyeonggi
디아쿠아,경기 화성시 동탄역로 160,화성시,37.20067263163881,127.09791926556511,gyeonggi
한지이야기,경기 김포시 양촌읍 서현로 37,김포시,37.645321355472575,126.60824991251467,gyeonggi
동탄 공룡월드,경기 화성시 동탄순환대로27길 30,화성시,37.20815937351829,127.10435689579484,gyeonggi
아르티스테마파크,경기 화성시 동탄대로19길 10,화성시,37.19724508103235,127.09785852030562,gyeonggi
남양주 플레이킹덤 키즈카페,경기 남양주시 와부읍 경강로849번길 97,남양주시,37.5682213279601,127.235861684949,gyeonggi
모닝스키 렌탈샵,경기 광주시 도척면 도척윗로 278,광주시,37.3375588747099,127.296189047378,gyeonggi
지산캠프 렌탈샵,경기 이천시 마장면 지산로 257-7,이천시,37.2164245910532,127.348364937643,gyeonggi
쥬리라움 동탄점,경기 화성시 동탄기흥로257번가길 31,화성시,37.1805996987274,127.091952521073,gyeonggi
인피니티 게임월드,인천 부평구 체육관로 14,부평구,37.5083465138215,126.7328811042,incheon
스카이 롤러스케이트장,인천 부평구 부평문화로80번길 16,부평구,37.4936320668809,126.724571274935,incheon
양주눈꽃축제,경기 양주시 장흥면 권율로 594,양주시,37.7595365626695,126.969168784184,gyeonggi
극동조이키즈파크,경기 안산시 단원구 초지동로 7 극동스포랜드 1층 극동조이키즈파크,안산시,37.3043159480062,126.816204306846,gyeonggi
자이언트제트 시아테마파크점,경기 안산시 단원구 광덕1로 276 6층 자이언트제트,안산시,37.3067205825062,126.840326129846,gyeonggi
두리랜드,경기 양주시 장흥면 권율로 두리랜드,양주시,37.7246301,126.9504204,gyeonggi
양주 가나아트파크,경기 양주시 장흥면 권율로 117,양주시,37.7255669219749,126.949663542272,gyeonggi
썬밸리워터파크,경기 여주시 강변유원지길 45,여주시,37.2936976290817,127.66150983326,gyeonggi
양주 어드벤처 시티,경기 양주시 어하고개로 5,양주시,37.8093715774886,127.097839701519,gyeonggi
여주 루덴시아,경기 여주시 산북면 금품1로 177 여주 루덴시아,여주시,37.4015984524867,127.461439233202,gyeonggi
여주 주주팜,경기 여주시 점동면 가남로 1126,여주시,37.202022909079716,127.65608836118892,gyeonggi
양주곤충박물관,경기 양주시 장흥면 권율로 124,양주시,37.724920422327706,126.95060432048733,gyeonggi
테일45,경기 용인시 기흥구 고매로43번길 47,용인시,37.235501727535336,127.11684943219004,gyeonggi
에버랜드,경기 용인시 처인구 포곡읍 에버랜드로 199,용인시,37.2938764,127.2048444,gyeonggi
모빌리티뮤지엄,경기 용인시 처인구 포곡읍 에버랜드로376번길 171,용인시,37.300359904146156,127.21693003604366,gyeonggi
플라이스테이션,경기 용인시 처인구 포곡읍 성산로 521,용인시,37.28088992407525,127.19920791547494,gyeonggi
캐리비안베이,경기 용인시 처인구 포곡읍 에버랜드로 199,용인시,37.2971091835927,127.200987568397,gyeonggi
인천 공룡월드,인천 연수구 첨단대로 104,연수구,37.366015460097124,126.65588902345503,incheon
드림닥터 인천점,인천 중구 월미로 222,중구,37.4563,126.7052,incheon
쥬벅스 앤 쥬니멀,인천 남동구 서창남순환로216번길 20 승연프라자 2층,남동구,37.4232040167876,126.748805298119,incheon
부평 엔터파크 게임장,인천 부평구 부평문화로80번길 16 스타빠루뚜빌딩 2층,부평구,37.49362317654,126.724583972505,incheon
방탈출고,인천 부평구 충선로203번길 16,부평구,37.5075592968255,126.73539813797,incheon
원마운트 워터파크,"원마운트 워터파크, 보행자길, 대화동, 일산서구, 고양시, 10392, 대한민국",,37.6638143,126.7545228,etc
아쿠아플라넷 일산,"아쿠아플라넷 일산, 보행자길, 대화동, 일산서구, 고양시, 10392, 대한민국",,37.6639187,126.7556899,etc
원마운트 스노우파크,경기 고양시 일산서구 한류월드로 300,고양시,37.664554097950486,126.75452646872884,gyeonggi
삼방가딸기랜드,경기 고양시 일산서구 덕이동 1070-18,고양시,37.69853710758503,126.73495896550777,gyeonggi
원마운트 프렌디노,경기 고양시 일산서구 한류월드로 300,고양시,37.66482267200937,126.75413343149611,gyeonggi
플레이월드 미사점,경기 하남시 미사강변동로 73 12층,하남시,37.5615644351501,127.192991876605,gyeonggi
자연에스파,경기 고양시 일산서구 탄현로 144,고양시,37.70643326668876,126.76651338348915,gyeonggi
히어로플레이파크 일산점,경기 고양시 일산동구 중산로 241,고양시,37.6937418328138,126.780320375365,gyeonggi
쥬라리움 청라,인천 서구 청라커낼로288번길 26 현대썬앤빌 더테라스 지하 1층,서구,37.5335470139263,126.647459837149,incheon
트릭아트뮤지엄,경기 파주시 탄현면 헤이리마을길 93-53,파주시,37.7900646317957,126.696699205532,gyeonggi
월롱딸기체험,경기 파주시 월롱면 도감로 247,파주시,37.79211852951303,126.81169361319016,gyeonggi
사파리테마파크,경기 파주시 탄현면 헤이리마을길 93,파주시,37.7908633693109,126.696399056894,gyeonggi
쥬라리움 파주점,경기 파주시 탄현면 새오리로 69,파주시,37.790490321173465,126.68471602659179,gyeonggi
파주 홍삼스파 참숯가마사우나,경기 파주시 탄현면 장릉로 5,파주시,37.773847552083,126.71728661451803,gyeonggi
서원인레인지 (서원밸리CC 골프연습장),경기 파주시 광탄면 서원길 333 서원밸리컨트리클럽 연습장,파주시,37.8157490998746,126.895247196106,gyeonggi
쥬라리움 하남,경기 하남시 미사1동 미사리 미사동 미사대로 쥬라리움 하남점,하남시,37.5672169,127.1971986,gyeonggi
이천 테르메덴,경기 이천시 모가면 사실로 984,이천시,37.19507109548797,127.44596994574883,gyeonggi
평택 황토참숯가마,경기 평택시 포승읍 홍원길 20,평택시,37.0176870082495,126.867739541631,gyeonggi
판교레이크골프클럽,경기 용인시 수지구 호수로 69,용인시,37.3543190524714,127.072318626107,gyeonggi
공릉관광지,"공릉관광지, 조리읍, 파주시, 대한민국",파주시,37.7502606,126.8347716,gyeonggi
화성 치즈학교,경기 화성시 우정읍 기아자동차로 189-2 화성치즈학교,화성시,37.0478214712572,126.761567654536,gyeonggi
화성투어패스,경기 화성시 남양읍 시청로 159,화성시,37.1997099594229,126.831304627149,gyeonggi
아센사우나 ＆ 찜질방,경기 화성시 효행로 1051 메인프라자,화성시,37.2146289694525,127.041973342112,gyeonggi
구리 토평 가족캠핑장,경기 구리시 왕숙천로 11,구리시,37.5866086324758,127.158227889702,gyeonggi
갯골캠핑장,경기 시흥시 동서로 137,시흥시,37.38936538628936,126.7620528776188,gyeonggi
코코넛 렌탈샵,경기 광주시 도척면 독고개길302번길 2,광주시,37.3394350154282,127.304416151354,gyeonggi
곤지암리조트,경기 광주시 도척면 도척윗로 278,광주시,37.3372,127.2954,gyeonggi
킨텍스 캠핑장,경기 고양시 일산서구 킨텍스로 217,고양시,37.6633635652791,126.739252600138,gyeonggi
안성맞춤캠핑장,경기 안성시 보개면 남사당로 198,안성시,37.02985541403721,127.31279663353556,gyeonggi
아쿠아필드 고양,경기 고양시 덕양구 고양대로 1955,고양시,37.647922250654574,126.89671586537472,gyeonggi
소요 별＆숲 테마파크,경기 동두천시 평화로2922번길 76,동두천시,37.9501496127196,127.06598663528,gyeonggi
디스커버스 의왕,경기 의왕시 광진말로 54,의왕시,37.3209324512864,126.940659669106,gyeonggi
송도국제캠핑장,인천 연수구 지식기반로 60,연수구,37.36158988920623,126.64590007048308,incheon
아쿠아필드 안성,경기 안성시 공도읍 서동대로 3930,안성시,36.99545685082593,127.14722469643748,gyeonggi
아쿠아필드 하남,경기 하남시 미사대로 750,하남시,37.545828649557436,127.2234771986401,gyeonggi
안성팜랜드,경기 안성시 공도읍 대신두길 28,안성시,36.9920882944177,127.194405718721,gyeonggi
인천대공원캠핑장,인천 남동구 무네미로 236,남동구,37.4576936607687,126.749290714825,incheon
연천 세계캠핑체험존,경기 연천군 전곡읍 선사로 123,연천군,38.00735667685549,127.06234422605226,gyeonggi
김포 쥬라기파크,경기 김포시 대곶면 대명항1로 52 가동 3층,김포시,37.6428312965761,126.546076105164,gyeonggi
연천재인폭포오토캠핑장,경기 연천군 연천읍 현문로508번길 140,연천군,38.06493289497841,127.12718366969492,gyeonggi
잭슨나인스 일산점,경기 고양시 일산서구 일현로 97,고양시,37.69432847292744,126.76234707239135,gyeonggi
파라다이스시티 씨메르,인천 중구 영종해안남로321번길 186,중구,37.435645590451834,126.45716251341072,incheon
평택 내리캠핑장,경기 평택시 팽성읍 내리길 64,평택시,36.975254863754635,127.03255933752965,gyeonggi
파라다이스시티 원더박스,인천 중구 영종해안남로321번길 186,중구,37.4365796645163,126.457300284659,incheon
파주 놀이구름,경기 파주시 와석순환로 500,파주시,37.7228377519779,126.75914810681131,gyeonggi
수원 라이프스포츠 워터파크,경기 수원시 장안구 대평로90번길 19,수원시,37.2971305504206,126.993764444711,gyeonggi
플레이월드 부천점,경기 부천시 원미구 신흥로 150,부천시,37.4978493168582,126.778848422749,gyeonggi
포천자연마을 서울캠핑장,경기 포천시 관인면 북원로 371,포천시,38.12385157687724,127.25311740317223,gyeonggi
플레이월드 파주점,경기 파주시 문발로 233,파주시,37.7151654715792,126.687514750325,gyeonggi
플레이월드 다산점,경기 남양주시 다산중앙로123번길 22,남양주시,37.6250868430586,127.151615774349,gyeonggi
진위천유원지,경기 평택시 진위면 진위서로 264,평택시,37.0981445784915,127.086486466222,gyeonggi
샤봉디씨어터,경기 성남시 수정구 금토로 70,성남시,37.406514,127.0801059,gyeonggi
한국민속촌,경기 용인시 기흥구 민속촌로 90,용인시,37.25961522542851,127.11980072025162,gyeonggi
NOL 씨어터 대학로 우리카드홀,서울 종로구 동숭길 100,종로구,37.5826,127.0028,seoul
플레이티카 롯데아울렛구리점,경기 구리시 동구릉로136번길 47,구리시,37.6119128297633,127.140517979869,gyeonggi
한탄강캠핑장,경기 연천군 전곡읍 전곡리 696-16,연천군,38.008306196531,127.058964350023,gyeonggi
DGT 아트센터,서울 마포구 독막로 308,마포구,37.5472723,126.9338098,seoul
덕스(DUEX) 홍대,서울 마포구 양화로 186,마포구,37.5576337,126.9258847,seoul
아트조선스페이스,서울 중구 세종대로21길 30,중구,37.5677004,126.9757292,seoul
성곡미술관,서울 종로구 경희궁길 42 ...,종로구,37.5734257,126.9698126,seoul
지인시어터,서울 종로구 동숭길 25,종로구,37.5799202395183,127.003508390036,seoul
제나아트홀,"서울 종로구 대학로10길 12 , 지하 1층",종로구,37.573,126.9794,seoul
메쎄이상,서울 마포구 월드컵북로58길 9,마포구,37.5820411,126.887077,seoul
복사골문화센터 판타지아극장,경기 부천시 원미구 장말로 107,부천시,37.4944672,126.7539761,gyeonggi
오마이갓,"서울 종로구 동숭길 68 , 지하 1층",종로구,37.573,126.9794,seoul
해피씨어터,"서울 종로구 대학로10길 5 , 지하1층",종로구,37.573,126.9794,seoul
대학로 더굿씨어터,"서울 종로구 대학로 144 , 지하 2층",종로구,37.573,126.9794,seoul
콘텐츠박스,서울 종로구 동숭길 55,종로구,37.5806959747884,127.00413901486,seoul
JTN아트홀,서울 종로구 이화장길 26 JTN아트홀 1관,종로구,37.573,126.9794,seoul
아트포레스트,"서울 종로구 대학로12길 22 , 5층 아트포레스트",종로구,37.573,126.9794,seoul
바탕골,"서울 종로구 대학로10길 5 , 5층",종로구,37.573,126.9794,seoul
틴틴홀,서울 종로구 대학로10길 24,종로구,37.573,126.9794,seoul
올래홀,"서울 종로구 대학로10길 24 , 3층",종로구,37.573,126.9794,seoul
세우아트센터,"서울 종로구 대학로12길 49 , 4층",종로구,37.573,126.9794,seoul
예스24 아트원,"서울 종로구 대학로12길 83 , 예스24 아트원 2관",종로구,37.573,126.9794,seoul
스튜디오 블루,"서울 종로구 대학로8가길 80 , 리트모빌딩 지하",종로구,37.573,126.9794,seoul
업스테이지,경기 용인시 수지구 광교중앙로 338,용인시,37.30065715309666,127.07116288302747,gyeonggi
봄날 아트홀,"서울 종로구 동숭길 39 , 지하 2층 봄날 아트홀",종로구,37.573,126.9794,seoul
에이치씨어터,"서울 종로구 이화장길 54 , 지하 1층",종로구,37.573,126.9794,seoul
지즐소극장,서울 종로구 성균관로4길 42,종로구,37.573,126.9794,seoul
아트하우스,"서울 종로구 대학로10길 26 , 지하 1층",종로구,37.573,126.9794,seoul
매직라이브펍,"서울 종로구 창경궁로26길 41-3 , 지하 1층",종로구,37.573,126.9794,seoul
명동 난타극장,"서울 중구 명동길 26 , 유네스코회관 3층",중구,37.5637,126.9975,seoul
라온씨어터,서울 종로구 대학로10길 12 3층,종로구,37.573,126.9794,seoul
명보아트홀 가온홀,"서울 중구 마른내로 47 , 명보아트홀 지하 3층",중구,37.5637,126.9975,seoul
우리금융아트홀,"서울 송파구 올림픽로 424 , 올림픽공원 내 우리금융아트홀",송파구,37.5145,127.1066,seoul
극장 더더더,"서울 중구 을지로38길 9-4 , 4층",중구,37.5637,126.9975,seoul
올림픽홀 뮤즈라이브,서울 송파구 올림픽로 424,송파구,37.5145,127.1066,seoul
라이크디즈1601,"서울 중구 서소문로 116 , 유원빌딩 1601호",중구,37.5637,126.9975,seoul
타임스퀘어 B1 GATE 11 밖,서울 영등포구 영중로 15,영등포구,37.5264,126.8962,seoul
씨어터 윤,서울 마포구 와우산로 147-1,마포구,37.5665,126.9018,seoul
부천마술극장,"경기 부천시 원미구 송내대로265번길 67 , 7층 (월드컵타운)",부천시,37.5072794,126.7549304,gyeonggi
레노부르크뮤지엄,경기 부천시 오정구 신흥로511번길 180,부천시,37.52473,126.79332,gyeonggi
송도 메가박스,"인천 연수구 송도과학로16번길 33-4 , 트리플스트리트 D동 2층",연수구,37.4102,126.6782,incheon
AK ARTHALL,경기 수원시 팔달구 덕영대로 924 AK플라자 수원 6층 AK ARTHALL,수원시,37.2662775,127.0004098,gyeonggi
와일드벅스 곤충탐험대,"인천 중구 월미로 222 , 뽀로로앤타요 빌딩 1층",중구,37.4763321,126.6026526,incheon
헌법재판소 정문(집결지 확인 필수),"서울 종로구 북촌로 15 , 헌법재판소",종로구,37.573,126.9794,seoul
서대문형무소역사관,서울 서대문구 통일로 251,서대문구,37.5724,126.9608,seoul
북촌,"서울 종로구 율곡로 지하 62 , 3호선 안국역 4번 출구 앞",종로구,37.573,126.9794,seoul
과천 매직플로우 원더파크,"경기 과천시 대공원광장로 80 , 종합안내소",과천시,37.4293233,126.9899759,gyeonggi
시청역 1번 출구 밖(집결지 확인 필수),"서울 중구 서소문로 지하 127 , 시청역 1번 출구 밖",중구,37.5637,126.9975,seoul
"낙산,이화마을",서울 종로구 종로 지하 302,종로구,37.573,126.9794,seoul
타이거릴리(가든파이브,"서울 송파구 충민로 66 , 현대시티몰 가든파이브점 몰관 4층",송파구,37.5145,127.1066,seoul
세일링파라다이스,"서울 영등포구 여의동로 252 , 한강 파라다이스",영등포구,37.5264,126.8962,seoul
다이나믹 메이즈 인사동점,"서울 종로구 인사동길 12 , 지하 1층",종로구,37.573,126.9794,seoul
남산 N서울타워,서울 용산구 남산공원길 105,용산구,37.5323,126.9906,seoul
목동 실탄사격장,서울 양천구 안양천로 939,양천구,37.5169,126.866,seoul
탑요트코리아,"서울 영등포구 여의동로 252 , 한강 파라다이스",영등포구,37.5264,126.8962,seoul
주렁주렁 영등포점,"서울 영등포구 영중로 15 , 타임스퀘어 4층 매표소, 5층 입구",영등포구,37.5264,126.8962,seoul
아쿠아플라넷 일산점,경기 고양시 일산서구 한류월드로 282,고양시,37.662843,126.753766,gyeonggi
아쿠아플라넷 광교점,"경기 수원시 영통구 광교호수공원로 300 , 갤러리아 광교 파사쥬 지하 1층",수원시,37.2796799,127.0596148,gyeonggi
책읽는미술관 대치본사,"서울 강남구 삼성로 212 , 은마상가 A블럭 306-1, 306-2 (대치동 316)",강남구,37.5172,127.0473,seoul
플레이독스,"서울 광진구 능동로 163 , 지하 1층",광진구,37.5385,127.0824,seoul
덕포진교육박물관,경기 김포시 대곶면 덕포진로103번길 90,김포시,37.65206,126.57169,gyeonggi
웅진플레이도시,경기 부천시 원미구 조마루로 2,부천시,37.4994031,126.7440606,gyeonggi
아일랜드캐슬 워터파크,경기 의정부시 장곡로 22,의정부시,37.7292674,127.054073,gyeonggi
곤지암 청춘스키,"경기 광주시 도척면 도척윗로 248 , 청춘스키",광주시,37.324944,127.3114604,gyeonggi
한진요트 영국재즈요트,"경기 화성시 서신면 해안길 468-5 , 제부마리나 D16, D18",화성시,37.1690451,126.7114352,gyeonggi
플라잉 수원,경기 수원시 팔달구 경수대로 697,수원시,37.2826466,127.0292026,gyeonggi
글라이더스 왕산,인천 중구 왕산로35번길 8 글라이더스 왕산,중구,37.5637,126.9975,incheon
허브아일랜드,경기 포천시 신북면 청신로947번길 35,포천시,37.8936154,127.2044688,gyeonggi
주렁주렁 동탄점,"경기 화성시 동탄대로5길 21 , 라크몽 B동 3층 매표소, 4층 입구",화성시,37.1994653,126.8312632,gyeonggi
가평탑랜드,"경기 가평군 가평읍 북한강변로 1044-15 , 가평탑랜드",가평군,37.77422,127.5344221,gyeonggi
디거앤레이스 고양일산점,"경기 고양시 일산서구 한류월드로 300 , 1층 1248호",고양시,37.662843,126.753766,gyeonggi
디거앤레이스 김포라베니체점,"경기 김포시 태장로 802 , 1층 108호",김포시,37.6426559,126.6865685,gyeonggi
샌드라이빙 하남점,"경기 하남시 미사강변중앙로 223 , 111호, 112호",하남시,37.5556983,127.1923528,gyeonggi
플레이월드 용인점,"경기 용인시 기흥구 중부대로 184 , 힉스유타워 상가동 B181호",용인시,37.2725004,127.124654,gyeonggi
슬라라 인스파이어점,"인천 중구 공항문화로 127 , 인스파이어 엔터테인먼트 리조트 1층",중구,37.5637,126.9975,incheon
국제롤러스케이트장,"인천 서구 청라에메랄드로 99 , 지젤엠 건물 A동 3층",서구,37.5285788,126.6564757,incheon
롤러스타 롤러스케이트장,"인천 연수구 벚꽃로 106 , 연수광장프라자 7층",연수구,37.4102,126.6782,incheon
나인씨어터,서울 종로구 대학로8가길 30,종로구,37.5826203,127.0033898,seoul
도자기공방숲,"경기 동두천시 동두천로 7 , 1층",동두천시,37.9034859,127.0561413,gyeonggi
예스24아트원,서울 종로구 대학로 12길 83,종로구,37.574331,127.0016049,seoul
세라믹팔레스홀,서울 강남구 일원로 90,강남구,37.4923272,127.0801611,seoul
옐레드 노원상계점,서울 노원구 상계동,노원구,37.66727,127.07242,seoul
연희정음 지하,서울 서대문구 연희맛로 17-3 ...,서대문구,37.5667244,126.9287137,seoul
옐레드 하남미사점,경기 하남시 미사강변중앙로 220,하남시,37.5556983,127.1923528,gyeonggi
남양주 다산아트홀,경기 남양주시 다산중앙로 7 ...,남양주시,37.6139003,127.1557902,gyeonggi
옐레드 시흥은계호수점,경기 시흥시 은계중앙로 234 31동 5,시흥시,37.4132332,126.8395828,gyeonggi
광화문 광장 세종대왕 동상,서울 종로구 세종대로 175,종로구,37.5725,126.9756,seoul
국립항공박물관,서울 강서구 하늘길 177,강서구,37.5557,126.7977,seoul
화성행궁,경기 수원시 팔달구 정조로 825,수원시,37.2819666,127.013727,gyeonggi
국립경주박물관,경북 경주시 일정로 186,,35.8289,129.228,gyeongbuk
국립세계문자박물관,인천 연수구 센트럴로 217,연수구,37.3947,126.6377,incheon
위치 정보는 상품 상세 페이지를 참고해주세요.,위치 정보는 상품 상세 페이지를 참고해주세요.,,,,
서대문자연사박물관,서울 서대문구 연희로32길 51,서대문구,37.5791,126.9368,seoul
각 궁궐의 정문 앞,각 궁궐의 정문 앞,,37.579754,126.9766818,
법원전시관,서울특별시 서초구 서초대로 219 대법원 청사 동관 1층,서초구,37.4922388,127.0053301,seoul
프로그램마다 만나는 장소가 상이하여 상세페이지 확인 부탁드립니다.,프로그램마다 만나는 장소가 상이하여 상세페이지 확인 부탁드립니다.,,,,
흥례문 입장 후 좌측 물품보관함,흥례문 입장 후 좌측 물품보관함,,37.5769542,126.9769047,
남산골한옥마을,서울 중구 퇴계로34길 28,중구,37.5593,126.9945,seoul
롯데월드 민속박물관,서울 송파구 올림픽로 240 롯데월드,송파구,37.5113,127.0982,seoul
서울공예박물관,서울 종로구 율곡로3길 4,종로구,37.5772,126.9836,seoul
국립대구박물관,대구광역시 수성구 청호로 321 국립대구박물관,,35.8456135,128.6379176,daegu
한국조폐공사,대전 유성구 과학로 80-67 한국조폐공사기술연구소(화폐박물관),,36.3772569,127.3693439,daejeon
국립고궁박물관,서울 종로구 효자로 12 국립고궁박물관,종로구,37.5764,126.9749,seoul
국립대구과학관,대구광역시 달성군 유가읍 테크노대로6길 20 국립대구과학관,,35.6866333,128.4653167,daegu
독립기념관,충남 천안시 동남구 목천읍 독립기념관로 1 독립기념관,,36.7836,127.2234,chungnam
국립해양박물관,부산 영도구 해양로301번길 45 국립해양박물관,,35.0787,129.0805,busan
국립중앙과학관,대전 유성구 대덕대로 481 국립중앙과학관,,36.3773,127.3826,daejeon
국립인천해양박물관,인천 중구 월미로 294,중구,37.4563,126.7052,incheon
토즈 광화문점(스터디카페)인원에 따라 별도 추가 공지 드립니다.,토즈 광화문점(스터디카페)인원에 따라 별도 추가 공지 드립니다.,,37.5729873,126.9726494,
복천박물관,부산 동래구 복천로 63,,35.2078,129.0911,busan
츠쿠바 역,서울 강남구 삼성로96길 6 LG트윈텔1차 1501호,강남구,37.5084888,127.0566101,seoul
한국이민사박물관,인천 중구 월미로 329 한국이민사박물관,중구,37.4702596,126.6001998,incheon
유엔평화기념관,부산 남구 홍곡로320번길 106,,0,0,busan
임진각 평화의 공원,경기 파주시 문산읍 임진각로 148-39,파주시,37.8904226,126.7420047,gyeonggi
국립 대한민국임시정부 기념관,서울 서대문구 통일로 279-24,서대문구,37.5760175,126.9543382,seoul
국립중앙과학관 한국과학기술사관,대전 유성구 대덕대로 481,,36.3763158,127.3752185,daejeon
자세한 안내는 수업전 담당 강사님이 안내드립니다.,▶만남의 장소 : 자세한 안내는 수업전 담당 강사님이 안내드립니다.,,35.2485753,129.2166815,
대릉원,경북 경주시 황남동 31-1,,35.8392,129.2185,gyeongbuk
연무대 안내소 앞,경기 수원시 팔달구 창룡대로103번길 8 연무대활터,수원시,37.2878646,127.0236987,gyeonggi
황룡사 역사 문화관,경북 경주시 임해로 64-19,,0,0,gyeongbuk
월정교 공영주차장,경북 경주시 교동 153-5,,35.827984,129.2154715,gyeongbuk
암사동 선사유적지 (서울 강동구 올림픽로 875),서울 강동구 올림픽로 875 ...,강동구,37.5301,127.1238,seoul
서대문자연사박물관 매표소 앞,서울 서대문구 연희로32길 51,서대문구,37.5765829,126.93765,seoul
대한민국역사박물관,서울 종로구 세종대로 198,종로구,37.5753,126.9779,seoul
창덕궁,서울 종로구 율곡로 99,종로구,37.5826041,126.9919376,seoul
국립과천과학관,경기 과천시 상하벌로 110,과천시,37.4381,127.0056,gyeonggi
국회박물관,서울 영등포구 의사당대로 1 국회,영등포구,37.5316807,126.9190575,seoul
송파책박물관,서울 송파구 송파대로37길 77,송파구,0,0,seoul
국립민속박물관,서울 종로구 삼청로 37,종로구,37.5816,126.979,seoul
탑레포츠 렌탈샵,경기 이천시 마장면 지산로 134,이천시,37.2497263,127.3634125,gyeonggi
국립춘천박물관,강원 춘천시 우석로 70,,37.8656,127.7471,gangwon
서울돈화문국악당,서울 종로구 율곡로 102,종로구,37.5759109,126.9841143,seoul
R＆J 씨어터,서울 종로구 동숭동 상세주소 열기 길 ...,종로구,37.58096,127.0051932,seoul
이화여자대학교 ECC 영산극장,서울 서대문구 이화여대길 52,서대문구,37.5643371,126.9468925,seoul
솜씨당 클래스,"경기 고양시 덕양구 고양대로 1955 (동산동, 스타필드 고양)",고양시,37.6469771,126.894778,gyeonggi
서울아트센터 도암홀,서울아트센터는 종로구 평창동,종로구,37.6060174,126.9692363,seoul
이화여자대학교 생활환경관,서울 서대문구 대현동,서대문구,37.56058,126.94496,seoul
파라다이스시티,인천 중구 영종해안남로 321길 186,중구,37.4295581,126.4569418,incheon
서울 송파구 백제고분로45길 24-18 (송파동),서울 송파구 백제고분로45길 24-18 (송파동) 202호 바라베이킹,송파구,37.5145,127.1066,seoul
"서울 관악구 남부순환로220길 39 (봉천동, J.NEST) 3층 302","서울 관악구 남부순환로220길 39 (봉천동, J.NEST) 3층 302",관악구,37.4784,126.9516,seoul
"인천 남동구 인하로507번길 80 (구월동, 태광프라자)","인천 남동구 인하로507번길 80 (구월동, 태광프라자) 401호",남동구,37.4563,126.7052,incheon
행산빌딩,서울 강남구 선릉로148길 15 (청담동) 행산빌딩 301호,강남구,37.5172,127.0473,seoul
"서울 강서구 금낭화로 40 (방화동, 우리빌딩)","서울 강서구 금낭화로 40 (방화동, 우리빌딩) 3층",강서구,37.5509,126.8497,seoul
피노키오 상가,경기 부천시 원미구 부천로3번길 48,부천시,37.5034,126.766,gyeonggi
서울 종로구 인사동길 23-1 (인사동),서울 종로구 인사동길 23-1 (인사동) 4층,종로구,37.573,126.9794,seoul
서울 성동구 아차산로 54 (성수동1가),서울 성동구 아차산로 54 (성수동1가) 4층,성동구,37.5633,127.0371,seoul
"서울 마포구 포은로 146 (망원동, 명현빌딩) b","서울 마포구 포은로 146 (망원동, 명현빌딩) b1층",마포구,37.5665,126.9018,seoul
서울 종로구 종로 121-1 (종로3가),서울 종로구 종로 121-1 (종로3가) 5층,종로구,37.573,126.9794,seoul
뮤티드메이크업,서울 강남구 선릉로148길 15 (청담동),강남구,,,seoul
"서울 강남구 삼성로 642 (삼성동, 삼성빌딩)","서울 강남구 삼성로 642 (삼성동, 삼성빌딩) 203호 캐씨씨메이크업",강남구,37.5172,127.0473,seoul
포유클레이 세라믹스튜디오,서울 동작구 대림로 40 (신대방동) 1층 포유클레이 세라믹스튜디오,동작구,37.5124,126.9393,seoul
JSLounge,서울 마포구 월드컵로15길 56,마포구,37.5665,126.9018,seoul
Deep atelier,서울 성동구 성덕정길 103-39 ...,성동구,37.5633,127.0371,seoul
홍대반지카페,서울 마포구 잔다리로6길 40-6 ...,마포구,37.5665,126.9018,seoul
아트자이후문상가,서울 영등포구 도영로 66,영등포구,37.5264,126.8962,seoul
두리빌딩,서울 강남구 강남대로162길 27-3 (신사동) 두리빌딩 502호,강남구,37.5172,127.0473,seoul
서울 영등포구 도림로 475 (문래동4가),서울 영등포구 도림로 475,영등포구,37.5264,126.8962,seoul
"서울 송파구 법원로4길 5 (문정동, 송파법조타운푸르지오)",서울 송파구 법원로4길 5,송파구,37.5145,127.1066,seoul
서울 마포구 망원로3길 34 (망원동),서울 마포구 망원로3길 34,마포구,37.5665,126.9018,seoul
지1층 OMG,서울 마포구 월드컵북로5가길 30,마포구,37.5665,126.9018,seoul
언커무드,서울 마포구 성미산로 191,마포구,37.5665,126.9018,seoul
서울 강남구 봉은사로30길 24 (역삼동),서울 강남구 봉은사로30길 24,강남구,37.5172,127.0473,seoul
끝 문,서울 용산구 청파로45길 27,용산구,37.5323,126.9906,seoul
서울 마포구 와우산로29라길 16 (서교동),서울 마포구 와우산로29라길 16,마포구,37.5665,126.9018,seoul
휘향찬란,서울 종로구 인사동길 44,종로구,37.5736,126.9853,seoul
서울 강남구 삼성로103길 23 (삼성동 125),서울 강남구 삼성로103길 23,강남구,37.5172,127.0473,seoul
연남로11길 29,서울 마포구 연남로11길 29,마포구,37.5665,126.9018,seoul
미술교습소(남자식탁 건물3층),서울 마포구 월드컵로3길 31-8 (합정동),마포구,,,seoul
"서울 마포구 월드컵로23길 20 (망원동, 망원빌)",서울 마포구 월드컵로23길 20,마포구,37.5665,126.9018,seoul
SEHWA 지하,경기 수원시 팔달구 화서문로 32,수원시,37.2636,127.0286,gyeonggi
"화실 봄, 그리고",서울 송파구 가락로 140,송파구,37.5145,127.1066,seoul
웅장 골목,서울 마포구 포은로 73,마포구,37.5665,126.9018,seoul
해피에버애프터,서울 종로구 인사동길 44,종로구,37.573,126.9794,seoul
서울 마포구 마포대로8안길 6 (공덕동),서울 마포구 마포대로8안길 6,마포구,37.5665,126.9018,seoul
코지야드 작업실,서울 성동구 한림말길 6,성동구,37.5633,127.0371,seoul
리오베플라워 스쿨,서울 서초구 사평대로55길 29,서초구,37.4837,127.0324,seoul
예약 시 사전 안내 문자 드립니다,서울 마포구 와우산로37길 9 (동교동),마포구,,,seoul
상가동,서울 강남구 삼성로68길 5,강남구,37.5172,127.0473,seoul
꽃집 콜럼바인,서울 종로구 사직로9길 18-1 ...,종로구,37.573,126.9794,seoul
플리페,서울 강남구 영동대로129길 24-6 ...,강남구,37.5172,127.0473,seoul
고센뷰티 (영빌딩),서울 강남구 언주로168길 6-9 ...,강남구,37.5172,127.0473,seoul
"서울 마포구 양화로 100-12 (서교동, MJ블랑로튜스)",서울 마포구 양화로 100-12,마포구,37.5665,126.9018,seoul
"서울 서초구 강남대로61길 10 (서초동, 센터프라자)",서울 서초구 강남대로61길 10,서초구,37.4837,127.0324,seoul
서울 마포구 동교로 227-11 (연남동),서울 마포구 동교로 227-11 ...,마포구,37.5665,126.9018,seoul
태광프라자,인천 남동구 인하로507번길 80,남동구,37.4563,126.7052,incheon
서울 종로구 계동4길 10-6 (계동),서울 종로구 계동4길 10-6 ...,종로구,37.573,126.9794,seoul
플라비,서울 송파구 백제고분로45길 5,송파구,37.5145,127.1066,seoul
"서울 송파구 삼학사로 41 (삼전동, 현대빌딩)",서울 송파구 백제고분로 256,송파구,37.5145,127.1066,seoul
드링킹드로잉,"서울 송파구 백제고분로42길 35-1 (송파동, 명성빌딩) 1층 드링킹드로잉",송파구,37.5145,127.1066,seoul
서울 서대문구 신촌로 39 (창천동),서울 서대문구 신촌로 39,서대문구,37.5791,126.9368,seoul
서울 강남구 논현로80길 9 (역삼동),서울 강남구 논현로80길 9 (역삼동) 1층,강남구,37.5172,127.0473,seoul
앤사장다락방,인천 부평구 주부토로 111 (부평동) 앤사장다락방,부평구,37.4563,126.7052,incheon
서울 광진구 능동로31길 8-1 (군자동),서울 광진구 능동로31길 8-1 (군자동) 6층,광진구,37.5385,127.0824,seoul
서울 강남구 테헤란로55길 20 (역삼동) 지하 1층,서울 강남구 테헤란로55길 20 (역삼동) 지하 1층,강남구,37.5172,127.0473,seoul
성일빌딩,서울 중구 청파로 437-1 (중림동) 성일빌딩 2층 201호 서울토이 장난감 쇼룸,중구,37.5637,126.9975,seoul
모노포레스트,"서울 관악구 봉천로49길 12 (봉천동) 지하1층, 모노포레스트",관악구,37.4784,126.9516,seoul
블루기타,서울 영등포구 당산로30길 6 (당산동3가) 3층 블루기타,영등포구,37.5264,126.8962,seoul
구로디지털단지역 인근,"서울 구로구 도림천로 477 (구로동, 구로디지털단지역) 구로디지털단지역 인근",구로구,37.4954,126.8874,seoul
"인수당약국 근방 1분거리에 있으며, 신청 확정 시 안내해 드려요.","서울 관악구 인헌17길 3 (봉천동, 대동빌딩) 인수당약국 근방 1분거리에 있으며, 신청 확정 시 안내해 드려요.",관악구,37.4784,126.9516,seoul
건물 내부 지하 1층 라인메이트,서울 마포구 신촌로2안길 12 (동교동) 건물 내부 지하 1층 라인메이트,마포구,37.5665,126.9018,seoul
랑쌤드럼,인천 고양시 일산동구 율천로8번길 8-6 (마두동),미추홀구,37.6653,126.7843,incheon
빌리엔젤 당산역점,서울 영등포구 당산로 223 (당산동5가) 2층 빌리엔젤 당산역점 (당산역 11번 출구),영등포구,37.5264,126.8962,seoul
서울 서대문구 증가로10길 82-35 (홍은동),서울 서대문구 증가로10길 82-35 (홍은동) 102호,서대문구,37.5791,126.9368,seoul
코나투스,서울 중구 을지로38길 40 4층,중구,37.5665,126.9925,seoul
b1,서울 강남구 논현로 332,강남구,37.5172,127.0473,seoul
"서울 강남구 도산대로 154-4 (논현동, 광성빌딩)","서울 강남구 도산대로 154-4 (논현동, 광성빌딩) 301호",강남구,37.5172,127.0473,seoul
홍대 혹은 신촌역 부근 스튜디오,서울 마포구 신촌로 90 (노고산동) 홍대 혹은 신촌역 부근 스튜디오,마포구,37.5665,126.9018,seoul
정확한 주소는 수업 신청 후 채팅 확인해주세요!,서울 광진구 아차산로25길 14 (화양동) 정확한 주소는 수업 신청 후 채팅 확인해주세요!,광진구,37.5385,127.0824,seoul
금탁프라자,서울 강남구 삼성로 763 (청담동) 금탁프라자 지하1층,강남구,37.5172,127.0473,seoul
한강그랜드오피스텔,"서울 용산구 이촌로 5 (한강로3가, 한강그랜드오피스텔) 한강그랜드오피스텔 302호",용산구,37.5323,126.9906,seoul
"서울 강남구 논현로85길 5-12 (역삼동, 제이에스빌딩)",서울 강남구 논현로85길 5-12 ...,강남구,37.5172,127.0473,seoul
수업 별 상이(개인 번호로 공지 드립니다),서울 동작구 사당로30길 131,동작구,37.5124,126.9393,seoul
"서울 광진구 능동로 50 (자양동, 이튼타워리버2차)",서울 광진구 능동로 50,광진구,37.5385,127.0824,seoul
수업장소는 다름!!!!,서울 동작구 남부순환로 2057 (사당동) 수업장소는 다름!!!!,동작구,37.5124,126.9393,seoul
"서울 송파구 송파대로 지하 179 (문정동, 문정역) 부근 연습실/자세한 위치 솜씨당 채팅 확인 부탁드립니다!","서울 송파구 송파대로 지하 179 (문정동, 문정역) 부근 연습실/자세한 위치 솜씨당 채팅 확인 부탁드립니다!",송파구,37.5145,127.1066,seoul
가림빌딩,서울 강남구 선릉로94길 3 (삼성동) 가림빌딩 3층,강남구,37.5172,127.0473,seoul
서울볼더스,서울 영등포구 양평로28마길 7 (양평동6가) 3층 서울볼더스,영등포구,37.5264,126.8962,seoul
리즈스튜디오,"서울 마포구 월드컵북로1길 52 (서교동, 운복빌딩) 지하 1층 리즈스튜디오",마포구,37.5665,126.9018,seoul
서울 서초구 강남대로30길 72 (양재동) 지하 1층,서울 서초구 강남대로30길 72 (양재동) 지하 1층,서초구,37.4837,127.0324,seoul
이글펜싱클럽,서울 송파구 백제고분로 288 (석촌동) B1 이글펜싱클럽,송파구,37.5145,127.1066,seoul
서울 송파구 새말로5길 6 (문정동),서울 송파구 새말로5길 6 (문정동) 지하1층,송파구,37.5145,127.1066,seoul
달빛광장,"서울 서초구 신반포로11길 40 (반포동, 한강공원 반포 안내센터) 달빛광장",서초구,37.4837,127.0324,seoul
"서울 송파구 올림픽로 지하 265 (신천동, 잠실역","서울 송파구 올림픽로 지하 265 (신천동, 잠실역2호선) .",송파구,37.5145,127.1066,seoul
"서울 송파구 백제고분로 지하 368 (석촌동, 석촌역)","서울 송파구 백제고분로 지하 368 (석촌동, 석촌역) 수업표에 기재된 주소 확인 필요",송파구,37.5145,127.1066,seoul
연희빌딩,"서울 영등포구 대림로 152 (대림동, 연희빌딩) 연희빌딩 B1",영등포구,37.5264,126.8962,seoul
Yeok(역),서울 종로구 창의문로 136 (부암동) Yeok(역),종로구,37.573,126.9794,seoul
유스토리,서울 은평구 증산로3길 12-25 (증산동) 1층 유스토리,은평구,37.6027,126.9291,seoul
경기 수원시 팔달구 창룡대로7번길 38 (북수동),경기 수원시 팔달구 창룡대로7번길 38 (북수동) 1층,수원시,37.2636,127.0286,gyeonggi
"서울 강서구 방화대로 지하 301 (방화동, 신방화역) 상세주소는 수업신청시 안내해드립니다","서울 강서구 방화대로 지하 301 (방화동, 신방화역) 상세주소는 수업신청시 안내해드립니다",강서구,37.5509,126.8497,seoul
"서울 강남구 봉은사로4길 36 (역삼동, 운현빌딩)","서울 강남구 봉은사로4길 36 (역삼동, 운현빌딩) 4층 402호",강남구,37.5172,127.0473,seoul
와이마우스패션공방,서울 광진구 아차산로 415 (구의동) 5층 와이마우스패션공방,광진구,37.5385,127.0824,seoul
"경기 성남시 분당구 분당로53번길 13 (서현동, 산호트윈스2)","경기 성남시 분당구 분당로53번길 13 (서현동, 산호트윈스2) 4층",성남시,37.4386,127.1378,gyeonggi
서울 영등포구 당산로 161 (당산동4가),서울 영등포구 당산로 161 (당산동4가) 3층,영등포구,37.5264,126.8962,seoul
인천 미추홀구 경인로499번길 12-25 (주안동),인천 미추홀구 경인로499번길 12-25 (주안동) 101호 레오토퍼,미추홀구,37.4563,126.7052,incheon
수락네스트죤,"서울 노원구 동일로241길 44 (상계동, 수락네스트죤) 수락네스트죤 302호",노원구,37.6542,127.0568,seoul
서울 송파구 잠실동 0 .,서울 강남구 역삼로77길 6,송파구,37.5145,127.1066,seoul
"서울 강남구 봉은사로74길 15 (삼성동, 호경타워)","서울 강남구 봉은사로74길 15 (삼성동, 호경타워) 2층",강남구,37.5172,127.0473,seoul
삼익빌딩,서울 관악구 관악로 128 (봉천동) 삼익빌딩 3층,관악구,37.4784,126.9516,seoul
"인천 부평구 장제로 45 (부평동, 부평 현대 더로프트) 102동 1022호","인천 부평구 장제로 45 (부평동, 부평 현대 더로프트) 102동 1022호",부평구,37.4563,126.7052,incheon
서울 마포구 성지3길 19 (합정동),서울 마포구 성지3길 19 (합정동) 지하1층,마포구,37.5665,126.9018,seoul
"우리은행 신림역지점) ,","서울 관악구 신림로 347 (신림동, (주)우리은행 신림역지점) ,",관악구,37.4784,126.9516,seoul
서울 송파구 송파대로42길 16 (송파동),서울 송파구 송파대로42길 16 (송파동) 2층,송파구,37.5145,127.1066,seoul
꽃집 건물 지층,서울 서초구 주흥길 17 (반포동) 꽃집 건물 지층,서초구,37.4837,127.0324,seoul
서울 마포구 와우산로23길 20-30 (서교동),서울 마포구 와우산로23길 20-30 (서교동) 3층,마포구,37.5665,126.9018,seoul
서울 영등포구 선유로 108-5 (양평동1가),서울 영등포구 선유로 108-5 (양평동1가) 1층,영등포구,37.5264,126.8962,seoul
서울 성북구 오패산로4길 49 (하월곡동) 지하 1층,서울 성북구 오패산로4길 49 (하월곡동) 지하 1층,성북구,37.5891,127.0182,seoul
팝티스트 스튜디오(B1),서울 마포구 월드컵로11길 14 (망원동) 팝티스트 스튜디오(B1),마포구,37.5665,126.9018,seoul
레코드블루,서울 영등포구 도림로128가길 13-6 (문래동3가) 3층 레코드블루,영등포구,37.5264,126.8962,seoul
서울 강남구 역삼동 708-25 namstar vocal studio,서울 강남구 선릉로89길 7,강남구,37.5172,127.0473,seoul
서울 마포구 서강로11길 5 (창전동) 지하,서울 마포구 서강로11길 5 (창전동) 지하,마포구,37.5665,126.9018,seoul
"서울 영등포구 양산로 128 (당산동1가, 백양빌딩)","서울 영등포구 양산로 128 (당산동1가, 백양빌딩) 401호(공간04)",영등포구,37.5264,126.8962,seoul
서울 마포구 연남로1길 22 (연남동),서울 마포구 연남로1길 22 (연남동) 2층,마포구,37.5665,126.9018,seoul
서울 관악구 관악로 128 (봉천동),서울 관악구 관악로 128 (봉천동) 3층,관악구,37.4784,126.9516,seoul
서울 성북구 동소문로18길 24-22 (동소문동5가),서울 성북구 동소문로18길 24-22 (동소문동5가) 2층,성북구,37.5891,127.0182,seoul
광화문 플래티넘빌딩,서울 종로구 새문안로5가길 28,종로구,37.573,126.9794,seoul
서울 마포구 월드컵로3길 27 (합정동),서울 마포구 월드컵로3길 27 (합정동) 5층,마포구,37.5665,126.9018,seoul
서울 광진구 능동로 338 (중곡동),서울 광진구 능동로 338 (중곡동) 4층,광진구,37.5385,127.0824,seoul
서울 마포구 마포대로4라길 8 (마포동) 지하 1층,서울 마포구 마포대로4라길 8 (마포동) 지하 1층,마포구,37.5665,126.9018,seoul
서울 광진구 능동로13길 84 (화양동),서울 광진구 능동로13길 84 (화양동) 지하1층,광진구,37.5385,127.0824,seoul
"서울 서초구 강남대로 305 (서초동, 현대렉시온)","서울 서초구 강남대로 305 (서초동, 현대렉시온) 1424호",서초구,37.4837,127.0324,seoul
"서울 종로구 율곡로 지하 62 (안국동,","서울 종로구 율곡로 지하 62 (안국동, 3호선 안국역) 장소는 변경될수도 있습니다.",종로구,37.573,126.9794,seoul
루아르 망원,서울 마포구 월드컵로11길 7 (망원동) 1층 루아르 망원,마포구,37.5665,126.9018,seoul
"서울 마포구 양화로 지하 160 (동교동, 홍대입구역) 결제 후 추후 상세주소 연락드립니다.","서울 마포구 양화로 지하 160 (동교동, 홍대입구역) 결제 후 추후 상세주소 연락드립니다.",마포구,37.5665,126.9018,seoul
나다운심리상담센터,서울 마포구 동교로19길 21 (서교동) 나다운심리상담센터,마포구,37.5665,126.9018,seoul
경기 용인시 수지구 고기로 395 (고기동),경기 용인시 수지구 고기로 395 (고기동) 1층 103호 홈힐러아로마공방,용인시,37.241,127.1775,gyeonggi
천마빌딩 6층 604,"서울 강남구 학동로 402 (삼성동, 천마빌딩) 천마빌딩 6층 604-2호",강남구,37.5172,127.0473,seoul
"서울 종로구 돈화문로 지하 30 (묘동,","서울 종로구 돈화문로 지하 30 (묘동, 3호선 종로3가역) 장소는 요일마다 변경됩니다. / 정확한 주소지는 솜씨당 채팅으로 안내예정",종로구,37.573,126.9794,seoul
"서울 서초구 서초대로77길 17 (서초동, BLOCK77)","서울 서초구 서초대로77길 17 (서초동, BLOCK77) 11층",서초구,37.4837,127.0324,seoul
가운데 매장,서울 마포구 포은로8길 11 (망원동) 가운데 매장,마포구,37.5665,126.9018,seoul
달빛꽃  트레이닝 센터,"서울 서초구 방배로23길 14 (방배동, 영은빌딩) 지하1층 달빛꽃  트레이닝 센터",서초구,37.4837,127.0324,seoul
"서울 송파구 백제고분로 509 (방이동, 대종빌딩)","서울 송파구 백제고분로 509 (방이동, 대종빌딩) 1006호",송파구,37.5145,127.1066,seoul
그린나무공방,서울 마포구 동교로 57-4 (망원동) 그린나무공방,마포구,37.5665,126.9018,seoul
어프로미,서울 마포구 동교로30길 19 (동교동) 3층 어프로미,마포구,37.5665,126.9018,seoul
온라인 라이브 클래스 랜선 라이브 클래스,서울 성동구 왕십리로 115,성동구,37.5633682,127.0307057,seoul
서울 마포구 동교로 57-4 (망원동),"서울 마포구 동교로 57-4 (망원동) 201호 그린나무공방""(꼼작)",마포구,37.5665,126.9018,seoul
"인천 계양구 장제로 지하 875 (임학동, 임학역) 자세한 주소는 클래스 확정후 안내드립니다 :)","인천 계양구 장제로 지하 875 (임학동, 임학역) 자세한 주소는 클래스 확정후 안내드립니다 :)",계양구,37.4563,126.7052,incheon
송해아트홀,서울 구로구 경인로 611-17,구로구,37.4887986,126.8238616,seoul
온라인 수업,서울 마포구 동교로 57-4 (망원동) 온라인 수업,마포구,37.5665,126.9018,seoul
강동아트센터 소극장 드림 일대,서울 강동구 동남로 870 강동,강동구,37.5301,127.1238,seoul
추후 공지,경기 안산시 단원구 이삭6길 2,안산시,37.31289108035632,126.83928708588793,gyeonggi
인터미션,울산 중구 종가25길 20,중구,35.5883750046669,129.343146373623,ulsan
스페이스브릭,서울 마포구 서교동 상세주소 열기 길 ...,마포구,37.5550711,126.9238244,seoul
떼아뜨르 다락소극장,인천 중구 신포로27번길 3,중구,37.4728051,126.6225699,incheon
NOL씨어터 합정 동양생명홀,서울 마포구 양화로 45 메세나폴리스 2 층,마포구,37.5502395,126.9139625,seoul
현대카드 언더스테이지,서울 용산구 이태원로 246,용산구,37.5354583,126.9979045,seoul
공간222,서울 성북구 동소문동2가 상세주소 열기 길 ...,성북구,37.58839,127.00785,seoul
베리컴퍼니,경기 고양특례시 일산동구 위시티3로 52,,37.6766746,126.8143075,gyeonggi
홍해성,서울 종로구 동숭길,종로구,37.5834839,127.0038293,seoul
드림시어터,서울 종로구 대학로10길 15,종로구,37.58096,127.0051932,seoul
베리스페이스,서울 강남구 역삼동 상세주소 열기 길찾기 공유 예약 이미지수 9 베리굿스페이스자동 ...,강남구,37.49988,127.03856,seoul
옐레드 서초교대역점,서울 서초구 서초중앙로22길 107,서초구,37.4939224,127.019212,seoul
라움아트센터 4층 체임버홀,서울 강남구 언주로 564,강남구,37.5084489,127.0399002,seoul
극장 봄,서울 성북구 삼선교로 14,성북구,37.5900263,127.0130553,seoul
씨어터조이,서울 종로구 동숭동 상세주소 열기 길 ...,종로구,37.58096,127.0051932,seoul
옐레드 마곡점,서울 강서구 마곡중앙6로 45,강서구,37.5605219,126.8318333,seoul
한국소리터 지영희홀,경기 평택시 현덕면 평택호길 147,평택시,36.9214153092186,126.920797456952,gyeonggi
FEZH,서울 용산구 대사관로11길 41 ...,용산구,37.5355468,127.0017483,seoul
키자니아 서울점,서울 송파구 올림픽로 240,송파구,37.5111041,127.0982333,seoul
코리아보드게임즈,경기 파주시 탄현면 요풍길 10,파주시,37.8051491,126.7180566,gyeonggi
KD스키아카데미 렌탈샵,경기 이천시 마장면 지산로 134,이천시,37.2497263,127.3634125,gyeonggi
몬스터리움,경기 김포시 대곶면 대명항1로 52 가동 1,김포시,37.65206,126.57169,gyeonggi
안성맞춤아트홀 주민편의동 1층 전시실,경기 안성시 발화대길 21,안성시,36.9819923,127.2898982,gyeonggi
베고니아 새정원,경기 가평군 설악면 미사리로270번길 28 가,가평군,37.6575,127.5031,gyeonggi
카페 데쎄르룸,서울 강남구 봉은사로51길 13 (논현동),강남구,,,seoul
쿠키키쿠 베이킹스튜디오,"서울 광진구 아차산로21길 15 (화양동, 이화음악학원) 2층 쿠키키쿠 베이킹스튜디오",광진구,37.5385,127.0824,seoul
컬러온스튜디오,"서울 성동구 연무장길 76 (성수동2가, 성수 AK 밸리)",성동구,,,seoul
"서울 서초구 강남대로 359 (서초동, 대우도씨에빛2)","서울 서초구 강남대로 359 (서초동, 대우도씨에빛2) 19층 1905호",서초구,37.4837,127.0324,seoul
on네일 아이래쉬 3번룸,서울 강남구 강남대로152길 30 (신사동) on네일 아이래쉬 3번룸,강남구,37.5172,127.0473,seoul
"서울 서초구 잠원로 46-3 (잠원동, 이디엘)","서울 서초구 잠원로 46-3 (잠원동, 이디엘) 305호",서초구,37.4837,127.0324,seoul
감정선프로젝트 미술공방,서울 송파구 백제고분로45길 8 (송파동) 지하1층 감정선프로젝트 미술공방,송파구,37.5145,127.1066,seoul
"서울 마포구 독막로19길 30-7 (상수동, Blessvillage 블레스빌리지)","서울 마포구 독막로19길 30-7 (상수동, Blessvillage 블레스빌리지) 1층",마포구,37.5665,126.9018,seoul
서울 송파구 가락로30길 17 (송파동),"서울 송파구 가락로30길 17 (송파동) 102호, 티키티키베이크",송파구,37.5145,127.1066,seoul
BL_nk,"서울 강서구 마곡중앙6로 11 (마곡동, 보타닉파크타워3)",강서구,,,seoul
나비공방,서울 종로구 계동길 122-1 (계동) 1층 나비공방 상점,종로구,37.573,126.9794,seoul
로릭,서울 송파구 송파대로44길 3 (송파동) 1층 로릭,송파구,37.5145,127.1066,seoul
서울 종로구 동숭3길 6-2 (동숭동),서울 종로구 동숭3길 6-2 (동숭동) 1층,종로구,37.573,126.9794,seoul
서울 마포구 어울마당로 153-3 (동교동),서울 마포구 어울마당로 153-3 (동교동) 지하1층,마포구,37.5665,126.9018,seoul
서울 성동구 왕십리로16가길 10-30 (성수동1가),서울 성동구 왕십리로16가길 10-30 (성수동1가) 6층,성동구,37.5633,127.0371,seoul
A동상가,"인천 연수구 센트럴로 232 (송도동, 더샵센트럴파크1) A동상가 2층 206호 그림방앗간미술학원",연수구,37.4563,126.7052,incheon
지하1 감정선프로젝트,"서울 용산구 회나무로 7 (이태원동, 화신치과의원) 지하1 감정선프로젝트",용산구,37.5323,126.9906,seoul
지하 갈색문,서울 마포구 연남로11길 29 (연남동) 지하 갈색문,마포구,37.5665,126.9018,seoul
미학빌딩,서울 강남구 강남대로152길 17 (신사동) 미학빌딩 3층 302호,강남구,37.5172,127.0473,seoul
델라젬플라워,서울 마포구 월드컵북로7길 8 (서교동) 1층 델라젬플라워,마포구,37.5665,126.9018,seoul
서울 마포구 마포대로14길 5 (공덕동),서울 마포구 마포대로14길 5 (공덕동) 1층 104호 꽃집 데일리플레르,마포구,37.5665,126.9018,seoul
주드플라워,"서울 마포구 성미산로 116 (연남동, 펠릭스 빌딩) 1층 주드플라워",마포구,37.5665,126.9018,seoul
서울 마포구 성미산로29안길 19-7 (연남동),서울 마포구 성미산로29안길 19-7 (연남동) 지하1층,마포구,37.5665,126.9018,seoul
대치동974 상가동,"서울 강남구 삼성로68길 5 (대치동, 대치 주성아파트) 대치동974 상가동 1층 111호",강남구,37.5172,127.0473,seoul
서울 강남구 논현로 661 2F,서울 마포구 홍익로2길 7 (서교동) 2F,마포구,37.5665,126.9018,seoul
"서울 구로구 경인로 638 (신도림동, 신도림에스케이뷰)","서울 구로구 경인로 638 (신도림동, 신도림에스케이뷰) 211호 휴센트 스튜디오 (컬러챰)",구로구,37.4954,126.8874,seoul
527동 건물입니다.,"서울 송파구 송파대로 567 (잠실동, 잠실주공아파트) 527동 건물입니다.",송파구,37.5145,127.1066,seoul
서울 종로구 계동길 128 (계동),서울 종로구 계동길 128 (계동) 3층 301호,종로구,37.573,126.9794,seoul
RANAA PICK studio,서울 마포구 대흥로 186 (대흥동) 3층 RANAA PICK studio,마포구,37.5665,126.9018,seoul
"서울 마포구 양화로 지하 160 (동교동, 홍대입구역) 주소는 홍대역 주소입니다. [홍대/신촌역 혹은 건대] 부근 스튜디오에서 수업 합니다:) 상세 주소는 따로 안내 드려요!","서울 마포구 양화로 지하 160 (동교동, 홍대입구역) 주소는 홍대역 주소입니다. [홍대/신촌역 혹은 건대] 부근 스튜디오에서 수업 합니다:) 상세 주소는 따로 안내 드려요!",마포구,37.5665,126.9018,seoul
서울 강남구 역삼동 703-6 선릉역 도보 3분 이내,서울 강남구 언주로98길 32,강남구,37.5172,127.0473,seoul
"서울 성북구 동소문로 지하 102 (동선동4가, 성신여대입구역) 성신여대 입구역 부근 연습실","서울 성북구 동소문로 지하 102 (동선동4가, 성신여대입구역) 성신여대 입구역 부근 연습실",성북구,37.5891,127.0182,seoul
서울 강남구 논현로 661 1F,"서울 강남구 논현로 661 (논현동, KIRIN HILLS) 1F",강남구,37.5172,127.0473,seoul
오하운폴댄스,"서울 노원구 상계로1길 14-11 (상계동, 하이웰빙상가) 5층 오하운폴댄스",노원구,37.6542,127.0568,seoul
"서울 송파구 양재대로 지하 1231 (방이동, 올림픽공원역) 올림픽수영장","서울 송파구 양재대로 지하 1231 (방이동, 올림픽공원역) 올림픽수영장",송파구,37.5145,127.1066,seoul
"서울 강남구 강남대로124길 3-6 (논현동, 호은빌딩)","서울 강남구 강남대로124길 3-6 (논현동, 호은빌딩) 지하1층",강남구,37.5172,127.0473,seoul
서울 광진구 구의로 7 (구의동) 지하 1층,서울 광진구 구의로 7 (구의동) 지하 1층,광진구,37.5385,127.0824,seoul
리더플렉스 스카이 601호,"경기 고양시 덕양구 지정로 15 (지축동, 리더플렉스 스카이) 리더플렉스 스카이 601호 (지축역 도보 5분거리)",고양시,37.6584,126.832,gyeonggi
서울 송파구 백제고분로40길 19-23 (석촌동) 지하,서울 송파구 백제고분로40길 19-23 (석촌동) 지하,송파구,37.5145,127.1066,seoul
서울 동작구 사당로16가길 42 (사당동) 지하1층(상황에 따라 장소는 변경 될 수 있음),서울 동작구 사당로16가길 42 (사당동) 지하1층(상황에 따라 장소는 변경 될 수 있음),동작구,37.5124,126.9393,seoul
서울 관악구 관천로 71 (신림동),서울 관악구 관천로 71 (신림동) 201호,관악구,37.4784,126.9516,seoul
"서울 마포구 동교로 151 (서교동, 大同) 지하 1층","서울 마포구 동교로 151 (서교동, 大同) 지하 1층",마포구,37.5665,126.9018,seoul
경기 고양시 일산동구 산두로175번길 6-2 (정발산동) 지하 1층,경기 고양시 일산동구 산두로175번길 6-2 (정발산동) 지하 1층,고양시,37.6584,126.832,gyeonggi
서울 강동구 천중로48길 9-6 (길동) 3동,서울 강동구 천중로48길 9-6 (길동) 3동,강동구,37.5301,127.1238,seoul
사부작크래프트,서울 마포구 동교로38안길 8 (연남동) 3층 사부작크래프트,마포구,37.5665,126.9018,seoul
서울 COEX C홀,서울 강남구 영동대로 513 검색결과 더보기 인기글 페어리스 글로,강남구,37.5121558,127.0590436,seoul
P&F 씨어터,인천 중구 차이나타운로52번길 3,중구,37.475065,126.6181152,incheon
스튜디오D,서울 성북구 석관동 상세주소 열기 길 ...,성북구,37.60789,127.06116,seoul
돔(DOME)676,경기 하남시 미사대로 676 ...,하남시,37.578052,127.1766508,gyeonggi
현대유람선,"서울 영등포구 여의도한강공원길 231 , 여의도유람선터미널",영등포구,37.5264,126.8962,seoul
지산리조트 렌탈샵 그라운드 지산점,경기 이천시 마장면 지산로 216,이천시,37.2497263,127.3634125,gyeonggi
아일랜드캐슬,경기 이천시 마장면 지산로 216,이천시,37.2497263,127.3634125,gyeonggi
서울 영등포구 도림로 485-1 (문래동4가),서울 영등포구 도림로 485-1 (문래동4가) 2층,영등포구,37.5264,126.8962,seoul
원앤온 도자기공방,서울 동작구 사당로20길 26 (사당동) 1층 원앤온 도자기공방,동작구,37.5124,126.9393,seoul
갯모루양조,서울 강동구 상암로39길 93 (천호동) 1층 갯모루양조,강동구,37.5301,127.1238,seoul
가회민화박물관,서울 종로구 북촌로 52 (가회동) B1 가회민화박물관,종로구,37.573,126.9794,seoul
잎새의 향기 아로마공방,경기 고양시 일산동구 무궁화로187번길 17 (정발산동) 잎새의향기 아로마공방,고양시,37.6584,126.832,gyeonggi
서울 용산구 한강대로 177 (한강로1가),서울 용산구 한강대로 177 (한강로1가) 2층,용산구,37.5323,126.9906,seoul
"경기 하남시 미사강변중앙로 161 (망월동, 미사파크뷰)","경기 하남시 미사강변중앙로 161 (망월동, 미사파크뷰) 3층 302호",하남시,37.5556983,127.1923528,gyeonggi
서울 마포구 어울마당로 42 (서교동),서울 마포구 어울마당로 42 (서교동) 302호,마포구,37.5665,126.9018,seoul
오피스텔,"서울 마포구 마포대로 33 (도화동, 마포 한화 오벨리스크) 오피스텔 1804호",마포구,37.5665,126.9018,seoul
상가,서울 용산구 서빙고로 17 (한강로3가) 상가 1층 70호,용산구,37.5323,126.9906,seoul
디얼댄스,"서울 마포구 독막로19길 19 (상수동, 서궁빌딩) 4층 디얼댄스",마포구,37.5665,126.9018,seoul
올림픽 공원 장미광장,"서울 송파구 올림픽로 424 (방이동, 올림픽공원) 올림픽 공원 장미광장",송파구,37.5145,127.1066,seoul
원창실업 나동,서울 성동구 연무장길 49 (성수동2가) 원창실업 나동 3층 301호,성동구,37.5633,127.0371,seoul
서울 강동구 양재대로 1393 (성내동),서울 강동구 양재대로 1393 (성내동) 5층 520호,강동구,37.5301,127.1238,seoul
필라테스 그리다,서울 강남구 선릉로86길 28 (대치동) 4층 필라테스 그리다,강남구,37.5172,127.0473,seoul
환승바디,서울 강서구 공항대로45길 28 (등촌동) 3층 환승바디,강서구,37.5509,126.8497,seoul
서울예술인지원센터 프로젝트 룸,서울 종로구 동숭동 상세주소 열기 휠체어 출입 가능 길 ...,종로구,37.58096,127.0051932,seoul
킨텍스 제2전시장 9홀,경기 고양시 일산서구 킨텍스로 217-59,고양시,37.6791213,126.7578708,gyeonggi
티엘아이 아트센터,경기 성남시 중원구 양현로405번길 12,성남시,37.418024467721814,127.12753434024322,gyeonggi
라콤카페,서울 서초구 방배중앙로25길 19 (방배동) 1층 라콤카페,서초구,37.4837,127.0324,seoul
서울 동작구 상도로36길 5 (상도1동),서울 동작구 상도로36길 5 (상도1동) 3층 (7호선 상도역 2번출구에서 1분거리),동작구,37.5124,126.9393,seoul
경희대학교 국제캠퍼스(수원) 선승관,경기 용인시 기흥구 덕영대로 1732 ...,용인시,37.2424001,127.0813337,gyeonggi
서울 강남구 역삼로70길 17 (대치동),서울 강남구 역삼로70길 17 (대치동) 301호,강남구,37.5172,127.0473,seoul
그림라이트,서울 영등포구 당산로26길 7-1 (당산동3가) 1층 그림라이트,영등포구,37.5264,126.8962,seoul
서울 마포구 동교로 198 (동교동) _,서울 마포구 동교로 198 (동교동) _,마포구,37.5665,126.9018,seoul
"서울 강남구 테헤란로 지하 340 (삼성동, 선릉역) 선릉역 도보 1분거리(자세한 주소지는 채팅으로 안내드립니다)","서울 강남구 테헤란로 지하 340 (삼성동, 선릉역) 선릉역 도보 1분거리(자세한 주소지는 채팅으로 안내드립니다)",강남구,37.5172,127.0473,seoul
"서울 중구 퇴계로56길 26 (쌍림동, 대호빌딩)","서울 중구 퇴계로56길 26 (쌍림동, 대호빌딩) 102호 랩포터리",중구,37.5637,126.9975,seoul
서울 마포구 양화로8길 25-4 (서교동) (1층),서울 마포구 양화로8길 25-4 (서교동) (1층),마포구,37.5665,126.9018,seoul
미술공방 감정선 성수점,서울 성동구 상원길 44-1 (성수동1가) 2층 미술공방 감정선 성수점,성동구,37.5633,127.0371,seoul
두산빌라 가동,"서울 마포구 양화진길 61 (합정동, 두산빌라) 두산빌라 가동 101호",마포구,37.5665,126.9018,seoul
서울 마포구 동교로 262-5 (연남동),서울 마포구 동교로 262-5 (연남동) 지하1층,마포구,37.5665,126.9018,seoul
"경기 부천시 소사구 송내대로 32 (송내동, /)","경기 부천시 소사구 송내대로 32 (송내동, /) B01호",부천시,37.5034,126.766,gyeonggi
아트플랜트,"서울 마포구 월드컵북로4길 87 (동교동, 정원211빌딩) 지하1층 아트플랜트",마포구,37.5665,126.9018,seoul
내 위치,"서울 마포구 백범로 199 (신공덕동, 메트로디오빌) 내 위치",마포구,37.5665,126.9018,seoul
정희빌딩,서울 송파구 백제고분로7길 8-39 (잠실동) 정희빌딩 B1 [온폴댄스&PT 잠실새내점],송파구,37.5145,127.1066,seoul
"서울 강동구 천호대로175길 10 (길동, 청광플러스원큐브2차)","서울 강동구 천호대로175길 10 (길동, 청광플러스원큐브2차) 402호",강동구,37.5301,127.1238,seoul
"서울 강남구 선릉로82길 5 (대치동, 캥거루 빌딩) 지하 1층","서울 강남구 선릉로82길 5 (대치동, 캥거루 빌딩) 지하 1층",강남구,37.5172,127.0473,seoul
"서울 강동구 천중로 222 (길동, 정선빌딩)","서울 강동구 천중로 222 (길동, 정선빌딩) 201호",강동구,37.5301,127.1238,seoul
서울 마포구 서강로9길 59 (창전동),서울 마포구 서강로9길 59 (창전동) B1 3호,마포구,37.5665,126.9018,seoul
"서울 강남구 학동로1길 10 (논현동, 논현H빌딩)","서울 강남구 학동로1길 10 (논현동, 논현H빌딩) B1층",강남구,37.5172,127.0473,seoul
좋은목소리연구소,"서울 중구 다산로11길 25 (신당동, 오붕빌딩) 3층 좋은목소리연구소",중구,37.5637,126.9975,seoul
Music note 연습실,"서울 광진구 아차산로 207 (화양동, 선일빌딩) 3층, Music note 연습실",광진구,37.5385,127.0824,seoul
소극당 혜화당,"서울 종로구 대학로12길 63 , 석마빌딩 3층, 소극장 혜화당",종로구,37.573,126.9794,seoul
남이섬,경기 가평군 가평읍 북한강변로 1024,가평군,37.8039619138259,127.525366933316,gyeonggi
지산리조트 렌탈샵 그라운드,경기 이천시 마장면 지산로 216,이천시,37.2154044642033,127.352797360793,gyeonggi
"서울 송파구 잠실로 12 (잠실동, 잠신중학교) 1","서울 송파구 잠실로 12 (잠실동, 잠신중학교) 1",송파구,37.5145,127.1066,seoul
서울 성동구 뚝섬로7길 6 (성수동2가),서울 성동구 뚝섬로7길 6 (성수동2가) 3층,성동구,37.5633,127.0371,seoul
서울 용산구 한강대로62나길 2 (한강로1가),서울 용산구 한강대로62나길 2 (한강로1가) 2층,용산구,37.5323,126.9906,seoul
"서울 영등포구 여의대방로 383 (여의도동, 경도빌딩)","서울 영등포구 여의대방로 383 (여의도동, 경도빌딩) 323호 자연도자공방",영등포구,37.5264,126.8962,seoul
서울 성동구 연무장1길 18-1 (성수동2가) 2층 (한독고분자 위),서울 성동구 연무장1길 18-1 (성수동2가) 2층 (한독고분자 위),성동구,37.5633,127.0371,seoul
라오크리저브,서울 송파구 오금로16길 16 (송파동) 지하1층 라오크리저브,송파구,37.5145,127.1066,seoul
"인천 중구 모랫말로16번길 8 (운서동, 어반팰리스)","인천 중구 모랫말로16번길 8 (운서동, 어반팰리스) 102호 BELLE RAERA",중구,37.5637,126.9975,incheon
"서울 강서구 공항대로 164 (마곡동, 류마타워)","서울 강서구 공항대로 164 (마곡동, 류마타워) 10층 1008호 온도",강서구,37.5509,126.8497,seoul
클래스콕,"경기 고양시 덕양구 고양대로 1955 (동산동, 스타필드 고양) 스타필드 고양 3층 클래스콕 A룸",고양시,37.6584,126.832,gyeonggi
"경기 수원시 팔달구 인계로 120 (인계동, 스마트 타워)","경기 수원시 팔달구 인계로 120 (인계동, 스마트 타워) 11층 1113호",수원시,37.2636,127.0286,gyeonggi
전쟁기념관,서울 용산구 이태원로 29,용산구,37.5365,126.9771,seoul
수원화성박물관,경기 수원시 팔달구 창룡대로 21,수원시,37.2825,127.0195,gyeonggi
"경기 안양시 만안구 문예로52번길 19 (안양동, 서희아리채)",경기 안양시 만안구 문예로52번길 19 서희아리채,안양시,37.3854675,126.9346079,gyeonggi
룰루스튜디오,"서울 서초구 남부순환로350길 21 (양재동, 유진빌딩) 2층 룰루스튜디오",서초구,37.4837,127.0324,seoul
대불호텔전시관,인천 중구 신포로23번길 101,중구,37.4735648738435,126.619972592037,incheon
불국사,경북 경주시 불국로 385,,35.79,129.33222,gyeongbuk
와일드,"서울 중구 마른내로 47 , 명보아트홀 지하 1층",중구,37.5637,126.9975,seoul
라뮤제 베이크하우스,경기 수원시 영통구 권선로882번길 43-33 (신동),수원시,,,gyeonggi
충무아트센터,서울 중구 퇴계로 387,중구,37.5637,126.9975,seoul
미도도자기공방,경기 수원시 장안구 수원천로392번길 11-11,수원시,37.2888987000578,127.018751879525,gyeonggi
민림이네 베이킹,경기 수원시 팔달구 화서문로32번길 25-6 (신풍동),수원시,,,gyeonggi
꽃필로그,경기 수원시 팔달구 수원천로255번길 6,수원시,37.27723657210013,127.01860578675243,gyeonggi
Dp sound studio,정보 없음,,,,
JS아트홀,서울 종로구 동숭길 94,종로구,37.5824312810645,127.004347425046,seoul
양주문화예술회관 소공연장,경기 양주시 광적면 부흥로618번길 303,양주시,37.8131590096676,126.972299079877,gyeonggi
몸숨쉼정원,경기 수원시 영통구 광교중앙로248번길 7-2 원희캐슬광교 C동 214호,수원시,37.2910333,127.0666707,gyeonggi
et theatre 1 (이티 씨어터 원),서울 종로구 혜화로 17,종로구,37.5871495,126.9997939,seoul
세종문화회관,서울 종로구 세종대로 175,종로구,37.572594523923904,126.97577874563281,seoul
김대중컨벤션센터,광주 서구 상무누리로 30,서구,35.1464,126.8394,gwangju
CGV 피카디리1958 피카디리홀,서울 종로구 돈화문로5가길 1 피카디리플러스,종로구,37.5710523,126.9913004,seoul
세종대학교 대양홀,서울 광진구 능동로 209,광진구,37.5486727561126,127.074511116303,seoul
연세대학교 대강당,강원 원주시 흥업면 한라대길 28,,37.3036733740458,127.907799823966,gangwon
재즈클럽 그루브,서울 서초구 신반포로47길 52,서초구,37.5126583680703,127.018468391393,seoul
그루브뮤직스튜디오,서울 중랑구 동일로 711,중랑구,37.5940153964678,127.079918956118,seoul
스카이아트홀,서울 강서구 화곡로63길 65,강서구,37.5579769026158,126.84939856075309,seoul
K-POP STAGE,서울 마포구 와우산로21길 29,마포구,37.5522135177338,126.922439996039,seoul
구름아래소극장,서울 마포구 와우산로29가길 15,마포구,37.5541923618684,126.92855259799,seoul
해당없음(No information),정보 없음,,,,
공주문예회관,충남 공주시 고마나루길 5,,36.4601770026339,127.111721755751,chungnam
극단 빈 - 공간,서울 강남구 삼성로115길 38,강남구,37.5141479852964,127.049078846604,seoul
스페이스 브릭,서울 마포구 잔다리로 31,마포구,37.5512043681761,126.919696744088,seoul
안산(무악산),정보 없음,,,,
플랫폼74,서울 종로구 동숭길 74,종로구,37.5815320911279,127.004302087626,seoul
국립정동극장 세실,서울 중구 세종대로19길 16,중구,37.5667642080192,126.97590401119,seoul
오유아트홀,서울 강남구 남부순환로378길 34-9,강남구,37.4837356132787,127.046374781024,seoul
크레디아클래식클럽 STUDIO,서울 종로구 자하문로9길 8 B1,종로구,37.5795835,126.9706649,seoul
MUSEUM 209,서울 송파구 잠실로 209,송파구,37.51378608857594,127.10618804632004,seoul
아라아트센터,서울 종로구 대학로8가길 30,종로구,37.5822871744261,127.002558635851,seoul
블루마린 스쿠버 다이브,강원 양양군 현남면 안남애길 43,,37.9452432996917,128.785831591461,gangwon
수원청소년문화센터 온누리아트홀,경기 수원시 팔달구 권광로 293,수원시,37.273926880943,127.035209748826,gyeonggi
인천서구문화회관 소공연장,인천 서구 서달로 190,서구,37.5159779965578,126.679956452191,incheon
인천글로벌캠퍼스 대강당,인천 연수구 송도문화로 119-1,연수구,37.3749726675717,126.666638068701,incheon
세종국악당,경기 여주시 영릉로 125,여주시,37.2974441938121,127.624675887028,gyeonggi
킨텍스 제 1전시장 1홀,경기 고양시 일산서구 킨텍스로 217-60,고양시,37.670005424922365,126.74662410909093,gyeonggi
일산 킨텍스 2전시장 7홀,경기 고양시 일산서구 킨텍스로 217-59,고양시,37.6642484658635,126.74342487841,gyeonggi
한복남 한국민속촌,경기 용인시 기흥구 민속촌로 90,용인시,37.258663570051255,127.11816127880908,gyeonggi
전쟁기념관 로비에서 체험 시작 10분 전에 만납니다.,전쟁기념관 로비에서 체험 시작 10분 전에 만납니다.,,,,
인천 대불호텔전시관 앞 입구,인천 중구 신포로23번길 101,중구,37.4735699,126.6199683,incheon
세종대왕 동상,경기 여주시 홍문동,여주시,37.2885890745598,127.634138555981,gyeonggi
부산해양자연사박물관,부산 동래구 우장춘로 175,,35.2218081163841,129.075839921274,busan
불국사 정문 앞,경북 경주시 진현동,,35.7886,129.3394,gyeongbuk
"★오전과 오후 만나는 장소가 다르니 반드시 안내사항을 확인하시기 바랍니다.★

오전(09~12시):석굴암(일주문 옆 세계유산 표지석)
오후(13~16시):불국사 정문(세계유산 표지석)","★오전과 오후 만나는 장소가 다르니 반드시 안내사항을 확인하시기 바랍니다.★

오전(09~12시):석굴암(일주문 옆 세계유산 표지석)
오후(13~16시):불국사 정문(세계유산 표지석)",,,,
수원화성박물관 중앙,경기 수원시 팔달구 창룡대로 21 수원화성박물관,수원시,37.2826896,127.018934,gyeonggi
서울 마포구 와우산로11길 9-10 (상수동),서울 마포구 와우산로11길 9-10 2층 카페 엣지,마포구,37.5484679,126.9222678,seoul
서울 마포구 백범로 34 (신수동),서울 마포구 백범로 34 2층,마포구,37.551679,126.9373232,seoul
펫푸드스쿨,인천 부평구 장제로 196 (부평동),부평구,,,incheon
다이아몬드릴리,서울 강남구 선릉로 711 (논현동) 1층 다이아몬드릴리,강남구,37.5172,127.0473,seoul
서울 마포구 동교로 53-1 (망원동),정보 없음,마포구,37.5665,126.9018,seoul
서울 마포구 와우산로22길 72 (상수동),정보 없음,마포구,37.5665,126.9018,seoul
"서울 관악구 남부순환로 1808 (봉천동, 관악센츄리타워)",정보 없음,관악구,37.4784,126.9516,seoul
베로니스,정보 없음,성북구,37.5891,127.0182,seoul
서울 송파구 송파대로44길 3 (송파동),서울 송파구 송파대로44길 3 (송파동),송파구,37.5067291,127.1065439,seoul
홍대반지만들기공방,정보 없음,마포구,37.5665,126.9018,seoul
포포문,서울 동대문구 고산자로36길 3 경동시장 신관 3층 청년몰 70123호 포포문,동대문구,37.5792013,127.0388331,seoul
뮤즈포터리,정보 없음,마포구,37.5665,126.9018,seoul
claridad,정보 없음,영등포구,37.5264,126.8962,seoul
솔메공방,정보 없음,마포구,37.5665,126.9018,seoul
후후라운지,정보 없음,관악구,37.4784,126.9516,seoul
서울 마포구 와우산로27길 23 (서교동),정보 없음,마포구,37.5665,126.9018,seoul
"서울 종로구 율곡로6길 23 (운니동, 주원빌딩)",정보 없음,종로구,37.573,126.9794,seoul
IKI 이키,정보 없음,영등포구,37.5264,126.8962,seoul
"서울 강남구 논현로63길 16 (역삼동, 강남서해그랑블)",정보 없음,강남구,37.5172,127.0473,seoul
카페일이오공,정보 없음,,,,
유화월,정보 없음,영등포구,37.5264,126.8962,seoul
서울 마포구 홍익로2길 7 (서교동),정보 없음,마포구,37.5665,126.9018,seoul
나혜석옛길 골목 초입,정보 없음,수원시,37.2636,127.0286,gyeonggi
서울 마포구 월드컵로3길 31-8 (합정동),정보 없음,마포구,37.5665,126.9018,seoul
서울 용산구 이태원로20가길 1 (이태원동),서울 용산구 이태원로20가길 1 (이태원동),용산구,37.5336365,126.9923227,seoul
"서울 강서구 곰달래로 188 (화곡동, 소강빌)",정보 없음,강서구,37.5509,126.8497,seoul
경기 고양시 일산동구 율천로8번길 8-6 (마두동),정보 없음,고양시,37.6584,126.832,gyeonggi
"서울 성동구 성수이로 39 (성수동2가, 비호체육관)",정보 없음,성동구,37.5633,127.0371,seoul
젬스빌딩 1층 시디즈 더 프로그레시브 송파,정보 없음,송파구,37.5145,127.1066,seoul
서울 중구 마른내로 42-1 (초동),정보 없음,중구,37.5637,126.9975,seoul
미술교습소,서울 마포구 월드컵로3길 31-8 ...,마포구,37.5665,126.9018,seoul
"서울 마포구 양화로 156 (동교동, LG팰리스빌딩)",정보 없음,마포구,37.5665,126.9018,seoul
Ordinary One,정보 없음,성북구,37.5891,127.0182,seoul
키토스,대구 남구 장전3길 134,,35.8425096360063,128.578229475201,daegu
마리에 플라워 스튜디오,서울 강남구 언주로134길 31,강남구,37.5197,127.0345,seoul
파밀리아플라워&까페,정보 없음,김포시,,,gyeonggi
"서울 성북구 보문로34가길 5 (동선동3가, 동진빌딩)",정보 없음,성북구,37.5891,127.0182,seoul
영빌딩,정보 없음,강남구,37.5172,127.0473,seoul
오피스A동 20층 패스트파이브,정보 없음,영등포구,37.5264,126.8962,seoul
라엘나스튜디오#사무실이 2개라서 필히!!! 수업전 주소확인 채팅문자 확인부탁드립니다.,정보 없음,영등포구,37.5264,126.8962,seoul
경기 광주시 곤지암읍 평촌길 12-97,경기 광주시 곤지암읍 평촌길 12-97,광주시,37.359445454876,127.322600318206,gyeonggi
서울 마포구 와우산로 63 (서교동),정보 없음,마포구,37.5665,126.9018,seoul
서울 송파구 송파대로49길 53 (석촌동),서울 송파구 송파대로49길 53 (석촌동),송파구,37.5058895,127.099076,seoul
코너브루,정보 없음,관악구,37.4784,126.9516,seoul
효서빌딩,정보 없음,서초구,37.4837,127.0324,seoul
"서울 성동구 고산자로 308 (마장동, 동남빌딩) (주소 변동)",정보 없음,성동구,37.5633,127.0371,seoul
"서울 마포구 양화로 지하 160 (동교동, 홍대입구역) 대관 후 연락 드릴 예정입니다",정보 없음,마포구,37.5665,126.9018,seoul
서울 동작구 사당로16가길 42 (사당동),정보 없음,동작구,37.5124,126.9393,seoul
GS25건물,정보 없음,강서구,37.5509,126.8497,seoul
"수업 장소는 수강 확정 후 대관하여, 수강 1일 전까지 안내드립니다. 😊",정보 없음,동작구,37.5124,126.9393,seoul
서울 마포구 동교로 192-1 (동교동) 지하 1층,정보 없음,마포구,37.5665,126.9018,seoul
"서울 강서구 양천로75길 50 (염창동, 대운빌딩)",정보 없음,강서구,37.5509,126.8497,seoul
"부산 부산진구 가야대로 754 (부전동, 한솔폴라리스)","부산 부산진구 가야대로 754 (부전동, 한솔폴라리스)",,35.1571237,129.0538825,busan
사주타로상담소,정보 없음,중구,37.5637,126.9975,seoul
아트아뜰리에,정보 없음,성동구,37.5633,127.0371,seoul
모두의요리아카데미,정보 없음,수원시,37.2636,127.0286,gyeonggi
영등포시장역 2번 출구에서 도보 15초,정보 없음,영등포구,37.5264,126.8962,seoul
서울 노원구 한글비석로52길 34 (상계동) 지하 1층,정보 없음,노원구,37.6542,127.0568,seoul
서울 영등포구 여의대방로 149 (신길동),정보 없음,영등포구,37.5264,126.8962,seoul
cassettestudio,정보 없음,마포구,37.5665,126.9018,seoul
이지드럼,정보 없음,수원시,37.2636,127.0286,gyeonggi
루카스스튜디오,정보 없음,마포구,37.5665,126.9018,seoul
우측 1층 (예술심리상담센터 너를 기억해),정보 없음,마포구,37.5665,126.9018,seoul
송정빌딩,정보 없음,강서구,37.5509,126.8497,seoul
서울숲,정보 없음,성동구,37.5633,127.0371,seoul
아포에르카페,정보 없음,용인시,37.241,127.1775,gyeonggi
하이마트 고전음악감상실,정보 없음,중구,37.5637,126.9975,seoul
"서울 마포구 양화로 133 (서교동, 서교타워)",정보 없음,마포구,37.5665,126.9018,seoul
달빛꽃,서울 서초구 방배로23길 14 지하1층,서초구,37.4878,126.9894,seoul
구로꿈나무극장,서울 구로구 구로동로26길 54,구로구,37.4895532,126.8863214,seoul
서교스퀘어,서울 마포구 양화로 72 효성해링턴타워 지하1~2층,마포구,37.5508021,126.9167159,seoul
라이브홀 문래재즈IN,서울 영등포구 도림로 475 지하공연장,영등포구,37.516139,126.8906685,seoul
KT＆G 상상마당 홍대 라이브홀,서울 마포구 어울마당로 65 상상마당빌딩,마포구,37.5509494,126.9210617,seoul
SA HALL,서울 종로구 동숭길 145,종로구,37.5831961,127.0022771,seoul
홍대 BENDER,서울 마포구 와우산로14길 4 지하1층,마포구,37.5500388,126.9234072,seoul
창조소극장,서울 종로구 창경궁로 259 2층,종로구,37.5845619,127.0000597,seoul
제이원씨어터,서울 종로구 창경궁로34길 18-12 지하1층,종로구,37.5842078,127.0004625,seoul
서울 강남 일대,서울 강남구 강남대로102길 25,강남구,37.5027186,127.0274601,seoul
대학로 한성아트홀,서울 종로구 창경궁로 254,종로구,37.5837171,126.9998884,seoul
온맘씨어터,서울 마포구 어울마당로 94-8 지하 1층,마포구,37.5531377,126.9222119,seoul
삼일로창고극장,서울 중구 삼일대로9길 12,중구,37.5634811,126.9880165,seoul
두산아트센터 연강홀,서울 종로구 종로33길 15,종로구,37.5717079,127.0011948,seoul
동숭무대소극장,서울 종로구 혜화로 35,종로구,37.588808,126.9992607,seoul
더줌아트센터,서울 용산구 독서당로 111 더줌아트센터,용산구,37.5357568,127.0070856,seoul
흰물결아트센터 화이트홀,서울 서초구 반포대로 150 흰물결아트센터 B1층,서초구,37.4934172,127.0072945,seoul
신영체임버홀,서울 영등포구 국제금융로8길 16 신영증권빌딩 1층,영등포구,37.5212906,126.9289049,seoul
푸르지오아트홀,서울 구로구 경인로 661,구로구,37.5094195,126.8877239,seoul
부평아트센터 달누리 극장,인천 부평구 아트센터로 166,부평구,37.4823485,126.7047681,incheon
파주 운정행복센터,경기 파주시 와석순환로 415,파주시,37.7242065,126.7513155,gyeonggi
고양종합운동장 주경기장,경기 고양시 일산서구 중앙로 1601 고양시종합운동장,고양시,37.6764625,126.7430695,gyeonggi
수원컨벤션센터,경기 수원시 영통구 광교중앙로 140,수원시,37.2858727,127.0592378,gyeonggi
안산대학교 강석봉기념관,경기 안산시 상록구 안산대학로 155,안산시,37.3093362,126.8780713,gyeonggi
인스파이어컬쳐홀,경기 화성시 동탄첨단산업1로 27 금강펜테리움IX타워 C동 422호,화성시,37.2109757,127.0895601,gyeonggi
다산아트홀,경기 남양주시 다산중앙로 7 다산아트홀,남양주시,37.6140187,127.1553279,gyeonggi
아트센터인천 다목적홀,인천 연수구 아트센터대로 222,연수구,37.3934862,126.626308,incheon
TLi아트센터,경기 성남시 중원구 양현로405번길 12 2층 티엘아이 아트센터,성남시,37.417989,127.1275696,gyeonggi
원주 백운아트홀,강원 원주시 시청로 1 원주시청,,37.3415128,127.9194157,gangwon
강릉원주대학교 해람문화관,강원 강릉시 죽헌길 7,,37.7708296,128.8714195,gangwon
춘천인형극장,강원 춘천시 영서로 3017,,37.9215814,127.7202116,gangwon
속초문화예술회관 대공연장,강원 속초시 번영로 155,,38.212676,128.5884379,gangwon
춘천문화예술회관,강원 춘천시 효자상길5번길 13,,37.8726427,127.7293318,gangwon
원주 치악예술관,강원 원주시 서원대로 331,,37.3354579,127.944581,gangwon
강원대학교 백령아트센터,강원 춘천시 강원대학길 1,,37.8670784,127.7401498,gangwon
소극장 쇠내골,충북 청주시 상당구 단재로 28 A동 2층,,36.6258525,127.4927166,chungbuk
청주아트홀,충북 청주시 서원구 사직대로 227,,36.636957,127.469375,chungbuk
충주시문화회관,충북 충주시 중앙로 128,,36.9706349,127.9371956,chungbuk
청주 CJB미디어센터 에덴아트홀,충북 청주시 서원구 1순환로 854 CJB미디어센터,,36.6204802,127.4672725,chungbuk
소명아트홀,충북 청주시 상당구 중앙로 30 2층,,36.6396982,127.488899,chungbuk
김종구아트홀,충북 충주시 동량면 용족길 12-14,,37.0277073,127.9400715,chungbuk
창작극단 하다,충북 충주시 국원대로 46 2층,,36.9760483,127.9262659,chungbuk
음성생활문화예술공간 소극장하다,충북 음성군 음성읍 예술로 102,,36.9314932,127.6805855,chungbuk
대전한밭대학교 아트홀,대전 유성구 학하로 104 503호,,36.3423522,127.3065564,daejeon
대전평송청소년문화센터,대전 서구 둔산대로 201,서구,36.3658405,127.3918406,daejeon
BOK아트센터,세종 국책연구원3로 12,,36.4923681,127.3032635,sejong
충남 문화예술회관,충남 천안시 동남구 성남면 종합휴양지로 185,,36.7560811,127.2252896,chungnam
충남도청 문예회관,충남 홍성군 홍북읍 충남대로 21,,36.659249,126.6729079,chungnam
우송예술회관,대전 동구 동대전로 171,동구,36.3363819,127.4461821,daejeon
대전 상상아트홀,대전 중구 대종로505번길 28 상상아트홀,중구,36.3288038,127.4234642,daejeon
보령문화의전당 대강당,충남 보령시 대흥로 63,,36.3507282,126.5903957,chungnam
서산문화원,충남 서산시 부춘공원2로 11 서산문화원,,36.7868354,126.4489511,chungnam
런던스테이지,서울 종로구 인사동길 34-1 지하2층 엠스테이지,종로구,37.5738627,126.9856312,seoul
뮤지컬식당 스마일떡볶이,대전 중구 중앙로130번길 35 5층 스마일떡볶이,중구,36.3266235,127.4251507,daejeon
당진문예의전당 대공연장,충남 당진시 무수동2길 25-21 전시관,,36.8904801,126.638067,chungnam
아산시 평생학습관 아산아트홀,충남 아산시 남부로 92,,36.7709276,126.992197,chungnam
JB소극장,충남 천안시 동남구 각원사길 114-8,,36.8290993,127.1843226,chungnam
드림아트홀,대전 중구 선화서로 2 B1층,중구,36.3244289,127.4203936,daejeon
충남대학교 정심화홀,대전 유성구 대학로 99,,36.362876,127.3463602,daejeon
대전컨벤션센터 제2전시장,대전 유성구 엑스포로 87,,36.3751148,127.3890654,daejeon
대전음악창작소,대전 중구 대흥로175번길 25 홍명프리존,중구,36.3264,127.4304194,daejeon
대전컨벤션센터 제1전시장,"대전 유성구 엑스포로 107 , 1층",,36.3752259,127.3918896,daejeon
아신극장,"대전 중구 대종로 458 2층, 3층",중구,36.3255447,127.4279048,daejeon
이수아트홀,대전 서구 문정로 78 정우빌딩 지하1층,서구,36.3464657,127.3878797,daejeon
수성아트피아,대구 수성구 무학로 180,,35.8295776,128.6285325,daegu
포항시청 문화동 대잠홀,경북 포항시 남구 시청로 1,,36.0185027,129.3434581,gyeongbuk
대백프라자 10층 프라임홀,대구 중구 명덕로 333,중구,35.8557076,128.6061395,daegu
경주 서라벌 문화회관 대강당,경북 경주시 금성로 236 서라벌문화회관,,35.8388155,129.2078667,gyeongbuk
강동문화복지회관 천생아트홀,경북 구미시 인동가산로 392,,36.0900963,128.4546099,gyeongbuk
김천시립문화회관,경북 김천시 김천로 200,,36.1187435,128.1221109,gyeongbuk
대구 청소년수련원,대구 달서구 앞산순환로 180,서구,35.8203237,128.55345,daegu
아양아트센터 아양홀,대구 동구 효동로2길 24 아양아트센터,동구,35.8794014,128.6522348,daegu
대구어린이세상 꾀꼬리극장,대구 수성구 동대구로 176 대구어린이세상 꾀꼬리극장,,35.8471076,128.6279422,daegu
안동시민회관 낙동홀,경북 안동시 퇴계로 115 안동시청,,36.5682613,128.7285323,gyeongbuk
계명아트센터,대구 달서구 달구벌대로 1035,서구,35.8538969,128.4907227,daegu
포항문화예술회관 대공연장,경북 포항시 남구 희망대로 850 문화예술회관,,36.0095932,129.3660379,gyeongbuk
천마아트센터,경북 경산시 대학로 280,,35.8320971,128.7532411,gyeongbuk
달성문화원,대구 달성군 현풍읍 현풍동로 92 달성문화원,,35.6989009,128.4519999,daegu
엑스코 서관 1홀,대구 북구 엑스코로 10 (산격동),,35.9070355,128.6124813,daegu
엑스코 동관,대구 북구 유통단지로 110,,35.9078406,128.61408,daegu
대구문화예술회관,대구 달서구 공원순환로 201,서구,35.8451461,128.5599107,daegu
엑스코 컨벤션홀,대구 북구 엑스코로 10,,35.9071678,128.6130954,daegu
호텔인터불고 대구 컨벤션홀,정보 없음,,,,
대구 엑스코 오디토리움,"대구 북구 유통단지로 87 90, 대구전시컨벤션센터",,35.9077819,128.612721,daegu
경북대학교 대강당,대구 북구 대학로 80,,35.892765,128.6107023,daegu
라이브홀 락왕,대구 중구 명덕로 111,중구,35.8568804,128.5824119,daegu
구미강동문화복지회관 봉두아트홀,경북 구미시 인동가산로 392,,36.0901373,128.4546949,gyeongbuk
아트플러스씨어터,대구 중구 동성로3길 89,중구,35.8693079,128.5981728,daegu
송죽씨어터,대구 중구 교동길 15 송죽빌딩 2F,중구,35.8733159,128.5954656,daegu
문화예술전용극장 CT,대구 중구 중앙대로 394 제일빌딩 B1,중구,35.8683197,128.594002,daegu
여우별아트홀,대구 중구 동성로3길 35 . 4층,중구,35.8669331,128.5972927,daegu
아트벙커,경기 부천시 오정구 삼작로 53 부천아트벙커 B39,부천시,37.5218952,126.7676575,gyeonggi
대백레오문화홀,대구 중구 명덕로 333 대백프라자 5층 대백레오문화홀,중구,35.8559577,128.6064938,daegu
대구오페라하우스,대구 북구 호암로 15 대구오페라하우스,,35.8834653,128.5922332,daegu
대구콘서트하우스,대구 중구 태평로 141 대구콘서트하우스,중구,35.8760591,128.5936974,daegu
스테이지 M,서울 종로구 인사동길 34-1 지하2층 엠스테이지,종로구,37.5738627,126.9856312,seoul
어연히하우스,경기 평택시 청원로 380-38,평택시,37.046606,126.9730894,gyeonggi
포항문화예술회관 소공연장,경북 포항시 남구 희망대로 850 문화예술회관,,36.0097995,129.3653607,gyeongbuk
비원뮤직홀 공연장,대구 서구 달서천로 374 비원뮤직홀,서구,35.8830133,128.5746473,daegu
양산 쌍벽루아트홀,경남 양산시 신기강변로 26,,35.3500216,129.0341248,gyeongnam
울산문화예술회관 소공연장,울산 남구 번영로 200,,35.5428734,129.327019,ulsan
창원 3·15아트홀,정보 없음,,,,
해운대문화회관 해운홀,부산 해운대구 양운로 97,,35.1711936,129.1739028,busan
부산 동래문화회관,부산 동래구 문화로 80 동래문화회관,,35.2119289,129.0905606,busan
진해문화센터,경남 창원시 진해구 천자로 103 진해야외공연장,,35.1427636,128.6907036,gyeongnam
울산중구문화의전당 함월홀,정보 없음,중구,37.5637,126.9975,seoul
경상국립대학교 칠암캠퍼스 본관 2층 대강당,경남 진주시 동진로 33 경상국립대학교 칠암캠퍼스,,35.1810114,128.0939071,gyeongnam
KBS부산홀,부산 수영구 수영로 429 KBS부산방송총국,,35.1451739,129.108575,busan
김해장유문화센터 공연장,경남 김해시 대청로176번길 7 장유도서관,,35.1913769,128.7968832,gyeongnam
칠암도서관 공연장,경남 김해시 활천로285번길 14 칠암문화센터,,35.2443967,128.9104062,gyeongnam
금정문화회관 은빛샘홀,부산 금정구 체육공원로 7 금정문화회관(소공연장),,35.246196,129.0942315,busan
울산문화예술회관 대공연장,울산 남구 번영로 200,,35.5427866,129.3274149,ulsan
HD아트센터 대공연장,울산 동구 명덕로 10 HD아트센터,동구,35.522841,129.4317087,ulsan
부산시민회관,부산 동구 자성로133번길 16 부산시민회관,동구,35.1389639,129.0654511,busan
기장군청 차성아트홀,부산 기장군 기장읍 기장대로 560,,35.2445499,129.2226838,busan
경상남도문화예술회관 대공연장,경남 거제시 장승로 145 거제문화예술회관,,34.8671156,128.7231391,gyeongnam
벡스코,부산 해운대구 APEC로 55,,35.1690789,129.1334425,busan
KBS 창원홀,경남 창원시 성산구 중앙대로 178,,35.228798,128.6851429,gyeongnam
창원 성산아트홀,경남 창원시 성산구 중앙대로 181,,35.229387,128.6831192,gyeongnam
창원 3.15아트센터,경남 창원시 마산회원구 삼호로 135 3.15아트센터,,35.2254105,128.5779867,gyeongnam
거제문화예술회관,경남 거제시 장승로 145 거제문화예술회관,,34.8669399,128.7232609,gyeongnam
영화의전당 하늘연극장,부산 남구 수영로298번길 41 금호빌딩 지하1층,,35.1351432,129.1000311,busan
경남문화예술회관 대공연장,경남 진주시 강남로 215 경남문화예술회관,,35.1870304,128.092021,gyeongnam
유에코(울산전시컨벤션센터),정보 없음,,,,
창원컨벤션센터,경남 창원시 성산구 원이대로 362 창원컨벤션센터,,35.2382008,128.6571599,gyeongnam
김해문화의전당 마루홀,경남 김해시 김해대로 2060 김해문화의전당,,35.2438067,128.8694061,gyeongnam
드림씨어터,부산 남구 전포대로 133,,35.1485546,129.0653848,busan
부산문화회관,부산 남구 유엔평화로76번길 1 부산문화회관,,35.1269634,129.0944004,busan
KBS울산홀,울산 남구 번영로 212 한국방송공사,,35.544746,129.3265748,ulsan
경성대학교 콘서트홀,부산 남구 수영로 309,,35.1377167,129.0982207,busan
금사락,부산 금정구 개좌로 162,,35.2259552,129.1183156,busan
부산 해바라기,부산 남구 용소로13번길 30 대명빌딩 부산 해바라기소극장,,35.1367693,129.1022654,busan
가온아트홀,부산 동구 자성로133번길 10 천일고속빌딩 지하1층,동구,35.1380834,129.0649569,busan
아르디ys아트홀,경남 양산시 물금읍 증산역로 163 재승프라자 3층 301호,,35.3094949,129.0077204,gyeongnam
사랑새아트홀,경남 창원시 성산구 용지로169번길 11-26 3층 사랑새아트홀,,35.2297216,128.6801443,gyeongnam
어댑터씨어터,부산 수영구 광남로 102,,35.1508975,129.1154594,busan
BNK부산은행조은극장,부산 중구 구덕로34번길 4 뉴남포빌딩 3층,중구,35.0982936,129.0322801,busan
통영국제음악당 콘서트홀,경남 통영시 큰발개1길 38,,34.8261975,128.440194,gyeongnam
통영국제음악당 블랙박스,경남 통영시 큰발개1길 38 통영국제음악당,,34.8262026,128.4393398,gyeongnam
첼리스트의 서재,부산 해운대구 송정광어골로 76 4층,,35.1748239,129.1960286,busan
해운대문화회관 고운홀,부산 해운대구 양운로 97 해운대 문화회관,,35.1712093,129.1741316,busan
밀양아리랑아트센터 소공연장,경남 밀양시 밀양대공원로 112,,35.5043359,128.7584718,gyeongnam
F1963 석천홀,부산 수영구 구락로123번길 20,,35.1767555,129.114693,busan
한국소리문화의전당 연지홀,전북 전주시 덕진구 소리로 31 소리문화전당,,35.8560404,127.1379,jeonbuk
덕진예술회관,전북 전주시 덕진구 권삼득로 407,,35.8478618,127.1196089,jeonbuk
전주학생교육문화관 공연장,전북 전주시 덕진구 안덕원로 71,,35.829028,127.1375951,jeonbuk
전북대학교 삼성문화회관,전북 전주시 덕진구 권삼득로 290,,35.8433987,127.1300625,jeonbuk
익산 솜리문화예술회관 중공연장,전북 익산시 선화1로 106,,35.9389776,126.9682118,jeonbuk
정읍 연지아트홀,전북 정읍시 중앙로 73,,35.5703881,126.8490021,jeonbuk
더 뮤지션,전북 전주시 완산구 전주객사3길 35 2층,,35.818705,127.1421903,jeonbuk
한국소리문화의전당 모악당,전북 전주시 덕진구 덕진동1가 산1-1,,35.8560904,127.1385,jeonbuk
한해랑아트홀,전북 전주시 완산구 홍산중앙로 13 돌핀빌딩 3층 한해랑아트홀,,35.8148782,127.1087118,jeonbuk
김영오아트센터,전북 전주시 완산구 홍산북로 23-9 그레이스빌딩 5층,,35.8181293,127.1043019,jeonbuk
한국소리문화의전당 명인홀,전북 전주시 덕진구 소리로 31 소리문화전당,,35.8546706,127.1393274,jeonbuk
빛고을시민문화관,광주 남구 천변좌로338번길 7,,35.1480269,126.9087397,gwangju
광양시문화예술회관 대공연장,전남 광양시 광양읍 향교길 9-30 광양문화예술회관,,34.9799965,127.5875333,jeonnam
광주5.18기념문화센터 민주홀,광주 서구 상무민주로 61,서구,35.1582556,126.8576423,gwangju
광산문화예술회관,광주 광산구 광산로68번길 13,,35.140532,126.7992499,gwangju
GS칼텍스 예울마루,전남 여수시 예울마루로 100,,34.7506153,127.6654125,jeonnam
목포시민문화체육센터 소공연장,전남 목포시 부주로 312,,34.8121917,126.4380624,jeonnam
광주디자인진흥원 이벤트홀,광주 북구 첨단과기로176번길 27 광주디자인진흥원,,35.2238349,126.846575,gwangju
조선대학교 해오름관,"광주 동구 필문대로 308 309, 조선대학교",동구,35.1408027,126.9330053,gwangju
국립아시아문화전당 문화정보원 극장3,광주 동구 문화전당로 38,동구,35.1460589,126.9210322,gwangju
상무지구 기분좋은극장,광주 서구 상무중앙로 90 대교빌딩 7층 (우리은행 상무지점 건물),서구,35.1548588,126.8488892,gwangju
제주대학교 아라뮤즈홀,제주 제주시 제주대학로 102 아라뮤즈홀,,33.4538617,126.5596254,jeju
김정문화회관,제주 서귀포시 김정문화로 36,,33.2510685,126.5086639,jeju
제주 설문대여성문화센터,제주 제주시 선덕로8길 12 설문대여성문화센터,,33.4844528,126.5002259,jeju
제주문예회관,제주 서귀포시 태평로 270,,33.2463055,126.5506931,jeju
애월뮤직팩토리,제주 제주시 애월읍 엄수로 63 1층,,33.4702879,126.3811158,jeju
제주 호은아트센터,제주 제주시 월평9길 2-19,,33.4723411,126.5812632,jeju
보광극장,서울 용산구 장문로19길 4 지하 보광극장,용산구,37.5260984,126.9977626,seoul
스페이스T,서울 마포구 양화로8길 16-4 7층 스페이스T,마포구,37.549931,126.9159811,seoul
삼척문화예술회관 대공연장,강원 삼척시 엑스포로 45,,37.4381821,129.1602791,gangwon
카페 플레이리스트,서울 중랑구 봉우재로2길 3 1층 플레이리스트 카페,중랑구,37.589233,127.0743225,seoul
문화공간 아이원,서울 금천구 시흥대로 167 2층,금천구,37.4488332,126.902392,seoul
더현대서울 6층 ALT.1,서울 영등포구 여의대로 108,영등포구,37.5258242,126.9284413,seoul
반얀트리 서울 오아시스 아이스링크,서울 중구 장충단로 60,중구,37.5506051,127.0029308,seoul
스몹 고양,경기 고양시 덕양구 고양대로 1955 4F,고양시,37.6460425,126.8927294,gyeonggi
스몹 수원,경기 수원시 장안구 수성로 175 스타필드수원 7층,수원시,37.287784,126.9918942,gyeonggi
스몹 하남,경기 하남시 미사대로 750 스타필드 하남 4층,하남시,37.5452907,127.2255609,gyeonggi
참소리축음기＆에디슨과학박물관,정보 없음,,,,
강원 화천군 화천읍,강원 화천군 화천읍,,38.1062,127.7082,gangwon
롯데칠성 강릉공장,강원 강릉시 관솔길 7,,37.7414013,128.8710375,gangwon
빙하미술관,강원 원주시 지정면 구재로 66,,37.3938565,127.7891722,gangwon
춘천 애니메이션박물관,강원 춘천시 서면 박사로 854 애니메이션박물관,,37.8930335,127.6918678,gangwon
더다이브(The Dive),서울 용산구 이태원로27가길 37 지하1층,용산구,37.5348381,126.9930717,seoul
통나무래프팅,강원 영월군 영월읍 동강로 100,,37.1916846,128.5018026,gangwon
한마음래프팅,강원 영월군 영월읍 동강로 486,,37.2172005,128.522895,gangwon
스카이랜드,충북 단양군 단양읍 수변로 65 1층,,36.9812481,128.3706213,chungbuk
패러명가,충북 단양군 가곡면 두산길 262 2호,,37.0023032,128.4006455,chungbuk
청주 와우주,정보 없음,,,,
잭슨파이브 키즈카페 충주점,"충북 충주시 호암토성2로 7 삼성프라자 5, 6층",,36.9557036,127.934891,chungbuk
단양투어패스,정보 없음,,,,
오창온천 로하스파,충북 청주시 청원구 오창읍 중심상업로 39 오창온천,,36.7142263,127.429,chungbuk
제천 하늘뜨레 서울캠핑장,충북 제천시 송학면 송학주천로19길 5 송한분교,,37.2209589,128.23672,chungbuk
쿵스 게임랜드,충북 청주시 상당구 성안로 19-2 5층 6층,,36.6349571,127.4895375,chungbuk
니리므의상실,충남 공주시 백미고을길 5-7,,36.4578,127.1219,chungnam
아미미술관,충남 당진시 순성면 남부로 753-4,,36.8615805,126.6802745,chungnam
아름다운정원 화수목,충남 천안시 동남구 목천읍 교천지산길 175,,36.783976,127.1937121,chungnam
꽃지해안공원 및 안면도 수목원,충남 태안군 안면읍 승언리 산29-122,,36.4980364,126.3379828,chungnam
오마이갤러리,충남 태안군 안면읍 안면대로 3171-6 오마이갤러리,,36.4986991,126.357947,chungnam
뉴하이랜드 사우나,"대전 서구 도산로314번길 19 엘케이 빌딩 3, 4층",서구,36.3333827,127.3887778,daejeon
대전 엑스포 아쿠아리움,대전 유성구 엑스포로 1 대전 신세계 Art&Science 지하 1층,,36.3751186,127.3806058,daejeon
오월드,대전 중구 사정공원로 70,중구,36.2888608,127.3979539,daejeon
대천서바이벌게임,충남 보령시 새마을1길 4 지하1층(바다로마트지하),,36.3073013,126.5196447,chungnam
국립해양생물자원관,충남 서천군 장항읍 장산로101번길 75,,36.0181478,126.6702228,chungnam
까블랑,충남 아산시 시민로 129-3,,36.7624033,126.992095,chungnam
퍼스트빌리지 공룡월드,충남 아산시 둔포면 해위안길 127,,36.8971975,127.0276529,chungnam
안면도 꽃지카트장＆atv,정보 없음,,36.5031236,126.3384,
볼베어파크 천안점,충남 천안시 동남구 옛시청길 29 힐스테이트 천안 1층,,36.807527,127.1505392,chungnam
상록리조트 눈썰매장,충남 천안시 동남구 수신면 수신로 576,,36.7394803,127.2852575,chungnam
상록리조트 아쿠아피아,충남 천안시 동남구 수신면 수신로 576,,36.7408631,127.288558,chungnam
사랑티켓 렌탈샵,충남 천안시 동남구 목천읍 종합휴양지4길 2,,36.7593299,127.2268437,chungnam
알프스마을 눈썰매장,충남 청양군 정산면 천장호길 223-35,,36.4097417,126.9141281,chungnam
내포보부상촌,충남 예산군 덕산면 온천단지1로 55,,36.691225,126.6500609,chungnam
개화예술공원,충남 보령시 성주면 성주산로 673-47,,36.3139318,126.6581139,chungnam
천안 오션어드벤처,충남 천안시 동남구 성남면 소노로 1,,36.7573112,127.2240957,chungnam
목재문화자연사체험관,충남 청양군 대치면 칠갑산로 704-21,,36.4389402,126.8504525,chungnam
백제문화체험박물관,충남 청양군 대치면 장곡길 43-24 백제문화체험박물관,,36.4059629,126.8457604,chungnam
파라다이스 도고,충남 아산시 도고면 도고온천로 176,,36.7660845,126.8861007,chungnam
충남 피나클랜드,충남 아산시 영인면 월선길 20-22 피나클랜드수목원,,36.8772786,126.929109,chungnam
대전 아쿠아리움,대전 중구 보문산공원로 469,중구,36.3102311,127.421059,daejeon
서천 금빛노을 서울캠핑장,충남 서천군 마서면 옥도로498번길 43,,36.0457198,126.7187292,chungnam
스몹 대전,대전 유성구 엑스포로 1 대전 신세계백화점 6F,,36.3747824,127.3808505,daejeon
경주코오롱호텔 - 타임애프터타임 전시회 입장권,"경북 경주시 불국로 289-17 1층, 2층",,35.7879333,129.3219125,gyeongbuk
국립낙동강생물자원관,경북 상주시 도남2길 137 국립낙동강생물자원관,,36.4434806,128.2548915,gyeongbuk
경주루지월드,경북 경주시 천북남로 16,,35.8445031,129.289101,gyeongbuk
경주 바니베어 뮤지엄,경북 경주시 보문로 280-34 교원드림센터 (구 : 테디베어 박물관),,35.8520891,129.2768645,gyeongbuk
경주엑스포대공원,경북 경주시 경감로 614,,35.8331769,129.2892438,gyeongbuk
정글미디어파크,경북 경주시 보문로 465-67 지하 1층,,35.8396013,129.2909509,gyeongbuk
경주 키덜트뮤지엄,경북 경주시 보문로 132-16 콜로세움 1층/3층,,35.852498,129.2681221,gyeongbuk
헬로마이디노＆VR테마파크,정보 없음,,,,
대구미술관,대구 수성구 미술관로 40,,35.8271353,128.6741762,daegu
뮤씨엄 대구점,대구 중구 동성로6길 61 스파크랜드 3층 뮤씨엄 대구점,중구,35.8687083,128.5987415,daegu
대구간송미술관,대구 수성구 미술관로 70 대구간송미술관,,35.828269,128.6759947,daegu
대백프라자갤러리 (프라자점 12F),대구 중구 명덕로 333 대백프라자 12층,중구,35.8557498,128.606221,daegu
경주월드,경북 경주시 보문로 544,,35.8363451,129.2821431,gyeongbuk
드림닥터 대구점,대구 중구 공평로 36 동성로SK리더스뷰 3층,중구,35.8678091,128.600255,daegu
아이체험교육여행,전북 군산시 구영6길 133-3,,35.9895137,126.711486,jeonbuk
영양꽁꽁겨울축제,정보 없음,,,,
추억의달동네,경북 경주시 보불로 216-8,,35.8036071,129.3122554,gyeongbuk
한국코미디타운,경북 청도군 이서면 이서로 565 한국코미디타운,,35.6935308,128.686208,gyeongbuk
청도용암온천,경북 청도군 화양읍 온천길 23 청도용암온천호텔,,35.6889558,128.7189975,gyeongbuk
포항 요트데이,경북 포항시 북구 두호동 1017,,36.0624376,129.3896013,gyeongbuk
울진 왕피천 아쿠아리움,경북 울진군 근남면 왕피천공원길 1,,36.9709051,129.4075688,gyeongbuk
울진 왕피천 케이블카,경북 울진군 근남면 왕피천공원길 1 케이블카,,36.97116,129.4067571,gyeongbuk
주렁주렁 경주보문점,경북 경주시 엑스포로 80 3층,,35.8345569,129.289868,gyeongbuk
문경투어패스,정보 없음,,,,
안동투어패스,경북 안동시 퇴계로 115 안동시청,,36.5684249,128.7295375,gyeongbuk
경산 백자산 온천,경북 경산시 경청로216길 30,,35.7996121,128.7412076,gyeongbuk
경주 강동워터파크,경북 경주시 보불로 391,,35.8258772,129.2900411,gyeongbuk
어디든가게,경북 경주시 동문로 38 1층,,35.8477528,129.2141483,gyeongbuk
동궁원,경북 경주시 보문로 74-14,,35.8497687,129.2627204,gyeongbuk
국민힐링파크,경북 경주시 산내면 문복로 1280-8 국민힐링파크,,35.7403872,129.0633417,gyeongbuk
또봇정크아트,경북 경주시 경감로 614,,35.8315686,129.2905647,gyeongbuk
보문투어 대여,경북 경주시 보문로 402-31,,35.8455436,129.2814506,gyeongbuk
경주 쉼 족욕카페,경북 경주시 보문로 402-31 1층 107호,,35.8454335,129.2817231,gyeongbuk
경주 엑스포 대공원,경북 경주시 경감로 614,,35.8331769,129.2892438,gyeongbuk
엑스포대공원,경북 경주시 경감로 614,,35.8331769,129.2892438,gyeongbuk
여기한복,경북 경주시 교촌길 2 여기한복 폴바셋커피 바로옆,,35.8330595,129.2140524,gyeongbuk
원더스페이스 보문점,경북 경주시 보문로 391 원더스페이스 보문점,,35.8471679,129.2829682,gyeongbuk
입실온천앤골프,경북 경주시 외동읍 외남로 1773-196,,35.717029,129.338194,gyeongbuk
경주 전동놀이터,경북 경주시 첨성로 102-3 경주전동놀이터 본점,,35.8330735,129.2136042,gyeongbuk
황남자전거,경북 경주시 포석로 1048,,35.8345973,129.2095947,gyeongbuk
히어로 플레이파크,경기 화성시 동탄광역환승로 73 동탄역 반도유보라 아이비파크 8.0 상가 지하1층,화성시,37.2016497,127.0908736,gyeonggi
큐토피아 키즈카페,경북 구미시 신시로10길 110-5 DB스파랜드 2층,,36.1143502,128.3505283,gyeongbuk
쥬쥬동산 우리아이 생태학습 체험장,경북 구미시 고아읍 원대로 227,,36.1711266,128.3212286,gyeongbuk
군위 테마파크,대구 군위군 의흥면 일연테마로 100,,36.1638602,128.6990385,daegu
스파크랜드,"대구 중구 동성로6길 61 동성로 스파크 7, 8, 9 층",중구,35.8687083,128.5987415,daegu
스파크필드,대구 중구 동성로6길 61 동성로 스파크 5.6층,중구,35.8687081,128.5987415,daegu
네이처파크,대구 달성군 가창면 가창로 891,,35.788117,128.635313,daegu
대구 달용이 챌린지파크,대구 달서구 달구벌대로 1476,서구,35.8494214,128.5280295,daegu
라이크디즈위드 교동점,대구 중구 동성로 63 3층,중구,35.8724897,128.5955606,daegu
대구 수목원 생활온천,대구 달서구 상화로 79,서구,35.8082314,128.52262,daegu
대구 아이스파크,대구 동구 입석로1길 69-4 대구아이스파크,동구,35.8932583,128.6483164,daegu
대구 스파밸리,대구 달성군 가창면 가창로 891 워터파크 스파밸리,,35.7881169,128.635313,daegu
이월드 83타워,대구 달서구 두류공원로 200 83타워,서구,35.8525944,128.5666234,daegu
이월드,대구 달서구 두류공원로 200 이월드,서구,35.8530292,128.5657599,daegu
팔공산 케이블카,대구 동구 팔공산로185길 51 팔공산케이블카,동구,35.9908658,128.694838,daegu
펀앤챌린지,대구 중구 동성로6길 61 5층,중구,35.8687083,128.5987415,daegu
히어로플레이파크 대구 침산점,대구 북구 침산로 240 4층,,35.897539,128.5893752,daegu
주식회사 어디든가게,서울 영등포구 의사당대로 96 TP타워 3~10층,영등포구,37.5215212,126.9228725,seoul
청도 레일바이크,경북 청도군 청도읍 신도리 919-2,,35.59025,128.7633735,gyeongbuk
청도프로방스,경북 청도군 화양읍 이슬미로 272-23,,35.6841011,128.7181845,gyeongbuk
칠곡 러키더키 패밀리랜드,경북 칠곡군 석적읍 석적로 140 아쿠아리움 3층,,36.0109751,128.4010959,gyeongbuk
포항 앨리스파파,경북 포항시 북구 장량로 171 2층 (하나로마트 2F) - 무료주차,,36.082132,129.3984417,gyeongbuk
포항 장기유배문화체험촌,경북 포항시 남구 장기면 장기로 452,,35.9036331,129.4862325,gyeongbuk
군파크 루지,경북 청도군 화양읍 남성현로 350-30 군파크루지 테마파크,,35.6868295,128.7269121,gyeongbuk
대구 스틸 301 플레이파크,대구 군위군 산성면 산성가음로 984,,36.1456139,128.7110517,daegu
경주 더케이호텔 스파월드,경북 경주시 엑스포로 45 더케이호텔,,35.8386135,129.2920168,gyeongbuk
경주 뽀로로아쿠아빌리지,경북 경주시 보문로 182-27,,35.8608076,129.2706501,gyeongbuk
상주 감꽃마을 서울캠핑장,경북 상주시 낙동면 선상서로 1587 낙동초등학교용포분교장,,36.3301161,128.2134914,gyeongbuk
치산관광지 캠핑장,경북 영천시 신녕면 치산관광길 263,,36.0491822,128.7128424,gyeongbuk
영천시 별빛테마마을 (펜션시설),경북 영천시 화북면 정각길 22,,36.1395392,128.9948677,gyeongbuk
"영천시 별빛테마마을 (야영장, 글램핑장)",정보 없음,,,,
보현산댐 짚와이어,경북 영천시 화북면 배나무정길 196,,36.1439272,128.9645019,gyeongbuk
영천시 한의마을 한옥체험관,경북 영천시,,35.9775781,128.9211814,gyeongbuk
옐레드 대구신월성점,대구 달서구 조암로6길 6-45 4층 404호,서구,35.8265526,128.5289661,daegu
잭슨나인스 대구점,대구 달성군 유가읍 테크노상업로 120 2층 311호,,35.6930633,128.4629008,daegu
아르떼뮤지엄 부산,부산 영도구 해양로247번길 29,,35.0865369,129.0758503,busan
부산 엑스더스카이,부산 해운대구 달맞이길 30,,35.1599502,129.1697687,busan
영화체험박물관＆씨네뮤지엄,정보 없음,,,,
덕스(DUEX) 부산,부산 부산진구 중앙대로666번길 50 더샵센트럴스타 B1,,35.159,129.06,busan
포디움다이브엠,부산 수영구 광남로 96 지하1~3층,,35.1504485,129.1150771,busan
부산 시티투어버스X뮤지엄원,정보 없음,,,,
송도해상케이블카,부산 서구 송도해변로 171,서구,35.0766432,129.0233986,busan
요트홀릭X뮤지엄원,정보 없음,,,,
부산 영도 피아크 전시장 2F,부산 영도구 해양로195번길 180 피아크,,35.0863305,129.0767636,busan
자수정동굴,울산 울주군 상북면 자수정로 212 자수정동굴나라,,35.545112,129.093427,ulsan
라이트룸 울산,울산 중구 백양로 62,중구,35.5738288,129.3125922,ulsan
뮤지엄원,부산 해운대구 센텀서로 20 뮤지엄 원,,35.1713724,129.1290332,busan
브릭캠퍼스 부산,부산 기장군 기장읍 동부산관광로 8 롯데몰 메종동부산 1층,,35.1933487,129.2147936,busan
현대백화점 울산점 13층 팝업행사장,울산 남구 삼산로 261,,35.5395917,129.3358006,ulsan
엘에스컴퍼니,경기 부천시 원미구 계남로 273-1,부천시,37.5053835,126.779065,gyeonggi
밀양 트윈터널,경남 밀양시 삼랑진읍 삼랑진로 537-11,,35.4084023,128.8034362,gyeongnam
하동 케이블카,경남 하동군 금남면 경충로 461-7 하동 케이블카,,34.9812709,127.8957651,gyeongnam
거제 씨월드,경남 거제시 일운면 지세포해안로 15,,34.8357922,128.7013645,gyeongnam
카나리아147,경남 거제시 사등면 덕호해안길 147-1 카나리아풀빌라펜션 맞은 편 선착장,,34.8729838,128.4727789,gyeongnam
로봇랜드,경남 창원시 마산합포구 구산면 로봇랜드로 250,,35.0768502,128.5870504,gyeongnam
통영 케이블카,경남 통영시 발개로 205,,34.8268542,128.4253538,gyeongnam
스카이라인루지 통영,경남 통영시 발개로 178,,34.8244626,128.4241905,gyeongnam
청도 랜드마크,대구 달서구 송현동4길 51,서구,35.8330027,128.5478634,daegu
김해 가야랜드,경남 김해시 인제로 368 가야랜드,,35.2598055,128.9027276,gyeongnam
롯데프리미엄 아울렛 놀이동산 키즈파크,경기 광명시 일직로 17 롯데몰 광명점,광명시,37.4239431,126.8844946,gyeonggi
장유스파랜드,경남 김해시 대청로104번길 84,,35.1879042,128.8069921,gyeongnam
히어로하이센터 김해점,경남 김해시 율하숲길 21,,35.1709723,128.8233091,gyeongnam
노랑 고카트,경남 남해군 이동면 남해대로 1607,,34.7692621,127.951748,gyeongnam
부산요트투어 고고요트,부산 해운대구 해운대해변로 84 1번 계류장 1-2B,,35.1586934,129.1420214,busan
부산요트투어 더베이,부산 수영구 수영로554번길 11,,35.1550198,129.1132749,busan
부산요트블랑,부산 해운대구 해운대해변로 84 1번계류장,,35.1598019,129.1419576,busan
부산 씨앤요트,부산 해운대구 해운대해변로 84 2-05B,,35.1585583,129.141146,busan
부산 요트투어 아이러브유요트,부산 해운대구 해운대해변로 84,,35.1594861,129.1390394,busan
부산요트투어 준,부산 해운대구 해운대해변로 84,,35.1612403,129.137709,busan
해운대요트투어 요트가이,부산 해운대구 동백로 52 더베이101 요트투어 매표소,,35.1565907,129.1520683,busan
부산 요트투어 요트다,부산 해운대구 해운대해변로 84 요트경기장 내 8번계류장,,35.1610783,129.1391807,busan
부산요트투어 요트와,부산 해운대구 우동,,35.1581445,129.1583542,busan
요트타자,정보 없음,,,,
부산요트투어 요트하이,부산 해운대구 해운대해변로 84 수영만요트경기장 1-04b/1-06a,,35.1605738,129.1411637,busan
해운대 요트G 퍼블릭투어,부산 해운대구 달맞이길 30 엘시티,,35.160056,129.168482,busan
부산요트투어 위드요트,부산 해운대구 해운대해변로 84 8-06B,,35.1598019,129.1419576,busan
부산 요트투어 이디엠,부산 해운대구 해운대해변로 84 4-17b,,35.1594827,129.1409269,busan
부산요트 카카오,"부산 해운대구 해운대해변로 84 8-17B, 8-19A호",,35.1598017,129.1419576,busan
요트탈까,부산 해운대구 해운대해변로 84 4번 계류장,,35.1597985,129.141957,busan
해운대 리버크루즈 탑승권(주/야간),부산 해운대구 수영강변대로 85 해운대리버크루즈,,35.167878,129.1272973,busan
부산요트투어 더요트,부산 해운대구 해운대해변로 84 수영만요트경기장 본관 1층 107호,,35.1604553,129.1411798,busan
부산요트 사랑해프로포즈,부산 해운대구 해운대해변로 84 4-17b,,35.1594827,129.1409269,busan
부산요트투어 요트레시피,부산 해운대구 해운대해변로 84 4-17b,,35.1594827,129.1409269,busan
요트야,부산 해운대구 해운대해변로 84 7번계류장 6A,,35.1606161,129.1397667,busan
해운대 브레이크아웃,부산 해운대구 해운대해변로 291 크리스탈비치오피스텔 609호,,35.1607401,129.1625154,busan
레이저태그스포츠,서울 강남구 영동대로 325 STOWER 지하 3층,강남구,37.5033344,127.0655457,seoul
기장 스카이라인 루지,부산 기장군 기장읍 기장해안로 205,,35.1942148,129.2196073,busan
남포동 쿵스 게임랜드,부산 중구 광복로39번길 6 와이즈파크 4층,중구,35.0995002,129.0296248,busan
쿵스 롤러스케이트장,충북 청주시 상당구 성안로 19-2 6층 쿵스 롤러스케이트장,,36.6349693,127.4894883,chungbuk
롯데월드 어드벤처 부산,부산 기장군 기장읍 동부산관광로 42,,35.1968369,129.2130858,busan
부산시티투어버스,부산 동구 중앙대로 192 한국교직원공제회 부산회관,동구,35.1143835,129.0396874,busan
부산타워,부산 중구 용두산길 37-30,중구,35.101077,129.0323422,busan
부산투어패스,부산 해운대구 센텀동로 99 1408호,,35.1761561,129.1258461,busan
부산 센텀 스파랜드,부산 해운대구 센텀남대로 35 신세계백화점센텀시티점,,35.1683869,129.129033,busan
캐치웨이브,부산 해운대구 송정중앙로36번길 36-9 B1,,35.1809592,129.2018125,busan
스카이라인 루지 부산,부산 기장군 기장읍 기장해안로 205,,35.1942148,129.2196073,busan
아쿠아플레이하우스,부산 강서구 명지국제6로 90 오션퍼스트 3층,강서구,35.0911218,128.9087812,busan
아트인해리단,부산 해운대구 우동1로20번길 74 1층 나26호,,35.1653393,129.1601783,busan
닥터메포츠 사우나＆헬스,부산 연제구 거제시장로 42 닥터메포츠 헬스사우나,,35.1830853,129.0708967,busan
SMB 웰니스,부산 기장군 일광읍 학리등대로 34,,35.2588407,129.2429045,busan
키위키즈랜드,부산 기장군 장안읍 정관로 1142 힐탑프리미엄아울렛 B1,,35.3210652,129.2355242,busan
해운대 스파마린 사우나,부산 해운대구 마린시티2로 33 제니스스퀘어 상가 지하1층 스파마린,,35.1563961,129.1443834,busan
MCT슈팅클럽,"부산 해운대구 해운대해변로 287 3층 303호, 304호",,35.1604521,129.1621842,busan
요트홀릭,부산 해운대구 해운대해변로 84 요트홀릭,,35.1598017,129.1419576,busan
양산 에덴밸리,경남 양산시 어실로 1206,,35.4288719,128.984372,gyeongnam
동물의 정원,울산 동구 쇠평길 33-1 동물의정원,동구,35.553872,129.427116,ulsan
성남 아이존팝,서울 서초구 마방로6길 3,서초구,37.4754438,127.0417688,seoul
울산 큰애기 하우스,울산 울주군 상북면 석남로 26,,35.6077196,129.0257637,ulsan
요트탈래_울산,울산 동구 일산동 915-41,동구,35.4995032,129.4321621,ulsan
울산 캐니언파크,"울산 중구 만남의거리 15 3층, 4층",중구,35.5542733,129.3207856,ulsan
진주 레전드히어로즈,경남 진주시 에나로127번길 30 4층 (경상남도 진주시 충무공동 225-1 4층),,35.1806603,128.1439544,gyeongnam
창원투어패스,정보 없음,,,,
더카트인 통영,경남 통영시 도산면 도산일주로 147,,34.8982442,128.3519126,gyeongnam
통영투어패스,정보 없음,,,,
금오산랜드 눈썰매장,경남 하동군 진교면 구고속도로 374-30,,35.0164654,127.8610982,gyeongnam
김해가야테마파크,경남 김해시 가야테마길 161,,35.251635,128.8937493,gyeongnam
더브릭 키즈카페 W스퀘어점,부산 남구 분포로 145 W스퀘어 B112,,35.1337124,129.1126448,busan
통영 더카트인,경남 통영시 도산면 도산일주로 147,,34.8982442,128.3519126,gyeongnam
레이저아레나 송도점,부산 서구 송도해변로 171 송도해상케이블카 2층,서구,35.0766432,129.0233986,busan
김해 롯데워터파크,경남 김해시 장유로 555,,35.1810032,128.8291093,gyeongnam
부산항 힐링 야영장,부산 동구 초량동 1185-1,동구,35.1117383,129.0503975,busan
통영 오션브리즈,경남 통영시 산양읍 이운길 101 오션브리즈 선착장,,34.7993463,128.4340642,gyeongnam
잭슨나인스 양산점,경남 양산시 물금읍 증산역로 177 라피에스타 지하1층,,35.3098631,129.0093721,gyeongnam
잭슨나인스 창원점,"경남 창원시 의창구 북면 신촌본포로 5-16 거풍프라자 3, 4F",,35.348888,128.6086238,gyeongnam
하이리페움,부산 기장군 일광읍 해빛4로 35 하이리페움,,35.2708608,129.2223295,busan
고인돌박물관,전북 고창군 고창읍 고인돌공원길 74 고창 세계유산 고인돌 박물관,,35.4416263,126.65235,jeonbuk
액션하우스,전북 익산시 금마면 금마호수길 37 금마생태관광지내부,,36.0052137,127.0557515,jeonbuk
패러글라이딩2인승체험비행,정보 없음,,,,
전북투어패스,전북 전주시 완산구 효자로 225,,35.8203294,127.108784,jeonbuk
머루와인동굴,전북 무주군 적상면 산성로 359,,35.9648263,127.697625,jeonbuk
전주한옥마을 한복길 한복대여,전북 전주시 완산구 은행로 54-1 2층 한복길,,35.8151445,127.1521891,jeonbuk
전주 한옥마을 한복남,전북 전주시 완산구 태조로 21,,35.8145361,127.1523739,jeonbuk
녹테마레,전남 여수시 만성로 294 녹테마레,,34.7744113,127.7259673,jeonnam
여수 아르떼뮤지엄,전남 여수시 박람회길 1 국제관 A동 3층,,34.750854,127.7457441,jeonnam
딜라이트 담양,전남 담양군 월산면 화방송정길 21-14 딜라이트 담양,,35.3369845,126.9552906,jeonnam
순천만국가정원,전남 순천시 국가정원1호길 47,,34.9273063,127.5084156,jeonnam
여수 돌산 진모지구/개도/금오도/여수세계박람회,정보 없음,,,,
영암곤충박물관,전남 영암군 영암읍 기찬랜드로 41,,34.7909683,126.6852637,jeonnam
아쿠아플라넷 여수,전남 여수시 오동도로 61-11 아쿠아리움,,34.7462427,127.7488766,jeonnam
섬진강 별빛 스카이 (더챌린지),전남 광양시 진월면 망덕길 159,,34.9674173,127.75749,jeonnam
아쿠아시티,광주 북구 서하로 82,,35.1871336,126.8893552,gwangju
광주 쿵스 게임랜드,광주 동구 충장로 90 갤러리존 지하,동구,35.1478571,126.916725,gwangju
히어로플레이파크 광주점,광주 광산구 하남산단1번로 61 예미지파크힐스오피스텔 101동 B1층,,35.1863459,126.8015467,gwangju
소아르떼,전남 담양군 담양읍 깊은실길 84-73 담양 소아르떼,,35.3124139,127.0095175,jeonnam
대나무 숯가마 찜질방,전남 담양군 담양읍 월광로 99,,35.3373327,126.9781206,jeonnam
여수엑스포 스페이스 키즈파크,전남 여수시 박람회길 1 비동 308호,,34.7521895,127.7465005,jeonnam
이사부크루즈,전남 여수시 돌산읍 돌산로 3617-18,,34.729737,127.7369553,jeonnam
곡성 기차마을 패러글라이딩,전남 곡성군 오곡면 기차마을로 252-16,,35.2812731,127.3065996,jeonnam
목포 요트타볼레옹,전남 목포시 삼학로 88-56 해상계류장 B3 구역,,34.783646,126.3899779,jeonnam
청해포구 촬영장,전남 완도군 완도읍 청해진서로 1161-8,,34.3235109,126.6690879,jeonnam
금호화순스파리조트 아쿠아나,전남 화순군 백아면 옥리길 14-21 금호화순스파리조트 1층,,35.1634643,127.0838351,jeonnam
담양리조트,전남 담양군 금성면 금성산성길 202,,35.3653432,127.0256312,jeonnam
테테루테마파크,정보 없음,,,,
라풀 어드벤처 워터파크,전남 신안군 자은면 자은서부1길 163-101 라마다프라자호텔&씨원리조트 자은도,,34.8502613,126.0406426,jeonnam
비봉공룡공원,전남 보성군 득량면 공룡로 822-51,,34.7082489,127.1950519,jeonnam
썬웨이 워터파크,전남 화순군 도곡면 온천1길 45,,35.0291237,126.902796,jeonnam
두륜산 케이블카,전남 해남군 삼산면 대흥사길 88-45 두륜산케이블카,,34.4967493,126.625285,jeonnam
함평 나비마을 서울캠핑장,전남 함평군 함평읍 함장로 730,,35.0383753,126.4884401,jeonnam
하리보 해피월드 인 제주,제주 제주시 아연로 444-1 하리보 해피월드,,33.4738816,126.5287704,jeju
스카이워터쇼,제주 제주시 구좌읍 번영로 2172-80,,33.4241456,126.743562,jeju
제주 아트서커스,제주 서귀포시 안덕면 동광로 214,,33.3144091,126.3448587,jeju
고흐의 정원,제주 서귀포시 성산읍 삼달신풍로 126-5,,33.373388,126.844068,jeju
제주 그리스신화박물관＆트릭아이 미술관,정보 없음,,,,
노형수퍼마켙,제주 제주시 노형로 89,,33.4649797,126.4552065,jeju
더 케이쇼,서울 영등포구 영중로 15 타임스퀘어 1층,영등포구,37.5168993,126.9024065,seoul
더마파크,제주 제주시 한림읍 월림7길 155 더마파크,,33.3549226,126.2430803,jeju
제주 러브랜드,제주 제주시 1100로 2894-72 제주러브랜드,,33.4516624,126.4902592,jeju
아이바가든,제주 제주시 애월읍 고성남서길 10,,33.4339332,126.4215301,jeju
제주 워터월드,제주 서귀포시 월드컵로 33 제주월드컵경기장,,33.245346,126.5087052,jeju
이너리스 제주,제주 제주시 조천읍 선교로 264 이너리스,,33.4796013,126.7005442,jeju
건강과성박물관,제주 서귀포시 안덕면 일주서로 1611 건강과 성 박물관,,33.2548977,126.346723,jeju
제주홀릭뮤지엄,제주 제주시 애월읍 평화로 2835 제주홀릭뮤지엄,,33.4565603,126.441577,jeju
헬로키티아일랜드,제주 서귀포시 안덕면 한창로 340,,33.2903648,126.3520049,jeju
빛의 벙커,제주 서귀포시 성산읍 서성일로1168번길 89-17 A동,,33.4398657,126.8991545,jeju
아라리오뮤지엄 동문모텔Ⅰ＆ Ⅱ,서울 종로구 율곡로 83,종로구,37.5776781,126.9884945,seoul
아라리오뮤지엄 탑동시네마,제주 제주시 탑동로 14,,33.5174536,126.5233752,jeju
김택화미술관,제주 제주시 조천읍 신흥로 1,,33.5437156,126.6531424,jeju
유동룡미술관(이타미준뮤지엄),정보 없음,,,,
포도뮤지엄,제주 서귀포시 안덕면 산록남로 788 포도뮤지엄,,33.3192668,126.3859682,jeju
제주난타,제주 제주시 선돌목동길 56-26,,33.4458262,126.5479101,jeju
테디베어뮤지엄 제주,제주 서귀포시 중문관광로110번길 31,,33.2503669,126.412162,jeju
애월 배낚시 성안호,제주 제주시 애월읍 애월해안로 93 애월배낚시 성안호,,33.4620455,126.3292348,jeju
서귀포유람선,제주 서귀포시 남성중로 40,,33.2392101,126.5584133,jeju
서귀포잠수함,제주 서귀포시 남성중로 40,,33.2391371,126.5586263,jeju
선녀와나무꾼,제주 제주시 조천읍 선교로 267,,33.4796076,126.7026773,jeju
여미지식물원,제주 서귀포시 중문관광로 93,,33.2526509,126.4142189,jeju
무지개요트,제주 제주시 도두항길 28-12,,33.508336,126.46627,jeju
마라도 정기여객선,제주 서귀포시 대정읍 최남단해안로 120,,33.2100651,126.2583796,jeju
파더스가든,제주 서귀포시 안덕면 병악로 44-33,,33.2801485,126.3657648,jeju
고스트타운,제주 제주시 애월읍 부룡수길 35-14,,33.4763508,126.3568394,jeju
그랑블루요트,제주 서귀포시 대포로 172-7 그랑블루요트,,33.2382505,126.4395475,jeju
그림카페,서울 마포구 와우산로 29-18,마포구,37.5473957,126.9219395,seoul
제주금당목장 ATV,제주 서귀포시 안덕면 동광리 산65,,33.3388298,126.3387197,jeju
김녕왕발통,제주 제주시 구좌읍 김녕로21길 23,,33.5578777,126.7549746,jeju
김녕미로공원,제주 제주시 구좌읍 만장굴길 122,,33.5362945,126.7720257,jeju
제주 김녕요트투어,제주 제주시 구좌읍 구좌해안로 229-16,,33.5582417,126.736875,jeju
낙타트래킹,제주 서귀포시 표선면 번영로 2564-21,,33.4026984,126.7786456,jeju
노리매,제주 서귀포시 대정읍 중산간서로 2260-15 노리매,,33.2825442,126.2873438,jeju
대유ATV수렵사격랜드,제주 서귀포시 상예로 381,,33.2776169,126.395062,jeju
제주 댕냥별,제주 서귀포시 안덕면 신화역사로304번길 89 1층,,33.3028884,126.3175373,jeju
댕댕투어패스,정보 없음,,,,
더 숲 아로마,제주 제주시 애월읍 고내로9길 39 1층,,33.466645,126.3374153,jeju
더 힐링타임,제주 제주시 서해안로 652,,33.5159846,126.5065458,jeju
제주 아리랑 혼,제주 서귀포시 표선면 번영로 2564-21 제주 아리랑,,33.4027196,126.7786294,jeju
도치돌알파카목장,제주 제주시 애월읍 도치돌길 303 도치돌목장,,33.4097232,126.3667613,jeju
돌담프룻,제주 서귀포시 안덕면 일주서로 1365 다홍색지붕건물1층,,33.2622744,126.3691606,jeju
제주 돌문화공원,제주 제주시 조천읍 남조로 2023 제주돌문화공원,,33.4488381,126.6610153,jeju
드론파크,제주 제주시 조천읍 남조로 2109-36,,33.4539873,126.6571421,jeju
드르쿰다 in 성산,제주 서귀포시 성산읍 섭지코지로25번길 64,,33.4444699,126.9191113,jeju
목장카페 드르쿰다,제주 서귀포시 표선면 번영로 2454,,33.4094639,126.770373,jeju
아라고나이트 온천＆수영장,제주 서귀포시 안덕면 산록남로762번길 71,,33.3031138,126.3924251,jeju
레이저레나엑스 제주점,제주 서귀포시 소보리당로164번길 62 중문랜드 1층,,33.254,126.412,jeju
레일바이크,경기 의왕시 왕송못동로 221,의왕시,37.3095191,126.9507875,gyeonggi
머맨스쿠버,서울 강남구 논현로26길 30-8,강남구,37.4827352,127.0450733,seoul
메이즈랜드,제주 제주시 구좌읍 비자림로 2134-47 메이즈랜드,,33.4879942,126.801012,jeju
목장카페 밭디,제주 서귀포시 표선면 번영로 2486,,33.4078931,126.7729329,jeju
제주민속촌,제주 서귀포시 표선면 민속해안로 631-34 제주민속촌,,33.324438,126.8421323,jeju
박물관은살아있다,서울 종로구 인사동길 12 대일빌딩 지하1층,종로구,37.5718987,126.9872482,seoul
불빛정원,서울 노원구 화랑로 608,노원구,37.6244509,127.0930898,seoul
힐링파크 비체올린,서울 영등포구 영등포로 272,영등포구,37.5183293,126.911478,seoul
사려니 ATV＆승마,"서울 영등포구 문래로 180 2층 208, 209호",영등포구,37.5179628,126.9020104,seoul
산굼부리,제주 제주시 조천읍 비자림로 768,,33.4342179,126.6887629,jeju
산방산유람선,제주 서귀포시 안덕면 화순해안로106번길 16,,33.2370398,126.3352069,jeju
산방산탄산온천,제주 서귀포시 안덕면 사계북로41번길 192,,33.2490187,126.2988035,jeju
산양큰엉곶,제주 제주시 한경면 연명로 179,,33.2909312,126.2506277,jeju
상효수목원,제주 서귀포시 산록남로 2847-37,,33.3060089,126.5846818,jeju
새별 ATV,제주 서귀포시 안덕면 동광리 산65,,33.3388298,126.3387197,jeju
서귀포다이브센터,제주 서귀포시 남원읍 하례망장포로 65-13 2층,,33.2592505,126.6394465,jeju
서프라이즈 테마파크,제주 제주시 조천읍 남조로 2243,,33.4651914,126.6596074,jeju
서핑도,서울 영등포구 여의서로 160,영등포구,37.5347989,126.9098794,seoul
석예원 본초족욕 성산,제주 서귀포시 성산읍 섭지코지로25번길 34 2층,,33.442082,126.9195864,jeju
섭지코지 깡통열,제주 서귀포시 성산읍 고성리,,33.4237681,126.93078,jeju
성산 스쿠버 리조트,제주 서귀포시 성산읍 일출로 258-5 성산스쿠버리조트,,33.4609297,126.933584,jeju
성산포유람선,제주 서귀포시 성산읍 성산등용로 130-21 1층(성산포종합여객터미널),,33.472928,126.9345062,jeju
성지도예,제주 서귀포시 표선면 성읍이리로 85,,33.4114701,126.7743246,jeju
세계자동차＆피아노박물관,제주 서귀포시 안덕면 중산간서로 1610 세계자동차 제주박물관,,33.2834505,126.3498913,jeju
소랑 ATV＆승마,제주 서귀포시 남원읍 서성로 955-117 1동 1층 101호,,33.3404485,126.6834324,jeju
소인국테마파크,제주 서귀포시 안덕면 화순서동로 347 (서광리 164) 소인국테마파크,,33.2820357,126.331768,jeju
송악카트,제주 서귀포시 대정읍 송악관광로 404,,33.2084069,126.2891562,jeju
쇠소깍산물관광농원,제주 서귀포시 남원읍 하례로 90,,33.2578721,126.6247053,jeju
스누피가든,제주 제주시 구좌읍 금백조로 930,,33.4441306,126.7781683,jeju
스카이온파이브다이닝,정보 없음,,,,
스파엔아로마테라피,인천 부평구 광장로4번길 8 3층,부평구,37.4908329,126.7222424,incheon
제주실탄사격장,제주 서귀포시 소보리당로164번길 62 3층,,33.2636714,126.3855463,jeju
씨에스 호텔,제주 서귀포시 중문관광로 198,,33.2429595,126.4197249,jeju
아르떼키즈파크,제주 제주시 애월읍 월각로 929,,33.3539453,126.3585968,jeju
아이올레인포레스트,제주 제주시 구좌읍 덕행로 359 아이올레인포레스트,,33.5183545,126.7877598,jeju
알프스 제주,제주 서귀포시 표선면 서성일로 73,,33.3986419,126.8025506,jeju
제주 양떼목장,제주 제주시 애월읍 도치돌길 289-13,,33.411238,126.3653108,jeju
액트몬,경기 용인시 기흥구 신고매로 59 리빙파워센터 B3층,용인시,37.2235019,127.1142401,gyeonggi
에코랜드 테마파크,제주 제주시 조천읍 번영로 1278-169,,33.4470257,126.667399,jeju
오늘은 카트레이싱,제주 서귀포시 표선면 중산간동로 4772 오늘은녹차한잔 카트장,,33.3818497,126.7910726,jeju
오늘은녹차족욕,제주 서귀포시 표선면 중산간동로 4772 성읍리 2197-11,,33.3818449,126.791065,jeju
제주 오레브스파,정보 없음,,,,
제주오름승마랜드,제주 제주시 조천읍 번영로 1734-15,,33.4494079,126.7123674,jeju
오름ATV,정보 없음,,,,
오설록 티뮤지엄,제주 서귀포시 안덕면 신화역사로 15 오설록,,33.3060843,126.2893926,jeju
우도잠수함,제주 서귀포시 성산읍 성산등용로 112-7,,33.4719649,126.9329901,jeju
우도정원,제주 제주시 우도면 천진길 105,,33.5014848,126.9471775,jeju
우도투어패스,정보 없음,,,,
유리바닥보트,제주 서귀포시 안덕면 화순해안로106번길 8 1층,,33.2382712,126.3364026,jeju
일출랜드,제주 서귀포시 성산읍 중산간동로 4150-30 일출랜드,,33.3832875,126.8415363,jeju
자연인 제주족욕,제주 제주시 월평동 827 자연인제주족욕,,33.4627949,126.5711875,jeju
점보빌리지,제주 서귀포시 안덕면 평화로319번길 31-11,,33.2762006,126.3050764,jeju
제주 감귤카트,제주 서귀포시 중문관광로 42 감귤카트(맥도날드 안쪽),,33.2548377,126.4077356,jeju
제주투어패스,제주 제주시 청사로 11,,33.4900852,126.5201337,jeju
런닝맨 제주점,제주 서귀포시 중문관광로 42,,33.254806,126.40893,jeju
제주 레일바이크,제주 제주시 구좌읍 용눈이오름로 641,,33.4643294,126.836615,jeju
제주 액티브파크,제주 제주시 한림읍 금능남로 76 액티브파크 제주,,33.3811424,126.2360785,jeju
액티브파크 카트,제주 제주시 한림읍 금능남로 76 액티브파크 카트,,33.3807412,126.2358857,jeju
액티브파크 클립앤클라임,제주 제주시 한림읍 금능남로 76 액티브파크 제주,,33.3811424,126.2360785,jeju
제주 최남단 체험감귤농장,제주 서귀포시 남원읍 남위남성로 164,,33.2899178,126.6937521,jeju
제주 크리스마스박물관,제주 서귀포시 안덕면 평화로 654,,33.2913123,126.3278107,jeju
제주바다체험장,제주 제주시 구좌읍 일주동로 1921,,33.5554022,126.7371694,jeju
제주바다하늘 패러글라이딩,제주 제주시 한림읍 한창로 1295,,33.3568669,126.2968507,jeju
제주시티투어,제주 제주시 남성로 159 302호,,33.5095039,126.5224111,jeju
제주신화월드,제주 서귀포시 안덕면 신화역사로304번길 38,,33.3066615,126.3161261,jeju
제주올패스,제주 제주시 애월읍 어도봉남길 23-5 7동,,33.4167001,126.3033093,jeju
제주이야기 행원점,경기 성남시 분당구 대왕판교로606번길 10 타워 1동 132호~138호,성남시,37.3950595,127.1089034,gyeonggi
제주지프,제주 제주시 조천읍 신북로 503 2층 201,,33.542645,126.6638828,jeju
제주 핫플버스,제주 서귀포시 표선면 민속해안로 631-34 제주민속촌 야간개장,,33.3243694,126.8418874,jeju
조안베어뮤지엄,제주 서귀포시 대포로 113,,33.2402745,126.4341148,jeju
중문미로파크,제주 서귀포시 상예동 3592-5,,33.2634792,126.3823741,jeju
중문승마공원,제주 서귀포시 이어도로 244 제주하이랜드,,33.2422786,126.445209,jeju
중문카트,제주 서귀포시 일주서로 1114 중문카트체험장,,33.2643379,126.3946104,jeju
차귀도 달래배낚시,제주 제주시 한경면 노을해안로 1160,,33.3088551,126.1649081,jeju
초콜릿박물관,제주 서귀포시 대정읍 일주서로3000번길 144 초콜릿박물관,,33.2570471,126.22998,jeju
카멜리아힐,제주 서귀포시 안덕면 병악로 166,,33.2901401,126.3683651,jeju
캐플릭스,서울 영등포구 선유로 103,영등포구,37.523263,126.8899409,seoul
타크라다이브,정보 없음,,,,
탐라승마장,제주 제주시 조천읍 비자림로 1044,,33.4330322,126.7169426,jeju
제주 테디베어하우스 테지움,제주 제주시 애월읍 평화로 2159 테디베어하우스 테지움,,33.4121613,126.3936508,jeju
토이승마장,제주 서귀포시 안덕면 동광로 265-14 제주 토이 승마장,,33.3182964,126.3451269,jeju
팰롱팰롱 빛나는,제주 제주시 애월읍 애월로 27-2 팰롱팰롱 빛나는,,33.4614476,126.3116172,jeju
편백포레스트 체험목장,제주 서귀포시 남원읍 서성로 544-97 편백포레스트,,33.3174795,126.65969,jeju
포레스트 공룡사파리,제주 제주시 조천읍 선교로 474-1,,33.4630625,126.7095693,jeju
제주 피규어뮤지엄,제주 서귀포시 안덕면 한창로 243,,33.2819847,126.3553971,jeju
하모해양레저,제주 서귀포시 대정읍 최남단해안로 120,,33.2100651,126.2583797,jeju
한담컬쳐,제주 제주시 애월읍 애월로1길 18 1층,,33.4624186,126.3106557,jeju
한림공원,제주 제주시 한림읍 한림로 300,,33.38939,126.240282,jeju
해양레저타운,제주 서귀포시 쇠소깍로 151-8,,33.2505587,126.6211783,jeju
허브동산,제주 서귀포시 표선면 돈오름로 170,,33.3298098,126.8150788,jeju
제주 화조원,제주 제주시 애월읍 애원로 804,,33.4109687,126.3718941,jeju
훈데르트바서파크,제주 제주시 우도면 우도해안길 32-12,,33.4931581,126.9557378,jeju
제주 휴애리,제주 서귀포시 남원읍 신례동로 256,,33.308545,126.634409,jeju
OK 레저 ATV,"서울 영등포구 당산로 83 201호, 202호",영등포구,37.5224025,126.8955104,seoul
아리랑혼 태권마샬아트공연,제주 서귀포시 표선면 번영로 2564-21 제주 아리랑,,33.4027196,126.7786294,jeju
WE호텔 웰니스센터 수영장,제주 서귀포시 1100로 453-95 WE호텔제주 웰니스 센터,,33.2857028,126.4445111,jeju
제주 레포츠랜드,제주 제주시 조천읍 와흘상서2길 47 제주레포츠랜드,,33.4821444,126.6381442,jeju
빅볼랜드,제주 제주시 구좌읍 금백조로 951 .,,33.4430941,126.7756713,jeju
가파도 정기여객선,제주 서귀포시 대정읍 최남단해안로 120,,33.2100651,126.2583796,jeju
더시에나리조트 라스투베,제주 서귀포시 용흥로66번길 158-8 더 시에나 리조트,,33.2649201,126.4831099,jeju
더시에나프리보 까보스코,제주 서귀포시 용흥로66번길 158-7 더 시에나 프리모 까보스코 본관 1층,,33.254,126.4115,jeju
본태박물관,제주 서귀포시 안덕면 산록남로762번길 69 본태박물관,,33.3038491,126.3921862,jeju
아쿠아플라넷 제주,제주 서귀포시 성산읍 섭지코지로 95 아쿠아플라넷 제주,,33.4326445,126.9279667,jeju
제주제트,제주 서귀포시 대포로 172-5 제주제트,,33.2384179,126.439465,jeju
케이팝스테이지 K-POP STAGE,"서울 마포구 와우산로21길 29 , 지하1층",마포구,37.5665,126.9018,seoul
평택북부문화예술회관 대공연장,경기 평택시 경기대로 1366 북부문화예술회관,평택시,36.9745464,127.1161001,gyeonggi
인천 남동소래아트홀 대공연장,"인천 남동구 아암대로1437번길 32 , 대공연장",남동구,37.4473,126.7314,incheon
고라니특공대,서울 마포구 토정로 136,마포구,37.5452654,126.9263344,seoul
THE HENZ CLUB,서울 영등포구 버드나루로 103,영등포구,37.5273363,126.908176,seoul
플렉스 라운지,서울 마포구 양화로 100-10 다내리빌딩 지하,마포구,37.5525683,126.9190179,seoul
R&J씨어터,서울 종로구 낙산길 14,종로구,37.5803385,127.0052996,seoul
서울어린이대공원 아트센터,서울 광진구 능동로 216,광진구,37.5469468,127.0819022,seoul
살롱쿤스트,서울 서초구 논현로 117 B01,서초구,37.4802992,127.043322,seoul
지산포레스트 리조트,경기 이천시 마장면 지산로 267,이천시,37.2165003,127.3467161,gyeonggi
모두누림센터 누림아트홀,경기 화성시 남양읍 시청로 155 화성서부복합문화센터,화성시,37.1989797,126.828449,gyeonggi
청주대학교 석우문화체육관,충북 청주시 청원구 율량동 430,,36.6623952,127.5026692,chungbuk
진해공설운동장,경남 창원시 진해구 충무로 43,,35.148941,128.6547607,gyeongnam
이크루즈,서울 영등포구 여의동로 280 이크루즈 매표소,영등포구,37.5249251,126.9379568,seoul
파주 홍삼스파,경기 파주시 탄현면 장릉로 5,파주시,37.7738991,126.7172828,gyeonggi
베이글유니버스,정보 없음,,,,
대구삼성라이온즈파크,대구 수성구 야구전설로 1 대구삼성라이온즈파크,,35.8410706,128.6817523,daegu
창원NC파크,경남 창원시 마산회원구 삼호로 63,,35.2224951,128.5825537,gyeongnam
광주기아챔피언스필드,광주 북구 서림로 10 무등종합경기장,,35.1682116,126.8891068,gwangju
수원KT위즈파크,경기 수원시 장안구 경수대로 893 수원종합운동장(주경기장),수원시,37.300096,127.0096588,gyeonggi
부산강서체육관,부산 강서구 대저1동 1-1,강서구,35.2109777,128.9722092,busan
강동아트센터,서울 강동구 동남로 870 강동아트센터,강동구,37.5510795,127.1576349,seoul
잠실종합운동장잠실야구장,서울 송파구 올림픽로 19-2 서울종합운동장,송파구,37.5119858,127.0718388,seoul
인천SSG 랜더스필드,인천 미추홀구 매소홀로 618,미추홀구,37.4368605,126.6932818,incheon
한화생명이글스파크,대전 중구 대종로 373,중구,36.3170523,127.4284751,daejeon
부산사직종합운동장사직야구장,부산 동래구 사직로 55-32,,35.1931684,129.0615852,busan
청주 SK호크스아레나,충북 청주시 서원구 흥덕로 61 국민생활관,,36.6410271,127.4706034,chungbuk
수원체육관,경기 수원시 장안구 경수대로 893,수원시,37.2983797,127.0090851,gyeonggi
대전충무체육관,대전 중구 대종로 373,중구,36.317915,127.4304473,daejeon
삼척 시민체육관,강원 삼척시 뒷나루길 153 삼척시민체육관,,37.4593991,129.1737175,gangwon
광주페퍼스타디움,광주 서구 금화로 278,서구,35.1353987,126.8789663,gwangju
천안유관순체육관,충남 천안시 서북구 번영로 208,,36.8209818,127.1141552,chungnam
인천계양체육관,인천 계양구 봉오대로 855,계양구,37.5323629,126.7495117,incheon
화성종합실내체육관,경기 화성시 향남읍 향남로 470,화성시,37.1383041,126.922587,gyeonggi
김천실내체육관,경북 김천시 운동장길 1 김천종합운동장,,36.1430049,128.0868657,gyeongbuk
경민대학교 기념관(체육관),경기 의정부시 서부로 545,의정부시,37.7456011,127.0243588,gyeonggi
부산 기장체육관,부산 기장군 기장읍 기장대로 650 기장체육관,,35.2521603,129.2233568,busan
인천삼산월드체육관,인천 부평구 체육관로 60 삼산월드체육관,부평구,37.5077049,126.7378965,incheon
잠실실내,서울 송파구 올림픽로 25,송파구,37.5161638,127.0759328,seoul
잠실학생,서울 송파구 올림픽로 25,송파구,37.5120839,127.0753895,seoul
창원체육관,경남 창원시 성산구 원이대로 450,,35.2327195,128.6662755,gyeongnam
울산동천,울산 북구 고래로 54,중구,35.5624503,129.350436,ulsan
고양소노아레나,경기 고양시 일산서구 중앙로 1601 고양종합운동장,고양시,37.6746181,126.7418265,gyeonggi
안양 정관장 아레나,경기 안양시 동안구 평촌대로 389,안양시,37.405047,126.9484472,gyeonggi
수원 KT 소닉붐 아레나,경기 수원시 권선구 서수원로577번길 171,수원시,37.276297,126.9483162,gyeonggi
원주DB프로미아레나,강원 원주시 서원대로 281,,37.3390619,127.941915,gangwon
인천선학체육관,인천 연수구 경원대로 526 선학체육관,연수구,37.4296175,126.7034866,incheon
광명 시민체육관,경기 광명시 오리로 703 광명시민체육관,광명시,37.4634416,126.8706918,gyeonggi
광주 빛고을체육관,광주 서구 금화로 278 빛고을체육관,서구,35.1368103,126.8790595,gwangju
모두투어,서울 영등포구 선유로 138 지하1층,영등포구,37.5260659,126.891572,seoul
DDP(동대문디자인플라자),서울 중구 을지로 281,중구,37.5675465,127.0099323,seoul
서울시립과학관,서울 노원구 한글비석로 160 서울시립과학관,노원구,37.6419787,127.0776118,seoul
마포구립서강도서관,서울 마포구 독막로 165 서강동주민센터,마포구,37.5476988,126.9318706,seoul
서울상상나라,서울 광진구 능동로 216 서울상상나라,광진구,37.5506423,127.0775678,seoul
서울시립 북서울미술관,서울 노원구 동일로 1238,노원구,37.6409659,127.0667885,seoul
unknown,"서울 양천구 목동동로8길 15 3층, 4층",양천구,37.5175249,126.8710488,seoul
서울아트센터 도암,서울 종로구 평창문화로 70 도암,종로구,37.606166,126.9692713,seoul
노원문화예술회관,서울 노원구 중계로 181,노원구,37.6501998113605,127.080282814225,seoul
세종대학교 새날관,서울 광진구 군자로 121,광진구,37.5534127,127.0726519,seoul
소마미술관,서울 송파구 올림픽로 424,송파구,37.5169172,127.1179749,seoul
서울기록원,서울 은평구 통일로62길 7,은평구,37.6074684,126.9348705,seoul
아이와 함께 갈 만한 곳 검색은 맘맘,경기 과천시 대공원광장로 80,과천시,37.433759,127.01132,gyeonggi
국립극장,서울 중구 장충단로 59,중구,37.5526708,126.9996175,seoul
나루아트센터,서울 광진구 능동로 76,광진구,37.5375856708648,127.070580693965,seoul
까망돌어울마당 아트홀,서울 동작구 서달로 129,동작구,37.5051202,126.960611,seoul
강북문화예술회관,서울 강북구 삼각산로 85,강북구,37.6408543,127.0133421,seoul
서울생활사박물관,서울 노원구 동일로174길 27,노원구,37.6199447,127.0768892,seoul
한성백제박물관,서울 송파구 위례성대로 71,송파구,37.5155718,127.1206146,seoul
서울식물원,서울 강서구 마곡동로 161 서울식물원,강서구,37.5682071,126.8327467,seoul
중랑아트센터,서울 중랑구 망우로 353 이노시티 C동 B2F 중랑아트센터,중랑구,37.5985,127.0912806,seoul
서울시립미술관 서소문본관,서울 중구 덕수궁길 61,중구,37.5642066,126.9737733,seoul
서울새활용플라자,서울 성동구 자동차시장길 49,성동구,37.5586377,127.0579896,seoul
예스24 원더로크홀,서울 서대문구 신촌로 129 아트레온,서대문구,37.5565737,126.9403064,seoul
서울 서초구,서울 서초구 신반포로23길 41,서초구,37.5094382,127.0011826,seoul
사과전시관,경남 거창군 거창읍 거함대로 3372-60,,35.6740343,127.9219913,gyeongnam
국회,서울 영등포구 의사당대로 1 국회 사랑재 옆 건물 2층,영등포구,37.5329545,126.9163184,seoul
아시아출판문화정보센터,경기 파주시 회동길 145,파주시,37.7086723,126.6867275,gyeonggi
충북 청주시 상당구 대성로 150,충북 청주시 상당구 대성로 150 충청북도자연과학교육원,,36.638199,127.492788,chungbuk
경상북도교육청 발명체험교육관,경북 경주시 첨성로 97,,35.8343086,129.2118167,gyeongbuk
광화문광장,서울 종로구 세종대로 175 세종이야기,종로구,37.5740533,126.9768908,seoul
국립현대미술관 서울,서울 종로구 삼청로 30,종로구,37.5787817,126.9800492,seoul
은평역사한옥박물관,서울 은평구 연서로50길 8 은평역사한옥박물관,은평구,37.6403454,126.938022,seoul
세종뮤지엄갤러리,서울 광진구 능동로 209 세종대학교 대양AI센터,광진구,37.5508268,127.0755148,seoul
서울백제어린이박물관,서울 송파구 올림픽로 424 서울백제어린이박물관,송파구,37.5238986,127.1243042,seoul
싱글벙글교육센터,서울 관악구 남부순환로234길 73,관악구,37.476137,126.9562809,seoul
서울우리소리박물관,서울 종로구 율곡로 96,종로구,37.5771717,126.9896013,seoul
구립증산도서관,서울 은평구 증산로5길 6 구립증산도서관,은평구,37.582727,126.9075589,seoul
김근태기념도서관,서울 도봉구 도봉산길 14,도봉구,37.6876675,127.04402,seoul
서울무형유산교육전시장,서울 종로구 율곡로10길 13,종로구,37.5769411,126.9911082,seoul
서울아트책보고,서울 구로구 경인로 430 고척스카이돔 지하1층,구로구,37.4991271,126.8673636,seoul
북서울꿈의숲아트센터,서울 강북구 월계로 173,강북구,37.6214823,127.0385372,seoul
금나래아트홀,서울 금천구 시흥1동 시흥대로73길 70 금나래아트홀,금천구,37.4565729,126.8960236,seoul
청계천박물관,서울 성동구 청계천로 530 청계천박물관,성동구,37.571227,127.0349283,seoul
한양도성박물관,서울 종로구 율곡로 283 1~3층,종로구,37.5729295,127.0086173,seoul
강서아트리움,서울 강서구 가로공원로 195 강서아트리움,강서구,37.5375528,126.8376386,seoul
광림아트센터 장천홀,서울 강남구 압구정로22길 21 광림아트센터 장천홀,강남구,37.524258,127.0265834,seoul
무계원,서울 종로구 창의문로5가길 2,종로구,37.5917924,126.9634505,seoul
금나래갤러리,서울 금천구 시흥대로73길 70,금천구,37.4568644,126.8955105,seoul
광진어린이공연장,서울 광진구 능동로 400 보건복지행정타운 별관 4층,광진구,37.5654567,127.0845855,seoul
영천시 별빛테마마을 (야영장,경북 영천시 화북면 정각길 22,,36.1391475,128.9949345,gyeongbuk
대구 엑스코 5층 컨벤션홀,"대구 북구 엑스코로 10 , 1층",,35.9071678,128.6130954,daegu
광주여대 유니버시아드 체육관,광주 광산구 광주여대길 6,,35.1645948,126.7985253,gwangju
낙산,서울 종로구 낙산길 41,종로구,37.5804769,127.007587,seoul
세종특별자치시 세종시,세종 합강동,,36.5249862,127.3329621,sejong
여행사 | 3박 4일,서울 마포구 삼개로 20 근신빌딩 별관 201호,마포구,37.5385088,126.9472158,seoul
서울 용산구 서빙고로 137,서울 용산구 서빙고로 137 국립중앙박물관,용산구,37.5240867,126.980388,seoul
서울 관악구,서울 관악구 남부순환로220길 39 제이네스트 3층 302호,관악구,37.4794875,126.9516438,seoul
서울 강북구,서울 강북구 삼양로81길 5 1층,강북구,37.6310051,127.0174131,seoul
본따블르,서울 중랑구 동일로140길 65 1층 본따블르,중랑구,37.6048914,127.0825921,seoul
에그쉘,"서울 용산구 소월로40길 45 1층, 2층",용산구,37.5420421,126.99145,seoul
서울 강서구 금낭화로 40,서울 강서구 금낭화로 40 3층,강서구,37.5688853,126.8119023,seoul
상가1동,인천 부평구 충선로 176-8 (부개동),부평구,,,incheon
대전선사박물관,대전 유성구 노은동로 126 대전선사박물관,,36.3718649,127.3239292,daejeon
경남 합천군 용주면 합천호수로 828-7,경남 합천군 용주면 합천호수로 828-7,,35.5467905,128.0809951,gyeongnam
국가기술표준원,충북 음성군 맹동면 이수로 93,,36.9141925,127.5507553,chungbuk
유교랜드,경북 안동시 관광단지로 346-30,,36.5696532,128.7782752,gyeongbuk
문화빌딩,인천 계양구 계양문화로 7 문화빌딩 2층 심장박물관,계양구,37.5315074,126.7358457,incheon
자유수호평화박물관,경기 동두천시 평화로2910번길 96-63,동두천시,37.9424264,127.0662269,gyeonggi
경기 광명시 일직로12번길 24,경기 광명시 일직로12번길 24 클래시아 3층,광명시,37.4208615,126.8818411,gyeonggi
충남 안전체험관,충남 천안시 동남구 태조산길 267-17 충청남도 안전체험관,,36.8217909,127.1918061,chungnam
문화역서울284,서울 중구 통일로 1 문화역서울284,중구,37.5558207,126.9715927,seoul
국립부여박물관,충남 부여군 부여읍 금성로 5,,36.2764329,126.9189625,chungnam
군산근대역사박물관,전북 군산시 해망로 240,,35.9908217,126.7120518,jeonbuk
경상북도환경연수원,경북 구미시 금오산로 336-97 구미시 탄소제로교육관,,36.1195229,128.3083128,gyeongbuk
서울 종로구 세종대로 172,서울 종로구 세종대로 172,종로구,37.5715316,126.9771079,seoul
도예문화원,전남 강진군 대구면 청자촌길 45,,34.5085932,126.8024588,jeonnam
인천 검단선사박물관,인천 서구 고산후로121번길 7,서구,37.5944154,126.6986874,incheon
아모레퍼시픽 오산공장,경기 오산시 가장산업동로 37 아모레퍼시픽 팩토리 투어,오산시,37.1630583,127.039727,gyeonggi
경기 해양안전체험관,경기 안산시 단원구 대부황금로 1546,안산시,37.2896728,126.5811232,gyeonggi
인천 서구 봉오재1로 120,인천 서구 봉오재1로 120 루원시티 주상복합 7블록 앨리스빌 상가 B027호,서구,37.5212108,126.6778893,incheon
래미안갤러리,서울 송파구 충민로 17 래미안갤러리,송파구,37.4791473,127.1202344,seoul
주남저수지람사르문화관,경남 창원시 의창구 동읍 주남로101번길 26,,35.3071257,128.6779738,gyeongnam
대전 C.T센터,대전 유성구 대덕대로 480,,36.3766279,127.3880342,daejeon
전통문화콘텐츠박물관,경북 안동시 서동문로 203 안동지관서가,,36.5662906,128.7342382,gyeongbuk
대전곤충생태관,대전 서구 둔산대로 191,서구,36.3668974,127.3896615,daejeon
고구려천문과학관 충주고구려천문과학관,충북 충주시 중앙탑면 묘곡내동길 100 고구려천문과학관,,37.0403566,127.8484071,chungbuk
솔로몬로파크,대전 유성구 엑스포로 219-39,,36.3782866,127.3998095,daejeon
뮤지엄헤이,경기 파주시 탄현면 평화로 885-43,파주시,37.7828512,126.6902978,gyeonggi
경북 고령군 대가야읍 벽화길 104,경북 고령군 대가야읍 벽화길 104,,35.7170257,128.271289,gyeongbuk
팽성생활사박물관,경기 평택시 팽성읍 안정로39번길 21 팽성생활사박물관,평택시,36.960565,127.0472709,gyeonggi
한국은행경남본부,경남 창원시 성산구 원이대로 633 한국은행경남본부,,35.225976,128.6841,gyeongnam
충남 보령시 성주면 심원계곡로 93,충남 보령시 성주면 심원계곡로 93,,36.343383,126.6549976,chungnam
충남 보령시 성주면 성주산로 508,충남 보령시 성주면 성주산로 508,,36.3261189,126.6527184,chungnam
강원 속초시 미시령로 3054,강원 속초시 미시령로 3054,,38.2026725,128.5404383,gangwon
경상북도교육청 남부미래교육관,경북 경산시 삼성현로 110 남부미래교육관 1층 경산수학체험센터,,35.8226695,128.716152,gyeongbuk
토이로봇관,강원 춘천시 서면 박사로 844 토이로봇관,,37.8919444,127.691876,gangwon
인천 중구 신포로23번길 89,인천 중구 신포로23번길 89,중구,37.4732794,126.6205598,incheon
환경학습관,경기 이천시 호법면 중부대로798번길 126 환경학습관,이천시,37.2380498,127.4092842,gyeonggi
충주자연생태체험관,충북 충주시 동량면 지등로 260 충주자연생태체험관,,37.0253836,127.9516156,chungbuk
충남 부여군 규암면 백제문로 553,충남 부여군 규암면 백제문로 553,,36.3065047,126.9170167,chungnam
용평리조트,강원 평창군 대관령면 올림픽로 715 드래곤프라자 2층 케이블카,,37.6440772,128.6789189,gangwon
강원 삼척시 새천년도로 28,강원 삼척시 새천년도로 28 이사부독도기념관,,37.435749,129.1857184,gangwon
의정부과학도서관,경기 의정부시 추동로124번길 52,의정부시,37.7447491,127.0691391,gyeonggi
광주도자기엑스포장,경기 광주시 곤지암읍 경충대로 727,광주시,37.3510587,127.3266442,gyeonggi
이응노미술관,대전 서구 둔산대로 157 이응노미술관,서구,36.3668625,127.387044,daejeon
서울시생활사박물관 내 1~,서울 노원구 동일로174길 27,노원구,37.6199447,127.0768892,seoul
로봇랜드 로봇지원센터,인천 서구 로봇랜드로 155-11 로봇타워 1층,서구,37.5197428,126.61095,incheon
명원박물관,서울 성북구 정릉로9길 68 명원박물관 해옹헌 1층,성북구,37.6109469,127.0001803,seoul
부산광역시어린이창의교육관,부산 부산진구 성지곡로33번길 29-28,,35.185668,129.0457959,busan
제주 서귀포시 효돈순환로 441,제주 서귀포시 효돈순환로 441,,33.2716169,126.6073619,jeju
경남도립미술관,경남 창원시 의창구 용지로 296,,35.239502,128.6908315,gyeongnam
국립공주박물관,충남 공주시 관광단지길 34 국립공주박물관,,36.4655934,127.1123031,chungnam
서울 종로구 북촌로 39,서울 종로구 북촌로 39 1층,종로구,37.5802375,126.9847797,seoul
제주 제주시 한경면 노을해안로 1100,제주 제주시 한경면 노을해안로 1100,,33.3041586,126.1661841,jeju
제주 제주시 전농로 88,제주 제주시 전농로 88,,33.5039396,126.5226885,jeju
빛고을농촌테마공원,광주 남구 포충로 966-15,,35.0837429,126.8663882,gwangju
전남 여수시 돌산읍 돌산로 2876,전남 여수시 돌산읍 돌산로 2876,,34.6836555,127.7759764,jeonnam
성주군 종합사회복지관,경북 성주군 성주읍 성주순환로 271-9,,35.9193718,128.2931031,gyeongbuk
고래생태체험관,울산 남구 장생포고래로 248,,35.5022607,129.3819753,ulsan
이화여자고등학교,서울 중구 정동길 26 이화여고100주년기념관,중구,37.5664638,126.9707874,seoul
군산세관 옛군산세관,전북 군산시 해망로 244-7 먹방이와 친구들,,35.9913645,126.7108285,jeonbuk
옥파이종일 생가지 이종일선생생가지,충남 태안군 원북면 옥파로 199-7,,36.8317716,126.241206,chungnam
대가야생활촌,경북 고령군 대가야읍 신남로 81,,35.7118534,128.2692426,gyeongbuk
경남 밀양시 단장면 관광단지로 77,경남 밀양시 단장면 관광단지로 77,,35.5019968,128.8328769,gyeongnam
충청북도산림환경연구소,충북 청주시 상당구 미원면 수목원길 51 충청북도 산림환경연구소,,36.6260524,127.6656324,chungbuk
충북 청주시 흥덕구 강내면 청주역로 213-52,충북 청주시 흥덕구 강내면 청주역로 213-52 한국잠사박물관,,36.6384375,127.3829621,chungbuk
KBS수원방송센타,경기 수원시 팔달구 인계로 123,수원시,37.2677277,127.0316235,gyeonggi
경북 영덕군 남정면 동해대로 3560,경북 영덕군 남정면 동해대로 3560,,36.2802706,129.3792598,gyeongbuk
전남 구례군 마산면 화엄사로 377-36,전남 구례군 마산면 화엄사로 377-36 지리산역사문화관,,35.2442263,127.4841317,jeonnam
공중화장실 궁산땅굴,서울 강서구 양천로49길 106,강서구,37.5726061,126.8385908,seoul
고려대학교안암캠퍼스,서울 성북구 안암로 145 고려대학교안암캠퍼스,성북구,37.5926615,127.0247487,seoul
하회세계탈박물관,경북 안동시 풍천면 전서로 206 하회세계탈박물관 1층,,36.5489332,128.5277125,gyeongbuk
종이나라빌딩,서울 중구 장충단로 166 종이나라빌딩 2층,중구,37.5596935,127.0060938,seoul
충주성내동우체국(구) 충주어린이과학관,충북 충주시 관아1길 20 충주어린이과학관,,36.9701498,127.9353547,chungbuk
안토,서울 강북구 삼양로 689 안토,강북구,37.6632824,127.0086662,seoul
서인사마당 공영주차장,서울 종로구 인사동11길 19,종로구,37.5736545,126.9838099,seoul
대구농업마이스터고등학교,대구 수성구 달구벌대로 3170 대구농업마이스터고등학교 내 대구녹색학습원,,35.8377203,128.7019009,daegu
거창군월성청소년수련원,경남 거창군 북상면 덕유월성로 1312-96 거창군월성청소년수련원,,35.7612058,127.7239989,gyeongnam
한국수력원자력주식회사,경북 경주시 문무대왕면 불국로 1655 한국수력원자력 경주에너지팜,,35.7939534,129.3912831,gyeongbuk
한국관광공사 서울센터,서울 중구 청계천로 40 한국관광공사 1-5층,중구,37.5685376,126.9817082,seoul
부평역사박물관,인천 부평구 굴포로 151,부평구,37.5121372,126.737824,incheon
반딧불이생태관,서울 마포구 하늘공원로 108,마포구,37.5696366,126.8794132,seoul
도산전시관,서울 강남구 도산대로45길 20 도산전시관,강남구,37.5246752,127.0350296,seoul
경북 영천시 화북면 별빛로 681-32,경북 영천시 화북면 별빛로 681-32,,36.1402493,128.996701,gyeongbuk
용산센트럴파크 해링턴스퀘어 공공시설동 1,서울 용산구 서빙고로 17 1007호,용산구,37.5270214,126.9666053,seoul
경남 함양군 함양읍 필봉산길 55,경남 함양군 함양읍 필봉산길 55,,35.523958,127.722578,gyeongnam
경기 양주시 장흥면 권율로 83-5,경기 양주시 장흥면 권율로 83-5,양주시,37.7224573,126.946789,gyeonggi
한탄강세계지질공원센터,경기 포천시 영북면 비둘기낭길 55,포천시,38.0732489,127.2246584,gyeonggi
헌법재판소,서울 종로구 북촌로 15 헌법재판소,종로구,37.5781261,126.9847141,seoul
허준박물관,서울 강서구 허준로 87 허준박물관,강서구,37.5678639,126.8510131,seoul
장기18은행 군산근대미술관,전북 군산시 해망로 230 장기18은행,,35.9899558,126.7127734,jeonbuk
국립강원전문과학관,강원 원주시 북원로 2790,,37.3914238,127.9533591,gangwon
경북 울진군 북면 울진북로 2040,경북 울진군 북면 울진북로 2040,,37.0972772,129.3715529,gyeongbuk
하림,전북 익산시 망성면 망성로 14 하림,,36.0764894,127.040943,jeonbuk
진포해양테마공원 위봉함676,전북 군산시 내항2길 32 진포해양테마공원,,35.9897797,126.7160176,jeonbuk
경기 성남시 분당구 운중로146번길 19,경기 성남시 분당구 운중로146번길 19 1층 101호,성남시,37.3905437,127.0805858,gyeonggi
황학산수목원 여주산림박물관,경기 여주시 황학산수목원길 73 황학산수목원,여주시,37.277367,127.647811,gyeonggi
부평구 민방위교육장(안전체험관),인천 부평구 굴포로 110,부평구,37.5108813,126.7333041,incheon
가평군생태탐방학습원,경기 가평군 북면 가화로 2089-42 명지산 생태전시관,가평군,37.9360563,127.4876873,gyeonggi
세계민속악기박물관,경기 파주시 탄현면 헤이리마을길 63-26,파주시,37.7895143,126.6994148,gyeonggi
국토발전전시관,서울 중구 정동길 18,중구,37.566816,126.9700713,seoul
김중업 박물관 안양박물관,경기 안양시 만안구 예술공원로103번길 4 김중업박물관 3층,안양시,37.4183789,126.9183392,gyeonggi
한국근대문학관,인천 중구 신포로15번길 76 한국근대문학관,중구,37.4726122,126.6210075,incheon
경기 구리시 검배로 200,경기 구리시 검배로 200,구리시,37.5902851,127.1611123,gyeonggi
서울 노원구 화랑로 622,서울 노원구 화랑로 622,노원구,37.6253047,127.0940564,seoul
서울 용산구 한강대로14길 35-29,서울 용산구 한강대로14길 35-29,용산구,37.5256985,126.9658248,seoul
백제역사문화관,충남 부여군 규암면 백제문로 455 백제문화단지,,36.3065371,126.9067627,chungnam
경기 용인시 기흥구 상갈로 6,경기 용인시 기흥구 상갈로 6,용인시,37.2674246,127.1098596,gyeonggi
대구 달서구 성서공단로 40,대구 달서구 성서공단로 40,서구,35.8346767,128.4865706,daegu
경기 화성시 봉담읍 동화길 146,경기 화성시 봉담읍 동화길 146,화성시,37.2124274,126.9607069,gyeonggi
성남시 분당구 판교역로146번길 20,경기 성남시 분당구 판교역로146번길 20 현대백화점 판교점,성남시,37.3929643,127.1121154,gyeonggi
전남 해남군 황산면 공룡박물관길 234,전남 해남군 황산면 공룡박물관길 234,,34.5899213,126.4372678,jeonnam
디자인씽킹뮤지엄,강원 강릉시 구정면 정등로 130 디자인씽킹뮤지엄,,37.7292692,128.8741232,gangwon
해녀박물관,제주 제주시 구좌읍 해녀박물관길 26,,33.5235989,126.8633983,jeju
충남 공주시 고마나루길 30,충남 공주시 고마나루길 30,,36.4624659,127.11133,chungnam
크라운해태제과,서울 용산구 한강대로72길 3 크라운해태제과 지하1층,용산구,37.5406004,126.9735701,seoul
경북 의성군 금성면 초전1길 83,경북 의성군 금성면 초전1길 83,,36.2766241,128.6693051,gyeongbuk
제주항공우주박물관,제주 서귀포시 안덕면 녹차분재로 217,,33.2987592,126.289935,jeju
국제지식재산연수원 발명교육센터 창의발명체험관,대전 유성구 과학로 82 국가발명인재관 1층 창의발명체험관,,36.3770555,127.3657787,daejeon
광주 광산구 신창동 1073-12,광주 광산구 북문대로 396,,35.1929207,126.8510237,gwangju
경기 시흥시 오이도로 332,경기 시흥시 오이도로 332,시흥시,37.3356065,126.6907823,gyeonggi
경기 오산시 북삼미로 12,경기 오산시 북삼미로 12,오산시,37.1773469,127.0626405,gyeonggi
오대호아트팩토리,충북 충주시 앙성면 가곡로 1434 오대호아트팩토리,,37.0941879,127.7945237,chungbuk
경북 예천군 효자면 고항리 608,경북 예천군 효자면 고항리 608,,36.825976,128.462171,gyeongbuk
층 순천공충박물관,전남 순천시 해룡면 비래길 95,,34.9558695,127.5419351,jeonnam
경북 김천시 대항면 직지사길 130,경북 김천시 대항면 직지사길 130 1층,,36.1190844,128.0075043,gyeongbuk
경북대학교자연사박물관,대구 군위군 효령면 경북대로 2228,,36.1214801,128.5769719,daegu
경기 안양시 만안구 예술공원로131번길 7,경기 안양시 만안구 예술공원로131번길 7,안양시,37.4191239,126.9196709,gyeonggi
달서아트센터,대구 달서구 문화회관길 160,서구,35.8435131,128.5229793,daegu
경기 안성시 원곡면 만세로 868,경기 안성시 원곡면 만세로 868 안성3.1운동기념관,안성시,37.0621579,127.174875,gyeonggi
대구 중구 중앙대로 449,대구 중구 중앙대로 449,중구,35.8732938,128.5943181,daegu
오산시청,경기 오산시 성호대로 141 오산시청,오산시,37.149571,127.0769685,gyeonggi
부산시 동구 중앙대로260번길 11,부산 동구 중앙대로260번길 11 부산과학체험관,동구,35.1202723,129.0441329,busan
충청북도유아교육진흥원 유아교육진흥원,충북 청주시 상당구 가덕면 교육원로 153-122,,36.5861967,127.5704894,chungbuk
시화조력문화관,경기 안산시 단원구 대부황금로 1927 달전망대 2층 카페동,안산시,37.3128258,126.6092286,gyeonggi
전북 순창군 순창읍 장류로 55,전북 순창군 순창읍 장류로 55,,35.3678134,127.1123322,jeonbuk
경기 화성시 노작로 134,경기 화성시 노작로 134,화성시,37.2006443,127.0751265,gyeonggi
경기 포천시 영북면 산정호수로322번길 26-9,경기 포천시 영북면 산정호수로322번길 26-9,포천시,38.0684409,127.3036357,gyeonggi
대전 유성구 엑스포로 1,대전 유성구 엑스포로 1,,36.3750586,127.3816743,daejeon
당림미술관,충남 아산시 송악면 외암로1182번길 34-19 당림미술관,,36.7428013,127.0187375,chungnam
밀양한천,경남 밀양시 산내면 봉의로 58-31 밀양한천 테마파크,,35.5909996,128.8802454,gyeongnam
대구 중구 달성로22길 27,대구 중구 달성로22길 27,중구,35.87521,128.5831901,daegu
대구지방기상청,대구 동구 효동로2길 10 국립대구기상과학관,동구,35.8782813,128.6538281,daegu
경주세계자동차박물관,경북 경주시 보문로 132-22 경주세계자동차박물관,,35.8519158,129.2677698,gyeongbuk
경기 수원시 권선구 수인로 154,경기 수원시 권선구 수인로 154 국립농업박물관,수원시,37.2759795,126.982093,gyeonggi
마곡안전체험관,서울 강서구 마곡중앙로 13,강서구,37.555281,126.8250349,seoul
충남 공주시 왕릉로 37,충남 공주시 왕릉로 37,,36.4630908,127.114413,chungnam
경기 포천시 소흘읍 광릉수목원로 415,경기 포천시 소흘읍 광릉수목원로 415,포천시,37.7558358,127.1647372,gyeonggi
제주 서귀포시 표선면 성읍리 3294,제주 서귀포시 표선면 성읍리 3294,,33.3868795,126.8012073,jeju
경남 창녕군 부곡면 원앙로 218,경남 창녕군 부곡면 원앙로 218,,35.4362599,128.5910757,gyeongnam
여수 테디베어뮤지엄,전남 여수시 소라면 안심산길 155,,34.7478693,127.6414027,jeonnam
옥천전통문화체험관,충북 옥천군 옥천읍 향수길 100,,36.316312,127.5852938,chungbuk
에코리움,경기 오산시 오산천로 52,오산시,37.1383718,127.0636735,gyeonggi
화성동탄 신도시 홍보관,경기 화성시 노작로 158 시립 반석산 에코스쿨,화성시,37.2024511,127.0744692,gyeonggi
보라매안전체험관,서울 동작구 여의대방로20나길 16,동작구,37.4927712,126.9170249,seoul
전쟁과여성인권박물관,서울 마포구 월드컵북로11길 20 전쟁과여성인권박물관,마포구,37.5600957,126.9148848,seoul
전북 무주군 설천면 소천리 태권도원 체험관 YAP,전북 무주군 설천면 소천리,,36.009244,127.778707,jeonbuk
태권도원 국립 태권도박물관,전북 무주군 설천면 무설로 1482,,36.0043141,127.780501,jeonbuk
배다리성냥마을박물관,인천 동구 금곡로 19,동구,37.4729461,126.6377266,incheon
판교박물관,경기 성남시 분당구 판교로 191 판교박물관,성남시,37.4009612,127.0956605,gyeonggi
경남 밀양시 산내면 산내로 290,경남 밀양시 산내면 산내로 290 버그밀 곤충체험관,,35.5816131,128.8791953,gyeongnam
등잔박물관,경기 용인시 처인구 모현읍 능곡로56번길 8,용인시,37.3365998,127.1778086,gyeonggi
한중문화관,인천 중구 제물량로 238 한중문화관,중구,37.4735561,126.6187734,incheon
큰물농장,경기 남양주시 와부읍 석실로 46-11,남양주시,37.579679,127.2307003,gyeonggi
강원종합박물관,강원 삼척시 신기면 강원남부로 3016,,37.3512154,129.0864625,gangwon
경기 파주시 문발로 253,경기 파주시 문발로 253,파주시,37.7167322,126.6888927,gyeonggi
전남 여수시 하멜로 96,전남 여수시 하멜로 96,,34.7366267,127.7486166,jeonnam
현대모터스튜디오고양,경기 고양시 일산서구 킨텍스로 217-6 현대 모터스튜디오 고양,고양시,37.6657841,126.7481739,gyeonggi
누들플랫폼,인천 중구 신포로27번길 36 누들플랫폼,중구,37.4725341,126.6236584,incheon
웅진씽크빅 웅진역사관,"경기 파주시 회동길 20 (문발동, (주)웅진씽크빅)",파주시,37.7045726,126.6849203,gyeonggi
펄벅기념관,경기 부천시 소사구 성주로214번길 61,부천시,37.4754732,126.7816012,gyeonggi
부천시춘의동체육공원 부천활박물관,경기 부천시 원미구 소사로 482 부천종합운동장 잔디광장,부천시,37.5041609,126.7982287,gyeonggi
미호박물관,경기 남양주시 고산로126번길 15-2 미호박물관,남양주시,37.5927008,127.1806028,gyeonggi
충남 태안군 원북면 신두해변길 201-54,충남 태안군 원북면 신두해변길 201-54 신두리 사구센터,,36.8428106,126.1948014,chungnam
이화여자대학교 이화여자대학교 자연사박물관,서울 서대문구 이화여대길 52 이화여자대학교 이화캠퍼스복합단지ECC 지하4층,서대문구,37.5611009,126.9468468,seoul
공주전통문화체험관,충남 공주시 관광단지길 12,,36.4645968,127.1085301,chungnam
진남관,전남 여수시 동문로 11,,34.7420236,127.7366065,jeonnam
구례백두대간생태교육장,전남 구례군 마산면 화엄사로 377-37,,35.2424887,127.4861233,jeonnam
오아르미술관,경북 경주시 금성로 260-6 오아르미술관,,35.8405848,129.207685,gyeongbuk
인천광역시시립박물관,인천 연수구 청량로160번길 26 인천시립박물관,연수구,37.4207501,126.6531617,incheon
개구리생태공원,전남 담양군 담양읍 메타세쿼이아로 47 개구리생태공원,,35.3252448,127.006605,jeonnam
충남 공주시 중동 258-9 공주독립운동기념관,충남 공주시 중동 258-9,,36.4529752,127.1265438,chungnam
다시쓰는 세상 순환자원 홍보관,경기 성남시 분당구 석운로164번길 19,성남시,37.3784872,127.047573,gyeonggi
역사박물관 충청남도역사박물관,충남 공주시 국고개길 24 충청남도역사박물관,,36.453763,127.1266077,chungnam
경기 파주시 법원읍 자운서원로 204,경기 파주시 법원읍 자운서원로 204,파주시,37.8653065,126.8687068,gyeonggi
문경자연생태박물관,경북 문경시 문경읍 새재1길 45,,36.7542025,128.0765,gyeongbuk
3D과학체험관,경남 양산시 웅상대로 1009-1,,35.3898652,129.1557274,gyeongnam
경기 수원시 팔달구 매향동 153-11,경기 수원시 팔달구 매향동 153-11,수원시,37.2873244,127.023459,gyeonggi
경북 경주시 경감로 614,경북 경주시 경감로 614,,35.8331769,129.2892438,gyeongbuk
경북 울진군 근남면 수산리 344-11,경북 울진군 근남면 수산리 344-11,,36.9707684,129.4030382,gyeongbuk
경북과학고등학교,경북 포항시 북구 우미길 93,,36.046427,129.3533735,gyeongbuk
경북 상주시 함창읍 교촌리 411,경북 상주시 함창읍 무운로 1621,,36.5787173,128.1619672,gyeongbuk
UN초전기념관,경기 오산시 경기대로 742,오산시,37.1845245,127.0492257,gyeonggi
문경오미자테마공원,경북 문경시 문경읍 새재로 715 문경오미자테마공원,,36.7432735,128.0824663,gyeongbuk
한독약품,충북 음성군 대소면 대풍산단로 78 한독의약박물관,,36.9705554,127.4651589,chungbuk
광주시립미술관,광주 북구 하서로 52,,35.1833111,126.8857649,gwangju
백제군사박물관,충남 논산시 부적면 충곡로 311-54 백제군사박물관,,36.1923571,127.1814019,chungnam
청도소싸움테마파크,경북 청도군 화양읍 남성현로 346 청도소싸움미디어체험관,,35.6852252,128.7242015,gyeongbuk
전곡선사박물관,경기 연천군 전곡읍 평화로443번길 2,연천군,38.0115799,127.0637609,gyeonggi
국립국악원,서울 서초구 남부순환로 2364,서초구,37.4773967,127.0095536,seoul
경북 칠곡군 석적읍 강변대로 1580-1,경북 칠곡군 석적읍 강변대로 1580-1,,36.0169281,128.4050017,gyeongbuk
국립무형유산원,전북 전주시 완산구 서학로 95,,35.8133,127.1258,jeonbuk
박물관,울산 남구 두왕로 277 박물관,,35.5271459,129.3086952,ulsan
영등포구 별관청사 ydp곤충체험학습관,서울 영등포구 선유동1로 80 영등포구청 별관청사 YDP 곤충체험학습관,영등포구,37.5283321,126.8938801,seoul
인천도시역사관,인천 연수구 인천타워대로 238,연수구,37.3928436,126.6358974,incheon
판교생태학습원,경기 성남시 분당구 대왕판교로645번길 21,성남시,37.3994931,127.1038235,gyeonggi
반디랜드 무주 반디별 천문과학관,전북 무주군 설천면 무설로 1324,,36.0127207,127.7589261,jeonbuk
인천 강화군 하점면 강화대로 994-33,인천 강화군 하점면 강화대로 994-33,강화군,37.7747213,126.4345174,incheon
경기 양주시 옥정로 397-13,경기 양주시 옥정로 397-13 2층,양주시,37.8376189,127.0896075,gyeonggi
강서별빛우주과학관,서울 강서구 금낭화로 178 강서별빛우주과학관,강서구,37.5810336,126.8147175,seoul
삼성교통박물관 삼성화재 모빌리티박물관,경기 용인시 처인구 포곡읍 에버랜드로376번길 171 삼성화재 모빌리티뮤지엄,용인시,37.3003688,127.2169544,gyeonggi
회암사지 박물관,경기 양주시 회암사길 11,양주시,37.8412002,127.1028835,gyeonggi
경북 구미시 산동읍 인덕1길 195,경북 구미시 산동읍 인덕1길 195,,36.1771824,128.4626448,gyeongbuk
농촌진흥청 전주농업과학관어린이체험관,전북 전주시 덕진구 농생명로 300,,35.8291584,127.0570637,jeonbuk
청동기 문화박물관,경남 진주시 대평면 호반로 1353,,35.2238642,127.9623456,gyeongnam
옥토끼우주센터,인천 강화군 불은면 강화동로 403 옥토끼우주센터,강화군,37.6742008,126.487157,incheon
용인시기후변화체험교육센터,경기 용인시 처인구 동부로162번길 14-1,용인시,37.222755,127.2221899,gyeonggi
김천녹색미래과학관,경북 김천시 혁신6로 31 김천녹색미래과학관,,36.1244935,128.1850691,gyeongbuk
성남시 분당구 분당수서로 501,경기 성남시 분당구 분당수서로 501,성남시,37.3785236,127.1060936,gyeonggi
경기 양주시 광적면 광적로 235-48,경기 양주시 광적면 광적로 235-48 조명박물관,양주시,37.836085,126.9675328,gyeonggi
전라북도교육청과학교육원,전북 익산시 선화로 836-2 전라북도교육청과학교육원,,35.9715581,126.9997376,jeonbuk
경기 부천시 길주로 660,경기 부천시 원미구 길주로 660,부천시,37.5048251,126.8165923,gyeonggi
보석박물관,전북 익산시 왕궁면 호반로 8 보석박물관,,35.99066,127.1025892,jeonbuk
울산수학문화관,울산 북구 약수8길 50 울산수학문화관,,35.6473517,129.3413209,ulsan
초막골생태전시관,경기 군포시 초막골길 216,군포시,37.3540951,126.919345,gyeonggi
세인트존스 호텔,강원 강릉시 창해로 307,,37.7912822,128.9209164,gangwon
G-Tower,서울 구로구 디지털로26길 38,구로구,37.4795919,126.8953909,seoul
키즈 루덴스 박물관(Kids Ludens Museum),경기 파주시 탄현면 헤이리마을길 82-150 키즈 루덴스 박물관(Kids Ludens Museum),파주시,37.7883231,126.7017927,gyeonggi
한국항공대학교,경기 고양시 덕양구 항공대학로 76,고양시,37.5997399,126.8644886,gyeonggi
명동성당 천주교서울대교구역사관,서울 중구 명동길 74,중구,37.5634247,126.9872302,seoul
광명동초등학교 광명동초등학교복합시설 어울마당,경기 광명시 연서일로 25 광명동초등학교복합시설 어울마당 지하1층,광명시,37.482903,126.8628897,gyeonggi
충남 아산시 염치읍 현충사길 126,충남 아산시 염치읍 현충사길 126,,36.8113189,127.0323069,chungnam
매향리평화기념관,경기 화성시 우정읍 고온리안길 24-46 매향리평화기념관,화성시,37.0446425,126.7533145,gyeonggi
원효대사깨달음체험관,경기 평택시 포승읍 호암길 58,평택시,37.0023743,126.8216943,gyeonggi
국립전주박물관,전북 전주시 완산구 쑥고개로 249 국립전주박물관,,35.8013325,127.0897169,jeonbuk
경남 김해시 한림면 김해대로 1347,경남 김해시 한림면 김해대로 1347,,35.2812094,128.8228642,gyeongnam
서울시 성동구 자동차시장3길 64,서울 성동구 자동차시장3길 64 서울하수도과학관,성동구,37.5576938,127.0579144,seoul
어린이대공원 서울상상나라,서울 광진구 능동로 216,광진구,37.5498986,127.0809212,seoul
서울 강서구 양천로 201,서울 강서구 양천로 201 서남물재생센터 내 서울물재생체험관,강서구,37.5777536,126.8210622,seoul
유리박물관/미술관,경기 안산시 단원구 부흥로 254,안산시,37.2203418,126.6021982,gyeonggi
돌하르방공원,제주 제주시 조천읍 북촌서1길 70,,33.5388536,126.6888142,jeju
충북 증평군 도안면 벨포레길 410,충북 증평군 도안면 벨포레길 410 웰컴센터 3층,,36.8477765,127.5831762,chungbuk
wook 빌딩,서울 강남구 선릉로158길 3 Ys Roo,강남구,37.5257643,127.0404047,seoul
경기 파주시 회동길 338,경기 파주시 회동길 338,파주시,37.7156096,126.6919271,gyeonggi
No. 363號,서울 영등포구 당산로45길 13 2층,영등포구,37.5341586,126.9006863,seoul
윤동주문학관,서울 종로구 창의문로 119,종로구,37.5921267,126.9671523,seoul
대전시 유성구 월드컵대로 32,대전 유성구 월드컵대로 32 동관 1층,,36.3649844,127.3260295,daejeon
경기 가평군 청평면 경춘로 157,경기 가평군 청평면 경춘로 93 (대성리) 2층,가평군,37.684661,127.378513,gyeonggi
수원박물관,경기 수원시 영통구 창룡대로 265 1층,수원시,37.297524,127.0358853,gyeonggi
대구 달서구 조암로 129,"대구 달서구 조암로 129 1층, 2층",서구,35.8203868,128.5174448,daegu
울산 중구 새즈믄해거리 37,울산 중구 새즈믄해거리 37,중구,35.5566291,129.3200956,ulsan
경남 합천군 용주면 고품부흥1길 10-28,경남 합천군 용주면 고품부흥1길 10-28,,35.554178,128.1144732,gyeongnam
경기과학고등학교 경기도교육청미래과학교육원,경기 수원시 장안구 수일로 135 경기도교육청미래과학교육원,수원시,37.3082128,127.0055267,gyeonggi
경기도국민안전체험관,경기 오산시 북삼미로 22 경기도국민안전체험관,오산시,37.1787796,127.062988,gyeonggi
부산시 동래구 우장춘로 117,부산 동래구 우장춘로 117,,35.2180449,129.0738835,busan
강원 인제군 상남면 서울양양고속도로 117-2,강원 인제군 상남면 서울양양고속도로 117-2,,37.9154991,128.2876723,gangwon
국립전북기상과학관,전북 정읍시 서부산업도로 168-43 국립전북기상과학관,,35.5638114,126.8382368,jeonbuk
전북 익산시 왕궁면 궁성로 666,전북 익산시 왕궁면 궁성로 666 백제왕궁박물관,,35.9712172,127.0557874,jeonbuk
중미산천문대,경기 양평군 옥천면 중미산로 1268 중미산천문대,양평군,37.5817882,127.4593925,gyeonggi
대구교육박물관,대구 북구 대동로1길 40,,35.8974224,128.6123642,daegu
롯데월드,서울 송파구 올림픽로 240,송파구,37.511088,127.0982822,seoul
경기 안성시 공도읍 소신두길 52-9,경기 안성시 공도읍 소신두길 52-9 올드타임 그때그시절,안성시,37.0001309,127.2004003,gyeonggi
경기 시흥시 경기과기대로 284,경기 시흥시 경기과기대로 284,시흥시,37.3375219,126.739356,gyeonggi
경기 광주시 퇴촌면 태허정로 144-40,경기 광주시 퇴촌면 태허정로 144-40,광주시,37.4617756,127.2700931,gyeonggi
경남 밀양시 밀양대공원로 86,경남 밀양시 밀양대공원로 86,,35.5025383,128.7611171,gyeongnam
인천 중구 신포로23번길 97,인천 중구 신포로23번길 97,중구,37.4735117,126.6201241,incheon
조경철천문대,강원 화천군 사내면 천문대길 431,,38.1185922,127.4338559,gangwon
안성맞춤 천문과학관,경기 안성시 보개면 남사당로 198-9 안성맞춤천문과학관,안성시,37.0330042,127.3125931,gyeonggi
밀양시립박물관,"경남 밀양시 밀양대공원로 100 밀양시립박물관,독립운동기념관",,35.5033313,128.7591808,gyeongnam
경북 구미시 박정희로 155,경북 구미시 박정희로 155,,36.0925573,128.3497,gyeongbuk
과학교육원,대구 수성구 동대구로 172,,35.8450894,128.6272956,daegu
경남 밀양시 밀양대공원로 84,경남 밀양시 밀양대공원로 84 국립밀양기상과학관,,35.502144,128.7606336,gyeongnam
국립등대박물관,경북 포항시 남구 호미곶면 해맞이로150번길 20,,36.0778257,129.5682487,gyeongbuk
조흥금융박물관,서울 중구 세종대로 135-5 한국금융사박물관,중구,37.5686041,126.9764359,seoul
뚝섬전망복합문화시설 한강이야기전시관,서울 광진구 강변북로 2202 뚝섬전망복합문화시설,광진구,37.5299565,127.065368,seoul
경기 양주시 장흥면 권율로 117,경기 양주시 장흥면 권율로 117,양주시,37.7263808,126.9500801,gyeonggi
남도향토음식박물관,광주 북구 설죽로 477,,35.2017746,126.898658,gwangju
국립광주박물관,광주 북구 하서로 110,,35.189051,126.88305,gwangju
연산역철도문화체험관,충남 논산시 연산면 선비로275번길 31-2,,36.2122849,127.2008129,chungnam
전북 군산시 장미동 군산근대건축관,전북 군산시 장미동,,35.9893135,126.7142067,jeonbuk
창원과학체험관,경남 창원시 성산구 충혼로72번길 16 창원과학체험관,,35.2302693,128.6616707,gyeongnam
수달전시관 섬진강수달생태공원,전남 구례군 간전면 간전중앙로 49,,35.1863424,127.5459073,jeonnam
해군항공사령부 항공역사관(구6전단),경북 포항시 남구 동해안로 5947 해군항공역사관,,35.9947082,129.4126667,gyeongbuk
국립 서해안 기후대기센터 국립서해안기후대기센터,충남 홍성군 홍북읍 첨단산단로 15 국립충남기상과학관,,36.6419073,126.6722452,chungnam
경북 포항시 남구 청림동 21-10,경북 포항시 남구 청림동 21-10,,35.9949127,129.4120914,gyeongbuk
한국은행,서울 중구 남대문로 39 한국은행,중구,37.5620607,126.9805213,seoul
송대말등대,경북 경주시 감포읍 감포로 226-19,,35.8072815,129.5114151,gyeongbuk
전남 곡성군 오곡면 기차마을로 252-16,전남 곡성군 오곡면 기차마을로 252-16,,35.279977,127.3075224,jeonnam
종각,경북 경주시 태종로 767 종각,,35.8403935,129.2121462,gyeongbuk
인천 부평구 장제로 267,인천 부평구 장제로 267,부평구,37.5094679,126.7308766,incheon
이효석문학관,강원 평창군 봉평면 효석문학길 73-25 이효석문화관,,37.6134966,128.3701759,gangwon
경기 어린이식품안전체험관 부천센터,경기 부천시 오정구 벌말로 122,부천시,37.5413872,126.7643557,gyeonggi
천안시 동남구 옛시청길 39,충남 천안시 동남구 옛시청길 39 천안어린이꿈누리터,,36.8066437,127.1505416,chungnam
대구시 수성구 동대구로 176,대구 수성구 동대구로 176 대구어린이세상,,35.8466821,128.627775,daegu
경기 남양주시 진접읍 해밀예당1로 96,경기 남양주시 진접읍 해밀예당1로 96,남양주시,37.7177307,127.1963171,gyeonggi
역사홍보관,경남 통영시 세병로 12 역사홍보관,,34.8458183,128.4232424,gyeongnam
화정박물관,서울 종로구 평창8길 3 화정박물관,종로구,37.6046985,126.9659264,seoul
전남 진도군 임회면 진도항길 161,전남 진도군 임회면 진도항길 161 진도국민해양안전관,,34.3703631,126.1390984,jeonnam
수산과학원,부산 기장군 기장읍 기장해안로 216,,35.1934011,129.2243499,busan
서울시민안전체험관,서울 광진구 능동로 238 광나루안전체험관,광진구,37.5513232,127.0771854,seoul
토속어류생태체험장,강원 화천군 간동면 어룡동길 366,,38.1254219,127.7637743,gangwon
롯데중앙연구소,서울 강서구 마곡중앙로 201 롯데중앙연구소 1층,강서구,37.5714144,126.8277334,seoul
오두산통일전망대,경기 파주시 탄현면 필승로 369 오두산통일전망대,파주시,37.7735307,126.677316,gyeonggi
민화박물관,전남 강진군 대구면 청자촌길 61-5,,34.5086753,126.8041628,jeonnam
노인복지시설 춘천막국수체험박물관,강원 춘천시 신북읍 신북로 265,,37.9481863,127.7491972,gangwon
전남 목포시 영산로29번길 6,전남 목포시 영산로29번길 6 목포근대역사관,,34.7874986,126.3820765,jeonnam
서울 노원구 화랑로 608,서울 노원구 화랑로 608,노원구,37.6240911,127.0928482,seoul
교원드림센터,경북 경주시 보문로 280-34 교원드림센터 (구 : 테디베어 박물관),,35.8520891,129.2768644,gyeongbuk
김유정문학촌,강원 춘천시 신동면 김유정로 1430-14,,37.8190342,127.7189975,gangwon
강원 강릉시 율곡로3139번길 24,강원 강릉시 율곡로3139번길 24 오죽헌,,37.77922,128.87753,gangwon
충주다목적댐 물 문화관,충북 충주시 동량면 지등로 745,,37.0044575,127.9971491,chungbuk
경북 성주군 수륜면 가야산식물원길 21,경북 성주군 수륜면 가야산식물원길 21,,35.8011405,128.1411102,gyeongbuk
상주 자전거박물관,경북 상주시 용마로 415,,36.45341,128.2550514,gyeongbuk
금촌초등학교,경기 파주시 동산3길 38-11 금촌초등학교,파주시,37.7620355,126.7698387,gyeonggi
A동 주니어천문스쿨,충남 천안시 동남구 광덕면 광풍로 250-1 A동 주니어천문스쿨,,36.673397,127.0521889,chungnam
대구 달성군 유가읍 테크노대로6길 66,대구 달성군 유가읍 테크노대로6길 66 달성화석박물관,,35.6843867,128.4645714,daegu
서울 도봉구 마들로13길 56,서울 도봉구 마들로13길 56 서울로봇인공지능과학관,도봉구,37.6555744,127.0495063,seoul
고양어린이박물관,경기 고양시 덕양구 화중로 26 고양어린이박물관,고양시,37.6294758,126.8310457,gyeonggi
서울 종로구 송월길 162,서울 종로구 송월길 162,종로구,37.572107,126.9622123,seoul
한국가사문학관,전남 담양군 가사문학면 가사문학로 877,,35.1879129,127.0052787,jeonnam
경기 안양시 만안구 화창로 10,경기 안양시 만안구 화창로 10,안양시,37.4166694,126.8963587,gyeonggi
영상문화단지 한국만화박물관,경기 부천시 원미구 길주로 1,부천시,37.5086327,126.7421242,gyeonggi
금강미래체험관,전북 군산시 성산면 철새로 120,,36.0198837,126.7653062,jeonbuk
소래역사관,인천 남동구 아암대로 1605,남동구,37.3981303,126.7374773,incheon
경기도해양수산자원연구소,경기 양평군 용문면 상광길 23-2 르뺑카페,양평군,37.5113554,127.6374106,gyeonggi
홍대용과학관 천안 홍대용 과학관,충남 천안시 동남구 수신면 장산서길 113 홍대용과학관,,36.7395597,127.2953468,chungnam
안중근의사기념관 안중근의사 기념관,서울 중구 소월로 91,중구,37.5534459,126.9803621,seoul
강원특별자치도탄광문화촌,강원 영월군 북면 밤재로 351 강원특별자치도탄광문화촌,,37.2630968,128.46691,gangwon
조소앙선생기념관,경기 양주시 남면 양연로173번길 87 조소앙선생기념관,양주시,37.9215401,126.9946873,gyeonggi
경기 수원시 장안구 장안로458번길 9,경기 수원시 장안구 장안로458번길 9,수원시,37.3192333,126.9780125,gyeonggi
서울 노원구 중계로 131-17 A,서울 노원구 중계로 131-17,노원구,37.6460151,127.0796767,seoul
울산 남구 옥동 356,울산 남구 옥동 356 울산대공원 생태여행관,,35.5288755,129.2833006,ulsan
국립기상박물관,서울 종로구 송월길 52,종로구,37.5714027,126.966296,seoul
서울한방진흥센터,서울 동대문구 약령중앙로 26 서울한방진흥센터,동대문구,37.580578,127.0376805,seoul
너나들이센터,서울 은평구 연서로50길 10 너나들이센터,은평구,37.6405733,126.9385649,seoul
프라움 악기 박물관,경기 남양주시 와부읍 경강로 756,남양주시,37.5685148,127.227054,gyeonggi
안산어촌민속전시관,경기 안산시 단원구 대부황금로 7 안산어촌민속전시관,안산시,37.1925177,126.6461154,gyeonggi
인천광역시교육청 교육과학정보원,인천 중구 영종대로277번길 74-10 인천광역시교육청AI융합교육원 인천학생과학관,중구,37.4908062,126.5079168,incheon
전북 전주시 완산구 동문길 33-20,전북 전주시 완산구 동문길 33-20,,35.8185357,127.1525552,jeonbuk
에너지 제로 하우스,서울 마포구 증산로 14,마포구,37.563055,126.8914525,seoul
경남 밀양시 노상하1길 27,경남 밀양시 노상하1길 34,,35.4931563,128.7503654,gyeongnam
경기 의정부시 부용로214번길 51-81,경기 의정부시 부용로214번길 51-81,의정부시,37.7470179,127.0771471,gyeonggi
제주 제주시 명림로 437,제주 제주시 명림로 437,,33.4512907,126.6233625,jeju
전북 남원시 검멀1길 14,전북 남원시 검멀1길 14,,35.4036811,127.3772894,jeonbuk
대전역사박물관,대전 유성구 도안대로 398,,36.3366001,127.3351332,daejeon
한국토지주택공사,경남 진주시 충의로 19 한국토지주택공사,,35.177704,128.1460775,gyeongnam
한방생명과학관,충북 제천시 한방엑스포로 19 한방생명과학관,,37.1441129,128.16058,chungbuk
영월동굴생태관,강원 영월군 김삿갓면 영월동로 1121-15 동굴생태관,,37.1303567,128.5367419,gangwon
고성다이노플레이센터,강원 고성군 하이면 월흥리,,34.9065017,128.1617827,gangwon
세종특별자치시 어울누리로 130,세종 어울누리로 130 국립어린이박물관,,36.4887551,127.2731357,sejong
EXPO주제관,강원 속초시 엑스포로 75 피노디아,,38.190802,128.5826095,gangwon
괴강토종어류체험관,충북 괴산군 괴산읍 쏘가리2길 31,,36.8102068,127.8184887,chungbuk
의병박물관,경남 의령군 의령읍 충익로 1-25 의병박물관,,35.3148105,128.2596055,gyeongnam
화랑마을 화장마을전시관,경북 경주시 석현로 123,,35.8607523,129.1784688,gyeongbuk
국립익산박물관,전북 익산시 금마면 미륵사지로 362 국립익산박물관,,36.0109826,127.0274707,jeonbuk
경남 창원시 성산구 창원천로196번길 48,경남 창원시 성산구 창원천로196번길 48,,35.2404831,128.6589837,gyeongnam
사천첨단항공우주과학관,경남 사천시 사남면 공단1로 108,,35.0708748,128.0634584,gyeongnam
진영역철도박물관,경남 김해시 진영읍 진영로 145-1,,35.3036032,128.7299162,gyeongnam
한국자연사박물관,충남 공주시 반포면 임금봉길 49-25,,36.3663596,127.2446128,chungnam
수원광교박물관,경기 수원시 영통구 광교로 182,수원시,37.2963686,127.0513175,gyeonggi
울산 울주군 서생면 간절곶1길 15,울산 울주군 서생면 간절곶1길 15,,35.3595031,129.3576088,ulsan
수산과학관,경남 통영시 산양읍 척포길 628-111 통영수산과학관,,34.7642478,128.4071596,gyeongnam
경기 파주시 금정로 45,경기 파주시 금정로 45,파주시,37.7591686,126.7748335,gyeonggi
시흥목감 수질복원센터 따오기아동문화관,경기 시흥시 동서로 902-20 따오기아동문화관,시흥시,37.3779528,126.8461783,gyeonggi
가천이길여산부인과기념관,인천 중구 우현로90번길 19-4,중구,37.4738744,126.6311804,incheon
양평친환경농업박물관,경기 양평군 용문면 용문산로 670 양평친환경농업박물관,양평군,37.5477976,127.5812438,gyeonggi
경기 파주시 광인사길 161,경기 파주시 광인사길 161,파주시,37.714864,126.6869248,gyeonggi
김포시독립운동기념관,경기 김포시 양촌읍 양곡2로30번길 46,김포시,37.6533323,126.629308,gyeonggi
서산류방택천문기상과학관,충남 서산시 인지면 무학로 1353-4,,36.7273731,126.4131709,chungnam
반포역,서울 서초구 신반포로 241 반포역 안 733-113호 번랩피트니스,서초구,37.5081264,127.011497,seoul
경기 파주시 회동길 521,경기 파주시 회동길 521 (파주출판도시) 3층 우리공간연구소,파주시,37.7231803,126.6928513,gyeonggi
경기 파주시 탄현면 헤이리마을길 63-15,경기 파주시 탄현면 헤이리마을길 63-15 아트팩토리,파주시,37.7895351,126.6986973,gyeonggi
철박물관,충북 음성군 감곡면 영산로 360,,37.0909233,127.649522,chungbuk
서울 은평구 불광로 135,서울 은평구 불광로 135,은평구,37.6188409,126.932532,seoul
안산산업역사박물관,경기 안산시 단원구 화랑로 265 안산산업역사박물관,안산시,37.3230012,126.8172205,gyeonggi
경북 청도군 이서면 이서로 567,경북 청도군 이서면 이서로 567 청도향토사료관,,35.694242,128.686525,gyeongbuk
석탄박물관,강원 태백시 천제단길 195,,37.117381,128.9505336,gangwon
태백고생대자연사박물관,강원 태백시 태백로 2249 태백고생대자연사박물관,,37.094949,129.039504,gangwon
안성맞춤박물관,경기 안성시 대덕면 서동대로 4726-15 안성맞춤박물관,안성시,37.011067,127.228213,gyeonggi
울진과학체험관,경북 울진군 울진읍 연지길 30 울진과학체험관,,36.9963956,129.4088465,gyeongbuk
국립해양과학관,경북 울진군 죽변면 해양과학길 8,,37.0727903,129.4099173,gyeongbuk
제주세계자연유산센터,제주 제주시 조천읍 선교로 569-36,,33.4573626,126.714934,jeju
강화문학관,인천 강화군 강화읍 관청길 40,강화군,37.7495576,126.485584,incheon
오산리선사유적박물관,강원 양양군 손양면 학포길 33 오산리선사유적박물관,,38.0860129,128.6605664,gangwon
Florida 32899 미국,서울 영등포구 국제금융로 10 IFC몰동 L1층 150호,영등포구,37.5247618,126.926005,seoul
성남시박물관 (3층),경기 성남시 수정구 희망로 475 성남시 박물관,성남시,37.4459174,127.1537612,gyeonggi
구리자원회수시설,경기 구리시 왕숙천로 49 전망대,구리시,37.5888744,127.16003,gyeonggi
시흥물환경센터 맑은물상상누리,경기 시흥시 공단2대로 14 맑은물상상누리,시흥시,37.3370216,126.6958176,gyeonggi
국립충주기상과학관,충북 충주시 번영대로 270-10,,36.985725,127.948972,chungbuk
안양천 생태이야기관 안양천 생태이야기관,경기 안양시 만안구 석수로 320,안양시,37.4171308,126.8959439,gyeonggi
영종역사관,인천 중구 구읍로 63,중구,37.4888754,126.5774556,incheon
한국광고문화회관,서울 송파구 올림픽로35길 137 한국광고문화회관 2층,송파구,37.5161749,127.09945,seoul
시민문화회관 디피랑,경남 통영시 남망공원길 29,,34.8423238,128.4286307,gyeongnam
경남 합천군 대양면 정양리 151,경남 합천군 대양면 대야로 730,,35.5503442,128.1660048,gyeongnam
람사르 고양장항습지센터,경기 고양시 일산동구 장대들길 401 람사르 고양 장항습지생태관,고양시,37.6417937,126.7555285,gyeonggi
화문석문화관 강화화문석문화관,인천 강화군 송해면 장정양오길 413 화문석문화관,강화군,37.7957084,126.4547614,incheon
해양생태과학관,경기 시흥시 거북섬서로 35,시흥시,37.3293747,126.6769589,gyeonggi
한화기념관,인천 남동구 논현고잔로168번길 45,남동구,37.3954551,126.7187868,incheon
천안박물관 천안박물관 어린이박물관,충남 천안시 동남구 천안삼거리길 27 천안박물관,,36.7867273,127.163216,chungnam
경북 영천시 금호읍 창산길 100-29,경북 영천시 금호읍 창산길 100-29,,35.9077398,128.8810247,gyeongbuk
한국근현대사박물관,경기 파주시 탄현면 헤이리마을길 59-85 1층,파주시,37.7908454,126.6952166,gyeonggi
경기 고양시 덕양구 고양동 302,경기 고양시 덕양구 고양동 302,고양시,37.7039807,126.8953989,gyeonggi
타임스퀘어,서울 영등포구 영중로 15 타임스퀘어,영등포구,37.5171629,126.9029652,seoul
포천아트밸리 천문과학관,경기 포천시 신북면 아트밸리로 234,포천시,37.9232113,127.2372231,gyeonggi
부안누에타운,전북 부안군 변산면 참뽕로 434-20,,35.6319291,126.5130021,jeonbuk
어린이백제체험관,충남 청양군 대치면 장곡길 45-27 어린이백제체험관,,36.4048669,126.8459486,chungnam
세종특별자치시 장군면 산학리길 229,세종 장군면 산학리길 229 1층 면장님민물새우칼제비,,36.4830612,127.2325274,sejong
경기 화성시 풀무골로60번길 4-16,경기 화성시 풀무골로60번길 4-16,화성시,37.2013845,127.1351362,gyeonggi
경기 용인시 수지구 성복2로301번길 7,경기 용인시 수지구 성복2로301번길 7 2층,용인시,37.3181713,127.0551317,gyeonggi
충남 태안군 소원면 천리포1길 120,충남 태안군 소원면 천리포1길 120,,36.7926402,126.1483232,chungnam
국립여수해양기상과학관,전남 여수시 오동도로 61-9 국립여수해양기상과학관,,34.7473581,127.747311,jeonnam
인천국제공항역 제1교통센터 지하,인천 중구 공항로 271 인천국제공항역,중구,37.4493294,126.4508231,incheon
수목학습장(식물원) 성호박물관,경기 안산시 상록구 성호로 113 안산식물원,안산시,37.314319,126.8608919,gyeonggi
해오름전시실 곤충박물관,전남 여수시 자산공원길 90 여수항해상교통관제센터내 1층,,34.7390668,127.7512377,jeonnam
김포시 맑은물사업소,경기 김포시 고촌읍 신곡로 152,김포시,37.6054174,126.7638376,gyeonggi
연천군청소년수련관,경기 연천군 연천읍 문화로 140,연천군,38.1055396,127.0792524,gyeonggi
서울 서대문구 통일로 279-24,서울 서대문구 통일로 279-24,서대문구,37.5760525,126.9543988,seoul
박두진문학관,경기 안성시 보개면 남사당로 198-11,안성시,37.0350044,127.310849,gyeonggi
어촌민속전시관 거제조선해양문화관,경남 거제시 일운면 지세포해안로 41,,34.8346903,128.7016375,gyeongnam
나주목문화관,전남 나주시 금성관길 15,,35.0323034,126.7156886,jeonnam
국립나주박물관,전남 나주시 반남면 고분로 747 국립나주박물관,,34.9148888,126.6589952,jeonnam
Wake up 국제청소년센터,충남 서산시 해미면 동문1길 42,,36.7124419,126.5526128,chungnam
충남 태안군 남면 몽산포길 57,충남 태안군 남면 몽산포길 57,,36.6720965,126.2901859,chungnam
창원역사민속관,경남 창원시 의창구 창이대로397번길 25,,35.245122,128.6808469,gyeongnam
장영실과학관,충남 아산시 실옥로 222,,36.7979271,126.9771389,chungnam
경남 진주시 진주대로879번길 18,경남 진주시 진주대로879번길 18,,35.1783561,128.089294,gyeongnam
공연장,인천 중구 동화마을길 42,중구,37.4776267,126.6206929,incheon
충청남도교육청 과학교육원 1층 유아과학관,충남 아산시 순천향로 624-30,,36.7487262,126.9914366,chungnam
국립김해박물관,경남 김해시 가야의길 190 국립김해박물관,,35.2429432,128.8738051,gyeongnam
영덕신재생에너지전시관,경북 영덕군 영덕읍 해맞이길 254-20 영덕풍력발전단지내,,36.4225163,129.4196794,gyeongbuk
춘원당 한방병원 박물관,서울 종로구 돈화문로9길 27,종로구,37.5715314,126.9902445,seoul
천연기념물센터,대전 서구 유등로 927 천연기념물센터,서구,36.3678154,127.3923,daejeon
광주솔로몬로파크,광주 북구 오문로 244 광주솔로몬로파크,,35.1892173,126.9309781,gwangju
진도해양생태관,전남 진도군 고군면 신비의바닷길 64 진도해양생태관,,34.4349531,126.3529245,jeonnam
수소안전뮤지엄,충북 음성군 맹동면 연미로 360-33,,36.9170197,127.5506726,chungbuk
지족어촌관광단지,경남 남해군 삼동면 죽방로 65,,34.8312859,127.9954434,gyeongnam
진해해양공원,경남 창원시 진해구 명동로 62,,35.0915684,128.7201785,gyeongnam
경남과학교육원,경남 진주시 진성면 진의로 178-35,,35.2016587,128.2258584,gyeongnam
광명시어린이교통공원,경기 광명시 금하로 486,광명시,37.4496215,126.8875118,gyeonggi
이천시립박물관,경기 이천시 경충대로2697번길 172,이천시,37.2747708,127.4271355,gyeonggi
제주민속자연사박물관,제주 제주시 삼성로 40,,33.506392,126.5313379,jeju
경남 진주시 판문오동길 99-7,경남 진주시 판문오동길 99-7 진양호우드랜드,,35.1756905,128.0395916,gyeongnam
진주유등전시관,경남 진주시 망경로 207,,35.1821389,128.0773604,gyeongnam
제주해양동물박물관,제주 서귀포시 성산읍 서성일로 689-21,,33.4293498,126.8551372,jeju
서울지방국세청,서울 종로구 종로5길 86 국세청,종로구,37.5742207,126.9798853,seoul
경상남도교육청 미래교육원,경남 의령군 의령읍 의병로8길 12-33,,35.3166177,128.2507184,gyeongnam
서울특별시교육연구정보원,서울 중구 소파로 46 서울특별시교육청교육연구정보원,중구,37.5546291,126.9807876,seoul
의령곤충생태학습관,경남 의령군 의령읍 의합대로 28 의령곤충생태학습관,,35.3183942,128.2828676,gyeongnam
예술랜드,전남 여수시 돌산읍 무술목길 142-1 여수예술랜드,,34.6950311,127.7771599,jeonnam
대법원 청사 동관,서울 서초구 서초대로 219,서초구,37.4926457,127.0051584,seoul
울산 울주군 서생면 해맞이로 1251,울산 울주군 서생면 해맞이로 1251,,35.3616886,129.354695,ulsan
난계국악박물관,충북 영동군 심천면 국악로 9,,36.2101797,127.7049262,chungbuk
용산 어린이정원 내 보보의집,서울 용산구 한강대로38길 21,용산구,37.5273707,126.9727248,seoul
용산어린이정원 내 어린이 환경생태교육관,서울 용산구 한강대로38길 21,용산구,37.5273707,126.9727248,seoul
인천 중구 신포로23번길 101,인천 중구 신포로23번길 101,중구,37.4735699,126.6199683,incheon
서울 용산구 백범로 281-9,서울 용산구 백범로 281-9,용산구,37.5401027,126.9608769,seoul
전주자연생태박물관 전주자연생태관,전북 전주시 완산구 바람쐬는길 21,,35.811604,127.1626003,jeonbuk
해양환경공단,서울 송파구 송파대로28길 28 1층 키즈마린파크,송파구,37.4945486,127.121036,seoul
서울산업진흥원 한국영상자료원,서울 마포구 월드컵북로 400 문화콘텐츠센터,마포구,37.580273,126.8895709,seoul
영양산촌생활박물관,경북 영양군 입암면 영양로 963,,36.615364,129.0841443,gyeongbuk
전북 군산시 구영7길 37,전북 군산시 구영7길 37,,35.9857302,126.7094222,jeonbuk
국립농업과학원 곤충박물관,전북 완주군 이서면 농생명로 166 국립농업과학원 내 곤충박물관,,35.8277872,127.0389539,jeonbuk
조계사 불교중앙박물관,서울 종로구 우정국로 55,종로구,37.5737806,126.9818548,seoul
전남 화순군 백아면 서유리 산150-1,전남 화순군 백아면 서유리 산150-1,,35.170075,127.090239,jeonnam
소양강 물문화관,강원 춘천시 신북읍 신샘밭로 1128 소양강 물문화관,,37.9488605,127.8150525,gangwon
경기 양평군 강하면 강남로 267,경기 양평군 강하면 강남로 267 1층,양평군,37.4990657,127.4156647,gyeonggi
인천 강화군 강화읍 남문안길 35,인천 강화군 강화읍 남문안길 35,강화군,37.7456461,126.4827936,incheon
땅끝해양사자연박물관,전남 해남군 송지면 땅끝마을길 89,,34.3012907,126.5296515,jeonnam
파발119지역대,경기 의정부시 호국로 1314,의정부시,37.7434724,127.0501363,gyeonggi
서해안 안전체험관 서해안 안전체험관,충남 서산시 잠홍2길 65,,36.790601,126.4861677,chungnam
안성환경교육센터,경기 안성시 보개면 보개산로 147-156,안성시,37.0496469,127.3263301,gyeonggi
부산현대미술관,부산 사하구 낙동남로 1191 부산현대미술관,,35.1094798,128.9427382,busan
부산 중구 대청로 112,부산 중구 대청로 112 부산근현대역사관 본관,중구,35.1025716,129.0321476,busan
경기 양평군 서종면 소나기마을길 24 산 74,경기 양평군 서종면 소나기마을길 24 산 74,양평군,37.5939128,127.3776844,gyeonggi
공예품전시관,전북 전주시 완산구 태조로 15,,35.8146567,127.1529934,jeonbuk
자유총연맹,인천 미추홀구 수봉안길 84,미추홀구,37.4605435,126.6642746,incheon
부산영화체험박물관,부산 중구 대청로126번길 12 부산영화체험박물관,중구,35.1017105,129.0335935,busan
경남 고성군 고성읍 동해로 115,강원 고성군 고성읍 동해로 115,,34.9837771,128.3436894,gangwon
NXC센터,제주 제주시 1100로 3198-8 넥슨컴퓨터박물관,,33.4718071,126.4850258,jeju
국립새만금간척박물관 새만금간척박물관,전북 부안군 변산면 새만금로 29-7,,35.6964993,126.5566281,jeonbuk
울산광역시교육연구정보원,울산 남구 남부순환도로 111 1층 울산과학관,,35.5396378,129.2676087,ulsan
계룡시청소년수련관,충남 계룡시 신도안면 송정길 174 계룡시청소년수련관,,36.2925942,127.2458457,chungnam
클래식카박물관,강원 인제군 기린면 상하답로 130 인제스피디움,,38.0026931,128.2951054,gangwon
전남 목포시 남농로 136,전남 목포시 남농로 136 국립해양유산연구소,,34.7917049,126.4220754,jeonnam
삼척어린이과학놀이체험관,강원 삼척시 엑스포로 69 동굴신비관,,37.4380635,129.1582907,gangwon
강원 횡성군 갑천면 갑천로690번길 156,강원 횡성군 갑천면 갑천로690번길 156,,37.5259631,128.1488263,gangwon
경남 창원시 성산구 용호로 96,경남 창원시 성산구 용호로 96,,35.2367052,128.6827673,gyeongnam
봉수산 수목원 곤충생태관,충남 예산군 대흥면 임존성길 110-16,,36.6012063,126.7811188,chungnam
강릉녹색도시 체험센터,강원 강릉시 난설헌로 131,,37.791673,128.9072579,gangwon
제주4.3평화기념관 제주 4.3 어린이체험관,제주 제주시 명림로 430,,33.4508323,126.6206883,jeju
양주체육복지센터 2층 양주시VR체험관,경기 양주시 화합로1426번길 90,양주시,37.8381544,127.068039,gyeonggi
베스트 고양터미널,경기 고양시 일산동구 중앙로 1036 고양터미널 진료 6층(입원실 3층),고양시,37.6430777,126.7899459,gyeonggi
강릉아레나,강원 강릉시 수리골길 102 강릉아이스아레나 1층,,37.779794,128.8968565,gangwon
이화원 이화원생태문화전시관,경기 가평군 가평읍 자라섬로 60,가평군,37.8208949,127.5210701,gyeonggi
경기도 안성시 공도읍 서동대로 3930-39 1동 3층 103호,경기 안성시 공도읍 서동대로 3930-39,안성시,36.9945849,127.1473835,gyeonggi
충주커피박물관,충북 충주시 살미면 월악로 432 충주커피박물관,,36.9045459,128.0145503,chungbuk
경남 남해군 설천면 노량리 거북선전시관,경남 남해군 설천면 노량리,,34.9419938,127.8750069,gyeongnam
공중화장실 이순신영상관,경남 남해군 고현면 남해대로 3817,,34.9133283,127.8570482,gyeongnam
남해유배문학관,경남 남해군 남해읍 남해대로 2745 남해유배문학관,,34.8319302,127.8991379,gyeongnam
서수원버스터미널 이마트,경기 수원시 권선구 수인로 291 1층,수원시,37.2825257,126.9701211,gyeonggi
국립제주박물관,제주 제주시 일주동로 17 국립제주박물관,,33.5134248,126.5488629,jeju
우리은행본점,서울 중구 소공로 51 우리은행,중구,37.5594054,126.9817843,seoul
대구 동구 팔공로 227,대구 동구 팔공로 227,동구,35.9189046,128.639789,daegu
한국안전체험관,강원 태백시 평화길 15 한국안전체험관,,37.1025888,129.0305451,gangwon
한국신발관,부산 부산진구 백양대로 227,,35.1573117,129.025808,busan
완산벙커 더 스페이스,전북 전주시 완산구 완산5길 70,,35.8062345,127.1428692,jeonbuk
UX스튜디오 서울,서울 강남구 강남대로 350,강남구,37.4939939,127.0300652,seoul
경기 의정부시 호국로 1287,경기 의정부시 호국로 1287,의정부시,37.7440191,127.0470937,gyeonggi
인천학생교육문화회관,인천 중구 자유공원로 12,중구,37.4758503,126.6294536,incheon
서해미술관,충남 서산시 부석면 무학로 152-13 서해미술관,,36.6387264,126.3774028,chungnam
인제곤충바이오센터,강원 인제군 상남면 미덕길 253 인제곤충 바이오센터,,37.8945971,128.2850687,gangwon
희소식,경기 성남시 분당구 구미로 16 136호,성남시,37.3378179,127.1112797,gyeonggi
카페 엠에프티,인천 서구 청라라임로122번길 13 1층 카페 엠에프티,서구,37.5388522,126.654413,incheon
꼬망티지,전북 완주군 용진읍 상운길 104-9 꼬망티지,,35.8899173,127.1527799,jeonbuk
보신각,서울 종로구 종로 54 보신각,종로구,37.569795,126.9835376,seoul
스타광장,서울 중구 을지로 12 시티스타몰 603,중구,37.5656993,126.9783945,seoul
공간아울,서울 종로구 대학로 120,종로구,37.5818891,127.0023149,seoul
세종로공원,서울 종로구 세종대로 189,종로구,37.5735,126.9758875,seoul
구립영등포아트스퀘어,서울 영등포구 영중로 15 지하 2층,영등포구,37.5176343,126.9029183,seoul
갤러리 플래닛,서울 마포구 어울마당로 65 상상마당빌딩,마포구,37.5509494,126.9210617,seoul
홍익대학교 박물관,서울 마포구 와우산로 94 문헌관 3층,마포구,37.5505874,126.9260423,seoul
이호철북콘서트홀,서울 은평구 통일로 767 호반베르디움스테이원 상가 2층,은평구,37.6137,126.9268471,seoul
양재천수변문화쉼터,서울 강남구 논현로22길 77,강남구,37.4827688,127.0491707,seoul
국립대한민국임시정부기념관,서울 서대문구 통일로 279-24,서대문구,37.5760525,126.9543988,seoul
서울책보고,서울 송파구 오금로 1 서울책보고,송파구,37.522188,127.1037921,seoul
심산기념문화센터,서울 서초구 사평대로 55 서초구민체육센터.심산기념문화센터,서초구,37.4990163,126.9917416,seoul
성동구립도서관,서울 성동구 고산자로10길 9 성동구립도서관,성동구,37.5592666,127.0349875,seoul
청계광장,서울 중구 태평로1가 1,중구,37.569166,126.9777119,seoul
탈영역우정국,서울 마포구 독막로20길 42 탈영역우정국,마포구,37.546978,126.9276602,seoul
홍대 인사이터 홈,서울 마포구 동교로 196 4층,마포구,37.5574749,126.9229836,seoul
선농단역사문화관,서울 동대문구 무학로44길 38,동대문구,37.5812107,127.0320269,seoul
한솥아트스페이스,서울 강남구 압구정로 459 B1층,강남구,37.5254471,127.0470017,seoul
미림아트,서울 종로구 인사동길 11-1 미림아트센터 1층,종로구,37.5718739,126.986718,seoul
서울특별시동부권직장맘지원센터,서울 광진구 아차산로30길 36,광진구,37.5394755,127.0668112,seoul
서초문화예술회관,서울 서초구 강남대로 201 서초문화예술회관,서초구,37.4818717,127.0359751,seoul
코지모임공간 신촌점,서울 서대문구 연세로 8-1 버티고타워 10층,서대문구,37.5562802,126.9370894,seoul
구로창의아트홀,서울 구로구 경인로 416 4층,구로구,37.4983312,126.8658718,seoul
송파 청년아티스트센터,서울 송파구 풍성로10길 6-1,송파구,37.534057,127.1159863,seoul
가나아트센터,서울 종로구 평창30길 28,종로구,37.6122897,126.9751697,seoul
서소문성지 역사박물관,서울 중구 칠패로 5,중구,37.5605975,126.9688662,seoul
이스랏아트룸,서울 서초구 서초대로23길 15-8 1층,서초구,37.4881245,126.9919902,seoul
우리소리도서관,"서울 종로구 삼일대로30길 47 4, 5층",종로구,37.5745833,126.9901653,seoul
상도어울마당 아트홀,서울 동작구 성대로 180 지하 1층,동작구,37.4992147,126.9402892,seoul
본동어울마당 아트홀,서울 동작구 노량진로32길 79,동작구,37.5105545,126.9569133,seoul
중랑청소년문화예술창작센터,서울 중랑구 면목로36길 4 면목7동복합청사 3층 중랑청소년문화예술창작센터,중랑구,37.5778002,127.0860486,seoul
국립서울현충원,서울 동작구,동작구,37.5027957,126.9748176,seoul
망원한강공원,서울 마포구 마포나루길 467 한강공원망원지구사무소,마포구,37.5553018,126.8952798,seoul
어린이청소년 국학도서관,서울 종로구 명륜길 26 와룡문화센터 5층,종로구,37.5885369,126.995547,seoul
아트선재센터,서울 종로구 율곡로3길 87 아트선재센터,종로구,37.579475,126.9818375,seoul
노화랑,서울 종로구 인사동길 54,종로구,37.5748652,126.9841047,seoul
연세대학교 이윤재관(622),서울 서대문구 연세로 50,서대문구,37.5671131,126.9390292,seoul
온쉼표,경기 광주시 도척면 시어골길 115-6 온쉼표,광주시,37.3134654,127.2967173,gyeonggi
별관,서울 구로구 공원로6나길 43-13 1층 강촌숯불닭갈비 별관,구로구,37.505013,126.8916881,seoul
서울광장,서울 중구 을지로 12 시청광장지하쇼핑센터,중구,37.5657379,126.9779487,seoul
에브리데이몬데이 갤러리,서울 송파구 송파대로48길 14,송파구,37.5088598,127.105775,seoul
공평도시유적전시관,서울 종로구 우정국로 26 센트로폴리스빌딩 지하1층,종로구,37.5719375,126.9833983,seoul
서울외국인주민센터,서울 영등포구 도신로 40 서울외국인주민센터,영등포구,37.5047893,126.8973937,seoul
크리스프 웨지,서울 마포구 양화로8길 32-17 지하 1층 크리스프 웨지,마포구,37.5494152,126.9156165,seoul
지우헌,서울 종로구 북촌로11라길 13,종로구,37.5833834,126.9829994,seoul
서울시립 남서울미술관,서울 관악구 남부순환로 2076 서울시립미술관,관악구,37.4760645,126.9795205,seoul
서울시립 미술아카이브,서울 종로구 평창문화로 101,종로구,37.6078975,126.9719266,seoul
금천구립독산도서관,서울 금천구 독산로54길 114 금천구립도서관,금천구,37.4675724,126.9080684,seoul
통인화랑,서울 종로구 인사동길 32 통인빌딩,종로구,37.5734875,126.9858072,seoul
성북여성문화센터,서울 성북구 성북로4길 177,성북구,37.5955737,127.0086425,seoul
서울문화예술교육센터 양천,서울 양천구 남부순환로64길 2,양천구,37.5282201,126.8321456,seoul
뚝섬한강공원,서울 광진구 자양동 704-1,광진구,37.5294517,127.0706769,seoul
노들섬 복합문화공간,서울 용산구 양녕로 445,용산구,37.5176704,126.9580519,seoul
서울시립 사진미술관,서울 도봉구 마들로13길 68 서울시립 사진미술관,도봉구,37.6554366,127.0489859,seoul
이회영기념관,서울 종로구 사직로6길 15 이회영기념관,종로구,37.5728426,126.9655447,seoul
관악구청,서울 관악구 관악로 145,관악구,37.4781548,126.9514847,seoul
서울교사노동조합,서울 영등포구 양산로 214,영등포구,37.522328,126.906526,seoul
둘리뮤지엄,서울 도봉구 시루봉로1길 6,도봉구,37.6523759,127.027639,seoul
광화문광장해치마당,서울 종로구 세종대로 172,종로구,37.5716015,126.9769737,seoul
서울로미디어캔버스,서울 중구 만리재로 215,중구,37.5566508,126.968151,seoul
공근혜갤러리 K.O.N.G. GALLERY,서울 종로구 삼청로7길 38 공근혜갤러리빌딩,종로구,37.5839784,126.97967,seoul
서울대학교 미술관,서울 관악구 관악로 1 서울대학교 151동 서울대학교미술관,관악구,37.4664469,126.9496873,seoul
더서울라이티움,서울 성동구 서울숲2길 32-14,성동구,37.545749,127.0426796,seoul
서울역사박물관 경교장(사적 제,서울 종로구 새문안로 55,종로구,37.5701433,126.9704375,seoul
마포아트센터,서울 마포구 대흥로20길 28 마포아트센터,마포구,37.5498966,126.9455361,seoul
강남구청,서울 강남구 도산대로54길 18 1층,강남구,37.521517,127.0386901,seoul
백남준기념관,서울 종로구 종로53길 12-1,종로구,37.5730826,127.0137866,seoul
종로여성인력개발센터,서울 종로구 대학로11길 23 대학로스타시티빌딩 2~4층,종로구,37.5820707,127.0004414,seoul
배화여자대학교 도서관,서울 종로구 필운대로1길 34 배화여자대학,종로구,37.5784446,126.9674786,seoul
서울 앨버트 테일러 가옥(딜쿠샤),서울 마포구 연남로3길 72 1층,마포구,37.5597398,126.9190981,seoul
성북구립미술관 거리갤러리,서울 성북구 성북로 134,성북구,37.594829,126.9948995,seoul
코엑스전시장,서울 강남구 영동대로 513 코엑스,강남구,37.5113206,127.0591399,seoul
서울대공원,경기 과천시 대공원광장로 102,과천시,37.4264494,127.0198465,gyeonggi
종로구립 박노수미술관,서울 종로구 옥인1길 34,종로구,37.5813338,126.9668159,seoul
삼청각,서울 성북구 대사관로 3,성북구,37.5972156,126.9842617,seoul
서울시청 하늘광장 갤러리,서울 중구 세종대로 110 서울특별시청,중구,37.5666103,126.9783882,seoul
송파문화재단,서울 송파구 백제고분로 242 송파구민회관 2층,송파구,37.5021243,127.0932351,seoul
선유도공원,서울 영등포구 선유로 343,영등포구,37.543418,126.90014,seoul
여의도공원,서울 영등포구 여의공원로 68,영등포구,37.526129,126.922377,seoul
63스퀘어,서울 영등포구 63로 50 한화금융센터_63,영등포구,37.5198158,126.9403138,seoul
안산올림픽기념관 대공연장,정보 없음,,,,
성암아트홀,서울특별시 강남구 선릉로111길 6 3F 전층,강남구,37.5110419,127.0429529,seoul
춘천 한림대학교 일송아트홀,정보 없음,,,,
세종문화예술회관,세종특별자치시 조치원읍 문예회관길 22,,36.599438,127.2874384,sejong
코끼리방울 키즈카페,정보 없음,,,,
더 플랫폼 넘버원,정보 없음,,,,
누수탐지,서울 용산구 이태원로 217 211-A호,용산구,37.535283,126.997896,seoul
리솔브뷰티왁싱 강남논현점,서울 서초구 신반포로43길 23-14 401호,서초구,37.5111511,127.0168617,seoul
코끼리방울,경기 용인시 기흥구 동백중앙로 225-6 3층 302호,용인시,37.2744221,127.1500882,gyeonggi
파텔라,서울 영등포구 영등포로20길 22-8 2층 파텔라 퍼포먼스 트레이닝 센터,영등포구,37.5199325,126.8918967,seoul
관문로,경기 과천시 중앙동,과천시,37.4294391,126.9893931,gyeonggi
카피솔루션,서울 광진구 자양로52길 28 1층,광진구,37.5524478,127.094571,seoul
남양주다산중학교,경기 남양주시 다산중앙로172번길 50,남양주시,37.6278498,127.1587133,gyeonggi
애플당당스튜디오,서울 양천구 목동중앙남로 21-32 1층,양천구,37.5354948,126.866326,seoul
대한민국상이군경회유통사업,서울 강남구 학동로4길 15,강남구,37.5105207,127.0235534,seoul
우리지구우구,서울 송파구 성내천로33길 13-1 . 101호,송파구,37.5007168,127.1533715,seoul
프랑꼬아트랩,서울 강남구 강남대로110길 38 1층,강남구,37.5039304,127.0279977,seoul
둥둥막창구이,서울 마포구 월드컵로3길 27 대광빌딩 1층,마포구,37.5502759,126.9112289,seoul
대우기계장비,서울 영등포구 국회대로50길 20,영등포구,37.5235731,126.9058,seoul
비원에프,서울 용산구 독서당로 25 101호,용산구,37.5307433,127.0075154,seoul
온야드 성수점,서울 성동구 성수일로8길 39-1 2층,성동구,37.545753,127.0549596,seoul
구산동경남아너스빌,서울 은평구 갈현로11길 46,은평구,37.6057396,126.9054566,seoul
엑스콤스,서울 서초구 방배중앙로23길 42,서초구,37.4927646,126.9834259,seoul
SK엔크린 현대셀프주유소,서울 강서구 강서로 151 (화곡동),강서구,37.540278,126.8412037,seoul
목포집포차,서울 용산구 녹사평대로54길 23-1,용산구,37.5392182,126.988514,seoul
대한민국세탁1번가,경기 수원시 영통구 센트럴타운로 76,수원시,37.2928072,127.0539932,gyeonggi
가온 휘트니스 대화마을점,경기 고양시 일산서구 송포로 35 2층 202호,고양시,37.6696019,126.7324163,gyeonggi
어니스트뮤직,경기 군포시 번영로587번안길 7,군포시,37.3623459,126.9402702,gyeonggi
임설렁탕,경기 용인시 기흥구 흥덕2로 78 상가105,용인시,37.2742609,127.0743477,gyeonggi
메이크사인,경기 성남시 수정구 복정로20번길 22 103호,성남시,37.4552764,127.1295669,gyeonggi
입주청소,서울 송파구 송파대로40길 3 2층 210-2호,송파구,37.5033547,127.1096899,seoul
봉이밥 올림픽공원점,서울 강동구 성안로 15 1층,강동구,37.5253369,127.1293561,seoul
성수대파,서울 성동구 왕십리로4길 22-1 1층,성동구,37.5466955,127.0464302,seoul
다과한,서울 은평구 갈현로29길 18 1층,은평구,37.6199567,126.9137904,seoul
신인자공방,경기 수원시 팔달구 정조로801번길 13 1층 신인자공방,수원시,37.2796499,127.0157478,gyeonggi
프롬에이 공덕점,서울 마포구 백범로 199 메트로디오빌 2층 프롬에이,마포구,37.5435256,126.9528519,seoul
왓더버거 용인죽전직영점,경기 용인시 기흥구 죽전로 10 1층 107호,용인시,37.320332,127.1098915,gyeonggi
희가로프리미어1차,경기 하남시 미사강변중앙로31번길 15,하남시,37.5495288,127.1917996,gyeonggi
지구사랑점방,서울 관악구 난곡로26길 58 101호,관악구,37.4699675,126.9230169,seoul
이준우의 자전거세상,경기 군포시 당산로135번길 41,군포시,37.3622805,126.9425578,gyeonggi
대한민국의원,서울 중랑구 면목로 352,중랑구,37.5832272,127.0885777,seoul
더새김,서울 중구 을지로20길 24-11 인현빌딩 502호,중구,37.565292,126.9949991,seoul
블루모어,경기 남양주시 덕송2로10번길 3-64 1층 101호,남양주시,37.666424,127.11403,gyeonggi
나래바이크 개봉광명점,서울 구로구 개봉로11길 35-4 1층,구로구,37.487839,126.8538721,seoul
23 NAIL,서울 마포구 월드컵로19길 42 1층(오른쪽),마포구,37.5556876,126.9076401,seoul
김태완스시 송파본점,서울 송파구 오금로 148 1층 김태완스시 송파본점,송파구,37.5104887,127.1112242,seoul
달라짐 PT 헬스 수원인계본점,경기 수원시 팔달구 권광로187번길 10-3,수원시,37.2647548,127.0321623,gyeonggi
메트로디오빌,서울 마포구 신공덕동 백범로 199,마포구,37.5434332,126.9529759,seoul
벨 에포크,"서울 강북구 도봉로49길 34 1층, 벨 에포크",강북구,37.624928,127.0246769,seoul
아이드블랑 시흥점,서울 금천구 시흥대로 143 2층 203호,금천구,37.4469194,126.9031021,seoul
동안마을주공3단지아파트,경기 양주시 고암길 275,양주시,37.8340078,127.0700817,gyeonggi
미분당 홍대점,서울 마포구 서강로9길 59,마포구,37.5544293,126.9304001,seoul
청라호반베르디움4차아파트,인천 서구 청라커낼로 163,서구,37.5282657,126.6389193,incheon
헤어다이아 분당미금스타점,경기 성남시 분당구 돌마로 67 2층 헤어다이아 분당미금스타점,성남시,37.3504972,127.1095235,gyeonggi
블루위드포터리,경기 고양시 일산동구 정발산로196번길 16-2 1층,고양시,37.6626824,126.7872689,gyeonggi
테마플라워,서울 강북구 오현로32길 18,강북구,37.628255,127.0401076,seoul
중고에어컨매입,서울 금천구 독산로50길 89,금천구,37.4903766,126.9142611,seoul
금낭화로,서울 강서구 방화동,강서구,37.5734573,126.8114748,seoul
소로롱,경기 광주시 수하길 22 1층 소로롱,광주시,37.4150583,127.2627511,gyeonggi
에이 오티디,서울 서초구 반포대로7길 17 지하1층,서초구,37.4821576,127.0111359,seoul
스타벅스 일산덕이DT점,경기 고양시 일산서구 탄중로 106 (덕이동),고양시,37.6920286,126.7566826,gyeonggi
가디언하우스 작은목공방,경기 성남시 중원구 성남대로1147번길 15-11 1층,성남시,37.4316366,127.1270629,gyeonggi
원웅,서울 서초구 바우뫼로 101,서초구,37.4750082,127.0322103,seoul
유앤데코 일산본점,경기 고양시 일산서구 일산로 644 1층 YOU&DECO,고양시,37.6823342,126.7578173,gyeonggi
강남대학교입구,경기 용인시 기흥구 구갈동,용인시,37.2726181,127.1289205,gyeonggi
올림픽수영장,서울 송파구 올림픽로 424 올림픽수영장,송파구,37.521036,127.126926,seoul
무인애견셀프목욕 더빛나개,경기 고양시 덕양구 도래울안길 33 101호,고양시,37.6304021,126.8739559,gyeonggi
캔들 제뉴어리,경기 수원시 팔달구 신풍로23번길 10 1층 제뉴어리캔들,수원시,37.2833019,127.0142264,gyeonggi
더샵끌림,경기 화성시 수노을중앙로 293 상가 1층 더샵끌림,화성시,37.2746927,126.8291179,gyeonggi
청화(단지내상가1층)공인중개사사무소,서울 용산구 장문로 27 1층 청화(단지내상가1층)공인중개사사무소,용산구,37.5307156,126.994864,seoul
에이투렌트카,경기 수원시 팔달구 권광로276번길 33-30,수원시,37.2732117,127.0370716,gyeonggi
포트링,서울 마포구 동교로 215 2층,마포구,37.5592675,126.9235096,seoul
이자카야 준무 문래본점,서울 영등포구 도림로 445 1층 이자카야 준무,영등포구,37.5148396,126.8934549,seoul
대한민국라이브,서울 마포구 망원로 96-1 지하1층,마포구,37.5577293,126.9075478,seoul
새로이 필라테스 양재점,서울 서초구 바우뫼로7길 16 801호,서초구,37.4711048,127.025118,seoul
SK 법률사무소 부천 형사이혼전문변호사,경기 부천시 원미구 길주로 284 신중동역헤리움메트로타워 2층,부천시,37.5027793,126.7737169,gyeonggi
오엔법률사무소,"서울 서초구 서초대로 356 14층 1405호, 1406호 오엔법률사무소",서초구,37.4954162,127.0202646,seoul
댕댕대학 간식학과,인천 미추홀구 구월남로 30 2층,미추홀구,37.4546997,126.6930245,incheon
선휴커피,서울 서대문구 거북골로 79 2층,서대문구,37.5767796,126.9203337,seoul
공영주차장,인천 부평구 신트리로8번길 18,부평구,37.5054749,126.7223385,incheon
힐링핏필라테스 명일본점,서울 강동구 양재대로 1666 지하1층,강동구,37.5543831,127.1448511,seoul
H플란트치과의원 수원,경기 수원시 장안구 경수대로 930 4층 H플란트치과의원,수원시,37.3027536,127.0085923,gyeonggi
백년불고기물갈비 마곡점,"서울 강서구 마곡중앙2로 35 1층108,109,110호(마곡동,이너매스마곡II)",강서구,37.5579845,126.8304232,seoul
라무통,경기 용인시 수지구 신봉1로 421-3 라무통,용인시,37.3335774,127.0439486,gyeonggi
달빛공원,인천 연수구 아암대로 764,연수구,37.3968338,126.6589795,incheon
커피사랑방,서울 마포구 월드컵북로7길 8,마포구,37.558362,126.917283,seoul
장미화실,서울 서초구 청두곶길 44 1층(방배동),서초구,37.4806395,126.9855584,seoul
베이지버드,서울 서초구 방배로42길 24 1층,서초구,37.4948281,126.989801,seoul
오블리비아떼,서울 서초구 방배천로6길 39-2 1F,서초구,37.4793593,126.9849554,seoul
하얀고래미술교습소,서울 서초구 방배천로2안길 83 1층 103호,서초구,37.4806711,126.9839537,seoul
로우텐션,서울 서초구 방배천로6길 32-10 1층,서초구,37.4788285,126.984388,seoul
키키데이즈 캔들공방,서울 서초구 청두곶3길 12 1층 키키데이즈,서초구,37.4788274,126.9845801,seoul
쎄봉 크루아상 크로플마을,서울 서초구 방배천로2안길 45 1층,서초구,37.4790051,126.9838217,seoul
구포국수,서울 마포구 월드컵북로7길 10,마포구,37.5582881,126.9171878,seoul
도버빌리지,서울 서초구 도구로9길 32 1층,서초구,37.4821195,126.9857396,seoul
팅커의마법정원,서울 서초구 청두곶3길 22 1층,서초구,37.4789253,126.9839895,seoul
사당 연습실 제이엔터 사당중앙점,서울 서초구 방배천로4안길 52 지하1층 제이엔터 사당중앙점,서초구,37.4804275,126.9834325,seoul
하와이조개 당산점,서울 영등포구 당산로47길 8 1층 2호,영등포구,37.5348374,126.9018955,seoul
독막로3길,서울 마포구 서교동,마포구,37.5496845,126.9177593,seoul
명인대동양평해장국 강동점,"서울 강동구 성안로 172 102동 101,102,103호",강동구,37.5382546,127.1359815,seoul
북촌전통발효공방 빚담,서울 종로구 북촌로12길 5-12,종로구,37.5823519,126.9854683,seoul
하트펠트 석고공방,경기 안산시 단원구 광덕3로 223 2층,안산시,37.3122726,126.8377627,gyeonggi
청년스테이션,경기 시흥시 정왕대로233번길 19-1,시흥시,37.3460715,126.7395581,gyeonggi
스냅굿타임 셀프사진관 흑백 스튜디오 화성 동탄역점,경기 화성시 동탄기흥로 590,화성시,37.212792,127.0943462,gyeonggi
영등포교육복지센터,서울 영등포구 당산로 235 영등포교육복지센터,영등포구,37.5347128,126.9020849,seoul
마음수련 미아 명상센터,서울 도봉구 우이천로 302 덕후빌딩 1층,도봉구,37.6446728,127.0290662,seoul
엘지스포츠,서울 송파구 올림픽로 25 잠실종합운동장 (내),송파구,37.5164915,127.0735976,seoul
나츠래쉬,서울 마포구 마포대로 196 지하1층 32호,마포구,37.5513508,126.9561973,seoul
거기시켜 구디직영점,서울 구로구 디지털로32가길 86-11,구로구,37.4804337,126.8962682,seoul
바닐라크레뮤,경기 광명시 신기로 15 201호,광명시,37.4204507,126.8829543,gyeonggi
델리지오쿡 신천점,경기 시흥시 신천로63번길 1 1층,시흥시,37.4360795,126.7871127,gyeonggi
온담플라워&주얼리,서울 마포구 도화2안길 14 1층,마포구,37.5394057,126.9487376,seoul
댕빵소,"경기 성남시 수정구 성남대로1250번길 5-1 1층, 댕빵소",성남시,37.4416111,127.1280701,gyeonggi
목설,서울 강동구 성안로7길 45 202호,강동구,37.5284081,127.1281688,seoul
트리베카,서울 영등포구 영중로24길 12,영등포구,37.5219335,126.9064031,seoul
푸르미르,인천 부평구 동암남로13번길 15,부평구,37.4715996,126.7052349,incheon
양향자 푸드앤코디아카데미,"서울 강남구 논현로57길 24 2, 3층",강남구,37.4912955,127.0391367,seoul
국민털잡이 슈가링 왁싱 청라본점,인천 서구 청라커낼로260번길 27 한신더휴커넬웨이 상가 a동 2층 225호,서구,37.5322259,126.6478392,incheon
알벤토,인천 서구 청라루비로134번길 6,서구,37.5369993,126.6412012,incheon
하이킬른,서울 서대문구 연희로 213 B1,서대문구,37.5760679,126.9351905,seoul
돈키호테 키즈카페,경기 고양시 덕양구 중앙로557번길 11 삼정플라자 3층,고양시,37.6229647,126.8350339,gyeonggi
카페초하,경기 안산시 단원구 신촌5길 33 1층 103호,안산시,37.3149108,126.8195477,gyeonggi
연우아트글씨문화연구실,서울 서초구 나루터로15길 39 A동 203호,서초구,37.5170979,127.0170269,seoul
네일드셀린,서울 송파구 올림픽로10길 35 103호,송파구,37.5085511,127.0817259,seoul
비라이트 캔들&향수공방,서울 용산구 두텁바위로 43 202호 노란색 문,용산구,37.5459097,126.9769737,seoul
보라앤드 연남소품샵,서울 마포구 동교로 262-5 1층 보라앤드,마포구,37.562913,126.9255094,seoul
아이브,경기 고양시 일산동구 위시티2로11번길 6-31 106호,고양시,37.6763654,126.8138281,gyeonggi
포포인츠 바이 쉐라톤 조선 서울역,서울 용산구 한강대로 366 포포인츠바이쉐라톤조선 서울역,용산구,37.5511247,126.9729133,seoul
향기공방 신트,서울 영등포구 당산로 161-9 1층,영등포구,37.5290864,126.8972629,seoul
슬아트 공방 카페,경기 수원시 권선구 칠보로14번길 123 1층,수원시,37.2630426,126.9429046,gyeonggi
강남역지하쇼핑센터 B1 고객안내센터,서울 강남구 테헤란로 156,강남구,37.498222,127.0286134,seoul
메르헨유리공방 스테인드글라스 유리공예,경기 부천시 소사구 소사로202번길 24,부천시,37.4762512,126.7968499,gyeonggi
낙원타코 강남역점,서울 서초구 서초대로73길 7 2층,서초구,37.4981634,127.0253638,seoul
대한민국삼겹살 기흥구청점,경기 용인시 기흥구 관곡로64번길 14-8 1층 대한민국삼겹살 기흥구청점,용인시,37.2815385,127.1123103,gyeonggi
피크14,서울 종로구 돈화문로5가길 31 4층 401호,종로구,37.5721544,126.9912937,seoul
브라더순대,경기 오산시 경기대로 289 오산대동다숲 1층 브라더순대,오산시,37.1507759,127.0733656,gyeonggi
ENG SOUND,서울 성동구 성수이로12길 6 302호,성동구,37.5398347,127.055859,seoul
e편한세상광진그랜드파크,서울 광진구 광나루로 458 e편한세상 광진 그랜드파크,광진구,37.5440628,127.0810419,seoul
스팀의진수,경기 오산시 경기대로 280 1층 스팀의진수,오산시,37.1497652,127.0740217,gyeonggi
오산사무용가구,경기 오산시 경기대로 261-1,오산시,37.1482326,127.0733709,gyeonggi
금미담,서울 강서구 양천로 564 두산위브센티움 1층 112~115호,강서구,37.5572013,126.8611522,seoul
선나무 가구공방,서울 구로구 디지털로32가길 86-11 1층,구로구,37.4804595,126.8961129,seoul
카페 소담,경기 부천시 원미구 소향로 127 110호,부천시,37.5026195,126.761935,gyeonggi
연세히어로정형외과의원 송도,인천 연수구 센트럴로 313 B동 425~433호,연수구,37.4011939,126.6314043,incheon
오목교별장,서울 양천구 오목로 331 2층 오목교별장,양천구,37.5248984,126.8744388,seoul
연정민 소금구이,서울 송파구 백제고분로33길 16 1층 102호,송파구,37.5039988,127.0989093,seoul
프로젝트룩,서울 서대문구 홍제원1길 8 201호,서대문구,37.586993,126.9470351,seoul
에즈씨유 가죽공방,경기 수원시 영통구 대학4로 34 101호 1층 에즈씨유 가죽공방,수원시,37.2990132,127.0477226,gyeonggi
테일러룸스,서울 강남구 논현로152길 37,강남구,37.521765,127.0311777,seoul
아이픽스존 인계점 수원아이폰수리센터,경기 수원시 팔달구 권광로 159 수원프라자 704호,수원시,37.2621167,127.0315966,gyeonggi
경기상상캠퍼스,경기 수원시 권선구 서둔로 166 경기상상캠퍼스,수원시,37.2658392,126.9824383,gyeonggi
삼대째손두부,경기 부천시 원미구 소향로 111 디아뜨갤러리 1차 A동 2층 삼대째손두부,부천시,37.5027171,126.7600728,gyeonggi
처갓집양념치킨 효창점,서울 용산구 백범로77길 14 201호,용산구,37.5391923,126.9647726,seoul
사계솔,서울 강남구 논현로38길 32-11 1층,강남구,37.4848823,127.044822,seoul
카츠백 의정부점,경기 의정부시 시민로158번길 3,의정부시,37.7371395,127.0525291,gyeonggi
유앤미,경기 파주시 파주읍 주라위길 94 유앤미,파주시,37.8154797,126.7961476,gyeonggi
투데이 이즈 조이,경기 고양시 일산동구 무궁화로187번길 34 1층 투데이 이즈 조이,고양시,37.6726851,126.780924,gyeonggi
호우커피,서울 은평구 서오릉로9길 14-1 지층,은평구,37.6068741,126.920349,seoul
리지케이크,경기 안양시 동안구 동편로184번길 19-6 1층 리지케이크,안양시,37.4057413,126.9690607,gyeonggi
페이즈,경기 안양시 동안구 인덕원로16번길 1 1층 104호,안양시,37.4011708,126.9739722,gyeonggi
연필,서울 광진구 면목로 12 1층 102호,광진구,37.555229,127.0756111,seoul
새개문화공원,서울 강서구 마곡동 800-7,강서구,37.5581176,126.8300809,seoul
깊은,서울 용산구 후암로28길 3 라비앙남산 101호,용산구,37.5501937,126.9776796,seoul
용인농협 본점,경기 용인시 처인구 금령로55번길 2,용인시,37.2352222,127.2026146,gyeonggi
흥성양꼬치 선학본점,인천 연수구 학나래로14번길 14 1층 흥성양꼬치,연수구,37.4242696,126.6973755,incheon
마구로선수,경기 안양시 동안구 부림로 121 동아프라자 2층 205호,안양시,37.3941457,126.9644677,gyeonggi
김가네 가산롯데IT점,서울 금천구 가산디지털2로 98,금천구,37.4766149,126.881442,seoul
후불상조 예지라이프 전국서비스,서울 은평구 갈현로 220-36,은평구,37.6167386,126.9159747,seoul
르라보,서울 은평구 연서로23길 7-6 1층 르라보헤어,은평구,37.615384,126.9169835,seoul
마앤드맨즈헤어,경기 안양시 동안구 경수대로 596 2층,안양시,37.3757801,126.9568408,gyeonggi
롤린,경기 양주시 고원2나길 46 103호,양주시,37.8303032,127.0729762,gyeonggi
디자인독,서울 강남구 논현로113길 30 1층,강남구,37.5080975,127.0308423,seoul
서울시윈드서핑장,서울 광진구 강변북로 2326,광진구,37.5269349,127.0792631,seoul
녹번삼성키즈소아청소년과의원,서울 은평구 통일로 630-1 B1층 101-2호,은평구,37.6031406,126.9374562,seoul
대복삼겹살왕솥뚜껑,서울 동작구 사당로17가길 8 1층,동작구,37.4839314,126.9735849,seoul
쉼 마포공덕점,서울 마포구 도화길 33 2층,마포구,37.5411013,126.9494858,seoul
소예도예공방,서울 강서구 화곡로18길 27 102호 소예도자기공방,강서구,37.5390412,126.8360543,seoul
하수구막힘,서울 금천구 가산디지털2로 169-16 5층 오501호,금천구,37.4829829,126.8764634,seoul
포시즌키친 광교직영점,"경기 수원시 영통구 광교호수공원로 277 B2층 249~253, 255 -256호",수원시,37.2807536,127.0590062,gyeonggi
이글펜싱클럽 잠실 본점,서울 송파구 백제고분로 288 B1 이글펜싱클럽,송파구,37.5023357,127.0986625,seoul
이지드럼동호회,경기 수원시 영통구 매영로45번길 7 B1,수원시,37.2695247,127.0477919,gyeonggi
하이바디케어,경기 이천시 갈산로133번길 18-8 1층,이천시,37.2868245,127.4685182,gyeonggi
S휘트니스 PT/G.X,서울 강동구 풍성로45길 18 지하1층 s휘트니스,강동구,37.53139,127.1303985,seoul
아델반 태전점,경기 광주시 태전로 116 청운빌딩 나동 3층,광주시,37.3931318,127.2245353,gyeonggi
사계절,경기 고양시 덕양구 원흥1로 46-19 1층 105호,고양시,37.6506096,126.8708067,gyeonggi
루시타로&사주,서울 성북구 지봉로20길 65 1층 루시타로&사주,성북구,37.5820985,127.0194686,seoul
세라듀,서울 강남구 논현로 332 계유빌딩 b1,강남구,37.4949242,127.0400111,seoul
다이소 신사역점,서울 강남구 강남대로 606 1층,강남구,37.5159589,127.0201726,seoul
파티룸호텔땅고스위트루프탑,서울 중구 창경궁로1길 34 302호,중구,37.5626181,126.99656,seoul
아로유플라워,서울 송파구 삼학사로6길 17 1층 아로유플라워,송파구,37.4998425,127.0989178,seoul
서울SK나이츠,서울 송파구 올림픽로 25 서울특별시학생체육관,송파구,37.5121532,127.0754598,seoul
두물은공방,경기 양평군 양서면 목왕로 13-1 2F,양평군,37.542722,127.3244764,gyeonggi
메가MGC커피 홍대패션거리점,서울 마포구 와우산로23길 38 1층,마포구,37.5544414,126.923625,seoul
시립청소년음악센터,서울 양천구 남부순환로 657 시립청소년음악센터,양천구,37.5106046,126.8429025,seoul
영스우드,경기 시흥시 호현로 39 지하1층,시흥시,37.4438246,126.7850298,gyeonggi
단비스튜디오,서울 광진구 능동로50길 9 1층(중곡동),광진구,37.5640426,127.0839999,seoul
트레바리 강남 아지트,서울 강남구 강남대로92길 19 여원빌딩 3-10층,강남구,37.4991699,127.0288929,seoul
유메노키친,경기 성남시 분당구 성남대로 51 분당 포스빌 116호,성남시,37.3407154,127.1079427,gyeonggi
리춘시장 신촌점,서울 서대문구 연세로9길 10-4 1층 리춘시장,서대문구,37.5586663,126.9364152,seoul
웰스파,서울 강남구 논현로161길 16 3층 웰스파,강남구,37.5236064,127.0268746,seoul
세브란스병원,서울 서대문구 연세로 50-1,서대문구,37.5623446,126.9408265,seoul
고베규카츠 서울 강남점,서울 강남구 강남대로102길 29 예촌빌딩,강남구,37.5028871,127.0275872,seoul
열정국밥 동대문구장안점,서울 동대문구 한천로24길 74-16 1층,동대문구,37.567839,127.0678418,seoul
덕스커피로스터스,경기 고양시 덕양구 도래울안길 33-1 1층 103호,고양시,37.6304159,126.874152,gyeonggi
슬론헤어,서울 서초구 강남대로53길 12 솔라티움시티 2층 203호~206호,서초구,37.4943933,127.0277115,seoul
서강대학교 메리홀 대극장,서울 마포구 백범로 35 서강대학교,마포구,37.5522048,126.9395136,seoul
연세고운미소치과의원,경기 성남시 분당구 성남대로 165 천사의도시 1차 313~315호,성남시,37.350315,127.108356,gyeonggi
튜터케이랑 성신여대점,서울 성북구 동소문로 88 2층,성북구,37.5921667,127.0150772,seoul
선사현대아파트,서울 강동구 상암로 11,강동구,37.552544,127.1258756,seoul
군자주공12단지아파트,경기 안산시 단원구 선부광장남로 113,안산시,37.3311298,126.8139914,gyeonggi
샤이닝페터 스테인드글라스 유리공방 유리공예,서울 성동구 왕십리로31길 21 1층 상가,성동구,37.5628783,127.0273555,seoul
은빛타운,서울 강남구 강남대로122길 45,강남구,37.508889,127.026604,seoul
모임공간&스터디룸 돈버는아지트 modern,서울 서초구 사평대로53길 137 2층 201호,서초구,37.5098766,127.0188475,seoul
오이빌라,서울 종로구 이화장2길 10,종로구,37.5778355,127.0050493,seoul
슈가메르헨,경기 고양시 덕양구 솔밭1길 44-6 1층 101호 슈가메르헨,고양시,37.6532961,126.8740645,gyeonggi
주나수산,서울 서초구 서초대로77길 45 1층,서초구,37.5016504,127.0249251,seoul
바인,서울 용산구 신흥로20길 12 지1층,용산구,37.5462877,126.9848897,seoul
젤라떼리아 에따,서울 마포구 월드컵북로4길 44 1층 101호,마포구,37.5580605,126.9218003,seoul
대한민국상이군경회 서울시지부,서울 마포구 마포대로14길 19,마포구,37.5485393,126.9567565,seoul
시하 성수,서울 성동구 왕십리로 58 1층 XYHA,성동구,37.5426047,127.0452961,seoul
명우돈가,서울 강남구 삼성로96길 6 1층 명우돈가,강남구,37.5084546,127.0566823,seoul
연어초밥,서울 서대문구 이화여대1길 42-1 3층,서대문구,37.5572739,126.943404,seoul
남도랑,서울 강남구 역삼로5길 5 고명빌딩 1층,강남구,37.4941881,127.032248,seoul
크리스빌딩,서울 서초구 사임당로12길 12,서초구,37.4884162,127.0168073,seoul
코코모스타일아트랩,서울 강서구 공항대로58나길 24-3 302호,강서구,37.5512381,126.8605897,seoul
이선생 통증체형관리,서울 영등포구 도림로126길 18 203호,영등포구,37.5139652,126.8979267,seoul
루프탑지니,"서울 마포구 월드컵북로4길 23-5 3층,4층",마포구,37.5575629,126.9206921,seoul
성산동 이모네 막창구이,서울 마포구 월드컵로30길 4,마포구,37.5612296,126.9058423,seoul
그랑디르아뜰리에 라탄공방 마크라메공방,서울 강북구 도봉로50길 29 1층 그랑디르아뜰리에공방,강북구,37.6258314,127.0283357,seoul
아리네일,경기 포천시 소흘읍 송우로 75 105호,포천시,37.8297546,127.1407252,gyeonggi
굿바잉,서울 은평구 은평로 52-16 1층 굿바잉,은평구,37.5981029,126.9135901,seoul
곱창군 일산점,경기 고양시 일산동구 무궁화로 19-14 로데오존프라자 128호,고양시,37.6627683,126.7668852,gyeonggi
만물낚시철물전기,서울 중랑구 봉화산로 2,중랑구,37.6013822,127.074596,seoul
동원참치 광화문본점,서울 종로구 사직로 130 현대적선빌딩 지하1층 22호,종로구,37.5754136,126.9732248,seoul
유소바 안국역점,서울 종로구 창덕궁1길 32 1층,종로구,37.579419,126.9874771,seoul
커피 싸데펑,서울 노원구 동일로182길 37-4 커피 싸데펑,노원구,37.6234109,127.0762441,seoul
한동녹용연구소 체험공방,경기 파주시 광탄면 진지로 103,파주시,37.7423476,126.8911092,gyeonggi
키친갈매기,서울 마포구 포은로 73 2층,마포구,37.5535916,126.9058133,seoul
손길도예공방,서울 강서구 화곡로31길 61 손길도예공방,강서구,37.544386,126.8401147,seoul
달달아트연구소,경기 군포시 군포로735번길 39 1층,군포시,37.3699256,126.9415829,gyeonggi
비젼아이 목공학원,"인천 서구 청마로34번길 32-20 1,2층",서구,37.5882912,126.6669864,incheon
한성의원,서울 영등포구 양산로 139 한성빌딩,영등포구,37.5237946,126.8986611,seoul
아뜰리에베르베르,서울 성북구 성북로9길 9 디스커버리빌딩 1층 아뜰리에 베르베르,성북구,37.5906548,127.0034392,seoul
부천닥터스치과의원,경기 부천시 원미구 신흥로 223 101동 5층,부천시,37.5037062,126.7751196,gyeonggi
운정신도시아이파크,경기 파주시 심학산로 384,파주시,37.7154404,126.7344642,gyeonggi
흥덕리치안레이크타워,경기 용인시 기흥구 흥덕2로117번길 19,용인시,37.2778894,127.0719035,gyeonggi
은퍼니쳐,경기 고양시 일산서구 송산로 559-17,고양시,37.6922489,126.7386281,gyeonggi
그린호미,"경기 하남시 미사강변서로 16 지하1층 RB155호(풍산동, 하우스디스마트밸리)",하남시,37.5517709,127.1846913,gyeonggi
노마드클래식,서울 강동구 올림픽로98길 43,강동구,37.5503417,127.130051,seoul
효드림 방문요양 복지용구센터,경기 안양시 동안구 관악대로418번길 26 B01호,안양시,37.4034451,126.9693433,gyeonggi
비비소반 마곡직영점,"서울 강서구 마곡중앙로 59-11 엠비즈타워 107호, 비비소반",강서구,37.5588407,126.8252956,seoul
와키브라 역삼점,서울 강남구 논현로63길 16 강남서해더블루상가 1층 121호 와키브라,강남구,37.4929577,127.0389683,seoul
구이마을,서울 서대문구 연세로7안길 10 1층,서대문구,37.5581585,126.9364093,seoul
술술센터,서울 영등포구 도림로133길 15 술술센터,영등포구,37.513015,126.8941533,seoul
블렌딩바 망원,서울 마포구 동교로 53-1 102호,마포구,37.5532758,126.9082957,seoul
노랑통닭 본사,서울 강남구 삼성로85길 28 6층~10층,강남구,37.5047118,127.0549498,seoul
지구본 송도,인천 연수구 송도과학로 56 BT센터 105호 지구본,연수구,37.3814209,126.6640657,incheon
삼성바로튼튼한의원,"경기 평택시 고덕갈평6길 29 405호~409호, 413호~415호",평택시,37.0573027,127.0474399,gyeonggi
쿠구,경기 수원시 팔달구 정조로801번길 24 1층 우측,수원시,37.2800071,127.0153352,gyeonggi
시오르,서울 광진구 천호대로118길 47 1층 시오르,광진구,37.5526758,127.0845488,seoul
온유어마인드,서울 마포구 동교로27길 53 5층 510호,마포구,37.5603362,126.9208424,seoul
갯모루양조 공방,서울 강동구 상암로39길 93 1층,강동구,37.5502701,127.1405278,seoul
인마인,서울 광진구 아차산로 401-14 4층 2호,광진구,37.5380508,127.0870335,seoul
고척공구상가주차장,서울 구로구 중앙로3길 50,구로구,37.4998338,126.8609847,seoul
찬란한 사진관,서울 송파구 위례성대로20길 25 2층 찬란한사진관,송파구,37.5090876,127.1274433,seoul
포항집,서울 서초구 강남대로101길 38 청하빌딩,서초구,37.5174772,127.0177601,seoul
CU 마포성제점,서울 마포구 잔다리로 89,마포구,37.555073,126.9154266,seoul
본앤뷰티,서울 마포구 신촌로4길 22-12 1층 101호 본앤뷰티,마포구,37.5572711,126.9276627,seoul
리츠다이너,경기 성남시 분당구 정자일로 146 엠코헤리츠 1단지 1층 A111호 리츠다이너,성남시,37.3632262,127.1061395,gyeonggi
준오헤어 홍대입구역점,서울 마포구 양화로 175 마젤란21오피스텔 2층 준오헤어 홍대입구역점,마포구,37.5577375,126.9244217,seoul
해든빌,인천 부평구 부흥북로57번길 32-17,부평구,37.5025937,126.7297779,incheon
어울림정육식당 서울대입구역점,서울 관악구 남부순환로 1808 1층 어울림정육식당 서울대입구역점,관악구,37.4812709,126.9509419,seoul
딜리센트 향수&캔들공방,서울 중구 청계천로 208-1 301호,중구,37.5691502,127.0008434,seoul
복이담 청담점,서울 강남구 도산대로81길 23 3층,강남구,37.5259136,127.0472329,seoul
한성양꼬치 교대,서울 서초구 서초대로50길 63,서초구,37.4904241,127.013705,seoul
긴자료코 성신여대점,서울 성북구 보문로34가길 5 1층,성북구,37.591767,127.0198327,seoul
비움공방,경기 양주시 광사로 141,양주시,37.7853267,127.0832671,gyeonggi
라운지 아비브,서울 관악구 남부순환로 1889 8층,관악구,37.4788915,126.959603,seoul
얼룩말식당 산본점,경기 군포시 산본로323번길 16-29 2층 203호,군포시,37.3599288,126.9311679,gyeonggi
유솜요가,서울 마포구 동교로 157 일송빌딩 3층 유솜요가,마포구,37.55583,126.9191754,seoul
멜리센트 조향향수공방 부케말리기 선물,서울 마포구 독막로18길 31 2층,마포구,37.5464402,126.9232195,seoul
휘게펫케어 수원영통점,경기 수원시 영통구 반달로 90 2층 휘게 펫케어,수원시,37.2520568,127.0784658,gyeonggi
온올,서울 중구 청파로 437-1 4층 401호,중구,37.558693,126.969041,seoul
꼼작,서울 은평구 갈현로 181-17 1층,은평구,37.6144375,126.9111562,seoul
은바디,경기 남양주시 다산순환로 126 화성프라자다산 203호 은바디,남양주시,37.6212286,127.1473499,gyeonggi
관악문화재단 지하 2층 대피소,서울 관악구 신림로3길 35,관악구,37.4677622,126.9447126,seoul
더빛남 남위례역점,경기 성남시 수정구 위례광장로 9-10 1층 105호 더빛남 아롬타워 건물,성남시,37.4649136,127.1406277,gyeonggi
화덕닭갈비 양재직영점,서울 서초구 강남대로10길 41,서초구,37.4693892,127.0415639,seoul
고수의운전면허 망원점,서울 마포구 월드컵로 108 2층,마포구,37.5582238,126.908462,seoul
하우스 오브 애슐리,서울 성동구 아차산로17길 48 B1 애슐리퀸즈,성동구,37.5463938,127.0658895,seoul
동탄역모아미래도아파트,경기 화성시 동탄청계로 303-33,화성시,37.2028431,127.1152951,gyeonggi
샤이니익스프레스,서울 강서구 공항대로41길 51 세신그린코아빌딩 지하1층 B135호,강서구,37.5602339,126.8457907,seoul
영롱달빛 반지공방,경기 수원시 팔달구 화서문로 32 2층,수원시,37.2848661,127.0114186,gyeonggi
팀파시 강남,서울 강남구 테헤란로44길 5 대아빌딩 지하2층 팀파시강남,강남구,37.5026357,127.045036,seoul
모락모락,"경기 부천시 원미구 부일로275번길 37 101호(상동, 영백주택)",부천시,37.4899402,126.7606497,gyeonggi
모몽,서울 은평구 진흥로 37-6 지하,은평구,37.6013951,126.9196455,seoul
은평뉴타운우물골2단지아파트(223~244동),서울 은평구 진관2로 57-37 은평뉴타운우물골,은평구,37.6371052,126.9281691,seoul
돈킴명인감자탕 서울대입구점,서울 관악구 관악로 128 1층,관악구,37.4766941,126.9527447,seoul
공릉동 도깨비,서울 노원구 동일로178길 14 드림데시앙 1층 103호,노원구,37.6211314,127.075409,seoul
종로예물 커플링 꼬모다이아몬드,서울 종로구 삼일대로 395 4층 3호,종로구,37.5698937,126.9873739,seoul
천복집 흑염소 문래점,서울 영등포구 도림로 475 1층,영등포구,37.5161749,126.8906928,seoul
시즌플레버,경기 하남시 미사강변대로226번길 66 1층 시즌플레버,하남시,37.5687574,127.1855246,gyeonggi
강남스탠다드정형외과의원,서울 서초구 사임당로 175 3층 301호,서초구,37.4929927,127.0286925,seoul
이움 맨즈헤어 부평점,인천 부평구 시장로 25 3층,부평구,37.4933967,126.7253787,incheon
메가MGC커피 대야미역점,"경기 군포시 대야1로11번길 1 1층 101, 102호",군포시,37.3268022,126.9183097,gyeonggi
규림한의원 잠실,서울 송파구 올림픽로 119 잠실파인애플상가 5층 22호,송파구,37.5119788,127.0847795,seoul
카페 세상의 모든 스터디,서울 강남구 강남대로94길 34 지하 2층,강남구,37.4997581,127.0300304,seoul
쌈뚜껑,경기 화성시 동탄영천로 105 1층 148~152호,화성시,37.2121358,127.1031065,gyeonggi
베이크투데이,"서울 강동구 천호대로 1055 (천호동, 천호태영아파트)",강동구,,,seoul
대성빌딩,서울 송파구 백제고분로33길 31-15 (석촌동),송파구,,,seoul
CJ 아지트 광흥창,정보 없음,,,,
남양성모성지,경기 화성시 남양읍 남양성지로 112,화성시,37.2055,126.8167,gyeonggi
모카클래스 (서울),서울,,,,seoul
정보 없음,정보 없음,,,,
성균관대학교,서울 종로구 성균관로 25-2,종로구,37.5874408,126.9945693,seoul
오산문화예술회관,경기 오산시 경기동로 51,오산시,37.1595171490519,127.07689693335,gyeonggi
남동소래아트홀,인천 남동구 아암대로1437번길 32,남동구,37.3874335791849,126.724677937094,incheon
인천문화예술회관,인천 남동구 예술로 149,남동구,37.447174922188,126.699673872945,incheon
이천아트홀,경기 이천시 부악로 40,이천시,37.2718917474538,127.434383580731,gyeonggi
수원SK아트리움,경기 수원시 장안구 이목로 24,수원시,37.3096881340366,126.986481574203,gyeonggi
하남문화예술회관,"하남문화예술회관 대극장, 덕풍동로, 덕풍동, 덕풍3동, 하남시, 12936, 대한민국",하남시,37.5447456,127.2068482,gyeonggi
용인어린이상상의숲,경기 용인시 처인구 동백죽전대로 61 용인어린이상상의숲,용인시,37.2496309738938,127.165158040098,gyeonggi
안성맞춤,경기 안성시 보개면 남사당로 198,안성시,37.0328361664822,127.307800301573,gyeonggi
블루스퀘어 우리,서울 용산구 이태원로 294,용산구,37.540617,127.002273,seoul
대전시립연정국악원,대전 서구 둔산대로 135,서구,36.3662815,127.389134,daejeon
구미문화예술회관,경북 구미시 송정대로 89 구미시문화예술회관,,36.1183903,128.3490375,gyeongbuk
에이치아츠,대구 남구 현충로48길 19 H-ARTS,,35.8527763,128.584452,daegu
부산콘서트홀,부산 부산진구 동평로 250,,35.1692393,129.0542716,busan
경북투어패스,경북 울릉군 울릉읍 도동2길 66,,37.4844549,130.905697,gyeongbuk
윈드1947,제주 서귀포시 토평공단로 78-27,,33.289545,126.5888039,jeju
온라인투어 |,서울 종로구 효자로 23 국제항운빌딩 2층~4층,종로구,37.5781598,126.97372,seoul
청주랜드,충북 청주시 상당구 명암로 171 청주랜드,,36.6518195,127.5182496,chungbuk
인산빌딩,서울 종로구 돈화문로 71 인산빌딩(한국전통음식연구소) 1층,종로구,37.5749049,126.9906929,seoul
벽골제농경,전북 김제시 부량면 벽골제로 442,,35.7550258,126.8538572,jeonbuk
제주교육박물관 제주,제주 제주시 오복4길 25,,33.4946579,126.5378809,jeju
해당공연 공연장－서울,정보 없음,,,,
NOL 서경스퀘어 스콘 2관,정보 없음,,,,
Zepp Namba,정보 없음,,,,
Zepp Haneda,정보 없음,,,,
감리교신학대학교 내 웨슬리채플관,정보 없음,,,,
KT&G 상상마당 라이브홀,정보 없음,,,,
JCC 아트센터 콘서트홀,정보 없음,,,,
티켓링크 라이브 아레나,정보 없음,,,,
대학로예술극장 대극장,정보 없음,,,,
노원어린이극장,정보 없음,,,,
제이원 씨어터,정보 없음,,,,
나인진홀 1관,정보 없음,,,,
아르코예술극장 소극장,정보 없음,,,,
예술의전당 리사이틀홀,정보 없음,,,,
예술의전당 콘서트홀,정보 없음,,,,
예술의전당 IBK기업은행챔버홀,정보 없음,,,,
세종문화회관 체임버홀,정보 없음,,,,
예술의전당 인춘아트홀,정보 없음,,,,
고양어울림누리 별모래극장,정보 없음,,,,
경기아트센터 대극장,정보 없음,,,,
이천아트홀 소공연장,정보 없음,,,,
과천시민회관 대극장,정보 없음,과천시,,,
의정부예술의전당 대극장,정보 없음,,,,
오산문화예술회관 대공연장,정보 없음,,,,
수원SK아트리움 대공연장,정보 없음,,,,
해당공연 공연장 - 성남,정보 없음,,,,
인천문화예술회관 소공연장,정보 없음,,,,
해당공연 공연장 - 용인,정보 없음,,,,
성남아트센터 콘서트홀,정보 없음,,,,
남양성모성지 대성당,정보 없음,,,,
인천문화예술회관 대공연장,정보 없음,,,,
강릉아트센터 사임당홀,정보 없음,,,,
천안예술의전당 대공연장,정보 없음,,,,
공주문예회관 대공연장,정보 없음,,,,
대전예술의전당 앙상블홀,정보 없음,,,,
세종문화예술회관 대공연장(세종시),정보 없음,,,,
대전예술의전당 아트홀,정보 없음,,,,
대구콘서트하우스 그랜드홀,정보 없음,,,,
KBS 부산홀,정보 없음,,,,
울산북구문화예술회관,정보 없음,,,,
한국소리문화의전당 야외공연장,정보 없음,,,,
GS칼텍스 예울마루 대극장,정보 없음,,,,
아트스페이스 흥학관,정보 없음,,,,
광주예술의전당 대극장,정보 없음,,,,
마포아트센터 아트홀 맥,정보 없음,,,,
세종문화회관 M씨어터,정보 없음,,,,
예술의전당 오페라극장,정보 없음,,,,
세종문화회관 대극장,정보 없음,,,,
국립국악원 풍류사랑방,정보 없음,,,,
서울남산국악당 크라운해태홀,정보 없음,,,,
나루아트센터 대공연장,정보 없음,,,,
마포아트센터 아트홀맥,정보 없음,,,,
연희정음 지하 1층,정보 없음,,,,
더서울라이티움(갤러리아포레),정보 없음,,,,
예술의전당 서예박물관,정보 없음,,,,
세종문화회관 미술관,정보 없음,,,,
예술의전당 한가람미술관 제7전시실,정보 없음,,,,
DDP 뮤지엄 전시 2관,정보 없음,,,,
전쟁기념관 특별전시실,정보 없음,,,,
현대백화점 미아점 10층 문화홀,정보 없음,,,,
예술의전당 한가람디자인미술관,정보 없음,,,,
덕스(DUEX) 홍대 1관,정보 없음,,,,
낙산공원,정보 없음,,,,
동대문디자인플라자(DDP) 전시 1관,정보 없음,,,,
"세종문화회관 미술관 1,2관",정보 없음,,,,
충무아트센터 갤러리,정보 없음,,,,
덕스(DUEX) 홍대 2관,정보 없음,,,,
창덕궁 돈화문,정보 없음,,,,
노원문화예술회관 노원아트뮤지엄,정보 없음,,,,
덕수궁 돌담길,정보 없음,,,,
［경복궁］ 해와달 한복,정보 없음,,,,
［종로］리얼샷,정보 없음,,,,
［성북］ 빚다 도예공방 도자기만들기 / 물레체험 /,정보 없음,,,,
［연남］ K탑건 사격양궁장,정보 없음,,,,
경복궁 한복남,정보 없음,,,,
화성예술의전당 동탄아트홀,정보 없음,,,,
광주시문화예술의전당 맹사성홀,정보 없음,광주시,,,
남동소래아트홀 소래극장(대공연장),정보 없음,,,,
해당공연 공연장－경기,정보 없음,,,,
트리플스트리트 D동 B1,정보 없음,,,,
용인어린이상상의숲 예술놀이터,정보 없음,,,,
용인어린이상상의숲 미술놀이터,정보 없음,,,,
용인어린이상상의숲 요리조리스튜디오,정보 없음,,,,
고양 아람누리 제4전시실,정보 없음,,,,
과천 서울랜드,정보 없음,,,,
"곤지암리조트 살로몬스키스쿨 스키/보드강습, 렌탈",정보 없음,,,,
세라젬웰파크 위례점,정보 없음,,,,
(주)송운개발,정보 없음,,,,
곤지암리조트 렌탈샵 보스,정보 없음,,,,
곤지암리조트렌탈샵 닥터스노우,정보 없음,,,,
［곤지암］ 청춘스키,정보 없음,,,,
(주)에버랜드,정보 없음,,,,
［인천］부평 엔터파크 게임장,정보 없음,,,,
㈜메쎄이상,정보 없음,,,,
［인천］의사직업체험 드림닥터,정보 없음,,,,
인천 의사직업체험 드림닥터,정보 없음,,,,
한복남 한국민속촌점,정보 없음,,,,
안성맞춤랜드 내 천문과학관,정보 없음,,,,
곤지암 리조트,정보 없음,,,,
소요 별＆숲 테마파크 상상공작소,정보 없음,,,,
아쿠아필드 안성점,정보 없음,,,,
안성맞춤 남사당공연장,정보 없음,,,,
강원특별자치도 화천군 화천읍 일원,정보 없음,,,,
［단양］ 스카이랜드,정보 없음,,,,
청주 쿵스 롤러스케이트장,정보 없음,,,,
대전시립연정국악원 큰마당,정보 없음,,,,
대전시립연정국악원 작은마당,정보 없음,,,,
［대천］대천서바이벌게임,정보 없음,,,,
"［안면도］ 안면도 꽃지카트장＆atv,고카트",정보 없음,,,,
㈜볼베어파크 천안점,정보 없음,,,,
［충남］ 내포보부상촌,정보 없음,,,,
(주)소노호텔앤리조트 천안,정보 없음,,,,
대구문화예술회관 비슬홀,정보 없음,,,,
대구문화예술회관 팔공홀 (대극장),정보 없음,,,,
동궁원+바니베어뮤지엄,정보 없음,,,,
이월드 83타워 2층 전시장,정보 없음,,,,
㈜ 아이체험교육여행,정보 없음,,,,
청도 용암온천,정보 없음,,,,
경북투어패스 통합권,정보 없음,,,,
경북투어패스 운영사업단,정보 없음,,,,
대구 이월드 83타워,정보 없음,,,,
［대구］ 이월드,정보 없음,,,,
부산시민회관 대극장,정보 없음,,,,
통영 스카이라인루지,정보 없음,,,,
［부산 해운대］ 부산 요트투어 아이러브유요트,정보 없음,,,,
［부산/해운대］ 부산요트투어 요트와,정보 없음,,,,
［부산］ 해운대 요트G 퍼블릭투어,정보 없음,,,,
세라잼웰파크,정보 없음,,,,
송도 해상케이블카,정보 없음,,,,
자수정 동굴나라,정보 없음,,,,
김해 롯데워터파크 매직후크,정보 없음,,,,
부산 랜드마크,정보 없음,,,,
［군산］ 패러글라이딩2인승체험비행,정보 없음,,,,
여수 녹테마레,정보 없음,,,,
［광주］곡성 기차마을 패러글라이딩,정보 없음,,,,
［완도］ 청해포구 촬영장,정보 없음,,,,
미남크루즈,정보 없음,,,,
다이나믹메이즈,정보 없음,,,,
더마파크 공연,정보 없음,,,,
더마파크 승마,정보 없음,,,,
더마파크 카트,정보 없음,,,,
［제주］ 목장카페 밭디,정보 없음,,,,
무지개요트투어,정보 없음,,,,
오설록,정보 없음,,,,
윈드1947 테마파크,정보 없음,,,,
윈드1947 카트,정보 없음,,,,
제주 점보빌리지,정보 없음,,,,
(주) 캐플릭스,정보 없음,,,,
제주 허브동산,정보 없음,,,,
더시에나리조트 라스투베 레스토랑,정보 없음,,,,
제주 소인국 테마파크,정보 없음,,,,
국립중앙박물관 상설전시관 (서울특별시 용산구 서빙고로 137 국립중앙박물관),정보 없음,용산구,37.5323,126.9906,seoul
"국립중앙박물관 1층(내부)-검색대 통과하자마자 오른쪽에 보이는 에스컬레이터 앞
자세한 미팅장소는 투어전날 신청하신 연락처로 안내문자 드립니다.","국립중앙박물관 1층(내부)-검색대 통과하자마자 오른쪽에 보이는 에스컬레이터 앞
자세한 미팅장소는 투어전날 신청하신 연락처로 안내문자 드립니다.",,,,
국립중앙박물관 전시관 3층 세계문화관,국립중앙박물관 전시관 3층 세계문화관,,,,
국립중앙박물관 로비,국립중앙박물관 로비,,,,
국립중앙박물관 역사관,국립중앙박물관 역사관,,,,
"국립중앙박물관 상설전시관 내
(담당강사가 사전안내 문자로 개별 안내)","국립중앙박물관 상설전시관 내
(담당강사가 사전안내 문자로 개별 안내)",,,,
화성행궁 신풍루 매표소 앞,화성행궁 신풍루 매표소 앞,,,,
광화문 광장 세종대왕 동상 앞,광화문 광장 세종대왕 동상 앞,,,,
서울특별시 종로구 창경궁로 185 창경궁,정보 없음,종로구,37.573,126.9794,seoul
경복궁 광화문 앞 오른쪽 해태상 앞(광화문을 바라본 상태에서 오른쪽),경복궁 광화문 앞 오른쪽 해태상 앞(광화문을 바라본 상태에서 오른쪽),,,,
국립중앙박물관 상설전시실 로비,국립중앙박물관 상설전시실 로비,,,,
"전쟁기념관 로비 (전쟁기념관은 지하철 4,6호선 삼각지역 12번 출구 근방에 위치해있습니다)","전쟁기념관 로비 (전쟁기념관은 지하철 4,6호선 삼각지역 12번 출구 근방에 위치해있습니다)",,,,
▶만남의 장소 : 서대문형무소역사관 입구 앞 (자세한 안내는 수업전 담당 강사님이 안내드립니다.),▶만남의 장소 : 서대문형무소역사관 입구 앞 (자세한 안내는 수업전 담당 강사님이 안내드립니다.),,,,
"서울 서대문구 통일로 251 서대문형무소역사관 
(검표 후 연락 주세요)",정보 없음,서대문구,37.5791,126.9368,seoul
경복궁역 5번 출구,경복궁역 5번 출구,,,,
서울특별시 종로구 사직로 161 경복궁 (광화문 매표소),정보 없음,종로구,37.573,126.9794,seoul
국립경주박물관 내 물품보관함 앞,국립경주박물관 내 물품보관함 앞,,,,
국립중앙박물관 전시관,국립중앙박물관 전시관,,,,
서울 종로구 세종대로 175 광화문 광장 세종대왕 동상,정보 없음,종로구,37.573,126.9794,seoul
▶만남의 장소 : 국립과천과학관 內 로비(자세한 안내는 수업전 담당 강사님이 안내드립니다.),▶만남의 장소 : 국립과천과학관 內 로비(자세한 안내는 수업전 담당 강사님이 안내드립니다.),,,,
서대문형무소 역사관 입구,서대문형무소 역사관 입구,,,,
서울 서대문구 연희로32길 51 서대문자연사박물관,정보 없음,서대문구,37.5791,126.9368,seoul
국립세계문자박물관 로비,국립세계문자박물관 로비,,,,
덕수궁 정문 앞(대한문),덕수궁 정문 앞(대한문),,,,
용산 전쟁기념관 1층 로비,용산 전쟁기념관 1층 로비,,,,
국립항공박물관 로비,국립항공박물관 로비,,,,
대한민국역사박물관(서울 종로구 세종대로 198),정보 없음,종로구,37.573,126.9794,seoul
서울시 종로구 효자로 12 국립고궁박물관,정보 없음,종로구,37.573,126.9794,seoul
▶만남의 장소 : 수원화성박물관 內 로비(자세한 안내는 수업전 담당 강사님이 안내드립니다.),▶만남의 장소 : 수원화성박물관 內 로비(자세한 안내는 수업전 담당 강사님이 안내드립니다.),,,,
▶만남의 장소 : 국립중앙박물관 內 로비(자세한 안내는 수업전 담당 강사님이 안내드립니다.),▶만남의 장소 : 국립중앙박물관 內 로비(자세한 안내는 수업전 담당 강사님이 안내드립니다.),,,,
남산골 한옥마을 內 천우각 앞(자세한 안내는 수업 전 강사님이 드리고 있습니다.),남산골 한옥마을 內 천우각 앞(자세한 안내는 수업 전 강사님이 드리고 있습니다.),,,,
"국립중앙박물관 3층 세계문화관 중국실, 인도실","국립중앙박물관 3층 세계문화관 중국실, 인도실",,,,
▶만남의 장소 : 국립중앙박물관 상설전시관  內 1층 으뜸홀(자세한 안내는 수업전 담당 강사님이 안내드립니다.),▶만남의 장소 : 국립중앙박물관 상설전시관  內 1층 으뜸홀(자세한 안내는 수업전 담당 강사님이 안내드립니다.),,,,
화성행궁 앞(체험 전 담당 강사님이 개별 연락드립니다.),화성행궁 앞(체험 전 담당 강사님이 개별 연락드립니다.),,,,
용산 전쟁기념관(서울 용산구 이태원로 29),정보 없음,용산구,37.5323,126.9906,seoul
주소: 대구 달성군 유가읍 테크노대로6길 20 국립대구과학관 본관 1층 상설전시 1관에서 집결,주소: 대구 달성군 유가읍 테크노대로6길 20 국립대구과학관 본관 1층 상설전시 1관에서 집결,,,,daegu
인천 대불호텔전시관 앞 입구에서 뵙겠습니다.,인천 대불호텔전시관 앞 입구에서 뵙겠습니다.,,,,incheon
창덕궁 매표소 앞,창덕궁 매표소 앞,,,,
서울역사박물관 1층 로비,서울역사박물관 1층 로비,,,,seoul
▶만남의 장소 : 자세한 안내는 수업전 담당 강사님이 안내드립니다.,▶만남의 장소 : 자세한 안내는 수업전 담당 강사님이 안내드립니다.,,,,
"서울 용산구 서빙고로 137, 국립중앙박물관",정보 없음,용산구,37.5323,126.9906,seoul
서대문형무소역사관 (서울 서대문구 통일로 251 서대문형무소역사관) 입구,정보 없음,서대문구,37.5791,126.9368,seoul
국립중앙박물관 1층 뮤지엄샵 앞,국립중앙박물관 1층 뮤지엄샵 앞,,,,
경복궁 입장권 제출하는 입구로 들어오자마자 좌측 물품보관소 앞,경복궁 입장권 제출하는 입구로 들어오자마자 좌측 물품보관소 앞,,,,
덕수궁 내(담당 강사님 안내 메세지 확인 부탁드립니다.),덕수궁 내(담당 강사님 안내 메세지 확인 부탁드립니다.),,,,
국립고궁박물관 (경복궁역 5번출구에 위치) 내부 2층 스크린 앞,국립고궁박물관 (경복궁역 5번출구에 위치) 내부 2층 스크린 앞,,,,
창경궁 홍화문 매표소 앞,창경궁 홍화문 매표소 앞,,,,
창경궁 정문 입장후 옥천교 앞(창경궁 입장권 개별 구매),창경궁 정문 입장후 옥천교 앞(창경궁 입장권 개별 구매),,,,
창경궁 내 옥천교(담당 강사님 안내 메세지 확인 부탁드립니다.),창경궁 내 옥천교(담당 강사님 안내 메세지 확인 부탁드립니다.),,,,
창경궁 입장 후 다리(옥천교) 인근에서 담당강사와 통화 후 만남,창경궁 입장 후 다리(옥천교) 인근에서 담당강사와 통화 후 만남,,,,
대한문 입장 후 좌측 고객정보센터 앞(덕수궁 입장권 개별 구매),대한문 입장 후 좌측 고객정보센터 앞(덕수궁 입장권 개별 구매),,,,
대릉원 주차장 앞 대릉원 정문,대릉원 주차장 앞 대릉원 정문,,,,
대한민국역사박물관 1층 안내데스크 앞,대한민국역사박물관 1층 안내데스크 앞,,,,
국립중앙박물관 상설전시관,국립중앙박물관 상설전시관,,,,
서대문형무소역사관 정문 앞,서대문형무소역사관 정문 앞,,,,
국립중앙박물관 기념품점 앞,국립중앙박물관 기념품점 앞,,,,
전쟁기념관/국립중앙박물관/대한민국역사박물관,전쟁기념관/국립중앙박물관/대한민국역사박물관,,,,
국립중앙박물관 로비 MUSEUM SHOP(박물관상품관) (서울 용산구 서빙고로 137),정보 없음,용산구,37.5323,126.9906,seoul
허준 박물관,허준 박물관,,,,
대한민국역사박물관 1층 안내데스크 앞 집결,대한민국역사박물관 1층 안내데스크 앞 집결,,,,
국립중앙박물관 앞,국립중앙박물관 앞,,,,
국립춘천박물관 안내데스크 앞,국립춘천박물관 안내데스크 앞,,,,
한국은행 화폐박물관,한국은행 화폐박물관,,,,
수원화성박물관 중앙 로비,수원화성박물관 중앙 로비,,,,
국립민속박물관 안내데스크 앞,국립민속박물관 안내데스크 앞,,,,
서울 종로구 사직로 161 경복궁 매표소 앞,정보 없음,종로구,37.573,126.9794,seoul
덕수궁 대한문 매표소 앞,덕수궁 대한문 매표소 앞,,,,
서울 종로구 율곡로 99 창덕궁,정보 없음,종로구,37.573,126.9794,seoul
국립중앙박물관 1층 로비 스크린 앞,국립중앙박물관 1층 로비 스크린 앞,,,,
부산 부산진구 부전동 중앙대로 지하 730 서면역,부산 부산진구 부전동 중앙대로 지하 730 서면역,,,,busan
부산 부산진구 양정동 동평로420번길 18,부산 부산진구 양정동 동평로420번길 18,,,,busan
부산 부산진구 전포3동 동성로15번길 37 2층,부산 부산진구 전포3동 동성로15번길 37 2층,,,,busan
부산 해운대구 우1동 해운대로 620 라뮤에뜨 2층 212호,부산 해운대구 우1동 해운대로 620 라뮤에뜨 2층 212호,,,,busan
부산 부산진구 당감동 가야대로 689-2,부산 부산진구 당감동 가야대로 689-2,,,,busan
"부산 해운대구 송정동 711-5 송정동 711-5 1층,2층 서프홀릭","부산 해운대구 송정동 711-5 송정동 711-5 1층,2층 서프홀릭",,,,busan
부산 남구 대연4동 대연파크푸르지오,부산 남구 대연4동 대연파크푸르지오,,,,busan
부산 금정구 장전동 금정로 79 3층 몸아트 스튜디오,부산 금정구 장전동 금정로 79 3층 몸아트 스튜디오,,,,busan
전주시 완산구 효자4동 척동1길,전주시 완산구 효자4동 척동1길,,,,
부산 동래구 명륜동 명륜로 140,부산 동래구 명륜동 명륜로 140,,,,busan
"부산 강서구 명지동 20호, 명지국제7로 133",정보 없음,강서구,37.5509,126.8497,seoul
부산 부산진구 범전동 중앙대로 821,부산 부산진구 범전동 중앙대로 821,,,,busan
부산 북구 만덕동 만덕3로33번길 8,부산 북구 만덕동 만덕3로33번길 8,,,,busan
부산 부산진구 전포동 334-44 2층,부산 부산진구 전포동 334-44 2층,,,,busan
부산 동래구 명륜동 온천천로 13,부산 동래구 명륜동 온천천로 13,,,,busan
부산 부산진구 전포동 306-18,부산 부산진구 전포동 306-18,,,,busan
부산 사상구 괘법동 558-14,부산 사상구 괘법동 558-14,,,,busan
부산 북구 만덕2동 만덕2로 21-1 2층 하늘미술공방,부산 북구 만덕2동 만덕2로 21-1 2층 하늘미술공방,,,,busan
대전광역시 유성구 온천1동 월드컵대로253번안길 56,대전광역시 유성구 온천1동 월드컵대로253번안길 56,,,,daejeon
경기 고양시 일산동구 마두2동 중앙로 1130 올리브상가 c 동 2층,정보 없음,고양시,37.6584,126.832,gyeonggi
서울 양천구 신월동 신월로 261 3층,정보 없음,양천구,37.5169,126.866,seoul
대구광역시 중구 동인동1가 동덕로36길 31,정보 없음,중구,37.5637,126.9975,seoul
서울 성북구 보문동 161-10 3층 아루온공방,정보 없음,성북구,37.5891,127.0182,seoul
부산 부산진구 전포동 동천로108번길 32,부산 부산진구 전포동 동천로108번길 32,,,,busan
부산 사상구 괘법동 새벽로 218 2층,부산 사상구 괘법동 새벽로 218 2층,,,,busan
부산 사상구 괘법동 새벽로 218,부산 사상구 괘법동 새벽로 218,,,,busan
부산 북구 만덕동 841-2 1층 그림공간,부산 북구 만덕동 841-2 1층 그림공간,,,,busan
부산 부산진구 전포동 서전로37번길 26,부산 부산진구 전포동 서전로37번길 26,,,,busan
부산 사상구 학장동 149-16 1층 소꿉당,부산 사상구 학장동 149-16 1층 소꿉당,,,,busan
인천 서구 연희동 청라에메랄드로99 지젤엠청라 지하1층,인천 서구 연희동 청라에메랄드로99 지젤엠청라 지하1층,서구,,,incheon
인천 부평구 부평2동 경인로 899,정보 없음,부평구,37.5074,126.7217,incheon
부산 부산진구 전포대로199번길 27 3층 프랑꼬아트랩,부산 부산진구 전포대로199번길 27 3층 프랑꼬아트랩,,,,busan
서울 종로구 적선동 124-2 1층 스타벅스 정부서울청사R점,정보 없음,종로구,37.573,126.9794,seoul
부산 금정구 장전동 장전온천천로113번길 2,부산 금정구 장전동 장전온천천로113번길 2,,,,busan
서울 서대문구 대현동 이화여대1길 42-1 2층 스테이라탄,정보 없음,서대문구,37.5791,126.9368,seoul
경상남도 진주시 칠암동 동진로 2,경상남도 진주시 칠암동 동진로 2,,,,
서울 성동구 성수2가3동 성수일로8길 39 5층,정보 없음,성동구,37.5633,127.0371,seoul
부산 강서구 명지동 3331-5,정보 없음,강서구,37.5509,126.8497,seoul
서울 송파구 가락본동 중대로9길 53-27 1층,정보 없음,송파구,37.5145,127.1066,seoul
서울 서초구 방배본동 785-3 1층 103호 달쉬캔들공방,정보 없음,서초구,37.4837,127.0324,seoul
서울 관악구 낙성대동 1615-21,정보 없음,관악구,37.4784,126.9516,seoul
경상남도 김해시 장유면 관동리 1093-1,경상남도 김해시 장유면 관동리 1093-1,,,,
경기 평택시 신장동 목천로 42 루미그림카페,경기 평택시 신장동 목천로 42 루미그림카페,평택시,,,gyeonggi
서울 강북구 미아동 삼양로24길 10 1층,정보 없음,강북구,37.6396,127.0257,seoul
세종시 다정동 가온마을8단지 다정북로 180,세종시 다정동 가온마을8단지 다정북로 180,,,,sejong
울산광역시 울주군 범서읍 굴화2길 15,울산광역시 울주군 범서읍 굴화2길 15,,,,ulsan
서울 서대문구 홍제1동 통일로27길 5 1층,정보 없음,서대문구,37.5791,126.9368,seoul
부산 남구 대연동 58-6 2층 카페위드,부산 남구 대연동 58-6 2층 카페위드,,,,busan
경기 광주시 초월읍 경충대로 1081-20 상가 2층 2호,경기 광주시 초월읍 경충대로 1081-20 상가 2층 2호,광주시,,,gyeonggi
"부산 남구 대연3동 수영로 312, 1312호 (대연동, 센츄리빌딩)","부산 남구 대연3동 수영로 312, 1312호 (대연동, 센츄리빌딩)",,,,busan
"제주도 서귀포시 하효동 효돈순환로 217-6, 1층","제주도 서귀포시 하효동 효돈순환로 217-6, 1층",,,,jeju
제주도 서귀포시 남원읍 태위로 238,제주도 서귀포시 남원읍 태위로 238,,,,jeju
부산 수영구 민락동 광남로 271 1층,부산 수영구 민락동 광남로 271 1층,,,,busan
부산 금정구 장전동 521-68,부산 금정구 장전동 521-68,,,,busan
경기 김포시 구래동 솔터로22 메트로타워 예미지상가 216호,경기 김포시 구래동 솔터로22 메트로타워 예미지상가 216호,김포시,,,gyeonggi
부산 수영구 광안동 수영로618번길 19 1층,부산 수영구 광안동 수영로618번길 19 1층,,,,busan
대구광역시 남구 대명10동 대명복개로 39 1층,대구광역시 남구 대명10동 대명복개로 39 1층,,,,daegu
제주도 제주시 도두동 도두3길,제주도 제주시 도두동 도두3길,,,,jeju
전라남도 화순군 화순읍 부처샘길 1-3,전라남도 화순군 화순읍 부처샘길 1-3,,,,
서울 강남구 역삼2동 도곡로 213,정보 없음,강남구,37.5172,127.0473,seoul
부산 해운대구 중2동 1485-9 삼안스튜디오1차 젬마하우스,부산 해운대구 중2동 1485-9 삼안스튜디오1차 젬마하우스,,,,busan
서울 용산구 장문로,정보 없음,용산구,37.5323,126.9906,seoul
부산 수영구 망미번영로 69-1 비콘그라운드 SH107호,부산 수영구 망미번영로 69-1 비콘그라운드 SH107호,,,,busan
부산 수영구 망미2동 망미번영로 61,부산 수영구 망미2동 망미번영로 61,,,,busan
부산 수영구 수영로,부산 수영구 수영로,,,,busan
부산 연제구 연산4동 거제천로230번길 81,부산 연제구 연산4동 거제천로230번길 81,,,,busan
경기 화성시 동탄1동 동탄대로 551-16  동탄역푸르지오시티 b동 상가 327호,경기 화성시 동탄1동 동탄대로 551-16  동탄역푸르지오시티 b동 상가 327호,화성시,,,gyeonggi
"서울 강서구 마곡동 마곡서1로 146, 마곡엠밸리 201-1203호",정보 없음,강서구,37.5509,126.8497,seoul
서울 관악구 은천동 양녕로1길 48 지하1층 아토우플로어,정보 없음,관악구,37.4784,126.9516,seoul
"광주광역시 북구 반룡로 20-2, 2층","광주광역시 북구 반룡로 20-2, 2층",,,,gwangju
광주광역시 북구 반룡로 20-2 2층,광주광역시 북구 반룡로 20-2 2층,,,,gwangju
서울 영등포구 당산동1가 영등포로27길 23-1 1층,정보 없음,영등포구,37.5264,126.8962,seoul
"서울 강동구 고덕동 동남로81길 54, 예그리나도예공방",정보 없음,강동구,37.5301,127.1238,seoul
부산 수영구 광안동 광서로 30 2F 더넛츠컴퍼니X스튜디오G1,부산 수영구 광안동 광서로 30 2F 더넛츠컴퍼니X스튜디오G1,,,,busan
부산 해운대구 우동 해운대해변로 85 경동아파트,부산 해운대구 우동 해운대해변로 85 경동아파트,,,,busan
제주도 제주시 도두동 도두3길28 아트공간길,제주도 제주시 도두동 도두3길28 아트공간길,,,,jeju
충청북도 청주시 흥덕구 증안로22번길 13-5 층 올대디,충청북도 청주시 흥덕구 증안로22번길 13-5 층 올대디,,,,
제주도 서귀포시 신효동 효돈로123번길 21-1,제주도 서귀포시 신효동 효돈로123번길 21-1,,,,jeju
부산 강서구 천성동 천성로39번길 6-15,정보 없음,강서구,37.5509,126.8497,seoul
서울 영등포구 신길동 3164,정보 없음,영등포구,37.5264,126.8962,seoul
부산 수영구 민락동 민락수변로 13,부산 수영구 민락동 민락수변로 13,,,,busan
서울 강북구 수유3동 도봉로 325 7층 뮤온요가&필라테스,정보 없음,강북구,37.6396,127.0257,seoul
서울 방문 수업,서울 방문 수업,,,,seoul
광주광역시 북구 용봉동 반룡로 20-2 2층,광주광역시 북구 용봉동 반룡로 20-2 2층,,,,gwangju
경상북도 구미시 형곡2동 245-3,경상북도 구미시 형곡2동 245-3,,,,
부산 사하구 장림동 다대로300번길 42,부산 사하구 장림동 다대로300번길 42,,,,busan
서울 강남구 개포동 친환경식품유통센터 1197-2 1층,정보 없음,강남구,37.5172,127.0473,seoul
광주광역시 광산구 장덕로39번길 10 1층 미다모은공방,광주광역시 광산구 장덕로39번길 10 1층 미다모은공방,,,,gwangju
"서울 서초구 서초동 강남대로 305, 725호",정보 없음,서초구,37.4837,127.0324,seoul
부산 북구 덕천동 만덕대로 164,부산 북구 덕천동 만덕대로 164,,,,busan
부산 사하구 감천동 감내1로175번안길 34-1,부산 사하구 감천동 감내1로175번안길 34-1,,,,busan
광주광역시 동구 계림동 중흥로 242 1층,광주광역시 동구 계림동 중흥로 242 1층,동구,,,gwangju
서울 중랑구 묵동 중랑역로 178 지하,정보 없음,중랑구,37.6066,127.0924,seoul
부산 강서구 명지국제2로28번길 34 에코팰리스 3층,정보 없음,강서구,37.5509,126.8497,seoul
부산 중구 중앙동 대청로 138 부산순대돼지국밥건물 3층 302호 아무아트,정보 없음,중구,37.5637,126.9975,seoul
인천 계양구 작전동 도두리로 58 203호,인천 계양구 작전동 도두리로 58 203호,계양구,,,incheon
부산 중구 중앙동 대청로 138,정보 없음,중구,37.5637,126.9975,seoul
서울 서초구 방배동 방배천로18길 10 2층,정보 없음,서초구,37.4837,127.0324,seoul
부산 남구 대연동 수영로 294,부산 남구 대연동 수영로 294,,,,busan
부산 남구 대연동 수영로 294 동일스위트 617호,부산 남구 대연동 수영로 294 동일스위트 617호,,,,busan
경상북도 경주시 황성동 황성로 35-3,경상북도 경주시 황성동 황성로 35-3,,,,
울산광역시 중구 약사동 북부순환도로 746-1 2층,정보 없음,중구,37.5637,126.9975,seoul
제주도 제주시 연동 삼무로1길 10,제주도 제주시 연동 삼무로1길 10,,,,jeju
부산 부산진구 전포동 동성로 50,부산 부산진구 전포동 동성로 50,,,,busan
부산 동구 범일동 망양로 978 패션비즈센터,부산 동구 범일동 망양로 978 패션비즈센터,동구,,,busan
광주광역시 서구 농성동 경열로65번길 7 상가202,광주광역시 서구 농성동 경열로65번길 7 상가202,서구,,,gwangju
서울 관악구 봉천동 인헌2길 9-3 플러스홈 건물 402호,정보 없음,관악구,37.4784,126.9516,seoul
대구광역시 남구 대명동 현충로 40,대구광역시 남구 대명동 현충로 40,,,,daegu
서울 영등포구 신길동 가마산로80가길 20-19,정보 없음,영등포구,37.5264,126.8962,seoul
광주광역시 북구 임동 중흥로 77 4층 광주리베르탱고,광주광역시 북구 임동 중흥로 77 4층 광주리베르탱고,,,,gwangju
전라남도 광양시 광장로 112-20 상가동 2층 202호 라움라탄,전라남도 광양시 광장로 112-20 상가동 2층 202호 라움라탄,,,,
제주도 제주시 오라일동,제주도 제주시 오라일동,,,,jeju
경기 성남시 중원구 은행동 1025-1 210호 아뜰리에 앙즈,정보 없음,성남시,37.4386,127.1378,gyeonggi
부산 해운대구 중2동 1485-9 삼안스튜디오 1차 젬마하우스,부산 해운대구 중2동 1485-9 삼안스튜디오 1차 젬마하우스,,,,busan
부산 사상구 가야대로 403 1층,부산 사상구 가야대로 403 1층,,,,busan
서울 양천구 신월3동 205-3 1층 월랑월랑,정보 없음,양천구,37.5169,126.866,seoul
부산 강서구 명지동 3234 두산위브포세이든아파트 단지내 상가 (신우재래시장),정보 없음,강서구,37.5509,126.8497,seoul
부산 강서구 명지동 3234 두산위브포세이든아파트 단지내 상가(신우재래시장),정보 없음,강서구,37.5509,126.8497,seoul
서울 영등포구 당산동4가 당산로 161-9 1층,정보 없음,영등포구,37.5264,126.8962,seoul
충청북도 청주시 상당구 율량동 807-7 커피미각,충청북도 청주시 상당구 율량동 807-7 커피미각,,,,
"부산 해운대구 송정동 711-5 부산광역시 해운대구 송정해변로 50 1층,2층 서프홀릭","부산 해운대구 송정동 711-5 부산광역시 해운대구 송정해변로 50 1층,2층 서프홀릭",,,,busan
서울 마포구 아현동 마포대로 196 1333호,정보 없음,마포구,37.5665,126.9018,seoul
부산 해운대구 좌동 1479-1 웅진시네아트 7층 701-3호,부산 해운대구 좌동 1479-1 웅진시네아트 7층 701-3호,,,,busan
"부산 동래구 안락2동 221-61 2층, 아르메이","부산 동래구 안락2동 221-61 2층, 아르메이",,,,busan
부산 금정구 장전1동 장전온천천로113번길 2,부산 금정구 장전1동 장전온천천로113번길 2,,,,busan
부산 금정구 장전동 금정로 11-1 1층 제이파레트,부산 금정구 장전동 금정로 11-1 1층 제이파레트,,,,busan
"부산 금정구 장전동 금정로 187 3층, 블레싱룸","부산 금정구 장전동 금정로 187 3층, 블레싱룸",,,,busan
경상남도 창원시 마산회원구 내서읍 중리공단로 65 연구지원동 101호,경상남도 창원시 마산회원구 내서읍 중리공단로 65 연구지원동 101호,,,,
부산 해운대구 우1동 777 102동,부산 해운대구 우1동 777 102동,,,,busan
부산 수영구 민락동 181-139 민락수변로13 3층,부산 수영구 민락동 181-139 민락수변로13 3층,,,,busan
경상북도 경산시 진량읍 신상리 1222-3 1층 다니옹,경상북도 경산시 진량읍 신상리 1222-3 1층 다니옹,,,,
서울 출장 강의,서울 출장 강의,,,,seoul
부산 부산진구 전포동 653-2 2층 크로우레진,부산 부산진구 전포동 653-2 2층 크로우레진,,,,busan
서울 광진구 구의1동 243-6 3층 안나도예공감,정보 없음,광진구,37.5385,127.0824,seoul
대구광역시 중구 동인동 240-6 1층 지혜공방,정보 없음,중구,37.5637,126.9975,seoul
경상북도 구미시 인의동 여헌로 63-1 1층 오유에프,경상북도 구미시 인의동 여헌로 63-1 1층 오유에프,,,,
부산 부산진구 전포동 305-14 복합문화공간 별일,부산 부산진구 전포동 305-14 복합문화공간 별일,,,,busan
부산 수영구 남천동 광안해변로 122 비치B상가 4층 402호,부산 수영구 남천동 광안해변로 122 비치B상가 4층 402호,,,,busan
경기 안성시 가사동 28-5 (주)바오밥목공전문학원,경기 안성시 가사동 28-5 (주)바오밥목공전문학원,안성시,,,gyeonggi
전라북도 전주시 완산구 다가동3가 24-12 2층,전라북도 전주시 완산구 다가동3가 24-12 2층,,,,
"서울 강서구 내발산동 227-1 3층 305호 마이스윗케이 (마곡동, 이너매스마곡2)",정보 없음,강서구,37.5509,126.8497,seoul
제주특별자치도 제주시 연동 443 행복이가득한집 지하상가,제주특별자치도 제주시 연동 443 행복이가득한집 지하상가,,,,jeju
제주특별자치도 제주시 연동 443 행복이가득한집 지하상가 타라공방,제주특별자치도 제주시 연동 443 행복이가득한집 지하상가 타라공방,,,,jeju
경기 안성시 안성1동 18-2 (주)바오밥목공전문학원,경기 안성시 안성1동 18-2 (주)바오밥목공전문학원,안성시,,,gyeonggi
경기 김포시 양촌읍 구래리 525-4 경기도 김포시 솔터로22 예미지 상가 232호,경기 김포시 양촌읍 구래리 525-4 경기도 김포시 솔터로22 예미지 상가 232호,김포시,,,gyeonggi
부산 사상구 주례동 167-13 2층,부산 사상구 주례동 167-13 2층,,,,busan
부산 수영구 남천1동 69-45 4층 금꽃바다,부산 수영구 남천1동 69-45 4층 금꽃바다,,,,busan
대구광역시 수성구 지산2동 1272-4,대구광역시 수성구 지산2동 1272-4,,,,daegu
경기 화성시 동탄면 산척리 546 1층 건물 내부,경기 화성시 동탄면 산척리 546 1층 건물 내부,화성시,,,gyeonggi
광주광역시 광산구 산월로41번길 30 꽃사로움,광주광역시 광산구 산월로41번길 30 꽃사로움,,,,gwangju
"제주도 제주시 이도2동 1180-12 3층, 아일랜드터프팅","제주도 제주시 이도2동 1180-12 3층, 아일랜드터프팅",,,,jeju
"경상북도 구미시 인의동 여헌로 63-1 1층,오유에프","경상북도 구미시 인의동 여헌로 63-1 1층,오유에프",,,,
서울 마포구 연남동 성미산로29길 30-3 101호 띵크오브,정보 없음,마포구,37.5665,126.9018,seoul
"서울 강동구 암사1동 상암로23길 15-9 (암사동, 에코하우스 다울2) 502호",정보 없음,강동구,37.5301,127.1238,seoul
부산 금정구 서동 302-1917 1층,부산 금정구 서동 302-1917 1층,,,,busan
경상남도 양산시 평산동 신명로 85 2층 어썸센트 (봉우유치원 옆건물),경상남도 양산시 평산동 신명로 85 2층 어썸센트 (봉우유치원 옆건물),,,,
부산 수영구 망미동 과정로42번길 46 1층 오드화,부산 수영구 망미동 과정로42번길 46 1층 오드화,,,,busan
부산 강서구 명지동 1157-1 명지국제5로110  상가 포아르과자점,정보 없음,강서구,37.5509,126.8497,seoul
경상북도 구미시 원평동 470-2 경북 구미시 산책길 31 2층,경상북도 구미시 원평동 470-2 경북 구미시 산책길 31 2층,,,,gyeongbuk
서울 서초구 반포동 서래로6길 20 1층,정보 없음,서초구,37.4837,127.0324,seoul
경기 김포시 구래동 솔터로 22 메트로타워예미지 상가동 263호 휴먼앤펫,경기 김포시 구래동 솔터로 22 메트로타워예미지 상가동 263호 휴먼앤펫,김포시,,,gyeonggi
광주광역시 광산구 산월로41번길 30 1층 꽃사로움,광주광역시 광산구 산월로41번길 30 1층 꽃사로움,,,,gwangju
서울 광진구 구의2동 66-36 구의자이르네 상가동 210호 비누작업실드로,정보 없음,광진구,37.5385,127.0824,seoul
울산광역시 동구 전하2동 691-6 1F 해도방 도예카페,울산광역시 동구 전하2동 691-6 1F 해도방 도예카페,동구,,,ulsan
서울 광진구 구의동 107-12 상가동 210호 비누작업실드로,정보 없음,광진구,37.5385,127.0824,seoul
경기 구리시 수택3동 이문안로 138 5층,경기 구리시 수택3동 이문안로 138 5층,구리시,,,gyeonggi
부산 북구 구포2동 896-27 1층,부산 북구 구포2동 896-27 1층,,,,busan
광주광역시 북구 연제동 568-9 849,광주광역시 북구 연제동 568-9 849,,,,gwangju
울산광역시 중구 중앙동 중앙시장길 8 진흥상가 208호,정보 없음,중구,37.5637,126.9975,seoul
제주도 서귀포시 안덕면 사계리 사계북로51번길,제주도 서귀포시 안덕면 사계리 사계북로51번길,,,,jeju
부산 기장군 정관읍  모전1길 70-1 플람라탄,부산 기장군 정관읍  모전1길 70-1 플람라탄,,,,busan
부산 부산진구 부전1동 142-11 동아빌딩 지하 1층,부산 부산진구 부전1동 142-11 동아빌딩 지하 1층,,,,busan
경상남도 김해시 북부동 1498-11 경상남도 김해시 삼계중앙로6번길 21-14 (삼계동) 1층 루리라탄,경상남도 김해시 북부동 1498-11 경상남도 김해시 삼계중앙로6번길 21-14 (삼계동) 1층 루리라탄,,,,
경기 광명시 광명동 도덕로38번길 5-1 목화하이츠빌라 101호,경기 광명시 광명동 도덕로38번길 5-1 목화하이츠빌라 101호,광명시,,,gyeonggi
제주도 서귀포시 대천동 2929-9,제주도 서귀포시 대천동 2929-9,,,,jeju
울산광역시 남구 신정동 599-6 1층 레이홉,울산광역시 남구 신정동 599-6 1층 레이홉,,,,ulsan
대구광역시 달서구 신당동 1821-7 2층 202호,대구광역시 달서구 신당동 1821-7 2층 202호,서구,,,daegu
"전라북도 전주시 완산구 동문길 72-1 1층 기쁨,가득","전라북도 전주시 완산구 동문길 72-1 1층 기쁨,가득",,,,
제주도 제주시 구좌읍 동복로 56-3,제주도 제주시 구좌읍 동복로 56-3,,,,jeju
부산 강서구 명지동 1157-1 금강펜테리움 센트럴파크3차 상가119호 포아르과자점,정보 없음,강서구,37.5509,126.8497,seoul
경상북도 경산시 사동 650-1 부영2차 아파트 상가동 102호,경상북도 경산시 사동 650-1 부영2차 아파트 상가동 102호,,,,
대구광역시 달성군 다사읍 대실역남로2길 12-12 민트홀릭,대구광역시 달성군 다사읍 대실역남로2길 12-12 민트홀릭,,,,daegu
부산 금정구 장전3동 420-25 벅구네 3층,부산 금정구 장전3동 420-25 벅구네 3층,,,,busan
제주특별자치도 제주시 연동 495-3 행복이가득한집 지하상가 타라공방,제주특별자치도 제주시 연동 495-3 행복이가득한집 지하상가 타라공방,,,,jeju
제주특별자치도 제주시 연동 1483 행복이가득한집 지하상가 타라공방,제주특별자치도 제주시 연동 1483 행복이가득한집 지하상가 타라공방,,,,jeju
서울 서초구 우면동 산21-3 대화프라자 105호 솝데이,정보 없음,서초구,37.4837,127.0324,seoul
서울 마포구 서교동 양화로 133 서교타워 703호,정보 없음,마포구,37.5665,126.9018,seoul
경기 수원시 장안구 영화동 427-15 1층,정보 없음,수원시,37.2636,127.0286,gyeonggi
경기 김포시 마산동 김포한강8로 194번길 8-19 102호 멍스까까,경기 김포시 마산동 김포한강8로 194번길 8-19 102호 멍스까까,김포시,,,gyeonggi
경기 파주시 금촌2동 989-1 금촌프라자 7층,경기 파주시 금촌2동 989-1 금촌프라자 7층,파주시,,,gyeonggi
인천 미추홀구 주안동 466-2 지하1층 1064호,인천 미추홀구 주안동 466-2 지하1층 1064호,미추홀구,,,incheon
경기 광주시 오포읍 신현리 570-1 해오름타운 103동 102호 피터아트글래스,경기 광주시 오포읍 신현리 570-1 해오름타운 103동 102호 피터아트글래스,광주시,,,gyeonggi
인천 남동구 구월3동 1392-8 102호,정보 없음,남동구,37.4473,126.7314,incheon
인천 남동구 구월3동 1392-8  102호,정보 없음,남동구,37.4473,126.7314,incheon
부산 기장군 정관읍 모전3길 48 1층,부산 기장군 정관읍 모전3길 48 1층,,,,busan
대구광역시 동구 신천동 557-1 신천자이 107동 602호,대구광역시 동구 신천동 557-1 신천자이 107동 602호,동구,,,daegu
전라남도 순천시 해룡면 신대리 2052-3 303호,전라남도 순천시 해룡면 신대리 2052-3 303호,,,,
경기 수원시 장안구 조원1동 751 북수원홈플러스 5층 몽베이커리,정보 없음,수원시,37.2636,127.0286,gyeonggi
부산 부산진구 전포1동 347-8 이담,부산 부산진구 전포1동 347-8 이담,,,,busan
경기 광주시 오포읍 오포로171번길 42  파라테온 1층 루프프로젝트,경기 광주시 오포읍 오포로171번길 42  파라테온 1층 루프프로젝트,광주시,,,gyeonggi
서울 서초구 방배본동 2233 1층 103호 달쉬캔들공방,정보 없음,서초구,37.4837,127.0324,seoul
경기 수원시 장안구 조원동 송원로 101 북수원홈플러스 5층 몽스파,정보 없음,수원시,37.2636,127.0286,gyeonggi
서울 상수역 걸어서 5분 거리,서울 상수역 걸어서 5분 거리,,,,seoul
경기 화성시 동탄면 영천리 505 메가비즈B동 3층 310호,경기 화성시 동탄면 영천리 505 메가비즈B동 3층 310호,화성시,,,gyeonggi
대구광역시 남구 대명동 1623-60 대명메트로아파트 상가 203호,대구광역시 남구 대명동 1623-60 대명메트로아파트 상가 203호,,,,daegu
경기 수원시 권선구 금곡동 159-6 딜라이트2. 212호,정보 없음,수원시,37.2636,127.0286,gyeonggi
부산 부산진구 부전2동 241-17 서면 하이스퀘어 세미나실,부산 부산진구 부전2동 241-17 서면 하이스퀘어 세미나실,,,,busan
서울 서초구 방배2동 437-27 1층 방배도시도부동산,정보 없음,서초구,37.4837,127.0324,seoul
서울 서초구 방배2동 465-6 2층 안쪽 파란문,정보 없음,서초구,37.4837,127.0324,seoul
부산 남구 대연5동 290-11 2층 쥬아트미술학원,부산 남구 대연5동 290-11 2층 쥬아트미술학원,,,,busan
서울 마포구 도화2안길 14 1층 청사진,정보 없음,마포구,37.5665,126.9018,seoul
부산 수영구 민락동 광안로61번가길 16 1층 odd.zip,부산 수영구 민락동 광안로61번가길 16 1층 odd.zip,,,,busan
경상남도 창원시 의창구 북면 감계로 297 휴먼빌아파트 상가 2층 Y-ART,경상남도 창원시 의창구 북면 감계로 297 휴먼빌아파트 상가 2층 Y-ART,,,,
경상남도 창원시 의창구 북면 감계로 297 휴면빌아파트 상가 2층 Y-ART,경상남도 창원시 의창구 북면 감계로 297 휴면빌아파트 상가 2층 Y-ART,,,,
서울 서초구 방배동 청두곶길 44 1층 장미화실,정보 없음,서초구,37.4837,127.0324,seoul
서울 서초구 방배동 방배천로4안길 52 1층 아이소피카,정보 없음,서초구,37.4837,127.0324,seoul
서울 광진구 군자동 면목로 12 2층,정보 없음,광진구,37.5385,127.0824,seoul
부산 해운대구 중1동 1088-68 미작스튜디오,부산 해운대구 중1동 1088-68 미작스튜디오,,,,busan
서울 서초구 강남대로2길 92 201,정보 없음,서초구,37.4837,127.0324,seoul
부산 부산진구 전포대로199번길 27 KH마이하우스 3층 프랑꼬아트랩,부산 부산진구 전포대로199번길 27 KH마이하우스 3층 프랑꼬아트랩,,,,busan
"부산 남구 대연동 홍곡로 360, 대연파크푸르지오","부산 남구 대연동 홍곡로 360, 대연파크푸르지오",,,,busan
서울 강북구 수유동 수유역,정보 없음,강북구,37.6396,127.0257,seoul
서울 용산구 청암동 78-3,정보 없음,용산구,37.5323,126.9906,seoul
서울 용산구 청암동 원효로41길 15 6층,정보 없음,용산구,37.5323,126.9906,seoul
제주도 제주시 용담이동 464-12 1층 스튜디오 유랑,제주도 제주시 용담이동 464-12 1층 스튜디오 유랑,,,,jeju
경기 남양주시 호평동 두산알프하임정문 상가B동 228호,경기 남양주시 호평동 두산알프하임정문 상가B동 228호,남양주시,,,gyeonggi
부산 강서구 신호동 신호산단2로49번길 9 101호해피트리토탈공방,정보 없음,강서구,37.5509,126.8497,seoul
부산 강서구 명지동 3388-1 1층,정보 없음,강서구,37.5509,126.8497,seoul
서울 마포구 망원동 월드컵로19길 23 예서향기공방,정보 없음,마포구,37.5665,126.9018,seoul
서울 서대문구 대현동 이화여대5길 2 3층 leon 음악 연습실,정보 없음,서대문구,37.5791,126.9368,seoul
서울 마포구 도화동 도화2안길 14 1층 청사진,정보 없음,마포구,37.5665,126.9018,seoul
인천 연수구 청학동 472 1층 102호 리니아뜰리에,정보 없음,연수구,37.4102,126.6782,incheon
부산 부산진구 전포3동 891-38 지하2층 아세르 필라테스,부산 부산진구 전포3동 891-38 지하2층 아세르 필라테스,,,,busan
경상남도 양산시 평산동 568-20 동일스위트1차 상가 2층,경상남도 양산시 평산동 568-20 동일스위트1차 상가 2층,,,,
부산 부산진구 전포2동 2-1 드리미탱글,부산 부산진구 전포2동 2-1 드리미탱글,,,,busan
경상남도 통영시 정량동 (자세한 주소는 문의 주세요!),경상남도 통영시 정량동 (자세한 주소는 문의 주세요!),,,,
대전광역시 중구 중촌동 10-3 중촌시영아파트 상가동 202호,정보 없음,중구,37.5637,126.9975,seoul
경기 화성시 영천동 동탄대로 636-14 c동 1층 111호,경기 화성시 영천동 동탄대로 636-14 c동 1층 111호,화성시,,,gyeonggi
경기 화성시 영천동 동탄대로 636-14  c동 1층 111호,경기 화성시 영천동 동탄대로 636-14  c동 1층 111호,화성시,,,gyeonggi
서울 광진구 능동 157 2층 화실파고 작업실 파고라,정보 없음,광진구,37.5385,127.0824,seoul
서울 광진구 능동 용마산로1길 113 2층 화실파고 & 작업실 파고라,정보 없음,광진구,37.5385,127.0824,seoul
경기 화성시 영천동 동탄기흥로 590 동탄센트럴에이스타워 B동 313호,경기 화성시 영천동 동탄기흥로 590 동탄센트럴에이스타워 B동 313호,화성시,,,gyeonggi
서울 광진구 중곡동 용마산로1길 113 2층 화실파고&작업실 파고라,정보 없음,광진구,37.5385,127.0824,seoul
서울 영등포구 영등포동5가 영중로24길 12 트리베카 A동 1105호,정보 없음,영등포구,37.5264,126.8962,seoul
서울 영등포구 영등포동5가 영중로24길 12  트리베카 A동 1105호,정보 없음,영등포구,37.5264,126.8962,seoul
제주특별자치도 제주시 애월읍 하가리 978 봄의손메,제주특별자치도 제주시 애월읍 하가리 978 봄의손메,,,,jeju
제주도 제주시 애월읍 하가리 978 봄의손메,제주도 제주시 애월읍 하가리 978 봄의손메,,,,jeju
서울 강서구 마곡동 110-8 503호,정보 없음,강서구,37.5509,126.8497,seoul
서울 강남구 역삼2동 776-21 계유빌딩 b1,정보 없음,강남구,37.5172,127.0473,seoul
서울 강남구 역삼2동 776-21  계유빌딩 b1,정보 없음,강남구,37.5172,127.0473,seoul
서울 마포구 신수동 신수로 28 2층 현대액티브 힐링센터,정보 없음,마포구,37.5665,126.9018,seoul
경기 구리시 갈매동 경춘북로 252 에비뉴상가  C동 254호 멍캔두잇,경기 구리시 갈매동 경춘북로 252 에비뉴상가  C동 254호 멍캔두잇,구리시,,,gyeonggi
부산 부산진구 전포2동 666-6 405호,부산 부산진구 전포2동 666-6 405호,,,,busan
"서울 서대문구 대현동 이화여대길59 메르체쇼핑몰 6층, 나우쿠킹",정보 없음,서대문구,37.5791,126.9368,seoul
부산 서구 서대신동3가 7-57 예림빌라,부산 서구 서대신동3가 7-57 예림빌라,서구,,,busan
서울 종로구 적선동 새문안로5가길 28 광화문플래티넘빌딩 914호,정보 없음,종로구,37.573,126.9794,seoul
서울 강서구 마곡동 마곡중앙2로 35  이너매스마곡2 4층 415호,정보 없음,강서구,37.5509,126.8497,seoul
울산광역시 남구 달동 1332-63 1층 코너ㅡ주차가능,울산광역시 남구 달동 1332-63 1층 코너ㅡ주차가능,,,,ulsan
서울 서대문구 대현동 신촌역로 22-5 박스퀘어 2층 52호,정보 없음,서대문구,37.5791,126.9368,seoul
서울 구로구 구로동 새말로16길 70 다솜금호아파트 상가 301호,정보 없음,구로구,37.4954,126.8874,seoul
"서울 관악구 봉천동 인헌17길 3 인수당약국 근방 1분거리에 있으며, 신청 확정 시 안내해 드려요~",정보 없음,관악구,37.4784,126.9516,seoul
서울시 광진구 자양동 뚝섬로50길 7-6 1층 리안공방,정보 없음,광진구,37.5385,127.0824,seoul
서울 강남구 역삼동 강남대로84길 33 (대우디오빌플러스)  504호 컴퍼니B,정보 없음,강남구,37.5172,127.0473,seoul
부산 금정구 장전동 389-40 1층 데이즈율,부산 금정구 장전동 389-40 1층 데이즈율,,,,busan
부산 부산진구 전포동 서전로47번길 27  B자동 301호,부산 부산진구 전포동 서전로47번길 27  B자동 301호,,,,busan
부산 부산진구 전포동 서전로47번길 27,부산 부산진구 전포동 서전로47번길 27,,,,busan
서울 노원구 상계동 한글비석로 396 상계벽산아파트복합상가 109동 2층 274호 Garten,정보 없음,노원구,37.6542,127.0568,seoul
서울 용산구 용산동2가 신흥로3가길 32 온지곤지,정보 없음,용산구,37.5323,126.9906,seoul
경기 안산시 상록구 성포동 587-2 2층 28스킨드롭,정보 없음,안산시,37.368,126.836,gyeonggi
경기 안산시 단원구 고잔동 안산천서로 23 2층 28스킨드롭,정보 없음,안산시,37.368,126.836,gyeonggi
서울 은평구 갈현동 갈현로29길 18 1층 다과한,정보 없음,은평구,37.6027,126.9291,seoul
"서울 강서구 발산1동 226-2 3층 305호 마이스윗케이 (마곡동, 이너매스마곡2)",정보 없음,강서구,37.5509,126.8497,seoul
"서울 강서구 발산1동 226-2 3층 305호  (마곡동, 이너매스마곡2)",정보 없음,강서구,37.5509,126.8497,seoul
"서울 강서구 발산1동 226-2 3층 305호 마이스윗케이  (마곡동, 이너매스마곡2)",정보 없음,강서구,37.5509,126.8497,seoul
경기 수원시 영통구 원천동 광교호수공원로 277  중흥에스클래스 어뮤즈스퀘어 상가 B2층 39호,정보 없음,수원시,37.2636,127.0286,gyeonggi
경상북도 경산시 진량읍 공단로 501-3 1층 다니옹,경상북도 경산시 진량읍 공단로 501-3 1층 다니옹,,,,
서울 중구 태평로1가 31-14,정보 없음,중구,37.5637,126.9975,seoul
세종시 아름동 달빛1로 307 투썸플레이스 세종어진점,세종시 아름동 달빛1로 307 투썸플레이스 세종어진점,,,,sejong
"경기 광명시 일직동 194-1 광명시 신기로 15, S플라자 502호","경기 광명시 일직동 194-1 광명시 신기로 15, S플라자 502호",광명시,,,gyeonggi
서울 종로3가 종로3가,서울 종로3가 종로3가,,,,seoul
서울 성북구 동소문동6가 아리랑로3길 36 1층 공방코끼리,정보 없음,성북구,37.5891,127.0182,seoul
경기 광주시 오포읍 능평로 194-14 1층 도아공방,경기 광주시 오포읍 능평로 194-14 1층 도아공방,광주시,,,gyeonggi
경기 광명시 하안동 범안로 1056 골든힐빌딩 2층 204,경기 광명시 하안동 범안로 1056 골든힐빌딩 2층 204,광명시,,,gyeonggi
울산광역시 울주군 삼남면 가천리 304-2 1층,울산광역시 울주군 삼남면 가천리 304-2 1층,,,,ulsan
부산 기장군 기장읍 대라리 128-10 1층 왼쪽가게,부산 기장군 기장읍 대라리 128-10 1층 왼쪽가게,,,,busan
경기 양주시 고암동 604-10 103호 단단쿠킹스튜디오,경기 양주시 고암동 604-10 103호 단단쿠킹스튜디오,양주시,,,gyeonggi
경상북도 경산시 진량읍 신상리 1221-1 1층 다니옹,경상북도 경산시 진량읍 신상리 1221-1 1층 다니옹,,,,
"부산시 해운대 중동 달맞이길50번길 17 미포 골목, 제이마치아뜰리에","부산시 해운대 중동 달맞이길50번길 17 미포 골목, 제이마치아뜰리에",,,,busan
부산 수영구 망미,부산 수영구 망미,,,,busan
서울 강서구 마곡동 마곡중앙8로 14 707,정보 없음,강서구,37.5509,126.8497,seoul
부산 남구 대연동 503-4 지하 1층,부산 남구 대연동 503-4 지하 1층,,,,busan
서울 서대문구 대현동 34-69 1층 4호,정보 없음,서대문구,37.5791,126.9368,seoul
부산 부산진구 동평로183번길 104 은소리공방,부산 부산진구 동평로183번길 104 은소리공방,,,,busan
서울 서대문구 대현동 이화여대길 52-11 1층 4호,정보 없음,서대문구,37.5791,126.9368,seoul
부산 금정구 장전동 389-40 1층,부산 금정구 장전동 389-40 1층,,,,busan
서울트별시 강남구 논현로152길 37 1층 TOM N TOMS,정보 없음,강남구,37.5172,127.0473,seoul
"서울 마포구 서교동 월드컵북로7길 10, B1 hitchnet academy",정보 없음,마포구,37.5665,126.9018,seoul
서울 마포구 서교동 월드컵북로7길 10 B1 hitchnet academy,정보 없음,마포구,37.5665,126.9018,seoul
경기 오산시 원동 754-41 오산대동다숲 상가2층 뚜비즈,경기 오산시 원동 754-41 오산대동다숲 상가2층 뚜비즈,오산시,,,gyeonggi
서울 강동구 고덕동 고덕로 88-5 1층 설앙케이크,정보 없음,강동구,37.5301,127.1238,seoul
대구광역시 달서구 두류동 두류남 9길 17 지식산업센터 제봉뜰두류봉제지식산업센터 니들베베,대구광역시 달서구 두류동 두류남 9길 17 지식산업센터 제봉뜰두류봉제지식산업센터 니들베베,서구,,,daegu
"부산 사하구 감천동 감내2로 138-1  감천문화마을, 독락의탑 1층 아뜰리에","부산 사하구 감천동 감내2로 138-1  감천문화마을, 독락의탑 1층 아뜰리에",,,,busan
부산 기장군 정관읍 모전3길 32-8 1층 스튜디오 리어스,부산 기장군 정관읍 모전3길 32-8 1층 스튜디오 리어스,,,,busan
부산 사하구 신평동 하신번영로151번길 66 1층 네츄럴모먼트,부산 사하구 신평동 하신번영로151번길 66 1층 네츄럴모먼트,,,,busan
"서울 서대문구 홍제동 홍제원1길 8  201호, 프로젝트룩",정보 없음,서대문구,37.5791,126.9368,seoul
부산 강서구 명지동 3246 명지오션시티 삼정그린코아 114동 2층 108호,정보 없음,강서구,37.5509,126.8497,seoul
부산 강서구 명지동 3246 B10호 명지오션시티삼정그린코아 114동 2층 108호,정보 없음,강서구,37.5509,126.8497,seoul
서울 중구 수표동 청계천로 100 패스트파이브 을지로점,정보 없음,중구,37.5637,126.9975,seoul
대전광역시 동구 삼성동 278-34 레네의작업실,대전광역시 동구 삼성동 278-34 레네의작업실,동구,,,daejeon
대전광역시 동구 삼성동 278-4 레네의작업실,대전광역시 동구 삼성동 278-4 레네의작업실,동구,,,daejeon
대전광역시 동구 삼성동 278-34 1층 레네의작업실,대전광역시 동구 삼성동 278-34 1층 레네의작업실,동구,,,daejeon
경상남도 김해시 봉황동 17-52 반짝이는당신의오늘,경상남도 김해시 봉황동 17-52 반짝이는당신의오늘,,,,
부산 연제구 연산동 778-32 1층,부산 연제구 연산동 778-32 1층,,,,busan
부산 사하구 괴정동 장평로 432 청하부동산 2층 leap,부산 사하구 괴정동 장평로 432 청하부동산 2층 leap,,,,busan
부산 중구 대청동3가 대청로78 3층 플레이아트센터,정보 없음,중구,37.5637,126.9975,seoul
부산 부산진구 전포동 198-3번지 1층 방구석유리쟁이,부산 부산진구 전포동 198-3번지 1층 방구석유리쟁이,,,,busan
부산 북구 화명동 금곡대로 270 대림상가 310-1호,부산 북구 화명동 금곡대로 270 대림상가 310-1호,,,,busan
서울 광진구 군자동 동일로56길 60 2층,정보 없음,광진구,37.5385,127.0824,seoul
서울 강동구 고덕동 아리수로74길 35 101호,정보 없음,강동구,37.5301,127.1238,seoul
경기 화성시 동탄면 영천리 252 B동 2037호,경기 화성시 동탄면 영천리 252 B동 2037호,화성시,,,gyeonggi
부산 해운대구 중1동 1199-5 415호,부산 해운대구 중1동 1199-5 415호,,,,busan
부산 부산진구 전포2동 664-6 1층(스그니 가죽공방),부산 부산진구 전포2동 664-6 1층(스그니 가죽공방),,,,busan
서울 마포구 신공덕동 백범로 199 메트로디오빌빌딩,정보 없음,마포구,37.5665,126.9018,seoul
서울 서초구 서초2동 1319-2,정보 없음,서초구,37.4837,127.0324,seoul
경상북도 경산시 진량읍 해든길 11 1층 다니옹,경상북도 경산시 진량읍 해든길 11 1층 다니옹,,,,
경기 화성시 반송동 노작로3길 18 드고아넬(오른쪽),경기 화성시 반송동 노작로3길 18 드고아넬(오른쪽),화성시,,,gyeonggi
부산 해운대구 송정해변로 28 송정호텔2층 송정서핑학교,부산 해운대구 송정해변로 28 송정호텔2층 송정서핑학교,,,,busan
고양시 화정2동 화정 (신청시 개별 안내 예정),정보 없음,고양시,37.6584,126.832,gyeonggi
인천 부평구 청천동 48-429 인천시 부평구 세월천로16,정보 없음,부평구,37.5074,126.7217,incheon
부산 강서구 명지동 3578-5 카페 오후의 숲,정보 없음,강서구,37.5509,126.8497,seoul
충청북도 청주시 상당구 석교동 3-3 1층,충청북도 청주시 상당구 석교동 3-3 1층,,,,
서울 송파구 문정동 중대로 24 호순이상가 103호,정보 없음,송파구,37.5145,127.1066,seoul
부산 수영구 광안동 174-9 4 층 3층,부산 수영구 광안동 174-9 4 층 3층,,,,busan
부산 동구 범일동 범일로90번길 17 2509호,부산 동구 범일동 범일로90번길 17 2509호,동구,,,busan
충청남도 천안시 동남구 원거리11길 17 1층 101호,충청남도 천안시 동남구 원거리11길 17 1층 101호,,,,
경기 화성시 영천동 동탄기흥로 590 동탄센트럴에이스타워 B동 313호 아루아,경기 화성시 영천동 동탄기흥로 590 동탄센트럴에이스타워 B동 313호 아루아,화성시,,,gyeonggi
부산 부산진구 전포동 664-7번지 1층 부산진구 부산광역시 KR B사동 205호,부산 부산진구 전포동 664-7번지 1층 부산진구 부산광역시 KR B사동 205호,,,,busan
경기 부천시 중동 석천로 141 A동 7층,정보 없음,부천시,37.5034,126.766,gyeonggi
부산 중구 신창동2가 광복중앙로33번길 16-5 4층 ROHA,정보 없음,중구,37.5637,126.9975,seoul
부산 부산진구 전포동 207-84 지하 1층,부산 부산진구 전포동 207-84 지하 1층,,,,busan
제주도 서귀포시 성산읍 신산리 1085-4 102호 별빛작업실,제주도 서귀포시 성산읍 신산리 1085-4 102호 별빛작업실,,,,jeju
전라북도 전주시 덕진구 송천동1가 107-227 1층 꽃집 르모멍유,전라북도 전주시 덕진구 송천동1가 107-227 1층 꽃집 르모멍유,,,,
서울 마포구 신공덕동 백범로 199 메트로디오빌 빌딩 18층,정보 없음,마포구,37.5665,126.9018,seoul
부산 남구 대연동 58-2 한라빌딩 5층,부산 남구 대연동 58-2 한라빌딩 5층,,,,busan
서울 마포구 신공덕동 백범로 199 메트로디오빌빌딩 18층,정보 없음,마포구,37.5665,126.9018,seoul
서울 관악구 봉천동 은천로 119 1층,정보 없음,관악구,37.4784,126.9516,seoul
인천 서구 오류동 정서진1로 41  경인아라뱃길여객터미널 105호,인천 서구 오류동 정서진1로 41  경인아라뱃길여객터미널 105호,서구,,,incheon
서울 송파구 방이동 오금로31길 16-7 1층 하리필라테스,정보 없음,송파구,37.5145,127.1066,seoul
서울 송파구 문정동 동남로2길 27-16 1층 그로우선데이,정보 없음,송파구,37.5145,127.1066,seoul
"서울 강남구 논현역 강남 인근 클래스공간, 예약 후 안내 드립니다 :)",정보 없음,강남구,37.5172,127.0473,seoul
서울 광진구 구의1동 자양로18길 56 3층 안나도예공감,정보 없음,광진구,37.5385,127.0824,seoul
서울 마포구 신수동 신수로 28 2층,정보 없음,마포구,37.5665,126.9018,seoul
"대구광역시 달서구 이곡동 1308-1 서한 2차 상가 111동, 2층 카페70도씨 이곡점","대구광역시 달서구 이곡동 1308-1 서한 2차 상가 111동, 2층 카페70도씨 이곡점",서구,,,daegu
부산 연제구 연산동 337-29 바라던케이크. 1층,부산 연제구 연산동 337-29 바라던케이크. 1층,,,,busan
서울 광진구 구의1동 자양로18길 56 3층,정보 없음,광진구,37.5385,127.0824,seoul
부산 수영구 남천동 남천바다로15번길 31 2층,부산 수영구 남천동 남천바다로15번길 31 2층,,,,busan
"서울 강남구 역삼동 (신청시 강남, 홍대/신촌 일대에서 대관 후 진행됩니다)",정보 없음,강남구,37.5172,127.0473,seoul
경상북도 포항시 북구 흥해읍 영일만항로 96 2층 잭서프,경상북도 포항시 북구 흥해읍 영일만항로 96 2층 잭서프,,,,
서울 영등포구 문래동3가 도림로126길 18 태화철강 2층 201호,정보 없음,영등포구,37.5264,126.8962,seoul
서울 양천구 신정동 1009-11 3층 위더스필라테스 목동점,정보 없음,양천구,37.5169,126.866,seoul
서울 마포구 동교동 홍대입구역,정보 없음,마포구,37.5665,126.9018,seoul
부산 북구 구포동 896-27 1층,부산 북구 구포동 896-27 1층,,,,busan
부산 북구 구포동 896-29 1층,부산 북구 구포동 896-29 1층,,,,busan
부산 부산진구 전포동 207-28 지하,부산 부산진구 전포동 207-28 지하,,,,busan
부산 부산진구 전포동 207-86 지하 1층,부산 부산진구 전포동 207-86 지하 1층,,,,busan
서울 관악구 봉천동 인헌2길 9-3 플러스홈 402호,정보 없음,관악구,37.4784,126.9516,seoul
부산 부산진구 전포동 664-7번지 1층 B사동 205호,부산 부산진구 전포동 664-7번지 1층 B사동 205호,,,,busan
인천 부평구 산곡동 (예약 확정 후 상세 주소를 안내드려요),정보 없음,부평구,37.5074,126.7217,incheon
경상남도 창원시 의창구 소답동 157-1 2층,경상남도 창원시 의창구 소답동 157-1 2층,,,,
서울 서초구 방배동 방배천로2안길 99 1층 화인당 꽃집,정보 없음,서초구,37.4837,127.0324,seoul
서울 신논현역 인근 (예약 확정 후 상세 장소 안내 드려요),서울 신논현역 인근 (예약 확정 후 상세 장소 안내 드려요),,,,seoul
부산 부산진구 부전동 521-1번지 1층,부산 부산진구 부전동 521-1번지 1층,,,,busan
경상북도 구미시 형곡로 96 1층 아트인룸,경상북도 구미시 형곡로 96 1층 아트인룸,,,,
부산 연제구 연산동 1049-2 1층,부산 연제구 연산동 1049-2 1층,,,,busan
서울 강동구 성내동 451-5 202호,정보 없음,강동구,37.5301,127.1238,seoul
부산시 강서구 명지동 명지국제6로318번길 16-8  1F 온다름,정보 없음,강서구,37.5509,126.8497,seoul
경기 가평군 설악면 창의리 421-1 경기 가평군 설악면 한서로124번길 16-14 2층,경기 가평군 설악면 창의리 421-1 경기 가평군 설악면 한서로124번길 16-14 2층,가평군,,,gyeonggi
서울 강동구 천호동 천호대로163길 21 3층 304호 폴앤유,정보 없음,강동구,37.5301,127.1238,seoul
대전광역시 동구 삼성동 278-34 대전 동구 선화로 183-3 1층 레네의작업실,대전광역시 동구 삼성동 278-34 대전 동구 선화로 183-3 1층 레네의작업실,동구,,,daejeon
대전광역시 동구 삼성동 278-34 대한민국 대전광역시 동구 삼성동 278-34 대전 동구 선화로 183-3 1층 레네의작업실,대전광역시 동구 삼성동 278-34 대한민국 대전광역시 동구 삼성동 278-34 대전 동구 선화로 183-3 1층 레네의작업실,동구,,,daejeon
대구 캔들공방 빈공간의 특별함을 담아낸 수업이랍니다🫶,대구 캔들공방 빈공간의 특별함을 담아낸 수업이랍니다🫶,,,,daegu
서울 마포구 합정동 3473번지,정보 없음,마포구,37.5665,126.9018,seoul
모카클래스,서울,,,,seoul
인천 미추홀구 주안동 구월로19번길 17 101호 레오토퍼,인천 미추홀구 주안동 구월로19번길 17 101호 레오토퍼,미추홀구,,,incheon
부산 사상구 사상로 201 메가박스 3층 아로마포레스트,부산 사상구 사상로 201 메가박스 3층 아로마포레스트,,,,busan
대전광역시 중구 대흥동 476-1 영광빌딩 8층 후화정원,정보 없음,중구,37.5637,126.9975,seoul
대전광역시 중구 대흥동 보문로260번길 30  영광빌딩 8층 후화정원,정보 없음,중구,37.5637,126.9975,seoul
경기 부천시 심곡동 부일로 507 6층 604호,정보 없음,부천시,37.5034,126.766,gyeonggi
서울 강서구 염창동 양천로 661   2층  앙그미아,정보 없음,강서구,37.5509,126.8497,seoul
"부산 사상구 주례동 167-13 공공북스 페이지2, 냉정역 3번출구에서 200m","부산 사상구 주례동 167-13 공공북스 페이지2, 냉정역 3번출구에서 200m",,,,busan
서울 강서구 염창동 양천로 661 2층  앙그미아,정보 없음,강서구,37.5509,126.8497,seoul
서울 강동구 암사동 547-1 선사현대아파트 상가 3층 305호,정보 없음,강동구,37.5301,127.1238,seoul
제주특별자치도 제주시 도두일동 1809-1 아트공간길,제주특별자치도 제주시 도두일동 1809-1 아트공간길,,,,jeju
부산 부산진구 서면로 10 2920호,부산 부산진구 서면로 10 2920호,,,,busan
경상남도 양산시 중부동 양주2길 26 1층,경상남도 양산시 중부동 양주2길 26 1층,,,,
울산광역시 남구 무거동 대학로 46,울산광역시 남구 무거동 대학로 46,,,,ulsan
부산 중구 중앙동1가 해관로 22-1 2층,정보 없음,중구,37.5637,126.9975,seoul
"부산 해운대구 좌동 대천로 187 , 장소 미정 (예약 후 안내 예정)","부산 해운대구 좌동 대천로 187 , 장소 미정 (예약 후 안내 예정)",,,,busan
부산 사하구 낙동대로 549 1층 수화,부산 사하구 낙동대로 549 1층 수화,,,,busan
부산 해운대구 구남로 8-1 라뮤에뜨상가 401호,부산 해운대구 구남로 8-1 라뮤에뜨상가 401호,,,,busan
대구광역시 동구 신암동 705-7 3층,대구광역시 동구 신암동 705-7 3층,동구,,,daegu
경기 광주시 경안동 경안로41번길 6 금호 리첸시아 상가 1층 d120호,경기 광주시 경안동 경안로41번길 6 금호 리첸시아 상가 1층 d120호,광주시,,,gyeonggi
부산 북구 덕천동 450-34 2층 201호 레메이에르,부산 북구 덕천동 450-34 2층 201호 레메이에르,,,,busan
"© 주식회사 레디킨즈 | 대표 정종학 | 사업자등록번호 : 285-81-02364 | 통신판매번호 : 2021-부산금정-0652주소 : 부산 금정구 부산대학로 50번길 68, PNUAVEC 304호 | 서울 종로구 동숭길 127, 5층 킹고 스타트업 스페이스Tel : 070-7576-1572 (평일 10:00 ~ 20:00) | E-mail : hello-admin@mochaclass.com",정보 없음,종로구,37.573,126.9794,seoul
경기 수원시 영통구 하동 법조로149번길 216 101호 향이머무는하루,정보 없음,수원시,37.2636,127.0286,gyeonggi
부산 중구 영주로 68 3층,정보 없음,중구,37.5637,126.9975,seoul
경기 광주시 경안동 경안로41번길 6 102동 1층 상가 1층 d120호,경기 광주시 경안동 경안로41번길 6 102동 1층 상가 1층 d120호,광주시,,,gyeonggi
경기 광주시 경안동 경안로41번길 6 상가 1층 d120호,경기 광주시 경안동 경안로41번길 6 상가 1층 d120호,광주시,,,gyeonggi
"경기 평택시 비전동 비전6길 33-1 102호, 파이토블라썸 향수&캔들 공방","경기 평택시 비전동 비전6길 33-1 102호, 파이토블라썸 향수&캔들 공방",평택시,,,gyeonggi
서울 서초구 반포동 708 3층 다이아필라테스 강남점,정보 없음,서초구,37.4837,127.0324,seoul
부산 동구 초량제3동 초량역,부산 동구 초량제3동 초량역,동구,,,busan
경기 화성시 영천동 636-19 금강펜테리움ix타워 B동 20층 2037호,경기 화성시 영천동 636-19 금강펜테리움ix타워 B동 20층 2037호,화성시,,,gyeonggi
경기 김포시 구래동 531 인원모아주실 경우 타 지역에서 수업가능,경기 김포시 구래동 531 인원모아주실 경우 타 지역에서 수업가능,김포시,,,gyeonggi
서울 동작구 상도동 상도로37길 80 지하 1층,정보 없음,동작구,37.5124,126.9393,seoul
서울 강남구 논현로152길 37 압구정 탐앤탐스 도산로점,정보 없음,강남구,37.5172,127.0473,seoul
강원도 춘천시 서면 덕두원리 251-4 살롱드노마드 춘천,강원도 춘천시 서면 덕두원리 251-4 살롱드노마드 춘천,,,,gangwon
부산 남구 대연동 1135-26 2층 (참벗부동산),부산 남구 대연동 1135-26 2층 (참벗부동산),,,,busan
서울 중구 신당동 신당역 인근,정보 없음,중구,37.5637,126.9975,seoul
부산 북구 백양대로1016번길 64 1층,부산 북구 백양대로1016번길 64 1층,,,,busan
부산 북구 구포동 산42-1 북구순환웰빙산책로 1층,부산 북구 구포동 산42-1 북구순환웰빙산책로 1층,,,,busan
서울 성동구 성수동2가 456-2 2층 라탄앤티크,정보 없음,성동구,37.5633,127.0371,seoul
서울 용산구 한강로2가 2-365,정보 없음,용산구,37.5323,126.9906,seoul
부산 동래구 사직동 사직북로47번길 20-4 부산 동래구 석사북로 41-1 지하1층,부산 동래구 사직동 사직북로47번길 20-4 부산 동래구 석사북로 41-1 지하1층,,,,busan
대전광역시 중구 유천동 201-6 1층,정보 없음,중구,37.5637,126.9975,seoul
서울 강남구 역삼동 봉은사로 6길 34 스타제이빌딩 3층,정보 없음,강남구,37.5172,127.0473,seoul
서울 강동구 암사동 547-1 선사현대아파트 상가 3층 305 호,정보 없음,강동구,37.5301,127.1238,seoul
부산 기장군 일광면 삼성리 795,부산 기장군 일광면 삼성리 795,,,,busan
"서울 마포구 동교동 양화로 175, 모락 홍대점 마젤란 21 오피스텔 1312호",정보 없음,마포구,37.5665,126.9018,seoul
"부산 부산진구 전포동 663-7 203호, 복도 끝 검정문","부산 부산진구 전포동 663-7 203호, 복도 끝 검정문",,,,busan
충청북도 청주시 흥덕구 복대동 3379 지웰시티,충청북도 청주시 흥덕구 복대동 3379 지웰시티,,,,
서울 강동구 천호동 450-40 지하층,정보 없음,강동구,37.5301,127.1238,seoul
부산 부산진구 전포동 664-8 A 마동 3층 광월드,부산 부산진구 전포동 664-8 A 마동 3층 광월드,,,,busan
대구광역시 중구 국채보상로131길 18 3층 아트랩데자뷰,정보 없음,중구,37.5637,126.9975,seoul
부산 중구 대청로 78 3층 플레이아트센터,정보 없음,중구,37.5637,126.9975,seoul
부산 부산진구 연지동 동평로183번길 104 1층 은소리 공방,부산 부산진구 연지동 동평로183번길 104 1층 은소리 공방,,,,busan
서울 성동구 상왕십리동 96-26 텐즈힐몰 1층 219호 아트요가 센터 왕십리점,정보 없음,성동구,37.5633,127.0371,seoul
경상남도 양산시 물금읍 화산길 13-1,경상남도 양산시 물금읍 화산길 13-1,,,,
충청남도 천안시 서북구 불당동 720 한나프라자 8층,충청남도 천안시 서북구 불당동 720 한나프라자 8층,,,,
서울 영등포구 도림로126길 18,정보 없음,영등포구,37.5264,126.8962,seoul
"서울 광진구 천호대로 아차산역 지하 1층, 화장실 옆 벤치에 모입니다",정보 없음,광진구,37.5385,127.0824,seoul
서울 노원구 노원로 456 3층 어메이징빅토리아 노원스테이,정보 없음,노원구,37.6542,127.0568,seoul
서울 용산구 이태원 (예약 시 상세 주소 안내),정보 없음,용산구,37.5323,126.9906,seoul
서울 종로구 청운동 창의문로 119 윤동주 시인의 언덕(숲 도슨트 시작),정보 없음,종로구,37.573,126.9794,seoul
서울 서초구 반포동 사평대로55길 75-1 (반포동) 1층 와인이간다,정보 없음,서초구,37.4837,127.0324,seoul
광주광역시 서구 경열로65번길 7-1 상가202호,광주광역시 서구 경열로65번길 7-1 상가202호,서구,,,gwangju
부산 중구 해관로 22-1 2층 (써니빌카페 우측 골목에 입구),정보 없음,중구,37.5637,126.9975,seoul
부산 전포동 309-43번지 2층 부산진구 부산광역시 KR 4층 집! 스튜디오,부산 전포동 309-43번지 2층 부산진구 부산광역시 KR 4층 집! 스튜디오,,,,busan
광주광역시 서구 경열로65번길 7-1 상가202,광주광역시 서구 경열로65번길 7-1 상가202,서구,,,gwangju
전북특별자치도 전주시 완산구 홍산4길 6 골든시티 506호,전북특별자치도 전주시 완산구 홍산4길 6 골든시티 506호,,,,jeonbuk
경기 광주시 경안동 38-79 금호리첸시아상가 C동 2층 215-1 도도앤로로 가죽공방,경기 광주시 경안동 38-79 금호리첸시아상가 C동 2층 215-1 도도앤로로 가죽공방,광주시,,,gyeonggi
서울 은평구 불광동 17-600,정보 없음,은평구,37.6027,126.9291,seoul
부산 부산진구 전포대로190번길 34 초랑실작업소,부산 부산진구 전포대로190번길 34 초랑실작업소,,,,busan
"부산 연제구 연산동 988-3 (고분로 111, 1층) 맘스핸즈","부산 연제구 연산동 988-3 (고분로 111, 1층) 맘스핸즈",,,,busan
"강원특별자치도 원주시 능라동길 51, 206,207호 오늘을 그리다","강원특별자치도 원주시 능라동길 51, 206,207호 오늘을 그리다",,,,gangwon
광주광역시 북구 신안동 무등로180번길 5 (재)여성기업종합지원센터 광주센터 401호,광주광역시 북구 신안동 무등로180번길 5 (재)여성기업종합지원센터 광주센터 401호,,,,gwangju
충청북도 청주시 흥덕구 직지대로639번길 91,충청북도 청주시 흥덕구 직지대로639번길 91,,,,
충청북도 청주시 흥덕구 봉명동 543-3 직지시장 내,충청북도 청주시 흥덕구 봉명동 543-3 직지시장 내,,,,
부산 수영구 수영동 513 현대아파트 상가 2층 선데이향수공방,부산 수영구 수영동 513 현대아파트 상가 2층 선데이향수공방,,,,busan
"부산 남구 대연동 수영로 295 부산광역시 남구 수영로 295 (대연동, 세웅빌딩) 207호","부산 남구 대연동 수영로 295 부산광역시 남구 수영로 295 (대연동, 세웅빌딩) 207호",,,,busan
부산 금정구 장전동 금강로279번길 6 2층 화실 긞,부산 금정구 장전동 금강로279번길 6 2층 화실 긞,,,,busan
서울 서초구 이수역-사당역 인근 (확정 후 상세 위치 안내),정보 없음,서초구,37.4837,127.0324,seoul
부산 사상구 괘법동 572-19 사상인디스테이션,부산 사상구 괘법동 572-19 사상인디스테이션,,,,busan
부산 부산진구 부전동 266-22번지 9층 한누리빌딩 한우리빌딩 8층,부산 부산진구 부전동 266-22번지 9층 한누리빌딩 한우리빌딩 8층,,,,busan
부산 수영구 광안동 174-9 4 층 3층 오드집,부산 수영구 광안동 174-9 4 층 3층 오드집,,,,busan
서울 광진구 자양동 뚝섬로31길 43 1층 펑크플러프,정보 없음,광진구,37.5385,127.0824,seoul
"대구광역시 중구 남산동 568-7번지 1층, 아트이스트피자",정보 없음,중구,37.5637,126.9975,seoul
서울 마포구 노고산동 신촌로20길 34 1층 쌀롱해랑,정보 없음,마포구,37.5665,126.9018,seoul
서울 서울 송파구 올림픽로119 파인애플상가 지하1층 B18 지하1층160호,정보 없음,송파구,37.5145,127.1066,seoul
충청남도 아산시 온천동 81-15 1층 예진아트공방,충청남도 아산시 온천동 81-15 1층 예진아트공방,,,,
대구광역시 남구 이천동 대봉로32길 6-2 1층 로지아플라워,대구광역시 남구 이천동 대봉로32길 6-2 1층 로지아플라워,,,,daegu
경기 수원시 팔달구 인계동 488-1 아임위드엘리시아 9층 904호,정보 없음,수원시,37.2636,127.0286,gyeonggi
대전광역시 서구 계룡로 314 대전 청춘스럽(대전일보사 1층 나눔회의실2),대전광역시 서구 계룡로 314 대전 청춘스럽(대전일보사 1층 나눔회의실2),서구,,,daejeon
광주광역시 광산구 장덕동 장덕로39번길 10 1층 미다모은공방,광주광역시 광산구 장덕동 장덕로39번길 10 1층 미다모은공방,,,,gwangju
광주광역시 남구 서문대로 773-2  4층 뉴패션디자인학원,광주광역시 남구 서문대로 773-2  4층 뉴패션디자인학원,,,,gwangju
서울 마포구 아현동 392-226 공덕자이상가 3층,정보 없음,마포구,37.5665,126.9018,seoul
서울대입구/용산/강남 중 대관하여 진행 공방 사용이 불가능하여 지역 내 대관 후 별도 안내 드릴 예정입니다!,서울대입구/용산/강남 중 대관하여 진행 공방 사용이 불가능하여 지역 내 대관 후 별도 안내 드릴 예정입니다!,,,,seoul
경상북도 경산시 하양읍 부호리 산15 금락리 272-1 미라벨카페,경상북도 경산시 하양읍 부호리 산15 금락리 272-1 미라벨카페,,,,
서울 양천구 목동동로 189 삼성쉐르빌1차 127호,정보 없음,양천구,37.5169,126.866,seoul
경상남도 거제시 옥포중앙로 32 3층 더타미,경상남도 거제시 옥포중앙로 32 3층 더타미,,,,
서울 강동구 암사제2동 547-1 선사현대아파트 상가동 3층 305호,정보 없음,강동구,37.5301,127.1238,seoul
충청북도 청주시 상당구 북문로2가 114-14 3번출구 카페,충청북도 청주시 상당구 북문로2가 114-14 3번출구 카페,,,,
경기 화성시 청계동 546,경기 화성시 청계동 546,화성시,,,gyeonggi
경상남도 거제시 옥포중앙로 32 3층,경상남도 거제시 옥포중앙로 32 3층,,,,
서울 마포구 동교로15길 10 1층 델라젬플라워,정보 없음,마포구,37.5665,126.9018,seoul
서울 강서구 등촌동 696 B1 115/116호,정보 없음,강서구,37.5509,126.8497,seoul
경기 수원시 팔달구 화서문로 32 지하 1층 SEHWA,정보 없음,수원시,37.2636,127.0286,gyeonggi
부산 기장군 기장읍 기장대로 82 아레볼 캔들 공방,부산 기장군 기장읍 기장대로 82 아레볼 캔들 공방,,,,busan
서울 마포구 대흥동  대흥로 100  2층 라테라 세라믹,정보 없음,마포구,37.5665,126.9018,seoul
전라남도 순천시 조곡동 159-14 생태비즈니스센터 2층,전라남도 순천시 조곡동 159-14 생태비즈니스센터 2층,,,,
충청남도 논산시 연산면 선비로604번길 27 아바바 커피 농장,충청남도 논산시 연산면 선비로604번길 27 아바바 커피 농장,,,,
충청남도 논산시 연산면 선비로604번길 27 아바바 커피농장,충청남도 논산시 연산면 선비로604번길 27 아바바 커피농장,,,,
제주특별자치도 서귀포시 대정읍 비행장로35번길 16 갈색대문 돌담집,제주특별자치도 서귀포시 대정읍 비행장로35번길 16 갈색대문 돌담집,,,,jeju
춘천시 남산면 방하리 197번지 남이섬내 춘천시 강원도 KR,춘천시 남산면 방하리 197번지 남이섬내 춘천시 강원도 KR,,,,
충청남도 천안시 동남구 먹거리8길 9 1층 뤼미에르 퍼퓸 천안,충청남도 천안시 동남구 먹거리8길 9 1층 뤼미에르 퍼퓸 천안,,,,
"서울 강남구 논현동 83-22 논현2주민센터, 4층 향기로운그대 공동작업장",정보 없음,강남구,37.5172,127.0473,seoul
서울 마포구 와우산로11길 9-10 (상수동) 2층,정보 없음,마포구,37.5665,126.9018,seoul
인천 부평구 장제로 196 (부평동) 2층 펫푸드스쿨,정보 없음,부평구,37.5074,126.7217,incheon
서울 송파구 백제고분로45길 24-18 (송파동) 202호 바라베이킹,정보 없음,송파구,37.5145,127.1066,seoul
"경기 부천시 원미구 부천로3번길 48 (심곡동, 심곡동 피노키오 상가) 피노키오 상가 411호",정보 없음,부천시,37.5034,126.766,gyeonggi
서울 송파구 백제고분로33길 31-15 (석촌동) 대성빌딩 2층,정보 없음,송파구,37.5145,127.1066,seoul
"서울 강동구 천호대로 1055 (천호동, 천호태영아파트) 베이크투데이",정보 없음,강동구,37.5301,127.1238,seoul
"서울 마포구 동교로 53-1 (망원동) 2층 201호 , 지아네요리공작소",정보 없음,마포구,37.5665,126.9018,seoul
서울 강남구 봉은사로51길 13 (논현동) 1층 카페 데쎄르룸,정보 없음,강남구,37.5172,127.0473,seoul
서울 중랑구 동일로140길 65 (중화동) 1층 본따블르,정보 없음,중랑구,37.6066,127.0924,seoul
경기 수원시 영통구 권선로882번길 43-33 (신동) 101호 라뮤제 베이크하우스,정보 없음,수원시,37.2636,127.0286,gyeonggi
"서울 강남구 삼성로 642 (삼성동, 삼성빌딩) 203호 캐씨씨메이크업",정보 없음,강남구,37.5172,127.0473,seoul
서울 서초구 방배중앙로25길 19 (방배동) 1층 라콤카페,정보 없음,서초구,37.4837,127.0324,seoul
서울 강남구 영동대로129길 24-6 (삼성동) 플리페,정보 없음,강남구,37.5172,127.0473,seoul
서울 송파구 백제고분로45길 8 (송파동) 지하1층 감정선프로젝트 미술공방,정보 없음,송파구,37.5145,127.1066,seoul
"서울 성동구 연무장길 76 (성수동2가, 성수 AK 밸리) 211호 컬러온스튜디오",정보 없음,성동구,37.5633,127.0371,seoul
https://www.sssd.co.kr/m/class/detail/54855,정보 없음,,,,
https://www.sssd.co.kr/m/class/detail/53765,정보 없음,,,,
https://www.sssd.co.kr/m/class/detail/35655,정보 없음,,,,
https://www.sssd.co.kr/m/class/detail/34165,정보 없음,,,,
https://www.sssd.co.kr/m/class/detail/45352,정보 없음,,,,
서울 강남구 선릉로148길 15 (청담동) 301호 뮤티드메이크업,정보 없음,강남구,37.5172,127.0473,seoul
"서울 강북구 삼양로81길 5 (수유동, 남성빌딩) 1층",정보 없음,강북구,37.6396,127.0257,seoul
상세페이지 참조,정보 없음,,,,
"103-39 Seongdeokjeong-gil, Seongdong-gu, Seoul, Republic of Korea 1st Floor Deep atelier","103-39 Seongdeokjeong-gil, Seongdong-gu, Seoul, Republic of Korea 1st Floor Deep atelier",,,,
https://www.sssd.co.kr/m/class/detail/44283,정보 없음,,,,
인천 부평구 충선로 176-8 (부개동) 상가1동 102호 정성잇개 스튜디오,정보 없음,부평구,37.5074,126.7217,incheon
서울역사박물관 경교장(사적 제465호),서울역사박물관 경교장(사적 제465호),,,,seoul
부산 중구,부산 중구,중구,,,busan
경기도 양평군,경기도 양평군,양평군,,,gyeonggi
부산 동래구,부산 동래구,,,,busan
경기도 포천시,경기도 포천시,포천시,,,gyeonggi
서울생활문화센터 체부,서울생활문화센터 체부,,,,seoul
서울숲 스튜디오301,서울숲 스튜디오301,,,,seoul
부산사직,부산사직,,,,busan
서울남산국악당,서울남산국악당,,,,seoul
서울문화예술교육센터 은평,서울문화예술교육센터 은평,,,,seoul
서울문화재단 대학로센터,서울문화재단 대학로센터,,,,seoul
대구,대구,,,,daegu
강원특별자치도 평창군,강원특별자치도 평창군,,,,gangwon
강원특별자치도 화천군,강원특별자치도 화천군,,,,gangwon
경기도 안성시,경기도 안성시,안성시,,,gyeonggi
강원특별자치도 태백시,강원특별자치도 태백시,,,,gangwon
경기도 이천시,경기도 이천시,이천시,,,gyeonggi
강원특별자치도 영월군,강원특별자치도 영월군,,,,gangwon
전북특별자치도 고창군,전북특별자치도 고창군,,,,jeonbuk
경기도 광명시 철망산로 46 광명시하안도서관,경기도 광명시 철망산로 46 광명시하안도서관,광명시,,,gyeonggi
강원도 속초시 학사평2길 16,강원도 속초시 학사평2길 16,,,,gangwon
대구 이월드,대구 이월드,,,,daegu
제주 무지개요트,제주 무지개요트,,,,jeju
대전 오월드,대전 오월드,,,,daejeon
제주 스누피가든,제주 스누피가든,,,,jeju
부산 아쿠아리움,부산 아쿠아리움,,,,busan
서울크루즈,서울크루즈,,,,seoul
부산센텀스파랜드,부산센텀스파랜드,,,,busan
제주 선녀와나무꾼,제주 선녀와나무꾼,,,,jeju
대전아쿠아리움,대전아쿠아리움,,,,daejeon
부산 고고요트,부산 고고요트,,,,busan
광주 아쿠아시티,광주 아쿠아시티,,,,gwangju
경기도 양평군 용문면 용문산로 620 단독건물,경기도 양평군 용문면 용문산로 620 단독건물,양평군,,,gyeonggi
경기도 여주시 강변유원지길 105,경기도 여주시 강변유원지길 105,여주시,,,gyeonggi
경기도 포천시 신북면 아트밸리로 184-1,경기도 포천시 신북면 아트밸리로 184-1,포천시,,,gyeonggi
강원특별자치도 속초시 원암학사평길 88,강원특별자치도 속초시 원암학사평길 88,,,,gangwon
경기도 수원시 권선구 호매실로 46-38 기후변화체험관,경기도 수원시 권선구 호매실로 46-38 기후변화체험관,수원시,,,gyeonggi
서울특별시 동대문구 회기로 47 한국개발연구원,서울특별시 동대문구 회기로 47 한국개발연구원,동대문구,,,seoul
제주특별자치도 서귀포시 안덕면 중산간서로 1610 세계자동차 제주박물관 세계자동차 제주박물관,제주특별자치도 서귀포시 안덕면 중산간서로 1610 세계자동차 제주박물관 세계자동차 제주박물관,,,,jeju
서울시 종로구 북촌로5길 48 정독도서관,서울시 종로구 북촌로5길 48 정독도서관,종로구,,,seoul
경기도 파주시 탄현면 헤이리마을길 59-101,경기도 파주시 탄현면 헤이리마을길 59-101,파주시,,,gyeonggi
강원특별자치도 홍천군 북방면 생태공원길 319 강원특별자치도자연환경연구공원,강원특별자치도 홍천군 북방면 생태공원길 319 강원특별자치도자연환경연구공원,,,,gangwon
경기도 안산시 상록구 갈대습지로 76 환경생태관,경기도 안산시 상록구 갈대습지로 76 환경생태관,안산시,,,gyeonggi
서울특별시 중구 칠패로 5 서소문공원,서울특별시 중구 칠패로 5 서소문공원,중구,,,seoul
서울특별시 종로구 북촌로11길 76,서울특별시 종로구 북촌로11길 76,종로구,,,seoul
전북특별자치도 남원시 운봉읍 운봉로 147-11 백두대간 유아숲체험원,전북특별자치도 남원시 운봉읍 운봉로 147-11 백두대간 유아숲체험원,,,,jeonbuk
제주특별자치도 서귀포시 월드컵로 33 제주월드컵경기장,제주특별자치도 서귀포시 월드컵로 33 제주월드컵경기장,,,,jeju
전남 담양군 담양읍 담양88로 428 담양곤충박물관,전남 담양군 담양읍 담양88로 428 담양곤충박물관,,,,jeonnam
인천광역시 중구 월미로 294 국립인천해양박물관,인천광역시 중구 월미로 294 국립인천해양박물관,중구,,,incheon
인천광역시 중구 신포로23번길 80,인천광역시 중구 신포로23번길 80,중구,,,incheon
강원 강릉시 난설헌로 131,강원 강릉시 난설헌로 131,,,,gangwon
대구광역시 달성군 구지면 국가산단대로52길 6,대구광역시 달성군 구지면 국가산단대로52길 6,,,,daegu
전남 여수시 박람회길 1 국제관 A동 3층,전남 여수시 박람회길 1 국제관 A동 3층,,,,jeonnam
인천광역시 중구 신포로23번길 83 진성빌딩,인천광역시 중구 신포로23번길 83 진성빌딩,중구,,,incheon
경기도 양평군 옥천면 경강로 1496 양평환경사업소,경기도 양평군 옥천면 경강로 1496 양평환경사업소,양평군,,,gyeonggi
제주특별자치도 제주시 조천읍 조함해안로 378 메르빌 함덕잠수함 컨테이너,제주특별자치도 제주시 조천읍 조함해안로 378 메르빌 함덕잠수함 컨테이너,,,,jeju
강원 영월군 주천면 송학주천로 1467-9 영월 젊은달와이파크,강원 영월군 주천면 송학주천로 1467-9 영월 젊은달와이파크,,,,gangwon
강원특별자치도 고성군 현내면 화진포길 412 화진포해양박물관,강원특별자치도 고성군 현내면 화진포길 412 화진포해양박물관,,,,gangwon
서울특별시 중구 새문안로 16 농협중앙회 중앙본부 사무실,서울특별시 중구 새문안로 16 농협중앙회 중앙본부 사무실,중구,,,seoul
서울 강서구 하늘길 177,서울 강서구 하늘길 177,강서구,,,seoul
경기도 파주시 탄현면 헤이리로 30 국립민속박물관 파주- 1층 어린이체험실,경기도 파주시 탄현면 헤이리로 30 국립민속박물관 파주- 1층 어린이체험실,파주시,,,gyeonggi
"경기도 파주시 법원읍 자운서원로 204, 율곡기념관2층","경기도 파주시 법원읍 자운서원로 204, 율곡기념관2층",파주시,,,gyeonggi
서울특별시 서초구 매헌로 99 양재시민의숲,서울특별시 서초구 매헌로 99 양재시민의숲,서초구,,,seoul
제주특별자치도 제주시 애월읍 평화로 1885,제주특별자치도 제주시 애월읍 평화로 1885,,,,jeju
서울 송파구 송파대로37길 77,서울 송파구 송파대로37길 77,송파구,,,seoul
경기도 의왕시 왕송못동로 209 의왕조류생태과학관,경기도 의왕시 왕송못동로 209 의왕조류생태과학관,의왕시,,,gyeonggi
인천광역시 연수구 센트럴로 217 국립세계문자박물관,인천광역시 연수구 센트럴로 217 국립세계문자박물관,연수구,,,incheon
강원특별자치도 춘천시 신북읍 신샘밭로 361 강원경찰박물관 강원경찰박물관,강원특별자치도 춘천시 신북읍 신샘밭로 361 강원경찰박물관 강원경찰박물관,,,,gangwon
경기도 화성시 우정읍 화수동길 163 우정보건소,경기도 화성시 우정읍 화수동길 163 우정보건소,화성시,,,gyeonggi
대구광역시 동구 팔공산로 1155 시민안전테마파크,대구광역시 동구 팔공산로 1155 시민안전테마파크,동구,,,daegu
경기도 광명시 가학로85번길 142 광명자원회수시설 1층 홍보관,경기도 광명시 가학로85번길 142 광명자원회수시설 1층 홍보관,광명시,,,gyeonggi
"경기도 파주시 법원읍 자운서원로 204, 율곡기념관 1층","경기도 파주시 법원읍 자운서원로 204, 율곡기념관 1층",파주시,,,gyeonggi
경북 성주군 대가면 참별로 2479,경북 성주군 대가면 참별로 2479,,,,gyeongbuk
대구광역시 달성군 유가읍 테크노대로6길 20 국립대구과학관,대구광역시 달성군 유가읍 테크노대로6길 20 국립대구과학관,,,,daegu
인천 서구 환경로 42 국립생물자원관,인천 서구 환경로 42 국립생물자원관,서구,,,incheon
서울 서대문구 연희로32길 51,서울 서대문구 연희로32길 51,서대문구,,,seoul
서울시 종로구 율곡로3길 4,서울시 종로구 율곡로3길 4,종로구,,,seoul
경기도 고양시 덕양구 항공대학로 76-9 한국항공대학교,경기도 고양시 덕양구 항공대학로 76-9 한국항공대학교,고양시,,,gyeonggi
"대전광역시 유성구 대덕대로 480 대전 C.T센터, 스튜디오큐브","대전광역시 유성구 대덕대로 480 대전 C.T센터, 스튜디오큐브",,,,daejeon
인천광역시 미추홀구 매소홀로 618 문학경기장,인천광역시 미추홀구 매소홀로 618 문학경기장,미추홀구,,,incheon
서울특별시 종로구 율곡로 283 서울디자인지원센터 1-3층,서울특별시 종로구 율곡로 283 서울디자인지원센터 1-3층,종로구,,,seoul
경기도 여주시 명성로 114-146,경기도 여주시 명성로 114-146,여주시,,,gyeonggi
서울특별시 광진구 워커힐로 127 생태자료실,서울특별시 광진구 워커힐로 127 생태자료실,광진구,,,seoul
대구광역시 수성구 동대구로 176 어린이회관,대구광역시 수성구 동대구로 176 어린이회관,,,,daegu
경기도 의왕시 철도박물관로 142 철도박물관,경기도 의왕시 철도박물관로 142 철도박물관,의왕시,,,gyeonggi
서울특별시 종로구 창의문로5길 46-1,서울특별시 종로구 창의문로5길 46-1,종로구,,,seoul
경기도 여주시 신륵사길 6-12 여주박물관,경기도 여주시 신륵사길 6-12 여주박물관,여주시,,,gyeonggi
울산광역시 울주군 상북면 알프스온천5길 103-8 산악문화센터,울산광역시 울주군 상북면 알프스온천5길 103-8 산악문화센터,,,,ulsan
서울특별시 송파구 송파대로37길 77,서울특별시 송파구 송파대로37길 77,송파구,,,seoul
서울특별시 서대문구 통일로 251 독립공원,서울특별시 서대문구 통일로 251 독립공원,서대문구,,,seoul
경기도 양주시 장흥면 권율로 124,경기도 양주시 장흥면 권율로 124,양주시,,,gyeonggi
경기도 용인시 처인구 남사읍 처인성로 673,경기도 용인시 처인구 남사읍 처인성로 673,용인시,,,gyeonggi
서울특별시 종로구 청계천로 105 전태일기념관,서울특별시 종로구 청계천로 105 전태일기념관,종로구,,,seoul
강원특별자치도 원주시 한지공원길 151,강원특별자치도 원주시 한지공원길 151,,,,gangwon
경기도 시흥시 서해안로 275 시흥시 곤충전시체험관,경기도 시흥시 서해안로 275 시흥시 곤충전시체험관,시흥시,,,gyeonggi
서울특별시 용산구 임정로 26 백범기념관,서울특별시 용산구 임정로 26 백범기념관,용산구,,,seoul
경기도 화성시 향남읍 행정동로 96 화성시 역사박물관,경기도 화성시 향남읍 행정동로 96 화성시 역사박물관,화성시,,,gyeonggi
강원특별자치도 횡성군 횡성읍 문예로 41 횡성한우체험관,강원특별자치도 횡성군 횡성읍 문예로 41 횡성한우체험관,,,,gangwon
대구광역시 수성구 미술관로 70,대구광역시 수성구 미술관로 70,,,,daegu
서울특별시 종로구 세종대로 172 5호선 광화문역 지하보도,서울특별시 종로구 세종대로 172 5호선 광화문역 지하보도,종로구,,,seoul
"울산광역시 남구 남부순환도로 111 울산광역시교육연구정보원, 울산과학관","울산광역시 남구 남부순환도로 111 울산광역시교육연구정보원, 울산과학관",,,,ulsan
경기 파주시 탄현면 헤이리로 30,경기 파주시 탄현면 헤이리로 30,파주시,,,gyeonggi
경기도 하남시 덕풍동로 30 하남역사박물관,경기도 하남시 덕풍동로 30 하남역사박물관,하남시,,,gyeonggi
경기도 여주시 세종대왕면 왕대리,경기도 여주시 세종대왕면 왕대리,여주시,,,gyeonggi
경기도 파주시 문산읍 임진각로 148-57 한반도 생태평화 종합 관광센터,경기도 파주시 문산읍 임진각로 148-57 한반도 생태평화 종합 관광센터,파주시,,,gyeonggi
경기도 파주시 탄현면 헤이리로 16,경기도 파주시 탄현면 헤이리로 16,파주시,,,gyeonggi
대전광역시 유성구 대덕대로 507-50 대전교육과학연구원,대전광역시 유성구 대덕대로 507-50 대전교육과학연구원,,,,daejeon
"서울특별시 강서구 마곡중앙5로 9 마곡중앙광장 상가 3-5, 11-13호","서울특별시 강서구 마곡중앙5로 9 마곡중앙광장 상가 3-5, 11-13호",강서구,,,seoul
광주 북구 첨단과기로 235,광주 북구 첨단과기로 235,,,,gwangju
경기도 남양주시 조안면 다산로747번길 16 문화재관리용건축물,경기도 남양주시 조안면 다산로747번길 16 문화재관리용건축물,남양주시,,,gyeonggi
인천광역시 계양구 계양산로 101,인천광역시 계양구 계양산로 101,계양구,,,incheon
경기도 성남시 분당구 문정로 40,경기도 성남시 분당구 문정로 40,성남시,,,gyeonggi
경기 부천시 평천로 655 부천로보파크,경기 부천시 평천로 655 부천로보파크,부천시,,,gyeonggi
전북특별자치도 정읍시 내장산로 370-12 정읍시립박물관 정읍시립박물관,전북특별자치도 정읍시 내장산로 370-12 정읍시립박물관 정읍시립박물관,,,,jeonbuk
전북특별자치도 남원시 운봉읍 운봉로 151,전북특별자치도 남원시 운봉읍 운봉로 151,,,,jeonbuk
서울특별시 송파구 올림픽로 424 올림픽공원 서울백제어린이박물관,서울특별시 송파구 올림픽로 424 올림픽공원 서울백제어린이박물관,송파구,,,seoul
광주 동구 문화전당로 38,광주 동구 문화전당로 38,동구,,,gwangju
강원도 홍천군 홍천읍 생명과학관길 78,강원도 홍천군 홍천읍 생명과학관길 78,,,,gangwon
제주특별자치도 제주시 산록북로 421-1 제주과학고등학교,제주특별자치도 제주시 산록북로 421-1 제주과학고등학교,,,,jeju
충남 아산시 실옥로 216,충남 아산시 실옥로 216,,,,chungnam
경기도 수원시 영통구 광교중앙로 140 수원컨벤션센터 지하1층 수원시립아트스페이스광교,경기도 수원시 영통구 광교중앙로 140 수원컨벤션센터 지하1층 수원시립아트스페이스광교,수원시,,,gyeonggi
경북 청도군 청도읍 새마을1길 34,경북 청도군 청도읍 새마을1길 34,,,,gyeongbuk
경기도 고양시 일산서구 경의로 849 고양시 현충전시관 기획전시실 지하1층,경기도 고양시 일산서구 경의로 849 고양시 현충전시관 기획전시실 지하1층,고양시,,,gyeonggi
대구광역시 동구 팔공로50길 66,대구광역시 동구 팔공로50길 66,동구,,,daegu
인천광역시 강화군 하점면 강화대로 994-19 강화역사박물관,인천광역시 강화군 하점면 강화대로 994-19 강화역사박물관,강화군,,,incheon
서울 종로구 창경궁로 215 국립어린이과학관,서울 종로구 창경궁로 215 국립어린이과학관,종로구,,,seoul
제주특별자치도 제주시 선돌목동길 60 별빛누리공원,제주특별자치도 제주시 선돌목동길 60 별빛누리공원,,,,jeju
강원도 속초시 신흥2길 16,강원도 속초시 신흥2길 16,,,,gangwon
강원특별자치도 춘천시 사농동 643 강원도산림박물관,강원특별자치도 춘천시 사농동 643 강원도산림박물관,,,,gangwon
경기도 안산시 단원구 시화호수로 553 안산별망 어촌문화관 안산별망어촌문화관,경기도 안산시 단원구 시화호수로 553 안산별망 어촌문화관 안산별망어촌문화관,안산시,,,gyeonggi
경기도 화성시 향남읍 제암고주로 34 화성시독립운동기념관,경기도 화성시 향남읍 제암고주로 34 화성시독립운동기념관,화성시,,,gyeonggi
인천광역시 서구 도요지로 54 녹청자박물관 1~2층,인천광역시 서구 도요지로 54 녹청자박물관 1~2층,서구,,,incheon
서울 마포구 월드컵로 386,서울 마포구 월드컵로 386,마포구,,,seoul
서울시 노원구 동일로205길 13,서울시 노원구 동일로205길 13,노원구,,,seoul
서울 성동구 성수동1가 642-1,서울 성동구 성수동1가 642-1,성동구,,,seoul
전북특별자치도 전주시 덕진구 팔복로 59 (주)전주페이퍼 전주한지박물관,전북특별자치도 전주시 덕진구 팔복로 59 (주)전주페이퍼 전주한지박물관,,,,jeonbuk
"경기도 안산시 단원구 화랑로 260 안산와~스타디움 (기둥번호 E1, W1)","경기도 안산시 단원구 화랑로 260 안산와~스타디움 (기둥번호 E1, W1)",안산시,,,gyeonggi
경기도 파주시 쇠재로 33 파주시립중앙도서관,경기도 파주시 쇠재로 33 파주시립중앙도서관,파주시,,,gyeonggi
경기도 구리시 동구릉로 427 3층,경기도 구리시 동구릉로 427 3층,구리시,,,gyeonggi
경기도 양주시 장흥면 권율로185번길 103,경기도 양주시 장흥면 권율로185번길 103,양주시,,,gyeonggi
서울특별시 송파구 성내천로35길 53 송파안전체험교육관,서울특별시 송파구 성내천로35길 53 송파안전체험교육관,송파구,,,seoul
서울특별시 종로구 대학로 101 서울대학교병원 의학박물관,서울특별시 종로구 대학로 101 서울대학교병원 의학박물관,종로구,,,seoul
제주특별자치도 제주시 구좌읍 일주동로 2706-27 오리온제주용암수,제주특별자치도 제주시 구좌읍 일주동로 2706-27 오리온제주용암수,,,,jeju
서울특별시 종로구 대학로 101 서울대학교병원 서울대학교 치의학대학원 치의학박물관 1층,서울특별시 종로구 대학로 101 서울대학교병원 서울대학교 치의학대학원 치의학박물관 1층,종로구,,,seoul
인천광역시 연수구 신송로118번길 35 생태학습관 생태교육관,인천광역시 연수구 신송로118번길 35 생태학습관 생태교육관,연수구,,,incheon
대구광역시 달서구 앞산순환로 248 달서별빛캠프 캠핑장,대구광역시 달서구 앞산순환로 248 달서별빛캠프 캠핑장,서구,,,daegu
서울특별시 종로구 효자로13길 45 청와대사랑채,서울특별시 종로구 효자로13길 45 청와대사랑채,종로구,,,seoul
인천광역시 강화군 삼산면 삼산남로604번길 6-7 석모도해수온탕,인천광역시 강화군 삼산면 삼산남로604번길 6-7 석모도해수온탕,강화군,,,incheon
예스24아트원 1관,정보 없음,,,,
블루스퀘어 우리은행홀,정보 없음,,,,
로운아트홀,정보 없음,,,,
창덕궁 소극장,정보 없음,,,,
서촌 공간서로,정보 없음,,,,
연희예술극장,정보 없음,,,,
하남문화예술회관 대극장(검단홀),정보 없음,,,,
크로마클럽,정보 없음,,,,
엘림아트센터 엘림홀,정보 없음,,,,
부산콘서트홀 콘서트홀,정보 없음,,,,
대학로예술극장 소극장,정보 없음,,,,
파라다이스시티 플라자 3층(키자니아 GO),정보 없음,,,,
파라다이스시티 플라자 3층 및 원더박스,정보 없음,,,,
울산 양떼목,정보 없음,,,,
https://www.sssd.co.kr/m/class/detail/54489,정보 없음,,,,