Venue Name,Status,Address,Latitude,Longitude,Usage Count,Genres,Examples
"모카클래스",OK,"서울",37.5668260046608,126.978652258309,1192,"class","[샾로맨티시스트]타로카드 원데이 기초부터 실전까지(서울일정); [샾로맨티시스트]타로카드 원데이 기초부터 실전까지 (부산출장); 페이퍼플라워  클래스"
"잠실종합운동장잠실야구장",MISSING_ENTRY,"",,,135,"baseball","KT vs LG; KT vs LG; KIA vs LG"
"금호아트홀 연세",OK,"금호아트홀 연세, 50, 연세로, 신촌동, 서대문구, 서울특별시, 03722, 대한민국",37.5629215,126.9368224,86,"classic","2026 금호아트홀 상주음악가 바리톤 김태한, 페르소나 II. 관계; 2026 금호아트홀 상주음악가 바리톤 김태한, 페르소나 III. 사랑; 2026 금호아트홀 상주음악가 바리톤 김태한, 페르소나 IV. 고독"
"솜씨당 클래스",OK,"서울",37.5668260046608,126.978652258309,83,"class","[건대] 원데이 댄스 배우기/K-POP&스트릿댄스 춤 맛집!!!; [대구/핫플/동성로] 조향사와 함께 섬유 향수/룸스프레이 만들기; [영등포] 녹음하면서 배우자! 쉽고 편하게 배우는 보컬레슨!"
"대구삼성라이온즈파크",MISSING_ENTRY,"",,,69,"baseball","롯데 vs 삼성; 롯데 vs 삼성; 두산 vs 삼성"
"창원NC파크",MISSING_ENTRY,"",,,69,"baseball","두산 vs NC; 두산 vs NC; 롯데 vs NC"
"광주기아챔피언스필드",MISSING_ENTRY,"",,,69,"baseball","NC vs KIA; NC vs KIA; NC vs KIA"
"고척스카이돔",OK,"고척스카이돔, 430, 경인로, 고척동, 고척1동, 구로구, 서울특별시, 08275, 대한민국",37.4981936,126.8670731,69,"baseball","LG vs 키움; LG vs 키움; LG vs 키움"
"인천SSG 랜더스필드",MISSING_ENTRY,"",,,66,"baseball","KIA vs SSG; KIA vs SSG; 키움 vs SSG"
"한화생명이글스파크",MISSING_ENTRY,"",,,66,"baseball","키움 vs 한화; 키움 vs 한화; KT vs 한화"
"부산사직종합운동장사직야구장",MISSING_ENTRY,"",,,66,"baseball","SSG vs 롯데; SSG vs 롯데; SSG vs 롯데"
"수원KT위즈파크",MISSING_ENTRY,"",,,66,"baseball","삼성 vs KT; 삼성 vs KT; 삼성 vs KT"
"예술의전당 콘서트홀",OK,"서울 서초구 서초동 700",37.47931116650964,127.01174677144716,61,"concert|classic","더 필하모닉 브라스 첫 내한공연; 2026 서울시향 김선욱과 알리스 사라 오트 ②; 2026 서울시향 니콜라이 루간스키의 쇼팽 피아노 협주곡 1번 ①"
"롯데콘서트홀",OK,"롯데콘서트홀, 올림픽로, 신천동, 잠실6동, 송파구, 서울특별시, 05551, 대한민국",37.5135349,127.1036896,55,"classic|etc|unknown","〈날씨의 아이〉 필름 콘서트; 2026 롯콘 마티네 〈대니 구의 플레이리스트〉; 2026 봄날음악회"
"세종문화회관",MISSING_ENTRY,"",,,45,"classic|unknown|concert|musical|exhibition|theater","앙상블 버라이어티 신년음악회 [All That Waltz]; 비앙상블 정기연주회; 조유리 바이올린 독주회 - 모차르트 소나타 전곡 시리즈 IV"
"예술의전당 IBK기업은행챔버홀",OK,"서울 서초구 남부순환로 2406 예술의전당",37.4837,127.0324,44,"classic","2026 리스트 국제 피아노 콩쿠르 위너 인 서울; 2026 서울 윈터 뮤직 페스티벌 : Warm Air (0130); 2026년 플루트 인포메이션 4번째 프로젝트 크리스티나 파스벤더 ＆ 안네 카테리네 하인츠만 듀오 리사이틀"
"예술의전당 리사이틀홀",OK,"서울 서초구 서초동 산 130-6",37.4792319150666,127.011364621935,40,"classic","건우회 제14회 정기연주회; 김나영 비올라 독주회; 김서진 귀국 바이올린 독주회"
"경희대 선승관",MISSING_ENTRY,"",,,40,"basketball","상무 vs KT; DB vs 정관장; 한국가스공사 vs KCC"
"청주 SK호크스아레나",MISSING_ENTRY,"",,,40,"handball","SK호크스 vs 상무 피닉스; 두산 vs 충남도청; 인천도시공사 vs 하남시청"
"세종문화회관 체임버홀",OK,"서울 종로구 세종대로 175",37.5720692375751,126.975748352154,39,"classic|etc","〈심포니 오디세이〉 A Journey from Classic to Modern 제4회 Sungshin Piano Ensemble Concert; 2026 서울시향 체임버 클래식스 Ⅰ: 미국; 2026 서울시향 체임버 클래식스 Ⅱ: 슬라브"
"티켓링크 라이브 아레나(핸드볼경기장)",OK,"서울 송파구 올림픽로 424",37.521785,127.11652,37,"handball","두산 vs SK호크스; 하남시청 vs 상무 피닉스; 충남도청 vs 인천도시공사"
"서울장충체육관",MISSING_ENTRY,"",,,36,"volleyball","[배구] 서울Kixx vs 알토스; [배구] 우리WON vs 읏맨; [배구] 우리WON vs 블루팡스"
"수원체육관",MISSING_ENTRY,"",,,36,"volleyball","[배구] VIXTORM vs 우리WON; [배구] 힐스테이트 vs 레드스파크스; [배구] VIXTORM vs 스카이워커스"
"대전충무체육관",MISSING_ENTRY,"",,,36,"volleyball","[배구] 블루팡스 vs 읏맨; [배구] 레드스파크스 vs 서울Kixx; [배구] 블루팡스 vs 스카이워커스"
"국립중앙박물관",OK,"국립중앙박물관, 137, 서빙고로, 용산동5가, 서빙고동, 용산구, 서울특별시, 04388, 대한민국",37.523953,126.9803196,35,"exhibition|activity|kids","국립중앙박물관 그리스 로마 특별전; 국립중앙박물관 이슬람 미술 특별전; 국립중앙박물관1 인문학산책"
"부천아트센터 콘서트홀",OK,"경기 부천시 원미구 소향로 165 부천아트센터",37.5022385225392,126.766514925493,31,"classic","부천시립예술단 1234 콘서트 Ⅰ- 부천필하모닉오케스트라 ‘봄, 그리고 이야기 Spring, and  Stories’; 부천시립예술단 1234 콘서트 Ⅲ - 부천필하모닉오케스트라 ‘가을, 그리고 전설 Autumn, and  Legends’; 부천시립예술단 1234 콘서트 IV - 부천시립합창단 ＇오르간과 합창음악＇"
"삼척 시민체육관",MISSING_ENTRY,"",,,28,"handball","상무 피닉스 vs 인천도시공사; 충남도청 vs SK호크스; 하남시청 vs 두산"
"온라인투어 | 3박 5일",MISSING_ENTRY,"",,,23,"travel","코타키나발루 5일 그랜드인호텔(호핑투어/시내라운지/자유일정); 마나도 5일 왕복 항공권; 코타키나발루 5일 그랜드인호텔(호핑투어/시내라운지/자유일정)"
"대구콘서트하우스 챔버홀",INCOMPLETE_DATA (Both),"정보 없음",,,22,"classic","더 마스터즈：김다솔 피아노 리사이틀 - 대구; 더 마스터즈：김동현 바이올린 리사이틀 - 대구; 더 마스터즈：김민지 첼로 리사이틀 - 대구"
"통영국제음악당 콘서트홀",INCOMPLETE_DATA (Both),"정보 없음",,,21,"classic","2026 통영국제음악제 - 경기필하모닉오케스트라 with 김선욱; 2026 통영국제음악제 - 김유빈 플루트 리사이틀; 2026 통영국제음악제 - 루카스 ＆ 아르투르 유센 듀오 리사이틀"
"공주문예회관 대공연장",OK,"충남 공주시 고마나루길 5",36.4601770026339,127.111721755751,18,"musical|concert|play|classic|etc","가족 뮤지컬 〈알사탕〉 - 공주; 어린이 뮤지컬 〈알라딘과 요술램프〉 - 공주; 라포엠과 함께하는 스페셜 콘서트 - 공주"
"광주페퍼스타디움",MISSING_ENTRY,"",,,18,"volleyball","[배구] PEPPERS vs 하이패스; [배구] PEPPERS vs 힐스테이트; [배구] PEPPERS vs 서울Kixx"
"천안유관순체육관",MISSING_ENTRY,"",,,18,"volleyball","[배구] 스카이워커스 vs 스타즈; [배구] 스카이워커스 vs 읏맨; [배구] 스카이워커스 vs 우리WON"
"인천계양체육관",MISSING_ENTRY,"",,,18,"volleyball","[배구] 점보스 vs VIXTORM; [배구] 점보스 vs 우리WON; [배구] 점보스 vs 블루팡스"
"화성종합실내체육관",MISSING_ENTRY,"",,,18,"volleyball","[배구] 알토스 vs PEPPERS; [배구] 알토스 vs 하이패스; [배구] 알토스 vs 핑크스파이더스"
"김천실내체육관",MISSING_ENTRY,"",,,18,"volleyball","[배구] 하이패스 vs 핑크스파이더스; [배구] 하이패스 vs 레드스파크스; [배구] 하이패스 vs 힐스테이트"
"경민대학교 기념관(체육관)",MISSING_ENTRY,"",,,18,"volleyball","[배구] 스타즈 vs 점보스; [배구] 스타즈 vs 읏맨; [배구] 스타즈 vs 우리WON"
"부산강서체육관",MISSING_ENTRY,"",,,18,"volleyball","[배구] 읏맨 vs 점보스; [배구] 읏맨 vs 스카이워커스; [배구] 읏맨 vs 스타즈"
"부산 기장체육관",MISSING_ENTRY,"",,,18,"handball","두산 vs SK호크스; 인천도시공사 vs 충남도청; 부산시설공단 vs 대구광역시청"
"아트센터인천 콘서트홀",OK,"인천 연수구 송도동 80-8",37.39314222289944,126.6261270244216,17,"classic","인천시립교향악단 기획연주회 〈과정음악회 Ⅰ〉 - 인천; 인천시립교향악단 기획연주회 〈과정음악회 Ⅱ〉 - 인천; 인천시립교향악단 기획연주회 〈과정음악회 Ⅲ〉 - 인천"
"인천삼산월드체육관",MISSING_ENTRY,"",,,17,"volleyball","[배구] 핑크스파이더스 vs 힐스테이트; [배구] 핑크스파이더스 vs PEPPERS; [배구] 핑크스파이더스 vs 레드스파크스"
"잠실실내",MISSING_ENTRY,"",,,16,"basketball","서울 삼성 vs 대구 한국가스공사; 서울 삼성 vs 창원 LG; 서울 삼성 vs 원주 DB"
"잠실학생",MISSING_ENTRY,"",,,16,"basketball","서울 SK vs 안양 정관장; 서울 SK vs 안양 정관장; 서울 SK vs 수원 KT"
"예술의전당 인춘아트홀",OK,"서울 서초구 서초동 700",37.47935616646952,127.01224423590375,15,"classic","김정훈 바이올린 독주회; 김현정글로리아＆진강우 피아노 듀오 리사이틀; 박정길 튜바 독주회"
"창원체육관",MISSING_ENTRY,"",,,15,"basketball","창원 LG vs 서울 삼성; 창원 LG vs 고양 소노; 창원LG vs 알바크 도쿄"
"강동아트센터",MISSING_ENTRY,"",,,15,"musical|unknown|classic|exhibition|class|theater","[강동문화재단] 뮤지컬 [매직 판타지아 - 도로시 리턴즈]; [강동문화재단] 극장의 도로시; [강동문화재단] 문화예술아카데미 이수민의 [클래식 시간 여행]"
"세종문화회관 M씨어터",OK,"서울 종로구 세종대로 175",37.5718133419444,126.975685044186,14,"musical|concert|play|classic|etc","더 트라이브; 크리스마스 캐럴; 알리 20주년 콘서트 - 용진(勇進) 서울 앵콜"
"세종문화회관 대극장",OK,"서울 종로구 세종대로 175",37.572594523923904,126.97577874563281,14,"musical|concert|classic|etc","뮤지컬 안나 카레니나; The Mission: K; 2026 최백호 50주년 콘서트 “낭만의 50년, 시간의 흔적을 노래하다”"
"대전예술의전당 아트홀",INCOMPLETE_DATA (Both),"정보 없음",,,14,"musical|play|classic|etc","뮤지컬 〈어쩌면 해피엔딩〉 - 대전; 2026 연극〈친정엄마와 2박3일〉 - 대전; 2026 유벨톤심포니오케스트라 작곡가 시리즈1 - 대전"
"울산동천",MISSING_ENTRY,"",,,14,"basketball","울산 현대모비스 vs 서울 SK; 울산 현대모비스 vs 대구 한국가스공사; 울산 현대모비스 vs 부산 KCC"
"고양소노아레나",MISSING_ENTRY,"",,,14,"basketball","고양 소노 vs 대구 한국가스공사; 고양 소노 vs 수원 KT; 고양 소노 vs 원주 DB"
"안양 정관장 아레나",MISSING_ENTRY,"",,,14,"basketball","안양 정관장 vs 부산 KCC; 안양 정관장 vs 울산 현대모비스; 안양 정관장 vs 대구 한국가스공사"
"부산사직",MISSING_ENTRY,"",,,14,"basketball","부산 KCC vs 대구 한국가스공사; 부산 KCC vs 고양 소노; 부산 KCC vs 창원 LG"
"GS아트센터",OK,"서울 강남구 역삼동 679",37.502200388584036,127.03753554610904,13,"musical|classic|etc|exhibition|unknown","〈라이프 오브 파이〉 한국 초연（Life of Pi）; GS아트센터 X 국립심포니오케스트라 〈피터와 늑대 ＆ 어미 거위〉; 다미앵 잘레 X 코헤이 나와 〈플래닛 ［방랑자］〉"
"국립극장 달오름극장",OK,"서울 중구 장충동2가 산 14-67",37.5531399890378,127.000027160769,13,"musical|play|etc","국립창극단 〈보허자(步虛子): 허공을 걷는 자〉; 국립창극단 〈절창VI〉; 국립극장 기획 〈당신 좋을 대로〉"
"해운대문화회관 해운홀",INCOMPLETE_DATA (Both),"정보 없음",,,13,"musical|classic","2026 〈더:매직서커스〉 - 부산; 2026 라이브 가족뮤지컬 〈빨간모자〉 - 부산; 2026 라이브 가족뮤지컬 〈오즈의마법사〉 - 부산"
"수원 KT 소닉붐 아레나",MISSING_ENTRY,"",,,13,"basketball","수원 KT vs 창원 LG; 수원 KT vs 울산 현대모비스; 수원 KT vs 부산 KCC"
"원주DB프로미아레나",MISSING_ENTRY,"",,,13,"basketball","원주 DB vs 수원 KT; 원주 DB vs 안양 정관장; 원주 DB vs 부산 KCC"
"영산아트홀",OK,"영산아트홀, 101, 여의공원로, 여의도동, 여의동, 영등포구, 서울특별시, 07241, 대한민국",37.5292755,126.9249272,12,"classic","김성현 피아노 독주회; 레이어드 콘서트 시즌 2; 영산아트홀 신인연주자시리즈"
"김포아트홀",OK,"김포아트홀, 돌문로, 북변동, 김포시, 10108, 대한민국",37.6189219,126.7201411,12,"musical|classic|etc","2026 키즈 마티네 콘서트 9월 - 김포; 2026 키즈 마티네 콘서트 ‘구독권’ - 김포; 2026 키즈 마티네 콘서트 11월 - 김포"
"대구",MISSING_ENTRY,"",,,12,"basketball","대구 한국가스공사 vs 고양 소노; 대구 한국가스공사 vs 창원 LG; 대구 한국가스공사 vs 수원 KT"
"인천선학체육관",MISSING_ENTRY,"",,,12,"handball","하남시청 vs 두산; 인천도시공사 vs 상무 피닉스; 충남도청 vs SK호크스"
"광명 시민체육관",MISSING_ENTRY,"",,,12,"handball","SK슈가글라이더즈 vs 광주도시공사; 서울시청 vs 인천광역시청; 부산시설공단 vs 경남개발공사"
"광주 빛고을체육관",MISSING_ENTRY,"",,,12,"handball","광주도시공사 vs 부산시설공단; 서울시청 vs SK슈가글라이더즈; 삼척시청 vs 인천광역시청"
"모두투어 | 3박 5일",MISSING_ENTRY,"",,,12,"travel","[노쇼핑+호핑투어+시내라운지] 코타키나발루 그랜드인 슈페리어 3박5일; [보홀 자유여행 / 왕복픽업] 돌핀베이 디럭스룸 3박5일; 마나도 더 센트라 슈페리어 3박5일"
"국립극장 해오름극장",OK,"서울 중구 장충동2가 산 14-67",37.5523399024517,126.999728395216,11,"musical|play|classic|etc","국립창극단 〈효명〉; 뮤지컬〈몽유도원〉; 국립극단 〈반야 아재〉"
"나인진홀 1관",OK,"서울 종로구 동숭동 1-149",37.5803409790355,127.004256734678,11,"play","연극 〈구원은 셀프〉; 연극 〈당근〉; 연극 〈뱀파이어를 이해하는 특별한 방법〉"
"성남아트리움 대극장",OK,"경기 성남시 수정구 태평동 3309",37.44476606199701,127.13921033075111,11,"musical|classic","2026 〈더:매직서커스〉 - 성남; 2026 라이브 가족뮤지컬〈라푼젤〉-성남; 2026 라이브 가족뮤지컬〈미녀와야수〉-성남"
"성남아트센터 콘서트홀",OK,"성남아트센터 콘서트홀, 판교로, 판교, 분당구, 성남시, 13519, 대한민국",37.4032047,127.1319543,11,"classic","2026 성남시립교향악단 정기연주회 시즌권; 고전과 낭만사이 〈베토벤 ＆ 차이코프스키 ＆ 라흐마니노프〉 - 성남; 성남시립교향악단 기획공연 〈2026 신년음악회〉 - 성남"
"대구콘서트하우스 그랜드홀",INCOMPLETE_DATA (Both),"정보 없음",,,11,"classic","대구시립교향악단 〈제522회 정기연주회 : 브람스, 독일 낭만의 대화〉; 지브리＆디즈니 영화음악 FESTA - 대구; 지브리＆디즈니 영화음악 FESTA - 대구 앙코르"
"SDR골프아카데미",OK,"경기 수원시 권선구 평동 22-17",37.26041647992,126.998331589595,11,"leisure","［고양/일산］ SDR골프아카데미(주엽점) : 스크린룸 주말/오전 10회권; ［고양/일산］ SDR골프아카데미(주엽점) : 스크린룸 주말/오후 30회권; ［고양/일산］ SDR골프아카데미(주엽점) : 스크린룸 주중/오전 10회권"
"12세 관람가",MISSING_ENTRY,"",,,11,"movie","아바타: 불과 재; 하트맨; 오늘 밤, 세계에서 이 사랑이 사라진다 해도"
"전체 관람가",MISSING_ENTRY,"",,,11,"movie","주토피아 2; 신비아파트 10주년 극장판: 한 번 더, 소환; 극장판 짱구는 못말려: 초화려! 작열하는 떡잎마을 댄서즈"
"DDP(동대문디자인플라자)",MISSING_ENTRY,"",,,11,"unknown|exhibition","서울라이트 DDP : 새해맞이 카운트다운; 2025 서울콘 SEOULCon; DDP 협력전시 [2026 VIDAK, 디총 31주년 기념 [K_Culture]: 신진작가 국제 초대전]"
"달밤엔씨어터",OK,"서울 종로구 혜화동 194",37.58400086117188,127.00268096839773,10,"musical|kids","가족뮤지컬 〈반짝반짝 백설공주〉; 명작 가족뮤지컬 〈오즈의 마법사〉; 클래식 가족 뮤지컬 〈반짝반짝 라푼젤〉"
"의정부예술의전당 대극장",OK,"경기 의정부시 의정부동 323",37.7335300891832,127.034178367299,10,"musical|concert|classic","뮤지컬 집사TV 〈대저택 문의 비밀〉 : part.1 - 의정부; 베베핀 뮤지컬 〈두근두근 새친구〉 - 의정부; 쇼뮤지컬 〈프린세스 캐치! 티니핑〉 - 의정부"
"부산시민회관 소극장",INCOMPLETE_DATA (Both),"정보 없음",,,10,"musical|concert|play|classic","뮤지컬 〈인사이드 미〉 - 부산; 싱어롱뮤지컬 브레드이발소 〈브레드와 윌크의 세계여행〉 - 부산; 어린이 뮤지컬 〈렛잇고〉 - 부산"
"영화의전당 하늘연극장",INCOMPLETE_DATA (Both),"정보 없음",,,10,"concert|play|classic","［데뷔 60주년 기념공연］ 2026 남진 전국투어 콘서트 - 부산; 2025 박강성 전국투어 콘서트 : MY LIFE - 부산; 2026 김장훈 전국투어 콘서트 : 원맨쇼 - 부산"
"광주예술의전당 대극장",INCOMPLETE_DATA (Both),"정보 없음",,,10,"concert|play|classic","〈미스터트롯3〉 TOP7 광주콘서트; 2026 연극〈친정엄마와 2박3일〉 - 광주; 2026 유키 구라모토 콘서트 Peacefully - 광주"
"서울시립과학관",MISSING_ENTRY,"",,,10,"unknown|exhibition|leisure|class","[서울시립과학관] 2026년 서울시립과학관 [교사연수] 참가자 모집 안내; [서울시립과학관] 2025 자연을 담은 생태화 그리기 수강생 작품 전시회; [서울시립과학관] MYSTERY A.I. [사라진 가족의 행방]"
"나루아트센터 대공연장",OK,"서울 광진구 자양동 227-344",37.5375856708648,127.070580693965,9,"musical|concert|classic|etc","낭만박상환 끼발산 키득가득 의 〈숏숏쇼〉 - 서울(광진); 뮤지컬 〈개구쟁이 특공대 : 마녀저택〉; 집사TV 〈대저택 문의 비밀〉 : part.1 - 서울(광진)"
"갤러리 디아르테",OK,"서울 강남구 청담동 70-16",37.5205559525798,127.055134996985,9,"classic","1월, 월간연주자 피아니스트 김다희; 1월, 월간연주자 피아니스트 김유빈; 2월, 월간연주자 피아니스트 심승엽"
"청주예술의전당 대공연장",INCOMPLETE_DATA (Both),"정보 없음",,,9,"musical|concert|classic","가족뮤지컬 〈마인블록월드:우리가 만드는 세상〉 - 청주; 뮤지컬 ‘멜로우TV 〈Run it up, 팀나빠〉’ - 청주; 뮤지컬 헬로카봇 스페셜 시즌9 〈전설의 용사를 찾아서〉 - 청주"
"대전예술의전당 앙상블홀",INCOMPLETE_DATA (Both),"정보 없음",,,9,"classic|play","대전시립교향악단 디스커버리 시리즈 1 〈‘당.신.들’- 당신의 신청곡을 들려드립니다〉; 바리톤 차두식 독창회 - 대전; 제11회 셈플리체 정기연주회 ［Music of Love］ - 대전"
"경복궁",OK,"경복궁, 청운효자동, 종로구, 서울특별시, 03045, 대한민국",37.579754,126.9766818,9,"exhibition|activity|kids","경복궁의 인문학산책; 국가대표궁궐, 경복궁; 국가대표궁궐 경복궁"
"국립중앙박물관 1층 뮤지엄샵 앞",INCOMPLETE_DATA (Coords),"국립중앙박물관 1층 뮤지엄샵 앞",,,9,"kids","[라라클래스] 그리스로마 별자리탐험대 6-8세 전용! 그리스로마 신화와 별자리를 한번에!; [라라클래스] 고학년 전용! 그리스로마 신화와 세계사를 한번에 - 그리스로마전(11세이상); [라라클래스] 국립중앙박물관 선사시대 초등저학년 ""Premium"" 역사탐험대 Season3"
"LG아트센터 서울 LG SIGNATURE 홀",OK,"서울 강서구 마곡중앙로 136 LG아트센터 서울",37.5509,126.8497,8,"musical|concert|play|classic|etc","［로터리 티켓］ 뮤지컬 〈비틀쥬스〉; 뮤지컬 〈비틀쥬스〉; 윈튼 마살리스 ＆ 재즈 앳 링컨센터 오케스트라"
"인천문화예술회관 대공연장",OK,"인천 남동구 구월동 1408",37.4478175602933,126.700114305597,8,"musical|concert|classic","가족뮤지컬 〈뽀로로와 신비한 여행〉 - 인천; 뮤지컬 〈설민석의 한국사 대모험 : 안중근〉 - 인천; 집사TV 〈대저택 문의 비밀〉 : part.1 - 인천"
"부산시민회관 대극장",INCOMPLETE_DATA (Both),"정보 없음",,,8,"musical|classic|etc","가족뮤지컬 〈정승제의 수학대모험 : 수포자의 비밀〉 - 부산; 뮤지컬 ‘멜로우TV 〈Run it up, 팀나빠〉’ - 부산; 꾸러기음악회-봄이오는소리 - 부산"
"광주5.18기념문화센터 민주홀",INCOMPLETE_DATA (Both),"정보 없음",,,8,"musical|play","2026 라이브 가족뮤지컬 〈라푼젤〉 - 광주; 2026 라이브 가족뮤지컬 〈미녀와야수〉 - 광주; 2026 베스트셀러 뮤지컬 〈사과가 쿵!〉 - 광주"
"덕수궁",OK,"덕수궁, 99, 세종대로, 정동, 소공동, 중구, 서울특별시, 04519, 대한민국",37.5661668,126.9751703,8,"exhibition|activity|kids","［소풍］덕수궁 야경투어; 궁궐야행, 덕수궁; 덕수궁의 인문학산책"
"서울역사박물관",OK,"서울역사박물관, 55, 새문안로, 신문로2가, 사직동, 종로구, 서울특별시, 03177, 대한민국",37.5704789,126.9705257,8,"exhibition|activity","서울역사박물관 인문학산책; 서울역사박물관 인문학산책; [서울역사박물관] 베셀레 바노체(Vesele Vanoce)"
"대전시립연정국악원 작은마당",INCOMPLETE_DATA (Both),"정보 없음",,,8,"etc","K-브런치콘서트「우.아.한(우리의 아침을 여는 한국음악)」 - 3월; K-브런치콘서트「우.아.한(우리의 아침을 여는 한국음악)」 - 4월; K-브런치콘서트「우.아.한(우리의 아침을 여는 한국음악)」 - 5월"
"김해가야테마파크",INCOMPLETE_DATA (Both),"정보 없음",,,8,"leisure","김해가야테마파크 눈썰매 입장권+공연(페인터즈 가야왕국); 김해가야테마파크 눈썰매 입장권+메가익스트림; 김해가야테마파크 눈썰매 입장권+어드벤처"
"서울 종로구",MISSING_ENTRY,"",,,8,"festival","서울라이트 광화문; 동궐동락; 온 가족 책 잔치"
"위치 정보는 상품 상세 페이지를 참고해주세요.",INCOMPLETE_DATA (Coords),"위치 정보는 상품 상세 페이지를 참고해주세요.",,,8,"kids","[키즈][경기/수원] 화성박물관&화성행궁 어린이 역사투어; [키즈][서울/용산] 프라이빗 박물관 숲체험; [키즈][서울] 역사숲체험 역사체험과 숲체험을 동시에~!"
"마포구립서강도서관",MISSING_ENTRY,"",,,8,"class|unknown","[마포구립서강도서관] 1월 어린이 겨울 독서교실 [겨울아, 읽자]; [마포구립서강도서관] 1월/어린이메이킹 [해봄아 노올자!] 해봄맘껏Time; [마포구립서강도서관] 2026년 개관 18주년 기념 집중인문학 [여성 작가, 세상을 다시 쓰다]"
"서울상상나라",MISSING_ENTRY,"",,,8,"unknown|class|exhibition","[서울상상나라] 당근 라페 꽃게 샌드위치; [서울상상나라] 히잉~말 빵; [서울상상나라] 국제상 수상 빛의 방 신규 교육 프로그램 [빛, 너머]"
"관악아트홀",OK,"관악산입구.관악아트홀·중앙도서관, 신림로, 녹두거리, 대학동, 관악구, 서울특별시, 08825, 대한민국",37.4680131,126.9466902,7,"musical|classic|etc|unknown","2026 〈더:매직서커스〉 - 서울(관악); 어린이뮤지컬 캣; 지브리와 사랑에 빠지다 : 지브리 영화음악 콘서트 2026 - 서울 관악"
"영등포아트홀",OK,"영등포아트홀 앞, 신월여의지하도로, 당산1동, 영등포구, 서울특별시, 07988, 대한민국",37.5266838,126.9001923,7,"musical|concert|classic","2026 가족매직쇼〈스노우버블쇼〉 - 서울(영등포); 그리스 로마 신화 〈신들의 왕 제우스〉 - 서울 영등포; 백설공주"
"성수아트홀",OK,"성수아트홀, 왕십리로6길, 성수1가2동, 성동구, 서울특별시, 04778, 대한민국",37.5454098,127.0469706,7,"musical|concert|theater","싱어롱 뮤지컬 〈다이노스터 : 공룡수호대〉 - 서울; 싱어롱 뮤지컬 〈슈퍼윙스 : 초능력 곤충 대소동〉 - 서울 성동; 김현창 콘서트 - 긴 잠을 바랐던 날의 안부"
"K-POP STAGE",OK,"서울 마포구 와우산로21길 29",37.5522135177338,126.922439996039,7,"concert|play","Antares The First 2026; KOKOON SHOW; ［ NEW 웃음주의］ GAG STAGE"
"대전평송청소년문화센터 소극장",INCOMPLETE_DATA (Both),"정보 없음",,,7,"musical|classic","2026 가족 매직쇼 〈매직키즈마술쇼〉 - 대전; 2026 라이브 가족뮤지컬 〈빨간모자〉 - 대전; 2026 라이브 가족뮤지컬 〈알라딘〉 - 대전"
"대구문화예술회관 비슬홀",INCOMPLETE_DATA (Both),"정보 없음",,,7,"concert|classic|etc","김정식 재즈 밴드 ‘The Music of Miles Davis’ - 대구; 강대현 바이올린 리사이틀 - 대구; 노서균 바이올린 리사이틀 - 대구"
"울산문화예술회관 대공연장",INCOMPLETE_DATA (Both),"정보 없음",,,7,"musical|concert|classic","가족뮤지컬 〈설민석의 한국사 대모험 : 안중근〉 - 울산; 〈미스터트롯3〉 TOP7 울산콘서트; 2025-26 김창옥 토크콘서트 시즌5 - 울산"
"창경궁",OK,"창경궁, 185, 창경궁로, 연건동, 이화동, 종로구, 서울특별시, 03072, 대한민국",37.5802456,126.9948331,7,"exhibition|activity|kids","［소풍］ 창경궁 야경투어; 궁궐야행, 창경궁; 창경궁의 인문학산책(야간)"
"(주)송운개발",OK,"경기도 용인시 처인구 지삼로 470",37.2343,127.1615,7,"leisure","［경기/용인］ 조일프라자골프클럽 : 실외타석이용권 10회권; ［경기/용인］ 조일프라자골프클럽 : 실외타석이용권 1회권; ［경기/용인］ 조일프라자골프클럽 : 실외타석이용권 20회권"
"경주루지월드",INCOMPLETE_DATA (Both),"정보 없음",,,7,"exhibition|leisure","［경주］ 경주여행은 여기로! 루지월드+바니베어뮤지엄 이용권!; ［경주］ 경주가볼만한곳 루지월드+키덜트뮤지엄 이용권!; ［경주］ 경주가볼만한곳 베스트 루지월드+엑스포대공원 이용권!"
"정글미디어파크",INCOMPLETE_DATA (Both),"정보 없음",,,7,"exhibition|leisure","［경주］ 정글미디어파크 통합권+렛미체인지 교복or의상대여 패키지; ［경주］ 동궁원+정글 미디어파크 통합권 패키지; ［경주］ 정글 미디어파크 통합권+또봇정크아트(+엑스포통합권) 패키지"
"송도해상케이블카",INCOMPLETE_DATA (Both),"정보 없음",,,7,"exhibition|leisure","［부산투어패스］송도해상케이블카X남포동 영화체험박물관; ［부산］ 부산투어패스 송도해상케이블카X남포동 자갈치크루즈; ［부산］ 부산투어패스 송도해상케이블카X부산시티투어버스"
"15세 관람가",MISSING_ENTRY,"",,,7,"movie","만약에 우리; 신의악단; 보이"
"예술의 전당",MISSING_ENTRY,"",,,7,"unknown|classic","제17회 ARKO한국창작음악제 (국악부문); 김정훈 바이올린 독주회; [강남문화재단] 강남심포니오케스트라 제114회 정기연주회"
"서울시립 북서울미술관",MISSING_ENTRY,"",,,7,"exhibition","[서울시립 북서울미술관] Buk SeMA 어린이 방학 프로그램 [배낭 탐험가! 전시 투어]; [서울시립 북서울미술관] Buk SeMA 어린이 방학 프로그램 [배낭 탐험가!]; [서울시립 북서울미술관] 일렉트릭 쇼크"
"인스파이어 아레나",OK,"인스파이어 아레나, 공항문화로, 운서동, 중구, 인천광역시, 22384, 대한민국",37.4667814,126.3906416,6,"concert","INSPIRE Concert Series#7 : SEIKO MATSUDA; ［Play＆Stay］CxM［DOUBLE UP］LIVE PARTY in INCHEON+ Hotels; 인스파이어 아레나 백스테이지 투어 V2"
"스케치홀",OK,"서울 종로구 동숭동 1-36",37.5831701538168,127.002275627788,6,"play|kids","남주를 부탁해; 대학로 연극 〈 급식왕 - 급식이사라졌다 〉; 청소년 코미디 연극 〈드립소년단〉"
"콘서트홀 나누",OK,"서울 마포구 망원동 415-26",37.5570610153931,126.904208014987,6,"classic","그들이 남긴 시간; 소리의 숲; 시간의 층위: Layers of Time"
"인천문화예술회관 소공연장",OK,"인천 남동구 구월동 1408",37.447174922188,126.699673872945,6,"musical|classic|kids","2026 가족 뮤지컬 〈이상한 나라의 앨리스〉 - 인천; 2026 라이브 가족뮤지컬〈라푼젤〉 - 인천; 신데렐라 - 인천"
"성남아트센터 앙상블시어터",OK,"성남아트센터 앙상블시어터, 태원지하보도, 이매동, 판교, 분당구, 성남시, 13566, 대한민국",37.4023667,127.1306777,6,"musical|classic|kids","가족뮤지컬 〈급식왕2 - 좀비가 나타났다〉 - 성남; 스쿨매직콘서트(성남); 싱어롱 뮤지컬 〈슈퍼윙스 : 초능력 곤충 대소동〉 - 성남"
"KBS수원아트홀",OK,"경기 수원시 팔달구 인계동 616-2",37.26779363785306,127.03150220972648,6,"musical|play","어린이 드로잉매직쇼 크레용용 (수원); 어린이베스트셀러뮤지컬 콧구멍을후비면(수원); 연극 라면 (수원)"
"청라블루노바홀",OK,"인천 서구 청라동 106-2",37.5240117200914,126.634174254626,6,"concert|play|classic","김정민 전국투어 콘서트：대한민국 락발라더 김정민 - 인천; 박남정 전국투어 콘서트 : The Original SuperStar - 인천; 현진영 감금콘서트 : 신춘절특사 - 인천"
"평택아트센터 대공연장",OK,"경기도 평택시 고덕로 310 ...",37.0428406,127.0357025,6,"classic","빈 소년 합창단 〈신년음악회〉 - 평택; 정명훈 ＆ 드레스덴 슈타츠카펠레 with 임윤찬 - 평택; 코리안 팝스 오케스트라  더 콘서트 with K-가곡 - 평택"
"소극장 쇠내골",INCOMPLETE_DATA (Both),"정보 없음",,,6,"musical","［청주,세종］뮤지컬 베어만 : 마지막잎새; ［청주,세종］뮤지컬 빌의구둣방; ［청주,세종］어린이가족뮤지컬 “빨간모자야.조심해！”"
"대전 평송청소년문화센터 대극장",INCOMPLETE_DATA (Both),"정보 없음",,,6,"musical","2026 가족매직콘서트 〈판타스틱 매직콘서트〉 - 대전; 가족뮤지컬 〈마인블록월드:우리가 만드는 세상〉 - 대전; 뮤지컬 〈개구쟁이 특공대 : 마녀저택〉 - 대전"
"경상남도문화예술회관 대공연장",INCOMPLETE_DATA (Both),"정보 없음",,,6,"musical|play|classic|etc","뮤지컬 〈미세스 다웃파이어〉 - 진주; 국립극단 〈그의 어머니 Mother of Him〉 - 진주; 손열음 ＆ 고잉홈프로젝트 - 진주"
"K현대미술관",OK,"서울 강남구 신사동 666-7",37.524349883168405,127.03913323759338,6,"exhibition|unknown","괴짜전 2025; 핑크버블; 괴짜전 2025"
"궁궐사랑",OK,"서울특별시 서초구 명달로 97-9",37.4837,127.0324,6,"leisure","［궁궐사랑］ 서촌투어; ［궁궐사랑］ 정동투어; ［궁투어］ 경복궁여행"
"경주엑스포대공원",INCOMPLETE_DATA (Both),"정보 없음",,,6,"exhibition|leisure","［경주］ 엑스포대공원+바니베어뮤지엄 PKG; ［경주］ 엑스포대공원+자동차박물관 즐길거리 패키지; ［경주］ 엑스포대공원+키덜트뮤지엄 주간 패키지"
"어디든가게",INCOMPLETE_DATA (Both),"정보 없음",,,6,"leisure","［경주］ 경주 야경 투어 : 시간을 거닐다; ［경주］ 야외 방탈출 추리게임 (물오름달 열닷새); ［경주］ 야외 방탈출 추리게임 (잔상일지: 시간이 쌓인 경주에서의 단상)"
"동궁원",INCOMPLETE_DATA (Both),"정보 없음",,,6,"leisure","［경주］ 경주가볼만한곳! 추억의달동네+동궁원 패키지; ［경주］ 동궁원; ［경주］ 동궁원+렛미체인지 교복or의상대여 패키지 이용권"
"더마파크",INCOMPLETE_DATA (Both),"정보 없음",,,6,"exhibition|leisure","［제주］ 더마파크+세계자동차＆피아노박물관; ［제주］ 더마파크+불빛정원; ［제주］ 제주 더마파크 공연+심쿵혜택"
"서울 중구",MISSING_ENTRY,"",,,6,"festival","서울라이트 DDP 겨울; 겨울, 청계천의 빛; 서울빛초롱축제"
"서울공예박물관",OK,"서울공예박물관",37.5765519,126.9834467,6,"kids|exhibition","[키즈][서울/종로] 아름다운 우리의 미술사, 서울공예박물관; [서울공예박물관] 또롱또롱 마법사 금도목섬!_1,2월; [서울공예박물관] 금기숙 기증특별전 [Dancing, Dreaming, Enlightening]"
"충무아트센터 중극장 블랙",OK,"서울 중구 퇴계로 387",37.5660161094843,127.014809694016,5,"musical","［로터리 티켓］뮤지컬 〈비하인드 더 문 (Behind the Moon)〉; 뮤지컬 〈비하인드 더 문 (Behind the Moon)〉; 뮤지컬 〈홍련〉"
"소월아트홀",OK,"소월아트홀, 고산자로12길, 행당동, 행당1동, 성동구, 서울특별시, 04744, 대한민국",37.559331,127.0360402,5,"musical|classic","가족뮤지컬 〈마인블록월드 : 우리가 만드는 세상〉 - 서울; 뮤지컬 ‘멜로우TV 〈 Run it up, 팀나빠 〉’; 바다탐험대 옥토넛 시즌4 : 숨겨진 보물을 찾아라! - 서울"
"올림픽공원 올림픽홀",OK,"서울 송파구 방이동 88",37.51474165901363,127.12753246584705,5,"concert","〈미스터트롯3〉 TOP7 서울콘서트; 2025-26 장민호 전국투어 콘서트 ‘호시절 : 9.11Mhz’ - 서울; 싱어게인4 전국투어 콘서트 - 서울"
"명화라이브홀",OK,"서울 영등포구 영등포동2가 94-139",37.5216013765703,126.912475087298,5,"concert","2025-26 강승윤(KANGSEUNGYOON) : PASSAGE ＃2 CONCERT TOUR IN SEOUL; 2026 김광진 앵콜 콘서트 〈The Treasure〉; 크라프트베르크 내한공연"
"국립극장 하늘극장",OK,"서울 중구 장충동2가 산 14-67",37.552859777890085,127.00042551711707,5,"play|classic|etc","국립극장 마당놀이 〈홍길동이 온다〉; 꾸러기음악회-봄이 오는 소리; 국립국악관현악단 어린이 음악회 〈신나락 만나락〉"
"고양어울림누리 어울림극장",OK,"경기 고양시 덕양구 성사동 777",37.6502205371056,126.835486406393,5,"musical","［고양］ 가족뮤지컬 〈로보카폴리 - 브룸스타운의 에너지를 지켜라!〉; 가족뮤지컬 〈뽀로로와 신비한 여행〉 - 고양; 가족뮤지컬 〈알파블록스〉 - 고양"
"안양아트센터 관악홀",OK,"경기 안양시 만안구 안양동 550",37.38460941042,126.931360569826,5,"musical|concert","〈가족뮤지컬〉 뽀로로와 신비한 여행 - 안양; 뮤지컬 〈설민석의 한국사 대모험 : 안중근〉 - 안양; 2026 김장훈 전국투어 콘서트 : 원맨쇼 - 안양"
"수원SK아트리움 대공연장",OK,"경기 수원시 장안구 정자동 947",37.3096881340366,126.986481574203,5,"musical|concert","2026 뮤지컬 〈100층짜리 집〉 - 수원; 베베핀 뮤지컬 〈두근두근 새친구〉 - 수원; ［데뷔 60주년 기념공연］2025 남진 전국투어 콘서트 - 수원"
"용인어린이상상의숲 공연놀이터",OK,"경기 용인시 처인구 동백죽전대로 61 용인어린이상상의숲",37.2474697,127.1653562,5,"musical|play","2026 월간톡톡 공연놀이터 - 쇼!프라이즈 - 용인; 빨간머리앤의 풍선동화 - 용인; 어린이 국악 뮤지컬 〈동물원에 간 고양이〉 - 용인"
"구리아트홀 코스모스 대극장",OK,"경기 구리시 교문동 390",37.5953506560501,127.129657160848,5,"musical|classic","2026. 〈가족뮤지컬 엄마까투리 - 유치원도,도시도 처음이야〉 - 구리; 뮤지컬 〈개구쟁이 특공대 : 마녀저택〉 - 구리; 싱어롱뮤지컬 브레드이발소 〈브레드와 윌크의 세계여행〉 - 구리"
"수원문화원 빛누리아트홀",OK,"경기 수원시 권선구 호매실동 1366",37.265377006891974,126.956935278737,5,"musical|classic","2026. 가족극 〈어린이 마술쇼〉 - 수원; 가족뮤지컬 〈꼬마버스 타요 - 소원을 들어주는 요술 지팡이 대소동〉 - 수원; 가족뮤지컬 〈뽀로로와 신비한 여행〉 - 수원"
"안산문화예술의전당 달맞이극장",OK,"경기 안산시 단원구 고잔동 817",37.3206321812948,126.823093318687,5,"musical|classic","가족뮤지컬 〈꼬마버스 타요 - 소원을 들어주는 요술 지팡이 대소동〉 - 안산; 어린이뮤지컬 〈렛잇고〉 - 안산; K-히어로 뮤지컬 〈똥볶이 할멈 : 정의의 맛〉 - 안산"
"용인포은아트홀",OK,"용인포은아트홀, 포은대로, 신봉동, 수지구, 용인시, 경기도, 16870, 대한민국",37.3245829,127.1046591,5,"musical|concert|classic","가족뮤지컬 〈꼬마버스 타요 - 소원을 들어주는 요술 지팡이 대소동〉 - 용인; 뮤지컬 〈맘마미아!〉 - 용인; YB REMASTERED 3.0 : Odyssey - 용인"
"경기아트센터 대극장",OK,"경기 수원시 팔달구 인계동 1117",37.2615818857951,127.037571376779,5,"musical|concert|play|classic","뮤지컬 〈레드북〉 - 수원; 뮤지컬 헬로카봇 스페셜 시즌9 〈전설의 용사를 찾아서〉 - 수원; 2026 변진섭 전국투어 콘서트 변천사 시즌2.5 : 시간여행 - 수원"
"용인시문예회관 처인홀",OK,"경기 용인시 처인구 김량장동 346",37.23178996207017,127.19890287366283,5,"musical|concert|play","뮤지컬 집사TV 〈대저택 문의 비밀〉 : part.1 - 용인; 베베핀 뮤지컬 〈두근두근 새친구〉 - 용인; 오리지널 과학마술콘서트 시즌1 (용인)"
"엘림아트센터 엘림홀",OK,"인천 서구 청라동 152-14",37.532056970344534,126.63688193896643,5,"classic","레빈시은 권 바이올린 독주회: 새롭게, 봄; 선데이콘서트 ［해설이 있는 렉처콘서트］ - 인천; 선데이콘서트 ［이찬기 바이올린 독주회］ - 인천"
"BOK아트센터",INCOMPLETE_DATA (Both),"정보 없음",,,5,"musical","2026 가족 뮤지컬 〈어린이캣 리틀캣〉 - 세종; 2026 베스트셀러 어린이 뮤지컬 〈콧구멍을 후비면〉 - 세종; 2026 베스트셀러 어린이 뮤지컬〈사과가 쿵〉 - 세종시"
"대전시립연정국악원 큰마당",INCOMPLETE_DATA (Both),"정보 없음",,,5,"concert|classic|etc","2026 기획공연 국악콘서트 〈 장끼자랑 - 사내들 〉; 이화선 작가 17주년 기념 캘리그라피 퍼포먼스 콘서트 - 대전; 대전시립교향악단 마티네 콘서트 1 모차르트 탄생 270주년"
"대백프라자 10층 프라임홀",INCOMPLETE_DATA (Both),"정보 없음",,,5,"musical","2026 〈매직키즈서커스쇼〉 - 대구; 2026 가족매직쇼 〈판타스틱매직콘서트〉 - 대구; 2026 라이브 가족뮤지컬 〈벌거벗은 임금님〉 - 대구"
"대구어린이세상 꾀꼬리극장",INCOMPLETE_DATA (Both),"정보 없음",,,5,"musical","가족뮤지컬 피터팬 - 대구; 뮤지컬 〈개구쟁이 특공대 : 마녀저택〉 - 대구; 뮤지컬 멜로우TV 〈Run it up, 팀 나빠〉 - 대구"
"대구문화예술회관 팔공홀 (대극장)",INCOMPLETE_DATA (Both),"정보 없음",,,5,"concert|classic|etc","SONCLAIR ‘SCENT OF VALENTINE FESTIVAL’ - 대구; 금난새의 두시 데이트 - 대구; 대구시립교향악단〈말러 교향곡 제1번 ‘거인’〉 - 대구"
"부산 동래문화회관 대극장",INCOMPLETE_DATA (Both),"정보 없음",,,5,"musical","2026 가족매직쇼 〈매직키즈 서커스쇼〉 - 부산; 2026 베스트셀러 뮤지컬 〈누가 내 머리에 똥쌌어？〉 - 부산; 2026 베스트셀러 뮤지컬 〈콧구멍을 후비면〉 - 부산"
"울산중구문화의전당 함월홀",INCOMPLETE_DATA (Address),"정보 없음",37.5637,126.9975,5,"musical|classic","2026 베스트셀러 어린이뮤지컬 〈콧구멍을 후비면〉 - 울산; 바다탐험대 옥토넛 시즌4 : 숨겨진 보물을 찾아라! - 울산; 싱어롱뮤지컬 브레드이발소 〈브레드와 윌크의 세계여행〉 - 울산"
"부산콘서트홀 콘서트홀",INCOMPLETE_DATA (Both),"정보 없음",,,5,"classic","낭만주의 거장 〈차이코프스키 ＆ 라흐마니노프 ＆ 신세계로부터〉 - 부산; 사카리 오라모 ＆ BBC 심포니 오케스트라 with 손열음 - 부산; 안드라스 쉬프 피아노 리사이틀 - 부산"
"DDP 뮤지엄 전시 2관",OK,"서울 중구 을지로 281 동대문디자인플라자뮤지엄",37.5637,126.9975,5,"exhibition","［앵콜 30% 할인］ 하이퍼알고리즘 단일권 울트라백화점; ［앵콜 30% 할인］ 하이퍼알고리즘 올시즌권 울트라백화점; ［얼리버드 30% 할인］ 포스트서브컬쳐 단일권 울트라백화점 시즌2"
"N 서울타워",OK,"서울 용산구 용산동2가 산 1-3",37.5513049702718,126.988230622132,5,"leisure","［남산］ N서울타워 더플레이스다이닝 2인 / 3인 PKG; ［남산］ N서울타워 전망대 이용권; ［남산］ N서울타워 전망대+엔그릴 PKG"
"헬로마이디노＆VR테마파크",INCOMPLETE_DATA (Both),"정보 없음",,,5,"exhibition|leisure","［경주］ 헬로마이디노＆VR테마파크+코오롱호텔 TAT전시회; ［경주］ 헬로마이디노＆VR테마파크 이용권; ［경주］ 헬로마이디노＆VR테마파크+바니베어뮤지엄 이용권"
"로봇랜드",INCOMPLETE_DATA (Both),"정보 없음",,,5,"leisure","［경남］ 마산 로봇랜드 종일/오후 이용권 (~1/31); ［경남］ 마산 로봇랜드 종일권 + 로봇스쿨 레이싱카 PKG (~1/31); ［경남］ 마산 로봇랜드 종일권 + 채나교복 PKG (~1/31)"
"아쿠아플라넷 여수",INCOMPLETE_DATA (Both),"정보 없음",,,5,"leisure","［26/1/1~1/31］ 아쿠아플라넷 여수 + 여수예술랜드 PKG; ［26/1/1~1/31］ 아쿠아플라넷 여수 + 해상케이블카 PKG; 아쿠아플라넷 여수 + 라마다짚트랙 PKG"
"충무아트센터",OK,"서울특별시 중구 퇴계로 387",37.5637,126.9975,5,"kids|musical|unknown","보노보노 40주년 특별전 in Seoul; [중구문화재단] 2026 월요극장 - 뮤지컬 [비하인드 더 문]; [중구문화재단] 뮤지컬 [비하인드 더 문(Behind the Moon)]"
"서울 서초구",MISSING_ENTRY,"",,,5,"festival","한강페스티벌; 방배카페 골목페스타; 케미스트릿 강남역 페스티벌"
"양천문화회관 대극장",OK,"서울 양천구 신정동 322",37.5164838127114,126.863262711975,4,"musical|play","2026. 가족뮤지컬 〈엄마까투리 - 유치원도,도시도 처음이야〉; 어린이뮤지컬 캣; 흥부와 놀부 (양천)"
"용산아트홀 대극장 미르",OK,"서울 용산구 이태원동 34-87",37.5328454776885,126.990310759146,4,"musical","가족뮤지컬 〈고고다이노 곤충탐험대 : 고고다이노가 작아졌어요〉 - 서울; 가족뮤지컬 〈급식왕2 - 좀비가 나타났다〉 - 서울 용산; 최형배 마술사의 울트라매직콘서트 (용산)"
"해당공연 공연장－서울",OK,"서울 종로구 종로 272",37.5702847,126.9826196,4,"musical|classic","뮤지컬 〈말리〉 ＆ 〈은밀하게 위대하게:THE LAST〉 패키지 티켓; 2026 존 엘리엇 가디너 패키지; 아벨 콰르텟 베토벤 현악사중주 전곡연주 패키지"
"잠실실내체육관",OK,"서울 송파구 잠실동 10",37.516179021092626,127.07598208253374,4,"concert","［Play＆Stay］LE SSERAFIM TOUR ＇EASY CRAZY HOT＇ENCORE IN SEOUL+Hotel; 원 오크 록 내한공연; 원리퍼블릭 내한공연"
"블루스퀘어 SOL트래블홀",OK,"서울 용산구 한남동 727-56",37.54061156903693,127.00263981122293,4,"concert","2026 10CM Asia Tour 〈To 10CM: Chapter 1〉 in Seoul; 82MAJOR 5th 콘서트 〈비범 : BE 범〉; 드림씨어터 40주년 기념 내한공연"
"KT＆G 상상마당 라이브홀",OK,"서울 마포구 서교동 367-5",37.5509224009872,126.921100311063,4,"concert","러브 내한공연 (luv ASIA TOUR 2026 in SEOUL); 빌리롬 내한공연 (Billyrrom Asia Tour 2026 “Jupiter＝”); 민트페스타 vol.80"
"광주 조선대학교 해오름관",OK,"광주 동구 조선대5길 31",35.1408256658552,126.932989141373,4,"concert|musical","DK UNIVERSE 〈 TIMELESS 〉 - 광주; 2026. 가족뮤지컬 〈정승제 수학 대모험 : 수포자의 비밀〉 - 광주; 뮤지컬 최고다 호기심딱지 시즌3 〈동화나라구출대작전〉 - 광주"
"KSPO DOME",OK,"서울 송파구 방이동 88",37.519261232854504,127.12739989041407,4,"concert","FAM+ILY : FAMILY : FAM I LOVE YOU; ［Play＆Stay］2026 ZEROBASEONE WORLD TOUR ［HERE＆NOW］ ENCORE IN SEOUL+Hotels; 2026 TXT MOA CON"
"놀터예술공방",OK,"서울 성북구 동소문동1가 48",37.5894895305414,127.007033529804,4,"play","2026 제 16회 페스티벌 판을 열다 참가작 〈어둔 극장〉; 2026 제 16회 페스티벌 판을 열다 참가작 〈에덴의 섬〉; 2026 제 16회 페스티벌 판을 열다 참가작 〈태양이 떨어지면 일어나는 일〉"
"댕로홀",OK,"서울 종로구 동숭동 1-78",37.5818420527808,127.003717924826,4,"play","공포연극 ［자취］; 공포연극 조각; 조각 : 사라진 기억"
"아라아트홀",OK,"서울 종로구 동숭동 1-58",37.5822871744261,127.002558635851,4,"play","대학로 청소년연극 〈사춘기메들리〉; 코미디 연극〈딜리버리〉; 딜리버리"
"코델아트홀",OK,"서울 종로구 동숭동 50-24",37.5817465280251,127.004290778649,4,"play","대학로 혜화 연극 플러팅; 연극 〈히든퍼즐〉; 플러팅"
"북극곰소극장",OK,"서울 종로구 이화동 28-18",37.5773874578338,127.005737308302,4,"play|kids","북극곰예술여행; 연극 끝까지 간다(블랙코미디); 북극곰 예술여행"
"도토리씨어터",OK,"서울 종로구 동숭동 1-89",37.5812239611894,127.004021303229,4,"play","연극 너의 목소리가 들려; 연극 핫식스; 핫식스"
"거암아트홀",OK,"서울 강남구 신사동 504-11",37.5195094981008,127.019108071308,4,"classic","2026 PERP 신인 아티스트 페스티벌; 천예인 피아노 독주회; Fluty Friends Concert"
"평택남부문화예술회관 대공연장",OK,"경기 평택시 비전동 847",36.9911311852604,127.114084126718,4,"musical|classic","(2026년특선명작가족뮤지컬) 미녀와야수 - 평택; 겨울이야기 - 평택; 어린이뮤지컬 캣 - 평택"
"군포문화예술회관 철쭉홀",OK,"경기 군포시 산본동 1101",37.365768472386,126.927494394706,4,"musical|classic","［군포］ 싱어롱 콘서트 뮤지컬 ‘Live Show’ 〈무지개 물고기〉; 라푼젤 - 군포; 사과가쿵 - 군포"
"오산문화예술회관 대공연장",OK,"경기 오산시 오산동 34-5",37.1595171490519,127.07689693335,4,"musical|classic","［오산］ 뮤지컬 번개맨 시즌2 〈번개맨!VS번개맨？〉; 2026. 가족뮤지컬 〈에그박사 - 해적 보물섬의 비밀〉 - 오산; 뮤지컬 〈설민석의 한국사 대모험 : 안중근〉 - 오산"
"용인시 평생학습관 큰어울마당",OK,"경기 용인시 수지구 풍덕천동 1086",37.3207907429824,127.095518374808,4,"musical","［용인］ 가족뮤지컬 〈로보카폴리 - 브룸스타운의 에너지를 지켜라!〉; ［용인］ 싱어롱 콘서트 뮤지컬 ‘Live Show’ 〈무지개 물고기〉; 가족뮤지컬 〈피터래빗〉 - 용인"
"광명시민회관 대공연장",OK,"경기 광명시 철산동 222-1",37.4770779854164,126.863755106053,4,"musical|concert|classic","어린이 체험학습 뮤지컬 〈틀려도 괜찮아〉 - 광명; 2026 변진섭 전국투어 콘서트 변천사 시즌2.5 : 시간여행 - 광명; 2026 The 심수봉 SHOW - 광명"
"인스파이어컬쳐홀",INCOMPLETE_DATA (Both),"정보 없음",,,4,"concert","이지영x강윤미 어쿠스틱 프로젝트; 임수원 쿼텟; DA:UM Trio"
"미리내 마술극단 송도점",OK,"인천 연수구 송도과학로16번길 33-4 D동 3층",37.4102,126.6782,4,"play|kids|musical","스탠드-업 코미디 (송도); 인천 송도 어린이 마술쇼; 어린이 마술쇼(송도)"
"아트센터인천 다목적홀",INCOMPLETE_DATA (Both),"정보 없음",,,4,"classic","디즈니 콘서트 - 인천; 지브리 ＆ 디즈니 콘서트 - 인천; 지브리 콘서트 - 인천"
"고양아람누리 아람음악당",OK,"경기 고양시 일산동구 마두동 816",37.66078154180892,126.77429733628516,4,"classic","발렌타인데이 지브리 OST 콘서트 : 디 오케스트라; 심연: 파우스트 ＆ 겨울왕국 콘서트; 이관욱 피아노 독주회"
"청주아트홀",INCOMPLETE_DATA (Both),"정보 없음",,,4,"musical","2026 라이브 가족뮤지컬 〈아기돼지삼형제〉 - 청주; 2026 라이브가족뮤지컬 〈라푼젤〉 - 청주; 2026 베스트셀러 뮤지컬 〈사과가쿵!〉 - 청주"
"대전 우송예술회관",INCOMPLETE_DATA (Both),"정보 없음",,,4,"musical|concert","가족뮤지컬 〈알파블록스〉 - 대전; 2026 The 심수봉 SHOW - 대전; 김종국 30주년 콘서트 〈The Originals〉-대전"
"당진문예의전당 대공연장",INCOMPLETE_DATA (Both),"정보 없음",,,4,"musical|concert","쇼뮤지컬 〈프린세스 캐치! 티니핑〉 - 당진; ［데뷔 60주년 기념공연］ 2026 남진 전국투어 콘서트 - 당진; 대한민국 최초의 디바! ＜윤복희의 삶＞ - 당진"
"충남대학교 정심화홀",INCOMPLETE_DATA (Both),"정보 없음",,,4,"concert","［대전］ 2025-26 장윤정 라이브 콘서트 〈THE MASTER〉; 〈미스터트롯3〉 TOP7 대전콘서트; 2025-26 장민호 전국투어 콘서트 ‘호시절 : 9.11Mhz’ - 대전"
"천안예술의전당 대공연장",INCOMPLETE_DATA (Both),"정보 없음",,,4,"concert|play|classic","YB REMASTERED 3.0 : Odyssey - 천안; 2026 연극 〈친정엄마와 2박 3일〉 - 천안; 2026 천안예술의전당 신년음악회 〈국립심포니오케스트라 with 지휘 홍석원, 첼리스트 문태국〉"
"수성아트피아 대극장",INCOMPLETE_DATA (Both),"정보 없음",,,4,"musical|classic","［대구］ 가족뮤지컬 〈로보카폴리 - 브룸스타운의 에너지를 지켜라!〉; 이은결 〈META〉 대구; 꾸러기음악회 - 대구"
"포항시청 문화동 대잠홀",INCOMPLETE_DATA (Both),"정보 없음",,,4,"musical|classic","［만원의행복］2026년 라이브가족 뮤지컬 - 알라딘과요술램프 - 포항; 특별할인 “만원의행복” 가족뮤지컬 ”장화신은고양이” - 포항; 지브리와 사랑에 빠지다 : 지브리 영화음악 콘서트 2026 스페셜 - 포항"
"아양아트센터 아양홀",INCOMPLETE_DATA (Both),"정보 없음",,,4,"musical","가족뮤지컬 〈설민석의 한국사 대모험 : 안중근〉 - 대구; 싱어롱뮤지컬 브레드이발소 〈브레드와 윌크의 세계여행〉 - 대구; ［대구］ 뮤지컬 번개맨 시즌2 〈번개맨!VS번개맨？〉"
"포항문화예술회관 대공연장",INCOMPLETE_DATA (Both),"정보 없음",,,4,"musical|classic","뮤지컬 최고다 호기심딱지 시즌3 〈동화나라구출대작전〉 - 포항; 오리지널 과학마술콘서트 시즌1 (포항); 2026 유키 구라모토 콘서트 Peacefully - 포항"
"울산문화예술회관 소공연장",INCOMPLETE_DATA (Both),"정보 없음",,,4,"musical","［울산］ 가족뮤지컬 〈로보카폴리 - 브룸스타운의 에너지를 지켜라!〉; 2026. 가족뮤지컬 〈겨울이야기〉 - 울산; 어린이뮤지컬 ‘캣’ - 울산"
"진해문화센터",INCOMPLETE_DATA (Both),"정보 없음",,,4,"musical","2026 라이브 가족뮤지컬 〈라푼젤〉 - 창원(진해); 2026 라이브가족뮤지컬〈오즈의마법사〉 - 창원(진해); 2026 베스트 셀러 뮤지컬 〈커다란 방귀〉 - 창원(진해)"
"금정문화회관 은빛샘홀",INCOMPLETE_DATA (Both),"정보 없음",,,4,"musical|classic","가족뮤지컬 〈급식왕2 - 좀비가 나타났다〉 - 부산; 겨울이야기 - 금정; Image ＆ Feeling - 부산"
"통영국제음악당 블랙박스",INCOMPLETE_DATA (Both),"정보 없음",,,4,"classic","2026 통영국제음악제 - 돔니크의 〈워터 리플스〉; 2026 통영국제음악제 - 주빈 캉가: 더 사이보그 피아니스트 Ⅲ; 2026 통영국제음악제 - 주빈 캉가: 더 사이보그 피아니스트 I"
"마포아트센터 아트홀맥",INCOMPLETE_DATA (Both),"정보 없음",,,4,"classic|etc","2026 MAC 모닝 콘서트 ＃1; 2026 MAC 모닝 콘서트 ＃2; 2026 MAC 모닝 콘서트 ＃3"
"카페 플레이리스트",INCOMPLETE_DATA (Both),"정보 없음",,,4,"classic","손열음 피아노 리사이틀 in 원주 플레이리스트; 유성권 바순 리사이틀 in 원주 플레이리스트; 조성현 바흐 플루트 소나타 전곡 리사이틀 in 원주 플레이리스트"
"서울돈화문국악당",OK,"서울 종로구 율곡로 102",37.5759109,126.9841143,4,"etc|unknown|classic","高李 접어 부르는  완창 12雜歌(잡가); [서울돈화문국악당] 예술 인생 60주년 기념[김운태傳]; [서울돈화문국악당] 고금성 | 이희문컴퍼니 [高李 접어 부르는 완창 12雜歌(잡가)]"
"예술의전당 한가람미술관 제7전시실",OK,"서울 서초구 서초동 산 129-6",37.47996250279157,127.01265134873664,4,"exhibition","［새해할인］ 볼로냐 일러스트 원화전59th; ［슈퍼얼리버드］ 볼로냐 일러스트 원화전 59th; ［얼리버드］ 볼로냐 일러스트 원화전 59th"
"더현대 서울 ALT. 1",OK,"서울 영등포구 여의도동 22",37.5260038891705,126.928896250997,4,"exhibition","［슈퍼얼리버드］ 렘브란트에서 고야까지; ［체코 국보 11점 공개］알폰스 무하 : 빛과 꿈; ［트래블레이블 도슨트］ 렘브란트에서 고야까지 : 톨레도 미술관 명작전"
"마이아트뮤지엄",OK,"서울 강남구 대치동 944-31",37.507587841577454,127.06057692858644,4,"exhibition|unknown","［신년특가 20%할인+엽서증정］ 클림트와 리치오디의 기적; ［얼리버드40%, 한정수량］ 클림트와 리치오디의 기적; 클림트와 리치오디의 기적"
"원마운트 워터파크",OK,"원마운트 워터파크, 보행자길, 대화동, 일산서구, 고양시, 10392, 대한민국",37.6638143,126.7545228,4,"leisure","［일산］ 원마운트 워터파크 겨울방학 상시특가; ［일산］ 원마운트 워터파크 식음PKG; ［일산］ 원마운트 워터파크 이용권"
"히어로 플레이파크",INCOMPLETE_DATA (Both),"정보 없음",,,4,"leisure","［전국］ 히어로플레이파크 소인권; ［경주］ 히어로플레이파크 경주2호점 소인권; ［대구］ 히어로플레이파크 상인점 소인권"
"스파크랜드",INCOMPLETE_DATA (Both),"정보 없음",,,4,"leisure","［대구］ (랜드발권)동성로스파크 올데이패스; ［대구］ 동성로스파크 얼리버드 슈퍼 할인했9 특가; ［대구］ 스파크랜드 자유이용권"
"이월드",INCOMPLETE_DATA (Both),"정보 없음",,,4,"leisure","［대구］ 이월드 자유권+공룡탐험전 PKG 1월; ［대구］ 이월드 자유권+예스교복 PKG 1월; ［대구］ 이월드 자유이용권 1월"
"엘에스컴퍼니",INCOMPLETE_DATA (Both),"정보 없음",,,4,"leisure","［강원］ 랜드마크 패키지 이용권; ［경주］ 랜드마크 패키지 이용권; ［대구］ 랜드마크 패키지 이용권"
"부산시티투어버스",INCOMPLETE_DATA (Both),"정보 없음",,,4,"leisure","［부산］ 부산시티투어 2층 버스 이용권(1일권); ［부산투어패스］ 부산 시티투어버스x요트홀릭; ［부산투어패스］부산시티투어버스X남포동 영화체험박물관"
"전북투어패스",INCOMPLETE_DATA (Both),"정보 없음",,,4,"leisure","［전북투어패스］ 남원춘향여행권; ［전북투어패스］ 무주반디여행권 36시간권; ［전북투어패스］ 전주한옥마을 패키지권"
"제주 러브랜드",INCOMPLETE_DATA (Both),"정보 없음",,,4,"exhibition|leisure","［제주］ 러브랜드+더 케이쇼 공연; ［제주］ 러브랜드 입장권; ［제주］ 러브랜드+불빛정원"
"우도잠수함",INCOMPLETE_DATA (Both),"정보 없음",,,4,"leisure","［제주］ 우도잠수함 승선권 ♥낙타트래킹＆족욕체험＆조안베어 증정♥; ［제주］ 우도잠수함+더마파크; 해저와인과함께하는 우도잠수함"
"제주 핫플버스",INCOMPLETE_DATA (Both),"정보 없음",,,4,"leisure","［제주］ 제주핫플버스 동부 프리미엄 투어; ［제주］ 제주핫플버스 동부감성투어; ［제주］ 제주핫플버스 서부감성투어"
"경기도 포천시",MISSING_ENTRY,"",,,4,"festival","포천백운계곡 동장군축제; 포천 산정호수 명성산 억새꽃축제; 포천시 청년축제"
"강원특별자치도 강릉시",MISSING_ENTRY,"",,,4,"festival","병오년 해맞이 행사; 강릉누들축제; 강릉커피축제"
"전북특별자치도 전주시",MISSING_ENTRY,"",,,4,"festival","전주제야축제; 전주막걸리축제; 전주페스타"
"충청남도 예산군",MISSING_ENTRY,"",,,4,"festival","의좋은 형제 축제; 예산사과축제; 예산장터 삼국축제"
"전북특별자치도 익산시",MISSING_ENTRY,"",,,4,"festival","보물찾기 축제 - 금괴를 찾아라 !; 익산천만송이 국화축제; 익산마한문화대전"
"온라인투어 | 3박 4일",MISSING_ENTRY,"",,,4,"travel","보라카이 4일 항공권 왕복픽업; 세부 4일 티샤인 리조트 (여행자보험 포함); 보라카이 4일 카사필라 리조트"
"국립고궁박물관",OK,"국립고궁박물관",37.5765671,126.9749691,4,"kids|exhibition","[키즈][서울/종로] 조선왕조 500년 역사여행 ""국립고궁박물관""; [키즈투어][서울/종로] 서울 국립고궁박물관 도슨트 투어 역사 탐방 초등 한국사 교육; [국립고궁박물관] RE:BORN, 시간을 잇는 보존과학"
"unknown",MISSING_ENTRY,"",,,4,"kids","맘맘 PICK! 키즈 학습 KIT 무료 증정 이벤트; 1위 학습지 윙크 무료체험하고 2만원 받기; 맘맘X청소연구소 쿠폰 도착!"
"서울아트센터 도암",MISSING_ENTRY,"",,,4,"classic|exhibition","2026 도암 신년음악회; [서울아트센터 도암] 전시 연계 워크숍: Red Horse 붉은 말 애니메이션 만들기; 2026 Doam Winter Kids Art Camp [미술사 속 겨울여행]"
"노원문화예술회관",MISSING_ENTRY,"",,,4,"musical|unknown|exhibition","[노원문화재단] 2026 공동기획공연 뮤지컬 [푸른사자 와니니]; [노원문화재단] 제1회 열린국악연주회 [공명]; [노원문화재단] 인상파, 찬란한 순간들 전시 연계 공연 [빛을 듣다, 색을 보다]"
"세종대학교 새날관",MISSING_ENTRY,"",,,4,"class","[세종대학교 미래교육원] 2026 성악 무료레슨 Day; [세종대학교미래교육원] 2026 피아노 무료레슨 Day; [세종대학교미래교육원] 2026 관현악 2차 무료레슨 DAY"
"소마미술관",MISSING_ENTRY,"",,,4,"exhibition","[소마미술관] 조각이 꿈+틀 (올림픽조각체험프로젝트#02); [소마미술관] 조각의 숲 : 달밤 여행; [소마미술관] Into Drawing 53 홍유영 개인전 : 배열 속의 또 다른 배열"
"서울기록원",MISSING_ENTRY,"",,,4,"leisure|unknown|exhibition","[서울기록원] 성인대상 기록문화체험 [기록적 오늘, 취향의 발견]; [서울기록원] 어린이 기록체험실 [꼬불꼬불 기록 탐험]; [서울기록원] 기록으로 산책하기_서울의 공원 展"
"서대문문화체육회관 대극장",OK,"서대문문화체육회관 대극장, 39, 백련사길, 홍은2동, 서대문구, 서울특별시, 03654, 대한민국",37.5806951,126.9314183,3,"musical","［만원의행복］2026가족뮤지컬 〈우리 아빠가 최고야〉; ［만원의행복］2026어린이서커스쇼 - 서울 서대문; 2026. 가족뮤지컬 〈겨울이야기〉 - 서대문"
"꿈의숲_퍼포먼스홀",OK,"서울 강북구 번동 90",37.6216704342967,127.038472269356,3,"musical","［서울_꿈의숲］ 싱어롱 콘서트 뮤지컬 ‘Live Show’ 〈무지개 물고기〉; 어린이 뮤지컬 캣-서울; 오리지널 과학마술콘서트 시즌1(꿈의숲)"
"명륜아트홀",OK,"서울 종로구 명륜1가 72-3",37.5868047368621,126.996734711625,3,"musical|play","나쁜 말 먹는 괴물; 뮤지컬 천로역정; 매직 사이언스 콘서트 - 대학로"
"코엑스아티움",OK,"서울 강남구 삼성동 159-9",37.50994346786382,127.06154587656543,3,"musical|concert","뮤지컬 〈렌트〉; 뮤지컬 〈렘피카〉; 2026 이제훈 팬미팅 ［Our 20th Moment］"
"대학로 TOM(티오엠) 1관",OK,"서울 종로구 동숭동 1-80",37.5822745319552,127.0036454894,3,"musical","뮤지컬 〈로빈〉; ［슈가데이#2］ 뮤지컬 〈로빈〉; 로빈"
"노원문화예술회관 대공연장",OK,"서울 노원구 중계동 364-3",37.6501998113605,127.080282814225,3,"musical|classic","뮤지컬 〈푸른 사자 와니니〉; 빛을 듣다, 색을 보다; 푸른 사자 와니니"
"충무아트센터 대극장",OK,"서울 중구 퇴계로 387",37.5660269214363,127.014809696157,3,"musical","뮤지컬 〈한복 입은 남자〉; 뮤지컬 〈한복 입은 남자〉 공연예매권; 뮤지컬 〈한복 입은 남자〉 자막 안경 예약 서비스"
"씨어터 조이",OK,"서울 종로구 동숭동 192-18",37.5786741257057,127.0046415487,3,"musical|play","뮤지컬 〈RE’PLAY〉; 연극 〈어쩌다 하루〉; 연극 〈초속 5cm〉"
"선돌극장",OK,"선돌극장, 혜화로5길, 명륜1가, 혜화동, 종로구, 서울특별시, 03076, 대한민국",37.586824,126.999666,3,"musical|theater","뮤지컬 님만헤민게스트하우스; 님만헤민 게스트하우스; 연극 [잔류자들]"
"CGV 피카디리1958 피카디리홀",INCOMPLETE_DATA (Both),"정보 없음",,,3,"concert","［MINI Concert AL!VE 월간종로］ 극동아시아타이거즈; ［MINI Concert AL!VE 월간종로］ 양다일; ［MINI Concert AL!VE 월간종로］ 지미 브라운"
"YES24 LIVE HALL",OK,"예스24 라이브홀, 20, 구천면로, 광장동, 광진구, 서울특별시, 04968, 대한민국",37.5457518,127.1079984,3,"concert","2025 CHOREO AWARDS; 오월오일 단독 콘서트 〈AQUA〉; 2025 Redoor 단독콘서트 〈FEATHERS〉"
"라움아트센터 4층 체임버홀",OK,"서울 강남구 언주로 564",37.5084489,127.0399002,3,"concert|classic","2026 마티네콘서트_1월 Afternoon in Paris ＇스테판 렘벨 트리오＇; 2026 수아레콘서트_2월 문미향 콰르텟 ＇ Valentine Mood ＇; 2026 수아레콘서트_1월 THE GRAND VOICES ＇S-VISION VOICE＇"
"벨로주 홍대",OK,"서울 마포구 서교동 372-6",37.5524309259852,126.918817238433,3,"concert","2026년 김도연 단독콘서트  ［가수 김도연］; 디어클라우드 단독콘서트 ［얼음요새］- 1부; 디어클라우드 단독콘서트 ［얼음요새］- 2부"
"엠피엠지 2층 LOUNGE M.",OK,"서울 마포구 서강로 78",37.5665,126.9018,3,"concert","78LIVE - g0nny; MPMG WEEK 2026 : 78LIVE - 밴드기린; MPMG WEEK 2026 : Limited Edition - B.에 관한 고찰 2"
"스페이스 브릭",OK,"서울 마포구 잔다리로 31",37.5512043681761,126.919696744088,3,"concert","MPMG WEEK 2026 : Limited Edition - 엠피엠집 옥탑 재즈클럽; MPMG WEEK 2026 : Limited Edition - 엠피엠집 집들이; MPMG WEEK 2026 : Limited Edition - BACK TO 2019"
"단막극장",OK,"서울 종로구 동숭동 12-8",37.58330344049037,127.0044074799853,3,"play","★1월 한정판 로코연극 〈그날의 타이밍〉; 3조 햄릿; 고전 희곡의 이해; 그날의 타이밍"
"종로 아이들극장",OK,"서울 종로구 혜화동 1-21",37.59039432628729,126.99845219709556,3,"play|leisure|unknown","거인의 책상; [종로아이들극장] 제22회 서울 아시테지 겨울축제 [꼬마야, 꼬마야]; [종로아이들극장] 미디어 상상 놀이극 [거인의 책상]"
"두산아트센터 Space111",OK,"서울 종로구 연지동 269-2",37.5716608710148,127.000941806432,3,"play","경계넘기: 신진순박소영박뽀또 Part.1; 곡예사훈련; 공룡과 공룡동생"
"서연아트홀",OK,"서울 종로구 명륜2가 21-10",37.5839107908654,127.000579668144,3,"play|kids","대학로 혜화 연극 비누향기; 피노키오야 노올자~!; 비누향기"
"예술의전당 자유소극장",OK,"서울 서초구 서초동 700",37.47963620014841,127.01387459128874,3,"play","로드씨어터 〈클럽 라틴〉; 연극 〈터키 블루스〉; 터키 블루스"
"플레이더씨어터",OK,"서울 종로구 동숭동 130-47",37.580548195324035,127.00458505936838,3,"play","모든 날 모든 순간; 체인지 로그인; 모든 날 모든 순간"
"신한카드 SOL페이 스퀘어 드림홀",OK,"서울 마포구 서교동 490",37.55119703529659,126.9143892242954,3,"play|kids","아주아주 배고픈 애벌레 쇼 - 영어; 아주아주 배고픈 애벌레 쇼 - 한국어; 아주아주 배고픈 애벌레 쇼"
"국립정동극장 세실",OK,"서울 중구 세종대로19길 16",37.5667642080192,126.97590401119,3,"play|theater","연극 〈금성에는 풀 한 포기 자라지 않는다〉; 연극 〈방랑자〉; 연극 [방랑자]"
"여의도 KBS홀",OK,"KBS홀, 여의서로1길, 여의도동, 여의동, 영등포구, 서울특별시, 07235, 대한민국",37.5259532,126.9152896,3,"classic","［인기］ 신카이 마코토 하이라이트 필름 콘서트 - 02.21; 신카이 마코토 하이라이트 필름 콘서트; BEYOND: 클래식＆영화음악 콘서트"
"일신홀",OK,"서울 용산구 한남동 714",37.5372246144272,127.005421947369,3,"classic","2026 커티스음악원 정기연주회; 오현진 바이올린 독주회; 피아니스트 김보라 ＆ 노민영  듀오 연주회"
"정동1928 아트센터",OK,"정동1928 아트센터, 130, 덕수궁길, 정동, 소공동, 중구, 서울특별시, 04518, 대한민국",37.567864,126.9737893,3,"classic|leisure","서울 윈터 뮤직 페스티벌 2026 Warm Air (1.27); 서울 윈터 뮤직 페스티벌 2026 Warm Air (1.31); 서울 윈터 뮤직 페스티벌 2026 Warm Air"
"서울아트센터 도암홀",OK,"서울아트센터는 종로구 평창동",37.6060174,126.9692363,3,"classic|etc","세브란스 페스티벌 오케스트라 창단연주회; 예원 챔버 오케스트라 정기연주회; 2026년 제13회 코리아유스발레스타즈 정기공연"
"과천시민회관 소극장",OK,"경기 과천시 중앙동 6-2",37.4280255872183,126.989221587124,3,"musical","［과천］ 가족 뮤지컬 〈겨울이야기〉; 2026 베스트셀러 가족뮤지컬〈사과가 쿵!〉 - 과천; 어린이뮤지컬 〈렛잇고〉 - 과천"
"과천시민회관 대극장",OK,"과천시민회관 대극장, 5, 통영로, 중앙동, 과천시, 13807, 대한민국",37.4284493,126.9890655,3,"musical|classic","［과천］뮤지컬 번개맨 시즌2 〈번개맨!VS번개맨？〉; 2026 라이브 가족뮤지컬 〈오즈의 마법사〉 - 과천; 과천시립교향악단 콘서트시리즈1 - 과천"
"인천 중구문화회관",OK,"중구문화회관, 축항대로296번길, 신흥동, 중구, 인천광역시, 22341, 대한민국",37.4406649,126.6285087,3,"musical","［인천］ 가족뮤지컬 〈로보카폴리 - 브룸스타운의 에너지를 지켜라!〉; 2026 라이브 가족뮤지컬 〈피터팬〉 - 인천; 가족뮤지컬 〈꼬마버스 타요 - 소원을 들어주는 요술 지팡이 대소동〉 - 인천"
"남동소래아트홀 소래극장(대공연장)",OK,"인천 남동구 논현동 767-4",37.3874335791849,126.724677937094,3,"musical|etc","2026 가족 라이브 뮤지컬 〈미녀와야수〉 - 인천; 가족뮤지컬 〈넘버블록스〉 - 인천; 안애순 컴퍼니 〈춤이 말하다: 문소리X리아킴〉 - 인천"
"구리아트홀 유채꽃소극장",OK,"경기 구리시 교문동 390",37.5955414018126,127.129897547841,3,"musical","2026 라이브 가족뮤지컬 〈신데렐라〉 - 구리; 2026 베스트셀러 뮤지컬 〈콧구멍을 후비면〉 - 구리; 어린이뮤지컬 캣 - 구리"
"남양주 다산아트홀",OK,"경기도 남양주시 다산중앙로 7 ...",37.6139003,127.1557902,3,"musical","2026 베스트셀러 뮤지컬 〈사과가 쿵!〉 - 남양주; 백설공주 - 남양주; 2026 라이브 가족뮤지컬 〈알라딘〉 - 남양주"
"장안구민회관 한누리아트홀",OK,"경기 수원시 장안구 조원동 888",37.303053257941805,127.0099856566231,3,"musical","가족뮤지컬 〈급식왕2 - 좀비가 나타났다〉 - 수원; 싱어롱뮤지컬 브레드이발소 〈브레드와 윌크의 세계여행〉 - 수원; 어린이 뮤지컬 캣 - 수원"
"이천아트홀 소공연장",OK,"경기 이천시 중리동 490",37.2718917474538,127.434383580731,3,"musical|concert|classic","겨울이야기 - 이천; 이천더탑종합예술아카데미; 2026 마티네콘서트 이응광의 음악공방 1st ‘색소포니스트 멜로우키친’ - 이천"
"디아나아트홀",OK,"경기 용인시 처인구 남사읍 봉명리 585",37.1155207567955,127.11963070394,3,"musical|kids","뮤지컬 〈세상 끝의 카페〉 - 용인; 뮤지컬 꿀벌 마야의 모험 - 용인; 꿀벌 마야의 모험(용인)"
"고양어울림누리 별모래극장",OK,"경기 고양시 덕양구 성사동 777",37.6505727518704,126.834792126726,3,"musical","뮤지컬 〈슈퍼거북 슈퍼토끼〉 - 고양; 어린이 베스트셀러 뮤지컬 〈누가 내 머리에 똥 쌌어？〉 - 고양; 가족뮤지컬 〈고고다이노 곤충탐험대 : 고고다이노가 작아졌어요〉 - 고양"
"국립과천과학관 어울림홀",OK,"경기 과천시 상하벌로 110",37.4387623967998,127.006739165317,3,"musical","바다탐험대 옥토넛 시즌4 : 숨겨진 보물을 찾아라! - 과천; 최형배마술사의 꿈꾸는 매직문 - 과천; 라푼젤 - 과천"
"경기아트센터 소극장",OK,"경기 수원시 팔달구 인계동 1117",37.2615606256318,127.036403461334,3,"musical|play|classic","바다탐험대 옥토넛 시즌4 : 숨겨진 보물을 찾아라! - 수원; 연극 〈만선〉 - 수원; 아즈마 아키와 함께하는 영화음악 콘서트 : 지브리 ＆ 월드무비 OST- 수원"
"한국만화박물관 1층 만화영화상영관",OK,"경기 부천시 원미구 길주로 1",37.5049733,126.7605005,3,"musical|exhibition","어린이 가족뮤지컬 알라딘 (부천); 베베핀 극장판: 사라진 베베핀과 핑크퐁 대모험; 스노우 폭스 : 마법의 돌을 찾아서"
"인천글로벌캠퍼스 대강당",OK,"인천 연수구 송도문화로 119-1",37.3749726675717,126.666638068701,3,"concert","［데뷔 60주년 기념공연］ 2026 남진 전국투어 콘서트 - 인천; 조영남 전국투어 콘서트 : 조영남이 죽기 전에 하고 싶은 이야기 - 인천; 조항조 전국투어 콘서트 : 생각 - 인천"
"서울랜드",OK,"서울랜드, 181, 광명로, 막계동, 과천시, 13829, 대한민국",37.4340909,127.0202634,3,"concert|leisure","2026 WORLD DJ FESTIVAL; ［경기 과천］ 서울랜드 어린이 종일 파크 이용권; ［경기 과천］ 서울랜드 AFTER4"
"반석아트홀",OK,"반석아트홀, 134, 노작로, 동탄1동, 동탄1신도시, 동탄1동, 화성시, 18456, 대한민국",37.2005618,127.0744899,3,"play|concert|etc","오브제극 〈어둑시니〉 - 화성; ［금요일N］ 이날치 (Friday N LEENALCHI) - 화성; 고블린파티 〈공주전〉 - 화성"
"화성예술의전당 동탄아트홀",OK,"경기도 화성시 동",37.2003594,127.0955764,3,"classic|etc","필하모닉 앙상블 2026년 신년음악회 - 화성; 경기시나위오케스트라 with 김준수 〈마에스트로가 사랑한 국악〉 - 화성; 창작발레 갓(GAT) - 화성"
"강릉원주대학교 해람문화관",INCOMPLETE_DATA (Both),"정보 없음",,,3,"musical","2026 베스트셀러 어린이뮤지컬 〈콧구멍을 후비면〉 - 강릉; 가족뮤지컬 〈에그박사 : 해적 보물섬의 비밀〉 - 강릉; 어린이뮤지컬 캣 - 강릉"
"소명아트홀",INCOMPLETE_DATA (Both),"정보 없음",,,3,"play","공포연극 〈흉터〉 - 청주; 연극〈아빠와딸〉 - 청주; 연극〈은밀한연애〉 - 청주 소명아트홀"
"대전한밭대학교 아트홀",INCOMPLETE_DATA (Both),"정보 없음",,,3,"musical","［대전］ 가족뮤지컬 〈로보카폴리 - 브룸스타운의 에너지를 지켜라!〉; 2026. 싱어롱 뮤지컬 〈다이노스터 : 공룡 수호대〉 - 대전; 2026.가족뮤지컬 〈정승제 수학 대모험 : 수포자의 비밀〉 - 대전"
"아산시 평생학습관 아산아트홀",INCOMPLETE_DATA (Both),"정보 없음",,,3,"musical|classic","싱어롱뮤지컬 브레드이발소 〈브레드와 윌크의 세계여행〉 - 아산; 이벤트 가격 13,000원 “백설공주” - 충남 아산; 지브리와 사랑에 빠지다: 지브리 영화음악 콘서트 2026 - 아산"
"대전컨벤션센터 제2전시장",INCOMPLETE_DATA (Both),"정보 없음",,,3,"concert","2025-26 엠씨더맥스 이수 콘서트 ‘겨울나기’ - 대전; 싱어게인4 전국투어 콘서트 - 대전; 2025-2026 이창섭 단독 콘서트 〈EndAnd〉 - 대전"
"강동문화복지회관 천생아트홀",INCOMPLETE_DATA (Both),"정보 없음",,,3,"musical|concert","2026 가족뮤지컬 라푼젤 -구미-; 발렌타인데이 콘서트 〈부부천재 : 커피소년 x 제이레빗 혜선〉 - 구미; ［구미］싱어롱 콘서트 뮤지컬 ‘Live Show’ 〈무지개 물고기〉"
"구미문화예술회관 대공연장",INCOMPLETE_DATA (Both),"정보 없음",,,3,"musical|concert|classic","뮤지컬 〈설민석의 한국사 대모험 : 안중근〉 - 구미; ［데뷔 60주년 기념공연］ 2026 남진 전국투어 콘서트 - 구미; 구미 월드오케스트라 시리즈〈WDR쾰른방송오케스트라〉"
"대구수성아트피아 소극장(무학홀)",INCOMPLETE_DATA (Both),"정보 없음",,,3,"musical|play|classic","스쿨매직콘서트 - 대구; 대구 연극 〈살벌한 형제〉 - 대구; 박윤정 플루트 독주회"
"경주예술의전당 대공연장(화랑홀)",INCOMPLETE_DATA (Both),"정보 없음",,,3,"musical|concert","오리지널 과학마술콘서트 시즌1 (경주); 2026 The 심수봉 SHOW - 경주; 조항조 전국투어 콘서트：생각 - 경주"
"아트플러스씨어터",INCOMPLETE_DATA (Both),"정보 없음",,,3,"play","대구 연극 〈델타보이즈〉 - 대구; 대구동성로 연극 〈노맨틱 코미디〉 - 대구; 대구동성로 코믹연극 〈오백에삼십〉 - 대구"
"스테이지 M",INCOMPLETE_DATA (Both),"정보 없음",,,3,"classic","우리가 사랑한 한국 영화 OST 콘서트 2026 - 대구; 지브리와 사랑에 빠지다 : 지브리 영화음악 콘서트 2026 - 대구; 패밀리 재즈 콘서트 : 재즈로 듣는 지브리 ＆ 디즈니 OST - 대구"
"양산 쌍벽루아트홀",INCOMPLETE_DATA (Both),"정보 없음",,,3,"musical|classic","［양산］ 싱어롱 콘서트 뮤지컬 ‘Live Show’ 〈무지개 물고기〉; 지브리와 사랑에 빠지다 : 지브리 영화음악 콘서트 2026 - 양산; 패밀리 재즈 콘서트 : 재즈로 듣는 지브리 ＆ 디즈니 OST - 양산"
"KBS부산홀",INCOMPLETE_DATA (Both),"정보 없음",,,3,"musical|concert","2026. 가족뮤지컬 〈 에그박사 - 해적 보물섬의 비밀 〉 - 부산; 2025-26 장민호 전국투어 콘서트 ‘호시절 : 9.11Mhz’ - 부산; 우리들의 발라드 전국투어 - 부산 콘서트"
"벡스코 오디토리움",INCOMPLETE_DATA (Both),"정보 없음",,,3,"musical|concert","쇼뮤지컬 〈프린세스 캐치! 티니핑〉 - 부산; 2026 새해맞이 단독콘서트 신유; 2025-2026 이창섭 단독 콘서트 〈EndAnd〉 - 부산"
"경남문화예술회관 대공연장",INCOMPLETE_DATA (Both),"정보 없음",,,3,"concert|play","［데뷔 60주년 기념공연］ 2026 남진 전국투어 콘서트 - 진주; 2026 부활 40주년 콘서트 - 진주; 연극「반야 삼촌」 - 진주"
"부산문화회관 중극장",INCOMPLETE_DATA (Both),"정보 없음",,,3,"concert|play|classic","시네마 파라디소 〈Begin Again〉 - 부산; 연극 〈칼로막베스〉 - 부산; 부산신포니에타 창단40주년 기념 제109회 정기연주회 with 호르니스트 라덱 바보락"
"한국소리문화의전당 연지홀",INCOMPLETE_DATA (Both),"정보 없음",,,3,"musical|classic","［전주］ 가족뮤지컬 〈로보카폴리 - 브룸스타운의 에너지를 지켜라!〉; 뮤지컬 〈읽으면서 바로 써먹는 : 어린이 감정표현〉 - 전주; 지브리와 사랑에 빠지다 : 지브리 영화음악 콘서트 2026 스페셜 - 전주"
"덕진예술회관",INCOMPLETE_DATA (Both),"정보 없음",,,3,"musical|concert","9,900원 가족뮤지컬 “아기돼지삼형제” - 전주; 특별할인만원의행복 “가족뮤지컬신데렐라” - 전주; 2026 김장훈 전국투어 콘서트 : 원맨쇼 - 전주"
"빛고을시민문화관",INCOMPLETE_DATA (Both),"정보 없음",,,3,"musical","［광주］ 가족뮤지컬 〈로보카폴리 - 브룸스타운의 에너지를 지켜라!〉; 바다탐험대 옥토넛 시즌4 : 숨겨진 보물을 찾아라! - 광주; K-히어로 뮤지컬 〈똥볶이 할멈 : 정의의 맛〉 - 광주"
"광산문화예술회관",INCOMPLETE_DATA (Both),"정보 없음",,,3,"musical","가족뮤지컬 〈고양이 캣〉 - 광주; 가족뮤지컬 〈헨젤과 그레텔〉 - 광주; 가족뮤지컬 〈토끼와 거북이〉 - 광주"
"GS칼텍스 예울마루 대극장",INCOMPLETE_DATA (Both),"정보 없음",,,3,"musical","가족뮤지컬 〈에그박사 : 해적 보물섬의 비밀〉 - 여수; 뮤지컬 〈미세스 다웃파이어〉 - 여수; ［여수］뮤지컬 번개맨 시즌2 〈번개맨!VS번개맨？〉"
"조선대학교 해오름관",INCOMPLETE_DATA (Both),"정보 없음",,,3,"concert","2025-26 강승윤(KANG SEUNG YOON) : PASSAGE ＃2 CONCERT TOUR IN GWANGJU; 2025-26 장민호 전국투어 콘서트 ‘호시절 : 9.11Mhz’ - 광주; 2026 KickFlip FAN-CON 〈From KickFlip, To WeFlip〉 in 광주"
"제주 설문대여성문화센터",INCOMPLETE_DATA (Both),"정보 없음",,,3,"musical|play","가족매직쇼 “공룡 애니멀 쇼” - 제주; 착한가격 10,000원의 행복 “어린이 마술쇼” - 제주; 제주최초 〈급식왕-급식이 사라졌다〉 - 제주"
"제주문예회관 대극장",INCOMPLETE_DATA (Both),"정보 없음",,,3,"musical|concert","어린이날 특집 〈마술사의 방〉 - 제주; 베베핀 뮤지컬 〈두근두근 새친구〉 - 제주; 강문경 전국투어 콘서트 : THE START - 제주"
"디뮤지엄",OK,"디뮤지엄, 독서당로29길, 한남동, 용산구, 서울특별시, 04419, 대한민국",37.5371256,127.011551,3,"exhibition","［2025 연말특가］［디뮤지엄］ 취향가옥 2 : Art in Life, Life in Art 2; ［디뮤지엄］ 취향가옥 2: Art in Life, Life in Art 2; ［디뮤지엄］ 키즈워크룸"
"예술의전당 서예박물관",OK,"서울 서초구 서초동 산 130-27",37.47833986691578,127.01186193751934,3,"exhibition","［블랙위크］ 내맘쏙 : 모두의 천자문 전; ［얼리버드］ 내맘쏙 : 모두의 천자문 전; 내맘쏙 : 모두의 천자문 전"
"크레디아클래식클럽 STUDIO",INCOMPLETE_DATA (Both),"정보 없음",,,3,"exhibition","［서촌풍류］2026 간송미술관 ‘우리 옛 미술 이야기’_시즌 1; ［서촌풍류］2026 을유문화사 ‘현대 예술의 거장’_시즌 1; ［서촌풍류］2026 한국민화학교 ‘민화의 힘, 한류의 열풍’_시즌 1"
"마이아트뮤지엄 원그로브점",OK,"서울 강서구 마곡동 769",37.5612857889565,126.82428132653702,3,"exhibition","［신년 럭키 20% 특별 할인］헤일리 티프먼, 일상을 그리다: 평범한 하루의 온도; ［얼리버드］ 헤일리 티프먼, 일상을 그리다; 헤일리 티프먼, 일상을 그리다"
"MUSEUM 209",OK,"서울 송파구 잠실로 209",37.51378608857594,127.10618804632004,3,"exhibition","［얼리버드］ 빈센트 발 : SHADOWGRAM; 빈센트 발 : SHADOWGRAM; 빈센트 발 : SHADOWGRAM"
"삼성 코엑스아쿠아리움",OK,"코엑스 아쿠아리움 (COEX Aquarium), 513, 영동대로, 삼성동, 삼성1동, 강남구, 서울특별시, 06164, 대한민국",37.5131846,127.0586092,3,"leisure","［서울/삼성］ 씨라이프 코엑스아쿠아리움 1월; ［서울/삼성］ 코엑스아쿠아리움 PKG 1월; ［서울/삼성］ 코엑스아쿠아리움+VR PKG 1월"
"이랜드크루즈",OK,"이랜드크루즈 잠실선착장, 한강남자전거길, 잠실동, 잠실2동, 송파구, 서울특별시, 05500, 대한민국",37.5186983,127.0819547,3,"leisure","［여의도］ 선셋/달빛뮤직/별빛 크루즈; ［여의도］ 한강투어 크루즈(당일예약불가); 선셋디너/달빛디너 크루즈(당일예약불가)"
"롯데월드 아쿠아리움",OK,"롯데월드 아쿠아리움, 잠실로, 신천동, 잠실6동, 송파구, 서울특별시, 05552, 대한민국",37.5136468,127.1051485,3,"leisure","롯데월드 아쿠아리움 입장권; 롯데월드 아쿠아리움 포토 패키지; 롯데월드 아쿠아리움+서울스카이PKG 1월"
"서울스카이",OK,"서울스카이, 300, 올림픽로, 신천동, 잠실6동, 송파구, 서울특별시, 05551, 대한민국",37.5125366,127.1026546,3,"leisure","롯데월드타워 서울스카이 소원당PKG; 롯데월드타워 서울스카이 포토프레임PKG 1월; 롯데월드타워 전망대 서울스카이 입장권"
"파크하비오 워터킹덤",OK,"서울 송파구 문정동 618",37.480209937378454,127.12478406415195,3,"leisure|kids","파크하비오 워터킹덤 워터파크 12.22~03.02; 파크하비오 워터킹덤 찜질스파 01.01~03.02; 파크하비오 워터킹덤 워터파크＆찜질스파"
"잇츠콜라박물관",OK,"경기 파주시 탄현면 법흥리 1652-229",37.78804288225778,126.70043284943637,3,"exhibition|leisure","［파주］ 헤이리마을 가볼만한곳! 트릭아트뮤지엄+콜라박물관 입장권; ［파주］ 잇츠콜라박물관; ［파주］ 헤이리마을 아이와가볼만한곳! 마술＆버블쇼+콜라박물관 입장권"
"네이처스케이프 플러스",OK,"경기 화성시 송동 726-1",37.1670794028254,127.105425175463,3,"leisure|kids","［1월］ 동탄 네이처스케이프 플러스 입장권; ［1월］ 동탄 네이처스케이프 플러스 입장권 다인권 패키지; 네이처스케이프 플러스"
"가평 쁘띠프랑스",OK,"경기 가평군 청평면 호반로 1063",37.7150277522095,127.490720315781,3,"leisure|kids","［가평］ 쁘띠프랑스＆이탈리아 마을 + 유럽마을 겨울 패키지; ［가평］ 쁘띠프랑스＆이탈리아마을 15주년 특별 할인 입장권; 가평 쁘띠프랑스＆이탈리아 마을"
"하피랜드",OK,"경기 화성시 팔탄면 율암리 483-26",37.1685723255116,126.888527589073,3,"leisure|kids","［경기 화성］ 하피랜드 온천 · 찜질방; ［경기 화성］ 하피랜드 워터파크 이용권; 하피랜드 찜질스파/워터파크"
"에버랜드",OK,"경기 용인시 처인구 포곡읍 에버랜드로 199",37.2938764,127.2048444,3,"leisure|activity","［용인］ 에버랜드 종일이용권 (~26/02/28) (날짜미지정); ［용인］ 에버랜드 화수목 종일이용권 (~26/02/26) (날짜미지정); 에버랜드 판다월드 Q-PASS"
"플레이월드 미사점",OK,"경기 하남시 미사강변동로 73 12층",37.5615644351501,127.192991876605,3,"leisure|kids","［특가］ 플레이월드 미사점 주중 종일권 (~2/27); 플레이월드 미사점 키즈카페 이용권; 플레이월드(미사)"
"아쿠아필드 고양",OK,"경기 고양시 덕양구 동산동 370",37.647922250654574,126.89671586537472,3,"leisure|kids","아쿠아필드 고양 루프탑풀 입장권(12/31~1/31); 아쿠아필드 고양 찜질스파 입장권(12/31~1/31); 아쿠아필드 찜질스파/루프탑풀(고양)"
"아쿠아필드 하남",OK,"경기 하남시 신장동 616",37.545828649557436,127.2234771986401,3,"leisure|kids","아쿠아필드 하남 워터파크 입장권(12/31~1/31); 아쿠아필드 하남 찜질스파 입장권(12/31~1/31); 아쿠아필드 찜질스파/워터파크(하남)"
"안성팜랜드",OK,"경기 안성시 공도읍 대신두길 28",36.9920882944177,127.194405718721,3,"leisure|kids","안성팜랜드 입장권; 안성팜랜드 입장권 + 승마 패키지; 안성팜랜드"
"파라다이스시티 원더박스",OK,"인천 중구 운서동 2874",37.4365796645163,126.457300284659,3,"leisure|kids","파라다이스시티 원더박스 나이트패스(12/20~2/1); 파라다이스시티 원더박스 자유이용권 (12/1~3/3); 파라다이스시티 원더박스"
"청도프로방스",INCOMPLETE_DATA (Both),"정보 없음",,,3,"leisure","［청도］ 프로방스 눈내리는 산타마을 빛축제 패밀리권(11/28~); ［청도］ 프로방스 눈내리는 산타마을 빛축제(11/28~); 청도 프로방스+무아마운틴 눈썰매장 이용권"
"요트홀릭",INCOMPLETE_DATA (Both),"정보 없음",,,3,"leisure","［부산투어패스］해운대 요트투어 요트홀릭X엘시티 워터파크 클럽디오아시스; 부산 요트투어 해운대 요트홀릭 야경투어; 부산 요트투어 해운대 요트홀릭 주간투어"
"양산 에덴밸리",INCOMPLETE_DATA (Both),"정보 없음",,,3,"leisure","［양산］ 25/26 에덴밸리 스키 렌탈PKG 특가(직영판매!); ［양산］ 25/26 에덴밸리 스키 리프트권 특가(직영판매!); ［양산］ 에덴밸리 눈썰매장 이용권(12/24~)"
"이사부크루즈",INCOMPLETE_DATA (Both),"정보 없음",,,3,"leisure","［여수］ 이사부크루즈 해상관광투어(14시); 이사부크루즈 여수밤바다 낭만투어 (월요일~목요일-공휴일제외); 이사부크루즈 여수밤바다 불꽃투어 (주말+공휴일)"
"스카이워터쇼",INCOMPLETE_DATA (Both),"정보 없음",,,3,"exhibition|leisure","［제주］ ♥포니밸리 낙타트래킹 증정♥ 스카이워터쇼; ［제주］ 스카이워터쇼; ［제주］ 스카이워터쇼+심쿵혜택"
"제주 아트서커스",INCOMPLETE_DATA (Both),"정보 없음",,,3,"exhibition","［제주］ ♥포니밸리 낙타트래킹 증정♥ 아트서커스; ［제주］ 아트서커스; ［제주］ 아트서커스+더마파크"
"노형수퍼마켙",INCOMPLETE_DATA (Both),"정보 없음",,,3,"exhibition","［제주］ 노형수퍼마켙; ［제주］ 노형수퍼마켙 ♥자연인족욕체험 증정♥; ［제주］ 노형수퍼마켙+심쿵혜택"
"헬로키티아일랜드",INCOMPLETE_DATA (Both),"정보 없음",,,3,"exhibition|leisure","［제주］ 헬로키티아일랜드 ♥낙타트래킹＆족욕체험＆조안베어 증정♥; ［제주］ 헬로키티아일랜드+세계자동차＆피아노박물관; ［제주］ 헬로키티아일랜드+심쿵혜택"
"서귀포잠수함",INCOMPLETE_DATA (Both),"정보 없음",,,3,"leisure","［제주］ ♥포니밸리 낙타트래킹 증정♥ 서귀포잠수함; ［제주］ 서귀포잠수함; ［제주］ 서귀포잠수함+심쿵혜택"
"선녀와나무꾼",INCOMPLETE_DATA (Both),"정보 없음",,,3,"leisure","［제주］ ♥포니밸리 낙타트래킹 증정♥ 선녀와나무꾼 입장권; ［제주］ 선녀와나무꾼; ［제주］ 선녀와나무꾼+심쿵혜택"
"제주 아리랑 혼",INCOMPLETE_DATA (Both),"정보 없음",,,3,"leisure","［제주］ 더케이쇼+그리스신화박물관＆트릭아이미술관; ［제주］ 더케이쇼+다이나믹메이즈; ［제주］ 더케이쇼+제주민속촌"
"카멜리아힐",INCOMPLETE_DATA (Both),"정보 없음",,,3,"leisure","［제주］ 카멜리아힐+심쿵혜택; 카멜리아힐 ♥혜택 3종 증정♥; 카멜리아힐(26.01.01~26.12.31)"
"창덕궁",OK,"창덕궁",37.5823873,126.9917013,3,"activity|kids","세계문화유산 창덕궁; 창덕궁 인문학산책; [라라클래스] 창덕궁 ""Premium"" 초등 역사탐험대 Season 2 (8-13세)"
"광교 매직앤조이",OK,"경기 수원시 영통구 광교중앙로 124 , 갤러리아 광교 10층 매직앤조이",37.2855216,127.0574787,3,"kids|concert|musical","어린이 마술쇼(수원); 스탠드업 코미디(광교); 코미디 매직쇼(수원)"
"곤지암리조트",OK,"경기 광주시 도척면 도척윗로 278 곤지암리조트",37.3374917,127.2963263,3,"activity","25/26 곤지암리조트 리프트권/렌탈PKG; 곤지암리조트 렌탈샵 BOSS; 곤지암리조트 스키장렌탈샵 닥터스노우"
"충청남도 홍성군",MISSING_ENTRY,"",,,3,"festival","홍성남당항 새조개축제; 홍성 백반 페스타; 홍성글로벌바비큐페스티벌"
"강원특별자치도 평창군",MISSING_ENTRY,"",,,3,"festival","평창송어축제; 대관령눈꽃축제; 평창농악축제"
"강원특별자치도 홍천군",MISSING_ENTRY,"",,,3,"festival","홍천강 꽁꽁축제; 홍천 사과축제; 홍천 인삼한우 명품축제"
"부산 중구",MISSING_ENTRY,"",,,3,"festival","광복로 겨울빛 트리축제; 부산 스트릿 페스타 인 광복; 부산중구반려동물축제"
"서울 강남구",MISSING_ENTRY,"",,,3,"festival","강남 미디어 윈터페스타; 세계유산 조선왕릉축전; 도곡 메타세쿼이아 로드 페스타"
"광주 서구",MISSING_ENTRY,"",,,3,"festival","광주김치축제; 양동통맥축제; 광주서창억새축제"
"전라남도 순천시",MISSING_ENTRY,"",,,3,"festival","순천 푸드앤아트페스티벌; 글로벌 콘텐츠 페스티벌 in 순천; 순천 낙안읍성 민속문화축제"
"서울 양천구",MISSING_ENTRY,"",,,3,"festival","양천가족 거리축제; 양천 락(樂) 페스티벌; 예술힐링놀이터"
"경기도 고양시",MISSING_ENTRY,"",,,3,"festival","고양 동물교감치유 문화제; 세계꽃 · 문화관광축제 호수야 놀자; 고양호수예술축제"
"서울 송파구",MISSING_ENTRY,"",,,3,"festival","가락옥토버페스트 미식야행; 서울생활예술페스티벌; 청춘, 커피페스티벌"
"대구 북구",MISSING_ENTRY,"",,,3,"festival","떡볶이 페스티벌; 서리지 가족 체험 페스티벌; 금호강 바람소리길 축제"
"서울 영등포구",MISSING_ENTRY,"",,,3,"festival","영등포선유도원축제; 한강 종이비행기 축제; 한화와 함께하는 서울세계불꽃축제"
"전라남도 목포시",MISSING_ENTRY,"",,,3,"festival","전남 세계 김밥 페스티벌; 목포 문화유산 야행; 남도국제미식산업박람회"
"제주특별자치도 제주시",MISSING_ENTRY,"",,,3,"festival","제주독서대전; 탐라문화제; 화북, 포구문화제"
"서울 마포구",MISSING_ENTRY,"",,,3,"festival","서울억새축제; 서울와우북페스티벌; 연남동 주민화합 대축제"
"서울 노원구",MISSING_ENTRY,"",,,3,"festival","공공미술 빛조각축제 <노원 달빛산책>; 노원 북 페스티벌; 석계역 달빛야시장"
"온라인투어 | 4박 6일",MISSING_ENTRY,"",,,3,"travel","나트랑 자유여행 4박6일 (르모어 호텔/시내 실속 호텔) - VJ839; 보홀 6일 돌핀베이 리조트 (발리카삭 호핑투어+돌핀왓칭 포함); 보홀 6일 돌핀베이 리조트 (왕복픽업+여행자보험+라운지포함)"
"모두투어 | 2박 3일",MISSING_ENTRY,"",,,3,"travel","<시내4성>타이페이 자유여행; [대만 에어텔]<시내4성>타이페이 자유여행 3일; [대만 에어텔]<시내4성>타이페이 자유여행 3일"
"창경궁 홍화문 매표소 앞",INCOMPLETE_DATA (Coords),"창경궁 홍화문 매표소 앞",,,3,"kids","[서울/종로] 해지고 걷는 달빛 속 아이와함께 창경궁 투어; [라라클래스] 창경궁 ""Premium"" 초등 역사투어! (8-13세); [라라클래스] 창경궁 ""Premium"" 미취학 역사투어! (6-8세)"
"국회박물관",OK,"국회박물관",37.5319897,126.9190673,3,"kids","[국회탐험대] 10-13세 추천! 민주주의의 비밀을 밝혀라! 국회를 탐험해요 - 국회박물관; [국회탐험대] 8-10세 추천! 내가 만든 법안을 국회에 발의해 볼까요? - 국회박물관; [국회탐험대]  6-8세 추천! 엄마, 국회의원이 뭐에요? - 국회박물관"
"서대문형무소역사관 정문 앞",INCOMPLETE_DATA (Coords),"서대문형무소역사관 정문 앞",,,3,"kids","[라라클래스] 서대문형무소역사관 인권과 평화로 배우는 근현대사-초등 고학년 역사탐험대; [라라클래스] 서대문형무소역사관 유관순부터 민주화 운동가까지-초등 저학년 역사탐험대; [라라클래스] 서대문형무소역사관 유관순 열사를 찾으며 배우는 독립운동-미취학 역사탐험대"
"전쟁기념관/국립중앙박물관/대한민국역사박물관",INCOMPLETE_DATA (Coords),"전쟁기념관/국립중앙박물관/대한민국역사박물관",,,3,"kids","[라라클래스] 겨울방학 특강, 국립중앙박물관 4회로 초등 저학년 한국사 흐름 완성!; [라라클래스] 미취학 역사 4회 완성! 역사탐험대 - 국립중앙박물관 선사~조선시대까지; [라라클래스] 겨울방학 특강, 국립중앙박물관 4회로 초등 고학년 한국사 흐름 완성!"
"국립민속박물관 안내데스크 앞",OK,"국립민속박물관 안내데스크 앞",37.5808343,126.9790431,3,"kids","[라라클래스] 국립민속박물관 세시풍속 초등저학년 역사탐험대! 교과서 속 옛날 생활 이야기; [라라클래스] 국립민속박물관 세시풍속 미취학 역사탐험대! 교과서 속 옛날 생활 이야기; [라라클래스] 국립민속박물관 세계유산 초등고학년 역사탐험대! 세계에서 인정받은 민속 문화"
"아이와 함께 갈 만한 곳 검색은 맘맘",MISSING_ENTRY,"",,,3,"museum|food","아이와 함께 갈 만한 곳 검색은 맘맘; 아이와 함께 갈 만한 곳 검색은 맘맘; 아이와 함께 갈 만한 곳 검색은 맘맘"
"국립극장",MISSING_ENTRY,"",,,3,"classic|unknown","국립국악관현악단 [2026 신년 음악회]; 국립극장 마당놀이 [홍길동이 온다]; 2026 국립극장 어린이 예술학교 겨울방학"
"나루아트센터",MISSING_ENTRY,"",,,3,"theater|classic|unknown","광진문화재단X세종대학교 [청춘 아트 브릿지] ① [연극] 검찰관; [광진문화재단] 광진구민과 함께하는 2026 광진문화재단 신년음악회; Toki Asako Live in Korea 2026"
"까망돌어울마당 아트홀",MISSING_ENTRY,"",,,3,"unknown","[동작문화재단] 까망돌어울마당 아트홀 국립극장 협력사업 [공연실황 스크린 : ON AIR] 3회차 [귀토, 토끼의 팔란] 2부; [동작문화재단] 까망돌어울마당 아트홀 국립극장 협력사업 [공연실황 스크린 : ON AIR] 4회차 [묵향]; [동작문화재단] 2026 까망돌어울마당 아트홀 상반기 정기 기획공연 [까망돌 칸타빌레]"
"강북문화예술회관",MISSING_ENTRY,"",,,3,"classic|unknown","[강북문화재단] 2026 강북문화재단 신년음악회 [한빛예술단 & 라포엠]; [강북문화재단] 안애순 컴퍼니 [춤이 말하다: 문소리x리아킴]; [강북문화재단] 엘리자베스 랭그리터 특별전 [매일이 크리스마스]"
"서울생활사박물관",MISSING_ENTRY,"",,,3,"exhibition","[서울생활사박물관] 2026년 겨울방학 교육 프로그램 [조각조각 가족이야기 엮기]; [서울생활사박물관] 2026년 겨울방학 교육 우리는 박물관 학예연구사(중학생); [서울생활사박물관] 임신과 출생 문화를 다룬 특별전 [아가 마중]"
"한성백제박물관",MISSING_ENTRY,"",,,3,"exhibition","[한성백제박물관] 겨울방학교실1 [백제왕성, 수상한 우물의 비밀]; [한성백제박물관] 2025 선사고대기획전 [을축년대홍수가 알려준 풍납토성의 비밀]; [한성백제박물관] 2026 겨울방학교실 쓱싹쓱싹 반달돌칼_고대인의 농사 도구"
"서울식물원",MISSING_ENTRY,"",,,3,"unknown|exhibition","[서울식물원] 난초와 포인세티아가 선사하는 겨울정원 [윈터 가든]; [서울의공원] 해치의 겨울정원여행, 함께 떠나요!; [서울식물원] 2025년 서울식물원 기획 전시 [우리들의 자연, 행성적 공존]"
"중랑아트센터",MISSING_ENTRY,"",,,3,"unknown|exhibition","[중랑문화재단] 2026 중랑아트센터 [나대기 예술아카데미] 1월 프로그램; [중랑문화재단] 2026 창의융합 유아동 예술프로그램 [말랑말랑 중랑] 1월; [중랑문화재단] AI 기반 미디어아트 전시 [뉴-미디어의 재해-석]"
"서울시립미술관 서소문본관",MISSING_ENTRY,"",,,3,"exhibition","[서울시립미술관 서소문본관] 한운성컬렉션 기증기획전 《그림과 현실》; [서울시립미술관 서소문본관] 근접한 세계; [서울시립미술관 서소문본관] 최재은: 약속"
"서울새활용플라자",MISSING_ENTRY,"",,,3,"unknown|leisure","[서울디자인재단] 2025 [Now for Zero-Waste Vol.2 : 새로제로] 展; [서울디자인재단] SUP 시민참여 프로그램 [자원순환 이야기]; [서울디자인재단] [해치와 나눔히어로] 장난감 기부, 나눔 체험"
"홍익대 대학로 아트센터 대극장",OK,"서울 종로구 연건동 128-8",37.576681207884405,127.00152148175482,2,"musical","［로터리 티켓］뮤지컬 〈보니 앤 클라이드〉; 뮤지컬 〈보니 앤 클라이드〉"
"노원구민의전당 (구.노원구민회관)",OK,"노원구민의전당, 동일로, 하계동, 중계2·3동, 노원구, 서울특별시, 01783, 대한민국",37.639421,127.0666257,2,"musical","［만원의행복］2026가족뮤지컬 〈프린세스공주〉 - 노원; ［만원의행복］2026가족뮤지컬〈피노키오〉 - 노원"
"링크아트센터드림 드림1관",OK,"서울 종로구 동숭길 123 링크아트센터드림",37.573,126.9794,2,"musical","［자막］ 뮤지컬 〈긴긴밤〉 - 비지정석; 뮤지컬 〈긴긴밤〉"
"대학로 스타시티 7층 후암씨어터",OK,"서울 종로구 대학로11길 23 대학로스타시티빌딩",37.573,126.9794,2,"musical","［크리스천 뮤지컬］ 컨츄리 씨스터즈; 프리마돈나"
"성균관대학교 새천년홀",OK,"서울 종로구 명륜3가 53-21",37.5874353512492,126.994551768303,2,"musical|kids","2026 뮤지컬 〈100층짜리 집〉; 100층짜리 집"
"KT＆G 상상마당 대치아트홀",OK,"서울 강남구 대치동 1002",37.5067600874053,127.065150015652,2,"musical","가족뮤지컬 〈뽀로로와 신비한 여행〉 - 서울; K-히어로 뮤지컬 〈똥볶이 할멈 : 정의의 맛〉 - 서울"
"홍대난타극장",OK,"서울 마포구 서교동 357-5",37.5531929565343,126.921161292611,2,"musical|kids","난타(NANTA) - 홍대공연; 난타(NANTA) - 홍대"
"큐씨어터",OK,"서울 종로구 동숭동 1-74",37.5824943778166,127.003532285831,2,"musical","로맨틱 뮤지컬 〈투모로우 모닝〉; 투모로우 모닝"
"서울 상상나라극장",OK,"서울 광진구 능동 18",37.5507683230768,127.077550584743,2,"musical|kids","뮤지컬 〈가방 들어주는 아이들〉; 가방 들어주는 아이들"
"브릭스씨어터",OK,"서울 종로구 동숭동 1-93",37.5809536735174,127.003702030975,2,"musical","뮤지컬 〈김종욱 찾기〉; 김종욱 찾기"
"대학로 하마씨어터",OK,"서울 종로구 동숭동 1-63",37.5822601398146,127.002771477123,2,"musical","뮤지컬 〈담배가게 아가씨〉; 담배가게 아가씨"
"백암아트홀",OK,"백암아트홀, 테헤란로113길, 삼성1동, 강남구, 서울특별시, 06171, 대한민국",37.5103915,127.0659756,2,"musical","뮤지컬 〈말리〉; 말리"
"R＆J 씨어터",OK,"서울 종로구 동숭동 상세주소 열기 길 ...",37.58096,127.0051932,2,"musical|play","뮤지컬 〈쉘터〉; 우리 학교 운동장에는 파란 고래가 있다"
"예스24스테이지 2관",OK,"서울 종로구 동숭동 1-52",37.5827268419485,127.00326058167471,2,"musical","뮤지컬 〈시지프스〉; 시지프스"
"서울숲 씨어터 1관",OK,"서울 성동구 성수동1가 685-696",37.5456773288432,127.042914261633,2,"musical|kids","뮤지컬 〈알사탕〉 - 서울숲; 알사탕"
"루미나아트홀",OK,"서울 종로구 동숭동 1-48",37.5829809374055,127.002649231615,2,"musical","뮤지컬 〈어서 오세요, 휴남동 서점입니다〉 - 서울; 어서 오세요, 휴남동 서점입니다"
"예스24스테이지 1관",OK,"서울 종로구 동숭동 1-52",37.5827268419485,127.00326058167471,2,"musical","뮤지컬 〈은하철도의 밤〉; 은하철도의 밤"
"NOL 유니플렉스 1관",OK,"서울 종로구 동숭동 1-99",37.5812041552463,127.003523167887,2,"musical","뮤지컬 〈이터니티〉; 이터니티"
"서울숲 씨어터 2관",OK,"서울 성동구 서울숲2길 32-14",37.5633,127.0371,2,"musical|kids","뮤지컬 〈장수탕 선녀님〉 - 서울숲; 장수탕 선녀님"
"NOL 서경스퀘어 스콘 1관",OK,"서울 종로구 동숭길 148",37.573,126.9794,2,"musical|play","뮤지컬 〈존 도우〉; 연극 〈불란서 금고 - 북벽에 오를 자 누구더냐〉"
"et theatre 1 (이티 씨어터 원)",INCOMPLETE_DATA (Both),"정보 없음",,,2,"musical","뮤지컬 〈캐빈〉; 캐빈"
"대학로 스타시티",OK,"서울 종로구 명륜4가 113-1",37.582119616246,127.000511726023,2,"musical","뮤지컬 〈테이크 오프〉; 테이크 오프"
"링크아트센터 벅스홀",OK,"서울 종로구 대학로14길 29 링크아트센터",37.573,126.9794,2,"musical","뮤지컬 〈트레이스 유〉; 트레이스 유"
"동덕여자대학교 공연예술센터 코튼홀",OK,"서울 종로구 동숭길 126 동덕여대 공연예술 연구소",37.573,126.9794,2,"musical","뮤지컬 〈판〉; 판"
"예술의전당 CJ 토월극장",OK,"서울 서초구 서초동 700",37.479031607194734,127.01400788796187,2,"musical|classic","뮤지컬 〈팬레터〉 10주년 기념 공연; 오페라 〈양촌리 러브 스캔들〉"
"한전아트센터",OK,"한전아트센터 앞, 효령로72길, 서초2동, 서초구, 서울특별시, 06732, 대한민국",37.4864693,127.0280609,2,"musical","뮤지컬 슈가 〈SUGAR〉; 뮤지컬 〈로미오와 줄리엣〉"
"무하아트센터",OK,"서울 종로구 동숭동 199-33",37.5784939268852,127.004641537514,2,"musical","뮤지컬 썸데이; 썸데이"
"스타스테이지",OK,"서울 종로구 동숭동 1-54",37.58271063549632,127.0028167796696,2,"musical","뮤지컬 헝키쇼 (HUNKY SHOW); 헝키쇼 : HUNKY SHOW"
"뮤지컬펍 스폿라이트",OK,"서울 종로구 명륜4가 16-1",37.5831296267381,127.00100874789,2,"musical","뮤지컬펍 스폿라이트; 스폿라이트"
"금나래아트홀(금천구청내)",OK,"금나래아트홀, 70, 시흥대로73길, 시흥1동, 금천구, 서울특별시, 08611, 대한민국",37.4565729,126.8960236,2,"musical|play","복합극 〈환어〉; 판타지 어드벤처 가족마당극 〈토끼전〉"
"뮤지컬펍 커튼콜",OK,"서울 종로구 동숭동 1-66",37.5824907861105,127.003095278525,2,"musical","사랑의 공식: 인공지능 시대의 감정 생태 보고서; 지구종말 D-1"
"미마지아트센터 물빛극장",OK,"서울 종로구 동숭동 1-133",37.5802707255611,127.003527652339,2,"musical|play","수수깡 아버지; 마산시절"
"플러스씨어터",OK,"서울 종로구 동숭동 1-144",37.5808257236473,127.003971468634,2,"musical","어른이 뮤지컬 〈난쟁이들〉; 어른이 뮤지컬 〈난쟁이들〉 - 보여드림데이"
"광화문 전용관(경향아트힐)",OK,"서울 중구 정동 22",37.56815390855725,126.96967004827121,2,"musical|kids","페인터즈 - 광화문전용관; 페인터즈(광화문전용관)"
"장충체육관",OK,"장충체육관, 241, 동호로, 장충동2가, 장충동, 중구, 서울특별시, 04605, 대한민국",37.5581698,127.0067954,2,"concert","2025 다이나믹 듀오 단독 콘서트 “가끔씩 오래 보자” - 서울; 2026 Apink 8th Concert 〈The Origin : APINK〉"
"신한카드 SOL페이 스퀘어 라이브홀",OK,"서울 마포구 서교동 490",37.55112586142693,126.91439609571269,2,"concert","2026 나를 바로 세우는 여덟 단어; JAY 207 FINAL TOUR IN SEOUL"
"티켓링크 라이브 아레나 (핸드볼경기장)",OK,"서울특별시 송파구 올림픽로 424",37.5227409,127.1187114,2,"concert","2026 이창섭 단독 콘서트 〈AndEnd〉 ［2/6~2/7 공연 지정석］; 2026 이창섭 단독 콘서트 〈AndEnd〉 ［2/8 공연 스탠딩］"
"스카이아트홀",OK,"서울 강서구 화곡로63길 65",37.5579769026158,126.84939856075309,2,"concert","2026 YOUNITE MINI FAN-CON 〈LOVE TYPE : YOUNITE to YOUNIZ〉; 나가 기타 25주년 기념 콘서트"
"재즈클럽 그루브",OK,"서울 서초구 신반포로47길 52",37.5126583680703,127.018468391393,2,"concert|unknown","그루브잼세션(Groove Jam Session); 재즈클럽과 스튜디오에서 만나는 잼세션 시리즈! [그루브잼세션]"
"경희대학교 평화의전당",OK,"평화의전당, 26, 경희대로, 회기동, 동대문구, 서울특별시, 02453, 대한민국",37.5986109,127.052732,2,"concert|classic","우리들의 발라드 전국투어 - 서울 콘서트; 더 위쳐 인 콘서트"
"추후 공지",OK,"경기 안산시 단원구 이삭6길 2",37.31289108035632,126.83928708588793,2,"concert","워터밤 서울 2026; 워터밤 부산 2026"
"파랑새극장",OK,"서울 종로구 동숭동 1-115",37.58158440422107,127.00232652533127,2,"concert|kids","원소윤 스탠드업코미디 ‘원’; 미래상상마술쇼"
"NOL씨어터 합정 동양생명홀",OK,"서울특별시 마포구 양화로 45 메세나폴리스 2 층",37.5502395,126.9139625,2,"concert","히구치 아이 밴드 투어 2025-2026 in Seoul ＂wishing me happiness＂; THE SOLUTIONS (솔루션스) 전국투어 ‘비행’ - 서울"
"KBS아레나",OK,"서울 강서구 화곡동 1093-76",37.55675871689889,126.84796255512903,2,"concert","Men I Trust (멘 아이 트러스트) 내한공연; 2026 〈THE 이재훈 전국투어콘서트 - Come on〉 - 서울"
"해바라기 소극장",OK,"서울 종로구 동숭길 76 해바라기소극장",37.5816428205946,127.004374097465,2,"play","(리얼타임 코믹연극) 택시안에서 - 서울; 택시안에서"
"대학로 세우아트센터 2관",OK,"서울 종로구 동숭동 1-86",37.58188889762789,127.0039285040281,2,"play","★평점9.9★연극 〈남사친 여사친〉(사랑 vs 우정) 현실공감 로코; 힐링코미디연극〈아빠와 딸〉(우리가족의20년)"
"대학로 소극장 혜화당",OK,"서울 종로구 동숭동 1-89",37.5812365749468,127.004025832403,2,"play","2026 제8회 소설시장 페스티벌 : 〈2방인 - L’E-duo-ranger〉; 2026 제8회 소설시장 페스티벌 : 〈호밀밭의 파수꾼〉"
"소극장 혜화당",OK,"서울 종로구 동숭동 1-89",37.5812365749468,127.004025832403,2,"play","2026 제8회 소설시장 페스티벌 : 〈마음〉; 2026 제8회 소설시장 페스티벌 : 〈STAY TUNED : 빈처2026〉"
"대학로극장 쿼드",OK,"대학로극장 쿼드, 122, 동숭길, 대학로거리, 이화동, 종로구, 서울특별시, 03085, 대한민국",37.5836392,127.0038138,2,"play","2026 쿼드기획 : 〈땅 밑에〉; 2026 쿼드기획:〈함수 도미노〉"
"아스가르드 씨어터",OK,"서울 종로구 혜화동 201",37.5836656943776,127.00255868303,2,"play","4D공포연극 〈스위치〉; 스위치"
"국립극단 명동예술극장",OK,"서울 중구 명동1가 54",37.5640085633411,126.984212773704,2,"play","국립극단［2026 기획초청 Pick크닉］［열린 객석］ 〈이상한어린이연극-오감도〉; 국립극단［2026 기획초청 Pick크닉］〈셋톱박스〉"
"JTN 아트홀 3관",OK,"서울 종로구 이화동 139",37.5766306962676,127.00393954831,2,"play","국민 코믹 연극 〈오백에삼십〉 - 대학로 JTN 아트홀 3관; 오백에 삼십"
"상명아트홀 1관",OK,"서울 종로구 동숭동 1-38",37.583359352573,127.002739817504,2,"play","국민연극 〈라이어〉 - 상명아트홀 1관; 라이어 1탄"
"대학로 브이씨어터",INCOMPLETE_DATA (Both),"정보 없음",,,2,"play","날개; 서, 글 (書, 契)"
"샤봉디씨어터",OK,"경기도 성남시 수정구 금토로 70",37.406514,127.0801059,2,"play","남장여자 로코 연극 〈어쩌다 보니〉; 어쩌다 보니"
"JTN 아트홀 4관",OK,"서울 종로구 이화동 139",37.5766306962676,127.00393954831,2,"play","대학로 대표 코믹 힐링극 〈뷰티풀라이프〉; 뷰티풀 라이프"
"초록씨어터",OK,"서울 종로구 동숭동 1-33",37.5827016395697,127.002151077463,2,"play|kids","대학로 연극 〈내일은 내일에게〉; 내일은 내일에게"
"라온아트홀",OK,"서울 종로구 동숭동 1-61",37.5818528899711,127.002803161755,2,"play","대학로 혜화 연극 한뼘사이; 한뼘사이"
"대학로예술극장 소극장",OK,"서울 종로구 동숭동 1-67",37.5820871387794,127.003179039931,2,"play","멸종위기종; 비밀기지 〈몸 기울여〉 - 2025 창작산실 올해의신작 연극"
"올웨이즈씨어터",OK,"서울 종로구 동숭동 1-35",37.583089067769,127.002094481016,2,"play","뮤직드라마 〈불편한 편의점〉 - 올웨이즈씨어터; 불편한 편의점"
"H씨어터",OK,"서울 종로구 이화동 57",37.5776001376023,127.004718462711,2,"play","뮤직드라마 청춘 : ON AIR; 코믹 음악연극 프리즌"
"안똔체홉극장",OK,"서울 종로구 명륜3가 140-4",37.5830818402188,126.996997533451,2,"play","세자매; 세자매"
"대학로 스타릿홀",OK,"서울 종로구 대학로8가길 111 지하층",37.573,126.9794,2,"play","스페셜보잉보잉; 연극 뉴사랑과전쟁"
"파랑씨어터",OK,"서울 종로구 동숭동 1-57",37.5824871968218,127.002472599844,2,"play|kids","시간을 파는 상점; 시간을 파는 상점"
"드림시어터 소극장",OK,"서울 종로구 동숭동 상세주소 열기 길",37.58096,127.0051932,2,"play","안녕, 차이카; 올모스트 메인"
"강남씨어터",OK,"서울 강남구 역삼동 829-20",37.49536123749658,127.03323385255213,2,"play|classic","앙드레와 도린 (Andre ＆ Dorine); 오늘은 나로 부른다"
"NOL 서경스퀘어 스콘 2관",OK,"서울 종로구 동숭길 148",37.573,126.9794,2,"play","연극 〈그때도 오늘2: 꽃신〉; 그때도 오늘2: 꽃신"
"마루아트홀",OK,"서울 종로구 동숭동 1-58",37.582299788139,127.002567693402,2,"play","연극 〈나의PS파트너〉; 나의 PS 파트너"
"LG아트센터 서울 U+ 스테이지",OK,"서울 강서구 마곡중앙로 136 LG아트센터 서울",37.5509,126.8497,2,"play|classic","연극 〈노인의 꿈〉; 다비드 바뱅 ＆ 아드리앙 몽도 ＇피아노 피아노＇"
"더굿씨어터",OK,"서울 종로구 혜화동 185",37.5839819526946,127.00206506973008,2,"play","연극 〈미세스 마캠〉; 연극 〈슈만〉"
"대학로 아트하우스",OK,"서울 종로구 동숭동 1-96",37.5816023886196,127.00371338439,2,"play","연극 리타길들이기 〈Educating Rita〉 - 대학로; 펫프렌들리연극 개같은 아빠 (대학로)"
"나인진홀 2관",OK,"서울 종로구 동숭동 1-149",37.5803680063815,127.004324662859,2,"play","웃음작렬소동극 〈과속스캔들〉; 과속스캔들"
"컬쳐씨어터",OK,"서울 종로구 동숭동 1-73",37.5824763657644,127.003260570751,2,"play","장르 씹어먹는 연극［운빨로맨스］- 대학로; 운빨로맨스"
"극장 봄",OK,"서울특별시 성북구 삼선동1가 35",37.5900263,127.0130553,2,"play|musical","제1회 극단 무이 기획 공연 〈죽음의 집〉; 뱀파이어를 부탁해"
"시윤아트홀",OK,"서울 종로구 동숭동 1-115",37.5815303444904,127.002332184291,2,"play|concert","졸탄쇼; 졸탄쇼"
"우리소극장",OK,"서울 종로구 동숭동 192-8",37.5792237109437,127.005151024833,2,"play","코믹 범죄 스릴러 연극 〈701호〉; 701호"
"미래아트홀",OK,"서울 종로구 혜화동 62-1",37.5869453179142,127.002117233268,2,"play","코믹추리극 ［마피아게임］; 마피아 게임"
"정극장",OK,"서울 종로구 동숭동 1-92",37.5810257449425,127.003951101087,2,"play","코믹추리스릴러 연극 〈행오버〉 - 12년째 공연 중; 행오버"
"성수소극장",OK,"서울 성동구 성수동2가 225-10",37.5366660895235,127.058409956355,2,"play","타임슬립 코믹 연극 영시기; 영시기"
"봄날아트홀 1관",OK,"서울 종로구 동숭길 39 지하 1층, 2층 봄날아트홀",37.573,126.9794,2,"play","헤어지는 기쁨; 크리미널 시즌4"
"연세대학교 백주년기념관",OK,"서울 서대문구 냉천동 68",37.5672614465493,126.961818334834,2,"classic","로보카폴리 오케스트라 : 브룸스타운의 악기 구조대!; 애니메이션 OST 페스티벌 with 오케스트라"
"라율아트홀",OK,"서울 서초구 서초동 1451-38",37.48242676621058,127.01261558401937,2,"classic","살롱클래식 - 이혜림 피아노 독주회; 살롱클래식 - 트리오 화온의 질문해도 되는 음악회"
"세라믹팔레스홀",OK,"서울 강남구 일원로 90",37.4923272,127.0801611,2,"classic","소프라노 이결 초청 독창회; EMA Choral Society 제2회 정기연주회"
"꿈의숲_콘서트홀",OK,"서울 강북구 번동 90",37.6214938171239,127.038544673316,2,"classic","앙상블 플레이리스트 Ep.5; 오페라 갈라 콘서트의 밤"
"푸르지오아트홀",INCOMPLETE_DATA (Both),"정보 없음",,,2,"classic","Music , Inside Out; 최소영 제자 음악회"
"안산문화예술의전당 해돋이극장",OK,"경기 안산시 단원구 고잔동 817",37.3200554820814,126.82306759376,2,"musical","［안산］뮤지컬 한글용사 아이야 새로운 이야기〈달라도 친구야!〉; 뮤지컬 최고다 호기심딱지 시즌3 〈동화나라구출대작전〉 - 안산"
"의정부예술의전당 소극장",OK,"경기 의정부시 의정부동 323",37.7335300891832,127.034178367299,2,"musical","［의정부］싱어롱 콘서트 뮤지컬 ‘Live Show’ 무지개 물고기; 어린이뮤지컬 캣 - 의정부"
"평택 북부문화예술회관 대공연장",OK,"경기 평택시 경기대로 1366 북부문화예술회관",36.9745464,127.1161001,2,"musical","2026 〈더:매직서커스〉 - 평택; 2026 가족 라이브 뮤지컬 〈미녀와야수〉 - 평택"
"광명문화예술교육지원센터 광명극장",OK,"경기 광명시 하안동 718-2",37.4667611314483,126.869891526022,2,"musical","2026 라이브 가족뮤지컬 〈미녀와야수〉 - 광명; 흥부와 놀부 (광명)"
"평택 서부문화예술회관 대공연장",OK,"경기 평택시 안중읍 학현리 572",36.9901427155486,126.920133150766,2,"musical","2026 라이브 가족뮤지컬 〈피터팬〉 - 평택; 싱어롱뮤지컬 브레드이발소 〈브레드와 윌크의 세계여행〉 - 평택"
"평택서부문화예술회관 대공연장",OK,"경기 평택시 안중읍 학현리 572",36.9901427155486,126.920133150766,2,"musical","가족뮤지컬 〈꼬마버스 타요 - 소원을 들어주는 요술 지팡이 대소동〉 - 평택; 뮤지컬 최고다 호기심딱지 시즌3〈동화나라구출대작전〉 - 평택"
"트라이보울",OK,"인천 연수구 송도동 24-6",37.3942043410562,126.635009329215,2,"musical|play","겨울이야기 - 인천; 연극 〈고트 GOTT〉 - 인천"
"안성맞춤아트홀 대공연장",OK,"경기 안성시 발화대길 21 안성맞춤아트홀",36.9947872,127.2793155,2,"musical|concert","뮤지컬 〈개구쟁이 특공대 : 마녀저택〉 - 안성; 2026 신년음악회 - 안성"
"성남아트센터 오페라하우스",OK,"성남아트센터 오페라하우스, 태원지하보도, 이매동, 판교, 분당구, 성남시, 13566, 대한민국",37.4028964,127.1305335,2,"musical|concert","뮤지컬 헬로카봇 스페셜 시즌9 〈전설의 용사를 찾아서〉 - 성남; 2025 김태연 전국투어 콘서트 〈SHOWTIME〉 - 성남"
"고양종합운동장 주경기장",INCOMPLETE_DATA (Both),"정보 없음",,,2,"concert","［Play＆Stay］BTS WORLD TOUR ‘ARIRANG’ IN GOYANG+Hotels; BTS WORLD TOUR ‘ARIRANG’ IN GOYANG"
"부천시민회관 대공연장",OK,"경기 부천시 원미구 중동 788",37.4884014589488,126.770391362396,2,"concert|classic","2025-26 김창옥 토크콘서트 시즌5 - 부천; 아즈마 아키와 함께하는 영화음악 콘서트 : 지브리 ＆ 월드 무비 OST - 부천"
"고양아람누리 아람극장",OK,"경기 고양시 일산동구 마두동 816",37.661466499200465,126.77440859641214,2,"concert","2025-26 로이킴 LIVE TOUR ［ja, daumm］ - 고양; 2026 부활 40주년 콘서트 - 고양"
"부천아트센터 소공연장",OK,"경기 부천시 원미구 소향로 165 부천아트센터",37.5034,126.766,2,"concert|classic","BAC 재즈 시리즈 Ⅰ더 피아니스트; 피아니스트 박상욱과 함께하는 브런치콘서트 I"
"매직앤조이",OK,"경기 수원시 영통구 광교중앙로 124 갤러리아백화점 10층",37.2855216,127.0574787,2,"play","스탠드-업 코미디 (광교); 어린이 마술쇼 (광교)"
"군포문화예술회관 수리홀",OK,"경기 군포시 산본동 1101",37.3665395869026,126.927227234703,2,"classic","2026 빈 소년 합창단 신년 콘서트 - 군포; PAPA x 프라임필하모닉 기획 시리즈: The Rising - 군포"
"엘림아트센터 챔버홀",OK,"인천 서구 크리스탈로 78",37.5320389228533,126.636872975473,2,"classic","엘림아트센터 ［로비콘서트］(01.25) - 인천; 엘림아트센터 ［로비콘서트］(02.01) - 인천"
"하남문화예술회관 대극장(검단홀)",OK,"하남문화예술회관 대극장, 덕풍동로, 덕풍동, 덕풍3동, 하남시, 12936, 대한민국",37.5447456,127.2068482,2,"classic","청소년과 함께하는 김숙진의 이야기가 있는 콘서트 - 하남; KBS교향악단과 함께하는 〈2026년 신년음악회〉 - 하남"
"원주 백운아트홀",INCOMPLETE_DATA (Both),"정보 없음",,,2,"musical","［원주］ 뮤지컬 번개맨 시즌2 〈번개맨!VS번개맨？〉; 2026. 가족뮤지컬 〈엄마까투리 - 유치원도,도시도 처음이야〉 - 원주"
"충청남도 문화예술회관",INCOMPLETE_DATA (Both),"정보 없음",,,2,"musical|classic","2026 앤서니브라운 베스트셀러 어린이뮤지컬 〈우리 아빠가 최고야〉 - 충남 예산; 2026 신년음악회 : 새해 첫 울림, 크로스오버 판타지 - 예산"
"서산문화원",INCOMPLETE_DATA (Both),"정보 없음",,,2,"musical","만원의행복“가족뮤지컬”신데렐라” - 서산; 착한가격 10,000원의 행복 “어린이 서커스쇼” - 충남 서산"
"드림아트홀",INCOMPLETE_DATA (Both),"정보 없음",,,2,"musical|play","제2회 드림단막극장 - 우리, 그리고... - 대전; 제2회 드림단막극장 - 짝,사랑 - 대전"
"공주문예회관 소공연장",INCOMPLETE_DATA (Both),"정보 없음",,,2,"concert","렉처 콘서트III 〈라틴 클래식 음악〉 - 공주; 렉처 콘서트IV 〈미국 음악의 탄생〉 - 공주"
"대구 청소년수련원 공연장",INCOMPLETE_DATA (Both),"정보 없음",,,2,"musical","가족뮤지컬 〈헨젤과 그레텔〉 - 대구; 가족뮤지컬 〈인어공주〉 - 대구"
"영남대학교 천마아트센터 그랜드홀",INCOMPLETE_DATA (Both),"정보 없음",,,2,"musical|concert","쇼뮤지컬 〈프린세스 캐치! 티니핑〉 - 대구; 2025-26 김창옥 토크콘서트 시즌5 - 대구"
"에이치아츠 콘서트홀",INCOMPLETE_DATA (Both),"정보 없음",,,2,"concert","ONLY FOR JAZZ - 대구; ONLY FOR JAZZ - 대구 (01.30)"
"구미강동문화복지회관 봉두아트홀",INCOMPLETE_DATA (Both),"정보 없음",,,2,"play|classic","［2026 어린이 참여 공연］ 아빠와 난 초등1학년 - 구미; KBS 교향악단과 함께하는 〈태교음악회〉 - 구미"
"대백레오문화홀",INCOMPLETE_DATA (Both),"정보 없음",,,2,"play","인형극 잭과콩나무 - 대구; 인형극 해님달님 - 대구"
"김해장유문화센터 공연장",INCOMPLETE_DATA (Both),"정보 없음",,,2,"musical","가족매직쇼 “공룡 애니멀 쇼” - 김해; 만원의행복 “가족뮤지컬“장화신은고양이” - 김해"
"HD아트센터 대공연장",INCOMPLETE_DATA (Both),"정보 없음",,,2,"musical|concert","가족뮤지컬 〈알파블록스〉 - 울산; 강문경 전국투어 콘서트 : THE START - 울산"
"부산 벡스코 오디토리움",INCOMPLETE_DATA (Both),"정보 없음",,,2,"musical|concert","뮤지컬 〈설민석의 한국사 대모험 : 안중근〉 - 부산; 2026 10CM Asia Tour 〈To 10CM: Chapter 1〉 in Busan"
"창원 성산아트홀 소극장",INCOMPLETE_DATA (Both),"정보 없음",,,2,"musical|classic","스쿨매직콘서트 - 창원; 지브리와 사랑에 빠지다 : 지브리 영화음악 콘서트 2026 스페셜 - 창원"
"거제문화예술회관 대극장",INCOMPLETE_DATA (Both),"정보 없음",,,2,"concert","［데뷔 60주년 기념공연］ 2026 남진 전국투어 콘서트 - 거제; 2026 The 심수봉 SHOW - 거제"
"부산 KBS홀",INCOMPLETE_DATA (Both),"정보 없음",,,2,"concert","싱어게인4 전국투어 콘서트 - 부산; 2026 박상민” LOVE” 콘서트 - 부산"
"경성대학교 콘서트홀",INCOMPLETE_DATA (Both),"정보 없음",,,2,"concert","K - MEGA 마스터클래스 - 부산; K - MEGA SONG 콘서트 - 부산"
"첼리스트의 서재",INCOMPLETE_DATA (Both),"정보 없음",,,2,"classic","지브리 하우스 콘서트 - 부산; 지브리 하우스 콘서트 - 부산 (3.1)"
"창원 성산아트홀 대극장",INCOMPLETE_DATA (Both),"정보 없음",,,2,"classic","지브리＆디즈니 영화음악 FESTA - 창원 OPEN; MelON 디즈니＋지브리 오케스트라 콘서트 - 창원"
"해운대문화회관 고운홀",INCOMPLETE_DATA (Both),"정보 없음",,,2,"classic","지브리를 품은 클래식 - 바람이 피어나는 계절 (부산); 지브리를 품은 클래식-겨울의 끝, 봄의 문턱에서 (부산)"
"F1963 석천홀",INCOMPLETE_DATA (Both),"정보 없음",,,2,"classic","F1963 겨울음악회3 (비지정석 할인 판매) - 부산; F1963 겨울음악회4 (비지정석 할인 판매) - 부산"
"전북대학교 삼성문화회관",INCOMPLETE_DATA (Both),"정보 없음",,,2,"musical|play","가족뮤지컬 〈넘버블록스〉 - 전주앵콜; 연극 〈사랑해,엄마〉 - 전주"
"한국소리문화의전당 모악당",INCOMPLETE_DATA (Both),"정보 없음",,,2,"concert|classic","YB REMASTERED 3.0 : Odyssey - 전주; 2026 유키 구라모토 콘서트 Peacefully - 전주"
"김영오아트센터",INCOMPLETE_DATA (Both),"정보 없음",,,2,"play","오늘부터맑음 - 전주; 하나,둘,셋,김치! - 전주"
"목포시민문화체육센터 소공연장",INCOMPLETE_DATA (Both),"정보 없음",,,2,"musical","만원의행복 “가족뮤지컬“장화신은고양이” - 목포; 만원의행복 “가족뮤지컬”빨간모자와늑대” - 목포"
"상무지구 기분좋은극장",INCOMPLETE_DATA (Both),"정보 없음",,,2,"play","701호 - 광주; 미스터리 심리스릴러 연극 기억의 숲 - 광주"
"애월뮤직팩토리",INCOMPLETE_DATA (Both),"정보 없음",,,2,"musical|classic","태풍마녀 - 제주; 내 곁에, 베토벤: 어린이 클래식 콘서트 - 제주"
"지산포레스트 리조트",INCOMPLETE_DATA (Both),"정보 없음",,,2,"concert","2026 그린캠프페스티벌 (일반티켓, 웰니스티켓); 2026 그린캠프페스티벌 캠핑티켓"
"문화공간 아이원",INCOMPLETE_DATA (Both),"정보 없음",,,2,"etc","2026 후생가외 - 가야금 앙상블 Tutti 〈비상〉; 2026 후생가외 - 전통예술 가무악 단체 유연"
"더서울라이티움(갤러리아포레)",OK,"서울특별시 성동구 서울숲2길 32-14",37.545749,127.0426796,2,"exhibition","［1월한정 20%할인］ 월리를 찾아라 특별전; 월리를 찾아라 특별전"
"그라운드시소 이스트",OK,"서울 광진구 자양동 870",37.53661001972641,127.08784567948891,2,"exhibition","［굿즈 패키지 최대 29% 할인］ 룸 포 원더; ［얼리버드］ 룸 포 원더: 상상의 문을 열다"
"롯데뮤지엄",OK,"서울 송파구 신천동 29",37.5126405126229,127.102562422407,2,"exhibition","［롯데뮤지엄］  Still, Tasha Tudor; ［일반얼리버드］ Still, Tasha Tudor"
"뚝섬미술관",OK,"뚝섬미술관, 아차산로, 성수1가2동, 성동구, 서울특별시, 04793, 대한민국",37.5471232,127.0484409,2,"exhibition","［성수, 서울숲］ 사랑의 단상(네이버 평점 4.8); 사랑의 단상 : Montage of Love"
"경희궁",OK,"경희궁, 사직동, 종로구, 서울특별시, 대한민국",37.5709397,126.9681024,2,"exhibition|activity","경희궁 인문학산책; 경희궁 인문학산책"
"예술의전당 한가람디자인미술관",OK,"한가람디자인미술관, 2406, 남부순환로, 서초3동, 서초구, 서울특별시, 06757, 대한민국",37.4797997,127.0126016,2,"exhibition","김수철, 소리그림; 오랑주리-오르세미술관 특별전"
"연희정음 지하 1층",OK,"서울특별시 서대문구 연희맛로 17-3 ...",37.5667244,126.9287137,2,"exhibition","김중업x르코르뷔지에 건축사진전; 연희동 반상회ㅣ임지형『연희동 러너』작가"
"한국민화학교",OK,"서울 강남구 삼성로96길 6 1210호",37.5172,127.0473,2,"exhibition","내 맘대로 막 그리기; 작가를 위한 예술사유 독서모임〈사유책가〉"
"창덕궁 돈화문",OK,"서울 종로구 율곡로 99",37.5778592902015,126.989947194326,2,"exhibition","세계문화유산, 창덕궁; 창덕궁의 인문학산책"
"코엑스 C홀",OK,"서울 강남구 삼성동 159",37.511297100471545,127.05914799602495,2,"exhibition","World ART FESTA 2026; World ART FESTA 월드아트페스타 2026"
"클럽롤러힐",OK,"서울 동대문구 답십리동 2-9",37.5733194760319,127.063817853438,2,"leisure|kids","［서울 동대문구］ 클럽롤러힐 롤러스케이트장; 클럽롤러힐"
"서래마을 휴리재",OK,"서울 서초구 방배동 768-12",37.494738869088664,126.98588514375392,2,"leisure","［서울 서초］ 서래마을 휴리재; 피올라페이셜리프팅테라피(강남서초9개점_예약필수)"
"볼베어파크 은평점",OK,"볼베어파크 은평점, 1050, 통일로, 진관동, 은평구, 서울특별시, 03312, 대한민국",37.6381563,126.9180204,2,"leisure|kids","［서울 은평］ 볼베어파크 은평점 키즈카페 롯데몰; 볼베어파크(은평)"
"루프캣미 명동점",OK,"서울 중구 충무로2가 11-1",37.5620005331664,126.986564013943,2,"leisure|activity","［서울］ 루프캣미 실내 고양이카페 명동점; 루프캣미 실내 고양이카페(명동)"
"루프캣미 홍대점",OK,"서울 마포구 동교동 162-15",37.5551019080658,126.922123513945,2,"leisure|activity","［서울］ 루프캣미 실내 고양이카페 홍대점; 루프캣미 실내 고양이카페(홍대)"
"반얀트리 서울 오아시스 아이스링크",INCOMPLETE_DATA (Both),"정보 없음",,,2,"leisure","［서울］ 반얀트리 서울 오아시스 아이스링크; ［서울］［1+1］ 반얀트리 서울 오아시스 아이스링크 입장권"
"플레이타임 중앙",OK,"서울 강남구 수서동 717-3",37.488938824901,127.104429633155,2,"leisure","［전국］ 도심형 실내 키즈 테마파크 챔피언/플레이타임 20개점; ［전국］ 도심형 실내 키즈 테마파크 챔피언1250/블랙벨트 39개점"
"키자니아 서울점",OK,"서울 송파구 올림픽로 240",37.5111041,127.0982333,2,"leisure|kids","［키자니아］ 서울＆부산점 1월 이용권 (유효기간 : 1/1~1/31); 키자니아(서울/부산)"
"퓨처그라운드 롯데몰 김포공항점",OK,"서울 강서구 방화동 882-1",37.56395452303145,126.80314435068914,2,"leisure|kids","퓨처그라운드(디지털 놀이터) 김포공항점 이용권 1월; 퓨처그라운드(서울)"
"매직플로우 원더빌리지",OK,"경기도 고양시 덕양구 고양대로 1955 3층 매직플로우",37.6469771187284,126.89477806511,2,"exhibition|kids","［고양］ 원더빌리지 매직플로우 원더빌리지(~2/28); 매직플로우 원더빌리지(고양)"
"성남큐브미술관",OK,"경기 성남시 분당구 성남대로 808 성남큐브미술관",37.4029565748635,127.130559855569,2,"exhibition","［얼리버드］ 요하네스 베르메르의 비밀 레플리카전 - 성남; 요하네스 베르메르 레플리카전 : 고요 속의 빛 - 성남"
"한국항공대학교 항공우주박물관",OK,"경기 고양시 덕양구 화전동 646-6",37.599741914311934,126.86536283579244,2,"exhibition","［항공우주박물관］ 대한항공 A300 항공기 체험 - 고양; 한국항공대학교 항공우주박물관 - 고양"
"송도컨벤시아",OK,"송도컨벤시아, 123, 센트럴로, 송도동, 송도1동, 연수구, 인천광역시, 21996, 대한민국",37.3887756,126.646738,2,"exhibition|activity","2026 대한민국라면박람회 얼리버드 티켓; 인천 국제아웃도어캠핑＆레포츠페스티벌 GOCAF 퍼스트 시즌"
"한국만화박물관",OK,"한국만화박물관, 1, 길주로, 부개동, 삼산동, 부평구, 부천시, 14505, 대한민국",37.5087778,126.742141,2,"exhibition|musical","한국만화박물관 입장권; 마술고양이 (부천)"
"리빙파워센터 4F",OK,"경기 용인시 기흥구 신고매로 59",37.2234151888838,127.114248153439,2,"exhibition|kids","DINO BAY 시즌3 - 용인; 다이노베이 시즌3(용인)"
"동두천 놀자숲",OK,"놀자숲, 동두천시, 대한민국",37.8849158,127.1375544,2,"leisure|kids","［경기 동두천］ 체험형 숲 테마파크 놀자숲 이용권 (실내/외 초대형 어드벤처 파크); 놀자숲 테마파크"
"볼베어파크 부천점",OK,"경기 부천시 원미구 상동 572-1",37.4999706745475,126.744227787242,2,"leisure|kids","［경기 부천］ 볼베어파크 부천점 키즈카페 웅진플레이도시; 볼베어파크(부천)"
"오산 오마이쥬 키즈파크",OK,"경기 오산시 경기대로632번길 89 오마이쥬",37.1844069647972,127.059450929852,2,"leisure|kids","［경기 오산］ 오마이주 키즈파크; 오산 오마이쥬 키즈파크"
"다일락스포렉스",OK,"경기 용인시 처인구 모현읍 동림리 71-5",37.3394337322513,127.184741815753,2,"leisure","［경기/용인］ 다일락스포렉스 골프연습장 : 실외타석이용권 10회권; ［경기/용인］ 다일락스포렉스 골프연습장 : 실외타석이용권 1회권"
"베고니아 새정원",OK,"경기 가평군 설악면 미사리로270번길 28 가",37.6575,127.5031,2,"leisure","［경기］ 가평 베고니아 새정원 입장권; ［경기］ 가평 베고니아 새정원(겨울방학특별세일)"
"양평 양떼목장",OK,"경기 양평군 용문면 광탄리 300",37.51545522357331,127.6287598630799,2,"leisure|kids","［경기］ 양평 양떼목장; 양평 양떼목장"
"펀웨이브",OK,"경기 고양시 일산서구 대화동 2606",37.6645540979457,126.75452646873,2,"leisure|kids","［경기］ 일산 원마운트 펀웨이브 이용권; 일산 원마운트 펀웨이브"
"주렁주렁 하남점",OK,"주렁주렁 하남점, 대청로137번길, 신장2동, 하남시, 12945, 대한민국",37.5435783,127.2235665,2,"leisure|kids","［경기］주렁주렁 실내 동물원 하남점; 주렁주렁 실내 동물원(하남점)"
"쥬쥬랜드",OK,"경기 고양시 덕양구 관산동 290",37.68932970378081,126.85498582423483,2,"leisure","［고양］ 쥬쥬랜드 연간이용권; ［고양］ 쥬쥬랜드 이용권"
"두리랜드",OK,"두리랜드, 권율로, 장흥면, 양주시, 경기도, 11520, 대한민국",37.7246301,126.9504204,2,"leisure","［양주］ 두리랜드 종일권 (당일구매/당일사용 불가); ［양주］ 두리랜드+곤충박물관 통합 이용권(당일구매/당일사용불가)"
"여주 루덴시아",OK,"경기 여주시 산북면 금품1로 177 여주 루덴시아",37.4015984524867,127.461439233202,2,"leisure","［여주］ 루덴시아 테마파크 특가 입장권 (~3/2); ［여주］ 루덴시아 테마파크 패밀리권 (~3/2)"
"썬밸리워터파크",OK,"경기 여주시 연양동 414",37.2936976290817,127.66150983326,2,"leisure","［여주］ 썬밸리워터파크 3인 입장권(~2/1); ［여주］ 썬밸리워터파크 입장권(1/1~3/29)"
"(주)에버랜드",OK,"경기 용인시 처인구 포곡읍 에버랜드로 199",37.2905806,127.1980257,2,"leisure","［용인］ 에버랜드 Q-PASS: 판다 세컨하우스; ［용인］ 에버랜드 Q-PASS: 판다월드"
"테일45",OK,"경기 용인시 기흥구 공세동 155-3",37.235501727535336,127.11684943219004,2,"leisure|activity","［용인］ 테일45 5천평 규모 반려견 운동장; 테일45 반려견운동장 이용권"
"구리 토평 가족캠핑장",OK,"경기 구리시 토평동 51-6",37.5866086324758,127.158227889702,2,"leisure","2025 구리 토평 가족캠핑장 이지바베큐(무박상품); 구리 토평 가족캠핑장"
"아쿠아필드 안성",OK,"경기 안성시 공도읍 진사리 354",36.99545685082593,127.14722469643748,2,"leisure|kids","아쿠아필드 안성 찜질스파 입장권(12/31~1/31); 아쿠아필드 찜질스파/워터파크(안성)"
"잭슨나인스 일산점",OK,"경기 고양시 일산서구 탄현동 1640",37.69432847292744,126.76234707239135,2,"leisure|kids","잭슨나인스 일산점 (유효기간 : 1/1~1/31); 잭슨나인스(일산)"
"파라다이스시티 씨메르",OK,"인천 중구 운서동 2850-17",37.435645590451834,126.45716251341072,2,"leisure|activity","파라다이스시티 씨메르 아쿠아스파/찜질스파 (12/1~2/28); 파라다이스시티 씨메르 아쿠아스파/찜질스파"
"파주 놀이구름",OK,"경기 파주시 와동동 1412",37.7228377519779,126.75914810681131,2,"leisure","파주놀이구름 10회 이용권; 파주놀이구름 이용권"
"플레이월드 다산점",OK,"경기 남양주시 다산동 6061-1",37.6250868430586,127.151615774349,2,"leisure|kids","플레이월드 다산점 키즈카페 이용권; 플레이월드(다산)"
"플레이월드 파주점",OK,"경기 파주시 문발동 502-1",37.7151654715792,126.687514750325,2,"leisure|kids","플레이월드 파주점 키즈카페 이용권; 플레이월드(파주)"
"한국민속촌",OK,"경기 용인시 기흥구 보라동 35",37.25961522542851,127.11980072025162,2,"leisure|kids","한국민속촌 종일권 (1월); 한국민속촌(용인)"
"롯데칠성 강릉공장",INCOMPLETE_DATA (Both),"정보 없음",,,2,"exhibition","강릉 처음처럼＆새로 브랜드체험관 (1월); 강릉 처음처럼＆새로 브랜드체험관 (2월)"
"단양투어패스",INCOMPLETE_DATA (Both),"정보 없음",,,2,"leisure","［충북］ 단양투어패스; ［충북］ 단양투어패스+패러글라이딩 PKG"
"대전 엑스포 아쿠아리움",INCOMPLETE_DATA (Both),"정보 없음",,,2,"leisure","［대전］ 엑스포 아쿠아리움 입장권(3/4~); ［대전］ 엑스포 아쿠아리움+아쿠아랜드PKG(3/4~)"
"오월드",INCOMPLETE_DATA (Both),"정보 없음",,,2,"leisure","［대전］ 오월드 자유이용권(12/1~); ［대전］ 오월드+엑스포 아쿠아리움 패키지"
"대전 아쿠아리움",INCOMPLETE_DATA (Both),"정보 없음",,,2,"leisure","대전 아쿠아리움 연간권; 대전 아쿠아리움 이용권"
"경주 바니베어 뮤지엄",INCOMPLETE_DATA (Both),"정보 없음",,,2,"exhibition|leisure","［경주］ 바니베어뮤지엄+자동차박물관 볼거리 패키지 입장권; ［경주］ 바니베어 뮤지엄"
"경주 키덜트뮤지엄",INCOMPLETE_DATA (Both),"정보 없음",,,2,"exhibition|leisure","［경주］ 키덜트뮤지엄+자동차박물관 패키지; ［경주］ 키덜트뮤지엄"
"뮤씨엄 대구점",INCOMPLETE_DATA (Both),"정보 없음",,,2,"exhibition","［얼리버드40%］［대구］ 앤디 워홀: 신화의 탄생; 앤디 워홀: 신화의 탄생 - 대구"
"경북투어패스 운영사업단",INCOMPLETE_DATA (Both),"정보 없음",,,2,"leisure","［경북투어패스］ 경주신라투어패스; ［경북투어패스］ 울릉아일랜드 투어패스"
"경주 쉼 족욕카페",INCOMPLETE_DATA (Both),"정보 없음",,,2,"leisure","［경주］ 쉼 족욕카페 아로마족욕+음료; ［경주］ 쉼 족욕카페 황리단점 아로마족욕+음료"
"대구 이월드 83타워",INCOMPLETE_DATA (Both),"정보 없음",,,2,"leisure","［대구］ 이월드 83타워 아이스링크 1월; ［대구］ 이월드 83타워 전망대PKG 1월"
"청도 레일바이크",INCOMPLETE_DATA (Both),"정보 없음",,,2,"leisure","［청도］ 레일바이크 할인 이용권 (12/1~); ［청도］ 레일바이크＆프로방스 빛축제 PKG (12/1~)"
"군파크 루지",INCOMPLETE_DATA (Both),"정보 없음",,,2,"leisure","군파크 루지+무아마운틴파크 패키지; 청도 군파크 루지+스카이 리프트 할인!"
"영천시 별빛테마마을 (펜션시설)",INCOMPLETE_DATA (Both),"정보 없음",,,2,"leisure","영천시 별빛테마마을 (세미나실, 식당) 대여; 영천시 별빛테마마을 (숙박시설)"
"아르떼뮤지엄 부산",INCOMPLETE_DATA (Both),"정보 없음",,,2,"exhibition","［부산］ 아르떼뮤지엄 입장권; 아르떼뮤지엄 부산+씨라이프 부산 아쿠아리움PKG"
"김해 가야랜드",INCOMPLETE_DATA (Both),"정보 없음",,,2,"leisure","［경상］ 김해 가야랜드 눈썰매 패키지; ［김해］ 가야랜드 엔젤파크 입장권(4/1~)"
"기장 스카이라인 루지",INCOMPLETE_DATA (Both),"정보 없음",,,2,"leisure","［부산/통영］ 스카이라인 루지 연간회원권; ［부산］ 기장 스카이라인 루지/하이플라이 짚라인 이용권"
"통영투어패스",INCOMPLETE_DATA (Both),"정보 없음",,,2,"leisure","［통영］ 통영투어패스 통합권; ［통영］ 통영투어패스 핫플 패키지"
"녹테마레",INCOMPLETE_DATA (Both),"정보 없음",,,2,"exhibition","［여수］ 녹테마레 위드미디어 이용권; ［여수］ 녹테마레 종합권"
"순천만국가정원",INCOMPLETE_DATA (Both),"정보 없음",,,2,"exhibition","2026 순천만국가정원 1년회원권(타지역); 2026 순천만국가정원 입장권"
"여수 돌산 진모지구/개도/금오도/여수세계박람회",INCOMPLETE_DATA (Both),"정보 없음",,,2,"exhibition","2026 여수세계섬박람회 보통권/가족권; 2026 여수세계섬박람회 전기간권"
"여수엑스포 스페이스 키즈파크",INCOMPLETE_DATA (Both),"정보 없음",,,2,"leisure","［여수］ 엑스포 스페이스파크 키즈존(2~7세이용); ［여수］ 엑스포 스페이스파크 트램폴린존(8~13세이용)"
"아라리오뮤지엄 탑동시네마",INCOMPLETE_DATA (Both),"정보 없음",,,2,"exhibition","［제주］아라리오뮤지엄 탑동시네마; ［제주］아라리오뮤지엄 탑동시네마＆동문모텔I,II 통합권"
"유동룡미술관(이타미준뮤지엄)",INCOMPLETE_DATA (Both),"정보 없음",,,2,"exhibition","미묘하게 열린 어둠안에서 : 이타미 준; 미묘하게 열린 어둠안에서 : 이타미 준 (~10월)"
"서귀포유람선",INCOMPLETE_DATA (Both),"정보 없음",,,2,"leisure","［제주］ ♥포니밸리 낙타트래킹 증정♥ 서귀포유람선; ［제주］ 서귀포유람선+심쿵혜택"
"여미지식물원",INCOMPLETE_DATA (Both),"정보 없음",,,2,"leisure","［제주］ ♥포니밸리 낙타트래킹 증정♥ 여미지식물원; ［제주］ 제주 여미지식물원"
"그랑블루요트",INCOMPLETE_DATA (Both),"정보 없음",,,2,"leisure","［제주］ 그랑블루요트 럭셔리투어; ［제주］ 그랑블루요트 선셋투어"
"다이나믹메이즈",INCOMPLETE_DATA (Both),"정보 없음",,,2,"leisure","［제주］ 다이나믹메이즈 이용권♥족욕 체험 증정♥; ［제주］ 다이나믹메이즈 입장권"
"목장카페 드르쿰다",INCOMPLETE_DATA (Both),"정보 없음",,,2,"leisure","［제주］ 드르쿰다 패스; ［제주］ 목장카페 드르쿰다 카트＆승마"
"제주민속촌",INCOMPLETE_DATA (Both),"정보 없음",,,2,"leisure","［제주］ 민속촌 입장권; ［제주］ 제주민속촌+불빛정원"
"산방산유람선",INCOMPLETE_DATA (Both),"정보 없음",,,2,"leisure","［제주］ 산방산유람선; ［제주］ 산방산유람선+심쿵혜택"
"오늘은 카트레이싱",INCOMPLETE_DATA (Both),"정보 없음",,,2,"leisure","［제주］ 오늘은 관광농원; ［제주］ 오늘은 카트레이싱 카트 체험"
"우도정원",INCOMPLETE_DATA (Both),"정보 없음",,,2,"leisure","［제주］ 우도정원; ［제주］ 우도정원+훈데르트바서파크 입장권"
"점보빌리지",INCOMPLETE_DATA (Both),"정보 없음",,,2,"leisure","［제주］ 점보빌리지+세계자동차＆피아노박물관 입장권; ［제주］ 점보빌리지+양떼목장 입장권"
"제주투어패스",INCOMPLETE_DATA (Both),"정보 없음",,,2,"leisure","［제주］ 제주 관광지 자유이용권; ［제주］ 제주투어패스 타임형 자유 이용권"
"액티브파크 클립앤클라임",INCOMPLETE_DATA (Both),"정보 없음",,,2,"leisure","［제주］ 제주 액티브파크 클립앤클라임; ［제주］ 제주 액티브파크 클립앤클라임+심쿵혜택"
"제주올패스",INCOMPLETE_DATA (Both),"정보 없음",,,2,"leisure","［제주］ 제주올패스 이용권; ［특가］ 제주올패스 이용권"
"제주 테디베어하우스 테지움",INCOMPLETE_DATA (Both),"정보 없음",,,2,"leisure","［제주］ 테디베어하우스 테지움; ［제주］ 테디베어하우스 테지움 ♥포니밸리 낙타트래킹 증정♥"
"예스24 원더로크홀",MISSING_ENTRY,"",,,2,"concert","2025 데이먼스 이어 단독공연 《Lunar Cycle System》; 용용 단독 콘서트 소호도(小虎島) : LOOK AT ME"
"세우아트센터 2관",OK,"서울특별시 종로구 대학로12길 49 , 4층",37.573,126.9794,2,"kids|play","아빠와 딸; 남사친 여사친"
"에이치씨어터",OK,"서울특별시 종로구 이화장길 54 , 지하 1층",37.573,126.9794,2,"play","프리즌; 뮤직드라마 청춘 : ON AIR"
"현대유람선",OK,"서울특별시 영등포구 여의도한강공원길 231 , 여의도유람선터미널",37.5264,126.8962,2,"activity","하이! 서울, 크루즈 ＜서울크루즈＞; 불꽃 오로라 크루즈 ＜서울크루즈＞"
"케이팝스테이지 K-POP STAGE",OK,"서울 마포구 와우산로21길 29 , 지하1층",37.5665,126.9018,2,"concert","삐꾸와 친구들; 코쿤쇼 : KOKOON SHOW"
"라이크디즈1601",OK,"서울특별시 중구 서소문로 116 , 유원빌딩 1601호",37.5637,126.9975,2,"exhibition","마이오운타임 × 아이스홍시 : MEOWMENT; 한페이지x파과 콜라보전 ＜틈새의 빛으로＞"
"레노부르크뮤지엄",OK,"경기 부천시 오정구 신흥로511번길 180",37.52473,126.79332,2,"exhibition","레노부르크뮤지엄 ＜GLEAM:E 빛나＞(부천); 레노부르크뮤지엄 ＜빛을 찾았,나＞(부천)"
"경기도 안성시",MISSING_ENTRY,"",,,2,"festival","안성 동막골 빙어축제; 안성맞춤 남사당 바우덕이축제"
"부산 동래구",MISSING_ENTRY,"",,,2,"festival","온천천 빛 축제; 동래읍성역사축제"
"경기도 양평군",MISSING_ENTRY,"",,,2,"festival","양평빙송어축제; WOW 다놀자! 양평페스타"
"전라남도 무안군",MISSING_ENTRY,"",,,2,"festival","무안 겨울 숭어축제; 무안 YD 페스티벌"
"강원특별자치도 태백시",MISSING_ENTRY,"",,,2,"festival","태백산 눈축제; 태백제"
"경상북도 영주시",MISSING_ENTRY,"",,,2,"festival","영주 한국선비문화축제; 경북영주 풍기인삼축제"
"부산 수영구",MISSING_ENTRY,"",,,2,"festival","카운트다운 부산; 옥토버페스타 인 광안리"
"울산 중구",MISSING_ENTRY,"",,,2,"festival","울산 성남동 눈꽃축제; 성남동 커피페스티벌"
"충청남도 논산시",MISSING_ENTRY,"",,,2,"festival","논산양촌곶감축제; 강경젓갈축제"
"부산 해운대구",MISSING_ENTRY,"",,,2,"festival","부산국제아동도서전; 해운대 빛축제"
"전북특별자치도 부안군",MISSING_ENTRY,"",,,2,"festival","부안 설(雪)숭어 축제; 부안붉은노을축제"
"서울 관악구",MISSING_ENTRY,"",,,2,"festival","관악별빛산책; 관악강감찬축제"
"전라남도 함평군",MISSING_ENTRY,"",,,2,"festival","함평 겨울빛축제; 대한민국 국향대전"
"전라남도 화순군",MISSING_ENTRY,"",,,2,"festival","미리미리 크리스마스; 화순 고인돌 가을꽃 축제"
"광주 동구",MISSING_ENTRY,"",,,2,"festival","동명커피산책; 광주 추억의 충장축제"
"전라남도 여수시",MISSING_ENTRY,"",,,2,"festival","여수밤바다 불꽃축제; 여수동동북축제"
"경상북도 구미시",MISSING_ENTRY,"",,,2,"festival","구미라면 축제; 구미산단 페스티벌"
"경상북도 울진군",MISSING_ENTRY,"",,,2,"festival","죽변항 수산물축제; 트리헌드레드 페스티벌 울진"
"경상남도 하동군",MISSING_ENTRY,"",,,2,"festival","하동별맛축제; 하동 북천 코스모스 메밀꽃 축제"
"경상남도 김해시",MISSING_ENTRY,"",,,2,"festival","김해분청도자기축제; 김해뮤직페스티벌 연어"
"서울 성북구",MISSING_ENTRY,"",,,2,"festival","성북 책모꼬지 북페스티벌; 성북거리문화축제 <다다페스타>"
"서울 강동구",MISSING_ENTRY,"",,,2,"festival","강동북페스티벌; 강동선사문화축제"
"부산 금정구",MISSING_ENTRY,"",,,2,"festival","글로컬 문화 in(人) 남산 페스티벌; 라라라 페스티벌"
"경기도 김포시",MISSING_ENTRY,"",,,2,"festival","김포 해병대 문화축제; 김포 라베니체축제"
"경기도 수원시",MISSING_ENTRY,"",,,2,"festival","리얼 트레저 페스티벌; 수원화성문화제"
"서울 동작구",MISSING_ENTRY,"",,,2,"festival","도심속 바다축제; 동작댄싱데이 페스티벌"
"부산 부산진구",MISSING_ENTRY,"",,,2,"festival","부산종합민속예술제; 전포커피축제"
"서울 광진구",MISSING_ENTRY,"",,,2,"festival","올댓댄스페스티벌; 서울라이트 한강 빛섬축제"
"경상남도 합천군",MISSING_ENTRY,"",,,2,"festival","대장경기록문화축제; 합천황토한우축제"
"서울 강북구",MISSING_ENTRY,"",,,2,"festival","백년시장 백년나이트 오컬트디스코; 강북청소년축제 강추"
"강원특별자치도 양양군",MISSING_ENTRY,"",,,2,"festival","양양연어축제; 양양송이축제"
"서울 구로구",MISSING_ENTRY,"",,,2,"festival","구로청소년축제; 구로G페스티벌"
"경기도 구리시",MISSING_ENTRY,"",,,2,"festival","구리 빛 축제; 구리 코스모스 축제"
"대전 유성구",MISSING_ENTRY,"",,,2,"festival","유성국화축제; 유성독서대전"
"경기도 평택시",MISSING_ENTRY,"",,,2,"festival","평택 원평나루 억새축제; 마토예술제"
"경상북도 경산시",MISSING_ENTRY,"",,,2,"festival","경산 대추축제 & 농산물 한마당; 경산 갓바위소원성취축제"
"강원특별자치도 영월군",MISSING_ENTRY,"",,,2,"festival","김삿갓 문화제; 단종문화제"
"경상북도 청도군",MISSING_ENTRY,"",,,2,"festival","청도반시축제; 청도세계코미디아트페스티벌"
"경상북도 봉화군",MISSING_ENTRY,"",,,2,"festival","봉화송이축제; 백두대간 봉자페스티벌"
"경상북도 경주시",MISSING_ENTRY,"",,,2,"festival","신라문화제; 경주국가유산야행"
"전북특별자치도 군산시",MISSING_ENTRY,"",,,2,"festival","군산시간여행축제; 군산짬뽕페스티벌"
"경상남도 진주시",MISSING_ENTRY,"",,,2,"festival","진주의 수호자들 - 유등빛을 지켜라; 진주남강유등축제"
"경기도 용인시",MISSING_ENTRY,"",,,2,"festival","대한민국 조아용 페스티벌; 용인청년페스티벌"
"모두투어 | 4박 6일",MISSING_ENTRY,"",,,2,"travel","[노쇼핑+호핑투어+시내라운지] 코타키나발루 그랜드인 슈페리어 4박6일; 코타키나발루 그랜드인 4박6일 (노쇼핑+호핑+반딧불+라운지)"
"국립중앙박물관 1층(내부)-검색대 통과하자마자 오른쪽에 보이는 에스컬레이터 앞
자세한 미팅장소는 투어전날 신청하신 연락처로 안내문자 드립니다.",INCOMPLETE_DATA (Coords),"국립중앙박물관 1층(내부)-검색대 통과하자마자 오른쪽에 보이는 에스컬레이터 앞
자세한 미팅장소는 투어전날 신청하신 연락처로 안내문자 드립니다.",,,2,"kids","[키즈] 만족도 최고! 유럽현지활동선생님의 국립중앙박물관 그리스로마전 어린이도슨트; [키즈] 인기최고 그리스로마전 2탄(심화편) 키즈도슨트 수업, 더 깊어진 두번째 이야기"
"대한민국역사박물관(서울 종로구 세종대로 198)",OK,"서울시 종로구 세종대로 198 ...",37.573,126.9794,2,"kids","[키즈][서울/종로] 초등 근현대사! 한국사 특강 끝났다면 대한민국역사박물관으로 모여라!; [겨울방학특가] 대한민국역사박물관 도슨트 수업으로 배우는 근현대사 흐름과 한국사 이야기"
"국립 대한민국임시정부 기념관",OK,"국립 대한민국임시정부 기념관",37.5760624,126.9543843,2,"kids","[키즈] [서울_대한민국 임시정부 기념관] 대한민국 역사의 시작; [겨울방학일정오픈][서울/서대문] 서울 대한민국임시정부기념관 투어 한국사 체험 학습"
"국립항공박물관",OK,"국립항공박물관",37.5568848,126.8092651,2,"kids","[키즈] [서울/강서] 비행기 좋아하는 친구들 모여라! 국립항공박물관; [키즈][겨울방학 얼리버드] 비행기에 관심 많은 예비초를 위한 국립항공박물관 도슨트"
"암사동 선사유적지 (서울 강동구 올림픽로 875)",OK,"서울특별시 강동구 올림픽로 875 ...",37.5301,127.1238,2,"kids","[라라클래스] 초등 전용! 암사동 보물찾기 역사탐험대 - 신석기인의 하루 체험하기; [라라클래스] 미취학 전용! 암사동 보물찾기 역사탐험대 - 신석기인의 하루 체험하기"
"대한민국역사박물관 1층 안내데스크 앞",OK,"대한민국역사박물관 1층 안내데스크 앞",37.5739553,126.9778057,2,"kids","[라라클래스] 미취학 전용! 대한민국 근현대사 보물찾기 역사탐험대 - 대한민국역사박물관; [라라클래스] 초등 저학년 전용! 대한민국 근현대사 보물찾기 역사탐험대 -대한민국역사박물관"
"서대문자연사박물관 매표소 앞",OK,"서대문자연사박물관 매표소 앞",37.5765532,126.9374913,2,"kids","[라라클래스] 서대문자연사박물관 초등 다윈 진화탐험대, 생물들의 진화한 모습을 조사하자!; [라라클래스] 서대문자연사박물관 미취학 공룡탐험대, 땅 속에 묻힌 공룡을 찾아라!"
"국립춘천박물관 안내데스크 앞",OK,"국립춘천박물관 안내데스크 앞",37.8637672,127.7539316,2,"kids","[라라클래스 X 강원관광재단] 구석기부터 조선까지! 초등 한국사탐험대! [국립춘천박물관]; [라라클래스 X 강원관광재단] 돌도끼부터 화승총까지! 미취학 한국사탐험대 [국립춘천박물관]"
"송파책박물관",OK,"송파책박물관",37.4988875,127.1044813,2,"kids","[라라클래스] 작가탐험대 미취학! 나만의 책을 만들다 보면, 책의 흥미에 쏙쏙 빠져들어요; [라라클래스] 작가탐험대 초등! 책속에 풍덩 빠져보고 나만의 글도 써보는 시간"
"수원화성박물관 중앙 로비",INCOMPLETE_DATA (Coords),"수원화성박물관 중앙 로비",,,2,"kids","[라라클래스] 초등 수원화성 역사탐험대 - 수원화성 보고 나만의 성 설계하기 (8-13세); [라라클래스] 미취학 수원화성 역사탐험대 - 수원화성 보고 나만의 성 설계하기 (6-8세)"
"덕수궁 대한문 매표소 앞",INCOMPLETE_DATA (Coords),"덕수궁 대한문 매표소 앞",,,2,"kids","[라라클래스] 덕수궁 ""Premium"" 미취학 역사탐험대! (6-8세); [라라클래스] 덕수궁 ""Premium"" 초등 역사탐험대! (8-13세)"
"서울 서초구 신반포로23길 41 (잠원동, 신반포2지구아파트) 잠원쇼핑센터 3층 314호",MISSING_ENTRY,"",,,2,"class","[서초] 두바이 쫀득쿠키 8개 완성 원데이클래스; [서초] 발렌타인을 위한 미니 두바이 쫀득쿠키 16개 원데이클래스"
"서울 송파구 백제고분로45길 8 (송파동) 지하1층 감정선프로젝트 미술공방",OK,"서울 송파구 백제고분로45길 8 (송파동) 지하1층 감정선프로젝트 미술공방",37.5145,127.1066,2,"class","[잠실] 쫀득 바삭~ 두바이 쫀득쿠키 만들기; [잠실] 키티 두쫀쿠 6개 만들기 원데이 클래스"
"경상남도 거창군 거창읍 거함대로 3372-60 ""사과전시관,천적생태과학관""",MISSING_ENTRY,"",,,2,"museum","거창사과테마파크 전시관; 천적생태과학관"
"서울특별시 용산구 서빙고로 137 국립중앙박물관",MISSING_ENTRY,"",,,2,"museum","국립중앙박물관 어린이박물관; 국립중앙박물관"
"서울특별시 영등포구 의사당대로 1 국회",MISSING_ENTRY,"",,,2,"museum","국회박물관 어린이박물관; 국회박물관"
"경상북도 경주시 일정로 186 국립경주박물관",MISSING_ENTRY,"",,,2,"museum","국립경주박물관 어린이박물관; 국립경주박물관"
"경기도 파주시 회동길 145 아시아출판문화정보센터",MISSING_ENTRY,"",,,2,"museum","활판인쇄박물관; 파주출판도시 출판산업체험센터"
"경기도 과천시 상하벌로 110 국립과천과학관",MISSING_ENTRY,"",,,2,"museum","국립과천과학관 곤충생태관; 스페이스아날로그"
"충청북도 청주시 상당구 대성로 150",MISSING_ENTRY,"",,,2,"museum","충북과학체험관; 충북수학체험센터"
"경상북도 경주시 첨성로 97 경상북도교육청 발명체험교육관",MISSING_ENTRY,"",,,2,"museum","경상북도교육청 발명체험교육관 도전혜윰관; 경상북도교육청 발명체험교육관 미래키움관"
"광화문광장",MISSING_ENTRY,"",,,2,"unknown","2025 서울라이트 광화문; 2025 서울윈터페스타"
"국립현대미술관 서울",MISSING_ENTRY,"",,,2,"exhibition","[국립현대미술관] 이중시선; [국립현대미술관] MMCA 다원예술 2025: 숲"
"은평역사한옥박물관",MISSING_ENTRY,"",,,2,"exhibition","[은평역사한옥박물관] 북한산의 작은 이웃, 새와 만나요; [은평역사한옥박물관] 안녕, 금성당"
"세종뮤지엄갤러리",MISSING_ENTRY,"",,,2,"unknown","[세종뮤지엄갤러리] New Symphony-김순남 기획초대전; [세종뮤지엄갤러리] 사유의 시점 - 조현애 기획초대전"
"서울백제어린이박물관",MISSING_ENTRY,"",,,2,"exhibition","[서울백제어린이박물관] 초등 1-2학년 어린이 대상 겨울방학 교육 [조물조물~ 백제 공방]; [서울백제어린이박물관] 초등 3학년 어린이 대상 겨울방학 교육 [조물조물~ 백제 공방]"
"싱글벙글교육센터",MISSING_ENTRY,"",,,2,"exhibition|class","[관악문화재단] 2025 우주관문스쿨 도시-건축 콘텐츠 기획자 양성 과정 결과보고 전시; [관악문화재단] 2026 싱글벙글교육센터 1분기 평생학습 교육프로그램"
"서울우리소리박물관",MISSING_ENTRY,"",,,2,"exhibition","[서울우리소리박물관] 2026 겨울방학 교실 [우리소리 사물놀이패]; [서울우리소리박물관] 2025 서울우리소리박물관 기획전 [한강, 소리로 흐르다]"
"구립증산도서관",MISSING_ENTRY,"",,,2,"unknown|exhibition","[구립증산도서관] 파쳄작은도서관과 함께하는 [2026 책이랑 놀자, 이렇게!] 1월; [구립증산도서관] 책 따라 걷는 도서관 - 1월 온라인 원화 전시 [오토의 털 스웨터]"
"김근태기념도서관",MISSING_ENTRY,"",,,2,"exhibition|unknown","도봉 마을아카이브 연계 민주주의 · 인권 기획전 《기억×기록》전시연계워크숍 [정말 멋진 세상이에요]; [김근태기념도서관] 도봉 마을아카이브 연계 민주주의·인권 기획전 [기억×기록]"
"서울무형유산교육전시장",MISSING_ENTRY,"",,,2,"exhibition","[서울무형유산교육전시장] 2026년 겨울방학 초등학생 특별체험; [서울무형유산교육전시장] 2026년 1차 일반교육(12주, 18주) 모집안내"
"서울아트책보고",MISSING_ENTRY,"",,,2,"unknown","[서울아트책보고] 그림에 빠져 이야기를 찾다: 미로에서 만난 웹툰과 일러스트; [서울아트책보고] 독서모임 공간지원 프로그램"
"북서울꿈의숲아트센터",MISSING_ENTRY,"",,,2,"unknown","[꿈의숲아트센터] 이룸 오케스트라 제8회 연주회; 첼리스트 신호철이 해설하는 [앙상블 플레이리스트 ep.5]"
"금나래아트홀",MISSING_ENTRY,"",,,2,"unknown","[금천문화재단] 2026 금나래아트홀 제작공연 복합극 [환어]; [금천문화재단] 2026 금나래아트홀 ACC 공동기획 공연 [토끼전]"
"청계천박물관",MISSING_ENTRY,"",,,2,"exhibition","[청계천박물관] 2026년 주말가족교육 [타임머신 타고 떠나는 청계천 이야기]; [청계천박물관] 청계천사람들: 삶과 기억의 만남"
"한양도성박물관",MISSING_ENTRY,"",,,2,"exhibition","[한양도성박물관] 겨울방학 교육 모집; [한양도성박물관] 한양도성 훼철, 한양의 경계를 허물다"
"강서아트리움",MISSING_ENTRY,"",,,2,"unknown","[강서문화원] 강서의 봄 - 고성현의 시간에 기대어; [강서문화원] Color; Melodies of Life"
"광림아트센터 장천홀",MISSING_ENTRY,"",,,2,"concert","[강남문화재단] 제180회 강남마티네콘서트│피아니스트 김정원과 함께하는 아침의 음악정원 Ⅱ; [강남문화재단] 2026년 설맞이 감사콘서트"
"무계원",MISSING_ENTRY,"",,,2,"exhibition","[종로문화재단] 2026 무계원 [아주 보통의 하루] 전시 연계 공예체험; [종로문화재단] 2025 무계원 협력전시 [아주 보통의 하루]"
"금나래갤러리",MISSING_ENTRY,"",,,2,"exhibition","[금천문화재단] 기획전시 《지구의 다른 거주자들 Things Beyond Beings》 전시 연계 프로그램 안내; [금천문화재단] 금나래갤러리 기획전시 [지구의 (다른) 거주자들]"
"서울남산국악당",MISSING_ENTRY,"",,,2,"unknown","[서울남산국악당] 엄마아빠 행복 프로젝트 [우리가족 국악캠프]; [서울남산국악당] 국무 이용녀 만신 새해대운맞이 [진접굿]"
"광진어린이공연장",MISSING_ENTRY,"",,,2,"unknown|musical","[광진문화재단] 키크클럽; [광진문화재단] 전래동화 뮤지컬 음악회"
"국립민속박물관",MISSING_ENTRY,"",,,2,"exhibition","[국립민속박물관] 출산, 모두의 잔치; [국립민속박물관] 온라인 특별전 [막걸리, 거친 일상의 벗]"
"도봉구민회관 하모니홀",OK,"서울 도봉구 창동 303",37.6541887798308,127.038484507498,1,"musical","〈가족뮤지컬 만원의행복〉 장화신은고양이"
"예술의전당 오페라극장",OK,"서울 서초구 서초동 산 134-1",37.4793614002782,127.013806705374,1,"musical","〈센과 치히로의 행방불명〉오리지널 투어 (SPIRITED AWAY)"
"매키탄 호텔 (The McKithan Hotel)",OK,"서울 중구 필동2가 19-1",37.5610830906596,126.995355015521,1,"musical","〈슬립노모어 서울〉 (Sleep No More Seoul)"
"예스24아트원 1관",OK,"서울특별시 종로구 대학로 12길 83",37.574331,127.0016049,1,"musical","2025 뮤지컬 〈미드나잇:액터뮤지션〉 - 비지정석"
"이화여자대학교 ECC 영산극장",OK,"서울특별시 서대문구 이화여대길 52",37.5643371,126.9468925,1,"musical","가족뮤지컬 〈건전지 아빠〉 - 앵콜"
"티켓링크 1975 씨어터 (구 어린이회관 문화관)",OK,"서울 광진구 능동 18-11",37.546974854863365,127.07657573739962,1,"musical","가족뮤지컬 〈넘버블록스〉 - 앵콜"
"국립중앙박물관 극장 용",OK,"서울 용산구 서빙고로 137",37.5243097105777,126.978949457103,1,"musical","가족뮤지컬 〈알파블록스〉"
"광림아트센터 BBCH홀",OK,"서울 강남구 신사동 568-15",37.5240421373158,127.025498578086,1,"musical","가족뮤지컬 〈정승제의 수학대모험 : 수포자의 비밀〉 - 서울"
"강동구민회관 대강당",OK,"서울 강동구 천호동 41",37.5457179498377,127.141104271601,1,"musical","가족뮤지컬 아기돼지 삼형제 - 서울 강동"
"강동아트센터 소극장 드림 일대",OK,"서울 강동구 동남로 870 강동",37.5301,127.1238,1,"musical","극장의 도로시"
"명동난타극장",OK,"명동난타극장, 명동길, 명동1가, 명동, 중구, 서울특별시, 04537, 대한민국",37.5635792,126.9836608,1,"musical","난타(NANTA) - 명동공연"
"NOL 유니플렉스 3관",OK,"서울 종로구 동숭동 1-99",37.5812041552463,127.003523167887,1,"musical","대학로 세비야의 이발사"
"엠스테이지 1관",OK,"서울특별시 종로구 인사동길 34-1",37.5735445,126.9855646,1,"musical","런던레코드"
"블루스퀘어 신한카드홀",OK,"서울 용산구 한남동 727-56",37.54070618075781,127.00231959701894,1,"musical","뮤지컬 〈물랑루즈!〉 (Moulin Rouge! The Musical)"
"베리컴퍼니",OK,"경기도 고양특례시 일산동구 위시티3로 52",37.6766746,126.8143075,1,"musical","뮤지컬 〈비포어던〉 리딩 쇼케이스"
"블루스퀘어 우리은행홀",INCOMPLETE_DATA (Both),"정보 없음",,,1,"musical","뮤지컬 〈빌리 엘리어트〉 ‘2026 시즌 빌리지 입주민’ 모집"
"NOL 유니플렉스 2관",OK,"서울 종로구 동숭동 1-99",37.581186135237,127.00352769553,1,"musical","뮤지컬 〈빨래〉"
"JTN 아트홀 1관",OK,"서울 종로구 이화동 139",37.5766306962676,127.00393954831,1,"musical","뮤지컬 〈써니텐〉 - JTN 아트홀 1관"
"대학로 자유극장",OK,"서울 종로구 동숭동 1-45",37.5827430495515,127.003613812139,1,"musical","뮤지컬 〈앤ANNE〉 10th Anniversary"
"NOL 씨어터 대학로 우리카드홀",OK,"서울 종로구 동숭길 100",37.5826,127.0028,1,"musical","뮤지컬 〈은밀하게 위대하게:THE LAST〉 - 10주년 기념"
"극장 온",OK,"Esplanade Theatres on the Bay, 8, Raffles Avenue, Marina Centre, Downtown Core, Central Region, Singapore, 039802, Singapore",1.2896438,103.8559542,1,"musical","뮤지컬 〈제임스 바이런 딘〉"
"샤롯데씨어터",OK,"서울 송파구 잠실동 40-1",37.51064272274346,127.09971395114385,1,"musical","뮤지컬 〈킹키부츠〉"
"링크아트센터 페이코홀",OK,"서울 종로구 혜화동 163-24",37.5846892281094,127.002296053199,1,"musical","뮤지컬 〈타오르는 어둠 속에서〉"
"올림픽공원 뮤즈라이브홀",OK,"서울 송파구 방이동 88",37.514382560555404,127.12715971878471,1,"musical","뮤지컬 〈폭풍우 치는 밤에〉"
"링크아트센터드림 드림2관",OK,"서울 종로구 동숭길 123 링크아트센터드림",37.573,126.9794,1,"musical","뮤지컬 〈A여고 사서의 영광과 비극〉"
"소극장 공유",OK,"서울 종로구 혜화동 37-1",37.5876012160981,127.003206447715,1,"musical","뮤지컬 〈MIND MAP〉"
"경복궁아트홀",OK,"서울 종로구 자하문로 82",37.5833521439842,126.970699806044,1,"musical","뮤지컬 내 친구 유관순"
"디큐브 링크아트센터",OK,"서울 구로구 신도림동 692",37.5091267288182,126.889588489589,1,"musical","뮤지컬 데스노트(The Musical Death Note)"
"북촌나래홀",OK,"서울 종로구 원서동 174",37.5788394333206,126.988434593589,1,"musical","뮤지컬 스크루테이프의 편지"
"Converse Stage Arena “여명”",OK,"서울특별시 동작구 현충로 213(동작동)",37.5124,126.9393,1,"musical","뮤지컬 여명의 눈동자"
"허리우드극장 4층 낭만극장",OK,"서울 종로구 삼일대로 428 허리우드극장",37.573,126.9794,1,"musical","뮤지컬 화장하는여자(엄마는 디스코왕)"
"올림픽공원 우리금융아트홀",OK,"서울 송파구 방이동 88-2",37.516745478832,127.125014546617,1,"musical","송승환의 가족뮤지컬 〈호두까기인형〉"
"와일드 와일드 전용관 (명보아트홀)",INCOMPLETE_DATA (Both),"정보 없음",,,1,"musical","쇼뮤지컬 ［와일드 와일드］"
"서울숲씨어터 1관",OK,"서울 성동구 성수동1가 685-696",37.5456773288432,127.042914261633,1,"musical","쇼뮤지컬 〈더 맨 얼라이브 : 초이스〉"
"강동아트센터 대극장 한강",OK,"서울 강동구 상일동 477",37.5513053959305,127.157225258193,1,"musical","쇼뮤지컬 〈프린세스 캐치! 티니핑〉"
"터치파이브 전용관",OK,"서울 마포구 서교동 361-18",37.5512808384722,126.923597529606,1,"musical","쇼뮤지컬 터치 파이브 〈TOUCH FIVE〉"
"대학로 서연아트홀",OK,"서울 종로구 명륜2가 21-10",37.5839107908654,127.000579668144,1,"musical","어린이 참여 소통 뮤지컬 피노키오야 노올자~!"
"대학로 라온씨어터",OK,"서울 종로구 동숭동 1-113",37.5816321468766,127.002788435791,1,"musical","어린이참여뮤지컬 아기돼지삼형제 (늑대숲 또옹돼지 원정대)"
"엠스테이지 2관",OK,"서울 종로구 인사동길 34-1 지하2층 엠스테이지",37.573,126.9794,1,"musical","언제는 행복하지 않은 순간이 있었나요"
"JTN 아트홀 2관",OK,"서울 종로구 이화동 139",37.5766451124799,127.003930492635,1,"musical","인사이드 미"
"구로꿈나무극장",INCOMPLETE_DATA (Both),"정보 없음",,,1,"musical","제우스의 고장난번개"
"명보아트홀 지하3층 점프 전용극장",OK,"서울 중구 마른내로 47 명보극장",37.5637,126.9975,1,"musical","코믹 마샬아츠 퍼포먼스 〈점프 JUMP〉"
"서대문 전용관(NH아트홀)",OK,"서울 중구 충정로1가 85",37.56578553521637,126.96757701216109,1,"musical","페인터즈 - 서대문 전용관"
"서교스퀘어",INCOMPLETE_DATA (Both),"정보 없음",,,1,"musical","THE GREATEST SHOW KINDER 2026"
"라이브홀 문래재즈IN",INCOMPLETE_DATA (Both),"정보 없음",,,1,"concert","［문래재즈IN#발렌타인특집］ 윤성희 트리오 ＆ 현용선 Concert."
"김대중컨벤션센터 A,B홀",INCOMPLETE_DATA (Both),"정보 없음",,,1,"concert","2025-26 임재범 40주년 콘서트 ＂나는 임재범이다＂ - 광주"
"블루스퀘어 우리WON뱅킹홀",INCOMPLETE_DATA (Both),"정보 없음",,,1,"concert","2026 ［황가람 콘서트 : 나는］  - 서울공연"
"연세대학교 대강당",OK,"강원특별자치도 원주시 흥업면 한라대길 28",37.3036733740458,127.907799823966,1,"concert","2026 김창완밴드 전국투어 시즌4 〈하루〉 - 서울"
"올림픽공원 KSPO DOME",OK,"서울 송파구 방이동 88",37.519261232854504,127.12739989041407,1,"concert","2026 다비치 콘서트 〈TIME CAPSULE : 시간을 잇다〉"
"세종대학교 대양홀",OK,"서울 광진구 능동로 209",37.5486727561126,127.074511116303,1,"concert","2026 환희 콘서트 ［Two Be Continued］ in 서울"
"성신여자대학교 운정그린캠퍼스 대강당",OK,"서울 강북구 미아동 147",37.6319520108856,127.027270994333,1,"concert","2026 SAY MY NAME Asia Tour Fan Concert ＂ATTI GIRL＂ in SEOUL"
"Zepp Namba",INCOMPLETE_DATA (Both),"정보 없음",,,1,"concert","82MAJOR CONCERT 〈BEBEOM : BE THE TIGER〉 in JAPAN OSAKA"
"Zepp Haneda",INCOMPLETE_DATA (Both),"정보 없음",,,1,"concert","82MAJOR CONCERT 〈BEBEOM : BE THE TIGER〉 in JAPAN TOKYO"
"강서아트리움 아리홀",INCOMPLETE_DATA (Both),"정보 없음",,,1,"concert","강서의 봄 - 고성현의 시간에 기대어"
"그루브뮤직스튜디오",OK,"서울 중랑구 동일로 711",37.5940153964678,127.079918956118,1,"concert","그루브스튜디오 잼세션(Groove Studio Jam Session)"
"예림당아트홀",OK,"예림당아트홀.신한은행전산센터, 역삼로, 역삼동, 역삼2동, 강남구, 서울특별시, 06227, 대한민국",37.498086,127.0441265,1,"concert","마사야(Masaya) 1st 한국 팬미팅 〈Never Ending〉 Story"
"KT＆G 상상마당 홍대 라이브홀",INCOMPLETE_DATA (Both),"정보 없음",,,1,"concert","민트페스타 vol.81"
"베짱이홀",OK,"서울 마포구 상수동 313-3",37.5484791788445,126.921528378505,1,"concert","박강수 서울정기공연"
"명화 라이브홀 5층 라운지",OK,"서울 영등포구 버드나루로 30",37.5264,126.8962,1,"concert","앰블 내한공연"
"송해아트홀",OK,"서울특별시 구로구 경인로 611-17",37.4887986,126.8238616,1,"concert","人生 묻지 마세요  김성환 콘서트"
"SA HALL",INCOMPLETE_DATA (Both),"정보 없음",,,1,"concert","홍경민 매달리스트 콘서트 - 2월의 매달리스트 콘서트"
"마포아트센터 아트홀 맥",INCOMPLETE_DATA (Both),"정보 없음",,,1,"concert","히로미즈 소닉원더 (Hiromi’s Sonicwonder) 라이브 in 서울 2026"
"웨스트브릿지 라이브홀",OK,"서울 마포구 서교동 338-10",37.5536502874205,126.926153898396,1,"concert","GLADIUS"
"안산(무악산)",INCOMPLETE_DATA (Both),"정보 없음",,,1,"concert","MPMG WEEK 2026 : 산악 출정식"
"현대카드 언더스테이지",OK,"서울특별시 용산구 이태원로 246",37.5354583,126.9979045,1,"concert","snailrecordings presents rita p ＆ wack"
"홍대 BENDER",INCOMPLETE_DATA (Both),"정보 없음",,,1,"concert","STILL ROLLING Vol.2"
"언더시티",OK,"서울 성동구 성수동2가 19-7",37.5431486395019,127.063907544925,1,"concert","UNDERCITY presents Ben Klock 성수동 언더시티 벤 클락 내한공연"
"대학로 해피씨어터",OK,"서울 종로구 동숭동 1-60",37.5818925389481,127.00257220795,1,"play","［서울 대학로］연극 라면"
"창조소극장",INCOMPLETE_DATA (Both),"정보 없음",,,1,"play","감성로코 연극〈사실은〉: 만약에,우리"
"제이원씨어터",INCOMPLETE_DATA (Both),"정보 없음",,,1,"play","공상가 김씨 이야기"
"아르코예술극장 소극장",OK,"서울 종로구 동숭동 1-111",37.5812149819099,127.002988806095,1,"play","극단 문지방 〈언니들을 찾아서〉"
"극단 빈 - 공간",OK,"서울 강남구 삼성로115길 38",37.5141479852964,127.049078846604,1,"play","김성연의 월간마임 This is the Mime vol.4"
"뜻밖의극장",OK,"서울 성북구 동선동1가 89",37.5925012614127,127.018157474027,1,"play","나무 앞에서 고도를"
"대학로 제나아트홀",OK,"서울 종로구 동숭동 1-113",37.5816114235726,127.00280768122,1,"play","대학로 혜화 연극 사내연애 보고서"
"서울 강남 일대",INCOMPLETE_DATA (Both),"정보 없음",,,1,"play","리미니 프로토콜 〈리모트 서울〉"
"더더더",OK,"서울 중구 광희동1가 39",37.5660431001951,127.003978606954,1,"play","맥주 한잔 하실래요？"
"대학로 아트포레스트 2관",OK,"서울 종로구 동숭동 1-66",37.5824943902625,127.003088485817,1,"play","배꼽 쏟고 눈물 잡는 연극 ［보물찾기］"
"대학로 한성아트홀 1관",INCOMPLETE_DATA (Both),"정보 없음",,,1,"play","복싱연극 〈터치〉"
"지인시어터(구.알과핵소극장)",OK,"서울 종로구 동숭동 1-131",37.5799202395183,127.003508390036,1,"play","블랙코미디 최강자! 연극 〈죽여주는 이야기〉"
"스튜디오D",OK,"서울 성북구 석관동 상세주소 열기 길 ...",37.60789,127.06116,1,"play","빨간풍차"
"온맘씨어터",INCOMPLETE_DATA (Both),"정보 없음",,,1,"play","소중한하루"
"나인씨어터",OK,"서울특별시 종로구 대학로8가길 30",37.5826203,127.0033898,1,"play","수상한 PT샵: The Hot Edition"
"대학로 지즐소극장",OK,"서울 종로구 명륜2가 8-16",37.5847361016711,126.999687519191,1,"play","스릴러연극 〈기억의숲〉 - 대학로 지즐소극장"
"홍대 씨어터 윤",OK,"서울 마포구 서교동 337-3",37.554443391554,126.929471313499,1,"play","스릴러연극〈흉터〉 - 홍대 씨어터 윤"
"삼일로창고극장",INCOMPLETE_DATA (Both),"정보 없음",,,1,"play","아는사람들 세번째 프로젝트 〈낭독극〉"
"대학로 바탕골 소극장",OK,"서울 종로구 동숭동 1-60",37.5818925389481,127.00257220795,1,"play","연극 〈2호선세입자〉 : 지하철 생존 코미디"
"대학로 TOM(티오엠) 2관",OK,"서울 종로구 동숭동 1-80",37.5822745319552,127.0036454894,1,"play","연극 〈고요한, 미행〉"
"한성아트홀 2관",OK,"서울 종로구 명륜2가 41-4",37.5836981578662,127.000022643222,1,"play","연극 〈내가 하면 로맨스〉"
"대학로 스튜디오 블루",OK,"서울 종로구 동숭동 1-73",37.5824583458942,127.003260569965,1,"play","연극 〈배타적 창작의 영역〉"
"홍익대 대학로 아트센터 소극장",OK,"서울 종로구 연건동 128-8",37.5764145151565,127.001390158431,1,"play","연극 〈벙커 트릴로지〉"
"NOL 씨어터 대학로 우리투자증권홀(구. 중극장)",OK,"서울특별시 종로구 동숭길 100",37.573,126.9794,1,"play","연극 〈비밀통로 : INTERVAL〉"
"두산아트센터 연강홀",INCOMPLETE_DATA (Both),"정보 없음",,,1,"play","연극 〈빵야〉"
"국립정동극장",OK,"서울 중구 정동 8-11",37.5658589281598,126.972775755916,1,"play","연극 〈살아있는 자를 수선하기〉"
"콘텐츠박스(KONTENTZ BOX)",OK,"서울 종로구 동숭동 1-145",37.5806959747884,127.00413901486,1,"play","연극 〈쉬어매드니스〉 - 오늘의 목격자는 바로 당신, 당신이 완성할 결말!"
"예그린씨어터",OK,"서울 종로구 동숭동 1-8",37.5838855252471,127.003043256729,1,"play","연극 〈에쿠우스 ’EQUUS’〉: 한국 초연 50주년 기념공연"
"예스24스테이지 3관",OK,"서울 종로구 동숭동 1-52",37.5827268419485,127.00326058167471,1,"play","연극 〈엘리펀트 송〉"
"대학로 틴틴홀",OK,"서울 종로구 동숭동 1-97",37.5816005915118,127.00355488619,1,"play","연극 〈옥탑방고양이〉 - 더 라스트 시즌"
"씨어터조이",OK,"서울 종로구 동숭동 상세주소 열기 길 ...",37.58096,127.0051932,1,"play","연극 〈팸의 아이들〉"
"동숭무대소극장",INCOMPLETE_DATA (Both),"정보 없음",,,1,"play","연극 〈BE HAPPY〉"
"대학로 공간아울",OK,"서울 종로구 동숭동 1-27",37.581879029762234,127.00229483475937,1,"play","연극 결혼전야"
"대학로 올래홀",OK,"서울 종로구 동숭동 1-97",37.5816005916481,127.003550357673,1,"play","연극 아모르파티"
"대학로 아트포레스트 1관",OK,"서울 종로구 동숭동 1-66",37.5824943902625,127.003088485817,1,"play","연극〈늘근도둑이야기〉"
"봄날아트홀",OK,"서울 종로구 동숭동 1-153",37.579996799713,127.004247658243,1,"play","연극〈크리미널 시즌4〉"
"맛있는극장",OK,"서울 종로구 혜화동 109-4",37.5861993123491,127.000760837731,1,"play","요리하는 마술사 - 서울 대학로점"
"브이씨어터",OK,"서울 종로구 혜화동 74-6",37.5871705849656,127.000181154195,1,"play","제우스의고장난번개"
"대학로 오마이갓 전용관",OK,"서울 종로구 동숭동 128-5",37.5813050407232,127.004302074561,1,"play","좀비연극 오마이갓"
"업스테이지(UP STAGE)",OK,"경기 용인시 수지구 상현동 1220",37.30065715309666,127.07116288302747,1,"play","죽어야 사는 남자"
"씨어터 쿰",OK,"서울 종로구 명륜2가 8",37.58442075361745,126.9995516598612,1,"play","취리히 여행"
"대학로 봄날아트홀 2관",OK,"서울 종로구 동숭길 39 지하 1층, 2층 봄날아트홀",37.573,126.9794,1,"play","크리미널 시즌5"
"세종문화회관 S씨어터",OK,"서울 종로구 세종대로 175",37.5727754952377,126.97515948536,1,"play","튜링머신"
"플랫폼74",OK,"서울 종로구 동숭길 74",37.5815320911279,127.004302087626,1,"play","하녀들"
"나루아트센터 소공연장",OK,"서울특별시 광진구 능동로 76-0",37.5524181,127.0770253,1,"play","행복"
"대학로 드림시어터",OK,"서울 종로구 동숭동 1-63",37.5823502373355,127.002848466031,1,"play","휴먼코메디"
"더줌아트센터",INCOMPLETE_DATA (Both),"정보 없음",,,1,"play","ZOOM IN: 체홉"
"라움아트센터",OK,"스포월드.라움아트센터, 언주로, 압구정동, 역삼1동, 강남구, 서울특별시, 06061, 대한민국",37.5079882,127.0388431,1,"classic","2026 라움 마티네 콘서트 (연간권)"
"대학로예술극장 대극장",OK,"서울 종로구 동숭동 1-67",37.5820078501166,127.003224321981,1,"classic","낭창낭창"
"삼익아트홀",OK,"서울 강남구 논현동 58-3",37.51398780378087,127.0295332097756,1,"classic","삼익 자일러 아티스트 시리즈"
"흰물결아트센터 화이트홀",INCOMPLETE_DATA (Both),"정보 없음",,,1,"classic","서울솔로이스츠하모니카오케스트라"
"JCC아트센터 콘서트홀",OK,"서울 종로구 창경궁로35길 29",37.573,126.9794,1,"classic","소프라노 이은혜 독창회"
"신영체임버홀",INCOMPLETE_DATA (Both),"정보 없음",,,1,"classic","信 Young Artist X K＇ARTS Audition 수상자 리사이틀 : 테너 박준형"
"롤링홀 Rollinghall",OK,"서울 마포구 어울마당로 35",37.5665,126.9018,1,"classic","제4회 고3형민노예해방쇼"
"구로아트밸리 예술극장",OK,"구로아트밸리 예술극장, 가마산로23길, 구로5동, 구로구, 서울특별시, 08284, 대한민국",37.496559,126.888832,1,"classic","지브리와 사랑에 빠지다 : 지브리 영화음악 콘서트 2026 - 구로"
"아르코예술극장 대극장",OK,"서울 종로구 대학로8길 7",37.5811808,127.0029113,1,"classic","창작오페라 찬드라"
"반포심산아트홀",OK,"서울 서초구 반포동 114-3",37.4990831670841,126.991608852695,1,"classic","최현아 피아노 독주회 〈Portrait"
"페리지홀",OK,"서울 서초구 서초동 1451-51",37.4822375415116,127.01273539882,1,"classic","홍은경 피아노 렉처 리사이틀 - 퇴임 기념 독주회"
"로데아트센터 콘서트홀",OK,"서울 서초구 서초동 1485-11",37.48312256754484,127.01032275948045,1,"classic","Rode Rising Star Series #2"
"오유아트홀",OK,"서울 강남구 남부순환로378길 34-9",37.4837356132787,127.046374781024,1,"classic","Romantic Midnight Sounds"
"광주시문화예술의전당 남한산성홀",INCOMPLETE_DATA (Both),"정보 없음",,,1,"musical","［경기광주］ 가족뮤지컬 〈로보카폴리 - 브룸스타운의 에너지를 지켜라!〉"
"남동소래아트홀 대공연장",OK,"인천 남동구 논현동 767-4",37.3874335791849,126.724677937094,1,"musical","［인천］ 뮤지컬 한글용사 아이야 새로운 이야기 〈달라도 친구야!〉"
"평택북부문화예술회관 소공연장",OK,"경기 평택시 경기대로 1366 북부문화예술회관",36.9745464,127.1161001,1,"musical","［평택］ 싱어롱 콘서트 뮤지컬 ‘Live Show’ 〈무지개 물고기〉"
"한국항공대학교 투데이아트홀",OK,"경기 고양시 덕양구 항공대학로 76",37.6003073,126.8653933,1,"musical","［항공우주박물관］ 뮤지컬〈수도SONG 세계여행〉 - 고양"
"용인시문화예술원 마루홀",INCOMPLETE_DATA (Address),"정보 없음",37.241,127.1775,1,"musical","2026 라이브 가족뮤지컬 〈백설공주〉 - 용인"
"수원청소년문화센터 온누리아트홀",OK,"경기 수원시 팔달구 권광로 293",37.273926880943,127.035209748826,1,"musical","2026 라이브 가족뮤지컬 〈알라딘〉 - 수원"
"인천서구문화회관 소공연장",OK,"인천 서구 서달로 190",37.5159492997357,126.680006344561,1,"musical","2026 베스트셀러 뮤지컬 〈사과가 쿵!〉 - 인천"
"부평아트센터 달누리 극장",INCOMPLETE_DATA (Both),"정보 없음",,,1,"musical","2026 앤서니브라운 가족뮤지컬 〈우리아빠가최고야〉 - 인천"
"부천시민회관 소공연장",OK,"경기 부천시 원미구 중동로 100 아이파크상가 108호 1호선 중동",37.5034,126.766,1,"musical","2026 전세계밀리언셀러 어린이뮤지컬 〈사과가 쿵〉 - 부천"
"한국잡월드 나래울극장",OK,"경기 성남시 분당구 정자동 4-6",37.3784834384883,127.106286030845,1,"musical","가족뮤지컬 〈마인블록월드 : 우리가 만드는 세상〉 - 성남"
"부평아트센터 해누리 극장",OK,"인천 부평구 십정동 186-22",37.482087206347856,126.7046841754447,1,"musical","가족뮤지컬 〈에그박사 - 해적 보물섬의 비밀〉 - 인천"
"포천반월아트홀 소극장",OK,"경기 포천시 군내면 하성북리 610",37.8961646333747,127.212342028263,1,"musical","겨울이야기 - 포천"
"세종국악당",OK,"경기 여주시 영릉로 125",37.2974441938121,127.624675887028,1,"musical","뮤지컬 〈슈퍼거북 슈퍼토끼〉 - 여주"
"화성아트홀",OK,"경기 화성시 병점동 734",37.2029358396979,127.033225735988,1,"musical","뮤지컬 〈푸른 사자 와니니〉 - 화성"
"인천서구문화회관 대공연장",OK,"인천 서구 가정동 430-21",37.5159779965578,126.679956452191,1,"musical","바다탐험대 옥토넛 시즌4 : 숨겨진 보물을 찾아라! - 인천"
"파주 운정행복센터",INCOMPLETE_DATA (Both),"정보 없음",,,1,"musical","어린이 뮤지컬 〈누가 내 머리에 똥 쌌어？〉 - 파주"
"여주시여성회관",OK,"경기 여주시 천송동 561-5",37.3007389412512,127.651305481858,1,"musical","이벤트가격 13,000원 “어린이 서커스쇼”"
"남양주 어린이비전센터",OK,"남양주 어린이비전센터, 해밀예당2로, 진접읍, 남양주시, 12057, 대한민국",37.7174744,127.1963875,1,"musical","전세계 베스트셀러 어린이뮤지컬 〈어린왕자〉 - 남양주"
"성남소극장",OK,"경기 성남시 수정구 태평동 7338",37.444323395214894,127.14246068398562,1,"musical","조이의 마법도서관 - 성남"
"한국소리터 지영희홀",OK,"경기 평택시 현덕면 평택호길 147",36.9214153092186,126.920797456952,1,"musical","판타스틱 마술쇼 - 평택"
"계양문화회관 대공연장",OK,"인천 서구 가정동 430-21",37.5159779965578,126.679956452191,1,"musical","EBS최고다 호기심딱지 시즌3 - 인천"
"돔(DOME)676",OK,"경기도 하남시 미사대로 676 ...",37.578052,127.1766508,1,"concert","＂오늘도 괜찮아＂ 토크 콘서트"
"인천남동체육관",OK,"인천 남동구 수산동 602",37.4346425602455,126.733811034142,1,"concert","2025-26 엠씨더맥스 이수 콘서트 ‘겨울나기’ - 인천"
"킨텍스 제1전시장 2홀",OK,"경기 고양시 일산서구 대화동 2307",37.6694773193624,126.74656243079,1,"concert","2025-26 엠씨더맥스 이수 콘서트 ‘겨울나기’ - 일산"
"일산 킨텍스 제2전시장 10A홀",OK,"경기 고양시 일산서구 대화동 2700",37.6647267128123,126.741283396117,1,"concert","2025-26 임재범 40주년 콘서트 ＂나는 임재범이다＂ - 고양"
"수원컨벤션센터",INCOMPLETE_DATA (Both),"정보 없음",,,1,"concert","2025-26 임재범 40주년 콘서트 ＂나는 임재범이다＂ - 수원"
"안산대학교 강석봉기념관",INCOMPLETE_DATA (Both),"정보 없음",,,1,"concert","2026 박혜신 라이브 투어 콘서트 - 안산"
"포천반월아트홀 대극장",INCOMPLETE_DATA (Both),"정보 없음",,,1,"concert","2026 변진섭 전국투어 콘서트 변천사 시즌2.5 : 시간여행 - 포천"
"킨텍스 제 1전시장 1홀",OK,"경기 고양시 일산서구 킨텍스로 217-60",37.670005424922365,126.74662410909093,1,"concert","2026 정동원 팬 콘서트 ‘오늘을 건너 내일 다시 만나는 길’"
"일산 킨텍스(KINTEX)",OK,"경기 고양시 일산동구 장항동 1753",37.66385517772114,126.74907383778935,1,"concert","2026 FIRST MUSIC STATION - 고양"
"킨텍스 제2전시장 9홀",OK,"경기도 고양시 일산서구 킨텍스로 217-59",37.6791213,126.7578708,1,"concert","센트럴 씨 첫 단독 내한공연"
"경희대학교 국제캠퍼스(수원) 선승관",OK,"경기도 용인시 기흥구 덕영대로 1732 ...",37.2424001,127.0813337,1,"concert","싱어게인4 전국투어 콘서트 - 수원"
"송도컨벤시아 4홀",OK,"인천 연수구 센트럴로 123 송도컨벤시아",37.4102,126.6782,1,"concert","싱어게인4 전국투어 콘서트 - 인천"
"인스파이어 컬쳐홀",OK,"경기 화성시 영천동 823-6",37.2108612117059,127.089438119912,1,"concert","임용훈 ＆ Sambistas - 화성"
"파라다이스시티",OK,"인천광역시 중구 영종해안남로 321길 186",37.4295581,126.4569418,1,"concert","ASIAN POP FESTIVAL 2026 - 얼리버드 티켓"
"복사골문화센터 판타지아극장",OK,"경기 부천시 원미구 장말로 107",37.4944672,126.7539761,1,"play","2026 부천문화재단 어린이공연 - 〈얼론(ALONE)〉"
"평택아트센터",OK,"경기 평택시 고덕동 2688",37.039462814522736,127.0339681658489,1,"play","2026 연극 〈친정엄마와 2박3일〉 - 평택"
"이천아트홀 전관",OK,"경기 이천시 부악로 40 이천시청",37.2808823,127.4429132,1,"play","2026 이천아트홀 인형극페스티벌 달, 여행 - 이천"
"mne Hall",OK,"경기 고양시 일산동구 마두동 800",37.653211457414,126.778071187115,1,"play","마법사 엔마 - 고양"
"인터미션",OK,"울산 중구 종가25길 20",35.5883750046669,129.343146373623,1,"play","보도지침 - 수원"
"평택아트센터 소공연장",INCOMPLETE_DATA (Both),"정보 없음",,,1,"play","양손프로젝트 〈유령들〉 - 평택"
"부천소극장",OK,"경기 부천시 원미구 상동 539-1",37.5046482422436,126.756379866921,1,"play","요리하는 마술사 - 부천소극장"
"다락소극장",OK,"인천 중구 중앙동4가 1-1",37.4714321296324,126.624744884244,1,"play","월미도, 1950 - 인천"
"이천아트홀 대공연장",OK,"경기 이천시 중리동 490",37.2718449774093,127.434360762708,1,"classic","2026 이천문화재단 신년음악회"
"용인문화예술원 마루홀",OK,"경기 용인시 처인구 삼가동 556",37.2405768583031,127.17920784365,1,"classic","2026 키즈인비또스페셜 〈새해음악축제〉 - 용인"
"해당공연 공연장 - 용인",INCOMPLETE_DATA (Both),"정보 없음",,,1,"classic","2026년 〈토요키즈클래식〉 (상반기) 패키지"
"다산아트홀",INCOMPLETE_DATA (Both),"정보 없음",,,1,"classic","남양주 필하모닉 오케스트라 신년 음악회 (다산아트홀)"
"TLi아트센터",INCOMPLETE_DATA (Both),"정보 없음",,,1,"classic","Harmony - 성남"
"수원SK아트리움 소공연장",INCOMPLETE_DATA (Both),"정보 없음",,,1,"classic","지브리와 사랑에 빠지다 : 지브리 영화음악 콘서트 2026 - 수원 앙코르"
"오산문화예술회관 소공연장",OK,"경기 오산시 오산동 34-5",37.1595568277029,127.076847438136,1,"classic","지브리와 사랑에 빠지다 : 지브리 영화음악 콘서트 2026 - 오산"
"하남문화예술회관 소극장(아랑홀)",OK,"경기도 하남시 신평로 125",37.5370924,127.2036505,1,"classic","지브리와 사랑에 빠지다: 지브리 영화음악 콘서트 2026 - 하남"
"티엘아이 아트센터",OK,"경기 성남시 중원구 양현로405번길 12",37.418024467721814,127.12753434024322,1,"classic","최재희 클라리넷 독주회"
"춘천인형극장",INCOMPLETE_DATA (Both),"정보 없음",,,1,"musical","2026 베스트셀러 어린이뮤지컬 〈콧구멍을 후비면〉 - 춘천"
"속초문화예술회관 대공연장",INCOMPLETE_DATA (Both),"정보 없음",,,1,"musical","가족뮤지컬 “호두까기 인형” - 속초"
"춘천문화예술회관",INCOMPLETE_DATA (Both),"정보 없음",,,1,"musical","어린이 체험학습 뮤지컬〈틀려도 괜찮아〉 - 춘천"
"원주 치악예술관",INCOMPLETE_DATA (Both),"정보 없음",,,1,"musical","최현우 19+I - 원주"
"강원대학교 백령아트센터",INCOMPLETE_DATA (Both),"정보 없음",,,1,"concert","〈미스터트롯3〉 TOP7 춘천콘서트"
"충주시문화회관",INCOMPLETE_DATA (Both),"정보 없음",,,1,"musical","어린이 캣츠 - 충주"
"청주 CJB미디어센터 에덴아트홀",INCOMPLETE_DATA (Both),"정보 없음",,,1,"concert","2026 KickFlip FAN-CON 〈From KickFlip, To WeFlip〉 in 청주"
"김종구아트홀",INCOMPLETE_DATA (Both),"정보 없음",,,1,"play","목각인형콘서트 - 충주"
"창작극단 하다",INCOMPLETE_DATA (Both),"정보 없음",,,1,"play","이름 불러 주는 이 - 충주"
"음성생활문화예술공간 소극장하다",INCOMPLETE_DATA (Both),"정보 없음",,,1,"play","화가났어 - 음성"
"충남도청 문예회관",INCOMPLETE_DATA (Both),"정보 없음",,,1,"musical","가족매직컬 ＂공룡 애니멀쇼 시즌2＂- 충남"
"대전 상상아트홀",INCOMPLETE_DATA (Both),"정보 없음",,,1,"musical","그대와 영원히 - 대전"
"보령문화의전당 대강당",INCOMPLETE_DATA (Both),"정보 없음",,,1,"musical","만원의행복 “가족뮤지컬”빨간모자와늑대” - 보령"
"런던스테이지",INCOMPLETE_DATA (Both),"정보 없음",,,1,"musical","뮤지컬 〈써니텐〉 - 대전"
"뮤지컬식당 스마일떡볶이",INCOMPLETE_DATA (Both),"정보 없음",,,1,"musical","뮤지컬다이닝 스마일떡볶이 - 대전"
"JB소극장",INCOMPLETE_DATA (Both),"정보 없음",,,1,"musical","이벤트가격 15,000원 “어린이 서커스 쇼” - 천안"
"우송대학교 우송예술회관",INCOMPLETE_DATA (Both),"정보 없음",,,1,"concert","2026 변진섭 전국투어 콘서트 변천사 시즌2.5 : 시간여행 - 대전"
"대전음악창작소",INCOMPLETE_DATA (Both),"정보 없음",,,1,"concert","THE SOLUTIONS (솔루션스) 전국투어 ‘비행’ - 대전"
"대전컨벤션센터 제1전시장",INCOMPLETE_DATA (Both),"정보 없음",,,1,"concert","YB REMASTERED 3.0 : Transcendent - 대전"
"아신극장 2관",INCOMPLETE_DATA (Both),"정보 없음",,,1,"play","공포연극 〈시그널〉 - 대전"
"천안예술의전당 소공연장",INCOMPLETE_DATA (Both),"정보 없음",,,1,"play","一物(일물) - 천안"
"이수아트홀",INCOMPLETE_DATA (Both),"정보 없음",,,1,"play","코믹멜로극 달콤쌉싸레 - 대전공연"
"경주 서라벌 문화회관 대강당",INCOMPLETE_DATA (Both),"정보 없음",,,1,"musical","2026 100만 베스트셀러 어린이뮤지컬 〈누가 내 머리에 똥쌌어？〉 - 경주"
"김천시립문화회관",INCOMPLETE_DATA (Both),"정보 없음",,,1,"musical","가족매직쇼 “공룡 애니멀 쇼” - 김천"
"대구 청소년수련원 대극장",INCOMPLETE_DATA (Both),"정보 없음",,,1,"musical","가족뮤지컬 〈브레멘 음악대〉 - 대구"
"안동시민회관 낙동홀",INCOMPLETE_DATA (Both),"정보 없음",,,1,"musical","누가내머리에똥쌌어 - 안동"
"계명아트센터",INCOMPLETE_DATA (Both),"정보 없음",,,1,"musical","뮤지컬 〈위키드〉 내한공연 - 대구 (WICKED The Musical)"
"달성문화원",INCOMPLETE_DATA (Both),"정보 없음",,,1,"musical","착한가격 10,000원의 행복 “어린이 마술쇼” - 대구 달성"
"엑스코 서관 1홀",INCOMPLETE_DATA (Both),"정보 없음",,,1,"concert","2025-26 엠씨더맥스 이수 콘서트 ‘겨울나기’ - 대구"
"엑스코 동관",INCOMPLETE_DATA (Both),"정보 없음",,,1,"concert","2026 이문세 ‘The Best’ - 대구"
"영남대 천마아트센터 그랜드홀",INCOMPLETE_DATA (Both),"정보 없음",,,1,"concert","국카스텐 X 카디 콘서트 - 대구"
"엑스코 컨벤션홀",INCOMPLETE_DATA (Both),"정보 없음",,,1,"concert","싱어게인4 전국투어 콘서트 - 대구"
"대구 엑스코 오디토리움",INCOMPLETE_DATA (Both),"정보 없음",,,1,"concert","우리들의 발라드 전국투어 - 대구 콘서트"
"경북대학교 대강당",INCOMPLETE_DATA (Both),"정보 없음",,,1,"concert","주현미 데뷔 40주년 〈The Queen〉 - 대구"
"라이브홀 락왕",INCOMPLETE_DATA (Both),"정보 없음",,,1,"concert","THE SOLUTIONS (솔루션스) 전국투어 ‘비행’ - 대구"
"송죽씨어터",INCOMPLETE_DATA (Both),"정보 없음",,,1,"play","대구동성로 연극 〈옥탑방 고양이〉 - 대구"
"문화예술전용극장 CT",INCOMPLETE_DATA (Both),"정보 없음",,,1,"play","대구동성로 연극〈택시안에서〉"
"여우별아트홀",INCOMPLETE_DATA (Both),"정보 없음",,,1,"play","연극 ［남사친 여사친］ - 대구"
"아트벙커",INCOMPLETE_DATA (Both),"정보 없음",,,1,"play","연극 〈만남의 광장〉 - 대구"
"대구오페라하우스",INCOMPLETE_DATA (Both),"정보 없음",,,1,"classic","2026 달빛동맹 오페라 〈라 보엠〉 - 대구"
"어연히하우스",INCOMPLETE_DATA (Both),"정보 없음",,,1,"classic","지브리 하우스 콘서트(수요일) - 대구"
"달서아트센터 와룡홀",INCOMPLETE_DATA (Both),"정보 없음",,,1,"classic","지브리를 품은 클래식 - 나만의 위로가 필요했다. (대구)"
"구미문화예술회관 소공연장",INCOMPLETE_DATA (Both),"정보 없음",,,1,"classic","지브리와 사랑에 빠지다 : 지브리 영화음악 콘서트 2026 - 구미"
"포항문화예술회관 소공연장",INCOMPLETE_DATA (Both),"정보 없음",,,1,"classic","패밀리 재즈 콘서트 : 재즈로 듣는 지브리 ＆ 디즈니 OST - 포항"
"비원뮤직홀 공연장",INCOMPLETE_DATA (Both),"정보 없음",,,1,"classic","CINEMA IN CLASSIC - 대구"
"에이치아츠 스튜디오",INCOMPLETE_DATA (Both),"정보 없음",,,1,"classic","ONLY FOR YOU - 대구"
"창원 3·15아트홀 대극장",INCOMPLETE_DATA (Both),"정보 없음",,,1,"musical","［창원］뮤지컬 한글용사 아이야 새로운 이야기〈달라도 친구야!〉"
"경상국립대학교 칠암캠퍼스 본관 2층 대강당",INCOMPLETE_DATA (Both),"정보 없음",,,1,"musical","2026 판타스틱 버블쇼 - 진주 -"
"칠암도서관 공연장",INCOMPLETE_DATA (Both),"정보 없음",,,1,"musical","가족매직쇼 〈스노우 버블 매직쇼〉 - 김해"
"기장군청 차성아트홀",INCOMPLETE_DATA (Both),"정보 없음",,,1,"musical","만원의행복“가족뮤지컬”장화신은고양이” - 기장"
"부산 드림씨어터",INCOMPLETE_DATA (Both),"정보 없음",,,1,"musical","뮤지컬 〈레드북〉 - 부산"
"창원 3.15 아트센터 대극장",INCOMPLETE_DATA (Both),"정보 없음",,,1,"musical","뮤지컬 헬로카봇 스페셜 시즌9 〈전설의 용사를 찾아서〉 - 창원"
"KBS 창원홀",INCOMPLETE_DATA (Both),"정보 없음",,,1,"musical","베베핀 뮤지컬 〈두근두근 새친구〉 - 창원"
"창원 3.15아트센터 소극장",INCOMPLETE_DATA (Both),"정보 없음",,,1,"musical","오리지널 과학마술콘서트 시즌2 (창원)"
"벡스코 제1전시장 1홀",INCOMPLETE_DATA (Both),"정보 없음",,,1,"concert","2025-26 임재범 40주년 콘서트 ＂나는 임재범이다＂ - 부산"
"유에코(울산전시컨벤션센터)",INCOMPLETE_DATA (Both),"정보 없음",,,1,"concert","2025-26 임재범 40주년 콘서트 ＂나는 임재범이다＂ - 울산"
"창원컨벤션센터",INCOMPLETE_DATA (Both),"정보 없음",,,1,"concert","2025-26 임재범 40주년 콘서트 ＂나는 임재범이다＂ - 창원"
"김해문화의전당 마루홀",INCOMPLETE_DATA (Both),"정보 없음",,,1,"concert","2026 부활 40주년 콘서트 - 김해"
"드림씨어터",INCOMPLETE_DATA (Both),"정보 없음",,,1,"concert","2026 KickFlip FAN-CON 〈From KickFlip, To WeFlip〉 in 부산"
"KBS울산홀",INCOMPLETE_DATA (Both),"정보 없음",,,1,"concert","싱어게인4 전국투어 콘서트 - 울산"
"벡스코 제1전시장 1, 2홀",INCOMPLETE_DATA (Both),"정보 없음",,,1,"concert","임영웅 IM HERO TOUR 2025 - 부산"
"벡스코 제1전시장 1,2홀",INCOMPLETE_DATA (Both),"정보 없음",,,1,"concert","CxM ［DOUBLE UP］ LIVE PARTY in BUSAN"
"금사락",INCOMPLETE_DATA (Both),"정보 없음",,,1,"concert","THE SOLUTIONS (솔루션스) 전국투어 ‘비행’ - 부산"
"부산 해바라기 소극장",INCOMPLETE_DATA (Both),"정보 없음",,,1,"play","(리얼타임 코믹연극) 택시안에서 - 부산"
"가온아트홀 1관",INCOMPLETE_DATA (Both),"정보 없음",,,1,"play","〈2026〉 프리미엄 어린이 마술공연 - 부산"
"아르디ys아트홀",INCOMPLETE_DATA (Both),"정보 없음",,,1,"play","〈2026〉 프리미엄 어린이 마술공연 - 양산"
"사랑새아트홀",INCOMPLETE_DATA (Both),"정보 없음",,,1,"play","멜로연극 사프란 - 창원"
"어댑터씨어터 2관",INCOMPLETE_DATA (Both),"정보 없음",,,1,"play","여기, 우리의 시간 - 부산"
"BNK부산은행조은극장 1관",INCOMPLETE_DATA (Both),"정보 없음",,,1,"play","연극 〈스위치〉 - 부산"
"BNK부산은행조은극장 2관",INCOMPLETE_DATA (Both),"정보 없음",,,1,"play","연극 〈오늘도 극한직업〉 - 부산"
"부산콘서트홀 챔버홀",INCOMPLETE_DATA (Both),"정보 없음",,,1,"classic","류이치 사카모토 트리뷰트 콘서트 - 부산"
"거제문화예술회관 소극장",INCOMPLETE_DATA (Both),"정보 없음",,,1,"classic","지브리와 사랑에 빠지다 : 지브리 영화음악 콘서트 2026 - 거제"
"밀양아리랑아트센터 소공연장",INCOMPLETE_DATA (Both),"정보 없음",,,1,"classic","지브리와 사랑에 빠지다 : 지브리 영화음악 콘서트 2026 - 밀양"
"군산예술의전당 대공연장",INCOMPLETE_DATA (Both),"정보 없음",,,1,"musical","가족뮤지컬 〈꼬마버스 타요 - 소원을 들어주는 요술 지팡이 대소동〉 - 군산"
"전주학생교육문화관 공연장",INCOMPLETE_DATA (Both),"정보 없음",,,1,"musical","가족뮤지컬 〈꼬마버스 타요 - 소원을 들어주는 요술 지팡이 대소동〉 - 전주"
"익산 솜리문화예술회관 중공연장",INCOMPLETE_DATA (Both),"정보 없음",,,1,"musical","겨울이야기 - 익산"
"정읍 연지아트홀",INCOMPLETE_DATA (Both),"정보 없음",,,1,"musical","누가내머리에똥쌌어 - 정읍"
"더 뮤지션",INCOMPLETE_DATA (Both),"정보 없음",,,1,"concert","THE SOLUTIONS (솔루션스) 전국투어 ‘비행’ - 전주"
"한해랑아트홀",INCOMPLETE_DATA (Both),"정보 없음",,,1,"play","나의PS파트너 (전주)"
"한국소리문화의전당 명인홀",INCOMPLETE_DATA (Both),"정보 없음",,,1,"classic","Classico Ensemble 정기연주회 - 전주"
"광양시문화예술회관 대공연장",INCOMPLETE_DATA (Both),"정보 없음",,,1,"musical","〈만원의행복〉 “가족뮤지컬 “아기돼지삼형제” - 광양"
"광주디자인진흥원 이벤트홀",INCOMPLETE_DATA (Both),"정보 없음",,,1,"musical","만원의행복 “가족뮤지컬”빨간모자와늑대” - 광주"
"광주 빛고을시민문화관",INCOMPLETE_DATA (Both),"정보 없음",,,1,"musical","뮤지컬 〈개구쟁이 특공대 : 마녀저택〉 - 광주"
"광주예술의전당 소극장(구.광주문화예술회관)",INCOMPLETE_DATA (Both),"정보 없음",,,1,"musical","싱어롱뮤지컬 브레드이발소 〈브레드와 윌크의 세계여행〉 - 광주"
"김대중컨벤션센터 다목적홀",INCOMPLETE_DATA (Both),"정보 없음",,,1,"concert","싱어게인4 전국투어 콘서트 - 광주"
"김대중컨벤션센터 다목적",INCOMPLETE_DATA (Both),"정보 없음",,,1,"concert","YB REMASTERED 3.0 : Transcendent - 광주"
"국립아시아문화전당 문화정보원 극장3",INCOMPLETE_DATA (Both),"정보 없음",,,1,"play","［2026 어린이 참여 공연］ 아빠와 난 초등1학년 - 광주"
"GS칼텍스 예울마루 소극장",INCOMPLETE_DATA (Both),"정보 없음",,,1,"classic","지브리와 사랑에 빠지다 : 지브리 영화음악 콘서트 2026 - 여수"
"제주대학교 아라뮤즈홀",INCOMPLETE_DATA (Both),"정보 없음",,,1,"musical","2026 앤서니브라운 가족뮤지컬 〈돼지책〉 - 제주"
"김정문화회관",INCOMPLETE_DATA (Both),"정보 없음",,,1,"musical","2026 앤서니브라운 가족뮤지컬 〈우리아빠가 최고야〉 - 제주"
"서귀포예술의전당 대극장",INCOMPLETE_DATA (Both),"정보 없음",,,1,"classic","지브리와 사랑에 빠지다 : 지브리 영화음악 콘서트 2026 스페셜 - 제주 서귀포"
"제주 호은아트센터",INCOMPLETE_DATA (Both),"정보 없음",,,1,"classic","지브리와 사랑에 빠지다: 지브리 영화음악 콘서트 2026 - 제주"
"고라니특공대",INCOMPLETE_DATA (Both),"정보 없음",,,1,"concert","HEEBIN 미니 콘서트"
"THE HENZ CLUB",INCOMPLETE_DATA (Both),"정보 없음",,,1,"concert","KANGHYUK 〈*^^K - MIXTAPE〉 SHOWCASE"
"플렉스 라운지",INCOMPLETE_DATA (Both),"정보 없음",,,1,"concert","RAP HOUSE VOL.48"
"보광극장",INCOMPLETE_DATA (Both),"정보 없음",,,1,"play","바다처럼 파래"
"스페이스T",INCOMPLETE_DATA (Both),"정보 없음",,,1,"play","부재중 만남"
"공간 아울",OK,"서울특별시 종로구 대학로 120",37.5821381,127.0019525,1,"play","연극 〈나리〉"
"R&J씨어터",INCOMPLETE_DATA (Both),"정보 없음",,,1,"play","왕과 판자새"
"한성아트홀 1관",INCOMPLETE_DATA (Both),"정보 없음",,,1,"play","음악극 〈들꽃찾아〉"
"서울어린이대공원 아트센터",INCOMPLETE_DATA (Both),"정보 없음",,,1,"classic","서울어린이대공원 아트센터 개관 음악회"
"살롱쿤스트",INCOMPLETE_DATA (Both),"정보 없음",,,1,"classic","인간적인 것들에 대하여 (On Humanity)"
"복사골문화센터 아트홀",OK,"경기 부천시 원미구 상동 394-2",37.4949428624938,126.754318253636,1,"concert","올마이티 대잔치 VOL.1"
"해당공연 공연장 - 성남",INCOMPLETE_DATA (Both),"정보 없음",,,1,"classic","2026 성남아트센터 클래식 패키지"
"모두누림센터 누림아트홀",INCOMPLETE_DATA (Both),"정보 없음",,,1,"classic","푸푸게노! 똥 밟았네？- 화성"
"삼척문화예술회관 대공연장",INCOMPLETE_DATA (Both),"정보 없음",,,1,"musical","라푼젤 - 삼척"
"청주대학교 석우문화체육관",INCOMPLETE_DATA (Both),"정보 없음",,,1,"concert","2025-26 임재범 40주년 콘서트 “나는 임재범이다” - 청주"
"진해공설운동장",INCOMPLETE_DATA (Both),"정보 없음",,,1,"concert","2026 체리블라썸뮤직페스티벌"
"성균소극장",OK,"서울 종로구 명륜2가 149",37.584141429518,126.997993798592,1,"etc","2026 한영숙류 이철진 춤 ＂오직 승무＂"
"진연홀",OK,"서울 종로구 인사동 186",37.5728655343894,126.985653068571,1,"etc","국악공연 진연(進宴)"
"국립국악원 풍류사랑방",OK,"서울 서초구 남부순환로 2364",37.4775860020964,127.008631813122,1,"etc","문형희 대금 독주회 〈숨, 선〉"
"삼청각 일화당",OK,"서울 성북구 성북동 330-115",37.59735073472928,126.98418081977508,1,"etc","삼청각 수요상설공연 〈三淸：삼청〉"
"강북문화예술회관 강북소나무홀",OK,"서울 강북구 수유동 360-10",37.640846251332,127.013165783141,1,"etc","안애순 컴퍼니 〈춤이 말하다: 문소리x리아킴〉"
"서울남산국악당 크라운해태홀",OK,"서울 중구 퇴계로34길 28 서울남산국악당",37.5637,126.9975,1,"etc","영재한음(국악)회"
"대원뮤지엄 팝콘D스퀘어",OK,"서울 용산구 한강대로23길 55 아이파크몰 테마파크 6층 1-1호",37.5323,126.9906,1,"exhibition","［1월 한정! 50% 이벤트］아니메쥬와 지브리展"
"북촌 어둠속의대화",OK,"서울 종로구 가회동 1-29",37.5833349800145,126.98480081078836,1,"exhibition","［북촌］2026년 1월~2월_어둠속의대화(DIALOGUE IN THE DARK)"
"세종문화회관 미술관",OK,"서울 종로구 세종대로 175",37.5718530872608,126.976183103242,1,"exhibition","［새해맞이 20%특가］ 르네상스에서 인상주의까지 : 샌디에이고 미술관 특별전"
"더프리마아트센터",OK,"서울 종로구 관훈동 192-17",37.5734213273902,126.984690757257,1,"exhibition","［서울］ 더프리마아트센터 전시 관람권"
"아라리오뮤지엄 인 스페이스",OK,"아라리오뮤지엄 인 스페이스, 83, 율곡로, 운니동, 종로1·2·3·4가동, 종로구, 서울특별시, 03058, 대한민국",37.5776563,126.9883124,1,"exhibition","［서울］아라리오뮤지엄 인 스페이스"
"그라운드시소 센트럴",OK,"그라운드시소 센트럴, 14, 세종대로, 남대문로5가, 회현동, 중구, 서울특별시, 04527, 대한민국",37.5580064,126.974399,1,"exhibition","［신년특가 35%］ 요시고 사진전 2"
"아트조선스페이스",OK,"서울시 중구 세종대로21길 30",37.5677004,126.9757292,1,"exhibition","［얼리버드 특가］ 이중섭 탄생 110주년 특별전: 쓰다, 이중섭"
"그라운드시소 한남",OK,"서울 용산구 한남동 829",37.5362578572881,127.005051895341,1,"exhibition","［예매할인］ 히무로 유리 오늘의 기쁨"
"더현대서울 6층 ALT.1",INCOMPLETE_DATA (Both),"정보 없음",,,1,"exhibition","［온느뮤지엄 도슨트］렘브란트에서 고야까지 도슨트"
"FEZH",OK,"서울특별시 용산구 대사관로11길 41 ...",37.5355468,127.0017483,1,"exhibition","［전시회］ 바람의 건축展 ＇이타미 준, 유이화＇"
"풋볼 팬타지움 (2002 FIFA 월드컵 기념관)",OK,"풋볼 팬타지움, 240, 월드컵로, 성산동, 성산2동, 마포구, 서울특별시, 03932, 대한민국",37.5684953,126.896336,1,"exhibition","2002 한일 월드컵 20주년 기념 특별전"
"고궁박물관",OK,"故宮博物院, 221, 至善路二段, 臨溪里, 士林區, 臺北市, 111, 臺灣",25.0999276,121.5493043,1,"exhibition","국립 고궁박물관 인문학산책"
"덕스(DUEX) 홍대 1관",OK,"서울시 마포구 양화로 186",37.5576337,126.9258847,1,"exhibition","나 혼자만 레벨업 展"
"낙산공원",OK,"낙산공원, 41, 이화동, 종로구, 서울특별시, 대한민국",37.5805339,127.0076085,1,"exhibition","낙산, 이화마을 야행"
"동대문디자인플라자(DDP) 전시 1관",OK,"서울 중구 을지로 281 동대문디자인플라자뮤지엄",37.5637,126.9975,1,"exhibition","바스키아: 과거와 미래를 잇는 상징적 기호들"
"세종문화회관 미술관 1,2관",INCOMPLETE_DATA (Both),"정보 없음",,,1,"exhibition","박신양의 전시쑈 〈제 4의 벽〉"
"충무아트센터 갤러리",OK,"서울 중구 퇴계로 387",37.5659440326415,127.0147870419,1,"exhibition","보노보노 40주년 특별전 in Seoul"
"블루스퀘어",OK,"블루스퀘어, 삼일대로, 한남동, 용산구, 서울특별시, 04417, 대한민국",37.5409037,127.0025813,1,"exhibition","북파크라운지"
"덕스(DUEX) 홍대 2관",OK,"인천 연수구 하모니로 158",37.3764667,126.6379984,1,"exhibition","브릭 아트 뮤지엄"
"선릉",OK,"선릉, 340, 테헤란로, 역삼1동, 강남구, 서울특별시, 06151, 대한민국",37.5051756,127.0487082,1,"exhibition","선릉 인문학산책"
"서촌 일대",OK,"서울 중구 태평로1가 31",37.5668007776021,126.978656793129,1,"exhibition","예술인의마을, 서촌"
"그라운드시소 서촌",OK,"서울 종로구 통의동 35-17",37.5778385914657,126.972916300185,1,"exhibition","워너 브롱크호스트: 온 세상이 캔버스"
"노원문화예술회관 노원아트뮤지엄",OK,"서울 노원구 중계동 364-3",37.6502367624231,127.080266989619,1,"exhibition","인상파, 찬란한 순간들:모네, 르누아르, 반 고흐 그리고 세잔"
"덕수궁 돌담길",OK,"서울 중구 세종대로 지하 101",37.564976582796,126.975664628917,1,"exhibition","정동 한바퀴"
"여의도 벙커",OK,"서울 영등포구 여의도동 45-1",37.519805354216,126.928006226952,1,"exhibition","캣츠 앤 독스"
"아라아트센터",OK,"서울 종로구 대학로8가길 30",37.5822871744261,127.002558635851,1,"exhibition","쿠키런: 킹덤 아트 콜라보 프로젝트 특별전 - 위대한 왕국의 유산"
"전쟁기념관 특별전시실",INCOMPLETE_DATA (Both),"정보 없음",,,1,"exhibition","쿠푸왕의 피라미드"
"롯데몰 김포공항점 1F 전시홀",OK,"서울 강서구 하늘길 77",37.5509,126.8497,1,"exhibition","킹 오브 킹스 전시 : The Greatest Love (~26.3.31까지 사용)"
"토탈미술관",OK,"토탈미술관, 평창32길, 평창동, 종로구, 서울특별시, 03009, 대한민국",37.6121455,126.9757256,1,"exhibition","Breathing with the Chaos"
"현대카드 Storage",OK,"현대카드 스토리지, 이태원로42길, 한남동, 용산구, 서울특별시, 04400, 대한민국",37.5368341,127.0009561,1,"exhibition","Donald Judd: Furniture"
"서울 COEX C홀",OK,"서울특별시 강남구 영동대로 513 검색결과 더보기 인기글 페어리스 글로",37.5121558,127.0590436,1,"exhibition","HYPECON STYLE WEEK Seoul 2026"
"빚다 도예공방 강동점",OK,"서울 강동구 길동 78",37.542146204427226,127.1471625491675,1,"leisure","［강동］ 빚다 도예공방 도자기만들기/물레체험/핸드빌딩/핸드페인팅(전화예약 필수)"
"반지만들기카페 건대지점",OK,"서울 광진구 자양동 7-13",37.5400628277979,127.068528223458,1,"leisure","［건대］ 반지만들기 카페 데이트 코스"
"［경복궁］ 해와달 한복",INCOMPLETE_DATA (Both),"정보 없음",,,1,"leisure","［경복궁］ 해와달 한복"
"쥬라리움 금천",OK,"서울 금천구 독산동 295-10",37.4706575260821,126.895763111781,1,"leisure","［금천］ 쥬라리움 금천점 입장권"
"N서울타워",OK,"N서울타워 기프트샵, 서울한양도성 3코스 남산구간, 예장동, 필동, 중구, 서울특별시, 04340, 대한민국",37.55127,126.9882805,1,"leisure","［남산］ N서울타워 전망대+한쿡 레스토랑 PKG"
"홍대반지",OK,"서울 마포구 서교동 366-13",37.55212626567029,126.92129708652944,1,"leisure","［서울 마포］ 홍대 반지 카페"
"목동 종합사격장",OK,"서울 양천구 목동 914",37.530746020650696,126.88007583510853,1,"leisure","［서울 목동］ 목동 종합사격장"
"리얼샷사격양궁장",OK,"서울 마포구 서교동 364-17",37.5515282149621,126.92161571581,1,"leisure","［서울 성대］ 리얼샷 사격양궁장"
"방탈출카페 탈출브라더스",OK,"서울 영등포구 영중로4길 25-1 4층",37.5264,126.8962,1,"leisure","［서울 영등포］ 방탈출 카페 : 탈출 브라더스 영등포점"
"한강요트클럽 세일링파라다이스",OK,"서울 영등포구 여의도동 86",37.5228375116719,126.941574807432,1,"leisure","［서울 영등포］ 세일링파라다이스 요트투어(세일링/피크닉/파티/프로포즈)"
"방탈출미로",OK,"서울 은평구 갈현동 400-7",37.6192591720085,126.918543009124,1,"leisure","［서울 은평구］ 방탈출 카페 : 방탈출 미로"
"［종로］리얼샷",OK,"서울 종로구 관철동 18-1",37.5696597893519,126.985619725035,1,"leisure","［서울 종로］ 리얼샷 사격양궁장"
"리얼샷 사격양궁장 혜화점",OK,"서울 종로구 동숭동 1-55",37.5827106455245,127.002359392618,1,"leisure","［서울 혜화］ 리얼샷 사격양궁장"
"비밀의 숲 홍대점",OK,"서울 마포구 서교동 366-8",37.5522160605285,126.920840923273,1,"leisure","［서울 홍대］ 비밀의 숲 방탈출 홍대점(방탈출/야외 방탈출)"
"양재스포타임",OK,"서울 서초구 양재동 24-4",37.482798926833,127.034832661298,1,"leisure","［서울/서초］ 양재스포타임 골프 : 실외타석이용권 1회권"
"제니스 스포츠클럽 아이스링크",OK,"서울 구로구 고척동 60-34",37.5047173323002,126.870210214045,1,"leisure","［서울］제니스 스포츠클럽 아이스링크"
"주렁주렁 영등포 타임스퀘어점",OK,"서울 영등포구 영등포동4가 442",37.51711057944,126.90299334402,1,"leisure","［서울］주렁주렁 실내 동물원 영등포점"
"서울중구투어패스",OK,"서울 중구 예관동 120-1",37.5638257911702,126.997598192396,1,"leisure","［서울중구투어패스］ 서울중구투어패스"
"［성북］ 빚다 도예공방 도자기만들기 / 물레체험 /",OK,"서울 성북구 도봉로3길 9-3",37.5891,127.0182,1,"leisure","［성북］ 빚다 도예공방 도자기만들기/물레체험/핸드빌딩/핸드페인팅(전화예약 필수)"
"이크루즈",INCOMPLETE_DATA (Both),"정보 없음",,,1,"leisure","［여의도］ 프랑제리 달빛/불꽃 디너 크루즈 패키지"
"［연남］ K탑건 사격양궁장",OK,"서울 마포구 양화로21길 29 지층",37.5665,126.9018,1,"leisure","［연남］ 사격양궁장 K-TOP GUN"
"그아저씨 도예공방 원데이 클래스",OK,"서울 성동구 무학봉15길 27",37.5633,127.0371,1,"leisure","［왕십리］ 그아저씨 도예공방 원데이 클래스(전화예약 필수)"
"크라운 해태 키즈뮤지엄",OK,"서울 용산구 남영동 131-1",37.540836636726,126.973762483462,1,"leisure","［용산］ 크라운 해태 키즈뮤지엄"
"주식회사 리얼샷 익선점",OK,"서울 종로구 수표로28길 17-5 1층",37.573,126.9794,1,"leisure","［익선］ 리얼샷 사격양궁장"
"블루마린 스쿠버 다이브",OK,"강원특별자치도 양양군 현남면 안남애길 43",37.9452432996917,128.785831591461,1,"leisure","［제주］ 블루마린 스쿠버 다이브"
"경복궁 한복남",OK,"서울 종로구 사직로 133-5",37.57620788084097,126.97330744725905,1,"leisure","［종로］ 경복궁 한복대여 한복남"
"종로 한복남",OK,"서울 종로구 적선동 95-1",37.57620788084097,126.97330744725905,1,"leisure","［종로］ 창덕궁 한복대여 한복남"
"한복남 북촌한옥마을점",OK,"서울 종로구 가회동 159",37.5798535414227,126.984807179041,1,"leisure","［종로］ 한복남 북촌한옥마을점 한복대여"
"케이탑건 홍대점",OK,"서울 마포구 서교동 346-1",37.5557105836986,126.92428110357646,1,"leisure","［홍대］ 사격,양궁 이색데이트 K-TOP GUN"
"월드컵공원 노을캠핑장",OK,"서울 마포구 상암동 478-1",37.57340157624325,126.87366824270977,1,"leisure","2025 노을캠핑장"
"월드컵공원",OK,"월드컵공원, 상암동, 마포구, 서울특별시, 대한민국",37.5735977,126.8703674,1,"leisure","2025 월드컵(노을)공원 파크골프장"
"가산 아쿠아밸리",OK,"서울 금천구 가산동 60-26",37.4764396758109,126.887331423733,1,"leisure","가산 아쿠아밸리 이용권"
"롯데월드 아이스링크",OK,"롯데월드 아이스링크, 매직아일랜드 연결다리, 잠실3동, 송파구, 서울특별시, 05554, 대한민국",37.5112951,127.0986709,1,"leisure","롯데월드 아이스링크"
"롯데월드 어드벤처 잠실",OK,"롯데월드 어드벤처, 매직아일랜드 연결다리, 잠실3동, 송파구, 서울특별시, 05554, 대한민국",37.5110774,127.0981905,1,"leisure","롯데월드 어드벤처 종합이용권"
"옐레드 노원상계점",OK,"서울특별시 노원구 상계동",37.66727,127.07242,1,"leisure","옐레드 노원상계점 애견유치원 애견호텔 이용권"
"옐레드 마곡점",OK,"서울시 강서구 마곡중앙6로 45",37.5605219,126.8318333,1,"leisure","옐레드 마곡점 애견유치원 애견호텔 이용권"
"옐레드 서초교대역점",OK,"서울 서초구 서초중앙로22길 107",37.4939224,127.019212,1,"leisure","옐레드 서초교대역점 애견유치원 애견호텔 이용권"
"천왕산가족캠핑장",OK,"서울 구로구 항동 산 39-4",37.47899323006236,126.83139447182263,1,"leisure","천왕산가족캠핑장"
"광주시문화예술의전당 맹사성홀",INCOMPLETE_DATA (Both),"정보 없음",,,1,"etc","안애순 컴퍼니 〈춤이 말하다 : 문소리 x 리아킴〉 - 경기광주"
"해당공연 공연장－경기",OK,"인천의 인구 10만명당 문화예술 활동",37.2613835,127.0371234,1,"exhibition","［ 한국항공대학교 항공우주박물관 ］ 종합 패키지"
"매직플로우 원더파크",OK,"경기 고양시 덕양구 고양대로 1955 1층",37.6469771187284,126.89477806511,1,"exhibition","［경기 과천］ 매직플로우 원더파크"
"헤이리 팝트릭아트 93뮤지엄",OK,"경기 파주시 탄현면 헤이리마을길 93-53",37.7900646317957,126.696699205532,1,"exhibition","［경기 파주］ 헤이리 93뮤지엄 에로틱 성박물관"
"동탄 어둠속의대화",OK,"경기 화성시 동탄역로 160 롯데백화점 동탄점 7층",37.200666359626,127.098203113972,1,"exhibition","［동탄］2026년 1월~2월_어둠속의대화(DIALOGUE IN THE DARK)"
"아트팩토리참기름",OK,"인천 강화군 길상면 길직리 95",37.6677834349095,126.480199597324,1,"exhibition","［인천］ 아트팩토리참기름 강화 꿈의 산책"
"용인어린이상상의숲 예술놀이터",OK,"경기 용인시 처인구 동백죽전대로 61 용인어린이상상의숲",37.2496309738938,127.165158040098,1,"exhibition","2026 용인어린이상상의숲 예술놀이터 어린이 체험놀이 〈동글동글 하양이와 노란알〉"
"일산 킨텍스 2전시장 7홀",OK,"경기 고양시 일산서구 킨텍스로 217-59",37.6642484658635,126.74342487841,1,"exhibition","2026 카페디저트페어_1월킨텍스"
"구하우스미술관",OK,"경기 양평군 서종면 문호리 779-5",37.60300108365392,127.35118461573136,1,"exhibition","구하우스미술관 관람권"
"현대백화점 판교점 10층 토파즈홀",OK,"경기 성남시 분당구 판교역로146번길 20 현대백화점 판교점",37.39279369494,127.112017130086,1,"exhibition","디어 바스켓볼"
"고양시립 아람미술관",OK,"경기 고양시 일산동구 중앙로 1286 고양시립 아람미술관",37.6614856048971,126.774458292187,1,"exhibition","마르크 샤갈 고양"
"트리플스트리트 D동 B1",OK,"인천 연수구 송도과학로16번길 33-1",37.3806957155085,126.658783691215,1,"exhibition","미셸 들라크루아: 행복했던 시간의 기억 - 송도"
"키즈 아트 갤러리 by MAM",OK,"경기도 가평군 설악면 미사리로 189 3층",37.691758,127.5349983,1,"exhibition","불멸의 화가, 빈센트 반고흐 - 가평"
"쎈토이박물관",OK,"경기 여주시 명품1로 42-9 여주프리미엄빌리지 쎈토이박물관",37.2446507549235,127.615754064713,1,"exhibition","여주 쎈토이박물관 신세계 프리미엄 빌리지점 (피규어 디오라마 뮤지엄)"
"여주곤충박물관",OK,"여주곤충박물관, 명성로, 매룡동, 여주시, 12634, 대한민국",37.2774595,127.6578996,1,"exhibition","여주곤충박물관"
"용인어린이상상의숲 미술놀이터",OK,"경기 용인시 처인구 동백죽전대로 61 용인어린이상상의숲",37.2496309738938,127.165158040098,1,"exhibition","용인어린이상상의숲 미술놀이터 〈그리노리 한글〉"
"용인어린이상상의숲 요리조리스튜디오",OK,"경기 용인시 처인구 동백죽전대로 61 용인어린이상상의숲",37.2496309738938,127.165158040098,1,"exhibition","용인어린이상상의숲 요리조리스튜디오 〈포근포근파티시엘〉"
"고양 아람누리 제4전시실",OK,"경기 고양시 일산동구 중앙로 1286",37.6614856048971,126.774458292187,1,"exhibition","우당탕탕 아빠가 만든 놀이터 시즌2 - 고양"
"킨텍스 10A홀",OK,"경기 고양시 일산서구 대화동 2700",37.6647267128123,126.741283396117,1,"exhibition","코리아보드게임즈 패밀리 파크 - 일산"
"헤이리 파주공룡박물관",OK,"경기 파주시 탄현면 헤이리마을길 93-83",37.7910012902576,126.696952865784,1,"exhibition","헤이리 파주공룡박물관"
"안성맞춤아트홀 주민편의동 1층 전시실",OK,"경기도 안성시 발화대길 21",36.9819923,127.2898982,1,"exhibition","황금색 색채 화가, 구스타프 클림트 - 안성"
"쁘띠프랑스",OK,"쁘띠프랑스, 호반로, 고성리, 가평군, 경기도, 12456, 대한민국",37.7150812,127.4905281,1,"leisure","［가평］ 쁘띠프랑스＆이탈리아마을 연간회원권"
"가평탑랜드 번지점프",OK,"경기 가평군 가평읍 달전리 108-3",37.80604150542156,127.52602892065775,1,"leisure","［경기 가평］ 탑랜드 번지점프"
"과천 서울랜드",OK,"서울랜드, 181, 광명로, 막계동, 과천시, 13829, 대한민국",37.4340909,127.0202634,1,"leisure","［경기 과천］ 서울랜드 종일권"
"곤지암리조트 살로몬스키스쿨 스키/보드강습, 렌탈",INCOMPLETE_DATA (Both),"정보 없음",,,1,"leisure","［경기 광주］ 곤지암리조트 살로몬스키스쿨 스키/보드강습, 렌탈"
"놀숲 수원역점",OK,"경기 수원시 팔달구 매산로1가 11-15",37.2676536601594,127.000721543811,1,"leisure","［경기 수원］ 놀숲 수원역점 ★ 프리미엄 만화카페"
"플라잉수원",OK,"플라잉수원, 697, 경수대로, 지동, 팔달구, 수원시, 경기도, 16237, 대한민국",37.2867639,127.0261652,1,"leisure","［경기 수원］ 플라잉수원"
"세라젬웰파크 위례점",OK,"경기 하남시 위례대로 350 2층",37.4891675795399,127.158322113456,1,"leisure","［경기 하남］ 세라젬 웰파크 위례점"
"시흥 공룡월드",OK,"경기 시흥시 은행동 605",37.4458355693248,126.802045044272,1,"leisure","［경기］ 시흥 공룡월드＆키즈카페 그랜드오픈특가"
"용인 공룡월드",OK,"경기 용인시 처인구 역북동 802",37.2354736413106,127.1883047486991,1,"leisure","［경기］ 용인 곤충테마파크+공룡월드 이용권"
"용인 액트몬",OK,"경기 용인시 기흥구 고매동 889",37.2234112903724,127.114273048794,1,"leisure","［경기］ 용인 액트몬 아이존팝＆보물찾기 이용권"
"한택식물원",OK,"한택식물원, 처인구, 용인시, 경기도, 17183, 대한민국",37.0950874,127.4065003,1,"leisure","［경기］ 용인 한택식물원 단독상품"
"곤지암리조트 렌탈샵 보스",INCOMPLETE_DATA (Both),"정보 없음",,,1,"leisure","［경기］［렌탈샵］ 곤지암리조트 BOSS 렌탈샵 (스키/보드/의류 렌탈)"
"탑레포츠 렌탈샵",OK,"경기 이천시 마장면 지산로 134",37.2497263,127.3634125,1,"leisure","［경기］［렌탈샵］ 이천 지산 탑레포츠 스키보드 렌탈샵"
"곤지암리조트렌탈샵 닥터스노우",OK,"경기 광주시 도척면 도척윗로 226",37.3358693508594,127.317555828921,1,"leisure","［경기］［렌탈샵］곤지암리조트 스키장렌탈샵 닥터스노우(재방문율 1위/신상의류,장비/갓성비)"
"［곤지암］ 청춘스키",OK,"경기 광주시 도척면 도척윗로 278",37.3375588747099,127.296189047378,1,"leisure","［경기］［렌탈샵］곤지암리조트스키장 청춘스키 렌탈샵 리프트권최대40%할인"
"주렁주렁 동탄라크몽점",OK,"경기 화성시 동탄대로5길 21 라크몽 B동 3층",37.1668954710627,127.105150309732,1,"leisure","［경기］주렁주렁 실내 동물원 동탄점"
"보드박스",OK,"경기 광주시 도척면 도웅리 131",37.33465793188389,127.31400639901044,1,"leisure","［곤지암］［렌탈샵］ 스키보드 렌탈 맛집 폼생폼사 강습까지 완비!"
"아쿠아플라넷 광교",OK,"경기 수원시 영통구 하동 1017-4",37.28429320086867,127.05836769865131,1,"leisure","［광교］ 아쿠아플라넷 입장권(1/1~1/31)"
"김포 몬스터리움",OK,"경기 김포시 대곶면 대명리 482",37.6428316591432,126.546076669479,1,"leisure","［김포］ 강화 유일 동물원 몬스터리움!!"
"김포구래점 아이존팝",OK,"경기 김포시 구래동 6882-6",37.6451680364364,126.625685526743,1,"leisure","［김포］ 구래 아이존팝＆보물찾기 이용권"
"영일딸기농장",OK,"경기 김포시 고촌읍 전호리 453-2",37.5853110101621,126.792450692701,1,"leisure","［김포］ 영일딸기체험"
"오키드 키즈카페",OK,"경기 김포시 대곶면 대명항1로 52 가동 2층",37.6428312965761,126.546076105164,1,"leisure","［김포］ 오키드 키즈카페 (방문 1시간 전 구매필수)"
"몬스터리움",OK,"경기 김포시 대곶면 대명항1로 52 가동 1",37.65206,126.57169,1,"leisure","［김포］ 테마파크 패키지 이용권"
"한지이야기",OK,"경기 김포시 양촌읍 유현리 144-5",37.645321355472575,126.60824991251467,1,"leisure","［김포］ 한지체험장 한지이야기"
"남양주 플레이킹덤 키즈카페",OK,"경기 남양주시 와부읍 도곡리 349-8",37.5682213279601,127.235861684949,1,"leisure","［남양주］ 플레이킹덤 키즈카페"
"디아쿠아",OK,"경기 화성시 오산동 967-2859",37.20067263163881,127.09791926556511,1,"leisure","［동탄］ 디아쿠아 아쿠아카페 이용권"
"아르티스테마파크",OK,"경기 화성시 오산동 969-4",37.19724508103235,127.09785852030562,1,"leisure","［동탄］ 아르티스테마파크 입장권"
"동탄 공룡월드",OK,"경기 화성시 영천동 603-1",37.20815937351829,127.10435689579484,1,"leisure","［동탄］ 아이와가볼만한곳! 동탄공룡월드＆키즈카페 그랜드 오픈특가"
"쥬리라움 동탄점",OK,"경기 화성시 동탄기흥로257번가길 31",37.1805996987274,127.091952521073,1,"leisure","［동탄］ 쥬라리움 동탄점 입장권"
"모닝스키 렌탈샵",OK,"경기 광주시 도척면 도척윗로 278",37.3375588747099,127.296189047378,1,"leisure","［렌탈샵］ 이천 모닝스키 렌탈+강습패키지"
"지산캠프 렌탈샵",OK,"경기 이천시 마장면 지산로 257-7",37.2164245910532,127.348364937643,1,"leisure","［렌탈샵］ 지산캠프 장비렌탈+강습패키지"
"KD스키아카데미 렌탈샵",OK,"경기도 이천시 마장면 지산로 134",37.2497263,127.3634125,1,"leisure","［렌탈샵］［지산］ KD스키아카데미 렌탈샵"
"스카이 롤러스케이트장",OK,"인천 부평구 부평동 201-9",37.4936320668809,126.724571274935,1,"leisure","［부평］ 스카이 롤러스케이트장"
"인피니티 게임월드",OK,"인천 부평구 삼산동 462-1",37.5083465138215,126.7328811042,1,"leisure","［부평］ 인피니티 게임월드"
"극동조이키즈파크",OK,"경기 안산시 단원구 초지동로 7 극동스포랜드 1층 극동조이키즈파크",37.3043159480062,126.816204306846,1,"leisure","［안산］ 극동조이키즈파크 이용권"
"자이언트제트 시아테마파크점",OK,"경기 안산시 단원구 광덕1로 276 6층 자이언트제트",37.3067205825062,126.840326129846,1,"leisure","［안산］ 자이언트 제트 플레이파크"
"양주눈꽃축제",OK,"경기 양주시 장흥면 석현리 31-1",37.7595365626695,126.969168784184,1,"leisure","［양주］ 2026년 13회 양주눈꽃축제 눈썰매장 입장권"
"양주 가나아트파크",OK,"경기 양주시 장흥면 일영리 8",37.7255669219749,126.949663542272,1,"leisure","［양주］ 가나아트파크"
"양주곤충박물관",OK,"경기 양주시 장흥면 일영리 44-19",37.724920422327706,126.95060432048733,1,"leisure","［양주］ 양주곤충박물관 입장권"
"양주 어드벤처 시티",OK,"경기 양주시 어하고개로 5",37.8093715774886,127.097839701519,1,"leisure","［양주］ 어드벤처시티 이용권"
"여주 주주팜",OK,"경기 여주시 점동면 청안리 330",37.202022909079716,127.65608836118892,1,"leisure","［여주］ 주주팜 동물체험농장"
"모빌리티뮤지엄",OK,"경기 용인시 처인구 포곡읍 유운리 432",37.300359904146156,127.21693003604366,1,"leisure","［용인］ 삼성화재 모빌리티뮤지엄 입장권"
"플라이스테이션",OK,"경기 용인시 처인구 포곡읍 마성리 72-17",37.28088992407525,127.19920791547494,1,"leisure","［용인］실내 스카이 다이빙 플라이스테이션"
"지산리조트 렌탈샵 그라운드 지산점",OK,"경기 이천시 마장면 지산로 216",37.2497263,127.3634125,1,"leisure","［이천］ 지산리조트 렌탈샵 그라운드 지산점"
"［인천］부평 엔터파크 게임장",OK,"인천 부평구 부평문화로80번길 16 스타빠루뚜빌딩 2층",37.49362317654,126.724583972505,1,"leisure","［인천 부평］ 엔터파크 게임장"
"방탈출고",OK,"인천 부평구 삼산동 460-7",37.5075592968255,126.73539813797,1,"leisure","［인천 부평구］ 방탈출 카페 : 방탈출고"
"클럽크로마",OK,"인천 중구 운서동 2874",37.43626675099884,126.45802806785528,1,"leisure","［인천,서울］ 크로마 인도어 풀파티 MISTIQUE"
"㈜메쎄이상",OK,"서울특별시 마포구 월드컵북로58길 9",37.5820411,126.887077,1,"leisure","［인천］ 2026 국제아웃도어캠핑＆레포츠페스티벌 GOCAF 퍼스트 시즌"
"인천 공룡월드",OK,"인천 연수구 송도동 209-2",37.366015460097124,126.65588902345503,1,"leisure","［인천］ 공룡월드 종일 이용권"
"쥬벅스 앤 쥬니멀",OK,"인천 남동구 서창남순환로216번길 20 승연프라자 2층",37.4232040167876,126.748805298119,1,"leisure","［인천］ 실내 동물원 쥬벅스"
"［인천］의사직업체험 드림닥터",OK,"인천광역시 중구 월미로 222",37.4563,126.7052,1,"leisure","［인천］ 의사직업체험 드림닥터 인천 26년 1월 이용권 (유효기간 1/1~1/31)"
"삼방가딸기랜드",OK,"경기 고양시 일산서구 덕이동 1070-18",37.69853710758503,126.73495896550777,1,"leisure","［일산］ 삼방가딸기랜드 체험"
"아쿠아플라넷 일산",OK,"아쿠아플라넷 일산, 보행자길, 대화동, 일산서구, 고양시, 10392, 대한민국",37.6639187,126.7556899,1,"leisure","［일산］ 아쿠아플라넷 입장권(1/1~1/31)"
"원마운트 스노우파크",OK,"경기 고양시 일산서구 대화동 2606",37.664554097950486,126.75452646872884,1,"leisure","［일산］ 원마운트 스노우파크 (11/27~)"
"원마운트 프렌디노",OK,"경기 고양시 일산서구 대화동 2606",37.66482267200937,126.75413343149611,1,"leisure","［일산］ 원마운트 프렌디노 공룡 어린이키즈파크"
"자연에스파",OK,"경기 고양시 일산서구 탄현동 98-6",37.70643326668876,126.76651338348915,1,"leisure","［일산］ 자연에스파 사우나 및 찜질방 (우리가족 힐링공간!)"
"코리아보드게임즈",OK,"경기도 파주시 탄현면 요풍길 10",37.8051491,126.7180566,1,"leisure","［일산］ 코리아보드게임즈 패밀리 파크 입장권"
"쥬라리움 청라",OK,"인천 서구 청라커낼로288번길 26 현대썬앤빌 더테라스 지하 1층",37.5335470139263,126.647459837149,1,"leisure","［청라］ 쥬라리움 청라점 입장권"
"한복남 한국민속촌점",OK,"경기 용인시 기흥구 보라동 35",37.258663570051255,127.11816127880908,1,"leisure","［특가］ 한복남 한국민속촌점 한복 대여 이용권 (~3월)"
"월롱딸기체험",OK,"경기 파주시 월롱면 도내리 533-4",37.79211852951303,126.81169361319016,1,"leisure","［파주］ 월롱 딸기체험"
"쥬라리움 파주점",OK,"경기 파주시 탄현면 성동리 84",37.790490321173465,126.68471602659179,1,"leisure","［파주］ 쥬라리움 파주점 입장권"
"사파리테마파크",OK,"경기 파주시 탄현면 법흥리 1652-34",37.7908633693109,126.696399056894,1,"leisure","［파주］ 헤이리 사파리체험테마파크 이용권"
"트릭아트뮤지엄",OK,"경기 파주시 탄현면 헤이리마을길 93-53",37.7900646317957,126.696699205532,1,"leisure","［파주］ 헤이리마을 트릭아트뮤지엄"
"파주 홍삼스파",INCOMPLETE_DATA (Both),"정보 없음",,,1,"leisure","［파주］ 홍삼스파 참숯가마사우나"
"서원인레인지 (서원밸리CC 골프연습장)",OK,"경기 파주시 광탄면 서원길 333 서원밸리컨트리클럽 연습장",37.8157490998746,126.895247196106,1,"leisure","［파주］서원인레인지(서원밸리CC 골프연습장) 일일이용권"
"판교레이크골프클럽",OK,"경기 용인시 수지구 호수로 69",37.3543190524714,127.072318626107,1,"leisure","［판교/용인］ 판교레이크골프클럽 골프연습장 실외타석 일일이용권"
"평택 황토참숯가마",OK,"경기 평택시 포승읍 홍원리 266-85",37.0176870082495,126.867739541631,1,"leisure","［평택］ 황토참숯가마"
"쥬라리움 하남",OK,"쥬라리움 하남점, 미사대로, 미사동, 미사리, 미사1동, 하남시, 경기도, 12922, 대한민국",37.5672169,127.1971986,1,"leisure","［하남］ 쥬라리움 하남점 입장권"
"이천 테르메덴",OK,"경기 이천시 모가면 신갈리 360",37.19507109548797,127.44596994574883,1,"leisure","［하이시즌］ 이천 테르메덴 풀앤스파 (12/1~3/1)"
"아센사우나 ＆ 찜질방",OK,"경기 화성시 효행로 1051 메인프라자",37.2146289694525,127.041973342112,1,"leisure","［화성］ 사계절 언제나 즐거운 힐링 공간! 아센사우나＆찜질방"
"화성 치즈학교",OK,"경기 화성시 우정읍 기아자동차로 189-2 화성치즈학교",37.0478214712572,126.761567654536,1,"leisure","［화성］ 치즈학교 체험 이용권"
"화성투어패스",OK,"경기 화성시 남양읍 남양리 2000",37.1997099594229,126.831304627149,1,"leisure","［화성］ 화성투어패스 서해랑케이블카 PKG권"
"갯골캠핑장",OK,"경기 시흥시 월곶동 520-240",37.38936538628936,126.7620528776188,1,"leisure","2025 시흥갯골캠핑장"
"공릉관광지",OK,"공릉관광지, 조리읍, 파주시, 대한민국",37.7502606,126.8347716,1,"leisure","2026 공릉캠핑장"
"안성맞춤캠핑장",OK,"경기 안성시 보개면 복평리 302-4",37.02985541403721,127.31279663353556,1,"leisure","2026 안성맞춤캠핑장"
"안성맞춤랜드 내 천문과학관",OK,"경기 안성시 보개면 남사당로 198",37.0328361664822,127.307800301573,1,"leisure","2026년 안성맞춤천문과학관"
"곤지암 리조트",OK,"경기 광주시 도척면 도웅리 534",37.33798164313465,127.29409166177642,1,"leisure","25/26 곤지암리조트 리프트권/렌탈PKG"
"킨텍스 캠핑장",OK,"경기 고양시 일산서구 대화동 2720",37.6633635652791,126.739252600138,1,"leisure","고양시 킨텍스 캠핑장"
"코코넛 렌탈샵",OK,"경기 광주시 도척면 도웅리 271",37.3394350154282,127.304416151354,1,"leisure","곤지암리조트스키장 코코넛 렌탈샵/리프트권 최대 40% 할인"
"디스커버스 의왕",OK,"경기 의왕시 초평동 16-6",37.3209324512864,126.940659669106,1,"leisure","디스커버스 의왕 어린이 테마파크"
"소요 별＆숲 테마파크 상상공작소",OK,"경기 동두천시 평화로2922번길 76",37.9501496127196,127.06598663528,1,"leisure","소요 별＆숲 테마파크(상상공작소 목공체험)"
"소요 별＆숲 테마파크",OK,"경기 동두천시 평화로2922번길 76",37.9501496127196,127.06598663528,1,"leisure","소요 별＆숲 테마파크(소요 별앤숲 테마파크)"
"송도국제캠핑장",OK,"인천 연수구 송도동 221-2",37.36158988920623,126.64590007048308,1,"leisure","송도 국제캠핑장"
"스몹 고양",INCOMPLETE_DATA (Both),"정보 없음",,,1,"leisure","스몹 고양 이용권 (1~2월)"
"스몹 수원",INCOMPLETE_DATA (Both),"정보 없음",,,1,"leisure","스몹 수원 이용권 (1~2월)"
"스몹 하남",INCOMPLETE_DATA (Both),"정보 없음",,,1,"leisure","스몹 하남 이용권 (1~2월)"
"아쿠아필드 안성점",OK,"경기 안성시 공도읍 진사리 354",36.99545685082593,127.14722469643748,1,"leisure","아쿠아필드 안성 워터파크 입장권(12/31~1/31)"
"안성맞춤 남사당공연장",OK,"경기 안성시 보개면 남사당로 198",37.0328361664822,127.307800301573,1,"leisure","안성맞춤 남사당공연장 ［남사당놀이 6마당］"
"연천 세계캠핑체험존",OK,"경기 연천군 전곡읍 전곡리 705-2",38.00735667685549,127.06234422605226,1,"leisure","연천 세계캠핑체험존"
"연천재인폭포오토캠핑장",OK,"경기 연천군 연천읍 고문리 117-1",38.06493289497841,127.12718366969492,1,"leisure","연천재인폭포오토캠핑장"
"옐레드 시흥은계호수점",OK,"경기 시흥시 은계중앙로 234 31동 5",37.4132332,126.8395828,1,"leisure","옐레드 시흥은계호수점 애견유치원 애견호텔 이용권"
"옐레드 하남미사점",OK,"경기 하남시 미사강변중앙로 220",37.5556983,127.1923528,1,"leisure","옐레드 하남미사점 애견유치원 애견호텔 이용권"
"인천대공원캠핑장",OK,"인천 남동구 장수동 산 164",37.4576936607687,126.749290714825,1,"leisure","인천대공원 캠핑장(너나들이 캠핑장)"
"김포 쥬라기파크",OK,"경기 김포시 대곶면 대명항1로 52 가동 3층",37.6428312965761,126.546076105164,1,"leisure","쥬라기파크!!(아이랑가볼만한곳)"
"수원 라이프스포츠 워터파크",OK,"경기 수원시 장안구 대평로90번길 19",37.2971305504206,126.993764444711,1,"leisure","초대형 복합여가공간 라이프스포츠 워터파크"
"캐리비안베이",OK,"경기 용인시 처인구 포곡읍 전대리 310",37.2971091835927,127.200987568397,1,"leisure","캐리비안 베이종일+에버랜드 오후권(12/5~26/3/2)"
"평택 내리캠핑장",OK,"경기 평택시 팽성읍 내리 260",36.975254863754635,127.03255933752965,1,"leisure","평택 내리캠핑장"
"진위천유원지",OK,"경기 평택시 진위면 봉남리 432",37.0981445784915,127.086486466222,1,"leisure","평택 진위천유원지 캠핑장"
"포천자연마을 서울캠핑장",OK,"경기 포천시 관인면 사정리 140",38.12385157687724,127.25311740317223,1,"leisure","포천 자연마을 서울캠핑장"
"플레이티카 롯데아울렛구리점",OK,"경기 구리시 인창동 419-7",37.6119128297633,127.140517979869,1,"leisure","플레이티카 롯데아울렛구리점(아이랑가볼만한곳!)"
"한복남 한국민속촌",OK,"경기 용인시 기흥구 민속촌로 90",37.258663570051255,127.11816127880908,1,"leisure","한복남 한국민속촌점 한복 대여 이용권 (~3월)"
"한탄강캠핑장",OK,"경기 연천군 전곡읍 전곡리 696-16",38.008306196531,127.058964350023,1,"leisure","한탄강 오토캠핑장"
"참소리축음기＆에디슨과학박물관",INCOMPLETE_DATA (Both),"정보 없음",,,1,"exhibition","［강원］강릉 참소리축음기＆에디슨과학박물관"
"강원특별자치도 화천군 화천읍 일원",INCOMPLETE_DATA (Both),"정보 없음",,,1,"exhibition","2026 얼음나라화천 산천어축제 예약접수 얼음낚시"
"빙하미술관",INCOMPLETE_DATA (Both),"정보 없음",,,1,"exhibition","빙하미술관 티켓 - 강원"
"춘천 애니메이션박물관",INCOMPLETE_DATA (Both),"정보 없음",,,1,"exhibition","춘천 애니메이션박물관＆토이로봇관 (강원 춘천)"
"더다이브(The Dive)",INCOMPLETE_DATA (Both),"정보 없음",,,1,"leisure","［강원 속초］ 더다이브(The Dive) 스쿠버 다이빙"
"통나무래프팅",INCOMPLETE_DATA (Both),"정보 없음",,,1,"leisure","［강월 영월］ 동강 통나무래프팅 레포츠 패키지(서바이벌/ATV/패러글라이딩)"
"한마음래프팅",INCOMPLETE_DATA (Both),"정보 없음",,,1,"leisure","［강월 영월］ 동강 한마음래프팅 어라연코스와 풀패키지(서바이벌/ATV/패러글라이딩)"
"［단양］ 스카이랜드",INCOMPLETE_DATA (Both),"정보 없음",,,1,"leisure","［단양］ 스카이랜드 패러글라이딩 이용권"
"패러명가",INCOMPLETE_DATA (Both),"정보 없음",,,1,"leisure","［단양］ 패러명가 패러글라이딩"
"청주 와우주",INCOMPLETE_DATA (Both),"정보 없음",,,1,"leisure","［청주］ 실내동물원 WOWZOO"
"잭슨파이브 키즈카페 충주점",INCOMPLETE_DATA (Both),"정보 없음",,,1,"leisure","［충북 충주］ 실내 키즈테마파크 잭슨파이브 충주점"
"오창온천 로하스파",INCOMPLETE_DATA (Both),"정보 없음",,,1,"leisure","［충북］ 오창온천 로하스파"
"제천 하늘뜨레 서울캠핑장",INCOMPLETE_DATA (Both),"정보 없음",,,1,"leisure","제천 하늘뜨레 서울캠핑장"
"쿵스 게임랜드",INCOMPLETE_DATA (Both),"정보 없음",,,1,"leisure","쿵스 게임랜드 이용권"
"청주 쿵스 롤러스케이트장",INCOMPLETE_DATA (Both),"정보 없음",,,1,"leisure","쿵스 롤러스케이트장 이용권"
"니리므의상실",INCOMPLETE_DATA (Both),"정보 없음",,,1,"exhibition","［충남］ 공주 니리므의상실"
"아미미술관",INCOMPLETE_DATA (Both),"정보 없음",,,1,"exhibition","［충남］ 당진 아미미술관"
"아름다운정원 화수목",INCOMPLETE_DATA (Both),"정보 없음",,,1,"exhibition","［충남］ 천안 아름다운정원 화수목"
"꽃지해안공원 및 안면도 수목원",INCOMPLETE_DATA (Both),"정보 없음",,,1,"exhibition","2026 태안국제원예치유박람회"
"오마이갤러리",INCOMPLETE_DATA (Both),"정보 없음",,,1,"exhibition","안면도 오마이갤러리 10% 할인 입장권"
"뉴하이랜드 사우나",INCOMPLETE_DATA (Both),"정보 없음",,,1,"leisure","［대전］ 뉴하이랜드 사우나"
"［대천］대천서바이벌게임",INCOMPLETE_DATA (Both),"정보 없음",,,1,"leisure","［대천］ 한국 레포츠 대천 서바이벌게임(게임장/대천놀거리/대천해수욕장)"
"국립해양생물자원관",INCOMPLETE_DATA (Both),"정보 없음",,,1,"leisure","［서천］ 국립해양생물자원관"
"까블랑",INCOMPLETE_DATA (Both),"정보 없음",,,1,"leisure","［아산］ 까블랑 키즈카페 이용권"
"퍼스트빌리지 공룡월드",INCOMPLETE_DATA (Both),"정보 없음",,,1,"leisure","［아산］ 퍼스트빌리지 공룡월드"
"［안면도］ 안면도 꽃지카트장＆atv,고카트",INCOMPLETE_DATA (Both),"정보 없음",,,1,"leisure","［안면］ 꽃지카트장＆ATV, 고카트"
"㈜볼베어파크 천안점",INCOMPLETE_DATA (Both),"정보 없음",,,1,"leisure","［천안］ 볼베어파크 천안점"
"상록리조트 눈썰매장",INCOMPLETE_DATA (Both),"정보 없음",,,1,"leisure","［천안］ 상록리조트 눈썰매장 입장권"
"상록리조트 아쿠아피아",INCOMPLETE_DATA (Both),"정보 없음",,,1,"leisure","［천안］ 상록리조트 아쿠아피아 입장권"
"사랑티켓 렌탈샵",INCOMPLETE_DATA (Both),"정보 없음",,,1,"leisure","［천안］ 오션어드벤처 인근 사랑티켓 렌탈샵"
"알프스마을 눈썰매장",INCOMPLETE_DATA (Both),"정보 없음",,,1,"leisure","［청양］ 칠갑산 얼음 분수 축제(겨울왕국!)"
"［충남］ 내포보부상촌",INCOMPLETE_DATA (Both),"정보 없음",,,1,"leisure","［충남］ 내포보부상촌"
"개화예술공원",INCOMPLETE_DATA (Both),"정보 없음",,,1,"leisure","［충남］ 보령 개화예술공원"
"천안 오션어드벤처",INCOMPLETE_DATA (Both),"정보 없음",,,1,"leisure","［충남］ 소노벨 천안 오션어드벤처 종일권 (~03/02)"
"목재문화자연사체험관",INCOMPLETE_DATA (Both),"정보 없음",,,1,"leisure","［충남］ 청양 목재문화자연사체험관"
"백제문화체험박물관",INCOMPLETE_DATA (Both),"정보 없음",,,1,"leisure","［충남］ 청양 백제문화체험박물관"
"파라다이스 도고",INCOMPLETE_DATA (Both),"정보 없음",,,1,"leisure","［충남］ 파라다이스스파 도고 하이시즌 입장권"
"충남 피나클랜드",INCOMPLETE_DATA (Both),"정보 없음",,,1,"leisure","［충남］ 피나클랜드 눈꽃정원 눈썰매축제!!"
"서천 금빛노을 서울캠핑장",INCOMPLETE_DATA (Both),"정보 없음",,,1,"leisure","서천 금빛노을 서울캠핑장"
"스몹 대전",INCOMPLETE_DATA (Both),"정보 없음",,,1,"leisure","스몹 대전 이용권 (1~2월)"
"경주코오롱호텔 - 타임애프터타임 전시회 입장권",INCOMPLETE_DATA (Both),"정보 없음",,,1,"exhibition","［경북］ 경주코오롱호텔 - 타임애프터타임 전시회 입장권"
"국립낙동강생물자원관",INCOMPLETE_DATA (Both),"정보 없음",,,1,"exhibition","［경북］ 국립낙동강생물자원관"
"동궁원+바니베어뮤지엄",INCOMPLETE_DATA (Both),"정보 없음",,,1,"exhibition","［경주］ 동궁원+바니베어뮤지엄 힐링패키지"
"대구미술관",INCOMPLETE_DATA (Both),"정보 없음",,,1,"exhibition","［관람일 지정 할인 30%］ 대구미술관 입장권"
"이월드 83타워 2층 전시장",INCOMPLETE_DATA (Both),"정보 없음",,,1,"exhibition","［신년맞이 25~40%감사할인］［대구］ 판타와 지노의 공룡탐험전 시즌2"
"대구간송미술관",INCOMPLETE_DATA (Both),"정보 없음",,,1,"exhibition","대구간송미술관 상설전시"
"베이글유니버스",INCOMPLETE_DATA (Both),"정보 없음",,,1,"exhibition","베이글유니버스"
"대백프라자갤러리 (프라자점 12F)",INCOMPLETE_DATA (Both),"정보 없음",,,1,"exhibition","스노우미술관5 - 대구"
"경주월드",INCOMPLETE_DATA (Both),"정보 없음",,,1,"leisure","［1월］ 경주월드 종일/오후 파크이용권"
"드림닥터 대구점",INCOMPLETE_DATA (Both),"정보 없음",,,1,"leisure","［26년 1~2월］ 드림닥터 대구점 의사직업체험 이용권"
"㈜ 아이체험교육여행",INCOMPLETE_DATA (Both),"정보 없음",,,1,"leisure","［경북 경주］ 경주여행 가이드 투어"
"영양꽁꽁겨울축제",INCOMPLETE_DATA (Both),"정보 없음",,,1,"leisure","［경북/영양］ 제3회 영양꽁꽁겨울축제"
"추억의달동네",INCOMPLETE_DATA (Both),"정보 없음",,,1,"leisure","［경북］ 경주가족여행! 정글미디어파크 통합권+추억의달동네"
"한국코미디타운",INCOMPLETE_DATA (Both),"정보 없음",,,1,"leisure","［경북］ 청도 한국코미디타운 코미디공연"
"청도용암온천",INCOMPLETE_DATA (Both),"정보 없음",,,1,"leisure","［경북］ 청도용암온천 가족탕 이용권"
"청도 용암온천",INCOMPLETE_DATA (Both),"정보 없음",,,1,"leisure","［경북］ 청도용암온천 스파 이용권"
"포항 요트데이",INCOMPLETE_DATA (Both),"정보 없음",,,1,"leisure","［경북］ 포항 요트투어 요트데이(요트투어/퍼블릭/프라이빗/커플/프로포즈)"
"울진 왕피천 아쿠아리움",INCOMPLETE_DATA (Both),"정보 없음",,,1,"leisure","［경북］울진 왕피천 아쿠아리움"
"울진 왕피천 케이블카",INCOMPLETE_DATA (Both),"정보 없음",,,1,"leisure","［경북］울진 왕피천 케이블카"
"주렁주렁 경주보문점",INCOMPLETE_DATA (Both),"정보 없음",,,1,"leisure","［경북］주렁주렁 실내 동물원 경주점"
"경북투어패스 통합권",INCOMPLETE_DATA (Both),"정보 없음",,,1,"leisure","［경북투어패스］ 경북투어패스 통합권"
"문경투어패스",INCOMPLETE_DATA (Both),"정보 없음",,,1,"leisure","［경북투어패스］ 문경투어패스"
"안동투어패스",INCOMPLETE_DATA (Both),"정보 없음",,,1,"leisure","［경북투어패스］ 안동투어패스"
"경산 백자산 온천",INCOMPLETE_DATA (Both),"정보 없음",,,1,"leisure","［경산］ 백자산온천 사우나＆노천탕 이용권"
"경주 강동워터파크",INCOMPLETE_DATA (Both),"정보 없음",,,1,"leisure","［경주］ 강동워터파크 화이트시즌 이용권"
"국민힐링파크",INCOMPLETE_DATA (Both),"정보 없음",,,1,"leisure","［경주］ 국민 힐링파크 토끼섬 얼음왕국 눈썰매장"
"또봇정크아트",INCOMPLETE_DATA (Both),"정보 없음",,,1,"leisure","［경주］ 또봇정크아트(경주엑스포통합이용권 포함)"
"보문투어 대여",INCOMPLETE_DATA (Both),"정보 없음",,,1,"leisure","［경주］ 보문투어 대여 (전기자전거＆전동킥보드)"
"경주 엑스포 대공원",INCOMPLETE_DATA (Both),"정보 없음",,,1,"leisure","［경주］ 엑스포대공원+렛미체인지 교복or의상대여 패키지"
"엑스포대공원",INCOMPLETE_DATA (Both),"정보 없음",,,1,"leisure","［경주］ 엑스포대공원+코오롱호텔 타임애프터타임 전시회 패키지"
"여기한복",INCOMPLETE_DATA (Both),"정보 없음",,,1,"leisure","［경주］ 여기한복 한복대여"
"원더스페이스 보문점",INCOMPLETE_DATA (Both),"정보 없음",,,1,"leisure","［경주］ 원더스페이스 보문점 이용권"
"입실온천앤골프",INCOMPLETE_DATA (Both),"정보 없음",,,1,"leisure","［경주］ 입실온천앤골프이용권"
"경주 전동놀이터",INCOMPLETE_DATA (Both),"정보 없음",,,1,"leisure","［경주］ 전동놀이터 전동대여"
"황남자전거",INCOMPLETE_DATA (Both),"정보 없음",,,1,"leisure","［경주］ 황남자전거 전동대여"
"큐토피아 키즈카페",INCOMPLETE_DATA (Both),"정보 없음",,,1,"leisure","［구미］ 송정동 큐토피아 키즈카페"
"쥬쥬동산 우리아이 생태학습 체험장",INCOMPLETE_DATA (Both),"정보 없음",,,1,"leisure","［구미］ 쥬쥬동산 우리아이 생태학습 체험장"
"군위 테마파크",INCOMPLETE_DATA (Both),"정보 없음",,,1,"leisure","［군위］ 삼국유사 테마파크 ＂눈썰매 개장＂"
"스파크필드",INCOMPLETE_DATA (Both),"정보 없음",,,1,"leisure","［대구］ (필드발권)동성로스파크 올데이패스"
"네이처파크",INCOMPLETE_DATA (Both),"정보 없음",,,1,"leisure","［대구］ 네이처파크 스윗윈터페스티벌 이용권"
"대구 달용이 챌린지파크",INCOMPLETE_DATA (Both),"정보 없음",,,1,"leisure","［대구］ 달용이 챌린지파크"
"라이크디즈위드 교동점",INCOMPLETE_DATA (Both),"정보 없음",,,1,"leisure","［대구］ 라이크디즈위드 교동점_킴밍 × 그노 콜라보전 〈MY LITTLE FURRY FRIENDS〉"
"대구 수목원 생활온천",INCOMPLETE_DATA (Both),"정보 없음",,,1,"leisure","［대구］ 수목원 생활온천 (온천+바데풀/온천+찜질방)"
"대구 아이스파크",INCOMPLETE_DATA (Both),"정보 없음",,,1,"leisure","［대구］ 아이스파크 아이스링크장"
"대구 스파밸리",INCOMPLETE_DATA (Both),"정보 없음",,,1,"leisure","［대구］ 워터파크 스파밸리 겨울온천수(12/20~)"
"이월드 83타워",INCOMPLETE_DATA (Both),"정보 없음",,,1,"leisure","［대구］ 이월드 83타워 전망대+공룡탐험전 PKG 1월"
"［대구］ 이월드",INCOMPLETE_DATA (Both),"정보 없음",,,1,"leisure","［대구］ 이월드 연간회원권 1월"
"팔공산 케이블카",INCOMPLETE_DATA (Both),"정보 없음",,,1,"leisure","［대구］ 팔공산 케이블카 왕복 이용권"
"펀앤챌린지",INCOMPLETE_DATA (Both),"정보 없음",,,1,"leisure","［대구］ 펀앤챌린지 자유이용권"
"히어로플레이파크 대구 침산점",INCOMPLETE_DATA (Both),"정보 없음",,,1,"leisure","［대구］ 히어로플레이파크 침산점 소인권"
"주식회사 어디든가게",INCOMPLETE_DATA (Both),"정보 없음",,,1,"leisure","［영천］ 야외추리게임 별의기억 시간이탈자"
"칠곡 러키더키 패밀리랜드",INCOMPLETE_DATA (Both),"정보 없음",,,1,"leisure","［칠곡］ 러키더키 패밀리랜드(아쿠아리움＆수목원)"
"포항 앨리스파파",INCOMPLETE_DATA (Both),"정보 없음",,,1,"leisure","［포항］ 앨리스파파 키즈카페"
"포항 장기유배문화체험촌",INCOMPLETE_DATA (Both),"정보 없음",,,1,"leisure","［포항］ 야외 방탈출 추리게임 (잔상일지: 시간여행자 포항 장기유배촌의 비밀)"
"대구 스틸 301 플레이파크",INCOMPLETE_DATA (Both),"정보 없음",,,1,"leisure","대구 스틸 301 플레이파크"
"경주 더케이호텔 스파월드",INCOMPLETE_DATA (Both),"정보 없음",,,1,"leisure","더케이호텔 스파월드 이용권"
"경주 뽀로로아쿠아빌리지",INCOMPLETE_DATA (Both),"정보 없음",,,1,"leisure","뽀로로아쿠아빌리지 이용권 1월 (1/1~1/31)"
"상주 감꽃마을 서울캠핑장",INCOMPLETE_DATA (Both),"정보 없음",,,1,"leisure","상주 감꽃마을 서울캠핑장"
"치산관광지 캠핑장",INCOMPLETE_DATA (Both),"정보 없음",,,1,"leisure","영천 치산관광지 캠핑장"
"영천시 별빛테마마을 (야영장, 글램핑장)",INCOMPLETE_DATA (Both),"정보 없음",,,1,"leisure","영천시 별빛테마마을 (야영장, 글램핑장)"
"보현산댐 짚와이어",INCOMPLETE_DATA (Both),"정보 없음",,,1,"leisure","영천시 보현산댐 짚와이어 ＋ 모노레일"
"영천시 한의마을 한옥체험관",INCOMPLETE_DATA (Both),"정보 없음",,,1,"leisure","영천시 한의마을 한옥체험관"
"옐레드 대구신월성점",INCOMPLETE_DATA (Both),"정보 없음",,,1,"leisure","옐레드 대구신월성점 애견유치원 애견호텔 이용권"
"잭슨나인스 대구점",INCOMPLETE_DATA (Both),"정보 없음",,,1,"leisure","잭슨나인스 대구점 (유효기간 : 26/01/01~03/31)"
"부산 엑스더스카이",INCOMPLETE_DATA (Both),"정보 없음",,,1,"exhibition","［부산］ 엑스더스카이 전망대 입장권 (12/1~)"
"영화체험박물관＆씨네뮤지엄",INCOMPLETE_DATA (Both),"정보 없음",,,1,"exhibition","［부산］ 영화체험박물관＆씨네뮤지엄"
"덕스(DUEX) 부산",INCOMPLETE_DATA (Both),"정보 없음",,,1,"exhibition","［부산］ TV애니메이션 체인소 맨 展"
"부산 시티투어버스X뮤지엄원",INCOMPLETE_DATA (Both),"정보 없음",,,1,"exhibition","［부산투어패스］부산시티투어버스X해운대 센텀 뮤지엄원"
"요트홀릭X뮤지엄원",INCOMPLETE_DATA (Both),"정보 없음",,,1,"exhibition","［부산투어패스］해운대 요트투어 요트홀릭X센텀 뮤지엄원"
"부산 영도 피아크 전시장 2F",INCOMPLETE_DATA (Both),"정보 없음",,,1,"exhibition","［신년맞이 감사 10%할인］［부산］ 짱구야 캠핑가자展 시즌2 - 두번째 이야기"
"자수정동굴",INCOMPLETE_DATA (Both),"정보 없음",,,1,"exhibition","［울산］ 자수정동굴 입장+보트PKG"
"포디움다이브엠",INCOMPLETE_DATA (Both),"정보 없음",,,1,"exhibition","［한정 50%할인］ ［부산］ 미피와 마법 우체통 in 부산"
"라이트룸 울산",INCOMPLETE_DATA (Both),"정보 없음",,,1,"exhibition","라이트룸 울산 〈더 문워커스  The Moonwalkers / 데이비드 호크니 Bigger ＆ Closer〉"
"뮤지엄원",INCOMPLETE_DATA (Both),"정보 없음",,,1,"exhibition","부산 센텀 뮤지엄원 (다시, 낭만의 시대) 미디어아트 전시"
"브릭캠퍼스 부산",INCOMPLETE_DATA (Both),"정보 없음",,,1,"exhibition","브릭캠퍼스 부산"
"현대백화점 울산점 13층 팝업행사장",INCOMPLETE_DATA (Both),"정보 없음",,,1,"exhibition","키자니아GO - 현대백화점 울산점"
"밀양 트윈터널",INCOMPLETE_DATA (Both),"정보 없음",,,1,"leisure","［경남 밀양］ 삼량진 트윈터널 테마파크"
"하동 케이블카",INCOMPLETE_DATA (Both),"정보 없음",,,1,"leisure","［경남 하동］ 하동 케이블카 탑승권"
"거제 씨월드",INCOMPLETE_DATA (Both),"정보 없음",,,1,"leisure","［경남］ 거제 씨월드 입장권"
"카나리아147",INCOMPLETE_DATA (Both),"정보 없음",,,1,"leisure","［경남］ 거제 통영 요트투어 카나리아147"
"통영 케이블카",INCOMPLETE_DATA (Both),"정보 없음",,,1,"leisure","［경남］ 통영 케이블카 1회왕복+디피랑/어드벤처타워 패키지"
"통영 스카이라인루지",INCOMPLETE_DATA (Both),"정보 없음",,,1,"leisure","［경남］ 통영루지(+리프트) 3회권+케이블카 빅2 이용권"
"청도 랜드마크",INCOMPLETE_DATA (Both),"정보 없음",,,1,"leisure","［경북 청도］ 랜드마크 패키지 이용권"
"롯데프리미엄 아울렛 놀이동산 키즈파크",INCOMPLETE_DATA (Both),"정보 없음",,,1,"leisure","［김해］ 롯데프리미엄 아울렛 놀이동산 키즈파크"
"장유스파랜드",INCOMPLETE_DATA (Both),"정보 없음",,,1,"leisure","［김해］ 장유스파랜드 이용권(구.장유온천랜드)"
"히어로하이센터 김해점",INCOMPLETE_DATA (Both),"정보 없음",,,1,"leisure","［김해］ 히어로하이센터 김해점 오픈 더블 특가"
"노랑 고카트",INCOMPLETE_DATA (Both),"정보 없음",,,1,"leisure","［남해］ 노랑 고카트"
"부산요트투어 고고요트",INCOMPLETE_DATA (Both),"정보 없음",,,1,"leisure","［부산 해운대］ 부산 요트투어 고고요트 (광안리/더베이101)"
"부산요트투어 더베이",INCOMPLETE_DATA (Both),"정보 없음",,,1,"leisure","［부산 해운대］ 부산 요트투어 더베이"
"부산요트블랑",INCOMPLETE_DATA (Both),"정보 없음",,,1,"leisure","［부산 해운대］ 부산 요트투어 부산요트블랑 프라이빗 투어"
"부산 씨앤요트",INCOMPLETE_DATA (Both),"정보 없음",,,1,"leisure","［부산 해운대］ 부산 요트투어 씨앤요트 프라이빗 단독대여"
"［부산 해운대］ 부산 요트투어 아이러브유요트",INCOMPLETE_DATA (Both),"정보 없음",,,1,"leisure","［부산 해운대］ 부산 요트투어 아이러브유요트 퍼블릭 투어/ 프라이빗투어"
"부산요트투어 준",INCOMPLETE_DATA (Both),"정보 없음",,,1,"leisure","［부산 해운대］ 부산 요트투어 요트 준"
"해운대요트투어 요트가이",INCOMPLETE_DATA (Both),"정보 없음",,,1,"leisure","［부산 해운대］ 부산 요트투어 요트가이 (폭죽, 폴라로이드) 광안리"
"부산 요트투어 요트다",INCOMPLETE_DATA (Both),"정보 없음",,,1,"leisure","［부산 해운대］ 부산 요트투어 요트다"
"［부산/해운대］ 부산요트투어 요트와",INCOMPLETE_DATA (Both),"정보 없음",,,1,"leisure","［부산 해운대］ 부산 요트투어 요트와 특가"
"요트타자",INCOMPLETE_DATA (Both),"정보 없음",,,1,"leisure","［부산 해운대］ 부산 요트투어 요트타자 퍼블릭 투어"
"부산요트투어 요트하이",INCOMPLETE_DATA (Both),"정보 없음",,,1,"leisure","［부산 해운대］ 부산 요트투어 요트하이 (해운대/광안리/더베이101)"
"［부산］ 해운대 요트G 퍼블릭투어",INCOMPLETE_DATA (Both),"정보 없음",,,1,"leisure","［부산 해운대］ 부산 요트투어 요트G 퍼블릭투어"
"부산요트투어 위드요트",INCOMPLETE_DATA (Both),"정보 없음",,,1,"leisure","［부산 해운대］ 부산 요트투어 위드요트"
"부산 요트투어 이디엠",INCOMPLETE_DATA (Both),"정보 없음",,,1,"leisure","［부산 해운대］ 부산 요트투어 이디엠"
"부산요트 카카오",INCOMPLETE_DATA (Both),"정보 없음",,,1,"leisure","［부산 해운대］ 부산 요트투어 카카오요트 (광안리/ 더베이101)"
"요트탈까",INCOMPLETE_DATA (Both),"정보 없음",,,1,"leisure","［부산 해운대］ 부산요트투어 24년신형 요트탈까"
"해운대 리버크루즈 탑승권(주/야간)",INCOMPLETE_DATA (Both),"정보 없음",,,1,"leisure","［부산 해운대］ 부산요트투어 광안리 더베이101 해운대리버크루즈"
"부산요트투어 더요트",INCOMPLETE_DATA (Both),"정보 없음",,,1,"leisure","［부산 해운대］ 부산요트투어 더요트"
"부산요트 사랑해프로포즈",INCOMPLETE_DATA (Both),"정보 없음",,,1,"leisure","［부산 해운대］ 부산요트투어 사랑해요트투어"
"부산요트투어 요트레시피",INCOMPLETE_DATA (Both),"정보 없음",,,1,"leisure","［부산 해운대］ 부산요트투어 요트레시피"
"요트야",INCOMPLETE_DATA (Both),"정보 없음",,,1,"leisure","［부산 해운대］ 부산요트투어 요트야 (대/소 공통권 특가 진행중)"
"해운대 브레이크아웃",INCOMPLETE_DATA (Both),"정보 없음",,,1,"leisure","［부산 해운대］브레이크 아웃 이스케이프 방탈출"
"레이저태그스포츠",INCOMPLETE_DATA (Both),"정보 없음",,,1,"leisure","［부산/광안리］ 레이저 서바이벌 레이저태그스포츠"
"남포동 쿵스 게임랜드",INCOMPLETE_DATA (Both),"정보 없음",,,1,"leisure","［부산］ 남포동 쿵스 게임랜드"
"쿵스 롤러스케이트장",INCOMPLETE_DATA (Both),"정보 없음",,,1,"leisure","［부산］ 남포동 쿵스 롤러스케이트장"
"롯데월드 어드벤처 부산",INCOMPLETE_DATA (Both),"정보 없음",,,1,"leisure","［부산］ 롯데월드 어드벤처 부산 (~26/02/01)"
"부산타워",INCOMPLETE_DATA (Both),"정보 없음",,,1,"leisure","［부산］ 부산타워 이용권"
"부산투어패스",INCOMPLETE_DATA (Both),"정보 없음",,,1,"leisure","［부산］ 부산투어패스 부산여행 프리패스권"
"부산 센텀 스파랜드",INCOMPLETE_DATA (Both),"정보 없음",,,1,"leisure","［부산］ 센텀 스파랜드 입장권(1/1~1/31)"
"송도 해상케이블카",INCOMPLETE_DATA (Both),"정보 없음",,,1,"leisure","［부산］ 송도해상케이블카+레이저아레나 PKG"
"캐치웨이브",INCOMPLETE_DATA (Both),"정보 없음",,,1,"leisure","［부산］ 송정서핑강습 해운대 캐치웨이브"
"스카이라인 루지 부산",INCOMPLETE_DATA (Both),"정보 없음",,,1,"leisure","［부산］ 스카이라인 하이플라이 짚라인 이용권"
"아쿠아플레이하우스",INCOMPLETE_DATA (Both),"정보 없음",,,1,"leisure","［부산］ 아쿠아플레이하우스 명지점 이용권"
"아트인해리단",INCOMPLETE_DATA (Both),"정보 없음",,,1,"leisure","［부산］ 아트인해리단 공방체험 데이트"
"닥터메포츠 사우나＆헬스",INCOMPLETE_DATA (Both),"정보 없음",,,1,"leisure","［부산］ 연제구 닥터메포츠 사우나＆헬스 이용권"
"SMB 웰니스",INCOMPLETE_DATA (Both),"정보 없음",,,1,"leisure","［부산］ 오션뷰 종합 힐링센터 / 요가, 얼굴관리, 전신관리 / SMB웰니스센터"
"키위키즈랜드",INCOMPLETE_DATA (Both),"정보 없음",,,1,"leisure","［부산］ 키위키즈랜드"
"해운대 스파마린 사우나",INCOMPLETE_DATA (Both),"정보 없음",,,1,"leisure","［부산］ 해운대 스파마린 사우나"
"MCT슈팅클럽",INCOMPLETE_DATA (Both),"정보 없음",,,1,"leisure","［부산］ MCT슈팅클럽 이용권"
"동물의 정원",INCOMPLETE_DATA (Both),"정보 없음",,,1,"leisure","［울산］ 동물의 정원!! (동물생태관 및 야외동물원)"
"성남 아이존팝",INCOMPLETE_DATA (Both),"정보 없음",,,1,"leisure","［울산］ 성남 아이존팝＆보물찾기 이용권"
"울산 큰애기 하우스",INCOMPLETE_DATA (Both),"정보 없음",,,1,"leisure","［울산］ 야외 방탈출 추리게임 (잔상일지: 울산골목의 신비한 시간 여행)"
"요트탈래_울산",INCOMPLETE_DATA (Both),"정보 없음",,,1,"leisure","［울산］ 울산 12경에 속하는 대왕암공원 요트투어(새우깡, 폴라로이드, 1200발 폭죽 무료)"
"자수정 동굴나라",INCOMPLETE_DATA (Both),"정보 없음",,,1,"leisure","［울산］ 자수정 동굴나라 눈썰매장 이용권"
"울산 캐니언파크",INCOMPLETE_DATA (Both),"정보 없음",,,1,"leisure","［울산］ 캐니언파크 입장권"
"진주 레전드히어로즈",INCOMPLETE_DATA (Both),"정보 없음",,,1,"leisure","［진주］ 스크린 스포츠 테마파크 레전드히어로즈"
"창원투어패스",INCOMPLETE_DATA (Both),"정보 없음",,,1,"leisure","［창원］ 창원투어패스"
"더카트인 통영",INCOMPLETE_DATA (Both),"정보 없음",,,1,"leisure","［통영］ 더카트인 1회(5바퀴)+케이블카 1회왕복 이용권"
"스카이라인루지 통영",INCOMPLETE_DATA (Both),"정보 없음",,,1,"leisure","［통영］ 스카이라인 루지 이용권"
"금오산랜드 눈썰매장",INCOMPLETE_DATA (Both),"정보 없음",,,1,"leisure","［하동］ 금오산랜드 눈썰매장"
"더브릭 키즈카페 W스퀘어점",INCOMPLETE_DATA (Both),"정보 없음",,,1,"leisure","더브릭 키즈카페 부산 용호동 W스퀘어점"
"통영 더카트인",INCOMPLETE_DATA (Both),"정보 없음",,,1,"leisure","더카트인 통영 특별할인권"
"레이저아레나 송도점",INCOMPLETE_DATA (Both),"정보 없음",,,1,"leisure","레이저아레나 부산 송도해상케이블카점"
"김해 롯데워터파크",INCOMPLETE_DATA (Both),"정보 없음",,,1,"leisure","롯데워터파크 로우6시즌 종일권 (1/17~ 2/18)"
"김해 롯데워터파크 매직후크",INCOMPLETE_DATA (Both),"정보 없음",,,1,"leisure","롯데워터파크 매직후크 이용권(~03/02)"
"부산 랜드마크",INCOMPLETE_DATA (Both),"정보 없음",,,1,"leisure","부산 랜드마크 패키지 이용권"
"부산항 힐링 야영장",INCOMPLETE_DATA (Both),"정보 없음",,,1,"leisure","부산항 힐링 야영장"
"통영 오션브리즈",INCOMPLETE_DATA (Both),"정보 없음",,,1,"leisure","오션브리즈 요트투어"
"잭슨나인스 양산점",INCOMPLETE_DATA (Both),"정보 없음",,,1,"leisure","잭슨나인스 양산점 (유효기간 : 1/1~1/31)"
"잭슨나인스 창원점",INCOMPLETE_DATA (Both),"정보 없음",,,1,"leisure","잭슨나인스 창원점 이용권 (유효기간 : 1/1~1/31)"
"하이리페움",INCOMPLETE_DATA (Both),"정보 없음",,,1,"leisure","하이리페움 온천사우나(스파) 이용권(1인/쿠폰)"
"고인돌박물관",INCOMPLETE_DATA (Both),"정보 없음",,,1,"exhibition","［전북투어패스］ 고창 고인돌박물관 단독상품"
"액션하우스",INCOMPLETE_DATA (Both),"정보 없음",,,1,"leisure","［전북 익산］ 전북투어패스 익산 액션하우스 PKG"
"［군산］ 패러글라이딩2인승체험비행",INCOMPLETE_DATA (Both),"정보 없음",,,1,"leisure","［전북］ 군산 패러글라이딩 (사진촬영코스/체험/이용권/예약 당일 사용)"
"머루와인동굴",INCOMPLETE_DATA (Both),"정보 없음",,,1,"leisure","［전북투어패스］ 무주 머루와인동굴 단독상품"
"전주한옥마을 한복길 한복대여",INCOMPLETE_DATA (Both),"정보 없음",,,1,"leisure","［전주］ 전주한옥마을 한복길 한복대여"
"전주 한옥마을 한복남",INCOMPLETE_DATA (Both),"정보 없음",,,1,"leisure","［전주］ 전주한옥마을 한복대여 한복남"
"여수 아르떼뮤지엄",INCOMPLETE_DATA (Both),"정보 없음",,,1,"exhibition","［여수］ 아르떼뮤지엄"
"딜라이트 담양",INCOMPLETE_DATA (Both),"정보 없음",,,1,"exhibition","［전남］ 딜라이트 담양(담양의 아름다움을 담은 미디어아트)"
"영암곤충박물관",INCOMPLETE_DATA (Both),"정보 없음",,,1,"exhibition","전남 영암곤충박물관"
"섬진강 별빛 스카이 (더챌린지)",INCOMPLETE_DATA (Both),"정보 없음",,,1,"leisure","［광양］ 섬진강 별빛 스카이 짚와이어"
"아쿠아시티",INCOMPLETE_DATA (Both),"정보 없음",,,1,"leisure","［광주］ 아쿠아시티 스파 워터파크 이용권"
"광주 쿵스 게임랜드",INCOMPLETE_DATA (Both),"정보 없음",,,1,"leisure","［광주］ 쿵스 게임랜드 이용권"
"히어로플레이파크 광주점",INCOMPLETE_DATA (Both),"정보 없음",,,1,"leisure","［광주］ 히어로플레이파크 광주점 소인권"
"소아르떼",INCOMPLETE_DATA (Both),"정보 없음",,,1,"leisure","［담양］ 대규모 복합예술단지 소아르떼"
"대나무 숯가마 찜질방",INCOMPLETE_DATA (Both),"정보 없음",,,1,"leisure","［담양］ 대나무 숯가마 찜질방"
"여수 녹테마레",INCOMPLETE_DATA (Both),"정보 없음",,,1,"leisure","［여수］ 녹테마레 이용권"
"［광주］곡성 기차마을 패러글라이딩",INCOMPLETE_DATA (Both),"정보 없음",,,1,"leisure","［전남 곡성］ 기차마을 패러글라이딩"
"목포 요트타볼레옹",INCOMPLETE_DATA (Both),"정보 없음",,,1,"leisure","［전남 목포］ 요트투어 요트타볼레옹(요트투어/세일링/프라이빗투어/목포요트마리나)"
"［완도］ 청해포구 촬영장",INCOMPLETE_DATA (Both),"정보 없음",,,1,"leisure","［전남 완도］ 청해포구 촬영장"
"금호화순스파리조트 아쿠아나",INCOMPLETE_DATA (Both),"정보 없음",,,1,"leisure","［전남 화순］ 금호화순스파리조트 아쿠아나 비수기 이용권"
"담양리조트",INCOMPLETE_DATA (Both),"정보 없음",,,1,"leisure","［전남］ 담양리조트 온천사우나 이용권"
"테테루테마파크",INCOMPLETE_DATA (Both),"정보 없음",,,1,"leisure","［전남］ 담양오랑쥬마을 테마파크 눈썰매장"
"라풀 어드벤처 워터파크",INCOMPLETE_DATA (Both),"정보 없음",,,1,"leisure","［전남］ 라풀:어드벤처 워터파크"
"비봉공룡공원",INCOMPLETE_DATA (Both),"정보 없음",,,1,"leisure","［전남］ 보성 비봉공룡공원"
"썬웨이 워터파크",INCOMPLETE_DATA (Both),"정보 없음",,,1,"leisure","［전남］ 썬웨이 워터파크 도곡온천 특가 이용권"
"두륜산 케이블카",INCOMPLETE_DATA (Both),"정보 없음",,,1,"leisure","［해남］ 두륜산 케이블카 왕복 할인권"
"함평 나비마을 서울캠핑장",INCOMPLETE_DATA (Both),"정보 없음",,,1,"leisure","함평 나비마을 서울캠핑장"
"하리보 해피월드 인 제주",INCOMPLETE_DATA (Both),"정보 없음",,,1,"exhibition","［2026년］ 하리보 해피월드 인 제주"
"고흐의 정원",INCOMPLETE_DATA (Both),"정보 없음",,,1,"exhibition","［제주］ 고흐의정원"
"제주 그리스신화박물관＆트릭아이 미술관",INCOMPLETE_DATA (Both),"정보 없음",,,1,"exhibition","［제주］ 그리스신화박물관＆트릭아이미술관+화조원"
"더 케이쇼",INCOMPLETE_DATA (Both),"정보 없음",,,1,"exhibition","［제주］ 더 케이쇼 (The K-show ) ♥족욕 체험 증정♥"
"아이바가든",INCOMPLETE_DATA (Both),"정보 없음",,,1,"exhibition","［제주］ 아이바가든"
"제주 워터월드",INCOMPLETE_DATA (Both),"정보 없음",,,1,"exhibition","［제주］ 워터월드제주 입장권"
"이너리스 제주",INCOMPLETE_DATA (Both),"정보 없음",,,1,"exhibition","［제주］ 이너리스"
"건강과성박물관",INCOMPLETE_DATA (Both),"정보 없음",,,1,"exhibition","［제주］ 제주 건강과성박물관"
"제주홀릭뮤지엄",INCOMPLETE_DATA (Both),"정보 없음",,,1,"exhibition","［제주］ 제주홀릭뮤지엄"
"빛의 벙커",INCOMPLETE_DATA (Both),"정보 없음",,,1,"exhibition","［제주］1월 빛의 벙커:칸딘스키, 추상 회화의 오디세이"
"아라리오뮤지엄 동문모텔Ⅰ＆ Ⅱ",INCOMPLETE_DATA (Both),"정보 없음",,,1,"exhibition","［제주］아라리오뮤지엄 동문모텔Ⅰ＆ Ⅱ 통합권"
"김택화미술관",INCOMPLETE_DATA (Both),"정보 없음",,,1,"exhibition","김택화 : 제주의 풍경展"
"포도뮤지엄",INCOMPLETE_DATA (Both),"정보 없음",,,1,"exhibition","우리 이토록 작은 존재들"
"제주난타",INCOMPLETE_DATA (Both),"정보 없음",,,1,"exhibition","제주난타"
"테디베어뮤지엄 제주",INCOMPLETE_DATA (Both),"정보 없음",,,1,"leisure","［제주 서귀포］ 테디베어뮤지엄"
"애월 배낚시 성안호",INCOMPLETE_DATA (Both),"정보 없음",,,1,"leisure","［제주 애월］ 애월 배낚시 성안호"
"무지개요트",INCOMPLETE_DATA (Both),"정보 없음",,,1,"leisure","［제주］ ♥포니밸리 낙타트래킹 증정♥ 제주요트투어"
"마라도 정기여객선",INCOMPLETE_DATA (Both),"정보 없음",,,1,"leisure","［제주］ 가파도＆마라도정기여객선+짜장＆짬뽕"
"파더스가든",INCOMPLETE_DATA (Both),"정보 없음",,,1,"leisure","［제주］ 감성정원 파더스가든"
"고스트타운",INCOMPLETE_DATA (Both),"정보 없음",,,1,"leisure","［제주］ 고스트타운 유령의집"
"그림카페",INCOMPLETE_DATA (Both),"정보 없음",,,1,"leisure","［제주］ 그림카페 1만원 이용권"
"제주금당목장 ATV",INCOMPLETE_DATA (Both),"정보 없음",,,1,"leisure","［제주］ 금당목장ATV"
"김녕왕발통",INCOMPLETE_DATA (Both),"정보 없음",,,1,"leisure","［제주］ 김녕 왕발통"
"김녕미로공원",INCOMPLETE_DATA (Both),"정보 없음",,,1,"leisure","［제주］ 김녕미로공원"
"제주 김녕요트투어",INCOMPLETE_DATA (Both),"정보 없음",,,1,"leisure","［제주］ 김녕요트투어"
"낙타트래킹",INCOMPLETE_DATA (Both),"정보 없음",,,1,"leisure","［제주］ 낙타트래킹+먹이주기체험"
"노리매",INCOMPLETE_DATA (Both),"정보 없음",,,1,"leisure","［제주］ 노리매"
"대유ATV수렵사격랜드",INCOMPLETE_DATA (Both),"정보 없음",,,1,"leisure","［제주］ 대유ATV수렵사격랜드"
"제주 댕냥별",INCOMPLETE_DATA (Both),"정보 없음",,,1,"leisure","［제주］ 댕냥별 입장권"
"댕댕투어패스",INCOMPLETE_DATA (Both),"정보 없음",,,1,"leisure","［제주］ 댕댕투어패스 반려견 동반 프리패스"
"더 숲 아로마",INCOMPLETE_DATA (Both),"정보 없음",,,1,"leisure","［제주］ 더 숲 아로마 앤 테라피"
"더 힐링타임",INCOMPLETE_DATA (Both),"정보 없음",,,1,"leisure","［제주］ 더 힐링타임 족욕체험"
"더마파크 공연",INCOMPLETE_DATA (Both),"정보 없음",,,1,"leisure","［제주］ 더마파크 공연"
"더마파크 승마",INCOMPLETE_DATA (Both),"정보 없음",,,1,"leisure","［제주］ 더마파크 승마"
"더마파크 카트",INCOMPLETE_DATA (Both),"정보 없음",,,1,"leisure","［제주］ 더마파크 카트"
"도치돌알파카목장",INCOMPLETE_DATA (Both),"정보 없음",,,1,"leisure","［제주］ 도치돌 알파카 목장"
"돌담프룻",INCOMPLETE_DATA (Both),"정보 없음",,,1,"leisure","［제주］ 돌담프룻 이용권 / 제주도 여행 감귤체험 포장 포토존"
"제주 돌문화공원",INCOMPLETE_DATA (Both),"정보 없음",,,1,"leisure","［제주］ 돌문화공원 입장권"
"드론파크",INCOMPLETE_DATA (Both),"정보 없음",,,1,"leisure","［제주］ 드론파크"
"드르쿰다 in 성산",INCOMPLETE_DATA (Both),"정보 없음",,,1,"leisure","［제주］ 드르쿰다 카페 자유이용권"
"아라고나이트 온천＆수영장",INCOMPLETE_DATA (Both),"정보 없음",,,1,"leisure","［제주］ 디아넥스 아라고나이트 온천＆수영장"
"레이저레나엑스 제주점",INCOMPLETE_DATA (Both),"정보 없음",,,1,"leisure","［제주］ 레이저아레나엑스 제주점"
"레일바이크",INCOMPLETE_DATA (Both),"정보 없음",,,1,"leisure","［제주］ 레일바이크"
"머맨스쿠버",INCOMPLETE_DATA (Both),"정보 없음",,,1,"leisure","［제주］ 머맨스쿠버"
"메이즈랜드",INCOMPLETE_DATA (Both),"정보 없음",,,1,"leisure","［제주］ 메이즈랜드"
"［제주］ 목장카페 밭디",INCOMPLETE_DATA (Both),"정보 없음",,,1,"leisure","［제주］ 목장카페 밭디"
"무지개요트투어",INCOMPLETE_DATA (Both),"정보 없음",,,1,"leisure","［제주］ 무지개요트"
"박물관은살아있다",INCOMPLETE_DATA (Both),"정보 없음",,,1,"leisure","［제주］ 박물관은살아있다"
"불빛정원",INCOMPLETE_DATA (Both),"정보 없음",,,1,"leisure","［제주］ 불빛정원＆인생사진관 이용권"
"힐링파크 비체올린",INCOMPLETE_DATA (Both),"정보 없음",,,1,"leisure","［제주］ 비체올린 테마파크"
"사려니 ATV＆승마",INCOMPLETE_DATA (Both),"정보 없음",,,1,"leisure","［제주］ 사려니 ATV"
"산굼부리",INCOMPLETE_DATA (Both),"정보 없음",,,1,"leisure","［제주］ 산굼부리 입장권"
"산방산탄산온천",INCOMPLETE_DATA (Both),"정보 없음",,,1,"leisure","［제주］ 산방산탄산온천+심쿵혜택"
"산양큰엉곶",INCOMPLETE_DATA (Both),"정보 없음",,,1,"leisure","［제주］ 산양큰엉곶"
"상효수목원",INCOMPLETE_DATA (Both),"정보 없음",,,1,"leisure","［제주］ 상효원 입장권"
"새별 ATV",INCOMPLETE_DATA (Both),"정보 없음",,,1,"leisure","［제주］ 새별ATV"
"서귀포다이브센터",INCOMPLETE_DATA (Both),"정보 없음",,,1,"leisure","［제주］ 서귀포 다이브센터 다이빙 체험"
"서프라이즈 테마파크",INCOMPLETE_DATA (Both),"정보 없음",,,1,"leisure","［제주］ 서프라이즈 테마파크"
"서핑도",INCOMPLETE_DATA (Both),"정보 없음",,,1,"leisure","［제주］ 서핑도 체험권"
"석예원 본초족욕 성산",INCOMPLETE_DATA (Both),"정보 없음",,,1,"leisure","［제주］ 석예원 본초족욕 성산"
"섭지코지 깡통열",INCOMPLETE_DATA (Both),"정보 없음",,,1,"leisure","［제주］ 섭지코지 깡통열차"
"성산 스쿠버 리조트",INCOMPLETE_DATA (Both),"정보 없음",,,1,"leisure","［제주］ 성산 스쿠버 리조트 다이빙"
"성산포유람선",INCOMPLETE_DATA (Both),"정보 없음",,,1,"leisure","［제주］ 성산포유람선"
"성지도예",INCOMPLETE_DATA (Both),"정보 없음",,,1,"leisure","［제주］ 성지도예 도자기 만들기 체험"
"세계자동차＆피아노박물관",INCOMPLETE_DATA (Both),"정보 없음",,,1,"leisure","［제주］ 세계자동차＆피아노박물관"
"소랑 ATV＆승마",INCOMPLETE_DATA (Both),"정보 없음",,,1,"leisure","［제주］ 소랑 ATV＆승마"
"소인국테마파크",INCOMPLETE_DATA (Both),"정보 없음",,,1,"leisure","［제주］ 소인국테마파크"
"송악카트",INCOMPLETE_DATA (Both),"정보 없음",,,1,"leisure","［제주］ 송악카트 이용권"
"쇠소깍산물관광농원",INCOMPLETE_DATA (Both),"정보 없음",,,1,"leisure","［제주］ 쇠소깍산물관광농원 감귤체험"
"스누피가든",INCOMPLETE_DATA (Both),"정보 없음",,,1,"leisure","［제주］ 스누피가든"
"스카이온파이브다이닝",INCOMPLETE_DATA (Both),"정보 없음",,,1,"leisure","［제주］ 스카이온파이브다이닝 뷔페 (제주신화월드)"
"스파엔아로마테라피",INCOMPLETE_DATA (Both),"정보 없음",,,1,"leisure","［제주］ 스파엔아로마테라피"
"제주실탄사격장",INCOMPLETE_DATA (Both),"정보 없음",,,1,"leisure","［제주］ 실탄사격장"
"씨에스 호텔",INCOMPLETE_DATA (Both),"정보 없음",,,1,"leisure","［제주］ 씨에스 호텔 앤 리조트 다이닝"
"아르떼키즈파크",INCOMPLETE_DATA (Both),"정보 없음",,,1,"leisure","［제주］ 아르떼 키즈파크"
"아이올레인포레스트",INCOMPLETE_DATA (Both),"정보 없음",,,1,"leisure","［제주］ 아이올레인포레스트"
"알프스 제주",INCOMPLETE_DATA (Both),"정보 없음",,,1,"leisure","［제주］ 알프스제주/ 승마 체험"
"제주 양떼목장",INCOMPLETE_DATA (Both),"정보 없음",,,1,"leisure","［제주］ 애월 양떼목장 이용권"
"액트몬",INCOMPLETE_DATA (Both),"정보 없음",,,1,"leisure","［제주］ 액트몬 중문"
"에코랜드 테마파크",INCOMPLETE_DATA (Both),"정보 없음",,,1,"leisure","［제주］ 에코랜드 테마파크"
"오늘은녹차족욕",INCOMPLETE_DATA (Both),"정보 없음",,,1,"leisure","［제주］ 오늘은 녹차족욕"
"제주 오레브스파",INCOMPLETE_DATA (Both),"정보 없음",,,1,"leisure","［제주］ 오레브 핫 스프링＆스파 (26.01.01~26.03.31)"
"제주오름승마랜드",INCOMPLETE_DATA (Both),"정보 없음",,,1,"leisure","［제주］ 오름승마랜드"
"오름ATV",INCOMPLETE_DATA (Both),"정보 없음",,,1,"leisure","［제주］ 오름ATV 이용권"
"오설록 티뮤지엄",INCOMPLETE_DATA (Both),"정보 없음",,,1,"leisure","［제주］ 오설록 제주 말차 소프트 아이스크림"
"오설록",INCOMPLETE_DATA (Both),"정보 없음",,,1,"leisure","［제주］ 오설록 티클래스"
"우도투어패스",INCOMPLETE_DATA (Both),"정보 없음",,,1,"leisure","［제주］ 우도투어패스"
"윈드1947 테마파크",INCOMPLETE_DATA (Both),"정보 없음",,,1,"leisure","［제주］ 윈드 1947 카트+심쿵혜택"
"윈드1947 카트",INCOMPLETE_DATA (Both),"정보 없음",,,1,"leisure","［제주］ 윈드1947 카트 이용권"
"유리바닥보트",INCOMPLETE_DATA (Both),"정보 없음",,,1,"leisure","［제주］ 유리바닥보트"
"일출랜드",INCOMPLETE_DATA (Both),"정보 없음",,,1,"leisure","［제주］ 일출랜드+심쿵혜택"
"자연인 제주족욕",INCOMPLETE_DATA (Both),"정보 없음",,,1,"leisure","［제주］ 자연인 제주족욕"
"제주 점보빌리지",INCOMPLETE_DATA (Both),"정보 없음",,,1,"leisure","［제주］ 점보빌리지 입장권"
"제주 감귤카트",INCOMPLETE_DATA (Both),"정보 없음",,,1,"leisure","［제주］ 제주 감귤카트"
"런닝맨 제주점",INCOMPLETE_DATA (Both),"정보 없음",,,1,"leisure","［제주］ 제주 런닝맨"
"제주 레일바이크",INCOMPLETE_DATA (Both),"정보 없음",,,1,"leisure","［제주］ 제주 레일바이크+심쿵혜택"
"제주 액티브파크",INCOMPLETE_DATA (Both),"정보 없음",,,1,"leisure","［제주］ 제주 액티브파크 카트"
"액티브파크 카트",INCOMPLETE_DATA (Both),"정보 없음",,,1,"leisure","［제주］ 제주 액티브파크 카트+심쿵혜택"
"제주 최남단 체험감귤농장",INCOMPLETE_DATA (Both),"정보 없음",,,1,"leisure","［제주］ 제주 최남단 체험감귤농장"
"제주 크리스마스박물관",INCOMPLETE_DATA (Both),"정보 없음",,,1,"leisure","［제주］ 제주 크리스마스박물관"
"제주바다체험장",INCOMPLETE_DATA (Both),"정보 없음",,,1,"leisure","［제주］ 제주바다체험장"
"제주바다하늘 패러글라이딩",INCOMPLETE_DATA (Both),"정보 없음",,,1,"leisure","［제주］ 제주바다하늘 패러글라이딩 / 힐링코스"
"제주시티투어",INCOMPLETE_DATA (Both),"정보 없음",,,1,"leisure","［제주］ 제주시티투어 (1회이용권/1일이용권)"
"제주신화월드",INCOMPLETE_DATA (Both),"정보 없음",,,1,"leisure","［제주］ 제주신화월드(신화테마파크 / 신화워터파크)"
"제주이야기 행원점",INCOMPLETE_DATA (Both),"정보 없음",,,1,"leisure","［제주］ 제주이야기 행원점"
"제주지프",INCOMPLETE_DATA (Both),"정보 없음",,,1,"leisure","［제주］ 제주지프"
"조안베어뮤지엄",INCOMPLETE_DATA (Both),"정보 없음",,,1,"leisure","［제주］ 조안베어뮤지엄"
"중문미로파크",INCOMPLETE_DATA (Both),"정보 없음",,,1,"leisure","［제주］ 중문미로파크"
"중문승마공원",INCOMPLETE_DATA (Both),"정보 없음",,,1,"leisure","［제주］ 중문승마공원"
"중문카트",INCOMPLETE_DATA (Both),"정보 없음",,,1,"leisure","［제주］ 중문카트 이용권"
"차귀도 달래배낚시",INCOMPLETE_DATA (Both),"정보 없음",,,1,"leisure","［제주］ 차귀도달래배낚시"
"초콜릿박물관",INCOMPLETE_DATA (Both),"정보 없음",,,1,"leisure","［제주］ 초콜릿박물관 입장권"
"(주) 캐플릭스",INCOMPLETE_DATA (Both),"정보 없음",,,1,"leisure","［제주］ 카페패스 3일 프리미엄"
"타크라다이브",INCOMPLETE_DATA (Both),"정보 없음",,,1,"leisure","［제주］ 타크라다이빙"
"탐라승마장",INCOMPLETE_DATA (Both),"정보 없음",,,1,"leisure","［제주］ 탐라승마장"
"토이승마장",INCOMPLETE_DATA (Both),"정보 없음",,,1,"leisure","［제주］ 토이승마장"
"팰롱팰롱 빛나는",INCOMPLETE_DATA (Both),"정보 없음",,,1,"leisure","［제주］ 팰롱팰롱 빛나는"
"편백포레스트 체험목장",INCOMPLETE_DATA (Both),"정보 없음",,,1,"leisure","［제주］ 편백포레스트 체험목장 이용권"
"포레스트 공룡사파리",INCOMPLETE_DATA (Both),"정보 없음",,,1,"leisure","［제주］ 포레스트공룡사파리 입장권"
"제주 피규어뮤지엄",INCOMPLETE_DATA (Both),"정보 없음",,,1,"leisure","［제주］ 피규어뮤지엄"
"하모해양레저",INCOMPLETE_DATA (Both),"정보 없음",,,1,"leisure","［제주］ 하모해양레저(씨워킹 / 패들보드)"
"한담컬쳐",INCOMPLETE_DATA (Both),"정보 없음",,,1,"leisure","［제주］ 한담컬쳐"
"한림공원",INCOMPLETE_DATA (Both),"정보 없음",,,1,"leisure","［제주］ 한림공원+심쿵혜택"
"해양레저타운",INCOMPLETE_DATA (Both),"정보 없음",,,1,"leisure","［제주］ 해양레저타운"
"제주 허브동산",INCOMPLETE_DATA (Both),"정보 없음",,,1,"leisure","［제주］ 허브동산"
"허브동산",INCOMPLETE_DATA (Both),"정보 없음",,,1,"leisure","［제주］ 허브동산 ♥낙타트래킹＆족욕체험＆조안베어 증정♥"
"제주 화조원",INCOMPLETE_DATA (Both),"정보 없음",,,1,"leisure","［제주］ 화조원"
"훈데르트바서파크",INCOMPLETE_DATA (Both),"정보 없음",,,1,"leisure","［제주］ 훈데르트바서파크"
"제주 휴애리",INCOMPLETE_DATA (Both),"정보 없음",,,1,"leisure","［제주］ 휴애리 입장권"
"OK 레저 ATV",INCOMPLETE_DATA (Both),"정보 없음",,,1,"leisure","［제주］ OK레저 ATV"
"아리랑혼 태권마샬아트공연",INCOMPLETE_DATA (Both),"정보 없음",,,1,"leisure","［제주］ The K-SHOW"
"WE호텔 웰니스센터 수영장",INCOMPLETE_DATA (Both),"정보 없음",,,1,"leisure","［제주］ WE호텔 웰니스 수영장 이용권"
"제주 레포츠랜드",INCOMPLETE_DATA (Both),"정보 없음",,,1,"leisure","［제주］레포츠랜드"
"빅볼랜드",INCOMPLETE_DATA (Both),"정보 없음",,,1,"leisure","［제주］빅볼랜드"
"가파도 정기여객선",INCOMPLETE_DATA (Both),"정보 없음",,,1,"leisure","가파도정기여객선 ♥낙타트래킹＆족욕체험＆조안베어 증정♥"
"더시에나리조트 라스투베",INCOMPLETE_DATA (Both),"정보 없음",,,1,"leisure","더시에나리조트 라스투베 다이닝 (테이블 디너 코스)"
"더시에나리조트 라스투베 레스토랑",INCOMPLETE_DATA (Both),"정보 없음",,,1,"leisure","더시에나리조트 라스투베 레스토랑 (양식 다이닝 코스)"
"더시에나프리보 까보스코",INCOMPLETE_DATA (Both),"정보 없음",,,1,"leisure","더시에나프리모 까보스코 레스토랑 (한식 다이닝 코스)"
"본태박물관",INCOMPLETE_DATA (Both),"정보 없음",,,1,"leisure","본태박물관"
"제주 소인국 테마파크",INCOMPLETE_DATA (Both),"정보 없음",,,1,"leisure","소인국테마파크"
"아쿠아플라넷 제주",INCOMPLETE_DATA (Both),"정보 없음",,,1,"leisure","아쿠아플라넷 제주 입장권 ＆ 늦은오후권 (26.01월)"
"제주제트",INCOMPLETE_DATA (Both),"정보 없음",,,1,"leisure","제주제트 (~12/31)"
"성신여대 운정그린캠퍼스 대강당",OK,"서울 강북구 미아동 147",37.6319520108856,127.027270994333,1,"concert","2025 송민준 단독 콘서트 〈챕터4〉"
"대구 엑스코 5층 컨벤션홀",MISSING_ENTRY,"",,,1,"concert","2025-2026 이창섭 단독 콘서트 〈EndAnd〉 - 대구"
"광주여대 유니버시아드 체육관",MISSING_ENTRY,"",,,1,"concert","2025-2026 이창섭 단독 콘서트 〈EndAnd〉 - 광주"
"라온씨어터",OK,"서울특별시 종로구 대학로10길 12 3층",37.573,126.9794,1,"kids","아기돼지 삼형제-늑대숲 또옹돼지 원정대"
"지인시어터",OK,"서울특별시 종로구 동숭길 25",37.573,126.9794,1,"play","죽여주는 이야기"
"제나아트홀",OK,"서울특별시 종로구 대학로10길 12 , 지하 1층",37.573,126.9794,1,"play","사내연애 보고서"
"오마이갓 전용관",OK,"서울특별시 종로구 동숭길 68 , 지하 1층",37.573,126.9794,1,"play","오 마이 갓"
"JTN아트홀 1관",OK,"서울특별시 종로구 이화장길 26 JTN아트홀 1관",37.573,126.9794,1,"musical","써니텐"
"콘텐츠박스",OK,"서울 종로구 동숭길 55 , 지하1층",37.573,126.9794,1,"play","쉬어매드니스"
"해피씨어터",OK,"서울 종로구 대학로10길 5 , 지하1층",37.573,126.9794,1,"play","라면"
"대학로 더굿씨어터",OK,"서울특별시 종로구 대학로 144 , 지하 2층",37.573,126.9794,1,"play","미세스마캠"
"바탕골 소극장",OK,"서울 종로구 대학로10길 5 , 5층",37.573,126.9794,1,"play","2호선 세입자"
"틴틴홀",OK,"서울 종로구 대학로10길 24",37.573,126.9794,1,"play","옥탑방 고양이"
"아트포레스트 2관",OK,"서울특별시 종로구 대학로12길 22 , 5층 아트포레스트",37.573,126.9794,1,"play","보물찾기"
"업스테이지",OK,"서울특별시 종로구 동숭길 41 , 지하 1층",37.573,126.9794,1,"play","죽어야 사는 남자"
"아트하우스",OK,"서울특별시 종로구 대학로10길 26 , 지하 1층",37.573,126.9794,1,"play","개같은 아빠"
"아트포레스트 1관",OK,"서울 종로구 대학로12길 22 , 아트포레스트 지하 1층",37.573,126.9794,1,"play","늘근도둑이야기"
"올래홀",OK,"서울특별시 종로구 대학로10길 24 , 3층",37.573,126.9794,1,"play","아모르파티"
"예스24 아트원 1관",OK,"서울특별시 종로구 대학로12길 83 , 예스24아트원 1관",37.573,126.9794,1,"musical","미드나잇 : 액터뮤지션"
"예스24 아트원 2관",OK,"서울특별시 종로구 대학로12길 83 , 예스24 아트원 2관",37.573,126.9794,1,"musical","나르치스와 골드문트"
"지즐소극장",OK,"서울특별시 종로구 성균관로4길 42",37.573,126.9794,1,"play","기억의 숲"
"소극당 혜화당",OK,"서울특별시 종로구 대학로12길 63 , 석마빌딩 3층, 소극장 혜화당",37.573,126.9794,1,"play","사람사이"
"봄날 아트홀 1관",OK,"서울특별시 종로구 동숭길 39 , 지하 2층 봄날 아트홀",37.573,126.9794,1,"play","헤어지는 기쁨"
"봄날아트홀 2관",OK,"서울 종로구 동숭길 39 , 지하2층",37.573,126.9794,1,"play","크리미널 시즌5"
"매직라이브펍",OK,"서울특별시 종로구 창경궁로26길 41-3 , 지하 1층",37.573,126.9794,1,"musical","매직라이브펍"
"명동 난타극장",OK,"서울특별시 중구 명동길 26 , 유네스코회관 3층",37.5637,126.9975,1,"kids","난타(NANTA) - 명동"
"명보아트홀 가온홀",OK,"서울특별시 중구 마른내로 47 , 명보아트홀 지하 3층",37.5637,126.9975,1,"kids","점프"
"올림픽홀 뮤즈라이브",OK,"서울특별시 송파구 올림픽로 424",37.5145,127.1066,1,"kids","폭풍우 치는 밤에"
"우리금융아트홀",OK,"서울특별시 송파구 올림픽로 424 , 올림픽공원 내 우리금융아트홀",37.5145,127.1066,1,"kids","호두까기인형(송파)"
"타이거릴리(가든파이브",OK,"서울특별시 송파구 충민로 66 , 현대시티몰 가든파이브점 몰관 4층",37.5145,127.1066,1,"kids","타이거릴리(가든파이브/김포/가산)"
"다이나믹 메이즈 인사동점",OK,"서울특별시 종로구 인사동길 12 , 지하 1층",37.573,126.9794,1,"kids","런닝맨＆다이나믹 메이즈(서울)"
"책읽는미술관 대치본사",OK,"서울특별시 강남구 삼성로 212 , 은마상가 A블럭 306-1, 306-2 (대치동 316)",37.5172,127.0473,1,"kids","책읽는 미술관 3개 지점 이용권"
"주렁주렁 영등포점",OK,"서울특별시 영등포구 영중로 15 , 타임스퀘어 4층 매표소, 5층 입구",37.5264,126.8962,1,"kids","주렁주렁 실내 동물원(영등포점)"
"헌법재판소 정문(집결지 확인 필수)",OK,"서울특별시 종로구 북촌로 15 , 헌법재판소",37.573,126.9794,1,"activity","북촌투어"
"북촌(3호선 안국역 4번 출구 앞 집결)",OK,"서울특별시 종로구 율곡로 지하 62 , 3호선 안국역 4번 출구 앞",37.573,126.9794,1,"activity","다시 꿈을 꾸는 북촌"
"서대문형무소(집결지 확인 필수)",OK,"서울특별시 서대문구 통일로 251",37.5791,126.9368,1,"activity","서대문형무소 투어"
"고궁박물관(집결지 확인 필수)",OK,"서울특별시 종로구 효자로 12",37.573,126.9794,1,"activity","국립고궁박물관 인문학산책"
"선릉(집결지 확인 필수)",OK,"서울특별시 강남구 선릉로100길 1",37.5172,127.0473,1,"activity","선릉 인문학산책"
"낙산,이화마을(동대문역 6번출구 집결)",OK,"서울 종로구 종로 지하 302",37.573,126.9794,1,"activity","낙산 이화마을 야행"
"시청역 1번 출구 밖(집결지 확인 필수)",OK,"서울특별시 중구 서소문로 지하 127 , 시청역 1번 출구 밖",37.5637,126.9975,1,"activity","정동투어"
"남산 N서울타워",OK,"서울특별시 용산구 남산공원길 105",37.5323,126.9906,1,"activity","남산 N서울타워 전망대 이용권"
"탑요트코리아",OK,"서울특별시 영등포구 여의동로 252 , 한강 파라다이스",37.5264,126.8962,1,"activity","영등포 한강 요트투어 ＜탑요트코리아＞"
"세일링파라다이스",OK,"서울특별시 영등포구 여의동로 252 , 한강 파라다이스",37.5264,126.8962,1,"activity","영등포 한강 요트투어 ＜세일링파라다이스＞"
"목동 실탄사격장",OK,"서울특별시 양천구 안양천로 939",37.5169,126.866,1,"activity","목동 종합사격장"
"플레이독스",OK,"서울특별시 광진구 능동로 163 , 지하 1층",37.5385,127.0824,1,"activity","플레이독스 애견동반카페 이용권"
"와일드 와일드 전용관",OK,"서울특별시 중구 마른내로 47 , 명보아트홀 지하 1층",37.5637,126.9975,1,"musical","와일드 와일드"
"씨어터 윤",OK,"서울특별시 마포구 와우산로 147-1",37.5665,126.9018,1,"play","흉터"
"극장 더더더",OK,"서울특별시 중구 을지로38길 9-4 , 4층",37.5637,126.9975,1,"play","맥주 한잔 하실래요?"
"타임스퀘어 B1 GATE 11 밖",OK,"서울특별시 영등포구 영중로 15",37.5264,126.8962,1,"exhibition","OPCI"
"부천마술극장",OK,"경기 부천시 원미구 송내대로265번길 67 , 7층 (월드컵타운)",37.5072794,126.7549304,1,"kids","어린이 마술쇼(부천)"
"AK ARTHALL",OK,"경기 수원시 팔달구 덕영대로 924 AK플라자 수원 6층 AK ARTHALL",37.2662775,127.0004098,1,"kids","과학에 빠진 마술사(수원)"
"평택북부문화예술회관 대공연장",INCOMPLETE_DATA (Coords),"경기 평택시 경기대로 1366 , 소공연장",,,1,"kids","미녀와 야수(평택)"
"인천 남동소래아트홀 대공연장",OK,"인천광역시 남동구 아암대로1437번길 32 , 대공연장",37.4473,126.7314,1,"kids","미녀와 야수(인천)"
"와일드벅스 곤충탐험대",OK,"인천광역시 중구 월미로 222 , 뽀로로앤타요 빌딩 1층",37.5637,126.9975,1,"kids","와일드벅스 곤충탐험대"
"과천 매직플로우 원더파크",OK,"경기 과천시 대공원광장로 80 , 종합안내소",37.4293233,126.9899759,1,"kids","매직플로우 원더파크(과천)"
"아쿠아플라넷 일산점",OK,"경기 고양시 일산서구 한류월드로 282",37.662843,126.753766,1,"kids","아쿠아플라넷(일산)"
"아쿠아플라넷 광교점",OK,"경기 수원시 영통구 광교호수공원로 300 , 갤러리아 광교 파사쥬 지하 1층",37.2796799,127.0596148,1,"kids","아쿠아플라넷(광교)"
"의사직업체험 드림닥터 인천점",OK,"인천광역시 중구 월미로 222",37.4563,126.7052,1,"kids","의사직업체험 드림닥터(인천)"
"웅진플레이도시",OK,"경기 부천시 원미구 조마루로 2",37.4994031,126.7440606,1,"kids","웅진플레이도시 워터파크＆온천스파"
"아일랜드캐슬 워터파크",OK,"경기 의정부시 장곡로 22",37.7292674,127.054073,1,"kids","아일랜드캐슬 워터파크"
"아일랜드캐슬",OK,"경기 이천시 마장면 지산로 216",37.2497263,127.3634125,1,"kids","아일랜드캐슬 스노우파크"
"실내 스카이 다이빙 플라이스테이션",OK,"경기 용인시 처인구 포곡읍 마성리 72-17",37.2778094,127.2308608,1,"kids","실내 스카이 다이빙 플라이스테이션"
"주렁주렁 동탄점",OK,"경기 화성시 동탄대로5길 21 , 라크몽 B동 3층 매표소, 4층 입구",37.1994653,126.8312632,1,"kids","주렁주렁 실내 동물원(동탄점)"
"디거앤레이스 고양일산점",OK,"경기 고양시 일산서구 한류월드로 300 , 1층 1248호",37.662843,126.753766,1,"kids","디거앤레이스(일산)"
"디거앤레이스 김포라베니체점",OK,"경기 김포시 태장로 802 , 1층 108호",37.6426559,126.6865685,1,"kids","디거앤레이스(김포)"
"샌드라이빙 하남점",OK,"경기 하남시 미사강변중앙로 223 , 111호, 112호",37.5556983,127.1923528,1,"kids","샌드라이빙(하남)"
"세라젬 웰파크 위례점",OK,"경기 하남시 위례대로 350 , 위례풍경채어바니티 2층",37.5029626,127.1545042,1,"kids","세라젬 웰파크(위례점)"
"슬라라 인스파이어점",OK,"인천광역시 중구 공항문화로 127 , 인스파이어 엔터테인먼트 리조트 1층",37.5637,126.9975,1,"kids","슬라라 인스파이어점"
"플레이월드 용인점",OK,"경기 용인시 기흥구 중부대로 184 , 힉스유타워 상가동 B181호",37.2725004,127.124654,1,"kids","플레이월드(용인)"
"플레이월드 부천점",OK,"경기 부천시 원미구 중동 1112",37.4978493168582,126.778848422749,1,"kids","플레이월드(부천)"
"국제롤러스케이트장",OK,"인천광역시 서구 청라에메랄드로 99 , 지젤엠 건물 A동 3층",37.5285788,126.6564757,1,"kids","청라 국제 롤러스케이트장"
"롤러스타 롤러스케이트장",OK,"인천광역시 연수구 벚꽃로 106 , 연수광장프라자 7층",37.4102,126.6782,1,"kids","인천 롤러스타 롤러스케이트장"
"지산리조트 렌탈샵 그라운드",OK,"경기 이천시 마장면 지산로 216",37.2154044642033,127.352797360793,1,"activity","지산리조트 렌탈샵 그라운드"
"덕포진교육박물관",OK,"경기 김포시 대곶면 덕포진로103번길 90",37.65206,126.57169,1,"activity","덕포진교육박물관"
"클럽 크로마",OK,"인천 중구 운서동 2874",37.43626675099884,126.45802806785528,1,"activity","크로마 인도어 풀파티 MISTIQUE (인천)"
"곤지암 청춘스키",OK,"경기 광주시 도척면 도척윗로 248 , 청춘스키",37.324944,127.3114604,1,"activity","곤지암리조트 스키장렌탈샵 청춘스키"
"남이섬",OK,"경기 가평군 가평읍 북한강변로 1024",37.8039619138259,127.525366933316,1,"activity","가평 남이섬 입장권"
"허브아일랜드",OK,"경기 포천시 신북면 청신로947번길 35",37.8936154,127.2044688,1,"activity","허브아일랜드"
"글라이더스 왕산",OK,"인천광역시 중구 왕산로35번길 8 글라이더스 왕산",37.5637,126.9975,1,"activity","글라이더스 왕산(인천)"
"한진요트 영국재즈요트",OK,"경기 화성시 서신면 해안길 468-5 , 제부마리나 D16, D18",37.1690451,126.7114352,1,"activity","화성 요트투어 ＜한진요트 영국재즈요트＞"
"플라잉 수원",OK,"경기 수원시 팔달구 지동 256-1",37.2826466,127.0292026,1,"activity","플라잉 수원"
"가평탑랜드",OK,"경기 가평군 가평읍 북한강변로 1044-15 , 가평탑랜드",37.77422,127.5344221,1,"activity","가평탑랜드 번지점프"
"도자기공방숲",OK,"경기 동두천시 동두천로 7 , 1층",37.9034859,127.0561413,1,"activity","도자기공방숲"
"디아나아트홀 (디아나수풀 內)",OK,"경기 용인시 처인구 남사읍 천덕산로111번길 16 , 디아나수풀 內 디아나아트홀",37.1157224,127.15049,1,"musical","세상 끝의 카페(용인)"
"송도 메가박스",OK,"인천광역시 연수구 송도과학로16번길 33-4 , 트리플스트리트 D동 2층",37.4102,126.6782,1,"concert","스탠드업 코미디(송도)"
"성남아트센터 큐브미술관 기획전시실 2층",OK,"경기 성남시 분당구 성남대로 808 , 성남아트센터 큐브미술관 기획전시실 2층",37.4386,127.1378,1,"exhibition","빛의 화가 베르메르의 비밀 레플리카전"
"강원특별자치도 화천군",MISSING_ENTRY,"",,,1,"festival","얼음나라화천 산천어축제"
"경상북도 영양군",MISSING_ENTRY,"",,,1,"festival","영양꽁꽁겨울축제"
"충청북도 단양군",MISSING_ENTRY,"",,,1,"festival","단양 겨울놀이 축제"
"경상남도 함안군",MISSING_ENTRY,"",,,1,"festival","함안곶감축제"
"충청북도 영동군",MISSING_ENTRY,"",,,1,"festival","영동곶감축제"
"경상북도 고령군",MISSING_ENTRY,"",,,1,"festival","고령 대가야축제"
"전북특별자치도 고창군",MISSING_ENTRY,"",,,1,"festival","고창모양성제"
"경상남도 사천시",MISSING_ENTRY,"",,,1,"festival","사천에어쇼"
"경상남도 거창군",MISSING_ENTRY,"",,,1,"festival","감악산 해맞이 행사"
"충청남도 서천군",MISSING_ENTRY,"",,,1,"festival","서천 마량진항 해넘이 해돋이 행사"
"울산 울주군",MISSING_ENTRY,"",,,1,"festival","울주 간절곶 해맞이"
"충청남도 보령시",MISSING_ENTRY,"",,,1,"festival","대천겨울바다사랑축제"
"대구 수성구",MISSING_ENTRY,"",,,1,"festival","수성빛예술제"
"전북특별자치도 완주군",MISSING_ENTRY,"",,,1,"festival","별빛주막 : 소양점"
"강원특별자치도 원주시",MISSING_ENTRY,"",,,1,"festival","삼토 페스티벌"
"경상남도 창원시",MISSING_ENTRY,"",,,1,"festival","창원산단 문화축제"
"강원특별자치도 횡성군",MISSING_ENTRY,"",,,1,"festival","안흥찐빵축제"
"부산 영도구",MISSING_ENTRY,"",,,1,"festival","영도다리축제"
"전라남도 고흥군",MISSING_ENTRY,"",,,1,"festival","고흥유자축제"
"경기도 안산시",MISSING_ENTRY,"",,,1,"festival","안산사이언스밸리(ASV) 과학축제"
"경기도 파주시",MISSING_ENTRY,"",,,1,"festival","운정호수공원 불꽃축제"
"경기도 양주시",MISSING_ENTRY,"",,,1,"festival","드론봇 페스티벌"
"부산 서구",MISSING_ENTRY,"",,,1,"festival","부산고등어축제"
"경기도 여주시",MISSING_ENTRY,"",,,1,"festival","여주오곡나루축제"
"강원특별자치도 양구군",MISSING_ENTRY,"",,,1,"festival","청춘양구 펀치볼 시래기사과축제"
"전라남도 영암군",MISSING_ENTRY,"",,,1,"festival","월출산 국화축제"
"경상북도 청송군",MISSING_ENTRY,"",,,1,"festival","청송사과축제"
"전라남도 강진군",MISSING_ENTRY,"",,,1,"festival","강진만 춤추는 갈대축제"
"전북특별자치도 정읍시",MISSING_ENTRY,"",,,1,"festival","정읍사문화제"
"충청북도 청주시",MISSING_ENTRY,"",,,1,"festival","청남대 가을축제"
"경기도 광명시",MISSING_ENTRY,"",,,1,"festival","광명동굴 빛 축제"
"부산 기장군",MISSING_ENTRY,"",,,1,"festival","기장붕장어축제in칠암"
"대전 동구",MISSING_ENTRY,"",,,1,"festival","대전 동구동락 축제"
"서울 용산구",MISSING_ENTRY,"",,,1,"festival","용마루 숲길 축제"
"전라남도 곡성군",MISSING_ENTRY,"",,,1,"festival","곡성심청어린이대축제"
"서울 금천구",MISSING_ENTRY,"",,,1,"festival","금천하모니축제"
"대구 동구",MISSING_ENTRY,"",,,1,"festival","대구 동구 어울림한마당 두두다동"
"대전 대덕구",MISSING_ENTRY,"",,,1,"festival","대덕힐링콘서트"
"인천 동구",MISSING_ENTRY,"",,,1,"festival","동인천 낭만축제"
"경상북도 문경시",MISSING_ENTRY,"",,,1,"festival","문경사과축제"
"경상북도 성주군",MISSING_ENTRY,"",,,1,"festival","성주가야산황금들녘메뚜기축제"
"인천 중구",MISSING_ENTRY,"",,,1,"festival","인천생활문화축제"
"서울 강서구",MISSING_ENTRY,"",,,1,"festival","허준축제"
"강원특별자치도 고성군",MISSING_ENTRY,"",,,1,"festival","고성명태축제"
"제주특별자치도 서귀포시",MISSING_ENTRY,"",,,1,"festival","문화의 달 행사"
"전북특별자치도 순창군",MISSING_ENTRY,"",,,1,"festival","순창장류축제"
"충청남도 당진시",MISSING_ENTRY,"",,,1,"festival","심훈상록문화제"
"충청남도 아산시",MISSING_ENTRY,"",,,1,"festival","외암민속마을 짚풀문화제"
"울산 남구",MISSING_ENTRY,"",,,1,"festival","울산공업축제"
"경상북도 칠곡군",MISSING_ENTRY,"",,,1,"festival","칠곡낙동강평화축제"
"인천 남동구",MISSING_ENTRY,"",,,1,"festival","한복사랑 인천시민 놀이마당"
"세종특별자치시 세종시",MISSING_ENTRY,"",,,1,"festival","세종한글축제"
"충청남도 공주시",MISSING_ENTRY,"",,,1,"festival","웰컴투신관동"
"전북특별자치도 김제시",MISSING_ENTRY,"",,,1,"festival","김제지평선축제"
"전북특별자치도 임실군",MISSING_ENTRY,"",,,1,"festival","임실N치즈축제"
"서울 서대문구",MISSING_ENTRY,"",,,1,"festival","서대문 국가유산 야행"
"충청남도 부여군",MISSING_ENTRY,"",,,1,"festival","국가유산 미디어아트 부여 정림사지"
"서울 도봉구",MISSING_ENTRY,"",,,1,"festival","도봉한글잔치"
"경상남도 고성군",MISSING_ENTRY,"",,,1,"festival","경남고성공룡세계엑스포"
"경기도 과천시",MISSING_ENTRY,"",,,1,"festival","과천청년축제"
"대구 달성군",MISSING_ENTRY,"",,,1,"festival","달성 100대 피아노"
"경기도 의왕시",MISSING_ENTRY,"",,,1,"festival","의왕백운호수축제"
"강원특별자치도 인제군",MISSING_ENTRY,"",,,1,"festival","인제가을꽃축제"
"경기도 화성시",MISSING_ENTRY,"",,,1,"festival","정조효문화제"
"경기도 이천시",MISSING_ENTRY,"",,,1,"festival","이천도자기축제"
"Southorn Stadium",MISSING_ENTRY,"",,,1,"basketball","홍콩 이스턴 vs 서울SK"
"잠실학생체육관",MISSING_ENTRY,"",,,1,"basketball","서울SK vs 타이베이 푸본 브레이브스"
"청소년 관람불가",MISSING_ENTRY,"",,,1,"movie","프라이메이트"
"NOL 인터파크투어 | 3박 5일",MISSING_ENTRY,"",,,1,"travel","그란디스호텔노쇼핑+호핑투어+18시체크아웃+KK라운지이용(AK)"
"여행사 | 3박 4일",MISSING_ENTRY,"",,,1,"travel","세부퍼시픽 타고 인천 출발 최고의 동선 베버리 & 프라데라 2색 108홀 라운드 골프여행"
"모두투어 | 3박 4일",MISSING_ENTRY,"",,,1,"travel","[보홀 자유여행 / 왕복픽업] 돌핀베이 디럭스룸 3박4일"
"국립중앙박물관 상설전시관 (서울특별시 용산구 서빙고로 137 국립중앙박물관)",INCOMPLETE_DATA (Address),"정보 없음",37.5323,126.9906,1,"kids","[키즈][사다리한국사]흥미진진 이해쏙쏙 국립중앙박물관 초등 역사 도슨트 투어"
"국립중앙박물관 전시관 3층 세계문화관",INCOMPLETE_DATA (Coords),"국립중앙박물관 전시관 3층 세계문화관",,,1,"kids","[키즈/가족][서울/용산] 가족과 함께! 그리스 로마전 도슨트 투어"
"국립중앙박물관 로비",OK,"서울 용산구 한강대로15길 19-19",37.525338284945,126.96282618616412,1,"kids","[키즈][겨울방학 얼리버드] 국립중앙박물관 그리스로마 초등 세계사 특강"
"국립중앙박물관 역사관",OK,"서울 용산구 청파로 109",37.5336186718115,126.963410406472,1,"kids","[얼리버드/키즈/부모분리] 국립중앙박물관 초등 한국사 4회 역사 도슨트 체험 짱짱하게!!"
"광화문 광장 세종대왕 동상 앞",OK,"광화문 광장 세종대왕 동상 앞",37.572834,126.9767281,1,"kids","[키즈][겨울방학 얼리버드] 초등 세종충무공이야기로 모여라!"
"화성행궁 신풍루 매표소 앞",OK,"화성행궁 신풍루 매표소 앞",37.2821998,127.0143835,1,"kids","[키즈][경기/수원] [아이와함께] 화성행궁 가이드 역사 투어"
"국립중앙박물관 상설전시관 내
(담당강사가 사전안내 문자로 개별 안내)",INCOMPLETE_DATA (Coords),"국립중앙박물관 상설전시관 내
(담당강사가 사전안내 문자로 개별 안내)",,,1,"kids","[키즈/초등한국사/서울] 국립중앙박물관 한국사특강(역사체험학습)"
"서울특별시 종로구 창경궁로 185 창경궁",INCOMPLETE_DATA (Address),"정보 없음",37.573,126.9794,1,"kids","[키즈][서울/종로] 아이와 함께 궁궐투어 달빛궁궐 창경궁"
"경복궁 광화문 앞 오른쪽 해태상 앞(광화문을 바라본 상태에서 오른쪽)",INCOMPLETE_DATA (Coords),"경복궁 광화문 앞 오른쪽 해태상 앞(광화문을 바라본 상태에서 오른쪽)",,,1,"kids","[키즈/가족] 겨울의 경복궁, 온가족이 함께 조선시대로 떠나는 역사시간여행!"
"국립중앙박물관 상설전시실 로비",INCOMPLETE_DATA (Coords),"국립중앙박물관 상설전시실 로비",,,1,"kids","[키즈][겨울방학 얼리버드] 국립중앙박물관-레벨업 한국사 초등 역사 체험"
"서울특별시 종로구 사직로 161 경복궁 (광화문 매표소)",INCOMPLETE_DATA (Address),"정보 없음",37.573,126.9794,1,"kids","[키즈][서울/종로] 역사랑 친구 되는 경복궁 미션 투어"
"전쟁기념관 로비 (전쟁기념관은 지하철 4,6호선 삼각지역 12번 출구 근방에 위치해있습니다)",INCOMPLETE_DATA (Coords),"전쟁기념관 로비 (전쟁기념관은 지하철 4,6호선 삼각지역 12번 출구 근방에 위치해있습니다)",,,1,"kids","[~2월 일정 오픈/키즈][서울/용산] 전쟁기념관 어린이 초등 역사체험 투어"
"▶만남의 장소 : 서대문형무소역사관 입구 앞 (자세한 안내는 수업전 담당 강사님이 안내드립니다.)",INCOMPLETE_DATA (Coords),"▶만남의 장소 : 서대문형무소역사관 입구 앞 (자세한 안내는 수업전 담당 강사님이 안내드립니다.)",,,1,"kids","[키즈][서울/서대문] 서대문형무소 역사관 근현대사 감옥탈출 독립운동사 초등 역사체험"
"서울 서대문구 통일로 251 서대문형무소역사관 
(검표 후 연락 주세요)",INCOMPLETE_DATA (Address),"정보 없음",37.5791,126.9368,1,"kids","[키즈][서대문] 서대문 형무소 키즈 도슨트 투어"
"경복궁역 5번 출구",OK,"서울 종로구 세종로 1-57",37.5762930549266,126.975525100792,1,"kids","[키즈][서울/종로] 경복궁 역사체험 가족여행 도슨트 투어"
"흥례문 입장 후 좌측 물품보관함",OK,"흥례문 입장 후 좌측 물품보관함",37.5769542,126.9769047,1,"kids","[키즈/가족][서울/종로] 가족과 함께 경복궁! 궁궐 도슨트 투어"
"국립경주박물관 내 물품보관함 앞",OK,"국립경주박물관 내 물품보관함 앞",35.8289946,129.2279662,1,"kids","[키즈][경주] 프리미엄 어린이 역사 체험 학습: 국립경주박물관"
"국립중앙박물관 전시관",OK,"서울 용산구 서빙고로 137",37.5240181594648,126.98116228092,1,"kids","[키즈/가족체험][서울/국립중앙박물관] 가족과 함께!  최고의 박물관 역사 도슨트"
"전쟁기념관 로비에서 체험 시작 10분 전에 만납니다.",INCOMPLETE_DATA (Coords),"전쟁기념관 로비에서 체험 시작 10분 전에 만납니다.",,,1,"kids","[키즈][겨울방학 얼리버드] 핵심을 콕콕 집어주는 전쟁기념관 6.25 전쟁"
"서울 종로구 세종대로 175 광화문 광장 세종대왕 동상",OK,"서울특별시 종로구 세종대로 175 길찾기 우편번호03172지번서울특별시 종로구 세종로 81-3 ...",37.573,126.9794,1,"kids","[키즈][서울/종로] 세종 충무공이야기, 역사의 절정속으로!"
"▶만남의 장소 : 국립과천과학관 內 로비(자세한 안내는 수업전 담당 강사님이 안내드립니다.)",INCOMPLETE_DATA (Coords),"▶만남의 장소 : 국립과천과학관 內 로비(자세한 안내는 수업전 담당 강사님이 안내드립니다.)",,,1,"kids","[키즈/겨울얼리버드] 국립과천과학관 술술샘과 함께하는 교과서 속 과학탐구(4회)"
"국립항공박물관 로비",OK,"국립항공박물관 로비",37.5566519,126.808464,1,"kids","[키즈][겨울방학 얼리버드] 국립항공박물관 도슨트 투어"
"서대문형무소 역사관 입구",OK,"서대문형무소 역사관 입구",37.5745368,126.9563173,1,"kids","[키즈][서울/서대문] 서대문형무소역사관 초등 한국사 어린이 역사체험"
"서울 서대문구 연희로32길 51 서대문자연사박물관",OK,"서울특별시 서대문구 연희로32길 51 길찾기 우편번호03718서대문자연사박물관지번서울특별시 서대문구 연희동 141-52 ...",37.5791,126.9368,1,"kids","[키즈][서울/서대문] 서대문 자연사박물관 투어, 지구가 품은 이야기"
"국립세계문자박물관 로비",OK,"국립세계문자박물관 로비",37.394431,126.6382789,1,"kids","[키즈] 세계사시리즈 2탄! 국립세계문자박물관에서 역사탐험 떠나요"
"덕수궁 정문 앞(대한문)",OK,"서울 중구 세종대로 99",37.5650416322942,126.976542945622,1,"kids","[키즈/가족] 덕수궁에서 대한제국으로 떠나는 역사 시간여행!"
"용산 전쟁기념관 1층 로비",INCOMPLETE_DATA (Coords),"용산 전쟁기념관 1층 로비",,,1,"kids","[키즈] [서울/용산] 한반도를 뒤흔든 전쟁의 역사 ""전쟁기념관"""
"서울시 종로구 효자로 12 국립고궁박물관",INCOMPLETE_DATA (Address),"정보 없음",37.573,126.9794,1,"kids","[키즈] 경복궁으로 떠나는 조선 한국사 초등 역사체험"
"각 궁궐의 정문 앞",OK,"각 궁궐의 정문 앞",37.579754,126.9766818,1,"kids","[키즈][서울/가을궁] 술술 풀리는 궁궐따라 조선 탐험(경복궁, 창덕궁, 창경궁, 덕수궁)"
"▶만남의 장소 : 수원화성박물관 內 로비(자세한 안내는 수업전 담당 강사님이 안내드립니다.)",INCOMPLETE_DATA (Coords),"▶만남의 장소 : 수원화성박물관 內 로비(자세한 안내는 수업전 담당 강사님이 안내드립니다.)",,,1,"kids","[키즈][경기/수원] 술술샘과 함께하는 수원화성 나들이(수원화성박물관부터 수원화성까지)"
"▶만남의 장소 : 국립중앙박물관 內 로비(자세한 안내는 수업전 담당 강사님이 안내드립니다.)",INCOMPLETE_DATA (Coords),"▶만남의 장소 : 국립중앙박물관 內 로비(자세한 안내는 수업전 담당 강사님이 안내드립니다.)",,,1,"kids","[키즈/단독특가][용산/겨울얼리버드] 술술 풀리는 초등한국사 5회 완성 국립중앙박물관"
"남산골 한옥마을 內 천우각 앞(자세한 안내는 수업 전 강사님이 드리고 있습니다.)",OK,"남산골 한옥마을 內 천우각 앞(자세한 안내는 수업 전 강사님이 드리고 있습니다.)",37.5597694,126.9933164,1,"kids","[가을 이벤트 키즈/남산] 술술샘과 함께하는 남산골 한옥마을 여행"
"프로그램마다 만나는 장소가 상이하여 상세페이지 확인 부탁드립니다.",INCOMPLETE_DATA (Coords),"프로그램마다 만나는 장소가 상이하여 상세페이지 확인 부탁드립니다.",,,1,"kids","[키즈/서울] 달마다 새롭게 10회 과정! 한국사 역사체험 탐험대"
"국립중앙박물관 3층 세계문화관 중국실, 인도실",INCOMPLETE_DATA (Coords),"국립중앙박물관 3층 세계문화관 중국실, 인도실",,,1,"kids","[키즈][방학/얼리버드] 국립중앙박물관 세계사 시리즈3 '인더스에서 황하까지~ 중국&인도'"
"▶만남의 장소 : 국립중앙박물관 상설전시관  內 1층 으뜸홀(자세한 안내는 수업전 담당 강사님이 안내드립니다.)",INCOMPLETE_DATA (Coords),"▶만남의 장소 : 국립중앙박물관 상설전시관  內 1층 으뜸홀(자세한 안내는 수업전 담당 강사님이 안내드립니다.)",,,1,"kids","[키즈/겨울얼리버드][국립중앙박물관] 술술 세계사2탄 고대 그리스로마 소수정예"
"불국사 정문 앞",INCOMPLETE_DATA (Coords),"불국사 정문 앞",,,1,"kids","[키즈][경주] 프리미엄 어린이 역사 체험 학습: 불국사"
"화성행궁 앞(체험 전 담당 강사님이 개별 연락드립니다.)",OK,"화성행궁 앞(체험 전 담당 강사님이 개별 연락드립니다.)",37.2821998,127.0143835,1,"kids","[키즈][경기/수원] 술술쌤과 함께하는 화성행궁 수원화성 달빛나들이(화성행궁~수원화성)"
"용산 전쟁기념관(서울 용산구 이태원로 29)",INCOMPLETE_DATA (Address),"정보 없음",37.5323,126.9906,1,"kids","[키즈][서울/용산] 전쟁기념관 3회특강: 사다리 전쟁사 초등역사체험"
"법원전시관",OK,"법원전시관",37.4922777,127.0052978,1,"kids","[키즈] [서울_대법원 법원전시관] 대한민국의 기본을 배우다"
"롯데월드 민속박물관",OK,"롯데월드 민속박물관",37.5114987,127.0982387,1,"kids","[키즈][서울/송파] 한반도의 모든 역사가 있는 곳, 롯데월드 민속박물관"
"한국조폐공사",OK,"한국조폐공사",36.3778213,127.3695391,1,"kids","[키즈][대전] 대전 조폐공사에서 만나는 화폐박물관"
"국립대구박물관",OK,"국립대구박물관",35.8458097,128.6378445,1,"kids","[키즈] [국립대구박물관] 옷으로 읽는 우리 역사 이야기"
"국립세계문자박물관",OK,"국립세계문자박물관",37.394431,126.6382789,1,"kids","[키즈] [인천] 문명의 시작, 문자의 모든 것! 국립세계문자박물관"
"주소: 대구 달성군 유가읍 테크노대로6길 20 국립대구과학관 본관 1층 상설전시 1관에서 집결",OK,"주소: 대구 달성군 유가읍 테크노대로6길 20 국립대구과학관 본관 1층 상설전시 1관에서 집결",35.6866425,128.4650664,1,"kids","[키즈] [국립대구과학관] 인류와 세상을 잇는 과학의 실마리"
"독립기념관",OK,"독립기념관",36.783045,127.224876,1,"kids","[키즈] [천안독립기념] 독립운동의 역사, 자유를 위한 여정"
"국립해양박물관",OK,"국립해양박물관",35.0786526,129.0802577,1,"kids","[키즈] [부산_국립해양박물관] 우리의 삶과 역사, 그리고 바다"
"세종대왕 동상",OK,"경기 여주시 홍문동",37.2885890745598,127.634138555981,1,"kids","[키즈][겨울방학 얼리버드] 예비초를 위한 세종충무공이야기 광화문에서 만나요!"
"국립중앙과학관",OK,"국립중앙과학관",36.3752581,127.37554,1,"kids","[키즈][대전] 알쏭달쏭 자연인류사의 세계, 국립중앙과학관 자연사+인류사"
"인천 대불호텔전시관 앞 입구에서 뵙겠습니다.",INCOMPLETE_DATA (Coords),"인천 대불호텔전시관 앞 입구에서 뵙겠습니다.",,,1,"kids","[키즈] [인천_인천근대거리투어] 개항의 흔적을 따라 걷다"
"부산해양자연사박물관",OK,"부산 동래구 우장춘로 175",35.2218081163841,129.075839921274,1,"kids","[키즈] [부산_해양자연사박물관] 드디어! 부산에서 만나는 자연사수업"
"창덕궁 매표소 앞",INCOMPLETE_DATA (Coords),"창덕궁 매표소 앞",,,1,"kids","[키즈][서울/종로] 궁궐미션투어 2탄 창덕궁 : 창덕궁 어차"
"서울역사박물관 1층 로비",OK,"서울 종로구 세종대로 175",37.57248732221888,126.97586028372957,1,"kids","[키즈][서울/종로] 서울역사박물관 어린이 초등 한국사 역사체험"
"복천박물관",OK,"복천박물관",35.2087587,129.0912475,1,"kids","[키즈] [부산_복천박물관&장영실과학동산] 부산 속 역사와 과학 이야기"
"토즈 광화문점(스터디카페)인원에 따라 별도 추가 공지 드립니다.",OK,"토즈 광화문점(스터디카페)인원에 따라 별도 추가 공지 드립니다.",37.5729873,126.9726494,1,"kids","[키즈][서울/종로] 기행문 쓰는 문화재 탐방(소수정예) A코스"
"국립인천해양박물관",OK,"인천 중구 월미로 294",37.4563,126.7052,1,"kids","[키즈] [인천_국립인천해양박물관] 바다로 나아간 사람들 이야기"
"츠쿠바 역",INCOMPLETE_DATA (Coords),"츠쿠바 역",,,1,"kids","일본 스페이스 일일캠프! JAXA츠쿠바우주센터 패밀리투어 & 츠쿠바엑스포센터 키즈도슨트"
"국립중앙과학관 한국과학기술사관",OK,"국립중앙과학관 한국과학기술사관",36.3752581,127.37554,1,"kids","[키즈][대전] 국립중앙과학관(한국과학기술사관)_우리나라 과학과 인류사를 한번에!"
"임진각 평화의 공원",OK,"임진각 평화의 공원",37.8922987,126.7440013,1,"kids","[키즈'[파주 임진각 DMZ 역사투어] 분단을 넘어, 평화를 배우다"
"한국이민사박물관",OK,"한국이민사박물관",37.4701953,126.6002486,1,"kids","[키즈] [인천_한국이민사박물관] 700만 재외 이민을 위한"
"유엔평화기념관",OK,"유엔평화기념관",35.1247247,129.0932872,1,"kids","[키즈] [부산_유엔평화기념관-일제강제동원역사관] 부산에서 만나는 전쟁과 평화의 역사"
"▶만남의 장소 : 자세한 안내는 수업전 담당 강사님이 안내드립니다.",OK,"▶만남의 장소 : 자세한 안내는 수업전 담당 강사님이 안내드립니다.",35.2485753,129.2166815,1,"kids","[키즈/9월~]술술풀리는 교과원정대 시즌1 과학관, 서울역사박물관, 세종충무공이야기"
"★오전과 오후 만나는 장소가 다르니 반드시 안내사항을 확인하시기 바랍니다.★

오전(09~12시):석굴암(일주문 옆 세계유산 표지석)
오후(13~16시):불국사 정문(세계유산 표지석)",INCOMPLETE_DATA (Coords),"★오전과 오후 만나는 장소가 다르니 반드시 안내사항을 확인하시기 바랍니다.★

오전(09~12시):석굴암(일주문 옆 세계유산 표지석)
오후(13~16시):불국사 정문(세계유산 표지석)",,,1,"kids","[역사와답사] 공쌤과 불국사,석굴암 놀이터에서 놀 사람 손!"
"황룡사 역사 문화관",OK,"황룡사 역사 문화관",35.473315,127.9999862,1,"kids","[역사와답사] 공쌤과 국립경주박물관,황룡사역사문화관 나들이 갈 사람 손!"
"서울 용산구 서빙고로 137, 국립중앙박물관",INCOMPLETE_DATA (Address),"정보 없음",37.5323,126.9906,1,"kids","[겨울방학특가][서울/용산]국립중앙박물관 도슨트 수업으로 하루에 정리하는 삼국~조선 한국사"
"대릉원",OK,"대릉원",35.8389484,129.2119324,1,"kids","[역사와답사] 공쌤과 경주역사지구 도보투어 함께해요! -대릉원,첨성대,동궁과월지(야경포함)"
"서대문형무소역사관 (서울 서대문구 통일로 251 서대문형무소역사관) 입구",INCOMPLETE_DATA (Address),"정보 없음",37.5791,126.9368,1,"kids","[서울/서대문] 아이와함께 - 서대문형무소 투어로 만나는 일제강점기 이야기"
"연무대 안내소 앞",OK,"연무대 안내소 앞",36.1242869,127.087901,1,"kids","[경기/수원] 정조와 함께 걷는 수원 화성 야간 성곽길 투어"
"창경궁 정문 입장후 옥천교 앞(창경궁 입장권 개별 구매)",INCOMPLETE_DATA (Coords),"창경궁 정문 입장후 옥천교 앞(창경궁 입장권 개별 구매)",,,1,"kids","[서울/종로] 별빛달빛 창경궁 야행"
"경복궁 입장권 제출하는 입구로 들어오자마자 좌측 물품보관소 앞",INCOMPLETE_DATA (Coords),"경복궁 입장권 제출하는 입구로 들어오자마자 좌측 물품보관소 앞",,,1,"kids","사방신과 함께하는 경복궁 대모험(보호자 1인 무료)"
"월정교 공영주차장",OK,"월정교 공영주차장",35.8292567,129.2181368,1,"kids","[역사와답사] 공쌤과 함께 만나요! 신라와 조선!!"
"덕수궁 내(담당 강사님 안내 메세지 확인 부탁드립니다.)",INCOMPLETE_DATA (Coords),"덕수궁 내(담당 강사님 안내 메세지 확인 부탁드립니다.)",,,1,"kids","[서울/중구 가족체험] 술술 풀리는 덕수궁 달빛 나들이 with 청사초롱"
"국립고궁박물관 (경복궁역 5번출구에 위치) 내부 2층 스크린 앞",INCOMPLETE_DATA (Coords),"국립고궁박물관 (경복궁역 5번출구에 위치) 내부 2층 스크린 앞",,,1,"kids","[가을특가]국립고궁박물관에서 조선시대로 떠나는 역사 시간여행! | 조선의 궁궐과 왕실이야기"
"창경궁 내 옥천교(담당 강사님 안내 메세지 확인 부탁드립니다.)",INCOMPLETE_DATA (Coords),"창경궁 내 옥천교(담당 강사님 안내 메세지 확인 부탁드립니다.)",,,1,"kids","[서울/종로 가족체험] 술술 풀리는 창경궁 별빛 나들이 with 청사초롱"
"창경궁 입장 후 다리(옥천교) 인근에서 담당강사와 통화 후 만남",INCOMPLETE_DATA (Coords),"창경궁 입장 후 다리(옥천교) 인근에서 담당강사와 통화 후 만남",,,1,"kids","[서울/가이드투어/가족궁궐야행] 창경궁 조선역사기행(아이와 함께)"
"대한문 입장 후 좌측 고객정보센터 앞(덕수궁 입장권 개별 구매)",INCOMPLETE_DATA (Coords),"대한문 입장 후 좌측 고객정보센터 앞(덕수궁 입장권 개별 구매)",,,1,"kids","[서울/중구] 별빛달빛 덕수궁 야행"
"대릉원 주차장 앞 대릉원 정문",OK,"대릉원 주차장 앞 대릉원 정문",35.8389484,129.2119324,1,"kids","[경주] 프리미엄 어린이 역사 체험 학습: 대릉원"
"국립중앙박물관 상설전시관",OK,"서울 용산구 서빙고로 137",37.5240181594648,126.98116228092,1,"kids","[서울/용산] 국립중앙박물관 도슨트 투어(초등 고학년~성인)"
"국립과천과학관",OK,"국립과천과학관",37.4385264,127.0062002,1,"kids","[라라클래스] 초등 한국과학탐험대! 한국사 속 숨겨진 과학 기술을 찾아! - 국립과천과학관"
"대한민국역사박물관 1층 안내데스크 앞 집결",OK,"대한민국역사박물관 1층 안내데스크 앞 집결",37.5739553,126.9778057,1,"kids","[라라클래스] 초등 고학년 전용! 대한민국 근현대사 보물찾기 역사탐험대 -대한민국역사박물관"
"국립중앙박물관 기념품점 앞",INCOMPLETE_DATA (Coords),"국립중앙박물관 기념품점 앞",,,1,"kids","[라라클래스] 저학년 전용! 고려시대 보물찾기 역사탐험대 - 국립중앙박물관"
"국립중앙박물관 로비 MUSEUM SHOP(박물관상품관) (서울 용산구 서빙고로 137)",INCOMPLETE_DATA (Address),"정보 없음",37.5323,126.9906,1,"kids","[라라클래스] 국립중앙박물관 삼국시대 미취학 ""Premium"" 역사탐험대 Season3"
"허준 박물관",OK,"허준 박물관",37.5678654,126.8510375,1,"kids","[라라클래스] 허준박물관 의학탐험대 미취학 전용! 밥이 왜 보약이 되는지 알아보러가요!"
"국립중앙박물관 앞",INCOMPLETE_DATA (Coords),"국립중앙박물관 앞",,,1,"kids","[라라클래스] 미취학 전용! 고려시대 보물찾기 역사탐험대 - 국립중앙박물관"
"한국은행 화폐박물관",OK,"한국은행 화폐박물관",37.5620469,126.9803694,1,"kids","[라라클래스] 6-8세 경제탐험대 화폐와 저금의 비밀을 배우는 서울 화폐박물관"
"서울 종로구 사직로 161 경복궁 매표소 앞",INCOMPLETE_DATA (Address),"정보 없음",37.573,126.9794,1,"kids","[라라클래스] 경복궁 역사탐험대 초등 ""Premium"" Season 2 (8-13세)"
"서울 종로구 율곡로 99 창덕궁",INCOMPLETE_DATA (Address),"정보 없음",37.573,126.9794,1,"kids","[라라클래스] 창덕궁 ""Premium"" 미취학 역사탐험대 Season 2 (6-8세)"
"국립중앙박물관 1층 로비 스크린 앞",INCOMPLETE_DATA (Coords),"국립중앙박물관 1층 로비 스크린 앞",,,1,"kids","[겨울방학일정오픈] [아이와함께] 국립중앙박물관 원데이 도슨트 투어"
"서울 송파구 백제고분로45길 24-18 (송파동) 202호 바라베이킹",OK,"서울 송파구 백제고분로45길 24-18 (송파동) 202호 바라베이킹",37.5145,127.1066,1,"class","[잠실] 쫀득쫀득~! 두바이 쫀득 쿠키 만들기!!"
"서울 관악구 남부순환로220길 39 (봉천동, J.NEST) 3층 302",OK,"서울 관악구 남부순환로220길 39 (봉천동, J.NEST) 3층 302",37.4784,126.9516,1,"class","[관악] 대세 디저트 두바이 쫀득쿠키 만들기"
"서울 마포구 와우산로11길 9-10 (상수동) 2층",INCOMPLETE_DATA (Address),"정보 없음",37.5665,126.9018,1,"class","[홍대] 피스타치오 듬뿍 두바이쫀득쿠키 6개 만들기"
"https://www.sssd.co.kr/m/class/detail/54716",MISSING_ENTRY,"",,,1,"class","[부평] 발로나 초콜릿 두바이쫀득쿠키 6p 만들기 원데이클래스"
"https://www.sssd.co.kr/m/class/detail/53374",MISSING_ENTRY,"",,,1,"class","[부천] 두바이쫀득쿠키 &두바이꼬마김밥 원데이클래스(두바이쫀득쿠키.두바이꼬마김밥)"
"https://www.sssd.co.kr/m/class/detail/53877",MISSING_ENTRY,"",,,1,"class","[수원] 두바이 쫀득쿠키 2세대 10개 완성 클래스"
"https://www.sssd.co.kr/m/class/detail/47397",MISSING_ENTRY,"",,,1,"class","[청담] 친절한 혜온 쌤의 두 배 더 예뻐지는 1:1 데일리 메이크업 클래스"
"서울 마포구 동교로 53-1 (망원동) 2층 201호 , 지아네요리공작소",INCOMPLETE_DATA (Address),"정보 없음",37.5665,126.9018,1,"class","[망원] 딸을 위해 만든 고급재료 듬뿍 두바이 쫀득쿠키 원데이클래스"
"https://www.sssd.co.kr/m/class/detail/54547",MISSING_ENTRY,"",,,1,"class","[강남] 특별한 레시피, 두바이 쫀득쿠키 만들기"
"서울 강북구 삼양로81길 5 (수유동, 남성빌딩) 1층 ",MISSING_ENTRY,"",,,1,"class","[강북] 대세탑승!! 100%피스타치오원물맛 그대로 두바이 쫀득쿠키 원데이클래스"
"서울 종로구 종로 121-1 (종로3가) 5층",OK,"서울 종로구 종로 121-1 (종로3가) 5층",37.573,126.9794,1,"class","[종로] 1대1 메이크업클래스★내 이목구비,분위기에 맞는 베스트 화장법 찾기"
"서울 중랑구 동일로140길 65 (중화동) 1층 본따블르",MISSING_ENTRY,"",,,1,"class","[중랑구] 피스타치오 100% 본따블르표 두바이 쫀득쿠키 7개 클래스"
"서울 용산구 소월로40길 45 (이태원동) 1층 에그쉘",MISSING_ENTRY,"",,,1,"class","[용산] 저당 두바이 쫀득쿠키 만들기 원데이클래스"
"https://www.sssd.co.kr/m/class/detail/45108",MISSING_ENTRY,"",,,1,"class","[연남] 남다른 에그타르트 6ps 원데이 클래스"
"서울 서초구 방배중앙로25길 19 (방배동) 1층 라콤카페",OK,"서울 서초구 방배중앙로25길 19 (방배동) 1층 라콤카페",37.4837,127.0324,1,"class","[서초] 너무맛있어요! 두바이 쫀득 찹쌀떡 두바이 모찌 원데이클래스(2인이상)"
"서울 마포구 백범로 34 (신수동) 2층",INCOMPLETE_DATA (Address),"정보 없음",37.5665,126.9018,1,"class","[경의선숲길] 볼거리도 풍성한 담금주공방 빛나는구술"
"서울 강서구 금낭화로 40 (방화동, 우리빌딩) 3층",OK,"서울 강서구 금낭화로 40 (방화동, 우리빌딩) 3층",37.5509,126.8497,1,"class","[마곡] 아낌 없이 듬-뿍, 두쫀쿠 말고 뚠뚠 두쫀케를 만들어보자 !!"
"https://www.sssd.co.kr/m/class/detail/54505",MISSING_ENTRY,"",,,1,"class","[수원 신동카페거리] 생딸기 두바이 쫀득 쿠키 클래스"
"서울 성동구 아차산로 54 (성수동1가) 4층",OK,"서울 성동구 아차산로 54 (성수동1가) 4층",37.5633,127.0371,1,"class","[성수] 초코와 행운을 품은 귀여운 거북이 버터쿠키 만들기 (초코or 말차 선택)"
"서울 동작구 대림로 40 (신대방동) 1층 포유클레이 세라믹스튜디오",OK,"서울 동작구 대림로 40 (신대방동) 1층 포유클레이 세라믹스튜디오",37.5124,126.9393,1,"class","[서울] 물레 원데이클래스 / 빙글빙글 돌아가는 물레로 나만의 도자기 만들기!"
"인천 부평구 충선로 176-8 (부개동) 상가1동 102호 정성잇개 스튜디오",MISSING_ENTRY,"",,,1,"class","[부평] 맛있는 두바이 쫀득 쿠키 만들기6개 (최상급 재료로 만드는)"
"https://www.sssd.co.kr/m/class/detail/21064",MISSING_ENTRY,"",,,1,"class","[망원동]다양한 베이킹 원데이 클래스 모음전"
"서울 마포구 와우산로22길 72 (상수동) 202호 스위츠찬미 (요이동, 미장원지슬 계단으로 올라오세요)",MISSING_ENTRY,"",,,1,"class","[홍대] 바삭 쫀득한 티그레 원데이 클래스"
"서울 강남구 영동대로129길 24-6 (삼성동) 플리페",OK,"서울특별시 강남구 영동대로129길 24-6 ...",37.5172,127.0473,1,"class","[강남] (메이크업 클래스)청담동 메이크업아티스트에게 배우는 메이크업 노하우"
"서울 용산구 한강대로62나길 2 (한강로1가) 2층",OK,"서울 용산구 한강대로62나길 2 (한강로1가) 2층",37.5323,126.9906,1,"class","[용산] 키티&두쫀쿠의 운명적 만남! 키티 두쫀쿠 6개 만들기 클래스"
"https://www.sssd.co.kr/m/class/detail/53765",MISSING_ENTRY,"",,,1,"class","[홍대] 피쵸 가~득 두바이 쫀득쿠키 클래스"
"다이아몬드릴리",OK,"서울 강남구 선릉로 711 (논현동) 1층 다이아몬드릴리",37.5172,127.0473,1,"class","공기정화식물을 품은 강아지 토피어리 만들기"
"대전광역시 유성구 노은동로 126 대전선사박물관",MISSING_ENTRY,"",,,1,"museum","대전선사박물관"
"경상남도 합천군 용주면 합천호수로 828-7",MISSING_ENTRY,"",,,1,"museum","이주홍어린이문학관"
"충청북도 음성군 맹동면 이수로 93 국가기술표준원",MISSING_ENTRY,"",,,1,"museum","계량박물관"
"경상북도 안동시 관광단지로 346-30 유교랜드",MISSING_ENTRY,"",,,1,"kids","안동문화관광단지유교랜드"
"인천광역시 계양구 계양문화로 7 문화빌딩 2층",MISSING_ENTRY,"",,,1,"museum","심장박물관"
"3 Chome-1-1 Omoromachi, Naha, Okinawa 900-0006 일본",MISSING_ENTRY,"",,,1,"museum","오키나와 현립박물관"
"경기도 동두천시 평화로2910번길 96-63 자유수호평화박물관",MISSING_ENTRY,"",,,1,"museum","자유수호평화박물관"
"경기도 김포시 대곶면 덕포진로103번길 90 덕포진교육박물관",MISSING_ENTRY,"",,,1,"museum","덕포진교육박물관"
"경기도 광명시 일직로12번길 24",MISSING_ENTRY,"",,,1,"museum","광명에디슨뮤지엄"
"충청남도 천안시 동남구 태조산길 267-17 충청남도 안전체험관",MISSING_ENTRY,"",,,1,"museum","충청남도 안전체험관"
"서울특별시 중구 통일로 1 서울역(본옥)",MISSING_ENTRY,"",,,1,"museum","문화역서울284"
"서울특별시 중구 장충단로 59 국립극장",MISSING_ENTRY,"",,,1,"museum","국립극장공연예술박물관"
"충청남도 부여군 부여읍 금성로 5 국립부여박물관",MISSING_ENTRY,"",,,1,"museum","국립부여박물관 어린이박물관"
"전라북도 군산시 해망로 240 군산근대역사박물관",MISSING_ENTRY,"",,,1,"museum","군산근대역사박물관"
"경상북도 구미시 금오산로 336-97 경상북도환경연수원",MISSING_ENTRY,"",,,1,"museum","에코누리 구미시 탄소제로교육관"
"서울특별시 종로구 세종대로 172 5호선 광화문역",MISSING_ENTRY,"",,,1,"museum","세종이야기 충무공이야기"
"전라남도 강진군 대구면 청자촌길 45 도예문화원",MISSING_ENTRY,"",,,1,"museum","고려청자박물관디지털박물관"
"서울특별시 종로구 삼청로 37 국립민속박물관",MISSING_ENTRY,"",,,1,"museum","국립민속박물관 7080추억의거리"
"인천광역시 서구 고산후로121번길 7 인천광역시 검단선사박물관",MISSING_ENTRY,"",,,1,"museum","검단선사박물관"
"경기도 오산시 가장산업동로 37 아모레퍼시픽 오산공장",MISSING_ENTRY,"",,,1,"museum","아모레퍼시픽 팩토리 투어"
"경기도 안산시 단원구 대부황금로 1546 경기도 해양안전체험관",MISSING_ENTRY,"",,,1,"museum","경기해양안전체험관"
"인천광역시 서구 봉오재1로 120",MISSING_ENTRY,"",,,1,"museum","인천국민안전체험관"
"서울특별시 송파구 충민로 17 래미안갤러리",MISSING_ENTRY,"",,,1,"museum","래미안갤러리"
"경상남도 창원시 의창구 동읍 주남로101번길 26 주남저수지람사르문화관",MISSING_ENTRY,"",,,1,"museum","람사르문화관"
"대전광역시 유성구 대덕대로 480 대전 C.T센터, 스튜디오큐브",MISSING_ENTRY,"",,,1,"museum","대전교통문화연수원"
"경상북도 안동시 서동문로 203 전통문화콘텐츠박물관,안동문화원",MISSING_ENTRY,"",,,1,"museum","안동 전통문화콘텐츠박물관"
"대전광역시 서구 둔산대로 191 대전곤충생태관",MISSING_ENTRY,"",,,1,"museum","대전곤충생태관"
"충청북도 충주시 중앙탑면 묘곡내동길 100 고구려천문과학관 충주고구려천문과학관",MISSING_ENTRY,"",,,1,"museum","충주고구려천문과학관"
"대전광역시 유성구 엑스포로 219-39 솔로몬로파크",MISSING_ENTRY,"",,,1,"museum","솔로몬로파크"
"경기도 파주시 탄현면 평화로 885-43 뮤지엄헤이",MISSING_ENTRY,"",,,1,"museum","뮤지엄헤이"
"충청남도 보령시 대흥로 63",MISSING_ENTRY,"",,,1,"museum","보령문화의전당"
"경상북도 고령군 대가야읍 벽화길 104",MISSING_ENTRY,"",,,1,"museum","고아리 벽화고분 모형관"
"경기도 평택시 팽성읍 안정로39번길 21 팽성생활사박물관 2층",MISSING_ENTRY,"",,,1,"museum","팽성생활사박물관"
"경상남도 창원시 성산구 원이대로 633 한국은행경남본부",MISSING_ENTRY,"",,,1,"museum","한국은행 경남본부 화폐전시관"
"충청남도 보령시 성주면 심원계곡로 93",MISSING_ENTRY,"",,,1,"museum","성주사지 천년 역사관"
"충청남도 보령시 성주면 성주산로 508",MISSING_ENTRY,"",,,1,"museum","보령석탄박물관"
"강원도 속초시 학사평2길 16",MISSING_ENTRY,"",,,1,"museum","테라크랩팜"
"강원도 속초시 미시령로 3054",MISSING_ENTRY,"",,,1,"museum","국립산악박물관"
"21 Jurong Town Hall Rd, Singapore 609433",MISSING_ENTRY,"",,,1,"museum","싱가포르 kidsSTOP"
"경상북도 경산시 삼성현로 110 경상북도교육청 남부미래교육관",MISSING_ENTRY,"",,,1,"museum","경산수학체험센터"
"강원도 춘천시 서면 박사로 844 토이로봇관",MISSING_ENTRY,"",,,1,"museum","애니메이션 박물관 & 토이로봇관"
"인천광역시 중구 신포로23번길 89",MISSING_ENTRY,"",,,1,"museum","인천개항박물관"
"경기도 이천시 호법면 중부대로798번길 126 환경학습관 2층",MISSING_ENTRY,"",,,1,"museum","경기도어린이식품안전체험관 이천센터"
"충청북도 충주시 동량면 지등로 260 충주자연생태체험관 충주자연생태체험관",MISSING_ENTRY,"",,,1,"museum","충주자연생태체험관"
"충청남도 부여군 규암면 백제문로 553",MISSING_ENTRY,"",,,1,"museum","부여생활사박물관"
"강원도 평창군 대관령면 올림픽로 715 용평리조트",MISSING_ENTRY,"",,,1,"kids","용평 공룡해양랜드"
"강원특별자치도 삼척시 새천년도로 28",MISSING_ENTRY,"",,,1,"museum","이사부독도기념관"
"경기도 의정부시 추동로124번길 52 의정부과학도서관",MISSING_ENTRY,"",,,1,"museum","의정부과학도서관 어린이과학체험실"
"경기도 광주시 곤지암읍 경충대로 727 광주도자기엑스포장",MISSING_ENTRY,"",,,1,"museum","경기도자박물관"
"대전광역시 서구 둔산대로 157 이응노미술관",MISSING_ENTRY,"",,,1,"museum","이응노미술관"
"서울특별시 노원구 동일로174길 27 서울시생활사박물관 내 1~2층",MISSING_ENTRY,"",,,1,"museum","서울생활사박물관 옴팡놀이터"
"인천광역시 서구 로봇랜드로 155-11 로봇랜드 로봇지원센터 1층",MISSING_ENTRY,"",,,1,"museum","서구로봇체험관"
"서울특별시 성북구 정릉로9길 68 명원박물관",MISSING_ENTRY,"",,,1,"museum","명원박물관"
"부산광역시 부산진구 성지곡로33번길 29-28 부산광역시어린이창의교육관",MISSING_ENTRY,"",,,1,"museum","부산광역시교육청어린이창의교육관"
"제주특별자치도 서귀포시 효돈순환로 441",MISSING_ENTRY,"",,,1,"museum","서귀포감귤박물관"
"경상남도 창원시 의창구 용지로 296 경남도립미술관",MISSING_ENTRY,"",,,1,"museum","경남도립미술관"
"충청남도 공주시 관광단지길 34 국립공주박물관",MISSING_ENTRY,"",,,1,"museum","국립공주박물관"
"서울특별시 종로구 북촌로 39",MISSING_ENTRY,"",,,1,"museum","북촌박물관"
"제주특별자치도 제주시 한경면 노을해안로 1100",MISSING_ENTRY,"",,,1,"museum","제주고산리유적안내센터"
"제주특별자치도 제주시 전농로 88",MISSING_ENTRY,"",,,1,"museum","제주수학체험관"
"경기도 양주시 장흥면 권율로 124 A동 2층",MISSING_ENTRY,"",,,1,"museum","양주곤충박물관 by 글로벌스페이스 체험교육"
"광주광역시 남구 포충로 966-15 빛고을농촌테마공원",MISSING_ENTRY,"",,,1,"museum","빛고을농촌테마공원곤충박물관"
"전라남도 여수시 돌산읍 돌산로 2876",MISSING_ENTRY,"",,,1,"museum","전라남도해양수산과학관"
"경상북도 성주군 성주읍 성주순환로 271-9 성주군 종합사회복지관,청소년문화의집",MISSING_ENTRY,"",,,1,"museum","성주과일어린이과학체험관"
"818 N Marine Corps Drive Piti, 5524, 96915 괌",MISSING_ENTRY,"",,,1,"museum","괌 피시아이 수중 전망대"
"髙島屋S.C.東館, 5F, 2 Chome-11-2 Nihonbashi, Chuo City, Tokyo 103-0027 일본",MISSING_ENTRY,"",,,1,"museum","도쿄 포켓몬센터 도쿄 DX"
"2 Chome-1-7 Ogimachi, Kita Ward, Osaka, 530-0025 일본",MISSING_ENTRY,"",,,1,"kids","키즈플라자 오사카"
"울산광역시 남구 장생포고래로 248 고래생태체험관",MISSING_ENTRY,"",,,1,"museum","장생포 고래생태체험관"
"서울특별시 중구 정동길 26 이화여자고등학교",MISSING_ENTRY,"",,,1,"museum","이화박물관"
"전북특별자치도 군산시 해망로 244-7 군산세관 옛군산세관",MISSING_ENTRY,"",,,1,"museum","옛군산세관"
"충청남도 태안군 원북면 옥파로 199-7 옥파이종일 생가지 이종일선생생가지",MISSING_ENTRY,"",,,1,"museum","이종일선생생가지"
"경상북도 고령군 대가야읍 신남로 81 대가야생활촌",MISSING_ENTRY,"",,,1,"museum","고령어린이과학체험관"
"경상남도 밀양시 단장면 관광단지로 77",MISSING_ENTRY,"",,,1,"museum","네이처에코리움"
"충청북도 청주시 상당구 미원면 수목원길 51 충청북도산림환경연구소",MISSING_ENTRY,"",,,1,"museum","충북산림과학박물관"
"충청북도 청주시 흥덕구 강내면 청주역로 213-52",MISSING_ENTRY,"",,,1,"museum","한국잠사플레이팜 한국잠사박물관"
"경기도 수원시 팔달구 인계로 123 KBS수원방송센타",MISSING_ENTRY,"",,,1,"museum","KBS수원센터"
"경상북도 영덕군 남정면 동해대로 3560",MISSING_ENTRY,"",,,1,"museum","장사상륙작전전승기념관"
"전라남도 구례군 마산면 화엄사로 377-36",MISSING_ENTRY,"",,,1,"museum","지리산역사문화관"
"서울특별시 강서구 양천로49길 106 공중화장실 궁산땅굴",MISSING_ENTRY,"",,,1,"museum","궁산땅굴역사전시관"
"서울특별시 성북구 안암로 145 고려대학교안암캠퍼스",MISSING_ENTRY,"",,,1,"museum","고려대학교 서울캠퍼스 박물관 & 크림슨스토어"
"경상북도 안동시 풍천면 전서로 206 하회세계탈박물관",MISSING_ENTRY,"",,,1,"museum","하회세계탈박물관"
"충청북도 청주시 상당구 명암로 171 청주랜드 신재생에너지체험관",MISSING_ENTRY,"",,,1,"kids","청주랜드 신재생에너지체험관"
"충청북도 청주시 상당구 명암로 171 청주랜드 어린이체험관",MISSING_ENTRY,"",,,1,"kids","청주랜드 어린이회관 제2관(어린이체험관)"
"서울특별시 중구 장충단로 166 종이나라빌딩",MISSING_ENTRY,"",,,1,"museum","종이나라박물관"
"충청북도 충주시 관아1길 20 충주성내동우체국(구) 충주어린이과학관",MISSING_ENTRY,"",,,1,"museum","충주어린이과학관"
"서울특별시 강북구 삼양로 689 안토",MISSING_ENTRY,"",,,1,"museum","안토 피규어 박물관"
"서울특별시 종로구 인사동11길 19 서인사마당 공영주차장",MISSING_ENTRY,"",,,1,"museum","인사동홍보관"
"대구광역시 수성구 달구벌대로 3170 대구농업마이스터고등학교",MISSING_ENTRY,"",,,1,"museum","대구녹색학습원"
"경상남도 거창군 북상면 덕유월성로 1312-96 거창군월성청소년수련원",MISSING_ENTRY,"",,,1,"museum","거창월성우주창의과학관"
"경상북도 경주시 문무대왕면 불국로 1655 한국수력원자력주식회사",MISSING_ENTRY,"",,,1,"museum","한수원 홍보관"
"대구광역시 수성구 청호로 321 국립대구박물관",MISSING_ENTRY,"",,,1,"museum","국립대구박물관"
"인천광역시 계양구 방축로 21 인천어린이과학관",MISSING_ENTRY,"",,,1,"museum","인천어린이과학관"
"서울특별시 중구 청계천로 40 한국관광공사 서울센터",MISSING_ENTRY,"",,,1,"museum","하이커 그라운드"
"인천광역시 부평구 굴포로 151 부평역사박물관",MISSING_ENTRY,"",,,1,"museum","부평역사박물관"
"서울특별시 마포구 하늘공원로 108 반딧불이생태관",MISSING_ENTRY,"",,,1,"museum","반딧불이생태관"
"서울특별시 강남구 도산대로45길 20 도산전시관",MISSING_ENTRY,"",,,1,"museum","도산 안창호 기념관"
"경상북도 영천시 화북면 별빛로 681-32",MISSING_ENTRY,"",,,1,"museum","보현산천문과학관"
"서울특별시 용산구 서빙고로 17 용산센트럴파크 해링턴스퀘어 공공시설동 1,2층",MISSING_ENTRY,"",,,1,"museum","용산도시기억전시관"
"경상남도 함양군 함양읍 필봉산길 55",MISSING_ENTRY,"",,,1,"museum","함양박물관"
"경기도 양주시 장흥면 권율로 83-5",MISSING_ENTRY,"",,,1,"museum","청암민속박물관"
"경기도 포천시 영북면 비둘기낭길 55 한탄강세계지질공원센터",MISSING_ENTRY,"",,,1,"museum","한탄강세계지질공원센터"
"서울특별시 종로구 북촌로 15 헌법재판소",MISSING_ENTRY,"",,,1,"museum","헌법재판소 도서관"
"서울특별시 강서구 허준로 87 허준박물관",MISSING_ENTRY,"",,,1,"museum","허준박물관"
"전북특별자치도 군산시 해망로 230 장기18은행 군산근대미술관",MISSING_ENTRY,"",,,1,"museum","군산근대미술관"
"강원특별자치도 원주시 북원로 2790 국립강원전문과학관",MISSING_ENTRY,"",,,1,"museum","국립강원전문과학관"
"경상북도 울진군 북면 울진북로 2040",MISSING_ENTRY,"",,,1,"museum","한울에너지팜"
"전북특별자치도 익산시 망성면 망성로 14 (주)하림",MISSING_ENTRY,"",,,1,"museum","하림치킨로드투어"
"6 Chome-1-16 Toyosu, Koto City, Tokyo 135-0061 일본",MISSING_ENTRY,"",,,1,"museum","팀랩 플래닛 도쿄"
"전북특별자치도 군산시 내항2길 32 진포해양테마공원 위봉함676",MISSING_ENTRY,"",,,1,"museum","위봉함676"
"경기도 성남시 분당구 운중로146번길 19 1층 101호",MISSING_ENTRY,"",,,1,"museum","호돌이다방"
"경기도 여주시 황학산수목원길 73 황학산수목원 여주산림박물관",MISSING_ENTRY,"",,,1,"museum","여주산림박물관"
"인천광역시 부평구 굴포로 110 부평구 민방위교육장(안전체험관)",MISSING_ENTRY,"",,,1,"museum","부평안전체험관"
"경기도 가평군 북면 가화로 2089-42 가평군생태탐방학습원",MISSING_ENTRY,"",,,1,"museum","명지산생태전시관"
"경기도 파주시 탄현면 헤이리마을길 63-26 세계민속악기박물관",MISSING_ENTRY,"",,,1,"museum","세계민속악기박물관"
"서울특별시 중구 정동길 18 국토발전전시관",MISSING_ENTRY,"",,,1,"museum","국토발전전시관"
"서울특별시 서초구 효령로72길 60 한전아트센터",MISSING_ENTRY,"",,,1,"museum","전기박물관"
"경기도 안양시 만안구 예술공원로103번길 4 김중업 박물관 안양박물관",MISSING_ENTRY,"",,,1,"museum","안양박물관"
"인천광역시 중구 신포로15번길 76 한국근대문학관",MISSING_ENTRY,"",,,1,"museum","한국근대문학관"
"경기도 구리시 검배로 200",MISSING_ENTRY,"",,,1,"museum","구리시곤충생태관"
"충청남도 태안군 안면읍 안면대로 3171-6",MISSING_ENTRY,"",,,1,"museum","오마이갤러리 세계명화 트릭아트전시관"
"서울특별시 노원구 화랑로 622",MISSING_ENTRY,"",,,1,"museum","노원기차마을 스위스관"
"서울특별시 용산구 한강대로14길 35-29",MISSING_ENTRY,"",,,1,"museum","용산역사박물관"
"충청남도 부여군 규암면 백제문로 455 백제역사문화관",MISSING_ENTRY,"",,,1,"museum","백제역사문화관"
"경기도 용인시 기흥구 상갈로 6",MISSING_ENTRY,"",,,1,"museum","경기도어린이박물관"
"대구 달서구 성서공단로 40",MISSING_ENTRY,"",,,1,"museum","대구 환경사랑홍보교육관"
"경기 화성시 봉담읍 동화길 146",MISSING_ENTRY,"",,,1,"museum","화성시어린이문화센터"
"성남시 분당구 판교역로146번길 20",MISSING_ENTRY,"",,,1,"museum","현대어린이책미술관"
"전남 해남군 황산면 공룡박물관길 234",MISSING_ENTRY,"",,,1,"museum","해남공룡박물관"
"강원특별자치도 강릉시 구정면 정등로 130 디자인씽킹뮤지엄",MISSING_ENTRY,"",,,1,"museum","디자인씽킹뮤지엄"
"제주특별자치도 제주시 구좌읍 해녀박물관길 26 해녀박물관",MISSING_ENTRY,"",,,1,"museum","제주해녀박물관"
"충청남도 공주시 고마나루길 30",MISSING_ENTRY,"",,,1,"museum","백제오감체험관"
"서울시 용산구 한강대로72길 3 크라운해태제과 지하1층",MISSING_ENTRY,"",,,1,"kids","크라운해태 키즈뮤지엄"
"경북 의성군 금성면 초전1길 83",MISSING_ENTRY,"",,,1,"museum","의성조문국박물관"
"제주 서귀포시 안덕면 녹차분재로 218 제주항공우주박물관",MISSING_ENTRY,"",,,1,"museum","제주항공우주박물관"
"경북 경주시 보문로 465-67 지하 1층",MISSING_ENTRY,"",,,1,"museum","정글미디어파크"
"대전광역시 유성구 과학로 82 국제지식재산연수원 발명교육센터 창의발명체험관",MISSING_ENTRY,"",,,1,"museum","발명교육센터 창의발명체험관"
"광주광역시 광산구 신창동 1073-12",MISSING_ENTRY,"",,,1,"museum","마한유적체험관"
"경기 시흥시 오이도로 332",MISSING_ENTRY,"",,,1,"museum","오이도 박물관"
"경기 오산시 북삼미로 12",MISSING_ENTRY,"",,,1,"museum","오산미니어처빌리지"
"충북 충주시 앙성면 가곡로 1434 오대호아트팩토리",MISSING_ENTRY,"",,,1,"museum","오대호아트팩토리"
"경북 예천군 효자면 고항리 608",MISSING_ENTRY,"",,,1,"museum","예천곤충생태원"
"전라남도 순천시 해룡면 비래길 95 2층 순천공충박물관",MISSING_ENTRY,"",,,1,"museum","순천곤충박물관"
"경상북도 김천시 대항면 직지사길 130",MISSING_ENTRY,"",,,1,"museum","김천시립박물관"
"대구광역시 군위군 효령면 경북대로 2228 경북대학교자연사박물관",MISSING_ENTRY,"",,,1,"museum","경북대학교 자연사박물관"
"경기도 안양시 만안구 예술공원로131번길 7",MISSING_ENTRY,"",,,1,"museum","김중업건축박물관"
"대구광역시 달서구 문화회관길 160 달서아트센터 3층",MISSING_ENTRY,"",,,1,"museum","달서 메타버스 체험관"
"경기도 안성시 원곡면 만세로 868",MISSING_ENTRY,"",,,1,"museum","안성 3.1운동 기념관"
"대구광역시 중구 중앙대로 449",MISSING_ENTRY,"",,,1,"museum","향촌문화관"
"경기도 오산시 성호대로 141 오산시청",MISSING_ENTRY,"",,,1,"museum","오산버드파크"
"부산시 동구 중앙대로260번길 11",MISSING_ENTRY,"",,,1,"museum","부산과학체험관"
"충청북도 청주시 상당구 가덕면 교육원로 153-122 충청북도유아교육진흥원 유아교육진흥원",MISSING_ENTRY,"",,,1,"museum","충청북도유아교육진흥원"
"경기도 안산시 단원구 대부황금로 1927 시화조력문화관",MISSING_ENTRY,"",,,1,"museum","시화조력문화관"
"전라북도 순창군 순창읍 장류로 55",MISSING_ENTRY,"",,,1,"museum","순창발효테마파크"
"서울시 송파구 올림픽로 240 롯데월드",MISSING_ENTRY,"",,,1,"museum","롯데월드 민속박물관"
"서울 도봉구 시루봉로1길 6",MISSING_ENTRY,"",,,1,"museum","둘리뮤지엄"
"경기 화성시 노작로 134",MISSING_ENTRY,"",,,1,"museum","동탄아트스페이스"
"경기도 포천시 영북면 산정호수로 322번길 26-9",MISSING_ENTRY,"",,,1,"museum","한과문화박물관"
"대전광역시 유성구 엑스포로 1",MISSING_ENTRY,"",,,1,"museum","대전 신세계 넥스페리움"
"충남 아산시 송악면 외암로1182번길 34-19 당림미술관",MISSING_ENTRY,"",,,1,"museum","당림미술관"
"경상남도 밀양시 산내면 봉의로 58-31 밀양한천",MISSING_ENTRY,"",,,1,"museum","밀양한천테마파크"
"대구광역시 중구 달성로22길 27",MISSING_ENTRY,"",,,1,"museum","수창청춘맨숀"
"대구광역시 동구 효동로2길 10 대구지방기상청",MISSING_ENTRY,"",,,1,"museum","국립대구기상과학관"
"경상북도 경주시 보문로 132-22 경주세계자동차박물관",MISSING_ENTRY,"",,,1,"museum","경주 세계자동차박물관"
"경기도 수원시 권선구 수인로 154",MISSING_ENTRY,"",,,1,"museum","국립농업박물관"
"서울특별시 강서구 마곡중앙로 13 마곡안전체험관",MISSING_ENTRY,"",,,1,"museum","마곡안전체험관"
"충청남도 공주시 왕릉로 37",MISSING_ENTRY,"",,,1,"museum","웅진백제역사관"
"경기도 포천시 소흘읍 광릉수목원로 415",MISSING_ENTRY,"",,,1,"museum","국립수목원 산림박물관"
"제주특별자치도 서귀포시 표선면 성읍리 3294",MISSING_ENTRY,"",,,1,"museum","성읍민속마을"
"경상남도 창녕군 부곡면 원앙로 218",MISSING_ENTRY,"",,,1,"museum","부곡온천르네상스관"
"전라남도 여수시 소라면 안심산길 155 여수 테디베어뮤지엄",MISSING_ENTRY,"",,,1,"museum","여수 테디베어뮤지엄"
"충청북도 옥천군 옥천읍 향수길 100 옥천전통문화체험관",MISSING_ENTRY,"",,,1,"museum","옥천전통문화체험관"
"경기도 오산시 오산천로 52 에코리움",MISSING_ENTRY,"",,,1,"museum","오산에코리움"
"경기도 화성시 노작로 158 화성동탄 신도시 홍보관",MISSING_ENTRY,"",,,1,"museum","시립 반석산 에코스쿨"
"서울특별시 동작구 여의대방로20나길 16 보라매안전체험관",MISSING_ENTRY,"",,,1,"museum","보라매안전체험관"
"서울특별시 마포구 월드컵북로11길 20 전쟁과여성인권박물관",MISSING_ENTRY,"",,,1,"museum","전쟁과여성인권박물관"
"전라북도 무주군 설천면 소천리 태권도원 체험관 YAP",MISSING_ENTRY,"",,,1,"museum","태권도원체험관"
"전라북도 무주군 설천면 무설로 1482 태권도원 국립 태권도박물관",MISSING_ENTRY,"",,,1,"museum","국립태권도박물관"
"인천광역시 동구 금곡로 19 배다리성냥마을박물관",MISSING_ENTRY,"",,,1,"museum","배다리성냥마을박물관"
"경기도 성남시 분당구 판교로 191 판교박물관",MISSING_ENTRY,"",,,1,"museum","판교박물관"
"경상남도 밀양시 산내면 산내로 290",MISSING_ENTRY,"",,,1,"museum","버그밀 곤충체험관"
"경기도 용인시 처인구 모현읍 능곡로56번길 8 등잔박물관 등잔박물관",MISSING_ENTRY,"",,,1,"museum","한국등잔박물관"
"인천광역시 중구 제물량로 238 한중문화관",MISSING_ENTRY,"",,,1,"museum","한중문화관"
"경기도 남양주시 와부읍 석실로 46-11 큰물농장",MISSING_ENTRY,"",,,1,"museum","덕소자연사박물관"
"강원도 삼척시 신기면 강원남부로 3016 강원종합박물관",MISSING_ENTRY,"",,,1,"museum","강원종합박물관"
"강원도 춘천시 우석로 70 국립춘천박물관",MISSING_ENTRY,"",,,1,"museum","국립춘천박물관"
"경기도 파주시 문발로 253",MISSING_ENTRY,"",,,1,"museum","미메시스 아트 뮤지엄"
"전라남도 여수시 하멜로 96",MISSING_ENTRY,"",,,1,"museum","하멜전시관 & 하멜등대"
"경기도 고양시 일산서구 킨텍스로 217-6 현대모터스튜디오고양",MISSING_ENTRY,"",,,1,"museum","현대 모터스튜디오 고양"
"인천광역시 중구 신포로27번길 36 누들플랫폼",MISSING_ENTRY,"",,,1,"museum","누들플랫폼"
"경상북도 포항시 남구 송도동",MISSING_ENTRY,"",,,1,"museum","포항함체험관"
"경기도 파주시 회동길 20 (주)웅진씽크빅 웅진역사관",MISSING_ENTRY,"",,,1,"museum","웅진역사관"
"경기도 부천시 성주로214번길 61 펄벅기념관",MISSING_ENTRY,"",,,1,"museum","펄벅기념관"
"경기도 부천시 소사로 482 부천시춘의동체육공원 부천활박물관",MISSING_ENTRY,"",,,1,"museum","부천활박물관"
"경기도 남양주시 고산로126번길 15-2 미호 박물관",MISSING_ENTRY,"",,,1,"museum","미호박물관"
"충청남도 태안군 원북면 신두해변길 201-54",MISSING_ENTRY,"",,,1,"museum","신두리 사구센터"
"서울특별시 서대문구 이화여대길 52 이화여자대학교 이화여자대학교 자연사박물관",MISSING_ENTRY,"",,,1,"museum","이화여자대학교 자연사박물관"
"충청남도 공주시 관광단지길 12 공주전통문화체험관",MISSING_ENTRY,"",,,1,"museum","공주한옥마을 전통문화체험관"
"전라남도 여수시 동문로 11 진남관 진남관",MISSING_ENTRY,"",,,1,"museum","진남관"
"전라남도 구례군 마산면 화엄사로 377-37 구례백두대간생태교육장",MISSING_ENTRY,"",,,1,"museum","구례 백두대간 생태교육장"
"경상북도 경주시 금성로 260-6 오아르미술관",MISSING_ENTRY,"",,,1,"museum","오아르미술관"
"인천광역시 연수구 청량로160번길 26 인천광역시시립박물관",MISSING_ENTRY,"",,,1,"museum","인천광역시립박물관"
"충청북도 청주시 상당구 명암로 171 청주랜드 제3관 공룡전시관",MISSING_ENTRY,"",,,1,"kids","청주랜드 어린이회관 제3관"
"전라남도 담양군 담양읍 메타세쿼이아로 47 개구리생태공원",MISSING_ENTRY,"",,,1,"museum","개구리생태공원 개구리생태관"
"충청남도 공주시 중동 258-9 공주독립운동기념관",MISSING_ENTRY,"",,,1,"museum","공주독립운동기념관"
"경기도 성남시 분당구 석운로164번길 19 다시쓰는 세상 순환자원 홍보관",MISSING_ENTRY,"",,,1,"museum","순환도시 친환경세상 순환자원홍보관"
"충청남도 공주시 국고개길 24 역사박물관 충청남도역사박물관",MISSING_ENTRY,"",,,1,"museum","충청남도역사박물관"
"경기도 파주시 법원읍 자운서원로 204, 율곡기념관2층",MISSING_ENTRY,"",,,1,"museum","이이서가"
"경기도 파주시 법원읍 자운서원로 204, 율곡기념관 1층",MISSING_ENTRY,"",,,1,"museum","율곡기념관"
"경상북도 문경시 문경읍 새재1길 45 문경자연생태박물관",MISSING_ENTRY,"",,,1,"museum","문경자연생태박물관"
"경상남도 양산시 웅상대로 1009-1 3D과학체험관",MISSING_ENTRY,"",,,1,"museum","3D과학체험관"
"경기도 수원시 팔달구 매향동 153-11",MISSING_ENTRY,"",,,1,"museum","xr버스1795행"
"경상북도 경주시 경감로 614",MISSING_ENTRY,"",,,1,"museum","또봇정크아트뮤지엄"
"경상북도 울진군 근남면 수산리 344-11",MISSING_ENTRY,"",,,1,"museum","울진곤충여행관"
"경상북도 포항시 북구 우미길 93 경북과학고등학교,경상북도교육청과학원",MISSING_ENTRY,"",,,1,"museum","경상북도교육청과학원"
"경상북도 상주시 함창읍 교촌리 411",MISSING_ENTRY,"",,,1,"museum","곤충생태전시관"
"경기도 오산시 경기대로 742 UN초전기념관",MISSING_ENTRY,"",,,1,"museum","오산시 유엔군 초전기념관"
"경상북도 문경시 문경읍 새재로 715 문경오미자테마공원",MISSING_ENTRY,"",,,1,"museum","오미자테마공원"
"충청북도 음성군 대소면 대풍산단로 78 한독약품",MISSING_ENTRY,"",,,1,"museum","한독의약박물관"
"광주광역시 북구 하서로 52 광주시립미술관 광주시립미술관",MISSING_ENTRY,"",,,1,"museum","광주시립미술관"
"충청남도 논산시 부적면 충곡로 311-54 백제군사박물관 백제군사박물관",MISSING_ENTRY,"",,,1,"museum","백제군사박물관"
"경상북도 청도군 화양읍 남성현로 346 청도소싸움테마파크",MISSING_ENTRY,"",,,1,"museum","청도소싸움미디어체험관"
"경기도 연천군 전곡읍 평화로443번길 2 전곡선사박물관",MISSING_ENTRY,"",,,1,"museum","전곡선사박물관"
"서울특별시 서초구 남부순환로 2364 국립국악원",MISSING_ENTRY,"",,,1,"museum","국악박물관"
"경상북도 칠곡군 석적읍 강변대로 1580-1",MISSING_ENTRY,"",,,1,"museum","꿀벌나라테마공원"
"전북특별자치도 전주시 완산구 서학로 95 국립무형유산원 국립무형유산원 꿈나래터 디지털체험관",MISSING_ENTRY,"",,,1,"museum","국립무형유산원 디지털체험관"
"전북특별자치도 익산시 금마면 금마호수길 37",MISSING_ENTRY,"",,,1,"museum","액션하우스"
"울산광역시 남구 두왕로 277 박물관",MISSING_ENTRY,"",,,1,"museum","울산박물관"
"서울특별시 영등포구 선유동1로 80 영등포구 별관청사 ydp곤충체험학습관",MISSING_ENTRY,"",,,1,"museum","YDP곤충체험학습관"
"인천광역시 연수구 인천타워대로 238 인천도시역사관",MISSING_ENTRY,"",,,1,"museum","인천도시역사관"
"경기도 성남시 분당구 대왕판교로645번길 21 판교생태학습원",MISSING_ENTRY,"",,,1,"museum","판교환경생태학습원"
"전라북도 무주군 설천면 무설로 1324 반디랜드 무주 반디별 천문과학관",MISSING_ENTRY,"",,,1,"museum","무주반디별천문과학관"
"인천광역시 강화군 하점면 강화대로 994-33",MISSING_ENTRY,"",,,1,"museum","강화자연사박물관"
"경기도 양주시 옥정로 397-13 2층",MISSING_ENTRY,"",,,1,"museum","양주시스마트그린포트"
"서울특별시 강서구 금낭화로 178 강서별빛우주과학관",MISSING_ENTRY,"",,,1,"museum","강서별빛우주과학관"
"경기도 용인시 처인구 포곡읍 에버랜드로376번길 171 삼성교통박물관 삼성화재 모빌리티박물관",MISSING_ENTRY,"",,,1,"museum","삼성화재 모빌리티뮤지엄"
"서울특별시 성동구 청계천로 530 청계천박물관",MISSING_ENTRY,"",,,1,"museum","청계천박물관"
"경기도 양주시 회암사길 11 회암사지 박물관",MISSING_ENTRY,"",,,1,"museum","양주시립회암사지박물관"
"경상북도 구미시 산동읍 인덕1길 195",MISSING_ENTRY,"",,,1,"kids","구미 에코랜드"
"전북특별자치도 전주시 덕진구 농생명로 300 농촌진흥청 전주농업과학관어린이체험관",MISSING_ENTRY,"",,,1,"museum","전주농업과학관어린이체험관"
"경상남도 진주시 대평면 호반로 1353 청동기 문화박물관",MISSING_ENTRY,"",,,1,"museum","진주청동기문화박물관"
"인천광역시 강화군 불은면 강화동로 403 옥토끼우주센터",MISSING_ENTRY,"",,,1,"museum","옥토끼우주센터"
"경기도 용인시 처인구 동부로162번길 14-1 용인시기후변화체험교육센터",MISSING_ENTRY,"",,,1,"museum","용인시기후변화체험교육센터"
"서울특별시 중구 소파로 46 서울특별시교육연구정보원 4층 수학체험관",MISSING_ENTRY,"",,,1,"museum","서울특별시교육청융합과학교육원 남산분원 수학체험관"
"경상북도 김천시 혁신6로 31 김천녹색미래과학관",MISSING_ENTRY,"",,,1,"museum","김천녹색미래과학관"
"성남시 분당구 분당수서로 501",MISSING_ENTRY,"",,,1,"kids","한국잡월드"
"경기 양주시 광적면 광적로 235-48",MISSING_ENTRY,"",,,1,"museum","조명박물관"
"전북 익산시 선화로 836-2 (부송동) 전라북도교육청과학교육원",MISSING_ENTRY,"",,,1,"museum","전라북도교육청과학교육원"
"경기 부천시 길주로 660",MISSING_ENTRY,"",,,1,"museum","자연생태박물관"
"전북 익산시 왕궁면 호반로 8 보석박물관",MISSING_ENTRY,"",,,1,"museum","익산보석박물관"
"울산 북구 약수8길 50 울산수학문화관",MISSING_ENTRY,"",,,1,"museum","울산수학문화관"
"경기도 군포시 초막골길 216 초막골생태전시관",MISSING_ENTRY,"",,,1,"museum","초막골 생태 전시관"
"강원특별자치도 강릉시 창해로 307 세인트존스 호텔",MISSING_ENTRY,"",,,1,"museum","그대 나의 뮤즈 반고흐 to 마티스"
"서울특별시 구로구 디지털로26길 38 G-Tower 3층",MISSING_ENTRY,"",,,1,"museum","넷마블게임박물관"
"경기도 파주시 탄현면 헤이리마을길 82-150 키즈 루덴스 박물관(Kids Ludens Museum)",MISSING_ENTRY,"",,,1,"museum","키즈 루덴스 박물관"
"경기도 고양시 덕양구 항공대학로 76 한국항공대학교",MISSING_ENTRY,"",,,1,"museum","대한항공 A300 항공기 체험"
"서울특별시 중구 명동길 74 명동성당 천주교서울대교구역사관",MISSING_ENTRY,"",,,1,"museum","천주교서울대교구역사관"
"경기도 광명시 연서일로 25 광명동초등학교 광명동초등학교복합시설 어울마당 지하1층",MISSING_ENTRY,"",,,1,"museum","광명시영유아체험센터"
"충청남도 아산시 염치읍 현충사길 126",MISSING_ENTRY,"",,,1,"museum","충무공이순신기념관"
"경기도 화성시 우정읍 고온리안길 24-46 매향리평화기념관",MISSING_ENTRY,"",,,1,"museum","매향리평화기념관"
"경기도 평택시 포승읍 호암길 58 원효대사깨달음체험관",MISSING_ENTRY,"",,,1,"museum","원효대사깨달음체험관"
"전북특별자치도 전주시 완산구 쑥고개로 249 국립전주박물관",MISSING_ENTRY,"",,,1,"museum","국립전주어린이박물관"
"경상남도 김해시 한림면 김해대로 1347",MISSING_ENTRY,"",,,1,"museum","김해시 수도박물관"
"5 Chome-7-1 Goya, Okinawa, 904-0021 일본",MISSING_ENTRY,"",,,1,"museum","오키나와 어린이나라 원더뮤지엄"
"서울 동대문구 약령중앙로 26",MISSING_ENTRY,"",,,1,"museum","서울한방진흥센터"
"서울시 성동구 자동차시장3길 64",MISSING_ENTRY,"",,,1,"museum","서울하수도과학관"
"서울시 노원구 한글비석로 160",MISSING_ENTRY,"",,,1,"museum","서울시립과학관"
"서울 노원구 동일로174길 27",MISSING_ENTRY,"",,,1,"museum","서울생활사박물관"
"서울시 성동구 자동차시장길 49",MISSING_ENTRY,"",,,1,"museum","서울새활용플라자"
"서울특별시 광진구 능동로 216 어린이대공원 서울상상나라",MISSING_ENTRY,"",,,1,"museum","서울상상나라"
"서울 강서구 양천로 201",MISSING_ENTRY,"",,,1,"museum","서울물재생체험관"
"경기도 안산시 단원구 부흥로 254 유리박물관/미술관",MISSING_ENTRY,"",,,1,"museum","유리섬박물관"
"제주특별자치도 제주시 조천읍 북촌서1길 70 돌하르방공원",MISSING_ENTRY,"",,,1,"museum","돌하르방미술관"
"충청북도 증평군 도안면 벨포레길 410",MISSING_ENTRY,"",,,1,"museum","벨포레 미디어아트센터"
"서울특별시 강남구 선릉로158길 3 wook 빌딩",MISSING_ENTRY,"",,,1,"museum","피규어뮤지엄w"
"전북 무주군 설천면 무설로 1324",MISSING_ENTRY,"",,,1,"kids","무주반디랜드"
"경기 파주시 회동길 338",MISSING_ENTRY,"",,,1,"museum","메디테리움 의학박물관"
"인천 서구 봉오재1로 120",MISSING_ENTRY,"",,,1,"museum","인천국민안전체험관 리틀인천안전시티"
"No. 363號, Jihe Rd, Shilin District, Taipei City, 대만 111",MISSING_ENTRY,"",,,1,"museum","타이페이 시립 천문과학교육관"
"서울특별시 종로구 창의문로 119 윤동주문학관",MISSING_ENTRY,"",,,1,"museum","윤동주문학관"
"대전시 유성구 월드컵대로 32",MISSING_ENTRY,"",,,1,"museum","대전광역시어린이회관"
"경기도 가평군 청평면 경춘로 157",MISSING_ENTRY,"",,,1,"museum","한국초콜릿연구소뮤지엄"
"경기도 수원시 영통구 창룡대로 265 수원박물관",MISSING_ENTRY,"",,,1,"museum","수원박물관"
"대구광역시 달서구 조암로 129",MISSING_ENTRY,"",,,1,"museum","달서선사관"
"울산광역시 중구 새즈믄해거리 37",MISSING_ENTRY,"",,,1,"museum","울산중구어린이역사과학체험관"
"경기 과천시 상하벌로 110 국립과천과학관",MISSING_ENTRY,"",,,1,"museum","국립과천과학관"
"경남 합천군 용주면 고품부흥1길 10-28",MISSING_ENTRY,"",,,1,"museum","경상남도안전체험관"
"경기도 수원시 장안구 수일로 135 경기과학고등학교 경기도교육청미래과학교육원",MISSING_ENTRY,"",,,1,"museum","경기도교육청미래과학교육원"
"경기 오산시 북삼미로 22 경기도국민안전체험관",MISSING_ENTRY,"",,,1,"museum","경기도 국민안전체험관"
"부산시 동래구 우장춘로 117",MISSING_ENTRY,"",,,1,"museum","119부산안전체험관"
"강원특별자치도 인제군 상남면 서울양양고속도로 117-2",MISSING_ENTRY,"",,,1,"museum","백두숨길관"
"서울특별시 종로구 돈화문로 71 인산빌딩 9층 돈화문갤러리",MISSING_ENTRY,"",,,1,"museum","돈화문갤러리"
"서울특별시 종로구 돈화문로 71 인산빌딩 떡박물관",MISSING_ENTRY,"",,,1,"museum","떡박물관"
"전북특별자치도 정읍시 서부산업도로 168-43 국립전북기상과학관",MISSING_ENTRY,"",,,1,"museum","국립전북기상과학관"
"전북특별자치도 익산시 왕궁면 궁성로 666",MISSING_ENTRY,"",,,1,"museum","백제왕궁박물관"
"경기도 양평군 옥천면 중미산로 1268 중미산천문대",MISSING_ENTRY,"",,,1,"museum","중미산천문대"
"경상북도 청도군 이서면 이서로 565 한국코미디타운",MISSING_ENTRY,"",,,1,"museum","한국코미디타운"
"대구광역시 북구 대동로1길 40 대구교육박물관",MISSING_ENTRY,"",,,1,"museum","대구교육박물관"
"서울특별시 송파구 올림픽로 240 롯데월드",MISSING_ENTRY,"",,,1,"museum","키자니아 서울"
"경기도 안성시 공도읍 소신두길 52-9",MISSING_ENTRY,"",,,1,"museum","올드타임"
"경기도 시흥시 경기과기대로 284",MISSING_ENTRY,"",,,1,"museum","시흥에코센터"
"경기도 광주시 퇴촌면 태허정로 144-40",MISSING_ENTRY,"",,,1,"museum","산들나비체험장"
"경상북도 칠곡군 북삼읍 오평리 872-2",MISSING_ENTRY,"",,,1,"museum","칠곡수학체험센터"
"경상남도 밀양시 밀양대공원로 86",MISSING_ENTRY,"",,,1,"museum","밀양아리랑우주천문대"
"인천광역시 중구 신포로23번길 97",MISSING_ENTRY,"",,,1,"museum","중구생활사전시관"
"강원도 화천군 사내면 천문대길 431 조경철천문대",MISSING_ENTRY,"",,,1,"museum","조경철천문대"
"경기도 안성시 보개면 남사당로 198-9 안성맞춤 천문과학관",MISSING_ENTRY,"",,,1,"museum","안성맞춤천문과학관"
"경상남도 밀양시 밀양대공원로 100 밀양시립박물관,독립운동기념관",MISSING_ENTRY,"",,,1,"museum","밀양시립박물관"
"경상북도 구미시 박정희로 155",MISSING_ENTRY,"",,,1,"museum","경상북도교육청 메이커교육관 맹글마루"
"대구광역시 수성구 동대구로 172 과학교육원",MISSING_ENTRY,"",,,1,"museum","대구창의융합교육원"
"경상남도 밀양시 밀양대공원로 84",MISSING_ENTRY,"",,,1,"museum","국립밀양기상과학관"
"경상북도 포항시 남구 호미곶면 해맞이로150번길 20 국립등대박물관, 기획전시관, 해양수산관",MISSING_ENTRY,"",,,1,"museum","국립등대박물관"
"서울특별시 중구 세종대로 135-5 조흥금융박물관",MISSING_ENTRY,"",,,1,"museum","한국금융사박물관"
"서울특별시 종로구 세종대로 198 대한민국 역사박물관",MISSING_ENTRY,"",,,1,"museum","대한민국역사박물관"
"서울특별시 용산구 이태원로 29 전쟁기념관",MISSING_ENTRY,"",,,1,"museum","전쟁기념관 어린이박물관"
"서울특별시 광진구 강변북로 2202 뚝섬전망복합문화시설 한강이야기전시관",MISSING_ENTRY,"",,,1,"museum","한강이야기전시관"
"경기도 양주시 장흥면 권율로 117",MISSING_ENTRY,"",,,1,"museum","가나아트파크"
"광주광역시 북구 설죽로 477 남도향토음식박물관",MISSING_ENTRY,"",,,1,"museum","남도향토음식박물관"
"광주광역시 북구 하서로 110 국립광주박물관",MISSING_ENTRY,"",,,1,"museum","국립광주박물관"
"충청남도 논산시 연산면 선비로275번길 31-2 연산역철도문화체험관",MISSING_ENTRY,"",,,1,"museum","연산역 철도문화체험관"
"전북특별자치도 군산시 장미동 군산근대건축관",MISSING_ENTRY,"",,,1,"museum","군산근대건축관"
"경상북도 경주시 첨성로 97",MISSING_ENTRY,"",,,1,"museum","경상북도교육청 발명체험교육관"
"경상남도 창원시 성산구 충혼로72번길 16 창원과학체험관",MISSING_ENTRY,"",,,1,"museum","창원과학체험관"
"전라남도 구례군 간전면 간전중앙로 49 수달전시관 섬진강수달생태공원",MISSING_ENTRY,"",,,1,"museum","섬진강수달생태공원트리타워전망대"
"경상북도 포항시 남구 동해안로 5947 해군항공사령부 항공역사관(구6전단)",MISSING_ENTRY,"",,,1,"museum","해군항공사령부 항공역사관"
"충청남도 홍성군 홍북읍 첨단산단로 15 국립 서해안 기후대기센터 국립서해안기후대기센터",MISSING_ENTRY,"",,,1,"museum","국립충남기상과학관"
"경상북도 포항시 남구 청림동 21-10",MISSING_ENTRY,"",,,1,"museum","몰개월비행기공원"
"서울시 중구 남대문로 39 한국은행",MISSING_ENTRY,"",,,1,"museum","한국은행 화폐박물관"
"경상북도 경주시 감포읍 감포로 226-19 송대말등대",MISSING_ENTRY,"",,,1,"museum","송대말등대 빛체험전시관"
"전라남도 곡성군 오곡면 기차마을로 252-16",MISSING_ENTRY,"",,,1,"museum","섬진강기차마을생태학습관"
"경상북도 경주시 태종로 767 종각",MISSING_ENTRY,"",,,1,"museum","신라대종"
"인천광역시 부평구 장제로 267",MISSING_ENTRY,"",,,1,"museum","부평 굴포누리 기후변화체험관"
"강원특별자치도 평창군 봉평면 효석문학길 73-25 이효석문학관",MISSING_ENTRY,"",,,1,"museum","이효석 문학관"
"경기 부천시 벌말로 122 경기 어린이식품안전체험관 부천센터",MISSING_ENTRY,"",,,1,"museum","경기도 어린이식품안전체험관 부천센터"
"충남 청양군 대치면 칠갑산로 704-21",MISSING_ENTRY,"",,,1,"museum","청양목재문화자연사체험관"
"천안시 동남구 옛시청길 39",MISSING_ENTRY,"",,,1,"museum","천안어린이꿈누리터"
"전라남도 담양군 담양읍 메타세쿼이아로 47 개구리생태공원 개구리생태공원",MISSING_ENTRY,"",,,1,"museum","개구리생태공원 개구리전시관"
"부산시 동래구 우장춘로 175 부산해양자연사박물관",MISSING_ENTRY,"",,,1,"museum","부산해양자연사박물관"
"제주 서귀포시 안덕면 산록남로762번길 69",MISSING_ENTRY,"",,,1,"museum","본태박물관"
"대구시 수성구 동대구로 176",MISSING_ENTRY,"",,,1,"kids","대구어린이교통랜드"
"경기 남양주시 진접읍 해밀예당1로 96",MISSING_ENTRY,"",,,1,"museum","남양주 어린이비전센터"
"대전 유성구 대덕대로 481 국립중앙과학관",MISSING_ENTRY,"",,,1,"museum","국립중앙과학관"
"경상남도 통영시 세병로 12 역사홍보관",MISSING_ENTRY,"",,,1,"museum","삼도수군통제영역사관"
"서울특별시 종로구 평창8길 3 화정박물관",MISSING_ENTRY,"",,,1,"museum","화정박물관"
"전라남도 진도군 임회면 진도항길 161",MISSING_ENTRY,"",,,1,"museum","진도국민해양안전관"
"강원특별자치도 춘천시 우석로 70 국립춘천박물관 국립춘천박물관 어린이박물관",MISSING_ENTRY,"",,,1,"museum","국립춘천박물관 어린이박물관"
"부산광역시 기장군 기장읍 기장해안로 216 수산과학원",MISSING_ENTRY,"",,,1,"museum","국립수산과학원수산과학관"
"서울특별시 광진구 능동로 238 서울시민안전체험관",MISSING_ENTRY,"",,,1,"museum","광나루안전체험관"
"강원특별자치도 화천군 간동면 어룡동길 366 토속어류생태체험장",MISSING_ENTRY,"",,,1,"museum","토속어류생태체험관"
"서울특별시 강서구 마곡중앙로 201 롯데중앙연구소",MISSING_ENTRY,"",,,1,"museum","스위트파크 롯데 어린이 식품체험관"
"경기도 파주시 탄현면 필승로 369 오두산통일전망대 오두산 통일전망대 어린이체험관",MISSING_ENTRY,"",,,1,"museum","오두산 통일전망대 어린이체험관"
"전라남도 강진군 대구면 청자촌길 61-5 민화박물관",MISSING_ENTRY,"",,,1,"museum","한국민화뮤지엄"
"강원특별자치도 춘천시 신북읍 신북로 265 노인복지시설 춘천막국수체험박물관",MISSING_ENTRY,"",,,1,"museum","춘천 막국수체험박물관"
"전라남도 목포시 영산로29번길 6",MISSING_ENTRY,"",,,1,"museum","목포 근대역사관 1관"
"서울특별시 노원구 화랑로 608",MISSING_ENTRY,"",,,1,"museum","타임뮤지엄"
"경북 경주시 보문로 280-34 교원드림센터",MISSING_ENTRY,"",,,1,"museum","바니베어뮤지엄"
"강원특별자치도 춘천시 신동면 김유정로 1430-14 김유정문학촌",MISSING_ENTRY,"",,,1,"museum","김유정문학촌"
"강원특별자치도 강릉시 율곡로3139번길 24 오죽헌 오죽헌",MISSING_ENTRY,"",,,1,"museum","오죽헌·시립박물관"
"충청북도 충주시 동량면 지등로 745 충주다목적댐 물 문화관",MISSING_ENTRY,"",,,1,"museum","충주다목적댐 물 문화관"
"경상북도 성주군 수륜면 가야산식물원길 21",MISSING_ENTRY,"",,,1,"museum","가야산역사신화공원테마관"
"경상북도 상주시 용마로 415 상주 자전거박물관",MISSING_ENTRY,"",,,1,"museum","상주자전거박물관"
"경기도 파주시 동산3길 38-11 금촌초등학교",MISSING_ENTRY,"",,,1,"museum","금촌초등학교 안전체험관"
"충청남도 천안시 동남구 광덕면 광풍로 250-1 A동 주니어천문스쿨",MISSING_ENTRY,"",,,1,"museum","주니어천문스쿨 천안점"
"대구광역시 달성군 유가읍 테크노대로6길 66",MISSING_ENTRY,"",,,1,"museum","달성화석박물관"
"서울특별시 도봉구 마들로13길 56",MISSING_ENTRY,"",,,1,"museum","서울로봇인공지능과학관"
"경기도 파주시 탄현면 헤이리마을길 76-40 잇츠콜라박물관",MISSING_ENTRY,"",,,1,"museum","잇츠콜라박물관"
"고양시 덕양구 화중로 26 고양어린이박물관",MISSING_ENTRY,"",,,1,"museum","고양어린이박물관"
"서울 종로구 송월길 162",MISSING_ENTRY,"",,,1,"museum","경찰박물관"
"전라남도 담양군 가사문학면 가사문학로 877 한국가사문학관",MISSING_ENTRY,"",,,1,"museum","한국가사문학관"
"경기도 안양시 만안구 화창로 10",MISSING_ENTRY,"",,,1,"museum","안양그린마루"
"경기도 부천시 길주로 1 영상문화단지 한국만화박물관",MISSING_ENTRY,"",,,1,"museum","한국만화박물관"
"전북특별자치도 군산시 성산면 철새로 120 금강미래체험관 금강미래체험관",MISSING_ENTRY,"",,,1,"museum","금강미래체험관"
"인천광역시 남동구 아암대로 1605 소래역사관",MISSING_ENTRY,"",,,1,"museum","소래역사관"
"경기도 양평군 용문면 상광길 23-2 경기도해양수산자원연구소",MISSING_ENTRY,"",,,1,"museum","경기도해양수산자원연구소민물고기생태학습관"
"충청남도 천안시 동남구 수신면 장산서길 113 홍대용과학관 천안 홍대용 과학관",MISSING_ENTRY,"",,,1,"museum","천안홍대용과학관"
"서울특별시 중구 소월로 91 안중근의사기념관 안중근의사 기념관",MISSING_ENTRY,"",,,1,"museum","안중근의사기념관"
"강원특별자치도 영월군 북면 밤재로 351 강원특별자치도탄광문화촌",MISSING_ENTRY,"",,,1,"museum","강원특별자치도 탄광문화촌"
"경기도 양주시 남면 양연로173번길 87 조소앙선생기념관",MISSING_ENTRY,"",,,1,"museum","조소앙기념관"
"경기도 수원시 장안구 장안로458번길 9",MISSING_ENTRY,"",,,1,"museum","해우재"
"서울특별시 노원구 중계로 131-17 A,B,C동",MISSING_ENTRY,"",,,1,"museum","피노파밀리아"
"울산광역시 남구 옥동 356",MISSING_ENTRY,"",,,1,"museum","울산대공원생태여행관"
"전라북도 고창군 고창읍 고인돌공원길 74 고인돌박물관",MISSING_ENTRY,"",,,1,"museum","고창고인돌박물관"
"서울특별시 종로구 율곡로 96 서울우리소리박물관",MISSING_ENTRY,"",,,1,"museum","서울우리소리박물관"
"서울특별시 종로구 송월길 52 국립기상박물관",MISSING_ENTRY,"",,,1,"museum","국립기상박물관"
"서울특별시 동대문구 약령중앙로 26 서울한방진흥센터",MISSING_ENTRY,"",,,1,"museum","서울 약령시 한의약 박물관"
"서울특별시 은평구 연서로50길 10 너나들이센터",MISSING_ENTRY,"",,,1,"museum","너나들이센터"
"서울특별시 은평구 연서로50길 8 은평역사한옥박물관",MISSING_ENTRY,"",,,1,"museum","은평역사한옥박물관"
"경기도 남양주시 와부읍 경강로 756 프라움 악기 박물관",MISSING_ENTRY,"",,,1,"museum","프라움악기박물관"
"경기도 안산시 단원구 대부황금로 7 안산어촌민속전시관 안산어촌민속전시관",MISSING_ENTRY,"",,,1,"museum","안산어촌민속박물관"
"인천광역시 중구 영종대로277번길 74-10 인천광역시교육청 교육과학정보원",MISSING_ENTRY,"",,,1,"museum","인천학생과학관"
"경기도 수원시 권선구 서둔로 166 1층",MISSING_ENTRY,"",,,1,"museum","경기도 업사이클플라자"
"충청남도 서천군 장항읍 장산로101번길 75 국립해양생물자원관",MISSING_ENTRY,"",,,1,"museum","국립해양생물자원관"
"전라북도 전주시 완산구 동문길 33-20",MISSING_ENTRY,"",,,1,"museum","전주난장"
"서울특별시 종로구 새문안로 55 서울역사박물관",MISSING_ENTRY,"",,,1,"museum","서울역사박물관"
"인천광역시 서구 로봇랜드로 155-11 로봇랜드 로봇지원센터 로봇타워 1층",MISSING_ENTRY,"",,,1,"museum","로봇체험관"
"서울특별시 마포구 증산로 14 에너지 제로 하우스",MISSING_ENTRY,"",,,1,"museum","서울에너지드림센터"
"경상남도 밀양시 노상하1길 27",MISSING_ENTRY,"",,,1,"museum","의열체험관"
"경기도 의정부시 부용로214번길 51-81",MISSING_ENTRY,"",,,1,"museum","의정부천문대"
"제주특별자치도 제주시 명림로 437",MISSING_ENTRY,"",,,1,"museum","제주 어린이교통공원"
"전북특별자치도 남원시 검멀1길 14",MISSING_ENTRY,"",,,1,"museum","남원다움관"
"대전광역시 유성구 도안대로 398 대전역사박물관",MISSING_ENTRY,"",,,1,"museum","대전시립박물관우리놀이터"
"경상남도 진주시 충의로 19 한국토지주택공사",MISSING_ENTRY,"",,,1,"museum","토지주택박물관"
"경기도 파주시 탄현면 필승로 369 오두산통일전망대 1층 기획전시실 & 상설전시실",MISSING_ENTRY,"",,,1,"museum","오두산 통일전망대"
"충청북도 제천시 한방엑스포로 19 한방생명과학관",MISSING_ENTRY,"",,,1,"museum","제천한방엑스포공원한방생명과학관"
"강원특별자치도 영월군 김삿갓면 영월동로 1121-15 영월동굴생태관",MISSING_ENTRY,"",,,1,"museum","영월동굴생태관"
"경상남도 고성군 하이면 월흥7길 76-7 고성다이노플레이센터",MISSING_ENTRY,"",,,1,"museum","고성다이노플레이센터"
"세종특별자치시 어울누리로 130",MISSING_ENTRY,"",,,1,"museum","세종 국립어린이박물관"
"강원특별자치도 속초시 엑스포로 75 EXPO주제관",MISSING_ENTRY,"",,,1,"museum","피노디아(다빈치 뮤지엄 & 미켈란젤로 뮤지엄)"
"충청북도 괴산군 괴산읍 쏘가리2길 31 괴강토종어류체험관",MISSING_ENTRY,"",,,1,"museum","괴강토종어류체험관"
"경상남도 의령군 의령읍 충익로 1-25 의병박물관",MISSING_ENTRY,"",,,1,"museum","의병박물관"
"1 Cầu Đá - Hòn Một, Cầu Đá, Nha Trang, Khánh Hòa 650000 베트남",MISSING_ENTRY,"",,,1,"museum","나트랑 국립해양박물관"
"경상북도 경주시 석현로 123 화랑마을 화장마을전시관",MISSING_ENTRY,"",,,1,"museum","화랑마을 전시관&놀이터"
"전북특별자치도 익산시 금마면 미륵사지로 362 국립익산박물관",MISSING_ENTRY,"",,,1,"museum","국립익산박물관 어린이박물관"
"경상남도 창원시 성산구 창원천로196번길 48",MISSING_ENTRY,"",,,1,"museum","경상남도교육청 경남수학문화관"
"경상남도 사천시 사남면 공단1로 108 사천첨단항공우주과학관",MISSING_ENTRY,"",,,1,"museum","사천항공우주과학관"
"경상남도 김해시 진영읍 진영로 145-1 진영역철도박물관",MISSING_ENTRY,"",,,1,"museum","진영역철도박물관"
"충청남도 공주시 반포면 임금봉길 49-25 한국자연사박물관",MISSING_ENTRY,"",,,1,"museum","한국자연사박물관"
"경기도 수원시 영통구 광교로 182 수원광교박물관",MISSING_ENTRY,"",,,1,"museum","수원광교박물관"
"인천광역시 중구 월미로 222 101-127호",MISSING_ENTRY,"",,,1,"museum","와일드벅스 곤충탐험대"
"울산광역시 울주군 서생면 간절곶1길 15",MISSING_ENTRY,"",,,1,"museum","울산기후위기대응센터"
"경상남도 통영시 산양읍 척포길 628-111 수산과학관",MISSING_ENTRY,"",,,1,"museum","통영수산과학관"
"경기도 파주시 금정로 45 2층",MISSING_ENTRY,"",,,1,"museum","DMZ 야생화체험관"
"경기도 시흥시 동서로 902-20 시흥목감 수질복원센터 따오기아동문화관",MISSING_ENTRY,"",,,1,"museum","따오기아동문화관"
"인천광역시 중구 우현로90번길 19-4 가천이길여산부인과기념관",MISSING_ENTRY,"",,,1,"museum","가천이길여산부인과기념관"
"경기도 용인시 처인구 경안천로 76 용인시실내체육관",MISSING_ENTRY,"",,,1,"museum","세리박with용인"
"경기도 양평군 용문면 용문산로 670 양평친환경농업박물관",MISSING_ENTRY,"",,,1,"museum","양평친환경농업박물관"
"경기도 이천시 호법면 중부대로798번길 126 환경학습관 1층",MISSING_ENTRY,"",,,1,"museum","이천시환경학습관"
"경기도 파주시 광인사길 161",MISSING_ENTRY,"",,,1,"museum","파주나비나라박물관"
"경기도 김포시 양촌읍 양곡2로30번길 46 김포시독립운동기념관",MISSING_ENTRY,"",,,1,"museum","김포시독립운동기념관"
"충청남도 서산시 인지면 무학로 1353-4 서산류방택천문기상과학관",MISSING_ENTRY,"",,,1,"museum","서산류방택천문기상과학관"
"서울특별시 서초구 신반포로 241 반포역 지하1층",MISSING_ENTRY,"",,,1,"museum","디지털시민안전체험관"
"777 E Princeton St, Orlando, FL 32803 미국",MISSING_ENTRY,"",,,1,"museum","올랜도 사이언스 센터(Orlando Science Center)"
"경기도 파주시 회동길 521 1층",MISSING_ENTRY,"",,,1,"museum","LED SQUARE CAFE"
"경기도 파주시 탄현면 헤이리마을길 63-15",MISSING_ENTRY,"",,,1,"museum","아트팩토리"
"충청북도 음성군 감곡면 영산로 360 철박물관",MISSING_ENTRY,"",,,1,"museum","철박물관"
"서울특별시 은평구 통일로62길 7 서울기록원",MISSING_ENTRY,"",,,1,"museum","서울기록원"
"서울특별시 은평구 불광로 135",MISSING_ENTRY,"",,,1,"museum","다문화박물관"
"경기도 안산시 단원구 화랑로 265 안산산업역사박물관",MISSING_ENTRY,"",,,1,"museum","안산산업역사박물관"
"경상북도 청도군 이서면 이서로 567",MISSING_ENTRY,"",,,1,"museum","청도박물관"
"강원특별자치도 태백시 천제단길 195 석탄박물관 석탄박물관",MISSING_ENTRY,"",,,1,"museum","태백석탄박물관"
"강원특별자치도 태백시 태백로 2249 태백고생대자연사박물관 태백고생대자연사박물관",MISSING_ENTRY,"",,,1,"museum","태백고생대자연사박물관"
"경기도 안성시 대덕면 서동대로 4726-15 안성맞춤박물관 안성맞춤박물관",MISSING_ENTRY,"",,,1,"museum","안성맞춤박물관"
"경상북도 울진군 울진읍 연지길 30 울진과학체험관 울진과학체험관",MISSING_ENTRY,"",,,1,"museum","울진과학체험관"
"경상북도 울진군 죽변면 해양과학길 8 국립해양과학관",MISSING_ENTRY,"",,,1,"museum","국립해양과학관"
"제주특별자치도 제주시 조천읍 선교로 569-36 제주세계자연유산센터 제주세계자연유산센터",MISSING_ENTRY,"",,,1,"museum","제주세계자연유산센터"
"인천광역시 강화군 강화읍 관청길 40 강화문학관 강화문학관",MISSING_ENTRY,"",,,1,"museum","강화문학관"
"인천광역시 중구 제물량로 238 한중문화관 한중문화관",MISSING_ENTRY,"",,,1,"museum","인천 한중문화관"
"강원특별자치도 양양군 손양면 학포길 33 오산리선사유적박물관",MISSING_ENTRY,"",,,1,"museum","오산리선사유적박물관"
"Florida 32899 미국",MISSING_ENTRY,"",,,1,"museum","케네디 스페이스 센터"
"경기도 성남시 수정구 희망로 475 성남시박물관 (3층)",MISSING_ENTRY,"",,,1,"museum","성남시박물관 디지털어린이체험실"
"경기도 구리시 왕숙천로 49 구리자원회수시설",MISSING_ENTRY,"",,,1,"museum","구리시안전체험관"
"경기도 시흥시 공단2대로 14 시흥물환경센터 맑은물상상누리",MISSING_ENTRY,"",,,1,"museum","맑은물상상누리"
"경기도 수원시 영통구 창룡대로 265 수원박물관 1층",MISSING_ENTRY,"",,,1,"museum","수원박물관 어린이체험실"
"충청북도 충주시 번영대로 270-10 국립충주기상과학관",MISSING_ENTRY,"",,,1,"museum","국립충주기상과학관"
"경기도 안양시 만안구 석수로 320 안양천 생태이야기관 안양천 생태이야기관",MISSING_ENTRY,"",,,1,"museum","안양천생태이야기관"
"인천광역시 중구 구읍로 63 영종역사관",MISSING_ENTRY,"",,,1,"museum","영종역사관"
"서울특별시 송파구 위례성대로 71 한성백제박물관",MISSING_ENTRY,"",,,1,"museum","한성백제박물관"
"서울특별시 송파구 올림픽로35길 137 한국광고문화회관 3층",MISSING_ENTRY,"",,,1,"museum","한국광고박물관"
"경상남도 통영시 남망공원길 29 시민문화회관 디피랑",MISSING_ENTRY,"",,,1,"museum","디피랑"
"전북특별자치도 김제시 부량면 벽골제로 442 벽골제농경사주제관",MISSING_ENTRY,"",,,1,"museum","벽골제농경사주제관"
"제주특별자치도 서귀포시 대포로 113",MISSING_ENTRY,"",,,1,"museum","조안베어뮤지엄"
"경상남도 합천군 대양면 정양리 151",MISSING_ENTRY,"",,,1,"museum","정양늪생태학습관"
"경기도 고양시 일산동구 장대들길 401 람사르 고양장항습지센터",MISSING_ENTRY,"",,,1,"museum","람사르 고양 장항습지생태관"
"제주특별자치도 서귀포시 중문관광로110번길 31 태디베어뮤지엄",MISSING_ENTRY,"",,,1,"museum","테디베어뮤지엄 제주"
"인천광역시 강화군 송해면 장정양오길 413 화문석문화관 강화화문석문화관",MISSING_ENTRY,"",,,1,"museum","강화화문석문화관"
"경기도 시흥시 거북섬서로 35 해양생태과학관",MISSING_ENTRY,"",,,1,"museum","해양생태과학관"
"인천광역시 남동구 논현고잔로168번길 45 한화기념관",MISSING_ENTRY,"",,,1,"museum","한화기념관"
"충청남도 천안시 동남구 천안삼거리길 27 천안박물관 천안박물관 어린이박물관",MISSING_ENTRY,"",,,1,"museum","천안박물관 어린이박물관"
"경상북도 영천시 금호읍 창산길 100-29",MISSING_ENTRY,"",,,1,"museum","최무선과학관"
"경기도 파주시 탄현면 헤이리마을길 59-85 한국근현대사박물관",MISSING_ENTRY,"",,,1,"museum","한국근현대사박물관"
"경기도 고양시 덕양구 고양동 302",MISSING_ENTRY,"",,,1,"museum","중남미문화원"
"서울특별시 영등포구 영중로 15 타임스퀘어",MISSING_ENTRY,"",,,1,"museum","독도체험관"
"경기도 포천시 신북면 아트밸리로 234 포천아트밸리 천문과학관",MISSING_ENTRY,"",,,1,"museum","포천아트밸리 천문과학관"
"전라북도 부안군 변산면 참뽕로 434-20 부안누에타운",MISSING_ENTRY,"",,,1,"museum","부안누에타운"
"충청남도 청양군 대치면 장곡길 47-3 어린이백제체험관",MISSING_ENTRY,"",,,1,"museum","어린이백제체험관"
"세종특별자치시 장군면 산학리길 229",MISSING_ENTRY,"",,,1,"museum","주니어천문스쿨 대전세종점"
"경기도 화성시 풀무골로60번길 4-16",MISSING_ENTRY,"",,,1,"museum","주니어천문스쿨 동탄점"
"경기도 용인시 수지구 성복2로301번길 7 2층",MISSING_ENTRY,"",,,1,"museum","주니어천문스쿨 수지점"
"충청남도 태안군 소원면 천리포1길 120",MISSING_ENTRY,"",,,1,"museum","유류피해극복기념관"
"서울특별시 종로구 세종대로 198 대한민국 역사박물관 4층",MISSING_ENTRY,"",,,1,"museum","대한민국역사박물관 말랑말랑 현대사 놀이터"
"전라남도 여수시 오동도로 61-9 국립여수해양기상과학관",MISSING_ENTRY,"",,,1,"museum","국립여수해양기상과학관"
"전북특별자치도 익산시 왕궁면 호반로 8 보석박물관 익산 공룡테마공원",MISSING_ENTRY,"",,,1,"museum","익산 공룡테마공원"
"인천광역시 중구 공항로 271 인천국제공항역 제1교통센터 지하 1층",MISSING_ENTRY,"",,,1,"museum","국가유산 방문 캠페인 인천공항 홍보관"
"인천광역시 중구 공항로 271 인천국제공항역 제1교통센터 지하 1층 k컬쳐 뮤지엄",MISSING_ENTRY,"",,,1,"museum","케이컬처뮤지엄"
"경기도 안산시 상록구 성호로 113 수목학습장(식물원) 성호박물관",MISSING_ENTRY,"",,,1,"museum","성호박물관"
"전라남도 여수시 자산공원길 90 해오름전시실 곤충박물관",MISSING_ENTRY,"",,,1,"museum","해오름전시실곤충박물관"
"서울특별시 종로구 효자로 12 국립고궁박물관",MISSING_ENTRY,"",,,1,"museum","국립고궁박물관"
"경기도 김포시 고촌읍 신곡로 152 김포시 맑은물사업소",MISSING_ENTRY,"",,,1,"museum","한가람물빛체험관"
"경기도 연천군 연천읍 문화로 140 연천군청소년수련관",MISSING_ENTRY,"",,,1,"museum","연천청소년AI센터"
"인천광역시 중구 월미로 329 한국이민사박물관",MISSING_ENTRY,"",,,1,"museum","한국이민사박물관"
"서울특별시 서대문구 통일로 279-24",MISSING_ENTRY,"",,,1,"museum","국립대한민국임시정부기념관"
"경기도 안성시 보개면 남사당로 198-11 박두진문학관 박두진문학관",MISSING_ENTRY,"",,,1,"museum","박두진문학관"
"경상남도 거제시 일운면 지세포해안로 41 어촌민속전시관 거제조선해양문화관",MISSING_ENTRY,"",,,1,"museum","거제조선해양문화관"
"전라남도 나주시 금성관길 15 나주목문화관",MISSING_ENTRY,"",,,1,"museum","나주목문화관&나주목사내아"
"전라남도 나주시 반남면 고분로 747 국립나주박물관",MISSING_ENTRY,"",,,1,"museum","국립나주박물관"
"충청남도 서산시 해미면 동문1길 42 Wake up 국제청소년센터",MISSING_ENTRY,"",,,1,"museum","Wake up 국제청소년센터"
"충청남도 태안군 남면 몽산포길 57",MISSING_ENTRY,"",,,1,"museum","태안해안체험학습관"
"경상남도 창원시 의창구 창이대로397번길 25 창원역사민속관",MISSING_ENTRY,"",,,1,"museum","창원역사민속관"
"충청남도 아산시 실옥로 222 장영실과학관 장영실과학관",MISSING_ENTRY,"",,,1,"museum","아산환경과학공원장영실과학관"
"경상남도 진주시 진주대로879번길 18",MISSING_ENTRY,"",,,1,"museum","일호광장진주역"
"전라남도 영암군 영암읍 기찬랜드로 41 영암곤충박물관",MISSING_ENTRY,"",,,1,"museum","영암곤충박물관"
"인천광역시 중구 동화마을길 42 공연장",MISSING_ENTRY,"",,,1,"museum","트릭아트스토리"
"충청남도 아산시 순천향로 624-30 충청남도교육청 과학교육원 1층 유아과학관",MISSING_ENTRY,"",,,1,"museum","충청남도교육청과학교육원"
"경상남도 김해시 가야의길 190 국립김해박물관",MISSING_ENTRY,"",,,1,"museum","국립김해박물관"
"경상북도 영덕군 영덕읍 해맞이길 254-20 영덕신재생에너지전시관",MISSING_ENTRY,"",,,1,"museum","영덕신재생에너지전시관"
"서울특별시 종로구 성균관로 25-2 성균관대학교 지하 1층",MISSING_ENTRY,"",,,1,"museum","성균관대학교 인문사회과학캠퍼스600주년기념관"
"제주특별자치도 제주시 애월읍 평화로 2835 제주홀릭뮤지엄",MISSING_ENTRY,"",,,1,"museum","제주홀릭뮤지엄"
"서울특별시 종로구 돈화문로9길 27 춘원당 한방병원 박물관",MISSING_ENTRY,"",,,1,"museum","춘원당한의약박물관"
"대전광역시 서구 유등로 927 천연기념물센터",MISSING_ENTRY,"",,,1,"museum","천연기념물센터"
"광주광역시 북구 오문로 244 광주솔로몬로파크",MISSING_ENTRY,"",,,1,"museum","광주 솔로몬로파크"
"전라남도 진도군 고군면 신비의바닷길 64 진도해양생태관",MISSING_ENTRY,"",,,1,"museum","진도해양생태관"
"충청북도 음성군 맹동면 연미로 360-33 수소안전뮤지엄",MISSING_ENTRY,"",,,1,"museum","수소안전뮤지엄"
"경상남도 남해군 삼동면 죽방로 65 지족어촌관광단지",MISSING_ENTRY,"",,,1,"museum","죽방렴홍보관"
"경상남도 창원시 진해구 명동로 62 진해해양공원",MISSING_ENTRY,"",,,1,"museum","진해해양공원"
"경상남도 진주시 진성면 진의로 178-35 경남과학교육원",MISSING_ENTRY,"",,,1,"museum","경상남도교육청 과학교육원(진성과학관)"
"경기도 광명시 금하로 486 광명시어린이교통공원",MISSING_ENTRY,"",,,1,"museum","광명시 어린이교통공원"
"경기도 이천시 경충대로2697번길 172 이천시립박물관 이천시립박물관",MISSING_ENTRY,"",,,1,"museum","이천시립박물관"
"제주특별자치도 제주시 삼성로 40 제주민속자연사박물관",MISSING_ENTRY,"",,,1,"museum","제주민속자연사박물관"
"경상남도 진주시 판문오동길 99-7",MISSING_ENTRY,"",,,1,"museum","꿈키움동산 어린이농촌테마체험관(물놀이터)"
"경상남도 진주시 망경로 207 진주유등전시관",MISSING_ENTRY,"",,,1,"museum","진주남강유등전시관"
"제주특별자치도 서귀포시 성산읍 서성일로 689-21 제주해양동물박물관",MISSING_ENTRY,"",,,1,"museum","제주해양동물박물관"
"서울특별시 종로구 종로5길 86 서울지방국세청",MISSING_ENTRY,"",,,1,"museum","국세홍보관"
"경상남도 의령군 의령읍 의병로8길 12-33 경상남도교육청 미래교육원",MISSING_ENTRY,"",,,1,"museum","경상남도교육청 미래교육원"
"서울특별시 중구 소파로 46 서울특별시교육연구정보원",MISSING_ENTRY,"",,,1,"museum","서울특별시교육청융합과학교육원 남산분원 탐구학습관"
"경상남도 의령군 의령읍 의합대로 28 의령곤충생태학습관",MISSING_ENTRY,"",,,1,"museum","의령 곤충생태학습관"
"전라남도 여수시 돌산읍 무술목길 142-1 예술랜드",MISSING_ENTRY,"",,,1,"kids","여수예술랜드 트릭아트"
"서울특별시 서초구 서초대로 219 대법원 청사 동관 1층",MISSING_ENTRY,"",,,1,"museum","대법원법원전시관"
"울산광역시 울주군 서생면 해맞이로 1251",MISSING_ENTRY,"",,,1,"museum","울산해양박물관"
"충청북도 영동군 심천면 국악로 9 난계국악박물관",MISSING_ENTRY,"",,,1,"museum","난계국악박물관"
"서울특별시 용산구 한강대로38길 21 용산 어린이정원 내 보보의집",MISSING_ENTRY,"",,,1,"museum","보보의 집"
"서울특별시 용산구 한강대로38길 21 용산어린이정원 내 어린이 환경생태교육관",MISSING_ENTRY,"",,,1,"museum","어린이환경생태교육관"
"인천광역시 중구 신포로23번길 101",MISSING_ENTRY,"",,,1,"travel","대불호텔전시관"
"제주특별자치도 제주시 오복4길 25 제주교육박물관 제주교육박물관",MISSING_ENTRY,"",,,1,"museum","제주교육박물관"
"제주특별자치도 제주시 오복4길 25 제주교육박물관 제주독도체험관",MISSING_ENTRY,"",,,1,"museum","제주독도체험관"
"서울특별시 용산구 백범로 281-9",MISSING_ENTRY,"",,,1,"museum","이봉창 역사울림관"
"전북특별자치도 전주시 완산구 바람쐬는길 21 전주자연생태박물관 전주자연생태관",MISSING_ENTRY,"",,,1,"museum","전주자연생태관"
"서울특별시 송파구 송파대로28길 28 해양환경공단",MISSING_ENTRY,"",,,1,"kids","키즈마린파크"
"서울특별시 종로구 인사동길 35-4 4-6층",MISSING_ENTRY,"",,,1,"museum","뮤지엄김치간"
"서울특별시 마포구 월드컵북로 400 서울산업진흥원 한국영상자료원 1층",MISSING_ENTRY,"",,,1,"museum","한국영화박물관"
"경상북도 영양군 입암면 영양로 963 영양산촌생활박물관",MISSING_ENTRY,"",,,1,"museum","영양산촌생활박물관"
"전북특별자치도 김제시 부량면 벽골제로 442 벽골제농경문화박물관",MISSING_ENTRY,"",,,1,"museum","벽골제농경문화박물관"
"전라북도 군산시 구영7길 37",MISSING_ENTRY,"",,,1,"museum","테디베어뮤지엄 군산"
"제주특별자치도 서귀포시 안덕면 신화역사로 15 오설록 오설록",MISSING_ENTRY,"",,,1,"museum","오설록 티 뮤지엄"
"전북특별자치도 전주시 완산구 쑥고개로 249 국립전주박물관 국립전주박물관",MISSING_ENTRY,"",,,1,"museum","국립전주박물관"
"전북특별자치도 완주군 이서면 농생명로 166 국립농업과학원 곤충박물관",MISSING_ENTRY,"",,,1,"museum","농촌진흥청 국립농업과학원 곤충박물관"
"서울특별시 종로구 우정국로 55 조계사 불교중앙박물관",MISSING_ENTRY,"",,,1,"museum","불교중앙박물관"
"전라남도 화순군 백아면 서유리 산150-1",MISSING_ENTRY,"",,,1,"museum","서유리공룡발자국화석산지"
"서울특별시 종로구 세종대로 175 세종문화회관 미술관",MISSING_ENTRY,"",,,1,"museum","세종문화회관 미술관"
"강원특별자치도 춘천시 신북읍 신샘밭로 1128 소양강 물문화관 B1층~3층",MISSING_ENTRY,"",,,1,"museum","K-water 소양강댐 물문화관"
"경기도 양평군 강하면 강남로 267",MISSING_ENTRY,"",,,1,"museum","기흥성 뮤지엄"
"인천광역시 강화군 강화읍 남문안길 35",MISSING_ENTRY,"",,,1,"museum","동광직물 생활문화센터"
"전라남도 해남군 송지면 땅끝마을길 89 땅끝해양사자연박물관",MISSING_ENTRY,"",,,1,"museum","땅끝해양자연사박물관"
"경기도 의정부시 호국로 1314 파발119지역대",MISSING_ENTRY,"",,,1,"museum","의정부시 퓨전문화관광홍보관"
"충청남도 서산시 잠홍2길 65 서해안 안전체험관 서해안 안전체험관",MISSING_ENTRY,"",,,1,"museum","서해안안전체험관"
"경기도 안성시 보개면 보개산로 147-156 안성환경교육센터",MISSING_ENTRY,"",,,1,"museum","안성환경교육센터"
"부산광역시 사하구 낙동남로 1191 부산현대미술관",MISSING_ENTRY,"",,,1,"museum","부산현대미술관"
"부산광역시 중구 대청로 112",MISSING_ENTRY,"",,,1,"museum","부산근현대역사관 본관"
"경기도 양평군 서종면 소나기마을길 24 산 74",MISSING_ENTRY,"",,,1,"museum","황순원문학촌소나기마을"
"전북특별자치도 전주시 완산구 태조로 15 공예품전시관 공예품전시관",MISSING_ENTRY,"",,,1,"museum","전주공예품전시관"
"인천광역시 미추홀구 수봉안길 84 자유총연맹",MISSING_ENTRY,"",,,1,"museum","인천통일관"
"부산광역시 중구 대청로126번길 12 부산영화체험박물관 부산영화체험박물관",MISSING_ENTRY,"",,,1,"museum","부산영화체험박물관"
"경상남도 고성군 고성읍 동해로 115",MISSING_ENTRY,"",,,1,"museum","고성생태학습관"
"제주특별자치도 제주시 1100로 3198-8 NXC센터",MISSING_ENTRY,"",,,1,"museum","넥슨컴퓨터박물관"
"전북특별자치도 부안군 변산면 새만금로 29-7 국립새만금간척박물관 새만금간척박물관",MISSING_ENTRY,"",,,1,"museum","국립새만금간척박물관"
"울산광역시 남구 남부순환도로 111 울산광역시교육연구정보원, 울산과학관",MISSING_ENTRY,"",,,1,"museum","울산과학관"
"충청남도 계룡시 신도안면 송정길 174 계룡시청소년수련관",MISSING_ENTRY,"",,,1,"museum","계룡시 청소년 별마루센터"
"강원특별자치도 인제군 기린면 상하답로 130 클래식카박물관",MISSING_ENTRY,"",,,1,"museum","인제스피디움 클래식카박물관"
"전라남도 목포시 남농로 136",MISSING_ENTRY,"",,,1,"museum","국립해양문화재연구소&해양유물전시관"
"강원특별자치도 삼척시 엑스포로 69 삼척어린이과학놀이체험관",MISSING_ENTRY,"",,,1,"museum","삼척 어린이과학놀이체험관"
"강원특별자치도 횡성군 갑천면 갑천로690번길 156",MISSING_ENTRY,"",,,1,"museum","홀로세생태보존연구소"
"경상남도 창원시 성산구 용호로 96",MISSING_ENTRY,"",,,1,"museum","자연사랑학습장"
"인천광역시 중구 월미로 222 1층 드림닥터 인천점",MISSING_ENTRY,"",,,1,"museum","드림닥터 의사직업체험 인천점"
"충청남도 예산군 대흥면 임존성길 110-16 봉수산 수목원 곤충생태관",MISSING_ENTRY,"",,,1,"museum","봉수산 곤충생태관"
"강원특별자치도 강릉시 난설헌로 131 강릉녹색도시 체험센터",MISSING_ENTRY,"",,,1,"museum","강릉메타버스체험관"
"제주특별자치도 제주시 명림로 430 제주4.3평화기념관 제주 4.3 어린이체험관",MISSING_ENTRY,"",,,1,"museum","제주4.3어린이체험관"
"경기도 양주시 화합로1426번길 90 양주체육복지센터 2층 양주시VR체험관",MISSING_ENTRY,"",,,1,"museum","양주시 VR체험관"
"경기도 고양시 일산동구 중앙로 1036 베스트 고양터미널 지하1층",MISSING_ENTRY,"",,,1,"museum","드림닥터 의사직업체험 일산점"
"경상남도 밀양시 밀양대공원로 112",MISSING_ENTRY,"",,,1,"museum","밀양 아리랑전시관"
"강원특별자치도 강릉시 수리골길 102 강릉아레나 1층",MISSING_ENTRY,"",,,1,"museum","강릉올림픽뮤지엄"
"경상남도 거제시 일운면 지세포해안로 15 거제씨월드 거제씨월드",MISSING_ENTRY,"",,,1,"kids","거제씨월드"
"경기도 가평군 가평읍 자라섬로 64 이화원 이화원생태문화전시관",MISSING_ENTRY,"",,,1,"museum","이화원생태문화전시관"
"경기도 안성시 공도읍 서동대로 3930-39 1동 3층 103호",MISSING_ENTRY,"",,,1,"museum","글로우사파리 판다100"
"충청북도 충주시 살미면 월악로 432 충주커피박물관",MISSING_ENTRY,"",,,1,"museum","충주커피박물관"
"경상남도 남해군 설천면 노량리 거북선전시관",MISSING_ENTRY,"",,,1,"museum","거북선전시관"
"경상남도 남해군 고현면 남해대로 3817 공중화장실 이순신영상관",MISSING_ENTRY,"",,,1,"museum","이순신영상관"
"경상남도 남해군 남해읍 남해대로 2745 남해유배문학관 남해유배문학관",MISSING_ENTRY,"",,,1,"museum","남해유배문학관"
"경기도 수원시 권선구 수인로 291 서수원버스터미널 이마트2층",MISSING_ENTRY,"",,,1,"museum","드림닥터 의사직업체험 이마트 서수원점"
"제주특별자치도 제주시 일주동로 17 국립제주박물관",MISSING_ENTRY,"",,,1,"museum","국립제주박물관 어린이박물관"
"서울특별시 중구 소공로 51 (주)우리은행본점",MISSING_ENTRY,"",,,1,"museum","우리1899"
"대구광역시 동구 팔공로 227",MISSING_ENTRY,"",,,1,"museum","대구섬유박물관"
"강원특별자치도 태백시 평화길 15 한국안전체험관",MISSING_ENTRY,"",,,1,"museum","365세이프타운"
"부산광역시 부산진구 백양대로 227 한국신발관",MISSING_ENTRY,"",,,1,"museum","한국신발관"
"전북특별자치도 전주시 완산구 완산5길 70 완산벙커 더 스페이스",MISSING_ENTRY,"",,,1,"museum","완산벙커 더 스페이스"
"서울특별시 강남구 강남대로 350 1.2층 UX스튜디오 서울",MISSING_ENTRY,"",,,1,"museum","UX스튜디오 서울"
"경기도 의정부시 호국로 1287 3층",MISSING_ENTRY,"",,,1,"museum","경기도교육청 학생건강증진센터"
"인천광역시 중구 자유공원로 12 인천학생교육문화회관",MISSING_ENTRY,"",,,1,"museum","인천광역시교육청 독도체험관"
"충청남도 서산시 부석면 무학로 152-13 서해미술관",MISSING_ENTRY,"",,,1,"museum","서해미술관"
"제주특별자치도 서귀포시 안덕면 한창로 243",MISSING_ENTRY,"",,,1,"museum","피규어뮤지엄제주"
"강원특별자치도 인제군 상남면 미덕길 253 인제곤충바이오센터",MISSING_ENTRY,"",,,1,"museum","인제곤충바이오센터"
"희소식",MISSING_ENTRY,"",,,1,"food","희소식"
"카페 엠에프티",MISSING_ENTRY,"",,,1,"food","카페 엠에프티"
"꼬망티지",MISSING_ENTRY,"",,,1,"food","꼬망티지"
"보신각",MISSING_ENTRY,"",,,1,"unknown","2025 제야의 종 타종행사"
"스타광장",MISSING_ENTRY,"",,,1,"concert","[서대문구] 2026 신촌카운트다운콘서트"
"공간아울",MISSING_ENTRY,"",,,1,"unknown","제1회 대중연모노드라마페스타"
"세종로공원",MISSING_ENTRY,"",,,1,"leisure","2025 K-FOOD 페스티벌 [넉넉]"
"구립영등포아트스퀘어",MISSING_ENTRY,"",,,1,"exhibition","[영등포문화재단] 2025 현대미술기획전 [표면 없는 두께]"
"갤러리 플래닛",MISSING_ENTRY,"",,,1,"exhibition","거인의 식탁 Feast of the Giant, 김진 개인전"
"홍익대학교 박물관",MISSING_ENTRY,"",,,1,"exhibition","홍익대학교박물관 기획전 [백색 이후 1975-1995]"
"이호철북콘서트홀",MISSING_ENTRY,"",,,1,"unknown","[신청 마감] 문예북흥 No.53 - 새해 첫 문예북흥은 황석영과 함께, 수령 600년 팽나무 『할매』가 기억하는 생성과 소멸의 시간을."
"양재천수변문화쉼터",MISSING_ENTRY,"",,,1,"unknown","[강남문화재단] 양재천 수변 문화 쉼터 토요 콘텐츠 시리즈 [도심 속 작은 쉼, 문화로 물들다]"
"국립대한민국임시정부기념관",MISSING_ENTRY,"",,,1,"unknown","[국립대한민국임시정부기념관] 임시의정원에서 국회로"
"서울책보고",MISSING_ENTRY,"",,,1,"unknown","[서울책보고] 북토크 [나로 살 결심] 문유석 작가"
"구로아트밸리예술극장",MISSING_ENTRY,"",,,1,"classic","[구로문화재단] 2026 구로문화재단 신년음악회"
"심산기념문화센터",MISSING_ENTRY,"",,,1,"exhibition","[서초문화재단] 서리풀 휴(休) 갤러리 [서리풀페스티벌 사생대회 수상작 전시]"
"성동구립도서관",MISSING_ENTRY,"",,,1,"unknown","[성동구립도서관] 1월 영어스토리텔링 수업"
"대학로예술극장",MISSING_ENTRY,"",,,1,"theater","달나라동백꽃 [풀(POOL)] - 2025 창작산실 올해의신작 연극"
"청계광장",MISSING_ENTRY,"",,,1,"leisure","2025 서울빛초롱축제"
"탈영역우정국",MISSING_ENTRY,"",,,1,"exhibition","전시 [하이퍼에코 Hyperecho]"
"홍대 인사이터 홈",MISSING_ENTRY,"",,,1,"unknown","1인가구 세미나 [혼삶 모먼트 : 잘 살고 있나요?]"
"선농단역사문화관",MISSING_ENTRY,"",,,1,"unknown","[동대문문화재단] 동행: 동대문에 퍼지는 음악의 향기"
"한솥아트스페이스",MISSING_ENTRY,"",,,1,"exhibition","[한솥아트스페이스] 김재명 개인전 [자연 곁에서 : BESIDE NATURE] from.연우진"
"미림아트",MISSING_ENTRY,"",,,1,"unknown","[백일몽 | Daydreamin’] - 어떤 도시의 기록"
"서울특별시동부권직장맘지원센터",MISSING_ENTRY,"",,,1,"class","[서울시동부권직장맘지원센터] 1월 노동법률교육 [직장맘·대디가 알아야 할 2026년 모·부성보호제도 개정법]"
"서초문화예술회관",MISSING_ENTRY,"",,,1,"classic","[서초문화원] 2026 신년음악회 [서초, 국악 : 새 빛의 울림]"
"코지모임공간 신촌점",MISSING_ENTRY,"",,,1,"unknown","신촌 리빙랩(Living-Lab) 1기 [사이클(Cycle): 기후위기 시대, 순환하는 물질과 연결되는 존재]"
"구로창의아트홀",MISSING_ENTRY,"",,,1,"theater","청각장애 아동·청소년 연극 [미로의 백화점]"
"송파 청년아티스트센터",MISSING_ENTRY,"",,,1,"unknown","[송파 청년아티스트센터] 예술가와 함께하는 풍납 탐구 생활 1월 프로그램"
"만천명월예술인家",MISSING_ENTRY,"",,,1,"class","[금천문화재단] 2025 만천명월예술인家 예술인 대상 AI 워크숍 [AI 예술인가] 온라인 교육 결과전"
"가나아트센터",MISSING_ENTRY,"",,,1,"unknown","[강북문화재단] 2026 강북구립청소년오케스트라 정기연주회"
"서소문성지 역사박물관",MISSING_ENTRY,"",,,1,"unknown","데비 한 초대전 [Odyssey of Becoming: SHADOW PEOPLE]"
"이스랏아트룸",MISSING_ENTRY,"",,,1,"exhibition","erased, emerged : 유현경 개인전"
"우리소리도서관",MISSING_ENTRY,"",,,1,"class","[종로문화재단] 2026 궁중무용 [춘앵전] 교사연수 오픈클래스"
"상도어울마당 아트홀",MISSING_ENTRY,"",,,1,"concert","[동작문화재단] 2026 상도어울마당 아트홀 상반기 정기 기획공연 '아트 박스 콘서트' 1회차 [손영춘의 인생 모노드라마]"
"본동어울마당 아트홀",MISSING_ENTRY,"",,,1,"concert","[동작문화재단] 2026 본동어울마당 아트홀 상반기 정기 기획공연 '본동 세레나데' 1회차 [삼태기의 시니어 청춘 콘서트]"
"중랑청소년문화예술창작센터",MISSING_ENTRY,"",,,1,"unknown","[중랑청소년문화예술창작센터] 1월 아트청 프로그램 안내"
"국립서울현충원",MISSING_ENTRY,"",,,1,"musical","뮤지컬 [여명의 눈동자]"
"망원한강공원",MISSING_ENTRY,"",,,1,"leisure","2025 한강페스티벌 겨울 [산타클로스의 비밀 작전]"
"어린이청소년 국학도서관",MISSING_ENTRY,"",,,1,"class","[어린이청소년국학도서관] 겨울방학 특강 [성균관대학교와 함께하는 문해력 향상교실]"
"아트선재센터",MISSING_ENTRY,"",,,1,"class","[대우재단 시민강좌] 위기미디어의 세 가지 국면"
"노화랑",MISSING_ENTRY,"",,,1,"unknown","[노화랑] 김성복 [그리움의 그림자]"
"연세대학교 이윤재관(622)",MISSING_ENTRY,"",,,1,"class","[연세대학교 미래교육원] 2026학년도 1학기 원데이클래스"
"온쉼표",MISSING_ENTRY,"",,,1,"concert","가온소리 1주년 기념 콘서트"
"별관",MISSING_ENTRY,"",,,1,"unknown","별관 기금마련전 [새의 선물 : Borderline]"
"서울광장",MISSING_ENTRY,"",,,1,"unknown","2025-2026 서울광장 스케이트장"
"에브리데이몬데이 갤러리",MISSING_ENTRY,"",,,1,"exhibition","김희수 개인전 [끝내 내가 보고 싶은 것]"
"공평도시유적전시관",MISSING_ENTRY,"",,,1,"exhibition","[공평도시유적전시관] 2025년 기획전시 [서울YMCA, 청년이 만든 시민의 역사]"
"서울외국인주민센터",MISSING_ENTRY,"",,,1,"leisure","[서울외국인주민센터] 세계문화체험 [일상 속 세계정거장] 이슬람문화편"
"크리스프 웨지",MISSING_ENTRY,"",,,1,"exhibition","[크리스프 웨지] 김륜아 개인전: 날개와 다리"
"지우헌",MISSING_ENTRY,"",,,1,"exhibition","디자인하우스 사진부 x 라보엘 빈티지 [Editorial Home]"
"서울시립 남서울미술관",MISSING_ENTRY,"",,,1,"exhibition","[서울시립 남서울미술관] 전국광: 쌓는 친구, 허무는 친구"
"서울시립 미술아카이브",MISSING_ENTRY,"",,,1,"exhibition","[서울시립 미술아카이브] 다시, 지구: 다른 감각으로 응답하기"
"금천구립독산도서관",MISSING_ENTRY,"",,,1,"leisure","[금천문화재단] 그림책 아트 체험 [꼬마 정원사의 비밀 책방]"
"통인화랑",MISSING_ENTRY,"",,,1,"unknown","민경숙 초대전"
"성북여성문화센터",MISSING_ENTRY,"",,,1,"class","[성북여성문화센터] 2025학년도 학력인정 문해교육"
"서울문화예술교육센터 양천",MISSING_ENTRY,"",,,1,"class","2026 서울문화예술교육센터 양천 [모두의 아뜰리에] 상설 체험 프로그램 [종이로 팝(Pop)! 상상으로 업(Up)!]"
"뚝섬한강공원",MISSING_ENTRY,"",,,1,"unknown","[미래한강본부] 2025 한강공원 눈썰매장 개장"
"노들섬 복합문화공간",MISSING_ENTRY,"",,,1,"exhibition","[서울시] 2025 아뜰리에 노들 개장전시"
"국립현대미술관 덕수궁",MISSING_ENTRY,"",,,1,"unknown","[덕수궁] 쿠키런: 사라진 국가유산을 찾아서"
"서울시립 사진미술관",MISSING_ENTRY,"",,,1,"exhibition","[서울시립 사진미술관] 사진이 할 수 있는 모든 것"
"이회영기념관",MISSING_ENTRY,"",,,1,"unknown","[이회영기념관 특별전] 세 가지 눈물 - 성재 이시영"
"허준박물관",MISSING_ENTRY,"",,,1,"leisure","[강서문화원] 제23회 허준축제 기념 특별전 [돌멩이 약방-약이 되는 돌 이야기]"
"관악구청",MISSING_ENTRY,"",,,1,"unknown","관악구 · 관악문화재단 X 크라운해태 견생조각전 [예술정원산책]"
"서울교사노동조합",MISSING_ENTRY,"",,,1,"class","[서울한양도성] 2025 서울KYC도성길라잡이 [15기_한양도성 시민교육] 참가자 모집"
"둘리뮤지엄",MISSING_ENTRY,"",,,1,"unknown","[도봉문화재단] 둘리뮤지엄 특별전 [K-라면과 구공탄]"
"광화문광장해치마당",MISSING_ENTRY,"",,,1,"exhibition","2025 아뜰리에 광화 겨울 전시 [신진작가 공모전]"
"서울로미디어캔버스",MISSING_ENTRY,"",,,1,"exhibition","2025 서울로미디어캔버스 겨울 전시 [숨결]"
"대한민국역사박물관",MISSING_ENTRY,"",,,1,"exhibition","[대한민국역사박물관] 2025 특별전 [밤풍경]"
"문화역서울284",MISSING_ENTRY,"",,,1,"exhibition","[국립한글박물관] 글(자)감(각): 쓰기와 도구"
"공근혜갤러리 K.O.N.G. GALLERY",MISSING_ENTRY,"",,,1,"unknown","[공근혜갤러리] 기후 위기 특별 기획전 [사라지는 풍경들: 우리가 마주한 지구의 시간]"
"서울대학교 미술관",MISSING_ENTRY,"",,,1,"exhibition","[서울대학교미술관] 오류를 거니는 산책자"
"더서울라이티움",MISSING_ENTRY,"",,,1,"unknown","월리를 찾아라 특별전"
"서울역사박물관 경교장(사적 제465호)",MISSING_ENTRY,"",,,1,"exhibition","[경교장] 2025 광복 80주년 기념 경교장 작은전시 《광복, 끝과 시작의 문턱에서》"
"마포아트센터",MISSING_ENTRY,"",,,1,"unknown","[마포문화재단] 2026 M 초이스 [ABT 스튜디오 컴퍼니 발레 갈라]"
"강남구청",MISSING_ENTRY,"",,,1,"unknown","[강남구 평생학습센터] 2026년 1차 논현글로벌평생학습센터 수강생 모집"
"백남준기념관",MISSING_ENTRY,"",,,1,"unknown","[SeMA 백남준기념관] 메가트론 랩소디 Megatron Rhapsody"
"종로여성인력개발센터",MISSING_ENTRY,"",,,1,"unknown","[종로여성인력개발센터] AI 파워드 문화·예술 프로젝트 기획 실무 마스터 실무 마스터"
"배화여자대학교 도서관",MISSING_ENTRY,"",,,1,"unknown","[종로문화재단] 금빛으로 지은 옷을 여미다"
"서울 앨버트 테일러 가옥(딜쿠샤)",MISSING_ENTRY,"",,,1,"exhibition","[딜쿠샤] 2025 광복 80주년 기념 딜쿠샤 작은전시 《독립, 일상에서 지킨 염원》"
"성북구립미술관 거리갤러리",MISSING_ENTRY,"",,,1,"exhibition","[성북구립미술관] 2025 공공미술 프로젝트《생이 깃든 소나무: 이길래》"
"코엑스전시장",MISSING_ENTRY,"",,,1,"exhibition","해외바이어가 직접 찾는 글로벌 전시회 [2026 인터참코리아] InterCHARM Korea"
"남산골한옥마을",MISSING_ENTRY,"",,,1,"unknown","[남산골한옥마을] 남산골 전통혼례"
"서울대공원",MISSING_ENTRY,"",,,1,"exhibition","공공미술 시민아이디어 구현 서울대공원 <솜사탕코끼리> 시민개방"
"종로구립 박노수미술관",MISSING_ENTRY,"",,,1,"exhibition","[종로문화재단] 박노수미술관 개관12주년 기념전시 [산수·격물]"
"삼청각",MISSING_ENTRY,"",,,1,"unknown","[삼청각] 수요 상설 공연 [삼청일화예술단]"
"서울시청 하늘광장 갤러리",MISSING_ENTRY,"",,,1,"unknown","[서울시] 2026년 서울청년문화패스 신청자 모집"
"송파문화재단",MISSING_ENTRY,"",,,1,"exhibition","[송파문화재단] 온라인 전시 [사적 게임 아카이브]"
"선유도공원",MISSING_ENTRY,"",,,1,"exhibition","[서울시] 공공미술 수변갤러리 프로젝트 [선유담담] 작품 전시 개장"
"여의도공원",MISSING_ENTRY,"",,,1,"unknown","서울달(SEOULDAL)"
"63스퀘어",MISSING_ENTRY,"",,,1,"exhibition","세계적인 AI 미디어 아티스트 [레픽 아나돌의 최초 상설전시]"