Name,Key,Region,District,Address,Latitude,Longitude
"★오전과 오후 만나는 장소가 다르니 반드시 안내사항을 확인하시기 바랍니다.★

오전(09~12시):석굴암(일주문 옆 세계유산 표지석)
오후(13~16시):불국사 정문(세계유산 표지석)","★오전과 오후 만나는 장소가 다르니 반드시 안내사항을 확인하시기 바랍니다.★

오전(09~12시):석굴암(일주문 옆 세계유산 표지석)
오후(13~16시):불국사 정문(세계유산 표지석)","","반드시","★오전과 오후 만나는 장소가 다르니 반드시 안내사항을 확인하시기 바랍니다.★

오전(09~12시):석굴암(일주문 옆 세계유산 표지석)
오후(13~16시):불국사 정문(세계유산 표지석)",,
"23 NAIL","23 NAIL","seoul","마포구","서울 마포구 월드컵로19길 42 1층(오른쪽)",37.5556876,126.9076401
"3D과학체험관","3D과학체험관","gyeongnam","양산시","경남 양산시 웅상대로 1009-1",35.3898652,129.1557274
"527동 건물입니다.","527동 건물입니다.","seoul","송파구","서울 송파구 송파대로 567 (잠실동, 잠실주공아파트) 527동 건물입니다.",37.5145,127.1066
"63스퀘어","63스퀘어","seoul","영등포구","서울 영등포구 63로 50 한화금융센터_63",37.5198158,126.9403138
"가나아트센터","가나아트센터","seoul","종로구","서울 종로구 평창30길 28",37.6122897,126.9751697
"가디언하우스 작은목공방","가디언하우스 작은목공방","gyeonggi","성남시","경기 성남시 중원구 성남대로1147번길 15-11 1층",37.4316366,127.1270629
"가림빌딩","가림빌딩","seoul","강남구","서울 강남구 선릉로94길 3 (삼성동) 가림빌딩 3층",37.5172,127.0473
"가빈아트홀","가빈아트홀","seoul","강남구","서울 강남구 삼성로 534",37.5096842548818,127.055534174725
"가산 아쿠아밸리","가산 아쿠아밸리","seoul","금천구","서울 금천구 디지털로 178",37.4764396758109,126.887331423733
"가온 휘트니스 대화마을점","가온 휘트니스 대화마을점","gyeonggi","고양시","경기 고양시 일산서구 송포로 35 2층 202호",37.6696019,126.7324163
"가온아트홀","가온아트홀","busan","동구","부산 동구 자성로133번길 10 천일고속빌딩 지하1층",35.1380834,129.0649569
"가운데 매장","가운데 매장","seoul","마포구","서울 마포구 포은로8길 11 (망원동) 가운데 매장",37.5665,126.9018
"가천이길여산부인과기념관","가천이길여산부인과기념관","incheon","중구","인천 중구 우현로90번길 19-4",37.4738744,126.6311804
"가파도 정기여객선","가파도 정기여객선","jeju","서귀포시","제주 서귀포시 대정읍 최남단해안로 120",33.2100651,126.2583796
"가평 쁘띠프랑스","가평 쁘띠프랑스","gyeonggi","가평군","경기 가평군 청평면 호반로 1063",37.7150277522095,127.490720315781
"가평군생태탐방학습원","가평군생태탐방학습원","gyeonggi","가평군","경기 가평군 북면 가화로 2089-42 명지산 생태전시관",37.9360563,127.4876873
"가평탑랜드","가평탑랜드","gyeonggi","가평군","경기 가평군 가평읍 북한강변로 1044-15 , 가평탑랜드",37.77422,127.5344221
"가평탑랜드 번지점프","가평탑랜드 번지점프","gyeonggi","가평군","경기 가평군 가평읍 북한강변로 1044",37.80604150542156,127.52602892065775
"가회민화박물관","가회민화박물관","seoul","종로구","서울 종로구 북촌로 52 (가회동) B1 가회민화박물관",37.573,126.9794
"각 궁궐의 정문 앞","각 궁궐의 정문 앞","","","각 궁궐의 정문 앞",37.579754,126.9766818
"감정선프로젝트 미술공방","감정선프로젝트 미술공방","seoul","송파구","서울 송파구 백제고분로45길 8 (송파동) 지하1층 감정선프로젝트 미술공방",37.5145,127.1066
"강남구청","강남구청","seoul","강남구","서울 강남구 도산대로54길 18 1층",37.521517,127.0386901
"강남대학교입구","강남대학교입구","gyeonggi","용인시","경기 용인시 기흥구 구갈동",37.2726181,127.1289205
"강남스탠다드정형외과의원","강남스탠다드정형외과의원","seoul","서초구","서울 서초구 사임당로 175 3층 301호",37.4929927,127.0286925
"강남씨어터","강남씨어터","seoul","강남구","서울 강남구 역삼로7길 16",37.49536123749658,127.03323385255213
"강남역지하쇼핑센터 B1 고객안내센터","강남역지하쇼핑센터 B1 고객안내센터","seoul","강남구","서울 강남구 테헤란로 156",37.498222,127.0286134
"강동구민회관 대강당","강동구민회관 대강당","seoul","강동구","서울 강동구 상암로 168",37.5457179498377,127.141104271601
"강동문화복지회관 천생아트홀","강동문화복지회관 천생아트홀","gyeongbuk","구미시","경북 구미시 인동가산로 392",36.0900963,128.4546099
"강동아트센터","강동아트센터","seoul","강동구","서울 강동구 동남로 870 강동아트센터",37.5510795,127.1576349
"강동아트센터 대극장 한강","강동아트센터 대극장 한강","seoul","강동구","서울 강동구 동남로 870",37.5513053959305,127.157225258193
"강동아트센터 소극장 드림 일대","강동아트센터 소극장 드림 일대","seoul","강동구","서울 강동구 동남로 870 강동",37.5301,127.1238
"강릉녹색도시 체험센터","강릉녹색도시 체험센터","gangwon","강릉시","강원 강릉시 난설헌로 131",37.791673,128.9072579
"강릉아레나","강릉아레나","gangwon","강릉시","강원 강릉시 수리골길 102 강릉아이스아레나 1층",37.779794,128.8968565
"강릉원주대학교 해람문화관","강릉원주대학교 해람문화관","gangwon","강릉시","강원 강릉시 죽헌길 7",37.7708296,128.8714195
"강북문화예술회관","강북문화예술회관","seoul","강북구","서울 강북구 삼각산로 85",37.6408543,127.0133421
"강북문화예술회관 강북소나무홀","강북문화예술회관 강북소나무홀","seoul","강북구","서울 강북구 삼각산로 85",37.640846251332,127.013165783141
"강서별빛우주과학관","강서별빛우주과학관","seoul","강서구","서울 강서구 금낭화로 178 강서별빛우주과학관",37.5810336,126.8147175
"강서아트리움","강서아트리움","seoul","강서구","서울 강서구 가로공원로 195 강서아트리움",37.5375528,126.8376386
"강원 강릉시 율곡로3139번길 24","강원 강릉시 율곡로3139번길 24","gangwon","강릉시","강원 강릉시 율곡로3139번길 24 오죽헌",37.77922,128.87753
"강원 삼척시 새천년도로 28","강원 삼척시 새천년도로 28","gangwon","삼척시","강원 삼척시 새천년도로 28 이사부독도기념관",37.435749,129.1857184
"강원 속초시 미시령로 3054","강원 속초시 미시령로 3054","gangwon","속초시","강원 속초시 미시령로 3054",38.2026725,128.5404383
"강원 인제군 상남면 서울양양고속도로 117-2","강원 인제군 상남면 서울양양고속도로 117-2","seoul","인제군","강원 인제군 상남면 서울양양고속도로 117-2",37.9154991,128.2876723
"강원 화천군 화천읍","강원 화천군 화천읍","gangwon","화천군","강원 화천군 화천읍",38.1062,127.7082
"강원 횡성군 갑천면 갑천로690번길 156","강원 횡성군 갑천면 갑천로690번길 156","gangwon","횡성군","강원 횡성군 갑천면 갑천로690번길 156",37.5259631,128.1488263
"강원대학교 백령아트센터","강원대학교 백령아트센터","gangwon","춘천시","강원 춘천시 강원대학길 1",37.8670784,127.7401498
"강원종합박물관","강원종합박물관","gangwon","삼척시","강원 삼척시 신기면 강원남부로 3016",37.3512154,129.0864625
"강원특별자치도탄광문화촌","강원특별자치도탄광문화촌","gangwon","영월군","강원 영월군 북면 밤재로 351 강원특별자치도탄광문화촌",37.2630968,128.46691
"강화문학관","강화문학관","incheon","강화군","인천 강화군 강화읍 관청길 40",37.7495576,126.485584
"개구리생태공원","개구리생태공원","jeonnam","담양군","전남 담양군 담양읍 메타세쿼이아로 47 개구리생태공원",35.3252448,127.006605
"개화예술공원","개화예술공원","chungnam","보령시","충남 보령시 성주면 성주산로 673-47",36.3139318,126.6581139
"갤러리 디아르테","갤러리 디아르테","seoul","강남구","서울 강남구 영동대로131길 14",37.5205559525798,127.055134996985
"갤러리 플래닛","갤러리 플래닛","seoul","마포구","서울 마포구 어울마당로 65 상상마당빌딩",37.5509494,126.9210617
"갯골캠핑장","갯골캠핑장","gyeonggi","시흥시","경기 시흥시 동서로 137",37.38936538628936,126.7620528776188
"갯모루양조","갯모루양조","seoul","강동구","서울 강동구 상암로39길 93 (천호동) 1층 갯모루양조",37.5301,127.1238
"갯모루양조 공방","갯모루양조 공방","seoul","강동구","서울 강동구 상암로39길 93 1층",37.5502701,127.1405278
"거기시켜 구디직영점","거기시켜 구디직영점","seoul","구로구","서울 구로구 디지털로32가길 86-11",37.4804337,126.8962682
"거암아트홀","거암아트홀","seoul","강남구","서울 강남구 강남대로 652",37.5195094981008,127.019108071308
"거제 씨월드","거제 씨월드","gyeongnam","거제시","경남 거제시 일운면 지세포해안로 15",34.8357922,128.7013645
"거제문화예술회관","거제문화예술회관","gyeongnam","거제시","경남 거제시 장승로 145 거제문화예술회관",34.8669399,128.7232609
"거창군월성청소년수련원","거창군월성청소년수련원","gyeongnam","거창군","경남 거창군 북상면 덕유월성로 1312-96 거창군월성청소년수련원",35.7612058,127.7239989
"건강과성박물관","건강과성박물관","jeju","서귀포시","제주 서귀포시 안덕면 일주서로 1611 건강과 성 박물관",33.2548977,126.346723
"건물 내부 지하 1층 라인메이트","건물 내부 지하 1층 라인메이트","seoul","마포구","서울 마포구 신촌로2안길 12 (동교동) 건물 내부 지하 1층 라인메이트",37.5665,126.9018
"경기 가평군 청평면 경춘로 157","경기 가평군 청평면 경춘로 157","gyeonggi","가평군","경기 가평군 청평면 경춘로 93 (대성리) 2층",37.684661,127.378513
"경기 고양시 덕양구 고양동 302","경기 고양시 덕양구 고양동 302","gyeonggi","고양시","경기 고양시 덕양구 고양동 302",37.7039807,126.8953989
"경기 고양시 일산동구 산두로175번길 6-2 (정발산동) 지하 1층","경기 고양시 일산동구 산두로175번길 6-2 (정발산동) 지하 1층","gyeonggi","고양시","경기 고양시 일산동구 산두로175번길 6-2 (정발산동) 지하 1층",37.6584,126.832
"경기 고양시 일산동구 율천로8번길 8-6 (마두동)","경기 고양시 일산동구 율천로8번길 8-6 (마두동)","","고양시","정보 없음",37.6584,126.832
"경기 광명시 일직로12번길 24","경기 광명시 일직로12번길 24","gyeonggi","광명시","경기 광명시 일직로12번길 24 클래시아 3층",37.4208615,126.8818411
"경기 광주시 곤지암읍 평촌길 12-97","경기 광주시 곤지암읍 평촌길 12-97","gyeonggi","광주시","경기 광주시 곤지암읍 평촌길 12-97",37.359445454876,127.322600318206
"경기 광주시 퇴촌면 태허정로 144-40","경기 광주시 퇴촌면 태허정로 144-40","gyeonggi","광주시","경기 광주시 퇴촌면 태허정로 144-40",37.4617756,127.2700931
"경기 구리시 검배로 200","경기 구리시 검배로 200","gyeonggi","구리시","경기 구리시 검배로 200",37.5902851,127.1611123
"경기 남양주시 진접읍 해밀예당1로 96","경기 남양주시 진접읍 해밀예당1로 96","gyeonggi","남양주시","경기 남양주시 진접읍 해밀예당1로 96",37.7177307,127.1963171
"경기 부천시 길주로 660","경기 부천시 길주로 660","gyeonggi","부천시","경기 부천시 원미구 길주로 660",37.5048251,126.8165923
"경기 부천시 소사구 송내대로 32 (송내동, /)","경기 부천시 소사구 송내대로 32 (송내동, /)","gyeonggi","부천시","경기 부천시 소사구 송내대로 32 (송내동, /) B01호",37.5034,126.766
"경기 성남시 분당구 분당로53번길 13 (서현동, 산호트윈스2)","경기 성남시 분당구 분당로53번길 13 (서현동, 산호트윈스2)","gyeonggi","성남시","경기 성남시 분당구 분당로53번길 13 (서현동, 산호트윈스2) 4층",37.4386,127.1378
"경기 성남시 분당구 운중로146번길 19","경기 성남시 분당구 운중로146번길 19","gyeonggi","성남시","경기 성남시 분당구 운중로146번길 19 1층 101호",37.3905437,127.0805858
"경기 수원시 권선구 수인로 154","경기 수원시 권선구 수인로 154","gyeonggi","수원시","경기 수원시 권선구 수인로 154 국립농업박물관",37.2759795,126.982093
"경기 수원시 장안구 장안로458번길 9","경기 수원시 장안구 장안로458번길 9","gyeonggi","수원시","경기 수원시 장안구 장안로458번길 9",37.3192333,126.9780125
"경기 수원시 팔달구 매향동 153-11","경기 수원시 팔달구 매향동 153-11","gyeonggi","수원시","경기 수원시 팔달구 매향동 153-11",37.2873244,127.023459
"경기 수원시 팔달구 인계로 120 (인계동, 스마트 타워)","경기 수원시 팔달구 인계로 120 (인계동, 스마트 타워)","gyeonggi","수원시","경기 수원시 팔달구 인계로 120 (인계동, 스마트 타워) 11층 1113호",37.2636,127.0286
"경기 수원시 팔달구 창룡대로7번길 38 (북수동)","경기 수원시 팔달구 창룡대로7번길 38 (북수동)","gyeonggi","수원시","경기 수원시 팔달구 창룡대로7번길 38 (북수동) 1층",37.2636,127.0286
"경기 시흥시 경기과기대로 284","경기 시흥시 경기과기대로 284","gyeonggi","시흥시","경기 시흥시 경기과기대로 284",37.3375219,126.739356
"경기 시흥시 오이도로 332","경기 시흥시 오이도로 332","gyeonggi","시흥시","경기 시흥시 오이도로 332",37.3356065,126.6907823
"경기 안성시 공도읍 소신두길 52-9","경기 안성시 공도읍 소신두길 52-9","gyeonggi","안성시","경기 안성시 공도읍 소신두길 52-9 올드타임 그때그시절",37.0001309,127.2004003
"경기 안성시 원곡면 만세로 868","경기 안성시 원곡면 만세로 868","gyeonggi","안성시","경기 안성시 원곡면 만세로 868 안성3.1운동기념관",37.0621579,127.174875
"경기 안양시 만안구 문예로52번길 19 (안양동, 서희아리채)","경기 안양시 만안구 문예로52번길 19 (안양동, 서희아리채)","gyeonggi","안양시","경기 안양시 만안구 문예로52번길 19 서희아리채",37.3854675,126.9346079
"경기 안양시 만안구 예술공원로131번길 7","경기 안양시 만안구 예술공원로131번길 7","gyeonggi","안양시","경기 안양시 만안구 예술공원로131번길 7",37.4191239,126.9196709
"경기 안양시 만안구 화창로 10","경기 안양시 만안구 화창로 10","gyeonggi","안양시","경기 안양시 만안구 화창로 10",37.4166694,126.8963587
"경기 양주시 광적면 광적로 235-48","경기 양주시 광적면 광적로 235-48","gyeonggi","양주시","경기 양주시 광적면 광적로 235-48 조명박물관",37.836085,126.9675328
"경기 양주시 옥정로 397-13","경기 양주시 옥정로 397-13","gyeonggi","양주시","경기 양주시 옥정로 397-13 2층",37.8376189,127.0896075
"경기 양주시 장흥면 권율로 117","경기 양주시 장흥면 권율로 117","gyeonggi","양주시","경기 양주시 장흥면 권율로 117",37.7263808,126.9500801
"경기 양주시 장흥면 권율로 83-5","경기 양주시 장흥면 권율로 83-5","gyeonggi","양주시","경기 양주시 장흥면 권율로 83-5",37.7224573,126.946789
"경기 양평군 강하면 강남로 267","경기 양평군 강하면 강남로 267","gyeonggi","양평군","경기 양평군 강하면 강남로 267 1층",37.4990657,127.4156647
"경기 양평군 서종면 소나기마을길 24 산 74","경기 양평군 서종면 소나기마을길 24 산 74","gyeonggi","양평군","경기 양평군 서종면 소나기마을길 24 산 74",37.5939128,127.3776844
"경기 어린이식품안전체험관 부천센터","경기 어린이식품안전체험관 부천센터","gyeonggi","부천시","경기 부천시 오정구 벌말로 122",37.5413872,126.7643557
"경기 오산시 북삼미로 12","경기 오산시 북삼미로 12","gyeonggi","오산시","경기 오산시 북삼미로 12",37.1773469,127.0626405
"경기 용인시 기흥구 상갈로 6","경기 용인시 기흥구 상갈로 6","gyeonggi","용인시","경기 용인시 기흥구 상갈로 6",37.2674246,127.1098596
"경기 용인시 수지구 고기로 395 (고기동)","경기 용인시 수지구 고기로 395 (고기동)","gyeonggi","용인시","경기 용인시 수지구 고기로 395 (고기동) 1층 103호 홈힐러아로마공방",37.241,127.1775
"경기 용인시 수지구 성복2로301번길 7","경기 용인시 수지구 성복2로301번길 7","gyeonggi","용인시","경기 용인시 수지구 성복2로301번길 7 2층",37.3181713,127.0551317
"경기 의정부시 부용로214번길 51-81","경기 의정부시 부용로214번길 51-81","gyeonggi","의정부시","경기 의정부시 부용로214번길 51-81",37.7470179,127.0771471
"경기 의정부시 호국로 1287","경기 의정부시 호국로 1287","gyeonggi","의정부시","경기 의정부시 호국로 1287",37.7440191,127.0470937
"경기 파주시 광인사길 161","경기 파주시 광인사길 161","gyeonggi","파주시","경기 파주시 광인사길 161",37.714864,126.6869248
"경기 파주시 금정로 45","경기 파주시 금정로 45","gyeonggi","파주시","경기 파주시 금정로 45",37.7591686,126.7748335
"경기 파주시 문발로 253","경기 파주시 문발로 253","gyeonggi","파주시","경기 파주시 문발로 253",37.7167322,126.6888927
"경기 파주시 법원읍 자운서원로 204","경기 파주시 법원읍 자운서원로 204","gyeonggi","파주시","경기 파주시 법원읍 자운서원로 204",37.8653065,126.8687068
"경기 파주시 탄현면 헤이리마을길 63-15","경기 파주시 탄현면 헤이리마을길 63-15","gyeonggi","파주시","경기 파주시 탄현면 헤이리마을길 63-15 아트팩토리",37.7895351,126.6986973
"경기 파주시 회동길 338","경기 파주시 회동길 338","gyeonggi","파주시","경기 파주시 회동길 338",37.7156096,126.6919271
"경기 파주시 회동길 521","경기 파주시 회동길 521","gyeonggi","파주시","경기 파주시 회동길 521 (파주출판도시) 3층 우리공간연구소",37.7231803,126.6928513
"경기 포천시 소흘읍 광릉수목원로 415","경기 포천시 소흘읍 광릉수목원로 415","gyeonggi","포천시","경기 포천시 소흘읍 광릉수목원로 415",37.7558358,127.1647372
"경기 포천시 영북면 산정호수로322번길 26-9","경기 포천시 영북면 산정호수로322번길 26-9","gyeonggi","포천시","경기 포천시 영북면 산정호수로322번길 26-9",38.0684409,127.3036357
"경기 하남시 미사강변중앙로 161 (망월동, 미사파크뷰)","경기 하남시 미사강변중앙로 161 (망월동, 미사파크뷰)","gyeonggi","하남시","경기 하남시 미사강변중앙로 161 (망월동, 미사파크뷰) 3층 302호",37.5556983,127.1923528
"경기 해양안전체험관","경기 해양안전체험관","gyeonggi","안산시","경기 안산시 단원구 대부황금로 1546",37.2896728,126.5811232
"경기 화성시 노작로 134","경기 화성시 노작로 134","gyeonggi","화성시","경기 화성시 노작로 134",37.2006443,127.0751265
"경기 화성시 봉담읍 동화길 146","경기 화성시 봉담읍 동화길 146","gyeonggi","화성시","경기 화성시 봉담읍 동화길 146",37.2124274,126.9607069
"경기 화성시 풀무골로60번길 4-16","경기 화성시 풀무골로60번길 4-16","gyeonggi","화성시","경기 화성시 풀무골로60번길 4-16",37.2013845,127.1351362
"경기과학고등학교 경기도교육청미래과학교육원","경기과학고등학교 경기도교육청미래과학교육원","gyeonggi","수원시","경기 수원시 장안구 수일로 135 경기도교육청미래과학교육원",37.3082128,127.0055267
"경기도 안성시 공도읍 서동대로 3930-39 1동 3층 103호","경기도 안성시 공도읍 서동대로 3930-39 1동 3층 103호","gyeonggi","안성시","경기 안성시 공도읍 서동대로 3930-39",36.9945849,127.1473835
"경기도국민안전체험관","경기도국민안전체험관","gyeonggi","오산시","경기 오산시 북삼미로 22 경기도국민안전체험관",37.1787796,127.062988
"경기도해양수산자원연구소","경기도해양수산자원연구소","gyeonggi","양평군","경기 양평군 용문면 상광길 23-2 르뺑카페",37.5113554,127.6374106
"경기상상캠퍼스","경기상상캠퍼스","gyeonggi","수원시","경기 수원시 권선구 서둔로 166 경기상상캠퍼스",37.2658392,126.9824383
"경기아트센터","경기아트센터","gyeonggi","수원시","경기 수원시 팔달구 효원로307번길 20",37.2615606256318,127.036403461334
"경남 고성군 고성읍 동해로 115","경남 고성군 고성읍 동해로 115","gyeongnam","고성군","강원 고성군 고성읍 동해로 115",34.9837771,128.3436894
"경남 김해시 한림면 김해대로 1347","경남 김해시 한림면 김해대로 1347","gyeongnam","김해시","경남 김해시 한림면 김해대로 1347",35.2812094,128.8228642
"경남 남해군 설천면 노량리 거북선전시관","경남 남해군 설천면 노량리 거북선전시관","gyeongnam","남해군","경남 남해군 설천면 노량리",34.9419938,127.8750069
"경남 밀양시 노상하1길 27","경남 밀양시 노상하1길 27","gyeongnam","밀양시","경남 밀양시 노상하1길 34",35.4931563,128.7503654
"경남 밀양시 단장면 관광단지로 77","경남 밀양시 단장면 관광단지로 77","gyeongnam","밀양시","경남 밀양시 단장면 관광단지로 77",35.5019968,128.8328769
"경남 밀양시 밀양대공원로 84","경남 밀양시 밀양대공원로 84","gyeongnam","밀양시","경남 밀양시 밀양대공원로 84 국립밀양기상과학관",35.502144,128.7606336
"경남 밀양시 밀양대공원로 86","경남 밀양시 밀양대공원로 86","gyeongnam","밀양시","경남 밀양시 밀양대공원로 86",35.5025383,128.7611171
"경남 밀양시 산내면 산내로 290","경남 밀양시 산내면 산내로 290","gyeongnam","밀양시","경남 밀양시 산내면 산내로 290 버그밀 곤충체험관",35.5816131,128.8791953
"경남 진주시 진주대로879번길 18","경남 진주시 진주대로879번길 18","gyeongnam","진주시","경남 진주시 진주대로879번길 18",35.1783561,128.089294
"경남 진주시 판문오동길 99-7","경남 진주시 판문오동길 99-7","gyeongnam","진주시","경남 진주시 판문오동길 99-7 진양호우드랜드",35.1756905,128.0395916
"경남 창녕군 부곡면 원앙로 218","경남 창녕군 부곡면 원앙로 218","gyeongnam","창녕군","경남 창녕군 부곡면 원앙로 218",35.4362599,128.5910757
"경남 창원시 성산구 용호로 96","경남 창원시 성산구 용호로 96","gyeongnam","창원시","경남 창원시 성산구 용호로 96",35.2367052,128.6827673
"경남 창원시 성산구 창원천로196번길 48","경남 창원시 성산구 창원천로196번길 48","gyeongnam","창원시","경남 창원시 성산구 창원천로196번길 48",35.2404831,128.6589837
"경남 함양군 함양읍 필봉산길 55","경남 함양군 함양읍 필봉산길 55","gyeongnam","함양군","경남 함양군 함양읍 필봉산길 55",35.523958,127.722578
"경남 합천군 대양면 정양리 151","경남 합천군 대양면 정양리 151","gyeongnam","합천군","경남 합천군 대양면 대야로 730",35.5503442,128.1660048
"경남 합천군 용주면 고품부흥1길 10-28","경남 합천군 용주면 고품부흥1길 10-28","gyeongnam","합천군","경남 합천군 용주면 고품부흥1길 10-28",35.554178,128.1144732
"경남 합천군 용주면 합천호수로 828-7","경남 합천군 용주면 합천호수로 828-7","gyeongnam","합천군","경남 합천군 용주면 합천호수로 828-7",35.5467905,128.0809951
"경남과학교육원","경남과학교육원","gyeongnam","진주시","경남 진주시 진성면 진의로 178-35",35.2016587,128.2258584
"경남도립미술관","경남도립미술관","gyeongnam","창원시","경남 창원시 의창구 용지로 296",35.239502,128.6908315
"경남문화예술회관 대공연장","경남문화예술회관 대공연장","gyeongnam","진주시","경남 진주시 강남로 215 경남문화예술회관",35.1870304,128.092021
"경민대학교 기념관(체육관)","경민대학교 기념관(체육관)","gyeonggi","의정부시","경기 의정부시 서부로 545",37.7456011,127.0243588
"경복궁","경복궁","seoul","종로구","서울 종로구 사직로 161",37.579754,126.9766818
"경북 경주시 경감로 614","경북 경주시 경감로 614","gyeongbuk","경주시","경북 경주시 경감로 614",35.8331769,129.2892438
"경북 고령군 대가야읍 벽화길 104","경북 고령군 대가야읍 벽화길 104","gyeongbuk","고령군","경북 고령군 대가야읍 벽화길 104",35.7170257,128.271289
"경북 구미시 박정희로 155","경북 구미시 박정희로 155","gyeongbuk","구미시","경북 구미시 박정희로 155",36.0925573,128.3497
"경북 구미시 산동읍 인덕1길 195","경북 구미시 산동읍 인덕1길 195","gyeongbuk","구미시","경북 구미시 산동읍 인덕1길 195",36.1771824,128.4626448
"경북 김천시 대항면 직지사길 130","경북 김천시 대항면 직지사길 130","gyeongbuk","김천시","경북 김천시 대항면 직지사길 130 1층",36.1190844,128.0075043
"경북 상주시 함창읍 교촌리 411","경북 상주시 함창읍 교촌리 411","gyeongbuk","상주시","경북 상주시 함창읍 무운로 1621",36.5787173,128.1619672
"경북 성주군 수륜면 가야산식물원길 21","경북 성주군 수륜면 가야산식물원길 21","gyeongbuk","성주군","경북 성주군 수륜면 가야산식물원길 21",35.8011405,128.1411102
"경북 영덕군 남정면 동해대로 3560","경북 영덕군 남정면 동해대로 3560","gyeongbuk","영덕군","경북 영덕군 남정면 동해대로 3560",36.2802706,129.3792598
"경북 영천시 금호읍 창산길 100-29","경북 영천시 금호읍 창산길 100-29","gyeongbuk","영천시","경북 영천시 금호읍 창산길 100-29",35.9077398,128.8810247
"경북 영천시 화북면 별빛로 681-32","경북 영천시 화북면 별빛로 681-32","gyeongbuk","영천시","경북 영천시 화북면 별빛로 681-32",36.1402493,128.996701
"경북 예천군 효자면 고항리 608","경북 예천군 효자면 고항리 608","gyeongbuk","예천군","경북 예천군 효자면 고항리 608",36.825976,128.462171
"경북 울진군 근남면 수산리 344-11","경북 울진군 근남면 수산리 344-11","gyeongbuk","울진군","경북 울진군 근남면 수산리 344-11",36.9707684,129.4030382
"경북 울진군 북면 울진북로 2040","경북 울진군 북면 울진북로 2040","gyeongbuk","울진군","경북 울진군 북면 울진북로 2040",37.0972772,129.3715529
"경북 의성군 금성면 초전1길 83","경북 의성군 금성면 초전1길 83","gyeongbuk","의성군","경북 의성군 금성면 초전1길 83",36.2766241,128.6693051
"경북 청도군 이서면 이서로 567","경북 청도군 이서면 이서로 567","gyeongbuk","청도군","경북 청도군 이서면 이서로 567 청도향토사료관",35.694242,128.686525
"경북 칠곡군 석적읍 강변대로 1580-1","경북 칠곡군 석적읍 강변대로 1580-1","gyeongbuk","칠곡군","경북 칠곡군 석적읍 강변대로 1580-1",36.0169281,128.4050017
"경북 포항시 남구 청림동 21-10","경북 포항시 남구 청림동 21-10","gyeongbuk","포항시","경북 포항시 남구 청림동 21-10",35.9949127,129.4120914
"경북과학고등학교","경북과학고등학교","gyeongbuk","포항시","경북 포항시 북구 우미길 93",36.046427,129.3533735
"경북대학교 대강당","경북대학교 대강당","daegu","대구","대구 북구 대학로 80",35.892765,128.6107023
"경북대학교자연사박물관","경북대학교자연사박물관","daegu","대구","대구 군위군 효령면 경북대로 2228",36.1214801,128.5769719
"경북투어패스","경북투어패스","gyeongbuk","울릉군","경북 울릉군 울릉읍 도동2길 66",37.4844549,130.905697
"경산 백자산 온천","경산 백자산 온천","gyeongbuk","경산시","경북 경산시 경청로216길 30",35.7996121,128.7412076
"경상국립대학교 칠암캠퍼스 본관 2층 대강당","경상국립대학교 칠암캠퍼스 본관 2층 대강당","gyeongnam","진주시","경남 진주시 동진로 33 경상국립대학교 칠암캠퍼스",35.1810114,128.0939071
"경상남도교육청 미래교육원","경상남도교육청 미래교육원","gyeongnam","의령군","경남 의령군 의령읍 의병로8길 12-33",35.3166177,128.2507184
"경상남도문화예술회관 대공연장","경상남도문화예술회관 대공연장","gyeongnam","거제시","경남 거제시 장승로 145 거제문화예술회관",34.8671156,128.7231391
"경상북도교육청 남부미래교육관","경상북도교육청 남부미래교육관","gyeongbuk","경산시","경북 경산시 삼성현로 110 남부미래교육관 1층 경산수학체험센터",35.8226695,128.716152
"경상북도교육청 발명체험교육관","경상북도교육청 발명체험교육관","gyeongbuk","경주시","경북 경주시 첨성로 97",35.8343086,129.2118167
"경상북도환경연수원","경상북도환경연수원","gyeongbuk","구미시","경북 구미시 금오산로 336-97 구미시 탄소제로교육관",36.1195229,128.3083128
"경성대학교 콘서트홀","경성대학교 콘서트홀","busan","남구","부산 남구 수영로 309",35.1377167,129.0982207
"경주 강동워터파크","경주 강동워터파크","gyeongbuk","경주시","경북 경주시 보불로 391",35.8258772,129.2900411
"경주 더케이호텔 스파월드","경주 더케이호텔 스파월드","gyeongbuk","경주시","경북 경주시 엑스포로 45 더케이호텔",35.8386135,129.2920168
"경주 바니베어 뮤지엄","경주 바니베어 뮤지엄","gyeongbuk","경주시","경북 경주시 보문로 280-34 교원드림센터 (구 : 테디베어 박물관)",35.8520891,129.2768645
"경주 뽀로로아쿠아빌리지","경주 뽀로로아쿠아빌리지","gyeongbuk","경주시","경북 경주시 보문로 182-27",35.8608076,129.2706501
"경주 서라벌 문화회관 대강당","경주 서라벌 문화회관 대강당","gyeongbuk","경주시","경북 경주시 금성로 236 서라벌문화회관",35.8388155,129.2078667
"경주 쉼 족욕카페","경주 쉼 족욕카페","gyeongbuk","경주시","경북 경주시 보문로 402-31 1층 107호",35.8454335,129.2817231
"경주 엑스포 대공원","경주 엑스포 대공원","gyeongbuk","경주시","경북 경주시 경감로 614",35.8331769,129.2892438
"경주 전동놀이터","경주 전동놀이터","gyeongbuk","경주시","경북 경주시 첨성로 102-3 경주전동놀이터 본점",35.8330735,129.2136042
"경주 키덜트뮤지엄","경주 키덜트뮤지엄","gyeongbuk","경주시","경북 경주시 보문로 132-16 콜로세움 1층/3층",35.852498,129.2681221
"경주루지월드","경주루지월드","gyeongbuk","경주시","경북 경주시 천북남로 16",35.8445031,129.289101
"경주세계자동차박물관","경주세계자동차박물관","gyeongbuk","경주시","경북 경주시 보문로 132-22 경주세계자동차박물관",35.8519158,129.2677698
"경주엑스포대공원","경주엑스포대공원","gyeongbuk","경주시","경북 경주시 경감로 614",35.8331769,129.2892438
"경주월드","경주월드","gyeongbuk","경주시","경북 경주시 보문로 544",35.8363451,129.2821431
"경주코오롱호텔 - 타임애프터타임 전시회 입장권","경주코오롱호텔 - 타임애프터타임 전시회 입장권","gyeongbuk","경주시","경북 경주시 불국로 289-17 1층, 2층",35.7879333,129.3219125
"경희궁","경희궁","seoul","종로구","서울 종로구 새문안로 45",37.5709397,126.9681024
"경희대학교 국제캠퍼스(수원) 선승관","경희대학교 국제캠퍼스(수원) 선승관","gyeonggi","용인시","경기 용인시 기흥구 덕영대로 1732 ...",37.2424001,127.0813337
"경희대학교 평화의전당","경희대학교 평화의전당","seoul","동대문구","서울 동대문구 회기동 경희대로 26 평화의전당",37.5986109,127.052732
"계룡시청소년수련관","계룡시청소년수련관","chungnam","계룡시","충남 계룡시 신도안면 송정길 174 계룡시청소년수련관",36.2925942,127.2458457
"계명아트센터","계명아트센터","daegu","대구","대구 달서구 달구벌대로 1035",35.8538969,128.4907227
"계양문화회관 대공연장","계양문화회관 대공연장","incheon","서구","인천 서구 서달로 190",37.5159779965578,126.679956452191
"고구려천문과학관 충주고구려천문과학관","고구려천문과학관 충주고구려천문과학관","chungbuk","충주시","충북 충주시 중앙탑면 묘곡내동길 100 고구려천문과학관",37.0403566,127.8484071
"고궁박물관","고궁박물관","seoul","종로구","서울 종로구 효자로 12",37.573,126.9794
"고라니특공대","고라니특공대","seoul","마포구","서울 마포구 토정로 136",37.5452654,126.9263344
"고래생태체험관","고래생태체험관","ulsan","남구","울산 남구 장생포고래로 248",35.5022607,129.3819753
"고려대학교안암캠퍼스","고려대학교안암캠퍼스","seoul","성북구","서울 성북구 안암로 145 고려대학교안암캠퍼스",37.5926615,127.0247487
"고베규카츠 서울 강남점","고베규카츠 서울 강남점","seoul","강남구","서울 강남구 강남대로102길 29 예촌빌딩",37.5028871,127.0275872
"고성다이노플레이센터","고성다이노플레이센터","gyeongnam","고성군","강원 고성군 하이면 월흥리",34.9065017,128.1617827
"고센뷰티 (영빌딩)","고센뷰티 (영빌딩)","seoul","강남구","서울 강남구 언주로168길 6-9 ...",37.5172,127.0473
"고수의운전면허 망원점","고수의운전면허 망원점","seoul","마포구","서울 마포구 월드컵로 108 2층",37.5582238,126.908462
"고스트타운","고스트타운","jeju","제주시","제주 제주시 애월읍 부룡수길 35-14",33.4763508,126.3568394
"고양소노아레나","고양소노아레나","gyeonggi","고양시","경기 고양시 일산서구 중앙로 1601 고양종합운동장",37.6746181,126.7418265
"고양시립 아람미술관","고양시립 아람미술관","gyeonggi","고양시","경기 고양시 일산동구 중앙로 1286 고양시립 아람미술관",37.6614856048971,126.774458292187
"고양아람누리","고양아람누리","gyeonggi","고양시","경기 고양시 일산동구 중앙로 1286",37.661466499200465,126.77440859641214
"고양어린이박물관","고양어린이박물관","gyeonggi","고양시","경기 고양시 덕양구 화중로 26 고양어린이박물관",37.6294758,126.8310457
"고양어울림누리","고양어울림누리","gyeonggi","고양시","경기 고양시 덕양구 어울림로 33",37.6502205371056,126.835486406393
"고양종합운동장 주경기장","고양종합운동장 주경기장","gyeonggi","고양시","경기 고양시 일산서구 중앙로 1601 고양시종합운동장",37.6764625,126.7430695
"고인돌박물관","고인돌박물관","jeonbuk","고창군","전북 고창군 고창읍 고인돌공원길 74 고창 세계유산 고인돌 박물관",35.4416263,126.65235
"고척공구상가주차장","고척공구상가주차장","seoul","구로구","서울 구로구 중앙로3길 50",37.4998338,126.8609847
"고척스카이돔","고척스카이돔","seoul","구로구","서울 구로구 고척1동 고척동 경인로 430 고척스카이돔",37.4981936,126.8670731
"고흐의 정원","고흐의 정원","jeju","서귀포시","제주 서귀포시 성산읍 삼달신풍로 126-5",33.373388,126.844068
"곡성 기차마을 패러글라이딩","곡성 기차마을 패러글라이딩","jeonnam","곡성군","전남 곡성군 오곡면 기차마을로 252-16",35.2812731,127.3065996
"곤지암 청춘스키","곤지암 청춘스키","gyeonggi","광주시","경기 광주시 도척면 도척윗로 248 , 청춘스키",37.324944,127.3114604
"곤지암리조트","곤지암리조트","gyeonggi","광주시","경기 광주시 도척면 도척윗로 278",37.3372,127.2954
"곱창군 일산점","곱창군 일산점","gyeonggi","고양시","경기 고양시 일산동구 무궁화로 19-14 로데오존프라자 128호",37.6627683,126.7668852
"공간222","공간222","seoul","성북구","서울 성북구 동소문동2가 상세주소 열기 길 ...",37.58839,127.00785
"공간아울","공간아울","seoul","종로구","서울 종로구 대학로 120",37.5818891,127.0023149
"공근혜갤러리 K.O.N.G. GALLERY","공근혜갤러리 K.O.N.G. GALLERY","seoul","종로구","서울 종로구 삼청로7길 38 공근혜갤러리빌딩",37.5839784,126.97967
"공릉관광지","공릉관광지","etc","파주시","공릉관광지, 조리읍, 파주시, 대한민국",37.7502606,126.8347716
"공릉동 도깨비","공릉동 도깨비","seoul","노원구","서울 노원구 동일로178길 14 드림데시앙 1층 103호",37.6211314,127.075409
"공연장","공연장","incheon","중구","인천 중구 동화마을길 42",37.4776267,126.6206929
"공영주차장","공영주차장","incheon","부평구","인천 부평구 신트리로8번길 18",37.5054749,126.7223385
"공예품전시관","공예품전시관","jeonbuk","전주시","전북 전주시 완산구 태조로 15",35.8146567,127.1529934
"공주문예회관","공주문예회관","chungnam","공주시","충남 공주시 고마나루길 5",36.4601770026339,127.111721755751
"공주전통문화체험관","공주전통문화체험관","chungnam","공주시","충남 공주시 관광단지길 12",36.4645968,127.1085301
"공중화장실 궁산땅굴","공중화장실 궁산땅굴","seoul","강서구","서울 강서구 양천로49길 106",37.5726061,126.8385908
"공중화장실 이순신영상관","공중화장실 이순신영상관","gyeongnam","남해군","경남 남해군 고현면 남해대로 3817",34.9133283,127.8570482
"공평도시유적전시관","공평도시유적전시관","seoul","종로구","서울 종로구 우정국로 26 센트로폴리스빌딩 지하1층",37.5719375,126.9833983
"과천 매직플로우 원더파크","과천 매직플로우 원더파크","gyeonggi","과천시","경기 과천시 대공원광장로 80 , 종합안내소",37.4293233,126.9899759
"과천시민회관","과천시민회관","etc","과천시","과천시민회관 대극장, 5, 통영로, 중앙동, 과천시, 13807, 대한민국",37.4284493,126.9890655
"과학교육원","과학교육원","daegu","대구","대구 수성구 동대구로 172",35.8450894,128.6272956
"관문로","관문로","gyeonggi","과천시","경기 과천시 중앙동",37.4294391,126.9893931
"관악구청","관악구청","seoul","관악구","서울 관악구 관악로 145",37.4781548,126.9514847
"관악문화재단 지하 2층 대피소","관악문화재단 지하 2층 대피소","seoul","관악구","서울 관악구 신림로3길 35",37.4677622,126.9447126
"관악아트홀","관악아트홀","seoul","관악구","서울 관악구 대학동 녹두거리 신림로 관악산입구.관악아트홀·중앙도서관",37.4680131,126.9466902
"광림아트센터 장천홀","광림아트센터 장천홀","seoul","강남구","서울 강남구 압구정로22길 21 광림아트센터 장천홀",37.524258,127.0265834
"광림아트센터 BBCH홀","광림아트센터 BBCH홀","seoul","강남구","서울 강남구 논현로163길 33",37.5240421373158,127.025498578086
"광명 시민체육관","광명 시민체육관","gyeonggi","광명시","경기 광명시 오리로 703 광명시민체육관",37.4634416,126.8706918
"광명동초등학교 광명동초등학교복합시설 어울마당","광명동초등학교 광명동초등학교복합시설 어울마당","gyeonggi","광명시","경기 광명시 연서일로 25 광명동초등학교복합시설 어울마당 지하1층",37.482903,126.8628897
"광명문화예술교육지원센터 광명극장","광명문화예술교육지원센터 광명극장","gyeonggi","광명시","경기 광명시 철망산로 2",37.4667611314483,126.869891526022
"광명시민회관 대공연장","광명시민회관 대공연장","gyeonggi","광명시","경기 광명시 시청로 20",37.4770779854164,126.863755106053
"광명시어린이교통공원","광명시어린이교통공원","gyeonggi","광명시","경기 광명시 금하로 486",37.4496215,126.8875118
"광산문화예술회관","광산문화예술회관","gwangju","광산구","광주 광산구 광산로68번길 13",35.140532,126.7992499
"광양시문화예술회관 대공연장","광양시문화예술회관 대공연장","jeonnam","광양시","전남 광양시 광양읍 향교길 9-30 광양문화예술회관",34.9799965,127.5875333
"광주 광산구 신창동 1073-12","광주 광산구 신창동 1073-12","gwangju","광산구","광주 광산구 북문대로 396",35.1929207,126.8510237
"광주 빛고을체육관","광주 빛고을체육관","gwangju","서구","광주 서구 금화로 278 빛고을체육관",35.1368103,126.8790595
"광주 쿵스 게임랜드","광주 쿵스 게임랜드","gwangju","동구","광주 동구 충장로 90 갤러리존 지하",35.1478571,126.916725
"광주5.18기념문화센터 민주홀","광주5.18기념문화센터 민주홀","gwangju","서구","광주 서구 상무민주로 61",35.1582556,126.8576423
"광주기아챔피언스필드","광주기아챔피언스필드","gyeonggi","북구","광주 북구 서림로 10 무등종합경기장",35.1682116,126.8891068
"광주도자기엑스포장","광주도자기엑스포장","gyeonggi","광주시","경기 광주시 곤지암읍 경충대로 727",37.3510587,127.3266442
"광주디자인진흥원 이벤트홀","광주디자인진흥원 이벤트홀","gwangju","북구","광주 북구 첨단과기로176번길 27 광주디자인진흥원",35.2238349,126.846575
"광주솔로몬로파크","광주솔로몬로파크","gwangju","북구","광주 북구 오문로 244 광주솔로몬로파크",35.1892173,126.9309781
"광주시립미술관","광주시립미술관","gwangju","북구","광주 북구 하서로 52",35.1833111,126.8857649
"광주여대 유니버시아드 체육관","광주여대 유니버시아드 체육관","gwangju","광산구","광주 광산구 광주여대길 6",35.1645948,126.7985253
"광주페퍼스타디움","광주페퍼스타디움","gwangju","서구","광주 서구 금화로 278",35.1353987,126.8789663
"광진어린이공연장","광진어린이공연장","seoul","광진구","서울 광진구 능동로 400 보건복지행정타운 별관 4층",37.5654567,127.0845855
"광화문 광장 세종대왕 동상","광화문 광장 세종대왕 동상","sejong","종로구","서울 종로구 세종대로 175",37.5725,126.9756
"광화문 전용관(경향아트힐)","광화문 전용관(경향아트힐)","seoul","중구","서울 중구 정동길 3",37.56815390855725,126.96967004827121
"광화문 플래티넘빌딩","광화문 플래티넘빌딩","seoul","종로구","서울 종로구 새문안로5가길 28",37.573,126.9794
"광화문광장","광화문광장","seoul","종로구","서울 종로구 세종대로 175 세종이야기",37.5740533,126.9768908
"광화문광장해치마당","광화문광장해치마당","seoul","종로구","서울 종로구 세종대로 172",37.5716015,126.9769737
"괴강토종어류체험관","괴강토종어류체험관","chungbuk","괴산군","충북 괴산군 괴산읍 쏘가리2길 31",36.8102068,127.8184887
"교원드림센터","교원드림센터","gyeongbuk","경주시","경북 경주시 보문로 280-34 교원드림센터 (구 : 테디베어 박물관)",35.8520891,129.2768644
"구례백두대간생태교육장","구례백두대간생태교육장","jeonnam","구례군","전남 구례군 마산면 화엄사로 377-37",35.2424887,127.4861233
"구로꿈나무극장","구로꿈나무극장","seoul","구로구","서울 구로구 구로동로26길 54",37.4895532,126.8863214
"구로디지털단지역 인근","구로디지털단지역 인근","seoul","구로구","서울 구로구 도림천로 477 (구로동, 구로디지털단지역) 구로디지털단지역 인근",37.4954,126.8874
"구로아트밸리 예술극장","구로아트밸리 예술극장","seoul","구로구","서울 구로구 구로5동 가마산로23길 구로아트밸리 예술극장",37.496559,126.888832
"구로창의아트홀","구로창의아트홀","seoul","구로구","서울 구로구 경인로 416 4층",37.4983312,126.8658718
"구름아래소극장","구름아래소극장","seoul","마포구","서울 마포구 와우산로29가길 15",37.5541923618684,126.92855259799
"구리 토평 가족캠핑장","구리 토평 가족캠핑장","gyeonggi","구리시","경기 구리시 왕숙천로 11",37.5866086324758,127.158227889702
"구리아트홀 유채꽃소극장","구리아트홀 유채꽃소극장","gyeonggi","구리시","경기 구리시 아차산로 453",37.5955414018126,127.129897547841
"구리아트홀 코스모스","구리아트홀 코스모스","gyeonggi","구리시","경기 구리시 아차산로 453",37.5953506560501,127.129657160848
"구리자원회수시설","구리자원회수시설","gyeonggi","구리시","경기 구리시 왕숙천로 49 전망대",37.5888744,127.16003
"구립영등포아트스퀘어","구립영등포아트스퀘어","seoul","영등포구","서울 영등포구 영중로 15 지하 2층",37.5176343,126.9029183
"구립증산도서관","구립증산도서관","seoul","은평구","서울 은평구 증산로5길 6 구립증산도서관",37.582727,126.9075589
"구미강동문화복지회관 봉두아트홀","구미강동문화복지회관 봉두아트홀","gyeongbuk","구미시","경북 구미시 인동가산로 392",36.0901373,128.4546949
"구미문화예술회관","구미문화예술회관","gyeongbuk","구미시","경북 구미시 송정대로 89 구미시문화예술회관",36.1183903,128.3490375
"구산동경남아너스빌","구산동경남아너스빌","seoul","은평구","서울 은평구 갈현로11길 46",37.6057396,126.9054566
"구이마을","구이마을","seoul","서대문구","서울 서대문구 연세로7안길 10 1층",37.5581585,126.9364093
"구포국수","구포국수","seoul","마포구","서울 마포구 월드컵북로7길 10",37.5582881,126.9171878
"구하우스미술관","구하우스미술관","gyeonggi","양평군","경기 양평군 서종면 무내미길 49",37.60300108365392,127.35118461573136
"국가기술표준원","국가기술표준원","chungbuk","음성군","충북 음성군 맹동면 이수로 93",36.9141925,127.5507553
"국립 대한민국임시정부 기념관","국립 대한민국임시정부 기념관","etc","대한민국임시","서울 서대문구 통일로 279-24",37.5760175,126.9543382
"국립 서해안 기후대기센터 국립서해안기후대기센터","국립 서해안 기후대기센터 국립서해안기후대기센터","chungnam","홍성군","충남 홍성군 홍북읍 첨단산단로 15 국립충남기상과학관",36.6419073,126.6722452
"국립강원전문과학관","국립강원전문과학관","gangwon","원주시","강원 원주시 북원로 2790",37.3914238,127.9533591
"국립경주박물관","국립경주박물관","gyeongbuk","경주시","경북 경주시 일정로 186",35.8289,129.228
"국립고궁박물관","국립고궁박물관","seoul","종로구","서울 종로구 효자로 12 국립고궁박물관",37.5764,126.9749
"국립공주박물관","국립공주박물관","chungnam","공주시","충남 공주시 관광단지길 34 국립공주박물관",36.4655934,127.1123031
"국립과천과학관","국립과천과학관","gyeonggi","과천시","경기 과천시 상하벌로 110",37.4381,127.0056
"국립광주박물관","국립광주박물관","gwangju","북구","광주 북구 하서로 110",35.189051,126.88305
"국립국악원","국립국악원","seoul","서초구","서울 서초구 남부순환로 2364",37.4773967,127.0095536
"국립극단 명동예술극장","국립극단 명동예술극장","seoul","중구","서울 중구 명동길 35",37.5640085633411,126.984212773704
"국립극장","국립극장","seoul","중구","서울 중구 장충단로 59",37.5526708,126.9996175
"국립극장 달오름극장","국립극장 달오름극장","seoul","중구","서울 중구 장충단로 59",37.5531399890378,127.000027160769
"국립극장 하늘극장","국립극장 하늘극장","seoul","중구","서울 중구 장충단로 59",37.552859777890085,127.00042551711707
"국립극장 해오름극장","국립극장 해오름극장","seoul","중구","서울 중구 장충단로 59",37.5523399024517,126.999728395216
"국립기상박물관","국립기상박물관","seoul","종로구","서울 종로구 송월길 52",37.5714027,126.966296
"국립김해박물관","국립김해박물관","gyeongnam","김해시","경남 김해시 가야의길 190 국립김해박물관",35.2429432,128.8738051
"국립나주박물관","국립나주박물관","jeonnam","나주시","전남 나주시 반남면 고분로 747 국립나주박물관",34.9148888,126.6589952
"국립낙동강생물자원관","국립낙동강생물자원관","gyeongbuk","상주시","경북 상주시 도남2길 137 국립낙동강생물자원관",36.4434806,128.2548915
"국립농업과학원 곤충박물관","국립농업과학원 곤충박물관","jeonbuk","완주군","전북 완주군 이서면 농생명로 166 국립농업과학원 내 곤충박물관",35.8277872,127.0389539
"국립대구과학관","국립대구과학관","daegu","대구","대구광역시 달성군 유가읍 테크노대로6길 20 국립대구과학관",35.6866333,128.4653167
"국립대구박물관","국립대구박물관","daegu","국립대구","대구광역시 수성구 청호로 321 국립대구박물관",35.8456135,128.6379176
"국립대한민국임시정부기념관","국립대한민국임시정부기념관","seoul","서대문구","서울 서대문구 통일로 279-24",37.5760525,126.9543988
"국립등대박물관","국립등대박물관","gyeongbuk","포항시","경북 포항시 남구 호미곶면 해맞이로150번길 20",36.0778257,129.5682487
"국립무형유산원","국립무형유산원","jeonbuk","전주시","전북 전주시 완산구 서학로 95",35.8133,127.1258
"국립민속박물관","국립민속박물관","seoul","종로구","서울 종로구 삼청로 37",37.5816,126.979
"국립부여박물관","국립부여박물관","chungnam","부여군","충남 부여군 부여읍 금성로 5",36.2764329,126.9189625
"국립새만금간척박물관 새만금간척박물관","국립새만금간척박물관 새만금간척박물관","jeonbuk","부안군","전북 부안군 변산면 새만금로 29-7",35.6964993,126.5566281
"국립서울현충원","국립서울현충원","seoul","동작구","서울 동작구",37.5027957,126.9748176
"국립세계문자박물관","국립세계문자박물관","incheon","연수구","인천 연수구 센트럴로 217",37.3947,126.6377
"국립아시아문화전당 문화정보원 극장3","국립아시아문화전당 문화정보원 극장3","gwangju","동구","광주 동구 문화전당로 38",35.1460589,126.9210322
"국립여수해양기상과학관","국립여수해양기상과학관","jeonnam","여수시","전남 여수시 오동도로 61-9 국립여수해양기상과학관",34.7473581,127.747311
"국립익산박물관","국립익산박물관","jeonbuk","익산시","전북 익산시 금마면 미륵사지로 362 국립익산박물관",36.0109826,127.0274707
"국립인천해양박물관","국립인천해양박물관","incheon","중구","인천 중구 월미로 294",37.4563,126.7052
"국립전북기상과학관","국립전북기상과학관","busan","정읍시","전북 정읍시 서부산업도로 168-43 국립전북기상과학관",35.5638114,126.8382368
"국립전주박물관","국립전주박물관","jeonbuk","전주시","전북 전주시 완산구 쑥고개로 249 국립전주박물관",35.8013325,127.0897169
"국립정동극장","국립정동극장","seoul","중구","서울 중구 정동길 43",37.5658589281598,126.972775755916
"국립정동극장 세실","국립정동극장 세실","seoul","중구","서울 중구 세종대로19길 16",37.5667642080192,126.97590401119
"국립제주박물관","국립제주박물관","jeju","제주시","제주 제주시 일주동로 17 국립제주박물관",33.5134248,126.5488629
"국립중앙과학관","국립중앙과학관","daejeon","유성구","대전 유성구 대덕대로 481 국립중앙과학관",36.3773,127.3826
"국립중앙과학관 한국과학기술사관","국립중앙과학관 한국과학기술사관","daejeon","유성구","대전 유성구 대덕대로 481",36.3763158,127.3752185
"국립중앙박물관","국립중앙박물관","seoul","용산구","서울 용산구 서빙고동 용산동5가 서빙고로 137 국립중앙박물관",37.523953,126.9803196
"국립춘천박물관","국립춘천박물관","gangwon","춘천시","강원 춘천시 우석로 70",37.8656,127.7471
"국립충주기상과학관","국립충주기상과학관","chungbuk","충주시","충북 충주시 번영대로 270-10",36.985725,127.948972
"국립항공박물관","국립항공박물관","seoul","강서구","서울 강서구 하늘길 177",37.5557,126.7977
"국립해양과학관","국립해양과학관","gyeongbuk","울진군","경북 울진군 죽변면 해양과학길 8",37.0727903,129.4099173
"국립해양박물관","국립해양박물관","busan","영도구","부산 영도구 해양로301번길 45 국립해양박물관",35.0787,129.0805
"국립해양생물자원관","국립해양생물자원관","chungnam","서천군","충남 서천군 장항읍 장산로101번길 75",36.0181478,126.6702228
"국립현대미술관 서울","국립현대미술관 서울","seoul","종로구","서울 종로구 삼청로 30",37.5787817,126.9800492
"국민털잡이 슈가링 왁싱 청라본점","국민털잡이 슈가링 왁싱 청라본점","incheon","서구","인천 서구 청라커낼로260번길 27 한신더휴커넬웨이 상가 a동 2층 225호",37.5322259,126.6478392
"국민힐링파크","국민힐링파크","gyeongbuk","경주시","경북 경주시 산내면 문복로 1280-8 국민힐링파크",35.7403872,129.0633417
"국제롤러스케이트장","국제롤러스케이트장","incheon","서구","인천 서구 청라에메랄드로 99 , 지젤엠 건물 A동 3층",37.5285788,126.6564757
"국제지식재산연수원 발명교육센터 창의발명체험관","국제지식재산연수원 발명교육센터 창의발명체험관","daejeon","유성구","대전 유성구 과학로 82 국가발명인재관 1층 창의발명체험관",36.3770555,127.3657787
"국토발전전시관","국토발전전시관","seoul","중구","서울 중구 정동길 18",37.566816,126.9700713
"국회","국회","seoul","영등포구","서울 영등포구 의사당대로 1 국회 사랑재 옆 건물 2층",37.5329545,126.9163184
"국회박물관","국회박물관","seoul","영등포구","서울 영등포구 의사당대로 1 국회",37.5316807,126.9190575
"군산근대역사박물관","군산근대역사박물관","jeonbuk","군산시","전북 군산시 해망로 240",35.9908217,126.7120518
"군산세관 옛군산세관","군산세관 옛군산세관","jeonbuk","군산시","전북 군산시 해망로 244-7 먹방이와 친구들",35.9913645,126.7108285
"군위 테마파크","군위 테마파크","daegu","대구","대구 군위군 의흥면 일연테마로 100",36.1638602,128.6990385
"군자주공12단지아파트","군자주공12단지아파트","gyeonggi","안산시","경기 안산시 단원구 선부광장남로 113",37.3311298,126.8139914
"군파크 루지","군파크 루지","gyeongbuk","청도군","경북 청도군 화양읍 남성현로 350-30 군파크루지 테마파크",35.6868295,128.7269121
"군포문화예술회관","군포문화예술회관","gyeonggi","군포시","경기 군포시 고산로 599",37.365768472386,126.927494394706
"굿바잉","굿바잉","seoul","은평구","서울 은평구 은평로 52-16 1층 굿바잉",37.5981029,126.9135901
"궁궐사랑","궁궐사랑","seoul","서초구","서울 서초구 명달로 97-9",37.4837,127.0324
"규림한의원 잠실","규림한의원 잠실","seoul","송파구","서울 송파구 올림픽로 119 잠실파인애플상가 5층 22호",37.5119788,127.0847795
"그라운드시소 서촌","그라운드시소 서촌","seoul","종로구","서울 종로구 자하문로6길 18",37.5778385914657,126.972916300185
"그라운드시소 센트럴","그라운드시소 센트럴","seoul","중구","서울 중구 회현동 남대문로5가 세종대로 14 그라운드시소 센트럴",37.5580064,126.974399
"그라운드시소 이스트","그라운드시소 이스트","seoul","광진구","서울 광진구 아차산로 402",37.53661001972641,127.08784567948891
"그라운드시소 한남","그라운드시소 한남","seoul","용산구","서울 용산구 한남대로 91",37.5362578572881,127.005051895341
"그랑디르아뜰리에 라탄공방 마크라메공방","그랑디르아뜰리에 라탄공방 마크라메공방","seoul","강북구","서울 강북구 도봉로50길 29 1층 그랑디르아뜰리에공방",37.6258314,127.0283357
"그랑블루요트","그랑블루요트","jeju","서귀포시","제주 서귀포시 대포로 172-7 그랑블루요트",33.2382505,126.4395475
"그루브뮤직스튜디오","그루브뮤직스튜디오","seoul","중랑구","서울 중랑구 동일로 711",37.5940153964678,127.079918956118
"그린나무공방","그린나무공방","seoul","마포구","서울 마포구 동교로 57-4 (망원동) 그린나무공방",37.5665,126.9018
"그린호미","그린호미","gyeonggi","하남시","경기 하남시 미사강변서로 16 지하1층 RB155호(풍산동, 하우스디스마트밸리)",37.5517709,127.1846913
"그림라이트","그림라이트","seoul","영등포구","서울 영등포구 당산로26길 7-1 (당산동3가) 1층 그림라이트",37.5264,126.8962
"그림카페","그림카페","seoul","마포구","서울 마포구 와우산로 29-18",37.5473957,126.9219395
"그아저씨 도예공방 원데이 클래스","그아저씨 도예공방 원데이 클래스","seoul","성동구","서울 성동구 무학봉15길 27",37.5633,127.0371
"극단 빈 - 공간","극단 빈 - 공간","seoul","강남구","서울 강남구 삼성로115길 38",37.5141479852964,127.049078846604
"극동조이키즈파크","극동조이키즈파크","gyeonggi","안산시","경기 안산시 단원구 초지동로 7 극동스포랜드 1층 극동조이키즈파크",37.3043159480062,126.816204306846
"극장 더더더","극장 더더더","seoul","중구","서울 중구 을지로38길 9-4 , 4층",37.5637,126.9975
"극장 봄","극장 봄","seoul","성북구","서울 성북구 삼선교로 14",37.5900263,127.0130553
"극장 온","극장 온","seoul","종로구","서울 종로구 대학로12길 69 건물 2층",37.5809626,127.0039239
"글라이더스 왕산","글라이더스 왕산","incheon","중구","인천 중구 왕산로35번길 8 글라이더스 왕산",37.5637,126.9975
"금강미래체험관","금강미래체험관","jeonbuk","군산시","전북 군산시 성산면 철새로 120",36.0198837,126.7653062
"금나래갤러리","금나래갤러리","seoul","금천구","서울 금천구 시흥대로73길 70",37.4568644,126.8955105
"금나래아트홀","금나래아트홀","seoul","금천구","서울 금천구 시흥1동 시흥대로73길 70 금나래아트홀",37.4565729,126.8960236
"금낭화로","금낭화로","seoul","강서구","서울 강서구 방화동",37.5734573,126.8114748
"금미담","금미담","seoul","강서구","서울 강서구 양천로 564 두산위브센티움 1층 112~115호",37.5572013,126.8611522
"금사락","금사락","busan","금정구","부산 금정구 개좌로 162",35.2259552,129.1183156
"금오산랜드 눈썰매장","금오산랜드 눈썰매장","gyeongnam","하동군","경남 하동군 진교면 구고속도로 374-30",35.0164654,127.8610982
"금정문화회관 은빛샘홀","금정문화회관 은빛샘홀","busan","금정구","부산 금정구 체육공원로 7 금정문화회관(소공연장)",35.246196,129.0942315
"금천구립독산도서관","금천구립독산도서관","seoul","금천구","서울 금천구 독산로54길 114 금천구립도서관",37.4675724,126.9080684
"금촌초등학교","금촌초등학교","gyeonggi","파주시","경기 파주시 동산3길 38-11 금촌초등학교",37.7620355,126.7698387
"금탁프라자","금탁프라자","seoul","강남구","서울 강남구 삼성로 763 (청담동) 금탁프라자 지하1층",37.5172,127.0473
"금호아트홀 연세","금호아트홀 연세","seoul","서대문구","서울 서대문구 신촌동 연세로 50 금호아트홀 연세",37.5629215,126.9368224
"금호화순스파리조트 아쿠아나","금호화순스파리조트 아쿠아나","jeonnam","화순군","전남 화순군 백아면 옥리길 14-21 금호화순스파리조트 1층",35.1634643,127.0838351
"기장 스카이라인 루지","기장 스카이라인 루지","busan","기장군","부산 기장군 기장읍 기장해안로 205",35.1942148,129.2196073
"기장군청 차성아트홀","기장군청 차성아트홀","busan","기장군","부산 기장군 기장읍 기장대로 560",35.2445499,129.2226838
"긴자료코 성신여대점","긴자료코 성신여대점","seoul","성북구","서울 성북구 보문로34가길 5 1층",37.591767,127.0198327
"김가네 가산롯데IT점","김가네 가산롯데IT점","seoul","금천구","서울 금천구 가산디지털2로 98",37.4766149,126.881442
"김근태기념도서관","김근태기념도서관","seoul","도봉구","서울 도봉구 도봉산길 14",37.6876675,127.04402
"김녕미로공원","김녕미로공원","jeju","제주시","제주 제주시 구좌읍 만장굴길 122",33.5362945,126.7720257
"김녕왕발통","김녕왕발통","jeju","제주시","제주 제주시 구좌읍 김녕로21길 23",33.5578777,126.7549746
"김대중컨벤션센터","김대중컨벤션센터","gwangju","서구","광주 서구 상무누리로 30",35.1464,126.8394
"김영오아트센터","김영오아트센터","jeonbuk","전주시","전북 전주시 완산구 홍산북로 23-9 그레이스빌딩 5층",35.8181293,127.1043019
"김유정문학촌","김유정문학촌","gangwon","춘천시","강원 춘천시 신동면 김유정로 1430-14",37.8190342,127.7189975
"김정문화회관","김정문화회관","jeju","서귀포시","제주 서귀포시 김정문화로 36",33.2510685,126.5086639
"김종구아트홀","김종구아트홀","chungbuk","충주시","충북 충주시 동량면 용족길 12-14",37.0277073,127.9400715
"김중업 박물관 안양박물관","김중업 박물관 안양박물관","gyeonggi","안양시","경기 안양시 만안구 예술공원로103번길 4 김중업박물관 3층",37.4183789,126.9183392
"김천녹색미래과학관","김천녹색미래과학관","gyeongbuk","김천시","경북 김천시 혁신6로 31 김천녹색미래과학관",36.1244935,128.1850691
"김천시립문화회관","김천시립문화회관","gyeongbuk","김천시","경북 김천시 김천로 200",36.1187435,128.1221109
"김천실내체육관","김천실내체육관","gyeongbuk","김천시","경북 김천시 운동장길 1 김천종합운동장",36.1430049,128.0868657
"김태완스시 송파본점","김태완스시 송파본점","seoul","송파구","서울 송파구 오금로 148 1층 김태완스시 송파본점",37.5104887,127.1112242
"김택화미술관","김택화미술관","jeju","제주시","제주 제주시 조천읍 신흥로 1",33.5437156,126.6531424
"김포 몬스터리움","김포 몬스터리움","gyeonggi","김포시","경기 김포시 대곶면 대명항1로 52",37.6428316591432,126.546076669479
"김포 쥬라기파크","김포 쥬라기파크","gyeonggi","김포시","경기 김포시 대곶면 대명항1로 52 가동 3층",37.6428312965761,126.546076105164
"김포구래점 아이존팝","김포구래점 아이존팝","gyeonggi","김포시","경기 김포시 김포한강9로 95",37.6451680364364,126.625685526743
"김포시 맑은물사업소","김포시 맑은물사업소","gyeonggi","김포시","경기 김포시 고촌읍 신곡로 152",37.6054174,126.7638376
"김포시독립운동기념관","김포시독립운동기념관","gyeonggi","김포시","경기 김포시 양촌읍 양곡2로30번길 46",37.6533323,126.629308
"김포아트홀","김포아트홀","etc","김포시","김포아트홀, 돌문로, 북변동, 김포시, 10108, 대한민국",37.6189219,126.7201411
"김해 가야랜드","김해 가야랜드","gyeongnam","김해시","경남 김해시 인제로 368 가야랜드",35.2598055,128.9027276
"김해 롯데워터파크","김해 롯데워터파크","gyeongnam","김해시","경남 김해시 장유로 555",35.1810032,128.8291093
"김해가야테마파크","김해가야테마파크","gyeongnam","김해시","경남 김해시 가야테마길 161",35.251635,128.8937493
"김해문화의전당 마루홀","김해문화의전당 마루홀","gyeongnam","김해시","경남 김해시 김해대로 2060 김해문화의전당",35.2438067,128.8694061
"김해장유문화센터 공연장","김해장유문화센터 공연장","gyeongnam","김해시","경남 김해시 대청로176번길 7 장유도서관",35.1913769,128.7968832
"깊은","깊은","seoul","용산구","서울 용산구 후암로28길 3 라비앙남산 101호",37.5501937,126.9776796
"까망돌어울마당 아트홀","까망돌어울마당 아트홀","seoul","동작구","서울 동작구 서달로 129",37.5051202,126.960611
"까블랑","까블랑","chungnam","아산시","충남 아산시 시민로 129-3",36.7624033,126.992095
"꼬망티지","꼬망티지","jeonbuk","완주군","전북 완주군 용진읍 상운길 104-9 꼬망티지",35.8899173,127.1527799
"꼼작","꼼작","seoul","은평구","서울 은평구 갈현로 181-17 1층",37.6144375,126.9111562
"꽃지해안공원 및 안면도 수목원","꽃지해안공원 및 안면도 수목원","chungnam","태안군","충남 태안군 안면읍 승언리 산29-122",36.4980364,126.3379828
"꽃집 건물 지층","꽃집 건물 지층","seoul","서초구","서울 서초구 주흥길 17 (반포동) 꽃집 건물 지층",37.4837,127.0324
"꽃집 콜럼바인","꽃집 콜럼바인","seoul","종로구","서울 종로구 사직로9길 18-1 ...",37.573,126.9794
"꽃필로그","꽃필로그","gyeonggi","수원시","경기 수원시 팔달구 수원천로255번길 6",37.27723657210013,127.01860578675243
"꿈의숲_콘서트홀","꿈의숲_콘서트홀","seoul","강북구","서울 강북구 월계로 173",37.6214938171239,127.038544673316
"꿈의숲_퍼포먼스홀","꿈의숲_퍼포먼스홀","seoul","강북구","서울 강북구 월계로 173",37.6216704342967,127.038472269356
"끝 문","끝 문","seoul","용산구","서울 용산구 청파로45길 27",37.5323,126.9906
"나다운심리상담센터","나다운심리상담센터","seoul","마포구","서울 마포구 동교로19길 21 (서교동) 나다운심리상담센터",37.5665,126.9018
"나래바이크 개봉광명점","나래바이크 개봉광명점","seoul","구로구","서울 구로구 개봉로11길 35-4 1층",37.487839,126.8538721
"나루아트센터","나루아트센터","seoul","광진구","서울 광진구 능동로 76",37.5375856708648,127.070580693965
"나비공방","나비공방","seoul","종로구","서울 종로구 계동길 122-1 (계동) 1층 나비공방 상점",37.573,126.9794
"나인씨어터","나인씨어터","seoul","종로구","서울 종로구 대학로8가길 30",37.5826203,127.0033898
"나인진홀","나인진홀","seoul","종로구","서울 종로구 동숭길 47",37.5803409790355,127.004256734678
"나주목문화관","나주목문화관","jeonnam","나주시","전남 나주시 금성관길 15",35.0323034,126.7156886
"나츠래쉬","나츠래쉬","seoul","마포구","서울 마포구 마포대로 196 지하1층 32호",37.5513508,126.9561973
"나혜석옛길 골목 초입","나혜석옛길 골목 초입","","수원시","정보 없음",37.2636,127.0286
"낙산","낙산","seoul","종로구","서울 종로구 낙산길 41",37.5804769,127.007587
"낙산,이화마을","낙산,이화마을","seoul","종로구","서울 종로구 종로 지하 302",37.573,126.9794
"낙원타코 강남역점","낙원타코 강남역점","seoul","서초구","서울 서초구 서초대로73길 7 2층",37.4981634,127.0253638
"낙타트래킹","낙타트래킹","jeju","서귀포시","제주 서귀포시 표선면 번영로 2564-21",33.4026984,126.7786456
"난계국악박물관","난계국악박물관","chungbuk","영동군","충북 영동군 심천면 국악로 9",36.2101797,127.7049262
"남도랑","남도랑","seoul","강남구","서울 강남구 역삼로5길 5 고명빌딩 1층",37.4941881,127.032248
"남도향토음식박물관","남도향토음식박물관","gwangju","북구","광주 북구 설죽로 477",35.2017746,126.898658
"남동소래아트홀","남동소래아트홀","incheon","남동구","인천 남동구 아암대로1437번길 32",37.3874335791849,126.724677937094
"남산 N서울타워","남산 N서울타워","seoul","용산구","서울 용산구 남산공원길 105",37.5323,126.9906
"남산골한옥마을","남산골한옥마을","seoul","중구","서울 중구 퇴계로34길 28",37.5593,126.9945
"남양성모성지","남양성모성지","gyeonggi","화성시","경기 화성시 남양읍 남양성지로 112",37.2055,126.8167
"남양주 다산아트홀","남양주 다산아트홀","gyeonggi","남양주시","경기 남양주시 다산중앙로 7 ...",37.6139003,127.1557902
"남양주 어린이비전센터","남양주 어린이비전센터","etc","남양주시","남양주 어린이비전센터, 해밀예당2로, 진접읍, 남양주시, 12057, 대한민국",37.7174744,127.1963875
"남양주 플레이킹덤 키즈카페","남양주 플레이킹덤 키즈카페","gyeonggi","남양주시","경기 남양주시 와부읍 경강로849번길 97",37.5682213279601,127.235861684949
"남양주다산중학교","남양주다산중학교","gyeonggi","남양주시","경기 남양주시 다산중앙로172번길 50",37.6278498,127.1587133
"남이섬","남이섬","gyeonggi","가평군","경기 가평군 가평읍 북한강변로 1024",37.8039619138259,127.525366933316
"남포동 쿵스 게임랜드","남포동 쿵스 게임랜드","busan","중구","부산 중구 광복로39번길 6 와이즈파크 4층",35.0995002,129.0296248
"남해유배문학관","남해유배문학관","gyeongnam","남해군","경남 남해군 남해읍 남해대로 2745 남해유배문학관",34.8319302,127.8991379
"내 위치","내 위치","seoul","마포구","서울 마포구 백범로 199 (신공덕동, 메트로디오빌) 내 위치",37.5665,126.9018
"내포보부상촌","내포보부상촌","chungnam","예산군","충남 예산군 덕산면 온천단지1로 55",36.691225,126.6500609
"너나들이센터","너나들이센터","seoul","은평구","서울 은평구 연서로50길 10 너나들이센터",37.6405733,126.9385649
"네이처스케이프 플러스","네이처스케이프 플러스","gyeonggi","화성시","경기 화성시 동탄대로5길 21",37.1670794028254,127.105425175463
"네이처파크","네이처파크","daegu","대구","대구 달성군 가창면 가창로 891",35.788117,128.635313
"네일드셀린","네일드셀린","seoul","송파구","서울 송파구 올림픽로10길 35 103호",37.5085511,127.0817259
"노들섬 복합문화공간","노들섬 복합문화공간","seoul","용산구","서울 용산구 양녕로 445",37.5176704,126.9580519
"노랑 고카트","노랑 고카트","gyeongnam","남해군","경남 남해군 이동면 남해대로 1607",34.7692621,127.951748
"노랑통닭 본사","노랑통닭 본사","seoul","강남구","서울 강남구 삼성로85길 28 6층~10층",37.5047118,127.0549498
"노리매","노리매","jeju","서귀포시","제주 서귀포시 대정읍 중산간서로 2260-15 노리매",33.2825442,126.2873438
"노마드클래식","노마드클래식","seoul","강동구","서울 강동구 올림픽로98길 43",37.5503417,127.130051
"노원구민의전당 (구.노원구민회관)","노원구민의전당 (구.노원구민회관)","seoul","노원구","서울 노원구 중계2·3동 하계동 동일로 노원구민의전당",37.639421,127.0666257
"노원문화예술회관","노원문화예술회관","seoul","노원구","서울 노원구 중계로 181",37.6501998113605,127.080282814225
"노인복지시설 춘천막국수체험박물관","노인복지시설 춘천막국수체험박물관","gangwon","춘천시","강원 춘천시 신북읍 신북로 265",37.9481863,127.7491972
"노형수퍼마켙","노형수퍼마켙","jeju","제주시","제주 제주시 노형로 89",33.4649797,126.4552065
"노화랑","노화랑","seoul","종로구","서울 종로구 인사동길 54",37.5748652,126.9841047
"녹번삼성키즈소아청소년과의원","녹번삼성키즈소아청소년과의원","seoul","은평구","서울 은평구 통일로 630-1 B1층 101-2호",37.6031406,126.9374562
"녹테마레","녹테마레","jeonnam","여수시","전남 여수시 만성로 294 녹테마레",34.7744113,127.7259673
"놀숲 수원역점","놀숲 수원역점","gyeonggi","수원시","경기 수원시 팔달구 덕영대로 909",37.2676536601594,127.000721543811
"놀터예술공방","놀터예술공방","seoul","성북구","서울 성북구 성북로2길 21",37.5894895305414,127.007033529804
"농촌진흥청 전주농업과학관어린이체험관","농촌진흥청 전주농업과학관어린이체험관","jeonbuk","전주시","전북 전주시 덕진구 농생명로 300",35.8291584,127.0570637
"누들플랫폼","누들플랫폼","incheon","중구","인천 중구 신포로27번길 36 누들플랫폼",37.4725341,126.6236584
"누수탐지","누수탐지","seoul","용산구","서울 용산구 이태원로 217 211-A호",37.535283,126.997896
"뉴하이랜드 사우나","뉴하이랜드 사우나","daejeon","서구","대전 서구 도산로314번길 19 엘케이 빌딩 3, 4층",36.3333827,127.3887778
"니리므의상실","니리므의상실","chungnam","공주시","충남 공주시 백미고을길 5-7",36.4578,127.1219
"다과한","다과한","seoul","은평구","서울 은평구 갈현로29길 18 1층",37.6199567,126.9137904
"다락소극장","다락소극장","incheon","중구","인천 중구 신포로27번길 3",37.4714321296324,126.624744884244
"다산아트홀","다산아트홀","gyeonggi","남양주시","경기 남양주시 다산중앙로 7 다산아트홀",37.6140187,127.1553279
"다시쓰는 세상 순환자원 홍보관","다시쓰는 세상 순환자원 홍보관","gyeonggi","성남시","경기 성남시 분당구 석운로164번길 19",37.3784872,127.047573
"다이나믹 메이즈 인사동점","다이나믹 메이즈 인사동점","seoul","종로구","서울 종로구 인사동길 12 , 지하 1층",37.573,126.9794
"다이소 신사역점","다이소 신사역점","seoul","강남구","서울 강남구 강남대로 606 1층",37.5159589,127.0201726
"다이아몬드릴리","다이아몬드릴리","seoul","강남구","서울 강남구 선릉로 711 (논현동) 1층 다이아몬드릴리",37.5172,127.0473
"다일락스포렉스","다일락스포렉스","gyeonggi","용인시","경기 용인시 처인구 모현읍 포은대로1272번길 12",37.3394337322513,127.184741815753
"닥터메포츠 사우나＆헬스","닥터메포츠 사우나＆헬스","busan","연제구","부산 연제구 거제시장로 42 닥터메포츠 헬스사우나",35.1830853,129.0708967
"단막극장","단막극장","seoul","종로구","서울 종로구 동숭4길 14",37.58330344049037,127.0044074799853
"단비스튜디오","단비스튜디오","seoul","광진구","서울 광진구 능동로50길 9 1층(중곡동)",37.5640426,127.0839999
"단양투어패스","단양투어패스","","","정보 없음",,
"달달아트연구소","달달아트연구소","gyeonggi","군포시","경기 군포시 군포로735번길 39 1층",37.3699256,126.9415829
"달라짐 PT 헬스 수원인계본점","달라짐 PT 헬스 수원인계본점","gyeonggi","수원시","경기 수원시 팔달구 권광로187번길 10-3",37.2647548,127.0321623
"달밤엔씨어터","달밤엔씨어터","seoul","종로구","서울 종로구 대학로14길 18",37.58400086117188,127.00268096839773
"달빛공원","달빛공원","incheon","연수구","인천 연수구 아암대로 764",37.3968338,126.6589795
"달빛광장","달빛광장","seoul","서초구","서울 서초구 신반포로11길 40 (반포동, 한강공원 반포 안내센터) 달빛광장",37.4837,127.0324
"달빛꽃","달빛꽃","seoul","서초구","서울 서초구 방배로23길 14 지하1층",37.4878,126.9894
"달빛꽃  트레이닝 센터","달빛꽃  트레이닝 센터","seoul","서초구","서울 서초구 방배로23길 14 (방배동, 영은빌딩) 지하1층 달빛꽃  트레이닝 센터",37.4837,127.0324
"달서아트센터","달서아트센터","daegu","서구","대구 달서구 문화회관길 160",35.8435131,128.5229793
"달성문화원","달성문화원","daegu","대구","대구 달성군 현풍읍 현풍동로 92 달성문화원",35.6989009,128.4519999
"담양리조트","담양리조트","jeonnam","담양군","전남 담양군 금성면 금성산성길 202",35.3653432,127.0256312
"당림미술관","당림미술관","chungnam","아산시","충남 아산시 송악면 외암로1182번길 34-19 당림미술관",36.7428013,127.0187375
"당진문예의전당 대공연장","당진문예의전당 대공연장","chungnam","당진시","충남 당진시 무수동2길 25-21 전시관",36.8904801,126.638067
"대가야생활촌","대가야생활촌","gyeongbuk","고령군","경북 고령군 대가야읍 신남로 81",35.7118534,128.2692426
"대구 달서구 성서공단로 40","대구 달서구 성서공단로 40","daegu","대구","대구 달서구 성서공단로 40",35.8346767,128.4865706
"대구 달서구 조암로 129","대구 달서구 조암로 129","daegu","대구","대구 달서구 조암로 129 1층, 2층",35.8203868,128.5174448
"대구 달성군 유가읍 테크노대로6길 66","대구 달성군 유가읍 테크노대로6길 66","daegu","대구","대구 달성군 유가읍 테크노대로6길 66 달성화석박물관",35.6843867,128.4645714
"대구 달용이 챌린지파크","대구 달용이 챌린지파크","daegu","대구","대구 달서구 달구벌대로 1476",35.8494214,128.5280295
"대구 동구 팔공로 227","대구 동구 팔공로 227","daegu","동구","대구 동구 팔공로 227",35.9189046,128.639789
"대구 수목원 생활온천","대구 수목원 생활온천","daegu","대구","대구 달서구 상화로 79",35.8082314,128.52262
"대구 스틸 301 플레이파크","대구 스틸 301 플레이파크","daegu","대구","대구 군위군 산성면 산성가음로 984",36.1456139,128.7110517
"대구 스파밸리","대구 스파밸리","daegu","대구","대구 달성군 가창면 가창로 891 워터파크 스파밸리",35.7881169,128.635313
"대구 아이스파크","대구 아이스파크","daegu","동구","대구 동구 입석로1길 69-4 대구아이스파크",35.8932583,128.6483164
"대구 엑스코 5층 컨벤션홀","대구 엑스코 5층 컨벤션홀","daegu","대구","대구 북구 엑스코로 10 , 1층",35.9071678,128.6130954
"대구 엑스코 오디토리움","대구 엑스코 오디토리움","daegu","대구","대구 북구 유통단지로 87 90, 대구전시컨벤션센터",35.9077819,128.612721
"대구 중구 달성로22길 27","대구 중구 달성로22길 27","daegu","중구","대구 중구 달성로22길 27",35.87521,128.5831901
"대구 중구 중앙대로 449","대구 중구 중앙대로 449","daegu","중구","대구 중구 중앙대로 449",35.8732938,128.5943181
"대구 청소년수련원","대구 청소년수련원","daegu","대구","대구 달서구 앞산순환로 180",35.8203237,128.55345
"대구간송미술관","대구간송미술관","daegu","대구","대구 수성구 미술관로 70 대구간송미술관",35.828269,128.6759947
"대구교육박물관","대구교육박물관","daegu","대구","대구 북구 대동로1길 40",35.8974224,128.6123642
"대구농업마이스터고등학교","대구농업마이스터고등학교","daegu","대구","대구 수성구 달구벌대로 3170 대구농업마이스터고등학교 내 대구녹색학습원",35.8377203,128.7019009
"대구문화예술회관","대구문화예술회관","daegu","대구","대구 달서구 공원순환로 201",35.8451461,128.5599107
"대구미술관","대구미술관","daegu","대구","대구 수성구 미술관로 40",35.8271353,128.6741762
"대구삼성라이온즈파크","대구삼성라이온즈파크","daegu","대구","대구 수성구 야구전설로 1 대구삼성라이온즈파크",35.8410706,128.6817523
"대구시 수성구 동대구로 176","대구시 수성구 동대구로 176","daegu","대구","대구 수성구 동대구로 176 대구어린이세상",35.8466821,128.627775
"대구어린이세상 꾀꼬리극장","대구어린이세상 꾀꼬리극장","daegu","대구","대구 수성구 동대구로 176 대구어린이세상 꾀꼬리극장",35.8471076,128.6279422
"대구오페라하우스","대구오페라하우스","daegu","대구","대구 북구 호암로 15 대구오페라하우스",35.8834653,128.5922332
"대구지방기상청","대구지방기상청","daegu","동구","대구 동구 효동로2길 10 국립대구기상과학관",35.8782813,128.6538281
"대구콘서트하우스","대구콘서트하우스","daegu","중구","대구 중구 태평로 141 대구콘서트하우스",35.8760591,128.5936974
"대나무 숯가마 찜질방","대나무 숯가마 찜질방","jeonnam","담양군","전남 담양군 담양읍 월광로 99",35.3373327,126.9781206
"대릉원","대릉원","gyeongbuk","경주시","경북 경주시 황남동 31-1",35.8392,129.2185
"대백레오문화홀","대백레오문화홀","daegu","중구","대구 중구 명덕로 333 대백프라자 5층 대백레오문화홀",35.8559577,128.6064938
"대백프라자 10층 프라임홀","대백프라자 10층 프라임홀","daegu","중구","대구 중구 명덕로 333",35.8557076,128.6061395
"대백프라자갤러리 (프라자점 12F)","대백프라자갤러리 (프라자점 12F)","daegu","중구","대구 중구 명덕로 333 대백프라자 12층",35.8557498,128.606221
"대법원 청사 동관","대법원 청사 동관","seoul","서초구","서울 서초구 서초대로 219",37.4926457,127.0051584
"대복삼겹살왕솥뚜껑","대복삼겹살왕솥뚜껑","seoul","동작구","서울 동작구 사당로17가길 8 1층",37.4839314,126.9735849
"대불호텔전시관","대불호텔전시관","incheon","중구","인천 중구 신포로23번길 101",37.4735648738435,126.619972592037
"대성빌딩","대성빌딩","seoul","송파구","서울 송파구 백제고분로33길 31-15 (석촌동)",,
"대우기계장비","대우기계장비","seoul","영등포구","서울 영등포구 국회대로50길 20",37.5235731,126.9058
"대원뮤지엄 팝콘D스퀘어","대원뮤지엄 팝콘D스퀘어","seoul","용산구","서울 용산구 한강대로23길 55 아이파크몰 테마파크 6층 1-1호",37.5323,126.9906
"대유ATV수렵사격랜드","대유ATV수렵사격랜드","jeju","서귀포시","제주 서귀포시 상예로 381",33.2776169,126.395062
"대전 상상아트홀","대전 상상아트홀","daejeon","중구","대전 중구 대종로505번길 28 상상아트홀",36.3288038,127.4234642
"대전 아쿠아리움","대전 아쿠아리움","daejeon","중구","대전 중구 보문산공원로 469",36.3102311,127.421059
"대전 엑스포 아쿠아리움","대전 엑스포 아쿠아리움","daejeon","유성구","대전 유성구 엑스포로 1 대전 신세계 Art&Science 지하 1층",36.3751186,127.3806058
"대전 유성구 엑스포로 1","대전 유성구 엑스포로 1","daejeon","유성구","대전 유성구 엑스포로 1",36.3750586,127.3816743
"대전 C.T센터","대전 C.T센터","daejeon","유성구","대전 유성구 대덕대로 480",36.3766279,127.3880342
"대전곤충생태관","대전곤충생태관","daejeon","서구","대전 서구 둔산대로 191",36.3668974,127.3896615
"대전선사박물관","대전선사박물관","daejeon","유성구","대전 유성구 노은동로 126 대전선사박물관",36.3718649,127.3239292
"대전시 유성구 월드컵대로 32","대전시 유성구 월드컵대로 32","daejeon","유성구","대전 유성구 월드컵대로 32 동관 1층",36.3649844,127.3260295
"대전시립연정국악원","대전시립연정국악원","daejeon","서구","대전 서구 둔산대로 135",36.3662815,127.389134
"대전역사박물관","대전역사박물관","daejeon","유성구","대전 유성구 도안대로 398",36.3366001,127.3351332
"대전음악창작소","대전음악창작소","daejeon","중구","대전 중구 대흥로175번길 25 홍명프리존",36.3264,127.4304194
"대전충무체육관","대전충무체육관","daejeon","중구","대전 중구 대종로 373",36.317915,127.4304473
"대전컨벤션센터 제1전시장","대전컨벤션센터 제1전시장","daejeon","유성구","대전 유성구 엑스포로 107 , 1층",36.3752259,127.3918896
"대전컨벤션센터 제2전시장","대전컨벤션센터 제2전시장","daejeon","유성구","대전 유성구 엑스포로 87",36.3751148,127.3890654
"대전평송청소년문화센터","대전평송청소년문화센터","daejeon","서구","대전 서구 둔산대로 201",36.3658405,127.3918406
"대전한밭대학교 아트홀","대전한밭대학교 아트홀","daejeon","유성구","대전 유성구 학하로 104 503호",36.3423522,127.3065564
"대천서바이벌게임","대천서바이벌게임","chungnam","보령시","충남 보령시 새마을1길 4 지하1층(바다로마트지하)",36.3073013,126.5196447
"대치동974 상가동","대치동974 상가동","seoul","강남구","서울 강남구 삼성로68길 5 (대치동, 대치 주성아파트) 대치동974 상가동 1층 111호",37.5172,127.0473
"대학로 더굿씨어터","대학로 더굿씨어터","seoul","종로구","서울 종로구 대학로 144 , 지하 2층",37.573,126.9794
"대학로 드림시어터","대학로 드림시어터","seoul","종로구","서울 종로구 대학로10길 15",37.5823502373355,127.002848466031
"대학로 라온씨어터","대학로 라온씨어터","seoul","종로구","서울 종로구 대학로10길 12",37.5816321468766,127.002788435791
"대학로 바탕골","대학로 바탕골","seoul","종로구","서울 종로구 대학로10길 5",37.5818925389481,127.00257220795
"대학로 봄날아트홀","대학로 봄날아트홀","seoul","종로구","서울 종로구 동숭길 39 지하 1층, 2층 봄날아트홀",37.573,126.9794
"대학로 세우아트센터","대학로 세우아트센터","seoul","종로구","서울 종로구 대학로12길 49",37.58188889762789,127.0039285040281
"대학로 소극장 혜화당","대학로 소극장 혜화당","seoul","종로구","서울 종로구 대학로12길 63",37.5812365749468,127.004025832403
"대학로 스타릿홀","대학로 스타릿홀","seoul","종로구","서울 종로구 대학로8가길 111 지하층",37.573,126.9794
"대학로 스타시티","대학로 스타시티","seoul","종로구","서울 종로구 대학로11길 23",37.582119616246,127.000511726023
"대학로 스타시티 7층 후암씨어터","대학로 스타시티 7층 후암씨어터","seoul","종로구","서울 종로구 대학로11길 23 대학로스타시티빌딩",37.573,126.9794
"대학로 스튜디오 블루","대학로 스튜디오 블루","seoul","종로구","서울 종로구 대학로8가길 80",37.5824583458942,127.003260569965
"대학로 아트포레스트","대학로 아트포레스트","seoul","종로구","서울 종로구 대학로12길 22",37.5824943902625,127.003088485817
"대학로 아트하우스","대학로 아트하우스","seoul","종로구","서울 종로구 대학로10길 26",37.5816023886196,127.00371338439
"대학로 오마이갓","대학로 오마이갓","seoul","종로구","서울 종로구 동숭길 68",37.5813050407232,127.004302074561
"대학로 올래홀","대학로 올래홀","seoul","종로구","서울 종로구 대학로10길 24",37.5816005916481,127.003550357673
"대학로 자유극장","대학로 자유극장","seoul","종로구","서울 종로구 대학로12길 31",37.5827430495515,127.003613812139
"대학로 제나아트홀","대학로 제나아트홀","seoul","종로구","서울 종로구 대학로10길 12",37.5816114235726,127.00280768122
"대학로 지즐소극장","대학로 지즐소극장","seoul","종로구","서울 종로구 성균관로4길 42",37.5847361016711,126.999687519191
"대학로 틴틴홀","대학로 틴틴홀","seoul","종로구","서울 종로구 대학로10길 24",37.5816005915118,127.00355488619
"대학로 하마씨어터","대학로 하마씨어터","seoul","종로구","서울 종로구 대학로10길 15",37.5822601398146,127.002771477123
"대학로 한성아트홀","대학로 한성아트홀","seoul","종로구","서울 종로구 창경궁로 254",37.5837171,126.9998884
"대학로 해피씨어터","대학로 해피씨어터","seoul","종로구","서울 종로구 대학로10길 5",37.5818925389481,127.00257220795
"대학로 TOM(티오엠)","대학로 TOM(티오엠)","seoul","종로구","서울 종로구 대학로8가길 85",37.5822745319552,127.0036454894
"대학로극장 쿼드","대학로극장 쿼드","seoul","종로구","서울 종로구 이화동 대학로거리 동숭길 122 대학로극장 쿼드",37.5836392,127.0038138
"대학로예술극장","대학로예술극장","seoul","종로구","서울 종로구 대학로10길 17",37.5820871387794,127.003179039931
"대한민국라이브","대한민국라이브","seoul","마포구","서울 마포구 망원로 96-1 지하1층",37.5577293,126.9075478
"대한민국삼겹살 기흥구청점","대한민국삼겹살 기흥구청점","gyeonggi","용인시","경기 용인시 기흥구 관곡로64번길 14-8 1층 대한민국삼겹살 기흥구청점",37.2815385,127.1123103
"대한민국상이군경회 서울시지부","대한민국상이군경회 서울시지부","seoul","마포구","서울 마포구 마포대로14길 19",37.5485393,126.9567565
"대한민국상이군경회유통사업","대한민국상이군경회유통사업","seoul","강남구","서울 강남구 학동로4길 15",37.5105207,127.0235534
"대한민국세탁1번가","대한민국세탁1번가","gyeonggi","수원시","경기 수원시 영통구 센트럴타운로 76",37.2928072,127.0539932
"대한민국역사박물관","대한민국역사박물관","seoul","종로구","서울 종로구 세종대로 198",37.5753,126.9779
"대한민국의원","대한민국의원","seoul","중랑구","서울 중랑구 면목로 352",37.5832272,127.0885777
"댕댕대학 간식학과","댕댕대학 간식학과","incheon","미추홀구","인천 미추홀구 구월남로 30 2층",37.4546997,126.6930245
"댕댕투어패스","댕댕투어패스","","","정보 없음",,
"댕로홀","댕로홀","seoul","종로구","서울 종로구 대학로12길 50",37.5818420527808,127.003717924826
"댕빵소","댕빵소","gyeonggi","성남시","경기 성남시 수정구 성남대로1250번길 5-1 1층, 댕빵소",37.4416111,127.1280701
"더 뮤지션","더 뮤지션","jeonbuk","전주시","전북 전주시 완산구 전주객사3길 35 2층",35.818705,127.1421903
"더 숲 아로마","더 숲 아로마","jeju","제주시","제주 제주시 애월읍 고내로9길 39 1층",33.466645,126.3374153
"더 케이쇼","더 케이쇼","seoul","영등포구","서울 영등포구 영중로 15 타임스퀘어 1층",37.5168993,126.9024065
"더 플랫폼 넘버원","더 플랫폼 넘버원","","","정보 없음",,
"더 힐링타임","더 힐링타임","jeju","제주시","제주 제주시 서해안로 652",33.5159846,126.5065458
"더굿씨어터","더굿씨어터","seoul","종로구","서울 종로구 대학로 144",37.5839819526946,127.00206506973008
"더다이브(The Dive)","더다이브(The Dive)","seoul","용산구","서울 용산구 이태원로27가길 37 지하1층",37.5348381,126.9930717
"더더더","더더더","seoul","중구","서울 중구 을지로38길 9",37.5660431001951,127.003978606954
"더마파크","더마파크","jeju","제주시","제주 제주시 한림읍 월림7길 155 더마파크",33.3549226,126.2430803
"더브릭 키즈카페 W스퀘어점","더브릭 키즈카페 W스퀘어점","busan","남구","부산 남구 분포로 145 W스퀘어 B112",35.1337124,129.1126448
"더빛남 남위례역점","더빛남 남위례역점","gyeonggi","성남시","경기 성남시 수정구 위례광장로 9-10 1층 105호 더빛남 아롬타워 건물",37.4649136,127.1406277
"더새김","더새김","seoul","중구","서울 중구 을지로20길 24-11 인현빌딩 502호",37.565292,126.9949991
"더샵끌림","더샵끌림","gyeonggi","화성시","경기 화성시 수노을중앙로 293 상가 1층 더샵끌림",37.2746927,126.8291179
"더서울라이티움","더서울라이티움","seoul","성동구","서울 성동구 서울숲2길 32-14",37.545749,127.0426796
"더시에나리조트 라스투베","더시에나리조트 라스투베","jeju","서귀포시","제주 서귀포시 용흥로66번길 158-8 더 시에나 리조트",33.2649201,126.4831099
"더시에나프리보 까보스코","더시에나프리보 까보스코","jeju","서귀포시","제주 서귀포시 용흥로66번길 158-7 더 시에나 프리모 까보스코 본관 1층",33.254,126.4115
"더줌아트센터","더줌아트센터","seoul","용산구","서울 용산구 독서당로 111 더줌아트센터",37.5357568,127.0070856
"더카트인 통영","더카트인 통영","gyeongnam","통영시","경남 통영시 도산면 도산일주로 147",34.8982442,128.3519126
"더프리마아트센터","더프리마아트센터","seoul","종로구","서울 종로구 인사동길 37",37.5734213273902,126.984690757257
"더현대 서울 ALT. 1","더현대 서울 ALT. 1","seoul","영등포구","서울 영등포구 여의대로 108",37.5260038891705,126.928896250997
"더현대서울 6층 ALT.1","더현대서울 6층 ALT.1","seoul","영등포구","서울 영등포구 여의대로 108",37.5258242,126.9284413
"덕수궁","덕수궁","seoul","중구","서울 중구 세종대로 99",37.5658,126.9752
"덕스(DUEX) 부산","덕스(DUEX) 부산","busan","부산진구","부산 부산진구 중앙대로666번길 50 더샵센트럴스타 B1",35.159,129.06
"덕스(DUEX) 홍대","덕스(DUEX) 홍대","seoul","마포구","서울 마포구 양화로 186",37.5576337,126.9258847
"덕스커피로스터스","덕스커피로스터스","gyeonggi","고양시","경기 고양시 덕양구 도래울안길 33-1 1층 103호",37.6304159,126.874152
"덕진예술회관","덕진예술회관","jeonbuk","전주시","전북 전주시 덕진구 권삼득로 407",35.8478618,127.1196089
"덕포진교육박물관","덕포진교육박물관","gyeonggi","김포시","경기 김포시 대곶면 덕포진로103번길 90",37.65206,126.57169
"델라젬플라워","델라젬플라워","seoul","마포구","서울 마포구 월드컵북로7길 8 (서교동) 1층 델라젬플라워",37.5665,126.9018
"델리지오쿡 신천점","델리지오쿡 신천점","gyeonggi","시흥시","경기 시흥시 신천로63번길 1 1층",37.4360795,126.7871127
"도버빌리지","도버빌리지","seoul","서초구","서울 서초구 도구로9길 32 1층",37.4821195,126.9857396
"도봉구민회관 하모니홀","도봉구민회관 하모니홀","seoul","도봉구","서울 도봉구 도봉로 552",37.6541887798308,127.038484507498
"도산전시관","도산전시관","seoul","강남구","서울 강남구 도산대로45길 20 도산전시관",37.5246752,127.0350296
"도예문화원","도예문화원","daegu","강진군","전남 강진군 대구면 청자촌길 45",34.5085932,126.8024588
"도자기공방숲","도자기공방숲","gyeonggi","동두천시","경기 동두천시 동두천로 7 , 1층",37.9034859,127.0561413
"도치돌알파카목장","도치돌알파카목장","jeju","제주시","제주 제주시 애월읍 도치돌길 303 도치돌목장",33.4097232,126.3667613
"도토리씨어터","도토리씨어터","seoul","종로구","서울 종로구 대학로12길 63",37.5812239611894,127.004021303229
"독립기념관","독립기념관","chungnam","천안시","충남 천안시 동남구 목천읍 독립기념관로 1 독립기념관",36.7836,127.2234
"독막로3길","독막로3길","seoul","마포구","서울 마포구 서교동",37.5496845,126.9177593
"돈키호테 키즈카페","돈키호테 키즈카페","gyeonggi","고양시","경기 고양시 덕양구 중앙로557번길 11 삼정플라자 3층",37.6229647,126.8350339
"돈킴명인감자탕 서울대입구점","돈킴명인감자탕 서울대입구점","seoul","관악구","서울 관악구 관악로 128 1층",37.4766941,126.9527447
"돌담프룻","돌담프룻","jeju","서귀포시","제주 서귀포시 안덕면 일주서로 1365 다홍색지붕건물1층",33.2622744,126.3691606
"돌하르방공원","돌하르방공원","jeju","제주시","제주 제주시 조천읍 북촌서1길 70",33.5388536,126.6888142
"돔(DOME)676","돔(DOME)676","gyeonggi","하남시","경기 하남시 미사대로 676 ...",37.578052,127.1766508
"동궁원","동궁원","gyeongbuk","경주시","경북 경주시 보문로 74-14",35.8497687,129.2627204
"동대문디자인플라자(DDP) 전시","동대문디자인플라자(DDP) 전시","seoul","중구","서울 중구 을지로 281 동대문디자인플라자뮤지엄",37.5637,126.9975
"동덕여자대학교 공연예술센터 코튼홀","동덕여자대학교 공연예술센터 코튼홀","seoul","종로구","서울 종로구 동숭길 126 동덕여대 공연예술 연구소",37.573,126.9794
"동두천 놀자숲","동두천 놀자숲","etc","동두천시","놀자숲, 동두천시, 대한민국",37.8849158,127.1375544
"동물의 정원","동물의 정원","ulsan","동구","울산 동구 쇠평길 33-1 동물의정원",35.553872,129.427116
"동숭무대소극장","동숭무대소극장","seoul","종로구","서울 종로구 혜화로 35",37.588808,126.9992607
"동안마을주공3단지아파트","동안마을주공3단지아파트","gyeonggi","양주시","경기 양주시 고암길 275",37.8340078,127.0700817
"동원참치 광화문본점","동원참치 광화문본점","seoul","종로구","서울 종로구 사직로 130 현대적선빌딩 지하1층 22호",37.5754136,126.9732248
"동탄 공룡월드","동탄 공룡월드","gyeonggi","화성시","경기 화성시 동탄순환대로27길 30",37.20815937351829,127.10435689579484
"동탄 어둠속의대화","동탄 어둠속의대화","gyeonggi","화성시","경기 화성시 동탄역로 160 롯데백화점 동탄점 7층",37.200666359626,127.098203113972
"동탄역모아미래도아파트","동탄역모아미래도아파트","gyeonggi","화성시","경기 화성시 동탄청계로 303-33",37.2028431,127.1152951
"두륜산 케이블카","두륜산 케이블카","jeonnam","해남군","전남 해남군 삼산면 대흥사길 88-45 두륜산케이블카",34.4967493,126.625285
"두리랜드","두리랜드","gyeonggi","양주시","경기 양주시 장흥면 권율로 두리랜드",37.7246301,126.9504204
"두리빌딩","두리빌딩","seoul","강남구","서울 강남구 강남대로162길 27-3 (신사동) 두리빌딩 502호",37.5172,127.0473
"두물은공방","두물은공방","gyeonggi","양평군","경기 양평군 양서면 목왕로 13-1 2F",37.542722,127.3244764
"두산빌라 가동","두산빌라 가동","seoul","마포구","서울 마포구 양화진길 61 (합정동, 두산빌라) 두산빌라 가동 101호",37.5665,126.9018
"두산아트센터 연강홀","두산아트센터 연강홀","seoul","종로구","서울 종로구 종로33길 15",37.5717079,127.0011948
"두산아트센터 Space111","두산아트센터 Space111","seoul","종로구","서울 종로구 종로33길 15",37.5716608710148,127.000941806432
"둘리뮤지엄","둘리뮤지엄","seoul","도봉구","서울 도봉구 시루봉로1길 6",37.6523759,127.027639
"둥둥막창구이","둥둥막창구이","seoul","마포구","서울 마포구 월드컵로3길 27 대광빌딩 1층",37.5502759,126.9112289
"드론파크","드론파크","jeju","제주시","제주 제주시 조천읍 남조로 2109-36",33.4539873,126.6571421
"드르쿰다 in 성산","드르쿰다 in 성산","jeju","서귀포시","제주 서귀포시 성산읍 섭지코지로25번길 64",33.4444699,126.9191113
"드림닥터 대구점","드림닥터 대구점","daegu","중구","대구 중구 공평로 36 동성로SK리더스뷰 3층",35.8678091,128.600255
"드림닥터 인천점","드림닥터 인천점","incheon","중구","인천 중구 월미로 222",37.4563,126.7052
"드림시어터","드림시어터","seoul","종로구","서울 종로구 대학로10길 15",37.58096,127.0051932
"드림씨어터","드림씨어터","busan","남구","부산 남구 전포대로 133",35.1485546,129.0653848
"드림아트홀","드림아트홀","daejeon","중구","대전 중구 선화서로 2 B1층",36.3244289,127.4203936
"드링킹드로잉","드링킹드로잉","seoul","송파구","서울 송파구 백제고분로42길 35-1 (송파동, 명성빌딩) 1층 드링킹드로잉",37.5145,127.1066
"등잔박물관","등잔박물관","gyeonggi","용인시","경기 용인시 처인구 모현읍 능곡로56번길 8",37.3365998,127.1778086
"디거앤레이스 고양일산점","디거앤레이스 고양일산점","gyeonggi","고양시","경기 고양시 일산서구 한류월드로 300 , 1층 1248호",37.662843,126.753766
"디거앤레이스 김포라베니체점","디거앤레이스 김포라베니체점","gyeonggi","김포시","경기 김포시 태장로 802 , 1층 108호",37.6426559,126.6865685
"디뮤지엄","디뮤지엄","seoul","용산구","서울 용산구 한남동 독서당로29길 디뮤지엄",37.5371256,127.011551
"디스커버스 의왕","디스커버스 의왕","gyeonggi","의왕시","경기 의왕시 광진말로 54",37.3209324512864,126.940659669106
"디아나아트홀","디아나아트홀","gyeonggi","용인시","경기 용인시 처인구 남사읍 천덕산로111번길 16",37.1155207567955,127.11963070394
"디아쿠아","디아쿠아","gyeonggi","화성시","경기 화성시 동탄역로 160",37.20067263163881,127.09791926556511
"디얼댄스","디얼댄스","seoul","마포구","서울 마포구 독막로19길 19 (상수동, 서궁빌딩) 4층 디얼댄스",37.5665,126.9018
"디자인독","디자인독","seoul","강남구","서울 강남구 논현로113길 30 1층",37.5080975,127.0308423
"디자인씽킹뮤지엄","디자인씽킹뮤지엄","gangwon","강릉시","강원 강릉시 구정면 정등로 130 디자인씽킹뮤지엄",37.7292692,128.8741232
"디큐브 링크아트센터","디큐브 링크아트센터","seoul","구로구","서울 구로구 경인로 662",37.5091267288182,126.889588489589
"딜라이트 담양","딜라이트 담양","jeonnam","담양군","전남 담양군 월산면 화방송정길 21-14 딜라이트 담양",35.3369845,126.9552906
"딜리센트 향수&캔들공방","딜리센트 향수&캔들공방","seoul","중구","서울 중구 청계천로 208-1 301호",37.5691502,127.0008434
"땅끝해양사자연박물관","땅끝해양사자연박물관","jeonnam","해남군","전남 해남군 송지면 땅끝마을길 89",34.3012907,126.5296515
"떼아뜨르 다락소극장","떼아뜨르 다락소극장","incheon","중구","인천 중구 신포로27번길 3",37.4728051,126.6225699
"또봇정크아트","또봇정크아트","gyeongbuk","경주시","경북 경주시 경감로 614",35.8315686,129.2905647
"뚝섬미술관","뚝섬미술관","seoul","성동구","서울 성동구 성수1가2동 아차산로 뚝섬미술관",37.5471232,127.0484409
"뚝섬전망복합문화시설 한강이야기전시관","뚝섬전망복합문화시설 한강이야기전시관","seoul","광진구","서울 광진구 강변북로 2202 뚝섬전망복합문화시설",37.5299565,127.065368
"뚝섬한강공원","뚝섬한강공원","seoul","광진구","서울 광진구 자양동 704-1",37.5294517,127.0706769
"뜻밖의극장","뜻밖의극장","seoul","성북구","서울 성북구 동소문로20나길 27",37.5925012614127,127.018157474027
"라무통","라무통","gyeonggi","용인시","경기 용인시 수지구 신봉1로 421-3 라무통",37.3335774,127.0439486
"라뮤제 베이크하우스","라뮤제 베이크하우스","gyeonggi","수원시","경기 수원시 영통구 권선로882번길 43-33 (신동)",,
"라엘나스튜디오#사무실이 2개라서 필히!!! 수업전 주소확인 채팅문자 확인부탁드립니다.","라엘나스튜디오#사무실이 2개라서 필히!!! 수업전 주소확인 채팅문자 확인부탁드립니다.","","영등포구","정보 없음",37.5264,126.8962
"라오크리저브","라오크리저브","seoul","송파구","서울 송파구 오금로16길 16 (송파동) 지하1층 라오크리저브",37.5145,127.1066
"라온씨어터","라온씨어터","seoul","종로구","서울 종로구 대학로10길 12 3층",37.573,126.9794
"라온아트홀","라온아트홀","seoul","종로구","서울 종로구 대학로10길 11",37.5818528899711,127.002803161755
"라운지 아비브","라운지 아비브","seoul","관악구","서울 관악구 남부순환로 1889 8층",37.4788915,126.959603
"라움아트센터","라움아트센터","seoul","강남구","서울 강남구 역삼1동 압구정동 언주로 스포월드.라움아트센터",37.5079882,127.0388431
"라움아트센터 4층 체임버홀","라움아트센터 4층 체임버홀","seoul","강남구","서울 강남구 언주로 564",37.5084489,127.0399002
"라율아트홀","라율아트홀","seoul","서초구","서울 서초구 반포대로 20",37.48242676621058,127.01261558401937
"라이브홀 락왕","라이브홀 락왕","daegu","중구","대구 중구 명덕로 111",35.8568804,128.5824119
"라이브홀 문래재즈IN","라이브홀 문래재즈IN","seoul","영등포구","서울 영등포구 도림로 475 지하공연장",37.516139,126.8906685
"라이크디즈1601","라이크디즈1601","seoul","중구","서울 중구 서소문로 116 , 유원빌딩 1601호",37.5637,126.9975
"라이크디즈위드 교동점","라이크디즈위드 교동점","daegu","중구","대구 중구 동성로 63 3층",35.8724897,128.5955606
"라이트룸 울산","라이트룸 울산","ulsan","중구","울산 중구 백양로 62",35.5738288,129.3125922
"라콤카페","라콤카페","seoul","서초구","서울 서초구 방배중앙로25길 19 (방배동) 1층 라콤카페",37.4837,127.0324
"라풀 어드벤처 워터파크","라풀 어드벤처 워터파크","jeonnam","신안군","전남 신안군 자은면 자은서부1길 163-101 라마다프라자호텔&씨원리조트 자은도",34.8502613,126.0406426
"람사르 고양장항습지센터","람사르 고양장항습지센터","gyeonggi","고양시","경기 고양시 일산동구 장대들길 401 람사르 고양 장항습지생태관",37.6417937,126.7555285
"랑쌤드럼","랑쌤드럼","incheon","미추홀구","경기 고양시 일산동구 율천로8번길 8-6 (마두동)",37.6653,126.7843
"래미안갤러리","래미안갤러리","seoul","송파구","서울 송파구 충민로 17 래미안갤러리",37.4791473,127.1202344
"런닝맨 제주점","런닝맨 제주점","jeju","서귀포시","제주 서귀포시 중문관광로 42",33.254806,126.40893
"런던스테이지","런던스테이지","seoul","종로구","서울 종로구 인사동길 34-1 지하2층 엠스테이지",37.5738627,126.9856312
"레노부르크뮤지엄","레노부르크뮤지엄","gyeonggi","부천시","경기 부천시 오정구 신흥로511번길 180",37.52473,126.79332
"레온갤러리 구의 플레이스라운드","레온갤러리 구의 플레이스라운드","seoul","광진구","서울 광진구 자양로18길 25",37.5378979244162,127.084868035145
"레이저레나엑스 제주점","레이저레나엑스 제주점","jeju","서귀포시","제주 서귀포시 소보리당로164번길 62 중문랜드 1층",33.254,126.412
"레이저아레나 송도점","레이저아레나 송도점","busan","서구","부산 서구 송도해변로 171 송도해상케이블카 2층",35.0766432,129.0233986
"레이저태그스포츠","레이저태그스포츠","seoul","강남구","서울 강남구 영동대로 325 STOWER 지하 3층",37.5033344,127.0655457
"레일바이크","레일바이크","gyeonggi","의왕시","경기 의왕시 왕송못동로 221",37.3095191,126.9507875
"레코드블루","레코드블루","seoul","영등포구","서울 영등포구 도림로128가길 13-6 (문래동3가) 3층 레코드블루",37.5264,126.8962
"로데아트센터 콘서트홀","로데아트센터 콘서트홀","seoul","서초구","서울 서초구 남부순환로317길 79",37.48312256754484,127.01032275948045
"로릭","로릭","seoul","송파구","서울 송파구 송파대로44길 3 (송파동) 1층 로릭",37.5145,127.1066
"로봇랜드","로봇랜드","gyeongnam","창원시","경남 창원시 마산합포구 구산면 로봇랜드로 250",35.0768502,128.5870504
"로봇랜드 로봇지원센터","로봇랜드 로봇지원센터","incheon","서구","인천 서구 로봇랜드로 155-11 로봇타워 1층",37.5197428,126.61095
"로우텐션","로우텐션","seoul","서초구","서울 서초구 방배천로6길 32-10 1층",37.4788285,126.984388
"롤러스타 롤러스케이트장","롤러스타 롤러스케이트장","incheon","연수구","인천 연수구 벚꽃로 106 , 연수광장프라자 7층",37.4102,126.6782
"롤린","롤린","gyeonggi","양주시","경기 양주시 고원2나길 46 103호",37.8303032,127.0729762
"롤링홀 Rollinghall","롤링홀 Rollinghall","seoul","마포구","서울 마포구 어울마당로 35",37.5665,126.9018
"롯데몰 김포공항점 1F 전시홀","롯데몰 김포공항점 1F 전시홀","seoul","강서구","서울 강서구 하늘길 77",37.5509,126.8497
"롯데뮤지엄","롯데뮤지엄","seoul","송파구","서울 송파구 올림픽로 300",37.5126405126229,127.102562422407
"롯데월드","롯데월드","seoul","송파구","서울 송파구 올림픽로 240",37.511088,127.0982822
"롯데월드 민속박물관","롯데월드 민속박물관","seoul","송파구","서울 송파구 올림픽로 240 롯데월드",37.5113,127.0982
"롯데월드 아이스링크","롯데월드 아이스링크","seoul","송파구","서울 송파구 잠실3동 매직아일랜드 연결다리 롯데월드 아이스링크",37.5112951,127.0986709
"롯데월드 아쿠아리움","롯데월드 아쿠아리움","seoul","송파구","서울 송파구 잠실6동 신천동 잠실로 롯데월드 아쿠아리움",37.5136468,127.1051485
"롯데월드 어드벤처 부산","롯데월드 어드벤처 부산","busan","기장군","부산 기장군 기장읍 동부산관광로 42",35.1968369,129.2130858
"롯데월드 어드벤처 잠실","롯데월드 어드벤처 잠실","seoul","송파구","서울 송파구 잠실3동 매직아일랜드 연결다리 롯데월드 어드벤처",37.5110774,127.0981905
"롯데중앙연구소","롯데중앙연구소","seoul","강서구","서울 강서구 마곡중앙로 201 롯데중앙연구소 1층",37.5714144,126.8277334
"롯데칠성 강릉공장","롯데칠성 강릉공장","gangwon","강릉시","강원 강릉시 관솔길 7",37.7414013,128.8710375
"롯데콘서트홀","롯데콘서트홀","seoul","송파구","서울 송파구 잠실6동 신천동 올림픽로 롯데콘서트홀",37.5135349,127.1036896
"롯데프리미엄 아울렛 놀이동산 키즈파크","롯데프리미엄 아울렛 놀이동산 키즈파크","gyeonggi","광명시","경기 광명시 일직로 17 롯데몰 광명점",37.4239431,126.8844946
"루미나아트홀","루미나아트홀","seoul","종로구","서울 종로구 대학로8가길 52",37.5829809374055,127.002649231615
"루시타로&사주","루시타로&사주","seoul","성북구","서울 성북구 지봉로20길 65 1층 루시타로&사주",37.5820985,127.0194686
"루아르 망원","루아르 망원","seoul","마포구","서울 마포구 월드컵로11길 7 (망원동) 1층 루아르 망원",37.5665,126.9018
"루카스스튜디오","루카스스튜디오","","마포구","정보 없음",37.5665,126.9018
"루프캣미 명동점","루프캣미 명동점","seoul","중구","서울 중구 명동8가길 27",37.5620005331664,126.986564013943
"루프캣미 홍대점","루프캣미 홍대점","seoul","마포구","서울 마포구 양화로 140",37.5551019080658,126.922123513945
"루프탑지니","루프탑지니","seoul","마포구","서울 마포구 월드컵북로4길 23-5 3층,4층",37.5575629,126.9206921
"룰루스튜디오","룰루스튜디오","seoul","서초구","서울 서초구 남부순환로350길 21 (양재동, 유진빌딩) 2층 룰루스튜디오",37.4837,127.0324
"르라보","르라보","seoul","은평구","서울 은평구 연서로23길 7-6 1층 르라보헤어",37.615384,126.9169835
"리더플렉스 스카이 601호","리더플렉스 스카이 601호","gyeonggi","고양시","경기 고양시 덕양구 지정로 15 (지축동, 리더플렉스 스카이) 리더플렉스 스카이 601호 (지축역 도보 5분거리)",37.6584,126.832
"리빙파워센터 4F","리빙파워센터 4F","gyeonggi","용인시","경기 용인시 기흥구 신고매로 59",37.2234151888838,127.114248153439
"리솔브뷰티왁싱 강남논현점","리솔브뷰티왁싱 강남논현점","seoul","서초구","서울 서초구 신반포로43길 23-14 401호",37.5111511,127.0168617
"리얼샷","리얼샷","seoul","종로구","서울 종로구 종로12길 10",37.5696597893519,126.985619725035
"리얼샷 사격양궁장 혜화점","리얼샷 사격양궁장 혜화점","seoul","종로구","서울 종로구 대학로12길 13",37.5827106455245,127.002359392618
"리얼샷사격양궁장","리얼샷사격양궁장","seoul","마포구","서울 마포구 어울마당로 74",37.5515282149621,126.92161571581
"리오베플라워 스쿨","리오베플라워 스쿨","seoul","서초구","서울 서초구 사평대로55길 29",37.4837,127.0324
"리즈스튜디오","리즈스튜디오","seoul","마포구","서울 마포구 월드컵북로1길 52 (서교동, 운복빌딩) 지하 1층 리즈스튜디오",37.5665,126.9018
"리지케이크","리지케이크","gyeonggi","안양시","경기 안양시 동안구 동편로184번길 19-6 1층 리지케이크",37.4057413,126.9690607
"리춘시장 신촌점","리춘시장 신촌점","seoul","서대문구","서울 서대문구 연세로9길 10-4 1층 리춘시장",37.5586663,126.9364152
"리츠다이너","리츠다이너","gyeonggi","성남시","경기 성남시 분당구 정자일로 146 엠코헤리츠 1단지 1층 A111호 리츠다이너",37.3632262,127.1061395
"링크아트센터 벅스홀","링크아트센터 벅스홀","seoul","종로구","서울 종로구 대학로14길 29 링크아트센터",37.573,126.9794
"링크아트센터 페이코홀","링크아트센터 페이코홀","seoul","종로구","서울 종로구 대학로14길 29",37.5846892281094,127.002296053199
"링크아트센터드림","링크아트센터드림","seoul","종로구","서울 종로구 동숭길 123",37.5832872589862,127.003292306454
"마곡안전체험관","마곡안전체험관","seoul","강서구","서울 강서구 마곡중앙로 13",37.555281,126.8250349
"마구로선수","마구로선수","gyeonggi","안양시","경기 안양시 동안구 부림로 121 동아프라자 2층 205호",37.3941457,126.9644677
"마라도 정기여객선","마라도 정기여객선","jeju","서귀포시","제주 서귀포시 대정읍 최남단해안로 120",33.2100651,126.2583796
"마루아트홀","마루아트홀","seoul","종로구","서울 종로구 대학로8가길 30",37.582299788139,127.002567693402
"마리에 플라워 스튜디오","마리에 플라워 스튜디오","seoul","강남구","서울 강남구 언주로134길 31",37.5197,127.0345
"마앤드맨즈헤어","마앤드맨즈헤어","gyeonggi","안양시","경기 안양시 동안구 경수대로 596 2층",37.3757801,126.9568408
"마음수련 미아 명상센터","마음수련 미아 명상센터","seoul","도봉구","서울 도봉구 우이천로 302 덕후빌딩 1층",37.6446728,127.0290662
"마이아트뮤지엄","마이아트뮤지엄","seoul","강남구","서울 강남구 테헤란로 518",37.507587841577454,127.06057692858644
"마이아트뮤지엄 원그로브점","마이아트뮤지엄 원그로브점","seoul","강서구","서울 강서구 공항대로 165",37.5612857889565,126.82428132653702
"마포구립서강도서관","마포구립서강도서관","seoul","마포구","서울 마포구 독막로 165 서강동주민센터",37.5476988,126.9318706
"마포아트센터","마포아트센터","seoul","마포구","서울 마포구 대흥로20길 28 마포아트센터",37.5498966,126.9455361
"만물낚시철물전기","만물낚시철물전기","seoul","중랑구","서울 중랑구 봉화산로 2",37.6013822,127.074596
"맛있는극장","맛있는극장","seoul","종로구","서울 종로구 혜화로 4",37.5861993123491,127.000760837731
"망원한강공원","망원한강공원","seoul","마포구","서울 마포구 마포나루길 467 한강공원망원지구사무소",37.5553018,126.8952798
"매직라이브펍","매직라이브펍","seoul","종로구","서울 종로구 창경궁로26길 41-3 , 지하 1층",37.573,126.9794
"매직앤조이","매직앤조이","gyeonggi","수원시","경기 수원시 영통구 광교중앙로 124 갤러리아백화점 10층",37.2855216,127.0574787
"매직플로우 원더빌리지","매직플로우 원더빌리지","gyeonggi","고양시","경기 고양시 덕양구 고양대로 1955 3층 매직플로우",37.6469771187284,126.89477806511
"매직플로우 원더파크","매직플로우 원더파크","gyeonggi","고양시","경기 고양시 덕양구 고양대로 1955 1층",37.6469771187284,126.89477806511
"매키탄 호텔 (The McKithan Hotel)","매키탄 호텔 (The McKithan Hotel)","seoul","중구","서울 중구 퇴계로 212",37.5610830906596,126.995355015521
"매향리평화기념관","매향리평화기념관","gyeonggi","화성시","경기 화성시 우정읍 고온리안길 24-46 매향리평화기념관",37.0446425,126.7533145
"머루와인동굴","머루와인동굴","jeonbuk","무주군","전북 무주군 적상면 산성로 359",35.9648263,127.697625
"머맨스쿠버","머맨스쿠버","seoul","강남구","서울 강남구 논현로26길 30-8",37.4827352,127.0450733
"메가MGC커피 대야미역점","메가MGC커피 대야미역점","gyeonggi","군포시","경기 군포시 대야1로11번길 1 1층 101, 102호",37.3268022,126.9183097
"메가MGC커피 홍대패션거리점","메가MGC커피 홍대패션거리점","seoul","마포구","서울 마포구 와우산로23길 38 1층",37.5544414,126.923625
"메르헨유리공방 스테인드글라스 유리공예","메르헨유리공방 스테인드글라스 유리공예","gyeonggi","부천시","경기 부천시 소사구 소사로202번길 24",37.4762512,126.7968499
"메쎄이상","메쎄이상","seoul","마포구","서울 마포구 월드컵북로58길 9",37.5820411,126.887077
"메이즈랜드","메이즈랜드","jeju","제주시","제주 제주시 구좌읍 비자림로 2134-47 메이즈랜드",33.4879942,126.801012
"메이크사인","메이크사인","gyeonggi","성남시","경기 성남시 수정구 복정로20번길 22 103호",37.4552764,127.1295669
"메트로디오빌","메트로디오빌","seoul","마포구","서울 마포구 신공덕동 백범로 199",37.5434332,126.9529759
"멜리센트 조향향수공방 부케말리기 선물","멜리센트 조향향수공방 부케말리기 선물","seoul","마포구","서울 마포구 독막로18길 31 2층",37.5464402,126.9232195
"명동 난타극장","명동 난타극장","seoul","중구","서울 중구 명동길 26 , 유네스코회관 3층",37.5637,126.9975
"명동난타극장","명동난타극장","seoul","중구","서울 중구 명동 명동1가 명동길 명동난타극장",37.5635792,126.9836608
"명동대성당 내 파밀리아 채플","명동대성당 내 파밀리아 채플","seoul","중구","서울 중구 명동길 74",37.5637,126.9975
"명동성당 천주교서울대교구역사관","명동성당 천주교서울대교구역사관","seoul","중구","서울 중구 명동길 74",37.5634247,126.9872302
"명륜아트홀","명륜아트홀","seoul","종로구","서울 종로구 성균관로 48",37.5868047368621,126.996734711625
"명보아트홀 가온홀","명보아트홀 가온홀","seoul","중구","서울 중구 마른내로 47 , 명보아트홀 지하 3층",37.5637,126.9975
"명보아트홀 지하3층 점프 전용극장","명보아트홀 지하3층 점프 전용극장","seoul","중구","서울 중구 마른내로 47 명보극장",37.5637,126.9975
"명우돈가","명우돈가","seoul","강남구","서울 강남구 삼성로96길 6 1층 명우돈가",37.5084546,127.0566823
"명원박물관","명원박물관","seoul","성북구","서울 성북구 정릉로9길 68 명원박물관 해옹헌 1층",37.6109469,127.0001803
"명인대동양평해장국 강동점","명인대동양평해장국 강동점","seoul","강동구","서울 강동구 성안로 172 102동 101,102,103호",37.5382546,127.1359815
"명화 라이브홀 5층 라운지","명화 라이브홀 5층 라운지","seoul","영등포구","서울 영등포구 버드나루로 30",37.5264,126.8962
"명화라이브홀","명화라이브홀","seoul","영등포구","서울 영등포구 버드나루로 30",37.5216013765703,126.912475087298
"모노포레스트","모노포레스트","seoul","관악구","서울 관악구 봉천로49길 12 (봉천동) 지하1층, 모노포레스트",37.4784,126.9516
"모닝스키 렌탈샵","모닝스키 렌탈샵","gyeonggi","광주시","경기 광주시 도척면 도척윗로 278",37.3375588747099,127.296189047378
"모두누림센터 누림아트홀","모두누림센터 누림아트홀","gyeonggi","화성시","경기 화성시 남양읍 시청로 155 화성서부복합문화센터",37.1989797,126.828449
"모두의요리아카데미","모두의요리아카데미","","수원시","정보 없음",37.2636,127.0286
"모두투어","모두투어","seoul","영등포구","서울 영등포구 선유로 138 지하1층",37.5260659,126.891572
"모락모락","모락모락","gyeonggi","부천시","경기 부천시 원미구 부일로275번길 37 101호(상동, 영백주택)",37.4899402,126.7606497
"모몽","모몽","seoul","은평구","서울 은평구 진흥로 37-6 지하",37.6013951,126.9196455
"모빌리티뮤지엄","모빌리티뮤지엄","gyeonggi","용인시","경기 용인시 처인구 포곡읍 에버랜드로376번길 171",37.300359904146156,127.21693003604366
"모임공간&스터디룸 돈버는아지트 modern","모임공간&스터디룸 돈버는아지트 modern","seoul","서초구","서울 서초구 사평대로53길 137 2층 201호",37.5098766,127.0188475
"모차르트홀","모차르트홀","seoul","서초구","서울 서초구 서초3동 명달로22길 모차르트홀",37.4863893,127.0045485
"모카클래스 (서울)","모카클래스 (서울)","","","서울",,
"목동 실탄사격장","목동 실탄사격장","seoul","양천구","서울 양천구 안양천로 939",37.5169,126.866
"목동 종합사격장","목동 종합사격장","seoul","양천구","서울 양천구 안양천로 939",37.530746020650696,126.88007583510853
"목설","목설","seoul","강동구","서울 강동구 성안로7길 45 202호",37.5284081,127.1281688
"목장카페 드르쿰다","목장카페 드르쿰다","jeju","서귀포시","제주 서귀포시 표선면 번영로 2454",33.4094639,126.770373
"목장카페 밭디","목장카페 밭디","jeju","서귀포시","제주 서귀포시 표선면 번영로 2486",33.4078931,126.7729329
"목재문화자연사체험관","목재문화자연사체험관","chungnam","청양군","충남 청양군 대치면 칠갑산로 704-21",36.4389402,126.8504525
"목포 요트타볼레옹","목포 요트타볼레옹","jeonnam","목포시","전남 목포시 삼학로 88-56 해상계류장 B3 구역",34.783646,126.3899779
"목포시민문화체육센터 소공연장","목포시민문화체육센터 소공연장","jeonnam","목포시","전남 목포시 부주로 312",34.8121917,126.4380624
"목포집포차","목포집포차","seoul","용산구","서울 용산구 녹사평대로54길 23-1",37.5392182,126.988514
"몬스터리움","몬스터리움","gyeonggi","김포시","경기 김포시 대곶면 대명항1로 52 가동 1",37.65206,126.57169
"몸숨쉼정원","몸숨쉼정원","gyeonggi","수원시","경기 수원시 영통구 광교중앙로248번길 7-2 원희캐슬광교 C동 214호",37.2910333,127.0666707
"무계원","무계원","seoul","종로구","서울 종로구 창의문로5가길 2",37.5917924,126.9634505
"무인애견셀프목욕 더빛나개","무인애견셀프목욕 더빛나개","gyeonggi","고양시","경기 고양시 덕양구 도래울안길 33 101호",37.6304021,126.8739559
"무지개요트","무지개요트","jeju","제주시","제주 제주시 도두항길 28-12",33.508336,126.46627
"무하아트센터","무하아트센터","seoul","종로구","서울 종로구 이화장길 72",37.5784939268852,127.004641537514
"문경오미자테마공원","문경오미자테마공원","gyeongbuk","문경시","경북 문경시 문경읍 새재로 715 문경오미자테마공원",36.7432735,128.0824663
"문경자연생태박물관","문경자연생태박물관","gyeongbuk","문경시","경북 문경시 문경읍 새재1길 45",36.7542025,128.0765
"문경투어패스","문경투어패스","","","정보 없음",,
"문화공간 아이원","문화공간 아이원","seoul","금천구","서울 금천구 시흥대로 167 2층",37.4488332,126.902392
"문화빌딩","문화빌딩","incheon","계양구","인천 계양구 계양문화로 7 문화빌딩 2층 심장박물관",37.5315074,126.7358457
"문화역서울284","문화역서울284","seoul","중구","서울 중구 통일로 1 문화역서울284",37.5558207,126.9715927
"문화예술전용극장 CT","문화예술전용극장 CT","daegu","중구","대구 중구 중앙대로 394 제일빌딩 B1",35.8683197,128.594002
"뮤씨엄 대구점","뮤씨엄 대구점","daegu","중구","대구 중구 동성로6길 61 스파크랜드 3층 뮤씨엄 대구점",35.8687083,128.5987415
"뮤즈포터리","뮤즈포터리","","마포구","정보 없음",37.5665,126.9018
"뮤지엄원","뮤지엄원","busan","해운대구","부산 해운대구 센텀서로 20 뮤지엄 원",35.1713724,129.1290332
"뮤지엄헤이","뮤지엄헤이","gyeonggi","파주시","경기 파주시 탄현면 평화로 885-43",37.7828512,126.6902978
"뮤지컬식당 스마일떡볶이","뮤지컬식당 스마일떡볶이","daejeon","중구","대전 중구 중앙로130번길 35 5층 스마일떡볶이",36.3266235,127.4251507
"뮤지컬펍 스폿라이트","뮤지컬펍 스폿라이트","seoul","종로구","서울 종로구 대명1길 7",37.5831296267381,127.00100874789
"뮤지컬펍 커튼콜","뮤지컬펍 커튼콜","seoul","종로구","서울 종로구 대학로12길 22",37.5824907861105,127.003095278525
"뮤티드메이크업","뮤티드메이크업","seoul","강남구","서울 강남구 선릉로148길 15 (청담동)",,
"미도도자기공방","미도도자기공방","gyeonggi","수원시","경기 수원시 장안구 수원천로392번길 11-11",37.2888987000578,127.018751879525
"미래아트홀","미래아트홀","seoul","종로구","서울 종로구 창경궁로35길 26",37.5869453179142,127.002117233268
"미리내 마술극단 송도점","미리내 마술극단 송도점","incheon","연수구","인천 연수구 송도과학로16번길 33-4 D동 3층",37.4102,126.6782
"미림아트","미림아트","seoul","종로구","서울 종로구 인사동길 11-1 미림아트센터 1층",37.5718739,126.986718
"미마지아트센터 물빛극장","미마지아트센터 물빛극장","seoul","종로구","서울 종로구 대학로8가길 129",37.5802707255611,127.003527652339
"미분당 홍대점","미분당 홍대점","seoul","마포구","서울 마포구 서강로9길 59",37.5544293,126.9304001
"미술공방 감정선 성수점","미술공방 감정선 성수점","seoul","성동구","서울 성동구 상원길 44-1 (성수동1가) 2층 미술공방 감정선 성수점",37.5633,127.0371
"미술교습소","미술교습소","seoul","마포구","서울 마포구 월드컵로3길 31-8 ...",37.5665,126.9018
"미술교습소(남자식탁 건물3층)","미술교습소(남자식탁 건물3층)","seoul","마포구","서울 마포구 월드컵로3길 31-8 (합정동)",,
"미학빌딩","미학빌딩","seoul","강남구","서울 강남구 강남대로152길 17 (신사동) 미학빌딩 3층 302호",37.5172,127.0473
"미호박물관","미호박물관","gyeonggi","남양주시","경기 남양주시 고산로126번길 15-2 미호박물관",37.5927008,127.1806028
"민림이네 베이킹","민림이네 베이킹","gyeonggi","수원시","경기 수원시 팔달구 화서문로32번길 25-6 (신풍동)",,
"민화박물관","민화박물관","daegu","강진군","전남 강진군 대구면 청자촌길 61-5",34.5086753,126.8041628
"밀양 트윈터널","밀양 트윈터널","gyeongnam","밀양시","경남 밀양시 삼랑진읍 삼랑진로 537-11",35.4084023,128.8034362
"밀양시립박물관","밀양시립박물관","gyeongnam","밀양시","경남 밀양시 밀양대공원로 100 밀양시립박물관,독립운동기념관",35.5033313,128.7591808
"밀양아리랑아트센터 소공연장","밀양아리랑아트센터 소공연장","gyeongnam","밀양시","경남 밀양시 밀양대공원로 112",35.5043359,128.7584718
"밀양한천","밀양한천","gyeongnam","밀양시","경남 밀양시 산내면 봉의로 58-31 밀양한천 테마파크",35.5909996,128.8802454
"바닐라크레뮤","바닐라크레뮤","gyeonggi","광명시","경기 광명시 신기로 15 201호",37.4204507,126.8829543
"바인","바인","seoul","용산구","서울 용산구 신흥로20길 12 지1층",37.5462877,126.9848897
"바탕골","바탕골","seoul","종로구","서울 종로구 대학로10길 5 , 5층",37.573,126.9794
"박두진문학관","박두진문학관","gyeonggi","안성시","경기 안성시 보개면 남사당로 198-11",37.0350044,127.310849
"박물관","박물관","ulsan","남구","울산 남구 두왕로 277 박물관",35.5271459,129.3086952
"박물관은살아있다","박물관은살아있다","seoul","종로구","서울 종로구 인사동길 12 대일빌딩 지하1층",37.5718987,126.9872482
"반디랜드 무주 반디별 천문과학관","반디랜드 무주 반디별 천문과학관","jeonbuk","무주군","전북 무주군 설천면 무설로 1324",36.0127207,127.7589261
"반딧불이생태관","반딧불이생태관","seoul","마포구","서울 마포구 하늘공원로 108",37.5696366,126.8794132
"반석아트홀","반석아트홀","etc","동탄1신도시","반석아트홀, 134, 노작로, 동탄1동, 동탄1신도시, 동탄1동, 화성시, 18456, 대한민국",37.2005618,127.0744899
"반얀트리 서울 오아시스 아이스링크","반얀트리 서울 오아시스 아이스링크","seoul","중구","서울 중구 장충단로 60",37.5506051,127.0029308
"반지만들기카페 건대지점","반지만들기카페 건대지점","seoul","광진구","서울 광진구 동일로20길 89",37.5400628277979,127.068528223458
"반포심산아트홀","반포심산아트홀","seoul","서초구","서울 서초구 사평대로 55",37.4990831670841,126.991608852695
"반포역","반포역","seoul","서초구","서울 서초구 신반포로 241 반포역 안 733-113호 번랩피트니스",37.5081264,127.011497
"방탈출고","방탈출고","incheon","부평구","인천 부평구 충선로203번길 16",37.5075592968255,126.73539813797
"방탈출미로","방탈출미로","seoul","은평구","서울 은평구 연서로29길 16",37.6192591720085,126.918543009124
"방탈출카페 탈출브라더스","방탈출카페 탈출브라더스","seoul","영등포구","서울 영등포구 영중로4길 25-1 4층",37.5264,126.8962
"배다리성냥마을박물관","배다리성냥마을박물관","incheon","동구","인천 동구 금곡로 19",37.4729461,126.6377266
"배화여자대학교 도서관","배화여자대학교 도서관","seoul","종로구","서울 종로구 필운대로1길 34 배화여자대학",37.5784446,126.9674786
"백남준기념관","백남준기념관","seoul","종로구","서울 종로구 종로53길 12-1",37.5730826,127.0137866
"백년불고기물갈비 마곡점","백년불고기물갈비 마곡점","seoul","강서구","서울 강서구 마곡중앙2로 35 1층108,109,110호(마곡동,이너매스마곡II)",37.5579845,126.8304232
"백암아트홀","백암아트홀","seoul","강남구","서울 강남구 삼성1동 테헤란로113길 백암아트홀",37.5103915,127.0659756
"백제군사박물관","백제군사박물관","chungnam","논산시","충남 논산시 부적면 충곡로 311-54 백제군사박물관",36.1923571,127.1814019
"백제문화체험박물관","백제문화체험박물관","chungnam","청양군","충남 청양군 대치면 장곡길 43-24 백제문화체험박물관",36.4059629,126.8457604
"백제역사문화관","백제역사문화관","chungnam","부여군","충남 부여군 규암면 백제문로 455 백제문화단지",36.3065371,126.9067627
"법원전시관","법원전시관","etc","서초구","서울특별시 서초구 서초대로 219 대법원 청사 동관 1층",37.4922388,127.0053301
"베고니아 새정원","베고니아 새정원","gyeonggi","가평군","경기 가평군 설악면 미사리로270번길 28 가",37.6575,127.5031
"베로니스","베로니스","","성북구","정보 없음",37.5891,127.0182
"베리스페이스","베리스페이스","seoul","강남구","서울 강남구 역삼동 상세주소 열기 길찾기 공유 예약 이미지수 9 베리굿스페이스자동 ...",37.49988,127.03856
"베리컴퍼니","베리컴퍼니","gyeonggi","고양특례시","경기 고양특례시 일산동구 위시티3로 52",37.6766746,126.8143075
"베스트 고양터미널","베스트 고양터미널","gyeonggi","고양시","경기 고양시 일산동구 중앙로 1036 고양터미널 진료 6층(입원실 3층)",37.6430777,126.7899459
"베이글유니버스","베이글유니버스","","","정보 없음",,
"베이지버드","베이지버드","seoul","서초구","서울 서초구 방배로42길 24 1층",37.4948281,126.989801
"베이크투데이","베이크투데이","seoul","강동구","서울 강동구 천호대로 1055 (천호동, 천호태영아파트)",,
"베짱이홀","베짱이홀","seoul","마포구","서울 마포구 독막로15길 3",37.5484791788445,126.921528378505
"벡스코","벡스코","busan","해운대구","부산 해운대구 APEC로 55",35.1690789,129.1334425
"벨 에포크","벨 에포크","seoul","강북구","서울 강북구 도봉로49길 34 1층, 벨 에포크",37.624928,127.0246769
"벨로주 홍대","벨로주 홍대","seoul","마포구","서울 마포구 잔다리로 46",37.5524309259852,126.918817238433
"벽골제농경","벽골제농경","jeonbuk","김제시","전북 김제시 부량면 벽골제로 442",35.7550258,126.8538572
"별관","별관","seoul","구로구","서울 구로구 공원로6나길 43-13 1층 강촌숯불닭갈비 별관",37.505013,126.8916881
"보광극장","보광극장","seoul","용산구","서울 용산구 장문로19길 4 지하 보광극장",37.5260984,126.9977626
"보드박스","보드박스","gyeonggi","광주시","경기 광주시 도척면 독고개길 402",37.33465793188389,127.31400639901044
"보라매안전체험관","보라매안전체험관","seoul","동작구","서울 동작구 여의대방로20나길 16",37.4927712,126.9170249
"보라앤드 연남소품샵","보라앤드 연남소품샵","seoul","마포구","서울 마포구 동교로 262-5 1층 보라앤드",37.562913,126.9255094
"보령문화의전당 대강당","보령문화의전당 대강당","chungnam","보령시","충남 보령시 대흥로 63",36.3507282,126.5903957
"보문투어 대여","보문투어 대여","gyeongbuk","경주시","경북 경주시 보문로 402-31",35.8455436,129.2814506
"보석박물관","보석박물관","jeonbuk","익산시","전북 익산시 왕궁면 호반로 8 보석박물관",35.99066,127.1025892
"보신각","보신각","seoul","종로구","서울 종로구 종로 54 보신각",37.569795,126.9835376
"보현산댐 짚와이어","보현산댐 짚와이어","gyeongbuk","영천시","경북 영천시 화북면 배나무정길 196",36.1439272,128.9645019
"복사골문화센터 아트홀","복사골문화센터 아트홀","gyeonggi","부천시","경기 부천시 원미구 장말로 107",37.4949428624938,126.754318253636
"복사골문화센터 판타지아극장","복사골문화센터 판타지아극장","gyeonggi","부천시","경기 부천시 원미구 장말로 107",37.4944672,126.7539761
"복이담 청담점","복이담 청담점","seoul","강남구","서울 강남구 도산대로81길 23 3층",37.5259136,127.0472329
"복천박물관","복천박물관","busan","동래구","부산 동래구 복천로 63",35.2078,129.0911
"본동어울마당 아트홀","본동어울마당 아트홀","seoul","동작구","서울 동작구 노량진로32길 79",37.5105545,126.9569133
"본따블르","본따블르","seoul","중랑구","서울 중랑구 동일로140길 65 1층 본따블르",37.6048914,127.0825921
"본앤뷰티","본앤뷰티","seoul","마포구","서울 마포구 신촌로4길 22-12 1층 101호 본앤뷰티",37.5572711,126.9276627
"본태박물관","본태박물관","jeju","서귀포시","제주 서귀포시 안덕면 산록남로762번길 69 본태박물관",33.3038491,126.3921862
"볼베어파크 부천점","볼베어파크 부천점","gyeonggi","부천시","경기 부천시 원미구 조마루로 2",37.4999706745475,126.744227787242
"볼베어파크 은평점","볼베어파크 은평점","seoul","은평구","서울 은평구 진관동 통일로 1050 볼베어파크 은평점",37.6381563,126.9180204
"볼베어파크 천안점","볼베어파크 천안점","chungnam","천안시","충남 천안시 동남구 옛시청길 29 힐스테이트 천안 1층",36.807527,127.1505392
"봄날 아트홀","봄날 아트홀","seoul","종로구","서울 종로구 동숭길 39 , 지하 2층 봄날 아트홀",37.573,126.9794
"봄날아트홀","봄날아트홀","seoul","종로구","서울 종로구 동숭길 39",37.579996799713,127.004247658243
"봉수산 수목원 곤충생태관","봉수산 수목원 곤충생태관","chungnam","예산군","충남 예산군 대흥면 임존성길 110-16",36.6012063,126.7811188
"봉이밥 올림픽공원점","봉이밥 올림픽공원점","seoul","강동구","서울 강동구 성안로 15 1층",37.5253369,127.1293561
"부산 기장체육관","부산 기장체육관","busan","기장군","부산 기장군 기장읍 기장대로 650 기장체육관",35.2521603,129.2233568
"부산 동래문화회관","부산 동래문화회관","busan","동래구","부산 동래구 문화로 80 동래문화회관",35.2119289,129.0905606
"부산 부산진구 가야대로 754 (부전동, 한솔폴라리스)","부산 부산진구 가야대로 754 (부전동, 한솔폴라리스)","","부산진구","부산 부산진구 가야대로 754 (부전동, 한솔폴라리스)",35.1571237,129.0538825
"부산 센텀 스파랜드","부산 센텀 스파랜드","busan","해운대구","부산 해운대구 센텀남대로 35 신세계백화점센텀시티점",35.1683869,129.129033
"부산 시티투어버스X뮤지엄원","부산 시티투어버스X뮤지엄원","","","정보 없음",,
"부산 씨앤요트","부산 씨앤요트","busan","해운대구","부산 해운대구 해운대해변로 84 2-05B",35.1585583,129.141146
"부산 엑스더스카이","부산 엑스더스카이","busan","해운대구","부산 해운대구 달맞이길 30",35.1599502,129.1697687
"부산 영도 피아크 전시장 2F","부산 영도 피아크 전시장 2F","busan","영도구","부산 영도구 해양로195번길 180 피아크",35.0863305,129.0767636
"부산 요트투어 아이러브유요트","부산 요트투어 아이러브유요트","busan","해운대구","부산 해운대구 해운대해변로 84",35.1594861,129.1390394
"부산 요트투어 요트다","부산 요트투어 요트다","gyeonggi","해운대구","부산 해운대구 해운대해변로 84 요트경기장 내 8번계류장",35.1610783,129.1391807
"부산 요트투어 이디엠","부산 요트투어 이디엠","busan","해운대구","부산 해운대구 해운대해변로 84 4-17b",35.1594827,129.1409269
"부산 중구 대청로 112","부산 중구 대청로 112","busan","중구","부산 중구 대청로 112 부산근현대역사관 본관",35.1025716,129.0321476
"부산 해바라기","부산 해바라기","busan","남구","부산 남구 용소로13번길 30 대명빌딩 부산 해바라기소극장",35.1367693,129.1022654
"부산강서체육관","부산강서체육관","busan","강서구","부산 강서구 대저1동 1-1",35.2109777,128.9722092
"부산광역시어린이창의교육관","부산광역시어린이창의교육관","busan","부산진구","부산 부산진구 성지곡로33번길 29-28",35.185668,129.0457959
"부산문화회관","부산문화회관","busan","남구","부산 남구 유엔평화로76번길 1 부산문화회관",35.1269634,129.0944004
"부산사직종합운동장사직야구장","부산사직종합운동장사직야구장","busan","동래구","부산 동래구 사직로 55-32",35.1931684,129.0615852
"부산시 동구 중앙대로260번길 11","부산시 동구 중앙대로260번길 11","busan","동구","부산 동구 중앙대로260번길 11 부산과학체험관",35.1202723,129.0441329
"부산시 동래구 우장춘로 117","부산시 동래구 우장춘로 117","busan","동래구","부산 동래구 우장춘로 117",35.2180449,129.0738835
"부산시민회관","부산시민회관","busan","동구","부산 동구 자성로133번길 16 부산시민회관",35.1389639,129.0654511
"부산시티투어버스","부산시티투어버스","busan","동구","부산 동구 중앙대로 192 한국교직원공제회 부산회관",35.1143835,129.0396874
"부산영화체험박물관","부산영화체험박물관","busan","중구","부산 중구 대청로126번길 12 부산영화체험박물관",35.1017105,129.0335935
"부산요트 사랑해프로포즈","부산요트 사랑해프로포즈","busan","해운대구","부산 해운대구 해운대해변로 84 4-17b",35.1594827,129.1409269
"부산요트 카카오","부산요트 카카오","busan","해운대구","부산 해운대구 해운대해변로 84 8-17B, 8-19A호",35.1598017,129.1419576
"부산요트블랑","부산요트블랑","busan","해운대구","부산 해운대구 해운대해변로 84 1번계류장",35.1598019,129.1419576
"부산요트투어 고고요트","부산요트투어 고고요트","busan","해운대구","부산 해운대구 해운대해변로 84 1번 계류장 1-2B",35.1586934,129.1420214
"부산요트투어 더베이","부산요트투어 더베이","busan","수영구","부산 수영구 수영로554번길 11",35.1550198,129.1132749
"부산요트투어 더요트","부산요트투어 더요트","gyeonggi","해운대구","부산 해운대구 해운대해변로 84 수영만요트경기장 본관 1층 107호",35.1604553,129.1411798
"부산요트투어 요트레시피","부산요트투어 요트레시피","busan","해운대구","부산 해운대구 해운대해변로 84 4-17b",35.1594827,129.1409269
"부산요트투어 요트와","부산요트투어 요트와","busan","해운대구","부산 해운대구 우동",35.1581445,129.1583542
"부산요트투어 요트하이","부산요트투어 요트하이","gyeonggi","해운대구","부산 해운대구 해운대해변로 84 수영만요트경기장 1-04b/1-06a",35.1605738,129.1411637
"부산요트투어 위드요트","부산요트투어 위드요트","busan","해운대구","부산 해운대구 해운대해변로 84 8-06B",35.1598019,129.1419576
"부산요트투어 준","부산요트투어 준","busan","해운대구","부산 해운대구 해운대해변로 84",35.1612403,129.137709
"부산콘서트홀","부산콘서트홀","busan","부산진구","부산 부산진구 동평로 250",35.1692393,129.0542716
"부산타워","부산타워","busan","중구","부산 중구 용두산길 37-30",35.101077,129.0323422
"부산투어패스","부산투어패스","busan","해운대구","부산 해운대구 센텀동로 99 1408호",35.1761561,129.1258461
"부산항 힐링 야영장","부산항 힐링 야영장","busan","동구","부산 동구 초량동 1185-1",35.1117383,129.0503975
"부산해양자연사박물관","부산해양자연사박물관","busan","동래구","부산 동래구 우장춘로 175",35.2218081163841,129.075839921274
"부산현대미술관","부산현대미술관","busan","사하구","부산 사하구 낙동남로 1191 부산현대미술관",35.1094798,128.9427382
"부안누에타운","부안누에타운","jeonbuk","부안군","전북 부안군 변산면 참뽕로 434-20",35.6319291,126.5130021
"부천닥터스치과의원","부천닥터스치과의원","gyeonggi","부천시","경기 부천시 원미구 신흥로 223 101동 5층",37.5037062,126.7751196
"부천마술극장","부천마술극장","gyeonggi","부천시","경기 부천시 원미구 송내대로265번길 67 , 7층 (월드컵타운)",37.5072794,126.7549304
"부천소극장","부천소극장","gyeonggi","부천시","경기 부천시 원미구 송내대로 239",37.5046482422436,126.756379866921
"부천시민회관","부천시민회관","gyeonggi","부천시","경기 부천시 원미구 부일로 365",37.4884014589488,126.770391362396
"부천시춘의동체육공원 부천활박물관","부천시춘의동체육공원 부천활박물관","gyeonggi","부천시","경기 부천시 원미구 소사로 482 부천종합운동장 잔디광장",37.5041609,126.7982287
"부천아트센터 소공연장","부천아트센터 소공연장","gyeonggi","부천시","경기 부천시 원미구 소향로 165 부천아트센터",37.5034,126.766
"부천아트센터 콘서트홀","부천아트센터 콘서트홀","gyeonggi","부천시","경기 부천시 원미구 소향로 165 부천아트센터",37.5022385225392,126.766514925493
"부평 엔터파크 게임장","부평 엔터파크 게임장","incheon","부평구","인천 부평구 부평문화로80번길 16 스타빠루뚜빌딩 2층",37.49362317654,126.724583972505
"부평구 민방위교육장(안전체험관)","부평구 민방위교육장(안전체험관)","incheon","부평구","인천 부평구 굴포로 110",37.5108813,126.7333041
"부평아트센터 달누리 극장","부평아트센터 달누리 극장","incheon","부평구","인천 부평구 아트센터로 166",37.4823485,126.7047681
"부평아트센터 해누리 극장","부평아트센터 해누리 극장","incheon","부평구","인천 부평구 아트센터로 166",37.482087206347856,126.7046841754447
"부평역사박물관","부평역사박물관","incheon","부평구","인천 부평구 굴포로 151",37.5121372,126.737824
"북극곰소극장","북극곰소극장","seoul","종로구","서울 종로구 이화장1길 24",37.5773874578338,127.005737308302
"북서울꿈의숲아트센터","북서울꿈의숲아트센터","seoul","강북구","서울 강북구 월계로 173",37.6214823,127.0385372
"북촌","북촌","seoul","종로구","서울 종로구 율곡로 지하 62 , 3호선 안국역 4번 출구 앞",37.573,126.9794
"북촌 어둠속의대화","북촌 어둠속의대화","seoul","종로구","서울 종로구 북촌로 71",37.5833349800145,126.98480081078836
"북촌나래홀","북촌나래홀","seoul","종로구","서울 종로구 창덕궁길 29",37.5788394333206,126.988434593589
"북촌전통발효공방 빚담","북촌전통발효공방 빚담","seoul","종로구","서울 종로구 북촌로12길 5-12",37.5823519,126.9854683
"불국사","불국사","etc","경주시","경북 경주시 불국로 385",35.79,129.33222
"불국사 정문 앞","불국사 정문 앞","etc","경주시","경북 경주시 진현동",35.7886,129.3394
"불빛정원","불빛정원","seoul","노원구","서울 노원구 화랑로 608",37.6244509,127.0930898
"브라더순대","브라더순대","gyeonggi","오산시","경기 오산시 경기대로 289 오산대동다숲 1층 브라더순대",37.1507759,127.0733656
"브릭스씨어터","브릭스씨어터","seoul","종로구","서울 종로구 대학로8길 25",37.5809536735174,127.003702030975
"브릭캠퍼스 부산","브릭캠퍼스 부산","busan","기장군","부산 기장군 기장읍 동부산관광로 8 롯데몰 메종동부산 1층",35.1933487,129.2147936
"브이씨어터","브이씨어터","seoul","종로구","서울 종로구 혜화로 18",37.5871705849656,127.000181154195
"블렌딩바 망원","블렌딩바 망원","seoul","마포구","서울 마포구 동교로 53-1 102호",37.5532758,126.9082957
"블루기타","블루기타","seoul","영등포구","서울 영등포구 당산로30길 6 (당산동3가) 3층 블루기타",37.5264,126.8962
"블루마린 스쿠버 다이브","블루마린 스쿠버 다이브","gangwon","양양군","강원 양양군 현남면 안남애길 43",37.9452432996917,128.785831591461
"블루모어","블루모어","gyeonggi","남양주시","경기 남양주시 덕송2로10번길 3-64 1층 101호",37.666424,127.11403
"블루스퀘어","블루스퀘어","seoul","용산구","서울 용산구 한남동 삼일대로 블루스퀘어",37.5409037,127.0025813
"블루스퀘어 신한카드홀","블루스퀘어 신한카드홀","seoul","용산구","서울 용산구 이태원로 294",37.54070618075781,127.00231959701894
"블루스퀘어 우리","블루스퀘어 우리","seoul","용산구","서울 용산구 이태원로 294",37.540617,127.002273
"블루스퀘어 SOL트래블홀","블루스퀘어 SOL트래블홀","seoul","용산구","서울 용산구 이태원로 294",37.54061156903693,127.00263981122293
"블루위드포터리","블루위드포터리","gyeonggi","고양시","경기 고양시 일산동구 정발산로196번길 16-2 1층",37.6626824,126.7872689
"비라이트 캔들&향수공방","비라이트 캔들&향수공방","seoul","용산구","서울 용산구 두텁바위로 43 202호 노란색 문",37.5459097,126.9769737
"비밀의 숲 홍대점","비밀의 숲 홍대점","seoul","마포구","서울 마포구 잔다리로6길 30",37.5522160605285,126.920840923273
"비봉공룡공원","비봉공룡공원","jeonnam","보성군","전남 보성군 득량면 공룡로 822-51",34.7082489,127.1950519
"비비소반 마곡직영점","비비소반 마곡직영점","seoul","강서구","서울 강서구 마곡중앙로 59-11 엠비즈타워 107호, 비비소반",37.5588407,126.8252956
"비움공방","비움공방","gyeonggi","양주시","경기 양주시 광사로 141",37.7853267,127.0832671
"비원뮤직홀 공연장","비원뮤직홀 공연장","daegu","서구","대구 서구 달서천로 374 비원뮤직홀",35.8830133,128.5746473
"비원에프","비원에프","seoul","용산구","서울 용산구 독서당로 25 101호",37.5307433,127.0075154
"비젼아이 목공학원","비젼아이 목공학원","incheon","서구","인천 서구 청마로34번길 32-20 1,2층",37.5882912,126.6669864
"빅볼랜드","빅볼랜드","jeju","제주시","제주 제주시 구좌읍 금백조로 951 .",33.4430941,126.7756713
"빌리엔젤 당산역점","빌리엔젤 당산역점","seoul","영등포구","서울 영등포구 당산로 223 (당산동5가) 2층 빌리엔젤 당산역점 (당산역 11번 출구)",37.5264,126.8962
"빙하미술관","빙하미술관","gangwon","원주시","강원 원주시 지정면 구재로 66",37.3938565,127.7891722
"빚다 도예공방 강동점","빚다 도예공방 강동점","seoul","강동구","서울 강동구 양재대로124길 91",37.542146204427226,127.1471625491675
"빚다 도예공방 도자기만들기 / 물레체험 /","빚다 도예공방 도자기만들기 / 물레체험 /","seoul","성북구","서울 성북구 도봉로3길 9-3",37.5891,127.0182
"빛고을농촌테마공원","빛고을농촌테마공원","gwangju","남구","광주 남구 포충로 966-15",35.0837429,126.8663882
"빛고을시민문화관","빛고을시민문화관","gwangju","남구","광주 남구 천변좌로338번길 7",35.1480269,126.9087397
"빛의 벙커","빛의 벙커","jeju","서귀포시","제주 서귀포시 성산읍 서성일로1168번길 89-17 A동",33.4398657,126.8991545
"쁘띠프랑스","쁘띠프랑스","gyeonggi","가평군","경기 가평군 고성리 호반로 쁘띠프랑스",37.7150812,127.4905281
"사계솔","사계솔","seoul","강남구","서울 강남구 논현로38길 32-11 1층",37.4848823,127.044822
"사계절","사계절","gyeonggi","고양시","경기 고양시 덕양구 원흥1로 46-19 1층 105호",37.6506096,126.8708067
"사과전시관","사과전시관","gyeongnam","거창군","경남 거창군 거창읍 거함대로 3372-60",35.6740343,127.9219913
"사당 연습실 제이엔터 사당중앙점","사당 연습실 제이엔터 사당중앙점","seoul","서초구","서울 서초구 방배천로4안길 52 지하1층 제이엔터 사당중앙점",37.4804275,126.9834325
"사랑새아트홀","사랑새아트홀","gyeongnam","창원시","경남 창원시 성산구 용지로169번길 11-26 3층 사랑새아트홀",35.2297216,128.6801443
"사랑티켓 렌탈샵","사랑티켓 렌탈샵","chungnam","천안시","충남 천안시 동남구 목천읍 종합휴양지4길 2",36.7593299,127.2268437
"사려니 ATV＆승마","사려니 ATV＆승마","seoul","영등포구","서울 영등포구 문래로 180 2층 208, 209호",37.5179628,126.9020104
"사부작크래프트","사부작크래프트","seoul","마포구","서울 마포구 동교로38안길 8 (연남동) 3층 사부작크래프트",37.5665,126.9018
"사주타로상담소","사주타로상담소","","중구","정보 없음",37.5637,126.9975
"사천첨단항공우주과학관","사천첨단항공우주과학관","gyeongnam","사천시","경남 사천시 사남면 공단1로 108",35.0708748,128.0634584
"사파리테마파크","사파리테마파크","gyeonggi","파주시","경기 파주시 탄현면 헤이리마을길 93",37.7908633693109,126.696399056894
"산굼부리","산굼부리","jeju","제주시","제주 제주시 조천읍 비자림로 768",33.4342179,126.6887629
"산방산유람선","산방산유람선","jeju","서귀포시","제주 서귀포시 안덕면 화순해안로106번길 16",33.2370398,126.3352069
"산방산탄산온천","산방산탄산온천","jeju","서귀포시","제주 서귀포시 안덕면 사계북로41번길 192",33.2490187,126.2988035
"산양큰엉곶","산양큰엉곶","jeju","제주시","제주 제주시 한경면 연명로 179",33.2909312,126.2506277
"살롱쿤스트","살롱쿤스트","seoul","서초구","서울 서초구 논현로 117 B01",37.4802992,127.043322
"삼대째손두부","삼대째손두부","gyeonggi","부천시","경기 부천시 원미구 소향로 111 디아뜨갤러리 1차 A동 2층 삼대째손두부",37.5027171,126.7600728
"삼방가딸기랜드","삼방가딸기랜드","gyeonggi","고양시","경기 고양시 일산서구 덕이동 1070-18",37.69853710758503,126.73495896550777
"삼성 코엑스아쿠아리움","삼성 코엑스아쿠아리움","seoul","강남구","서울 강남구 삼성1동 삼성동 영동대로 513 코엑스 아쿠아리움 (COEX Aquarium)",37.5131846,127.0586092
"삼성교통박물관 삼성화재 모빌리티박물관","삼성교통박물관 삼성화재 모빌리티박물관","gyeonggi","용인시","경기 용인시 처인구 포곡읍 에버랜드로376번길 171 삼성화재 모빌리티뮤지엄",37.3003688,127.2169544
"삼성바로튼튼한의원","삼성바로튼튼한의원","gyeonggi","평택시","경기 평택시 고덕갈평6길 29 405호~409호, 413호~415호",37.0573027,127.0474399
"삼익빌딩","삼익빌딩","seoul","관악구","서울 관악구 관악로 128 (봉천동) 삼익빌딩 3층",37.4784,126.9516
"삼익아트홀","삼익아트홀","seoul","강남구","서울 강남구 학동로 171",37.51398780378087,127.0295332097756
"삼일로창고극장","삼일로창고극장","seoul","중구","서울 중구 삼일대로9길 12",37.5634811,126.9880165
"삼척 시민체육관","삼척 시민체육관","gangwon","삼척시","강원 삼척시 뒷나루길 153 삼척시민체육관",37.4593991,129.1737175
"삼척문화예술회관 대공연장","삼척문화예술회관 대공연장","gangwon","삼척시","강원 삼척시 엑스포로 45",37.4381821,129.1602791
"삼척어린이과학놀이체험관","삼척어린이과학놀이체험관","gangwon","삼척시","강원 삼척시 엑스포로 69 동굴신비관",37.4380635,129.1582907
"삼청각","삼청각","seoul","성북구","서울 성북구 대사관로 3",37.5972156,126.9842617
"삼청각 일화당","삼청각 일화당","seoul","성북구","서울 성북구 대사관로 3",37.59735073472928,126.98418081977508
"상가","상가","seoul","용산구","서울 용산구 서빙고로 17 (한강로3가) 상가 1층 70호",37.5323,126.9906
"상가1동","상가1동","incheon","부평구","인천 부평구 충선로 176-8 (부개동)",,
"상가동","상가동","seoul","강남구","서울 강남구 삼성로68길 5",37.5172,127.0473
"상도어울마당 아트홀","상도어울마당 아트홀","seoul","동작구","서울 동작구 성대로 180 지하 1층",37.4992147,126.9402892
"상록리조트 눈썰매장","상록리조트 눈썰매장","chungnam","천안시","충남 천안시 동남구 수신면 수신로 576",36.7394803,127.2852575
"상록리조트 아쿠아피아","상록리조트 아쿠아피아","chungnam","천안시","충남 천안시 동남구 수신면 수신로 576",36.7408631,127.288558
"상명아트홀","상명아트홀","seoul","종로구","서울 종로구 동숭길 133",37.583359352573,127.002739817504
"상무지구 기분좋은극장","상무지구 기분좋은극장","gwangju","서구","광주 서구 상무중앙로 90 대교빌딩 7층 (우리은행 상무지점 건물)",35.1548588,126.8488892
"상주 감꽃마을 서울캠핑장","상주 감꽃마을 서울캠핑장","gyeongbuk","상주시","경북 상주시 낙동면 선상서로 1587 낙동초등학교용포분교장",36.3301161,128.2134914
"상주 자전거박물관","상주 자전거박물관","gyeongbuk","상주시","경북 상주시 용마로 415",36.45341,128.2550514
"상효수목원","상효수목원","jeju","서귀포시","제주 서귀포시 산록남로 2847-37",33.3060089,126.5846818
"새개문화공원","새개문화공원","seoul","강서구","서울 강서구 마곡동 800-7",37.5581176,126.8300809
"새로이 필라테스 양재점","새로이 필라테스 양재점","seoul","서초구","서울 서초구 바우뫼로7길 16 801호",37.4711048,127.025118
"새별 ATV","새별 ATV","jeju","서귀포시","제주 서귀포시 안덕면 동광리 산65",33.3388298,126.3387197
"샌드라이빙 하남점","샌드라이빙 하남점","gyeonggi","하남시","경기 하남시 미사강변중앙로 223 , 111호, 112호",37.5556983,127.1923528
"샤롯데씨어터","샤롯데씨어터","seoul","송파구","서울 송파구 올림픽로 240",37.51064272274346,127.09971395114385
"샤봉디씨어터","샤봉디씨어터","gyeonggi","성남시","경기 성남시 수정구 금토로 70",37.406514,127.0801059
"샤이니익스프레스","샤이니익스프레스","seoul","강서구","서울 강서구 공항대로41길 51 세신그린코아빌딩 지하1층 B135호",37.5602339,126.8457907
"샤이닝페터 스테인드글라스 유리공방 유리공예","샤이닝페터 스테인드글라스 유리공방 유리공예","seoul","성동구","서울 성동구 왕십리로31길 21 1층 상가",37.5628783,127.0273555
"서강대학교 메리홀 대극장","서강대학교 메리홀 대극장","seoul","마포구","서울 마포구 백범로 35 서강대학교",37.5522048,126.9395136
"서교스퀘어","서교스퀘어","seoul","마포구","서울 마포구 양화로 72 효성해링턴타워 지하1~2층",37.5508021,126.9167159
"서귀포다이브센터","서귀포다이브센터","jeju","서귀포시","제주 서귀포시 남원읍 하례망장포로 65-13 2층",33.2592505,126.6394465
"서귀포유람선","서귀포유람선","jeju","서귀포시","제주 서귀포시 남성중로 40",33.2392101,126.5584133
"서귀포잠수함","서귀포잠수함","jeju","서귀포시","제주 서귀포시 남성중로 40",33.2391371,126.5586263
"서대문 전용관(NH아트홀)","서대문 전용관(NH아트홀)","seoul","중구","서울 중구 통일로 120",37.56578553521637,126.96757701216109
"서대문문화체육회관","서대문문화체육회관","seoul","서대문구","서울 서대문구 홍은2동 백련사길 39 서대문문화체육회관 대극장",37.5806951,126.9314183
"서대문자연사박물관","서대문자연사박물관","seoul","서대문구","서울 서대문구 연희로32길 51",37.5791,126.9368
"서대문자연사박물관 매표소 앞","서대문자연사박물관 매표소 앞","seoul","서대문구","서울 서대문구 연희로32길 51",37.5765829,126.93765
"서대문형무소역사관","서대문형무소역사관","seoul","서대문구","서울 서대문구 통일로 251",37.5724,126.9608
"서래마을 휴리재","서래마을 휴리재","seoul","서초구","서울 서초구 방배중앙로 175",37.494738869088664,126.98588514375392
"서산류방택천문기상과학관","서산류방택천문기상과학관","chungnam","서산시","충남 서산시 인지면 무학로 1353-4",36.7273731,126.4131709
"서산문화원","서산문화원","chungnam","서산시","충남 서산시 부춘공원2로 11 서산문화원",36.7868354,126.4489511
"서소문성지 역사박물관","서소문성지 역사박물관","seoul","중구","서울 중구 칠패로 5",37.5605975,126.9688662
"서수원버스터미널 이마트","서수원버스터미널 이마트","gyeonggi","수원시","경기 수원시 권선구 수인로 291 1층",37.2825257,126.9701211
"서연아트홀","서연아트홀","seoul","종로구","서울 종로구 창경궁로 258",37.5839107908654,127.000579668144
"서울 강남 일대","서울 강남 일대","seoul","강남구","서울 강남구 강남대로102길 25",37.5027186,127.0274601
"서울 강남구 강남대로124길 3-6 (논현동, 호은빌딩)","서울 강남구 강남대로124길 3-6 (논현동, 호은빌딩)","seoul","강남구","서울 강남구 강남대로124길 3-6 (논현동, 호은빌딩) 지하1층",37.5172,127.0473
"서울 강남구 논현로 661 1F","서울 강남구 논현로 661 1F","seoul","강남구","서울 강남구 논현로 661 (논현동, KIRIN HILLS) 1F",37.5172,127.0473
"서울 강남구 논현로 661 2F","서울 강남구 논현로 661 2F","seoul","마포구","서울 마포구 홍익로2길 7 (서교동) 2F",37.5665,126.9018
"서울 강남구 논현로63길 16 (역삼동, 강남서해그랑블)","서울 강남구 논현로63길 16 (역삼동, 강남서해그랑블)","","강남구","정보 없음",37.5172,127.0473
"서울 강남구 논현로80길 9 (역삼동)","서울 강남구 논현로80길 9 (역삼동)","seoul","강남구","서울 강남구 논현로80길 9 (역삼동) 1층",37.5172,127.0473
"서울 강남구 논현로85길 5-12 (역삼동, 제이에스빌딩)","서울 강남구 논현로85길 5-12 (역삼동, 제이에스빌딩)","seoul","강남구","서울 강남구 논현로85길 5-12 ...",37.5172,127.0473
"서울 강남구 도산대로 154-4 (논현동, 광성빌딩)","서울 강남구 도산대로 154-4 (논현동, 광성빌딩)","seoul","강남구","서울 강남구 도산대로 154-4 (논현동, 광성빌딩) 301호",37.5172,127.0473
"서울 강남구 봉은사로30길 24 (역삼동)","서울 강남구 봉은사로30길 24 (역삼동)","seoul","강남구","서울 강남구 봉은사로30길 24",37.5172,127.0473
"서울 강남구 봉은사로4길 36 (역삼동, 운현빌딩)","서울 강남구 봉은사로4길 36 (역삼동, 운현빌딩)","seoul","강남구","서울 강남구 봉은사로4길 36 (역삼동, 운현빌딩) 4층 402호",37.5172,127.0473
"서울 강남구 봉은사로74길 15 (삼성동, 호경타워)","서울 강남구 봉은사로74길 15 (삼성동, 호경타워)","seoul","강남구","서울 강남구 봉은사로74길 15 (삼성동, 호경타워) 2층",37.5172,127.0473
"서울 강남구 삼성로 642 (삼성동, 삼성빌딩)","서울 강남구 삼성로 642 (삼성동, 삼성빌딩)","seoul","강남구","서울 강남구 삼성로 642 (삼성동, 삼성빌딩) 203호 캐씨씨메이크업",37.5172,127.0473
"서울 강남구 삼성로103길 23 (삼성동 125)","서울 강남구 삼성로103길 23 (삼성동 125)","seoul","강남구","서울 강남구 삼성로103길 23",37.5172,127.0473
"서울 강남구 선릉로82길 5 (대치동, 캥거루 빌딩) 지하 1층","서울 강남구 선릉로82길 5 (대치동, 캥거루 빌딩) 지하 1층","seoul","강남구","서울 강남구 선릉로82길 5 (대치동, 캥거루 빌딩) 지하 1층",37.5172,127.0473
"서울 강남구 역삼동 703-6 선릉역 도보 3분 이내","서울 강남구 역삼동 703-6 선릉역 도보 3분 이내","seoul","강남구","서울 강남구 언주로98길 32",37.5172,127.0473
"서울 강남구 역삼동 708-25 namstar vocal studio","서울 강남구 역삼동 708-25 namstar vocal studio","seoul","강남구","서울 강남구 선릉로89길 7",37.5172,127.0473
"서울 강남구 역삼로70길 17 (대치동)","서울 강남구 역삼로70길 17 (대치동)","seoul","강남구","서울 강남구 역삼로70길 17 (대치동) 301호",37.5172,127.0473
"서울 강남구 테헤란로 지하 340 (삼성동, 선릉역) 선릉역 도보 1분거리(자세한 주소지는 채팅으로 안내드립니다)","서울 강남구 테헤란로 지하 340 (삼성동, 선릉역) 선릉역 도보 1분거리(자세한 주소지는 채팅으로 안내드립니다)","seoul","강남구","서울 강남구 테헤란로 지하 340 (삼성동, 선릉역) 선릉역 도보 1분거리(자세한 주소지는 채팅으로 안내드립니다)",37.5172,127.0473
"서울 강남구 테헤란로55길 20 (역삼동) 지하 1층","서울 강남구 테헤란로55길 20 (역삼동) 지하 1층","seoul","강남구","서울 강남구 테헤란로55길 20 (역삼동) 지하 1층",37.5172,127.0473
"서울 강남구 학동로1길 10 (논현동, 논현H빌딩)","서울 강남구 학동로1길 10 (논현동, 논현H빌딩)","seoul","강남구","서울 강남구 학동로1길 10 (논현동, 논현H빌딩) B1층",37.5172,127.0473
"서울 강동구 양재대로 1393 (성내동)","서울 강동구 양재대로 1393 (성내동)","seoul","강동구","서울 강동구 양재대로 1393 (성내동) 5층 520호",37.5301,127.1238
"서울 강동구 천중로 222 (길동, 정선빌딩)","서울 강동구 천중로 222 (길동, 정선빌딩)","seoul","강동구","서울 강동구 천중로 222 (길동, 정선빌딩) 201호",37.5301,127.1238
"서울 강동구 천중로48길 9-6 (길동) 3동","서울 강동구 천중로48길 9-6 (길동) 3동","seoul","강동구","서울 강동구 천중로48길 9-6 (길동) 3동",37.5301,127.1238
"서울 강동구 천호대로175길 10 (길동, 청광플러스원큐브2차)","서울 강동구 천호대로175길 10 (길동, 청광플러스원큐브2차)","seoul","강동구","서울 강동구 천호대로175길 10 (길동, 청광플러스원큐브2차) 402호",37.5301,127.1238
"서울 강북구","서울 강북구","seoul","강북구","서울 강북구 삼양로81길 5 1층",37.6310051,127.0174131
"서울 강서구 곰달래로 188 (화곡동, 소강빌)","서울 강서구 곰달래로 188 (화곡동, 소강빌)","","강서구","정보 없음",37.5509,126.8497
"서울 강서구 공항대로 164 (마곡동, 류마타워)","서울 강서구 공항대로 164 (마곡동, 류마타워)","seoul","강서구","서울 강서구 공항대로 164 (마곡동, 류마타워) 10층 1008호 온도",37.5509,126.8497
"서울 강서구 금낭화로 40","서울 강서구 금낭화로 40","seoul","강서구","서울 강서구 금낭화로 40 3층",37.5688853,126.8119023
"서울 강서구 금낭화로 40 (방화동, 우리빌딩)","서울 강서구 금낭화로 40 (방화동, 우리빌딩)","seoul","강서구","서울 강서구 금낭화로 40 (방화동, 우리빌딩) 3층",37.5509,126.8497
"서울 강서구 방화대로 지하 301 (방화동, 신방화역) 상세주소는 수업신청시 안내해드립니다","서울 강서구 방화대로 지하 301 (방화동, 신방화역) 상세주소는 수업신청시 안내해드립니다","seoul","강서구","서울 강서구 방화대로 지하 301 (방화동, 신방화역) 상세주소는 수업신청시 안내해드립니다",37.5509,126.8497
"서울 강서구 양천로 201","서울 강서구 양천로 201","seoul","강서구","서울 강서구 양천로 201 서남물재생센터 내 서울물재생체험관",37.5777536,126.8210622
"서울 강서구 양천로75길 50 (염창동, 대운빌딩)","서울 강서구 양천로75길 50 (염창동, 대운빌딩)","","강서구","정보 없음",37.5509,126.8497
"서울 관악구","서울 관악구","seoul","관악구","서울 관악구 남부순환로220길 39 제이네스트 3층 302호",37.4794875,126.9516438
"서울 관악구 관악로 128 (봉천동)","서울 관악구 관악로 128 (봉천동)","seoul","관악구","서울 관악구 관악로 128 (봉천동) 3층",37.4784,126.9516
"서울 관악구 관천로 71 (신림동)","서울 관악구 관천로 71 (신림동)","seoul","관악구","서울 관악구 관천로 71 (신림동) 201호",37.4784,126.9516
"서울 관악구 남부순환로 1808 (봉천동, 관악센츄리타워)","서울 관악구 남부순환로 1808 (봉천동, 관악센츄리타워)","","관악구","정보 없음",37.4784,126.9516
"서울 관악구 남부순환로220길 39 (봉천동, J.NEST) 3층 302","서울 관악구 남부순환로220길 39 (봉천동, J.NEST) 3층 302","seoul","관악구","서울 관악구 남부순환로220길 39 (봉천동, J.NEST) 3층 302",37.4784,126.9516
"서울 광진구 구의로 7 (구의동) 지하 1층","서울 광진구 구의로 7 (구의동) 지하 1층","seoul","광진구","서울 광진구 구의로 7 (구의동) 지하 1층",37.5385,127.0824
"서울 광진구 능동로 338 (중곡동)","서울 광진구 능동로 338 (중곡동)","seoul","광진구","서울 광진구 능동로 338 (중곡동) 4층",37.5385,127.0824
"서울 광진구 능동로 50 (자양동, 이튼타워리버2차)","서울 광진구 능동로 50 (자양동, 이튼타워리버2차)","seoul","광진구","서울 광진구 능동로 50",37.5385,127.0824
"서울 광진구 능동로13길 84 (화양동)","서울 광진구 능동로13길 84 (화양동)","seoul","광진구","서울 광진구 능동로13길 84 (화양동) 지하1층",37.5385,127.0824
"서울 광진구 능동로31길 8-1 (군자동)","서울 광진구 능동로31길 8-1 (군자동)","seoul","광진구","서울 광진구 능동로31길 8-1 (군자동) 6층",37.5385,127.0824
"서울 구로구 경인로 638 (신도림동, 신도림에스케이뷰)","서울 구로구 경인로 638 (신도림동, 신도림에스케이뷰)","seoul","구로구","서울 구로구 경인로 638 (신도림동, 신도림에스케이뷰) 211호 휴센트 스튜디오 (컬러챰)",37.4954,126.8874
"서울 노원구 중계로 131-17 A","서울 노원구 중계로 131-17 A","seoul","노원구","서울 노원구 중계로 131-17",37.6460151,127.0796767
"서울 노원구 한글비석로52길 34 (상계동) 지하 1층","서울 노원구 한글비석로52길 34 (상계동) 지하 1층","","노원구","정보 없음",37.6542,127.0568
"서울 노원구 화랑로 608","서울 노원구 화랑로 608","seoul","노원구","서울 노원구 화랑로 608",37.6240911,127.0928482
"서울 노원구 화랑로 622","서울 노원구 화랑로 622","seoul","노원구","서울 노원구 화랑로 622",37.6253047,127.0940564
"서울 도봉구 마들로13길 56","서울 도봉구 마들로13길 56","seoul","도봉구","서울 도봉구 마들로13길 56 서울로봇인공지능과학관",37.6555744,127.0495063
"서울 동작구 사당로16가길 42 (사당동)","서울 동작구 사당로16가길 42 (사당동)","","동작구","정보 없음",37.5124,126.9393
"서울 동작구 사당로16가길 42 (사당동) 지하1층(상황에 따라 장소는 변경 될 수 있음)","서울 동작구 사당로16가길 42 (사당동) 지하1층(상황에 따라 장소는 변경 될 수 있음)","seoul","동작구","서울 동작구 사당로16가길 42 (사당동) 지하1층(상황에 따라 장소는 변경 될 수 있음)",37.5124,126.9393
"서울 동작구 상도로36길 5 (상도1동)","서울 동작구 상도로36길 5 (상도1동)","seoul","동작구","서울 동작구 상도로36길 5 (상도1동) 3층 (7호선 상도역 2번출구에서 1분거리)",37.5124,126.9393
"서울 마포구 독막로19길 30-7 (상수동, Blessvillage 블레스빌리지)","서울 마포구 독막로19길 30-7 (상수동, Blessvillage 블레스빌리지)","seoul","마포구","서울 마포구 독막로19길 30-7 (상수동, Blessvillage 블레스빌리지) 1층",37.5665,126.9018
"서울 마포구 동교로 151 (서교동, 大同) 지하 1층","서울 마포구 동교로 151 (서교동, 大同) 지하 1층","seoul","마포구","서울 마포구 동교로 151 (서교동, 大同) 지하 1층",37.5665,126.9018
"서울 마포구 동교로 192-1 (동교동) 지하 1층","서울 마포구 동교로 192-1 (동교동) 지하 1층","","마포구","정보 없음",37.5665,126.9018
"서울 마포구 동교로 198 (동교동) _","서울 마포구 동교로 198 (동교동) _","seoul","마포구","서울 마포구 동교로 198 (동교동) _",37.5665,126.9018
"서울 마포구 동교로 227-11 (연남동)","서울 마포구 동교로 227-11 (연남동)","seoul","마포구","서울 마포구 동교로 227-11 ...",37.5665,126.9018
"서울 마포구 동교로 262-5 (연남동)","서울 마포구 동교로 262-5 (연남동)","seoul","마포구","서울 마포구 동교로 262-5 (연남동) 지하1층",37.5665,126.9018
"서울 마포구 동교로 53-1 (망원동)","서울 마포구 동교로 53-1 (망원동)","","마포구","정보 없음",37.5665,126.9018
"서울 마포구 동교로 57-4 (망원동)","서울 마포구 동교로 57-4 (망원동)","seoul","마포구","서울 마포구 동교로 57-4 (망원동) 201호 그린나무공방""(꼼작)",37.5665,126.9018
"서울 마포구 마포대로14길 5 (공덕동)","서울 마포구 마포대로14길 5 (공덕동)","seoul","마포구","서울 마포구 마포대로14길 5 (공덕동) 1층 104호 꽃집 데일리플레르",37.5665,126.9018
"서울 마포구 마포대로4라길 8 (마포동) 지하 1층","서울 마포구 마포대로4라길 8 (마포동) 지하 1층","seoul","마포구","서울 마포구 마포대로4라길 8 (마포동) 지하 1층",37.5665,126.9018
"서울 마포구 마포대로8안길 6 (공덕동)","서울 마포구 마포대로8안길 6 (공덕동)","seoul","마포구","서울 마포구 마포대로8안길 6",37.5665,126.9018
"서울 마포구 망원로3길 34 (망원동)","서울 마포구 망원로3길 34 (망원동)","seoul","마포구","서울 마포구 망원로3길 34",37.5665,126.9018
"서울 마포구 백범로 34 (신수동)","서울 마포구 백범로 34 (신수동)","seoul","마포구","서울 마포구 백범로 34 2층",37.551679,126.9373232
"서울 마포구 서강로11길 5 (창전동) 지하","서울 마포구 서강로11길 5 (창전동) 지하","seoul","마포구","서울 마포구 서강로11길 5 (창전동) 지하",37.5665,126.9018
"서울 마포구 서강로9길 59 (창전동)","서울 마포구 서강로9길 59 (창전동)","seoul","마포구","서울 마포구 서강로9길 59 (창전동) B1 3호",37.5665,126.9018
"서울 마포구 성미산로29안길 19-7 (연남동)","서울 마포구 성미산로29안길 19-7 (연남동)","seoul","마포구","서울 마포구 성미산로29안길 19-7 (연남동) 지하1층",37.5665,126.9018
"서울 마포구 성지3길 19 (합정동)","서울 마포구 성지3길 19 (합정동)","seoul","마포구","서울 마포구 성지3길 19 (합정동) 지하1층",37.5665,126.9018
"서울 마포구 양화로 100-12 (서교동, MJ블랑로튜스)","서울 마포구 양화로 100-12 (서교동, MJ블랑로튜스)","seoul","마포구","서울 마포구 양화로 100-12",37.5665,126.9018
"서울 마포구 양화로 133 (서교동, 서교타워)","서울 마포구 양화로 133 (서교동, 서교타워)","","마포구","정보 없음",37.5665,126.9018
"서울 마포구 양화로 156 (동교동, LG팰리스빌딩)","서울 마포구 양화로 156 (동교동, LG팰리스빌딩)","","마포구","정보 없음",37.5665,126.9018
"서울 마포구 양화로 지하 160 (동교동, 홍대입구역) 결제 후 추후 상세주소 연락드립니다.","서울 마포구 양화로 지하 160 (동교동, 홍대입구역) 결제 후 추후 상세주소 연락드립니다.","seoul","마포구","서울 마포구 양화로 지하 160 (동교동, 홍대입구역) 결제 후 추후 상세주소 연락드립니다.",37.5665,126.9018
"서울 마포구 양화로 지하 160 (동교동, 홍대입구역) 대관 후 연락 드릴 예정입니다","서울 마포구 양화로 지하 160 (동교동, 홍대입구역) 대관 후 연락 드릴 예정입니다","","마포구","정보 없음",37.5665,126.9018
"서울 마포구 양화로 지하 160 (동교동, 홍대입구역) 주소는 홍대역 주소입니다. [홍대/신촌역 혹은 건대] 부근 스튜디오에서 수업 합니다:) 상세 주소는 따로 안내 드려요!","서울 마포구 양화로 지하 160 (동교동, 홍대입구역) 주소는 홍대역 주소입니다. [홍대/신촌역 혹은 건대] 부근 스튜디오에서 수업 합니다:) 상세 주소는 따로 안내 드려요!","seoul","마포구","서울 마포구 양화로 지하 160 (동교동, 홍대입구역) 주소는 홍대역 주소입니다. [홍대/신촌역 혹은 건대] 부근 스튜디오에서 수업 합니다:) 상세 주소는 따로 안내 드려요!",37.5665,126.9018
"서울 마포구 양화로8길 25-4 (서교동) (1층)","서울 마포구 양화로8길 25-4 (서교동) (1층)","seoul","마포구","서울 마포구 양화로8길 25-4 (서교동) (1층)",37.5665,126.9018
"서울 마포구 어울마당로 153-3 (동교동)","서울 마포구 어울마당로 153-3 (동교동)","seoul","마포구","서울 마포구 어울마당로 153-3 (동교동) 지하1층",37.5665,126.9018
"서울 마포구 어울마당로 42 (서교동)","서울 마포구 어울마당로 42 (서교동)","seoul","마포구","서울 마포구 어울마당로 42 (서교동) 302호",37.5665,126.9018
"서울 마포구 연남로1길 22 (연남동)","서울 마포구 연남로1길 22 (연남동)","seoul","마포구","서울 마포구 연남로1길 22 (연남동) 2층",37.5665,126.9018
"서울 마포구 와우산로 63 (서교동)","서울 마포구 와우산로 63 (서교동)","","마포구","정보 없음",37.5665,126.9018
"서울 마포구 와우산로11길 9-10 (상수동)","서울 마포구 와우산로11길 9-10 (상수동)","seoul","마포구","서울 마포구 와우산로11길 9-10 2층 카페 엣지",37.5484679,126.9222678
"서울 마포구 와우산로22길 72 (상수동)","서울 마포구 와우산로22길 72 (상수동)","","마포구","정보 없음",37.5665,126.9018
"서울 마포구 와우산로23길 20-30 (서교동)","서울 마포구 와우산로23길 20-30 (서교동)","seoul","마포구","서울 마포구 와우산로23길 20-30 (서교동) 3층",37.5665,126.9018
"서울 마포구 와우산로27길 23 (서교동)","서울 마포구 와우산로27길 23 (서교동)","","마포구","정보 없음",37.5665,126.9018
"서울 마포구 와우산로29라길 16 (서교동)","서울 마포구 와우산로29라길 16 (서교동)","seoul","마포구","서울 마포구 와우산로29라길 16",37.5665,126.9018
"서울 마포구 월드컵로23길 20 (망원동, 망원빌)","서울 마포구 월드컵로23길 20 (망원동, 망원빌)","seoul","마포구","서울 마포구 월드컵로23길 20",37.5665,126.9018
"서울 마포구 월드컵로3길 27 (합정동)","서울 마포구 월드컵로3길 27 (합정동)","seoul","마포구","서울 마포구 월드컵로3길 27 (합정동) 5층",37.5665,126.9018
"서울 마포구 월드컵로3길 31-8 (합정동)","서울 마포구 월드컵로3길 31-8 (합정동)","","마포구","정보 없음",37.5665,126.9018
"서울 마포구 포은로 146 (망원동, 명현빌딩) b","서울 마포구 포은로 146 (망원동, 명현빌딩) b","seoul","마포구","서울 마포구 포은로 146 (망원동, 명현빌딩) b1층",37.5665,126.9018
"서울 마포구 홍익로2길 7 (서교동)","서울 마포구 홍익로2길 7 (서교동)","","마포구","정보 없음",37.5665,126.9018
"서울 상상나라극장","서울 상상나라극장","seoul","광진구","서울 광진구 능동로 216",37.5507683230768,127.077550584743
"서울 서대문구 신촌로 39 (창천동)","서울 서대문구 신촌로 39 (창천동)","seoul","서대문구","서울 서대문구 신촌로 39",37.5791,126.9368
"서울 서대문구 증가로10길 82-35 (홍은동)","서울 서대문구 증가로10길 82-35 (홍은동)","seoul","서대문구","서울 서대문구 증가로10길 82-35 (홍은동) 102호",37.5791,126.9368
"서울 서대문구 통일로 279-24","서울 서대문구 통일로 279-24","seoul","서대문구","서울 서대문구 통일로 279-24",37.5760525,126.9543988
"서울 서초구","서울 서초구","seoul","서초구","서울 서초구 신반포로23길 41",37.5094382,127.0011826
"서울 서초구 강남대로 305 (서초동, 현대렉시온)","서울 서초구 강남대로 305 (서초동, 현대렉시온)","seoul","서초구","서울 서초구 강남대로 305 (서초동, 현대렉시온) 1424호",37.4837,127.0324
"서울 서초구 강남대로 359 (서초동, 대우도씨에빛2)","서울 서초구 강남대로 359 (서초동, 대우도씨에빛2)","seoul","서초구","서울 서초구 강남대로 359 (서초동, 대우도씨에빛2) 19층 1905호",37.4837,127.0324
"서울 서초구 강남대로30길 72 (양재동) 지하 1층","서울 서초구 강남대로30길 72 (양재동) 지하 1층","seoul","서초구","서울 서초구 강남대로30길 72 (양재동) 지하 1층",37.4837,127.0324
"서울 서초구 강남대로61길 10 (서초동, 센터프라자)","서울 서초구 강남대로61길 10 (서초동, 센터프라자)","seoul","서초구","서울 서초구 강남대로61길 10",37.4837,127.0324
"서울 서초구 서초대로77길 17 (서초동, BLOCK77)","서울 서초구 서초대로77길 17 (서초동, BLOCK77)","seoul","서초구","서울 서초구 서초대로77길 17 (서초동, BLOCK77) 11층",37.4837,127.0324
"서울 서초구 잠원로 46-3 (잠원동, 이디엘)","서울 서초구 잠원로 46-3 (잠원동, 이디엘)","seoul","서초구","서울 서초구 잠원로 46-3 (잠원동, 이디엘) 305호",37.4837,127.0324
"서울 성동구 고산자로 308 (마장동, 동남빌딩) (주소 변동)","서울 성동구 고산자로 308 (마장동, 동남빌딩) (주소 변동)","","성동구","정보 없음",37.5633,127.0371
"서울 성동구 뚝섬로7길 6 (성수동2가)","서울 성동구 뚝섬로7길 6 (성수동2가)","seoul","성동구","서울 성동구 뚝섬로7길 6 (성수동2가) 3층",37.5633,127.0371
"서울 성동구 성수이로 39 (성수동2가, 비호체육관)","서울 성동구 성수이로 39 (성수동2가, 비호체육관)","","성동구","정보 없음",37.5633,127.0371
"서울 성동구 아차산로 54 (성수동1가)","서울 성동구 아차산로 54 (성수동1가)","seoul","성동구","서울 성동구 아차산로 54 (성수동1가) 4층",37.5633,127.0371
"서울 성동구 연무장1길 18-1 (성수동2가) 2층 (한독고분자 위)","서울 성동구 연무장1길 18-1 (성수동2가) 2층 (한독고분자 위)","seoul","성동구","서울 성동구 연무장1길 18-1 (성수동2가) 2층 (한독고분자 위)",37.5633,127.0371
"서울 성동구 왕십리로16가길 10-30 (성수동1가)","서울 성동구 왕십리로16가길 10-30 (성수동1가)","seoul","성동구","서울 성동구 왕십리로16가길 10-30 (성수동1가) 6층",37.5633,127.0371
"서울 성북구 동소문로 지하 102 (동선동4가, 성신여대입구역) 성신여대 입구역 부근 연습실","서울 성북구 동소문로 지하 102 (동선동4가, 성신여대입구역) 성신여대 입구역 부근 연습실","seoul","성북구","서울 성북구 동소문로 지하 102 (동선동4가, 성신여대입구역) 성신여대 입구역 부근 연습실",37.5891,127.0182
"서울 성북구 동소문로18길 24-22 (동소문동5가)","서울 성북구 동소문로18길 24-22 (동소문동5가)","seoul","성북구","서울 성북구 동소문로18길 24-22 (동소문동5가) 2층",37.5891,127.0182
"서울 성북구 보문로34가길 5 (동선동3가, 동진빌딩)","서울 성북구 보문로34가길 5 (동선동3가, 동진빌딩)","","성북구","정보 없음",37.5891,127.0182
"서울 성북구 오패산로4길 49 (하월곡동) 지하 1층","서울 성북구 오패산로4길 49 (하월곡동) 지하 1층","seoul","성북구","서울 성북구 오패산로4길 49 (하월곡동) 지하 1층",37.5891,127.0182
"서울 송파구 가락로30길 17 (송파동)","서울 송파구 가락로30길 17 (송파동)","seoul","송파구","서울 송파구 가락로30길 17 (송파동) 102호, 티키티키베이크",37.5145,127.1066
"서울 송파구 백제고분로 509 (방이동, 대종빌딩)","서울 송파구 백제고분로 509 (방이동, 대종빌딩)","seoul","송파구","서울 송파구 백제고분로 509 (방이동, 대종빌딩) 1006호",37.5145,127.1066
"서울 송파구 백제고분로 지하 368 (석촌동, 석촌역)","서울 송파구 백제고분로 지하 368 (석촌동, 석촌역)","seoul","송파구","서울 송파구 백제고분로 지하 368 (석촌동, 석촌역) 수업표에 기재된 주소 확인 필요",37.5145,127.1066
"서울 송파구 백제고분로40길 19-23 (석촌동) 지하","서울 송파구 백제고분로40길 19-23 (석촌동) 지하","seoul","송파구","서울 송파구 백제고분로40길 19-23 (석촌동) 지하",37.5145,127.1066
"서울 송파구 백제고분로45길 24-18 (송파동)","서울 송파구 백제고분로45길 24-18 (송파동)","seoul","송파구","서울 송파구 백제고분로45길 24-18 (송파동) 202호 바라베이킹",37.5145,127.1066
"서울 송파구 법원로4길 5 (문정동, 송파법조타운푸르지오)","서울 송파구 법원로4길 5 (문정동, 송파법조타운푸르지오)","seoul","송파구","서울 송파구 법원로4길 5",37.5145,127.1066
"서울 송파구 삼학사로 41 (삼전동, 현대빌딩)","서울 송파구 삼학사로 41 (삼전동, 현대빌딩)","seoul","송파구","서울 송파구 백제고분로 256",37.5145,127.1066
"서울 송파구 새말로5길 6 (문정동)","서울 송파구 새말로5길 6 (문정동)","seoul","송파구","서울 송파구 새말로5길 6 (문정동) 지하1층",37.5145,127.1066
"서울 송파구 송파대로 지하 179 (문정동, 문정역) 부근 연습실/자세한 위치 솜씨당 채팅 확인 부탁드립니다!","서울 송파구 송파대로 지하 179 (문정동, 문정역) 부근 연습실/자세한 위치 솜씨당 채팅 확인 부탁드립니다!","seoul","송파구","서울 송파구 송파대로 지하 179 (문정동, 문정역) 부근 연습실/자세한 위치 솜씨당 채팅 확인 부탁드립니다!",37.5145,127.1066
"서울 송파구 송파대로42길 16 (송파동)","서울 송파구 송파대로42길 16 (송파동)","seoul","송파구","서울 송파구 송파대로42길 16 (송파동) 2층",37.5145,127.1066
"서울 송파구 송파대로44길 3 (송파동)","서울 송파구 송파대로44길 3 (송파동)","","송파구","서울 송파구 송파대로44길 3 (송파동)",37.5067291,127.1065439
"서울 송파구 송파대로49길 53 (석촌동)","서울 송파구 송파대로49길 53 (석촌동)","","송파구","서울 송파구 송파대로49길 53 (석촌동)",37.5058895,127.099076
"서울 송파구 양재대로 지하 1231 (방이동, 올림픽공원역) 올림픽수영장","서울 송파구 양재대로 지하 1231 (방이동, 올림픽공원역) 올림픽수영장","seoul","송파구","서울 송파구 양재대로 지하 1231 (방이동, 올림픽공원역) 올림픽수영장",37.5145,127.1066
"서울 송파구 올림픽로 지하 265 (신천동, 잠실역","서울 송파구 올림픽로 지하 265 (신천동, 잠실역","seoul","송파구","서울 송파구 올림픽로 지하 265 (신천동, 잠실역2호선) .",37.5145,127.1066
"서울 송파구 잠실동 0 .","서울 송파구 잠실동 0 .","seoul","송파구","서울 강남구 역삼로77길 6",37.5145,127.1066
"서울 송파구 잠실로 12 (잠실동, 잠신중학교) 1","서울 송파구 잠실로 12 (잠실동, 잠신중학교) 1","seoul","송파구","서울 송파구 잠실로 12 (잠실동, 잠신중학교) 1",37.5145,127.1066
"서울 앨버트 테일러 가옥(딜쿠샤)","서울 앨버트 테일러 가옥(딜쿠샤)","seoul","마포구","서울 마포구 연남로3길 72 1층",37.5597398,126.9190981
"서울 영등포구 당산로 161 (당산동4가)","서울 영등포구 당산로 161 (당산동4가)","seoul","영등포구","서울 영등포구 당산로 161 (당산동4가) 3층",37.5264,126.8962
"서울 영등포구 도림로 475 (문래동4가)","서울 영등포구 도림로 475 (문래동4가)","seoul","영등포구","서울 영등포구 도림로 475",37.5264,126.8962
"서울 영등포구 도림로 485-1 (문래동4가)","서울 영등포구 도림로 485-1 (문래동4가)","seoul","영등포구","서울 영등포구 도림로 485-1 (문래동4가) 2층",37.5264,126.8962
"서울 영등포구 선유로 108-5 (양평동1가)","서울 영등포구 선유로 108-5 (양평동1가)","seoul","영등포구","서울 영등포구 선유로 108-5 (양평동1가) 1층",37.5264,126.8962
"서울 영등포구 양산로 128 (당산동1가, 백양빌딩)","서울 영등포구 양산로 128 (당산동1가, 백양빌딩)","seoul","영등포구","서울 영등포구 양산로 128 (당산동1가, 백양빌딩) 401호(공간04)",37.5264,126.8962
"서울 영등포구 여의대방로 149 (신길동)","서울 영등포구 여의대방로 149 (신길동)","","영등포구","정보 없음",37.5264,126.8962
"서울 영등포구 여의대방로 383 (여의도동, 경도빌딩)","서울 영등포구 여의대방로 383 (여의도동, 경도빌딩)","seoul","영등포구","서울 영등포구 여의대방로 383 (여의도동, 경도빌딩) 323호 자연도자공방",37.5264,126.8962
"서울 용산구 백범로 281-9","서울 용산구 백범로 281-9","seoul","용산구","서울 용산구 백범로 281-9",37.5401027,126.9608769
"서울 용산구 서빙고로 137","서울 용산구 서빙고로 137","seoul","용산구","서울 용산구 서빙고로 137 국립중앙박물관",37.5240867,126.980388
"서울 용산구 이태원로20가길 1 (이태원동)","서울 용산구 이태원로20가길 1 (이태원동)","","용산구","서울 용산구 이태원로20가길 1 (이태원동)",37.5336365,126.9923227
"서울 용산구 한강대로 177 (한강로1가)","서울 용산구 한강대로 177 (한강로1가)","seoul","용산구","서울 용산구 한강대로 177 (한강로1가) 2층",37.5323,126.9906
"서울 용산구 한강대로14길 35-29","서울 용산구 한강대로14길 35-29","seoul","용산구","서울 용산구 한강대로14길 35-29",37.5256985,126.9658248
"서울 용산구 한강대로62나길 2 (한강로1가)","서울 용산구 한강대로62나길 2 (한강로1가)","seoul","용산구","서울 용산구 한강대로62나길 2 (한강로1가) 2층",37.5323,126.9906
"서울 은평구 불광로 135","서울 은평구 불광로 135","seoul","은평구","서울 은평구 불광로 135",37.6188409,126.932532
"서울 종로구 계동4길 10-6 (계동)","서울 종로구 계동4길 10-6 (계동)","seoul","종로구","서울 종로구 계동4길 10-6 ...",37.573,126.9794
"서울 종로구 계동길 128 (계동)","서울 종로구 계동길 128 (계동)","seoul","종로구","서울 종로구 계동길 128 (계동) 3층 301호",37.573,126.9794
"서울 종로구 돈화문로 지하 30 (묘동,","서울 종로구 돈화문로 지하 30 (묘동,","seoul","종로구","서울 종로구 돈화문로 지하 30 (묘동, 3호선 종로3가역) 장소는 요일마다 변경됩니다. / 정확한 주소지는 솜씨당 채팅으로 안내예정",37.573,126.9794
"서울 종로구 동숭3길 6-2 (동숭동)","서울 종로구 동숭3길 6-2 (동숭동)","seoul","종로구","서울 종로구 동숭3길 6-2 (동숭동) 1층",37.573,126.9794
"서울 종로구 북촌로 39","서울 종로구 북촌로 39","seoul","종로구","서울 종로구 북촌로 39 1층",37.5802375,126.9847797
"서울 종로구 세종대로 172","서울 종로구 세종대로 172","seoul","종로구","서울 종로구 세종대로 172",37.5715316,126.9771079
"서울 종로구 송월길 162","서울 종로구 송월길 162","seoul","종로구","서울 종로구 송월길 162",37.572107,126.9622123
"서울 종로구 율곡로 지하 62 (안국동,","서울 종로구 율곡로 지하 62 (안국동,","seoul","종로구","서울 종로구 율곡로 지하 62 (안국동, 3호선 안국역) 장소는 변경될수도 있습니다.",37.573,126.9794
"서울 종로구 율곡로6길 23 (운니동, 주원빌딩)","서울 종로구 율곡로6길 23 (운니동, 주원빌딩)","","종로구","정보 없음",37.573,126.9794
"서울 종로구 인사동길 23-1 (인사동)","서울 종로구 인사동길 23-1 (인사동)","seoul","종로구","서울 종로구 인사동길 23-1 (인사동) 4층",37.573,126.9794
"서울 종로구 인사동길 35-4 4","서울 종로구 인사동길 35-4 4","seoul","종로구","서울 종로구 인사동길 35-4 인사동마루 본관 4~6층",37.5735738,126.9848559
"서울 종로구 종로 121-1 (종로3가)","서울 종로구 종로 121-1 (종로3가)","seoul","종로구","서울 종로구 종로 121-1 (종로3가) 5층",37.573,126.9794
"서울 중구 마른내로 42-1 (초동)","서울 중구 마른내로 42-1 (초동)","","중구","정보 없음",37.5637,126.9975
"서울 중구 퇴계로56길 26 (쌍림동, 대호빌딩)","서울 중구 퇴계로56길 26 (쌍림동, 대호빌딩)","seoul","중구","서울 중구 퇴계로56길 26 (쌍림동, 대호빌딩) 102호 랩포터리",37.5637,126.9975
"서울 COEX C홀","서울 COEX C홀","seoul","강남구","서울 강남구 영동대로 513 검색결과 더보기 인기글 페어리스 글로",37.5121558,127.0590436
"서울공예박물관","서울공예박물관","seoul","종로구","서울 종로구 율곡로3길 4",37.5772,126.9836
"서울광장","서울광장","seoul","중구","서울 중구 을지로 12 시청광장지하쇼핑센터",37.5657379,126.9779487
"서울교사노동조합","서울교사노동조합","seoul","영등포구","서울 영등포구 양산로 214",37.522328,126.906526
"서울기록원","서울기록원","seoul","은평구","서울 은평구 통일로62길 7",37.6074684,126.9348705
"서울대공원","서울대공원","gyeonggi","과천시","경기 과천시 대공원광장로 102",37.4264494,127.0198465
"서울대학교 미술관","서울대학교 미술관","seoul","관악구","서울 관악구 관악로 1 서울대학교 151동 서울대학교미술관",37.4664469,126.9496873
"서울돈화문국악당","서울돈화문국악당","seoul","종로구","서울 종로구 율곡로 102",37.5759109,126.9841143
"서울랜드","서울랜드","seoul","과천시","경기도 과천시 광명로 181",37.4372231,127.0246975
"서울로미디어캔버스","서울로미디어캔버스","seoul","중구","서울 중구 만리재로 215",37.5566508,126.968151
"서울무형유산교육전시장","서울무형유산교육전시장","seoul","종로구","서울 종로구 율곡로10길 13",37.5769411,126.9911082
"서울문화예술교육센터 양천","서울문화예술교육센터 양천","seoul","양천구","서울 양천구 남부순환로64길 2",37.5282201,126.8321456
"서울백제어린이박물관","서울백제어린이박물관","seoul","송파구","서울 송파구 올림픽로 424 서울백제어린이박물관",37.5238986,127.1243042
"서울볼더스","서울볼더스","seoul","영등포구","서울 영등포구 양평로28마길 7 (양평동6가) 3층 서울볼더스",37.5264,126.8962
"서울산업진흥원 한국영상자료원","서울산업진흥원 한국영상자료원","seoul","마포구","서울 마포구 월드컵북로 400 문화콘텐츠센터",37.580273,126.8895709
"서울상상나라","서울상상나라","seoul","광진구","서울 광진구 능동로 216 서울상상나라",37.5506423,127.0775678
"서울새활용플라자","서울새활용플라자","seoul","성동구","서울 성동구 자동차시장길 49",37.5586377,127.0579896
"서울생활사박물관","서울생활사박물관","seoul","노원구","서울 노원구 동일로174길 27",37.6199447,127.0768892
"서울숲","서울숲","","성동구","정보 없음",37.5633,127.0371
"서울숲씨어터","서울숲씨어터","seoul","성동구","서울 성동구 서울숲2길 32",37.5456773288432,127.042914261633
"서울스카이","서울스카이","seoul","송파구","서울 송파구 잠실6동 신천동 올림픽로 300 서울스카이",37.5125366,127.1026546
"서울시 성동구 자동차시장3길 64","서울시 성동구 자동차시장3길 64","seoul","성동구","서울 성동구 자동차시장3길 64 서울하수도과학관",37.5576938,127.0579144
"서울시립 남서울미술관","서울시립 남서울미술관","seoul","관악구","서울 관악구 남부순환로 2076 서울시립미술관",37.4760645,126.9795205
"서울시립 미술아카이브","서울시립 미술아카이브","seoul","종로구","서울 종로구 평창문화로 101",37.6078975,126.9719266
"서울시립 북서울미술관","서울시립 북서울미술관","seoul","노원구","서울 노원구 동일로 1238",37.6409659,127.0667885
"서울시립 사진미술관","서울시립 사진미술관","seoul","도봉구","서울 도봉구 마들로13길 68 서울시립 사진미술관",37.6554366,127.0489859
"서울시립과학관","서울시립과학관","seoul","노원구","서울 노원구 한글비석로 160 서울시립과학관",37.6419787,127.0776118
"서울시립미술관 서소문본관","서울시립미술관 서소문본관","seoul","중구","서울 중구 덕수궁길 61",37.5642066,126.9737733
"서울시민안전체험관","서울시민안전체험관","seoul","광진구","서울 광진구 능동로 238 광나루안전체험관",37.5513232,127.0771854
"서울시생활사박물관 내 1~","서울시생활사박물관 내 1~","seoul","노원구","서울 노원구 동일로174길 27",37.6199447,127.0768892
"서울시윈드서핑장","서울시윈드서핑장","seoul","광진구","서울 광진구 강변북로 2326",37.5269349,127.0792631
"서울시청 하늘광장 갤러리","서울시청 하늘광장 갤러리","seoul","중구","서울 중구 세종대로 110 서울특별시청",37.5666103,126.9783882
"서울식물원","서울식물원","seoul","강서구","서울 강서구 마곡동로 161 서울식물원",37.5682071,126.8327467
"서울아트센터 도암","서울아트센터 도암","seoul","종로구","서울 종로구 평창문화로 70 도암",37.606166,126.9692713
"서울아트센터 도암홀","서울아트센터 도암홀","seoul","종로구","서울아트센터는 종로구 평창동",37.6060174,126.9692363
"서울아트책보고","서울아트책보고","seoul","구로구","서울 구로구 경인로 430 고척스카이돔 지하1층",37.4991271,126.8673636
"서울어린이대공원 아트센터","서울어린이대공원 아트센터","seoul","광진구","서울 광진구 능동로 216",37.5469468,127.0819022
"서울역사박물관","서울역사박물관","seoul","종로구","서울 종로구 사직동 신문로2가 새문안로 55 서울역사박물관",37.5704789,126.9705257
"서울역사박물관 경교장(사적 제","서울역사박물관 경교장(사적 제","seoul","종로구","서울 종로구 새문안로 55",37.5701433,126.9704375
"서울예술인지원센터 프로젝트 룸","서울예술인지원센터 프로젝트 룸","seoul","종로구","서울 종로구 동숭동 상세주소 열기 휠체어 출입 가능 길 ...",37.58096,127.0051932
"서울외국인주민센터","서울외국인주민센터","seoul","영등포구","서울 영등포구 도신로 40 서울외국인주민센터",37.5047893,126.8973937
"서울우리소리박물관","서울우리소리박물관","seoul","종로구","서울 종로구 율곡로 96",37.5771717,126.9896013
"서울중구투어패스","서울중구투어패스","seoul","중구","서울 중구 창경궁로 17",37.5638257911702,126.997598192396
"서울지방국세청","서울지방국세청","seoul","종로구","서울 종로구 종로5길 86 국세청",37.5742207,126.9798853
"서울책보고","서울책보고","seoul","송파구","서울 송파구 오금로 1 서울책보고",37.522188,127.1037921
"서울특별시교육연구정보원","서울특별시교육연구정보원","seoul","중구","서울 중구 소파로 46 서울특별시교육청교육연구정보원",37.5546291,126.9807876
"서울특별시동부권직장맘지원센터","서울특별시동부권직장맘지원센터","seoul","광진구","서울 광진구 아차산로30길 36",37.5394755,127.0668112
"서울한방진흥센터","서울한방진흥센터","seoul","동대문구","서울 동대문구 약령중앙로 26 서울한방진흥센터",37.580578,127.0376805
"서울SK나이츠","서울SK나이츠","seoul","송파구","서울 송파구 올림픽로 25 서울특별시학생체육관",37.5121532,127.0754598
"서원인레인지 (서원밸리CC 골프연습장)","서원인레인지 (서원밸리CC 골프연습장)","gyeonggi","파주시","경기 파주시 광탄면 서원길 333 서원밸리컨트리클럽 연습장",37.8157490998746,126.895247196106
"서인사마당 공영주차장","서인사마당 공영주차장","seoul","종로구","서울 종로구 인사동11길 19",37.5736545,126.9838099
"서천 금빛노을 서울캠핑장","서천 금빛노을 서울캠핑장","chungnam","서천군","충남 서천군 마서면 옥도로498번길 43",36.0457198,126.7187292
"서초문화예술회관","서초문화예술회관","seoul","서초구","서울 서초구 강남대로 201 서초문화예술회관",37.4818717,127.0359751
"서촌 일대","서촌 일대","seoul","중구","서울 중구 세종대로 110",37.5668007776021,126.978656793129
"서프라이즈 테마파크","서프라이즈 테마파크","jeju","제주시","제주 제주시 조천읍 남조로 2243",33.4651914,126.6596074
"서핑도","서핑도","seoul","영등포구","서울 영등포구 여의서로 160",37.5347989,126.9098794
"서해미술관","서해미술관","chungnam","서산시","충남 서산시 부석면 무학로 152-13 서해미술관",36.6387264,126.3774028
"서해안 안전체험관 서해안 안전체험관","서해안 안전체험관 서해안 안전체험관","chungnam","서산시","충남 서산시 잠홍2길 65",36.790601,126.4861677
"석예원 본초족욕 성산","석예원 본초족욕 성산","jeju","서귀포시","제주 서귀포시 성산읍 섭지코지로25번길 34 2층",33.442082,126.9195864
"석탄박물관","석탄박물관","gangwon","태백시","강원 태백시 천제단길 195",37.117381,128.9505336
"선나무 가구공방","선나무 가구공방","seoul","구로구","서울 구로구 디지털로32가길 86-11 1층",37.4804595,126.8961129
"선녀와나무꾼","선녀와나무꾼","jeju","제주시","제주 제주시 조천읍 선교로 267",33.4796076,126.7026773
"선농단역사문화관","선농단역사문화관","seoul","동대문구","서울 동대문구 무학로44길 38",37.5812107,127.0320269
"선돌극장","선돌극장","seoul","종로구","서울 종로구 혜화동 명륜1가 혜화로5길 선돌극장",37.586824,126.999666
"선릉","선릉","seoul","강남구","서울 강남구 역삼1동 테헤란로 340 선릉",37.5051756,127.0487082
"선사현대아파트","선사현대아파트","seoul","강동구","서울 강동구 상암로 11",37.552544,127.1258756
"선유도공원","선유도공원","seoul","영등포구","서울 영등포구 선유로 343",37.543418,126.90014
"선휴커피","선휴커피","seoul","서대문구","서울 서대문구 거북골로 79 2층",37.5767796,126.9203337
"섬진강 별빛 스카이 (더챌린지)","섬진강 별빛 스카이 (더챌린지)","jeonnam","광양시","전남 광양시 진월면 망덕길 159",34.9674173,127.75749
"섭지코지 깡통열","섭지코지 깡통열","jeju","서귀포시","제주 서귀포시 성산읍 고성리",33.4237681,126.93078
"성곡미술관","성곡미술관","seoul","종로구","서울 종로구 경희궁길 42 ...",37.5734257,126.9698126
"성균관대학교","성균관대학교","seoul","종로구","서울 종로구 성균관로 25-2",37.5874408,126.9945693
"성균소극장","성균소극장","seoul","종로구","서울 종로구 성균관로 12",37.584141429518,126.997993798592
"성남 아이존팝","성남 아이존팝","seoul","서초구","서울 서초구 마방로6길 3",37.4754438,127.0417688
"성남소극장","성남소극장","gyeonggi","성남시","경기 성남시 수정구 수정로 205",37.444323395214894,127.14246068398562
"성남시 분당구 분당수서로 501","성남시 분당구 분당수서로 501","gyeonggi","성남시","경기 성남시 분당구 분당수서로 501",37.3785236,127.1060936
"성남시 분당구 판교역로146번길 20","성남시 분당구 판교역로146번길 20","gyeonggi","성남시","경기 성남시 분당구 판교역로146번길 20 현대백화점 판교점",37.3929643,127.1121154
"성남시박물관 (3층)","성남시박물관 (3층)","gyeonggi","성남시","경기 성남시 수정구 희망로 475 성남시 박물관",37.4459174,127.1537612
"성남아트리움","성남아트리움","gyeonggi","성남시","경기 성남시 수정구 수정로171번길 10",37.44476606199701,127.13921033075111
"성남아트센터","성남아트센터","etc","앙상블시","성남아트센터 앙상블시어터, 태원지하보도, 이매동, 판교, 분당구, 성남시, 13566, 대한민국",37.4023667,127.1306777
"성남큐브미술관","성남큐브미술관","gyeonggi","성남시","경기 성남시 분당구 성남대로 808 성남큐브미술관",37.4029565748635,127.130559855569
"성동구립도서관","성동구립도서관","seoul","성동구","서울 성동구 고산자로10길 9 성동구립도서관",37.5592666,127.0349875
"성북구립미술관 거리갤러리","성북구립미술관 거리갤러리","seoul","성북구","서울 성북구 성북로 134",37.594829,126.9948995
"성북여성문화센터","성북여성문화센터","seoul","성북구","서울 성북구 성북로4길 177",37.5955737,127.0086425
"성산 스쿠버 리조트","성산 스쿠버 리조트","jeju","서귀포시","제주 서귀포시 성산읍 일출로 258-5 성산스쿠버리조트",33.4609297,126.933584
"성산동 이모네 막창구이","성산동 이모네 막창구이","seoul","마포구","서울 마포구 월드컵로30길 4",37.5612296,126.9058423
"성산포유람선","성산포유람선","jeju","서귀포시","제주 서귀포시 성산읍 성산등용로 130-21 1층(성산포종합여객터미널)",33.472928,126.9345062
"성수대파","성수대파","seoul","성동구","서울 성동구 왕십리로4길 22-1 1층",37.5466955,127.0464302
"성수소극장","성수소극장","seoul","성동구","서울 성동구 성덕정길 135",37.5366660895235,127.058409956355
"성수아트홀","성수아트홀","seoul","성동구","서울 성동구 성수1가2동 왕십리로6길 성수아트홀",37.5454098,127.0469706
"성신여대 운정그린캠퍼스 대강당","성신여대 운정그린캠퍼스 대강당","seoul","강북구","서울 강북구 도봉로76가길 55",37.6319520108856,127.027270994333
"성신여자대학교 운정그린캠퍼스 대강당","성신여자대학교 운정그린캠퍼스 대강당","seoul","강북구","서울 강북구 도봉로76가길 55",37.6319520108856,127.027270994333
"성암아트홀","성암아트홀","","강남구","서울특별시 강남구 선릉로111길 6 3F 전층",37.5110419,127.0429529
"성일빌딩","성일빌딩","seoul","중구","서울 중구 청파로 437-1 (중림동) 성일빌딩 2층 201호 서울토이 장난감 쇼룸",37.5637,126.9975
"성주군 종합사회복지관","성주군 종합사회복지관","gyeongbuk","성주군","경북 성주군 성주읍 성주순환로 271-9",35.9193718,128.2931031
"성지도예","성지도예","jeju","서귀포시","제주 서귀포시 표선면 성읍이리로 85",33.4114701,126.7743246
"세계민속악기박물관","세계민속악기박물관","gyeonggi","파주시","경기 파주시 탄현면 헤이리마을길 63-26",37.7895143,126.6994148
"세계자동차＆피아노박물관","세계자동차＆피아노박물관","jeju","서귀포시","제주 서귀포시 안덕면 중산간서로 1610 세계자동차 제주박물관",33.2834505,126.3498913
"세라듀","세라듀","seoul","강남구","서울 강남구 논현로 332 계유빌딩 b1",37.4949242,127.0400111
"세라믹팔레스홀","세라믹팔레스홀","seoul","강남구","서울 강남구 일원로 90",37.4923272,127.0801611
"세라젬 웰파크 위례점","세라젬 웰파크 위례점","gyeonggi","하남시","경기 하남시 위례대로 350 2층",37.4891675795399,127.158322113456
"세브란스병원","세브란스병원","seoul","서대문구","서울 서대문구 연세로 50-1",37.5623446,126.9408265
"세우아트센터","세우아트센터","seoul","종로구","서울 종로구 대학로12길 49 , 4층",37.573,126.9794
"세인트존스 호텔","세인트존스 호텔","gangwon","강릉시","강원 강릉시 창해로 307",37.7912822,128.9209164
"세일링파라다이스","세일링파라다이스","seoul","영등포구","서울 영등포구 여의동로 252 , 한강 파라다이스",37.5264,126.8962
"세종국악당","세종국악당","gyeonggi","여주시","경기 여주시 영릉로 125",37.2974441938121,127.624675887028
"세종대왕 동상","세종대왕 동상","gyeonggi","여주시","경기 여주시 홍문동",37.2885890745598,127.634138555981
"세종대학교 대양홀","세종대학교 대양홀","seoul","광진구","서울 광진구 능동로 209",37.5486727561126,127.074511116303
"세종대학교 새날관","세종대학교 새날관","seoul","광진구","서울 광진구 군자로 121",37.5534127,127.0726519
"세종로공원","세종로공원","seoul","종로구","서울 종로구 세종대로 189",37.5735,126.9758875
"세종문화예술회관","세종문화예술회관","","조치원읍","세종특별자치시 조치원읍 문예회관길 22",36.599438,127.2874384
"세종문화회관","세종문화회관","seoul","종로구","서울 종로구 세종대로 175",37.572594523923904,126.97577874563281
"세종뮤지엄갤러리","세종뮤지엄갤러리","seoul","광진구","서울 광진구 능동로 209 세종대학교 대양AI센터",37.5508268,127.0755148
"세종특별자치시 세종시","세종특별자치시 세종시","sejong","","세종 합강동",36.5249862,127.3329621
"세종특별자치시 어울누리로 130","세종특별자치시 어울누리로 130","sejong","","세종 어울누리로 130 국립어린이박물관",36.4887551,127.2731357
"세종특별자치시 장군면 산학리길 229","세종특별자치시 장군면 산학리길 229","sejong","장군","세종 장군면 산학리길 229 1층 면장님민물새우칼제비",36.4830612,127.2325274
"소극당 혜화당","소극당 혜화당","seoul","종로구","서울 종로구 대학로12길 63 , 석마빌딩 3층, 소극장 혜화당",37.573,126.9794
"소극장 공유","소극장 공유","seoul","종로구","서울 종로구 창경궁로 303",37.5876012160981,127.003206447715
"소극장 산울림","소극장 산울림","seoul","마포구","서울 마포구 와우산로 157",37.5550834709886,126.93009542405
"소극장 쇠내골","소극장 쇠내골","chungbuk","청주시","충북 청주시 상당구 단재로 28 A동 2층",36.6258525,127.4927166
"소극장 혜화당","소극장 혜화당","seoul","종로구","서울 종로구 대학로12길 63",37.5812365749468,127.004025832403
"소랑 ATV＆승마","소랑 ATV＆승마","jeju","서귀포시","제주 서귀포시 남원읍 서성로 955-117 1동 1층 101호",33.3404485,126.6834324
"소래역사관","소래역사관","incheon","남동구","인천 남동구 아암대로 1605",37.3981303,126.7374773
"소로롱","소로롱","gyeonggi","광주시","경기 광주시 수하길 22 1층 소로롱",37.4150583,127.2627511
"소마미술관","소마미술관","seoul","송파구","서울 송파구 올림픽로 424",37.5169172,127.1179749
"소명아트홀","소명아트홀","chungbuk","청주시","충북 청주시 상당구 중앙로 30 2층",36.6396982,127.488899
"소아르떼","소아르떼","jeonnam","담양군","전남 담양군 담양읍 깊은실길 84-73 담양 소아르떼",35.3124139,127.0095175
"소양강 물문화관","소양강 물문화관","gangwon","춘천시","강원 춘천시 신북읍 신샘밭로 1128 소양강 물문화관",37.9488605,127.8150525
"소예도예공방","소예도예공방","seoul","강서구","서울 강서구 화곡로18길 27 102호 소예도자기공방",37.5390412,126.8360543
"소요 별＆숲 테마파크","소요 별＆숲 테마파크","gyeonggi","동두천시","경기 동두천시 평화로2922번길 76",37.9501496127196,127.06598663528
"소월아트홀","소월아트홀","seoul","성동구","서울 성동구 행당1동 행당동 고산자로12길 소월아트홀",37.559331,127.0360402
"소인국테마파크","소인국테마파크","jeju","서귀포시","제주 서귀포시 안덕면 화순서동로 347 (서광리 164) 소인국테마파크",33.2820357,126.331768
"속초문화예술회관 대공연장","속초문화예술회관 대공연장","gangwon","속초시","강원 속초시 번영로 155",38.212676,128.5884379
"손길도예공방","손길도예공방","seoul","강서구","서울 강서구 화곡로31길 61 손길도예공방",37.544386,126.8401147
"솔로몬로파크","솔로몬로파크","daejeon","유성구","대전 유성구 엑스포로 219-39",36.3782866,127.3998095
"솔메공방","솔메공방","","마포구","정보 없음",37.5665,126.9018
"솜씨당 클래스","솜씨당 클래스","gyeonggi","고양시","경기 고양시 덕양구 고양대로 1955 (동산동, 스타필드 고양)",37.6469771,126.894778
"송대말등대","송대말등대","gyeongbuk","경주시","경북 경주시 감포읍 감포로 226-19",35.8072815,129.5114151
"송도 메가박스","송도 메가박스","incheon","연수구","인천 연수구 송도과학로16번길 33-4 , 트리플스트리트 D동 2층",37.4102,126.6782
"송도국제캠핑장","송도국제캠핑장","incheon","연수구","인천 연수구 지식기반로 60",37.36158988920623,126.64590007048308
"송도컨벤시아","송도컨벤시아","incheon","연수구","인천 연수구 송도1동 송도동 센트럴로 123 송도컨벤시아",37.3887756,126.646738
"송도해상케이블카","송도해상케이블카","busan","서구","부산 서구 송도해변로 171",35.0766432,129.0233986
"송악카트","송악카트","jeju","서귀포시","제주 서귀포시 대정읍 송악관광로 404",33.2084069,126.2891562
"송운개발","송운개발","gyeonggi","용인시","경기 용인시 처인구 지삼로 470",37.2343,127.1615
"송정빌딩","송정빌딩","","강서구","정보 없음",37.5509,126.8497
"송죽씨어터","송죽씨어터","daegu","중구","대구 중구 교동길 15 송죽빌딩 2F",35.8733159,128.5954656
"송파 청년아티스트센터","송파 청년아티스트센터","seoul","송파구","서울 송파구 풍성로10길 6-1",37.534057,127.1159863
"송파문화재단","송파문화재단","seoul","송파구","서울 송파구 백제고분로 242 송파구민회관 2층",37.5021243,127.0932351
"송파책박물관","송파책박물관","seoul","송파구","서울 송파구 송파대로37길 77",,
"송해아트홀","송해아트홀","seoul","구로구","서울 구로구 경인로 611-17",37.4887986,126.8238616
"쇠소깍산물관광농원","쇠소깍산물관광농원","jeju","서귀포시","제주 서귀포시 남원읍 하례로 90",33.2578721,126.6247053
"수달전시관 섬진강수달생태공원","수달전시관 섬진강수달생태공원","jeonnam","구례군","전남 구례군 간전면 간전중앙로 49",35.1863424,127.5459073
"수락네스트죤","수락네스트죤","seoul","노원구","서울 노원구 동일로241길 44 (상계동, 수락네스트죤) 수락네스트죤 302호",37.6542,127.0568
"수목학습장(식물원) 성호박물관","수목학습장(식물원) 성호박물관","gyeonggi","안산시","경기 안산시 상록구 성호로 113 안산식물원",37.314319,126.8608919
"수산과학관","수산과학관","gyeongnam","통영시","경남 통영시 산양읍 척포길 628-111 통영수산과학관",34.7642478,128.4071596
"수산과학원","수산과학원","busan","기장군","부산 기장군 기장읍 기장해안로 216",35.1934011,129.2243499
"수성아트피아","수성아트피아","daegu","대구","대구 수성구 무학로 180",35.8295776,128.6285325
"수소안전뮤지엄","수소안전뮤지엄","chungbuk","음성군","충북 음성군 맹동면 연미로 360-33",36.9170197,127.5506726
"수업 별 상이(개인 번호로 공지 드립니다)","수업 별 상이(개인 번호로 공지 드립니다)","seoul","동작구","서울 동작구 사당로30길 131",37.5124,126.9393
"수업 장소는 수강 확정 후 대관하여, 수강 1일 전까지 안내드립니다. 😊","수업 장소는 수강 확정 후 대관하여, 수강 1일 전까지 안내드립니다. 😊","","동작구","정보 없음",37.5124,126.9393
"수업장소는 다름!!!!","수업장소는 다름!!!!","seoul","동작구","서울 동작구 남부순환로 2057 (사당동) 수업장소는 다름!!!!",37.5124,126.9393
"수원 라이프스포츠 워터파크","수원 라이프스포츠 워터파크","gyeonggi","수원시","경기 수원시 장안구 대평로90번길 19",37.2971305504206,126.993764444711
"수원 KT 소닉붐 아레나","수원 KT 소닉붐 아레나","gyeonggi","수원시","경기 수원시 권선구 서수원로577번길 171",37.276297,126.9483162
"수원광교박물관","수원광교박물관","gyeonggi","수원시","경기 수원시 영통구 광교로 182",37.2963686,127.0513175
"수원문화원 빛누리아트홀","수원문화원 빛누리아트홀","gyeonggi","수원시","경기 수원시 권선구 호매실로 237",37.265377006891974,126.956935278737
"수원박물관","수원박물관","gyeonggi","수원시","경기 수원시 영통구 창룡대로 265 1층",37.297524,127.0358853
"수원청소년문화센터 온누리아트홀","수원청소년문화센터 온누리아트홀","gyeonggi","수원시","경기 수원시 팔달구 권광로 293",37.273926880943,127.035209748826
"수원체육관","수원체육관","gyeonggi","수원시","경기 수원시 장안구 경수대로 893",37.2983797,127.0090851
"수원컨벤션센터","수원컨벤션센터","gyeonggi","수원시","경기 수원시 영통구 광교중앙로 140",37.2858727,127.0592378
"수원화성박물관","수원화성박물관","gyeonggi","수원시","경기 수원시 팔달구 창룡대로 21",37.2825,127.0195
"수원화성박물관 중앙","수원화성박물관 중앙","gyeonggi","수원시","경기 수원시 팔달구 창룡대로 21 수원화성박물관",37.2826896,127.018934
"수원KT위즈파크","수원KT위즈파크","gyeonggi","수원시","경기 수원시 장안구 경수대로 893 수원종합운동장(주경기장)",37.300096,127.0096588
"수원SK아트리움","수원SK아트리움","gyeonggi","수원시","경기 수원시 장안구 이목로 24",37.3096881340366,126.986481574203
"순천만국가정원","순천만국가정원","jeonnam","순천시","전남 순천시 국가정원1호길 47",34.9273063,127.5084156
"술술센터","술술센터","seoul","영등포구","서울 영등포구 도림로133길 15 술술센터",37.513015,126.8941533
"쉼 마포공덕점","쉼 마포공덕점","seoul","마포구","서울 마포구 도화길 33 2층",37.5411013,126.9494858
"슈가메르헨","슈가메르헨","gyeonggi","고양시","경기 고양시 덕양구 솔밭1길 44-6 1층 101호 슈가메르헨",37.6532961,126.8740645
"스냅굿타임 셀프사진관 흑백 스튜디오 화성 동탄역점","스냅굿타임 셀프사진관 흑백 스튜디오 화성 동탄역점","gyeonggi","화성시","경기 화성시 동탄기흥로 590",37.212792,127.0943462
"스누피가든","스누피가든","jeju","제주시","제주 제주시 구좌읍 금백조로 930",33.4441306,126.7781683
"스몹 고양","스몹 고양","gyeonggi","고양시","경기 고양시 덕양구 고양대로 1955 4F",37.6460425,126.8927294
"스몹 대전","스몹 대전","daejeon","유성구","대전 유성구 엑스포로 1 대전 신세계백화점 6F",36.3747824,127.3808505
"스몹 수원","스몹 수원","gyeonggi","수원시","경기 수원시 장안구 수성로 175 스타필드수원 7층",37.287784,126.9918942
"스몹 하남","스몹 하남","gyeonggi","하남시","경기 하남시 미사대로 750 스타필드 하남 4층",37.5452907,127.2255609
"스카이 롤러스케이트장","스카이 롤러스케이트장","incheon","부평구","인천 부평구 부평문화로80번길 16",37.4936320668809,126.724571274935
"스카이라인 루지 부산","스카이라인 루지 부산","busan","기장군","부산 기장군 기장읍 기장해안로 205",35.1942148,129.2196073
"스카이라인루지 통영","스카이라인루지 통영","gyeongnam","통영시","경남 통영시 발개로 178",34.8244626,128.4241905
"스카이랜드","스카이랜드","chungbuk","단양군","충북 단양군 단양읍 수변로 65 1층",36.9812481,128.3706213
"스카이아트홀","스카이아트홀","seoul","강서구","서울 강서구 화곡로63길 65",37.5579769026158,126.84939856075309
"스카이온파이브다이닝","스카이온파이브다이닝","","","정보 없음",,
"스카이워터쇼","스카이워터쇼","jeju","제주시","제주 제주시 구좌읍 번영로 2172-80",33.4241456,126.743562
"스케치홀","스케치홀","seoul","종로구","서울 종로구 동숭길 145",37.5831701538168,127.002275627788
"스타광장","스타광장","seoul","중구","서울 중구 을지로 12 시티스타몰 603",37.5656993,126.9783945
"스타벅스 일산덕이DT점","스타벅스 일산덕이DT점","gyeonggi","고양시","경기 고양시 일산서구 탄중로 106 (덕이동)",37.6920286,126.7566826
"스타스테이지","스타스테이지","seoul","종로구","서울 종로구 대학로12길 15",37.58271063549632,127.0028167796696
"스테이지 M","스테이지 M","seoul","종로구","서울 종로구 인사동길 34-1 지하2층 엠스테이지",37.5738627,126.9856312
"스튜디오 블루","스튜디오 블루","seoul","종로구","서울 종로구 대학로8가길 80 , 리트모빌딩 지하",37.573,126.9794
"스튜디오D","스튜디오D","seoul","성북구","서울 성북구 석관동 상세주소 열기 길 ...",37.60789,127.06116
"스팀의진수","스팀의진수","gyeonggi","오산시","경기 오산시 경기대로 280 1층 스팀의진수",37.1497652,127.0740217
"스파엔아로마테라피","스파엔아로마테라피","incheon","부평구","인천 부평구 광장로4번길 8 3층",37.4908329,126.7222424
"스파크랜드","스파크랜드","daegu","중구","대구 중구 동성로6길 61 동성로 스파크 7, 8, 9 층",35.8687083,128.5987415
"스파크필드","스파크필드","daegu","중구","대구 중구 동성로6길 61 동성로 스파크 5.6층",35.8687081,128.5987415
"스페이스 브릭","스페이스 브릭","seoul","마포구","서울 마포구 잔다리로 31",37.5512043681761,126.919696744088
"스페이스브릭","스페이스브릭","seoul","마포구","서울 마포구 서교동 상세주소 열기 길 ...",37.5550711,126.9238244
"스페이스T","스페이스T","seoul","마포구","서울 마포구 양화로8길 16-4 7층 스페이스T",37.549931,126.9159811
"슬라라 인스파이어점","슬라라 인스파이어점","incheon","중구","인천 중구 공항문화로 127 , 인스파이어 엔터테인먼트 리조트 1층",37.5637,126.9975
"슬론헤어","슬론헤어","seoul","서초구","서울 서초구 강남대로53길 12 솔라티움시티 2층 203호~206호",37.4943933,127.0277115
"슬아트 공방 카페","슬아트 공방 카페","gyeonggi","수원시","경기 수원시 권선구 칠보로14번길 123 1층",37.2630426,126.9429046
"시립청소년음악센터","시립청소년음악센터","seoul","양천구","서울 양천구 남부순환로 657 시립청소년음악센터",37.5106046,126.8429025
"시민문화회관 디피랑","시민문화회관 디피랑","gyeongnam","통영시","경남 통영시 남망공원길 29",34.8423238,128.4286307
"시오르","시오르","seoul","광진구","서울 광진구 천호대로118길 47 1층 시오르",37.5526758,127.0845488
"시윤아트홀","시윤아트홀","seoul","종로구","서울 종로구 대학로 116",37.5815303444904,127.002332184291
"시즌플레버","시즌플레버","gyeonggi","하남시","경기 하남시 미사강변대로226번길 66 1층 시즌플레버",37.5687574,127.1855246
"시청역 1번 출구 밖(집결지 확인 필수)","시청역 1번 출구 밖(집결지 확인 필수)","seoul","중구","서울 중구 서소문로 지하 127 , 시청역 1번 출구 밖",37.5637,126.9975
"시하 성수","시하 성수","seoul","성동구","서울 성동구 왕십리로 58 1층 XYHA",37.5426047,127.0452961
"시화조력문화관","시화조력문화관","gyeonggi","안산시","경기 안산시 단원구 대부황금로 1927 달전망대 2층 카페동",37.3128258,126.6092286
"시흥 공룡월드","시흥 공룡월드","gyeonggi","시흥시","경기 시흥시 은계호수로 49",37.4458355693248,126.802045044272
"시흥목감 수질복원센터 따오기아동문화관","시흥목감 수질복원센터 따오기아동문화관","gyeonggi","시흥시","경기 시흥시 동서로 902-20 따오기아동문화관",37.3779528,126.8461783
"시흥물환경센터 맑은물상상누리","시흥물환경센터 맑은물상상누리","gyeonggi","시흥시","경기 시흥시 공단2대로 14 맑은물상상누리",37.3370216,126.6958176
"신영체임버홀","신영체임버홀","seoul","영등포구","서울 영등포구 국제금융로8길 16 신영증권빌딩 1층",37.5212906,126.9289049
"신인자공방","신인자공방","gyeonggi","수원시","경기 수원시 팔달구 정조로801번길 13 1층 신인자공방",37.2796499,127.0157478
"신한카드 SOL페이 스퀘어","신한카드 SOL페이 스퀘어","seoul","마포구","서울 마포구 양화로 45",37.55112586142693,126.91439609571269
"심산기념문화센터","심산기념문화센터","seoul","서초구","서울 서초구 사평대로 55 서초구민체육센터.심산기념문화센터",37.4990163,126.9917416
"싱글벙글교육센터","싱글벙글교육센터","seoul","관악구","서울 관악구 남부순환로234길 73",37.476137,126.9562809
"쌈뚜껑","쌈뚜껑","gyeonggi","화성시","경기 화성시 동탄영천로 105 1층 148~152호",37.2121358,127.1031065
"썬밸리워터파크","썬밸리워터파크","gyeonggi","여주시","경기 여주시 강변유원지길 45",37.2936976290817,127.66150983326
"썬웨이 워터파크","썬웨이 워터파크","jeonnam","화순군","전남 화순군 도곡면 온천1길 45",35.0291237,126.902796
"쎄봉 크루아상 크로플마을","쎄봉 크루아상 크로플마을","seoul","서초구","서울 서초구 방배천로2안길 45 1층",37.4790051,126.9838217
"쎈토이박물관","쎈토이박물관","gyeonggi","여주시","경기 여주시 명품1로 42-9 여주프리미엄빌리지 쎈토이박물관",37.2446507549235,127.615754064713
"씨어터 윤","씨어터 윤","seoul","마포구","서울 마포구 와우산로 147-1",37.5665,126.9018
"씨어터 조이","씨어터 조이","seoul","종로구","서울 종로구 이화장길 78",37.5786741257057,127.0046415487
"씨어터 쿰","씨어터 쿰","seoul","종로구","서울 종로구 창경궁로 253",37.58442075361745,126.9995516598612
"씨어터조이","씨어터조이","seoul","종로구","서울 종로구 동숭동 상세주소 열기 길 ...",37.58096,127.0051932
"씨에스 호텔","씨에스 호텔","jeju","서귀포시","제주 서귀포시 중문관광로 198",33.2429595,126.4197249
"아델반 태전점","아델반 태전점","gyeonggi","광주시","경기 광주시 태전로 116 청운빌딩 나동 3층",37.3931318,127.2245353
"아뜰리에베르베르","아뜰리에베르베르","seoul","성북구","서울 성북구 성북로9길 9 디스커버리빌딩 1층 아뜰리에 베르베르",37.5906548,127.0034392
"아라고나이트 온천＆수영장","아라고나이트 온천＆수영장","jeju","서귀포시","제주 서귀포시 안덕면 산록남로762번길 71",33.3031138,126.3924251
"아라리오뮤지엄 동문모텔Ⅰ＆ Ⅱ","아라리오뮤지엄 동문모텔Ⅰ＆ Ⅱ","seoul","종로구","서울 종로구 율곡로 83",37.5776781,126.9884945
"아라리오뮤지엄 인 스페이스","아라리오뮤지엄 인 스페이스","seoul","종로구","서울 종로구 종로1·2·3·4가동 운니동 율곡로 83 아라리오뮤지엄 인 스페이스",37.5776563,126.9883124
"아라리오뮤지엄 탑동시네마","아라리오뮤지엄 탑동시네마","jeju","제주시","제주 제주시 탑동로 14",33.5174536,126.5233752
"아라아트센터","아라아트센터","seoul","종로구","서울 종로구 대학로8가길 30",37.5822871744261,127.002558635851
"아라아트홀","아라아트홀","seoul","종로구","서울 종로구 대학로8가길 30",37.5822871744261,127.002558635851
"아로유플라워","아로유플라워","seoul","송파구","서울 송파구 삼학사로6길 17 1층 아로유플라워",37.4998425,127.0989178
"아르디ys아트홀","아르디ys아트홀","gyeongnam","양산시","경남 양산시 물금읍 증산역로 163 재승프라자 3층 301호",35.3094949,129.0077204
"아르떼뮤지엄 부산","아르떼뮤지엄 부산","busan","영도구","부산 영도구 해양로247번길 29",35.0865369,129.0758503
"아르떼키즈파크","아르떼키즈파크","jeju","제주시","제주 제주시 애월읍 월각로 929",33.3539453,126.3585968
"아르코예술극장","아르코예술극장","seoul","종로구","서울 종로구 대학로8길 7",37.5812149819099,127.002988806095
"아르티스테마파크","아르티스테마파크","gyeonggi","화성시","경기 화성시 동탄대로19길 10",37.19724508103235,127.09785852030562
"아름다운정원 화수목","아름다운정원 화수목","chungnam","천안시","충남 천안시 동남구 목천읍 교천지산길 175",36.783976,127.1937121
"아리네일","아리네일","gyeonggi","포천시","경기 포천시 소흘읍 송우로 75 105호",37.8297546,127.1407252
"아리랑혼 태권마샬아트공연","아리랑혼 태권마샬아트공연","jeju","서귀포시","제주 서귀포시 표선면 번영로 2564-21 제주 아리랑",33.4027196,126.7786294
"아모레퍼시픽 오산공장","아모레퍼시픽 오산공장","gyeonggi","오산시","경기 오산시 가장산업동로 37 아모레퍼시픽 팩토리 투어",37.1630583,127.039727
"아미미술관","아미미술관","chungnam","당진시","충남 당진시 순성면 남부로 753-4",36.8615805,126.6802745
"아산시 평생학습관 아산아트홀","아산시 평생학습관 아산아트홀","chungnam","아산시","충남 아산시 남부로 92",36.7709276,126.992197
"아센사우나 ＆ 찜질방","아센사우나 ＆ 찜질방","gyeonggi","화성시","경기 화성시 효행로 1051 메인프라자",37.2146289694525,127.041973342112
"아스가르드 씨어터","아스가르드 씨어터","seoul","종로구","서울 종로구 동숭길 140",37.5836656943776,127.00255868303
"아시아출판문화정보센터","아시아출판문화정보센터","gyeonggi","파주시","경기 파주시 회동길 145",37.7086723,126.6867275
"아신극장","아신극장","daejeon","중구","대전 중구 대종로 458 2층, 3층",36.3255447,127.4279048
"아양아트센터 아양홀","아양아트센터 아양홀","daegu","동구","대구 동구 효동로2길 24 아양아트센터",35.8794014,128.6522348
"아이드블랑 시흥점","아이드블랑 시흥점","seoul","금천구","서울 금천구 시흥대로 143 2층 203호",37.4469194,126.9031021
"아이바가든","아이바가든","jeju","제주시","제주 제주시 애월읍 고성남서길 10",33.4339332,126.4215301
"아이브","아이브","gyeonggi","고양시","경기 고양시 일산동구 위시티2로11번길 6-31 106호",37.6763654,126.8138281
"아이올레인포레스트","아이올레인포레스트","jeju","제주시","제주 제주시 구좌읍 덕행로 359 아이올레인포레스트",33.5183545,126.7877598
"아이와 함께 갈 만한 곳 검색은 맘맘","아이와 함께 갈 만한 곳 검색은 맘맘","gyeonggi","과천시","경기 과천시 대공원광장로 80",37.433759,127.01132
"아이체험교육여행","아이체험교육여행","jeonbuk","군산시","전북 군산시 구영6길 133-3",35.9895137,126.711486
"아이픽스존 인계점 수원아이폰수리센터","아이픽스존 인계점 수원아이폰수리센터","gyeonggi","수원시","경기 수원시 팔달구 권광로 159 수원프라자 704호",37.2621167,127.0315966
"아일랜드캐슬","아일랜드캐슬","gyeonggi","이천시","경기 이천시 마장면 지산로 216",37.2497263,127.3634125
"아일랜드캐슬 워터파크","아일랜드캐슬 워터파크","gyeonggi","의정부시","경기 의정부시 장곡로 22",37.7292674,127.054073
"아쿠아시티","아쿠아시티","gwangju","북구","광주 북구 서하로 82",35.1871336,126.8893552
"아쿠아플라넷 광교","아쿠아플라넷 광교","gyeonggi","수원시","경기 수원시 영통구 광교호수공원로 300",37.28429320086867,127.05836769865131
"아쿠아플라넷 광교점","아쿠아플라넷 광교점","gyeonggi","수원시","경기 수원시 영통구 광교호수공원로 300 , 갤러리아 광교 파사쥬 지하 1층",37.2796799,127.0596148
"아쿠아플라넷 여수","아쿠아플라넷 여수","jeonnam","여수시","전남 여수시 오동도로 61-11 아쿠아리움",34.7462427,127.7488766
"아쿠아플라넷 일산","아쿠아플라넷 일산","etc","일산서구","아쿠아플라넷 일산, 보행자길, 대화동, 일산서구, 고양시, 10392, 대한민국",37.6639187,126.7556899
"아쿠아플라넷 일산점","아쿠아플라넷 일산점","gyeonggi","고양시","경기 고양시 일산서구 한류월드로 282",37.662843,126.753766
"아쿠아플라넷 제주","아쿠아플라넷 제주","jeju","서귀포시","제주 서귀포시 성산읍 섭지코지로 95 아쿠아플라넷 제주",33.4326445,126.9279667
"아쿠아플레이하우스","아쿠아플레이하우스","busan","강서구","부산 강서구 명지국제6로 90 오션퍼스트 3층",35.0911218,128.9087812
"아쿠아필드 고양","아쿠아필드 고양","gyeonggi","고양시","경기 고양시 덕양구 고양대로 1955",37.647922250654574,126.89671586537472
"아쿠아필드 안성","아쿠아필드 안성","gyeonggi","안성시","경기 안성시 공도읍 서동대로 3930",36.99545685082593,127.14722469643748
"아쿠아필드 하남","아쿠아필드 하남","gyeonggi","하남시","경기 하남시 미사대로 750",37.545828649557436,127.2234771986401
"아트벙커","아트벙커","gyeonggi","부천시","경기 부천시 오정구 삼작로 53 부천아트벙커 B39",37.5218952,126.7676575
"아트선재센터","아트선재센터","seoul","종로구","서울 종로구 율곡로3길 87 아트선재센터",37.579475,126.9818375
"아트센터인천 다목적홀","아트센터인천 다목적홀","incheon","연수구","인천 연수구 아트센터대로 222",37.3934862,126.626308
"아트센터인천 콘서트홀","아트센터인천 콘서트홀","incheon","연수구","인천 연수구 아트센터대로 222",37.39314222289944,126.6261270244216
"아트아뜰리에","아트아뜰리에","","성동구","정보 없음",37.5633,127.0371
"아트인해리단","아트인해리단","busan","해운대구","부산 해운대구 우동1로20번길 74 1층 나26호",35.1653393,129.1601783
"아트자이후문상가","아트자이후문상가","seoul","영등포구","서울 영등포구 도영로 66",37.5264,126.8962
"아트조선스페이스","아트조선스페이스","seoul","중구","서울 중구 세종대로21길 30",37.5677004,126.9757292
"아트팩토리참기름","아트팩토리참기름","incheon","강화군","인천 강화군 길상면 까치골길 109",37.6677834349095,126.480199597324
"아트포레스트","아트포레스트","seoul","종로구","서울 종로구 대학로12길 22 , 5층 아트포레스트",37.573,126.9794
"아트플랜트","아트플랜트","seoul","마포구","서울 마포구 월드컵북로4길 87 (동교동, 정원211빌딩) 지하1층 아트플랜트",37.5665,126.9018
"아트플러스씨어터","아트플러스씨어터","daegu","중구","대구 중구 동성로3길 89",35.8693079,128.5981728
"아트하우스","아트하우스","seoul","종로구","서울 종로구 대학로10길 26 , 지하 1층",37.573,126.9794
"아포에르카페","아포에르카페","","용인시","정보 없음",37.241,127.1775
"안동시민회관 낙동홀","안동시민회관 낙동홀","gyeongbuk","안동시","경북 안동시 퇴계로 115 안동시청",36.5682613,128.7285323
"안동투어패스","안동투어패스","gyeongbuk","안동시","경북 안동시 퇴계로 115 안동시청",36.5684249,128.7295375
"안똔체홉극장","안똔체홉극장","seoul","종로구","서울 종로구 성균관로3길 23",37.5830818402188,126.996997533451
"안면도 꽃지카트장＆atv","안면도 꽃지카트장＆atv","","","정보 없음",36.5031236,126.3384
"안산(무악산)","안산(무악산)","","","정보 없음",,
"안산대학교 강석봉기념관","안산대학교 강석봉기념관","gyeonggi","안산시","경기 안산시 상록구 안산대학로 155",37.3093362,126.8780713
"안산산업역사박물관","안산산업역사박물관","gyeonggi","안산시","경기 안산시 단원구 화랑로 265 안산산업역사박물관",37.3230012,126.8172205
"안산어촌민속전시관","안산어촌민속전시관","gyeonggi","안산시","경기 안산시 단원구 대부황금로 7 안산어촌민속전시관",37.1925177,126.6461154
"안산올림픽기념관 대공연장","안산올림픽기념관 대공연장","","","정보 없음",,
"안성맞춤","안성맞춤","gyeonggi","안성시","경기 안성시 보개면 남사당로 198",37.0328361664822,127.307800301573
"안성맞춤 천문과학관","안성맞춤 천문과학관","gyeonggi","안성시","경기 안성시 보개면 남사당로 198-9 안성맞춤천문과학관",37.0330042,127.3125931
"안성맞춤박물관","안성맞춤박물관","gyeonggi","안성시","경기 안성시 대덕면 서동대로 4726-15 안성맞춤박물관",37.011067,127.228213
"안성맞춤아트홀 대공연장","안성맞춤아트홀 대공연장","gyeonggi","안성시","경기 안성시 발화대길 21 안성맞춤아트홀",36.9947872,127.2793155
"안성맞춤아트홀 주민편의동 1층 전시실","안성맞춤아트홀 주민편의동 1층 전시실","gyeonggi","안성시","경기 안성시 발화대길 21",36.9819923,127.2898982
"안성맞춤캠핑장","안성맞춤캠핑장","gyeonggi","안성시","경기 안성시 보개면 남사당로 198",37.02985541403721,127.31279663353556
"안성팜랜드","안성팜랜드","gyeonggi","안성시","경기 안성시 공도읍 대신두길 28",36.9920882944177,127.194405718721
"안성환경교육센터","안성환경교육센터","gyeonggi","안성시","경기 안성시 보개면 보개산로 147-156",37.0496469,127.3263301
"안양 정관장 아레나","안양 정관장 아레나","gyeonggi","안양시","경기 안양시 동안구 평촌대로 389",37.405047,126.9484472
"안양아트센터 관악홀","안양아트센터 관악홀","gyeonggi","안양시","경기 안양시 만안구 문예로36번길 16",37.38460941042,126.931360569826
"안양천 생태이야기관 안양천 생태이야기관","안양천 생태이야기관 안양천 생태이야기관","gyeonggi","안양시","경기 안양시 만안구 석수로 320",37.4171308,126.8959439
"안중근의사기념관 안중근의사 기념관","안중근의사기념관 안중근의사 기념관","seoul","중구","서울 중구 소월로 91",37.5534459,126.9803621
"안토","안토","seoul","강북구","서울 강북구 삼양로 689 안토",37.6632824,127.0086662
"알벤토","알벤토","incheon","서구","인천 서구 청라루비로134번길 6",37.5369993,126.6412012
"알프스 제주","알프스 제주","jeju","서귀포시","제주 서귀포시 표선면 서성일로 73",33.3986419,126.8025506
"알프스마을 눈썰매장","알프스마을 눈썰매장","chungnam","청양군","충남 청양군 정산면 천장호길 223-35",36.4097417,126.9141281
"암사동 선사유적지 (서울 강동구 올림픽로 875)","암사동 선사유적지 (서울 강동구 올림픽로 875)","seoul","강동구","서울 강동구 올림픽로 875 ...",37.5301,127.1238
"애월 배낚시 성안호","애월 배낚시 성안호","jeju","제주시","제주 제주시 애월읍 애월해안로 93 애월배낚시 성안호",33.4620455,126.3292348
"애월뮤직팩토리","애월뮤직팩토리","jeju","제주시","제주 제주시 애월읍 엄수로 63 1층",33.4702879,126.3811158
"애플당당스튜디오","애플당당스튜디오","seoul","양천구","서울 양천구 목동중앙남로 21-32 1층",37.5354948,126.866326
"액션하우스","액션하우스","jeonbuk","익산시","전북 익산시 금마면 금마호수길 37 금마생태관광지내부",36.0052137,127.0557515
"액트몬","액트몬","gyeonggi","용인시","경기 용인시 기흥구 신고매로 59 리빙파워센터 B3층",37.2235019,127.1142401
"액티브파크 카트","액티브파크 카트","jeju","제주시","제주 제주시 한림읍 금능남로 76 액티브파크 카트",33.3807412,126.2358857
"액티브파크 클립앤클라임","액티브파크 클립앤클라임","jeju","제주시","제주 제주시 한림읍 금능남로 76 액티브파크 제주",33.3811424,126.2360785
"앤사장다락방","앤사장다락방","incheon","부평구","인천 부평구 주부토로 111 (부평동) 앤사장다락방",37.4563,126.7052
"양산 쌍벽루아트홀","양산 쌍벽루아트홀","gyeongnam","양산시","경남 양산시 신기강변로 26",35.3500216,129.0341248
"양산 에덴밸리","양산 에덴밸리","gyeongnam","양산시","경남 양산시 어실로 1206",35.4288719,128.984372
"양재스포타임","양재스포타임","seoul","서초구","서울 서초구 강남대로 213",37.482798926833,127.034832661298
"양재천수변문화쉼터","양재천수변문화쉼터","seoul","강남구","서울 강남구 논현로22길 77",37.4827688,127.0491707
"양주 가나아트파크","양주 가나아트파크","gyeonggi","양주시","경기 양주시 장흥면 권율로 117",37.7255669219749,126.949663542272
"양주 어드벤처 시티","양주 어드벤처 시티","gyeonggi","양주시","경기 양주시 어하고개로 5",37.8093715774886,127.097839701519
"양주곤충박물관","양주곤충박물관","gyeonggi","양주시","경기 양주시 장흥면 권율로 124",37.724920422327706,126.95060432048733
"양주눈꽃축제","양주눈꽃축제","gyeonggi","양주시","경기 양주시 장흥면 권율로 594",37.7595365626695,126.969168784184
"양주문화예술회관 소공연장","양주문화예술회관 소공연장","gyeonggi","양주시","경기 양주시 광적면 부흥로618번길 303",37.8131590096676,126.972299079877
"양주체육복지센터 2층 양주시VR체험관","양주체육복지센터 2층 양주시VR체험관","gyeonggi","양주시","경기 양주시 화합로1426번길 90",37.8381544,127.068039
"양천문화회관","양천문화회관","seoul","양천구","서울 양천구 목동서로 367",37.5164838127114,126.863262711975
"양평 양떼목장","양평 양떼목장","gyeonggi","양평군","경기 양평군 용문면 은고갯길 112",37.51545522357331,127.6287598630799
"양평친환경농업박물관","양평친환경농업박물관","gyeonggi","양평군","경기 양평군 용문면 용문산로 670 양평친환경농업박물관",37.5477976,127.5812438
"양향자 푸드앤코디아카데미","양향자 푸드앤코디아카데미","seoul","강남구","서울 강남구 논현로57길 24 2, 3층",37.4912955,127.0391367
"어니스트뮤직","어니스트뮤직","gyeonggi","군포시","경기 군포시 번영로587번안길 7",37.3623459,126.9402702
"어댑터씨어터","어댑터씨어터","busan","수영구","부산 수영구 광남로 102",35.1508975,129.1154594
"어디든가게","어디든가게","gyeongbuk","경주시","경북 경주시 동문로 38 1층",35.8477528,129.2141483
"어린이대공원 서울상상나라","어린이대공원 서울상상나라","seoul","광진구","서울 광진구 능동로 216",37.5498986,127.0809212
"어린이백제체험관","어린이백제체험관","chungnam","청양군","충남 청양군 대치면 장곡길 45-27 어린이백제체험관",36.4048669,126.8459486
"어린이청소년 국학도서관","어린이청소년 국학도서관","seoul","종로구","서울 종로구 명륜길 26 와룡문화센터 5층",37.5885369,126.995547
"어연히하우스","어연히하우스","gyeonggi","평택시","경기 평택시 청원로 380-38",37.046606,126.9730894
"어울림정육식당 서울대입구역점","어울림정육식당 서울대입구역점","seoul","관악구","서울 관악구 남부순환로 1808 1층 어울림정육식당 서울대입구역점",37.4812709,126.9509419
"어촌민속전시관 거제조선해양문화관","어촌민속전시관 거제조선해양문화관","gyeongnam","거제시","경남 거제시 일운면 지세포해안로 41",34.8346903,128.7016375
"어프로미","어프로미","seoul","마포구","서울 마포구 동교로30길 19 (동교동) 3층 어프로미",37.5665,126.9018
"언더시티","언더시티","seoul","성동구","서울 성동구 성수이로22길 61",37.5431486395019,127.063907544925
"언커무드","언커무드","seoul","마포구","서울 마포구 성미산로 191",37.5665,126.9018
"얼룩말식당 산본점","얼룩말식당 산본점","gyeonggi","군포시","경기 군포시 산본로323번길 16-29 2층 203호",37.3599288,126.9311679
"업스테이지","업스테이지","gyeonggi","용인시","경기 용인시 수지구 광교중앙로 338",37.30065715309666,127.07116288302747
"에그쉘","에그쉘","seoul","용산구","서울 용산구 소월로40길 45 1층, 2층",37.5420421,126.99145
"에너지 제로 하우스","에너지 제로 하우스","seoul","마포구","서울 마포구 증산로 14",37.563055,126.8914525
"에버랜드","에버랜드","gyeonggi","용인시","경기 용인시 처인구 포곡읍 에버랜드로 199",37.2938764,127.2048444
"에브리데이몬데이 갤러리","에브리데이몬데이 갤러리","seoul","송파구","서울 송파구 송파대로48길 14",37.5088598,127.105775
"에이 오티디","에이 오티디","seoul","서초구","서울 서초구 반포대로7길 17 지하1층",37.4821576,127.0111359
"에이치씨어터","에이치씨어터","seoul","종로구","서울 종로구 이화장길 54 , 지하 1층",37.573,126.9794
"에이치아츠","에이치아츠","daegu","대구","대구 남구 현충로48길 19 H-ARTS",35.8527763,128.584452
"에이투렌트카","에이투렌트카","gyeonggi","수원시","경기 수원시 팔달구 권광로276번길 33-30",37.2732117,127.0370716
"에즈씨유 가죽공방","에즈씨유 가죽공방","gyeonggi","수원시","경기 수원시 영통구 대학4로 34 101호 1층 에즈씨유 가죽공방",37.2990132,127.0477226
"에코랜드 테마파크","에코랜드 테마파크","jeju","제주시","제주 제주시 조천읍 번영로 1278-169",33.4470257,126.667399
"에코리움","에코리움","gyeonggi","오산시","경기 오산시 오산천로 52",37.1383718,127.0636735
"엑스코 동관","엑스코 동관","daegu","대구","대구 북구 유통단지로 110",35.9078406,128.61408
"엑스코 서관 1홀","엑스코 서관 1홀","daegu","대구","대구 북구 엑스코로 10 (산격동)",35.9070355,128.6124813
"엑스코 컨벤션홀","엑스코 컨벤션홀","daegu","대구","대구 북구 엑스코로 10",35.9071678,128.6130954
"엑스콤스","엑스콤스","seoul","서초구","서울 서초구 방배중앙로23길 42",37.4927646,126.9834259
"엑스포대공원","엑스포대공원","gyeongbuk","경주시","경북 경주시 경감로 614",35.8331769,129.2892438
"엘림아트센터","엘림아트센터","incheon","서구","인천 서구 크리스탈로 78",37.532056970344534,126.63688193896643
"엘에스컴퍼니","엘에스컴퍼니","gyeonggi","부천시","경기 부천시 원미구 계남로 273-1",37.5053835,126.779065
"엘지스포츠","엘지스포츠","seoul","송파구","서울 송파구 올림픽로 25 잠실종합운동장 (내)",37.5164915,127.0735976
"엠스테이지","엠스테이지","seoul","종로구","서울 종로구 인사동길 34-1 지하2층 엠스테이지",37.573,126.9794
"엠피엠지 2층 LOUNGE M.","엠피엠지 2층 LOUNGE M.","seoul","마포구","서울 마포구 서강로 78",37.5665,126.9018
"여기한복","여기한복","gyeongbuk","경주시","경북 경주시 교촌길 2 여기한복 폴바셋커피 바로옆",35.8330595,129.2140524
"여미지식물원","여미지식물원","jeju","서귀포시","제주 서귀포시 중문관광로 93",33.2526509,126.4142189
"여수 돌산 진모지구/개도/금오도/여수세계박람회","여수 돌산 진모지구/개도/금오도/여수세계박람회","","","정보 없음",,
"여수 아르떼뮤지엄","여수 아르떼뮤지엄","jeonnam","여수시","전남 여수시 박람회길 1 국제관 A동 3층",34.750854,127.7457441
"여수 테디베어뮤지엄","여수 테디베어뮤지엄","jeonnam","여수시","전남 여수시 소라면 안심산길 155",34.7478693,127.6414027
"여수엑스포 스페이스 키즈파크","여수엑스포 스페이스 키즈파크","jeonnam","여수시","전남 여수시 박람회길 1 비동 308호",34.7521895,127.7465005
"여우별아트홀","여우별아트홀","daegu","중구","대구 중구 동성로3길 35 . 4층",35.8669331,128.5972927
"여의도 벙커","여의도 벙커","seoul","영등포구","서울 영등포구 국제금융로8길 31",37.519805354216,126.928006226952
"여의도 KBS홀","여의도 KBS홀","seoul","영등포구","서울 영등포구 여의동 여의도동 여의서로1길 KBS홀",37.5259532,126.9152896
"여의도공원","여의도공원","seoul","영등포구","서울 영등포구 여의공원로 68",37.526129,126.922377
"여주 루덴시아","여주 루덴시아","gyeonggi","여주시","경기 여주시 산북면 금품1로 177 여주 루덴시아",37.4015984524867,127.461439233202
"여주 주주팜","여주 주주팜","gyeonggi","여주시","경기 여주시 점동면 가남로 1126",37.202022909079716,127.65608836118892
"여주곤충박물관","여주곤충박물관","etc","여주시","여주곤충박물관, 명성로, 매룡동, 여주시, 12634, 대한민국",37.2774595,127.6578996
"여주시여성회관","여주시여성회관","gyeonggi","여주시","경기 여주시 천송동 561-5",37.3007389412512,127.651305481858
"여행사 | 3박 4일","여행사 | 3박 4일","seoul","마포구","서울 마포구 삼개로 20 근신빌딩 별관 201호",37.5385088,126.9472158
"역사박물관 충청남도역사박물관","역사박물관 충청남도역사박물관","chungnam","공주시","충남 공주시 국고개길 24 충청남도역사박물관",36.453763,127.1266077
"역사홍보관","역사홍보관","gyeongnam","통영시","경남 통영시 세병로 12 역사홍보관",34.8458183,128.4232424
"연남로11길 29","연남로11길 29","seoul","마포구","서울 마포구 연남로11길 29",37.5665,126.9018
"연무대 안내소 앞","연무대 안내소 앞","gyeonggi","수원시","경기 수원시 팔달구 창룡대로103번길 8 연무대활터",37.2878646,127.0236987
"연산역철도문화체험관","연산역철도문화체험관","chungnam","논산시","충남 논산시 연산면 선비로275번길 31-2",36.2122849,127.2008129
"연세고운미소치과의원","연세고운미소치과의원","gyeonggi","성남시","경기 성남시 분당구 성남대로 165 천사의도시 1차 313~315호",37.350315,127.108356
"연세대학교 대강당","연세대학교 대강당","gangwon","원주시","강원 원주시 흥업면 한라대길 28",37.3036733740458,127.907799823966
"연세대학교 백주년기념관","연세대학교 백주년기념관","seoul","서대문구","서울 서대문구 독립문로14길 48",37.5672614465493,126.961818334834
"연세대학교 이윤재관(622)","연세대학교 이윤재관(622)","seoul","서대문구","서울 서대문구 연세로 50",37.5671131,126.9390292
"연세히어로정형외과의원 송도","연세히어로정형외과의원 송도","incheon","연수구","인천 연수구 센트럴로 313 B동 425~433호",37.4011939,126.6314043
"연어초밥","연어초밥","seoul","서대문구","서울 서대문구 이화여대1길 42-1 3층",37.5572739,126.943404
"연우아트글씨문화연구실","연우아트글씨문화연구실","seoul","서초구","서울 서초구 나루터로15길 39 A동 203호",37.5170979,127.0170269
"연정민 소금구이","연정민 소금구이","seoul","송파구","서울 송파구 백제고분로33길 16 1층 102호",37.5039988,127.0989093
"연천 세계캠핑체험존","연천 세계캠핑체험존","gyeonggi","연천군","경기 연천군 전곡읍 선사로 123",38.00735667685549,127.06234422605226
"연천군청소년수련관","연천군청소년수련관","gyeonggi","연천군","경기 연천군 연천읍 문화로 140",38.1055396,127.0792524
"연천재인폭포오토캠핑장","연천재인폭포오토캠핑장","gyeonggi","연천군","경기 연천군 연천읍 현문로508번길 140",38.06493289497841,127.12718366969492
"연필","연필","seoul","광진구","서울 광진구 면목로 12 1층 102호",37.555229,127.0756111
"연희빌딩","연희빌딩","seoul","영등포구","서울 영등포구 대림로 152 (대림동, 연희빌딩) 연희빌딩 B1",37.5264,126.8962
"연희정음 지하","연희정음 지하","seoul","서대문구","서울 서대문구 연희맛로 17-3 ...",37.5667244,126.9287137
"열정국밥 동대문구장안점","열정국밥 동대문구장안점","seoul","동대문구","서울 동대문구 한천로24길 74-16 1층",37.567839,127.0678418
"영덕신재생에너지전시관","영덕신재생에너지전시관","gyeongbuk","영덕군","경북 영덕군 영덕읍 해맞이길 254-20 영덕풍력발전단지내",36.4225163,129.4196794
"영등포교육복지센터","영등포교육복지센터","seoul","영등포구","서울 영등포구 당산로 235 영등포교육복지센터",37.5347128,126.9020849
"영등포구 별관청사 ydp곤충체험학습관","영등포구 별관청사 ydp곤충체험학습관","seoul","영등포구","서울 영등포구 선유동1로 80 영등포구청 별관청사 YDP 곤충체험학습관",37.5283321,126.8938801
"영등포시장역 2번 출구에서 도보 15초","영등포시장역 2번 출구에서 도보 15초","","영등포구","정보 없음",37.5264,126.8962
"영등포아트홀","영등포아트홀","seoul","영등포구","서울 영등포구 당산1동 신월여의지하도로 영등포아트홀 앞",37.5266838,126.9001923
"영롱달빛 반지공방","영롱달빛 반지공방","gyeonggi","수원시","경기 수원시 팔달구 화서문로 32 2층",37.2848661,127.0114186
"영빌딩","영빌딩","","강남구","정보 없음",37.5172,127.0473
"영산아트홀","영산아트홀","seoul","영등포구","서울 영등포구 여의동 여의도동 여의공원로 101 영산아트홀",37.5292755,126.9249272
"영상문화단지 한국만화박물관","영상문화단지 한국만화박물관","gyeonggi","부천시","경기 부천시 원미구 길주로 1",37.5086327,126.7421242
"영스우드","영스우드","gyeonggi","시흥시","경기 시흥시 호현로 39 지하1층",37.4438246,126.7850298
"영암곤충박물관","영암곤충박물관","jeonnam","영암군","전남 영암군 영암읍 기찬랜드로 41",34.7909683,126.6852637
"영양꽁꽁겨울축제","영양꽁꽁겨울축제","","","정보 없음",,
"영양산촌생활박물관","영양산촌생활박물관","gyeongbuk","영양군","경북 영양군 입암면 영양로 963",36.615364,129.0841443
"영월동굴생태관","영월동굴생태관","gangwon","영월군","강원 영월군 김삿갓면 영월동로 1121-15 동굴생태관",37.1303567,128.5367419
"영일딸기농장","영일딸기농장","gyeonggi","김포시","경기 김포시 고촌읍 전호리 453-2",37.5853110101621,126.792450692701
"영종역사관","영종역사관","incheon","중구","인천 중구 구읍로 63",37.4888754,126.5774556
"영천시 별빛테마마을 (야영장","영천시 별빛테마마을 (야영장","gyeongbuk","영천시","경북 영천시 화북면 정각길 22",36.1391475,128.9949345
"영천시 별빛테마마을 (야영장, 글램핑장)","영천시 별빛테마마을 (야영장, 글램핑장)","","","정보 없음",,
"영천시 별빛테마마을 (펜션시설)","영천시 별빛테마마을 (펜션시설)","gyeongbuk","영천시","경북 영천시 화북면 정각길 22",36.1395392,128.9948677
"영천시 한의마을 한옥체험관","영천시 한의마을 한옥체험관","gyeongbuk","영천시","경북 영천시",35.9775781,128.9211814
"영화의전당 하늘연극장","영화의전당 하늘연극장","busan","남구","부산 남구 수영로298번길 41 금호빌딩 지하1층",35.1351432,129.1000311
"영화체험박물관＆씨네뮤지엄","영화체험박물관＆씨네뮤지엄","","","정보 없음",,
"예그린씨어터","예그린씨어터","seoul","종로구","서울 종로구 동숭길 130",37.5838855252471,127.003043256729
"예림당아트홀","예림당아트홀","seoul","강남구","서울 강남구 역삼2동 역삼동 역삼로 예림당아트홀.신한은행전산센터",37.498086,127.0441265
"예술랜드","예술랜드","jeonnam","여수시","전남 여수시 돌산읍 무술목길 142-1 여수예술랜드",34.6950311,127.7771599
"예술의전당","예술의전당","seoul","서초구","서울 서초구 남부순환로 2406",37.4793614002782,127.013806705374
"예스24 아트원","예스24 아트원","seoul","종로구","서울 종로구 대학로12길 83 , 예스24 아트원 2관",37.573,126.9794
"예스24 원더로크홀","예스24 원더로크홀","seoul","서대문구","서울 서대문구 신촌로 129 아트레온",37.5565737,126.9403064
"예스24스테이지","예스24스테이지","seoul","종로구","서울 종로구 대학로12길 21",37.5827268419485,127.00326058167471
"예스24아트원","예스24아트원","seoul","종로구","서울 종로구 대학로 12길 83",37.574331,127.0016049
"예약 시 사전 안내 문자 드립니다","예약 시 사전 안내 문자 드립니다","seoul","마포구","서울 마포구 와우산로37길 9 (동교동)",,
"예인아트홀","예인아트홀","seoul","강남구","서울 강남구 도산대로81길 45",37.5270380007738,127.046179838546
"옐레드 노원상계점","옐레드 노원상계점","seoul","노원구","서울 노원구 상계동",37.66727,127.07242
"옐레드 대구신월성점","옐레드 대구신월성점","daegu","대구","대구 달서구 조암로6길 6-45 4층 404호",35.8265526,128.5289661
"옐레드 마곡점","옐레드 마곡점","seoul","강서구","서울 강서구 마곡중앙6로 45",37.5605219,126.8318333
"옐레드 서초교대역점","옐레드 서초교대역점","seoul","서초구","서울 서초구 서초중앙로22길 107",37.4939224,127.019212
"옐레드 시흥은계호수점","옐레드 시흥은계호수점","gyeonggi","시흥시","경기 시흥시 은계중앙로 234 31동 5",37.4132332,126.8395828
"옐레드 하남미사점","옐레드 하남미사점","gyeonggi","하남시","경기 하남시 미사강변중앙로 220",37.5556983,127.1923528
"오늘은 카트레이싱","오늘은 카트레이싱","jeju","서귀포시","제주 서귀포시 표선면 중산간동로 4772 오늘은녹차한잔 카트장",33.3818497,126.7910726
"오늘은녹차족욕","오늘은녹차족욕","jeju","서귀포시","제주 서귀포시 표선면 중산간동로 4772 성읍리 2197-11",33.3818449,126.791065
"오대호아트팩토리","오대호아트팩토리","chungbuk","충주시","충북 충주시 앙성면 가곡로 1434 오대호아트팩토리",37.0941879,127.7945237
"오두산통일전망대","오두산통일전망대","gyeonggi","파주시","경기 파주시 탄현면 필승로 369 오두산통일전망대",37.7735307,126.677316
"오름ATV","오름ATV","","","정보 없음",,
"오마이갓","오마이갓","seoul","종로구","서울 종로구 동숭길 68 , 지하 1층",37.573,126.9794
"오마이갤러리","오마이갤러리","chungnam","태안군","충남 태안군 안면읍 안면대로 3171-6 오마이갤러리",36.4986991,126.357947
"오목교별장","오목교별장","seoul","양천구","서울 양천구 오목로 331 2층 오목교별장",37.5248984,126.8744388
"오블리비아떼","오블리비아떼","seoul","서초구","서울 서초구 방배천로6길 39-2 1F",37.4793593,126.9849554
"오산 오마이쥬 키즈파크","오산 오마이쥬 키즈파크","gyeonggi","오산시","경기 오산시 경기대로632번길 89 오마이쥬",37.1844069647972,127.059450929852
"오산리선사유적박물관","오산리선사유적박물관","gangwon","양양군","강원 양양군 손양면 학포길 33 오산리선사유적박물관",38.0860129,128.6605664
"오산문화예술회관","오산문화예술회관","gyeonggi","오산시","경기 오산시 경기동로 51",37.1595171490519,127.07689693335
"오산사무용가구","오산사무용가구","gyeonggi","오산시","경기 오산시 경기대로 261-1",37.1482326,127.0733709
"오산시청","오산시청","gyeonggi","오산시","경기 오산시 성호대로 141 오산시청",37.149571,127.0769685
"오설록 티뮤지엄","오설록 티뮤지엄","jeju","서귀포시","제주 서귀포시 안덕면 신화역사로 15 오설록",33.3060843,126.2893926
"오아르미술관","오아르미술관","gyeongbuk","경주시","경북 경주시 금성로 260-6 오아르미술관",35.8405848,129.207685
"오엔법률사무소","오엔법률사무소","seoul","서초구","서울 서초구 서초대로 356 14층 1405호, 1406호 오엔법률사무소",37.4954162,127.0202646
"오월드","오월드","daejeon","중구","대전 중구 사정공원로 70",36.2888608,127.3979539
"오유아트홀","오유아트홀","seoul","강남구","서울 강남구 남부순환로378길 34-9",37.4837356132787,127.046374781024
"오이빌라","오이빌라","seoul","종로구","서울 종로구 이화장2길 10",37.5778355,127.0050493
"오창온천 로하스파","오창온천 로하스파","chungbuk","청주시","충북 청주시 청원구 오창읍 중심상업로 39 오창온천",36.7142263,127.429
"오키드 키즈카페","오키드 키즈카페","gyeonggi","김포시","경기 김포시 대곶면 대명항1로 52 가동 2층",37.6428312965761,126.546076105164
"오피스텔","오피스텔","seoul","마포구","서울 마포구 마포대로 33 (도화동, 마포 한화 오벨리스크) 오피스텔 1804호",37.5665,126.9018
"오피스A동 20층 패스트파이브","오피스A동 20층 패스트파이브","","영등포구","정보 없음",37.5264,126.8962
"오하운폴댄스","오하운폴댄스","seoul","노원구","서울 노원구 상계로1길 14-11 (상계동, 하이웰빙상가) 5층 오하운폴댄스",37.6542,127.0568
"옥천전통문화체험관","옥천전통문화체험관","chungbuk","옥천군","충북 옥천군 옥천읍 향수길 100",36.316312,127.5852938
"옥토끼우주센터","옥토끼우주센터","incheon","강화군","인천 강화군 불은면 강화동로 403 옥토끼우주센터",37.6742008,126.487157
"옥파이종일 생가지 이종일선생생가지","옥파이종일 생가지 이종일선생생가지","chungnam","태안군","충남 태안군 원북면 옥파로 199-7",36.8317716,126.241206
"온담플라워&주얼리","온담플라워&주얼리","seoul","마포구","서울 마포구 도화2안길 14 1층",37.5394057,126.9487376
"온라인 라이브 클래스 랜선 라이브 클래스","온라인 라이브 클래스 랜선 라이브 클래스","seoul","성동구","서울 성동구 왕십리로 115",37.5633682,127.0307057
"온라인 수업","온라인 수업","seoul","마포구","서울 마포구 동교로 57-4 (망원동) 온라인 수업",37.5665,126.9018
"온라인투어 |","온라인투어 |","seoul","종로구","서울 종로구 효자로 23 국제항운빌딩 2층~4층",37.5781598,126.97372
"온맘씨어터","온맘씨어터","seoul","마포구","서울 마포구 어울마당로 94-8 지하 1층",37.5531377,126.9222119
"온쉼표","온쉼표","gyeonggi","광주시","경기 광주시 도척면 시어골길 115-6 온쉼표",37.3134654,127.2967173
"온야드 성수점","온야드 성수점","seoul","성동구","서울 성동구 성수일로8길 39-1 2층",37.545753,127.0549596
"온올","온올","seoul","중구","서울 중구 청파로 437-1 4층 401호",37.558693,126.969041
"온유어마인드","온유어마인드","seoul","마포구","서울 마포구 동교로27길 53 5층 510호",37.5603362,126.9208424
"올래홀","올래홀","seoul","종로구","서울 종로구 대학로10길 24 , 3층",37.573,126.9794
"올림아트센터","올림아트센터","seoul","종로구","서울 종로구 이화장길 99",37.5796958662325,127.004289528866
"올림픽 공원 장미광장","올림픽 공원 장미광장","seoul","송파구","서울 송파구 올림픽로 424 (방이동, 올림픽공원) 올림픽 공원 장미광장",37.5145,127.1066
"올림픽공원 뮤즈라이브홀","올림픽공원 뮤즈라이브홀","seoul","송파구","서울 송파구 올림픽로 424",37.514382560555404,127.12715971878471
"올림픽공원 올림픽홀","올림픽공원 올림픽홀","seoul","송파구","서울 송파구 올림픽로 424",37.51474165901363,127.12753246584705
"올림픽공원 우리금융아트홀","올림픽공원 우리금융아트홀","seoul","송파구","서울 송파구 올림픽로 424",37.516745478832,127.125014546617
"올림픽수영장","올림픽수영장","seoul","송파구","서울 송파구 올림픽로 424 올림픽수영장",37.521036,127.126926
"올림픽홀 뮤즈라이브","올림픽홀 뮤즈라이브","seoul","송파구","서울 송파구 올림픽로 424",37.5145,127.1066
"올웨이즈씨어터","올웨이즈씨어터","seoul","종로구","서울 종로구 대학로 132",37.583089067769,127.002094481016
"와이마우스패션공방","와이마우스패션공방","seoul","광진구","서울 광진구 아차산로 415 (구의동) 5층 와이마우스패션공방",37.5385,127.0824
"와일드","와일드","seoul","중구","서울 중구 마른내로 47 , 명보아트홀 지하 1층",37.5637,126.9975
"와일드벅스 곤충탐험대","와일드벅스 곤충탐험대","incheon","중구","인천 중구 월미로 222 , 뽀로로앤타요 빌딩 1층",37.4763321,126.6026526
"와키브라 역삼점","와키브라 역삼점","seoul","강남구","서울 강남구 논현로63길 16 강남서해더블루상가 1층 121호 와키브라",37.4929577,127.0389683
"완산벙커 더 스페이스","완산벙커 더 스페이스","jeonbuk","전주시","전북 전주시 완산구 완산5길 70",35.8062345,127.1428692
"왓더버거 용인죽전직영점","왓더버거 용인죽전직영점","gyeonggi","용인시","경기 용인시 기흥구 죽전로 10 1층 107호",37.320332,127.1098915
"요트야","요트야","busan","해운대구","부산 해운대구 해운대해변로 84 7번계류장 6A",35.1606161,129.1397667
"요트타자","요트타자","","","정보 없음",,
"요트탈까","요트탈까","busan","해운대구","부산 해운대구 해운대해변로 84 4번 계류장",35.1597985,129.141957
"요트탈래_울산","요트탈래_울산","ulsan","동구","울산 동구 일산동 915-41",35.4995032,129.4321621
"요트홀릭","요트홀릭","busan","해운대구","부산 해운대구 해운대해변로 84 요트홀릭",35.1598017,129.1419576
"요트홀릭X뮤지엄원","요트홀릭X뮤지엄원","","","정보 없음",,
"용산 어린이정원 내 보보의집","용산 어린이정원 내 보보의집","seoul","용산구","서울 용산구 한강대로38길 21",37.5273707,126.9727248
"용산센트럴파크 해링턴스퀘어 공공시설동 1","용산센트럴파크 해링턴스퀘어 공공시설동 1","seoul","용산구","서울 용산구 서빙고로 17 1007호",37.5270214,126.9666053
"용산아트홀 대극장 미르","용산아트홀 대극장 미르","seoul","용산구","서울 용산구 녹사평대로 150",37.5328454776885,126.990310759146
"용산어린이정원 내 어린이 환경생태교육관","용산어린이정원 내 어린이 환경생태교육관","seoul","용산구","서울 용산구 한강대로38길 21",37.5273707,126.9727248
"용인 공룡월드","용인 공룡월드","gyeonggi","용인시","경기 용인시 처인구 중부대로 1294",37.2354736413106,127.1883047486991
"용인 액트몬","용인 액트몬","gyeonggi","용인시","경기 용인시 기흥구 신고매로 59",37.2234112903724,127.114273048794
"용인농협 본점","용인농협 본점","gyeonggi","용인시","경기 용인시 처인구 금령로55번길 2",37.2352222,127.2026146
"용인문화예술원","용인문화예술원","gyeonggi","용인시","경기 용인시 처인구 중부대로 1199",37.2405768583031,127.17920784365
"용인시 평생학습관 큰어울마당","용인시 평생학습관 큰어울마당","gyeonggi","용인시","경기 용인시 수지구 문정로7번길 15",37.3207907429824,127.095518374808
"용인시기후변화체험교육센터","용인시기후변화체험교육센터","gyeonggi","용인시","경기 용인시 처인구 동부로162번길 14-1",37.222755,127.2221899
"용인시문예회관 처인홀","용인시문예회관 처인홀","gyeonggi","용인시","경기 용인시 처인구 중부대로1392번길 15",37.23178996207017,127.19890287366283
"용인시실내체육관","용인시실내체육관","gyeonggi","용인시","경기 용인시 처인구 경안천로 76",37.2385380858524,127.213586511161
"용인어린이상상의숲","용인어린이상상의숲","gyeonggi","용인시","경기 용인시 처인구 동백죽전대로 61 용인어린이상상의숲",37.2496309738938,127.165158040098
"용인포은아트홀","용인포은아트홀","gyeonggi","용인시","경기 용인시 수지구 신봉동 포은대로 용인포은아트홀",37.3245829,127.1046591
"용평리조트","용평리조트","gangwon","평창군","강원 평창군 대관령면 올림픽로 715 드래곤프라자 2층 케이블카",37.6440772,128.6789189
"우도잠수함","우도잠수함","jeju","서귀포시","제주 서귀포시 성산읍 성산등용로 112-7",33.4719649,126.9329901
"우도정원","우도정원","jeju","제주시","제주 제주시 우도면 천진길 105",33.5014848,126.9471775
"우도투어패스","우도투어패스","","","정보 없음",,
"우리금융아트홀","우리금융아트홀","seoul","송파구","서울 송파구 올림픽로 424 , 올림픽공원 내 우리금융아트홀",37.5145,127.1066
"우리소극장","우리소극장","seoul","종로구","서울 종로구 이화장길 86",37.5792237109437,127.005151024833
"우리소리도서관","우리소리도서관","seoul","종로구","서울 종로구 삼일대로30길 47 4, 5층",37.5745833,126.9901653
"우리은행 신림역지점) ,","우리은행 신림역지점) ,","seoul","관악구","서울 관악구 신림로 347 (신림동, (주)우리은행 신림역지점) ,",37.4784,126.9516
"우리은행본점","우리은행본점","seoul","중구","서울 중구 소공로 51 우리은행",37.5594054,126.9817843
"우리지구우구","우리지구우구","seoul","송파구","서울 송파구 성내천로33길 13-1 . 101호",37.5007168,127.1533715
"우송예술회관","우송예술회관","daejeon","동구","대전 동구 동대전로 171",36.3363819,127.4461821
"우측 1층 (예술심리상담센터 너를 기억해)","우측 1층 (예술심리상담센터 너를 기억해)","","마포구","정보 없음",37.5665,126.9018
"운정신도시아이파크","운정신도시아이파크","gyeonggi","파주시","경기 파주시 심학산로 384",37.7154404,126.7344642
"울산 남구 옥동 356","울산 남구 옥동 356","ulsan","남구","울산 남구 옥동 356 울산대공원 생태여행관",35.5288755,129.2833006
"울산 울주군 서생면 간절곶1길 15","울산 울주군 서생면 간절곶1길 15","ulsan","울주군","울산 울주군 서생면 간절곶1길 15",35.3595031,129.3576088
"울산 울주군 서생면 해맞이로 1251","울산 울주군 서생면 해맞이로 1251","ulsan","울주군","울산 울주군 서생면 해맞이로 1251",35.3616886,129.354695
"울산 중구 새즈믄해거리 37","울산 중구 새즈믄해거리 37","ulsan","중구","울산 중구 새즈믄해거리 37",35.5566291,129.3200956
"울산 캐니언파크","울산 캐니언파크","ulsan","중구","울산 중구 만남의거리 15 3층, 4층",35.5542733,129.3207856
"울산 큰애기 하우스","울산 큰애기 하우스","ulsan","울주군","울산 울주군 상북면 석남로 26",35.6077196,129.0257637
"울산광역시교육연구정보원","울산광역시교육연구정보원","ulsan","남구","울산 남구 남부순환도로 111 1층 울산과학관",35.5396378,129.2676087
"울산동천","울산동천","ulsan","중구","울산 북구 고래로 54",35.5624503,129.350436
"울산문화예술회관 대공연장","울산문화예술회관 대공연장","ulsan","남구","울산 남구 번영로 200",35.5427866,129.3274149
"울산문화예술회관 소공연장","울산문화예술회관 소공연장","ulsan","남구","울산 남구 번영로 200",35.5428734,129.327019
"울산수학문화관","울산수학문화관","ulsan","북구","울산 북구 약수8길 50 울산수학문화관",35.6473517,129.3413209
"울산중구문화의전당 함월홀","울산중구문화의전당 함월홀","","중구","정보 없음",37.5637,126.9975
"울진 왕피천 아쿠아리움","울진 왕피천 아쿠아리움","gyeongbuk","울진군","경북 울진군 근남면 왕피천공원길 1",36.9709051,129.4075688
"울진 왕피천 케이블카","울진 왕피천 케이블카","gyeongbuk","울진군","경북 울진군 근남면 왕피천공원길 1 케이블카",36.97116,129.4067571
"울진과학체험관","울진과학체험관","gyeongbuk","울진군","경북 울진군 울진읍 연지길 30 울진과학체험관",36.9963956,129.4088465
"웅장 골목","웅장 골목","seoul","마포구","서울 마포구 포은로 73",37.5665,126.9018
"웅진씽크빅 웅진역사관","웅진씽크빅 웅진역사관","gyeonggi","파주시","경기 파주시 회동길 20 (문발동, (주)웅진씽크빅)",37.7045726,126.6849203
"웅진플레이도시","웅진플레이도시","gyeonggi","부천시","경기 부천시 원미구 조마루로 2",37.4994031,126.7440606
"원더스페이스 보문점","원더스페이스 보문점","gyeongbuk","경주시","경북 경주시 보문로 391 원더스페이스 보문점",35.8471679,129.2829682
"원마운트 스노우파크","원마운트 스노우파크","gyeonggi","고양시","경기 고양시 일산서구 한류월드로 300",37.664554097950486,126.75452646872884
"원마운트 워터파크","원마운트 워터파크","etc","일산서구","원마운트 워터파크, 보행자길, 대화동, 일산서구, 고양시, 10392, 대한민국",37.6638143,126.7545228
"원마운트 프렌디노","원마운트 프렌디노","gyeonggi","고양시","경기 고양시 일산서구 한류월드로 300",37.66482267200937,126.75413343149611
"원앤온 도자기공방","원앤온 도자기공방","seoul","동작구","서울 동작구 사당로20길 26 (사당동) 1층 원앤온 도자기공방",37.5124,126.9393
"원웅","원웅","seoul","서초구","서울 서초구 바우뫼로 101",37.4750082,127.0322103
"원주 백운아트홀","원주 백운아트홀","gangwon","원주시","강원 원주시 시청로 1 원주시청",37.3415128,127.9194157
"원주 치악예술관","원주 치악예술관","gangwon","원주시","강원 원주시 서원대로 331",37.3354579,127.944581
"원주DB프로미아레나","원주DB프로미아레나","gangwon","원주시","강원 원주시 서원대로 281",37.3390619,127.941915
"원창실업 나동","원창실업 나동","seoul","성동구","서울 성동구 연무장길 49 (성수동2가) 원창실업 나동 3층 301호",37.5633,127.0371
"원효대사깨달음체험관","원효대사깨달음체험관","gyeonggi","평택시","경기 평택시 포승읍 호암길 58",37.0023743,126.8216943
"월드컵공원","월드컵공원","seoul","마포구","서울 마포구 월드컵로 243",37.5735977,126.8703674
"월드컵공원 노을캠핑장","월드컵공원 노을캠핑장","seoul","마포구","서울 마포구 하늘공원로 100",37.57340157624325,126.87366824270977
"월롱딸기체험","월롱딸기체험","gyeonggi","파주시","경기 파주시 월롱면 도감로 247",37.79211852951303,126.81169361319016
"월정교 공영주차장","월정교 공영주차장","etc","경주시","경북 경주시 교동 153-5",35.827984,129.2154715
"웨스트브릿지 라이브홀","웨스트브릿지 라이브홀","seoul","마포구","서울 마포구 와우산로25길 6",37.5536502874205,126.926153898396
"웰스파","웰스파","seoul","강남구","서울 강남구 논현로161길 16 3층 웰스파",37.5236064,127.0268746
"위치 정보는 상품 상세 페이지를 참고해주세요.","위치 정보는 상품 상세 페이지를 참고해주세요.","","","위치 정보는 상품 상세 페이지를 참고해주세요.",,
"윈드1947","윈드1947","jeju","서귀포시","제주 서귀포시 토평공단로 78-27",33.289545,126.5888039
"유교랜드","유교랜드","gyeongbuk","안동시","경북 안동시 관광단지로 346-30",36.5696532,128.7782752
"유동룡미술관(이타미준뮤지엄)","유동룡미술관(이타미준뮤지엄)","","","정보 없음",,
"유리바닥보트","유리바닥보트","jeju","서귀포시","제주 서귀포시 안덕면 화순해안로106번길 8 1층",33.2382712,126.3364026
"유리박물관/미술관","유리박물관/미술관","gyeonggi","안산시","경기 안산시 단원구 부흥로 254",37.2203418,126.6021982
"유메노키친","유메노키친","gyeonggi","성남시","경기 성남시 분당구 성남대로 51 분당 포스빌 116호",37.3407154,127.1079427
"유소바 안국역점","유소바 안국역점","seoul","종로구","서울 종로구 창덕궁1길 32 1층",37.579419,126.9874771
"유솜요가","유솜요가","seoul","마포구","서울 마포구 동교로 157 일송빌딩 3층 유솜요가",37.55583,126.9191754
"유스토리","유스토리","seoul","은평구","서울 은평구 증산로3길 12-25 (증산동) 1층 유스토리",37.6027,126.9291
"유앤데코 일산본점","유앤데코 일산본점","gyeonggi","고양시","경기 고양시 일산서구 일산로 644 1층 YOU&DECO",37.6823342,126.7578173
"유앤미","유앤미","gyeonggi","파주시","경기 파주시 파주읍 주라위길 94 유앤미",37.8154797,126.7961476
"유에코(울산전시컨벤션센터)","유에코(울산전시컨벤션센터)","","","정보 없음",,
"유엔평화기념관","유엔평화기념관","busan","남구","부산 남구 홍곡로320번길 106",,
"유화월","유화월","","영등포구","정보 없음",37.5264,126.8962
"윤동주문학관","윤동주문학관","seoul","종로구","서울 종로구 창의문로 119",37.5921267,126.9671523
"은바디","은바디","gyeonggi","남양주시","경기 남양주시 다산순환로 126 화성프라자다산 203호 은바디",37.6212286,127.1473499
"은빛타운","은빛타운","seoul","강남구","서울 강남구 강남대로122길 45",37.508889,127.026604
"은퍼니쳐","은퍼니쳐","gyeonggi","고양시","경기 고양시 일산서구 송산로 559-17",37.6922489,126.7386281
"은평뉴타운우물골2단지아파트(223~244동)","은평뉴타운우물골2단지아파트(223~244동)","seoul","은평구","서울 은평구 진관2로 57-37 은평뉴타운우물골",37.6371052,126.9281691
"은평역사한옥박물관","은평역사한옥박물관","seoul","은평구","서울 은평구 연서로50길 8 은평역사한옥박물관",37.6403454,126.938022
"음성생활문화예술공간 소극장하다","음성생활문화예술공간 소극장하다","chungbuk","음성군","충북 음성군 음성읍 예술로 102",36.9314932,127.6805855
"의령곤충생태학습관","의령곤충생태학습관","gyeongnam","의령군","경남 의령군 의령읍 의합대로 28 의령곤충생태학습관",35.3183942,128.2828676
"의병박물관","의병박물관","gyeongnam","의령군","경남 의령군 의령읍 충익로 1-25 의병박물관",35.3148105,128.2596055
"의정부과학도서관","의정부과학도서관","gyeonggi","의정부시","경기 의정부시 추동로124번길 52",37.7447491,127.0691391
"이글펜싱클럽","이글펜싱클럽","seoul","송파구","서울 송파구 백제고분로 288 (석촌동) B1 이글펜싱클럽",37.5145,127.1066
"이글펜싱클럽 잠실 본점","이글펜싱클럽 잠실 본점","seoul","송파구","서울 송파구 백제고분로 288 B1 이글펜싱클럽",37.5023357,127.0986625
"이너리스 제주","이너리스 제주","jeju","제주시","제주 제주시 조천읍 선교로 264 이너리스",33.4796013,126.7005442
"이랜드크루즈","이랜드크루즈","seoul","송파구","서울 송파구 잠실2동 잠실동 한강남자전거길 이랜드크루즈 잠실선착장",37.5186983,127.0819547
"이사부크루즈","이사부크루즈","jeonnam","여수시","전남 여수시 돌산읍 돌산로 3617-18",34.729737,127.7369553
"이선생 통증체형관리","이선생 통증체형관리","seoul","영등포구","서울 영등포구 도림로126길 18 203호",37.5139652,126.8979267
"이수아트홀","이수아트홀","daejeon","서구","대전 서구 문정로 78 정우빌딩 지하1층",36.3464657,127.3878797
"이스랏아트룸","이스랏아트룸","seoul","서초구","서울 서초구 서초대로23길 15-8 1층",37.4881245,126.9919902
"이움 맨즈헤어 부평점","이움 맨즈헤어 부평점","incheon","부평구","인천 부평구 시장로 25 3층",37.4933967,126.7253787
"이월드","이월드","daegu","대구","대구 달서구 두류공원로 200 이월드",35.8530292,128.5657599
"이월드 83타워","이월드 83타워","daegu","대구","대구 달서구 두류공원로 200 83타워",35.8525944,128.5666234
"이응노미술관","이응노미술관","daejeon","서구","대전 서구 둔산대로 157 이응노미술관",36.3668625,127.387044
"이자카야 준무 문래본점","이자카야 준무 문래본점","seoul","영등포구","서울 영등포구 도림로 445 1층 이자카야 준무",37.5148396,126.8934549
"이준우의 자전거세상","이준우의 자전거세상","gyeonggi","군포시","경기 군포시 당산로135번길 41",37.3622805,126.9425578
"이지드럼","이지드럼","","수원시","정보 없음",37.2636,127.0286
"이지드럼동호회","이지드럼동호회","gyeonggi","수원시","경기 수원시 영통구 매영로45번길 7 B1",37.2695247,127.0477919
"이천 테르메덴","이천 테르메덴","gyeonggi","이천시","경기 이천시 모가면 사실로 984",37.19507109548797,127.44596994574883
"이천시립박물관","이천시립박물관","gyeonggi","이천시","경기 이천시 경충대로2697번길 172",37.2747708,127.4271355
"이천아트홀","이천아트홀","gyeonggi","이천시","경기 이천시 부악로 40",37.2718917474538,127.434383580731
"이크루즈","이크루즈","seoul","영등포구","서울 영등포구 여의동로 280 이크루즈 매표소",37.5249251,126.9379568
"이호철북콘서트홀","이호철북콘서트홀","seoul","은평구","서울 은평구 통일로 767 호반베르디움스테이원 상가 2층",37.6137,126.9268471
"이화여자고등학교","이화여자고등학교","seoul","중구","서울 중구 정동길 26 이화여고100주년기념관",37.5664638,126.9707874
"이화여자대학교 대강당","이화여자대학교 대강당","seoul","서대문구","서울 서대문구 연세로 50",37.56451271290699,126.93876579732564
"이화여자대학교 생활환경관","이화여자대학교 생활환경관","seoul","서대문구","서울 서대문구 대현동",37.56058,126.94496
"이화여자대학교 이화여자대학교 자연사박물관","이화여자대학교 이화여자대학교 자연사박물관","seoul","서대문구","서울 서대문구 이화여대길 52 이화여자대학교 이화캠퍼스복합단지ECC 지하4층",37.5611009,126.9468468
"이화여자대학교 ECC 영산극장","이화여자대학교 ECC 영산극장","seoul","서대문구","서울 서대문구 이화여대길 52",37.5643371,126.9468925
"이화원 이화원생태문화전시관","이화원 이화원생태문화전시관","gyeonggi","가평군","경기 가평군 가평읍 자라섬로 60",37.8208949,127.5210701
"이회영기념관","이회영기념관","seoul","종로구","서울 종로구 사직로6길 15 이회영기념관",37.5728426,126.9655447
"이효석문학관","이효석문학관","gangwon","평창군","강원 평창군 봉평면 효석문학길 73-25 이효석문화관",37.6134966,128.3701759
"익산 솜리문화예술회관 중공연장","익산 솜리문화예술회관 중공연장","jeonbuk","익산시","전북 익산시 선화1로 106",35.9389776,126.9682118
"인마인","인마인","seoul","광진구","서울 광진구 아차산로 401-14 4층 2호",37.5380508,127.0870335
"인산빌딩","인산빌딩","seoul","종로구","서울 종로구 돈화문로 71 인산빌딩(한국전통음식연구소) 1층",37.5749049,126.9906929
"인수당약국 근방 1분거리에 있으며, 신청 확정 시 안내해 드려요.","인수당약국 근방 1분거리에 있으며, 신청 확정 시 안내해 드려요.","seoul","관악구","서울 관악구 인헌17길 3 (봉천동, 대동빌딩) 인수당약국 근방 1분거리에 있으며, 신청 확정 시 안내해 드려요.",37.4784,126.9516
"인스파이어 아레나","인스파이어 아레나","incheon","중구","인천 중구 운서동 공항문화로 인스파이어 아레나",37.4667814,126.3906416
"인스파이어 컬쳐홀","인스파이어 컬쳐홀","gyeonggi","화성시","경기 화성시 동탄첨단산업1로 27",37.2108612117059,127.089438119912
"인스파이어컬쳐홀","인스파이어컬쳐홀","gyeonggi","화성시","경기 화성시 동탄첨단산업1로 27 금강펜테리움IX타워 C동 422호",37.2109757,127.0895601
"인제곤충바이오센터","인제곤충바이오센터","gangwon","인제군","강원 인제군 상남면 미덕길 253 인제곤충 바이오센터",37.8945971,128.2850687
"인천 강화군 강화읍 남문안길 35","인천 강화군 강화읍 남문안길 35","incheon","강화군","인천 강화군 강화읍 남문안길 35",37.7456461,126.4827936
"인천 강화군 하점면 강화대로 994-33","인천 강화군 하점면 강화대로 994-33","incheon","강화군","인천 강화군 하점면 강화대로 994-33",37.7747213,126.4345174
"인천 검단선사박물관","인천 검단선사박물관","incheon","서구","인천 서구 고산후로121번길 7",37.5944154,126.6986874
"인천 계양구 장제로 지하 875 (임학동, 임학역) 자세한 주소는 클래스 확정후 안내드립니다 :)","인천 계양구 장제로 지하 875 (임학동, 임학역) 자세한 주소는 클래스 확정후 안내드립니다 :)","incheon","계양구","인천 계양구 장제로 지하 875 (임학동, 임학역) 자세한 주소는 클래스 확정후 안내드립니다 :)",37.4563,126.7052
"인천 공룡월드","인천 공룡월드","incheon","연수구","인천 연수구 첨단대로 104",37.366015460097124,126.65588902345503
"인천 남동구 인하로507번길 80 (구월동, 태광프라자)","인천 남동구 인하로507번길 80 (구월동, 태광프라자)","incheon","남동구","인천 남동구 인하로507번길 80 (구월동, 태광프라자) 401호",37.4563,126.7052
"인천 남동소래아트홀 대공연장","인천 남동소래아트홀 대공연장","incheon","남동구","인천 남동구 아암대로1437번길 32 , 대공연장",37.4473,126.7314
"인천 대불호텔전시관 앞 입구","인천 대불호텔전시관 앞 입구","incheon","중구","인천 중구 신포로23번길 101",37.4735699,126.6199683
"인천 미추홀구 경인로499번길 12-25 (주안동)","인천 미추홀구 경인로499번길 12-25 (주안동)","incheon","미추홀구","인천 미추홀구 경인로499번길 12-25 (주안동) 101호 레오토퍼",37.4563,126.7052
"인천 부평구 장제로 267","인천 부평구 장제로 267","incheon","부평구","인천 부평구 장제로 267",37.5094679,126.7308766
"인천 부평구 장제로 45 (부평동, 부평 현대 더로프트) 102동 1022호","인천 부평구 장제로 45 (부평동, 부평 현대 더로프트) 102동 1022호","incheon","부평구","인천 부평구 장제로 45 (부평동, 부평 현대 더로프트) 102동 1022호",37.4563,126.7052
"인천 서구 봉오재1로 120","인천 서구 봉오재1로 120","incheon","서구","인천 서구 봉오재1로 120 루원시티 주상복합 7블록 앨리스빌 상가 B027호",37.5212108,126.6778893
"인천 중구 모랫말로16번길 8 (운서동, 어반팰리스)","인천 중구 모랫말로16번길 8 (운서동, 어반팰리스)","incheon","중구","인천 중구 모랫말로16번길 8 (운서동, 어반팰리스) 102호 BELLE RAERA",37.5637,126.9975
"인천 중구 신포로23번길 101","인천 중구 신포로23번길 101","incheon","중구","인천 중구 신포로23번길 101",37.4735699,126.6199683
"인천 중구 신포로23번길 89","인천 중구 신포로23번길 89","incheon","중구","인천 중구 신포로23번길 89",37.4732794,126.6205598
"인천 중구 신포로23번길 97","인천 중구 신포로23번길 97","incheon","중구","인천 중구 신포로23번길 97",37.4735117,126.6201241
"인천 중구문화회관","인천 중구문화회관","incheon","중구","인천 중구 신흥동 축항대로296번길 중구문화회관",37.4406649,126.6285087
"인천계양체육관","인천계양체육관","incheon","계양구","인천 계양구 봉오대로 855",37.5323629,126.7495117
"인천광역시교육청 교육과학정보원","인천광역시교육청 교육과학정보원","incheon","중구","인천 중구 영종대로277번길 74-10 인천광역시교육청AI융합교육원 인천학생과학관",37.4908062,126.5079168
"인천광역시시립박물관","인천광역시시립박물관","incheon","연수구","인천 연수구 청량로160번길 26 인천시립박물관",37.4207501,126.6531617
"인천국제공항역 제1교통센터 지하","인천국제공항역 제1교통센터 지하","incheon","중구","인천 중구 공항로 271 인천국제공항역",37.4493294,126.4508231
"인천글로벌캠퍼스 대강당","인천글로벌캠퍼스 대강당","incheon","연수구","인천 연수구 송도문화로 119-1",37.3749726675717,126.666638068701
"인천남동체육관","인천남동체육관","incheon","남동구","인천 남동구 소래로 500",37.4346425602455,126.733811034142
"인천대공원캠핑장","인천대공원캠핑장","incheon","남동구","인천 남동구 무네미로 236",37.4576936607687,126.749290714825
"인천도시역사관","인천도시역사관","incheon","연수구","인천 연수구 인천타워대로 238",37.3928436,126.6358974
"인천문화예술회관","인천문화예술회관","incheon","남동구","인천 남동구 예술로 149",37.447174922188,126.699673872945
"인천삼산월드체육관","인천삼산월드체육관","incheon","부평구","인천 부평구 체육관로 60 삼산월드체육관",37.5077049,126.7378965
"인천서구문화회관 대공연장","인천서구문화회관 대공연장","incheon","서구","인천 서구 서달로 190",37.5159779965578,126.679956452191
"인천서구문화회관 소공연장","인천서구문화회관 소공연장","incheon","서구","인천 서구 서달로 190",37.5159779965578,126.679956452191
"인천선학체육관","인천선학체육관","incheon","연수구","인천 연수구 경원대로 526 선학체육관",37.4296175,126.7034866
"인천어린이과학관","인천어린이과학관","incheon","계양구","인천 계양구 계산동 1116",37.54784178458784,126.7277384909796
"인천학생교육문화회관","인천학생교육문화회관","incheon","중구","인천 중구 자유공원로 12",37.4758503,126.6294536
"인천SSG 랜더스필드","인천SSG 랜더스필드","incheon","미추홀구","인천 미추홀구 매소홀로 618",37.4368605,126.6932818
"인터미션","인터미션","ulsan","중구","울산 중구 종가25길 20",35.5883750046669,129.343146373623
"인피니티 게임월드","인피니티 게임월드","incheon","부평구","인천 부평구 체육관로 14",37.5083465138215,126.7328811042
"일산 킨텍스 2전시장 7홀","일산 킨텍스 2전시장 7홀","gyeonggi","고양시","경기 고양시 일산서구 킨텍스로 217-59",37.6642484658635,126.74342487841
"일산 킨텍스 제2전시장 10A홀","일산 킨텍스 제2전시장 10A홀","gyeonggi","고양시","경기 고양시 일산서구 킨텍스로 217",37.6647267128123,126.741283396117
"일산 킨텍스(KINTEX)","일산 킨텍스(KINTEX)","gyeonggi","고양시","경기 고양시 일산동구 태극로 8",37.66385517772114,126.74907383778935
"일신홀","일신홀","seoul","용산구","서울 용산구 한남대로 98",37.5372246144272,127.005421947369
"일출랜드","일출랜드","jeju","서귀포시","제주 서귀포시 성산읍 중산간동로 4150-30 일출랜드",33.3832875,126.8415363
"임설렁탕","임설렁탕","gyeonggi","용인시","경기 용인시 기흥구 흥덕2로 78 상가105",37.2742609,127.0743477
"임진각 평화의 공원","임진각 평화의 공원","gyeonggi","파주시","경기 파주시 문산읍 임진각로 148-39",37.8904226,126.7420047
"입실온천앤골프","입실온천앤골프","gyeongbuk","경주시","경북 경주시 외동읍 외남로 1773-196",35.717029,129.338194
"입주청소","입주청소","seoul","송파구","서울 송파구 송파대로40길 3 2층 210-2호",37.5033547,127.1096899
"잇츠콜라박물관","잇츠콜라박물관","gyeonggi","파주시","경기 파주시 탄현면 헤이리마을길 76",37.78804288225778,126.70043284943637
"잎새의 향기 아로마공방","잎새의 향기 아로마공방","gyeonggi","고양시","경기 고양시 일산동구 무궁화로187번길 17 (정발산동) 잎새의향기 아로마공방",37.6584,126.832
"자세한 안내는 수업전 담당 강사님이 안내드립니다.","자세한 안내는 수업전 담당 강사님이 안내드립니다.","","","▶만남의 장소 : 자세한 안내는 수업전 담당 강사님이 안내드립니다.",35.2485753,129.2166815
"자수정동굴","자수정동굴","ulsan","울주군","울산 울주군 상북면 자수정로 212 자수정동굴나라",35.545112,129.093427
"자연에스파","자연에스파","gyeonggi","고양시","경기 고양시 일산서구 탄현로 144",37.70643326668876,126.76651338348915
"자연인 제주족욕","자연인 제주족욕","jeju","제주시","제주 제주시 월평동 827 자연인제주족욕",33.4627949,126.5711875
"자유수호평화박물관","자유수호평화박물관","gyeonggi","동두천시","경기 동두천시 평화로2910번길 96-63",37.9424264,127.0662269
"자유총연맹","자유총연맹","incheon","미추홀구","인천 미추홀구 수봉안길 84",37.4605435,126.6642746
"자이언트제트 시아테마파크점","자이언트제트 시아테마파크점","gyeonggi","안산시","경기 안산시 단원구 광덕1로 276 6층 자이언트제트",37.3067205825062,126.840326129846
"작은극장 돌체","작은극장 돌체","incheon","미추홀구","인천 미추홀구 매소홀로 573",37.4387377161169,126.685759250934
"잠실실내","잠실실내","seoul","송파구","서울 송파구 올림픽로 25",37.5161638,127.0759328
"잠실실내체육관","잠실실내체육관","seoul","송파구","서울 송파구 잠실2동 잠실동 백제고분로 잠실체육관",37.516179021092626,127.07598208253374
"잠실종합운동장잠실야구장","잠실종합운동장잠실야구장","seoul","송파구","서울 송파구 올림픽로 19-2 서울종합운동장",37.5119858,127.0718388
"잠실학생","잠실학생","seoul","송파구","서울 송파구 올림픽로 25",37.5120839,127.0753895
"장기18은행 군산근대미술관","장기18은행 군산근대미술관","jeonbuk","군산시","전북 군산시 해망로 230 장기18은행",35.9899558,126.7127734
"장미화실","장미화실","seoul","서초구","서울 서초구 청두곶길 44 1층(방배동)",37.4806395,126.9855584
"장안구민회관 한누리아트홀","장안구민회관 한누리아트홀","gyeonggi","수원시","경기 수원시 장안구 송원로 101",37.303053257941805,127.0099856566231
"장영실과학관","장영실과학관","chungnam","아산시","충남 아산시 실옥로 222",36.7979271,126.9771389
"장유스파랜드","장유스파랜드","gyeongnam","김해시","경남 김해시 대청로104번길 84",35.1879042,128.8069921
"장충체육관","장충체육관","seoul","중구","서울 중구 장충동 장충동2가 동호로 241 장충체육관",37.5581698,127.0067954
"재즈클럽 그루브","재즈클럽 그루브","seoul","서초구","서울 서초구 신반포로47길 52",37.5126583680703,127.018468391393
"잭슨나인스 대구점","잭슨나인스 대구점","daegu","대구","대구 달성군 유가읍 테크노상업로 120 2층 311호",35.6930633,128.4629008
"잭슨나인스 양산점","잭슨나인스 양산점","gyeongnam","양산시","경남 양산시 물금읍 증산역로 177 라피에스타 지하1층",35.3098631,129.0093721
"잭슨나인스 일산점","잭슨나인스 일산점","gyeonggi","고양시","경기 고양시 일산서구 일현로 97",37.69432847292744,126.76234707239135
"잭슨나인스 창원점","잭슨나인스 창원점","gyeongnam","창원시","경남 창원시 의창구 북면 신촌본포로 5-16 거풍프라자 3, 4F",35.348888,128.6086238
"잭슨파이브 키즈카페 충주점","잭슨파이브 키즈카페 충주점","chungbuk","충주시","충북 충주시 호암토성2로 7 삼성프라자 5, 6층",36.9557036,127.934891
"전곡선사박물관","전곡선사박물관","gyeonggi","연천군","경기 연천군 전곡읍 평화로443번길 2",38.0115799,127.0637609
"전남 곡성군 오곡면 기차마을로 252-16","전남 곡성군 오곡면 기차마을로 252-16","jeonnam","곡성군","전남 곡성군 오곡면 기차마을로 252-16",35.279977,127.3075224
"전남 구례군 마산면 화엄사로 377-36","전남 구례군 마산면 화엄사로 377-36","jeonnam","구례군","전남 구례군 마산면 화엄사로 377-36 지리산역사문화관",35.2442263,127.4841317
"전남 목포시 남농로 136","전남 목포시 남농로 136","jeonnam","목포시","전남 목포시 남농로 136 국립해양유산연구소",34.7917049,126.4220754
"전남 목포시 영산로29번길 6","전남 목포시 영산로29번길 6","jeonnam","목포시","전남 목포시 영산로29번길 6 목포근대역사관",34.7874986,126.3820765
"전남 여수시 돌산읍 돌산로 2876","전남 여수시 돌산읍 돌산로 2876","jeonnam","여수시","전남 여수시 돌산읍 돌산로 2876",34.6836555,127.7759764
"전남 여수시 하멜로 96","전남 여수시 하멜로 96","jeonnam","여수시","전남 여수시 하멜로 96",34.7366267,127.7486166
"전남 진도군 임회면 진도항길 161","전남 진도군 임회면 진도항길 161","jeonnam","진도군","전남 진도군 임회면 진도항길 161 진도국민해양안전관",34.3703631,126.1390984
"전남 해남군 황산면 공룡박물관길 234","전남 해남군 황산면 공룡박물관길 234","jeonnam","해남군","전남 해남군 황산면 공룡박물관길 234",34.5899213,126.4372678
"전남 화순군 백아면 서유리 산150-1","전남 화순군 백아면 서유리 산150-1","jeonnam","화순군","전남 화순군 백아면 서유리 산150-1",35.170075,127.090239
"전라북도교육청과학교육원","전라북도교육청과학교육원","jeonbuk","익산시","전북 익산시 선화로 836-2 전라북도교육청과학교육원",35.9715581,126.9997376
"전북 군산시 구영7길 37","전북 군산시 구영7길 37","jeonbuk","군산시","전북 군산시 구영7길 37",35.9857302,126.7094222
"전북 군산시 장미동 군산근대건축관","전북 군산시 장미동 군산근대건축관","jeonbuk","군산시","전북 군산시 장미동",35.9893135,126.7142067
"전북 남원시 검멀1길 14","전북 남원시 검멀1길 14","jeonbuk","남원시","전북 남원시 검멀1길 14",35.4036811,127.3772894
"전북 무주군 설천면 소천리 태권도원 체험관 YAP","전북 무주군 설천면 소천리 태권도원 체험관 YAP","jeonbuk","무주군","전북 무주군 설천면 소천리",36.009244,127.778707
"전북 순창군 순창읍 장류로 55","전북 순창군 순창읍 장류로 55","jeonbuk","순창군","전북 순창군 순창읍 장류로 55",35.3678134,127.1123322
"전북 익산시 왕궁면 궁성로 666","전북 익산시 왕궁면 궁성로 666","jeonbuk","익산시","전북 익산시 왕궁면 궁성로 666 백제왕궁박물관",35.9712172,127.0557874
"전북 전주시 완산구 동문길 33-20","전북 전주시 완산구 동문길 33-20","jeonbuk","전주시","전북 전주시 완산구 동문길 33-20",35.8185357,127.1525552
"전북대학교 삼성문화회관","전북대학교 삼성문화회관","jeonbuk","전주시","전북 전주시 덕진구 권삼득로 290",35.8433987,127.1300625
"전북투어패스","전북투어패스","jeonbuk","전주시","전북 전주시 완산구 효자로 225",35.8203294,127.108784
"전쟁과여성인권박물관","전쟁과여성인권박물관","seoul","마포구","서울 마포구 월드컵북로11길 20 전쟁과여성인권박물관",37.5600957,126.9148848
"전쟁기념관","전쟁기념관","seoul","용산구","서울 용산구 이태원로 29",37.5365,126.9771
"전쟁기념관 로비에서 체험 시작 10분 전에 만납니다.","전쟁기념관 로비에서 체험 시작 10분 전에 만납니다.","","","전쟁기념관 로비에서 체험 시작 10분 전에 만납니다.",,
"전주 한옥마을 한복남","전주 한옥마을 한복남","jeonbuk","전주시","전북 전주시 완산구 태조로 21",35.8145361,127.1523739
"전주자연생태박물관 전주자연생태관","전주자연생태박물관 전주자연생태관","jeonbuk","전주시","전북 전주시 완산구 바람쐬는길 21",35.811604,127.1626003
"전주학생교육문화관 공연장","전주학생교육문화관 공연장","jeonbuk","전주시","전북 전주시 덕진구 안덕원로 71",35.829028,127.1375951
"전주한옥마을 한복길 한복대여","전주한옥마을 한복길 한복대여","jeonbuk","전주시","전북 전주시 완산구 은행로 54-1 2층 한복길",35.8151445,127.1521891
"전통문화콘텐츠박물관","전통문화콘텐츠박물관","gyeongbuk","안동시","경북 안동시 서동문로 203 안동지관서가",36.5662906,128.7342382
"점보빌리지","점보빌리지","jeju","서귀포시","제주 서귀포시 안덕면 평화로319번길 31-11",33.2762006,126.3050764
"정극장","정극장","seoul","종로구","서울 종로구 대학로12길 69",37.5810257449425,127.003951101087
"정글미디어파크","정글미디어파크","gyeongbuk","경주시","경북 경주시 보문로 465-67 지하 1층",35.8396013,129.2909509
"정동1928 아트센터","정동1928 아트센터","seoul","중구","서울 중구 소공동 정동 덕수궁길 130 정동1928 아트센터",37.567864,126.9737893
"정보 없음","정보 없음","","","정보 없음",,
"정읍 연지아트홀","정읍 연지아트홀","jeonbuk","정읍시","전북 정읍시 중앙로 73",35.5703881,126.8490021
"정확한 주소는 수업 신청 후 채팅 확인해주세요!","정확한 주소는 수업 신청 후 채팅 확인해주세요!","seoul","광진구","서울 광진구 아차산로25길 14 (화양동) 정확한 주소는 수업 신청 후 채팅 확인해주세요!",37.5385,127.0824
"정희빌딩","정희빌딩","seoul","송파구","서울 송파구 백제고분로7길 8-39 (잠실동) 정희빌딩 B1 [온폴댄스&PT 잠실새내점]",37.5145,127.1066
"제나아트홀","제나아트홀","seoul","종로구","서울 종로구 대학로10길 12 , 지하 1층",37.573,126.9794
"제니스 스포츠클럽 아이스링크","제니스 스포츠클럽 아이스링크","seoul","구로구","서울 구로구 안양천로539길 11",37.5047173323002,126.870210214045
"제이원씨어터","제이원씨어터","seoul","종로구","서울 종로구 창경궁로34길 18-12 지하1층",37.5842078,127.0004625
"제주 감귤카트","제주 감귤카트","jeju","서귀포시","제주 서귀포시 중문관광로 42 감귤카트(맥도날드 안쪽)",33.2548377,126.4077356
"제주 그리스신화박물관＆트릭아이 미술관","제주 그리스신화박물관＆트릭아이 미술관","","","정보 없음",,
"제주 김녕요트투어","제주 김녕요트투어","jeju","제주시","제주 제주시 구좌읍 구좌해안로 229-16",33.5582417,126.736875
"제주 댕냥별","제주 댕냥별","jeju","서귀포시","제주 서귀포시 안덕면 신화역사로304번길 89 1층",33.3028884,126.3175373
"제주 돌문화공원","제주 돌문화공원","jeju","제주시","제주 제주시 조천읍 남조로 2023 제주돌문화공원",33.4488381,126.6610153
"제주 러브랜드","제주 러브랜드","jeju","제주시","제주 제주시 1100로 2894-72 제주러브랜드",33.4516624,126.4902592
"제주 레일바이크","제주 레일바이크","jeju","제주시","제주 제주시 구좌읍 용눈이오름로 641",33.4643294,126.836615
"제주 레포츠랜드","제주 레포츠랜드","jeju","제주시","제주 제주시 조천읍 와흘상서2길 47 제주레포츠랜드",33.4821444,126.6381442
"제주 서귀포시 표선면 성읍리 3294","제주 서귀포시 표선면 성읍리 3294","jeju","서귀포시","제주 서귀포시 표선면 성읍리 3294",33.3868795,126.8012073
"제주 서귀포시 효돈순환로 441","제주 서귀포시 효돈순환로 441","jeju","서귀포시","제주 서귀포시 효돈순환로 441",33.2716169,126.6073619
"제주 설문대여성문화센터","제주 설문대여성문화센터","jeju","제주시","제주 제주시 선덕로8길 12 설문대여성문화센터",33.4844528,126.5002259
"제주 아리랑 혼","제주 아리랑 혼","jeju","서귀포시","제주 서귀포시 표선면 번영로 2564-21 제주 아리랑",33.4027196,126.7786294
"제주 아트서커스","제주 아트서커스","jeju","서귀포시","제주 서귀포시 안덕면 동광로 214",33.3144091,126.3448587
"제주 액티브파크","제주 액티브파크","jeju","제주시","제주 제주시 한림읍 금능남로 76 액티브파크 제주",33.3811424,126.2360785
"제주 양떼목장","제주 양떼목장","jeju","제주시","제주 제주시 애월읍 도치돌길 289-13",33.411238,126.3653108
"제주 오레브스파","제주 오레브스파","","","정보 없음",,
"제주 워터월드","제주 워터월드","gyeonggi","서귀포시","제주 서귀포시 월드컵로 33 제주월드컵경기장",33.245346,126.5087052
"제주 제주시 명림로 437","제주 제주시 명림로 437","jeju","제주시","제주 제주시 명림로 437",33.4512907,126.6233625
"제주 제주시 전농로 88","제주 제주시 전농로 88","jeju","제주시","제주 제주시 전농로 88",33.5039396,126.5226885
"제주 제주시 한경면 노을해안로 1100","제주 제주시 한경면 노을해안로 1100","jeju","제주시","제주 제주시 한경면 노을해안로 1100",33.3041586,126.1661841
"제주 최남단 체험감귤농장","제주 최남단 체험감귤농장","jeju","서귀포시","제주 서귀포시 남원읍 남위남성로 164",33.2899178,126.6937521
"제주 크리스마스박물관","제주 크리스마스박물관","jeju","서귀포시","제주 서귀포시 안덕면 평화로 654",33.2913123,126.3278107
"제주 테디베어하우스 테지움","제주 테디베어하우스 테지움","jeju","제주시","제주 제주시 애월읍 평화로 2159 테디베어하우스 테지움",33.4121613,126.3936508
"제주 피규어뮤지엄","제주 피규어뮤지엄","jeju","서귀포시","제주 서귀포시 안덕면 한창로 243",33.2819847,126.3553971
"제주 핫플버스","제주 핫플버스","jeju","서귀포시","제주 서귀포시 표선면 민속해안로 631-34 제주민속촌 야간개장",33.3243694,126.8418874
"제주 호은아트센터","제주 호은아트센터","jeju","제주시","제주 제주시 월평9길 2-19",33.4723411,126.5812632
"제주 화조원","제주 화조원","jeju","제주시","제주 제주시 애월읍 애원로 804",33.4109687,126.3718941
"제주 휴애리","제주 휴애리","jeju","서귀포시","제주 서귀포시 남원읍 신례동로 256",33.308545,126.634409
"제주4.3평화기념관 제주 4.3 어린이체험관","제주4.3평화기념관 제주 4.3 어린이체험관","jeju","제주시","제주 제주시 명림로 430",33.4508323,126.6206883
"제주교육박물관 제주","제주교육박물관 제주","jeju","제주시","제주 제주시 오복4길 25",33.4946579,126.5378809
"제주금당목장 ATV","제주금당목장 ATV","jeju","서귀포시","제주 서귀포시 안덕면 동광리 산65",33.3388298,126.3387197
"제주난타","제주난타","jeju","제주시","제주 제주시 선돌목동길 56-26",33.4458262,126.5479101
"제주대학교 아라뮤즈홀","제주대학교 아라뮤즈홀","jeju","제주시","제주 제주시 제주대학로 102 아라뮤즈홀",33.4538617,126.5596254
"제주문예회관","제주문예회관","jeju","서귀포시","제주 서귀포시 태평로 270",33.2463055,126.5506931
"제주민속자연사박물관","제주민속자연사박물관","jeju","제주시","제주 제주시 삼성로 40",33.506392,126.5313379
"제주민속촌","제주민속촌","jeju","서귀포시","제주 서귀포시 표선면 민속해안로 631-34 제주민속촌",33.324438,126.8421323
"제주바다체험장","제주바다체험장","jeju","제주시","제주 제주시 구좌읍 일주동로 1921",33.5554022,126.7371694
"제주바다하늘 패러글라이딩","제주바다하늘 패러글라이딩","jeju","제주시","제주 제주시 한림읍 한창로 1295",33.3568669,126.2968507
"제주세계자연유산센터","제주세계자연유산센터","jeju","제주시","제주 제주시 조천읍 선교로 569-36",33.4573626,126.714934
"제주시티투어","제주시티투어","jeju","제주시","제주 제주시 남성로 159 302호",33.5095039,126.5224111
"제주신화월드","제주신화월드","jeju","서귀포시","제주 서귀포시 안덕면 신화역사로304번길 38",33.3066615,126.3161261
"제주실탄사격장","제주실탄사격장","jeju","서귀포시","제주 서귀포시 소보리당로164번길 62 3층",33.2636714,126.3855463
"제주오름승마랜드","제주오름승마랜드","jeju","제주시","제주 제주시 조천읍 번영로 1734-15",33.4494079,126.7123674
"제주올패스","제주올패스","jeju","제주시","제주 제주시 애월읍 어도봉남길 23-5 7동",33.4167001,126.3033093
"제주이야기 행원점","제주이야기 행원점","gyeonggi","성남시","경기 성남시 분당구 대왕판교로606번길 10 타워 1동 132호~138호",37.3950595,127.1089034
"제주제트","제주제트","jeju","서귀포시","제주 서귀포시 대포로 172-5 제주제트",33.2384179,126.439465
"제주지프","제주지프","jeju","제주시","제주 제주시 조천읍 신북로 503 2층 201",33.542645,126.6638828
"제주투어패스","제주투어패스","jeju","제주시","제주 제주시 청사로 11",33.4900852,126.5201337
"제주항공우주박물관","제주항공우주박물관","jeju","서귀포시","제주 서귀포시 안덕면 녹차분재로 217",33.2987592,126.289935
"제주해양동물박물관","제주해양동물박물관","jeju","서귀포시","제주 서귀포시 성산읍 서성일로 689-21",33.4293498,126.8551372
"제주홀릭뮤지엄","제주홀릭뮤지엄","jeju","제주시","제주 제주시 애월읍 평화로 2835 제주홀릭뮤지엄",33.4565603,126.441577
"제천 하늘뜨레 서울캠핑장","제천 하늘뜨레 서울캠핑장","chungbuk","제천시","충북 제천시 송학면 송학주천로19길 5 송한분교",37.2209589,128.23672
"젤라떼리아 에따","젤라떼리아 에따","seoul","마포구","서울 마포구 월드컵북로4길 44 1층 101호",37.5580605,126.9218003
"젬스빌딩 1층 시디즈 더 프로그레시브 송파","젬스빌딩 1층 시디즈 더 프로그레시브 송파","","송파구","정보 없음",37.5145,127.1066
"조경철천문대","조경철천문대","gangwon","화천군","강원 화천군 사내면 천문대길 431",38.1185922,127.4338559
"조계사 불교중앙박물관","조계사 불교중앙박물관","seoul","종로구","서울 종로구 우정국로 55",37.5737806,126.9818548
"조선대학교 해오름관","조선대학교 해오름관","gwangju","동구","광주 동구 필문대로 308 309, 조선대학교",35.1408027,126.9330053
"조소앙선생기념관","조소앙선생기념관","gyeonggi","양주시","경기 양주시 남면 양연로173번길 87 조소앙선생기념관",37.9215401,126.9946873
"조안베어뮤지엄","조안베어뮤지엄","jeju","서귀포시","제주 서귀포시 대포로 113",33.2402745,126.4341148
"조흥금융박물관","조흥금융박물관","seoul","중구","서울 중구 세종대로 135-5 한국금융사박물관",37.5686041,126.9764359
"종각","종각","gyeongbuk","경주시","경북 경주시 태종로 767 종각",35.8403935,129.2121462
"종로 아이들극장","종로 아이들극장","seoul","종로구","서울 종로구 성균관로 91",37.59039432628729,126.99845219709556
"종로 한복남","종로 한복남","seoul","종로구","서울 종로구 사직로 133",37.57620788084097,126.97330744725905
"종로구립 박노수미술관","종로구립 박노수미술관","seoul","종로구","서울 종로구 옥인1길 34",37.5813338,126.9668159
"종로여성인력개발센터","종로여성인력개발센터","seoul","종로구","서울 종로구 대학로11길 23 대학로스타시티빌딩 2~4층",37.5820707,127.0004414
"종로예물 커플링 꼬모다이아몬드","종로예물 커플링 꼬모다이아몬드","seoul","종로구","서울 종로구 삼일대로 395 4층 3호",37.5698937,126.9873739
"종이나라빌딩","종이나라빌딩","seoul","중구","서울 중구 장충단로 166 종이나라빌딩 2층",37.5596935,127.0060938
"좋은목소리연구소","좋은목소리연구소","seoul","중구","서울 중구 다산로11길 25 (신당동, 오붕빌딩) 3층 좋은목소리연구소",37.5637,126.9975
"주나수산","주나수산","seoul","서초구","서울 서초구 서초대로77길 45 1층",37.5016504,127.0249251
"주남저수지람사르문화관","주남저수지람사르문화관","gyeongnam","창원시","경남 창원시 의창구 동읍 주남로101번길 26",35.3071257,128.6779738
"주드플라워","주드플라워","seoul","마포구","서울 마포구 성미산로 116 (연남동, 펠릭스 빌딩) 1층 주드플라워",37.5665,126.9018
"주렁주렁 경주보문점","주렁주렁 경주보문점","gyeongbuk","경주시","경북 경주시 엑스포로 80 3층",35.8345569,129.289868
"주렁주렁 동탄라크몽점","주렁주렁 동탄라크몽점","gyeonggi","화성시","경기 화성시 동탄대로5길 21 라크몽 B동 3층",37.1668954710627,127.105150309732
"주렁주렁 동탄점","주렁주렁 동탄점","gyeonggi","화성시","경기 화성시 동탄대로5길 21 , 라크몽 B동 3층 매표소, 4층 입구",37.1994653,126.8312632
"주렁주렁 영등포 타임스퀘어점","주렁주렁 영등포 타임스퀘어점","seoul","영등포구","서울 영등포구 영중로 15",37.51711057944,126.90299334402
"주렁주렁 영등포점","주렁주렁 영등포점","seoul","영등포구","서울 영등포구 영중로 15 , 타임스퀘어 4층 매표소, 5층 입구",37.5264,126.8962
"주렁주렁 하남점","주렁주렁 하남점","etc","하남시","주렁주렁 하남점, 대청로137번길, 신장2동, 하남시, 12945, 대한민국",37.5435783,127.2235665
"주식회사 리얼샷 익선점","주식회사 리얼샷 익선점","seoul","종로구","서울 종로구 수표로28길 17-5 1층",37.573,126.9794
"주식회사 어디든가게","주식회사 어디든가게","seoul","영등포구","서울 영등포구 의사당대로 96 TP타워 3~10층",37.5215212,126.9228725
"준오헤어 홍대입구역점","준오헤어 홍대입구역점","seoul","마포구","서울 마포구 양화로 175 마젤란21오피스텔 2층 준오헤어 홍대입구역점",37.5577375,126.9244217
"중고에어컨매입","중고에어컨매입","seoul","금천구","서울 금천구 독산로50길 89",37.4903766,126.9142611
"중랑아트센터","중랑아트센터","seoul","중랑구","서울 중랑구 망우로 353 이노시티 C동 B2F 중랑아트센터",37.5985,127.0912806
"중랑청소년문화예술창작센터","중랑청소년문화예술창작센터","seoul","중랑구","서울 중랑구 면목로36길 4 면목7동복합청사 3층 중랑청소년문화예술창작센터",37.5778002,127.0860486
"중문미로파크","중문미로파크","jeju","서귀포시","제주 서귀포시 상예동 3592-5",33.2634792,126.3823741
"중문승마공원","중문승마공원","jeju","서귀포시","제주 서귀포시 이어도로 244 제주하이랜드",33.2422786,126.445209
"중문카트","중문카트","jeju","서귀포시","제주 서귀포시 일주서로 1114 중문카트체험장",33.2643379,126.3946104
"중미산천문대","중미산천문대","gyeonggi","양평군","경기 양평군 옥천면 중미산로 1268 중미산천문대",37.5817882,127.4593925
"쥬라리움 금천","쥬라리움 금천","seoul","금천구","서울 금천구 두산로 71",37.4706575260821,126.895763111781
"쥬라리움 청라","쥬라리움 청라","incheon","서구","인천 서구 청라커낼로288번길 26 현대썬앤빌 더테라스 지하 1층",37.5335470139263,126.647459837149
"쥬라리움 파주점","쥬라리움 파주점","gyeonggi","파주시","경기 파주시 탄현면 새오리로 69",37.790490321173465,126.68471602659179
"쥬라리움 하남","쥬라리움 하남","gyeonggi","하남시","경기 하남시 미사1동 미사리 미사동 미사대로 쥬라리움 하남점",37.5672169,127.1971986
"쥬리라움 동탄점","쥬리라움 동탄점","gyeonggi","화성시","경기 화성시 동탄기흥로257번가길 31",37.1805996987274,127.091952521073
"쥬벅스 앤 쥬니멀","쥬벅스 앤 쥬니멀","incheon","남동구","인천 남동구 서창남순환로216번길 20 승연프라자 2층",37.4232040167876,126.748805298119
"쥬쥬동산 우리아이 생태학습 체험장","쥬쥬동산 우리아이 생태학습 체험장","gyeongbuk","구미시","경북 구미시 고아읍 원대로 227",36.1711266,128.3212286
"쥬쥬랜드","쥬쥬랜드","gyeonggi","고양시","경기 고양시 덕양구 원당로458번길 7",37.68932970378081,126.85498582423483
"지1층 OMG","지1층 OMG","seoul","마포구","서울 마포구 월드컵북로5가길 30",37.5665,126.9018
"지구본 송도","지구본 송도","incheon","연수구","인천 연수구 송도과학로 56 BT센터 105호 지구본",37.3814209,126.6640657
"지구사랑점방","지구사랑점방","seoul","관악구","서울 관악구 난곡로26길 58 101호",37.4699675,126.9230169
"지산리조트 렌탈샵 그라운드","지산리조트 렌탈샵 그라운드","gyeonggi","이천시","경기 이천시 마장면 지산로 216",37.2154044642033,127.352797360793
"지산리조트 렌탈샵 그라운드 지산점","지산리조트 렌탈샵 그라운드 지산점","gyeonggi","이천시","경기 이천시 마장면 지산로 216",37.2497263,127.3634125
"지산캠프 렌탈샵","지산캠프 렌탈샵","gyeonggi","이천시","경기 이천시 마장면 지산로 257-7",37.2164245910532,127.348364937643
"지산포레스트 리조트","지산포레스트 리조트","gyeonggi","이천시","경기 이천시 마장면 지산로 267",37.2165003,127.3467161
"지우헌","지우헌","seoul","종로구","서울 종로구 북촌로11라길 13",37.5833834,126.9829994
"지인시어터","지인시어터","seoul","종로구","서울 종로구 동숭길 25",37.5799202395183,127.003508390036
"지족어촌관광단지","지족어촌관광단지","gyeongnam","남해군","경남 남해군 삼동면 죽방로 65",34.8312859,127.9954434
"지즐소극장","지즐소극장","seoul","종로구","서울 종로구 성균관로4길 42",37.573,126.9794
"지하 갈색문","지하 갈색문","seoul","마포구","서울 마포구 연남로11길 29 (연남동) 지하 갈색문",37.5665,126.9018
"지하1 감정선프로젝트","지하1 감정선프로젝트","seoul","용산구","서울 용산구 회나무로 7 (이태원동, 화신치과의원) 지하1 감정선프로젝트",37.5323,126.9906
"진남관","진남관","jeonnam","여수시","전남 여수시 동문로 11",34.7420236,127.7366065
"진도해양생태관","진도해양생태관","jeonnam","진도군","전남 진도군 고군면 신비의바닷길 64 진도해양생태관",34.4349531,126.3529245
"진연홀","진연홀","seoul","종로구","서울 종로구 인사동5길 10",37.5728655343894,126.985653068571
"진영역철도박물관","진영역철도박물관","gyeongnam","김해시","경남 김해시 진영읍 진영로 145-1",35.3036032,128.7299162
"진위천유원지","진위천유원지","gyeonggi","평택시","경기 평택시 진위면 진위서로 264",37.0981445784915,127.086486466222
"진주 레전드히어로즈","진주 레전드히어로즈","gyeongnam","진주시","경남 진주시 에나로127번길 30 4층 (경상남도 진주시 충무공동 225-1 4층)",35.1806603,128.1439544
"진주유등전시관","진주유등전시관","gyeongnam","진주시","경남 진주시 망경로 207",35.1821389,128.0773604
"진포해양테마공원 위봉함676","진포해양테마공원 위봉함676","jeonbuk","군산시","전북 군산시 내항2길 32 진포해양테마공원",35.9897797,126.7160176
"진해공설운동장","진해공설운동장","gyeongnam","창원시","경남 창원시 진해구 충무로 43",35.148941,128.6547607
"진해문화센터","진해문화센터","gyeongnam","창원시","경남 창원시 진해구 천자로 103 진해야외공연장",35.1427636,128.6907036
"진해해양공원","진해해양공원","gyeongnam","창원시","경남 창원시 진해구 명동로 62",35.0915684,128.7201785
"차귀도 달래배낚시","차귀도 달래배낚시","jeju","제주시","제주 제주시 한경면 노을해안로 1160",33.3088551,126.1649081
"찬란한 사진관","찬란한 사진관","seoul","송파구","서울 송파구 위례성대로20길 25 2층 찬란한사진관",37.5090876,127.1274433
"참소리축음기＆에디슨과학박물관","참소리축음기＆에디슨과학박물관","","","정보 없음",,
"창경궁","창경궁","seoul","종로구","서울 종로구 이화동 연건동 창경궁로 185 창경궁",37.5802456,126.9948331
"창덕궁","창덕궁","seoul","종로구","서울 종로구 율곡로 99",37.5826041,126.9919376
"창원 3.15아트센터","창원 3.15아트센터","gyeongnam","창원시","경남 창원시 마산회원구 삼호로 135 3.15아트센터",35.2254105,128.5779867
"창원 3·15아트홀","창원 3·15아트홀","","","정보 없음",,
"창원 성산아트홀","창원 성산아트홀","gyeongnam","창원시","경남 창원시 성산구 중앙대로 181",35.229387,128.6831192
"창원과학체험관","창원과학체험관","gyeongnam","창원시","경남 창원시 성산구 충혼로72번길 16 창원과학체험관",35.2302693,128.6616707
"창원역사민속관","창원역사민속관","gyeongnam","창원시","경남 창원시 의창구 창이대로397번길 25",35.245122,128.6808469
"창원체육관","창원체육관","gyeongnam","창원시","경남 창원시 성산구 원이대로 450",35.2327195,128.6662755
"창원컨벤션센터","창원컨벤션센터","gyeongnam","창원시","경남 창원시 성산구 원이대로 362 창원컨벤션센터",35.2382008,128.6571599
"창원투어패스","창원투어패스","","","정보 없음",,
"창원NC파크","창원NC파크","gyeongnam","창원시","경남 창원시 마산회원구 삼호로 63",35.2224951,128.5825537
"창작극단 하다","창작극단 하다","chungbuk","충주시","충북 충주시 국원대로 46 2층",36.9760483,127.9262659
"창조소극장","창조소극장","seoul","종로구","서울 종로구 창경궁로 259 2층",37.5845619,127.0000597
"책읽는미술관 대치본사","책읽는미술관 대치본사","seoul","강남구","서울 강남구 삼성로 212 , 은마상가 A블럭 306-1, 306-2 (대치동 316)",37.5172,127.0473
"처갓집양념치킨 효창점","처갓집양념치킨 효창점","seoul","용산구","서울 용산구 백범로77길 14 201호",37.5391923,126.9647726
"천마빌딩 6층 604","천마빌딩 6층 604","seoul","강남구","서울 강남구 학동로 402 (삼성동, 천마빌딩) 천마빌딩 6층 604-2호",37.5172,127.0473
"천마아트센터","천마아트센터","gyeongbuk","경산시","경북 경산시 대학로 280",35.8320971,128.7532411
"천복집 흑염소 문래점","천복집 흑염소 문래점","seoul","영등포구","서울 영등포구 도림로 475 1층",37.5161749,126.8906928
"천안 오션어드벤처","천안 오션어드벤처","chungnam","천안시","충남 천안시 동남구 성남면 소노로 1",36.7573112,127.2240957
"천안박물관 천안박물관 어린이박물관","천안박물관 천안박물관 어린이박물관","chungnam","천안시","충남 천안시 동남구 천안삼거리길 27 천안박물관",36.7867273,127.163216
"천안시 동남구 옛시청길 39","천안시 동남구 옛시청길 39","chungnam","천안시","충남 천안시 동남구 옛시청길 39 천안어린이꿈누리터",36.8066437,127.1505416
"천안유관순체육관","천안유관순체육관","chungnam","천안시","충남 천안시 서북구 번영로 208",36.8209818,127.1141552
"천연기념물센터","천연기념물센터","daejeon","서구","대전 서구 유등로 927 천연기념물센터",36.3678154,127.3923
"천왕산가족캠핑장","천왕산가족캠핑장","seoul","구로구","서울 구로구 연동로12길 149",37.47899323006236,126.83139447182263
"철박물관","철박물관","chungbuk","음성군","충북 음성군 감곡면 영산로 360",37.0909233,127.649522
"청계광장","청계광장","seoul","중구","서울 중구 태평로1가 1",37.569166,126.9777119
"청계천박물관","청계천박물관","seoul","성동구","서울 성동구 청계천로 530 청계천박물관",37.571227,127.0349283
"청년스테이션","청년스테이션","gyeonggi","시흥시","경기 시흥시 정왕대로233번길 19-1",37.3460715,126.7395581
"청도 랜드마크","청도 랜드마크","daegu","대구","대구 달서구 송현동4길 51",35.8330027,128.5478634
"청도 레일바이크","청도 레일바이크","gyeongbuk","청도군","경북 청도군 청도읍 신도리 919-2",35.59025,128.7633735
"청도소싸움테마파크","청도소싸움테마파크","gyeongbuk","청도군","경북 청도군 화양읍 남성현로 346 청도소싸움미디어체험관",35.6852252,128.7242015
"청도용암온천","청도용암온천","gyeongbuk","청도군","경북 청도군 화양읍 온천길 23 청도용암온천호텔",35.6889558,128.7189975
"청도프로방스","청도프로방스","gyeongbuk","청도군","경북 청도군 화양읍 이슬미로 272-23",35.6841011,128.7181845
"청동기 문화박물관","청동기 문화박물관","gyeongnam","진주시","경남 진주시 대평면 호반로 1353",35.2238642,127.9623456
"청라블루노바홀","청라블루노바홀","incheon","서구","인천 서구 청라대로 26",37.5240117200914,126.634174254626
"청라호반베르디움4차아파트","청라호반베르디움4차아파트","incheon","서구","인천 서구 청라커낼로 163",37.5282657,126.6389193
"청주 와우주","청주 와우주","","","정보 없음",,
"청주 CJB미디어센터 에덴아트홀","청주 CJB미디어센터 에덴아트홀","chungbuk","청주시","충북 청주시 서원구 1순환로 854 CJB미디어센터",36.6204802,127.4672725
"청주 SK호크스아레나","청주 SK호크스아레나","chungbuk","청주시","충북 청주시 서원구 흥덕로 61 국민생활관",36.6410271,127.4706034
"청주대학교 석우문화체육관","청주대학교 석우문화체육관","chungbuk","청주시","충북 청주시 청원구 율량동 430",36.6623952,127.5026692
"청주랜드","청주랜드","chungbuk","청주시","충북 청주시 상당구 명암로 171 청주랜드",36.6518195,127.5182496
"청주아트홀","청주아트홀","chungbuk","청주시","충북 청주시 서원구 사직대로 227",36.636957,127.469375
"청춘스키","청춘스키","gyeonggi","광주시","경기 광주시 도척면 도척윗로 278",37.3375588747099,127.296189047378
"청해포구 촬영장","청해포구 촬영장","jeonnam","완도군","전남 완도군 완도읍 청해진서로 1161-8",34.3235109,126.6690879
"청화(단지내상가1층)공인중개사사무소","청화(단지내상가1층)공인중개사사무소","seoul","용산구","서울 용산구 장문로 27 1층 청화(단지내상가1층)공인중개사사무소",37.5307156,126.994864
"첼리스트의 서재","첼리스트의 서재","busan","해운대구","부산 해운대구 송정광어골로 76 4층",35.1748239,129.1960286
"초록씨어터","초록씨어터","seoul","종로구","서울 종로구 대학로 128",37.5827016395697,127.002151077463
"초막골생태전시관","초막골생태전시관","gyeonggi","군포시","경기 군포시 초막골길 216",37.3540951,126.919345
"초콜릿박물관","초콜릿박물관","jeju","서귀포시","제주 서귀포시 대정읍 일주서로3000번길 144 초콜릿박물관",33.2570471,126.22998
"추억의달동네","추억의달동네","gyeongbuk","경주시","경북 경주시 보불로 216-8",35.8036071,129.3122554
"추후 공지","추후 공지","gyeonggi","안산시","경기 안산시 단원구 이삭6길 2",37.31289108035632,126.83928708588793
"춘원당 한방병원 박물관","춘원당 한방병원 박물관","seoul","종로구","서울 종로구 돈화문로9길 27",37.5715314,126.9902445
"춘천 애니메이션박물관","춘천 애니메이션박물관","gangwon","춘천시","강원 춘천시 서면 박사로 854 애니메이션박물관",37.8930335,127.6918678
"춘천 한림대학교 일송아트홀","춘천 한림대학교 일송아트홀","","","정보 없음",,
"춘천문화예술회관","춘천문화예술회관","gangwon","춘천시","강원 춘천시 효자상길5번길 13",37.8726427,127.7293318
"춘천인형극장","춘천인형극장","gangwon","춘천시","강원 춘천시 영서로 3017",37.9215814,127.7202116
"충남 공주시 고마나루길 30","충남 공주시 고마나루길 30","chungnam","공주시","충남 공주시 고마나루길 30",36.4624659,127.11133
"충남 공주시 왕릉로 37","충남 공주시 왕릉로 37","chungnam","공주시","충남 공주시 왕릉로 37",36.4630908,127.114413
"충남 공주시 중동 258-9 공주독립운동기념관","충남 공주시 중동 258-9 공주독립운동기념관","chungnam","공주시","충남 공주시 중동 258-9",36.4529752,127.1265438
"충남 문화예술회관","충남 문화예술회관","chungnam","천안시","충남 천안시 동남구 성남면 종합휴양지로 185",36.7560811,127.2252896
"충남 보령시 성주면 성주산로 508","충남 보령시 성주면 성주산로 508","chungnam","보령시","충남 보령시 성주면 성주산로 508",36.3261189,126.6527184
"충남 보령시 성주면 심원계곡로 93","충남 보령시 성주면 심원계곡로 93","chungnam","보령시","충남 보령시 성주면 심원계곡로 93",36.343383,126.6549976
"충남 부여군 규암면 백제문로 553","충남 부여군 규암면 백제문로 553","chungnam","부여군","충남 부여군 규암면 백제문로 553",36.3065047,126.9170167
"충남 아산시 염치읍 현충사길 126","충남 아산시 염치읍 현충사길 126","chungnam","아산시","충남 아산시 염치읍 현충사길 126",36.8113189,127.0323069
"충남 안전체험관","충남 안전체험관","chungnam","천안시","충남 천안시 동남구 태조산길 267-17 충청남도 안전체험관",36.8217909,127.1918061
"충남 태안군 남면 몽산포길 57","충남 태안군 남면 몽산포길 57","chungnam","태안군","충남 태안군 남면 몽산포길 57",36.6720965,126.2901859
"충남 태안군 소원면 천리포1길 120","충남 태안군 소원면 천리포1길 120","chungnam","태안군","충남 태안군 소원면 천리포1길 120",36.7926402,126.1483232
"충남 태안군 원북면 신두해변길 201-54","충남 태안군 원북면 신두해변길 201-54","chungnam","태안군","충남 태안군 원북면 신두해변길 201-54 신두리 사구센터",36.8428106,126.1948014
"충남 피나클랜드","충남 피나클랜드","chungnam","아산시","충남 아산시 영인면 월선길 20-22 피나클랜드수목원",36.8772786,126.929109
"충남대학교 정심화홀","충남대학교 정심화홀","daejeon","유성구","대전 유성구 대학로 99",36.362876,127.3463602
"충남도청 문예회관","충남도청 문예회관","chungnam","홍성군","충남 홍성군 홍북읍 충남대로 21",36.659249,126.6729079
"충무아트센터","충무아트센터","seoul","중구","서울 중구 퇴계로 387",37.5637,126.9975
"충북 증평군 도안면 벨포레길 410","충북 증평군 도안면 벨포레길 410","chungbuk","증평군","충북 증평군 도안면 벨포레길 410 웰컴센터 3층",36.8477765,127.5831762
"충북 청주시 상당구 대성로 150","충북 청주시 상당구 대성로 150","chungbuk","청주시","충북 청주시 상당구 대성로 150 충청북도자연과학교육원",36.638199,127.492788
"충북 청주시 흥덕구 강내면 청주역로 213-52","충북 청주시 흥덕구 강내면 청주역로 213-52","chungbuk","청주시","충북 청주시 흥덕구 강내면 청주역로 213-52 한국잠사박물관",36.6384375,127.3829621
"충주다목적댐 물 문화관","충주다목적댐 물 문화관","chungbuk","충주시","충북 충주시 동량면 지등로 745",37.0044575,127.9971491
"충주성내동우체국(구) 충주어린이과학관","충주성내동우체국(구) 충주어린이과학관","chungbuk","충주시","충북 충주시 관아1길 20 충주어린이과학관",36.9701498,127.9353547
"충주시문화회관","충주시문화회관","chungbuk","충주시","충북 충주시 중앙로 128",36.9706349,127.9371956
"충주자연생태체험관","충주자연생태체험관","chungbuk","충주시","충북 충주시 동량면 지등로 260 충주자연생태체험관",37.0253836,127.9516156
"충주커피박물관","충주커피박물관","chungbuk","충주시","충북 충주시 살미면 월악로 432 충주커피박물관",36.9045459,128.0145503
"충청남도교육청 과학교육원 1층 유아과학관","충청남도교육청 과학교육원 1층 유아과학관","chungnam","아산시","충남 아산시 순천향로 624-30",36.7487262,126.9914366
"충청북도산림환경연구소","충청북도산림환경연구소","chungbuk","청주시","충북 청주시 상당구 미원면 수목원길 51 충청북도 산림환경연구소",36.6260524,127.6656324
"충청북도유아교육진흥원 유아교육진흥원","충청북도유아교육진흥원 유아교육진흥원","chungbuk","청주시","충북 청주시 상당구 가덕면 교육원로 153-122",36.5861967,127.5704894
"츠쿠바 역","츠쿠바 역","seoul","강남구","서울 강남구 삼성로96길 6 LG트윈텔1차 1501호",37.5084888,127.0566101
"층 순천공충박물관","층 순천공충박물관","jeonnam","순천시","전남 순천시 해룡면 비래길 95",34.9558695,127.5419351
"치산관광지 캠핑장","치산관광지 캠핑장","gyeongbuk","영천시","경북 영천시 신녕면 치산관광길 263",36.0491822,128.7128424
"칠곡 러키더키 패밀리랜드","칠곡 러키더키 패밀리랜드","gyeongbuk","칠곡군","경북 칠곡군 석적읍 석적로 140 아쿠아리움 3층",36.0109751,128.4010959
"칠암도서관 공연장","칠암도서관 공연장","gyeongnam","김해시","경남 김해시 활천로285번길 14 칠암문화센터",35.2443967,128.9104062
"카나리아147","카나리아147","gyeongnam","거제시","경남 거제시 사등면 덕호해안길 147-1 카나리아풀빌라펜션 맞은 편 선착장",34.8729838,128.4727789
"카멜리아힐","카멜리아힐","jeju","서귀포시","제주 서귀포시 안덕면 병악로 166",33.2901401,126.3683651
"카츠백 의정부점","카츠백 의정부점","gyeonggi","의정부시","경기 의정부시 시민로158번길 3",37.7371395,127.0525291
"카페 데쎄르룸","카페 데쎄르룸","seoul","강남구","서울 강남구 봉은사로51길 13 (논현동)",,
"카페 세상의 모든 스터디","카페 세상의 모든 스터디","seoul","강남구","서울 강남구 강남대로94길 34 지하 2층",37.4997581,127.0300304
"카페 소담","카페 소담","gyeonggi","부천시","경기 부천시 원미구 소향로 127 110호",37.5026195,126.761935
"카페 엠에프티","카페 엠에프티","incheon","서구","인천 서구 청라라임로122번길 13 1층 카페 엠에프티",37.5388522,126.654413
"카페 플레이리스트","카페 플레이리스트","seoul","중랑구","서울 중랑구 봉우재로2길 3 1층 플레이리스트 카페",37.589233,127.0743225
"카페일이오공","카페일이오공","","","정보 없음",,
"카페초하","카페초하","gyeonggi","안산시","경기 안산시 단원구 신촌5길 33 1층 103호",37.3149108,126.8195477
"카피솔루션","카피솔루션","seoul","광진구","서울 광진구 자양로52길 28 1층",37.5524478,127.094571
"캐리비안베이","캐리비안베이","gyeonggi","용인시","경기 용인시 처인구 포곡읍 에버랜드로 199",37.2971091835927,127.200987568397
"캐치웨이브","캐치웨이브","busan","해운대구","부산 해운대구 송정중앙로36번길 36-9 B1",35.1809592,129.2018125
"캐플릭스","캐플릭스","seoul","영등포구","서울 영등포구 선유로 103",37.523263,126.8899409
"캔들 제뉴어리","캔들 제뉴어리","gyeonggi","수원시","경기 수원시 팔달구 신풍로23번길 10 1층 제뉴어리캔들",37.2833019,127.0142264
"커피 싸데펑","커피 싸데펑","seoul","노원구","서울 노원구 동일로182길 37-4 커피 싸데펑",37.6234109,127.0762441
"커피사랑방","커피사랑방","seoul","마포구","서울 마포구 월드컵북로7길 8",37.558362,126.917283
"컬러온스튜디오","컬러온스튜디오","seoul","성동구","서울 성동구 연무장길 76 (성수동2가, 성수 AK 밸리)",,
"컬쳐씨어터","컬쳐씨어터","seoul","종로구","서울 종로구 대학로8가길 80",37.5824763657644,127.003260570751
"케이탑건 홍대점","케이탑건 홍대점","seoul","마포구","서울 마포구 어울마당로 128",37.5557105836986,126.92428110357646
"케이팝스테이지 K-POP STAGE","케이팝스테이지 K-POP STAGE","seoul","마포구","서울 마포구 와우산로21길 29 , 지하1층",37.5665,126.9018
"코끼리방울","코끼리방울","gyeonggi","용인시","경기 용인시 기흥구 동백중앙로 225-6 3층 302호",37.2744221,127.1500882
"코끼리방울 키즈카페","코끼리방울 키즈카페","","","정보 없음",,
"코나투스","코나투스","seoul","중구","서울 중구 을지로38길 40 4층",37.5665,126.9925
"코너브루","코너브루","","관악구","정보 없음",37.4784,126.9516
"코델아트홀","코델아트홀","seoul","종로구","서울 종로구 동숭길 78",37.5817465280251,127.004290778649
"코리아보드게임즈","코리아보드게임즈","gyeonggi","파주시","경기 파주시 탄현면 요풍길 10",37.8051491,126.7180566
"코엑스 3층 C홀","코엑스 3층 C홀","seoul","강남구","서울 강남구 영동대로 513",37.511297100471545,127.05914799602495
"코엑스 C홀","코엑스 C홀","seoul","강남구","서울 강남구 영동대로 513",37.511297100471545,127.05914799602495
"코엑스아티움","코엑스아티움","seoul","강남구","서울 강남구 테헤란로87길 36",37.50994346786382,127.06154587656543
"코엑스전시장","코엑스전시장","seoul","강남구","서울 강남구 영동대로 513 코엑스",37.5113206,127.0591399
"코지모임공간 신촌점","코지모임공간 신촌점","seoul","서대문구","서울 서대문구 연세로 8-1 버티고타워 10층",37.5562802,126.9370894
"코지야드 작업실","코지야드 작업실","seoul","성동구","서울 성동구 한림말길 6",37.5633,127.0371
"코코넛 렌탈샵","코코넛 렌탈샵","gyeonggi","광주시","경기 광주시 도척면 독고개길302번길 2",37.3394350154282,127.304416151354
"코코모스타일아트랩","코코모스타일아트랩","seoul","강서구","서울 강서구 공항대로58나길 24-3 302호",37.5512381,126.8605897
"콘서트홀 나누","콘서트홀 나누","seoul","마포구","서울 마포구 망원로 66",37.5570610153931,126.904208014987
"콘텐츠박스","콘텐츠박스","seoul","종로구","서울 종로구 동숭길 55",37.5806959747884,127.00413901486
"쿠구","쿠구","gyeonggi","수원시","경기 수원시 팔달구 정조로801번길 24 1층 우측",37.2800071,127.0153352
"쿠키키쿠 베이킹스튜디오","쿠키키쿠 베이킹스튜디오","seoul","광진구","서울 광진구 아차산로21길 15 (화양동, 이화음악학원) 2층 쿠키키쿠 베이킹스튜디오",37.5385,127.0824
"쿵스 게임랜드","쿵스 게임랜드","chungbuk","청주시","충북 청주시 상당구 성안로 19-2 5층 6층",36.6349571,127.4895375
"쿵스 롤러스케이트장","쿵스 롤러스케이트장","chungbuk","청주시","충북 청주시 상당구 성안로 19-2 6층 쿵스 롤러스케이트장",36.6349693,127.4894883
"큐씨어터","큐씨어터","seoul","종로구","서울 종로구 대학로8가길 79",37.5824943778166,127.003532285831
"큐토피아 키즈카페","큐토피아 키즈카페","gyeongbuk","구미시","경북 구미시 신시로10길 110-5 DB스파랜드 2층",36.1143502,128.3505283
"크라운 해태 키즈뮤지엄","크라운 해태 키즈뮤지엄","seoul","용산구","서울 용산구 한강대로72길 3",37.540836636726,126.973762483462
"크라운해태제과","크라운해태제과","seoul","용산구","서울 용산구 한강대로72길 3 크라운해태제과 지하1층",37.5406004,126.9735701
"크레디아클래식클럽 STUDIO","크레디아클래식클럽 STUDIO","seoul","종로구","서울 종로구 자하문로9길 8 B1",37.5795835,126.9706649
"크리스빌딩","크리스빌딩","seoul","서초구","서울 서초구 사임당로12길 12",37.4884162,127.0168073
"크리스프 웨지","크리스프 웨지","seoul","마포구","서울 마포구 양화로8길 32-17 지하 1층 크리스프 웨지",37.5494152,126.9156165
"큰물농장","큰물농장","gyeonggi","남양주시","경기 남양주시 와부읍 석실로 46-11",37.579679,127.2307003
"클래스콕","클래스콕","gyeonggi","고양시","경기 고양시 덕양구 고양대로 1955 (동산동, 스타필드 고양) 스타필드 고양 3층 클래스콕 A룸",37.6584,126.832
"클래식카박물관","클래식카박물관","gangwon","인제군","강원 인제군 기린면 상하답로 130 인제스피디움",38.0026931,128.2951054
"클럽롤러힐","클럽롤러힐","seoul","동대문구","서울 동대문구 답십리로 209",37.5733194760319,127.063817853438
"클럽크로마","클럽크로마","incheon","중구","인천 중구 영종해안남로321번길 186",37.43626675099884,126.45802806785528
"키위키즈랜드","키위키즈랜드","busan","기장군","부산 기장군 장안읍 정관로 1142 힐탑프리미엄아울렛 B1",35.3210652,129.2355242
"키자니아 서울점","키자니아 서울점","seoul","송파구","서울 송파구 올림픽로 240",37.5111041,127.0982333
"키즈 루덴스 박물관(Kids Ludens Museum)","키즈 루덴스 박물관(Kids Ludens Museum)","gyeonggi","파주시","경기 파주시 탄현면 헤이리마을길 82-150 키즈 루덴스 박물관(Kids Ludens Museum)",37.7883231,126.7017927
"키즈 아트 갤러리 by MAM","키즈 아트 갤러리 by MAM","gyeonggi","가평군","경기 가평군 설악면 미사리로 189 3층",37.691758,127.5349983
"키친갈매기","키친갈매기","seoul","마포구","서울 마포구 포은로 73 2층",37.5535916,126.9058133
"키키데이즈 캔들공방","키키데이즈 캔들공방","seoul","서초구","서울 서초구 청두곶3길 12 1층 키키데이즈",37.4788274,126.9845801
"키토스","키토스","daegu","대구","대구 남구 장전3길 134",35.8425096360063,128.578229475201
"킨텍스 10A홀","킨텍스 10A홀","gyeonggi","고양시","경기 고양시 일산서구 킨텍스로 217",37.6647267128123,126.741283396117
"킨텍스 제 1전시장 1홀","킨텍스 제 1전시장 1홀","gyeonggi","고양시","경기 고양시 일산서구 킨텍스로 217-60",37.670005424922365,126.74662410909093
"킨텍스 제1전시장 2홀","킨텍스 제1전시장 2홀","gyeonggi","고양시","경기 고양시 일산서구 킨텍스로 217",37.6694773193624,126.74656243079
"킨텍스 제2전시장 9홀","킨텍스 제2전시장 9홀","gyeonggi","고양시","경기 고양시 일산서구 킨텍스로 217-59",37.6791213,126.7578708
"킨텍스 캠핑장","킨텍스 캠핑장","gyeonggi","고양시","경기 고양시 일산서구 킨텍스로 217",37.6633635652791,126.739252600138
"타이거릴리(가든파이브","타이거릴리(가든파이브","seoul","송파구","서울 송파구 충민로 66 , 현대시티몰 가든파이브점 몰관 4층",37.5145,127.1066
"타임스퀘어","타임스퀘어","seoul","영등포구","서울 영등포구 영중로 15 타임스퀘어",37.5171629,126.9029652
"타임스퀘어 B1 GATE 11 밖","타임스퀘어 B1 GATE 11 밖","seoul","영등포구","서울 영등포구 영중로 15",37.5264,126.8962
"타크라다이브","타크라다이브","","","정보 없음",,
"탈영역우정국","탈영역우정국","seoul","마포구","서울 마포구 독막로20길 42 탈영역우정국",37.546978,126.9276602
"탐라승마장","탐라승마장","jeju","제주시","제주 제주시 조천읍 비자림로 1044",33.4330322,126.7169426
"탑레포츠 렌탈샵","탑레포츠 렌탈샵","gyeonggi","이천시","경기 이천시 마장면 지산로 134",37.2497263,127.3634125
"탑요트코리아","탑요트코리아","seoul","영등포구","서울 영등포구 여의동로 252 , 한강 파라다이스",37.5264,126.8962
"태광프라자","태광프라자","incheon","남동구","인천 남동구 인하로507번길 80",37.4563,126.7052
"태권도원 국립 태권도박물관","태권도원 국립 태권도박물관","jeonbuk","무주군","전북 무주군 설천면 무설로 1482",36.0043141,127.780501
"태백고생대자연사박물관","태백고생대자연사박물관","gangwon","태백시","강원 태백시 태백로 2249 태백고생대자연사박물관",37.094949,129.039504
"터치파이브","터치파이브","seoul","마포구","서울 마포구 와우산로 76",37.5512808384722,126.923597529606
"테디베어뮤지엄 제주","테디베어뮤지엄 제주","jeju","서귀포시","제주 서귀포시 중문관광로110번길 31",33.2503669,126.412162
"테마플라워","테마플라워","seoul","강북구","서울 강북구 오현로32길 18",37.628255,127.0401076
"테일45","테일45","gyeonggi","용인시","경기 용인시 기흥구 고매로43번길 47",37.235501727535336,127.11684943219004
"테일러룸스","테일러룸스","seoul","강남구","서울 강남구 논현로152길 37",37.521765,127.0311777
"테테루테마파크","테테루테마파크","","","정보 없음",,
"토속어류생태체험장","토속어류생태체험장","gangwon","화천군","강원 화천군 간동면 어룡동길 366",38.1254219,127.7637743
"토이로봇관","토이로봇관","gangwon","춘천시","강원 춘천시 서면 박사로 844 토이로봇관",37.8919444,127.691876
"토이승마장","토이승마장","jeju","서귀포시","제주 서귀포시 안덕면 동광로 265-14 제주 토이 승마장",33.3182964,126.3451269
"토즈 광화문점(스터디카페)인원에 따라 별도 추가 공지 드립니다.","토즈 광화문점(스터디카페)인원에 따라 별도 추가 공지 드립니다.","","","토즈 광화문점(스터디카페)인원에 따라 별도 추가 공지 드립니다.",37.5729873,126.9726494
"토탈미술관","토탈미술관","seoul","종로구","서울 종로구 평창동 평창32길 토탈미술관",37.6121455,126.9757256
"통나무래프팅","통나무래프팅","gangwon","영월군","강원 영월군 영월읍 동강로 100",37.1916846,128.5018026
"통영 더카트인","통영 더카트인","gyeongnam","통영시","경남 통영시 도산면 도산일주로 147",34.8982442,128.3519126
"통영 오션브리즈","통영 오션브리즈","gyeongnam","통영시","경남 통영시 산양읍 이운길 101 오션브리즈 선착장",34.7993463,128.4340642
"통영 케이블카","통영 케이블카","gyeongnam","통영시","경남 통영시 발개로 205",34.8268542,128.4253538
"통영국제음악당 블랙박스","통영국제음악당 블랙박스","gyeongnam","통영시","경남 통영시 큰발개1길 38 통영국제음악당",34.8262026,128.4393398
"통영국제음악당 콘서트홀","통영국제음악당 콘서트홀","gyeongnam","통영시","경남 통영시 큰발개1길 38",34.8261975,128.440194
"통영투어패스","통영투어패스","","","정보 없음",,
"통인화랑","통인화랑","seoul","종로구","서울 종로구 인사동길 32 통인빌딩",37.5734875,126.9858072
"투데이 이즈 조이","투데이 이즈 조이","gyeonggi","고양시","경기 고양시 일산동구 무궁화로187번길 34 1층 투데이 이즈 조이",37.6726851,126.780924
"튜터케이랑 성신여대점","튜터케이랑 성신여대점","seoul","성북구","서울 성북구 동소문로 88 2층",37.5921667,127.0150772
"트라이보울","트라이보울","incheon","연수구","인천 연수구 인천타워대로 250",37.3942043410562,126.635009329215
"트레바리 강남 아지트","트레바리 강남 아지트","seoul","강남구","서울 강남구 강남대로92길 19 여원빌딩 3-10층",37.4991699,127.0288929
"트리베카","트리베카","seoul","영등포구","서울 영등포구 영중로24길 12",37.5219335,126.9064031
"트리플스트리트 D동","트리플스트리트 D동","incheon","연수구","인천 연수구 송도과학로16번길 33-1",37.3806957155085,126.658783691215
"트릭아트뮤지엄","트릭아트뮤지엄","gyeonggi","파주시","경기 파주시 탄현면 헤이리마을길 93-53",37.7900646317957,126.696699205532
"티엘아이 아트센터","티엘아이 아트센터","gyeonggi","성남시","경기 성남시 중원구 양현로405번길 12",37.418024467721814,127.12753434024322
"티켓링크 1975 씨어터 (구 어린이회관 문화관)","티켓링크 1975 씨어터 (구 어린이회관 문화관)","seoul","광진구","서울 광진구 광나루로 441",37.546974854863365,127.07657573739962
"티켓링크 라이브 아레나(핸드볼경기장)","티켓링크 라이브 아레나(핸드볼경기장)","seoul","송파구","서울 송파구 올림픽로 424",37.521785,127.11652
"틴틴홀","틴틴홀","seoul","종로구","서울 종로구 대학로10길 24",37.573,126.9794
"팀파시 강남","팀파시 강남","seoul","강남구","서울 강남구 테헤란로44길 5 대아빌딩 지하2층 팀파시강남",37.5026357,127.045036
"팅커의마법정원","팅커의마법정원","seoul","서초구","서울 서초구 청두곶3길 22 1층",37.4789253,126.9839895
"파더스가든","파더스가든","jeju","서귀포시","제주 서귀포시 안덕면 병악로 44-33",33.2801485,126.3657648
"파라다이스 도고","파라다이스 도고","chungnam","아산시","충남 아산시 도고면 도고온천로 176",36.7660845,126.8861007
"파라다이스시티","파라다이스시티","incheon","중구","인천 중구 영종해안남로 321길 186",37.4295581,126.4569418
"파라다이스시티 씨메르","파라다이스시티 씨메르","incheon","중구","인천 중구 영종해안남로321번길 186",37.435645590451834,126.45716251341072
"파라다이스시티 원더박스","파라다이스시티 원더박스","incheon","중구","인천 중구 영종해안남로321번길 186",37.4365796645163,126.457300284659
"파랑새극장","파랑새극장","seoul","종로구","서울 종로구 대학로 116",37.58158440422107,127.00232652533127
"파랑씨어터","파랑씨어터","seoul","종로구","서울 종로구 대학로8가길 36",37.5824871968218,127.002472599844
"파밀리아플라워&까페","파밀리아플라워&까페","","김포시","정보 없음",,
"파발119지역대","파발119지역대","gyeonggi","의정부시","경기 의정부시 호국로 1314",37.7434724,127.0501363
"파주 놀이구름","파주 놀이구름","gyeonggi","파주시","경기 파주시 와석순환로 500",37.7228377519779,126.75914810681131
"파주 운정행복센터","파주 운정행복센터","gyeonggi","파주시","경기 파주시 와석순환로 415",37.7242065,126.7513155
"파주 홍삼스파","파주 홍삼스파","gyeonggi","파주시","경기 파주시 탄현면 장릉로 5",37.7738991,126.7172828
"파주 홍삼스파 참숯가마사우나","파주 홍삼스파 참숯가마사우나","gyeonggi","파주시","경기 파주시 탄현면 장릉로 5",37.773847552083,126.71728661451803
"파크하비오 워터킹덤","파크하비오 워터킹덤","seoul","송파구","서울 송파구 송파대로 111",37.480209937378454,127.12478406415195
"파텔라","파텔라","seoul","영등포구","서울 영등포구 영등포로20길 22-8 2층 파텔라 퍼포먼스 트레이닝 센터",37.5199325,126.8918967
"파티룸호텔땅고스위트루프탑","파티룸호텔땅고스위트루프탑","seoul","중구","서울 중구 창경궁로1길 34 302호",37.5626181,126.99656
"판교레이크골프클럽","판교레이크골프클럽","gyeonggi","용인시","경기 용인시 수지구 호수로 69",37.3543190524714,127.072318626107
"판교박물관","판교박물관","gyeonggi","성남시","경기 성남시 분당구 판교로 191 판교박물관",37.4009612,127.0956605
"판교생태학습원","판교생태학습원","gyeonggi","성남시","경기 성남시 분당구 대왕판교로645번길 21",37.3994931,127.1038235
"팔공산 케이블카","팔공산 케이블카","daegu","동구","대구 동구 팔공산로185길 51 팔공산케이블카",35.9908658,128.694838
"팝티스트 스튜디오(B1)","팝티스트 스튜디오(B1)","seoul","마포구","서울 마포구 월드컵로11길 14 (망원동) 팝티스트 스튜디오(B1)",37.5665,126.9018
"패러글라이딩2인승체험비행","패러글라이딩2인승체험비행","","","정보 없음",,
"패러명가","패러명가","chungbuk","단양군","충북 단양군 가곡면 두산길 262 2호",37.0023032,128.4006455
"팰롱팰롱 빛나는","팰롱팰롱 빛나는","jeju","제주시","제주 제주시 애월읍 애월로 27-2 팰롱팰롱 빛나는",33.4614476,126.3116172
"팽성생활사박물관","팽성생활사박물관","gyeonggi","평택시","경기 평택시 팽성읍 안정로39번길 21 팽성생활사박물관",36.960565,127.0472709
"퍼스트빌리지 공룡월드","퍼스트빌리지 공룡월드","chungnam","아산시","충남 아산시 둔포면 해위안길 127",36.8971975,127.0276529
"펀앤챌린지","펀앤챌린지","daegu","중구","대구 중구 동성로6길 61 5층",35.8687083,128.5987415
"펀웨이브","펀웨이브","gyeonggi","고양시","경기 고양시 일산서구 한류월드로 300",37.6645540979457,126.75452646873
"펄벅기념관","펄벅기념관","gyeonggi","부천시","경기 부천시 소사구 성주로214번길 61",37.4754732,126.7816012
"페리지홀","페리지홀","seoul","서초구","서울 서초구 반포대로 18",37.4822375415116,127.01273539882
"페이즈","페이즈","gyeonggi","안양시","경기 안양시 동안구 인덕원로16번길 1 1층 104호",37.4011708,126.9739722
"펫푸드스쿨","펫푸드스쿨","incheon","부평구","인천 부평구 장제로 196 (부평동)",,
"편백포레스트 체험목장","편백포레스트 체험목장","jeju","서귀포시","제주 서귀포시 남원읍 서성로 544-97 편백포레스트",33.3174795,126.65969
"평택 내리캠핑장","평택 내리캠핑장","gyeonggi","평택시","경기 평택시 팽성읍 내리길 64",36.975254863754635,127.03255933752965
"평택 북부문화예술회관 대공연장","평택 북부문화예술회관 대공연장","gyeonggi","평택시","경기 평택시 경기대로 1366 북부문화예술회관",36.9745464,127.1161001
"평택 황토참숯가마","평택 황토참숯가마","gyeonggi","평택시","경기 평택시 포승읍 홍원길 20",37.0176870082495,126.867739541631
"평택남부문화예술회관 대공연장","평택남부문화예술회관 대공연장","gyeonggi","평택시","경기 평택시 중앙로 277",36.9911311852604,127.114084126718
"평택북부문화예술회관 대공연장","평택북부문화예술회관 대공연장","gyeonggi","평택시","경기 평택시 경기대로 1366 북부문화예술회관",36.9745464,127.1161001
"평택북부문화예술회관 소공연장","평택북부문화예술회관 소공연장","gyeonggi","평택시","경기 평택시 경기대로 1366 북부문화예술회관",36.9745464,127.1161001
"평택서부문화예술회관 대공연장","평택서부문화예술회관 대공연장","gyeonggi","평택시","경기 평택시 안중읍 서동대로 1531",36.9901427155486,126.920133150766
"평택아트센터","평택아트센터","gyeonggi","평택시","경기 평택시 고덕로 310",37.039462814522736,127.0339681658489
"포도뮤지엄","포도뮤지엄","jeju","서귀포시","제주 서귀포시 안덕면 산록남로 788 포도뮤지엄",33.3192668,126.3859682
"포디움다이브엠","포디움다이브엠","busan","수영구","부산 수영구 광남로 96 지하1~3층",35.1504485,129.1150771
"포레스트 공룡사파리","포레스트 공룡사파리","jeju","제주시","제주 제주시 조천읍 선교로 474-1",33.4630625,126.7095693
"포시즌키친 광교직영점","포시즌키친 광교직영점","gyeonggi","수원시","경기 수원시 영통구 광교호수공원로 277 B2층 249~253, 255 -256호",37.2807536,127.0590062
"포유클레이 세라믹스튜디오","포유클레이 세라믹스튜디오","seoul","동작구","서울 동작구 대림로 40 (신대방동) 1층 포유클레이 세라믹스튜디오",37.5124,126.9393
"포천반월아트홀","포천반월아트홀","gyeonggi","포천시","경기 포천시 군내면 청성로 111",37.8961646333747,127.212342028263
"포천아트밸리 천문과학관","포천아트밸리 천문과학관","gyeonggi","포천시","경기 포천시 신북면 아트밸리로 234",37.9232113,127.2372231
"포천자연마을 서울캠핑장","포천자연마을 서울캠핑장","gyeonggi","포천시","경기 포천시 관인면 북원로 371",38.12385157687724,127.25311740317223
"포트링","포트링","seoul","마포구","서울 마포구 동교로 215 2층",37.5592675,126.9235096
"포포문","포포문","","동대문구","서울 동대문구 고산자로36길 3 경동시장 신관 3층 청년몰 70123호 포포문",37.5792013,127.0388331
"포포인츠 바이 쉐라톤 조선 서울역","포포인츠 바이 쉐라톤 조선 서울역","seoul","용산구","서울 용산구 한강대로 366 포포인츠바이쉐라톤조선 서울역",37.5511247,126.9729133
"포항 앨리스파파","포항 앨리스파파","gyeongbuk","포항시","경북 포항시 북구 장량로 171 2층 (하나로마트 2F) - 무료주차",36.082132,129.3984417
"포항 요트데이","포항 요트데이","gyeongbuk","포항시","경북 포항시 북구 두호동 1017",36.0624376,129.3896013
"포항 장기유배문화체험촌","포항 장기유배문화체험촌","gyeongbuk","포항시","경북 포항시 남구 장기면 장기로 452",35.9036331,129.4862325
"포항문화예술회관 대공연장","포항문화예술회관 대공연장","gyeongbuk","포항시","경북 포항시 남구 희망대로 850 문화예술회관",36.0095932,129.3660379
"포항문화예술회관 소공연장","포항문화예술회관 소공연장","gyeongbuk","포항시","경북 포항시 남구 희망대로 850 문화예술회관",36.0097995,129.3653607
"포항시청 문화동 대잠홀","포항시청 문화동 대잠홀","gyeongbuk","포항시","경북 포항시 남구 시청로 1",36.0185027,129.3434581
"포항집","포항집","seoul","서초구","서울 서초구 강남대로101길 38 청하빌딩",37.5174772,127.0177601
"푸르미르","푸르미르","incheon","부평구","인천 부평구 동암남로13번길 15",37.4715996,126.7052349
"푸르지오 아트홀","푸르지오 아트홀","seoul","중구","서울 중구 을지로 170",37.5661395435934,126.997328727022
"푸르지오아트홀","푸르지오아트홀","seoul","구로구","서울 구로구 경인로 661",37.5094195,126.8877239
"풋볼 팬타지움 (2002 FIFA 월드컵 기념관)","풋볼 팬타지움 (2002 FIFA 월드컵 기념관)","seoul","마포구","서울 마포구 성산2동 성산동 월드컵로 240 풋볼 팬타지움",37.5684953,126.896336
"퓨처그라운드 롯데몰 김포공항점","퓨처그라운드 롯데몰 김포공항점","seoul","강서구","서울 강서구 하늘길 38",37.56395452303145,126.80314435068914
"프라움 악기 박물관","프라움 악기 박물관","gyeonggi","남양주시","경기 남양주시 와부읍 경강로 756",37.5685148,127.227054
"프랑꼬아트랩","프랑꼬아트랩","seoul","강남구","서울 강남구 강남대로110길 38 1층",37.5039304,127.0279977
"프로그램마다 만나는 장소가 상이하여 상세페이지 확인 부탁드립니다.","프로그램마다 만나는 장소가 상이하여 상세페이지 확인 부탁드립니다.","","","프로그램마다 만나는 장소가 상이하여 상세페이지 확인 부탁드립니다.",,
"프로젝트룩","프로젝트룩","seoul","서대문구","서울 서대문구 홍제원1길 8 201호",37.586993,126.9470351
"프롬에이 공덕점","프롬에이 공덕점","seoul","마포구","서울 마포구 백범로 199 메트로디오빌 2층 프롬에이",37.5435256,126.9528519
"플라비","플라비","seoul","송파구","서울 송파구 백제고분로45길 5",37.5145,127.1066
"플라이스테이션","플라이스테이션","gyeonggi","용인시","경기 용인시 처인구 포곡읍 성산로 521",37.28088992407525,127.19920791547494
"플라잉 수원","플라잉 수원","gyeonggi","수원시","경기 수원시 팔달구 경수대로 697",37.2826466,127.0292026
"플라잉수원","플라잉수원","gyeonggi","수원시","경기 수원시 팔달구 지동 경수대로 697 플라잉수원",37.2867639,127.0261652
"플랫폼74","플랫폼74","seoul","종로구","서울 종로구 동숭길 74",37.5815320911279,127.004302087626
"플러스씨어터","플러스씨어터","seoul","종로구","서울 종로구 대학로12길 73",37.5808257236473,127.003971468634
"플레이더씨어터","플레이더씨어터","seoul","종로구","서울 종로구 동숭길 50",37.580548195324035,127.00458505936838
"플레이독스","플레이독스","seoul","광진구","서울 광진구 능동로 163 , 지하 1층",37.5385,127.0824
"플레이월드 다산점","플레이월드 다산점","gyeonggi","남양주시","경기 남양주시 다산중앙로123번길 22",37.6250868430586,127.151615774349
"플레이월드 미사점","플레이월드 미사점","gyeonggi","하남시","경기 하남시 미사강변동로 73 12층",37.5615644351501,127.192991876605
"플레이월드 부천점","플레이월드 부천점","gyeonggi","부천시","경기 부천시 원미구 신흥로 150",37.4978493168582,126.778848422749
"플레이월드 용인점","플레이월드 용인점","gyeonggi","용인시","경기 용인시 기흥구 중부대로 184 , 힉스유타워 상가동 B181호",37.2725004,127.124654
"플레이월드 파주점","플레이월드 파주점","gyeonggi","파주시","경기 파주시 문발로 233",37.7151654715792,126.687514750325
"플레이타임 중앙","플레이타임 중앙","seoul","강남구","서울 강남구 광평로51길 6",37.488938824901,127.104429633155
"플레이티카 롯데아울렛구리점","플레이티카 롯데아울렛구리점","gyeonggi","구리시","경기 구리시 동구릉로136번길 47",37.6119128297633,127.140517979869
"플렉스 라운지","플렉스 라운지","seoul","마포구","서울 마포구 양화로 100-10 다내리빌딩 지하",37.5525683,126.9190179
"플리페","플리페","seoul","강남구","서울 강남구 영동대로129길 24-6 ...",37.5172,127.0473
"피노키오 상가","피노키오 상가","gyeonggi","부천시","경기 부천시 원미구 부천로3번길 48",37.5034,126.766
"피크14","피크14","seoul","종로구","서울 종로구 돈화문로5가길 31 4층 401호",37.5721544,126.9912937
"필라테스 그리다","필라테스 그리다","seoul","강남구","서울 강남구 선릉로86길 28 (대치동) 4층 필라테스 그리다",37.5172,127.0473
"하남문화예술회관","하남문화예술회관","etc","하남시","하남문화예술회관 대극장, 덕풍동로, 덕풍동, 덕풍3동, 하남시, 12936, 대한민국",37.5447456,127.2068482
"하동 케이블카","하동 케이블카","gyeongnam","하동군","경남 하동군 금남면 경충로 461-7 하동 케이블카",34.9812709,127.8957651
"하리보 해피월드 인 제주","하리보 해피월드 인 제주","jeju","제주시","제주 제주시 아연로 444-1 하리보 해피월드",33.4738816,126.5287704
"하림","하림","jeonbuk","익산시","전북 익산시 망성면 망성로 14 하림",36.0764894,127.040943
"하모해양레저","하모해양레저","jeju","서귀포시","제주 서귀포시 대정읍 최남단해안로 120",33.2100651,126.2583797
"하수구막힘","하수구막힘","seoul","금천구","서울 금천구 가산디지털2로 169-16 5층 오501호",37.4829829,126.8764634
"하얀고래미술교습소","하얀고래미술교습소","seoul","서초구","서울 서초구 방배천로2안길 83 1층 103호",37.4806711,126.9839537
"하와이조개 당산점","하와이조개 당산점","seoul","영등포구","서울 영등포구 당산로47길 8 1층 2호",37.5348374,126.9018955
"하우스 오브 애슐리","하우스 오브 애슐리","seoul","성동구","서울 성동구 아차산로17길 48 B1 애슐리퀸즈",37.5463938,127.0658895
"하이리페움","하이리페움","busan","기장군","부산 기장군 일광읍 해빛4로 35 하이리페움",35.2708608,129.2223295
"하이마트 고전음악감상실","하이마트 고전음악감상실","","중구","정보 없음",37.5637,126.9975
"하이바디케어","하이바디케어","gyeonggi","이천시","경기 이천시 갈산로133번길 18-8 1층",37.2868245,127.4685182
"하이킬른","하이킬른","seoul","서대문구","서울 서대문구 연희로 213 B1",37.5760679,126.9351905
"하트펠트 석고공방","하트펠트 석고공방","gyeonggi","안산시","경기 안산시 단원구 광덕3로 223 2층",37.3122726,126.8377627
"하피랜드","하피랜드","gyeonggi","화성시","경기 화성시 팔탄면 시청로 888",37.1685723255116,126.888527589073
"하회세계탈박물관","하회세계탈박물관","gyeongbuk","안동시","경북 안동시 풍천면 전서로 206 하회세계탈박물관 1층",36.5489332,128.5277125
"한강그랜드오피스텔","한강그랜드오피스텔","seoul","용산구","서울 용산구 이촌로 5 (한강로3가, 한강그랜드오피스텔) 한강그랜드오피스텔 302호",37.5323,126.9906
"한강요트클럽 세일링파라다이스","한강요트클럽 세일링파라다이스","seoul","영등포구","서울 영등포구 여의동로 252",37.5228375116719,126.941574807432
"한국가사문학관","한국가사문학관","jeonnam","담양군","전남 담양군 가사문학면 가사문학로 877",35.1879129,127.0052787
"한국관광공사 서울센터","한국관광공사 서울센터","seoul","중구","서울 중구 청계천로 40 한국관광공사 1-5층",37.5685376,126.9817082
"한국광고문화회관","한국광고문화회관","seoul","송파구","서울 송파구 올림픽로35길 137 한국광고문화회관 2층",37.5161749,127.09945
"한국근대문학관","한국근대문학관","incheon","중구","인천 중구 신포로15번길 76 한국근대문학관",37.4726122,126.6210075
"한국근현대사박물관","한국근현대사박물관","gyeonggi","파주시","경기 파주시 탄현면 헤이리마을길 59-85 1층",37.7908454,126.6952166
"한국만화박물관","한국만화박물관","etc","부평구","한국만화박물관, 1, 길주로, 부개동, 삼산동, 부평구, 부천시, 14505, 대한민국",37.5087778,126.742141
"한국만화박물관 1층 만화영화상영관","한국만화박물관 1층 만화영화상영관","gyeonggi","부천시","경기 부천시 원미구 길주로 1",37.5049733,126.7605005
"한국민속촌","한국민속촌","gyeonggi","용인시","경기 용인시 기흥구 민속촌로 90",37.25961522542851,127.11980072025162
"한국민화학교","한국민화학교","seoul","강남구","서울 강남구 삼성로96길 6 1210호",37.5172,127.0473
"한국소리문화의전당 명인홀","한국소리문화의전당 명인홀","jeonbuk","전주시","전북 전주시 덕진구 소리로 31 소리문화전당",35.8546706,127.1393274
"한국소리문화의전당 모악당","한국소리문화의전당 모악당","jeonbuk","전주시","전북 전주시 덕진구 덕진동1가 산1-1",35.8560904,127.1385
"한국소리문화의전당 연지홀","한국소리문화의전당 연지홀","jeonbuk","전주시","전북 전주시 덕진구 소리로 31 소리문화전당",35.8560404,127.1379
"한국소리터 지영희홀","한국소리터 지영희홀","gyeonggi","평택시","경기 평택시 현덕면 평택호길 147",36.9214153092186,126.920797456952
"한국수력원자력주식회사","한국수력원자력주식회사","gyeongbuk","경주시","경북 경주시 문무대왕면 불국로 1655 한국수력원자력 경주에너지팜",35.7939534,129.3912831
"한국신발관","한국신발관","busan","부산진구","부산 부산진구 백양대로 227",35.1573117,129.025808
"한국안전체험관","한국안전체험관","gangwon","태백시","강원 태백시 평화길 15 한국안전체험관",37.1025888,129.0305451
"한국은행","한국은행","seoul","중구","서울 중구 남대문로 39 한국은행",37.5620607,126.9805213
"한국은행경남본부","한국은행경남본부","gyeongnam","창원시","경남 창원시 성산구 원이대로 633 한국은행경남본부",35.225976,128.6841
"한국이민사박물관","한국이민사박물관","incheon","중구","인천 중구 월미로 329 한국이민사박물관",37.4702596,126.6001998
"한국자연사박물관","한국자연사박물관","chungnam","공주시","충남 공주시 반포면 임금봉길 49-25",36.3663596,127.2446128
"한국잡월드 나래울극장","한국잡월드 나래울극장","gyeonggi","성남시","경기 성남시 분당구 분당수서로 501",37.3784834384883,127.106286030845
"한국조폐공사","한국조폐공사","daejeon","유성구","대전 유성구 과학로 80-67 한국조폐공사기술연구소(화폐박물관)",36.3772569,127.3693439
"한국코미디타운","한국코미디타운","gyeongbuk","청도군","경북 청도군 이서면 이서로 565 한국코미디타운",35.6935308,128.686208
"한국토지주택공사","한국토지주택공사","gyeongnam","진주시","경남 진주시 충의로 19 한국토지주택공사",35.177704,128.1460775
"한국항공대학교","한국항공대학교","gyeonggi","고양시","경기 고양시 덕양구 항공대학로 76",37.5997399,126.8644886
"한국항공대학교 항공우주박물관","한국항공대학교 항공우주박물관","gyeonggi","고양시","경기 고양시 덕양구 항공대학로 76",37.599741914311934,126.86536283579244
"한담컬쳐","한담컬쳐","jeju","제주시","제주 제주시 애월읍 애월로1길 18 1층",33.4624186,126.3106557
"한독약품","한독약품","chungbuk","음성군","충북 음성군 대소면 대풍산단로 78 한독의약박물관",36.9705554,127.4651589
"한동녹용연구소 체험공방","한동녹용연구소 체험공방","gyeonggi","파주시","경기 파주시 광탄면 진지로 103",37.7423476,126.8911092
"한림공원","한림공원","jeju","제주시","제주 제주시 한림읍 한림로 300",33.38939,126.240282
"한마음래프팅","한마음래프팅","gangwon","영월군","강원 영월군 영월읍 동강로 486",37.2172005,128.522895
"한방생명과학관","한방생명과학관","chungbuk","제천시","충북 제천시 한방엑스포로 19 한방생명과학관",37.1441129,128.16058
"한복남 북촌한옥마을점","한복남 북촌한옥마을점","seoul","종로구","서울 종로구 북촌로 35",37.5798535414227,126.984807179041
"한복남 한국민속촌","한복남 한국민속촌","gyeonggi","용인시","경기 용인시 기흥구 민속촌로 90",37.258663570051255,127.11816127880908
"한성백제박물관","한성백제박물관","seoul","송파구","서울 송파구 위례성대로 71",37.5155718,127.1206146
"한성아트홀","한성아트홀","seoul","종로구","서울 종로구 창경궁로 254",37.5836981578662,127.000022643222
"한성양꼬치 교대","한성양꼬치 교대","seoul","서초구","서울 서초구 서초대로50길 63",37.4904241,127.013705
"한성의원","한성의원","seoul","영등포구","서울 영등포구 양산로 139 한성빌딩",37.5237946,126.8986611
"한솥아트스페이스","한솥아트스페이스","seoul","강남구","서울 강남구 압구정로 459 B1층",37.5254471,127.0470017
"한양도성박물관","한양도성박물관","seoul","종로구","서울 종로구 율곡로 283 1~3층",37.5729295,127.0086173
"한전아트센터","한전아트센터","seoul","서초구","서울 서초구 서초2동 효령로72길 한전아트센터 앞",37.4864693,127.0280609
"한중문화관","한중문화관","incheon","중구","인천 중구 제물량로 238 한중문화관",37.4735561,126.6187734
"한지이야기","한지이야기","gyeonggi","김포시","경기 김포시 양촌읍 서현로 37",37.645321355472575,126.60824991251467
"한진요트 영국재즈요트","한진요트 영국재즈요트","gyeonggi","화성시","경기 화성시 서신면 해안길 468-5 , 제부마리나 D16, D18",37.1690451,126.7114352
"한탄강세계지질공원센터","한탄강세계지질공원센터","gyeonggi","포천시","경기 포천시 영북면 비둘기낭길 55",38.0732489,127.2246584
"한탄강캠핑장","한탄강캠핑장","gyeonggi","연천군","경기 연천군 전곡읍 전곡리 696-16",38.008306196531,127.058964350023
"한택식물원","한택식물원","gyeonggi","용인시","경기 용인시 처인구 한택식물원",37.0950874,127.4065003
"한해랑아트홀","한해랑아트홀","jeonbuk","전주시","전북 전주시 완산구 홍산중앙로 13 돌핀빌딩 3층 한해랑아트홀",35.8148782,127.1087118
"한화기념관","한화기념관","incheon","남동구","인천 남동구 논현고잔로168번길 45",37.3954551,126.7187868
"한화생명이글스파크","한화생명이글스파크","daejeon","중구","대전 중구 대종로 373",36.3170523,127.4284751
"함평 나비마을 서울캠핑장","함평 나비마을 서울캠핑장","jeonnam","함평군","전남 함평군 함평읍 함장로 730",35.0383753,126.4884401
"해군항공사령부 항공역사관(구6전단)","해군항공사령부 항공역사관(구6전단)","gyeongbuk","포항시","경북 포항시 남구 동해안로 5947 해군항공역사관",35.9947082,129.4126667
"해녀박물관","해녀박물관","jeju","제주시","제주 제주시 구좌읍 해녀박물관길 26",33.5235989,126.8633983
"해당없음(No information)","해당없음(No information)","","","정보 없음",,
"해든빌","해든빌","incheon","부평구","인천 부평구 부흥북로57번길 32-17",37.5025937,126.7297779
"해바라기","해바라기","seoul","종로구","서울 종로구 동숭길 76 해바라기소극장",37.5816428205946,127.004374097465
"해양레저타운","해양레저타운","jeju","서귀포시","제주 서귀포시 쇠소깍로 151-8",33.2505587,126.6211783
"해양생태과학관","해양생태과학관","gyeonggi","시흥시","경기 시흥시 거북섬서로 35",37.3293747,126.6769589
"해양환경공단","해양환경공단","seoul","송파구","서울 송파구 송파대로28길 28 1층 키즈마린파크",37.4945486,127.121036
"해오름전시실 곤충박물관","해오름전시실 곤충박물관","jeonnam","여수시","전남 여수시 자산공원길 90 여수항해상교통관제센터내 1층",34.7390668,127.7512377
"해운대 리버크루즈 탑승권(주/야간)","해운대 리버크루즈 탑승권(주/야간)","busan","해운대구","부산 해운대구 수영강변대로 85 해운대리버크루즈",35.167878,129.1272973
"해운대 브레이크아웃","해운대 브레이크아웃","busan","해운대구","부산 해운대구 해운대해변로 291 크리스탈비치오피스텔 609호",35.1607401,129.1625154
"해운대 스파마린 사우나","해운대 스파마린 사우나","busan","해운대구","부산 해운대구 마린시티2로 33 제니스스퀘어 상가 지하1층 스파마린",35.1563961,129.1443834
"해운대 요트G 퍼블릭투어","해운대 요트G 퍼블릭투어","busan","해운대구","부산 해운대구 달맞이길 30 엘시티",35.160056,129.168482
"해운대문화회관 고운홀","해운대문화회관 고운홀","busan","해운대구","부산 해운대구 양운로 97 해운대 문화회관",35.1712093,129.1741316
"해운대문화회관 해운홀","해운대문화회관 해운홀","busan","해운대구","부산 해운대구 양운로 97",35.1711936,129.1739028
"해운대요트투어 요트가이","해운대요트투어 요트가이","busan","해운대구","부산 해운대구 동백로 52 더베이101 요트투어 매표소",35.1565907,129.1520683
"해피씨어터","해피씨어터","seoul","종로구","서울 종로구 대학로10길 5 , 지하1층",37.573,126.9794
"해피에버애프터","해피에버애프터","seoul","종로구","서울 종로구 인사동길 44",37.573,126.9794
"행산빌딩","행산빌딩","seoul","강남구","서울 강남구 선릉로148길 15 (청담동) 행산빌딩 301호",37.5172,127.0473
"향기공방 신트","향기공방 신트","seoul","영등포구","서울 영등포구 당산로 161-9 1층",37.5290864,126.8972629
"허리우드극장 4층 낭만극장","허리우드극장 4층 낭만극장","seoul","종로구","서울 종로구 삼일대로 428 허리우드극장",37.573,126.9794
"허브동산","허브동산","jeju","서귀포시","제주 서귀포시 표선면 돈오름로 170",33.3298098,126.8150788
"허브아일랜드","허브아일랜드","gyeonggi","포천시","경기 포천시 신북면 청신로947번길 35",37.8936154,127.2044688
"허준박물관","허준박물관","seoul","강서구","서울 강서구 허준로 87 허준박물관",37.5678639,126.8510131
"헌법재판소","헌법재판소","seoul","종로구","서울 종로구 북촌로 15 헌법재판소",37.5781261,126.9847141
"헌법재판소 정문(집결지 확인 필수)","헌법재판소 정문(집결지 확인 필수)","seoul","종로구","서울 종로구 북촌로 15 , 헌법재판소",37.573,126.9794
"헤어다이아 분당미금스타점","헤어다이아 분당미금스타점","gyeonggi","성남시","경기 성남시 분당구 돌마로 67 2층 헤어다이아 분당미금스타점",37.3504972,127.1095235
"헤이리 파주공룡박물관","헤이리 파주공룡박물관","gyeonggi","파주시","경기 파주시 탄현면 헤이리마을길 93-83",37.7910012902576,126.696952865784
"헤이리 팝트릭아트 93뮤지엄","헤이리 팝트릭아트 93뮤지엄","gyeonggi","파주시","경기 파주시 탄현면 헤이리마을길 93-53",37.7900646317957,126.696699205532
"헬로마이디노＆VR테마파크","헬로마이디노＆VR테마파크","","","정보 없음",,
"헬로키티아일랜드","헬로키티아일랜드","jeju","서귀포시","제주 서귀포시 안덕면 한창로 340",33.2903648,126.3520049
"현대모터스튜디오고양","현대모터스튜디오고양","gyeonggi","고양시","경기 고양시 일산서구 킨텍스로 217-6 현대 모터스튜디오 고양",37.6657841,126.7481739
"현대백화점 울산점 13층 팝업행사장","현대백화점 울산점 13층 팝업행사장","ulsan","남구","울산 남구 삼산로 261",35.5395917,129.3358006
"현대백화점 중동점 9층 문화홀","현대백화점 중동점 9층 문화홀","gyeonggi","부천시","경기 부천시 원미구 길주로 180",37.5043163132049,126.76208267382
"현대백화점 판교점 10층 토파즈홀","현대백화점 판교점 10층 토파즈홀","gyeonggi","성남시","경기 성남시 분당구 판교역로146번길 20 현대백화점 판교점",37.39279369494,127.112017130086
"현대유람선","현대유람선","seoul","영등포구","서울 영등포구 여의도한강공원길 231 , 여의도유람선터미널",37.5264,126.8962
"현대카드 언더스테이지","현대카드 언더스테이지","seoul","용산구","서울 용산구 이태원로 246",37.5354583,126.9979045
"현대카드 Storage","현대카드 Storage","seoul","용산구","서울 용산구 한남동 이태원로42길 현대카드 스토리지",37.5368341,127.0009561
"호우커피","호우커피","seoul","은평구","서울 은평구 서오릉로9길 14-1 지층",37.6068741,126.920349
"호텔인터불고 대구 컨벤션홀","호텔인터불고 대구 컨벤션홀","","","정보 없음",,
"홍대 롤링홀","홍대 롤링홀","seoul","마포구","서울 마포구 서교동 홍대 어울마당로 35 홍대 롤링홀",37.5484545,126.920038
"홍대 씨어터 윤","홍대 씨어터 윤","seoul","마포구","서울 마포구 와우산로 147",37.554443391554,126.929471313499
"홍대 인사이터 홈","홍대 인사이터 홈","seoul","마포구","서울 마포구 동교로 196 4층",37.5574749,126.9229836
"홍대 혹은 신촌역 부근 스튜디오","홍대 혹은 신촌역 부근 스튜디오","seoul","마포구","서울 마포구 신촌로 90 (노고산동) 홍대 혹은 신촌역 부근 스튜디오",37.5665,126.9018
"홍대 BENDER","홍대 BENDER","seoul","마포구","서울 마포구 와우산로14길 4 지하1층",37.5500388,126.9234072
"홍대난타극장","홍대난타극장","seoul","마포구","서울 마포구 양화로16길 29",37.5531929565343,126.921161292611
"홍대반지","홍대반지","seoul","마포구","서울 마포구 잔다리로6길 40",37.55212626567029,126.92129708652944
"홍대반지만들기공방","홍대반지만들기공방","","마포구","정보 없음",37.5665,126.9018
"홍대반지카페","홍대반지카페","seoul","마포구","서울 마포구 잔다리로6길 40-6 ...",37.5665,126.9018
"홍대용과학관 천안 홍대용 과학관","홍대용과학관 천안 홍대용 과학관","chungnam","천안시","충남 천안시 동남구 수신면 장산서길 113 홍대용과학관",36.7395597,127.2953468
"홍익대 대학로 아트센터","홍익대 대학로 아트센터","seoul","종로구","서울 종로구 대학로 57",37.576681207884405,127.00152148175482
"홍익대학교 박물관","홍익대학교 박물관","seoul","마포구","서울 마포구 와우산로 94 문헌관 3층",37.5505874,126.9260423
"홍해성","홍해성","seoul","종로구","서울 종로구 동숭길",37.5834839,127.0038293
"화덕닭갈비 양재직영점","화덕닭갈비 양재직영점","seoul","서초구","서울 서초구 강남대로10길 41",37.4693892,127.0415639
"화랑마을 화장마을전시관","화랑마을 화장마을전시관","gyeongbuk","경주시","경북 경주시 석현로 123",35.8607523,129.1784688
"화문석문화관 강화화문석문화관","화문석문화관 강화화문석문화관","incheon","강화군","인천 강화군 송해면 장정양오길 413 화문석문화관",37.7957084,126.4547614
"화성 치즈학교","화성 치즈학교","gyeonggi","화성시","경기 화성시 우정읍 기아자동차로 189-2 화성치즈학교",37.0478214712572,126.761567654536
"화성동탄 신도시 홍보관","화성동탄 신도시 홍보관","gyeonggi","화성시","경기 화성시 노작로 158 시립 반석산 에코스쿨",37.2024511,127.0744692
"화성아트홀","화성아트홀","gyeonggi","화성시","경기 화성시 태안로 145",37.2029358396979,127.033225735988
"화성종합실내체육관","화성종합실내체육관","gyeonggi","화성시","경기 화성시 향남읍 향남로 470",37.1383041,126.922587
"화성투어패스","화성투어패스","gyeonggi","화성시","경기 화성시 남양읍 시청로 159",37.1997099594229,126.831304627149
"화성행궁","화성행궁","","수원시","경기 수원시 팔달구 정조로 825",37.2819666,127.013727
"화실 봄, 그리고","화실 봄, 그리고","seoul","송파구","서울 송파구 가락로 140",37.5145,127.1066
"화정박물관","화정박물관","seoul","종로구","서울 종로구 평창8길 3 화정박물관",37.6046985,126.9659264
"환경학습관","환경학습관","gyeonggi","이천시","경기 이천시 호법면 중부대로798번길 126 환경학습관",37.2380498,127.4092842
"환승바디","환승바디","seoul","강서구","서울 강서구 공항대로45길 28 (등촌동) 3층 환승바디",37.5509,126.8497
"황남자전거","황남자전거","gyeongbuk","경주시","경북 경주시 포석로 1048",35.8345973,129.2095947
"황룡사 역사 문화관","황룡사 역사 문화관","gyeongbuk","경주시","경북 경주시 임해로 64-19",,
"황학산수목원 여주산림박물관","황학산수목원 여주산림박물관","gyeonggi","여주시","경기 여주시 황학산수목원길 73 황학산수목원",37.277367,127.647811
"회암사지 박물관","회암사지 박물관","gyeonggi","양주시","경기 양주시 회암사길 11",37.8412002,127.1028835
"효드림 방문요양 복지용구센터","효드림 방문요양 복지용구센터","gyeonggi","안양시","경기 안양시 동안구 관악대로418번길 26 B01호",37.4034451,126.9693433
"효서빌딩","효서빌딩","","서초구","정보 없음",37.4837,127.0324
"후불상조 예지라이프 전국서비스","후불상조 예지라이프 전국서비스","seoul","은평구","서울 은평구 갈현로 220-36",37.6167386,126.9159747
"후암스테이지","후암스테이지","seoul","종로구","서울 종로구 대학로11길 23",37.5820799726622,127.000480025927
"후후라운지","후후라운지","","관악구","정보 없음",37.4784,126.9516
"훈데르트바서파크","훈데르트바서파크","jeju","제주시","제주 제주시 우도면 우도해안길 32-12",33.4931581,126.9557378
"휘게펫케어 수원영통점","휘게펫케어 수원영통점","gyeonggi","수원시","경기 수원시 영통구 반달로 90 2층 휘게 펫케어",37.2520568,127.0784658
"휘향찬란","휘향찬란","seoul","종로구","서울 종로구 인사동길 44",37.5736,126.9853
"흥덕리치안레이크타워","흥덕리치안레이크타워","gyeonggi","용인시","경기 용인시 기흥구 흥덕2로117번길 19",37.2778894,127.0719035
"흥례문 입장 후 좌측 물품보관함","흥례문 입장 후 좌측 물품보관함","","","흥례문 입장 후 좌측 물품보관함",37.5769542,126.9769047
"흥성양꼬치 선학본점","흥성양꼬치 선학본점","incheon","연수구","인천 연수구 학나래로14번길 14 1층 흥성양꼬치",37.4242696,126.6973755
"희가로프리미어1차","희가로프리미어1차","gyeonggi","하남시","경기 하남시 미사강변중앙로31번길 15",37.5495288,127.1917996
"희소식","희소식","gyeonggi","성남시","경기 성남시 분당구 구미로 16 136호",37.3378179,127.1112797
"흰물결아트센터 화이트홀","흰물결아트센터 화이트홀","seoul","서초구","서울 서초구 반포대로 150 흰물결아트센터 B1층",37.4934172,127.0072945
"히어로 플레이파크","히어로 플레이파크","gyeonggi","화성시","경기 화성시 동탄광역환승로 73 동탄역 반도유보라 아이비파크 8.0 상가 지하1층",37.2016497,127.0908736
"히어로플레이파크 광주점","히어로플레이파크 광주점","gwangju","광산구","광주 광산구 하남산단1번로 61 예미지파크힐스오피스텔 101동 B1층",35.1863459,126.8015467
"히어로플레이파크 대구 침산점","히어로플레이파크 대구 침산점","daegu","대구","대구 북구 침산로 240 4층",35.897539,128.5893752
"히어로플레이파크 일산점","히어로플레이파크 일산점","gyeonggi","고양시","경기 고양시 일산동구 중산로 241",37.6937418328138,126.780320375365
"히어로하이센터 김해점","히어로하이센터 김해점","gyeongnam","김해시","경남 김해시 율하숲길 21",35.1709723,128.8233091
"힐링파크 비체올린","힐링파크 비체올린","seoul","영등포구","서울 영등포구 영등포로 272",37.5183293,126.911478
"힐링핏필라테스 명일본점","힐링핏필라테스 명일본점","seoul","강동구","서울 강동구 양재대로 1666 지하1층",37.5543831,127.1448511
"A동 주니어천문스쿨","A동 주니어천문스쿨","chungnam","천안시","충남 천안시 동남구 광덕면 광풍로 250-1 A동 주니어천문스쿨",36.673397,127.0521889
"A동상가","A동상가","incheon","연수구","인천 연수구 센트럴로 232 (송도동, 더샵센트럴파크1) A동상가 2층 206호 그림방앗간미술학원",37.4563,126.7052
"AK ARTHALL","AK ARTHALL","gyeonggi","수원시","경기 수원시 팔달구 덕영대로 924 AK플라자 수원 6층 AK ARTHALL",37.2662775,127.0004098
"b1","b1","seoul","강남구","서울 강남구 논현로 332",37.5172,127.0473
"BL_nk","BL_nk","seoul","강서구","서울 강서구 마곡중앙6로 11 (마곡동, 보타닉파크타워3)",,
"BNK부산은행조은극장","BNK부산은행조은극장","busan","중구","부산 중구 구덕로34번길 4 뉴남포빌딩 3층",35.0982936,129.0322801
"BOK아트센터","BOK아트센터","sejong","국책연구","세종 국책연구원3로 12",36.4923681,127.3032635
"cassettestudio","cassettestudio","","마포구","정보 없음",37.5665,126.9018
"CGV 피카디리1958 피카디리홀","CGV 피카디리1958 피카디리홀","seoul","종로구","서울 종로구 돈화문로5가길 1 피카디리플러스",37.5710523,126.9913004
"CJ 아지트 광흥창","CJ 아지트 광흥창","","","정보 없음",,
"CKL스테이지","CKL스테이지","seoul","중구","서울 중구 청계천로 40",37.5685815964224,126.981318589692
"claridad","claridad","","영등포구","정보 없음",37.5264,126.8962
"Converse Stage Arena “여명”","Converse Stage Arena “여명”","seoul","동작구","서울 동작구 현충로 213(동작동)",37.5124,126.9393
"CU 마포성제점","CU 마포성제점","seoul","마포구","서울 마포구 잔다리로 89",37.555073,126.9154266
"DDP 뮤지엄 전시","DDP 뮤지엄 전시","seoul","중구","서울 중구 을지로 281 동대문디자인플라자뮤지엄",37.5637,126.9975
"DDP(동대문디자인플라자)","DDP(동대문디자인플라자)","seoul","중구","서울 중구 을지로 281",37.5675465,127.0099323
"Deep atelier","Deep atelier","seoul","성동구","서울 성동구 성덕정길 103-39 ...",37.5633,127.0371
"DGT 아트센터","DGT 아트센터","seoul","마포구","서울 마포구 독막로 308",37.5472723,126.9338098
"Dp sound studio","Dp sound studio","","","정보 없음",,
"e편한세상광진그랜드파크","e편한세상광진그랜드파크","seoul","광진구","서울 광진구 광나루로 458 e편한세상 광진 그랜드파크",37.5440628,127.0810419
"ENG SOUND","ENG SOUND","seoul","성동구","서울 성동구 성수이로12길 6 302호",37.5398347,127.055859
"et theatre 1 (이티 씨어터 원)","et theatre 1 (이티 씨어터 원)","seoul","종로구","서울 종로구 혜화로 17",37.5871495,126.9997939
"EXPO주제관","EXPO주제관","gangwon","속초시","강원 속초시 엑스포로 75 피노디아",38.190802,128.5826095
"F1963 석천홀","F1963 석천홀","busan","수영구","부산 수영구 구락로123번길 20",35.1767555,129.114693
"FEZH","FEZH","seoul","용산구","서울 용산구 대사관로11길 41 ...",37.5355468,127.0017483
"Florida 32899 미국","Florida 32899 미국","seoul","영등포구","서울 영등포구 국제금융로 10 IFC몰동 L1층 150호",37.5247618,126.926005
"G-Tower","G-Tower","seoul","구로구","서울 구로구 디지털로26길 38",37.4795919,126.8953909
"GS25건물","GS25건물","","강서구","정보 없음",37.5509,126.8497
"GS아트센터","GS아트센터","seoul","강남구","서울 강남구 논현로 508",37.502200388584036,127.03753554610904
"GS칼텍스 예울마루","GS칼텍스 예울마루","jeonnam","여수시","전남 여수시 예울마루로 100",34.7506153,127.6654125
"H씨어터","H씨어터","seoul","종로구","서울 종로구 이화장길 54",37.5776001376023,127.004718462711
"H플란트치과의원 수원","H플란트치과의원 수원","gyeonggi","수원시","경기 수원시 장안구 경수대로 930 4층 H플란트치과의원",37.3027536,127.0085923
"HD아트센터 대공연장","HD아트센터 대공연장","ulsan","동구","울산 동구 명덕로 10 HD아트센터",35.522841,129.4317087
"IKI 이키","IKI 이키","","영등포구","정보 없음",37.5264,126.8962
"JB소극장","JB소극장","chungnam","천안시","충남 천안시 동남구 각원사길 114-8",36.8290993,127.1843226
"JCC아트센터 콘서트홀","JCC아트센터 콘서트홀","seoul","종로구","서울 종로구 창경궁로35길 29",37.573,126.9794
"JS아트홀","JS아트홀","seoul","종로구","서울 종로구 동숭길 94",37.5824312810645,127.004347425046
"JSLounge","JSLounge","seoul","마포구","서울 마포구 월드컵로15길 56",37.5665,126.9018
"JTN 아트홀","JTN 아트홀","seoul","종로구","서울 종로구 이화장길 26",37.5766306962676,127.00393954831
"JTN아트홀","JTN아트홀","seoul","종로구","서울 종로구 이화장길 26 JTN아트홀 1관",37.573,126.9794
"K-POP STAGE","K-POP STAGE","seoul","마포구","서울 마포구 와우산로21길 29",37.5522135177338,126.922439996039
"K탑건 사격양궁장","K탑건 사격양궁장","seoul","마포구","서울 마포구 양화로21길 29 지층",37.5665,126.9018
"K현대미술관","K현대미술관","seoul","강남구","서울 강남구 선릉로 807",37.524349883168405,127.03913323759338
"KBS 창원홀","KBS 창원홀","gyeongnam","창원시","경남 창원시 성산구 중앙대로 178",35.228798,128.6851429
"KBS부산홀","KBS부산홀","busan","수영구","부산 수영구 수영로 429 KBS부산방송총국",35.1451739,129.108575
"KBS수원방송센타","KBS수원방송센타","gyeonggi","수원시","경기 수원시 팔달구 인계로 123",37.2677277,127.0316235
"KBS수원아트홀","KBS수원아트홀","gyeonggi","수원시","경기 수원시 팔달구 인계로 123",37.26779363785306,127.03150220972648
"KBS아레나","KBS아레나","seoul","강서구","서울 강서구 공항대로 376",37.55675871689889,126.84796255512903
"KBS울산홀","KBS울산홀","ulsan","남구","울산 남구 번영로 212 한국방송공사",35.544746,129.3265748
"KD스키아카데미 렌탈샵","KD스키아카데미 렌탈샵","gyeonggi","이천시","경기 이천시 마장면 지산로 134",37.2497263,127.3634125
"KSPO DOME","KSPO DOME","seoul","송파구","서울 송파구 올림픽로 424",37.519261232854504,127.12739989041407
"KT＆G 상상마당 대치아트홀","KT＆G 상상마당 대치아트홀","seoul","강남구","서울 강남구 영동대로 416",37.5067600874053,127.065150015652
"KT＆G 상상마당 라이브홀","KT＆G 상상마당 라이브홀","seoul","마포구","서울 마포구 어울마당로 65",37.5509224009872,126.921100311063
"KT＆G 상상마당 홍대 라이브홀","KT＆G 상상마당 홍대 라이브홀","seoul","마포구","서울 마포구 어울마당로 65 상상마당빌딩",37.5509494,126.9210617
"LG아트센터 서울 LG SIGNATURE 홀","LG아트센터 서울 LG SIGNATURE 홀","seoul","강서구","서울 강서구 마곡중앙로 136 LG아트센터 서울",37.5509,126.8497
"LG아트센터 서울 U+ 스테이지","LG아트센터 서울 U+ 스테이지","seoul","강서구","서울 강서구 마곡중앙로 136 LG아트센터 서울",37.5509,126.8497
"MCT슈팅클럽","MCT슈팅클럽","busan","해운대구","부산 해운대구 해운대해변로 287 3층 303호, 304호",35.1604521,129.1621842
"mne Hall","mne Hall","gyeonggi","고양시","경기 고양시 일산동구 강석로 141",37.653211457414,126.778071187115
"MUSEUM 209","MUSEUM 209","seoul","송파구","서울 송파구 잠실로 209",37.51378608857594,127.10618804632004
"Music note 연습실","Music note 연습실","seoul","광진구","서울 광진구 아차산로 207 (화양동, 선일빌딩) 3층, Music note 연습실",37.5385,127.0824
"N 서울타워","N 서울타워","seoul","용산구","서울 용산구 남산공원길 105",37.5513049702718,126.988230622132
"N서울타워","N서울타워","seoul","중구","서울 용산구 남산공원길 105",37.55127,126.9882805
"No. 363號","No. 363號","seoul","영등포구","서울 영등포구 당산로45길 13 2층",37.5341586,126.9006863
"NOL 서경스퀘어 스콘","NOL 서경스퀘어 스콘","seoul","종로구","서울 종로구 동숭길 148",37.573,126.9794
"NOL 씨어터 대학로 우리카드홀","NOL 씨어터 대학로 우리카드홀","seoul","종로구","서울 종로구 동숭길 100",37.5826,127.0028
"NOL 씨어터 대학로 우리투자증권홀(구. 중극장)","NOL 씨어터 대학로 우리투자증권홀(구. 중극장)","seoul","종로구","서울 종로구 동숭길 100",37.573,126.9794
"NOL 유니플렉스","NOL 유니플렉스","seoul","종로구","서울 종로구 대학로12길 64",37.5812041552463,127.003523167887
"NOL씨어터 합정 동양생명홀","NOL씨어터 합정 동양생명홀","seoul","마포구","서울 마포구 양화로 45 메세나폴리스 2 층",37.5502395,126.9139625
"NXC센터","NXC센터","jeju","제주시","제주 제주시 1100로 3198-8 넥슨컴퓨터박물관",33.4718071,126.4850258
"OK 레저 ATV","OK 레저 ATV","seoul","영등포구","서울 영등포구 당산로 83 201호, 202호",37.5224025,126.8955104
"on네일 아이래쉬 3번룸","on네일 아이래쉬 3번룸","seoul","강남구","서울 강남구 강남대로152길 30 (신사동) on네일 아이래쉬 3번룸",37.5172,127.0473
"Ordinary One","Ordinary One","","성북구","정보 없음",37.5891,127.0182
"P&F 씨어터","P&F 씨어터","incheon","중구","인천 중구 차이나타운로52번길 3",37.475065,126.6181152
"R＆J 씨어터","R＆J 씨어터","seoul","종로구","서울 종로구 동숭동 상세주소 열기 길 ...",37.58096,127.0051932
"R&J씨어터","R&J씨어터","seoul","종로구","서울 종로구 낙산길 14",37.5803385,127.0052996
"RANAA PICK studio","RANAA PICK studio","seoul","마포구","서울 마포구 대흥로 186 (대흥동) 3층 RANAA PICK studio",37.5665,126.9018
"S휘트니스 PT/G.X","S휘트니스 PT/G.X","seoul","강동구","서울 강동구 풍성로45길 18 지하1층 s휘트니스",37.53139,127.1303985
"SA HALL","SA HALL","seoul","종로구","서울 종로구 동숭길 145",37.5831961,127.0022771
"SDR골프아카데미","SDR골프아카데미","gyeonggi","수원시","경기 수원시 권선구 매송고색로 895",37.26041647992,126.998331589595
"SEHWA 지하","SEHWA 지하","gyeonggi","수원시","경기 수원시 팔달구 화서문로 32",37.2636,127.0286
"SK 법률사무소 부천 형사이혼전문변호사","SK 법률사무소 부천 형사이혼전문변호사","gyeonggi","부천시","경기 부천시 원미구 길주로 284 신중동역헤리움메트로타워 2층",37.5027793,126.7737169
"SK엔크린 현대셀프주유소","SK엔크린 현대셀프주유소","seoul","강서구","서울 강서구 강서로 151 (화곡동)",37.540278,126.8412037
"SMB 웰니스","SMB 웰니스","busan","기장군","부산 기장군 일광읍 학리등대로 34",35.2588407,129.2429045
"THE HENZ CLUB","THE HENZ CLUB","seoul","영등포구","서울 영등포구 버드나루로 103",37.5273363,126.908176
"TLi아트센터","TLi아트센터","gyeonggi","성남시","경기 성남시 중원구 양현로405번길 12 2층 티엘아이 아트센터",37.417989,127.1275696
"UN초전기념관","UN초전기념관","gyeonggi","오산시","경기 오산시 경기대로 742",37.1845245,127.0492257
"unknown","unknown","seoul","양천구","서울 양천구 목동동로8길 15 3층, 4층",37.5175249,126.8710488
"UX스튜디오 서울","UX스튜디오 서울","seoul","강남구","서울 강남구 강남대로 350",37.4939939,127.0300652
"Wake up 국제청소년센터","Wake up 국제청소년센터","chungnam","서산시","충남 서산시 해미면 동문1길 42",36.7124419,126.5526128
"WE호텔 웰니스센터 수영장","WE호텔 웰니스센터 수영장","jeju","서귀포시","제주 서귀포시 1100로 453-95 WE호텔제주 웰니스 센터",33.2857028,126.4445111
"wook 빌딩","wook 빌딩","seoul","강남구","서울 강남구 선릉로158길 3 Ys Roo",37.5257643,127.0404047
"Yeok(역)","Yeok(역)","seoul","종로구","서울 종로구 창의문로 136 (부암동) Yeok(역)",37.573,126.9794
"YES24 LIVE HALL","YES24 LIVE HALL","seoul","광진구","서울 광진구 광장동 구천면로 20 예스24 라이브홀",37.5457518,127.1079984
