Original,TranslationFormula
"화개정원은 약 18만 본의 수목과 관목류, 초화류가 식재된 인천 최초의 지방정원으로, 2023년 4월 24일 등록되었다. ‘오랜 시간 켜켜이 쌓인 교동도의 역사와 자연을 담은 정원’을 컨셉으로, 물의 정원, 역사·문화의 정원, 추억의 정원, 평화의 정원, 치유의 정원 등 5가지 테마로 구성되어 다양한 자연의 아름다움을 선사한다. 정원 내 위치한 화개산 전망대는 전국 최대 규모의 스카이워크형 전망대로, 7km 떨어진 북한 황해도 연백평야와 강화군 다도해를 한눈에 조망할 수 있다. 특히 투명한 바닥의 스카이워크는 색다른 스릴과 함께 특별한 경관을 제공한다. 전망대는 강화군의 군조인 저어새를 형상화하여 디자인되었으며, 저어새의 부리와 눈이 북한을 바라보는 형태로 만들어져 ‘손에 닿을 듯 가깝지만 갈 수 없는 북녘을 향한 비상’이라는 상징적 의미를 담고 있다.","=GOOGLETRANSLATE(A2, ""ko"", ""zh-cn"")"
032-932-2336,"=GOOGLETRANSLATE(A3, ""ko"", ""zh-cn"")"
새별오름,"=GOOGLETRANSLATE(A4, ""ko"", ""zh-cn"")"
제주특별자치도 제주시 애월읍 봉성리 산 59-8,"=GOOGLETRANSLATE(A5, ""ko"", ""zh-cn"")"
"새별오름은 서부의 대표 오름으로, ‘저녁 하늘에 샛별과 같이 외롭게 서있다’하여 이름이 붙여졌다. 남봉을 정점으로 남서, 북서, 북동 방향으로 등성이가 있으며, 등성이마다 봉우리가 있다. 서쪽은 삼태기 모양으로 넓게 열려 있고, 북쪽은 우묵하게 파여 있다. 마치 별표처럼 둥그런 표창 같은 5개의 봉우리가 존재한다. 전체적으로 풀밭을 이루나 북쪽 사면에 일부 잡목이 형성되어 있고, 서북쪽 사면에 공동묘지가 조성되어 있다.","=GOOGLETRANSLATE(A6, ""ko"", ""zh-cn"")"
신포국제시장,"=GOOGLETRANSLATE(A7, ""ko"", ""zh-cn"")"
인천광역시 중구 관동3가,"=GOOGLETRANSLATE(A8, ""ko"", ""zh-cn"")"
"인천 중구 신포동 일대의 신포시장은 19세기 말 이곳에 자리 잡은 일본인, 중국인, 서양인들을 상대로 고급 채소를 파는 곳에서부터 시작되었다고 한다. 카페리와 크루즈 선박을 통해 인천을 찾는 관광객과 국제상인 수가 매년 크게 증가함에 따라 국제여객터미널에서 가까운 거리에 있는 신포시장을 다국적 문화를 연계한 국제상인 시장으로 조성하였다. 또한 신포시장 내에 안내데스크와 셀프 오피스를 구성해 국제상인 지원센터를 만들어, 신포시장을 방문하는 국내외 소무역상 및 관광객들에게 무역정보, 쇼핑 및 관광안내 정보, 통역 등을 제공한다. 신포시장은 일제 강점기 때 소규모 점포들이 하나둘씩 모여들면서 명맥을 이어오다 지난 1970년 정식으로 시장등록이 됐으며 현재 다양한 점포가 입주해 있다.","=GOOGLETRANSLATE(A9, ""ko"", ""zh-cn"")"
032-772-5812,"=GOOGLETRANSLATE(A10, ""ko"", ""zh-cn"")"
대둔산케이블카,"=GOOGLETRANSLATE(A11, ""ko"", ""zh-cn"")"
전북특별자치도 완주군 운주면 대둔산공원길 55,"=GOOGLETRANSLATE(A12, ""ko"", ""zh-cn"")"
"대둔산 케이블카는 1990년 11월에 운행을 개시했다. 선로길이 927m에 경사 23도를 유지하며 2대가 서로 교행 하는 왕복식 케이블카로, 상부역사까지 최대 50명이 약 5분 안에 도착할 수 있는 편안하고 안전한 케이블카이다. 케이블카에서 내려다보이는 대둔산의 웅장한 산세와 기암괴석은 병풍처럼 펼쳐져 절경을 이루고 있다. 케이블카 상부에서 보는 산세는 금강산 못지않은 비경지대로 위쪽으로 금강구름다리와 삼선구름다리가 명물로 꼽히고 있다. 케이블카 탑승권은 탑승 당일 순차적으로 발권이 가능하며, 사전예약은 불가능하다.","=GOOGLETRANSLATE(A13, ""ko"", ""zh-cn"")"
063-263-6621~2,"=GOOGLETRANSLATE(A14, ""ko"", ""zh-cn"")"
교동도 대룡시장,"=GOOGLETRANSLATE(A15, ""ko"", ""zh-cn"")"
인천광역시 강화군 교동면 교동남로 35,"=GOOGLETRANSLATE(A16, ""ko"", ""zh-cn"")"
"대룡시장은 6·25 때 황해도 연백군에서 교동도로 잠시 피난 온 주민들이 한강하구가 분단선이 되어 고향에 다시 돌아갈 수 없게 되자 생계를 유지하기 위해 고향에 있는 연백시장의 모습을 재현한 골목시장이다. 50여 년간 교동도 경제발전의 중심지였으며 지금은 시장을 만든 실향민 어르신 대부분이 돌아가시고 인구가 급격히 줄어들면서 시장의 규모도 상당히 줄었다. 그러나 2014년 7월 교동대교 개통과 함께 1960년대 영화세트장 같은 모습의 대룡시장을 카메라에 담기 위한 관광객들의 필수코스가 되었다. 지난 3월 말부터 교동기가아일랜드 (일명 ‘교동제비집’)이 운영되고 있는데 교동제비집은 관광객들에게 IT 기반의 관광안내는 물론 자전거, 스마트워치 대여 서비스를 제공하며 ‘VR 영상 체험’, ‘교동신문 만들기’ 등 다양한 체험 프로그램을 마련되어 있다.","=GOOGLETRANSLATE(A17, ""ko"", ""zh-cn"")"
032-934-1000,"=GOOGLETRANSLATE(A18, ""ko"", ""zh-cn"")"
허심청,"=GOOGLETRANSLATE(A19, ""ko"", ""zh-cn"")"
부산광역시 동래구 금강공원로20번길 23,"=GOOGLETRANSLATE(A20, ""ko"", ""zh-cn"")"
"허심청은 편안하고 즐거운 온천욕과 휴식 및 체력단련을 통한 건강증진을 추구하는 새로운 유형의 도시형 온천 건강랜드로, 1991년 10월 부산시 도심 재개발 사업으로 탄생했다. 허심청의 온천탕은 전체 4,297.54m²로 3,000명을 동시에 수용할 수 있는 동양 최대 규모의 온천시설이다. 대온천탕에는 장수탕, 회목탕, 청자탕, 동굴탕, 노천탕 등 40여 종의 효능별 욕탕과 계절에 따라 천연재료와 한방약재를 다르게 넣은 이벤트탕을 운영하고 있으며, 개인별 체질과 연령에 따라 자유롭게 이용할 수 있는 다양한 입욕코스가 있다. 확 트인 초대형 온천탕과 자연채광이 가능한 천장, 예술적 조형미를 갖춘 아름다운 실내 전경을 갖추고 있어, 허심청에서만 누릴 수 있는 휴식을 선사하며, 찜질방 및 부대시설에서 가족과 편안한 휴식을 즐길 수 있다.","=GOOGLETRANSLATE(A21, ""ko"", ""zh-cn"")"
051-550-2200,"=GOOGLETRANSLATE(A22, ""ko"", ""zh-cn"")"
세화해수욕장,"=GOOGLETRANSLATE(A23, ""ko"", ""zh-cn"")"
제주특별자치도 제주시 구좌읍 세화길 (구좌읍),"=GOOGLETRANSLATE(A24, ""ko"", ""zh-cn"")"
"제주올레 20코스를 걷다 보면 세화민속오일장과 해녀박물관 사이에 작은 해변인 세화해수욕장을 만날 수 있다. 구좌읍 세화리에 위치한 이 해변은 정식 해수욕장도 아니고 규모도 크지 않지만, 맑고 파란 바다를 선물해 준다. 물이 빠지면 드러나는 하얀 모래와 검은 현무암이 에메랄드빛 바다와 아름다운 조화를 이루는 곳이다. 제주의 많은 해변 중에서도 작은 세화해수욕장이 널리 알려진 것은 벨롱장과 세화민속오일장 덕분이다. 동부지역에서 가장 규모가 큰 오일장이자 바닷가 바로 옆에서 열리는 이 오일장엔 매 5일마다 도민들의 삶을 엿볼 수 있는 풍경이 펼쳐진다.","=GOOGLETRANSLATE(A25, ""ko"", ""zh-cn"")"
064-728-7783,"=GOOGLETRANSLATE(A26, ""ko"", ""zh-cn"")"
한화리조트 설악 워터피아,"=GOOGLETRANSLATE(A27, ""ko"", ""zh-cn"")"
강원특별자치도 속초시 미시령로2983번길 111 (장사동),"=GOOGLETRANSLATE(A28, ""ko"", ""zh-cn"")"
"설악 워터피아는 천연 온천수를 이용한 온천욕과 워터파크를 갖춘 종합 온천 테마파크이다. 신나는 물놀이와 함께 지친 몸과 마음을 달래주는 스파와 온천으로 온 가족이 힐링하는 공간이다. 워터파크는 사계절 이용이 가능하며, 다양한 어트랙션을 운영을 하고 있다. 18가지 종류의 파도를 경험하는 샤크웨이브와 바스켓에서 1.2톤의 폭포수가 떨어지는 아틀란티스, 17m 높이에서 급하강하며 지그재그로 회전하는 메일스트롬, 스릴감 넘치는 월드앨리 등 짜릿함의 극치를 느낄 수 있다. 대형 유수풀인 토렌트리버는 흐르는 물에 몸을 맡긴 채 계곡의 급류와 높은 파도를 즐길 수 있다. 아쿠아동 바데풀은 온몸에 쌓인 피로를 풀어주는 수 치료 공간이다. 하이드로포켓과 넥샤워, 바디마사지 등 여러 가지 수 치료 프로그램이 천연 보양 온천수의 효능을 더 높여준다. 또한 야외에 25m 길이의 정규풀 레인이 있어 사계절 내내 수영을 즐길 수 있다. 스파동에는 실내 파도풀인 샤크블루가 있어 비가 오는 날에도 전후좌우로 몰아치는 파도를 즐길 수 있다. 설악 워터피아만의 특별한 야외 온천 시설인 전 세계 유명한 온천들을 본떠 만든 스파밸리도 인기가 높다.","=GOOGLETRANSLATE(A29, ""ko"", ""zh-cn"")"
033-630-5800,"=GOOGLETRANSLATE(A30, ""ko"", ""zh-cn"")"
행주산성,"=GOOGLETRANSLATE(A31, ""ko"", ""zh-cn"")"
경기도 고양시 덕양구 행주로15번길 89,"=GOOGLETRANSLATE(A32, ""ko"", ""zh-cn"")"
"행주산성은 경기도 고양시 덕양구 행주내동 덕양산의 7, 8부 능선에 쌓은 테뫼식[山頂式] 성으로 흙을 이용해서 쌓은 산성이다. 덕양산 정상부를 에워싼 소규모의 내성[內城]과 북쪽으로 뻗은 골짜기를 에워싼 외성[外城]의 이중구조로 강안의 험한 절벽을 이용하고 동, 북, 서로 전개된 넓은 평야를 감싸고 있다. 성안에서는 삼국시대의 적갈색 연질 토기와 회청색 경질토기 등의 조각을 비롯하여 어골문[魚骨文], 수지문[手指文]이 새겨진 기왓조각도 발견되고 있어 고려 시대까지도 사용된 것으로 보인다. 임진왜란 당시 권율[權慄] 장군이 의병과 승명을 포함한 2천3백 명과 함께 왜군 3만여 명을 크게 물리쳤다. 왜군을 격파하여 나라를 위기에서 벗어나게 하는데 큰 공을 세운 충장공 권율 도원수의 행주대첩을 기념하기 위한 매년 제례행사와 그 밖의 여러 가지 문화 행사가 개최되고 있다. 권율 도원수의 영정이 모셔져 있는 충장사에서 행해지는 이 제례에는 장군의 영혼을 불러들이기 위해 향을 피우고 제례를 지낸다. 선조들의 나라 사랑하는 마음과 지혜를 배울 수 있는 곳이다.","=GOOGLETRANSLATE(A33, ""ko"", ""zh-cn"")"
고양시 관광과 031-8075-4642,"=GOOGLETRANSLATE(A34, ""ko"", ""zh-cn"")"
휴휴암(강원),"=GOOGLETRANSLATE(A35, ""ko"", ""zh-cn"")"
휴휴암 강원,"=GOOGLETRANSLATE(A36, ""ko"", ""zh-cn"")"
강원특별자치도 양양군 현남면 광진2길 3-16,"=GOOGLETRANSLATE(A37, ""ko"", ""zh-cn"")"
"휴휴암은 강원특별자치도 양양군 현남면 바닷가에 자리한 암자다. 일상의 번뇌를 내려놓고 쉬고 또 쉬라는 의미에서 지어졌다. 1997년 홍법스님이 창건한 이곳은 묘적전이라는 법당 하나로 시작되었으나 1999년, 바닷가에 누운 관세음보살 형상의 바위가 발견되면서 기도처로 유명해졌다. 묘적전 아래 바닷가에는 활짝 핀 연꽃을 닮아 연화대라고 이름 지어진 너른 바위가 있다. 연화대에서 관세음보살 바위와 거북이 형상의 바위를 찾아볼 수 있어 사시사철 관광객의 발길이 끊이지 않는다. 그밖에 발가락 바위, 발바닥 바위, 주먹바위 등 기이한 모습의 기암괴석이 신비감을 더한다. 때로는 해변으로 먹이를 찾아오는 황어 떼도 만날 수 있다. 휴휴암에는 묘적전, 다라니 굴법당, 관음범종, 지혜관세음보살상 등이 자리한다. 바닷가 언덕 위의 지혜관세음보살상은 휴휴암의 또 다른 명물이다. 동해용왕상과 남순동자상을 양쪽에 둔 지혜관음보살상은 뒤에 푸른 동해를 두르고 있어 경치가 빼어나다.","=GOOGLETRANSLATE(A38, ""ko"", ""zh-cn"")"
양양군 관광안내소 033-670-2397,"=GOOGLETRANSLATE(A39, ""ko"", ""zh-cn"")"
목포 해상케이블카,"=GOOGLETRANSLATE(A40, ""ko"", ""zh-cn"")"
전남 전라남도 목포시 해양대학로 240,"=GOOGLETRANSLATE(A41, ""ko"", ""zh-cn"")"
"목포해상케이블카는 슬로시티 목포의 옛 중심지인 목포 원도심과 북항, 유달산은 물론 고하도를 비롯한 다도해의 아름다운 풍경을 한눈에 살펴볼 수 있는 해양관광, 레저, 문화관광의 새로운 중심축이다. 유달산의 지형적 특성과 우수한 경관을 고려하여 원도심과 다도해상 전체를 조망할 수 있는 국내 최장 3.23㎞, 국내 최고높이 155m를 자랑한다.","=GOOGLETRANSLATE(A42, ""ko"", ""zh-cn"")"
061-244-2600,"=GOOGLETRANSLATE(A43, ""ko"", ""zh-cn"")"
천제연폭포,"=GOOGLETRANSLATE(A44, ""ko"", ""zh-cn"")"
제주특별자치도 서귀포시 천제연로 132 (중문동),"=GOOGLETRANSLATE(A45, ""ko"", ""zh-cn"")"
"천제연 폭포는 한라산에서 시작된 중문천이 바다로 흐르면서 형성된 폭포로, 중문관광단지 내에 있다. 천제연폭포는 3개의 폭포로 나누어지는데, 주상절리 절벽에서 천제연(못)으로 떨어지는 것이 제1폭포, 천제연의 물이 더 아래로 흐르면서 형성된 제2,3 폭포가 있다. 제1폭포는 높이 22m, 천제연 수심 21m로 건기에는 폭포수가 떨어지지 않지만 주상절리형의 암벽과 에매랄드 빛의 연못이 굉장히 아름다워 내외국인을 불문하고 카메라를 꺼내 들지 않는 이가 없다. 1 폭포 근처에 있는 암석동굴 천정에는 이가 시리도로 차가운 물이 쏟아져 백중, 처서에 이물을 맞으면 모든 병이 사라진다는 설이 있었으나 지금은 수영이 금지되어 진입할 수 없다.(출처 : 제주 문화관광 홈페이지)","=GOOGLETRANSLATE(A46, ""ko"", ""zh-cn"")"
064-760-6331,"=GOOGLETRANSLATE(A47, ""ko"", ""zh-cn"")"
광주 양동시장,"=GOOGLETRANSLATE(A48, ""ko"", ""zh-cn"")"
광주광역시 서구 천변좌로 238,"=GOOGLETRANSLATE(A49, ""ko"", ""zh-cn"")"
"양동시장은 광주 서구에 위치한 전통재래시장으로 전남에서 규모가 가장 크다. 1910년대에 광주교 아래 백사장에서 달마다 2일과 7일에 열렸던 장이 양동시장의 기원으로 알려져 있다. 양동시장은 ‘후덕한 인심의 표상’이라고 불릴 만큼 각양각색의 물산들이 산적해 있고 먹을거리 또한 풍성해 광주 시민들에겐 ‘손 큰 시장, 광주의 부엌’으로도 알려져 있다.명절을 준비하는 산실이자 홍어를 사려면 양동시장으로 가야 한다는 말은 지금도 사람들의 입에서 오르내리고, 또한 매스컴에 자주 등장한 양동시장의 명물 『양동통닭』은 오직 이곳 양동시장에서만 맛볼 수 있는 진미이다. 더불어 5·18 민주화운동 때 양동시장과 대인시장은 광주시민이 하나 되는 대동정신을 발휘했던 장소였다. 당시 상인들은 시민군에게 주먹밥과 음료수, 약품 등을 제공하며 시민군을 지원하고 격려하였다. 유통산업의 발달로 재래시장이 사양길에 접어들자 양동시장도 시설의 현대화에 착수했다. 통합 로고사업, 온라인 쇼핑몰구축, 상인대학을 개설하는 등 경영 현대화 사업을 성공적으로 추진하였고, 『전국우수시장박람회』에서 재래시장 리모델링으로 최우수상을 수상할 만큼 청결하고 일목요연해서 어디를 가나 부족함이 없이 쇼핑할 수 있는 공간으로 거듭난 것이다. 또한 양동전통시장의 지역사랑은 지금도 꾸준히 이어진다. 저렴한 가격으로 어르신의 점심을 책임지는 양동 천 원 국시와 장애인 바리스타 훈련생에게 꿈의 창작소가 되어 줄 리버마켓 276 내의 카페 ‘모어레스’ 쿠킹·공예·제로웨이스트 등의 체험프로그램을 운영한다.양동시장 먹거리 TOP 3는 양동통닭 vs 수일통닭, 양동 천 원 국시, 상추튀김이다. 주변에는 양림역사문화마을, 국립아시아문화전당, 5·18 기념공원이 있다.","=GOOGLETRANSLATE(A50, ""ko"", ""zh-cn"")"
062-366-0884,"=GOOGLETRANSLATE(A51, ""ko"", ""zh-cn"")"
표충사(밀양),"=GOOGLETRANSLATE(A52, ""ko"", ""zh-cn"")"
표충사 밀양,"=GOOGLETRANSLATE(A53, ""ko"", ""zh-cn"")"
경남 경상남도 밀양시 단장면 표충로 1338,"=GOOGLETRANSLATE(A54, ""ko"", ""zh-cn"")"
경상남도 기념물 제17호인 표충사는 임진왜란 때 공을 세운 사명대사(四溟大師)의 충혼을 기리기 위하여 국가에서 명명한 절이다. 1715년(숙종 41)에 중건한 사실이 있으나 1926년에 응진전(應眞殿)을 제외한 모든 건물이 화재로 소실된 것을 재건하여 오늘에 이르고 있다. 주요 문화재 및 건물로는 국보 제75호인 청동함은향완(靑銅含銀香)을 비롯하여 보물 제467호의 삼층석탑이 있으며 석등(石燈) ·표충서원(表忠書院) ·대광전(大光殿) 등의 지방문화재와 25동의 건물 사명대사의 유물 300여 점이 보존되어 있다.,"=GOOGLETRANSLATE(A55, ""ko"", ""zh-cn"")"
055-352-1150,"=GOOGLETRANSLATE(A56, ""ko"", ""zh-cn"")"
태화강 국가정원,"=GOOGLETRANSLATE(A57, ""ko"", ""zh-cn"")"
울산광역시 중구 샛강남길 5 (태화동),"=GOOGLETRANSLATE(A58, ""ko"", ""zh-cn"")"
"태화강 국가정원은 1급수 생태하천 태화강을 끼고 있는 친환경 생태 정원으로 시간제한 없이 이용할 수 있는 도심 한가운데 위치한 울산 관광의 요지이다. 단, 국가정원 홍보 및 전시, 정원해설 등의 편의를 제공하는 안내센터는 9시부터 18시까지, 태화강 국가정원의 명소 중 하나인 은하수길은 매일 일몰 시간부터 23시까지로 운영시간이 정해져 있다. 울산광역시 중구와 남구에 걸쳐 위치하고 있는 총면적 835,452㎡의 하천부지에 조성되어 있으며 생태, 대나무, 계절, 수생, 참여, 무궁화 총 6개의 공간이 있다. 특히, 이곳의 십리대숲은 바람에 부딪히는 대나무의 맑은 소리와 한적하고 아름다은 길로 유명하다. 또한, 유아를 위한 정원 가꾸기, 가족 단위 정원 체험 프로그램 등을 운영 중이다. 주위에 태화루, 동굴피아, 철새 홍보관을 비롯하여 울산 12경에 속하는 대왕암공원, 동해에서 가장 먼저 해가 떠오르는 간절곶, 선사시대의 역사와 문화를 간직한 반구대 암각화, 신불산 억새평원, 강동·주전의 몽돌해변, 울산대공원 그리고 울산대교 등 자연과 도심이 어우러진 다채로운 관광지가 있다.◎ 한류의 매력을 만나는 여행 정보 - 드라마 <이재, 곧 죽습니다>엄마로 환생한 이재가 엄마를 추억하며 방문한 곳이다. 태화강을 따라 여섯 가지 테마로 조성된 정원은 하나같이 아름다운 풍경을 자랑한다. 드라마 속에서는 풍경과 대비되는 이재의 슬픈 표정이 시청자들을 눈물짓게 했다.","=GOOGLETRANSLATE(A59, ""ko"", ""zh-cn"")"
태화강 국가정원 안내센터 052-229-3147~8,"=GOOGLETRANSLATE(A60, ""ko"", ""zh-cn"")"
해운대해수욕장,"=GOOGLETRANSLATE(A61, ""ko"", ""zh-cn"")"
부산광역시 해운대구 해운대해변로 264 (우동),"=GOOGLETRANSLATE(A62, ""ko"", ""zh-cn"")"
"해운대해수욕장은 넓은 백사장과 아름다운 해안선을 자랑하고 있으며 얕은 수심과 잔잔한 물결로 해수욕장의 최적 조건을 갖추고 있다. 부산 하면 제일 먼저 떠올리는 곳이 해운대 해수욕장이라고 할 만큼 부산을 대표하는 명소이며, 해마다 여름철 피서객을 가늠하는 척도로 이용될 만큼 국내 최대 인파가 몰리는 곳이기도 하다. 특히, 해안선 주변에 크고 작은 빌딩들과 고급 호텔들이 우뚝 솟아있어 현대적이고 세련된 분위기의 해수욕장으로 유명하기 때문에 여름휴가철뿐만 아니라 사시사철 젊은 열기로 붐비고 해외 관광객들에게도 잘 알려져 있어 외국인들이 많이 찾는 곳이다. 해운대해수욕장에서는 매년 정월 대보름날의 달맞이 축제를 진행하고 있다. 또한, 매년 겨울 주최하고 있는 북극곰수영대회는 이미 겨울철 대표 축제로 자리 잡았다. 이외에도 모래 작품전, 부산 바다 축제 등 각종 크고 작은 행사들이 열리고 있다. 또한, 해수욕장 주변에 동백섬, 오륙도, 아쿠아리움 , 요트경기장, 벡스코 달맞이고개 등 볼거리가 많다.◎ 한류의 매력을 만나는 여행 정보 - 드라마 <힘쎈여자 강남순>남순이 몽골 엄마와 함께 모래사장에 조개로 ‘바다’라는 글자를 만들고 함께 사진을 찍으며 즐거운 시간을 보낸 곳이다.","=GOOGLETRANSLATE(A63, ""ko"", ""zh-cn"")"
051-749-5700,"=GOOGLETRANSLATE(A64, ""ko"", ""zh-cn"")"
영일대해수욕장,"=GOOGLETRANSLATE(A65, ""ko"", ""zh-cn"")"
경북 경상북도 포항시 북구 두호동 685-1,"=GOOGLETRANSLATE(A66, ""ko"", ""zh-cn"")"
"영일대해수욕장은 경상북도 포항시 북구에 위치한 동해안 최대 규모의 해수욕장이다. 인근의 송도해수욕장과 함께 포항을 대표하는 해수욕장으로 널리 알려져 있다. 이곳에서는 포스코 제철소와 탁 트인 영일만의 전경을 조망할 수 있으며, 고운 모래로 이루어진 백사장은 가족 단위 피서지로 적합하다. 수심이 완만하고 파도가 잔잔하여 어린이들도 안전하게 물놀이를 즐길 수 있는 환경을 갖추고 있다. 해수욕장에는 샤워장, 탈의실, 화장실, 주차장 등 다양한 편의시설이 마련되어 있다. 도심권에 위치하고 있어 대중교통이나 자가용을 이용한 접근성이 뛰어난 점도 큰 장점이다. 여름철에는 다양한 해양 레저 활동과 문화행사가 열려 활기찬 분위기를 자아낸다. 인근에는 영일대해상케이블카, 포항운하, 포스코 역사관 등 관광자원이 풍부하여 연계 관광지로도 손색이 없다. 영일대해수욕장은 도심 속에서 바다의 여유로움을 느낄 수 있는 최적의 휴양지이다.","=GOOGLETRANSLATE(A67, ""ko"", ""zh-cn"")"
포항시 북구청 해양산업과 054-270-2778,"=GOOGLETRANSLATE(A68, ""ko"", ""zh-cn"")"
최참판댁 한옥숙박시설,"=GOOGLETRANSLATE(A69, ""ko"", ""zh-cn"")"
경남 경상남도 하동군 악양면 평사리길 86,"=GOOGLETRANSLATE(A70, ""ko"", ""zh-cn"")"
"평사리 풍경을 그대로 담은 고품격 한옥숙박시설 최참판댁 한옥 호텔은 <구르미 그린 달빛>, <미스터선샤인>, <환혼> 등 수많은 영화와 드라마가 촬영된 장소로 유명한 장소다. 화개장터 10분, 쌍계사 20분 거리에 위치하여 하동 명소와 접근성이 매우 좋다. 숙박객들은 최참판댁을 무료로 관람 가능하다. 편안한 내부 인테리어와 고급 침구, 방·거실·주방 등을 두루 갖춰 차별화한 서비스를 제공한다.","=GOOGLETRANSLATE(A71, ""ko"", ""zh-cn"")"
055-883-2225,"=GOOGLETRANSLATE(A72, ""ko"", ""zh-cn"")"
롯데월드 어드벤처 부산,"=GOOGLETRANSLATE(A73, ""ko"", ""zh-cn"")"
부산광역시 기장군 동부산관광로 42,"=GOOGLETRANSLATE(A74, ""ko"", ""zh-cn"")"
"마법과 환상의 세계! 롯데월드 어드벤처가 부산에서 개장했다. 숲 속의 청량함과 짜릿한 스릴감을 완벽하게 즐길 수 있도록 준비되어 있다. '놀이공원' 하면 떠오르는 언제나 즐겁고 신나는 공연 그리고 퍼레이드를 경험할 수 있다. 부산롯데월드는 대한민국 제2의 도시라고 불리는 부산에 세워진 데다 대중교통을 이용한 접근성도 편리해 개장 첫날부터 끊임없는 발길이 이어지고 있다. 롯데월드 부산은 6개의 테마존으로 꾸려져 있다. 요정 마을 팅커폴스 존 중심에 토킹트리가 있는데 이 나무는 애니매트로닉스 기술이 적용되어 파크 내 6개 테마에 관한 이야기를 들려준다. 롯데월드 내 가장 높은 곳에 위치한 로얄가든 존의 로리캐슬은 물에 떠 있는 듯한 모습으로 연출되어 있으며 부산의 전경과 함께 기장 앞바다를 한눈에 즐길 수 있다. 이외의 놀이 기구들 특히 자이언트 디거, 자이언트 스플래쉬 등 대표 어트랙션은 그 짜릿함이 벌써 입소문을 타고 있다. 이렇게 어른들을 위한 어트랙션뿐만 아니라 유아를 동반한 가족 이용객을 위한 놀이 기구도 준비되어 있다. 날씨와 관계없이 아이와 안전하게 즐길 수 있도록 실내에 배치되어 있다. ◎ 한류의 매력을 만나는 여행 정보 - 드라마 <힘쎈여자 강남순>중간과 준희가 남부럽지 않은 데이트를 즐겼던 롯데월드 어드벤처 부산은 동화 속에 들어온 듯한 풍경과 스릴 넘치는 놀이기구, 환상적인 퍼레이드가 공존하는 곳이다. ‘토킹 트리’ 앞에 서면 반지를 주고받으며 행복해하던 중간·준희 커플이 떠오른다.","=GOOGLETRANSLATE(A75, ""ko"", ""zh-cn"")"
1661-2000,"=GOOGLETRANSLATE(A76, ""ko"", ""zh-cn"")"
강촌레일파크(김유정레일바이크),"=GOOGLETRANSLATE(A77, ""ko"", ""zh-cn"")"
강촌레일파크 김유정레일바이크,"=GOOGLETRANSLATE(A78, ""ko"", ""zh-cn"")"
강원특별자치도 춘천시 신동면 김유정로 1383,"=GOOGLETRANSLATE(A79, ""ko"", ""zh-cn"")"
"경춘선 복선전철 개통으로 쓸모를 다한 옛 경춘선 철로에 이제는 기차 대신 레일바이크가 달린다. 강촌레일파크 김유정레일바이크는 경춘선 전철 김유정역 바로 옆에서 출발한다. 탑승장에는 지역적 특색을 살린 대형책 조형물과 오색 우산 조형물 같은 포토존을 비롯해 카페, 짚와이어 등 소소한 즐길 거리가 많다. 김유정역 탑승장을 출발해 옛 강촌역까지 전체 8.5㎞ 코스로 처음 6㎞ 구간은 레일바이크로 나머지 2.5㎞ 구간은 낭만열차를 타고 이동한다. 레일바이크 구간은 주로 내리막길로 이뤄져 힘들지 않고 산과 들, 강이 어우러지는 목가적인 풍경과 갖가지 테마로 꾸민 터널이 이어진다. VR(가상현실) 체험이 가능한 구간이 있으며 추가 요금을 내고 이용 가능하다. 이국적인 분위기의 낭만열차는 북한강을 따라 달리며 탁 트인 전망을 선사한다. 목적지에 도착한 후에는 셔틀버스를 타고 탑승장으로 되돌아온다. 경강역에서 출발하는 7.2㎞ 코스의 경강레일바이크도 별도 운영한다.","=GOOGLETRANSLATE(A80, ""ko"", ""zh-cn"")"
033-245-1000,"=GOOGLETRANSLATE(A81, ""ko"", ""zh-cn"")"
아쿠아플라넷 일산,"=GOOGLETRANSLATE(A82, ""ko"", ""zh-cn"")"
경기도 고양시 일산서구 한류월드로 282,"=GOOGLETRANSLATE(A83, ""ko"", ""zh-cn"")"
"아쿠아플라넷 일산은 경기도 고양 한류월드 조성부지 인근에 자리한 수도권 최대 규모의 아쿠아리움으로 특히 국내에서는 처음으로 실내 동물원이 결합한 아쿠아리움이라는 점이 특징이다. 전 세계에서 온 해양 생물과 육지 생물이 입주하여 바다코끼리, 알락꼬리여우원숭이, 히야신스매커우 등의 다양한 생물들을 한자리에서 만나볼 수 있다. 특히 대형 수조 딥 블루오션에서의 신기한 마술 공연, 다양한 생태 설명회가 열리는 오션 아레나, 정글에 사는 동물 친구들을 만나는 나무 쉼터 등을 운영하여 재미와 교육을 동시에 느낄 수 있는 다양한 콘텐츠들을 접할 수 있다. 이 외에도 부대 업장 및 선물 가게를 운영 중이다.","=GOOGLETRANSLATE(A84, ""ko"", ""zh-cn"")"
1833-7001,"=GOOGLETRANSLATE(A85, ""ko"", ""zh-cn"")"
낙산공원,"=GOOGLETRANSLATE(A86, ""ko"", ""zh-cn"")"
서울특별시 종로구 낙산길 41 (동숭동),"=GOOGLETRANSLATE(A87, ""ko"", ""zh-cn"")"
"낙산공원은 대학로와 동대문으로부터 이어지며 역사와 문화를 함께 즐길 수 있는 공원이다. 낙산은 지형이 낙타의 등처럼 생겨 낙타산이라고도 했고, 궁에 우유를 보급하던 왕실 목장이 있어 타락산이라고도 불렀다. 1960년대 이후 시민아파트와 밀집된 주택으로 낙산 본래의 모습이 사라지게 되었고, 서울시가 낙산 복원계획을 수립하였다. 이 계획의 일환으로 공원화 사업이 진행되어 2002년 7월 낙산공원으로 개원하였다. 낙산공원 중앙광장에는 낙산전시관과 중앙무대, 매점 등이 있어서 쉬어가기 좋고 광장 바로 아래 주차장이 있어서 중앙광장으로 오기도 편하다. 낙산전시관은 낙산공원 입구에 있는 시설물로 낙산의 유래, 역사적 인물, 한양도성의 사진 자료 및 모형이 전시되어 낙산공원을 방문하는 시민들에게 다양한 정보를 제공한다. 주말에는 낙산과 서울한양도성에 관한 공원 이용 프로그램이 운영되며, 누구나 무료로 이용할 수 있다. 광장 한쪽으로는 낙산정이 있다. 낙산정은 낙산을 복원하면서 만든 정자로 서울의 전경이 한눈에 보이는 전망 좋은 곳이다. 서울한양도성과 푸른 숲이 어우러져 아름다운 정취를 느낄 수 있는 시민의 휴식 공간으로 자리매김하였으며, 서울에서 가장 아름다운 야경을 볼 수 있는 곳으로 각광받고 있다. 언덕 정상에서 주택과 벽화가 있는 이화동 벽화마을로 갈 수 있고 흥인지문과 한양도성길로 가는 동대문 코스, 외부 성곽 벽면 전체를 보면서 걸을 수 있는 한성대 입구 방면 코스 등 다양한 코스가 있다. ◎ 한류의 매력을 만나는 여행 정보 - 애니메이션 <케이팝 데몬 헌터스>넷플릭스 애니메이션 ‘케이팝 데몬 헌터스’에서 루미와 진우가 대화를 나누며 걷던 장소 중 하나가 바로 이곳이다. 성곽 너머로 펼쳐지는 서울의 도시 풍경이 인상적으로 담겨, 애니메이션 속 감성을 더욱 깊이 있게 전한다. 실제로 방문하면 고즈넉한 성곽길과 함께 서울의 전경을 한눈에 내려다볼 수 있어 특별한 경험을 선사한다.","=GOOGLETRANSLATE(A88, ""ko"", ""zh-cn"")"
02-743-7985~6,"=GOOGLETRANSLATE(A89, ""ko"", ""zh-cn"")"
대관령양떼목장,"=GOOGLETRANSLATE(A90, ""ko"", ""zh-cn"")"
강원특별자치도 평창군 대관령면 대관령마루길 483-32,"=GOOGLETRANSLATE(A91, ""ko"", ""zh-cn"")"
"한국 농림부에서 지정한 동물복지와 산림보존에 특화된 목장이다. 넓은 초지에 양들을 자유로이 방목한다. 1989년에 첫 축사를 완공하고 1991년에 면양을 들인 목장은 오늘날 면양 사육에 관해 한국 최고 수준의 시스템을 갖춘 목장으로 성장했다. 대관령 양떼목장에서 즐길 거리는 크게 두 가지, 산책로 걷기와 먹이 주기 체험이다. 야생식물이 자라는 산책로를 걸으며 초지에서 풀을 뜯는 양 떼를 만날 수 있다. 참고로 양은 초지 풀이 자라는 5월 중순~10월 말에 방목되고, 겨울에는 축사 안에서 생활한다. 산책로 초입에는 나무 움막이 있고, 산책로 중간 지점이자 목장 정상인 해발 920m에서 바라보는 백두대간은 막힌 가슴을 시원스럽게 한다.","=GOOGLETRANSLATE(A92, ""ko"", ""zh-cn"")"
033-335-1966,"=GOOGLETRANSLATE(A93, ""ko"", ""zh-cn"")"
경기도 파주시 탄현면 필승로 369,"=GOOGLETRANSLATE(A94, ""ko"", ""zh-cn"")"
"오두산 통일전망대는 이산가족의 망향의 한을 달래주고 통일교육의 체험 도장으로 활용하기 위해 1992년 9월 8일에 개관하였다. 고구려와 백제가 각축을 벌였던 오두산, 그 정상에 있는 전망대에 오르면 남쪽에서 흘러온 한강과 북쪽에서 흘러온 임진강이 합류하여 서해로 흘러 들어가는 절경과 눈앞에 바로 보이지만 마음대로 갈 수 없는 북한 황해도의 산천과 북한주민들의 모습을 한눈에 볼 수 있다. 전망대 내부에는 정부의 통일정책, 역대 정부의 통일노력의 발자취, 북한실상 등을 쉽게 알 수 있도록 각종 전시실을 다양한 기법을 활용하여 운영하고 있다. 개관한 이래 오두산통일전망대는 2,000만 명 이상의 방문객이 방문했으며 이제는 우리나라 국민들은 물론 외국인들도 즐겨 찾는 국제적인 통일교육의 전당이 되었다.","=GOOGLETRANSLATE(A95, ""ko"", ""zh-cn"")"
개관시간 문의 031-956-9600 휴관일 문의 031-956-9661,"=GOOGLETRANSLATE(A96, ""ko"", ""zh-cn"")"
천안상록리조트 아쿠아피아,"=GOOGLETRANSLATE(A97, ""ko"", ""zh-cn"")"
충남 충청남도 천안시 동남구 수신면 수신로 576,"=GOOGLETRANSLATE(A98, ""ko"", ""zh-cn"")"
"천안에 있는 워터파크로 7월~8월 여름 시즌에는 실외풀을 포함해 운영되는 야외 물놀이장이다. 어린이풀, 파도풀, 유수풀, 워터슬라이드 등 다양한 시설이 갖추어져 있고 스파가 곳곳에 있다. 이외에도 식당, 아쿠아샵 등 부대시설이 있어 방문객들이 편안하게 이용할 수 있다. 음식물과 돗자리는 반입이 불가하다. 인근에는 천안함 생태공원, 천안함 위령탑 등의 관광지가 있다. 동계에는 실내풀만 운영하니 참고해야 한다.","=GOOGLETRANSLATE(A99, ""ko"", ""zh-cn"")"
"24,300원","=GOOGLETRANSLATE(A100, ""ko"", ""zh-cn"")"
041-560-9114,"=GOOGLETRANSLATE(A101, ""ko"", ""zh-cn"")"
인천광역시 서구 환경로28번길 42 (경서동),"=GOOGLETRANSLATE(A102, ""ko"", ""zh-cn"")"
"2007년 10월 개관한 국립생물자원관은 동양 최대 규모의 시설을 갖추고 국가 생물자원의 발굴조사 및 표본확보 등 기반 연구를 수행하는 기관이다. 한반도 자생생물 및 생물자원 보존의 중요성에 대한 전시를 총괄하며 이를 널리 알리고 있다. 서구 경서동 수도권 매립지와 맞붙어 있고 척추 모양을 본뜬 수장, 연구동과 나뭇잎을 본뜬 전시, 교육관 등 기관을 상징하는 건물들이 특이하다. 우리나라의 고유 생물 및 자생생물이 전시되어 있으며, 산림, 하천·호수, 갯벌 및 해양 생태계를 재현하여 실제 환경을 체험할 수도 있다. 실외 녹지 면적이 넓어 산책로도 조성이 잘 되어있다.","=GOOGLETRANSLATE(A103, ""ko"", ""zh-cn"")"
032-590-7000,"=GOOGLETRANSLATE(A104, ""ko"", ""zh-cn"")"
동피랑마을,"=GOOGLETRANSLATE(A105, ""ko"", ""zh-cn"")"
경남 경상남도 통영시 동피랑1길 6-18 (동호동),"=GOOGLETRANSLATE(A106, ""ko"", ""zh-cn"")"
"‘동피랑’이라는 이름은 ‘동쪽’과 ‘비랑’이라는 말이 합쳐져서 생겼다. ‘비랑’은 ‘비탈’의 통영 사투리인데 그 앞에 ‘동쪽’을 나타내는 말 중 ‘동’만 떼어 붙인 것으로 그래서 사람들은 ‘동피랑’이라고 부르게 된 것이다. 푸른 통영 21 추진 협의회는 2007년 10월 전국적으로 동피랑길에 그림 그릴 사람들을 모았다. 그 사람들이 마을 담과 벽 길 등에 온통 그림을 그렸고 바닷가 언덕 마을이 그림으로 다시 태어난 것이다. 동피랑 골목길은 그 갈래가 수십 개다. 그 모든 골목에 그림이 있고 하늘과 맞닿은 마을, 그곳에 그려진 그림은 마을을 동화나라로 만들기에 충분하다. 또 마을에서 내려다보는 강구안 바다 풍경도 볼만하다.","=GOOGLETRANSLATE(A107, ""ko"", ""zh-cn"")"
"055-650-0580, 2570","=GOOGLETRANSLATE(A108, ""ko"", ""zh-cn"")"
덕진공원,"=GOOGLETRANSLATE(A109, ""ko"", ""zh-cn"")"
전북특별자치도 전주시 덕진구 권삼득로 390,"=GOOGLETRANSLATE(A110, ""ko"", ""zh-cn"")"
"전주는 마한시대 이래 호남지방에서 규모가 큰 고을로 그 이름은 마한의 원산성에서 유래했다. 40여 년간 후백제의 수도였으며, 조선시대에는 이성계의 선조가 살았던 고향이라는 이유로 완산유수부로 개칭되기도 했다. 전주에서 볼거리로 강한 인상을 받게 되는 것 중의 하나가 덕진공원에 피는 연꽃이다. 그만큼 덕진공원 연못은 전주의 명물이다. 전주 IC에서 시내로 들어가는 팔달로변에 위치한 덕진공원은 고려시대에 형성된 자연 호수가 1978년 4월 시민공원 결정 고시에 의거, 도시공원으로 조성되었고 취향정과 더불어 유서 깊은 곳이다.4만 5천 평의 경내에는 남쪽으로 3분의 2를 차지하고 있는 연못과 북쪽의 보트장을 동서로 가로지른 현수교가 그사이를 양분하고 있다. 그윽이 풍기는 연못 중앙으로 아치형 현수교를 거닐면서 한없는 시정에 젖어볼 수 있다. 특히, 대대적으로 정비 공사를 하여 1998년부터 재개장한 공원의 특색은 마운딩 시공으로 향촌의 작은 숲(언덕)을 연상케 하고, 전통 정자와 창포늪을 조성하여 역사성을 극대화하였고 또한 인공폭포와 목교를 설치하여 자연 친화 시설로 시민의 정서에 맞도록 조성하였으며 단오절에는 연못물로 부녀자들이 아침 일찍 머리를 감고 한해 건강을 기원하는 단오 창포물 잔치로도 유명하다.","=GOOGLETRANSLATE(A111, ""ko"", ""zh-cn"")"
063-281-8661,"=GOOGLETRANSLATE(A112, ""ko"", ""zh-cn"")"
옥연지 송해공원,"=GOOGLETRANSLATE(A113, ""ko"", ""zh-cn"")"
대구광역시 달성군 옥포읍,"=GOOGLETRANSLATE(A114, ""ko"", ""zh-cn"")"
"옥연지 송해공원은 달성군의 대표 관광지로 달성군 명예군민인 방송인 송해 선생님의 이름을 따 명칭한 공원이다. 계절마다 다양한 꽃을 볼 수 있는 이곳은 다양한 꽃과 식물뿐만 아니라, 둘레길 데크, 백년수중다리, 바람개비 쉼터, 전망대, 금동굴, 얼음빙벽 등 다양한 볼거리로 조성되어 있다. 특히 봄에 방문한다면 만개하는 벚꽃길로 유명하고 호수와 풍차, 튤립이 어우러진 이색적인 풍경을 감상할 수 있다. 인근에는 송해기념관이 자리하여 함께 관광하기 좋다.","=GOOGLETRANSLATE(A115, ""ko"", ""zh-cn"")"
053-668-3763,"=GOOGLETRANSLATE(A116, ""ko"", ""zh-cn"")"
한라수목원,"=GOOGLETRANSLATE(A117, ""ko"", ""zh-cn"")"
제주특별자치도 제주시 수목원길 72 (연동),"=GOOGLETRANSLATE(A118, ""ko"", ""zh-cn"")"
"제주시 연동 1100 도로변 광이 오름 기슭에 위치한 한라수목원은 제주도 자생 수종과 아열대식물 등의 식물들이 식재, 전시되어 있는 수목원으로 학생 및 전문인들을 위한 교육과 연구의 장 역할을 하고 있으며, 테마 관광지로도 사랑받고 있다. 특히 2000년에 환경부는 이곳을 멸종 위기 보호야생식물의 서식지 외 보전 기관으로 지정했다. 환경부가 멸종 위기 식물로 지정한 나도 풍란, 한란과 파초일엽, 갯대추 등 보호 대상 식물을 포함하여 총 1,321종(목본류 530종, 초본류 791종), 10만여 본을 전시한다. 제주도 자생식물의 유전자원 보존 및 학습·연구의 장을 제공하고 도·시민에게 휴식 공간 제공 및 관광자원으로 활용하고 있다.◎ 한류의 매력을 만나는 여행 정보 - 예능 <효리네 민박>제주살이의 상징이 된 효리네 민박 촬영지로 제주의 자생 수종과 아열대 식물 등 1,100여 종의 식물이 식재, 전시되어 있는 수목원이다. 멸종 위기종과 희귀한 식물도 많지만 가볍게 산책하며 힐링하기 좋다. 5만 평의 산림욕장은 관광객과 제주도민에게 도심 속 숲과 같은 휴식 공간이 되어준다. 야외 산책로는 오후 11시까지 관람 가능해 밤 산책을 하기에도 좋다.","=GOOGLETRANSLATE(A119, ""ko"", ""zh-cn"")"
064-710-7575,"=GOOGLETRANSLATE(A120, ""ko"", ""zh-cn"")"
여수수산시장,"=GOOGLETRANSLATE(A121, ""ko"", ""zh-cn"")"
전남 전라남도 여수시 여객선터미널길 24 (교동),"=GOOGLETRANSLATE(A122, ""ko"", ""zh-cn"")"
"여수수산시장은 50년 역사의 수산물 전통시장으로, 여수 3대 수산시장 중 규모가 가장 크다. 여수수산시장은 전통시장의 정겨움을 느낄 수 있는 데다가 2011년 현대화시설 작업을 마쳐 쾌적한 분위기를 형성하고 있어 전통시장의 장점과 현대적인 장점을 모두 갖추고 있다. 특히 여수수산시장은 물메기, 볼락, 횟감용 삼치 등 수도권 수산시장에서는 쉽게 접할 수 없는 어종을 만나볼 수 있고 저렴한 가격에 구매할 수 있다. 시장은 크게 활어, 건어물, 먹거리로 나뉘어 있는데, 활어시장은 지하 400m 수중 해수관을 통해 깨끗한 청정해수를 사용해 싱싱한 해산물을 자랑한다. 이곳의 건어물은 여수수산시장 건물 옥상에 위치한 가공처리장에서 직접 건어물들을 가공하고 해풍에 건조해 판매한다. 먹거리시장에서는 여수의 특산물인 갓김치와 젓갈 등을 판매한다. 신선한 해산물로 만든 다양한 먹거리가 있는 야시장도 있는데 2016년 바이킹 야시장을 개장한 후 더욱 볼거리와 즐길 거리가 풍성해졌다.","=GOOGLETRANSLATE(A123, ""ko"", ""zh-cn"")"
061-662-7268,"=GOOGLETRANSLATE(A124, ""ko"", ""zh-cn"")"
서울특별시 종로구 사직로 161 (세종로),"=GOOGLETRANSLATE(A125, ""ko"", ""zh-cn"")"
"경복궁은 1392년 조선 건국 후 1395년(태조 4)에 창건한 조선왕조 제일의 법궁이다. 경복궁은 백악산(북악산)을 주산으로 넓은 지형에 건물을 배치하였고 정문인 광화문 앞으로 넓은 육조거리가 펼쳐진 한양의 중심이었다. ‘경복’의 이름은 ‘새 왕조가 큰 복을 누려 번영할 것’이라는 의미가 담겨있으며, 이곳에서 세종 대에 훈민정음이 창제되어 반포되기도 하였다. 또한, 동궐(창덕궁)이나 서궐(경희궁)에 비해 위치가 북쪽에 있어 ‘북궐’이라 불리기도 했다.경복궁 근정전에서 즉위식을 가진 왕들을 보면 제2대 정종, 제4대 세종, 제6대 단종, 제7대 세조, 제9대 성종, 제11대 중종, 제13대 명종 등이 있다. 경복궁은 1592년(선조 25) 임진왜란으로 소실되었는데, 그 후 복구되지 못하였다가 270여 년이 지난 1867년(고종 4)에 다시 지어졌다. 고종 대에 들어 건청궁과 태원전, 집옥재 등이 조성되었으며, 특히 건청궁 옥호루는 1895년 을미사변으로 명성황후가 시해되는 비운의 장소이기도 하다.1910년 경술국치 후 경복궁은 계획적으로 훼손되기 시작하여 1915년 조선물산공진회를 개최한다는 명분으로 대부분의 전각들이 철거되었고, 1926년에는 조선총독부 청사를 지어 경복궁의 경관을 훼손하였다. 이후 1990년대부터 본격적으로 경복궁 복원공사가 진행되었고, 1995년부터 1997년까지 조선총독부 청사를 철거하였으며 흥례문 일원, 침전 권역, 건청궁과 태원전, 그리고 광화문 등이 복원되어 현재에 이르고 있다.경복궁에는 조선시대의 대표적인 건축물인 경회루와 향원정의 연못이 원형대로 남아 있으며, 근정전의 월대와 조각상들은 당시의 조각미술을 대표한다. 현재 흥례문 밖 서편에는 국립고궁 박물관이 위치하고 있고, 경복궁 내 향원정의 동편에는 국립민속 박물관이 위치하고 있다.경복궁의 주요 문화재로는 사적 경복궁, 국보 경복궁 근정전, 국보 경복궁 경회루, 보물 경복궁 자경전, 보물 경복궁 자경전 십장생 굴뚝, 보물 경복궁 아미산굴뚝, 보물 경복궁 근정문 및 행각, 보물 경복궁 풍기대 등이 있다. ◎ 한류의 매력을 만나는 여행 정보미국의 국민 TV 쇼 ‘더 투나잇 쇼 스타링 지미 팰런’에서는 ‘BTS위크’라는 이름을 붙여 닷새간 BTS 특별 방송을 진행했는데, 그중 BTS가 ‘맵 오브 더 솔 : 페르소나’ 미니앨범 수록곡 ‘소우주’와 ‘IDOL’을 부른 장소가 화제다. 그 장소는 바로 조선시대의 궁궐 중 하나인 ‘경복궁’의 경회루와 근정전이다. 보랏빛 조명에 아름답게 빛나던 경복궁에서 한국의 과거를 체험해 보길 추천한다.","=GOOGLETRANSLATE(A126, ""ko"", ""zh-cn"")"
02-3700-3900,"=GOOGLETRANSLATE(A127, ""ko"", ""zh-cn"")"
선암사 [유네스코 세계유산],"=GOOGLETRANSLATE(A128, ""ko"", ""zh-cn"")"
전남 전라남도 순천시 승주읍 선암사길 450,"=GOOGLETRANSLATE(A129, ""ko"", ""zh-cn"")"
"조계산 기슭 동쪽에 자리 잡은 선암사는 백제 성왕 7년(529년)에 아도화상이 비로암을 짓고, 신라 경문왕 1년 도선국사가 선종 9 산 중 동리 산문 선풍으로 지금의 선암사를 창건하셨다. 반대편 서쪽 산 중턱에는 유명한 승보사찰 송광사가 자리하고 있다. 선암사 주위로는 수령 수백 년 되는 상수리, 동백, 단풍, 밤나무 등이 울창하고 특히 가을 단풍이 유명하다. 또한, 절 앞에 아치형의 승선교가 있는데(보물), 받침대가 자연 암반으로 되어 있어 견고하며, 중앙부의 용머리가 매우 신비롭다. 대웅전 앞 좌우에 서 있는 삼층석탑도(보물) 관광객의 시선을 끈다. 사찰 전통문화가 가장 많이 남아 있는 절의 하나로 보물 7점 외에도 장엄하고 화려한 대웅전, 팔상전, 원통전, 금동향로, 일주문 등 지방 문화재 12점이 있고, 선암사 본찰 왼편으로 난 등산로를 따라 오르면 높이 7m, 넓이 2m에 이르는 거대한 바위에 조각된 마애불을 볼 수 있다. 800년 전통을 지닌 자생 다원, 송광사에서 선암사를 잇는 조계산 등산로, 수정 같은 계곡물, 울창한 수목과 가을 단풍이 이곳의 멋을 더해 준다. 또한, 선암사 인근에는 지리산과 백운산과 마찬가지로 고로쇠나무가 자생하고 있어 매년 경칩을 전후하여 약수를 맛볼 수 있다.선암사 칠전선원은 전남 순천시 송주읍 조계산 동쪽 기슭에 있는 사찰 선암사에 있는 참선 장소이다. 태고종의 유일한 총림인 태고총림으로서 강원과 선원에서 수많은 스님들이 수행을 하고 있는 종합수도 도량이다. ‘칠전’이란 선암사에서 가장 위쪽에 있는 일곱 채의 건물군이다. 선암사 뒤편의 야생차밭에 800년이 넘는 자생 차가 군락지가 있다. 차 배지에서 생산한 야생차는 화개 차를 최상품으로 치지만, 순 자연산 야생차는 선암사 차를 최고로 친다. 선암사 야생차의 특징을 ‘구수하고 깊은 맛’으로 표현하는데, 이는 차나무가 삼나무와 참나무가 우거진 음지에서 자라 찻잎이 연하고 운무와 습한 기후가 깊은 맛을 만들어 낸다. 하지만 선암사 차를 맛보기란 쉽지 않다. 선암사 차밭은 규모가 크지 않아 수확량도 적고 귀한 대접을 받는다.","=GOOGLETRANSLATE(A130, ""ko"", ""zh-cn"")"
061-754-5247,"=GOOGLETRANSLATE(A131, ""ko"", ""zh-cn"")"
애니포레,"=GOOGLETRANSLATE(A132, ""ko"", ""zh-cn"")"
"애니포레는 동물과 숲을 만날 수 있는 공간으로 용평 리조트 안에 있다. 애니포레는 해발 900~1,000m에 있어 한여름에도 청량한 시원함을 느낄 수 있으며 사계절 맑은 공기를 마실 수 있다. 이름은 동물을 뜻하는 (Animal)과 숲(Forest)의 합성어로 동물과 숲이 함께 하는 공간을 의미한다. 매표소 입구에서 애니포레까지 가는 방법은 발왕산 엄홍길 입구에서 도보로 가는 방법(60분 소요)과 모노레일을 타고 가는 방법(10분 소요) 두 가지가 있다. 모노레일을 타고 하차한 지점에서부터 가문비치유숲과 알파카 목장을 선택해서 둘러보면 된다. 가문비치유숲은 과거 화전민의 터전이었던 곳을 모나 용평 직원들이 1968년부터 1,800여 그루의 독일가문비 나무를 심고 가꿔 만든 숲으로 가문비나무는 우리에겐 크리스마스트리로 익숙하다. 하늘로 쭉쭉 뻗은 나무숲은 그 자체로도 이국적인 풍경을 자아내며 특히 겨울에 눈 덮인 가문비나무숲은 그야말로 환상적인 모습을 보여준다. 알파카 목장에서는 알파카를 비롯한 동물농장 식구들에게 먹이를 주는 체험도 할 수 있다. 이곳 전체를 둘러보는 데는 성인 기준 1시간 반에서 2시간 반 정도의 시간이 소요된다고 하며, 산책로 구석구석 다양한 볼거리와 포토 스팟이 많아 시간의 여유가 있다면 하루를 온전히 이곳에서 시간을 보내도 지루하지 않을 정도이다. 이 밖에도 요가나 숲속 콘서트 등 다양한 프로그램을 제공하고 있으므로 참여해 보는 것도 색다른 경험이 될 것이다. 애니포레 안에는 식당과 카페도 있어 간단하게 식사를 해결하거나 쉬었다 가도 좋다.","=GOOGLETRANSLATE(A133, ""ko"", ""zh-cn"")"
0507-1359-7166,"=GOOGLETRANSLATE(A134, ""ko"", ""zh-cn"")"
경기도 양주시 회암사길 11 (율정동),"=GOOGLETRANSLATE(A135, ""ko"", ""zh-cn"")"
"경기도 북부에 위치한 양주시는 600여 년의 유구한 역사와 전통을 자랑하는 유서 깊은 문화의 고장으로 유·무형의 중요한 문화유산을 간직하고 있다. 그중에서도 회암동 천보산 자락에 위치한 회암사는 유교사회를 지향했던 조선시대에 왕실의 적극적 후원을 입은 조선최대의 왕실사찰로서 한국 불교사에서 중요한 자리를 차지하고 있다. 지금은 비록 찬란했던 당시의 모습을 볼 수 없지만, 절터에 남아있는 유구를 통해 당시 회암사의 위상을 상상해 보는 것은 어렵지 않다. 양주시에서는 이러한 회암사지를 경기북부 최고의 관광지와 역사교육의 장으로 조성하기 위해 회암사지 종합정비계획을 수립했다. 종합정비계획에 따라 연차적으로 회암사지 발굴조사, 박물관 건립, 유적 및 단지정비 등의 사업을 추진하였으며, 양주시립회암사지박물관은 그 사업의 일환으로 2012년 10월 19일 개관한 이래 현재에 이르렀다.양주시립회암사지박물관은 고려 말·조선 초 최대 왕실사찰이었던 회암사의 역사와 위상을 재조명하고, 유물수집·보관·연구·전시·교육기능을 통해 박물관으로써의 역할을 올바르게 수행함은 물론, 대국민서비스를 강화함으로써 보다 발전적인 역사·문화중심기관의 역할을 할 수 있는 전문박물관으로 운영하고자 한다. 아울러 국내·외 기관과의 문화교류 창구로 활용하여 문화예술 도시로서의 이미지를 창출하는데 기여하는 양주시의 대표 박물관으로 운영하고자 한다.","=GOOGLETRANSLATE(A136, ""ko"", ""zh-cn"")"
031-8082-4187,"=GOOGLETRANSLATE(A137, ""ko"", ""zh-cn"")"
충주 활옥동굴,"=GOOGLETRANSLATE(A138, ""ko"", ""zh-cn"")"
충북 충청북도 충주시 목벌안길 26 (목벌동),"=GOOGLETRANSLATE(A139, ""ko"", ""zh-cn"")"
"1922년 일제강점기에 개발된 국내 유일 활석 광산으로 기록상 57㎞, 비공식 87㎞ 에 이르며 지하 수직고는 711m로 동양 최대 규모를 자랑하는 곳이다. 이 가운데 57㎞ 중에서 2.5㎞를 관광지로 개발해 빛 조형물, 공연장, 건강세러피 등을 조성했다. LED 네온과 자연 그대로의 다양한 빛으로 오묘하고 신비로운 분위기를 연출하며, 연중 11~15도의 온도를 유지하고 있기 때문에 여름철 관광지로 인기가 많은 곳이다. 또한 암반수가 고여 만들어진 호수에서 카약을 타고 동굴 내부를 볼 수 있는 체험도 각광을 받고 있다. 1900년 발견되고 일제강점기(1922년)에 개발을 시작한 국내 유일의 백옥·활석·백운석 광산이다. 조선 시대 충주에서 채굴한 활석이 왕실 약재로 사용됐다고 한다. 활석은 지금도 활용도가 높다. 순도가 높은 활석은 화장품 원료와 베이비파우더로, 순도가 낮은 활석은 윤활제와 구두약, 세면도구 등 생활용품으로 쓰인다.","=GOOGLETRANSLATE(A140, ""ko"", ""zh-cn"")"
0507-1447-0517,"=GOOGLETRANSLATE(A141, ""ko"", ""zh-cn"")"
보은 법주사 [유네스코 세계유산],"=GOOGLETRANSLATE(A142, ""ko"", ""zh-cn"")"
충북 충청북도 보은군 속리산면 법주사로 405,"=GOOGLETRANSLATE(A143, ""ko"", ""zh-cn"")"
"부처님의 법이 머문다는 뜻의 법주사는 속리산 자락에 위치하고 있으며 신라 진흥왕 14년(서기 553)에 의신조사가 창건하고 성덕왕과 혜공왕이 중창하였는데 이때부터 대찰의 규모를 갖추기 시작하였다. 고려 홍건적의 침입 때는 공민왕이 안동으로 피난을 왔다가 환궁하는 길에 들르기도 하였고 조선 태조는 즉위하기 전 백일기도를 올리기도 하였으며 병에 걸렸던 세조는 복천암에서 사흘 기도를 올리기도 하였다고 한다. 조선 중기에 이르러서는 60여 동의 건물과 70여 개의 암자를 거느린 대찰로서 위용을 떨치게 되었지만, 임진왜란으로 인해 사찰의 거의 모든 건물이 전소되어 1624년 인조 2년에 이르러 벽암스님에 의해 다시 중창하였고 이후에도 여러 차례 중수를 거친 후 오늘에 이른다. 예전 법주사 가람배치는 대웅보전을 중심으로 하는 화엄신앙축과 용화보전을 중심으로 하는 미륵신앙축이 팔상전에 직각으로 교차하고 있었으나, 1990년 높이가 33미터에 이르는 청동 미륵불을 조성하면서 그 배치가 흩어져 버렸다. 경내에는 대웅보전을 중심으로 용화전, 원통보전, 명부전, 능인전, 조사각, 진영각, 삼성각 등 전각과 종무소를 포함한 10여 채의 요사채들이 남아 있다. 이곳 법주사를 비롯한 속리산 일대에는 보은의 지정 문화재 절반 이상이 몰려 있는데 그중 법주사에는 국보가 3점이나 된다. 또, 천왕문과 사도세자의 어머니 영빈 이 씨의 위패를 모셨던 선희궁 원단, 16 나한을 모시고 있는 능인전, 자기 몸을 태워 부처님께 공양한 희견보살상, 그리고 쌀 80 가마는 너끈히 들어가는 석조와 쇠솥 등이 그것이다. 법주사는 천 년이 넘는 역사를 통한 미륵신앙이 전해져 내려왔던 곳으로써 기도와 예불 수행 등 기초적인 불교문화 체험을 할 수 있도록 템플스테이를 진행하고 있다.팔상전은 5층 목탑으로서 우리나라 목탑 연구에 중요한 자료가 되며, 신라 진흥왕 때에 의신이 세웠고 776년 병진이 중창해 1597년 정유재란 때 소실된 것을 1605년에 재건하여 오늘에 이르고 있다. 벽면에 부처의 일생을 8장면으로 구분하여 그린 팔상도가 그려져 있어 팔상전이라 이름 붙였다. 팔상전은 1984년에 쌍봉사의 대웅전으로 쓰이고 있던 3층 목조탑이 소실됨으로써 한국 목조탑의 유일한 실례가 된 중요한 건축물로 전체높이가 상륜까지 22.7m이며 현존하는 한국의 탑파 중 제일 높은 것이다. 또한 석연지는 8각의 지대석 위에 3단의 굄과 한 층의 복련대를 더하고 그 위에 구름무늬로 장석을 놓아 거대한 석련지를 떠받쳐 마치 연꽃이 구름 위에 둥둥 뜬 듯한 모습을 조식한 걸작품으로 8세기경에 제작된 통일신라시대의 작품으로 보고 있으며, 쌍사자 석등은 신라 석등 중 뛰어난 작품 중의 하나로 그 조성 연대는 성덕왕 19년(720)으로 추정되고 있다. 석등의 간주석을 석사자로 대치한 이 석등은 전형적인 양식에서 벗어난 것으로 8각의 지대석 위에 하대 연화석과 쌍사자 연화대 방석을 모두 하나의 돌에 조각한 것으로 다른 석등에 비해 화사석과 옥개석이 큰 것이 특징이다.","=GOOGLETRANSLATE(A144, ""ko"", ""zh-cn"")"
043-543-3615,"=GOOGLETRANSLATE(A145, ""ko"", ""zh-cn"")"
안반데기,"=GOOGLETRANSLATE(A146, ""ko"", ""zh-cn"")"
강원특별자치도 강릉시 왕산면 안반데기길 428,"=GOOGLETRANSLATE(A147, ""ko"", ""zh-cn"")"
"안반데기는 해발 1,100m 고산지대로, 떡메로 반죽을 칠 때 사용하는 오목하고 넓은 나무 받침인 ‘안반’과 평평한 땅을 뜻하는 ‘데기’에서 이름이 유래되었다. 1965년부터 화전민들이 산을 깎아 개간하며 정착하였고, 경사가 가팔라 기계농이 불가능해 전적으로 사람의 힘으로 밭을 일구었다. 1995년에는 28 가구 남짓의 주민들이 대를 이어 밭을 일구며 땅을 정식으로 매입하여 실질적인 소유주가 되었다. 약 200만㎡에 이르는 이 땅은 척박했던 산지를 풍요로운 고랭지 배추밭으로 탈바꿈시켰다. 단순한 배추밭을 넘어, 안반데기는 인간의 노동이 만든 경관으로 주목받고 있다.","=GOOGLETRANSLATE(A148, ""ko"", ""zh-cn"")"
강릉시 관광정책과 033-640-5125,"=GOOGLETRANSLATE(A149, ""ko"", ""zh-cn"")"
제이드가든,"=GOOGLETRANSLATE(A150, ""ko"", ""zh-cn"")"
강원특별자치도 춘천시 남산면 햇골길 80 제이드가든수목원,"=GOOGLETRANSLATE(A151, ""ko"", ""zh-cn"")"
"‘숲 속에서 만나는 작은 유럽’이라는 테마로 꾸민 이국적인 수목원으로 약 16만 3500㎡ 부지에 자연 지형을 가능한 원형대로 유지한 채로 24개의 테마 정원을 조성했다. 수목원 입구의 이탈리아 토스카나 풍 방문객 센터, 영국풍 화단으로 꾸민 영국식 보더가든, 이탈리아풍 정원 양식과 수로를 갖춘 이탈리안 웨딩 가든 등 곳곳에서 유럽 감성이 느껴진다.수목원을 돌아보는 산책로는 크게 나무내음길, 숲 속바람길로 나눠진다. 중심부의 나무내음길은 바닥에 우드 칩이 깔려있고 테마 정원 곳곳으로의 접근성이 좋다. 숲 속바람길은 나무가 무성하고 시원해서 여름철에 걷기 좋다. 각 코스는 편도 40~60분 정도 소요되며 중간중간 서로 연결된다.모든 코스는 매표소에서 시작해 가장 꼭대기의 가드너스 코티지나 스카이가든에서 끝난다. 산책 중 만날 수 있는 카페 허니비 코티지를 비롯해, 스튜디오제이드(Gift shop) 등의 편의시설을 갖췄다. 시기별로 야간 개장을 시행하며 경춘선 굴봉산역과 수목원을 오가는 셔틀버스를 운행한다.","=GOOGLETRANSLATE(A152, ""ko"", ""zh-cn"")"
033-260-8300,"=GOOGLETRANSLATE(A153, ""ko"", ""zh-cn"")"
달성공원,"=GOOGLETRANSLATE(A154, ""ko"", ""zh-cn"")"
대구광역시 중구 달성공원로 35 (달성동),"=GOOGLETRANSLATE(A155, ""ko"", ""zh-cn"")"
"대구에서 가장 오래된 도심 공원인 달성공원은 역사의 흔적을 품고 있다. 원래 대구의 옛 부족국가였던 달구벌의 토성 달성은 우리나라 성곽 발달 사상 가장 이른 시기에 축성된 성곽으로 달성공원이라는 이름도 바로 그 토성에서 유래한다. 달성공원은 도시 중심부에 위치하고 있어 교통이 편리하고, 공원 내에 사적지가 있어 어린이와 청소년의 산 교육장으로 이용되고 있다. 또한, 희귀 거수목과 조경수가 조화되어 있고, 사슴과 타조, 물개, 호랑이 등을 관람할 수 있는 동물원이 있어 가족 여행객에게 인기가 있다. 곳곳에 벤치와 휴식 공간이 많으며 공원 둘레는 한 바퀴 도는 오솔길이 조성되어 있어 천천히 산책하며 쉬어가기 좋다.","=GOOGLETRANSLATE(A156, ""ko"", ""zh-cn"")"
053-803-7350,"=GOOGLETRANSLATE(A157, ""ko"", ""zh-cn"")"
제주절물자연휴양림,"=GOOGLETRANSLATE(A158, ""ko"", ""zh-cn"")"
제주특별자치도 제주시 명림로 584,"=GOOGLETRANSLATE(A159, ""ko"", ""zh-cn"")"
"제주절물자연휴양림은 삼나무가 주종을 이루는 힐링명소이다. 절물은 근처에 약효가 좋은 물이 난다고 하여 유래된 이름이며, 이전에 가뭄 때도 물이 마르지 않아 주민들이 식수로 이용했다고 할 정도로 수량이 풍부하다. 특히 신경통과 위장병에 특효가 있다고 하며, 제주도와 제주시에서 정기적으로 수질 검사를 진행하고 있다. 휴양림에 주 수종을 이루고 있는 삼나무는 60년대 중반부터 잡목을 제거하고 식재한 것이다. 삼나무 우량조림지는 자연휴양림으로 개발되면서 전국에서 가장 많은 사람이 방문하는 유명한 산림 휴식공간을 제공하고 있다. 휴양림 내에는 산책로, 약수터, 폭포, 연못, 잔디광장, 목공예체험장, 운동시설, 어린이 놀이시설, 숙박시설 등 다양한 시설이 갖추어져 있어 편안한 한 때를 보낼 수 있으며, 산책로는 비교적 완만하고 경사가 낮고 계단이 없어 노약자나 어린이, 장애인도 편하게 이용할 수 있다. 또 휴양림 내에는 다양한 동식물이 서식하고 있다. 휴양림 근처에는 기생화산인 절물오름이 있으며, 이곳 정상에는 전망대가 있어 말발굽형 분화구를 볼 수 있다. 날씨가 좋은 날이면 동쪽으로 성산일출봉이, 서쪽으로는 제주에서 제일 큰 하천인 무수천이, 북쪽으로는 제주시를 한눈에 조망할 수 있다.","=GOOGLETRANSLATE(A160, ""ko"", ""zh-cn"")"
064-728-1510,"=GOOGLETRANSLATE(A161, ""ko"", ""zh-cn"")"
"이천 테르메덴이 표방하는 독일식 온천시설은 단순히 목욕 중심으로 짜여있는 일본식과 달리 평균 30만 평방미터(90,750평) 이상의 광활한 부지에 울창한 숲에 둘러싸인 자연공원이 있어, 삼림욕을 할 수 있고, 수영도 할 수 있을만한 넓은 바데풀이 있고, 온천장 이외에 각종 스포츠 시설, 오락관, 문화관 그리고 각종 부대시설 등이 고루 갖추어져 있다. 온천욕 방법에 있어서 종래의 온천은 탕에 들어가 앉았다 나오는 일본식이 대부분이었으나 독일식 유럽풍의 온천은 바데풀 안에 장치된 워터제트 분사에 의해서 신체 각 부분에 자극을 주어 안마의 효과를 내는 동시에 피부의 활성화를 돕는다. 그리고 120㎝ 수심과 직경 30m의 방대한 바데풀 안에서 물줄기가 흐르는 유수풀과 순환하는 물속에서 보행은 물론 수영을 하면서 끊임없이 운동을 할 수 있다. 테르메덴은 이러한 독일식 온천의 구현을 목표로 총 429,754m²(13만 평)의 부지에 16,529m²(5,000여 평) 규모의 온천스파를 시작으로 해서 향후 호텔 콘도, 수목원, 골프연습장, 승마장 등을 갖춘 종합리조트이다.","=GOOGLETRANSLATE(A162, ""ko"", ""zh-cn"")"
이용 시즌·기간에 따라 이용 요금 상이하므로 홈페이지 참조,"=GOOGLETRANSLATE(A163, ""ko"", ""zh-cn"")"
풀＆스파 문의 031-645-2000 숙박 문의 031-645-2001,"=GOOGLETRANSLATE(A164, ""ko"", ""zh-cn"")"
잠실야구장,"=GOOGLETRANSLATE(A165, ""ko"", ""zh-cn"")"
잠실종합운동장잠실야구장,"=GOOGLETRANSLATE(A166, ""ko"", ""zh-cn"")"
서울특별시 송파구 올림픽로 19-2 (잠실동),"=GOOGLETRANSLATE(A167, ""ko"", ""zh-cn"")"
"1982년 개장한 잠실야구장은 수용 인원이 5만 명으로, 야구 경기가 열리는 시즌에는 하루 평균 2만여 명의 관람객이 입장하는 한국의 대표 야구장이다. 현재 LG 트윈스와 두산 베어스의 홈구장이다. 한국시리즈 5,6,7차전이 열리기도 한다. 프로야구 시즌 기간에는 잠실야구경기장의 야간 조명이 한강변과 올림픽대로를 환하게 밝혀 야간 경기를 관람하는 관람객들에게 색다른 즐거움을 선사한다. 2호선 종합운동장역 5, 6번 출구에 있다.","=GOOGLETRANSLATE(A168, ""ko"", ""zh-cn"")"
경기별 상이,"=GOOGLETRANSLATE(A169, ""ko"", ""zh-cn"")"
02-2202-3834,"=GOOGLETRANSLATE(A170, ""ko"", ""zh-cn"")"
온양 온천 랜드,"=GOOGLETRANSLATE(A171, ""ko"", ""zh-cn"")"
충남 충청남도 아산시 삼동로28번길 46 (모종동),"=GOOGLETRANSLATE(A172, ""ko"", ""zh-cn"")"
"온양온천랜드는 아산(온양) 시내에 위치한 종합 온천워터파크이다. 온양온천은 국내에서 가장 오래된 온천으로 백제, 통일신라시대를 거쳐 그 역사가 약 1,300년이 되는 것으로 기록되어 있다. 조선시대에는 세종대왕뿐만 아니라 세조, 숙종, 영조, 정조 등 여러 임금이 휴양이나 병의 치료차 머물던 곳이기도 하다. 온양온천랜드에는 온천탕(사우나), 찜질방, 어린이온천(키즈워터파크), 헬스장이 마련되어 있어 남녀노소 누구나 온양온천수를 즐길 수 있다. 이곳에서는 천연알칼리온천수(PH 8.42)를 일체의 가공 없이 시설 내 전체 업장에 공급하여 사용하고 있다. 온양온천은 국내 최고의 수질을 자랑하는 전통적인 온천 명소로 다양한 부대시설이 있어 휴식과 힐링을 하기 좋은 곳이기도 하다. 온양온천랜드는 국도 21호선, 45호선에서 온천대로, 충무로, 문화로 등을 통해 방문할 수 있으며, 고속도로는 아산천안고속도로 아산현충사 IC가 가깝다. 그리고 대중교통은 장항선 철도 및 수도권전철 1호선 온양온천역을 이용할 수 있다.","=GOOGLETRANSLATE(A173, ""ko"", ""zh-cn"")"
041-541-3700,"=GOOGLETRANSLATE(A174, ""ko"", ""zh-cn"")"
대포주상절리,"=GOOGLETRANSLATE(A175, ""ko"", ""zh-cn"")"
제주특별자치도 서귀포시 이어도로 36-24 (중문동),"=GOOGLETRANSLATE(A176, ""ko"", ""zh-cn"")"
"막혔던 가슴이 탁트이도록 시원스레 부서지는 파도, 신이 다듬은 듯 정교하게 겹겹이 쌓은 검붉은 육모꼴의 돌기둥이 병풍처럼 둘러쳐져 있는 중문관광단지 동부지역 해안가의 주상절리대는 자연의 위대함과 절묘함을 동시에 느낄 수 있는 천혜의 관광자원으로, 제주도 지정문화재 기념물이다. 아득한 옛날 지각변동으로 인해 이루어진 주상절리대를 보고 있으면 새하얗게 부서지는 포말 속에 석수장이의 애달픈 사연이라도 금새 실려오는 듯하다. 파도가 심하게 일 때는 높이 20m 이상 용솟음치는 장관을 연출한다. 천혜의 절경으로 인해 테마여행지로 각광받고 있는 명소다.주상절리(柱狀節理, columnar jointing)란 주로 현무암질 용암류에 나타나는 기둥모양의 수직절리로서 다각형(보통은 4∼6각형)이며, 두꺼운 용암(약 섭씨 1100도)이 화구로부터 흘러나와 급격히 식으면서 발생하는 수축작용의 결과로서 형성된다고 하는데 이곳의 주상절리는 높이가 30~40m, 폭이 약 1km 정도로 우리나라 최대 규모이다.","=GOOGLETRANSLATE(A177, ""ko"", ""zh-cn"")"
064-738-1521,"=GOOGLETRANSLATE(A178, ""ko"", ""zh-cn"")"
신세계백화점 본점,"=GOOGLETRANSLATE(A179, ""ko"", ""zh-cn"")"
서울특별시 중구 소공로 63 (충무로1가),"=GOOGLETRANSLATE(A180, ""ko"", ""zh-cn"")"
"신세계백화점은 1960년대 초반 근대 백화점의 개념을 처음 도입하고 최초의 직영 체제를 확립했다. 신세계백화점 본점은 신세계의 전통과 가치를 대변하는 상징적인 장소이다. 국내 최초의 백화점 미쓰코시 경성지점이 있던 자리로 고풍스러운 옛 건축물에서 긴 역사가 느껴진다. 지난 2007년 리모델링 공사를 거쳐 현재는 문화 공간을 표방한 명품관으로 자리하고 있다. 새로 개관한 본점은 세계 3대 명품인 에르메스, 샤넬, 루이뷔통을 비롯해 신세계가 단독으로 선보이는 조르지오 아르마니 블랙라벨, 데님마니아, 슈즈홀릭 등 쇼핑의 품격을 높이는 브랜드를 만나볼 수 있는 공간이며 차별화된 쇼핑 서비스를 위해 5층에는 편집 매장 분더숍&컴퍼니를 운영한다. 우리나라 편집 매장으로는 원조라 할 수 있는 분더숍을 젊은 브랜드와 신진 디자이너의 제품으로 업그레이드했다. 본점은 쇼핑과 문화가 어우러진 공간을 제공하고 있다. 6층 트리니티 가든은 세계적 거장들의 예술 작품이 전시된 조각 공원으로 유명하다. 알렉산더 칼더, 호안 미로, 영국 조각의 아버지 헨리 무어 등 유명 작가들의 작품이 전시되어 있다. 조각품들 사이로는 물이 흐르고 곳곳에 벤치가 놓여 있어 쇼핑 후 예술 작품을 감상하며 휴식을 취할 수 있다. 전통과 현대의 미학이 조화를 이룬 작품들을 통해 쇼핑 공간을 넘어 휴식과 감동을 제공하는 문화 공간이 되고자 노력하고 있다.","=GOOGLETRANSLATE(A181, ""ko"", ""zh-cn"")"
한반도지형(강원고생대 국가지질공원),"=GOOGLETRANSLATE(A182, ""ko"", ""zh-cn"")"
한반도지형 강원고생대 국가지질공원,"=GOOGLETRANSLATE(A183, ""ko"", ""zh-cn"")"
강원특별자치도 영월군 한반도면 한반도로 555,"=GOOGLETRANSLATE(A184, ""ko"", ""zh-cn"")"
"한반도를 빼닮아 붙여진 이름으로 한반도 지형을 감싸고 흐르는 감입곡류하천의 침식작용에 의해 생겨났다. 이곳에서는 이 지역에서 관찰되는 석회암, 감입곡류하는 서강, 한반도 지형이 만들어진 과정, 돌리네, 석회암의 쓰임새 등을 볼 수 있다.(출처 : 강원고생대 국가지질공원)","=GOOGLETRANSLATE(A185, ""ko"", ""zh-cn"")"
고생대국가지질공원 033-560-2379 한반도면사무소 033-372-6001,"=GOOGLETRANSLATE(A186, ""ko"", ""zh-cn"")"
스플라스 리솜,"=GOOGLETRANSLATE(A187, ""ko"", ""zh-cn"")"
충남 충청남도 예산군 덕산면 온천단지3로 45-7 (덕산면),"=GOOGLETRANSLATE(A188, ""ko"", ""zh-cn"")"
"스플라스 리솜은 약 600년의 오랜 역사를 간직한 용출온도 49.6도에 달하는 덕산 온천수로 워터파크, 스파, 리조트까지 한 번에 즐기는 복합 휴식공간이다. 정부가 지정한 보양온천의 온천수가 워터파크 내 15개의 야외 노천탕, 워터 슬라이드, 바데풀 등 모든 물놀이 시설뿐만 아니라 406개의 전 객실에 공급되어 스플라스에서는 사계절 언제나 온천수를 즐길 수 있다. 특히 이곳의 온천수에는 규소, 칼슘, 마그네슘 등 다양한 미네랄 성분과 함께 다량의 실리카 성분이 함유돼 있어 피부미용 및 노화방지, 혈관강화, 면역력 증가, 관절염 통증완화 등에 도움이 된다. 뿐만 아니라 라라골프클럽, 마이리틀스플라스, 미니카랜드 등 다양한 즐길거리가 가득하다. 리조트 객실은 6개 타입의 평형으로 구성되어 친구, 연인, 가족 등 다양한 고객층이 적합한 공간에서 편하게 머물 수 있다.","=GOOGLETRANSLATE(A189, ""ko"", ""zh-cn"")"
041-330-8000,"=GOOGLETRANSLATE(A190, ""ko"", ""zh-cn"")"
스타필드 수원,"=GOOGLETRANSLATE(A191, ""ko"", ""zh-cn"")"
경기도 수원시 장안구 수성로 175 (정자동),"=GOOGLETRANSLATE(A192, ""ko"", ""zh-cn"")"
"스타필드 중 5번째로 개장한 스타필드 수원은 플래그십 스토어, 열린 문화공간 별마당 도서관, 약 80개의 다양한 점포들로 이루어져 있는 8층 규모의 복합쇼핑몰센터다. 스타필드 수원 한 곳에서 식음료와 문화생활까지 모두 즐길 수 있다는 점에서 많은 사람들이 찾고 있는 곳이다. 대형마트, 레스토랑과 카페, 뷰티, 패션의류, 라이프스타일 등 다양한 카테고리의 점포가 줄을 지어있다. 엄선한 플래그십 스토어와 팝업스토어에 엔터테인먼트를 결합한 복합 공간을 선보여 직접 보고, 듣고, 만지며 브랜드 아이덴티티를 느끼는 비일상적인 경험을 선사한다.","=GOOGLETRANSLATE(A193, ""ko"", ""zh-cn"")"
1833-9001,"=GOOGLETRANSLATE(A194, ""ko"", ""zh-cn"")"
광주광역시 북구 첨단과기로 235 (오룡동),"=GOOGLETRANSLATE(A195, ""ko"", ""zh-cn"")"
"국립광주과학관은 광주광역시 북구에 위치한 호남권 과학문화 확산 중심기관이다. 빛‧소리‧우주‧과학과 예술의 융합을 주제로 한 본관 상설전시관과 어린이과학관 및 인공지능관을 상시 운영하고 있다. 이 외에도 과학과 관련된 다양한 주제의 특별전을 연중 개최하고, 생활 속에서 과학을 놀이처럼 즐길 수 있는 과학문화행사도 계기별로 운영된다. 국립광주과학관은 학생들이 학교에서 배운 과학 원리를 바탕으로 다양한 실험과 체험활동을 통해 자연스럽게 과학원리를 배울 수 있는 교육프로그램도 운영 중이며, 다양한 성인 대상프로그램을 통해 남녀노소 누구나 과학을 즐길 수 있는 학습의 장이자 여가를 즐기기 위한 휴식의 공간이다.","=GOOGLETRANSLATE(A196, ""ko"", ""zh-cn"")"
062-960-6210,"=GOOGLETRANSLATE(A197, ""ko"", ""zh-cn"")"
경주 문무대왕릉,"=GOOGLETRANSLATE(A198, ""ko"", ""zh-cn"")"
경북 경상북도 경주시 문무대왕면 봉길리 30-1,"=GOOGLETRANSLATE(A199, ""ko"", ""zh-cn"")"
"신라 제30대 문무왕(재위 661~681)의 수중 왕릉으로 신라인들의 창의적인 생각을 엿볼 수 있는 곳이다. 동해 봉길리 앞바다에서 200m 떨어진 곳에 있으며, 해수면 위로 동서 35m, 남북 36m, 높이 5.3m 정도 노출되어 있다. 문무왕은 아버지인 태종 무열왕의 업적을 이어받아 고구려를 멸망시키고, 당의 침략을 막아 삼국통일을 이루었다. 또한 병부, 창부 등 중앙관청을 창설하였고, 지방통치를 위한 5 소경제도와 9 서당 10 정의 군사제도의 기틀을 마련하는 등 국가 체제 완성의 기초를 제공하였다. 삼국통일을 이룬 문무왕이 자신이 용이 되어 침입해 들어오는 왜구를 막겠다며, 자신의 시신을 불교식으로 화장하고 유골을 동해에 묻어 달라고 한 유언을 따라서 장사한 것이다.이 바위를 대왕암 또는 대왕바위라 하며, 바닷속 왕릉은 세계적으로 유례가 없다. 대왕암은 자연 바위를 이용하여 만든 것으로 바위섬에 동서와 남북으로 십자 모양의 인공수로를 만든 다음, 가운데 작은 못처럼 파서 항을 이루고 있다. 이곳에 3.7m, 폭 2.06m, 두께 0.9m의 넓적한 거북모양의 돌을 물속 2m 깊이에 놓아 그 밑에 유골을 모신 것으로 추측되고 있다. 그의 아들 신문왕은 동해 근처에 감은사를 세워 법당아래 동해를 향한 배수로를 만들어 용이 된 문무왕이 왕래할 수 있도록 설계하였다.","=GOOGLETRANSLATE(A200, ""ko"", ""zh-cn"")"
문무대왕면 산업팀 054-779-8166,"=GOOGLETRANSLATE(A201, ""ko"", ""zh-cn"")"
백길해변,"=GOOGLETRANSLATE(A202, ""ko"", ""zh-cn"")"
전남 전라남도 신안군 자은면 유각리,"=GOOGLETRANSLATE(A203, ""ko"", ""zh-cn"")"
"백길해변의 광활한 모래밭에 서면 여기가 과연 우리나라인가 싶을 정도로 이국적이면서도 아름다운 바다가 펼쳐진다. 목포항에서 41.3㎞ 떨어진 자은도의 남서쪽 해안에 위치한 백길해수욕장은 3㎞가 넘는 광활한 해안선을 따라 고운 모래사장이 끝없이 펼쳐지며, 경사가 완만하고 수심이 얕아 가도 가도 끝없는 모래밭이다. 백사장 길이는 900m, 폭은 70m(간조시 300m)이고, 특히 모래결이 곱고 송림이 울창하며, 주변에는 갯바위낚시터가 많다.해수욕장 인근의 폐염전에 자리한 양식장에서는 농어, 숭어, 대하 등의 고급 어종을 양식한다. 백길해수욕장뿐만 아니라 자은도에는 사월포를 비롯하여 분계, 면전, 신성, 양산, 내치, 대섬, 둔장 등 9개의 아름다운 모래사장이 있어 여름휴양지로 최적의 조건을 갖춘 섬이다. 예전에는 뱃길이 멀어 사람들의 발길이 뜸했는데 암태도와 자은도 사이에 은암대교가 개통되고 압해대교 개통 후 압해 송공선착장에서 여객선이 운항하면서 많은 피서객들의 발길이 끊이지 않고 있으며, 이 연도교 위에서 바라보는 낙조가 또한 일품이다.","=GOOGLETRANSLATE(A204, ""ko"", ""zh-cn"")"
061-240-3717,"=GOOGLETRANSLATE(A205, ""ko"", ""zh-cn"")"
용두암,"=GOOGLETRANSLATE(A206, ""ko"", ""zh-cn"")"
제주특별자치도 제주시 용두암길 15 (용담이동),"=GOOGLETRANSLATE(A207, ""ko"", ""zh-cn"")"
"제주공항 인근의 북쪽 바닷가에 있는 용두암은 오랜 세월에 걸쳐 파도와 바람에 씻겨 빚어진 모양이 용의 머리와 닮았다 하여 용두암이라 불린다. 전설에 의하면 용 한 마리가 한라산 신령의 옥구슬을 훔쳐 달아나자 화가 난 한라산 신령이 활을 쏘아 용을 바닷가에 떨어뜨려 몸은 바닷물에 잠기게 하고 머리는 하늘로 향하게 하여 그대로 굳게 했다고 전해진다. 또 다른 전설은 용이 되어 하늘로 올라가는 것이 소원이던 한 마리의 백마가 장수의 손에 잡힌 후, 그 자리에서 바위로 굳어졌다는 전설이 있다.용두암에서 도두항까지 이어지는 용담-도두 해안도로에는 다양한 카페와 맛집이 있어 눈과 입이 즐거운 드라이브도 즐길 수 있다. 제주의 명물로 떠오른 카페촌에서 차를 한잔하고 바닷길을 따라가다 보면 이호 해수욕장과 하귀해변, 애월읍으로 이어진다. 애월읍에서 용두암에 이르는 북제주의 해안도로는 제주 사람들이 가장 많이 찾는 데이트코스이다.","=GOOGLETRANSLATE(A208, ""ko"", ""zh-cn"")"
제주시 관광정보센터 064-740-6000,"=GOOGLETRANSLATE(A209, ""ko"", ""zh-cn"")"
보령 천북굴단지,"=GOOGLETRANSLATE(A210, ""ko"", ""zh-cn"")"
충남 충청남도 보령시 천북면 장은리,"=GOOGLETRANSLATE(A211, ""ko"", ""zh-cn"")"
"천북 굴 단지는 보령의 최북단 홍성 방조제 인근에 있는 굴 전문점 집약 단지이다. 천북 굴은 보령 8미 중 하나다. 천북 굴 단지에는 굴 전문 음식점들이 천수만 바다를 따라 길게 늘어서 있다. 굴은 지방이 적고 미네랄이 풍부해 영양과 맛이 우수하다. 굴은 8월까지의 산란기를 끝내고 가을에 살이 차기 시작해 겨울이 되면 최적의 상태가 된다. 굴은 11월에서 2월까지 잡히는 것을 최상품으로 치며 매년 겨울 중에 이곳 장은리 굴단지 일원에서 '천북 굴 축제'를 연다. 천북 굴 단지에서는 굴 구이와 굴회, 굴밥 등 굴을 이용한 다양한 요리를 맛볼 수 있으며, 특히 축제 기간에는 관광객을 위한 볼거리와 즐길 거리 등 이벤트가 마련되어 있다. 천북 굴 단지는 국도 40호선에서 홍보를 통해 접근할 수 있으며, 서해안고속도로 광천 IC가 가깝다. 주변에는 천수만, 홍성 보령 방조제, 홍성호 외에 수룡항 포구, 남당항 등이 있다.","=GOOGLETRANSLATE(A212, ""ko"", ""zh-cn"")"
천북면사무소 041-930-0804,"=GOOGLETRANSLATE(A213, ""ko"", ""zh-cn"")"
평택호관광단지,"=GOOGLETRANSLATE(A214, ""ko"", ""zh-cn"")"
경기도 평택시 현덕면 평택호길 159,"=GOOGLETRANSLATE(A215, ""ko"", ""zh-cn"")"
"평택호 관광단지는 평택호 주변의 아름다운 경관을 활용하여 다양한 볼거리, 문화공간, 편의시설이 조성된 평택의 대표 관광지다. 단지 내에 평택호예술회관, 모래톱공원, 한국소리터, 뱃머리전망대, 평택민요보존회 등의 시설이 조성되어 있다. 자연과 여가를 동시에 만끽할 수 있는 최적의 관광지로, 지역 주민뿐만 아니라 외부 관광객들에게도 인기 있는 명소로 꼽히고 있다.","=GOOGLETRANSLATE(A216, ""ko"", ""zh-cn"")"
031-8024-8687,"=GOOGLETRANSLATE(A217, ""ko"", ""zh-cn"")"
장항 스카이워크 (기벌포 해전 전망대),"=GOOGLETRANSLATE(A218, ""ko"", ""zh-cn"")"
장항 스카이워크 기벌포 해전 전망대,"=GOOGLETRANSLATE(A219, ""ko"", ""zh-cn"")"
충남 충청남도 서천군 장항산단로34번길 122-16,"=GOOGLETRANSLATE(A220, ""ko"", ""zh-cn"")"
"아름다운 솔숲과 갯벌을 자랑하는 장항송림산림욕장에 위치한 높이 15m, 길이 250m의 스카이워크이다. 해양생물자원관과 연계하여 관람할 수 있으며, 해송 숲 위, 탁 트인 하늘과 바다를 걷는 듯한 시원하고 아찔한 재미를 느낄 수 있다. 스카이워크 끝에는 전망데크가 있어 아름다운 전망을 즐길 수 있다.","=GOOGLETRANSLATE(A221, ""ko"", ""zh-cn"")"
041-956-5505,"=GOOGLETRANSLATE(A222, ""ko"", ""zh-cn"")"
돌산공원,"=GOOGLETRANSLATE(A223, ""ko"", ""zh-cn"")"
전남 전라남도 여수시 돌산읍 우두리 산 1,"=GOOGLETRANSLATE(A224, ""ko"", ""zh-cn"")"
"돌산공원은 여수 시내에서 돌산대교를 건너 돌산도로 들어가자마자 만날 수 있는 공원이다. 87,000여평의 부지에 1987년 조성되었다. 공원에는 2004년 SBS 아침드라마 ‘선택’ 세트 촬영장이 설치되어 많은 관광객들이 관람하고 있으며, 세트장의 일부를 전통찻집으로 개조하여 돌산대교를 바라보며 차를 마시는 풍경이 아름답다. 공원의 뷰포인트에서 바라보는 돌산대교 머리위로 지는 해넘이와 돌산대교 야경, 그리고 여수시 중앙동과 종화동을 아우르는 해양공원의 야경, 장군도 야경 등을 바라보는 경치 또한 장관이다. 공원의 중앙부지에는 1994년 삼여통합과 관련된 각종자료가 타임캡슐 안에 보관되어 100년 후인 2098년 4월 1일에 개봉될 예정이다.","=GOOGLETRANSLATE(A225, ""ko"", ""zh-cn"")"
061-659-4628,"=GOOGLETRANSLATE(A226, ""ko"", ""zh-cn"")"
수원 화성 [유네스코 세계유산],"=GOOGLETRANSLATE(A227, ""ko"", ""zh-cn"")"
"수원화성은 조선 제22대 정조대왕이 장헌세자에 대한 효심으로 부친의 원침을 수원 화산으로 옮긴 후 1796년 9월 완공된 성이다. 수원화성은 조선왕조 제22대 정조대왕이 세자에 책봉되었으나 당쟁에 휘말려 왕위에 오르지 못하고 뒤주 속에서 생을 마감한 아버지 사도세자의 원침을 양주 배봉산에서 조선 최대의 명당인 수원 화산으로 천봉하고 화산 부근에 있던 읍치를 수원 팔달산 아래 지금의 위치로 옮기면서 축성되었다. 정조의 효심이 축성의 근본이 되었을 뿐만 아니라 당쟁에 의한 당파정치 근절과 강력한 왕도정치의 실현을 위한 원대한 정치적 포부가 담긴 정치구상의 중심지로 지어진 것이며 수도 남쪽의 국방요새로 활용하기 위한 것이었다. 수원화성은 중국, 일본 등지에서 찾아볼 수 없는 평산성의 형태로 군사적 방어기능과 상업적 기능을 함께 보유하고 있으며 시설의 기능이 가장 과학적이고 합리적이며, 실용적인 구조로 되어 있는 동양 성곽의 백미라 할 수 있다.(출처 : 수원문화재단 홈페이지)","=GOOGLETRANSLATE(A228, ""ko"", ""zh-cn"")"
수원문화재단 031-290-3600,"=GOOGLETRANSLATE(A229, ""ko"", ""zh-cn"")"
"단양장 (1, 6일)","=GOOGLETRANSLATE(A230, ""ko"", ""zh-cn"")"
"단양장 1, 6일","=GOOGLETRANSLATE(A231, ""ko"", ""zh-cn"")"
충북 충청북도 단양군 단양읍 도전5길 31,"=GOOGLETRANSLATE(A232, ""ko"", ""zh-cn"")"
"단양군에는 단양장, 영춘장, 매포장 등의 5일장이 서는데 그중 가장 큰 장이 바로 단양장이다. 단양장은 충청북도 단양군에서 가장 규모가 큰 재래시장으로 매달 1일과 6일에 5일장을 연다. 어느 장터에서나 각종 농·수산물, 생활필수품, 공산품 등이 장사진을 이루지만, 시골 노인들이 손수 기른 채소나 콩, 소백산에서 채취한 산나물이 고향의 향수를 느끼게 해 주고, 큰 백화점이나 마트에서 볼 수 없는 옛날 생활용품(참빛, 빗자루, 망태기 등)들을 구경할 수 있다. 특히 직접 달인 마늘기름을 넣어 소를 반죽한 마늘만두가 인기다. ◎ 한류의 매력을 만나는 여행 정보 엔하이픈이 자체 콘텐츠 에서 단양에 도착해 가장 먼저 찾아간 시장이다. 선우가 택시에서부터 기대했던 흑마늘닭강정을 비롯해 부각, 부침개와 막걸리, 능이오리백숙 등 단양에서 맛볼 수 있는 먹거리가 가득하다.","=GOOGLETRANSLATE(A233, ""ko"", ""zh-cn"")"
043-422-1706,"=GOOGLETRANSLATE(A234, ""ko"", ""zh-cn"")"
구례 섬진강 벚꽃길,"=GOOGLETRANSLATE(A235, ""ko"", ""zh-cn"")"
전남 전라남도 구례군 문척면,"=GOOGLETRANSLATE(A236, ""ko"", ""zh-cn"")"
이른 봄 노란 산수유 꽃이 시들어지는 무렵 청정 하천인 섬진강변과 어울리는 하얀 벚꽃이 만발하는 곳이다. 섬진강변 벚꽃 축제가 열리는 이곳은 지난 1992년부터 조성되어 곡성에서 하동까지 연결되는 국도 17호선과 19호선을 따라 온통 하얀 벚꽃이 강변을 따라 만발해 있어 봄의 향기를 느끼면서 멋진 드라이브를 경험할 수 있고 최적의 마라톤 코스로도 각광을 받고 있다. 또한 매년 3월 구례 300리 벚꽃축제가 열리는 꽃 명소이다.,"=GOOGLETRANSLATE(A237, ""ko"", ""zh-cn"")"
구례군관광안내소 061-780-2441,"=GOOGLETRANSLATE(A238, ""ko"", ""zh-cn"")"
주문진수산시장,"=GOOGLETRANSLATE(A239, ""ko"", ""zh-cn"")"
강원특별자치도 강릉시 주문진읍 시장길 38,"=GOOGLETRANSLATE(A240, ""ko"", ""zh-cn"")"
"강원도 강릉시에 위치한 주문진수산시장은 오징어잡이로 유명한 주문진항을 끼고 1936년부터 형성된 재래시장이다. 이 시장은 종합시장, 건어물시장, 회센터 등을 포함한 다양한 형태의 상가와 연계되어 있으며, 동해안의 어시장이자 국내외 관광객이 많이 찾는 전통시장이다. 동해안에서 갓 잡은 오징어를 비롯해 고등어, 명태, 꽁치, 게 등 신선한 수산물과 다양한 건어물을 취급하고 있으며, 시중가보다 저렴한 가격에 구입할 수 있다. 또한 동해의 정취가 묻어나는 싱싱한 회를 즉석에서 맛볼 수 있는 점도 큰 매력이다.","=GOOGLETRANSLATE(A241, ""ko"", ""zh-cn"")"
033-661-7302,"=GOOGLETRANSLATE(A242, ""ko"", ""zh-cn"")"
월드컵공원,"=GOOGLETRANSLATE(A243, ""ko"", ""zh-cn"")"
서울특별시 마포구 월드컵로 243-60 (성산동),"=GOOGLETRANSLATE(A244, ""ko"", ""zh-cn"")"
"월드컵공원은 아름다운 섬 난지도 80여 만평에 1978년부터 1993년까지 15년간 서울시 쓰레기로 만들어진 2개의 거대한 산과 넓은 면적의 평매립지를 2002 월드컵 개최와 새 천년을 기념하기 위하여 난지도 쓰레기매립장을 안정화 및 공원화하였다. 270만㎡의 면적을 대규모 환경·생태공원으로 조성하면서 서울 시민들의 사랑받는 월드컵 공원으로 거듭났다. 대표 공원인 평화의 공원을 비롯하여, 하늘공원, 노을공원, 난지천공원, 난지한강공원의 5개 테마공원으로 조성되었다.월드컵 경기장 앞 135,000평에 조성된 평화의 공원은 21세기 최초의 월드컵경기를 기념하며, 한국과 서울의 이미지를 제고할 수 있는 현대적이고 품격 높은 열린 광장이다. 월드컵 경기장의 앞마당으로서의 역할과 서울 서북부 지역의 중심공원으로 조성되었다. 월드컵공원 전체를 대표하는 공원으로서 자연과 인간의 공존과 공생을 추구하고 ‘평화’를 기원하는 공간이다. 현재 월드컵 공원에는 92종 73만 3000그루의 나무가 공원을 가득 메우고 있으며, 난지연못과 난지천 등이 더해져 아름다운 자연경관을 이루고 있다. 난지도의 역사와 변천에 대한 전반적인 모습을 볼 수 있는 월드컵공원 전시관과 수종 동식물과 다양한 새들을 볼 수 있는 난지 연못은 공원의 명소라고 할 수 있다. 이제는 축구 경기가 없는 날에도 자연스레 시민들의 가벼운 발걸음이 이어지고, 다양한 학습 프로그램과 행사를 기획해 교육 생태공원의 역할도 하고 있다. 세계인들이 탐내는 환경생태 에너지 테마 공원으로 발돋움한 것이다.","=GOOGLETRANSLATE(A245, ""ko"", ""zh-cn"")"
02-300-5500,"=GOOGLETRANSLATE(A246, ""ko"", ""zh-cn"")"
파라다이스 스파 도고,"=GOOGLETRANSLATE(A247, ""ko"", ""zh-cn"")"
충남 충청남도 아산시 도고면 도고온천로 176,"=GOOGLETRANSLATE(A248, ""ko"", ""zh-cn"")"
"보양온천으로 지정된 ‘파라다이스 스파 도고(Paradise Spa DOGO)’는 파라다이스 그룹이 온천의 고장 충남 아산에 문을 연 대형 휴양 시설이다. 이곳은 행정안전부가 심사하고 승인하는 국민보양온천에 충청도 1호로 지정되었다. 총 24,622㎡ 규모에 최대 5,000여 명을 수용할 수 있는 곳으로, 수치료를 겸하는 바데풀, 사계절 따뜻한 유황온천수에서 사우나를 즐길 수 있는 온천 대욕장과 다양한 물놀이 시설을 갖추고 있다. 특히, 계절별 다양한 테마로 이루어지는 야외 이벤트 스파도 인기이다. 겨울철에는 건강을 위한 오가피탕, 생강탕, 귤껍질을 이용한 탕 등을 운영한다.","=GOOGLETRANSLATE(A249, ""ko"", ""zh-cn"")"
※ 시즌마다 이용요금이 상이하므로 홈페이지 확인 요망,"=GOOGLETRANSLATE(A250, ""ko"", ""zh-cn"")"
041-537-7100,"=GOOGLETRANSLATE(A251, ""ko"", ""zh-cn"")"
수목원길 야시장,"=GOOGLETRANSLATE(A252, ""ko"", ""zh-cn"")"
제주특별자치도 제주시 은수길 69,"=GOOGLETRANSLATE(A253, ""ko"", ""zh-cn"")"
"제주도에서 가장 오래되고 규모가 큰 소나무군락지에 복합테마파크 형태의 관광지로 조성된 야시장이다. 약 4,000평의 규모로 소나무 숲 안에 조성된 자연그대로의 형태를 갖춘 대한민국 최초의 야시장이다. 현재 다문화 가정이 운영하는 트럭이 2대, 청년창업 트럭이 9대, 제주지역 트럭이 7대 운영으로 총 18대의 푸드트럭이 운영되고, 제주 지역 소상공인들로 구성된 셀러가 약 30여팀이 운영되고 있다.","=GOOGLETRANSLATE(A254, ""ko"", ""zh-cn"")"
수목원테마파크 064-742-3700,"=GOOGLETRANSLATE(A255, ""ko"", ""zh-cn"")"
광명동굴,"=GOOGLETRANSLATE(A256, ""ko"", ""zh-cn"")"
경기도 광명시 가학로85번길 142 (가학동),"=GOOGLETRANSLATE(A257, ""ko"", ""zh-cn"")"
"1912년 일제가 자원수탈을 목적으로 개발을 시작한 광명동굴(구. 시흥광산)은 일제강점기 징용과 수탈의 현장이자 해방 후 근대화ㆍ산업화의 흔적을 고스란히 간직한 산업유산이다. 1972년 폐광된 후 40여 년간 새우젓 창고로 쓰이며 잠들어 있던 광명동굴을 2011년 광명시가 매입하여 역사ㆍ문화 관광명소로 탈바꿈시켰다. 광명동굴은 산업유산으로서의 가치와 문화적 가치가 결합된 대한민국 최고의 동굴테마파크라는 평가를 받고 있으며 연간 100만 명 이상의 관광객이 찾는 세계가 놀란 폐광의 기적을 이루었다.(출처 : 광명동굴 홈페이지) ◎ 한류의 매력을 만나는 여행 정보 - 예능 <돌박2일>돌박2일 <르세라핌>편에서 르세라핌 멤버 채원, 윤진, 은채가 미션을 완수하기 위해 찾은 장소다. 대한민국 최고의 동굴 테마파크라 불리는 광명동굴은 1912년에 개발이 시작되어 1972년 폐광된 동물을 광명시가 매입하여 관광명소로 탈바꿈한 장소이다.","=GOOGLETRANSLATE(A258, ""ko"", ""zh-cn"")"
070-4277-8902,"=GOOGLETRANSLATE(A259, ""ko"", ""zh-cn"")"
경주 대릉원 일원,"=GOOGLETRANSLATE(A260, ""ko"", ""zh-cn"")"
경북 경상북도 경주시 황남동 31-1,"=GOOGLETRANSLATE(A261, ""ko"", ""zh-cn"")"
"경주 대릉원은 경주시 노동동과 황남동에 있는 신라 시대의 고분군을 말하며 노동동 고분군, 노서리 고분군, 황남동 고분군, 황오동 고분군, 인왕동 고분군으로 구성되어 있다. 노동동 고분군은 고신라 시대 무덤들로, 봉황대, 식리총, 금령총 등이 포함되어 있다. 봉황대는 밑둘레 230m, 직경 82m, 높이 22m로 황남대총 다음으로 규모가 큰 무덤으로 덧널을 설치한 돌무지덧널무덤이다. 노서리 고분군은 넓은 평지에 크고 작은 고분 14기가 있다. 노동리의 봉황대 고분과 더불어 규모가 있고 쌍벽을 이루는 제130호 고분을 비롯해 1921년에 금관이 출토된 금관총, 1926년에 일본 방문 길에 스웨덴의 황태자이며 고고학자인 구스타프 6세 아돌프가 들러 발굴을 조사 참관한 서봉총이 있다. 1946년에 고구려 광개토왕의 이름이 새겨진 청동 그릇이 발견됐으며 신라 고분 연대 추정에 도움을 준 호우총과 은평총, 쌍상총, 마총 등도 있다. 쌍상총에서 토기 조각, 마총에서 말뼈와 안장 조각이 출토됐다. 황남동 고분군은 신라초기의 무덤들로 일부가 대릉원 구역 안에 있다. 원형으로 흙을 쌓아 올린 30기의 무덤이다. 큰 무덤은 돌무지덧널무덤이고 주변에는 봉문이 없어진 작은 무덤이 있다. 대릉원 안에는 전 미추왕릉을 비롯하여 천마총과 황남대총 등이 있다. 천마총은 1973년 4월 6일부터 12월 4일까지 발굴조사됐다. 천마총은 지름 47m, 높이 12.7m로 금관을 비롯하여 많은 유물이 나왔다. 당시 천마도가 그려진 말안장 드리개가 출토되었기 때문에 천마총이라 이름 짓고 내부를 공개하고 있다. 황오동 고분군은 크고 작은 신라시대 무덤들이 밀집되어 있다. 오랜 세월 관리가 되지 않아 봉분이 많이 손상되었으나, 고분임을 짐작할 수 있는 것이 10여 기에 이른다. 이 무덤들은 인접 지역에서 발굴된 무덤 구조로 미루어 볼 때 주로 4~5세기경의 왕족 또는 귀족을 묻은 돌무지 덧널무덤으로 추정한다. 인왕동 고분군은 경주 중심부 평야지대에 남아 있는 고분군 중 가장 동편에 위치하고 있다. 일제 강점기 때 13기의 봉토분이 확인되었고 새로 10기의 고분이 더 분포하고 있는 것으로 조사되었다. 고분 중 일부를 발굴조사 했는데, 삼한과 삼국시대의 무덤 양식이 확인됐다. 이른 시기부터 무덤이 축조되기 시작했음을 알 수 있다. 봉토가 남아 있는 삼국시대 고분들은 대부분 돌무지덧널무덤으로 출토유물이나 유구의 크기 등으로 보아 신라 귀족들의 무덤으로 추정된다. ◎ 한류의 매력을 만나는 여행 정보 - 드라마 <20세기 소녀><20세기 소녀>에서 보라가 수학여행 자유시간을 보낸 곳으로 고분들이 밀집된 공원이다. 약 20여 기의 큰 고분들이 마치 능선을 그리는 것처럼 몽환적인 분위기를 형성한다. 고분 사이에 목련 나무 한 그루가 서 있는 곳이 포토존으로 유명하다. 유일하게 내부를 공개하는 천마총도 함께 둘러보는 것을 추천한다.","=GOOGLETRANSLATE(A262, ""ko"", ""zh-cn"")"
054-771-8650,"=GOOGLETRANSLATE(A263, ""ko"", ""zh-cn"")"
통영중앙전통시장,"=GOOGLETRANSLATE(A264, ""ko"", ""zh-cn"")"
경남 경상남도 통영시 중앙시장1길 14-16,"=GOOGLETRANSLATE(A265, ""ko"", ""zh-cn"")"
"통영중앙전통시장은 400여 년의 역사를 간직하고 있는 유서 깊은 시장이다. 시장 뒤편 언덕에는 동양의 몽마르트라 불리는 동피랑이 자리하고 이순신 장군의 전공을 기리기 위하여 세운 세병관과 거북선이 전시된 강구안 문화마당 등과 인접해 있다. 싱싱한 활어와 건어물이 주로 판매되며 조선통제영시절 12공방이 있었던 지역 특성을 담은 나전칠기 제품과 누비 제품, 바지개떡 등을 파는 상점이 남아있어 전통시장의 맥을 이어가고 있다. 활어특화거리, 선어특화거리, 반찬특화거리, 건어물거리, 꿀빵거리 등 구역별로 특화거리를 조성하여 볼거리 먹거리를 다양하게 즐길 수 있다.","=GOOGLETRANSLATE(A266, ""ko"", ""zh-cn"")"
055-649-5225,"=GOOGLETRANSLATE(A267, ""ko"", ""zh-cn"")"
유엔기념공원,"=GOOGLETRANSLATE(A268, ""ko"", ""zh-cn"")"
부산광역시 남구 유엔평화로 93 유엔기념공원,"=GOOGLETRANSLATE(A269, ""ko"", ""zh-cn"")"
"유엔기념공원은 세계 유일의 유엔군 묘지로서, 세계평화와 자유의 대의를 위해 생명을 바친 유엔군 전몰 장병들이 잠들어 있다. 이곳 묘지는 한국전쟁이 일어난 이듬해인 1951 년 1월, 전사자 매장을 위하여 유엔군 사령부가 조성하였으며, 같은 해 4월 묘지가 완공됨에 따라 개성, 인천, 대전, 대구, 밀양, 마산 등지에 가매장되어 있던 유엔군 전몰장병들의 유해가 안장되기 시작하였다.1955 년 11 월 대한민국 국회는 유엔군의 희생에 보답 하기 위해 이곳 토지를 유엔에 영구히 기증하고, 아울러 묘지를 성지로 지정할 것을 결의하였으며, 1955년 12월 15일, 한국정부로부터 국회의 결의사항을 전달받은 유엔은 이 묘지를 유엔이 영구적으로 관리하기로 유엔총회에서 결의문을 채택하였다. 한국전 당시 대한민국의 자유와 평화를 지키기 위해서, 군대를 파견한 16개국과 의료 지원단을 보낸 5개국의 용사들 중, 전사한 유엔군 전사장병의 영혼이 잠들어있는 성역으로, 이 곳 기념묘지에는 최초 11,000 여명의 전사자가 안장되어 있었으나, 그 후 유가족이나 본국 정부의 요청으로 이장되어, 현재 2,300 기의 유해가 안장되어 있다. 한국정부가 1978년에 건립한 유엔군 위령탑에는 한국전에 파견된 전투장비, 인원 규모, 전사자 현황이 동판에 한글 및 영문으로 새겨져 있으며, 영국 정부가 주체가 되어 건립한 영연방 위령탑에는 영연방 국가의 전사자 중 시신을 찾지 못한 그들의 고귀한 희생을 기리고 있다.","=GOOGLETRANSLATE(A270, ""ko"", ""zh-cn"")"
051-625-0625,"=GOOGLETRANSLATE(A271, ""ko"", ""zh-cn"")"
비슬산자연휴양림,"=GOOGLETRANSLATE(A272, ""ko"", ""zh-cn"")"
대구광역시 달성군 유가읍 일연선사길 99 (관리사무소),"=GOOGLETRANSLATE(A273, ""ko"", ""zh-cn"")"
"비슬산자연휴양림은 자연경관이 수려하고 기암괴석이 풍부한 비슬산 내에 자리 잡은 휴양 명소이다. 산림청이 발표한 전국 100대 명산 가운데 하나이고, 조화봉을 중심으로 천왕봉의 관기봉을 좌우에 거느린 비슬산의 휴양림으로 산 중간 능선까지는 주로 침엽수립이 울창하게 숲을 이루고 있으며, 상부 능선까지는 기암괴석과 단풍이 절경을 이룬다. 봄철의 참꽃과 여름철 안개와 계곡 야영, 가을에는 단풍과 억새, 겨울 얼음동산도 아름답다. 이로써 비슬산 자연 휴양림은 사계절 내내 자연의 선물과 함께 휴식을 취할 수 있는 곳이다. 휴양림에는 숲 속의 집과 더불어 오토캠핑장, 야영장, 야외공연장, 연못, 청소년 수련장, 체력단련장, 잔디광장, 사진촬영 명소, 물놀이장, 산림치유센터 등 체험시설과 즐길 거리가 있으며 자연석들이 널려 있는 산책로인 탐석로가 있다.","=GOOGLETRANSLATE(A274, ""ko"", ""zh-cn"")"
053-659-4400,"=GOOGLETRANSLATE(A275, ""ko"", ""zh-cn"")"
와온해변,"=GOOGLETRANSLATE(A276, ""ko"", ""zh-cn"")"
전남 전라남도 순천시 해룡면 상내리,"=GOOGLETRANSLATE(A277, ""ko"", ""zh-cn"")"
"와온해변은 전라남도 순천시 해룡면 상내리 와온마을에 위치한 해변이다. 한 스님이 인근 상봉우리에 있는 바위를 보고 소가 누워 있는 형상을 하고 있으며, 산 아래로 따뜻한 물이 흐른다고 말해 이후 부터 와온[臥溫]이라 부른다고 한다. 남서쪽으로는 고흥반도와 순천만, 동쪽으로는 전라남도 여수시 율촌면 가장리에 인접한 조용한 해변으로 길이는 약 3㎞다. 낙조풍경이 아름다운 곳으로 와온해변 앞에 있는 솔섬 너머로 해가 넘어가는 모습은 장관을 연출 시킨다. 썰물로 인해 드넓은 개펄이 드러나는데, S자 라인으로 좁고 구불구불한 물길이 생긴다. 또한 흑두루미를 비롯한 겨울 철새의 모습을 볼 수도 있다.","=GOOGLETRANSLATE(A278, ""ko"", ""zh-cn"")"
"롯데월드는 롯데 그룹이 국민들의 여가 선용과 외국인 관광객 유치를 위해 설립하고 운영하고 있는 테마파크이다. 모험과 신비를 주제로 한 실내 주제공원인 롯데월드 어드벤처, 호수공원인 매직아일랜드, 쇼핑몰, 민속박물관, 아이스링크, 호텔, 백화점 등으로 구성되어 있으며, 관광, 레저, 쇼핑, 문화를 한 곳에서 해결할 수 있는 대단위 복합생활공간이다. 롯데월드 어드벤처는 세계에서 가장 큰 실내 테마파크로, 최첨단 탑승시설과 환상적인 퍼레이드, 각종 영상 시스템, 레이저쇼, 공연, 각국의 음식을 연중무휴로 즐길 수 있다. 민속박물관에는 한국의 오천 년 역사와 민속 문화가 역사전시관, 모형촌, 놀이마당, 저잣거리로 나누어져 쉽고 재미있게 재현되어 있다. 롯데월드 가든스테이지는 롯데월드 공연의 중심무대로 각종 시즌 뮤지컬 쇼, 공개방송 등의 다양한 이벤트가 진행되며, 롯데월드 스타에비뉴는 한류스타 조성거리로 체험형 엔터테인먼트 시설이다.","=GOOGLETRANSLATE(A279, ""ko"", ""zh-cn"")"
부소담악(추소정),"=GOOGLETRANSLATE(A280, ""ko"", ""zh-cn"")"
부소담악 추소정,"=GOOGLETRANSLATE(A281, ""ko"", ""zh-cn"")"
충북 충청북도 옥천군 군북면 환산로 518,"=GOOGLETRANSLATE(A282, ""ko"", ""zh-cn"")"
"충북 옥천군 군북면 부소무늬마을에 가면 부소담악이라는 절경을 만날 수 있다. 부소담악은 물 위로 솟은 기암절벽인데, 길이가 무려 700m에 달한다. 조선시대 학자 송시열이 소금강이라 예찬한 추소팔경의 마지막을 장식하는 절경이다. 부소담악은 처음부터 물가 절벽이 아니었다. 본래 산이었지만 대청댐이 준공되면서 산 일부가 물에 잠겨 물 위에 바위병풍을 둘러놓은 듯한 풍경이 되었다. 부소담악의 장관을 제대로 바라볼 수 있는 곳이 추소정이다. 정자에 오르면 용이 호수 위를 미끄러지듯 나아가는 형상이 선명하게 보인다. 날카롭게 솟아오른 바위와 깊이를 가늠할 수 없는 호수가 가슴을 서늘하게 하지만 수천 년 세월을 간직한 자연의 신비가 더욱 크게 다가온다. 부소담악의 능선을 따라 산행을 할 수도 있다. 협소한 능선길 아래는 시퍼런 물이 악어처럼 입을 벌리고 있는 아찔한 낭떠러지다.","=GOOGLETRANSLATE(A283, ""ko"", ""zh-cn"")"
옥천군 문화관광과 043-730-3413,"=GOOGLETRANSLATE(A284, ""ko"", ""zh-cn"")"
망원유수지체육공원,"=GOOGLETRANSLATE(A285, ""ko"", ""zh-cn"")"
서울특별시 마포구 월드컵로25길 190 (망원동),"=GOOGLETRANSLATE(A286, ""ko"", ""zh-cn"")"
"망원유수지체육공원은 수해 조절용 유수지를 정비해서 2004년에 문을 연 망원동에 있는 체육공원이다. 2008년 인라인스케이트 전용 트랙과 보행자용 우레탄 육상트랙, 국제경기장 규격의 축구장, 야간 조명시설 등을 추가로 설치했다. 현재 축구장, 족구장, 농구장, 인라인연습장, 다목적 트랙, 게이트볼장, 체력단련 운동기구 등의 시설을 보유하고 있다. 야간 조명시설이 있어서 저녁 운동이 가능하다. 또, 체육공원 사이로 작은 오솔길이 나 있어 산책 중인 시민들도 많이 볼 수 있다.","=GOOGLETRANSLATE(A287, ""ko"", ""zh-cn"")"
마포구청 체육진흥과 02-3153-9873,"=GOOGLETRANSLATE(A288, ""ko"", ""zh-cn"")"
외암민속마을,"=GOOGLETRANSLATE(A289, ""ko"", ""zh-cn"")"
충남 충청남도 아산시 송악면 외암민속길9번길 13-2,"=GOOGLETRANSLATE(A290, ""ko"", ""zh-cn"")"
"국가민속문화유산로 지정된 마을이다. 마을은 500여 년 전부터 형성이 되었고, 마을의 터가 좋아 한국의 살기 좋은 마을 10선에 선정되었다. 마을 주민들은 조상 대대로 농업에 종사, 전통문화를 지키며 살아가고 있으며 오시는 관람객들에게 다양한 볼거리 체험거리를 제공하고 있다.마을에서는 매년 정월 장승제를 지내고 10월에는 짚풀문화제, 11월에는 동지행사를 하며 마을 앞에는 조선시대 시장인 저잣거리가 조성되어 있어 먹거리 및 공연을 관람할 수 있다. 아름다운 우리의 전통문화를 가꾸어 가는 외암민속마을에서 전통문화를 즐기다 보면 어느덧 어렵게 느껴지던 전통문화들이 친숙하게 느껴질 것이다. ◎ 한류의 매력을 만나는 여행 정보 - 드라마 <미씽2>드라마 ‘미씽2’의 주 촬영지는 바로 외암민속마을이다. 주인공들에게만 보이는 영혼들의 마을을 배경으로 사건의 진실을 쫓는 이야기가 펼쳐지는 이 드라마에서, 외암민속마을은 신비롭고 고즈넉한 분위기를 자아내며 극의 몰입감을 더한다.","=GOOGLETRANSLATE(A291, ""ko"", ""zh-cn"")"
"관광안내 041-540-2110 체험, 민박 041-541-0848 매표요금, 마을입장 041-536-8499","=GOOGLETRANSLATE(A292, ""ko"", ""zh-cn"")"
병방치 스카이워크,"=GOOGLETRANSLATE(A293, ""ko"", ""zh-cn"")"
강원특별자치도 정선군 정선읍 병방치길 225,"=GOOGLETRANSLATE(A294, ""ko"", ""zh-cn"")"
정선읍 북실리와 귤암리 사이의 병방치 전망대에서는 한반도 모양의 밤섬 둘레를 동강 물줄기가 180˚로 감싸안고 흐르는 비경을 만날 수 있다. 병방치 스카이워크는 해발 583m의 절벽 끝에 길이 11m의 U자형으로 돌출된 구조물 바닥에 강화유리를 깔아 마치 하늘 위를 걷는 듯한 기분을 느낄 수 있는 전망대이다. 이곳에서 한반도 지도 모양을 한 밤섬과 동강의 아름다움을 조망할 수 있어 관광객들에게 인기가 좋다.,"=GOOGLETRANSLATE(A295, ""ko"", ""zh-cn"")"
033-563-4100,"=GOOGLETRANSLATE(A296, ""ko"", ""zh-cn"")"
파주놀이구름,"=GOOGLETRANSLATE(A297, ""ko"", ""zh-cn"")"
경기도 파주시 와석순환로 500 (와동동),"=GOOGLETRANSLATE(A298, ""ko"", ""zh-cn"")"
"운정호수공원 일원에 위치한 파주놀이구름은 아이들과 온 가족이 함께 즐길 수 있는 교육철학이 반영된 놀이문화공간이다. 2007년 운정신도시 홍보관으로 개관했던 유비파크가 2010년 휴관된 이후 10여 유휴공간에 2021년 파주놀이구름이 새롭게 탄생하였다. 파주놀이구름은 스토리가 있는 체험형 놀이시설로 하늘언덕, 구름우물, 무지개동굴, 환상의숲, 바람골짜기, 꿈의마을, 모험의세상, 원통미끄럼틀, 무지개호수, 반딧불이길로 구성되어 있으며, 다양한 미디어 라이브러리 및 인터랙티브 멀티미디어존과 역할놀이 공간, 미끄럼틀과 모험의 다리 등이 있는 대형 볼풀장 등으로 이루어져 있다. 한편에 아이들이 읽을 수 있는 책과 미끄럼틀이 있어 온 가족이 함께 휴식을 취하기 좋다.","=GOOGLETRANSLATE(A299, ""ko"", ""zh-cn"")"
031-940-8777,"=GOOGLETRANSLATE(A300, ""ko"", ""zh-cn"")"
헤이리 예술마을,"=GOOGLETRANSLATE(A301, ""ko"", ""zh-cn"")"
경기도 파주시 탄현면 헤이리마을길 70-21,"=GOOGLETRANSLATE(A302, ""ko"", ""zh-cn"")"
"헤이리 예술마을은 15만 평 규모로 통일동산 관광특구 내에 위치해 있다. 지상에서 가장 아름다운 마을을 꿈꾸며 일정한 자격 조건을 갖추고 심사에 통과한 다양한 분야의 창작자와 예술가 300여 명이 공동체 마을을 이루며 거주하고 있다. 헤이리는 문화 예술의 생산, 전시, 판매, 거주가 함께하는 통합적 개념의 특수한 공동체 마을이다. 수많은 갤러리, 박물관, 전시관, 공연장, 소극장, 카페, 레스토랑, 서점, 게스트하우스, 아트숍과 예술인들의 창작공간이 자리 잡고 있다. 헤이리 마을의 어원은 인근 지역에서 불렸던 금산리 농요의 받음 구 후반에 나오는 ‘에 헤이 에 헤이리’에서 유래되었다. 헤이리는 국내에서는 인사동(2002년)과 대학로(2004년)에 이어 2009년 12월에 세 번째로 문화지구로 지정되었다.건축가들은 페인트를 쓰지 않고 지상 3층 높이 이상은 짓지 않는다는 기본 원칙에 따라 자연과 어울리는 건물들을 설계했다. 그래서 헤이리 여행은 건축물을 감상하는 데서 시작된다. 안과 밖이 구분되지 않는 건물, 지형을 그대로 살려 비스듬히 세워진 건물, 사각형의 건물이 아닌 비정형의 건물 등 각양각색의 건축물들이 개성을 뽐내며 서있다. 헤이리의 길은 반듯하지 않고, 자연이 만든 굴곡을 그대로 따라가며, 아스팔트도 깔지 않았다. 헤이리 마을을 돌아보는 가장 좋은 방법은 이 길을 따라 어슬렁거리며 산책하는 것이다. 산책을 하다 재미있는 건축물을 만나면 카메라에 담고 그러다 마주치는 미술관에 들어가 작품을 감상하면 된다.헤이리 모든 건축물의 60%는 창작과 문화 향유 장소로 일반인들에게 개방되고 있다. 이것은 헤이리 마을의 규정이며, 이 규정의 최대 수혜자는 관람객들이다. 관람객들이 헤이리 마을을 돌아보고 있는 순간에도 헤이리 마을에서는 창작활동이 이루어지고 있다. 헤이리 마을에서는 계절에 따라 국내외 유명 문화 예술단체가 참여 또는 초청되는 여러 가지 문화 예술 행사가 열린다. 그래서 헤이리 마을은 다정한 사람과 함께 돌아보는 곳임과 동시에 문화 예술의 창달을 위해 노력하는 마을로도 알려지고 있다. 인근에 오두산 통일전망대, 프로방스 마을 등을 둘러봐도 좋다.","=GOOGLETRANSLATE(A303, ""ko"", ""zh-cn"")"
031-946-8551,"=GOOGLETRANSLATE(A304, ""ko"", ""zh-cn"")"
학동 흑진주 몽돌해변,"=GOOGLETRANSLATE(A305, ""ko"", ""zh-cn"")"
경남 경상남도 거제시 동부면 학동6길 18-1,"=GOOGLETRANSLATE(A306, ""ko"", ""zh-cn"")"
"학동 흑진주 몽돌해변은 거제도 남쪽에 위치해 있다. 남해안의 맑고 깨끗한 물이 파도쳐서 몽돌을 굴리며 자글자글 아름다운 소리를 내고, 이는 우리나라 자연의 소리 100선에 선정되기도 했다. 또한 학동 흑진주 몽돌해변 내에 위치한 선착장에서 유람선을 타고 바다의 금강이라 불리는 해금강과 각양각색의 이국적인 열대림으로 꾸며진 외도 등을 둘러볼 수 있어 거제도를 방문하는 관광객이라면 해수욕이 아니더라도 꼭 한번 거쳐 가는 곳이기도 하다. 봄, 가을에는 해금강을 비롯한 한려해상국립공원의 해상관광객이, 여름에는 피서객이 전국에서 모여든다.","=GOOGLETRANSLATE(A307, ""ko"", ""zh-cn"")"
거제시청 055-639-3000,"=GOOGLETRANSLATE(A308, ""ko"", ""zh-cn"")"
수덕사(예산),"=GOOGLETRANSLATE(A309, ""ko"", ""zh-cn"")"
수덕사 예산,"=GOOGLETRANSLATE(A310, ""ko"", ""zh-cn"")"
충남 충청남도 예산군 덕산면 수덕사안길 79,"=GOOGLETRANSLATE(A311, ""ko"", ""zh-cn"")"
"수덕사는 덕산온천 근처에 솟은 차령산맥 덕숭산(495m) 남쪽 자락에 위치한 사찰로 충남 내포 지역의 조계종 사찰을 관장하는 대한불교조계종 제7교구 본사일 정도로 규모가 크다. 백제시대 6세기경 창건되어 1,500년에 가까운 역사를 자랑하는 고찰로, 예산군 제1경으로 선정될 만큼 아름다운 경관을 자랑한다. 창건 설화는 어느 청년이 낭자를 보고 사랑에 빠졌는데 낭자가 내건 결혼 조건이 절을 지어달라는 것이었다. 절을 짓고 나서 낭자의 손을 잡았더니 낭자는 사라졌고, 알고 보니 낭자가 관세음보살의 현신이었다는 것이다. 이러한 설화와 함께 창건된 수덕사는 고려, 조선시대, 일제강점기에 여러 번 개보수를 거쳐 오늘날에 이르고 있다. 이곳에는 백제시대부터 조선시대의 문화재가 고루 남아있는데 국보로 지정된 대웅전, 보물로 지정된 노사나불괘불탱 및 묘법연화경 뿐만 아니라 삼층석탑, 칠층석탑 등 충청남도에서 지정한 문화재도 많이 보존되어 있다. 또한, 근역성보관에 다양한 불교 문화재가 소장되어 있고, 이응노 화백(1904~1989)이 미술 활동을 했던 초가집, 이응노선생사적지(수덕여관)와 이응노 및 근현대 예술인의 작품과 불교 미술품을 전시하는 선미술관도 경내에 위치해 있다. 템플스테이는 수요와 취향에 맞춰 다양한 프로그램을 운영하고 있다.","=GOOGLETRANSLATE(A312, ""ko"", ""zh-cn"")"
041-330-7700,"=GOOGLETRANSLATE(A313, ""ko"", ""zh-cn"")"
남한산성도립공원 [유네스코 세계유산],"=GOOGLETRANSLATE(A314, ""ko"", ""zh-cn"")"
경기도 광주시 남한산성면 남한산성로 731,"=GOOGLETRANSLATE(A315, ""ko"", ""zh-cn"")"
"과거 한양을 지키던 4대 요새 중 하나인 남한산성을 품은, 남한산성도립공원이 있다. 북쪽의 개성, 남쪽의 수원, 서쪽의 강화, 동쪽의 광주였다. 동쪽의 광주에는 남한산성이 있었다. 서울에서 동남쪽으로 24km, 성남시에서 북동쪽으로 6km 떨어져 있는 남한산에 위치하고 있으며, 길이는 총 12.4km(본성 8.9km, 외성 3.2km, 신남 산성 0.2km), 높이는 7.3m이다. 원래 2천여 년 전, 고구려 동명왕의 아들 백제의 시조 온조의 왕성이었다는 기록이 있고, 나당전쟁이 한창이던 신라 문무왕 13년(673)에 한산주에 쌓은 주장성이라는 기록도 있다. 그 옛 터를 활용하여 후대에도 여러 번 고쳐 쌓다가, 조선조 광해군 때(1621) 본격적으로 축성하였다 한다. 석축으로 쌓은 남한산성의 둘레는 약 12km이다. 자연석을 써 큰돌을 아래로, 작은 돌을 위로 쌓았다. 동서남북에 각각 4개의 문과 문루, 16개의 암문을 내었으며 동서남북 4곳에 장대가 있었다. 성 안에는 수어청을 두고 관아과 창고, 행궁을 건립했다. 유사시에 거처할 행궁은 상궐 73칸, 하궐 154칸, 좌전 26칸으로, 모두 252칸을 지었다. 80개의 우물, 45개의 샘을 만들고 광주읍의 행정처도 산성 안으로 옮겼다. 이쯤 되면 남한산성의 중요성과 성안이 유치 가능 인구도 짐작해 볼 수 있을 것이다. 산성이 축조되고 처음으로 시행(인조 17년, 1639)된 기동 훈련에 참가한 인원만 해도 12,700명이었다. 그러나 지금 성내에 남아 있는 건물은 불과 몇 안 된다. 동·남문과 서장대, 현절사, 연무관, 장경사, 지수당, 영월정, 침괘정, 숭렬전 이서 장군사당, 보, 루, 돈대 등이 남아있다. 그중 4대 문과 수어장대, 서문 중간쯤의 일부 성곽은 원형이 잘 보존되어 있다. 남한산성은 사적과 도립공원으로 지정되어 있다.","=GOOGLETRANSLATE(A316, ""ko"", ""zh-cn"")"
031-8008-5155,"=GOOGLETRANSLATE(A317, ""ko"", ""zh-cn"")"
더현대 서울,"=GOOGLETRANSLATE(A318, ""ko"", ""zh-cn"")"
서울특별시 영등포구 여의대로 108 (여의도동),"=GOOGLETRANSLATE(A319, ""ko"", ""zh-cn"")"
"글로벌 트렌드 K-콘텐츠의 핵심 서울, 그 중심에 초현대적인 플래그십 스토어 더현대 서울이 있다. 더현대 서울은 미래를 향한 울림이라는 슬로건 아래 더 행복한 내일을 위한 비전과 새로운 삶의 기준을 제시한다. 혁신적 공간 설계, 세계적 콘텐츠 큐레이션, 그리고 미래형 테크놀로지까지 더현대 서울은 서울 최대 규모의 뉴 글로벌 랜드마크이다. 새로운 소재와의 만남, 면과 선의 균형, 그리고 빛으로 가득 채우는 혁신적인 내부 설계를 자랑한다. 더현대 서울에서는 세계적인 인테리어&건축 디자인의 흐름을 단숨에 볼 수 있다. 내부에 들어서는 순간 사운즈 포레스트와 워터폴 가든을 만나게 된다. 미래를 바라보고 설계한 하이테크 건축물에서 만나는 뜻밖의 자연은 놀라울 정도로 아름답다. 약 1,000평의 대규모 실내 정원과 천연 잔디, 20여 m의 높은 유리 천장에서 들어차는 자연 채광은 숲의 울림을 그대로 전하고 있다. 예술은 말하지 않아도 느낄 수 있고, 공감할 수 있는 가장 큰 범주의 언어이다. 180평 규모의 입체적인 전시는 들어서는 순간 압도적으로 영감을 자극한다. 나은 삶의 영감과 문화를 위한 소통이 이곳에서 시작된다. Unite & Shine, STUDIO SWINE 자연에서 온 메시지를 담은 디자인과 이를 즐기고 느끼는 관객으로 완성되는 Studio Swine의 아트워크가 Exclusive Label (1F) 플로어에서 하이엔드 브랜드와 만난다.","=GOOGLETRANSLATE(A320, ""ko"", ""zh-cn"")"
02-767-2233,"=GOOGLETRANSLATE(A321, ""ko"", ""zh-cn"")"
여수 유월드 루지 테마파크,"=GOOGLETRANSLATE(A322, ""ko"", ""zh-cn"")"
전남 전라남도 여수시 소라면 안심산길 155,"=GOOGLETRANSLATE(A323, ""ko"", ""zh-cn"")"
"친구, 연인, 가족 모두가 가슴이 뻥 뚫리는 스릴을 경험할 수 있는 레이싱의 장, 여수 유월드 테마파크는 루지, 놀이공원, 실내 키즈파크, 테디베어 뮤지엄, 비비탄 사격장, 레이저 아레나를 모두 한 곳에서 즐길 수 있는 멀티플렉스 테마파크이다. 이곳에 위치한 루지 테마파크는 국내 최초로 지상 7m 높이에서 길이 1.3km에 달하는 하늘을 달리는 스카이 트랙에서 스피드와 스릴을 만끽할 수 있다. 내면의 질주 본능을 깨우는 루지 체험은 리프트를 타고 더욱 높은 기분을 선사한다. 전혀 뻔하지 않은 'FUN'한 데이트로 텐션을 올리기에 완벽한 여행 코스로도 인기있는 곳이다.","=GOOGLETRANSLATE(A324, ""ko"", ""zh-cn"")"
061-810-6000,"=GOOGLETRANSLATE(A325, ""ko"", ""zh-cn"")"
담양 메타프로방스,"=GOOGLETRANSLATE(A326, ""ko"", ""zh-cn"")"
전남 전라남도 담양군 담양읍 깊은실길 2-17,"=GOOGLETRANSLATE(A327, ""ko"", ""zh-cn"")"
"메타 프로방스는 연간 약 500만 명의 관광객이 방문하는 전라남도 담양에 조성되어 있는 관광단지로 대한민국에서 가장 아름다운 가로수길로 선정된 담양 메타세쿼이아 길 바로 옆에 위치해 있으며 휴양지로 유명한 프랑스의 도시 프로방스를 그대로 옮겨놓은 듯한 감성을 가지고 있다. 메타 프로방스는 개인 관광객 뿐만 아니라 가족 및 동호회 단위의 관광객들을 위한 패션 거리, 디자인 공방과 체험관, 상업 공간, 그리고 연회장 등 문화와 예술, 비즈니스가 공존하는 열린 공간으로 이루어져 있으며, 다양하고 차별화된 양질의 서비스를 통하여 찾아주시는 모든 분들께 특별한 추억과 새로운 경험을 드릴 수 있도록 노력하고 있다.","=GOOGLETRANSLATE(A328, ""ko"", ""zh-cn"")"
061-383-1710,"=GOOGLETRANSLATE(A329, ""ko"", ""zh-cn"")"
호텔 농심,"=GOOGLETRANSLATE(A330, ""ko"", ""zh-cn"")"
"호텔 농심은 동래관광호텔이란 사명으로 국내 호텔 업계의 여명기인 1960년도에 온천의 명소인 동래 온천장의 중심부에 한강이남 관광호텔로는 최초의 현대적인 숙박시설로 영업을 개시한 후 50여 년 동안 편안하고 친근한 서비스로 국내외 고객들로부터 사랑을 받아왔다. 2002년 8월에 ‘호텔 농심’으로 사명을 변경하고 240실 규모의 온천휴양형 특급관광호텔로 신축·오픈하였다. 개관 이래 수많은 귀빈과 정재계 인사들로부터 사랑과 찬가를 받아온 호텔농심은 2005년 APEC 정상 숙소로 지정되어 세계적인 수준의 서비스를 제공함으로써 호텔의 위상을 다시 한번 드높이는 기회를 마련하였을 뿐만 아니라 한층 업그레이드된 국제 경쟁력을 갖게 되었다. 100% 천연 온천수가 공급되어 보다 건강하고 편안한 휴식을 취할 수 있는 객실, 다양한 미각 향연이 펼쳐지는 식음료 영업장, 특별한 감동을 더하는 연회장을 갖추고 고객을 향한 진심 어린 서비스를 통해 특별한 추억을 선사한다. 특히 정통 독일 맥주를 즐길 수 있는 차별화된 콘셉트의 허심청 브로이, 국내외 관광객들로부터 온천의 명소로 각광받는 온천목욕시설로서 동양 최대의 규모를 자랑하는 허심청은 호텔 농심에서만 만날 수 있는 특별한 매력 중 하나이다. 동래 CC, 부산 CC, 동래산성, 범어사, 금강공원, 충렬사, 금정산 등 유명 관광지와 양산, 정관, 김해공항, 고속버스터미널 등이 인접해 있는 교통의 요지에 위치한 호텔 농심은 고객의 관광 및 비즈니스 여행에 최고의 휴식처가 될 것이다.","=GOOGLETRANSLATE(A331, ""ko"", ""zh-cn"")"
051-550-2100,"=GOOGLETRANSLATE(A332, ""ko"", ""zh-cn"")"
서해랑 제부도 해상케이블카,"=GOOGLETRANSLATE(A333, ""ko"", ""zh-cn"")"
경기도 화성시 서신면 전곡항로 1-10,"=GOOGLETRANSLATE(A334, ""ko"", ""zh-cn"")"
"서해안의 수려한 자연경관과 어울릴 수 있는 전곡항, 제부도 바다 위 2.12km 국내 최장 해상 케이블카 위치를 선정, 자연과 사람이 어우러진 새로운 랜드마크가 있다. 제부도 지역 고유의 특징과 아름다움을 담은 현대적 모습과 기능을 하고 있어 서해안과 수도권 관광 스팟이다. 서해랑 케이블카에서는 갯벌과 바다를 동시에 즐길 수 있으며, 가장 멋지게 즐길 수 있는 시점은 일몰 시각이다. 갯벌을 상공에서 바라볼 수 있는 점도 서해랑 케이블카만의 특별한 포인트이다. 양쪽 정류장을 이용해서 탑승할 수 있으며, 제부도와 전곡항 양쪽을 즐길 수 있는 서해안 관광지이다.","=GOOGLETRANSLATE(A335, ""ko"", ""zh-cn"")"
1833-4997,"=GOOGLETRANSLATE(A336, ""ko"", ""zh-cn"")"
삼성궁,"=GOOGLETRANSLATE(A337, ""ko"", ""zh-cn"")"
경남 경상남도 하동군 청암면 삼성궁길 13,"=GOOGLETRANSLATE(A338, ""ko"", ""zh-cn"")"
"청암면 묵계리에 소재하며 한민족의 영산인 지리산 품속 깊이 청암면 청학동 산길을 휘돌아 1.5㎞가량 걸으면 해발 850m에 삼성궁이 자리하고 있다. 삼성궁의 정확한 명칭은 배달성전삼성궁으로, 이 고장 출신 강민주(한풀선사)가 1983년에 고조선시대의 소도를 복원, 민족의 성조인 환인, 환웅, 단군을 모신 배달민족성전으로 민족의 정통 도맥인 선도를 지키고, 신선도를 수행하는 민족의 도장으로 자리 잡아가고 있다. 옛날부터 전해 내려오던 선도를 이어받은 한풀선사가 수자들과 함께 수련하며 돌을 쌓아 올린 1,500여 개 돌탑이 주변의 숲과 어울려 이국적인 정취를 풍겨낸다. 이 돌탑들은 이곳에서는 원력 솟대라 부른다. 삼한 시대에 천신께 제사 지내던 성지, 소도에는 보통 사람들의 접근을 금하려 높은 나무에 기러기 조각을 얹은 솟대로 표시했다. 성황당에 기원을 담듯, 소원을 빌며 지리산 자락의 돌로 솟대를 쌓아 옛 소도를 복원하고 있다. 3,333개의 솟대를 쌓아 성전을 이루고 우리 민족 고유의 정신문화를 되찾아 홍익인간 세계를 이루고자 무예와 가, 무, 악을 수련하는 이들의 터전이다.","=GOOGLETRANSLATE(A339, ""ko"", ""zh-cn"")"
055-884-1279,"=GOOGLETRANSLATE(A340, ""ko"", ""zh-cn"")"
서귀포매일올레시장,"=GOOGLETRANSLATE(A341, ""ko"", ""zh-cn"")"
제주특별자치도 서귀포시 서귀동 340,"=GOOGLETRANSLATE(A342, ""ko"", ""zh-cn"")"
"서귀포 올레시장은 서귀포시에서 가장 큰 시장이며 1960년대 초반 자연발생적으로 생긴 재래시장으로 60여 년 전통으로 서귀포 경제에 큰 밑받침이 되고 있는 시장이다. 2001년 120m를 시작으로 현재 총 620m에 달하는 아케이드상가를 설치하여 서귀포서민경제에 중추적인 역할을 담당하고 있다. 이곳 주차장은 1시간 무료주차시스템을 도입하여 고객에 최대한 편의를 제공하고 있으며, 시장에서 물건을 구입한 고객의 편의를 위해서 무료로 원하는 장소로 배달하는 택배시스템을 갖추고 있다. 또한 미래의 잠재고객인 청소년들을 위한 야외 공연장 및 분수대가 있는 공원을 갖추고 있다.","=GOOGLETRANSLATE(A343, ""ko"", ""zh-cn"")"
0507-1353-1949,"=GOOGLETRANSLATE(A344, ""ko"", ""zh-cn"")"
울산업스퀘어,"=GOOGLETRANSLATE(A345, ""ko"", ""zh-cn"")"
울산광역시 남구 화합로 185 (삼산동),"=GOOGLETRANSLATE(A346, ""ko"", ""zh-cn"")"
"울산 양대 번화가 중 하나인 삼산동 디자인 거리에 있는 업스퀘어는 생활, 문화, 상업 패션 등 글로벌 감각과 최신 트렌드를 한눈에 볼 수 있는 복합 쇼핑몰이다. 지하 1층에는 대형 서점과 디지털 음반, 문구점, 커피숍, 의류 등 볼거리가 있다. 또한 키즈파크가 있어 아이와 함께 방문하기 좋다. 2층~5층은 여성 정장, 남성 정장, 캐주얼, 스포츠 의류, 슈즈 멀티샵 등 다양한 패션 브랜드를 한곳에서 볼 수 있어 쇼핑하기 편리하다. 5층은 짬뽕, 돈가스, 쌀국수, 라멘, 회전 스시집 맛집이 모여있는 식당가가 있으며 식당가 옆으로 종종 행사장에서 플리마켓도 진행도 하고 영화관도 함께 있어 울산 데이트 장소로 인기가 많다.","=GOOGLETRANSLATE(A347, ""ko"", ""zh-cn"")"
052-990-5000,"=GOOGLETRANSLATE(A348, ""ko"", ""zh-cn"")"
퍼스트가든,"=GOOGLETRANSLATE(A349, ""ko"", ""zh-cn"")"
경기도 파주시 탑삭골길 260 (상지석동),"=GOOGLETRANSLATE(A350, ""ko"", ""zh-cn"")"
"퍼스트가든은 경기도 파주시에 위치한 대규모 복합문화시설이다. 정원, 레스토랑, 웨딩홀, 놀이시설, 카페 등 다양한 시설을 갖추고 있다. 특히 정원은 23가지 테마로 이루어진 곳으로 계절마다 다른 매력을 느낄 수 있고 저녁에는 조명과 어우러진 아름다운 모습을 볼 수 있다. 아이들이 즐길 수 있는 꼬마열차, 회전목마, 범퍼카 등이 있는 가든 놀이터를 이용하며 가족 여행을 하기에 좋은 곳이다. 퍼스트가든은 정성을 담은 음식을 맛볼 수 있는 레스토랑을 운영하는데 한식전문점과 양식전문점을 이용할 수 있다. 다양한 경험을 할 수 있는 퍼스트가든에서 특별한 추억을 만들 수 있다. ◎ 한류의 매력을 만나는 여행 정보그리스 신화를 테마로 한 자수화단, 하얀 자작나무가 둘러싸고 있는 화이트가든 등지에서 ‘BTS’ 지민이 월간지 화보를 촬영해 많은 팬들이 방문하고 있다.","=GOOGLETRANSLATE(A351, ""ko"", ""zh-cn"")"
0507-1304-6861,"=GOOGLETRANSLATE(A352, ""ko"", ""zh-cn"")"
경주 석굴암 [유네스코 세계유산],"=GOOGLETRANSLATE(A353, ""ko"", ""zh-cn"")"
경북 경상북도 경주시 석굴로 238 석굴암,"=GOOGLETRANSLATE(A354, ""ko"", ""zh-cn"")"
"석굴암(국보)은 신라 경덕왕 10년에 당시의 재상인 김대성에 의해 창건되었다고 전해진다. 불국사에서 산등성이를 타고 등산로로 3㎞, 신도로로는 9㎞ 거리에 있는 석굴암의 구조는 방형과 원형, 직선과 곡선, 평면과 구면이 조화를 이루며 특히, 벽 주위에 조각된 38체는 어느 것 하나 걸작이 아닌 것이 없고 전체적인 조화를 통해 고도의 철학성과 과학적인 면모를 나타내고 있다. 중앙에는 백색 화강암으로 된 여래좌상의 본존불이 동해를 굽어보고 있으며, 여래좌상이 바라보는 시선은 문무왕 수중왕릉인 봉길리 앞 대왕암을 향한다.수중왕을 수호하는 감은사터, 용이 된 문무왕을 보았다는 이견대가 대왕암 인근 해안에 있으며, 불국사와 석굴암은 1995년 12월 6일 해인사 팔만대장경과 종묘와 함께 유네스코 세계문화유산으로 공식 지정되어 보호되고 있다.석굴암에서 바라보는 수평선 너머 붉은 해는 붉게 물든 하늘과 바다는 장관이다. 석굴암에서 해돋이 구경 후에는 토함산에서 바로 동해안으로 넘어가는 석장로가 1998년에 개설되어 쉽게 감포, 양북 앞바다로 갈 수 있어 전국 최고의 청정해역의 맛을 자랑하는 회를 즐기고 감은사지와 문무대왕릉을 관광하면 더욱 멋진 여행이 된다.","=GOOGLETRANSLATE(A355, ""ko"", ""zh-cn"")"
054-746-9933,"=GOOGLETRANSLATE(A356, ""ko"", ""zh-cn"")"
산굼부리,"=GOOGLETRANSLATE(A357, ""ko"", ""zh-cn"")"
제주특별자치도 제주시 조천읍 비자림로 768,"=GOOGLETRANSLATE(A358, ""ko"", ""zh-cn"")"
"산굼부리는 천연기념물로 둘레가 2㎞가 넘는 화구이다. 제주도에는 360여 개의 기생화산이 분포되어 있지만 이곳 산굼부리를 제외한 다른 화산은 모두 대접을 엎어놓은 듯한 분화구의 형태이고, 산굼부리 분화구만은 제주도에서 유일하게 용암이나 화산재의 분출 없이 폭발이 일어나 그곳에 있던 암석을 날려 그 구멍만이 남게 된 것이다. 이러한 화산을 마르(Maar)라고 부르는데 한국에는 하나밖에 없는 세계적으로도 아주 희귀한 화산이다.특히, 산굼부리 밑바닥에는 틈이 많아서 물이 모두 스며들기 때문에 이 화구 안에는 식물의 생태계가 특이하게 분포되어 있다. 분화구의 내부높이에 따라 온대와 난대지역이 형성되어 있고 태양이 비치는 일사량과 일조시간에 따라 다양한 분포를 이루고 있다. 즉, 햇볕이 잘 드는 북쪽벼랑은 난대지역을 이뤄서 붉가시나무를 비롯해서 후박나무, 구실잣밤나무, 센달나무 등 상록활엽수군이 형성되어 있으며, 그 아래층에는 금새우란과 같은 희귀 식물과 자금우, 겨울딸기 등이 분포되어 있다. 또한, 햇볕이 잘 들지 않는 남쪽벼랑에는 북쪽과는 판이한 분포를 이루는 상수리나무를 비롯하여 졸창나무, 산딸나무, 단풍나무, 곰솔등 온대성낙엽수 군락이 진을 치고 있다.뿐만 아니라, 다른 곳에서는 보기 힘든 왕쥐똥나무군락을 비롯해서 상산 군락, 제주조릿대군락, 복수초군락, 변산바람꽃군락등이 매우 화려하고 완벽하게 보존되어 있음은 학술적으로도 연구 가치가 매우 높게 평가되고 있다. 그리고 노루와 오소리 등의 포유류를 비롯하여 조류, 파충류 등 야생동물들의 서식처로도 유명하다. 봄에는 분화구 밑바닥에서 구름이 형성돼서 위로 올라가는 모양이 신비에 가까우며, 쑥부쟁이를 비롯한 무룻과 용담, 물매화 등 천연색 꽃과 더불어 이 산굼부리에는 일 년 사시사철 관광객들에게 신비와 아름다움을 보여준다.","=GOOGLETRANSLATE(A359, ""ko"", ""zh-cn"")"
064-783-9900,"=GOOGLETRANSLATE(A360, ""ko"", ""zh-cn"")"
목포 연안여객선터미널,"=GOOGLETRANSLATE(A361, ""ko"", ""zh-cn"")"
전남 전라남도 목포시 해안로 182,"=GOOGLETRANSLATE(A362, ""ko"", ""zh-cn"")"
"목포연안여객선터미널은 목포시 항동에 위치한 여객터미널이다. 전라남도 서남권 도서지역과 다도해해상국립공원 등을 연결하는 역할을 하고 있다. 대합실 수용인원 1,738명의 규모며, 남해고속, 조양운수, 신진해운 등 7개의 선사가 있다. 내부에는 매표소, 안내실, 매점, 스낵코너, 무인민원발급기, 수유실, 쉼터, 화장실 등 편의시설을 잘 갖추고 있다. 또한 2충에 목포신안관광홍보관이 있어 잠시 둘러볼 수 있고 4층에는 종합문화예술 갤러리와 옥외정원이 있어 쉬어갈 수 있는 공간이 마려되어 있다.","=GOOGLETRANSLATE(A363, ""ko"", ""zh-cn"")"
1666-0910,"=GOOGLETRANSLATE(A364, ""ko"", ""zh-cn"")"
청주 상당산성,"=GOOGLETRANSLATE(A365, ""ko"", ""zh-cn"")"
충북 충청북도 청주시 상당구 성내로 70,"=GOOGLETRANSLATE(A366, ""ko"", ""zh-cn"")"
"* 삼국시대 포곡식 석축산성, 상당산성 *상당산성이란 명칭은 삼국시대 백제의 상당현에서 유래된 듯하다. 둘레가 4km를 넘는 거대한 포곡식 석축산성이다. 상당산성이 처음 축성된 것은 백제시대 때 토성으로 만들어진 것으로 추정되며 김유신의 셋째 아들 김서현(원정공)이 서원술성을 쌓았다는 기록이 전하기도 한다. 이후 조선시대 선조 29년 임진왜란 당시 개축되었다가 숙종 때 석성으로 개축하였다. 읍지(邑誌)에 따르면 이 산성은 1716년(숙종 42) 고지(古址)에 의거하여 석축으로 개수하였다고 하며, 남문 등의 성문·성벽에 당시의 공사관계자들의 이름과 관직명 등이 새겨져 있다. 남문의 문루는 1977년 복원되었다.* 상당산성의 구조 및 축조법 *산성의 면적은 12.6ha, 성 둘레 4,400m이며 크기가 일정하지 않은 석재로 수직에 가까운 성벽을 구축하고 그 안쪽은 토사(土砂)로 쌓아 올리는 내탁공법(內托工法)으로 축조하였으며 높이는 4.7m이다. 동·서·남방 3개소에 성문을 두었는데, 남문은 무사석(武砂石)으로 홍예문을 만들고 그 위에 목조 문루(門樓)를 세웠다. 지금은 석축 부분만 남아 있고, 성문의 높이는 3.5m, 너비는 4.2m이다. 동문과 서문도 역시 문루가 있었으며 성문은 무사석으로 네모지게 축조하였는데 높이 2.7m, 너비 2.8m이다. 동문과 남문 부근에 1개소씩의 암문(暗門)이 있고 동남방에 수구(水口)가 있었으나 지금은 여기에 저수지가 만들어져 있다. 성내에는 동장대(東將臺)와 서장대(西將臺)의 터가 남아 있다.상당산성은 청주를 상징하는 가장 대표적인 건축물이다. 멀리서 보아도 상당산이 머리에 띠를 두른 듯 또렷하게 보이는 성벽은 위기 때마다 청주 사람들의 울타리가 되어준 파수꾼이다. 상당산 능성 따라 이어진 성벽은 산을 돌아가며 둘레 4.2km, 높이 4~5m의 성곽이다. 임진왜란 때에 일부 고쳤으며 숙종 42년(1716)에 네모나게 다듬은 화강암으로 석성을 쌓았다. 성 안에는 5개의 연못과 3개의 사찰, 관청건물, 창고 등이 있었다. 현재 상당산성에는 공남문(남문)과 미호문(서문), 진동문(동문) 3개의 문과 2개의 암문, 치성 3곳과 수구 3개소가 있다. 조선군이 훈련하던 동장대는 1992년에 복원해 옛 모습을 재현하고 있다. 성을 한바퀴 돌고 내려오면 성안에는 전통한옥마을이 조성되어 있는데 전통마을에서 맛보는 전통주와 빈대떡은 산성을 돌고난 고단함을 풀어준다.※ 문화관광해설사가 상주하여 언제든지 해설을 들을 수가 있다.◎ 한류의 매력을 만나는 여행 정보 - 드라마 <연인>‘상당산성’은 <연인>에서 청나라의 침공으로 인해 임금 인조가 피신했던 장소로 남한산성의 배경이 되었던 장소이기도 하다.","=GOOGLETRANSLATE(A367, ""ko"", ""zh-cn"")"
043-201-0202,"=GOOGLETRANSLATE(A368, ""ko"", ""zh-cn"")"
물의 정원,"=GOOGLETRANSLATE(A369, ""ko"", ""zh-cn"")"
경기도 남양주시 조안면 북한강로 398,"=GOOGLETRANSLATE(A370, ""ko"", ""zh-cn"")"
"물의정원은 2012년 한강 살리기 사업으로 조성한 수변공원으로 자연과 소통하여 몸과 마음을 정화하고 치유하는 자연 친화적 휴식공간이다. 물의정원 상징교인 뱃나들이교를 건너면 수려한 북한강과 맞닿아 있는 강변산책로를 따라 대단지 초화단지가 조성되어 봄철(꽃양귀비) 및 가을철(황화코스모스) 초화류를 만끽할 수 있습니다. 자전거를 타고 달리는 것도 좋고, 연인과 산책하고, 가족 나들이하기도 좋은 곳이다. (출처 : 남양주시 문화관광 홈페이지)","=GOOGLETRANSLATE(A371, ""ko"", ""zh-cn"")"
남양주시 하천공원관리과 031-590-8634,"=GOOGLETRANSLATE(A372, ""ko"", ""zh-cn"")"
제부도,"=GOOGLETRANSLATE(A373, ""ko"", ""zh-cn"")"
경기도 화성시 서신면 해안길 421-12,"=GOOGLETRANSLATE(A374, ""ko"", ""zh-cn"")"
"서신면 앞바다에 있는 작은 섬, 일명 ‘모세의 기적’을 볼 수 있는 신비의 섬 제부도는 썰물 때면 하루에 두 번씩 바닷물이 양쪽으로 갈라져 섬을 드나들 수 있는 길이 열린다. 수도권에서 그리 멀지 않고 교통이 편리하여 가족 단위의 1박 2일 휴양 코스 여행지로 적당하며 물에 비친 낙조는 서해안에서 가장 아름다운 곳 가운데 하나로 꼽힌다. 세계 3대 디자인 상 중 하나인 ‘2017 레드닷 디자인 어워드’에서 ‘아트파크’와 해안산책로의 ‘경관벤치’가 각각 커뮤니케이션 디자인 부문에서 본상을 수상하는 등 디자인과 건축, 예술 등이 어우러진 ‘문화 예술의 섬’으로 거듭난 제부도는 2017년 경기유망관광 10선에 선정되었고, 한국관광공사에서 2년에 한 번 선정하는 2019-2020 한국관광 100선에도 선정되었다. 연 200만 명이 넘는 관광객이 찾아오는 경기도 서부해안 대표 관광지이다.(출처 : 화성시청 문화관광 홈페이지)","=GOOGLETRANSLATE(A375, ""ko"", ""zh-cn"")"
화성도시공사 제부도관리팀 031-355-3924,"=GOOGLETRANSLATE(A376, ""ko"", ""zh-cn"")"
성성호수공원,"=GOOGLETRANSLATE(A377, ""ko"", ""zh-cn"")"
충남 충청남도 천안시 서북구 성성2길 66,"=GOOGLETRANSLATE(A378, ""ko"", ""zh-cn"")"
"업성동의 '성', 성성동의 '성'을 따서 합쳐 만든 업성저수지가 탈바꿈한 곳으로 업성저수지의 수질이 6등급으로 악화되어 농업용 저수지로서의 기능이 상실하여 천안시의 수질개선 및 자연생태계 복원 사업으로 '성성 호수 공원'으로 탈바꿈되었다.방문자 센터(홍보관/체험관), 잔디마당과 숲 놀이터, 생태탐방로 및 자연 관찰 교량인 성성 물빛 누리교, 인공식물 섬, 물 순환시설 등 자연과 사람이 공존하는 도시생활 속 친환경 생태공원이며 이 공원에는 멸종 위기의 금개구리와 맹꽁이 등 다양한 양서류들과 원앙, 청둥오리, 흰뺨검둥오리 등을 구경해 볼 수 있다.","=GOOGLETRANSLATE(A379, ""ko"", ""zh-cn"")"
041-521-5436,"=GOOGLETRANSLATE(A380, ""ko"", ""zh-cn"")"
시흥 갯골생태공원,"=GOOGLETRANSLATE(A381, ""ko"", ""zh-cn"")"
경기도 시흥시 동서로 287 (장곡동),"=GOOGLETRANSLATE(A382, ""ko"", ""zh-cn"")"
"갯골생태공원은 150만 평의 폐염전 부지에 깊숙한 내만갯벌로 형성된 습지이다. 내만갯골 자연생태자원과 옛 염전의 문화유산을 활용하여 조성되었으며, 자연생태가 살아 숨 쉬는 보고［寶庫］이자, 시민에게 휴식을 제공하는 자연과 사람이 어우러진 친환경적 생태공원이다. 갯골 수로에는 서해안의 특성인 조수간만의 차가 크게 나타나고, 이곳에 형성된 갯골과 초지 군락지는 보기 드문 다양한 생물의 분포를 보이고 있으며, 옛 염전부지와 소금창고 등은 사라져 가는 해안문화의 자취를 지니고 있다. 이곳에서 칠면초, 나문재, 퉁퉁마디 등의 염생식물을 관찰할 수 있으며, 붉은 발 농게, 방게 등 다양한 생물도 관찰할 수 있다. 시흥갯골은 아름다운 경관과 생태적 우수성으로 시흥시의 생태환경 1등급 지역이며, 2012년 2월 국가 해양 습지보호지역으로 지정되었다.","=GOOGLETRANSLATE(A383, ""ko"", ""zh-cn"")"
031-488-6900,"=GOOGLETRANSLATE(A384, ""ko"", ""zh-cn"")"
국립수목원,"=GOOGLETRANSLATE(A385, ""ko"", ""zh-cn"")"
"국립수목원은 1997년 정부 대책으로 수립된 광릉숲 보전대책의 성과 있는 추진을 위하여 1999년 5월 24일 임업연구원 중부임업시험장으로부터 독립하여 신설된 국내 최고의 산림생물종 연구기관으로 식물과 생태계에 대한 다양한 역할을 담당하고 있다. 국립수목원은 산림식물의 조사·수집·증식·보존, 산림생물표본의 수집·분류·제작 및 보관의 업무를 하고 있으며, 국내외 수목원 간 교류 협력 및 유용식물의 탐색 확보, 산림식물자원의 정보 등록 및 유출입 관리도 하고 있다. 또한, 산림에 대한 국민 교육 및 홍보와 광릉숲의 보존을 임무로 한다. 이를 위해 국가식물자원 관리시스템 구축, 식물보존센터 설치 운영, 전문수목원의 기능 보완 및 확대 조성, 국내외 유용식물의 탐색 확보, 산림생물표본관의 건립, 국민 교육 및 홍보 확대, 수목원 전문 도서관 설치, 광릉숲의 생태계 보전 관리업무에 주력하고 있다.","=GOOGLETRANSLATE(A386, ""ko"", ""zh-cn"")"
031-540-2000,"=GOOGLETRANSLATE(A387, ""ko"", ""zh-cn"")"
롯데아울렛 남악점,"=GOOGLETRANSLATE(A388, ""ko"", ""zh-cn"")"
전남 전라남도 무안군 삼향읍 남악로162번길 80,"=GOOGLETRANSLATE(A389, ""ko"", ""zh-cn"")"
"매일 새로움과 즐거운 경험을 제공하는 롯데아울렛 남악점이다. 패션부터 식당가, 키즈카페, 펫부티크 등 한 번에 여러 가지 쇼핑이 가능한 지역 최대 쇼핑 공간으로 단지 내 롯데마트가 함께 있어 더욱 편리하다. 넓은 주차장이 있어 차량 방문에 용이하다. 유아휴게실, 유모차 대여, 분실물 안내 등 편의시설도 잘 구비가 되어있어 쇼핑하기에도 좋다.","=GOOGLETRANSLATE(A390, ""ko"", ""zh-cn"")"
윈드1947 카트테마파크,"=GOOGLETRANSLATE(A391, ""ko"", ""zh-cn"")"
제주특별자치도 서귀포시 토평공단로 78-27,"=GOOGLETRANSLATE(A392, ""ko"", ""zh-cn"")"
"윈드 1947 카트테마파크는 제주도 서귀포시 토평동에 위치한 체험형 테마파크이다. 윈드 1947 카트는 제주의 아름다운 남쪽 풍경을 배경으로 하여 위치해있다. 이곳은 다양한 체험장이 있는데 온 가족이 즐길 수 있는 액티비티 ‘윈드 1947 카트’와 제주 유일의 실내 비비탄 ‘서바이벌 체험장’이 있다. 그리고 인더스트리얼한 감성의 브런치카페 ‘제이팩토리’ 완벽한 휴식을 만드는 제주 감성공간, 무인카페 ‘다락’을 방문할 수 있다. 교육과 체험, 휴식과 즐거움, 액티비티를 통해 아이부터 어른까지 즐겁고 행복한 추억을 만들 수 있다. 코스도 안전하게 구성되어 있어 부담없이 즐길 수 있으며 한라산 전경을 보며 카트를 탈 수 있어 더욱 뜻깊고 스릴있는 체험이다.","=GOOGLETRANSLATE(A393, ""ko"", ""zh-cn"")"
064-733-3500,"=GOOGLETRANSLATE(A394, ""ko"", ""zh-cn"")"
강문해변,"=GOOGLETRANSLATE(A395, ""ko"", ""zh-cn"")"
강원특별자치도 강릉시 창해로 352,"=GOOGLETRANSLATE(A396, ""ko"", ""zh-cn"")"
"강문해변은 강문동에 자리 잡고 있으며 주변에 작은 포구인 강문항이 있어 근처 횟집에서 새벽에 잡은 싱싱한 생선회를 맛볼 수 있다. 깨끗이 정비된 숙박시설과 경포지구가 근접해 있다. 강문해변에서는 보트로 5∼10분 걸리는 곳에 정박을 하여 수심 5∼30m의 바닷속에 방대하게 펼쳐진 자연짬(바위), 말미잘, 대형 어류 등 뛰어난 수중경관을 감상할 수 있어 스킨스쿠버 동호인들이 많이 찾고 있으며 특히 추억을 남기고 싶은 신혼부부를 위한 수중 다이빙도 하고 있다. 또한 강문항이 있어 16척의 어선이 가자미, 노래미, 문어, 민들조개(째복), 성게, 멍게, 해삼 등을 수시로 잡고 봄에는 넙치, 광어, 대복 조개, 여름과 가을에는 삼치, 겨울에는 우럭 등을 잡고 있다. 낚시 애호가들은 항구에서 황어와 노래미(놀래기) 등을 낚기도 한다.◎ 한류의 매력을 만나는 여행 정보 - 드라마 <그녀는 예뻤다>성준이 혜진과 바다를 보며 화보 촬영 아이디어를 떠올린 곳이다. 두 사람은 이곳에서 서로의 속마음을 드러내며 낭만적 기류를 형성하기도 했다. 동해를 배경으로 인생 사진을 찍을 수 있는 포토존이 많아 연인들의 데이트 코스로도 인기다.","=GOOGLETRANSLATE(A397, ""ko"", ""zh-cn"")"
033-640-4920,"=GOOGLETRANSLATE(A398, ""ko"", ""zh-cn"")"
프로방스 마을,"=GOOGLETRANSLATE(A399, ""ko"", ""zh-cn"")"
경기도 파주시 탄현면 새오리로 69,"=GOOGLETRANSLATE(A400, ""ko"", ""zh-cn"")"
"프로방스 마을은 1996년 품격 높은 프랑스 레스토랑을 시작으로 아름다운 정원과 이야기가 있는 벽화, 야간 조명이 조화를 이루고 있는 곳이다. 유럽풍 베이커리와 카페, 이탈리안 레스토랑, 한국적인 음식 등 전 세계 음식을 맛볼 수 있으며, 트렌드를 선도하는 패션, 생활용품, 체험 시설 등 삶의 여유를 누릴 수 있는 공간으로 구성된 테마형 마을이다. 프로방스 마을은 따뜻한 색을 가진 독립된 건물에서 각각의 콘셉트를 갖고 운영되는 상점들이 모두 유기적으로 연결되어 있다. 30년 베이커리 명장이 매일 아침 굽는 베이커리와 정원이 내려다 보이는 카페, 브런치, 돈까츠, 정통 이탈리안레스토랑에서부터 전통한국음식까지 다양한 맛을 느낄 수 있는 식음매장, 트렌드를 이끄는 생활용품 및 소품샵, 유럽전통의상 대여 등 마을 내 다양한 상점이 위치하고 있다. 또한, 프로방스 마을은 온실 및 야외 정원을 조성해 꽃과 물이 공존하는 휴식공간을 제공하여 방문객으로부터 많은 사랑을 받고 있으며, 다양한 축제 등을 기획하여 사계절 내내 방문객에게 다양한 문화 공연과 새로운 체험, 아름다운 이벤트를 선사하고 있다.","=GOOGLETRANSLATE(A401, ""ko"", ""zh-cn"")"
031-946-6353,"=GOOGLETRANSLATE(A402, ""ko"", ""zh-cn"")"
해운대 달맞이길,"=GOOGLETRANSLATE(A403, ""ko"", ""zh-cn"")"
부산광역시 해운대구 달맞이길 190,"=GOOGLETRANSLATE(A404, ""ko"", ""zh-cn"")"
"해운대는 부산 해운대구 동쪽 바닷가에 있는 동백[冬柏] 섬을 지칭하지만 오늘날에는 ‘달맞이길’이라 불리는 해안선 일대와 언덕을 포함한 곳을 말한다. 부산의 몽마르트라고도 불리는 달맞이길은 예로부터 푸른 바다, 백사장, 동백숲, 소나무숲이 어우러진 절경으로 이 지역을 대표하는 명소이며 부산팔경[釜山八景]의 하나이기도 하다. 해운대 달맞이 고개와 청사포[靑沙浦]에서 바라보는 저녁달은 운치가 있다고 하여 대한팔경에 포함시켰다. 해운대해수욕장을 지나 송정해수욕장으로 향하는 길목은 ‘15곡도[曲道]’라고도 하며 드라이브 코스를 형성하고 있다. 이곳에서는 특히 정월 대보름날에 달빛과 어우러진 바다의 정취를 마음껏 즐길 수 있다. 또한 길목 중간 부분에는 달맞이동산이 조성되어 있다. 이곳에는 자연석으로 건립된 동산비가 있고 특히 달맞이 정자 해월정[海月亭]은 옛날 정자식으로 건축되어 고풍스러운 분위기가 운치를 더하고 있다.","=GOOGLETRANSLATE(A405, ""ko"", ""zh-cn"")"
해운대 관광안내소 051-749-5700,"=GOOGLETRANSLATE(A406, ""ko"", ""zh-cn"")"
물왕호수,"=GOOGLETRANSLATE(A407, ""ko"", ""zh-cn"")"
경기도 시흥시 물왕동 (물왕동),"=GOOGLETRANSLATE(A408, ""ko"", ""zh-cn"")"
"시흥시에서 가장 규모가 큰 물왕호수의 다른 이름은 흥부 저수지이다. 저수지를 설치할 당시 1945년에 행정구역이 시흥군과 부천군이었기 때문에 시흥의 흥과 부천군의 부를 취한 것이다. 시흥시 최대의 담수호이자 대표적인 휴식처이다. 서울·안양·안산 등 수도권 가까이에 자리잡고 주위를 관무산(일명 성인봉)·마하산·운흥산이 둘러싸고 있고, 2003년 포동폐염전과 물왕호 사이 자전거도로가 조성되었으며, 수인산업도로가 가까이 있어 교통이 편리하고 편의시설이 풍부하다. 2023년 명칭을 물왕저수지에서 물왕호수로 변경하였으며, 비 갠 후 물왕호수에 걸쳐 뜨는 무지개는 신선경이라 불릴 만큼 아름답다. 화려한 조명을 받은 호수의 야경이 아름다워 또 오고 싶은 물왕호수에는 구석구석 숨은 맛집과 다채로운 카페를 찾아다니는 재미가 있으며, 계절마다 피고 지는 아름다운 꽃과 나무들은 또 하나의 볼거리이다.","=GOOGLETRANSLATE(A409, ""ko"", ""zh-cn"")"
생태하천과 031-310-6082,"=GOOGLETRANSLATE(A410, ""ko"", ""zh-cn"")"
제주 무지개해안도로,"=GOOGLETRANSLATE(A411, ""ko"", ""zh-cn"")"
제주특별자치도 제주시 도두일동 1734,"=GOOGLETRANSLATE(A412, ""ko"", ""zh-cn"")"
"도두동 무지개 해안도로는 공항에서 차로 10분 거리에 있는 이색 도로다. 차량 추락을 막기 위해 해안도로를 따라 설치된 방호벽에 색을 입혀보자는 주민들의 의견을 반영하여 무지개색으로 칠했는데, 관광객들 사이에서 도두동 무지개 해안도로로 불리면서 명소가 되었다. 주변에는 해녀상을 비롯한 여러 조각상이 있어 구경하는 재미가 있고, 걸어서 이동이 가능한 곳에 도두봉이 있는데, 올레길 코스이면서 숨은 비경 중 하나이다. 경사가 완만하여 오르기 어렵지 않다.","=GOOGLETRANSLATE(A413, ""ko"", ""zh-cn"")"
부평깡통시장,"=GOOGLETRANSLATE(A414, ""ko"", ""zh-cn"")"
부산광역시 중구 부평1길 48,"=GOOGLETRANSLATE(A415, ""ko"", ""zh-cn"")"
"부산 부평깡통시장은 6·25 후 미군이 진주하면서 군용 물자와 함께 온갖 상품들이 밀수입되었는데 특히 과일, 생선 등 갖가지 통조림이 많이 수입되어 시장의 이름이 깡통시장이 되었다고 한다. 또한 '도떼기 시장'이라고도 했는데 그 당시 이곳을 토애 전국의 주요 시장으로 수입 물건들이 공급되었다고 한다. 워낙 시장 규모가 크고 외국 물건 등 없는 물건이 없다고 해서 도떼기 시장이 국제 시장으로 불리게 되었는데, 현재는 다양하고 많은 제품의 수입이 허가되면서 시장이 다소 위축되기는 했지만 아직도 그 명성과 저력은 여전히 느낄 수 있는 명소이다. 지금은 양주, 의류, 장식품, 액세서리, 패션 잡화와 미니 카세트 등 일부 외제 전자제품도 취급하고 있다. 110m가량 이어지는 시장거리에는 11개의 향토 향토음식 매대와 일본, 필리핀 등 6개의 다문화 먹을거리 매대, 13 새의 의류, 액세서리, 매대가 설치되어 있다. 부평깡통시장 입구와 시장 내 사거리에서는 하루 2차례 마술과 기타 공연 등 다양한 볼거리도 제공되며 시장 옆으로는 화려한 LED조명이 반겨준다.◎ 한류의 매력을 만나는 여행 정보 - 예능 <뉴진스코드 IN 부산>한국, 부산의 문화를 느낄 수 있는 ‘부평깡통시장’은 뉴진스의 리얼리티 예능 프로그램 ‘뉴진스코드 IN 부산’을 통해 소개된 적이 있는 곳이다. 이곳은 여러 나라의 음식부터 물품을 찾아볼 수 있는 다국적 시장이다. 부산 여행을 계획 중이라면 한국의 옛 문화와 음식, 전통을 체험할 수 있는 ‘부평깡통시장’을 들러 볼 것을 추천한다.","=GOOGLETRANSLATE(A416, ""ko"", ""zh-cn"")"
051-243-1128,"=GOOGLETRANSLATE(A417, ""ko"", ""zh-cn"")"
단양 사인암,"=GOOGLETRANSLATE(A418, ""ko"", ""zh-cn"")"
충북 충청북도 단양군 대강면 사인암2길 42,"=GOOGLETRANSLATE(A419, ""ko"", ""zh-cn"")"
"* 기암과 계곡의 만남이 장관을 이루는 사인암 *사인암은 단양 8경 중 하나로, 단양 남쪽 남조천변의 푸르고 깊은 계류를 끼고 있는 높이 70m의 기암절벽이다. 남조천(일명 운계천) 변에 병풍처럼 넓은 바위가 직벽을 이루며 위엄을 자랑하고 있는 그곳에 사인암이 자리하고 있다. 사인암은 중생대 백악기 흑운모 화강암으로 판상절리와 수직절리가 잘 발달하여 화강암체가 사각기둥처럼 보인다. 이 지역의 화강암체는 상부에 토르를 비롯한 절리가 잘 발달하여 특이한 경관을 형성하고 있으며, 하천가에 위치하여 포트홀과 너렐 등의 침식 지형이 분포하고 있다. 또한 고려시대 암자인 청련암이 있으며, 선암골 생태탐방로를 활용한 트레킹을 할 수 있어 많은 경관적 가치와 문화, 역사, 생태, 지질적 가치가 어우러져 있는 곳이다. * 사인암 이름의 유래 *조선 성종 때 단양군수로 재임한 임재광 선생은 단양 출신인 고려말 경사와 역학에 능통했던 대학자 역동 우탁 선생이 임금을 보필하는 직책인 정4품 ‘사인’이라는 벼슬로 재직할 당시 이곳에서 머물렀다 하여 사인암이라는 이름을 지어 붙였다고 한다.","=GOOGLETRANSLATE(A420, ""ko"", ""zh-cn"")"
사인암 관광안내소 043-422-1146,"=GOOGLETRANSLATE(A421, ""ko"", ""zh-cn"")"
"정선5일장 / 정선 아리랑시장 (2, 7일)","=GOOGLETRANSLATE(A422, ""ko"", ""zh-cn"")"
"정선5일장 / 정선 아리랑시장 2, 7일","=GOOGLETRANSLATE(A423, ""ko"", ""zh-cn"")"
강원특별자치도 정선군 정선읍 5일장길 40,"=GOOGLETRANSLATE(A424, ""ko"", ""zh-cn"")"
"정선5일장은 우리나라를 대표하는 재래시장이다. 끝자리가 2일, 7일인 날에 열리는데 지역 주민은 물론 전국 각지에서 찾아온 여행자들로 가득 찬다. 하지만 그 출발은 복작복작한 시골 오일장이었다. 지역 주민이 산나물과 농산물, 생필품 거래가 주를 이뤘다. 정선의 석탄 산업이 번성하며 한창 붐비다가 석탄 산업의 쇠퇴와 함께 한동안 침체기를 겪었다. 그러다 지난 1999년 정선오일장 관광열차(현 정선아리랑열차 A-Train)와 함께 부활했다. 정감 넘치는 시골 장터로 떠나는 기차 여행이 여행자의 감성을 자극했다. 정선아리랑의 고장이라는 사실 또한 한몫했다. 다채로운 공연과 이벤트 또한 시장의 흥을 더했다. 특히 정선만의 지역 먹을거리가 매혹했다. 쌉싸래한 향이 입맛을 돋우는 곤드레밥, 쫄깃한 식감을 자랑하는 수수부꾸미, 후루룩 콧등을 칠 정도로 소리 내며 먹어야 맛있는 콧등 치기 등 하나하나 열거하면 끝이 없다. 덕분에 미식 웰니스의 진수를 제대로 경험할 수 있다. 봄날의 곰취나 참나물, 여름 찰옥수수, 가을 머루 등 계절 특산물이 가득해, 농산물 쇼핑에도 제격이다. 오일장이나 주말장(토요일)에 맞춰 찾으면 좀 더 진한 시장 풍경을 느낄 수 있다. 하지만 상설장인 정선아리랑시장이 있어 언제 찾아도 정선 재래시장의 정감이 넘쳐난다. 동문 쪽에 위한 청년시장 청아랑몰도 들러볼 만하다.","=GOOGLETRANSLATE(A425, ""ko"", ""zh-cn"")"
033-563-6200,"=GOOGLETRANSLATE(A426, ""ko"", ""zh-cn"")"
청평사(춘천),"=GOOGLETRANSLATE(A427, ""ko"", ""zh-cn"")"
청평사 춘천,"=GOOGLETRANSLATE(A428, ""ko"", ""zh-cn"")"
강원특별자치도 춘천시 북산면 오봉산길 810,"=GOOGLETRANSLATE(A429, ""ko"", ""zh-cn"")"
"청평사는 한때 국보로 지정되었던 극락전 건물과 고려 최고의 명필로 꼽히는 탄연이 쓴 문수원기가 전해 내려오던 유서 깊은 사찰이다. 그러나 이들 유물은 한국전쟁 중 소실되는 아픔을 겪었다. 이후 극락전은 1975년에, 문수원기는 2008년에 각각 복원된 바 있다. 이외에도 청평사에는 회전문, 삼층석탑, 진락공 이자현 부도, 환적당 부도 등 여러 문화유산이 잘 보존되어 있다. 사찰 주변의 자연 지형을 적극 활용한 고려 시대의 정원 양식 또한 주목할 만하다. 직사각형의 연못인 영지를 중심으로 기암괴석과 폭포 등이 조화를 이루며 빼어난 경관을 자랑하는데, 이 아름다운 풍경에 이끌려 이제현, 김시습 등 많은 문인이 이곳을 찾아 머무르거나 시문을 남기기도 하였다.","=GOOGLETRANSLATE(A430, ""ko"", ""zh-cn"")"
033-244-1095,"=GOOGLETRANSLATE(A431, ""ko"", ""zh-cn"")"
경주 황리단길,"=GOOGLETRANSLATE(A432, ""ko"", ""zh-cn"")"
경북 경상북도 경주시 포석로 1080 (황남동),"=GOOGLETRANSLATE(A433, ""ko"", ""zh-cn"")"
"황리단길은 경주에서 가장 젊은 길로 황남동과 이태원의 경리단길을 합쳐진 단어로 ‘황남동의 경리단길’이라는 뜻을 가지고 있다. 내남사거리에서 시작해 황남초등학교 사거리까지의 도로를 기준으로 양쪽의 황남동, 사정동 일대의 지역을 일컫는다. 1960~70년대의 낡은 건물 등이 그대로 보존되어 있어 옛 정취를 고스란히 느낄 수 있는 거리이다. 몇 해 전부터 젊은이들이 모여들기 시작해 분위기 좋은 카페, 아기자기한 소품, 기념품 가게, 개성 있는 식당들이 들어섰다. 초기에는 도로변을 중심으로 상점들이 들어섰는데 황리단길 외연이 확장되면서 골목골목마다 개성 있는 가게들이 속속 들어서고 있다. 경주여행에서 빼놓을 수 없는 필수코스가 되었으며 인근의 첨성대, 대릉원의 관광지를 함께 둘러볼 수 있어 경주의 명소로 각광을 받고 있다.","=GOOGLETRANSLATE(A434, ""ko"", ""zh-cn"")"
경주터미널관광안내소 054-772-9289,"=GOOGLETRANSLATE(A435, ""ko"", ""zh-cn"")"
단양 고수동굴,"=GOOGLETRANSLATE(A436, ""ko"", ""zh-cn"")"
충북 충청북도 단양군 단양읍 고수동굴길 8,"=GOOGLETRANSLATE(A437, ""ko"", ""zh-cn"")"
"충북 단양군 단양읍 고수동굴길 8에 자리한 단양 고수동굴(천연기념물)은 신비롭고도 아름다운 천연 동굴 중 하나다. 길이 1,700m의 동굴 내부에는 종유석, 석순, 동굴산호, 동굴진주, 천연교는 물론 희귀 종유석인 아라고나이트 등 볼거리도 다양하다. 석회암 동굴에서 생성되는 거의 모든 것을 볼 수 있다고 해도 과언이 아니다. 고수동굴의 백미는 사자바위, 도담삼봉바위, 마리아상, 사랑바위 등 자연과 세월이 빚어낸 경이로운 풍경이다. 특히 관람이 제한되었던 B코스가 2013년 4월부터 일반에게 개방되어 볼거리를 더한다. 태고의 자연과 선사시대 생활상을 함께 엿볼 수 있어 아이들에게도 좋은 교육 장소이다.","=GOOGLETRANSLATE(A438, ""ko"", ""zh-cn"")"
043-422-3072,"=GOOGLETRANSLATE(A439, ""ko"", ""zh-cn"")"
애월해안도로,"=GOOGLETRANSLATE(A440, ""ko"", ""zh-cn"")"
제주특별자치도 제주시 애월읍 구엄리,"=GOOGLETRANSLATE(A441, ""ko"", ""zh-cn"")"
"제주 공항에서 불과 10㎞ 정도 달리다 보면 제주를 좀 안다는 이들 사이에서 아름답기로 소문난 애월해안도로를 만날 수 있다. 북서부의 해안선을 따라서 이어진 애월해안도로는 빼어난 제주의 바다 풍경을 감상할 수 있는 약 9km의 드라이브 코스이다. 자전거 전용도로와 도보길도 잘 갖추어져 있어 드라이브 외에도 사이클링과 산책 등의 방법으로 다양하게 즐길 수 있다이 도로는 제주 올레길 16코스의 일부이며, 자전거 라이딩과 트레킹의 명소로도 유명하다. 가는 길목마다 구엄포구, 남도리쉼터, 신엄리 방파제, 고내포구, 다락 쉼터, 큰 바위 얼굴 등 해안 명소들이 많아 중간중간 내려 아름다운 풍경을 감상하는 것도 좋다. 또한 다양한 맛집들과 카페, 숙박시설 등이 많이 있어 여행객들의 제주 여행 코스로서도 인기가 많다.","=GOOGLETRANSLATE(A442, ""ko"", ""zh-cn"")"
064-728-3394,"=GOOGLETRANSLATE(A443, ""ko"", ""zh-cn"")"
물향기수목원,"=GOOGLETRANSLATE(A444, ""ko"", ""zh-cn"")"
경기도 오산시 청학로 211 (수청동),"=GOOGLETRANSLATE(A445, ""ko"", ""zh-cn"")"
"1호선 오산대역 앞에 위치한 물향기수목원은 연간 35만 명 이상 방문하는 경기도를 대표하는 수목원 중 한 곳이다. 예부터 맑은 물이 흐르는 곳이라 하여 붙은 수청동[水淸洞]의 지명에서 유래하여 물향기수목원이라 이름 지어졌다. 경기도립 수목원으로 '물과 나무와 인간의 만남'이라는 주제로 2000년부터 2005년까지 조성되어 2006년 5월 개원하였다. 34㏊의 규모로 오산시 도심에 조성된 물향기수목원은 물향기산림전시관, 물방울온실, 난대식물원, 분재원, 무궁화동산 등을 비롯한 총 24개의 주제원에 총 1,930여 종의 식물을 보유하고 있으며, 방문자센터, 식물도서관, 전망대, 잔디마당, 숲속 쉼터, 수유실 등의 편의시설을 갖추고 있다. 수목원은 전철역과 가깝고 경사가 완만하며 그늘과 의자 등 쉼터가 많고, 무장애나눔길을 조성하여 교통약자, 어린이, 임산부 누구나 걷기 편안하다.","=GOOGLETRANSLATE(A446, ""ko"", ""zh-cn"")"
031-378-1261,"=GOOGLETRANSLATE(A447, ""ko"", ""zh-cn"")"
자작도해변,"=GOOGLETRANSLATE(A448, ""ko"", ""zh-cn"")"
강원특별자치도 고성군 죽왕면 자작도선사길,"=GOOGLETRANSLATE(A449, ""ko"", ""zh-cn"")"
자작도해변은 초승달 모양의 해안선을 따라 발달한 희고 고운 모래와 백사장으로 이루어졌다. 유영 폭이 길고 수심이 낮아 어린이가 있는 가족 단위의 피서객이 즐길 수 있는 해수욕장이고 해수욕장 좌우에 발달한 기암괴석의 경관이 매우 빼어나다. 다른 곳에 비해 백사장이 길고 송림이 우겨져 남다른 경관을 자랑하고 있으며 1991년 7월에 개장된 이래 많은 관광객에게 지속적으로 사랑받고 있다. 강한 파도에 표면이 매끈하게 다듬어진 암석들이 다양한 형태로 흩뿌려진 모습이 너무나 인상적이며 스노클링 포인트가 있다.,"=GOOGLETRANSLATE(A450, ""ko"", ""zh-cn"")"
고성군청 관광과 033-680-3362,"=GOOGLETRANSLATE(A451, ""ko"", ""zh-cn"")"
충북 충청북도 청주시 상당구 문의면 청남대길 646,"=GOOGLETRANSLATE(A452, ""ko"", ""zh-cn"")"
"청남대는 대청호반에 자리 잡고 있는 청남대는 따뜻한 남쪽의 청와대라는 뜻으로 1983년부터 대한민국 대통령의 공식 별장으로 이용되던 곳이다. 역대 대통령들은 청남대에서 다양한 인사들과 회동하며 지역현안을 논의하는 한편, 여러 국빈들을 맞이하기도 했다. 주요 시설로는 본관을 중심으로 골프장, 그늘집, 헬기장, 양어장, 오각정, 초가정 등이 있고, 개방 전까지 총 다섯 분의 대통령이 88회 이용하였으며, 2003년 4월 18일 일반인에게 개방되었다. 사계(四季)에 따라 제 모습을 바꾸는 조경수와 야생화는 청남대의 또 다른 자랑거리 중 하나이다. 자연생태계도 잘 보존되어 천연기념물 수달, 날다람쥐와 멧돼지, 고라니, 너구리 등이 서식하고 있으며 각종 철새의 도래지이기도 하다.","=GOOGLETRANSLATE(A453, ""ko"", ""zh-cn"")"
043-257-5080,"=GOOGLETRANSLATE(A454, ""ko"", ""zh-cn"")"
화암사(고성),"=GOOGLETRANSLATE(A455, ""ko"", ""zh-cn"")"
화암사 고성,"=GOOGLETRANSLATE(A456, ""ko"", ""zh-cn"")"
강원특별자치도 고성군 토성면 화암사길 100,"=GOOGLETRANSLATE(A457, ""ko"", ""zh-cn"")"
"화암사는 강원도 고성군 신평리에 위치한 사찰로, 신라 제36대 혜공왕 5년(769년)에 진표율사에 의해 창건되었다. 이후 여러 차례 화재로 소실과 재건을 반복하였다. 조선 인조 1년(1623)에 소실되었으나 인조 3년(1625)에 다시 중창되었으며, 고종 1년(1864)에는 지금의 위치인 수바위 아래로 옮겨 지으면서 이름도 ‘수암사(穗岩寺)’로 바뀌었다. 이후 1912년에 다시 ‘화암사(禾岩寺)’로 이름이 변경되었다. 한국전쟁 중 다시 한 차례 화재로 소실되었고 이후 법당만 복원되었다. 1991년 세계잼버리대회를 준비하면서 기존 건물을 철거하고 전면적으로 재건축하여 오늘에 이르고 있다. 현재 화암사에는 일주문, 대웅전, 삼성각, 명부전, 요사채 등의 건물이 있으며, 조선 후기에 조성된 것으로 보이는 부도군(浮屠群)과 일부 계단석도 남아 있다. 이 절에는 정조가 하사한 관음보살상 6첩 병풍이 전래되었으나, 해방 이후의 행방은 알 수 없다. 또한, 죽암당 부도를 포함해 15기의 부도와 진표당의 진영을 비롯해 총 16점의 진영이 있었다는 기록이 전해진다. 사찰은 신선봉 자락의 청정한 화암골에 자리하고 있으며 수바위와 울산바위 등 주변 경관이 수려하다. 인근에는 신선봉, 세계잼버리장, 콘도미니엄 등이 밀집해 있어 둘러볼 곳이 많다. 또한, 사찰 내 전통 찻집이 있어 조용한 산사에서 전통차를 즐기는 것도 특별한 경험이 될 수 있다.◎ 한류의 매력을 만나는 여행 정보 - 예능 <여름방학>화암사는 tvN 예능 프로그램 <여름방학>에서 배우 정유미와 최우식이 템플스테이를 체험한 장소이다. 두 사람은 예불, 스님과의 차담 등 다양한 사찰 체험을 통해 일상에서 벗어나 마음의 여유를 찾는 힐링의 시간을 보냈다. 고즈넉한 분위기 속에서 자연과 함께하는 이곳은 몸과 마음을 쉬어갈 수 있는 특별한 여행지로 추천한다.","=GOOGLETRANSLATE(A458, ""ko"", ""zh-cn"")"
033-633-1525,"=GOOGLETRANSLATE(A459, ""ko"", ""zh-cn"")"
강화 동막해변,"=GOOGLETRANSLATE(A460, ""ko"", ""zh-cn"")"
인천광역시 강화군 화도면 해안남로 1481,"=GOOGLETRANSLATE(A461, ""ko"", ""zh-cn"")"
"동막해변은 세계 5대 갯벌 중 하나로 꼽힐 만큼 갯벌 체험을 하기에 좋은 곳이다. 백사장과 울창한 소나무 숲으로 둘러싸여 천혜의 자연경관을 자랑하고 있다. 밀물 시에는 해수욕을 즐길 수 있고, 썰물 시에는 갯벌에 사는 여러 가지 생물들을 관찰할 수 있다. 물이 빠지면 끝없이 펼쳐진 갯벌이 드러나면서 칠게, 가무락, 쌀무늬고둥, 갯지렁이 등 다양한 바다 생물들을 관찰할 수 있다.해변 한쪽으로는 ‘저어새 보러 가는 길’이라는 해안 산책로가 조성되어 있다. 저어새는 세계적인 멸종 위기종으로 천연기념물로 지정해 보호하고 있는데 강화 갯벌에서 번식지가 발견된 바 있다. 강화 갯벌 및 저어새 번식지는 천연기념물로 지정됐다.","=GOOGLETRANSLATE(A462, ""ko"", ""zh-cn"")"
032-937-4445,"=GOOGLETRANSLATE(A463, ""ko"", ""zh-cn"")"
호미곶 해맞이광장,"=GOOGLETRANSLATE(A464, ""ko"", ""zh-cn"")"
경북 경상북도 포항시 남구 호미곶면 해맞이로150번길 20,"=GOOGLETRANSLATE(A465, ""ko"", ""zh-cn"")"
"호미곶은 한반도의 최동단에 위치, 한반도 지형상 호랑이 꼬리에 해당하는 곳이다. 고산자 김정호는 대동여지도를 만들면서 이곳을 일곱 번이나 답사 측정한 뒤 우리나라의 가장 동쪽임을 확인하였다고 한다. 가장 먼저 해가 뜨는 곳으로 2000년 및 2001년 두 차례에 걸쳐 국가지정 해맞이 축전이 개최되었으며 해마다 한민족 해맞이 축전이 열리고 있다. 이곳에 조성된 해맞이 광장에는 천 년대의 마지막 햇빛과 날짜변경선인 피지섬의 첫 햇빛, 그리고 이곳 호미곶에서 채화된 시작의 햇빛 등을 합해 영원의 불로 간직하고 있는 영원의 불씨함이 있으며 바다와 육지에 각각 오른손과 왼손의 형상을 하고 화합과 상생을 뜻하고 있는 대형 청동 조형물 상생의 손과 삼국유사에 전해 내려오는 이 지방 설화의 주인공 연오랑세오녀상이 있다. 상생의 손은 국가행사인 호미곶 해맞이 축전을 기리는 상징물이다. 육지에선 왼손, 바다에선 오른손인 상생의 손은 새천년을 맞아 모든 국민이 서로를 도우며 살자는 뜻에서 만든 조형물인 상생의 손은 두 손이 상생을 의미한다. 성화대의 화반은 해의 이미지이며, 두 개의 원형고리는 화합을 의미한다. 상생의 두 손은 새천년을 맞아 화해와 상쇄의 기념정신을 담고 있다.","=GOOGLETRANSLATE(A466, ""ko"", ""zh-cn"")"
054-270-5855,"=GOOGLETRANSLATE(A467, ""ko"", ""zh-cn"")"
"남산서울타워는 효율적인 방송전파 송수신과 한국의 전통미를 살린 관광 전망시설의 기능을 겸비한 국내 최초의 종합전파탑으로 방송문화와 관광산업의 미래를 위해 건립되었다. 세계 유명한 종합 탑들이 그 나라 또는 그 도시의 상징적인 존재가 된 것처럼 남산서울타워 역시 지난 40여 년간 대한민국의 대표적인 관광지이자 서울의 상징물 역할을 해왔다. 남산서울타워는 서울 시내 전 지역에서 바라보이는 탑의 높이와 독특한 구조, 형태 등으로 인하여 시민의 관심과 사랑의 대상이 되었고 내외국인들이 즐겨 찾는 제1의 관광 명소로서의 위치를 확고히 하고 있다. 최근에는 한류 바람을 몰고 온 각종 예능, 드라마의 촬영지로 이름이 높아지면서 내외국인 관광객들이 발길이 끊이지 않는 곳이다.","=GOOGLETRANSLATE(A468, ""ko"", ""zh-cn"")"
"26,000원","=GOOGLETRANSLATE(A469, ""ko"", ""zh-cn"")"
02-756-2486,"=GOOGLETRANSLATE(A470, ""ko"", ""zh-cn"")"
최참판댁,"=GOOGLETRANSLATE(A471, ""ko"", ""zh-cn"")"
경남 경상남도 하동군 악양면 평사리길 66-7,"=GOOGLETRANSLATE(A472, ""ko"", ""zh-cn"")"
"박경리 선생의 대하소설 <토지>의 무대로 유명한 악양 평사리는 섬진강이 주는 혜택을 한 몸에 받은 땅이다. 평사리 논길을 따라 들어가면 들판 가운데에 소나무 두 그루가 우뚝 서서 정겹게 맞이하고 지리산 자락에는 초가들이 한 폭의 그림처럼 펼쳐진다. 그 중턱에 고래등 같은 기와집이 박경리 선생의 대하소설 <토지>의 배경이 된 최참판댁이다. 동학혁명에서 근대사까지 우리 한민족의 대서사시인 박경리의 대하소설 <토지>의 배경인 이곳 평사리에 소설 속의 최참판댁이 한옥 14동으로 구현되어 있으며, 조선후기 우리 민족의 생활모습을 재현해 놓은 드라마 ‘토지’ 세트장도 조성되어 있다. 매년 가을이면 전국 문인들의 문학축제인 ‘토지문학제’가 이곳에서 개최되고 있으며, 문학마을로써 자리매김하고 있다.","=GOOGLETRANSLATE(A473, ""ko"", ""zh-cn"")"
055-880-2960,"=GOOGLETRANSLATE(A474, ""ko"", ""zh-cn"")"
산지천,"=GOOGLETRANSLATE(A475, ""ko"", ""zh-cn"")"
제주특별자치도 제주시 건입동,"=GOOGLETRANSLATE(A476, ""ko"", ""zh-cn"")"
"산지천은 한라산 부근에서 제주시 도심을 관통하여 제주시 최대의 재래시장인 동문시장 옆을 흘러 제주항까지 흐르는 하천이다. 산업화가 한창이던 1960년대에 산지천을 덮어 주택과 상가건물을 지으면서 환경오염 문제가 생기자 1995년도에 복원사업을 시작했다. 2002년 맑은 물이 흐르는 현재의 산지천 모습을 갖게 되었다. 은어, 숭어, 밀어, 붕어 등의 민물고기들이 서식하고 있어 여름철이면 낚시를 즐기는 사람들과 아이들이 수영하는 모습을 종종 볼 수 있다.쇼핑의 중심지 칠성통과 동문재래시장 등이 주변에 자리하고 있고, 제주 올레 18코스의 시작점이기도 해 주변에는 늘 많은 사람이 북적거린다. 매년 산지천 축제를 열어 산지천 용천수가 흐르는 길을 따라 다양한 체험 공간과 전시, 먹거리 장터, 흥겨운 무대와 공연을 펼친다. 산지천을 따라 걸으면 옛 건물들을 개조해 독특한 현대 미술 전시 공간으로 바꾼 아라리오뮤지엄이 있고, 과거 제주 사람들에게 본인의 모든 것을 내놓고 나눔과 봉사를 몸소 실천한 김만덕 할머니를 기리는 김만덕기념관 등의 명소가 자리하고 있다.","=GOOGLETRANSLATE(A477, ""ko"", ""zh-cn"")"
해수워터피아,"=GOOGLETRANSLATE(A478, ""ko"", ""zh-cn"")"
인천광역시 서구 봉수대로 257 (가좌동),"=GOOGLETRANSLATE(A479, ""ko"", ""zh-cn"")"
"해수워터피아는 사우나, 찜질방 외에도 피트니스클럽, 소극장, 공연장을 갖춘 복합레저타운이다. 지하 250m 천연 암반속에서 끌어올린 청정해수를 사용한다. 3층엔 여성사우나 6층은 남성 사우나로 각종 테마별 욕탕(해수탕, 해수냉탕, 이벤트탕, 열탕, 비취온탕, 녹차탕, 안마탕, 급냉탕, 사우나(황토, 자수정이슬, 게르마늄), 수면실등이 있다. 또 4층은 중앙홀을 중심으로 식당과 커피숍, 황금숯방, 황토방, 비취수정방, 에스키모방 그리고 공연장이 있으며 4층을 내려볼 수 있는 5층 발코니를 돌면 찜질코너와 PC방, 마사지&피부숍, 여성수면실, 여성전용휴게실 등이 있다. 찜질방은 산소방, 아로마 향기방, 산림욕방, 다이아몬드방등 각종 테마형 찜질방이 있다.","=GOOGLETRANSLATE(A480, ""ko"", ""zh-cn"")"
032-577-3600,"=GOOGLETRANSLATE(A481, ""ko"", ""zh-cn"")"
강원특별자치도 강릉시 강동면 율곡로 1441,"=GOOGLETRANSLATE(A482, ""ko"", ""zh-cn"")"
"하슬라아트월드는 자연과 사람, 예술이 조화롭게 공존하는 종합예술공간이다. 3만 3천여 평의 조각공원은 ‘성성활엽길’, ‘소나무 정원’, ‘시간의 광장’, ‘바다정원’, ‘하늘전망대’, ‘돌갤러리와 소똥미술관’의 테마로 자연훼손을 최소화하기 위하여 비탈면과 산의 높이를 그대로 이용하여 손으로 직접 만들었으며 자연을 가장 아름답게 볼 수 있는 각도로 길을 내고 예술정원으로 꾸몄다. 하슬라아트월드는 국내외 작가들과 함께 하는 예술 작업 및 공연 전시 축제가 1년 내내 끊이지 않는 특별한 경험과 행복을 주는 공간이다. 실내미술관에는 현대 미술 200여 점이 전시된 ‘현대 미술관’과 유럽 각국에서 수집한 마리오네트와 피노키오 작품들이 전시된 ‘피노키오 & 마리오네트 미술관’이 있다. 하슬라 미술관은 기획전시, 초대전시, 상설전시가 진행 중이며 전시 스케줄에 따라 관람할 수 있다.◎ 한류의 매력을 만나는 여행 정보 - 드라마 <멜로홀릭> 예리가 전 연인과의 추억을 정리하는 장면의 배경이 된 곳이다. CNN이 선정한 ‘강원의 추천 명소’로, 미술품을 감상하고 자연을 배경으로 인생 사진을 찍을 수 있는 인기 관광지다. 예리가 마음을 추슬렀던 야외 전시관에 서서 바다를 바라보면 탁 트인 풍경에 답답했던 마음이 뻥 뚫리는 기분이다.","=GOOGLETRANSLATE(A483, ""ko"", ""zh-cn"")"
033-644-9411,"=GOOGLETRANSLATE(A484, ""ko"", ""zh-cn"")"
안양농수산물도매시장,"=GOOGLETRANSLATE(A485, ""ko"", ""zh-cn"")"
경기도 안양시 동안구 흥안대로 313,"=GOOGLETRANSLATE(A486, ""ko"", ""zh-cn"")"
"안양 농수산물도매시장은 뛰어난 접근성과 연계성으로 수도권 남부지역의 유통을 담당하는 공영도매시장이다. 도매상인 뿐아니라 일반 소비자도 즐겨 찾아 항상 활기를 띠는 곳으로 1997년 9월 개장하였다.청과(과일동), 청과(채소동), 수산동이 있으며, 관련 상가 및 직판상가, 냉동 제빙, 보관창고 등의 시설을 갖추고 있다. 새벽에는 과일, 야채, 수산물의 경매를 통한 도매거래가 이루어지고, 주간에는 일반 소비자를 대상으로 하는 소매거래도 한다. 산지 직송의 품질 좋은 농수산물을 제철에 만나볼 수 있어 많은 소비자가 방문하며, 특히 회센터가 있어 횟감을 직접 보고 구매한 뒤 회센터로 이동해 신선한 해산물을 맛볼 수 있다.점포별 물량 및 사정에 따라 공지된 영업 종료 시각보다 일찍 문을 닫기도 하므로 영업 종료 최소 1시간 전에 방문하는 것이 좋다.평촌IC에서 차량으로 약 1분, 4호선 평촌역에서 차량으로 약 5분 소요되며, 지하철역에서 한 번에 오는 버스가 있다. 인근에 관악산, 안양예술공원, 평촌중앙공원, 서울랜드, 서울대공원, 렛츠런파크 서울, 백운호수 등이 있다.","=GOOGLETRANSLATE(A487, ""ko"", ""zh-cn"")"
031-8045-2631,"=GOOGLETRANSLATE(A488, ""ko"", ""zh-cn"")"
아쿠아플라넷 여수,"=GOOGLETRANSLATE(A489, ""ko"", ""zh-cn"")"
전남 전라남도 여수시 오동도로 61-11 (수정동),"=GOOGLETRANSLATE(A490, ""ko"", ""zh-cn"")"
"아쿠아플라넷 여수는 전남 여수시 여수 신항 제2부두 인근에 자리한 국내 2위 규모의 아쿠아리움으로, 아시아 최대 규모의 프리미엄 해양 테마파크이다. 아쿠아(Aqua)는 바다의 웅장함, 그리고 해양과학과 인간의 만남을 뜻하며, 플라넷(Planet)은 ‘아쿠아플라넷에서만 느낄 수 있는 첨단과학의 콘셉트를 관람객이 직접 우주 행성을 탐험하듯 즐기게 한다’는 의미를 가지고 있다. 일상에서 쉽게 접할 수 없는 다양한 해양생태계의 모습을 보여줌으로써 해양문화의 가치와 생태계 보존을 대중에게 널리 알리고자 한다. ‘2012 여수세계박람회’ 메인 관람시설로 지정된 아쿠아플라넷 여수는 태양광발전에 의해 구현되는 친환경 아쿠아리움으로 각층에는 ‘오션라이프’, ‘마린 라이프’, ‘아쿠아 포리스트’ 등 차별화된 체험 전시공간을 운영하고 있다. 300여 종 5만 5000여 마리의 해양생물이 살고 있고, ‘벨루가(흰 고래), ‘푸른 바다거북’ 등 멸종위기 생물들의 종보전 연구를 진행하고 있다.","=GOOGLETRANSLATE(A491, ""ko"", ""zh-cn"")"
"37,900원","=GOOGLETRANSLATE(A492, ""ko"", ""zh-cn"")"
월미도,"=GOOGLETRANSLATE(A493, ""ko"", ""zh-cn"")"
인천광역시 중구 월미문화로 36 (북성동1가),"=GOOGLETRANSLATE(A494, ""ko"", ""zh-cn"")"
"1989년 7월 문화의 거리가 조성된 이래 문화예술의 장, 만남과 교환의 장 그리고 공연놀이마당 등으로도 알려지기 시작한 월미도는 인천 하면 떠올릴 만큼 유명한 곳이다. 이곳은 카페, 회센터 등 조화를 이루며 늘어서 있어 시원한 바다를 바라보며 구미에 맞는 음식을 골라 즐길 수도 있다. 휴일엔 각지에서 수십만 명의 인파가 몰리며 인천시민과 그 주변 시민의 휴식 공간으로 자리하고 있다. 월미도 문화의 거리는 관광객을 위하여 특성있는 구간을 조성하여 만남교환의 장, 문화예술의 장과 각종 공연을 위한 연출의 장을 설치하여 이용객의 편의를 도모하여 시민문화 의식의 고취와 지방 예술 문화창달에 기여하고 있다.","=GOOGLETRANSLATE(A495, ""ko"", ""zh-cn"")"
월미도관광안내소 032-765-4169,"=GOOGLETRANSLATE(A496, ""ko"", ""zh-cn"")"
김녕성세기해변 (김녕해수욕장),"=GOOGLETRANSLATE(A497, ""ko"", ""zh-cn"")"
김녕성세기해변 김녕해수욕장,"=GOOGLETRANSLATE(A498, ""ko"", ""zh-cn"")"
제주특별자치도 제주시 구좌읍 구좌해안로 237,"=GOOGLETRANSLATE(A499, ""ko"", ""zh-cn"")"
"하늘에서 바라본 모습이 한문 평(平) 자를 이룬 모양을 하고 있어 김녕이라고 불리는, 김녕마을에 있는 해수욕장이다. 거대한 너럭바위 용암 위에 모래가 쌓여 만들어졌으며, 성세기는 외세의 침략을 막기 위한 작은 성이라는 뜻이 담겨 있다.하얀 모래에 부서지는 파도들이 시원한 소리를 내고, 코발트빛 바다 풍경이 제주 자연의 아름다움을 새삼 느끼게 해주는 곳이다.해변가를 걷다 보면 제주의 바람으로 돌아가는 김녕풍력발전기들을 관찰할 수 있다. 인근에는 갓돔과 노래미돔이 잘 잡히는 갯바위 낚시터가 낚시꾼들에게 인기 명소이며, 용천동굴, 당처물동굴, 만장굴 등 다양한 굴이 근처에 위치해 있어 여름에 시원하게 피서를 즐길 수 있다.김녕해수욕장은 특이한 지형으로 인해 지질트레일도 조성이 되어 있는데, 지질트레일은 유네스코 세계지질공원을 활용해 각 지역의 지질자원과 마을의 역사 및 문화와 어울려진 도보길이다.","=GOOGLETRANSLATE(A500, ""ko"", ""zh-cn"")"
064-728-3988,"=GOOGLETRANSLATE(A501, ""ko"", ""zh-cn"")"
한국민속촌,"=GOOGLETRANSLATE(A502, ""ko"", ""zh-cn"")"
경기도 용인시 기흥구 민속촌로 90 (보라동),"=GOOGLETRANSLATE(A503, ""ko"", ""zh-cn"")"
"한국민속촌은 오랜 시간을 거쳐 전승되어 온 우리 문화 속 생활풍속을 한데 모아 내외국인 관광객에게 우리의 전통문화를 소개하기 위해 1974년에 설립되었다. 높은 교육적 가치와 관광적 가치를 지닌 한국민속촌은 설립 이후부터 지금까지 생생한 문화체험과 아름다운 자연 속의 전통문화 관광지로서 사랑받고 있다. 웰컴 투 조선, 추억의 그때 그 놀이 등 전통을 재해석해 만들어진 다양한 테마와 콘셉트의 시즌 축제가 특별한 즐거움을 선사한다.","=GOOGLETRANSLATE(A504, ""ko"", ""zh-cn"")"
031-288-0000,"=GOOGLETRANSLATE(A505, ""ko"", ""zh-cn"")"
월정사·월정사 전나무숲,"=GOOGLETRANSLATE(A506, ""ko"", ""zh-cn"")"
강원특별자치도 평창군 진부면 오대산로 374-8,"=GOOGLETRANSLATE(A507, ""ko"", ""zh-cn"")"
"월정사는 신라 선덕여왕 12년(643)에 자장율사에 의해 산 전체가 불교성지인 오대산에 창건된 사찰이다. 조계종 제4교구 본사로 60여 개의 사찰과 8여 개의 암자를 거느리고 있으며 국보 팔각 9층석탑, 보물인 월정사 석조보살좌상, 목조문수동자좌상 등 수많은 문화재를 보유하고 있다. 월정사 일주문에서 금강교까지 약 1km에는 1,700여 그루의 전나무가 있는 전나무숲이 펼쳐진다. 전나무숲은 사계절 모두 방문객에게 사랑받는 천년 고찰 월정사의 대표 관광명소로 월정사에 방문한다면 꼭 들러봐야 할 곳이라 할 수 있다.월정사에서는 속세를 떠나 산속에서 지친 몸과 마음을 재충전할 수 있는 템플스테이를 휴식형과 체험형으로 나누어 운영하고 있다. 템플스테이 외에도 일반 대중들의 행자생활 체험을 위한 월정사 출가학교가 있다. 또, 오대산 자연명상마을, 줄여서 옴뷔(OMV; Odaesan Meditation Village)는 축구장 14배에 달하는 약 9만 9170㎡ 규모로 숙박시설, 문화체험시설, 식당, 정원과 숲길 등을 갖춰 일과 경쟁에서 지친 사람들에게 자연의 휴식처에서 명상을 통해 심신을 회복하는 기회를 제공한다. 이 외에도 월정사에서 상원사까지 9km의 선재길 걷기 체험과 월정사 주지 정념스님과 인도요가 마스터 Sohan과 함께하는 선명상요가 학교도 운영 중이다.","=GOOGLETRANSLATE(A508, ""ko"", ""zh-cn"")"
033-339-6800,"=GOOGLETRANSLATE(A509, ""ko"", ""zh-cn"")"
섭지코지,"=GOOGLETRANSLATE(A510, ""ko"", ""zh-cn"")"
제주특별자치도 서귀포시 성산읍 섭지코지로 107,"=GOOGLETRANSLATE(A511, ""ko"", ""zh-cn"")"
"섭지코지는 코지(코지곶을 의미하는 제주 방언)라는 지명에서 알 수 있듯 코의 끄트리 모양 비죽 튀어나온 지형이다. 위치상으로는 서귀포시 성산읍 신양리 해안에 돌출되어 있다. 외지인들에게는 찾아가기가 그리 쉽지는 않은데 대개의 경우 신양리 해안 국도변에서 마을로 진입하여 이정표를 보고 콘크리트로 포장된 길을 따라가면 코지 끝에까지 이를 수 있다. 또는 서귀포 방면에서 찾아온다면, 표선 시내를 지나 약 7㎞쯤 가서 우측으로 해안 도로 표지판이 나오면 여기서 우회전하여 줄곧 바다를 끼고 정면으로 섭지코지 전경을 바라보며 달리다가 이내 신양해수욕장 백사장이 보이고 마을 앞에 이르러 우회전, 마찬가지로 콘크리트 도로를 따라가면 된다.특히 이곳의 유채꽃은 밝은 햇살과 푸른 바다 빛과 어울려 그 어느 곳에서보다 더욱 선명하고 고운 빛깔을 띠고 있다. 넓고 평평한 코지 언덕 위에는 옛날 봉화 불을 지피던 협자연대라는 돌로 만든 봉수대가 세워져 있는데 높이 약 4m, 가로세로 9m의 정방형으로 비교적 원형대로 보존되어 있다. 연대에서 동북 방향으로 솟아있는 봉우리는 일명 붉은오름으로, 제주말로 송이라고 하는 붉은색 화산재로 이루어진 오름인데, 정상에 서있는 하얀 등대의 모습이 노란 유채꽃밭과 오름의 붉은 흙빛, 그리고 파란 하늘빛, 바다 빛과 대비되는 또 다른 이국적인 정취를 불러일으킨다. 등대까지는 철계단이 마련되어 있어 쉽게 올라갈 수 있으며 등대 난간에 올라서면 과연 기가 막힌 섭지코지의 해안절경이 바로 코앞에 펼쳐진다.","=GOOGLETRANSLATE(A512, ""ko"", ""zh-cn"")"
064-782-2810,"=GOOGLETRANSLATE(A513, ""ko"", ""zh-cn"")"
용머리해안,"=GOOGLETRANSLATE(A514, ""ko"", ""zh-cn"")"
제주특별자치도 서귀포시 안덕면 사계리 112-3,"=GOOGLETRANSLATE(A515, ""ko"", ""zh-cn"")"
"용머리 해변은 산방산 앞자락에 있는 바닷가로 산방산 휴게소에서 걸어내려가면 수려한 해안절경의 용머리 해안과 마주치게 된다. 수천만 년 동안 쌓이고 쌓여 이루어진 사암층과 파도가 만들어낸 해안 절벽을 감상할 수 있다. 작은 방처럼 움푹 들어간 굴방이나 드넓은 암벽의 침식 지대가 펼쳐져 장관을 연출하고 있으며, 용머리라는 이름은 언덕의 모양이 용이 머리를 들고 바다로 들어가는 모습을 닮았다 하여 붙여졌다. 전설에 의하면 용머리가 왕이 날 훌륭한 형세임을 안 진시황이 호종단을 보내어 용의 꼬리 부분과 잔등 부분을 칼로 끊어 버렸는데 이때 피가 흘러내리고 산방산은 괴로운 울음을 며칠째 계속했다고 한다. 파도가 하얗게 부서지는 바닷가 바로 옆으로 길이 나있으며, 절벽이 마치 물결치듯 굽어져 있다. 해식애 앞쪽으로 좁지만 평탄한 파식대가 발달되어 용머리해안을 일주할 수 있는 탐방로 역할을 하고 있다. 기상악화나 만조 때에는 위험성이 높아 출입을 금하니 방문 전 미리 관람 가능 시간을 확인하고 가는 것이 좋다. 사암층을 따라 걷다 보면 나오는 해안가 일대에서는 해녀들이 좌판을 깔아 놓고 해산물을 판매하고 있으며 용머리로 들어가는 입구에는 하멜기념비가 서 있다.◎ 한류의 매력을 만나는 여행 정보 - 드라마 <환혼>드라마 '환혼' 2화에서 장욱(이재욱)이 경천대호에 빠진 무덕이(정소민)를 찾아 도달한 장소가 바로 이곳, 제주 용머리해안이다. 파도에 깎여 형성된 암벽층이 만들어내는 독특하고 아름다운 풍경은 보는 이로 하여금 감탄을 자아낸다.","=GOOGLETRANSLATE(A516, ""ko"", ""zh-cn"")"
064-760-6321,"=GOOGLETRANSLATE(A517, ""ko"", ""zh-cn"")"
해운대시장,"=GOOGLETRANSLATE(A518, ""ko"", ""zh-cn"")"
부산광역시 해운대구 중동1로 42-16 (중동),"=GOOGLETRANSLATE(A519, ""ko"", ""zh-cn"")"
"해운대시장은 해운대해수욕장과 인접해 있어 피서철에 많은 관광객들이 찾는 명소이다. 부산 최대의 관광지 중 하나인 해운대해수욕장을 찾은 관광객들이 먹거리와 쇼핑을 위해 방문하는 전통시장이다. 해운대시장은 1910년대부터 운영되고 있으며, 2008년 시장 정비사업으로 현대적인 모습으로 새롭게 단장했다. 생활용품, 수산물, 과일류 등 다양한 품목을 취급하며 전국적으로 유명한 떡볶이, 튀김, 칼국수, 꽈배기, 돼지국밥 등의 가게 앞에는 기다리는 사람들로 인산인해를 이룬다. 각종 부식거리를 비롯하여 활어회, 곰장어구이 등도 성업 중이라 먹거리와 볼거리가 가득한 시장이라 할 수 있다. 시장 인근에는 해운대해수욕장 외에도 동백섬, 누리마루, 달맞이길 등 다양한 관광지가 있다.◎ 한류의 매력을 만나는 여행 정보 - 드라마 <힘쎈여자 강남순>몽골 엄마와 남순이 부산 나들이를 즐긴 해운대시장은 ‘곰장어 골목’이라고도 부를 만큼 길목마다 곰장어 굽는 냄새로 가득하다. 신선한 해산물을 즐길 수 있음은 물론, 해수욕장과도 가까워 언제나 활력 넘치는 시장 분위기를 느낄 수 있다.","=GOOGLETRANSLATE(A520, ""ko"", ""zh-cn"")"
051-746-3001,"=GOOGLETRANSLATE(A521, ""ko"", ""zh-cn"")"
사천바다 케이블카,"=GOOGLETRANSLATE(A522, ""ko"", ""zh-cn"")"
경남 경상남도 사천시 사천대로 18,"=GOOGLETRANSLATE(A523, ""ko"", ""zh-cn"")"
"바다와 산을 동시에 운행하는 국내 최초의 케이블카로 바다 또는 산으로만 운행하던 기존 케이블카들의 아쉬움을 한 번에 해결할 수 있어 탑승객들의 만족도가 높다. 총연장은 2.43㎞이며, 각산정류장에 하차하여 전망대에 올라 사천바다의 아름다운 풍광을 감상할 수 있다. 케이블카를 타고 이동하는 중에는 낚시를 즐기기 위해 바다에 떠 있는 배들이 한 폭의 수채화를 보는 듯한 기분을 들게 만들기도 하며, 때때로 토종 돌고래인 ‘상괭이’를 만나볼 수도 있다. 케이블카는 왕복 기준 대방정류장에서 초양정류장과 각산정류장을 거쳐 다시 대방정류장으로 오는 코스로 총 42대의 캐빈(일반캐빈 28대, 크리스털캐빈 14대)이 운행된다.","=GOOGLETRANSLATE(A524, ""ko"", ""zh-cn"")"
055-831-7300,"=GOOGLETRANSLATE(A525, ""ko"", ""zh-cn"")"
황산문화체육공원,"=GOOGLETRANSLATE(A526, ""ko"", ""zh-cn"")"
경남 경상남도 양산시 물금읍 물금리 162-1,"=GOOGLETRANSLATE(A527, ""ko"", ""zh-cn"")"
"황산 문화 체육공원은 양산시 물금읍 낙동강변에 대규모로 조성된 공원이다. 캠핑장과 산책로, 자전거길, 광장, 정원, 그리고 축구장 2면, 야구장, 배구장, 농구장, 배드민턴장 각 3면 등 다양한 체육 시설을 갖추고 있다. 또한, 어린이 놀이터와 함께 미니 기차를 운행하고 있어 어린이와 함께 가기에도 좋은 곳이다. 주말이면 캠핑장은 만원을 이루고 시원한 강변으로 난 자전거길에는 강바람을 가르는 라이더들도 많다. 도심 속에서 가족 모두가 함께 즐길 수 있는 힐링 공간이다.","=GOOGLETRANSLATE(A528, ""ko"", ""zh-cn"")"
055-392-2823,"=GOOGLETRANSLATE(A529, ""ko"", ""zh-cn"")"
부산 어린이대공원,"=GOOGLETRANSLATE(A530, ""ko"", ""zh-cn"")"
부산광역시 부산진구 새싹로 295,"=GOOGLETRANSLATE(A531, ""ko"", ""zh-cn"")"
"부산 어린이대공원은 부산의 중심지인 서면에서 가까운 거리에 있는 백양산 기슭에 위치하고 있으며, 상록침엽수인 삼나무, 편백 등 각종 수목이 울창하게 조성되어 있어 도심 속 휴식공간으로 자리 잡고 있다. 사계절 수목이 우거진 성지곡수원지 주변에는 산책 코스가 조성되어 있어 언제나 시민들로 가득한 공원으로 다양한 볼거리, 즐길 거리가 풍성한 곳이다. 1971년 성지곡유원지로 지정되었다가 1978년 세계 아동의 해를 맞이하여 어린이대공원으로 개칭하여 오늘에 이르고 있다.","=GOOGLETRANSLATE(A532, ""ko"", ""zh-cn"")"
051-860-7848,"=GOOGLETRANSLATE(A533, ""ko"", ""zh-cn"")"
와우정사(용인),"=GOOGLETRANSLATE(A534, ""ko"", ""zh-cn"")"
와우정사 용인,"=GOOGLETRANSLATE(A535, ""ko"", ""zh-cn"")"
경기도 용인시 처인구 해곡로 25-15,"=GOOGLETRANSLATE(A536, ""ko"", ""zh-cn"")"
"와우정사(臥牛精舍)는 경기 용인시 해곡동 연화산의 48개 봉우리가 마치 병풍처럼 둘러쳐진 곳에 위치한 사찰로 1970년 실향민인 해월삼장법사 (속명 김해근)가 부처님의 공덕을 빌어 민족화합을 이루기 위해 세운 호국사찰이며 대한불교 열반종의 본산으로 3천여 점의 불상이 봉안되어 있다. 여러 불상 중 절 입구에 세워진 불두(佛頭)와 산중턱에 있는 와불(臥佛)이 유명하다. 높이가 8m 인 불두는 초대형이며, 와불(누워있는 불상)은 높이 3m, 길이 12m에 이르는 것으로 인도네시아에서 들여온 향나무를 깎아 만든 것이다. 경내에 있는 거대한 불두와 황동 10만 근으로 10년간 만든 장육오존불, 무게가 12톤에 이르는 통일의 종(88 서울올림픽 때 타종), 그리고 우리나라 최대의 청동미륵반가사유상이 있으며, 석조약사여래불 등이 있다. 세계최대이며, 유일한 석가모니 불고행상(佛苦行像)도 와우정사의 자랑거리이다. 이 불고행상의 본체는 백옥, 좌대는 청옥으로 구성되어 있다. 열반 전에 이르는 계단옆의 통일의 돌탑은 세계각국 성지에서 가져온 돌 한 개 한 개를 모아 쌓아가고 있다.와우정사에는 인도·미얀마·스리랑카·중국·태국 등에서 모셔온 불상 3천 여점이 전시되어 있어 세계 각국의 불교문화를 한눈에 살펴볼 수 있다. 이 세계만불전(萬佛殿)은 세계평화를 기원하는 뜻을 담고 있다. 와우정사는 삼보(三寶)를 다 봉안하고 있다. 인도·스리랑카·미얀마에서 들여온 석가모니 불진신사리(佛眞身舍利), 파리어 대장경과 산스크리스트어 장경(藏經) 등이 봉안되어 있다.","=GOOGLETRANSLATE(A537, ""ko"", ""zh-cn"")"
031-332-2472,"=GOOGLETRANSLATE(A538, ""ko"", ""zh-cn"")"
속초관광수산시장,"=GOOGLETRANSLATE(A539, ""ko"", ""zh-cn"")"
강원특별자치도 속초시 중앙로147번길 12,"=GOOGLETRANSLATE(A540, ""ko"", ""zh-cn"")"
"속초 여행의 필수 코스로 꼽히는 속초관광수산시장은 동해안의 싱싱한 수산물과 특산물로 넘쳐나는 곳이다. 또 오징어순대, 아바이순대, 닭강정까지 온갖 먹거리가 가득하다. 지하 1층, 지상 2층 규모의 큰 상가 건물과 전문화된 골목 시장들이 어우러져 볼거리를 더한다. 상가 건물 1층에는 포목, 야채, 먹거리가, 2층에는 의류와 생활용품, 잡화점을 비롯해 농협 하나로마트가 입점해 있어 다양한 상품들을 구매할 수 있다. 또한 지하에 회센터가 있어 싱싱한 활어와 해산물을 저렴하게 맛볼 수 있다. 골목 시장은 품목에 따라 청과골목, 순대골목, 젓갈어시장골목 등 총 5개의 골목으로 구분된다. 좌판에 깔린 신선한 농산물과 생선 및 건어물들이 발걸음을 자꾸만 늦추게 만든다. 관광객들이 많이 찾는 닭전 골목은 바삭하고 매콤한 닭강정 점포들이 많다. 가게마다 서로 다른 노하우로 관광객들의 입맛을 사로잡는다. 골목 시장은 모두 비가림 시설이 되어 있어 비가 와도 편하게 방문할 수 있으며 깔끔하고 쾌적한 환경과 넓은 주차장을 갖추고 있다.","=GOOGLETRANSLATE(A541, ""ko"", ""zh-cn"")"
033-635-8433 033-633-3501,"=GOOGLETRANSLATE(A542, ""ko"", ""zh-cn"")"
죽도시장,"=GOOGLETRANSLATE(A543, ""ko"", ""zh-cn"")"
경북 경상북도 포항시 북구 죽도시장13길 13 (죽도동),"=GOOGLETRANSLATE(A544, ""ko"", ""zh-cn"")"
"포항 죽도시장은 50년 전 갈대밭이 무성한 포항 내항의 늪지대의 노점상들이 들어서기 시작하여 형성되었다. 1969년 10월 죽도시장 번영회가 정식 설립되었고 경상북도 동해안에서 큰 규모를 자랑하는 재래시장이다. 포항의 중심지인 오거리에서 동쪽으로 500m 지점에 동해안 최대의 상설시장인 죽도어시장이 있고, 수산물 위판장 내에 횟집 200여 개가 밀집되어 있어 사계절 저렴한 가격으로 동해안의 싱싱한 회를 구매할 수 있다. 인근 상가에서 초장 등 재료값만 내면 바로 먹을 수도 있다.","=GOOGLETRANSLATE(A545, ""ko"", ""zh-cn"")"
죽도시장번영회 0507-1387-3776,"=GOOGLETRANSLATE(A546, ""ko"", ""zh-cn"")"
국립현대미술관 서울,"=GOOGLETRANSLATE(A547, ""ko"", ""zh-cn"")"
서울특별시 종로구 삼청로 30 (소격동),"=GOOGLETRANSLATE(A548, ""ko"", ""zh-cn"")"
"국립현대미술관(서울관)은 동시대 현대미술을 중점적으로 다루는 미술관이다. 1986년 개관한 과천관, 1998년에 개관한 덕수궁관에 이어 2013년 개관한 서울관은 조선시대 소격서, 종친부, 규장각, 사간원이 있던 자리에 자리 잡고 있다. [마당] 개념을 도입하여 건축한 국립현대미술관(서울관)은 누구나 즐기고 휴식을 취할 수 있는 공간으로 꾸며져 있다. 건물의 내외부가 유기적으로 연결되어 있으며, 주변 명소와도 조화를 이루도록 설계되었다. 국립현대미술관(서울관)은 전시실을 비롯하여 디지털정보실, 멀티미디어홀, 영화관 등 다양한 시설을 갖춘 복합예술문화센터로서 한국 현대 미술품 전시 및 신매체 융복합 전시를 진행한다.","=GOOGLETRANSLATE(A549, ""ko"", ""zh-cn"")"
02-3701-9500,"=GOOGLETRANSLATE(A550, ""ko"", ""zh-cn"")"
자라섬,"=GOOGLETRANSLATE(A551, ""ko"", ""zh-cn"")"
경기도 가평군 가평읍 자라섬로 60,"=GOOGLETRANSLATE(A552, ""ko"", ""zh-cn"")"
"자라섬은 경기도 가평군 가평읍 일원에 있는 섬이다. 1943년 청평댐[淸平]이 건설되면서 북한강[北漢江]에 생긴 자라섬은 남이섬과 직선거리로 800m 정도에 자리 잡고 있다. ‘자라처럼 생긴 언덕’이 바라보고 있는 섬이라 하여 ‘자라섬’이라는 이름을 얻었다. 동도, 서도, 중도, 남도 등 4개 섬으로 이뤄진 자라섬에는 레저 및 생태공원 시설도 들어서고 있다. 서도 일원에는 오토캠핑장이 중도에는 지름 100m가 넘는 잔디광장을 갖춘 생태문화공원이 있으며, 자라섬 캠핑장 서단에는 자연생태테마파크 ‘이화원[二和園]’이 조성되어 있다. 또한 자라섬국제재즈페스티벌이 열리는 곳으로도 알려져 있다.","=GOOGLETRANSLATE(A553, ""ko"", ""zh-cn"")"
031-8078-8028,"=GOOGLETRANSLATE(A554, ""ko"", ""zh-cn"")"
쌍계사(하동),"=GOOGLETRANSLATE(A555, ""ko"", ""zh-cn"")"
쌍계사 하동,"=GOOGLETRANSLATE(A556, ""ko"", ""zh-cn"")"
경남 경상남도 하동군 화개면 쌍계사길 59,"=GOOGLETRANSLATE(A557, ""ko"", ""zh-cn"")"
"쌍계사는 신라 성덕왕 21년 삼법스님이 유학을 마치고 돌아올 때, 중국불교 선종 제6대조인 혜능의 사리를 모시고 와서 봉안하고 지은 절이다. 문성왕 2년(840년) 진감선사 혜소가 옥천사라 하였다가 정강왕 2년 쌍계사로 바뀌었다. 임진왜란 때 불탄 쌍계사를 인조 10년(1632년) 벽암대사가 다시 세웠다. 볼거리로는 쌍계사의 벚꽃이 특히 유명하며, 고운 최치원 선생의 친필인 쌍계석문, 진감선사 대공탑비, 북쪽 국사암 뜰에 있는 천연 느릅나무, 동북쪽으로 청학봉과 백학봉의 두 계곡을 끼고 있는 불일폭포 등의 이름난 곳이 있다. 한편 쌍계사는 차와 인연이 깊은 곳으로 신라 흥덕왕 3년(828년) 김대렴이 당나라 사신으로 가서 처음 차 나무씨를 가져와 왕명으로 지리산 남쪽 쌍계사 일원에 심었다고 하며, 일주문 못 미쳐 차 시배 추원비가 세워져 있으며, 마을 차밭에도 차 시배지 기념비가 있다.","=GOOGLETRANSLATE(A558, ""ko"", ""zh-cn"")"
종무소 055-883-1901 템플사무국 010-6399-1901,"=GOOGLETRANSLATE(A559, ""ko"", ""zh-cn"")"
단양 다누리아쿠아리움,"=GOOGLETRANSLATE(A560, ""ko"", ""zh-cn"")"
충북 충청북도 단양군 단양읍 수변로 111,"=GOOGLETRANSLATE(A561, ""ko"", ""zh-cn"")"
"굽이치는 남한강가에 우뚝 서있는 다누리센터는 단양의 랜드마크이다. 국·내외 민물고기 234종, 23,000여 마리가 높이 8m에 달하는 대형수족관을 비롯한 각양각색의 수조에서 유유히 헤엄치고 있는 국내 최대의 민물 생태 아쿠아리움이다. 남한강 토종 물고기인 황쏘가리, 은어, 납자루를 비롯한 다양한 국내 민물고기와 중국에서 건강과 행운을 불러온다는 최고 보호종 홍룡, 아마존 거대어 피라루크 등 희귀한 해외 민물고기를 만나며 환상의 물속여행을 즐길 수 있다. 또한, 다누리아쿠아리움의 수족관은 단양팔경 테마로 꾸며져 또 다른 볼거리를 제공한다. 아이들에게는 배움의 샘터, 최적의 생태학습장으로 어른들에게는 아련한 동심의 시절을 되돌아볼 수 있는 추억과 행복의 전당이다. 무엇보다 단양 시외버스터미널 옆에 있어 찾기도 쉽고 접근성도 좋아 많은 이들이 찾아오고 있다.","=GOOGLETRANSLATE(A562, ""ko"", ""zh-cn"")"
매표 043-423-4235 안내 043-423-2929,"=GOOGLETRANSLATE(A563, ""ko"", ""zh-cn"")"
화담숲,"=GOOGLETRANSLATE(A564, ""ko"", ""zh-cn"")"
경기도 광주시 도척면 도척윗로 278-1,"=GOOGLETRANSLATE(A565, ""ko"", ""zh-cn"")"
"화담숲은 서울에서 40분 거리, 경기도 광주에 위치한 생태수목원이다. 대지에 4천3백여 종의 국내외 자생 및 도입식물을 16개의 테마원으로 조성했다. 화담숲의 화담은 정답게 이야기를 나누다 라는 의미로 화담숲은 인간과 자연이 교감할 수 있는 생태 공간을 지향한다. 우리 숲의 식생을 최대한 보존하였고, 자연을 사랑하는 누구나 편히 찾을 수 있도록 친환경적인 생태공간으로 꾸몄다. 또한 자연의 지형과 식생을 최대한 보존하여 조성된 덕분에, 노고봉의 계곡과 능선을 따라 자연스럽게 자리 잡은 수목들의 다양한 모습을 볼 수 있다. 평소에 산책을 하고 싶어도 몸이 불편해 트레킹 할 수 없는 장애인이나 노약자, 어린이 등을 위해 유모차나 휠체어를 타고 편안히 자연을 감상하여 힐링할 수 있도록 5㎞의 숲 속 산책길 전 구간을 경사가 완만한 길로 조성하여 가족단위 관람객에게 큰 인기를 끌고 있다.","=GOOGLETRANSLATE(A566, ""ko"", ""zh-cn"")"
0507-1344-6669,"=GOOGLETRANSLATE(A567, ""ko"", ""zh-cn"")"
서울 헌릉(태종·원경왕후)과 인릉(순조·순원황후) [유네스코 세계유산],"=GOOGLETRANSLATE(A568, ""ko"", ""zh-cn"")"
서울특별시 서초구 헌인릉길 34 (내곡동),"=GOOGLETRANSLATE(A569, ""ko"", ""zh-cn"")"
"헌릉은 조선 3대 태종(재위 1400~1418)과 원경왕후 민씨(1365~1420)의 능이다. 하나의 곡장 안에 봉분을 나란히 배치한 쌍릉(雙陵)의 형식으로, 앞에서 능을 바라보았을 때 왼쪽(서쪽)이 태종, 오른쪽(동쪽)이 원경왕후의 능이다. 1420년(세종 2) 원경왕후가 먼저 세상을 떠나 현재의 자리에 능을 조성하였다. 원경왕후의 능을 조성할 때 태종은 자신의 능자리를 미리 만들었다. 2년 후 1422년(세종 4) 태종이 세상을 떠나자 원경왕후의 능 서쪽에 능을 조성하여 현재의 모습이 되었다.능침 봉분은 모두 병풍석과 난간석을 둘렀고, 병풍석에는 십이지신상과 영저(금강저) 및 영탁(금강령) 등을 새겼다. 봉분 주변으로는 문석인, 무석인, 석마, 정중석, 장명등, 석상(혼유석), 망주석, 석양과 석호를 배치하였다. 특히 문석인, 무석인, 석마, 석양, 석호 등은 다른 왕릉에 비해 두 배 더 배치되었는데, 이는 고려 공민왕과 노국공주의 현·정릉(玄·正陵) 제도를 따른 것이다. 능침 아래의 신도비각에는 두 개의 신도비가 있는데, 태종이 세상을 떠난 후 세운 신도비와 1695년(숙종 21)에 원래 신도비가 훼손되어 다시 세운 신도비가 있다.인릉은 조선 23대 순조(재위 1800~1834)와 순원황후 김씨(1789~1857)의 능이다. 인릉은 한 봉분 안에 왕과 왕비를 같이 모신 합장릉(合葬陵)의 형식으로, 우상좌하(右上左下)의 원칙에 따라 앞에서 봤을 때 왼쪽에 순조, 오른쪽에 순원황후를 모셨다. 1834년(순조 34) 순조가 세상을 떠나자 다음 해 파주 교하의 장릉(인조) 근처에 조성되었다. 그러나 풍수상 불길하다고 하여 1856년(철종 6) 현재의 자리로 옮겼다. 옮긴 인릉 자리에는 원래 세종의 옛 영릉이 있던 곳이었는데, 인릉을 공사하면서 주변 땅에 묻혀 있던 세종의 옛 영릉 석물과 중종의 두 번째 왕비 장경왕후의 옛 희릉 석물을 다시 꺼내 다듬어서 사용하였다. 다시 사용한 석물은 문석인, 무석인, 석마, 장명등, 석상(혼유석), 망주석, 석양과 석호이며, 일부 석양과 망주석, 석마는 새로 제작하였다. 이는 인릉을 옮긴 후 편찬한 『인릉천봉산릉도감의궤』에 기록되어 있다. 인릉을 옮긴 후 다음 해 순원황후가 세상을 떠나자 인릉에 합장되었다. 능침 아래 비각 안에는 두 기의 표석이 있는데 1비는 조선시대에 세운 표석(순조대왕, 순원왕후)이고, 2비는 대한제국 때 세운 표석(순조숙황제, 순원숙황후)이다.","=GOOGLETRANSLATE(A570, ""ko"", ""zh-cn"")"
02-445-0347,"=GOOGLETRANSLATE(A571, ""ko"", ""zh-cn"")"
난지천공원,"=GOOGLETRANSLATE(A572, ""ko"", ""zh-cn"")"
서울특별시 마포구 월드컵로 365 (상암동),"=GOOGLETRANSLATE(A573, ""ko"", ""zh-cn"")"
"난지천공원은 월드컵공원의 5대 테마공원 중 하나이다. 난지천공원에선 연못과 천이 들과 어우러진 멋진 광경을 감상할 수 있다. 다양한 수생식물, 꽃 등이 잘 보존되어 있어서 도심에서는 쉽게 볼 수 없는 식물군이 자주 보인다. 아름다운 자연을 배경으로 아이들이 신나게 뛰어놀 수 있어 가족 단위의 나들이 장소로 제격이다. 봄이면 봄날의 향기를 가득 머금은 유채꽃과 알록달록한 튤립 등 다채로운 꽃도 만날 수 있다. 탐스러운 꽃송이를 자랑하는 겹벚꽃도 피어 걷는 재미를 더한다.","=GOOGLETRANSLATE(A574, ""ko"", ""zh-cn"")"
서울 마포구청 공원녹지과 02-3153-9557,"=GOOGLETRANSLATE(A575, ""ko"", ""zh-cn"")"
강화루지(강화씨사이드리조트),"=GOOGLETRANSLATE(A576, ""ko"", ""zh-cn"")"
강화루지 강화씨사이드리조트,"=GOOGLETRANSLATE(A577, ""ko"", ""zh-cn"")"
인천광역시 강화군 길상면 장흥로 217,"=GOOGLETRANSLATE(A578, ""ko"", ""zh-cn"")"
"강화루지는 특별한 동력장치 없이 특수 제작된 카트를 타고 땅의 경사와 중력만을 이용해 트랙을 내려오는 다이내믹한 체험 레포츠 시설이다. 방향조정과 제동이 가능하며, 어린이부터 어른까지 누구나 즐길 수 있는 것이 특징이다. 트랙 경사도는 완만하지만 곡선 코스가 반복되는 트랙으로 이내 속도감과 스릴을 느낄 수 있으며 보호구를 착용하고 안전하게 즐길 수 있다. 트랙 규모는 연장 1.8km/line 총 2코스(오션코스, 밸리코스)로 동양 최대 규모를 자랑하며, 각 코스마다 흥미와 재미를 배가 시켜주는 360 º 회전코스와 구간별 터널과 낙차구간을 배치하였다.","=GOOGLETRANSLATE(A579, ""ko"", ""zh-cn"")"
032-930-9000,"=GOOGLETRANSLATE(A580, ""ko"", ""zh-cn"")"
마니산(강화),"=GOOGLETRANSLATE(A581, ""ko"", ""zh-cn"")"
마니산 강화,"=GOOGLETRANSLATE(A582, ""ko"", ""zh-cn"")"
인천 강화군 화도면 상방리 산35,"=GOOGLETRANSLATE(A583, ""ko"", ""zh-cn"")"
"마니산은 강화 8경 중 한 곳으로, 마리산, 마루산, 두악산이라고도 한다. 강화도 남서단에 위치하고 한반도의 중앙에 자리 잡고 있다. 또 해발 472.1m의 높이로 강화도에서 가장 높다. 마니산 정상에는 단군왕검이 천제를 올리던 곳으로 기록되어 있는 참성단이 자리 잡고 있는데, 기초는 하늘을 상징하여 둥글게 쌓고 단은 땅을 상징하여 네모로 쌓아 하원상방형을 이루고 있다. 지금도 개천절이면 제례를 올리고, 매년 전국체전 성화가 이곳에서 채화되어 봉송되고 있는 민족의 영산이다. 등산로를 따라 918개의 돌계단을 올라가면 서해바다 풍경이 한눈에 들어와 아름다운 경치를 만끽할 수 있다.","=GOOGLETRANSLATE(A584, ""ko"", ""zh-cn"")"
032-930-7068,"=GOOGLETRANSLATE(A585, ""ko"", ""zh-cn"")"
율암온천숯가마 테마파크,"=GOOGLETRANSLATE(A586, ""ko"", ""zh-cn"")"
경기도 화성시 팔탄면 온천로 434-14,"=GOOGLETRANSLATE(A587, ""ko"", ""zh-cn"")"
"예부터 율암온천 뒤편에 작은 연못에서 자연 용출수가 사계절 흘러내렸고 한겨울에도 얼지 않아 인근 주민들의 빨래터로 알려져 왔으며, 눈병, 피부병, 관절염에 효험이 있다 하여 목욕하고 치료하던 곳으로 전해져 왔다고 한다. 특히 지질학적으로 광범위한 온천 수맥에 황토와 화강암 지층이 다량의 온천수를 저장할 수 있는 지역적 특성으로 율암 온천수는 지하 700m 암반에서 용출하는 천연 온천수이다. 굵은 기둥이 9개나 받치고 있을 정도로 탕의 규모가 매우 크다. 여탕을 기준으로 온탕과 열탕, 이벤트탕(루이보스탕), 냉탕과 사우나(건식, 습식), 침상 찜질방이 옥내에 있다. 숯가마는 고온실, 중 온실, 저온실로 나뉘며 휴게실과 족욕탕도 갖추고 있다. 최고의 온천 시설과 자연이 어우러진 율암온천은 수도권에서 1시간 이내 거리에 위치하고 있어 접근성 또한 뛰어나다. 바로 위쪽으로 프로방스 율암 아쿠아스파가 있어 아이들과 물놀이를 즐기기에 좋다.","=GOOGLETRANSLATE(A588, ""ko"", ""zh-cn"")"
031-354-7400,"=GOOGLETRANSLATE(A589, ""ko"", ""zh-cn"")"
국립생태원(서천),"=GOOGLETRANSLATE(A590, ""ko"", ""zh-cn"")"
국립생태원 서천,"=GOOGLETRANSLATE(A591, ""ko"", ""zh-cn"")"
충남 충청남도 서천군 마서면 금강로 1210,"=GOOGLETRANSLATE(A592, ""ko"", ""zh-cn"")"
"국립생태원 에코리움은 세계 5대 기후를 재현한 열대관, 사막관, 지중해관, 온대관, 극지관 등 각 기후 대표 동식물 1,600여 종이 함께 전시되어 살아있는 생태계를 생생하게 체험할 수 있다. 또한 생태계의 기본 개념을 배울 수 있는 상설주제전시관 1·2, 생태계 주제가 열리는 기획전시관, 눈높이별 생태교육이 이루어지는 에코랩 그리고 어린이 생태글방, 4D 영상관 등이 있다. 야외전시구역에는 습지 생태계의 특징을 관찰할 수 있는 금구리구역, 우리나라의 기후대별 삼림식생을 재현한 하다람구역, 우리나라 대표적 사슴류의 서식공간을 재현한 고대륙구역, 야생에서 날아드는 다양한 종류의 백로류와 오리류를 감상할 수 있는 나저어구역, 고병원성 조류인플루엔자 예방 격리 및 국제적 멸종위기동물 보호 시설인 에코케어센터, 밀수·밀거래되는 국제적 멸종위기동물을 보호하기 위한 CITES동물 보호시설 등이 있다.","=GOOGLETRANSLATE(A593, ""ko"", ""zh-cn"")"
041-950-5300,"=GOOGLETRANSLATE(A594, ""ko"", ""zh-cn"")"
쁘띠프랑스,"=GOOGLETRANSLATE(A595, ""ko"", ""zh-cn"")"
경기도 가평군 청평면 호반로 1063,"=GOOGLETRANSLATE(A596, ""ko"", ""zh-cn"")"
"청평댐에서 남이섬 방향으로 호숫가 길을 따라 10km쯤 가다 보면 왼쪽 언덕에 이국적 건물들이 옹기종기 모여 있는 걸 볼 수 있다. 건물만 보면 지중해 연안의 마을 같기도 하고 호명산의 수려한 주위 배경과 함께 보면 마치 알프스 산록의 전원마을 같은 이곳은, 프랑스 문화마을 쁘띠프랑스이다. 쁘띠프랑스의 콘셉트는 ‘꽃과 별, 그리고 어린 왕자’이다. 쁘띠프랑스는 청소년수련시설(고성청소년수련원)을 겸한 프랑스 문화마을로, 가평군 청평면 고성리 일대에 조성됐다. 쁘띠프랑스는 프랑스풍 건물로 이루어져 있으며 관람객들은 숙박하면서 프랑스의 의식주 문화를 체험할 수 있다. 쌩텍쥐페리의 일생과 어린 왕자 등 작품세계를 설명한 쌩텍쥐페리 기념관, 200년 된 오르골에서 나오는 감미로운 선율을 들을 수 있는 오르골 하우스, 프랑스 고택을 그대로 들여와 지은 프랑스 전통주택 전시관, 프랑스의 상징인 ‘닭’ 조각과 그림, 자기를 비롯해 프랑스 및 유럽에서 수집한 골동품을 볼 수 있는 골동품 전시관 등에서도 독특한 프랑스 문화를 체험할 수 있다. ◎ 한류의 매력을 만나는 여행 정보 - 드라마 <폭군의 셰프>드라마 '폭군의 셰프' 주인공 연지영(임윤아)의 현대 회상 장면에 등장하는 주인공의 방은 바로 쁘띠프랑스의 '마리의 방'이다. 이곳은 '폭군의 셰프'뿐만 아니라 '별에서 온 그대', '시크릿 가든', '베토벤 바이러스', '빈센조', '종이의 집', '이두나' 등 수많은 한류 드라마의 촬영지로도 유명하다. 해당 작품들을 시청한 경험이 있다면, 관람 중 또 다른 재미를 느낄 수 있는 포인트가 될 것이다.","=GOOGLETRANSLATE(A597, ""ko"", ""zh-cn"")"
031-584-8200,"=GOOGLETRANSLATE(A598, ""ko"", ""zh-cn"")"
공주 공산성 [유네스코 세계유산],"=GOOGLETRANSLATE(A599, ""ko"", ""zh-cn"")"
충남 충청남도 공주시 웅진로 280 (금성동),"=GOOGLETRANSLATE(A600, ""ko"", ""zh-cn"")"
"공산성은 백제시대의 대표적인 성곽으로 백제의 수도가 공주였을 때 공주를 지키던 백제의 산성이다. 백제 성왕 16년(538)에 부여로 도읍을 옮길 때까지의 백제 도성이었으며, 이후 조선시대까지 지방 행정의 중심지였던 곳으로 역사적 가치가 큰 중요한 유적이다. 금강변 야산의 계곡을 둘러싼 포곡형(包谷形) 산성으로, 원래는 흙으로 쌓은 토성이었으나 조선시대에 석성(石城)으로 고쳤다. 쌓은 연대는 정확하지 않으며, 백제 때에는 웅진성으로, 고려시대에는 공주산성 또는 공산성으로, 조선시대 이괄의 난(1623)으로 인조가 피난한 이후 쌍수산성으로 불렀다. 백제 멸망 직후에 의자왕이 잠시 머물기도 하였으며, 백제부흥운동의 거점지이기도 하였다. 통일신라시대에는 김헌창의 난(822)이 일어나기도 하였다.동서로 약 800m, 남북으로 400m 정도의 장방형을 이루고 있다. 4방에 문터가 확인되는데, 남문인 진남루와 북문인 공북루가 남아있다. 동문과 서문은 터만 남아있었는데, 993년에 동문터에는 영동루, 서문터에는 금서루를 복원하였다. 암문, 치성, 고대, 장대, 수구문 등의 방어시설이 남아 있으며, 성 안에는 쌍수정, 영은사, 연지, 임류각지, 만하루지 등이 있다. 또한 연꽃무늬 와당을 비롯하여 백제 기와, 토기 등의 유물들과 고려시대, 조선시대의 유물들이 많이 출토되었다.성곽을 따라 걸으면 공주 시내를 한눈에 볼 수 있다. 백제문화제 기간에는 공산성 앞에서 금강신관공원까지 부교로 건널 수 있다. 금서루에서는 백제왕국의 위풍당당함을 ‘웅진성수문병근무교대식’으로 볼 수 있고, 금강신관공원에서는 밤풍경이 아름다운 공산성 감상이 가능하다.","=GOOGLETRANSLATE(A601, ""ko"", ""zh-cn"")"
공산성 관광안내소 041-856-7700,"=GOOGLETRANSLATE(A602, ""ko"", ""zh-cn"")"
대전오월드,"=GOOGLETRANSLATE(A603, ""ko"", ""zh-cn"")"
대전광역시 중구 사정공원로 70 (사정동),"=GOOGLETRANSLATE(A604, ""ko"", ""zh-cn"")"
"대전오월드는 주랜드, 플라워랜드, 조이랜드, 버드랜드, 나이트 유니버스로 구성된 중부권 최대 규모의 복합 테마공원이다. 주랜드에는 한국 늑대 사파리와 아프리카 사파리 등 다양한 동물을 관람할 수 있는 공간이 마련되어 있다. 조이랜드에서는 자이언트드롭, 후룸라이드, 슈퍼바이킹 등 스릴 있는 놀이기구를 즐길 수 있다. 플라워랜드는 꽃, 물, 빛이 조화를 이루는 정원형 공간이며, 버드랜드에서는 희귀 조류와 열대 정원을 체험할 수 있다. 나이트 유니버스에서는 홀로그램쇼와 음악분수 워터쇼 등 디지털 미디어 기반의 야간 콘텐츠가 제공된다.","=GOOGLETRANSLATE(A605, ""ko"", ""zh-cn"")"
042-580-4820,"=GOOGLETRANSLATE(A606, ""ko"", ""zh-cn"")"
중문색달해수욕장,"=GOOGLETRANSLATE(A607, ""ko"", ""zh-cn"")"
제주특별자치도 서귀포시 색달동,"=GOOGLETRANSLATE(A608, ""ko"", ""zh-cn"")"
"중문색달해수욕장은 아름다운 해안 풍경과 야자수의 이국적인 모습을 가진 해변으로 중문관광단지에서 시작해 천제연폭포와 대포주상절리와 이어지는 곳에 있다. 해변의 길이가 약 560미터에 달하는 활처럼 굽은 백사장으로 해마다 100만 명이 넘는 사람들이 다양한 해양 스포츠를 즐기기 위해 몰려든다. 본래는 진모살이라고 불렸는데 긴 모래 해변이라는 뜻이다. 이곳의 모래는 흑색, 회색, 적색, 백색 4가지가 섞여 있어 해가 비추는 방향에 따라 해변의 색깔이 달라 보이며 제주도 특유의 검은 돌인 화산석과 아름다운 조화를 이루고 있다. 다른 해수욕장보다 파도가 잦고, 높은 편이라 서퍼들에게 인기가 많고, 국내의 가장 큰 규모의 국제 서핑 대회가 매년 6월에 개최된다.이 밖에도 수상스키, 윈드서핑, 스쿠버다이빙, 제트보트 등 함께 즐길 수 있는 수상 레저 활동이 많아 수상 레저 마니아들이 좋아하는 해변으로 알려져 있다. 1999년 환경운동연합이 실시한 수질환경성 조사 결과 전국 44개 해수욕장 가운데 최고의 청정 해수욕장으로 꼽히기도 했다. 색달해변이 한눈에 보이는 쉬리의 언덕은 이곳의 또 다른 명소로 영화 쉬리의 마지막 장면의 촬영지이기도 하며 제주에서 가장 아름다운 일출과 일몰을 볼 수 있는 장소이다.","=GOOGLETRANSLATE(A609, ""ko"", ""zh-cn"")"
064-739-4993,"=GOOGLETRANSLATE(A610, ""ko"", ""zh-cn"")"
서울 명동성당,"=GOOGLETRANSLATE(A611, ""ko"", ""zh-cn"")"
서울특별시 중구 명동길 74 (명동2가),"=GOOGLETRANSLATE(A612, ""ko"", ""zh-cn"")"
"서울 대교구 주교좌 명동대성당은 한국 가톨릭교회 공동체가 처음으로 탄생한 곳으로 순교 성인들의 유해를 모시고 있는 한국 가톨릭의 대표 성지이다. 서울특별시 중구 명동2가에 있다. 한반도에서 처음으로 지어진 대규모의 고딕 양식 천주교 성당이자 한국 최초의 본당(사제가 상주하며 사목하는 성당)이다. 1977년 11월 22일 대한민국의 사적으로 지정되었다. 지하 성당에 엥베르 주교, 모방신부, 샤스탕신부 등 순교자들의 유해가 안장된 거룩한 성지이다. 1900년 9월 10일 베르뉘 주교 등 병인박해 당시 순교자들의 유해를 용산신학교로부터 대성당 지하묘소로 안치하였으나 이후 연고지로 옮겨 모셨고 1926년 기해교난과 병오교난 때의 순교자 79위의 유해를 지하 묘소에 모셨다가 대성당 좌측 회랑에 복자제대를 설치하고 79위 성화를 모셨다. 1950년 전쟁 때에 대성당이 인민군에 점령당해 지하 묘소에 안치 중인 순교자 유해가 손괴당하기도 하였다. 군사 정권 시대를 지나면서 민주화 투쟁의 중심지로 인식되기도 했다. 1991년, 퇴락한 유해를 포장하고 부식된 납관 등을 새로 제작했으며 유해를 안치한 후 봉인하여 석관에 모시고, 이를 새로 말끔히 단장한 현실에 모신 후 비명을 적은 석판을 세워 마무리했다. 수시로 순례자들이 참배할 수 있도록 묘역의 입구를 유리문으로 개조 설치하였다. 평일과 주말에 미사와 고해성사 시간을 갖는다. 신자가 아니더라도 참여할 수 있으며 크리스마스 때는 주위의 화려한 거리 장식 사이에서 경건한 분위기를 느낄 수 있다.","=GOOGLETRANSLATE(A613, ""ko"", ""zh-cn"")"
02-774-1784,"=GOOGLETRANSLATE(A614, ""ko"", ""zh-cn"")"
선유도,"=GOOGLETRANSLATE(A615, ""ko"", ""zh-cn"")"
전북특별자치도 군산시 옥도면 선유남길 34-22,"=GOOGLETRANSLATE(A616, ""ko"", ""zh-cn"")"
"본래 군산도라 불렸으나 섬의 북단 해발 100여 미터의 봉 정상의 형태가 마치 두 신선이 마주 앉아 바둑을 두고 있는 것처럼 보인다 하여 선유도라 불리게 되었다. 2.13㎞의 면적에 500 이상의 인구가 살고 있는 선유도는 신시도, 무녀도, 방축도, 말도 등과 더불어 고군산군도를 이루며 군도의 중심섬이다.선유도는 고군산군도의 중심지로서 서해의 중요한 요충지이다. 조선시대 수군의 본부로서 기지역할을 다했던 선유도는 수군절제사가 통제하기도 하였다. 고려시대에는 여/송 무역로의 기항지였을 뿐만 아니라 이순신장군이 명량해전 승리 후 선유도에서 열하루동안 머물며 전열을 재정비하는 등 임진왜란 때는 함선의 정박기지로 해상요지였다.고군산군도에서 8경이라는 명소가 있는데 고군산 8경의 중심부를 이루는 곳이 선유도의 진말이다. 선유도에는 이씨, 김씨가 주축을 이루고 있으며 박씨, 임씨, 고씨 등도 고루 살고 있다. 민간신앙으로서 오룡묘제, 장생제, 수신제, 부락제 등이 있었으나 전통이 단절된 상태이며, 유물 유적으로는 패총과 수군절제사 선정비의 비석군이 있다.남서쪽에 있는 장자도와는 장자교로 연결되어 있어 쉽게 왕래할 수 있다.(출처 : 군산시 문화관광)","=GOOGLETRANSLATE(A617, ""ko"", ""zh-cn"")"
063-454-7280,"=GOOGLETRANSLATE(A618, ""ko"", ""zh-cn"")"
산막이옛길,"=GOOGLETRANSLATE(A619, ""ko"", ""zh-cn"")"
충북 충청북도 괴산군 칠성면 명태재로외사4길 1,"=GOOGLETRANSLATE(A620, ""ko"", ""zh-cn"")"
"산막이옛길은 충북 괴산군 칠성면 외사리 사오랑 마을에서 산골 마을인 산막이 마을까지 연결됐던 옛길로서 흔적처럼 남아있는 옛길에 덧그림을 그리듯 그대로 복원된 산책로이다. 옛길 구간 대부분을 데크로 만들었고 환경훼손을 최소화하여 살아있는 자연미를 그대로 보여주고 있을 뿐만 아니라 산막이옛길을 따라 펼쳐지는 산과 물, 숲이 어우러지는 아름다움은 괴산의 백미로 꼽을 수 있는 곳이다. 산막이옛길 산책로는 2개의 코스로, 고인돌 쉼터, 소나무 출렁다리 등 대표 명소가 있어 볼거리가 가득하다. 괴산댐을 끼고 조성되어 괴산댐 호수와 어우러지는 자연미를 그대로 보여주고 있으며 괴산호에서는 유람선이나 모터보트를 이용해서 산막이마을을 둘러볼 수 있다.","=GOOGLETRANSLATE(A621, ""ko"", ""zh-cn"")"
043-832-3527,"=GOOGLETRANSLATE(A622, ""ko"", ""zh-cn"")"
대부도,"=GOOGLETRANSLATE(A623, ""ko"", ""zh-cn"")"
경기도 안산시 단원구 대부황금로 1531,"=GOOGLETRANSLATE(A624, ""ko"", ""zh-cn"")"
"안산의 하와이로 불리는 대부도는 시화방조제로 연결이 되어 육지가 된 섬이지만 아직도 섬이 가진 낭만과 서정이 곳곳에 남아있는 곳이다. 무엇보다도 대부도 가는 길목은 섬과 섬을 잇는 색다른 드라이브를 즐길 수 있다. 대부도에서 선재대교를 건너면 선재도로 들어가고, 다시 선재도에서 영흥대교를 건너면 영흥도로 들어가게 된다. 돌이 검다는 탄도, 부처가 나왔다는 불도, 신선이 노닐었다는 선감도, 섬 6개가 마치 형제처럼 어깨를 맞대고 서해에 있다 해서 불리는 육도, 겨울이 되면 굴과 바지락을 채취하기 위해 인근 도리도로 이주했다가 이듬해 설이 되기 전에 돌아오는 독특한 생활방식을 가진 풍도는 독특한 멋을 간직한 곳이다.대부도는 너른 갯벌에서 갯벌 체험을 즐길 수 있고, 해 질 녘 풍경이 아름다우며 해안을 따라 늘어선 바지락칼국수, 조개구이집들도 유명해 수도권 시민들의 하루 나들이 코스로 사랑받고 있다.","=GOOGLETRANSLATE(A625, ""ko"", ""zh-cn"")"
대부도 관광안내소 1899-1720,"=GOOGLETRANSLATE(A626, ""ko"", ""zh-cn"")"
설해원,"=GOOGLETRANSLATE(A627, ""ko"", ""zh-cn"")"
강원특별자치도 양양군 손양면 공항로 230,"=GOOGLETRANSLATE(A628, ""ko"", ""zh-cn"")"
"양양국제공항 뒤편에 자리한 럭셔리 복합 리조트다. 설악권에서의 휴식과 힐링을 비전으로 제시하는 리조트로, 골프장, 고급 숙박시설, 온천 사우나, 부대시설을 함께 즐길 수 있다. 설해원은 ‘설악산과 동해를 품은 쉼의 정원’이라는 뜻이다. 그 이름에 걸맞게 숙소 동쪽에는 양양 동호해변, 서쪽에는 설악산 기슭이 자리한다. 리조트는 대한민국 10대 골프 코스에 선정된 바 있는 설해원을 중심으로 마운틴스테이, 설해온천, 골프텔 등 다양한 형태의 객실을 갖췄다. 모든 객실에서 골프 코스를 볼 수 있고, 객실 위치에 따라 설악산과 동해의 자연경관을 조망할 수 있다. 복층형 고급빌라인 마운틴스테이는 풀장이 딸린 풀 스위트, 편백향 사우나를 할 수 있는 스파 스위트 등 7가지 타입으로 구성된다. 객실까지 온천수가 공급되는 콘도 설해온천은 가족 수영장이 설치된 풀 스위트 등 각기 다른 10가지의 객실 디자인이 돋보인다. 리조트 내의 부대시설도 여럿이다. 독창적인 제철 음식을 선보이는 클럽하우스 레스토랑, 솔향을 맡으며 산책할 수 있는 설해 둘레길, 온천수로 피로를 씻어내는 온천 사우나 등을 이용할 수 있다.","=GOOGLETRANSLATE(A629, ""ko"", ""zh-cn"")"
033-670-7700,"=GOOGLETRANSLATE(A630, ""ko"", ""zh-cn"")"
설악산 케이블카,"=GOOGLETRANSLATE(A631, ""ko"", ""zh-cn"")"
강원특별자치도 속초시 설악산로 1085 (설악동),"=GOOGLETRANSLATE(A632, ""ko"", ""zh-cn"")"
"설악산의 비경을 편하게 감상하는 최적의 방법은 설악 케이블카를 이용하는 것이다. 케이블카 탑승장은 설악산국립공원 소공원 내에 위치하며 해발 700m 높이의 권금성까지 약 10분이면 도착한다. 편도 이용이 불가하기 때문에 티켓은 왕복으로 끊어야 한다. 케이블카로 이동하는 도중에도 유리창 너머로 울산바위와 만물상 등 이름난 명소들을 두루 감상할 수 있다. 권금성에 닿으면 설악산의 웅장한 산세가 파노라마와 같이 펼쳐진다. 고려 시대에 적의 침입을 막기 위해 세운 권금성은 권 씨와 김 씨 두 장수가 하루 만에 성을 쌓았다는 전설이 내려온다. 지금은 터만 남아 지나간 역사를 되새기게 한다. 권금성 정상에서 바라보는 설악산은 갖가지 기암괴석들로 웅장하고 신비로운 모습이다. 정상에 서면 외설악의 풍경을 모두 담을 수 있다. 권금성 바로 아래쪽에는 신라 시대에 세워진 안락암과 수백 년의 세월을 살아온 무학송이 탄성을 금치 못하게 한다. 주말, 공휴일이나 단풍 시즌에는 관광객들이 많아 대기 시간을 감안해 여행 일정을 잡는 것이 좋다.","=GOOGLETRANSLATE(A633, ""ko"", ""zh-cn"")"
033-636-4300,"=GOOGLETRANSLATE(A634, ""ko"", ""zh-cn"")"
동문재래시장,"=GOOGLETRANSLATE(A635, ""ko"", ""zh-cn"")"
제주특별자치도 제주시 관덕로14길 20,"=GOOGLETRANSLATE(A636, ""ko"", ""zh-cn"")"
"동문재래시장은 오랜 역사를 지닌 전통 재래시장으로 제주도를 대표하는 시장 중 하나이다. 동문재래수산시장과 더불어 제주도에서 가장 중요하면서 대규모의 상설 재래시장을 구성하고 있다. 1945년 8월 광복 직후 형성된 것이 시초인데, 이 시장은 당시 제주도의 유일한 상설시장으로 제주도 전체 상업 활동의 근거지가 되었다. 1954년 3월에 발생한 대형 화재로 시장 전체가 잿더미로 변하자 같은 해 11월 현재의 장소로 이전했다. 주요 취급 품목은 야채, 과일, 수산물, 약초, 곡물, 의류 등이 있다. 제주도의 대표 재래시장인 만큼 신선한 해산물이 인기다. 갈치회를 비롯한 다양한 모듬회를 저렴한 값에 구매할 수 있으며, 전복내장밥 삼합이나 통전복이 들어간 떡갈비 등 퓨전음식이 주목받고 있다.","=GOOGLETRANSLATE(A637, ""ko"", ""zh-cn"")"
064-752-3001,"=GOOGLETRANSLATE(A638, ""ko"", ""zh-cn"")"
전북특별자치도 군산시 해망로 240 군산근대역사박물관,"=GOOGLETRANSLATE(A639, ""ko"", ""zh-cn"")"
"근대역사의 중심도시, 군산에 자리한 군산근대역사박물관은 군산의 근대문화 및 해양문화를 주제로 하는 특화박물관이자 지역박물관으로서 방문객들이 군산의 역사와 문화를 체험할 수 있는 공간이다. 군산근대역사박물관은 ‘역사는 미래가 된다’는 신조로 과거 무역항으로 해상물류유통의 중심지였던 옛 군산의 모습과 전국 최대의 근대문화자원을 전시하여 서해 물류 유통의 천 년, 세계로 뻗어 가는 국제 무역항 군산의 모습을 보여주는 박물관이다. 1층에는 해양물류역사관, 어린이체험관, 기증전시실이 위치해 있으며, 2층에는 근대자료규장각실, 시민 열린 갤러리가, 3층에는 근대생활관, 기획전시실이 있다.","=GOOGLETRANSLATE(A640, ""ko"", ""zh-cn"")"
※ 이용시설에 따라 입장요금 상이하므로 홈페이지 참조 요망,"=GOOGLETRANSLATE(A641, ""ko"", ""zh-cn"")"
박물관 안내소(인포메이션) 063-454-5953,"=GOOGLETRANSLATE(A642, ""ko"", ""zh-cn"")"
포천아트밸리 (한탄강 유네스코 세계지질공원),"=GOOGLETRANSLATE(A643, ""ko"", ""zh-cn"")"
포천아트밸리 한탄강 유네스코 세계지질공원,"=GOOGLETRANSLATE(A644, ""ko"", ""zh-cn"")"
"그림 같은 에메랄드빛 호수, 그 위를 병풍처럼 깎아지른 화강암 절벽! 자연 속에서 예술을 감상하고 즐길 수 있는 복합문화예술공간인 포천아트밸리는 1990년대까지는 아무도 찾지 않는 폐채석장으로 흉물스럽게 방치되었던 곳이었다. 하지만 지금은 연인원 40만 명이 찾는 자연과 예술이 함께하는 힐링의 명소로 완전히 탈바꿈하였다. 특히 2014년부터는 밤하늘에 별을 감상할 수 있는 천문과학관이 개관되어 아이들에게는 체험교육의 명소로, 연인들에게는 데이트코스로 큰 인기를 누리고 있다.","=GOOGLETRANSLATE(A645, ""ko"", ""zh-cn"")"
1668-1035,"=GOOGLETRANSLATE(A646, ""ko"", ""zh-cn"")"
화엄사,"=GOOGLETRANSLATE(A647, ""ko"", ""zh-cn"")"
전남 전라남도 구례군 마산면 화엄사로 539,"=GOOGLETRANSLATE(A648, ""ko"", ""zh-cn"")"
"화엄사는 구례읍에서 동쪽으로 5.4㎞ 떨어진 곳, 민족의 영산인 지리산 자락에 위치하고 있는 천년 고찰로 544년(백제 성왕 22년)에 연기조사가 창건하였다 하여 절의 이름을 화엄경(華嚴經)의 화엄 두 글자를 따서 붙였다고 한다. 처음에는 해회당과 대웅상적광전만 세워졌고 그 후 643년(선덕여왕 12년) 자장율사에 의해 증축되었고 875년(신라 헌강왕 1년)에 도선국사가 또다시 증축하였다. 임진왜란 때 불타 없어진 것을 1630년(인조 8년)에 벽암선사가 절을 다시 세우기 시작하여 7년 만인 인조 14년(1636년)에 완성하였다. 사찰 내에는 각황전을 비롯하여 국보 4점, 보물 5점, 천연기념물 1점, 지방문화유산 2점 등 많은 문화유산과 20여 동의 부속 건물이 배치되어 있다. 특히 건물의 배치에 있어서는 일주문을 지나 약 30˚꺾어서 북동쪽으로 들어가면 금강역사, 문수, 보현의 상을 안치한 천왕문에 다다르는데 이 문은 금강문과는 서쪽 방향으로 빗겨 놓은 것이 독특한 특징이다. 이 천왕문을 지나 다시 올라가면 보제루에 이르고 보제루는 다른 절에서 그 밑을 통과하여 대웅전에 이르는 방법과는 다르게 누의 옆을 돌아가게 되어 있다. 저네에서는 동. 서 두 개의 탑이 사선 방향으로 보이며 동측탑의 윗부분보다 한단 높은 더위에 대웅전이 있고 서쪽탑의 윗부분에는 각황전이 위치하고 있다. 경내 건물 중 각황전은 국보로 지정된 매우 유명한 건물이며 현존하는 목조건물로는 국내 최대 규모로 그 웅장한 외양이 보는 이의 시선을 압도한다. 각황전 앞 뜰에 서있는 석등은 높이 6.3m, 직경 2.8m로 국내 최대 규모이며, 통일 신라시대 불교 중흥기의 찬란한 조각예술을 보여주는 작품으로 국보 제12호로 지정되어 있다. 각황전 왼편 효대라는 언덕에 자리하고 있는 4 사자 3층석탑은 화엄사를 창건한 연기조사가 어머니의 명복을 빌며 세운 탑으로 특이한 의장과 세련된 조각솜씨를 자랑하는 걸작으로 국보이다. 각황전 내부 후편에 위치하고 있는 영산회 괘불탱은 국보로 1997년도에 지정되었다. 화엄사 경내 보물 가운데서도 대웅전 양편에 서있는 5층탑은 뛰어난 조형성과 섬세한 장식이 눈길을 끄는 신라시대 작품으로 보물로 지정돼 있다. 또한 이곳의 대웅전은(보물) 조선시대의 우수한 예술성이 잘 나타나 있으며, 국립공원인 지리산의 훌륭한 경관을 배경으로 곳곳에 명소와 절경이 산재해 있다. 한편 하동에서 화엄사에 이르는 19번국도변(약 35㎞) 에는 가로수로 벚꽃나무가 심어져 매년 4월 벚꽃이 만개할 때면 환상적인 드라이브 코스로 인근에는 섬진강매화마을, 고소성 군립공원, 지리산국립공원, 쌍계사등 많은 관광지가 있어 수많은 상춘객이 몰리는 곳이다.","=GOOGLETRANSLATE(A649, ""ko"", ""zh-cn"")"
061-783-7600,"=GOOGLETRANSLATE(A650, ""ko"", ""zh-cn"")"
소노캄 경주,"=GOOGLETRANSLATE(A651, ""ko"", ""zh-cn"")"
경북 경상북도 경주시 보문로 402-12 (신평동),"=GOOGLETRANSLATE(A652, ""ko"", ""zh-cn"")"
소노캄 경주는 계절이 수놓은 빛깔과 자연이 주는 안온함이 있는 공간이다. 방문하는 고객들은 소노캄 경주에서 제공하는 객실 및 부대시설을 이용 시 안락하고 실용적인 느낌을 받을 수 있다. 소노캄 경주에는 보문호의 윤슬을 감상하며 조용하고 편안한 쉼을 가질 수 있다. 일상생활에서 벗어나 자연 안에서 휴식과 건강이 공존하는 곳이며 경주의 전통과 현대의 멋을 느낄 수 있다.,"=GOOGLETRANSLATE(A653, ""ko"", ""zh-cn"")"
코트야드 메리어트 서울 명동,"=GOOGLETRANSLATE(A654, ""ko"", ""zh-cn"")"
서울특별시 중구 남대문로 9,"=GOOGLETRANSLATE(A655, ""ko"", ""zh-cn"")"
"코트야드 메리어트 서울 명동은 서울특별시 중심부에 들어선 첫 번째 코트야드 브랜드 호텔이다. 국보 1호 숭례문을 마주하고 있으며 남대문 시장, 명동과 인접성을 자랑한다. 지하철 2호선 을지로입구역 6번 출구에서 걸어서 약 5분이면 도착하는 편리한 위치를 자랑한다. 걸어서 5분 이내 거리에 롯데백화점 본점이 있다. 또한 청계천이 걸어서 약 10분, 명동거리까지는 도보로 약 5분, 다양한 공예품을 한자리에서 만나볼 수 있는 쌈지길까지 걸어서 약 20분이면 도착한다.이 호텔에서는 여행객들을 위해 공용 지역 무료 무선 인터넷, 발렛파킹, 카페 등을 포함한 다양한 시설과 서비스를 제공하고 있다. 그 밖에도 고급스러운 바, 룸서비스, 드라이클리닝, 무료 주차등으로 서울 고급 호텔만의 고품격 서비스를 항상 제공하고 있다.","=GOOGLETRANSLATE(A656, ""ko"", ""zh-cn"")"
02-2211-8000,"=GOOGLETRANSLATE(A657, ""ko"", ""zh-cn"")"
율동공원,"=GOOGLETRANSLATE(A658, ""ko"", ""zh-cn"")"
경기도 성남시 분당구 문정로 145 (율동),"=GOOGLETRANSLATE(A659, ""ko"", ""zh-cn"")"
"성남 율동공원은 자연을 최대한 살려 조성한 자연호수공원으로, 잔디밭과 야산, 호수 등의 경치가 아름답다. 백제시대부터 밤나무가 많아서 율동공원이라 불렸다. 공원에는 청주한씨문정공파묘역신도비(경기도 문화유산자료), 3·1운동 기념탑이 있으며, 번지점프장으로 유명하다. 또한, 시민들을 위해 개방된 대규모의 잔디광장과 호수 주변으로 자연의 아름다움을 느끼며 산책할 수 있는 1.8㎞의 수변산책로, 자발적인 책 읽기를 유도하고 호기심과 상상력이 어우러진 가족공간인 책테마파크, 어린이 놀이터, 반려견놀이터 등 다양한 휴식공간과 관광요소를 제공한다.※ 공원 내 자전거 출입금지","=GOOGLETRANSLATE(A660, ""ko"", ""zh-cn"")"
율동공원 관리사무소 031-729-4387,"=GOOGLETRANSLATE(A661, ""ko"", ""zh-cn"")"
원당시장,"=GOOGLETRANSLATE(A662, ""ko"", ""zh-cn"")"
경기도 고양시 덕양구 호국로790번길 17 (성사동),"=GOOGLETRANSLATE(A663, ""ko"", ""zh-cn"")"
30년 전 고양시 원도심의 주축을 담당했던 원당 시장은 작지만 알찬 시장으로 사람들이 모여 수다를 떠는 쉼터가 되기도 한다. 서울에서 약 30분 떨어진 지역으로 제법 많은 사람들이 거주하고 있어 주민들에게 장보기 편의를 제공하고 있다. 원당역 근처로 1984년에 세워진 리스쇼핑몰 앞에 위치하고 있다. 더불어 규모는 작지만 꽃의 도시 고양시답게 향기로운 꽃시장도 있다.,"=GOOGLETRANSLATE(A664, ""ko"", ""zh-cn"")"
0507-1433-0217,"=GOOGLETRANSLATE(A665, ""ko"", ""zh-cn"")"
스타필드 고양,"=GOOGLETRANSLATE(A666, ""ko"", ""zh-cn"")"
경기도 고양시 덕양구 고양대로 1955,"=GOOGLETRANSLATE(A667, ""ko"", ""zh-cn"")"
"스타필드 고양은 서울과 경기 서북부를 연결하는 관문적 위치에 있다. 북한산의 아름다운 자연환경과 성곽, 솟을 문, 망루 등 예로부터 이어져 온 한국적 건축 모티브들을 현대적으로 재해석하여 건축 디자인에 접목하였다. 트렌디한 패션 뷰티 전문관부터 합리적 가격대의 창고형 하이퍼마켓, 업그레이드 된 마켓까지 하나의 공간에서 다양한 쇼핑과 여가 문화를 편안하고 쾌적하게 즐기실 수 있다. 사계절 온천수로 즐길 수 있는 아쿠아필드, 최신 시설의 시네마, 아이들을 위한 복합놀이 공간과 다양한 특화 서비스 시설까지 온 가족이 함께 소중한 추억을 만들 수 있다.(출처 : 스타필드 고양 홈페이지)","=GOOGLETRANSLATE(A668, ""ko"", ""zh-cn"")"
김해수로왕릉,"=GOOGLETRANSLATE(A669, ""ko"", ""zh-cn"")"
경남 경상남도 김해시 서상동 56-2,"=GOOGLETRANSLATE(A670, ""ko"", ""zh-cn"")"
"김해시 서상동에 있는 금관가야의 시조 수로왕의 무덤으로 사적으로 지정됐다. 높이 약 5m의 원형봉토분이며 신위를 모신 숭선전과 안향각, 전사청, 제기고 등의 건물이 있고 신도비와 공적비 등의 석조물이 있다. 수로왕릉의 주요 유적지로는 신위를 모신 숭선전, 춘추 제례에 사용할 향과 축을 보관한 안향각, 왕릉의 정문인 납릉 정문, 거북이 10마리가 뭉쳐져 있는 형상의 구지봉 등이 있다. 수로왕은 서기 42년 가락국의 시조로 왕위에 올라, 서기 48년 인도의 야유타국 공주 허황옥을 왕비로 맞았으며 김해 김 씨의 시조이다. 선조 13년(1580)에 영남관찰사 허엽이 무덤을 지금의 모습으로 단장하였다고 전해진다. 왕릉 내부에는 수로왕과 수로왕비의 신위가 있는데, 신위란 죽은 사람의 영혼이 의지할 자리로 죽은 사람의 사진이나 지방을 뜻한다. 능 앞의 묘비는 조선 인조 25년(1647)에 세운 것이며 숭선전은 고종 21년(1884)에 임금이 내린 이름이다.","=GOOGLETRANSLATE(A671, ""ko"", ""zh-cn"")"
수로왕릉관리사무소 055-332-1094,"=GOOGLETRANSLATE(A672, ""ko"", ""zh-cn"")"
롯데몰 진주점,"=GOOGLETRANSLATE(A673, ""ko"", ""zh-cn"")"
경남 경상남도 진주시 동진로 440 (충무공동),"=GOOGLETRANSLATE(A674, ""ko"", ""zh-cn"")"
"경상남도 진주시에 있는 롯데몰 진주점은 고객에게 매일 새로움과 즐거운 경험을 제공한다. 지역에서 가장 넓고 쾌적한 동선과 주차가 쉽고 편리하여 많은 사람들이 오가는 곳이다. 1층에는 아웃도어 매장이 구축되어 있으며, 3층에는 신규 브랜드들이 입점해있다. 이외에도 멀티플렉스 상영관과 기존 마트와 차별화된 라이프스타일 마트 등을 만나볼 수 있는 쇼핑공간이다. 진주 혁신도시의 복합 쇼핑몰로 근처에는 진주종합경기장, 국립저작권박물관 등이 위치해 있다.","=GOOGLETRANSLATE(A675, ""ko"", ""zh-cn"")"
영월 장릉(단종) [유네스코 세계유산],"=GOOGLETRANSLATE(A676, ""ko"", ""zh-cn"")"
강원특별자치도 영월군 영월읍 단종로 190,"=GOOGLETRANSLATE(A677, ""ko"", ""zh-cn"")"
"장릉은 조선 6대 단종(재위 1452~1455)의 능이다. 단종이 1457년(세조 3) 노산군(魯山君)의 신분으로 세상을 떠나자 영월호장 엄흥도(嚴興道)가 단종의 시신을 몰래 거두어 현재의 자리에 가매장하였다. 이후 1516년(중종 11) 묘를 찾아 봉분을 만들었고, 1580년(선조 13)에 석물을 세운 후 제사를 지냈다. 1698년(숙종 24) 단종으로 왕의 신분이 회복되어 능의 이름을 장릉이라 하고, 현재의 모습으로 다시 조성하였다.장릉은 일반적인 조선왕릉과 다르게 단종의 충신들을 위한 건조물이 있다. 장릉 입구에는 노산군묘을 찾아 제사를 올린 영월군수 박충원(朴忠元)의 뜻을 기린 낙촌비각(駱村碑閣), 재실 옆에는 단종의 시신을 거두어 묘를 만든 엄흥도의 정려각(旌閭閣), 단종을 위해 목숨을 바친 종친, 충신, 환관, 궁녀, 노비 등 268명의 위패를 모신 장판옥(藏版屋)과 이들에게 제사를 올리는 배식단(配食壇)이 있다.","=GOOGLETRANSLATE(A678, ""ko"", ""zh-cn"")"
033-374-4215,"=GOOGLETRANSLATE(A679, ""ko"", ""zh-cn"")"
미르섬,"=GOOGLETRANSLATE(A680, ""ko"", ""zh-cn"")"
충남 충청남도 공주시 금벽로 368 (신관동),"=GOOGLETRANSLATE(A681, ""ko"", ""zh-cn"")"
"공주에 위치한 미르섬은 금강 위에 떠 있는 아름다운 섬으로, 계절마다 다양한 꽃들이 섬 전체를 화사하게 물들이는 자연 속 힐링 명소이다. 코스모스를 시작으로 핑크뮬리, 댑싸리, 수크렁 등 다채로운 식물들이 조화를 이루며 장관을 연출한다. 특히 가을이면 섬을 따라 조성된 핑크뮬리 길이 인기를 끌며, 연분홍빛 물결이 금강의 풍경과 어우러져 인생샷 명소로 떠오르고 있다. 꽃밭을 가로지르는 산책로는 부드러운 곡선을 따라 이어지며, 강가를 걷는 내내 공주철교와 뒷산의 녹음이 조화를 이루는 경관을 즐길 수 있다. 길은 잘 포장되어 있어 남녀노소 누구나 편하게 산책할 수 있으며, 특히 공주대교 방면으로 깊숙이 들어갈수록 한층 더 아름다운 자연 풍경을 마주하게 된다. 가족 단위 관광객은 물론, 반려견과 함께 산책을 즐기기에도 안성맞춤인 공간이다.","=GOOGLETRANSLATE(A682, ""ko"", ""zh-cn"")"
공주시청 공원녹지팀 041-840-8552,"=GOOGLETRANSLATE(A683, ""ko"", ""zh-cn"")"
문경새재 오픈세트장,"=GOOGLETRANSLATE(A684, ""ko"", ""zh-cn"")"
"드라마 <킹덤>, <옷소매 붉은 끝동>, <해를 품은 달> 등을 촬영한 세트장으로 문경 도립공원과 연결되어 있다. 광화문을 생생히 구현해놓은 광화문 세트가 가장 유명한 스폿 중 하나. 한옥촌, 저잣거리, 서민 마을 등 여러 가지 분위기의 세트장이 넓은 부지 위에 펼쳐져 있어 마치 조선시대로 시간 여행하는 기분이 든다. 촬영장을 문경새재에 설치하게 된 동기는 무엇보다도 조령산과 주흘산의 산세가 고려의 수도 개성의 송악산과 흡사할 뿐만 아니라 옛길이 잘 보존되어 있어 사극 촬영장으로 매우 적합하기 때문이었다. 현재의 문경새재 오픈세트장은 문경시의 제작지원으로 과거 고려시대를 배경으로 한 세트장을 허물고 새로운 조선시대 모습으로 2008년 4월 16일 준공한 것이다. 공사비는 75억원을 투입하였으며 규모는 70,000㎡ 부지에 광화문, 경복궁, 동궁, 서운관, 궐내각사, 양반집 등 103동을 건립 하였으며 기존 초가집 22동과 기와집 5동을 합하여 130동의 세트 건물들이 존재하고 있다.◎ 한류의 매력을 만나는 여행 정보<환혼> 대호국 수도의 배경이 된 장소인 ‘문경새재 오픈세트장’은 <환혼> 뿐만 아니라 <킹덤>, <슈룹>, <해를 품은 달> 등 많은 사극 드라마의 촬영지로도 유명하다. 이 세트장의 배경은 조선시대로 드라마 속 조선시대가 궁금했던 사람이라면 과거 속으로 들어온 듯 생생한 현실감에 놀라게 될 것이다. 사극 드라마 속에 들어온 듯한 기분을 느끼고 싶다면 문경새재 오픈세트장에 방문해 보길 추천한다.","=GOOGLETRANSLATE(A685, ""ko"", ""zh-cn"")"
054-571-4357,"=GOOGLETRANSLATE(A686, ""ko"", ""zh-cn"")"
동대구역광장,"=GOOGLETRANSLATE(A687, ""ko"", ""zh-cn"")"
대구광역시 동구 동대구로 550 (신암동),"=GOOGLETRANSLATE(A688, ""ko"", ""zh-cn"")"
"동대구역광장은 2017년 10월에 준공하였다. 광장에는 온대구광장과 컬러풀가든, 상징조형물, 미디어월 등의 시설이 있다. 동대구역광장 상징조형물은 LED전광판을 이용하여 시민들에게 유익한 정보 제공하며, 미디어월과 바닥분수는 프로포즈, 행사 영상을 미디어월로 제공하여 시민과 함께하는 공간으로 운영하고 있다. 또한 대구의 핵심산업 육성 중인 태양광을 이용한 LED조명등으로 시민휴식처를 제공하고 있으며, 구름쉼터, 다채로움, 쿨링포그 등 컬러풀 가든도 있다.","=GOOGLETRANSLATE(A689, ""ko"", ""zh-cn"")"
대구시설공단 동대구역광장관리소 053-956-1400,"=GOOGLETRANSLATE(A690, ""ko"", ""zh-cn"")"
전북특별자치도 전주시 완산구 동문길 33-20 (풍남동2가),"=GOOGLETRANSLATE(A691, ""ko"", ""zh-cn"")"
"전주난장은 25년간의 자료를 수집, 3년 6개월의 공사기간을 거쳐 탄생한 전주 한옥마을의 명소로 사진 찍고 체험하며 즐길 수 있는 테마파크형 박물관이다. 생생한 소품 하나하나 역사적 가치를 품고 있는 근대사 박물관인 전주난장은 70여 개의 테마존으로 나누어져 다양한 볼거리를 제공한다. 직접 물을 길어볼 수 있는 110년 된 우물부터 레트로 감성이 물씬 풍기는 실제 전시물을 통해 한국 근대사를 직접 체험해 볼 수 있다. 높은 학습효과와 함께 그 존재 자체로도 충분한 역사적 가치를 지니고 있다. 25년간 수집한 근대 소품들이 집대성되어 있어 거리마다 정겨운 풍경을 자아낸다. 지나 온 세대에게는 추억과 향수를, 살아갈 세대에게는 신선함을 불러일으키는 색다른 경험을 선물한다.","=GOOGLETRANSLATE(A692, ""ko"", ""zh-cn"")"
063-244-0001,"=GOOGLETRANSLATE(A693, ""ko"", ""zh-cn"")"
부산광역시남구시설관리공단 남구빙상장,"=GOOGLETRANSLATE(A694, ""ko"", ""zh-cn"")"
부산광역시 남구 백운포로 106 (용호동),"=GOOGLETRANSLATE(A695, ""ko"", ""zh-cn"")"
"백운포 체육공원 내에 있는 부산 남구 실내빙상장은 국제경기장 규격을 갖춘 동부산권 유일의 생활체육형 공공 빙상장으로, 다양한 생활체육 경험 기회를 제공하여 동계스포츠 꿈나무 육성과 주민 스포츠 복지 향상을 위해 건립된 공공 체육시설이다. 지하 1층, 지상 2층 건물에 국제규격의 빙상경기장이 구비되어 있으며, 2018년 5월 개관하였다. 편의점, 스포츠용품점, 카페 등 부대 시설을 운영하며 빙상경기장 대관 사용도 가능하다. 스피드 스케이트, 피겨 스케이트, 쇼트트랙 강습 프로그램을 운영하고 있으며, 수영장, 축구장, 족구장, 테니스장 등 스포츠 시설을 함께 이용할 수 있다.","=GOOGLETRANSLATE(A696, ""ko"", ""zh-cn"")"
051-601-3433,"=GOOGLETRANSLATE(A697, ""ko"", ""zh-cn"")"
의정부예술의전당(의정부 8경),"=GOOGLETRANSLATE(A698, ""ko"", ""zh-cn"")"
의정부 의정부예술의전당 의정부 8경,"=GOOGLETRANSLATE(A699, ""ko"", ""zh-cn"")"
"의정부시청 부근에 있는 의정부예술의전당은 의정부 시민의 여가와 문화생활 증진을 위해 조성되었다. 2001년 4월 개관하였고, 리모델링 작업 후 2024년 1월 재개관하였다. 의정부문화재단이 운영을 맡고 있다. 지하 1층, 지상 2층 규모로 건립된 의정부예술의전당은 대극장(1,025명 수용)과 소극장(237명 수용), 국제회의장(177명 수용), 전시장을 갖추고 있다. 또한 무장애 편의시설과 수유실 등의 편의시설도 마련되어 있다. 개관 이후, 우수한 공연과 전시를 통해 의정부 지역 뿐 아니라 경기 북부와 서울 동북부 지역의 문화 공급원으로서의 역할을 다하고 있다. 특히 수준 높은 공연유치와 중저가의 관람료 책정으로 서울 관객이 지방공연장을 찾는 ‘역관람’ 행렬의 물꼬를 트기도 했다. 또한 ‘국제음악극축제’와 문학축제인 ‘천상병 예술제’ 등 의정부예술의전당만의 브랜드 축제를 지속적으로 유치함으로서 시민들에게 다양한 장르와 국내외 우수 공연들을 접할 수 있는 기회를 제공하고 있다.&nbsp;&nbsp;호원IC에서 차량으로 약 3분, 의정부경전철 의정부시청역에서 도보로 약 10분[652m] 소요된다. 인근에 의정부동부광장, 의정부부대찌개거리, 의정부로데로거리, 곤제근린공원, 노강서원, 회룡사, 도봉산, 수락산, 장흥유원지 등이 있다.&nbsp;","=GOOGLETRANSLATE(A700, ""ko"", ""zh-cn"")"
공연에 따라 다름,"=GOOGLETRANSLATE(A701, ""ko"", ""zh-cn"")"
031-828-5841,"=GOOGLETRANSLATE(A702, ""ko"", ""zh-cn"")"
의정부 음악도서관(의정부 8경),"=GOOGLETRANSLATE(A703, ""ko"", ""zh-cn"")"
의정부 의정부 음악도서관 의정부 8경,"=GOOGLETRANSLATE(A704, ""ko"", ""zh-cn"")"
경기도 의정부시 장곡로 280,"=GOOGLETRANSLATE(A705, ""ko"", ""zh-cn"")"
"의정부음악도서관은 책과 음악을 융합해서 음악을 청각적인 영역을 넘어 공감각적 공간으로 전달하는 음악 전문 공공도서관이다. 의정부시의 지역 특색을 반영한 블랙뮤직(재즈·블루스·힙합·R&amp;B등)을 테마로 공간을 디자인했고, 도서 및 CD·LP·악보·DVD 등의 비도서 자료로 장서 구성을 했다. 시민의 삶의 질을 높이고 시민과 함께 만들어가는 지역 음악 플랫폼의 역할을 구현하고자 한다.","=GOOGLETRANSLATE(A706, ""ko"", ""zh-cn"")"
031-828-4850,"=GOOGLETRANSLATE(A707, ""ko"", ""zh-cn"")"
의정부 미술도서관(의정부 8경),"=GOOGLETRANSLATE(A708, ""ko"", ""zh-cn"")"
의정부 의정부 미술도서관 의정부 8경,"=GOOGLETRANSLATE(A709, ""ko"", ""zh-cn"")"
경기도 의정부시 민락로 248,"=GOOGLETRANSLATE(A710, ""ko"", ""zh-cn"")"
"2019년 12월 개관한 미술관과 도서관을 접목한 우리나라 최초의 특화된 도서관이다. 1층에는 아트그라운드 전시실(소규모 기획전 전시공간)이 마련되어 있으며 2층은 주 열람공간으로 어린이, 유아자료, 일반자료 등이 비치되어 있다. 3층은 오픈스튜디오, 다목적홀: 예비작가를 위한 창작공간 및 문화프로그램 운영 공간으로 오픈스튜디오, 다목적홀이 운영되고 있다.","=GOOGLETRANSLATE(A711, ""ko"", ""zh-cn"")"
031-828-8870,"=GOOGLETRANSLATE(A712, ""ko"", ""zh-cn"")"
망월사(의정부 8경),"=GOOGLETRANSLATE(A713, ""ko"", ""zh-cn"")"
의정부 망월사 의정부 8경,"=GOOGLETRANSLATE(A714, ""ko"", ""zh-cn"")"
경기도 의정부시 망월로28번길 211-500,"=GOOGLETRANSLATE(A715, ""ko"", ""zh-cn"")"
"망월사는 자운봉, 만장봉, 선인봉, 주봉 등의 암봉이 수려하고 빼어난 도봉산에 자리 잡고 있다. 망월사로 오르는 길은 매표소에서 대원사, 원효사, 광법사를 차례로 돌아서 가는 코스가 있고 원도봉계곡을 따라가는 코스가 있는데 망월사에서는 두 갈래 등산로 중 어느 쪽으로 오르든 포대능선에 이르게 된다. 망월사는 신라 제27대 선덕여왕 8년(639년)에 해호스님이 여왕의 명에 의해 왕실의 융성을 기리고자 창건하였다. 당시 서라벌 월성(月城)을 향해 기원하는 뜻에서 망월사라 이름하였다. 이곳에는 예로부터 운수 납자의 대선사들이 많이 거쳐갔는데 고려시대의 혜거, 영소대사와 조선시대의 천봉, 영월, 도암 등 많은 명승들이 지냈고 근대의 도인이라 불리우는 만공, 한암, 성월 등 선지식들이 지내던 곳이다. 망월사 큰 법당에서 남서쪽으로 언덕을 들어가면 혜거국사부도(경기도 유형문화재)가 있다. 지금도 많은 수도승들이 참선하고 있다. 망월사 큰 법당에서 남서쪽으로 언덕을 넘어가면 혜거국사 부도가 있다. 부도란 이름난 스님의 사리나 유골을 안치해 두는 돌탑을 말하는데, 대개 절 근처에 세운다. 혜거국사의 사리를 봉안한 이 부도는 팔각원당형이다. 전체의 높이는 3.4m이고 탑의 몸통 둘레는 3.1m이다. 탑모양을 전체적으로 살펴보면, 기단 부위에 구형 탑신을 안치하고 옥개석과 상륜부로 구성돼 있다. 기단부는 지대석과 대석으로 구성돼 있는데 지대석은 팔각형 삼단의 일석으로 조성되고 높이가 80cm이다. 그리고 그 위에 괴임대를 놓았다. 탑 몸통은 공 모양으로 조성되고, 괴임대 윗쪽과 옥개석 아래쪽에 홈을 파서 탑 전체의 안정감을 꾀했다. 옥개석은 복발과 보주까지 한 개의 돌로 만들었는데, 낙수면은 목조건물의 지붕모양을 나타내고 있으며, 귀꽃은 모두 8개이다. 상륜부는 옥개석과 일석이며 복발면에 연꽃무늬를 새긴 것이 특징이다. 부도의 주인공인 혜거국사는 속성이 노씨이며, 자가 홍소로서 고려시대 국사를 지냈다. 그러나 행장은 세상에 잘 알려져 있지 않다.","=GOOGLETRANSLATE(A716, ""ko"", ""zh-cn"")"
031-873-7744,"=GOOGLETRANSLATE(A717, ""ko"", ""zh-cn"")"
서수원도서관,"=GOOGLETRANSLATE(A718, ""ko"", ""zh-cn"")"
수원 서수원도서관,"=GOOGLETRANSLATE(A719, ""ko"", ""zh-cn"")"
경기도 수원시 권선구 탑동로57번길 35,"=GOOGLETRANSLATE(A720, ""ko"", ""zh-cn"")"
"서수원지식정보관으로 개관한 이래 2016년 8월 서수원도서관으로 명칭을 변경한 이곳은 꾸준히 서수원 시민들의 발걸음이 머무는 작지만 조용하고 아늑함을 자랑하는 도서관이다. 서수원도서관은 철학, 종교 등 다양한 장서를 구비하고 있고 다양한 어린이 도서관 프로그램을 운영하여 시민들과 함께 활동하는 공간이다. 이곳의 가장 큰 특징은 국내 및 해외 유명 문학상 수상 작품을 수집해 도서 정보 서비스를 제공하며 수상 도서와 연계한 다양한 프로그램을 운영하고, 특화자료를 활성화하고 있다는 것이다. 또한 이곳에서는 다양한 문화 활동을 비롯하여, 직접 도서관을 방문하기 힘든 임산부와 영유아에게 거주하고 있는 관내 도서관 소장 도서를 집에서 택배를 통해 대출해주는 [내 생에 첫 도서관 서비스]도 제공하고 있다. 수원시에서는 21세기 지식정보화 시대를 맞이하여 전국 제일의 평생학습 및 문화 선도 도시로 앞서가고 시민 누구나 가까운 곳에서 도서관을 이용할 수 있도록 지역별로 어린이 도서관 3개소 서수원, 북수원도서관 일반도서관 2개소를 신설하여 기존 선경, 중앙, 영통도서관과 함께 8개 도서관을 보유하게 되었다 도서관 수 증가와 함께 서비스 질에서도 앞서가기 위해 우수도서를 시민(단체)으로부터 기증받고 신규 구입하여 시민이 전문지식을 습득하는데 부족함이 없도록 하고 있으며, 도서 및 회원정보, 무인자동화 등 이용자 중심의 One-Stop 전자도서관도 구축하여 이용에 불편이 없도록 추진하고 있다.","=GOOGLETRANSLATE(A721, ""ko"", ""zh-cn"")"
031-5191-1323,"=GOOGLETRANSLATE(A722, ""ko"", ""zh-cn"")"
곤지암렌탈샵 아이원,"=GOOGLETRANSLATE(A723, ""ko"", ""zh-cn"")"
광주 곤지암렌탈샵 아이원,"=GOOGLETRANSLATE(A724, ""ko"", ""zh-cn"")"
경기 광주시 도척면 도척윗로 102,"=GOOGLETRANSLATE(A725, ""ko"", ""zh-cn"")"
"곤지암스키장 인근에 위치한 곤지암렌탈샵 아이원입니다. 저희는 무작정 저렴한 가격이 아닌, 좋은 품질의 상품을 합리적인 가격에 렌탈해드리는 것을 지향하고 있습니다.&nbsp;&nbsp;스키/보드, 의류뿐만 아니라 장갑, 헬멧, 보호대, 고글까지 렌탈 가능합니다.&nbsp;약 80평의 공간에서 장비와 의류를 빠르게 렌탈하실 수 있도록 최대의 효율로 공간을 구성하였습니다. 깔끔하게 이용하실 수 있도록 탈의실을 확장 및 리모델링 하였으며, 매장 앞 20대 이상 주차 가능합니다.&nbsp;&nbsp;버튼 스텝온보드, 인라인스키, 해머데크, 숏스키, 고급스키 등 다양한 장비도 보유 중입니다.&nbsp;","=GOOGLETRANSLATE(A726, ""ko"", ""zh-cn"")"
010-2350-0121,"=GOOGLETRANSLATE(A727, ""ko"", ""zh-cn"")"
공유양조벤처센터 술지움,"=GOOGLETRANSLATE(A728, ""ko"", ""zh-cn"")"
경기 가평군 상면 청군로 248,"=GOOGLETRANSLATE(A729, ""ko"", ""zh-cn"")"
"가평에서 생산되는 쌀, 포도 등 지역 농산물을 활용하여 맥주, 탁주, 증류주, 과실주 등 다양한 주류를 제조하고, 교육·전시·시음 공간을 함께 갖춘 전국 최초의 술 문화 복합공간입니다.&nbsp;막걸리, 증류주, 뱅쇼, 모주, 술빵 만들기 등 다양한 당일 체험 프로그램을 운영하고 있으며, 양조장 견학 시에는 술지움에서 직접 제조한 주류를 시음할 수 있습니다.","=GOOGLETRANSLATE(A730, ""ko"", ""zh-cn"")"
031-582-4780,"=GOOGLETRANSLATE(A731, ""ko"", ""zh-cn"")"
곤지암렌탈샵 장비좋은집,"=GOOGLETRANSLATE(A732, ""ko"", ""zh-cn"")"
광주 곤지암렌탈샵 장비좋은집,"=GOOGLETRANSLATE(A733, ""ko"", ""zh-cn"")"
경기 광주시 도척면 독고개길 307,"=GOOGLETRANSLATE(A734, ""ko"", ""zh-cn"")"
"곤지암렌탈샵 장비좋은집은 곤지암리조트 스키장과 가장 가까운 거리에 위치해 있어 렌탈부터 반납까지 편리하게 이용하실 수 있습니다.매년 최신 의류와 장비로 업데이트하며, 초보자부터 상급자까지 모든 레벨에 맞는 장비를 완비하고 있습니다. 넓고 쾌적한 매장 환경 덕분에 예약 없이 방문하셔도 대기 시간 없이 바로 대여 가능한 것이 큰 장점입니다.특히 스키 입문자분들이 안전하고 즐겁게 스키를 즐기실 수 있도록 장비 세팅을 꼼꼼하게 도와드립니다.","=GOOGLETRANSLATE(A735, ""ko"", ""zh-cn"")"
031-762-7375,"=GOOGLETRANSLATE(A736, ""ko"", ""zh-cn"")"
물맑음수목원,"=GOOGLETRANSLATE(A737, ""ko"", ""zh-cn"")"
남양주 물맑음수목원,"=GOOGLETRANSLATE(A738, ""ko"", ""zh-cn"")"
경기도 남양주시 수동면 지둔로307번길 47-4,"=GOOGLETRANSLATE(A739, ""ko"", ""zh-cn"")"
"남양주시에서 운영하는 '물맑음수목원' 수동면에 자연 친화적으로 조성된 물맑음수목원에서는 사계절마다 달라지는 아름다운 풍경 속에서 다양한 식물을 감상할 수 있으며, 숲속에 서식하는 여러 생물을 직접 관찰하는 즐거움도 누릴 수 있습니다. 특히 '경기도 웰니스 관광지'로 선정된 물맑음수목원은 깊이 있고 다채로운 프로그램을 운영하고 있습니다. 목공예 체험과 놀이숲(자연물 공예), 산림치유, 유아숲 숲해설, 반딧불이 생태학습관 등 연령과 관심사에 맞춘 다양한 체험활동이 마련되어 있습니다. 물맑음수목원의 넓고 평화로운 자연 속에서 마음껏 휴식하며 특별한 시간을 보내보세요.","=GOOGLETRANSLATE(A740, ""ko"", ""zh-cn"")"
031-590-4078,"=GOOGLETRANSLATE(A741, ""ko"", ""zh-cn"")"
니지모리스튜디오,"=GOOGLETRANSLATE(A742, ""ko"", ""zh-cn"")"
동두천 니지모리스튜디오,"=GOOGLETRANSLATE(A743, ""ko"", ""zh-cn"")"
경기도 동두천시 천보산로 567-12,"=GOOGLETRANSLATE(A744, ""ko"", ""zh-cn"")"
"니지모리스튜디오는 일본의 고전적인 거리 풍경과 다이쇼시대 특유의 감성을 재현한 테마형 복합 문화 공간입니다. 서울 및 수도권에서 접근이 용이한 위치에 자리하고 있으며, 일본 거리를 모티브로 한 외관과 내부 구성은 국내에서는 보기 드문 독특한 콘셉트를 구현하고 있습니다.간판, 상점, 거리 조명, 자판기 등 공간을 구성하는 모든 요소가 일본 레트로 분위기를 충실히 반영하고 있어, 방문객은 마치 실제 일본에 온 듯한 몰입감 있는 경험을 할 수 있습니다.이 공간은 단순한 테마파크를 넘어, 유튜브 영상과 광고, 뮤직비디오, SNS 콘텐츠, 패션 화보, 웨딩 촬영 등 다양한 콘텐츠 제작을 위한 장소로도 활발히 활용되고 있습니다.촬영 대관은 물론 일반 방문객을 위한 체험형 공간으로도 운영되고 있어, MZ세대와 크리에이터에게는 인생샷 명소로, 브랜드와 기획자에게는 브랜디드 콘텐츠 제작의 최적지로 주목받고 있습니다.차별화된 공간성과 콘텐츠 활용도가 결합된 니지모리스튜디오는 감성적이고 독창적인 비주얼이 요구되는 프로젝트에 있어 강력한 경쟁력을 갖춘 장소입니다.","=GOOGLETRANSLATE(A745, ""ko"", ""zh-cn"")"
031-857-5557,"=GOOGLETRANSLATE(A746, ""ko"", ""zh-cn"")"
글로우사파리,"=GOOGLETRANSLATE(A747, ""ko"", ""zh-cn"")"
안성 글로우사파리,"=GOOGLETRANSLATE(A748, ""ko"", ""zh-cn"")"
경기 안성시 공도읍 서동대로 3930-39,"=GOOGLETRANSLATE(A749, ""ko"", ""zh-cn"")"
"스타필드 안성 내에 위치한 글로우사파리는 동물 없는 사파리를 콘셉트로 한 실내 테마파크다. 인간 세상에 빛을 전해주는 신비로운 동물 ‘글로우 애니멀’과 교감한다는 설정 아래 전시 공간을 구성했다. 실제 동물은 없지만 홀로그램, 인터랙티브 시스템, 프로젝션 매핑 등 실감미디어 기술을 활용해 동물과 교감하는 듯한 색다른 체험을 제공한다. 시기별로 달라지는 테마에 따라 판다, 북극곰, 래서판다 등 귀여운 동물 캐릭가 등장하고, 공간 곳곳에 사진 찍기 좋은 포토존이 마련되어 있다.","=GOOGLETRANSLATE(A750, ""ko"", ""zh-cn"")"
0507-1331-6640,"=GOOGLETRANSLATE(A751, ""ko"", ""zh-cn"")"
부천자유시장,"=GOOGLETRANSLATE(A752, ""ko"", ""zh-cn"")"
부천 부천자유시장,"=GOOGLETRANSLATE(A753, ""ko"", ""zh-cn"")"
경기도 부천시 자유로 33,"=GOOGLETRANSLATE(A754, ""ko"", ""zh-cn"")"
"부천 자유시장은 복사골로 유명한 부천에 개설되어 있는 전통시장이다. 자유시장은 해방 이후 1947년에 심곡동에서 문을 열면서 부천에서 가장 오래된 전통시장으로 자리를 잡았다. 1970년대 후반까지 주변에 위치한 부천청과물시장과 함께 부천 지역의 유일한 시장이기도 했다.특산물 복숭아와 주변 볼거리로 당산 벚꽃, 백만송이 장미공원이 있다. 2000년대에 들어서 눈에 띄게 약화된 장세를 회복하기 위해 시장 현대화 작업을 추진했다. 2009년부터 2012년, 2014년부터 2015년까지 2단계 사업을 통해 아케이드 시설과 간판 정비 등 쾌적한 쇼핑 환경을 조성했다.","=GOOGLETRANSLATE(A755, ""ko"", ""zh-cn"")"
032-656-1892,"=GOOGLETRANSLATE(A756, ""ko"", ""zh-cn"")"
충장근린체육공원,"=GOOGLETRANSLATE(A757, ""ko"", ""zh-cn"")"
고양 충장근린체육공원,"=GOOGLETRANSLATE(A758, ""ko"", ""zh-cn"")"
경기도 고양시 덕양구 행신로 42,"=GOOGLETRANSLATE(A759, ""ko"", ""zh-cn"")"
"게이트볼장, 족구장 테니스코트 등의 체육 시설이 있고 야간 조명 시설까지 갖춘 7개의 인조잔디 축구장은 대관 신청 후 이용이 가능하다. 평상 모양의 그늘 쉼터가 곳곳에 있고 다양한 운동기구와 바닥 분수, 어린이 놀이터가 있다. 24시간 CCTV를 운영하고 있어 안심하고 이용할 수 있는 테마공원이다.","=GOOGLETRANSLATE(A760, ""ko"", ""zh-cn"")"
031-8075-4319,"=GOOGLETRANSLATE(A761, ""ko"", ""zh-cn"")"
소요산국민관광지,"=GOOGLETRANSLATE(A762, ""ko"", ""zh-cn"")"
동두천 소요산국민관광지,"=GOOGLETRANSLATE(A763, ""ko"", ""zh-cn"")"
경기 동두천시 평화로2910번길 145,"=GOOGLETRANSLATE(A764, ""ko"", ""zh-cn"")"
"소요산(587.5 m)은 천연 기암괴석이 절묘하게 봉우리를 이루어 놓아 만물상을 연상케 하고 여름날 심연계곡의 오묘한 정취와 가을 단풍의 진한 아름다움으로 한수 이북 최고의 명산, 경기의 소금강(금강산)으로 불리어지고 있다. 소요산 관광지 입구에 위치한 자유수호 평화박물관을 시작으로 관광객들의 행복과 건강을 기원하는 건강 오행로, 원효대사와 요석공주의 애틋한 이야기가 스며있는 요석공주 별궁터, 원효대사가 수도했다는 원효대, 천년고찰 자재암, 청량폭포, 원효폭포 등의 관광명소가 있다.","=GOOGLETRANSLATE(A765, ""ko"", ""zh-cn"")"
031-860-2416~8,"=GOOGLETRANSLATE(A766, ""ko"", ""zh-cn"")"
경기의왕 레일바이크,"=GOOGLETRANSLATE(A767, ""ko"", ""zh-cn"")"
하남 경기의왕 레일바이크,"=GOOGLETRANSLATE(A768, ""ko"", ""zh-cn"")"
경기 의왕시 왕송못동로 221,"=GOOGLETRANSLATE(A769, ""ko"", ""zh-cn"")"
"수도권 최대의 인공생태습지""01. 수도권 최대의 인공생태습지레일파크가 있는 왕송호수는 제방길이 640m, 총저수량 207만톤의 저수지로 사계절 철새 도래지이자 다양한 어종 및 습지식물, 수중식물이 분포되어 있는 곳입니다.또한 주변엔 조류생태과학관, 자연학습공원, 맑은물처리장 등의 시설이 있어 자연,생태학습교육장으로 각광받고 있습니다. 02.수도권 최고의 일몰광경왕송호수는 수도권 중심부에 입지하고 있으며, 인근 안양, 군포, 과천, 수원, 성남 등, 6개시와 인접해 있습니다.서울을 비롯한 인근 지역에서 쉽고 빠르게 오실 수 있으며, 특히,왕송호수의 일몰광경은 수도권에서 보기 힘든 장관으로 알려져 있습니다. 03. 국내 유일의 철도 특구왕송호수에는 철도기술연구원, 교통대학, 철도박물관, 코레일인재개발원 등,252만 5천 915㎡에 이르는 면적의 세계적 수준의 집적화된 철도시설을 보유하고 있습니다.","=GOOGLETRANSLATE(A770, ""ko"", ""zh-cn"")"
070-7178-4393,"=GOOGLETRANSLATE(A771, ""ko"", ""zh-cn"")"
동두천 놀자숲,"=GOOGLETRANSLATE(A772, ""ko"", ""zh-cn"")"
동두천 동두천 놀자숲,"=GOOGLETRANSLATE(A773, ""ko"", ""zh-cn"")"
경기 동두천시 탑동가산로 1,"=GOOGLETRANSLATE(A774, ""ko"", ""zh-cn"")"
"펀 클라임, 에어리얼 로프 코스, 슬라이드 등을 갖춘 체험시설실내 체험시설인 놀자센터에는 클라이밍 시설인 펀 클라임, 에어리얼 로프 코스, 슬라이드 등을 갖추었다. 야외에는 길이 115ｍ 익스트림 슬라이드, 계곡 위 네트 어드벤처, 트리 하우스, 숲 놀이터 등 가족이 함께 자연 속에서 즐길 수 있는 시설이 조성된 신규관광지","=GOOGLETRANSLATE(A775, ""ko"", ""zh-cn"")"
031-866-5560,"=GOOGLETRANSLATE(A776, ""ko"", ""zh-cn"")"
왕방계곡,"=GOOGLETRANSLATE(A777, ""ko"", ""zh-cn"")"
동두천 왕방계곡,"=GOOGLETRANSLATE(A778, ""ko"", ""zh-cn"")"
경기 동두천시 탑동동,"=GOOGLETRANSLATE(A779, ""ko"", ""zh-cn"")"
"동두천 시내에서 동쪽 8km 지점에 위치한 왕방 마을 일대 계곡을 말하며, 왕방산 왕방 폭포에서 출원한 맑은 물줄기가 흘러내리는 청정 계곡으로 유명하다. 사람이 많지 않아 조용하고 물도 깨끗하며 취사는 불가능하지만 준비해온 음식을 먹을 수 있고 중간 중간 주차장과 간이 화장실이 있어 이용이 가능하다 물 높이가 적당하고 바닥의 돌들이 날카롭지 않아 아이와 함께 가족 물놀이를 즐길 수 있다. 주변에 낭바위, 아들바위, 층대바위, 줄바위, 왕방 폭포 등이 있고 평상 대여 같은 상술이 없는 자연 그대로의 모습이라 친근감을 더해준다.","=GOOGLETRANSLATE(A780, ""ko"", ""zh-cn"")"
없음,"=GOOGLETRANSLATE(A781, ""ko"", ""zh-cn"")"
오산 버드파크,"=GOOGLETRANSLATE(A782, ""ko"", ""zh-cn"")"
경기 오산시 오산동 915,"=GOOGLETRANSLATE(A783, ""ko"", ""zh-cn"")"
"새, 나무를 눈으로 보고 만지고 느낄 수 있는 사계절 생태체험학습장""오산버드파크는 21년 5월에 개장하여 새, 나무를 눈으로 보고 만지고 느낄 수 있는 사계절 생태체험학습장으로 시민들이 더욱 행복해지는 공간입니다. 경주버드파크 운영에서 축적된 노하우를 더 발전시켜 아이와 가족, 시민과 관광객, 그리고 동식물 모두가 일상에서 즐길 수 있는 힐링 공간을 만들어갑니다. 오산버드파크는 시민들이 더욱 행복해지는 공간을 제공하고자 합니다. 아이와 가족, 시민과 관광객 모두가 일상에서 찾고 즐길 수 있는 ‘힐링’ 공간을 만들어갑니다. 1~4층의 큰 규모로 구성되어 있기 때문에 동선을 짜셔서 움직이시는 게 좋습니다.""","=GOOGLETRANSLATE(A784, ""ko"", ""zh-cn"")"
031-8036-7979,"=GOOGLETRANSLATE(A785, ""ko"", ""zh-cn"")"
용소폭포,"=GOOGLETRANSLATE(A786, ""ko"", ""zh-cn"")"
경기 가평군 북면 적목리,"=GOOGLETRANSLATE(A787, ""ko"", ""zh-cn"")"
"경기 가평군 북면 적목리에 위치한 용소 폭포는 조무락골로 올라가는 삼팔교에서 도마치 계곡 상류 쪽으로 3km 지점에 있는 용소에 흐르는 폭포이다. 폭포의 물줄기는 석룡산과 도마치령, 신로, 국망봉 등 해발 1,000m 안팎의 험산을 타고 흘러내린 도마천의 근원이다. 폭포라는 이름에서 연상되는 것처럼 높은 곳에서 굉음을 내며 떨어지는 것이 아니라 바위들 사이로 흘러 내린 물이 암벽으로 둘러싸인 곳에 모여 소(沼)를 이루고, 크고 작은 소들이 계곡을 따라 이어진다. 용소라는 명칭은 용이 승천하다가 임신한 여인에게 목격되어 승천하지 못하고 낙상하여 소를 이루었다는 전설에서 유래되었다. 이 폭포와 용소는 적목용소(赤木龍沼)라는 명칭으로 가평 팔 경(加平八景)의 제5경으로 꼽힌다. 주변 단풍이 아름답게 어우러져 사진을 많이 찍는 곳으로 유명하다. 적목리 3.8교에서 3km 거리, 도보로 40분 거리에 위치하며 주변 참나무와 단풍나무가 잘 어우러져 있고, 5월에는 철쭉이 만개한다. 용소 폭포 근처는 물놀이 안전사고 우려 지역으로 비가 많이 온 후에는 깊은 곳 수심이 4m나 된다고 하며 여름철에는 안전요원들이 배치되어 있다. 수영이 항상 금지되는 것은 아니지만 물살이 세거나 비온 후에는 금지시킨다고 하니 물놀이 시에 안전장비를 착용하고 물살에 휩쓸리지 않도록 주의해야 한다.","=GOOGLETRANSLATE(A788, ""ko"", ""zh-cn"")"
031-582-8830,"=GOOGLETRANSLATE(A789, ""ko"", ""zh-cn"")"
경기아트센터,"=GOOGLETRANSLATE(A790, ""ko"", ""zh-cn"")"
수원 경기아트센터,"=GOOGLETRANSLATE(A791, ""ko"", ""zh-cn"")"
경기도 수원시 팔달구 효원로307번길 20 (인계동),"=GOOGLETRANSLATE(A792, ""ko"", ""zh-cn"")"
"경기아트센터는 경기도 수원시 팔달구에 있는 종합 공연장이다. 1984년 기본 계획 수립과 설계 공모가 시작되었고, 1991년 경기도문화예술회관으로 개관하였으며, 2020년 경기아트센터와 경기도예술단으로 명칭을 변경하고 동시에 탈권위 열린 공간으로 변화하고 있다. 경기아트센터는 예술이 생동하고 사회와 호흡하며 일상이 예술이 되는 곳으로 지방문화예술을 활성화하고, 도민에게 다양한 문화 혜택을 제공하고자 건립되었다. 행복한대극장, 아늑한소극장을 비롯하여 꿈꾸는컨벤션센터, 신나는야외공연장, 빛나는갤러리, 소담한갤러리 등이 있다. 경기아트센터는 제작공연 외에도 문화복지, 교육, 도정사업, 전시, 대관 등 다양한 문화예술 콘텐츠를 운영 중이며, 최첨단 시설 구축을 위한 끊임없는 노력으로 앞서가는 문화, 전문적인 문화를 선도함으로써 관객에게 최상의 문화를 제공하고 있다.","=GOOGLETRANSLATE(A793, ""ko"", ""zh-cn"")"
공연에 따라 상이,"=GOOGLETRANSLATE(A794, ""ko"", ""zh-cn"")"
대유평공원,"=GOOGLETRANSLATE(A795, ""ko"", ""zh-cn"")"
수원 대유평공원,"=GOOGLETRANSLATE(A796, ""ko"", ""zh-cn"")"
경기 수원시 장안구 정자동 111-19,"=GOOGLETRANSLATE(A797, ""ko"", ""zh-cn"")"
"대유평공원은 경기도 수원시 장안구에 위치한 대규모 공원으로, 시민들의 여가와 휴식을 위해 조성된 녹지 공간이다. 넓은 잔디밭과 산책로를 갖추고 있으며, 주변 자연환경과 조화를 이루어 도심 속에서 쾌적한 휴식 시간을 보낼 수 있다. 접근성이 좋아 가족 나들이와 산책, 운동 등 다양한 활동에 적합하다.","=GOOGLETRANSLATE(A798, ""ko"", ""zh-cn"")"
031-5191-5995,"=GOOGLETRANSLATE(A799, ""ko"", ""zh-cn"")"
영흥수목원,"=GOOGLETRANSLATE(A800, ""ko"", ""zh-cn"")"
수원 영흥수목원,"=GOOGLETRANSLATE(A801, ""ko"", ""zh-cn"")"
경기도 수원시 영통구 영통로 435 (영통동),"=GOOGLETRANSLATE(A802, ""ko"", ""zh-cn"")"
영흥수목원은 영흥숲공원이 둘러싸고 있는 산지 지형을 살려 조성된 식물원이다. 수목원에 들어서면 푸른 잔디밭과 다양한 테마의 숲과 공원을 볼 수 있고 이곳의 랜드마크인 온실에는 이국적인 느낌을 주는 독특한 식물을 볼 수 있다. 또한 시민들이 쉬어갈 수 있는 방문자센터에서는 수목원을 조망하며 카페를 이용하거나 다양한 전시와 교육 프로그램을 볼 수 있다. 또한 일정 기간 동안 야간개장을 운영하는데 해가 질 무렵에 조명과 어우러진 수목원의 또 다른 매력을 느낄 수 있다.,"=GOOGLETRANSLATE(A803, ""ko"", ""zh-cn"")"
031-369-2390,"=GOOGLETRANSLATE(A804, ""ko"", ""zh-cn"")"
동백호수공원,"=GOOGLETRANSLATE(A805, ""ko"", ""zh-cn"")"
평택 동백호수공원,"=GOOGLETRANSLATE(A806, ""ko"", ""zh-cn"")"
경기 용인시 기흥구 중동 843,"=GOOGLETRANSLATE(A807, ""ko"", ""zh-cn"")"
"동백호수공원은 동백역과 어정역 사이에 위치한 도심형 근린공원으로, 호숫가를 따라 조성된 동백순환산책로가 특징이다. 가족·연인·반려견 동반 방문객 모두가 즐길 수 있는 공간으로, 곳곳에 테이블과 벤치가 마련되어 있어 잔잔한 호수 풍경을 감상하며 휴식하기 좋다. 데크쉼터·야외운동기구·바닥분수 등 편의시설이 갖춰져 있으며, 6~7월에는 음악분수 쇼가 운영되어 산책의 즐거움을 더한다. 야외무대에서는 공연과 행사가 정기적으로 열려 지역 주민들의 여가 공간으로 활용된다.","=GOOGLETRANSLATE(A808, ""ko"", ""zh-cn"")"
031-6193-9061,"=GOOGLETRANSLATE(A809, ""ko"", ""zh-cn"")"
하남ICEBOX 아이스링크,"=GOOGLETRANSLATE(A810, ""ko"", ""zh-cn"")"
경기 하남시 미사강변한강로 327,"=GOOGLETRANSLATE(A811, ""ko"", ""zh-cn"")"
"하남ICEBOX 아이스링크는 경기도 하남에 위치한 가족 친화적 실내 스케이트장으로, 피겨·아이스하키·스피드스케이팅 강습은 물론 피겨·스피드 원데이 클래스와 스케이트 특강이 특히 인기다. 일반개장은 매주 토요일 13:00~16:00에 운영되며 누구나 자유롭게 즐길 수 있어 주말 방문객들의 만족도가 높다. 링크장은 2층과 3층 두 개 층으로 구성되어 있으며, 3층은 3대3 아이스하키 경기장으로 넓고 층고가 높아 쾌적한 환경을 제공한다. 약 200석 규모의 관중석을 갖추어 경기 관람에도 최적화되어 있다.","=GOOGLETRANSLATE(A812, ""ko"", ""zh-cn"")"
031-792-8583,"=GOOGLETRANSLATE(A813, ""ko"", ""zh-cn"")"
롯데피트인 산본점,"=GOOGLETRANSLATE(A814, ""ko"", ""zh-cn"")"
군포 롯데피트인 산본점,"=GOOGLETRANSLATE(A815, ""ko"", ""zh-cn"")"
경기 군포시 번영로 485,"=GOOGLETRANSLATE(A816, ""ko"", ""zh-cn"")"
"롯데피트인 산본점은 산본역에서 도보로 이동 가능한 위치에 자리한 복합 쇼핑몰로, 지역 생활권과 밀접해 접근성이 높다. 1층부터 10층까지 패션·F&amp;B·리빙·가전 등 다양한 매장이 구성되어 있으며 스타벅스, 올리브영, 유니클로, 롯데슈퍼, 하이마트 등이 입점해 있다. 10층에는 롯데시네마가 운영되고, 골프 아카데미와 피트니스센터 등 여가시설도 함께 마련되어 일상 속 쇼핑과 문화 활동을 한곳에서 이용할 수 있다.","=GOOGLETRANSLATE(A817, ""ko"", ""zh-cn"")"
031-8033-1000,"=GOOGLETRANSLATE(A818, ""ko"", ""zh-cn"")"
스타필드 안성,"=GOOGLETRANSLATE(A819, ""ko"", ""zh-cn"")"
안성 스타필드 안성,"=GOOGLETRANSLATE(A820, ""ko"", ""zh-cn"")"
"스타필드 안성은 쇼핑·레저·엔터테인먼트가 결합된 경기 남부권 복합쇼핑테마파크다. 트레이더스·메가박스·아쿠아필드 등을 갖추어 쇼핑과 여가를 한곳에서 즐길 수 있으며, 패밀리존 중심의 구성으로 가족 단위 방문객의 체류형 이용이 활발하다. 별마당 키즈와 펫파크 등 체험형 공간이 마련되어 있고, 전국 주요 맛집을 모은 푸드존도 인기가 높다. 63m 전망대에서는 안성 일대를 조망할 수 있어 방문 만족도를 높인다.","=GOOGLETRANSLATE(A821, ""ko"", ""zh-cn"")"
AK플라자 광명,"=GOOGLETRANSLATE(A822, ""ko"", ""zh-cn"")"
광명 AK플라자 광명,"=GOOGLETRANSLATE(A823, ""ko"", ""zh-cn"")"
경기 광명시 양지로 17,"=GOOGLETRANSLATE(A824, ""ko"", ""zh-cn"")"
"AK플라자 광명점은 경기도 광명시 광명역 인근에 자리한 복합 쇼핑몰로, 쇼핑·외식·문화를 한곳에서 즐길 수 있다. ‘어반 그로브(Urban Grove)’ 콘셉트로 자연과 도시의 조화를 강조했으며, 국내 최대 규모의 키네틱 아트 설치물이 시각적 재미를 더한다. 패션·리빙·식음료 등 다양한 브랜드가 입점해 있어 가족 단위 방문객에게도 적합하다. 3층 열린놀이터는 다양한 시설과 프로그램을 갖춰 무료로 이용할 수 있어 아이들과 방문하기 좋다.","=GOOGLETRANSLATE(A825, ""ko"", ""zh-cn"")"
02-6011-3313,"=GOOGLETRANSLATE(A826, ""ko"", ""zh-cn"")"
신세계백화점 의정부점,"=GOOGLETRANSLATE(A827, ""ko"", ""zh-cn"")"
의정부 신세계백화점 의정부점,"=GOOGLETRANSLATE(A828, ""ko"", ""zh-cn"")"
경기 의정부시 평화로 525,"=GOOGLETRANSLATE(A829, ""ko"", ""zh-cn"")"
"신세계백화점 의정부점은 경기 북부의 대표백화점이다. 의정부시 및 인근 양주시, 포천시, 동두천시 등에서 방문하기 용이하다. 지하철 1호선 의정부역에서 백화점 3층 메인층으로 들어올 수 있다. 총 10개 층 규모로 명품·화장품·패션·F&amp;B·푸드마켓 등 다양한 카테고리를 한곳에서 이용할 수 있다. 극장, 서점, 헤어샵, 네일샵, 아카데미 등 편의시설도 함께 구성되어 있어 쇼핑과 여가를 모두 충족하는 복합 쇼핑 환경을 제공한다.","=GOOGLETRANSLATE(A830, ""ko"", ""zh-cn"")"
031-8082-1234,"=GOOGLETRANSLATE(A831, ""ko"", ""zh-cn"")"
모다아울렛 구리남양주점,"=GOOGLETRANSLATE(A832, ""ko"", ""zh-cn"")"
구리 모다아울렛 구리남양주점,"=GOOGLETRANSLATE(A833, ""ko"", ""zh-cn"")"
경기 구리시 경춘북로 230,"=GOOGLETRANSLATE(A834, ""ko"", ""zh-cn"")"
"모다아울렛 구리남양주점은 패션부터 식음료까지 다양한 카테고리를 한 공간에서 제공하는 아울렛이다. 갈매역 인근에 위치해 지역 주민들이 일상적으로 찾으며, 구리·남양주 지역의 주요 쇼핑 시설로 사랑받는다. 2025년 9월 리뉴얼을 통해 브랜드 구성을 확대했다. 패션·스포츠·리빙·F&amp;B 브랜드가 4개 층에 고르게 분포되어 있어 필요한 상품을 한 번에 둘러볼 수 있다. 실내가 깔끔하게 정돈되어 쾌적한 쇼핑 환경을 제공하고, 비교적 한산한 편이라 여유로운 동선으로 이용 가능하다.","=GOOGLETRANSLATE(A835, ""ko"", ""zh-cn"")"
031-514-9000,"=GOOGLETRANSLATE(A836, ""ko"", ""zh-cn"")"
롯데백화점 구리점,"=GOOGLETRANSLATE(A837, ""ko"", ""zh-cn"")"
구리 롯데백화점 구리점,"=GOOGLETRANSLATE(A838, ""ko"", ""zh-cn"")"
경기 구리시 경춘로 261,"=GOOGLETRANSLATE(A839, ""ko"", ""zh-cn"")"
"롯데백화점 구리점은 구리·남양주권 주요 상권에 위치한 복합 문화·쇼핑 공간으로, 구리역과 2층 브릿지로 직접 연결되어 접근성이 높다. 약 800대 규모의 주차장을 갖춰 차량 방문객도 이용이 편리하다. 패션·리빙·식음료 등 일상형 카테고리가 구성되어 있으며, 우드·엘라이브러리·한옥공방·K골프 등 체험형 매장과 9층 문화센터를 운영해 지역 고객을 위한 문화·체험 프로그램을 제공한다. 식당가는 가족 단위 방문객들이 편하게 이용할 수 있는 구성으로 마련되어 있다.","=GOOGLETRANSLATE(A840, ""ko"", ""zh-cn"")"
031-1577-0001,"=GOOGLETRANSLATE(A841, ""ko"", ""zh-cn"")"
곤지암리조트 스키장,"=GOOGLETRANSLATE(A842, ""ko"", ""zh-cn"")"
광주 곤지암리조트 스키장,"=GOOGLETRANSLATE(A843, ""ko"", ""zh-cn"")"
경기 광주시 도척면 도척윗로 278,"=GOOGLETRANSLATE(A844, ""ko"", ""zh-cn"")"
"곤지암리조트 스키장은 서울에서 40분 거리에 있는 수도권 최대 규모의 프리미엄 스키장이다. 총 8면의 광폭 슬로프, 초고속 리프트, 첨단 제설 시스템 등 최고 수준의 시설을 갖추고 있으며, 국내 최초 ‘시간제 리프트권’, ‘슬로프 정원제’, ‘스키 모바일 퀵패스’ 등 차별화된 스키 서비스를 제공해 더 쾌적하고 프리미엄한 스키라이프를 선사한다. 더불어, 초∙중급자도 정상에서부터 이용할 수 있는 ‘파노라마 슬로프’가 있어 더 길고 짜릿한 스키를 경험할 수 있다. 또한, 프리미엄 스키 강습과 많은 스키어들에게 사랑받는 ‘펀 슬로프’, 시계탑 광장에 펼쳐지는 ‘대형 포토존’, ‘눈썰매장’ 등 남녀노소 모두 겨울 대표 레포츠를 더 다채롭게 즐길 수 있는 콘텐츠를 선보여 즐거움을 가져다준다.","=GOOGLETRANSLATE(A845, ""ko"", ""zh-cn"")"
1661-8787,"=GOOGLETRANSLATE(A846, ""ko"", ""zh-cn"")"
뉴코아아울렛 평촌점,"=GOOGLETRANSLATE(A847, ""ko"", ""zh-cn"")"
안양 뉴코아아울렛 평촌점,"=GOOGLETRANSLATE(A848, ""ko"", ""zh-cn"")"
경기 안양시 동안구 동안로 119,"=GOOGLETRANSLATE(A849, ""ko"", ""zh-cn"")"
"뉴코아아울렛 평촌점은 1997년 ‘킴스아울렛’으로 개점한 이후 같은 위치에서 운영을 이어온 도심형 아울렛이다. 지하철 4호선 범계역과 직접 연결되어 접근성이 뛰어나며, 2025년 5월 대대적인 리뉴얼을 통해 매장 구성과 동선을 전면 재정비했다. 약 260여 개의 패션·잡화 브랜드와 전문 식당가, 슈펜, 킴스클럽 등이 운영되어 다양한 상품과 서비스를 한곳에서 이용할 수 있다. CGV 영화관과 문화센터도 함께 구성되어 쇼핑과 여가를 모두 즐길 수 있다. 넓은 주차 공간과 효율적인 동선을 갖춰 방문객의 이용 편의가 높다.","=GOOGLETRANSLATE(A850, ""ko"", ""zh-cn"")"
031-380-7777,"=GOOGLETRANSLATE(A851, ""ko"", ""zh-cn"")"
동탄 호수공원 그랑파사쥬,"=GOOGLETRANSLATE(A852, ""ko"", ""zh-cn"")"
화성 동탄 호수공원 그랑파사쥬,"=GOOGLETRANSLATE(A853, ""ko"", ""zh-cn"")"
경기 화성시 동탄대로5길 15,"=GOOGLETRANSLATE(A854, ""ko"", ""zh-cn"")"
"동탄 그랑파사쥬는 프랑스 거리의 건축미를 모티브로 한 복합 문화·쇼핑몰로, 콩코르드 광장과 샹젤리제 거리를 재해석한 테마 공간이 조성되어 있다. 대형 상업시설과 다이닝, 메디컬센터가 함께 구성되어 있으며, 7개관 규모의 CGV와 트렌디한 브랜드가 입점해 주중·주말 모두 활기가 넘친다. 단지 내에는 동탄 최초의 호수공원 조망 인피니티풀이 마련되어 있어 쇼핑과 여가를 함께 즐길 수 있다. 호수공원과 인접한 입지로 방문객 수요가 높으며, 향후 트램 개통 시 대중교통 접근성이 더욱 확대될 것으로 예상된다.","=GOOGLETRANSLATE(A855, ""ko"", ""zh-cn"")"
031-377-5343,"=GOOGLETRANSLATE(A856, ""ko"", ""zh-cn"")"
롯데백화점 일산점,"=GOOGLETRANSLATE(A857, ""ko"", ""zh-cn"")"
고양 롯데백화점 일산점,"=GOOGLETRANSLATE(A858, ""ko"", ""zh-cn"")"
경기 고양시 일산동구 중앙로 1283,"=GOOGLETRANSLATE(A859, ""ko"", ""zh-cn"")"
"롯데백화점 일산점은 쇼핑·문화·커뮤니티 기능을 모두 갖춘 복합형 백화점이다. 정발산역과 직접 연결되어 있어 접근성이 뛰어나며, 대형 주차 시설을 갖춰 차량 방문객의 이용 편의도 높다. 약 400여 개의 패션·리빙·F&amp;B 브랜드가 입점해 쇼핑과 식사, 휴식을 한곳에서 해결할 수 있다. 문화홀과 갤러리 등 커뮤니티 시설도 마련되어 있어 다양한 문화 경험을 제공한다. 특히 1층의 복합 문화공간 ‘다락별장’은 일산점에서만 운영되는 특별 공간이다.","=GOOGLETRANSLATE(A860, ""ko"", ""zh-cn"")"
파미어스몰,"=GOOGLETRANSLATE(A861, ""ko"", ""zh-cn"")"
성남 파미어스몰,"=GOOGLETRANSLATE(A862, ""ko"", ""zh-cn"")"
경기 성남시 수정구 창업로 18,"=GOOGLETRANSLATE(A863, ""ko"", ""zh-cn"")"
"‘New Landmark in Pangyo, PAMEUS MALL 판교에서 따로, 또 같이 파미어스몰’. 파미어스몰은 국내 대표 자족형 신도시인 판교에서 다양한 라이프스타일이 조화롭게 어우러지는 복합 문화·상업 공간을 지향한다. 아이와 함께, 친구와 함께, 연인과 함께 즐길 수 있는 호텔, 극장, 콘서트홀, 메디컬센터, 갤러리뿐 아니라 쇼핑·레저·카페·다이닝 등 다양한 시설을 갖추어 판교 지역 주민들의 풍요로운 하루를 완성한다. ‘판교에서 따로, 또 같이’라는 슬로건처럼 일상과 여가가 자연스럽게 공존한다.","=GOOGLETRANSLATE(A864, ""ko"", ""zh-cn"")"
031-759-0429,"=GOOGLETRANSLATE(A865, ""ko"", ""zh-cn"")"
현대백화점 판교점,"=GOOGLETRANSLATE(A866, ""ko"", ""zh-cn"")"
성남 현대백화점 판교점,"=GOOGLETRANSLATE(A867, ""ko"", ""zh-cn"")"
경기 성남시 분당구 판교역로146번길 20,"=GOOGLETRANSLATE(A868, ""ko"", ""zh-cn"")"
"현대백화점 판교점은 판교신도시 백현동에 위치한 수도권 최대 규모의 프리미엄 백화점으로, ‘라이프스타일 랜드마크’를 지향한다. ‘오픈 스트리트형 공간’과 ‘컬처·푸드·리빙·패션’을 아우르는 복합 콘텐츠로 차별화된다. 세계적 브랜드와 국내 대표 디자이너 브랜드가 공존하며, 지하 1층의 ‘식품관’, 5층의 ‘키즈&amp;패밀리존’, 10층의 ‘토파즈홀’ 등 세대별 맞춤 공간이 돋보인다. 다양한 공간에서의 고객 경험을 혁신하는 현대백화점의 대표 점포다.","=GOOGLETRANSLATE(A869, ""ko"", ""zh-cn"")"
031-5170-2233,"=GOOGLETRANSLATE(A870, ""ko"", ""zh-cn"")"
타임빌라스 수원,"=GOOGLETRANSLATE(A871, ""ko"", ""zh-cn"")"
수원 타임빌라스 수원,"=GOOGLETRANSLATE(A872, ""ko"", ""zh-cn"")"
경기 수원시 권선구 세화로 134,"=GOOGLETRANSLATE(A873, ""ko"", ""zh-cn"")"
"타임빌라스 수원은 백화점과 쇼핑몰의 강점을 결합한 컨버전스형 프리미엄 쇼핑몰이다. 상권 최대 규모의 ‘나이키 라이즈’, ‘아디다스 비콘’ 매장을 포함해 ‘겐조’, ‘멀버리’, ‘케이스티파이’ 등 글로벌 인기 브랜드를 갖추고 있으며, 전국 맛집을 한데 모은 프리미엄 푸드홀 ‘다이닝 에비뉴’에서는 압도적인 미식 큐레이션을 경험할 수 있다. 수원역 환승센터와 연결되어 있어 접근성이 좋으며, 키즈 전문관 ‘킨더유니버스’ 유아 휴게실 등이 마련되어 있어 가족 단위 방문객도 편안한 쇼핑을 즐길 수 있다.","=GOOGLETRANSLATE(A874, ""ko"", ""zh-cn"")"
AK플라자 수원,"=GOOGLETRANSLATE(A875, ""ko"", ""zh-cn"")"
수원 AK플라자 수원,"=GOOGLETRANSLATE(A876, ""ko"", ""zh-cn"")"
경기 수원시 팔달구 덕영대로 924,"=GOOGLETRANSLATE(A877, ""ko"", ""zh-cn"")"
"수원역에 위치한 AK플라자 수원은 쇼핑과 문화, 엔터테인먼트가 공존하는 수원의 대표 복합문화공간이다. 지하철 1호선과 수인 분당선, 버스 환승센터가 연결되어 있어 전국 어디서나 편리하게 방문할 수 있다. 패션, 뷰티 인기 브랜드부터 메가박스 영화관∙건담베이스∙도토리 숲 등 다채로운 문화, 캐릭터 컨텐츠와 애슐리 퀸즈∙아웃백 스테이크 하우스∙심비디움 등 대형 외식 매장이 풍성하게 구성되어, 가족, 친구, 연인과 함께 하루 종일 머물며 즐길 수 있는 수원의 대표 문화 명소로 사랑받고 있다.","=GOOGLETRANSLATE(A878, ""ko"", ""zh-cn"")"
1661-1114,"=GOOGLETRANSLATE(A879, ""ko"", ""zh-cn"")"
갤러리아광교,"=GOOGLETRANSLATE(A880, ""ko"", ""zh-cn"")"
수원 갤러리아광교,"=GOOGLETRANSLATE(A881, ""ko"", ""zh-cn"")"
"갤러리아광교는 빛이 건물 전체를 관통하는 첫 번째 백화점으로서 특별하고 새로운 즐거움을 선사하는 쇼핑 공간을 제안한다. ‘건축계의 노벨상이라 불리는 프리츠커 상’을 수상한 세계적인 건축가 렘 콜하스가 설계했다. 마치 거대한 암석을 연상시키는 파사드와 이를 휘감은 유리루프를 통해 내부로 드리우는 빛은 색다른 공간적 경험을 제공한다. 210여 종 30,000마리의 해양 및 육지 생물들을 볼 수 있는 아쿠아플라넷광교, 288개 객실를 갖춘 코트야드 바이 메리어트 호텔이 연결되어 있다. 수원컨벤션센터, 광교호수공원을 도보로 산책하며 자연과 도시와의 만남을 한곳에서 만끽할 수 있다.","=GOOGLETRANSLATE(A882, ""ko"", ""zh-cn"")"
1544-6600,"=GOOGLETRANSLATE(A883, ""ko"", ""zh-cn"")"
매향리 평화역사관,"=GOOGLETRANSLATE(A884, ""ko"", ""zh-cn"")"
화성 매향리 평화역사관,"=GOOGLETRANSLATE(A885, ""ko"", ""zh-cn"")"
경기 화성시 우정읍 매향리 896-3,"=GOOGLETRANSLATE(A886, ""ko"", ""zh-cn"")"
1951년부터 54년간 주한미군이 전투기 사격장으로 이용하던 곳이다. 쿠니사격장의 ‘쿠니’는 매향리의 옛 지명인 고온리를 미군이 잘못 발음하여 불린 데에서 시작되었다. 사격장이었던 만큼 다양한 폭탄 잔재들이 남아있다. 6.25 전쟁의 아픔을 알리기 위해 문화 예술 공간으로 재탄생되었다. 평화의 소녀상 등 폭격 훈련 잔해인 포탄과 탄피로 만든 작품들이 있다.,"=GOOGLETRANSLATE(A887, ""ko"", ""zh-cn"")"
1577-4200,"=GOOGLETRANSLATE(A888, ""ko"", ""zh-cn"")"
화성 매향리평화기념관,"=GOOGLETRANSLATE(A889, ""ko"", ""zh-cn"")"
"오랜 아픔을 이겨낸 평화의 상징&nbsp;매향리평화기념관은 매향리의 아픈 역사를 기억하고 미래세대에 평화의 가치를 전달하고자 설립되었다.&nbsp;1950년 한국전쟁 발발 이후, 매향리에는 미군 부대의 사격훈련을 위한 쿠니사격장이 설치되었다. 2005년 쿠니사격장이 폐쇄되기까지 매향리 마을에는 군용기의 굉음과 포탄소리가 끊이지 않았고, 오폭 및 불발탄으로 인한 인명피해와 환경오염 등 주민들은 고통 속에서 살아야만 했다.&nbsp;주민들의 적극적인 투쟁으로 쿠니사격장이 폐쇄된 이후, 과거의 아픔과 폐쇄운동의 역사를 기억하기 위해 쿠니사격장을 둘러싼 철조망과 건물 일부가 존치되었으며, 2016년 쿠니사격장이 우리나라 최초의 ‘우수건축자산’으로 등록되었다.&nbsp;부지 내 우측공간에는 세계적인 건축가 마리오보타의 설계로 유명한 평화기념관이 위치하고 있다.&nbsp;‘과거와의 연결’을 중시하는 마리오 보타는 기존의 쿠니사격장 존치건물을 침범하지 않으면서도 쿠니사격장 부지 전체를 끌어안는 형상을 고안했으며, 현재의 반원형 건물을 설계했다.&nbsp;기념관의 회랑 앞쪽에 자리잡은 추모의 위령비는 원형의 통로가 수직적으로 반복되는 구조로, 희생자들을 추모하는 위령비이자, 쿠니사격장과 농섬, 매향리 인근을 조망하는 전망대로서의 기능을 한다.&nbsp;매향리평화기념관은 쿠니사격장 설치부터 폐쇄에 이르기까지의 과정을 살펴보는 상설전시실과 매향리의 역사‧문화와 관련된 다양한 주제를 연구하여 기획한 전시를 선보이는 기획전시실, 그리고 어린이체험실로 구성되어 있다.&nbsp;또한, 경기도 우수건축자산 제1호로 등재된 쿠니사격장의 존치건축물 일부에서도 전시실이 조성되어 독특하고도 생동감있는 전시를 관람할 수 있다.","=GOOGLETRANSLATE(A890, ""ko"", ""zh-cn"")"
031-5189-7410,"=GOOGLETRANSLATE(A891, ""ko"", ""zh-cn"")"
브릭스포도파파야열대과일체험농장,"=GOOGLETRANSLATE(A892, ""ko"", ""zh-cn"")"
안산 브릭스포도파파야열대과일체험농장,"=GOOGLETRANSLATE(A893, ""ko"", ""zh-cn"")"
경기 안산시 단원구 선감동 288-1,"=GOOGLETRANSLATE(A894, ""ko"", ""zh-cn"")"
"브릭스포도파파야열대과일은 바다향기수목원 인근에 자리한 체험 농장이다. 친환경 농법으로 캠벨, 샤인머스캣 등 다양한 포도를 재배하며, 시기에 따라 포도·무화과·옥수수·감자 등 다양한 농작물 수확 프로그램을 운영해 아이들이 자연과 교감할 수 있는 특별한 시간을 제공한다. 농장에는 앵무새, 돼지, 토끼, 조랑말, 햄스터 등 여러 종류의 동물도 있다. 자연 방사한 닭이 곳곳에 낳아둔 달걀을 찾아보는 체험도 아이들에게 인기가 높다.","=GOOGLETRANSLATE(A895, ""ko"", ""zh-cn"")"
0507-1318-3560,"=GOOGLETRANSLATE(A896, ""ko"", ""zh-cn"")"
현대백화점 킨텍스점,"=GOOGLETRANSLATE(A897, ""ko"", ""zh-cn"")"
고양 현대백화점 킨텍스점,"=GOOGLETRANSLATE(A898, ""ko"", ""zh-cn"")"
"현대백화점 킨텍스점은 주엽역과 킨텍스역 인근에 위치한 백화점이다. 현대백화점의 문화 공연장인 문화홀과 갤러리H가 마련되어 있으며, 식품부터 스포츠·아웃도어·화장품·여성·남성 패션 등 다양한 브랜드가 입점해 있다. HYUNDAI DEPARTMENT STORE나 THE HYUNDAI 등 영문 간판을 사용하는 다른 점포와 달리 ‘현대백화점’이라는 한글 간판을 함께 사용한 점이 특징이다. 주변에는 현대 모터스튜디오 고양과 원마운트가 있어 인근에서 즐길 거리도 풍부하다.","=GOOGLETRANSLATE(A899, ""ko"", ""zh-cn"")"
031-822-2233,"=GOOGLETRANSLATE(A900, ""ko"", ""zh-cn"")"
일산시장,"=GOOGLETRANSLATE(A901, ""ko"", ""zh-cn"")"
고양 일산시장,"=GOOGLETRANSLATE(A902, ""ko"", ""zh-cn"")"
경기 고양시 일산서구 일청로12번길 9,"=GOOGLETRANSLATE(A903, ""ko"", ""zh-cn"")"
"일산전통시장은 100년 역사를 자랑하는 고양시의 대표 재래시장이다. 현대화 사업을 통해 천장 아케이드를 설치해 날씨에 구애받지 않고 쾌적하게 장을 볼 수 있다. 신선한 과일·채소·건어물·해산물 등을 저렴하게 판매해 손님들의 만족도가 높다. 닭강정, 호떡 등 다양한 길거리 음식도 있어 먹거리 탐방에 제격이다. 이 외에도 생활용품부터 인테리어 소품까지 다양한 품목을 갖추고 있다.","=GOOGLETRANSLATE(A904, ""ko"", ""zh-cn"")"
031-975-2232,"=GOOGLETRANSLATE(A905, ""ko"", ""zh-cn"")"
소요생활체육공원,"=GOOGLETRANSLATE(A906, ""ko"", ""zh-cn"")"
동두천 소요생활체육공원,"=GOOGLETRANSLATE(A907, ""ko"", ""zh-cn"")"
경기 동두천시 봉동로 27,"=GOOGLETRANSLATE(A908, ""ko"", ""zh-cn"")"
"소요생활체육공원은 지역 주민의 건강 증진과 여가 활동을 지원하는 생활체육 중심 공원이자 다목적 스포츠 공간이다. 인조잔디 축구장을 비롯해 배드민턴장, 농구장, 풋살장 등 다양한 체육시설이 갖춰져 있어 누구나 부담 없이 운동을 즐기기 좋다. 공원 앞에는 신천이 흐르고 있어 산책하거나 물길을 따라 걷기에도 쾌적하다. 상봉암동 쌈지공원이 인근에 위치해 운동 후 잠시 쉬어갈 수도 있다.","=GOOGLETRANSLATE(A909, ""ko"", ""zh-cn"")"
031-860-3194,"=GOOGLETRANSLATE(A910, ""ko"", ""zh-cn"")"
반월호수공원,"=GOOGLETRANSLATE(A911, ""ko"", ""zh-cn"")"
군포 반월호수공원,"=GOOGLETRANSLATE(A912, ""ko"", ""zh-cn"")"
경기 군포시 호수로 92,"=GOOGLETRANSLATE(A913, ""ko"", ""zh-cn"")"
"반월호수공원은 반월호수 한쪽에 조성된 수변 공원이다. 둘레길을 걷다 보면 탁 트인 호수와 주변 녹음이 어우러진 풍경이 펼쳐져 편안한 휴식의 시간을 보낼 수 있다. 공원 곳곳에는 커다란 풍차와 포토존 등 다양한 조형물이 설치되어 있어 사진을 남기기 좋고, 벤치에서는 잠시 쉬어가며 여유를 즐길 수 있다. 간단한 운동을 할 수 있는 체육기구도 마련되어 남녀노소 모두에게 인기다.","=GOOGLETRANSLATE(A914, ""ko"", ""zh-cn"")"
031-390-0667,"=GOOGLETRANSLATE(A915, ""ko"", ""zh-cn"")"
AK플라자 금정,"=GOOGLETRANSLATE(A916, ""ko"", ""zh-cn"")"
군포 AK플라자 금정,"=GOOGLETRANSLATE(A917, ""ko"", ""zh-cn"")"
경기 군포시 엘에스로 143,"=GOOGLETRANSLATE(A918, ""ko"", ""zh-cn"")"
"AK플라자 금정점은 패션·뷰티·라이프스타일과 F&amp;B가 어우러진 복합 쇼핑 공간이다. 지하 1층에는 골프·스포츠·유아동 매장이, 1층에는 화장품과 라이프스타일 브랜드, 메가박스가 자리한다. 2층에는 금정점의 랜드마크인 대형 손하트 베어브릭 조형물이 설치되어 있어 방문객들의 필수 인증샷 명소로 자리 잡았다. 또한 옥상정원과 카페에서 여유로운 휴식을 취할 수 있다.","=GOOGLETRANSLATE(A919, ""ko"", ""zh-cn"")"
031-427-4100,"=GOOGLETRANSLATE(A920, ""ko"", ""zh-cn"")"
가평베고니아새정원,"=GOOGLETRANSLATE(A921, ""ko"", ""zh-cn"")"
경기도 가평군 설악면 미사리로270번길 30,"=GOOGLETRANSLATE(A922, ""ko"", ""zh-cn"")"
"경기도 가평의 맑은 공기와 자연 속, 베고니아새정원은 약 2만㎡ 규모의 실내·외 정원과 희귀 조류, 교감 체험, 사계절 꽃이 어우러진 복합 문화체험 공간이다. 희귀한 새들과 꽃들이 어우러지는 온실 그린하우스에는 플라워존, 인피니티존, 버드존이 있으며, 이곳에서는 아름다운 형형색색의 베고니아 꽃들이 만발해 있는 베고니아 언덕, 미디어 파사드를 통한 무한 거울의 공간 미디어룸, 등나무와 수국이 화려하게 맞이하는 최고의 포토존 꽃들의 향연, 미러룸이 있다. 버드존에서는 자유롭게 활강하는 희귀 조류를 만나볼 수 있으며, 앵무새들에게 먹이 주기 체험도 가능하다. 실내 온실뿐만 아니라 야외에의 3가지 테마의 주제정원은 사계절 각기 다른 개화 식물들의 매력을 볼 수 있는 앞뜰 정원과 알파카와 보어 염소와 친해질 수 있는 신비 정원, 물의 정원으로 조성되어 있다.","=GOOGLETRANSLATE(A923, ""ko"", ""zh-cn"")"
031-584-4477,"=GOOGLETRANSLATE(A924, ""ko"", ""zh-cn"")"
화악터널 쌈지공원(가평 별빛정원),"=GOOGLETRANSLATE(A925, ""ko"", ""zh-cn"")"
화악터널 쌈지공원 가평 별빛정원,"=GOOGLETRANSLATE(A926, ""ko"", ""zh-cn"")"
경기도 가평군 북면 화악리 산 228-1,"=GOOGLETRANSLATE(A927, ""ko"", ""zh-cn"")"
"2013년 조성된 화악터널 쌈지공원은 가평군 북면 화악리, 해발 870m에 위치한 전망공원이다. 낮에는 화악산 능선과 가평 전경을 조망할 수 있고, 밤에는 빛공해가 적은 청정 산중에서 쏟아지는 별빛을 감상할 수 있다. 2020년 MBC '나 혼자 산다' 방송을 통해 소개된 이후 별 보기 명소로 알려지면서, 여행객과 천체 관측 애호가의 발길이 이어지고 있다. 한편, 인근 화악산 오르막길은 국내 최고 난이도의 업힐 코스로, 자전거 동호인들에게 도전 코스로 인기가 높다.","=GOOGLETRANSLATE(A928, ""ko"", ""zh-cn"")"
031-580-2344,"=GOOGLETRANSLATE(A929, ""ko"", ""zh-cn"")"
의왕무민공원,"=GOOGLETRANSLATE(A930, ""ko"", ""zh-cn"")"
하남 의왕무민공원,"=GOOGLETRANSLATE(A931, ""ko"", ""zh-cn"")"
경기 의왕시 의일로 65,"=GOOGLETRANSLATE(A932, ""ko"", ""zh-cn"")"
"의왕무민공원은 핀란드 화가 토베 얀손의 '무민과 친구들'을 테마로 한 공원으로, 자연 속 보물찾기 여행 콘셉트로 조성되었다. 무민 친구들의 여정을 재현한 캐릭터 포토존, 아이들이 뛰어놀 수 있는 천연 잔디광장, 해 질 녘 무민 여행기를 감상하는 아트볼 등 다채로운 체험 공간을 갖췄다. 의왕 8경 중 하나인 백운호수를 한눈에 조망할 수 있는 것도 매력 포인트다.","=GOOGLETRANSLATE(A933, ""ko"", ""zh-cn"")"
031-345-3533,"=GOOGLETRANSLATE(A934, ""ko"", ""zh-cn"")"
구리 왕숙체육공원,"=GOOGLETRANSLATE(A935, ""ko"", ""zh-cn"")"
구리 구리 왕숙체육공원,"=GOOGLETRANSLATE(A936, ""ko"", ""zh-cn"")"
경기도 구리시 왕숙천로 701 (사노동),"=GOOGLETRANSLATE(A937, ""ko"", ""zh-cn"")"
"구리 왕숙체육공원은 시민의 휴식과 체력 증진을 위하여 조성된 공원으로, 각종 운동 기구와 축구장, 테니스장, 풋살장 등의 시설을 갖춘 복합 체육 문화 공간이다. 원래 쓰레기 매립장이었던 곳으로 10여 년을 안정화한 후, 생활 체육 활성화 및 시민 여가 활용을 위하여 57,479㎡ 부지에 115억 원을 투입하여 체육공원 시설 및 각종 부대시설을 조성하였다. 지역 주민의 기초 체력 증진을 위해 인조 잔디 축구장 1면[6,262㎡], 테니스장 17면[11,027㎡], 풋살장 1면 [800㎡] 등 야외 운동 기구를 갖춘 체육공원과 산책로, 조명 분수, 조형물, 드넓은 녹지 공간, 매점 등의 편의시설과 휴식 공간이 조성되어 있다.","=GOOGLETRANSLATE(A938, ""ko"", ""zh-cn"")"
031-557-6000,"=GOOGLETRANSLATE(A939, ""ko"", ""zh-cn"")"
양평 백운봉자연휴양림,"=GOOGLETRANSLATE(A940, ""ko"", ""zh-cn"")"
양평 양평 백운봉자연휴양림,"=GOOGLETRANSLATE(A941, ""ko"", ""zh-cn"")"
경기도 양평군 양평읍 약수사길 78-14,"=GOOGLETRANSLATE(A942, ""ko"", ""zh-cn"")"
"양평 백운봉자연휴양림은 수도권 근교의 숲 속 힐링 공간으로 용문산줄기 백운봉 등산로 입구에 위치하고 있다. 숲 속의 집 등 총 20실의 숙박시설과 20면의 야영데크가 조성되어 있으며 양평공사에서 직접 운영관리 한다. 이외에도 산림휴양관, 야영장, 등산로, 자연탐방로, 체력단련장, 산림좌욕시설, 야생화 단지, 철쭉 군락지 등이 있어 이용하기에 좋고 경관도 아름답다. 휴양림 내에 있는 백운봉 등산로는 인근 지역 등산로 중에서도 손꼽히는 등산로로 사람들이 많이 찾는다.","=GOOGLETRANSLATE(A943, ""ko"", ""zh-cn"")"
031-775-4005,"=GOOGLETRANSLATE(A944, ""ko"", ""zh-cn"")"
양평군립미술관,"=GOOGLETRANSLATE(A945, ""ko"", ""zh-cn"")"
양평 양평군립미술관,"=GOOGLETRANSLATE(A946, ""ko"", ""zh-cn"")"
"양평군립미술관은 2011년 개관하여 다양한 프로그램과 수준 높은 현대미술기획과 창의교육프로그램을 진행해오고있다. 양평읍 양근리 일대 대지 8069㎡에 건물면적 4184㎡에 지상 3층, 지하 1층 규모로 세워진 미술관으로 전시관 뿐만 아니라 교육시설, 컨퍼런스룸, 라이브러리, 키즈룸, 세미나실, 카페 등을 갖추고 있다. 어린이, 청소년, 성인 대상의 교육 프로그램을 운영하고 있으며 학술세미나와 해마다 다른 주제의 문화행사를 열고 있다. 현장 체험 위주의 공간 확보 및 테마형 전시기획은 양평을 문화관광 브랜드로 자리매김하는데 큰 역할을 하고 있다. 경의중앙선 양평역에서 도보로 14분거리에 위치해 있고 주변에 곤충박물관이 있다.","=GOOGLETRANSLATE(A947, ""ko"", ""zh-cn"")"
"[개인]- 일반 1,000원- 청소년 700원- 어린이 500원[단체(20인 이상)]- 일반 700원- 청소년 500원- 어린이 300원※무료- 양평군민 / 노인 / 군인 / 장애인 / 국가유공자","=GOOGLETRANSLATE(A948, ""ko"", ""zh-cn"")"
0507-1431-8515,"=GOOGLETRANSLATE(A949, ""ko"", ""zh-cn"")"
"용문천년시장(5,10일)","=GOOGLETRANSLATE(A950, ""ko"", ""zh-cn"")"
"양평 용문천년시장 5,10일","=GOOGLETRANSLATE(A951, ""ko"", ""zh-cn"")"
경기도 양평군 용문면 용문시장2길 11,"=GOOGLETRANSLATE(A952, ""ko"", ""zh-cn"")"
"용문천년시장은 양평군의 3대 전통시장 중 하나로 경의중앙선의 용문역에서 하차하면 바로 200여개의 좌판이 벌어지는 5일 전통시장이다. 용문산 관광단지와 민물고기 생태박물관이 있어서 관광형 시장으로 유명하다. 단순히 쇼핑을 즐기는 공간이 아닌 먹거리, 볼거리, 즐길 거리가 넘치는 문화와 예술이 있는 시장으로 운영되고 있다. (출처 : 양평군 문화관광 홈페이지)","=GOOGLETRANSLATE(A953, ""ko"", ""zh-cn"")"
031-771-6172,"=GOOGLETRANSLATE(A954, ""ko"", ""zh-cn"")"
백석생활체육공원,"=GOOGLETRANSLATE(A955, ""ko"", ""zh-cn"")"
양주 백석생활체육공원,"=GOOGLETRANSLATE(A956, ""ko"", ""zh-cn"")"
경기도 양주시 백석읍 백은로 185,"=GOOGLETRANSLATE(A957, ""ko"", ""zh-cn"")"
"축구장, 야구장, 리틀야구장, 테니스장, 농구장, 족구장, 배드민턴장 등 다양한 체육 시설을 갖춘 체육공원으로 육상 트랙과 간단한 운동기구 등 생활체육시설도 갖추고 있다. 양주 불곡산이 보이고 공기 좋은 곳에 있는 이곳은 사람들이 붐비지 않아 어린이들과 함께 산책하며 운동하기에도 좋다.","=GOOGLETRANSLATE(A958, ""ko"", ""zh-cn"")"
031-828-9832,"=GOOGLETRANSLATE(A959, ""ko"", ""zh-cn"")"
청련사,"=GOOGLETRANSLATE(A960, ""ko"", ""zh-cn"")"
양주 청련사,"=GOOGLETRANSLATE(A961, ""ko"", ""zh-cn"")"
경기 양주시 장흥면 권율로 169,"=GOOGLETRANSLATE(A962, ""ko"", ""zh-cn"")"
"청련사는 신라 시대에 창건된 경기도 양주시 장흥면의 천년고찰이다. '백성을 편안히 하고 나라를 굳건히 한다'는 뜻을 담아 처음에는 '안정사'라 불렸고, 오랜 세월 동안 호국불교 사찰로서 역할을 이어왔다. 경내 곳곳은 고풍스러우면서도 웅장한 분위기가 감돈다. 대웅전에는 경기도 유형문화유산인 목조아미타여래삼존좌상이 봉안되어 있으며, 이외에도 여러 전각에서 다양한 불상을 둘러볼 수 있다.","=GOOGLETRANSLATE(A963, ""ko"", ""zh-cn"")"
031-836-2439,"=GOOGLETRANSLATE(A964, ""ko"", ""zh-cn"")"
금광호수공원,"=GOOGLETRANSLATE(A965, ""ko"", ""zh-cn"")"
안성 금광호수공원,"=GOOGLETRANSLATE(A966, ""ko"", ""zh-cn"")"
경기도 안성시 금광면 진안로 968,"=GOOGLETRANSLATE(A967, ""ko"", ""zh-cn"")"
"금광호수공원은 금광호수 서쪽 금광교 인근에 위치한 근린공원이다. 금광호수는 동서남북 모든 방향에서 아름답고 고요한 풍경을 자랑하는 안성의 랜드마크로, V자 계곡형 호수로 낚시가 잘되어 겨울철 빙어낚시 명소로도 유명하다. 특히, 금광호수 서편에 자리한 금광호수공원과 물안개공원 방향은 호수 주변으로 산책하기 좋은 수변데크가 잘 조성되어 있고 맛집과 카페 등 주변 상권과도 가까워 둘러보기 좋다. 차를 이용하면 안성 시내에서 10여 분, 평택에서 30여 분의 거리에 있어 휴일에도 부담 없이 다녀올 수 있다.","=GOOGLETRANSLATE(A968, ""ko"", ""zh-cn"")"
031-677-1330,"=GOOGLETRANSLATE(A969, ""ko"", ""zh-cn"")"
이천설봉온천랜드,"=GOOGLETRANSLATE(A970, ""ko"", ""zh-cn"")"
경기도 이천시 애련정로 67-16 (안흥동),"=GOOGLETRANSLATE(A971, ""ko"", ""zh-cn"")"
"이천온천지구에 있는 이천설봉온천랜드는 조선 세종대왕과 세조도 찾아온 600년 전통의 약수 온천으로 유명한 온천장이다. 물 좋기로 소문난 온천물은 지역주민뿐 아니라 타지에서 온 여행객들까지 찾는 온천 명소이다. 이천설봉온천랜드는 크게 온천을 즐길 수 있는 사우나&amp;찜질방과 프라이빗하게 즐길 수 있는 가족탕으로 나뉘어져 있다. 4층 건물로 1층에는 여탕, 2층에는 찜질방, 식당 등의 편의시설, 3층에는 남탕, 4층에는 가족탕과 슬라이드를 갖춘 미니 수영장이 있으며, 수영장은 야외시설로 여름 시즌에만 한정 운영한다. 특히 가족탕은 2인실, 4인실로 운영되며 주말에는 예약 경쟁이 치열할 정도로 인기가 많다. 찜질방에 간단한 간식을 먹을 수 있는 매점과 끼니를 때울 수 있는 식당이 있고 오락실, 노래방 등 즐길 거리와 마사지실 등의 편의 시설을 갖추고 있다. 도보권에 애련정과 안흥지가 있어 연꽃이 필 때면 산책 삼아 연계 방문하기 좋다. 경강선 이천역에서 차량으로 약 4분, 이천종합터미널에서 도보 약 10분(658m) 소요된다. 인근에 설봉공원(경기도자미술관∙이천시립박물관∙이천시립월전미술관∙설봉국제조각공원 등), 사기막골도예촌, 예스파크, 성호호수연꽃단지, 한택식물원, 지산포레스트리조트스키장, 이천테르메덴, 덕평공룡수목원 등이 있다.","=GOOGLETRANSLATE(A972, ""ko"", ""zh-cn"")"
031-631-0554,"=GOOGLETRANSLATE(A973, ""ko"", ""zh-cn"")"
세이브존 광명점,"=GOOGLETRANSLATE(A974, ""ko"", ""zh-cn"")"
광명 세이브존 광명점,"=GOOGLETRANSLATE(A975, ""ko"", ""zh-cn"")"
경기 광명시 철망산로 87,"=GOOGLETRANSLATE(A976, ""ko"", ""zh-cn"")"
"세이브존 광명점은 쇼핑과 여가, 생활 편의시설을 함께 갖춘 복합 쇼핑몰이다. 지하 식품관과 푸드코트를 비롯해 아웃도어·스포츠·골프웨어 브랜드, 영캐주얼과 숙녀복 매장, 문화센터와 전문식당가가 층별로 들어서 있으며, 5층에는 풋살장이 마련되어 여가 활동을 즐길 수 있다. 실용적인 브랜드 구성과 다양한 편의시설을 갖춰 지역민의 생활 밀착형 쇼핑 공간으로 자리매김하고 있다.","=GOOGLETRANSLATE(A977, ""ko"", ""zh-cn"")"
02-6332-9000,"=GOOGLETRANSLATE(A978, ""ko"", ""zh-cn"")"
화성 드림파크야구장,"=GOOGLETRANSLATE(A979, ""ko"", ""zh-cn"")"
화성 화성 드림파크야구장,"=GOOGLETRANSLATE(A980, ""ko"", ""zh-cn"")"
경기 화성시 우정읍 기아자동차로 189-2,"=GOOGLETRANSLATE(A981, ""ko"", ""zh-cn"")"
"유소년전용 야구장, 화성 드림파크야구장국내 최대 규모의 유소년야구장 '화성드림파크야구장'은 리틀야구장 4면, 주니어야구장 3면, 여성야구장 등 총 8면의 야구장으로 구성되어 있다. 더불어 휴식 공간과 행사장으로 활용할 수 있는 광장, 공원도 조성되어 있다.","=GOOGLETRANSLATE(A982, ""ko"", ""zh-cn"")"
031-351-9027,"=GOOGLETRANSLATE(A983, ""ko"", ""zh-cn"")"
경안시장,"=GOOGLETRANSLATE(A984, ""ko"", ""zh-cn"")"
광주 경안시장,"=GOOGLETRANSLATE(A985, ""ko"", ""zh-cn"")"
경기 광주시 경안로25번길 14-1,"=GOOGLETRANSLATE(A986, ""ko"", ""zh-cn"")"
"광주 경안시장은 조선시대부터 명맥을 이어온 유서 깊은 전통시장으로, 광주시 중심부에 자리한다. 2010년 시설 현대화 사업을 통해 아케이드 설치, 상수도·가스·전기 공사, 중앙통로 정비 등 환경 개선을 마쳤으며, 2014년에는 주차장도 조성해 이용 편의성을 높였다. 정기시장과 상설시장이 병행 운영되고 있고, 정기시장에서는 지역 농산물과 잡화·의류 등 다양한 상품을 판매한다. 특히 남한산성과 도자기를 형상화한 갤러리창이 있어 이색적인 볼거리를 제공한다.","=GOOGLETRANSLATE(A987, ""ko"", ""zh-cn"")"
031-761-2800,"=GOOGLETRANSLATE(A988, ""ko"", ""zh-cn"")"
평택시농업생태원,"=GOOGLETRANSLATE(A989, ""ko"", ""zh-cn"")"
오산 평택시농업생태원,"=GOOGLETRANSLATE(A990, ""ko"", ""zh-cn"")"
경기도 평택시 오성면 청오로 33-34,"=GOOGLETRANSLATE(A991, ""ko"", ""zh-cn"")"
"평택시농업생태원은 2018년 10월에 개장하여 114.654㎡ 면적에 농업·농촌 볼거리 외에 어린이 놀이터, 펫 놀이터 등 다양한 시설과 꽃축제, 농촌문화체험, 농업교육, 텃밭 등 다양한 체험을 진행하며 사람들에게 휴식처가 되고 있다. 넓은 잔디광장에서 사람들이 자연과 어우러져 소통하는 공간인 어울마당, 평택시민을 위한 3평 텃밭을 대여해 주는 시민텃밭, 시민들이 참여하여 만든 9개의 읍면동 정원 등 다양한 공간으로 구성되어 있다.","=GOOGLETRANSLATE(A992, ""ko"", ""zh-cn"")"
031-8024-4566,"=GOOGLETRANSLATE(A993, ""ko"", ""zh-cn"")"
연보람목장,"=GOOGLETRANSLATE(A994, ""ko"", ""zh-cn"")"
김포 연보람목장,"=GOOGLETRANSLATE(A995, ""ko"", ""zh-cn"")"
경기도 김포시 통진읍 하성로101번길 403-25,"=GOOGLETRANSLATE(A996, ""ko"", ""zh-cn"")"
"김포시 서암리에는 예약제 운영하는 낙동 체험이 가능한 목장이 있다. 논이 보이는 시골길을 따라 가다보면 플레이존이 먼저 보이고 이곳에 주차를 한 뒤 안쪽으로 더 들어가면 연보람 목장이 나타난다. 행복한 젖소, 건강한 우유를 신념으로 하는 연보람목장은 깨끗하게 관리된 목장과 다양한 즐길거리로 가족단위 방문객에게 인기만점이다. 대규모 목장은 아니지만 잘 관리된 체험장과 카페, 놀이시설이 알차게 구성되어 있어 아이들이 지루할 틈이 없다. 하루에 2번 진행되는 체험 수업은 어린 송아지에게 직접 우유 주기, 목장안에 있는 동물들에게 먹이 주기, 부모님과 함께 치즈와 피자 만들기로 구성되어있다. 피자가 구워질 동안 야외로 나가서 트랙터를 타기도 하고 직접 젖소의 젖을 짜보는 경험도 할 수 있다. 마무리로 직접 만든 피자 시식까지 그야말로 꽉 찬 구성에 아이와 부모 모두에게 만족감을 선사한다. 플레이존은 어린이 방문객들의 놀이공간으로 시간제한 없이 무료로 이용할 수 있다. 연보람목장은 순수한 눈빛의 동물들을 직접 만져보고 먹이를 주는 체험을 통해 자라나는 아이들에게 소중한 추억을 선물하는 공간이다.","=GOOGLETRANSLATE(A997, ""ko"", ""zh-cn"")"
네이버 플레이스로 문의,"=GOOGLETRANSLATE(A998, ""ko"", ""zh-cn"")"
함박산중앙공원,"=GOOGLETRANSLATE(A999, ""ko"", ""zh-cn"")"
오산 함박산중앙공원,"=GOOGLETRANSLATE(A1000, ""ko"", ""zh-cn"")"
경기 평택시 고덕동 1694-450,"=GOOGLETRANSLATE(A1001, ""ko"", ""zh-cn"")"
