Original,TranslationFormula
춘천 | 춘천문화예술회관,"=GOOGLETRANSLATE(A2, ""ko"", ""en"")"
"캐스팅 3.27(금) 1회차 : 김영옥, 신은정, 김승욱, 이필모, 윤봄, 박채린 3.28(토) 2,3회차 : 손숙, 이일화, 박지일, 윤희석, 진지희, 손지유 해당 공연·전시 프로그램은 주최자·공연자 등의 사정에 따라 변경될 수 있습니다. 1688-2220","=GOOGLETRANSLATE(A3, ""ko"", ""en"")"
R석 5만원 / S석 4만원 / A석 3만원,"=GOOGLETRANSLATE(A4, ""ko"", ""en"")"
접근성 높은 연극 <해리엇>,"=GOOGLETRANSLATE(A5, ""ko"", ""en"")"
"강동문화재단 제작 창작 레퍼토리로, 거북 해리엇과 원숭이 찰리의 여정을 통해 돌봄과 공존을 전하는 접근성 높은 연극 해당 공연·전시 프로그램은 주최자·공연자 등의 사정에 따라 변경될 수 있습니다. 1688-2220","=GOOGLETRANSLATE(A6, ""ko"", ""en"")"
062-975-2860,"=GOOGLETRANSLATE(A7, ""ko"", ""en"")"
"제주의 대표 건축가이자 제주 건축문화의 형성과 발전에 지속적으로 이바지해온 건축가 김석윤의 건축철학과 주요 작품을 종합적으로 조명하는 자리이다. 김석윤의 작업이 제주의 자연·사회·문화적 조건 속에서 제주 현대건축의 형성과 전개에 어떠한 역할을 해왔는지를 체계적으로 이해할 수 있도록 기획하였다. 제주도립미술관과 (사)한국건축가협회 제주건축가회가 공동으로 주최·주관하는 본 전시는 2009년 한국건축가협회상을 수상한 김석윤의 대표작인 제주현대미술관에서 개최되어, 건축가의 사유가 구현된 공간 안에서 그의 건축 세계를 되짚는다는 점에서 전시의 내용과 장소가 유기적으로 결합된 상징성과 장소성도 함께 지닌다. 해당 공연·전시 프로그램은 주최자·공연자 등의 사정에 따라 변경될 수 있습니다. 1688-2220","=GOOGLETRANSLATE(A8, ""ko"", ""en"")"
"성인 2,000원 / 청소년, 군인 1,000원 / 어린이 500원","=GOOGLETRANSLATE(A9, ""ko"", ""en"")"
제주현대미술관 064-710-7801,"=GOOGLETRANSLATE(A10, ""ko"", ""en"")"
"《탐미(探美)의 일월(日月)》은 김흥수(1919~2014)가 1980년 『신동아』에 기고한 글에서 착안한 전시 제목입니다. 이번 전시에서는 공개되지 않았던 작품과 다양한 아카이브를 통해 ‘아름다움(美)’을 평생(日月) 탐구한(探) 한 화가의 삶과 예술세계를 비춥니다. 김흥수는 일본(1938~1944), 프랑스(1955~1961), 미국(1967~1982)을 거쳐 1977년 자신의 조형언어인 「음양조형주의 하모니즘」을 주창하였습니다. 그의 예술 세계가 형성되어 간 과정을 회화, 드로잉, 콜라주, 포스터, 사진, 기고문 등으로 함께 들여다봅니다. 상설전시실에서는 작품과 아카이브를 통해 김흥수의 일대기를 되돌아봅니다. 예술가는 작품으로 자신을 남기고, 아카이브는 그 작품을 둘러싸며 삶의 결을 드러냅니다. 일본에서 파리, 그리고 미국으로 이어진 발자취 속에서 김흥수가 고유한 예술 언어를 찾아간 여정을 함께 따라가 봅니다. 특별전시실에서는 김흥수의 드로잉에 주목합니다. 제주현대미술관 소장품을 비롯해 기고문 삽화 원화, 초상 드로잉, 그리고 그의 예술에서 빼놓을 수 없는 누드 드로잉까지 한자리에서 만날 수 있습니다. 김흥수의 드로잉은 창작의 출발선에서 우리를 맞이하며, 예술가의 사유와 고민을 가까이에서 느낄 수 있게 합니다. 이번 전시를 통해 ‘아름다움이란 무엇인가’라는 질문 앞에 잠시 멈춰서 보시길 바랍니다. 해당 공연·전시 프로그램은 주최자·공연자 등의 사정에 따라 변경될 수 있습니다. 1688-2220","=GOOGLETRANSLATE(A11, ""ko"", ""en"")"
02-3219-5702,"=GOOGLETRANSLATE(A12, ""ko"", ""en"")"
"김창열미술관은 개관 10주년을 맞아 지난 10년간의 전시 역사를 되짚는 온라인 전시를 마련하였다. 이 전시는 미술관이 소장한 239점의 작품 가운데, 학예사들이 가장 많이 전시에 선보이며 중요하게 다뤄온 작품 10점을 선정하여 소개한다. 이 작품들은 지난 10년간 김창열미술관의 전시 기획과 연구 방향을 상징적으로 보여주는 결과물이다. 반복적으로 선택되고 조명된 작품들을 통해 미술관이 김창열의 예술에서 어떤 미학적 가치를 중심에 두어 왔는지를 자연스럽게 확인할 수 있다. 10년의 시간 속에서 이 작품들은 최소 6회에서 최대 9회까지 관람객과 만나며 미술관의 대표작으로 자리매김해 왔다. 이번 온라인 전시는 지난 10년간 축적해 온 전시의 기억을 돌아보는 동시에, 김창열 예술의 본질과 지속성을 다시금 성찰하는 계기를 제공하고자 한다. 해당 공연·전시 프로그램은 주최자·공연자 등의 사정에 따라 변경될 수 있습니다. 1688-2220","=GOOGLETRANSLATE(A13, ""ko"", ""en"")"
제주도립김창열미술관 064-710-4150,"=GOOGLETRANSLATE(A14, ""ko"", ""en"")"
"수원시립미술관 소장품전 «블랑 블랙 파노라마»는 흑과 백이라는 두 축을 출발점으로 삼는다. 프랑스어 ‘블랑(blanc, 흰)’과 영어 ‘블랙(black, 검은)’의 어원을 살펴보면, 언어학적으로 두 단어 모두 빛이나 불, 연소와 관련된 어근에서 파생되었다는 견해가 있다. 이는 ‘빛나다(to shine)’ 또는 ‘타다(to burn)’의 의미를 지닌 인도유럽조어 *bʰleg-가 그 배경으로 제시된다는 해석과도 연결 지을 수 있다. 이는 백과 흑, 밝음과 어둠이 서로 대립하는 개념이 아니라 하나의 기원에서 파생되는 개념임을 암시한다. 불이 되어 하얗게 빛나는 상태를 지나, 다 타버린 뒤 검게 그을린 재로 남게 되는 일련의 과정. 빛남과 그을림, 드러남과 감춰짐은 대립이 아닌 연쇄적인 작용이며, 서로를 전제하여야 비로소 나타날 수 있다. 이는 대립을 넘어 상호 의존 속에서 드러나는 상태, 곧 불이(不二), ‘둘이 아님’의 사유에 닿아 있으며, 명확한 경계나 단정적인 판단보다 연결의 감각을 요청하는 태도를 지닌다. 전시는 이러한 어원적 배경을 실마리로 삼아 세계를 분절적으로 이해해 온 시선을 거두고, 예술이 지닌 성찰적 태도를 새롭게 비추어본다. ‘백’은 불타지 않음이 아니라 아직 그을리지 않은 상태이며, ‘흑’은 소멸이 아니라 빛이 지나간 흔적이다. 이처럼 둘은 서로를 부정하지 않고, 관계를 맺는 과정에서 그 성질을 드러낸다. 전시에서 소개되는 20여 점의 소장품은 이러한 태도를 작품의 형식과 방법의 차원에서 구현하고 있다. 작가는 대상의 ‘무엇’을 재현하느냐보다 대상과 맺는 관계를 ‘어떻게’ 표현할 것인가를 집중적으로 탐구하며, 반복과 중첩, 필사와 축적, 긋기와 비우기 같은 수행적 방식을 표면 위에 남긴다. 이러한 방식은 흑과 백, 명과 암, 드러냄과 남김 등 상반되어 보이는 요소들이 상호 배제되지 않고 서로를 경유하며 동시에 작동하게 만든다. 이제 어둠과 밝음은 서로에게 닿는 자리에서 ‘채움’과 ‘여백’의 성질로 교차하며 관계를 이룬다. 이때 ‘파노라마’란 하나의 시점을 의미하지 않는다. 서로 다른 작품들이 나란히 놓이며 만들어내는 연속적인 장면, 그리고 그 사이를 이동하며 생겨나는 미묘한 차이와 공백의 총합을 가리킨다. 흑과 백, 밝음과 어둠, 채움과 비움이 끊임없이 전환되는 장면 속, 전시는 단정 짓기보단 머뭇거림을, 결론 대신 사유의 여지를 남기는 방식을 제안한다. 이제 작품은 명확한 메시지를 전달하기보다, 관람자가 각자의 속도로 머물며 관계 속에 존재하는 서로를 살필 수 있는 조건으로 제시된다. 작품 사이를 거닐며 고정된 구분을 넘어 자신만의 감각과 사유를 새롭게 마주하길 바란다. 해당 공연·전시 프로그램은 주최자·공연자 등의 사정에 따라 변경될 수 있습니다. 1688-2220","=GOOGLETRANSLATE(A15, ""ko"", ""en"")"
"성인 4,000원 / 청소년, 군인 2,000원 / 어린이 1,000원","=GOOGLETRANSLATE(A16, ""ko"", ""en"")"
수원시립미술관 031-5191-3800,"=GOOGLETRANSLATE(A17, ""ko"", ""en"")"
"《신소장품 보고전》은 대구미술관이 2025년 수집한 작품을 시민에게 투명하게 공개하는 전시로 수집작품 총 71점 중 28점의 작품을 선보인다. 이번 수집의 방향성은 주요하게 대구의 근대미술 및 1980년대 미술로 설정했다. 대구미술관 리모델링을 통해 근대미술 상설관이 개관하면서 시민과의 공유기반이 마련되었으며, 이에 따른 작품 확충의 요구가 생겼다. 더불어 2025년 2월 개최된 《1980-1989 대구미술: 형상의 소환》과 함께 1980년대 새로운 형상미술을 컬렉션 차원에서 구축하기 위한 수집을 병행했다. 근대미술 작품의 경우 서동진의 <공장풍경>, 박명조의 <자화상>, 정점식의 <모자> 등이 소개된다. 기존에 소장하지 않았던 소재와 시기, 조형적 국면을 보완하는 작품들이다. 이번에 수집된 근대작품의 경우 기존 소장품과 함께 향후 연구와 전시로의 확장을 가능하게 한다. 또한 1980년대 대구미술에서는 새로운 형상이 등장했던 경향에 주목해 김일환, 박용진, 송광익, 이국봉의 수집 작품이 소개된다. 이들의 작품은 형상을 기반으로 각기 다른 방식으로 개인의 조형언어를 구축하고 시대의 현실을 응시하는 공통점을 지닌다. 이를 통해 1980년대 대구미술이 보여준 새로운 형상미술의 면모를 컬렉션 내에서 구조화할 수 있는 중요한 지점을 형성한다. 2024-2025년 미술관의 주요 전시를 통해 소개되었던 작가들의 작품도 수집을 통해 다시 선보인다. 권오봉의 <무제>, 이기칠 <거주> 와 함께 와엘 샤키의 아시아 최초 커미션 작품인 <Love Story> 등이 전시된다. 특히 곽훈, 권세진 등 대구작가의 비중 있는 수집은 지역작가의 지원을 넘어 컬렉션 안에서 동시대 미술 담론이 유기적으로 확장될 수 있는 조건을 형성한다. 미술관의 소장품은 구입뿐 아니라 기증을 통해서도 확장된다. 2025년에는 강운섭과 정치환 작가의 유족으로부터 대량의 작품을 기증 받으며 작가별 대표 작품군을 구축하게 되었다. 이 외에도 곽훈, 백락종, 서동균, 송광익, 이국봉, 션 스컬리의 작품이 기증되었다. 대구미술관은 이러한 기증의 의미를 컬렉션 안에서 지속적으로 활성화해 나갈 것이다. 해당 공연·전시 프로그램은 주최자·공연자 등의 사정에 따라 변경될 수 있습니다. 1688-2220","=GOOGLETRANSLATE(A18, ""ko"", ""en"")"
"성인 1,000원 / 소년, 청년, 대학생, 군인, 예술인 700원","=GOOGLETRANSLATE(A19, ""ko"", ""en"")"
대구미술관 053-430-7500,"=GOOGLETRANSLATE(A20, ""ko"", ""en"")"
"BBC 심포니 오케스트라, 사카리 오라모 ＆ 손열음","=GOOGLETRANSLATE(A21, ""ko"", ""en"")"
"BBC 심포니와 오라모, 손열음이 함께 선보이는 20세기 관현악의 깊이와 정수 해당 공연·전시 프로그램은 주최자·공연자 등의 사정에 따라 변경될 수 있습니다. 1688-2220","=GOOGLETRANSLATE(A22, ""ko"", ""en"")"
R석 18만원 / S석 13만원 / A석 8만원,"=GOOGLETRANSLATE(A23, ""ko"", ""en"")"
"문화예술공공수장고는 2025 야외 전시 프로젝트 《강주현: 연결의 비정형》展을 선보인다. 자연과 예술이 공존하는 지리적 특성을 지닌 공공수장고는 그동안 지역의 문화 정체성과 생태 환경을 반영한 다양한 콘텐츠를 개발해 왔다. 이번 기획은 우리가 일상 속에서 무심코 지나쳤던 주변 유휴공간에 새로운 시선을 부여하고, 다양한 매체의 대입을 통해 공간을 새롭게 해석하고, 재구성하고자 한다. 나아가 예술이 특정한 틀이나 경계 안에 머무르지 않고, 자연·공간과·관객의 다층적 관계 속에서 어떻게 확장되고 진화할 수 있는지 탐색하고자 한다. 이번《연결의 비정형》展은 기능적 공간의 고정된 역할을 넘어, 수장고가 지닌 장소성과 공공성에 대해 근본적인 질문을 던지고, 그 의미를 새롭게 해석하고자 하는 시도를 담고 있다. 단순히 작품을 보관하는 폐쇄된 장소가 아니라, 예술과 사람, 감각과 사유가 유기적으로 소통하는 ‘열림의 공간’으로 전환하려는 의지를 담은 것이다. 작가는 이 전시를 통해 공공수장고의 기존 개념을 재구성하며, 공간 자체가 하나의 살아 있는 예술적 장(場)이 될 수 있음을 제안한다. 작가의 시선은 수장고를 단지 물리적 공간이 아닌, 시간과 관계, 감각이 머무르고 흘러가는 역동적인 구조로 바라본다. 즉, 이곳은 이제 더 이상 예술품이 정적으로 ‘머무는’ 장소가 아니라, 관객의 참여와 인식을 통해 끊임없이 ‘생성’되고 ‘변형’되는 열린 장소로 변모된다. 전시 제목인《연결의 비정형》은 이번 전시의 근본적인 개념과 작가의 의도를 상징적으로 함축하고 있다. 제목은 고정된 틀이나 정해진 규칙, 일방적인 의미 체계로 환원되지 않는 관계의 본질을 드러낸다. 즉, 세상은 명확하게 나뉘고 고정된 것이 아니라, 끊임없이 변화하며 상호작용하는 다각적이고 유동적인 관계망으로 이루어져 있다는 인식에서 출발한다. 작가는 이 같은 비정형적 관계의 감각을 시각적으로 구현하기 위해, ‘원(circle)’이라는 조형 언어를 핵심 요소로 삼는다. 작품에 등장하는 다양한 크기와 색상의 ‘원’들은 각각 ‘나’, ‘타인’ 고유하고 독립된 존재를 상징한다. 그러나 이 원들은 결코 고립된 상태로 머물지 않는다. 서로 겹치고, 맞닿고, 중첩되며 연결됨으로써, 그 경계가 흐려지고, 개별적 존재는 더 이상 고정된 실체가 아닌 상호 영향을 주고받는 유기적인 관계의 일부로 구성된다. 이렇게 만들어진 시각적 구조는 하나의 패턴으로 고정되지 않고, 관람자의 위치, 거리, 시선의 방향에 따라 계속해서 다르게 인식되어 열린 형태로 확장된다. 특히 작가는 ‘원과 원 사이’, 즉 존재와 존재 사이의 틈에서 발생하는 예측 불가능하고 비정형적인 형태에 주목한다. 이 ‘사이의 형태’는 단순히 물리적 공간이나 경계로서 기능하는 것이 아니라, 오히려 그 틈 안에서 새로운 관계와 감각, 해석이 발생하는 창조적 지점으로 작동한다. 이 열린 틈은 관객이 사유하고 감응할 수 있는 감각적 공간이자, 공감과 소통이 일어나는 매개적 장(場)으로 기능하며, 전시 전체의 개념을 시각적으로 구현하는 중요한 축이 된다. 이번 프로젝트는 ‘공공성’에 대해서도 근본적인 질문을 던진다. 전통적으로 공공성은 제도적으로 일방적인 제공과 수용의 관계로 이해되어 왔지만, 이 전시는 그것을 끊임없이 분석되고, 재구성되는 역동적인 관계로 새롭게 정의한다. 이는 현대 사회의 공공 공간이 물리적 기능을 넘어서 공동체의 다양성과 상호작용을 반영하는 살아 있는 장이 되어야 한다는 예술적·사회적 제안이기도 하다. 결국 공공수장고는 '누구와, 어떻게 연결될 것인가'를 묻는 공감과 연결의 실험장으로 재탄생 된다. 《연결의 비정형》展은 공간과 관계, 존재의 의미를 새롭게 성찰하게 하며, 예술이 단순한 시각적 체험을 넘어 삶과 공동체를 잇는 촉매가 될 수 있음을 보여준다. 이번 전시는 고정된 정체성과 경계를 넘어 타자와의 관계 속에서 확장되는 인간 존재를 탐구하고, 그러한 만남이 이루어지는 공간의 무한한 가능성을 예술적으로 실험하는 장이다. 또한 자연과 인간, 과거와 현재, 개인과 공동체를 잇는 다층적 연결망 속에서 미래를 모색하는 담론의 출발점","=GOOGLETRANSLATE(A24, ""ko"", ""en"")"
2026 국립정동극장 예술단 <광대>,"=GOOGLETRANSLATE(A25, ""ko"", ""en"")"
서울 | 국립정동극장,"=GOOGLETRANSLATE(A26, ""ko"", ""en"")"
서울특별시 중구 정동길 43 (정동),"=GOOGLETRANSLATE(A27, ""ko"", ""en"")"
1902년 12월 2일 막 올랐던 최초의 유료공연 <소춘대유희>120년 전 무대를 모티브로 새로운 <소춘대유희>를 다시 올리려는 예술단장 순백과 단원 모두리의 고군분투 하룻밤이 펼쳐진다! 해당 공연·전시 프로그램은 주최자·공연자 등의 사정에 따라 변경될 수 있습니다. 1688-2220,"=GOOGLETRANSLATE(A28, ""ko"", ""en"")"
전석 6만원,"=GOOGLETRANSLATE(A29, ""ko"", ""en"")"
02-751-1500,"=GOOGLETRANSLATE(A30, ""ko"", ""en"")"
《파편의 파편: 박치호·정광희》전은 효율과 속도가 강조되는 시대에 우리에게 잠시 멈춤의 시간을 선물합니다. 해당 공연·전시 프로그램은 주최자·공연자 등의 사정에 따라 변경될 수 있습니다. 1688-2220,"=GOOGLETRANSLATE(A31, ""ko"", ""en"")"
국립아시아문화전당 1899-5566,"=GOOGLETRANSLATE(A32, ""ko"", ""en"")"
"R석 70,000원
R석 50,000원","=GOOGLETRANSLATE(A33, ""ko"", ""en"")"
라바마인 02-2269-8896,"=GOOGLETRANSLATE(A34, ""ko"", ""en"")"
050-71447-6222,"=GOOGLETRANSLATE(A35, ""ko"", ""en"")"
"제 60회 동아연극상 3관왕 수상작 죽어서 집이 되어버린 사람, 그 안으로 찾아온 기적같은 사랑의 이야기 해당 공연·전시 프로그램은 주최자·공연자 등의 사정에 따라 변경될 수 있습니다. 1688-2220","=GOOGLETRANSLATE(A36, ""ko"", ""en"")"
NOL티켓 1644-2620,"=GOOGLETRANSLATE(A37, ""ko"", ""en"")"
"“조각의 ‘평면적 기억’, 회화의 ‘확장된 공간 기억’이 결합될 때, 미술 표현의 또 다른 가능성이 열린다.” ㅡ윤성진, 작가노트 2025 오늘날 조각은 소재나 표현 기법에 있어서 회화, 설치미술, 퍼포먼스, 영상 등과 혼성적 양식으로 나타나고 이러한 타 장르와의 결합을 통해 공간과 개념을 확장하고 있다. 갤러리JJ는 조각가 윤성진의 개인전 <윤성진: 2면 2시점>을 마련하였다. 윤성진은 회화와 조각을 넘어선 공간을 모색하고 동시대 조각의 새로운 경험을 탐색한다. 작가는 전통 조각의 물성과 양감을 최소화하여 회화적 평면을 지향하는 역설적인 접근방식으로, 회화적 평면의 양면을 가지는 추상적 오브제인 ‘2면 조각 (2-face sculpture)’을 제시한다. 그것은 조각 구조에 회화적 경험을 결합하는 것으로 나타난다. 이번 전시는 작가가 파리에서의 오랜 생활을 마치고 서울로 돌아온 이후 지난 4년간의 작업들을 모아 최초로 선보이는 자리로, <접힌 사각형> 등 신작을 비롯하여 그의 작업의 대표적인 ‘2면 조각’들을 소개한다. 전시는 20여점의 공간에 세우는 스탠딩 작업과 벽면을 이용하는 벽 작업으로 구성된다. 이번 전시는 그 동안 그가 사유하고 구축해온 특유의 조형 방식과 관람객의 시지각적 경험을 기반으로 하는 작품세계의 독자성을 조명한다. 윤성진의 추상조각은 기하학적 조형요소 및 서예에서 비롯된 원리와 조형적 감각을 바탕으로, 회화의 평면성과 조각의 구조가 만나는 지점을 탐구하며 현대조각의 경계를 확장해왔다. 회화와 표현의 경계가 맞물리는 조형 구조를 가진 그의 작업은 조각이 점유해 온 물리적 공간을 넘어 평면 내부에서 발생하는 공간적 긴장과 감각의 층위를 섬세하게 드러냄으로써 평면과 입체에 대한 질문을 던진다. 작가가 ‘회화적 조각’ 혹은 ‘2면 조각’이라 명명하는 작업은 기하학적 추상 구조를 기반으로 하며, 회화와 조각, 설치라는 장르의 경계를 오간다. 하나의 얇은 판 위에 서로 다른 두 회화적 면을 병치하는 방식은 평면과 입체 사이의 긴장을 형성하며, 관람자의 이동과 시선의 변화 속에서 작품이 점진적으로 완성되도록 유도한다. 이로써 작업은 앞과 뒤, 내부와 외부라는 이분법적 구분을 넘어, 두 면 사이에서 분위기가 교차하는 또 다른 감각적 공간을 생성한다. 돌이켜보면, 과거에도 예술 형식들은 서로 완전히 닫혀지지 않았다. 오랜 서양 조각의 역사에서 조각은 건축, 회화와 분리되지 않고 상호 작용했으며, 르네상스 이후 이들은 독립하여 자율적 형식을 갖추게 되었고 시간이 지남에 따라 형식 간의 경쟁이 스스로에게 집중하고 강력한 방식임을 입증하는 식으로 진전되었을 뿐이다. 현대미술에 이르러 새로운 소재로 질량을 최소화하고 내외부를 연결하여 전통적 조각의 틀에서 벗어나고자 했던 나움 가보(Naum Gabo), 사진이라는 매체를 조각으로 끌어들여 조각의 커다란 화두인 평면과 입체에 대한 질문을 던지는 권오상 등 조각의 정체성은 끊임없이 도전 받아왔다. 지난 1990년대 초 작가는 과학의 발달로 인한 가치관의 변화와 혼돈의 시대를 표현하고 자연파괴와 인간성의 피폐함을 고발하는 등 표현성이 짙은 작업으로 잘 알려져 있다. 은빛 알루미늄판을 자르고 조합하는 등 1970년대 한국미술의 물성 탐구의 계보를 잇는 작업을 하였고, 그의 작업들은 국립현대미술관을 비롯하여 시립미술관 등 국내외 주요기관에 소장되어 있다. 주관적인 감성과 물성을 중시하는 표현주의적 작업은 어느덧 변화하여 현재의 균형과 이성 중심의 기하학적 추상 형태에 이르게 되었고, 이에 대한 궁금증을 불러일으킨다. 그것은 20여년 가까운 파리 생활에서 몸에 배인 문화적 분위기와 십자가 형태의 조형작업과의 연관관계, 러시아 구성주의를 비롯한 20세기 초 미술사를 숙고하여 차용하게 된 점, 그리고 무엇보다 작가 자신의 깊숙한 내부로부터 대면한 서예의 조형성에 대한 기억에서 그 이유를 찾을 수 있을 것 같다. — 선, 면, 공간 전시장에 벽과 바닥에 설치된 기하학적 추상 오브제들은 선과 면이라는 조형의 기본 요소들이 평면의 내부는 물론 조각의 구조적 형태로서 연속적으로 펼쳐진다","=GOOGLETRANSLATE(A38, ""ko"", ""en"")"
02-322-3979,"=GOOGLETRANSLATE(A39, ""ko"", ""en"")"
유니버설발레단 발레 <돈키호테>,"=GOOGLETRANSLATE(A40, ""ko"", ""en"")"
"스페인의 정열이 살아 숨 쉬는 희극발레의 대표작 ‘돈키호테’. 선술집 딸 키트리와 이발사 바질의 좌충우돌 사랑과 우정, 판타지, 모험 이야기 해당 공연·전시 프로그램은 주최자·공연자 등의 사정에 따라 변경될 수 있습니다. 1688-2220","=GOOGLETRANSLATE(A41, ""ko"", ""en"")"
R석 9만원 / S석 7만원 / A석 3만원,"=GOOGLETRANSLATE(A42, ""ko"", ""en"")"
군산시립교향악단 제166회 정기연주회 [프리뷰 콘서트],"=GOOGLETRANSLATE(A43, ""ko"", ""en"")"
전북 | 군산예술의전당,"=GOOGLETRANSLATE(A44, ""ko"", ""en"")"
전라북도 군산시 백토로 203 (지곡동),"=GOOGLETRANSLATE(A45, ""ko"", ""en"")"
군산시립교향악단 063-454-5556,"=GOOGLETRANSLATE(A46, ""ko"", ""en"")"
"김문정 음악감독의 섬세하고 위트있는 해설과 오케스트라가 빚어내는 압도적인 라이브 무대, 김문정이 요리한 음악 한 접시 해당 공연·전시 프로그램은 주최자·공연자 등의 사정에 따라 변경될 수 있습니다. 1688-2220","=GOOGLETRANSLATE(A47, ""ko"", ""en"")"
"R석 9만원 / S석 7만원 / A석 50,000원","=GOOGLETRANSLATE(A48, ""ko"", ""en"")"
페루치오 부소니 국제 피아노 콩쿠르의 제65회 우승자이자 관객상 수상자. 이판 우(YIFAN WU)의 열정적인 연주 해당 공연·전시 프로그램은 주최자·공연자 등의 사정에 따라 변경될 수 있습니다. 1688-2220,"=GOOGLETRANSLATE(A49, ""ko"", ""en"")"
R석 5만원 / S석 3만원,"=GOOGLETRANSLATE(A50, ""ko"", ""en"")"
백조의 호수,"=GOOGLETRANSLATE(A51, ""ko"", ""en"")"
서울 | 예술의전당 오페라극장,"=GOOGLETRANSLATE(A52, ""ko"", ""en"")"
"매회 전석 매진을 기록하는 국립발레단 <백조의 호수>는 발레 안무의 거장 유리 그리고로비치의 안무작으로 국립발레단만을 위해 특별히 고안한 행복한 결말이 특징이다. 1막 1장 궁전 안. 오늘은 왕자의 20세 생일날이다. 궁정의 처녀들과 즐겁게 춤을 추는 왕자와 친구들. 이때 여왕이 등장해 왕자가 성인이 된 것을 축하하며 선물로 칼을 준다. 사람들이 나간 후 혼자 남은 지그프리트 왕자는 알 수 없는 어떤 힘이 자꾸만 자신을 어디론가 인도하는 것을 느낀다. 1막 2장 알 수 없는 힘에 이끌려 다다른 곳은 숲 속의 호숫가. 왕자는 호숫가에서 인간의 모습으로 변하는 백조들을 발견한다. 지그프리트 왕자는 그 중 가장 아름다운 오데트 공주에게 반한다. 그녀는 자신들은 천재적인 악마의 저주에 의해 낮에는 백조, 밤에는 사람으로 변하는 신세를 하소연하면서 이 저주의 마법에서 풀리려면 한 사람의 변치 않는 사랑을 받아야 한다고 말한다. 왕자는 사랑의 맹세를 하고 다음 날 있을 무도회에서 그녀와 결혼을 발표하기로 약속하고 헤어진다 2막 1장 궁전 무도회장. 왕자는 오데트가 오기 기다리면서 손님들을 맞는다. 왕자를 위해 폴란드, 러시아, 스페인, 헝가리, 나폴리에서 초대된 공주들 가운데 신부감을 고를 것을 종용 받지만 왕자는 별 뜻이 없다. 그때 악마가 자신의 딸 오딜을 데리고 등장한다. 오데트와 닮은 오딜에게 왕자는 달려간다. 악마는 이제부터 왕자의 감정을 시험하기 시작한다. 흑조 오딜의 매력에 빠져 왕자는 그녀와의 결혼을 발표한다. 이때 갑자기 어둠이 밀려오며 절망에 빠진 오데트의 환영이 나타난다. 왕자는 그제서야 자신이 운명의 장난에 놀아난 것을 깨닫고 백조의 호수가로 달려간다. 2막 2장 호숫가. 왕자의 배신으로 영원히 백조로 살게 되었다며 오데트가 백조들에게 슬픈 소식을 전한다. 용서를 빌기 위해 달려온 왕자. 그러나 악마는 그를 오데트와 갈라놓기 위해 계속 방해를 한다. 왕자는 운명에 맞서 싸우려 하지만 악마의 힘은 대단하다. 그때 오데트가 왕자에게 당신을 용서한다고 말하는 순간 그들의 사랑이 악마의 악한 힘을 이겨내는 기적이 일어난다. 해당 공연·전시 프로그램은 주최자·공연자 등의 사정에 따라 변경될 수 있습니다. 1688-2220","=GOOGLETRANSLATE(A53, ""ko"", ""en"")"
"R석 120,000원 / S석 10,000원 / A석 60,000원 / B석 30,000원 / C석 10,000원","=GOOGLETRANSLATE(A54, ""ko"", ""en"")"
국립발레단 02-587-6180~5,"=GOOGLETRANSLATE(A55, ""ko"", ""en"")"
순수한 황홀함과 관능적인 에너지가 어우러진 서울시발레단의 더블 빌 발레 공연 해당 공연·전시 프로그램은 주최자·공연자 등의 사정에 따라 변경될 수 있습니다. 1688-2220,"=GOOGLETRANSLATE(A56, ""ko"", ""en"")"
R석 6만원 / S석 4만원,"=GOOGLETRANSLATE(A57, ""ko"", ""en"")"
믹스드 오케스트라 26,"=GOOGLETRANSLATE(A58, ""ko"", ""en"")"
서울 | 세종문화회관 세종대극장,"=GOOGLETRANSLATE(A59, ""ko"", ""en"")"
"명곡과 신작, 전통과 창작, 세대와 감각이 교차하며 국악관현악의 매력을 확장하는 '믹스드 오케스트라' 해당 공연·전시 프로그램은 주최자·공연자 등의 사정에 따라 변경될 수 있습니다. 1688-2220","=GOOGLETRANSLATE(A60, ""ko"", ""en"")"
빅마더,"=GOOGLETRANSLATE(A61, ""ko"", ""en"")"
"보이지 않는 정보의 권력이 일상을 잠식하는 시대, 마침내 국내 최초로 관객 앞에 그 베일을 드러낸다 해당 공연·전시 프로그램은 주최자·공연자 등의 사정에 따라 변경될 수 있습니다. 1688-2220","=GOOGLETRANSLATE(A62, ""ko"", ""en"")"
R석 6만원 / S석 5만원 / A석 4만원,"=GOOGLETRANSLATE(A63, ""ko"", ""en"")"
나부코,"=GOOGLETRANSLATE(A64, ""ko"", ""en"")"
40년 만에 다시 대극장 무대에 오르는 배르디의 대작 해당 공연·전시 프로그램은 주최자·공연자 등의 사정에 따라 변경될 수 있습니다. 1688-2220,"=GOOGLETRANSLATE(A65, ""ko"", ""en"")"
VIP석 15만원 / R석 12만원 / S석 10만원 / A석 8만원 / B석 5만원,"=GOOGLETRANSLATE(A66, ""ko"", ""en"")"
"제19회 베니스비엔날레 국제건축전 한국관 전시는 건립 30년을 맞이한 한국관 건축을 탐구한다. 그간 수많은 전시가 거쳐간 파빌리온의 의미를 ‘집’이라는 관점에서 재고찰한다. 이 전시는 한국관의 건립 계기와 과거를 조명하며 한국관의 미래를 탐색해본다. 전시는 파빌리온을 중성적인 전시 장소가 아니라 다층적 의미가 담긴 유기적 생명체로 바라보며 이러한 문제의식을 촉발하는 연구와 시각물로 구성되었다. 한국 전래 동요에서 가져온 ‘두껍아 두껍아’는 이러한 내용을 풀어가는 은유적 틀이다. ‘두껍아 두껍아’는 폴리의 원시 형태인 그로토(Grotto)를 연상시키는 흙놀이를 하면서 부르는 집짓기 노래다. 전시의 숨은 화자인 두꺼비는 변화와 재생을 상징하는 존재로 나무와 땅·하늘·바다와 같은 자르디니 공원의 오래된 공통 유산들을 환기한다. 서울 아르코미술관에서 열리는 귀국전은 베니스 현지와 다른 조건 속에서 새롭게 구성되었다. 1층 전시는 한국관 건축 및 전시사 관련 자료와 이를 비평적으로 편집한 작업들로 구성되며, 연계 프로그램이 진행되는 공론장으로 역할한다. 2층 전시는 참여 작가가 한국관이라는 조건을 어떻게 해석하고 탈국가적 관점으로 확장했는지 살펴본다. 베니스에서 선보였던 장소특정적 설치 작업들은 귀국전에서 그 과정과 전략이 드러나는 방식으로 재구성되며, 관객은 다양한 해석과 실천의 경로를 따라 전시를 경험하게 된다. 해당 공연·전시 프로그램은 주최자·공연자 등의 사정에 따라 변경될 수 있습니다. 1688-2220","=GOOGLETRANSLATE(A67, ""ko"", ""en"")"
아르코미술관 02-760-4617,"=GOOGLETRANSLATE(A68, ""ko"", ""en"")"
".“작품은 어디에 있는가? 벽에 있는가? 바닥에 있는가? 공간 안에 있는가? 아니면 내가 바로 작품인가?” 전시 《원뿔을 그리는 선 2.0》은 안소니 맥콜의 솔리드 라이트(Solid Light) 작업을 중심으로 영화와 조각· 설치의 경계를 넘나드는 그의 작업 세계를 조명한다. 움직이는 빛의 선은 서서히 공간을 가로지르며 원뿔과 같은 형태를 만들어 내고, 그 과정은 고정된 결과물이 아닌 시간 속에서 생성되는 사건으로 나타난다. 1970년대 초 ‘확장된 시네마’라는 영화계 프로젝트를 통해 작업을 시작한 그는, 1973년 담배 연기와 16mm 프로젝터를 이용한 작품 〈원뿔을 그리는 선〉을 선보였다. 벽에 투사된 하나의 선 드로잉은 공간 속에서 거대한 원뿔 형태를 형성했지만, 당시의 고정관념과 기술적 한계로 인해 이러한 작업을 지속하기는 어려웠다. 그는 이후 약 20여 년간 작업을 중단하게 되었고, 2000년대 초 필름 작업을 디지털 파일로 전환하며 또 하나의 전환기를 맞이한다. 기술의 전환은 작품의 형식뿐 아니라 철학적 깊이에도 영향을 미쳤다. 필름 프로젝터가 만들어내던 백색소음은 사라졌고, 그로 인해 관람객은 자신의 신체와 감각, 내면에 더욱 집중하게 된다. 단순한 선 애니메이션은 율동감 있는 드로잉 선으로 진화했으며, 담배 연기로 채웠던 안개는 연무기로 대체되어 보다 선명한 빛의 구조를 드러낸다. 2000년대 이후 그의 작업에서 가장 두드러진 변화는 관람객의 신체 개입이 보다 적극적으로 요구된다는 점이다. 관람자는 더 이상 스크린 앞에 머무르지 않고, 빛으로 형성된 원뿔형 구조 안으로 들어가도록 유도된다. 작품을 마주한 신체는 빛에 의해 절단되거나 분할되어 보인다. 관람객이 공간 안에 존재하고 움직이며 이동하는 기본적인 행위 자체가 곧 작품의 일부가 된다. 여기서 빛은 더 이상 바라보는 대상이 아니라, 신체가 통과하며 인식하게 되는 경험으로 작동한다. 〈원뿔을 그리는 선 2.0〉은 완성된 형상을 제시하는 전시가 아니다. 전시는 빛이 그려지는 과정을 마주하며, 그 안에 자신의 신체를 위치시키고, 시간 속에서 생성되고 사라지는 형태를 직접 경험하게 한다. 이때 작품은 스크린 위가 아니라, 관람자의 몸과 감각, 그리고 그 순간의 공간 안에서 비로소 형성된다. 해당 공연·전시 프로그램은 주최자·공연자 등의 사정에 따라 변경될 수 있습니다. 1688-2220","=GOOGLETRANSLATE(A69, ""ko"", ""en"")"
"성인 1,000원 / 대학생, 군인, 예술인 700원 / 울산시민 500원","=GOOGLETRANSLATE(A70, ""ko"", ""en"")"
울산시립미술관 052-211-3800,"=GOOGLETRANSLATE(A71, ""ko"", ""en"")"
"R석 45,000원
S석 30,000원
마티네석 10,000원
시야방해R 31,500원
시야방해S 21,000원","=GOOGLETRANSLATE(A72, ""ko"", ""en"")"
롯데문화재단 1544-7744,"=GOOGLETRANSLATE(A73, ""ko"", ""en"")"
경북대학교미술관 053-950-7968,"=GOOGLETRANSLATE(A74, ""ko"", ""en"")"
화음(和音),"=GOOGLETRANSLATE(A75, ""ko"", ""en"")"
서울 | 한국문화의집KOUS,"=GOOGLETRANSLATE(A76, ""ko"", ""en"")"
서울특별시 강남구 테헤란로92길 12-9,"=GOOGLETRANSLATE(A77, ""ko"", ""en"")"
"젊은 예술가, 내일의 명인들 - 공모를 통해 선정된 청춘 예인들의 국악 마당 해당 공연·전시 프로그램은 주최자·공연자 등의 사정에 따라 변경될 수 있습니다. 1688-2220","=GOOGLETRANSLATE(A78, ""ko"", ""en"")"
미정,"=GOOGLETRANSLATE(A79, ""ko"", ""en"")"
02-566-6300,"=GOOGLETRANSLATE(A80, ""ko"", ""en"")"
"연간회원권 1,000,000원","=GOOGLETRANSLATE(A81, ""ko"", ""en"")"
라움 02-538-3366,"=GOOGLETRANSLATE(A82, ""ko"", ""en"")"
머스탱과 개꿈,"=GOOGLETRANSLATE(A83, ""ko"", ""en"")"
서 | 예술의전당 CJ토월극장,"=GOOGLETRANSLATE(A84, ""ko"", ""en"")"
꿈의 감각을 통해 언어 너머의 정서를 탐구하는 정록이 안무가의 '개꿈'과 야생마 머스탱에 빗대어 자유의 본질적 의미를 재해석하는 정재우 안무가의 '머스탱'까지 남다른 시선과 새로운 감각으로 펼치는 신진 안무가들의 더블 빌 <머스탱과 개꿈>. 해당 공연·전시 프로그램은 주최자·공연자 등의 사정에 따라 변경될 수 있습니다. 1688-2220,"=GOOGLETRANSLATE(A85, ""ko"", ""en"")"
"R석 50,000원, S석 30,000원, A석 20,000원","=GOOGLETRANSLATE(A86, ""ko"", ""en"")"
02-3472-1420,"=GOOGLETRANSLATE(A87, ""ko"", ""en"")"
"A석 30,000원
B석 20,000원","=GOOGLETRANSLATE(A88, ""ko"", ""en"")"
"오늘날, 한국적인 것이 가장 세계적인 것이라는 사실은 모두가 공감할 것입니다. 특히 한국의 고유한 문화적 요소들이 현대적 감각과 결합했을 때, 얼마나 강력한 흡입력을 지닌 매력으로 다가오는지 우리는 최근 세계적으로 주목받는 애니메이션, 케이팝 데몬 헌터스 등을 통해 느낄 수 있습니다. 이처럼 빠르게 변화하는 세상 속에서 유행을 이끌고, 남다른 개성과 감각으로 시선을 사로잡는 것들을 우리는 ‘힙(Hip)’하다 고 표현합니다. 그리고 이 ‘힙’이라는 단어 속에는 단순히 유행을 좇는 것을 넘어, 자신만의 고유한 빛깔로 깊은 매력을 발산한다는 의미가 담겨있습니다. <HIP, KOREA>는 한국 공예가 가진 고유한 개성과 매력이 어떻게 시대를 관통하며, ‘힙’한 현재를 만들어 내는지 보여 주는 전시입니다. 이 전시를 통해 한국 공예가 지닌 다채로운 매력과 무한한 가능성을 ‘힙’이라는 새로운 시선으로 온전히 느껴보길 바랍니다. 또한 이 전시가 단순한 공예 전시를 넘어, 한국 문화유산의 과거와 현재, 그리고 미래가 만들어 갈 K-헤리티지, K-컬처의 새로운 장을 여는 문이 되기를 기대합니다. 해당 공연·전시 프로그램은 주최자·공연자 등의 사정에 따라 변경될 수 있습니다. 1688-2220","=GOOGLETRANSLATE(A89, ""ko"", ""en"")"
[홈페이지 참고],"=GOOGLETRANSLATE(A90, ""ko"", ""en"")"
"○ 인천국제공항 제2터미널 한국전통문화센터 기획전시『 The New, The Crafts』는 화합과 공존이라는 가치를 중심에 두고, 한국의 전통공예를 현대적으로 재해석한 작품들을 소개합니다. '이음', '엮음', '담음'이라는 전통공예의 조형 언어는 과거와 현재, 나와 타인을 잇는 상징으로 되살아납니다. 참여 작가들은 오랜 시간 축적된 전통의 가치를 자신만의 시선으로 풀어내며, 그 안에 삶의 긍정적인 에너지와 따뜻한 메시지를 작가 노트에 담았습니다. 공항을 찾는 많은 이들이 이 전시를 통해 서로의 다름을 존중하고, 미술 작품들을 통해 마음을 나누는 경험을 하고, 그 안에서 휴식을 경험하길 바랍니다. ○ 동관 : (전통공예) ‘마음을 담다’ - 한국적인 미를 간직한 대표적인 예술작품인 달항아리와 기(器) 작업, 옻칠과 나전칠기 작업을 하는 작가들의 작품으로 구성 - 참여 작가 : 서울시 무형유산 칠장 손대현, 금속공예 서도식, 금속공예 김현주 ○ 서관 : (현대예술) ‘마음을 잇다’ - 이음과 엮음의 아름다움이 돋보이는 전통공예를 현대적으로 재해석하여 자신만의 작가 노트를 펼쳐나가는 현대 예술가들의 작품으로 연출 - 참여 작가 : 섬유 강금성, 섬유 이혜민, 설치 홍성철 ※ 본 전시는 인천국제공항 제2여객터미널 면세구역 내에서 진행되는 전시로, 출국 시 관람할 수 있습니다. 해당 공연·전시 프로그램은 주최자·공연자 등의 사정에 따라 변경될 수 있습니다. 1688-2220","=GOOGLETRANSLATE(A91, ""ko"", ""en"")"
032-743-0360,"=GOOGLETRANSLATE(A92, ""ko"", ""en"")"
강원의 통일신라,"=GOOGLETRANSLATE(A93, ""ko"", ""en"")"
"2026년 11월, 국립춘천박물관 상설전시실 '강원의 통일신라'를 새단장하여 선보입니다.삼국 통일 이후, 신라는 강원 지역을 어떻게 통치하고 재구성했을까요?그 변화 속에서 강원에는 어떤 문화와 신앙이 자리를 잡았을까요?강원에 펼쳐졌던 통일신라의 이야기를 기대해 주세요. 해당 공연·전시 프로그램은 주최자·공연자 등의 사정에 따라 변경될 수 있습니다. 1688-2220","=GOOGLETRANSLATE(A94, ""ko"", ""en"")"
국립춘천박물관 033-260-1500,"=GOOGLETRANSLATE(A95, ""ko"", ""en"")"
북한 금강산매직쇼를 1년동안 진행한 마술사 한상민이 돌아왔다!!! 국내 유일한 마술_관객이 무대에서 참여하는 마술_모든관객이 참여하는 마술_가족이 즐기는 마술연출로 재미있는 1시간이 순삭하는 마술공연을 느껴보세요!!! 해당 공연·전시 프로그램은 주최자·공연자 등의 사정에 따라 변경될 수 있습니다. 1688-2220,"=GOOGLETRANSLATE(A96, ""ko"", ""en"")"
032-710-4907,"=GOOGLETRANSLATE(A97, ""ko"", ""en"")"
국립무형유산원 063-280-1400,"=GOOGLETRANSLATE(A98, ""ko"", ""en"")"
국립경찰박물관 02-3150-3681,"=GOOGLETRANSLATE(A99, ""ko"", ""en"")"
동시대 아시아 예술의 다채로운 시각과 창조적 상상을 통한 아시아의 새로운 가능성과 방향성을 살펴볼 수 있는 전시 해당 공연·전시 프로그램은 주최자·공연자 등의 사정에 따라 변경될 수 있습니다. 1688-2220,"=GOOGLETRANSLATE(A100, ""ko"", ""en"")"
"1층석 20,000원, 2층석 15,000원","=GOOGLETRANSLATE(A101, ""ko"", ""en"")"
"함평군립미술관은 매년 동시대 미술의 흐름 속에서 의미 있는 성과를 축적하며 자신만의 작업 세계를 형성해 온 젊은 작가들을 조명하는 기획전을 지속적으로 개최해 오고 있다. 이는 단순한 신진 작가 발굴을 넘어, 일정한 시간과 실천을 통해 형성된 작업의 밀도와 그 이후의 가능성을 함께 살펴보려는 미술관의 장기적인 기획 방향에 기반한 것이다. 《확장의 순간 : 설박 · 이성경》은 이러한 연례 기획의 연장선에서, 축적과 도약의 경계에 선 두 작가의 현재를 집중적으로 조명한다. 이성경의 화면에는 해 질 무렵의 그림자와 같이 낮과 밤, 존재와 부재가 교차하는 불분명한 경계의 풍경이 자주 등장한다. 그는 사물의 윤곽이 흐려지는 순간에 주목하며, 유리창 너머의 풍경이나 반사된 이미지처럼 하나의 화면 안에 중첩된 시점을 배치한다. 이러한 방식은 세계를 명확히 구분하기보다, 흔들리는 상태 그대로 드러내고자 하는 작가의 태도를 반영한다. 그의 작업은 관람자를 감각과 정서가 응축된 경계의 공간으로 이끈다. 설박은 한국 전통 수묵산수의 재료와 사유를 출발점으로 삼아, 이를 동시대적으로 확장해 온 작가이다. 먹이라는 재료를 중심으로 콜라주, 설치, 추상에 이르기까지 다양한 형식적 실험을 지속해 왔으며, 자연을 외부의 대상이 아닌 자신이 속한 조건이자 감각의 은유로 인식한다. 그의 작업은 전통에 대한 긴장보다는 자연의 에너지와 생동을 현재의 언어로 전환하려는 태도 속에서 전개된다. 《확장의 순간 : 설박 · 이성경》은 완결된 결과를 제시하기보다, 지금 이 시점에서 작가들이 도달한 창작의 밀도와 그 이후에 펼쳐질 가능성의 방향을 함께 보여준다. 함평군립미술관은 매년 이어지는 젊은 작가 기획전을 통해 작가를 하나의 단계로 규정하기보다, 축적된 시간의 결을 읽고 동시대 미술이 나아갈 다음 풍경을 함께 모색하고자 한다. 해당 공연·전시 프로그램은 주최자·공연자 등의 사정에 따라 변경될 수 있습니다. 1688-2220","=GOOGLETRANSLATE(A102, ""ko"", ""en"")"
무료 ※함평엑스포공원 입장료에 포함됨,"=GOOGLETRANSLATE(A103, ""ko"", ""en"")"
함평군립미술관 061-320-2276~8,"=GOOGLETRANSLATE(A104, ""ko"", ""en"")"
"종로구립 박노수미술관 개관 12주년 기념전시 「산수·격물」 종로구립 박노수미술관은 개관 12주년을 맞아 기념전시「산수·격물」을 개최합니다. 이번 전시는 박노수 화백의 예술적 사유방식과 자연에 대한 태도를 중심으로, 1970년대부터 2000년대까지 이어진 그의 예술세계를 조명합니다. 특히 화백이 생전 거주했던 거실 공간을 재현한 ‘화가의 시간-다천서옥’ 존에서는 그가 애장하던 가구, 도자기, 수석 등을 통해 예술가의 일상과 미적 감각을 함께 느낄 수 있습니다. 또한, 관람객이 색칠한 그림이 화면 속 자연풍경에서 살아 움직이듯 구현되는 라이브스케치 미디어아트 존에서는 개개인의 참여가 미디어 작품으로 확장되는 특별한 예술 경험을 제공합니다. 한편, 야외전시장에서는 2026년 3월까지 김우진 조각가의 <Deer>(2024)가 전시됩니다. 시간의 흐름에 따라 자연과 호흡하는 화조의 공간에서 또 다른 풍경을 마주하게 됩니다. 관람객 여러분의 많은 관심과 방문 부탁드립니다. 감사합니다. 해당 공연·전시 프로그램은 주최자·공연자 등의 사정에 따라 변경될 수 있습니다. 1688-2220","=GOOGLETRANSLATE(A105, ""ko"", ""en"")"
"어른 3,000원 / 청소년 1,800원 / 어린이 1,200원","=GOOGLETRANSLATE(A106, ""ko"", ""en"")"
박노수미술관 02-2148-4171,"=GOOGLETRANSLATE(A107, ""ko"", ""en"")"
"이번전시 「만고상청萬古常靑: 군자의 품격」에서는 고희동의 한국화 뿐 만 아니라 그가 당대 교유하던 다양한 서화가들의 사군자화, 산수도 그리고 합작도를 만나볼 수 있습니다. 그들이 애호하며 그려온 사군자화 및 산수화는 단지 옛 문인화의 전통을 잇는데서 그치는 것이 아닌 세속의 풍파 속에서 이상적인 군자의 삶에 한걸음 더 가까워지기 위한 내면적 수양을 보여줍니다. 산벽시사의 일원, 서화협회 총무 등 활동을 시작으로 근대미술계의 중추로 자리매김한 고희동, 그의 가옥에서 다시금 뜻깊은 아회를 가지는 우리 근대서화가들의 작품을 관조하며 그들이 지향했던 군자적 삶의 아취를 느껴보시기 바랍니다. 많은 관심과 방문 바랍니다. 감사합니다. 해당 공연·전시 프로그램은 주최자·공연자 등의 사정에 따라 변경될 수 있습니다. 1688-2220","=GOOGLETRANSLATE(A108, ""ko"", ""en"")"
고희동미술관 02-741-8424,"=GOOGLETRANSLATE(A109, ""ko"", ""en"")"
"*전시유물 : 최문병 의병장 말안장(보물), 소총통(보물), 면와실기, 선무원종공신녹권 등 71건 96점 *전시내용 임진왜란 당시 활약한 경산지역 의병장 86명의 시선으로 바라본 임진왜란 *전시구성 (1부) 나라가 불타다_임진왜란의 발발과 자인현 형제의 충절(최팔개, 최팔원) (2부) 나라를 위하여 의병이 되다_도망친 관군을 대신해 의병을 일으킨 경산의 의병(경산의 최응담, 하양의 신해, 황경림, 자인의 최문병 등 86명) (3부) 우리의 의병을 기억하다_잊혀진 우리의 의병들을 되새기다(서사선, 최응담, 황경림, 이승증, 이간, 최문병, 송응현, 최철견) (4부) 그 날의 불씨를 오늘에 잇다(송응현, 송걸, 김응룡 등) (체험) 경산 임진왜란 보드게임(1층), 무기고를 채워라(특별전시실 내) *경산지역 86명 의병 권삼로 김거 김달선 김붕 김우련 김우용 김응룡 김응의 김진 김태현 김황 김호 김홍 남중옥 박근 박능정 박몽량 박몽룡 박몽리 박붕 박연경 박영성 박응득 박응량 박응성 박장 박지원 박춘 박헌 서사선 송걸 송응현 승적 신해 안천민 어운한 유인춘 윤동호 이간 이광후 이기업 이상 이승증 이억수 이창후 이춘암 이춘함 이파준 장몽기 장여란 장이원 전극창 전락 전복명 전억주 전익 전홍제 정변문 정변함 정변호 정응례 정응삼 정응지 정인광 진섬 진엽 진현 최결 최경지 최계종 최덕기 최동립 최문병 최식 최응담 최인수 최준립 최철견 최팔개 최팔원 최항 최희지 허경윤 허대윤 허응길 황경림 해당 공연·전시 프로그램은 주최자·공연자 등의 사정에 따라 변경될 수 있습니다. 1688-2220","=GOOGLETRANSLATE(A110, ""ko"", ""en"")"
경산시립박물관 053-804-7314,"=GOOGLETRANSLATE(A111, ""ko"", ""en"")"
한 잔의 차에는 시대와 문화가 담겨 있습니다. 동양에서 유럽으로 전해진 차는 왕실과 살롱을 거쳐 이제는 사람들의 삶 속에 깊이 스며들었습니다. 이번 전시는 차문화가 빚어낸 유럽 도자공예를 중심으로 일상의 아름다움과 그 속에 담긴 이야기를 전해드리고자 합니다. 해당 공연·전시 프로그램은 주최자·공연자 등의 사정에 따라 변경될 수 있습니다. 1688-2220,"=GOOGLETRANSLATE(A112, ""ko"", ""en"")"
"성인 1,000원 / 청소년 및 군인 500원","=GOOGLETRANSLATE(A113, ""ko"", ""en"")"
김천시립박물관 054-421-1517,"=GOOGLETRANSLATE(A114, ""ko"", ""en"")"
점점 사라지고 있는 학교 앞 문방구 재현을 통해 추억 회상과 당시 생활사 소개 해당 공연·전시 프로그램은 주최자·공연자 등의 사정에 따라 변경될 수 있습니다. 1688-2220,"=GOOGLETRANSLATE(A115, ""ko"", ""en"")"
042-270-8604,"=GOOGLETRANSLATE(A116, ""ko"", ""en"")"
"인생의 연장자를 존중하고 봉양하는 문화는 어느 시대에나 존재해 왔으나, 조선은 이를 개인적 미덕에 그치지 않고 국가 차원의 제도와 규범으로 발전시켰다. 특히 ‘효’와 ‘경로(敬老)’를 사회의 핵심 가치로 삼아, 장수한 노인에게 벼슬이나 명예를 부여하고 잔치를 열어 공동체가 함께 장수를 축하하는 문화를 형성하였다. 노인을 지혜와 경험을 지닌 존재로 인식하고 사회 질서 속에 포용하고자 했던 조선의 사회 인식을 잘 보여준다. 해당 공연·전시 프로그램은 주최자·공연자 등의 사정에 따라 변경될 수 있습니다. 1688-2220","=GOOGLETRANSLATE(A117, ""ko"", ""en"")"
대전시립박물관 042-270-8600,"=GOOGLETRANSLATE(A118, ""ko"", ""en"")"
"전석 25,000원
시야방해석 17,500원","=GOOGLETRANSLATE(A119, ""ko"", ""en"")"
"전석 80,000원","=GOOGLETRANSLATE(A120, ""ko"", ""en"")"
삼청각 02-765-3000,"=GOOGLETRANSLATE(A121, ""ko"", ""en"")"
구슬주머니 02-3675-3336,"=GOOGLETRANSLATE(A122, ""ko"", ""en"")"
자세한 정보는 '바로가기' 링크를 통해 확인하시기 바랍니다.자세한 정보는 '바로가기' 링크를 통해 확인하시기 바랍니다. 해당 공연·전시 프로그램은 주최자·공연자 등의 사정에 따라 변경될 수 있습니다. 1688-2220,"=GOOGLETRANSLATE(A123, ""ko"", ""en"")"
'아름답게 빛나는 꿈'을 표현한 화려한 버블 퍼포먼스 공연 단순 눈으로 보는 즐거움이 아닌 관객들과 대화하며 함께 즐기는 소통이 있는 공연 해당 공연·전시 프로그램은 주최자·공연자 등의 사정에 따라 변경될 수 있습니다. 1688-2220,"=GOOGLETRANSLATE(A124, ""ko"", ""en"")"
070-4282-0411,"=GOOGLETRANSLATE(A125, ""ko"", ""en"")"
서도호,"=GOOGLETRANSLATE(A126, ""ko"", ""en"")"
"한국을 대표하는 설치미술가 서도호의 대규모 개인전으로, 초기작부터 주요작품, 그리고 현재 진행중인 프로젝트에 이르기까지 그의 예술세계를 총체적으로 아우르며, 작가의 개념적 기반과 실천적 확장을 입체적으로 조명한다 . 작가는 이주와 거주 , 개인과 공동체라는 주제를 중심으로 공간 기억 정체성에 관한 문제를 심화해왔으며 , 다학제적 연구를 토대로 창작의 반경을 더욱 확장하고 있다. 그의 작업 세계를 재정립하는 이번 전시를 통해 한국 현대미술의 위상을 제고하는 동시에 관람자 각자의 서사 속에서 그의 주제가 새롭게 전이되고 확장되는 경험이 되기를 기대한다. 해당 공연·전시 프로그램은 주최자·공연자 등의 사정에 따라 변경될 수 있습니다. 1688-2220","=GOOGLETRANSLATE(A127, ""ko"", ""en"")"
국립현대미술관 02‒3701‒9500,"=GOOGLETRANSLATE(A128, ""ko"", ""en"")"
마스트인터내셔널 02-541-6236,"=GOOGLETRANSLATE(A129, ""ko"", ""en"")"
카카오톡 채널 '노네임아트컴퍼니',"=GOOGLETRANSLATE(A130, ""ko"", ""en"")"
"이번 상설전은 대한민국 근현대사의 중요한 장면이자 동아시아 미술의 전환점이 되었던 순간들을 중심으로, 이응노가 그려낸 ‘시대의 서사’를 살펴본다. 식민지 시기와 해방, 한국전쟁, 그리고 근대화와 세계화에 이르기까지 격변의 시대를 살아낸 이응노는 시대의 질문을 외면하지 않고 미술의 언어로 현실을 사유하고 기록해왔다. 20세기 초 이응노의 작업은 서화(書畵)를 출발점으로 삼았으며, 20세기 중반부터는 추상과 구상, 회화와 조각, 도자기에 이르기까지 다양한 매체와 형식을 넘나들며 전개되었다. 이 과정에서 형성된 그의 예술은 시대와 지역의 경계를 넘어 공감할 수 있는 보편적 예술 언어로 자리매김했다. 이번 전시는 그의 예술적 궤적과 사유의 지평이 본격적으로 확장·전환되는 시기를 주목하며, 1910년대부터 1945년 해방 이전, 해방 이후부터 1958년 프랑스 이주 이전까지, 그리고 프랑스 체류 시기의 세 단계로 구성된다. 조국의 독립을 향한 열망이 담긴 대나무 그림에서 출발해, 분단과 통일, 나아가 세계평화의 문제를 고민한 <군상> 연작에 이르기까지, 이번 전시에 소개되는 이응노의 작품은 시대의 변화 속에서 그의 예술이 양식과 주제를 확장해 온 과정을 보여준다. 이응노의 작품세계는 동서양 양식의 경계를 넘나들며, 글로벌 현대미술의 장 속에서 예술과 사회의 관계를 끊임없이 사유하는 방향으로 나아갔다. 그는 예술적 실험을 넘어 민족과 이념, 경계를 초월한 인간 공동체와 평화에 대한 질문을 지속적으로 던지며, 현대미술이 사회와 맺을 수 있는 실천적 가능성을 제시한다. 해당 공연·전시 프로그램은 주최자·공연자 등의 사정에 따라 변경될 수 있습니다. 1688-2220","=GOOGLETRANSLATE(A131, ""ko"", ""en"")"
"성인 1,000원 / 청소년, 어린이 600원","=GOOGLETRANSLATE(A132, ""ko"", ""en"")"
이응노미술관 042-611-9800,"=GOOGLETRANSLATE(A133, ""ko"", ""en"")"
"흙은 땅의 기억을 품고 있고, 불은 그 기억에 새로운 숨결을 불어넣는다. 이종수(1935–2008)의 도자기는 흙과 불이라는 두 요소를 매개로, 반세기 넘는 시간 동안 자연과 마주해온 한 작가의 시선과 손끝의 여정을 담아왔다. 그의 작업은 지역의 토양과 기후, 그리고 평생 붙잡아온 재료의 숨결 위에서 형성되었으며, 이번 도예전은 그러한 물질적 토대와 더불어 그 바탕에 깔린 정신적·미학적 토양을 함께 비춘다. 이종수의 도예에는 흙이 지닌 물성과 그에 내재한 시간의 감각을 존중하며, 불과 공기의 작용을 신중히 살피는 태도가 담겨 있다. 그는 제작 과정에서 나타나는 유약의 흐름이나 소성 중의 변화, 표면 질감의 차이를 하나의 결과로 받아들이며 재료와 과정이 함께 만들어내는 상태에 주의를 기울였다. 이러한 접근은 작품마다 서로 다른 표정을 부여하고, 도자기 표면에 시간과 환경이 스며든 흔적을 남긴다. 그의 작품은 형태를 완결하는 기술이라기보다, 흙이라는 물질과 장기간에 걸쳐 이어진 관계의 축적에 가깝다. 한편 그의 작업은 전통 도자의 형식을 기반으로 하면서도, 지나치게 규범에 얽매이지 않는 조형적 유연함을 보여준다. 비례의 미묘한 변화나 표면의 불균질한 처리, 형태의 완만한 일탈은 작업에 긴장과 여백을 동시에 부여한다. 이러한 특성은 전통의 계승이라는 틀 안에서 동시대적 감각을 반영하며, 그의 기물을 장식적 대상이 아니라 사용과 감상의 경계를 넘나드는 조형적 존재로 자리매김하게 한다. 이러한 태도는 자연을 ‘그려내는 대상’이 아니라 기운과 리듬이 흘러가는 장(場)으로 받아들였던 고암 이응노(1904–1989)의 작업관과도 은연중에 공명한다. 이응노는 서예와 회화가 한 뿌리에서 나온다는 동아시아 미학의 감각을 바탕으로, 붓질을 ‘형태의 복제’가 아니라 움직임과 호흡이 남긴 흔적으로 확장해 왔다. 그의 문자추상과 군상 연작에서 보이는 자유로운 필치와 생동하는 기운은, 화면을 정교하게 통제하기보다 행위가 만들어내는 밀도에 신뢰를 두는 방식으로 드러난다. 이종수의 도예 역시 이러한 인식 위에서 형성된다. 그는 흙과 불, 공기와 시간이 서로 작용하며 만들어내는 과정을 끝까지 지켜보며, 결과를 미리 규정하기보다 제작 과정 속에서 드러나는 변화를 작업의 일부로 받아들였다. 그의 조형은 완벽한 통제를 지향하기보다, 재료와 과정이 함께 형태를 만들어가는 방식에 가깝다. 이 지점에서 두 작가는 먹과 종이, 흙과 불처럼 각기 다른 재료를 다루면서도, 재료가 지닌 성질과 흐름을 존중하고 그에 응답하는 태도를 공유한다. 형태는 계획의 산물이 아니라, 재료와 행위가 맞물리는 시간 속에서 서서히 길어 올려진다. 전시 제목 《Clay, Play, Stay》는 이종수의 작업 세계를 압축적으로 드러낸다. Clay는 그가 평생 천착해 온 존재의 근원으로서의 흙이며, Play는 손과 시간, 불의 리듬 속에서 형태를 시험하고 조정해 온 지속적인 탐구의 과정이다. Stay는 그렇게 축적된 시간이 머물러 남긴 자리로, 완결된 오브제가 고정된 순간에 머무르는 것이 아니라 표면과 형태에 겹겹이 스며든 감각의 층위를 가리킨다. 이종수의 도예에서 형태는 단번에 결정되지 않는다. 만들고, 고치고, 다시 세우는 반복 속에서 조형은 서서히 윤곽을 얻으며, 그 과정 자체가 작품의 일부가 된다. 이러한 반복은 조형적 실험인 동시에, 흙이라는 물질과 오랜 시간 관계를 맺어온 한 작가의 삶의 태도를 드러낸다. 《Clay, Play, Stay》는 흙으로부터 시작된 작업이 결국 머무름의 시간으로 이어지는 과정을 따라가며, 이종수 도예가 지닌 물질적 깊이와 축적의 의미를 조용히 드러낸다. 이러한 ‘머무름’의 개념은 작품의 차원을 넘어, 작가의 삶과 지역의 시간으로 확장된다. 2026년은 대전에 ‘이종수 도예관’이 첫 삽을 뜨는 원년으로, 이번 회고전은 그 출발점에서 대전 출신 작가 이종수의 작업을 다시 또렷하게 호명한다. 지역의 토양과 기후 속에서 형성된 그의 조형 언어는 이제 한 장소에 머물며 축적될 시간을 맞이하고 있다. 흙과 불, 숨과 시간이 겹겹이 쌓인 그의 도자기 앞에서 우리는","=GOOGLETRANSLATE(A134, ""ko"", ""en"")"
"《김선두-색의 결, 획의 숨》은 이러한 흐름 속에서 전통의 뿌리를 기반으로 한국화의 현대적 가능성을 탐구해 온 김선두(1958-, 전남 장흥 출생)의 40여 년 예술 여정을 한자리에 조명한다. 해당 공연·전시 프로그램은 주최자·공연자 등의 사정에 따라 변경될 수 있습니다. 1688-2220","=GOOGLETRANSLATE(A135, ""ko"", ""en"")"
전남도립미술관 061-760-3242,"=GOOGLETRANSLATE(A136, ""ko"", ""en"")"
"“축하해” 우리가 사는 이곳에 2분마다 새로운 생명이 찾아옵니다. 아이와 산모의 건강과 행복을 바라는 마음으로 사람들이 간절히 기도합니다. 그 긴장의 끝에 이 땅 곳곳에서 터져 나오는 이 언어는 아름답습니다. 생명은 쉽게 세상에 나오지 않습니다. 인류는 새 생명의 무난한 탄생을 위해 애를 썼습니다. 의술을 익히고, 정책과 제도를 손보고, 많은 이들의 진심 어린 기도가 함께하는 풍경은 아름답습니다. 생명이 새로운 생명을 바라보는 그 광경은 그만큼 숭고합니다. 전시는 모두가 함께하는 출산의 순간을 포착합니다. 예나 지금이나 아이의 탄생을 위해 얼마나 많은 노력이 있었는지, 전시는 말합니다. 출산을 단순한 숫자가 아닌, 생명이 탄생하는 기적의 순간으로 바라보는 시선을 함께 나누고자 이번 전시를 준비했습니다. 해당 공연·전시 프로그램은 주최자·공연자 등의 사정에 따라 변경될 수 있습니다. 1688-2220","=GOOGLETRANSLATE(A137, ""ko"", ""en"")"
무료 / ※ 경복궁 관람료 별도,"=GOOGLETRANSLATE(A138, ""ko"", ""en"")"
국립민속박물관 본관 02-3704-3114,"=GOOGLETRANSLATE(A139, ""ko"", ""en"")"
읽기의 기술: 종이에서 픽셀로,"=GOOGLETRANSLATE(A140, ""ko"", ""en"")"
"1970년대 인쇄 출판 분야에 한글 가로쓰기가 도입된 이후 그래픽 디자인의 변천사를 추적하는 전시다. 아날로그에서 디지털로 전환하는 환경 속에서 텍스트와 이미지의 관계를 연구해 온 디자이너의 활동상을 시대별로 재구성할 예정이다. 전시에서는 1970-80년대 사진 식자와 옵셋 인쇄 기술의 부흥기, 1980-90년대 그래픽 툴과 웹 환경으로의 이행기를 거쳐 오늘날 물질과 비물질을 넘나드는 실험적인 시도를 선보인다. 이 전시는 그래픽 디자인 실천의 흐름 속에서 기술 발전과 시각 문화의 역동적인 관계를 살피는 가운데 한국미술의 저변을 확장하려는 시도이다. 해당 공연·전시 프로그램은 주최자·공연자 등의 사정에 따라 변경될 수 있습니다. 1688-2220","=GOOGLETRANSLATE(A141, ""ko"", ""en"")"
070-7808-1588,"=GOOGLETRANSLATE(A142, ""ko"", ""en"")"
02-6368-6160,"=GOOGLETRANSLATE(A143, ""ko"", ""en"")"
이대원,"=GOOGLETRANSLATE(A144, ""ko"", ""en"")"
서울 | 국립현대미술관 덕수궁관,"=GOOGLETRANSLATE(A145, ""ko"", ""en"")"
"이대원(1921-2005)은 김환기, 박수근, 장욱진, 천경자와 더불어 한국 근현대미술을 대표하는 작가이다. 10대에 이미 조선미술전람회에 3차례 연이어 입선하였고, 36세에 첫 개인전을 시작으로 총 19회의 개인전을 개최하였으나 이대원의 작품세계를 미술사적으로 고찰한 연구나 전시는 미흡하였다. 주로 ‘과수원’을 그린 풍경화가로 널리 알려졌지만, 그의 초기 화업은 당시 한국화단에서 매우 독특한 위치를 차지한다. 해방 이후 한국미론의 형성과 반도화랑 운영, 홍익대학교 총장 역임 등 한국미술계 전반에 미친 영향이 지대하다. 이번 전시에서는 그의 작품 형성 배경과 시대적 맥락을 함께 짚어보고 이대원 작품의 전형인 과수원 그림이 나오기까지의 과정을 면밀하게 그려냄으로써 이대원의 삶과 예술을 입체적으로 재조명한다. 해당 공연·전시 프로그램은 주최자·공연자 등의 사정에 따라 변경될 수 있습니다. 1688-2220","=GOOGLETRANSLATE(A146, ""ko"", ""en"")"
국립현대미술관 덕수궁관 02-2022-0600,"=GOOGLETRANSLATE(A147, ""ko"", ""en"")"
파리의 이방인,"=GOOGLETRANSLATE(A148, ""ko"", ""en"")"
"한국전쟁 이후, 파리를 ‘현대예술의 수도’로 여긴 적지 않은 한국의 미술가들이 프랑스로 건너갔다. 이들은 2차 세계대전 이후 국제 미술의 중심을 두고 뉴욕과 경쟁하며 모더니즘의 영광을 되살리고자 했던 파리 미술계에서, 전 세계에서 건너온 미술가들과 교류하며 다양하고 새로운 현대미술을 경험하고 자신만의 세계를 구축해갔다. 이번 전시는 한국 미술가 최초로 1925년 파리로 건너간 이종우를 시작으로 1950-70년대 도불한 한국 미술가들의 예술세계를 입체적으로 조명한다. 전시는 낯선 장소에서 민족적 정체성을 모색하며 현대화를 추구하거나, 새로운 주제 탐구 및 매체 실험을 통해 미술의 경계를 확장한 도불(渡佛)작가들의 다양한 예술세계를 탐험하면서 이방인으로서 이들의 삶과 예술이 지닌 의미와 가치를 고찰한다. 해당 공연·전시 프로그램은 주최자·공연자 등의 사정에 따라 변경될 수 있습니다. 1688-2220","=GOOGLETRANSLATE(A149, ""ko"", ""en"")"
1600-1602,"=GOOGLETRANSLATE(A150, ""ko"", ""en"")"
"VIP석 130,000원, R석 110,000원, S석 80,000원, A석 60,000원","=GOOGLETRANSLATE(A151, ""ko"", ""en"")"
NOL 티켓 1644-2620,"=GOOGLETRANSLATE(A152, ""ko"", ""en"")"
"국립현대미술관은 영국 시각미술가 데미안 허스트의 아시아 최초 대규모 개인전을 개최한다. 이번 전시는 작가의 초기작부터 근작까지 작업 전반을 아우르며 설치, 조각, 회화 등 다양한 매체로 구성된다. 전시는 죽음과 영생, 과학·의학에 대한 인간의 믿음과 욕망, 예술 가치와 시장 논리 등 작가가 탐구해 온 핵심 주제를 조명하며 현대사회의 삶과 가치에 대한 폭넓은 담론의 장을 마련하고자 한다. 죽은 동물을 포름알데히드 수조에 담은 ‹자연사› 연작, ‹신의 사랑을 위하여›(2007) 등의 대표작을 비롯하여 ‹벚꽃› 연작 이후의 미공개 최신작이 포함되어 사회를 구성하는 제도나 믿음의 체계에 끊임없이 질문을 던져온 작가의 작품세계를 심층적으로 소개한다. 해당 공연·전시 프로그램은 주최자·공연자 등의 사정에 따라 변경될 수 있습니다. 1688-2220","=GOOGLETRANSLATE(A153, ""ko"", ""en"")"
방혜자,"=GOOGLETRANSLATE(A154, ""ko"", ""en"")"
충북 | 국립현대미술관 청주관,"=GOOGLETRANSLATE(A155, ""ko"", ""en"")"
충청북도 청주시 청원구 상당로 314,"=GOOGLETRANSLATE(A156, ""ko"", ""en"")"
"한국과 프랑스를 오가며 양국의 문화예술을 양분 삼아 독자적인 예술 세계를 구축한 방혜자(1937-2022)의 작품을 소개하는 전시이다. 2026년 한불수교 140주년을 기념하는 행사 중 하나로, 전시는 여성미술가로서 초기 추상미술 작품을 선보인 방혜자의 시기별 주요 작품을 국립현대미술관 소장품을 비롯해, 국내에 소개되지 않은 프랑스 소재 작품들과 더불어 소개한다. ‘빛’을 평생에 걸쳐 영감의 원천으로 삼아온 작가의 삶과 세계관, 표현 방식을 전방위적으로 조망하고 그 의의를 탐구하는 본 전시에서 다양한 회화적 실험과 통찰의 과정을 살펴볼 수 있다. 해당 공연·전시 프로그램은 주최자·공연자 등의 사정에 따라 변경될 수 있습니다. 1688-2220","=GOOGLETRANSLATE(A157, ""ko"", ""en"")"
국립현대미술관 청주관 043‒261‒1400,"=GOOGLETRANSLATE(A158, ""ko"", ""en"")"
MMCA 다원예술 2026: 탐정의 시간,"=GOOGLETRANSLATE(A159, ""ko"", ""en"")"
"국립현대미술관 다원예술 «탐정의 시간»은 현대인이 일상에서 경험하는 시간의 복잡성을 “탐정”이란 존재와 “탐정의 깊은 사유”에 빗대어 탐구하는 프로젝트이다. 인공지능의 효율적인 시간과 대비되는 인간의 시간은 미세한 단서를 찾아 헤매고, 그 시간에 천착하며, 간혹은 명확한 해답에 도달하지 못하는 탐정의 사유와 닮아있다. 4월부터 12월까지 월별 프로그램으로 진행되며, 시간 자체에 대한 사유를 통해 인간 존재를 다시금 생각하고 감각해보고자 한다. 해당 공연·전시 프로그램은 주최자·공연자 등의 사정에 따라 변경될 수 있습니다. 1688-2220","=GOOGLETRANSLATE(A160, ""ko"", ""en"")"
MMCA 필름앤비디오 2026,"=GOOGLETRANSLATE(A161, ""ko"", ""en"")"
"서울관 영상관에서는 실험영화, 다큐멘터리, 예술영화 등 형식과 장르, 시대를 아우르는 폭넓은 상영 프로그램을 통해 관객에게 다양한 영상 문화를 경험할 수 있는 장을 마련한다. 2026년에는 미술관의 주요 기획전과 긴밀히 연결되는 전시 연계 프로그램, 서울국제실험영화페스티벌과 협력해 프랑스 실험영화 거장의 작품을 조명하는 특별 프로그램, 남미 여성 영화감독들의 작품을 중심으로 구성된 주제 기획 프로그램 등으로 연중 운영된다. 해당 공연·전시 프로그램은 주최자·공연자 등의 사정에 따라 변경될 수 있습니다. 1688-2220","=GOOGLETRANSLATE(A162, ""ko"", ""en"")"
MMCA×LG OLED 시리즈 2026,"=GOOGLETRANSLATE(A163, ""ko"", ""en"")"
"국립현대미술관과 LG전자의 중장기 협력 프로그램인 «MMCA x LG OLED 시리즈»는 역량 있는 동시대 작가에게 작품 제작비 및 기술 인프라를 지원함으로써 동시대 현대미술의 새로운 매체 실험 및 담론을 형성하고, 기술과 예술을 바탕으로 한 대형 신작 제작을 통해 현대미술의 대중화에 기여하고자 한다. 서울관의 상징적 전시공간 서울박스(Seoul Box)의 공간적 특성을 반영한 설치작품을 전시하여 현대미술의 독창적 예술 경험을 관객에게 제공한다. 시리즈의 두 번째 작가는 2026년 초 발표된다. 해당 공연·전시 프로그램은 주최자·공연자 등의 사정에 따라 변경될 수 있습니다. 1688-2220","=GOOGLETRANSLATE(A164, ""ko"", ""en"")"
이것은 개념미술이 (아니)다,"=GOOGLETRANSLATE(A165, ""ko"", ""en"")"
"«이것은 개념미술이 (아니)다»는 한국현대미술의 흐름 속에서 물질적 형식이나 시각적 완성보다는 개념과 언어, 과정과 맥락에 주목해온 개념적 경향의 미술을 조명하는 전시이다. 특히 이번 전시는 미술에서의 언어적 전회에 주목하며, 사물과 언어, 언어와 행위, 측정과 지도, 현실과 제도비판 등의 소주제를 통해 미술의 본질과 현실을 끊임없이 성찰해온 작업들을 다시 살펴본다. 더불어 고도의 자본주의와 급격한 사회ㆍ정치적 변화 속에서 전개된 1990년대 전후 미술의 개념적 경향을 이전 세대 미술의 흐름과 함께 살펴봄으로써 한국현대미술의 동시대성을 논의해보는 계기를 마련하고자 한다. 해당 공연·전시 프로그램은 주최자·공연자 등의 사정에 따라 변경될 수 있습니다. 1688-2220","=GOOGLETRANSLATE(A166, ""ko"", ""en"")"
과천관 40주년 프로젝트: 빛의 상상들,"=GOOGLETRANSLATE(A167, ""ko"", ""en"")"
"과천관 개관 40주년을 맞이하여 미술관을 새롭게 밝히고, 관람객들이 미술관 안팎에서 더욱 깊은 예술적 몰입을 경험할 수 있도록 ‘빛’을 주제로 한 장소특정적 설치 프로젝트 시리즈를 추진한다. 신규 소장품인 제임스 터렐의 ‹상상들, 넓은 직사각형의 곡면›을 비롯해 구정아, 김아영, 필립 파레노, 이반 나바로 등 국내외 동시대 작가, 건축가, 디자이너들과 협업하여 이들의 작업을 미술관 내·외부 주요 공간에 설치하고, 과천관의 장소성을 바탕으로 공간을 새롭게 재해석한다. 이를 통해 빛을 매개로 한 새로운 감각적 경험을 제안하고자 한다. 특히 자연 속 미술관이라는 과천관만의 특성을 살려, 예술, 자연, 사유가 유기적으로 이어지는 공간 프로그램을 미술관 안팎에 구현할 예정이다. 해당 공연·전시 프로그램은 주최자·공연자 등의 사정에 따라 변경될 수 있습니다. 1688-2220","=GOOGLETRANSLATE(A168, ""ko"", ""en"")"
국립현대미술관 과천관 02‒2188‒6000,"=GOOGLETRANSLATE(A169, ""ko"", ""en"")"
샌드아트뮤지컬 [한아이],"=GOOGLETRANSLATE(A170, ""ko"", ""en"")"
부산 | 해운대문화회관 해운홀,"=GOOGLETRANSLATE(A171, ""ko"", ""en"")"
부산광역시 해운대구 양운로 97,"=GOOGLETRANSLATE(A172, ""ko"", ""en"")"
"모래로 그림을 그리는 샌드아트와 뮤지컬이 결합된 새로운 공연 양식이며, 왕따, 학교폭력을 둘러싼 실감나는 학교생활과 10대들의 심리를 디테일하게 묘사한 작품으로 나와 다른 서로를 이해하는 청소년 힐링 뮤지컬이다. 본 작품을 통해 서로를 이해하고, 서로를 따뜻하게 바라볼 수 있는 시선과 공감 · 소통의 문화가 확산되기를 기대해본다. 해당 공연·전시 프로그램은 주최자·공연자 등의 사정에 따라 변경될 수 있습니다. 1688-2220","=GOOGLETRANSLATE(A173, ""ko"", ""en"")"
"전석 1인 50,000원 / 단체할인 1인 30,000원","=GOOGLETRANSLATE(A174, ""ko"", ""en"")"
주식회사 문화콩 1688-8998,"=GOOGLETRANSLATE(A175, ""ko"", ""en"")"
긴긴밤,"=GOOGLETRANSLATE(A176, ""ko"", ""en"")"
강동아트센터 소극장 드림,"=GOOGLETRANSLATE(A177, ""ko"", ""en"")"
올해의 작가상 2026,"=GOOGLETRANSLATE(A178, ""ko"", ""en"")"
"«올해의 작가상»은 2012년부터 국립현대미술관과 SBS문화재단이 공동으로 주최해 온 대표적인 현대미술 작가 후원 프로그램이자 수상 제도이다. 매년 작가 4인을 선정하여 신작 제작과 전시를 지원하고, 이후에도 각 작가의 국제적 활동을 폭넓게 뒷받침함으로써 한국 현대미술의 발전을 도모해 오고 있다. 2023년부터 제도 개선을 통해 작가들의 제작 지원을 한층 강화하고, 신작 커미션뿐만 아니라 주요 이전 작업을 함께 선보이는 전시 구성으로 각 작가의 예술 세계를 보다 입체적으로 조명하고 있다. «올해의 작가상 2026»은 작가의 주제의식과 예술 세계에 대한 스토리텔링을 심화함으로써 한국 미술계의 주요 작가들을 거시적인 관점에서 조망하고, 이를 국제적 미술 담론과 연결하는 기반을 마련하고자 한다. 해당 공연·전시 프로그램은 주최자·공연자 등의 사정에 따라 변경될 수 있습니다. 1688-2220","=GOOGLETRANSLATE(A179, ""ko"", ""en"")"
"2,000원","=GOOGLETRANSLATE(A180, ""ko"", ""en"")"
"제8대 유엔 사무총장 반기문 평화기념관에서는 열여섯 번째 기획전시 『 여성, 삶을 이끌다 : 사랑 & 헌신』전(展)을 마련하였습니다. 반기문 전(前) 총장께서 유엔 사무총장으로 재임하던 기간(2007~2016) 동안 각국 정상과 단체로부터 받으신 여성을 주제로 한 회화, 조각품 등 소장품 30여 점을 소개합니다. 이 소장품들은 총장님의 여성 인권 증진 노력에 대한 국제사회의 깊은 공감과 감사의 마음이 담겨 있습니다. 이번 전시는 세계 여성들의 평범한 일상과 염원을 담은 작품들을 소개합니다. 가족에 대한 사랑과 헌신으로 역경을 이겨내고 스스로와 세상을 이끄는 그들의 강인하고 아름다운 삶을 조명합니다. 이와 함께, 여성 인권 향상과 성평등에 앞장서 왔던 반기문 전 유엔 사무총장의 활동과 업적을 소개합니다. 반기문 전 사무총장은 재임 기간 동안 ""여성의 권리 보장 없이는 지속 가능한 발전과 평화가 불가능하다""고 역설하며, 특히 여성의 교육과 경제활동 참여를 적극적으로 지지하고 여성 폭력 근절을 위한 국제적 협력을 주도했습니다. 유엔을 비롯한 국제기구와 민간단체들이 여성 인권 신장과 성차별 해소를 위해 다방면으로 노력하고 있지만, 성차별은 우리 사회에 여전히 복합적인 형태로 존재합니다. 지구촌의 많은 여성들은 딸, 아내, 어머니로서 사회적 책임을 묵묵히 감내하며, 열정과 희망을 잃지 않고 스스로와 공동체의 삶을 지켜내고 있습니다. 이번 전시는 거창한 담론보다는, 묵묵히 일상을 살아가는 여성들의 순간들을 포착하여 새로운 시각과 깊은 공감대를 형성하고자 합니다. 그들의 헌신적인 사랑과 열정이 어떻게 삶을 이끌어 왔고, 인류의 더 나은 미래를 만들어 왔는지, 그 위대하고 찬란한 삶의 여정에 함께하시기를 바랍니다. 해당 공연·전시 프로그램은 주최자·공연자 등의 사정에 따라 변경될 수 있습니다. 1688-2220","=GOOGLETRANSLATE(A181, ""ko"", ""en"")"
043-871-3124,"=GOOGLETRANSLATE(A182, ""ko"", ""en"")"
2025년 울산박물관 제2차 특별기획전 <울산 할머니의 보물상자> 기간 : 2025. 12. 23.(화) ~ 2026.6. 28.(일) 장소 : 울산박물관 기획전시실 Ⅱ(1층) 울산박물관 제2차 특별기획전 ‘울산 할머니의 보물상자’를 전시합니다. 울산과 우리나라의 전통놀이를 통해 민속문화를 이해해보는 어린이 체험전시입니다. 해당 공연·전시 프로그램은 주최자·공연자 등의 사정에 따라 변경될 수 있습니다. 1688-2220,"=GOOGLETRANSLATE(A183, ""ko"", ""en"")"
울산박물관 052-229-4722,"=GOOGLETRANSLATE(A184, ""ko"", ""en"")"
1588-2757,"=GOOGLETRANSLATE(A185, ""ko"", ""en"")"
"이번 전시는 함양박씨 문중이 기탁한 4,874점의 유물 가운데 미공개된 귀중한 자료를 선보이는 자리입니다. 문중이 오랜 세월 지켜온 학문적 전통과 신념, 그리고 그 안에 담긴 삶의 가치와 실천 정신을 현대인들의 삶에 의미 있는 울림으로 전하고자 합니다. 문중의 역사와 문화, 그리고 그 속에 깃든 '기록의 가치'를 마주하며, 예천 함양박씨 문중이 품어온 찬란한 기록문화의 깊이를 되새기는 귀한 시간이 되시길 바랍니다. 해당 공연·전시 프로그램은 주최자·공연자 등의 사정에 따라 변경될 수 있습니다. 1688-2220","=GOOGLETRANSLATE(A186, ""ko"", ""en"")"
문화관광과예천박물관팀 054-650-8316,"=GOOGLETRANSLATE(A187, ""ko"", ""en"")"
노인의 꿈,"=GOOGLETRANSLATE(A188, ""ko"", ""en"")"
"R석 77,000원","=GOOGLETRANSLATE(A189, ""ko"", ""en"")"
02-882-3518,"=GOOGLETRANSLATE(A190, ""ko"", ""en"")"
02-747-2232,"=GOOGLETRANSLATE(A191, ""ko"", ""en"")"
"서울시립미술관은 현대미술을 대표하는 작가의 개인전으로 《최재은: 약속(Where Beings Be)》을 개최한다. 최재은(1953년생)은 조각, 영상, 설치, 건축 등 다양한 매체와 영역을 아우르며 다층적인 시공간 속에서 생명과 자연의 관계를 독창적으로 조명해 온 작가이다. 최재은은 1975년 일본으로 건너가, 당시 일본 전위예술의 발생지였던 소게츠 아트센터에서 전통을 벗어난 소게츠 이케바나1에 심취하게 된다. 그는 데시가하라 소후(勅使河原蒼風)와 데시가하라 히로시(勅使河原宏)2에게 사사하고 전위 이케바나가 실내 공간에서 대지로 확장되던 변혁의 시기를 온전히 경험하며 작품 세계에 깊이를 더한다. 이후 작가는 베니스 비엔날레 일본관 대표 작가 참여(1995), 상파울루 비엔날레 참가(1991), 베니스 비엔날레 건축전 본 전시 초청(2016) 등 국제 무대에서 활동을 이어갔다. 또한 《그랜드 티 세리머니 인 파리(Grand Tea Ceremony in Paris)》(1993)에서는 샬로트 페리앙(Charlotte Perriand), 에토레 소트사스(Ettore Sottsass), 안도 다다오(Ando Tadao) 등과 함께 파리 유네스코 본부 ‘평화의 정원’에서 다실 〈또 하나의 달(Another Moons)〉을 발표하며 주요 해외 프로젝트를 통해 견고한 입지를 다졌다. 국내에서는 서울 경동교회의 〈동시다발(Synchronous)〉(1990), 해인사 성철 스님 사리탑 〈선의 공간(Seon Space)〉(1995–1998), 삼성서울병원의 〈시간의 방향(Direction of Time)〉(1994) 등 다양한 공공 프로젝트를 수행했으며, DMZ 프로젝트로 널리 알려진 〈대지의 꿈(Dreaming of Earth Project)〉(2015– )을 〈자연국가(Nature Rules)〉(2020– )로 확장한 장기 프로젝트로도 잘 알려져 있다. 제목 《약속(Where Beings Be)》은 ‘공생지약(共生之約)’이라는 작가의 표현처럼, 언어적인 의미를 넘어 문명 훨씬 이전부터 시공을 관통해 온 자연의 상호 연대성을 되새기게 하는 개념으로 제시된다. ‘약(約)’과 ‘속(束)’의 기원이 묶여 있는 형상이듯, 유구한 시간 속에서 존재들(Beings)은 말 그대로 실타래처럼 얼기설기 엮여 다 같이 자리해 왔다. 본 전시는 ‘루시’, ‘경종(警鐘)’, ‘소우주’, ‘미명(微名)’, ‘자연국가: 경계를 넘어’라는 소주제로 구성되며, 더불어 작가의 주요 작품세계를 조망할 수 있는 아카이브가 함께 제시된다. 최초의 인류와 현재의 우리가 공유해 온 긴 시간의 축을 소환하며 자연과 생명의 파괴에 인간이 감내해야 할 책임을 드러내는 전시는 백화된 산호와 DMZ의 생명들, 그리고 소멸하는 들꽃을 통해 공생의 가능성을 환기시키며 작가가 제안하는 생태적 연대의 길로 이어진다. 급변하는 지구 환경 속에서 《최재은: 약속》은 우리가 어떠한 삶을 지향할지를 되묻는다. -1 이케바나는 일본 전통 꽃꽂이 예술이며 소게츠 이케바나는 이케바나 유파 중 하나이다.2 데시가하라 소후(勅使河原蒼風)·데시가하라 히로시(勅使河原宏) ― 소게츠류의 창시자와 그 후계자로, 전위 이케바나의 확장과 실험을 선도 해당 공연·전시 프로그램은 주최자·공연자 등의 사정에 따라 변경될 수 있습니다. 1688-2220","=GOOGLETRANSLATE(A192, ""ko"", ""en"")"
"성인(만 19세 이상) 15,000원 / 청소년&middot;어린이&middot;유아(만 36개월 이상~만19세 미만) 10,000원","=GOOGLETRANSLATE(A193, ""ko"", ""en"")"
02-837-6611 / 카카오채널 @씨씨오씨,"=GOOGLETRANSLATE(A194, ""ko"", ""en"")"
02-305-0525,"=GOOGLETRANSLATE(A195, ""ko"", ""en"")"
"어른 3,000원 / 청소년 1,500원 / 어린이 1,000원","=GOOGLETRANSLATE(A196, ""ko"", ""en"")"
서대문형무소역사관 02-360-8590,"=GOOGLETRANSLATE(A197, ""ko"", ""en"")"
"탐라순력도를 주제로 한 국가유산 미디어아트 특별전 ‘빛을 따라 걷는 옛 제주의 기록’ 물결처럼 이어지는 순력의 길, 제주의 바람과 사람, 그리고 유산이 빛으로 깨어납니다. 시간을 걷는 여정은 과거와 미래를 잇는 감각의 장이 됩니다. 해당 공연·전시 프로그램은 주최자·공연자 등의 사정에 따라 변경될 수 있습니다. 1688-2220","=GOOGLETRANSLATE(A198, ""ko"", ""en"")"
"어른 3,000원 / 청소년,군인 2,000원 / 어린이 2,000원","=GOOGLETRANSLATE(A199, ""ko"", ""en"")"
세계유산본부 유산정책부 064-710-6974,"=GOOGLETRANSLATE(A200, ""ko"", ""en"")"
"교육은 시대의 변화에 응답해 왔습니다. 2010년대 후반은‘4차 산업혁명’시대 흐름에 발맞춰 소프트웨어(SW)교육, 인공지능(AI)교육을 시작하였고, 인공지능은 이제 일상이 되었습니다. 지금으로부터 30년 전인 1995년, 21세기 세계화, 정보화 시대를 준비하며 이전과는 전혀 다른 교육을 만들고자 5.31 교육개혁을 추진하였습니다. 이번 특별전은 교육개혁의 주요 정책이 이끈 학교 현장 변화의 변화를 중심으로 살펴봅니다. 이 변화는 30년 전 설계한 ‘미래교육’으로, 오늘날 우리가 경험하는 교육의 토대입니다. 때문에 교육개혁의 성과와 한계에 대한 평가는 현재 진행형입니다. 오늘날 교육의 출발점을 돌아보며 우리가 만들고 있는‘미래교육’은 무엇이고 어떠해야 할지 고민하는 시간이 되시길 바랍니다. 해당 공연·전시 프로그램은 주최자·공연자 등의 사정에 따라 변경될 수 있습니다. 1688-2220","=GOOGLETRANSLATE(A201, ""ko"", ""en"")"
042-670-2213,"=GOOGLETRANSLATE(A202, ""ko"", ""en"")"
"고암 이응노의 예술세계는 한 사람의 생애를 넘어 시대와 사유를 관통하는 ‘선(線)’의 여정으로 바라볼 수 있습니다. 선은 그에게 단순한 조형의 출발점이 아니라 세계를 바라보고 이해하는 하나의 방식이었으며 삶과 예술을 잇는 중요한 표현 방식이었습니다. 초기의 수묵과 드로잉, 중기의 재료 실험과 문자 형태 변형 그리고 완성기에 이르는 군상 작업까지, 고암의 작품은 시대와 장소, 재료와 형식의 경계를 넘나들며 독자적인 조형세계를 구축해 왔습니다. 2025 고암이응노생가기념관 소장품 기획전 《확장되는 선》은 이러한 고암의 여정을 ‘사유하는 선 - 변화하는 선 - 이루는 선 - 확장되는 선’이라는 흐름으로 살펴보며, 각 시기 작품에 드러나는 선의 다양한 면모와 조형적 변화를 다시 마주하는 자리입니다. 관람객은 서로 다른 방식으로 표현된 선을 비교하며, 한 예술가가 어떻게 자신의 세계를 확장해 갔는지 그 흐름을 자연스럽게 체감할 수 있습니다. 해당 공연·전시 프로그램은 주최자·공연자 등의 사정에 따라 변경될 수 있습니다. 1688-2220","=GOOGLETRANSLATE(A203, ""ko"", ""en"")"
"성인 1,000원 / 어린이, 청소년, 군인 500원","=GOOGLETRANSLATE(A204, ""ko"", ""en"")"
고암이응노생가기념관 041-630-9232,"=GOOGLETRANSLATE(A205, ""ko"", ""en"")"
"국립광주박물관은 12월 18일 국립박물관 최초로 도자기를 전문으로 소개하는 “도자문화관” 을 공개합니다. 국립광주박물관은 '아시아 도자문화 교류의 거점'이라는 핵심 목표 아래 첫 단추로 4년간의 준비 끝에 “도자문화관”을 건립하여 도자기와 관련된 다양한 콘텐츠를 볼 수 있는 전문 전시관을 개관합니다. 도자문화관은 지상 2층 규모의 건물로, 1층에는 3개의 상설전시실(한국도자, 신안해저도자, 디지털 아트존), 2층에는 석조물 마당과 뮤지엄샵, 카페 등 관람객을 위한 편의시설을 갖추고 있습니다. 해당 공연·전시 프로그램은 주최자·공연자 등의 사정에 따라 변경될 수 있습니다. 1688-2220","=GOOGLETRANSLATE(A206, ""ko"", ""en"")"
062-570-7000,"=GOOGLETRANSLATE(A207, ""ko"", ""en"")"
"R석 66,000원, S석 44,000원","=GOOGLETRANSLATE(A208, ""ko"", ""en"")"
"국립춘천박물관 상설전시관 '금강산과 관동팔경' 브랜드존과 '강원의 근세실'을 새단장하여 선보입니다. 강원 최고의 명승지 '금강산과 관동팔경'을보고 느낀 옛사람들의 기억, 그리고 강원인이 강원 땅에서 만들고 지켜온 삶의 이야기가 펼쳐집니다. 지금은 가기 어려운 북강원의 금강산과 관동팔경 유람을 간접적으로 체험할 수 있도록 몰입·체험·지도 영상 콘텐츠 3편을 새로 제작해 함께 공개합니다. 새로운 이야기와 새로운 기술로 펼쳐낸 강원의 역사와 문화를 만나보세요. 해당 공연·전시 프로그램은 주최자·공연자 등의 사정에 따라 변경될 수 있습니다. 1688-2220","=GOOGLETRANSLATE(A209, ""ko"", ""en"")"
033-260-1500,"=GOOGLETRANSLATE(A210, ""ko"", ""en"")"
"VIP석 170,000원
OP석 170,000원
R석 140,000원
S석 110,000원
A석 80,000원","=GOOGLETRANSLATE(A211, ""ko"", ""en"")"
1588-5212,"=GOOGLETRANSLATE(A212, ""ko"", ""en"")"
오픈리뷰 1588-5212,"=GOOGLETRANSLATE(A213, ""ko"", ""en"")"
"“제가 집착하고 있는 면이 있다면 자연 속의 생명체 그것에 대한 사랑일 것입니다. 자연 속 생명체의 사랑은 영원한 것이어서 이 지구가 없어지는 그날까지 지속될 것으로 알고 있습니다. ” - 문 신 - 이번 전시는 문신미술관에 소장된 작가 문신의 대표적인 작품을 ‘사랑’이란 주제로 살펴보는 전시입니다. 문신(Moon shin, 1922-1995)은 오랜 타국 생활의 고독함과 치열한 창작활동, 벅찬 일상에서도 늘 ‘사랑’의 감정을 잃지 않았습니다. 그는 자연 속 생명체에 대한 사랑에 늘 집착해 왔으며 작품에서 사랑의 감정을 느낄 수 없다면 그것은 한낱 장식품에 불과하다고 말했습니다. 항상 묵묵하게 창작하고 마음을 잘 드러내지 않는 과묵한 성격이었지만 예술을 향한 문신의 뜨거운 열정과 깊은 사랑은 평생 변함이 없었습니다. 문신이 가진 사랑의 감정은 고향 마산, 고국, 아버지와 주변인들, 평화, 자연과 생명, 우주로까지 확장되어 나갔으며 그의 예술의 원동력이자 주제가 되었습니다. 문신미술관에 소장된 그의 작품은 그가 사랑했던 고향의 자연을 바라보며 우주를 향하여 언제나 빛나고 있습니다. 문신이 느꼈던 사랑의 감정을 함께 느끼며 그의 작품을 사랑의 시선으로 바라보는 의미 있는 시간이 되길 바랍니다. 해당 공연·전시 프로그램은 주최자·공연자 등의 사정에 따라 변경될 수 있습니다. 1688-2220","=GOOGLETRANSLATE(A214, ""ko"", ""en"")"
"어른 500원 / 어린이 200원 / 청소년, 군인, 대학생 200원 / 예술인 200원","=GOOGLETRANSLATE(A215, ""ko"", ""en"")"
055-225-7181,"=GOOGLETRANSLATE(A216, ""ko"", ""en"")"
"조경재 작가는 뮌스터 미술대학 마이스터슐러 과정을 마치고 유럽과 한국에서 활발히 활동해 온 사진 작가입니다. 그는 카메라의 제한된 화각 안에서 실제 공간을 마치 추상 회화처럼 연출하고 이를 사진으로 기록합니다. 조경재의 작업은 공간, 사물, 빛과 시간에 대한 섬세한 탐구에 초점을 맞춥니다. 그는 사진을 중심으로 설치, 퍼포먼스 등 다양한 매체적 실험을 활용하며, 일상적 사물과 공간을 재배치하고 재연출함으로써 우리가 흔히 지나치는 순간과 존재의 행위성을 포착합니다 특히, 그의 작업은 제한된 화각 안에서 공간과 물체를 추상적으로 재구성하고 기록하는 방식으로, 물체와 공간, 시간 간의 미묘한 상호작용과 내재된 변화를 드러냅니다. 그는 또한 공간과 오브제, 그리고 시간의 상호작용을 유심히 관찰하며, 이러한 탐구의 결과물이 사진작업에 고스란히 반영됩니다. 그의 사진은 콜라주나 디지털 편집을 사용하지 않고, 실제 공간과 물리적인 오브제를 설치하여 아날로그 카메라로 촬영한 순수 사진입니다. 이 과정에서 물체는 원래의 기능과 형태를 잃고 물질의 고유한 색채와 형태로 변형되며, 새로운 시각적 언어를 만들어냅니다. 이번 전시 “Invisible Actors (보이지 않는 배우들)”에서는 이러한 탐구가 카메라 안에서 펼쳐지는 ‘보이지 않는 배우들의 연극’을 통해 드러나며, 존재 자체가 이미 하나의 행위임을 보여줍니다. 관객은 작품을 통해 사물과 공간, 시간의 미묘한 상호작용을 직접 경험할 수 있습니다. 조경재는 전시를 통해 사진작업을 그 자체로 완성된 형식에 머물지 않고, 설치와 사운드 등 다양한 물리적 매체로 확장하는 시도를 이어왔습니다. 그의 이전 전시들에서처럼, 이번 전시에서도 사진 작업의 구조적 특성을 다른 형식으로 변형하고 해체하는 과정을 볼 수 있습니다. 조경재 ‘Invisible Actors’ 조경재의 사진은 무대를 닮았다. 그리고 그 무대 위에는 배우가 없다. 대신, 사물과 빛, 그리고 그리고 시간의 흐름이 각자의 역할을 부여받아 조용히 장면을 만들어낸다. 작가는 하루의 빛이 변해가는 과정을 따라가며, 그 빛이 사물에 묻는 풍경을 세심하게 관찰한다. 그가 포착하는 순간들은 완결된 연극이 아니라, 지속되는 리허설의 시간, 혹은 빛이 사물에게 말을 거는 찰나의 대화에 가깝다. 그의 사진을 오래 들여다보고 있으면, 사물들이 서로를 의식하며 배치된 듯한 미묘한 군무성이 드러난다. 줄과 각을 정확히 맞추는 질서 있는 정렬이 있는가 하면, 각 사물이 지닌 고유한 성질은 흐트러뜨리지 않은 채 서로에게 반응하며 관계를 만들어가는 간접적인 군무성도 존재한다. 이 두 가지의 움직임은 겉으로는 정적이지만, 내부적으로는 장면을 조율하는 신호처럼 느린 파동을 일으킨다. 조경재의 시선 아래에서 사물들은 빛을 단순히 반사하는 대상이 아니다. 그들은 빛이 있는 공간 안에서 풍경을 밀고 당기며, 무대 위에서 상대를 인지하는 퍼포머처럼 조용히 자기 위치를 조정한다. 작가는 이러한 장면을 통해, 사물이 ‘존재한다’는 사실 자체가 이미 하나의 행위임을 드러낸다. 그 순간 카메라는 단순한 기록 장치가 아니라, 보이지 않는 관찰자이자 관객, 그리고 빛과 사물 사이의 미세한 긴장을 매개하는 존재로 자리한다. 그래서 그의 사진은 비어 있는 무대를 떠올리게 하면서도, 그 안에서 보이지 않는 배우들이 끊임없이 서로에게 반응하며 자신만의 장면을 만들어내고 있는 듯한 인상을 남긴다. 장면은 고정된 이미지가 아니라, 빛과 사물, 거리와 각도가 함께 호흡하며 생성하는 작은 리허설에 가깝다. 바로 이 지점에서, 조경재의 사진이 무대를 닮았다는 사실이 자연스럽게 이해된다. 그것은 연극적 장치의 모방이 아니라, 사물들 사이에 이미 흐르고 있는 질서와 긴장, 관계의 총합이 하나의 무대를 구성하기 때문이다. Cho Kyungjae is a photographer who completed the Meisterschuler program at Kunstakademie Munster and has been active in both Europe and Korea. His work rev","=GOOGLETRANSLATE(A217, ""ko"", ""en"")"
053-781-6802,"=GOOGLETRANSLATE(A218, ""ko"", ""en"")"
"새롭게 진행되는 JMA 야외정원프로젝트 《남쪽으로 지는 해》는 일상 속에서 인식되지 못해온 존재들을 다시 바라보며, 익숙한 감각의 틀을 벗어난 새로운 관계 맺기의 가능성을 탐색한다. 작품들은 우리가 지나쳐온 자리들을 다시 사유하도록 하며, 보이지 않던 것들에 대한 시선을 열어준다. 이번 전시에서 작품들은 특별한 의미가 부여되지 않았던 공간에 놓임으로써 관람자가 우연한 마주침 속에서 자연스럽게 작품과 관계를 맺고, 그 상황 속에 참여하도록 한다. 고정된 구조 대신 느슨하고 열린 방식으로 자리한 작업들은 익숙한 장소를 다르게 경험하도록 만들며, 기존 질서가 나누어온 경계를 흐린다. 참여 작가 강용면, 김영봉, 문민, 이강원, 채우승은 이러한 장소적 조건 속에서 보이지 않던 존재와 자리를 각자의 언어로 드러낸다. 이는 단순한 발견을 넘어 의미가 형성되고 변형되는 과정을 감각하게 하며, 공존의 또 다른 가능성을 상상하도록 이끈다. 해당 공연·전시 프로그램은 주최자·공연자 등의 사정에 따라 변경될 수 있습니다. 1688-2220","=GOOGLETRANSLATE(A219, ""ko"", ""en"")"
063-290-6876,"=GOOGLETRANSLATE(A220, ""ko"", ""en"")"
054-536-6160,"=GOOGLETRANSLATE(A221, ""ko"", ""en"")"
"겨울잠은 지구를 떠나 새로운 행성을 찾아 나아가는 우주선의 여정을 담은 경험 연극입니다. * 본 공연은 한국어 버전과 영어 버전으로 진행되며, 각 버전마다 다른 내레이션 배우가 출연합니다. 관람을 원하시는 버전의 상연 시간을 확인하신 후 예매해 주시기 바랍니다. 해당 공연·전시 프로그램은 주최자·공연자 등의 사정에 따라 변경될 수 있습니다. 1688-2220","=GOOGLETRANSLATE(A222, ""ko"", ""en"")"
"서울시립 북서울미술관의 ‘예술가의 연구’ 시리즈 《미완의 식물지―이소요》, 《꽃 시계―안나 리들러》는 미술사·자연사·생물학·지리학·인공지능 등 다양한 학술 및 기술 영역을 넘나드는 독창적 방식으로 정교하게 축조된 예술가들의 연구에 기반한 창작 세계를 소개하는 전시이다. 작가들은 연구를 단순한 창작의 보조적 요소로 다루지 않고, 긴밀히 맞물린 하나의 축으로서 연구와 창작이 함께 작동하는 방식을 보여준다. 연구-창작의 축은, 타 분야와 예술을 연결 짓는 작업이 가져오는 또 다른 축인 예술-학술, 예술-기술의 축과 교차한다. 《미완의 식물지―이소요》는 예술과 과학 지식을 매개하고, 예술과 학술을 융합하는 창작을 지속해 온 이소요의 연구기반 예술을, <『조선식물도설 유독식물편』 , 주석>으로 선보인다. 직접 관찰과 채집을 통해 한반도 식물을 집대성하려던 도봉섭과 심학진이 남긴 『조선식물도설 유독식물편(朝鮮植物圖說 有毒植物編)』은 한반도 식물지(植物誌) 편찬으로 가는 하나의 과정이었고, 당대와 후대의 여러 연구자들이 함께 만들어가는 미완의 지식이다. 이소요는 예술가의 연구로 동참하여 이 책에 담긴 식물지식 전파와 이동, 그리고 책 밖에 실재하는 식생대 형성을 수년간 탐구해왔고, 채집한 식물과 연구자료를 보존물과 드로잉으로 가공한 설치미술 작품으로 구현하여 시각적 주석을 덧붙인다. 이를 통해 문헌 분석과 현장 조사를 수행하며 지식의 생성과 흐름을 탐구하는 이소요의 연구기반 예술이 촘촘히 드러난다. 《꽃 시계―안나 리들러》는 기술·자연·예술이 교차하는 비판적 시각과 감각적 아름다움의 접점을 탐색하며, 인공지능 데이터 세트를 활용한 창작이라는 새로운 예술 실천으로 주목받는 안나 리들러의 연구기반 창작 세계를 조명한다. 이번 전시에 소개되는 작품들은 18세기 생물학자 칼 린네의 ‘꽃의 시계’ 개념에서 영감을 받은 것으로, 24시간 혹은 1년이라는 인간이 구축한 시간의 흐름을 하루 중 특정 시각에 피고 지는 꽃들의 생리적 리듬으로 시각화한 작업이다. 인간 외 존재가 시간을 인식하고 유지하는 방식인 ‘비인간적 시간성’과 인간의 시계 시간 간의 관계를 탐구하는 이 연작은, 세상을 이해하는 또 다른 방식을 모색하며 디지털 시대의 자연성과 인간성, 감각과 인식의 의미를 재고하는 예술가이자 연구자로서 안나 리들러의 면모를 펼쳐 보인다. 해당 공연·전시 프로그램은 주최자·공연자 등의 사정에 따라 변경될 수 있습니다. 1688-2220","=GOOGLETRANSLATE(A223, ""ko"", ""en"")"
"⟪도파민 하이프⟫는 현대 사회에서 도파민이 만들어내는 쾌락, 중독, 무감각, 그리고 선택의 문제를 예술과 과학의 협업을 통해 탐구한다. 정소영 작가와 장재선 과학자는 뇌의 예측 과정과 도파민 순환이 욕망과 자유의지에 어떤 영향을 미치는지 설치적으로 제시한다. 업체eobchae와 최상국 과학자는 기술·전쟁·신경계 둔감화의 연결을 드러내며 도파민 중독의 사회적 파급을 경고한다. 무진형제는 재난과 쾌감 사이의 감정적 진폭을 도파민의 이중성으로 해석하고, 다페르튜토 스튜디오는 ‘중독’을 질병이 아닌 하나의 장치로 바라보며 신체를 빗대어 연극적 형식으로 구현한다. 본 전시는 예술과 과학의 융합을 통한 새로운 통찰을 보여주며, 도파민이 인간 행동과 사회 전반을 어떻게 재구성하는지 다층적으로 조명한다. 해당 공연·전시 프로그램은 주최자·공연자 등의 사정에 따라 변경될 수 있습니다. 1688-2220","=GOOGLETRANSLATE(A224, ""ko"", ""en"")"
김희수 아트센터,"=GOOGLETRANSLATE(A225, ""ko"", ""en"")"
054-777-5823,"=GOOGLETRANSLATE(A226, ""ko"", ""en"")"
"이번 전시는 김창열미술관의 소장품 중 입체 작업을 중심으로 구성한 ‘물방울의 방’ 시리즈의 세 번째이다. 제1전시실부터 복도 등 여러 장소를 활용하여 그동안 공개된 작업과 공개되지 않았던 작품들을 통해 평면과 입체의 경계를 넘나든 여정을 조망한다. 김창열이 입체에 관심을 두기 시작한 것은 1980년대부터이다. 회화작업을 위해 캔버스, 나무판, 종이, 신문지 등 다양한 매체를 시도하던 그는 1986년, 물을 채운 두 개의 원형 유리구를 방석 위에 배치한 작품을 선보이며 입체 작업의 가능성을 탐색했다. 이후 잠시 중단되었던 입체 실험은 1990년대에 다시 본격화된다. 김창열은 “2차원의 그림 속에는 넘을 수 없는 한계가 있다”는 깨달음과 함께, 물방울 형태의 유리를 제작해 천자문이 새겨진 상자 속에 넣거나 모래 피라미드 위에 설치하며 공간적 확장을 시도했다. 이번 전시에서는 김창열의 입체 및 설치 작업을 아카이빙한 영상 또한 함께 공개된다. 처음으로 ‘물방울 화가’ 김창열이 2차원을 넘어 3차원으로 나아갔던 예술적 여정을 확인할 수 있는 기회이다. 해당 공연·전시 프로그램은 주최자·공연자 등의 사정에 따라 변경될 수 있습니다. 1688-2220","=GOOGLETRANSLATE(A227, ""ko"", ""en"")"
"어른 2,000원 / 청소년,군인 1,000원 / 어린이 500원","=GOOGLETRANSLATE(A228, ""ko"", ""en"")"
064-710-4150,"=GOOGLETRANSLATE(A229, ""ko"", ""en"")"
"성인 1,000원 / 청소년 700원 / 군인 500원","=GOOGLETRANSLATE(A230, ""ko"", ""en"")"
032-746-9901,"=GOOGLETRANSLATE(A231, ""ko"", ""en"")"
"자세한 정보는 '바로가기' 링크를 통해 확인하시기 바랍니다.○ 전 시 명 : <前後의 시선: 동강사진박물관 20년 특별전> ○ 전시장소 : 동강사진박물관 제1, 2전시실 ○ 전시기간 : 2025. 10. 24. ~ 2026. 4. 12. ○ 전시작가 : 강홍구, 구본창, 김옥선, 민병헌, 박영숙, 원성원, 윤정미, 윤주영, 전몽각, 홍순태, 황규태 (가나다순) 해당 공연·전시 프로그램은 주최자·공연자 등의 사정에 따라 변경될 수 있습니다. 1688-2220","=GOOGLETRANSLATE(A232, ""ko"", ""en"")"
"어른 2,000원 / 청소년·군인 1,500원 / 어린이 1,000원","=GOOGLETRANSLATE(A233, ""ko"", ""en"")"
동강사진박물관 033-375-4554,"=GOOGLETRANSLATE(A234, ""ko"", ""en"")"
"뛰어난 작품을 불후의 명작이라고 부른다. 이때 불후(不朽)는 썩지 아니함이라는 뜻을 갖고 있다. 훌륭한 작품이란 곧 변하지 않을 혹은 변해서는 안 될 작품이라면, 굳이 변하고 사라질 작품을 만드는 이유는 무엇일까? «소멸의 시학: 삭는 미술에 대하여»는 언젠가 썩어갈 운명을 시인하는 작품, 차라리 무엇도 남기지 않기로 마음먹은 작품, 자신의 분해를 공연히 상연하는 작품을 '삭는 미술'이라는 이름으로 묶어 소개한다. 오늘날 폭발적으로 분출한 인간중심주의에 대한 비판과 첨단의 자본주의, 기술만능주의에 대한 반발과 함께 변화하고 있는 작품의 양상을 살펴보고, 그로부터 당면한 위기를 헤쳐갈 지혜를 구하기 위해서다. '삭다'라는 우리말에는 '썩은 것처럼 되다', '생기를 잃다'와 더불어 '소화되다', '발효되어 맛이 들다'라는 의미가 담겨 있다. 이 단어는 오늘날 작품의 변화를 해석하는 데 유효한 통로를 제공한다. 썩는다는 표현에 담긴 부정적 함의를 넘어 에너지의 하강과 상승을 모두 포괄하고, 발효와 같이 인간이 아닌 존재와 협력하여 이루는 질적 고양을 떠올리게 한다는 점에서다. 창조하는 인간의 증거로서 '작품'이 삭아갈 때 무슨 일이 일어날까? '작품'이 허물어진 곳에 풀이 자라고 바람이 불고 보이지 않는 생명이 움직이기 시작한다면 그것을 다시 '작품'이라고 불러도 될까? 그때 그 '작품'은 누구의 것일까? 불후의 명작들의 수장고로서 미술관은 위대한 작품들의 가치를 변함없이 지키는 데 헌신해왔다. 삭는 미술은 묻는다. 인간을 넘어 다양한 존재와 함께 살아가기 위해 자신을 삭히기로 마음먹은 작품을 받아들일 준비가 되어 있느냐고. 수상한 계절이 이어지는 오늘, 더 잘 보존하기보다 더 잘 분해하는 법을 고민해야 할 때임을 인정할 수 있겠냐고. 해당 공연·전시 프로그램은 주최자·공연자 등의 사정에 따라 변경될 수 있습니다. 1688-2220","=GOOGLETRANSLATE(A235, ""ko"", ""en"")"
미정 [홈페이지 참고],"=GOOGLETRANSLATE(A236, ""ko"", ""en"")"
국립현대미술관 서울관 02-3701-9500,"=GOOGLETRANSLATE(A237, ""ko"", ""en"")"
"2025년 성북선잠박물관 기획특별전 <空과 時, 그 안의 人 - 조선시대 선잠제와 친잠례를 바라보다.> 2025. 11. 25.(화) ~ 2026. 6. 28.(일) 성북선잠박물관 3층 기획전시실 해당 공연·전시 프로그램은 주최자·공연자 등의 사정에 따라 변경될 수 있습니다. 1688-2220","=GOOGLETRANSLATE(A238, ""ko"", ""en"")"
성북선잠박물관 02-744-0025,"=GOOGLETRANSLATE(A239, ""ko"", ""en"")"
"도시의 성장 신화가 끝난 지금, 우리는 ‘축소’를 새로운 언어로 읽어야 합니다. 전시는 인구감소, 지역소멸, 1인 가구, 고령화, 돌봄의 재편 등 오늘의 도시 현실 속에서 ""축소지향적 공간""이라는 건축·도시 전략을 제안합니다. 주거는 개인의 독립성과 공동체의 연대를 함께 담는 최소 단위로, 거리는 돌봄이 닿는 범위로, 건축은 감당 가능한 규모와 순환 가능한 자원으로 재구성됩니다. ‘축소’는 쇠퇴가 아니라 지속가능한 삶의 규모를 탐색하는 과정입니다. 덜어냄으로써 더 많은 관계와 돌봄을 품는 도시, 《2025 부산현대미술관 플랫폼_나의 집이 나》는 바로 그 ‘적절한 도시’의 가능성을 탐구합니다. 해당 공연·전시 프로그램은 주최자·공연자 등의 사정에 따라 변경될 수 있습니다. 1688-2220","=GOOGLETRANSLATE(A240, ""ko"", ""en"")"
부산현대미술관 051-220-7400~1,"=GOOGLETRANSLATE(A241, ""ko"", ""en"")"
"글자는 무엇으로, 어디에 쓰느냐에 따라 재료의 고유한 물성이 흔적을 남긴다. 또한 누가 쓰느냐에 따라 몸과 마음의 움직임이 글씨체라는 고유한 형태로 드러난다. 이 모든 것들이 ‘글자의 질감’을 만든다. 제5회 한글실험프로젝트 <글(자)감(각): 쓰기와 도구>는 ‘쓰기-도구-행위’로 이어지는 과정 속에서 쓰기와 도구의 관계를 다각도로 살펴본다. 이번 전시는 도구를 감각으로 전환하여 신체, 기능, 물성의 경계를 넘나드는 실험적 시도이다. 더 나아가 인공지능(AI)과 같은 새로운 도구가 우리의 쓰기 방식을 어떻게 변화시킬지에 대한 질문을 제시한다. 쓰기는 글자의 조형적 규칙을 만들어내는 시작점이자 자기 발견과 자기 이해를 향한 인간의 근본적인 충동을 기록하는 과정이다. 이러한 기록 과정에서 사용되는 도구는 붓, 펜, 디지털 스타일러스 등 쓰기를 가능하게 하는 물리적 매개체와 기록이 되는 모든 매체를 포함한다. 쓰기를 통해 만들어지는 글자의 형태, 크기, 배열, 여백 등에 담긴 시각적 요소는 읽기를 통해 총체적인 감각으로 전해진다. 도구가 가진 물성은 글자의 질감과 조형에 직접적인 영향을 미친다. 23팀의 작가와 디자이너는 저마다의 도구로 흔적을 남기고, 쓰기의 의미와 감각을 찾고자했다. 이번 전시는 한글이 지닌 문자적 질감과 언어적, 디자인적 가치를 새롭게 발견하는 일에 집중한다. 해당 공연·전시 프로그램은 주최자·공연자 등의 사정에 따라 변경될 수 있습니다. 1688-2220","=GOOGLETRANSLATE(A242, ""ko"", ""en"")"
국립한글박물관 hangeul@korea.kr,"=GOOGLETRANSLATE(A243, ""ko"", ""en"")"
"국립춘천박물관은 상설전시실 브랜드 2 ‘강원의 불교미술, 깨달음을 찾는 길’을 신설합니다. 강원의 청정한 자연은 괴로움을 씻어내고 깨달음을 구하는 불교 수행에 적합합니다. 372년 고구려에서 불교를 수용한 이래 전국에 불교 건축물과 미술품이 제작되었습니다. 강원 지역 불교 관련 가장 이른 기록은 신라와 관련이 있습니다. 신라시대의 유명한 승려들이 금강산, 오대산, 낙산사 등에 행적을 남겼습니다. 통일신라의 경주와 인근 지역 다음으로 강원에서 불교문화가 융성했습니다. 고려시대에는 원주를 중심으로 규모가 큰 사찰들이 건립되었습니다. 원주의 철과 돌로 만든 큰 불상, 금강산의 티베트 불교 양식 보살상으로 강원 불교미술의 다양한 양상을 확인할 수 있습니다. 월정사, 유점사 등 지역의 중심 사찰들은 조선시대에도 명맥을 유지했습니다. 이러한 불교미술의 자취를 강원 곳곳과 박물관에서 만날 수 있습니다. 새롭게 조성된 이 전시실에서는 불교의식구와 불교조각으로 ‘깨달은 자’ 부처가 무엇을 깨달았고, 이를 어떻게 실천하며, 깨달음의 세계는 어떠한지를 깊이 탐색하고자 합니다. 깨달음을 향해 나아가며 고통과 마주하고 궁극적으로 괴로움이 없는 평온한 시간에 이르길 바랍니다. 해당 공연·전시 프로그램은 주최자·공연자 등의 사정에 따라 변경될 수 있습니다. 1688-2220","=GOOGLETRANSLATE(A244, ""ko"", ""en"")"
"《길 위의 노마드》는 《몬순으로 열린 세계》에 이어 새롭게 선보이는 ACC 아시아문화박물관의 두 번째 상설전시입니다. 이번 전시는 중앙아시아를 오간 카라반(대상 무역단)의 발자취를 따라 초원과 오아시스 도시에서 꽃피운 문화유산을 소개합니다. 전시의 주인공은 두 종류의 '노마드'입니다. 하나는 카라반사라이(상인들의 숙소)와 바자르(시장)를 오가며 교류의 흔적을 남긴 이동 상인이고, 다른 하나는 자연의 리듬에 따라 이동하며 흔적을 최소화하고 살아온 초원의 유목민입니다. 이들의 움직임은 켜켜이 쌓여 실크로드가 되었습니다 실크로드는 하나의 길이 아니라 수많은 발걸음과 떠남, 머무름의 흔적이 만든 여러 갈래의 길이었습니다. 전시에서는 정교한 세밀화와 도자기, 화려한 직물과 카펫, 유목민의 말 장식과 유르트 등, 중앙아시아의 이동과 교류의 유산을 만나볼 수 있습니다. 길은 여전히 우리의 발걸음에서 이어지고 있습니다. 길 위에 새겨진 시간의 흔적, 도시를 오가는 사람들의 이야기 속으로 여러분을 초대합니다. 해당 공연·전시 프로그램은 주최자·공연자 등의 사정에 따라 변경될 수 있습니다. 1688-2220","=GOOGLETRANSLATE(A245, ""ko"", ""en"")"
"- 전 시 명: 사상, 맛의 기억 - 전시기간: 2025. 11. 18. ~ 2026. 3. 30. - 전시장소: 사상생활사박물관 3층 전시실 - 전시주제: 70, 80년대 사상지역에서 성행했던 음식점을 통해 알아보는 음식 문화사 - 전시내용: 사상을 대표할 수 있는 음식 메뉴, 당시 사람들의 먹거리, 노포의 음식들과 이야기 해당 공연·전시 프로그램은 주최자·공연자 등의 사정에 따라 변경될 수 있습니다. 1688-2220","=GOOGLETRANSLATE(A246, ""ko"", ""en"")"
사상생활사박물관 051-310-5136~8,"=GOOGLETRANSLATE(A247, ""ko"", ""en"")"
"신상호(1947~)는 1960년대부터 사회와 미술의 변화에 호응하며 흙을 매체로 한 독자적인 예술 세계를 구축해 왔다. 그는 다양한 도자 형식과 이를 뒷받침하는 탁월한 기술력으로 한국 현대 도예를 이끌어 온 대표 작가이다. 1960년대 경기도 이천에서 장작가마를 운영하며 전통 도자 제작으로 도예의 길에 들어선 그는, 이후 시대의 변화와 내면의 예술적 탐구심에 따라 도자의 경계를 확장하며 흙의 세계를 다채롭게 펼쳐왔다. 전시 제목 «신상호: 무한변주»는 작가가 한국 도자의 전통적 형식과 의미를 해체하면서 동시에 새로운 질서를 세워온 끊임없는 여정을 상징한다. 신상호는 산업 고도화 시대 속에서 민족적 가치가 강조되던 시기, 전통 도자를 제작하며 장인이자 산업 역군으로서 정체성을 모색했고, 1988년 서울올림픽을 전후한 국제화의 물결 속에서 도예의 전통적 규범을 과감히 넘어서며 도자 조각이라는 새로운 장르를 개척하였다. 이후 21세기 다변화와 혼성의 시대를 맞아 도자 설치와 건축 도자 작업을 통해 미술과 건축의 경계를 넘나드는 개방적이고도 융합적인 시도를 이어갔다. 나아가 2020년대에 이르러서는, 오랜 시간 탐구해 온 흙을 다시금 전복적으로 사유하며 도자 회화를 선보였다. 그는 국내 현대 도예의 지평을 확장하고, 예술가로서 자유주의적 태도와 실험 정신을 견지하며 끊임없는 도전의 궤도를 그려왔다. 이번 전시는 시대적 전개에 따라 총 5부로 구성되며, 전통 도자에서 도자 조각, 건축 도자, 타 매체와 결합한 오브제, 그리고 도자 회화에 이르기까지 작가의 폭넓은 창작 스펙트럼을 소개한다. 해당 공연·전시 프로그램은 주최자·공연자 등의 사정에 따라 변경될 수 있습니다. 1688-2220","=GOOGLETRANSLATE(A248, ""ko"", ""en"")"
"과천관 전시관람권 3,000원","=GOOGLETRANSLATE(A249, ""ko"", ""en"")"
국립현대미술관 과천관 02-2188-6000,"=GOOGLETRANSLATE(A250, ""ko"", ""en"")"
"제8회 백남준 예술상 수상작가전 《조안 조나스: 인간 너머의 세계》는 국내 미술관에서 최초로 열리는 조안 조나스(Joan Jonas, 1936-, 미국)의 개인전이다. 조안 조나스는 1960년대부터 현재까지 50여 년간 비디오, 퍼포먼스, 드로잉 등 다양한 매체를 넘나들며 작가만의 장르를 개척해 온 세계적인 아티스트다. 퍼포먼스, 비디오부터 개념미술과 연극에 이르기까지 그의 실험적 작품은 현대 예술의 다양한 장르적 결합과 확장에 중요한 영향을 미쳤다. 이번 전시는 자연과 인간 신체의 상호작용을 실험하는 초기 대표작 〈바람(Wind)〉(1968)부터 조각, 비디오, 드로잉을 결합하여 부재와 상실의 감각을 시각화한 〈빈 방(Empty Rooms)〉(2025)까지 그의 전 생애에 걸친 창작 궤적에 따라 구성하였다. 전시의 첫 번째 장은 1960, 70년대 뉴욕 사회와 아티스트 커뮤니티를 기반으로 전개한 작품들을 통해 퍼포먼스와 비디오 장르의 선구자로서 조안 조나스의 역할을 조명한다. 두 번째 장은 1980년대부터 본격적으로 인간중심 서사를 벗어나 신화와 문학을 토대로 새로운 생태적 내러티브를 구축한 작가의 실험에 주목한다. 세 번째 장에서는 작가의 최신작을 선보이는 가운데, 1960년대 초부터 2025년 최근까지 반복적으로 등장하는 시각 요소들이 어떻게 변주하고 확장하는지, 그리고 동시대 쟁점들에 대한 작가의 시선을 보여주는 데 역점을 둔다. 조안 조나스의 이번 개인전은 ""인류평화에 기여하고 미술사적 족적을 남긴 예술가""에 수여하는 백남준 예술상의 의미를 환기하며, ""인간 너머의 세계""에 대한 성찰의 시간을 제공할 것이다. 해당 공연·전시 프로그램은 주최자·공연자 등의 사정에 따라 변경될 수 있습니다. 1688-2220","=GOOGLETRANSLATE(A251, ""ko"", ""en"")"
백남준아트센터 ys@njpartcenter.kr / 031-201-8596,"=GOOGLETRANSLATE(A252, ""ko"", ""en"")"
"박물관은 수천 년을 이어 온 인류의 유산이 오늘의 우리와 만나는 공간입니다. 그 만남의 뒤편엔 시간의 흔적을 어루만지며 과거와 현재 그리고 미래를 이어 주는 ‘보존과학’이 있습니다. 국립중앙박물관 보존과학의 역사는 1976년에 처음 시작되었습니다. 깨진 토기 조각, 부러진 금동불상 조각을 붙이기 위해 이쑤시개 하나로 이물질을 제거하고 접착제를 바르던 열악한 환경에서 출발했지만, 이제는 재질과 제작기법 그리고 현재 상태를 과학적으로 진단, 가장 적절한 보존 방식을 찾아가는 전문 분야로 발전했습니다. 지금의 보존과학은 디지털과 인공지능(AI)이라는 새로운 기술과 맞닿아 있습니다. 지난 50여 년간 쌓아 온 보존 처리 기술과 3D 스캔, 고해상도 이미지와 분석 자료 등을 디지털 자료로 전환하고 인공지능을 접목해 박물관 보존과학의 새로운 미래를 열어 나가고자 합니다. 보존과학은 단지 옛 인류의 유산을 ‘오래’ 남기는 데 그치지 않고 그 속에 담긴 삶의 흔적과 지혜를 밝혀 미래 세대로 이어 가는 과학입니다. 과거와 현재 그리고 미래 세대를 위해 우리 문화유산을 지켜 내는 길, 그 중심에 국립중앙박물관 보존과학이 있습니다. 해당 공연·전시 프로그램은 주최자·공연자 등의 사정에 따라 변경될 수 있습니다. 1688-2220","=GOOGLETRANSLATE(A253, ""ko"", ""en"")"
"서울생활사박물관은 급격하게 변화하는 현대 서울 사람들의 생활상을 기억하고 기록하여 시민 여러분과 함께 나누는 전시회를 매년 개최하고 있습니다. 특히 결혼, 출생, 육아, 교육 등 생애주기별로 서울 사람들의 삶이 시대에 따라 어떻게 변해왔는지 소개하는 전시를 순차적으로 진행하고 있습니다. 이번에는 서울 시민의 임신 및 출생 문화의 변화를 주제로 기획전시 《아가 마중》을 준비하였습니다. 광복의 기쁨과 전쟁의 참혹함을 지나 맞이한 1950년대부터 오늘날까지 서울 시민들의 임신 및 출생 문화는 어떻게 변화했을까요? 故 박완서 작가의 그림책 『아가 마중』에서 영감을 받은 이번 전시는 서울 사람들이 일상 속에서 새 생명을 기다리고 맞이하는 순간들을 따뜻한 시선으로 조명하고자 하였습니다. 해당 공연·전시 프로그램은 주최자·공연자 등의 사정에 따라 변경될 수 있습니다. 1688-2220","=GOOGLETRANSLATE(A254, ""ko"", ""en"")"
서울생활사박물관 02-3399-2900,"=GOOGLETRANSLATE(A255, ""ko"", ""en"")"
"경기생활도자미술관 하반기 기획전 《다음 도예: 세대, 탐색, 확장》은 도자의 미래를 열어갈 새로운 세대의 감각과 시도를 조명하고자 합니다. 전시는 1980~1990년대생 작가 7인의 작업을 소개합니다. 이들은 달항아리 조형성, 분청 제작기법과 같은 전통적 요소부터 화려한 유약의 표현, 3D 모델링과 캐스팅 등 현대적 제작 방식까지 폭넓게 활용합니다. 이를 통해 도자의 지평이 어떻게 확장되고 있는지를 탐색합니다. 「다음 도예」는 단순히 차세대 작가의 작업을 소개하는 것을 넘어, 세대 간 전승과 실험을 통해 도자 예술이 지닌 무한한 가능성을 드러내는 장이 될 것입니다. 이번 전시는 앞서 진행된 서울옥션 × 한국도자재단 기획 경매·전시 프로젝트와 맞닿아 있습니다. 공공과 민간의 협력을 통해 미술관과 시장이라는 두 무대 위에서 도자의 다층적 가능성을 실험한 경험은, 곧 재단이 추구하는 공공적 플랫폼으로서의 역할을 더욱 선명히 보여주었습니다. 한국도자재단은 본 전시를 통해 작가들에게는 새로운 관객과의 만남을, 관람객에게는 동시대 도자 예술을 직관적으로 체험할 수 있는 기회를 제공합니다. 「다음 도예」라는 이름 아래, 우리는 세대를 잇고 전통을 확장하며 미래로 이어지는 도자의 새로운 길을 열고자 합니다. 해당 공연·전시 프로그램은 주최자·공연자 등의 사정에 따라 변경될 수 있습니다. 1688-2220","=GOOGLETRANSLATE(A256, ""ko"", ""en"")"
"031-887-8250, 031-887-8251","=GOOGLETRANSLATE(A257, ""ko"", ""en"")"
"‘공감천안’ 두 번째 이야기, ‘격세지감(隔世之感)’. 시간의 흐름 속에서 달라진 천안의 풍경과 시민의 삶을 통해 과거와 현재가 만나는 공감의 장을 펼친다. 해당 공연·전시 프로그램은 주최자·공연자 등의 사정에 따라 변경될 수 있습니다. 1688-2220","=GOOGLETRANSLATE(A258, ""ko"", ""en"")"
천안박물관 041-521-2891~2,"=GOOGLETRANSLATE(A259, ""ko"", ""en"")"
"'바나나 씨앗이 어디갔지?' 한 편의 동화 속에서 예술을 체험하다! 서울 소마미술관에서 5만명의 가족 관람객이 방문했던 <푸룻푸룻프렌즈 : 빠씨를 찾아서>가 부산에서 바나나씨앗을 찾는 모험이 다시 시작됩니다. 우리 아이들의 상상력과 창의성을 마구마구 일깨워주는 현대미술가와 푸룻푸룻아트LAB팀이 만든 12개의 오리지널 체험 컨텐츠! 과일 동물 푸룻푸룻프렌즈들을 만나고 함께 빠씨를 찾아 바나나 아일랜드로 가는 동화 같은 스토리 속에서 숨어 있는 예술적 요소를 아이들의 시각과 촉각의 특별한 경험을 하게 됩니다. 아난티로 떠나는 우리가족 첫 나들이, 푸룻푸룻프렌즈와 함께 빠씨를 찾아보세요! 해당 공연·전시 프로그램은 주최자·공연자 등의 사정에 따라 변경될 수 있습니다. 1688-2220","=GOOGLETRANSLATE(A260, ""ko"", ""en"")"
"일반 16,000원 / 청소년 14,000 / 어린이 13,000원 / 24개월 미만 무료","=GOOGLETRANSLATE(A261, ""ko"", ""en"")"
02-766-9881,"=GOOGLETRANSLATE(A262, ""ko"", ""en"")"
"국립민속박물관 파주는 보존과학 전시 《만인산: 보존과 해체의 기록》을 개최합니다. 만인산(萬人傘)은 일산(日傘)의 일종으로, 어진 정치를 한 수령이 마을을 떠날 때 고을 백성이 감사의 마음을 담아 선물한 기념품이라 할 수 있습니다. 국립민속박물관은 총 5점의 만인산을 소장하고 있는데, 2006년 전시를 위한 보존처리를 시작으로 2024년까지 5점의 보존처리를 모두 완료했습니다. 이번 전시에서는 2점의 만인산을 소개하는데, 특히 관서병마절도사(關西兵馬節度使) 이종승(李鍾承, 1828~?)의 만인산을 보존처리 완료 후 최초로 공개하는 자리를 마련했습니다. 만인산의 보존처리 과정을 통해 문화유산 보존이 갖는 의미를 생각하는 시간이 되시길 바랍니다. 해당 공연·전시 프로그램은 주최자·공연자 등의 사정에 따라 변경될 수 있습니다. 1688-2220","=GOOGLETRANSLATE(A263, ""ko"", ""en"")"
국립민속박물관 파주관 031-580-5800~1,"=GOOGLETRANSLATE(A264, ""ko"", ""en"")"
블링블링 캐치! 티니핑 심포니,"=GOOGLETRANSLATE(A265, ""ko"", ""en"")"
"R석 88,000원
S석 77,000원
A석 66,000원
시야방해R 77,000원
시야방해S 66,000원","=GOOGLETRANSLATE(A266, ""ko"", ""en"")"
(재)부산문화회관 051-607-6057,"=GOOGLETRANSLATE(A267, ""ko"", ""en"")"
"여주 혜목산에는 오랫동안 사찰 터로 추정되는 흔적이 있었습니다. 남아있는 건물지의 기단석과 승탑 부재만이 예전의 흔적을 보여줄 뿐, 그곳의 정체를 명확히 알 수는 없었습니다. 여주시는 국가유산청과 함께 (재)불교문화유산연구소에 의뢰하여 2020년부터 5년간 발굴조사를 진행하였습니다. 그 결과, 이 사찰 터는 통일신라 말에 현욱선사가 머물렀고 이후 조선 후기까지 운영되었던 ‘상원사’였음이 밝혀졌습니다. 여주박물관은 상원사지 발굴조사에서 확인된 유구와 유물을 통해 상원사의 모습을 살펴보고자 「여주 상원사, 흙 속에서 깨어나다」 특별기획전을 개최합니다. 발굴조사 모습과 기와, 청자, 백자 등 유물로 잊혀졌던 상원사의 풍경을 우리에게 보여줄 것입니다. 긴 세월 흙 속에 잠들어 있다 마침내 깨어난 상원사. 오래된 타임캡슐을 개봉하듯 설레는 마음으로 준비한 상원사의 이야기에 함께 귀 기울여 주시기 바랍니다. 해당 공연·전시 프로그램은 주최자·공연자 등의 사정에 따라 변경될 수 있습니다. 1688-2220","=GOOGLETRANSLATE(A268, ""ko"", ""en"")"
여주박물관 031-887-3583~4,"=GOOGLETRANSLATE(A269, ""ko"", ""en"")"
통영시립박물관 055-646-8371,"=GOOGLETRANSLATE(A270, ""ko"", ""en"")"
"《뉴-미디어의 재해-석》 오늘날 ‘인공지능(AI)’은 단순한 도구를 넘어 일상뿐만 아니라 예술을 재편하는 매개로 작동한다. 멀티모달 처리, 상호작용성, 딥러닝 등의 기술은 감각의 방식을 바꾸고, 창작과 수용의 구조를 근본적으로 흔들고 있다. 예술은 더 이상 고정된 결과물이 아니라, AI가 만든 새로운 조건 속에서 다시 작동하기 시작한다. 1960년대 미디어 이론가 마셜 맥루한은 “미디어는 메시지다”라는 주장으로, 미디어를 인간 감각과 사회 구조를 새롭게 구성하는 환경으로 보았다. 라디오와 전화, 인터넷을 거쳐 오늘날의 AI는 이 논리를 가장 첨예하게 드러내는 새로운 미디어로 등장했다. 전시 《뉴-미디어의 재해-석》은 바로 이 지점을 탐구한다. 여기서 ‘재해(災害)’는 기존 질서에 대한 균열과 충격을, ‘재해석(再解釋)’은 그 틈에서 발견되는 새로운 가능성(환경)을 의미한다. 이번 전시는 네 점의 작품을 통해 이러한 전환의 장면을 드러낸다. 《뉴 월드? II》는 NFT의 실시간 데이터를 파도의 이미지로 시각화하며 기술의 비가시적 흐름과 환경적 함의를 드러낸다. 《일렉트릭 드림》은 AI 이미지와 관람객의 상호작용을 통해 기억과 정체성의 경계를 탐색한다. 《루덴스토피아》는 현실 공간과 유희 공간을 AI가 재해석해 제3의 상상 공간으로 재구성한다. 《모든 것이 연결되어 있다》는 생태계와 역사 데이터를 통해 기술과 자연, 인간의 관계를 재사유한다. 이 환경에서 작가는 결론을 제시하는 존재가 아니라 질문의 조건을 설계하는 존재로 바뀌고, 관람자는 그 질문에 반응하며 새로운 감각적 주체로 자리한다. 《뉴-미디어의 재해-석》은 이러한 감각과 해석의 변화를 점검하며, 오늘날 예술이 새롭게 작동하는 방식을 탐구한다. 해당 공연·전시 프로그램은 주최자·공연자 등의 사정에 따라 변경될 수 있습니다. 1688-2220","=GOOGLETRANSLATE(A271, ""ko"", ""en"")"
02-3407-6541,"=GOOGLETRANSLATE(A272, ""ko"", ""en"")"
"[연기] [함축] 일월과 연화, 그리고 염원 =김민, [적연명] [석가여래 상주 설법탑] [다보여래 상주 증명탑] [관음염화] [충담] 투명과 탑파, 그리고 응시 =박선민, [시간의 연결성: 유리서] [전아] 통격과 화해, 그리고 회통 -송천, [만파식적] [바이올린] [생사] [관세음보살] [성모마리아] [수월관음도] [웅혼] 미소와 문향, 그리고 웅혼 -박대성, [코리아 판타지] [반가사유상] [난] [여적] 다시_사람됨을 찾아서 해당 공연·전시 프로그램은 주최자·공연자 등의 사정에 따라 변경될 수 있습니다. 1688-2220","=GOOGLETRANSLATE(A273, ""ko"", ""en"")"
"대인 12,000원 / 소인 10,000원","=GOOGLETRANSLATE(A274, ""ko"", ""en"")"
054-740-3990,"=GOOGLETRANSLATE(A275, ""ko"", ""en"")"
"전시 제목 『안녕, 금성당』은 오랜 세월을 떠돌다 돌아온 유물에 건네는 따뜻한 인사이자, 앞으로도 금성당이 지역사회와 함께 평안히 이어지기를 바라는 의미를 담고 있습니다. 서울 은평구 진관동에 자리한 금성당은 조선 후기 왕실과 민간이 함께 제의를 올리던 국가민속문화유산으로, 금성대왕과 금성대군을 주신으로 모시고 굿을 행하던 장소입니다. 은평뉴타운 개발 당시 금성당 건물은 보존되었으나 내부 유물은 서울역사박물관으로 기탁되었다가 2024년 가을, 기증을 통해 은평역사한옥박물관으로 돌아왔습니다. 전시는 ‘바라다–행하다–나누다’라는 세 가지 주제로 구성됩니다. 이번 전시를 통해 오해와 무관심 속에서 외면 받았던 무속의 참된 의미를 되새기고, 오랜 세월을 돌아 제자리로 돌아온 유물들과 다시 인연을 이어가는 뜻깊은 자리가 되길 바랍니다. 해당 공연·전시 프로그램은 주최자·공연자 등의 사정에 따라 변경될 수 있습니다. 1688-2220","=GOOGLETRANSLATE(A276, ""ko"", ""en"")"
은평역사한옥박물관 02-351-8533,"=GOOGLETRANSLATE(A277, ""ko"", ""en"")"
"기후 위기 속에서 한국의 사계절을 중심으로, 기후 변화 속에서 적응해가는 인간과 생존에 위협을 받는 동·식물들의 이야기 해당 공연·전시 프로그램은 주최자·공연자 등의 사정에 따라 변경될 수 있습니다. 1688-2220","=GOOGLETRANSLATE(A278, ""ko"", ""en"")"
서대문자연사박물관 02-330-8899,"=GOOGLETRANSLATE(A279, ""ko"", ""en"")"
"국립부여박물관은 개관 80주년을 기념하여 특별전 <80년, 함께 걸어온 기억의 순간>을 개최합니다. 국립부여박물관은 1945년 10월 13일 국립박물관 부여분관으로 개관하였고, 1971년 부소산의 부여 객사 뒤편에 건물을 신축하여 재개관하였으며, 1993년 8월 6일 금성산이 있는 현재의 위치로 이전하였습니다. 이번 특별전은 국립부여박물관의 역사를 일제강점기, 부소산 1기, 부소산 2기, 금성산 시기로 나누고 주요 내용을 체계적으로 전시하여 박물관이 걸어온 길을 시간의 흐름에 따라 이해하고 공감할 수 있도록 구성하였습니다. 1부 일제강점기는 재단법인 부여고적보존회, 조선총독부박물관 부여분관이 남긴 자료를 전시하여 당시의 부여에 대한 인식과 전시의 성격을 살펴보았습니다. 2부 부소산 1기는 홍사준 초대 관장과 직원들이 소장품 확보, 전시, 학술조사 등 여러 분야에서 박물관의 기틀을 닦기 위해 노력했던 이야기를 담았습니다. 3부 부소산 2기는 부소산 신관 건립 이후 활발해진 전시와 학술조사 활동을 소개하였으며, 당시의 상설전시를 재현한 키오스크 영상으로 이해를 도왔습니다. 오랜만에 부여에 돌아온 부여 송국리 유적 출토 요령식 동검과 청동 도끼 거푸집이 반갑게 관람객을 맞이합니다. 4부 금성산 시기는 백제금동대향로의 발굴·보존·전시 기록을 일목요연하게 정리하였고, 다양한 특별전을 개최하며 백제전문박물관으로 성장해 온 박물관의 모습을 살펴봅니다. 5부 내 삶 속의 박물관은 박물관과 인연을 맺은 사람들의 이야기를 담아, ‘박물관과 나’ 인터뷰 영상, ‘사진을 찾습니다’ 이벤트에 응모한 사진으로 꾸미는 참여형 전시로 구성하여 80주년의 의미를 더하였습니다. 개관 80주년을 기념하여 마련한 이번 특별전을 관람하면서 국립부여박물관 80년의 발자취를 추억하며, 새로운 80년을 함께해 주시기 바랍니다. 해당 공연·전시 프로그램은 주최자·공연자 등의 사정에 따라 변경될 수 있습니다. 1688-2220","=GOOGLETRANSLATE(A280, ""ko"", ""en"")"
041-833-8562,"=GOOGLETRANSLATE(A281, ""ko"", ""en"")"
"VIP석 170,000원, R석 140,000원, S석 110,000원, A석 80,000원","=GOOGLETRANSLATE(A282, ""ko"", ""en"")"
"<번지고 남아있는: 장욱진 먹그림>은 유화 중심으로 다루어졌던 장욱진 연구의 외연을 확장하고 소장품의 연구 기능을 강화하기 위해 기획되었다. 특히 이번 전시는 미술관 개관 10주년 기념 학술대회 <다시, 장욱진을 보다>의 연구 성과를 바탕으로 장욱진 먹그림의 가치를 새롭게 조명한다. 장욱진의 먹그림은 1980년 전후를 기점으로 다수 제작된 작업으로서 유화, 매직화와 더불어 장욱진의 예술세계를 대표하는 장르이다. 먹그림은 수묵화와 같이 먹과 종이를 재료로 사용하지만 전통 수묵화에 등장하는 상징적 소재를 내용적, 형식적으로 재해석했다는 점에서 차별성을 지닌다. 미술사가 최경현은 학술대회에서 “지필묵의 전통 재료를 사용했지만 작가가 서양화와 동양화를 이분법적으로 구분하고 싶지 않았기 때문에 새로운 장르임을 분명히 했다”고 평했는데, 이는 먹그림의 독창성을 잘 보여준다. 이번 전시는 장욱진의 먹그림을 민화, 불교, 일상이라는 세 가지 소재로 나누어 먹그림이 그의 예술세계 전반에 끼친 영향을 살펴본다. 이 세 가지 소재는 작품 속에서 반복적으로 등장하며 장욱진의 세계관을 이해하는 중요한 실마리를 제공한다. 그동안 공개되지 않았던 소장품을 포함해 약 40여 점의 작품을 선보이는 이번 전시에서는 먹그림이 지닌 미술사적 가치와 고유한 아름다움을 확인할 수 있을 것이다. 해당 공연·전시 프로그램은 주최자·공연자 등의 사정에 따라 변경될 수 있습니다. 1688-2220","=GOOGLETRANSLATE(A283, ""ko"", ""en"")"
031-8081-4251,"=GOOGLETRANSLATE(A284, ""ko"", ""en"")"
양평군립미술관 031-775-8515,"=GOOGLETRANSLATE(A285, ""ko"", ""en"")"
"전석 79,000원","=GOOGLETRANSLATE(A286, ""ko"", ""en"")"
1544-8855,"=GOOGLETRANSLATE(A287, ""ko"", ""en"")"
032-515-6471,"=GOOGLETRANSLATE(A288, ""ko"", ""en"")"
"중정 프로젝트 《우주목》 야외 전시는 고대 신화와 종교에 자주 등장하는 상징인 우주목(宇宙木)을 모티브로 삼았다. 다양한 문화권에서 이 개념이 공통적으로 등장하는 것은 인간이 자연과 우주의 구조를 이해하려는 방식의 공통된 표현이라고 볼 수 있다. 전시 주제인 “하늘과 땅의 연결”은 상징적으로 보이는 것과 보이지 않는 것을 잇는다. 또한 삶과 죽음, 시간과 기억, 인간과 우주의 경계를 건너는 시도이기도 하다. 공간 속에 선 이 나무는 눈에 보이는 오브제이자, 고유한 사유의 축이다. 우리는 그 나무 안에 있었고, 이미 그 뿌리에 기대고 있는지 모른다. 해당 공연·전시 프로그램은 주최자·공연자 등의 사정에 따라 변경될 수 있습니다. 1688-2220","=GOOGLETRANSLATE(A289, ""ko"", ""en"")"
064-710-4300,"=GOOGLETRANSLATE(A290, ""ko"", ""en"")"
"2025 국립대구박물관상설주제전 알록달록 동자상 무채색의 석조 동자상과 알록달록한 목조 동자상이 한자리에! 색과 형태의 대비 속에서 동자상의 복식과 의미를 살펴보고, 상상력을 더해 동자 모습을 표현해보세요. 또한, 동자상이 지닌 지물(持物)을 직접 꽂아보는 체험과 회화 속 동자의 모습을 찾아 그려보는 프로그램도 마련될 예정입니다. 해당 공연·전시 프로그램은 주최자·공연자 등의 사정에 따라 변경될 수 있습니다. 1688-2220","=GOOGLETRANSLATE(A291, ""ko"", ""en"")"
053-760-8580,"=GOOGLETRANSLATE(A292, ""ko"", ""en"")"
"짜장면박물관 입장권 성인 1,000원, 청소년700원, 군경500원, 어린이 및 만 65세이상 무료","=GOOGLETRANSLATE(A293, ""ko"", ""en"")"
(재)인천중구문화재단 공연전시팀 032-773-1779,"=GOOGLETRANSLATE(A294, ""ko"", ""en"")"
"국립해양생물자원관은 개관 10주년을 기념하여「날개 아래 바다 - 서천갯벌의 생명 이야기」를 씨큐리움 3층 기획전시실에서 전시하고 있습니다. 서천의 갯벌은 ‘한국의 갯벌(Getbol,Korean Tidal Flasts)’의 일부로 2021년 7월 26일 유네스코 세계자연유산으로 등재되었습니다. 이번 전시는 서천갯벌이 가진 탁월한 생태적 가치와 갯벌 보전의 중요성을 널리 알리기 위해 마련되었으며, 특히 멸종위기 철새들의 주요 기착지로서의 역할을 소개하고자 하였습니다. 전시내용은 유부도 갯벌영상을 시작으로 ▲한국의 갯벌 ▲서천 갯벌의 생물다양성▲ 서천갯벌의 물새 ▲서천갯벌과 인간으로 크게 4개의 주제로 구성하였습니다. 멸종위기종을 포함하여 50여 종의 다양한 물새 실물 표본들을 관람 할 수 있으며 갯벌 속에 사는 갯지렁이 등의 작은 생물들의 확대 모형도 관찰할 수 있습니다. 또한 갯벌에서 사진찍기와 퍼즐맞추기 등 관람객이 직접 체험 할 수 있는 공간도 마련하였습니다. 이번 전시로 서천갯벌이 미래 세대에게 물려줄 소중한 유산임을 다시 한번 느끼는 기회가 되길 바랍니다. 해당 공연·전시 프로그램은 주최자·공연자 등의 사정에 따라 변경될 수 있습니다. 1688-2220","=GOOGLETRANSLATE(A295, ""ko"", ""en"")"
"성인 3,000원 / 청소년 2,000원 / 어린이 1,000원","=GOOGLETRANSLATE(A296, ""ko"", ""en"")"
041-950-0710,"=GOOGLETRANSLATE(A297, ""ko"", ""en"")"
소장품은 한 시대의 예술과 역사의 흐름을 알 수 있는 미술관의 중요한 자산이다. 수집한 소장품을 공개하고 공유하는 것은 동시대 미술관의 중요한 역할이며 본질적인 기능과 깊게 연관된다. 미술관의 기원으로 여겨지는 16세기 유럽의 ‘호기심의 방’은 진귀하고 이국적인 수집품을 전시함으로써 보는 사람에게 새로운 경험과 지적 탐구를 제공한 공간이다. 근대 국민국가의 형성과 함께 공공성이 확대되며 개인의 소유물이었던 미술품이 대중에게 개방되고 점차 현대적인 뮤지엄으로 발전하였다. 이번 전시는 ‘호기심의 방’처럼 새로운 경험과 지적인 탐구를 할 수 있도록 국립현대미술관이 수집한 국제미술 소장품 중 엄선한 40여 점의 작품을 소개하는 상설 전시다. 특히 지난 2021년 이건희컬렉션 수증을 통해 미술관에 소장된 19세기 유럽의 미술뿐만 아니라 현대미술의 경계를 넓힌 다양한 해외 미술 작품을 살펴볼 수 있다. 전시의 제목으로 사용한 ‘수련과 샹들리에’라는 상호 이질적인 단어는 19세기 인상주의를 대표하는 빛의 화가 클로드 모네의 작품 ？수련이 있는 연못？(1917-1920)과 동시대 활발히 활동하는 세계적인 예술가 아이 웨이웨이의 작품 ？검은 샹들리에？(2017-2021)의 제목을 조합한 것이다. 자연을 의미하는 ‘수련’과 인공적 사물 ‘샹들리에’ 사이에 ‘-과(와)’라는 접속조사를 사용하여 시대와 경계를 넘어 또 다른 연결의 가능성을 만들어 나간다는 의미를 담았다. 두 작품이 제작된 100년이라는 시간 사이에 놓인 다양한 해외 미술의 장면들에 귀 기울이고 그 관계성을 상상해 나가다 보면 어느새 호기심 가득한 새로운 경험의 시간에 닿을 것이다. 해당 공연·전시 프로그램은 주최자·공연자 등의 사정에 따라 변경될 수 있습니다. 1688-2220,"=GOOGLETRANSLATE(A298, ""ko"", ""en"")"
"과천 전시관람권 3,000원","=GOOGLETRANSLATE(A299, ""ko"", ""en"")"
"양구인문학박물관은 한국 현대문학을 대표하는 시인이자 수녀인 이해인 수녀의 사람과 문학 세계를 기리는 '이어짐의 시작(해인글방)展'을 1관 상설전시실에서 선보입니다. 이번 전시는 이해인 수녀께서 직접 기증해주신 소중한 소장품을 바탕으로 구성되어 있으며, 수녀의 일상과 사유, 그리고 글의 온기를 관람객이 직접 느낄 수 있도록 기획되었습니다. 전시 구성 1. 이해인 수녀의 자취, 소장품으로 보다 - 이해인 수녀의 사진, 친필 원고, 메모, 애장 도서 등 개인적이면서도 시대적 의미가 담긴 소장품을 통해 작가의 내면과 문학의 여정을 깊이 있게 조명합니다. 2. 읽고 쓰는 공간, '해인글방'의 체험 - 관람객이 이해인 수녀의 시집을 자유롭게 읽을 수 있는 공간이 마련되어 있으며, 그 감상을 바탕으로 자신만의 시를 직접 써볼 수 있는 시쓰기 체험 공간도 함께 운영합니다. 해당 공연·전시 프로그램은 주최자·공연자 등의 사정에 따라 변경될 수 있습니다. 1688-2220","=GOOGLETRANSLATE(A300, ""ko"", ""en"")"
"3,000원 ※양구사랑상품권 3천원 환급 / 6세 이하, 65세 이상, 장애인(보호자 1인), 국민기초생활 수급자, 명예군민 무료","=GOOGLETRANSLATE(A301, ""ko"", ""en"")"
033-482-9800,"=GOOGLETRANSLATE(A302, ""ko"", ""en"")"
서울영화센터,"=GOOGLETRANSLATE(A303, ""ko"", ""en"")"
서울특별시 중구 마른내로 38 서울영화센터,"=GOOGLETRANSLATE(A304, ""ko"", ""en"")"
괌 박물관,"=GOOGLETRANSLATE(A305, ""ko"", ""en"")"
"193 Chalan Santo Papa Juan Pablo Dos, Hagåtña, 96910 괌","=GOOGLETRANSLATE(A306, ""ko"", ""en"")"
국립중원문화유산연구소 어린이 발굴체험장,"=GOOGLETRANSLATE(A307, ""ko"", ""en"")"
충북 충주시 남한강로 38,"=GOOGLETRANSLATE(A308, ""ko"", ""en"")"
한국잠사플레이팜 한국잠사박물관,"=GOOGLETRANSLATE(A309, ""ko"", ""en"")"
충청북도 청주시 흥덕구 강내면 청주역로 213-52,"=GOOGLETRANSLATE(A310, ""ko"", ""en"")"
"기본 입장권은 12,500원(대인, 소인 동일), 체험 패키지권은 17,500원(캔들, 비누, 누에고치 목걸이, 오디소금 중 택 1 체험 포함)입니다. 별도 체험요금으로는 젤리양초캔들만들기 10,000원, 누에고치 목걸이 6,000원, 다육화분 만들기 4,000원 등 다양합니다.","=GOOGLETRANSLATE(A311, ""ko"", ""en"")"
장사상륙작전전승기념관,"=GOOGLETRANSLATE(A312, ""ko"", ""en"")"
경북 영덕군 남정면 동해대로 3560,"=GOOGLETRANSLATE(A313, ""ko"", ""en"")"
"입장료는 성인 3,000원, 중고등학생 및 군인 2,000원, 초등학생 1,000원입니다. 미취학 아동은 무료로 입장할 수 있습니다. 영덕군 거주 주민 또는 다자녀 사랑카드 소지자 중 셋째 이상 자녀를 둔 가정은 50% 할인 혜택을 받을 수 있습니다. 할인 적용을 위해 관련 증빙서류를 지참하세요.","=GOOGLETRANSLATE(A314, ""ko"", ""en"")"
국립대구과학관,"=GOOGLETRANSLATE(A315, ""ko"", ""en"")"
대구광역시 달성군 유가읍 테크노대로6길 20 국립대구과학관,"=GOOGLETRANSLATE(A316, ""ko"", ""en"")"
"상설전시관은 대인 3,000원, 소인 2,000원, 7세 미만은 무료입니다. 천체투영관은 대인 2,000원, 소인 1,000원(5세 이상부터 입장 가능), 4D 영상관은 대인 2,000원, 소인 1,000원(키 110cm 이상 입장 가능)입니다. 아이들월드+모빌리티움은 대인 2,000원, 소인(36개월 이상) 3,000원, 36개월 미만은 무료입니다. 주차장은 일일 2,000원(25인승 미만 차량)이며, 경차·친환경차 등은 할인 혜택이 있으니 현장에서 확인해 주세요.","=GOOGLETRANSLATE(A317, ""ko"", ""en"")"
고령어린이과학체험관,"=GOOGLETRANSLATE(A318, ""ko"", ""en"")"
경북 고령군 대가야읍 신남로 81,"=GOOGLETRANSLATE(A319, ""ko"", ""en"")"
"어린이(36개월~초등학생) 입장료는 1,000원, 청소년 및 성인은 2,000원입니다. 36개월 미만 영유아와 고령군민은 증빙서류(등본 또는 가족관계증명서 등) 지참 시 무료로 입장할 수 있습니다.","=GOOGLETRANSLATE(A320, ""ko"", ""en"")"
영천민속관,"=GOOGLETRANSLATE(A321, ""ko"", ""en"")"
경북 영천시 운동장로 54,"=GOOGLETRANSLATE(A322, ""ko"", ""en"")"
영천민속관은 입장료가 무료입니다. 건물 건너편에 전용 주차장이 있어 주차가 어렵지 않습니다.,"=GOOGLETRANSLATE(A323, ""ko"", ""en"")"
영천전투메모리얼파크,"=GOOGLETRANSLATE(A324, ""ko"", ""en"")"
경북 영천시 교촌동 11-33,"=GOOGLETRANSLATE(A325, ""ko"", ""en"")"
"영천전투메모리얼파크는 입장료 없이 무료로 이용이 가능합니다. 전용 주차장도 마련되어 있어 주차가 편리하며, 별도의 주차 요금은 없습니다.","=GOOGLETRANSLATE(A326, ""ko"", ""en"")"
신문박물관PRESSEUM,"=GOOGLETRANSLATE(A327, ""ko"", ""en"")"
"서울특별시 종로구 세종대로 152 일민미술관 5,6층","=GOOGLETRANSLATE(A328, ""ko"", ""en"")"
"관람 요금은 일반 4,000원, 학생(초·중·고·대학생) 3,000원입니다. 미취학 아동과 만 65세 이상 어르신은 무료로 관람이 가능합니다. 자세한 할인 혜택 및 단체 요금은 신문박물관 공식 홈페이지에서 이미지를 참고해 주세요.","=GOOGLETRANSLATE(A329, ""ko"", ""en"")"
한국코미디타운,"=GOOGLETRANSLATE(A330, ""ko"", ""en"")"
경북 청도군 이서면 이서로 565,"=GOOGLETRANSLATE(A331, ""ko"", ""en"")"
"코미디 체험관 입장료는 일반 5,000원, 청소년/어린이 4,000원이며, 36개월 이하 어린이는 무료입니다. 코미디 공연 요금은 일반 22,000원, 청소년 20,000원, 어린이 18,000원이고, 36개월 이하 어린이는 무료입니다. 자세한 사항은 홈페이지를 참고해주세요.","=GOOGLETRANSLATE(A332, ""ko"", ""en"")"
충북산림과학박물관,"=GOOGLETRANSLATE(A333, ""ko"", ""en"")"
충북 청주시 상당구 미원면 수목원길 51,"=GOOGLETRANSLATE(A334, ""ko"", ""en"")"
"충북산림과학박물관은 입장료가 무료입니다. 이용 시간은 3~10월에는 오전 9시부터 오후 6시까지, 11~2월에는 오전 9시부터 오후 5시까지 운영합니다. 입장 마감은 종료 1시간 전이며, 매주 월요일은 휴관입니다.","=GOOGLETRANSLATE(A335, ""ko"", ""en"")"
스미스 평화관,"=GOOGLETRANSLATE(A336, ""ko"", ""en"")"
경기도 오산시 경기대로 742 UN초전기념관 후관,"=GOOGLETRANSLATE(A337, ""ko"", ""en"")"
"관람 시간은 화~일요일 오전 9시~오후 6시(입장 마감 17시)이며, 매주 월요일과 1월 1일, 설날·추석 당일에는 휴관입니다(월요일이 공휴일이면 정상 개관하고, 그 다음날 휴관). 입장료는 무료입니다.","=GOOGLETRANSLATE(A338, ""ko"", ""en"")"
시흥에코센터,"=GOOGLETRANSLATE(A339, ""ko"", ""en"")"
경기도 시흥시 경기과기대로 284,"=GOOGLETRANSLATE(A340, ""ko"", ""en"")"
"상설전시관 요금은 유아~초등학생 1,000원, 중·고등학생 및 군인 1,500원, 성인 2,000원입니다. 야외 전기 자동차(6세~10세)는 500원, 4D 영상관은 유아~초등학생 및 중고생·군인 1,000원, 성인 2,000원입니다. 4세 이하 유아는 무료 입장이고, 시흥시민은 50% 할인 혜택이 있습니다.","=GOOGLETRANSLATE(A341, ""ko"", ""en"")"
번개맨체험관,"=GOOGLETRANSLATE(A342, ""ko"", ""en"")"
울산광역시 울주군 상북면 알프스온천5길 103-8 산악문화센터,"=GOOGLETRANSLATE(A343, ""ko"", ""en"")"
"번개우주선과 번개미로의 이용요금은 각각 소인 9,000원, 대인 3,000원이며, 두가지 체험 모두 가능한 종합이용권은 소인 15,000원, 대인 5,000원입니다. 36개월 미만 영유아는 무료 입장 가능하며, 세자녀 이상 가족(다자녀)은 50% 할인 혜택을 받을 수 있습니다. 할인 적용 시 신분증 또는 증빙 서류가 필요합니다.","=GOOGLETRANSLATE(A344, ""ko"", ""en"")"
산들나비체험장,"=GOOGLETRANSLATE(A345, ""ko"", ""en"")"
경기도 광주시 퇴촌면 태허정로 144-40,"=GOOGLETRANSLATE(A346, ""ko"", ""en"")"
"입장료는 1인당 10,000원입니다. 결제는 현금 또는 계좌이체만 가능하며, 카드 결제는 지원되지 않습니다. 주차장은 체험장에 마련되어 있습니다.","=GOOGLETRANSLATE(A347, ""ko"", ""en"")"
안면도 쥬라기 박물관,"=GOOGLETRANSLATE(A348, ""ko"", ""en"")"
충청남도 태안군 남면 곰섬로 37-20,"=GOOGLETRANSLATE(A349, ""ko"", ""en"")"
"입장료는 성인(20세 이상) 14,000원, 청소년(만 12세~18세) 12,500원, 어린이(만 36개월~12세) 10,500원입니다. 태안군 군민은 10% 할인이 적용되며, 36개월 미만 영유아는 무료 입장입니다. 월요일이 공휴일일 경우 다음날이 휴관일이니 참고하세요.","=GOOGLETRANSLATE(A350, ""ko"", ""en"")"
중구생활사전시관,"=GOOGLETRANSLATE(A351, ""ko"", ""en"")"
인천광역시 중구 신포로23번길 97,"=GOOGLETRANSLATE(A352, ""ko"", ""en"")"
"입장료는 성인(만 19세 이상) 1,000원, 청소년(만 13세~18세) 700원이며, 어린이(36개월~만 12세)는 무료입니다. 또한 '5개관 통합관람권' 구매 시 성인은 3,400원, 청소년은 700원, 어린이는 무료로 인천차이나타운 내 5개 박물관을 모두 이용할 수 있습니다.","=GOOGLETRANSLATE(A353, ""ko"", ""en"")"
국립밀양기상과학관,"=GOOGLETRANSLATE(A354, ""ko"", ""en"")"
경남 밀양시 밀양대공원로 84,"=GOOGLETRANSLATE(A355, ""ko"", ""en"")"
[입장료 안내],"=GOOGLETRANSLATE(A356, ""ko"", ""en"")"
용인 처인성역사교육관,"=GOOGLETRANSLATE(A357, ""ko"", ""en"")"
경기도 용인시 처인구 남사읍 처인성로 673,"=GOOGLETRANSLATE(A358, ""ko"", ""en"")"
"용인 처인성역사교육관의 입장료 및 관람료는 무료입니다. 체험 프로그램도 무료로 제공되고 있습니다. 단, 특별행사나 일부 체험은 사전 예약이 필요할 수 있습니다.","=GOOGLETRANSLATE(A359, ""ko"", ""en"")"
대구창의융합교육원,"=GOOGLETRANSLATE(A360, ""ko"", ""en"")"
대구광역시 수성구 동대구로 172 과학교육원,"=GOOGLETRANSLATE(A361, ""ko"", ""en"")"
"관람 시간은 매일 오전 10시부터 오후 5시까지(13:00~13:30 전시관 소독 및 환기)입니다. 일반관람은 주말(토, 일)에만 운영되며, 평일(월~금)은 일반관람이 불가합니다. 모든 관람과 체험은 무료입니다.","=GOOGLETRANSLATE(A362, ""ko"", ""en"")"
밀양아리랑우주천문대,"=GOOGLETRANSLATE(A363, ""ko"", ""en"")"
경남 밀양시 밀양대공원로 86,"=GOOGLETRANSLATE(A364, ""ko"", ""en"")"
오산시 유엔군 초전기념관,"=GOOGLETRANSLATE(A365, ""ko"", ""en"")"
경기도 오산시 경기대로 742 UN초전기념관,"=GOOGLETRANSLATE(A366, ""ko"", ""en"")"
"오산시 유엔군 초전기념관의 운영시간은 화요일부터 일요일까지 오전 9시부터 오후 6시까지이며, 월요일은 정기 휴무입니다. 입장료는 무료입니다.","=GOOGLETRANSLATE(A367, ""ko"", ""en"")"
오미자테마공원,"=GOOGLETRANSLATE(A368, ""ko"", ""en"")"
경북 문경시 문경읍 새재로 715,"=GOOGLETRANSLATE(A369, ""ko"", ""en"")"
"오미자테마공원 입장은 무료입니다. 일부 체험 프로그램이 별도로 운영된다면, 현장 안내 또는 공식 채널에서 상세 내용을 확인하실 수 있습니다.","=GOOGLETRANSLATE(A370, ""ko"", ""en"")"
포항구룡포과메기문화관,"=GOOGLETRANSLATE(A371, ""ko"", ""en"")"
경북 포항시 남구 구룡포읍 구룡포길117번길 28-8,"=GOOGLETRANSLATE(A372, ""ko"", ""en"")"
관람료와 주차요금 모두 무료입니다.,"=GOOGLETRANSLATE(A373, ""ko"", ""en"")"
여주시립폰박물관,"=GOOGLETRANSLATE(A374, ""ko"", ""en"")"
경기도 여주시 강변유원지길 105,"=GOOGLETRANSLATE(A375, ""ko"", ""en"")"
"입장료는 어른 3,000원, 청소년(중·고등학생) 2,500원, 어린이(초등학생) 2,000원입니다. 6세 이하 유아, 여주시민은 무료 입장이 가능합니다. 또한 매월 마지막 주 문화의 날에는 누구나 무료로 입장할 수 있습니다.","=GOOGLETRANSLATE(A376, ""ko"", ""en"")"
거창월성우주창의과학관,"=GOOGLETRANSLATE(A377, ""ko"", ""en"")"
경남 거창군 북상면 덕유월성로 1312-96,"=GOOGLETRANSLATE(A378, ""ko"", ""en"")"
"입장요금은 어른 3,000원, 청소년 및 어린이 2,000원이며 6세 이하 유아는 무료입니다. 각 체험당 2,000원의 체험료가 별도로 부과됩니다. 운영시간은 화요일부터 일요일 오전 9:30~오후 5:30(입장 마감 16:30)까지이며, 월요일은 정기 휴무입니다. 점심시간(12:00~13:00)에는 체험이 제한될 수 있습니다. 토요 야간 별자리여행 프로그램은 동절기(10~11월, 3월)는 19:00~21:30, 하절기(4~9월)는 19:30~22:00에 진행됩니다.","=GOOGLETRANSLATE(A379, ""ko"", ""en"")"
천적생태과학관,"=GOOGLETRANSLATE(A380, ""ko"", ""en"")"
경남 거창군 거창읍 거함대로 3372-60,"=GOOGLETRANSLATE(A381, ""ko"", ""en"")"
천적생태과학관은 입장료가 무료입니다.,"=GOOGLETRANSLATE(A382, ""ko"", ""en"")"
팀랩 플래닛 도쿄,"=GOOGLETRANSLATE(A383, ""ko"", ""en"")"
"6 Chome-1-16 Toyosu, Koto City, Tokyo 135-0061 일본","=GOOGLETRANSLATE(A384, ""ko"", ""en"")"
"평일(월~금) 성인(18세 이상) 3,800엔(7월 21일까지)/4,200엔(7월 22일부터), 중고생 2,800엔, 어린이(4~12세) 1,500엔, 3세 이하는 무료입니다. 주말·공휴일은 성인 4,200엔이며, 중고생·어린이 요금과 3세 이하 무료 정책은 동일합니다.","=GOOGLETRANSLATE(A385, ""ko"", ""en"")"
국회박물관 어린이박물관,"=GOOGLETRANSLATE(A386, ""ko"", ""en"")"
서울특별시 영등포구 의사당대로 1 국회,"=GOOGLETRANSLATE(A387, ""ko"", ""en"")"
"어린이박물관 입장은 사전 온라인 예약을 통해서만 가능합니다. 예약은 관람일 14일 전 00시부터 가능하며, 1인당 1개월 1회, 연 12회까지만 예약할 수 있습니다. 회차당 정원은 50명입니다. 예약 없이 현장 입장은 불가합니다. 입장료는 무료입니다.","=GOOGLETRANSLATE(A388, ""ko"", ""en"")"
섬진강기차마을생태학습관,"=GOOGLETRANSLATE(A389, ""ko"", ""en"")"
전남 곡성군 오곡면 기차마을로 252-16,"=GOOGLETRANSLATE(A390, ""ko"", ""en"")"
"입장료는 대인 5,000원, 소인 및 경로우대자 4,500원입니다. 곡성국민, 국가유공자, 장애인, 48개월 미만의 영유아는 무료로 입장할 수 있습니다.","=GOOGLETRANSLATE(A391, ""ko"", ""en"")"
하이커 그라운드,"=GOOGLETRANSLATE(A392, ""ko"", ""en"")"
서울특별시 중구 청계천로 40 한국관광공사 서울센터,"=GOOGLETRANSLATE(A393, ""ko"", ""en"")"
"하이커 그라운드는 관람료가 무료입니다(유료 프로그램은 별도 공지됨). 대부분 자유 관람이 가능하지만, 일부 체험 프로그램의 경우 사전 예약이 필요하니 방문 전 공식 홈페이지 '예약창'에서 원하는 프로그램의 예약 가능 여부를 꼭 확인하세요.","=GOOGLETRANSLATE(A394, ""ko"", ""en"")"
xr버스1795행,"=GOOGLETRANSLATE(A395, ""ko"", ""en"")"
경기도 수원시 팔달구 매향동 153-11,"=GOOGLETRANSLATE(A396, ""ko"", ""en"")"
XR버스 1795행의 탑승 요금은 전 구간 무료입니다. 별도의 결제 없이 이용하실 수 있습니다.,"=GOOGLETRANSLATE(A397, ""ko"", ""en"")"
신라대종,"=GOOGLETRANSLATE(A398, ""ko"", ""en"")"
경북 경주시 태종로 767,"=GOOGLETRANSLATE(A399, ""ko"", ""en"")"
"5인 이하 팀은 5,000원, 5인 초과 시 10,000원의 요금이 있습니다. 현장에서 선착순으로 바로 접수하거나, 홈페이지를 통해 사전에 인터넷으로 신청할 수 있습니다.","=GOOGLETRANSLATE(A400, ""ko"", ""en"")"
국립경주박물관 어린이박물관,"=GOOGLETRANSLATE(A401, ""ko"", ""en"")"
"국립경주박물관과 어린이박물관 모두 주차장이 넓게 마련되어 있어 주차가 편리하며, 주차료와 입장료 모두 무료입니다.","=GOOGLETRANSLATE(A402, ""ko"", ""en"")"
국립등대박물관,"=GOOGLETRANSLATE(A403, ""ko"", ""en"")"
경북 포항시 남구 호미곶면 해맞이로150번길 20,"=GOOGLETRANSLATE(A404, ""ko"", ""en"")"
전쟁기념관 어린이박물관,"=GOOGLETRANSLATE(A405, ""ko"", ""en"")"
서울특별시 용산구 이태원로 29 전쟁기념관,"=GOOGLETRANSLATE(A406, ""ko"", ""en"")"
"입장료는 무료입니다. 운영 시간은 화요일부터 일요일까지 오전 10시부터 오후 6시까지이며(마지막 입장 17:00), 월요일은 휴관입니다. 관람은 10:00~10:50, 11:00~11:50, 12:00~12:50, 13:00~13:50, 14:00~14:50, 15:00~15:50, 16:00~16:50, 17:00~17:50의 8회차로 나누어 운영됩니다.","=GOOGLETRANSLATE(A407, ""ko"", ""en"")"
김포함상공원,"=GOOGLETRANSLATE(A408, ""ko"", ""en"")"
경기도 김포시 대곶면 대명항1로 110-36,"=GOOGLETRANSLATE(A409, ""ko"", ""en"")"
"입장료는 성인 3,000원, 청소년 2,000원, 어린이(만 6세 이상) 1,000원입니다. 김포시민은 증빙자료 지참 시 50% 할인을 받을 수 있으며, 만 6세 미만 어린이와 김포 시민은 무료입니다. 운영시간은 3~10월 09:00~19:00, 11~2월 09:00~18:00(입장 마감은 종료 1시간 전)입니다. 무료 공용주차장(대명포구 공영주차장)을 이용할 수 있습니다.","=GOOGLETRANSLATE(A410, ""ko"", ""en"")"
서울특별시 종로구 세종대로 198 대한민국 역사박물관,"=GOOGLETRANSLATE(A411, ""ko"", ""en"")"
전주농업과학관어린이체험관,"=GOOGLETRANSLATE(A412, ""ko"", ""en"")"
전북특별자치도 전주시 덕진구 농생명로 300 농촌진흥청 전주농업과학관어린이체험관,"=GOOGLETRANSLATE(A413, ""ko"", ""en"")"
"입장료는 무료입니다. 운영시간은 화요일~금요일 09:30~17:00, 토요일·일요일 10:00~17:00이며, 입장 마감은 16:30입니다. 휴관일은 매주 월요일(월요일이 공휴일이면 다음 날), 1월 1일, 설날, 추석 연휴, 근로자의 날입니다. 4D 영상관은 1층에 위치하며, 상영 시간은 10:30, 11:30, 13:30, 14:30, 15:30입니다.","=GOOGLETRANSLATE(A414, ""ko"", ""en"")"
가나아트파크,"=GOOGLETRANSLATE(A415, ""ko"", ""en"")"
경기도 양주시 장흥면 권율로 117,"=GOOGLETRANSLATE(A416, ""ko"", ""en"")"
"[이용 요금] 대인(20세 이상) 12,000원, 소인(24개월~19세) 12,000원, 복지할인(장애인, 국가유공자, 65세 이상) 6,000원, 24개월 미만(출생증명 지참)은 무료입니다. [예약] 네이버 예약 시 할인된 금액으로 입장할 수 있습니다. 일부 체험 프로그램은 별도 참가비가 있으며, 현장 및 홈페이지 안내를 참고하세요.","=GOOGLETRANSLATE(A417, ""ko"", ""en"")"
한독의약박물관,"=GOOGLETRANSLATE(A418, ""ko"", ""en"")"
충청북도 음성군 대소면 대풍산단로 78,"=GOOGLETRANSLATE(A419, ""ko"", ""en"")"
"한독의약박물관의 전시 관람 및 입장료는 무료입니다. 체험 프로그램 또한 대부분 무료로 제공되나, 특별 프로그램 등은 별도의 재료비가 발생할 수 있습니다. 프로그램별 요금과 세부 내용은 홈페이지 공지사항을 참고해 주세요.","=GOOGLETRANSLATE(A420, ""ko"", ""en"")"
이효석 문학관,"=GOOGLETRANSLATE(A421, ""ko"", ""en"")"
강원특별자치도 평창군 봉평면 효석문학길 73-25 이효석문학관,"=GOOGLETRANSLATE(A422, ""ko"", ""en"")"
"입장료는 초등학생 이상~65세 미만 2,000원, 미취학 아동과 65세 이상은 무료입니다. 어린이날에는 모든 어린이가 무료 입장할 수 있습니다. 운영 시간은 성수기(5~9월)는 오전 9시~오후 6시 30분, 비수기(10~4월)는 오전 9시~오후 5시 30분입니다. 매표 마감은 성수기 18시, 비수기 17시입니다. 휴관일은 매주 월요일, 1월 1일, 설날, 추석이며, 월요일이 공휴일일 경우 그 다음 날 쉽니다. 성수기 월요일에는 사전 단체예약(20명 이상)에 한해 관람이 가능합니다.","=GOOGLETRANSLATE(A423, ""ko"", ""en"")"
용인시기후변화체험교육센터,"=GOOGLETRANSLATE(A424, ""ko"", ""en"")"
경기도 용인시 처인구 동부로162번길 14-1 용인시기후변화체험교육센터,"=GOOGLETRANSLATE(A425, ""ko"", ""en"")"
별도의 입장료 없이 무료로 이용하실 수 있습니다.,"=GOOGLETRANSLATE(A426, ""ko"", ""en"")"
부평안전체험관,"=GOOGLETRANSLATE(A427, ""ko"", ""en"")"
인천광역시 부평구 굴포로 110 부평구 민방위교육장(안전체험관),"=GOOGLETRANSLATE(A428, ""ko"", ""en"")"
부평안전체험관의 체험료 및 입장료는 모두 무료입니다. 지하주차장 또한 무료로 이용할 수 있습니다.,"=GOOGLETRANSLATE(A429, ""ko"", ""en"")"
연천 고랑포구 역사공원,"=GOOGLETRANSLATE(A430, ""ko"", ""en"")"
경기도 연천군 장남면 장남로 270,"=GOOGLETRANSLATE(A431, ""ko"", ""en"")"
"관람 시간은 화요일부터 일요일까지 10:00~17:00(마감 17:00)입니다. 매주 월요일은 정기휴무이며, 월요일이 공휴일일 경우 화요일에 휴장합니다. 입장료는 어린이(만 14세 미만) 3,000원, 청소년(만 14~19세 미만) 4,000원, 어른(만 19세 이상) 5,000원입니다. 단체 및 감면 대상 할인 혜택이 있으며, 자세한 사항은 홈페이지에서 확인할 수 있습니다. 주차는 무료 야외 주차장을 이용하실 수 있습니다.","=GOOGLETRANSLATE(A432, ""ko"", ""en"")"
양주시구강보건센터,"=GOOGLETRANSLATE(A433, ""ko"", ""en"")"
경기도 양주시 평화로1479번길 20 회천2동건강지원센터,"=GOOGLETRANSLATE(A434, ""ko"", ""en"")"
"양주시구강보건센터에서 제공하는 구강검진, 구강보건교육(불소바니쉬도포 포함), 치면세균막검사, 부분 치석제거, 구강위생용품 교육 등 모든 프로그램은 무료로 제공됩니다.","=GOOGLETRANSLATE(A435, ""ko"", ""en"")"
몰개월비행기공원,"=GOOGLETRANSLATE(A436, ""ko"", ""en"")"
경북 포항시 남구 청림동 21-10,"=GOOGLETRANSLATE(A437, ""ko"", ""en"")"
"몰개월비행기공원은 무료로 관람할 수 있으며, 사전 예약 없이 방문하실 수 있습니다.","=GOOGLETRANSLATE(A438, ""ko"", ""en"")"
한국대나무박물관,"=GOOGLETRANSLATE(A439, ""ko"", ""en"")"
전라남도 담양군 담양읍 죽향문화로35,"=GOOGLETRANSLATE(A440, ""ko"", ""en"")"
"한국대나무박물관은 매일 오전 9시부터 오후 6시까지 운영합니다. 관람료는 어른 2,000원, 청소년 1,000원, 어린이 700원입니다. 담양군민과 만 6세 이하 어린이는 무료로 관람할 수 있습니다.","=GOOGLETRANSLATE(A441, ""ko"", ""en"")"
송대말등대 빛체험전시관,"=GOOGLETRANSLATE(A442, ""ko"", ""en"")"
경북 경주시 감포읍 감포로 226-19,"=GOOGLETRANSLATE(A443, ""ko"", ""en"")"
"입장료는 무료입니다. 관람 시간은 화요일부터 일요일까지 오전 9시부터 오후 6시까지이며, 12시~13시에는 브레이크 타임이 있습니다. 입장 마감은 오후 5시입니다. 월요일은 정기 휴관일입니다.","=GOOGLETRANSLATE(A444, ""ko"", ""en"")"
제주해녀박물관,"=GOOGLETRANSLATE(A445, ""ko"", ""en"")"
제주특별자치도 제주시 구좌읍 해녀박물관길 26 해녀박물관,"=GOOGLETRANSLATE(A446, ""ko"", ""en"")"
"입장료는 어른(25~64세) 1,100원(단체 800원), 청소년(13~24세) 및 군인 500원(단체 300원), 13세 이하는 무료입니다. 박물관에는 전용 주차장, 전기차 충전소, 야외 휴게실, 야외 화장실, 수유실, 기저귀 교환대가 있습니다. 아기의자, 유모차 대여, 예약 서비스는 제공되지 않습니다.","=GOOGLETRANSLATE(A447, ""ko"", ""en"")"
백제오감체험관,"=GOOGLETRANSLATE(A448, ""ko"", ""en"")"
충남 공주시 고마나루길 30,"=GOOGLETRANSLATE(A449, ""ko"", ""en"")"
백제오감체험관의 입장료와 모든 체험 프로그램 이용료는 무료입니다. 누구나 부담 없이 자유롭게 이용하실 수 있습니다.,"=GOOGLETRANSLATE(A450, ""ko"", ""en"")"
경기도어린이박물관,"=GOOGLETRANSLATE(A451, ""ko"", ""en"")"
경기도 용인시 기흥구 상갈로 6,"=GOOGLETRANSLATE(A452, ""ko"", ""en"")"
"박물관 내 넓은 지상 주차장이 있습니다. 주차요금은 기본 1시간 1,000원, 이후 10분당 200원이며, 1일 최대 요금은 8,000원입니다.","=GOOGLETRANSLATE(A453, ""ko"", ""en"")"
완도군해양생태전시관,"=GOOGLETRANSLATE(A454, ""ko"", ""en"")"
전남 완도군 완도읍 청해진로 1459,"=GOOGLETRANSLATE(A455, ""ko"", ""en"")"
"입장료는 성인(만 19~64세) 2,000원, 청소년 및 군경(만 13~18세) 1,500원, 어린이(만 7~12세) 1,000원입니다. 단체로 방문하실 경우 할인 요금이 적용됩니다. 주차는 건물 바로 옆에 가능하며, 주차비는 무료입니다.","=GOOGLETRANSLATE(A456, ""ko"", ""en"")"
대구 환경사랑홍보교육관,"=GOOGLETRANSLATE(A457, ""ko"", ""en"")"
대구 달서구 성서공단로 40,"=GOOGLETRANSLATE(A458, ""ko"", ""en"")"
"입장료 및 모든 체험 프로그램은 무료입니다. 관람객을 위한 전용 주차장이 마련되어 있고, 주차료도 무료입니다. 다만 외부 음식물은 반입이 금지되어 있습니다.","=GOOGLETRANSLATE(A459, ""ko"", ""en"")"
현대어린이책미술관,"=GOOGLETRANSLATE(A460, ""ko"", ""en"")"
경기도 성남시 분당구 판교역로 146번길 20,"=GOOGLETRANSLATE(A461, ""ko"", ""en"")"
"입장료는 성인과 아동 모두 1인당 6,000원입니다. (기본 정보상 할인 및 무료 입장 대상에 대한 안내는 별도로 제공하지 않으므로, 특정 연령 제한이나 할인, 무료 입장 정보가 필요하신 분은 공식 홈페이지를 참고해 주세요.)","=GOOGLETRANSLATE(A462, ""ko"", ""en"")"
마한유적체험관,"=GOOGLETRANSLATE(A463, ""ko"", ""en"")"
광주광역시 광산구 신창동 1073-12,"=GOOGLETRANSLATE(A464, ""ko"", ""en"")"
홍천생명건강과학관,"=GOOGLETRANSLATE(A465, ""ko"", ""en"")"
강원도 홍천군 홍천읍 생명과학관길 78,"=GOOGLETRANSLATE(A466, ""ko"", ""en"")"
"입장료는 성인 1,500원, 청소년 및 어린이 1,000원이며 미취학 아동과 만 65세 이상, 그리고 홍천군민은 50% 할인을 받을 수 있고, 미취학 아동과 만 65세 이상은 무료입니다. 주차장이 마련되어 있어 차량 이용이 편리합니다.","=GOOGLETRANSLATE(A467, ""ko"", ""en"")"
IM뱅크 금융박물관,"=GOOGLETRANSLATE(A468, ""ko"", ""en"")"
대구광역시 수성구 달구벌대로 2310 대구은행본점,"=GOOGLETRANSLATE(A469, ""ko"", ""en"")"
"IM뱅크 금융박물관은 입장료가 무료입니다. 주차장도 넓게 마련되어 있으며, 별도의 비용 없이 이용할 수 있습니다. 또한 대구은행역 바로 앞에 위치해 있어 대중교통 이용도 편리합니다.","=GOOGLETRANSLATE(A470, ""ko"", ""en"")"
독도 상설전시관,"=GOOGLETRANSLATE(A471, ""ko"", ""en"")"
서울특별시 종로구 세종대로 172 5호선 광화문역 지하보도,"=GOOGLETRANSLATE(A472, ""ko"", ""en"")"
"독도 상설전시관은 입장료가 무료이며, 별도의 예약 없이 자유롭게 방문하실 수 있습니다. 단, 단체 관람이나 특별 해설이 필요한 경우에는 별도 문의가 필요할 수 있습니다.","=GOOGLETRANSLATE(A473, ""ko"", ""en"")"
경상북도교육청 메이커교육관 맹글마루,"=GOOGLETRANSLATE(A474, ""ko"", ""en"")"
모든 전시와 체험 프로그램은 무료로 제공됩니다. 별도의 입장료나 체험비는 없습니다.,"=GOOGLETRANSLATE(A475, ""ko"", ""en"")"
키자니아 서울,"=GOOGLETRANSLATE(A476, ""ko"", ""en"")"
서울특별시 송파구 올림픽로 240 롯데월드,"=GOOGLETRANSLATE(A477, ""ko"", ""en"")"
"키자니아 서울의 입장권은 반일권(1부, 2부), 종일권, 3시간제 티켓이 있습니다. 어린이 요금은 3시간제 26,000원, 반일권 38,000~45,000원, 종일권 61,000원이며, 보호자 요금은 3시간제 12,000원, 반일권 17,000~20,000원, 종일권 20,000원입니다. 운영 시간은 1부(10:00~15:00), 2부(15:00~19:30), 종일(10:00~19:30)입니다. 인터넷 사전 예매가 현장보다 저렴하며, 정원제로 운영되므로 사전 예매를 추천드립니다.","=GOOGLETRANSLATE(A478, ""ko"", ""en"")"
로보카폴리 안전체험공원,"=GOOGLETRANSLATE(A479, ""ko"", ""en"")"
충남 공주시 월미동길 219,"=GOOGLETRANSLATE(A480, ""ko"", ""en"")"
"입장료는 무료입니다. 이용 대상은 5세 이상부터 초등학생까지이며, 한 타임 최대 30명까지 참여할 수 있습니다. 운영 시간은 화요일부터 일요일 오전 10시부터 오후 5시까지이고, 월요일은 정기 휴무입니다. 평일에는 반드시 사전 예약이 필요하고, 주말 및 공휴일은 별도 예약 없이 자유롭게 입장할 수 있습니다.","=GOOGLETRANSLATE(A481, ""ko"", ""en"")"
정글미디어파크,"=GOOGLETRANSLATE(A482, ""ko"", ""en"")"
경북 경주시 보문로 465-67 지하 1층,"=GOOGLETRANSLATE(A483, ""ko"", ""en"")"
"[요금] 대인(20세 이상): 15,000원 / 청소년(14세~19세): 13,000원 / 어린이(8세~13세): 10,000원 / 미취학아동·장애인·국가유공자·군인·경로우대: 8,000원 / 미취학 통합패키지(미디어아트+포토스튜디오): 10,000원입니다. 36개월 미만은 무료 입장이고, 경주시민은 2,000원 할인(통합패키지 제외) 혜택이 있습니다. 네이버 예약을 이용하면 추가 할인 혜택이 제공될 수 있습니다.","=GOOGLETRANSLATE(A484, ""ko"", ""en"")"
젊은달와이파크,"=GOOGLETRANSLATE(A485, ""ko"", ""en"")"
강원 영월군 주천면 송학주천로 1467-9 영월 젊은달와이파크,"=GOOGLETRANSLATE(A486, ""ko"", ""en"")"
"입장료는 성인/청소년 15,000원, 어린이(36개월~12세) 10,000원, 36개월 미만은 무료입니다. 강원도민 및 영월군민에 한해 할인이 제공됩니다. 또한 홈페이지에서 예매하면 할인된 금액으로 결제할 수 있습니다. 입장료 및 할인정보는 현장 상황이나 시즌, 이벤트에 따라 변경될 수 있으니 공식 홈페이지를 참고하는 것이 좋습니다.","=GOOGLETRANSLATE(A487, ""ko"", ""en"")"
전라북도교육청과학교육원,"=GOOGLETRANSLATE(A488, ""ko"", ""en"")"
전북 익산시 선화로 836-2 (부송동) 전라북도교육청과학교육원,"=GOOGLETRANSLATE(A489, ""ko"", ""en"")"
"운영시간은 화요일부터 일요일까지 10:00~17:00입니다. 12:00~13:00은 점심 및 점검시간으로, 이때는 체험물 이용이 제한됩니다. 매주 월요일과 공휴일은 휴관이며, 입장료는 무료입니다.","=GOOGLETRANSLATE(A490, ""ko"", ""en"")"
자연생태박물관,"=GOOGLETRANSLATE(A491, ""ko"", ""en"")"
경기 부천시 길주로 660,"=GOOGLETRANSLATE(A492, ""ko"", ""en"")"
"입장권은 성인 2,000원, 중고생·군인 1,500원, 3세 이상~초등학생 1,000원입니다. 하절기(3~10월)는 09:30~18:00, 동절기(11~2월)는 09:30~17:00에 운영합니다. 매주 월요일은 정기휴무입니다.","=GOOGLETRANSLATE(A493, ""ko"", ""en"")"
거북선전시관,"=GOOGLETRANSLATE(A494, ""ko"", ""en"")"
경남 남해군 설천면 노량리,"=GOOGLETRANSLATE(A495, ""ko"", ""en"")"
익산보석박물관,"=GOOGLETRANSLATE(A496, ""ko"", ""en"")"
전북 익산시 왕궁면 호반로 8 보석박물관,"=GOOGLETRANSLATE(A497, ""ko"", ""en"")"
"입장료는 성인 3,000원, 청소년(13~18세) 2,000원, 어린이(7~12세) 1,000원, 6세 미만은 무료입니다. 익스트림 슬라이드타워는 1회 2,000원, 미끄럼틀은 1회 3,000원의 별도 요금이 있습니다.","=GOOGLETRANSLATE(A498, ""ko"", ""en"")"
예천곤충생태원,"=GOOGLETRANSLATE(A499, ""ko"", ""en"")"
경북 예천군 효자면 고항리 608,"=GOOGLETRANSLATE(A500, ""ko"", ""en"")"
"입장료는 성인 5,000원, 아동/청소년 4,000원이며, 36개월 이하 아동은 무료입니다. 예천군민에게는 50% 할인 혜택이 제공됩니다. 수유실, 기저귀교환대, 넓은 주차장이 갖추어져 있습니다. 반면 아기의자, 유모차 대여, 예약은 지원되지 않습니다.","=GOOGLETRANSLATE(A501, ""ko"", ""en"")"
전라북도 어린이창의체험관,"=GOOGLETRANSLATE(A502, ""ko"", ""en"")"
전북 전주시 덕진구 조경단로,"=GOOGLETRANSLATE(A503, ""ko"", ""en"")"
"입장료는 성인과 어린이 모두 3,000원입니다. 홈페이지 또는 현장에서 회차별로 최대 150명(온라인예약 120명, 현장발권 30명)이 무료 입장할 수 있습니다. 무료 입장 대상은 공식 홈페이지에서 확인할 수 있으며, 입장권은 이용 시작 10분 전 안내데스크에서 발권 가능합니다. 결제 및 환불 관련 사항은 예약시 안내되는 규정을 참고해주세요.","=GOOGLETRANSLATE(A504, ""ko"", ""en"")"
서울한방진흥센터,"=GOOGLETRANSLATE(A505, ""ko"", ""en"")"
서울 동대문구 약령중앙로 26,"=GOOGLETRANSLATE(A506, ""ko"", ""en"")"
"입장료는 어른 1,000원, 어린이(만 7~18세) 500원, 유아(만 6세 이하)는 무료입니다. 족욕체험(20분)은 2인 기준 6,000원, 마사지체험(약 40분)은 1인 5,000원, 약선음식체험(약 3시간)은 메뉴에 따라 1인 15,000원~30,000원으로 차이가 있습니다. 족욕체험권에는 입장료가 포함되어 있으며, 미취학 아동은 족욕체험이 무료입니다.","=GOOGLETRANSLATE(A507, ""ko"", ""en"")"
서울시립과학관,"=GOOGLETRANSLATE(A508, ""ko"", ""en"")"
서울시 노원구 한글비석로 160,"=GOOGLETRANSLATE(A509, ""ko"", ""en"")"
"입장료는 성인(20~64세) 2,000원이며, 19세 이하는 무료로 입장할 수 있습니다. 다둥이카드 소지자도 무료 입장이 가능합니다. 주차 요금은 1시간에 1,800원입니다. 별도 기재된 주차 할인 정책은 없으니 참고하시기 바랍니다. 단, 과학관 내 주차장이 만차일 경우 주변 유료 공영주차장을 이용해주세요.","=GOOGLETRANSLATE(A510, ""ko"", ""en"")"
장생포고래박물관,"=GOOGLETRANSLATE(A511, ""ko"", ""en"")"
울산광역시 남구 장생포고래로 244 장생포고래박물관,"=GOOGLETRANSLATE(A512, ""ko"", ""en"")"
구미과학관,"=GOOGLETRANSLATE(A513, ""ko"", ""en"")"
경북 구미시 3공단1로 219-1,"=GOOGLETRANSLATE(A514, ""ko"", ""en"")"
"입장료는 어른 3,000원, 청소년(군인) 2,000원, 어린이 1,000원이며 5세 이하, 65세 이상은 무료 입장할 수 있습니다. 관람료에는 영상관 관람비가 포함되어 있습니다.","=GOOGLETRANSLATE(A515, ""ko"", ""en"")"
액션하우스,"=GOOGLETRANSLATE(A516, ""ko"", ""en"")"
전북특별자치도 익산시 금마면 금마호수길 37,"=GOOGLETRANSLATE(A517, ""ko"", ""en"")"
"입장료는 1인 8,000원이며, 24개월 미만은 무료입니다. 운영시간은 화~일요일 오전 10시부터 오후 6시까지이며, 매주 월요일은 정기휴무입니다(단, 월요일이 공휴일일 경우 정상 영업). 현장 결제와 예약이 모두 가능하지만 성수기나 주말에는 미리 예약하는 것을 권장합니다.","=GOOGLETRANSLATE(A518, ""ko"", ""en"")"
청도 신화랑풍류마을,"=GOOGLETRANSLATE(A519, ""ko"", ""en"")"
경북 청도군 운문면 신화랑길 1,"=GOOGLETRANSLATE(A520, ""ko"", ""en"")"
"입장료는 성인 2,000원, 초·중·고등학생 1,500원입니다. 만 6세 이하 및 65세 이상은 무료입니다. 국궁 체험은 3,000원(10발), 5,000원(20발), 차·명상 체험은 10,000원, 다도 체험은 15,000원입니다. 오토캠핑장은 평일 20,000원, 주말 25,000원에 이용할 수 있습니다.","=GOOGLETRANSLATE(A521, ""ko"", ""en"")"
다솜생태체험관 NC경산점,"=GOOGLETRANSLATE(A522, ""ko"", ""en"")"
경북 경산시 중앙로 39 NC경산점 5층,"=GOOGLETRANSLATE(A523, ""ko"", ""en"")"
"입장료는 성인/어린이 구분 없이 15,000원이며, 이랜드 리테일 회원은 9,000원, 단체(20인 이상)는 8,000원입니다. 동물 먹이주기 체험(토끼 먹이 등)은 3,000원이며, 24개월 미만 아동은 무료로 입장할 수 있습니다. 자세한 요금은 현장 또는 첨부 이미지를 참고해 주세요.","=GOOGLETRANSLATE(A524, ""ko"", ""en"")"
경상북도교육청 발명체험교육관,"=GOOGLETRANSLATE(A525, ""ko"", ""en"")"
"발명체험교육관의 관람료와 주차 요금은 모두 무료입니다. 넓은 주차장이 마련되어 있으며, 주차 시 별도의 요금이 부과되지 않습니다.","=GOOGLETRANSLATE(A526, ""ko"", ""en"")"
"입장료와 모든 프로그램(체험관 투어, 3D영화관, 창의체험교실 등)은 무료입니다. 별도의 비용이 들지 않습니다.","=GOOGLETRANSLATE(A527, ""ko"", ""en"")"
하림치킨로드투어,"=GOOGLETRANSLATE(A528, ""ko"", ""en"")"
전북특별자치도 익산시 망성면 망성로 14 (주)하림,"=GOOGLETRANSLATE(A529, ""ko"", ""en"")"
"하림치킨로드투어는 무료로 이용할 수 있습니다. 홈페이지에서 예약 시 차량번호를 함께 등록하면 공장 입구에서 등록 확인 후 안내받을 수 있습니다. 운영시간은 평일 10:00~15:30, 토요일 10:00~12:00이며, 일요일은 휴무입니다. 견학은 최소 4명, 최대 30명까지 예약할 수 있고, 30명 이상 단체는 별도 문의가 필요합니다. 투어는 평일 10:00, 10:30, 13:30, 14:00 / 토요일 10:00, 10:30에 운영됩니다.","=GOOGLETRANSLATE(A530, ""ko"", ""en"")"
부천로보파크,"=GOOGLETRANSLATE(A531, ""ko"", ""en"")"
경기 부천시 평천로 655 부천로보파크,"=GOOGLETRANSLATE(A532, ""ko"", ""en"")"
"건물 내외부에 주차장이 있으며, 주차는 1시간까지 무료이고 이후 30분마다 500원의 추가 요금이 부과됩니다.","=GOOGLETRANSLATE(A533, ""ko"", ""en"")"
본태박물관,"=GOOGLETRANSLATE(A534, ""ko"", ""en"")"
제주 서귀포시 안덕면 산록남로762번길 69,"=GOOGLETRANSLATE(A535, ""ko"", ""en"")"
"36개월 미만 유아는 무료 입장입니다. 미취학 아동(만 3세~7세)은 10,000원, 초등학생 및 중·고등학생은 12,000원의 학생 요금이 적용됩니다. 제주 도민, 경로, 장애인, 국가유공자는 별도의 할인 요금이 있으며, 증빙서류를 지참해 주시기 바랍니다.","=GOOGLETRANSLATE(A536, ""ko"", ""en"")"
중미산천문대,"=GOOGLETRANSLATE(A537, ""ko"", ""en"")"
경기도 양평군 옥천면 중미산로 1268 중미산천문대,"=GOOGLETRANSLATE(A538, ""ko"", ""en"")"
이화박물관,"=GOOGLETRANSLATE(A539, ""ko"", ""en"")"
서울특별시 중구 정동길 26 이화여자고등학교,"=GOOGLETRANSLATE(A540, ""ko"", ""en"")"
"입장료는 무료입니다. 현재 소규모 가족 단위로는 예약 없이 관람이 가능하며, 단체(10인 이상)는 사전 문의 및 예약이 필요할 수 있습니다.","=GOOGLETRANSLATE(A541, ""ko"", ""en"")"
도쿄 포켓몬센터 도쿄 DX,"=GOOGLETRANSLATE(A542, ""ko"", ""en"")"
"髙島屋S.C.東館, 5F, 2 Chome-11-2 Nihonbashi, Chuo City, Tokyo 103-0027 일본","=GOOGLETRANSLATE(A543, ""ko"", ""en"")"
"포켓몬센터 도쿄 DX는 입장료 없이 자유롭게 입장할 수 있으며, 연령에 관계없이 누구나 방문 가능합니다. 단, 맞은편 포켓몬 카페는 예약이 필요합니다.","=GOOGLETRANSLATE(A544, ""ko"", ""en"")"
"2 Chome-1-7 Ogimachi, Kita Ward, Osaka, 530-0025 일본","=GOOGLETRANSLATE(A545, ""ko"", ""en"")"
"입장료는 어른 1,400엔, 소인(만 7세~만 14세) 800엔, 유아(만 3세~만 6세) 500엔, 65세 이상 700엔(증빙 지참 시), 36개월 미만 유아는 무료입니다. 입장권은 현장 매표소에서 구입할 수 있으며, 당일 예매 티켓 제시 시 3층에서 재입장이 가능합니다.","=GOOGLETRANSLATE(A546, ""ko"", ""en"")"
장생포 고래생태체험관,"=GOOGLETRANSLATE(A547, ""ko"", ""en"")"
울산광역시 남구 장생포고래로 248 고래생태체험관,"=GOOGLETRANSLATE(A548, ""ko"", ""en"")"
"입장료는 성인 5,000원, 청소년 및 군인 4,000원, 어린이 3,000원(36개월 미만, 경로 등 무료)입니다. 운영시간은 화~금요일 09:00~18:00, 토~일요일 09:00~20:00이며, 매주 월요일은 정기휴무입니다. 매표마감은 17:30입니다. 5~10월에는 주말 야간 연장 운영을 합니다.","=GOOGLETRANSLATE(A549, ""ko"", ""en"")"
옛군산세관,"=GOOGLETRANSLATE(A550, ""ko"", ""en"")"
전북특별자치도 군산시 해망로 244-7 군산세관 옛군산세관,"=GOOGLETRANSLATE(A551, ""ko"", ""en"")"
"옛군산세관은 입장료 없이 무료로 관람할 수 있습니다. 운영시간은 화요일부터 일요일까지 10:00~17:00이고, 월요일은 정기휴무입니다.","=GOOGLETRANSLATE(A552, ""ko"", ""en"")"
이종일선생생가지,"=GOOGLETRANSLATE(A553, ""ko"", ""en"")"
충남 태안군 원북면 옥파로 199-7,"=GOOGLETRANSLATE(A554, ""ko"", ""en"")"
이종일선생생가지의 입장료는 무료입니다.,"=GOOGLETRANSLATE(A555, ""ko"", ""en"")"
국립중앙과학관 자연사관,"=GOOGLETRANSLATE(A556, ""ko"", ""en"")"
대전광역시 유성구 대덕대로 481 국립중앙과학관,"=GOOGLETRANSLATE(A557, ""ko"", ""en"")"
진주청동기문화박물관,"=GOOGLETRANSLATE(A558, ""ko"", ""en"")"
경상남도 진주시 대평면 호반로 1353,"=GOOGLETRANSLATE(A559, ""ko"", ""en"")"
"관람 시간은 3월~10월은 09:00~18:00, 11월~2월은 09:00~17:00입니다. 매표는 관람 시간 종료 30분 전까지 가능합니다. 휴관일은 매주 월요일, 1월 1일, 설날, 추석입니다. 입장료는 어른(19세 이상 ~ 65세 미만) 1,000원, 청소년 및 군인(13세 이상 ~ 18세 이하) 700원, 어린이(7세 이상 ~ 12세 이하) 500원이며, 6세 이하 어린이는 무료입니다. 진주시민은 입장 요금의 50% 감경 혜택을 받을 수 있습니다. 자세한 할인 대상은 홈페이지에서 확인해주세요.","=GOOGLETRANSLATE(A560, ""ko"", ""en"")"
도쿄 사이타마 철도박물관,"=GOOGLETRANSLATE(A561, ""ko"", ""en"")"
경기도 의왕시 철도박물관로 142,"=GOOGLETRANSLATE(A562, ""ko"", ""en"")"
청도소싸움미디어체험관,"=GOOGLETRANSLATE(A563, ""ko"", ""en"")"
경북 청도군 화양읍 남성현로 346,"=GOOGLETRANSLATE(A564, ""ko"", ""en"")"
전곡선사박물관,"=GOOGLETRANSLATE(A565, ""ko"", ""en"")"
경기도 연천군 전곡읍 평화로443번길 2 전곡선사박물관,"=GOOGLETRANSLATE(A566, ""ko"", ""en"")"
"전곡선사박물관의 입장료와 주차비는 모두 무료입니다. 정규 전시 관람은 별도의 예약이 필요하지 않으며 자유롭게 입장할 수 있습니다. 단, 일부 교육/체험 프로그램은 ggc멤버스(경기문화재단 예약 플랫폼)를 통해 사전 예약이 필요하며, 당일 공석이 있을 경우 2층 안내데스크에서 현장 접수도 가능합니다.","=GOOGLETRANSLATE(A567, ""ko"", ""en"")"
국악박물관,"=GOOGLETRANSLATE(A568, ""ko"", ""en"")"
서울특별시 서초구 남부순환로 2364 국립국악원,"=GOOGLETRANSLATE(A569, ""ko"", ""en"")"
"국악박물관은 입장료가 무료이며, 일반 관람은 예약 없이 이용할 수 있습니다. 다만 전시해설 프로그램과 같은 특별 활동은 국립국악원 홈페이지에서 예약 후 참여하실 수 있습니다.","=GOOGLETRANSLATE(A570, ""ko"", ""en"")"
꿀벌나라테마공원,"=GOOGLETRANSLATE(A571, ""ko"", ""en"")"
경북 칠곡군 석적읍 강변대로 1580-1,"=GOOGLETRANSLATE(A572, ""ko"", ""en"")"
"꿀벌나라테마공원의 입장 및 관람은 무료입니다. 단, 꿀비누 체험(5,000원), 꿀뜨기 체험(7,000원), 비즈시트초 체험(5,000원) 등 유료 체험 프로그램은 별도의 참가비가 발생합니다. 자세한 내용과 프로그램 운영 시간은 홈페이지를 참고해 주세요.","=GOOGLETRANSLATE(A573, ""ko"", ""en"")"
섬진강수달생태공원트리타워전망대,"=GOOGLETRANSLATE(A574, ""ko"", ""en"")"
전남 구례군 간전면 간전중앙로 49,"=GOOGLETRANSLATE(A575, ""ko"", ""en"")"
2024년 4월 기준으로 트리타워전망대와 섬진강수달생태공원 모두 입장료와 주차비가 무료입니다. 다만 추후 유료로 전환될 수 있으니 공식 안내를 방문 전에 꼭 확인해 주세요.,"=GOOGLETRANSLATE(A576, ""ko"", ""en"")"
국립낙동강생물자원관,"=GOOGLETRANSLATE(A577, ""ko"", ""en"")"
경북 상주시 도남2길 137,"=GOOGLETRANSLATE(A578, ""ko"", ""en"")"
"운영시간은 화~일요일 09:30~17:30입니다(입장마감 17:00). 매주 월요일, 1월 1일, 설날 및 추석 전·당일, 6월 3일(설립일)은 휴관이며, 월요일이 공휴일인 경우 그 다음 평일이 휴관입니다. 입장료는 대인 3,000원, 청소년/소인 2,000원이며, 만 4세 이하, 만 65세 이상, 장애인 등은 무료입니다. 상주시민, 다자녀 가정 등은 할인 혜택이 있습니다. VR체험, 4D영상 등은 별도 요금(각 1,000원)이 있습니다.","=GOOGLETRANSLATE(A579, ""ko"", ""en"")"
해군항공사령부 항공역사관,"=GOOGLETRANSLATE(A580, ""ko"", ""en"")"
경북 포항시 남구 동해안로 5947,"=GOOGLETRANSLATE(A581, ""ko"", ""en"")"
"입장료와 주차 요금 모두 무료입니다. 관람 시 입구에서 방명록에 날짜, 이름, 방문 인원을 작성한 후 입장하실 수 있습니다. 건물 뒤편에 약 10대 정도 주차 가능한 전용 주차장이 마련되어 있어 이용이 편리합니다.","=GOOGLETRANSLATE(A582, ""ko"", ""en"")"
명지산생태전시관,"=GOOGLETRANSLATE(A583, ""ko"", ""en"")"
경기도 가평군 북면 가화로 2089-42 가평군생태탐방학습원,"=GOOGLETRANSLATE(A584, ""ko"", ""en"")"
"명지산생태전시관은 입장료가 무료이며, 전시관 앞에 주차장이 마련되어 있습니다. 운영시간은 매일 09:00~18:00이며, 12:00~13:00에는 휴게시간입니다. 공휴일은 휴무이니 방문 전 참고해주세요.","=GOOGLETRANSLATE(A585, ""ko"", ""en"")"
경기북부어린이박물관,"=GOOGLETRANSLATE(A586, ""ko"", ""en"")"
경기도 동두천시 평화로2910번길 46 경기북부어린이박물관,"=GOOGLETRANSLATE(A587, ""ko"", ""en"")"
"입장료는 개인 4,000원, 12개월 미만 영아는 무료입니다. 경기도민(배우자 및 자녀 포함), 경기도 공무원(동반 3인까지), SOFA 협정에 의한 군인(배우자 및 자녀 포함)은 관련 증빙서류를 지참할 경우 2,000원 할인 혜택이 적용됩니다. 기타 세부 할인 정책은 홈페이지에서 확인할 수 있습니다. 입장권을 보여줄 경우 박물관 주차장을 무료로 이용할 수 있으니 입장권은 반드시 소지해 주세요.","=GOOGLETRANSLATE(A588, ""ko"", ""en"")"
이천 농업테마공원,"=GOOGLETRANSLATE(A589, ""ko"", ""en"")"
경기도 이천시 모가면 공원로 48,"=GOOGLETRANSLATE(A590, ""ko"", ""en"")"
이천 농업테마공원은 입장료가 무료입니다. 주차장도 마련되어 있어 무료로 이용하실 수 있습니다.,"=GOOGLETRANSLATE(A591, ""ko"", ""en"")"
경기도 포천시 군내면 청성로 72,"=GOOGLETRANSLATE(A592, ""ko"", ""en"")"
"코버월드는 월요일부터 토요일까지 오전 10시부터 오후 5시 30분까지 운영하며, 일요일은 정기휴무입니다. 입장료는 개인 기준 6,000원, 단체(20명 이상) 5,000원이며, 장애인 및 국가유공자는 20% 할인이 적용됩니다. 5세 이하 어린이는 무료 입장이 가능합니다.","=GOOGLETRANSLATE(A593, ""ko"", ""en"")"
파주공룡박물관,"=GOOGLETRANSLATE(A594, ""ko"", ""en"")"
경기도 파주시 탄현면 헤이리마을길 93-83,"=GOOGLETRANSLATE(A595, ""ko"", ""en"")"
"입장료는 대인/소인 7,000원이며, 네이버 예매 시 6,500원입니다. 24개월 미만 영유아는 무료로 입장할 수 있습니다. 운영시간은 화요일~일요일 10:30~18:00(입장 및 매표 마감은 17:00)입니다. 월요일은 정기 휴무이며, 월요일이 공휴일인 경우에는 화요일이 휴관입니다.","=GOOGLETRANSLATE(A596, ""ko"", ""en"")"
"구미 에코랜드의 운영시간은 하절기(3~10월) 오전 9시~오후 5시, 동절기(11~2월) 오전 9시~오후 4시입니다(휴게시간 11:50~12:50). 매주 월요일은 휴무이며, 월요일이 공휴일인 경우 정상 운영 후 익일(화요일) 휴관입니다. 입장료는 무료이며, 모노레일·목공예·숲체험 등의 체험 프로그램은 별도 요금이 있습니다. 모노레일과 목공예, 숲체험 프로그램 요금은 어른 6,000원/어린이, 청소년, 어르신 4,000원 등 세부 금액이 다르며, 구미시민은 50% 할인 적용됩니다. 36개월 미만 영아는 모노레일 이용 시 무료입니다.","=GOOGLETRANSLATE(A597, ""ko"", ""en"")"
김천녹색미래과학관,"=GOOGLETRANSLATE(A598, ""ko"", ""en"")"
경북 김천시 혁신6로 31,"=GOOGLETRANSLATE(A599, ""ko"", ""en"")"
"상설전시관 입장료는 어른 3,000원, 청소년 및 군인 2,000원, 초등학생 1,500원입니다. 6세 이하 유아는 무료로 입장할 수 있습니다. 4D 풀돔영상관은 어른 2,000원, 청소년 및 군인 1,500원, 초등학생 및 미취학아동 1,000원입니다. 단, 5세 미만 또는 키 100cm 미만 어린이는 4D 풀돔영상관 이용이 불가합니다.","=GOOGLETRANSLATE(A600, ""ko"", ""en"")"
대구녹색학습원,"=GOOGLETRANSLATE(A601, ""ko"", ""en"")"
대구광역시 수성구 달구벌대로 3170 대구농업마이스터고등학교,"=GOOGLETRANSLATE(A602, ""ko"", ""en"")"
"대구녹색학습원은 관람요금이 무료입니다. 토요일 가족 프로그램 등 일부 체험 프로그램은 사전 예약이 필요하며, 별도의 재료비가 발생할 수 있습니다.","=GOOGLETRANSLATE(A603, ""ko"", ""en"")"
아르떼 키즈파크 제주,"=GOOGLETRANSLATE(A604, ""ko"", ""en"")"
제주특별자치도 제주시 애월읍 월각로 929,"=GOOGLETRANSLATE(A605, ""ko"", ""en"")"
KBS수원센터,"=GOOGLETRANSLATE(A606, ""ko"", ""en"")"
경기도 수원시 팔달구 인계로 123 KBS수원방송센타,"=GOOGLETRANSLATE(A607, ""ko"", ""en"")"
KBS수원센터의 견학 프로그램과 주차장은 모두 무료로 이용할 수 있습니다.,"=GOOGLETRANSLATE(A608, ""ko"", ""en"")"
동의참누리원 영천한의마을,"=GOOGLETRANSLATE(A609, ""ko"", ""en"")"
경상북도 영천시 화룡동 128,"=GOOGLETRANSLATE(A610, ""ko"", ""en"")"
"입장료는 무료입니다. 족욕체험은 6,000원, 한방비누 만들기는 10,000원이며, 한옥체험관(한이)은 150,000원, 한옥체험관(약이)은 180,000원입니다. 각 체험 프로그램 및 숙박은 별도의 요금이 부과되므로 원하는 프로그램이나 숙박 이용 시 해당 비용을 확인해 주세요.","=GOOGLETRANSLATE(A611, ""ko"", ""en"")"
아리수나라,"=GOOGLETRANSLATE(A612, ""ko"", ""en"")"
서울특별시 광진구 능동로 238 서울시민안전체험관,"=GOOGLETRANSLATE(A613, ""ko"", ""en"")"
"아리수나라는 입장료가 무료이며, 체험 시간은 회차별로 80분 이내에 진행됩니다. 1일 5회차(09:30~10:50, 11:00~12:20, 13:00~14:20, 14:30~15:50, 16:00~17:20)로 운영됩니다. 영업 시간은 화요일~일요일 09:00~18:00이며, 매주 월요일과 1월 1일, 설날 및 추석 연휴는 휴관입니다.","=GOOGLETRANSLATE(A614, ""ko"", ""en"")"
봉수대해변체험시설,"=GOOGLETRANSLATE(A615, ""ko"", ""en"")"
강원도 고성군 죽왕면 봉수대길 10-22 봉수대해변,"=GOOGLETRANSLATE(A616, ""ko"", ""en"")"
"성인 개인 기준 10,000원(단체 8,000원), 청소년, 어린이, 군인 개인 기준 8,000원(단체 6,000원)입니다.","=GOOGLETRANSLATE(A617, ""ko"", ""en"")"
개구리생태공원 개구리전시관,"=GOOGLETRANSLATE(A618, ""ko"", ""en"")"
"입장 요금은 대인 2,000원, 청소년 1,000원, 어린이 700원이며, 만 6세 이하 미취학 아동은 무료로 입장할 수 있습니다.","=GOOGLETRANSLATE(A619, ""ko"", ""en"")"
제주항공우주박물관,"=GOOGLETRANSLATE(A620, ""ko"", ""en"")"
제주 서귀포시 안덕면 녹차분재로 218 제주항공우주박물관,"=GOOGLETRANSLATE(A621, ""ko"", ""en"")"
"입장료는 성인 10,000원, 청소년 9,000원, 어린이 8,000원이며, 36개월 미만 유아는 무료입니다. 운영 시간은 매일 9:00~18:00이며, 입장 마감은 17시입니다. 매달 3번째 월요일은 정기 휴무입니다.","=GOOGLETRANSLATE(A622, ""ko"", ""en"")"
한수원 홍보관,"=GOOGLETRANSLATE(A623, ""ko"", ""en"")"
경북 경주시 문무대왕면 불국로 1655,"=GOOGLETRANSLATE(A624, ""ko"", ""en"")"
"입장료 및 관람료는 무료입니다. 운영 시간은 월요일부터 토요일까지 오전 10시부터 오후 4시까지입니다. 일요일은 정기휴무이며, 방문 예약은 지원되지 않습니다(사전 예약 불가). 단체견학이 있으면 일정에 따라 해설 프로그램이 동반될 수 있습니다.","=GOOGLETRANSLATE(A625, ""ko"", ""en"")"
광주시립미술관,"=GOOGLETRANSLATE(A626, ""ko"", ""en"")"
광주광역시 북구 하서로 52 광주시립미술관 광주시립미술관,"=GOOGLETRANSLATE(A627, ""ko"", ""en"")"
"광주시립미술관은 관람이 무료입니다. 운영시간은 화요일부터 일요일까지 오전 10시부터 오후 6시까지이며, 입장 마감 시간은 따로 표기되어 있지 않습니다. 월요일은 정기 휴무입니다. 매달 '문화가 있는 날'에는 운영시간이 오후 8시까지 연장됩니다.","=GOOGLETRANSLATE(A628, ""ko"", ""en"")"
국립광주박물관,"=GOOGLETRANSLATE(A629, ""ko"", ""en"")"
광주광역시 북구 하서로 110 국립광주박물관,"=GOOGLETRANSLATE(A630, ""ko"", ""en"")"
"운영시간은 매일 10:00~18:00까지이며, 설과 추석 당일, 4월·11월 첫 번째 월요일은 휴무입니다(쉬어가는 시간 12:00~13:00). 입장료는 무료입니다. 어린이 박물관 체험은 1일 5회차로 운영되고, 회당 80명(온라인 예약 50명, 현장 예약 30명) 선착순 입장입니다.","=GOOGLETRANSLATE(A631, ""ko"", ""en"")"
백제군사박물관,"=GOOGLETRANSLATE(A632, ""ko"", ""en"")"
충남 논산시 부적면 충곡로 311-54,"=GOOGLETRANSLATE(A633, ""ko"", ""en"")"
백제군사박물관은 모든 방문객에게 입장료가 무료입니다. 일부 체험 프로그램도 무료로 운영됩니다.,"=GOOGLETRANSLATE(A634, ""ko"", ""en"")"
나비생태원,"=GOOGLETRANSLATE(A635, ""ko"", ""en"")"
대구광역시 동구 팔공로50길 66,"=GOOGLETRANSLATE(A636, ""ko"", ""en"")"
"나비생태원은 입장료와 주차료가 모두 무료입니다. 운영시간은 화요일부터 일요일까지 오전 10시부터 오후 5시까지이며, 매주 월요일은 정기휴무입니다. 그 외 1월 1일, 설날, 추석 등은 별도의 공지가 있을 수 있습니다.","=GOOGLETRANSLATE(A637, ""ko"", ""en"")"
국립전북기상과학관,"=GOOGLETRANSLATE(A638, ""ko"", ""en"")"
전북특별자치도 정읍시 서부산업도로 168-43 국립전북기상과학관,"=GOOGLETRANSLATE(A639, ""ko"", ""en"")"
"입장료는 어른(개인) 2,000원, 청소년 및 어린이 1,000원, 20인 이상 단체는 어른 1,000원, 청소년 500원입니다. 유아, 경로우대자, 우대고객은 무료입니다. 프로그램은 1일 3회(10:00, 13:00, 15:00) 운영되며, 한 회차 최대 150명까지 참여할 수 있습니다. 홈페이지 사전예약 또는 현장 방문접수로 이용할 수 있습니다.","=GOOGLETRANSLATE(A640, ""ko"", ""en"")"
삼성화재교통박물관,"=GOOGLETRANSLATE(A641, ""ko"", ""en"")"
경기도 용인시 처인구 포곡읍 에버랜드로 376번길 171,"=GOOGLETRANSLATE(A642, ""ko"", ""en"")"
"입장료는 대인(만 20~65세) 6,000원, 소인(3~19세) 5,000원, 경로(66세 이상) 3,000원이며, 24개월 미만 유아는 무료입니다. 영업시간은 화~금 09:00~17:00, 토~일 10:00~18:00(월요일 휴무)입니다. '입구'에서 입장료를 지불하며, 넓은 무료 주차장이 마련되어 있습니다. 주말과 평일의 오픈/마감 시간이 다르니 방문 전 꼭 확인하세요.","=GOOGLETRANSLATE(A643, ""ko"", ""en"")"
보현산자연휴양림 산림복합체험관,"=GOOGLETRANSLATE(A644, ""ko"", ""en"")"
경상북도 영천시 화북면 입석리 산54,"=GOOGLETRANSLATE(A645, ""ko"", ""en"")"
"운영 시간은 월요일, 목요일~일요일 오전 9시부터 오후 6시까지입니다. 화요일과 수요일은 정기휴무입니다. 회차별 요금은 1인당 10,000원입니다. 주차장은 마련되어 있으며 별도의 주차요금은 없습니다.","=GOOGLETRANSLATE(A646, ""ko"", ""en"")"
한국금융사박물관,"=GOOGLETRANSLATE(A647, ""ko"", ""en"")"
서울특별시 중구 세종대로 135-5 조흥금융박물관,"=GOOGLETRANSLATE(A648, ""ko"", ""en"")"
한국금융사박물관의 관람과 체험 프로그램 모두 무료로 이용하실 수 있습니다.,"=GOOGLETRANSLATE(A649, ""ko"", ""en"")"
울진곤충여행관,"=GOOGLETRANSLATE(A650, ""ko"", ""en"")"
경북 울진군 근남면 수산리 344-12,"=GOOGLETRANSLATE(A651, ""ko"", ""en"")"
"입장료는 어른 4,000원, 청소년 및 군인 3,000원, 어린이(4~12세)와 경로는 2,000원이며, 36개월 이하는 무료 입장입니다. 운영시간은 화요일부터 일요일까지 09:00~18:00이며, 월요일은 정기휴무입니다. 동절기에는 17:00까지 운영될 수 있으니 방문 전 확인해 주세요.","=GOOGLETRANSLATE(A652, ""ko"", ""en"")"
경상북도교육청과학원,"=GOOGLETRANSLATE(A653, ""ko"", ""en"")"
"경상북도 포항시 북구 우미길 93 경북과학고등학교,경상북도교육청과학원","=GOOGLETRANSLATE(A654, ""ko"", ""en"")"
"운영 시간은 화요일부터 일요일까지 오전 10시부터 오후 5시까지이며, 매주 월요일은 정기 휴무입니다. 점심시간은 12시 20분부터 13시 30분까지 잠시 운영을 중단합니다. 입장료와 관람료는 모두 무료입니다.","=GOOGLETRANSLATE(A655, ""ko"", ""en"")"
곤충생태전시관,"=GOOGLETRANSLATE(A656, ""ko"", ""en"")"
경북 상주시 함창읍 교촌리 411,"=GOOGLETRANSLATE(A657, ""ko"", ""en"")"
연오랑세오녀테마공원,"=GOOGLETRANSLATE(A658, ""ko"", ""en"")"
경상북도 포항시 남구 동해면 호미로 3012 연오랑 세오녀 문화공원,"=GOOGLETRANSLATE(A659, ""ko"", ""en"")"
연오랑세오녀테마공원은 입장료와 주차요금이 모두 무료입니다. 넓은 공원 주차장이 마련되어 있어 가족 단위 방문 시에도 편리하게 이용하실 수 있습니다.,"=GOOGLETRANSLATE(A660, ""ko"", ""en"")"
한국가사문학관,"=GOOGLETRANSLATE(A661, ""ko"", ""en"")"
전남 담양군 가사문학면 가사문학로 877,"=GOOGLETRANSLATE(A662, ""ko"", ""en"")"
안양그린마루,"=GOOGLETRANSLATE(A663, ""ko"", ""en"")"
경기도 안양시 만안구 화창로 10,"=GOOGLETRANSLATE(A664, ""ko"", ""en"")"
청주백제유물전시관,"=GOOGLETRANSLATE(A665, ""ko"", ""en"")"
충청북도 청주시 흥덕구 1순환로 438번길 9,"=GOOGLETRANSLATE(A666, ""ko"", ""en"")"
수퍼빈 아이엠팩토리 화성,"=GOOGLETRANSLATE(A667, ""ko"", ""en"")"
경기도 화성시 우정읍 사기말길27번길 87-41 1-4층,"=GOOGLETRANSLATE(A668, ""ko"", ""en"")"
안성맞춤천문과학관,"=GOOGLETRANSLATE(A669, ""ko"", ""en"")"
경기도 안성시 보개면 남사당로 198-9 안성맞춤 천문과학관,"=GOOGLETRANSLATE(A670, ""ko"", ""en"")"
"입장료는 성인(만 19세 이상) 4,000원, 청소년·어린이(만 5세 ~ 만 18세) 2,000원입니다. 안성시민, 만 65세 이상, 다자녀 가정 등은 50% 할인받을 수 있습니다. 상세한 할인대상은 홈페이지 또는 현장 안내를 참고해 주세요.","=GOOGLETRANSLATE(A671, ""ko"", ""en"")"
인천어린이과학관,"=GOOGLETRANSLATE(A672, ""ko"", ""en"")"
인천광역시 계양구 방축로 21 인천어린이과학관,"=GOOGLETRANSLATE(A673, ""ko"", ""en"")"
"상설전시관 입장료는 성인 4,000원, 청소년 및 어린이 2,000원입니다. 4D영상관은 성인 3,000원, 청소년 및 어린이 1,000원입니다. 만 6세 이하, 만 65세 이상, 인천 시민(50% 감면) 등 다양한 감면 및 무료 혜택이 있으니 상세한 내용은 공식 홈페이지를 참고해 주세요.","=GOOGLETRANSLATE(A674, ""ko"", ""en"")"
김천유아숲체험원,"=GOOGLETRANSLATE(A675, ""ko"", ""en"")"
경상북도 김천시 혁신6로 31 김천녹색미래과학관,"=GOOGLETRANSLATE(A676, ""ko"", ""en"")"
"김천유아숲체험원은 연중무휴로 상시 개방되며, 입장료는 무료입니다.","=GOOGLETRANSLATE(A677, ""ko"", ""en"")"
국립충남기상과학관,"=GOOGLETRANSLATE(A678, ""ko"", ""en"")"
충남 홍성군 홍북읍 첨단산단로 15,"=GOOGLETRANSLATE(A679, ""ko"", ""en"")"
"운영시간은 화요일~일요일 오전 10시부터 오후 5시 30분까지이며, 입장 마감은 오후 5시입니다. 매주 월요일, 1월 1일, 설날, 추석 당일은 휴관입니다. 입장료는 성인 2,000원, 청소년 및 어린이 1,000원, 단체는 각각 1,000원(성인)과 500원(청소년 및 어린이)입니다. 유아(유치원생 포함), 경로우대자, 우대고객 등은 무료로 입장할 수 있습니다. 자세한 무료대상은 현장 공지나 홈페이지를 참고해 주세요.","=GOOGLETRANSLATE(A680, ""ko"", ""en"")"
서울특별시교육청융합과학교육원 남산분원 수학체험관,"=GOOGLETRANSLATE(A681, ""ko"", ""en"")"
서울특별시 중구 소파로 46 서울특별시교육연구정보원 4층 수학체험관,"=GOOGLETRANSLATE(A682, ""ko"", ""en"")"
"입장료는 무료입니다. 운영 시간은 화요일부터 일요일까지 10:00~17:00이고, 월요일은 정기 휴무입니다. 운영시간은 1부 10:00~12:00, 2부 13:00~17:00로 나뉘며, 12:00~13:00은 점심시간으로 입장이 제한될 수 있습니다.","=GOOGLETRANSLATE(A683, ""ko"", ""en"")"
옥토끼우주센터,"=GOOGLETRANSLATE(A684, ""ko"", ""en"")"
인천광역시 강화군 불은면 강화동로 403 옥토끼우주센터,"=GOOGLETRANSLATE(A685, ""ko"", ""en"")"
"요금은 자유이용권 베이비(24~36개월 미만) 9,000원, 소인(36개월~초등학생) 17,000원, 대인(중학생~65세 미만) 16,000원입니다. 0~24개월 미만 영유아는 무료 입장이 가능하지만, 만 24개월 미만 어린 아이는 시설 이용이 제한되고 야외 공간만 이용 가능합니다.","=GOOGLETRANSLATE(A686, ""ko"", ""en"")"
칠곡수학체험센터,"=GOOGLETRANSLATE(A687, ""ko"", ""en"")"
경북 칠곡군 북삼읍 시덕로 311,"=GOOGLETRANSLATE(A688, ""ko"", ""en"")"
칠곡수학체험센터의 입장료와 체험 프로그램 참가비는 모두 무료입니다.,"=GOOGLETRANSLATE(A689, ""ko"", ""en"")"
거창사과테마파크 전시관,"=GOOGLETRANSLATE(A690, ""ko"", ""en"")"
경남 거창군 거창읍 거함대로 3372,"=GOOGLETRANSLATE(A691, ""ko"", ""en"")"
"전시관 및 야외 공원 등 기본 관람은 무료입니다. 단, 사과 요리교실 등 일부 체험 프로그램은 재료비를 본인이 부담해야 하며, 프로그램별로 비용이 달라질 수 있으므로 사전 문의가 필요합니다.","=GOOGLETRANSLATE(A692, ""ko"", ""en"")"
창원과학체험관,"=GOOGLETRANSLATE(A693, ""ko"", ""en"")"
경상남도 창원시 성산구 충혼로72번길 16 (중앙동),"=GOOGLETRANSLATE(A694, ""ko"", ""en"")"
"기본 입장료는 성인 3,000원, 청소년 및 군인 2,500원, 초등학생 2,000원입니다. 4D 특수영상관과 플라네타룸은 별도 요금이 필요하며, 성인 2,000원, 청소년 및 군인, 초등학생은 1,500원입니다. 미취학 아동 및 영유아, 다자녀 가구(2명 이상 자녀)는 증빙서류 지참 시 입장이 무료입니다.","=GOOGLETRANSLATE(A695, ""ko"", ""en"")"
오키나와 어린이나라 원더뮤지엄,"=GOOGLETRANSLATE(A696, ""ko"", ""en"")"
"5 Chome-7-1 Goya, Okinawa, 904-0021 일본","=GOOGLETRANSLATE(A697, ""ko"", ""en"")"
"입장료는 성인 200엔, 중·고등학생 100엔, 4세~초등학생 100엔, 3세 이하는 무료입니다. 하절기(4월~9월)에는 09:30~18:00(입장 마감 17시), 동절기(10월~3월)에는 09:30~17:30(입장 마감 16시 30분)까지 운영합니다.","=GOOGLETRANSLATE(A698, ""ko"", ""en"")"
멀티버스플래닛 여수,"=GOOGLETRANSLATE(A699, ""ko"", ""en"")"
전남 여수시 박람회길 1,"=GOOGLETRANSLATE(A700, ""ko"", ""en"")"
바베큐팩토리 거북섬점,"=GOOGLETRANSLATE(A701, ""ko"", ""en"")"
경기도 시흥시 거북섬서로 45 MTV 유통2(제2종 근생) 바베큐팩토리 거북섬점,"=GOOGLETRANSLATE(A702, ""ko"", ""en"")"
서울하수도과학관,"=GOOGLETRANSLATE(A703, ""ko"", ""en"")"
서울시 성동구 자동차시장3길 64,"=GOOGLETRANSLATE(A704, ""ko"", ""en"")"
"입장료는 무료입니다. 관람 시간은 화요일부터 일요일까지 오전 9시부터 오후 5시까지이며, 매주 월요일은 정기 휴관입니다.","=GOOGLETRANSLATE(A705, ""ko"", ""en"")"
부산과학체험관,"=GOOGLETRANSLATE(A706, ""ko"", ""en"")"
부산시 동구 중앙대로260번길 11,"=GOOGLETRANSLATE(A707, ""ko"", ""en"")"
"입장료는 학생 및 학부모는 무료, 성인(학생 미동반)은 2,000원, 6세 미만은 무료입니다. 주말 프로그램은 프로그램별로 요금이 변동될 수 있습니다.","=GOOGLETRANSLATE(A708, ""ko"", ""en"")"
김천시청소년테마파크,"=GOOGLETRANSLATE(A709, ""ko"", ""en"")"
"입장 시 구역별 1시간 기준 기본 이용요금을 선결제하고, 퇴장 시 초과 이용한 시간만큼 추가 요금을 정산합니다. 평일 기준 어린이존 6,000원, 청소년존 10,000원, 실내서핑장 20,000원이며, 주말 및 공휴일은 각각 8,000원, 12,000원, 23,000원입니다. 추가요금은 10분당 어린이존 1,000원, 청소년존 2,000원이 부과됩니다. 범퍼카(2,000원)와 VR 체험(5,000원)은 별도 요금이 적용되고, 결제는 카드가 가능합니다.","=GOOGLETRANSLATE(A710, ""ko"", ""en"")"
서울로봇인공지능과학관,"=GOOGLETRANSLATE(A711, ""ko"", ""en"")"
서울특별시 도봉구 마들로13길 56,"=GOOGLETRANSLATE(A712, ""ko"", ""en"")"
"관람 시간은 화~일요일 09:30~17:30이며, 월요일에는 휴관합니다. 입장료는 어린이(0~13세), 청소년(중고등학생), 65세 이상, 장애인 등은 무료이고, 성인(20~64세)은 3층 상설전시만 2,000원(4층 기획전시는 무료)입니다. 일부 공간(4층 기획전시실, 3층 상설전시실, 아뜰리에, 주말프로그램 등)은 서울시 공공서비스 예약사이트를 통해 사전 예약 후 이용해야 하며, 예약 없이 자유 관람도 가능한 공간(1층, 일부 2층, 일부 3층)이 있습니다. 예약 시 보호자 포함 인원 전체를 예약해야 하며, 현장 접수는 취소 수량에 한해 가능합니다. 주말에는 현장접수가 불가한 경우가 많으니 유의하세요.","=GOOGLETRANSLATE(A713, ""ko"", ""en"")"
울산과학관,"=GOOGLETRANSLATE(A714, ""ko"", ""en"")"
"울산광역시 남구 남부순환도로 111 울산광역시교육연구정보원, 울산과학관","=GOOGLETRANSLATE(A715, ""ko"", ""en"")"
"울산과학관은 입장료가 무료입니다. 별도의 예약 없이 현장에서 바로 입장할 수 있습니다. 단, 인기 체험 프로그램(예: 일부 VR 체험 등)의 경우 홈페이지를 통한 사전 신청이 필요한 경우가 있으니, 해당 프로그램 참여를 원하시면 사전에 확인이 필요합니다.","=GOOGLETRANSLATE(A716, ""ko"", ""en"")"
국립수산과학원수산과학관,"=GOOGLETRANSLATE(A717, ""ko"", ""en"")"
부산광역시 기장군 기장읍 기장해안로 216 수산과학원,"=GOOGLETRANSLATE(A718, ""ko"", ""en"")"
"입장료는 무료입니다. 운영시간은 화~일요일 오전 9시부터 오후 6시까지이며, 입장 마감은 17시 30분입니다. 매주 월요일은 정기휴무이나, 월요일이 공휴일이면 정상 개관합니다.","=GOOGLETRANSLATE(A719, ""ko"", ""en"")"
인천학생과학관,"=GOOGLETRANSLATE(A720, ""ko"", ""en"")"
인천광역시 중구 영종대로277번길 74-10 인천광역시교육청 교육과학정보원,"=GOOGLETRANSLATE(A721, ""ko"", ""en"")"
인천학생과학관은 입장료가 무료입니다. 운영시간은 화요일부터 일요일까지 오전 10시부터 오후 5시까지입니다. 월요일은 정기 휴무일입니다.,"=GOOGLETRANSLATE(A722, ""ko"", ""en"")"
부안누에타운,"=GOOGLETRANSLATE(A723, ""ko"", ""en"")"
전북 부안군 변산면 참뽕로 434-20,"=GOOGLETRANSLATE(A724, ""ko"", ""en"")"
"운영시간은 화~일요일 오전 9시~오후 6시입니다(월요일 정기휴무, 월요일이 공휴일이면 화요일 휴관). 입장료는 성인 3,000원, 어린이 및 청소년(5~18세), 부안군민, 65세 이상은 1,500원, 4세 이하는 무료입니다. 20명 이상 단체 및 외국인 5명 이상은 2,000원, 부안군 소재 숙박업소나 식당 방문 영수증 제시 시 성인 1,000원 할인이 적용되니 참고하세요.","=GOOGLETRANSLATE(A725, ""ko"", ""en"")"
포천아트밸리,"=GOOGLETRANSLATE(A726, ""ko"", ""en"")"
경기도 포천시 신북면 아트밸리로 234,"=GOOGLETRANSLATE(A727, ""ko"", ""en"")"
"포천아트밸리의 미취학 아동은 입장료와 모노레일 탑승료가 무료입니다. 어린이(초등학생)는 입장료 1,500원, 모노레일 왕복 2,600원(편도 3,300원), 청소년은 입장료 3,000원, 모노레일 왕복 4,300원(편도 3,300원), 성인은 입장료 5,000원, 모노레일 왕복 5,300원(편도 4,300원)입니다. 매달 첫 번째 화요일은 정기휴무일이니 참고해주세요.","=GOOGLETRANSLATE(A728, ""ko"", ""en"")"
싱가포르 사이언스 센터,"=GOOGLETRANSLATE(A729, ""ko"", ""en"")"
"15 Science Centre Rd, 싱가포르 609081","=GOOGLETRANSLATE(A730, ""ko"", ""en"")"
"사이언스 센터 입장권은 온라인 사전 예매만 가능하며 공식 홈페이지 또는 해외 예약 사이트에서 구매할 수 있습니다. 성인은 SGD 12, 어린이(3~12세)는 SGD 8입니다. 3세 미만 어린이는 무료 입장입니다. 현장 구매도 수용 인원에 따라 당일 가능할 수도 있으나, 사전에 예매하는 것이 안전합니다. 입장 시 QR코드를 제시하며 재입장도 허용됩니다. 옴니 극장, 키즈스탑 등 일부 부대시설은 별도 요금이 적용됩니다.","=GOOGLETRANSLATE(A731, ""ko"", ""en"")"
에코누리 구미시 탄소제로교육관,"=GOOGLETRANSLATE(A732, ""ko"", ""en"")"
경북 구미시 금오산로 336-97,"=GOOGLETRANSLATE(A733, ""ko"", ""en"")"
"관람 및 체험은 사전 온라인 예약이 원칙이나, 전시실의 경우 예약 인원이 미달될 시 현장 접수도 가능합니다. 특히 실내놀이터(에코정글랜드)는 사전 예약이 필수입니다. 모든 전시와 체험, 프로그램 이용은 무료입니다.","=GOOGLETRANSLATE(A734, ""ko"", ""en"")"
울산중구어린이역사과학체험관,"=GOOGLETRANSLATE(A735, ""ko"", ""en"")"
울산광역시 중구 새즈믄해거리 37,"=GOOGLETRANSLATE(A736, ""ko"", ""en"")"
"입장료는 1인당 3,000원입니다. 울산 중구 시민은 신분증 제시 시 입장료 할인을 받을 수 있습니다.","=GOOGLETRANSLATE(A737, ""ko"", ""en"")"
나로우주센터 우주과학관,"=GOOGLETRANSLATE(A738, ""ko"", ""en"")"
전남 고흥군 봉래면 하반로 490,"=GOOGLETRANSLATE(A739, ""ko"", ""en"")"
"입장료는 성인 3,000원, 청소년 및 어린이 1,500원이며, 미취학 어린이(7세 이하)는 무료입니다. (참고: 4D영상관은 내부 사정으로 운영이 중단되었습니다.)","=GOOGLETRANSLATE(A740, ""ko"", ""en"")"
국립대구기상과학관,"=GOOGLETRANSLATE(A741, ""ko"", ""en"")"
대구광역시 동구 효동로2길 10 대구지방기상청,"=GOOGLETRANSLATE(A742, ""ko"", ""en"")"
"국립대구기상과학관에는 전용 주차장이 마련되어 있으며, 주차 요금은 무료입니다.","=GOOGLETRANSLATE(A743, ""ko"", ""en"")"
최무선과학관,"=GOOGLETRANSLATE(A744, ""ko"", ""en"")"
경북 영천시 금호읍 창산길 100-29,"=GOOGLETRANSLATE(A745, ""ko"", ""en"")"
최무선과학관은 입장료가 무료입니다. 전용 주차장이 넉넉하게 마련되어 있어 방문객 누구나 무료로 이용할 수 있습니다.,"=GOOGLETRANSLATE(A746, ""ko"", ""en"")"
제천한방엑스포공원한방생명과학관,"=GOOGLETRANSLATE(A747, ""ko"", ""en"")"
충북 제천시 한방엑스포로 19,"=GOOGLETRANSLATE(A748, ""ko"", ""en"")"
한방생명과학관의 입장료는 무료입니다. 일부 특별 체험 프로그램은 현장 상황에 따라 유료로 운영될 수 있으니 구체적인 금액이나 운영 여부는 방문 전 사전 문의하시기 바랍니다.,"=GOOGLETRANSLATE(A749, ""ko"", ""en"")"
경기도교육청미래과학교육원,"=GOOGLETRANSLATE(A750, ""ko"", ""en"")"
경기도 수원시 장안구 수일로 135 경기과학고등학교 경기도교육청미래과학교육원,"=GOOGLETRANSLATE(A751, ""ko"", ""en"")"
경기도교육청미래과학교육원은 입장료와 주차비가 모두 무료입니다. 모든 전시관 및 체험 프로그램도 무료로 운영되고 있습니다. 현장에서 별도의 결제는 필요하지 않습니다.,"=GOOGLETRANSLATE(A752, ""ko"", ""en"")"
화포천습지과학관,"=GOOGLETRANSLATE(A753, ""ko"", ""en"")"
경남 김해시 진영읍 진영로265번길 330,"=GOOGLETRANSLATE(A754, ""ko"", ""en"")"
대전 신세계 넥스페리움,"=GOOGLETRANSLATE(A755, ""ko"", ""en"")"
대전광역시 유성구 엑스포로 1,"=GOOGLETRANSLATE(A756, ""ko"", ""en"")"
국립충주기상과학관,"=GOOGLETRANSLATE(A757, ""ko"", ""en"")"
충북 충주시 번영대로 270-10,"=GOOGLETRANSLATE(A758, ""ko"", ""en"")"
"어른은 2,000원, 청소년 및 어린이는 1,000원이며, 만 6세 이하 유아는 무료로 입장할 수 있습니다.","=GOOGLETRANSLATE(A759, ""ko"", ""en"")"
어메이징파크,"=GOOGLETRANSLATE(A760, ""ko"", ""en"")"
경기도 포천시 신북면 탑신로 860,"=GOOGLETRANSLATE(A761, ""ko"", ""en"")"
"[요금] 어메이징+과학관패키지: 9,500원 / 어메이징 입장료(야외코스): 5,500원 / 짚라인: 10,000원(입장권 소지자만 이용 가능, 단독 이용 불가) / 36개월 미만 무료입니다. 주차는 무료로 제공됩니다. 현장 구매보다 네이버 예매 등 온라인 예매 시 인당 500원 저렴하게 이용할 수 있습니다.","=GOOGLETRANSLATE(A762, ""ko"", ""en"")"
입장료는 무료입니다. 현재(기존 정보 기준) 예약은 지원되지 않습니다. 현장 방문으로 이용할 수 있습니다.,"=GOOGLETRANSLATE(A763, ""ko"", ""en"")"
삽교호 해양테마체험관,"=GOOGLETRANSLATE(A764, ""ko"", ""en"")"
충남 당진시 신평면 삽교천3길 79,"=GOOGLETRANSLATE(A765, ""ko"", ""en"")"
"함상공원과 해양테마과학관의 입장료는 대인 10,000원, 소인 9,000원, 우대 7,000원입니다. 운영시간은 화~일요일 09:00~18:00까지이며, 매주 월요일은 정기휴무입니다.","=GOOGLETRANSLATE(A766, ""ko"", ""en"")"
광명시영유아체험센터,"=GOOGLETRANSLATE(A767, ""ko"", ""en"")"
경기도 광명시 연서일로 25 광명동초등학교 광명동초등학교복합 어울마당 지하1층,"=GOOGLETRANSLATE(A768, ""ko"", ""en"")"
"입장료는 개인(7세 이하) 2,000원, 개인(8세 이상) 4,000원이며, 광명시민은 각각 1,000원과 2,000원으로 50% 할인이 적용됩니다. 다자녀 가정은 입장료가 무료입니다. 주요 이용 대상은 영유아 및 보호자입니다.","=GOOGLETRANSLATE(A769, ""ko"", ""en"")"
판교환경생태학습원,"=GOOGLETRANSLATE(A770, ""ko"", ""en"")"
경기도 성남시 분당구 대왕판교로645번길 21 판교생태학습원,"=GOOGLETRANSLATE(A771, ""ko"", ""en"")"
판교환경생태학습원은 입장료가 무료입니다. 지하주차장을 2시간 무료로 이용할 수 있습니다. 2시간 이후에는 추가 요금이 발생할 수 있으니 참고해 주세요.,"=GOOGLETRANSLATE(A772, ""ko"", ""en"")"
한울에너지팜,"=GOOGLETRANSLATE(A773, ""ko"", ""en"")"
경북 울진군 북면 울진북로 2040,"=GOOGLETRANSLATE(A774, ""ko"", ""en"")"
국립광주과학관,"=GOOGLETRANSLATE(A775, ""ko"", ""en"")"
광주 북구 첨단과기로 235,"=GOOGLETRANSLATE(A776, ""ko"", ""en"")"
"상설전시관 입장료는 어른 3,000원, 청소년 및 어린이 2,000원, 유아(유치원생), 경로, 우대고객은 무료입니다. 시설별로 입장료가 다르니 사전에 확인하세요. 주차 요금은 일반 차량 2,000원(1일), 경차 또는 친환경차 1,000원(50% 할인)이며, 장애인과 유공자는 주차요금이 면제됩니다.","=GOOGLETRANSLATE(A777, ""ko"", ""en"")"
타이페이 시립 천문과학교육관,"=GOOGLETRANSLATE(A778, ""ko"", ""en"")"
강원특별자치도 횡성군 우천면 전재로16번길 81,"=GOOGLETRANSLATE(A779, ""ko"", ""en"")"
콩세계과학관,"=GOOGLETRANSLATE(A780, ""ko"", ""en"")"
경북 영주시 부석면 영부로 23,"=GOOGLETRANSLATE(A781, ""ko"", ""en"")"
국립여수해양기상과학관,"=GOOGLETRANSLATE(A782, ""ko"", ""en"")"
전남 여수시 오동도로 61-9,"=GOOGLETRANSLATE(A783, ""ko"", ""en"")"
"입장료는 어른 3,000원, 청소년 및 어린이 1,500원이며, 유아(7세 이하)는 무료입니다. 무료 입장 대상자는 안내데스크에서 표를 발급받으셔야 합니다. (주: 65세 이상 경로우대 무료에 관한 내용은 기존 정보에는 없어 삭제했습니다.)","=GOOGLETRANSLATE(A784, ""ko"", ""en"")"
양주시스마트그린포트,"=GOOGLETRANSLATE(A785, ""ko"", ""en"")"
경기도 양주시 옥정로 397-13 2층,"=GOOGLETRANSLATE(A786, ""ko"", ""en"")"
"모든 체험과 프로그램은 무료로 이용할 수 있습니다. 운영시간은 화요일부터 일요일까지 오전 10시부터 오후 6시까지입니다. 매주 월요일은 정기휴무이며, 기타 공휴일에는 별도의 안내가 있을 수 있습니다.","=GOOGLETRANSLATE(A787, ""ko"", ""en"")"
강서별빛우주과학관,"=GOOGLETRANSLATE(A788, ""ko"", ""en"")"
서울특별시 강서구 금낭화로 178 강서별빛우주과학관,"=GOOGLETRANSLATE(A789, ""ko"", ""en"")"
"평일 과학관 전시실 관람은 무료이며(천체투영실 관람 제외), 천체투영실 관람은 어린이 및 청소년(7~18세) 1,000원, 성인(19~64세) 2,000원, 영유아(6세 이하)는 무료입니다. 특별 체험 프로그램은 별도의 참가비가 있을 수 있으니, 상세 금액은 홈페이지에서 확인해 주세요.","=GOOGLETRANSLATE(A790, ""ko"", ""en"")"
국립해양과학관,"=GOOGLETRANSLATE(A791, ""ko"", ""en"")"
경북 울진군 죽변면 해양과학길 8,"=GOOGLETRANSLATE(A792, ""ko"", ""en"")"
"국립해양과학관의 입장료와 주차비 모두 무료로 운영되고 있습니다. 일부 특별 프로그램이나 단체 관람의 경우 예약이 필요할 수 있으나, 일반 전시 및 관람은 별도의 예약 없이 자유롭게 입장할 수 있습니다.","=GOOGLETRANSLATE(A793, ""ko"", ""en"")"
포천아트밸리 천문과학관,"=GOOGLETRANSLATE(A794, ""ko"", ""en"")"
경기도 포천시 신북면 아트밸리로 234 포천아트밸리 천문과학관,"=GOOGLETRANSLATE(A795, ""ko"", ""en"")"
"포천아트밸리는 입장료가 있습니다(성인 5,000원, 청소년 3,000원, 어린이 1,500원, 만 7세 이하, 포천 시민, 경로는 무료)이며, 천문과학관 입장 및 프로그램(천체투영실, 천체관측)은 별도의 요금 없이 무료로 이용할 수 있습니다. 주차장 이용 또한 무료입니다.","=GOOGLETRANSLATE(A796, ""ko"", ""en"")"
충주고구려천문과학관,"=GOOGLETRANSLATE(A797, ""ko"", ""en"")"
충청북도 충주시 중앙탑면 묘곡내동길 100,"=GOOGLETRANSLATE(A798, ""ko"", ""en"")"
"입장료는 성인 3,000원, 청소년 2,000원, 어린이 1,000원입니다. 천체투영실 이용료는 1인당 500원의 부대시설요금이 추가됩니다. 충주시민, 65세 이상, 군인, 경찰, 장애인 등은 입장료 50% 할인을 받을 수 있습니다. 부대시설요금(천체투영실 등)은 할인에서 제외됩니다.","=GOOGLETRANSLATE(A799, ""ko"", ""en"")"
목포어린이바다과학관,"=GOOGLETRANSLATE(A800, ""ko"", ""en"")"
전남 목포시 삼학로92번길 98,"=GOOGLETRANSLATE(A801, ""ko"", ""en"")"
"관람 시간은 화요일부터 일요일까지 오전 9시부터 오후 6시까지이고, 마지막 입장은 오후 5시까지입니다. 매주 월요일은 정기휴무입니다. 입장료는 어른 3,000원, 청소년 및 군경 2,000원, 초등학생 1,000원, 유치원생 500원입니다. 4D 입체영상관은 별도 요금(2,000원)이 필요합니다.","=GOOGLETRANSLATE(A802, ""ko"", ""en"")"
국립해양문화재연구소&해양유물전시관,"=GOOGLETRANSLATE(A803, ""ko"", ""en"")"
전남 목포시 남농로 136,"=GOOGLETRANSLATE(A804, ""ko"", ""en"")"
조류생태과학관,"=GOOGLETRANSLATE(A805, ""ko"", ""en"")"
경기도 의왕시 왕송못동로 209 의왕조류생태과학관,"=GOOGLETRANSLATE(A806, ""ko"", ""en"")"
"입장료는 성인 5,000원, 학생 3,000원, 어린이 1,000원입니다. 레일바이크나 철도박물관을 같은 날 이용하면 입장권 50% 할인 혜택을 받을 수 있습니다. 전용 주차장이 있으며 주차는 무료입니다.","=GOOGLETRANSLATE(A807, ""ko"", ""en"")"
구미어린이과학체험관,"=GOOGLETRANSLATE(A808, ""ko"", ""en"")"
경북 구미시 옥계북로 51,"=GOOGLETRANSLATE(A809, ""ko"", ""en"")"
"구미어린이과학체험관은 입장료가 무료입니다. 사전 예약제로만 운영되며, 예약은 홈페이지 또는 공식 채널을 통해 할 수 있습니다. 현장 방문 시 예약 없이 입장할 수 없으니, 반드시 방문 전 원하는 날짜와 시간대를 사전에 예약해야 합니다.","=GOOGLETRANSLATE(A810, ""ko"", ""en"")"
태안군가족공감센터,"=GOOGLETRANSLATE(A811, ""ko"", ""en"")"
충청남도 태안군 태안읍 백화로 181 태안군가족공감센터,"=GOOGLETRANSLATE(A812, ""ko"", ""en"")"
"어린이과학관과 어린이놀이터는 무료로 이용할 수 있습니다. 어린이수영장은 초등학생 이하 아동은 1,750원, 보호자는 3,500원의 이용료가 있습니다.","=GOOGLETRANSLATE(A813, ""ko"", ""en"")"
스페이스아날로그,"=GOOGLETRANSLATE(A814, ""ko"", ""en"")"
경기도 과천시 상하벌로 110 국립과천과학관,"=GOOGLETRANSLATE(A815, ""ko"", ""en"")"
서산류방택천문기상과학관,"=GOOGLETRANSLATE(A816, ""ko"", ""en"")"
충남 서산시 인지면 무학로 1353-4,"=GOOGLETRANSLATE(A817, ""ko"", ""en"")"
시흥 시티투어 2층버스,"=GOOGLETRANSLATE(A818, ""ko"", ""en"")"
경기도 시흥시 거북섬4길 2 퍼스트프라자 거북섬 홍보관,"=GOOGLETRANSLATE(A819, ""ko"", ""en"")"
경상남도교육청 과학교육원(진성과학관),"=GOOGLETRANSLATE(A820, ""ko"", ""en"")"
경상남도교육청 과학교육원 진성과학관,"=GOOGLETRANSLATE(A821, ""ko"", ""en"")"
경상남도 진주시 진성면 진의로 178-35 경남과학교육원,"=GOOGLETRANSLATE(A822, ""ko"", ""en"")"
입장료와 주차 모두 무료입니다. 별도의 예약 없이 방문 인원만 체크하면 바로 입장하실 수 있습니다.,"=GOOGLETRANSLATE(A823, ""ko"", ""en"")"
올랜도 사이언스 센터(Orlando Science Center),"=GOOGLETRANSLATE(A824, ""ko"", ""en"")"
올랜도 사이언스 센터 Orlando Science Center,"=GOOGLETRANSLATE(A825, ""ko"", ""en"")"
"777 E Princeton St, Orlando, FL 32803 미국","=GOOGLETRANSLATE(A826, ""ko"", ""en"")"
영덕신재생에너지전시관,"=GOOGLETRANSLATE(A827, ""ko"", ""en"")"
경북 영덕군 영덕읍 해맞이길 254-20,"=GOOGLETRANSLATE(A828, ""ko"", ""en"")"
"입장료는 성인 1,500원, 청소년·어린이 800원, 미취학아동은 무료입니다. 또한 매주 마지막 주 수요일 '문화가 있는 날'은 누구나 무료로 관람할 수 있습니다.","=GOOGLETRANSLATE(A829, ""ko"", ""en"")"
제주별빛누리공원,"=GOOGLETRANSLATE(A830, ""ko"", ""en"")"
제주특별자치도 제주시 선돌목동길 60 별빛누리공원,"=GOOGLETRANSLATE(A831, ""ko"", ""en"")"
"통합 관람(4D 영상관, 천체투영실, 천체관측실 동시 관람기준)은 어른 5,000원(단체 3,000원), 청소년·군인·어린이 2,000원(단체 1,200원)입니다. 1개 관 체험시 어른 2,000원(단체 1,200원), 청소년·군인·어린이 800원(단체 500원)입니다. 통합 및 선택 관람권의 면제 또는 감면 대상, 특별 체험 프로그램 등은 현장 안내와 홈페이지에서 기준에 따라 확인 가능합니다.","=GOOGLETRANSLATE(A832, ""ko"", ""en"")"
충북과학체험관,"=GOOGLETRANSLATE(A833, ""ko"", ""en"")"
제주융합과학연구원 제주과학탐구체험관,"=GOOGLETRANSLATE(A834, ""ko"", ""en"")"
제주특별자치도 제주시 산록북로 421-1 제주과학고등학교,"=GOOGLETRANSLATE(A835, ""ko"", ""en"")"
"제주과학탐구체험관은 입장료가 무료입니다. 운영시간은 화요일부터 일요일까지 오전 10시부터 오후 5시까지이며, 입장 마감은 오후 4시입니다. 매주 월요일, 1월 1일, 설날과 추석 연휴에는 휴관하며, 만약 월요일이 공휴일일 경우 그 다음의 첫 번째 비공휴일에 휴관합니다.","=GOOGLETRANSLATE(A836, ""ko"", ""en"")"
사천항공우주과학관,"=GOOGLETRANSLATE(A837, ""ko"", ""en"")"
경남 사천시 사남면 공단1로 108,"=GOOGLETRANSLATE(A838, ""ko"", ""en"")"
"[입장료] 어른 3,000원, 청소년·군인 2,000원, 어린이 1,500원입니다. [체험] 비행기 조립키트 만들기 4,000원, 4D영상관(어른 2,000원/청소년,군인 1,500원/어린이 1,000원), VR 가상체험(어른 3,000원/청소년,군인 2,500원/어린이 2,000원/유아 1,500원)입니다. 각 체험별로 연령 제한이 있으니 확인 후 이용해 주세요.","=GOOGLETRANSLATE(A839, ""ko"", ""en"")"
대전놀이과학관,"=GOOGLETRANSLATE(A840, ""ko"", ""en"")"
대전광역시 유성구 대덕대로 507-50 대전교육과학연구원,"=GOOGLETRANSLATE(A841, ""ko"", ""en"")"
서울특별시교육청융합과학교육원 남산분원 탐구학습관,"=GOOGLETRANSLATE(A842, ""ko"", ""en"")"
서울특별시 중구 소파로 46 서울특별시교육연구정보원,"=GOOGLETRANSLATE(A843, ""ko"", ""en"")"
남산분원 탐구학습관의 입장료와 모든 체험 프로그램 이용은 무료입니다.,"=GOOGLETRANSLATE(A844, ""ko"", ""en"")"
해양생태과학관,"=GOOGLETRANSLATE(A845, ""ko"", ""en"")"
경기도 시흥시 거북섬서로 35 해양생태과학관,"=GOOGLETRANSLATE(A846, ""ko"", ""en"")"
부천천문과학관,"=GOOGLETRANSLATE(A847, ""ko"", ""en"")"
경기도 부천시 부천로264번길 117 도당근린공원,"=GOOGLETRANSLATE(A848, ""ko"", ""en"")"
국립과천과학관 곤충생태관,"=GOOGLETRANSLATE(A849, ""ko"", ""en"")"
수소안전뮤지엄,"=GOOGLETRANSLATE(A850, ""ko"", ""en"")"
충북 음성군 맹동면 연미로 360-33,"=GOOGLETRANSLATE(A851, ""ko"", ""en"")"
"수소안전뮤지엄의 관람과 체험 프로그램, 주차 등 모든 이용 요금은 무료입니다. 단, ‘말랑말랑 수소 놀이터’, ‘뚝딱뚝딱 수소 과학실’, 도슨트 투어 등 일부 프로그램은 네이버 또는 홈페이지를 통한 사전 예약이 필수이며, 사전에 예약하지 않은 경우 이용이 제한될 수 있습니다.","=GOOGLETRANSLATE(A852, ""ko"", ""en"")"
모카가든,"=GOOGLETRANSLATE(A853, ""ko"", ""en"")"
경기도 남양주시 다산순환로 50 현대프리미엄아울렛 SPACE1,"=GOOGLETRANSLATE(A854, ""ko"", ""en"")"
"모카가든은 별도의 입장료나 예약 없이 누구나 무료로 입장할 수 있습니다. 현대프리미엄아울렛 SPACE1 3층에 위치해 있으며, 부담 없이 방문하실 수 있습니다.","=GOOGLETRANSLATE(A855, ""ko"", ""en"")"
이상원미술관 뮤지엄스테이,"=GOOGLETRANSLATE(A856, ""ko"", ""en"")"
강원특별자치도 춘천시 사북면 화악지암길 99,"=GOOGLETRANSLATE(A857, ""ko"", ""en"")"
문화실험공간 호수,"=GOOGLETRANSLATE(A858, ""ko"", ""en"")"
서울특별시 송파구 송파나루길 256 문화공간 호수,"=GOOGLETRANSLATE(A859, ""ko"", ""en"")"
"입장료는 무료입니다. 영업시간은 화요일~일요일 10:00~20:00이며, 월요일과 공휴일은 휴관입니다.","=GOOGLETRANSLATE(A860, ""ko"", ""en"")"
노랑다리미술관,"=GOOGLETRANSLATE(A861, ""ko"", ""en"")"
경기도 가평군 청평면 양진길 42-12,"=GOOGLETRANSLATE(A862, ""ko"", ""en"")"
"입장료는 성인 8,000원, 어린이 5,000원이며, 입장료에는 음료 1잔이 포함되어 있습니다. 운영시간은 매일 오전 10시부터 오후 5시까지입니다.","=GOOGLETRANSLATE(A863, ""ko"", ""en"")"
성수미술관 스타필드 안성점,"=GOOGLETRANSLATE(A864, ""ko"", ""en"")"
경기도 안성시 공도읍 서동대로 3930-39 스타필드 안성 B1층 B120호,"=GOOGLETRANSLATE(A865, ""ko"", ""en"")"
"이용 시간은 무제한이지만, 주말이나 대기자가 많은 경우 2시간으로 제한될 수 있습니다. 1인 이용권은 23,000원, 보호자 입장권은 12,000원입니다.","=GOOGLETRANSLATE(A866, ""ko"", ""en"")"
어린이미술관자란다,"=GOOGLETRANSLATE(A867, ""ko"", ""en"")"
경기도 파주시 탄현면 새오리로427번길 38-6,"=GOOGLETRANSLATE(A868, ""ko"", ""en"")"
"입장료는 어린이 20,000원, 성인 8,000원이며 24개월 미만은 무료입니다. 파주 어린이는 10% 할인, 15인 이상 단체도 10% 할인 혜택이 있습니다. (65세 이상, 국가보훈대상자, 장애인 무료 입장은 기존 정보에 없어 안내하지 않습니다.) 모든 할인 및 무료 입장은 신분증이나 관련 서류가 필요할 수 있으니 준비해 주세요.","=GOOGLETRANSLATE(A869, ""ko"", ""en"")"
르 스페이스,"=GOOGLETRANSLATE(A870, ""ko"", ""en"")"
인천광역시 중구 공항문화로 127 인스파이어 1층,"=GOOGLETRANSLATE(A871, ""ko"", ""en"")"
"성인(만 14세 이상)은 28,000원, 소인(36개월~13세)은 20,000원입니다. 36개월 미만 유아는 보호자 동반 시 무료입장이 가능합니다. 입장 마감 시간은 20시 10분까지입니다.","=GOOGLETRANSLATE(A872, ""ko"", ""en"")"
국립현대미술관 청주,"=GOOGLETRANSLATE(A873, ""ko"", ""en"")"
충청북도 청주시 청원구 상당로 314 문화제조창 청주시청제2임시청사 국립현대미술관 청주,"=GOOGLETRANSLATE(A874, ""ko"", ""en"")"
예송미술관,"=GOOGLETRANSLATE(A875, ""ko"", ""en"")"
서울특별시 송파구 백제고분로 242 송파구의회및구민회관,"=GOOGLETRANSLATE(A876, ""ko"", ""en"")"
오픈그린,"=GOOGLETRANSLATE(A877, ""ko"", ""en"")"
경상북도 영천시 화산면 가래실로 364 시안미술관,"=GOOGLETRANSLATE(A878, ""ko"", ""en"")"
"오픈그린은 월요일부터 금요일까지는 정기휴무이며, 토요일과 일요일 10:30~20:00에 운영됩니다. 파티하우스, 호밍, 캠프, 피크닉 등 공간별 요금이 다르며 예약제로 운영됩니다. 예약은 네이버 예약 또는 현장 안내 전화를 통해 가능합니다. 운영 시간과 공간별 이용 시간은 다를 수 있으니 사전에 꼭 확인해주세요.","=GOOGLETRANSLATE(A879, ""ko"", ""en"")"
화정박물관,"=GOOGLETRANSLATE(A880, ""ko"", ""en"")"
서울특별시 종로구 평창8길 3 화정박물관,"=GOOGLETRANSLATE(A881, ""ko"", ""en"")"
"화정박물관의 상설전시 입장료는 3,000원~6,000원, 특별전의 경우 7,000원~10,000원입니다. 보호자와 함께 방문하는 미취학 아동, 복지카드 소지자 및 동반 1인은 무료로 입장이 가능합니다. 특별전의 경우 요금과 관람 정책이 변동될 수 있으니 방문 전 홈페이지에서 확인해주세요.","=GOOGLETRANSLATE(A882, ""ko"", ""en"")"
보이지 않는 거대한 미생물의 세계,"=GOOGLETRANSLATE(A883, ""ko"", ""en"")"
경기도 화성시 봉담읍 동화길 146,"=GOOGLETRANSLATE(A884, ""ko"", ""en"")"
"'보이지 않는 거대한 미생물의 세계' 전시는 무료로 상시 관람이 가능하며, 별도의 예약이 필요하지 않은 상설 전시입니다. 단, 일부 프로그램(예: 1층 키즈체험관)은 사전 예약이 필요할 수 있으니 방문 전 확인하시기 바랍니다.","=GOOGLETRANSLATE(A885, ""ko"", ""en"")"
제주현대미술관,"=GOOGLETRANSLATE(A886, ""ko"", ""en"")"
제주특별자치도 제주시 한경면 저지14길 35 제주현대미술관,"=GOOGLETRANSLATE(A887, ""ko"", ""en"")"
"입장료는 어른(25세~64세) 2,000원, 청소년/군인(13~24세/제복 입은 하사관 이하) 1,000원, 어린이(7~12세) 500원입니다. 단체(10인 이상)는 각각 1,400원, 700원, 300원으로 할인됩니다. 만 6세 이하, 만 65세 이상, 장애인, 국가유공자 등은 무료 관람이 가능합니다. (정확한 할인 대상은 공식 홈페이지 참고) 매월 마지막 주 수요일 '문화가 있는 날'에는 무료입장이 가능합니다.","=GOOGLETRANSLATE(A888, ""ko"", ""en"")"
하슬라아트월드,"=GOOGLETRANSLATE(A889, ""ko"", ""en"")"
강원 강릉시 강동면 율곡로 1441,"=GOOGLETRANSLATE(A890, ""ko"", ""en"")"
"미술관, 박물관, 조각공원 통합 입장료는 성인 15,000원, 청소년 13,000원, 어린이 11,000원입니다. 36개월 이하 유아는 무료입장이며, 모바일로 티켓을 구매하면 할인된 가격으로 이용할 수 있습니다. 요금은 변동될 수 있으니 방문 전 공식 홈페이지를 참고해 주세요.","=GOOGLETRANSLATE(A891, ""ko"", ""en"")"
토끼별미술관,"=GOOGLETRANSLATE(A892, ""ko"", ""en"")"
천안시 서북구 성거읍 소댕이2길 1-17,"=GOOGLETRANSLATE(A893, ""ko"", ""en"")"
경기도미술관,"=GOOGLETRANSLATE(A894, ""ko"", ""en"")"
경기도 안산시 단원구 동산로 268 경기도미술관 경기도미술관,"=GOOGLETRANSLATE(A895, ""ko"", ""en"")"
울산시립미술관,"=GOOGLETRANSLATE(A896, ""ko"", ""en"")"
울산 중구 도서관길 72,"=GOOGLETRANSLATE(A897, ""ko"", ""en"")"
아르떼뮤지엄 여수,"=GOOGLETRANSLATE(A898, ""ko"", ""en"")"
전남 여수시 박람회길 1 국제관 A동 3층,"=GOOGLETRANSLATE(A899, ""ko"", ""en"")"
"성인 17,000원, 청소년 13,000원, 어린이 10,000원, 미취학아동(4~7세) 8,000원, 36개월 이하 영유아는 증빙서류 지참 시 무료입니다. 또한 입장권+TEA BAR 결합 상품도 운영 중이며, 성인 20,000원, 청소년 16,000원, 어린이 13,000원, 미취학아동 11,000원입니다.","=GOOGLETRANSLATE(A900, ""ko"", ""en"")"
아르떼뮤지엄 강릉,"=GOOGLETRANSLATE(A901, ""ko"", ""en"")"
"입장료는 성인 17,000원, 청소년 13,000원, 어린이 10,000원입니다. 36개월 이하 유아는 증빙서류 지참 시 무료 입장이 가능합니다. 입장권+TEA BAR 패키지도 있으며, 강릉시민은 50% 할인 혜택이 제공됩니다.","=GOOGLETRANSLATE(A902, ""ko"", ""en"")"
소다미술관,"=GOOGLETRANSLATE(A903, ""ko"", ""en"")"
경기 화성시 효행로707번길 30,"=GOOGLETRANSLATE(A904, ""ko"", ""en"")"
"소다미술관의 운영시간은 화~금요일 10:00~18:00, 토·일요일 10:00~19:00입니다. 월요일은 정기 휴무입니다. 관람요금은 성인 12,000원, 학생(초·중·고) 8,000원, 미취학 4,000원, 콤보(성인+음료 4,000원권) 15,000원입니다. 단, 전시별로 가격이 달라질 수 있으니 방문 전 공식 홈페이지에서 확인해 주세요.","=GOOGLETRANSLATE(A905, ""ko"", ""en"")"
성수미술관 성수점,"=GOOGLETRANSLATE(A906, ""ko"", ""en"")"
서울 성동구 성수일로8길 39 지층 B02 성수미술관,"=GOOGLETRANSLATE(A907, ""ko"", ""en"")"
"성수미술관은 월요일부터 일요일까지 매일 12:00~22:00까지 운영됩니다. 이용 요금은 평일, 주말 모두 1인당 22,000원이며 1인 1티켓제로 운영됩니다.","=GOOGLETRANSLATE(A908, ""ko"", ""en"")"
벗이미술관,"=GOOGLETRANSLATE(A909, ""ko"", ""en"")"
용인시 처인구 양지면 학촌로53번길 4지도보기,"=GOOGLETRANSLATE(A910, ""ko"", ""en"")"
"성인 기준 관람 요금은 10,000원, 학생(8세 이상)은 4,000원이며, 미취학 아동과 경로, 장애인은 무료입니다. 아트 클래스 등 일부 체험 프로그램은 별도 요금이 적용될 수 있으며, 홈페이지에서 사전 예약 시 10% 할인 혜택을 받을 수 있습니다.","=GOOGLETRANSLATE(A911, ""ko"", ""en"")"
군산근대건축관,"=GOOGLETRANSLATE(A912, ""ko"", ""en"")"
전북특별자치도 군산시 장미동 군산근대건축관,"=GOOGLETRANSLATE(A913, ""ko"", ""en"")"
동탄아트스페이스,"=GOOGLETRANSLATE(A914, ""ko"", ""en"")"
경기 화성시 노작로 134,"=GOOGLETRANSLATE(A915, ""ko"", ""en"")"
구하우스 미술관,"=GOOGLETRANSLATE(A916, ""ko"", ""en"")"
경기 양평군 서종면 무내미길 49-12,"=GOOGLETRANSLATE(A917, ""ko"", ""en"")"
"구하우스 미술관은 월요일, 화요일 정기휴무이며, 수요일부터 금요일까지는 13:00~17:00, 토요일과 일요일은 10:30~18:00에 운영합니다. 성인 입장료는 15,000원, 청소년 8,000원, 어린이는 4세~13세 기준 6,000원입니다.","=GOOGLETRANSLATE(A918, ""ko"", ""en"")"
경주엑스포대공원,"=GOOGLETRANSLATE(A919, ""ko"", ""en"")"
가산수피아,"=GOOGLETRANSLATE(A920, ""ko"", ""en"")"
경북 칠곡군 가산면 학하들안2길 105,"=GOOGLETRANSLATE(A921, ""ko"", ""en"")"
"입장료는 대인(14세 이상) 9,000원, 소인(24개월~13세 이하) 6,000원이며, 눈썰매 패키지 등 다양한 패키지가 제공됩니다. 운영시간은 매일 10:00~18:00(입장은 17:00 마감)이고, 연중무휴로 운영됩니다. 주차는 무료로 제공되며, 4주차장에 주차 후 눈썰매장으로 바로 이동할 수 있습니다.","=GOOGLETRANSLATE(A922, ""ko"", ""en"")"
롯데갤러리 아트홀 잠실점 에비뉴엘,"=GOOGLETRANSLATE(A923, ""ko"", ""en"")"
서울특별시 송파구 올림픽로 300 롯데월드타워앤드롯데월드몰 롯데백화점 잠실 애비뉴엘 6층,"=GOOGLETRANSLATE(A924, ""ko"", ""en"")"
"롯데갤러리 아트홀 잠실점 에비뉴엘은 누구나 무료로 관람하실 수 있으며, 별도의 예약 없이 입장할 수 있습니다. 단, 특정 인기 전시나 특별 체험 프로그램의 경우 사전 예약이 필요할 수 있으니 롯데갤러리 홈페이지 또는 인스타그램을 통해 각 전시별 안내를 미리 확인해 주세요.","=GOOGLETRANSLATE(A925, ""ko"", ""en"")"
소마미술관,"=GOOGLETRANSLATE(A926, ""ko"", ""en"")"
서울특별시 송파구 위례성대로 51 서울올림픽미술관 소마미술관,"=GOOGLETRANSLATE(A927, ""ko"", ""en"")"
"1관: 성인(만19세~64세) 15,000원, 청소년 및 어린이(만5세~18세) 9,000원. 2관: 성인(만25세~64세) 3,000원, 청소년(만13세~24세) 2,000원, 어린이(만7세~12세) 1,000원입니다. 전시별로 무료입장 대상 연령이나 요금이 달라질 수 있습니다. 1관 운영시간은 10:00~19:00, 2관은 10:00~18:00이며 매주 월요일 휴관입니다. 매월 마지막 수요일 '문화가 있는 날'에는 21시까지 운영합니다.","=GOOGLETRANSLATE(A928, ""ko"", ""en"")"
스페이스K 서울,"=GOOGLETRANSLATE(A929, ""ko"", ""en"")"
서울특별시 강서구 마곡중앙8로 32 스페이스K 서울,"=GOOGLETRANSLATE(A930, ""ko"", ""en"")"
"미술관 뒤편에 주차장이 있으며, 전시 관람 시 30분 무료 주차 혜택이 있습니다. 이후 30분마다 1,500원, 10분당 500원 요금이 추가됩니다. 안내 데스크에서 주차 할인을 꼭 받으시고, 무인 카드 결제 전용입니다.","=GOOGLETRANSLATE(A931, ""ko"", ""en"")"
파라다이브 트릭아트관,"=GOOGLETRANSLATE(A932, ""ko"", ""en"")"
경기도 시흥시 거북섬중앙로 1 3m 층 트릭아트,"=GOOGLETRANSLATE(A933, ""ko"", ""en"")"
"입장료는 대인 12,000원, 소인(37개월부터) 10,000원입니다. 모든 연령이 이용 가능하며, 37개월 미만 어린이는 무료로 입장할 수 있습니다. (참고: 할인 이벤트 등은 현장 및 공식 채널을 통해 확인 바랍니다.)","=GOOGLETRANSLATE(A934, ""ko"", ""en"")"
문아트그라운드 at 마가미술관,"=GOOGLETRANSLATE(A935, ""ko"", ""en"")"
경기도 용인시 처인구 모현읍 문형동림로101번길 37 마가미술관 마가미술관,"=GOOGLETRANSLATE(A936, ""ko"", ""en"")"
"성인 입장료는 12,000원으로 웰컴 세트(음료/디저트)가 포함되어 있습니다. 소인(만 12세 미만)은 6,000원이며 웰컴 세트는 제공되지 않습니다. 만 24개월 미만 유아는 무료입니다. 운영 시간은 월요일부터 일요일까지 매일 10:30~18:30이고, 입장 마감은 17:30입니다.","=GOOGLETRANSLATE(A937, ""ko"", ""en"")"
대구간송미술관,"=GOOGLETRANSLATE(A938, ""ko"", ""en"")"
대구광역시 수성구 미술관로 70,"=GOOGLETRANSLATE(A939, ""ko"", ""en"")"
"관람 시간은 하절기(4~10월) 오전 10시~오후 7시, 동절기(11~3월) 오전 10시~오후 6시입니다. 매주 월요일, 1월 1일, 설날·추석 당일 등은 휴관이며, 월요일이 공휴일이면 그 다음날 평일에 휴관합니다. 입장료는 어른(20세 이상~64세 이하) 10,000원, 아동·청소년(8세~19세) 5,000원, 7세 이하 및 65세 이상은 무료(증빙서류 필요)입니다. 대구 시민은 신분증을 지참하면 20% 할인을 받을 수 있습니다. 주차는 넓고 무료입니다.","=GOOGLETRANSLATE(A940, ""ko"", ""en"")"
갤러리 라메르,"=GOOGLETRANSLATE(A941, ""ko"", ""en"")"
서울특별시 종로구 인사동5길 26 홍익빌딩 갤러리 라메르,"=GOOGLETRANSLATE(A942, ""ko"", ""en"")"
켄싱턴호텔 평창 키즈데이 패키지 (객실 1박+키즈월드 최대 4인+수영장&사우나 최대 4인+동물먹이 1팩),"=GOOGLETRANSLATE(A943, ""ko"", ""en"")"
켄싱턴호텔 평창,"=GOOGLETRANSLATE(A944, ""ko"", ""en"")"
강원특별자치도 평창군 진부면 진고개로 231,"=GOOGLETRANSLATE(A945, ""ko"", ""en"")"
"99,900원","=GOOGLETRANSLATE(A946, ""ko"", ""en"")"
켄싱턴호텔 평창 조식 패키지 - 객실 1박+조식 3인+수영장 최대 4인(성인 2+소인 2),"=GOOGLETRANSLATE(A947, ""ko"", ""en"")"
"149,900원","=GOOGLETRANSLATE(A948, ""ko"", ""en"")"
원더파크 굿바이 베베핀 특가!,"=GOOGLETRANSLATE(A949, ""ko"", ""en"")"
과천 원더파크,"=GOOGLETRANSLATE(A950, ""ko"", ""en"")"
경기도 과천시 대공원광장로 80,"=GOOGLETRANSLATE(A951, ""ko"", ""en"")"
"12,520원","=GOOGLETRANSLATE(A952, ""ko"", ""en"")"
"볼베어파크 부천, 은평, 천안 / 세라젬웰파크 위례점 키즈카페 통합특가 CMG월드","=GOOGLETRANSLATE(A953, ""ko"", ""en"")"
CMG월드,"=GOOGLETRANSLATE(A954, ""ko"", ""en"")"
"3,500원","=GOOGLETRANSLATE(A955, ""ko"", ""en"")"
서울랜드,"=GOOGLETRANSLATE(A956, ""ko"", ""en"")"
경기도 과천시 광명로 181,"=GOOGLETRANSLATE(A957, ""ko"", ""en"")"
롯데리조트 부여 아쿠아 3/4인 패키지 (객실 1박+아쿠아가든 3/4인+백제문화단지 2인+할인권),"=GOOGLETRANSLATE(A958, ""ko"", ""en"")"
롯데리조트 부여,"=GOOGLETRANSLATE(A959, ""ko"", ""en"")"
충남 부여군 규암면 백제문로 400,"=GOOGLETRANSLATE(A960, ""ko"", ""en"")"
"259,000원","=GOOGLETRANSLATE(A961, ""ko"", ""en"")"
롯데리조트 부여 조식 3/4인 패키지 (객실 1박+조식 3/4인+백제문화단지 2인+할인권),"=GOOGLETRANSLATE(A962, ""ko"", ""en"")"
플레이 아쿠아리움 (대소공통) 이용권 (구매 후 60일),"=GOOGLETRANSLATE(A963, ""ko"", ""en"")"
부천 플레이 아쿠아리움,"=GOOGLETRANSLATE(A964, ""ko"", ""en"")"
경기 부천시 원미구 조마루로 2,"=GOOGLETRANSLATE(A965, ""ko"", ""en"")"
자이언트 제트 시아 테마파크점(~26/4/30),"=GOOGLETRANSLATE(A966, ""ko"", ""en"")"
자이언트 제트,"=GOOGLETRANSLATE(A967, ""ko"", ""en"")"
경기 안산시 단원구 광덕1로 276 6층 자이언트제트,"=GOOGLETRANSLATE(A968, ""ko"", ""en"")"
대전엑스포아쿠아리움,"=GOOGLETRANSLATE(A969, ""ko"", ""en"")"
대전 엑스포 아쿠아리움,"=GOOGLETRANSLATE(A970, ""ko"", ""en"")"
"22,400원","=GOOGLETRANSLATE(A971, ""ko"", ""en"")"
플레이월드 용인점 이용권,"=GOOGLETRANSLATE(A972, ""ko"", ""en"")"
플레이월드 키즈카페,"=GOOGLETRANSLATE(A973, ""ko"", ""en"")"
"벚꽃로6길 21 5, 6층","=GOOGLETRANSLATE(A974, ""ko"", ""en"")"
"6,500원","=GOOGLETRANSLATE(A975, ""ko"", ""en"")"
시흥 공룡월드&키즈카페 그랜드오픈특가,"=GOOGLETRANSLATE(A976, ""ko"", ""en"")"
시흥 공룡월드,"=GOOGLETRANSLATE(A977, ""ko"", ""en"")"
"경기도 시흥시 은계호수로 49 지하1층 비077-1호,비077-2호","=GOOGLETRANSLATE(A978, ""ko"", ""en"")"
매직플로우 원더파크 서울대공원점,"=GOOGLETRANSLATE(A979, ""ko"", ""en"")"
"17,100원","=GOOGLETRANSLATE(A980, ""ko"", ""en"")"
공룡월드 용인점 이용권,"=GOOGLETRANSLATE(A981, ""ko"", ""en"")"
공룡월드,"=GOOGLETRANSLATE(A982, ""ko"", ""en"")"
"은계호수로 49 지하1층 비077-1호,비077-2호","=GOOGLETRANSLATE(A983, ""ko"", ""en"")"
에버랜드 종일이용권 (~26/03/31) (날짜미지정),"=GOOGLETRANSLATE(A984, ""ko"", ""en"")"
경기도 용인시 처인구 포곡읍 에버랜드로 199,"=GOOGLETRANSLATE(A985, ""ko"", ""en"")"
키자니아 서울&부산점 3월 이용권 (유효기간 : 3/1~3/31),"=GOOGLETRANSLATE(A986, ""ko"", ""en"")"
키자니아,"=GOOGLETRANSLATE(A987, ""ko"", ""en"")"
서울특별시 송파구 올림픽로 240 키자니아 서울,"=GOOGLETRANSLATE(A988, ""ko"", ""en"")"
아쿠아필드 이용권 (하남/고양/안성 중 택1)(~26/3/29),"=GOOGLETRANSLATE(A989, ""ko"", ""en"")"
아쿠아필드,"=GOOGLETRANSLATE(A990, ""ko"", ""en"")"
고양대로 1955 스타필드 고양 4층,"=GOOGLETRANSLATE(A991, ""ko"", ""en"")"
주렁주렁 실내 동물원 하남점,"=GOOGLETRANSLATE(A992, ""ko"", ""en"")"
주렁주렁 실내동물원,"=GOOGLETRANSLATE(A993, ""ko"", ""en"")"
"23,500원","=GOOGLETRANSLATE(A994, ""ko"", ""en"")"
아쿠아플라넷 입장권(3/1~3/31),"=GOOGLETRANSLATE(A995, ""ko"", ""en"")"
한화 아쿠아플라넷,"=GOOGLETRANSLATE(A996, ""ko"", ""en"")"
한류월드로 282 아쿠아플라넷 일산,"=GOOGLETRANSLATE(A997, ""ko"", ""en"")"
"23,800원","=GOOGLETRANSLATE(A998, ""ko"", ""en"")"
씨라이프 코엑스 아쿠아리움,"=GOOGLETRANSLATE(A999, ""ko"", ""en"")"
코엑스 아쿠아리움,"=GOOGLETRANSLATE(A1000, ""ko"", ""en"")"
"23,900원","=GOOGLETRANSLATE(A1001, ""ko"", ""en"")"
