Original,TranslationFormula
경기 평택시 고덕동 1694-450,"=GOOGLETRANSLATE(A2, ""ko"", ""ja"")"
"함박산중앙공원은 고덕신도시에 위치한 생태형 복합문화공원으로, 함박산공원과 연결되어 있다. 약 67만 1,000㎡ 규모로 조성되었으며, 백로 서식지를 보전해 생태적 가치를 높였다. 글로벌존·오감힐링존·에코체험존·예술테마존·수변여가존 등 다섯 개 공간으로 구성되어 있고, 오차드가든·실개천·스포츠필드·음악분수 등 다양한 시설이 마련되어 있다. 산책로와 트랙이 잘 정비되어 걷거나 뛰기 좋고, 곳곳에 벤치가 배치되어 휴식하기에도 적합하다.","=GOOGLETRANSLATE(A3, ""ko"", ""ja"")"
031-8024-4284,"=GOOGLETRANSLATE(A4, ""ko"", ""ja"")"
이충레포츠공원,"=GOOGLETRANSLATE(A5, ""ko"", ""ja"")"
오산 이충레포츠공원,"=GOOGLETRANSLATE(A6, ""ko"", ""ja"")"
경기 평택시 장안웃길 149,"=GOOGLETRANSLATE(A7, ""ko"", ""ja"")"
"이충레포츠공원은 평택시에 위치한 대규모 레포츠 공원이다. 축구장, 테니스장, 배드민턴장, 농구장, 풋살장, 족구장, 소프트볼장, 그라운드골프장, 인라인스케이트장, 역도장, 씨름장, 수영장, 레슬링장 등 다양한 종목의 체육시설을 고루 갖춰 시민들의 생활체육 활동이 활발하다. 공원 내에는 산책로와 어린이 놀이터, 편의시설도 잘 조성되어 있어 가족 단위 피크닉 장소로도 적합하다. 반려견과 함께 이용할 수 있는 시민 쉼터도 마련되어 있어 견주들도 즐겨 찾는다.","=GOOGLETRANSLATE(A8, ""ko"", ""ja"")"
031-8024-4283,"=GOOGLETRANSLATE(A9, ""ko"", ""ja"")"
한강신도시호수공원,"=GOOGLETRANSLATE(A10, ""ko"", ""ja"")"
김포 한강신도시호수공원,"=GOOGLETRANSLATE(A11, ""ko"", ""ja"")"
경기도 김포시 김포한강8로 302 (마산동),"=GOOGLETRANSLATE(A12, ""ko"", ""ja"")"
"구래동 한강 신도시에 위치한 산책하기 좋은 호수공원이다. 남녀노소 누구나 산책, 운동, 가족 나들이하기 좋은 곳으로 시민을 배려한 공간들이 많다. 산책길 뿐만아니라 그늘막 텐트를 치고 쉴 수 있는 피크닉 존(허용 기간이 4월에서 10월까지)이 있으며 호숫가에는 억새와 바위들이 운치를 더하고 통나무 세모 집은 휴식공간을 제공한다.","=GOOGLETRANSLATE(A13, ""ko"", ""ja"")"
031-5186-4642~3,"=GOOGLETRANSLATE(A14, ""ko"", ""ja"")"
몬스터리움,"=GOOGLETRANSLATE(A15, ""ko"", ""ja"")"
김포 몬스터리움,"=GOOGLETRANSLATE(A16, ""ko"", ""ja"")"
경기도 김포시 대곶면 대명항1로 52,"=GOOGLETRANSLATE(A17, ""ko"", ""ja"")"
"김포 몬스터리움은 동물원과 아쿠아리움을 한곳에서 체험할 수 있는 곳으로, 김포 수산공원 카페와 나란히 있다. 드라마 ''이상한 변호사 우영우'' 촬영지로도 유명한 곳이며, 유영하는 듯한 혹등고래의 신비로운 자태로 가득한 건물 외관이 방문객의 눈길을 끈다. 이곳에서는 각종 갑각류와 파충류, 희귀동물을 비롯한 고대어까지 다양하게 관람할 수 있다. 규모가 대형 아쿠아리움에 비할 바는 아니지만 관리가 잘 되어진 투명한 수족관과 깔끔한 실내 시설이 쾌적한 느낌을 준다. 곳곳에 있는 아기자기하고 재미있는 포토존에서는 추억의 시간을 사진으로 남길 수 있다. 아이들에게는 잉어, 거북이, 토끼, 알파카 등의 동물 먹이주기 체험이 인기다. 파충류관에서는 직접 동물을 만져보는 기회도 주어진다. 이 외에도 아마존 강에서 주로 서식한다는 세계 최대 담수어인 피라루크를 볼 수 있는데 정해진 시간을 맞추어 간다면 피라루크 쇼도 감상할 수 있다. 건물 옥상에서는 천국의 계단이라 불리는 곳에서 트릭아트로 꾸며놓은 옥상 바닥을 배경 삼아 인생샷을 남길 수 있다. 옥상은 바로 옆 수산공원 카페와도 연결이 되어 있어 함께 방문하는 것도 좋다.","=GOOGLETRANSLATE(A18, ""ko"", ""ja"")"
0507-1481-9605,"=GOOGLETRANSLATE(A19, ""ko"", ""ja"")"
김포아트빌리지,"=GOOGLETRANSLATE(A20, ""ko"", ""ja"")"
김포 김포아트빌리지,"=GOOGLETRANSLATE(A21, ""ko"", ""ja"")"
경기 김포시 모담공원로 170,"=GOOGLETRANSLATE(A22, ""ko"", ""ja"")"
"김포아트빌리지는 전통과 현대의 아름다움이 공존하는 문화관광복합공간이다. 모담산 자락에 자리해 한옥마을의 고즈넉한 매력과 아름다운 자연 풍경을 동시에 즐길 수 있다. 17개의 한옥과 5개의 창작스튜디오, 아트센터, 야외공연장, 전통놀이마당 등으로 구성되어 다양한 문화·예술 활동이 이뤄진다. 시민에게는 일상 속에서 문화를 접할 수 있는 친근한 장소로, 관광객에게는 다시 찾고 싶은 특별한 여행지로 사랑받는다.","=GOOGLETRANSLATE(A23, ""ko"", ""ja"")"
031-999-3995,"=GOOGLETRANSLATE(A24, ""ko"", ""ja"")"
김포 김포아트홀,"=GOOGLETRANSLATE(A25, ""ko"", ""ja"")"
경기 김포시 돌문로 26,"=GOOGLETRANSLATE(A26, ""ko"", ""ja"")"
"김포아트홀은 김포시민의 삶의 질 향상과 문화예술 진흥을 위해 건립된 김포시 공공 문예회관이다. 503석 규모의 공연장과 갤러리, 세미나실 등으로 구성되어 있으며, 수준 높은 기획 공연과 전시, 문화예술교육, ‘문화가 있는 날’ 프로그램 등 다양한 시민참여 콘텐츠를 운영한다. 공연장은 연극·실내악·독주회 등에 적합한 구조로 설계되었고, 전시장은 회화·서예·조각 등 여러 장르의 작품 전시가 가능해 지역 예술 활동의 중심지 역할을 한다.","=GOOGLETRANSLATE(A27, ""ko"", ""ja"")"
031-999-3962,"=GOOGLETRANSLATE(A28, ""ko"", ""ja"")"
갯골캠핑장,"=GOOGLETRANSLATE(A29, ""ko"", ""ja"")"
시흥 갯골캠핑장,"=GOOGLETRANSLATE(A30, ""ko"", ""ja"")"
경기도 시흥시 동서로 137-71 (월곶동),"=GOOGLETRANSLATE(A31, ""ko"", ""ja"")"
"갯골캠핑장은 경기도 시흥시에 자리 잡고 있다. 시흥시청을 기점으로 장현교차로와 상곡교차로를 거치면 닿는데, 소요 시간은 10분가량이다. 도심에 있지만, 캠핑장에 들어서면 숲속에 들어온 듯한 착각이 드는 이곳은 글램핑 2면, 캠핑장 40면을 갖췄다. 대인원을 수용하기 위해 마련한 글램핑 객실은 냉난방기만 구비하고 있어, 취사도구 등 필요한 물품은 직접 챙겨야 한다. 만약 캠핑 장비가 없다면 관리소에서 대여 가능하다. 또한 전기 사용은 가능하지만 화로대 사용은 허용하지 않는다. 오전 9시부터 오후 9시까지 문을 여는 매점에서는 식품과 음료 등을 판매한다. 현금은 받지 않으며, 오로지 카드로만 결제가 가능하다. 어린이를 위한 놀이터 등의 부대시설도 갖추고 있다.","=GOOGLETRANSLATE(A32, ""ko"", ""ja"")"
031-488-6998,"=GOOGLETRANSLATE(A33, ""ko"", ""ja"")"
삼미시장,"=GOOGLETRANSLATE(A34, ""ko"", ""ja"")"
시흥 삼미시장,"=GOOGLETRANSLATE(A35, ""ko"", ""ja"")"
경기도 시흥시 삼미시장1길 19,"=GOOGLETRANSLATE(A36, ""ko"", ""ja"")"
"경기도 시흥시 신천동에 위치한 전통시장으로 채소,과일,육류,생선 등 각종 식품과 잡화를 판매하고 있다. 깨끗한 시설과 저렴한 가격으로 지역민 뿐만 아니라 관광객들도 찾는 시흥의 대표 전통시장이다. 삼미시장 한가운데 위치해있는 포장마차 거리는 다양한 먹거리를 즐기고 전통시장의 정겨움을 느끼기 좋은 공간이다.","=GOOGLETRANSLATE(A37, ""ko"", ""ja"")"
031-311-7006,"=GOOGLETRANSLATE(A38, ""ko"", ""ja"")"
감악산 출렁다리,"=GOOGLETRANSLATE(A39, ""ko"", ""ja"")"
경기도 파주시 적성면 설마천로 273-9,"=GOOGLETRANSLATE(A40, ""ko"", ""ja"")"
"감악산은 경기 오악(五岳) 중 하나로 바위 사이로 검은빛과 푸른빛이 동시에 나왔다 하여 감색 바위산이란 뜻이다. 감악산 둘레길의 시작점에 위치한 출렁다리는 도로로 인해 잘려 나간 설마리 골짜기를 연결하는 다리이다. 출렁다리는 전국 최장 150m의 무주탑 산악 현수교로 자연과 조화를 이루도록 시공되었다. 설마천을 끼고 있는 아기자기한 계곡, 운계폭포가 감악산의 자랑으로 거의 수직으로 떨어지는 폭포는 겨울 빙벽훈련에도 이용된다. 정상에는 감악산비가 서 있고, 장군봉 바로 아래에는 임꺽정이 관군의 추격을 피해 숨어 있었다는 임꺽정 굴도 있다. 감악산은 휴전선과 가까워 정상에 오르면 임진강과 개성의 송악산이 두루 눈에 들어온다. 능선에 나 있는 솔향기 그윽한 등산로와 상큼한 흙내음 또한 일품이라 많은 등산객들이 찾는다.","=GOOGLETRANSLATE(A41, ""ko"", ""ja"")"
031-950-1902,"=GOOGLETRANSLATE(A42, ""ko"", ""ja"")"
운정호수공원,"=GOOGLETRANSLATE(A43, ""ko"", ""ja"")"
경기도 파주시 경의로 1151 (와동동),"=GOOGLETRANSLATE(A44, ""ko"", ""ja"")"
"운정호수공원은 파주시 와동동 일대 운정신도시 중앙에 위치한 규모 724,937㎡ 공원이다. 각종 편의시설과 이벤트 시설은 물론, 푸른 잔디와 놀이 공간이 있는 미래 광장, 저수지를 조망할 수 있는 꿈꾸는 동산, 철마다 색색의 꽃이 피고 대형 바람개비가 설치된 바람개비언덕, 그리고 50m 높이까지 물을 뿜어내는 하늘 분수 등이 설치되어있다.","=GOOGLETRANSLATE(A45, ""ko"", ""ja"")"
031-946-2125,"=GOOGLETRANSLATE(A46, ""ko"", ""ja"")"
약천사,"=GOOGLETRANSLATE(A47, ""ko"", ""ja"")"
경기 파주시 교하로681번길 118,"=GOOGLETRANSLATE(A48, ""ko"", ""ja"")"
"심학산 약천사는 지장보살에게 참회와 기도를 올리는 '지장기도 참회 도량'으로 알려진 파주의 사찰이다. 통일약사여래대불이 봉안되어 있어 소원 성취를 기원하는 이들의 발길이 끊이지 않고, 불교대학·지장회·합창단 등 신행단체 활동도 활발하다. 사찰 주변에는 심학산과 자연휴양림, 약수터가 자리해 등산과 휴식을 함께 즐기기 좋다. 약천사 뒤편 둘레길을 따라 약 20분가량 오르면 정상에 닿으며, 이곳에서 한강을 비롯해 김포와 임진강 유역까지 시원하게 펼쳐지는 전망을 감상할 수 있다.","=GOOGLETRANSLATE(A49, ""ko"", ""ja"")"
031-942-1252,"=GOOGLETRANSLATE(A50, ""ko"", ""ja"")"
경기도 파주시 문발로 253 (문발동),"=GOOGLETRANSLATE(A51, ""ko"", ""ja"")"
"미메시스 아트 뮤지엄은 대지 1,400평에 연면적 1,100평으로, 지상 3층(지하 1층)으로 이루어져 있는데, 다양한 크기와 개수의 전시 공간이 하나의 덩어리에 담긴 설계로 유명하다. 다양한 곡면으로 이루어진 백색의 전시 공간은 가급적 인조광을 배제하고 자연광을 끌어들여 은은하고 차분한 분위기를 연출하며 시시때때로 변하는 빛의 향연을 볼 수 있는 것이 큰 특징이다. 미메시스 아트 뮤지엄은 상업적인 전시공간으로 방문객을 유혹하는 것이 아닌 건축자체로 전시 이상의 큰 즐거움을 선사하는 공간이 되고 있다. 알바루 시자가 설계한 브라질의 이베리 카르마구 미술관보다 전 세계적으로 더 많은 방문객을 끌어 모을 것이라는 포르투갈의 유명한 건축사진작가 페르난두 게하의 말처럼 미메시스 아트 뮤지엄은 개관 전부터 각종 해외 매체에 소개되었으며, 국내외 건축가들에게 큰 영향을 미치고 있다. 지금도 방문객들 발길이 끊이지 않고 있다. 미메시스 아트 뮤지엄은 앞으로 ‘상상력을 자극하는 예술’을 적극 소개해나갈 예정이다.","=GOOGLETRANSLATE(A52, ""ko"", ""ja"")"
"- 성인 10,000원- 중·고등학생 8,000원- 초등학생 5,000원- 단체(20인 이상) 9,000원- 65세 이상 / 국가유공자 / 장애인 8,000원- 파주시민 8,000원※ 무료 : 마취학 아동(7세 이하)","=GOOGLETRANSLATE(A53, ""ko"", ""ja"")"
031-955-4100,"=GOOGLETRANSLATE(A54, ""ko"", ""ja"")"
콩치노 콩크리트 콘서트홀,"=GOOGLETRANSLATE(A55, ""ko"", ""ja"")"
경기 파주시 탄현면 새오리로161번길 17,"=GOOGLETRANSLATE(A56, ""ko"", ""ja"")"
"콩치노콩크리트는 파주에 위치한 국내 최대 규모의 순수 음악감상실이다. 1930년대 미국·독일 극장용 빈티지 스피커를 통해 1만여 장의 LP 컬렉션에 담긴 재즈, 클래식 등 다양한 장르의 음악을 감상할 수 있다. 음악에 온전히 집중할 수 있도록 음료는 생수만 제공한다. 통창 너머로 사계절의 변화가 펼쳐지고, 특히 2층 창가석에서 바라보는 노을이 아름다워 ‘노을 맛집’으로도 불린다. 주기적으로 열리는 공연을 통해 음악과 함께하는 특별한 문화 경험을 선사한다.","=GOOGLETRANSLATE(A57, ""ko"", ""ja"")"
031-946-5800,"=GOOGLETRANSLATE(A58, ""ko"", ""ja"")"
산골수목원,"=GOOGLETRANSLATE(A59, ""ko"", ""ja"")"
시흥 산골수목원,"=GOOGLETRANSLATE(A60, ""ko"", ""ja"")"
경기 시흥시 금화로202번길 136-2,"=GOOGLETRANSLATE(A61, ""ko"", ""ja"")"
"산골수목원은 시흥시에 위치한 수목원 겸 대형 베이커리 카페다. 싱그러운 풀 내음 가득한 공간에서 자연을 온몸으로 만끽할 수 있다. 2층에서는 우거진 나무를 바라보며 사색에 잠기고, 3층 테라스에서는 바람결에 몸을 맡긴 채 한적한 시간을 보낼 수 있다. 카페 뒤편 산책길을 따라가면 온실정원이 나타나 커피 한 잔의 여유를 더한다. 크루아상·소금빵·몽블랑 등 베이커리부터 커피·에이드까지 메뉴가 다채로워 취향에 맞게 골라 먹는 재미도 쏠쏠하다.","=GOOGLETRANSLATE(A62, ""ko"", ""ja"")"
031-401-7836,"=GOOGLETRANSLATE(A63, ""ko"", ""ja"")"
정왕시장,"=GOOGLETRANSLATE(A64, ""ko"", ""ja"")"
시흥 정왕시장,"=GOOGLETRANSLATE(A65, ""ko"", ""ja"")"
경기도 시흥시 정왕시장길 52 (정왕동),"=GOOGLETRANSLATE(A66, ""ko"", ""ja"")"
"경기도 시흥시 정왕동에 위치한 ''정왕시장''은 정왕어린이도서관 바로 뒤 편에 있다. 정왕역에서 도보로 갈 수 있고, 버스를 타고 갈 수도 있어 접근성이 좋다. 정왕시장은 형성된 이래 15년 만인 2016년 7월 전통시장으로 인정받았다. 채소, 과일, 육류, 생선 등 각종 식품과 잡화를 구매할 수 있고 길거리 음식을 맛볼 수 있다. 최근에는 코로나 시대에 발맞춰 근거리 배송 서비스도 운영하고 있다.","=GOOGLETRANSLATE(A67, ""ko"", ""ja"")"
031-8044-1248,"=GOOGLETRANSLATE(A68, ""ko"", ""ja"")"
시흥ABC행복학습타운,"=GOOGLETRANSLATE(A69, ""ko"", ""ja"")"
시흥 시흥ABC행복학습타운,"=GOOGLETRANSLATE(A70, ""ko"", ""ja"")"
경기도 시흥시 소래산길 11,"=GOOGLETRANSLATE(A71, ""ko"", ""ja"")"
"시흥ABC행복학습타운은 전국 최초·최대 3세대가 소통하고, 학습하고, 공동체를 만들어 성장해가는 학습·문화·예술의 복합공간으로써 학습을 통한 배움과 성장의 공간, 문화 예술을 통한 소통과 공감의 공간, 3세대가 함께 어울리는 커뮤니티 공간이다. 도심에서 접근이 편리하고 소래산과 가까워 주변 환경이 쾌적하다. 문화시설, 체육시설, 산림욕장 등을 갖추고 다양한 학습 프로그램을 제공한다.","=GOOGLETRANSLATE(A72, ""ko"", ""ja"")"
031-310-2519,"=GOOGLETRANSLATE(A73, ""ko"", ""ja"")"
하남수산물시장,"=GOOGLETRANSLATE(A74, ""ko"", ""ja"")"
경기 하남시 하남대로 1041,"=GOOGLETRANSLATE(A75, ""ko"", ""ja"")"
풍산동에 위치한 하남수산물시장에서는 남해·서해·동해 등 전국 각지에서 산지 직송된 수산물을 한자리에서 만나볼 수 있다. 신선한 활어부터 건어물까지 다양한 품목을 저렴한 가격에 판매해 지역 주민과 방문객 모두에게 사랑받는다. 구매한 수산물은 즉석에서 회로 떠서 맛볼 수 있고 포장도 가능하다. 고객지원센터에는 수유실·교육관·쉼터 등 편의시설이 마련되어 있어 이용이 편리하다.,"=GOOGLETRANSLATE(A76, ""ko"", ""ja"")"
0507-1435-1196,"=GOOGLETRANSLATE(A77, ""ko"", ""ja"")"
스타필드 시티 위례,"=GOOGLETRANSLATE(A78, ""ko"", ""ja"")"
경기도 하남시 위례대로 200,"=GOOGLETRANSLATE(A79, ""ko"", ""ja"")"
"스타필드 시티 위례는 쇼핑, 문화, 휴식까지 삶에 필요한 모든 것이 한 곳에서 이뤄지는 새로운 형태의 도심형 라이프 스타일몰이다. 도시에서 가까워진 접근성과 휴먼 스케일의 편안한 공간 미학을 통해 일상에서 누릴 수 있는 행복을 제안한다. 영화관, 서점, 트렌디한 맛집과 이마트 트레이더스, 패션, 뷰티, 라이프스타일까지, 가성비와 가심비를 만족시키는 원스톱 쇼핑의 천국이다. 스타필드 시티에선 매주 어린이를 위한 공연이 진행되며 10F 옥상정원에는 반려견이 목줄 없이 뛰어놀 수 있는 펫파크가 마련되어있다.※ 반려견 동반 여행 정보- 예방접종이 완료된 반려동물 (개,고양이)에 한해 목줄 착용 또는 케이지 동반 시 출입 가능- 단, 맹견 출입 제한 (도사견, 아메리칸핏불테리어, 아메리칸스태퍼드셔 테리어, 스태퍼드셔 불테리어, 로트와일러, 도고 아르젠티노, 필라 브라질레이, 잉글리쉬 불테리어 및 그 잡종의 개, 그밖에 사람을 공격하여 상해를 입힐 가능성이 높은 개)- 목줄은 안전을 위하여 1.5m 이내로 조절하여 고정- 매장별 출입 기준은 상이함","=GOOGLETRANSLATE(A80, ""ko"", ""ja"")"
031-8097-1101,"=GOOGLETRANSLATE(A81, ""ko"", ""ja"")"
미사한강공원5호,"=GOOGLETRANSLATE(A82, ""ko"", ""ja"")"
경기도 하남시 망월동 832,"=GOOGLETRANSLATE(A83, ""ko"", ""ja"")"
"미사한강공원 5호는 산책과 운동을 즐기기 좋은 한강 수변 공원이다. 어린이 놀이시설과 여름철에 운영되는 어린이 풀장, 농구장, 잔디광장 등 다양한 시설을 갖추었으며, 잔디광장에는 우레탄 트랙도 깔려 있어 시민들의 건강한 활동을 돕는다. 전망대에 오르면 하남의 검단산은 물론, 맞은편 남양주와 예봉산까지 한눈에 담을 수 있는데, 사방이 탁 트인 경관이 매우 아름답다.","=GOOGLETRANSLATE(A84, ""ko"", ""ja"")"
031-790-6252,"=GOOGLETRANSLATE(A85, ""ko"", ""ja"")"
자유공원,"=GOOGLETRANSLATE(A86, ""ko"", ""ja"")"
안양 자유공원,"=GOOGLETRANSLATE(A87, ""ko"", ""ja"")"
경기도 안양시 동안구 평촌대로 76,"=GOOGLETRANSLATE(A88, ""ko"", ""ja"")"
"자유공원을 즐기는 방식은 이 공원의 이름에서 답을 얻을 수 있다. 자연이 주는 환경으로서의 즐거움, 공원이 주는 공간감. 이 둘이 한 곳에 모이면 자신이 누리고 있는 여유가 한없이 기분 좋아지는 지점이 있다. 뉴욕의 센트럴파크, 파리의 뤽상부르 궁전 공원에 수많은 사람들이 모이는 까닭이 바로 그것이다. 같은 맥락의 즐거움을 진하게 주는 곳이 자유공원이다. 각각 느끼는 자유로움을 위한 공원이라고 해도 좋을 것 같다. 각종 교통 표지판과 신호등을 설치해 어린이를 위한 교통안전교육을 할 수 있는 어린이교통공원도 이곳에 있다. 안양에서 자라는 아이들이 공원의 즐거움을 처음 배우는 곳이라도 해도 좋을 이곳은 어른들에게도 마찬가지로 큰 즐거움을 선사한다. 역사에 관심이 많은 사람이라면 큰 돌덩이처럼 보이는 고인돌 5점을 보며 청동기 시대를 상상해 볼 수도 있고, 클래식 음악 공연이 그리울 때는 평촌아트홀을 찾으면 된다. 한국을 처음 찾는 외국인과 같이 가기에도 그만이다. 물론 자유공원의 벤치나 정자에서 그냥 휴식만 취해도 된다. 이 모든 것이 한자리에 있다는 것이 자유공원의 가장 큰 장점이다. (출처 : 안양시청 홈페이지)","=GOOGLETRANSLATE(A89, ""ko"", ""ja"")"
031-8045-2413,"=GOOGLETRANSLATE(A90, ""ko"", ""ja"")"
삼막사계곡,"=GOOGLETRANSLATE(A91, ""ko"", ""ja"")"
안양 삼막사계곡,"=GOOGLETRANSLATE(A92, ""ko"", ""ja"")"
경기도 안양시 만안구 석수동,"=GOOGLETRANSLATE(A93, ""ko"", ""ja"")"
"삼막사계곡은 삼성산에서 흐르는 맑고 깨끗한 물줄기가 모여 형성된 계곡으로, 울창한 숲 속에서 물놀이를 즐길 수 있어 여름철 인기 명소로 손꼽힌다. 물살이 세지 않고 수심이 얕아 가족 단위 방문객들이 즐겨 찾는다. 그늘진 곳도 넉넉해 돗자리를 펴고 쉬어가기 안성맞춤이다. 아이가 있는 가족 방문객들은 공영주차장과 화장실, 매점 등 각종 편의시설이 가까이 있는 하류에서 물놀이를 즐기는 것을 추천한다.","=GOOGLETRANSLATE(A94, ""ko"", ""ja"")"
031-8045-3503,"=GOOGLETRANSLATE(A95, ""ko"", ""ja"")"
석수체육공원,"=GOOGLETRANSLATE(A96, ""ko"", ""ja"")"
안양 석수체육공원,"=GOOGLETRANSLATE(A97, ""ko"", ""ja"")"
경기 안양시 만안구 안양로 595,"=GOOGLETRANSLATE(A98, ""ko"", ""ja"")"
"석수체육공원은 안양시 만안구에 위치한 생활체육 중심 공원으로, 주민들이 일상 속에서 운동과 휴식을 함께 즐길 수 있도록 조성되었다. 축구장·야구장·농구장·배드민턴장 등 다양한 체육시설과 산책로, 휴게시설이 마련되어 있어 온 가족이 편하게 이용할 수 있다. 가족 단위 방문객과 지역 동호회 모임이 활발하고, 특히 주말에는 축구와 야구를 즐기는 시민들로 북적인다.","=GOOGLETRANSLATE(A99, ""ko"", ""ja"")"
031-389-5287,"=GOOGLETRANSLATE(A100, ""ko"", ""ja"")"
다산체육공원(체육공원1호 체육시설) 축구장,"=GOOGLETRANSLATE(A101, ""ko"", ""ja"")"
남양주 다산체육공원(체육공원1호 체육시설) 축구장,"=GOOGLETRANSLATE(A102, ""ko"", ""ja"")"
경기도 남양주시 다산동 6138,"=GOOGLETRANSLATE(A103, ""ko"", ""ja"")"
"다산체육공원 축구장은 남양주시 다산동에 위치한 생활체육시설이다. 축구장의 규격과 골대 크기 등 모든 요소가 정규 사이즈에 맞게 갖춰져 있으며, 잔디 상태 또한 늘 최적의 상태로 관리되고 있다. 공원에는 축구장 외에도 테니스장과 족구장 등 여러 운동시설이 마련되어, 시민들이 예약을 통해 편리하게 이용할 수 있다. 넓은 부지에는 공원형 공간도 조성되어 있어 운동 후 산책을 하거나 자연 속에서 쉬어 가기에도 적합하다.","=GOOGLETRANSLATE(A104, ""ko"", ""ja"")"
031-590-8696,"=GOOGLETRANSLATE(A105, ""ko"", ""ja"")"
뽀로로테마파크다산위드트래블,"=GOOGLETRANSLATE(A106, ""ko"", ""ja"")"
남양주 뽀로로테마파크다산위드트래블,"=GOOGLETRANSLATE(A107, ""ko"", ""ja"")"
경기도 남양주시 다산지금로 202 (다산동),"=GOOGLETRANSLATE(A108, ""ko"", ""ja"")"
"뽀로로테마파크다산위드트래블은 놀이를 하면서 교육효과를 창출하는 에듀테인먼트(edutainment)공간이며, 친근한 뽀로로 캐릭터로 아이들을 서로 연결시키고 함께 즐기는 놀이문화의 장이다. 뽀로로파크는 모든 어린이들에게 놀이적 커뮤니티를 통해 놀이를 통한 교육 효과를 창출하는 것을 중요한 가치와 목적으로 하여, 우리 아이들이 엄마, 아빠와 신나게 놀고, 즐겁게 체험하고, 공부하는 공간이다.","=GOOGLETRANSLATE(A109, ""ko"", ""ja"")"
전화 0507-1390-3624,"=GOOGLETRANSLATE(A110, ""ko"", ""ja"")"
남양주한강공원(삼패지구),"=GOOGLETRANSLATE(A111, ""ko"", ""ja"")"
남양주 남양주한강공원 삼패지구,"=GOOGLETRANSLATE(A112, ""ko"", ""ja"")"
경기도 남양주시 강변북로632번길 14 (수석동),"=GOOGLETRANSLATE(A113, ""ko"", ""ja"")"
"남양주시 삼패동 630번지 일원에 위치한 삼패한강공원은 시민들에게 계절별 초화단지 및 꽃단지, 어린이정원, 음악분수, 물놀이장 등을 제공하여 사계절 내내 다양한 계층이 방문하여 즐길 수 있는 아름다운 수변공원이다. 봄부터 가을까지 매주 토요일에 시민들이 참여해 재활용 가능한 물품을 팔거나 교환할 수 있는 플리마켓도 열린다. 삼패한강공원은 자전거길도 조성되어 있어 한강과 북한강의 정취를 즐기며 자전거 라이딩을 즐길 수 있을 뿐만 아니라 걷기 좋은 산책코스이기도 하다. (출처 : 남양주시 문화관광 홈페이지)","=GOOGLETRANSLATE(A114, ""ko"", ""ja"")"
031-590-8636,"=GOOGLETRANSLATE(A115, ""ko"", ""ja"")"
스파디움24,"=GOOGLETRANSLATE(A116, ""ko"", ""ja"")"
남양주 스파디움24,"=GOOGLETRANSLATE(A117, ""ko"", ""ja"")"
경기도 남양주시 다산순환로 20 (다산동),"=GOOGLETRANSLATE(A118, ""ko"", ""ja"")"
"경기도 남양주시 다산동에 위치한 스파디움24는 24시간 이용 가능한 찜질스파 시설로 찜질방뿐만 아니라 문화시설을 함께 즐길 수 있는 곳이다. 찜질방 내에는 북카페, 라운지, 액티브존 등 다양한 시설이 입점해 있어 한 곳에서 모든 것을 체험할 수 있다. 한적하고 편안한 휴양을 원하는 사람들을 위해 다양한 방식으로 휴식을 취할 수 있게 구성되어 도심의 일상에서 벗어나 자연 속 휴식과 힐링을 취하고 싶다면 방문해 보기 좋다.","=GOOGLETRANSLATE(A119, ""ko"", ""ja"")"
0507-1338-1911,"=GOOGLETRANSLATE(A120, ""ko"", ""ja"")"
고고다이노 키즈카페 다산현대캠퍼스몰점,"=GOOGLETRANSLATE(A121, ""ko"", ""ja"")"
남양주 고고다이노 키즈카페 다산현대캠퍼스몰점,"=GOOGLETRANSLATE(A122, ""ko"", ""ja"")"
경기 남양주시 다산순환로 20,"=GOOGLETRANSLATE(A123, ""ko"", ""ja"")"
"고고다이노 키즈카페는 어린이 애니메이션 ‘고고다이노’를 주제로 만든 200~300평대 규모의 실내 놀이터다. 다산현대캠퍼스몰점은 댄스 트램펄린, 튜브 슬라이드, 유아볼풀장 등 다양한 놀이시설을 갖춰 아이들이 하루 종일 즐겁게 놀기 좋다. 카페테리아, 휴게실 등 편의시설을 함께 운영해 식사와 휴식도 가능하다. 예약제 파티룸에서는 아이의 생일을 특별하게 보낼 수 있다.","=GOOGLETRANSLATE(A124, ""ko"", ""ja"")"
031-555-9001,"=GOOGLETRANSLATE(A125, ""ko"", ""ja"")"
롯데백화점 안산점 신관,"=GOOGLETRANSLATE(A126, ""ko"", ""ja"")"
안산 롯데백화점 안산점 신관,"=GOOGLETRANSLATE(A127, ""ko"", ""ja"")"
경기 안산시 단원구 중앙대로 873,"=GOOGLETRANSLATE(A128, ""ko"", ""ja"")"
"롯데백화점 안산점 신관은 2018년 증축되었으며, 라이프스타일과 패션을 결합한 형태로 운영중이다. 무인양품, 뽀로로 키즈카페 등 가족 단위 고객을 위한 매장이 입점해 있으며, 다양한 취향을 고려한 생활·패션 브랜드가 함께 구성되어 있다. 지하층에는 식음료 전문관이 마련되어 간단한 식사부터 카페 이용까지 폭넓게 선택할 수 있다. 본관과는 지하 통로로 연결되어 있어 건물간 이동이 편리하며, 백화점 이용 동선이 자연스럽게 이어져 효율적인 쇼핑이 가능하다.","=GOOGLETRANSLATE(A129, ""ko"", ""ja"")"
와동체육공원,"=GOOGLETRANSLATE(A130, ""ko"", ""ja"")"
안산 와동체육공원,"=GOOGLETRANSLATE(A131, ""ko"", ""ja"")"
경기도 안산시 단원구 와동공원로 109 (와동),"=GOOGLETRANSLATE(A132, ""ko"", ""ja"")"
"경기도 안산시 단원구에 위치한 와동체육공원은 안산시민과 공원 주변의 공단 근로자들에게 좋은 휴식공간이 되고 있으며 꽃나무가 많이 심겨 있어 봄철 풍경이 특히 아름답다. 56,895.9㎡의 부지에 광장, 다목적 운동장, 어린이놀이터, 농구장, 산책로 등이 조성되어 있으며 롤러스케이트와 인라인스케이트를 즐길 수 있다. 공원 한쪽에는 3.1 독립운동가 홍순칠 선생의 공적비가 세워져 있다. 공원 안에 와동 곤충 체험관이 있어 어린이들이 곤충 체험을 할 수 있으며, 근처에는 와동체육관이 있다.","=GOOGLETRANSLATE(A133, ""ko"", ""ja"")"
031-481-2412,"=GOOGLETRANSLATE(A134, ""ko"", ""ja"")"
자이언트제트,"=GOOGLETRANSLATE(A135, ""ko"", ""ja"")"
안산 자이언트제트,"=GOOGLETRANSLATE(A136, ""ko"", ""ja"")"
경기도 안산시 단원구 광덕1로 276 (고잔동),"=GOOGLETRANSLATE(A137, ""ko"", ""ja"")"
"국내 최대 1,500평 규모의 익스트림 패밀리 테마파크 자이언트제트는 30여가지의 다양한 어트랙션으로 지루할 틈 없이 신나게 놀 수 있는 곳이다. 3층 정도 되는 규모에 높은 천장과 통창으로 되어있어 훨씬 더 넓어 보인다. 어트랙션은 키에 따라 이용할 수 있는 놀거리가 나뉜다. 130cm 이상은 본인들이 운전할 수 있는 카트마스터, 외줄에 몸을 의지한채 공중에서 걸어가는 스카이챌린지, 120cm 이상은 자이언트제트를 대각선으로 가로지르는 짚라인, 번지점프, 클라이밍, 110cm 이상은 파라볼릭슬라이드, 천사의 계단을 이용할 수 있다. 이 밖에 어린이 전용 회전목마, 기차마을, 정글짐, 방방이, 미끄럼틀과 정글짐이 함께 있는 볼풀장 등이 있으며 쉬는 공간 구석구석에도 재미있는 놀거리들이 숨어있다.","=GOOGLETRANSLATE(A138, ""ko"", ""ja"")"
0507-1395-9374,"=GOOGLETRANSLATE(A139, ""ko"", ""ja"")"
반달섬,"=GOOGLETRANSLATE(A140, ""ko"", ""ja"")"
안산 반달섬,"=GOOGLETRANSLATE(A141, ""ko"", ""ja"")"
경기 안산시 단원구 성곡동,"=GOOGLETRANSLATE(A142, ""ko"", ""ja"")"
"반달섬은 반달 모양의 독특한 지형 때문에 붙은 이름이다. 물길을 따라 산책로가 길게 이어져 있어 시원한 바람을 맞으며 바다 전망을 감상할 수 있다. 탁 트인 수면과 정박한 배들이 만들어내는 풍경은 도심에서 느끼기 힘든 개방감을 선사한다. 곳곳에 음식점과 카페가 자리해 휴식과 식사를 겸하기에도 편리하다. 섬 중앙의 반달섬문화공원은 산책 중 잠시 쉬어가며 여유를 즐기기 좋은 쉼터로, 가족 단위 방문객들에게 인기가 높다.","=GOOGLETRANSLATE(A143, ""ko"", ""ja"")"
1666-1234,"=GOOGLETRANSLATE(A144, ""ko"", ""ja"")"
롯데백화점 안산점 본관,"=GOOGLETRANSLATE(A145, ""ko"", ""ja"")"
안산 롯데백화점 안산점 본관,"=GOOGLETRANSLATE(A146, ""ko"", ""ja"")"
경기 안산시 단원구 고잔1길 12,"=GOOGLETRANSLATE(A147, ""ko"", ""ja"")"
"롯데백화점 안산점은 중앙역 인근에 자리한 고잔신도시의 주요 쇼핑 거점이다. 지역 거주민과 방문객을 위한 쇼핑·문화 공간으로, 라이프스타일 전반을 아우르는 상품과 서비스를 제공한다. 본관과 신관으로 구성되어 있으며, 패션·뷰티·리빙 브랜드를 비롯해 롯데시네마와 식품관 등이 입점해 있다. 시즌별 행사와 기획전을 수시로 운영해 방문 시기에 따라 다양한 상품을 만날 수 있다.","=GOOGLETRANSLATE(A148, ""ko"", ""ja"")"
안산올림픽기념관,"=GOOGLETRANSLATE(A149, ""ko"", ""ja"")"
안산 안산올림픽기념관,"=GOOGLETRANSLATE(A150, ""ko"", ""ja"")"
"안산 올림픽기념관은 경기도 안산시 단원구에 위치한 문화시설이다. 공연장, 수영장, 소극장, 체육관이 있으며 공연장의 경우 420석 규모로 다양한 교육이나 행사, 연극제, 발표회가 가능하고 시민들을 위한 영화 상영을 하기도 한다. 또 수용인원 100석의 소극장에서는 노래교실을 운영하고 있으며, 88 서울 올림픽 기념사진을 전시하고 있다. 올림픽 수영장에서는 누구나 수영을 즐길 수 있다. 나무 그늘이 많고 산책로가 잘 되어 있어 주민들이 자주 찾는 곳이다.","=GOOGLETRANSLATE(A151, ""ko"", ""ja"")"
시설별로 상이,"=GOOGLETRANSLATE(A152, ""ko"", ""ja"")"
031-481-4900,"=GOOGLETRANSLATE(A153, ""ko"", ""ja"")"
안산농수산물도매시장,"=GOOGLETRANSLATE(A154, ""ko"", ""ja"")"
안산 안산농수산물도매시장,"=GOOGLETRANSLATE(A155, ""ko"", ""ja"")"
경기도 안산시 상록구 충장로 312 (이동),"=GOOGLETRANSLATE(A156, ""ko"", ""ja"")"
"안산농수산물도매시장은 경기도 안산시 상록구에 위치한 도매시장이다. 이른 새벽에 직접 경매가 이뤄지고 일반 판매는 오전 6시부터 오후 5시까지 가능하다. 청과동과 수산동, 채소동, 관리동, 경매장으로 이루어져 있으며 면적은 28.303㎡ 규모이다. 어패류, 젓갈, 활어, 선어 등의 수산물을 비롯하여 무, 배추를 포함한 다양한 채소와 과일을 저렴하게 구입할 수 있다. 넓은 주차장을 갖춰 놓았고 지하철 4호선 한대앞역 1번 출구에서 도보로 가까운 거리에 있어 접근성이 좋다, 2019년 수산물 도매시장 평가에서 우수 수산물 도매시장으로 선정되었다.","=GOOGLETRANSLATE(A157, ""ko"", ""ja"")"
1666 - 1234,"=GOOGLETRANSLATE(A158, ""ko"", ""ja"")"
방아머리해변,"=GOOGLETRANSLATE(A159, ""ko"", ""ja"")"
안산 방아머리해변,"=GOOGLETRANSLATE(A160, ""ko"", ""ja"")"
경기도 안산시 단원구 대부북동,"=GOOGLETRANSLATE(A161, ""ko"", ""ja"")"
"방아머리해변은 경기도 안산시 대부북동에 위치하여 서울·경기 지역에서 찾아가기 좋은 곳이다. 모래사장은 워낙 넓어서 사람이 많이 오는 주말에도 붐비지 않으며 모래가 부드러워서 맨발로 다니기 좋다. 밀물 때에도 해변의 적당한 수심은 물놀이하기에 좋고, 썰물 때에는 생생한 갯벌 체험을 하며 촉촉한 갯벌을 따라 걸어보는 기회를 제공한다. 갯벌 체험은 도구를 준비해 온다면 별도의 비용이 들지 않으며 동죽과 게를 잡을 수 있다. 또한 해변 옆 솔숲 길을 따라 산책하거나, 방아머리 음식문화 거리에서 다양한 음식점과 분위기 좋은 카페도 많이 있어 함께 즐기기에 좋다.","=GOOGLETRANSLATE(A162, ""ko"", ""ja"")"
1899-1720,"=GOOGLETRANSLATE(A163, ""ko"", ""ja"")"
세이브존 부천상동점,"=GOOGLETRANSLATE(A164, ""ko"", ""ja"")"
부천 세이브존 부천상동점,"=GOOGLETRANSLATE(A165, ""ko"", ""ja"")"
경기 부천시 원미구 길주로 105,"=GOOGLETRANSLATE(A166, ""ko"", ""ja"")"
"세이브존 부천상동점은 상동역 인근에 자리한 아울렛형 복합 쇼핑시설로, 쇼핑과 식음료, 여가를 함께 즐길 수 있다. 스포츠·골프 등 취미 관련 매장과 함께 키즈카페, 문화센터 등 생활형 시설이 갖춰져 있어 가족 단위 방문에도 적합하다. 지하 1층에는 2025년 10월 리뉴얼된 식품관 ‘Selfresh’가 운영되며, 넓어진 동선과 낮은 진열대를 통해 쾌적한 쇼핑 환경을 제공한다.","=GOOGLETRANSLATE(A167, ""ko"", ""ja"")"
0507-1494-9011,"=GOOGLETRANSLATE(A168, ""ko"", ""ja"")"
현대백화점 중동점,"=GOOGLETRANSLATE(A169, ""ko"", ""ja"")"
부천 현대백화점 중동점,"=GOOGLETRANSLATE(A170, ""ko"", ""ja"")"
경기 부천시 원미구 길주로 180,"=GOOGLETRANSLATE(A171, ""ko"", ""ja"")"
"현대백화점 중동점은 패션·뷰티·리빙·F&amp;B 등 다양한 브랜드가 입점한 복합 쇼핑 공간이다. 1층에는 글로벌 명품 브랜드가 즐비하고, 팝업 스토어도 수시로 운영된다. 층별로 글로벌 패션, 여성·남성패션, 키즈·스포츠, 리빙, 식당가 등이 구성되어 있으며 문화센터와 문화홀도 갖췄다. 별관 ‘유플렉스’는 영패션·SPA·스포츠 브랜드 중심으로 운영되며, 상층부에는 CGV 부천이 위치한다.","=GOOGLETRANSLATE(A172, ""ko"", ""ja"")"
1588-3650,"=GOOGLETRANSLATE(A173, ""ko"", ""ja"")"
스타필드시티 부천,"=GOOGLETRANSLATE(A174, ""ko"", ""ja"")"
부천 스타필드시티 부천,"=GOOGLETRANSLATE(A175, ""ko"", ""ja"")"
경기 부천시 소사구 옥길로 1,"=GOOGLETRANSLATE(A176, ""ko"", ""ja"")"
"스타필드 시티 부천은 지역 쇼핑복합센터로, 일상에 필요한 생활밀착형 쇼핑 인프라 역할을 한다. 판매 중심 구조에 F&amp;B, 북카페형 공간, 키즈존 등 체험형 콘텐츠를 더해 머무르는 쇼핑 환경을 구성했다. 병원·치과·미용실·피트니스클럽·어린이집·놀이터 등 생활 편의시설이 한곳에 모여 있어 이용이 편리하다. 또한 다양한 팝업 스토어를 주기적으로 운영해 방문자들의 경험의 폭을 넓힌다.","=GOOGLETRANSLATE(A177, ""ko"", ""ja"")"
1833-900,"=GOOGLETRANSLATE(A178, ""ko"", ""ja"")"
롯데백화점 동탄점,"=GOOGLETRANSLATE(A179, ""ko"", ""ja"")"
화성 롯데백화점 동탄점,"=GOOGLETRANSLATE(A180, ""ko"", ""ja"")"
경기 화성시 동탄역로 160,"=GOOGLETRANSLATE(A181, ""ko"", ""ja"")"
"롯데백화점 동탄점은 연면적 약 24만㎡ 규모의 대형 백화점으로, 동탄역과 직결된 복합 쇼핑공간이다. 지하 1층에는 국내 최대 규모의 식품관이, 상층부에는 명품부터 리빙·F&amp;B까지 다양한 브랜드가 입점했다. 3층 ‘더 테라스’를 비롯해 옥상 애견파크와 체험형 갤러리 등도 함께 운영중이다. 최상층에는 롯데시네마가 있고, 외부에는 스트리트몰 형태의 ‘D.Avenue’가 조성되어 다양한 형태의 쇼핑·문화 공간을 이룬다.","=GOOGLETRANSLATE(A182, ""ko"", ""ja"")"
031-8036-2450~2,"=GOOGLETRANSLATE(A183, ""ko"", ""ja"")"
AK& 기흥,"=GOOGLETRANSLATE(A184, ""ko"", ""ja"")"
평택 AK& 기흥,"=GOOGLETRANSLATE(A185, ""ko"", ""ja"")"
경기 용인시 기흥구 기흥역로 63,"=GOOGLETRANSLATE(A186, ""ko"", ""ja"")"
"AK&amp;기흥은 지하 1층부터 지상 6층까지 약 1만 8,400평 규모로 조성된 복합 쇼핑몰이다. 수인·분당선과 용인경전철이 지나는 기흥역 3·4·9번 출구와 직접 연결되어 접근성이 높다. 지하 1층에는 롯데 프리미엄 푸드마켓이 입점하였으며, 상층부에는 패션·뷰티·F&amp;B 등 라이프스타일 브랜드와 체험형 콘텐츠가 층별로 자리한다. 젊은 부부와 가족 단위 거주 비율이 높은 지역 특성을 반영해 키즈·패밀리 매장과 생활편의 시설을 강화한 점이 특징이다.","=GOOGLETRANSLATE(A187, ""ko"", ""ja"")"
031-5186-6500,"=GOOGLETRANSLATE(A188, ""ko"", ""ja"")"
롯데몰 수지점,"=GOOGLETRANSLATE(A189, ""ko"", ""ja"")"
평택 롯데몰 수지점,"=GOOGLETRANSLATE(A190, ""ko"", ""ja"")"
경기 용인시 수지구 성복2로 38,"=GOOGLETRANSLATE(A191, ""ko"", ""ja"")"
"롯데몰 수지점은 성복역과 바로 연결된 복합 쇼핑몰로, 자라·H&amp;M·유니클로 등 약 200개의 글로벌 패션·리빙·F&amp;B 브랜드가 입점해 있다. 지하 1층에는 롯데마트가, 5층에는 롯데시네마가 자리해 쇼핑이나 여가를 연계하여 즐기기 좋고, 4층에 있는 무료 휴식 공간인 '그린홀'에서는 비치된 책을 자유롭게 읽으며 편하게 쉬어갈 수 있다. 시그니처 공간인 미디어타워는 지하 1층부터 4층까지 관통하는 높이 24m 규모로, 시시각각 변화하는 영상 콘텐츠를 감상할 수 있다.","=GOOGLETRANSLATE(A192, ""ko"", ""ja"")"
031-5174-4000,"=GOOGLETRANSLATE(A193, ""ko"", ""ja"")"
스타필드마켓 일산,"=GOOGLETRANSLATE(A194, ""ko"", ""ja"")"
고양 스타필드마켓 일산,"=GOOGLETRANSLATE(A195, ""ko"", ""ja"")"
경기 고양시 일산서구 킨텍스로 171,"=GOOGLETRANSLATE(A196, ""ko"", ""ja"")"
"스타필드 마켓 일산점은 기존 ‘더 타운 몰’을 리뉴얼해 선보인 복합쇼핑몰이다. 북 그라운드와 키즈 그라운드 등 휴식·문화 공간을 확장해 가족 단위 방문객을 위한 체험 요소를 강화했다. 지하 1층에는 트레이더스와 일렉트로마트가, 지상 1·2층에는 리테일과 F&amp;B 매장이 자리해 있다. 이 외에도 다이소, 올리브영, 무신사 스탠다드 등 다양한 브랜드가 입점해 쇼핑과 여가를 한곳에서 즐기기 적합하다.","=GOOGLETRANSLATE(A197, ""ko"", ""ja"")"
031-936-1123,"=GOOGLETRANSLATE(A198, ""ko"", ""ja"")"
뉴코아아울렛 일산점,"=GOOGLETRANSLATE(A199, ""ko"", ""ja"")"
고양 뉴코아아울렛 일산점,"=GOOGLETRANSLATE(A200, ""ko"", ""ja"")"
경기 고양시 일산동구 중앙로 1206,"=GOOGLETRANSLATE(A201, ""ko"", ""ja"")"
"뉴코아아울렛 일산점은 마두동에 자리한 패션·잡화 중심의 복합 쇼핑공간이다. 킴스클럽, 모던하우스, 럭셔리갤러리 등 이랜드리테일 브랜드가 다수 입점해 있으며, 연령대별 의류와 생활용품 매장까지 폭넓게 갖추고 있다. 9층 문화센터는 지역 주민의 취미·교육 프로그램 공간으로 활용된다. 패밀리 레스토랑과 전문 식당가, 푸드몰도 함께 구성되어 있어 쇼핑과 외식을 한곳에서 즐기기 좋다.","=GOOGLETRANSLATE(A202, ""ko"", ""ja"")"
031-900-5000,"=GOOGLETRANSLATE(A203, ""ko"", ""ja"")"
롯데아울렛 고양터미널점,"=GOOGLETRANSLATE(A204, ""ko"", ""ja"")"
고양 롯데아울렛 고양터미널점,"=GOOGLETRANSLATE(A205, ""ko"", ""ja"")"
경기 고양시 일산동구 중앙로 1036,"=GOOGLETRANSLATE(A206, ""ko"", ""ja"")"
"롯데아울렛 고양터미널점은 백석역 인근 고양종합터미널 내에 위치한 복합형 아울렛이다. 터미널과 바로 연결되는 등 교통이 편리해, 버스 승·하차 전후로 여행객이 잠시 들러 쇼핑하거나 식사하기 좋다. 지상 1층부터 4층까지 패션·스포츠·유아·리빙잡화 매장을 층별로 구성했고, 5층 옥상에는 예약제로 운영되는 풋살장이 마련되어 있어 쇼핑과 레저를 함께 즐길 수 있다.","=GOOGLETRANSLATE(A207, ""ko"", ""ja"")"
1588-2500,"=GOOGLETRANSLATE(A208, ""ko"", ""ja"")"
세이브존 화정점,"=GOOGLETRANSLATE(A209, ""ko"", ""ja"")"
고양 세이브존 화정점,"=GOOGLETRANSLATE(A210, ""ko"", ""ja"")"
경기 고양시 덕양구 화정로 52,"=GOOGLETRANSLATE(A211, ""ko"", ""ja"")"
"세이브존 화정점은 1998년 개점한 세이브존의 첫 번째 지점으로, 패션과 생활용품을 중심으로 한 할인형 백화점이다. 다양한 패션 브랜드를 합리적인 가격에 제공하고, 식품관과 자체 상표 상품 구성도 갖춰 실속 있는 쇼핑이 가능하다. 건물 내 문화센터에서는 지역 주민을 위한 강좌와 프로그램을 운영해 생활문화 공간으로도 활용된다. 쇼핑과 문화과 결합된 지역 기반 유통시설로 입소문이 나 찾아오는 방문객이 많은 편이다.","=GOOGLETRANSLATE(A212, ""ko"", ""ja"")"
031-978-9000,"=GOOGLETRANSLATE(A213, ""ko"", ""ja"")"
세이브존 성남점,"=GOOGLETRANSLATE(A214, ""ko"", ""ja"")"
성남 세이브존 성남점,"=GOOGLETRANSLATE(A215, ""ko"", ""ja"")"
경기 성남시 수정구 산성대로 337,"=GOOGLETRANSLATE(A216, ""ko"", ""ja"")"
세이브존 성남점은 단대오거리역 인근에 자리한 패션 아울렛이다. 의류·가전·식료품·생활용품·잡화 등 다양한 카테고리의 중저가 브랜드를 한곳에서 만날 수 있어 실용적인 쇼핑을 원하는 방문객이 자주 찾는다. 합리적인 가격대와 폭넓은 상품 구성 덕분에 일상적으로 필요한 물품을 구매하기 편리하다. 문화센터를 운영해 지역 주민들이 강좌와 프로그램에 참여할 수 있는 생활문화 공간 역할도 수행하고 있다.,"=GOOGLETRANSLATE(A217, ""ko"", ""ja"")"
전화번호 031-745-9000,"=GOOGLETRANSLATE(A218, ""ko"", ""ja"")"
락트리클라이밍 분당,"=GOOGLETRANSLATE(A219, ""ko"", ""ja"")"
성남 락트리클라이밍 분당,"=GOOGLETRANSLATE(A220, ""ko"", ""ja"")"
경기 성남시 분당구 황새울로 224,"=GOOGLETRANSLATE(A221, ""ko"", ""ja"")"
"락트리클라이밍 분당점은 수내역 인근에 자리한 실내 클라이밍장으로, 넓은 규모와 깔끔한 시설을 갖췄다. 층고가 높아 여러 각도의 코스를 경험하기 좋으며, 난이도별 루트가 세분화되어 초보자부터 숙련자까지 폭넓게 이용할 수 있다. 넓은 보호 매트를 설치해 안전성을 높였고, 내부 중앙에는 휴식과 관전을 위한 평상이 마련되어 있다. 암벽화와 초크 등 장비는 현장 대여가 가능하다. 이 외에도 덤벨 등 보조 운동기구를 갖추고 있어 등반에 필요한 기초 체력 훈련도 함께 할 수 있다.","=GOOGLETRANSLATE(A222, ""ko"", ""ja"")"
0507-1350-0810,"=GOOGLETRANSLATE(A223, ""ko"", ""ja"")"
남부수자원생태공원,"=GOOGLETRANSLATE(A224, ""ko"", ""ja"")"
부천 남부수자원생태공원,"=GOOGLETRANSLATE(A225, ""ko"", ""ja"")"
경기 부천시 소사구 연동로 89,"=GOOGLETRANSLATE(A226, ""ko"", ""ja"")"
"남부수자원생태공원은 역곡 배수구역과 오류3 배수분구에서 유입되는 하수를 친환경적으로 정화해 만든 생태형 공원이다. 넓은 잔디마당을 중심으로 피라미드 수로, 실개천, 정원 등이 이어져 산책하기 좋다. 풋살장·농구장·인라인스케이트장 등 생활 체육시설이 다양해 주민들의 운동 공간으로 활용된다. 여름철에는 아이들이 즐길 수 있는 물놀이장이 운영되고, 가을이 되면 단풍이 들어 가족 단위로 피크닉을 즐기기에도 적합하다.","=GOOGLETRANSLATE(A227, ""ko"", ""ja"")"
02-2060-4855,"=GOOGLETRANSLATE(A228, ""ko"", ""ja"")"
궁평관광지,"=GOOGLETRANSLATE(A229, ""ko"", ""ja"")"
화성 궁평관광지,"=GOOGLETRANSLATE(A230, ""ko"", ""ja"")"
경기도 화성시 서신면 궁평리 513-9,"=GOOGLETRANSLATE(A231, ""ko"", ""ja"")"
"궁평관광지는 솔향과 서해안 정취가 어우러지는 공간으로, ‘궁평유원지’라는 이름으로 널리 알려져 있다. 궁평해송군락지 산책로에서는 피톤치드 가득한 솔숲의 향기를 느끼며 걸을 수 있고, 궁평해수욕장에서는 탁 트인 바다와 함께 아름다운 낙조를 감상할 수 있다. 산책로와 해변 일대에는 텐트나 매트를 펼쳐 피크닉을 즐기는 방문객들로 늘 활기가 넘친다. 여름철에는 갯벌체험 프로그램이 운영되어 가족 단위 여행객들에게 더욱 인기가 높다.","=GOOGLETRANSLATE(A232, ""ko"", ""ja"")"
031-5189-7407,"=GOOGLETRANSLATE(A233, ""ko"", ""ja"")"
보통저수지,"=GOOGLETRANSLATE(A234, ""ko"", ""ja"")"
화성 보통저수지,"=GOOGLETRANSLATE(A235, ""ko"", ""ja"")"
경기도 화성시 정남면 보통리 38,"=GOOGLETRANSLATE(A236, ""ko"", ""ja"")"
"보통저수지는 정남면 보통리에 위치한 저수지로, 둘레길이 조성되어 있어 가볍게 산책하기 좋다. 초입부에는 메인 포토존과 전망대가 자리해 저수지 전경을 감상할 수 있으며, 쉼터 의자에서는 잠시 머물면서 물멍을 즐기기 좋다. 여름이면 연꽃이 만개해 연꽃 명소로 알려져 있고, 차박 장소로도 인기가 높다. 인근에 식당과 카페가 모여 있어 가족 나들이 코스로 적합하다.","=GOOGLETRANSLATE(A237, ""ko"", ""ja"")"
031-5189-3254,"=GOOGLETRANSLATE(A238, ""ko"", ""ja"")"
봉담2생태체육공원,"=GOOGLETRANSLATE(A239, ""ko"", ""ja"")"
화성 봉담2생태체육공원,"=GOOGLETRANSLATE(A240, ""ko"", ""ja"")"
경기 화성시 봉담읍 상리1길 87,"=GOOGLETRANSLATE(A241, ""ko"", ""ja"")"
"봉담2생태체육공원은 봉담2지구에 자리한 도심형 공원으로, 체육시설과 생태 공간이 조화를 이루는 것이 특징이다. 농구장, 트랙, 배드민턴장, 게이트볼장 등이 조성되어 있어 주민들의 생활형 운동 공간으로 활용된다. 공원 옆으로는 울창한 숲이 이어지며, 내부에는 맹꽁이 습지가 있어 도시에서는 보기 힘든 생물과 자연 환경을 관찰할 수 있다. 또한 맨발 걷기 길이 마련되어 있어 산책과 힐링을 동시에 즐기기 좋다.","=GOOGLETRANSLATE(A242, ""ko"", ""ja"")"
031-8059-6433,"=GOOGLETRANSLATE(A243, ""ko"", ""ja"")"
발안만세시장,"=GOOGLETRANSLATE(A244, ""ko"", ""ja"")"
화성 발안만세시장,"=GOOGLETRANSLATE(A245, ""ko"", ""ja"")"
경기도 화성시 향남읍 평2길 7,"=GOOGLETRANSLATE(A246, ""ko"", ""ja"")"
화성시 특산물이나 농산물을 판매하는 곳이었으나 현재는 상설시장으로 이용되고 있으며 외국인 노동자들이 많아 외국 먹거리들도 손쉽게 구할 수 있다. 3.1운동 발상지로 발안 만세 벽화거리가 조성되어 있다. 사통팔달 교통의 요지지만 신도시 건설과 산업단지 조성으로 점차 상권이 현대화되고 있다.,"=GOOGLETRANSLATE(A247, ""ko"", ""ja"")"
031-352-0120,"=GOOGLETRANSLATE(A248, ""ko"", ""ja"")"
도원체육공원,"=GOOGLETRANSLATE(A249, ""ko"", ""ja"")"
화성 도원체육공원,"=GOOGLETRANSLATE(A250, ""ko"", ""ja"")"
경기 화성시 향남읍 행정동로 96,"=GOOGLETRANSLATE(A251, ""ko"", ""ja"")"
"도원체육공원은 다양한 체육시설을 갖춘 도심 속 공원이다. 테니스장, 축구장, 트랙, 농구장 등 누구나 이용 가능한 운동 시설은 물론, 어린이 놀이터와 여름철 운영되는 물놀이장이 있어 가족 단위 방문객에게도 인기다. 넓게 조성된 산책로는 한적하게 산책을 즐기기에 적합하다. 인근에는 향남다목적체육관과 화성시역사박물관이 있어 함께 방문하기 좋고, 가족 나들이 코스로 안성맞춤이다.","=GOOGLETRANSLATE(A252, ""ko"", ""ja"")"
정조효공원,"=GOOGLETRANSLATE(A253, ""ko"", ""ja"")"
화성 정조효공원,"=GOOGLETRANSLATE(A254, ""ko"", ""ja"")"
경기 화성시 장조1로 34,"=GOOGLETRANSLATE(A255, ""ko"", ""ja"")"
"정조효공원은 국가지정 사적 제206호 화성 융릉과 건릉에 인접한 공원이다. 정조대왕 초장지 재실과 구 수원부 관아지 발굴지가 위치해 있어 지역 주민에게 역사교육의 장을 제공한다. 휴게공간과 편의시설이 잘 조성되어 있고, 매년 역사문화축제인 ‘정조효문화제’가 열려 가족 단위 방문객을 위한 공연과 체험 프로그램 등 다양한 즐길 거리를 선보인다.","=GOOGLETRANSLATE(A256, ""ko"", ""ja"")"
031-5189-6627,"=GOOGLETRANSLATE(A257, ""ko"", ""ja"")"
창리저수지,"=GOOGLETRANSLATE(A258, ""ko"", ""ja"")"
평택 창리저수지,"=GOOGLETRANSLATE(A259, ""ko"", ""ja"")"
경기 용인시 처인구 남사읍 경기동로518번길 52,"=GOOGLETRANSLATE(A260, ""ko"", ""ja"")"
"창리저수지는 농업용수 공급을 위해 조성한 인공 저수지다. 수변 산책로를 따라 걸으며 한적한 시골 분위기와 사계절 특색 있는 풍경을 감상하기 좋다. 저수지는 낚시 명소로도 유명하다. 붕어, 잉어, 향어, 송어 등 다양한 어종이 서식하며, 수변에 마련된 다양한 크기의 좌대에 앉아 조용히 낚시를 즐길 수 있다. 주변에 카페도 있어 조용히 물멍을 즐기거나 틈틈이 커피를 마시며 쉬어가기 좋다.","=GOOGLETRANSLATE(A261, ""ko"", ""ja"")"
031-6193-3214,"=GOOGLETRANSLATE(A262, ""ko"", ""ja"")"
리빙파워센터,"=GOOGLETRANSLATE(A263, ""ko"", ""ja"")"
평택 리빙파워센터,"=GOOGLETRANSLATE(A264, ""ko"", ""ja"")"
"리빙파워센터는 2020년 4월 개관한 국내 최초·최대 규모의 가전·가구 전문 리빙 쇼핑몰이다. '세상 모든 리빙을 한곳에!'라는 콘셉트로 운영되며, 지하 3층부터 지상 5층까지 홈퍼니싱·가전·엔터테인먼트·F&amp;B·스포츠 등 다채로운 매장이 들어서 있다. 쇼핑을 넘어 온 가족이 함께 즐길 수 있는 복합문화공간으로 기능하고, 경부고속도로 기흥IC에서 3분 거리로 접근성이 뛰어나다.","=GOOGLETRANSLATE(A265, ""ko"", ""ja"")"
031-282-5580,"=GOOGLETRANSLATE(A266, ""ko"", ""ja"")"
롯데프리미엄아울렛 기흥점,"=GOOGLETRANSLATE(A267, ""ko"", ""ja"")"
평택 롯데프리미엄아울렛 기흥점,"=GOOGLETRANSLATE(A268, ""ko"", ""ja"")"
경기도 용인시 기흥구 신고매로 124 (고매동),"=GOOGLETRANSLATE(A269, ""ko"", ""ja"")"
"롯데프리미엄아울렛 기흥점은 가족들과 행복한 추억을 만들수 있는 숲모험 놀이터, 반려견 놀이터, 미니 기차, 실내 서핑 등이 있다. 아시아 최대 규모 나이키 팩토리, 쇼핑몰 최초 실내 서핑숍 등 300여 개 다양한 브랜드가 한곳에 모여 있다. 경부고속도로(기흥 IC), 영동고속도로, 분당수서 간 도로 등과 인접해 있어 가깝고 편리하게 만나볼 수 있다.","=GOOGLETRANSLATE(A270, ""ko"", ""ja"")"
원마운트 스노우파크,"=GOOGLETRANSLATE(A271, ""ko"", ""ja"")"
고양 원마운트 스노우파크,"=GOOGLETRANSLATE(A272, ""ko"", ""ja"")"
경기도 고양시 일산서구 한류월드로 300 (대화동),"=GOOGLETRANSLATE(A273, ""ko"", ""ja"")"
"일산서구 한류월드 및 킨텍스 지원 부지 내에 위치한 원마운트는 지하 2층, 지상 9층 연면적 16만 1천602㎡ 규모의 3개 건물로 조성된 수도권 북서부 지역 최대 규모의 복합 문화 공간이다. 원마운트는 지상 최고의 놀이터를 모토로 쇼핑몰, 스노우파크, 워터파크, 멤버십 전용 럭셔리 스포츠 클럽 등의 문화 공간을 비롯, 각종 공연 및 이벤트, 파티 등 연중 끊이지 않는 즐길 거리를 제공하고 있다. * 스노우파크 원마운트 스노우파크는 국내 최초로 겨울을 주제로 한 실내형 테마파크로서 눈과 얼음 위에서 다양한 엔터테인먼트를 한 번에 즐길 수 있는 공간이다. 북유럽의 산타마을 콘셉트로 디자인된 부조물과 이색썰매, 동물썰매 등의 101가지의 펀(Fun) 아이템을 즐길 수 있는 아이스 레이크, 7개의 테마 동굴을 지나며 때로는 아찔하게 때로는 몽환적으로 이색적인 체험을 할 수 있는 아이스로드, 1년 내내 영하의 온도에서 하얗게 흩날리는 눈을 맞으며 눈썰매를 탈 수 있는 스노우힐 등으로 구성된다. 얼음으로 만든 동화마을에서 오로라쇼와 아이스쇼를 볼 수 있는 세계 최초의 테마 공간으로, 내국인뿐 아니라 외국인들에게도 매력적인 관광지가 될 것으로 보인다.","=GOOGLETRANSLATE(A274, ""ko"", ""ja"")"
유료,"=GOOGLETRANSLATE(A275, ""ko"", ""ja"")"
1566-2232,"=GOOGLETRANSLATE(A276, ""ko"", ""ja"")"
고양 일산 호수공원 가로수길,"=GOOGLETRANSLATE(A277, ""ko"", ""ja"")"
고양 고양 일산 호수공원 가로수길,"=GOOGLETRANSLATE(A278, ""ko"", ""ja"")"
경기 고양시 일산서구 주엽로 80,"=GOOGLETRANSLATE(A279, ""ko"", ""ja"")"
"일산호수공원 가로수길은 지하 1층부터 지상 3층까지 5개 동, 약 270m 길이로 조성된 스트리트몰이다. 1층에는 소품숍과 카페·디저트 매장이, 2층에는 한식·양식·스낵 등 다양한 식음 매장이 입점해 있다. 호수공원과 인접해 산책 코스와 연계하기 좋으며, 돔형 건축물이 산토리니를 연상시키는 이국적인 분위기를 자아낸다. 테라스형 노천 카페는 계절에 관계없이 유럽풍 감성을 만끽할 수 있는 포토존으로 인기가 높다.","=GOOGLETRANSLATE(A280, ""ko"", ""ja"")"
031-929-5300,"=GOOGLETRANSLATE(A281, ""ko"", ""ja"")"
중산체육공원,"=GOOGLETRANSLATE(A282, ""ko"", ""ja"")"
고양 중산체육공원,"=GOOGLETRANSLATE(A283, ""ko"", ""ja"")"
경기도 고양시 일산동구 중산로 217,"=GOOGLETRANSLATE(A284, ""ko"", ""ja"")"
"고양시 일산에 위치한 중산체육공원은 다양한 운동시설 및 산책로가 잘 구비되어 있는 체육공원으로, 고봉산 아래 위치하고 있으며 타이탄 트랙과 인조잔디가 깔린 축구장, 테니수장, 배드민턴장, 게이트볼장 등 복합 체육시설을 갖춘 곳으로 남녀노소 누구나 운동을 즐길 수 있는 장소이다. 2019년엔 고양시 최초로 무료 물놀이장도 개설하였다. 공원 바깥쪽에는 걷기 좋은 산책로가 잘 마련되어 있어 상쾌하게 산책할 수 있다.","=GOOGLETRANSLATE(A285, ""ko"", ""ja"")"
031-8075-4337,"=GOOGLETRANSLATE(A286, ""ko"", ""ja"")"
성저공원,"=GOOGLETRANSLATE(A287, ""ko"", ""ja"")"
고양 성저공원,"=GOOGLETRANSLATE(A288, ""ko"", ""ja"")"
경기도 고양시 일산서구 일산로 663,"=GOOGLETRANSLATE(A289, ""ko"", ""ja"")"
"성저공원은 성저마을 사이에 자리잡은 산림형 근린공원이다. 공원 산책로에는 미끄럼방지 시설이 설치되어 있고, 벌레들을 퇴치하기 위한 태양열 해충 방지기가 있다. 산수국, 개망초, 맥문동 등의 식물을 보며 산책로를 올라가면 돌과 나무로 만든 계단이 곳곳에 설치되어 있어 지루하지 않게 트레킹할 수 있다. 공원 정상에는 운동기구들이 있는 체력단련장이 있고 시원한 약수가 나오는 수돗가도 있다. 출구에는 고압 먼지떨이가 있고 이 공원의 자랑인 시원한 약수터도 있다. ※ 반려동물 동반 가능(목줄, 배변 봉투 지참)","=GOOGLETRANSLATE(A290, ""ko"", ""ja"")"
0507-1377-8396,"=GOOGLETRANSLATE(A291, ""ko"", ""ja"")"
분당아이스아레나,"=GOOGLETRANSLATE(A292, ""ko"", ""ja"")"
성남 분당아이스아레나,"=GOOGLETRANSLATE(A293, ""ko"", ""ja"")"
경기 성남시 분당구 대왕판교로34번길 21,"=GOOGLETRANSLATE(A294, ""ko"", ""ja"")"
"분당아이스아레나는 성남시 분당에 위치한 실내 아이스링크장으로, 아이스하키와 스케이팅을 전문적으로 즐길 수 있는 스포츠 시설이다. 미세먼지나 날씨 영향을 받지 않는 실내 링크를 갖추고 있어 안정적으로 운동할 수 있다. 국가대표 출신 지도자를 포함한 선수 경력 강사진이 맞춤형 레슨을 제공해 실력 수준에 맞춘 체계적인 지도가 가능하다. 어린이를 위한 프로그램부터 취미 활동, 기초 체력 증진까지 폭넓게 운영해 직장인과 학생 등 다양한 연령층이 찾는다.","=GOOGLETRANSLATE(A295, ""ko"", ""ja"")"
0507-1366-1614,"=GOOGLETRANSLATE(A296, ""ko"", ""ja"")"
사적인서점,"=GOOGLETRANSLATE(A297, ""ko"", ""ja"")"
경기 파주시 돌곶이길 180-38,"=GOOGLETRANSLATE(A298, ""ko"", ""ja"")"
"사적인서점은 책방지기가 한 사람의 취향과 고민을 듣고 알맞은 책을 추천해주는 ‘책 주치의’ 콘셉트로 알려진 독립서점이다. 단순히 책을 판매하는 것을 넘어 독서 상담을 통해 자신의 내면을 들여다볼 수 있도록 도와준다. 외진 골목까지 손님들이 꾸준히 찾는 이유이기도 하다. 서가에 꽂힌 책에는 다른 방문객들의 밑줄과 메모가 남아 있어, 타인의 독서 흔적을 엿보는 묘한 친밀감도 느낄 수 있다.","=GOOGLETRANSLATE(A299, ""ko"", ""ja"")"
070-4151-1001,"=GOOGLETRANSLATE(A300, ""ko"", ""ja"")"
의정부기억저장소,"=GOOGLETRANSLATE(A301, ""ko"", ""ja"")"
의정부 의정부기억저장소,"=GOOGLETRANSLATE(A302, ""ko"", ""ja"")"
경기 의정부시 흥선로 7,"=GOOGLETRANSLATE(A303, ""ko"", ""ja"")"
"의정부 기억저장소는 시민들의 기억을 모아 만든 복합문화공간이다. 옛 향군회관 건물을 리모델링한 파란 외관이 특징으로, 좁은 계단과 낮은 천장이 과거의 정겨운 분위기를 자아낸다. 상설전시 공간인 기억관에서는 미군부대, 다방, 극장 등 1960년대 의정부의 모습을, 저장소에서는 의정부의 역사 자료와 지도 등을 볼 수 있다. 나무 의자, 칠판, 양은 도시락 등 옛 교실 풍경을 재현한 ‘학교로 보는 의정부’ 코너에서는 교복 체험도 가능하다.","=GOOGLETRANSLATE(A304, ""ko"", ""ja"")"
031-853-8374,"=GOOGLETRANSLATE(A305, ""ko"", ""ja"")"
송산사지근린공원,"=GOOGLETRANSLATE(A306, ""ko"", ""ja"")"
의정부 송산사지근린공원,"=GOOGLETRANSLATE(A307, ""ko"", ""ja"")"
경기 의정부시 민락로 296,"=GOOGLETRANSLATE(A308, ""ko"", ""ja"")"
"송산사지근린공원은 자연과 유적을 함께 즐길 수 있는 녹지 공간이다. 공원 한가운데에는 고려 말 충신 6인의 위패가 모셔진 경기도 기념물 송산사 유적지가 자리하고, 사당 주변으로는 울창한 소나무 숲과 넓은 잔디광장이 펼쳐진다. 연못과 배롱나무원 등 전통 요소를 반영한 정원은 한국 정원의 고즈넉한 멋을 느끼게 한다. 전통 그네와 널뛰기를 체험할 수 있는 민속마당을 비롯해 산책로, 어린이 놀이터, 운동 기구 등 편의시설도 잘 갖춰져 있어 가족 단위 방문객에게도 적합하다.","=GOOGLETRANSLATE(A309, ""ko"", ""ja"")"
031-828-4053,"=GOOGLETRANSLATE(A310, ""ko"", ""ja"")"
"아모레퍼시픽 팩토리 투어는 기업의 핵심 생산 기지인 아모레 뷰티 파크 내 일부 시설을 둘러보는 프로그램이다. 투어는 자유 관람 형태로 진행되며, 보통 원료식물원, 아카이브, 팩토리 순으로 이어진다. 원료식물원에는 아모레퍼시픽 제품의 원료로 쓰이는 수많은 식물이 식재되어 있으며, 연못·온실·전시 갤러리가 어우러진 정원 형태로 꾸며져 있어 볼거리가 풍부하다. 출입 인원이 제한되어 여유롭게 관람하기 좋다는 점도 특징이다. 팩토리에서는 제품 생산 스토리를, 아카이브에서는 브랜드의 다양한 자료를 살펴볼 수 있다.","=GOOGLETRANSLATE(A311, ""ko"", ""ja"")"
이메일 또는 홈페이지 문의,"=GOOGLETRANSLATE(A312, ""ko"", ""ja"")"
독산성,"=GOOGLETRANSLATE(A313, ""ko"", ""ja"")"
경기도 오산시 지곶동 산107-10,"=GOOGLETRANSLATE(A314, ""ko"", ""ja"")"
"독산성은 경기도 오산시 지곶동 일대에 자리한 삼국시대의 산성이다. 독산 정상부에 축조되었으며, 백제시대에 처음 쌓은 후 통일신라·고려·조선 시대까지 활용되었다. 둘레는 약 1.1km다. 정상에는 권율 장군이 임진왜란 당시 뛰어난 지략을 펼쳤던 세마대지가 남아있으며, 이곳에서 오산 시가지는 물론 시원과 화성까지 한눈에 조망할 수 있다. 산책로는 경기옛길과 이어지고, 성곽 아래쪽에는 독산성산림욕장이 조성되어 즐길거리가 다양하다.","=GOOGLETRANSLATE(A315, ""ko"", ""ja"")"
031-8036-7605,"=GOOGLETRANSLATE(A316, ""ko"", ""ja"")"
씽씽스튜디오,"=GOOGLETRANSLATE(A317, ""ko"", ""ja"")"
경기 여주시 청심로132번길 7,"=GOOGLETRANSLATE(A318, ""ko"", ""ja"")"
"여주 한글시장 골목에 자리한 씽씽스튜디오는 사장의 젊은 감각과 장인 정신이 어우러진 이색 편집숍이다. 전통시장 속 ‘작은 미술관’ 같은 세련된 공간에서 여주 쌀 비누, 특산물 모양 지우개 등 여주를 담은 다채로운 소품을 만날 수 있다. 특히 나무 도마와 같은 원목 소품에 이름이나 기념일을 새겨주는 각인 서비스는 특별한 여행 기념품을 찾는 방문객들에게 인기가 높다.","=GOOGLETRANSLATE(A319, ""ko"", ""ja"")"
0507-1348-1412,"=GOOGLETRANSLATE(A320, ""ko"", ""ja"")"
내리문화공원,"=GOOGLETRANSLATE(A321, ""ko"", ""ja"")"
오산 내리문화공원,"=GOOGLETRANSLATE(A322, ""ko"", ""ja"")"
경기도 평택시 팽성읍 내리,"=GOOGLETRANSLATE(A323, ""ko"", ""ja"")"
내리문화공원은 지역 주민들에게 문화와 자연을 동시에 즐길 수 있는 공간이다. 안성천을 바라볼 수 있는 곳에 위치해 있다. 넓은 잔디밭과 자전거길이 있어 가족 단위 방문객들에게 인기가 많다. 잔디마당에서는 다양한 공연과 행사가 열린다. 전망대에 올라 안성천의 물을 바라보며 힐링할 수 있다. 가을에는 핑크빛이 일렁이는 뮬리 정원에 꽃이 피어 사진 찍기 좋다. 바로 옆에는 내리 캠핑장이 위치해 있다.,"=GOOGLETRANSLATE(A324, ""ko"", ""ja"")"
031-8024-4242,"=GOOGLETRANSLATE(A325, ""ko"", ""ja"")"
쥬쥬랜드,"=GOOGLETRANSLATE(A326, ""ko"", ""ja"")"
고양 쥬쥬랜드,"=GOOGLETRANSLATE(A327, ""ko"", ""ja"")"
경기도 고양시 덕양구 원당로458번길 7-42 (관산동),"=GOOGLETRANSLATE(A328, ""ko"", ""ja"")"
"쥬쥬랜드는 동물과 로봇, 그리고 사람을 주제로 하는 가족형 종합 테마파크로 서로 간의 조화를 추구하는 공간이다. 자연친화적인 환경에서 실내와 실외에서 다양한 동식물과의 교감을 통해 자연과 공존하는 방법을 배울 수 있는 곳이다. 또한 차세대 산업인 로봇기술을 체험하고, 관심을 갖고 혁신적인 미래형 인재에 한걸음 더 나아가는 동기를 제공한다. 개방형 동물원으로 아이들과 동물들에게 먹이 주기 체험을 할 수 있고, 로봇공연을 진행하고 있다. 어디에서도 경험할 수 없었던 새로운 생태교육의 장으로 도심을 벗어나 자연과 교감하고, 일상 속에 녹아든 IT 기술을 체험하며 공존의 가능성과 가치를 확인할 수 있는 곳이다.","=GOOGLETRANSLATE(A329, ""ko"", ""ja"")"
031-962-4500,"=GOOGLETRANSLATE(A330, ""ko"", ""ja"")"
양평 중미산천문대,"=GOOGLETRANSLATE(A331, ""ko"", ""ja"")"
경기 양평군 옥천면 중미산로 1268,"=GOOGLETRANSLATE(A332, ""ko"", ""ja"")"
"중미산 해발 약 437m 지점에 위치한 중미산천문대는 빛 공해가 적어 서울 인근에서 별을 관측하기 좋은 장소로 손꼽힌다. 주요 시설로는 뛰어난 성능을 가진 굴절망원경이 설치된 관측돔, 다양한 망원경을 갖춘 야외 관찰장, 천문 영상 교육이 진행되는 강의실 등이 있으며, 천문·우주 과학 체험 학습을 비롯해 계절별 별자리와 천체 관측 등 다양한 프로그램이 예약제로 운영된다.","=GOOGLETRANSLATE(A333, ""ko"", ""ja"")"
0507-1319-0306,"=GOOGLETRANSLATE(A334, ""ko"", ""ja"")"
갤러리티,"=GOOGLETRANSLATE(A335, ""ko"", ""ja"")"
안양 갤러리티,"=GOOGLETRANSLATE(A336, ""ko"", ""ja"")"
경기 안양시 동안구 시민대로 180,"=GOOGLETRANSLATE(A337, ""ko"", ""ja"")"
"갤러리티(GALLERY:T)는 라이프스타일 속에서 예술 경험을 제안하는 브랜드로, 예술이 일상에 자연스럽게 스며들 수 있도록 큐레이팅 서비스를 제공한다. 다양한 작가의 원화를 전시하고, 작품에 담긴 철학과 메시지, 관람객과의 감정적 연결을 중심으로 큐레이션을 진행한다. 원작 외에도 판화, 아트 포스터, 인테리어 액자, 미니 액자 등을 합리적인 가격대로 선보이며, 엽서·머그잔 등 아트 굿즈도 전시·판매한다.","=GOOGLETRANSLATE(A338, ""ko"", ""ja"")"
031-8086-9264,"=GOOGLETRANSLATE(A339, ""ko"", ""ja"")"
고양한강공원,"=GOOGLETRANSLATE(A340, ""ko"", ""ja"")"
고양 고양한강공원,"=GOOGLETRANSLATE(A341, ""ko"", ""ja"")"
경기도 고양시 행주외동 450-6,"=GOOGLETRANSLATE(A342, ""ko"", ""ja"")"
"고양한강공원은 한강을 배경으로 산책로와 넓은 잔디광장이 조성된 휴식 공간이다. DMZ평화의길과 연계된 산책로에서는 시원한 강바람과 초록의 싱그러움을 느끼며 가볍게 걷기 좋고, 한강변을 따라 이어진 넓은 잔디밭은 연인·가족·아이들과 함께 혹은 혼자서 여유로운 피크닉을 즐기기 좋다. 인근에는 행주산성 등 역사 유적지와 관광 명소가 있어 함께 둘러보면 한층 풍성한 나들이가 된다.","=GOOGLETRANSLATE(A343, ""ko"", ""ja"")"
031-909-9000,"=GOOGLETRANSLATE(A344, ""ko"", ""ja"")"
오아시스,"=GOOGLETRANSLATE(A345, ""ko"", ""ja"")"
시흥 오아시스,"=GOOGLETRANSLATE(A346, ""ko"", ""ja"")"
경기 시흥시 오이도로 240,"=GOOGLETRANSLATE(A347, ""ko"", ""ja"")"
"오아시스는 퇴역 경비함 ‘해우리 12호’를 리모델링해 조성한 문화복합공간이다. 2012년 ‘함상전망대’로 운영을 시작했으며, 2022년 전면 재정비를 거쳐 지금의 모습으로 새롭게 문을 열었다. 기존 군함의 밀폐된 하부 구조를 제거하고 탁 트인 데크 형태로 바꿔 개방감을 높였고, 곳곳에서 서해 풍경을 다양한 각도로 감상할 수 있다. 물때에 따라 전혀 다른 바다 풍경이 펼쳐지는 것도 특징이다. 전시와 문화 프로그램, 소규모 공연이 수시로 열려 지역의 복합문화공간으로 활용되고 있다.","=GOOGLETRANSLATE(A348, ""ko"", ""ja"")"
031-310-6883,"=GOOGLETRANSLATE(A349, ""ko"", ""ja"")"
레전드스크린야구존 수원인계점,"=GOOGLETRANSLATE(A350, ""ko"", ""ja"")"
수원 레전드스크린야구존 수원인계점,"=GOOGLETRANSLATE(A351, ""ko"", ""ja"")"
경기 수원시 팔달구 인계로108번길 39-17,"=GOOGLETRANSLATE(A352, ""ko"", ""ja"")"
"레전드스크린야구존 수원인계점은 수원 번화가에 자리한 실내 스크린야구 체험장이다. 최신 센서 기반 타격 시스템과 다양한 게임 모드를 갖춰 난이도와 구속, 구질을 세밀하게 설정할 수 있고, 레이디·루키·아마·프로·메이저 등 단계별 옵션을 제공해 초보자부터 숙련자까지 이용자 폭이 넓다. 구단 로고가 박힌 배트와 다양한 유니폼, 사인볼 등이 전시되어 구경하는 재미도 쏠쏠하다. 실제 야구장처럼 치킨·컵라면·과자 등 간단한 먹거리도 즐길 수 있다.","=GOOGLETRANSLATE(A353, ""ko"", ""ja"")"
031-548-2058,"=GOOGLETRANSLATE(A354, ""ko"", ""ja"")"
오디너리독스,"=GOOGLETRANSLATE(A355, ""ko"", ""ja"")"
성남 오디너리독스,"=GOOGLETRANSLATE(A356, ""ko"", ""ja"")"
경기 성남시 수정구 고등로4길 16-2,"=GOOGLETRANSLATE(A357, ""ko"", ""ja"")"
"오디너리독스(Ordinary Dogs)는 오랜 경력을 가진 사진작가가 운영하는 반려동물 전문 사진관이다. 강아지의 얼굴을 또렷하게 담아내는 ‘증멍사진’을 비롯해 다양한 콘셉트 촬영을 진행한다. LP판 디자인 액자와 반려견을 위한 주제곡이 포함된 ‘뮤직독’, 반려견이 좋아하는 용품과 합성해 연출하는 ‘프라모델’ 콘셉트 등 아이디어를 활용한 작품이 돋보인다. 반려견을 직접 키우는 작가가 촬영 환경을 세심하게 조정해 동물이 스트레스를 받지 않도록 배려하며 촬영을 진행한다.","=GOOGLETRANSLATE(A358, ""ko"", ""ja"")"
010-8484-0824,"=GOOGLETRANSLATE(A359, ""ko"", ""ja"")"
은행시장,"=GOOGLETRANSLATE(A360, ""ko"", ""ja"")"
성남 은행시장,"=GOOGLETRANSLATE(A361, ""ko"", ""ja"")"
경기도 성남시 중원구 산성대로 526 (은행동),"=GOOGLETRANSLATE(A362, ""ko"", ""ja"")"
"은행시장은 40여 년의 전통을 가진 전통시장으로 상인의 절반이 30여 년 넘게 함께 장사하면서 상인들은 물론 지역 주민들과 늘 형제자매 같은 유대관계를 유지하고 있다. 점포 수는 적지만 지역사회에 꼭 필요한 전통시장이다. 은행시장은 남한산성이 유네스코 세계문화유산에 등재된 후 관광객들이 많이 찾고 있다. 남한산성 등산 후 신선한 재료로 맛을 선보이는 반찬가게, 신선한 야채, 정육 등의 재료로 만든 먹는 즐거움까지 느끼고 갈 수 있다. 남한산성 성벽이 도보로 300m 이동 가능하며, 남한산성 성벽에서 내려다보면 서울 시내와 성남시가 한눈에 들어온다. 주변 관광지로는 남한산성, 판교박물관, 신구대 식물원, 모란시장, 은행식물원 등이 있다. 은행시장의 특징은 공동쿠폰제 도입이다. 대형할인점에 대항하기 위한 전통 시장 마케팅의 일환으로 상인회에서 쿠폰을 발행해 시장 내 상인들에게 판매하는 제도이다. 상인들은 일정 금액 이상 구매한 고객에게 쿠폰을 증정하고 고객은 쿠폰을 모아서 상인회에서 상품권으로 교환, 이 상품권으로 쿠폰 가맹점에서 현금처럼 사용할 수 있게 하였다. 또한 쿠폰을 통한 각종 이벤트 등을 개최하며 고객들에게 더욱 도움이 될 수 있는 시장으로 노력하고 있다.","=GOOGLETRANSLATE(A363, ""ko"", ""ja"")"
031-744-9858,"=GOOGLETRANSLATE(A364, ""ko"", ""ja"")"
상대원시장,"=GOOGLETRANSLATE(A365, ""ko"", ""ja"")"
성남 상대원시장,"=GOOGLETRANSLATE(A366, ""ko"", ""ja"")"
경기 성남시 중원구 희망로344번길 6,"=GOOGLETRANSLATE(A367, ""ko"", ""ja"")"
"상대원시장은 성남시 중원구 상대원동에 있는 전통시장이다. 크게 A, B, C 구간으로 나뉘어져 있고, 각 구간마다 20~30개의 점포가 들어서 있다. 반찬 가게부터 떡 가게, 정육점, 식당 등 먹거리는 물론 수선집, 사우나 등 다양한 시설이 있다. 아케이드 덕분에 비나 눈, 햇볕, 바람 등 날씨의 영향을 받지 않고 편하게 장을 볼 수 있다. 쾌적하고 고급스러운 전통시장 환경이 조성되어 장 보러 나온 고객과 상인 모두의 만족감이 높다.","=GOOGLETRANSLATE(A368, ""ko"", ""ja"")"
031-729-8972,"=GOOGLETRANSLATE(A369, ""ko"", ""ja"")"
성남아트리움,"=GOOGLETRANSLATE(A370, ""ko"", ""ja"")"
성남 성남아트리움,"=GOOGLETRANSLATE(A371, ""ko"", ""ja"")"
경기 성남시 수정구 수정로171번길 10,"=GOOGLETRANSLATE(A372, ""ko"", ""ja"")"
"성남아트리움은 시민과 함께 소통하는 창의적 문화예술공간을 지향하는 공연 시설이다. 지하 4층, 지상 2층 규모로 조성되었으며, 645석 규모의 대극장과 약 200석 규모의 소극장을 갖추고 있다. 대극장은 하이엔드 스피커와 외부 소리 유입을 최소화한 음향 설계로 쾌적한 공연 환경을 제공한다. 또한 성남예총과 성남여성합창단 등 지역 예술단체 사무공간이 함께 자리해 시민예술 활동의 중심 역할을 한다.","=GOOGLETRANSLATE(A373, ""ko"", ""ja"")"
천주교인천교구 김포성당,"=GOOGLETRANSLATE(A374, ""ko"", ""ja"")"
김포 천주교인천교구 김포성당,"=GOOGLETRANSLATE(A375, ""ko"", ""ja"")"
경기 김포시 북변로 29-12,"=GOOGLETRANSLATE(A376, ""ko"", ""ja"")"
"김포성당은 1948년 본당으로 승격된 천주교 인천교구 소속의 유서 깊은 성당이다. 경내에는 1957년에 준공된 구 김포성당(석조 성당)이 남아 있어 역사적 가치를 지닌다. 이 건물은 한국전쟁 직후 건립된 성당의 전형적인 양식인 종탑과 뾰족한 아치 창호, 화강석 조적구법을 잘 보존하고 있다. 건축사적 의의를 인정받아 2013년 대한민국 등록문화재 제542호로 지정되었으며, 지역의 종교 문화유산으로 보존·관리되고 있다.","=GOOGLETRANSLATE(A377, ""ko"", ""ja"")"
031-983-8811,"=GOOGLETRANSLATE(A378, ""ko"", ""ja"")"
갈치저수지,"=GOOGLETRANSLATE(A379, ""ko"", ""ja"")"
군포 갈치저수지,"=GOOGLETRANSLATE(A380, ""ko"", ""ja"")"
경기 군포시 속달로 129-49,"=GOOGLETRANSLATE(A381, ""ko"", ""ja"")"
"갈치저수지는 경기도 군포시 속달동에 위치한 농업용 저수지로, 1984년에 조성됐다. 면적은 약 49만 3,000㎡, 수심은 약 8m이며 수리산 골짜기인 범밧골 인근에 자리한다. 이 일대 들녘에 갈대가 많아 ‘갈티’ 혹은 ‘갈치’라 불렸고, 그 지명이 저수지 이름으로 이어졌다. 초입에는 쉼터와 체력 단련 기구가 마련되어 있고, 저수지를 따라 데크길이 잘 조성되어 있어 한적하게 산책하기 좋다.","=GOOGLETRANSLATE(A382, ""ko"", ""ja"")"
031-392-3000,"=GOOGLETRANSLATE(A383, ""ko"", ""ja"")"
일월수목원,"=GOOGLETRANSLATE(A384, ""ko"", ""ja"")"
수원 일월수목원,"=GOOGLETRANSLATE(A385, ""ko"", ""ja"")"
경기 수원시 장안구 일월로 61,"=GOOGLETRANSLATE(A386, ""ko"", ""ja"")"
"일월수목원은 평지형 식물문화 중심의 수목원(면적 101,500㎡)으로, 2022년 12월 준공을 거쳐 2023년 5월에 개원했다. '더 살아있는 자연을 시민의 일상 속으로'라는 목표 아래 장식정원·건조정원·숲정원·다산정원·생태관찰원·초지원·그라스원·겨울정원·습지원·빗물정원·채소원 등 16개의 주제정원과 지중해성 건조기후대 식물을 전시하는 전시온실을 운영중이다.","=GOOGLETRANSLATE(A387, ""ko"", ""ja"")"
031-369-2380,"=GOOGLETRANSLATE(A388, ""ko"", ""ja"")"
수원메쎄,"=GOOGLETRANSLATE(A389, ""ko"", ""ja"")"
수원 수원메쎄,"=GOOGLETRANSLATE(A390, ""ko"", ""ja"")"
경기도 수원시 권선구 세화로134번길 37 (서둔동),"=GOOGLETRANSLATE(A391, ""ko"", ""ja"")"
수원메쎄는 대한민국 1위 전시회 주최사인 메쎄이상과 토지 소유주인 KCC가 컨소시엄으로 전시 컨벤션센터인 수원메쎄를 건립했다. 경기 남부 최대 규모의 전시장으로 국내 최초 민간이 운영하는 민영 컨벤션센터이다. 국내 최초로 시도하는 사업이니만큼 건설 당시 미국의 첫 민영 컨벤션센터인 샌즈 엑스포 앤 컨벤션센터를 방문해 자문하는 등 해외 운영사례를 많이 참고하여 지었다. 수원메쎄는 반경 30km 이내에 90여 개 산업단지가 구성된 우리나라 산업 최고 중심지에 있고 수원역 환승센터와 인접한 위치로 대중교통으로도 접근이 쉽다. 수원메쎄는 상상하는 모든 것을 현실화시켜주는 전시 컨벤션센터로 자리 잡고 있다. 수원메쎄에서 전시하는 전시회 관람료는 각 전시회 주체 업체에서 선정 책정하고 있다.,"=GOOGLETRANSLATE(A392, ""ko"", ""ja"")"
"최초 1시간 3,000원 / 일 최대요금 30,000원","=GOOGLETRANSLATE(A393, ""ko"", ""ja"")"
031-304-9300,"=GOOGLETRANSLATE(A394, ""ko"", ""ja"")"
수원종합운동장,"=GOOGLETRANSLATE(A395, ""ko"", ""ja"")"
수원 수원종합운동장,"=GOOGLETRANSLATE(A396, ""ko"", ""ja"")"
"수원종합운동장은 1971년에 개장한 스포츠 종합 경기장 단지다. 주경기장, 야구장, 실내체육관, 인조잔디구장 등 다양한 체육시설이 한곳에 모여 있어 시민들의 건강 증진과 체육 활동, 지역 커뮤니티 교류의 장으로 활용된다. 주경기장은 K리그 수원 FC의 홈구장이자 대한육상연맹 공인 2종 경기장으로 운영되며, 경기가 없는 날에는 시민에게 무료로 개방된다. 수원체육관에서는 배구 경기가 주로 열리고, 국민체육센터에서는 배드민턴·탁구 등 생활 체육을 즐길 수 있다.","=GOOGLETRANSLATE(A397, ""ko"", ""ja"")"
031-240-2700,"=GOOGLETRANSLATE(A398, ""ko"", ""ja"")"
경기아트센터갤러리,"=GOOGLETRANSLATE(A399, ""ko"", ""ja"")"
수원 경기아트센터갤러리,"=GOOGLETRANSLATE(A400, ""ko"", ""ja"")"
경기 수원시 팔달구 효원로307번길 20,"=GOOGLETRANSLATE(A401, ""ko"", ""ja"")"
"경기아트센터 갤러리는 경기도 수원시 팔달구에 있는 종합 공연장인 경기아트센터 내부에 위치한 전시 공간으로, 예술 및 체험형 전시를 단기적으로 운영한다. 한편, 경기아트센터는 ‘일상이 예술이 되는 곳’을 지향하고, 지역 문화예술 활성화와 도민의 문화 향유를 목표로 건립되었다. 갤러리 외에도 대극장, 소극장, 야외공연장 등의 시설을 갖추고 있다. 인근에는 효원공원과 인계예술공원이 있어 전시 관람 후 산책을 겸하기에도 좋다.","=GOOGLETRANSLATE(A402, ""ko"", ""ja"")"
031-230-3266,"=GOOGLETRANSLATE(A403, ""ko"", ""ja"")"
수원컨벤션센터,"=GOOGLETRANSLATE(A404, ""ko"", ""ja"")"
수원 수원컨벤션센터,"=GOOGLETRANSLATE(A405, ""ko"", ""ja"")"
"수원컨벤션센터는 2019년 개관한 현대적 컨벤션 시설로, MICE 복합단지 내에 위치해 국제회의와 전시, 각종 비즈니스 행사를 위한 편의시설을 갖추고 있다. 국제회의·전시·포럼 등 다양한 MICE 행사가 열리는 공간으로 운영되며, 지속가능한 운영을 위한 그린마이스 환경 조성에도 힘쓰고 있다. 광교호수공원과 인접해 있어 시민들의 편안한 휴식 공간 역할도 한다.","=GOOGLETRANSLATE(A406, ""ko"", ""ja"")"
031-303-6000,"=GOOGLETRANSLATE(A407, ""ko"", ""ja"")"
영흥숲공원,"=GOOGLETRANSLATE(A408, ""ko"", ""ja"")"
수원 영흥숲공원,"=GOOGLETRANSLATE(A409, ""ko"", ""ja"")"
경기도 수원시 영통구 영통동 36-11,"=GOOGLETRANSLATE(A410, ""ko"", ""ja"")"
"영흥숲공원은 동산 지형을 그대로 살려 조성한 도시 근린공원이다. 울창한 숲길을 따라 천천히 걸을 수 있는 청소년체험숲이 마련되어 있고, 아이들이 흙과 나무를 접하며 뛰어놀 수 있는 숲 놀이터도 조성되어 있다. 이와 함께 시민참여마당, 산책로, 인라인스케이트장, 바닥분수, 족구장 등 다양한 기능을 갖춘 시설이 공원 전역에 배치되어 누구나 이용하기 적합하다. 공원 인근에는 영흥수목원이 자리해 두 공간을 연계해 산책하거나 휴식을 즐기기 좋다.","=GOOGLETRANSLATE(A411, ""ko"", ""ja"")"
수원KT위즈파크,"=GOOGLETRANSLATE(A412, ""ko"", ""ja"")"
수원 수원KT위즈파크,"=GOOGLETRANSLATE(A413, ""ko"", ""ja"")"
"수원KT위즈파크는 1989년에 개장한 수원의 야구장으로 온도, 습도, 조명을 자동 조절하는 유비쿼터스 센서 네트워크 시스템을 도입해 선수와 관람객 모두에게 최적의 경기 환경을 제공한다. 구장 내 무선 인터넷 등 ICT 인프라가 구축되어 있어 입장 등록, 주차 정보, 좌석 찾기, 음식 주문 등 각종 서비스를 모바일 기기로 편리하게 이용할 수 있다. 관람객의 취향과 편의를 고려해 익사이팅석, 프렌들리석, 커플석, 장애인석 등 다양한 형태의 좌석도 제공한다.","=GOOGLETRANSLATE(A414, ""ko"", ""ja"")"
1899-5916,"=GOOGLETRANSLATE(A415, ""ko"", ""ja"")"
용화사,"=GOOGLETRANSLATE(A416, ""ko"", ""ja"")"
수원 용화사,"=GOOGLETRANSLATE(A417, ""ko"", ""ja"")"
경기 수원시 권선구 칠보로88번길 260,"=GOOGLETRANSLATE(A418, ""ko"", ""ja"")"
"용화사는 수원 시민의 쉼터인 칠보산 자락에 자리한 고즈넉한 사찰이다. 사찰 입구에서 계단을 따라 오르면 아담한 경내가 펼쳐진다. 대웅전과 대자비전이 나란히 자리하고, 뒤편에는 산신각이 있다. 대웅전 안에는 오른쪽으로 살짝 기울어진 것이 특징인 미륵석불이 있다. 이 석불은 본래 칠보산에 묻혀 있다가 발견되었고, 그 자리에 용화사가 세워졌다는 전설이 전해진다. 지금도 많은 이들이 이곳에서 기도를 올린다.","=GOOGLETRANSLATE(A419, ""ko"", ""ja"")"
031-291-6293,"=GOOGLETRANSLATE(A420, ""ko"", ""ja"")"
수원올림픽공원,"=GOOGLETRANSLATE(A421, ""ko"", ""ja"")"
수원 수원올림픽공원,"=GOOGLETRANSLATE(A422, ""ko"", ""ja"")"
경기 수원시 권선구 효원로256번길 16,"=GOOGLETRANSLATE(A423, ""ko"", ""ja"")"
"수원올림픽공원은 88서울올림픽 개최를 기념해 1987년 수원시청 앞에 조성된 공원이다. 배드민턴장, 족구장, 테니스장, 농구장 등 체육시설과 정자, 잔디광장, 소나무 숲길을 갖춰 시민들의 쉼터로 사랑받는다. 여름에는 워터슬라이드, 샤워실, 탈의실을 갖춘 물놀이장이 개장해 아이들과 함께 이용하기 좋다. 또한 애견 쉼터는 대형견과 중·소형견 전용 공간이 구분되어 있어 반려견이 안전하게 뛰놀 수 있다.","=GOOGLETRANSLATE(A424, ""ko"", ""ja"")"
031-5191-6193,"=GOOGLETRANSLATE(A425, ""ko"", ""ja"")"
권선종합시장,"=GOOGLETRANSLATE(A426, ""ko"", ""ja"")"
수원 권선종합시장,"=GOOGLETRANSLATE(A427, ""ko"", ""ja"")"
경기 수원시 권선구 세권로 185,"=GOOGLETRANSLATE(A428, ""ko"", ""ja"")"
"수원시 권선동에 위치한 권선종합시장은 약 110개 점포로 구성된 상가 건물형 전통시장이다. 농산물, 축산물, 수산물, 공산물 등 다양한 품목을 갖추어 지역 주민들의 생활 장터 역할을 해왔고, 순대·족발 등 다양한 먹거리 상점이 밀집해 있다. 주차시설이 잘 갖춰져 있어 차량 방문이 편리하며, 시장 전체적으로 아케이드가 설치되어 비가 오거나 눈이 오는 궂은 날씨에도 쾌적하게 장을 볼 수 있다. 그늘이 형성된 내부 환경 덕분에 여름철에도 비교적 시원해 이용객들의 만족도가 높다.","=GOOGLETRANSLATE(A429, ""ko"", ""ja"")"
031-235-0903,"=GOOGLETRANSLATE(A430, ""ko"", ""ja"")"
경기 가평군 가평읍 달전리 144-1,"=GOOGLETRANSLATE(A431, ""ko"", ""ja"")"
"남이섬은 북한강 한가운데 위치한 작은 섬으로, 행정구역은 춘천시에 속하지만, 섬으로 진입하는 선착장은 주로 경기도 가평에 있다. 배나 짚라인을 이용해 들어가는 독특한 입도 방식이 매력적이다. 섬 전체가 수목원처럼 꾸며져 있어 메타세쿼이아길, 자작나무길, 은행나무길 등 계절마다 다른 매력을 뽐낸다. 다양한 조형물과 전시, 카페와 레스토랑도 갖춰져 있어 산책과 휴식을 함께 즐기기 위해 연간 수백만 명의 국내외 관광객이 방문하는 국제적인 관광 명소이다.","=GOOGLETRANSLATE(A432, ""ko"", ""ja"")"
0507-1311-8114,"=GOOGLETRANSLATE(A433, ""ko"", ""ja"")"
수원탑동시민농장,"=GOOGLETRANSLATE(A434, ""ko"", ""ja"")"
수원 수원탑동시민농장,"=GOOGLETRANSLATE(A435, ""ko"", ""ja"")"
경기 수원시 권선구 서둔로 155,"=GOOGLETRANSLATE(A436, ""ko"", ""ja"")"
"수원탑동시민농장은 넓은 들판에 계절별 꽃밭을 조성해 시민들이 산책과 휴식을 즐길 수 있는 공간이다. 매년 코스모스, 연꽃 등 다양한 테마 꽃밭을 운영하고, 특히 가을철에는 댑싸리와 갈대가 장관을 이루어 많은 방문객이 찾는다. 한쪽에 마련된 4개 구역의 텃밭은 수원시민을 대상으로만 분양된다. 신청 접수 후 추첨과 교육을 거쳐 최종 선정된 사람만 이용할 수 있으며, 화학비료와 농약을 사용하지 않는 생태농업 방식으로 재배하여야 한다.","=GOOGLETRANSLATE(A437, ""ko"", ""ja"")"
031-5191-2549,"=GOOGLETRANSLATE(A438, ""ko"", ""ja"")"
포천한탄강하늘다리,"=GOOGLETRANSLATE(A439, ""ko"", ""ja"")"
의왕 포천한탄강하늘다리,"=GOOGLETRANSLATE(A440, ""ko"", ""ja"")"
경기 포천시 영북면 비둘기낭길 211,"=GOOGLETRANSLATE(A441, ""ko"", ""ja"")"
"한탄강 협곡을 감상할 수 있는 흔들형 보행 다리50m 높이에서 한탄강 협곡을 감상할 수 있는 길이 200m, 너비 2m 규모의 흔들형 보행 다리. 2018년 준공되었으며, 성인 1500명이 동시에 건널 수 있도록 설계됐다. 다리 중앙 바닥면에는 스카이워크를 설치해 아슬아슬한 기분을 만끽할 수 있도록 했다. 하늘다리에서 바라보는 국내 유일의 현무암 침식 하천인 한탄강의 주상절리 협곡 풍경이 장관이다.","=GOOGLETRANSLATE(A442, ""ko"", ""ja"")"
031-538-3030,"=GOOGLETRANSLATE(A443, ""ko"", ""ja"")"
고대산자연휴양림,"=GOOGLETRANSLATE(A444, ""ko"", ""ja"")"
경기도 연천군 신서면 고대산길 84-79,"=GOOGLETRANSLATE(A445, ""ko"", ""ja"")"
"경기도 연천군 신서면 대광리에 소재한 고대산산자연휴양림은 2017년에 개장하였고 3번국도 및 경원선 신탄리역이 근접하고 있어 접근성이 좋으며 접경지역 특유의 맑고 고요한 자연환경을 그대로 즐길 수 있는 곳이다. 주요 시설물로는 숲속의집 14동, 산림휴양관 1동 6실, 숲속수련원 1동, 야영장 20개소, 공중화장실 및 취사장 1동을 갖추고 있고 고대산(832m)과 보개산(877m)으로 이어지는 다양한 등산로 및 탐방로를 통해 자연과 함께 숨쉬며 스트레스와 지친 심신을 말끔히 씻고 즐거움과 편안함을 더할 수 있는 곳이다. 경원선 신탄리역에서 차량으로 약 2분, 도보 약 15분 소요된다. 인근에 백마고지, 연천역고드름, 노동당사, 열쇠전망대, 동막골유원지, 두루미테마파크, 허브빌리지, 재인폭포(한탄강 국가지질공원), 한탄강∙임진강 주상절리, 연천전곡리유적, 연천 호로고루, 연천고랑포구역사공원 등이 있다. (출처 : 고대산자연휴양림 홈페이지)","=GOOGLETRANSLATE(A446, ""ko"", ""ja"")"
031-834-2200,"=GOOGLETRANSLATE(A447, ""ko"", ""ja"")"
동학산공원,"=GOOGLETRANSLATE(A448, ""ko"", ""ja"")"
화성 동학산공원,"=GOOGLETRANSLATE(A449, ""ko"", ""ja"")"
경기도 화성시 석우동 29-3,"=GOOGLETRANSLATE(A450, ""ko"", ""ja"")"
"동학산공원은 동탄과 인접한 화성시 석우동에 위치한 낮은 산으로 해발 121.3m로 누구나 가볍게 오를 수가 있으며 면적도 작아서는 왕복 40여 분 가볍게 즐기는 트레킹 코스로도 좋다. 인조잔디구장과 관람 스탠드, 주차장과 숲길 산책로를 갖춘 근린공원이다. 잔디구장은 예약이 가능하며 체육시설 내 반려견 출입은 자제해야 하지만 숲길 산책로는 펫티켓을 지킬 경우 동반도 가능하다. 숲길 산책로에는 간단한 운동기구가 마련되어 있다.","=GOOGLETRANSLATE(A451, ""ko"", ""ja"")"
031-5189-5123,"=GOOGLETRANSLATE(A452, ""ko"", ""ja"")"
바운스슈퍼파크 수원영통센터,"=GOOGLETRANSLATE(A453, ""ko"", ""ja"")"
수원 바운스슈퍼파크 수원영통센터,"=GOOGLETRANSLATE(A454, ""ko"", ""ja"")"
경기도 수원시 영통구 덕영대로 1566 (영통동),"=GOOGLETRANSLATE(A455, ""ko"", ""ja"")"
"바운스슈퍼파크 수원영통센터는 수원시 망포역 인근 판타지움 건물 3층에 있으며, 일반적인 키즈카페와 달리 성인도 체험할 수 있는 이색 실내 놀이터 이다. 짚코스터, 자이언트타워, 프리점프존, 네트플레이, 어드벤쳐존, 챌린지존, 바운스러너, 덩크존, 레이싱존, 멀티코트, 스포츠 아케이드존, 슈퍼트램폴린존, VR존으로 나뉘어 있으며 30분씩 나뉘어 시설점검과 충전을 갖고 운영된다. 국내 최초의 트램폴린파크이며, 트램폴린 이용 시 안전을 위해 미끄럼방지 양말은 필수로 착용해야 한다. 성인도 즐길 수 있는 실내 놀이터라는 장점을 이용 동심을 이해하고 아이들과의 친밀도를 높일 수 있으며, 청년들의 데이트 코스로도 인기 있다. 생일, 크리스마스, 연말연시 특별한 날 어린이들도 즐길 수 있는 곳이다.","=GOOGLETRANSLATE(A456, ""ko"", ""ja"")"
1599-9583,"=GOOGLETRANSLATE(A457, ""ko"", ""ja"")"
매탄공원,"=GOOGLETRANSLATE(A458, ""ko"", ""ja"")"
수원 매탄공원,"=GOOGLETRANSLATE(A459, ""ko"", ""ja"")"
경기도 수원시 영통구 매탄로 185 (매탄동),"=GOOGLETRANSLATE(A460, ""ko"", ""ja"")"
"수원시 매탄공원은 1989년에 조성된 공원으로, 아파트 밀집 지역에 위치하여 시민들의 휴식터로 각광을 받는다. 공원 내에는 다목적 운동장과 테니스장, 배드민턴장, 농구장 등의 체육시설이 들어서 있다. 다목적 운동장은 회사나 종교단체 등의 행사장으로 자주 활용된다. 이밖에도 노인정과 약수터, 화장실 등의 편의시설이 있다. 숲이 우거져 산림욕 하기에도 적당한 곳이다.","=GOOGLETRANSLATE(A461, ""ko"", ""ja"")"
031-5191-8988,"=GOOGLETRANSLATE(A462, ""ko"", ""ja"")"
탄천종합운동장 빙상장,"=GOOGLETRANSLATE(A463, ""ko"", ""ja"")"
성남 탄천종합운동장 빙상장,"=GOOGLETRANSLATE(A464, ""ko"", ""ja"")"
경기도 성남시 분당구 탄천로 215 (야탑동),"=GOOGLETRANSLATE(A465, ""ko"", ""ja"")"
"탄천종합운동장 빙상장은 경기도 성남시 분당구에 위치한 실내 스케이트장이다. 이곳은 60m×30m 규모의 국제 규격 아이스링크를 갖추고 있어 스피드 스케이트, 피겨 스케이트 등 다양한 빙상 스포츠를 즐길 수 있다. 시설 내에는 스케이트 대여소와 탈의실, 샤워 시설이 마련되어 있어 편리하게 이용할 수 있다. 또한, 초보자부터 숙련자까지 참여할 수 있는 스케이팅 강습 프로그램이 운영되고 있으며, 기술 향상에 도움을 준다. 탄천종합운동장 빙상장은 지역 주민들의 건강한 여가 생활을 지원하는 중요한 시설로 자리매김하고 있다.","=GOOGLETRANSLATE(A466, ""ko"", ""ja"")"
[소형] 30분 400원 / 이후 10분당 200원[중형] 30분 600원 / 이후 10분당 300원[대형] 800원 / 이후 10분당 400원,"=GOOGLETRANSLATE(A467, ""ko"", ""ja"")"
전화번호 031-725-7100,"=GOOGLETRANSLATE(A468, ""ko"", ""ja"")"
볼베어파크 부천점,"=GOOGLETRANSLATE(A469, ""ko"", ""ja"")"
부천 볼베어파크 부천점,"=GOOGLETRANSLATE(A470, ""ko"", ""ja"")"
경기도 부천시 원미구 조마루로 2 (상동),"=GOOGLETRANSLATE(A471, ""ko"", ""ja"")"
"볼베어파크는 경기도 부천시에 위치한 테마파크로 어린이와 가족 단위 방문객에게 적합한 실내 체험 공간이다. 공간은 스포츠존, 챌린저존, 디지털존, 영유아존 등으로 구성되어 연령과 흥미에 따라 다양하게 이용할 수 있다. 스포츠존은 가족이 함께하는 활동 중심의 스포츠 테마 공간이며, 챌린저존과 디지털존에서는 대형 볼풀장, 카레이싱, AR·VR 체험이 가능하다. 주말과 공휴일에는 키 측정 체험 콘텐츠인 ''볼베어파크 톨앤핏''이 운영된다. 서울과 가까운 위치에 있어 수도권 가족 나들이 장소로 인기가 높다.","=GOOGLETRANSLATE(A472, ""ko"", ""ja"")"
0507-1421-7789,"=GOOGLETRANSLATE(A473, ""ko"", ""ja"")"
비스타밸리,"=GOOGLETRANSLATE(A474, ""ko"", ""ja"")"
남양주 비스타밸리,"=GOOGLETRANSLATE(A475, ""ko"", ""ja"")"
경기 남양주시 화도읍 비룡로360번길 15-17,"=GOOGLETRANSLATE(A476, ""ko"", ""ja"")"
"경기도 남양주시 화도읍에 자리한 비스타밸리는 자연 속에서 문화와 휴식을 함께 누릴 수 있는 복합문화공간입니다.유아부터 성인까지 참여할 수 있는 승마 프로그램은 회원 수준에 맞춘 맞춤 레슨으로 진행되며, 첫 승마 체험부터 일반 레슨, 산악 트래킹 승마까지 다양하게 즐길 수 있습니다. 레슨을 마친 후에는 비스타밸리의 레스토랑 꼰파파에서 건강한 식사를, 또는 말과 함께 어울리는 포니테일 카페에서 여유로운 커피 한 잔을 즐기실 수 있습니다.문화와 예술의 향기도 빠질 수 없습니다. 갤러리에서는 분기별로 다채로운 전시가 열려 풍요로운 예술 경험을 제공하며, 가곡 서점에서는 성인부터 아이들까지 함께 즐길 수 있는 그림책과 감성 도서를 만나볼 수 있습니다. 책과 향, 그리고 사유가 어우러지는 공간에서 특별한 독서의 시간을 누리실 수 있습니다.또한, 2025년 9월 새롭게 문을 연 비스타밸리 피클볼 클럽은 남녀노소 누구나 쉽게 즐길 수 있는 생활 스포츠 공간으로, 어린이부터 가족, 친구, 연인까지 함께 어울리며 활기찬 시간을 보내기에 제격입니다.비스타밸리는 자연과 스포츠, 문화와 휴식이 조화를 이루는 공간으로, 머무는 순간마다 특별한 경험을 선사합니다.","=GOOGLETRANSLATE(A477, ""ko"", ""ja"")"
031-592-2270,"=GOOGLETRANSLATE(A478, ""ko"", ""ja"")"
불광사(광주),"=GOOGLETRANSLATE(A479, ""ko"", ""ja"")"
광주 불광사,"=GOOGLETRANSLATE(A480, ""ko"", ""ja"")"
경기도 광주시 이배재로 225-27 (목현동),"=GOOGLETRANSLATE(A481, ""ko"", ""ja"")"
"경기도 광주시 목현동 남한산성 동쪽 기슭에 위치한 전통적인 사찰이다. 고려 중기 때 창건하였다고 추정된다. 이후 6·25 때 소실되었다가 현재 현진스님께서 복원하여 운영 중이다. 무형문화재 영산재 50호 과정을 이수하여 정통방식으로 49재 의식 봉행하고 있는 고즈넉한 사찰이다. 또한, 불광사는 사계절마다 변화하는 자연경관과 함께 아름다운 풍경을 자랑하여 많은 사람들이 찾아오는 명소이다. 불광사는 한국 불교의 깊은 역사와 전통을 느낄 수 있는 곳이다.","=GOOGLETRANSLATE(A482, ""ko"", ""ja"")"
031-765-3070,"=GOOGLETRANSLATE(A483, ""ko"", ""ja"")"
지산 포레스트 리조트 스키장,"=GOOGLETRANSLATE(A484, ""ko"", ""ja"")"
경기도 이천시 마장면 지산로 267,"=GOOGLETRANSLATE(A485, ""ko"", ""ja"")"
"지산 포레스트 리조트 스키장은 이천시의 랜드마크 중 한 곳으로 온 가족이 함께 즐기기 좋은 수도권 제일의 종합휴양타운이다. 1996년 12월에 개장한 지산 포레스트 리조트 스키장은 서울에서 가까우면서 경치가 좋고 숙박시설과 스키장, 눈썰매장을 운영해 겨울철이면 동계스포츠를 즐기려는 사람들로 북적인다. 스키장은 스키 슬로프, 눈썰매장, 렌탈하우스, 장비보관소, 푸드코트, 불멍존 등의 시설을 갖추고 있다. 중상급 코스가 1,200m로 가장 길고, 7~30도의 경사가 진 10면의 다양한 슬로프가 운영되어 설원을 달리는 재미를 더하며, 초보자 슬로프에는 선키드리프트(Moving Walk)가 설치되어 있어 편리하게 이용할 수 있다. 그 외 눈썰매장, 어린이 유아 전용 존이 별도 마련되어 있으며, 스키와 보드 강습 프로그램도 자체적으로 운영하고 있다. 스키장의 동계기간 오픈 일정은 별도 확인 후 방문하여야 한다. 리조트는 총 55실의 객실 중 콘도형 45실, 호텔형 10실을 보유하고 있으며 부대 시설로 레스토랑, 편의점, 강의장, 당구장 등이 마련되어 있다. 특히 호텔형 객실은 편안하면서 품격 있는 인테리어를 자랑한다. 자연친화적인 경관을 자랑하고 있으며, 동계 스키 시즌이 아니더라도 지산 포레스트 리조트 스키장에서 함께 운영중인 지산 컨트리클럽이 붙어있고, 이천 도자기 단지와 온천지구, 에버랜드가 약 15분 거리에 있어 연계 관광을 위한 숙소로 최적의 리조트이다.","=GOOGLETRANSLATE(A486, ""ko"", ""ja"")"
031-644-1200,"=GOOGLETRANSLATE(A487, ""ko"", ""ja"")"
자일산림욕장,"=GOOGLETRANSLATE(A488, ""ko"", ""ja"")"
의정부 자일산림욕장,"=GOOGLETRANSLATE(A489, ""ko"", ""ja"")"
경기도 의정부시 호국로1828번길 146 (자일동),"=GOOGLETRANSLATE(A490, ""ko"", ""ja"")"
"개발제한구역이 간직한 푸른 숲을 시민들의 쉼터로 개방한 도심 속 자연 휴양지 ''자일산림욕장''은 2024년 3월 정식 개장한 의정부시 최초 산림휴양시설로서, 3ha 면적의 잣나무숲과 개발제한구역으로 원형보존된 울창한 숲이 어우러져 쾌적한 산림 환경을 제공하고 있다. 산책로, 피크닉 공간, 숲속 쉼터, 목재평상, 풍욕장, 톱밥맨발길, 수국정원 등이 조성돼 있어 누구나 부담 없이 자연 속에서 휴식을 취할 수 있다. 특히, 피크닉 공간은 가족, 친구, 연인 등이 함께 편안한 휴식을 즐길 수 있도록 산림욕장 내 잣나무 쉼터에 운영 중이며, 17ha 면적의 산림욕장에서 뿜어져 나오는 피톤치드와 함께 맑은 공기를 마시며 편안히 휴식할 수 있도록 여러 휴식 공간을 마련하였다. 자일산림욕장이 더욱 특별한 이유는 조성 단계부터 주민들이 브랜드 디자인, 브랜딩 조형물 제작, 참여 프로그램 기획 등에 직접 참여하였기 때문인데, 이를 통해 ‘시민에게 사랑받고, 시민이 주인이 되는 자일산림욕장’이라는 상징성을 더했다.","=GOOGLETRANSLATE(A491, ""ko"", ""ja"")"
031-828-2114,"=GOOGLETRANSLATE(A492, ""ko"", ""ja"")"
미리내 성지,"=GOOGLETRANSLATE(A493, ""ko"", ""ja"")"
안성 미리내 성지,"=GOOGLETRANSLATE(A494, ""ko"", ""ja"")"
"경기도 안성에서 북쪽으로 40리쯤 떨어져 은하수라는 뜻의 아름다운 우리말로 불리고 있는 미리내 성지는 한국 최초의 사제 김대건 신부의 묘소와 그의 어머니 우르술라, 김 신부에게 사제품을 준 조선 교구 제3대 교구장 페레올 주교 그리고 김 신부의 시신을 이곳에 안장했던 이민식 빈첸시오의 묘가 나란히 자리 잡고 있는 곳이다. 이곳이 미리내로 불리게 된 것은 천주교 신자들이 신유박해와 기해박해를 피해 이곳으로 숨어 들어와 교우촌을 형성하면서 밤이면 집집에서 흘러나오는 불빛이 달빛 아래 비치는 냇물과 어우러져 마치 은하수처럼 보였다고 하여 붙여졌다. 본래 미리내는 경기도 광주, 시흥, 용인, 양평, 화성, 안성 일대 등 초기 천주교 선교지역을 이루었던 곳의 하나로 김 신부가 미리내에 묻힌 지 50년 후인 1896년 본당이 설정됐을 때는 이곳에는 1천6백여 명의 신자가 있었다. 26세의 나이에 순교한 김대건 신부는 조정에서 장례마저 치르지 못하게 하여 처형당한 지 40일이 지난 다음에야 이민식 빈체시오가 간신히 시신을 빼내어 남의 눈을 피하며 일주일을 등에 지고 이곳 미리내로 옮겨와 안장할 수 있었다. 미리내는 1972년부터 본격적인 성역화 작업이 시작되고 1989년에 103위 성인 기념 대성전이 완성되었다. 성지에 들어서면 제일 먼저 눈에 들어오는 것은 성지 한가운데 서있는 기념 성당이다. 이 성당은 천주교 103위의 시성을 기념하기 위해 세운 것이고 기념 성당 뒤쪽으로 난 십자가의 길에는 예수가 로마 병사에게 붙잡혀 십자가에 매달려 고통받고, 죽으시고 무덤에 묻히기까지의 과정이 담겨 있는 청동 조각 15점이 서 있다. 김대건 신부의 무덤과 하악골(아래턱뼈)이 모셔져 있는 미리내 성당, 김 신부의 동상, 성모 성당, 게쎄마니 동산(바위를 자연 그대로 이용한 동산) 등을 돌아보는데 2~3시간이 소요된다.","=GOOGLETRANSLATE(A495, ""ko"", ""ja"")"
딥스테이션,"=GOOGLETRANSLATE(A496, ""ko"", ""ja"")"
평택 딥스테이션,"=GOOGLETRANSLATE(A497, ""ko"", ""ja"")"
경기도 용인시 처인구 포곡읍 성산로 523,"=GOOGLETRANSLATE(A498, ""ko"", ""ja"")"
"딥스테이션은 경기 용인시에 위치한 다이빙 풀장이다. 다양한 연출이 가능한 수중 포토존, 최대 36m의 수심, 다양한 다이빙 장비 대여, 맑은 수질 공급을 통한 완벽한 시야를 제공하는 곳이다. 이곳은 스쿠버 다이빙과 프리다이빙 종목으로 기본 교육, 다이나믹, 스테틱 테마로 구성되어 있다. 다이빙을 하며 대형 바오밥 나무를 볼 수 있고 구간별로 포토존이 마련되어 있어 이색적인 경험을 할 수 있다.","=GOOGLETRANSLATE(A499, ""ko"", ""ja"")"
0507-1307-8970,"=GOOGLETRANSLATE(A500, ""ko"", ""ja"")"
반딧불마을,"=GOOGLETRANSLATE(A501, ""ko"", ""ja"")"
경기 가평군 설악면 묵안로 182,"=GOOGLETRANSLATE(A502, ""ko"", ""ja"")"
"반딧불마을은 가평군의 남쪽 설악면 엄소리에 있는 전형적인 산촌마을로, 천연 그대로의 수려한 자연의 경관을 자랑한다. 반딧불마을이 위치한 엄소리는 옆으로 난 많은 돌다리를 건너다보면 낮에도 큰 바위와 파랗고 깊은 물을 보면 무서움을 느낄만한 소(웅덩이)가 많은 동네라 ‘엄소리’라고 이름을 지었으며, 항상 엄숙한 마음을 가지고 정답고 정직하게 살아가라는 뜻이 담겨 있다. 마을 중앙에는 맑고 깨끗하고 넓은 내천이 흐르고 있으며, 양쪽으로는 잣나무 숲으로 둘러싸여 피톤치드가 풍성한 공기를 마실 수 있다. 또한 비옥한 토양과 풍부한 농업용수로 우수한 농산물을 생산하고 있는 마을이다. 주민 대부분이 상업이 아닌 농업에 종사하며 우리 산촌의 훈훈한 인심을 지켜가고 있다.","=GOOGLETRANSLATE(A503, ""ko"", ""ja"")"
031-585-8556,"=GOOGLETRANSLATE(A504, ""ko"", ""ja"")"
구름산산림욕장,"=GOOGLETRANSLATE(A505, ""ko"", ""ja"")"
광명 구름산산림욕장,"=GOOGLETRANSLATE(A506, ""ko"", ""ja"")"
경기도 광명시 오리로619번길 27,"=GOOGLETRANSLATE(A507, ""ko"", ""ja"")"
"구름산 내에 위치한 산림욕장은 높이 20m가량의 나무숲으로 울창하게 조성되어 있다. 주요시설로는 종합놀이시설, 시냇물 건너기, 평상, 벤치 등을 갖추고 있으며 경기도 내 13개 산림욕장 중 피톤치드 농도가 가장 높다. 전나무 356그루를 식재하고 184m 황톳길이 조성되어 있어, 등산로를 맨발로 체험할 수 있는 등 시민과 관광객의 휴식을 돕는 힐링 공간으로 각광받고 있다. 특히 산림욕장 구석구석을 잇는 숲속 길 대부분에 우드 칩을 깔아놓아 걷기가 편하다.","=GOOGLETRANSLATE(A508, ""ko"", ""ja"")"
02-2680-2339,"=GOOGLETRANSLATE(A509, ""ko"", ""ja"")"
국립양평치유의숲,"=GOOGLETRANSLATE(A510, ""ko"", ""ja"")"
양평 국립양평치유의숲,"=GOOGLETRANSLATE(A511, ""ko"", ""ja"")"
경기도 양평군 양동면 황거길 262-10,"=GOOGLETRANSLATE(A512, ""ko"", ""ja"")"
"국립양평치유의숲은 경기도 양평군 양동면 황거길 262-10 삼각산(538m) 남쪽자락에 위치하여, 수도권에서 한시간 이내의 뛰어난 접근성을 가지고 있으며, 사부작길(무장애데크로드 1.1㎞), 해먹존, 편백풀장, 온열치유실, 명상움막, 무인건강관리시스템 등의 다양한 치유시설 및 대상별 전문적인 치유프로그램을 제공합니다.","=GOOGLETRANSLATE(A513, ""ko"", ""ja"")"
031-8079-7946,"=GOOGLETRANSLATE(A514, ""ko"", ""ja"")"
청평자연휴양림,"=GOOGLETRANSLATE(A515, ""ko"", ""ja"")"
경기도 가평군 청평면 북한강로2246번길 8-6,"=GOOGLETRANSLATE(A516, ""ko"", ""ja"")"
"경기도 가평군에 위치한 청평 자연휴양림은 깨끗한 약수물을 마시며 여유롭게 산책도 할 수 있고 자연 속에서 호젓하고 여유로운 한때를 보내기에 좋은 곳이다. 소나무, 잣나무, 참나무 사이로 내다보이는 맑고 푸른 청평 호반과 여름의 짙은 녹음, 가을 단풍, 겨울 설경 등이 계절 따라 장관을 이루며, 대지를 휘감아 흐르는 물소리, 새소리는 대자연의 청정함을 맘껏 느끼게 해준다. 북한산 전경이 보이는 전망대에는 테이블과 의자가 있어 간식을 준비해 간다면 여유 있는 휴식을 취할 수 있다. 대부분의 자연이 그대로이고 그늘진 흙길이라 여름에도 시원하게 산책할 수 있다. 잣나무 숲길에는 누워서 산림욕을 할 수 있게 나무 침대가 마련되어 있다. 나무가 우거진 언덕길은 데크길이 설치되어 있어 산책하기 불편하지 않다. 산림복지 서비스를 제공하는 곳으로 등록되어 기업연수 프로그램은 물론 산림복지 서비스 이용자들에게 맞는 다양한 프로그램을 제공하고 있어 가족은 물론 각 단체별 교육, 연수, 훈련, 야유회와 유치원, 학원 자연관찰 수업 및 교회 수련회, 야외 예배 등을 진행하기에 적합하다.","=GOOGLETRANSLATE(A517, ""ko"", ""ja"")"
031-584-0528,"=GOOGLETRANSLATE(A518, ""ko"", ""ja"")"
마이다스레이크 이천 골프앤리조트,"=GOOGLETRANSLATE(A519, ""ko"", ""ja"")"
경기 이천시 설성면 설가로 602,"=GOOGLETRANSLATE(A520, ""ko"", ""ja"")"
"마이다스레이크 이천은 마치 신이 숨겨 놓은 듯, 자연의 아름다움을 그대로 담고 있는 골프장입니다.&nbsp;빛나는 태양과 고대의 신전을 담은 자연의 품에서 모든 골퍼들을 만족시킬 수 있는 최적의 코스 구성을 통해 당신의 손길이 닿는 모든 것을 성공으로 이룰 수 있는 마이다스 손의 새로운 주인공이 되어 보십시오.","=GOOGLETRANSLATE(A521, ""ko"", ""ja"")"
031-640-0123,"=GOOGLETRANSLATE(A522, ""ko"", ""ja"")"
팔당호,"=GOOGLETRANSLATE(A523, ""ko"", ""ja"")"
광주 팔당호,"=GOOGLETRANSLATE(A524, ""ko"", ""ja"")"
경기도 광주시 남종면,"=GOOGLETRANSLATE(A525, ""ko"", ""ja"")"
"팔당호는 경기도 광주시 퇴촌면과 남종면에 걸쳐있는 인공 호수로 1973년 팔당댐 완공 이후, 약 2억 5천만 톤의 물을 저수하고 있다. 팔당호에는 서울, 경기지역에 수돗물을 공급하는 취수장이 있으며, 호반 주변 일대에서 바라보는 호수의 경관이 빼어나 팔당댐을 중심으로 광주의 관광명소가 되고 있다. 특히, 〔팔당호 드라이브 코스〕는 남한산성을 관통하는 지방도 코스로 광주시 남종면 귀여리에서 수청리까지 337번 지방도 12km 구간을 말하며 경기도에서 선정한 5대 벚꽃 드라이브 코스로 유명하다. 길 옆으로 약 3,000여 그루의 벚나무가 팔당호와 함께 어우러져 감탄을 자아내 봄이면 벚꽃놀이를 위한 방문객들로 일대가 북적인다. 경기도 수자원본부 건물 9층에는 팔당전망대가 있으며 이곳에서는 팔당호의 아름다운 모습을 한눈에 담아볼 수 있다.","=GOOGLETRANSLATE(A526, ""ko"", ""ja"")"
031-8008-6920,"=GOOGLETRANSLATE(A527, ""ko"", ""ja"")"
고삼호수,"=GOOGLETRANSLATE(A528, ""ko"", ""ja"")"
안성 고삼호수,"=GOOGLETRANSLATE(A529, ""ko"", ""ja"")"
경기도 안성시 고삼면 향림길 50,"=GOOGLETRANSLATE(A530, ""ko"", ""ja"")"
"경기도 안성에 자리한 고삼호수는 60년에 준공한 94만 평 규모로, 몽환적이고 서정적인 신비감을 간직한 천혜의 장소이다. 김기덕 감독의 영화 섬의 주 무대인 고삼호수는 푸른 물과 그 위에 떠있는 좌대의 풍경이 인상적이다. 고삼호수는 낚시터로 유명하지만, 영화가 개봉된 후 관광코스로도 알려지기 시작했다. 서울 시내에서 비교적 가까운 곳에 위치해 당일코스로 가능하며, 영화에서는 호수 모두를 오픈세트화 해 원형 그대로 고즈넉한 분위기를 즐길 수 있다. 이 곳은 깨끗한 수질에 수심이 얕고 연안에 수초가 잘 형성되어 있어 붕어와 잉어가 특히 많다. 주변의 잉어통구이, 토종닭, 장어구이, 매운탕집 등의 상점이 있다. 주변의 명승지로는 세계에서 유일하게 자생적으로 새로운 종교를 받아들이게 되었다는 평판을 들을 정도로 신앙심이 깊었던 우리나라 천주교인들의 성지인 미리내가 있으며, 지난 84년 로마 교황청으로부터 천주교 성인으로 봉인된 103위의 천주교 성인의 성전과 초대 신부인 김대건 신부의 묘와 경당, 그리고 사제관, 수도원 등이 자리하고 있다. 또한, 미산호수 등 인근에 낚시터가 많아 강태공의 발걸음이 끊이지 않는 곳이다.","=GOOGLETRANSLATE(A531, ""ko"", ""ja"")"
031-673-9771,"=GOOGLETRANSLATE(A532, ""ko"", ""ja"")"
선유담계곡,"=GOOGLETRANSLATE(A533, ""ko"", ""ja"")"
의왕 선유담계곡,"=GOOGLETRANSLATE(A534, ""ko"", ""ja"")"
경기도 포천시 이동면 포화로 123,"=GOOGLETRANSLATE(A535, ""ko"", ""ja"")"
"포천 8경 중 5경으로 이동면 도평리 백운동 계곡에 자리하고 있다. 이름 그대로 신선이 놀던 자리라고 하여 선유담이란 이름으로 불리고 있다고 한다. 백운산 기슭을 끼고 돌며 구비치는 영평천 상류 계곡으로 물빛이 푸르고 참 곱다. 물에 잠긴 깎아지른 암벽 그림자도 좋거니와 암벽에 반사되는 물빛도 아름답다. 암벽에는 선유담이라는 세 글자가 암각되어 있는데 이는 임진왜란 때 양사언 선생이 썼다고 전해져 오고 있다. 선유담 계곡은 10km가 넘는 길이에 계곡은 물이 맑으며 봄.가을로 신선하다. 특히 서쪽에서 동쪽으로 내려앉은 계곡은 벼랑과 울창한 숲을 등지고 있어 한나절 내내 계곡물에 해가 들지 않아 선선하기가 한층 더 깊다. 상류 계곡에는 10여 가구가 상주하고 있으며 민박과 음식점을 겸하고 있어 먹는 것도 크게 불편이 없다. 또 백운계곡으로 잠시 넘어가면 유명한 이동갈비가 있다. 선유담계곡은 취사가 금지되어 있으며, 강변펜션 맞은편 무료 주차장이 있긴 하지만 평일에도 만차이고 주말도 매우 서둘러야 주차가 가능하다. 포천시에서 설치한 무료천막, 테이블 등이 있어서 비어있는 그늘자리를 잡으면 되고 수심이 앝고 물살이 빠르지 않아 튜브, 물안경 등을 챙겨가서 물놀이하기 딱 좋다.","=GOOGLETRANSLATE(A536, ""ko"", ""ja"")"
031-538-3363,"=GOOGLETRANSLATE(A537, ""ko"", ""ja"")"
공릉천,"=GOOGLETRANSLATE(A538, ""ko"", ""ja"")"
고양 공릉천,"=GOOGLETRANSLATE(A539, ""ko"", ""ja"")"
경기도 고양시 덕양구 통일로 695 (관산동),"=GOOGLETRANSLATE(A540, ""ko"", ""ja"")"
"공릉천이 시작되는 곳은 덕양구 고양동, 신도동과 양주시 장흥면의 경계선이며, 관산동, 사리현동, 지영동을 거쳐 파주시 교하면에서 한강과 만난다.(총 길이 30.5Km). 파주 삼릉에 있는 공릉의 명칭을 따서 공릉천으로 부른다. 주변의 퇴적 평지대는 화훼단지와 논으로 이용되고 있다. 경기도 양주시,고양시,파주시에 흐르는 하천으로 한강의 제1지류이다. 힘차게 내달리는 공릉천의 물소리를 따라 걷다 보면 백로와 기러기떼 등 겨울 철새와 원앙,비오리 등 천연기념물을 쉽게 만날 수 있다.","=GOOGLETRANSLATE(A541, ""ko"", ""ja"")"
팔봉산 흔들바위,"=GOOGLETRANSLATE(A542, ""ko"", ""ja"")"
안성 팔봉산 흔들바위,"=GOOGLETRANSLATE(A543, ""ko"", ""ja"")"
경기 안성시 일죽면 종배길 157-4,"=GOOGLETRANSLATE(A544, ""ko"", ""ja"")"
"경기도 안성시 죽산성지(이진터성지) 뒷산인 팔봉산에 엄지 손가락으로도 흔들리는 흔들바위가 있다. 하단부 높이가 2.1m, 둘레가 10.4m나 되는 거대한 흔들바위이다. 일제의 강점시 일본 사람들이 이 바위를 떼어 내려고 반정도 뒤집었으나 다시 제자리로 돌아왔으며, 팀스프리트 훈련시 미군 9명이 이 바위를 넘기려고 시도하였으나 실패하였다고 한다. 또한 바위가 살짝 얹혀 있어 바위 밑으로 양쪽에서 두사람이 실을 통과 시킬 수도 있다고 한다. 들바위가 있는 팔봉산은 옛부터 8개소의 명당이 있는데 사냥꾼에게 쫓기던 노루를 살려 주었더니 노루가 고맙다면서 두바위 사이의 땅을 파고 떠나지 않아 그 곳에 묘를 썼더니 후손이 번성하였다고 전하며 이곳이 노루가 잡아준 명당이라고 전한다. 흔들바위로 넘어 바위 앞에 무덤이 있는데, 마을 주민들에 의하면 이 바위에 아기를 낳지 못하는 사람들이 지성을 들이면 아기를 가질 수 있다고 전해진다.","=GOOGLETRANSLATE(A545, ""ko"", ""ja"")"
고성산,"=GOOGLETRANSLATE(A546, ""ko"", ""ja"")"
안성 고성산,"=GOOGLETRANSLATE(A547, ""ko"", ""ja"")"
경기도 안성시 양성면 덕봉리,"=GOOGLETRANSLATE(A548, ""ko"", ""ja"")"
"높이 298m인 고성산은 만세고개에서 운수암에 이르는 등산코스가 제법 운치있다. 안성시 양성면 방신리 쪽에서 오르면 운수암을 먼저 만날 수 있다. 방신리 입구에서 서북쪽을 향해 가면 낙엽송과 송림사이로 운수암의 정취가 눈에 잡힌다. 청아한 목탁 소리가 숲길에 먼저 배웅나오는 운수암은 경기도 문화재자료 25호로 지정되어 있으며 고려시대 조성한 비로자나 불상이 있다. 운수암은 조선 영조 26년에 창건된 사찰이다. 전설에 따르면, 한 보살이 평생 부처님을 모시고 살아갈 것을 결심하고 처음에는 무산성 아래에 터를 닦고 있는데, 하루는 꿈에 성안에 절을 지으라는 부처님의 계시를 받고 성안으로 들어가 꿈에 나타난 곳을 찾아가 옛날 절터를 발견하고 그 자리에 절을 세웠다고 한다. 훗날 이 보살이 죽자 잡초가 무성한 이 절을 대원군이 중건하고 국태민안을 기원하면서 친필로 운수암이라고 쓴 친필현판을 내려 유명해진 절이다. 그러나 돌보는 사람이 없어 무너지기 직전인 것을 현암스님이 보수하고 대웅전을 불사해 오늘에 이르고 있다. 찬찬히 운수암을 둘러봤다면, 잘 닦아진 등산로를 함주어 조금 걸으면 약수터가 나온다. 여기서 잠깐 땀을 식히고 발걸음을 옮기면 고성산 정상이 나온다. 고성산 정상에 오르면 안성 양성지역의 드넓은 들판과 평택으로 뻗은 평야가 눈에 들어온다. 정상에서 주변 경치를 감상했다면, 216고지를 향해 걸어보자. 정상에서 내려오면 비법사 쪽으로 내려가는 작은 등산로가 나오는데, 이 길 말고 216고지를 넘어 산장휴게소 뒤편으로도 하산할 수 있다. 특히 산장휴게소 맞은편에 3.1운동 기념관이 새로 조성돼 역사의 현장을 둘러볼 수도 있다.","=GOOGLETRANSLATE(A549, ""ko"", ""ja"")"
독산성산림욕장,"=GOOGLETRANSLATE(A550, ""ko"", ""ja"")"
경기도 오산시 지곶동 산136,"=GOOGLETRANSLATE(A551, ""ko"", ""ja"")"
"독산성 산림욕장은 오산시의 독산성 및 세마대지 주변의 산림 20만 7,000m²에 조성한 산림욕장이다. 1999년에 개장하였으며 오산 시민들의 심신단련 및 휴식공간과 어린이들의 자연 체험장으로 활용되고 있다. 전망대와 휴게공간, 숲 속 교실, 피크닉장, 수목관찰로 등이 있으며, 각종 체력단련 시설과 모험 극기 시설 등이 마련되어 있다. 오산시 시티투어의 ‘역사탐방 코스’와 ‘광역코스’를 신청하면, 독산성 산림욕장의 둘레길 산책과 독산성 투어 두 가지를 체험할 수 있다.","=GOOGLETRANSLATE(A552, ""ko"", ""ja"")"
031-8036-7630,"=GOOGLETRANSLATE(A553, ""ko"", ""ja"")"
고대산,"=GOOGLETRANSLATE(A554, ""ko"", ""ja"")"
경기도 연천군 신서면,"=GOOGLETRANSLATE(A555, ""ko"", ""ja"")"
"고대산은 해발 832m로 연천군의 신서면과 강원도 철원군 철원읍의 경계를 이루는 산으로 등산이 허용된 산 가운데 북한과 가장 가까이에 있다. 고대산의 유래는 [큰고래]라는 신탄 지명에서 연루된 것으로 보이며 방고래(땔나무를 사용하는 온돌방 구들장 밑으로 불길과 연기가 통하여 나가는 고랑)를 이르는 것으로 골이 깊고 높아 고대산이라고 한다. 고대산은 고대산자연휴양림을 들머리와 날머리로 삼는 총 3개의 등산로가 있다. 1코스는 약 4.2km, 고대산 주차장-제1 등산로 입구-큰골-문바위-대광봉-삼각봉-고대산 정상으로 오르며, 2코스는 약 4.3km, 고대산 주차장-제2 등산로 입구-말등바위-칼바위-대광봉-삼각봉-고대산 정상으로 오르는 구간이다. 3코스는 약 4.0km, 고대산 주차장-제3 등산로 입구-표범폭포-고대산 정상으로 오르는 등산로이다. 등산로는 3코스 모두 약 2시간~2시간 10분 소요되며, 1, 2코스에 비해 3코스가 더 가팔라 보통 1, 2코스에서 3코스로 둥글게 원을 그리는 산행이 선호된다. 특히 2코스의 하이라이트인 칼바위 능선과 3코스의 표범 폭포의 비경은 많은 등산인들의 마음을 빼앗는다. 산 정상 부근에 정자와 넓은 헬기장이 있어 쉬거나 전망을 보기 좋다. 정상에서는 북녘의 철원평야와 6∙25 최대 격전지인 철의 삼각, 궁예가 새 도읍지 주위에 쌓았다는 태봉국 도성지는 물론 금학산과 지장봉, 북대산, 향로봉을 비롯한 한탄강 기슭의 종자산까지 한눈에 들어온다. 겨울 산행지로도 많이 선호되며, 인접한 보개산, 금학산까지 종주하기도 한다. 인근에 백마고지, 연천역고드름, 노동당사, 열쇠전망대, 동막골유원지, 두루미테마파크, 허브빌리지, 재인폭포(한탄강 국가지질공원), 한탄강∙임진강 주상절리, 연천전곡리유적, 연천 호로고루, 연천고랑포구 역사공원 등이 있다.","=GOOGLETRANSLATE(A556, ""ko"", ""ja"")"
031-834-3064,"=GOOGLETRANSLATE(A557, ""ko"", ""ja"")"
중원산,"=GOOGLETRANSLATE(A558, ""ko"", ""ja"")"
양평 중원산,"=GOOGLETRANSLATE(A559, ""ko"", ""ja"")"
경기도 양평군 용문면 조계골길,"=GOOGLETRANSLATE(A560, ""ko"", ""ja"")"
"해발 800ｍ의 중원산은 양평의 진산인 용문산 동쪽에 솟아 있다. 웅장한 용문산의 명성에 가려 덜 알려졌지만 용문산 못지않게 장엄한 바위산이다. 중원산, 백운봉, 도일봉은 용문산을 주봉으로 한 지봉들로, 네 산이 연봉으로 우뚝 솟아 절경을 이룬다. 경기도의 금강이라 불리는 이유다. 중원산은 서쪽으로는 조계골, 용계계곡 동쪽으로는 중원계곡, 중원폭포 등 수려한 계곡을 끼고있어 여름철이면 가족단위 산행지로 인기가 높다. 중원계곡은 머루와 달래밭으로 유명하며, 봄이면 철쭉·금낭화가 피고, 가을이면 약초와 야생과일이 많이 난다. 중원산에는 도보 4~7시간 걸리는 탐방로 4개 코스가 조성돼 있다. 이 중 중원산 주차장-중원폭포-숯가마터-돌무더기-중원산 정상-절벽 전망대-소나무숲길 코스는 맑고 깨끗한 중원계곡을 끼고 걷는 길이다. 거리는 5∼6㎞. 걷는 속도에 따라 5∼6시간 걸린다. 중원폭포를 지나 정상으로 향하는 길은 꽤 가파르다. 하산은 왔던 길로 돌아가 왼쪽 능선으로 용계계곡을 지나 용문사 주차장으로 내려온다.","=GOOGLETRANSLATE(A561, ""ko"", ""ja"")"
031-770-3311,"=GOOGLETRANSLATE(A562, ""ko"", ""ja"")"
중미산,"=GOOGLETRANSLATE(A563, ""ko"", ""ja"")"
양평 중미산,"=GOOGLETRANSLATE(A564, ""ko"", ""ja"")"
경기도 양평군 옥천면 중미산로 1152,"=GOOGLETRANSLATE(A565, ""ko"", ""ja"")"
"경기도 가평군 설악면과 양평군 서종면 경계에 있는 산으로 높이 834m로, 선어치(서너치)고개를 사이에 두고 유명산과 마주보고 있다. 산세의 골이 깊고, 수림이 우거져 휴양림이 조성되었다. 그 동안 유명산에 가려 빛을 보지 못했으나 중미산 자연휴양림이 조성되어 주말산행지로 많이 찾는 곳으로 수도권에서 걷기 좋은 아담한 산이다. 산행은 선어치고개에서 시작하면 능선을 따라 정상까지 40분밖에 걸리지 않으므로 신복 3리 양현마을에서 북쪽으로 계곡을 거슬러올라 안부를 거쳐 정상에 오른 뒤 선어치고개로 하산한다. 광법사가 있는 설악면 가일리에서 오르기도 하는데, 선어치고개로 마을을 벗어나 가파른 소나무 숲길을 지나 6부 능선에 오른 뒤 갈림길에서 왼쪽으로 40분 정도 가면 정상이다. 대중교통으로 가는 방법은 양평에서 중미산행 버스를 타거나 문호리에서 명달리행 버스를 탄다. 휴양림 입구까지는 대중교통편이 없다. 승용차로 가려면 팔당대교를 지나 37번 국도를 타고 옥천휴게소 50m 앞에서 좌회전하여 10.4km쯤 지나 한화리조트 앞에서 5.3km 더 가면 중미산 휴양림이다.","=GOOGLETRANSLATE(A566, ""ko"", ""ja"")"
031-770-2341,"=GOOGLETRANSLATE(A567, ""ko"", ""ja"")"
수덕산,"=GOOGLETRANSLATE(A568, ""ko"", ""ja"")"
경기 가평군 북면 도대리,"=GOOGLETRANSLATE(A569, ""ko"", ""ja"")"
"수덕산은 경기도 최고봉인 화악산 정상에서부터 남쪽으로 곧게 뻗어 내려온 산줄기가 다시 용솟음쳐 올라 이루어진 산이다. 이곳 정상 부근에는 신선바위와 대원사가 있는데 대원사에서 고승이 도와 덕을 쌓았다 하여 수덕산 또는 수섭산이라고 부르게 되었다고 전해진다. 수덕산은 인근의 명지산, 화악산 등의 명성에 가려져 산행지로서 잘 알려져 있지는 않지만 오히려 사람들의 발길이 잦지 않아 자연 그대로의 모습을 간직하고 있다. 수덕산 정상의 높이는 795m이고, 정상에 오르면 동으로 몽덕산, 북배산, 서쪽으로 명지산이 조망되어 경기도 명산을 한눈에 담을 수 있다. 비교적 자연의 모습을 그대로 하고 있다 보니, 산행 초보자의 경우 산행 안내를 잘 보고 찾아가야 한다. 봄철에는 나무들이 새싹을 피우고 철쭉과 다양한 야생화를 볼 수 있다.","=GOOGLETRANSLATE(A570, ""ko"", ""ja"")"
031-580-2481,"=GOOGLETRANSLATE(A571, ""ko"", ""ja"")"
갱매폭포,"=GOOGLETRANSLATE(A572, ""ko"", ""ja"")"
과천 갱매폭포,"=GOOGLETRANSLATE(A573, ""ko"", ""ja"")"
경기도 과천시 막계동,"=GOOGLETRANSLATE(A574, ""ko"", ""ja"")"
"갱매폭포는 청계산 매봉(582m)계곡 옥녀봉(376m) 기슭에 있는 폭포로 수종폭포라고도 불린다. 갱매라는 용어는 옛 경기도 시흥군 과천읍 막계리에서 가장 큰 동네 갱맹이의 준말로, 갱매마을이라고 불렀다. 갱맹은 막계2리의 옛지명 광명의 사투리이며, 갱매마을 골짜기 위에 위치하여 자연스럽게 갱매폭포로 불려졌다. 현재는 과천 서울대공원이 들어서면서 갱매마을이 없어지면서 지명도 경기도 과천시 막계동으로 변경되었다. 이 폭포의 길이는 13m, 폭은 8m이다. 청계산 매봉계곡에서 갱매폭포를 거쳐 서울대공원안에 있는 과천저수지(옛 막계저수지)를 경유한 물은 양재천으로 흘러 탄천과 합류, 한강에 이른다. 옛마을사람들은 갱매폭포를 청계폭포, 동폭포, 갱맹이폭포 등으로 불렀다고 한다. 수도권지하철 4호선 대공원역 2번 출구에서 도보로 30분 정도 걸린다.","=GOOGLETRANSLATE(A575, ""ko"", ""ja"")"
02-3677-2476,"=GOOGLETRANSLATE(A576, ""ko"", ""ja"")"
녹수계곡,"=GOOGLETRANSLATE(A577, ""ko"", ""ja"")"
경기도 가평군 상면 덕현리,"=GOOGLETRANSLATE(A578, ""ko"", ""ja"")"
"경기 가평군 상면 덕현리에 위치한 녹수계곡은 아름다운 청우산(619m)과 맑고 깨끗한 조종천을 끼고 흐르는, 맑고 깨끗한 물과 높이 자란 울창한 숲으로 이루어진 계곡이다. 평지를 따라 물이 흐르고 있으며 강폭이 넓고 수심이 깊으며 수량도 풍부해서 숲속의 계곡이라기보다 강변의 느낌을 물씬 풍기는 곳이다. 계곡을 따라 아담한 녹수봉(370m)으로 오를 수 있고 인근 깃대봉, 청우산, 불기산, 대금산이 능선으로 이어져 있어 능선을 따라 종주 산행도 겸할 수 있다. 계곡 중간중간 낮은 둑을 만들어 물의 흐름을 가끔 멈추게 하여 유속이 빠른 곳과 물이 고여 물놀이하기 적당한 곳으로 나뉘어 있다. 구간별로 안전을 관리하며 구명조끼를 빌려주는 사람도 있다. 상류로 갈수록 계곡의 폭이 좁아지고 수심도 깊은 곳이 있어 물놀이에 주의해야 한다. 주차장이 별도로 없어 상류 쪽 길가에 차를 세우기도 한다. 하천 주변에 취사를 하는 사람들이 간혹 있는데 이곳은 취사금지구역이므로 취사를 하면 안 된다. 녹수계곡에서의 물놀이는 봄, 여름, 가을 어느 때라도 좋다.","=GOOGLETRANSLATE(A579, ""ko"", ""ja"")"
031-580-2067,"=GOOGLETRANSLATE(A580, ""ko"", ""ja"")"
열두개울,"=GOOGLETRANSLATE(A581, ""ko"", ""ja"")"
경기도 연천군 청산면 청신로 345,"=GOOGLETRANSLATE(A582, ""ko"", ""ja"")"
"열두개울은 그림 같은 풍경을 자랑하는 연천의 계곡이다. 물이 맑고 깨끗하며 깊지 않은 개울가가 있어 여름이면 피서객들로 붐비는 곳이다. 열두개울은 지방 2급 하천인 수동천으로 연천군 청산면 초성리에서 포천군 식북면 덕둔리로 이어지는 열두 개의 개울을 이르는 말인데 옛날 다리가 없던 시절 열두 개의 실개천을 건너야 한다는 것에서 유래하였다. 십 리 남짓한 길에 선녀바위, 만장바위, 평바위, 봉바위 등의 바위들과 무장소, 보안소, 도라소, 돌묵소, 쌍무소, 용수골소의 소들이 빚는 풍경이 펼쳐져 있다. 법수교라 불리는 작은 다리를 중심으로 열두개울 유원지가 형성되어 있다. 유원지에는 열두개울 버섯마을 농촌체험마을과 대형 레스토랑&amp;카페, 식당들이 모여있으며 적당한 자리를 잡아 발을 담가볼 수도 있다. 동네 개울로 공영 주차장이나 화장실은 따로 설치되어 있지 않으므로 주변 식당 및 카페 등의 시설을 이용하여야 한다. 은현IC에서 차량으로 약 11분 소요된다. 인근에 소요산, 한탄강유원지, 한탄강관광지 오토캠핑장, 연천전곡리유적, 전곡선사박물관, 재인폭포, 포천신북리조트스프링폴온천, 포천허브아일랜드 등이 있다.","=GOOGLETRANSLATE(A583, ""ko"", ""ja"")"
"031-839-2061, 031-839-2147, 031-839-2901~2","=GOOGLETRANSLATE(A584, ""ko"", ""ja"")"
도마치계곡,"=GOOGLETRANSLATE(A585, ""ko"", ""ja"")"
경기도 가평군 북면 조무락골길 132,"=GOOGLETRANSLATE(A586, ""ko"", ""ja"")"
경기도 최북단의 도마치계곡이라 일컫는 곳으로 가평 적목리 방향 시내버스 종점인 용수동 마을에서 3·8교 다리를 지나 무인의 계곡을 한없이 거슬러 오르노라면 노변을 따라 이어진 계곡의 진경에 넋을 잃게 된다. 이곳은 환경청이 고시한 도내 유일의 청정 지역으로 천연기념물인 열목어가 서식하고 있다. 3·8교에서 상류로 3km지점에는 용소라는 소가 있는데 물이 깊고 청명하며 용이 승천하던 것을 임신한 여인이 발견하여 용이 낙상하여 소를 이루었다는 전설이 있는 곳이다. 용소를 지나 1시간 정도 계속 거슬러 올라가면 크고 작은 폭포와 소가 즐비하여 마침내 거대한 폭포에 이르는데 옛날 무관들이 나물을 안주 삼아 술 마시고 춤을 추며 즐겼다는 전설이 있는 무주채폭포로서 경관이 수려하고 한여름에도 추위를 느낄 만한 곳이다.,"=GOOGLETRANSLATE(A587, ""ko"", ""ja"")"
031-580-2114,"=GOOGLETRANSLATE(A588, ""ko"", ""ja"")"
명지계곡,"=GOOGLETRANSLATE(A589, ""ko"", ""ja"")"
경기 가평군 북면 도대리 623,"=GOOGLETRANSLATE(A590, ""ko"", ""ja"")"
"가평 명지계곡은 명지산 군립 공원 매표소에서 시작하여 승천사를 거쳐 명지폭포까지 이르는데, 물이 맑고 풍부하며 크고 작은 소(沼)가 많이 분포한다. 명지산과 화악산에서 흘러내린 물이 만나 5km의 긴 계곡이 형성된 곳이다. 물이 투명하여 바닥이 보일 정도이고 여름을 잊게 할 만큼 물이 차갑다. 상류로 갈수록 물은 더 깨끗하지만 물놀이하기에는 낮아서 대부분 하류 쪽에서 물놀이를 즐긴다. 수심이 얕은 곳부터 깊은 곳까지 다양하고 물살이 센 곳도 있어 물놀이 시에 구명조끼를 입고 안전하게 놀아야 한다.명지산 입구 쪽의 민박을 통해 계곡으로 내려가기 편하고 도대 1리 다리 옆쪽으로 계곡에 내려가는 길이 있다. 입구 쪽 주차장도 제법 넓어 여기에 주차하거나 대중교통 이용 시에는 명지산 입구 버스정류장에서 하차하여 명지계곡에 올 수 있다. 그늘이 없는 편이라서 평평한 곳에 텐트나 그늘막을 치면 좋고 무엇보다 계곡물에 몸을 담그는 게 시원할 것이다. 계곡이 넓은 편이라 사람들이 많아도 편안히 즐길 수 있으며 물이 맑아 스노클링 하기에도 좋고 다이빙을 할 수 있는 곳도 있어 다양한 물놀이를 즐길 수 있다. 계곡 위쪽으로는 손과 발을 씻을 수 있는 수돗가가 있어 편하고 가족이나 친구들과 여름을 즐기기 좋은 곳이다.","=GOOGLETRANSLATE(A591, ""ko"", ""ja"")"
용도수목원,"=GOOGLETRANSLATE(A592, ""ko"", ""ja"")"
시흥 용도수목원,"=GOOGLETRANSLATE(A593, ""ko"", ""ja"")"
경기도 시흥시 밭뒤길 32,"=GOOGLETRANSLATE(A594, ""ko"", ""ja"")"
"경기도 시흥시 매화동에 위치한 ''용도 수목원''은 자연 속 체험학습장이다. 100여종의 야생화 정원과 다양한 식물이 자라나는 식물원, 향긋한 풀내음이 느껴지는 허브마을, 아이들의 눈높이에 맞는 물놀이장과 아이들이 좋아하는 동물들이 있으며 사계절 즐길 수 있는 썰매장이 있어 아이들에게는 체험학습장이 되고 온 가족이 함께 부담없이 자연의 소중함을 알며 즐길 수 있는 아름다운 휴식처이다.","=GOOGLETRANSLATE(A595, ""ko"", ""ja"")"
031-313-9090,"=GOOGLETRANSLATE(A596, ""ko"", ""ja"")"
서봉산산림욕장,"=GOOGLETRANSLATE(A597, ""ko"", ""ja"")"
화성 서봉산산림욕장,"=GOOGLETRANSLATE(A598, ""ko"", ""ja"")"
경기도 화성시 봉담읍 덕리,"=GOOGLETRANSLATE(A599, ""ko"", ""ja"")"
"서봉산은 정남면 문학리에서 시작하여 멀리 봉담면으로 이어지는 산으로 해발 249m로 화성시에서 비교적 높은 산이다. 정상의 모습이 멀리서 보면 봉황을 닮았다 하여 붙여진 이름이라는 설과, 예전에 봉황이 깃들어 살았다는 설이 전하여 붙여진 이름이라는 두 가지 설이 있다. 서봉산 산림욕장은 화성푸드 통합지원센터에서 시작하는데 주차는 무료이며 하이킹을 마치고 난 후에 현지에서 나는 싱싱한 농작물을 구매할 수 있다는 장점이 있다. 서봉산은 3가지의 다양한 코스를 즐길 수 있는 서봉산 산책로를 중심으로 산림욕장이 조성되어 있어 푸른 녹음을 보며 힐링할 수 있다. 정상으로 오르는 길에 200m의 거리를 두고 운동시설이 있으며, 숲길 초입에는 산벚나무와 참나무, 소나무, 단풍나무가 구간별로 나무터널을 이루고 있다. 두 번째 운동시설 이후부터는 길고 가파른 오르막이 나오는데 산객들이 미끄러지지 않게 야자 매트로 바닥을 깔고, 나무와 나무 사이에 밧줄을 매어놓아 산객들의 안전을 생각했다. 중간중간 쉬어갈 수 있는 벤치가 마련되어 있고, 출발지에서 2km 지점 서봉산 정상에는 팔각정이 있어 덕우저수지 주변으로 야트막한 산들이 병풍처럼 둘러싸고 있는 시원한 풍경을 감상할 수 있다. 서봉산 산림욕장은 산 정상까지 오르지 않더라도 숲길에서 다시 되돌아가는 분들이 있을 정도로 숲이 좋아, 초록의 청량감이 하나 가득한 곳이다.","=GOOGLETRANSLATE(A600, ""ko"", ""ja"")"
서후리숲,"=GOOGLETRANSLATE(A601, ""ko"", ""ja"")"
양평 서후리숲,"=GOOGLETRANSLATE(A602, ""ko"", ""ja"")"
경기도 양평군 서종면 거북바위1길 200,"=GOOGLETRANSLATE(A603, ""ko"", ""ja"")"
"2014년 개장한 10만 평 규모의 수목원이다. 자연 그대로의 숲을 모토로 하면서도 자연스러움을 해치지 않는 조경이 섬세하게 느껴지는 아름다운 공간이다. 숲 내부는 나무들의 수종에 따라 잣나무숲, 비밀의 숲, 단풍나무숲, 메타세쿼이아숲, 은행나무숲, 층층나무숲, 자작나무숲, 철쭉나무 전망대로 구성되어 있다. 삼림욕 산책 코스는 길이에 따라 1시간 길이의 A코스와 30분 길이의 B코스로 나뉜다.","=GOOGLETRANSLATE(A604, ""ko"", ""ja"")"
031-774-2387,"=GOOGLETRANSLATE(A605, ""ko"", ""ja"")"
문수산산림욕장,"=GOOGLETRANSLATE(A606, ""ko"", ""ja"")"
김포 문수산산림욕장,"=GOOGLETRANSLATE(A607, ""ko"", ""ja"")"
경기도 김포시 월곶면 문수산로 102-38,"=GOOGLETRANSLATE(A608, ""ko"", ""ja"")"
"문수산은 김포에서 가장 높은 명산으로 동쪽으로는 한강 포구와 서울의 삼각산이 보이고 서쪽으로는 멀리 인천 앞바다가 보이는 절경지로 경치가 사계절 아름다워 ""김포의 금강""이라고 불리운다. 녹음이 짙은 숲 속에 들어가 거닐면서 숲에서 발산되는 향기 즉, 피톤치드(테르펜, 정유물질)를 마시거나 피부에 닿게 하는 자연건강법인 산림욕을 할 수 있는 김포의 명소라 할 수 있으며, 문수산 산림욕을 하게 되면 몸과 마음이 맑아져 안정감이 갖게 되며 거담(가래를 없앰), 강장 및 통변에 효과가 크고, 심폐기능도 강화되는 것으로 알려져 있고 숲에서 발산되는 정유물질은 심장등의 순환기 계통에 작용해 혈압을 강화시키기도 하며 중추 신경을 자극해 진정작용을 하기도 한다. 정서순화와 심신단련, 피로회복 등 여러 가지 혜택을 주는 문수산 산림욕장은 약 4.6㎞의 등산로와 1.4㎞의 산림욕로로 이루어져 있으며 편의시설로는 팔각정, 벤치, 원두막, 평상, 야외탁자, 인조목, 등의자 등이 있어 시민들에게 편안하게 쉴 수 있는 공간을 마련하였다. 철봉, 평행봉, 산림욕대, 오금펴기, 배드민턴장, 씨름장, 배구, 족구장, 게이트볼장 등의 운동시설을 갖추어 여가와 레져 활동을 병행할 수 있는 시민 휴게 공간이라 할 수 있으며 약4㎞의 문수산성과 연결되어 구한말 외세의 침략에 저항한 역사의 산교육장으로 체취를 느끼기에는 더없는 장소라 할 것이다.","=GOOGLETRANSLATE(A609, ""ko"", ""ja"")"
031-988-2965,"=GOOGLETRANSLATE(A610, ""ko"", ""ja"")"
석산계곡,"=GOOGLETRANSLATE(A611, ""ko"", ""ja"")"
양평 석산계곡,"=GOOGLETRANSLATE(A612, ""ko"", ""ja"")"
경기도 양평군 단월면 석산로,"=GOOGLETRANSLATE(A613, ""ko"", ""ja"")"
"양평과 홍천군의 경계 지점인 단월면에는 봉미산에서 시작되어 홍천강으로 흘러가는 물줄기가 소리산을 휘돌며 형성한 석산계곡이 길 옆으로 이어진다. 골이 깊고 숲이 우거져 하늘이 보이지 않으며, 양평의 남한강 지류와는 풍광이 완연이 다른 모습을 띠고 있어 한여름에도 서늘한 냉기가 흐른다. 여름이면 반딧불이가 지천을 이룰 정도인 청정구역으로 바위가 많아 석산리라는 지명이 붙은 것에서도 알 수 있듯이 소리산과 함께 때묻지 않은 비경과 자태를 자랑하며 기암절벽과 소나무가 어울린 절경을 보여준다. 물이 맑아 다슬기가 있고 깊지 않아 물놀이가 안전하며 숲이 우거져 그늘을 만들어준다. 계곡의 길이가 상당히 길고 수량이 풍부하며 계곡 주변에 쉴 수 있는 공간이 많아 가족 휴양지나 피서지로 손색이 없다. 또한 용문산 입구에서 덕촌삼거리로 우회전해 덕수사거리-지방도 328호선-비슬고개-산음교-용수계곡으로 이어지는 길은 환상의 드라이브 코스이다. 계곡 가까운 곳에 참진흙에서 솟아나는 석간수는 물맛이 좋기로 이름나 있으며 펜션도 몇 채 들어서 있다. 폐교된 산음분교에서 생골 마을 삼거리 오른쪽으로 포장길이 뚫려있다. 포장길이 끝난 마을에서 오른쪽 길로 300m를 오르면 전나무숲을 지나 임도에 닿게 된다. 임도를 따라 150m 쯤 가면 오른쪽으로 봉미산 등산로를 알리는 안내판이 있다.","=GOOGLETRANSLATE(A614, ""ko"", ""ja"")"
031-773-5101,"=GOOGLETRANSLATE(A615, ""ko"", ""ja"")"
남양호(남양황라),"=GOOGLETRANSLATE(A616, ""ko"", ""ja"")"
화성 남양호 남양황라,"=GOOGLETRANSLATE(A617, ""ko"", ""ja"")"
경기 화성시 장안면,"=GOOGLETRANSLATE(A618, ""ko"", ""ja"")"
"남양황라는 1973년 12월 20일 2,065m의 남양방조제가 완공되면서 1,211ha의 간척농지가 형성된 곳이다. 인공호수인 남양호는 제방축조와 함께 967ha로 조성된 관광명소로 화성8경 중 하나이다. 남양간척지에서 생산되는 쌀은 알칼리 성분을 많이 함유하고 있어 경기미 중 최고의 품질을 자랑한다. 광활한 들녁은 계절따라 각기 다른 풍요로움을 안겨주지만 특히, 가을의 황금 벌판은 남양호와 어우러져 넉넉함과 충만함을 더해준다. 겨울철에는 식물성 먹이를 찾아먹는 쇠기러기의 아주 좋은 서식지가 되고 있다. 가을날 황금물결을 이루었던 들판에는 쇠기러기들이 무리 지어 자리를 잡고, 장안대교 부근에는 청둥오리들이 자리하고 있다. 도로가에 차를 세우고 창문만 열어도 특별한 장비 없이 겨울철 철새들을 관찰할 수 있다. 겨울에는 얼음 낚시터로도 유명하다. 그리고 남양방조제의 입구 왼쪽은 남양호, 오른쪽은 바다로 한곳에서 바다와 호수를 동시에 볼 수 있는 이색적인 곳이다.","=GOOGLETRANSLATE(A619, ""ko"", ""ja"")"
031-369-2093∼5,"=GOOGLETRANSLATE(A620, ""ko"", ""ja"")"
앵자봉,"=GOOGLETRANSLATE(A621, ""ko"", ""ja"")"
광주 앵자봉,"=GOOGLETRANSLATE(A622, ""ko"", ""ja"")"
경기도 광주시 퇴촌면 천진암로 1203-1,"=GOOGLETRANSLATE(A623, ""ko"", ""ja"")"
"아름다운 꾀꼬리가 알을 품고 있는 형상의 산세를 가진 앵자봉(667m)은 천주교인들에게 널리 알려진 산이다. 앵자봉에서 우리나라 최초로 천주교가 전파되기 시작되었고, 지금은 앵자봉 일원이 천주교 성역 순례길로 지정되어 있다. 앵자봉은 높은 산은 아니지만, 초기에 천주교 교인들이 숨어 살았을 만큼 산속으로 들어가면 갈수록 심산유곡에 들어선 듯한 느낌을 받는 산이다. 대중교통편은 곤지암을 경유하는 양평행 완행버스를 타거나, 광주읍에서 우산리행 버스를 타고 천진암 주차장까지 오거나, 광주읍에서 건업리행 버스를 타고 종점에서 내린다. 승용차로는 중부고속도로를 달리다 광주, 곤지암 인터체인지에서 퇴촌 쪽으로 접어들어 퇴촌 사거리에서 9㎞ 정도 직진하면 천진암 주차장이 나온다.","=GOOGLETRANSLATE(A624, ""ko"", ""ja"")"
031-760-4873,"=GOOGLETRANSLATE(A625, ""ko"", ""ja"")"
송추계곡,"=GOOGLETRANSLATE(A626, ""ko"", ""ja"")"
양주 송추계곡,"=GOOGLETRANSLATE(A627, ""ko"", ""ja"")"
경기도 양주시 장흥면,"=GOOGLETRANSLATE(A628, ""ko"", ""ja"")"
"송추계곡은 경기 양주시 장흥면 울대리에 위치한 계곡이다. 북한산국립공원 송추 오봉분소에 자리하여 수도권 어디에서도 접근이 용이하다. 소나무와 가래나무가 많은 계곡이라 하여 붙여진 이름으로 계곡 주변에는 소나무, 국수나무, 당단풍나무 등 울창한 숲과 기암괴석이 계곡물과 조화를 이루어 수려한 경관을 자랑한다.","=GOOGLETRANSLATE(A629, ""ko"", ""ja"")"
귀목봉,"=GOOGLETRANSLATE(A630, ""ko"", ""ja"")"
"청계산과 명지산의 중간에 있는 귀목봉(높이 1,036m)은 이름 없는 고지로 귀목 고개 위에 있다 하여 등산인들이 귀목봉이라 부르며 동쪽으로 명지산, 서쪽으로 청계산, 북쪽으로 강씨봉이 인접해 있다. 귀목봉은 산의 높이에 비해 전반적으로 경사가 완만하고, 험준하지 않아 수월한 등산을 즐길 수 있다. 등산길 중턱에는 크고 작은 폭포와 물웅덩이가 있으며, 주변에는 기이하게 생긴 바위들과 울창한 숲이 잘 어울려 있다. 명지산 정상까지는 적어도 3시간 이상의 시간이 걸린다. 귀목봉 정상에 올라서면 경기도 최고봉들인 화악산과 명지산을 조망할 수 있다.","=GOOGLETRANSLATE(A631, ""ko"", ""ja"")"
칠장산,"=GOOGLETRANSLATE(A632, ""ko"", ""ja"")"
안성 칠장산,"=GOOGLETRANSLATE(A633, ""ko"", ""ja"")"
경기 안성시 죽산면,"=GOOGLETRANSLATE(A634, ""ko"", ""ja"")"
"칠장산은 높이 492m의 낮은 산인데, 아담하고 아름다운 모습을 지니고 있다. 기슭에는 칠장사가 있고, 절 주변으로 울창한 숲에 둘러싸여 있다. 최근 칠장사의 아름다운 경치와 가벼운 산행을 즐기기 위해 많은 이들이 칠장산을 방문하고 있다.","=GOOGLETRANSLATE(A635, ""ko"", ""ja"")"
고봉산,"=GOOGLETRANSLATE(A636, ""ko"", ""ja"")"
고양 고봉산,"=GOOGLETRANSLATE(A637, ""ko"", ""ja"")"
경기도 고양시 일산동구 중산동,"=GOOGLETRANSLATE(A638, ""ko"", ""ja"")"
"고봉산은 고양시 일산구에서 가장 높은 산이다. 이 산의 이름은 ‘높은 산봉우리’ 또는 ‘봉화를 올린다’라는 뜻에서 붙여진 이름이다. 멀리서 볼 때 북쪽이 높고 남쪽이 낮은 모양을 하고 있다. 삼국시대의 기록인 ''삼국사기''에도 나오는 유명한 산으로, 한강유역 일대를 두고 고구려, 백제, 신라가 치열한 접전을 벌인 군사, 교통, 전략상의 요충지였다. 이 산에서는 이를 증명하듯 곳곳에서 삼국시대의 토기편이 발견되고 있다. 고봉산에는 소나무, 느티나무, 참나무, 밤나무 등이 서식하고 있어 늘 시원한 그늘을 만들고 있으며, 산기슭에는 만경사, 영천사의 작은 사찰과 함께 정지운 묘, 홍이상 묘와 같은 문화재도 자리하고 있다. 또한 산에는 작은 바위들이 많은데 마당바위, 장사바위, 두꺼비바위, 붙임바위, 이무기바위, 벼락바위등이 대표적인 바위들이다. 정상에는 고봉산 봉수대가 위치하고 있다. 옛 문헌에는 이곳에 고봉산성이 있어 봉수대가 설치되었다고 기록하고 있다. 현재의 봉수대는 산 정상 봉우리를 중심으로 직사각형으로 돌 석축을 쌓은 상태로 남아 있다. 석축의 총둘레는 약 120m에 달하며, 높이는 약 5m에 이르고 있다. 고봉 봉수대는 주변의 자연돌을 쌓아 만든 봉수대로 특별히 무너진 곳 없이 비교적 보존 상태가 양호하다.","=GOOGLETRANSLATE(A639, ""ko"", ""ja"")"
031-8075-2714,"=GOOGLETRANSLATE(A640, ""ko"", ""ja"")"
고모저수지,"=GOOGLETRANSLATE(A641, ""ko"", ""ja"")"
의왕 고모저수지,"=GOOGLETRANSLATE(A642, ""ko"", ""ja"")"
경기도 포천시 소흘읍 죽엽산로 452,"=GOOGLETRANSLATE(A643, ""ko"", ""ja"")"
"고모리는 어떤 사람이 늙은 고모님을 모시고 그 산 밑에 살았다 하여 붙여진 이름으로, 이 할미가 외로이 세상을 떠났는데 할미를 매장한 묘 앞에 개설된 마을이라 하여 이곳을 고뫼앞 또는 고묘, 고모라 하였으며 이러한 이유에서 동네 이름이 고모리가 되었다. 고모저수지는 소흘읍 동쪽의 해발 600m인 죽엽산 중심부에 있는 1,300천톤 저수량의 저수지로 5만 5천 여평이다. 아름다운 둘레길, 분수, 쉼터 등이 조성되어 있어 주변 카페, 갤러리, 레스토랑, 산책로, 등산코스로도 무리없고 탐방 또는 휴양지로도 쾌적하고 수상레저도 즐길 수 있어 당일 코스 여행지로 알맞은 곳이다. 고모저수지 분수는 4월 중순부터 11월 중순까지 12:00~17:30에 30분 간격으로 가동한다. 매주 토요일과 일요일에는 호수광장에서 플리마켓이 열리는데 고모리의 주민들과 아트작가, 솜씨있는 핸드메이드셀러들이 나와 서로의 솜씨를 뽐내고 판매도 한다. 또한 애견동반이 되는 음식점과 카페가 많아서 애견동반 나들이 객도 많다.","=GOOGLETRANSLATE(A644, ""ko"", ""ja"")"
031-538-4102,"=GOOGLETRANSLATE(A645, ""ko"", ""ja"")"
어비계곡,"=GOOGLETRANSLATE(A646, ""ko"", ""ja"")"
경기도 가평군 설악면 어비산길99번길 9-10,"=GOOGLETRANSLATE(A647, ""ko"", ""ja"")"
"용문산과 유명산 사이에 숨은 듯 있는 어비산 자락을 감싸고도는 시원한 계곡이 바로 어비계곡이다. 지금은 개울 같은 계곡에 불과하지만 예전에는 물고기가 날아다니는 것처럼 보일 정도로 뛰어난 계곡이었다고 한다. 그래서 이름도 어비(魚飛)다. 수심이 적당하고 너른 바위를 따라 더 깊이 올라갈 수 있으며 상류에는 사람이 발길이 적어 자연 그대로의 계곡을 마주할 수 있다. 비가 온 후에는 계곡물이 불어날 수 있으니 주의해야 한다. 경기도 청정계곡 일환으로 잘 정비된 이곳은 예전엔 계곡을 따라 테이블을 놓고 사유지처럼 식당들이 사용하던 것을 깨끗이 정비하여 계곡을 찾는 누구나 이용할 수 있게 하였다. 계곡을 따라 데크길이 설치되어 있고 성수기에는 데크다리와 계곡 중앙에서 분수처럼 물이 쏟아지기도 하며 야간경관 조명이 설치되어 밤에는 색다른 풍경을 볼 수 있다. 성수기만 틀어준다는 분수는 겨울에는 가평 빙벽계곡으로도 유명하다. 근처에 식당이나 펜션, 캠핑장 등이 있어서 식사나 휴식을 취하기에도 좋다.","=GOOGLETRANSLATE(A648, ""ko"", ""ja"")"
조무락계곡,"=GOOGLETRANSLATE(A649, ""ko"", ""ja"")"
경기도 가평군 북면 조무락골길,"=GOOGLETRANSLATE(A650, ""ko"", ""ja"")"
"조무락계곡은 석룡산(1,120m) 자락을 흐르는 가평천의 최상류에 있는 험난한 계곡으로 6㎞에 걸쳐 폭포와 담(潭)·소(沼)가 이어진다. 산수가 빼어나 새가 춤추며 즐겼다 하여 조무락이라는 이름이 생겼다고도 하고 산새들이 재잘(조무락) 거려 붙여진 이름이라고도 한다. 넓은 물줄기가 좁아지며 폭포수가 돌아흐르는 골뱅이소와 중방소, 가래나무소, 칡소 등이 이어지는데, 복호등 폭포에 이르러 물줄기가 바위에 부딪쳐 부챗살처럼 퍼지는 모습이 아름다움의 절정을 느끼게 한다. 소마다 암석과 수목에 둘러싸여 있으며 바위 틈새에서는 한여름에도 한기를 느끼게 하는 찬바람이 나온다. 가평 물놀이하기 좋은 계곡으로 알려져 있으며 여름이면 많은 피서객들이 머무는 곳이다. 삼팔교 바로 아래에 계곡으로 내려갈 수 있는 계단이 있다. 물이 많이 흐르고 물속이 훤히 보일 정도로 맑으며 수심이 조금씩 달라, 깊은 곳은 3~4m 정도 되어 어른들도 물놀이하기 좋다. 산책로가 잘 조성되어 있어서 자연을 느끼며 조용히 산책을 즐겨도 좋다. 계곡 아래로는 나무그늘이 많아 시원하며 크고 작은 폭포물을 맞으며 상쾌함도 느낄 수 있다. 계곡 앞에서는 구명조끼를 무료 대여하고 있고 안전한 물놀이에 신경 써야 한다. 단지 주차장이 없어 길가에 적당히 주차해야 하는 것은 단점일 듯하다.","=GOOGLETRANSLATE(A651, ""ko"", ""ja"")"
대부산,"=GOOGLETRANSLATE(A652, ""ko"", ""ja"")"
양평 대부산,"=GOOGLETRANSLATE(A653, ""ko"", ""ja"")"
경기도 양평군 옥천면 신복리,"=GOOGLETRANSLATE(A654, ""ko"", ""ja"")"
"대부산은 경기도 가평군 설악면과 양평군 옥천면 경계에 있는 산으로 높이는 743m이다. 유명산 남쪽에 솟아 있는 봉우리로 마주보는 유명산과 함께 설악면과 옥천면을 가르는 산이라 하여 대부산이라 부른다. 대부산, 유명산, 어비산, 소구니산, 용문산으로 이루어진 산군은 경기도 내에서 보기 드문 경치를 자랑한다. 대부산에게는 이름이 하나 더 있는데, 바로 어비산이다. 아주 오래전 옛날, 홍수 때가 되면 물고기들이 산을 넘는다고 해서 어비산이 되었다. 그래서 이 산에는 배너미재라는 지명이 존재한다. 배너미재는 ''배가 넘어 다니던 고개''란 의미를 담고 있다. 대부산은 억새로도 유명하다. 억새가 이 산을 점령하기 전 이곳은 화전민들이 불을 놓아 밭을 일구던 곳이었다. 그러다 1960년대 들어 화전민들이 떠난 후 고랭지 채소의 차지가 되었다가 20여 년 전 부터는 억새밭이 되었다. 대부산 정상 동쪽 아래에는 탁 트인 지형의 억새평원이 자리 잡고 있다. 또한 대부산은 영화 ''관상''의 촬영지이기도 하여 너와집 세트가 남아있다. 대부산으로 가는길은 6번 국도를 타고 양평읍 쪽으로 가다 옥천면 고읍교차로에서 좌회전, 옥천냉면마을을 지나 직진하고 설매재 자연휴양림을 지나면 배너미재 정상이 나온다.","=GOOGLETRANSLATE(A655, ""ko"", ""ja"")"
시화호,"=GOOGLETRANSLATE(A656, ""ko"", ""ja"")"
안산 시화호,"=GOOGLETRANSLATE(A657, ""ko"", ""ja"")"
경기도 안산시 단원구 대부황금로 1927,"=GOOGLETRANSLATE(A658, ""ko"", ""ja"")"
"시화호는 경기도 시흥시, 안산시, 화성시에 만들어진 인공호수이다. 시화호란 명칭은 전체 방조제의 양 끝인 시흥시와 화성시의 앞 글자를 따서 지어진 것이다. 시화호는 한때 수질 오염 때문에 많은 문제가 있었지만, 수질의 지속적인 개선 및 관리 체계 마련, 시화호 생태계 복원과 관리를 통한 유역의 자원 이용 극대화 등 시민들이 안심하고 이용할 수 있는 공간으로 만들기 위하여 체계적으로 관리하여 큰고니, 알락꼬리마도요, 꼬마물떼새, 노랑부리저어새, 검은머리물떼새 등 천연기념물로 보호되고 있는 새들과 갯벌 생물들이 서식하는 곳이 되었다. 시화호 중간에 설치된 조력발전소는 인구 50만 도시의 가정에 공급할 수 있다. 시화방조제 도로를 달리다 보면 만날 수 있는 시화나래 휴게소는 주말이면 시화방조제 일대를 한눈에 조망할 수 있는 달전망대를 찾는 사람들로 북적인다. 시화나래 달전망대는 시화호와 서해를 조망할 수 있는 지역의 랜드마크로 높이 75m에서 내려다보는 풍경은 압도적이며, 우주비행선을 닮은 조망대는 강화 유리로 되어 있어 바닥이 훤히 보인다. 달전망대 아래에는 서해 물결과 신재생에너지의 순환을 주제로 건설과정에서 발생한 토사들을 이용하여 친환경적으로 만든 해상공원인 시화나래 조력공원이 있어 산책코스로 돌아보기 좋다.","=GOOGLETRANSLATE(A659, ""ko"", ""ja"")"
031-400-6169,"=GOOGLETRANSLATE(A660, ""ko"", ""ja"")"
중원계곡,"=GOOGLETRANSLATE(A661, ""ko"", ""ja"")"
양평 중원계곡,"=GOOGLETRANSLATE(A662, ""ko"", ""ja"")"
경기도 양평군 용문면 중원산로 555,"=GOOGLETRANSLATE(A663, ""ko"", ""ja"")"
"중원산 동쪽 기슭에서 남쪽으로 흐르는 깊고 맑은 골짜기중원계곡은 용문산 동쪽의 중원산과 도일봉 사이에 있으며 계곡 곳곳에 폭포와 소, 담 등이 아기자기하게 펼쳐진다. 입구에서 첫 번째 폭포가 계곡을 대표하는 중원폭포로서 높이 약 10m의 3단 폭포가 기암절벽에 둘러싸여 경관이 빼어나다. 또한 계곡길을 걷다 보면 매와 독수리가 아래를 내려다보고 있는 것 같은 매둥치봉과 수리봉이 나온다.","=GOOGLETRANSLATE(A664, ""ko"", ""ja"")"
031-770-1001,"=GOOGLETRANSLATE(A665, ""ko"", ""ja"")"
명성산,"=GOOGLETRANSLATE(A666, ""ko"", ""ja"")"
의왕 명성산,"=GOOGLETRANSLATE(A667, ""ko"", ""ja"")"
경기도 포천시 이동면 도평리,"=GOOGLETRANSLATE(A668, ""ko"", ""ja"")"
"가을철이면 억새산행 대상지로 유명한 산이다. 서울에서 동북으로 84km, 운천에서 약 7km 거리에 위치한 명성산(922.6m)은 산자락에 산정호수를 끼고 있어 등산과 호수의 정취를 만끽할 수 있다. 태봉국을 세운 궁예의 애환이 호수 뒤편에 병풍처럼 펼쳐진 웅장한 명성산에 숨겨져 내려온 전설이 있는다. 망국의 슬품을 통곡하자 산도 따라 울었다고 하는 설과 왕건의 신하에게 주인을 잃은 신하와 말이 산이 울릴 정도로 울었다 하여 울음산으로 불리우다 울""명""자 소리""성""자를 써서 명성산으로 불린다는 전설이 있다.언제부터인가 산능선 넘어 억새꽃이 장관을 이루는 것이 산행을 한 사람들에게 전해졌다. 이에 1997년부터는 9월말~10월초에 산정호수 명성산 억새꽃 축제가 개최되기 시작했다. 본격적으로 산정호수 관광지와 연계하여 등산로를 개발하면서 전문 산악인과 초보자 및 남녀노소 모두가 선호하는 등산 코스로 각광 받고 있다. 정상에서의 전망은 북쪽으로 오성산, 동북쪽으로 상해봉과 대성산, 백암산이, 동쪽으로 광덕산, 동남쪽으로 백운산과 국망봉이 보인다.","=GOOGLETRANSLATE(A669, ""ko"", ""ja"")"
031-538-3342,"=GOOGLETRANSLATE(A670, ""ko"", ""ja"")"
역고드름,"=GOOGLETRANSLATE(A671, ""ko"", ""ja"")"
경기도 연천군 신서면 평화로 3282-76,"=GOOGLETRANSLATE(A672, ""ko"", ""ja"")"
"연천군과 강원도 철원군의 경계에 있는 3번 국도, 철원군을 알리는 경계 표지판을 앞두고 차탄천을 가로지르는 작은 교량을 건너면 역고드름을 알리는 표지판이 나타난다. 평화누리길 12코스가 끝나는 곳, 평화누리길 자전거길 7코스로도 연결되는 역고드름은 군남홍수조절지~역고드름까지 28.2km 구간에 있다. 역고드름(승빙)은 고대산 자락의 폐터널 속에 열리는데 낙숫물이 지면에 있는 빙주에 떨어지며 자라거나, 열 분자 압력으로 지하수가 상승하여 지상의 빙주 속에 들어가며 자라는 원리로 생긴다. 12월 중순부터 자라서 3월까지만 볼 수 있으며, 안전 문제로 외부 관람을 하는 것이 좋다.","=GOOGLETRANSLATE(A673, ""ko"", ""ja"")"
031-839-2061,"=GOOGLETRANSLATE(A674, ""ko"", ""ja"")"
반월호수,"=GOOGLETRANSLATE(A675, ""ko"", ""ja"")"
군포 반월호수,"=GOOGLETRANSLATE(A676, ""ko"", ""ja"")"
경기도 군포시 호수로 92,"=GOOGLETRANSLATE(A677, ""ko"", ""ja"")"
"반월호수는 대야동의 맨 안쪽 부분에 아늑하게 자리하고 있다. 1957년에 준공되었으며 북서쪽에 있는 집예골, 샘골, 지방바위골의 물이 남동방향으로 흘러 반월호수로 흘러들고 있다. 이웃 의왕의 백운호수가 훤하게 드러난 지형이라면 반월호수는 수줍은 시골색시처럼 안쪽으로 돌아 앉아, 소리 없이 눈으로 웃어 주는 듯 섬세한 아름다움을 지니고 있다. 호수 건너편 자그만 산등성이가 일 년 내내 듬직한 물그림자를 만들어 주고, 해 질 녘이면 주홍빛 낙조가 번지는 조용한 호수이다.","=GOOGLETRANSLATE(A678, ""ko"", ""ja"")"
031-390-3637,"=GOOGLETRANSLATE(A679, ""ko"", ""ja"")"
비봉산,"=GOOGLETRANSLATE(A680, ""ko"", ""ja"")"
안성 비봉산,"=GOOGLETRANSLATE(A681, ""ko"", ""ja"")"
경기도 안성시 보개면 불현길,"=GOOGLETRANSLATE(A682, ""ko"", ""ja"")"
"안성의 비봉산은 높이가 227.8m로 아담하고 편안한 산이다. 비봉산에는 산정의 9부 능선에 마치 허리띠를 두른 듯 토성이 축조되어 있으며 정상에 옛날 장수가 앉아서 흔적이 생겼다는 장수바위가 있다. 또한 비봉산에는 약수사 외 5개의 절이 있고, 산책로와 운동기구(헬스장, 배드민턴 등) 가 있어 가족과 함께 산행을 즐길 수 있는 최적지로 많은 사람들이 찾고 있다. 비봉정 정상에 오르면 안성 시가지는 물론 인근 보개, 금광, 대덕 고삼면을 한눈에 볼 수 있다.","=GOOGLETRANSLATE(A683, ""ko"", ""ja"")"
031-678-2563,"=GOOGLETRANSLATE(A684, ""ko"", ""ja"")"
덕평공룡수목원,"=GOOGLETRANSLATE(A685, ""ko"", ""ja"")"
경기도 이천시 마장면 작촌로 282,"=GOOGLETRANSLATE(A686, ""ko"", ""ja"")"
"덕평 공룡 수목원은 동맥이산 자락에 있으며 범바위 동굴이 위치한 곳이다. 참나무와 전나무, 밤나무, 잣나무 등 3000여 종의 식물자원이 자생하고 있으며, 자생 야생화 수십 종이 분포하고 있다. 또한, 다육 식물과 선인장 약 1000여 종이 온실에서 관리되고 있으며 커피나무나 파파야와 같은 우리나라에서 보기 어려운 열대 식물도 100여 종이 있다.덕평 공룡 수목원은 25만 평방미터 중 13만 평방미터는 개발되지 않은 천연의 상태로 산림욕장의 리프레시 기능을 담당하고 있고 나머지 공간에는 주요 테마인 공룡들이 수목원 내에 조성되어 아이들과 가족들에게 재미와 추억을 제공하고 있다.또한 같이 조성된 곤충관에서는 신기한 곤충의 생활을 볼 수 있는 교육적 경험을 하고, 동물 친구들과는 정서적 교감도 체험할 수 있는 기회를 제공한다.","=GOOGLETRANSLATE(A687, ""ko"", ""ja"")"
031-633-5029,"=GOOGLETRANSLATE(A688, ""ko"", ""ja"")"
검단산,"=GOOGLETRANSLATE(A689, ""ko"", ""ja"")"
경기도 하남시 천현동,"=GOOGLETRANSLATE(A690, ""ko"", ""ja"")"
"하남시청 동쪽에 위치한 높이 657m로 하남시의 대표적인 명산으로 유명하다. 백제 한성시대 하남 위례성의 숭산(崇山), 진산(鎭山)으로서 왕이 하늘에 제사를 지내던 신성한 산으로 전해진다. 검단산 정상에서는 남한강과 북한강이 합류하는 양수리와 하남시는 물론이고 서울과 양평 일대, 팔당호 주변의 경관도 감상할 수 있어 서울 근교의 하루 등반 코스로 각광받고 있다. 서울 근교에 있고 교통이 편리하며, 등산로가 잘 정비되어 있을 뿐 아니라 코스도 그다지 어렵지 않아 일일 산행으로 가족 나들이하기에 좋다. 산행은 하산곡동의 산곡 초등학교 쪽과 팔당댐 건너 아래배알미쪽 등산로를 이용할 수 있는데 전자가 교통이 더 편리하다. 이 밖에 창우동의 한국애니메이션고등학교 방면에서 시작되는 현충탑 등산로도 있다. 하산곡동에서 출발하는 산행은 처음에는 경사가 매우 가파르지만 산 중턱에는 노송이 길을 덮어 쉬어가기 좋다. 넓고 평평한 정상에 서면 멀리 북한산과 도봉산 줄기가 한눈에 보인다. 동쪽으로는 팔당댐이 보이고, 남쪽으로 뻗은 능선에는 용마산(龍馬山)이 솟아 있으며, 서쪽으로는 중부고속도로가 힘차게 달린다. 본래 세종대왕의 능을 이곳에 쓰려다 여주로 옮겨가게 되어 닦아 놓은 능 터가 지금도 남아 있어 역사를 말해주고 있으며, 《서유견문》을 쓴 유길준(兪吉濬)의 묘가 있다.* 검단산의 유래 *백제 때 검단선사(黔丹禪師)가 이곳에 은거하였다 하여 검단산으로 불리게 되었다. 높이는 관악산(冠岳山:629m)과 비슷하지만 《동국여지승람(東國與地勝覽)》에서 광주목의 진산(鎭山)이라고 일컬을 정도로 산세가 특이하다. 가파른 경사를 지나 능선에 올라서면 사방의 전경이 시원하게 열리고, 서서히 정상에 이르는 길이 매우 다채롭다.","=GOOGLETRANSLATE(A691, ""ko"", ""ja"")"
031-790-6341,"=GOOGLETRANSLATE(A692, ""ko"", ""ja"")"
소리산,"=GOOGLETRANSLATE(A693, ""ko"", ""ja"")"
양평 소리산,"=GOOGLETRANSLATE(A694, ""ko"", ""ja"")"
경기도 양평군 단월면 석산리 산24,"=GOOGLETRANSLATE(A695, ""ko"", ""ja"")"
"높이는 479m로 그리 높지는 않지만, 산세가 험한 편이며, 주민들이 소금강이라고 부를 정도로 경치가 아름답다. 산속 바위 벼랑에 수리가 서식했다고 하여 수리산으로 부르다가 소리산으로 바뀌었다는 이야기가 전해진다. 숲이 울창하고 계곡이 아름다워서 여름이면 가족단위 휴양객들이 많이 찾는다. 정상과 주능선이 바위로 이루어졌고, 산음천에 쪽은 바위 절벽이다. 산음리와 석산리 사이에 있는 용소계곡은 기암절벽으로, 풍부하고 맑은 물과 함께 곳곳에 조약돌이 깔린 공간이 있어 휴식공간으로 인기가 높다. 매년 3월에는 소리산 고로쇠 축제가 열린다.","=GOOGLETRANSLATE(A696, ""ko"", ""ja"")"
031-770-3191,"=GOOGLETRANSLATE(A697, ""ko"", ""ja"")"
하남 나무고아원,"=GOOGLETRANSLATE(A698, ""ko"", ""ja"")"
경기도 하남시 미사동 608,"=GOOGLETRANSLATE(A699, ""ko"", ""ja"")"
"나무고아원은 도시개발사업 등으로 버려질 나무들을 옮겨 심고 가꾸어 가로수나, 공원, 녹지대 조경수로 새롭게 태어나는 목적으로 약 89,000㎡ 부지에 조성한 곳이다. 현재는 수목 기증을 받거나, 공원 등으로 이식을 하고 있지 않고 도시숲(공원)으로 가꾸고 있으며, 소나무 , 버즘나무, 은행나무, 느티나무 등 46종의 다양한 나무가 식재되어있다. 소나무 159그루와 도로확장 공사로 상처입은 은행나무 300여 그루, 느티나무 1,000여 그루, 메타세콰이어 1,700그루, 홍단풍 450그루 등 수도권 경기지역에서 헌수 받은 수목을 옮겨 와 조성하였다. 하남시는 이러한 나무고아원을 자연보호의 중요성을 일깨우는 환경교육의 장으로 활용하고 있으며, 인근 한강과 어우러진 수도권의 새로운 명소로 각광받고 있다. (출처 : 하남시청)","=GOOGLETRANSLATE(A700, ""ko"", ""ja"")"
031-790-6413,"=GOOGLETRANSLATE(A701, ""ko"", ""ja"")"
풍도,"=GOOGLETRANSLATE(A702, ""ko"", ""ja"")"
안산 풍도,"=GOOGLETRANSLATE(A703, ""ko"", ""ja"")"
경기도 안산시 단원구 풍도길 28,"=GOOGLETRANSLATE(A704, ""ko"", ""ja"")"
"대부도에서 24km 떨어진 서해의 작은 섬 풍도는 복수초, 노루귀, 변산 바람꽃, 홀아비바람꽃 등의 아름다운 야생화가 많이 자라기로 유명하다. 단풍나무가 많아 조선말까지 단풍나무 풍(楓)자를 써서 풍도(楓島)로 표기하였으나, 농토가 없고 섬 주변 어장에 해산물이 여의치 않아 섬 이름을 풍년 豊자로 바꾸어 풍도(豊島)로 부르고 있다. 풍도에는 다양한 볼거리가 있는데, 하늘과 맞닿은 하늘길인 동무재, 야생화 천국 풍도의 비밀정원, 수령 500년이 넘은 풍도의 은행나무, 풍도해전 당시 청나라 군사들의 시신이 밀려왔던 청옆골 해변이 대표적이다.","=GOOGLETRANSLATE(A705, ""ko"", ""ja"")"
031-481-2000,"=GOOGLETRANSLATE(A706, ""ko"", ""ja"")"
주금산,"=GOOGLETRANSLATE(A707, ""ko"", ""ja"")"
의왕 주금산,"=GOOGLETRANSLATE(A708, ""ko"", ""ja"")"
경기도 포천시 내촌면 능곡청정길 50,"=GOOGLETRANSLATE(A709, ""ko"", ""ja"")"
"비단산으로도 불리는 주금산(813m)은 경기도 가평과 포천, 남양주의 경계이자 걸쳐있는 산으로, 주위에는 서리, 천마, 철마, 축령산 등 명산이 호위하듯 둘러서 있다. 정상 부근의 기암과 수려한 비금 계곡이 어우러져 마치 비단결 같은 산세를 자랑하고 있다. 이 산의 서북쪽 산 자락에는 베어스타운 스키장이 자리 잡고 있으며, 정상에서 남쪽으로 흘러내리는 비금계곡은 오염되지 않은 모습을 간직하고 있다. 옛날에 선비들이 산에 놀러 왔다가 거문고를 감춰놓았다 해서 비금계곡으로 불린다. 등산길은 내촌에서 오르는 길과 비금계곡에서 오르는 길 두 가지가 있다. 내촌에서 오르려면 사기막 입구 평사교에서 산행을 시작한다. 합수곡에서 계류를 건너 계곡을 따라 올라가다 가파른 돌길과 폭포를 지나 왼쪽 능선길로 고개에 오른 뒤 억새풀밭을 지나 남쪽 능선을 타고 정상에 오른다. 하산은 정상(삼각점)에서 암릉 서쪽을 따라 암봉 남쪽 밑 신선당을 지나 능골로 내려가거나 남동쪽 능선길을 따라 비금리로 내려간다. 비금계곡에서 등산하려면 비금계곡 주차장에서 산행을 시작한다. 동남쪽 능선을 타고 바위봉을 지나 정상에 오른 뒤 바위봉을 지나 남쪽 능선을 타고 시루봉에서 주차장으로 내려가는 길과 정상에서 안부로 폭포를 지나 사기막 평사교로 내려가는 길이 있다. 정상에는 포천과 남양주에서 각각 세워놓은 두 개의 정상석이 있으며, 주금산 정자 뒤 헬기장으로 가면 주금산의 시그니쳐 풍경인 독바위와 정자를 한 번에 조망할 수 있는데, 이 풍경을 담기 위해 주금산을 찾는 사람들이 많다. 특히나 철쭉이 피는 계절에는 장관이다.","=GOOGLETRANSLATE(A710, ""ko"", ""ja"")"
031-538-2340,"=GOOGLETRANSLATE(A711, ""ko"", ""ja"")"
기산저수지,"=GOOGLETRANSLATE(A712, ""ko"", ""ja"")"
양주 기산저수지,"=GOOGLETRANSLATE(A713, ""ko"", ""ja"")"
경기 양주시 백석읍 기산리,"=GOOGLETRANSLATE(A714, ""ko"", ""ja"")"
"경기도 양주시 백석읍 기산리에 조성된 저수지이곳은 14만 8,760㎡의 면적에 조성된 저수지로 저수량은 약 878t인 저수지이다. 높은 산에 둘러싸인 저수지로 수려한 경치를 자랑하며 잉어가 잘 잡히는 낚시터로 유명하여 많은 낚시꾼이 찾는 곳이다. 또한, 저수지 주변으로 산책로가 조성되어 있어 자연경관을 즐기며 산책하기에 좋다.","=GOOGLETRANSLATE(A715, ""ko"", ""ja"")"
031-8082-5662,"=GOOGLETRANSLATE(A716, ""ko"", ""ja"")"
당남리섬,"=GOOGLETRANSLATE(A717, ""ko"", ""ja"")"
경기도 여주시 대신면 여양로 1954,"=GOOGLETRANSLATE(A718, ""ko"", ""ja"")"
"경기도 여주시 대신면에 위치한 당남리섬은 수도권의 대표적인 경관농업단지로, 유채꽃, 라벤더, 메밀꽃, 코스모스, 핑크뮬리 등 계절별로 다양한 꽃들이 피어나는 곳으로 유명하다. 여주시는 올봄 유채꽃, 핑크뮬리, 케나프를 약 14,700㎡ 규모로 조성하기도 했다. 5배이상 이산화탄소를 흡수하는 환경정화식물인 케냐프 숲을 전국 최대 규모로 조성중이다.","=GOOGLETRANSLATE(A719, ""ko"", ""ja"")"
031-887-3733,"=GOOGLETRANSLATE(A720, ""ko"", ""ja"")"
벽계구곡,"=GOOGLETRANSLATE(A721, ""ko"", ""ja"")"
양평 벽계구곡,"=GOOGLETRANSLATE(A722, ""ko"", ""ja"")"
경기도 양평군 서종면 수입리 381,"=GOOGLETRANSLATE(A723, ""ko"", ""ja"")"
통방산(650m) 삼태골에서 발원하여 노문리와 수입리를 거쳐 북한강으로 흘러드는 계곡이다. 가마소를 비롯해 병풍소·박쥐소 등 깊은 소(沼)와 작은 폭포들이 이어져 노문 8경의 하나를 이룬다. 폭이 넓고 수심이 얕은 데다가 곳곳에 천연 수영장이 많아 어린이를 동반한 가족 피서지로 적합하다. 계곡 오솔길을 따라가면 돌기둥 일주암이 나오고 그 아래에 수심이 깊은 자라 소가 있다.,"=GOOGLETRANSLATE(A724, ""ko"", ""ja"")"
031-770-3161,"=GOOGLETRANSLATE(A725, ""ko"", ""ja"")"
문수산,"=GOOGLETRANSLATE(A726, ""ko"", ""ja"")"
김포 문수산,"=GOOGLETRANSLATE(A727, ""ko"", ""ja"")"
경기도 김포시 월곶면 문수산로 90-19,"=GOOGLETRANSLATE(A728, ""ko"", ""ja"")"
한남정맥의 최 북서쪽에 위치한 문수산은 해발고도는 376m로 아기자기한 등산의 맛을 주며 사계절 경치가 아름다워 김포의 금강산이라 불린다. 정상에 오르면 산 아래에 염하강과 한강물이 유유히 흐르고 맑게 개인 날 한강 건너엔 손에 닿을 듯 북한 개성의 송악산까지 볼 수 있어 분단의 아픔을 느낄 수 있다. 문수산에는 조선 19대 숙종 20년(1694)에 바다로 들어오는 외적을 맞고 강화도 방어를 위해 쌓은 문수산성이 있어 외세의 침략에 저항한 옛 조상들의 숨결을 느낄 수 있다. 등산로 초입에는 산림욕장이 조성되어 있어 피톤치드와 음이온 등을 받으며 가벼운 휴식과 산책하기에도 제격이다.,"=GOOGLETRANSLATE(A729, ""ko"", ""ja"")"
031-980-5986(문수산숲길),"=GOOGLETRANSLATE(A730, ""ko"", ""ja"")"
전류리포구,"=GOOGLETRANSLATE(A731, ""ko"", ""ja"")"
경기 김포시 하성면 금포로 1928,"=GOOGLETRANSLATE(A732, ""ko"", ""ja"")"
"전류리포구는 한강하구에 존재하는 유일한 포구김포시 하성면 소재의 전류리포구는 한강하구에 존재하는 유일한 포구이며 한강하구의 최북단 최전방 어장으로 민물과 바닷물이 만나는 기수역으로 생태의 보고이다. 예전에는 노를 저어 고기를 잡아야 했으나 지금은 60마력까지 허용되고 있다. 이곳의 어부들은 김포대교 아래서부터 전류리 어로 한계선까지 14km 구간을 오가며 고기를 잡아 생계를 꾸리고 있다. 큰고니나 흰비오리가 많이 찾아오고 민간인도 겨울엔 들어가 전류리포구의 명물인 새우와 숭어, 웅어를 맛볼 수 있다. 특히 이곳의 참게는 수랏상에도 올렸을 만큼 최고급으로 전해지고 있다. 군사분계선과 인접해 있어서 고기를 잡으러 나가려면 매번 군부대 초병에게 출항 신고를 해야 하고, 군인들이 훈련하는 날이나 안개가 낀 날에는 수역을 개방해주지 않아 배를 못 띄우는 어려움이 있었다. 그러나 2007년 포구 주변의 군 철책 200m를 이전해 관광객의 출입이 가능하고 수산물을 구입할 수 있음은 물론 한강을 지척에서 바라볼 수 있는 환경이 조성됐다. [장애인 접근성] -장애인 화장실: X -장애인 주차구역: X -휠체어대여: X -수유실: X -유모차 대여: X -유아용 의자대여: X -외국어 안내: X","=GOOGLETRANSLATE(A733, ""ko"", ""ja"")"
031-981-4115,"=GOOGLETRANSLATE(A734, ""ko"", ""ja"")"
초록산산림욕장,"=GOOGLETRANSLATE(A735, ""ko"", ""ja"")"
화성 초록산산림욕장,"=GOOGLETRANSLATE(A736, ""ko"", ""ja"")"
경기 화성시 양감면 사창리 810-9,"=GOOGLETRANSLATE(A737, ""ko"", ""ja"")"
"초록산산림욕장은 경기도 화성시 양감면에 위치한 자연 친화적인 힐링 공간이다. 이곳은 울창한 숲과 맑은 공기를 자랑하며, 방문객들에게 몸과 마음을 치유할 수 있는 산림욕을 제공한다. 초록산산림욕장은 잘 정비된 산책로와 트레킹 코스가 있어, 자연 속에서 편안하게 산책이나 운동을 즐기기에 적합하다. 또한, 다양한 식물과 동물을 관찰할 수 있어 자연과의 교감을 느낄 수 있는 곳이다. 특히, 스트레스를 해소하고 피로를 풀 수 있는 명상 공간과 휴식 공간이 마련되어 있어, 바쁜 일상에서 벗어나 여유로운 시간을 보낼 수 있다. 초록산산림욕장은 건강과 힐링을 동시에 챙길 수 있는 장소로, 자연을 만끽하며 심신의 안정과 회복을 돕는 중요한 역할을 한다. 이곳은 가족 단위 방문객뿐만 아니라, 자연을 사랑하는 모든 사람들에게 이상적인 휴식처이다.","=GOOGLETRANSLATE(A738, ""ko"", ""ja"")"
031-369-2344,"=GOOGLETRANSLATE(A739, ""ko"", ""ja"")"
국화도,"=GOOGLETRANSLATE(A740, ""ko"", ""ja"")"
화성 국화도,"=GOOGLETRANSLATE(A741, ""ko"", ""ja"")"
경기도 화성시 우정읍 국화길 8,"=GOOGLETRANSLATE(A742, ""ko"", ""ja"")"
"국화도는 경기도 화성시 우정읍 소재지에서 남서부 28㎞ 지점에 위치함. 섬 동쪽은 당진군 석문면, 북쪽은 입파도와 인접된 유인도로 바지락･굴 등 어패류 채취를 주업으로 하는 도서지역 어촌마을이다. 꽃이 늦게 피고 늦게 진다고 해서 늦을‘만(晩)’자를 써 만화도라 불렸으나 일제시대 국화가 많이 피는 섬이라 해서 국화도라 바꿔 부르게 되었는데, 실제로 섬 전체에 들국화가 지천으로 피어있다. 국화도는 배를 타고 장고항에서 10분, 궁평항에서 1시간 거리에 위치하며, 걸어서 2시간이면 섬 전체를 돌아볼 수 있는 작은 섬이다. 장고항에서 여객선으로 10분정도 거리지만 잘 알려져 있지 않은 섬으로 장고항에서 바라보는 국화도는 섬을 온통 뒤덮고 있는 소나무숲 때문에 사람이 살지 않는 섬처럼 보인다.나들이 명소로 손색이 없는 풍광을 자랑하는 국화도는 당일치기 코스로도 좋지만 하루 이틀 섬에 머무르며 고즈넉하고 소박한 어촌마을의 정취를 느끼고 휴식시간을 보낼 수도 있다. 경사가 심하지 않고 물이 맑은 해수욕장에서 안전하게 물놀이를 즐기고, 아이와 함께 호미를 들고 나가 고둥과 조개 등 다양한 해산물을 잡거나 어선을 타고 낚시를 즐길 수 있는 곳이 바로 시리도록 예쁜 들국화 외딴섬 국화도이다.","=GOOGLETRANSLATE(A743, ""ko"", ""ja"")"
031-356-9940,"=GOOGLETRANSLATE(A744, ""ko"", ""ja"")"
국립아세안자연휴양림,"=GOOGLETRANSLATE(A745, ""ko"", ""ja"")"
양주 국립아세안자연휴양림,"=GOOGLETRANSLATE(A746, ""ko"", ""ja"")"
경기도 양주시 백석읍 기산로 472,"=GOOGLETRANSLATE(A747, ""ko"", ""ja"")"
"장흥유원지의 인근에 위치하고 있는 아세안자연휴양림은 서울을 비롯한 인천 일산 의정부 등에서 1시간 이내의 근거리에 있어 수도권에서 가장 접근성이 좋은 자연휴양림이다. 또한 한·아세안 간의 우호증진과 외국인 근로자 및 다문화 가정의 사회적 화합을 유도하기 위하여 아세안 전통가옥을 테마로 조성하여 숙박시설로 활용하고 있어 다양한 해외의 문화체험과 숲 체험을 동시에 경험할 수 있다. 휴양림 주변은 신갈나무, 졸참나무, 상수리나무 등 참나무류가 주종을 이루고 있으며, 골짜기 및 능선을 따라 크고 작은 기암이 있고 안고령 유원지로 이어지는 계곡에는 작은 폭포 및 소 등이 펼쳐져 있어 수려한 자연경관을 보유하고 있다.","=GOOGLETRANSLATE(A748, ""ko"", ""ja"")"
031-871-2796,"=GOOGLETRANSLATE(A749, ""ko"", ""ja"")"
입파도 홍암,"=GOOGLETRANSLATE(A750, ""ko"", ""ja"")"
화성 입파도 홍암,"=GOOGLETRANSLATE(A751, ""ko"", ""ja"")"
경기도 화성시 우정읍 입파길 54,"=GOOGLETRANSLATE(A752, ""ko"", ""ja"")"
"입파도 홍암은 입파도의 남쪽 해안 절벽으로 화성8경 가운데 하나이다. 입파도는 우정읍 서쪽 서해 해상에 위치한 국화도 북쪽에 있는 섬으로 [서서 파도를 맞는다]는 뜻에서 섬 이름이 유래하였다. 전체면적이 0.44㎢의 작은섬으로 직선으로는 서울로부터 70km, 인천에서는 40km, 수원에서는 50km의 거리에 있으며 대부분의 표고가 50m 이하의 구릉으로 연결된 아기자기한 선형의 섬이다. 중심부 동서의 완만한 능선과 해안의 모래 및 조약돌밭을 제외하면, 섬 전체가 30% 이상의 급사면으로 이루어져 있고, 남북해안은 절벽을 이루고 있다. 섬 남쪽 해안 태고의 신비를 묻고 우뚝 솟아 있는 붉은 기암괴석인 홍암은 암벽 사이 곳곳에서 자생하는 해송, 갈매기 등의 바닷새와 함께 어우러져 한 폭의 산수화를 보는 듯한 절경을 연출하여 화성 8경의 하나로 꼽힌다. 홍암으로 가는 길은 등대에서 등산로를 따라 내려와도 되지만 물때를 확인하면 해안 길로도 갈 수 있다. 입파도는 바닷물이 깨끗해 인근 남쪽의 국화도와 함께 여름철이면 피서객과 낚시꾼으로 붐빈다. 궁평항에서 입파도로 운항하는 서해도선이 있으며 주말은 예약제로 운영하고 있으니 자세한 문의는 궁평항 서해도선 사무실로 문의가 가능하다.","=GOOGLETRANSLATE(A753, ""ko"", ""ja"")"
031-369-2094 관광기획팀,"=GOOGLETRANSLATE(A754, ""ko"", ""ja"")"
율곡수목원,"=GOOGLETRANSLATE(A755, ""ko"", ""ja"")"
경기도 파주시 파평면 장승배기로 392,"=GOOGLETRANSLATE(A756, ""ko"", ""ja"")"
"율곡수목원은 식물유전자원의 보전과 증식·전시를 위해 조성된 장소로, 과거 1960년대 산림녹화사업을 통해 울창한 산림이 잘 가꾸어진 시유림을 새롭게 탈바꿈시킨 곳이다. 2021년 6월에 정식 개원했다. 현재 율곡수목원 내에는 21개 테마별 식물 주제원이 있으며, 시민들이 기증한 15종 70그루의 기증나무와 함께 700여 종 80,000여 그루의 나무와 500여 종 220,000여 포기의 초본류 등 총 1,300여 종 30만여본의 식물이 식재되어 있다. 율곡수목원에서는 유아를 대상으로 한 유아숲체험 프로그램과 80대까지 참여 가능한 산림치유프로그램인 치유숲, 가족숲, 엄마활력숲, 실버숲, 노르딕 워킹 등의 숲체험 프로그램을 운영하고 있다. 또한 수목원을 감싸는 5㎞ 길이의 수목원 둘레길은 임진강의 풍경이 한눈에 내려다보이는 전망대, 솔향기길, 문바위 등이 포함되어 있어 풍성하고도 다채로운 매력을 느낄 수 있다. 뿐만 아니라 북쪽으로는 임진강, 동쪽에는 파평산과 감악산 등이 위치하고 있어 임진강 일대 및 산자수명한 명산을 한눈에 조망이 가능하며, 주변의 율곡이이와 황희선생 유적지와도 가까워 일대의 연계관광이 가능하다.","=GOOGLETRANSLATE(A757, ""ko"", ""ja"")"
031-952-0624,"=GOOGLETRANSLATE(A758, ""ko"", ""ja"")"
마장호수,"=GOOGLETRANSLATE(A759, ""ko"", ""ja"")"
경기도 파주시 광탄면 기산로 365,"=GOOGLETRANSLATE(A760, ""ko"", ""ja"")"
"산과 호수를 끼고 있어 물빛과 낙조가 주변 군락목과 푸른 산과 조화를 이루고 있는 모습이 아름다워 답답한 일상에서 벗어나 자연의 품속에 파묻힌 듯한 편안한 휴식을 취할 수 있는 파주 대표적인 자연관광지이다. 물빛 풍경이 아름다운 마장호수는 친환경 공원으로 조성되어 가족, 연인들의 나들이 장소로 제격이다. 수변경관을 바라보며 걸을 수 있는 3.6㎞의 수변데크와 길이 220m의 출렁다리가 있다. 출렁다리를 건너는 순간부터 다리는 출렁출렁 요동을 쳐 관광객의 탄성을 자아낸다. 편의 시설로는 넓은 호수를 바라보며 차 한 잔의 여유를 즐길 수 있는 카페가 전망대와 관리동에 자리하고 있다. 숲과 호수가 어우러진 캠핑장에서는 낙조와 이른 아침 물안개를 감상하며 편안한 쉼터를 제공한다. 마장호수에서 카누와 카약을 즐길 수도 있다.","=GOOGLETRANSLATE(A761, ""ko"", ""ja"")"
031-943-3928,"=GOOGLETRANSLATE(A762, ""ko"", ""ja"")"
운계폭포,"=GOOGLETRANSLATE(A763, ""ko"", ""ja"")"
경기도 파주시 적성면 감골길 48,"=GOOGLETRANSLATE(A764, ""ko"", ""ja"")"
"경기도 파주시 적성면 감악산의 대표적인 명소인 운계폭포는 실마천을 끼고 있는 20m의 아기자기한 계곡이다. 풍부한 수량을 자랑하며 비룡폭포라고도 불린다. 절벽에서 푸른 물이 쏟아지는 풍경이 장관이다. 물이 거의 수직으로 떨어지기 때문에 겨울에는 빙벽 훈련 장소로도 인기가 높다. 휴전선에 인접한 관계로 감악산이 오랫동안 입산금지구역이었던 덕택에 운계폭포 역시 많이 알려지지 않아 사람들의 발길이 닿지 않은 자연 그대로의 모습을 간직하고 있다. 설마교에서 3~4분 들어가면 매표소와 거북바위휴게소가 있고, 왼쪽 능선을 휘돌아 이어지는 길로 오르면 운계폭포가 보인다. 최근에는 감악산 출렁다리가 유명해지면서 관광객들이 많이 찾아 운계폭포 역시 유명해지는 추세다. 단, 운계폭포 입수는 금지되어 있으며 관람만 가능하다. 유명한 감악산 출렁다리를 경유하여 감악산에 범륜사까지 함께 둘러보길 권한다. 2월1일부터 5월15일까지,그리고 11월1일부터 12월15일까지는 산불방지기간으로 입산이 통제된다.&nbsp;","=GOOGLETRANSLATE(A765, ""ko"", ""ja"")"
031-940-4611,"=GOOGLETRANSLATE(A766, ""ko"", ""ja"")"
광교산,"=GOOGLETRANSLATE(A767, ""ko"", ""ja"")"
수원 광교산,"=GOOGLETRANSLATE(A768, ""ko"", ""ja"")"
경기도 수원시 장안구 상광교동,"=GOOGLETRANSLATE(A769, ""ko"", ""ja"")"
"광교산은 수원의 북쪽에서 오는 찬바람을 막아주며 시가지를 품에 안고 있는 수원의 주산으로 원래 이름은 광악산이었으나 고려 태조 왕건에 의해 광교산으로 명명되었다고 전해진다. 광교산은 경부고속도로와 서울-수원간 도로 사이에서 남북으로 약 2㎞ 정도에 걸쳐 뻗어있는 산으로 수원시 상광교동에 속해 있다. 산의 능선이 매우 한적하면서도 완만하고 사이에 수목이 우거져있어 산림욕을 하거나 당일코스로 오붓하게 산행을 즐길 수 있는 곳이다. 옛부터 광교산은 수원 8경의 하나로 불렸는데 광교적설(光敎積雪)이라 하여 광교산에 눈이 내려 나무에 수북히 쌓여 있는 경치의 아름다움은 8경 중에서도 첫 번째로 손꼽혔다. 1994년까지만 하여도 가을(1개월)과 봄(3개월)에는 산불 우려로 전면 입산 통제하였으나, 1995년 가을부터는 주민 휴식 공간 제공과 여가선용 기회 확대를 위해 연중 개방하고 있으며, 훼손된 등산로변과 자연경관을 산림자연환경 스스로가 회복할 수 있도록 하기 위해 2003년 2월 1일부터 3년 단위 단계적으로 광교산 휴식년제를 실시 중이다.* 면적 847ha, 해발 582m(시루봉)","=GOOGLETRANSLATE(A770, ""ko"", ""ja"")"
031-228-4575,"=GOOGLETRANSLATE(A771, ""ko"", ""ja"")"
우음도,"=GOOGLETRANSLATE(A772, ""ko"", ""ja"")"
화성 우음도,"=GOOGLETRANSLATE(A773, ""ko"", ""ja"")"
경기도 화성시 송산면 고정리,"=GOOGLETRANSLATE(A774, ""ko"", ""ja"")"
"섬의 생김새가 소(牛)를 닮아서, 혹은 육지에서 소 울음소리가 들린다고 하여 이름지어진 우음도는 시화호 간척지 개발로 섬이 아닌 육지가 되었다. 그걸 증명하는 것이 우음도 근처에서 발견된 공룡알 화석이다. 이곳에 발견된 공룡은 약 1억년 전 중생대 백악기 시대의 집단 서식지로 추정되고 있다. 12곳에서 공룡알 둥지 화석 30여 점, 200여 개의 알 화석이 발견되었다. 이토록 희귀한 가치를 지닌 공룡알 화석지는 우음도를 즐겨 찾아 사진을 촬영하려고 온 사람에 의해 유명해진 인기 관광지이다.","=GOOGLETRANSLATE(A775, ""ko"", ""ja"")"
서운산,"=GOOGLETRANSLATE(A776, ""ko"", ""ja"")"
안성 서운산,"=GOOGLETRANSLATE(A777, ""ko"", ""ja"")"
경기도 안성시 금광면 상중리,"=GOOGLETRANSLATE(A778, ""ko"", ""ja"")"
"경기도와 충청남도의 경계 지역에 위치한 서운산은 경기도 안성시에서 남쪽으로 약 12㎞ 정도 떨어진 곳에 있다. 해발 547m로 아담하고 바위도 거의 없는 유순한 산세에 푹 안겨 가족들끼리 가볍게 산행하기에 좋다. 더불어 청룡사와 석남사 등 문화 유적지가 많아 쉬엄쉬엄 역사 공부하기에도 좋고 산 주변엔 호수들까지 있어 운치 있는 산행을 즐길 수 있다. 청룡사 쪽에서 오른다면 절 왼쪽 등산로를 따라 20여 분 오르면 개인 농장을 지나 왼쪽에 나옹선사가 기도했다는 토굴암이 있다. 울창한 숲길을 헤치고 40분쯤 오르면 차령산맥 산등성이가 한꺼번에 내려다보이는 좌성사가 나온다. 좌성사는 백 년 정도의 역사를 지닌 비교적 근래에 기도 사찰이다. 좌성사 위쪽 요사채를 지나 오솔길을 오르면 새로 지은 듯한 서운정이 나온다. 다시 오솔길을 올라 토성 앞 갈림길에서 왼쪽으로 급경사를 오르면 가슴을 씻어낸다는 탕흉대가 나온다. 탕흉대는 서운산 최고의 전망대로 손꼽힌다. 이곳은 안성, 평택, 성환, 천안까지 시야에 잡힌다. 올라온 길을 돌아 나와 토성을 따라 산길을 산책하듯 걷는 기분은 오묘한 즐거움을 선사한다. 정상에서 땀을 식힌 뒤 은적음을 보고 울창한 숲길을 따라 내려오면 청룡사에서 오르던 길과 다시 만난다. 이곳저곳 산세를 음미하며 둘러봐도 2시간이면 넉넉한 거리다. 정상에서 청룡사 쪽 길을 접고 동북쪽 기슭으로 내려가면 석남사 마애여래좌상 앞쪽으로 내려갈 수 있다.","=GOOGLETRANSLATE(A779, ""ko"", ""ja"")"
노성산,"=GOOGLETRANSLATE(A780, ""ko"", ""ja"")"
경기도 이천시 설성면 진상미로665번길 241,"=GOOGLETRANSLATE(A781, ""ko"", ""ja"")"
"이 산은 경기도 이천시 설성면과 안성시 일죽면의 경계를 이루는 해발 310m의 나즈막한 야산이다. 중부고속도로 일죽IC를 빠져나와 장호원으로 가다보면 좌측으로 야트막하게 보이는 야산이 바로 노성산이다. 도무지 멋진 바위나 암릉은 하나도 없을 것으로 단정지을 수 있는 그런 동네 뒷산인데, 굴바위, 병풍바위, 말머리바위, 외톨바위 등 갖가지 기암괴석이 즐비하고 산 아래 시민공원도 조성되어 있다. 산행의 기점은 북쪽 이천시 설성면 금당리에 있는 시민공원 주차장이 되며 산을 돌아서 다시 내려오는데 휴식시간 포함 2시간이면 족하다. 이 산의 이름이 노송산, 노승산, 노성산 등 3가지로 불리고 있으나 행정적으로 공식적인 명칭은 노성산이다. 현지에 설치된 정상 표지석과 안내판을 참고하여 310m로 표기하였다. 첫 번째 이름에서 알 수 있듯이 이산은 소나무가 유난히 많다. 시민공원이 산행기점이 되고 등산로는 나무와 철도목을 이용하여 정비가 잘 되어 있으며 곳곳에 기암괴석이 즐비할 뿐 아니라, 병풍바위와 병목안 바위 틈 사이로는 석간수가 흘러내려 식수까지 제공해준다. 정상에서의 전망은 사방이 막힘없고 정상 바로 아래 전망바위에 올라서면 원경사와 금당저수지 쪽 전망이 더없이 아름답다. 가히 이천의 작은 소금강이라 불리울만 하며, 가족동반 휴양산행지로 적합하다.","=GOOGLETRANSLATE(A782, ""ko"", ""ja"")"
031-645-3082,"=GOOGLETRANSLATE(A783, ""ko"", ""ja"")"
명달리계곡,"=GOOGLETRANSLATE(A784, ""ko"", ""ja"")"
양평 명달리계곡,"=GOOGLETRANSLATE(A785, ""ko"", ""ja"")"
경기도 양평군 서종면 약수터길 23-5,"=GOOGLETRANSLATE(A786, ""ko"", ""ja"")"
명달리는 경기도 양평군 서종면에 자리 잡은 두메산골마을의 지명이다. 이 마을은 경기도의 오지로 꼽힐 정도로 개발의 발길이 닿지 않은 곳이다. 현재도 손가락으로 꼽을 수 있을 만큼의 사람들만 이곳을 지키고 있다. 삼태봉 기슭의 명달리 계곡이 때 묻지 않은 태고의 자연생태를 그대로 간직하고 있는 이유다. 사람들의 발길이 많지 않았던 이유로 이 계곡에는 각양각색의 야생화가 아직도 풍부하게 남아있다.,"=GOOGLETRANSLATE(A787, ""ko"", ""ja"")"
031-770-3164,"=GOOGLETRANSLATE(A788, ""ko"", ""ja"")"
삼성산,"=GOOGLETRANSLATE(A789, ""ko"", ""ja"")"
안양 삼성산,"=GOOGLETRANSLATE(A790, ""ko"", ""ja"")"
경기 안양시 만안구 석수동,"=GOOGLETRANSLATE(A791, ""ko"", ""ja"")"
"''삼성산''은 서울특별시의 관악구 신림동과 경기도 안양시 석수동에 걸쳐 위치한 산이다. 금천현의 진산(각 고을을 진호(鎭護) 하는 주산(主山))이며, 관악산은 지금의 과천시 관문동 소재 온온사가 있는 지점에서 서쪽으로 5리 지점에 있는 과천현의 진산이어서 두 산이 별개의 산임을 밝히고 있다. 삼성산의 유래 또한 설이 구구하다. 보통 원효, 의상, 윤필의 세 고승이 신라 문무왕 17년(677)에 조그마한 암자를 짓고 수도에 전진하던 곳이 삼막사의 기원이며, 아울러 삼성산의 산명도 이 세 고승을 정화시켜「삼성산(三聖山)」 이라 칭했다는 설이 일반에 널리 알려져 있으나, 불교계 일각에서는 불가에서 말하는 극락세계의 교주(敎主)인 아미타불과 그 왼쪽에 있는 관세음 보살 및 오른쪽에 있는 대세지 보살을 삼성(三聖)이라 부르는데 여기서 산명이 유래되었다는 것이다. 산중에는 삼막사를 비롯하여 염불암, 망원암, 안양사, 성주암(서울) 등의 사찰이 있으며, 임진왜란 때 (1592)병조판서를 다섯 번이나 역임하고 후에 우의정을 지낸 백사 이항복(1556∼1618)이 생전에 이 산에 올라 읊은 「차유삼성산운(次游三聖山韻)」이란 장시와, 일제강점기에 고백록(高百祿)의 시조가 전해진다, 또 일찍이 (900) 왕건이 금주, 과주 등의 고을을 정벌하기 위하여 이곳을 지나가다 능정이란 스님을 만나 안양사를 지어 오늘날의 안양시명이 탄생되는 유서 깊은 곳이기도 하다.","=GOOGLETRANSLATE(A792, ""ko"", ""ja"")"
031-8045-3511,"=GOOGLETRANSLATE(A793, ""ko"", ""ja"")"
청평호반,"=GOOGLETRANSLATE(A794, ""ko"", ""ja"")"
경기도 가평군 설악면 유명로 1906-15,"=GOOGLETRANSLATE(A795, ""ko"", ""ja"")"
"청평호는 북한강을 막아 만든 청평댐이 건설되면서 만들어진 인공 호수이다. 주위의 산과 호수의 맑은 물이 빚어내는 경치가 매우 아름다울 뿐 아니라, 서울에서 불과 50km 떨어진 곳이므로 당일코스 관광지로 발전하기 시작했다. 청평 호반은 청평호 주변을 일컫는 말로 청평호의 아름다움과 그 주변의 산세가 아름답기에 붙여진 이름으로 가평 8경 중 하나이다. 호수 근처에는 여러 형태의 숙박업소와 레저 시설들이 즐비해서 사계절의 다른 모습을 모두 즐기기 편하다. 청평 호수길은 울업산의 바위 절벽에 철근 기둥을 설치하여 여행객들이 바위산과 청평 호반의 풍경을 감상하며 걸을 수 있게 조성된 데크길이다. 쏟아질 듯한 바위들과 탁 트인 북한강 풍경 속 청평 호반의 모습에 아름다움과 함께 짜릿함을 느낄 수 있다. 잘 알려지지 않은 숨은 명소로 햇빛이 밝은 날 방문하면 더욱 아름다운 풍경을 자랑하며 신선봉 순환 둘레길의 일부로 트래킹 코스로도 좋다.","=GOOGLETRANSLATE(A796, ""ko"", ""ja"")"
유명산,"=GOOGLETRANSLATE(A797, ""ko"", ""ja"")"
경기도 가평군 설악면 유명산길 79-53,"=GOOGLETRANSLATE(A798, ""ko"", ""ja"")"
"설악면 가일리에 위치한 해발 864m의 산으로 기암괴석의 계곡에 끊임없이 흐르는 물로 등산객의 애호를 받고 있다. 능선이 완만하고 부드러운 산으로 가족과 함께 산행하기도 좋은 곳으로 숲이 울창하고, 이곳의 계곡은 박쥐소, 용소, 마당소 등 유리알 같은 맑은 소와 이어져 장관을 이룬다. 산 정상에서 북쪽의 북한강, 청평호 및 남쪽의 남한강이 보이고, 주변의 용문산과 화악산, 명지산 등의 산이 보인다. 주변에 산림청에서 직영하는 유명산 자연휴양림은 통나무집, 야영장, 산책로 등이 갖추어져 있으며 사계절 등산 코스로 적당하다. 주변에는 문화마을이 조성되어 있다. 등산 코스는 제1코스, 제2코스이며 1코스는 2.0km(1시간 30분)이지만 가파른 능선을 올라야 하고 2코스는 계곡로 12.7km(1시간 10분)와 나머지 1.6km(50분)로 계곡을 따라 산행하며 산림욕을 즐길 수 있다. 유명산은 경관이 좋아 드라이브 코스로도 알려져 있는데 자동차나, 오토바이 마니아들은 한 번쯤 가는 코스로 경사진 곳이 많고 급커브 길이 많아 운전을 좋아하는 사람들 입장에서는 투어링으로 굉장히 각광받는 곳이기 때문에 교통사고가 많은 산길로 알려져 있어 주의가 필요하다.","=GOOGLETRANSLATE(A799, ""ko"", ""ja"")"
031-580-2486 산림휴양팀,"=GOOGLETRANSLATE(A800, ""ko"", ""ja"")"
명지산군립공원,"=GOOGLETRANSLATE(A801, ""ko"", ""ja"")"
경기도 가평군 북면 백둔로650번길,"=GOOGLETRANSLATE(A802, ""ko"", ""ja"")"
"명지산 군립 공원은 경기도 가평군 북면과 조종면에 걸쳐 있는 명지산에 지정된 군립 공원이다. 이곳은 입구에 생태탐방학습원이 있어서 약재와 희귀식물, 야생화 등에 대해 학습이 가능하고, 반딧불이 동굴과 곤충체험, 식물과 어류 등이 전시되어 있으며 다양한 생태체험이 가능하다. 등산 코스로는 백둔리 종점에서 명지산 2봉을 거쳐 정상에 이른 후 승천사를 거쳐 익근리로 하산하는 루트가 있으며 약 6시간이 소요된다. 두 번째 등산로는 백둔리 버스 종점에서 출발하여 아재비 고개와 명지 3봉을 거쳐 정상에 이르는 코스로 약 6.5㎞ 정도이며 4시간 20분가량 소요되는 코스가 있다. 명지산 군립 공원은 2019년 10월 공원 내부에 하늘구름다리 설치사업을 진행하여 제 1, 2 하늘구름다리를 완공하였다. 구름다리를 건너면 등산과는 다른 짜랏함을 느낄 수 있을 것이다. 봄에는 진달래가 여기저기서 많이 피어나고 28km에 달하는 명지계곡은 여름철이면 수도권 여행자들의 피서지 구실을 톡톡히 해준다. 가을 단풍은 익근리계곡, 승천사, 명지폭포 구간이 멋지다. 활엽수가 많이 자라고 있어서이다. 명지산 서쪽의 상판리에서 정상에 올라 동쪽인 익근리로 내려오는 코스는 초보자들도 찾기에 무리 없는 등산 코스이다.","=GOOGLETRANSLATE(A803, ""ko"", ""ja"")"
031-582-0103,"=GOOGLETRANSLATE(A804, ""ko"", ""ja"")"
중미산자연휴양림,"=GOOGLETRANSLATE(A805, ""ko"", ""ja"")"
양평 중미산자연휴양림,"=GOOGLETRANSLATE(A806, ""ko"", ""ja"")"
"중미산자연휴양림은 양평군 옥천면에 위치하고 있으며, 드라이브 코스인 농다치 고갯길까지 올라가면 울창한 숲과 남한강이 조화롭게 배치되어 시야가 탁 트이는 느낌을 준다. 산 정상에 오르면 용문산의 전경과 서울, 남한강, 북한강의 아름다운 전경을 한눈에 굽어볼 수 있다. 중미산은 아름다움이 금강산 다음으로 아름답다고 해서 버금중, 아름다울 미를 붙여 부르게 되었다고 한다. 중미산자연휴양림에는 특색있는 트리하우스, 연립동, 숲속의집과 야영데크가 조화롭게 분산 배치되어 있으며, 휴양림 중심부엔 숲 산책로를 설치해 직접 산림을 체험할 수 있다. 특히 숲해설가들로부터 오감을 자극할 수 있는 유익한 숲 해설을 들을 수 있을 뿐만 아니라 숲 체험 프로그램, 오리엔티어링 프로그램도 운영해 더욱 특별한 경험을 할 수 있다. 서울 근교에 위치해 접근성이 뛰어나고, 주변에 가볼만한곳으로는 청평호반, 유명산자연휴양림, 용문산국민관광단지가 있다.","=GOOGLETRANSLATE(A807, ""ko"", ""ja"")"
031-771-7166,"=GOOGLETRANSLATE(A808, ""ko"", ""ja"")"
발랑저수지,"=GOOGLETRANSLATE(A809, ""ko"", ""ja"")"
경기도 파주시 광탄면 발랑리,"=GOOGLETRANSLATE(A810, ""ko"", ""ja"")"
"장흥유원지 인근, 광탄면 일원에 있는 발랑저수지는 면적 165,289㎡, 수심 4~5m의 농업용 저수지로, 지금은 저수지 낚시터로 널리 알려진 명소이다. 비암저수지라고도 불리는 발랑저수지는 특히 안개가 아스라이 피어오르는 새벽의 풍경이 아름다우며, 이곳은 한국농어촌공사가 관리하고 있다. 해발고도 100m의 야산 계곡을 막아 조성되어 주변 경관이 수려하고 물이 맑아 붕어와 잉어, 향어 등 어종이 풍부해 낚시를 즐기기 좋으며, 발랑낚시터에서 입어료 및 좌대 이용료를 지불하고 루어낚시를 즐길 수 있다. 인근에 장흥관광지, 가나아트파크, 두리랜드, 세계문화유산 파주삼릉, 하니랜드, 헤이리예술마을, 파주출판도시, 임진각(평화누리공원), 퍼스트가든 등이 있다.","=GOOGLETRANSLATE(A811, ""ko"", ""ja"")"
031-941-8675,"=GOOGLETRANSLATE(A812, ""ko"", ""ja"")"
축령산,"=GOOGLETRANSLATE(A813, ""ko"", ""ja"")"
남양주 축령산,"=GOOGLETRANSLATE(A814, ""ko"", ""ja"")"
경기 남양주시 수동면 축령산로 299,"=GOOGLETRANSLATE(A815, ""ko"", ""ja"")"
"축령산은 광주산맥이 가평군에 이르러 명지산과 운악산이 솟구치며 내려오다가 한강을 바짝 앞에 두고 형성된 암산으로 해발 887.1m의 숲이 울창하고 계곡이 아름다운 산이다. 조용한 숲속에서 가족과 함께 하룻밤의 좋은 정감을 느낄 기회를 가질 수 있으며, 봄에는 서리산 정상의 철쭉꽃, 여름에는 바위와 숲이 조화된 시원한 계곡, 가을의 아름다운 단풍, 겨울의 설경 등 뚜렷한 계절감각을 느낄 수 있다. 축령산의 울창한 수림과 계곡을 이용하여 자연휴양림을 조성했다. 삼림욕장, 휴게소, 체육시설, 놀이시설, 야영장 등 편의시설이 두루 갖추어진 곳이다. 산행은 자연휴양림을 통해서만 할 수 있다. 자연휴양림 관리사무소를 지나 휴양림을 벗어난 갈림길에서 왼쪽으로 능선에 올라 수리바위를 지나 30여 분 더 올라가면 남이바위가 나오고 남이바위에서 칼날 같은 바위능선을 타면 정상이다. * 축령산의 전설 * 조선왕국을 개국한 태조 이성계가 고려말에 사냥을 왔다가 한마리도 잡지 못하고 그냥 돌아오는데 몰이꾼의 말이 이 산은 신령스러운 산이라 산신제를 지내야 한다고 하여 산정상에 올라 산신에게 제를 지낸 후 사냥을 하여 멧돼지를 잡았다는 전설이 있으며, 이때부터 고사를 올린 산이라 하여 축령산이라 불리게 되었다고 한다.","=GOOGLETRANSLATE(A816, ""ko"", ""ja"")"
031-592-0681,"=GOOGLETRANSLATE(A817, ""ko"", ""ja"")"
비금계곡,"=GOOGLETRANSLATE(A818, ""ko"", ""ja"")"
남양주 비금계곡,"=GOOGLETRANSLATE(A819, ""ko"", ""ja"")"
경기 남양주시 수동면 비룡로 1222,"=GOOGLETRANSLATE(A820, ""ko"", ""ja"")"
"비금계곡은 남양주시 수동면의 수동국민관광지 안에 자리 잡고 있는 계곡이다. 사방에 서리산, 주금산, 천마산 등이 병풍처럼 둘러싸고 있는 이 계곡은 울창한 숲 그늘이 드리워지고 맑은 물이 흘러 여름 피서지로 인기를 더해 가고 있다. 내방리에서 약 1.5km에 걸쳐 있는데, 아름다운 계곡과 함께 높이 540m의 시루봉 등산을 가볍게 즐길 수 있어 더욱 좋은 곳이다. 수동면은 물골안이라는 별명이 붙을 만큼 물이 맑고 수량이 풍부하여 주변에 물골안유원지·수동계곡·검단이계곡 등 경치 좋은 계곡들이 줄지어 있는데, 검단이계곡 입구에서 비금계곡에 이르는 지역과 비금교 부근에 있는 너래바위 일대가 가장 경관이 좋은 것으로 알려졌다.","=GOOGLETRANSLATE(A821, ""ko"", ""ja"")"
031-592-0088,"=GOOGLETRANSLATE(A822, ""ko"", ""ja"")"
운길산,"=GOOGLETRANSLATE(A823, ""ko"", ""ja"")"
남양주 운길산,"=GOOGLETRANSLATE(A824, ""ko"", ""ja"")"
"* 가벼운 주말 산행을 원한다면, 운길산 * 운길산(610m)은 서울에서 동쪽으로 40km, 북한강과 남한강이 합류되는 양수리에서 서북쪽으로 4km 거리에 솟아 있는 산이다. 1890년(고종 27)에 지은 《수종사중수기》에는 운길로 나오고, 그보다 오래된 《동국여지승람》에는 조곡산이라고 적혀 있다. 산 중턱에 있는 수종사에는 지방문화재인 팔각 5층석탑과 500년이 넘는 수령을 자랑하는 은행나무가 있다. 무엇보다도 남한강과 북한강을 한 눈에 내려다 보이는 경관이 뛰어나 해동 제일의 사찰이라 옛사람들은 전했다. 서거정, 초의선사, 정약용, 송인, 이이 등이 머물던 곳으로 시 몇 수가 전해진다. 물 맛이 좋아 차와도 인연이 깊은 곳이다. * 운길산 산행의 묘미 * 산 아래까지 시내버스가 연결돼 교통이 편리하고, 등산로가 순탄하여 가족산행이나 가벼운 주말산행에 적합한 곳이다. 운길산 산행의 묘미는 서북 능선을 타면서부터 맛보게 된다. 수종사에서 나와 북서 능선을 타고 쉬엄쉬엄 걸어 20분 정도 오르면 정상이다. 정상에서 하산 길은 3가지로 올라온 길따라 되돌아 내려 가거나 수종사 지나 왼쪽으로 빠져 송촌리로 내려간다. 또는 정상에서 서북쪽으로 길게 뻗은 능선을 타면 463m고지-새재고개-고대농장을 거쳐 덕소로 빠지는 종주코스를 밟게 된다.","=GOOGLETRANSLATE(A825, ""ko"", ""ja"")"
031-590-2344,"=GOOGLETRANSLATE(A826, ""ko"", ""ja"")"
소래산,"=GOOGLETRANSLATE(A827, ""ko"", ""ja"")"
시흥 소래산,"=GOOGLETRANSLATE(A828, ""ko"", ""ja"")"
경기도 시흥시 신천동,"=GOOGLETRANSLATE(A829, ""ko"", ""ja"")"
"''소래''란 지명은 첫째 지형이 소라처럼 생겼다는 설과 둘째 냇가에 숲이 많다 즉, 솔내(松川)에서 유래되었다는 설, 셋째 지형이 좁다 즉 솔다 → 좁다 등의 이유로 비롯되었다고 한다. 전해 내려오는 이야기로는 신라 무열왕 7년(660)에 당나라 소정방이 나당연합군의 일원으로 군사를 친히 이끌고 백제를 공략하기 위하여 중국 산동성의 래주(萊州)를 출발하여 덕적도를 거쳐 이 산에 머물렀다고 한다. 그 뒤부터 소정방의 ''소(蘇)'' 자와 래주의 ''래(萊)'' 자를 합쳐 ''소래산''으로 불리우기 시작했다고 한다. 휴일이면 인근의 인천, 부천 시민까지도 찾아와 즐길 정도로 자연경관이 빼어난 소래산은 바쁜 일상 속에서도 약간의 짬만 낸다면 쌓인 피로와 긴장을 기분좋게 풀어줄 휴식처로 시민들로부터 많은 사랑을 받고 있는 곳이기도 하다.날씨가 맑은 날에는 육안으로도 서울 시가지와 서해바다가 선명하게 내려다보이는 소래산 삼림욕장은 1992년에 시흥시가 시민의 보건향상과 정서생활 함양을 위해 1억 5천만원의 사업비를 투자하여 조성하였다. 내원사 입구에서 정상까지의 5km에 달하는 기존 산책로는 각종 체육시설, 독서하는 숲, 원목 로프를 이용한 힘기르는 숲으로 정비되어 있다. 또한 소암천 약수터와 청룡 약수터 등은 양질의 물을 제공해 줌으로써 소래산 산림욕장을 찾은 모든 이들의 갈증을 해갈시켜 준다.산기슭에는 조선 세종 때 영의정을 지낸 하연의 묘소가 있고 동쪽 산중턱에는 고려 초기의 것으로 알려진 우리나라 최대의 마애보살입상이 병풍바위에 선각되어 있어 자녀들에게는 훌륭한 자연학습장이자 역사의 산실이 되기도 한다. 잣나무와 소나무 등으로 녹음이 우거진 숲을 1시간 30분 가량 걷다 보면 나무로부터 발산된 피톤치드라는 방향성 물질에 의해 심신의 안정을 찾을 수 있어 자연건강요법을 이용한 휴양지로 이만한 곳도 없다. 또한, 주말이면 가끔씩 소래산 창공을 수놓는 행글라이더의 시연은 매니아에겐 새로운 세계를 일반인들에겐 다양한 볼거리를 제공하기도 한다.","=GOOGLETRANSLATE(A830, ""ko"", ""ja"")"
시흥시 공원관리과 031-310-2342,"=GOOGLETRANSLATE(A831, ""ko"", ""ja"")"
칼봉산자연휴양림,"=GOOGLETRANSLATE(A832, ""ko"", ""ja"")"
경기도 가평군 가평읍 경반안로 454,"=GOOGLETRANSLATE(A833, ""ko"", ""ja"")"
"경기도 가평읍 경반안로에 위치한 칼봉산자연휴양림은 다른 휴양림에 비해 규모가 작은 편이지만 울창한 숲과 계곡이 어우러져 있고, 굳이 숙박시설을 이용하지 않아도 누구나 산책로 및 숲길을 이용할 수 있도록 잘 조성되어 있다. 칼봉산자연휴양림은 계곡 물놀이나 캠핑보다는 산책이나 숙박이 주를 이루고 있다. 칼봉산 곳곳 숲속에 자리한 별장 같은 숙소인 숲속의집(금강초롱 1동, 목련 6동, 백합 2동, 영산홍 1동)이나 황토방(백림 3동, 금낭화 3동)이 있고 단체로 숙박하기 좋은 산림휴양관(개나리, 능금, 석류, 동백 등의 숙박시설과 더불어 회의실)이 운영되고 있다. 이곳은 숲속에서 자연을 느끼며 휴식을 취할 수 있고 이용요금도 저렴한 편이라 많은 사람들이 휴양지로 사용하고 있다. 각 숙소마다 바비큐장이 마련되어 있어 음식을 준비해 간다면 오붓한 식사를 즐길 수 있다. 칼봉산자연휴양림에는 잣나무와 굴참나무숲 사이로 금계국 꽃과 멋있는 경반계곡을 볼 수 있는 경반숲길이 금강초롱 숙소 앞에서 시작되고 있다. 또한 휴양림 내 잣나무가 솟아있는 곳에 전망대처럼 데크로드가 설치되어 있어, 앞으로는 계곡물이 흐르고 뒤로는 숲이 우거진 길을 걸을 수 있다.","=GOOGLETRANSLATE(A834, ""ko"", ""ja"")"
"031-8078-8602, 031-582-9401, 070-4060-0831","=GOOGLETRANSLATE(A835, ""ko"", ""ja"")"
부천식물원,"=GOOGLETRANSLATE(A836, ""ko"", ""ja"")"
부천 부천식물원,"=GOOGLETRANSLATE(A837, ""ko"", ""ja"")"
경기도 부천시 길주로 660,"=GOOGLETRANSLATE(A838, ""ko"", ""ja"")"
"부천식물원은 부천자연생태공원 안에 있으며 지하 2층, 지상 2층 규모로 온갖 희귀한 식물들을 볼 수 있는 식물들의 낙원이다. 부천 식물원은 부천시의 상징인 복사꽃 모양을 형상화하여 유리온실로 건축하였으며 재미있는식물관, 수생식물관, 아열대식물관, 다육식물관, 자생식물관 등 5개 테마관과 2개 식물체험관으로 구성되어 있다. 주위의 숲과 어우러져 시민들에게 살아 숨 쉬는 자연학습의 장으로 다양한 문화 휴식 공간을 제공하고 있다. 자연생태공원에는 부천식물원뿐만 아니라 자연생태박물관, 농경유물전시관, 부천무릉도원수목원, 튼튼유아체험원이 있어 같이 둘러보며 연령에 맞는 체험을 경험해 보는 것도 좋다. 수도권 지하철 7호선 까치울역에서 가까워 접근이 편리하다.","=GOOGLETRANSLATE(A839, ""ko"", ""ja"")"
032-320-3000,"=GOOGLETRANSLATE(A840, ""ko"", ""ja"")"
신구대학교식물원,"=GOOGLETRANSLATE(A841, ""ko"", ""ja"")"
성남 신구대학교식물원,"=GOOGLETRANSLATE(A842, ""ko"", ""ja"")"
경기도 성남시 수정구 적푸리로 9,"=GOOGLETRANSLATE(A843, ""ko"", ""ja"")"
"성남시 수정구 적푸리로에 위치한 신구대학교식물원은 식물자원을 개발하고 연구할 목적으로 2003년 5월 개원하여, 국내외 식물을 체계적으로 수집, 보존, 전시하고 있다. 식물연구 외에도 관련학과 실습교육장 역할은 물론 가드닝 관련교육과 일반 시민과 함께 자연을 관찰하고 직접 체험할 수 있는 다양한 교육프로그램을 진행하고 있다. 입구에 위치한 가든카페에서는 아름다운 숲 전시관의 중앙광장이 바로 보이며, 화사한 꽃들과 어우러져 여유로운 분위기를 연출한다. 국내외 식물을 체계적으로 수집, 보존, 전시하여 식물자원을 발굴하고 연구하는 곳으로 국가(산림청)가 인정한 수목원 전문가(가드너)를 양성하고 있다. 또한 식물 관련 직업교육, 청소년 및 일반 시민을 위한 환경교육을 진행함으로써 자연을 관찰하고 직접 체험할 수 있는 장을 제공하여 식물문화발전에 기여하고 있다.","=GOOGLETRANSLATE(A844, ""ko"", ""ja"")"
"031-724-1600, 1602","=GOOGLETRANSLATE(A845, ""ko"", ""ja"")"
왕방산,"=GOOGLETRANSLATE(A846, ""ko"", ""ja"")"
동두천 왕방산,"=GOOGLETRANSLATE(A847, ""ko"", ""ja"")"
경기도 포천시 신북면 심곡리,"=GOOGLETRANSLATE(A848, ""ko"", ""ja"")"
"포천시의 진산으로 불려온 왕방산(737m)은 포천읍 서쪽에 우뚝 솟아있는 산이다. 신라 헌강왕 3년(872)경 도산국사가 이 곳에 머무르고 있을 때 국왕이 친히 행차, 격려하였다해서 왕방산이라 불리어졌고, 도선국사가 기거했던 절을 왕방사라 했다는 말이 전해지고 있다. 그 절터에 지금의 왕산사가 복원되었다. 왕방산은 광주산맥 서쪽의 지맥인 천보산맥의 북단에 자리잡고 있는 산이다. 왕방산의 맑은 물이 모여 호병골계곡을 만들었다. 산행코스로는 물어고개(무럭고개)에서 왕산사 갈림길을 지나 왕방산 정상에 오른 후 다시 왕산사 갈림길로 돌아와 물어고개 원점으로 회귀하는 11.36km 코스로 4시간 20분 정도가 소요된다. 왕방산 정상에 오르면 서북쪽으로 동두천시와 소요산이 보이고, 동쪽 아래로는 포천동과 선단동을 비롯하여 그 뒤로 국망봉과 운악산이 병풍을 친듯이 보인다. 또 다른 산행코스는 오지재고개에서 동쪽방향으로 돌탑봉우리를 지나면 정상에 도달할 수 있으며, 정상에서 서북방향으로 내려와 수위봉고개에 이르게 된다. 총 산행시간은 4~5시간이 소요된다. 주변에 소요산·신북온천·심곡계곡 등의 관광지가 있다. 제1코스:호병골 &gt; 왕산사(보덕사) &gt; 임도 &gt; 정상 제2코스:천주교 &gt; 게이트볼장 &gt; 체육시설 &gt; 돌탑 &gt; 갈림길(좌측) &gt; 주능선 &gt; 정상 제3코스:물어고개 &gt; 서남릉 &gt; 갈림길(직진) &gt; 주능선 &gt; 정상 제4코스:심곡저수지 &gt; 주차장 &gt; 계곡(오솔길) &gt; 갈림길(왕방산, 국사봉) &gt; 정면 좌측 능선(남능) &gt; 정상 제5코스:오지재고개 &gt;주능선(북등) &gt; 정상","=GOOGLETRANSLATE(A849, ""ko"", ""ja"")"
용인자연휴양림,"=GOOGLETRANSLATE(A850, ""ko"", ""ja"")"
평택 용인자연휴양림,"=GOOGLETRANSLATE(A851, ""ko"", ""ja"")"
경기도 용인시 처인구 모현읍 초부로 220,"=GOOGLETRANSLATE(A852, ""ko"", ""ja"")"
"용인자연휴양림은 해발 562ｍ의 정광산 남쪽 자락에 자리 잡고 있다. 수려한 자연경관에 숙박시설과 산책로, 어린이놀이터 등을 갖춘 체류형 휴식처다. 숲속체험관 내의 8개의 객실, 숲속의집 14동, 목조체험주택 3동, 카라반 4동 등 다양한 규모의 숙박시설이 조성되어 있다. 숙박시설 입실 기준인원이 4명~13명으로 가족 단위 휴양객뿐 만 아니라 각종 단체의 모임도 가능하다. 휴양림 내에는 피크닉, 휴식 등 이용객의 자유로운 활동 가능한 넓은 잔디광장, 다양한 스포츠활동 가능한 다목적운동장, 어린아이들의 모험심을 자극할 수 있는 에코어드벤처, 짜릿한 공중 체험을 느낄 수 있는 짚라인 등의 시설이 있다. 또한, 숲 속을 걸으며 사색과 여유를 즐길 수 있는 등산로 및 산책로도 조성되어 있다. 에코어드벤처는 어린이들의 모험심과 호기심을 유발하는 친환경 목재 놀이시설을 자연 지형을 그대로 살려 숲 속에 조성했다. 짚라인, 그물놀이대, 흔들놀이 등 유아부터 청소년까지 다양한 연령층을 고려한 놀이시설이 설치되어 있다. 또한, 숲 속에서 공연, 야외학습 등 다양한 학습활동을 위한 공연장 및 학습공간도 조성되어 있다. 산림 주변부와 인접한 논, 습지 등을 그대로 활용하여 다양한 생물종이 서식하고 각종 야생동물에게 먹이공급이 이루어질 수 있는 비오톱을 조성했다. 현장 벌채목 등을 활용하여 습지 주변에 목도를 설치함으로써 생물관찰 등이 가능한 체험 및 학습공간을 만들었다. 산림 내 각종 수자원을 보호하고 효율적으로 활용하기 위하여 휴양림 전체를 경유하는 수로(145m)도 있다.","=GOOGLETRANSLATE(A853, ""ko"", ""ja"")"
031-336-0040,"=GOOGLETRANSLATE(A854, ""ko"", ""ja"")"
소래산산림욕장,"=GOOGLETRANSLATE(A855, ""ko"", ""ja"")"
시흥 소래산산림욕장,"=GOOGLETRANSLATE(A856, ""ko"", ""ja"")"
경기 시흥시 소래산길 37,"=GOOGLETRANSLATE(A857, ""ko"", ""ja"")"
"소래산 삼림욕장은 1992년에 시흥시가 시민의 보건향상과 정서생활 함양을 위해 내원사 입구에서 정상까지의 5km에 달하는 기존 산책로는 각종 체육시설, 독서하는 숲, 원목 로프를 이용한 힘기르는 숲으로 정비되어 있다. 또한 소암천약수터와 청룡약수터 등은 양질의 물을 제공해 줌으로써 소래산 산림욕장을 찾은 모든 이들의 갈증을 해갈시켜 준다. 산기슭에는 조선 세종 때 영의정을 지낸 하연의 묘소가 있고 동쪽 산중턱에는 고려 초기의 것으로 알려진 우리나라 최대의 마애보살입상이 병풍바위에 선각되어 있어 자녀들에게는 훌륭한 자연학습장이자 역사의 산실이 되기도 한다. 잣나무와 소나무 등으로 녹음이 우거진 숲을 1시간 30분 가량 걷다 보면 나무로부터 발산된 피톤치드라는 방향성 물질에 의해 심신의 안정을 찾을 수 있어 자연건강요법을 이용한 휴양지로 이만한 곳도 없다. 또한, 주말이면 가끔씩 소래산 창공을 수놓는 행글라이더의 시연은 매니아에겐 새로운 세계를 일반인들에겐 다양한 볼거리를 제공하기도 한다.","=GOOGLETRANSLATE(A858, ""ko"", ""ja"")"
031-317-2000,"=GOOGLETRANSLATE(A859, ""ko"", ""ja"")"
천보산 자연휴양림,"=GOOGLETRANSLATE(A860, ""ko"", ""ja"")"
의왕 천보산 자연휴양림,"=GOOGLETRANSLATE(A861, ""ko"", ""ja"")"
경기도 포천시 원동교길 309,"=GOOGLETRANSLATE(A862, ""ko"", ""ja"")"
"천보산 자연휴양림은 포천시가 포천 시민들의 행복한 휴양을 위해 건립하였다. 2011년 11월 15일에 개장하여 처음 2개월 동안은 포천 시민들을 대상으로 추첨을 통해 무료로 시범 운영을 하였다. 이후 2012년 1월 1월에 정식으로 개장하여 일반인을 대상으로 운영하고 있다. 운영관리는 포천도시공사 휴양시설팀에서 하고 있다. 휴양림의 시설로는 숲속의 집과 산림문화휴양관이 있어 복합휴양관의 성격을 가지고 있다. 산림문화휴양관에는 4인실이 5개, 6인실이 8개 있으며, 숲속의 집에는 4인실이 7개, 8인실이 4개 있고, 황토방 4인실이 4개가 있다.","=GOOGLETRANSLATE(A863, ""ko"", ""ja"")"
031-544-6678,"=GOOGLETRANSLATE(A864, ""ko"", ""ja"")"
팔달산,"=GOOGLETRANSLATE(A865, ""ko"", ""ja"")"
수원 팔달산,"=GOOGLETRANSLATE(A866, ""ko"", ""ja"")"
경기도 수원시 팔달구 팔달산로 228,"=GOOGLETRANSLATE(A867, ""ko"", ""ja"")"
"팔달산(八達山)은 해발 128m의 아담한 산으로 광교산 남쪽에 위치한 탑모양의 산이라 해서 옛 이름은 남탑산이다. 현재의 이름은 태조 이성계와 관련이 있다. 남탑산 기슭에 은둔한 한림학사 이고에게 태조가 벼슬을 내렸으나 이고는 산의 아름다움을 말하며 사양했다고 한다. 궁금해진 태조가 화공을 시켜 남탑산의 풍광을 그려오게 해 보고는 “역시 아름답고 사통팔달한 산”이라고 해 팔달산이라 명명했다. 1948년 8월 15일 일제 순사 노구찌의 순국비를 부순 자리인 중포산에 대한민국독립기념비를 세웠으며, 1969년 3월 1일 삼일동지회는 삼일독립기념탑을 팔달산에 세우고 대한민국독립기념비를 탑 옆으로 옮겼다. 팔달산에 오르면 수원을 한눈에 조망할 수 있으며 팔달산공원, 화성성곽과 연계해 트래킹을 할 수 있다.","=GOOGLETRANSLATE(A868, ""ko"", ""ja"")"
구봉도,"=GOOGLETRANSLATE(A869, ""ko"", ""ja"")"
안산 구봉도,"=GOOGLETRANSLATE(A870, ""ko"", ""ja"")"
경기 안산시 단원구 대부북동 산 35-1,"=GOOGLETRANSLATE(A871, ""ko"", ""ja"")"
"구봉도는 안산시 단원구 대부북동에 있는 간척지로 연륙화된 섬으로 아름다운 봉우리가 아홉 개로 되어 있다고 해서 붙여진 이름이다. 대부도해솔길이라는 이름처럼 대부분 소나무 숲으로 이루어진 섬이다. 구봉도 해안선을 따라 서북쪽으로 약 1㎞를 걸어가면 두 개의 큰 바위가 있는데, 이를 일컬어 구봉이 선돌이라 부른다. 작은 바위는 할머니, 큰 바위는 할아버지 같다 하여 할매바위, 할아배바위라고도 부르며 작지만 이곳의 포토 포인트다. 구봉이 선돌을 지나 해안길을 따라 걷다보면 개미허리 아치교에 도착한다. 개미허리처럼 잘록한 구간에 지어진 아치교로, 이곳에서의 일몰 낙조 풍경은 대부해솔길 홍보사진에도 자주 등장할 정도로 유명하며, 안산9경중 3경이 구봉도 낙조로 선정되었을 만큼 구봉도는 서해의 대표적인 낙조명소이다","=GOOGLETRANSLATE(A872, ""ko"", ""ja"")"
삼성산산림욕장,"=GOOGLETRANSLATE(A873, ""ko"", ""ja"")"
안양 삼성산산림욕장,"=GOOGLETRANSLATE(A874, ""ko"", ""ja"")"
경기도 안양시 만안구 예술공원로131번길 49,"=GOOGLETRANSLATE(A875, ""ko"", ""ja"")"
"서울과 안양 도심에서 가까운 삼성산 산림욕장은 가볍게 즐기기 좋은 산림휴양지이다. 주로 산성산과 관악산 산행의 등산로로 이용된다. 산림욕장은 안양예술공원 입구부터 안양사와 제1·2전망대를 지나는 5km 구간으로, 안양사를 지나 삼성산 정상과 관악산까지 연결된 등산로의 일부이다. 울창한 숲길 사이로 운동기구와 쉼터 등의 편의시설이 조성되어 있고, 30여 분만 올라도 마치 정상에 오른 듯한 탁 트인 풍경을 만날 수 있다. 특히 초,중입까지는 완만하여 아이를 동반한 가족의 산책 및 트레킹 코스로도 손색이 없다. 초보자나 가족을 동반한 산행이라면 중간의 쉼터나 안양사 또는 1전망대까지 오르기를 추천하며, 등산을 제법 즐기면 2전망대를 거쳐 삼막사나 삼성산 정상까지도 도전해 볼 수 있다. 삼림욕장에서는 안양사를 들러볼 수 있는데 안양시 시명의 유래가 담긴 절로 규모가 제법 있고, 경기도 유형문화재로 지정된 안양사 귀부와 부도 등이 잘 보존되어 있다. 인근에 관악산, 청계산, 광교산, 평촌중앙공원 등이 있다. 철봉과 평행봉, 허리돌리기등의 체육시설과 안내표지판, 육각정자등 9종 44점의 편의시설이 설치돼 있다. 산림욕 코스는 안양유원지 주차장에서부터 안양사, 삼막사 분기점, 대형 풀장을 지나 원지 출렁다리로 이어지는 약 5km구간이다.","=GOOGLETRANSLATE(A876, ""ko"", ""ja"")"
031-389-2474,"=GOOGLETRANSLATE(A877, ""ko"", ""ja"")"
안양천,"=GOOGLETRANSLATE(A878, ""ko"", ""ja"")"
안양 안양천,"=GOOGLETRANSLATE(A879, ""ko"", ""ja"")"
경기도 안양시 만안구 석수로,"=GOOGLETRANSLATE(A880, ""ko"", ""ja"")"
"안양천은 다채로운 수생식물과 동물, 그리고 철새들이 드나드는 생태하천으로 하천변을 따라 자전거 도로와 산책로, 인공습지, 발지압장, 농구장, 쉼터 등이 조성된 도심 속 치유 공간이다. 길이 34.8km의 안양천은 삼성산에서 발원하는 하천과 백운산 학의천 및 군포시 산본천 등의 지류가 안양시 석수동에서 합류해 북쪽의 한강으로 흘러드는데 이 대부분의 구간이 벚꽃명소로 유명하다. 안양에서는 매년 봄, 충훈 2교 부근 충훈벚꽃길에 차없는 거리를 조성하고 ''안양충훈벚꽃축제''를 열어 다양한 즐길거리를 제공한다. 또 안양천은 수려한 경치와 함께 자전거 라이딩을 즐길 수 있는 곳이기도 하다. 특히 운행거리가 마치 하트모양 같아 붙여진 하트코스 중 일부로 유명해 자전거라이더들이 많이 찾는다. 그 외 안양천과 학의천이 만나는 곳에서는 안양천 쌍개울 문화광장을, 안양천 생태이야기관에서는 다양한 실내외 생태 체험학습 프로그램을 만나볼 수 있다. 인근에 평촌중앙공원, 서울대공원•서울랜드, 백운호수 등이 있다. *하트코스는 서울 한강 자전거길을 출발해 탄천~양재천~학의천~안양천을 돌아 다시 여의도 한강공원으로 돌아오는 총 길이 약 66km에 달하는 중급자 코스이다.","=GOOGLETRANSLATE(A881, ""ko"", ""ja"")"
031-8045-2187 생태하천과,"=GOOGLETRANSLATE(A882, ""ko"", ""ja"")"
불곡산,"=GOOGLETRANSLATE(A883, ""ko"", ""ja"")"
양주 불곡산,"=GOOGLETRANSLATE(A884, ""ko"", ""ja"")"
경기도 양주시 유양동,"=GOOGLETRANSLATE(A885, ""ko"", ""ja"")"
"불국산으로도 불리는 불곡산은 해발 470m로 그리 높지 않지만 ''대동여지도''에 양주의 진산으로 나와 있다. 양주시 유양동 및 산북동의 경계에 솟아있으며 서울 근교의 다른 산과 달리 주말에도 붐비지 않아서 좋다. 산의 규모는 작으나 기암들로 이어진 오밀조밀한 산세를 자랑한다. 인근의 도봉산에 밀려 빛을 못보고 있으나 교통이 편리한데다, 봄철이면 진달래가 만발하는 산이다. 특히 유양동에는 옛 양주군 관아지를 비롯해 문화 유적들도 산재, 자녀교육을 겸한 나들이 장소로 제격이다. 또한 산 중턱에는 신라 때 도선국사가 창건했다는 백화암이 있다. 백화암 밑에 있는 약수터는 가뭄에도 물이 줄지 않고 혹한에도 얼지 않는다고 전한다. 백화암에서 정상으로 가는 길은 험한 편이다. 정상의 암벽 지대는 겨울철 눈이 내리면 위험한 코스다. 정상에 오르면 사방이 탁 트여 양주시와 의정부시를 한 눈에 볼 수 있다. 유양리에는 양주목사가 4백여년간 행정을 펴던 동헌과 어사대비 (경기도 유형문화재), 양주향교(경기도 문화재자료), 양주별산대놀이(국가 무형문화재) 전수회관, 양주목사가 휴식을 취하던 금화정, 양주산성 (경기도 기념물) 등 문화재가 모여있다.","=GOOGLETRANSLATE(A886, ""ko"", ""ja"")"
031-8082-6220,"=GOOGLETRANSLATE(A887, ""ko"", ""ja"")"
궁평리 해수욕장,"=GOOGLETRANSLATE(A888, ""ko"", ""ja"")"
화성 궁평리 해수욕장,"=GOOGLETRANSLATE(A889, ""ko"", ""ja"")"
경기도 화성시 서신면 수문개길 81-36,"=GOOGLETRANSLATE(A890, ""ko"", ""ja"")"
"궁평리 해수욕장은 궁평항 앞에 있는 백사장 길이 2km, 폭 50m의 아담한 해변이다. 남양반도 끝에 위치하며 100년 이상 된 울창한 곰솔숲이 바로 앞에 자리하고 있다. 간조시에 약 2km 뻘바닥에서 갯벌 체험과 바다낚시 등 다양한 체험이 가능하고, 만조 때는 하루 2시간 이상 해수욕을 즐길 수 있다. 이 외에는 해변을 따라 궁평항과 해송군락지 양방향으로 조성된 산책로를 즐길 수 있다. 궁평리 해수욕장은 해변에 그늘막 텐트, 파라솔 설치를 할 수 있고 차박 역시 가능하다. 차박, 차크닉은 정해진 장소(개인사유지)에서 유료로 이용할 수 있고 취사도 가능하다.","=GOOGLETRANSLATE(A891, ""ko"", ""ja"")"
031-356-7339,"=GOOGLETRANSLATE(A892, ""ko"", ""ja"")"
바다향기수목원,"=GOOGLETRANSLATE(A893, ""ko"", ""ja"")"
안산 바다향기수목원,"=GOOGLETRANSLATE(A894, ""ko"", ""ja"")"
경기도 안산시 단원구 대부황금로 399,"=GOOGLETRANSLATE(A895, ""ko"", ""ja"")"
"경기도는 식물 유전자원을 보존하고, 서해안에 훌륭한 산림휴양 공간을 만들고자하는 열망으로 2007년에 도유림을 활용한 수목원 조성 기본계획을 세우며 사업을 시작하였다. 이후 각종 기반시설 및 주제원 조성 등 꾸준한 노력을 해왔고 2019년 5월에 정식 개원을 하게 되었다. 현재 바다향기수목원에는 우리나라 중부 도서 해안 식물을 중심으로 약 1,000여 종류 30여 만그루의 다양한 식물들이 자라고 있다. 면적은 총 30만평(101만㎡)이며, 수려한 서해안 경관을 전망할 수 있는 ‘상상전망대를 비롯한 바다너울원, 암석원, 장미원 등 특색있는 여러 주제원은 물론, 백합쉼터와 소공연장 등 다양한 휴양공간이 마련되어 있다. 경기도 바다향기수목원은 수목원 본래 목적인 식물 유전자원 보존을 위하여 끊임없이 노력할 것이며, 자연환경의 소중함을 체험하는 산림 휴양 공간으로서의 역할도 꾸준히 이어 나갈 것이다.","=GOOGLETRANSLATE(A896, ""ko"", ""ja"")"
031-8008-6795(경기도산림환경연구소),"=GOOGLETRANSLATE(A897, ""ko"", ""ja"")"
묘적사계곡,"=GOOGLETRANSLATE(A898, ""ko"", ""ja"")"
남양주 묘적사계곡,"=GOOGLETRANSLATE(A899, ""ko"", ""ja"")"
경기도 남양주시 와부읍 수레로661번길 17-2,"=GOOGLETRANSLATE(A900, ""ko"", ""ja"")"
"백봉산은 해발 589m로 산세가 아름답고 동쪽으로 한강을 끼고 있어 전망이 뛰어난 곳으로 백봉산의 남쪽 골짜기에 신라 문무왕 때 원효대사가 창건하였다 전해지는 묘적사가 있다. 그 아래 길게 이어진 계곡을 묘적사계곡이라 부른다. 묘적사계곡은 경기도 남양주시 와부읍 월문리에서 묘적사 사찰에 이르는 산길을 따라 이어진다. 묘적교를 지나면서 본격적으로 계곡이 시작된다. 구불구불한 산길을 따라 구간에 따라 길이 좁았다, 넓어졌다가 반복되고 곳곳에 시원한 물줄기가 흘러내리는 폭포도 형성되어 있어 찾는 이들이 많다. 2018년부터 시작된 하천 정원화 사업으로 묘적사 계곡도 변화하는 중이다. 묘적사 계곡은 수심이 깊지 않아 누구나 안전하게 물놀이를 즐길 수 있으며, 시원한 물줄기의 폭포 아래 수심이 성인 무릎 정도이다. 가족 단위의 물놀이를 즐기기에 좋다.","=GOOGLETRANSLATE(A901, ""ko"", ""ja"")"
031-590-2114,"=GOOGLETRANSLATE(A902, ""ko"", ""ja"")"
문안산,"=GOOGLETRANSLATE(A903, ""ko"", ""ja"")"
남양주 문안산,"=GOOGLETRANSLATE(A904, ""ko"", ""ja"")"
경기도 남양주시 화도읍 금남리,"=GOOGLETRANSLATE(A905, ""ko"", ""ja"")"
"* 가족 산행지로 적합한 산, 문안산 *문안산은 남양주시의 화도읍에 위치한 해발 533m의 산이다. 문안산이라는 이름의 유래에는 두 가지 설이 있는데, 하나는 문바위라고 불리는 문(門)처럼 생긴 바위가 있다고 하여 문안산이라고 불리는 설과 다른 하나는 산마루에서 서울 사대문 안쪽이 보인다고 하여 붙여졌다고 하는 설이다. 문안산은 산세가 험하지 않아 가볍게 등산을 할 수 있다. 제1금남교에서 출발하여 정상을 지나 조안면 삼봉리로 내려오는 코스가 있으며, 짧게는 중간의 화도읍 백월리로 내려올 수도 있다. 문안산을 지나는 산책로로는 남양주시 다산길 5코스인 문안산길이 조성되어 있는데, 운길산역에서 출발하여 송촌리와 삼봉리의 마을길을 돌아 재재기고개를 거쳐 문안산 등성이를 넘어 피아노폭포로 내려오는 코스이다. 문안산길 경로에는 조선 시대의 문신 한음(漢陰) 이덕형(李德馨)의 생가와 남양주종합촬영소를 비롯하여 화도푸른물센터에 조성된 피아노폭포, 피아노화장실, 환경체험관, 생태공원 등 볼거리가 풍부하다. 문안산 정상 부근과 산 능선에서는 문바위라고 불리는 바위를 비롯하여 북한강과 서울 근교의 조망을 살필 수 있다. 산은 낮으나 북한강가에 자리잡고 있어 경치가 뛰어나고 등산로가 험하지 않아 어린아이를 동반한 가족 산행지로 적합한 곳이다. 문안산의 가장 큰 볼거리는 문바위이다. 산행은 금남교에서 정상에 올랐다가 북쪽의 무시울을 지나 신당재로 내려오는 제1코스와 금남교에서 정상까지 오른 다음 520봉을 넘어 능선을 따라 남쪽의 삼봉리로 하산하는 제2코스가 있다. 제1코스는 약 9㎞로, 3시간 20분 정도, 제2코스는 9.6㎞ 거리로, 약 3시간 45분 정도 소요된다. 짧은 코스에 금남교에서 출발하여 정상에 올랐다가 남쪽의 백월리로 내려오는 등산로도 있는데, 산행거리는 6㎞이며, 2시간 30분 걸린다. 산의 북쪽에는 공원묘지와 공장들이 들어서 있고, 인적이 드물다.","=GOOGLETRANSLATE(A906, ""ko"", ""ja"")"
031-592-4900,"=GOOGLETRANSLATE(A907, ""ko"", ""ja"")"
제부도해수욕장,"=GOOGLETRANSLATE(A908, ""ko"", ""ja"")"
화성 제부도해수욕장,"=GOOGLETRANSLATE(A909, ""ko"", ""ja"")"
경기도 화성시 서신면 해안길 260,"=GOOGLETRANSLATE(A910, ""ko"", ""ja"")"
"하루에 두 번씩 바닷길이 열리는 서해의 작은 섬 제부도에 있는 제부도해수욕장은 경기도 화성시 서신면 제부리에 위치한 길이 1.8km로 백사장으로 오른쪽에는 기암 절벽이 자리하고 있고, 왼쪽에는 매바위가 보이는 아름다운 해변이다. 제부도해수욕장의 수온이 적당하고, 경사도도 완만하며 물이 갑자기 깊어지는 곳이 없어서 어린이나 노인들도 비교적 안전하게 해수욕을 즐길 수 있다. 간조 때는 갯벌이 넓게 펼쳐져 직접 조개를 잡거나 바다생물을 관찰하는 등 자연체험이 가능하다. 일년 내내 갯벌 체험이 가능하고 어장보호를 위해 1인당 1kg 이하로 채집량을 제한하고 있다. 갯벌체험 외에도 바다낚시, 고기몰아잡기, 피싱피어 낚시, 망둥어 낚시 등 계절에 따른 다양한 체험이 가능하다. 그리고 서핑, 카약, 제트스키 등 다양한 수상스포츠와 해수욕장과 포구 사이에 있는 산책로 또한 즐길 수 있다.","=GOOGLETRANSLATE(A911, ""ko"", ""ja"")"
031-5189-6049,"=GOOGLETRANSLATE(A912, ""ko"", ""ja"")"
여주 양화나루,"=GOOGLETRANSLATE(A913, ""ko"", ""ja"")"
경기도 여주시 능서면 내양리,"=GOOGLETRANSLATE(A914, ""ko"", ""ja"")"
"양화나루는 여주시 능서면 내양리 양화동과 대신면 초현리를 연결하는 조선시대의 나루이다. 강변을 따라 자전거길과 산책로가 잘 조성되어 있어 멋진 남한강 뷰를 바라보며 걷기 좋다. 양화나루의 양화는 버들꽃이라는 의미로 강변에 갯버들이 많았기 때문에 붙여진 이름인데, 나룻배를 소유한 내양리의 지역명을 따서 내양나루로도 불렸다. 남한강을 끼고 있는 여주는 예로부터 한양과 강원도, 충청도의 중부 내륙을 오가는 수상교통의 요충지로 약 12개의 나루터가 있어 물자와 사람의 교류가 활발하였다. 과거 강원도 영월과 정선에서 뗏목을 만들어 서울로 가던 떼꾼이 타고 다니는 떼배, 소금을 싣고 올라가 콩이나 담배 등과 교환하던 바꿈배와 돛단배, 백성들을 실어 나르던 여객선인 황포돛배 등으로 남한강이 붐볐다. 특히 양화나루는 이천의 곡수장에 있는 우시장으로 가기 위한 주요 길목으로 쓰였다. 인근의 여주 능서면 일부와 흥천면, 이천시 백사면과 부발읍 등에서 주로 양화나루의 나룻배에 소를 싣고 곡수장을 오갔으나 지금은 흔적을 찾기 어렵게 되었다. 강을 테마로 한 여주의 둘레길인 여주여강길 6코스 왕터쌀길이 양화나루를 포함하고 있다. 나루터는 흔적이 남아 있지 않아 찾아가기 쉽지 않다. 다만 여강길 코스에 양화나루가 포함되어 있고 부근에 스탬프를 설치하였으므로, 여강길 애플리케이션을 이용해 GPS 안내를 따라가는 것을 추천한다. 강변의 자전거길을 따라가다 보면 길가에 2개의 비석과 함께 양화나루터라고 쓰인 표석이 있다. 주차 및 화장실 등의 편의시설은 따로 없고 온통 논밭이라 마을 도로에서 강변으로 바로 진입하는 길이 제한적이다.","=GOOGLETRANSLATE(A915, ""ko"", ""ja"")"
031-887-2868,"=GOOGLETRANSLATE(A916, ""ko"", ""ja"")"
김포 대명항,"=GOOGLETRANSLATE(A917, ""ko"", ""ja"")"
김포 김포 대명항,"=GOOGLETRANSLATE(A918, ""ko"", ""ja"")"
경기도 김포시 대명항1로 109,"=GOOGLETRANSLATE(A919, ""ko"", ""ja"")"
"코끝을 파고드는 소금기, 갓 잡아올려 펄펄 뛰는 물고기, 물때에 맞춰 먼바다에서 돌아오는 고깃배, 어시장과 횟집을 기웃거리는 사람들. 풋풋한 삶의 활기가 그대로 살아 숨쉬는 김포시 대곳면 대명포구의 모습이다. 김포공항에서 자동차로 30분 거리에 위치해 있어, 서울에서 가깝고, 선주와 어부들이 횟집을 직접 운영해 다른 포구보다 회값이 20%정도 저렴하다는 것이 포구사람들의 이야기다. 대명포구 초입부터 이어지는 횟집들은 수족관마다 갓 잡아온 싱싱한 횟감들이 가득 담겨 있고, 곳곳에서 그물을 펴놓고 손질하는 모습들이 포구의 특징을 실감나게 느낄 수 있게 해준다. 대명포구는 강화도 연안에 마주한 유일한 항으로써 아름다운 바다경치의 정취를 만끽할 수 있으며 대명2종어항 사업과 풍어제 개최로 인하여 대내외적으로 각광을 받고 있다. 대명항은 2001년에 ''한국관광공사 추천 겨울바다 7선''에 꼽힐 정도로 아름다운 바다 경치와 재래식 포구의 정취를 만끽할 수 있는 곳이다. 강화해협을 사이로 강화도와 마주보고 있는 대명포구는 소래포구나 연안부두처럼 관광객들로 붐비지 않고, 어촌의 호젓한 정취를 맛볼 수 있는 정겨움도 자랑이다. 특히 조선조 후기 외세와 맞서 싸웠던 역사의 현장인 덕포진을 인근에 두고 있다.","=GOOGLETRANSLATE(A920, ""ko"", ""ja"")"
031-988-6394,"=GOOGLETRANSLATE(A921, ""ko"", ""ja"")"
평택호,"=GOOGLETRANSLATE(A922, ""ko"", ""ja"")"
오산 평택호,"=GOOGLETRANSLATE(A923, ""ko"", ""ja"")"
경기도 평택시 현덕면 평택호2길 183,"=GOOGLETRANSLATE(A924, ""ko"", ""ja"")"
"평택호는 평택시에 위치한 인공호수로, 다양한 관광 명소와 자연경관이 어우러진 곳이다. 이곳은 평택호 관광단지로 조성되어 있으며, 산책로와 전망대, 예술관 등이 잘 갖춰져 있어 방문객들에게 다양한 즐길 거리를 제공한다. 호수 주위로 끝없이 이어지는 목조 수변데크를 걸으면서 호수를 감상할 수 있고, 우리 음악이 들리는 국내 최초의 소리 의자도 있다. 평택호는 넓은 수면과 주변의 자연이 어우러져 아름다운 풍경을 자랑한다. 특히, 일몰 시의 경관은 많은 사진작가와 관광객들에게 사랑받고 있다. 방문객들에게 다양한 경험을 선사하는 매력적인 관광지이다.","=GOOGLETRANSLATE(A925, ""ko"", ""ja"")"
031-659-4138,"=GOOGLETRANSLATE(A926, ""ko"", ""ja"")"
법화산,"=GOOGLETRANSLATE(A927, ""ko"", ""ja"")"
평택 법화산,"=GOOGLETRANSLATE(A928, ""ko"", ""ja"")"
경기도 용인시 기흥구,"=GOOGLETRANSLATE(A929, ""ko"", ""ja"")"
"법화산(法華山)은 용인시 수지구 죽전동, 기흥구 마북동, 청덕동, 언남동과 처인구 모현면 오산리 등 3개 구 모두에 걸쳐있는 385.2m의 산이다. 법화산의 이름은 법화경에서 따왔고 이곳에서 흐른 물이 탄천이 되었으며 소나무가 많이 자라고 있다. 정상까지 소요시간은 왕복 1시간 30분~2시간 정도 소요되며, 입구에서부터 3.2km 오르면 정상이다.","=GOOGLETRANSLATE(A930, ""ko"", ""ja"")"
한택식물원,"=GOOGLETRANSLATE(A931, ""ko"", ""ja"")"
평택 한택식물원,"=GOOGLETRANSLATE(A932, ""ko"", ""ja"")"
경기도 용인시 처인구 백암면 한택로 2,"=GOOGLETRANSLATE(A933, ""ko"", ""ja"")"
"재단법인 한택식물원은 1979년 설립이래 20만평의 규모에 자생식물 2,400종과 7,300종의 외래식물 등 1만여 종, 총 730여만본의 식물을 보유한 국내 최대의 종합식물원이다. 다양한 국내외 식물종의 보유와 더불어 식물연구소를 통한 체계적인 연구활동, 국내외 식물원과의 상호교류, 현대화된 시설 등을 갖추고 있다. 또한, 환경부로부터 &lt;희귀․멸종위기식물 서식지 외 보전기관&gt; 지정을 받아 우리나리의 자생식물을 보전하고 자생지를 복원하는 사업을 계속적으로 추진해오고 있으며, 자연을 배울 수 있는 다양한 체험 및 전시 등을 진행하고 있다. 한택식물원은 자연생태원, 수생식물원, 월가든 암석원, 억새원 등 자연환경에 맞게 구성한 아름다운 정원과 다양한 식물품종을 전시한 원추리원, 비비추원, 아이리스원 등이 있으며, 어린왕자에서 볼 수 있었던 바오밥나무가 있는 호주온실과 남아프리카온실, 허브식충식물온실, 편안한 휴식과 여유를 느낄 수 있는 잔디화단, 쉼터 등 서른 여섯가지의 색다른 정원을 갖추고 있다.","=GOOGLETRANSLATE(A934, ""ko"", ""ja"")"
031-333-3558,"=GOOGLETRANSLATE(A935, ""ko"", ""ja"")"
세미원,"=GOOGLETRANSLATE(A936, ""ko"", ""ja"")"
양평 세미원,"=GOOGLETRANSLATE(A937, ""ko"", ""ja"")"
경기도 양평군 양서면 양수로 93,"=GOOGLETRANSLATE(A938, ""ko"", ""ja"")"
"세미원은 팔당호가 삼면에 둘러싸인 물과 꽃의 정원으로 동양의 전통적인 정원 양식과 수생식물 등 약 270종의 식물을 보유하고 있으며, 다양한 볼거리가 있는 곳이다. 2019년 6월에는 경기도 제1호 지방 정원으로 지정되었으며, 정약용이 강폭이 좁아지는 양주 지역 남한강에 배다리를 놓았는데 이곳이 오늘날의 세미원 자리인 것으로 알려져 있다. 또한 연꽃박물관과 수련온실, 석창원, 상춘원을 비롯하여 다양한 시설 조성과 체험 행사를 통해 우리 역사의 숨결과 문화 예술의 공간으로 탄생된 물과 꽃의 정원이다.","=GOOGLETRANSLATE(A939, ""ko"", ""ja"")"
031-775-1835,"=GOOGLETRANSLATE(A940, ""ko"", ""ja"")"
설매재자연휴양림,"=GOOGLETRANSLATE(A941, ""ko"", ""ja"")"
양평 설매재자연휴양림,"=GOOGLETRANSLATE(A942, ""ko"", ""ja"")"
경기도 양평군 옥천면 용천로 510,"=GOOGLETRANSLATE(A943, ""ko"", ""ja"")"
"설매재자연휴양림은 서울에서 1시간 이내 도착할 수 있는 수도권 휴양림이다. 1999년 6월 1일에 개장한 자연휴양림으로 총 면적은 70ha이다. 설매재란 휴양림 정문으로 들어오는 입구의 고개를 이르는 말로서 옛날에 눈이 많이 내린 겨울날 눈 속에서 매화가 피었다하여 설매재라 부르게 되었다고 전한다. 소나무 낙엽송 조림지역, 고로쇠, 단풍나무 군락지, 철쭉, 소나무 등산로가 유명산과 용문산으로 이어져 있으며 용천계곡과 유명산 계곡이 인접해 있어 풍경이 매우 인상적이다. 휴양림에는 숙박시설, 야영장, 운동장, 배드민턴장, 족구장, 하늘 수대가 있으며 대강당, 이벤트홀, 휴게실 등의 부대시설이 있다. 체험프로그램은 계곡트레킹, 목공체험 등이 있다. 단체 야유회, 야외 연수 교육 등에 적합하며, 서바이벌 게임장 및 유명산 패러글라이딩 활강장, 초보자를 위한 패러글라이딩 연습장 등이 인접해 있어서 야외 레포츠를 즐기기에 좋다. 또한 용천계곡과 유명산 계곡이 가까운 곳에 있어 휴양지로도 적격이다. 대중교통 이용시에는 경의중안선 양평역에 하차하여 용천리행 시내버스를 타면 되고 20분 거리에 있다.","=GOOGLETRANSLATE(A944, ""ko"", ""ja"")"
031-774-6959,"=GOOGLETRANSLATE(A945, ""ko"", ""ja"")"
율봄식물원,"=GOOGLETRANSLATE(A946, ""ko"", ""ja"")"
광주 율봄식물원,"=GOOGLETRANSLATE(A947, ""ko"", ""ja"")"
경기도 광주시 퇴촌면 태허정로 267-54,"=GOOGLETRANSLATE(A948, ""ko"", ""ja"")"
"율봄식물원, 농업예술원은 ''농촌예술테마농원''이다. 농업을 재배, 생산뿐만 아니라 시각적 관점으로 아름답게 가꾸고 작품화시켜 볼거리와 쉼터를 제공하는 농업 관광 서비스 공간이다. 청정 자연 속에서의 편안한 휴식과 함께 정직하게 재배된 신선한 농산물을 이용한 계절별 농촌체험도 즐겨보자! [이용정보 및 관람 주의사항] - 1만 평의 야외식물원 + 1만 평의 농산물 재배 단지로 조성되어 있으며, 30분~1시간 정도의 산책코스이다. - 쉼터 개념의 식물원으로써, 곳곳에 벤치와 평상이 많이 비치되어 있다. - 돗자리 지참 가능. (그늘막, 텐트는 설치 불가) - 도시락 반입 가능. (취사 행위는 금지이며 가져온 쓰레기는 모두 정리하여 되가져야 한다.) - 반려동물 동반 입장 불가. - 체육기구(공, 킥보드, 자전거, 배드민턴 등) 반입 불가. - 유모차 이용 가능 (단, 비포장도로가 곳곳에 있어 이용이 불편하다.)","=GOOGLETRANSLATE(A949, ""ko"", ""ja"")"
031-798-3119,"=GOOGLETRANSLATE(A950, ""ko"", ""ja"")"
마이다스밸리 청평 골프클럽,"=GOOGLETRANSLATE(A951, ""ko"", ""ja"")"
경기 가평군 설악면 이천리 240,"=GOOGLETRANSLATE(A952, ""ko"", ""ja"")"
"자연이 숨겨 놓은 마지막 휴양지, 그 곳에 위치한 마이다스밸리 청평 골프클럽!완전 무공해, 자연 친화적 환경에 이르기까지 자연이 선물한 아름다움의 극치 입니다.필드 위에 서는 순간, 귀하의 새로운 신화가 탄생합니다.완벽한 설계, 순수한 자본금 만으로 건설된 골프 클럽, 홀마다 신의 손으로 빚은 듯한&nbsp;18홀 전망을 압도하는 위엄과 여신의 섬세함이 조화를 이룬 작품입니다.귀하의 품격 높은 삶을 위해 마이다스밸리 청평 골프클럽으로 초대합니다.","=GOOGLETRANSLATE(A953, ""ko"", ""ja"")"
031-589-9000,"=GOOGLETRANSLATE(A954, ""ko"", ""ja"")"
무주채폭포,"=GOOGLETRANSLATE(A955, ""ko"", ""ja"")"
경기도 가평군 북면 제령리,"=GOOGLETRANSLATE(A956, ""ko"", ""ja"")"
"경기 가평군 북면 적목리에 있는 무주채 폭포는 도마치봉에서 시작하여 견치산과 강씨봉 청계산 등으로 이어지는 광주산맥의 산줄기를 타고 흘러내린 물이 폭포를 이루는 곳으로, 용소 폭포를 지나 약 1km 가량 올라가는 곳에 있다. 폭포수가 바위벽을 타고 흘러내려 바위에 부딪혀 물줄기가 흩날리듯이 떨어져 멀리서 보면 하얀 명주실을 풀어놓은 것과 같은 모습으로 보인다. 가평읍에서 34km 거리에 위치하며 폭포수 주변은 각종 수림이 잘 어우러져 있으며 설악산 절경에 버금갈 만큼 가을 단풍이 아름답기로 유명하다. 옛날 무관들이 나물을 안주 삼아 술 마시고 춤을 추며 즐겼다는 전설이 있어 무주채 폭포라고 불리며 한여름에도 추위를 느낄 만큼 물이 차갑다. 무주채 폭포는 도마치계곡 앞 주차장을 이용할 수 있고 오르는 길을 데크길과 다리 등으로 잘 정돈해 놓아 편안하고 안전하게 주위를 둘러보며 걸을 수 있다. 길을 오르다 보면 상쾌한 공기를 온몸으로 느낄 수 있고 길 중간에 벤치가 설치되어 있어 힘들면 쉴 수 있다. 바위 위쪽에서 쏟아지는 무주채 폭포는 2단으로 떨어져 그 웅장함과 시원함이 감탄을 자아낸다. 가족과 함께 이곳에 가서 멋진 폭포를 보면 좋을 듯하다.","=GOOGLETRANSLATE(A957, ""ko"", ""ja"")"
석룡산,"=GOOGLETRANSLATE(A958, ""ko"", ""ja"")"
경기도 가평군 북면,"=GOOGLETRANSLATE(A959, ""ko"", ""ja"")"
"석룡산 정상에 꾸불꾸불하게 용처럼 생긴 바위가 있어 석룡산이라 부르게 된 이곳은 강원도 화천군 사내면과 경기도 가평군 북면에 걸쳐 있는 산이다. 폭포, 담, 소가 이어지는 석룡산은 웅장한 산세에 비해 등산로가 비교적 완만하지만 중간에 가파른 지점도 있다. 숲이 우거진 이곳은 조무락계곡의 맑은 물이 흐르는 소리를 들으며 걷기 좋은 길이며, 곳곳에 앉아 쉴 수 있는 벤치가 설치되어 있어 숲에서 쉬어가기 좋다. 또한 길가에 야생화가 무척 많아 이를 보며 오르는 것도 즐거울 것이다. 석룡산 일대에 자생하는 관속식물은 총 534종류가 분포하는 것으로 알려져 있다. 그중 한국 특산식물은 지리대사초, 키버들, 진범, 홀아비바람꽃 등 총 16종류가 조사되었고 희귀 및 멸종 위기식물인 홀아비바람꽃, 개족도리, 백작약 등 총 15종류가 관찰되었다. 산세에 비해 등산로가 완만하여 산행하기 좋지만 기온의 차가 비교적 심하고 강수량의 50% 이상이 7∼9월에 집중되고 있어 여름 산행 시 주의해야 한다. 바위가 많아 산길을 걷는 것보다 등산 소요시간을 2배 이상 잡는 것이 좋다. 정상에서 백운산과 사창리가 한눈에 보이고, 화악산과 명지산, 국망봉, 휴전선 인근의 대성산, 백암산도 보인다. 산행기점은 용수목 조무락골부터 들어가는 것이 좋다.","=GOOGLETRANSLATE(A960, ""ko"", ""ja"")"
042-481-4150,"=GOOGLETRANSLATE(A961, ""ko"", ""ja"")"
통방산,"=GOOGLETRANSLATE(A962, ""ko"", ""ja"")"
경기 가평군 설악면,"=GOOGLETRANSLATE(A963, ""ko"", ""ja"")"
"경기도 가평군 설악면 천안리와 양평군 서종면 명달리에 걸쳐 있는 산으로 그 높이는 650m이다. 통방산(通方山)은 산에 올라서면 [사면팔방으로 시야가 훤히 트여 잘 보인다]라고 하여 붙여진 이름이다.통방산의 북쪽으로는 화야산, 뾰루봉, 남쪽으로는 삼태봉, 중미산과 이어진다. 통방산은 전체 사면이 비교적 경사가 급한 편인데, 동쪽으로 흐르는 계류는 벽계천으로 유입되며, 서쪽으로는 명달천이 흐른다. 통방산의 북동쪽으로는 청다락골, 남동쪽으로는 벽계구곡, 남쪽으로는 소(沼)와 탕(湯)이 곳곳에 분포하는 삼각골이 있어 세 방면으로 큰 계곡이 있다. 통방산은 삼태봉과 함께 오르는 등산 코스로 이용되며, 화야산, 통방산, 삼태봉을 거쳐 중미산까지 연계 산행을 하기도 한다. 산행을 하려면 방일리에서 시작해 삼태봉을 거쳐 정상에 오른 뒤 한우재로 내려가는 코스와, 서종 초등학교 명달분교에서 시작해 계곡을 지나 삼태봉을 거쳐 정상에 오른 뒤 567m 봉과 일주암을 지나 노문리로 내려가는 코스가 있다. 정상에 서면 남쪽으로는 남한강, 남동쪽으로는 용문산, 서쪽으로는 운길산이 펼쳐진다. 낙엽 진 미끄러운 길과 가파른 오르막, 로프를 잡고 가야 하는 암릉지대도 있어 등산 시 주의해야 한다.","=GOOGLETRANSLATE(A964, ""ko"", ""ja"")"
031-580-2482,"=GOOGLETRANSLATE(A965, ""ko"", ""ja"")"
화야산,"=GOOGLETRANSLATE(A966, ""ko"", ""ja"")"
양평 화야산,"=GOOGLETRANSLATE(A967, ""ko"", ""ja"")"
경기도 양평군 서종면 노문리,"=GOOGLETRANSLATE(A968, ""ko"", ""ja"")"
"가평군 외서면과 양평군 서정면에 걸쳐 있는 해발 755m의 산""화야산은 가평군 외서면과 양평군 서정면에 걸쳐 있는 해발 755m의 산으로 북한강이 산 북쪽으로 청평호를 이루면서 감싸고 돌아 남쪽으로 행해 나란히 흘러나가는 가운데 있어 산행중에 내려다 보이는 경치가 아름답다. 정상 북쪽 끝에 위치한 뾰루봉(709m)과 서쪽 능선 위에 일구어진 고동산(600m)이 모두 화야산에 딸린 봉우리라 할 수 있다. 동서로 갈라져 내려간 능선에는 수림이 울창하고 계곡이 깊어서 어느 때 찾아도 만족한 산행을 할수 있다. 산행에 있어서 어느 코스를 택하건 4시간 이상 소요되므로 만만히 보아서는 안된다. 또 겨울철에는 적설량이 많아 겨울 산행의 맛을 제대로 느껴 볼 수 있다. ""","=GOOGLETRANSLATE(A969, ""ko"", ""ja"")"
031-770-3181,"=GOOGLETRANSLATE(A970, ""ko"", ""ja"")"
설봉산,"=GOOGLETRANSLATE(A971, ""ko"", ""ja"")"
경기도 이천시 관고동,"=GOOGLETRANSLATE(A972, ""ko"", ""ja"")"
"설봉산은 높이 약 394m로 이천시를 수호하는 진산이다. 이천 시가지를 서쪽에서 둘러싸고 있는 설봉산은 부악산, 무학산, 부학산이라고도 부른다. 설봉산은 들머리와 날머리를 모두 설봉공원의 주차장으로 삼는 총 5개의 등산로가 있다. 3코스는 공원 입구→호암약수→설봉산성→정상→화두재→학소정을 거치는 코스로 신라시대의 성곽인 설봉산성, 고려 때 건립된 영월암, 설봉서원 등의 문화유적과 정상으로 오르는 길의 칼바위를 비롯한 여러 암봉, 삼형제바위, 호암계곡 및 호암약수터 등 설봉산의 명소를 둘러볼 수 있는 대표적인 등산코스로 꼽힌다. 총 6.85km, 약 120분 소요되는 코스이며 조금 길지만 등산 초보자 및 어린이도 오를 수 있는 쉬운 코스이다. 특히 설봉산은 봄에 흐드러지게 피어나는 진달래 군락이 널리 알려져 많은 관광객이 모여든다. 산행 뒤에는 설봉공원 내의 박물관 및 미술관, 설봉조각공원 등을 둘러보거나 가까이 위치한 시내의 안흥유원지에서 온천욕을 하며 피로를 풀 수 있다. 설봉저수지 부근 제1주차장 쪽에 이천 종합관광안내소가 있어 필요시 관광 정보를 얻을 수 있다. 메인 주차장인 설봉공원 제1주차장 외 공원 내 모든 박물관, 미술관 등의 시설에 별도의 주차장이 마련되어 있으므로 코스별 가까운 지점에 있는 주차장을 이용하면 된다. 신둔IC에서 차량으로 약 8분, 경강선 이천역, 이천종합터미널에서 차량으로 약 10분 소요된다. 인근에 사기막골도예촌, 예스파크, 이천설봉온천랜드, 미란다호텔 스파플러스, 성호호수연꽃단지, 한택식물원, 지산포레스트리조트스키장, 이천테르메덴, 덕평공룡수목원 등이 있다.","=GOOGLETRANSLATE(A973, ""ko"", ""ja"")"
031-644-2114,"=GOOGLETRANSLATE(A974, ""ko"", ""ja"")"
도드람산(저명산),"=GOOGLETRANSLATE(A975, ""ko"", ""ja"")"
도드람산 저명산,"=GOOGLETRANSLATE(A976, ""ko"", ""ja"")"
경기도 이천시 마장면 서이천로,"=GOOGLETRANSLATE(A977, ""ko"", ""ja"")"
"저명산은 보통 도드람산으로 더 알려져 있는데 도드람산은 돗(猪) 울음(鳴)이 세월이 지나면서 변형된 것으로 보이며, 옛날 이 산중에 살던 고승(또는 효자라고도 함)이 약초를 캐는데 절벽 위에 몸을 묶은 밧줄이 모서리와의 마찰로 다 끊어져 목숨이 위태롭게 된 것을 난데없이 산돼지가 울어 고승의 목숨을 건져주었다는 전설을 간직하고 있다. 마장면 동쪽에 위치한 설봉산과 마주하고 있으며 해발 49m로 그리 높지는 않으나 봉우리를 이루는 기암괴석이 절묘한 경관을 이루고 있어 외부로부터 많은 등산객들이 찾아드는 이천의 명산으로 이름 나 있고 특히 산 중턱에 있는 영보사 뒷편 절벽 아래서 샘솟는 차고 시원한 석관수의 맛이 일품이며, 능선을 따라 바위를 오르는 등산객의 아기자기함이 산행의 묘미를 만끽하게 해준다. 옛날 삼각산 신령님이 삼각산을 처음 만들때 마고할미에게 지리산, 도드람봉을 옮겨오도록 명하였는데 마고할미가 도드람봉을 끌고 오던 중 삼각산이 이미 완성되었다는 소식을 듣고 그 자리에 버린 것이 지금의 도드람산이 되었다는 재미있는 전설이 전해내려오기도 한다. 옛 문헌에 저명산에는 정악사라는 절이 있다고 했는데, 지금은 없어지고 산 남쪽기슭에 사지의 흔적이 남아 있으며 이곳을 정악골이라는 명칭으로 부르고 있다.","=GOOGLETRANSLATE(A978, ""ko"", ""ja"")"
안산식물원,"=GOOGLETRANSLATE(A979, ""ko"", ""ja"")"
안산 안산식물원,"=GOOGLETRANSLATE(A980, ""ko"", ""ja"")"
경기도 안산시 상록구 성호로 113,"=GOOGLETRANSLATE(A981, ""ko"", ""ja"")"
"2001년 개관된 안산식물원에는 3개의 전시관이 있으며 제1전시관인 열대식물원에서는 야자나무 등 100여 종에 이르는 열대식물을 만날 수 있다. 제2전시관인 중부식물원에서는 진경산수, 붓꽃 등 우리나라 중부지방의 야생화 11류 177종을 볼 수 있다. 제3전시관인 남부식물원에서는 습지식물, 식용식물 등을 접하게 된다. 야외식물원에는 장미원 4종과 유실수원, 야생식물원, 식물천이원, 연못 등이 있어 또 다른 볼거리를 제공하고 있다. 특히 안산식물원은 외국 유명 식물원의 온실에 버금가는 피라미드형 유리 온실을 갖추고 있다. 덕분에 이곳 식물들은 사계절 가리지 않고 푸른 숨을 쉴 수 있다. 안산식물원은 도심지와 가까운 성호공원 내에 있어 접근성도 좋다. 주변에는 노적봉공원, 단원조각공원 등이 있어 함께 둘러보는 것도 추천한다. (출처 : 안산시 문화관광 홈페이지)","=GOOGLETRANSLATE(A982, ""ko"", ""ja"")"
031-481-3168,"=GOOGLETRANSLATE(A983, ""ko"", ""ja"")"
백운호수,"=GOOGLETRANSLATE(A984, ""ko"", ""ja"")"
하남 백운호수,"=GOOGLETRANSLATE(A985, ""ko"", ""ja"")"
경기도 의왕시 백운로 526,"=GOOGLETRANSLATE(A986, ""ko"", ""ja"")"
"롯데프리미엄아울렛 의왕점부근에 있는 1953년에 준공한 인공호수이다. 병풍처럼 둘러싸고 있는 청계산과 백운산, 모락산이 만나는 지점의 평지에 위치해 수려한 경관을 자랑하고 맛집과 카페가 모여있어 수도권 관광객들의 발길이 끊이지 않는 명소이다. 이 호수는 원래 농업용수의 원활한 공급을 목적으로 조성되었으나 지역의 산업화, 도시화로 농지가 사라져 지금은 호수가 되었다. 백운호수에는 약 3㎞의 백운호수 데크 산책로가 조성되어 있는데 고요하고 한적해 여유롭게 산책하며 물멍 할 수 있고, 2023년 호수 내 개장한 무민공원에서는 놀이터와 매일 저녁 다채로운 영상이 상영되는 직경 6m 크기의 아트볼이 있어 아이를 동반한 가족들이 찾기 좋다. 잘 정돈된 대형 주차장과 드라이브하기 좋은 호수 순환 도로, 모터보트와 오리보트를 즐길 수 있는 선착장, 호숫가에 늘어선 다양한 맛집과 라이브 카페 등 즐길 거리가 다양해 가족 나들이, 연인들의 데이트 코스로 손색이 없다. 또한 매년 9월 중 의왕백운호수축제가 개최된다. 평촌 IC, 4호선 인덕원역에서 차량으로 약 10분 소요되며, 역에서 한 번에 오는 버스가 있다.","=GOOGLETRANSLATE(A987, ""ko"", ""ja"")"
031-240-4810,"=GOOGLETRANSLATE(A988, ""ko"", ""ja"")"
축령산자연휴양림,"=GOOGLETRANSLATE(A989, ""ko"", ""ja"")"
남양주 축령산자연휴양림,"=GOOGLETRANSLATE(A990, ""ko"", ""ja"")"
경기도 남양주시 수동면 축령산로 299,"=GOOGLETRANSLATE(A991, ""ko"", ""ja"")"
"* 자연을 벗삼아 휴양할 수 있는 공간, 축령산자연휴양림 *축령산은 남양주시와 가평군에 걸쳐있는 해발 887.1m의 산으로 숲이 울창하고 계곡이 아름다운 산이다. 조선왕조를 개국한 이성계가 고려말 사냥을 왔다가 짐승을 한 마리도 잡지 못하였는데 몰이꾼이 이 산은 신령스러운 산이라 산신제를 지내야 한다고하여 산 정상에 올라 제를 지낸 후 멧돼지를 잡았다는 전설이 있다. 이때부터 고사를 올린 산이라 하여, 축령산이라고 불리게 되었다고 한다. 1995년 7월 1일 문을 열어 현재 경기도에서 직영 관리하고 있는 휴양림으로 50년생 잣나무림이 잘 가꾸어져 있고, 축령산 정상으로 오르는 등산로 입구에 있는 잣나무 산책로는 하늘이 보이지 않을 정도로, 우거져 있어 신비감마저 든다. 779ha의 넓은산림에 산림욕장, 체육시설, 물놀이장, 야영장, 자연관찰장 등이 있어 가족단위의 휴양공간으로 손색이 없으며 하루의 산행코스로도 적합한 곳이다.","=GOOGLETRANSLATE(A992, ""ko"", ""ja"")"
031-8008-6690,"=GOOGLETRANSLATE(A993, ""ko"", ""ja"")"
황학산수목원,"=GOOGLETRANSLATE(A994, ""ko"", ""ja"")"
"황학산 수목원은 자연을 아끼고 사랑하는 사람들을 위한 자연과 인간이 교감할 수 있는 공간이다. 습지원, 석정원, 산열매원, 미니가든, 항아리정원 등 식물의 생태와 기능에 따라 특색화한 14개의 테마정원으로 이루어져 있으며, 멸종위기에 처한 단양쑥부쟁이, 층층둥굴레 등의 보전과 복원, 산림문화 및 휴양서비스 제공을 위해 노력하고 있다.","=GOOGLETRANSLATE(A995, ""ko"", ""ja"")"
031-887-2741,"=GOOGLETRANSLATE(A996, ""ko"", ""ja"")"
안산향토사박물관,"=GOOGLETRANSLATE(A997, ""ko"", ""ja"")"
안산 안산향토사박물관,"=GOOGLETRANSLATE(A998, ""ko"", ""ja"")"
경기 안산시 상록구 석호로 144,"=GOOGLETRANSLATE(A999, ""ko"", ""ja"")"
"선사시대부터 근ㆍ현대에 이르기까지 안산지역의 역사와 문화를 보여주는 곳안산은 바다와 인접해있고 넓은 토지가 있어 농업과 어업이 성행했다. 특히 영·정조 시대 문예부흥기의 중심지로 많은 역사적 인물을 배출했는데 이러한 역사적 사실을 안산시민 뿐만 아니라 관외 지역민에게도 알리기 위하여 향토사박물관을 설립했다. 박물관 내에는 안산지역 문화유적지에서 발견된 유물자료와 고문서, 근현대 민속품에 이르기까지 2천여점의 유물을 수집하여 소장하고 있다.","=GOOGLETRANSLATE(A1000, ""ko"", ""ja"")"
031-415-0041,"=GOOGLETRANSLATE(A1001, ""ko"", ""ja"")"
