Original,TranslationFormula
원데이 클래스,"=GOOGLETRANSLATE(A2, ""ko"", ""en"")"
제철 꽃으로 즐기는 나만의 꽃 음료 '꽃 코디얼' 만들기,"=GOOGLETRANSLATE(A3, ""ko"", ""en"")"
별도로 준비하실 부분은 없습니다:),"=GOOGLETRANSLATE(A4, ""ko"", ""en"")"
수제오란다 만들기,"=GOOGLETRANSLATE(A5, ""ko"", ""en"")"
부산광역시 강서구 명지동 1157-1 명지국제5로110  상가 포아르과자점,"=GOOGLETRANSLATE(A6, ""ko"", ""en"")"
"76,000원","=GOOGLETRANSLATE(A7, ""ko"", ""en"")"
손으로 꽃을 피워내는 시간,"=GOOGLETRANSLATE(A8, ""ko"", ""en"")"
층 오드화,"=GOOGLETRANSLATE(A9, ""ko"", ""en"")"
부산광역시 수영구 망미동 과정로42번길 46 1층 오드화,"=GOOGLETRANSLATE(A10, ""ko"", ""en"")"
나만의 커피캡슐 홀더(네스프레소)만들기,"=GOOGLETRANSLATE(A11, ""ko"", ""en"")"
어느정도 경험이 있으나 체계적으로 배우고 목공장비 사용에 대해,"=GOOGLETRANSLATE(A12, ""ko"", ""en"")"
세상에 하나뿐인 나만의 플레이팅보드(도마) 만들기,"=GOOGLETRANSLATE(A13, ""ko"", ""en"")"
카페에서 판매하는 선물같은 샌드위치만들기,"=GOOGLETRANSLATE(A14, ""ko"", ""en"")"
부산광역시 금정구 서동 302-1917 1층,"=GOOGLETRANSLATE(A15, ""ko"", ""en"")"
암사동 쿠킹클래스,"=GOOGLETRANSLATE(A16, ""ko"", ""en"")"
서울특별시 강동구 상암로 23길 15-9,"=GOOGLETRANSLATE(A17, ""ko"", ""en"")"
취향 저격! 나만의 소품 만들기_레진아트,"=GOOGLETRANSLATE(A18, ""ko"", ""en"")"
가구제작 기능사 실기반 모집,"=GOOGLETRANSLATE(A19, ""ko"", ""en"")"
경기도 안성시 보개원삼로,"=GOOGLETRANSLATE(A20, ""ko"", ""en"")"
"500,040원","=GOOGLETRANSLATE(A21, ""ko"", ""en"")"
커스텀 헬륨풍선 클래스,"=GOOGLETRANSLATE(A22, ""ko"", ""en"")"
"744,000원","=GOOGLETRANSLATE(A23, ""ko"", ""en"")"
자이언트플라워 원데이/자격증반 클래스,"=GOOGLETRANSLATE(A24, ""ko"", ""en"")"
경기도 · 광주시 · 송정동,"=GOOGLETRANSLATE(A25, ""ko"", ""en"")"
경기도 광주시 송정동,"=GOOGLETRANSLATE(A26, ""ko"", ""en"")"
"270,000원","=GOOGLETRANSLATE(A27, ""ko"", ""en"")"
꽃풍선 원데이클래스 창업/자격증반,"=GOOGLETRANSLATE(A28, ""ko"", ""en"")"
"660,000원","=GOOGLETRANSLATE(A29, ""ko"", ""en"")"
"띵크오브, 가죽 풍경종(도어벨) 만들기","=GOOGLETRANSLATE(A30, ""ko"", ""en"")"
01호 띵크오브,"=GOOGLETRANSLATE(A31, ""ko"", ""en"")"
서울특별시 마포구 연남동 성미산로29길 30-3 101호 띵크오브,"=GOOGLETRANSLATE(A32, ""ko"", ""en"")"
멍크로플 만들기,"=GOOGLETRANSLATE(A33, ""ko"", ""en"")"
오유에프,"=GOOGLETRANSLATE(A34, ""ko"", ""en"")"
"경상북도 구미시 인의동 여헌로 63-1 1층,오유에프","=GOOGLETRANSLATE(A35, ""ko"", ""en"")"
댕댕이 영양듬뿍 타르트 만들기,"=GOOGLETRANSLATE(A36, ""ko"", ""en"")"
원데이 거울 클래스,"=GOOGLETRANSLATE(A37, ""ko"", ""en"")"
"112,500원","=GOOGLETRANSLATE(A38, ""ko"", ""en"")"
터프팅 원데이 체험클래스,"=GOOGLETRANSLATE(A39, ""ko"", ""en"")"
제주도 · 제주시 · 이도2동,"=GOOGLETRANSLATE(A40, ""ko"", ""en"")"
제주도 제주시 이도2동,"=GOOGLETRANSLATE(A41, ""ko"", ""en"")"
"97,500원","=GOOGLETRANSLATE(A42, ""ko"", ""en"")"
"나만의 핸드메이드 소품, 스칸디아모스 리스/토피어리 원데이 클래스","=GOOGLETRANSLATE(A43, ""ko"", ""en"")"
사로움,"=GOOGLETRANSLATE(A44, ""ko"", ""en"")"
광주광역시 광산구 산월로41번길 30 꽃사로움,"=GOOGLETRANSLATE(A45, ""ko"", ""en"")"
"42,500원","=GOOGLETRANSLATE(A46, ""ko"", ""en"")"
누구나 그릴 수 있는 영화 일러스트,"=GOOGLETRANSLATE(A47, ""ko"", ""en"")"
비건 마들렌 클래스,"=GOOGLETRANSLATE(A48, ""ko"", ""en"")"
서울특별시 강서구 방화동 금낭화로,"=GOOGLETRANSLATE(A49, ""ko"", ""en"")"
양모펠트로 반려견키링 만들기,"=GOOGLETRANSLATE(A50, ""ko"", ""en"")"
시들지 않는 프리저브드플라워 유리돔,"=GOOGLETRANSLATE(A51, ""ko"", ""en"")"
부산광역시 수영구 남천1동 69-45 4층 금꽃바다,"=GOOGLETRANSLATE(A52, ""ko"", ""en"")"
테마플라워스튜디오 원데이클래스,"=GOOGLETRANSLATE(A53, ""ko"", ""en"")"
달콤쫀득 퓨전 떡케이크 원데이 클래스,"=GOOGLETRANSLATE(A54, ""ko"", ""en"")"
경기도 김포시 양촌읍 구래리 525-4 경기도 김포시 솔터로22 예미지 상가 232호,"=GOOGLETRANSLATE(A55, ""ko"", ""en"")"
풍성한 계절 꽃다발 만들기,"=GOOGLETRANSLATE(A56, ""ko"", ""en"")"
서울 · 금천구 · 시흥동,"=GOOGLETRANSLATE(A57, ""ko"", ""en"")"
서울 금천구 시흥동,"=GOOGLETRANSLATE(A58, ""ko"", ""en"")"
원목 독서대 원데이 클래스(초보자도 가능),"=GOOGLETRANSLATE(A59, ""ko"", ""en"")"
경기도 · 안성시 · 가사동,"=GOOGLETRANSLATE(A60, ""ko"", ""en"")"
경기도 안성시 가사동,"=GOOGLETRANSLATE(A61, ""ko"", ""en"")"
원목 트레이 클래스(초보자도 가능),"=GOOGLETRANSLATE(A62, ""ko"", ""en"")"
조물딱 점토처럼만지는거품입욕제 버블바 만들기,"=GOOGLETRANSLATE(A63, ""ko"", ""en"")"
탄산처럼 퍼지는 배쓰밤 목욕 입욕제만들기,"=GOOGLETRANSLATE(A64, ""ko"", ""en"")"
두피케어 천연샴푸바 만들기 7살~성인클래스,"=GOOGLETRANSLATE(A65, ""ko"", ""en"")"
누구나 쉽게 만드는 MP비누만들기체험,"=GOOGLETRANSLATE(A66, ""ko"", ""en"")"
"53,350원","=GOOGLETRANSLATE(A67, ""ko"", ""en"")"
키즈클래스-컵케이크 비누만들기,"=GOOGLETRANSLATE(A68, ""ko"", ""en"")"
조향공방 파팡드포피엠 50ml 디퓨저원데이클래스,"=GOOGLETRANSLATE(A69, ""ko"", ""en"")"
부산 사상구 가야대로 403,"=GOOGLETRANSLATE(A70, ""ko"", ""en"")"
분당 샤이닝룸 전사지 클래스,"=GOOGLETRANSLATE(A71, ""ko"", ""en"")"
좋은시간 보내시길 바랍니다.,"=GOOGLETRANSLATE(A72, ""ko"", ""en"")"
찾아가는 출강 라탄 원데이클래스,"=GOOGLETRANSLATE(A73, ""ko"", ""en"")"
88동 503호,"=GOOGLETRANSLATE(A74, ""ko"", ""en"")"
인천광역시 서구 청라커낼로 163 488동 503호,"=GOOGLETRANSLATE(A75, ""ko"", ""en"")"
천연으로 건강한 입욕제 만들기(사람용/반려동물용),"=GOOGLETRANSLATE(A76, ""ko"", ""en"")"
도마 원데이 클래스(초보자도 가능),"=GOOGLETRANSLATE(A77, ""ko"", ""en"")"
휴먼 컬러-큐비즘 자화상 그리기,"=GOOGLETRANSLATE(A78, ""ko"", ""en"")"
부산광역시 부산진구 전포동 305-14 복합문화공간 별일,"=GOOGLETRANSLATE(A79, ""ko"", ""en"")"
휴먼 컬러_색채 심리,"=GOOGLETRANSLATE(A80, ""ko"", ""en"")"
컬러라탄 티코스터 set 엮기,"=GOOGLETRANSLATE(A81, ""ko"", ""en"")"
치B상가 4층 402호,"=GOOGLETRANSLATE(A82, ""ko"", ""en"")"
부산광역시 수영구 남천동 광안해변로 122 비치B상가 4층 402호,"=GOOGLETRANSLATE(A83, ""ko"", ""en"")"
백드롭페인팅-원데이클래스,"=GOOGLETRANSLATE(A84, ""ko"", ""en"")"
경산 원데이클래스 스모어쿠키 2종,"=GOOGLETRANSLATE(A85, ""ko"", ""en"")"
마시멜로우의 쫀득함을 느낄 수 있는 스모어쿠키 2종 원데이클래스 안내🍪,"=GOOGLETRANSLATE(A86, ""ko"", ""en"")"
댕댕이들을 위한 수제 간식 원데이클래스,"=GOOGLETRANSLATE(A87, ""ko"", ""en"")"
층 오유에프,"=GOOGLETRANSLATE(A88, ""ko"", ""en"")"
경상북도 구미시 인의동 여헌로 63-1 1층 오유에프,"=GOOGLETRANSLATE(A89, ""ko"", ""en"")"
경산 강아지수제간식 알러지프리 오트밀쿠키,"=GOOGLETRANSLATE(A90, ""ko"", ""en"")"
나만의 가죽키링만들기,"=GOOGLETRANSLATE(A91, ""ko"", ""en"")"
세상에 하나 뿐인 나만의 도자기 만들기 원데이 클래스,"=GOOGLETRANSLATE(A92, ""ko"", ""en"")"
안나도예공감은 도예 과정인 핸드빌딩과 물레수업을 통해 흙을 접하여 도자기 예술의 감성을 스스로 경험하며 세상에 단 하나밖에 없는 나 그리고 우리만의 도자기를 만들어 봅니다 :),"=GOOGLETRANSLATE(A93, ""ko"", ""en"")"
기업인들의 피로를 풀어주고 몸과 마음의 여유를 가지는 기업강의,"=GOOGLETRANSLATE(A94, ""ko"", ""en"")"
크리스마스 감성 한스푼 넣은 비누 만들기(1kg),"=GOOGLETRANSLATE(A95, ""ko"", ""en"")"
경기도 · 양주시 · 고암길,"=GOOGLETRANSLATE(A96, ""ko"", ""en"")"
경기도 양주시 고암길,"=GOOGLETRANSLATE(A97, ""ko"", ""en"")"
"궁중 흑임자 꽃다식만들기, 별내별가람역4호선 3분거리, 어린이클라스","=GOOGLETRANSLATE(A98, ""ko"", ""en"")"
"꽃다식이외에도 육포다식, 화분다식, 오미자다식, 송화다식, 금박다식, 화분다식 등등을 가르쳐 드리는 수업으로 수강생이 적극적으로 참여하게 만드는 수업으로  구성되어 있어요~~.","=GOOGLETRANSLATE(A99, ""ko"", ""en"")"
맑은 하루를 만들어주는 플라워 테라피,"=GOOGLETRANSLATE(A100, ""ko"", ""en"")"
"궁중 흑임자 꽃다식만들기, 별내별가람역4호선 3분거리, 정규클라스","=GOOGLETRANSLATE(A101, ""ko"", ""en"")"
경산/대구 곰돌이 스모어쿠키,"=GOOGLETRANSLATE(A102, ""ko"", ""en"")"
바다테라리움 원데이 클래스,"=GOOGLETRANSLATE(A103, ""ko"", ""en"")"
부산광역시 수영구 민락동 181-139 민락수변로13 3층,"=GOOGLETRANSLATE(A104, ""ko"", ""en"")"
부산 수영구 민락수변로 11,"=GOOGLETRANSLATE(A105, ""ko"", ""en"")"
봄과여름사이 캠프닉에 어울리는 보자기클래스,"=GOOGLETRANSLATE(A106, ""ko"", ""en"")"
수업시간은 탄력적으로 조율후 확정됩니다. 신청후 문의주세요.,"=GOOGLETRANSLATE(A107, ""ko"", ""en"")"
"66,500원","=GOOGLETRANSLATE(A108, ""ko"", ""en"")"
오브제 캔들 원데이 클래스,"=GOOGLETRANSLATE(A109, ""ko"", ""en"")"
구지원동 101호,"=GOOGLETRANSLATE(A110, ""ko"", ""en"")"
경상남도 창원시 마산회원구 내서읍 중리공단로 65 연구지원동 101호,"=GOOGLETRANSLATE(A111, ""ko"", ""en"")"
나만의 오로라 소주잔(컵) 만들기,"=GOOGLETRANSLATE(A112, ""ko"", ""en"")"
광주광역시 광산구 장덕로39번길 10 1층 미다모은공방,"=GOOGLETRANSLATE(A113, ""ko"", ""en"")"
J-palette Atlier,"=GOOGLETRANSLATE(A114, ""ko"", ""en"")"
층 제이파레트,"=GOOGLETRANSLATE(A115, ""ko"", ""en"")"
부산광역시 금정구 장전동 금정로 11-1 1층 제이파레트,"=GOOGLETRANSLATE(A116, ""ko"", ""en"")"
"58,200원","=GOOGLETRANSLATE(A117, ""ko"", ""en"")"
나만의 천연비누 만들기(500g),"=GOOGLETRANSLATE(A118, ""ko"", ""en"")"
"여러분들도 힐링하고, 내 손으로 만든 좋은 비누로 선물하는 기쁨과 내 피부도 보습으로 꽈악 챙기는 즐거움을 만들어보세요:)","=GOOGLETRANSLATE(A119, ""ko"", ""en"")"
"48,500원","=GOOGLETRANSLATE(A120, ""ko"", ""en"")"
제로웨이스트 주방비누만들기(1kg),"=GOOGLETRANSLATE(A121, ""ko"", ""en"")"
해운대 터프팅공방,"=GOOGLETRANSLATE(A122, ""ko"", ""en"")"
부산광역시 해운대구 좌동 1479-1 웅진시네아트 7층 701-3호,"=GOOGLETRANSLATE(A123, ""ko"", ""en"")"
나만의천연비누만들기(1kg),"=GOOGLETRANSLATE(A124, ""ko"", ""en"")"
바리스타,"=GOOGLETRANSLATE(A125, ""ko"", ""en"")"
천연 향 가득한 스머지스틱 만들기 클래스,"=GOOGLETRANSLATE(A126, ""ko"", ""en"")"
서울특별시 영등포구 당산동4가 당산로 161-9 1층,"=GOOGLETRANSLATE(A127, ""ko"", ""en"")"
꽃차 입문 클래스,"=GOOGLETRANSLATE(A128, ""ko"", ""en"")"
"보자기아트, 10가지 다양하고 아름다운 실용 보자기 포장","=GOOGLETRANSLATE(A129, ""ko"", ""en"")"
"네이버지도에 미니스톱명지위브점 치시고 편의점보이면 아파트안으로 조금만 들어오시면 빨간어닝친 과일가게보이실거예요~
간판은 신우재래시장입니닷 ^^","=GOOGLETRANSLATE(A130, ""ko"", ""en"")"
"전통의 재해석, 실생활에 쓰이는 5가지 보자기 포장 클래스","=GOOGLETRANSLATE(A131, ""ko"", ""en"")"
"네이버지도에 미니스톱명지위브점 치시고 편의점보이면 아파트안으로 조금만 들어오시면 빨간어닝친 과일가게보이실거예요~
간판은 신우재래시장입니닷","=GOOGLETRANSLATE(A132, ""ko"", ""en"")"
강아지 수제간식 만들기 (후르츠링과 댕런볼),"=GOOGLETRANSLATE(A133, ""ko"", ""en"")"
"반려동물푸드지도사, 반려동물베이커리지도사 자격증 등을 보유하고 있으며, 월랑월랑 자체 개발 레시피로 만든 수제간식을 판매 및 지도하고 있습니다.","=GOOGLETRANSLATE(A134, ""ko"", ""en"")"
프랑스자수로 수놓는 손수건,"=GOOGLETRANSLATE(A135, ""ko"", ""en"")"
서울특별시 강남구 강남대로110길 38 1층,"=GOOGLETRANSLATE(A136, ""ko"", ""en"")"
최고급향료를 조합하여 나만의 향을 만드는 특별한 시간,"=GOOGLETRANSLATE(A137, ""ko"", ""en"")"
증편원데이클래스,"=GOOGLETRANSLATE(A138, ""ko"", ""en"")"
트로디오빌,"=GOOGLETRANSLATE(A139, ""ko"", ""en"")"
서울특별시 마포구 신공덕동 백범로 199 메트로디오빌,"=GOOGLETRANSLATE(A140, ""ko"", ""en"")"
마크라메 네트백 만들기_핸드메이드 가방 만들기,"=GOOGLETRANSLATE(A141, ""ko"", ""en"")"
주차시 연락 주세요:),"=GOOGLETRANSLATE(A142, ""ko"", ""en"")"
개성주악(우메기떡) 원데이클래스,"=GOOGLETRANSLATE(A143, ""ko"", ""en"")"
화과자 자격증 창업클래스,"=GOOGLETRANSLATE(A144, ""ko"", ""en"")"
내방의 작은 변화 감성 네온사인 만들기 원데이클래스,"=GOOGLETRANSLATE(A145, ""ko"", ""en"")"
업사이클링북바인딩,"=GOOGLETRANSLATE(A146, ""ko"", ""en"")"
부산광역시 사상구 주례동 167-13 2층,"=GOOGLETRANSLATE(A147, ""ko"", ""en"")"
좋은 재료로 직접 만드는 디저트 #제주베이킹클래스,"=GOOGLETRANSLATE(A148, ""ko"", ""en"")"
광양라탄공방 라움라탄 라탄자개모빌 만들기 원데이클래스,"=GOOGLETRANSLATE(A149, ""ko"", ""en"")"
전라남도 · 광양시 · 광장로,"=GOOGLETRANSLATE(A150, ""ko"", ""en"")"
전라남도 광양시 광장로,"=GOOGLETRANSLATE(A151, ""ko"", ""en"")"
광주아르헨티나탱고 원데이클래스,"=GOOGLETRANSLATE(A152, ""ko"", ""en"")"
층 광주리베르탱고,"=GOOGLETRANSLATE(A153, ""ko"", ""en"")"
광주광역시 북구 임동 중흥로 77 4층 광주리베르탱고,"=GOOGLETRANSLATE(A154, ""ko"", ""en"")"
봄꽃 컵케이크(설기케이크),"=GOOGLETRANSLATE(A155, ""ko"", ""en"")"
서울 · 영등포구 · 신길동,"=GOOGLETRANSLATE(A156, ""ko"", ""en"")"
서울 영등포구 신길동,"=GOOGLETRANSLATE(A157, ""ko"", ""en"")"
보자기클래스,"=GOOGLETRANSLATE(A158, ""ko"", ""en"")"
대구광역시 남구 대명동 현충로 40,"=GOOGLETRANSLATE(A159, ""ko"", ""en"")"
라탄 미니조명(건전지),"=GOOGLETRANSLATE(A160, ""ko"", ""en"")"
있도록 소수인원으로 클래스를 진행합니다,"=GOOGLETRANSLATE(A161, ""ko"", ""en"")"
1:1 영어초보를 위한 실무 비즈니스 영작: E-Mail Writing,"=GOOGLETRANSLATE(A162, ""ko"", ""en"")"
러스홈 건물 402호,"=GOOGLETRANSLATE(A163, ""ko"", ""en"")"
서울특별시 관악구 봉천동 인헌2길 9-3 플러스홈 건물 402호,"=GOOGLETRANSLATE(A164, ""ko"", ""en"")"
광주광역시 수채화 원데이클래스,"=GOOGLETRANSLATE(A165, ""ko"", ""en"")"
원하시는 이미지로 그림을 완성해가실 수 있는 클래스입니다.,"=GOOGLETRANSLATE(A166, ""ko"", ""en"")"
감성소품 라탄 원데이클래스,"=GOOGLETRANSLATE(A167, ""ko"", ""en"")"
이외에도 다양한 제품들이 궁금하시다면 블로그와 인스타그램을 참고해 주세요!,"=GOOGLETRANSLATE(A168, ""ko"", ""en"")"
광주광역시 오일파스텔 원데이클래스,"=GOOGLETRANSLATE(A169, ""ko"", ""en"")"
피크닉에 어울리는 보자기포장 원데이클래스,"=GOOGLETRANSLATE(A170, ""ko"", ""en"")"
활용도가 높고 쉽게 구할 수 있는 보자기로 마음을 담아 선물할 수 있어요,"=GOOGLETRANSLATE(A171, ""ko"", ""en"")"
자수 도안을 조금더 쉽게 그리는 방법,"=GOOGLETRANSLATE(A172, ""ko"", ""en"")"
부산광역시 부산진구 전포동 동성로 50,"=GOOGLETRANSLATE(A173, ""ko"", ""en"")"
꽃자수 원데이,"=GOOGLETRANSLATE(A174, ""ko"", ""en"")"
제주도 제주시 연동 삼무로1길 10,"=GOOGLETRANSLATE(A175, ""ko"", ""en"")"
가죽카드지갑 동전지갑 만들기,"=GOOGLETRANSLATE(A176, ""ko"", ""en"")"
울산광역시 중구 약사동 북부순환도로 746-1 2층,"=GOOGLETRANSLATE(A177, ""ko"", ""en"")"
울산광역시 중구 약사동 북부순환도로 746-1,"=GOOGLETRANSLATE(A178, ""ko"", ""en"")"
조약돌 가죽키링 만들기,"=GOOGLETRANSLATE(A179, ""ko"", ""en"")"
베지터블 가죽 키링만들기,"=GOOGLETRANSLATE(A180, ""ko"", ""en"")"
플라워 샵 마스터과정,"=GOOGLETRANSLATE(A181, ""ko"", ""en"")"
경상북도 경주시 황성동 황성로 35-3,"=GOOGLETRANSLATE(A182, ""ko"", ""en"")"
텀블러 가방만들기(양말목 공예),"=GOOGLETRANSLATE(A183, ""ko"", ""en"")"
서울특별시 마포구 망원동 월드컵로19길 23,"=GOOGLETRANSLATE(A184, ""ko"", ""en"")"
예측할 수 없는 즐거움 푸어링 아트,"=GOOGLETRANSLATE(A185, ""ko"", ""en"")"
팝아트 초상화 클래스 아크릴화 주1회 4주,"=GOOGLETRANSLATE(A186, ""ko"", ""en"")"
"서울특별시 강서구 마곡동 마곡서1로 146, 마곡엠밸리 201-1203호","=GOOGLETRANSLATE(A187, ""ko"", ""en"")"
라탄공예-자작나무 합판 바구니 만들기,"=GOOGLETRANSLATE(A188, ""ko"", ""en"")"
일스위트 617호,"=GOOGLETRANSLATE(A189, ""ko"", ""en"")"
부산광역시 남구 대연동 수영로 294 동일스위트 617호,"=GOOGLETRANSLATE(A190, ""ko"", ""en"")"
라탄 원데이 클래스/케인 소품 클래스/등공예사 자격증반,"=GOOGLETRANSLATE(A191, ""ko"", ""en"")"
부산광역시 남구 대연동 수영로 294,"=GOOGLETRANSLATE(A192, ""ko"", ""en"")"
부산 남구 수영로 294,"=GOOGLETRANSLATE(A193, ""ko"", ""en"")"
맘스 매직 원데이클래스,"=GOOGLETRANSLATE(A194, ""ko"", ""en"")"
서울특별시 서초구 방배동 방배천로18길 10 2층,"=GOOGLETRANSLATE(A195, ""ko"", ""en"")"
수채 일러스트 초상화,"=GOOGLETRANSLATE(A196, ""ko"", ""en"")"
부산광역시 중구 중앙동 대청로 138,"=GOOGLETRANSLATE(A197, ""ko"", ""en"")"
꽃을 이용한 나만의 소품 만들기 (인천),"=GOOGLETRANSLATE(A198, ""ko"", ""en"")"
인천광역시 계양구 작전동 도두리로 58 203호,"=GOOGLETRANSLATE(A199, ""ko"", ""en"")"
수채화 엽서 원데이클래스,"=GOOGLETRANSLATE(A200, ""ko"", ""en"")"
산순대돼지국밥건물 3층 302호 아무아트,"=GOOGLETRANSLATE(A201, ""ko"", ""en"")"
부산광역시 중구 중앙동 대청로 138 부산순대돼지국밥건물 3층 302호 아무아트,"=GOOGLETRANSLATE(A202, ""ko"", ""en"")"
위빙 벽장식 원데이클래스,"=GOOGLETRANSLATE(A203, ""ko"", ""en"")"
코팰리스 3층,"=GOOGLETRANSLATE(A204, ""ko"", ""en"")"
부산 강서구 명지국제2로28번길 34 에코팰리스 3층,"=GOOGLETRANSLATE(A205, ""ko"", ""en"")"
스터피아 터프팅 공방 원데이 클래스,"=GOOGLETRANSLATE(A206, ""ko"", ""en"")"
서울특별시 중랑구 묵동 중랑역로 178 지하,"=GOOGLETRANSLATE(A207, ""ko"", ""en"")"
"궁중 흑임자 꽃다식만들기, 별내별가람역4호선 3분거리, 원데이클라스","=GOOGLETRANSLATE(A208, ""ko"", ""en"")"
수제맥주 만들기,"=GOOGLETRANSLATE(A209, ""ko"", ""en"")"
서울특별시 중구 인현동1가 을지로20길 24-11,"=GOOGLETRANSLATE(A210, ""ko"", ""en"")"
도예클래스,"=GOOGLETRANSLATE(A211, ""ko"", ""en"")"
광주광역시 동구 계림동 중흥로 242 1층,"=GOOGLETRANSLATE(A212, ""ko"", ""en"")"
"누구나 할 수 있는 은공예로 반지, 목걸이 만들기","=GOOGLETRANSLATE(A213, ""ko"", ""en"")"
부산광역시 사하구 감천동 감내1로175번안길 34-1,"=GOOGLETRANSLATE(A214, ""ko"", ""en"")"
홈베이킹 원데이클래스,"=GOOGLETRANSLATE(A215, ""ko"", ""en"")"
부산광역시 북구 덕천동 만덕대로 164,"=GOOGLETRANSLATE(A216, ""ko"", ""en"")"
스킨스쿠버,"=GOOGLETRANSLATE(A217, ""ko"", ""en"")"
"서울특별시 서초구 서초동 강남대로 305, 725호","=GOOGLETRANSLATE(A218, ""ko"", ""en"")"
나만의 써지컬 팔찌만들기,"=GOOGLETRANSLATE(A219, ""ko"", ""en"")"
플라워클래스,"=GOOGLETRANSLATE(A220, ""ko"", ""en"")"
원하시는 작품을 고르시어 1:1로 수강가능하세요.,"=GOOGLETRANSLATE(A221, ""ko"", ""en"")"
자전거 청소도 OK! 입문용 자전거정비!,"=GOOGLETRANSLATE(A222, ""ko"", ""en"")"
경기도 군포시 금정동 당산로135번길 41,"=GOOGLETRANSLATE(A223, ""ko"", ""en"")"
물레로 만드는 한상 차림,"=GOOGLETRANSLATE(A224, ""ko"", ""en"")"
부산광역시 사하구 장림동 다대로300번길 42,"=GOOGLETRANSLATE(A225, ""ko"", ""en"")"
"기초 취미,심화,창업반","=GOOGLETRANSLATE(A226, ""ko"", ""en"")"
반짝반짝 워터쉐이커 만들기 (키링/그립톡 선택),"=GOOGLETRANSLATE(A227, ""ko"", ""en"")"
광주광역시 북구 용봉동 반룡로 20-2 2층,"=GOOGLETRANSLATE(A228, ""ko"", ""en"")"
건강한 몸과 마음의 움직임 요가 클래스,"=GOOGLETRANSLATE(A229, ""ko"", ""en"")"
층 뮤온요가&필라테스,"=GOOGLETRANSLATE(A230, ""ko"", ""en"")"
서울특별시 강북구 수유3동 도봉로 325 7층 뮤온요가&필라테스,"=GOOGLETRANSLATE(A231, ""ko"", ""en"")"
원예테라피,"=GOOGLETRANSLATE(A232, ""ko"", ""en"")"
서울특별시 관악구 신림동 난곡로26길 58,"=GOOGLETRANSLATE(A233, ""ko"", ""en"")"
광안리_ 2022년 호랑이띠 마크라메 벽장식만들기,"=GOOGLETRANSLATE(A234, ""ko"", ""en"")"
부산광역시 수영구 민락동 민락수변로 13,"=GOOGLETRANSLATE(A235, ""ko"", ""en"")"
플라워 떡케이크,"=GOOGLETRANSLATE(A236, ""ko"", ""en"")"
플라워 젤캔들 홀더+타블렛,"=GOOGLETRANSLATE(A237, ""ko"", ""en"")"
"49,900원","=GOOGLETRANSLATE(A238, ""ko"", ""en"")"
레진아트,"=GOOGLETRANSLATE(A239, ""ko"", ""en"")"
경기도 · 하남시 · 미사강변중앙로31번길15,"=GOOGLETRANSLATE(A240, ""ko"", ""en"")"
경기도 하남시 미사강변중앙로31번길15,"=GOOGLETRANSLATE(A241, ""ko"", ""en"")"
섬아뜰리에 야외 아트 클래스(원데이클래스 / 정규클래스),"=GOOGLETRANSLATE(A242, ""ko"", ""en"")"
부산광역시 강서구 천성동 천성로39번길 6-15,"=GOOGLETRANSLATE(A243, ""ko"", ""en"")"
귤림공방 뚜껑카드지갑 : 원데이클래스,"=GOOGLETRANSLATE(A244, ""ko"", ""en"")"
제주도 서귀포시 신효동 효돈로123번길 21-1,"=GOOGLETRANSLATE(A245, ""ko"", ""en"")"
스테인드글라스 스터디그룹,"=GOOGLETRANSLATE(A246, ""ko"", ""en"")"
올대디,"=GOOGLETRANSLATE(A247, ""ko"", ""en"")"
충청북도 청주시 흥덕구 증안로22번길 13-5 층 올대디,"=GOOGLETRANSLATE(A248, ""ko"", ""en"")"
제주 썬캐쳐만들기 원데이클래스,"=GOOGLETRANSLATE(A249, ""ko"", ""en"")"
제주시 공항근처 해안도로에 있는 도두마을에서 공방을 운영하고 있어요~,"=GOOGLETRANSLATE(A250, ""ko"", ""en"")"
솜솜청키백 만들기 (해운대 원데이클래스),"=GOOGLETRANSLATE(A251, ""ko"", ""en"")"
동아파트,"=GOOGLETRANSLATE(A252, ""ko"", ""en"")"
부산광역시 해운대구 우동 해운대해변로 85 경동아파트,"=GOOGLETRANSLATE(A253, ""ko"", ""en"")"
내가 만드는 댕댕이산책용품,"=GOOGLETRANSLATE(A254, ""ko"", ""en"")"
F 더넛츠컴퍼니X스튜디오G1,"=GOOGLETRANSLATE(A255, ""ko"", ""en"")"
부산광역시 수영구 광안동 광서로 30 2F 더넛츠컴퍼니X스튜디오G1,"=GOOGLETRANSLATE(A256, ""ko"", ""en"")"
예그리나 도예공방 물레 정규반,"=GOOGLETRANSLATE(A257, ""ko"", ""en"")"
"서울특별시 강동구 고덕동 동남로81길 54, 예그리나도예공방","=GOOGLETRANSLATE(A258, ""ko"", ""en"")"
영문캘리그라피 이탤릭체클래스(정규 클래스),"=GOOGLETRANSLATE(A259, ""ko"", ""en"")"
서울특별시 영등포구 당산동1가 영등포로27길 23-1 1층,"=GOOGLETRANSLATE(A260, ""ko"", ""en"")"
멍냥젤리 키링만들기 (키즈클래스가능),"=GOOGLETRANSLATE(A261, ""ko"", ""en"")"
광주광역시 북구 반룡로 20-2 2층,"=GOOGLETRANSLATE(A262, ""ko"", ""en"")"
광주광역시 북구 반룡로 20-2,"=GOOGLETRANSLATE(A263, ""ko"", ""en"")"
나만의 별자리 그립톡 만들기 (키즈클래스 가능),"=GOOGLETRANSLATE(A264, ""ko"", ""en"")"
"광주광역시 북구 반룡로 20-2, 2층","=GOOGLETRANSLATE(A265, ""ko"", ""en"")"
겨울감성 통통실 니트가방 만들기,"=GOOGLETRANSLATE(A266, ""ko"", ""en"")"
원하시는 길이의 어깨스트랩으로 제작해서,"=GOOGLETRANSLATE(A267, ""ko"", ""en"")"
크리스마스리스 만들기,"=GOOGLETRANSLATE(A268, ""ko"", ""en"")"
나의 버킷리스트! 프리다이빙 자격증 취득하기!,"=GOOGLETRANSLATE(A269, ""ko"", ""en"")"
울종합운동장 5m 잠수풀,"=GOOGLETRANSLATE(A270, ""ko"", ""en"")"
서울특별시 송파구 올림픽로 25 서울종합운동장 5m 잠수풀,"=GOOGLETRANSLATE(A271, ""ko"", ""en"")"
팝아트 초상화 원데이클래스,"=GOOGLETRANSLATE(A272, ""ko"", ""en"")"
알숨달숨 공방 _ 유리/도자 전사지클래스,"=GOOGLETRANSLATE(A273, ""ko"", ""en"")"
탄역푸르지오시티 b동 상가 327호,"=GOOGLETRANSLATE(A274, ""ko"", ""en"")"
경기도 화성시 동탄1동 동탄대로 551-16  동탄역푸르지오시티 b동 상가 327호,"=GOOGLETRANSLATE(A275, ""ko"", ""en"")"
"38,400원","=GOOGLETRANSLATE(A276, ""ko"", ""en"")"
원데이메이크업/눈썹그리기/정규수강,"=GOOGLETRANSLATE(A277, ""ko"", ""en"")"
부산광역시 연제구 연산4동 거제천로230번길 81,"=GOOGLETRANSLATE(A278, ""ko"", ""en"")"
프라이빗 메이크업 /원데이/정규클래스,"=GOOGLETRANSLATE(A279, ""ko"", ""en"")"
원하시는 수업으로 문의주세요,"=GOOGLETRANSLATE(A280, ""ko"", ""en"")"
이니셜 은 팔찌만들기 순은(99.9)의 순도높은 은재료로 전통방식,"=GOOGLETRANSLATE(A281, ""ko"", ""en"")"
부산광역시 수영구 망미2동 망미번영로 61,"=GOOGLETRANSLATE(A282, ""ko"", ""en"")"
이건 앞치마일까? 원피스일까? 하루만에 만드는 앞치마(원데이 클래스),"=GOOGLETRANSLATE(A283, ""ko"", ""en"")"
콘그라운드 SH107호,"=GOOGLETRANSLATE(A284, ""ko"", ""en"")"
부산광역시 수영구 망미번영로 69-1 비콘그라운드 SH107호,"=GOOGLETRANSLATE(A285, ""ko"", ""en"")"
기초 요가,"=GOOGLETRANSLATE(A286, ""ko"", ""en"")"
서울 · 용산구 · 장문로,"=GOOGLETRANSLATE(A287, ""ko"", ""en"")"
서울 용산구 장문로,"=GOOGLETRANSLATE(A288, ""ko"", ""en"")"
천연 비누_까메오 비누 만들기(선물포장),"=GOOGLETRANSLATE(A289, ""ko"", ""en"")"
만족도 높은 수업 진행을 위해 소수정예로 진행되는 점 참고해주세요:),"=GOOGLETRANSLATE(A290, ""ko"", ""en"")"
반려견 피모케어 천연제품 만들기,"=GOOGLETRANSLATE(A291, ""ko"", ""en"")"
서울특별시 강남구 역삼2동 도곡로 213,"=GOOGLETRANSLATE(A292, ""ko"", ""en"")"
20여종 캐릭터로 차량용석고방향제 원데이클래스,"=GOOGLETRANSLATE(A293, ""ko"", ""en"")"
전라남도 화순군 화순읍 부처샘길 1-3,"=GOOGLETRANSLATE(A294, ""ko"", ""en"")"
당신에게 '쉼' 이란 무엇입니까?,"=GOOGLETRANSLATE(A295, ""ko"", ""en"")"
제주감성무드등만들기 원데이클래스,"=GOOGLETRANSLATE(A296, ""ko"", ""en"")"
제주시 공항근처 바닷가 해안도로에 있는 이쁜 마을에서 공방을 하고 있어요,"=GOOGLETRANSLATE(A297, ""ko"", ""en"")"
나만의향수만들기,"=GOOGLETRANSLATE(A298, ""ko"", ""en"")"
대구광역시 남구 대명10동 대명복개로 39 1층,"=GOOGLETRANSLATE(A299, ""ko"", ""en"")"
터프팅 체험 클래스,"=GOOGLETRANSLATE(A300, ""ko"", ""en"")"
부산광역시 수영구 광안동 수영로618번길 19 1층,"=GOOGLETRANSLATE(A301, ""ko"", ""en"")"
부산 수영구 수영로618번길 4,"=GOOGLETRANSLATE(A302, ""ko"", ""en"")"
영어키즈베이킹,"=GOOGLETRANSLATE(A303, ""ko"", ""en"")"
경기도 김포시 구래동 솔터로22 메트로타워 예미지상가 216호,"=GOOGLETRANSLATE(A304, ""ko"", ""en"")"
경기 김포시 솔터로 22,"=GOOGLETRANSLATE(A305, ""ko"", ""en"")"
추석용돈봉투 원데이클래스,"=GOOGLETRANSLATE(A306, ""ko"", ""en"")"
부산광역시 수영구 민락동 광남로 271 1층,"=GOOGLETRANSLATE(A307, ""ko"", ""en"")"
채선책 드로잉스튜디오,"=GOOGLETRANSLATE(A308, ""ko"", ""en"")"
제주도 서귀포시 남원읍 태위로 238,"=GOOGLETRANSLATE(A309, ""ko"", ""en"")"
제주향기 향연의치유 백플로우 인센스콘만들기,"=GOOGLETRANSLATE(A310, ""ko"", ""en"")"
제주도에서 새로운 체험을 하고 싶으신 분들을 위한!,"=GOOGLETRANSLATE(A311, ""ko"", ""en"")"
바다캔들만들기/투명디퓨져용기만들기,"=GOOGLETRANSLATE(A312, ""ko"", ""en"")"
제주도에서 새롭게 즐길 수 있는 아로마 체험입니다.,"=GOOGLETRANSLATE(A313, ""ko"", ""en"")"
Event <이달의비누> 예쁜천연비누만들기,"=GOOGLETRANSLATE(A314, ""ko"", ""en"")"
"부산광역시 남구 대연3동 수영로 312, 1312호 대연동, 센츄리빌딩","=GOOGLETRANSLATE(A315, ""ko"", ""en"")"
"부산광역시 남구 대연3동 수영로 312, 1312호 (대연동, 센츄리빌딩)","=GOOGLETRANSLATE(A316, ""ko"", ""en"")"
"66,330원","=GOOGLETRANSLATE(A317, ""ko"", ""en"")"
약산성 샴푸바 만들기 원데이 클래스,"=GOOGLETRANSLATE(A318, ""ko"", ""en"")"
가 2층 2호,"=GOOGLETRANSLATE(A319, ""ko"", ""en"")"
경기도 광주시 초월읍 경충대로 1081-20 상가 2층 2호,"=GOOGLETRANSLATE(A320, ""ko"", ""en"")"
애나앤소프 천연비누 숙성비누 원데이클래스,"=GOOGLETRANSLATE(A321, ""ko"", ""en"")"
수제도장 원데이클래스,"=GOOGLETRANSLATE(A322, ""ko"", ""en"")"
부산광역시 남구 대연동 58-6 2층 카페위드,"=GOOGLETRANSLATE(A323, ""ko"", ""en"")"
"달다구리제작소의 마카롱, 머랭, 레터링케이크 원데이클래스입니다 :D","=GOOGLETRANSLATE(A324, ""ko"", ""en"")"
서울특별시 서대문구 홍제1동 통일로27길 5 1층,"=GOOGLETRANSLATE(A325, ""ko"", ""en"")"
"R석 15만원, S석 12만원, A석 9만원,  B석 6만원, C석 3만원","=GOOGLETRANSLATE(A326, ""ko"", ""en"")"
"R석 7만원, S석 5만원, A석 3만원","=GOOGLETRANSLATE(A327, ""ko"", ""en"")"
"R 150,000 S 120,000 A 80,000 B 40,000 C 10,000","=GOOGLETRANSLATE(A328, ""ko"", ""en"")"
서울시립교향악단 1588-1210,"=GOOGLETRANSLATE(A329, ""ko"", ""en"")"
예인예술기획 02-586-0945,"=GOOGLETRANSLATE(A330, ""ko"", ""en"")"
"R 50,000원, S 30,000원, A 20,000원","=GOOGLETRANSLATE(A331, ""ko"", ""en"")"
"일반 50,000원 대학(대학원)생 30,000원 예술인 35,000원","=GOOGLETRANSLATE(A332, ""ko"", ""en"")"
"입장료 10,000원","=GOOGLETRANSLATE(A333, ""ko"", ""en"")"
"재료비 10,000원","=GOOGLETRANSLATE(A334, ""ko"", ""en"")"
"참가비: 50,000원","=GOOGLETRANSLATE(A335, ""ko"", ""en"")"
전석 2만원,"=GOOGLETRANSLATE(A336, ""ko"", ""en"")"
전석3만원 (성동구민 1만5천원),"=GOOGLETRANSLATE(A337, ""ko"", ""en"")"
"성인 30,000원 | 청소년 25,000원 | 예술인패스 25,000원","=GOOGLETRANSLATE(A338, ""ko"", ""en"")"
"R석 60,000원 S석 40,000원","=GOOGLETRANSLATE(A339, ""ko"", ""en"")"
"성인 25,000원 입장권","=GOOGLETRANSLATE(A340, ""ko"", ""en"")"
"OP석 190,000원","=GOOGLETRANSLATE(A341, ""ko"", ""en"")"
대한민국역사박물관 02-3703-9200,"=GOOGLETRANSLATE(A342, ""ko"", ""en"")"
서울시립미술관 02-2124-8868,"=GOOGLETRANSLATE(A343, ""ko"", ""en"")"
"서울시립 북서울미술관 02-2124-5248, 9","=GOOGLETRANSLATE(A344, ""ko"", ""en"")"
"패키지 48,000원","=GOOGLETRANSLATE(A345, ""ko"", ""en"")"
"전석 1,000원","=GOOGLETRANSLATE(A346, ""ko"", ""en"")"
전석 3만원,"=GOOGLETRANSLATE(A347, ""ko"", ""en"")"
"전석 20,000원[패키지권 구매 시 20% 할인]","=GOOGLETRANSLATE(A348, ""ko"", ""en"")"
R석 2만원 S석 1만5천원,"=GOOGLETRANSLATE(A349, ""ko"", ""en"")"
전석 2만원(강북구민 1만원),"=GOOGLETRANSLATE(A350, ""ko"", ""en"")"
"180,000원(10회차)","=GOOGLETRANSLATE(A351, ""ko"", ""en"")"
클로즈업 : 인생영화 [#2 찬실이는 복도 많지],"=GOOGLETRANSLATE(A352, ""ko"", ""en"")"
"성인 20,000원","=GOOGLETRANSLATE(A353, ""ko"", ""en"")"
"120,000원(10회차)","=GOOGLETRANSLATE(A354, ""ko"", ""en"")"
아이들 콘서트 : 클래식 with 디토 오케스트라,"=GOOGLETRANSLATE(A355, ""ko"", ""en"")"
종로 아이들극장,"=GOOGLETRANSLATE(A356, ""ko"", ""en"")"
2026년 3월 서울역사문화답사 신청 안내,"=GOOGLETRANSLATE(A357, ""ko"", ""en"")"
2026 서울 유아차 런,"=GOOGLETRANSLATE(A358, ""ko"", ""en"")"
광화문광장,"=GOOGLETRANSLATE(A359, ""ko"", ""en"")"
서울특별시 종로구 세종대로 지하 172 (세종로),"=GOOGLETRANSLATE(A360, ""ko"", ""en"")"
"50,000원 *불참시 참가비 환불은 불가합니다.","=GOOGLETRANSLATE(A361, ""ko"", ""en"")"
하주애 신승훈 조인트 피아노 리사이틀,"=GOOGLETRANSLATE(A362, ""ko"", ""en"")"
2026 로열인문학 [하루키가 사랑한 재즈],"=GOOGLETRANSLATE(A363, ""ko"", ""en"")"
2026 서울시향 아주 특별한 콘서트,"=GOOGLETRANSLATE(A364, ""ko"", ""en"")"
"R 30,000원 S 20,000원","=GOOGLETRANSLATE(A365, ""ko"", ""en"")"
3월 [영어스토리텔링],"=GOOGLETRANSLATE(A366, ""ko"", ""en"")"
성동구립도서관,"=GOOGLETRANSLATE(A367, ""ko"", ""en"")"
서울 성동구 고산자로10길 9,"=GOOGLETRANSLATE(A368, ""ko"", ""en"")"
2026 M 초이스 발레 [갓 GAT],"=GOOGLETRANSLATE(A369, ""ko"", ""en"")"
"R석 80,000원, S석 60,000원","=GOOGLETRANSLATE(A370, ""ko"", ""en"")"
서울대학교미술관 02-880-9504,"=GOOGLETRANSLATE(A371, ""ko"", ""en"")"
"R석 70,000원 S석 60,000원","=GOOGLETRANSLATE(A372, ""ko"", ""en"")"
"성인 22,000 청소년 18,000 어린이 15,000","=GOOGLETRANSLATE(A373, ""ko"", ""en"")"
(주)아트큐브컴퍼니,"=GOOGLETRANSLATE(A374, ""ko"", ""en"")"
청계천박물관 02-2286-3410,"=GOOGLETRANSLATE(A375, ""ko"", ""en"")"
바로크비올리스트 장민경의 The Bach III,"=GOOGLETRANSLATE(A376, ""ko"", ""en"")"
PROMENADE,"=GOOGLETRANSLATE(A377, ""ko"", ""en"")"
"R석 10만원, S석 8만원, A석 5만원, B석 3만원, C석 2만원","=GOOGLETRANSLATE(A378, ""ko"", ""en"")"
"150,000원(10회차)","=GOOGLETRANSLATE(A379, ""ko"", ""en"")"
프로그램별 상이,"=GOOGLETRANSLATE(A380, ""ko"", ""en"")"
02-2153-0000,"=GOOGLETRANSLATE(A381, ""ko"", ""en"")"
2026 M 초이스 이자람 판소리 갈라 [작창 2007/2015],"=GOOGLETRANSLATE(A382, ""ko"", ""en"")"
"R석 40,000원, S석 30,000원","=GOOGLETRANSLATE(A383, ""ko"", ""en"")"
"2026 서울시향 얍 판 츠베덴의 브루크너 교향곡 4번 ①, ②","=GOOGLETRANSLATE(A384, ""ko"", ""en"")"
"R 120,000원 S 90,000원 A 60,000원 B 30,000원 C 10,000원","=GOOGLETRANSLATE(A385, ""ko"", ""en"")"
자세한 정보는 '바로가기' 링크를 통해 확인하시기 바랍니다. 해당 공연·전시 프로그램은 주최자·공연자 등의 사정에 따라 변경될 수 있습니다. 1688-2220,"=GOOGLETRANSLATE(A386, ""ko"", ""en"")"
051-780-6060,"=GOOGLETRANSLATE(A387, ""ko"", ""en"")"
"Back to the Nature 청화랑에서는 3월 전시로 김제민, 이경하 작가의 Back to the Nature 전시가 열립니다. 김제민 · 이경하 작가는 자연을 깊이 사랑하며 각기 다른 시선과 매체로 자연과 인간의 관계를 탐구해 왔습니다. 김제민 작가는 과슈와 유화를 활용해 자연이나 사물을 의인화하며, 우리가 무심코 지나치기 쉬운 순간들을 재치 있고 따뜻한 장면으로 풀어냅니다. 일상 속 자연의 표정과 감정을 포착해 관람객에게 새로운 시선을 제안합니다. 이경하 작가는 목탄과 유화 물감을 주 재료로 사용하여, 거대한 자연 속에서 살아가는 현대인의 모습을 담아냅니다. 광활한 풍경과 인물의 대비를 통해 인간 존재의 연약함과 동시에 자연과의 공존 가능성을 사유하게 합니다. 우리는 자연으로부터 얼마나 멀어졌고, 다시 어떻게 돌아갈 수 있을까. 자연을 향한 두 작가의 진솔한 시선을 통해, 일상 속에서 잊고 있던 자연의 의미를 다시 생각하는 시간이 되시길 바랍니다. 제목: Back to the Nature : 김제민 이경하 기간: 26. 3.10-3.28 장소: 서울 강남구 삼성로 147길 4, 청화랑 관람시간: 화-금 11-18시, 토 : 11-17시 문의: 02 543 1663 해당 공연·전시 프로그램은 주최자·공연자 등의 사정에 따라 변경될 수 있습니다. 1688-2220","=GOOGLETRANSLATE(A388, ""ko"", ""en"")"
02-543-1663,"=GOOGLETRANSLATE(A389, ""ko"", ""en"")"
02-747-6485,"=GOOGLETRANSLATE(A390, ""ko"", ""en"")"
054-330-6680,"=GOOGLETRANSLATE(A391, ""ko"", ""en"")"
"전석 4,000원","=GOOGLETRANSLATE(A392, ""ko"", ""en"")"
052-980-2290,"=GOOGLETRANSLATE(A393, ""ko"", ""en"")"
031-790-7979,"=GOOGLETRANSLATE(A394, ""ko"", ""en"")"
070-8183-9755,"=GOOGLETRANSLATE(A395, ""ko"", ""en"")"
031-323-6500,"=GOOGLETRANSLATE(A396, ""ko"", ""en"")"
우리 아빠가 최고야,"=GOOGLETRANSLATE(A397, ""ko"", ""en"")"
070-7807-0701,"=GOOGLETRANSLATE(A398, ""ko"", ""en"")"
"R석 30,000원, S석 20,000원, A석 10,000원","=GOOGLETRANSLATE(A399, ""ko"", ""en"")"
032-209-0788,"=GOOGLETRANSLATE(A400, ""ko"", ""en"")"
"전석 5,000원","=GOOGLETRANSLATE(A401, ""ko"", ""en"")"
032-439-5001,"=GOOGLETRANSLATE(A402, ""ko"", ""en"")"
051-970-2771,"=GOOGLETRANSLATE(A403, ""ko"", ""en"")"
"클로즈업 마술은 멀리서 보는 공연이 아니라, 마술사와 바로 눈앞에서 함께 호흡하며 즐기는 특별한 경험입니다. 대화를 나누고, 직접 만지고, 생생하게 느끼며 마술의 순간을 가까이에서 만나보세요. 마술사의 생각을 듣고 관객의 의견도 자유롭게 나눌 수 있는 열린 마술 공간, 전문 클로즈업 마술사의 섬세한 손기술과 김치 마술사의 유쾌한 코믹 마술이 한 자리에서 펼쳐집니다. 가족, 친구, 연인과 함께 제페토에서 잊지 못할 추억을 만들어 보세요. 해당 공연·전시 프로그램은 주최자·공연자 등의 사정에 따라 변경될 수 있습니다. 1688-2220","=GOOGLETRANSLATE(A404, ""ko"", ""en"")"
0507-1303-9369,"=GOOGLETRANSLATE(A405, ""ko"", ""en"")"
라푼젤,"=GOOGLETRANSLATE(A406, ""ko"", ""en"")"
롯데백화점 문화홀,"=GOOGLETRANSLATE(A407, ""ko"", ""en"")"
대구광역시 북구 태평로 161 (칠성동2가),"=GOOGLETRANSLATE(A408, ""ko"", ""en"")"
070-4700-9095,"=GOOGLETRANSLATE(A409, ""ko"", ""en"")"
울주문화예술회관 052-980-2270,"=GOOGLETRANSLATE(A410, ""ko"", ""en"")"
전석무료,"=GOOGLETRANSLATE(A411, ""ko"", ""en"")"
"아동 16,000원
성인 8,000원","=GOOGLETRANSLATE(A412, ""ko"", ""en"")"
053-430-7765,"=GOOGLETRANSLATE(A413, ""ko"", ""en"")"
"R석 90,000원, S석 70,000원","=GOOGLETRANSLATE(A414, ""ko"", ""en"")"
031-392-6419​,"=GOOGLETRANSLATE(A415, ""ko"", ""en"")"
053-422-6280​,"=GOOGLETRANSLATE(A416, ""ko"", ""en"")"
"전석 15,000원","=GOOGLETRANSLATE(A417, ""ko"", ""en"")"
1899-5566,"=GOOGLETRANSLATE(A418, ""ko"", ""en"")"
티켓링크 1588-7890,"=GOOGLETRANSLATE(A419, ""ko"", ""en"")"
"1층석 25,000원, 2층석 15,000원","=GOOGLETRANSLATE(A420, ""ko"", ""en"")"
1566-7623,"=GOOGLETRANSLATE(A421, ""ko"", ""en"")"
영도문화예술회관 051-419-5571,"=GOOGLETRANSLATE(A422, ""ko"", ""en"")"
02-532-4876,"=GOOGLETRANSLATE(A423, ""ko"", ""en"")"
02-541-3150,"=GOOGLETRANSLATE(A424, ""ko"", ""en"")"
"전석 6,000원","=GOOGLETRANSLATE(A425, ""ko"", ""en"")"
서산시 문화회관 041-661-8031,"=GOOGLETRANSLATE(A426, ""ko"", ""en"")"
010-8510-419,"=GOOGLETRANSLATE(A427, ""ko"", ""en"")"
지클레프 02-515-5123,"=GOOGLETRANSLATE(A428, ""ko"", ""en"")"
충주시립우륵국악단 043-850-3705,"=GOOGLETRANSLATE(A429, ""ko"", ""en"")"
창원시립합창단 055-297-5832,"=GOOGLETRANSLATE(A430, ""ko"", ""en"")"
"2025년, 광복 80주년을 맞아 ‘되찾음’의 의미를 다시 생각해 봅니다. 1945년 광복부터 1948년 정부 수립까지 해방공간의 3년은 단순히 일제의 식민지배에서 벗어난 시기가 아니라, 잃어버린 이름을 되찾고, 왜곡된 역사를 바로 세우며, 우리의 말과 문화, 기억을 회복해 나가는 치열한 여정이었습니다. 또한 함께 기억해야 할 기념일을 정하며 ‘나와 우리’의 정체성을 다시금 확인하는 시간이기도 했습니다. 이번 전시는 격동의 해방공간 속에서 온전한 우리를 되찾고자했던 뜨거운 노력을 조명합니다. ‘다시 우리로’ 돌아가려는 염원과 새로운 나라에 대한 기대가 가득했던 그때의 모습을 만나보시기 바랍니다. 해당 공연·전시 프로그램은 주최자·공연자 등의 사정에 따라 변경될 수 있습니다. 1688-2220","=GOOGLETRANSLATE(A431, ""ko"", ""en"")"
"김대수는 청소년 시절부터 이어져 온 인간의 본질에 대한 질문으로부터 출발하여, 흐르는 시간과 나의 존재에 대한 성찰을 주제로 활동하는 사진작가이다. 작가의 인생 속 수년 간의 해외 생활은 한국인이라는 정체성을 더욱 확고하게 만들었다. 그리고 자신의 뿌리에 대한 탐구 속에서 선조들이 학예에 즐겨 다뤘던 소재인 사군자(매화, 국화, 난초, 대나무) 중 하나인 대나무에 매료된다. 속이 비어 있음에도 곧게 뻗어나는 대나무가 어떠한 고난 속에서도 곧은 정신을 잃지 않으려는 선비들의 기개를 상징한다고 말하는 김대수 작가는 이러한 ‘선비정신’ 이 한국인의 내면 속 누구에게나 존재하는 고귀한 정신이라고 덧붙이며, 작품을 통해 오늘날 그것을 잊고 살아가는 사회와 사람들에게 깨달음을 제공한다. 뿐만 아니라 그의 작품 속 조형적 구도와 흑백 필름의 사용, 작업 과정 역시 음양의 조화, 백의 민족 등의 의미를 담아 한국적 정서를 자극하고 있다. 이번 3월 갤러리 이마주에서 진행되는 김대수 작가의 개인전 [Luminous Sonata]를 통해 그가 오랜 시간 탐구해 온 대나무의 강한 생명력과 정신력이 전달하는 선비정신을 직접 느껴 보길 바란다. 해당 공연·전시 프로그램은 주최자·공연자 등의 사정에 따라 변경될 수 있습니다. 1688-2220","=GOOGLETRANSLATE(A432, ""ko"", ""en"")"
02-557-1950,"=GOOGLETRANSLATE(A433, ""ko"", ""en"")"
현대문화 02-2266-1307,"=GOOGLETRANSLATE(A434, ""ko"", ""en"")"
"R석 99,000원, S석 77,000원","=GOOGLETRANSLATE(A435, ""ko"", ""en"")"
02-333-9009,"=GOOGLETRANSLATE(A436, ""ko"", ""en"")"
"R석 50,000원, S석 30,000원","=GOOGLETRANSLATE(A437, ""ko"", ""en"")"
1661-0461,"=GOOGLETRANSLATE(A438, ""ko"", ""en"")"
"R석 70,000원, S석 55,000원","=GOOGLETRANSLATE(A439, ""ko"", ""en"")"
02-6954-0772,"=GOOGLETRANSLATE(A440, ""ko"", ""en"")"
062-613-8233,"=GOOGLETRANSLATE(A441, ""ko"", ""en"")"
project 유성우 창단연주회,"=GOOGLETRANSLATE(A442, ""ko"", ""en"")"
"[프로그램]


<1부> 

Tchaikovsky - 1812 Overture 

Tchaikovsky - Symphony No.5 4th Movement 


<2부>

Jacob De Haan - Oregon 

Alfred Reed - El Camino Real 

Jacob De Haan - Ross Roy 

Steven reineke - The Witch And The Saint 

Itaru Saika - The Seventh Night Of July


* 본 프로그램은 주최 측 사정에 따라 변경될 수 있습니다.","=GOOGLETRANSLATE(A443, ""ko"", ""en"")"
정조테마공연장 031-290-3573,"=GOOGLETRANSLATE(A444, ""ko"", ""en"")"
"VIP석 120,000원
R석 90,000원
S석 70,000원
A석 50,000원","=GOOGLETRANSLATE(A445, ""ko"", ""en"")"
"02-6292-9368,9370","=GOOGLETRANSLATE(A446, ""ko"", ""en"")"
"꼭두, 80일간의 세계일주","=GOOGLETRANSLATE(A447, ""ko"", ""en"")"
서울 | 남산골한옥마을 서울남산국악당 크라운해태홀,"=GOOGLETRANSLATE(A448, ""ko"", ""en"")"
서울특별시 중구 퇴계로34길 28,"=GOOGLETRANSLATE(A449, ""ko"", ""en"")"
자세한 정보는 '바로가기' 링크를 통해 확인하시기 바랍니다. 자세한 정보는 '바로가기' 링크를 통해 확인하시기 바랍니다. 해당 공연·전시 프로그램은 주최자·공연자 등의 사정에 따라 변경될 수 있습니다. 1688-2220,"=GOOGLETRANSLATE(A450, ""ko"", ""en"")"
서울남산국악당 02-6358-5500,"=GOOGLETRANSLATE(A451, ""ko"", ""en"")"
틀려도 괜찮아,"=GOOGLETRANSLATE(A452, ""ko"", ""en"")"
02-555-0822,"=GOOGLETRANSLATE(A453, ""ko"", ""en"")"
"VIP석 150,000원, OP석 150,000원, R석 120,000원, S석 100,000원, A석 80,000원","=GOOGLETRANSLATE(A454, ""ko"", ""en"")"
"NOL티켓 1644-2620, 1544-1555","=GOOGLETRANSLATE(A455, ""ko"", ""en"")"
"R석 70,000원
S석 50,000원
A석 30,000원","=GOOGLETRANSLATE(A456, ""ko"", ""en"")"
"전남도립미술관은 동시대 예술의 주요 작품을 소장품으로 수집하고 이를 지역민과 공유함으로써, 공공 미술관의 문화적 가치를 나누는 사회적 역할을 수행해 왔다. 이번 미디어 소장품전 《데이터와 인공지능, 상상적 풍경, 허구적 서사》는 미술관이 수집해 온 미디어아트 작품 중 ‘티안(Tahn)’, ‘김창겸’, ‘리너스 반 데 벨데(Rinus Van de Velde)’의 작품을 선보이며, 동시대 미디어아트가 기술과 상상력을 통해 현실을 새롭게 구성하는 방식을 조망한다. 전시에 소개되는 세 작가는 ‘데이터와 인공지능’, ‘상상적 풍경’, ‘허구적 서사’라는 각자의 방식으로 새로운 세계를 구축함으로써 현실과 상상의 경계를 넘나드는 여정을 제안한다. 티안은 데이터와 인공지능 기술을 활용해 전라남도의 자연 풍경을 재구성하여, 가시적인 풍경과 비가시적인 데이터 층위가 공존하는 새로운 산수화를 제시한다. 김창겸은 3D 디지털 이미지로 상상적 풍경을 창조하며, 현실과 환상이 교차하는 몽환적 세계를 펼쳐 보인다. 리너스 반 데 벨데는 20세기 외광파 예술가의 하루를 출발점으로 한 상상적 서사를 통해 자신만의 가상 세계관을 구축한다. 《데이터와 인공지능, 상상적 풍경, 허구적 서사》의 세 작가는 각자의 방식으로 현실의 경계를 넘어서며, 우리가 세계를 경험하고 이해하는 방식에 새로운 가능성을 제시한다. 이번 전시를 통해 우리가 살아가는 세계를 새로운 시선으로 바라보고, 기술과 상상력이 현실을 더욱 풍요롭게 만드는 힘을 경험하기를 기대한다. 해당 공연·전시 프로그램은 주최자·공연자 등의 사정에 따라 변경될 수 있습니다. 1688-2220","=GOOGLETRANSLATE(A457, ""ko"", ""en"")"
"성인 1,000원 / 어린이, 청소년, 대학생, 군인, 예술인 700원","=GOOGLETRANSLATE(A458, ""ko"", ""en"")"
전남도립미술관 061-760-3242~3,"=GOOGLETRANSLATE(A459, ""ko"", ""en"")"
"2026 경기시나위오케스트라 치유음악회 <숨, Breath> with 이두헌 밴드","=GOOGLETRANSLATE(A460, ""ko"", ""en"")"
경기 | 경기아트센터 대극장,"=GOOGLETRANSLATE(A461, ""ko"", ""en"")"
경기도 수원시 팔달구 효원로307번길 20,"=GOOGLETRANSLATE(A462, ""ko"", ""en"")"
다섯손가락의 리더 이두헌밴드와 전통음악의 현재를 이끌어가는 경기시나위오케스트라의 ‘함께 회복’하는 치유음악회 해당 공연·전시 프로그램은 주최자·공연자 등의 사정에 따라 변경될 수 있습니다. 1688-2220,"=GOOGLETRANSLATE(A463, ""ko"", ""en"")"
R석 4만원 / S석 3만원 / A석 2만원,"=GOOGLETRANSLATE(A464, ""ko"", ""en"")"
031-230-3200,"=GOOGLETRANSLATE(A465, ""ko"", ""en"")"
1544-1555,"=GOOGLETRANSLATE(A466, ""ko"", ""en"")"
2026 대관령음악제 기획공연 강원의 사계 <봄> 김준형 피아노 리사이틀,"=GOOGLETRANSLATE(A467, ""ko"", ""en"")"
강원 | 강릉아트센터 소공연장,"=GOOGLETRANSLATE(A468, ""ko"", ""en"")"
강원특별자치도 강릉시 종합운동장길 84,"=GOOGLETRANSLATE(A469, ""ko"", ""en"")"
"R석 30,000원 / S석 20,000원","=GOOGLETRANSLATE(A470, ""ko"", ""en"")"
대관령음악제운영실 033-240-1361,"=GOOGLETRANSLATE(A471, ""ko"", ""en"")"
"R석 25,000원
S석 15,000원","=GOOGLETRANSLATE(A472, ""ko"", ""en"")"
02-6083-7782,"=GOOGLETRANSLATE(A473, ""ko"", ""en"")"
백건우와 슈베르트,"=GOOGLETRANSLATE(A474, ""ko"", ""en"")"
"R석 120,000원
S석 90,000원
A석 70,000원
B석 50,000원","=GOOGLETRANSLATE(A475, ""ko"", ""en"")"
"통영국제음악제, 주빈 캉가: 더 사이보그 피아니스트 Ⅲ","=GOOGLETRANSLATE(A476, ""ko"", ""en"")"
경남 | 통영국제음악당 블랙박스,"=GOOGLETRANSLATE(A477, ""ko"", ""en"")"
경상남도 통영시 큰발개1길 38 통영국제음악당,"=GOOGLETRANSLATE(A478, ""ko"", ""en"")"
통영국제음악재단 055-650-0400,"=GOOGLETRANSLATE(A479, ""ko"", ""en"")"
인천문화예술회관 032-420-2739,"=GOOGLETRANSLATE(A480, ""ko"", ""en"")"
피아니스트 강혜윤 & 정지혜 듀오 리사이틀,"=GOOGLETRANSLATE(A481, ""ko"", ""en"")"
"[PROGRAM]

F. Schubert (1797-1828)
Sonata in B-flat Major for Piano Four Hands, D. 617
I. Allegro moderato
II. Andante con moto
III. Allegretto
1st 강혜윤 2nd 정지혜

A. Dvořák (1841-1904) - Slavonic Dances
Op. 46 No. 1 in C Major – Furiant
Op. 72 No. 2 in E minor – Dumka
Op. 46 No. 8 in G minor – Furiant
1st 정지혜 2nd 강혜윤

-Intermission-

C. Debussy (1862-1918)
Petite Suite for Piano Four Hands, L. 65
I. En bateau
II. Cortège
III. Menuet
IV. Ballet
1st 강혜윤 2nd 정지혜

G. Bizet (1838-1875) - Jeux d’enfants, Op.22
I. L'Escarpolette - Rêverie
II. La Toupie - Impromptu
III. La Poupée - Berceuse
IV. Les Chevaux de bois - Scherzo
V. Le Volant - Fantaisie
VI. Trompette et Tambour - Marche
VII. Les Bulles de Savon - Rondino
VIII. Les quatre coins - Esquisse
IX. Colin-Maillard - Nocturne
X. Saute-Mouton - Caprice
XI. Petit mari, Petite femme - Duo
XII. Le Bal - Galop
1st 정지혜 2nd 강혜윤","=GOOGLETRANSLATE(A482, ""ko"", ""en"")"
위드클래식 070-4324-6360,"=GOOGLETRANSLATE(A483, ""ko"", ""en"")"
"피아니스트 신대연 리사이틀: 세상에서 가장 긴 죽음, Bill Evans","=GOOGLETRANSLATE(A484, ""ko"", ""en"")"
콘서트홀 나누,"=GOOGLETRANSLATE(A485, ""ko"", ""en"")"
서울특별시 마포구 망원로 66 (망원동),"=GOOGLETRANSLATE(A486, ""ko"", ""en"")"
"통영국제음악제, 통영페스티벌오케스트라 Ⅲ","=GOOGLETRANSLATE(A487, ""ko"", ""en"")"
"VVIP석 150,000원
VIP석 120,000원
R석 100,000원
S석 80,000원
A석 50,000원
B석 30,000원","=GOOGLETRANSLATE(A488, ""ko"", ""en"")"
051-519-5661~4,"=GOOGLETRANSLATE(A489, ""ko"", ""en"")"
063-859-3254,"=GOOGLETRANSLATE(A490, ""ko"", ""en"")"
인어공주,"=GOOGLETRANSLATE(A491, ""ko"", ""en"")"
신세계 문화홀,"=GOOGLETRANSLATE(A492, ""ko"", ""en"")"
부산 해운대구 센텀남대로 35,"=GOOGLETRANSLATE(A493, ""ko"", ""en"")"
054-933-6912,"=GOOGLETRANSLATE(A494, ""ko"", ""en"")"
어느 60대 노부부 이야기,"=GOOGLETRANSLATE(A495, ""ko"", ""en"")"
을숙도문화회관 대공연장,"=GOOGLETRANSLATE(A496, ""ko"", ""en"")"
부산 사하구 낙동남로1233번길 25,"=GOOGLETRANSLATE(A497, ""ko"", ""en"")"
"1층석 30,000원
2층석 20,000원","=GOOGLETRANSLATE(A498, ""ko"", ""en"")"
홍주문화회관 041-634-0021,"=GOOGLETRANSLATE(A499, ""ko"", ""en"")"
"세계적으로 독창적인 구조와 작품성을 인정받은 판소리, 역동적 울림과 장단의 사물놀이, 또 다른 恨(한)의 소리 재즈! 한 편의 드라마가 펼쳐지는 ‘길’의 아름다운 여정 위에 여러분을 초대합니다. 초행, 님의노래, 일곱 갈래 길, 꽃비, 경천동지, 씻김, 이바디 등 해당 공연·전시 프로그램은 주최자·공연자 등의 사정에 따라 변경될 수 있습니다. 1688-2220","=GOOGLETRANSLATE(A500, ""ko"", ""en"")"
충주시문화회관 043-850-3912,"=GOOGLETRANSLATE(A501, ""ko"", ""en"")"
삼척문화예술회관 033-572-1331,"=GOOGLETRANSLATE(A502, ""ko"", ""en"")"
스테이지엠 0507-1338-4810,"=GOOGLETRANSLATE(A503, ""ko"", ""en"")"
064-760-3368,"=GOOGLETRANSLATE(A504, ""ko"", ""en"")"
1588-5234,"=GOOGLETRANSLATE(A505, ""ko"", ""en"")"
051-926-0047,"=GOOGLETRANSLATE(A506, ""ko"", ""en"")"
천안예술의전당 1566-0155,"=GOOGLETRANSLATE(A507, ""ko"", ""en"")"
070-4047-3447,"=GOOGLETRANSLATE(A508, ""ko"", ""en"")"
"R석 40,000원
S석 30,000원
시야제한석 15,000원","=GOOGLETRANSLATE(A509, ""ko"", ""en"")"
054-840-3600,"=GOOGLETRANSLATE(A510, ""ko"", ""en"")"
피노키오,"=GOOGLETRANSLATE(A511, ""ko"", ""en"")"
"일반석 14,900원
특가석 9,900원","=GOOGLETRANSLATE(A512, ""ko"", ""en"")"
1566-7356,"=GOOGLETRANSLATE(A513, ""ko"", ""en"")"
064-710-4202,"=GOOGLETRANSLATE(A514, ""ko"", ""en"")"
"VIP석 220,000원
R석 190,000원
S석 160,000원
A석 130,000원
B석 100,000원
C석 50,000원
시야제한석 R석 112,000원
시야제한석 A석 91,000원
시야제한석 B석 70,000원
시야제한석 C석 35,000원","=GOOGLETRANSLATE(A515, ""ko"", ""en"")"
02-360-4525,"=GOOGLETRANSLATE(A516, ""ko"", ""en"")"
백설공주,"=GOOGLETRANSLATE(A517, ""ko"", ""en"")"
광주디자인센터 이벤트홀,"=GOOGLETRANSLATE(A518, ""ko"", ""en"")"
광주 광산구 앰코로 35,"=GOOGLETRANSLATE(A519, ""ko"", ""en"")"
"사전예약 10,000원","=GOOGLETRANSLATE(A520, ""ko"", ""en"")"
정글북,"=GOOGLETRANSLATE(A521, ""ko"", ""en"")"
"전석 14,900원","=GOOGLETRANSLATE(A522, ""ko"", ""en"")"
070-7349-7549,"=GOOGLETRANSLATE(A523, ""ko"", ""en"")"
070-8095-4866,"=GOOGLETRANSLATE(A524, ""ko"", ""en"")"
아비람 라이케르트 피아노 독주회,"=GOOGLETRANSLATE(A525, ""ko"", ""en"")"
"[프로그램]

1부

베토벤, 피아노 소나타 제 1번
L.v.Beethoven, Piano Sonata No.1 in F minor, Op.2 No.1

베토벤, 피아노 소나타 제 30번
L.v.Beethoven, Piano Sonata No.30 in E Major, Op.109

슈베르트, 피아노 소나타 제 14번
F.Schubert, Piano Sonata No.14 in A minor, D.784

Intermission

쇼팽, 피아노 소나타 제 2번
F.Chopin, Piano Sonata No.2 in B Flat minor, Op.35

프랑크, 프렐류드 코랄 그리고 푸가
C.Franck, Prelude, Choral et Fugue

*연주자의 사정으로 프로그램이 변경될 수 있습니다.","=GOOGLETRANSLATE(A526, ""ko"", ""en"")"
콘서트디자인 02-597-2004,"=GOOGLETRANSLATE(A527, ""ko"", ""en"")"
02-2204-7574,"=GOOGLETRANSLATE(A528, ""ko"", ""en"")"
"R석 2만원, S석 1만5천원","=GOOGLETRANSLATE(A529, ""ko"", ""en"")"
02-3477-2805,"=GOOGLETRANSLATE(A530, ""ko"", ""en"")"
수원시립공연단 제29회 정기공연 연극 <십번기>,"=GOOGLETRANSLATE(A531, ""ko"", ""en"")"
수원시립공연단 031-267-1644,"=GOOGLETRANSLATE(A532, ""ko"", ""en"")"
할리퀸크리에이션즈(주) 02-336-2528,"=GOOGLETRANSLATE(A533, ""ko"", ""en"")"
070-8844-6413,"=GOOGLETRANSLATE(A534, ""ko"", ""en"")"
070-8822-5592,"=GOOGLETRANSLATE(A535, ""ko"", ""en"")"
"R석 88,000원, S석 66,000원","=GOOGLETRANSLATE(A536, ""ko"", ""en"")"
055-344-1800,"=GOOGLETRANSLATE(A537, ""ko"", ""en"")"
031-390-3500,"=GOOGLETRANSLATE(A538, ""ko"", ""en"")"
흥부와 놀부,"=GOOGLETRANSLATE(A539, ""ko"", ""en"")"
검단복지회관 공연장(대강당),"=GOOGLETRANSLATE(A540, ""ko"", ""en"")"
인천 서구 완정로92번길 18,"=GOOGLETRANSLATE(A541, ""ko"", ""en"")"
동래문화회관 051-550-6611,"=GOOGLETRANSLATE(A542, ""ko"", ""en"")"
053-430-7667~8,"=GOOGLETRANSLATE(A543, ""ko"", ""en"")"
055-359-4500,"=GOOGLETRANSLATE(A544, ""ko"", ""en"")"
"전석 154,000원","=GOOGLETRANSLATE(A545, ""ko"", ""en"")"
예스24공연 1544-6399,"=GOOGLETRANSLATE(A546, ""ko"", ""en"")"
02-2614-7962,"=GOOGLETRANSLATE(A547, ""ko"", ""en"")"
"전석 77,000원","=GOOGLETRANSLATE(A548, ""ko"", ""en"")"
02-2633-2071,"=GOOGLETRANSLATE(A549, ""ko"", ""en"")"
이지영 바이올린 독주회,"=GOOGLETRANSLATE(A550, ""ko"", ""en"")"
케이클래식스테이지 02-523-7789,"=GOOGLETRANSLATE(A551, ""ko"", ""en"")"
전석 3만원 (음료 및 다과 제공),"=GOOGLETRANSLATE(A552, ""ko"", ""en"")"
02-523-5844,"=GOOGLETRANSLATE(A553, ""ko"", ""en"")"
경기필 마스터피스 시리즈 II <라흐마니노프 교향곡 2번>,"=GOOGLETRANSLATE(A554, ""ko"", ""en"")"
"경기필 2026 시즌 마스터피스 시리즈의 두 번째 무대로, 지휘자 홀리 최와 첼리스트 최하영이 함께하며 낭만시대 특유의 풍부한 선율과 서정성을 느낄 수 있는 무대 마련 해당 공연·전시 프로그램은 주최자·공연자 등의 사정에 따라 변경될 수 있습니다. 1688-2220","=GOOGLETRANSLATE(A555, ""ko"", ""en"")"
R석 7만원 / S석 5만원 / A석 3만원,"=GOOGLETRANSLATE(A556, ""ko"", ""en"")"
"금호영재콘서트, 김시언 첼로 독주회","=GOOGLETRANSLATE(A557, ""ko"", ""en"")"
"[PROGRAM]

 
György Ligeti 죄르지 리게티
첼로 독주를 위한 소나타
Sonata for Solo Cello
Dialogo. Adagio, rubato, cantabile
Capriccio. Presto con slancio

 
드미트리 쇼스타코비치 Dmitry Shostakovich
첼로와 피아노를 위한 소나타 d단조, Op.40
Sonata for Cello and Piano in d minor, Op.40
Allegro non troppo
Allegro
Largo
Allegro

 
I N T E R M I S S I O N


로베르트 슈만 Robert Schumann
첼로와 피아노를 위한 아다지오와 알레그로 A-flat장조, Op.70
Adagio and Allegro for Cello and Piano in A-flat Major, Op.70
Adagio. Langsam, mit innigem Ausdruck
Allegro. Rasch und feurig – Etwas ruhigert – Tempo I

 
표트르 일리치 차이콥스키 Pyotr Il’yich Tchaikovsky
첼로와 피아노를 위한 로코코 주제에 의한 변주곡 A장조, Op.33
Variations on a Rococo Theme for Cello and Piano in A Major, Op.33
Introduction & Theme. Moderato semplice
Var.I Tempo del Tema
Var.II Tempo del Tema
Var.III Andante sostenuto
Var.IV Andante grazioso
Var.V Allegro moderato
Var.VI Andante
Var.VII and Coda. Allegro vivo","=GOOGLETRANSLATE(A558, ""ko"", ""en"")"
"전석 13,000원","=GOOGLETRANSLATE(A559, ""ko"", ""en"")"
금호문화재단 02-6303-1977,"=GOOGLETRANSLATE(A560, ""ko"", ""en"")"
구미호 식당,"=GOOGLETRANSLATE(A561, ""ko"", ""en"")"
070-4870-1931,"=GOOGLETRANSLATE(A562, ""ko"", ""en"")"
가족극 <Please Right Back>,"=GOOGLETRANSLATE(A563, ""ko"", ""en"")"
경기 | 경기아트센터 소극장,"=GOOGLETRANSLATE(A564, ""ko"", ""en"")"
"영국 극단 1927의 아시아 초연 가족극 〈Please Right Back〉,그래픽노블 비주얼과 노래·춤·코미디가 어우러진 환상적 무대 해당 공연·전시 프로그램은 주최자·공연자 등의 사정에 따라 변경될 수 있습니다. 1688-2220","=GOOGLETRANSLATE(A565, ""ko"", ""en"")"
"R석 35,000원 / S석 25,000원","=GOOGLETRANSLATE(A566, ""ko"", ""en"")"
"1층석 20,000원
2층석 10,000원","=GOOGLETRANSLATE(A567, ""ko"", ""en"")"
055-266-5580,"=GOOGLETRANSLATE(A568, ""ko"", ""en"")"
제96회 바로크와 현대가곡 연구회 정기연주회,"=GOOGLETRANSLATE(A569, ""ko"", ""en"")"
"[PROGRAM]

Soprano 최윤정
Laudate pueri Dominum RV 601
I. Laudate pueri
VII. Gloria Patri
VIII. Sicut erat
IX. Amen

Soprano 조주현
All’ombra di sospetto RV 678
1. Recitativo – All’ombra di sospetto
2. Aria – Avvezzo non è il core
3. Recitativo – Oh quanti amanti, oh quanti
4. Aria – Mentiti contenti son veri tormenti

Mezzo-soprano 최승윤
Filiae maestae Jerusalem RV 638
II. Largo

Soprano 마은비
O qui coeli terraeque serenitas RV 631
I. Aria – O qui coeli
IV. Alleluia

Soprano 강종희
Nulla in mundo pax sincera RV 630 (E major)

Mezzo-soprano 신민정
Sposa son disprezzata (Bajazet) RV 703

Soprano 도희선 / Mezzo-soprano 김민지
Gloria in D major RV 589 – Laudamus te

Soprano 도희선
Gloria in D major RV 589 – Domine Deus

Mezzo-soprano 김민지
Cessate, omai cessate RV 684","=GOOGLETRANSLATE(A570, ""ko"", ""en"")"
"춤의 정경, The Body Writes: 춤_이음","=GOOGLETRANSLATE(A571, ""ko"", ""en"")"
경기 | 경기국악원 국악당,"=GOOGLETRANSLATE(A572, ""ko"", ""en"")"
경기도 용인시 기흥구 민속촌로 89,"=GOOGLETRANSLATE(A573, ""ko"", ""en"")"
"경기도무용단 단원 18인 솔리스트가 라이브 연주에 맞춰 각자의 춤으로 써 내려가는, 전통춤부터 신무용계열까지의 여덟 개의 한국 춤 해당 공연·전시 프로그램은 주최자·공연자 등의 사정에 따라 변경될 수 있습니다. 1688-2220","=GOOGLETRANSLATE(A574, ""ko"", ""en"")"
"영산아트홀 02-6181-5260,5263","=GOOGLETRANSLATE(A575, ""ko"", ""en"")"
"군산시립합창단 063-454-5558, 5526","=GOOGLETRANSLATE(A576, ""ko"", ""en"")"
061-540-4038,"=GOOGLETRANSLATE(A577, ""ko"", ""en"")"
"VIP석 130,000원, R석 120,000원, S석 110,000원, A석 90,000원, B석 70,000원","=GOOGLETRANSLATE(A578, ""ko"", ""en"")"
02-540-2706,"=GOOGLETRANSLATE(A579, ""ko"", ""en"")"
한국의 멋과 정서를 담은 도자. 아리랑처럼 깊고 태극기처럼 굳건한 마음을 담은 최용근 작가의 작품을 갤러리원에서 만나보세요. 해당 공연·전시 프로그램은 주최자·공연자 등의 사정에 따라 변경될 수 있습니다. 1688-2220,"=GOOGLETRANSLATE(A580, ""ko"", ""en"")"
033-745-9994,"=GOOGLETRANSLATE(A581, ""ko"", ""en"")"
"VIP석 130,000원, R석 100,000원, S석 80,000원, A석 60,000원","=GOOGLETRANSLATE(A582, ""ko"", ""en"")"
"VIP석 100,000원, R석 80,000원, S석 60,000원, A석 40,000원","=GOOGLETRANSLATE(A583, ""ko"", ""en"")"
"‘연서’는 엘리자베스 키스가 한국 전통미에 바치는 시각적 사랑의 기록이자 편지라는 의미를 담고 있습니다. 외국 예술가의 시선으로 바라본 100년 전 조선의 아름다움을 한복으로 재현한 전시로, 시간의 흐름 속에서도 변하지 않은 한국 고유의 아름다움을 느껴보세요! 해당 공연·전시 프로그램은 주최자·공연자 등의 사정에 따라 변경될 수 있습니다. 1688-2220","=GOOGLETRANSLATE(A584, ""ko"", ""en"")"
순천문화재단 자원운영팀 061-746-2917,"=GOOGLETRANSLATE(A585, ""ko"", ""en"")"
덩덕쿵별쿵 어린왕자,"=GOOGLETRANSLATE(A586, ""ko"", ""en"")"
서울 | 노원어린이극장 구.노원어울림극장,"=GOOGLETRANSLATE(A587, ""ko"", ""en"")"
서울특별시 노원구 노해로 502,"=GOOGLETRANSLATE(A588, ""ko"", ""en"")"
02-2289-3452,"=GOOGLETRANSLATE(A589, ""ko"", ""en"")"
"전석 89,000원","=GOOGLETRANSLATE(A590, ""ko"", ""en"")"
예스24티켓 1544-6399,"=GOOGLETRANSLATE(A591, ""ko"", ""en"")"
맥베스 리포트 쇼,"=GOOGLETRANSLATE(A592, ""ko"", ""en"")"
"전석 45,000원","=GOOGLETRANSLATE(A593, ""ko"", ""en"")"
0507-1394-7138,"=GOOGLETRANSLATE(A594, ""ko"", ""en"")"
031-796-6556,"=GOOGLETRANSLATE(A595, ""ko"", ""en"")"
"R석 50,000원, S석 40,000원, A석 30,000원","=GOOGLETRANSLATE(A596, ""ko"", ""en"")"
043-642-3938,"=GOOGLETRANSLATE(A597, ""ko"", ""en"")"
방귀쟁이 며느리,"=GOOGLETRANSLATE(A598, ""ko"", ""en"")"
"R석 20,000원, S석 15,000원, A석 10,000원","=GOOGLETRANSLATE(A599, ""ko"", ""en"")"
성남시립교향악단 031-729-4809,"=GOOGLETRANSLATE(A600, ""ko"", ""en"")"
"통영국제음악제, 카운터테너 야쿠프 유제프 오를린스키 리사이틀","=GOOGLETRANSLATE(A601, ""ko"", ""en"")"
"S석 80,000원
A석 50,000원
B석 30,000원","=GOOGLETRANSLATE(A602, ""ko"", ""en"")"
"통영국제음악제, 하델리히와 친구들","=GOOGLETRANSLATE(A603, ""ko"", ""en"")"
"통영국제음악제, 일 자르디노 아르모니코 with 안나 프로하스카","=GOOGLETRANSLATE(A604, ""ko"", ""en"")"
"통영국제음악제, 박수예 바이올린 리사이틀","=GOOGLETRANSLATE(A605, ""ko"", ""en"")"
경남 | 통영국제음악당 콘서트홀,"=GOOGLETRANSLATE(A606, ""ko"", ""en"")"
경상남도 통영시 큰발개1길 38,"=GOOGLETRANSLATE(A607, ""ko"", ""en"")"
"A석 50,000원, B석 30,000원","=GOOGLETRANSLATE(A608, ""ko"", ""en"")"
"통영국제음악제, 루카스 & 아르투르 유센 듀오 리사이틀","=GOOGLETRANSLATE(A609, ""ko"", ""en"")"
"통영국제음악제, 경기필하모닉오케스트라 with 김선욱","=GOOGLETRANSLATE(A610, ""ko"", ""en"")"
"R석 30,000원
S석 20,000원
A석 10,000원
B석 5,000원","=GOOGLETRANSLATE(A611, ""ko"", ""en"")"
042-270-8382~8,"=GOOGLETRANSLATE(A612, ""ko"", ""en"")"
"「문학 비평담론 활성화 사업」 특별전시 [쓰는 독자, 읽는 비평가 ― 당신은 어떤 독자인가요?] - 전시 일정 및 장소 ㅇ 3.1.(일)~3.7.(토) 대전 다다르다 시도 (대전 중구 중교로 40) ㅇ 3.9.(월)~3.15.(일) 카페꼼마 여의도신영증권점 (서울시 영등포구 국제금융로8길 16) ㅇ 3.16.(월)~3.22(일) 영풍문고 종각종로본점 (서울시 종로구 청계천로41 영풍빌딩 B1~B2) ❝ 좋아하는 문학을 더 좋아하기 위해 선택한 문학비평은 어쩌면 당연한 길인지도 모릅니다. 종종 읽고 간혹 쓰는 시대에, 우리는 어김없이 읽고 쓰는 중입니다. ❞ - 전시 안내 ① 비평가의 문장으로 만나는 문학 블라인드 북 ② 당신은 어떤 독자인가요? ③ 문학을 손에 쥐는 순간 ④ 각기 다른 시선으로 문학을 읽고 사유하는 비평가 3인의 이야기 주최 | 문화체육관광부 주관 | 한국문화예술위원회 문의 | 한국문화예술위원회 문학지원팀(061-900-2329) 해당 공연·전시 프로그램은 주최자·공연자 등의 사정에 따라 변경될 수 있습니다. 1688-2220","=GOOGLETRANSLATE(A613, ""ko"", ""en"")"
한국문화예술위원회 문학지원팀 061-900-2329,"=GOOGLETRANSLATE(A614, ""ko"", ""en"")"
2026 서울시향 우리동네(실내악) : 나루아트센터,"=GOOGLETRANSLATE(A615, ""ko"", ""en"")"
서울 | 나루아트센터 대공연장,"=GOOGLETRANSLATE(A616, ""ko"", ""en"")"
서울특별시 광진구 능동로 76,"=GOOGLETRANSLATE(A617, ""ko"", ""en"")"
나루아트센터 02-2049-4700,"=GOOGLETRANSLATE(A618, ""ko"", ""en"")"
2026 서울시향 우리동네(실내악) : 정동제일교회,"=GOOGLETRANSLATE(A619, ""ko"", ""en"")"
서울 | 정동제일교회,"=GOOGLETRANSLATE(A620, ""ko"", ""en"")"
서울특별시 중구 정동길 46,"=GOOGLETRANSLATE(A621, ""ko"", ""en"")"
정동제일교회 02-753-0001,"=GOOGLETRANSLATE(A622, ""ko"", ""en"")"
2026 서울시향 체임버 클래식스 II: 슬라브,"=GOOGLETRANSLATE(A623, ""ko"", ""en"")"
서울 | 세종문화회관 세종체임버홀,"=GOOGLETRANSLATE(A624, ""ko"", ""en"")"
"프로그램 보로딘, 현악 사중주 제2번 Borodin, String Quartet No. 2 in D major 차이콥스키, 현악 육중주 ‘피렌체의 추억’ Tchaikovsky, String Sextet in D minor, Op. 70, ‘Souvenir de Florence’ ※ 프로그램 및 출연자는 변경될 수 있습니다. 해당 공연·전시 프로그램은 주최자·공연자 등의 사정에 따라 변경될 수 있습니다. 1688-2220","=GOOGLETRANSLATE(A625, ""ko"", ""en"")"
"R석 70,000원 S석 40,000원 A석 10,000원","=GOOGLETRANSLATE(A626, ""ko"", ""en"")"
064-722-8704,"=GOOGLETRANSLATE(A627, ""ko"", ""en"")"
"R석 30,000원
S석 20,000원
A석 10,000원","=GOOGLETRANSLATE(A628, ""ko"", ""en"")"
042-270-8585,"=GOOGLETRANSLATE(A629, ""ko"", ""en"")"
"전석 12,000원","=GOOGLETRANSLATE(A630, ""ko"", ""en"")"
02-544-1152,"=GOOGLETRANSLATE(A631, ""ko"", ""en"")"
밀양문화관광재단 055-359-4525~6,"=GOOGLETRANSLATE(A632, ""ko"", ""en"")"
클라시코예술기획 02-775-8600,"=GOOGLETRANSLATE(A633, ""ko"", ""en"")"
울산문예회관 052-275-9623,"=GOOGLETRANSLATE(A634, ""ko"", ""en"")"
02-2138-7373,"=GOOGLETRANSLATE(A635, ""ko"", ""en"")"
"이정빈 도예가는 불안과 안녕이라는 두 지점을 고민하여 동시대에 살아가는 현대인에게 부합할 수 있는 수호신 작업인 ‘냥업신’ 연작을 중심으로 작업을 펼쳐왔다. 해당 작업은 때때로 지역적인 흙이나 전통적인 기법을 매개로 형상화되기도 하며 이는 작가가 기술적 전통 계승에서 더 나아가, 자신의 작업에 있어 정서적 요소가 전통의 형성에 중요함을 반영하고 있는 결과이기도 하다. 이 전시는 핵심적으로 두 가지를 중심으로 설명된다. 시대적으로 만연한 불안과 염려에 대한 작가의 안녕을 전하는 방식을 다루는 동시에, 한국의 벽사와 기복이 지닌 관점에 대해 전달하고자 한다. 작가의 핵심 연작인 ‘냥업신’ 연작은 고양이라는 친근함과 가까운 감정과 동시에 수호신으로서 지닌 일종의 숭고와 위엄에 대한 모습을 동시에 보여준다. 또한 이 수호신이 가진 전통적 모티프인 벽사나 가정 신앙적 면모를 살펴보며 현시대에 우리가 지닌 기복적 관점이 달라졌을 수 있다는 질문을 던진다. 전시 제목 속 드는 것과 나는 것은 전통적으로 음과 양의 기운이 흘러오거나 흘러 나가는 것을 의미하며, 함께 쓰인 ‘그리고 곁‘은 우리의 거주 공간이나 영역의 옆에서 존재하는 수호신적인 대상이 놓인 자리를 이야기한다. 이 전시에서는 위압과 권위의 상징이 아닌 관계적 대상으로 놓여왔던 가정 신앙의 대상이 현대적인 모습으로 해석되는 동시에, 한국의 기복 신앙이 가지고 있는 태도가 순간의 좋은 일이나 행운을 바라는 것이 아닌 마치 그 기운을 있는 그대로 흘러가도록 만드는 일이었음을 보여준다. 작가의 작업은 현 시대가 지닌 불안에서 위로와 위안이 되는 동시에, 단순히 행운과 부를 떠나 우리가 흘려 보낼 것을 흘려 보낼 수 있는 마음과 들어오는 기운을 잘 마주할 수 있도록 하고 있는 수호신인 것이다. 본래 안녕이란 대단히 기쁘고 좋은 상태가 아닌 마치 넓은 강과 같은 존재이다. 넓은 강은 흐르고 있음에도, 어디도 흔들리지 않고 고요한 듯 보인다. 그럼에도 그것은 자신의 속도로 그 속에서 흐르고 있다. 이 전시를 보는 동안 수호신 중 하나가 마음에 놓여져 평안한 안녕을 함께해나가는 곁이 될 수 있기를 바란다. 해당 공연·전시 프로그램은 주최자·공연자 등의 사정에 따라 변경될 수 있습니다. 1688-2220","=GOOGLETRANSLATE(A636, ""ko"", ""en"")"
16아카이브 공식 이메일 (16akaiv@gmail.com),"=GOOGLETRANSLATE(A637, ""ko"", ""en"")"
김종희 귀국 오보에 독주회,"=GOOGLETRANSLATE(A638, ""ko"", ""en"")"
"김준희 피아노 독주회: 봄밤, 베토벤","=GOOGLETRANSLATE(A639, ""ko"", ""en"")"
"R석 30,000원
S석 20,000원","=GOOGLETRANSLATE(A640, ""ko"", ""en"")"
김수영 피아노 독주회,"=GOOGLETRANSLATE(A641, ""ko"", ""en"")"
"[PROGRAM]

C. Debussy
Préludes, Book I
No. 8 La fille aux cheveux de lin
No.7 Ce qu'a vu le vent d'ouest

L.v. Beethoven
Piano Sonata No.23 in f minor, Op.57 “Appassionata”

(Intermission)

F. Chopin
Mazurkas, Op.24

F. Chopin
Ballade No.1 in g minor, Op.23

H.Dutilleux
Piano Sonata III. Choral et Variations","=GOOGLETRANSLATE(A642, ""ko"", ""en"")"
J&R예술기획 02-3491-2370,"=GOOGLETRANSLATE(A643, ""ko"", ""en"")"
"미술관의 '얼굴'인 소장품은 수장고에 보존된 과거의 예술에 머무르지 않는다. 소장품은 지금 우리와 다시 만나 새로운 의미를 만들어내는 살아 있는 예술이다. 겹겹이 이어진 시간의 층위 속에서 소장품은 ""우리는 무엇을 해왔고, 무엇을 해야 하는가?""라는 질문을 던지며, 우리의 과거와 미래를 함께 사유하게 한다. 경기도미술관 20주년 《흐르고 쌓이는》은 소장품 125점으로 미술관의 지난 시간을 돌아보고 앞으로 나아갈 방향을 톺아본다. ""흐르고 쌓이는""이라는 제목은 흐르는 시간 위에 우리의 사유와 질문이 쌓이며 확장하는 과정을 은유한다. 이는 경기도미술관이 걸어온 20년과, 앞으로 소장품이 관람객과 함께 만들어갈 의미 있는 순간들을 아우른다. 이번 전시는 과거를 나열하는 것이 아니라, 과거의 기억이 현재로 소환되어 의미를 획득하는 순간에 주목한다. 서로 다른 시점에 태어나 미술관에 수집된 소장품은 지금 이곳에서 관람객을 만나 새로운 순간을 만든다. 이러한 만남은 ""예술과 삶은 어떻게 만나는가?,"" ""미술관은 관람객과 예술을 어떻게 연결하는가?""라는 미술관의 본질적 질문으로 이어진다. 전시는 예술의 근원적 시작에서부터 우리가 발 딛고 살아가는 일상의 풍경, 잊혀 가는 것들에 대한 기억, 그리고 연대와 실천에 이르기까지, 다섯 개의 질문으로 예술과 삶이 만나는 풍경을 펼쳐 보인다. 서로 다른 배경과 경험을 지닌 다양한 ‘우리’가 이 질문에 대한 각자의 생각을 쌓을 때, 전시는 더 풍성한 의미를 획득한다. ""예술은 ( ) 시작하는가?""―경계를 허물며 확장하는 예술에 대하여 ""우리는 ( ) 살아가는가?""―다채로운 일상의 면면과 삶의 궤적에 대하여 ""우리는 ( ) 기억하는가?""―잊혀 가는 기억을 현재로 소환하여 함께 기억하는 것에 대하여 ""예술은 ( ) 함께하는가?""―과정 속에서 연결하고, ‘함께’의 의미에 대하여 ""나는 ( ) 실천하는가?""―예술가의 태도를 통해 살펴본 사회적 실천에 대하여 질문의 괄호는 비워두었다. 그 빈칸을 채우며, 예술이 던지는 이야기에 귀 기울여 보자. 특히 마지막 질문에서는 2024년 기증된 작가 김정헌의 작품을 중심으로, 사회 구성원 중 하나의 예술가가 택한 태도와 실천을 조명한다. 예술에서 시작해 ‘우리’를 발견하고, 다시 예술에서 ‘나’를 발견하는 이 여정은 하나의 답을 향하지 않는다. 오히려 더 많은 질문과 만나게 한다. 소장품과 관람객이 만나는 ‘지금’의 순간, 관람객의 사유가 더해질 때 비로소 전시는 완성된다. 흐르고 쌓이는 예술과의 만남 속에서 ‘나’와 주변을 돌아보는 시간이 되기를 바란다. 해당 공연·전시 프로그램은 주최자·공연자 등의 사정에 따라 변경될 수 있습니다. 1688-2220","=GOOGLETRANSLATE(A644, ""ko"", ""en"")"
경기도미술관 031-481-7000,"=GOOGLETRANSLATE(A645, ""ko"", ""en"")"
김정문화회관 기획공연 토요일 토요일은 클래식 vol2. 서귀포합창단,"=GOOGLETRANSLATE(A646, ""ko"", ""en"")"
제주 | 김정문화회관,"=GOOGLETRANSLATE(A647, ""ko"", ""en"")"
제주특별자치도 서귀포시 김정문화로 32,"=GOOGLETRANSLATE(A648, ""ko"", ""en"")"
"2026 김정문화회관 기획공연 시리즈 ""토요일 토요일은 클래식"" 제주특별자치도립 서귀포합창단 <목소리의 온기> 2026. 04. 11 (토) 15시 해당 공연·전시 프로그램은 주최자·공연자 등의 사정에 따라 변경될 수 있습니다. 1688-2220","=GOOGLETRANSLATE(A649, ""ko"", ""en"")"
김정문화회관 064-760-3792,"=GOOGLETRANSLATE(A650, ""ko"", ""en"")"
김정문화회관 기획공연 토요일 토요일은 클래식 vol1. 서귀포관악단,"=GOOGLETRANSLATE(A651, ""ko"", ""en"")"
성남시립소년소녀합창단 031-729-4808,"=GOOGLETRANSLATE(A652, ""ko"", ""en"")"
"전석 33,000원","=GOOGLETRANSLATE(A653, ""ko"", ""en"")"
"R석 10,000원
S석 6,000원","=GOOGLETRANSLATE(A654, ""ko"", ""en"")"
"061-749-8624, 3428","=GOOGLETRANSLATE(A655, ""ko"", ""en"")"
"R석 50,000원
S석 30,000원
A석 20,000원","=GOOGLETRANSLATE(A656, ""ko"", ""en"")"
영음예술기획 02-581-5404,"=GOOGLETRANSLATE(A657, ""ko"", ""en"")"
02-747-5296,"=GOOGLETRANSLATE(A658, ""ko"", ""en"")"
제335회 부천필하모닉오케스트라 정기연주회: Romeo & Juliet,"=GOOGLETRANSLATE(A659, ""ko"", ""en"")"
부천시립예술단 032-327-7523,"=GOOGLETRANSLATE(A660, ""ko"", ""en"")"
목포시립합창단 061-274-9621,"=GOOGLETRANSLATE(A661, ""ko"", ""en"")"
제147회 광주시립소년소녀합창단 정기공연: 미라클 (Miracle),"=GOOGLETRANSLATE(A662, ""ko"", ""en"")"
광주시립소년소녀합창단 062-613-8246,"=GOOGLETRANSLATE(A663, ""ko"", ""en"")"
031-878-3205,"=GOOGLETRANSLATE(A664, ""ko"", ""en"")"
"허예름 작가의 개인전 전시 제목: <원본은 없다 버전 투> 전시 장소: 청년예술청 화이트갤러리 전시 기간 및 시간: 2026년 3월 19일~3월 24일, 14:00~22:00시(월요일 휴관) 전시 구분: 회화/디지털 아트, 현대 미술 전시 내용: 아날로그와 디지털 매체 혼합 방식으로 작업한 유니크 에디션 작품들을 선보이는 자리로, <원본은 없다>라는 제목의 작가의 최근 개인전에 이어 가는 전시이다. 작가 소개: 시각 예술가. <숨은 예술가들>, <소확행 아트컬렉션> 외 여러 단체전과 행사에 참여하였다. 개인전 <원본은 없다>를 치렀다. 작가의 그림과 글을 담은 책 <전시를 위한 서곡>(부크크) 및 작가의 영어 글과 그림으로 만든 책 Prelude to an Exhibition Once or Twice Forgotten(아마존닷컴)을 출간하였다. 온라인 사이트 비핸스(behance.net/yearumhuh), 인스타그램(@rumidelapaix) 등에서 활동해 왔다. 해당 공연·전시 프로그램은 주최자·공연자 등의 사정에 따라 변경될 수 있습니다. 1688-2220","=GOOGLETRANSLATE(A665, ""ko"", ""en"")"
청년예술청 화이트갤러리 0507-1324-9745,"=GOOGLETRANSLATE(A666, ""ko"", ""en"")"
02-708-5001,"=GOOGLETRANSLATE(A667, ""ko"", ""en"")"
"인류의 미래를 위해 우주로 파견된 탐사대원들은 미지의 행성에 착륙한다. 그러나 착륙의 충격으로 탐사선은 고장이 나고, 그들은 완전히 고립된다. 빠르게 고갈되는 자원과 무너지는 규칙들 속에서, 서로의 행동은 의심을 부르고 진실과 거짓이 뒤섞인 정보가 탐사선을 잠식한다. 구조를 기다리는 이들에게 남은 마지막 희망은 단 한 명만 탈 수 있는 비상탈출선. 과연 이들은 무사히 구조될 수 있을까? 해당 공연·전시 프로그램은 주최자·공연자 등의 사정에 따라 변경될 수 있습니다. 1688-2220","=GOOGLETRANSLATE(A668, ""ko"", ""en"")"
051-640-8888/8822,"=GOOGLETRANSLATE(A669, ""ko"", ""en"")"
0507-1345-1134,"=GOOGLETRANSLATE(A670, ""ko"", ""en"")"
061-281-3108,"=GOOGLETRANSLATE(A671, ""ko"", ""en"")"
053-430-7700,"=GOOGLETRANSLATE(A672, ""ko"", ""en"")"
042-270-8363~5,"=GOOGLETRANSLATE(A673, ""ko"", ""en"")"
"R석 77,000원, S석 66,000원, A석 55,000원","=GOOGLETRANSLATE(A674, ""ko"", ""en"")"
클립서비스㈜ 1577-3363,"=GOOGLETRANSLATE(A675, ""ko"", ""en"")"
". KIM WON KEUN 2026.3.5 - 4.25 부산 해운대구 해운대해변로 296, 파라다이스호텔 신관B1 갤러리마레 . . 김원근의 조각은 ‘웃음’에서 출발한다. 웅장하고 세련된 조각의 이미지 대신, 그는 우리 주변 어디에나 있을 법한 평범한 인물을 통해 삶의 온기를 전한다. 레진 에폭시라는 현대적 재료 위에 화려한 색채를 더한 그의 인체상은 특별한 동작 없이 조용히 서 있을 뿐이지만, 보는 이로 하여금 자연스러운 미소를 짓게 한다. 이번 전시 〈춘식의 봄〉은 힘들고 외롭던 긴 겨울을 지나 마침내 맞이한 따뜻한 봄날을 이야기한다. 작품 속 인물들은 짜리몽땅한 체구와 불룩한 배, 어딘가 어설픈 표정과 촌스러운 패션을 지녔다. 첫인상은 투박하고 거칠지만, 오래 바라볼수록 묘한 정감과 애정이 스며든다. 이는 화려한 주인공이 아닌, 늘 주변부에 머물러 있던 평범한 우리 자신의 모습이기도 하다. 김원근은 외모지상주의가 지배하는 현대 사회 속에서 쉽게 소외되는 존재들에게 따뜻한 시선을 건넨다. 큰 머리와 과장된 신체 비례, 강렬한 색채와 집요한 표면 질감은 인물들에게 생동감을 부여하며, 그들의 삶과 감정을 더욱 선명하게 드러낸다. 작가는 조연으로 남아 있던 이들에게 스포트라이트를 비추며, 각자의 방식으로 고군분투하는 삶의 아름다움을 조형적으로 풀어낸다. . . 작가는 말한다. “우리의 인생은 마치 사각의 링 안에서 홀로 싸우는 복서 같습니다. 하지만 고군분투하는 청춘들의 모습은 더없이 아름답습니다. 어떤 영웅이나 위인이 아닌, 평범한 우리들의 이야기로 ‘청춘의 초상’을 표현하고 싶었습니다.” 김원근의 조각은 완벽하지 않은 존재들의 순수함을 통해 희망을 전한다. 긴 겨울이 지나 찾아온 봄처럼, 그의 작품 속 인물들은 오늘을 살아가는 우리에게 작은 위로와 따뜻한 응원의 메시지를 건넨다. . . 〈춘식의 봄〉은 결국, 모든 평범한 이들에게 도착한 봄날의 이야기다. 해당 공연·전시 프로그램은 주최자·공연자 등의 사정에 따라 변경될 수 있습니다. 1688-2220","=GOOGLETRANSLATE(A676, ""ko"", ""en"")"
051-757-1114,"=GOOGLETRANSLATE(A677, ""ko"", ""en"")"
unico 02-532-4876,"=GOOGLETRANSLATE(A678, ""ko"", ""en"")"
"갤러리 플래닛은 2026년 3월 11일부터 4월 10일까지 김하나, 이예주 2인전 《마지막 춤은 나와 함께》를 개최한다. 이번 전시는 회화와 입체의 경계를 가로지르며, 작품의 재현 대상보다 작업이 형성되는 방식과 과정에 주목한다. 김하나는 붓질의 밀도와 리듬이 강조된 회화 작업을, 이예주는 석고의 물성과 반복적 제작 과정이 드러나는 입체 작업을 선보인다. 이를 통해 두 작가가 구축해온 신체적 리듬과 작업 언어가 드러나는 지점을 조명한다. 김하나는 회화의 평면성을 작업의 중요한 조건으로 삼고, 화면 위에 축적되는 붓질의 밀도와 리듬을 통해 작가의 움직임과 시간의 감각을 드러낸다. 그의 작업에서 화면은 단순히 대상을 재현하는 공간이 아니라, 세계와 마주하는 신체의 경험과 흔적이 쌓이는 표면으로 기능한다. 이예주는 석고를 성형하고 덧대고 깎아내는 과정을 반복하며, 물질의 저항이 드러나는 지점까지 형태를 밀고 나간다. 유기적인 곡선과 덩어리를 중심으로 전개되는 그의 입체 작업은 구체적인 신체를 직접 재현하기보다 몸의 가능성을 환기하고, 표면의 색과 질감은 시간의 축적과 비선형적 감각을 함께 불러낸다. 《마지막 춤은 나와 함께》는 두 작가가 작업을 대하는 태도를 보여준다. 여기서 ‘마지막’은 끝을 뜻하기보다, 반복과 축적 끝에 형성되는 하나의 응결점이자 다음 움직임을 예비하는 전환의 순간에 가깝다. 외부의 기준이나 속도보다 자신의 리듬을 따라 작업을 밀고 나가는 태도, 그리고 매 순간 스스로 선택하고 감당하는 예술가의 시간이 이번 전시의 중요한 축을 이룬다. 이러한 태도는 완성된 결과보다 작업의 과정과 축적에 주목하는 이번 전시의 관점과 맞닿아 있다. 이번 전시는 완성된 작품을 하나의 결과물로만 보기보다, 작업 과정에서 축적된 움직임의 기록으로 읽어보고자 한다. 작가의 몸, 감정, 속도, 에너지는 재료와 표면 위에 흔적으로 남고, 작품은 이러한 선택과 반복, 밀고 당김의 과정이 응축된 상태로 드러난다. 전시는 이 과정을 ‘춤’의 비유로 제시하며, 완성된 형태 이전에 존재했던 작가의 움직임과 판단의 흐름에 주목한다. 이를 통해 김하나와 이예주의 고유한 몸의 언어와 주체적인 리듬을 따라, 동시대 작업을 과정과 축적의 관점에서 바라보는 계기를 마련할 것이다. 해당 공연·전시 프로그램은 주최자·공연자 등의 사정에 따라 변경될 수 있습니다. 1688-2220","=GOOGLETRANSLATE(A679, ""ko"", ""en"")"
02-540-4853,"=GOOGLETRANSLATE(A680, ""ko"", ""en"")"
1544-5142,"=GOOGLETRANSLATE(A681, ""ko"", ""en"")"
코리안 트럼펫 오케스트라 제10회 정기연주회,"=GOOGLETRANSLATE(A682, ""ko"", ""en"")"
서울 | KBS홀,"=GOOGLETRANSLATE(A683, ""ko"", ""en"")"
서울특별시 영등포구 여의공원로 13,"=GOOGLETRANSLATE(A684, ""ko"", ""en"")"
프로그램 P. Sparke ... Hanover Festival R. Wagner ... Elsa's Procession to the Cathedral A. Waignein ... Air for Winds S. Reineke ... Fate of the Gods A. Silvestri ... Forrest Gump OST C. Mangione ... Children of Sanchez * 협연 : 조정현(Jazz Trumpet) Arr. J. Vinson ... Frozen OST F.v. Suppé ... Poet and Peasant Overture 해당 공연·전시 프로그램은 주최자·공연자 등의 사정에 따라 변경될 수 있습니다. 1688-2220,"=GOOGLETRANSLATE(A685, ""ko"", ""en"")"
리드예술기획 02-518-9792,"=GOOGLETRANSLATE(A686, ""ko"", ""en"")"
031-481-4098,"=GOOGLETRANSLATE(A687, ""ko"", ""en"")"
"R석 90,000원
S석 80,000원
A석 70,000원
B석 60,000원","=GOOGLETRANSLATE(A688, ""ko"", ""en"")"
1688-8616,"=GOOGLETRANSLATE(A689, ""ko"", ""en"")"
052-290-4000,"=GOOGLETRANSLATE(A690, ""ko"", ""en"")"
"VIP석 100,000원
R석 80,000원
S석 60,000원
A석 50,000원","=GOOGLETRANSLATE(A691, ""ko"", ""en"")"
051-607-6000,"=GOOGLETRANSLATE(A692, ""ko"", ""en"")"
"전석 9,000원","=GOOGLETRANSLATE(A693, ""ko"", ""en"")"
043-745-8919,"=GOOGLETRANSLATE(A694, ""ko"", ""en"")"
031-783-8000,"=GOOGLETRANSLATE(A695, ""ko"", ""en"")"
"박주원 개인전 《시선이 남기는 것들(After the gaze)》에서 풍경은 자연의 재현이 아니라, 관계가 남긴 흔적이다. 박주원은 판넬의 단단한 평면 위에 색을 구획하고, 대상을 명암으로 모델링하기보다 색면으로 쪼개 단순화한다. 화면은 평평하고 정제되어 보이지만, 그 안에서 여러 단위로 구조화되어 세부적으로 묘사되어 있다. 이 이질적인 결합은 그림을 풍경으로 읽게 하면서도, 그 풍경을 단순히 ‘자연’으로 고정시키지 않는다. 대표작 <이처럼 무수한 것들>(2025)에서 가로로 길게 펼쳐진 화면은 얇은 나무들로 가득 차 있다. 나무들은 규칙적으로 배열된 듯 보이지만, 간격은 미묘하게 변주된다. 동일해 보이는 거리 속에서 생겨나는 작은 차이들이 시선을 붙들고, 관객은 눈으로 장면을 훑기보다 화면의 폭을 따라 이동하게 된다. 긴 수평 화면은 관람자를 숲 안으로 끌어들이며, 보는 자를 장면의 외부가 아니라 내부에 위치시킨다. 이 숲은 계절을 말하지 않고, 꽃이나 초원의 풍요도 없다. 절제된 화면 속 나무들의 반복은 자연의 생태라기보다, 일상을 살아가며 맺어온 관계들의 밀도를 떠올리게 한다. 나무 하나하나는 한 사람처럼 서 있고, 그 사이의 간격은 관계의 거리처럼 유지된다. <돌이켜보면>(2025)은 이 숲의 시간을 다른 각도에서 되짚는다. 화면 중앙에 몰려 선 나무들은 끝까지 밀려난 듯 밀집해 있고, 그 주변을 둘러싼 얼음인지 돌인지 분간되지 않는 경직된 덩어리들은 공간을 차갑게 감싼다. 일부 나무는 꺾여 쓰러져 있지만, 그럼에도 줄기들은 화면 끝까지 뻗어 나간다. 제목이 암시하듯 ‘돌이켜본다’는 행위는 단순한 회상이 아니라, 관계 속에서 자신의 자리를 다시 확인하는 시선이다. 몰리고 흔들리고 꺾이면서도 서로의 존재를 배경 삼아 다시 서 있는 상태에서, 이 숲은 더 이상 자연이 아니라 관계가 만들어낸 구조에 가깝다. 박주원의 화면은 정적인 듯 보이지만 내부에서는 끊임없이 운동이 발생한다. 얼음 혹은 돌처럼 보이는 배경의 경직된 면들은 화면을 고정시키지만, 나무의 잔가지들이 만들어내는 미세한 떨림, 파란 반원의 경계, 그리고 흰색과 노란색의 대각선이 그 경직을 깨뜨린다. 직선과 곡선, 밀집과 여백, 정지와 흐름이 교차하면서 화면은 고정되지 않는다. 통상적으로 자연의 유기성과는 어긋나 보일 수 있는 세로선의 반복이 이 회화에서는 어색하지 않다. 박주원의 숲은 자연의 숲이 아니라, 시선이 남긴 관계의 배열이기 때문이다. 작가에게 ‘시선’은 단순히 대상을 바라보는 행위가 아니라, 관계를 남기는 행위다. 우리는 수많은 타인을 바라보고 지나치지만, 그 시선 이후에 남는 것은 장면이 아니라 감각이다. 작가는 거리, 긴장, 밀집, 그리고 서로를 지탱하는 보이지 않는 연결망 등을 풍경의 형식으로 드러낸다. 관객은 숲을 감상하는 대신, 그 안에서 자신의 관계를 떠올리며 서게 된다. 그리고 화면 앞에서 문득 묻게 된다. 이것은 풍경인가, 아니면 내가 지나온 관계의 흔적인가. 해당 공연·전시 프로그램은 주최자·공연자 등의 사정에 따라 변경될 수 있습니다. 1688-2220","=GOOGLETRANSLATE(A696, ""ko"", ""en"")"
02-720-0345,"=GOOGLETRANSLATE(A697, ""ko"", ""en"")"
"최소한의 색채를 사용하여 강렬한 에너지와 입체감이 시선을 사로잡는 전시로, 추운 겨울을 이겨내고 봄에 다시 피어난 꽃의 생명력과 새로운 희망을 느낄 수 있습니다. 해당 공연·전시 프로그램은 주최자·공연자 등의 사정에 따라 변경될 수 있습니다. 1688-2220","=GOOGLETRANSLATE(A698, ""ko"", ""en"")"
순천문화재단 자원운영팀 061-755-3128,"=GOOGLETRANSLATE(A699, ""ko"", ""en"")"
041-350-2911~7,"=GOOGLETRANSLATE(A700, ""ko"", ""en"")"
"R석 30,000원, S석 20,000원","=GOOGLETRANSLATE(A701, ""ko"", ""en"")"
"R석 150,000원, S석 120,000원, A석 80,000원, B석 50,000원","=GOOGLETRANSLATE(A702, ""ko"", ""en"")"
1577-7766,"=GOOGLETRANSLATE(A703, ""ko"", ""en"")"
배형경 개인전 해당 공연·전시 프로그램은 주최자·공연자 등의 사정에 따라 변경될 수 있습니다. 1688-2220,"=GOOGLETRANSLATE(A704, ""ko"", ""en"")"
02-549-3031 | 02-720-3031,"=GOOGLETRANSLATE(A705, ""ko"", ""en"")"
063-620-2329,"=GOOGLETRANSLATE(A706, ""ko"", ""en"")"
02-6712-0532,"=GOOGLETRANSLATE(A707, ""ko"", ""en"")"
"R석 35,000원
S석 30,000원
A석 20,000원","=GOOGLETRANSLATE(A708, ""ko"", ""en"")"
010-4193-8261,"=GOOGLETRANSLATE(A709, ""ko"", ""en"")"
"제950회 전남도립국악단 토요가무악희 시즌 1, 그린국악: 매화꽃 향기","=GOOGLETRANSLATE(A710, ""ko"", ""en"")"
남도소리울림터,"=GOOGLETRANSLATE(A711, ""ko"", ""en"")"
전라남도 무안군 삼향읍 남악로 222,"=GOOGLETRANSLATE(A712, ""ko"", ""en"")"
전라남도도립국악단 061-285-6928,"=GOOGLETRANSLATE(A713, ""ko"", ""en"")"
최유나 귀국 플루트 독주회,"=GOOGLETRANSLATE(A714, ""ko"", ""en"")"
"대구에 전기가 들어오면서 어떤 변화가 있었는지를 알아보는 이번 작은전시는 ‘1913년 1월 1일 대구에 전기가 공급되기 시작하여 밤에 전등이 켜졌다’는 기록에서 시작하였다. 대구에 어떻게 전기가 공급되었으며, 이를 통한 대구 사회의 변화는 어떠했는지 알아보고자 마련하였다. 전시에는 대구근대역사관 소장유물인 『대흥전기주식회사연혁사』(1939)와 사진엽서, 졸업앨범 등을 볼 수 있다. 각종 사진과 당시 신문기사, 광고 등을 통해 대구에서 전기회사의 설립과 성장 과정을 알아볼 수 있으며, 사진엽서와 졸업앨범을 통해 근대 대구의 야경을 볼 수 있다. 해당 공연·전시 프로그램은 주최자·공연자 등의 사정에 따라 변경될 수 있습니다. 1688-2220","=GOOGLETRANSLATE(A715, ""ko"", ""en"")"
대구근대역사관 053-430-7910,"=GOOGLETRANSLATE(A716, ""ko"", ""en"")"
꿈의 주파수를 들을 수 있는 '채널헤드'를 찾습니다. '채널헤드'로서 각성한 당신은 그 꿈을 기억해낼 수 있습니다. 꿈 연구원에게 좌표를 누설해 주세요. 우리는 꿈속에서 머물렀던 장소에 대해 말할 수 있을 것입니다. 이 연쇄고리는 '채널헤드'들이 서로 연결될 수 있는 유일한 방법입니다. 해당 공연·전시 프로그램은 주최자·공연자 등의 사정에 따라 변경될 수 있습니다. 1688-2220,"=GOOGLETRANSLATE(A717, ""ko"", ""en"")"
"유료 50,000원","=GOOGLETRANSLATE(A718, ""ko"", ""en"")"
koldsleep@gmail.com,"=GOOGLETRANSLATE(A719, ""ko"", ""en"")"
1577-3363​,"=GOOGLETRANSLATE(A720, ""ko"", ""en"")"
이한슬 피아노 독주회,"=GOOGLETRANSLATE(A721, ""ko"", ""en"")"
"[PROGRAM]


L. v. Beethoven (1770-1827)

6 Variations in F Major, Op. 34



F. Liszt (1811-1886)

Après une lecture du Dante: Fantasia quasi Sonata, S. 161, No. 7



INTERMISSION



R. Schumann (1810-1856)

Kreisleriana, Op. 16

Äußerst bewegt

Sehr innig und nicht zu rasch

Sehr aufgeregt

Sehr langsam

Sehr lebhaft

Sehr langsam

Sehr rasch

Schnell und spielend","=GOOGLETRANSLATE(A722, ""ko"", ""en"")"
오현진 바이올린 독주회,"=GOOGLETRANSLATE(A723, ""ko"", ""en"")"
제629회 부산시립교향악단 정기연주회: 축제,"=GOOGLETRANSLATE(A724, ""ko"", ""en"")"
부산문화회관 051-607-6000,"=GOOGLETRANSLATE(A725, ""ko"", ""en"")"
"대관령음악제, 강원의 사계 봄: 김준형 피아노 리사이틀","=GOOGLETRANSLATE(A726, ""ko"", ""en"")"
강원문화재단 033-240-1361,"=GOOGLETRANSLATE(A727, ""ko"", ""en"")"
"전석 3,000원","=GOOGLETRANSLATE(A728, ""ko"", ""en"")"
041-542-5145,"=GOOGLETRANSLATE(A729, ""ko"", ""en"")"
"통영국제음악제, 김유빈 플루트 리사이틀","=GOOGLETRANSLATE(A730, ""ko"", ""en"")"
"A석 50,000원
B석 30,000원","=GOOGLETRANSLATE(A731, ""ko"", ""en"")"
"통영국제음악제, 조성진 피아노 리사이틀","=GOOGLETRANSLATE(A732, ""ko"", ""en"")"
"VIP석 120,000원
R석 100,000원
S석 80,000원
A석 50,000원
B석 30,000원","=GOOGLETRANSLATE(A733, ""ko"", ""en"")"
"통영국제음악제, 재즈 콘서트: 미하엘 볼니 & 에밀 파리지앵","=GOOGLETRANSLATE(A734, ""ko"", ""en"")"
"통영국제음악제, 일 자르디노 아르모니코 with 야쿠프 유제프 오를린스키","=GOOGLETRANSLATE(A735, ""ko"", ""en"")"
"R석 100,000원
S석 80,000원
A석 50,000원
B석 30,000원","=GOOGLETRANSLATE(A736, ""ko"", ""en"")"
"통영국제음악제, 앙상블 모데른 Ⅱ","=GOOGLETRANSLATE(A737, ""ko"", ""en"")"
"통영국제음악제, 아우구스틴 하델리히 바이올린 리사이틀","=GOOGLETRANSLATE(A738, ""ko"", ""en"")"
"포르테피아노와 함께하는 최연우 바이올린 독주회 ""선율의 기억 From Elegance to Emotion"" [Recital II] 시간의 실루엣","=GOOGLETRANSLATE(A739, ""ko"", ""en"")"
일반석 2만원,"=GOOGLETRANSLATE(A740, ""ko"", ""en"")"
"통영국제음악제, 베르비에 페스티벌 체임버 오케스트라 with 니콜라스 알트슈태트 & 김유빈","=GOOGLETRANSLATE(A741, ""ko"", ""en"")"
"통영국제음악제, 모딜리아니 콰르텟 Ⅰ","=GOOGLETRANSLATE(A742, ""ko"", ""en"")"
"통영국제음악제, 돔니크의 워터 리플스","=GOOGLETRANSLATE(A743, ""ko"", ""en"")"
"통영국제음악제, 왕기석의 수궁가","=GOOGLETRANSLATE(A744, ""ko"", ""en"")"
"대전시립무용단 기획공연 Ⅰ, 춤으로 그리는 동화: 피노키오","=GOOGLETRANSLATE(A745, ""ko"", ""en"")"
"[프로그램]

프롤로그 - 나무아이 피노키오
아이를 원하는 아빠의 소원을 이루어준 요정“네가 용감하고 진실 되고 이기적이지 않다는 걸 증명하면 언젠가 진짜 사람이 될꺼야!”

1장 마을장터
평화로운 장터에 욕심쟁이 백작은 마을 사람들에게 횡포를 부린다.

2장 집으로 돌아온 할아버지
피노키오와 할아버지의 첫 만남.

3장 학교로 가는 길
보통 아이들과 다른 피노키오.

4장 피노키오의 거짓말
유랑단 안으로 용감하게 뛰어든 피노키오...거짓말을 할 때 마다 길어지는 코, ‘진실’ 한마디면 원래대로 돌아와요!

5장 피노키오의 잘못된 선택
아빠말을 듣지 않은 피노키오“옳고 그른 것 중 선택하는 것을 배워야 해. 너의 ‘마음씨’가 답을줄 거야”

6장 고래뱃속 안에서...
아빠의 사랑을 알게 된 피노키오고래뱃속에 갖히게 된 아빠가 걱정되고 슬퍼 눈물이 나요.

에필로그 - ‘마음씨’로 얻은 진짜 사람 피노키오
‘진짜 마음씨’를 찾게된 피노키오에게 마법과 같은 일이 일어났어요!!!","=GOOGLETRANSLATE(A746, ""ko"", ""en"")"
대전시립무용단 042-270-8355,"=GOOGLETRANSLATE(A747, ""ko"", ""en"")"
"추억회상 프로젝트! 코믹연극 <돌고돌아, 도라희> 인생은 원래 돌고 도는거야~ 인생은 기뻤던 일이 있을 때도 슬픈일이 있는 법. 슬픈일이 있을 때도 기쁜일이 있는 법 연극 <돌고돌아, 도라희>는 아픔도 기쁨도 모든 인생만사 돌고 돈다는 뜻을 지닌 코믹연극입니다. 해당 공연·전시 프로그램은 주최자·공연자 등의 사정에 따라 변경될 수 있습니다. 1688-2220","=GOOGLETRANSLATE(A748, ""ko"", ""en"")"
0507-1329-2682,"=GOOGLETRANSLATE(A749, ""ko"", ""en"")"
"갤러리그림손은 2026년 신진작가 공모전에 선정된 6명의 작가 김정희, 김형욱, 박정규, 민리, 조희주, 황정원 전시를 진행합니다. 매년 공모를 통해 개인전 2회 미만의 작가들 중 자신만의 스타일로 참신하고 독창적인 조형 예술성을 선보이는 작가들을 선정합니다. 이번 전시는 동시대를 살아가는 작가들의 질문과 고민, 그리고 자신만의 언어로 풀어낸 세계를 한자리에서 만나볼 수 있는 기회입니다. 익숙함을 새롭게 바라보는 시선, 경계를 넘나드는 표현 방식, 그리고 개인적 경험에서 출발해 보편적 공감으로 확장되는 이야기가 전시장 곳곳에 담겨 있습니다. 이번 전시를 통해 가능성과 잠재력을 지닌 작가들이 관객과 처음으로 깊이 있게 만나는 장을 마련하고자 합니다. 새로운 이름이 앞으로의 동시대 미술을 어떻게 확장해 나갈지, 그 출발점이 되는 순간을 함께해 보시기 바랍니다 김정희 작가는 한지를 이용하며 한지는 빛과 세계를 은유와 여운으로 건네는 반투명의 문턱이며, 그 섬세한 경계에서 드러남과 숨김, 안과 밖 사이의 ‘저편’을 탐구합니다. 김형욱 작가는 감각이 빚어낸 세계의 불확실성과 각자의 인식이 만든 개별적 우주 속에서 ‘완전한 실재’에 대한 의구심을 드러내며, 화면의 사각형 여백을 통해 에너지이자 공(空)의 상태를 시각화합니다. 박정규 작가는 과거의 후회와 감정들을 스스로 재정의해 배움과 추억으로 승화시키고, 점과 색의 조화를 통해 그것들이 결국 하나의 단단한 배경이 되기를 바라는 마음을 작업에 담아냅니다. 민리 작가는 내면의 감각이 외부 공간과 맞물려 형태로 드러나는 경계를 탐구하며, 빛과 상징적 이미지들이 상호작용하는 화면을 통해 관람자가 각자의 형태를 상상하도록 여지를 남기는 작업을 합니다. 조희주 작가는 사라져가는 공간과 어린 시절의 기억을 따뜻한 색과 주관적 시선으로 재해석해 ‘추억의 형상’을 기록하며, 이를 통해 위로와 노스텔지아의 감정을 전합니다. 황정원 작가는 공간이 불러일으키는 빛과 공기, 기억과 감정의 순간들을 온전히 받아들여, 각 공간이 내게 건네는 사적인 감정을 날것 그대로 작업으로 풀어냅니다. 해당 공연·전시 프로그램은 주최자·공연자 등의 사정에 따라 변경될 수 있습니다. 1688-2220","=GOOGLETRANSLATE(A750, ""ko"", ""en"")"
"02-733-1045,6","=GOOGLETRANSLATE(A751, ""ko"", ""en"")"
"전석 2,000원","=GOOGLETRANSLATE(A752, ""ko"", ""en"")"
041-832-5765,"=GOOGLETRANSLATE(A753, ""ko"", ""en"")"
청주 갤러리 원 043-221-5985,"=GOOGLETRANSLATE(A754, ""ko"", ""en"")"
근현대사를 관통하며 살아가고 있는 우리 모두의 이야기 사랑을 하고 사랑을 했고 사랑을 하게될 여러분과 함께 해야할 이야기 해당 공연·전시 프로그램은 주최자·공연자 등의 사정에 따라 변경될 수 있습니다. 1688-2220,"=GOOGLETRANSLATE(A755, ""ko"", ""en"")"
043-255-7774,"=GOOGLETRANSLATE(A756, ""ko"", ""en"")"
"전석 21,000원
사전예약 18,000원","=GOOGLETRANSLATE(A757, ""ko"", ""en"")"
052-288-8799,"=GOOGLETRANSLATE(A758, ""ko"", ""en"")"
041-522-7199,"=GOOGLETRANSLATE(A759, ""ko"", ""en"")"
제302회 수원시립교향악단 정기연주회,"=GOOGLETRANSLATE(A760, ""ko"", ""en"")"
경기 | 수원SK아트리움 대공연장,"=GOOGLETRANSLATE(A761, ""ko"", ""en"")"
경기도 수원시 장안구 이목로 24,"=GOOGLETRANSLATE(A762, ""ko"", ""en"")"
"R석 20,000원, S석 10,000원","=GOOGLETRANSLATE(A763, ""ko"", ""en"")"
수원시립교향악단 031-250-5362~6,"=GOOGLETRANSLATE(A764, ""ko"", ""en"")"
청주갤러리원 043-221-5985,"=GOOGLETRANSLATE(A765, ""ko"", ""en"")"
성남아트센터 오후의 콘서트: 보헤미아의 낭만 (4월),"=GOOGLETRANSLATE(A766, ""ko"", ""en"")"
성남문화재단 031-783-8000,"=GOOGLETRANSLATE(A767, ""ko"", ""en"")"
슬도아트 052-234-1033,"=GOOGLETRANSLATE(A768, ""ko"", ""en"")"
음연 공연사업부 02-3436-5152,"=GOOGLETRANSLATE(A769, ""ko"", ""en"")"
자세한 정보는 '바로가기' 링크를 통해 확인하시기 바랍니다. 진짜 스릴러연극의 귀환 서울 대학로를 시작으로 창원에서 새롭게 선보일 추리스릴러 연극 <원죄> 배우들의 치열한 연기가 시작된다! 해당 공연·전시 프로그램은 주최자·공연자 등의 사정에 따라 변경될 수 있습니다. 1688-2220,"=GOOGLETRANSLATE(A770, ""ko"", ""en"")"
1600-1716,"=GOOGLETRANSLATE(A771, ""ko"", ""en"")"
"죽은 줄 알았던 남편이 돌아왔다! 도니제티의 단막 희극 오페라 <리타>를 100% 우리말로 만나는 특별한 기회! 카페 사장 리타는 과거 전 남편의 폭력에 시달렸지만, 지금은 현 남편 베페를 학대하는 가해자가 되었다. 어느 날, 죽은 줄 알았던 전 남편 가스파로가 재혼을 위해 이혼 서류를 받으러 나타나고... 두 남편은 리타를 서로에게 떠넘기기 위한 처절한 결투를 벌이는데... 해당 공연·전시 프로그램은 주최자·공연자 등의 사정에 따라 변경될 수 있습니다. 1688-2220","=GOOGLETRANSLATE(A772, ""ko"", ""en"")"
"R석 30,000원, S석 10,000원","=GOOGLETRANSLATE(A773, ""ko"", ""en"")"
서울시민교향악단 010-2599-6792,"=GOOGLETRANSLATE(A774, ""ko"", ""en"")"
천안시충남국악관현악단 041-521-3549,"=GOOGLETRANSLATE(A775, ""ko"", ""en"")"
원주시립합창단 033-766-6980,"=GOOGLETRANSLATE(A776, ""ko"", ""en"")"
부산시립예술단 051-607-3123,"=GOOGLETRANSLATE(A777, ""ko"", ""en"")"
"R석 20,000원
S석 10,000원","=GOOGLETRANSLATE(A778, ""ko"", ""en"")"
부산시민회관 051-607-6000(ARS 1번),"=GOOGLETRANSLATE(A779, ""ko"", ""en"")"
"R석 100,000원
S석 70,000원
A석 50,000원
B석 30,000원","=GOOGLETRANSLATE(A780, ""ko"", ""en"")"
부산네오필하모닉오케스트라 070-8899-7308,"=GOOGLETRANSLATE(A781, ""ko"", ""en"")"
모차르트 탄생 270주년 기념 안양오페라단 정기연주회: 봄의 향연 오페라 갈라 콘서트,"=GOOGLETRANSLATE(A782, ""ko"", ""en"")"
"[​​PROGRAM]


소프라노 맹연선

G. Donizetti ............... Quel guardo il cavaliere 오페라 <돈 파스콸레>




바리톤 오대희

W.A. Mozart .............. Hai già vinta la causa 오페라 <피가로의 결혼>




소프라노 홍선진

J. Massenet .............. Pleurez mes yeux 오페라 <르 시드>




테너 이기용

W.A. Mozart ............. Dies Bildnis ist bezaubernd schön 오페라 <마술피리>




소프라노 송선아 황진영 테너 임홍재 강전욱

G. Verdi ................... Libiamo ne' lieti calici 오페라 <춘희>




베이스 바리톤 강병주

W.A. Mozart ............. Aprite un po’ quegl’occh 오페라 <피가로의 결혼>




소프라노 박현옥

G. Donizetti .............. Regnava nel silenzio 오페라 <루치아 디 람메르무어>




테너 강전욱

G. Verdi ................... Quando le sere al placido 오페라 <루이자 밀러>




소프라노 황진영

G. Donizetti .............. In questo semplice modesto asilo 오페라 <베틀리>




소프라노 신재은 홍선진 테너 김선용 이기용

G. Puccini ................ O soave fanculla 오페라 <라보엠>




Intermission




바리톤 오동국

G. Verdi ............... Credo in un Dio crudel 오페라 <오텔로>




테너 김선용

G. Verdi ................. Pietoso al lungo pianto 오페라 <하루만의 임금>




소프라노 신재은

J. Massenet ............ Suis-je gentille ainsi?... 오페라 <마농>




테너 임홍재

W.A. Mozart .......... Dalla sua pace 오페라 <돈 죠반니>




소프라노 박현옥 맹연선 바리톤 강병주 오대희

W.A. Mozart .......... Là ci darem la mano 오페라 <돈 죠반니>




소프라노 송선아

C. Gounod ........... Air des bijoux 오페라 <파우스트>




테너 손민호

P. Sorozabal ........ No Puede ser! 오페라 <항구의 선술집>




소프라노 송정아

F. Lehár .............. Meine Lippen, sie küssen so heiß 오페레타 <주디타>","=GOOGLETRANSLATE(A783, ""ko"", ""en"")"
"R석 100,000원
S석 50,000원","=GOOGLETRANSLATE(A784, ""ko"", ""en"")"
뮤직플러스 02-2203-0483,"=GOOGLETRANSLATE(A785, ""ko"", ""en"")"
"R석 66,000원, S석 55,000원","=GOOGLETRANSLATE(A786, ""ko"", ""en"")"
02-6464-0965,"=GOOGLETRANSLATE(A787, ""ko"", ""en"")"
053-252-5733,"=GOOGLETRANSLATE(A788, ""ko"", ""en"")"
"갤러리 세줄은 오는 2026년 2월 26일부터 04월 04일까지 작가 정보원과 최정윤의 2인 전 《What Holds Us | 우리를 붙드는 것》을 개최합니다. 이번 전시는 세대와 표현 방식이 다른 두 작가의 작업을 한 공간에 병치함으로써, 우리를 지탱하고 붙드는 힘의 본질에 대해 질문을 던집니다. 우리를 붙드는 것은 언제나 눈에 보이는 것만은 아닙니다. 구조일 수도 있고 관계나 기억, 혹은 말없는 긴장감일 수도 있습니다. 두 작가는 각자의 방식으로 이처럼 보이지 않는 힘을 탐색해 왔으며, 그들의 작업은 공간과 감정, 질서와 불안 사이를 넘나들며 조각이 도달할 수 있는 감각적 영역을 확장합니다. 정보원은 건축과 조각을 함께 공부하며 오랜 시간 ‘공간’이라는 개념을 중심에 두고 조각의 언어를 발전시켜 왔습니다. 공공 조형물과 금속 구조물을 통해 구조와 긴장, 흐름, 음향까지도 작품의 일부로 받아들이는 입체적인 감각이 특징입니다. 음악의 리듬이나 주파수를 시각화한 평면 및 입체 작업을 통해, 감각과 기술, 구조와 흐름을 유연하게 넘나드는 조형 언어를 보여줍니다. 최정윤은 검, 실, 소금, 꽃 같은 상징적인 재료를 활용해 인간의 욕망과 권력, 시간의 흔적을 조형화해 왔습니다. 검을 실로 감거나 소금으로 봉인하는 행위를 통해 욕망을 억누르고 감정을 봉인하며, 한(恨)의 미학을 구현합니다. 상징과 물성을 결합한 조형 언어는 강한 내면성과 함께 긴장감을 자아냅니다. 《What Holds Us》는 구조와 봉인, 공간과 욕망, 추상과 상징이라는 각기 다른 미학 언어가 맞닿으며 새로운 균형을 만들어냅니다. 관람자는 두 작가의 작업을 통해 ‘무엇이 우리를 붙들고 있는가’라는 질문과 자신만의 답을 마주하게 될 것입니다. Gallery Sejul presents the two person exhibition What Holds Us featuring artists Chung Bowon and Choi Jeongyun, on view from February 26 to April 4, 2026. Bringing together two sculptors of different generations and artistic approaches, the exhibition poses a fundamental question about the forces that sustain and bind us. What holds us is not always something visible. It may take the form of structure, relationships, memory, or a silent tension that exists just beneath the surface. Through distinct yet resonant practices, both artists have long explored these invisible forces. Their works move fluidly between space and emotion, order and unease, expanding the sensory territory that sculpture can inhabit. Chung Bowon has developed his sculptural language around the concept of space, shaped by his background in both architecture and sculpture. His practice is characterized by an expanded spatial sensibility that embraces structure, tension, flow, and even sound as integral elements of form. Through metal constructions and public sculptures, as well as two dimensional and three dimensional works that visualize musical rhythm and fre","=GOOGLETRANSLATE(A789, ""ko"", ""en"")"
02-391-9171,"=GOOGLETRANSLATE(A790, ""ko"", ""en"")"
강릉시립합창단 033-660-6857,"=GOOGLETRANSLATE(A791, ""ko"", ""en"")"
에이치아츠 0507-1341-5199,"=GOOGLETRANSLATE(A792, ""ko"", ""en"")"
수성아트피아 053-668-1800,"=GOOGLETRANSLATE(A793, ""ko"", ""en"")"
"스페이스나무 갤러리 오로라가 기획한 이번 박성열 초대전은 ‘존재는 어떻게 기념되는가’라는 질문에서 출발한다. 작가는 형상을 통해 기억을 다룬다. 그것은 굳어버린 과거의 기록이 아니며 지금도 호흡하며 살아 움직인다. 화면 위에 등장하는 거대한 얼굴과 동물, 그리고 기념비적 구조물들은 침묵 속에 서 있으면서도 관객을 응시하며 질문을 던진다. 이 전시는 ‘기념’의 방식과 ‘존재’의 의미를 다시 생각하는 자리다. 이번 전시에서 선보이는 형상들은 완결된 기념비가 아니다. 전통적 기념비가 영웅과 승리를 돌과 금속으로 고정해 시간을 멈추는 장치였다면, 박성열의 형상은 균열과 침식, 이동의 상태를 내포한다. 단단해 보이는 얼굴은 어딘가 부서져 있고, 상징적 인물들은 중심을 장악하지 못한 채 불안정하게 놓여 있다. 그것은 승리의 표정이라기보다 시간의 무게를 견뎌온 얼굴에 가깝다. 작가는 확고한 선언 대신 흔들리는 상태를, 단적인 메시지 대신 질문을 선택한다. 말, 늑대, 고릴라, 사자 등 동물의 형상 또한 주요한 모티프다. 이들은 인간 이전의 시간과 본능, 생명의 원형을 상징한다. 인간의 얼굴이 역사와 문명을 대변한다면, 동물은 생명 그 자체에 가까운 존재다. 두 세계가 한 화면 안에서 중첩될 때, 존재는 하나의 의미로 고정되지 않고 다층적으로 진동한다. 문명과 본능, 이상과 현실 사이의 긴장이 회화적 공간 안에서 팽팽히 교차한다. 박성열의 화면은 두터운 마티에르가 특징적이다. 그는 물감을 쌓고, 긁고, 다시 덧입히는 과정을 반복하며 화면을 조각처럼 밀어 올린다. 이 물성은 단순한 질감을 넘어 시간의 퇴적을 드러낸다. 매끈하게 정리된 표면 대신 남겨진 흔적들은 ‘완성’이 아니라 ‘과정’을 증언한다. 형상은 굳어 있으면서도 살아 있고, 멈춰 있으면서도 움직이는 상태로 존재한다. 작가는 특정한 메시지를 전달하기보다 관객 각자의 기억을 환기하는 공간을 제안한다. 거대한 얼굴과 마주하는 순간, 혹은 정면으로 다가오는 동물의 시선을 받는 순간, 우리는 스스로에게 묻게 된다. 무엇이 기억으로 남는가. 무엇이 기념될 가치가 있는가. 그리고 우리는 어떤 형상으로 남게 될 것인가. 스페이스나무 갤러리 오로라가 기획한 이번 초대전은 동시대 구상 회화의 확장 가능성을 보여주는 동시에, 기념과 기억, 존재의 의미를 새롭게 사유하는 자리다. 끊임없는 변화와 도전을 거듭해 온 박성열의 치열한 작가정신은 이번 전시를 통해 더욱 선명하게 드러날 것이다. ‘존재는 어떻게 기념되는가’라는 물음은 전시의 출발점이며, 관객 각자에게 남겨질 질문이다. 전시명 : 박성열 초대전 <잠들지 않는 형상들, 존재는 어떻게 기념되는가> 참여작가 : 박성열 전시 기간 : 2026. 2. 25 ~ 2026. 3. 23 장소 : 스페이스 나무 갤러리 오로라 문의: 055-374-3500 해당 공연·전시 프로그램은 주최자·공연자 등의 사정에 따라 변경될 수 있습니다. 1688-2220","=GOOGLETRANSLATE(A794, ""ko"", ""en"")"
055-374-3500,"=GOOGLETRANSLATE(A795, ""ko"", ""en"")"
"인천시립교향악단 기획연주회, 과정음악회 Ⅱ","=GOOGLETRANSLATE(A796, ""ko"", ""en"")"
인천시립교향악단 032-420-2781,"=GOOGLETRANSLATE(A797, ""ko"", ""en"")"
"R석 50,000원
S석 30,000원","=GOOGLETRANSLATE(A798, ""ko"", ""en"")"
"금호영재콘서트, 남예린 피아노 독주회","=GOOGLETRANSLATE(A799, ""ko"", ""en"")"
"[PROGRAM]

루트비히 판 베토벤 Ludwig van Beethoven
피아노 소나타 제6번 F장조, Op.10/2
Piano Sonata No.6 in F Major, Op.10/2
Allegro
Allegretto
Presto

프란츠 리스트 Franz Liszt
피아노를 위한 6개의 파가니니 대연습곡, S.141 중 라 캄파넬라
La campanella from 6 Grandes Études de Paganini for Piano, S.141

펠릭스 멘델스존 Felix Mendelssohn
피아노를 위한 환상곡 f-sharp단조, ‘스코틀랜드 소나타’, Op.28
Fantasy for Piano in f-sharp minor, ""Sonate Écossaise”, Op.28
Con moto agitato - Andante - Con moto agitato
Allegro con moto
Presto

I N T E R M I S S I O N

프란츠 요제프 하이든 Franz Joseph Haydn
건반 소나타 E-flat장조, H.16/49
Keyboard Sonata in E-flat Major, H.16/49
Allegro
Adagio e cantabile
Finale. Tempo di Menuet

프란츠 리스트 Franz Liszt
피아노를 위한 3개의 콘서트 연습곡, S.144 중 탄식
Un sospiro from 3 Études de concert for Piano, S.144

프레데리크 쇼팽 Frédéric Chopin
피아노를 위한 서주와 론도 E-flat장조, Op.16, CT.195
Introduction and Rondo in E-flat Major for Piano, Op.16, CT.195","=GOOGLETRANSLATE(A800, ""ko"", ""en"")"
"금호영체임버콘서트, 브리오 퀸텟 연주회","=GOOGLETRANSLATE(A801, ""ko"", ""en"")"
"[프로그램]

 

요한 제바스티안 바흐 Johann Sebastian Bach
오르간을 위한 푸가 g단조, ‘작은 푸가’, BWV578 (금관 오중주를 위한 편곡 캐나디안 브라스)
Fugue for Organ in g minor, “Little Fugue”, BWV578 (arranged for Brass Quintet by Canadian Brass)

 

앙드레 라포스 André Lafosse
금관 오중주를 위한 즉흥 모음곡
Suite Impromptu for Brass Quintet
I. Épithalame
II. Marche
III. Élégie
IV. Mouvement

 

케리 터너 Kerry Turner
금관 오중주를 위한 테투안의 카스바
The Casbah of Tetouan for Brass Quintet



I N T E R M I S S I O N



빅토르 에발트 Victor Ewald
금관 오중주 제2번, Op.6
Brass Quintet No.2, Op.6
Allegro risoluto
Theme with variations
Allegro vivace

 

외젠 보자 Eugène Bozza
금관 오중주를 위한 소나티네
Sonatine for Brass Quintet
Allegro vivo
Andante ma non troppo
Allegro vivo
Largo. Allegro Vivace","=GOOGLETRANSLATE(A802, ""ko"", ""en"")"
"칸타빌레 클래식 기획연주회 29, 이미솔 & 목혜진 듀오리사이틀: Danza del Fuego","=GOOGLETRANSLATE(A803, ""ko"", ""en"")"
서울 | 칸타빌레 클래식 아트홀,"=GOOGLETRANSLATE(A804, ""ko"", ""en"")"
서울특별시 서초구 남부순환로317길 31,"=GOOGLETRANSLATE(A805, ""ko"", ""en"")"
010-4901-2228,"=GOOGLETRANSLATE(A806, ""ko"", ""en"")"
고경호 02-981-6119,"=GOOGLETRANSLATE(A807, ""ko"", ""en"")"
"R석 30,000원
S석 16,000원
H석 10,000원","=GOOGLETRANSLATE(A808, ""ko"", ""en"")"
대구시립교향악단 053-430-7765,"=GOOGLETRANSLATE(A809, ""ko"", ""en"")"
광주시립교향악단 062-613-8241,"=GOOGLETRANSLATE(A810, ""ko"", ""en"")"
"제441회 인천시립교향악단 정기연주회, 인천시향과 올해의 예술가 Adventurous IPO Ⅱ","=GOOGLETRANSLATE(A811, ""ko"", ""en"")"
광주시립국악관현악단 062-613-8243,"=GOOGLETRANSLATE(A812, ""ko"", ""en"")"
"《깊고 깊은 숲으로: 도로시의 원더링》은 17세기 말 세일럼 마녀 재판*에서 출발한다. 이 사건으로 어머니를 잃은 네 살 소녀 도로시 굿(Dorothy Good)의 이후를 상상하며, 기록되지 않은 시간과 감각을 불러온다. 깊은 숲속에서 다양한 존재와 만나는 도로시의 여정은 현실과 환상의 경계를 흐리며 전개된다. 전시 제목의 ‘원더링’은 목적 없는 방황이 아닌, 상실 이후 세계를 인식하고 관계 맺으며 스스로를 재구성해 나가는 과정으로 제시된다. 이번 전시는 작가 스텔라 수진이 그림을 그리는 행위를 통해 무엇을 바라보고 남기고자 하는지 질문한다. 이를 통해 작품 속에 축적된 작가의 시선과 사유의 흐름을 마주하게 한다. * 세일럼 마녀 재판(1692–1693): 미국 메사추세츠 세일럼에서 일어난 마녀 재판으로 갈등과 편견이 뒤엉킨 사회 속에서 무고한 사람들을 희생시킨 사건. 해당 공연·전시 프로그램은 주최자·공연자 등의 사정에 따라 변경될 수 있습니다. 1688-2220","=GOOGLETRANSLATE(A813, ""ko"", ""en"")"
042-120,"=GOOGLETRANSLATE(A814, ""ko"", ""en"")"
"설치작품은 공간을 작품의 일부로 사용하는만큼 자유로운 설치형태와 압도적인 스케일로 전시공간 전체를 점유하며 관람객과 상호작용하는 특성을 갖는다. 그러나 전시가 종료된 이후에는 필연적으로 해체 과정을 거치며, 최대한 압축된 형태로 보관된다. 이 때 작품의 안전한 운송과 보관을 위해 사용되는 미술작품 전용 보관함을 ‘크레이트(Crate)’라고 한다. 크레이트는 단순한 운송 상자와 달리, 제작 단계부터 국제기준에 따른 열처리와 훈증 공정을 거쳐 미생물과 해충의 유입을 차단하고, 물리적 충격뿐 아니라 급격한 온습도 변화로부터 작품을 보호하도록 설계되는 소규모 보존 시스템으로 기능한다. 뉴미디어 작품은 고정된 실체가 아닌 데이터와 가변적인 하드웨어로 존재한다. 비물질적인 데이터는 저장매체와 재생매체를 통해 보관되고 구현되는데, 기술 발전에 따라 레이저 디스크(Laser Disc)가 DVD로, DVD가 다시 디지털 파일로 이행하며 저장과 재생의 형식이 급격하게 변화해왔다. 이러한 매체의 전환은 기술 변화의 흐름 속에서 뉴미디어 작품의 원형을 어떻게 보존할 것인지에 대한 과제로 이어진다. 수장고는 작품이 전시되기 전 가장 내밀하게 보호받는 보존과 관리의 현장이다. 작품을 안전하게 보존하고 정확하게 구현하기 위한 미술관의 노력은 보이지 않는 곳에서 지속되고 있다. 이번 전시는 설치미술의 거대한 스케일을 응축한 크레이트와 비물질적 데이터를 보존하는 뉴미디어 수장 시스템을 통해 미술관 보존관리의 기능적 단면을 가시화하여 수장고 현장을 투명하게 공유한다. 해당 공연·전시 프로그램은 주최자·공연자 등의 사정에 따라 변경될 수 있습니다. 1688-2220","=GOOGLETRANSLATE(A815, ""ko"", ""en"")"
"성인 20,000원, 어린이 및 청소년 15,000원","=GOOGLETRANSLATE(A816, ""ko"", ""en"")"
042-270-7330,"=GOOGLETRANSLATE(A817, ""ko"", ""en"")"
"2026 어린이미술기획전 《열한번째 트윙클》은 아이들이 매일 경험하지만 쉽게 말로 표현하기 어려운 ‘마음의 상태’를 형태의 변화로 이해하도록 돕는 전시다. 감정은 고정된 성질이 아니라, 상황과 관계에 따라 부피·질감·밀도·기울기가 달라지는 구조적 사건이라는 점에 주목한다. 정승원 작가는 일상의 풍경 속에서 발견되는 미세한 감정과 순간들을 동화적 색채와 캐릭터로 펼쳐내며, 익숙한 장면을 ‘마음이 머무르는 이야기’로 바꿔 놓는다. 그의 작업은 아이 마음속에 스며드는 작은 기쁨, 어색함, 설렘, 서운함 같은 감정들을 색의 온도·표정·움직임으로 시각화해, 전시가 말하는 “11개의 반짝임”, 즉 트윙클의 서사적 배경이 된다. 백인교 작가는 실·섬유·일상 오브제에 탄성·중력·압력의 변화를 입혀, 형태가 밀리고 흔들리고 돌아오는 과정을 몸으로 체감할 수 있는 조형 실험으로 확장해 왔다. 아이들은 백인교의 설치 작업 속에서 마음이 넓어지거나 좁아지고, 단단해졌다가 다시 풀리고, 둥글어지거나 날카로워지는 변화들을 직접 보고, 만지고, 움직이며 경험하게 된다. 전시는 감정을 교정하거나 평가하는 공간이 아니라, 아이가 스스로 감정의 구조를 파악하고 표현하는 능력을 키우는 작은 실험실로 설계된다. 아이들은 하루 동안 자신의 감정에 대응되는 ‘마음의 모양’을 만들어보고, 선·면·색·밀도의 조합으로 마음이 어떻게 달라지는지 시각적으로 익히게 된다. 해당 공연·전시 프로그램은 주최자·공연자 등의 사정에 따라 변경될 수 있습니다. 1688-2220","=GOOGLETRANSLATE(A818, ""ko"", ""en"")"
042-270-7331,"=GOOGLETRANSLATE(A819, ""ko"", ""en"")"
"무빙이미지를 하나의 장치로 삼아, 기록·재현·다시 쓰기 과정을 통해 공동체의 역사와 감각을 새롭게 구성하는 전시 해당 공연·전시 프로그램은 주최자·공연자 등의 사정에 따라 변경될 수 있습니다. 1688-2220","=GOOGLETRANSLATE(A820, ""ko"", ""en"")"
서귀포예술의전당 & 제주특별자치도립 서귀포예술단 공동기획 공연 <아름다운 동행>,"=GOOGLETRANSLATE(A821, ""ko"", ""en"")"
서귀포예술의전당 064-760-3368,"=GOOGLETRANSLATE(A822, ""ko"", ""en"")"
"R석 77,000원, S석 55,000원","=GOOGLETRANSLATE(A823, ""ko"", ""en"")"
02-6954-0772​,"=GOOGLETRANSLATE(A824, ""ko"", ""en"")"
053-420-8050,"=GOOGLETRANSLATE(A825, ""ko"", ""en"")"
이강하미술관에서는 관람객의 이해를 돕기 위해 도슨트 프로그램을 운영하고 있습니다. 해당 공연·전시 프로그램은 주최자·공연자 등의 사정에 따라 변경될 수 있습니다. 1688-2220,"=GOOGLETRANSLATE(A826, ""ko"", ""en"")"
이강하미술관 062-674-8515,"=GOOGLETRANSLATE(A827, ""ko"", ""en"")"
1661-6981,"=GOOGLETRANSLATE(A828, ""ko"", ""en"")"
인천서구문화재단 032-510-6041,"=GOOGLETRANSLATE(A829, ""ko"", ""en"")"
"[작가의 말] 바람은 지나가고, 흔적만 남습니다. 바램은 남아가고, 길을 만들죠. 이번 사진전은 그 두 가지가 겹쳐진 자리입니다. 눈에 보이지 않던 마음이, 풍경 속에서 문득 형태를 갖는 순간들. 그 조용한 증거들을 걸어두었습니다. 해당 공연·전시 프로그램은 주최자·공연자 등의 사정에 따라 변경될 수 있습니다. 1688-2220","=GOOGLETRANSLATE(A830, ""ko"", ""en"")"
디크레센도 070-4639-2200,"=GOOGLETRANSLATE(A831, ""ko"", ""en"")"
"문신에게 삶은 예술이었고, 예술은 곧 삶이었다. 그의 강렬했던 삶의 궤적을 따라가면서 삶과 예술의 관계와 생애에 따른 작품의 변화를 짐작해 보고자 한다. 문신이 살았던 시대는 근대에서 현대로 넘어가는 격동기였다. 일제강점기와 해방, 한국 전쟁, 급격한 산업화 등 혼란한 역사적 흐름 속에서도 운명처럼 예술가의 길로 들어선 문신의 삶을 상세한 연보를 통해 살펴보자. 문신은 1922년 1월 16일 일본 규슈 사가현 다케오의 작은 도시에서 아버지 문찬이와 어머니 치와타 타키의 차남으로 태어났다. 자유분방하고 개척 정신을 가진 아버지는 자신이 동경하던 비행사 안창남의 성을 가져와 문안신(文安信)이란 이름을 지어 주었다. 1927년 5세가 되던 해, 문신의 가족은 아버지의 고향인 마산으로 오게 되는데, 얼마지 않아 부모님이 일본으로 돌아가면서 할머니와 숙부의 슬하에서 자라게 된다. 그가 11세가 되었을 때, 아버지는 홀로 마산에 정착한다. 이때 문신은 어머니와 이별하게 된다. 아버지의 각별한 사랑을 받았던 문신은 자신의 예술적 근원이 아버지와 함께한 어린 시절이라고 회고했다. 훗날 자신의 작품이 추상적이나 자연의 생명성(체)을 연상시키는 것은 어린 시절 잠재의식의 발현이며, 아버지와 마산 바다에서 추억뿐 아니라 매사 최선을 다하는 부친의 생활 태도와 체질적인 성실성, 뜨거운 집착성이 문신의 정신적 바탕과 시련을 극복하는 용기를 갖게 해주었다. 십 대의 문신은 외국 명화를 다루는 화방에서 일하게 되면서 자연스럽게 피카소, 세잔, 고흐 등 화집을 접하며 수많은 명화를 모작하는데, 특히 피카소의 작품을 이해할수록 ‘독창성’이 중요하다는 것을 절감했다고 한다. 16세쯤, 비밀리에 만주행을 계획하던 중 자신을 찾아온 친구의 권유로 일본으로 향한다. 일본인 어머니에 대한 그리움과 원망이 있었기에 일본으로는 가고 싶지 않았던 문신이었지만, 미술을 공부하겠다는 일념이 그를 이끌었다. 일본미술학교에서 수학하며 극장일, 목공, 구두닦이 등 아르바이트하여 학비를 충당하였고, 일부는 마산에 계신 아버지에게 보내 현재 미술관 부지를 매입하도록 한다. 1945년 해방과 함께 귀국한 문신은 마산, 부산, 서울 등지에서 전시를 개최한다. <어부>(1946), <고추>(1946), <고기잡이>(1948), <뒷산과 하늘>(1948) 등 자신이 거주하고 있는 환경과 그 환경에서 생산되는 사물을 자신만의 색채와 형태로 대담하게 표현하는데, 서울 동화화랑에서 <제1회 문신 양화 개인전>(1948)에서 평론가 길진섭은 문신의 작품에서 ‘감득(感得)할 수 있는 솔직한 소박성’이 나타나며, ‘낡은 사상과 양식의 허의(虛儀)를 버린 작가’라 높이 평하기도 한다. 1950년 한국 전쟁이 발발했을 때는 종군 화가로도 활동하며 <야전병원>(1952)을 통해 전쟁의 현장을 기록한다. 이후에는 활동무대를 서울로 옮겨 이규상, 한묵, 유영국, 박고석, 천경자 등과 더불어 <모던아트협회> 참여하는데, 이 그룹은 국전과 한국화단에 전위의식을 가진 30, 40대의 중견작가들이 결성된 그룹으로 모던아트의 기치를 내걸고 자신의 창작 이념을 바탕으로 예술의 순수성과 독자성을 내세운다. 문신은 이 시기에 추상으로 전환하는데 <암소>(1957), <정물>(1959), <태평로에서>(1959) 등에서 표현주의와 입체주의가 추구했던 조형적 실험을 엿 볼 수 있다. 1961년 문신의 나이 39세에 프랑스로 향한다. 20시기 초 예술의 중심지였던 프랑스 파리는 다양성을 수용하고 인정하는 자유로운 분위기였으며, 엥포르멜, 타시즘, 신사실주의 등 추상주의적 경향이 지배적이었다. 문신은 1961년부터 1980년까지(1965-1967 일시귀국) 프랑스에서 생활한다. 1960년대는 문신의 새로운 예술이 열리는 시기로 재료, 형상 등에 대한 다양한 실험을 통해 추상의 세계에 몰두한다. 이러한 시도는 <사랑>(1962), <무제>(1964), 조각과 공간의 경계를 넘나드는 <인간이 살 수 있는 조각>(1966-1967)에서도 나타난다. 1967년 문신은 갤러리스트 존 크라븐이 커미셔너로 활동한 《국제 조각 심포","=GOOGLETRANSLATE(A832, ""ko"", ""en"")"
"성인 500원 / 어린이, 청소년, 군인, 대학생, 예술인 200원","=GOOGLETRANSLATE(A833, ""ko"", ""en"")"
창원시립마산문신미술관 055-225-7181,"=GOOGLETRANSLATE(A834, ""ko"", ""en"")"
"《The Origin》은 문신의 석고 원형을 그의 조각에서 형태가 태동하는 최초의 순간이자 그 자체로 완결된 하나의 작품으로 조명합니다. 일반적으로 석고 원형은 최종 작품을 위한 중간 단계로 이해되지만, 문신에게 있어 석고 원형은 작품의 탄생과 창작 과정이 응축된 존재로 그의 생애 마지막 순간에 이르러서도 《원형 조각전》(1995.6.3.-7.31.)을 부탁할 만큼 특별한 의미였습니다. 작가의 손길과 시간이 녹아있는 이 형태들은 완성된 조각으로 나아가기 이전부터 이미 충만함으로 자리합니다. 석고 원형은 색이나 재료적 요소가 배제된 순수한 백색의 형태로, 우리는 작가가 생각한 최초의 형상을 마주하게 됩니다. 이 순수하고 절제된 아름다움 속에서 그의 창작 과정에 대한 깊은 통찰을 얻을 수 있으며, 그가 추구한 형상의 이면에 존재하는 사유의 깊이를 감각적으로 따라갈 수 있습니다. 석고의 표면 위로 흐르는 선과 면의 리듬과 볼륨, 그리고 빛과 그림자가 만들어내는 미묘한 긴장은 작품이 지닌 생명력을 더욱 선명하게 드러냅니다. 이처럼 석고 원형은 하나의 완결된 형상이자 동시에 무한한 변주가 가능한 창작의 출발점으로서, 문신 조각이 지닌 생동감 있는 조형적 에너지의 원천이라 할 수 있습니다. 한편, 석고 원형은 재료적 특성상 시간과 환경에 많은 영향을 받기에 지속적인 보존 관리가 요구됩니다. 본 전시에서 문신의 석고 원형을 보존 처리한 사례를 함께 소개하며, 작품이 창작된 이후에 어떻게 관리되고 그 의미가 이어지는지를 살펴보고자 합니다. 이 과정은 예술 작품의 보존이 어떻게 시간과 기억을 현재와 미래로 이어가는지 생각하게 합니다. 《The Origin》은 문신의 창작 과정에서 석고 원형이 지닌 의미를 재조명하며, 그의 예술 세계를 깊은 마음으로 바라보고자 합니다. 해당 공연·전시 프로그램은 주최자·공연자 등의 사정에 따라 변경될 수 있습니다. 1688-2220","=GOOGLETRANSLATE(A835, ""ko"", ""en"")"
"[아기오리의 꿈]은 안데르센의 유명동화 <미운아기오리>를 가족뮤지컬로 재탄생시킨 작품이다. <미운아기오리>는 결국 주인공 미운 오리에게는 해피엔딩이다. 다르게 생겼다는 이유로 구박받던 아기오리가 사실은 오리가 아닌 아름다운 백조라는 행복한 이야기. 그런데 문득, 어린 시절 미운 오리를 키워준 엄마 오리와 그 가족들에게도 이 이야기는 해피엔딩일까, 궁금해졌다. 안데르센의 <미운 아기 오리> 가 아닌 극단 푸른무대의 <아기오리의 꿈>에서 과연 그 해답을 찾을 수 있을까? 해당 공연·전시 프로그램은 주최자·공연자 등의 사정에 따라 변경될 수 있습니다. 1688-2220","=GOOGLETRANSLATE(A836, ""ko"", ""en"")"
02-456-0116,"=GOOGLETRANSLATE(A837, ""ko"", ""en"")"
아트센터인천 032-453-7700,"=GOOGLETRANSLATE(A838, ""ko"", ""en"")"
"프로그램 M. Ravel - Rapsodie Espagnole Witold Lutosławski – Variations on a Theme by Paganini for Two Pianos L.V. Beethoven – Symphony No. 9 in d minor, Op. 125 “Choral” (arr. F. Liszt) 해당 공연·전시 프로그램은 주최자·공연자 등의 사정에 따라 변경될 수 있습니다. 1688-2220","=GOOGLETRANSLATE(A839, ""ko"", ""en"")"
"- 제2회 휴머니타리안 그림책 워크숍 수상작 『호랑이의 노래』 원화전 - '나만의 나비 날개 만들기', '우리가 만든 꽃밭' 등 인도주의 체험형 전시 해당 공연·전시 프로그램은 주최자·공연자 등의 사정에 따라 변경될 수 있습니다. 1688-2220","=GOOGLETRANSLATE(A840, ""ko"", ""en"")"
국립어린이청소년도서관 02-3413-4800,"=GOOGLETRANSLATE(A841, ""ko"", ""en"")"
"R석 100,000원, S석 80,000원, A석 50,000원","=GOOGLETRANSLATE(A842, ""ko"", ""en"")"
062-225-0010,"=GOOGLETRANSLATE(A843, ""ko"", ""en"")"
"R석 66,000원, S석 55,000원, A석 44,000원","=GOOGLETRANSLATE(A844, ""ko"", ""en"")"
02-764-8760,"=GOOGLETRANSLATE(A845, ""ko"", ""en"")"
"R석 70,000원, S석 50,000원","=GOOGLETRANSLATE(A846, ""ko"", ""en"")"
쇼노트 02-3485-8700,"=GOOGLETRANSLATE(A847, ""ko"", ""en"")"
070-5111-0303,"=GOOGLETRANSLATE(A848, ""ko"", ""en"")"
동해문화관광재단 033-532-9549,"=GOOGLETRANSLATE(A849, ""ko"", ""en"")"
02-742-1500,"=GOOGLETRANSLATE(A850, ""ko"", ""en"")"
거암아트홀 070-8820-7976,"=GOOGLETRANSLATE(A851, ""ko"", ""en"")"
해운대문화회관 051-749-7651,"=GOOGLETRANSLATE(A852, ""ko"", ""en"")"
"성인 10,000원 / 청소년 7,000원 / 경로,어린이 5,000원","=GOOGLETRANSLATE(A853, ""ko"", ""en"")"
02-6276-9518,"=GOOGLETRANSLATE(A854, ""ko"", ""en"")"
"용인문화재단 031-260-3355,58","=GOOGLETRANSLATE(A855, ""ko"", ""en"")"
"성인 30,000 원 | 청소년 20,000 원 | 예술인패스/복지할인 25,000 원","=GOOGLETRANSLATE(A856, ""ko"", ""en"")"
서울숲스튜디오301 0507-1407-7473,"=GOOGLETRANSLATE(A857, ""ko"", ""en"")"
춘천시립예술단 033-259-5869,"=GOOGLETRANSLATE(A858, ""ko"", ""en"")"
제주특별자치도립 서귀포예술단 사무국 064-739-0641,"=GOOGLETRANSLATE(A859, ""ko"", ""en"")"
"R석 120,000원
S석 100,000원
시야방해S 80,000원
A석 80,000원
시야방해A 70,000원
B석 70,000원
시야방해B 60,000원","=GOOGLETRANSLATE(A860, ""ko"", ""en"")"
"맥화랑은 박영환(b.1998-) 작가의 개인전 《Immaterial: What Remains》를 2월 28일부터 3월 28일까지 개최합니다. 먹과 한지를 기반으로 작업해온 작가는 회화 작업 뿐만 아니라 퍼포먼스, 설치를 통해 감정과 기억, 시간의 층위를 탐구해왔습니다. 이번 개인전에서는 회화와 도판 작업 신작 17점을 선보이며, 사라짐 이후에도 완전히 소멸하지 않고 남아 있는 감각과 상태에 대한 질문을 제기합니다.⠀ 작가의 화면에 등장하는 검은 구체는 삶이 응축되고 분리되며 다시 흐름으로 이어지는 과정을 담아내는 조형적 단위입니다. 산수 혹은 건축적 공간 속에 이질적으로 배치된 이 형상은 재현적 풍경의 질서를 교란하며 삶의 다층 구조를 시각화합니다. 먹의 번짐과 스밈, 축적과 소거의 가능성은 작가가 주목하는 ‘비물질성 (immaterial)’의 감각과 맞닿아 있으며, 화면은 사물을 재현하는 공간이기보다 시간이 머무는 밀도를 드러내는 장으로서 기능합니다.⠀ 이번 전시는 작가 스스로 자신의 작업이 하나의 전환기를 지나고 있다고 인식하는 시점에서 펼쳐집니다. 이미 형성된 조형 언어 위에 서 있으면서도, 그것을 반복하는 데 머물지 않고 그 조건을 다시 질문하는 시점. 검은 구체는 여전히 화면에 존재하지만, 그것이 놓이는 공간과 밀도, 관계의 방식은 조금씩 변화하고 있습니다.⠀ 이 전시는 묻습니다. 경험이 지나간 뒤, 감정이 휘발된 뒤, 작업이 하나의 국면을 넘어선 뒤 — 무엇이 남는가. 그리고 그 남아 있음은 지금 이 순간, 어떻게 다시 시작되는가. ⠀ GALLERY MAC is pleased to present 《Immaterial: What Remains》, a solo exhibition by Younghwan Park(b.1998-), on view from February 28 to March 28. Working primarily with ink and hanji (traditional Korean paper), the artist has explored layers of emotion, memory, and time not only through painting, but also through performance and installation. This exhibition presents 17 new works, including paintings and fired panel pieces, raising questions about sensations and states that do not entirely disappear even after vanishing.⠀ The black spheres that appear in the artist’s compositions function as formative units that embody the processes through which life condenses, separates, and flows once again. Positioned incongruously within landscapes or architectural spaces, these forms disrupt the order of representational scenery and visualize the multilayered structure of life. The spreading and permeation of ink, along with the possibilities of accumulation and erasure, resonate with the artist’s exploration of “immateriality.” Rather than serving as a site of depiction, the pictorial surface operates as a field where the density of lingering time becomes visible. 해당 공연·전시 프로그램은 주최자·공연자 등의 사정에 따라 변경될 수 있습니다. 1688-2220","=GOOGLETRANSLATE(A861, ""ko"", ""en"")"
051-722-2201,"=GOOGLETRANSLATE(A862, ""ko"", ""en"")"
"달서아트센터 053-584-8719, 20","=GOOGLETRANSLATE(A863, ""ko"", ""en"")"
"전석 22,000원","=GOOGLETRANSLATE(A864, ""ko"", ""en"")"
대구콘서트하우스 053-430-7700,"=GOOGLETRANSLATE(A865, ""ko"", ""en"")"
"R석 40,000원
S석 30,000원
시야방해석 10,000원","=GOOGLETRANSLATE(A866, ""ko"", ""en"")"
와이즈발레단 02-703-9690,"=GOOGLETRANSLATE(A867, ""ko"", ""en"")"
"VIP석 110,000원, R석 90,000원, 나비석 70,000원","=GOOGLETRANSLATE(A868, ""ko"", ""en"")"
02-2192-3366,"=GOOGLETRANSLATE(A869, ""ko"", ""en"")"
평택시문화재단 031-8053-3533,"=GOOGLETRANSLATE(A870, ""ko"", ""en"")"
"대본 없이 시작되는 뮤지컬, 실수조차 노래가 되는 순간. 해당 공연·전시 프로그램은 주최자·공연자 등의 사정에 따라 변경될 수 있습니다. 1688-2220","=GOOGLETRANSLATE(A871, ""ko"", ""en"")"
0507-1388-1447,"=GOOGLETRANSLATE(A872, ""ko"", ""en"")"
구자범의 안산 사운드뮤직아카데미 <사월 다시피다>,"=GOOGLETRANSLATE(A873, ""ko"", ""en"")"
경기 | 안산문화예술의전당 해돋이극장,"=GOOGLETRANSLATE(A874, ""ko"", ""en"")"
‘Queen’의 음악을 이 시대의 레퀴엠으로 재창조한 웅장하고 가슴 저린 교향곡 해당 공연·전시 프로그램은 주최자·공연자 등의 사정에 따라 변경될 수 있습니다. 1688-2220,"=GOOGLETRANSLATE(A875, ""ko"", ""en"")"
R석 6만원 / S석 5만원 / A석 4만원 / B석 3만원,"=GOOGLETRANSLATE(A876, ""ko"", ""en"")"
080-481-4000,"=GOOGLETRANSLATE(A877, ""ko"", ""en"")"
도슨트의 명화해설과 함께하는클래식 음악 감상회 해당 공연·전시 프로그램은 주최자·공연자 등의 사정에 따라 변경될 수 있습니다. 1688-2220,"=GOOGLETRANSLATE(A878, ""ko"", ""en"")"
1층 2만원 / 2층 1만5천원,"=GOOGLETRANSLATE(A879, ""ko"", ""en"")"
031-260-3300,"=GOOGLETRANSLATE(A880, ""ko"", ""en"")"
"국립중앙박물관(관장 유홍준)은 2026년 2월 12일(목)부터 상설전시실 1층 ‘역사의 길’에서 고산자古山子 김정호金正浩(1804?~1866?)의 《대동여지도大東輿地圖》 22첩 전체를 펼쳐 전시한다. 이번 전시는 1861년(철종 12) 김정호가 제작한 《대동여지도》 전체를 한눈에 볼 수 있는 특별한 기회다. 가로 3.8m, 세로 6.7m … 압도적 규모의 ‘대동여지도’ 전도全圖를 만나다 《대동여지도》는 우리나라를 남북으로 22개 층으로 나누어 각 층의 지도를 1권의 첩으로 만든 접이식(분첩절첩식) 지도다. 22권의 첩을 모두 연결하면 세로 약 6.7m, 가로 약 3.8m에 이르는 대형 전국지도가 된다. 국립중앙박물관은 소장하고 있는 《대동여지도》(신수19997)의 고화질 데이터를 전통 한지에 출력하여, 관람객들이 그 웅장한 규모와 세밀한 표현을 한눈에 감상할 수 있도록 하였다. 이를 통해 조선 후기 사람들이 이해했던 국토의 크기와 구조를 생생하게 경험할 수 있을 것으로 기대된다. 섬세한 산줄기와 물줄기, 10리마다 표시된 도로망 … 조선 지도의 결정판 김정호가 만든 《대동여지도》는 우리나라 고지도 제작 전통의 연구 성과를 집대성한 조선 지도의 결정판으로 평가받는다. 정확하고 상세하게 표현된 산줄기와 물줄기를 통해 국토의 맥을 파악할 수 있고, 도로에는 10리마다 점을 찍어 실제 거리를 가늠할 수 있도록 하는 등 편리함을 더했다. 또한, 행정·국방 정보를 비롯해 경제·교통 등 당시 사회의 다양한 정보를 기호로 담아냈다. 특히 현대 지도의 범례에 해당하는 지도표를 따로 만들어 이용자들이 많은 지리 정보를 쉽고 빠르게 이해할 수 있도록 한 점이 특징적이다. 우리 고지도의 전통과 김정호의 업적 우리나라에 뛰어난 지도 제작의 전통이 있었던 것은 1402년(태종 2) 제작된 <혼일강리역대국도지도混一疆理歷代國都之圖>를 통해서도 알 수 있다. 영조 때 정상기鄭尙驥(1678~1752)가 백리척百里尺이라는 축척을 활용해 제작한 <동국대지도東國大地圖>, 신경준申景濬(1712~1781)이 만든 《동국여지도東國輿地圖》 등은 《대동여지도》가 제작될 수 있는 밑바탕이 되었다. 김정호는 《대동여지도》의 제작에 앞서 《청구도靑邱圖》, 《동여도東輿圖》와 같은 필사본 전국지도와 『대동지지大東地志』와 같은 지리지를 편찬했다. 이러한 지도 제작 전통을 집대성하여 《대동여지도》가 완성되었다. 특히, 목판으로 인쇄하여 보다 많은 사람들이 지도를 손쉽게 휴대하여 사용할 수 있도록 한 것이 《대동여지도》의 특징이다. 국립중앙박물관 유홍준 관장은 “이번 전시는 책의 형태로만 접하던 대동여지도를 거대한 지도의 모습 그대로 마주하며 김정호의 위대한 업적과 우리 국토의 아름다움을 직접 체감하는 소중한 기회가 될 것”이라며, “조선 시대 과학과 예술의 정수가 담긴 대동여지도를 통해 우리 고지도의 우수성에 대한 자부심을 느끼시길 바란다”라고 밝혔다. 해당 공연·전시 프로그램은 주최자·공연자 등의 사정에 따라 변경될 수 있습니다. 1688-2220","=GOOGLETRANSLATE(A881, ""ko"", ""en"")"
국립중앙박물관 02-2077-9000,"=GOOGLETRANSLATE(A882, ""ko"", ""en"")"
4. 공연소개 전래동화를 바탕으로 한 가족 뮤지컬 효자 효랑이 부모님을 향한 사랑과 공경의 의미를 따뜻하게 담아낸 공연입니다. 장난꾸러기 아이들이 펼치는 재미있는 이야기 속에서 진정한 효의 가치와 가족의 소중함을 느껴봅시다. 해당 공연·전시 프로그램은 주최자·공연자 등의 사정에 따라 변경될 수 있습니다. 1688-2220,"=GOOGLETRANSLATE(A883, ""ko"", ""en"")"
031-414-2100,"=GOOGLETRANSLATE(A884, ""ko"", ""en"")"
세종문화티켓 02-399-1000,"=GOOGLETRANSLATE(A885, ""ko"", ""en"")"
"유선태 초대전 'My Garden, My Artelier' 1월 28일(수)~3월 7일(토) II 관 : 갤러리가이아 부산 T. 051-627-3373 (부산시 남구 대연동 16 2F) 관람시간 : 화~토 11am~4pm(공휴일 예약관람) 3월 17일(수)~5월 30일(토) I 관 : 갤러리가이아 서울 T. 02-733-3373 (서울시 강남구 청담동 80-5 1F) 관람시간 : 화~토 11am~6pm(공휴일 예약관람) <작가 소개 및 작품 설명> 유선태 작가님은 홍익대학교와 동대학원, 파리국립미술대학교에서 수학한 후 파리8대학에서 박사 학위를 받은 후에 서울, 파리, 뉴욕, 벨기에, 스페인 등에서 다수의 개인전을 개최했습니다. 아크릴이라는 서양화의 재료에 동양화의 준법을 활용한 서정적 초현실주의로 주목을 받고있습니다. 입체와 평면을 넘나들며 작업하는 작가는 자신의 작품을 '오브제의 숲'이라고 표현할만큼 많은 일상의 친숙한 사물들로 안과 밖, 현실과 환상을 초월한 공간 안에서 신비로운 화면을 연출합니다. 유선태 작가의 그림에는 사물들을 낯선 관계 속에 놓는 '데페이스망(dépaysement)' 즉, 일상의 오브제들을 그 쓰임과 다르게 그려내거나 배치함으로써 보는 이로 하여금 낯설게 느껴지도록 하는 기법이 활용되었습니다. 작가는 초현실적인 3차원의 공간에 다양한 오브제들을 재구성함으로써 새로운 인식의 전환과 즐거운 상상을 가능하게 합니다. 각각의 사물을 정의하는 단어는 하나로 부족하다고 말하는 작가는 자신의 작업을 통해 다양한 의미를 부여하고 신비로운 가상세계를 그림을 통해 구현하고 있습니다. 해당 공연·전시 프로그램은 주최자·공연자 등의 사정에 따라 변경될 수 있습니다. 1688-2220","=GOOGLETRANSLATE(A886, ""ko"", ""en"")"
02-733-3373,"=GOOGLETRANSLATE(A887, ""ko"", ""en"")"
연극 <그때도 오늘2: 꽃신>,"=GOOGLETRANSLATE(A888, ""ko"", ""en"")"
"각기 다른 시대와 장소에서 이어지는 4개의 에피소드여성 2인극으로 새롭게 돌아온 <그때도 오늘>, 그 두 번째 이야기 해당 공연·전시 프로그램은 주최자·공연자 등의 사정에 따라 변경될 수 있습니다. 1688-2220","=GOOGLETRANSLATE(A889, ""ko"", ""en"")"
R석 4만원 / S석 3만원 / 시야제한석 1만5천원,"=GOOGLETRANSLATE(A890, ""ko"", ""en"")"
044-850-8989,"=GOOGLETRANSLATE(A891, ""ko"", ""en"")"
제1차 세계대전 참호를 배경으로 펼쳐지는 세 편의 공연!전쟁의 광기와 비극으로 숨 막히는 75분 해당 공연·전시 프로그램은 주최자·공연자 등의 사정에 따라 변경될 수 있습니다. 1688-2220,"=GOOGLETRANSLATE(A892, ""ko"", ""en"")"
전석 4만원,"=GOOGLETRANSLATE(A893, ""ko"", ""en"")"
"유한한 생명과 무한을 꿈꾸는 기계가 서로를 탐닉하며, 경계가 붕괴되는 순간 탄생하는 새로운 존재의 가능성 해당 공연·전시 프로그램은 주최자·공연자 등의 사정에 따라 변경될 수 있습니다. 1688-2220","=GOOGLETRANSLATE(A894, ""ko"", ""en"")"
"R석 80,000원 / S석 60,000원 / A석 40,000원","=GOOGLETRANSLATE(A895, ""ko"", ""en"")"
연희판판,"=GOOGLETRANSLATE(A896, ""ko"", ""en"")"
국립국악원 연희마당,"=GOOGLETRANSLATE(A897, ""ko"", ""en"")"
02-580-3300,"=GOOGLETRANSLATE(A898, ""ko"", ""en"")"
064-711-9263,"=GOOGLETRANSLATE(A899, ""ko"", ""en"")"
올해로 35회를 맞이하는 대한민국 신춘문예 페스티벌은 매년 8개의 일간지 및 극작가협회에서 발표하는 신춘문예 당선작을 무대화해 대학로의 봄을 여는 첫 연극 축제입니다. 해당 공연·전시 프로그램은 주최자·공연자 등의 사정에 따라 변경될 수 있습니다. 1688-2220,"=GOOGLETRANSLATE(A900, ""ko"", ""en"")"
"균일석 15,000원","=GOOGLETRANSLATE(A901, ""ko"", ""en"")"
02-3668-0007,"=GOOGLETRANSLATE(A902, ""ko"", ""en"")"
"제40회 한국무용제전: The Path, 몸의 궤적","=GOOGLETRANSLATE(A903, ""ko"", ""en"")"
"[공연소개]

[사전행사 1] 

제32회 국내학술대회 <한국무용제전 40년의 기록과 미래를 위한 담론>

한국무용제전 40주년의 사전행사로서 국내학술대회 <한국무용제전 40년의 기록과 미래를 위한 담론>이 사전행사로 개최됩니다. (사)한국춤협회의 산하기관인 한국무용연구학회와 함께 개최하는 이번 학술대회에서는지난 40년간 한국무용제전이 축적해온 한국창작춤의 흐름과 성과를 학술적으로 조망하고, 그 예술적 가치와 시대적 의미를 재해석하며 앞으로의 방향과 담론을 모색하는 연구 발표가 이루어집니다. 한국창작춤과 학술이 만나는 담론의 장을 4월 3일(금) 오후 1시, 예술가의집 다목적홀에서 만나볼 수 있습니다.

[사전행사 2] <매력시리즈 - 서울의 거리 Dance Film>

매력의 도시 서울을 한국춤으로 담아낸다. 과거와 현재, 그리고 미래가 공존하며 세계적으로 그 아름다움을 인정받고 있는 서울의 거리와 공간을 한국무용수들이 찾아가 춤으로 표현한다. 한국무용제전의 사전행사로 주목받고 있는 ‘매력시리즈 - 서울의 거리 Dance Film’은 지금까지 을지로, 서순라길, 청계천, 종묘사잇길, 광화문태평로, 성균관로, 서촌길, 열린송현녹지광장, 서울역, 해방촌, 노원공릉숲길 등 서울의 다양한 장소에서 한국춤의 매력을 새롭게 그려내며 도시와 춤이 만나는 장면들을 기록해 왔다.

이번 댄스필름은 지난 2025 제39회 한국무용제전의 소극장부문 심사위원특별상 수상자인 박철순이 고덕수변생태공원을, 소극장부문에서 인상깊은 작품을 선보인 양지수가 서대문형무소를 춤으로 걸으며 40주년을 맞이한 한국무용제전을 더욱 특별하게 빛내줄 예정입니다. 또한 높은 조회수를 기록한 작품에는 베스트 Click상을 수여하여 안무자들의 창작 활동에 대한 노고를 치하하고 작품의 대중적 확산과 향후 창작 활동에 의미 있는 성과로 이어질 수 있도록 할 예정입니다. 4월 6일(월) 양지수, 7일(화) 박철순의 영상이 ‘한국춤협회’ 유튜브 채널을 통해 오후 7시 30분에 공개되며, 언제 어디서나 장소에 구애받지 않고 서울의 거리를 춤으로 만날 수 있습니다.

[부대행사] 40주년 기념 아카이빙 전시 <한국무용제전 40년, 그 시간의 기록> 

한국무용제전 40주년을 기념하여 부대행사 아카이빙 전시 <한국무용제전 40년, 그 시간의 기록>이 진행됩니다. 이번 전시는 제1회 한국무용제전부터 제40회에 이르기까지 축적된 공연 자료를 아카이빙하여 그 변화의 흐름과 기록을 공유하고, 한국창작춤의 계보와 담론을 체계적으로 살펴볼 수 있도록 기획되었습니다. 한국무용제전이 걸어온 40년의 시간 속에서 한국창작춤이 어떻게 변화하고 확장되어 왔는지를 다양한 기록 자료를 통해 만나볼 수 있습니다.

아르코예술극장 대극장 로비에서 진행되는 이번 아카이빙 전시는 한국무용제전 40년의 순간들을 사진과 영상으로 담아내어 한국창작춤의 역사와 흐름을 관객들과 함께 나누고자 합니다. <한국무용제전 40년, 그 시간의 기록> 전시는 4월 8일(수)부터 4월 19일(일)까지 아르코예술극장 대극장 로비에서 무료로 관람할 수 있습니다.

[개막초청공연 1] 40주년 기념 프로젝트팀 <춤, 그 신명>
[개막초청공연 2] 윤덕경 <밤의 소리>
[개막초청공연 3] (사)무용단 Altimeets 전수현 <공명과 신비>

[아르코예술극장 대극장 A-1] (사)무용단 Altimeets 박지수 <불휘 (THE ROOT)>
[아르코예술극장 대극장 A-2] Dance company 좋은 생각들 조한진 <어제, 오늘, 내일>
[아르코예술극장 대극장 B-1] 판댄스컴퍼니 장민혜 <파편>
[아르코예술극장 대극장 B-2] 임학선댄스위 조인호 <숨의 항로>
[아르코예술극장 대극장 C-1] Murmur Project 김성 <구부러진 사람들>
[아르코예술극장 대극장 C-2] 후댄스컴퍼니 유선후 <찬란한(radiant)>
[아르코예술극장 대극장 D-1] 강지혜댄스컴퍼니 강지혜 <소멸의 시간>
[아르코예술극장 대극장 D-2] 창무회 고경혜 <눈물 그릇(On the trail of traces)>
*공연순서와 무관

[폐막초청공연 1] 강미리할무용단 - 염(念)
[폐막초청공연 2] Dance us project 김현선 - 이방인들
[시상식] 2026 제40회 한국무용제전 시상식

<2026 제40회 한국무용제전 - The Path, 몸의 궤적> 에서 발표된 총 20개의 작품 중 대극장 부문에서 최우수, 우수작품상과 일반관객특별상, Best Dance 춤연기상이, 소극장 부문에서 최우수, 우수안무상, 심사위원특별상이 선정된다. 특히 올해는 좋은 안무와 작품을 보여준 안무자들을 위하여 대극장 부문에 선정된 8인을 “올해의 춤작가” 선정증서 수여와 함께 훌륭한 무용수들의 노고도 치하할 수 있게 되었다. 


[시놉시스]

[개막초청공연] 한국춤협회 명예이사장의 무대를 시작으로 이사진이 함께하는 뜻깊은 프로젝트와 한국창작춤의 현재를 보여주는 작품까지 이어지는 개막초청공연

한국무용제전의 개막초청공연은 한국무용제전을 위해 마음을 모은 많은 예술가들의 훌륭한 작품으로 꾸며집니다. 먼저 10여년 간 이사장으로서 한국춤협회를 이끌었던 명예이사장 윤덕경의 <밤의 소리>가 펼쳐집니다. <밤의 소리>는 안중식의 동양화 '성재수간도(聲在樹間圖)‘에서 영감을 받아 황병기선생께서 작곡한 곡을 ‘1990 현대춤작가전’에서 초연한 독무 작품입니다. 고요 속에서 증폭되는 울림, 그 밀도 높은 순간을 표현하는 작품입니다.

올해의 한국무용제전을 빛내는 특별 무대! 한국무용제전 40주년 프로젝트팀의 <춤, 그 신명>이 펼쳐집니다. 남녀노소 누구나 즐길 수 있는 작품인 <춤, 그 신명>은 1982년 초연되어, 관객이나 춤꾼이 합일을 통해 생성되는 또 다른 층위의 완성을 꾀하는 작품입니다. 작품 속의 춤꾼과 연주자, 그리고 관객들과의 소통으로 상생구조가 형성되며 사물연주와 현대음악의 접목, 연희성을 연극적 요소와 전통 복식의 현대적 착용으로 시각적인 미장센 연출로 작품을 극대화한 작품입니다. 이번 <춤, 그 신명> 무대는 한국춤협회의 이사진인 임현선, 이애현, 김용철 등 10명의 춤예술가들이 이번 한국무용제전을 위해 마음을 모았습니다. 한국무용제전 40주년을 맞아 한국춤협회 예술가들이 함께 만들어내는 또 하나의 ‘신명’의 무대가 펼쳐질 예정입니다. 

마지막으로 2025 제39회 한국무용제전 대극장부문 최우수작품상의 영예를 안은 (사)무용단 Altimeets 전수현의 작품 <공명과 신비>가 공연됩니다. 전수현 안무자의 <공명과 신비>는 우리의 말과 음악, 예술의 시간을 넘은 공명과 재탄생을 이야기하는 작품입니다. 땅을 울리는 듯한 군무의 에너지, 한국 예술의 해체와 재조합을 통한 울림을 선사합니다.  세 작품을 통해 한국춤의 역사와 현재, 그리고 새로운 울림을 만날 수 있는 이번 한국무용제전 개막초청공연은 관객 여러분께 깊이 있는 춤의 감동을 전할 것입니다.

[본공연] 2026 제40회 한국무용제전 <The Path, 몸의 궤적> 스무 명의 안무자가 선보이는 신작무대!

한국무용제전의 본공연은 〈The Path, 몸의 궤적〉을 주제로 한 작품들의 경연 무대로 펼쳐집니다. 대극장부문은 아르코예술극장 대극장에서 여덟 명의 안무자가 선보이는 신작으로 구성되며, 소극장부문은 동덕여자대학교 공연예술센터 코튼홀에서 열두 명의 안무가가 실험적이고 개성 있는 신작을 선보입니다. 경연 형식으로 진행되는 한국무용제전은 최우수 및 우수작품 선정을 통해 한국무용계의 차세대 안무가를 발굴하고, 한국창작춤의 대표 레퍼토리를 확장하며 새로운 예술적 시도를 이끄는 무용예술축제로 자리하고 있습니다.

[폐막초청공연 및 시상식] 한국창작춤의 부흥과 함께 한 작품, 그리고 새로운 감각의 수상작을 만나볼 수 있는 폐막초청공연

1980년대부터 지금까지 창작작업을 이어오며 부산 지역의 한국창작춤의 부흥을 이끌어 온  강미리할무용단의 <염(念)>을 폐막초청공연에서 만나실 수 있습니다. 작품 <염(念)>은 승무를 깊이 있게 해석해 낸 작품으로, ‘한국 전통춤의 한계에 대한 실험이자 넘쳐남에 대한 또 다른 실험이며 반드시 해야 할 필연적인 작업이다’라는 평을 들은 바 있습니다. 전통춤의 변용과 해체를 넘나들며 한국창작춤의 정체성과 입지를 단단하게 한 <염(念)>은 이번 폐막초청공연의 무대를 더욱 빛내줄 예정입니다.

뒤이어 2025년 제39회 한국무용제전 대극장부문 우수작품상 수상작인 Dance us project 김현선의 <이방인들>이 공연된다. 어떤 곳에 섞이지 못하는 이를 이방인으로 표현하며 누구나 이방인이 될 수 있기에 그 차이를 인정하고 공존해야 한다는 메세지를 담고 있습니다.

마지막으로 진행되는 시상식에서는 2026 제40회 한국무용제전 <The Path, 몸의 궤적>을 빛내준 수상작품들을 발표합니다. 총 20개의 작품 중 대극장 부문에서 최우수, 우수작품상과 관객특별상, 그리고 Best Dance 춤연기상이, 소극장 부문에서 최우수, 우수안무상, 심사위원특별상이 선정됩니다. 더불어 대극장부문에 선정된 8인의 안무가들에게 수여되는 ‘올해의 춤작가’ 선정증서와 사전행사 서울의거리 Dance film의 인기상이라고 할 수 있는 베스트 Click상까지 수여될 예정이니 많은 관심 부탁드립니다.

한국창작춤이 쌓아온 마흔 겹의 시간, 그리고 그 위로 겹쳐질 새로운 몸짓이 펼쳐지는 이번 2026 제40회 한국무용제전 <The Path, 몸의 궤적>을 함께 해주십시오.","=GOOGLETRANSLATE(A904, ""ko"", ""en"")"
"궁중음악의 공연화에 기여한 1932년 이왕직아악부의 첫 번째 이습회(肄習會)를 재현해 궁중음악의 전통을 이어가는 정악단의 정체성을 드러내는 무대를 선보입니다.종묘제례악 악곡과 궁중무용 반주곡, 가곡, 가사 등 1932년 당시 이왕직아악부의 첫 이습회 연주곡을 중심으로 실제 당시 연주와 평가가 함께 있었던 이습회 현장으로 안내합니다. 해당 공연·전시 프로그램은 주최자·공연자 등의 사정에 따라 변경될 수 있습니다. 1688-2220","=GOOGLETRANSLATE(A905, ""ko"", ""en"")"
창작악단 기획공연 <수작 II>,"=GOOGLETRANSLATE(A906, ""ko"", ""en"")"
"숫자에 담긴 철학적, 수리적, 상징적 의미를 음악적 아이디어로 구현해 빼어난 국악 실내악 작품을 발굴하는 무대입니다.지난 해에 이은 두 번째 시리즈로 국악이 품고 있는 수의 질서와 그 안에 담겨진 삶의 이야기가 신진 작곡가들의 참신한 창의력과 만나 창작악단의 연주를 통해 '수작'으로 선보입니다. 해당 공연·전시 프로그램은 주최자·공연자 등의 사정에 따라 변경될 수 있습니다. 1688-2220","=GOOGLETRANSLATE(A907, ""ko"", ""en"")"
S석 3만원 / A석 2만원 / B석 1만원,"=GOOGLETRANSLATE(A908, ""ko"", ""en"")"
최진석＜Four pieces for Orchestra＞- 2025 창작산실 올해의신작 음악,"=GOOGLETRANSLATE(A909, ""ko"", ""en"")"
최진석 ＜Four Pieces for Orchestra＞ - 2025 창작산실 올해의신작 음악 해당 공연·전시 프로그램은 주최자·공연자 등의 사정에 따라 변경될 수 있습니다. 1688-2220,"=GOOGLETRANSLATE(A910, ""ko"", ""en"")"
"균일석 20,000원","=GOOGLETRANSLATE(A911, ""ko"", ""en"")"
제일 가까운 장애인화장실이 어디죠?,"=GOOGLETRANSLATE(A912, ""ko"", ""en"")"
제일 가까운 장애인화장실이 어디죠? 해당 공연·전시 프로그램은 주최자·공연자 등의 사정에 따라 변경될 수 있습니다. 1688-2220,"=GOOGLETRANSLATE(A913, ""ko"", ""en"")"
"R석 35,000원 / S석 30,000원","=GOOGLETRANSLATE(A914, ""ko"", ""en"")"
"""이 세계에서 우리가 안전할지 잘 모르겠어."" 스포츠가 언제나 공정한 것은 아니다. 엄격한 규칙과 심판 과정을 거치며 공정하다는 착각을 불러일으키지만, 공정이라는 이름에 가려져 다양한 몸들이 스포츠에서 ‘탈락’되어 왔다. 유영여고 배구부 선수들은 자신이 탈락 위기에 놓인 것 같다. 여성이 아닌 것 같아서, 키가 작아서, 몸이 무거워서. 앞으로 살아갈 세계 앞에서 자꾸만 멈칫거린다. 그럼에도, 선수들은 좋아하는 것을 포기하지 않는다. 서로의 고민을 끌어안으며, 코트 위에 함께 존재할 방법을 찾아 나간다. 해당 공연·전시 프로그램은 주최자·공연자 등의 사정에 따라 변경될 수 있습니다. 1688-2220","=GOOGLETRANSLATE(A915, ""ko"", ""en"")"
"균일석 50,000원","=GOOGLETRANSLATE(A916, ""ko"", ""en"")"
"가족뮤지컬 <태권, 날아올라>","=GOOGLETRANSLATE(A917, ""ko"", ""en"")"
서울 | 국립중앙박물관 극장 용,"=GOOGLETRANSLATE(A918, ""ko"", ""en"")"
한국체육고등학교 태권도 유망주들의 성장스토리! 해당 공연·전시 프로그램은 주최자·공연자 등의 사정에 따라 변경될 수 있습니다. 1688-2220,"=GOOGLETRANSLATE(A919, ""ko"", ""en"")"
VIP석 7만 7천원 / R석 6만 6천원 / S석 4만 4천원,"=GOOGLETRANSLATE(A920, ""ko"", ""en"")"
컬처마인 1566-5588,"=GOOGLETRANSLATE(A921, ""ko"", ""en"")"
김치찌개 웨스턴 - 밥주걱과 45구경 권총의 결투,"=GOOGLETRANSLATE(A922, ""ko"", ""en"")"
"공용 우물이 말라버린 ‘뉴 밀리언 골드 타운’에 희대의 탕아 ‘J.B’가 찾아온다. J.B는 우연히 공용 우물에 관한 비밀을 알게 되고, 이를 독점하고 있는 퀸즈 가(家)의 첫째 에슐리 퀸즈, 유산을 모두 빼앗긴 에드먼드 퀸즈의 싸움에 휘말리게 된다. 물값이 치솟자 망해버린 마을의 살롱을 지키고 있는 잭 솔로는, 말라비틀어진 선인장처럼 위태로워 보인다. 잭 솔로는 J.B.의 다친 다리를 고쳐주고는, 보답으로 총알 한 발을 받는다. 오로지 자신의 이익과 안전만이 주요한 이들의 쫓고 혈투가 벌어지고, 위대한 기다림의 끝에 자연의 반란이 시작된다. 해당 공연·전시 프로그램은 주최자·공연자 등의 사정에 따라 변경될 수 있습니다. 1688-2220","=GOOGLETRANSLATE(A923, ""ko"", ""en"")"
"균일석 30,000원","=GOOGLETRANSLATE(A924, ""ko"", ""en"")"
생존을 위해 제주를 떠난 해녀이자 한 여성의 삶. 가족을 지키려 버텨온 시간과 단절된 세대를 잇는 그리움을 마주한다. 해당 공연·전시 프로그램은 주최자·공연자 등의 사정에 따라 변경될 수 있습니다. 1688-2220,"=GOOGLETRANSLATE(A925, ""ko"", ""en"")"
"R석 60,000원 / S석 40,000원","=GOOGLETRANSLATE(A926, ""ko"", ""en"")"
02-941-5855,"=GOOGLETRANSLATE(A927, ""ko"", ""en"")"
샤마,"=GOOGLETRANSLATE(A928, ""ko"", ""en"")"
"겸손하게 사라져가는 모든 것의 이야기를 듣고, 대화하며, 생명을 재조명한다. 해당 공연·전시 프로그램은 주최자·공연자 등의 사정에 따라 변경될 수 있습니다. 1688-2220","=GOOGLETRANSLATE(A929, ""ko"", ""en"")"
"R석 50,000원 / S석 40,000원","=GOOGLETRANSLATE(A930, ""ko"", ""en"")"
서울시향 & 얍 판 츠베덴의 차이콥스키 교향곡 5번,"=GOOGLETRANSLATE(A931, ""ko"", ""en"")"
"돔박아시, 고이래","=GOOGLETRANSLATE(A932, ""ko"", ""en"")"
"여전히 ‘빨갱이’라는 말이 자연스럽게 떠돌고, 4·3의 기억을 억누른 채 모른 척 살아가는 분위기 속에서 채진광이라는 군인의 거대한 비석이 쓰러졌다는 뉴스가 흘러나온다. 그리고 그 쓰러진 비석 위에 걸터앉은 50대 해녀 고이래는 마치 그 비석을 시계추 삼듯, 우리의 시간을 과거로 끌어당긴다. 해당 공연·전시 프로그램은 주최자·공연자 등의 사정에 따라 변경될 수 있습니다. 1688-2220","=GOOGLETRANSLATE(A933, ""ko"", ""en"")"
"균일석 40,000원","=GOOGLETRANSLATE(A934, ""ko"", ""en"")"
복도에서 만나,"=GOOGLETRANSLATE(A935, ""ko"", ""en"")"
"<복도에서 만나>는 오피스텔 복도라는 '경계의 공간'에서 만난 네 명의 인물을 통해, 우리 사회에서 '밀려난' 이들의 삶을 조명하는 작품이다. 해당 공연·전시 프로그램은 주최자·공연자 등의 사정에 따라 변경될 수 있습니다. 1688-2220","=GOOGLETRANSLATE(A936, ""ko"", ""en"")"
미씽(Missing) - 플라스틱가든,"=GOOGLETRANSLATE(A937, ""ko"", ""en"")"
우리는 무엇을 잃어버렸는가. 그것을 잃어버렸다는 사실조차 얼마나 쉽게 잊고 사는가. 다음 세대에게 우리는 어떤 형태의 ‘종말’을 매일 선물하고 있는가. 해당 공연·전시 프로그램은 주최자·공연자 등의 사정에 따라 변경될 수 있습니다. 1688-2220,"=GOOGLETRANSLATE(A938, ""ko"", ""en"")"
"R석 40,000원 / S석 30,000원 / A석 20,000원","=GOOGLETRANSLATE(A939, ""ko"", ""en"")"
리브 어 라이브,"=GOOGLETRANSLATE(A940, ""ko"", ""en"")"
"〈리브 어 라이브 (Live-A-Live)〉는 전쟁, 노동, 예술, 자본이 서로를 비추며 얽혀 있는 세계 속에서 ‘살아 있음’의 의미를 묻는 세 개의 이야기이자, 공존을 향한 연작 드라마다. 해당 공연·전시 프로그램은 주최자·공연자 등의 사정에 따라 변경될 수 있습니다. 1688-2220","=GOOGLETRANSLATE(A941, ""ko"", ""en"")"
"“첫눈이 오기 전에 돌아올게요!“ 사랑, 그리고 약속을 지키기 위해 나서는 한 아이의 용감한 여정 해당 공연·전시 프로그램은 주최자·공연자 등의 사정에 따라 변경될 수 있습니다. 1688-2220","=GOOGLETRANSLATE(A942, ""ko"", ""en"")"
"균일석 35,000원","=GOOGLETRANSLATE(A943, ""ko"", ""en"")"
"기본가 7,000원","=GOOGLETRANSLATE(A944, ""ko"", ""en"")"
포천문화관광재단 031-535-3607,"=GOOGLETRANSLATE(A945, ""ko"", ""en"")"
2026년 툇마루무용단 정기공연 ＜Community＞,"=GOOGLETRANSLATE(A946, ""ko"", ""en"")"
2026년 툇마루무용단 정기공연 ＜Community＞ 해당 공연·전시 프로그램은 주최자·공연자 등의 사정에 따라 변경될 수 있습니다. 1688-2220,"=GOOGLETRANSLATE(A947, ""ko"", ""en"")"
"ASAC 클래식. 구자범의 <사월, 다시 피다>","=GOOGLETRANSLATE(A948, ""ko"", ""en"")"
"구자범 지휘자의 복귀, ‘Queen’의 음악을 이 시대의 레퀴엠으로 재창조한 웅장하고 가슴 저린 교향곡 해당 공연·전시 프로그램은 주최자·공연자 등의 사정에 따라 변경될 수 있습니다. 1688-2220","=GOOGLETRANSLATE(A949, ""ko"", ""en"")"
R석 9만원 / S석 7만원 / A석 5만원 / B석 3만원,"=GOOGLETRANSLATE(A950, ""ko"", ""en"")"
"전통 국악을 최적의 공간에서 가장 깊이 있고 다채롭게 만날 수 있는 국립국악원의 대표 주말 공연 <토요명품>한민족의 흥과 신명이 살아 숨 쉬는 노래와 음악, 춤을 비롯해세계가 인정한 유네스코 등재 무형문화유산까지.한국인과 외국인 모두 꼭 봐야할 한국의 전통 공연 예술이매주 토요일, 우면당 무대를 가득 채웁니다.대한민국 최고의 연주가들이 선사하는 <토요명품>을 통해 국악이가진 아름다움을 느껴보세요. 해당 공연·전시 프로그램은 주최자·공연자 등의 사정에 따라 변경될 수 있습니다. 1688-2220","=GOOGLETRANSLATE(A951, ""ko"", ""en"")"
A석 3만원 / B석 2만원,"=GOOGLETRANSLATE(A952, ""ko"", ""en"")"
"2월부터 11월까지 매월 마지막 주 수요일 오전 11시에는 국악과 차, 그리고 이야기가 함께하는 <다담>이 열립니다.다담지기 황수경 아나운서의 진행으로 예술같은 삶을 살고 있는사회 각 분야의 저명 인사를 초청해 이야기와 우리 음악을 나누는토크 콘서트 입니다.진솔한 삶의 이야기에 더해지는 우리 음악 한 잔!오전의 설레이는 햇살 같은 특별한 시간을 느껴보세요. 해당 공연·전시 프로그램은 주최자·공연자 등의 사정에 따라 변경될 수 있습니다. 1688-2220","=GOOGLETRANSLATE(A953, ""ko"", ""en"")"
2026 토요국악동화 4월,"=GOOGLETRANSLATE(A954, ""ko"", ""en"")"
아이들의 눈높이로 흥미진진한 이야기와 음악을 들려주는 국악동화 공연이 매주 토요일 오후 어린이와 가족 관객을 맞이합니다.울림 그대로의 소리를 전달하는 한옥 사랑방 형태의 자연음향공연장에서 국악 감수성을 키워주는 어린이극에 온 가족이함께해보세요. 12개월 이상이면 누구나 관람 가능합니다. 해당 공연·전시 프로그램은 주최자·공연자 등의 사정에 따라 변경될 수 있습니다. 1688-2220,"=GOOGLETRANSLATE(A955, ""ko"", ""en"")"
2026 예술의전당 교향악축제,"=GOOGLETRANSLATE(A956, ""ko"", ""en"")"
서울 | 예술의전당 콘서트홀,"=GOOGLETRANSLATE(A957, ""ko"", ""en"")"
1989년 예술의전당 음악당 개관 1주년을 기념하여 38회를 맞이한 대한민국을 대표하는 클래식 음악 축제 해당 공연·전시 프로그램은 주최자·공연자 등의 사정에 따라 변경될 수 있습니다. 1688-2220,"=GOOGLETRANSLATE(A958, ""ko"", ""en"")"
"R석 6만원, S석 5만원, A석 4만원, B석 3만원, C석 1만원  (단, 4/7 베르비에) R석 15만원, S석 12만원, A석 9만원, B석 6만원, C석 3만원","=GOOGLETRANSLATE(A959, ""ko"", ""en"")"
02-580-7000,"=GOOGLETRANSLATE(A960, ""ko"", ""en"")"
2026 국립극장 <완창판소리> 4월,"=GOOGLETRANSLATE(A961, ""ko"", ""en"")"
"왕기석 명창의 <수궁가> 미산제.판소리 다섯 바탕, 그 긴 여정을 처음부터 끝까지 함께하는 국립극장 <완창판소리> 해당 공연·전시 프로그램은 주최자·공연자 등의 사정에 따라 변경될 수 있습니다. 1688-2220","=GOOGLETRANSLATE(A962, ""ko"", ""en"")"
02-2280-4114,"=GOOGLETRANSLATE(A963, ""ko"", ""en"")"
"2026 함께, 봄","=GOOGLETRANSLATE(A964, ""ko"", ""en"")"
장애와 비장애의 경계를 넘어 오직 음악으로 하나 되어 봄의 시작을 알리는 아름다운 하모니 해당 공연·전시 프로그램은 주최자·공연자 등의 사정에 따라 변경될 수 있습니다. 1688-2220,"=GOOGLETRANSLATE(A965, ""ko"", ""en"")"
백건우&슈베르트,"=GOOGLETRANSLATE(A966, ""ko"", ""en"")"
강원 | 춘천문화예술회관,"=GOOGLETRANSLATE(A967, ""ko"", ""en"")"
강원도 춘천시 효자상길5번길 13 (효자동),"=GOOGLETRANSLATE(A968, ""ko"", ""en"")"
"거장의 오늘, 슈베르트로 흐르다. 백건우가 열어가는 또 하나의 여정 해당 공연·전시 프로그램은 주최자·공연자 등의 사정에 따라 변경될 수 있습니다. 1688-2220","=GOOGLETRANSLATE(A969, ""ko"", ""en"")"
033-259-5822,"=GOOGLETRANSLATE(A970, ""ko"", ""en"")"
"허공을 거닐다 펼쳐지는 도원의 꿈!소리로 그려진 몽환적인 무대, 전석 매진의 그 공연! 해당 공연·전시 프로그램은 주최자·공연자 등의 사정에 따라 변경될 수 있습니다. 1688-2220","=GOOGLETRANSLATE(A971, ""ko"", ""en"")"
R석 5만원 / S석 3만원 / A석 2만원,"=GOOGLETRANSLATE(A972, ""ko"", ""en"")"
"마티네 콘서트Ⅰ: 김영하 작가의 여행의 이유, 그리고 음악","=GOOGLETRANSLATE(A973, ""ko"", ""en"")"
"[공연소개]

수요일 오전, 클래식 음악과 함께 하는 마티네 콘서트.
2026년 네 번의 만남을 기다리고 있습니다. 4월과 5월, 9월과 10월, 계절과 계절 사이에 만나 음악과의 이야기를 시작합니다.
이번 시리즈는 작가 김영하가 함께 합니다. 매월 새로운 이야기와 작가가 직접 선별한 음악 큐레이션을 선보입니다.

음악의 이유, 여행의 이유
소설가의 시선으로 걷고, 음악의 선율로 기억하는 유럽

우리는 왜 여행을 떠날까요?
베스트셀러 작가이자 우리 시대의 이야기꾼, 김영하가 2026년 마티네 시리즈의 호스트가 되어 관객 여러분을 유럽의 낭만적인 도시로 초대한다.
이번 시리즈는 작가가 직접 이탈리아, 독일, 프랑스, 스페인을 여행하며 마주했던 낯선 풍경과 사람, 그 속에서 길어 올린 인문학적 통찰을 클래식 음악과 엮어내는 고품격 렉처 콘서트이다.
여행지에서 느꼈던 찬란한 햇빛과 고독한 사색, 그리고 예술적 영감을 무대 위로 생생하게 불러온다.
오전의 여유로운 시간, 김영하 작가의 매력적인 입담과 현지 정취를 가득 담은 연주가 어우러진 은 반복되는 일상에 지친 당신에게 '여행의 이유'를 다시금 일깨워 줄 특별한 휴식이 될 것이다.

삶은 축제처럼, 오페라의 나라
따스한 4월, 이탈리아 사람들은 매일 무대 위의 주인공처럼 산다. 잘 먹고, 크게 웃고, 뜨겁게 사랑한다. 김영하 작가가 전하는 이탈리아인들의 유쾌히고 낙천적인 라이프스타일과 함께한다. 화려하고드라마틱한 오페라 아리아와 낭만적인 이탈리아 가곡을 감상하며, 봄의 활력을 채우는 가장 신나는 무대이다.","=GOOGLETRANSLATE(A974, ""ko"", ""en"")"
02-440-0500,"=GOOGLETRANSLATE(A975, ""ko"", ""en"")"
안애순 컴퍼니 <춤이 말하다: 문소리Ｘ리아킴>,"=GOOGLETRANSLATE(A976, ""ko"", ""en"")"
서울 | 강동아트센터 소극장 드림,"=GOOGLETRANSLATE(A977, ""ko"", ""en"")"
"배우 문소리, 안무가 리아킴 두 아티스트가 '말'과 '춤'이라는 언어로 풀어내는 신체와 감각의 에너지를 공유하는 새로운 무대 해당 공연·전시 프로그램은 주최자·공연자 등의 사정에 따라 변경될 수 있습니다. 1688-2220","=GOOGLETRANSLATE(A978, ""ko"", ""en"")"
전석 5만원,"=GOOGLETRANSLATE(A979, ""ko"", ""en"")"
어린이 음악회 <신나락 만나락>,"=GOOGLETRANSLATE(A980, ""ko"", ""en"")"
세상에서 유일하게 노래하는 아이 '선율'.엄마를 찾아 악기친구들과 모험을 떠나다! 해당 공연·전시 프로그램은 주최자·공연자 등의 사정에 따라 변경될 수 있습니다. 1688-2220,"=GOOGLETRANSLATE(A981, ""ko"", ""en"")"
031-216-5201,"=GOOGLETRANSLATE(A982, ""ko"", ""en"")"
"DAY 1) 스텔라 콜(Stella Cole) / 2026. 03. 07. SAT 7:30PM '전 세계가 주목하는 150만 팔로워의 주인공, '스텔라 콜'을 숨소리까지 들리는 거리에서 만날 수 있는 프라이빗한 선물같은 콘서트!' <틱톡 85만, 인스타그램 73만 명을 사로잡은 독보적인 존재감 > <주디 갈란드, 에디트 피아프를 연상시키는 고전적 우아함의 부활> <전설적인 '데카 레코드(Decca)'가 선택한 2026년 가장 주목받는 재즈보컬> 큰 공연장에서는 느낄 수 없는 그녀의 섬세한 보컬 컨트롤과 밝은 에너지, 그리고 눈을 맞추며 전하는 긍정의 기운을 코앞에서 직접 느껴보세요. 시간이 멈춘 듯한 올드 할리우드의 낭만이 바로 당신 곁에서 펼쳐집니다. 시간을 되돌린 듯한 마법 같은 음색, 스텔라 콜의 첫 내한 공연! 눈앞에서 볼 수 있는 전주 더바인홀에서의 특별한 기회를 놓치지 마세요! / DAY 2) 폴 코니쉬(Paul Cornish) / 2026. 04. 06. MON 7:30PM '재즈의 성지 블루노트가 선택한 젊은 거장!' '현세대 재즈의 정점, 조슈아 레드맨 밴드의 핵심 피아니스트 폴 코니쉬 첫 내한!' <재즈 뮤지션들의 꿈, '블루노트'가 2025년 야심 차게 선보인 신예 거장> <거장 조슈아 레드맨이 자신의 밴드 피아니스트로 낙점한 독보적인 재능> <조슈아 크럼블리(Bass), 조나단 핀슨(Drums) 등 뉴욕 재즈 신의 최정예 멤버 구성> <전설적인 비밥의 향수부터 로버트 글래스퍼의 모던한 감각까지 아우르는 압도적 테크닉> 세계 재즈의 중심, 뉴욕의 가장 뜨거운 사운드를 바로 눈 앞에서, 더바인홀에서 목격하세요! 해당 공연·전시 프로그램은 주최자·공연자 등의 사정에 따라 변경될 수 있습니다. 1688-2220","=GOOGLETRANSLATE(A983, ""ko"", ""en"")"
"DAY 1 125,000원, DAY 2 88,000원","=GOOGLETRANSLATE(A984, ""ko"", ""en"")"
"2016년, 국악계 최초 상주 작곡가 제도 도입. 2026년, 다시 한번 국악관현악 역사를 쓰다. 해당 공연·전시 프로그램은 주최자·공연자 등의 사정에 따라 변경될 수 있습니다. 1688-2220","=GOOGLETRANSLATE(A985, ""ko"", ""en"")"
귀향(歸鄕),"=GOOGLETRANSLATE(A986, ""ko"", ""en"")"
"누구나의 마음 속에 있는 가장 따뜻한 존재에 대한 울림, 사랑, 온기, 그리움을 한국적인 몸짓을 통해 돌아보는 시간 해당 공연·전시 프로그램은 주최자·공연자 등의 사정에 따라 변경될 수 있습니다. 1688-2220","=GOOGLETRANSLATE(A987, ""ko"", ""en"")"
"VIP석 70,000원 / R석 50,000원 / S석 30,000원 / A석 20,000원","=GOOGLETRANSLATE(A988, ""ko"", ""en"")"
정오의 음악회(4월),"=GOOGLETRANSLATE(A989, ""ko"", ""en"")"
"열여덟번의 봄, 변함없는 정오의 선율.4월 지휘 최동호, 정오의 협연 안수련, 정오의 스타 이기찬 해당 공연·전시 프로그램은 주최자·공연자 등의 사정에 따라 변경될 수 있습니다. 1688-2220","=GOOGLETRANSLATE(A990, ""ko"", ""en"")"
R석 3만원 / S석 2만원,"=GOOGLETRANSLATE(A991, ""ko"", ""en"")"
"VIP석 77,000원, R석 66,000원, S석 55,000원","=GOOGLETRANSLATE(A992, ""ko"", ""en"")"
파크컴퍼니 02-6925-0419,"=GOOGLETRANSLATE(A993, ""ko"", ""en"")"
NT Live <햄릿>,"=GOOGLETRANSLATE(A994, ""ko"", ""en"")"
"2025년 영국 국립극장 최신작, 한국 최초 상영! 권력과 혼란 속에서, ‘나는 누구인가’를 묻는 시대를 초월한 이야기 해당 공연·전시 프로그램은 주최자·공연자 등의 사정에 따라 변경될 수 있습니다. 1688-2220","=GOOGLETRANSLATE(A995, ""ko"", ""en"")"
NT Live <워렌 부인의 직업>,"=GOOGLETRANSLATE(A996, ""ko"", ""en"")"
"2025년 영국 국립극장 최신작, 한국 최초 상영! 도덕과 생존 사이, 여성이 감당해야 했던 선택의 대가 해당 공연·전시 프로그램은 주최자·공연자 등의 사정에 따라 변경될 수 있습니다. 1688-2220","=GOOGLETRANSLATE(A997, ""ko"", ""en"")"
절창Ⅵ,"=GOOGLETRANSLATE(A998, ""ko"", ""en"")"
"젊은 소리꾼 최호성, 김우정의 ‘절창(絶唱)’두 소리꾼의 재기 넘치는 호흡으로 전하는 가장 젊고 가장 흥겨운 판소리 무대! 해당 공연·전시 프로그램은 주최자·공연자 등의 사정에 따라 변경될 수 있습니다. 1688-2220","=GOOGLETRANSLATE(A999, ""ko"", ""en"")"
R석 4만원 / S석 3만원,"=GOOGLETRANSLATE(A1000, ""ko"", ""en"")"
연극 <노인의 꿈>,"=GOOGLETRANSLATE(A1001, ""ko"", ""en"")"
