Original,TranslationFormula
헤이리 커피박물관,"=GOOGLETRANSLATE(A2, ""ko"", ""ja"")"
경기도 파주시 탄현면 헤이리마을길 23,"=GOOGLETRANSLATE(A3, ""ko"", ""ja"")"
"커피박물관에는 전 세계에서 수집한 1,600년대부터 최근까지 5세기에 걸쳐 인류가 사용하여 왔던 커피 유물들이 전시되어 있다. 특히, 전 세계에서 하나뿐인 커피 유물과 다른 나라 커피박물관으로부터 불하받은 오래되고, 귀중한 전시물들을 직접 볼 수 있는 역사적 자료 박물관이다. 커피박물관은 1층은 카페로, 2층과 3층에 커피박물관으로 구성되어 있다. 2층에서는 커피의 역사, 커피가 만들어지는 과정, 에스프레소 머신이 어떻게 변화하였는지를 살펴볼 수 있으며 3층에서는 원산지별로 커피의 특징을 알아볼 수 있는 공간도 구경해볼 수 있다. 별도의 커피연구소와 커피 재배 하우스에서 자라고 있는 다양한 커피나무도 볼 수 있다. 박물관 관람 외에도 생두를 직접 볶아보는 로스팅 체험, 머신에서 뽑는 커피가 아닌 수작업으로 만들어지는 핸드드립 체험을 할 수 있다.","=GOOGLETRANSLATE(A4, ""ko"", ""ja"")"
070-4176-1212,"=GOOGLETRANSLATE(A5, ""ko"", ""ja"")"
활판공방,"=GOOGLETRANSLATE(A6, ""ko"", ""ja"")"
경기도 파주시 문발로 203,"=GOOGLETRANSLATE(A7, ""ko"", ""ja"")"
"활판공방은 국내에서는 유일하게도 납 활자 인쇄 공정으로 책을 찍어내는 인쇄소 겸 출판사이다. 납으로 자모(字母)를 일일이 만드는 주조(鑄造)부터 시작해 약 60만 자가 빼곡히 들어찬 활자 선반에서 자모를 골라내는 채자(採字) 및 자모를 배열하는 식자(植字・조판)와 인쇄・접지・제본에 이르기까지 활판 인쇄의 전 과정이 한 공간에서 거의 모두 수작업으로 이뤄지고 있다.&nbsp;입구부터 클래식한 분위기를 띄며 활판인쇄한 그림과 글이 진열되어 있고 정면에는 서적들이 빼곡히 꽂혀있다. 이는 모두 활판으로 인쇄한 서적이라고 한다. 이외에도 활판인쇄 시 사용하던 기계들이 전시되어 있다. 또한, 사람들이 활판인쇄 문화를 쉽게 접할 수 있게 별도로 북앤프레스라는 카페를 운영하고 있으며, 공방내에서는 체험프로그램도 진행하고 있다.","=GOOGLETRANSLATE(A8, ""ko"", ""ja"")"
031-955-0084,"=GOOGLETRANSLATE(A9, ""ko"", ""ja"")"
선바위미술관,"=GOOGLETRANSLATE(A10, ""ko"", ""ja"")"
과천 선바위미술관,"=GOOGLETRANSLATE(A11, ""ko"", ""ja"")"
경기도 과천시 무네미길 34,"=GOOGLETRANSLATE(A12, ""ko"", ""ja"")"
"서울과 경기도를 잇는 과천의 수려하고 쾌적한 환경 속에 자리 잡은 선바위미술관은 풍속화가 이서지 화백이 사라져가는 전통 풍속을 되살리고 기록, 보존하여 후손들에게 널리 알리고자 하는 취지 아래 2004년 설립한 풍속미술관이다. 약780여 평의 부지와 22평의 전시면적에 옛 조상들의 생활상과 풍습, 자연풍경을 평생에 걸쳐 그려온 고 이서지 화백의 풍속화 1,000여 점과 옛 선조들의 모습을 해학적으로 만들어 온 전통인형 작가 김시온 선생의 전통인형 및 마을 축소 모형을 소장〮전시하고 있다.","=GOOGLETRANSLATE(A13, ""ko"", ""ja"")"
"성인 : 개인 4,000원 / 단체 3,000원 청소년 : 개인 3,000원 / 단체 2,000원 어린이 : 개인 2,000원 / 단체 1,500원 3세 이하 어린이 / 노인 / 장애인 : 무료입장","=GOOGLETRANSLATE(A14, ""ko"", ""ja"")"
02-507-8588,"=GOOGLETRANSLATE(A15, ""ko"", ""ja"")"
영은미술관,"=GOOGLETRANSLATE(A16, ""ko"", ""ja"")"
광주 영은미술관,"=GOOGLETRANSLATE(A17, ""ko"", ""ja"")"
경기도 광주시 청석로 300,"=GOOGLETRANSLATE(A18, ""ko"", ""ja"")"
"경기도 광주시 자연림 속에 위치한 영은미술관은 2000년 11월에 개관한 곳으로, 동시대 현대미술 작품을 연구, 소장, 전시하는 현대미술관(Museum of Contemporary Art)과 창작 스튜디오를 겸비한 복합문화시설이다. 넓은 부지에 미술관동과 레지던시 작가들을 위한 스튜디오와 연구동이 자리 잡고 있다. 2000년에 시작된 레지던시 프로그램은 영은미술관에서 주관하는 창작지원 사업으로 국내외 작가들의 창작활동을 지원하고 있다. 지하 1층과 지상 3층 건물인 미술관동은 3개 전시장과 세미나실, 자료실, 강의실 및 평면 스튜디오를 두루 갖추고 있다. 영은미술관은 기획전과 개인전을 통해 국내외 현대미술의 주요 작가의 작품을 소개하고 미술전문인들뿐 아니라 일반 대중들도 공감하고 이해할 수 있는 전시기획을 통해 현대미술을 보다 친숙하고 가깝게 접할 수 있는 기회를 제공하고 있다. 또, 청소년에서 성인에 이르기까지 다양한 연령층을 대상으로 하는 영은창작스튜디오 투어 프로그램, 미술관 피크닉 등과 같은 체험 프로그램이 준비되어 있다.","=GOOGLETRANSLATE(A19, ""ko"", ""ja"")"
"[미술관 전시관람료] 일반10,000원 / 학생(초.중.고) 7,000원 / 어린이 5,000","=GOOGLETRANSLATE(A20, ""ko"", ""ja"")"
031-761-0137,"=GOOGLETRANSLATE(A21, ""ko"", ""ja"")"
농경유물전시관,"=GOOGLETRANSLATE(A22, ""ko"", ""ja"")"
경기도 파주시 통일로 600,"=GOOGLETRANSLATE(A23, ""ko"", ""ja"")"
"파주 농업기술센터 앞에 있는 농경유물전시관은 사라져 가는 전통 농경 문화 유산에 대한 견학을 통해 우리 문화의 자긍심을 높이고 나아가 후대에 농업의 올바른 이해를 촉진시키는 것을 목적으로 설립되었다. 전시관은 지하 1층, 지상 3층의 규모로 농경 유물 500여 점과 짚풀공예품 200여 점이 관련 사진 과 조형물들과 함께 전시되어 있다. 유물은 선사시대부터 조선시대까지 다양한 시대와 지역의 것들이며, 농경과 관련된 다양한 도구와 장비, 농기구, 농산물, 짚풀공예품 등을 한자리에서 만나볼 수 있다. 본 전시관의 주요 전시 유물에는 갈이연장, 삶기 연장, 씨뿌리기 연장, 김매기 연장, 거름내기 연장, 물대기 연장, 거두기 연장, 타작 연장, 말리기 연장, 방아 연장, 나르는 연장, 갈무리 연장, 축산 연장, 짚·풀가공 연장, 식품가공 연장, 길쌈 연장, 계량 연장 등이 있다.","=GOOGLETRANSLATE(A24, ""ko"", ""ja"")"
031-940-4114,"=GOOGLETRANSLATE(A25, ""ko"", ""ja"")"
국립여성사전시관,"=GOOGLETRANSLATE(A26, ""ko"", ""ja"")"
고양 국립여성사전시관,"=GOOGLETRANSLATE(A27, ""ko"", ""ja"")"
경기도 고양시 덕양구 화중로104번길 50,"=GOOGLETRANSLATE(A28, ""ko"", ""ja"")"
"2002년 12월 9일 국내 최초 여성사전시관이 서울시 대방동 여성플라자에 설치되었고 2012년 국립박물관으로 등록, 2014년 9월 1일 고양시 정부지방합동청사로 이전 개관하였다. 역사 속 여성의 역할과 역사 발전에 기여한 인물을 조명하고 국민의 양성평등 의식 고양을 위한 복합교육문화 공간으로서 기능하고 있다. 1층 기획전시실, 2층 상설전시실, 수장고와 학예연구실 등으로 구성되어 있으며 고대부터 근현대까지 여성의 역사를 조명하고 있는데 디지털 미디어, 실물 자료, 미디어아트 등을 활용하여 632년 신라시대 최초 여왕인 선덕여왕을 비롯하여 근현대까지의 한국 여성사의 흐름을 재현하고 있다. 원시 고대 사회 여성들은 여신, 여사제, 시조모, 여왕 등의 역할을 통해 여성들은 정치적인 영향력을 발휘하였으며 고려시대 여성은 집안의 관리자와 경영자로서 뿐만 아니라 상업과 무역활동 등에 종사하며 부를 쌓기도 하였다. 조선시대 유교적인 통제 속에서도 문학, 그림 등 예술활동에 활약한 여성의 삶과 더불어 근현대 여성의 참정권, 교육권, 직업권 등을 확보하기 위해 노력했던 여성들의 모습도 엿볼 수 있다. 2003년 개관 1주년 기념 여성의 힘과 창조성을 주제로 하는 특별기획전을 시작으로 매년 특별기획전을 개최하고 있으며 어린이와 청소년을 위한 양성평등 교육과 성인 대상 여성사 강좌 등을 개최하고 있다. 고양시 등 지역사회주민들이 봉사활동을 하고 있으며 자원봉사포털을 통해 신청접수받아 운영하고 있다.","=GOOGLETRANSLATE(A29, ""ko"", ""ja"")"
031-819-2288,"=GOOGLETRANSLATE(A30, ""ko"", ""ja"")"
의왕 국립수목원 산림박물관,"=GOOGLETRANSLATE(A31, ""ko"", ""ja"")"
경기도 포천시 소흘읍 광릉수목원로 415,"=GOOGLETRANSLATE(A32, ""ko"", ""ja"")"
"산림박물관은 국립수목원의 일부로서, 산림과 임업에 관한 자료의 수집과 국민계도 및 현장학습, 표본 분류·동정, 수장, 전시 및 연구를 목적으로 1985년 10월 25일부터 1987년 4월 5일까지 1년 6개월간에 걸쳐 건립되었다. 건물은 철근콘크리트조 지하 1층, 지상 2층의 4,617㎡(1,400평)로 외부는 국산석재인 화강암 등 근대 신재료를 사용하여 자연에 순응하는 한국 건축의 전통사상에 입각하여 건축하였다. 내부는 잣나무, 낙엽송 등의 광릉산 국산재를 사용하여 축조하였고 박물관 전면 벽은 백제시대 벽화인 산수문전을 현대감각으로 그래픽하여 음각한 돌벽화로서 산, 나무, 물, 바위, 구름 등 자연을 조화있게 배열하여 표현하였다. 제1전시실(살아있는 숲)은 살아있는 숲 영상 시스템은 여러 개의 모니터를 이용하는 영상예술기법을 도입하여 아름다운 숲을 표현하였다. 느티나무 상징목에 8개의 모니터를 설치하여 아랫부분에 설치한 5개의 모니터에는 숲의 바닥에 사는 식물, 곤충, 양서류, 포유류 등을 영상으로 보여주며, 중간 부분에 3개의 모니터에는 나뭇잎과 열매, 꽃, 그리고 새와 나비 등을 볼 수 있다. 관람객들은 8분 동안 계절에 따라 변하는 숲의 전체 모습을 감미로운 음악과 함께 감상할 수 있다.제2전시실(산림문화관)은 역사와 목재 이용이라는 2개의 주제로 전시공간을 구성하였다. 도입부에는 산림과 인간 생명의 근원인 씨앗이라는 콘셉트를 바탕으로 다양한 종자를 전시하였다. 역사 부분에는 고대로부터 현대까지 산림(숲)과 관련된 다양한 내용을 전시하였고 목재 이용 부분에는 우리 선조들의 목재 가공과 이용에 관한 내용이 전시되어 있다. 제3전시실(다면영상관)에서는 산림의 중요성, 생물보전의 중요성 등이 내용에 담겨있는 영상물로 영상관 내부의 구조적 특징은 영상에 담겨져 있는 내용을 더욱 효과적으로 전달하고 있다. 제4전시실(산림생명관)은 [동물과 식물의 진화], [생태숲 디오라마], [인간과 식물], [인간과 곤충], [인간과 버섯], [위협받는 지구], [국제협력을 통한 다양한 위협에 대한 방지 노력], [광릉숲] 코너로 구성되어 있다. 제5전시실(한국의 자연)은 낙엽송과 잣나무를 제재하여 섬유 방향으로 평행하게 우레탄수지 접착제를 사용하여 만든 집성재로서 간벌 소경제의 활용 방법을 제시하였다. 만남의 장소이면서 휴식공간으로 아름다운 식물 사진과 함께 틀린 그림 맞추기 등 누구나 재미있게 컴퓨터 게임을 할 수 있게 되어 있다. 특별전시실에서는 환경생태사진전, 우리나라 조류 및 수류전시회, 곤충전시회, 세밀화 전시회, 목가구 및 목공예 전시회 등을 기획 전시함으로써 대국민 산림환경교육 및 청소년들의 교육장으로 활용하고 있다.","=GOOGLETRANSLATE(A33, ""ko"", ""ja"")"
해움미술관,"=GOOGLETRANSLATE(A34, ""ko"", ""ja"")"
수원 해움미술관,"=GOOGLETRANSLATE(A35, ""ko"", ""ja"")"
경기도 수원시 팔달구 매산로 133,"=GOOGLETRANSLATE(A36, ""ko"", ""ja"")"
"해움미술관은 미술현장에 몸담아온 설립자의 경륜에 따라 2013년에 개관한 수원시 최초 사립미술관이다. 미술관은 거창한 것보다 작은 것으로부터 문화적 공감대를 열어가며 지역민의 욕구에 부응해 가는 창조적 예술 보급처 로서, 예술적 감수성을 지닌 작가발굴 및 지원이라는 소임은 물론 지역사회에 문화적 감수성을 불러 일으키는 다양한 프로그램을 진행한다. 앞으로도 현대미술의 새로운 지평을 넓히며 지역미술의 저변을 탄탄히 구축하는데 힘을 다할 것이다. 그 역할에 대한 사명은 지역사회에 대한 관심의 줄기로 부터 시작된다. 줄기를 통해 관람객들과 작가 사이에 예술 온기가 가득 채워지는 것이 미술관의 바람이며, 예술로 인해 우리의 삶과 일상의 가치가 더욱 풍요로워지길 바란다.","=GOOGLETRANSLATE(A37, ""ko"", ""ja"")"
"성인 2,000원, 청소년/어린이 1,000원","=GOOGLETRANSLATE(A38, ""ko"", ""ja"")"
031-252-9194,"=GOOGLETRANSLATE(A39, ""ko"", ""ja"")"
오산문화예술회관,"=GOOGLETRANSLATE(A40, ""ko"", ""ja"")"
경기도 오산시 경기동로 41,"=GOOGLETRANSLATE(A41, ""ko"", ""ja"")"
"오산문화예술회관은 오산 시민의 여가와 문화생활 증진을 위해 2004년 4월 개관하였다. 2012년 출범한 오산문화재단이 운영하고 있다. 오산문화예술회관은 대공연장과 소공연장으로 구성되어 있다. 특히 대공연장은 지하 1층, 지상 2층, 총 3층 규모로 본 무대(침하 무대) 및 측 무대(승강 무대) 등의 입체 무대와 첨단 조명시설, 음향시설을 갖추고 있어 공연 현장감을 생생하게 느낄 수 있다. 대공연장과 소공연장에서는 각종 문화행사 및 영화 상영, 공연, 연주회 등이 수시로 개최된다.","=GOOGLETRANSLATE(A42, ""ko"", ""ja"")"
031-379-9999,"=GOOGLETRANSLATE(A43, ""ko"", ""ja"")"
백향꽃누르미갤러리,"=GOOGLETRANSLATE(A44, ""ko"", ""ja"")"
광주 백향꽃누르미갤러리,"=GOOGLETRANSLATE(A45, ""ko"", ""ja"")"
경기도 광주시 도척면 얼음골길19번길 33,"=GOOGLETRANSLATE(A46, ""ko"", ""ja"")"
"백향꽃누르미갤러리는 꽃누르미 명인이 운영하는 전시관이다. 오랜 시간 만들어 온 꽃누르미 작품이 전시되어 있다. 꽃누르미란 생화를 말려 수분과 공기를 제거하여 꽃의 색감과 아름다움을 그대로 유지시키고, 이러한 말린 꽃을 활용하는 예술 활동을 말한다. 자연을 모티브로 실제 생화를 말려 작업하는 과정으로 세상에 단 하나밖에 없는 작품이 탄생하게 된다. 액자 외에도, 브로치, 팔찌, 목걸이, 귀걸이, 가구 등에 활용하여 다양한 형태의 작품을 창작하고 있다.","=GOOGLETRANSLATE(A47, ""ko"", ""ja"")"
031-764-5550,"=GOOGLETRANSLATE(A48, ""ko"", ""ja"")"
"대한민국의 20세기 문화는 유난히 큰 변동을 겪었다. 일본이 통치권을 앗아간 1910년부터 40년대, 뼈아픈 6·25전쟁이 있던 1950년대. ‘잘 살아보자’는 일념 하나로 온 국민이 똘똘 뭉쳤던 1970~80년대까지. 오래도록 그 시절이 잊히지 않기를 바라는 마음에서 2005년에 30년 동안 모은 각종 시각유물자료 7만여 점을 헤이리마을로 옮겼다. 입구부터 과거의 냄새를 물씬 풍기는 한국근현대사박물관은 지하 1층, 지상 3층으로 이루어져 있으며 층별로 각기 다른 시대의 한 마을을 통째로 재현한 한국 최초의 근현대사 테마 박물관이다.","=GOOGLETRANSLATE(A49, ""ko"", ""ja"")"
"성인(19세 이상) : 7,000원 소인(36개월 ~ 고등학생) : 5,000원","=GOOGLETRANSLATE(A50, ""ko"", ""ja"")"
031-957-1125,"=GOOGLETRANSLATE(A51, ""ko"", ""ja"")"
동광극장,"=GOOGLETRANSLATE(A52, ""ko"", ""ja"")"
동두천 동광극장,"=GOOGLETRANSLATE(A53, ""ko"", ""ja"")"
경기도 동두천시 생연동,"=GOOGLETRANSLATE(A54, ""ko"", ""ja"")"
동광극장은 옛날 모습을 그대로 간직한 얼마 남지 않은 단관극장이다. 과거에 사용하던 영화표 판매 창구는 현재 사용하지 않지만 옛날부터 쓰던 상영시간표 보드가 걸려있다. 내부로 들어서면 초록색 바닥과 알록달록한 네온사인이 보인다. 이곳에서 드라마 ''응답하라 1988'' 영화관 장면이 촬영됐다. 영화관의 매점은 슈퍼같이 되어 있어 원하는 음료수는 직접 꺼내오면 되고 팝콘은 전자레인지에 돌려준다. 한편에는 특이하게 커다란 물고기가 있는 수조가 있다. 영화표는 방문 구매만 가능하며 좌석도 따로 지정할 수 없어 입장 후 마음에 드는 곳에 앉으면 되는 옛날 방식이다. 앞쪽에는 푹신한 소파좌석으로 되어 있어 편안하게 영화를 관람할 수 있다.,"=GOOGLETRANSLATE(A55, ""ko"", ""ja"")"
031-867-3030,"=GOOGLETRANSLATE(A56, ""ko"", ""ja"")"
소전미술관,"=GOOGLETRANSLATE(A57, ""ko"", ""ja"")"
시흥 소전미술관,"=GOOGLETRANSLATE(A58, ""ko"", ""ja"")"
경기도 시흥시 소래산길 41,"=GOOGLETRANSLATE(A59, ""ko"", ""ja"")"
"‘소전미술관’은 소전재단 이사장이었던 故김용산 회장의 도자기컬렉션을 기증받은 것을 기반으로, 1994년 서울시 종로구 연지동에서 전시되어 오다가, 1996년 경기도 시흥시 대야동으로 이전하여 개관하였다. 1997년 경기도로부터 도자기 중심의 테마 미술관으로 지정받았으며, 한국적인 미감을 다양하게 표현한 도자기 명품들과 불교미술, 회화, 공예, 조각 작품들을 보존, 전시하고 있다. 수려한 자연환경 속에 위치한 소전미술관은 고려시대와 조선시대의 명품도자기를 마주할 수 있는 상설전시실과 세자르, 부르델과 같은 거장들의 조각 작품이 전시된 야외 정원으로 이루어져 있다.","=GOOGLETRANSLATE(A60, ""ko"", ""ja"")"
031-313-1211,"=GOOGLETRANSLATE(A61, ""ko"", ""ja"")"
군포문화원,"=GOOGLETRANSLATE(A62, ""ko"", ""ja"")"
군포 군포문화원,"=GOOGLETRANSLATE(A63, ""ko"", ""ja"")"
경기도 군포시 한세로56번길 12,"=GOOGLETRANSLATE(A64, ""ko"", ""ja"")"
"군포문화원은 군포의 전통문화 및 향토사 자료의 수집, 보존, 보급에 앞장서서 연구하는 곳이다. 전통문화 예술을 보존시키고 지역 공동체의 요인이 되는 향토애와 향토 문화 활동을 통하여 문화 예술 창달과 진흥을 도모하며, 건전한 문화 정착으로 시민의 정서 생활과 전통문화 시민으로서의 자긍심을 고취해 시민 화합 분위기를 조성하고자 노력한다.","=GOOGLETRANSLATE(A65, ""ko"", ""ja"")"
031-397-0195,"=GOOGLETRANSLATE(A66, ""ko"", ""ja"")"
국립현대미술관 과천,"=GOOGLETRANSLATE(A67, ""ko"", ""ja"")"
과천 국립현대미술관 과천,"=GOOGLETRANSLATE(A68, ""ko"", ""ja"")"
"국립현대미술관은 한국 근·현대 미술의 흐름과 세계 미술의 시대적 경향을 동시에 수용하는 국내 유일의 국립미술관으로 1969년 경복궁 소전시관에서 개관하여 1973년 덕수궁 석조전으로 이관하였다. 1986년 국제적 규모의 시설과 야외 조각장을 겸비한 과천으로 신축·이전하였다. 국립현대미술관(과천)은 청계산의 수려한 경치와 잘 어울리는 옛 성곽과 봉화대, 전통마을의 담장과 계단 등 전통양식을 가미한 건물 외관이 독특하다. 미술작품 및 자료의 수집·보존, 전시 및 조사·연구와 이에 관한 국제교류 및 미술활동의 보급과 교육을 통한 미술문화의식 향상 등 명실공히 국립미술기관으로서의 역할을 수행하고 있다. 백남준, 이중섭, 천경자 등의 국내 거장들의 작품도 감상할 수 있으며 다양한 교육프로그램이 있다. 수도권지하철 대공원역 4번 출구에서 미술관까지 셔틀버스가 있고, 코끼리열차를 타고도 미술관으로 갈 수 있으며, 근처에 서울대공원이 있다.","=GOOGLETRANSLATE(A69, ""ko"", ""ja"")"
상설전시 : 무료※ 해당 전시에 따라서 달라질 수 있음(자세한 안내는 전시 소개페이지 참고),"=GOOGLETRANSLATE(A70, ""ko"", ""ja"")"
02-2188-6000,"=GOOGLETRANSLATE(A71, ""ko"", ""ja"")"
하남문화원,"=GOOGLETRANSLATE(A72, ""ko"", ""ja"")"
경기도 하남시 덕풍동로 12,"=GOOGLETRANSLATE(A73, ""ko"", ""ja"")"
"하남문화원은 지방문화원 진흥법에 의거하여 지역사회의 계발 및 문화진흥을 목적으로 1996년 6월 11일 설립되었다. 지역 고유문화를 계발, 보존, 전승하고 향토사의 조사, 연구 및 사료의 수집, 보존활동을 하고 있으며, 또한, 지역문화 행사의 개최와 문화에 관한 자료의 수집, 보존 및 보급활동과 지역문화에 대한 사회교육활동을 활발히 전개하고 있다.","=GOOGLETRANSLATE(A74, ""ko"", ""ja"")"
031-795-1020,"=GOOGLETRANSLATE(A75, ""ko"", ""ja"")"
청심평화월드센터,"=GOOGLETRANSLATE(A76, ""ko"", ""ja"")"
경기 가평군 설악면 미사리로 258,"=GOOGLETRANSLATE(A77, ""ko"", ""ja"")"
"청심평화월드센터는 2012년 3월 22일 개관한 복합문화 예술공간이다. 글로벌 문화 사업을 선도하는 공연, 뮤지컬, 기획 전시, 콘서트, 페스티벌을 비롯해 국제 비즈니스를 위한 컨벤션, 이벤트, 프로모션, 그리고 다양한 국내외 실내 스포츠 경기, 교육 행사, 박람회, 방송 CF 촬영 등이 가능한 문화 체험 공간이다. 세종문화회관 대극장의 8배, 올림픽 체조 경기장 2배 규모의 25,000명이 동시 수용 가능한 실내 공연장으로 극장식 무대시스템, 최적의 공연과 행사 진행을 위한 음향 및 조명시스템, 4면 LED 전광판, 슬라이딩 체어 등의 시설을 보유한 곳이다. 지하 3층 공간은 실내 세트장으로 뮤직비디오, 광고 등을 촬영할 수 있고 상황에 따라 물, 스모그 등을 이용한 다양한 연출이 가능하다.","=GOOGLETRANSLATE(A78, ""ko"", ""ja"")"
031-589-5200,"=GOOGLETRANSLATE(A79, ""ko"", ""ja"")"
연천수레울아트홀,"=GOOGLETRANSLATE(A80, ""ko"", ""ja"")"
경기도 연천군 연천읍 문화로 150,"=GOOGLETRANSLATE(A81, ""ko"", ""ja"")"
"연천공설운동장 내에 있는 연천수레울아트홀은 연천 시민의 여가와 문화생활 증진을 위해 개관하였다. 수레울은 차탄[車灘]의 순우리말로 도당골에 은거하던 고려진사 이양소를 만나기 위하여 연천으로 친행하던 태종의 어가가 여울을 건너다 빠졌다 하여 수레울이라는 지명이 붙었는데, 연천수레울아트홀은 옛 지명을 사용하여 역사적 유래와 의미를 담았다. 연천수레울아트홀은 550명(휠체어석 5석 포함)수용가능한 대공연장과 166명(휠체어석 3석 포함) 수용가능한 소공연장의 시설을 갖추고 있다. 연천수레울아트홀은 3층 건물로 1층에는 안내데스크와 사무실, 평생교육실, 워크숍룸, 고객누리방, 수유실, 분장실, 대연습실 등의 편의시설과 부속시설이 있고, 2층에 매표소와 음향조정실, 대공연장 1층 객석, 소공연장, 3층에 대공연장 2층 객석, 분장실, 무대 기계실 등의 공연시설을 갖추고 있다. 대공연장과 소공연장에서는 각종 문화행사 및 영화 상영, 공연, 연주회 등이 수시로 개최되며, 공연이 없더라도 1층 로비에서는 미술전이 열리고, 야외에는 2013 한탄강 현대 야외조각 흐름전에 출품되었던 작품들이 있는 조각공원과 우리나라 지도가 양각되어 있는 분수대가 있어 산책 삼아 찾을 만하다. 은현IC에서 차량으로 약 17분, 경원선 연천역에서 약 3분 소요되며, 역에서 인근까지 가는 버스가 있다. 인근에 고대산자연휴양림, 백마고지, 연천역고드름, 노동당사, 열쇠전망대, 동막골유원지, 두루미테마파크, 재인폭포(한탄강 국가지질공원), 한탄강∙임진강 주상절리, 연천전곡리유적, 연천 호로고루, 연천고랑포구역사공원 등이 있다.","=GOOGLETRANSLATE(A82, ""ko"", ""ja"")"
031-834-3770,"=GOOGLETRANSLATE(A83, ""ko"", ""ja"")"
광명문화원,"=GOOGLETRANSLATE(A84, ""ko"", ""ja"")"
광명 광명문화원,"=GOOGLETRANSLATE(A85, ""ko"", ""ja"")"
경기도 광명시 철망산로 42,"=GOOGLETRANSLATE(A86, ""ko"", ""ja"")"
"광명문화원은 1992년 전통문화계승 보존과 지역문화 개발을 목적으로 설립되었다. 향토사 조사 보급사업, 지역문화행사 개최, 문화예술프로그램을 연구 보급하여 시민들의 문화감수성 함양과 지역문화발전에 기여하고 있다. 어린이문화학교와 성인문화학교에서 바이올린, 발레교실, 풍물교실, 서예, 사군자, 경기민요, 성인 판소리, 한국화 등의 프로그램을 운영한다. 우리 고장 광명과 연계하여 진행되는 답사 프로그램은 지역사회에 대해 처음으로 배우기 시작하는 어린 학생들이 광명의 향토유적지 및 문화시설을 직접 탐방하여 지역의 역사와 문화를 바르게 알고 익혀 광명시민으로 자긍심과 향토의식을 키우기 위한 문화교육프로그램이다. 오리문화제는 향토 위인 오리 이원익 정승을 기리고, 애향심과 지역문화에 대한 자긍심을 갖기 위해 1992년부터 매년 개최되고 있다.","=GOOGLETRANSLATE(A87, ""ko"", ""ja"")"
"문화학교 강좌당 90,000 ~120,000원","=GOOGLETRANSLATE(A88, ""ko"", ""ja"")"
02-2618-5800,"=GOOGLETRANSLATE(A89, ""ko"", ""ja"")"
과천시민회관,"=GOOGLETRANSLATE(A90, ""ko"", ""ja"")"
과천 과천시민회관,"=GOOGLETRANSLATE(A91, ""ko"", ""ja"")"
"과천시민회관은 수도권 지하철 4호선 정부과천청사역 10번 출구에서 135M의 거리에 위치하고 있는 문화 예술 공연장이다. 전국에서 제일 살기 좋은 도시라는 명성에 걸맞게 천혜의 자연경관과 어우러져 아름답고 웅장한 모습으로 그 자태를 뽐내고 있다. 1995년 10월 7일에 개관한 문화•예술•체육 복합문화 시설이다. 대극장(929석), 소극장(380석)과 야외공연장, 헬스장, 볼링장, 수영장, 아이스링크, 실내골프장, 체육관 등의 주요시설과 녹색가게, 세미나실, 회의실, 빙상용품점 등의 부대시설을 갖추고 있다. 문화 공연, 예술 공연 뿐만 아니라 시민 여가 활동에 도움을 주며 삶의 질을 향상시키는 태권도 , 요가, 에어로빅, 발레 등 프로그램이 다양하다.","=GOOGLETRANSLATE(A92, ""ko"", ""ja"")"
02-504-7300,"=GOOGLETRANSLATE(A93, ""ko"", ""ja"")"
지혜샘어린이도서관,"=GOOGLETRANSLATE(A94, ""ko"", ""ja"")"
수원 지혜샘어린이도서관,"=GOOGLETRANSLATE(A95, ""ko"", ""ja"")"
경기도 수원시 권선구 동탄원천로 818 지혜샘도서관,"=GOOGLETRANSLATE(A96, ""ko"", ""ja"")"
"수원시에는 일반적인 도서관 외에 어린이만을 위한 전용 도서관인 슬기샘, 바른샘, 지혜샘 도서관이 있다. 지혜샘어린이도서관은 2005년 개관 미래 꿈나무라고 할 수 있는 어린이들이 슬기롭고 지혜로우며 바른 어린이로 자랄 수 있도록 설립된 지식정보 및 문화공간이다. 이곳은 총 3개 층으로 이루어져 있으며, 1층은 유아 자료실인 옹달샘, 2층은 초등 자료실인 두레샘, 3층은 가족 자료실과 강당, 환경에너지관이 있다. 약 14만여 권에 달하는 장서와 함께 다양한 독서문화 프로그램을 진행하여 자라나는 새싹들에게 꿈과 희망, 호기심을 갖도록 하며 다가오는 지식정보화시대에 문화 체험 및 정보마인드를 향상시키고자 한다.","=GOOGLETRANSLATE(A97, ""ko"", ""ja"")"
031-225-5566,"=GOOGLETRANSLATE(A98, ""ko"", ""ja"")"
안산 유리섬박물관,"=GOOGLETRANSLATE(A99, ""ko"", ""ja"")"
경기도 안산시 단원구 부흥로 254,"=GOOGLETRANSLATE(A100, ""ko"", ""ja"")"
"대부도 유리섬박물관은 넓은 공간에 최고의 유리 조형 작가들의 예술혼이 녹아 숨 쉬는 환상적인 유리 조형 작품과 아름다운 일몰과 서해 갯벌이 장관으로 어우러진 문화 체험 공간이다. 다양한 조형 작품을 감상할 수 있는 유리섬미술관과 맥아트미술관, 유리로 된 우주의 자연물에 조명을 더한 동화 같은 테마전시관, 바다와 갈대숲의 자연이 잘 어우러진 유리조각공원, 유리공예 작품을 직접 만들어보는 체험 학습 공간까지 구성이 꽉 찬 대부도 대표 나들이 장소이다. 자연을 유리로 재현한 테마전시관과 현대 유리 작가들의 기획전시전이 열리며, 유리공예 시연장에서는 하루 3차례 유리조형 작가들의 유리공예품 제작 시연을 관람할 수 있다.&nbsp;현역작가들로 구성된 맥아트글라스는 자체 디자인 상품을 개발, 생산하여 독창적이고 예술적인 유리조형제품을 건축과 도시문화공간 그리고 다양한 예술장르에 접목시키고자 노력하고 있다. 특히 넓은 잔디정원이 있어 아이들이 뛰어다니기 좋고 야외 산책로를 따라서 배치된 다양한 테마의 조형물을 보는 재미도 있으며, 포토존으로도 그만이다. 맥아트미술관은 회화, 입체, 설치, 영상 등 다양한 장르의 작품들이 전시되어 있어 1년에 4회 이상 전시행사를 기획하여 매번 새로운 작품들을 감상할 수 있다. 맥아트미술관 1층에 있는 아트숍에서는 국내 유리 작가들이 만든 공예품과 디자인 상품들을 구매할 수 있다.&nbsp;&nbsp;","=GOOGLETRANSLATE(A101, ""ko"", ""ja"")"
"대인 10,000원 / 단체 8,000원청소년(13세~18세) 9,000원 / 단체 7,000원소인(3세~12세) 8,000원 / 단체 6,000원유아(3세 미만) 무료","=GOOGLETRANSLATE(A102, ""ko"", ""ja"")"
032-885-6262,"=GOOGLETRANSLATE(A103, ""ko"", ""ja"")"
김포 덕포진교육박물관,"=GOOGLETRANSLATE(A104, ""ko"", ""ja"")"
"1996년에 개관한 덕포진 교육박물관은 경기도 김포시 대곶면에 자리한 곳으로, 초등학교 교사였던 김동선·이인숙 관장이 운영하는 사립 박물관이다. 1990년 아내인 이인숙 관장이 교통사고로 시력을 잃자, 남편인 김동선 관장이 〔다시 학생들을 만나게 해주겠다〕는 약속을 지키기 위해 그간에 모은 교육 자료와 퇴직금으로 박물관을 설립하였다. 총 3층으로 구성되어 있으며, 박물관 1층은 인성교육관으로 옛날 학창 시절의 추억인 이름표, 성적표, 학생증 등을 전시하고 있다. 2층은 교육사료관으로 일제강점기부터 1~7차 교육과정 관련된 사료와 지금은 어른이 된 성인들이 추억에 젖을 만한 물건들이 전시되어 있으며, 3층 농경문화관은 농경문화부터 우리 조상의 전통문화를 알아볼 수 있는 다양한 물건들이 전시되어 있다. 덕포진 교육박물관에서는 다양한 체험 프로그램을 운영 중이다. 주요 프로그램으로는 옛날 교실에서 이인숙 선생님의 풍금 노래 수업을 들은 후 박물관을 관람하는 학교종이 땡땡땡과 매년 주제가 바뀌는 박물관 길 위의 인문학 등이 있다.","=GOOGLETRANSLATE(A105, ""ko"", ""ja"")"
"개인 - 어른 4,000원 / 경로 3,000원 / 청소년 2,000원 / 어린이 1,500원 ※ 단체방문시 할인 가능","=GOOGLETRANSLATE(A106, ""ko"", ""ja"")"
031-989-8580,"=GOOGLETRANSLATE(A107, ""ko"", ""ja"")"
경기도 여주시 영릉로 125,"=GOOGLETRANSLATE(A108, ""ko"", ""ja"")"
"세종국악당은 여주시에 있는 시립공연장으로 1990년에 건립되었다. 여주시민들의 문화예술 활동을 지원하고 증진하고자 여주시가 건립한 국악당은 지하 1층, 지상 1층 규모로 세워졌다. 좌석 수 388석의 공연장과 연습실을 보유하고 있는 국악당은 각종 문화 예술 활동의 거점 기반으로 다양한 문화예술공연 등이 진행되고 있다. 특수 조명시설과 무대막, 영사 스크린, 피아노, 무대 음향 시설 등 공연에 필요한 부대시설이 잘 갖춰져 있어, 음악회와 공연, 연극, 전시, 강연 등 여주시민들이 수준 높은 문화예술공연을 즐길 수 있도록 지원하고 있다. 대관 신청은 시설 확인 후 방문 신청 또는 이메일 접수를 통해 신청하면 된다. 주변에는 여주향교, 조선효종영릉재실, 여주 도예단지 등의 관광명소가 있으며, 이천쌀문화축제도 즐길 수 있다.","=GOOGLETRANSLATE(A109, ""ko"", ""ja"")"
031-881-9734,"=GOOGLETRANSLATE(A110, ""ko"", ""ja"")"
평촌아트홀,"=GOOGLETRANSLATE(A111, ""ko"", ""ja"")"
안양 평촌아트홀,"=GOOGLETRANSLATE(A112, ""ko"", ""ja"")"
"평촌자유공원 내에 있는 평촌아트홀은 안양 시민의 여가와 문화생활 증진을 위해 2004년 9월 개관하였다. 안양문화예술재단이 운영하고 있다. 지하 2층, 지상 3층 규모의 평촌아트홀은 680명(장애인 7석 포함) 수용가능한 2층 규모의 공연장과 3개의 기획전시실, 아카데미, 카페 등의 시설을 갖추고 있다. 특히 공연장은 2층 규모로 245㎡의 무대와 분장실 4개를 보유하고 있으며, 오케스트라, 합창, 실내악, 독주회 등 클래식 전용 콘서트홀로 연주자와 관객이 서로의 호흡을 느낄 수 있을 정도로 사각지대 없는 완벽한 음향 시스템이 구축되어 있다. 기획전시실은 각 282㎡, 340㎡, 172㎡ 규모의 3개 전시실로 레일식 무빙파티션으로 설계되어 자유로운 공간연출이 가능하다. 아카데미는 아트홀 지하 1, 2층에 위치하며 전문강의실 7개와 개인연습실 5개로 구성되어 있다. 공연장에서는 각종 문화행사 및 공연, 연주회 등이 수시로 개최되며, 평촌아트홀 아카데미에서는 인문∙음악∙무용∙미술 등의 다양한 문화교육 프로그램을 시민들에게 제공하고 있다. 강좌는 안양문화예술재단 홈페이지에서 신청할 수 있다. 산본 IC에서 차량으로 약 6분, 1∙4호선 금정역에서 약 9분 소요되며, 역에서 인근까지 오는 버스가 있다. 인근에 관악산, 청계산, 광교산, 안양예술공원, 안양박물관, 김중업건축박물관, 평촌중앙공원, 서울랜드, 서울대공원, 렛츠런파크서울, 광명동굴, 광명에디슨뮤지엄 등이 있다.","=GOOGLETRANSLATE(A113, ""ko"", ""ja"")"
"공연, 전시마다 다름","=GOOGLETRANSLATE(A114, ""ko"", ""ja"")"
031-687-0555,"=GOOGLETRANSLATE(A115, ""ko"", ""ja"")"
창조자연사박물관,"=GOOGLETRANSLATE(A116, ""ko"", ""ja"")"
시흥 창조자연사박물관,"=GOOGLETRANSLATE(A117, ""ko"", ""ja"")"
경기도 시흥시 두문로71번길 4,"=GOOGLETRANSLATE(A118, ""ko"", ""ja"")"
"창조자연사박물관은 1종 전문 자연사박물관으로 기독교 관점의 창조론 중심으로 설명해주는 박물관이다. 20여 종의 움직이는 공룡과 골격공룡, 초대형 해백합 화석을 비롯하여 화석 180여 점, 광물 190여 점, 어류 180여 점, 패류 200종 6,100여 점, 나비 곤충 264종 500여 점, 조류 60여 점, 액침표본 110여 점, 식물과 나무 60여 점의 유물을 전시, 보유하고 있다. 박물관이 소장하고 있는 화석과 광물의 원산지 및 학명은 사단법인 미래자연사환경학회의 인증받았으며, 사단법인 한국창조과학회의 인증과 함께 정신 조인하여 지속해서 자연사와 창조과학의 정보를 지원받고 있으며, 정기적으로 전문 강사를 세워 정기적인 창조과학 프로그램을 운영하고 있다. 들어가는 입구부터 전시관을 가득 채운 공룡들과 골격 공룡들은 실감 나게 만들어져 아이들의 눈을 사로잡으며, 야외학습장에서는 화석 발굴체험까지 할 수 있어, 공룡을 좋아하는 친구들은 더할 나위 없이 즐거운 경험을 할 수 있는 곳이다.","=GOOGLETRANSLATE(A119, ""ko"", ""ja"")"
"개인 - 성인 7,000원 / 학생, 어린이(25개월~고등학생) 6,000원 단체(10인 이상)방문시 할인 ※ 장애인, 경로 - 50% 할인","=GOOGLETRANSLATE(A120, ""ko"", ""ja"")"
031-435-1009,"=GOOGLETRANSLATE(A121, ""ko"", ""ja"")"
한옥기술전시관,"=GOOGLETRANSLATE(A122, ""ko"", ""ja"")"
수원 한옥기술전시관,"=GOOGLETRANSLATE(A123, ""ko"", ""ja"")"
경기도 수원시 팔달구 정조로885번길 1,"=GOOGLETRANSLATE(A124, ""ko"", ""ja"")"
"한옥기술 전시관 ''한옥새움''은 우리나라 전통 한옥에 대한 역사부터 현대 기술이 접목된 신 한옥까지 한옥의 과거와 현재를 소개하고 전시하는 곳이다. 한옥새움이란 한옥을 새로운 기술로 현대에 맞게 새로 세움을 뜻하는 말로 한옥의 고유성과 우수성을 알리기 위해 2017년 개관하였다. 전시관은 미디어와 체험이 결함된 두 개의 테마 전시실을 비롯하여, 한옥에 대한 특별 강의와 체험이 가능한 다목적실을 구성하여 한옥의 대중화에 기여하기 위해 노력하고 있다.첫 번째 전시실에서는 한옥 알기, 한옥의 기술, 신 한옥의 연구에 대한 설명이 있고, 두 번째 전시실에서는 신 한옥 짓는 과정과 수원시에 있는 한옥에 대한 정보를 소개하고 있다. 전시관이라기 보다 멋진 한옥마을에서 한옥을 체험하는 느낌이 드는 곳으로 어린이부터 귀농을 준비하는 장년층까지 의미 있는 방문이 이어지는 곳이다.","=GOOGLETRANSLATE(A125, ""ko"", ""ja"")"
031-247-9369,"=GOOGLETRANSLATE(A126, ""ko"", ""ja"")"
여성생활사박물관,"=GOOGLETRANSLATE(A127, ""ko"", ""ja"")"
경기도 여주시 강천면 강천로 324-20,"=GOOGLETRANSLATE(A128, ""ko"", ""ja"")"
"강천섬유원지 부근에 있는 여성생활사박물관은 우리 선조들이 실생활에 사용하던 생활용품 및 장신구들이 전시되어 있는 여성 전문 박물관이다. 천연염색가 이민정 씨의 정성과 집념으로 세워진 사립박물관으로 30여 년 동안 수집한 여성 생활과 관련된 유물 3,000여 점을 바탕으로 2001년 6월 개관하였다. 젊은 시절 외국 친구가 다 기운 옷을 들고 할머니와 엄마가 입던 건데 엄마가 주기로 했다며 뛸 듯이 기뻐하는 것을 보고 우리의 전통문화를 다음 세대에 오롯이 전달해 주고 싶어 수집하기 시작한 것이 박물관의 시작이었다. 처음부터 여성을 생각한 것은 아니었지만, 모으다 보니 어느 하나 여성들의 손을 타지 않은 것이 없어 국내 유일의 여성생활사박물관이 되었다. 여성생활사박물관은 2층 규모로 1층에는 기획전시실 1, 2와 전통 염색, 염색 재료 전시실, 교육실, 다도 교실 등이 있고 2층은 일반 유물 및 복식, 가구 및 생활용품, 주방용품 등을 전시하는 상설전시실로 구성되어 있다. 야외 운동장에는 아이들이 마음껏 뛰놀 수 있는 놀이터가 있다. 여성생활사박물관에서 휴식과 함께하는 문화누리기를 주제로 1박2일 체험 캠프와 천연염색 체험, 다도예절 교육, 오색빛깔 자개 그립톡 만들기, 전통서예교육 등 다양한 체험 및 교육프로그램을 운영하고 있으며, 매년 다양한 기획전이 개최되고 있다. 매년 1월 1일부터 31일까지는 동절기 정기휴관을 한다. 박물관은 폐교한 옛 강천초등학교 강남분교 터에 자리 잡고 있으며, 채현천연염색연구소도 겸하고 있다. 여주IC에서 차량으로 약 13분 이내의 거리에 있다. 인근에 신륵사, 영녕릉(세종대왕 영릉/효종대왕 영릉), 파사성, 목아박물관, 여주곤충박물관, 황포돛배, 강천섬유원지 등이 있다.","=GOOGLETRANSLATE(A129, ""ko"", ""ja"")"
"개인 - 성인 5,000원 / 학생(초,중,고) 3,000원 단체(20인 이상) - 성인 3,000원 / 학생(초,중,고) 2,000원","=GOOGLETRANSLATE(A130, ""ko"", ""ja"")"
031-882-8100,"=GOOGLETRANSLATE(A131, ""ko"", ""ja"")"
서호미술관,"=GOOGLETRANSLATE(A132, ""ko"", ""ja"")"
남양주 서호미술관,"=GOOGLETRANSLATE(A133, ""ko"", ""ja"")"
경기도 남양주시 화도읍 북한강로 1344,"=GOOGLETRANSLATE(A134, ""ko"", ""ja"")"
"남양주시 북한강변에 있는 서호미술관은 인사동의 갤러리 서호가 지방 문화의 균형 있는 발전을 위해 설립한 곳으로 2001년 5월에 개관한 미술관이다. 지역작가 후원과 전시 및 프로젝트 기획과 지역민을 위한 다양한 문화 교육과 체험 프로그램을 진행하고 있다. 건물 1층은 70평 규모의 전시실과 아트숍, 학예실이 있다. 또한, 500여 평의 야외 잔디 공간에서는 다채로운 문화 행사가 진행된다. 미술관에서 진행하고 있는 교육 프로그램은 지역의 초등학생을 대상으로 하는 전시 연계프로그램으로 미술관에서 전시 중인 작품을 감상하고 실기 표현 활동으로 진행되는 수업이 있으며, 방학 기간 중 이루어지는 특별체험프로그램이 있다. 이 외에도 결혼이주여성이나 고령자 등 미술관 방문이 어려운 계층을 위한 찾아가는 미술관 프로그램도 운영 중이다. 서호미술관은 전시회뿐 아니라 음악회와 다양한 퍼포먼스, 세미나 등의 문화 행사를 여는 등 풍성한 문화 체험의 기회를 마련하고 있다. 2층에는 미술관에서 운영하는 [더 서호]라는 이름의 레스토랑이 있다. 통창으로 보이는 북한강을 바라보며 여유 있는 시간을 가질 수 있어 볼거리와 먹거리의 즐거움을 모두 누릴 수 있는 곳이다.","=GOOGLETRANSLATE(A135, ""ko"", ""ja"")"
031-592-1865,"=GOOGLETRANSLATE(A136, ""ko"", ""ja"")"
목아박물관,"=GOOGLETRANSLATE(A137, ""ko"", ""ja"")"
경기도 여주시 강천면 이문안길 21,"=GOOGLETRANSLATE(A138, ""ko"", ""ja"")"
"목아박물관은 한국의 전통 목공예와 불교미술의 계승 발전을 위해 설립된 사립 박물관이다. 무형문화재 제108호(목조각장)인 박찬수 선생이 설립하였다. 1989년 2월 착공해 이듬해 전시관을 완공한 후 전통공예관으로 개관한 뒤, 학예연구실·소반정사·야외전시관 등 부속건물을 조성하였다. 1993년 야외전시장에 미륵삼존대불을 점안하면서 정식 개관하였다. 박물관은 야외 조각 공원과 지하 1층, 지상 3층의 전시관으로 구성되어 있다. 전시관에는 불상, 불화, 불교 목공예품 등의 유물과 더불어 목아 박찬수 관장의 불교 목조각과 목공예 작품들이 전시되어 있고, 야외 조각 공원에는 미륵삼존대불, 비로자나불, 백의관음, 삼층석탑 등이 조화롭게 자리 잡고 있다.","=GOOGLETRANSLATE(A139, ""ko"", ""ja"")"
"개인 - 성인 5,000원 / 어린이, 청소년, 경로 3,000원 단체 - 성인 3,000원 / 어린이, 청소년, 경로 2,000원 ※ 국가유공자, 장애3급 이상 - 무료","=GOOGLETRANSLATE(A140, ""ko"", ""ja"")"
031-885-9952,"=GOOGLETRANSLATE(A141, ""ko"", ""ja"")"
모란미술관,"=GOOGLETRANSLATE(A142, ""ko"", ""ja"")"
남양주 모란미술관,"=GOOGLETRANSLATE(A143, ""ko"", ""ja"")"
경기도 남양주시 화도읍 경춘로2110번길 8,"=GOOGLETRANSLATE(A144, ""ko"", ""ja"")"
"모란미술관은 경기도 마석에 위치한 사립미술관으로 1990년 4월에 개관하였다. 조각 전문미술관으로 출발한 모란미술관은 다양한 기획전을 개최해 왔으며 현재는 조각뿐 아니라 여러 장르의 미술을 소개, 전시하고 있다. 모란미술관의 야외조각 전시장은 8,600여 평에 이르는 공간으로 국내외 유명 조각가들의 작품이 전시되어 있으며 다양한 문화 행사가 개최되고 있다. 모란미술관 본관은 전시가 열리는 공간으로 2층 건물에 6개의 전시실을 갖추고 있다. 건축가 이영범이 설계한 수장고와 모란탑은 미국 건축가협회 뉴욕시지부에서 디자인상을 받은 건축물로 미술관의 소장품과 자료를 보관하는 곳이자 조형물이라 할 수 있다. 모란탑 안에는 루브르 미술관의 주물 아틀리에에서 로댕의 원작을 바탕으로 석고 주조한 오귀스트 로댕(Auguste Rodin, 1840-1917)의 [발자크 Balzac] 조각상이 있다. 모란스페이스(별관)는 문화행사 및 다양한 전시가 가능한 공간으로 대관이 가능하며 모란미술관 학교 및 교육프로그램이 진행되는 곳이다. 모란 미술관에서는 전문 해설사의 전시해설을 들을 수 있으며 신청을 원할 경우 홈페이지를 통해 접수하면 된다. 이밖에 전시 연계 프로그램과 특별 교육 프로그램 그리고 다양한 문화 행사에 참여를 원할 경우에도 홈페이지를 통해 상세한 내용을 확인하고 신청할 수 있다. 대관은 실내 공간뿐 아니라 야외 공간도 가능하며 야외공간(B 구역)은 결혼식 행사를 위한 장소로, 다른 공간 역시 공연, 음악회, 드라마와 영화 촬영 등을 위한 장소로도 대관하고 있다.","=GOOGLETRANSLATE(A145, ""ko"", ""ja"")"
"* 개인 : 어른 7,000원 청소년 5,000원 어린이 5,000원 *문화가 있는 날(매월 마지막주 수요일), 단체관람(10인이상/사전예약) : 20% 할인*복지카드 소지자 5,000원(65세 이상, 장애인, 국가유공자 등 / 증빙자료 필수)","=GOOGLETRANSLATE(A146, ""ko"", ""ja"")"
031-594-8001,"=GOOGLETRANSLATE(A147, ""ko"", ""ja"")"
구리문화원,"=GOOGLETRANSLATE(A148, ""ko"", ""ja"")"
구리 구리문화원,"=GOOGLETRANSLATE(A149, ""ko"", ""ja"")"
경기 구리시 동구릉로148번길 25,"=GOOGLETRANSLATE(A150, ""ko"", ""ja"")"
"1991년 설립된 구리문화원은 지역의 문화와 예술을 증진하고, 지역 주민들이 문화생활을 즐길 수 있는 공간을 제공하는 역할을 하고 있다. 주요 시설로는 전시실과 문화학교 강좌를 위한 다수의 강의실, 대강당과 도서실, 옥상 하늘정원이 있다. 구리문화원에서 운영하고 있는 문화학교는 1995년 9월에 개설되었으며 구리시민의 문화 복지 실현이라는 목적으로 오락 성향의 강좌가 아닌 순수 문화 예술 중심의 프로그램으로 구성되어 있다. 문화학교 프로그램으로는 한국무용, 대금, 풍물, 가야금, 서예 등의 전통 강좌와 통기타, 색소폰, 수필, 드럼의 일반강좌가 개설되어 있으며 문화원 홈페이지를 통해 수강 신청 할 수 있다. 이 외에도 동구릉문화제, 구리 벌말다리밟기, 갈매동 도당굿과 같은 지역 문화행사를 개최하고 매달 구리문화지를 발간하고 있으며, 향토사의 발굴 및 조사·연구 및 사료를 수집·보존하고 있다.","=GOOGLETRANSLATE(A151, ""ko"", ""ja"")"
입장료: 무료,"=GOOGLETRANSLATE(A152, ""ko"", ""ja"")"
031-557-6383,"=GOOGLETRANSLATE(A153, ""ko"", ""ja"")"
고양시문예회관,"=GOOGLETRANSLATE(A154, ""ko"", ""ja"")"
고양 고양시문예회관,"=GOOGLETRANSLATE(A155, ""ko"", ""ja"")"
"고양시 문예회관은 고양 시청 및 고양시 의회와 같은 곳에 위치해 있으며, 1989년에 개관한 총 334석의 객석을 보유한 복합문화공간이다. 2020년 리모델링을 통해 개선된 편의시설 및 무대시스템을 갖추고 있으며 시민의 일상에 예술이 채워질 수 있는 매개체의 역할을 다함으로써 시민이 주체가 되는 문화 예술공간이다. 대관은 고양문화재단이 정하는 시기에 신청할 수 있고 고양문화재단 홈페이지를 통해 신청(고양시 문예회관 회원으로 등록 후 신청 가능) 해야 한다. 대관 신청서, 공연 계획서, 신분증 사본 등을 첨부하여 제출해야 하며, 승인 통보는 서면으로 개별 통지(팩스 또는 이메일 발송) 한다. 대관료는 비교적 저렴한 편이다. 이곳은 평소에는 열지 않고 공연이나 행사가 있을 경우에만 사용되며 다양한 경연 대회나 연수교육, 강연 등의 행사를 주로 한다.","=GOOGLETRANSLATE(A156, ""ko"", ""ja"")"
031-965-2957,"=GOOGLETRANSLATE(A157, ""ko"", ""ja"")"
양주 청암민속박물관,"=GOOGLETRANSLATE(A158, ""ko"", ""ja"")"
경기도 양주시 장흥면 권율로 83-5,"=GOOGLETRANSLATE(A159, ""ko"", ""ja"")"
"장흥유원지 초입에 있는 청암민속박물관은 우리 조상들의 삶을 생생히 볼 수 있는 근현대생활사박물관이다. 7080 추억을 소환하는 레트로 감성이 가득해 가족과 나들이하러 오기 좋은 장흥유원지의 명소 중 한 곳이다. 사립민속박물관으로 개관한 청암민속박물관은 넓은 정원 위에 1만 2,000여 점의 생활·민속유물이 전시되어 있다. 맛집으로 유명한 피자성효인방의 부속시설로 피자 맛이 알려진 전성기 시절 고객들이 길게 줄을 서 기다리는 모습이 안타까워 대기하는 시간에 잠시나마 둘러볼 수 있는 공간으로 만든 것이 시작이었다. 박물관은 총 7개의 전시관으로 제1관 종합관(민속품 전시), 제2관 꼬마 신랑관(옛 결혼식 전시), 제3관 테마관(옛 가게와 교실 등), 제4관 아트홀(전통공예 체험관), 제5관 청계천 거리 모습, 제6관 서각 전시장&amp;세미나 하우스, 제7관 피자 체험 마을&amp;각종 선물 코너로 구성되어 있으며, 야외에는 대장간, 우물가, 시장거리 풍경 등 우리네 생활상이 고스란히 묻어난 모형이 전시되어 있다. 또 널뛰기, 제기차기, 그네 타기 등 다양한 민속놀이도 마련되어 있다. 이곳에서는 어른들은 추억의 시간을, 아이들은 우리 조상들의 옛 생활상을 체험하는 시간을 가지며, 함께 운영하는 피자성효인방에 들러 쑥 크러스트 피자를 즐기거나 박물관 옆 카페에서 차를 마시며 힐링할 수 있다. 송추IC에서 차량으로 약 9분 소요된다. 장흥유원지 내에 있어서 가나아트파크, 두리랜드, 장욱진시립미술관, 송암스페이스센터 등이 인접해 있다. 인근에 필룩스조명박물관, 회암사지, 북한산국립공원, 국립아세안자연휴양림 등이 있다.","=GOOGLETRANSLATE(A160, ""ko"", ""ja"")"
"어른 5,000원 어린이(3세 이상) 3,000원","=GOOGLETRANSLATE(A161, ""ko"", ""ja"")"
031-855-5100,"=GOOGLETRANSLATE(A162, ""ko"", ""ja"")"
안양아트센터,"=GOOGLETRANSLATE(A163, ""ko"", ""ja"")"
안양 안양아트센터,"=GOOGLETRANSLATE(A164, ""ko"", ""ja"")"
경기도 안양시 만안구 문예로36번길 16,"=GOOGLETRANSLATE(A165, ""ko"", ""ja"")"
"만안구청 부근에 있는 안양아트센터는 안양 시민의 여가와 문화생활 증진을 위해 조성되었다. 1989년 12월 안양문예회관으로 개관해 대규모 리모델링을 거쳐 안양아트센터로 명칭을 변경하고 2010년 5월 재개관하였다. 안양문화예술재단이 운영하고 있다. 지하 1층, 지상 2층으로 건축된 안양아트센터는 관악홀[대공연장], 수리홀[소공연장], 야외공연장 등 3개의 공연장과 갤러리 미담, 컨벤션홀을 갖춘 다목적 문화공간으로 1층 로비에는 서비스 프라자와 카페 브람스, 어린이놀이방 등의 편의시설을 갖추고 있다. 관악홀은 1,126명(장애인 13석 포함)을 수용할 수 있는 프로세니움 형식의 2층 규모의 대공연장으로 828㎡의 무대와 분장실 6개를 보유하고 있으며, 콘서트, 오케스트라, 뮤지컬 등 규모가 큰 공연이 가능하다. 수리홀은 382명(장애인 4석 포함) 수용 규모의 프로세니움 형식의 소공연장으로 240㎡의 무대와 분장실 2개를 보유하고 있으며, 연극, 실내악, 독주회 등 다양한 공연을 펼칠 수 있다. 갤러리미담은 회화, 사진, 서예, 조각, 설치예술 등의 작품 전시가 가능한 공간으로 레일 식 무빙 파티션으로 설계되어 자유로운 공간연출이 가능하다. 컨벤션홀은 심포지엄, 세미나, 기념식, 교육 등의 다목적 공간이며, 부대시설로 연습실 3개를 보유하고 있다. 이러한 시설을 기반으로 안양아트센터에서는 각종 문화행사 및 영화 상영, 공연, 연주회, 콘서트, 전시회 등이 수시로 개최되고 이다. 산본IC에서 차량으로 약 8분, 1호선 명학역에서 도보로 약 10분 소요된다. 인근에 관악산, 청계산, 광교산, 안양예술공원, 안양박물관, 김중업건축박물관, 평촌중앙공원, 서울랜드, 서울대공원, 렛츠런파크서울, 광명동굴, 광명에디슨뮤지엄 등이 있다.","=GOOGLETRANSLATE(A166, ""ko"", ""ja"")"
031-687-0500,"=GOOGLETRANSLATE(A167, ""ko"", ""ja"")"
가일미술관,"=GOOGLETRANSLATE(A168, ""ko"", ""ja"")"
경기도 가평군 청평면 북한강로 1549,"=GOOGLETRANSLATE(A169, ""ko"", ""ja"")"
"북한강을 따라 아름다운 길을 드라이브하다 보면 양수리에서 청평호수로 가는 중간쯤에 가일미술관이 있다. 가평군 최초의 사립 미술관인 가일미술관의 강건국 관장은 건축가이자 인테리어 디자이너로 30년 동안 활동하였으며 2003년 개관하여 2020년 기준 매달 1회 정기음악회를 전시장 또는 아트홀에서 개최하고 있으며, 장르는 대중가요, 재즈, 클래식 등을 다양한 분양의 콘서트를 기획하고 있다. 또한, 음악은 미술과 함께 어린이에게 최고의 인성교육이라는 사고에서 출발하여 지속적으로 개최하고 있으며, 특히 문화 소외지역인 가평의 어린이들을 위해 미술 체험교실도 열고 있다. 가일미술관의 전시는 대형 미술관과 차별성을 두기 위하여 가족 중심의 전시회로 기획되고 있다. 미술관을 찾아오는 방문객의 하루하루가 [아름다운 날]이 되길 바란다는 뜻의 가일 미술관은 국내외의 예술작품 전시와 실내악, 재즈 등의 여러 가지 공연이 열리는 아트홀, 그리고 맞춤형 콘서트로 대중이 직접 참여할 수 있는 야외 공연장 등 다양한 시설이 마련되어 있는 복합문화공간이다.","=GOOGLETRANSLATE(A170, ""ko"", ""ja"")"
"대인 3,000원 / 소인 2,500원 ※ 기획전(특별전)은 경우에 따라 관람료가 별도로 책정될 수 있으니 전시 일정(전시안내-기획 전시) 확인해야 함","=GOOGLETRANSLATE(A171, ""ko"", ""ja"")"
031-584-4722,"=GOOGLETRANSLATE(A172, ""ko"", ""ja"")"
하남문화예술회관,"=GOOGLETRANSLATE(A173, ""ko"", ""ja"")"
"하남문화예술회관은 시민의 다양한 문화예술 욕구 충족과 예술인구 저변확대, 문화 공간 확충을 위해 설립되었다. 하남의 상징인 검단산과 아랑의 이름에서 따온 검단홀(대극장), 아랑홀(소극장)과 전시장, 어울마당(야외무대)을 갖추고 있다. 하남의 상징이자 명소인 검단산의 이름에서 따온 하남을 대표하는 대공연장 [검단홀]은 수용인원 911석의 객석을 가진 공연장으로 음악회, 연극, 영화, 오페라, 발레, 뮤지컬 등 다양한 장르를 효율적으로 수행할 수 있는 종합문화예술공간이다. 소극장 [아랑홀]은 하백제시대 [도미설화]의 아랑에서 이름을 따온 공연장으로 수용인원 355석 규모의 공연장으로 연극, 실내악, 독주회 등의 공연을 하기 적합한 공간이다. 서로가 어울리며 하나가 된다는 의미의 야외공장 [어울마당]은 거리극, 마당놀이, 라이브공연 등 보는 즐거움과 함께 참여하는 즐거움을 만끽할 수 있는 시민들의 새로운 휴식공간이다. 공연 성격에 따라 다양한 문화행사와 이벤트가 가능한 곳으로 관객과의 소통을 통해 시민들의 문화갈증을 해소해 주는 대중적 공연예술의 중심무대이다. 전시장은 2층에 위치한 316.69㎡ 의 공간으로서 미술, 서예, 공예, 조각, 사진작품 등의 전시가 가능하며 가변 파티션을 설치하여 효율적으로 공간 연출이 가능하다. 하남문화예술회관에서는 초, 중, 고등학생들을 대상으로 하는 뮤지컬, 발레, 댄스 등의 다양한 수업을 통하여 춤을 통해 즐거움을 체험하고 진로탐색의 기회를 가지게 도와주며, 하남형 문화예술지원사업을 통해 성인들에게도 수요자 맞춤형 문화예술교육 프로그램을 체험할 수 있도록 해준다. 또한 [하남문화충전소]라는 지역 내 동호회들이 자체적으로 문화를 생산할 수 있도록 공간을 지원하는 사업에 참여함으로써 시민들도 생활 속 예술을 향유하는데 큰 도움을 주고 있다.","=GOOGLETRANSLATE(A174, ""ko"", ""ja"")"
공연별로 상이함,"=GOOGLETRANSLATE(A175, ""ko"", ""ja"")"
김포인삼쌀맥주갤러리,"=GOOGLETRANSLATE(A176, ""ko"", ""ja"")"
김포 김포인삼쌀맥주갤러리,"=GOOGLETRANSLATE(A177, ""ko"", ""ja"")"
경기도 김포시 대곶면 대명항로 518,"=GOOGLETRANSLATE(A178, ""ko"", ""ja"")"
"김포의 특산물인 김포인삼과 금쌀을 이용하여 개발한 인삼쌀맥주를 즐길 수 있는 명소이다. 인삼쌀맥주와 함께 다양한 요리를 즐길 수 있는 레스토랑 시설도 갖추고 있다. 또 인삼의 생육, 성장과정, 효능 등을 볼 수 있는 인삼테마관과 맥주의 제조과정을 볼 수 있는 홍보관도 둘러볼 수 있다. 김포인삼쌀맥주 갤러리는 강화도로 진입하는 초입에 위치하고 있어 인근의 대명항, 덕포진, 함상공원 등과 연계하여 관광하기 좋다.","=GOOGLETRANSLATE(A179, ""ko"", ""ja"")"
031-996-0021,"=GOOGLETRANSLATE(A180, ""ko"", ""ja"")"
안성 남사당 공연장,"=GOOGLETRANSLATE(A181, ""ko"", ""ja"")"
안성 안성 남사당 공연장,"=GOOGLETRANSLATE(A182, ""ko"", ""ja"")"
경기도 안성시 보개면 남사당로 198-2,"=GOOGLETRANSLATE(A183, ""ko"", ""ja"")"
안성시립 남사당바우덕이풍물단은 우리나라 남사당패의 발생지로서 조선시대 최고의 예술가이자 최초의 연예인으로 평가되는 안성 “바우덕이”의 예술혼을 이어 받아 민족대중문화인 남사당놀이를 보존하고 세계화하기 위해 결성하였다. 전국 최초로 남사당놀이를 상설공연 프로그램으로 운영하여 우리 민속문화를 현대사회에 대중화 하는데 앞장서고 있으며 남사당놀이를 활용한 다양한 체험프로그램을 개발하여 보급하고 있다. 또한 풍물놀이 등 각 기능별로 체계적인 교육프로그램을 운영함으로써 인재를 양성하고 있으며 세계 각국을 다니며 순회공연을 함으로써 우리문화를 널리 알리고 있다. 아울러 해마다 바우덕이축제를 개최하고 직접 다양한 공연·체험할동을 운영함으로써 가장 특색 있는 세계적인 축제로 자리잡도록 힘쓰고 있다.,"=GOOGLETRANSLATE(A184, ""ko"", ""ja"")"
"성인: 10,000원 청소년: 5,000원 어린이: 2,000원 *개인관람객기준","=GOOGLETRANSLATE(A185, ""ko"", ""ja"")"
031-678-2518,"=GOOGLETRANSLATE(A186, ""ko"", ""ja"")"
죽포미술관,"=GOOGLETRANSLATE(A187, ""ko"", ""ja"")"
경기도 여주시 산북면 고촌길 26-10,"=GOOGLETRANSLATE(A188, ""ko"", ""ja"")"
"루덴시아 부근에 있는 죽포미술관은 작품소장과 보전 및 미술 문화 교류를 목적으로 하는 미술관이다. 국내에서 보기 드문 중국미술을 볼 수 있어 미술 애호가들이 즐겨 찾는 곳이다. 의사였던 설립자 조윤석 관장이 컬렉션으로 시작해 그림을 배우다가 미술관을 지어 무료 개방하는 곳으로 미술전시실과 야외 조각공원으로 이루어져 있다. 미술관은 40여 년 수집한 중국의 도자기 200여 점, 중국 수묵채색화 400점, 유화 100여 점, 중국년화 400점, 중국전지 1,000점, 만다라 10점, 탱화 10점, 테페스트리 10점 등의 미술품과 개인 작품들을 상설 전시하고 있다. 이곳에서는 개인 미술품 및 한국, 중국의 도자기를 비교하며 볼 수 있고, 한국∙중국회화의 학술 교류 및 초대전, 학술대회 등을 개최하고 있다. 동절기 1, 2월에는 휴관하므로 방문 전 확인이 필요하다. 동곤지암IC에서 차량으로 약 8분 소요된다. 인근에 루덴시아, 곤지암리조트스키장, 사기막골도예촌, 설봉공원, 영녕릉[세종대왕 영릉/효종대왕 영릉], 명성황후 생가, 파사성, 여주박물관, 목아박물관, 황포돛배 등이 있다.","=GOOGLETRANSLATE(A189, ""ko"", ""ja"")"
031-881-5905,"=GOOGLETRANSLATE(A190, ""ko"", ""ja"")"
양주 조명박물관,"=GOOGLETRANSLATE(A191, ""ko"", ""ja"")"
"조명박물관은 2004년에 설립, 2005년 등록(제05-박-05호)한 대한민국 유일의 조명 전문 박물관으로 다음과 같은 설립 목표를 갖고 있다. * 사라진 고유한 조명문화를 복원하고 재생시킨다. * 빛의 과거, 현재, 미래를 제시하여 인류 조명문화를 재발견한다. * 미래지향적인 융복합 조명문화를 창조한다. * 자연과 인간이 공존하고 발전하는 건강한 빛의 문화를 정립한다.","=GOOGLETRANSLATE(A192, ""ko"", ""ja"")"
"[상설전]개인 - 성인 8,000원 / 소인 7,000원장애인/양주시민 - 성인 6,500원 / 소인 5,500원※ 성인(20~64세), 소인 (0~19세)※ 24개월 미만 무료입장※ 할인, 무료대상자는 증빙자료소지자에 한해서 적용(신분증, 등본, 복지카드 등)※ 특별전시기간에는 특별전 입장료가 적용","=GOOGLETRANSLATE(A193, ""ko"", ""ja"")"
070-7780-8911,"=GOOGLETRANSLATE(A194, ""ko"", ""ja"")"
파주시민회관,"=GOOGLETRANSLATE(A195, ""ko"", ""ja"")"
"파주시민회관은 파주시민의 여가와 문화생활 증진을 위해 1994년 9월 개관했다. 지상 5층, 지하 1층 규모로 건립됐으며 최대 900명 수용할 수 있는 대공연장과 소공연장, 야외공연장, 다목적실 등을 갖추고 있다. 대공연장과 소공연장에서는 각종 문화행사 및 영화 상영, 공연, 연주회 등이 열리고 야외공연장에서는 문화행사 및 공연, 집회 등을 연다. 다목적실에서는 교육과 세미나 또는 미술, 사진, 서예, 공예품 등의 전시가 수시로 개최된다. 파주시청 옆에 위치하며 경의·중앙선 금촌역에서 차량으로 약 4분 거리에 있어 접근성이 좋다.","=GOOGLETRANSLATE(A196, ""ko"", ""ja"")"
031-950-1854,"=GOOGLETRANSLATE(A197, ""ko"", ""ja"")"
이천온천공원,"=GOOGLETRANSLATE(A198, ""ko"", ""ja"")"
경기도 이천시 애련정로136번길 84,"=GOOGLETRANSLATE(A199, ""ko"", ""ja"")"
"경기 이천시 안흥동에 위치한 도심 속 근린공원이다. 약 84,000m2의 공간에 다목적운동장, X-게임장, 게이트볼장, 관리사무소, 케스케이드, 어린이 놀이터, 잔디광장, 정자, 휴게광장, 운동시설, 주차장 등이 있다. 2017년 12월 인접한 안흥 유원지에서 온천수를 끌어와 설치한 노천 족욕장이 있다. 공원 여기저기 조형물이 있어 가벼운 산책을 하며 둘러볼 수 있다. 서희청소년문화센터가 바로 옆에 있다.","=GOOGLETRANSLATE(A200, ""ko"", ""ja"")"
"031-645-3841~3, 3846","=GOOGLETRANSLATE(A201, ""ko"", ""ja"")"
남양주 덕소자연사박물관,"=GOOGLETRANSLATE(A202, ""ko"", ""ja"")"
"덕소 자연사박물관에서는 오랜 기간 동안 전 세계 30여 개국에서 수집한 진본 공룡 화석 5점, 기타 화석 500여 점, 광물 350여 점, 어패류 2,200여 점, 동물박제 90여 점, 곤충 1,200여 점, 액침표본 100여 점, 신생대 포유류 골격 50여 점 등 어마어마한 실물 표본과 화석을 분야별 전문가의 자문을 받아 학술적으로 전시하고 있다. 또한 작은 생태공원을 조성하여 조류, 포유류, 어류 등을 사육하고 있으며 어린이부터 어른까지 친근하게 자연을 배우고 살펴볼 수 있는 교육 현장이다.","=GOOGLETRANSLATE(A203, ""ko"", ""ja"")"
"성인 : 7,000원 어린이,청소년 : 6,000원 군인,장애인:3,500원 노인(65세이상}:무료 가족 : 3인 이상 관람시 1인당5,000원x가족수","=GOOGLETRANSLATE(A204, ""ko"", ""ja"")"
031-521-7166,"=GOOGLETRANSLATE(A205, ""ko"", ""ja"")"
고양시립 주엽어린이도서관,"=GOOGLETRANSLATE(A206, ""ko"", ""ja"")"
고양 고양시립 주엽어린이도서관,"=GOOGLETRANSLATE(A207, ""ko"", ""ja"")"
경기도 고양시 일산서구 주엽로 104,"=GOOGLETRANSLATE(A208, ""ko"", ""ja"")"
"주엽어린이도서관은 지하1층, 지상 3층 총면적 2,049㎡로 10만 권이 넘는 도서로 가득 채워진 어린이도서 자료실(책사랑과 보물단지), 컴퓨터 이용이 가능한 멀티동화방, 공연이나 행사를 진행할 수 있는 어울림터 등으로 구성되어 있다. 지구촌 문화개념 강조 도서관으로 지구촌의 다양한 생활문화 이미지를 표현한 외국동화와 한국의 옛 정서를 느끼는 이야기방, 멀티동화방, 빛그림 동화방 등 어린이들에게 미래 비전을 제시한다.병산서원의 만대루에서 모티브를 따와 마당이 있고 맨발로 걷는 한옥의 구조와 유사하다는 건축적 의미를 가지고 있다. 넒은 창과 재미있는 복층식 구조, 아기자기한 궁전 같은 건축물을 자랑하고 있는 예쁜도서관으로 책 놀이터의 역할을 톡톡히 하는 아이들에겐 행복감을 주는 공간으로 운영되고 있다.* 개관일 2007년 6월 28일","=GOOGLETRANSLATE(A209, ""ko"", ""ja"")"
031-8075-9170,"=GOOGLETRANSLATE(A210, ""ko"", ""ja"")"
고양꽃전시관,"=GOOGLETRANSLATE(A211, ""ko"", ""ja"")"
고양 고양꽃전시관,"=GOOGLETRANSLATE(A212, ""ko"", ""ja"")"
경기도 고양시 일산동구 호수로 595,"=GOOGLETRANSLATE(A213, ""ko"", ""ja"")"
"고양꽃전시관은 2000 고양 세계꽃박람회의 성공적 개최를 기념하고 정기적인 꽃박람회 및 화훼 관련 전시회를 개최하기 위해 고양시에서 98억의 예산을 투자하여 일산호수공원 내에 건립한 전시관이다. 옥내에 3개 전시실, 옥외에 2개 전시구역이 있고, 전시관 1층은 플라워북카페, 플라워숍, 수석 전시관이 있으며 2층에서는 플라워아카데미, 카페테리아 등으로 구성되어 있다. 학술회의를 위한 세미나실과 프레스센터도 마련돼 있다. 다양한 꽃 문화 강좌를 열고 있는 고양 꽃 문화 예술관과 함께하고 있으며, 고양시 일산호수공원 안에 있어 전시관 행사 관람 후에 호수공원을 둘러볼 수 있다.","=GOOGLETRANSLATE(A214, ""ko"", ""ja"")"
"무료 (단, 꽃박람회 기간 6,000원)","=GOOGLETRANSLATE(A215, ""ko"", ""ja"")"
031-908-7750,"=GOOGLETRANSLATE(A216, ""ko"", ""ja"")"
광명업사이클아트센터,"=GOOGLETRANSLATE(A217, ""ko"", ""ja"")"
광명 광명업사이클아트센터,"=GOOGLETRANSLATE(A218, ""ko"", ""ja"")"
경기 광명시 오리로 703,"=GOOGLETRANSLATE(A219, ""ko"", ""ja"")"
"광명 업사이클 아트센터는 업사이클 (버려진 물건에 예술적 가치를 더해 새로운 작품이나 상품으로 재탄생)을 주제로 전시와 디자인 교육 및 이벤트가 상시 열리는 복합예술 공간이다. 광명 업사이클 아트센터는 국내 최초의 업사이클 거점 공간으로서 한 번의 소비로 끝나지 않고, 또 다른 쓰임, 또 다른 가치를 창조하며 실천하는 굿 아트 (착한 예술)을 생활 저변에 확산시키고자 지속적으로 지원 사업, 전시, 체험교육 프로그램, 공모, 공연 등을 진행하고 있다.","=GOOGLETRANSLATE(A220, ""ko"", ""ja"")"
무료 (체험비용 별도),"=GOOGLETRANSLATE(A221, ""ko"", ""ja"")"
02-2680-6928,"=GOOGLETRANSLATE(A222, ""ko"", ""ja"")"
한국카메라박물관,"=GOOGLETRANSLATE(A223, ""ko"", ""ja"")"
과천 한국카메라박물관,"=GOOGLETRANSLATE(A224, ""ko"", ""ja"")"
경기도 과천시 대공원광장로 8,"=GOOGLETRANSLATE(A225, ""ko"", ""ja"")"
"한국카메라박물관은 사설 카메라 전문 박물관으로 사진작가이자 사업가인 김종세가 설립하였다. 전시관은 기획전시관, 주전시관, 부전시관으로 이루어져 있다. 3,000여 점이 넘는 카메라와 6,000여 점의 각종 렌즈 그리고 유리원판 필름, 초기 환등기, 사진 인화장비, 각종 액세서리 등을 합하면 무려 15,000여 점이 넘는 유물들을 소장하고 있다. 유물들 중에는 카메라의 원조인 카메라 옵스큐라, 카메라 루시다에서부터 1839년 카메라와 은판 사진술이 세계 최초로 발명된 시기의 유물들, 그리고 최첨단 현대 카메라에 이르기까지 카메라 발전사에 기여한 카메라들이 전시되어있다. 전시된 대부분의 카메라 내부를 볼 수 있도록 전시 공간을 배치한 것이 특징이다. 개인 카메라박물관으로는 세계 5위 안에 들 정도로 박물관 규모가 크고, 전시 품목도 다양하다.","=GOOGLETRANSLATE(A226, ""ko"", ""ja"")"
성인 : 5000원 청소년 / 노인 : 4000원 어린이 : 3000원,"=GOOGLETRANSLATE(A227, ""ko"", ""ja"")"
02-502-4123,"=GOOGLETRANSLATE(A228, ""ko"", ""ja"")"
평택문화원,"=GOOGLETRANSLATE(A229, ""ko"", ""ja"")"
오산 평택문화원,"=GOOGLETRANSLATE(A230, ""ko"", ""ja"")"
"평택문화원은 향토문화의 창달과 지역문화진흥을 위해 1953년 사설문화원으로 시작, 1971년 법인으로 창립되어 지금에 이르고 있다. 평택문화원은 지역고유문화를 계발·보급·전승 및 선양하고 있으며, 지역사를 연구조사하고 사료를 수집하고 있다. 또한 지역문화발전을 위한 각종 문화행사를 개최하고 문화교육사업을 진행하고 있다. 웃다리문화촌 운영을 통하여 전시기획과 운영 체험학습 프로그램과 축제 등 지역문화사업을 활성화시키고, 평택시티투어를 통하여 팽성역사코스, 진위역사코스, 쌀(농업)코스, 명소코스, 미술관코스 등 평택의 구석구석을 둘러보고 지역의 역사와 문화를 이해하고 체험할 수 있다.","=GOOGLETRANSLATE(A231, ""ko"", ""ja"")"
031-655-2002,"=GOOGLETRANSLATE(A232, ""ko"", ""ja"")"
가원미술관,"=GOOGLETRANSLATE(A233, ""ko"", ""ja"")"
과천 가원미술관,"=GOOGLETRANSLATE(A234, ""ko"", ""ja"")"
경기도 과천시 새빛로 24,"=GOOGLETRANSLATE(A235, ""ko"", ""ja"")"
"청계산 자락에 위치한 가원미술관은 한국 수채화협회와 연계되어 있고, 수채화 전문 미술관이다. 2003년 개관한 이 미술관 유럽풍 스타일의 2층 건물로 지어졌다. 지하 1층에는 수채화 및 유화 강좌가 열리는 가원아카데미와 아틀리에가 있으며, 1층은 제1전시실과 휴게실, 2층은 제2전시실과 제3전시실, 큐레이터실이 있다. 미술관 내에는 카페가 있어 음료를 주문하면 입장료 50%를 할인 받을 수 있다. 가원미술관은 가원(佳苑, 아름다운 뜰)이란 이름답게 정원 또한 아름답기로 유명하다. 가원미술관은 드라마 촬영지로도 많이 이용 되고 있으며, 이곳에서 드라마 도망자, 장미의 전쟁, 신기생뎐, 난폭한 로맨스, 비밀 등이 촬영 되었다.","=GOOGLETRANSLATE(A236, ""ko"", ""ja"")"
02-504-3730,"=GOOGLETRANSLATE(A237, ""ko"", ""ja"")"
광주 풀짚공예박물관,"=GOOGLETRANSLATE(A238, ""ko"", ""ja"")"
경기도 광주시 오포읍 문형산길 76,"=GOOGLETRANSLATE(A239, ""ko"", ""ja"")"
"풀짚공예박물관은 풀과 짚을 이용해서 만든 민속 생활 도구와 공예품을 수집하고 연구, 전시와 교육을 하는 곳으로 2006년 6월 경기도 광주시 오포읍 신현리에 설립되었다. 고대 농경 사회부터 생활 도구를 만들어 사용하던 초고[草藁] 공예 기능은 구전(입)으로만 전해져왔으며, 이러한 상황을 안타깝게 여긴 설립자 전성임 관장은 풀과 짚을 이용한 공예 분야를 체계적으로 정리하기 위해 전국의 장인들을 찾아다니며 그 기술을 습득하고 재료의 특성과 지리적 연관성을 연구하였다. 전통 문화유산이 급속히 사라져가는 오늘날, 풀·짚공예가 더 이상 잊혀가는 옛 것이 아니고 교육적이고 환경적이며, 예술적인 가치가 있는 우리의 문화유산임을 인식시키기 위해 본 박물관에서는 풀·짚공예의 전통적 가치를 계승하는 교육의 장으로서 과거에서 현재와 미래로 이어지는 창조적인 공예 예술 분야가 되도록 연구와 교육 활동을 이어가고 있다.","=GOOGLETRANSLATE(A240, ""ko"", ""ja"")"
"성인 : 3,000원학생(초중고), 장애인, 어르신(70세이상), 유아(만4세 이상) : 1,500원※ 단체관람은 문의전화","=GOOGLETRANSLATE(A241, ""ko"", ""ja"")"
031-717-4538,"=GOOGLETRANSLATE(A242, ""ko"", ""ja"")"
의정부 과학도서관,"=GOOGLETRANSLATE(A243, ""ko"", ""ja"")"
의정부 의정부 과학도서관,"=GOOGLETRANSLATE(A244, ""ko"", ""ja"")"
"경기북부 최초 천문우주 특화도서관의정부과학도서관은 2007년 경기북부 최초 천문우주 특화도서관으로, 천문대와 우주체험실을 갖춘 과학분야 특화 도서관으로 시작하였습니다. 2020년 전체 리모델링으로 공간 재구성 및 어린이과학체험실 4D체험실 전면 개편을 통해 새롭게 단장하여 운영중에 있습니다. 특히 2019년 11월 의정부천문대 (송산배수지 체육시설 내)를 별도 조성하여 창의적 과학 인재 육성에 기여하고 있습니다. 의정부과학도서관은 시민 여러분께 편안한 쉼터로서의 역할을 할 것이며, 잠재역량을 키워나가는 배움의 장이 될 것입니다. 지하 1층에는 강의실, 자료정리실, 식당, 아트홀 등이 있으며 1층에는 어린이 전용열람실, 영·유아 전용열람실, 디지털정보실, 장애인 및 노약자 전용열람실, 휴식 공간 등이 있습니다. 2층에는 인문과학실, 정기간행물실, 멀티미디어교육실, 세미나실이 있으며 3층에는 천문우주체험실, 자연과학실, 사무실 등의 시설이 있습니다.","=GOOGLETRANSLATE(A245, ""ko"", ""ja"")"
031-828-8670,"=GOOGLETRANSLATE(A246, ""ko"", ""ja"")"
양주시립 회암사지박물관,"=GOOGLETRANSLATE(A247, ""ko"", ""ja"")"
양주 양주시립 회암사지박물관,"=GOOGLETRANSLATE(A248, ""ko"", ""ja"")"
경기 양주시 회암사길 11,"=GOOGLETRANSLATE(A249, ""ko"", ""ja"")"
"고려 말 전국 사찰의 총본산이었고 조선 초기 최대 왕실 사찰이던 회암사 터에 세워진 양주시에서 건립한 양주시립 화암사지 박물관은 회암사지터에서 출토된 유물들을 보관, 연구하여 전시를 통해 다음 세대에 교육하고자 건립한 역사유물 박물관이다. 현재도 발굴이 진행 중인 회암사는 대규모일 뿐만 아니라 궁궐과 닮은 건축 방식이 특징이다.","=GOOGLETRANSLATE(A250, ""ko"", ""ja"")"
양평문화원,"=GOOGLETRANSLATE(A251, ""ko"", ""ja"")"
양평 양평문화원,"=GOOGLETRANSLATE(A252, ""ko"", ""ja"")"
경기도 양평군 양평읍 마유산로 5,"=GOOGLETRANSLATE(A253, ""ko"", ""ja"")"
"양평문화원은 양평지역의 향토문화 창달과 전통문화를 발굴하고 전승, 보존해 나가는 곳으로 양평 군민들을 위한 각종 문화행사와 사회교육 프로그램을 진행하고 있다. 또한 양평지역의 문화재를 관리하고 향토사를 연구하며 문화학교를 열어 여러가지 프로그램을 진행하고 문화행사를 개최하고 있다. 백운문화제와 용문사 은행나무 영목제, 양평 두레 농악놀이 등의 문화행사를 개최하고 있으며 문화학교에서는 서예, 사군자, 색소폰, 클래식기타, 다례, 양평민요 등의 강좌를 열고 있다. 이외에도 아마추어 양평문화여성합창단이 있어 음악봉사 활동을 펼치고 있으며 매주 목요일 2시에 추억의 영화를 무료로 상영한다. 부설기관으로는 용문분원, 지평분원, 향토사연구원이 있다.","=GOOGLETRANSLATE(A254, ""ko"", ""ja"")"
"[문화강좌] 3개월 30,000원","=GOOGLETRANSLATE(A255, ""ko"", ""ja"")"
031-771-3866,"=GOOGLETRANSLATE(A256, ""ko"", ""ja"")"
양평 추억의 청춘뮤지엄,"=GOOGLETRANSLATE(A257, ""ko"", ""ja"")"
경기도 양평군 용문면 용문산로 620,"=GOOGLETRANSLATE(A258, ""ko"", ""ja"")"
"경기도 양평군 용문산 관광단지에 위치한 복고 문화 체험관이다. 1970-80년대 거리 풍경과 놀이문화, 학교 모습 등을 총 8개의 테마로 구성되어 있으며 100여 가지 다양한 체험거리와 추억의 포토존을 마련했다. 청춘 뮤지엄이 들어서는 용문산 관광단지는 연간 100만 명이 찾는 경기도 내 힐링 관광지로 수령 천년의 용문사 은행나무와 해발 1,157M 용문산 등산로 등의 시설로 많은 사랑을 받고 있다.","=GOOGLETRANSLATE(A259, ""ko"", ""ja"")"
031-775-8907,"=GOOGLETRANSLATE(A260, ""ko"", ""ja"")"
광주 경기도자박물관,"=GOOGLETRANSLATE(A261, ""ko"", ""ja"")"
"* 조선 도자 전문 박물관, 경기도자박물관 * 광주 조선관요박물관은 조선시대 왕실이 운영하는 관요가 설치되어 400여 년간 운영되던 고장인 경기도 광주시에 위치하고 있다. 조선백자를 연구하고 조선 관요 유적의 발굴과 학술연구사업, 전통 도자문화 교육 등 한국 전통도자를 연구하는 전문 도자박물관이다. 한국 전통 도자기의 육성·발전을 위하여 ''아름다운 우리 도자기전'' 이라는 전통 도자공모전을 격년제로 개최하며, 이를 통해 오늘의 한국적 특성에 맞는 아름다운 우리 도자기를 선보이게 될 것이다. 2개의 대형 전시실과 기획전시실, 다목적실 등으로 이루어져 있으며 대규모의 야외 조각 공원과 장작가마, 한국정원, 다례시연장 및 광주지역에서 생산되는 도자기를 판매하는 도자쇼핑몰 등의 부대시설을 갖추고 있다. 광주 조선관요박물관은 조선 500년의 역사를 이어온 순백자, 청화백자, 철화백자, 분청사기 등 조선시대 관요에서 생산된 전통도자기와 그 전통을 계승하는 현대작가들의 작품들을 상설 전시하며 우리의 전통 도자문화와 역사를 조명하는 기획 전시·특별전시를 통해 살아 숨 쉬는 우리의 도자전통을 느끼게 해 줄 것이다. * 도자의 다양한 정보를 만난다 * 경기도자박물관은 전시실은 2층으로 이루어져 있으며, 1층에는 도자문화실과 기획전시실, 2층에는 상설전시실이 운영 중이다. 도자문화실은 관람자에게 도자개념, 역사, 기법 등 지식과 정보를 제공하고 있으며, 경기도자박물관에서는 국내외 도자의 역사와 전통을 테마별로 조명하는 기획전시를 연중 2회 이상 실시하고 있다. 1층 기획전시실은 물론 2층 상실전시실 등 다양한 공간을 활용하여 개최되는 기획전시를 통해 상설전에서 볼 수 없는 새로운 볼거리와 학습자료를 제공한다. 상설전시실은 제1실과 제2실로 나뉘는데 제1실에서는 한반도 자기문화의 발전과정을 한눈에 살펴 볼 수 있으며, 상설전시 제2실에서는 한국도자의 미래발전방향을 제시한 도예작들의 작품을 감상할 수 있다.","=GOOGLETRANSLATE(A262, ""ko"", ""ja"")"
"개인 - 성인 3,000원 / 초등학생·청소년·군인,경기도민 2,000원 단체 - 성인 2,000원 / 초등학생·청소년·군인,경기도민 1,000원 ※ 단체 20인 이상 ※ 무료 - 만 65세 이상 - 7세 미만 유아 - 국가유공자, 기초생활수급대상자 - 의사자 유족증, 의상자증을 가진 사람(의상자 1-2급은 보조자 1인 추가) - 장애 정도가 심한(중증) 장애인 및 동반자 1인 - 한국도자재단 등록 도예가(카드지참) - 단체 인솔자 및 교사(20명당 1인) - 단체유치 여행사 가이드 및 버스기사","=GOOGLETRANSLATE(A263, ""ko"", ""ja"")"
031-799-1500,"=GOOGLETRANSLATE(A264, ""ko"", ""ja"")"
은산어울림생태박물관,"=GOOGLETRANSLATE(A265, ""ko"", ""ja"")"
경기도 오산시 서동로19번길 19,"=GOOGLETRANSLATE(A266, ""ko"", ""ja"")"
"양서류, 파충류, 조류, 절지류가 있는 박물관이다. 양서류, 파충류를 중심으로 1시간 30분 해설프로그램이 진행된다. 도마뱀, 뱀, 거북이, 개구리 등 양서‧파충류를 직접 경험하며 이들에 대해 배우게 된다. 해설이 끝나면 현미경으로 생물 관찰하기, 적청 안경체험, 두뇌발달 퍼즐 등의 체험을 할 수 있다.","=GOOGLETRANSLATE(A267, ""ko"", ""ja"")"
"유아(48개월 ~ 13세) 15,000원 성인 10,000원 장애인및 국가유공자 9,000원 ※ 이용요금은 변동될 수 있으므로 홈페이지 참조 또는 전화 문의 요망","=GOOGLETRANSLATE(A268, ""ko"", ""ja"")"
070-7576-0312,"=GOOGLETRANSLATE(A269, ""ko"", ""ja"")"
종이미술관,"=GOOGLETRANSLATE(A270, ""ko"", ""ja"")"
안산 종이미술관,"=GOOGLETRANSLATE(A271, ""ko"", ""ja"")"
경기도 안산시 단원구 대남로 233,"=GOOGLETRANSLATE(A272, ""ko"", ""ja"")"
"종이 미술관은 한국 최초의 종이조형 미술관으로 종이와 미술을 소재로 다양하게 표현되는 문화와 예술을 통해 이웃과 함께하는 행복하고 아름다운 미술관이다. 어린이 미술관, 전통놀이 체험장, 한옥체험장, 공예품 만들기 체험장을 갖추고 있으며 야외 잔디공원에서 뛰어놀 수 있고 한옥에서 숙박도 할 수 있는 힐링공간이다.","=GOOGLETRANSLATE(A273, ""ko"", ""ja"")"
"- 대인(커피/음료 무료제공) : 9,000원- 소인(30개월이상~만 18세이하) : 5,000원- 유아(30개월까지) : 무료","=GOOGLETRANSLATE(A274, ""ko"", ""ja"")"
032-887-0606,"=GOOGLETRANSLATE(A275, ""ko"", ""ja"")"
연강갤러리,"=GOOGLETRANSLATE(A276, ""ko"", ""ja"")"
경기도 연천군 중면 군중로 885,"=GOOGLETRANSLATE(A277, ""ko"", ""ja"")"
"DMZ과 마주한 최북단 연천은 생각만으로도 긴장이 몰려오지만 실상 현장에 마주해보면 더 없이 평화롭고 자연스러운 풍경에 녹아든다. 조용한 시골풍경과 임진강, 한탄강의 수려한 풍광을 즐기면서 예술로 승화시켜 보게 되는 곳이 연강갤러리다.연천군 중면 민통선 내부에 위치한 구)안보전시관이 문화예술 전시공간인 &lt;연강 갤러리&gt;로 새롭게 태어났다.&lt;연강 갤러리&gt;는 휴전 이후 민통선 내에 건립된 최초의 예술공간으로, 접경지역이라는 지정학적 조건 아래 온전히 보존된 연천의 생태와 동시대의 문화예술이 만나는 복합공간이다. 본 갤러리는 연천의 풍경을 담고 있는 대형 파사드 작품과 전 세계에서 보내온 평화 메시지를 담은 “평화의 문”으로 새로운 건축적 시도를 했다.","=GOOGLETRANSLATE(A278, ""ko"", ""ja"")"
031-839-2046,"=GOOGLETRANSLATE(A279, ""ko"", ""ja"")"
다도박물관,"=GOOGLETRANSLATE(A280, ""ko"", ""ja"")"
김포 다도박물관,"=GOOGLETRANSLATE(A281, ""ko"", ""ja"")"
경기도 김포시 월곶면 애기봉로275번길 187-49,"=GOOGLETRANSLATE(A282, ""ko"", ""ja"")"
"김포다도박물관은 한국 차[茶] 문화역사를 재조명할 수 있도록 개관한 전통 다도 전문 사립 박물관이다. 1만여 평 부지 위에 조각공원, 팔도장독 전시, 갤러리 등의 부대시설을 갖추고 있다. 박물관 뒤로는 울창한 숲이 병풍처럼 둘러싸여 있어 마치 한 폭의 그림과 같은 느낌이다. 살아 숨 쉬는 예절과 차[茶] 문화역사의 현장을 재현하고 일반인들의 문화적 욕구를 충족시킬 수 있도록 연 2~3회 정도의 다양한 특별전을 기획, 전시하는 등 다양한 문화행사와 공연을 개최하여 문화적 욕구를 충족시킬 수 있는 복합 문화 예술 공간이다. 어린이, 청소년, 일반 시민, 외국인들이 인성교육에 도움이 될 수 있는 다도와 전통 예절 체험 등을 교육 받을 수 있으며 자연을 벗 삼아 휴식을 취할 수 있는 정자, 생태 연못, 잔디정원을 조성하였으며, 민속놀이(투호례, 제기차기, 윷놀이 등)도 체험할 수 있다.","=GOOGLETRANSLATE(A283, ""ko"", ""ja"")"
031-998-1000,"=GOOGLETRANSLATE(A284, ""ko"", ""ja"")"
김포문화원,"=GOOGLETRANSLATE(A285, ""ko"", ""ja"")"
김포 김포문화원,"=GOOGLETRANSLATE(A286, ""ko"", ""ja"")"
경기도 김포시 모담공원로 170-1 한옥마을(아트하우스),"=GOOGLETRANSLATE(A287, ""ko"", ""ja"")"
"경기도 김포 운양동에 위치한 김포문화원은 1964년 개원하였으며 김포의 역사와 향토문화 보전·전승·발굴과 문화행사, 전통문화 교육 등의 문화 사업을 활발히 추진하고 있는 곳이다. 주요 시설로는 문화학교 강좌를 위한 강의실과 자료실, 수장고 등이 있으며 부설 기관으로는 지역 향토사 및 지역 문화의 조사와 연구 업무를 수행하는 김포학연구소와 김포시 민속예술보존회가 있다. 문화 프로그램으로는 전통문화, 선비문화 등을 배울 수 있는 김포문화대학 문화강좌를 운영하고 있다.","=GOOGLETRANSLATE(A288, ""ko"", ""ja"")"
031-982-1110,"=GOOGLETRANSLATE(A289, ""ko"", ""ja"")"
평택 벗이미술관,"=GOOGLETRANSLATE(A290, ""ko"", ""ja"")"
경기도 용인시 처인구 양지면 학촌로53번길 4,"=GOOGLETRANSLATE(A291, ""ko"", ""ja"")"
"벗이미술관은 2015년 개관하여 설계부터 장애인 및 노약자의 관람 이용편의를 도모하여 누구나 쉽게 관람할 수 있도록 노력한 미술관이다. 어린아이들도 편안하게 감상할 수 있는 작품들과 체험 프로그램, 작은 놀이터가 있어 아이들과 함께 방문하기에도 좋다. 전시동, 작가동 및 부대시설을 갖추고 있으며 대중들이 공감하기 쉬운 다양한 현대미술전시를 함께 운영하고 있다.","=GOOGLETRANSLATE(A292, ""ko"", ""ja"")"
"성인 10,000원학생(8세 이상) 4,000원","=GOOGLETRANSLATE(A293, ""ko"", ""ja"")"
031-333-2114,"=GOOGLETRANSLATE(A294, ""ko"", ""ja"")"
화성 소다미술관,"=GOOGLETRANSLATE(A295, ""ko"", ""ja"")"
경기도 화성시 효행로707번길 30,"=GOOGLETRANSLATE(A296, ""ko"", ""ja"")"
"도시 재생사업의 일환으로 방치된 채 버려진 대형 찜질방을 리모델링하여 문화 재생 공간으로 재탄생시킨 화성시 최초의 사립 미술관이다. 소다미술관의 철학은 ''우리 삶에서 버려진 것들을 ''ReDesign''이라는 순환 과정을 거쳐 재발견. 재해석, 재생산하자''이다. 다양한 실험과 체험 공간을 마련해 관람객과 소통하기 위해 노력한다. 현장 예매는 불가능하며 미리 인터넷으로 예약해야 한다. 입구 데스크에서 예약 확인 후 결제를 진행한다. 이때 받은 스티커를 옷에 붙이고 입장하는데 재입장 포토존에서 얼굴과 스티커가 나오게 찍힌 사진을 가지고 있으면, 횟수 제한 없이 재입장이 가능하다.","=GOOGLETRANSLATE(A297, ""ko"", ""ja"")"
070-8915-9127,"=GOOGLETRANSLATE(A298, ""ko"", ""ja"")"
엄미술관,"=GOOGLETRANSLATE(A299, ""ko"", ""ja"")"
화성 엄미술관,"=GOOGLETRANSLATE(A300, ""ko"", ""ja"")"
경기 화성시 봉담읍 오궁길 37,"=GOOGLETRANSLATE(A301, ""ko"", ""ja"")"
"엄미술관은 경기도 화성시 봉담읍에 위치한 현대 미술관이다. 이 미술관은 다양한 현대 미술 작품을 감상할 수 있는 공간으로, 예술과 문화의 향기를 느낄 수 있는 명소이다. 엄미술관은 국내외 유명 작가들의 작품을 전시하며, 예술적 가치를 높이 평가받고 있다. 특히, 미술관 내에서 열리는 특별 전시와 문화 행사들은 관람객에게 색다른 경험을 제공한다. 미술관의 깔끔하고 모던한 건축 디자인은 예술과 자연이 조화를 이루는 분위기를 자아낸다. 또한, 전시된 작품들은 방문객들에게 깊은 인상을 남기며, 창의력과 감성을 자극한다. 엄미술관은 예술을 사랑하는 사람들에게 영감을 주는 공간으로, 문화적 소양을 쌓고 싶은 이들에게 꼭 추천할 만한 곳이다.","=GOOGLETRANSLATE(A302, ""ko"", ""ja"")"
031-222-9188,"=GOOGLETRANSLATE(A303, ""ko"", ""ja"")"
예아리박물관,"=GOOGLETRANSLATE(A304, ""ko"", ""ja"")"
평택 예아리박물관,"=GOOGLETRANSLATE(A305, ""ko"", ""ja"")"
경기도 용인시 처인구 원설로270번길 25 예아리 박물관,"=GOOGLETRANSLATE(A306, ""ko"", ""ja"")"
"예아리박물관은 세계문화관, 한국문화관, 문화상품관, 기획전시관, 야외전시장으로 구성되어 있으며, 동서양의 상장례 관련 유물을 300여 점 전시하고 있다. 전시물은 유물의 보존 상태를 위하여 주기적으로 교체하고 있다. 세계문화관에서는 아시아, 유럽의 상례문화인 조장, 카타콤 등을 실감나게 재현하였고, 한국문화관에서는 철저한 고증을 통해 재현한 조선의 22대 왕인 정도대왕의 국장도감의궤반차도를 미니어처로 현장감 있게 재현하여 조선시대에 왕의 장엄한 국장행렬을 감상할 수 있다. 기획전시관에서는 아프리카 가나의 다양한 모양관을 비롯하여, 각 부족들의 제례 관련 유물들을 전시하고 있다.","=GOOGLETRANSLATE(A307, ""ko"", ""ja"")"
"[개인]-일반 (20~64세) 5,000원- 청소년 (14~19세) 4,000원- 어린이 (13세 이하) 3,000원- 노인 (65세 이상) 3,000원※ 단체 (20인 이상) 1,000원 할인","=GOOGLETRANSLATE(A308, ""ko"", ""ja"")"
031-323-7277,"=GOOGLETRANSLATE(A309, ""ko"", ""ja"")"
앤갤러리,"=GOOGLETRANSLATE(A310, ""ko"", ""ja"")"
성남 앤갤러리,"=GOOGLETRANSLATE(A311, ""ko"", ""ja"")"
경기도 성남시 분당구 새마을로 95,"=GOOGLETRANSLATE(A312, ""ko"", ""ja"")"
"N Gallery는 작가와 대중에게 작품을 매개로 하여 예술과 더 친밀히 교감할 수 있고 다가설 수 있는 아름다운 문화공간을 제공하고자 2008년에 개관하였다.국내외 중진 작가는 물론 신인작가를 아우르는 초대전, 기획전을 전개하여 국내 미술 문화의 발전과 국제 미술계와의 교류 활성화에 역동적인 역할을 해 나가고 있으며, 또한 미술 전시뿐만 아니라, 기업행사 및 세미나, 공연 등 다양한 문화 활동을 통해 복합미술공간으로 나아가고 있다. 전문적인 기획력과 네트워크를 바탕으로 개인과 기업의 문화 예술활동 지원을 적극적으로 전개하며 이들을 문화예술과 하나로 엮는 아트 컨설팅 업무 또한 활발히 진행중이다.","=GOOGLETRANSLATE(A313, ""ko"", ""ja"")"
무료관람,"=GOOGLETRANSLATE(A314, ""ko"", ""ja"")"
070-7430-3323,"=GOOGLETRANSLATE(A315, ""ko"", ""ja"")"
아해박물관,"=GOOGLETRANSLATE(A316, ""ko"", ""ja"")"
과천 아해박물관,"=GOOGLETRANSLATE(A317, ""ko"", ""ja"")"
경기도 과천시 추사로 133,"=GOOGLETRANSLATE(A318, ""ko"", ""ja"")"
"아해한국전통문화어린이박물관은 유아, 초등학생을 대상으로 한 전통놀이감을 전시한 박물관이다. 아해한국전통문화어린이박물관 명칭 중 아해는 어린이의 순 우리말이다. 이 박물관에서는 한국의 5천년 역사를 간직한 놀이감들을 수집 보존하고 전시하여 전통놀이감 또한 소중한 역사임을 일깨워주고 있다. 상설전시관에서는 방안놀이, 하늘놀이, 들판놀이, 서당놀이 등으로 분류되어 전시되어 있다. 기획전시실과 교육공간에서는 예절, 전통음식, 우리미술 등을 체험 해볼 수 있는 자리를 마련하였다. 야외에는 마당놀이감과 숲놀이감이 전시되어 있어 다양한 놀이를 체험해볼 수 있으며, 아해 숲길이 조성 되어 있다.","=GOOGLETRANSLATE(A319, ""ko"", ""ja"")"
"* 일반 5,000원 * 단체 4,000원","=GOOGLETRANSLATE(A320, ""ko"", ""ja"")"
02-3418-5501,"=GOOGLETRANSLATE(A321, ""ko"", ""ja"")"
마나스아트센터,"=GOOGLETRANSLATE(A322, ""ko"", ""ja"")"
양평 마나스아트센터,"=GOOGLETRANSLATE(A323, ""ko"", ""ja"")"
경기도 양평군 강상면 강남로 743,"=GOOGLETRANSLATE(A324, ""ko"", ""ja"")"
마나스아트센터는 물 맑고 공기 좋은 경기도 양평군 병산리 남한강 옆에 자리한 전시관이다. 700평 규모의 쇼나조각 공원과 100여 평 건물의 마콘데조각 전시장으로 이루어져 있다. 전국에서 가장 많은 쇼나조각과 마콘데조각을 소유 및 전시하고 있는 아프리카 조각의 명소이다. 영혼과의 교류에서 완성된 아프리카 조각의 에너지는 피카소에게 예술의 혼을 전달한 큐비즘 미술의 시작이라 할 수 있다. 마나스아트센터는 아프리카 미술의 깊이를 볼 수 있는 자리로 거듭나고 있다.,"=GOOGLETRANSLATE(A325, ""ko"", ""ja"")"
전화문의,"=GOOGLETRANSLATE(A326, ""ko"", ""ja"")"
031-774-5121,"=GOOGLETRANSLATE(A327, ""ko"", ""ja"")"
스토리 미니어처 뮤지엄,"=GOOGLETRANSLATE(A328, ""ko"", ""ja"")"
경기도 파주시 탄현면 헤이리마을길 93-75,"=GOOGLETRANSLATE(A329, ""ko"", ""ja"")"
"스토리 미니어처 뮤지엄은 파주시 헤이리 예술마을에 위치한 박물관으로, 아지동 테마파크 내에 설립되었다. 아지동 테마파크는 대한민국 테마파크 브랜드 아지동으로 맞춤형 콘텐츠를 개발하여 테마파크, 캐릭터, 엔터테인먼트, 무역, 벤처사업 지원 육성 등 사업을 진행하는 기업이다. 스토리 미니어처 뮤지엄은 20년 역사를 가진 헤이리 마을 예술인들과 예술을 사랑하는 스위스, 독일, 대만, 프랑스, 한국의 작가들이 참여하여 오르골과 아티스트들의 인형, 동화 디오라마와 미니어처를 통해 사랑과 희망의 메시지를 준다. 전시실은 인간의 삶과 자연의 소중함을 일깨우는 오르골존, 종심의 세계로 떠나는 동화존, 겨울이 되면 생각나는 인형의 대표주자인 호두까기 인형존, 미니어처 마을 드림빌리지존, 관절의 움직임이 자유로운 구체관절 인형존, 세계 지도에 마담 알렌산더의 인형들로 각국의 전통 의상을 표현한 세계인형존 등으로 다양하게 구성되어 있다. 아이들과 함께 잊지 못할 추억을 만들 수 있는 충분한 공간이다.","=GOOGLETRANSLATE(A330, ""ko"", ""ja"")"
031-947-0677,"=GOOGLETRANSLATE(A331, ""ko"", ""ja"")"
남양주 실학박물관,"=GOOGLETRANSLATE(A332, ""ko"", ""ja"")"
경기도 남양주시 조안면 다산로747번길 16,"=GOOGLETRANSLATE(A333, ""ko"", ""ja"")"
"실학박물관은 2009년 개관이래 실학 관련 유물과 자료를 수집/보존하며, 이를 연구/전시하고 있는 국내 유일의 실학 관련 박물관이다. 오로지 [실학]을 주제로 한 박물관답게 실학에 관한 모든 것을 배우고 익히고 체험할 수 있다. 특히 어린이들을 위한 다양한 체험 프로그램이 마련되어 있으며, 1층 기획전시실을 비롯하여 2층의 1~3전시실에서는 눈길을 사로잡는 아름다운 영상과 함께 실학의 형성부터 전개까지 배울 수 있다. 실학자 정약용과 정약전에 관한 이야기를 애니메이션으로 구현한 실학씨네마는 아이들은 물론 어른들에게도 흥미로운 시간을 선사한다. 단순히 보기만 하는 박물관이 아닌 그야말로 보고, 듣고, 만져보는 오감을 충족할 만한 실학에 관한 모든 것이 있는 박물관이다. 전시실 관람을 마치면 1층에서 부채 만들기, 해 시계 팔찌 만들기, 탁본 체험도 할 수 있다. 전문 해설가의 설명을 들으면서 관람하는 정기 해설은 평일이나 주말, 별도의 예약 없이 시간에 맞춰 가기만 하면 된다. 정기 전시 외에도 반기별로 다양한 주제의 실학 관련 기획 전시도 열린다. 박물관 바로 옆에는 정약용유적지, 문학관, 기념관이 있으니 함께 둘러보면 좋다.","=GOOGLETRANSLATE(A334, ""ko"", ""ja"")"
031-579-6000,"=GOOGLETRANSLATE(A335, ""ko"", ""ja"")"
남양주시립박물관,"=GOOGLETRANSLATE(A336, ""ko"", ""ja"")"
남양주 남양주시립박물관,"=GOOGLETRANSLATE(A337, ""ko"", ""ja"")"
경기도 남양주시 와부읍 팔당로 121,"=GOOGLETRANSLATE(A338, ""ko"", ""ja"")"
"남양주시 와부읍에 있는 남양주시립박물관은 남양주의 역사와 문화를 보존하기 위해 설립된 곳으로 2010년 4월에 개관하였다. 상설전시실, 기획전시실, 교육실 등이 갖추어져있으며, 외부에는 야외공연장과 석조유물을 만날 수 있다. 상설전시실에서는 남양주시에서 출토된 구석기유물부터 조선, 근대의 다양한 민속유물 등을, 기획전시실에서는 매해 새로운 주제의 다양한 전시를 선보이고 있다. (출처 : 남양주시립박물관 홈페이지)","=GOOGLETRANSLATE(A339, ""ko"", ""ja"")"
031-576-0558,"=GOOGLETRANSLATE(A340, ""ko"", ""ja"")"
남양주 미호박물관,"=GOOGLETRANSLATE(A341, ""ko"", ""ja"")"
경기도 남양주시 고산로126번길 15-2,"=GOOGLETRANSLATE(A342, ""ko"", ""ja"")"
"미호 박물관은 자연의 역사를 담아 2014년 7월에 개관하다. 미호박물관은 푸른 별 지구의 과거와 현재를 알 수 있는 곳으로 지구의 역사를 이야기해 주고 있다. 지구 최초의 생명체 화석인 스트로마톨라이트를 비롯하여 고생대, 중생대 시대의 동물, 식물 화석들을 다수 소장하고 전시하고 있다. 또한, 신비롭고 다양한 광물, 곤충 표본을 전시하고 있다. 수도권 속 회색 도시를 벗어나 초록의 자연을 느낄 수 있으며, 규화목과 공룡 전시물이 있는 공룡마을1, 2에서 어린이들이 자연과 공룡을 친구로 맞이한다. 다양한 전시 표본들과 감각 활동과 체험 활동을 할 수 있다.","=GOOGLETRANSLATE(A343, ""ko"", ""ja"")"
"대인 : 11,000원​, 소인 : 10,000원※ 이용요금은 변동될 수 있으므로 홈페이지 참조 또는 전화 문의 요망","=GOOGLETRANSLATE(A344, ""ko"", ""ja"")"
031-566-7377,"=GOOGLETRANSLATE(A345, ""ko"", ""ja"")"
"가평 노랑다리미술관은 숲속에 꾸며진 개인 미술관으로 다양한 소재로 만든 작품들이 자연스럽게 전시되어 있으며 미술관 실내 정원에서도 작품을 감상할 수 있다. 미술관 안에는 카페가 있는데 입장료에 음료 1잔의 값과 쿠키 간식이 포함되어 있으며 작품 속에서 휴식하며 차를 즐길 수 있다. 또한 이곳은 ‘가평 아이와 여행지’로도 알려져 있는데 그만큼 아이들도 좋아할 만하다. 미술관 이름처럼 입구는 노랑 다리를 건너 들어가면 되고 사진 명소가 될 만큼 아기자기하고 멋스럽게 꾸며져 있다. 실내정원은 잘 다듬어진 나무들 속에 작품들이 자연스럽게 섞여있어 구경할 만하다. 규모가 제법 크고 아이들이 그림을 그리고 전시할 수 있는 공간도 마련되어 있다. 미술관 속에서 나무, 꽃, 새 등 자연을 느낄 수 있어 미술관 자체가 숲속이고 하나의 작품이다. 미술관 입구에는 계곡도 있어 차분히 쉬며 자연을 느낄 수 있다.","=GOOGLETRANSLATE(A346, ""ko"", ""ja"")"
성인 9천원어린이 5천원애견 1천원,"=GOOGLETRANSLATE(A347, ""ko"", ""ja"")"
031-585-8887,"=GOOGLETRANSLATE(A348, ""ko"", ""ja"")"
고양 중남미문화원,"=GOOGLETRANSLATE(A349, ""ko"", ""ja"")"
경기도 고양시 덕양구 대양로285번길 33-15,"=GOOGLETRANSLATE(A350, ""ko"", ""ja"")"
"중남미문화원은 중남미 지역의 문화와 예술에 대한 이해를 돕고, 청소년들의 꿈과 이상과 건전한 세계관의 확립에 도움이 되기 위한 취지로 1994년 건립되었다. 현재 개인 및 단체는 물론 학회, 외교단, 기업과 교육 기관 등에서 많이 이용하고 있으며 2018년 한국관광공사 [KOREA 유니크 베뉴] 20개 장소 중 하나로 선정되었다. 박물관은 중남미의 대표적 문화인 마야, 아즈텍, 잉카, 식민기 시대의 유물이 전시되어 있으며 미술관은 중남미 대표 작가들의 그림과 조각, 전통의상과 직물이 전시되어 있다. 또한 조각 공원에는 중남미 12개국의 현대 작가들의 작품이 공원 및 산책로, 휴식공간 곳곳에 자리 잡고 있어 라틴아메리카 문화의 정취를 느낄 수 있다. 2011년 개관된 종교전시관과 벽화는 중남미 종교 회화와 조각, 스테인드글라스, 아름다운 제단을 감상할 수 있으며 가로 24m, 세로 5m의 장대한 도자 벽화는 중남미 원주민들의 전통과 정신을 소중히 여기는 인디헤니스모 사상을 감상할 수 있다.","=GOOGLETRANSLATE(A351, ""ko"", ""ja"")"
031-962-7171,"=GOOGLETRANSLATE(A352, ""ko"", ""ja"")"
화성시 향토박물관,"=GOOGLETRANSLATE(A353, ""ko"", ""ja"")"
화성 화성시 향토박물관,"=GOOGLETRANSLATE(A354, ""ko"", ""ja"")"
경기도 화성시 향남읍 행정동로 96,"=GOOGLETRANSLATE(A355, ""ko"", ""ja"")"
화성지역의 문화와 역사를 담은 박물관이다. 1층 어린이 문화실은 각종 체험이 가능하다. 상설 전시실과 기획 전시실을 운영한다. 생활문화실과 역사문화실은 자연과 더불어 살아가던 화성 사람들의 역사와 생활을 만날 수 있는 공간이다. 어촌과 농촌이 공존하던 화성지역 기안동 줄다리기 행사에 사용되는 줄다리기 줄이 중앙에 위치한다. 조선시대 물을 끓여 응축된 소금을 만들던 자염 방식을 살펴볼 수 있다. 역사문화실에 들어가면 화성에 자리 잡은 다양한 문화재와 화성의 교육 등 역사를 두루 다룬 공간이 나온다.,"=GOOGLETRANSLATE(A356, ""ko"", ""ja"")"
031-369-3797,"=GOOGLETRANSLATE(A357, ""ko"", ""ja"")"
닻미술관,"=GOOGLETRANSLATE(A358, ""ko"", ""ja"")"
광주 닻미술관,"=GOOGLETRANSLATE(A359, ""ko"", ""ja"")"
경기도 광주시 초월읍 진새골길 184,"=GOOGLETRANSLATE(A360, ""ko"", ""ja"")"
"닻미술관은 사진과 책을 중심으로 예술을 통한 나눔을 실천하고자 2010년 10월 개관하였으며, 현대 도시의 시공간을 벗어나 창조적 경험을 통해 내면적 성찰이 이루어지는 유기적 공간이다. 숲으로 둘러싸인 넓은 부지를 활용하여 자연과 예술이 함께 공명하는 전시를 소개하고 프레임 야생정원과 목공방, 사진공방, 레지던시, 온실을 함께 운영하고 있다. 또한 숲속의 작은 미술관 닻미술관은 바쁜 일상에서 벗어나 호젓하게 전시 작품을 보면서 힐링할 수 있는 곳이다.","=GOOGLETRANSLATE(A361, ""ko"", ""ja"")"
031-798-2581,"=GOOGLETRANSLATE(A362, ""ko"", ""ja"")"
백남준아트센터,"=GOOGLETRANSLATE(A363, ""ko"", ""ja"")"
평택 백남준아트센터,"=GOOGLETRANSLATE(A364, ""ko"", ""ja"")"
"2001년 작가 백남준과 경기도는 아트센터 건립을 논의하기 시작했으며, 생전의 백남준은 그의 이름을 딴 이 아트센터를 ‘백남준이 오래 사는 집’이라 명명했다. 2008년 10월에 개관한 백남준아트센터는 작가가 바랬던 ‘백남준이 오래 사는 집’을 구현하기 위해 백남준의 사상과 예술활동에 대한 창조적이며 동시에 비판적인 연구를 발전시키고 그의 실천과 활동을 알리는 데 주력하고 있다. 관용적이고 비판적이며 학제적인 백남준의 작업과 인생의 영향을 받은 백남준아트센터는 다음과 같은 전시, 교육 및 연구를 수행한다. 백남준의 작품 세계에 대한 밀도 깊은 연구를 바탕으로 한 상설전 동시대 예술의 논쟁적 이슈와 학예 연구에 기반한 정기 기획전 창조성의 의미와 백남준의 작품의 분석, 그리고 작가 백남준에 대한 다양한 해석을 제공하는 연구의 구심점이 될 수 있는 워크숍, 세미나, 대담, 대중강좌, 이벤트 등 교육 프로그램 음악, 혁신적인 예술적 실천, 미디어아트 등 다양한 예술분야를 아우르는 백남준과 관련한 컬렉션 구성 정치적이고 사회적인 의미의 가능성을 지적했던 전위적인 백남준의 정신적 유산을 그가 해석했던 창조성과 예술적 실천의 의미를 분석하는 출판 및 연구 프로그램 백남준은 유목민 기질과 포용적 정신을 가지고 기존의 세계관뿐만 아니라 전위적인 입장에까지 도전함으로써 고갈되었다고 믿어지던 예술의 가능성을 열었다. ‘백남준이 오래 사는 집’을 만들어가고 있는 백남준아트센터는 백남준의 이러한 특징을 환기시키고 그의 비판적 창성을 함께 나누길 희망한다. 수원신갈IC에서 차량으로 약 5분, 수인분당선 상갈역에서 약 4분 소요되며 역에서 인근까지 한 번에 가는 버스가 있다. 인근에 경기도박물관, 경기도어린이박물관, 에버랜드, 한국민속촌, 세계문화유산 수원화성과 융건릉, 기흥호수공원, 덕평공룡수목원, 별빛정원우주, 한택식물원 등이 있다.* 개관일 : 2008년 10월 8일","=GOOGLETRANSLATE(A365, ""ko"", ""ja"")"
"무료 (특별기획전의 경우, 관람료가 다를 수 있음)","=GOOGLETRANSLATE(A366, ""ko"", ""ja"")"
031-201-8571,"=GOOGLETRANSLATE(A367, ""ko"", ""ja"")"
통진두레문화센터,"=GOOGLETRANSLATE(A368, ""ko"", ""ja"")"
김포 통진두레문화센터,"=GOOGLETRANSLATE(A369, ""ko"", ""ja"")"
경기도 김포시 통진읍 김포대로 2347-8,"=GOOGLETRANSLATE(A370, ""ko"", ""ja"")"
"경기도 김포시 통진읍에 위치한 통진두레문화센터는 제38회 전국민속예술 경연 대회에서 대통령상(1997년)을 수상 하고 경기도 지정무형문화재(1998)로 지정된 ''통진두레놀이''의 계승 발전을 위해 건립됐다. 통진두레놀이란 1960년대 경기도 김포시 통진읍 옹정리에서 농번기 때 행하던 두레 풍속을 놀이화한 것으로 오늘날까지 지역 문화유산으로 보존되고 있다. 이 외에도 우리 고유의 전통 무형문화와 민속 예술을 계승 발전시키고 다양한 문화 예술 서비스를 제공하는 복합문화 예술공간의 역할도 함께 하고 있다. 센터 1층은 공연장과 홍보전시실, 연습실이 있으며 2층은 체험학습실과 통진두레놀이 보존회 사무실이 있다. 1층의 공연장은 실험극, 연극, 마당놀이, 판소리 등의 공연에 사용된다. 홍보전시실은 다양한 유물과 함께 통진두레놀이에 대한 상세한 설명과 모형이 전시되어 있다. 이 외에도 김포를 대표하는 무형문화재를 배울 수 있는 학교 밖 전통예술교실, 통진두레놀이 프로그램을 비롯한 다양한 체험 프로그램이 마련되어 있으며, 대관 문의를 포함한 자세한 내용은 홈페이지를 참고하면 된다.","=GOOGLETRANSLATE(A371, ""ko"", ""ja"")"
031-983-7225,"=GOOGLETRANSLATE(A372, ""ko"", ""ja"")"
남양주문화원,"=GOOGLETRANSLATE(A373, ""ko"", ""ja"")"
남양주 남양주문화원,"=GOOGLETRANSLATE(A374, ""ko"", ""ja"")"
경기도 남양주시 경춘로 883-36,"=GOOGLETRANSLATE(A375, ""ko"", ""ja"")"
"* 한국 고유의 문화를 살리는 곳, 남양주문화원 * 남양주문화원은 지역의 고유문화의 계발, 보존 및 전승을 하고자 향토사료의 조사 및 연구, 지역문화행사 등을 개최하여 지역사회의 문화창달을 위해 지난 1982년 개원되어 활동하고 있다. 남양주시는 오래전부터 한반도 역사의 중심에 서 있었던 관계로 수많은 문화유산을 간직하고 있으며 수도권 동북부, 경기도 중앙부에 위치하여 천마산을 중심으로 축령산 불암산 운길산이 둘러싸고 있으며 아름다운 한강을 끼고 있는 천혜의 지역이다. * 남양주문화원의 다산문화제 * 남양주문화원에서 진행하는 문화사업 중 가장 중요한 문화사업이 바로 다산문화제이다. 다산문화제는 조선 후기 대 실학자인 다산 정약용선생의 업적과 실학사상을 기리는 지역축제이다. 그 내용으로는 관내 유치원, 초.중.고교생 및 일반인을 대상으로 미술, 백일장, 휘호,사진촬영대회를 개최해 인재발굴과 문화예술 반전에 기여하고 있으며 관내 유관기관 공무원을 대상으로 시민에 봉사하는 다산목민대상을 선정, 수여하여 다산의 얼을 받들고 있다. 또한 다산사상강연회를 개최해 지역민에게 다산의 사상을 전파하고 시민축제로 승화시켜 전통예술공연, 각종 전시회 등 다양한 장르의 문화예술을 접할 수 있는 기회를 제공하고 있다.","=GOOGLETRANSLATE(A376, ""ko"", ""ja"")"
홈페이지 참조,"=GOOGLETRANSLATE(A377, ""ko"", ""ja"")"
031-592-0667,"=GOOGLETRANSLATE(A378, ""ko"", ""ja"")"
우석헌자연사박물관,"=GOOGLETRANSLATE(A379, ""ko"", ""ja"")"
남양주 우석헌자연사박물관,"=GOOGLETRANSLATE(A380, ""ko"", ""ja"")"
경기도 남양주시 진접읍 금강로 1095,"=GOOGLETRANSLATE(A381, ""ko"", ""ja"")"
"1988년에 설립된 남산서울타워 수석·광물전시관을 모체로 2003년 12월에 경기도 남양주시 진접읍 내각리에 서울·경기지역 유일의 지질전문자연사박물관으로 설립되었다. 2005년에 문화관광부와 국립중앙박물관령의 경력인정대상기관으로 등록되었으며, 다양한 특별기획 전시와 유익한 학습프로그램으로 어린이들의 탐구심을 채워주는 생동하는 교육현장으로서의 역할을 담당하고 있다. * 어여쁜 돌의 집, 우석헌 * 우석헌(愚石軒)은 ''어여쁜 돌의 집''이라는 뜻으로 광물, 암석, 화석을 중심으로 한 지질 전문 자연사박물관으로서의 역할과 동시에 이 돌들에 담겨있는 무한한 과학 발전의 가능성을 담고 있으며, 세계 도처에 산재한 화석, 광물, 암석 산지를 직접 탐방, 최고의 가치와 학술적 의미를 지닌 다양한 표본을 수집하여 국내외 대학 및 연구기관과 교류하고 있다. 생명의 역사관, 지구과학관, 동물 생태관, 특별전시관 등을 운영하고 있으며 각 전시관에는 진본화석, 광물, 암석, 운석, 해양관련표본 등의 희귀 자연사 자료를 전시하고 있다.","=GOOGLETRANSLATE(A382, ""ko"", ""ja"")"
"개인 - 대인 6,500원 / 소인 4,000원단체 - 대인 5,200원 / 소인 3,200원※ 대인(대학생, 일반), 소인(유치원, 학생)※ 단체 20인 이상※ 무료(신분증 제시) - 36개월 미만 어린이(단체시 적용 불가), 만65세 이상","=GOOGLETRANSLATE(A383, ""ko"", ""ja"")"
031-572-9555,"=GOOGLETRANSLATE(A384, ""ko"", ""ja"")"
부천문화원,"=GOOGLETRANSLATE(A385, ""ko"", ""ja"")"
부천 부천문화원,"=GOOGLETRANSLATE(A386, ""ko"", ""ja"")"
경기도 부천시 경인로92번길 33,"=GOOGLETRANSLATE(A387, ""ko"", ""ja"")"
"부천문화원은 부천지역의 전통 민속의 보존과 전승, 지역축제 및 문화강좌 등을 통하여 지역문화의 발전을 위한 곳으로 사라져가는 옛 생활의 풍습 등을 기록하고 보존하고 있다. 따라서 문화원에서는 석천농기고두마리 축제, 성년례 재연, 먼마루도당우물제, 윗소사산신제, 고강동유제천의례 행사를 매해 열고 있다. 이외에도 한옥 숙박 체험을 운영하며 전통문화 체험이 가능하고 전통혼례식도 올릴 수 있다. 문화교실에서는 복사골합창, 우리춤, 가양주 빚기, 가야금, 해금, 풍물놀이 등의 문화강좌 프로그램을 운영한다.","=GOOGLETRANSLATE(A388, ""ko"", ""ja"")"
032-651-3739,"=GOOGLETRANSLATE(A389, ""ko"", ""ja"")"
성남 성남아트센터,"=GOOGLETRANSLATE(A390, ""ko"", ""ja"")"
"2005년 10월 14일 개관한 성남아트센터는 공연, 전시예술의 첨단 흐름을 구현함과 동시에 지역밀착형 문화공간을 지향하고 있다. 성남문화재단이 운영하고 있는 성남아트센터는 세 개의 공연장(오페라하우스, 콘서트홀, 앙상블시어터)과 전시공간(큐브미술관과 갤러리 808, 반달갤러리, 상설전시장)에서 개관 이후 국내 초연, 성남단독, 자체 제작기획물, 지역 밀착형 프로그램 등 독창적인 문화콘텐츠를 선보이며 성남 문화예술의 중심으로 자리했다. 또한 세계악기전시관, 성남미디어센터, 중앙공원 야외공연장, 책테마파크 등의 다채로운 시설들을 운영하며 시민들에게 친근한 문화쉼터를 제공, 일상에 즐거움을 선사하고 있다. 성남을 상징하는 문화브랜드로 주목받은 사랑방문화클럽을 비롯한 다양한 문화예술지원 정책사업, 시민, 학교, 기업 등 지역사회와 함께 하는 성남미디어센터와 아카데미의 창의적인 교육 프로그램들은 시민 누구나 문화예술을 즐기고 문화예술로 소통할 수 있는 기반을 마련하고 있다.","=GOOGLETRANSLATE(A391, ""ko"", ""ja"")"
시설 및 프로그램별 다름,"=GOOGLETRANSLATE(A392, ""ko"", ""ja"")"
부천 오정아트홀,"=GOOGLETRANSLATE(A393, ""ko"", ""ja"")"
경기 부천시 성오로 172,"=GOOGLETRANSLATE(A394, ""ko"", ""ja"")"
"부천문화재단에서 운영하는 오정아트홀은 2003년 개관하였으며 부천시의 소중한 문화공간이다. 오정아트홀은 404석의 좌석과 226제곱미터의 무대 넓이를 확보하고 있으며 오정구민과 부천시민의 문화공간으로, 지역주민의 문화 향유 욕구를 해소하고 다양한 문화행사를 제공하는 다목적 공연장으로 운영되고 있다. 아트홀에서는 어린이들을 위한 무료 영화 상영과 뮤지컬 공연, 음악 연주회 및 미술 전시회가 상시로 진행되고 있다. 수도권 전철역 7호선 종합운동장역 5번 출구 및 1호선 소사역 또는 역곡역 북부 출구에서 도보 20분 거리이고 부천 IC에서 가깝다.","=GOOGLETRANSLATE(A395, ""ko"", ""ja"")"
032-677-1844,"=GOOGLETRANSLATE(A396, ""ko"", ""ja"")"
성남문화원,"=GOOGLETRANSLATE(A397, ""ko"", ""ja"")"
성남 성남문화원,"=GOOGLETRANSLATE(A398, ""ko"", ""ja"")"
경기도 성남시 수정구 산성대로215번길 7,"=GOOGLETRANSLATE(A399, ""ko"", ""ja"")"
"성남문화원은 지역 문화의 전통문화 발굴 보존과 각종 문화행사를 주최하고 문화중심 사랑방 역할을 수행하는 문화시설이다. 성남시의 각종 문화 행사의 일환인 성남사랑글짓기 대회, 강정일당상 시상, 정월대보름 민속축제, 둔촌중국백일장, 송산백일장, 경기도 민속예술제 ‘최우수상’, 경기도 청소년민속예술제 ‘최우수상’, 둔촌문화제 등 총 40여 행사를 개최하여 지역주민들의 문화 욕구 총족을 위해 노력하고 있다. 이 외에도 문화학교를 운영을 통해 수준 높은 문화생활을 할 수 있도록 돕고 있다. 문화 강좌로는 민요, 한문 서예, 한국 무용, 판소리, 가야금, 풍물 등이 있다.","=GOOGLETRANSLATE(A400, ""ko"", ""ja"")"
031-756-1082,"=GOOGLETRANSLATE(A401, ""ko"", ""ja"")"
성남 판교박물관,"=GOOGLETRANSLATE(A402, ""ko"", ""ja"")"
"2013년에 개관한 판교박물관은 성남시의 역사를 담은 박물관으로 1600년 전 한성 백제시대 동북아 교류의 증거인 고구려와 백제 돌방무덤 11기를 전시, 보존하고 있는 박물관이다. 돌방무덤을 국내 최초 원형 그대로 실내에 이전·복원함으로써 문화재 보전에 대한 성공적인 사례로 높이 평가되며, 또한 역사 문화 체험 공간 으로 다양한 교육프로그램을 운영하고 있다.- 교과과정 및 지역사와 연계하여 역사・문화유산의 교육적 활용- 통사(通史) 및 시사(市史)에 관한 이해 도모와 역사적 마인드 제고- 참여 대상 등의 범위를 확대하여 상승하는 교육 수요에 부응 - 시민의 문화 참여 기회 제공 및 여가 선용- 다양한 매체를 통해 성남시 및 박물관 홍보","=GOOGLETRANSLATE(A403, ""ko"", ""ja"")"
전시 무료 / 교육 변동 가능,"=GOOGLETRANSLATE(A404, ""ko"", ""ja"")"
031-729-4535,"=GOOGLETRANSLATE(A405, ""ko"", ""ja"")"
바른샘어린이도서관,"=GOOGLETRANSLATE(A406, ""ko"", ""ja"")"
수원 바른샘어린이도서관,"=GOOGLETRANSLATE(A407, ""ko"", ""ja"")"
경기도 수원시 영통구 매봉로 10,"=GOOGLETRANSLATE(A408, ""ko"", ""ja"")"
"수원시에는 일반적인 도서관 외에 어린이만을 위한 전용 도서관인 슬기샘, 바른샘, 지혜샘이 있다. 이 중에서 바른샘도서관은 영통구 매봉로에 자리 잡고 있으며 수원의 미래 꿈나무라고 할 수 있는 어린이들이 슬기롭고 지혜로우며 바른 어린이로 자랄 수 있도록 설립된 지식정보 및 문화공간이다. 자라나는 새싹들에게 꿈과 희망, 호기심을 갖도록 하여 문화 체험 및 정보마인드도 향상시키고자 한다. 유아기를 위한 아기 둥지도 마련되어 있어 유아기부터 부모님과 함께 책을 읽는 분위기 형성에 일조하는 도서관이다.","=GOOGLETRANSLATE(A409, ""ko"", ""ja"")"
031-216-9373,"=GOOGLETRANSLATE(A410, ""ko"", ""ja"")"
수원 영통도서관,"=GOOGLETRANSLATE(A411, ""ko"", ""ja"")"
수원 수원 영통도서관,"=GOOGLETRANSLATE(A412, ""ko"", ""ja"")"
경기도 수원시 영통구 청명로 151,"=GOOGLETRANSLATE(A413, ""ko"", ""ja"")"
"수원시에서는 21세기 지식정보화 시대를 맞이하여 전국 제일의 평생학습 및 문화 선도도시로 앞서가고 시민 누구나 가까운 곳에서 도서관을 이용할 수 있도록 지역별로 어린이 도서관 3개소 서수원ㆍ북수원도서관 일반도서관 2개소를 신설하여 기존 선경ㆍ중앙ㆍ영통도서관과 함께 8개 도서관을 보유하게 되었다. 도서관 수 증가와 함께 서비스 질에서도 앞서가기 위해 우수도서를 시민(단체)으로부터 기증받고 신규 구입하여 시민이 전문지식을 습득하는데 부족함이 없도록 하고 있으며, 도서 및 회원정보, 무인자동화 등 이용자 중심의 One-Stop 전자도 서관도 구축하여 이용에 불편이 없도록 추진하고 있다.","=GOOGLETRANSLATE(A414, ""ko"", ""ja"")"
031-228-4758,"=GOOGLETRANSLATE(A415, ""ko"", ""ja"")"
수원 해우재,"=GOOGLETRANSLATE(A416, ""ko"", ""ja"")"
경기 수원시 장안구 장안로458번길 9,"=GOOGLETRANSLATE(A417, ""ko"", ""ja"")"
"미스터 토일렛 심재덕은 세계화장실협회 창립을 기념하고자 30여 년간 살던 집을 허물고 변기 모양의 집을 지었고 그 이름을 바로 해우재라고 하였다. 해우재는 ''근심을 푸는 집''이라는 뜻으로 사찰에서 화장실을 일컫는 해우소에서 비롯되었다. 2007년 건축가 고기웅의 설계를 토대로 공사하여 그해 완공하였으며, 변기 모양의 집 해우재는 2007년 기네스북 한국기록원으로부터 가장 큰 화장실 조형물이라는 기록을 인정받으며, 국내외 주요 언론으로부터 주목받아왔다. 미스터토일렛 심재덕 사후 유족이 그의 뜻을 받들어 수원시에 기증하였고, 수원시는 그 뜻을 기리기 위해 리모델링을 거쳐 수원시 화장실문화 전시관 해우재로 재탄생시켰다. 박물관 앞쪽에는 재미있는 변기 관련 조형물들이 있고, 해우재 어린이 체험관을 통해서 아이들과 함께 화장실 예절을 경험할 수 있다.","=GOOGLETRANSLATE(A418, ""ko"", ""ja"")"
031-271-9777,"=GOOGLETRANSLATE(A419, ""ko"", ""ja"")"
수원문화원,"=GOOGLETRANSLATE(A420, ""ko"", ""ja"")"
수원 수원문화원,"=GOOGLETRANSLATE(A421, ""ko"", ""ja"")"
경기 수원시 권선구 호매실로 237,"=GOOGLETRANSLATE(A422, ""ko"", ""ja"")"
"수원문화원은 지역사회 문화진흥을 목적으로 1957년에 설립된 비영리 문화단체로서 시민에게 다양한 문화 혜택을 주기 위하여 설치하였다. 시민들의 평생교육을 위한 문화학교가 있어 각종 강좌를 개설하여 연중 운영하고 있으며, 문화행사를 기획, 개최하여 수원 문화발전의 중추적 역할을 하고 있다. 주요 사업으로 대보름 민속놀이 한마당, 정조대왕 능행차길 체험 순례, 인문학 역사 탐방, 짚신신고 수원화성에서 놀자, 수원 화성 축성체험, 기획공연, 제야 새해맞이 기념 타종 등이 있다. 향토사의 발굴 및 향토 문화 보전과 전승에 큰 노력을 기울이고 있으며 문화예술 행사도 운영하고 있다. 수원의 뿌리인 수원 화성 복원의 선도적인 역할로 세계문화유산으로 등재되는 디딤돌을 놓아 수원이 문화관광 도시로 발전하는데 기여하는 등 수원 현대 문화계 형성에 크게 이바지하고 있다.","=GOOGLETRANSLATE(A423, ""ko"", ""ja"")"
강좌 별 이용요금 상이 자세한 요금 홈페이지 참조,"=GOOGLETRANSLATE(A424, ""ko"", ""ja"")"
031-244-2161,"=GOOGLETRANSLATE(A425, ""ko"", ""ja"")"
슬기샘어린이도서관,"=GOOGLETRANSLATE(A426, ""ko"", ""ja"")"
수원 슬기샘어린이도서관,"=GOOGLETRANSLATE(A427, ""ko"", ""ja"")"
경기도 수원시 장안구 송정로 9,"=GOOGLETRANSLATE(A428, ""ko"", ""ja"")"
"수원시 장안구 송정로에 있는 슬기샘어린이도서관은 2005년 11월 개관, 어린이 과학탐구관 및 멀티미디어실과 신나는 우주여행 및 최신 정보 콘텐츠가 다양하게 준비되어 있어 우주과학에 흥미가 있는 어린이들의 다양한 지식정보를 넓혀주는 역할을 하고 있다. 이 외에 독서문화 프로그램을 통해 다양한 체험도 할 수 있는 곳이다. 슬기샘어린이도서관은 수원의 미래 꿈나무라고 할 수 있는 어린이들이 슬기롭고 지혜로우며 바른 어린이로 자랄 수 있도록 설립된 지식정보 및 문화공간 역할도 하고 있다. 약 14만여 권에 달하는 장서와 함께 다양한 독서문화 프로그램을 진행하여 자라나는 새싹들에게 꿈과 희망, 호기심을 갖도록 하여 다가오는 지식정보화시대에 문화 체험 및 정보마인드를 향상하고자 한다.","=GOOGLETRANSLATE(A429, ""ko"", ""ja"")"
031-242-6633,"=GOOGLETRANSLATE(A430, ""ko"", ""ja"")"
호반아트리움,"=GOOGLETRANSLATE(A431, ""ko"", ""ja"")"
과천 호반아트리움,"=GOOGLETRANSLATE(A432, ""ko"", ""ja"")"
경기 과천시 사기막길 71-7,"=GOOGLETRANSLATE(A433, ""ko"", ""ja"")"
"호반아트리움은 2025년에 경기도 과천시로 이전 및 개관한 문화예술 플랫폼이다. ‘아트리움’은 고대 로마 건축에서 유래된 중앙 정원을 의미하는 건축 용어로, 호반아트리움은 ‘함께 경험하는 예술’을 지향한다. 정적인 미술관의 형태를 넘어, 관람자가 직접 체험하는 예술을 강조한다. 또한, 전시와 공연을 비롯해 일상의 변화를 위한 다양한 클래스와 오감을 활용한 어린이 교육 프로그램까지 다채로운 문화 예술 활동을 제공한다. 호반아트리움은 지역 사회와 예술계를 연결하는 중심지로, 방문객들에게는 친근하고 오래 머물고 싶은 공간으로 자리 잡았다. 지역 사회에 문화적 풍요로움을 더하고 시민들에게는 더욱 혁신적이고 다양한 경험을 제공하는 미술관으로 거듭나고 있다.","=GOOGLETRANSLATE(A434, ""ko"", ""ja"")"
"성인 - 9000원 / 청소년,어린이,유아 - 7000원 ※ 이용요금은 변동될 수 있으므로 홈페이지 참조 또는 전화 문의 요망","=GOOGLETRANSLATE(A435, ""ko"", ""ja"")"
02-6337-7300,"=GOOGLETRANSLATE(A436, ""ko"", ""ja"")"
경기 남양주 조안 (슬로시티),"=GOOGLETRANSLATE(A437, ""ko"", ""ja"")"
남양주 경기 남양주 조안 슬로시티,"=GOOGLETRANSLATE(A438, ""ko"", ""ja"")"
경기 남양주시 조안면 북한강로 413,"=GOOGLETRANSLATE(A439, ""ko"", ""ja"")"
"‘새가 편안히 깃든다’ 하여 이름 붙여진 조안은 2010년 11월 수도권 최초로 지정된 슬로시티이다. 팔당에서 양평과 대성리로 이어지는 남한강변에 자전거 길이 있다. 또한, 운길산역에서 시작해 마진 산성, 수종사, 송촌 독립공원을 지나 슬로시티 문화관을 돌아볼 수 있는 슬로시티 길이 있다. 이 길은 행정안전부가 친환경 생활공간 녹색길 조성 사업에 공모돼 전국 40여 개 대상지 중 선정된 곳이다. 전원마을, 장수마을, 연꽃마을, 전원일기 마을 등 꾸미지 않은 아름다운 이름을 가진 12개의 마을로 구성되어 있으며, 조안면의 특산품으로는 먹골배와 유기농업으로 재배된 유기농 쌈채, 딸기 그리고 볏짚과 싸리로 만든 공예품이 있다.","=GOOGLETRANSLATE(A440, ""ko"", ""ja"")"
031-521-5686,"=GOOGLETRANSLATE(A441, ""ko"", ""ja"")"
수원 수원화성박물관,"=GOOGLETRANSLATE(A442, ""ko"", ""ja"")"
"수원 화성 박물관은 화성의 역사와 문화를 총체적으로 보여줄 수 있으며, 화성을 찾는 방문객에게 더 효과적이고 체계적인 안내와 정조시대 문화 융성의 모습, 더불어 화성의 우수성을 알려주는 전문 박물관이다. 수원시는 우리 민족 문화유산의 자랑인 유네스코 세계문화유산 수원 화성과 조선 후기 우리 문화의 우수성을 알리고 지역의 문화와 예술이 살아 숨 쉬는 공간을 만들고자 수원 화성 박물관을 건립하였다. 화성은 18세기 전 세계 군사 건축물의 모범이자 조선시대 성곽 문화의 꽃으로 평가받고 있으며, 단순한 성곽이 아닌 도시 전체이기도 하다. 화성 박물관은 수원 신도시 건설과 화성을 축성한 정조의 사상과 정신을 포함하여 화성 축성에 참여한 인물, 화성에 주둔했던 장용영 군사, 그리고 정조의 8일간의 화성 행차를 통해 각종 문화행사를 모형과 유물을 통하여 전시하고 있다.","=GOOGLETRANSLATE(A443, ""ko"", ""ja"")"
"[개별입장권(수원화성박물관)]개인 - 어른 2,000원 / 청소년 및 군인 1,000원단체(20인 이상) - 어른 1,000원 / 청소년 및 군인 500원어린이·노인(12세 이하 및 65세 이상) - 무료※ 어른(19세 이상 64세 이하), 청소년(13세 이상 18세 이하), 군인(제복을 입은 하사 이하의 군인, 전투·의무경찰, 공익요원)[4종 통합관람권]개인 - 어른 3,500원 / 청소년 및 군인 2,000원 / 어린이·노인 800원단체(20인 이상) - 어른 2,000원 / 청소년 및 군인 1,200원 / 어린이·노인 600원※ 4종 : 수원화성, 화성행궁, 수원박물관, 수원화성박물관","=GOOGLETRANSLATE(A444, ""ko"", ""ja"")"
031-228-4242,"=GOOGLETRANSLATE(A445, ""ko"", ""ja"")"
보름산미술관,"=GOOGLETRANSLATE(A446, ""ko"", ""ja"")"
김포 보름산미술관,"=GOOGLETRANSLATE(A447, ""ko"", ""ja"")"
경기도 김포시 고촌읍 수기로 100-78,"=GOOGLETRANSLATE(A448, ""ko"", ""ja"")"
"보름산미술관은 고촌 보름산 자락에 자리 잡은 지역문화공간이다. 미술 작품 뿐만 아니라 목가구와 석물 그리고 옛 기와 등 소장품을 감상할 수 있다. 차를 마시고 책을 읽을 수도 있으며 작은 음악회를 만날 수도 있다. 가족 중심의 생활 친화적, 자연 친화적 미술관의 역할을 강조하며 지역 주민들과 미술관의 인프라를 나누는 커뮤니티 형성에 힘쓰고 있다.","=GOOGLETRANSLATE(A449, ""ko"", ""ja"")"
031-985-0005,"=GOOGLETRANSLATE(A450, ""ko"", ""ja"")"
안산문화예술의전당,"=GOOGLETRANSLATE(A451, ""ko"", ""ja"")"
안산 안산문화예술의전당,"=GOOGLETRANSLATE(A452, ""ko"", ""ja"")"
"안산문화예술의전당은 안산을 대표하는 문화공간으로, 지하철 4호선 고잔역 1번 출구 바로 맞은편에 있다. 안산문화예술의전당은 해돋이극장, 달맞이극장, 별무리극장 등 3개의 공연장과 1개의 국제회의장이 있으며, 4개의 전시실을 갖춘 복합문화 예술공간이다. 해돋이극장은 대규모 다목적 공연장으로 승강무대와 회전무대, 오케스트라 피트 등이 갖추어져 있어 각종 콘서트와 오페라, 발레, 뮤지컬 등 다양한 실내 공연이 개최되는 곳이다. 달맞이 극장은 중극장으로 승강무대와 영사 시설을 갖추고 있어 연극이나 무용 발표회, 실내악 공연과 독주회, 영화 상영 등의 목적으로 이용되고 있다. 별무리극장은 가변식 무대와 좌석을 갖춘 소극장이며 소규모 연극이나 국악 공연, 전위 연극 등의 공연을 개최하고 있다. 공연동 앞뜰에 마련된 야외공연장은 약 1,000석의 계단식 좌석을 갖추고 있으며 각종 마당놀이와 대중음악 등의 공연과 영화 상영 등 다양한 야외 공연이 이곳에서 열리며, 기획전시실에서는 회화나 서예, 조각품, 사진전, 조형예술 등의 전시회가 개최된다. 안산문화예술의전당 내에는 베이커리 카페도 두 곳이나 있어 공연 전이나 후에 편하게 이용할 수 있다.","=GOOGLETRANSLATE(A453, ""ko"", ""ja"")"
031-481-4000,"=GOOGLETRANSLATE(A454, ""ko"", ""ja"")"
고양문화원,"=GOOGLETRANSLATE(A455, ""ko"", ""ja"")"
고양 고양문화원,"=GOOGLETRANSLATE(A456, ""ko"", ""ja"")"
경기도 고양시 일산서구 한류월드로 280,"=GOOGLETRANSLATE(A457, ""ko"", ""ja"")"
"고양문화원은 1984년 개원하여 고양의 역사 문화 보존, 발굴, 육성, 보급 등 고양시의 전통문화 창달에 앞장서고 있다. 고양문화원은 전통문화 상설 공연과 문화 예술마당(강좌)을 진행하는 등 고양시의 문화지킴이 역할을 하고 있다. 또한 디지털 도서관도 운영 중이며 전통혼례 진행도 가능하다.","=GOOGLETRANSLATE(A458, ""ko"", ""ja"")"
"가곡교실: 150,000(3개월) 가야금산조: 140,000(3개월) 경기민요: 100,000원(3개월) 등","=GOOGLETRANSLATE(A459, ""ko"", ""ja"")"
031-963-0600,"=GOOGLETRANSLATE(A460, ""ko"", ""ja"")"
안산 경기도미술관,"=GOOGLETRANSLATE(A461, ""ko"", ""ja"")"
"경기도미술관은 국내외 작가의 전시, 미술품 수집을 비롯해 연구, 교육, 홍보사업 등 프로그램을 운영하면서 다양한 문화 서비스를 제공한다. 특히 전문성과 예술성, 지역성과 세계성이 조화를 이루는 다양한 기획 전시를 통해 미술 문화의 명소로 자리 잡고 있다. 공원 내 생태 호수를 배경으로 한 미술관 건물은 전면을 유리로 시공해 맑고 쾌적한 느낌을 주는 한편, 다양한 기획전이 이루어지는 높은 층고의 전시실을 중심으로 현대미술관의 역할을 다하고 있다. 경기도 미술관에서는 누구나 쉽게 일상에서 문화예술을 접할 수 있도록 매월 마지막 주에 [문화가 있는 날]을 운영하는데 경기도 미술관의 큐레이터들이 직접 전시, 작품, 아카이브, 건축 등 매월 새롭고 다양한 주제를 가지고 이야기를 들려준다. 이를 통해 더욱 편안하고 즐겁게 예술을 즐길 수 있으며, 미술전문가가 아닌 일반인과 아이들까지 누구나 예술 작품을 감상하고 즐길 수 있는 미술관으로 호평받고 있다.","=GOOGLETRANSLATE(A462, ""ko"", ""ja"")"
무료 ※ 전시 및 체험프로그램에 따라 비용발생 가능,"=GOOGLETRANSLATE(A463, ""ko"", ""ja"")"
031-481-7007,"=GOOGLETRANSLATE(A464, ""ko"", ""ja"")"
안산문화원,"=GOOGLETRANSLATE(A465, ""ko"", ""ja"")"
안산 안산문화원,"=GOOGLETRANSLATE(A466, ""ko"", ""ja"")"
경기도 안산시 상록구 석호로 144,"=GOOGLETRANSLATE(A467, ""ko"", ""ja"")"
"안산문화원은 안산시 상록구 사동에 있는 지역문화 예술진흥기관이다. 안산문화원은 전국 시범 문화원이 되고, 지방문화원진흥법에 의해 특별 법인으로 안산문화원 설립 허가를 받으면서 단순한 역사 문화에 대한 발굴뿐만 아니라 실제적인 계승과 교육에 앞장서게 되었다. 1991년부터 시작된 관내 향토 유물 수집 사업으로 2천 여 점에 이르는 유물을 수집하였고, 이를 토대로 원사 내 1층 향토사박물관을 설립하여 많은 시민이 안산의 역사를 한눈에 볼 수 있도록 하였다. 야외 전시장에는 안산지역의 전통 초가, 연자방앗간, 물레방앗간 등을 재현·전시하여 휴식의 공간이자 동시에 아이들에게는 전통문화 체험 공간으로 어른들에게는 문화적 향수를 충족시킬 수 있는 문화공간을 제공하고 있다.","=GOOGLETRANSLATE(A468, ""ko"", ""ja"")"
"강의료: 12,000원~30,000원 (월) *안산향토사박물관 입장료: 무료","=GOOGLETRANSLATE(A469, ""ko"", ""ja"")"
안성문화원,"=GOOGLETRANSLATE(A470, ""ko"", ""ja"")"
안성 안성문화원,"=GOOGLETRANSLATE(A471, ""ko"", ""ja"")"
경기도 안성시 보개면 종합운동장로 203,"=GOOGLETRANSLATE(A472, ""ko"", ""ja"")"
"안성문화원은 선열로부터 내려오는 4.1 만세 항쟁의 애국 애족 정신과 남사당놀이의 예향 정신, 안성 유기의 장인 정신을 바탕으로 안성지역과 안성 시민의 특성을 살릴 수 있도록 문화적인 혁신과 개혁을 하고자 건립하였다. 또한 문화재 보호와 유적 답사 등 우리 고유의 문화를 보존하고 계발하고 발전시켜 후손들에게 선조들의 생활상과 문화상을 알리고자 노력하고 있다. 안성문화 홍보 및 다양한 행사를 주관하고 있는데 주요 행사로는 전통민요경창대회, 전국국악경연 대회, 바우덕이 축제, 청소년을 위한 충, 효, 도 캠프 등이 있다. 다양한 자원봉사 활동을 통해 지역의 어려운 분들을 돕고 지역 활성화에 힘쓰고 있다.","=GOOGLETRANSLATE(A473, ""ko"", ""ja"")"
"[대강당 대관] 오전(09:00~12:00) 30,000원 오후(13:00~17:00) 40,000원 야간(18:00~22:00) 40,000원 [회의실 대관] 오전(09:00~12:00) 10,000원 오후(13:00~17:00) 15,000원 야간(18:00~22:00) 15,000원 [전시실 대관] 09:00~17:00 10,000원 *대관시 시간별 초과 사용료 있음 [부속시설 사용료] 피아노/마이크/냉난방(시간당) 5,000원 핀조명 10,000원 종합 조명 20,000원","=GOOGLETRANSLATE(A474, ""ko"", ""ja"")"
031-673-2625,"=GOOGLETRANSLATE(A475, ""ko"", ""ja"")"
안양문화원,"=GOOGLETRANSLATE(A476, ""ko"", ""ja"")"
안양 안양문화원,"=GOOGLETRANSLATE(A477, ""ko"", ""ja"")"
경기도 안양시 만안구 현충로 53,"=GOOGLETRANSLATE(A478, ""ko"", ""ja"")"
"안양문화원은 대통령령으로 제정된 지방문화원진흥법시행령에 의해 설립된 공입법인단체이다. 1950년대부터 전통문화 수호와 지역문화 진흥을 위한 자생단체로 계몽활동을 했다. 안양의 향토문화 역사, 지역문화를 계승시키고 발전시키기 위해 1970년 1월 10일에 설립했다. 향토사료 발굴 및 보존 사업과 지방문화 축제 및 지역 간 문화콘텐츠 교류사업, 문화교육사업 및 생활문화예술 활성화 사업을 전개해 나가고 있다.","=GOOGLETRANSLATE(A479, ""ko"", ""ja"")"
강좌마다 다름,"=GOOGLETRANSLATE(A480, ""ko"", ""ja"")"
031-449-4451,"=GOOGLETRANSLATE(A481, ""ko"", ""ja"")"
설미재미술관,"=GOOGLETRANSLATE(A482, ""ko"", ""ja"")"
경기도 가평군 설악면 유명로 1454-38,"=GOOGLETRANSLATE(A483, ""ko"", ""ja"")"
"설미재미술관은 천혜의 자연향기가 가득한 문화 예술 공간이다. 가평지역사회의 문화 교육과 작가 초대전 및 교류전을 기획하면서 한국 현대미술의 한 축을 담당하고 있으며, 가평 지역 문화 발전을 위해 매년 공모를 거쳐 가평의 작가를 초빙해 기획전을 개최하고 있다. 추경 관장이 2007년 서울 생활을 마치고 가평군 설악면에 작업실을 만든 것이 시초이며 가평군민들의 문화적 소양을 함양시켜주는 것뿐만 아니라 젊은 미술 작가들을 육성하고 가평지역 학생들에게 창의적인 미술교육을 실행하고자 설립하였다. 설미재 미술관의 1층 전시실은 35평이며, 주로 기획전이 개최된다. 조형 연구소에서는 세미나가 주로 진행되며, 창작 스튜디오 3개 실을 통하여 신진 작가들을 육성하는 동시에 공동체를 이루고 활성화하고 있다. 또한 야외 체험학습실이 갖추어져있어 가평의 학생들에게 체험교육 프로그램을 제공하고 있다. 이 외에도 전시회, 프로젝트, 미술교육 등을 통하여 미술의 발전을 위하여 노력하고 있다.","=GOOGLETRANSLATE(A484, ""ko"", ""ja"")"
"성인 3,000원 아동 2,000원 단체 2,500원[미술 체험 프로그램] 소요시간 120분 / 강습료 3만 원 대상 : 학생 및 일반(가족)","=GOOGLETRANSLATE(A485, ""ko"", ""ja"")"
031-585-6276,"=GOOGLETRANSLATE(A486, ""ko"", ""ja"")"
양주문화원,"=GOOGLETRANSLATE(A487, ""ko"", ""ja"")"
양주 양주문화원,"=GOOGLETRANSLATE(A488, ""ko"", ""ja"")"
경기도 양주시 광적면 삼일로29번길 20,"=GOOGLETRANSLATE(A489, ""ko"", ""ja"")"
"경기도청 북부청사 부근에 위치한 양주문화원은 양주의 향토문화 역사, 지역문화를 계승시키고 발전시키기 위한 곳으로 향토사료 발굴·보존사업과 창의적인 지방문화 축제, 지역 간 문화콘텐츠 교류사업, 문화교육사업 및 생활문화예술 활성화 사업을 전개해 나가고 있다. 1961년 지방문화원진흥법에 따라 설립되어 양주시 동두천읍에서 개원한 양주문화원은 1987년 동두천읍이 시로 승격되면서 양주시 관할에서 벗어나게 되자 1988년 현재 위치로 신축 이전하였다. 문화원은 강의실, 다목적실 등의 시설을 갖추고 있으며, 다양한 문화행사와 교육프로그램을 운영하고 있다. 송추IC에서 차량으로 약 30분 소요된다. 인근에 장흥유원지, 가나아트파크, 두리랜드, 장욱진시립미술관, 필룩스조명박물관, 회암사지, 북한산국립공원, 국립아세안자연휴양림 등이 있다.","=GOOGLETRANSLATE(A490, ""ko"", ""ja"")"
031-836-6467,"=GOOGLETRANSLATE(A491, ""ko"", ""ja"")"
기흥성뮤지엄,"=GOOGLETRANSLATE(A492, ""ko"", ""ja"")"
양평 기흥성뮤지엄,"=GOOGLETRANSLATE(A493, ""ko"", ""ja"")"
경기도 양평군 강하면 강남로 267,"=GOOGLETRANSLATE(A494, ""ko"", ""ja"")"
"강하예술공원 근처에 있는 기흥성뮤지엄은 설립자 기흥성 선생께서 50년간 제작한 1,000점의 모형 작품을 전시하고 있는 박물관이다. 국내 유일의 모형 전문 박물관이다. 기흥성 선생은 건축모형의 거장으로 현대건축과 산업모형 등 모형 건축물 제작과 박물관, 전시관 등 전시기획 전문가이다. 지하 1층과 2층 2개 층에 건축, 토목, 자동차, 공장시설, 항공, 선박 등 다양한 모형을 전시하고 있다. 지하 1층의 제1전시장에서는 삼국시대부터 조선시대까지 한국 전통 고건축 모형 작품을 감상할 수 있다. 기흥성 선생께서 전문가들과 협업하여 철저한 고증을 거쳐 사실에 입각해 축소 재현하였다. 2층의 제2전시장은 기흥성 선생께서 직접 참여한 건설, 건축, 도시개발 등 60년대부터 현대에 이르기까지 근현대 건축 모형물과 백안관, 브루즈 할리파 등 해외의 유명 건축모형물을 전시하고 있다. 관람료는 무료이며, 1층의 카페에서 음료를 마실 수 있다. 뮤지엄 뒤편 야외 수변 공원에는 남한강의 아름다운 경치를 감상할 수 있도록 산책로, 조형물, 전망데크 등이 마련되어 있다.","=GOOGLETRANSLATE(A495, ""ko"", ""ja"")"
070-7789-2188,"=GOOGLETRANSLATE(A496, ""ko"", ""ja"")"
양주소놀이굿공연장,"=GOOGLETRANSLATE(A497, ""ko"", ""ja"")"
양주 양주소놀이굿공연장,"=GOOGLETRANSLATE(A498, ""ko"", ""ja"")"
경기도 양주시 백석읍 중앙로93번길 70-21,"=GOOGLETRANSLATE(A499, ""ko"", ""ja"")"
"양주 소놀이굿은 국가무형문화재 제70호로 양주소놀이굿전수회관은 문화의 보존과 전승 차원에서 문화재관리국의 지원을 받고 건립된 공연장이다. 소놀이굿은 우마 숭배와 농경의례인 소먹이놀이에서 기원한 것으로, 풍년을 기원하는 하나의 연희이다. 정기공연은 매년 1회 이곳에서 개최해 시민들에게 기량을 선보인다. 건물은 198.3㎡ 규모로 양주 소놀이굿보존회 사무실과 회의실, 연습실, 물품 보관실 등이 갖춰져 있다. 앞쪽으로 야외놀이마당이, 뒤쪽으로는 주차장이 있다. 회원들이 주로 쓰는 공간으로 시민들에게는 공연 당일 개방된다.","=GOOGLETRANSLATE(A500, ""ko"", ""ja"")"
031-879-5969,"=GOOGLETRANSLATE(A501, ""ko"", ""ja"")"
여주문화원,"=GOOGLETRANSLATE(A502, ""ko"", ""ja"")"
경기도 여주시 신륵사길 6-6,"=GOOGLETRANSLATE(A503, ""ko"", ""ja"")"
"경기 여주시 여흥로에 있는 지역 문화 예술 진흥 기관으로 비영리 문화 예술 기관이다. 여주문화원은 여주의 향토문화 역사, 지역문화를 계승시키고 발전시키기 위한 곳으로 향토사료를 발굴 및 보존하고 지역문화 행사, 문화교육 활동, 생활문화예술 활성화 사업을 전개해 나가고 있다. 1970년 지방문화원진흥법에 따라 설립되어 개원한 여주문화원은 2012년 현재 위치로 이전하였다. 문화원은 향토전시관과 강의실, 회의실, 자료실, 극장 등의 시설을 갖추고 있으며, 청소년 문화학교 및 교양 강좌 등의 교육사업을 운영하고, 축제 및 각종 기념행사를 진행하고 있다. 또한, 지역의 고유 문화의 계발, 연구, 조사 및 지역 문화 행사의 개최, 활발한 국내·외 교류 등을 통해 지역 주민들의 문화 생활의 질을 높이고, 수준 높은 문화 예술을 보급하며, 지역 문화의 창달에 이바지하기 위하여 설립되었다.&nbsp;경강선 여주역에서 차량으로 약 9분 소요된다. 신륵사와 인접해 있으며, 인근에 세종대왕 영릉, 효종대왕 영릉, 여주프리미엄아울렛, 파사성, 목아박물관, 여주곤충박물관, 황포돛배 등이 있다.","=GOOGLETRANSLATE(A504, ""ko"", ""ja"")"
031-883-3450,"=GOOGLETRANSLATE(A505, ""ko"", ""ja"")"
한향림옹기박물관,"=GOOGLETRANSLATE(A506, ""ko"", ""ja"")"
경기도 파주시 탄현면 헤이리마을길 96-43,"=GOOGLETRANSLATE(A507, ""ko"", ""ja"")"
"&nbsp;향림옹기박물관은 한국옹기의 과학적 우수성과 아름다운 조형미를 국내외에 알리고자 20여 년의 수집기간을 거쳐 2004년부터 헤이리예술마을에 터를 잡고 옹기전시관과 갤러리로 개관하였다. 이후 다양한 용도의 중요 옹기들을 보강, 수집, 정리하여 2009년에 박물관으로 정식등록하여(경기도 등록 제09-박-08호) 우리나라를 대표하는 옹기박물관이 되었다. 또한, 2005년에 경력인증대상기관으로 등록하여 박물관에 필요한 학예전문인력을 교육시켜 정학예사를 배출하는 교육박물관으로 거듭나고 있다. 향림옹기박물관은 한국 고유의 소박한 아름다움을 품고 있는 소장 유물인 옹기를 통해 우리가 살고 있는 현재에서 과거의 실생활을 이해하여 새롭게 미래 지향적인 창조적 사고를 갖게 하는 중요한 문화 예술 공간으로 거듭나고자 한다. 역사를 배우고 이해하는 교육의 장소와 체험하고 즐기는 창조적인 열린 문화 공간으로 변화하여 전통문화유산의 가치를 널리 알리고자 한다. 전시실에서는 각 지역마다 다르게 생긴 다양하고 아름다운 우리 옹기를 감상할 수 있는 공간으로, 조선 시대 후기에서부터 1950년 이전까지 실생활에서 사용된 옹기 소품 및 시신을 넣어 관으로 사용한 옹관, 높이 1m 30cm가 넘는 대형 빗물항아리, 굴뚝과 연가 등의 대형 옹기를 감상할 수 있다.옹기는 한민족만이 가지고 있는 고유의 독자적인 문화로 주로 발효식품 및 곡물 등의 저장용기로 사용되어 왔다. 귀족적 성격의 청자나 백자들과는 달리 서민들의 생활 속에 밀착되어 조선시대에 빠르게 발전되었다. 이러한 옹기는 식품을 오래 저장할 수 있는 장점을 가지고 있는데, 이는 흙 속에 모래 알갱이가 수없이 함유되어 공기를 빨아들이기도 하고 내부의 습기를 내보내기도 하여 옹기를 숨 쉬는 그릇이라고도 한다. 또한, 가마 안에서 구울 때 생긴 검은 연기가 옹기 흙 속에 박혀 방부제 구실을 하기도 한다. 1960년대 말부터 플라스틱, 스테인리스 등의 등장과 주거 공간, 식생활의 변화로 옹기 문화는 점차 쇠퇴 하여가고 있다. 한향림 옹기박물관에서는 조선후기부터 1950년대 이전까지 제작, 사용된 조선시대 질그릇인 옹기를 수집ㆍ전시함으로써 사라져 가는 우리 옹기의 쓰임새와 아름다움을 현대적 시각으로 재조명하고자 한다.","=GOOGLETRANSLATE(A508, ""ko"", ""ja"")"
070-4161-7271,"=GOOGLETRANSLATE(A509, ""ko"", ""ja"")"
전곡선사박물관은 동아시아 최초의 아슐리안형 주먹도끼 발견으로 세계 구석기 연구의 역사를 다시 쓰게 만들었던 역사적 현장인 전곡리 구석기유적에 건립된 유적박물관이다. 전곡리 구석기유적지에서 출토된 아슐리안형 주먹도끼등의 구석기 유물들을 중심으로 인류의 진화와 구석기시대 문화를 체계적으로 이해할 수 있도록 다양한 주제의 유물들로 전시공간을 구성하였다.,"=GOOGLETRANSLATE(A510, ""ko"", ""ja"")"
031-830-5600,"=GOOGLETRANSLATE(A511, ""ko"", ""ja"")"
연천문화원,"=GOOGLETRANSLATE(A512, ""ko"", ""ja"")"
경기도 연천군 연천읍 문화로 143,"=GOOGLETRANSLATE(A513, ""ko"", ""ja"")"
"연천문화원은 연천의 향토문화 역사, 지역문화를 계승하고 발전시키기 위한 곳으로 향토사료를 발굴 및 보존하고 지방문화 축제, 문화교육, 생활문화예술 활성화 사업을 전개해 나가는 공간이다. 1987년 지방문화원진흥법에 따라 설립되어 개원한 연천문화원은 1999년 현재 위치로 신축 이전하였다. 문화원은 향토전시관과 강의실, 회의실, 도서관∙자료실, 강당∙극장, 전시실 등의 시설을 갖추고 있으며, 다양한 문화행사와 교육프로그램을 운영하고 있다. 1호선 연천역에서 차량으로 약 3분, 연천공영터미널에서 약 1분 및 도보 9분(595m) 소요된다. 인근에 고대산자연휴양림, 한탄강유원지, 한탄강관광지 오토캠핑장, 연천전곡리유적, 전곡선사박물관, 재인폭포, 포천신북리조트스프링폴온천, 포천허브아일랜드 등이 있다.","=GOOGLETRANSLATE(A514, ""ko"", ""ja"")"
031-834-2350,"=GOOGLETRANSLATE(A515, ""ko"", ""ja"")"
오산시립미술관,"=GOOGLETRANSLATE(A516, ""ko"", ""ja"")"
경기도 오산시 현충로 100,"=GOOGLETRANSLATE(A517, ""ko"", ""ja"")"
"오산시립미술관은 2012년에 개관하였고, 개관 당시에는 ‘문화공장 오산’이라는 명칭의 문화전시공간이었다. 2017년 경기도로부터 정식 승인을 받은 후 ‘오산시립미술관’으로 바뀌었다. 지하 1층부터 지상 4층으로 건물이 구성되어 있으며, 정식 미술관으로 등록된 뒤로 수준 높은 전시뿐만 아니라 공공미술관으로 다양한 역할을 수행하고 있다. 어린이 체험 프로그램을 운영하고 있다.","=GOOGLETRANSLATE(A518, ""ko"", ""ja"")"
무료 (특별전은 유료),"=GOOGLETRANSLATE(A519, ""ko"", ""ja"")"
031-379-9990,"=GOOGLETRANSLATE(A520, ""ko"", ""ja"")"
부천 부천시립박물관,"=GOOGLETRANSLATE(A521, ""ko"", ""ja"")"
경기 부천시 소사로 638,"=GOOGLETRANSLATE(A522, ""ko"", ""ja"")"
"2003년에 개관한 교육을 테마로 설립된 재 1종 전문박물관부천시립박물관은 삼국시대부터 현대에 이르기까지 대한민국 교육의 변천사를 살펴볼 수 있는 교육전시실, 수백 년 동안 사랑받아 온 유럽문화의 정수인 유럽자기전시실, 억겁의 시간 동안 자연이 빚어낸 작품인 수석전시실, 점말 옹기터의 역사를 되돌아볼 수 있는 옹기전시실과 부천 지역에서 출토된 유물이 있는 부천향토역사관으로 이루어져 있다. 문화도시 부천을 대표하는 종합박물관으로서 과거와 현재, 동양과 서양을 아우르는 다양한 소장품을 살펴볼 수 있다. 현 민경남 관장님이 기증한 교육자료 4,700여 점을 기반으로 설립하였으며, 서당교육에서부터 일제강점기 민족교육을 거쳐 7차 교육과정까지 시대별 교육자료를 통해 우리나라 교육변천사를 한눈에 볼 수 있도록 전시하고 있다.","=GOOGLETRANSLATE(A523, ""ko"", ""ja"")"
032-661-1282,"=GOOGLETRANSLATE(A524, ""ko"", ""ja"")"
한국미술관,"=GOOGLETRANSLATE(A525, ""ko"", ""ja"")"
평택 한국미술관,"=GOOGLETRANSLATE(A526, ""ko"", ""ja"")"
경기도 용인시 기흥구 마북로 244-2,"=GOOGLETRANSLATE(A527, ""ko"", ""ja"")"
"칼빈대학교 부근에 있는 한국미술관은 김윤순(1931~2017)이 설립한 전문 사립미술관이다. 이곳에서는 현대 미술작품을 전시하고 한국미술 아카데미를 운영한다. 부지면적 2,281㎡의 미술관은 본관 2층, 신관 1층 규모의 건물에 총 5개의 전시실과 강의실, 체험학습실, 카페테리아와 아트숍, 야외전시장으로 구성되어 있다. 상설 전시 외에 의욕적이고 특색있는 기획전을 정기적으로 개최하고 있다. 소장품은 약 140여점으로 박생광·권진규·이우환·이상범의 회화, 크리스토·로버트 라우젠버그의 모노크룸, 라우젠버그의 판화, 이상현의 설치, 조선시대 민화, 윤광종의 도예, 이신자의 타피스트리, 이종각의 조각, 곽덕준의 사진, 김응현의 서예, 김승희의 공예 등이 있다. 마북IC에서 차량으로 약 1분, 수인분당선 구성역에서 약 8분 소요되며 역에서 한 번에 가는 버스가 있다. 인근에 경기도박물관, 경기도어린이박물관, 한국민속촌, 에버랜드 등이 있다.","=GOOGLETRANSLATE(A528, ""ko"", ""ja"")"
"어른 3,000원 / 중고생 2,000원 / 6세부터 초등생 1,000원 ※ 단체(20명이상시) 10%할인 ※ 무료 : 65세 이상노인, 장애인 및 국가유공자","=GOOGLETRANSLATE(A529, ""ko"", ""ja"")"
031-283-6418,"=GOOGLETRANSLATE(A530, ""ko"", ""ja"")"
호암미술관,"=GOOGLETRANSLATE(A531, ""ko"", ""ja"")"
평택 호암미술관,"=GOOGLETRANSLATE(A532, ""ko"", ""ja"")"
경기도 용인시 처인구 포곡읍 에버랜드로562번길 38,"=GOOGLETRANSLATE(A533, ""ko"", ""ja"")"
"우리나라 최초의 사립미술관인 호암미술관은 삼성그룹의 창업주인 故 호암(湖巖) 이병철 선생이 30여 년에 걸쳐 수집한 한국미술품 1천2백여 점을 바탕으로 1982년 4월 22일에 개관하였다. 호암미술관은 전통한옥 형태의 본관 건물과 2만여 평에 이르는 『한국 전통정원 희원 (熙園)』, 프랑스 근대 조각의 거장 부르델의 대형 조각 작품들이 전시되어 있는 『부르델 정원』및 호수 주변의 『수변광장』과 『석인의 길』로 이루어져 있다. 희원 속에는 여유롭게 한 잔의 차를 즐길 수 있는 찻집이 있으며 미술관 2층에는 라운지가 있어 전시 관람 후 휴식을 취하며 희원을 한눈에 감상할 수 있다. 또한, 미술관 주차장에는 관람객의 편의를 위하여 매점, 기념품점 등 편의시설이 마련되어 있다.","=GOOGLETRANSLATE(A534, ""ko"", ""ja"")"
"일반 14,000원※자세한 사항은 홈페이지 참조","=GOOGLETRANSLATE(A535, ""ko"", ""ja"")"
031-320-1801,"=GOOGLETRANSLATE(A536, ""ko"", ""ja"")"
죽전야외음악당,"=GOOGLETRANSLATE(A537, ""ko"", ""ja"")"
평택 죽전야외음악당,"=GOOGLETRANSLATE(A538, ""ko"", ""ja"")"
경기도 용인시 수지구 죽전로168번길 9,"=GOOGLETRANSLATE(A539, ""ko"", ""ja"")"
"단국대학교 죽전캠퍼스 부근에 위치한 죽전야외음악당은 용인 시민의 여가와 문화생활 증진을 위해 2005년 11월 개관하였다. 2011년 출범한 용인문화재단이 운영하고 있다. 지상 4층, 지하 1층 규모로 건립된 죽전야외음악당은 공연장과 연습실의 시설을 갖추고 있다. 반원형 천장과 이와 연결된 금속 구조물 아래쪽에 158㎡ 규모의 무대와 680석의 층계식 객석을 배치하였고 뒤에 펼쳐진 잔디 객석은 자연스럽게 작은 숲속으로 연결되어 있어 야간 공연 시 인공조명과 자연의 숲이 어우러져 공연의 분위기를 고조시켜 준다. 죽전 주거단지 내 숲속에 자리하고 있어 자연 친화적인 문화공간으로의 특징을 갖고 있는 죽전야외음악당에서는 시민들이 참여하는 각종 문화행사 및 영화 상영, 공연, 연주회 등이 수시로 개최된다. 판교IC에서 약 17분, 수인분당선 죽전역에서 차량으로 약 4분 소요된다. 인근에 에버랜드, 한국민속촌, 한국잡월드, 세계문화유산 융건릉, 물향기수목원, 용인농촌테마파크, 덕평공룡수목원 등이 있다.","=GOOGLETRANSLATE(A540, ""ko"", ""ja"")"
공연마다 상이함,"=GOOGLETRANSLATE(A541, ""ko"", ""ja"")"
031-325-8961,"=GOOGLETRANSLATE(A542, ""ko"", ""ja"")"
용인 포은아트홀,"=GOOGLETRANSLATE(A543, ""ko"", ""ja"")"
평택 용인 포은아트홀,"=GOOGLETRANSLATE(A544, ""ko"", ""ja"")"
경기도 용인시 수지구 포은대로 499,"=GOOGLETRANSLATE(A545, ""ko"", ""ja"")"
"용인아르피아종합운동장 부지 내에 있는 포은아트홀은 용인 시민의 여가와 문화생활 증진을 위해 2004년 4월 개관하였으며 용인문화재단이 운영하고 있다. 포은아트홀의 이름은 포은 정몽주 선생의 아호에서 따왔으며, 첨단 시설을 갖춘 세계적인 수준의 공연장이다. 총면적 13,826m², 무대 면적 1,109m², 객석 1,258석을 갖추고 있으며 공연 활동을 완벽하게 지원할 수 있는 환경과 편안하게 감상할 수 있는 객석, 휴식을 즐길 수 있는 시민들의 생활 속 쉼터이자 품격 있는 공연을 즐길 수 있는 문화체험장이다. 판교IC에서 차량으로 약 17분, 수인분당선 죽전역(단국대)에서 도보로 약 5분(345m) 소요된다. 인근에 에버랜드, 한국민속촌, 한국잡월드, 세계문화유산 융건릉, 물향기수목원, 용인농촌테마파크, 덕평공룡수목원 등이 있다.","=GOOGLETRANSLATE(A546, ""ko"", ""ja"")"
031-260-3355,"=GOOGLETRANSLATE(A547, ""ko"", ""ja"")"
용인문화원,"=GOOGLETRANSLATE(A548, ""ko"", ""ja"")"
평택 용인문화원,"=GOOGLETRANSLATE(A549, ""ko"", ""ja"")"
경기도 용인시 처인구 중부대로 1199,"=GOOGLETRANSLATE(A550, ""ko"", ""ja"")"
"용인시문화복지행정타운에 위치한 용인문화원은 용인의 향토문화 역사, 지역문화를 계승시키고 발전시키기 위한 곳으로 향토사료 발굴하고 문화교육, 지방문화 축제 및 문화예술 발전을 위한 사업을 전개해 나가고 있다.용인문화원은 비영리 특별법인 공인단체로 지역을 대표하는 문화기관이다. 일정한 시설과 규모를 갖추고 향토문화사업과 지방문화원을 건전하게 육성/발전시킴으로서 균형있는 지역문화진흥과 향토문화창달에 이바지함을 설립 목적으로 한 문화관광부 산하 법인단체이다. 1957년 지방문화원진흥법에 따라 설립되어 개원한 용인문화원은 2017년 현재 위치로 이전하였다. 문화원은 향토자료실, 강의실, 강당∙극장, 회의실, 자료실, 전시관 등의 시설을 갖추고 있으며, 다양한 문화행사와 교육프로그램을 운영하고 있다. 용인문화원은 향토문화의 전승, 발굴 창달선양사업, 향토사 발간사업, 지역의 특색을 개발한 향토축제의 토착화, 평생학습의 사회교육프로그램인 문화학교 운영, 향토문화고취사업, 문화예술창달사업등 다양한 문화사업으로 지역민의 문화적 향수와 욕구를 충족하고자 노력하고 있으며, 지역문화의 발판에서 구심점 역할을 수행하는 중요한 기관으로 이바지하고 있다.","=GOOGLETRANSLATE(A551, ""ko"", ""ja"")"
031-324-9600,"=GOOGLETRANSLATE(A552, ""ko"", ""ja"")"
단국대학교 석주선기념박물관,"=GOOGLETRANSLATE(A553, ""ko"", ""ja"")"
평택 단국대학교 석주선기념박물관,"=GOOGLETRANSLATE(A554, ""ko"", ""ja"")"
경기도 용인시 수지구 죽전로 152,"=GOOGLETRANSLATE(A555, ""ko"", ""ja"")"
"&nbsp;단국대학교 죽전캠퍼스에 있는 난사 석주선(1911~1996) 박사의 업적을 기리는 박물관이다. 1947년 개교와 더불어 설치되었던 사학과에서는 초창기부터 매년 정기 혹은 수시로 답사를 실시하여 많은 유물을 수집하였고, 이를 토대로 1961년 9월 1일, 고고실을 설치하였다. 이후 본교가 종합대학으로 승격한 직후인 1967년 11월 3일 대학 부설 중앙박물관으로 발족하였다. 1981년 5월 2일에는 한국복식사 분야의 권위자인 석주선 박사가 일생을 통해서 수집한 민속유물(복식류) 3,365점을 기증 받고 본교에서는 그의 고귀한 정신과 공로를 기리고, 민속유물의 연구 및 보존을 통하여 후진교육과 민족문화재 개발보존을 목적으로 석주선기념민속박물관을 개관하였다. 1999년 3월 26일 ''중앙박물관''과 ''석주선기념민속박물관''이 통합됨에 따라 ''석주선기념박물관''으로 개칭되어 오늘에 이르고 있다. 한국 복식사 분야의 개척자이자 민속학계의 권위자인 석주선 박사가 일생을 통해 수집한 전통복식 및 민속 유물 3,365점을 기증 하였다. 박물관은 크게 고고미술관과 민속복식관으로 나뉘어져 있으며 1층은 총 5개의 전시실이, 2층은 연구 및 자료실로 유물복원과 보존과학연구실, 컨벤션홀 등의 시설을 갖추고 있다. 총 4만여 점의 유물을 소장하고 있으며, 이 중 1,500여 점이 전시되고 있다. 특히 안중근 유묵(보물)과 덕온공주 당의 등 11건 100점의 유물이 중요민속문화재로 지정되어 있으며, 외교관 이범진이 주미공사로 활동을 기록한 [미사일록]이 국가등록문화재로 지정되기도 하였다. 수인분당선 죽전역에서 차량으로 약 8분 소요되며 역에서 캠퍼스까지 한 번에 오는 버스가 있다. 인근에 경기도박물관, 경기도어린이박물관, 한국민속촌 등이 있다.&nbsp;","=GOOGLETRANSLATE(A556, ""ko"", ""ja"")"
031-8005-2389,"=GOOGLETRANSLATE(A557, ""ko"", ""ja"")"
경기도국악당,"=GOOGLETRANSLATE(A558, ""ko"", ""ja"")"
평택 경기도국악당,"=GOOGLETRANSLATE(A559, ""ko"", ""ja"")"
"한국민속촌 부근에 있는 경기도국악당은 한국 전통예술을 널리 보급하여 국악 저변을 확대와 전통문화의 세계화를 실현하며, 도민과 외국인 관광객에게 다양한 전통문화를 보급하기 위해 2004년 7월 개관하였다. 1990년 경기도립극단 창단을 시작으로 2004년 경기도문화의전당으로 출범해 2020년 기관명을 변경한 경기아트센터의 소속 기관이다. 경기도국악당은 지상 2층, 지상 3층 건물로 건축되었다. 공연장은 470석(장애인석 6석 포함)의 객석을 보유하고 있으며, 부대시설로는 분장실, 합주실, 강습실, 악기 보관실, 의상 보관실, 휴게실, 스낵바, 어린이 놀이방 등이 있다. 수원신갈IC에서 차량으로 약 7분, 수인분당선 상갈역에서 약 6분 소요되며, 역에서 한번에 가는 버스가 있다. 인근에 에버랜드, 한국민속촌, 한국잡월드, 세계문화유산 융건릉, 물향기수목원, 용인농촌테마파크, 덕평공룡수목원 등이 있다.","=GOOGLETRANSLATE(A560, ""ko"", ""ja"")"
031-289-6400,"=GOOGLETRANSLATE(A561, ""ko"", ""ja"")"
문화예술원 마루홀,"=GOOGLETRANSLATE(A562, ""ko"", ""ja"")"
평택 문화예술원 마루홀,"=GOOGLETRANSLATE(A563, ""ko"", ""ja"")"
"용인문화복지행정타운 내에 있는 문화예술원 마루홀은 용인 시민의 여가와 문화생활 증진을 위해 2005년 개관하였다. 2011년 출범한 용인문화재단이 운영하고 있다. 문화예술원은 총면적 1,978m²의 지상 4층, 지하 1층 건물로 용인문화재단 및 산하 여러 단체가 입주해 있으며, 공연장, 전시실, 회의실, 용인 디지털정보도서관 등이 있다. 특히 290명(장애인 4석 포함) 수용가능한 소극장 마루홀과 180명을 수용할 수 있는 국제회의실 등의 시설을 갖추고 있는데, 특히 마루홀은 무대 면적 129.22m²로 공연장 내 반사음은 줄이고 잔향은 최대한 살리는 방향으로 음향효과를 극대화해 최상의 소리가 전달될 수 있도록 조성되었다. 아동극, 가족극 위주의 다양한 공연이 진행되고 있으며, 온 가족이 편안하게 드나들며 문화생활을 영유하는 공간으로 사랑받고 있다. 서용인IC에서 약 4분, 에버라인 시청∙용인대역에서 도보 9분(462m) 소요된다. 인근에 에버랜드, 한국민속촌, 한국잡월드, 세계문화유산 융건릉, 물향기수목원, 용인농촌테마파크, 덕평공룡수목원 등이 있다.","=GOOGLETRANSLATE(A564, ""ko"", ""ja"")"
031-323-6348,"=GOOGLETRANSLATE(A565, ""ko"", ""ja"")"
용인시박물관,"=GOOGLETRANSLATE(A566, ""ko"", ""ja"")"
평택 용인시박물관,"=GOOGLETRANSLATE(A567, ""ko"", ""ja"")"
경기도 용인시 기흥구 동백3로 79,"=GOOGLETRANSLATE(A568, ""ko"", ""ja"")"
"400여 점의 자료와 영상, 사진 등을 통해 용인시 역사를 한눈에 볼 수 있는 박물관으로, 용인의 대표적인 역사 문화 체험공간이다. 용인시 기흥구에 위치한 이곳은 2009년 11월, 용인 동백지구를 개발하면서 발견된 구석기 문화층을 보존하기 위해 ''''용인 문화 유적 전시관''''으로 개관했다가 2018년 3월, 현재의 이름으로 변경되었다. 동백동·중동 유적에서 출토된 구석기 시대 유물을 비롯하여 선사시대부터 현대까지 용인의 역사자료를 소개한 전시실과 용인지역 내 유구의 복원모형을 전시한 야외전시실 등으로 구성되어 있다. 그 외에도 다양한 체험물과 뉴미디어 시스템을 갖추어 놓은 역사체험실과 영상 체험실에선 어린이와 청소년들이 용인의 역사를 직접 보고 체험할 수 있다.","=GOOGLETRANSLATE(A569, ""ko"", ""ja"")"
박물관입장료 무료 / 체험비 별도,"=GOOGLETRANSLATE(A570, ""ko"", ""ja"")"
031-6193-4796,"=GOOGLETRANSLATE(A571, ""ko"", ""ja"")"
평택 한국등잔박물관,"=GOOGLETRANSLATE(A572, ""ko"", ""ja"")"
"포은 정몽주 묘소 맞은편에 있는 한국등잔박물관은 박물관장 김동휘가 50여 년간 수집한 등잔들이 전시되어 있는 사립박물관이다. 국내 유일의 등기구 박물관으로 선조들의 옛 생활상을 살펴볼 수 있어 개인뿐 아니라 학생들의 체험학습 공간으로 많이 찾는 곳이다. 수원화성 성곽을 모티브로 지은 원통형의 등대 모양 건물은 지하 1층, 지상 3층 규모로 1, 2층은 전시 공간으로 3층은 세미나 및 각종 공연을 위한 다목적 공간으로 구성되어 있다. 또 별관 전시장에는 농기구 전시실이 있고, 야외전시장인 연못과 자연석이 어우러진 아름다운 정원으로 가볍게 둘러보며 힐링하기 좋다. 상설전시실 1층에는 우리의 불그릇 등잔을 주제로 부엌, 찬방, 사랑방, 안방 등 공간별로 사용되었던 등잔의 종류와 용도를 옛 생활용품과 함께 전시되어 있으며, 2층은 일상을 지킨 빛과 예를 밝힌 빛을 주제로 시대별 등잔 양식과 특징을 한눈에 알아볼 수 있다. 또 1층 특별기획전시실에서는 [지역작가 조명전]을 개최해 경기도 내에서 왕성한 작품 활동을 펼치는 지역작가들을 소개하고 있다. 박물관에서는 다양한 어린이, 청소년, 성인을 대상으로 한 상설교육 프로그램과 특별교육 프로그램을 운영하고 있다. 초나 LED등, 도자 등잔 등을 만들어 볼 수 있어 특별한 추억을 선물한다. 포은 정몽주 묘소가 맞은 편에 있으므로 연계해 함께 방문하기 좋다. 마북IC에서 차량으로 약 17분 소요된다. 인근에 경기도박물관, 경기도어린이박물관, 백남준아트센터, 에버랜드, 한국민속촌, 세계문화유산 수원화성과 융건릉, 기흥호수공원, 덕평공룡수목원, 별빛정원우주, 한택식물원 등이 있다.","=GOOGLETRANSLATE(A573, ""ko"", ""ja"")"
031-334-0797,"=GOOGLETRANSLATE(A574, ""ko"", ""ja"")"
양주 조소앙기념관,"=GOOGLETRANSLATE(A575, ""ko"", ""ja"")"
"대표적인 독립운동가 조소앙 선생의 발자취를 만날 수 있는 곳독립운동가 조소앙 선생의 고귀한 생애를 확인할 수 있는 공간이며, 조국의 자주독립과 민주발전을 위해 희생한 선생의 독립정신과 민족정신을 되새길 수 있는 특별한 공간이다. 기념관 내부에는 조소앙 선생의 생애, 사상, 그리고 그가 기여한 독립운동의 역사적 배경을 설명하는 다양한 자료와 전시물이 마련되어 있다. 또한 기념관 주변은 아름다운 정원으로 조성되어 있어 방문객들이 자연 속에서 편안한 시간을 보낼 수 있다.&nbsp;기념관 내부에는 조소앙 본가, 생태연못, 추모공간, 잔디광장, 천연기념물로 지정된 양주황방리느티나무 등이 있다.","=GOOGLETRANSLATE(A576, ""ko"", ""ja"")"
031-859-2288,"=GOOGLETRANSLATE(A577, ""ko"", ""ja"")"
안양 안양박물관,"=GOOGLETRANSLATE(A578, ""ko"", ""ja"")"
경기도 안양시 만안구 예술공원로103번길 4 (석수동),"=GOOGLETRANSLATE(A579, ""ko"", ""ja"")"
"안양박물관은 안양예술공원(옛 안양유원지) 내에 위치한 시립박물관이다. 2004년 9월 평촌아트홀에 안양역사관으로 개관한 이래 2015년 안양박물관으로 명칭을 변경하고 2017년 지금의 위치로 이전해 재개관하였다. 안양박물관은 안양이란 지명이 유래한 안양사지 경내에 위치해 도시의 정체성을 오롯이 담아내고 있는데, 한국 근현대 건축 1세대를 대표하는 김중업 건축가가 1959년 설계한 공장을 리모델링한 건물이기도 해 더욱 의미가 깊다. 박물관 2층에 있는 상설전시는 삶의 시작(선사시대~삼국시대), 안양의 기원(통일신라~고려시대), 문화의 전승(조선시대), 도시의 성장(근현대)로 구성되어 있어 안양의 역사와 문화를 한눈에 살펴볼 수 있으며, 옥상에는 관악산을 한 눈에 조망할 수 있는 레스토랑 겸 카페 더테라스가 자리하고 있다. 또 박물관 초입 야외전시장에 보물로 지정된 안양 중초사지 당간지주는 당간지주에 문자를 새기는 것은 희귀한 예로 만든 해를 뚜렷하게 알 수 있는 국내 유일의 당간지주이다. 1호선 관악역에서 차량으로 약 2분, 도보 약 20분 내외의 거리에 위치하고 지하철 역에서 부근까지 버스도 있어 대중교통 접근성도 용이하다. 김중업건축박물관, 안양예술공원이 같은 경내에 있으며, 근처에 맛집과 카페가 모여있는 안양예술공원 음식문화거리가 있다.","=GOOGLETRANSLATE(A580, ""ko"", ""ja"")"
"무료 : 상설전시, 무료 기획 및 특별전시유료 : 기획 및 특별전시, 대관 등 유료임을 공지하는 전시)","=GOOGLETRANSLATE(A581, ""ko"", ""ja"")"
031-687-0909,"=GOOGLETRANSLATE(A582, ""ko"", ""ja"")"
부천 부천활박물관,"=GOOGLETRANSLATE(A583, ""ko"", ""ja"")"
경기도 부천시 소사로 482,"=GOOGLETRANSLATE(A584, ""ko"", ""ja"")"
우리민족이 활을 잘 만들고 또한 활을 잘 쏘는 민족이라는 점은 옛부터 세계인이 다 아는 사실이다. 고대로부터 근대에 이르기까지 우리민족이 치른 숱한 전쟁에서 활은 중요한 무기였다. 부천활박물관은 우리 활에 담긴 선조의 얼과 슬기를 나타내고자 만든 곳이다. 일찍이 문화재로서 가치와 중요성을 인정받아 1971년 국가무형문화재 제47호 궁시장으로 보호받게 되어 오늘날까지 부천시 소사구 심곡본동을 중심으로 5대 160년이 넘게 맥을 이어온 것이 바로 국궁이다. 전시관은 각종 활과 화살 및 화차 등 국궁에 관련된 각종 용품과 유물이 전시되어 있다. 우리 활에 담긴 선조의 얼과 슬기를 알아볼 수 있는 좋은 기회가 될 것이다.,"=GOOGLETRANSLATE(A585, ""ko"", ""ja"")"
"임시개관 2월16일 ~ 28일 : 무료정식개관 3월2일 : 유료[통합권] 시립/활박물관 : 어린이,청소년 1,400원 / 일반 2,400원부천시립박물관: 어린이,청소년 1,200원 / 일반 2,000원부천활박물관 : 어린이,청소년 600원 / 일반 1,000원","=GOOGLETRANSLATE(A586, ""ko"", ""ja"")"
032-614-2678,"=GOOGLETRANSLATE(A587, ""ko"", ""ja"")"
지영희국악관,"=GOOGLETRANSLATE(A588, ""ko"", ""ja"")"
오산 지영희국악관,"=GOOGLETRANSLATE(A589, ""ko"", ""ja"")"
경기도 평택시 현덕면 평택호길 147,"=GOOGLETRANSLATE(A590, ""ko"", ""ja"")"
"평택이 낳은 근대 국악의 아버지 지영희를 소개하는 전시관으로 국악의 대중화, 현대화, 세계화를 이끌었던 그의 업적을 볼 수 있는 곳이다. 국가무형문화재 제52호 시나위 예능보유자였던 그의 예술세계를 조명하고 공연도 열리는 종합예술의 장이다. 국악계에 있어 매우 가치가 크고 희귀한 다량의 유물이 전시되어 있으며, 전시실은 지영희의 일생, 업적, 말년, 풍류무대로 구성되어 있다. 이외에도 웃다리평택농악, 평택민요 등 평택 전통예술도 함께 알 수 있도록 음악과 영상을 감상하는 코너도 마련되어 있다. 전시관 관람을 통해 평택이 진정한 한국 소리의 본 고장임을 느껴볼 수 있다.","=GOOGLETRANSLATE(A591, ""ko"", ""ja"")"
031-683-7303,"=GOOGLETRANSLATE(A592, ""ko"", ""ja"")"
남송미술관,"=GOOGLETRANSLATE(A593, ""ko"", ""ja"")"
경기도 가평군 북면 백둔로 322,"=GOOGLETRANSLATE(A594, ""ko"", ""ja"")"
"남송미술관은 가평 명지산과 연인산 청정 계곡 자락에 위치하여 전원의 아름다운 풍경과 다양한 문화 소재로의 예술을 감상할 수 종합 문화 예술 전시 공간이다. 2006년 개관전을 시작으로 다양한 예술 장르의 작품 전시를 꾸준히 열어 온 이곳은 사양화가 남궁원 관장의 풍부한 예술 활동과 더불어 그동안 수집하고 관리해 왔던 국내외 미술품을 기반으로 미적 가치가 있는 미술품을 기획, 전시해 왔다. 한국 전통한옥 건축물의 외관을 갖추고 있으며 총 부지 2,210㎡, 건물 연면적 1498㎡의 4층 건물로 1, 2층의 전시공간과 3층 체험학습공간, 4층에 개방형 전시실이 있다 또한 방문객의 편의를 위해 옥외 주차장이 있고 부대시설로는 인근에 문화 체험 학습 및 예술인 쉼터 공간인 허수아비 마을이 있다. 허수아비 마을은 가평 명지산 계곡에 자리 잡고 있으며, 바쁘게 생활하는 도시인들에게 어머니 품속 같은 자연을 함께 호흡할 수 있는 휴양지로 1만여 ㎡의 대지에 문화 예술의 향기를 풍족히 느낄 수 있도록 다듬어진 아름다운 마을이다.","=GOOGLETRANSLATE(A595, ""ko"", ""ja"")"
"개인 - 어른(대학생포함) 6,000원 / 청소년(초중고생),군경,가평군민 4,000원단체 - 어른(대학생포함) 4,000원 / 청소년(초중고생),군경,가평군민 3,000원※ 단체는 10인 이상※ 무료 - 70세 이상, 5세 미만 어린이, 장애인※ 70세 이상과 장애인은 신분증 또는 복지카드 확인※가평군민 할인은 주소를 증명할 수 있는 신분증 등이 필요","=GOOGLETRANSLATE(A596, ""ko"", ""ja"")"
031-581-0772,"=GOOGLETRANSLATE(A597, ""ko"", ""ja"")"
갤러리박영,"=GOOGLETRANSLATE(A598, ""ko"", ""ja"")"
경기도 파주시 회동길 37-9,"=GOOGLETRANSLATE(A599, ""ko"", ""ja"")"
"갤러리박영은 2008년에 개관한 파주출판단지 내의 1호 갤러리이다. 박영(博英)의 뜻은 널리 인재를 양성한다는 의미로 창업주의 기업 정신을 담고 있다. 파주출판단지는 책을 기반으로 한 미술, 음악, 건축, 교육, 가구, 엔터테인먼트 등 다양한 문화 콘텐츠가 모인 미술 문화 특구로 형성되었으며, 현재 300명이 넘는 미술인들이 모일 수 있기까지는 작가지원을 위해 개관한 박영사의 갤러리박영의 시작으로 이루어진 결과이기도 하다 작가 레지던스 프로그램이었던 작가 지원 사업은 현재 박영 더 시프트라는 이름으로 매년 공모전을 통해 다양한 장르의 미술인들과의 전시를 이어가고 있으며 박영 작가들의 작품을 소개하고 있다. 갤러리박영은 30년이 넘는 기간 동안 미술 수집을 통해 인연을 맺어온 한국 대표 작가들과의 기획전, 박영 소장품전 등 알찬 전시를 통해 대중과 소통하며 미술 문화의 저변확대를 위해 노력하고 있는 갤러리이다.&nbsp;연면적 1,000㎡의 2층 규모로 총 3개의 전시 공간과 디지털 영상 전용 공간, 야외 공연장을 갖췄으며 유망 작가에게 작업실과 다양한 지원을 해주는 ''스튜디오 박영'' 프로그램도 함께 운영한다.","=GOOGLETRANSLATE(A600, ""ko"", ""ja"")"
전시마다 상이함,"=GOOGLETRANSLATE(A601, ""ko"", ""ja"")"
031-955-4071,"=GOOGLETRANSLATE(A602, ""ko"", ""ja"")"
"1997년 ‘여주군향토사료관’으로 문을 연 여주박물관은 여주의 역사와 민속자료 등을 조사·수집·전시·교육하고, 새로운 학술자료를 발굴하며 여주의 정체성을 확립하는 역할을 수행하고 있다. 2016년 7월 14일 새롭게 개관한 여마관(신관)의 건립으로 각지에 흩어졌던 여주지역 발굴출토 국가귀속유물을 한자리에 모았다. 여주박물관 ‘황마관’에는 기획전시실, 류주현 문학전시실, 남한강 수석전시실, 조선왕릉실이 있으며, 신관인 ‘여마관’에는 여주역사실, 카페테리아, 학예연구실, 강의실 등이 있다. 매년 특별기획전 개최, 전통문화교육 운영, 박물관대학 운영 등 여주의 과거와 현재를 아우르는 다양한 문화 체험 공간으로 자리매김하고 있으며, 학술조사연구 및 발굴조사 등 여주 문화재의 발굴 및 보존 전승에도 힘쓰고 있다.","=GOOGLETRANSLATE(A603, ""ko"", ""ja"")"
031-887-3583,"=GOOGLETRANSLATE(A604, ""ko"", ""ja"")"
과천문화원,"=GOOGLETRANSLATE(A605, ""ko"", ""ja"")"
과천 과천문화원,"=GOOGLETRANSLATE(A606, ""ko"", ""ja"")"
경기도 과천시 문원로 40-1,"=GOOGLETRANSLATE(A607, ""ko"", ""ja"")"
"과천문화원은 과천지역의 향토문화 창달과 전통문화를 발굴하고 전승, 보존해 나가는 곳으로 과천 군민들을 위한 각종 문화행사와 사회교육 프로그램을 진행하고 있다. 또한 과천지역의 문화재를 관리하고 향토사를 연구하며 문화학교, 역사문화아카데미, 경험공유학교를 열어 여러가지 프로그램을 진행하며 문화행사를 개최하고 있다. 문화학교에서는 가야금교실, 매듭교실, 문인화교실, 사물놀이 강좌가 경험학교에서는 마을 잡화 활동, 상상 디자인 활동, 산책 나와 활동을 한다. 이외에도 과천문화원에서는 한국추사서예대전, 서예초대작가전을 개최한다. 문화원에는 지하 1층 자료실, 1층에는 시간제 보육시설, 야외공연장, 2층에는 향토사료관, 도서관, 열린쉼터, 수장고가 옥상에는 정원과 옥상홀이 있다. 과천문화원의 생활문화센터에는 열린공간, 관악홀, 방음연습실, 율동연습실, 학습시청각실, 모임공간, 마주침공간이 있다.","=GOOGLETRANSLATE(A608, ""ko"", ""ja"")"
문의,"=GOOGLETRANSLATE(A609, ""ko"", ""ja"")"
02-504-6513,"=GOOGLETRANSLATE(A610, ""ko"", ""ja"")"
조병화문학관,"=GOOGLETRANSLATE(A611, ""ko"", ""ja"")"
안성 조병화문학관,"=GOOGLETRANSLATE(A612, ""ko"", ""ja"")"
경기도 안성시 양성면 난실길 14-1,"=GOOGLETRANSLATE(A613, ""ko"", ""ja"")"
"조병화문학관은 편운 조병화 시인의 유품 및 창작 저작물, 그림을 상설 전시하는 문학기념관으로 난실리 편운 동산 안에 예쁜 전원주택처럼 자리 잡고 있다. 조 시인이 전 생애의 창작활동을 통해 추구해 온 꿈과 사랑의 시정신이 오롯이 담겨 있으며, 한국 현대문학의 한 발자취가 보존된 곳이다. 조병화문학관은 1993년 조 시인이 대지를 제공하고 국고의 지원을 받아 문화사랑방으로 지어진 연건평 85평 규모의 2층 건물이며 8평의 부속 건물을 두고 있다. 1층에 전시실 2실, 2층에 세미나실을 갖추고 있다. 문학관에는 기획전시물과 조병화 시인이 남긴 53권의 창작시집, 수필집, 화집 등 160여 권의 서적, 시인의 유물 등이 있다. 편운 동산에는 문학관 외에도 넓은 잔디밭을 중심으로 1963년 시인이 어머니 묘소 옆에 세운 묘막인 편운재와, 교직 은퇴 후 시인이 집필 또는 휴식을 취하던 시골집인 청와헌, 또 조병화 시인의 묘소가 있다. 쉽게 읽히면서도 또한 깊은 감동을 전하는 시인의 시와 어울리게, 이 편운 동산에서 은은하고 그윽한 풍경을 느낄 수 있다. 또한 매년 5월 문학관에서 꿈과 사랑의 시 축제를 개최해 많은 사람에게 문학의 울림을 전달하는 좋은 기회를 제공하고 있다.","=GOOGLETRANSLATE(A614, ""ko"", ""ja"")"
"어른 3,000원 / 학생 2,000원","=GOOGLETRANSLATE(A615, ""ko"", ""ja"")"
031-674-0307,"=GOOGLETRANSLATE(A616, ""ko"", ""ja"")"
포네티브 스페이스,"=GOOGLETRANSLATE(A617, ""ko"", ""ja"")"
경기도 파주시 탄현면 헤이리마을길 34,"=GOOGLETRANSLATE(A618, ""ko"", ""ja"")"
"포네티브 스페이스는 기획 초대전을 중심으로 전시가 이루어지는 갤러리로 지상 1층과 지하 1의 공간이 복층구조를 갖추고 있다. 대형 설치 작품이나 조각, 작품 회화, 사진, 판화 등의 다양한 작품을 전시할 수 있다. 매월 약 3주간의 전시를 진행하고, 전시 주제는 매번 달라진다. 파주 통일동산 관광특구에 위치한 헤이리마을 내 여러 갤러리와 함께 위치해 여러 곳을 방문하기에 좋다. 이곳은 한국 현대 미술의 흐름을 살펴볼 수 있는 곳이다.","=GOOGLETRANSLATE(A619, ""ko"", ""ja"")"
031-949-8056,"=GOOGLETRANSLATE(A620, ""ko"", ""ja"")"
이재효갤러리,"=GOOGLETRANSLATE(A621, ""ko"", ""ja"")"
양평 이재효갤러리,"=GOOGLETRANSLATE(A622, ""ko"", ""ja"")"
경기도 양평군 지평면 초천길 83-22,"=GOOGLETRANSLATE(A623, ""ko"", ""ja"")"
"이재효 갤러리는 세계적인 조각가이자 설치 예술가인 이재효 작가의 작업실과 전시장이 있는 곳으로 직접 설계한 전시장과 갤러리, 카페가 함께 있는 공간이다. 외딴곳에 있는 문화공간이지만 천장에 붙은 낙엽, 공중에 매달린 돌멩이 등 둘러 볼 곳이 많고 편의시설도 잘 갖춰 놓았다. 돌, 나무, 못, 낙엽 등의 소재로 제작된 작품들과 드로잉 작품을 관람할 수 있으며 총 5개의 전시실과 카페로 구성돼 있다. 입장료에 전시 관람료과 음료값이 포함돼 있다.서울 근교의 데이트 코스로 추천할 만한 곳으로 저녁 6시까지 관람 가능하고 1시간 전인 오후 5시에 입장이 마감된다. 예약 없이 방문해도 관람이 가능하지만 감상할 것이 많아 시간 여유를 두고 방문하는 것이 좋다.","=GOOGLETRANSLATE(A624, ""ko"", ""ja"")"
"성인 15,000원중고생 13,000원 초등생 11,000원* 카페 음료 포함 가격 ※ 이용요금은 변동될 수 있으므로 홈페이지 참조 또는 전화 문의 요망","=GOOGLETRANSLATE(A625, ""ko"", ""ja"")"
010-4666-0468,"=GOOGLETRANSLATE(A626, ""ko"", ""ja"")"
안성 안성맞춤박물관,"=GOOGLETRANSLATE(A627, ""ko"", ""ja"")"
"안성시 대덕면 내리 중앙대학교 안성캠퍼스 입구에 세워진 안성맞춤 박물관은 유기를 중심으로 안성의 풍부한 문화유산을 함께 접할 수 있는 테마박물관이다. 지상 2층, 지하 1층, 총 3층으로 이루어져 있으며, 유기 전시실, 영상실, 기획 전시실, 농업역사실, 향토 사료실, 세미나실, 학예연구실, 수장고 등으로 이루어져 있다. 유기전시실은 유기의 역사, 제작 방법별 유기분류, 유기제작과정 모형, 제기, 반상기, 무구, 불기 등 생활속에 쓰이는 다양한 유기를 전시하고 관람객의 이해를 돕기 위해 곳곳에 영상물을 설치하였다. 특히 터치스크린을 통해 안성의 역사와 문화에 대한 자세한 설명을 볼 수 있다. 농업역사실은 안성 농업의 역사와 계절에 따른 농경모습, 안성의 특산물이 전시되어 있어 과거와 현재의 안성농업을 알수 있다. 향토 사료실에는 안성의 옛모습이 담긴 사진, 안성장시재현, 안성남사당, 불교문화재 등 안성문화와 역사를 한눈에 볼 수 있다.* 안성맞춤의 유래우리는 흔히 매우 잘 맞음을 비유하여 ‘안성맞춤’이란 말을 쓴다. 그 만큼 어떤 물건이나 사람이 아주 잘 어울릴 때 이런 말을 쓰는데, 안성에서 맞춘 유기 장인정신과 뛰어난 솜씨로 정성껏 만들어 품질이나 모양 등 기교면에서 사람들의 마음을 만족시켰기에 ‘안성맞춤’의 대명사가 되었다.","=GOOGLETRANSLATE(A628, ""ko"", ""ja"")"
031-676-4352,"=GOOGLETRANSLATE(A629, ""ko"", ""ja"")"
수원 수원광교박물관,"=GOOGLETRANSLATE(A630, ""ko"", ""ja"")"
"수원광교박물관은 광교신도시 조성 시 출토되었던 유물들을 중심으로 광교의 역사를 한 눈에 볼 수 있는 ''광교 역사문화실''과 한국 현대사의 정치·사회·문화 등 다방면에 걸친 기증사료가 전시된 ''소강 민관식실'', 충무공 이순신과 독도를 포함한 영토 관련 그리고 일제 침략사에 관한 다양한 기증유물로 이루어진 ''사운 이종학실''로 구성되어 있다. 수원광교박물관은 심온선생 묘와 혜령군 묘 등의 역사유적지와 함께 광교 역사공원 내에 위치하여 배움과 휴식을 동시에 취할 수 있는 120만 수원시민의 문화공간이다.&nbsp;또한 광교신도시 개발지역에서 발굴된 선사시대부터 근현대 시기의 유물을 전시하여 다양한 역사와 문화를 살펴볼 수 있으며, 기증유물을 통해 역사와 문화를 체험할 수 있다. 어린이체험실을 통해 유아들이 전시된 유물을 다양한 방식으로 접하고 이해할 수 있는 기회를 제공함으로써 주말 가족 나들이 장소로도 주목받고 있다.","=GOOGLETRANSLATE(A631, ""ko"", ""ja"")"
"어른(19~64세) - 개인 2,000원 / 단체 1,000원(20인 이상) 청소년(13~18세) 및 군인 - 개인 1,000원 / 단체 500원(20인 이상) 어린이 및 노인(65세 이상) - 무료","=GOOGLETRANSLATE(A632, ""ko"", ""ja"")"
031-228-4175,"=GOOGLETRANSLATE(A633, ""ko"", ""ja"")"
남양주 프라움악기박물관,"=GOOGLETRANSLATE(A634, ""ko"", ""ja"")"
"프라움악기박물관은 남양주시 와부읍에 위치한 국내 최초의 서양악기 박물관이다. 박물관은 고풍스러운 외관을 갖추고 있으며, 한강을 조망할 수 있는 야외 정원을 함께 운영하고 있다. 1층과 2층은 상설전시관으로 구성되어 있으며, 건반악기 존, 현악기 존, 관악기 존으로 나뉘어 전시가 진행된다. 베토벤, 바흐, 스트라디바리우스 등 음악사의 거장들과 관련된 악기와 이야기들을 흥미롭게 소개하고 있다. 이흥렬 선생의 유품도 상시 전시 중이며, 그가 작곡한 예술가곡, 국민가요, 동요 등 400여 곡의 음악 자료를 만날 수 있다. 박물관 내에는 기획전시실, 교육실, 콘서트홀, 악기 체험실, 아트숍 등의 부대시설이 마련돼 있다. 매월 넷째 주 토요일에는 정기음악회인 ‘토요콘서트’가 열려 전시와 공연을 함께 즐길 수 있다. ‘길 위의 인문학’, 방학 프로그램 등 다양한 교육 프로그램이 운영되며, 자세한 내용은 홈페이지를 통해 확인 가능하다. 크리스마스, 연말 행사, 수요 브런치 콘서트 등 계절별 테마 공연도 열리며, 세미나나 연주회를 위한 대관도 가능하다.","=GOOGLETRANSLATE(A635, ""ko"", ""ja"")"
"일반(만 20세~만 65세) 5,000원 / 청소년 4,000원 / 어린이(만 3세~초등학생) 3,000원 ※ 20인 이상 단체 별도 (사전예약) ※ 군인, 장애인, 국가 유공자 50% 할인 ※ 만 24개월 이하 유아 무료 (단체별도)","=GOOGLETRANSLATE(A636, ""ko"", ""ja"")"
031-521-6043,"=GOOGLETRANSLATE(A637, ""ko"", ""ja"")"
의왕문화원,"=GOOGLETRANSLATE(A638, ""ko"", ""ja"")"
하남 의왕문화원,"=GOOGLETRANSLATE(A639, ""ko"", ""ja"")"
경기도 의왕시 백운로 23,"=GOOGLETRANSLATE(A640, ""ko"", ""ja"")"
"&nbsp;의왕문화원은 지방문화원 진흥법에 의해 설립된 국가재정지원 특별공익 법인 문화단체로서 지역 고유문화의 계승, 발전은 물론, 향토사의 보존, 전통문화육성, 문화축제 등의 사업을 전개해 나가고 있다. 또한 의왕의 역사와 전통성을 확립하고 문화예술 진흥으로 시민의 문화욕구 충족과 삶의 질 향상을 위해 문화학교와 평생교육 프로그램, 청소년 문화예술활동지원 등을 운영하여 시민의 사회 교육활동을 적극 추진하고 있다. 의왕문화원은 지방문화원진흥법에 의해 설립된 전국 211개 지방문화원 중 1999년 8월 6일 경기도지사로부터 인가되어 1999년 9월 29일 개원한 특별공익법인(정부 재정 지원기관)이다. 또한 2000년 12월 2일 경기도지사로부터 준문화학교를 인가 받았으며, 2001년 4월 6일 경기도교육청으로부터 경기도지역 평생학습관으로 지정받았다.","=GOOGLETRANSLATE(A641, ""ko"", ""ja"")"
031-456-4994,"=GOOGLETRANSLATE(A642, ""ko"", ""ja"")"
가평문화원,"=GOOGLETRANSLATE(A643, ""ko"", ""ja"")"
경기도 가평군 가평읍 문화로 131,"=GOOGLETRANSLATE(A644, ""ko"", ""ja"")"
가평문화원은 군민과 함께 전통문화를 발굴하고 육성시키며 문화 예술의 기회 제공을 통한 전승 보존을 활성화하고자 설립하였다. 이를 통해 지역 문화에 대한 인식을 새롭게 하고 우리 고유문화를 지속적으로 계승하고 발전시키고자 하는 곳이다. 문화원에서는 문화 예술교육 사업 지원뿐 아니라 다문화 가족에 대한 문화활동을 지원하고 그 밖에 지역 문화 활성화를 위하여 국가 또는 지방자치단체가 위탁하는 사업을 지원하고 있다. 이곳에서 실시하는 프로그램은 평생교육의 의미를 접목시켜 군민들의 여가를 활용하여 진행하며 잠재적 소질을 개발하고 풍요로운 취미생활을 통하여 일상생활에 활력소를 불어 넣어 질 높은 삶을 운영하는 계기를 마련하고자 한다. 또한 가평지역의 다양한 문화행사를 통하여 가평을 알리고 우리 문화를 알리는데 공헌하고 있다. 문화로 따뜻하고 예술로 빛나게 하는 삶을 지향하는 곳이다.,"=GOOGLETRANSLATE(A645, ""ko"", ""ja"")"
031-582-2016,"=GOOGLETRANSLATE(A646, ""ko"", ""ja"")"
열화당책박물관,"=GOOGLETRANSLATE(A647, ""ko"", ""ja"")"
경기도 파주시 광인사길 25,"=GOOGLETRANSLATE(A648, ""ko"", ""ja"")"
"파주출판도시의 열화당 새 사옥에, 지난 시대에 만들어져 많은 사람들의 영혼을 살찌웠던 고서(古書), 그리고 우리 시대에 아름답게 만들어져 빛을 발하고 있는 동시대 세계 각국의 양서(良書) 사만여 권으로 책박물관을 생겨났다. 2004년 열화당이 파주출판도시에 사옥을 마련하면서 동시에 개관한‘ 갤러리 로 터스’에서는 2008년 6월까지 열화당에서 출간한 미술작품집이나 사진집 등을 중심으로 총 열네 차례의 전시가 열렸다. 이후 2009년 신사옥을 증축하여 도서관과 책방의 성격이 하나로 통합된‘ 도서관＋책방’이 문을 열어, 이곳에서도 다섯 차례의 전시를 했다. 열화당책박물관의 전신인‘ 도서관＋책방’에는 열화당 발행인이 사십여 년 동안 모아 온 한적(漢籍)을 비롯한 동서양 고서와 열화당 편집부가 오랫동안 소장해 온 예술서적들, 그리고 편집자의 눈으로 직접 고른 세계 각국의 아름다운 책들을 모아 놓았다. 예술전문 출판사의 특성을 살려 미술, 사진, 디자인, 건축, 전통문화 등 문화예술 서적과 그 밖의 인문 서적들을 비교적 체계 있게 갖추었고, 더불어 꾸준히 들어오는 기증본들이 더해지면서 책박물관으로서의 면모가 갖추었다. 2012년 7월‘ 열화당책박물관’으로 새로이 개관하였고, 종이책의 위기가 이야기되는 이 시대에 그 자체로 역사가 된 뛰어난 책들, 그리고 동시대에 만들어진 각양각색의 특색 있는 책들을 통해, 지식과 정보를 얻고, 책 그 자체의 아름다움을 느끼는 것은 물론, 우리 출판이 걸어온 발자취를 되짚어 보고, 세계의 다양한 책을 통해 진정한 책의 문화를 느껴 볼 수 있는 곳이다.","=GOOGLETRANSLATE(A649, ""ko"", ""ja"")"
"개인 10,000원초,중,고등학생 7,000원단체(10인 이상) 7,000원","=GOOGLETRANSLATE(A650, ""ko"", ""ja"")"
031-955-7021,"=GOOGLETRANSLATE(A651, ""ko"", ""ja"")"
가평문화예술회관,"=GOOGLETRANSLATE(A652, ""ko"", ""ja"")"
"가평 문화 예술 회관은 가평군의 유일한 극장으로서 지역주민의 문화적 욕구를 충족시키려 노력하고 있다. 이곳은 지하 3층부터 지상 2층까지 총 면적 4천 801㎡ 규모로 1998년 준공되었다. 주요 시설은 대공연장, 다목적 전시실, 야외 공연장, 영사실, 연습실, 관리 사무실, 전기·기계실 등이 갖춰져 있고 대공연장은 641석, 야외공연장은 동시에 250명을 수용할 수 있다. 공연장 도착은 20분 전, 객석 입장은 10분 전에 해야 하고, 사전 협의 없는 사진촬영은 금지하고 있으니 관람 시 주의해야 한다. 건축물 및 무대 기계장치 정밀 안전 진단 결과 하자 보수가 필요함에 따라 2024년 말까지 리모델링 사업을 추진한다. 특히 가평군은 2025년 경기도 체육대회 및 2026년 경기도 생활체육대축전 가평 유치 시, 문예회관이 보디빌딩 대회장으로 사용될 것에 대비해 신속한 개보수를 진행한다는 방침이다.","=GOOGLETRANSLATE(A653, ""ko"", ""ja"")"
공연 및 전시별 상이,"=GOOGLETRANSLATE(A654, ""ko"", ""ja"")"
031-8078-8077,"=GOOGLETRANSLATE(A655, ""ko"", ""ja"")"
93뮤지엄가족미술관,"=GOOGLETRANSLATE(A656, ""ko"", ""ja"")"
경기 파주시 탄현면 헤이리마을길 59-58,"=GOOGLETRANSLATE(A657, ""ko"", ""ja"")"
"국내 대표작가들의 작품전을 기획, 전시하는 93뮤지엄93뮤지엄은 1990년 서울 청담동에서 갤러리포커스로 시작했다. 2004년 인물 관련 미술품 및 각종 역사적 사료를 집대성해 파주 헤이리 예술마을에 인물미술관 93 뮤지엄을 개관하고 갤러리를 미술관 별관으로 이전해 국내 대표작가들의 작품전을 기획, 전시하고 있다. 서울 청담동 갤러리포커스에서는 국내 원로·작고 작가들의 현대미술품과 고 회화, 도자기 등의 고미술품을 전시햇으며 베트남 대표 작가들의 작품들을 꾸준히 발굴, 소개했다. 2007년에는 파주 헤이리 갤러리포커스와 함께 운영되는 갤러리포커스 서울점을 삼성동에 오픈하고 한국 대표 거장들의 작품을 비롯해 신진 유망작가들의 작품과 베트남 대표작가들의 작품을 전시하고 있다. 93뮤지엄, 갤러리포커스, 갤러리포커스는 각각의 특성을 살리고 서로 상호보완함으로써 전문적인 아트딜러의 면모를 유감없이 발휘하고 있다.","=GOOGLETRANSLATE(A658, ""ko"", ""ja"")"
031-948-6677,"=GOOGLETRANSLATE(A659, ""ko"", ""ja"")"
시흥문화원,"=GOOGLETRANSLATE(A660, ""ko"", ""ja"")"
시흥 시흥문화원,"=GOOGLETRANSLATE(A661, ""ko"", ""ja"")"
경기도 시흥시 연성로13번길 3,"=GOOGLETRANSLATE(A662, ""ko"", ""ja"")"
"시흥문화원은 시흥의 전통문화를 개발 및 연구, 조사하고, 문화 및 사회사업을 주관하는 곳으로 1996년에 설립되었다. 문화원 1층에는 2003년 5월에 개관한 시흥역사 자료전시관이 있는데 이곳에는 시흥의 역사와 문화를 보여주는 다양한 유물들이 전시되어 있다. 시흥문화원에서는 시흥문화유산연구회, 평생학습교육관, 시흥의 인물 선양사업 추진위원회, 축제추진위원회가 운영되고 있으며, 이와 함께 해마다 시민을 위한 문화 교실을 열고 정기간행물로 시흥문화를 발간하고 있다. 시흥문화원은 매년 시흥 관곡지 연꽃테마파크에서 연성문화제를 개최한다. 연꽃이 유명한 지역이라 관련 이색 체험도 많고, 다양한 공연과 전통 체험 프로그램이 준비되어 있어 볼거리와 즐길 거리가 많으며, 상반기와 하반기로 나누어 인문학 산책 강연도 열어 마음의 양식이 되는 여행, 미술, 음악을 주제로 문화를 향유하고 상식 수준을 높이는 데 도움을 주고 있다. 시흥문화원은 지역 전통문화의 보존과 전승, 지역 문화 예술의 개발과 진흥에 앞장서고 있는 시흥 지역에서 유일한 종합 문화 예술 기관으로서 의의가 있다.","=GOOGLETRANSLATE(A663, ""ko"", ""ja"")"
[역사자료전시관] 무료,"=GOOGLETRANSLATE(A664, ""ko"", ""ja"")"
시흥문화원 031-317-0827,"=GOOGLETRANSLATE(A665, ""ko"", ""ja"")"
의정부문화원,"=GOOGLETRANSLATE(A666, ""ko"", ""ja"")"
의정부 의정부문화원,"=GOOGLETRANSLATE(A667, ""ko"", ""ja"")"
경기도 의정부시 산단로 123,"=GOOGLETRANSLATE(A668, ""ko"", ""ja"")"
"의정부문화원은 의정부의 향토문화 역사, 지역문화를 계승하고 발전시키기 위한 곳으로 향토사료 발굴 및 보존 사업, 창의적인 지방문화 축제 및 지역 간 문화콘텐츠 교류사업, 문화교육사업 및 생활문화예술 활성화 사업을 전개해 나가고 있다. 1989년 12월 23일 지방문화원진흥법에 따라 설립되어 1990년 시민회관에서 개원한 의정부문화원은 2003년 현재 위치로 신축 이전하였다. 문화원은 향토전시관과 강의실, 회의실∙자료실, 140명 수용할 수 있는 문예극장, 야외공연장 등의 시설을 갖추고 있으며, 다양한 문화행사와 교육프로그램을 운영하고 있다.","=GOOGLETRANSLATE(A669, ""ko"", ""ja"")"
031-872-5678,"=GOOGLETRANSLATE(A670, ""ko"", ""ja"")"
이천문화원,"=GOOGLETRANSLATE(A671, ""ko"", ""ja"")"
경기 이천시 남천로 31,"=GOOGLETRANSLATE(A672, ""ko"", ""ja"")"
"중리동행정복지센터에 위치한 이천문화원은 이천의 향토문화 역사, 지역문화를 계승시키고 발전시키기 위한 곳으로 향토사료 발굴 및 보존 사업, 창의적인 지방문화 축제 개최, 지역 간 문화콘텐츠 교류사업, 문화교육사업 및 생활문화예술 활성화 사업을 전개해 나가고 있다. 1963년 지방문화원진흥법에 따라 설립되어 개원한 이천문화원은 2019년 중리동행정복지센터 신청사가 완공되면서 현재 위치로 이전하였다. 문화원은 강의실, 회의실, 전시실, 강당 등의 시설을 갖추고 있으며, 다양한 문화행사와 교육프로그램을 운영하고 있다.","=GOOGLETRANSLATE(A673, ""ko"", ""ja"")"
031-635-2316,"=GOOGLETRANSLATE(A674, ""ko"", ""ja"")"
김포독립운동기념관,"=GOOGLETRANSLATE(A675, ""ko"", ""ja"")"
김포 김포독립운동기념관,"=GOOGLETRANSLATE(A676, ""ko"", ""ja"")"
경기도 김포시 양촌읍 양곡2로30번길 46,"=GOOGLETRANSLATE(A677, ""ko"", ""ja"")"
"김포시 독립운동기념관은 2013년 양촌읍에 개관하였다. 김포 지역에서 일어났던 독립운동 정신을 계승하고 선열들을 기리기 위해 세워졌다. 기념관이 조성된 곳은 1919년 오라니장터 만세운동이 일어났던 장소로, 김포 지역의 항일운동 관련 자료를 한눈에 볼 수 있는 공간이다. 1층 상설전시관에는 김포 지역에서 일어난 독립운동을 재현한 영상과 김포를 비롯한 전국의 독립운동 역사 등을 전시하고 있으며, 안중근의 어머니 조마리아 여사가 안중근 의사에게 보낸 마지막 서신과 안중근 의사의 국가안위노심초사 기증품이 전시되어 있다. 기획전시실에서는 3·1절과 8·15 광복절 특별 전시와 그밖에 다양한 주제의 전시가 개최된다. 특히, 2023년에는 김포시 독립운동기념관 상설 및 기획전시실 내부를 3D 모델링 후 가상공간에 재현한 메타버스 가상전시관을 오픈하였으며, 다양한 미션을 해결하며 재미있게 김포 독립운동사에 대해 학습할 수 있다.","=GOOGLETRANSLATE(A678, ""ko"", ""ja"")"
031-996-6270,"=GOOGLETRANSLATE(A679, ""ko"", ""ja"")"
이천아트홀,"=GOOGLETRANSLATE(A680, ""ko"", ""ja"")"
"이천시청 부지에 위치한 이천아트홀은 이천 시민의 여가와 문화생활 증진을 위해 2009년 6월 개관하였다. 2021년 출범한 이천문화재단이 운영하고 있다. 이천아트홀은 지하 2층, 지상 3층 규모로 대공연장(1,200명 수용)과 소공연장(451명 수용), 미술, 도자기, 사진 등 다양한 작품을 전시할 수 있는 아트갤러리가 있다. 대공연장은 뮤지컬, 오페라, 발레, 연극 등 다양한 장르를 공연할 수 있고, 소공연장은 연극, 실내악, 독주회 등의 공연에 적합하며 전문예술인은 물론 시민들이 자유롭게 이용할 수 있는 무용, 합창, 연극, 발레, 오케스트라 등의 연습실도 마련되어 있다. 1층에는 공연 시 36개월~7세 미취학 아동이 이용할 수 있는 유아놀이방과 공연 전후로 대기하며 휴식을 취할 수 있는 카페테리아를 운영하고 있다. 신둔IC에서 차량으로 약 13분 소요된다. 경강선 이천역과 이천종합터미널에서 차량으로 약 5분 소요되며, 역에서 인근까지 가는 버스가 있다. 인근에 설봉공원(경기도자미술관∙이천시립박물관∙이천시립월전미술관∙설봉국제조각공원 등), 사기막골도예촌, 예스파크, 성호호수연꽃단지, 한택식물원, 지산포레스트리조트스키장, 이천테르메덴, 덕평공룡수목원 등이 있다.","=GOOGLETRANSLATE(A681, ""ko"", ""ja"")"
031-644-2100,"=GOOGLETRANSLATE(A682, ""ko"", ""ja"")"
경기도 이천시 경충대로2697번길 172 (관고동),"=GOOGLETRANSLATE(A683, ""ko"", ""ja"")"
"이천시립박물관은 설봉공원 내에 위치한 시립박물관이다. 1997년부터 이천농업박물관 건립계획을 수립하여 지역 내 농기구와 각종 생활용구를 수집하였고, 2000년 11월 이천향토민속박물관으로 명칭을 변경하면서 2001년 12월 건물을 완공하였다. 그 후 2002년 5월 24일에 이천시립박물관으로 재개관한 후 2013년 리모델링 재개관, 2021년 신축건물 및 구관 도자문화역사실 재개관을 거쳐 오늘에 이르고 있다. 이천시립박물관은 신관과 구관으로 나뉘는데 신관을 통해 자연스럽게 이어지는 구관의 외관은 창경궁의 외관을 본따 지어 마치 고궁에 온 듯한 느낌을 준다. 상설전시실 중 신관의 역사문화실과 근현대문화실은 선사시대부터 근현대 유물까지 이천과 관련된 다양한 자료를 소장하고 있어 안양의 역사와 문화를 한눈에 살펴볼 수 있다. 구관의 도자문화역사실은 도자기의 원료, 제작방법에 대한 설명을 시작으로 각 시대별 도자기의 역사와 함께 이천 도자기 명장들의 작품이 전시되어 있는데 특히 보물로 지정된 고려시대의 청자 양각연판문 접시를 소장되어 있다. 또 어린이들을 위한 체험∙학습 코너도 마련되어 있다. 신관 3층 산수유 놀이마당에서는 탁본 칠하기, 설봉산성 벽돌쌓기, 토기 맞추기, 독서 등의 다양한 활동과 교육실에서 단체 및 개인 관람객을 위한 무료 프로그램을 운영하며, 구관 도자문화역사실에서는 도자기 장식하기(문양도장 찍기), 가마 불지피기 게임 등의 전시체험을 할 수 있다. 경강선 이천역, 이천종합터미널에서 차량으로 약 10분 이내의 거리에 위치하고 있다. 이천시립박물관은 설봉공원 일원에 위치해 있어 공원 내 이천시립월전미술관, 설봉서원을 비롯 설봉국제조각공원, 문학동산, 설봉저수지 등을 함께 연계 방문할 수 있다. 인근에 이천도예촌, 성호호수연꽃단지, 한택식물원, 지산포레스트리조트스키장, 이천테르메덴, 덕평공룡수목원 등이 있다.","=GOOGLETRANSLATE(A684, ""ko"", ""ja"")"
"- 무료 : 상설전시, 무료 기획 및 특별전시- 유료 : 기획 및 특별전시, 대관 등 유료임을 공지하는 전시","=GOOGLETRANSLATE(A685, ""ko"", ""ja"")"
031-645-3677,"=GOOGLETRANSLATE(A686, ""ko"", ""ja"")"
한국기독교역사박물관,"=GOOGLETRANSLATE(A687, ""ko"", ""ja"")"
경기도 이천시 대월면 대평로214번길 10-13,"=GOOGLETRANSLATE(A688, ""ko"", ""ja"")"
"한국기독교역사박물관은 ""한국 기독교 문화 창달""이라는 목적을 갖고 1955년에 설립되어 초교파적 문서선교기관으로서 사명을 감당하여 온 기독교문사를 모태로 하고 있으며, 기독교문사가 한국 기독교선교 100주년을 기념으로 편찬한 ""기독교대백과사전"" 전16권을 비롯하여 다양한 기독교 양서들을 출판해오는 과정에서 한국 교회의 신앙·역사·문화와 관련된 10만여점의 귀중 자료들이 수집되었다. 여기에 본 박물관의 설립자인 향산 한영제 장로는 이 자료들이 학계와 교계에 연구자료로 사용될 수 있도록 ""향산기독교문화연구원""을 설립했으며 2001년 11월 11일 일반인에게도 그 기회의 폭을 넓히기 위해 경기도 이천에 본 박물관을 설립했다. 또한 2007년에는 평양 대부흥운동 100주년을 맞아 박물관 부지 내에 ""평양장대현교회""를 축소 복원했는데, 이는 관람객들에게 초대교회 신앙 회복과 문화를 체험할 수 있도록 옛 예배당에서의 예배체험 공간으로도 제공되고 있다. [출처: 한국기독교역사박물관]","=GOOGLETRANSLATE(A689, ""ko"", ""ja"")"
031-632-1391,"=GOOGLETRANSLATE(A690, ""ko"", ""ja"")"
지혜의 숲,"=GOOGLETRANSLATE(A691, ""ko"", ""ja"")"
경기도 파주시 회동길 145,"=GOOGLETRANSLATE(A692, ""ko"", ""ja"")"
"아시아출판문화 정보 센터에 위치하고 있는 지혜의 숲은 가치 있는 책을 한데 모아 보존·보호하고 관리하며 함께 보는 공동의 서재이다. 지혜의 숲은 출판도시문화 재단이 2014년도에 문화체육관광부의 후원을 받아 조성한 이래 재단의 자체 재원으로 운영하고 있는 복합문화공간이다. ◎ 한류의 매력을 만나는 여행 정보 소녀시대 데뷔곡 ‘다시 만난 세계’의 뮤직비디오 촬영지다. 효연의 댄스 브레이크 장면이 바로 이곳 야외 계단에서 촬영됐다. 건축상을 수상한 이색적인 건물 풍경은 &lt;로맨스는 별책부록&gt;, &lt;부부의 세계&gt; 등 여러 드라마의 배경이 되기도 했다.","=GOOGLETRANSLATE(A693, ""ko"", ""ja"")"
031-955-0062,"=GOOGLETRANSLATE(A694, ""ko"", ""ja"")"
메디테리움,"=GOOGLETRANSLATE(A695, ""ko"", ""ja"")"
경기 파주시 회동길 338,"=GOOGLETRANSLATE(A696, ""ko"", ""ja"")"
"메디테리움은 파주 출판도시 인근에 위치한 의학 테마 문화공간으로 의학 서적 전문 출판사인 군자출판사에서 운영하고 있다. 이곳은 우리가 일생동안 떼려야 뗄 수 없는 의학에 대한 기초지식을 습득하고 두려움을 해소하는 것을 목적으로 한다. 이를 위해 의학 전문 서적을 접할 수 있는 카페 겸 서점, 의학역사박물관, 의사놀이 등의 메디컬 체험이 가능한 메디컬 체험센터 등을 갖추고 있어 의학에 대한 독서, 학습, 체험을 두루 할 수 있다. 특히 의학역사박물관에는 옛날에 쓰이던 의료 도구와 표본 등이 전시되어 있고, 메디컬 체험센터에서는 긴급 상황에서 꼭 필요한 심폐소생술도 배울 수 있다. 주변에는 오두산 통일전망대, 헤이리 예술마을 등의 관광지가 있고 운정신도시, 자유로 등이 인접하여 접근성이 좋은 편이다.","=GOOGLETRANSLATE(A697, ""ko"", ""ja"")"
031-955-9150,"=GOOGLETRANSLATE(A698, ""ko"", ""ja"")"
성남시 야외공연장,"=GOOGLETRANSLATE(A699, ""ko"", ""ja"")"
성남 성남시 야외공연장,"=GOOGLETRANSLATE(A700, ""ko"", ""ja"")"
경기도 성남시 분당구 성남대로 550,"=GOOGLETRANSLATE(A701, ""ko"", ""ja"")"
"성남시 야외공연장은 분당 중앙공원 내에 위치한 공연장으로, 아름다운 자연과 어우러져 시민과 함께하는 문화 예술공간으로 자리매김하고 있다. 480석의 고정 객석과 잔디 객석에 최대 11,000명의 관객을 수용할 수 있는 공연장이다. 매년 진행되는 파크콘서트와 예술제, 박람회 등 다양한 공연과 행사를 통해 시민의 문화향유 기회를 높여 방문객들에게 높은 만족감을 선사하고 있다.","=GOOGLETRANSLATE(A702, ""ko"", ""ja"")"
031-711-7762,"=GOOGLETRANSLATE(A703, ""ko"", ""ja"")"
두루뫼박물관,"=GOOGLETRANSLATE(A704, ""ko"", ""ja"")"
경기도 파주시 법원읍 초리골길 278,"=GOOGLETRANSLATE(A705, ""ko"", ""ja"")"
"경기도 파주시 법원읍, 생태계가 살아있는 십리 계곡의 산림욕장 중심부에 자리를 잡은 두루뫼 박물관은 현대화 물결에 밀려 우리 조상의 손때 묻은 생활용품들이 사라져 가는 것을 안타까워한 설립자 강위수, 김애영 선생 부부가 30여 년간을 한 점 두 점 모아서 전시해 놓은 민속생활사 전문박물관이다.두루뫼(周山)는 설립자의 고향마을 이름으로서 북측 군사분계선내 장단군에 있다고 한다. 초등학생들의 소풍코스로도 이용되고 있다. 근래까지 실생활에 이용되던 우리 전래 생활용구는 너무나 광범위하고 보편화되어 사용되어 왔기 때문에 오히려 역사유물로서의 그 가치를 소홀히 하게 되었고, 현재에 이르러서는 훼손과 유실이 심화되어 멸실의 위기에 처하게 되었다.이에 두루뫼 박물관은 전래 생활용품 잔존품 수집에 역점을 두고 장독대, 토담, 싸리문, 터주가리, 업양가리, 서낭단,신당, 장승, 솟대, 헛간, 재래방앗간, 원두막 등 민속 문화재를 복원하여 전시하고 있다.장독대 뒤울안, 토담을 끼고 양지쪽에 자리를 잡은 장독대, 볏짚으로 만든 터주가리를 중심으로 키순대로 옹기종기 정답게 모여 앉은 큰 독 작은 독 오지 항아리 등 우리 선인들의숨결이 밴 그것들은 우리 국토의 특징인 유연한 굴곡의 산자락과 초가마을, 바람과 구름과 주변환경이 조화되고 자연과 어울리는 특성을 지닌다. 두루뫼 박물관에서는 장독대와 초가 사랑방, 방앗간, 헛간 등 기억 저편에 일면으로만 남아있던 고향의 그것들과 만날 수 있다.","=GOOGLETRANSLATE(A706, ""ko"", ""ja"")"
"개인 - 어른 5,000원 / 중고생 4,000원 / 어린이 3,000원 / 경로, 장애인, 군경, 유공자 4,000원 단체(30인 이상) - 어른 4,000원 / 중고생 3,000원 / 어린이 2,000원 / 경로, 장애인, 군경, 유공자 3,500원 ※ 경로 65세 이상","=GOOGLETRANSLATE(A707, ""ko"", ""ja"")"
031-958-6101,"=GOOGLETRANSLATE(A708, ""ko"", ""ja"")"
영집궁시박물관,"=GOOGLETRANSLATE(A709, ""ko"", ""ja"")"
경기 파주시 탄현면 국원말길 168,"=GOOGLETRANSLATE(A710, ""ko"", ""ja"")"
"영집궁시박물관은 2000년 12월 30일에 우리나라 최초로 설립된 활·화살 전문박물관이다. 박물관 명칭은 국가무형유산 궁시장 보유자인 유영기의 아호 영집(楹集)과 활·화살을 의미하는 궁시(弓矢)를 합친 것이다. 관장직은 유영기의 아들인 국가무형유산 궁시장 보유자 유세현이 이어받아 운영되는 형태이다. 박물관은 경기도 파주시에 위치된 장소이다. 전시실 내부에는 복원 및 수집된 활과 화살이 종류별로 진열되어 있으며, 국내외 다양한 형태의 활·화살을 상시 전시하는 공간이다. 또한 간이 활터를 통해 방문객이 전통 활쏘기를 체험할 수 있는 장소이다. 방태기 활과 쇠뇌 원리를 응용한 만들기 체험도 제공되어 활·화살에 대한 다채로운 체험이 가능한 장소이다.","=GOOGLETRANSLATE(A711, ""ko"", ""ja"")"
031-944-6800,"=GOOGLETRANSLATE(A712, ""ko"", ""ja"")"
법륜사,"=GOOGLETRANSLATE(A713, ""ko"", ""ja"")"
평택 법륜사,"=GOOGLETRANSLATE(A714, ""ko"", ""ja"")"
경기도 용인시 처인구 원삼면 농촌파크로 126,"=GOOGLETRANSLATE(A715, ""ko"", ""ja"")"
"법륜사는 경기도 용인시 문수산 기슭에 있는 관음성지 발원기도 도량이다. 현재 대웅전을 비롯해 극락보전, 관음전, 비구니 선원, 삼성각, 조사전, 범종각, 요사채 등이 여법하고 당당하게 자리하고 있다. 위용이 있는 130평의 대웅전은 남방불교 양식의 아(亞)자 복개형으로 민족의 영산 백두산 자생 홍송으로 건축되었으며, 본존불로 석굴암 부처님의 3배 규모인 53톤 중량의 석조 석가모니 부처님을, 좌우보처로 석조 문수 보현 보살상을 33톤 규모로 모시고 있으며, 좌측벽면에는 불법을 호지하는 104위 신중님과 동진보안보살상을 우측에는 1250불보살님을 봉안하여 찾는 이들의 신심을 더욱 고취시키고 있다. 상륜 큰스님은 ""법륜사가 비구니 스님들의 선지(禪地)이자 이천만 불자들의 관음성지로 자리매김 하기를 기원한다."" 하시고 ""공부하는 사람은 삼계에서 애착하는 일들을 몽땅 털어버려야 하니 털끝만큼이라도 애착이 남아 있으면 그것은 아직 공부가 덜 된 것이다.""는 유훈을 남기셨다. 현암 주지스님 부임이후 용인시의 대표사찰로 만들기 위하여 부단한 노력을 경주하고 있으며, 매일 기도가 끊이지 않고 있다. 현재 경기도 문화재 자료인 통일신라 하대의 삼층석탑을 보유하고 있다.","=GOOGLETRANSLATE(A716, ""ko"", ""ja"")"
031-332-5703,"=GOOGLETRANSLATE(A717, ""ko"", ""ja"")"
고양향교,"=GOOGLETRANSLATE(A718, ""ko"", ""ja"")"
고양 고양향교,"=GOOGLETRANSLATE(A719, ""ko"", ""ja"")"
경기도 고양시 덕양구 대양로285번길 33-13 (고양동),"=GOOGLETRANSLATE(A720, ""ko"", ""ja"")"
"&nbsp;고양향교는 경기도 고양시 덕양구 고양동에 있는 조선 후기 숙종 당시 창건된 향교이다. 향교는 훌륭한 유학자의 위패를 모시고 제사를 지내며 지방민의 교육과 교화를 위해 설립된 고려·조선시대의 국립 교육기관이다. 대자산 동쪽 기슭에 자리하고 있으며 홍살문을 시작으로 명륜당 등의 한옥 건물과 담장, 굴뚝, 기와 등이 어우러져 전통의 건축미가 남아있는 문화유산으로, 창건 이후의 자세한 역사는 전하지 않지만 여러 차례의 보수가 있었고, 1970년 담장을 보수하였다. 현존하는 건물은 5칸의 대성전을 중심으로 동재, 서재, 내삼문 등이 있으며, 명륜당은 없다. 대성전 안에는 5성의 위패가, 동무서무에는 송조2현 및 우리나라 18현의 위패가 봉안되어 있다. 조선시대에는 국가로부터 전답과 노비·전적 등을 지급받아 교관이 교생을 가르쳤으나 현재는 교육적 기능은 없어지고, 봄·가을에 석전(釋奠)을 봉행(奉行)하고 초하루·보름에 분향을 올리고 있으며, 전교(典校) 1명과 장의(掌議) 수명이 운영을 담당하고 있다. 이 향교는 경기도 문화재자료로 지정되어 있다. 주요 체험 프로그램으로는 향교에서 선비체험을 통해 바른 예절과 선비정신을 배워볼 수 있는 고양유생 예절학당과 신나게 놀며 다양한 전통놀이를 즐길 수 있는 꼬마선비 풍류놀이터 등이 있다.","=GOOGLETRANSLATE(A721, ""ko"", ""ja"")"
031-964-9175,"=GOOGLETRANSLATE(A722, ""ko"", ""ja"")"
안성향교,"=GOOGLETRANSLATE(A723, ""ko"", ""ja"")"
안성 안성향교,"=GOOGLETRANSLATE(A724, ""ko"", ""ja"")"
경기도 안성시 낙원길 22,"=GOOGLETRANSLATE(A725, ""ko"", ""ja"")"
"&nbsp;안성향교는 1532년 창건된 된 향교로, 1932년과 1986년, 1988년 총 3차례 중수하였다. 향교는 훌륭한 유학자의 위패를 모시고 제사를 지내며, 지방민의 교육과 교화를 위해 설립된 고려·조선시대의 국립 교육기관이다. 현존하는 건물로는 대성전·명륜당·동재(東齋)·서재(西齋)·내삼문(內三門)·외삼문(外三門)·풍화루(風化樓) 등이 있으며, 대성전에는 5성(五聖), 10철(十哲), 송조6현(宋朝六賢), 우리 나라 18현(十八賢)의 위패가 봉안되어 있다. 대성전은 문묘를 배향한 곳으로 정면 3칸, 측면 2칸의 맞배지붕 건물이다. 명륜당은 일종의 교실이며, 풍화루는 일종의 강당으로 전국에 안성과 남원밖에 없으며 규모는 정면 11칸, 측면 1칸으로 이루어져 있다.&nbsp;조선시대에는 국가로부터 토지와 전적·노비 등을 지급받아 교관(敎官) 1명이 정원 50명의 교생(校生)을 가르쳤으나, 갑오경장 이후 신학제 실시에 따라 교육적 기능은 없어지고 봄·가을에 석전(釋奠)을 봉행(奉行)하며 초하루·보름에 분향을 하고 있다. 이 향교는 현재 경기도 문화재자료로 지정되어 있으며, 전교(典校) 1명과 장의(掌議) 수명이 운영을 담당하고 있다.&nbsp;안성향교의 풍화로는 조선시대 향교 문루(아래에는 출입을 하는 문을 내고, 위에는 누를 지어 사방을 두루 살피는 기능을 가진 건물) 중에서 가장 규모가 크며, 경사지라는 입지여건의 특징을 잘 살려 외부에서 향교 내부가 들여다보이지 않도록 향교 전면을 효과적으로 가릴 수 있는 적절한 높이와 규모를 가진 건물이다.","=GOOGLETRANSLATE(A726, ""ko"", ""ja"")"
031-675-0027,"=GOOGLETRANSLATE(A727, ""ko"", ""ja"")"
통진향교,"=GOOGLETRANSLATE(A728, ""ko"", ""ja"")"
김포 통진향교,"=GOOGLETRANSLATE(A729, ""ko"", ""ja"")"
경기도 김포시 월곶면 군하로 288-21,"=GOOGLETRANSLATE(A730, ""ko"", ""ja"")"
"통진향교는 경기도 김포시 월곶면 군하리에 있는 향교이며, 1983년 경기도의 문화재자료로 지정되었다. 향교는 훌륭한 유학자의 위패를 모시고 제사를 지내며, 지방민의 교육과 교화를 위해 설립된 고려·조선시대의 국립 교육기관이다. 통진향교는 1127년에 처음 지었다고 전하나 확실하지 않다. 통진은 [나루를 통한다]라는 뜻으로 조선 시대에 한강 입구를 지키는 중요한 장소였다고 한다. 조선 시대에는 나라에서 지원을 받아 학생을 가르쳤으나, 지금은 교육 기능은 없어지고 제사 기능만 남아있다. 현재 향교는 대성전을 제외하고는 비교적 근대에 지어진 건물로 구성되어 있다. 명륜당은 한국 전쟁 이후 새로 지어졌고, 1994년과 1995년에는 동재와 2층 누각인 풍화루를 각각 복원하였다. 현존하는 건물로는 정면 4칸, 측면 3칸의 대성전, 정면 5칸, 측면 2칸의 명륜당, 내삼문(內三門), 정면 5칸, 측면 2칸의 서재(西齋) 등이 있다. 대성전에는 5성(五聖), 송조4현(宋朝四賢), 우리 나라 18현(十八賢)의 위패를 봉안하고 있다. 조선시대에는 국가로부터 토지와 전적·노비 등을 지급받아 교관 1명이 정원 30명의 교생을 가르쳤으나, 갑오개혁 이후 신학제 실시에 따라 교육적 기능은 없어지고 봄·가을에 석전(釋奠)을 봉행(奉行)하며 초하루·보름에 분향을 하고 있다. 이 향교는 경기도 문화재자료로 지정되어 있으며, 향교의 운영은 전교(典校) 1명과 장의(掌議) 수명이 담당하고 있다. 건물 배치는 풍화루의 아래 통로를 거치면, 앞쪽에 교육 공간인 명륜당과 기숙사인 동재가 있으며 뒤쪽에 제사 공간인 대성전이 있는 일반적인 전학후묘의 형식을 하고 있다. 통진향교의 대성전은 허가를 받지 않은 일반인의 출입이 불가하며, 예약을 통한 체험활동이 가능하다. 예약을 위해서는 관리자 〔향교재단〕에 문의해야 한다.&nbsp;&nbsp;","=GOOGLETRANSLATE(A731, ""ko"", ""ja"")"
김포시 문화관광과 031-980-2485,"=GOOGLETRANSLATE(A732, ""ko"", ""ja"")"
고송정지,"=GOOGLETRANSLATE(A733, ""ko"", ""ja"")"
안산 고송정지,"=GOOGLETRANSLATE(A734, ""ko"", ""ja"")"
경기도 안산시 단원구 화정동,"=GOOGLETRANSLATE(A735, ""ko"", ""ja"")"
"단종 복위운동에 가담했다가 참화를 당한 김문기(金文起)의 손(孫)인 김충주(金忠柱)가 살던 자리이다. 김충주는 밤중에 도성을 탈출하여 여러곳을 전전하다가 화정동에 숨어 살면서 풀을 엮어 집을 짓고 숯을 구워파는 것을 업으로 삼으며 스스로 호를 탄옹(炭翁)이라 칭하고, 평생 고기와 술을 먹지 않고 베옷에 평립(平笠)을 쓰고 다녔다고 한다. 단종에 대한 마음이 변할때마다 단종의 묘소가 있는 영월을 바라보며 통곡하였으며, 할아버지와 아버지가 비명에 숨진것을 애통하게 슬퍼하여 흘린 눈물에 소나무가 말라죽었다고 한다.순조27년(1827) 그의 9세손인 진사(進士) 김처일(金處一)이 그 자리에 고송정(枯松亭)이란 정자를 지었다. 풀을 엮어 집을 짓고 숯을 구워 파는 것을 직업으로 삼으며 자신을 숯 굽는 노인 [탄옹]이라 했다 하여 고송정터를 탄옹고터라고도 한다. 정자는 앞면 2칸 옆면 2칸 규모로, 지붕은 옆면에서 볼 때 여덟 팔자 모양인 팔작지붕이다. 정자 왼쪽에는 [탄옹고지]라고 새긴 바위가 있으며, 고송정 오른쪽으로 올라가면 그가 단종을 그리며 울던 망월암이라는 바위가 있다. 주변에는 500년 이상 된 느티나무와 향나무가 있어 자연경관이 뛰어나다.","=GOOGLETRANSLATE(A736, ""ko"", ""ja"")"
031-481-3059,"=GOOGLETRANSLATE(A737, ""ko"", ""ja"")"
죽산향교,"=GOOGLETRANSLATE(A738, ""ko"", ""ja"")"
안성 죽산향교,"=GOOGLETRANSLATE(A739, ""ko"", ""ja"")"
경기도 안성시 죽산면 죽산향교길 54-45,"=GOOGLETRANSLATE(A740, ""ko"", ""ja"")"
"안성시 죽산고등학교 옆에 자리한 죽산향교는 중종 28년(1533)에 현유(賢儒)의 위패를 봉안, 배향하고 지방민의 교육과 교화를 위하여 창건됐으며 임진왜란 때 불탄 뒤 지금의 자리로 옮겨졌다. 외삼문 밖으로 하마비와 홍살문이 있고 경사지 대지 아래쪽에는 교육 공간인 동·서재가 생략된 명륜당과 내삼문이 구성되어 있으며, 위쪽에는 제사 공간인 대성전과 동·서무를 두는 전학후묘의 형식을 갖추고 있다. 대성전은 앞면 3칸, 옆면 2칸의 규모이며, 현재 5성(五聖), 10철(十哲), 송조 6현(宋朝六賢), 우리나라 18 현(十八賢)의 위패가 봉안되어 있다. 지붕은 맞배지붕으로 되어있다. 동무와 서무는 각각 앞면 3칸, 옆면 1칸 규모로 지붕은 맞배지붕으로 되어있다. 강당인 명륜당은 앞면 3칸, 옆면 2칸 규모를 갖추고 있다. 조선시대에는 나라에서 토지와 노비와 책 등을 지원받아 교관 1명이 정원 30명의 교생을 가르쳤으나, 갑오개혁 이후 신학제 실시에 따라 교육적 기능은 없어지고, 봄과 가을에 석전을 봉행하며 초하루와 보름에 분향을 하고 있다. 경기도 문화재자료로 지정되어 있으며, 향교의 운영은 전교 1명과 장의 여러 명이 담당하고 있다.","=GOOGLETRANSLATE(A741, ""ko"", ""ja"")"
배다골테마파크,"=GOOGLETRANSLATE(A742, ""ko"", ""ja"")"
고양 배다골테마파크,"=GOOGLETRANSLATE(A743, ""ko"", ""ja"")"
경기도 고양시 덕양구 배다골길 131,"=GOOGLETRANSLATE(A744, ""ko"", ""ja"")"
"배다골은 예부터 [배가 닿는 마을]이라 하여 배다골로 불리는 곳이다. 배다골 테마파크는 자연 생태계의 복원을 위해 물을 정화하는 연꽃 재배를 시작으로 자연과 사람과의 교감을 위해 잉어를 키우면서 시작되었다. 이후 미래가치를 위해 현재를 아름답게 가꿔야 한다는 마음으로 조성된 곳이 지금의 테마파크이다. 이곳은 아이들뿐만 아니라 어른들까지 자연의 소중함을 느낄 수 있는 체험학습장이다. 사계절 운영되는 민속박물관, 잉어 체험관, 풋살장, 알파카 농장, 난타 교육관 등이 있고 여름엔 취사할 수 있는 수영장도 운영하고 있다. 가을엔 무박 캠핑인 캠크닉을 운영하고 밤과 고구마 체험장도 운영하며 겨울엔 딸기농장에서 딸기 따기 체험도 할 수 있다. 이 밖에 모래놀이, 활쏘기, 붕붕카와 페달 카트, 트램펄린, 입체영화관, 샌드아트, 빅 블록, 숲 놀이터, 탱탱볼 존, 스포츠 존 등 아이들이 자연 속에서 마음껏 놀며 체험할 수 있는 장소가 마련되어 있어 가족들이 함께 즐기기에 좋다.","=GOOGLETRANSLATE(A745, ""ko"", ""ja"")"
031-970-6330,"=GOOGLETRANSLATE(A746, ""ko"", ""ja"")"
왕과 사는 남자,"=GOOGLETRANSLATE(A747, ""ko"", ""ja"")"
호퍼스,"=GOOGLETRANSLATE(A748, ""ko"", ""ja"")"
삼악도,"=GOOGLETRANSLATE(A749, ""ko"", ""ja"")"
15세이상관람가,"=GOOGLETRANSLATE(A750, ""ko"", ""ja"")"
휴민트,"=GOOGLETRANSLATE(A751, ""ko"", ""ja"")"
오만과 편견,"=GOOGLETRANSLATE(A752, ""ko"", ""ja"")"
12세관람가,"=GOOGLETRANSLATE(A753, ""ko"", ""ja"")"
매드 댄스 오피스,"=GOOGLETRANSLATE(A754, ""ko"", ""ja"")"
햄넷,"=GOOGLETRANSLATE(A755, ""ko"", ""ja"")"
투어스 브이알 콘서트 : 러쉬로드,"=GOOGLETRANSLATE(A756, ""ko"", ""ja"")"
센티멘탈 밸류,"=GOOGLETRANSLATE(A757, ""ko"", ""ja"")"
극장의 시간들,"=GOOGLETRANSLATE(A758, ""ko"", ""ja"")"
녹나무의 파수꾼,"=GOOGLETRANSLATE(A759, ""ko"", ""ja"")"
드림스,"=GOOGLETRANSLATE(A760, ""ko"", ""ja"")"
청소년관람불가,"=GOOGLETRANSLATE(A761, ""ko"", ""ja"")"
폭탄,"=GOOGLETRANSLATE(A762, ""ko"", ""ja"")"
프로젝트 헤일메리,"=GOOGLETRANSLATE(A763, ""ko"", ""ja"")"
빌리 아일리시 - 히트 미 하드 앤드 소프트: 더 투어,"=GOOGLETRANSLATE(A764, ""ko"", ""ja"")"
등급 미정,"=GOOGLETRANSLATE(A765, ""ko"", ""ja"")"
김~치!,"=GOOGLETRANSLATE(A766, ""ko"", ""ja"")"
왜(歪): 더 카르텔,"=GOOGLETRANSLATE(A767, ""ko"", ""ja"")"
프로텍터,"=GOOGLETRANSLATE(A768, ""ko"", ""ja"")"
뮤지컬 장수탕 선녀님,"=GOOGLETRANSLATE(A769, ""ko"", ""ja"")"
파이 굽는 엄마,"=GOOGLETRANSLATE(A770, ""ko"", ""ja"")"
펫 트레인,"=GOOGLETRANSLATE(A771, ""ko"", ""ja"")"
네가 마지막으로 남긴 노래,"=GOOGLETRANSLATE(A772, ""ko"", ""ja"")"
두 검사,"=GOOGLETRANSLATE(A773, ""ko"", ""ja"")"
류이치 사카모토: 다이어리,"=GOOGLETRANSLATE(A774, ""ko"", ""ja"")"
소녀심판,"=GOOGLETRANSLATE(A775, ""ko"", ""ja"")"
슈퍼 마리오 갤럭시,"=GOOGLETRANSLATE(A776, ""ko"", ""ja"")"
킬 빌: 더 홀 블러디 어페어,"=GOOGLETRANSLATE(A777, ""ko"", ""ja"")"
살목지,"=GOOGLETRANSLATE(A778, ""ko"", ""ja"")"
크라임 101,"=GOOGLETRANSLATE(A779, ""ko"", ""ja"")"
침묵의 친구,"=GOOGLETRANSLATE(A780, ""ko"", ""ja"")"
마이클,"=GOOGLETRANSLATE(A781, ""ko"", ""ja"")"
악마는 프라다를 입는다 2,"=GOOGLETRANSLATE(A782, ""ko"", ""ja"")"
만달로리안과 그로구,"=GOOGLETRANSLATE(A783, ""ko"", ""ja"")"
디스클로저 데이,"=GOOGLETRANSLATE(A784, ""ko"", ""ja"")"
토이 스토리 5,"=GOOGLETRANSLATE(A785, ""ko"", ""ja"")"
미니언즈 & 몬스터즈,"=GOOGLETRANSLATE(A786, ""ko"", ""ja"")"
슈퍼걸,"=GOOGLETRANSLATE(A787, ""ko"", ""ja"")"
모아나,"=GOOGLETRANSLATE(A788, ""ko"", ""ja"")"
오디세이,"=GOOGLETRANSLATE(A789, ""ko"", ""ja"")"
어벤져스: 둠스데이,"=GOOGLETRANSLATE(A790, ""ko"", ""ja"")"
결혼해줄래?,"=GOOGLETRANSLATE(A791, ""ko"", ""ja"")"
그녀가 돌아온 날,"=GOOGLETRANSLATE(A792, ""ko"", ""ja"")"
다이 마이 러브,"=GOOGLETRANSLATE(A793, ""ko"", ""ja"")"
미스매치,"=GOOGLETRANSLATE(A794, ""ko"", ""ja"")"
브라이드!,"=GOOGLETRANSLATE(A795, ""ko"", ""ja"")"
사랑의 하츄핑: 고래보석의 전설,"=GOOGLETRANSLATE(A796, ""ko"", ""ja"")"
쉘터,"=GOOGLETRANSLATE(A797, ""ko"", ""ja"")"
스페셜즈,"=GOOGLETRANSLATE(A798, ""ko"", ""ja"")"
아르코,"=GOOGLETRANSLATE(A799, ""ko"", ""ja"")"
"오, 발렌타인","=GOOGLETRANSLATE(A800, ""ko"", ""ja"")"
우리는 매일매일,"=GOOGLETRANSLATE(A801, ""ko"", ""ja"")"
좀비 랜드 사가: 유메긴가 파라다이스,"=GOOGLETRANSLATE(A802, ""ko"", ""ja"")"
허리 업 투모로우,"=GOOGLETRANSLATE(A803, ""ko"", ""ja"")"
