Original,TranslationFormula
"서울시합창단, 가곡시대","=GOOGLETRANSLATE(A2, ""ko"", ""ja"")"
최고다 호기심딱지 시즌3: 동화나라 구출 대작전 [포항],"=GOOGLETRANSLATE(A3, ""ko"", ""ja"")"
지브리와 사랑에 빠지다: 지브리 영화음악 콘서트 스페셜 [포항],"=GOOGLETRANSLATE(A4, ""ko"", ""ja"")"
CINEMA IN CLASSIC: 지브리 픽사 영화음악 OST,"=GOOGLETRANSLATE(A5, ""ko"", ""ja"")"
비원뮤직홀 콘서트홀,"=GOOGLETRANSLATE(A6, ""ko"", ""ja"")"
대구 서구 달서천로 374,"=GOOGLETRANSLATE(A7, ""ko"", ""ja"")"
"엄마까투리: 유치원도, 도시도 처음이야 [구리]","=GOOGLETRANSLATE(A8, ""ko"", ""ja"")"
제450회 인천시립교향악단 정기연주회: 인천시향의 말러,"=GOOGLETRANSLATE(A9, ""ko"", ""ja"")"
제449회 인천시립교향악단 정기연주회: 인천시향과 크리스토프 포펜,"=GOOGLETRANSLATE(A10, ""ko"", ""ja"")"
제448회 인천시립교향악단 정기연주회: 인천시향의 브람스,"=GOOGLETRANSLATE(A11, ""ko"", ""ja"")"
제447회 인천시립교향악단 정기연주회: 인천시향의 버르토크,"=GOOGLETRANSLATE(A12, ""ko"", ""ja"")"
제445회 인천시립교향악단 정기연주회,"=GOOGLETRANSLATE(A13, ""ko"", ""ja"")"
제446회 인천시립교향악단 정기연주회: 창단 60주년 기념음악회,"=GOOGLETRANSLATE(A14, ""ko"", ""ja"")"
제444회 인천시립교향악단 정기연주회,"=GOOGLETRANSLATE(A15, ""ko"", ""ja"")"
제443회 인천시립교향악단 정기연주회: 인천시향의 드보르자크,"=GOOGLETRANSLATE(A16, ""ko"", ""ja"")"
제442회 인천시립교향악단 정기연주회: 인천시향의 말러,"=GOOGLETRANSLATE(A17, ""ko"", ""ja"")"
지브리를 품은 클래식: 바람이 피어나는 계절,"=GOOGLETRANSLATE(A18, ""ko"", ""ja"")"
아마자라시 아시아투어,"=GOOGLETRANSLATE(A19, ""ko"", ""ja"")"
"데뷔 60주년 기념공연, 남진 전국투어 콘서트 [수원]","=GOOGLETRANSLATE(A20, ""ko"", ""ja"")"
"VIP석 143,000원
R석 121,000원
S석 88,000원
A석 77,000원","=GOOGLETRANSLATE(A21, ""ko"", ""ja"")"
The 심수봉 SHOW [수원],"=GOOGLETRANSLATE(A22, ""ko"", ""ja"")"
"VIP석 132,000원
R석 110,000원
S석 88,000원
A석 77,000원","=GOOGLETRANSLATE(A23, ""ko"", ""ja"")"
신데렐라 [인천 남동],"=GOOGLETRANSLATE(A24, ""ko"", ""ja"")"
겨울왕국: 겨울이야기 [익산],"=GOOGLETRANSLATE(A25, ""ko"", ""ja"")"
"크라프트베르크 내한공연, Kraftwerk Multimedia Tour in Seoul","=GOOGLETRANSLATE(A26, ""ko"", ""ja"")"
러브 내한공연 (luv ASIA TOUR in SEOUL),"=GOOGLETRANSLATE(A27, ""ko"", ""ja"")"
겨울왕국: 겨울이야기 [이천],"=GOOGLETRANSLATE(A28, ""ko"", ""ja"")"
"국립심포니오케스트라, 영화음악 콘서트","=GOOGLETRANSLATE(A29, ""ko"", ""ja"")"
"R석 80,000원
S석 50,000원
A석 30,000원
B석 10,000원","=GOOGLETRANSLATE(A30, ""ko"", ""ja"")"
"제266회 국립심포니오케스트라 정기연주회: 파야, 삼각모자 모음곡","=GOOGLETRANSLATE(A31, ""ko"", ""ja"")"
"제264회 국립심포니오케스트라 정기연주회: 멘델스존, 교향곡 4번 이탈리아","=GOOGLETRANSLATE(A32, ""ko"", ""ja"")"
"제267회 국립심포니오케스트라 정기연주회: 슈만, 교향곡 2번","=GOOGLETRANSLATE(A33, ""ko"", ""ja"")"
"국립심포니오케스트라, 영화음악 콘서트: 할리우드 블록버스터","=GOOGLETRANSLATE(A34, ""ko"", ""ja"")"
"제268회 국립심포니오케스트라 정기연주회: 멘델스존, 교향곡 3번 스코틀랜드","=GOOGLETRANSLATE(A35, ""ko"", ""ja"")"
"제265회 국립심포니오케스트라 정기연주회: 베토벤, 교향곡 7번","=GOOGLETRANSLATE(A36, ""ko"", ""ja"")"
오스카상 수상 작곡가 제임스 호너의 타이타닉 & 아바타 라이브 백-투-백 필름 콘서트,"=GOOGLETRANSLATE(A37, ""ko"", ""ja"")"
"VIP석 187,000원
R석 154,000원
S석 132,000원
A석 110,000원
B석 99,000원
C석 66,000원","=GOOGLETRANSLATE(A38, ""ko"", ""ja"")"
"제263회 국립심포니오케스트라 정기연주회: 거슈윈, 파리의 아메리카인","=GOOGLETRANSLATE(A39, ""ko"", ""ja"")"
제824회 KBS교향악단 정기연주회,"=GOOGLETRANSLATE(A40, ""ko"", ""ja"")"
에그박사: 해적 보물섬의 비밀 [오산],"=GOOGLETRANSLATE(A41, ""ko"", ""ja"")"
제4회 고3형민 노예해방쇼,"=GOOGLETRANSLATE(A42, ""ko"", ""ja"")"
"아름다운 목요일 영 오디세이: 베토벤, Ⅲ. 윤해원 & 박원민 & 진영훈 Violin","=GOOGLETRANSLATE(A43, ""ko"", ""ja"")"
"아름다운 목요일 영 오디세이: 베토벤, Ⅰ. 이현정 & 손지우 Violin","=GOOGLETRANSLATE(A44, ""ko"", ""ja"")"
"아름다운 목요일 영 오디세이: 모차르트, Ⅳ. 이정우 & 김아인 Piano","=GOOGLETRANSLATE(A45, ""ko"", ""ja"")"
"아름다운 목요일 영 오디세이: 모차르트, III. 남예서 & 홍석영 & 박해림 Piano","=GOOGLETRANSLATE(A46, ""ko"", ""ja"")"
"아름다운 목요일 영 오디세이: 모차르트, Ⅱ. 남예서 & 이정우 Piano","=GOOGLETRANSLATE(A47, ""ko"", ""ja"")"
"아름다운 목요일 영 오디세이: 모차르트, Ⅰ. 홍석영 & 박해림 & 김아인 Piano","=GOOGLETRANSLATE(A48, ""ko"", ""ja"")"
"아름다운 목요일 스페이스, 트리오 오원 Piano Trio","=GOOGLETRANSLATE(A49, ""ko"", ""ja"")"
"아름다운 목요일 스페이스, 노부스 콰르텟 String Quartet","=GOOGLETRANSLATE(A50, ""ko"", ""ja"")"
"아름다운 목요일 스페이스, 김다솔 Piano","=GOOGLETRANSLATE(A51, ""ko"", ""ja"")"
"아름다운 목요일 스페이스, 김다미 Violin","=GOOGLETRANSLATE(A52, ""ko"", ""ja"")"
"아름다운 목요일 스페셜 콘서트, 윤이상국제음악콩쿠르 박성용영재특별상 수상자 음악회, 이재리 Cello","=GOOGLETRANSLATE(A53, ""ko"", ""ja"")"
"아름다운 목요일 금호아트홀 상주음악가, 바리톤 김태한: 페르소나 Ⅳ. 고독","=GOOGLETRANSLATE(A54, ""ko"", ""ja"")"
"아름다운 목요일 금호아트홀 상주음악가, 바리톤 김태한: 페르소나 Ⅲ. 사랑","=GOOGLETRANSLATE(A55, ""ko"", ""ja"")"
"아름다운 목요일 금호아트홀 상주음악가, 바리톤 김태한: 페르소나 Ⅱ. 관계","=GOOGLETRANSLATE(A56, ""ko"", ""ja"")"
"아름다운 목요일 금호솔로이스츠, 금호솔로이스츠: 선율의 항해 Ⅳ. 러시아, 영혼의 기록","=GOOGLETRANSLATE(A57, ""ko"", ""ja"")"
"아름다운 목요일 금호솔로이스츠, 금호솔로이스츠: 선율의 항해 Ⅲ. 오스트리아, 전통의 숨결","=GOOGLETRANSLATE(A58, ""ko"", ""ja"")"
"아름다운 목요일 금호솔로이스츠, 금호솔로이스츠: 선율의 항해 Ⅱ. 동유럽, 사랑과 열정으로","=GOOGLETRANSLATE(A59, ""ko"", ""ja"")"
"아름다운 목요일 금호라이징스타, 희석 엘리아스 아클리 Piano","=GOOGLETRANSLATE(A60, ""ko"", ""ja"")"
"아름다운 목요일 금호라이징스타, 이해수 Viola","=GOOGLETRANSLATE(A61, ""ko"", ""ja"")"
"아름다운 목요일 금호 Exclusive, 로날트 브라우티함 Fortepiano","=GOOGLETRANSLATE(A62, ""ko"", ""ja"")"
"R석 100,000원
S석 90,000원","=GOOGLETRANSLATE(A63, ""ko"", ""ja"")"
아름다운 목요일 인터내셔널 마스터즈: 스티븐 허프 Piano,"=GOOGLETRANSLATE(A64, ""ko"", ""ja"")"
"R석 80,000원
S석 70,000원","=GOOGLETRANSLATE(A65, ""ko"", ""ja"")"
"아름다운 목요일: 고요, 그 너머에: 조진주 Violin Solo","=GOOGLETRANSLATE(A66, ""ko"", ""ja"")"
"아름다운 목요일 인터내셔널 마스터즈, 모차르트 플러스 Ⅱ: 폴 루이스 Piano","=GOOGLETRANSLATE(A67, ""ko"", ""ja"")"
"아름다운 목요일: 고요, 그 너머에: 조진주 Violin","=GOOGLETRANSLATE(A68, ""ko"", ""ja"")"
아름다운 목요일 위대한 작곡가: 프란츠 슈베르트 X 문지영 Piano Ⅰ,"=GOOGLETRANSLATE(A69, ""ko"", ""ja"")"
아름다운 목요일 위대한 작곡가: 루트비히 판 베토벤 X 김태형 Piano Ⅱ,"=GOOGLETRANSLATE(A70, ""ko"", ""ja"")"
아름다운 목요일 위대한 작곡가: J.S.바흐 X 한수진 Violin,"=GOOGLETRANSLATE(A71, ""ko"", ""ja"")"
아름다운 목요일 요하네스: 이한나 Viola & 김다솔 Piano,"=GOOGLETRANSLATE(A72, ""ko"", ""ja"")"
아름다운 목요일 요하네스: 윤홍천 Piano,"=GOOGLETRANSLATE(A73, ""ko"", ""ja"")"
"국립창극단, 완창판소리 (6월)","=GOOGLETRANSLATE(A74, ""ko"", ""ja"")"
"국립무용단, 귀향","=GOOGLETRANSLATE(A75, ""ko"", ""ja"")"
"VIP석 70,000원
R석 50,000원
S석 30,000원
A석 20,000원","=GOOGLETRANSLATE(A76, ""ko"", ""ja"")"
"국립국악관현악단 관현악시리즈 Ⅳ, 이병우와 국립국악관현악단","=GOOGLETRANSLATE(A77, ""ko"", ""ja"")"
"국립창극단, 완창판소리 (5월)","=GOOGLETRANSLATE(A78, ""ko"", ""ja"")"
"국립국악관현악단, 정오의 음악회 (4월)","=GOOGLETRANSLATE(A79, ""ko"", ""ja"")"
"국립창극단, 절창 Ⅵ","=GOOGLETRANSLATE(A80, ""ko"", ""ja"")"
"국립국악관현악단, 관현악시리즈 Ⅲ. 상주작곡가: 손다혜·홍민웅","=GOOGLETRANSLATE(A81, ""ko"", ""ja"")"
"R석 50,000원
S석 30,000원
S석 20,000원","=GOOGLETRANSLATE(A82, ""ko"", ""ja"")"
"국립창극단, 완창판소리 (4월)","=GOOGLETRANSLATE(A83, ""ko"", ""ja"")"
"국립국악관현악단, 정오의 음악회 (5월)","=GOOGLETRANSLATE(A84, ""ko"", ""ja"")"
"국립국악관현악단, 어린이 음악회: 신나락 만나락","=GOOGLETRANSLATE(A85, ""ko"", ""ja"")"
"함께, 봄","=GOOGLETRANSLATE(A86, ""ko"", ""ja"")"
지브리와 사랑에 빠지다: 지브리 영화음악 콘서트 스페셜 [창원],"=GOOGLETRANSLATE(A87, ""ko"", ""ja"")"
칼로막베스,"=GOOGLETRANSLATE(A88, ""ko"", ""ja"")"
로미오와 줄리엣 The Clown,"=GOOGLETRANSLATE(A89, ""ko"", ""ja"")"
인사이드 미 [부산 동구],"=GOOGLETRANSLATE(A90, ""ko"", ""ja"")"
NIKKE ORCHESTRAL CONCERT: Unbreakable Memories,"=GOOGLETRANSLATE(A91, ""ko"", ""ja"")"
"S석 143,000원
A석 132,000원","=GOOGLETRANSLATE(A92, ""ko"", ""ja"")"
살로메,"=GOOGLETRANSLATE(A93, ""ko"", ""ja"")"
백건우 피아노 리사이틀,"=GOOGLETRANSLATE(A94, ""ko"", ""ja"")"
"R석 100,000원
S석 70,000원
A석 50,000원","=GOOGLETRANSLATE(A95, ""ko"", ""ja"")"
"Sound of Busan #3: 유나이티드 코리안 오케스트라, 올 댓 차이콥스키 (교향곡#6)","=GOOGLETRANSLATE(A96, ""ko"", ""ja"")"
"Sound of Busan #2: 부산네오필하모닉오케스트라, 올 댓 차이콥스키 (교향곡#5)","=GOOGLETRANSLATE(A97, ""ko"", ""ja"")"
살롱 드 국악 Ⅰ. 첼로가야금,"=GOOGLETRANSLATE(A98, ""ko"", ""ja"")"
살롱 드 국악 Ⅱ. 추다혜차지스,"=GOOGLETRANSLATE(A99, ""ko"", ""ja"")"
Puma Blue Live,"=GOOGLETRANSLATE(A100, ""ko"", ""ja"")"
"스탠딩 99,000원","=GOOGLETRANSLATE(A101, ""ko"", ""ja"")"
서울시향 얍 판 츠베덴의 말러 교향곡 6번: 비극적,"=GOOGLETRANSLATE(A102, ""ko"", ""ja"")"
"키우피우 오브제극축제, 걸리버 여행기: ZOOM IN OUT","=GOOGLETRANSLATE(A103, ""ko"", ""ja"")"
새봄맞이 합창제: 우리들의 합창,"=GOOGLETRANSLATE(A104, ""ko"", ""ja"")"
"제2회 신진예술인 풀충전 페스티벌, 토끼굴에 갇힌 새","=GOOGLETRANSLATE(A105, ""ko"", ""ja"")"
"키우피우 오브제극축제, 봉장취","=GOOGLETRANSLATE(A106, ""ko"", ""ja"")"
"키우피우 오브제극축제, 코 잃은 코끼리 코바","=GOOGLETRANSLATE(A107, ""ko"", ""ja"")"
"위클리 클래식 페스티벌, 사랑이 형태를 가질 때: 피아노 서승은 [서울 수서]","=GOOGLETRANSLATE(A108, ""ko"", ""ja"")"
서울특별시 강남구 밤고개로34길 14 (세곡동),"=GOOGLETRANSLATE(A109, ""ko"", ""ja"")"
"위클리 클래식 페스티벌, 앙상블 패치워크: 봄바라기 [논산]","=GOOGLETRANSLATE(A110, ""ko"", ""ja"")"
프리비젼스튜디오,"=GOOGLETRANSLATE(A111, ""ko"", ""ja"")"
충청남도 논산시 은진면 탑정로 596,"=GOOGLETRANSLATE(A112, ""ko"", ""ja"")"
"위클리 클래식 페스티벌: 사랑, 다섯 개의 숨: 앙상블 F [경기오산]","=GOOGLETRANSLATE(A113, ""ko"", ""ja"")"
MEG아트홀,"=GOOGLETRANSLATE(A114, ""ko"", ""ja"")"
경기도 오산시 내삼미로 93(수청동),"=GOOGLETRANSLATE(A115, ""ko"", ""ja"")"
"대한민국연극제 서울대회, NO EXIT 노엑시트","=GOOGLETRANSLATE(A116, ""ko"", ""ja"")"
강남씨어터,"=GOOGLETRANSLATE(A117, ""ko"", ""ja"")"
서울특별시 강남구 역삼로7길 16 (역삼동),"=GOOGLETRANSLATE(A118, ""ko"", ""ja"")"
제1회 은곡마을 음악축제: ENCOUNTER,"=GOOGLETRANSLATE(A119, ""ko"", ""ja"")"
야기스튜디오,"=GOOGLETRANSLATE(A120, ""ko"", ""ja"")"
서울특별시 강남구 헌릉로569길 37(세곡동),"=GOOGLETRANSLATE(A121, ""ko"", ""ja"")"
음악극 페스티벌,"=GOOGLETRANSLATE(A122, ""ko"", ""ja"")"
"서울 국제 모노드라마 페스티벌, 덕질의 이해","=GOOGLETRANSLATE(A123, ""ko"", ""ja"")"
서울특별시 중구 삼일대로9길 12 (저동1가),"=GOOGLETRANSLATE(A124, ""ko"", ""ja"")"
"대한민국연극제 서울대회: 도꾸가와 이에야스, 주민센터에 가다","=GOOGLETRANSLATE(A125, ""ko"", ""ja"")"
"제79회 라이브 클럽 데이, CJ문화재단 20주년 기념: Dream to Stage","=GOOGLETRANSLATE(A126, ""ko"", ""ja"")"
라이브클럽 협동조합,"=GOOGLETRANSLATE(A127, ""ko"", ""ja"")"
서울특별시 마포구 어울마당로 61 (서교동),"=GOOGLETRANSLATE(A128, ""ko"", ""ja"")"
"블라인드 티켓 35,000원
일반티켓 40,000원","=GOOGLETRANSLATE(A129, ""ko"", ""ja"")"
"All Day, JAZZ SHOW! (올데이, 재즈쇼!) 1부 (03.29)","=GOOGLETRANSLATE(A130, ""ko"", ""ja"")"
제4회 설레발레 페스티벌,"=GOOGLETRANSLATE(A131, ""ko"", ""ja"")"
"제3회 서울 국제 모노드라마 페스티벌, 그렇게 산을 넘는다, 사라지지 않는","=GOOGLETRANSLATE(A132, ""ko"", ""ja"")"
"대한민국연극제 서울대회, 물고기 여인 [서울 서대문]","=GOOGLETRANSLATE(A133, ""ko"", ""ja"")"
북아현아트홀,"=GOOGLETRANSLATE(A134, ""ko"", ""ja"")"
서울특별시 서대문구 북아현로 51(북아현동),"=GOOGLETRANSLATE(A135, ""ko"", ""ja"")"
"제3회 서울 국제 모노드라마 페스티벌, 그레타 오토 (Greta Oto)","=GOOGLETRANSLATE(A136, ""ko"", ""ja"")"
"위클리 클래식 페스티벌, 사랑의 역사: 바이올린 강유경, 기타 안용헌 [경기 오산]","=GOOGLETRANSLATE(A137, ""ko"", ""ja"")"
DMZ 피스트레인 뮤직 페스티벌 [철원],"=GOOGLETRANSLATE(A138, ""ko"", ""ja"")"
고석정,"=GOOGLETRANSLATE(A139, ""ko"", ""ja"")"
강원도 철원군 동송읍 태봉로 1825,"=GOOGLETRANSLATE(A140, ""ko"", ""ja"")"
"위클리 클래식 페스티벌, 사랑의 기억: 바이올린 김응수 [충남 서산]","=GOOGLETRANSLATE(A141, ""ko"", ""ja"")"
모투스 아트홀,"=GOOGLETRANSLATE(A142, ""ko"", ""ja"")"
충청남도 서산시 군진4길 109-29 (예천동),"=GOOGLETRANSLATE(A143, ""ko"", ""ja"")"
"위클리 클래식 페스티벌, 음악으로 사랑이 피어난다면: 카운터테너 윤진태, 피아노 백원주 [서울 수서]","=GOOGLETRANSLATE(A144, ""ko"", ""ja"")"
"발레축제, 유니버설발레단: 심청","=GOOGLETRANSLATE(A145, ""ko"", ""ja"")"
"R석 120,000원
S석 90,000원
A석 60,000원
B석 30,000원","=GOOGLETRANSLATE(A146, ""ko"", ""ja"")"
"제35회 대한민국 신춘문예 페스티벌, 포말","=GOOGLETRANSLATE(A147, ""ko"", ""ja"")"
"제35회 대한민국 신춘문예 페스티벌, 베드 아일랜드","=GOOGLETRANSLATE(A148, ""ko"", ""ja"")"
"제35회 대한민국 신춘문예 페스티벌, 꿈에서 아빠 죽이기","=GOOGLETRANSLATE(A149, ""ko"", ""ja"")"
"제35회 대한민국 신춘문예 페스티벌, 강릉96","=GOOGLETRANSLATE(A150, ""ko"", ""ja"")"
HIPHOPPLAYA FESTIVAL,"=GOOGLETRANSLATE(A151, ""ko"", ""ja"")"
"PGA(프리미엄 티켓) 239,000원
GA(일반 티켓) 149,000원","=GOOGLETRANSLATE(A152, ""ko"", ""ja"")"
"청남대 재즈토닉 페스티벌, The Jazz of Matisse Colors: 마티스의 색으로 재즈를 노래하다 [청주]","=GOOGLETRANSLATE(A153, ""ko"", ""ja"")"
청남대,"=GOOGLETRANSLATE(A154, ""ko"", ""ja"")"
충청북도 청주시 상당구 문의면 청남대길 646,"=GOOGLETRANSLATE(A155, ""ko"", ""ja"")"
"얼리버드2일권 55,000원
얼리버드1일권 30,000원","=GOOGLETRANSLATE(A156, ""ko"", ""ja"")"
"제3회 MY드림페스티벌: 춤추는 나무 인형, 피노키오 [밀양]","=GOOGLETRANSLATE(A157, ""ko"", ""ja"")"
"제3회 MY드림페스티벌, 우주매직쇼 [밀양]","=GOOGLETRANSLATE(A158, ""ko"", ""ja"")"
"IAPF, HIBI: 나날","=GOOGLETRANSLATE(A159, ""ko"", ""ja"")"
공간소극장,"=GOOGLETRANSLATE(A160, ""ko"", ""ja"")"
부산 남구 수영로 지하 242,"=GOOGLETRANSLATE(A161, ""ko"", ""ja"")"
"IAPF, 움직임 속의 주파수: Frequency in Motion","=GOOGLETRANSLATE(A162, ""ko"", ""ja"")"
"제35회 대한민국 신춘문예 페스티벌, 홀드","=GOOGLETRANSLATE(A163, ""ko"", ""ja"")"
"제35회 대한민국 신춘문예 페스티벌, 익명의 원칙","=GOOGLETRANSLATE(A164, ""ko"", ""ja"")"
"제35회 대한민국 신춘문예 페스티벌, 항해사","=GOOGLETRANSLATE(A165, ""ko"", ""ja"")"
"제35회 대한민국 신춘문예 페스티벌, 실화를 바탕으로 함","=GOOGLETRANSLATE(A166, ""ko"", ""ja"")"
제35회 대한민국 신춘문예 페스티벌: 창고에선 신선도 유지,"=GOOGLETRANSLATE(A167, ""ko"", ""ja"")"
"체리블라썸 뮤직페스티벌, 트롯데이 [진해]","=GOOGLETRANSLATE(A168, ""ko"", ""ja"")"
진해공설운동장,"=GOOGLETRANSLATE(A169, ""ko"", ""ja"")"
경상남도 창원시 진해구 충무로 43 (도만동),"=GOOGLETRANSLATE(A170, ""ko"", ""ja"")"
"VIP석 140,000원
R석 110,000원
S석 60,000원","=GOOGLETRANSLATE(A171, ""ko"", ""ja"")"
어썸뮤직페스티벌,"=GOOGLETRANSLATE(A172, ""ko"", ""ja"")"
"양일권 165,000원
일일권 115,000원","=GOOGLETRANSLATE(A173, ""ko"", ""ja"")"
"대한민국연극제 서울대회, 눈부신 그날에","=GOOGLETRANSLATE(A174, ""ko"", ""ja"")"
중랑구민회관 대공연장,"=GOOGLETRANSLATE(A175, ""ko"", ""ja"")"
서울 중랑구 면목로 238,"=GOOGLETRANSLATE(A176, ""ko"", ""ja"")"
"제43회 대구연극제, 다만 나 혼자 기뻤다","=GOOGLETRANSLATE(A177, ""ko"", ""ja"")"
"위클리 클래식 페스티벌, The Love 그 사랑: 그레이스 앙상블 [경기 오산]","=GOOGLETRANSLATE(A178, ""ko"", ""ja"")"
"제5회 더파란연극제, 굿프렌즈","=GOOGLETRANSLATE(A179, ""ko"", ""ja"")"
소극장 길,"=GOOGLETRANSLATE(A180, ""ko"", ""ja"")"
대구광역시 남구 명덕로22길 27 (대명동),"=GOOGLETRANSLATE(A181, ""ko"", ""ja"")"
"대한민국연극제 서울대회, K 가족","=GOOGLETRANSLATE(A182, ""ko"", ""ja"")"
금천뮤지컬센터 금천예술극장,"=GOOGLETRANSLATE(A183, ""ko"", ""ja"")"
서울 금천구 시흥대로115길 48,"=GOOGLETRANSLATE(A184, ""ko"", ""ja"")"
"제5회 더파란 연극제, 테레즈","=GOOGLETRANSLATE(A185, ""ko"", ""ja"")"
우전소극장,"=GOOGLETRANSLATE(A186, ""ko"", ""ja"")"
대구광역시 남구 현충로 256 (대명동),"=GOOGLETRANSLATE(A187, ""ko"", ""ja"")"
제5회 더파란 연극제: 곰,"=GOOGLETRANSLATE(A188, ""ko"", ""ja"")"
서울히어로락페스티벌 X 트리헌드레드,"=GOOGLETRANSLATE(A189, ""ko"", ""ja"")"
문화비축기지 문화마당,"=GOOGLETRANSLATE(A190, ""ko"", ""ja"")"
서울 마포구 증산로 87,"=GOOGLETRANSLATE(A191, ""ko"", ""ja"")"
"2일권 129,000원
1일권 88,000원","=GOOGLETRANSLATE(A192, ""ko"", ""ja"")"
"제5회 더파란 연극제: 오늘의 내일, 내일의 어제","=GOOGLETRANSLATE(A193, ""ko"", ""ja"")"
뷰티풀 민트 라이프,"=GOOGLETRANSLATE(A194, ""ko"", ""ja"")"
"1일권 130,000원","=GOOGLETRANSLATE(A195, ""ko"", ""ja"")"
GS아트센터 X 서울재즈페스티벌: 인코그니토,"=GOOGLETRANSLATE(A196, ""ko"", ""ja"")"
"VIP석 143,000원
R석 132,000원
S석 110,000원
A석 99,000원","=GOOGLETRANSLATE(A197, ""ko"", ""ja"")"
"예술의전당 교향악축제, 부천필하모닉오케스트라 (04.05)","=GOOGLETRANSLATE(A198, ""ko"", ""ja"")"
"예술의전당 교향악축제, 수원시립교향악단 (04.02)","=GOOGLETRANSLATE(A199, ""ko"", ""ja"")"
"예술의전당 교향악축제, 대구시립교향악단 (04.10)","=GOOGLETRANSLATE(A200, ""ko"", ""ja"")"
"예술의전당 교향악축제, 춘천시립교향악단 (04.19)","=GOOGLETRANSLATE(A201, ""ko"", ""ja"")"
"예술의전당 교향악축제, 포항시립교향악단 (04.08)","=GOOGLETRANSLATE(A202, ""ko"", ""ja"")"
"예술의전당 교향악축제, 광주시립교향악단 (04.12)","=GOOGLETRANSLATE(A203, ""ko"", ""ja"")"
"예술의전당 교향악축제, KBS교향악단 (04.22)","=GOOGLETRANSLATE(A204, ""ko"", ""ja"")"
"예술의전당 교향악축제, 부산시립교향악단 (04.03)","=GOOGLETRANSLATE(A205, ""ko"", ""ja"")"
"예술의전당 교향악축제, 인천시립교향악단 (04.04)","=GOOGLETRANSLATE(A206, ""ko"", ""ja"")"
"예술의전당 교향악축제, 서울시립교향악단 (04.09)","=GOOGLETRANSLATE(A207, ""ko"", ""ja"")"
"예술의전당 교향악축제, 대전시립교향악단 (04.11)","=GOOGLETRANSLATE(A208, ""ko"", ""ja"")"
"제166회 군산시립교향악단 정기연주회, 프리뷰 콘서트: 교향악 축제 [군산]","=GOOGLETRANSLATE(A209, ""ko"", ""ja"")"
"아츠스프링 대구 페스티벌, 손혜영의 춤: 춤동행-태평을 걷다","=GOOGLETRANSLATE(A210, ""ko"", ""ja"")"
"GS칼텍스 예울마루 실내악 페스티벌: 실내악, 그 이상의 세계 [여수]","=GOOGLETRANSLATE(A211, ""ko"", ""ja"")"
"체리블라썸 뮤직페스티벌, MUSIC & BAND [진해]","=GOOGLETRANSLATE(A212, ""ko"", ""ja"")"
PEAK FESTIVAL,"=GOOGLETRANSLATE(A213, ""ko"", ""ja"")"
"블라인드 티켓 50,000원
양일권_얼리버드 티켓 129,000원","=GOOGLETRANSLATE(A214, ""ko"", ""ja"")"
지브리 영화음악 FESTA [성남],"=GOOGLETRANSLATE(A215, ""ko"", ""ja"")"
지브리 발레 FESTA,"=GOOGLETRANSLATE(A216, ""ko"", ""ja"")"
"R석 100,000원
S석 80,000원
시야방해석 80,000원
A석 60,000원","=GOOGLETRANSLATE(A217, ""ko"", ""ja"")"
지브리 & 디즈니 영화음악 FESTA [서울 (앵콜) ],"=GOOGLETRANSLATE(A218, ""ko"", ""ja"")"
통영국제음악당 블랙박스,"=GOOGLETRANSLATE(A219, ""ko"", ""ja"")"
"통영국제음악제, 박수예 & 오를리 샤함 듀오 리사이틀","=GOOGLETRANSLATE(A220, ""ko"", ""ja"")"
지브리 & 디즈니 영화음악 FESTA [대전 (앵콜) ],"=GOOGLETRANSLATE(A221, ""ko"", ""ja"")"
"R석 110,000원
S석 90,000원
A석 60,000원","=GOOGLETRANSLATE(A222, ""ko"", ""ja"")"
신세계사이먼 부산 프리미엄 아울렛,"=GOOGLETRANSLATE(A223, ""ko"", ""ja"")"
대금굴 (대이리 동굴지대),"=GOOGLETRANSLATE(A224, ""ko"", ""ja"")"
대금굴 대이리 동굴지대,"=GOOGLETRANSLATE(A225, ""ko"", ""ja"")"
강원특별자치도 삼척시 신기면 환선로 800,"=GOOGLETRANSLATE(A226, ""ko"", ""ja"")"
"강원도 삼척시 대이리 동굴 지대에 위치한 대금굴은 인근에 있는 환선굴, 관음굴과 비슷한 시기에 형성된 동굴로 동굴 발견까지 4년, 시설물 설치 3년, 총 7년의 준비 기간 끝에 일반에 개방하였다. 동굴 내부에는 종유석, 석순, 석주 등 동굴 생성물이 잘 발달되어 있으며, 특히 지하에는 근원지를 알 수 없는 많은 양의 동굴수가 흘러 여러 개의 크고 작은 폭포와 동굴 호수가 형성되어 있는 것이 특징이다. 이곳의 지형은 약 5억 3천만 년 전 캠부리아기에서 오르도비스기에 이르는 하부 고생대의 퇴적암류인 조선누층군의 풍 촌층과 대기층의 암석이 분포하고 있는 지역으로서 열대 심해의 바닷속에 퇴적된 산호초 등의 지형이 지각변동으로 인하여 현재의 위치에 이르게 되었고 오랜 세월 침식되어 동굴이 형성되었다. 현재 대금굴은 모노레일로만 접근이 가능하며, 최소 방문 하루 전에 온라인 예매를 해야 입장이 가능하다.","=GOOGLETRANSLATE(A227, ""ko"", ""ja"")"
033-541-7600,"=GOOGLETRANSLATE(A228, ""ko"", ""ja"")"
용문사(용문산),"=GOOGLETRANSLATE(A229, ""ko"", ""ja"")"
용문사 용문산,"=GOOGLETRANSLATE(A230, ""ko"", ""ja"")"
경기도 양평군 용문면 용문산로 782,"=GOOGLETRANSLATE(A231, ""ko"", ""ja"")"
"용문산관광단지에 있는 용문사는 대한불교조계종 소속의 사찰로 양평군 용문면의 용문산 자락에 있다. 용문사는 신라 신덕왕 2년(913) 대경대사가 창건하였다고 전하며, 일설에는 경순왕(927~935 재위)이 친히 행차하여 창사 하였다고도 한다. 고려 우왕 4년(1378) 지천대사가 개풍 경천사의 대장경을 옮겨 봉안하였고 조선 태조 4년(1395) 조안화상이 중창하였다. 용문사에는 대웅전, 산령각, 칠성각, 요사채, 일주문, 템플스테이 수련관, 다원 등이 있다. 용문사에는 나이는 약 1,100살 정도로 추정되는 높이 42m, 뿌리 부분 둘레 15.2m인 동양에서 가장 큰 은행나무가 천연기념물로 지정, 보호되고 있다. 이 나무는 통일신라 경순왕(재위 927∼935)의 아들인 마의태자가 나라를 잃은 설움을 안고 금강산으로 가다가 심었다는 전설과 의상대사가 짚고 다니던 지팡이를 꽂아 놓은 것이 자라서 나무가 되었다는 전설이 전해진다. 용문사에서부터 계곡을 따라 2km 올라가면 산중턱에 용의 뿔을 닮은 용각바위를 만나게 되고 여기서 1km 더 올라가면 100명가량 앉아 쉴 수 있는 대형바위, 마당바위가 있다. 템플스테이도 운영을 하고 있으며 휴식형 프로그램과 체험형 프로그램 중 원하는 프로그램을 선택할 수 있다.","=GOOGLETRANSLATE(A232, ""ko"", ""ja"")"
031-773-3797,"=GOOGLETRANSLATE(A233, ""ko"", ""ja"")"
하동 화개장터,"=GOOGLETRANSLATE(A234, ""ko"", ""ja"")"
경남 경상남도 하동군 화개면 쌍계로 15,"=GOOGLETRANSLATE(A235, ""ko"", ""ja"")"
"김동리의 소설 역마의 배경이 된 곳으로도 유명한 화개장터는 영호남의 접경에 위치하여 남해안의 수산물과 소금, 비옥한 호남평야의 곡물, 지리산록의 산채와 목기류들의 집산지로써, 하동포구의 발달된 수로를 통해 전국으로 유통되어 조선 중엽부터 해방 전까지 번성기를 맞아 전국적으로 손꼽히는 시장이 되었다. 그러나 교통과 유통구조의 발달로 쇠퇴하여 옛날 모습의 자취를 감추었다. 화개장터는 지리산에서 시작한 화개천과 섬진강이 합류하는 지점에서 열리던 전통적인 재래식 시장이며 오일장이 활발하게 이루어졌던 곳이다.","=GOOGLETRANSLATE(A236, ""ko"", ""ja"")"
055-883-5722,"=GOOGLETRANSLATE(A237, ""ko"", ""ja"")"
속초 외옹치 바다향기로,"=GOOGLETRANSLATE(A238, ""ko"", ""ja"")"
강원특별자치도 속초시 대포동 585-5 (대포동),"=GOOGLETRANSLATE(A239, ""ko"", ""ja"")"
"바다향기로는 속초해수욕장에서 외옹치항까지 1.74㎞에 걸쳐 이어진 이색적인 해안 산책 코스다. 크게 속초해수욕장 구간(850m)과 외옹치 구간(890m)으로 나뉘며 구간마다 서로 다른 분위기를 지녔다. 가볍게 해변을 따라 걷고 싶다면 속초해수욕장 구간이 적합하며 다이내믹한 풍경을 담고 싶다면 외옹치 구간을 추천한다. 외옹치 구간은 수십 년간 민간인 출입이 통제되었던 곳으로 오랫동안 사람 손때를 타지 않은 천혜의 비경을 품고 있다. 드라마 〈남자친구〉 촬영지로도 유명하다. 나무 데크 탐방로와 흙길을 오가는 산책로를 따라 푸른 바다가 끝없이 이어지며 철썩이는 파도 소리가 청량감을 더한다. 바닷물이 맑고 깨끗해 바닥이 훤히 비칠 정도다. 외옹치 구간은 대나무 명상길, 하늘 데크길, 안보 체험길, 암석 관찰길 4개 테마 코스로 꾸며졌다. 안보 체험길에 둘러쳐진 해안선 경계 철책은 1970년 무장공비 침투 사건 이후 설치했던 것을 일부분 남겨 놓은 것이다. 굴바위, 지네바위 등 해안가에 형성된 기이한 바위들을 관람하는 재미도 쏠쏠하다.","=GOOGLETRANSLATE(A240, ""ko"", ""ja"")"
033-639-2362,"=GOOGLETRANSLATE(A241, ""ko"", ""ja"")"
망원한강공원,"=GOOGLETRANSLATE(A242, ""ko"", ""ja"")"
서울특별시 마포구 마포나루길 467,"=GOOGLETRANSLATE(A243, ""ko"", ""ja"")"
"서울 시민의 휴식공간인 한강시민공원 중 망원한강공원은 원효대교와 성산대교 사이 강변북단에 위치해 있으며, 마포구와 인접해 있다. 둔치에는 잔디밭과 산책로 등 휴식공간 잘 조성되어 있고, 각종 운동시설과 자전거도로 등도 마련되어 있다. 친구와 연인과 함께 방문해 휴식시간을 가질 수 있다. 또한 수상에서는 윈드서핑, 수상스키, 모터보트 등 수상레저활동이 이루어지고 있고, 주변에 망원정, 절두산 성지 등 문화유적지가 있으며, 월드컵경기장, 인천국제공항 등과 연계되어 있다.","=GOOGLETRANSLATE(A244, ""ko"", ""ja"")"
02-3780-0601,"=GOOGLETRANSLATE(A245, ""ko"", ""ja"")"
델피노호텔&리조트 오션플레이,"=GOOGLETRANSLATE(A246, ""ko"", ""ja"")"
"델피노의 오션 플레이는 실내 워터파크 및 노천탕으로 구성된 물놀이 테마파크이다. 휴식과 건강이 공존하는 웰빙을 컨셉으로 일상생활에서 벗어나 자연 안에서 가족과 연인들이 즐길 수 있는 장소이다. 소노펠리체 부대시설동 1층에 위치한 오션플레이는 실내존과 실외존, 온천사우나로 구분되어 있고 수영장을 이용하기 전 사우나에서 가볍게 샤워하고 바로 실내존으로 들어가서 놀 수 있다. 실내 수영장으로 들어가면 탁 트인 통유리창으로 멀리 바닷가를 보면서 물놀이를 할 수 있어 다른 수영장과 비교해 뷰가 정말 좋은 곳이다. 수심은 1미터 정도로 얕은 편이라 아이들이 물놀이하기에도 안전하고 물도 미온수로 따뜻한 편이라 실내에서 놀 때 춥지 않게 물놀이를 할 수 있다. 구명조끼와 튜브는 렌탈샵에서 대여가 가능하다. 주요시설로는 아이들이 얕은 수심에서 물놀이를 할 수 있는 키즈 플레이 풀, 키즈 리버, 실외 인피니티 풀 등이 있다.","=GOOGLETRANSLATE(A247, ""ko"", ""ja"")"
"62,000원","=GOOGLETRANSLATE(A248, ""ko"", ""ja"")"
033-639-3400,"=GOOGLETRANSLATE(A249, ""ko"", ""ja"")"
통영케이블카,"=GOOGLETRANSLATE(A250, ""ko"", ""ja"")"
경남 경상남도 통영시 발개로 205,"=GOOGLETRANSLATE(A251, ""ko"", ""ja"")"
"통영 미륵산에 설치된 통영케이블카는 2선(bi-cable) 자동순환식 곤돌라 방식으로 스위스의 최신 기술에 의해 설치되었으며, 길이는 1975m이다. 평균속도 1초당 4m로 상부역사까지 약 9분이 소요되며 승객용 곤돌라 47기, 화물용 1기 등 48개의 곤돌라가 순환하게 된다. 특히, 친환경적인 설계에 의해 중간지주는 1개만 설치하여, 환경보호는 물론 탑승객에게 아주 편안한 승차감을 제공한다. 또한, 8인승 곤돌라 47대가 연속적으로 탑승객을 운송함으로써 지체 없이 탑승이 가능하며, 가까운 사람끼리 오붓하게 아름다운 한려수도의 경치를 감상할 수 있다. 펫 프렌들리 케이블카 오픈으로 반려동물과 함께 탑승이 가능하다.","=GOOGLETRANSLATE(A252, ""ko"", ""ja"")"
1544-3303,"=GOOGLETRANSLATE(A253, ""ko"", ""ja"")"
죽녹원,"=GOOGLETRANSLATE(A254, ""ko"", ""ja"")"
전남 전라남도 담양군 담양읍 죽녹원로 119,"=GOOGLETRANSLATE(A255, ""ko"", ""ja"")"
"죽녹원은 관방제림과 영산강의 시원인 담양천을 끼고 있는 향교를 지나면 바로 왼편에 보이는 대숲이다. 약 16만㎡의 울창한 대숲으로 담양군이 성안산 일대를 조성하여 2003년 5월 개원했다. 죽녹원 입구에서 돌계단을 하나씩 하나씩 밟고 오르며 굳어있던 몸을 풀리고 대나무 사이로 불어오는 댓바람이 일상에 지쳐있는 심신에 청량감을 불어넣어 준다. 또한 댓잎의 사각거리는 소리를 들으며 빽빽이 들어서 있는 대나무 숲길을 걷노라면 푸른 댓잎을 통과해 쏟아지는 햇살의 기운을 온몸으로 받아내는 기분 또한 신선하다. 죽녹원 안에는 대나무 잎에서 떨어지는 이슬을 먹고 자란다는 죽로차(竹露)가 자생하고 있다. 죽림욕을 즐기고 난 후 죽로차 한 잔으로 마음의 여유까지 느껴볼 수 있는 곳이다.또한 죽녹원에는 죽림욕을 즐길 수 있는 총 2.2km의 산책로가 조성되어 있다. 운수대통길, 죽마고우길, 철학자의 길 등 8가지 주제의 길로 구성되어 있는데, 죽녹원전망대로부터 산책로가 시작된다. 전망대에서는 담양천을 비롯하여 수령 300년이 넘은 고목들로 조성된 담양 관방제림과 담양의 명물인 메타세쿼이아 가로수길 등이 한눈에 내려다보인다. 생태전시관, 인공폭포, 생태연못, 야외공연장이 있으며 밤에도 산책을 할 수 있도록 대숲에 조명을 설치했다.","=GOOGLETRANSLATE(A256, ""ko"", ""ja"")"
061-380-2680,"=GOOGLETRANSLATE(A257, ""ko"", ""ja"")"
여수 해상케이블카,"=GOOGLETRANSLATE(A258, ""ko"", ""ja"")"
전남 전라남도 여수시 돌산읍 돌산로 3600-1 (돌산읍),"=GOOGLETRANSLATE(A259, ""ko"", ""ja"")"
"여수해상케이블카는 바다 위를 통과하여 돌산(섬)과 자산(육지)을 연결하는 해상케이블카이다. 아시아에서는 홍콩, 싱가포르, 베트남에 이어 네 번째로 바다 위를 통과하는 해상케이블카이다. 도심하고 가까운 거리에서 시간에 따라 도시 풍경과 야경, 노을, 그리고 밤바다를 볼 수 있다. 크리스털 캐빈 15대와 일반 캐빈 35대, 총 50대의 케이블카를 운영 중이다. 크리스털 캐빈은 바닥을 강화유리로 만들어 투명한 바닥으로 발 밑의 바다를 관망할 수 있다. 또 아름다운 바다를 발 밑에 두고 즐길 수 있는 특별한 캐빈으로, 탁 트인 시각적인 즐거움과 짜릿한 스릴감을 느낄 수 있다.◎ 한류의 매력을 만나는 여행 정보웹 예능 <팔짱즈그램>에서 ‘워너원’ 재환이 지성과 함께 여수 여행 차 방문한 곳이다. 두 사람은 캐빈 안에서 블루투스로 음악을 듣고, 서로의 초상화를 그리며 즐거운 시간을 보냈는데, 여행에 초대받은 지성이 “데려와 줘서 고맙고 평생 잊지 못할 추억이 될 것 같다”며 고마운 마음을 드러내기도 했다.","=GOOGLETRANSLATE(A260, ""ko"", ""ja"")"
061-664-7301,"=GOOGLETRANSLATE(A261, ""ko"", ""ja"")"
경주월드 어뮤즈먼트,"=GOOGLETRANSLATE(A262, ""ko"", ""ja"")"
경북 경상북도 경주시 보문로 544,"=GOOGLETRANSLATE(A263, ""ko"", ""ja"")"
"경주월드는 어뮤즈먼트와 워터파크인 캘리포니아비치를 운영하고 있다. 그 중 30여개의 놀이기구를 운영하고 있는 테마파크 경주월드 어뮤즈먼트는 스노우파크와 드라켄밸리 등 종합휴양시설을 갖춘 테마파크이다. 타임라이더, 발키리, 크라크, 드래곤레이스 등 인생 어트랙션이 있으며, 다양한 공연과 행사도 진행 중이다.또한 드라켄스낵, 스테이지 매점, 델리하우스 등 식사를 할 수 있는 매장이 있으며, 피크닉 그라운드에서는 직접 가져온 도시락을 먹을 수 있다.","=GOOGLETRANSLATE(A264, ""ko"", ""ja"")"
1544-8765,"=GOOGLETRANSLATE(A265, ""ko"", ""ja"")"
아그로랜드 태신목장,"=GOOGLETRANSLATE(A266, ""ko"", ""ja"")"
충남 충청남도 예산군 고덕면 상몽2길 231,"=GOOGLETRANSLATE(A267, ""ko"", ""ja"")"
"아그로랜드 태신목장은 한국 낙농업의 태동기라 할 수 있는 1968년에 설립되었으며 1978년, 오늘날의 위치로 이전해 왔다. 2004년부터는 낙농 체험 목장을 운영하기 시작하였고 목장을 개방해 각종 가축이 있는 목장을 체험할 수 있게 되었다. 푸른 초원에서 느낄 수 있는 목가적인 풍경과 자연 속에서 소와 함께하는 체험의 장을 제공한다. 시설은 목장 체험장, 승마 체험장, 조각공원, 야생화정원, 초지 체험장, 생태연못과 산책길, 동물농장, 사랑앵무새장, 한우 방목지, 측백나무 미로 등 다양하게 갖춰져 있다. 체험 프로그램은 트랙터 열차 타기, 소젖 짜기, 목장 체험, 승마 체험, 아이스크림 만들기가 운영되고 있다. 주변에는 면천읍성, 면천향교, 합덕제 수변공원, 합덕수리민속박물관 등이 있다.","=GOOGLETRANSLATE(A268, ""ko"", ""ja"")"
041-356-3154,"=GOOGLETRANSLATE(A269, ""ko"", ""ja"")"
해동용궁사,"=GOOGLETRANSLATE(A270, ""ko"", ""ja"")"
부산광역시 기장군 기장읍 용궁길 86,"=GOOGLETRANSLATE(A271, ""ko"", ""ja"")"
"해동 용궁사는 1376년 공민왕(恭民王)의 왕사(王師)였던 나옹대사(懶翁大師)의 창건으로 한국삼대관음성지(三大觀音聖地)의 한 곳이며 바다와 용과 관음대불이 조화를 이루어 신앙의 깊은 뜻을 담고 있으며, 진심으로 기도를 하면 누구나 꼭 현몽을 받고 한 가지 소원을 이루는 곳으로 유명하다. 임진왜란의 병화로 소실되었다가 1930년대 초 통도사의 운강(雲崗)이 중창하였다. 1974년 정암(晸菴) 스님이 이 절의 주지가 되어 관음도량으로 복원할 것을 발원하고 백일기도를 하였는데, 꿈에서 흰옷을 입은 관세음보살이 용을 타고 승천하는 것을 보았다 하여 절 이름을 해동용궁사로 바꾸었다. 현존하는 건물은 대웅전을 비롯하여 굴법당, 용왕당(용궁단) , 범종각, 요사채 등이 있다. 대웅전 옆에 있는 굴법당은 미륵전이라고 하여 창건 때부터 미륵좌상 석불을 모시고 있는데 자손이 없는 사람이 기도하면 자손을 얻게 된다 하여 득남불이라고 부른다. 대웅전 앞에는 사사자 석탑이 있다.","=GOOGLETRANSLATE(A272, ""ko"", ""ja"")"
051-722-7744,"=GOOGLETRANSLATE(A273, ""ko"", ""ja"")"
대구 서문시장 & 서문시장 야시장,"=GOOGLETRANSLATE(A274, ""ko"", ""ja"")"
대구광역시 중구 큰장로26길 45,"=GOOGLETRANSLATE(A275, ""ko"", ""ja"")"
"1920년대에 천황당지를 매립하여 지금의 장소로 이전한 대구 큰 장이라고 했던 서문시장은 오랜 역사를 가지고 있다. 조선시대 3대 시장이라면 대구, 평양, 강경 등 세 군데 시장을 말했다. 대구 성곽의 서쪽에 있었기 때문에 서문시장이라 명하였고 처음에는 성곽에서 300m 정도의 거리인 지금의 시장북로 본전커피숍 주위 오토바이 골목일대가 시장이었으며 매월 2일과 7일 개장했다고 한다. 홍두깨 전, 닭 전 골목이름이 지금까지 남아 있다. 섬유 관련 품 목이 주종을 이루며 주단, 포목, 메리야스, 공예품, 남녀의류, 그릇, 건해산물등 없는 것이 없을 정도로 규모가 크다. 푸근한 인심이 살아 있으며 냉난방시설, 대형주차장등 이 편리하게 갖추어져 있다.","=GOOGLETRANSLATE(A276, ""ko"", ""ja"")"
청라언덕관광센터 053-421-3339,"=GOOGLETRANSLATE(A277, ""ko"", ""ja"")"
서대문형무소는 대한제국 말에 일제의 강압으로 감옥이 지어져 80여 년 동안 우리 근현대사 격동기의 수난과 역사의 현장이자 우리 민족의 항일 독립운동에 대한 일본 제국주의의 대표적인 탄압기관이었다. 1908년 10월 21일에 경성감옥이란 이름으로 문을 연 뒤 일제에게 우리의 국권이 빼앗기자 이에 항거하는 민족독립운동이 전국에서 거세게 일어나고 일제는 수많은 우리의 애국지사들을 체포 투옥시켰다. 수용인원이 증가하자 그들은 마포 공덕동에 또 다른 감옥을 지었고 이 때문에 1912년 9월 3일에 서대문감옥으로 이름이 바뀌었다. 이름의 변화만큼이나 많은 민족수난의 역사를 간직한 채 1992년 8월 15일에 현재의 ‘서대문독립공원’으로 개원하였다. 서대문구에서는 1995년부터 서대문독립공원 사적지에 대한 성역화사업을 시작하였다. 조국 독립을 위해 일제의 침략에 맞서 싸우다 투옥되어 모진 고문과 탄압을 받고 순국하신 애국선열들의 넋을 기리고 후손들에게 우리 선열들의 자주독립 정신을 일깨워 주는 역사의 산 교육장으로 삼기 위해 새롭게 단장하여 서대문형무소역사관으로 개관하였다.,"=GOOGLETRANSLATE(A278, ""ko"", ""ja"")"
02-360-8590,"=GOOGLETRANSLATE(A279, ""ko"", ""ja"")"
무창포해수욕장,"=GOOGLETRANSLATE(A280, ""ko"", ""ja"")"
충남 충청남도 보령시 웅천읍 열린바다1길 10,"=GOOGLETRANSLATE(A281, ""ko"", ""ja"")"
"무창포해수욕장은 1928년 서해안에서 최초로 개장된 해수욕장이다. 백사장 길이 1.5㎞ 수심 1~2m, 백사장 50m, 수온 섭씨 22도, 경사도 4도의 해수욕장으로 주변에는 송림이 울창하여 해수욕과 산림욕을 함께 즐길 수 있는 곳이다. 기암괴석, 해송의 수려한 자연경관으로 운치를 더하는 무창포 해수욕장은 주변의 바다낚시와 풍부한 지하수 등으로 해마다 많은 관광객들이 방문한다. 특히 이곳은 매월 음력 보름날과 그믐날을 전후하여 2~3회 해변에서부터 석대도까지 1.5㎞의 바닷길이 열리는데, 이것을 ‘모세의 기적’이라고 한다. 무창포 신비의 바닷길이 열리는 현상은 바다 물 갈림 현상으로 썰물 상태에서 바닷물이 드러나는 것이며, 바닷길이 열리면 이 길을 따라 게, 조개 등을 잡는 재미가 쏠쏠하다. 무창포 입구에서 50m 떨어진 언덕 위에 위치한 무창포 전망대에 오르면 신비의 바닷길이 열리는 장관을 한눈에 바라볼 수 있다. 물 갈라짐 현상을 모티브로 매년 음력 보름과 그믐에 열리는 바닷길에 맞추어 신비의 바닷길 축제도 열리는데, 연예인들의 축하공연, 햇불어업체험, 신비의 바닷길 햇불 대행진 등 다양한 볼거리와 맨손 고기잡이 체험, 독살어업생태체험, 바지락 잡기 체험, 맛살 잡기 체험 등 다양한 체험거리를 즐길 수 있다.","=GOOGLETRANSLATE(A282, ""ko"", ""ja"")"
보령시 웅천읍사무소 041-930-0800 보령시 해수욕장경영과 041-930-6810 무창포관광협의회 041-936-3561,"=GOOGLETRANSLATE(A283, ""ko"", ""ja"")"
파크로쉬 리조트앤웰니스 (PARK ROCHE Resort&Wellness),"=GOOGLETRANSLATE(A284, ""ko"", ""ja"")"
파크로쉬 리조트앤웰니스 PARK ROCHE Resort&Wellness,"=GOOGLETRANSLATE(A285, ""ko"", ""ja"")"
강원특별자치도 정선군 북평면 중봉길 9-12,"=GOOGLETRANSLATE(A286, ""ko"", ""ja"")"
광한루원,"=GOOGLETRANSLATE(A287, ""ko"", ""ja"")"
"광한루원은 전라북도 남원시에 있는 조선 전기에 조성된 광한루의 정원이다. 남원역 근처의 시내에 춘향과 이도령이 만났다는 광한루가 있고, 그 광한루가 있는 정원을 통칭하여 광한루원이라고 한다. 누원의 북쪽으로는 교룡산이 우뚝 서 있고, 남쪽에는 금괴같이 보배롭다는 금암봉이 있으며 멀리 지리산이 보인다. 광한루원은 은하수를 상징하는 연못가에 월궁을 상징하는 광한루와 지상의 낙원인 삼신산이 함께 어울려 있는 아득한 우주관을 표현한 한국 제일의 누원이며, 경회루, 촉석루, 부벽루와 함께 우리나라 4대 누각에 속한다.광한루원 안에는 광한루, 오작교, 완월정, 영주각, 춘향관, 춘향사당, 월매집이 있고 이외에도 공예품점, 카페 등의 부속시설이 있다.연지에는 지상의 낙원을 상징하는 연꽃을 심고, 견우와 직녀가 은하수에 가로막혀 만나지 못하다가 칠월칠석날 단 한번 만난다는 사랑의 다리 오작교를 연못 위에 설치하였다. 이 돌다리는 4개의 무지개 모양의 구멍이 있어 양쪽의 물이 통하게 되어 있으며, 한국 정원의 가장 대표적인 다리이다. 춘향사당에는 김은호 화백이 그린 춘향의 영정을 모셔 놓았다. 해마다 음력 5월 5일 단오절에는 춘향제가 열린다.◎ 한류의 매력을 만나는 여행 정보전설 속 하늘의 옥황상제가 사는 궁전을 지상에 재현해 본 곳으로, 한국의 대표적인 전통 누원이다. <청춘월담>부터 <슈룹>, <조선변호사> 등 다양한 드라마의 촬영지이며 한국인이라면 누구나 아는 고전소설 <춘향전>의 배경지이니 광한루원은 오래전부터 한 시대를 풍미하는 이야기의 배경이 된 셈이다. 한국 4대 누각의 하나인 광한루와 사랑의 다리 오작교는 꼭 거닐어 보길 추천한다.","=GOOGLETRANSLATE(A288, ""ko"", ""ja"")"
063-620-8907,"=GOOGLETRANSLATE(A289, ""ko"", ""ja"")"
뮤지엄산,"=GOOGLETRANSLATE(A290, ""ko"", ""ja"")"
강원특별자치도 원주시 지정면 오크밸리2길 260,"=GOOGLETRANSLATE(A291, ""ko"", ""ja"")"
"산속에 감춰진 Museum SAN(Space, Art, Nature)은 노출 콘크리트의 미니멀한 건축물의 대가 ‘안도 타다오’의 설계로 공사를 시작하여 빛과 공간의 예술가 ‘제임스 터렐’의 작품을 마지막으로 2013년 5월 개관하였다. 뮤지엄은 오솔길을 따라 웰컴 센터, 잔디 주차장을 시작으로 플라워가든, 워터가든, 본관, 명상관, 스톤가든, 제임스터렐관으로 이어져 있다. 본관은 네 개의 윙(wing) 구조물이 사각, 삼각, 원형의 공간들로 연결되어 대지와 하늘을, 사람으로 연결하고자 하는 건축가의 철학이 담겨있다. 또한 뮤지엄은 상설 전시, 기획 전시뿐만 아니라 다양한 체험과 교육 프로그램을 진행 중이다.본관 한 편에 자리한 카페테라스는 이름 그대로 테라스에서 360도 펼쳐지는 산의 전경을 즐기며 쉬었다 가기 좋다. 그리고 스톤가든 인근에 있는 명상관에서는 아로마 향과 싱잉 볼 소리에 집중하며 몸과 마음을 안정시키고, 곡선 모양의 창 너머로 풍경을 감상하며 호젓한 시간을 즐길 수 있다.","=GOOGLETRANSLATE(A292, ""ko"", ""ja"")"
033-730-9000~1,"=GOOGLETRANSLATE(A293, ""ko"", ""ja"")"
해맞이해안로,"=GOOGLETRANSLATE(A294, ""ko"", ""ja"")"
제주특별자치도 제주시 구좌읍 김녕리,"=GOOGLETRANSLATE(A295, ""ko"", ""ja"")"
"제주 동쪽 해가 뜨는 방향의 해안도로라는 의미의 해맞이해안로는 제주시 구좌읍 김녕리에서 서귀포시 성산읍 오조리까지 해안을 따라 조성된 약 27.8㎞의 도로이다. 올레길 21코스에 포함되는 해맞이해안로를 가다 보면 해맞이 명소로 유명한 성산 일출봉이 있어 제주를 방문하는 여행객들이 꼭 지나가는 길이다. 김녕- 월정리 -세화 -하도 -종달리 -성산 일출봉까지 연결되어 있어 제주의 맛집, 카페, 명소 등을 중간중간 방문할 수 있어 접근성도 좋다. 제주에 오면 꼭 들러야 하는 해맞이해안로의 가장 큰 매력은 끝없이 펼쳐지는 제주 바다를 감상할 수 있다는 점이다.","=GOOGLETRANSLATE(A296, ""ko"", ""ja"")"
064-740-6000,"=GOOGLETRANSLATE(A297, ""ko"", ""ja"")"
금산 보리암(남해),"=GOOGLETRANSLATE(A298, ""ko"", ""ja"")"
금산 보리암 남해,"=GOOGLETRANSLATE(A299, ""ko"", ""ja"")"
경남 경상남도 남해군 상주면 보리암로 665,"=GOOGLETRANSLATE(A300, ""ko"", ""ja"")"
"683년 원효대사가 이곳에서 초당을 짓고 수도하면서 관세음보살을 친견한 뒤로 산 이름을 보광산, 초당 이름을 보광사라고 했다. 훗날 이성계가 이곳에서 백일기도를 하고 조선 왕조를 열었다는데, 그 감사의 뜻으로 1660년 현종이 이 절을 왕실의 원당으로 삼고 산 이름을 금산, 절 이름을 보리암으로 바꿨다. 금산의 정상에 자리 잡고 있는 보리암은 금산의 온갖 기이한 암석과 푸르른 남해의 경치를 한눈에 볼 수 있는 아름다운 절이다. 경내에는 원효대사가 좌선했다는 좌선대 바위가 눈길을 끌며, 부근의 쌍홍문이라는 바위굴은 금산 38경 중의 으뜸으로 알려져 있다. 강원 양양군 낙산사 홍연암, 경기 강화도 보문사와 더불어 우리나라 3대 기도처의 하나로 신도들이 연일 줄지어 찾고 있다. 빼어난 경치와 남해의 금강, 동물 형상의 바위가 많아 바위동물원으로 불리는 금산. 쪽빛 바다와 초록빛 들녘의 조화를 내려다볼 수 있는 산으로 한려해상 국립공원의 아름다움을 만끽할 수 있는 금산 정상에 원효대사가 창건하였다는 우리나라 3대 기도처 중 가장 유명한 보리암이 있다.또한 금산은 바위마다 불교에 얽힌 전설들을 간직하고 있고 보리암은 대장봉·형리암·화엄봉·일월봉·삼불암 등 기암괴석에 둘러싸여 있다. 상주마을 금산 입구에서 보리암으로 오르는 코스는 울창한 숲과 남해바다가 조화를 이루는 최고의 산행코스. 하룻밤 묵으며 금산서 일출을 보면 천지신명의 조화를 느낄 수밖에 없을 정도로 일출이 절경이다. 자동차로는 앵강고개를 넘어 이동면 벅시골에서 복곡저수지를 지나 금산 8부 능선까지 도로가 나있다.(출처 : 남해 문화관광)","=GOOGLETRANSLATE(A301, ""ko"", ""ja"")"
보리암 055-862-6115 한려해상국립공원 금산분소 055-863-3525,"=GOOGLETRANSLATE(A302, ""ko"", ""ja"")"
도담삼봉,"=GOOGLETRANSLATE(A303, ""ko"", ""ja"")"
충북 충청북도 단양군 매포읍 삼봉로 644 (매포읍),"=GOOGLETRANSLATE(A304, ""ko"", ""ja"")"
"도담삼봉은 조선 개국에 공을 세운 정도전이 유년시절을 보낸 곳으로 자신의 호를 삼봉이라 할 만큼 도담삼봉의 아름다움에 빠졌다고 전해진다. 퇴계이황, 겸재 정선, 단원 김홍도 등이 사랑한 도담삼봉의 풍경을 눈앞에서 볼 수 있다. 유원지 내에 위치한 삼봉스토리관은 단양의 명소를 자료 보관소로 전시하고 있다. 황포돛배를 승선하면 석문을 경유하여 건너편 도담 정원으로 넘어갈 수 있다. 도담정원은 황화 코스모스 식재지로 유명하다. 도담삼봉의 풍경과 함께 자연의 아름다움을 한껏 느낄 수 있다.","=GOOGLETRANSLATE(A305, ""ko"", ""ja"")"
도담삼봉 관광안내소 043-422-3037,"=GOOGLETRANSLATE(A306, ""ko"", ""ja"")"
비밀의 숲,"=GOOGLETRANSLATE(A307, ""ko"", ""ja"")"
제주특별자치도 제주시 구좌읍 송당리 2173,"=GOOGLETRANSLATE(A308, ""ko"", ""ja"")"
"제주시 구좌읍에 있는 비밀의 숲은 SNS에서 포토존으로 유명해진 자연 숲길 명소다. 제주도의 유명 숲인 비자림, 사려니숲길과는 또 다른 매력을 지녔다. 희귀 편백나무 숲부터 넓은 초원, 돌담과 오두막 등 다채로운 구성과 제주도만의 감성을 담은 포토 스폿들이 있다. 특히 유채꽃과 핑크뮬리 등 사계절 아름다운 자연을 구경할 수 있다. 다만 사유지라 입장 전 촬영은 어려우며, 포장도로로 가기 위해서는 홈페이지에 안내된 주소를 참고해야 한다.◎ 한류의 매력을 만나는 여행 정보 - <부라보콘CF> <부라보콘CF> 풀버전 첫 장면으로 부승관이 초록 숲을 느끼며 눈을 감았으며 앉아 있는 승관의 뒤로 밴드 멤버들이 폴짝 뛰어오르는 꽃밭도, 함께 산책하는 숲도 청량하다. 안돌오름 비밀의 숲은 이름 그대로 비밀스럽게 숨겨진 곳이다. 자연적인 숲엔 화장실조차 없지만 스냅사진을 찍으러 오는 사람들로 가득하다. 울창한 숲은 초지와 편백나무 숲으로 이어지며 곳곳엔 포토존이 있다. 특히 민트색 트레일러 앞은 촬영 필수 코스이니 사진을 찍어보길 추천한다.","=GOOGLETRANSLATE(A309, ""ko"", ""ja"")"
0507-1323-4609,"=GOOGLETRANSLATE(A310, ""ko"", ""ja"")"
속초해수욕장 대관람차(속초아이),"=GOOGLETRANSLATE(A311, ""ko"", ""ja"")"
속초해수욕장 대관람차 속초아이,"=GOOGLETRANSLATE(A312, ""ko"", ""ja"")"
강원특별자치도 속초시 청호해안길 2,"=GOOGLETRANSLATE(A313, ""ko"", ""ja"")"
"국내 유일하게 해변에 위치해 속초의 푸른 바다를 한눈에 감상할 수 있으며 설악산의 아름다운 절경도 감상할 수 있다. 속초아이는 아파트 22층 높이로 정원 6명인 관람차가 36대로 최대 216명이 동시에 이용할 수 있다. 운행 시간은 약 15분이며 여름철에는 에어컨을 제공한다. 생수를 제외한 음식은 반입 금지이다. 낮에는 반짝이는 맑은 바다와 속초를, 밤에는 환한 조명과 함께 낭만적인 분위기를 느낄 수 있다.","=GOOGLETRANSLATE(A314, ""ko"", ""ja"")"
0507-1482-0107,"=GOOGLETRANSLATE(A315, ""ko"", ""ja"")"
매미성,"=GOOGLETRANSLATE(A316, ""ko"", ""ja"")"
경남 경상남도 거제시 장목면 복항길 29,"=GOOGLETRANSLATE(A317, ""ko"", ""ja"")"
"거제 매미성은 2003년 태풍 매미로 인해 삶의 터전을 잃은 백순삼 씨가 자연재해로부터 자신의 경작지를 지키기 위해 직접 쌓은 성벽이다. 태풍으로 농지가 유실된 후, 바닷가 근처에 네모반듯한 돌을 하나하나 쌓고 그 사이를 시멘트로 메워가며 오랜 시간 동안 홀로 성을 만들어 올렸다. 그렇게 탄생한 매미성은 단순한 방파제나 담장이 아니라 마치 유럽의 중세시대를 떠올리게 하는 독특한 외형을 갖게 되었다. 보기 드문 이국적인 분위기를 자아내며 이 독특한 풍경 덕분에 매미성은 지금은 거제의 관광 명소 중 하나가 되었고 곳곳이 다 포토존이라 방문객들이 인생 사진을 남기기에 좋은 장소로 손꼽힌다.","=GOOGLETRANSLATE(A318, ""ko"", ""ja"")"
거제시 관광안내소 055-639-4178,"=GOOGLETRANSLATE(A319, ""ko"", ""ja"")"
"안성팜랜드는 가축들을 직접 만지고 먹이주며 즐거운 체험을 할 수 있는 체험목장이다. 황소, 면양, 거위, 돼지, 당나귀 등 다양한 가축들과 함께 교감할 수 있는 체험프로그램을 진행하고 있다. 탁 트인 초원에서 온 가족이 즐길 수 있는 놀이시설과 우리나라 농축산업의 소중함을 몸과 마음으로 느낄 수 있는 교육시설 등이 있어 가족단위 관광객들에게 많은 인기를 받고 있는 곳이다.","=GOOGLETRANSLATE(A320, ""ko"", ""ja"")"
031-8053-7979,"=GOOGLETRANSLATE(A321, ""ko"", ""ja"")"
청풍호반케이블카,"=GOOGLETRANSLATE(A322, ""ko"", ""ja"")"
충북 충청북도 제천시 청풍면 문화재길 166 (청풍면),"=GOOGLETRANSLATE(A323, ""ko"", ""ja"")"
"청풍호반 케이블카는 제천의 명소, 청풍호반의 아름다운 경치를 감상할 수 있는 곳으로 청풍면 물태리에서 비봉산 정상까지 2.3km 구간을 왕복 운행한다. 평균 5m/s의 운행 속도로 2.3km의 거리를 약 10분 만에 비봉산 꼭대기에 도달하며 비봉산 정상에 봉황새가 알을 품고 있다가 먹이를 구하려고 비상하는 모습과 닮았다고 하여 붙여진 이름이다. 또한 청풍호 중앙에 위치한 해발 531m의 명산으로 정상에서 바라보는 풍경은 흡사 다도해를 보는 듯한 빼어난 풍광을 가지고 있으며, 국내 최초로 정상까지 케이블카가 운행되어 어린이나 노약자분들도 편안하게 케이블카를 타고 청풍호의 비경을 즐길 수 있다.","=GOOGLETRANSLATE(A324, ""ko"", ""ja"")"
043-643-7301,"=GOOGLETRANSLATE(A325, ""ko"", ""ja"")"
망상해변,"=GOOGLETRANSLATE(A326, ""ko"", ""ja"")"
강원특별자치도 동해시 동해대로 6270-10 (망상동),"=GOOGLETRANSLATE(A327, ""ko"", ""ja"")"
"망상해변은 묵호항에서 북쪽으로 3㎞쯤 떨어져 있는 국민관광지로서 부근의 옥계, 경포 등과 함께 동해안의 유명 관광지이다. 넓은 백사장과 울창한 송림(수령 20~30년), 청정한 해수, 얕은 수심(경사도 2~4도, 평균 물 깊이 0.5~1.5m) 등 동해안 해수욕장 중 가장 넓고 쾌적한 환경을 갖추었으며, 주차장, 야영장, 샤워장, 공중화장실 등과 각종 편의시설이 잘 갖춰져 있어 관광객들이 이용하기에 편리하다.해수욕장 바로 위에는 오토캠핑장이 있어 가족단위 관광객들에게 인기가 있다. 인근 천곡 자연동굴, 무릉계곡과 추암 촛대바위를 비롯하여 남쪽으로 간이 해수욕장(노봉, 대진, 어달, 한섬, 감추, 추암 해수욕장)이 즐비하다. 인근의 묵호항과 더불어 강릉~삼척을 잇는 해안 관광지 중 하나이며 오징어, 소라, 해삼, 멍게, 광어 등의 풍부한 해산물로 풍요로움과 넉넉함이 묻어난다.","=GOOGLETRANSLATE(A328, ""ko"", ""ja"")"
033-530-2800,"=GOOGLETRANSLATE(A329, ""ko"", ""ja"")"
안동 하회마을 [유네스코 세계유산],"=GOOGLETRANSLATE(A330, ""ko"", ""ja"")"
경북 경상북도 안동시 풍천면 전서로 186-8,"=GOOGLETRANSLATE(A331, ""ko"", ""ja"")"
"하회마을은 풍산 류 (柳)씨가 대대로 살아오던 전형적인 집성촌으로 한국 전통가옥의 미(美)가 살아 숨 쉬는 마을이다. 조선시대의 대유학자 겸암 류운룡 선생과 서애 류성룡선생이 태어난 곳이기도 한 안동 하회마을은 1999년 4월 21일에는 방한 3일째였던 영국 엘리자베스 2세 여왕이 한국 전통의 고장으로서 방문하여 더욱 유명해졌다. 이곳 하회 (河回)라는 지명은 낙동강물이 동쪽으로 흐르다가 S자형을 이루면서 마을을 감싸도는 데서 유래했다. 동으로는 태백산의 지맥인 화산이 있고 그 줄기의 끝이 마을까지 뻗어서 아주 낮은 구릉을 이루고 있다. 집들은 구릉을 중심으로 낮은 곳을 향하여 배치되어 있기 때문에 집의 좌향이 일정하지 않고 동서남북 각각으로 집들이 앉혀져 있는 것이 특징이다. 마을 중심부에는 류 씨들의 집인 큰 기와집이 자리 잡고 있으며 원형이 잘 보존된 초가집들이 그 주위를 둘러싸고 있다. 마을 앞쪽에 유유히 흐르는 낙동강과 멋들어지게 깎아지른 부용대, 끝없이 펼쳐진 백사장, 울창한 노송숲이 절경을 이룬다. 한편, 부용대 앞에 물길이 다시 열려 나룻배를 이용할 수 있다. 하회마을에서는 하회별신굿탈놀이를 상설공연으로 진행하고, 매년 가을 안동국제탈춤페스티벌을 진행하며 주변에는 신라 시대에 창건되었다는 봉정사, 고산서원, 귀래정, 계명산 자연휴양림, 학가산 자연휴양림, 와룡산 등 다양한 볼거리가 많은 곳이다. 특히 2010년 7월 31일 안동 하회마을과 경주 양동마을이 ‘한국의 역사마을’로서 유네스코 세계문화유산에 등재됐다. 두 마을의 등재로 한국의 세계유산은 석굴암ㆍ불국사, 해인사 장경판전, 종묘(이상 1995), 창덕궁, 수원 화성(1997), 경주역사유적지구, 고창ㆍ화순ㆍ강화 고인돌 유적(이상 2000), 그리고 제주 화산섬과 용암 동굴(2007), 조선왕릉(2009)에 이어 통산 10번째 세계유산을 보유하게 됐다. 하회마을의 대표적인 먹을거리는 안동소주와 유명한 서원이 많아 생기게 되었다는 헛제삿밥, 안동 간고등어, 안동 국시 등이 있다. ◎ 한류의 매력을 만나는 여행 정보 - 드라마 <악귀>해발 64m 절벽에서 줄을 타고 수많은 불꽃이 다가온다. 강에는 달걀 불이 유유히 떠내려오고, ‘낙화(洛花)야!’라는 소리와 함께 커다란 불꽃이 절벽 아래로 폭포처럼 떨어진다. 한국식 불꽃놀이 축제 선유줄불놀이는 그곳에 모인 이들의 염원을 담아낸 거대한 정화의식이다. 그 누구를 위해서가 아닌 온전히 자신의 의지로 살아가겠다는 구산영은 실명의 위기 속에서도 희망과 소원이 별빛처럼 빛나는 그곳에서 환하게 미소 짓는다.","=GOOGLETRANSLATE(A332, ""ko"", ""ja"")"
하회마을 관광안내소 054-852-3588,"=GOOGLETRANSLATE(A333, ""ko"", ""ja"")"
함덕해수욕장 (함덕 서우봉 해변),"=GOOGLETRANSLATE(A334, ""ko"", ""ja"")"
함덕해수욕장 함덕 서우봉 해변,"=GOOGLETRANSLATE(A335, ""ko"", ""ja"")"
제주특별자치도 제주시 조천읍 조함해안로 519-10,"=GOOGLETRANSLATE(A336, ""ko"", ""ja"")"
"제주올레 19코스를 걷다 보면 에메랄드빛 보석을 품고 있는 함덕해수욕장을 만날 수 있다. 제주시 조천읍 함덕리에 자리한 함덕해수욕장은 해수욕장 바로 옆에 우뚝 선 오름(서우봉) 덕분에 ‘함덕서 우봉해변’이라고도 불린다. 제주공항에서 불과 20㎞ 떨어졌지만, 이곳에 도착하는 순간 다른 나라에 온 것 같은 기분이 든다. 입구부터 환영해 주는 키 큰 야자수들, 하얀 모래와 대조를 이루는 에메랄드빛 바다, 모래와 미역마저 투명하게 비춰주는 맑은 물과 하얀 파도가 그러하다. 제주도 수많은 해수욕장 중에서도, 바다색이 가장 예쁜 3곳을 꼽는다면 단연 협재, 김녕, 그리고 함덕해수욕장이다. 물이 맑고 수심이 얕아서 가족단위 피서지로도 좋다. 해수욕장 서쪽은 구름다리로 연결되어 있어 바다 위를 걷는 듯한 경험을 할 수 있다. 피크닉 하기 좋은 잔디밭, 밤에도 안심하고 바다를 즐길 수 있는 산책로가 매력이어서 사계절 찾는 이들의 발길이 끊이지 않는다. 특히 여름에는 야간개장도 하고 있어 제주의 푸른 밤을 바다에서 즐길 수 있다. 바로 옆에 자리한 서우봉은 봄이 되면 노란 유채꽃으로 여름엔 초록빛으로 계절마다 그림 같은 풍경을 선사한다. 서우봉에 오르면 함덕해수욕장을 한눈에 담을 수 있는 호사를 누릴 수 있다. 날씨가 좋으면 한라산과 동쪽 오름들도 내려다볼 수 있는 최고의 전망 포인트이다.","=GOOGLETRANSLATE(A337, ""ko"", ""ja"")"
064-728-3989,"=GOOGLETRANSLATE(A338, ""ko"", ""ja"")"
내소사(부안),"=GOOGLETRANSLATE(A339, ""ko"", ""ja"")"
내소사 부안,"=GOOGLETRANSLATE(A340, ""ko"", ""ja"")"
전북특별자치도 부안군 내소사로 191 내소사매표소,"=GOOGLETRANSLATE(A341, ""ko"", ""ja"")"
"내소사는 백제 무왕 34년(633)에 혜구두타(惠丘頭陀)가 세운 절로 원래 이름은 소래사이다. 대웅보전은 석가모니를 중심으로 좌우에 문수보살과 보현보살을 모신 불전으로 조선 인조 11년(1633) 청민 대사가 절을 고칠 때 지은 것이라 전한다. 규모는 정면 3칸, 측면 3칸이며, 지붕은 여덟 팔(八) 자 모양을 한 팔작지붕이다. 지붕 처마를 받치기 위한 장식 구조가 기둥 위뿐만 아니라 기둥과 기둥사이에도 있는 다포 양식인데, 밖으로 뻗쳐 나온 부재들의 포개진 모습은 조선 중기 건축의 특징을 잘 보여주고 있다. 또한 대웅보전의 꽃문살에서 당시의 뛰어난 조각 솜씨를 엿볼 수 있으며, 불상 뒤쪽 후벽에는 우리나라에 남아있는 것 중 가장 큰 백의관음보살 좌상이 그려져 있다.◎ 한류의 매력을 만나는 여행 정보 - 드라마 <대장금>드라마 ‘대장금’에서 장금이가 연못을 바라보며 돌을 던지는 장면, 그리고 그 모습을 민정호가 지켜보던 인상적인 장면은 바로 내소사 경내의 연못에서 촬영되었다. 고즈넉한 사찰 분위기와 함께 연못 주변의 아름다운 풍경이 드라마의 감성을 더욱 깊이 있게 담아낸다.","=GOOGLETRANSLATE(A342, ""ko"", ""ja"")"
063-583-7281,"=GOOGLETRANSLATE(A343, ""ko"", ""ja"")"
아난티 앳 부산 코브,"=GOOGLETRANSLATE(A344, ""ko"", ""ja"")"
"아난티 앳 부산 코브는 부산의 숨은 아름다운 해변을 품은 기장에 위치해 '도심 속에서 만나는 완벽한 휴식처’라는 차별화된 컨셉과 규모, 서비스로 이국적이고 색다른 경험을 누릴 수 있다. 아난티 앳 부산 코브는 최근 부산의 새로운 관광 명소로 각광받고 있는 오시리아 관광단지의 아난티 코브에 위치해 해운대 해수욕장과 센텀시티, 벡스코(BEXCO)에서도 지리적 이점과 편리한 접근성을 갖추고 있다. 객실에서는 프라이빗 발코니가 마련되어 푸른 빛 청명한 하늘을 배경으로 탁 트인 오션뷰 또는 마운틴 뷰를 마음껏 감상 할 수 있다. 동서양을 넘나드는 라이브 쿠킹 스테이션, 다모임 레스토랑에서는 트렌디한 다이닝을 경험할 수 있으며, 맥퀸즈 라운지에서는 여유로운 오후를 위한 애프터눈티를 즐길 수 있다. 오션 뷰를 마주한 대규모 연회장과 미팅, 이벤트를 위한 공간을 갖추고 있으며. 그랜드 볼룸은 최대 1,500명까지 수용이 가능하고, 아름다운 오션뷰를 감상할 수 있다. 특히 바다 전망의 웨딩 채플과 오션 테라스에서는 프라이빗하면서도 이국적인 웨딩을 실현할 수 있다. 여름에는 바다와 맞닿은 듯한 인피니티 풀, 성인 전용 인피니티풀, 키즈 풀, 자쿠지 등 취향에 따라 선택할 수 있으며, 피트니스와 사우나, 테라피룸 등의 부대시설들이 함께 마련되어 있다. 겨울에는 천연 온천욕을 즐길 수 있는 아난티 워터하우스와 국내외 서적들과 다양한 소품으로 가득한 이터니 저니가 있어, 레저와 문화를 동시에 경험할 수 있다. 또한 바다를 따라 조성된 해안 산책로를 배경으로 감각을 깨워줄 다양한 리테일 숍이 입점해 있어 여행 중 가볍게 쇼핑을 즐기기에도 제격이며, 바다를 가장 가까이에서 감상할 수 있는 베이커리 카페 캐비네 드 쁘아쏭은 산책 후 들러 여유를 즐기기 좋은 스폿으로 인기이다. 매월 셋째 화요일이 정기 휴무이니 이 점 참고해야 한다.","=GOOGLETRANSLATE(A345, ""ko"", ""ja"")"
051-509-1111,"=GOOGLETRANSLATE(A346, ""ko"", ""ja"")"
경북 경상북도 경주시 일정로 186 (인왕동),"=GOOGLETRANSLATE(A347, ""ko"", ""ja"")"
이호테우해변,"=GOOGLETRANSLATE(A348, ""ko"", ""ja"")"
제주특별자치도 제주시 도리로 (이호일동),"=GOOGLETRANSLATE(A349, ""ko"", ""ja"")"
"이호테우해변(이호해수욕장)은 조랑말 등대로 제주도 사진을 찍기 좋은 곳으로 붉은 조랑말과 흰색 조랑말은 극명하게 대조되는 색감이 이국적인 풍경을 선사한다. 또한, 제주 시내에서 가장 가까이 있어 교통이 편리하고, 편의시설도 잘 갖추어져 있다. 백사장의 경사가 완만하여 많은 피서객들이 찾으며 특히 야영하기에 안성맞춤인 소나무 숲이 형성되어 있다. 해수면이 가장 낮아지는 간조에는 끝없이 넓은 백사장과 함께 원담의 모습도 볼 수 있다. 원담은 밀물과 썰물의 차이를 이용해 고기를 잡는 제주의 전통 고기잡이 방식 중 하나로, 이호테우해변(이호해수욕장)에는 그 공간을 복원시켜 놓은 이호 모살원이 있다.","=GOOGLETRANSLATE(A350, ""ko"", ""ja"")"
064-728-3994,"=GOOGLETRANSLATE(A351, ""ko"", ""ja"")"
경포해수욕장,"=GOOGLETRANSLATE(A352, ""ko"", ""ja"")"
강원특별자치도 강릉시 창해로 514 (안현동),"=GOOGLETRANSLATE(A353, ""ko"", ""ja"")"
"동해안 최대 해변으로 유명하며 강문동, 안현동에 있고 시내에서 북으로 6㎞, 경포대에서 1㎞ 되는 곳에 동해의 창파를 가득 담고 펼쳐진 명사오리(明沙五里)이다. 모두를 삼키기라도 하려는 듯 밀려오는 파도, 이를 쓸어안은 길이 1.8㎞, 면적 1.44㎢의 하얀 모래밭과, 시끄러운 일상을 조용히 차단하는 울창한 송림병풍의 조화가 해변 특유의 아름다움을 자아낸다. 경포대 해변은 백사장이 1.8㎞에 평균 수심이 1~2m로 적당한 깊이와 완만한 경사 때문에 해마다 많은 인파가 찾아오는 곳이다. 해변 주변에는 소나무 숲이 우거져 해수욕과 산림욕을 동시에 즐길 수 있어 피서지로 안성맞춤이다. 매년 여름마다 경포 해변 상설무대에서 여름밤 예술제가 열려 문화적인 볼거리도 다양하다. 경포호 주변에서 자전거를 대여하여 즐기는 하이킹 또한 하나의 명물이다. 또한, 주변에 설악산, 오대산 국립공원이 있어 산, 바다, 계곡 등을 두루두루 돌아볼 수 있다.","=GOOGLETRANSLATE(A354, ""ko"", ""ja"")"
033-640-4531,"=GOOGLETRANSLATE(A355, ""ko"", ""ja"")"
"국립과천과학관은 과학기술을 놀이처럼 즐길 수 있는 매력적인 과학문화 체험시설이다. 국내 최대 규모의 과학관이자 수도권의 랜드마크로서 서울 근교의 지하철역과 연결되어 있어 접근이 용이하다. 기초과학부터 첨단기술까지 6개의 상설전시관과 기획전시실, 천체투영관, 야외전시시설 등에서 다양한 전시를 통해 누구나 과학을 쉽고 즐겁게 경험할 수 있다. 또한, 온 가족이 즐길 수 있는 과학문화 행사와 체험 프로그램을 통해 어렵고 딱딱하게 느껴질 수 있는 과학기술과 대중의 거리를 좁히는 데 앞장서고 있다.","=GOOGLETRANSLATE(A356, ""ko"", ""ja"")"
02-3677-1500,"=GOOGLETRANSLATE(A357, ""ko"", ""ja"")"
전북 전주 한옥마을 [슬로시티],"=GOOGLETRANSLATE(A358, ""ko"", ""ja"")"
전북 전주 한옥마을,"=GOOGLETRANSLATE(A359, ""ko"", ""ja"")"
전북특별자치도 전주시 완산구 기린대로 99 (남노송동),"=GOOGLETRANSLATE(A360, ""ko"", ""ja"")"
"전주 한옥마을은 전주 풍남동 일대에 700여 채의 한옥이 군락을 이루고 있는 국내 최대 규모의 전통 한옥촌으로 전국 유일의 도심 한옥군이다. 1910년 조성되기 시작한 우리나라 근대 주거문화 발달과정의 중요한 공간으로, 경기전, 오목대, 향교 등 중요 문화재와 20여 개의 문화시설이 산재되어 있다. 향교길, 최명희길, 경기전길 등을 거닐면 한옥마을의 아름다운 골목길 모습과 한옥의 정취를 느낄 수 있다. 전주 한옥마을에 밤이 찾아오면 태조로를 밝히는 천사초롱과 한옥담장을 더욱 돋보이게 만드는 조명들로 감미로운 야경을 감상할 수 있다. 또 전주난장과 자만벽화마을, 야시장, 청년몰 등 이색 여행공간도 만날 수 있다. 한옥은 아름다움은 지붕선에 있고 지붕자락이 살짝 하늘로 향해 있는 것이 한옥의 특징이고 멋이다.한옥의 구조는 크게 안채와 사랑채로 나누어져 있다. 한옥의 또 하나의 특징은 온돌방이다. 한국은 주로 앉아서 생활하기 때문에 바닥에 온돌을 깐다. 온돌의 구조는 방 밖에 아궁이(함실)를 만들고 구들(아궁이 안쪽) 밑으로 불을 때면 온돌이 따뜻하게 데워지는 것이다. 여름에는 시원하고 겨울에는 따뜻하다는 것이 온돌의 가장 큰 특징이다. 한옥마을에 가면 한옥생활체험관이 따로 마련되어 있다. 한옥생활체험관 안에 있는 선비방과 규수방에서 직접 온돌방 체험을 할 수도 있다. 한옥생활체험 중 이곳에서 제공되는 전통한식은 납청유기［納淸鍮器］에 담아 맛과 멋을 더한다. 전주한옥마을에서 직접생활도 해보고 맛있기로 유명한 전주비빔밥도 맛보는 두 가지 체험을 할 수 있는 곳이다.","=GOOGLETRANSLATE(A361, ""ko"", ""ja"")"
한옥마을 관광안내소 063-282-1330,"=GOOGLETRANSLATE(A362, ""ko"", ""ja"")"
충남 충청남도 천안시 동남구 목천읍 독립기념관로 1,"=GOOGLETRANSLATE(A363, ""ko"", ""ja"")"
"독립기념관은 외침을 극복하고 민족의 자주와 독립을 지켜온 우리 민족의 국난극복사와 국가발전사에 관한 자료를 수집·보존·전시·조사·연구함으로써 민족문화의 정체성을 확립하고 국민의 투철한 민족정신과 국가관을 정립하는데 이바지함을 목적으로 1987년 8월 15일 온 국민의 정성 어린 성금으로 건립되었다. 독립기념관 내에 위치한 함께하는독립운동 체험관은 우리나라를 되찾기 위한 독립운동의 역사를 쉽고 재미있게 배우면서 나라사랑의 마음을 느껴보는 체험관으로, 영아부터 성인까지 모든 세대가 함께 이용할 수 있다. 무궁화ㆍ태극기 등 나라상징물로 꾸며진 공간에서 오감을 자극하는 놀이를 해보고, 또 직접 독립운동가가 되어 간접적으로 독립운동에 참여하여 조국 광복의 기쁨과 세계로 발전하는 대한민국을 느낄 수 있도록 다양한 체험시설들이 조성되어 있다.◎ 한류의 매력을 만나는 여행 정보 - 예능 <돌박2일>K 컬처를 만든 한국인의 뜨거운 역사를 만날 수 있는 독립기념관은 멀리서도 장엄함을 드러내는 겨레의 탑과 동양 최대 기와 건물인 겨레의 집이다. 에이티즈가 골든벨을 했던 통일 염원의 동산과 통일의 종까지 둘러보며 K-spirit을 느껴볼 것을 추천한다.","=GOOGLETRANSLATE(A364, ""ko"", ""ja"")"
독립기념관 041-560-0114 함께하는독립운동 체험관 041-560-0777,"=GOOGLETRANSLATE(A365, ""ko"", ""ja"")"
순천만습지,"=GOOGLETRANSLATE(A366, ""ko"", ""ja"")"
전남 전라남도 순천시 순천만길 513-25 (대대동),"=GOOGLETRANSLATE(A367, ""ko"", ""ja"")"
"순천만은 우리나라 남해안 중서부에 위치한 만으로서, 전라남도 순천시와 고흥군, 여수시로 둘러싸여 있다. 길게 뻗은 고흥반도와 여수반도로 에워싸인 큰 만을 순천만이라 하기도 하며, 순천시 인안동, 대대동, 해룡면 선학리와 상내리 등으로 둘러싸인 북쪽 해수면만을 순천만이라 일컫기도 한다. 행정구역상의 순천만의 해수역 만을 따진다 해도, 75㎢가 넘는 매우 넓은 지역이다. 간조시에 드러나는 갯벌의 면적만 해도 총면적이 12㎢에 달하며, 전체 갯벌의 면적은 22.6㎢ 나 된다. 또한 순천의 동천과 이사천의 합류 지점으로부터 순천만의 갯벌 앞부분까지에는 총면적 5.4㎢에 달하는 거대한 갈대 군락이 펼쳐져 있다.","=GOOGLETRANSLATE(A368, ""ko"", ""ja"")"
061-749-3114,"=GOOGLETRANSLATE(A369, ""ko"", ""ja"")"
태종대,"=GOOGLETRANSLATE(A370, ""ko"", ""ja"")"
부산광역시 영도구 전망로 24 (동삼동),"=GOOGLETRANSLATE(A371, ""ko"", ""ja"")"
"부산 영도구 태종대는 아름다운 자연경관과 풍부한 역사적 의미를 가진 관광지이다. 이곳은 부산의 대표적인 명승지로, 기암괴석과 울창한 숲이 어우러져 독특한 경관을 자랑한다. 태종대에는 전망대가 있어, 멀리 바다를 바라보며 경치를 즐길 수 있다. 또한, 태종대 일대에는 다양한 산책로와 해안선을 따라 펼쳐진 길이 있어 관광객들에게 자연 속에서 힐링할 수 있는 기회를 제공한다. 이곳은 태종대 등대와 태종사와 같은 역사적인 유적지들도 있어 방문객들이 찾는 명소이다. 태종대에서는 다누비 열차도 함께 즐길 수 있어 아이와 가족과 함께 주말 나들이 장소로도 추천한다.","=GOOGLETRANSLATE(A372, ""ko"", ""ja"")"
051-405-8745,"=GOOGLETRANSLATE(A373, ""ko"", ""ja"")"
강원특별자치도 강릉시 난설헌로 131 (초당동),"=GOOGLETRANSLATE(A374, ""ko"", ""ja"")"
"아르떼뮤지엄 강릉은 디스트릭트가 2021년 12월 강릉 경포호 인근에서 선보이는 세 번째 몰입형 미디어아트 상설 전시관이다. 관동팔경의 으뜸인 강릉에서 밸리(VALLEY)라는 테마로 백두대간의 중추인 강원도와 강릉의 지역적 특성을 반영한 12개의 다채로운 미디어아트 전시가 1,500평의 공간에서 펼쳐진다. 영원한 자연(ETERNAL NATURE)을 주제로 제작된 작품들은 시각적 강렬함과 감각적인 사운드, 품격 있는 향기와 함께 완벽한 몰입 경험을 제공한다.","=GOOGLETRANSLATE(A375, ""ko"", ""ja"")"
1899-5008,"=GOOGLETRANSLATE(A376, ""ko"", ""ja"")"
해인사(합천),"=GOOGLETRANSLATE(A377, ""ko"", ""ja"")"
해인사 합천,"=GOOGLETRANSLATE(A378, ""ko"", ""ja"")"
경남 경상남도 합천군 가야면 해인사길 122,"=GOOGLETRANSLATE(A379, ""ko"", ""ja"")"
"해인사는 우리나라 3대 사찰의 하나로 신라 애장왕 3년에 순응, 이정 두 스님이 창건하였으며 화엄경의 해인삼매에서 연유되어 법보종찰로도 유명하다. 고려 태조는 이 절에 머물렀던 희랑이 후백제 견훤을 뿌리치고 도와준 것에 대한 보답으로 이 절을 고려의 국찰로 삼고 전지 500결을 하사했다. 해인사는 법보종찰이요, 화엄십찰의 하나이다. ‘해인‘이란 『화엄경』의 해인삼매에서 유래된 것으로 해인사는 화엄사상을 천명하고자 이루어진 도장이다. 해인사를 우리나라 삼보사찰의 하나인 법보사찰이라 부르는 것은 해인사 대장경판전에 고려대장경판인 법보가 보관되어 있기 때문이다. 해인사에는 대장경판전, 대적광전, 명부전, 독성각, 응진전 등 많은 전당이 있다. 부속암자로서는 원당암을 비롯하여 홍제암, 용탑선원, 고운암, 간월암, 청량사 등이 있다.","=GOOGLETRANSLATE(A380, ""ko"", ""ja"")"
055-934-3000,"=GOOGLETRANSLATE(A381, ""ko"", ""ja"")"
쏠비치 호텔&리조트 삼척,"=GOOGLETRANSLATE(A382, ""ko"", ""ja"")"
강원특별자치도 삼척시 수로부인길 453,"=GOOGLETRANSLATE(A383, ""ko"", ""ja"")"
"그리스 산토리니 마을의 건축 미학을 담은 쏠비치 호텔&리조트 삼척은 하얀 외벽과 파란색 지붕의 조화가 돋보이는 그리스 키클라틱 건축양식을 모티브로 환상적인 바다 전망과 어우러진다. 맑고 투명한 옥빛 물결, 파도의 리듬에 맞춰 한걸음 한 걸음씩 속도를 줄이다 보면 어느덧 마음이 치유될 것이다. 리조트 내 레스토랑, 카페, 펍 등의 식음료 시설과 스파, 사우나, 쇼핑, 휴양시설이 자리하고 있어 다양한 즐거움과 휴식을 즐길 수 있다.","=GOOGLETRANSLATE(A384, ""ko"", ""ja"")"
1588-4888,"=GOOGLETRANSLATE(A385, ""ko"", ""ja"")"
통도사(양산),"=GOOGLETRANSLATE(A386, ""ko"", ""ja"")"
통도사 양산,"=GOOGLETRANSLATE(A387, ""ko"", ""ja"")"
경남 경상남도 양산시 하북면 통도사로 108,"=GOOGLETRANSLATE(A388, ""ko"", ""ja"")"
"우리나라 3대 사찰의 하나인 통도사는 부처의 진신사리가 모셔져 있는 불보사찰이다. 사찰의 기록에 따르면 통도사라 한 것은, 사찰이 위치한 산의 모습이 부처가 설법하던 인도 영취산의 모습과 통하므로 통도사라 이름했고 또 승려가 되고자 하는 사람은 모두 금강계단을 통과해야 한다는 의미에서 통도라 했으며 모든 진리를 회통하여 일체중생을 제도한다는 의미에서 통도라 이름 지었다고 한다. 삼국유사의 기록에 의하며 신라의 자장스님이 당나라에서 불법을 배우고 돌아와 신라의 대국통(大國統)이 되어 왕명에 따라 통도사를 창건하였고 승려의 규범을 관장, 법식을 가르치는 등 불법을 널리 전하였다고 하며 부처의 진신사리를 안치하고 금강계단을 쌓아 승려가 되고자 원하는 많은 사람들을 득도하게 하였다고 전해진다. 건물들은 임진왜란 때 소실된 것을 두 차례에 걸쳐 중수하였는데 대광명전을 제외하고는 모두 새로 지은 건물들이다. 통도사에는 부처님의 진신사리를 안치하고 있어 대웅전에 불상을 모시지 않고 있으며, 대웅전과 금강계단 등은 국보로 지정되어 있고 보물로 지정된 청동은입사향완, 통도사 봉발탑 등 26점이 통도사내 성보박물관에 소장되어 있다. 통도사 템플스테이는 큰절의 규모에 맞는 규모 있는 템플스테이가 진행된다. 스님들께서 직접 알려주시는 사찰예절을 시작으로 통도사 봉사단체 적멸도량회에서 서비스하는 통도사문화재 해설까지 짧은 시간이지만 핵심적으로 알아야 할 사찰에 대한 지식을 알려준다. 해가 지면 낮 시간 동안 만들었던 연꽃등을 들고 부처님의 사리와 가사가 모셔져 있는 보궁에 들어가 사리탑을 마주 보며 명상에 잠긴다. 오직 이 경험만을 위하여 템플스테이에 참여하는 사람이 있을 정도로 보궁명상은 통도사 템플스테이의 핵심 프로그램이다.","=GOOGLETRANSLATE(A389, ""ko"", ""ja"")"
통도사 055-382-7182 통도사 템플스테이 055-384-7085,"=GOOGLETRANSLATE(A390, ""ko"", ""ja"")"
소노벨 단양,"=GOOGLETRANSLATE(A391, ""ko"", ""ja"")"
충북 충청북도 단양군 단양읍 삼봉로 187-17,"=GOOGLETRANSLATE(A392, ""ko"", ""ja"")"
"휘돌아 흐르는 남한강과 소백산 줄기를 따라 우뚝 솟은 산봉우리가 장관인 단양에 위치한 소노벨 단양은 감탄할 수 밖에 없는 산수 속에 한적하게 위치해 여행을 특별하게 만드는 숙소이다. 아름다운 명승지와 곳곳에 있는 우리 선조들의 숨결 그리고 재미있는 설화와 전설을 찾아 흥미롭고 특별한 여행을 할 수 있는 곳이다. 또한 자연 속에서 즐기는 엑티비티, 오션플레이에서 짜릿하고 에너지 넘치는 시간을 경험할 수 있다.","=GOOGLETRANSLATE(A393, ""ko"", ""ja"")"
인천 차이나타운,"=GOOGLETRANSLATE(A394, ""ko"", ""ja"")"
인천광역시 중구 차이나타운로59번길 20,"=GOOGLETRANSLATE(A395, ""ko"", ""ja"")"
"인천 차이나타운은 1883년 인천항이 개항되고 1884년 제물포지역이 청나라의 치외법권 (治外法權, extraterritoriality) 지역으로 지정되면서 형성된 곳이다. 120년이 넘는 역사 동안 화교 고유의 문화와 풍습을 간직하고 있는 곳으로, 붉은색으로 치장된 골목 구석구석을 둘러볼 때마다 마치 중국으로 여행을 온듯한 기분이다. 과거에는 중국에서 수입된 물품들을 파는 상점들이 대부분이었으나, 현재는 중국 음식점들이 많다. 현재 이 거리를 지키고 있는 한국 내 거주 중국인들은 초기 정착민들의 2세나 3세가 이어 운영하고 있기 때문에 1세들이 지키고 있던 전통문화를 많이 지키지 못하고 있지만 중국의 맛만은 고수하고 있다. 남녀노소 사랑하는 짜장면이 탄생된 곳이기도 하며, 하얀 짜장과 양꼬치, 공갈빵, 화덕만두 등 다양한 먹거리들이 많다.","=GOOGLETRANSLATE(A396, ""ko"", ""ja"")"
인천역관광안내소 032-777-1330 인천 문화관광과 032-760-6479,"=GOOGLETRANSLATE(A397, ""ko"", ""ja"")"
백담사,"=GOOGLETRANSLATE(A398, ""ko"", ""ja"")"
강원특별자치도 인제군 백담로 746 백담사,"=GOOGLETRANSLATE(A399, ""ko"", ""ja"")"
"백담사는 내설악에 있는 대표적인 절로 가야동 계곡과 구곡담을 흐르는 맑은 물이 합쳐지는 백담계곡 위에 있다. 신라 진덕여왕 원년(647년)에 자장율사가 건립하여 처음에는 한계사라 불렀으나 그 후, 대청봉에서 절까지 웅덩이가 100개 있다 하여 백담사라 명명되었다. 십여 차례 소실되었다가 1957년에 재건되어 현재에 이르고 있다. 백담사는 번잡했던 외설악에 비해 한적하고 원시림에 가까운 비경을 간직한 내설악의 입구에 위치해서 봉정암, 오세암 등 외딴 암자를 거느리고 있는 내설악산을 대표하는 도량이다. 현재 백담사에는 극락보전, 나한전, 산령각, 법화실, 화엄실 등 기존 건물 외에 만해 한용운 선사의 문학사상과 불교정신을 구현하기 위한 만해기념관과 만해교육관 외에도 일주문, 금강문, 불이문, 만복전, 요사채, 만해당, 농암실, 적선당 등 24개의 건물이 있어 한국의 대표적인 고찰로 인정받고 있다. 백담사 앞 계곡 한편에는 백담사를 다년간 사람들이 소원을 빌며 쌓은 돌탑들이 볼거리를 제공한다.","=GOOGLETRANSLATE(A400, ""ko"", ""ja"")"
033-462-6969,"=GOOGLETRANSLATE(A401, ""ko"", ""ja"")"
아홉산숲,"=GOOGLETRANSLATE(A402, ""ko"", ""ja"")"
부산광역시 기장군 철마면 미동길 37-1,"=GOOGLETRANSLATE(A403, ""ko"", ""ja"")"
"부산 기장 철마면 아홉산 자락에 위치한 숲으로, 훼손되지 않은 자연환경과 생태를 만날 수 있는 곳이다. 대나무숲, 편백나무 숲, 삼나무, 은행나무 등의 인공림과 수령 100~300년 되는 금강송 등을 포함한 천연림이 아홉산숲을 구성한다. 총면적이 무려 52만 ㎡에 이르며, 약 400년의 세월을 지켜온 사유림으로, 자연보호를 위하여 사전 예약된 제한된 인원만이 출입이 가능하다. 놀이공원이나 유원지와 다르게 자연을 훼손하지 않는 선에서만 관람이 가능하지만, 아이들을 위한 숲 속 체험 및 놀이 프로그램도 마련되어 있으며, 숲 해설을 들을 수도 있다.","=GOOGLETRANSLATE(A404, ""ko"", ""ja"")"
051-721-9183,"=GOOGLETRANSLATE(A405, ""ko"", ""ja"")"
"스누피 가든 하우스는 감정에 솔직하고 개성 있는 피너츠 친구들을 만나 그들 간의 상호 관계를 통한 공감과 위로의 메시지를 얻는 곳이다. 가든 하우스의 테마홀은 피너츠 에피소드에 담긴 일상의 이야기와 ‘Peanuts, Nature & Life’를 주제로 나의 일상을 연결할 수 있는 공간이다. 5개의 테마홀과 카페 스누피, 피너츠 스토어에서 걷고, 보고, 먹고 쉬면서 피너츠 캐릭터를 통해 지금의 나에게 휴식과 위로의 메시지를 건네어보길 바란다. 매주 수요일은 반려동물데이로, 반려동물과 동반입장이 가능하다. 반려동물과 동반 시야 외 가든에선 목줄을 착용해야 하며, 실내(전시관, 카페, 스토어)에선 케이지/슬링백/반려동물 유모차 탑승이 필수이다.","=GOOGLETRANSLATE(A406, ""ko"", ""ja"")"
064-903-1111,"=GOOGLETRANSLATE(A407, ""ko"", ""ja"")"
밀락더마켓,"=GOOGLETRANSLATE(A408, ""ko"", ""ja"")"
부산광역시 수영구 민락수변로17번길 56,"=GOOGLETRANSLATE(A409, ""ko"", ""ja"")"
"부산 수영구에 위치한 밀락더마켓은 보리에에서 운영하는 복합문화공간이다. 양옆에 에스컬레이터와 엘리베이터가 있어 편리하게 이용이 가능하다. 들어서서 보이는 벽면의 그래피티들이 인상적인 포토존 형성하고 있다. 차별화된 열린 광장형의 체험공간을 지향하는 이곳은 로컬과 문화를 연결하는 새로운 라이프스타일의 공간이며, 누구나 주인공이 될 수 있는 꿈의 무대 버스킹스퀘어와 부산바다를 느낄 수 있는 오션뷰스탠드, 수준 높은 국내외 외식브랜드를 경험할 수 있는 F&B존 등으로 공간이 구성되어 있다. 입점한 브랜드에 따라 팝업 스토어로 기간을 정해놓고 운영 중인 곳도 있기에 방문하고 싶었던 브랜드가 있다면 미리 확인해 보고 방문하면 좋을 듯하다.","=GOOGLETRANSLATE(A410, ""ko"", ""ja"")"
051-752-5671,"=GOOGLETRANSLATE(A411, ""ko"", ""ja"")"
제주 서귀포 산방산,"=GOOGLETRANSLATE(A412, ""ko"", ""ja"")"
제주특별자치도 서귀포시 안덕면 사계리 산16,"=GOOGLETRANSLATE(A413, ""ko"", ""ja"")"
"산방산은 제주 서남부 지역의 평탄한 지형 위에 우뚝 솟은 타원형의 돔형(dome) 화산으로 한라산, 성산일출봉과 함께 제주의 3대 산으로 불리며, 구름이 주위를 감싸 안으면 비가 내린다는 신비스러운 분위기의 영산으로 옥황상제가 한라산의 봉우리를 뽑아 던져 만들었다는 전설 등이 전해진다. 특히, 산방산 서남쪽 중턱에 암벽 속으로 깊이 파인 산방굴이 있는데 이 굴에서 바라보는 용머리해안 풍경과 해넘이 경관이 뛰어나다. 자연유산 명승의 보호를 위해 공개제한지역으로 지정관리하고 있어 관리 및 학술 목적 등으로 출입하고자 할 때에는 국가유산청장의 허가를 받아 출입할 수 있다. (출처 : 국가유산청)","=GOOGLETRANSLATE(A414, ""ko"", ""ja"")"
064-794-2940,"=GOOGLETRANSLATE(A415, ""ko"", ""ja"")"
서동공원과 궁남지,"=GOOGLETRANSLATE(A416, ""ko"", ""ja"")"
충남 충청남도 부여군 부여읍 궁남로 52,"=GOOGLETRANSLATE(A417, ""ko"", ""ja"")"
"궁남지는 백제시대의 연못으로, 삼국사기에 의해 백제 무왕이 궁궐 남쪽에 만들어 궁남지라고 불린다. 삼국유사에는 무왕의 어머니가 궁남지의 용과 정을 통하여 무왕을 낳았다고 기록되어 있다. 현재 연못 주변에는 우물과 주춧돌들이 남아있는데, 이는 우리나라에서 가장 오래된 인공 조경으로 백제의 조경 기술 수준을 엿볼 수 있다. 못 가운데 섬을 만들어 신선사상을 표현한 궁남지는 우리나라 최고(最古)의 인공정원으로 백제의 노자공은 일본에 건너가 백제의 정원 조경기술을 전해주었다고 한다. 백제가 삼국 중에서도 정원을 꾸미는 기술이 뛰어났음을 알 수 있다. 사계절이 아름다운 관광지이다. 현재 궁남지는 자연과 인간의 공존하는 이상적인 친환경 여행지로 발전했는데, 자연환경 보전을 위해 적극적인 관리가 진행되고 있다. 덕분에 관광 시에는 역사와 자연을 동시에 경험할 수 있는 체험을 선사하고 있는데, 자전거와 도보를 통해 더욱 친환경적인 관광이 가능하다. 또한, 유적지를 둘러보며 관광지에 있는 역사적 가치를 더욱 심도 있게 이해할 수 있다. 7월에는 천만 송이 연꽃들의 아름다운 향연인 서동연꽃축제가 열리고, 10~11월에는 다양한 작품으로 꾸며진 굿뜨래 국화전시회가 열려 궁남지의 아름다움을 더해준다.","=GOOGLETRANSLATE(A418, ""ko"", ""ja"")"
충남종합관광안내소 041-830-2880,"=GOOGLETRANSLATE(A419, ""ko"", ""ja"")"
송도 센트럴파크,"=GOOGLETRANSLATE(A420, ""ko"", ""ja"")"
인천광역시 연수구 컨벤시아대로 160,"=GOOGLETRANSLATE(A421, ""ko"", ""ja"")"
"송도 고층빌딩 숲 사이, 자연을 담은 공원인 송도 센트럴파크는 뉴욕 센트럴파크를 모티브로 만들어졌다. 국내 최초로 바닷물을 이용한 해수공원이자 한국의 지형적 특성을 살린 도시공원으로, 인공수로에는 수상 택시, 카누 등 수상 레저 시설이 갖춰져 있고 공원 곳곳에서 다양한 문화와 예술을 만끽할 수 있는 송도의 랜드마크이자 휴식공간이다. 센트럴파크 내에는 다섯가지 주제의 정원이 있다. 센트럴파크의 서쪽 끝에 자리한 선셋정원은 웨스트보트하우스, 수변무대, 어린이 정원, 큐브 조형물 등의 볼거리로 이루어진 공간이며, 감성 정원은 세계 120개 나라를 상징하는 탈로 만든 작품인 지구촌의 얼굴을 비롯하여 관찰데크, 간석 지원 등의 시설로 이루어진 경관 관찰 공간이다. 초지원은 오줌싸개동상, 관찰데크, 습지원, 반딧불이 집 등 다양한 조형물과 공공미술작품을 감상할 수 있는 복합 예술 공간이고, 산책 정원은 한가로이 풀을 뜯는 꽃사슴을 만날 수 있는 전통 테마 공간으로 동쪽 높은 곳에 위치한 송화정은 달빛과 함께 한 폭의 그림 같은 야경을 선사한다. UN 광장, 이스트보트하우스, 민속놀이마당 등이 위치한 테라스 정원은 연중 다양한 행사가 열리는 문화 예술 공간이다.","=GOOGLETRANSLATE(A422, ""ko"", ""ja"")"
인천시설공단 송도공원사업단 032-456-2860,"=GOOGLETRANSLATE(A423, ""ko"", ""ja"")"
재인폭포 (한탄강 유네스코 세계지질공원),"=GOOGLETRANSLATE(A424, ""ko"", ""ja"")"
재인폭포 한탄강 유네스코 세계지질공원,"=GOOGLETRANSLATE(A425, ""ko"", ""ja"")"
경기도 연천군 연천읍 부곡리 192,"=GOOGLETRANSLATE(A426, ""ko"", ""ja"")"
"재인폭포는 오래전부터 명승지로서 널리 알려져 있다. 재인폭포는 북쪽에 있는 지장봉에서 흘러 내려온 작은 하천이 높이 약 18m에 달하는 현무암 주상절리 절벽으로 쏟아지는 것이 그야말로 장관을 이룬다. 또한, 재인폭포 주변에는 천연기념물 어름치와 멸종위기종인 분홍장구채 등의 서식지로도 알려져 있으며 폭포의 이름과 관련된 아름다운 사랑이야기도 전해오고 있다. 재인폭포에서는 다양한 현무암의 특징들을 관찰할 수 있는데, 대표적으로 주상절리를 비롯하여 하식동굴과 포트홀, 가스튜브 등을 볼 수 있다. 높이 약 18m에 달하는 폭포는 계속해서 폭포 아래를 침식시켜서 수심 5m에 달하는 포트홀을 만들었다. 포트홀이란 하천에서 암석의 오목한 곳이나 깨진 곳에 와류(물이 회오리 치는 현상)가 발생하여 깊은 구멍이 생겨난 것을 말한다.<출처 : 한탄강지질공원>","=GOOGLETRANSLATE(A427, ""ko"", ""ja"")"
연천군 관광과 031-839-2289,"=GOOGLETRANSLATE(A428, ""ko"", ""ja"")"
춘천 삼악산 호수케이블카,"=GOOGLETRANSLATE(A429, ""ko"", ""ja"")"
강원특별자치도 춘천시 스포츠타운길 245,"=GOOGLETRANSLATE(A430, ""ko"", ""ja"")"
"활과 부메랑을 형상화한 춘천 삼악산 호수 케이블카는 삼천동에서 의암호를 지나 삼악산을 연결하는 3.61㎞의 케이블카이다. 오스트리아 도펠마이어사의 최신형 기내를 도입한 크리스털 기내는 바닥이 통유리로 되어 있어 아름다운 의암호의 모습을 여과 없이 볼 수 있다. 크리스털 기내와 산책로를 제외한 곳은 반려견 동반도 가능하다. 의암호를 가로질러 도착하게 되는 전망대에는 통유리로 된 카페가 있어 아름다운 춘천 시내의 모습을 한눈에 조망하며 편안한 휴식과 추억을 만들 수 있다. 전망대에서 연결된 산책로를 따라 10분 정도 걷다 보면 만나게 되는 스카이 워크 전망대도 빼놓을 수 없는 볼거리이다. 의암호 정차장에는 음식점, 편의점, 카페 외에 여행의 여운을 간직할 수 있는 기념품 가게, 기념사진관과 같은 다양한 편의 시설도 구비되어 있다.◎ 한류의 매력을 만나는 여행 정보 - 예능 <돌박2일>호수 위를 떠가는 케이블카 탑승은 아이브의 청춘 코스로 한국 최장 3.61km의 케이블카가 의암호를 가로질러 삼악산으로 올라가는 동안 산, 호수, 도시가 흐르듯 펼쳐진다. 바닥이 투명한 크리스털 캐빈에 탑승하면 아름다운 경관이 더 가깝게 다가온다. 삼악산 정차장(상부 정차장)에서 춘천을 내려다보며 청량한 산 공기를 느껴보는 것을 추천한다.","=GOOGLETRANSLATE(A431, ""ko"", ""ja"")"
바람의 언덕,"=GOOGLETRANSLATE(A432, ""ko"", ""ja"")"
경남 경상남도 거제시 남부면 도장포마을,"=GOOGLETRANSLATE(A433, ""ko"", ""ja"")"
"해금강 가는 길 왼쪽으로 내려가면 도장포 마을이 나오고, 그 마을 북쪽에 자리 잡은 곳이 바로 바람의 언덕이다. 원래의 지명은 ‘띠밭늘’로 불렸으나, 2002년부터 ‘바람의 언덕’으로 바뀌어 불리고 있다. 언덕에서 바다를 바라보면 한 없이 넓고, 고즈넉하며, 시원한 바람이 상쾌함을 선사한다. 여기서 보이는 것들은 하나같이 지루하지 않은 한가함을 입었다.섬도, 등대도, 유람선도, 바람마저도 한가해 보인다. 짊어진 마음의 짐을 바다에 던지거나 바람에 날려 보내기에 최적의 장소이다. 2009년 11월 풍차를 설치하여 관광객들에게 볼거리를 제공하고 있다.(출처 : 거제 문화관광 홈페이지)","=GOOGLETRANSLATE(A434, ""ko"", ""ja"")"
055-639-4178,"=GOOGLETRANSLATE(A435, ""ko"", ""ja"")"
양평 두물머리,"=GOOGLETRANSLATE(A436, ""ko"", ""ja"")"
경기도 양평군 양서면 두물머리길 145,"=GOOGLETRANSLATE(A437, ""ko"", ""ja"")"
"두물머리는 금강산에서 흘러내린 북한강과 강원도 금대봉 기슭 검룡소에서 발원한 남한강 두 물이 합쳐지는 곳으로, 한강의 시작이다. 이른 아침에 피어나는 물안개와 일출, 황포돛배 그리고 400년이 넘은 느티나무가 어우러진 양수리 두물머리는 사계절 아름답게 변모하는 풍광이 기다리는 곳으로 한국인이 꼭 가봐야 할 곳 한국관광100선에 선정된 곳이다. 한강 제1경 (두물경)과 각종 드라마 및 영화촬영장소로 널리 알려지며 수많은 국내외 관광객이 찾아오고 있는 대한민국 대표 생태관광지이다.두물머리의 아름다운 풍경은 예로부터 유명하여 조선시대 이건필의 <두강승유도>와 겸재 정선의 <독백탄>으로 남겨져 시대를 초월해 현재까지 전해져 내려오고 있다. 앞으로도 대한민국과 양평의 아름다운 유산으로 후손들에게 전해져야 할 생태명소이다.","=GOOGLETRANSLATE(A438, ""ko"", ""ja"")"
양평군 관광과 031-770-1067,"=GOOGLETRANSLATE(A439, ""ko"", ""ja"")"
광안리해수욕장,"=GOOGLETRANSLATE(A440, ""ko"", ""ja"")"
부산광역시 수영구 광안해변로 219 (광안동),"=GOOGLETRANSLATE(A441, ""ko"", ""ja"")"
"광안리해수욕장은 부산 수영구에 위치한 아름다운 해변이다. 맑고 푸른 바다와 고운 모래가 특징으로, 여름철에는 많은 관광객들이 찾는 명소이다. 특히 광안대교와 바다가 어우러지는 경치가 아름다워 야경 명소로도 유명하다. 해수욕 외에도 다양한 해양 스포츠를 즐길 수 있으며, 인근에는 카페와 레스토랑들이 있어 맛있는 음식을 즐기며 여유로운 시간을 보낼 수 있다. 또한, 도심과 가까워 접근성이 뛰어나 부산을 방문하는 여행객들에게 꼭 추천할 만한 장소이다. 다양한 즐길 거리와 편리한 교통 덕분에 가족, 친구, 연인 모두에게 적합한 관광지이다.","=GOOGLETRANSLATE(A442, ""ko"", ""ja"")"
051-622-4251,"=GOOGLETRANSLATE(A443, ""ko"", ""ja"")"
경북 경상북도 경주시 경감로 614 (천군동),"=GOOGLETRANSLATE(A444, ""ko"", ""ja"")"
"경주엑스포대공원은 1998년 세계 최초로 문화예술을 주제로 한 문화박람회 '경주세계엑스포'가 열린 곳이다. 이후 20여 년간 10차례에 걸쳐 경주세계엑스포의 개최 장소로 한국인의 문화 자긍심을 높이고 인류 문화 발전에 이바지하였다. 현재는 다양한 전시·영상·공연·체험 문화콘텐츠를 바탕으로 연인과 친구, 가족이 함께 찾고 즐기는 경주의 명소이다. 주요 시설로는 경주타워, 경주솔거미술관, 비움명상길, 루미나이트 등이 있다. 이 외에도 타임리스 미디어아트, 자연사 박물관, 경주세계문화엑스포기념관 등 다양한 시설이 갖추어져 있다.","=GOOGLETRANSLATE(A445, ""ko"", ""ja"")"
054-748-3011,"=GOOGLETRANSLATE(A446, ""ko"", ""ja"")"
더베이101,"=GOOGLETRANSLATE(A447, ""ko"", ""ja"")"
부산광역시 해운대구 동백로 52,"=GOOGLETRANSLATE(A448, ""ko"", ""ja"")"
"더베이 101은 해운대의 야경을 자랑하는 복합문화예술공간으로, 아름다운 바다와 산, 그리고 현대적인 건물이 공존하고 있다. 밤이 되면 화려한 마천루를 볼 수 있는 부산의 유명한 관광명소로, 해운대 동백섬 입구에 위치하고 있다. 더베이 101에는 해운대 시티뷰를 바라보며 브런치, 음료 등을 즐길 수 있는 카페, 테라스 및 루프탑을 겸비하고 있는 식당, 다양한 소품 및 주방용품 등을 볼 수 있는 소품샵, 갤러리 등 다양한 시설이 입점되어 있다. 또한, 요트투어를 운영하고 있어 요트를 타고 아름다운 해운대의 야경을 눈에 담을 수 있다. 해운대의 야경 혹은 마천루를 활용한 멋진 사진을 찍기 위한 포토존 명소로도 자리 잡고 있어 많은 관광객이 찾고 있다. ◎ 한류의 매력을 만나는 여행 정보 - 드라마 <힘쎈여자 강남순>금주와 큰손들이 요트투어를 즐기며 브래드 송에 관한 이야기를 나눈 더베이101은 부산의 오션뷰와 시티뷰가 한데 모인 장소다. 요트를 타고 해운대 바다를 달리며 럭셔리한 부산의 밤을 즐겨보자.","=GOOGLETRANSLATE(A449, ""ko"", ""ja"")"
051-726-8888,"=GOOGLETRANSLATE(A450, ""ko"", ""ja"")"
경주 첨성대,"=GOOGLETRANSLATE(A451, ""ko"", ""ja"")"
경북 경상북도 경주시 첨성로 140-25,"=GOOGLETRANSLATE(A452, ""ko"", ""ja"")"
"첨성대는 신라 제27대 선덕여왕 때 건립된 것으로 추정되며 경주를 상징하는 랜드마크 중 하나이다. 받침대 역할을 하는 기단부(基壇部) 위에 술병 모양의 원통부(圓筒部)를 올리고 맨 위에 정(井) 자형의 정상부(頂上部)를 얹은 모습으로 높이는 약 9m이다. 원통부는 부채꼴 모양의 돌로 27단을 쌓아 올렸다. 남동쪽으로 난 창을 중심으로 아래쪽은 막돌로 채워져 있고 위쪽은 정상까지 뚫려서 속이 비어 있다. 동쪽 절반이 판도라로 막혀있는 정상부는 정(井) 자 모양으로 맞물린 기다란 석재의 끝이 바깥까지 뚫고 나와있다. 이런 모습은 19~20단, 25~26단에서도 발견되는데 내부에서 사다리를 걸치기에 적당했던 것으로 보인다. 옛 기록에 의하면, “사람이 가운데로 해서 올라가게 되어있다”라고 하였는데, 바깥쪽에 사다리를 놓고 창을 통해 안으로 들어간 후 사다리를 이용해 꼭대기까지 올라가 하늘을 관찰했던 것으로 보인다. 첨성대를 이루는 돌들은 저마다의 의미를 가진다. 위는 둥글고 아래는 네모진 첨성대의 모양은 하늘과 땅을 형상화했다. 첨성대를 만든 365개 내외의 돌은 1년의 날수를 상징하고, 27단의 돌단은 첨성대를 지은 27대 선덕여왕을, 꼭대기 정자석까지 합치면 29단과 30단이 되는 것은 음력 한 달의 날수를 상징한다. 관측자가 드나들었을 것으로 추측되는 가운데 창문을 기준으로 위쪽 12단과 아래쪽 12단은 1년 12달, 24 절기를 표시한다. 하늘의 움직임을 계산해 농사 시기를 정하고, 나라의 길흉을 점치는 용도로도 첨성대가 활용되었음을 짐작할 수 있는 대목이다. ◎ 한류의 매력을 만나는 여행 정보 - 드라마 <오늘도 사랑스럽개>과거의 특별한 인연으로 묶인 보겸과 지아가 서로를 스쳐 지나갔던 첨성대는 경주를 대표하는 랜드마크이자 세계에서 가장 오래된 천문대다. 유적으로서 관람가치가 뛰어난 것은 물론 계절마다 다양한 꽃과 식물이 피어나 나들이를 즐기려는 관광객이 많이 찾는다.","=GOOGLETRANSLATE(A453, ""ko"", ""ja"")"
054-772-3843,"=GOOGLETRANSLATE(A454, ""ko"", ""ja"")"
팔공산 케이블카,"=GOOGLETRANSLATE(A455, ""ko"", ""ja"")"
대구광역시 동구 팔공산로185길 51,"=GOOGLETRANSLATE(A456, ""ko"", ""ja"")"
"팔공산케이블카는 경사가 있고 긴 코스이기에 경치를 구경하면서 동시에 스릴도 함께 누릴 수 있다. 정원이 6인승이며, 24대가 40초 간격으로 자동 왕복 순환한다. 케이블카 정상역은 신림봉 꼭대기에 위치하고 있으며, 비로봉 정상에 있는 제천단과 동쪽 갓바위 부처님과 함께 기복신앙의 대표적인 장소이다. 케이블카 정상역은 제천단과 대구월드컵경기장과 일직선상에 위치하며 봉황이 날개를 펴고 날아오르는 형상에서도 몸통의 중심부에 위치하여 풍수지리적으로도 아주 좋은 기운을 가진 곳이다. 케이블카뿐만 아니라 식당, 카페가 있어 식사 등이 가능하며 산책로도 조성되어 있어 케이블카를 탄 후 가볍게 산책을 즐기기 좋다. 이 때문에 가족 단위의 관광객이 많이 방문하는 편이다.","=GOOGLETRANSLATE(A457, ""ko"", ""ja"")"
0507-1406-8801,"=GOOGLETRANSLATE(A458, ""ko"", ""ja"")"
만천하 스카이워크,"=GOOGLETRANSLATE(A459, ""ko"", ""ja"")"
충북 충청북도 단양군 적성면 옷바위길 10,"=GOOGLETRANSLATE(A460, ""ko"", ""ja"")"
"단양군 적성면에 위치한 만천하스카이워크에서는 남한강 절벽 위에서 80~90m 수면 아래를 내려보며 하늘길을 걷는 스릴을 맛볼 수 있다. 전망대로 가는 나선형 구간에서는 다각도로 풍광을 감상할 수 있고, 전망대에 서면 산등성이 너머 드넓게 흐르는 남한강 경치에 감탄사가 절로 나온다. 전망대에 올라서면 시내 전경과 멀리 소백산 연화봉을 볼 수 있다. 말굽형의 만학천봉 전망대에 세 손가락 형태의 길이 15m, 폭 2m의 고강도 삼중 유리를 통해 발밑에 흐르는 남한강을 내려다보며 절벽 끝에서 걷는 짜릿함을 경험해 볼 수 있다. 전망대 옆으로 980m 길이의 집와이어, 1,000m 거리의 알파인코스터, 슬라이드 등 체험 시설도 다양하다.◎ 한류의 매력을 만나는 여행 정보 - 예능 <전지적 참견 시점>이영자가 감사패를 받고 전현무, 유병재가 축하공연을 선보인 장소다. 예능에서는 행사장으로서의 역할을 했지만, 평소에는 단양 전경을 조망하는 전망대로 유명하다. 경치뿐만 아니라 여러 액티비티 체험도 즐길 수 있어 많은 관광객이 찾는다.","=GOOGLETRANSLATE(A461, ""ko"", ""ja"")"
만천하스카이워크 043-421-0014~5 단양관광공사 만천하팀 043-421-7885,"=GOOGLETRANSLATE(A462, ""ko"", ""ja"")"
삼양라운드힐,"=GOOGLETRANSLATE(A463, ""ko"", ""ja"")"
강원특별자치도 평창군 대관령면 꽃밭양지길 708-9,"=GOOGLETRANSLATE(A464, ""ko"", ""ja"")"
"자연 그 자체를 느낄 수 있는 드넓은 초원과 풍력발전기의 풍경, 그 아래 펼쳐진 평화로운 양과 젖소들의 방목지에서 자연과 교감할 수 있는 관광목장. 삼양라면과 불닭 브랜드를 운영하는 삼양식품의 계열 목장으로 국민들에게 좋은 단백질을 공급하고자 하는 목적으로 1972년도 설립되었고 2007년 관광 개방하였다. 뛰어난 자연경관과 함께 강원도 목장 중 유일하게 양몰이 공연을 볼 수 있으며, 양과 타조 먹이주기 체험을 즐길 수 있다. 기프트샵과 카페에서는 유기농 우유로 만든 스낵과 아이스크림, 끓여 먹는 라면, MD상품, 로컬상품 판매 먹거리 제품들을 만날 수 있다.","=GOOGLETRANSLATE(A465, ""ko"", ""ja"")"
033-335-5044,"=GOOGLETRANSLATE(A466, ""ko"", ""ja"")"
부산 송도해수욕장,"=GOOGLETRANSLATE(A467, ""ko"", ""ja"")"
부산광역시 서구 송도해변로 100,"=GOOGLETRANSLATE(A468, ""ko"", ""ja"")"
"부산 자갈치시장에서 3km 떨어진 곳에 위치하며, 1913년 부산에서 제일 먼저 개장한 해수욕장이다. 2000년부터 5년여간 정비사업을 펼쳐 줄어든 백사장을 확장하고 분수대 등을 설치하며 해변공원이 되었다. 주위에 수산시장과 암남공원 등이 있다. 1913년 부산에서 최초로 개발된 해수욕장 구역으로, 1996년 4월, 군사보호구역에서 개방된 도시 자연공원인 암남공원과 바다낚시로 유명한 두도공원으로 연결된 송도는 울창한 원시림과 자연 그대로 보존된 기암괴석, 그리고 부산의 상징인 갈매기와 멀리 영도를 배경으로 한 조용한 바다정경이 장관인 곳이다.주변에 다양한 숙박시설과 먹을거리를 갖추고 있으며 구름다리, 산책로, 보트장, 주차장 등 편의시설이 잘 갖추어져 있다. 송도 해안의 암남공원은 해안 생태 공원으로 송도 해안과 부산 남항을 한눈에 담을 수 있는 전망대, 3.8km의 산책로, 도로변 카페, 횟집들이 즐비한 곳이다. 부산시 서구 부민동 3가에는 한국전쟁 중 부산이 임시 수도였을 때 3년 동안 대통령 관저로 사용된 임시수도기념관이 있다. 송도는 이처럼 격변의 역사를 보낸 서구 암남동 장군반도 남단에 자리 잡고 있다.","=GOOGLETRANSLATE(A469, ""ko"", ""ja"")"
051-240-4000,"=GOOGLETRANSLATE(A470, ""ko"", ""ja"")"
묵호항,"=GOOGLETRANSLATE(A471, ""ko"", ""ja"")"
강원특별자치도 동해시 일출로 22 (발한동),"=GOOGLETRANSLATE(A472, ""ko"", ""ja"")"
"강원도 동해시 묵호항은 1937년에 개항하였으며 동해안 제1의 무역항으로 시작하여 현재는 동해안의 어업기지로 바뀌었다. 아침 일찍 어선이 입항하는 시기를 잘 맞춰 묵호항에 가면 어시장에서 금방 잡은 싱싱한 횟감을 구할 수 있으며 잡아온 생선을 경매하는 장면을 구경하는 것도 이색적이다. 또한, 건어물 등 쇼핑이 가능한 상점들이 있다. 묵호항 동문산에는 1963년 6월에 건립된 유인등대인 묵호등대가 있다. 높이 12m의 내부 구조가 2층으로 된 원형의 철근콘크리트로 지어졌으며 새하얀 등대가 푸른 바다와 어울려 맑고 깨끗한 이미지를 연출한다. 등대 주변으로는 바다를 한눈에 조망할 수 있도록 작은 공원이 조성되어 있고, 소공원 입구에 들어서자마자 ‘해에게서 소년에게’의 글이 새겨진 조각이 넓게 펼쳐져 있다.","=GOOGLETRANSLATE(A473, ""ko"", ""ja"")"
033-530-2271,"=GOOGLETRANSLATE(A474, ""ko"", ""ja"")"
코엑스,"=GOOGLETRANSLATE(A475, ""ko"", ""ja"")"
서울특별시 강남구 영동대로 513,"=GOOGLETRANSLATE(A476, ""ko"", ""ja"")"
"서울 강남구에 위치한 코엑스은 1979년 3월 개관이래 글로벌 전시회와 국제회의 개최를 통한 국제교류의 장을 마련하고 글로벌 비즈니스 인프라를 두루 갖춘 최고의 전시 문화, 관광의 명소로서 마이스 비즈니스의 중심으로 자리매김하였다. 코엑스는 지상 1층부터 4층까지 총 네 개의 전시장과 50개의 회의실, 그리고 최고의 편의시설과 공연장, 오피스 공간을 갖추고 있다. 이 뿐만 아니라 2009년 코엑스 아티움을 개관하였고 2014년 뉴코엑스몰을 오픈, 강남 마이스 관광특구 지정 등 친환경 마이스 테크 시스템을 갖춘 글로벌 문화, 비즈니스 플랫폼으로 발전하고 있다.","=GOOGLETRANSLATE(A477, ""ko"", ""ja"")"
※ 시설 별로 상이하므로 홈페이지 참조,"=GOOGLETRANSLATE(A478, ""ko"", ""ja"")"
02-6000-0114,"=GOOGLETRANSLATE(A479, ""ko"", ""ja"")"
부산 암남공원,"=GOOGLETRANSLATE(A480, ""ko"", ""ja"")"
부산광역시 서구 암남공원로 185 (암남동),"=GOOGLETRANSLATE(A481, ""ko"", ""ja"")"
해안절경을 자랑하는 암남공원은 진정산 일대의 자연공원이다. 해안의 소나무 숲 사이로 바라다 보이는 바다풍경과 그 위에 유유히 떠 있는 배들의 모습으로 한 폭의 그림을 선사한다. 산책로를 따라 공원을 한 바퀴 둘러보는데 소요되는 시간은 1시간 정도 걸린다. 중간중간에 전망대와 벤치가 있는 휴게광장에 이르면 탁 트인 바다를 내려다볼 수 있다. 작은 섬 두도와 그곳에 우뚝 선 하얀 등대가 그림처럼 시야에 들어온다.,"=GOOGLETRANSLATE(A482, ""ko"", ""ja"")"
부산광역시 서구 경제녹지과 051-240-4535,"=GOOGLETRANSLATE(A483, ""ko"", ""ja"")"
경주 동궁과 월지,"=GOOGLETRANSLATE(A484, ""ko"", ""ja"")"
경북 경상북도 경주시 원화로 102,"=GOOGLETRANSLATE(A485, ""ko"", ""ja"")"
제주 산방산탄산온천,"=GOOGLETRANSLATE(A486, ""ko"", ""ja"")"
제주특별자치도 서귀포시 안덕면 사계북로41번길 192,"=GOOGLETRANSLATE(A487, ""ko"", ""ja"")"
"제주 산방산탄산온천은 서귀포의 대중온천이자, 국내에서 보기 힘든 탄산 온천이다. 이곳의 온천은 구명수라 부르기도 하는데, 구명수는 비둘기 울음소리가 난다는 뜻과 사람을 구한 물이란 뜻이다. 예로부터 이곳에서 나온 물을 마시고 병을 고치거나 고혈압과 심장에 좋다는 이야기가 있다. 이는 피부로 흡수된 탄산가스가 모세혈관을 자극하여 확장시키고 결국 혈압을 내려 심장의 부담을 덜어주는 효과를 가지고 있기 때문이다. 또 탄산온천은 피부 미용과 피로해소에도 좋다고 알려져 있다. 산방산탄산온천은 천장과 벽면이 모두 유리로 되어 있어 자연 안에서 온천을 즐기는 듯하며, 시원하게 펼쳐진 제주의 모습을 보며 입욕을 즐기기 매우 좋다.","=GOOGLETRANSLATE(A488, ""ko"", ""ja"")"
064-792-8300,"=GOOGLETRANSLATE(A489, ""ko"", ""ja"")"
미리내성지,"=GOOGLETRANSLATE(A490, ""ko"", ""ja"")"
경기도 안성시 양성면 미리내성지로 420,"=GOOGLETRANSLATE(A491, ""ko"", ""ja"")"
"경기도 안성에서 북쪽으로 40리쯤 떨어져 은하수라는 뜻의 아름다운 우리말로 불리고 있는 미리내성지는 한국 최초의 사제 김대건 신부의 묘소와 그의 어머니 우르술라, 김 신부에게 사제품을 준 조선 교구 제3대 교구장 페레올 주교 그리고 김 신부의 시신을 이곳에 안장했던 이민식 빈첸시오의 묘가 나란히 자리 잡고 있다. 이곳이 미리내로 불리게 된 것은 천주교 신자들이 신유박해와 기해박해를 피해 이곳으로 숨어 들어와 교우촌을 형성하면서 밤이면 집집에서 흘러나오는 불빛이 달빛 아래 비치는 냇물과 어우러져 마치 은하수처럼 보였다고 하여 붙여졌다. 본래 미리내는 경기도 광주, 시흥, 용인, 양평, 화성, 안성 일대 등 초기 천주교 선교지역을 이루었던 곳의 하나로, 김 신부가 미리내에 묻힌 지 50년 후인 1896년 본당이 설정됐을 때는 이곳에는 1천6백여 명의 신자가 있었다. 26세의 나이에 순교한 김대건 신부는 조정에서 장례마저 치르지 못하게 하여 처형당한 지 40일이 지난 다음에야 이민식 빈체시오가 간신히 시신을 빼내어 남의눈을 피하며 일주일을 등에 지고 이곳 미리내로 옮겨와 안장할 수 있었다. 미리내는 1972년부터 본격적인 성역화 작업이 시작되고 1989년에 103위 성인 기념 대성전이 완성되었다. 성지에 들어서면 제일 먼저 눈에 들어오는 것은 성지 한가운데 서있는 기념 성당이다. 이 성당은 천주교 103위의 시성을 기념하기 위해 세운 것이고 기념 성당 뒤쪽으로 난 십자가의 길에는 예수가 로마 병사에게 붙잡혀 십자가에 매달려 고통받고, 죽으시고 무덤에 묻히기까지의 과정이 담겨 있는 청동 조각 15점이 서 있다. 김대건 신부의 무덤과 하악골(아래턱뼈)이 모셔져 있는 미리내 성당, 김 신부의 동상, 성모 성당, 게쎄마니 동산(바위를 자연 그대로 이용한 동산) 등을 돌아보는데 2~3시간이 소요된다.","=GOOGLETRANSLATE(A492, ""ko"", ""ja"")"
031-674-1256,"=GOOGLETRANSLATE(A493, ""ko"", ""ja"")"
강릉 경포대,"=GOOGLETRANSLATE(A494, ""ko"", ""ja"")"
강원특별자치도 강릉시 경포로 365 (저동),"=GOOGLETRANSLATE(A495, ""ko"", ""ja"")"
"강릉 경포대는 강릉을 대표하는 명승지 중 하나로, 국가지정문화재 보물 제2046호로 지정되어 있다. 고려시대의 문화를 보여주고 있는 관동팔경의 하나이며, 경포 호수 북쪽 언덕에 있는 누각이다. 고려 충숙왕 13년에 창건한 후 한차례 이건과 수차례 중수 기록이 대부분 자세히 남아있으며, 특히 창건 이전의 기록도 남아있어 시대별 변화과정을 구체적으로 확인할 수 있는 정자이다. 이름인 ‘경포대’ 전자체 현판은 유한지의 글씨이고, 해서체 현판은 이익회의 글씨이다. 경포대 내부에는 숙종의 직접 지은 ‘어제시’와 율곡 이이가 10세에 지었다는 ‘경포대부’를 비롯해, 조하망의 상량문 등 수많은 명사와 시인 묵객의 글이 게시되어 있다. 누각 주위에는 소나무와 상수리나무들이 알맞게 우거져 운치 있는 경관을 이루고 있다. 경포 8 경과 경포월삼은 천하의 장관으로 전해져 오고 있다. 경포대 주변 관광지로는 오래된 소나무 숲과 벚나무가 어우러진 경포호가 위치하고 있으며, 경포호를 동해로부터 분리시키고 있는 해안사주는 경포해수욕장을 이루고 있다.","=GOOGLETRANSLATE(A496, ""ko"", ""ja"")"
033-640-5119,"=GOOGLETRANSLATE(A497, ""ko"", ""ja"")"
원대리 자작나무 숲 (속삭이는 자작나무 숲),"=GOOGLETRANSLATE(A498, ""ko"", ""ja"")"
원대리 자작나무 숲 속삭이는 자작나무 숲,"=GOOGLETRANSLATE(A499, ""ko"", ""ja"")"
강원특별자치도 인제군 인제읍 자작나무숲길 760 안내소~자작나무숲,"=GOOGLETRANSLATE(A500, ""ko"", ""ja"")"
"원대리 자작나무 숲은 속삭이는 자작나무 숲이라고도 부르는 자연 생태관광지이다. 1974년부터 1995년까지 138㏊에 자작나무 690,000본을 조림하여 형성된 이곳은 숲 속에 7코스의 탐방로와 숲 속 교실, 전망대, 생태연못, 인디언 집, 나무다리, 나무계단 등의 시설이 있어 산림욕과 힐링을 즐길 수 있다. 입구인 자작나무 숲 안내소에서 시작되는 숲길을 따라 걸어야 자작나무 숲에 닿을 수 있다. 숲길은 두 가지 길인데 도보로 80분가량 소요되는 원정임도와 1시간가량 걸리는 원대 임도다. 등산로를 따라 오르면 수령이 20년 이상 되는 자작나무가 빽빽하게 들어찬 숲이 펼쳐진다. 자작나무 숲은 하얀 줄기와 잎이 빛나는 모습이 마치 눈이 내린 것처럼 보이며 하늘을 향해 뻗은 자작나무 숲은 이국적인 풍취를 느끼게 한다. 숲 안에서는 다양한 난이도와 거리의 탐방로를 선택할 수 있다. 가장 인기 있는 코스는 순백의 자작나무 숲 집중 생육 지역을 볼 수 있는 1코스(자작나무 코스)로 약 0.9㎞ 거리이며 약 50분 정도 소요된다. 겨울철에는 흰 눈에 뒤덮인 숲과 새하얀 자작나무가 어우러져 사진 촬영 장소로 인기가 좋다. 어린이가 있는 가족 단위의 방문객이라면 유아 숲 체험원에서 숲 속교실, 인디언집 등 자연을 주제로 한 다양한 체험 활동을 즐길 수도 있다.","=GOOGLETRANSLATE(A501, ""ko"", ""ja"")"
033-463-0044,"=GOOGLETRANSLATE(A502, ""ko"", ""ja"")"
하늘공원,"=GOOGLETRANSLATE(A503, ""ko"", ""ja"")"
서울특별시 마포구 하늘공원로 95,"=GOOGLETRANSLATE(A504, ""ko"", ""ja"")"
"하늘공원은 월드컵공원 내에 속해 있는 공원으로, 평화공원, 난지천공원, 난지한강공원, 노을공원과 함께 월드컵 경기장 주변의 5대 공원을 이룬다. 생태환경을 복원할 목적으로 조성되었으며, 자연에너지를 사용하여 자체 시설을 운영하고 있다. 억새식재지, 혼생초지, 암석원, 해바라기 식재지, 전망휴게소, 풍력발전기 등으로 구성되어 있다. 월드컵공원 중 하늘과 가장 가까운 곳에 있으며, 쓰레기 매립지의 척박한 땅에서 자연으로 복원되는 변화를 보여주는 공원이다. 가을의 은빛 억새꽃이 장관을 이루며 북한산, 한강 등 서울의 풍경을 한눈에 볼 수 있다. 또한 노을과 야경이 아름답기로 알려진 명소이기도 하다.","=GOOGLETRANSLATE(A505, ""ko"", ""ja"")"
02-300-5501,"=GOOGLETRANSLATE(A506, ""ko"", ""ja"")"
영남알프스 얼음골케이블카,"=GOOGLETRANSLATE(A507, ""ko"", ""ja"")"
경남 경상남도 밀양시 산내면 얼음골로 241,"=GOOGLETRANSLATE(A508, ""ko"", ""ja"")"
"영남알프스라 불리는 산악지대를 둘러볼 수 있는 케이블카로서, 하부승강장에서 해발 1,020m의 상부승강장까지 50인승 대형 케이블카를 타고서 약 1.8㎞를 약 10분 만에 올라간다. 케이블카는 20분 간격으로 운행한다. 상부승강장에서 내리면 약 250m의 하늘사랑길이라고 불리는 완만한 데크길을 10여 분 올라가면 녹산대라는 전망대가 나온다. 여기서 영남알프스 가지산, 백운산과 밀양 시내 방향의 얼음골 계곡 등을 조망할 수 있다. 상부승강장에서 재약산 사자봉까지 편도 1시간, 재약산 수미봉까지 편도 1시간 40분, 능동산까지는 편도 1시간, 사자평 억새까지 편도 2시간 정도 소요되니, 트레킹을 좋아하는 사람들이 많이 이용하고 있으며, 사자평 억새밭을 거쳐 고사리분교-표충사 코스를 이용하는 등산객도 있다.","=GOOGLETRANSLATE(A509, ""ko"", ""ja"")"
055-359-3000,"=GOOGLETRANSLATE(A510, ""ko"", ""ja"")"
마곡사 [유네스코 세계유산],"=GOOGLETRANSLATE(A511, ""ko"", ""ja"")"
충남 충청남도 공주시 사곡면 마곡사로 966,"=GOOGLETRANSLATE(A512, ""ko"", ""ja"")"
"공주 마곡사는 신라 선덕여왕 9년(640) 자장(慈藏)이 창건한 사찰이다. 마곡사라는 이름은 신라의 보철화상이 설법전도할 때 모인 신도가 삼밭의 삼대 같다고 하여 지은 것이라 한다. 창건 당시에는 30여 칸의 대사찰이었으나 현재는 대웅보전, 대광보전, 영산전, 사천왕문, 해탈문 등이 남아있다. 그 외 오층석탑, 괘불 1폭, 목패, 조선 세조가 탔던 연, 청동향로, 고서적들이 있다. 고려 후기 불교문화의 대표적 유산인 금물과 은물로 베껴 쓴 필사 불경도 여러 점 전해진다.마곡사 일대는 조선조 십승지지, 즉 전란기에 위험을 피할 수 있는 특별한 지역 중 하나로 알려져 있다. 이중환의『택리지』에 따르면 마곡사는 임진왜란의 전란을 피하였으며, 6·25전쟁 때도 병화를 입지 않고 살아남았다. 이러한 가치를 인정받아 유네스코 세계유산 산사, 한국의 산지승원으로 선정되었으며 사찰 내 여러 문화재가 충청남도 유형문화재와 문화재자료로 지정되었다.","=GOOGLETRANSLATE(A513, ""ko"", ""ja"")"
041-841-6220~3,"=GOOGLETRANSLATE(A514, ""ko"", ""ja"")"
강화 전등사,"=GOOGLETRANSLATE(A515, ""ko"", ""ja"")"
인천광역시 강화군 길상면 전등사로 37-41,"=GOOGLETRANSLATE(A516, ""ko"", ""ja"")"
"전등사는 현존하는 한국 사찰 중 가장 오랜 역사를 가졌으며, 부처님의 가피로 나라를 지킨 호국불교 근본도량으로 역사와 권위를 간직한 사찰이다. ‘세종실록지리지’에 기록된 바와 같이 삼랑성은 단군이 세 아들(三郞)을 시켜 쌓았던 고대의 토성이었고, 삼국시대에는 토성 자리에 석성을 쌓아 올려 오늘날까지 이어지고 있다. 전등사가 창건된 것은 서기 381년(고구려 소수림왕 11년)으로 전해지고 있다. 처음 전등사를 창건한 분은 진나라에서 건너온 아도 화상이었다. 당시 아도 화상은 강화도를 거쳐 신라 땅에 불교를 전한 것으로 알려지고 있다. 아도 화상이 강화도에 머물고 있을 때 지금의 전등사 자리에 절을 지었으니 그때의 이름은 ‘진종사(眞宗寺)’라 하였다. 이후 고려 왕실에서는 삼랑성 안에 가궐을 지은 후 진종사를 크게 중창시켰으며, 16년이 지난 충렬왕 때 왕비인 정화궁주가 진종사에 경전과 옥등을 시주한 것을 계기로 ‘전등사’라 사찰 명칭을 바꾸었다. 이후 조선 광해군 때인 1614년에 화재로 인해 건물이 모두 소실되었다가 지경 스님을 중심으로 재건을 시작하여 1621년 2월에 전등사의 옛 모습을 되찾았다. 전등사에는 대웅전, 약사전, 범종 등 대한민국의 보물이 있고, 조선왕조실록을 보관했던 정족사고가 경내에 있다. 또, 동문 쪽에는 전등사가 호국불교의 진원지임을 증명하는 양헌수승전비가 있다. 병인양요 때 전략적 요충지였던 전등사에 쳐들어온 프랑스군을 물리치고 나라를 위기에서 구한 양헌수 장군의 공적을 기념하기 위해 고종 10년인 1873년에 건립한 것이다. 체험 프로그램으로는 템플스테이가 준비되어 있으며, 당일형, 체험형, 휴식형으로 나뉘어 있다. 당일형은 짧은 시간 틈을 내 한국의 불교문화를 체험할 수 있도록 구성되어 있고, 체험형은 계절 또는 참가자들의 특성에 따라 사찰마다 조금씩 다른 프로그램들이 진행되고, 휴식형은 말 그대로 사찰에 머물며 지친 몸과 마음을 잠시 쉴 수 있도록 도와주는 프로그램이다.","=GOOGLETRANSLATE(A517, ""ko"", ""ja"")"
032-937-0125,"=GOOGLETRANSLATE(A518, ""ko"", ""ja"")"
부석사 [유네스코 세계유산],"=GOOGLETRANSLATE(A519, ""ko"", ""ja"")"
경북 경상북도 영주시 부석면 부석사로 345,"=GOOGLETRANSLATE(A520, ""ko"", ""ja"")"
"부석사는 신라 문무왕 16년(676) 해동 화엄종의 종조인 의상대사가 왕명으로 창건한 화엄종의 수사찰이다. 대사가 당(唐) 나라에 유학하고 있을 때 당 고종의 신라 침략 소식을 듣고 이를 왕에게 알리고, 그가 닦은 화엄의 도리로 국론을 통일하여 내외의 시련을 극복하게 하고자 귀국하여 이 절을 창건하였으며, 우리나라 화엄사상의 발원지가 되었다.부석사라 이름하게 됨은 불전 서쪽에 큰 바위가 있는데, 이 바위는 아래의 바위와 서로 붙지 않고 떠 있어 뜬돌이라 한 데서 연유하였다 한다. 고려 시대에는 선달사(善達寺) 혹은 흥교사(興敎寺)라 불렸다. 1916년 해체보수 시 발견된 묵서명에 의하면 고려 초기에 무량수전 등을 중창하였으나 공민왕 7년 (1358) 적의 병화를 당하여 우왕 2년(1376) 무량수전이 재건되고, 우왕 3년 (1377) 조사당이 재건되었다.경내에는 통일신라시대 유물인 무량수전 앞 석등, 석조여래 좌상, 삼층석탑, 당간지주, 석조 기단 등이 있고, 고려 시대 유물인 무량수전, 조사당, 소조 여래 좌상, 조사당 벽화, 고려 각판, 원융국사비 등이 있다. 특히 무량수전은 우리나라 최고(最古)의 목조 건물 중 하나이며, 조사당 벽화는 목조건물에 그려진 벽화 중 가장 오래된 것으로 현재 유물관 안에 보관되어 있다. 무량수전 안에 봉안된 여래 좌상은 국내에 전래하는 최고의 소상(塑像)이다. 무량수전 서쪽에 있는 우물은 의상대사의 호법룡(護法龍)이 살았다는 우물이라 전한다.","=GOOGLETRANSLATE(A521, ""ko"", ""ja"")"
054-633-3464,"=GOOGLETRANSLATE(A522, ""ko"", ""ja"")"
소노벨 비발디파크 오션월드,"=GOOGLETRANSLATE(A523, ""ko"", ""ja"")"
"홍천 소노벨 비발디파크는 강원도 홍천군에 위치한 사계절 레저복합시설이다. 골프, 스키, 물놀이 등 다양한 레포츠 시설과 호텔, 콘도, 펜션 등 다양한 숙박 시설을 갖추고 있다. 소노벨 비발디파크 내에 위치한 오션월드는 2006년 7월 5일에 개장하여 사람들에게 다양한 물놀이 시설로 재미와 즐거움을 선사하고 있다. 오션월드는 자연환경의 훼손을 최대한 억제한 친환경 워터파크이며, 모든 연령이 편안한 휴식과 짜릿한 즐거움을 동시에 누릴 수 있다. 전체 규모는 실내존 43,291㎡, 익스트림존 25,787㎡, 파도풀존 19,284㎡, 다이내믹존 31,242㎡, 메가슬라이드존 7,041㎡로 총 126,645㎡이며, 이는 축구장 14배 넓이로 동시 수용 가능인원은 2만 3천 명이다.강원 지역의 능선이 굽이치는 청정 수풀림 속에 상상을 초월하는 바다를 옮겨 놓은 듯한 착각을 불러일으키고자 세워진 오션월드는 이집트를 쏙 빼닮았다. 피라미드, 스핑크스, 파라오 등 이집트의 숨결을 느낄 수 있는 다양한 조형물들이 설치되어 있어 더욱 매력적인 곳이다. 이곳은 크게 실내존, 익스트림존, 다이내믹존, 메가슬라이드존으로 구분된다. 실내존은 파도풀, 유수풀, 튜브/바디슬라이드, 바데풀, 유아/어린이용 워터플렉스, 찜질방, 야외 노천탕 등 다양한 연령층이 함께 이용할 수 있다. 익스트림존은 그 이름에 걸맞게 국내 유일의 8피트 V파도를 자랑하는 서핑마운트와 연속되는 파도의 스릴감을 맛보실 수 있는 익스트림리버 등 젊은이들에게 각광받고 있다. 다이내믹존은 300m 세계최장 몬스터 블라스터, 6인승 슈퍼 부메랑고, 초대형 자이언트 워터플렉스 등 스릴감 넘치는 테마 물놀이 시설로 짜릿한 즐거움을 선사하는 공간이다. 2011년 새롭게 탄생한 메가슬라이드존은 세계최초로 운영되는 슈퍼 S라이드, 국내 최초·최다 8인승 카이로레이싱, 극강의 스릴 더블 토네이도 슬라이드, 최대원심력 더블 스핀 슬라이드 등 다양한 스릴을 만끽할 수 있다.","=GOOGLETRANSLATE(A524, ""ko"", ""ja"")"
이용시간 및 시즌별 상이하므로 홈페이지 참조,"=GOOGLETRANSLATE(A525, ""ko"", ""ja"")"
남해독일마을,"=GOOGLETRANSLATE(A526, ""ko"", ""ja"")"
경남 경상남도 남해군 독일로 89-7,"=GOOGLETRANSLATE(A527, ""ko"", ""ja"")"
남해 독일마을은 파독 광부 간호사들이 은퇴 후 귀국하여 정착한 마을이다. 전통 독일식 주택을 볼 수 있고 독일 교포들이 생활하고 있다. 이 중에서 30여 집 정도가 부업으로 민박을 하고 있다. 집집마다 특색 있는 인테리어와 서비스로 많은 관광객들이 찾는다고 한다. 바로 앞으로 펼쳐진 방조어부림의 시원한 바다와 남해안에서 가장 아름다운 해안 드라이브 코스인 물미해안도로가 있다.,"=GOOGLETRANSLATE(A528, ""ko"", ""ja"")"
055-867-8897,"=GOOGLETRANSLATE(A529, ""ko"", ""ja"")"
죽변항,"=GOOGLETRANSLATE(A530, ""ko"", ""ja"")"
경북 경상북도 울진군 죽변면 죽변리,"=GOOGLETRANSLATE(A531, ""ko"", ""ja"")"
"죽변항은 후포항과 함께 울진 북단에 있는 동해안에서 손꼽는 어항으로, 1995년 12월 29일에 국가어항으로 지정되었다. 오징어와 고등어, 꽁치, 도루묵, 가자미 등이 특히 많이 잡히고 우리나라 최대의 대게잡이 항으로 유명하다. 다양하고 많은 어획량만큼 죽변향 주변에는 크고 작은 수산물 가공 공장들이 줄지어 있다. 또한 매년 11월에는 죽변항 수산물 축제가 열려 싱싱한 해산물과 다채로운 즐길 거리를 만날 수 있다. 축제 때는 맨손 활어 잡기 등 이벤트도 진행한다. 죽변항 주변에는 덕천리 백사장으로부터 후정리와 죽변등대 남쪽의 봉평리, 온양리까지 이어지는 드넓은 백사장이 있다. 이 백사장 전체를 봉평해수욕장이라 부르기도 하는데, 그 길이가 10㎞에 이른다. 인근에는 드라마 <폭풍속으로>와 예능 프로그램 <1박 2일>의 촬영지가 있다.","=GOOGLETRANSLATE(A532, ""ko"", ""ja"")"
054-782-1501,"=GOOGLETRANSLATE(A533, ""ko"", ""ja"")"
비자림,"=GOOGLETRANSLATE(A534, ""ko"", ""ja"")"
제주특별자치도 제주시 구좌읍 비자숲길 55,"=GOOGLETRANSLATE(A535, ""ko"", ""ja"")"
추암 촛대바위,"=GOOGLETRANSLATE(A536, ""ko"", ""ja"")"
강원특별자치도 동해시 추암동 산 69,"=GOOGLETRANSLATE(A537, ""ko"", ""ja"")"
"동해시의 명소 추암 촛대바위는 수중의 기암괴석이 바다를 배경으로 함께 어울려 빚어내는 비경으로 감탄을 자아내는 장소다. 촛대처럼 생긴 기이하고 절묘한 모습의 바위가 무리를 이루며 하늘을 찌를 듯 솟아오른 모습은 가히 장관이다. 촛대바위와 주변 기암괴석군을 둘러싼 바다는 수시로 그 모습을 바꾼다. 파도 거친 날에는 흰 거품에 가려지며 승천하는 용의 모습을 닮기도 하고 파도 잔잔한 날에는 깊은 호수와 같은 느낌을 주기도 한다. 이곳 해돋이는 워낙 유명해 많은 여행객들과 사진작가들로 붐비는 곳이기도 하다. 우암 송시열도 이곳을 둘러보고는 발길을 떼지 못했다는 말이 전해지는 곳이다. 촛대바위, 형제바위의 일출은 애국가 첫 소절의 배경화면으로도 자주 나온 곳이다.","=GOOGLETRANSLATE(A538, ""ko"", ""ja"")"
추암관광안내소 033-530-2801,"=GOOGLETRANSLATE(A539, ""ko"", ""ja"")"
정동진해변,"=GOOGLETRANSLATE(A540, ""ko"", ""ja"")"
강원특별자치도 강릉시 강동면 정동역길 17,"=GOOGLETRANSLATE(A541, ""ko"", ""ja"")"
"정동진에서 해수욕할 수 있는 곳은 세 곳이 있는데, 정동진역 앞의 바다와 모래시계 공원 앞의 바다, 그리고 정동진 방파제가 있는 바다이다. 넓고 이용하기 쉬운 곳은 정동진역 앞의 해변과 모래시계공원 앞의 바다이다. 모래시계 공원이 낮과 밤을 밝혀주며 남으로는 조각(해돋이) 공원과 헌화로가 있는 관광명소이다. 특히 정동진역 앞에서는 조개와 홍합, 미역, 성게 등을 따먹을 수 있는 바위가 많아서 사람들이 많이 찾고 있다. 또한 세계에서 바다와 제일 가까이 있는 간이역으로, 동해의 푸른 창파에서 우람하게 솟아오르는 해를 맞는 관광객들이 많다. 지난 1997년 정동진 해돋이 관광열차의 운행으로 급부상하여 관광객들이 사계절 내내 붐빈다.","=GOOGLETRANSLATE(A542, ""ko"", ""ja"")"
033-660-3598,"=GOOGLETRANSLATE(A543, ""ko"", ""ja"")"
낙산사,"=GOOGLETRANSLATE(A544, ""ko"", ""ja"")"
강원특별자치도 양양군 강현면 낙산사로 100,"=GOOGLETRANSLATE(A545, ""ko"", ""ja"")"
"낙산사는 강원특별자치도 양양군을 대표하는 관광명소이자 역사적 가치가 큰 명승지다. 신라 문무왕 11년(671)에 의상대사가 창건한 고찰로 강화 보문사, 남해 보리암과 더불어 한국 3대 관음성지로 꼽힌다. 동해가 한눈에 내려다보이는 천혜의 풍광이 아름다운 사찰은 관동팔경(강원특별자치도 영동의 여덟 군데 명승지) 중 한 곳으로, 예로부터 수많은 고전과 시문에 그 아름다움이 전해지고 있다. 낙산사는 여러 번 중건과 복원을 거친 역사적 사찰로 여러 문화재를 보유하고 있다. 16m 높이의 해수관음상, 해안 절벽 위에 지은 정자이자 동해안 일출 명소인 의상대, 바다를 굽어보는 암자인 홍련암, 조선 시대에 지었으나 고려 시대 양식을 이어받은 양양 낙산사 칠층석탑(보물), 부처의 진신사리를 비롯한 사리장엄구가 발견된 양양 낙산사 해수관음공중사리탑·비 및 사리장엄구 일괄(보물) 등이 잘 알려져 있다. 2005년에 큰 산불이 나 보물로 지정되어 있던 동종을 비롯해 20여 채의 전각이 소실된 바 있다. 낙산사 홈페이지를 통해 템플스테이를 신청할 수 있다. ◎ 한류의 매력을 만나는 여행 정보 - <리노로그>리노가 걸었던 ‘꿈이 이루어지는 길’을 걸으며 수많은 돌탑 위에 작은 돌 하나를 얹고 소원을 빌어 보는 것을 추천한다.","=GOOGLETRANSLATE(A546, ""ko"", ""ja"")"
종무소 033-672-2447~8 홍련암 033-672-2478 템플스테이 033-672-2417,"=GOOGLETRANSLATE(A547, ""ko"", ""ja"")"
방화수류정(동북각루),"=GOOGLETRANSLATE(A548, ""ko"", ""ja"")"
방화수류정 동북각루,"=GOOGLETRANSLATE(A549, ""ko"", ""ja"")"
경기도 수원시 팔달구 수원천로392번길 44-6 (매향동),"=GOOGLETRANSLATE(A550, ""ko"", ""ja"")"
"수원성 화홍문의 동쪽에 인접한 높은 벼랑 위에 있는 방화수류정(訪花隨柳亭)은 1794년(정조 18) 수원성곽을 축조할 때 세운 누각 중 하나이다. 동북각루가 공식 명칭이지만 “꽃을 찾고 버들을 따라 노닌다”라는 뜻에 걸맞게 경관이 뛰어나 방화수류정이라는 당호가 붙여졌다. 한 때 홍수로 인해 퇴락한 것을 1848년에 재건축했으며 이후 수원성복원사업의 일환으로 대대적으로 수리했다.2011년 보물로 지정된 방화수류정은 독특한 평면과 지붕형태 때문에 바라보는 위치에 따라 다른 모습을 보여준다. 이 때문에 화성에서 가장 독창적인 건축물로 평가되고 있다. 정조가 화성행차 시에 휴식을 취했다는 정자에서는 동으로는 연무대와 동북공심돈, 서로는 장안문과 팔달산이 한눈에 조망된다.","=GOOGLETRANSLATE(A551, ""ko"", ""ja"")"
수원종합관광안내소 031-228-4672,"=GOOGLETRANSLATE(A552, ""ko"", ""ja"")"
아침고요수목원,"=GOOGLETRANSLATE(A553, ""ko"", ""ja"")"
경기도 가평군 상면 수목원로 432,"=GOOGLETRANSLATE(A554, ""ko"", ""ja"")"
"아침 고요수목원은 축령산의 빼어난 자연경관을 배경으로 하여 한국의 미를 듬뿍 담은 정원들을 원예학적으로 조화시켜 설계한 원예 수목원이다. 여러 가지 특색 있는 정원을 갖추고 있고, 울창한 잣나무 숲 아래에서 삼림욕을 즐길 수도 있어 도시민들에게 쉼터를 제공한다. 설계자(한상경, 삼육대학교 원예학 교수)가 명명하였으며, 1996년 5월에 개원하였다. 20개의 주제를 가진 정원은 아름답게 가꾸어진 잔디밭과 화단, 자연스러운 산책로로 연결되어 있다. 특히, 아름다운 대한민국의 금수강산을 실제 한반도 지형 모양으로 조성하여 최고 절정의 꽃으로 표현한 하경정원(Sunken Garden)은 관광객들의 관심을 가장 많이 끄는 곳이다. 또한, 이곳에는 백두산 식물 300여 종을 포함한 5,000여 종의 식물들을 만나볼 수 있으며, 영화 ‘편지’를 시작으로 영화 ‘조선 명탐정’, ‘중독’, 드라마 ‘황금빛 내 인생’, ‘손 꼭 잡고 지는 석양을 바라보자’, ‘저글러스’, ‘군주’, ‘블랙’, ‘학교 2017’, ‘왕은 사랑한다’, ‘내성적인 보스’, ‘구르미 그린 달빛’, ‘웃어라 동해야’, ‘미남이시네요’, ‘이 죽일 놈의 사랑’, 예능 ‘무한도전’, 다큐 ‘성공 다큐 최고다’ 등의 촬영 장소로 알려져 많은 관광객이 다녀가고 있다.◎ 한류의 매력을 만나는 여행 정보드라마 <환혼>, <구르미 그린 달빛> 등 수많은 사극 드라마 촬영지이며 예능 촬영지이기도 한 ‘아침고요수목원’은 약 5,000여 종의 다양한 식물을 관람할 수 있는 식물원이다. 봄 여름 가을에는 계절에 따른 색색깔의 정원 풍경을 볼 수 있고, 겨울에는 화려한 조명으로 오색별빛정원전을 선보이는 이곳은 아주 오랫동안 한국인에게 사랑받아 온 관광지 중 한 곳이다. 계절마다 다른 모습을 보여주는 이 아름다운 식물원에서 자연과 사랑에 빠지는 시간을 가져보길 추천한다.","=GOOGLETRANSLATE(A555, ""ko"", ""ja"")"
1544-6703,"=GOOGLETRANSLATE(A556, ""ko"", ""ja"")"
경기도 포천시 신북면 청신로947번길 51,"=GOOGLETRANSLATE(A557, ""ko"", ""ja"")"
"관광농원인 허브아일랜드(329,000㎡) 내 식물원과 전시실(110,000㎡)을 갖춘 1종 전문 박물관(식물원)으로 등록한 전국 최대 규모의 허브 식물원이다. 허브식물 박물관 내에는 250여 종의 허브와 다양한 식물들이 식재되어 있어 사계절 내 화사하고 푸른 식물을 관람할 수 있다. 허브식물 박물관은 총 4개의 실내 전시관과 야외 전시장으로 구성되어 있다. 각 전시관마다 중심이 되는 허브와 식물들이 있어 관람의 재미와 함께 아이들의 생태체험 교육의 장은 물론 힐링공간으로 활용되고 있다.","=GOOGLETRANSLATE(A558, ""ko"", ""ja"")"
031-535-6494,"=GOOGLETRANSLATE(A559, ""ko"", ""ja"")"
봉은사(서울),"=GOOGLETRANSLATE(A560, ""ko"", ""ja"")"
봉은사 서울,"=GOOGLETRANSLATE(A561, ""ko"", ""ja"")"
서울특별시 강남구 봉은사로 531 (삼성동),"=GOOGLETRANSLATE(A562, ""ko"", ""ja"")"
"봉은사는 서울의 중심지인 강남구 삼성동에 자리 잡은 천년고찰이다. 794년 연화국사가 창건하였고 처음엔 견성사라고 하였다. 이후 1498년 성종의 계비 정현왕후가 성종의 능(선릉) 동편에 있던 이 절을 크게 중창하고 절 이름을 봉은사로 바꿨다. 조선조에는 조계종을 대표하는 선종 수사찰로, 근대에는 역경사업과 도제를 양성했던 동국역경원이 세워진 터전이다. 오늘날 봉은사는 수행 중심의 사찰 운영으로 새로운 불교 역사를 만들어 가고 있다. 템플스테이를 비롯한 불교대학, 경전학교 등 다양한 프로그램을 통해 국내외적으로 양질의 한국불교문화를 널리 알리고 있을 뿐 아니라, 사회복지 또한 실현하는 도심 대찰의 위상을 이어가기 위해 노력하고 있다.","=GOOGLETRANSLATE(A563, ""ko"", ""ja"")"
02-3218-4800,"=GOOGLETRANSLATE(A564, ""ko"", ""ja"")"
장태산자연휴양림,"=GOOGLETRANSLATE(A565, ""ko"", ""ja"")"
대전광역시 서구 장안로 461,"=GOOGLETRANSLATE(A566, ""ko"", ""ja"")"
"장태산 자연휴양림은 국내 유일의 메타세쿼이아 숲이 울창하게 형성되어 있어 이국적인 경관과 더불어 가족 단위 산림욕을 즐기기에 적합한 곳이다. 천혜의 자연경관과 잘 어우러진 이곳은 산책길이 잘 조성되어 있을 뿐만 아니라 건강지압로, 추억의 놀이, 출렁다리, 교과서 식물원, 생태연못, 숲 속 교실 등을 갖추고 있어 자연과 더불어 자연학습과 휴식을 동시에 즐길 수 있다. 또한 단체오락, 미니축구, 농구 경기 등을 즐길 수 있는 소규모(380㎡) 운동공간과 스카이웨이, 전망대, 비탈 놀이 시설을 통해 메타세쿼이아 숲을 특별히 체험할 수 있는 공간도 마련되어 있으며 장태산 정상의 형제바위 위에 있는 전망대에서는 낙조를 바라볼 수 있고 장군봉, 행상바위 등 기암괴석도 볼 수 있다.","=GOOGLETRANSLATE(A567, ""ko"", ""ja"")"
시설문의 042-270-7885 숲속의집 안내센터 042-583-0094,"=GOOGLETRANSLATE(A568, ""ko"", ""ja"")"
화성행궁,"=GOOGLETRANSLATE(A569, ""ko"", ""ja"")"
경기도 수원시 팔달구 정조로 825 (남창동),"=GOOGLETRANSLATE(A570, ""ko"", ""ja"")"
"행궁은 정조가 현륭원에 행차할 때 임시 거처로 사용하던 곳으로 그 어느 행궁보다 크고 웅장하였으며 활용도도 높아 경복궁의 ‘부궁’이라는 말까지 생겨난 곳이다. 정조 18~20년에 화성을 축성하고 팔달산 동쪽에 행궁을 건립했는데 평상시에는 유수부(지금의 시청) 관청으로 사용되던 곳이다. 화성은 창룡문(동), 화서문(서), 팔달문(남), 장안문(북) 4개의 문루로 이어져 있으며, 뛰어난 건축술로 인해 세계유산으로 선정되었을 뿐 아니라 우리나라 최초의 신도시 개발 사례로도 평가받고 있다. 조선 22대 정조는 아버지 사도 세자가 뒤주 속에서 비극적인 삶을 마감하자 그 무덤을 당시 최고의 명당이라 평가받던 수원(현재의 화성시)으로 이장하였고, 능 주위에 살던 주민들을 팔달산 아래 현재의 위치로 옮기면서 도시와 성곽을 축성하였다. 화성의 국궁 체험과 팔달산 정상의 효원의 종 타종, 행궁의 여러 가지 전통문화체험은 우리 문화재를 입체적으로 접근할 수 있도록 도와준다. 그 외에도 대장금의상 입어보기, 소원 성취 나무와 스탬프 찍기 등 다양한 체험을 할 수 있다.","=GOOGLETRANSLATE(A571, ""ko"", ""ja"")"
화성행궁 매표소 031-228-4677 화성행궁 안내소 031-228-4480,"=GOOGLETRANSLATE(A572, ""ko"", ""ja"")"
하나개해수욕장,"=GOOGLETRANSLATE(A573, ""ko"", ""ja"")"
인천광역시 중구 하나개로 150 (무의동),"=GOOGLETRANSLATE(A574, ""ko"", ""ja"")"
"하나개해수욕장은 무의도 서쪽에 자리한 갯벌을 품은 해수욕장이다. 하나개는 가장 큰 갯벌이라는 뜻이다. 1㎞ 길이의 고운 모래 백사장이 펼쳐지고, 물이 빠지면 고운 모래사장 너머로 너른 갯벌이 드러난다. 갯벌을 조금만 파 내려가면 흰 속살의 동죽조개를 비롯하여 소라, 방게, 바지락 등이 지천이다. 해가 질 때의 붉은빛 노을은 해수욕장의 또 다른 장관이다. 하나개해수욕장은 아이들이 놀기에 수심이 적당하고 숙박시설과 샤워장, 식당, 노래방 등 편의시설이 많아 주로 가족 단위 관광객들이 많이 찾는다. 해수욕장 뒤편에는 유원지가 조성돼 있어 즐길 거리도 많다. 유원지에서는 승마, 사륜오토바이, 씨 스카이월드를 즐길 수 있다. 씨 스카이월드는 백사장에 설치된 높이 25m의 철탑으로부터 413m의 와이어를 연결하여 높은 곳에서 낮은 곳으로 하늘을 날 듯 하강하는 신종 익스트림 레포츠이다. 노천 포장마차에서 싱싱한 해산물을 맛보는 것도 빼놓을 수 없다. 이곳은 드라마 <천국의 계단> 촬영지로 해변 한쪽에 촬영 세트장이 남아 있어 또 다른 볼거리를 제공한다.","=GOOGLETRANSLATE(A575, ""ko"", ""ja"")"
032-751-8833,"=GOOGLETRANSLATE(A576, ""ko"", ""ja"")"
향일암(여수),"=GOOGLETRANSLATE(A577, ""ko"", ""ja"")"
향일암 여수,"=GOOGLETRANSLATE(A578, ""ko"", ""ja"")"
전남 전라남도 여수시 돌산읍 향일암로 1,"=GOOGLETRANSLATE(A579, ""ko"", ""ja"")"
"여수 향일암은 대한불교조계종 제19교구 말사이며, 연간 100만여 명이 찾는 관광명소이자 관음기도 도량이다. 원효대사가 관세음보살님을 친견하고 그 자리에 원통암을 지었고 조선 숙종 때 인묵대사가 향일암이라 하였다. 이곳은 원통보전, 삼성각, 관음전, 용왕전, 종각, 해수관음상을 복원, 신축하여 사찰로서의 면모를 갖추었는데 2009년 12월 20일 화재로 소실된 대웅전(원통보전), 종무소(영구암), 종각을 2012년 5월 6일 복원하여 낙성식을 가졌다. 남해 수평선의 일출 광경이 장관을 이루어 향일암이라 하였으며, 또한 주위의 바위 모양이 거북의 등처럼 되어 있어 영구암이라 부르기도 한다.","=GOOGLETRANSLATE(A580, ""ko"", ""ja"")"
061-644-4742,"=GOOGLETRANSLATE(A581, ""ko"", ""ja"")"
영월 청령포,"=GOOGLETRANSLATE(A582, ""ko"", ""ja"")"
강원 영월군 남면 광천리 산67-1,"=GOOGLETRANSLATE(A583, ""ko"", ""ja"")"
"청령포는 영월군 남면 광천리 남한강 상류에 있는 이곳은 왕위를 빼앗기고 영월로 유배된 단종이 머무르던 곳이다. 조선 제6대 왕인 단종은 숙부인 수양대군에게 왕위를 선위하고 상왕으로 있다가 그다음 해인 1456년 성삼문 등 사육신들의 상왕복위의 움직임이 사전에 누설됨으로써 상왕은 노산군으로 강봉 되었다. 이후 첨지 중추원사 어득해가 거느리는 군졸 50인의 호위를 받으며 원주, 주천을 거쳐 이곳 청령포에 유배되었다. 청령포는 동, 남, 북 삼면이 물로 둘러싸이고 서쪽으로는 육육봉이라 불리는 험준한 암벽이 솟아있어 나룻배를 이용하지 않고는 밖으로 출입할 수 없는 곳이었으며 단종은 이 적막한 곳에서 외부와 두절된 유배 생활을 했고, 당시에는 이곳에 거처할 수 있는 집이 있어 호장 엄흥도는 남몰래 밤이면 이곳을 찾아 문안을 드렸다고 전한다. (출처 : 영월군 문화관광 홈페이지)","=GOOGLETRANSLATE(A584, ""ko"", ""ja"")"
033-372-1240,"=GOOGLETRANSLATE(A585, ""ko"", ""ja"")"
성산일출봉 [유네스코 세계자연유산],"=GOOGLETRANSLATE(A586, ""ko"", ""ja"")"
제주특별자치도 서귀포시 성산읍 일출로 284-12,"=GOOGLETRANSLATE(A587, ""ko"", ""ja"")"
"해발 180m인 성산 일출봉은 약 5,000년 전 제주도 수많은 분화구 중에서는 드물게 바닷속에서 수중폭발한 화산체이다. 용암이 물에 섞일 때 일어나는 폭발로 용암은 고운 화산재로 부서져 분화구 둘레에 원뿔형으로 쌓여 있다. 원래는 화산섬이었지만 신양해수욕장 쪽 땅과 섬 사이에 모래와 자갈이 쌓여 육지와 연결이 된 것이다. 일출봉 정상에는 지름 600m, 바닥면의 높이 해발 90m에 면적이 214,400㎡나 되는 분화구가 자리한다. 예로부터 이곳 성산일출봉 정상에서 바라보는 일출 광경은 영주 10경(제주의 경승지) 중에서 으뜸이라 하였다. 넘실대는 푸른 바다 저편 수평선에서 이글거리며 솟아오르는 일출은 온 바다를 물들이고 보는 이의 마음까지도 붙잡아 놓으며 보는 이로 하여금 저절로 감탄케 한다.","=GOOGLETRANSLATE(A588, ""ko"", ""ja"")"
064-783-0959,"=GOOGLETRANSLATE(A589, ""ko"", ""ja"")"
대천해수욕장,"=GOOGLETRANSLATE(A590, ""ko"", ""ja"")"
충남 충청남도 보령시 머드로 123,"=GOOGLETRANSLATE(A591, ""ko"", ""ja"")"
"충남 보령시 해수욕장 4길 일원은 대천해수욕장이다. 이미 1930년대부터 외국인을 위한 휴양단지로 자리 잡은 서해안 최대의 해변이다. 백사장 길이만 3.5㎞에 폭이 100m에 달한다. 경사가 완만하고 모래가 깨끗하다. 특히 다보도와 어우러지는 노을이 아름답다. 대천해수욕장은 크게 노을광장, 머드광장 구역으로 나뉘는데 피서철에는 각기 다른 즐길거리가 펼쳐진다. 해마다 열리는 보령머드축제는 국내를 넘어 세계인의 관심을 끌고 있다. 머드검문소, 머드디스코텍 등 보령의 머드를 테마로 다채로운 행사가 펼쳐진다. 해수욕장 끝자락에는 보령머드체험관이 있다. 머드사우나와 머드온돌방, 머드셀프팩과 머드마사지 등이 가능하다. 대천해수욕장에서는 해수욕 외에도 즐길 거리가 많다. 대천 집트렉은 바다로 돌진하는 듯한 오싹한 설렘을 선사한다. 스카이 바이크는 대천해수욕장과 대천항을 오가는 전국 최초의 해상 레일 바이크다. 수면에서 8~15m 높이에 선로를 달아 바닷길을 달리게 했다. 40분간 2.3㎞를 왕복 운행하는데 가능하면 바닷물이 차 있는 만조 시 탑승하기를 추천한다.","=GOOGLETRANSLATE(A592, ""ko"", ""ja"")"
대천관광협회 041-933-7051보령시청 해수욕장경영과 041-930-041-930-6813,"=GOOGLETRANSLATE(A593, ""ko"", ""ja"")"
안목해변,"=GOOGLETRANSLATE(A594, ""ko"", ""ja"")"
강원특별자치도 강릉시 창해로14번길 20-1,"=GOOGLETRANSLATE(A595, ""ko"", ""ja"")"
"강원 강릉시 견소동에 위치한 길이 500m, 2만㎡의 백사장이 있는 안목해변은 가족단위 피서객이 즐기기 적합한 곳이다. 해변 바로 옆에 안목항이 있어 봄에는 미역, 여름에는 가자미, 넙치(광어), 오징어, 문어, 민들조개(째복), 가을과 겨울에는 도루묵, 명태, 우럭 등을 23척의 어선들이 잡아 오전 9시 귀항한다. 피서철이 끝나는 8월 말 경에는 고등어가 멸치를 잡아먹기 위해 쫓는데, 바닷가로 밀려 나오는 멸치 떼를 바가지, 반두 등으로 떠내는 일이 종종 있는 곳이다. 또한 이곳은 커피를 즐길 수 있는 커피거리가 있어 바다뷰와 함께 커피를 즐길 수 있는 해변으로 유명하다.","=GOOGLETRANSLATE(A596, ""ko"", ""ja"")"
033-660-3887,"=GOOGLETRANSLATE(A597, ""ko"", ""ja"")"
영금정,"=GOOGLETRANSLATE(A598, ""ko"", ""ja"")"
강원특별자치도 속초시 영금정로 43 (동명동),"=GOOGLETRANSLATE(A599, ""ko"", ""ja"")"
"속초시 동명동 속초등대 밑의 바닷가에 크고 넓은 바위들이 깔려있는 곳이 영금정이다. 지명의 유래는 파도가 바위에 부딪치면 신묘한 율곡이 들려 이 소리를 신령한 ‘거문고’ 소리와 같다고 하여 영금정이라 불린다. 시내에서 가까운 거리에 위치하고 있고, 경치가 빼어나 사시사철 속초시민이 피서와 낚시를 즐기는 곳이다. 현재는 속초시에서 영금정 일대를 관광지로 개발하여, 남쪽 방파제 부근으로 실제 정자를 하나 만들어 놓았다. 이 정자는 영금정 바위 위에 세워진 해상 정자로 50m 정도의 다리를 건너 들어갈 수 있다. 해상 정자에서 바다를 바라보는 느낌은 방파제와는 또 다른 시원한 느낌을 주지만, 정자 자체는 콘크리트 정자여서 아쉬움이 남는다. 대개 해돋이 정자라고 부르는데, 정자 현판에는 영금정(靈琴亭)이라는 글을 써 놓았다.","=GOOGLETRANSLATE(A600, ""ko"", ""ja"")"
속초 시외버스터미널 관광안내소 033-639-2830,"=GOOGLETRANSLATE(A601, ""ko"", ""ja"")"
포천 산정호수,"=GOOGLETRANSLATE(A602, ""ko"", ""ja"")"
경기도 포천시 영북면 산정호수로 402,"=GOOGLETRANSLATE(A603, ""ko"", ""ja"")"
"산에 있는 우물이라는 뜻인 산정호수는 이름 그대로 맑은 수질과 아름다운 산세를 자랑한다. 1925년 농수용저수지로 만들어졌으며, 명성산을 비롯해 여러 높은 산봉우리, 자인사와 등룡폭포, 비선폭포 등이 있다. 1977년 3월 국민관광지로 지정되어 많은 관광객이 찾고 있으며, 특히 봄‧가을 호수의 밤 안개가 절경을 이루어 호수주변 산책길에 유명세를 타고 있다. 주변에 놀이공원, 조각공원, 보트장, 수영장, 썰매장 등이 조성되었다.(출처 : 포천 문화관광 홈페이지)","=GOOGLETRANSLATE(A604, ""ko"", ""ja"")"
031-540-6350,"=GOOGLETRANSLATE(A605, ""ko"", ""ja"")"
해밀톤 호텔,"=GOOGLETRANSLATE(A606, ""ko"", ""ja"")"
서울특별시 용산구 이태원로 179,"=GOOGLETRANSLATE(A607, ""ko"", ""ja"")"
"해밀톤 호텔은 1973년 개관하여 최상의 서비스를 제공하는 대한민국 대표호텔로 성장한다는 비전 아래 지속적인 변화를 추구하고 있다. 이에 따라 2015년 대대적인 리모델링을 진행하였으며 또한 전 부문에 걸친 서비스 품질 향상을 위해 더욱 세련되고 정교한 품질의 서비스와 시설을 만들어가고 있다. 대한민국을 대표하는 글로벌 호텔로 발돋움하여 그 서비스 가치를 더욱 높일 것이다. 지하철과 공항버스를 비롯한 대중교통 이용이 매우 편리하고 서울 도심 및 시내 관광지로의 접근성이 매우 뛰어나다. 특히 금융, 비즈니스 중심지구인 강남으로부터 차로 15분 이내 거리에 위치해 있으며 서울의 주요 관광지인 명동, 동대문, 광화문, 남산 등이 가까운 곳에 위치하고 있다. 실외수영장을 포함한 최신시설과 연회장, 피트니스센터, 사우나 등 차별화된 서비스를 통해 휴식과 즐거운 여행을 제공한다.","=GOOGLETRANSLATE(A608, ""ko"", ""ja"")"
02-3786-6300,"=GOOGLETRANSLATE(A609, ""ko"", ""ja"")"
롯데프리미엄아울렛 의왕점,"=GOOGLETRANSLATE(A610, ""ko"", ""ja"")"
경기도 의왕시 바라산로 1 (학의동) 1층,"=GOOGLETRANSLATE(A611, ""ko"", ""ja"")"
롯데프리미엄아울렛 의왕점은 매일 새로움과 즐거운 경험을 제공하는 복합 쇼핑몰이다. 시간에 따라 변화하는 자연(바라산과 백운호수) 속에서 휴식과 다양한 체험을 할 수 있는 공간이다. ‘당신이 만나는 모든 순간(Every Single Moment)’ 슬로건처럼 시간에 따라 변화하는 자연 속에서 즐거운 쇼핑을 할 수 있다.,"=GOOGLETRANSLATE(A612, ""ko"", ""ja"")"
1577-0001,"=GOOGLETRANSLATE(A613, ""ko"", ""ja"")"
이촌한강공원,"=GOOGLETRANSLATE(A614, ""ko"", ""ja"")"
서울특별시 용산구 이촌로72길 62 (이촌동),"=GOOGLETRANSLATE(A615, ""ko"", ""ja"")"
"이촌한강공원은 금호동의 중랑천교와 이촌동의 원효대교 사이 강변 북단에 위치해 있다. 가을이 되면 호안가 주변을 따라 갈대와 억새, 코스모스가 피어나 시민들의 산책과 조깅코스로 자주 이용된다. 청소년을 위한 청소년광장과 X-게임장, 국제규모의 인라인스케이트장, 농구장, 테니스장, 게이트볼장 등의 운동경기장 등이 여가 및 레포츠 공간으로 유용하게 활용되고 있다. 또한 한강도하체험장이 생겨 개인, 직장, 학교 등 단체생활의 팀워크훈련장으로 이용되고 있다.◎ 한류의 매력을 만나는 여행 정보 - 드라마 <시지프스>드라마 <시지프스>에서 서해(박신혜 분)가 아빠와의 추억을 떠올리며 슬픔에 잠긴 공원이다. 부지가 넓어 산책, 피크닉, 문화활동 등 다양한 여가 활동을 즐길 수 있다.","=GOOGLETRANSLATE(A616, ""ko"", ""ja"")"
02-3780-0551~4,"=GOOGLETRANSLATE(A617, ""ko"", ""ja"")"
라발스호텔,"=GOOGLETRANSLATE(A618, ""ko"", ""ja"")"
부산광역시 영도구 봉래나루로 82 (봉래동1가),"=GOOGLETRANSLATE(A619, ""ko"", ""ja"")"
"라발스호텔은 부산 영도구에 자리한 호텔이다. 용두산공원, BIFF거리, 자갈치시장, 국제시장, 광복롯데백화점, 국제여객터미널, 국립해양박물관, 태종대, 흰여울문화마을 등 전국적으로 유명한 16개 이상의 쇼핑시설과 관광지가 인근에 밀집해 있다. 부산대교, 영도대교, 남항대교뿐만 아니라 부산항대교까지 모두 품은 라발스호텔은 부산 어디서든 빠르게 닿을 수 있는 최적의 위치는 물론, 부산의 야경을 한눈에 담을 수 있는 최상의 뷰를 자랑한다. 라발스 호텔의 대부분 객실에서 오션뷰를 만끽할 수 있으며, 객실 유형별로 각각 남항대교, 영도대교, 부산대교, 부산항 대교 등 최상의 브릿지뷰를 감상할 수 있다. 또한 객실 안에서 파노라마처럼 펼쳐지는 바다와 도심 야경을 즐길 수 있다.","=GOOGLETRANSLATE(A620, ""ko"", ""ja"")"
051-790-1500,"=GOOGLETRANSLATE(A621, ""ko"", ""ja"")"
소노캄 거제,"=GOOGLETRANSLATE(A622, ""ko"", ""ja"")"
경남 경상남도 거제시 일운면 거제대로 2660,"=GOOGLETRANSLATE(A623, ""ko"", ""ja"")"
"소노캄 거제는 전체 객실이 한려해상국립공원을 바라보는 오션뷰 전망을 갖추고 있다. 동시에 3,500명을 수용할 수 있는 대규모 워터파크 오션어드벤처와 700석 규모의 대연회장을 비롯해 각종 부대시설을 갖췄다. 2014년에는 45인승 규모의 55F/T 카타마란 요트 1대, 13인승 규모의 제트크루저 2대를 갖춘 마리나 시설을 추가하여 해양관광도시 거제를 넘어 최고의 해양마리나리조트로 자리매김하고 있다. 놀이시설인 오션 어드벤처는 파도풀, 익스트림 리버, 워터 플렉스, 인피니티존, 바디슬라이드를 갖추고 있으며, 블루오션투어, 로맨스투어, 선상낚시투어 등 다양한 요트 크루저 여행코스를 운영하고 있는 종합해양관광단지이다.","=GOOGLETRANSLATE(A624, ""ko"", ""ja"")"
소노캄 고양,"=GOOGLETRANSLATE(A625, ""ko"", ""ja"")"
경기도 고양시 일산동구 태극로 20 (장항동),"=GOOGLETRANSLATE(A626, ""ko"", ""ja"")"
"소노캄 고양은 국제 행사와 다양한 문화행사가 개최되는 컨벤션 센터 킨텍스와 근접해 있는 경기도 5성 호텔이다. 비즈니스로 최적화된 소노캄 고양은 국제공항과 근접해 있는 것은 물론, 편리한 교통시설로 접근성 높다. 소노캄 고양의 매력 포인트인 프리미엄 펫 복합문화공간에서 반려동물과 보호자만의 소사이어티도 즐길 수 있다.","=GOOGLETRANSLATE(A627, ""ko"", ""ja"")"
031-927-7700,"=GOOGLETRANSLATE(A628, ""ko"", ""ja"")"
영흥면에너지파크,"=GOOGLETRANSLATE(A629, ""ko"", ""ja"")"
인천광역시 옹진군 영흥면 영흥남로293번길 52,"=GOOGLETRANSLATE(A630, ""ko"", ""ja"")"
"영흥 에너지파크는 전기 및 에너지에 대한 올바른 이해와 국내 전력산업에 대한 정보를 직접 체험할 수 있는 견학의 장으로, 다양한 건텐츠를 통해 에너지와 자연의 소중함, 그리고 최첨단 친환경 화력발전소의 선진 시스템을 소개하는 전력홍보관이다. 또한 지역사회와의 연대강화 및 지역의 문화 혜택 활성화를 위해 다양한 문화예술 공연 지역행사들을 개최하고 있는 300석 규모의 하모니홀과 문화교실, 갤러리, 야외공연장 등을 갖추고 있어 지역 주민뿐만 아니라 수도권 지역의 학생들과 많은 방문객이 찾아오는 문화휴식공간으로서도 각광받고 있다.","=GOOGLETRANSLATE(A631, ""ko"", ""ja"")"
070-8898-3570,"=GOOGLETRANSLATE(A632, ""ko"", ""ja"")"
대동백화점,"=GOOGLETRANSLATE(A633, ""ko"", ""ja"")"
경남 경상남도 창원시 성산구 원이대로 730 (상남동),"=GOOGLETRANSLATE(A634, ""ko"", ""ja"")"
"창원시에 위치한 대동백화점은 1990년 9월에 설립하였으며, 지역주민들을 위한 쇼핑공간으로 때로는 다양한 문화공간으로 주민들의 장소로 새롭게 지역주민들 쉼터가 되고 있다. 약 300여 개의 브랜드가 입점해 있으며, 고객의 니즈에 맞는 다양한 제품들을 판매하고 있다. 또한 매년 4회 문나이트페스티벌이라는 행사를 통해 할인과 볼거리, 추억을 함께 제공하여 지역 주민들과 더욱 친화적이고, 유대를 강화할 수 있는 프로그램을 운영하고 있다.","=GOOGLETRANSLATE(A635, ""ko"", ""ja"")"
055-212-8000,"=GOOGLETRANSLATE(A636, ""ko"", ""ja"")"
대전역 동광장,"=GOOGLETRANSLATE(A637, ""ko"", ""ja"")"
대전광역시 동구 새둑길 143 (소제동),"=GOOGLETRANSLATE(A638, ""ko"", ""ja"")"
"대전역 동광장은 대전시 동구 소제동에 자리 잡고 있다. 음식점과 술집 등 요식업체가 즐비한 서광장과는 다른 분위기의 광장이다. 이곳은 대전역을 오가는 사람들의 만남의 광장으로 열차를 타거나 내릴 때 거쳐 가야 하는 관문이며, 주변에 주차 시설이 많다. 또한, 조형물 등이 있는 근린공원인 호국 철도광장이 조성되어 있어 서광장은 대전역 광장, 동광장은 호국 철도광장으로 불리기도 한다. 대전 동광장에서 출발해 다른 코스들을 즐기기에도 좋다.","=GOOGLETRANSLATE(A639, ""ko"", ""ja"")"
대전종합관광안내센터 042-861-1330,"=GOOGLETRANSLATE(A640, ""ko"", ""ja"")"
금능해수욕장,"=GOOGLETRANSLATE(A641, ""ko"", ""ja"")"
제주특별자치도 제주시 한림읍 금능길 119-10,"=GOOGLETRANSLATE(A642, ""ko"", ""ja"")"
"제주시 한림읍에 위치한 금능해수욕장은 서쪽의 인기 명소인 협재해수욕장과 바로 이어져 있다. 파란 물감을 풀어놓은 것 같은 바다부터 생김새가 귀여운 비양도, 촉감이 보슬거리는 모래사장까지 이웃한 해변과 비슷한 풍경을 품고 있지만 그보다 사람이 붐비지 않아 여유로운 것이 매력이다. 주차장과 해변이 바로 연결되어 있어 짐을 옮길 때도 부담이 없다. 새로 신축된 샤워실은 온수 샤워가 가능해 편리함을 갖췄다. 이곳을 방문할 땐 물이 빠지는 간조 시간에 맞춰 가기를 추천한다. 바닷물이 멀리까지 빠지면 넓고 고운 모래사장이 드러난다. 곳곳에 수심이 얕고 어린아이도 놀기 좋은 천연 풀장이 만들어진다. 빠져나간 바닷물이 남겨 놓은 해조류나 작은 보말 등은 자연스럽게 아이들의 장난감이 된다. 덕분에 아무런 준비 없이 찾아도 재미있게 즐길 수 있다. 단, 해변 입구에 작게 부서진 조개껍질이 모래와 섞여 있어 되도록 물놀이용 신발 착용을 권한다.","=GOOGLETRANSLATE(A643, ""ko"", ""ja"")"
064-728-3983,"=GOOGLETRANSLATE(A644, ""ko"", ""ja"")"
행주산성 역사공원,"=GOOGLETRANSLATE(A645, ""ko"", ""ja"")"
경기도 고양시 덕양구 행주외동 140-8,"=GOOGLETRANSLATE(A646, ""ko"", ""ja"")"
"고양 인재개발원 주변 한강변 공원으로 2000년 고양 인재개발원 건립과 함께 조성되었다. 운동장처럼 탁 트인 이곳은 넓은 잔디밭에서 한강뷰를 감상하거나 잔디밭에 앉아 휴식을 취할 수도 있다. 2016년 전망대를 설치하고 한강 백사장에 근접할 수 있도록 한강변으로 길을 내어 정비한 곳으로 군대 초소를 정비한 자리에는 한강과 철새를 조망할 수 있는 친수공간(빨랫돌 머리) 군대 초소 전망대(행호정), 철책 포토존, 바람개비 언덕을 갖춘 역사 공원이다. 주차장에 무료로 차박이 가능해서 한강변의 야경을 보기 위해 찾는 사람들도 많다. 대덕 생태공원~행주산성 역사 공원~군 순찰로~장항 습지 18.2km 코스가 생태테마 관광 10선으로 지정되어 있다. 각종 축제 및 행사가 이루어져 시민들의 여가 공간으로 활용되며 공원 일부는 행주산성 누리길 코스로 행주산성을 한 바퀴 도는 길이다. 순환길이라 출발지와 도착지가 같고 초입은 계단이 많아 다소 힘들 수 있으나 10분 정도 후면 팔각정이 보이고 진강정, 충의정, 덕양정, 행주대첩비 등을 볼 수 있다. 1시간 반 정도면 여유 있게 둘러볼 수 있다. 또한 역사 공원 왼쪽으로 있는 방화대교는 일몰 명소로 해 질 녘이면 많은 사람들이 몰려오기도 한다. 아름다운 한강변에서 자연을 느끼고 역사를 배울 수 있는 곳이다.","=GOOGLETRANSLATE(A647, ""ko"", ""ja"")"
덕양공원관리과 031-8075-4319,"=GOOGLETRANSLATE(A648, ""ko"", ""ja"")"
백운포체육공원,"=GOOGLETRANSLATE(A649, ""ko"", ""ja"")"
부산광역시 남구 백운포로 64 (용호동),"=GOOGLETRANSLATE(A650, ""ko"", ""ja"")"
"신선대 공유수면 매립지 이전 조건에 의하여 신선대공원 인근에 있는 국방부 소유 토지를 남구청에서 무상 양도받아 백운포체육공원을 조성하였다. 마사구장 1면, 인조 축구장 2면, 야구장 1면, 풋살장 4면, 테니스장 8면으로 조성되어 있으며, 인터넷 대관 신청으로 누구나 체육시설을 사용할 수 있다. 백운포 체육공원에는 축구장 등 체육시설 이외에도 남구 국민체육센터, 남구 빙상장이 함께 있어, 다양한 생활체육을 체험할 수 있는 공원이다. 체육공원에서 오륙도와 영도가 바라보이며, 이기대 공원과도 가까운 거리에 있어 체육과 관광을 함께 즐길 수 있는 곳이다.","=GOOGLETRANSLATE(A651, ""ko"", ""ja"")"
051-601-3427,"=GOOGLETRANSLATE(A652, ""ko"", ""ja"")"
무주덕유산리조트,"=GOOGLETRANSLATE(A653, ""ko"", ""ja"")"
"무주군은 덕유산국립공원을 품고 있는 전북의 고산 지방이다. 진안, 장수와 더불어 전북 사람들은 전북의 지붕이라는 이 고장들을 한데 묶어 무진장 고을이라고 부르기도 한다. 무주군의 동쪽은 경북 김천시, 경남 거창군과 경계를 이루고 있다. 소백산맥이 그 사이에 놓여있는 것이다. 삼국시대에는 무주군 동쪽이 신라와 백제의 국경이기도 했다. 덕유산 자락에 자리 잡은 무주덕유산리조트는 2백12만 3천여 평의 규모를 자랑한다. 온 가족을 위한 사계절 종합 휴양지로 산악지형에 어울리는 오스트리아풍의 특급호텔 티롤을 비롯해 가족호텔, 국민호텔을 구비하고 있어 내방객들에게 안락한 숙박시설을 제공하며 맑은 공기 속에서 다양한 레저스포츠를 즐길 수 있다.","=GOOGLETRANSLATE(A654, ""ko"", ""ja"")"
063-322-9000,"=GOOGLETRANSLATE(A655, ""ko"", ""ja"")"
소노캄 여수,"=GOOGLETRANSLATE(A656, ""ko"", ""ja"")"
전남 전라남도 여수시 오동도로 111,"=GOOGLETRANSLATE(A657, ""ko"", ""ja"")"
"세계 4대 미항 여수의 오동도와 2012 여수세계박람회장에 위치한 소노캄 여수는 고객의 가장 가치 있는 삶이 머무는 공간이다. 머물수록 가치가 있는 품격 있는 서비스와 남해바다를 향해 항해하는 멋스러운 인테리어, 쾌적한 환경과 첨단설비의 컨벤션 센터를 제공하여 특별한 분들과의 특별한 만남을 기다리고 있다. 전 객실에서 에메랄드 빛의 남해바다를 바라보며 여유와 낭만을 느낄 수 있는 뜻깊은 여행과 휴식처를 만들어준다. 해양도시의 아름다운 낭만과 명실상부한 남해안의 새로운 랜드마크로 자리매김한 소노캄 여수에서 새로운 호텔문화와 품격을 느껴보길 바란다.","=GOOGLETRANSLATE(A658, ""ko"", ""ja"")"
061-660-5800,"=GOOGLETRANSLATE(A659, ""ko"", ""ja"")"
왜목마을,"=GOOGLETRANSLATE(A660, ""ko"", ""ja"")"
충남 충청남도 당진시 석문면 왜목길 9,"=GOOGLETRANSLATE(A661, ""ko"", ""ja"")"
"왜목마을은 당진시 최북단에 위치한 서해안의 마을이다. 일출과 일몰, 월출까지 모두 한 장소에서 볼 수 있는 전국 유일의 장소로 유명하다. 태안반도 최북단에 위치하여 지형적으로 서해 바다를 양분하면서 가늘고 길게 뻗어나간 특이한 지형을 하고 있다. 인근의 남양만과 아산만이 내륙으로 깊숙이 자리 잡고 있기 때문에 왜가리 목처럼 불쑥 튀어나온 모습이라고 해서 왜목마을이라는 이름이 붙었다. 왜목마을에서 동남쪽 해상 약 3km에 솟은 노적봉과 장고항 언덕 사이에 붓을 거꾸로 꽂아 놓은 듯 문필봉같이 서 있는 바위가 눈길을 끈다. 왜목마을에서 바다 너머로 보이는 이 바위는 자연의 비경을 찾아다니는 사람들의 주목을 받는 곳이다. 이 마을에는 여러 숙박시설과 캠핑장, 맛집, 요트세계일주홍보전시관, 해수욕장 등이 있다.왜목마을은 국도 38호선, 지방도 633호선, 647호선에서 지방도 615호선을 통해 접근할 수 있으며, 고속도로는 서해안고속도로 송악IC와 서산IC가 가깝다. 주변에는 장고항, 석문체육공원 등이 있다.","=GOOGLETRANSLATE(A662, ""ko"", ""ja"")"
왜목마을 방문자센터 041-357-9662,"=GOOGLETRANSLATE(A663, ""ko"", ""ja"")"
창원 우도,"=GOOGLETRANSLATE(A664, ""ko"", ""ja"")"
경남 경상남도 창원시 진해구 우도로 5,"=GOOGLETRANSLATE(A665, ""ko"", ""ja"")"
"1863년 처음 안동 장씨와 창원 황씨 등 4가구가 이곳에 정착하였다고 전해오며, 원래는 나비섬이었으나 벗섬으로 불려오다 일제강점기때 부터 우도라고 부르고 있다고 한다. 우도는 과거 음지도 와도 떨어져 있었다. 하지만 음지도와 우도를 잇는 보도교가 설치되어 우도의 접근성이 향상되었다. 우도와 우도 인근에는 다양한 관광시설이 있는데, 특히 음지도 창원해양공원에 있는 어류생태 학습관, 해전사 체험관, 해양생물테마파크, 로봇상설체험관에서 다양한 체험을 할 수 있으며 우도 인근 바닷가에서는 낚시 등을 할 수 있다. 또한 창원해양솔라파크에 있는 솔라타워 전망대에서 보이는 마리나방파제, 창원해양공원, 동섬, 거가대교는 그야말로 장관이다.","=GOOGLETRANSLATE(A666, ""ko"", ""ja"")"
1899-1111,"=GOOGLETRANSLATE(A667, ""ko"", ""ja"")"
아르떼뮤지엄 제주,"=GOOGLETRANSLATE(A668, ""ko"", ""ja"")"
제주특별자치도 제주시 애월읍 어림비로 478,"=GOOGLETRANSLATE(A669, ""ko"", ""ja"")"
"국내최대몰입형 미디어아트전시관 아르떼뮤지엄 아르떼뮤지엄은 코엑스 ‘WAVE’ 작품으로 유명한 세계 수준의 디지털 디자인 컴퍼니 d’strict가 선보이는 국내 최대 규모의 몰입형 미디어아트 전시관이다. 스피커 제조 공장으로 시용되던 바닥 면적 1,400평, 최대 10M에 육박하는 웅장한 공간에서는 빛과 소리가 만들어 낸 16개의 다채로운 미디어아트 전시가 펼쳐진다.","=GOOGLETRANSLATE(A670, ""ko"", ""ja"")"
그랜드 조선 부산,"=GOOGLETRANSLATE(A671, ""ko"", ""ja"")"
부산광역시 해운대구 해운대해변로 292 그랜드 조선 부산,"=GOOGLETRANSLATE(A672, ""ko"", ""ja"")"
"조선호텔이 지난 100여 년간 고객과 함께 해온 역량과 경험을 집대성하여 발전시킨 그랜드 조선 부산은 호스피탈리티 산업의 본질 탐구와 혁신을 통해 호텔 경험을 제공한다. 웅장한 아트리움, 해운대 바다와 자연, 도시의 컬러를 담은 공간에서 아무런 준비 없이 찾아도 머무는 동안 최적의 편안함과 최고의 즐거움을 느낄 수 있다. 아리아, 팔레드 신, 라운지앤바, 조선델리의 특색 있는 다이닝으로 미식의 즐거움을 더하고, 5층에 위치한 세 개의 연회장은 초청 행사, 웨딩 등 행사 목적에 따라 다양하게 이용할 수 있다. 전 객실 내 프리미엄급 침구를 선보이며 숙면을 보장하고, 수영장과 사우나 등 다양한 휴식 공간에서 여유를 만끽할 수 있다. 조선주니어는 체크인부터 체크아웃, 그리고 그 이후까지 호텔 여정 전반에 걸쳐 어린이 고객에게는 추억을, 부모에게는 여행의 편안한 쉼과 여유를 선사하는 그랜드 조선의 키즈 특화 브랜드이다. 아이들을 배려한 디자인 속에서 차별화된 고급스러움을 느낄 수 있는 키즈룸은 바다, 숲, 하늘을 테마로 디자인되어 어린이 고객의 상상력과 호기심을 자극한다.","=GOOGLETRANSLATE(A673, ""ko"", ""ja"")"
051-922-5000,"=GOOGLETRANSLATE(A674, ""ko"", ""ja"")"
신세계백화점 센텀시티점,"=GOOGLETRANSLATE(A675, ""ko"", ""ja"")"
"세계 최대의 백화점으로 기네스북에 오른 신세계 센텀시티는 백화점과 아이스링크, 영화관, 골프레인지, 아쿠아랜드 등이 갖춰진 세계 최대의 복합쇼핑센터이다. 신세계 백화점 센텀시티점은 지하 2층, 지상 9층으로, 매장 면적이 약 12만 6,612㎡이며, 연면적은 약 29만 3,904㎡에 달한다. 건축, 예술, 쇼핑, 엔터테인먼트 등 우리 삶을 풍요롭게 하는 모든 가치를 담아 하나의 문화도시로 완성된 곳이다. 여성복, 남성복, 화장품 및 잡화 브랜드, 스포츠 매장 등이 있으며, 매장 외에도 산호 광장, 센텀 광장, 어린이 테마파크, 의류 수선실, 전문 식당가, 다이닝, 카페, 스파랜드와 아이스 링크, 영화관 등이 있다.","=GOOGLETRANSLATE(A676, ""ko"", ""ja"")"
1588-1234,"=GOOGLETRANSLATE(A677, ""ko"", ""ja"")"
보라매공원,"=GOOGLETRANSLATE(A678, ""ko"", ""ja"")"
서울특별시 동작구 여의대방로20길 33 (신대방동),"=GOOGLETRANSLATE(A679, ""ko"", ""ja"")"
보라매공원은 1985년부터 공군사관학교 부지를 정비해 1986년 5월 5일 개원한 도심 공원이다. 공군사관학교의 상징인 ‘보라매’에서 이름을 이어받아 지금의 명칭이 되었다. 서울 동작구에 위치하며 관악구와 영등포구 인접 지역과도 가까워 접근성이 좋다. 다양한 운동 시설과 휴식 공간이 마련되어 있어 지역 주민들의 일상 속 쉼터로 활용된다. 서울 서남권을 대표하는 공원으로 시민들의 여가와 문화활동 공간으로 꾸준한 사랑을 받고 있다.,"=GOOGLETRANSLATE(A680, ""ko"", ""ja"")"
02-2181-1114,"=GOOGLETRANSLATE(A681, ""ko"", ""ja"")"
배론성지,"=GOOGLETRANSLATE(A682, ""ko"", ""ja"")"
충북 충청북도 제천시 봉양읍 배론성지길 296 (봉양읍),"=GOOGLETRANSLATE(A683, ""ko"", ""ja"")"
"배론성지는 충청북도 제천시 봉양읍 구학리에 있는 조선 후기의 천주교 성지이다. 조선 후기 천주교 박해가 시작되면서 천주교인들은 숨을 곳을 찾아 배론으로 모여들기 시작하였고, 자연스럽게 천주교 신자촌이 형성되었다. 1801년(순조 1) 신유박해 때에는 황사영이 배론의 토굴에 숨어 백서를 집필하였고, 그해 능지처참을 당해 순교하였다. 1855년(철종 6년)에서 1866년(고종 3년)까지 우리나라 최초의 근대식 교육기관인 배론 신학교가 소재했던 지역이다. 또한 1861년 별세한 우리나라 최초의 유학생이며 김대건 신부에 이어 두 번째 신부가 된 최양업의 분묘가 소재한 지역인 동시에 1866년 병인박해의 순교자인 남종삼의 생가가 있는 지역이다. 배론성지는 1911년 경성 교구에 속해 있다가 1968년 원주 교구에 속하였으며 1970년대 들어 개발되어 오늘에 이른다. 배론은 해방 이후 천주교사에서 중요한 성지로 자리 잡게 되었다. 제천 배론성지 경내에 종교 시설로 순교자들의 집, 성요셉 성당, 황사영 순교 현양탑, 사제관과 경당, 최양업 신부 기념 성당 외 많은 부속 건물들과 봉쇄 수녀원이 있으며, 사회복지 시설인 살레시오의 집이 있다. 이곳은 우리나라 천주교 성립 과정에 있어 중요한 성지로, 지금도 전국 각지의 성지순례 신자들이 끊임없이 찾고 있다.","=GOOGLETRANSLATE(A684, ""ko"", ""ja"")"
043-651-4527,"=GOOGLETRANSLATE(A685, ""ko"", ""ja"")"
덕구온천 스파월드,"=GOOGLETRANSLATE(A686, ""ko"", ""ja"")"
경북 경상북도 울진군 북면 덕구온천로 924,"=GOOGLETRANSLATE(A687, ""ko"", ""ja"")"
"덕구온천 스파월드는 행정자치부가 인정한 경상북도 1호 국민보양온천이며, 응봉산 중턱 4,000여 평의 수려한 자연경관과 어우러져 있는 자연용출온천이다. 온도는 데우거나 식히지 않는 자연 그대로의 온도이며, 중탄산나트륨, 칼륨, 칼슘, 철, 탄산 등의 성분이 많이 함유된 약알카리성이다. 특히 신경통, 관절염, 근육통, 피부질환, 당뇨병 등 성인병에 뛰어난 효과가 있다. 자연용출온천수가 자연으로 뿜어져 나오는 원탕의 광경과 기암괴석 맑은 계곡물 등 천하절경의 아름다운 협곡으로 이루어져 탄성을 자아내는 곳이기도 하다.","=GOOGLETRANSLATE(A688, ""ko"", ""ja"")"
054-782-0677,"=GOOGLETRANSLATE(A689, ""ko"", ""ja"")"
가리왕산케이블카,"=GOOGLETRANSLATE(A690, ""ko"", ""ja"")"
강원특별자치도 정선군 북평면 중봉길 41-35,"=GOOGLETRANSLATE(A691, ""ko"", ""ja"")"
"가리왕산 케이블카는 대한민국 100대 명산에 속하고 2018 평창동계올림픽 경기를 성공적으로 치렀던 가리왕산에 위치하고 있다. 올림픽 종료 후에도 많은 시민들이 가리왕산을 즐길 수 있도록 새롭게 단장하였다. 케이블카 상부에 2,400㎡의 생태탐방 데크로드를 비롯하여 농산품 무인판매점(기프트샵), VR체험관, DID 영상관, 고객쉼터, 카페 일오육일, 달빛 포토존 등 512.5㎡의 여러 편의시설이 설치되어 있다. 남녀노소 및 장애인 등 이동약자들이 불편함 없이 쉽게 접근 가능하다. 케이블카는 기상 상황 등 안전상 이유로 사전에 공지 없이 조기 운행마감 또는 휴장 될 수 있으므로 사전 확인 후 방문하는 것이 좋다.","=GOOGLETRANSLATE(A692, ""ko"", ""ja"")"
033-560-3467,"=GOOGLETRANSLATE(A693, ""ko"", ""ja"")"
화성 우리꽃식물원,"=GOOGLETRANSLATE(A694, ""ko"", ""ja"")"
경기도 화성시 팔탄면 3.1만세로 777-17,"=GOOGLETRANSLATE(A695, ""ko"", ""ja"")"
"화성시 팔탄에 위치한 우리꽃식물원은 사계절에 약 1,100여종의 식물을 관람할 수 있는 식물원이다. 우리나라 전통 한옥 양식으로 지어진 유리온실인 사계절관의 경우 중부지방의 환경으로 조성되어 있어 계절마다 다른 식물들을 관람할 수 있다. 또한 우리나라 5대 명산을 형상화한 석산과 소원이 이루어지는 박달나무 뿌리, 나무 고사리 등 약 300여종의 식물을 관람할 수 있다. 이 외에도 습지식물과 수생식물을 관람할 수 있는 생태연못, 여러 식물들의 모습과 약효에 대해 알 수 있는 약용원, 억새와 핑크뮬리와 같은 사초류가 식재되어 가을 분위기를 느낄 수 있는 주제원 등이 있다.특히 어린이들을 위한 공간으로는 짚라인, 미끄럼틀이 조성된 놀이숲과 한여름에 물놀이를 즐길 수 있는 분수광장이 있으며 마리모 키우기, 샌드아트, 식용 꽃 체험 등 어린이들을 위한 다양한 체험 프로그램이 있다. 우리꽃식물원 뒷쪽으로는 등고산 등산로와 연결되어 있기 때문에 약 30분정도 우리꽃식물원 둘레길을 산책할 수 있으며, 식물원 문화관광해설을 운영하고 있어 풀, 나무, 꽃에 대한 이야기를 들을 수 있다.","=GOOGLETRANSLATE(A696, ""ko"", ""ja"")"
031-5189-6160,"=GOOGLETRANSLATE(A697, ""ko"", ""ja"")"
강릉 솔향수목원,"=GOOGLETRANSLATE(A698, ""ko"", ""ja"")"
강원특별자치도 강릉시 구정면 수목원길 156,"=GOOGLETRANSLATE(A699, ""ko"", ""ja"")"
"강릉솔향수목원은 강릉시 구정면 구정리 산 135번지 일원에 2008년부터 조성되기 시작하여 2013년 10월 30일에 개원하였다. 수목원은 금강소나무 원시림이 보존된 칠성산 자락, 강릉에서 경치 좋기로 유명한 용소골에 자리 잡고 있다. 수목원이 들어선 용소골은 예로부터 용이 하늘로 올라갔다 하여 이름 붙여진 곳으로 ‘천년숲 속 만남의 장’을 주제로 강릉의 대표 수종인 금강소나무를 잘 가꾸어 온 지역이다. 이곳은 천연 숲의 본연의 모습을 간직하고 있어 그 아름다움이 더욱 빛난다. 총 78.5㏊(약 24만 평)의 부지에 조성된 수목원은 23개의 다양한 테마 공간과 함께 총 1,127종 22만 본의 식물로 구성되어 있다. 입구에서부터 들려오는 물소리, 꽃향기, 솔향기를 시작으로, 생강나무와 때죽나무 군락이 어우러진 숲생태관찰로, 천년의 기다림이 깃든 천년숨결 치유의 길, 금강소나무로 둘러싸인 솔숲광장, 그리고 계절마다 다양한 야생화가 피어나는 비비추원, 원추리원, 약용식물원, 염료식물원 등 다채로운 전시원을 통해 사계절 내내 변화하는 풍경을 감상할 수 있다. 그중에서도 자생 수종인 금강송이 곧게 뻗어 있는 천년숨결 치유의 길은 수목원을 대표하는 산책 코스로 방문객들에게 깊은 인상을 남긴다.","=GOOGLETRANSLATE(A700, ""ko"", ""ja"")"
033-660-2322,"=GOOGLETRANSLATE(A701, ""ko"", ""ja"")"
장수암,"=GOOGLETRANSLATE(A702, ""ko"", ""ja"")"
경남 경상남도 창원시 마산합포구 구산면 원전1길 141,"=GOOGLETRANSLATE(A703, ""ko"", ""ja"")"
경남 창원시 마산합포구에 위치한 장수암은 SNS를 통해 뷰 맛집으로 소개되고 있는 사찰이다. 종교인뿐만 아니라 나들이를 위해 방문하는 방문객들이 많은 편이다. 장수암 일주문을 지나 경내로 오르는 길목엔 108계단이 있어 경치를 감상하기에 좋다.(출처 : 창원시 공식 블로그),"=GOOGLETRANSLATE(A704, ""ko"", ""ja"")"
055-221-1510,"=GOOGLETRANSLATE(A705, ""ko"", ""ja"")"
약천사(제주),"=GOOGLETRANSLATE(A706, ""ko"", ""ja"")"
약천사 제주,"=GOOGLETRANSLATE(A707, ""ko"", ""ja"")"
제주특별자치도 서귀포시 이어도로 293-28 (대포동),"=GOOGLETRANSLATE(A708, ""ko"", ""ja"")"
"제주 약천사는 제주도 서귀포시의 명물이라 불리는 거대 사찰이자 큰 규모의 법당이 있는 대한불교 조계종 제10교구 본사 은해사의 말사이다. 본래는 약수암이라는 이름의 작은 암자였는데, 근처에 유명한 약수터가 있어서 약천사란 이름이 붙었다. 1981년에 주지로 부임한 혜인에 의해 불사가 크게 일어나 1996년 단일 사찰로는 큰 규모를 자랑하는 대적광전이 세워져 유명해졌다. 대적광전은 조선 초기 불교 건축 양식을 띤 콘크리트 건물로 통층으로 되어 있고, 법당 앞 종각에는 효도를 강조하는 글과 그림이 새겨진 범종이 걸려 있다. 또, 1960년대 유학자 김형곤이 신병 치료차 자그마한 굴 속에서 100일 기도를 올리던 중 꿈에 약수를 받아 마신 후 건강을 회복하여 부처님의 은혜에 보답코자 약수암을 짓고 수행 정진하다 그곳에서 입적했다는 이야기도 전해오고 있다. 장엄한 규모로 제주도 관광객들도 꼭 들려야 할 필수 관광코스로 대접받고 있으며 내외국인을 위한 템플스테이 역시 운영하고 있다. 약천사에는 세종의 아들이었던 문종 임금과 현덕왕후, 그리고 영친왕과 이방자 여사의 위패가 모셔져 있다.","=GOOGLETRANSLATE(A709, ""ko"", ""ja"")"
064-738-5000,"=GOOGLETRANSLATE(A710, ""ko"", ""ja"")"
국립부여박물관,"=GOOGLETRANSLATE(A711, ""ko"", ""ja"")"
충남 충청남도 부여군 부여읍 금성로 5,"=GOOGLETRANSLATE(A712, ""ko"", ""ja"")"
"부여 시내 남동쪽 금성산 기슭에 위치한 국립부여박물관은 1929년 재단법인 ‘부여 고적 보존회’가 발족되어 백제의 문화재. 유물을 모아 부소산 남쪽에 자리한 조선시대 관아의 객사에 전시하게 된 것이 국립부여박물관의 시작이다. 1939년부터는 ‘조선총독부 박물관 부여 분관’이라 하여 비로소 ‘부여박물관’이라는 이름을 얻게 되었으며 1970년에는 부소산 남쪽 기슭에 새 박물관을 지어 부여지역을 비롯하여 백제권에 흩어진 백제문화유물을 중심으로 전시하였다. 1993년 8월 6일 현재 위치로 자리를 옮겨 새로운 모습으로 개관하였다. 국립 부여 박물관은 61,429㎡의 면적에 4개의 전시실과 야외 유물전시장을 마련하고 약 1,000여 점의 유물을 전시하고 있다. 건물 설계 당시 한국의 전통양식을 도입하여 8 각형의 중정(中庭)을 중심에 두고 상설전시실인 선사실·역사실·불교미술실과 야외전시실을 배치하였다. 선사실에는 부여 지방을 중심으로 충남지역에서 출토된 청동기시대와 철기시대 유물들을, 역사실에는 사비시대의 백제 유물과 삼국시대 유물들을 전시하였다. 불교미술실에는 사비시대 백제의 불교미술품들이 전시되어 있으며, 야외전시실에는 불상과 석탑 등의 조각품들이 전시되어 있다.","=GOOGLETRANSLATE(A713, ""ko"", ""ja"")"
기획운영과 041-833-8562 학예연구실 041-833-8563,"=GOOGLETRANSLATE(A714, ""ko"", ""ja"")"
뿌리공원,"=GOOGLETRANSLATE(A715, ""ko"", ""ja"")"
대전광역시 중구 뿌리공원로 79 뿌리공원,"=GOOGLETRANSLATE(A716, ""ko"", ""ja"")"
"뿌리공원은 대전광역시 중구 침산동 일원에 성씨를 상징하는 조형물 및 한국족보박물관, 각종 편의시설을 갖추고 있으며 효를 주제로 1997년 11월 1일 개장한 테마공원이다. 충효사상 및 주인정신을 함양시키는 교육공원이면서 가족 단위의 다양한 이벤트 행사가 마련된 가족친화 공원이자 천혜의 자연경관을 배경으로 한 도심 속의 자연공원으로서의 특색을 잘 나타내고 있다. 자신의 뿌리를 되찾을 수 있는 성씨별 조형물과 사신도 및 12지지를 형상화한 뿌리 깊은 샘물, 각종 행사를 할 수 있는 수변무대, 공원 중심에 자리 잡은 잔디광장과 공원을 한눈에 바라볼 수 있는 전망대, 팔각 정자뿐만 아니라 산림욕장, 효문화정원, 힐링쉼터 등 다양한 시설이 갖추어져 있다.","=GOOGLETRANSLATE(A717, ""ko"", ""ja"")"
042-288-8300,"=GOOGLETRANSLATE(A718, ""ko"", ""ja"")"
공주 무령왕릉과 왕릉원[유네스코 세계유산],"=GOOGLETRANSLATE(A719, ""ko"", ""ja"")"
충남 충청남도 공주시 왕릉로 37 (웅진동),"=GOOGLETRANSLATE(A720, ""ko"", ""ja"")"
"사적 공주 무령왕릉과 왕릉원은 백제 웅진시기(475~538년) 왕들의 무덤이 모여있는 곳이다. 무령왕릉을 포함한 이 일대의 고분들은 모두 7기가 전해지는데, 금강의 남쪽 구릉 경사면에 위치하고 있다. 계곡을 사이에 두고 서쪽에는 무령왕릉과 5호분과 6호분이 있고, 동북쪽에는 1∼4호분이 있다. 1∼6호분은 일제 강점기에 조사되어 고분의 구조와 형식이 밝혀졌고, 무령왕릉은 1971년 5호분과 6호분의 보수공사 때 발견되었다. 1~5호분은 백제의 대표적 무덤 양식인 돌로 만든 굴식돌방무덤이고, 6호분과 무령왕릉은 당시 중국에서 널리 유행하던 무덤 양식인 벽돌무덤이다. 벽돌무덤은 백제에서 이전에 찾아볼 수 없던 새로운 양식의 무덤으로, 이는 백제가 중국 남조 양나라와 활발히 교류를 했다는 증거이다. 특히 무령왕릉에서는 중국의 영향을 받은 석수와 도자기를 비롯하여 일본산 금송으로 만든 목관, 태국 및 인도와의 교류를 의미하는 장신구 등이 발견되어 백제의 수준 높은 국제적 문화교류 역량을 엿볼 수 있다.","=GOOGLETRANSLATE(A721, ""ko"", ""ja"")"
041-856-3151,"=GOOGLETRANSLATE(A722, ""ko"", ""ja"")"
삼선산수목원,"=GOOGLETRANSLATE(A723, ""ko"", ""ja"")"
충남 충청남도 당진시 고대면 삼선산수목원길 79,"=GOOGLETRANSLATE(A724, ""ko"", ""ja"")"
"삼선산수목원은 1,160여 종의 식물이 자라고 있는 자연 체험 학습장이다. 다양한 꽃과 나무를 볼 수 있는 야외정원뿐만 아니라 전시온실, 키즈꿈의 숲, 한반도 소공원 등 10개의 시설이 있다. 수국원, 진달래원 등 23개의 전시원도 조성되어 있다. 또한 계절 별로 다양하고 아름다운 경관을 볼 수 있으며 숲 속 어린이 놀이공간과 피크닉장, 카페, 여름철 물놀이 시설 등 편의시설이 잘 갖추어져 있다. 삼선산수목원에는 어린이와 청소년 그리고 일반인을 대상으로 다양한 프로그램을 운영하고 있다. 숲 해설사와 함께 수목원을 탐방하며 자연을 느낄 수 있는 숲 해설 프로그램과 어린이를 위한 유아 숲 생태체험, 그리고 놀이와 만들기 등 직접 체험할 수 있는 주말 체험프로그램을 운영하고 있다.","=GOOGLETRANSLATE(A725, ""ko"", ""ja"")"
041-350-4187,"=GOOGLETRANSLATE(A726, ""ko"", ""ja"")"
예당호 모노레일,"=GOOGLETRANSLATE(A727, ""ko"", ""ja"")"
충남 충청남도 예산군 응봉면 예당관광로 158,"=GOOGLETRANSLATE(A728, ""ko"", ""ja"")"
"예당호 모노레일은 예산군 응봉면 후사리 예당관광지 내에 있는 관광용 모노레일이다.예당호 출렁다리, 조각공원과 예당호 경관 등을 안전하게 관람할 수 있는 산악열차 방식의 모노레일로 승차정원은 24명이며, 예당호 수변 1,320m를 약 22분 동안 운행한다. 특히 국내 최초 테마형 야간경관조명 모노레일로서 예당호의 사계절과 달 조형물, 조각공원 조명, 미디어 파사드, 홀로그램 등 미디어아트를 표현하여 주간뿐만 아니라 야간에도 모노레일 탑승객에게 관람 콘텐츠를 제공한다.인근 관광지로는 예당관광지 외에 예당호 중앙생태공원, 의좋은형제공원, 봉수산자연휴양림, 예산상설시장 등이 있다.","=GOOGLETRANSLATE(A729, ""ko"", ""ja"")"
041-333-1041,"=GOOGLETRANSLATE(A730, ""ko"", ""ja"")"
보석박물관,"=GOOGLETRANSLATE(A731, ""ko"", ""ja"")"
전북특별자치도 익산시 왕궁면 호반로 8,"=GOOGLETRANSLATE(A732, ""ko"", ""ja"")"
"‘보석박물관’은 백제문화유적과 보석 생산으로 유명한 익산시를 알리기 위하여 설립하였다. 이곳은 국내 유일한 보석박물관이며 실내놀이체험시설, 다이노키즈월드, 공룡테마공원 등이 있다. 인근에는 화석전시관과 귀금속 전시판매장인 ‘주얼팰리스’가 개관하여 무수한 보석제품을 만나볼 수 있다. 박물관 건물은 지하 1층 지상 2층 규모로, 수장고, 기계실, 기획전시실, 보석판매코너, 상설전시실 등을 갖추고 있다. 야외에는 각종 조형물과 야외공연장, 어린이 놀이시설, 식당, 보석광장, 칠선녀광장 등이 조성되어 있다.","=GOOGLETRANSLATE(A733, ""ko"", ""ja"")"
063-859-4641,"=GOOGLETRANSLATE(A734, ""ko"", ""ja"")"
수타사,"=GOOGLETRANSLATE(A735, ""ko"", ""ja"")"
강원특별자치도 홍천군 영귀미면 수타사로 473,"=GOOGLETRANSLATE(A736, ""ko"", ""ja"")"
"공작산은 해발 887m로 산 정상에서 바라보면 홍천군 일대가 한눈에 들어오며, 산세가 공작이 날개를 펼친 모습과 같다하여 붙여진 이름이다. 또한, 홍천읍에서 바라보면 거인이 하늘을 향해 누워있는 형상을 하고 있는 모습이다. 봄에는 철쭉, 가을에는 단풍이 매우 아름다우며 기암절벽과 분재모양의 노송군락, 눈 덮인겨울산도 일품이다. 수타사에서 동면 노천리까지 약12km에 이르는 수타사 계곡에는 넓은 암반과 큼직큼직한 소[沼]들이 비경을 이루고 있고, 계곡 양쪽으로는 기암절벽과 빽빽이 우거진 숲이 호위하고 있어 이곳에서 잠시 휴식을 취하다보면 비경삼매에 빠져들기 일쑤이다.또한, 한국 100대 명산 공작산 끝자락에 자리한 천년 고찰 수타사는 신라 33대 성덕왕 7년(서기 708년)원효대사에 의해 창건되었다고 전해지며 대적광전 팔작지붕과 1364년 만든 동종, 3층석탑이 보존되어 있고 월인석보를 비롯한 대적광전, 범종, 후불탱화,홍우당부도 등 수많은 문화재를 소장하고 있는 영서내륙 최고 고찰이다.","=GOOGLETRANSLATE(A737, ""ko"", ""ja"")"
033-436-6611,"=GOOGLETRANSLATE(A738, ""ko"", ""ja"")"
속초시립박물관·속초실향민문화촌,"=GOOGLETRANSLATE(A739, ""ko"", ""ja"")"
강원특별자치도 속초시 신흥2길 16,"=GOOGLETRANSLATE(A740, ""ko"", ""ja"")"
"속초시립박물관은 선사시대부터 현대에 이르기까지 속초의 역사와 문화, 자연환경을 체험하고 배우는 문화 체험 관광지이다. 옛 전통문화를 비롯해 설악산을 중심으로 형성된 산악 문화와 동해 바다를 삶의 터전으로 둔 어촌 문화, 한국전쟁 때 피란 온 실향민 문화 등을 이해하기 쉽게 오목조목 설명해 놓았다. 박물관 상설 전시는 4개 전시실로 나뉘어 있다. 제1전시실은 속초의 자연환경과 문화적 특징을 소개하며 제2전시실은 바닷가에 형성된 어촌과 실향민들의 생활 모습을 전시한다. 제3전시실은 아이들 눈높이에 맞춘 공간으로 다양한 전통문화 체험을 제공한다. 속초시립박물관 내에는 실향민문화촌과 발해역사관이 함께 자리한다. 야외에 조성된 실향민문화촌에는 개성집, 평양집, 황해도 집 등 북한의 가옥들이 실물 전시되어 있으며 숙박 체험도 가능하다. 6·25 한국전쟁 이후 북에서 내려온 피란민들이 모여 살았던 청호동 골목과 1978년 철거된 옛 속초역사도 재현되어 있다. 발해역사관은 만주와 한반도 북부 지역을 호령하던 발해의 역사를 살피는 공간이다. 유적지 사진과 영상, 유물들이 전시되어 있으며 발해의 고분 문화도 만날 수 있다.","=GOOGLETRANSLATE(A741, ""ko"", ""ja"")"
033-639-2974,"=GOOGLETRANSLATE(A742, ""ko"", ""ja"")"
용문산,"=GOOGLETRANSLATE(A743, ""ko"", ""ja"")"
"경기 양평군 용문면(龍門面)과 옥천면(玉泉面) 경계에 있는 산으로 높이는 1,157m에 이른다. 양평(楊平) 북동쪽 8km, 서울 동쪽 42km 지점에 위치한다. 광주(廣州) 산맥계에 속하나 독립된 한 산괴로서 산체(山體)가 웅대하여 동서 8km, 남북 5km에 걸치고, 용문산을 주봉으로 하여 동북동 5.5km의 도일봉(道一峰:864m), 동쪽 4.5km의 중원산(中元山:800m), 남서 3.5km의 백운봉(白雲峰:940m) 등 지봉(支峰)이 용립(聳立)하여 연봉을 이루고 있다.정상은 평정(平頂)을 이루고 능선은 대지(臺地)가 발달하였으며, 특히 중원산과의 중간에는 용계(龍溪)·조계(鳥溪)의 대협곡이 있고 그 사이에 낀 대지는 수 100m의 기암절벽 위에 있어 금강산을 방불케 한다. 북쪽은 완경사, 남쪽은 급경사를 이루고, 첩첩이 쌓인 암괴들이 나타나며 깊은 계곡과 폭포도 볼 수 있고 용문산 북서 일대는 고도 700∼1,100m의 약 4㎢의 고위평탄면이 나타난다. 남쪽 산록 계곡에는 용문사(龍門寺)·상원사(上院寺)·윤필사(潤筆寺)·사나사(舍那寺) 등 고찰이 있고 용문사 경내에 있는 은행나무는 천연기념물로 지정되고 나무가 차지하는 면적이 260㎡나 된다. 또 이곳에는 보물 정지국사 부도(正智國師浮屠) 및 비(碑) 2기가 있다.","=GOOGLETRANSLATE(A744, ""ko"", ""ja"")"
031-773-0088,"=GOOGLETRANSLATE(A745, ""ko"", ""ja"")"
오륙도 스카이워크,"=GOOGLETRANSLATE(A746, ""ko"", ""ja"")"
부산광역시 남구 오륙도로 137,"=GOOGLETRANSLATE(A747, ""ko"", ""ja"")"
오륙도 스카이워크의 옛 지명은 ‘승두말’이다. 승두말은 말안장처럼 생겼다고 ‘승두마’라고 부르는 것이 승두말로 되었으며 해녀들과 지역주민들은 ‘잘록개’라고 불렀다. 바다를 연모하는 승두말이 오륙도 여섯섬을 차례대로 순산하고 나서 승두말의 불룩했던 부분이 잘록하게 들어가 선창나루와 어귀의 언덕을 만들었다는 것이다. 동해와 남해의 경계지점이기도 한 이곳 승두말에 2012년 9월 12일에 착공하여 2013년 10월 18일 개장하면서 하늘 위를 걷는다는 의미를 담아 오륙도 스카이워크라 이름하였다. 스카이워크는 35m 해안절벽 위에 철제빔을 설치하고 그 위에 유리판 24개를 말발굽형으로 이어놓은 15m의 유리다리이다. 바닥유리는 12㎜ 유리판 4장에 방탄필름을 붙여 특수 제작한 두께 55.49㎜의 고하중 방탄유리로 안전하게 설계되었다. 발아래 투명유리를 통해 파도가 절벽을 때리는 모습은 현기증이 날 정도로 아찔함을 느끼게 한다. 스카이워크 앞에 펼쳐진 바다는 시시때때로 아름답고 다채로운 색상을 연출하고 있어 사진촬영의 명소이며 날씨가 좋은 날에는 대마도를 가장 가까이 볼 수 있는 곳이다.,"=GOOGLETRANSLATE(A748, ""ko"", ""ja"")"
남구시설관리공단 051-601-3416,"=GOOGLETRANSLATE(A749, ""ko"", ""ja"")"
구룡사,"=GOOGLETRANSLATE(A750, ""ko"", ""ja"")"
강원특별자치도 원주시 소초면 구룡사로 500,"=GOOGLETRANSLATE(A751, ""ko"", ""ja"")"
"신라 문무왕 8년(668년)에 의상대사가 창건한 사찰로 대웅전 자리에 9마리의 용이 살고 있는 연못을 메우고 사찰을 창건하여 구룡사[九龍寺]라 하였으나, 조선 중기에 거북바위 설화와 관련하여 현재의 명칭인 구룡사[龜龍寺]로 개칭하였다고 전해진다. 또한 '치악산구룡사사적' 에 따르면 신라말의 고승 도선국사에 의해 창건되었다고 기록하고 있다. 현재는 강희 45년 글자가 새겨진 와당이 출토되어 숙종 32년(1706년)에 구룡사가 중건되었음을 알 수 있다. 대웅전 앞 좌우에는 서상원과 보광루, 적묵당, 심검당의 승사가 있으며 이밖에도 원통문, 국사단, 사천왕문, 범종각, 응진전 등이 있다. 절 입구에는 조선시대에 만들어진 부도군이 있고, 또 구룡사의 전설을 말해주는 거북바위와 폭포아래에 용소가 있다. 또한 조선시대에 만든 황장금표가 있는데 이것은 치악산 일대의 송림에 대한 무단벌채를 금하는 표식이다.","=GOOGLETRANSLATE(A752, ""ko"", ""ja"")"
033-732-4800,"=GOOGLETRANSLATE(A753, ""ko"", ""ja"")"
도산서원 [유네스코 세계유산],"=GOOGLETRANSLATE(A754, ""ko"", ""ja"")"
경북 경상북도 안동시 도산면 도산서원길 154,"=GOOGLETRANSLATE(A755, ""ko"", ""ja"")"
"도산서원은 건축물 구성상 크게 도산서당과 이를 아우르는 도산서원으로 구분된다. 도산서당은 퇴계 선생이 직접 거처하며 제자들을 가르치던 곳이고, 도산서원은 퇴계 선생 사후에 건립된 사당과 서원이다. 도산서당은 1561년(명종 16년), 퇴계 선생이 낙향한 뒤 학문 연구와 후진 양성을 위해 세운 곳으로 서원 내에서 가장 오래된 건물이며 퇴계 선생이 직접 설계한 것으로 전해진다. 이때 유생들의 기숙사 역할을 한 농운정사와 부전교당 속시설인 하고 직사(下庫直舍)도 함께 지어졌다. 도산서원은 퇴계 선생 사후 6년 뒤인 1576년(선조 9년)에 완공되었다. 1570년 퇴계 선생이 세상을 떠나자 1572년에 선생의 위패를 상덕사에 모시기로 결정하였다. 이후 2년 뒤 지방 유림의 뜻을 모아 사당을 건립하여 위패를 봉안하였으며 전교당과 동·서재를 지어 서원으로 완성했다. 1575년(선조 8년)에는 한석봉이 쓴 『도산서원』 편액을 하사 받아 사액(賜額) 서원이 되었고 이로써 영남 유학의 총본산 역할을 하게 되었다. 1615년(광해군 7년)에는 사림이 조목(趙穆)을 종향(從享)하였으며 1792년(정조 16년) 정조 임금이 치제(致祭)를 내리고 도산별과(陶山別科)를 시행하였다. 1796년(정조 20년)에는 시사단(試士壇)을 세웠고 1819년(순조 19년)에는 장서고(藏書庫)인 동광명실(東光明室)이 건립되었다. 1870년(고종 7년) 대원군의 서원 철폐령에서도 제외되었으며 1930년(경오년)에는 서광명실(西光明室)을 중건하였고 1932년(임신년)에는 하고 직사(下庫直舍)를 이전하였다. 1969년 본 서원을 중심으로 임야 및 전답 19필지(324,945㎡)가 사적으로 지정되었고 1970년부터 대통령령으로 보수·증축 사업이 진행되어 우리나라 유학 사상의 정신적 고향으로 성역화되었다. 1977년에는 도산서원관리사무소가 설치되었으며, 관리·운영 조례를 제정·공포한 이후 현재에 이르고 있다.◎ 한류의 매력을 만나는 여행 정보 - 예능 <나는 솔로>16기 출연진이 한복을 입고 랜덤으로 파트너를 매칭한 장소다. 자신의 의지와 상관 없이 옷 색깔로 파트너가 정해질 때마다 시청자들이 대리 설렘과 긴장감을 느낀 장소이기도 하다. 인근에 조성된 둘레길을 따라 걸으면 서당 내부 뿐만 아니라 왕버들, 시사단 등 서원의 다양한 명물을 만날 수 있다.","=GOOGLETRANSLATE(A756, ""ko"", ""ja"")"
054-856-1073,"=GOOGLETRANSLATE(A757, ""ko"", ""ja"")"
단양강 잔도,"=GOOGLETRANSLATE(A758, ""ko"", ""ja"")"
충북 충청북도 단양군 적성면 애곡리 산18-15,"=GOOGLETRANSLATE(A759, ""ko"", ""ja"")"
"총길이 1.2km의 단양강 잔도길에는 그동안 접근하기 어려웠던 남한강 암벽을 따라 잔도가 있어 트레킹의 낭만과 짜릿한 스릴을 온몸으로 체험할 수 있다. 야간조명을 설치함으로써 2020 야간관광 100선에 선정되어 단양군을 체류형 관광도시로 이끌고 있는 곳이다. 인근의 이끼터널, 만천하 스카이워크, 수양개선사유물전시관, 수양개 빛터널 같은 볼거리도 조성되어 관광, 지질, 역사를 아우르는 체험을 제공한다.","=GOOGLETRANSLATE(A760, ""ko"", ""ja"")"
043-422-1146,"=GOOGLETRANSLATE(A761, ""ko"", ""ja"")"
문경단산 모노레일,"=GOOGLETRANSLATE(A762, ""ko"", ""ja"")"
경북 경상북도 문경시 문경읍 활공장길 106,"=GOOGLETRANSLATE(A763, ""ko"", ""ja"")"
"전국 최고의 레포츠 체험 관광지 문경에서 백두대간을 둘러볼 수 있는 최장거리(왕복 3.6㎞)의 모노레일이 펼쳐졌다. 상부 위의 평평한 산세가 옛날 신선들이 하늘에 제사를 올리기 위하여 쌓은 거대한 하늘 제단 같다고 전해진 단산은 하늘이 맞닿는 곳, 산 좋고 물 좋고, 공기 좋은 곳으로도 유명하다. 관광·레저공간이 조성되어 있고 아름다운 자연경관을 사방으로 바라볼 수 있는 단산은 드라마 <조선 생존기> 등 각종 촬영지로도 각광받고 있으며 사계절 내내 즐길 수 있는 모노레일 이외에도 단산 정상 주변에 마련된 별빛 전망대, 숲속 썰매장, 숲속 캠핑장, 산악바이크 로드, 오정산 데크길, 돌리네 습지 데크길 등 즐길 수 있는 다양한 체험으로 진정한 산악 관광의 메카로 발돋움하고 있다.","=GOOGLETRANSLATE(A764, ""ko"", ""ja"")"
054-572-7273,"=GOOGLETRANSLATE(A765, ""ko"", ""ja"")"
대흥사(해남),"=GOOGLETRANSLATE(A766, ""ko"", ""ja"")"
대흥사 해남,"=GOOGLETRANSLATE(A767, ""ko"", ""ja"")"
전남 전라남도 해남군 삼산면 대흥사길 400,"=GOOGLETRANSLATE(A768, ""ko"", ""ja"")"
"두륜산에 있는 대흥사는 백제 성왕 22년에 아도화상이 창건했다고 전해지는 사찰로, 2018년 한국의 산지승원이라는 명칭으로 유네스코 세계문화유산에 등재되었다. 대흥사는 호국불교의 정신이 살아 숨 쉬는 사찰로 임진왜란 때 서산대사가 거느린 승군의 총본영이 있던 곳이다. 그리고 차 안에 부처의 진리와 명상의 기쁨이 다 녹아있다 생각한 초의선사가 대흥사의 계곡으로 들어가 일지암을 짓고 40여 년 동안 홀로 수행에 전념하였는데, 이로 인해 대흥사는 우리나라 차 문화의 성지로 자리매김하게 되었다. 대흥사에는 국보 대흥사 북미륵암 마애여래좌상을 비롯 서산대사 유물관에는 선조의 하사품인 옥발, 비취옥발과 서산대사의 친필, 교자, 신발 그리고 금과 은으로 쓴 불경 등의 유물이 있다.","=GOOGLETRANSLATE(A769, ""ko"", ""ja"")"
061-534-5502,"=GOOGLETRANSLATE(A770, ""ko"", ""ja"")"
산청 동의보감촌,"=GOOGLETRANSLATE(A771, ""ko"", ""ja"")"
경남 경상남도 산청군 금서면 동의보감로555번길 45-6,"=GOOGLETRANSLATE(A772, ""ko"", ""ja"")"
"경남 산청군의 왕산과 필봉산 기슭에 자리 잡은 동의보감촌은 전국에서 처음으로 한방을 테마로 한 건강 체험 관광지로서, 엑스포주제관, 한의학박물관 한방기체험장, 한방테마공원, 동의본가, 한방자연휴양림, 본디올한의원, 숙박시설, 약초판매장 등 한방과 관련된 다양한 시설을 갖추어 명실상부한 한방휴양 관광지의 메카로 자리 잡은 대한민국 힐링 여행 1번지이다. 한방온열체험, 약초향기주머니 만들기 체험, 어의·의녀복 입기 체험, 한방족욕체험 등 다양한 한방 관련 체험 프로그램도 이용할 수 있다.◎ 한류의 매력을 만나는 여행 정보 - 드라마 <이번 생도 잘 부탁해>반지음이 문서하에게 전생을 보여준다며 데려가 간질간질한 데이트를 즐겼던 장소는 ‘동의보감촌’으로 전통 한방의 고장 산청군에 위치한 한방 테마 공간이다. 이곳에는 꽃과 나무가 가득한 정원부터 한의학 박물관, 한방기 체험장, 전망대, 반지음과 문서하가 건넜던 무릉교 등 즐길 거리가 다양하게 있으니 들러보는 것을 추천한다.","=GOOGLETRANSLATE(A773, ""ko"", ""ja"")"
055-970-7216,"=GOOGLETRANSLATE(A774, ""ko"", ""ja"")"
정동심곡 바다부채길,"=GOOGLETRANSLATE(A775, ""ko"", ""ja"")"
"강원특별자치도 강릉시 강동면 심곡리 114-3, 정동심곡바다부채길 심곡 매표소","=GOOGLETRANSLATE(A776, ""ko"", ""ja"")"
"정동심곡 바다부채길의 ‘정동’은 임금이 거처하는 한양에서 정방향으로 동쪽에 있다는 뜻에서 유래했으며, ‘심곡’은 깊은 골짜기 안에 있는 마을이란 뜻에서 유래되었다. 정동진의 ‘부채끝’ 지형과 탐방로가 위치한 지형의 모양이 바다를 향해 부채를 펼쳐 놓은 모양과 같아서 ‘정동심곡 바다부채길’로 지명이 선정되었다. 천연기념물로 지정된 곳이며, 동해 탄생의 비밀을 간직한 200~250만 년 전 지각변동을 관찰할 수 있는 국내 유일의 해안단구이다. 정동항(정동매표소)부터 심곡항(심곡매표소)까지 약 3.01㎞ 탐방로가 조성되어 동해바다의 푸른 물결과 웅장한 기암괴석에서 오는 비경의 아름다움을 감상할 수 있으며 그동안 해안경비를 위해 군 경계근무 정찰로로만 이용되어 온 곳으로 천혜의 비경을 선사한다.","=GOOGLETRANSLATE(A777, ""ko"", ""ja"")"
심곡매표소 033-641-9445 정동매표소 033-641-9444,"=GOOGLETRANSLATE(A778, ""ko"", ""ja"")"
모나 용평 스키장,"=GOOGLETRANSLATE(A779, ""ko"", ""ja"")"
"한국의 백두대간 한가운데 위치한 모나 용평은 인간의 신체에 가장 이상적인 생체리듬을 제공하는 해발 700~1,500m의 청정고원에 자리 잡고 있으며, 한국의 알프스라 불리는 곳으로 서울에서 약 200km 거리에 있다. 1975년 국내 최초로 현대식 시설을 갖춘 스키장으로 출발한 모나 용평은 ‘한국 스키의 메카’로 국내 스키 발전과 대중화에 주역이 되어왔다. 해발 1,458m 발왕산 기슭에 위치하여 연평균 250cm의 적설량에 11월 중순부터 이듬해 4월 초까지 스키를 즐길 수 있는 천혜의 입지 조건을 갖추고 있다. 그뿐만 아니라 520만 평의 단지 내에는 45홀의 골프 코스, 곤돌라, 수영장 등의 각종 레저스포츠 시설과 특급 호텔, 콘도미니엄, 호스텔 등의 숙박시설 등이 대자연과 어우러져 있어, 일상의 비즈니스에서 벗어나 편안하고 쾌적한 휴양은 물론 여가생활을 즐길 수 있는 사계절 종합휴양지로 발전하였다.한국 스키의 역사는 용평과 함께 발전해 왔으며, IOC 동계올림픽 실사를 통하여 하드웨어와 소프트웨어를 완벽히 갖춘 세계적인 스키장으로 평가받았다. 레인보우슬로프를 비롯한 28면의 다양한 슬로프, 편도 3.7km의 곤돌라를 포함한 14기의 리프트 시설, 국내 최대의 스키하우스(드래곤프라자)를 갖추어 한국에서 가장 많은 스키어가 이용하고 있는 용평은 월드컵 스키 대회와 동계아시안게임 국제 대회를 다년간 성공적으로 개최해 세계적으로 잘 알려져 있고, 일본을 비롯한 아시아권의 스키어와 관광객들에게도 명성이 높다.","=GOOGLETRANSLATE(A780, ""ko"", ""ja"")"
033-335-5757,"=GOOGLETRANSLATE(A781, ""ko"", ""ja"")"
낙강물길공원,"=GOOGLETRANSLATE(A782, ""ko"", ""ja"")"
경북 경상북도 안동시 상아동 423 (상아동),"=GOOGLETRANSLATE(A783, ""ko"", ""ja"")"
"안동댐 수력발전소 입구 좌측에 위치한 낙강물길공원은 주변 수자원 환경과 어울리는 숲길과 정원을 조성하여 탐방객들에게 편안한 휴식과 힐링공간을 제공을 목적으로 조성되었다.작은 연못을 끼고 메타세쿼이아와 전나무가 자라고, 연못 위의 돌다리, 오솔길이 어우러져 이국적인 풍경을 자아내고 있어 한국의 지베르니라고 불린다. 나무 아래 곳곳의 벤치가 있어 안동시민은 물론 여행객들로 사랑받는 휴식처이며, 곳곳에 숨어있는 포토존에서 사진을 찍으면 마치 모네가 된 듯한 환상을 가져다준다. 또한 안동댐가지 에두른 산책로와 월영공원까지 이어지는 수변데크가 있어 평상시 산책코스로도 안성맞춤이다.","=GOOGLETRANSLATE(A784, ""ko"", ""ja"")"
054-850-4203,"=GOOGLETRANSLATE(A785, ""ko"", ""ja"")"
은평한옥마을,"=GOOGLETRANSLATE(A786, ""ko"", ""ja"")"
서울특별시 은평구 연서로50길 7-10 (진관동),"=GOOGLETRANSLATE(A787, ""ko"", ""ja"")"
"은평한옥마을은 은평구 진관동에 있는 현대식 한옥마을이다. 북촌과 서촌에 이어 새롭게 만들어졌다. 국립공원 북한산, 그리고 진관사와 어우러진 역사 문화 마을이다. 은평한옥마을은 개인에게 한옥만을 지을 수 있게 토지를 분양해서 소유주의 취향에 따라 한옥마다 모양과 나무색이 달라서 보는 즐거움이 있다. 또한, 산책로와 카페 등 편의시설을 갖추고 있어 나들이를 즐기기에 적당하다. 이곳은 주민들이 거주하는 민가 지역이므로 상업시설을 제외한 대부분의 곳은 한옥마을 주민들이 거주하거나 개인 사유지이기에 한옥 내부 관람은 불가하다. 다만 일부 가옥의 경우 소유주의 허락을 받으면 내부 관람이 가능하다.","=GOOGLETRANSLATE(A788, ""ko"", ""ja"")"
02-351-6114,"=GOOGLETRANSLATE(A789, ""ko"", ""ja"")"
수종사,"=GOOGLETRANSLATE(A790, ""ko"", ""ja"")"
경기도 남양주시 조안면 북한강로433번길 186,"=GOOGLETRANSLATE(A791, ""ko"", ""ja"")"
"수종사는 남양주 조안면 송촌리 운길산의 정상 부근에 있는 봉선사의 말사이다. 이 절은 일찍이 서거정이 동방 사찰 중 제일의 전망이라고 격찬한 명당으로 북한강과 남한강이 합류하는 양수리 풍경을 볼 수 있으며 인근 산까지 조망이 가능하다. 수종사는 신라 시대에 처음 지어진 것으로 전해지나 자세한 연혁은 알 수 없으며, 조선 세조와 관련된 일화가 있다. 세조가 지병 치료를 위해 강원도에 다녀오다가 양수리에서 하룻밤을 보내던 중, 은은한 종소리가 들려오는 곳을 찾아가 보니 토굴 속에 18 나한상이 있고 바위틈에서 떨어지는 물방울이 종소리를 내더라는 것이다. 이에 세조가 18 나한을 봉안해 절을 짓고 수종사라는 이름을 붙였다는 전설이다. 그러나 사찰에 세조의 고모인 정의옹주의 부도가 남아있는 것은 그 이전에 이미 상당 규모의 절이었음을 알 수 있다. 현존하는 당우로는 대웅보전, 응진전, 약사전, 산신각, 종각, 경학원, 요사 등이 있다. 중요 문화유산으로는 보물로 지정된 수종사부도내유물과 수종사 오층석탑이 있다. 사찰안에는 세조가 하사했다는 500년 수령의 아름드리 은행나무가 있다. 사계의 풍광이 모두 빼어나지만, 가을 단풍이 물드는 시기의 풍경이 특히 절경으로 알려져 있다. 수종사 주차장에서 절까지는 400m로 도보로 15분 정도 소요된다.","=GOOGLETRANSLATE(A792, ""ko"", ""ja"")"
031-576-8411,"=GOOGLETRANSLATE(A793, ""ko"", ""ja"")"
죽변해안스카이레일,"=GOOGLETRANSLATE(A794, ""ko"", ""ja"")"
경북 경상북도 울진군 죽변면 죽변중앙로 235-8,"=GOOGLETRANSLATE(A795, ""ko"", ""ja"")"
"죽변해안스카이레일은 죽변 승하차장과 봉수항을 오가는 2.8㎞의 코스로 이루어져 있으며, 자동으로 움직이는 모노레일로 여유롭게 멋진 자연경관을 관람할 수 있다.또한 푸른 산과 마음이 뻥 뚫리는 동해 바다를 한눈에 볼 수 있어 마음의 평온을 찾을 수 있다. 사계절 색다른 풍경과 절경이 펼쳐지는 죽변해안스카이레일에서 잊지 못할 추억과 낭만을 만들어 볼 수 있다.","=GOOGLETRANSLATE(A796, ""ko"", ""ja"")"
054-783-8881,"=GOOGLETRANSLATE(A797, ""ko"", ""ja"")"
대천해수욕장 스카이바이크,"=GOOGLETRANSLATE(A798, ""ko"", ""ja"")"
충남 충청남도 보령시 해수욕장10길 75,"=GOOGLETRANSLATE(A799, ""ko"", ""ja"")"
"대천해수욕장 스카이바이크는 국내 최초의 해상 스카이바이크이다. 대천해수욕장에서 대천항까지 왕복 2.3㎞에 이르는 레일을 따라 약 40여 분 동안 바이크를 타고 달릴 수 있다. 대천 앞바다의 풍경을 감상하며 달릴 수 있다는 게 장점이다. 바이크 1대당 최소 탑승 인원은 2명이며 최대 4명까지 탈 수 있다. 예약은 불가능하며, 당일에 한해 현장에서 발권이 가능하다. 보호자 동승 시 영유아 탑승도 가능하다.","=GOOGLETRANSLATE(A800, ""ko"", ""ja"")"
0507-1388-1460,"=GOOGLETRANSLATE(A801, ""ko"", ""ja"")"
라마다프라자 수원호텔,"=GOOGLETRANSLATE(A802, ""ko"", ""ja"")"
경기도 수원시 팔달구 중부대로 150,"=GOOGLETRANSLATE(A803, ""ko"", ""ja"")"
"글로벌 브랜드의 명성을 갖춘 라마다 프라자 수원 호텔은 풍성한 문화와 최첨단의 비즈니스 환경이 공존하는 경기도 수원의 중심에 자리 잡고 있다. 라마다 프라자 수원 호텔은 전면 유리벽을 통해 들어오는 자연광을 그대로 받아들이는 자연스러움을 컨셉트로 모던하고 현대적인 감각의 디자인을 갖춘 세련되고 품격 있는 비즈니스호텔이다. 우아함과 안락함을 절묘하게 조화시킨 객실과 vip고객을 위한 이그제큐티브 라운지는 손님들에게 최상의 서비스와 휴식공간을 제공한다. 특이함보다는 평범함에서 특별한 서비스를 찾아 라마다 프라자 수원 호텔만의 차별화된 독특한 서비스를 창조하고, 4성급 호텔로서 호텔 문화를 선도하며, 손님들에게 내 집 같은 편안함을 느낄 수 있도록 특별한 공간을 만들어 준다.","=GOOGLETRANSLATE(A804, ""ko"", ""ja"")"
031-230-0001,"=GOOGLETRANSLATE(A805, ""ko"", ""ja"")"
경기도 동두천시 평화로2910번길 46 (상봉암동),"=GOOGLETRANSLATE(A806, ""ko"", ""ja"")"
"소요산 자락에 자리 잡은 경기북부어린이박물관은 ‘숲에서 꿈꾸는 어린이’를 주제로 전시장을 구성하였다. 여기에는 어린이들이 자연 속에서 여러 생명들과 함께 몸으로 체험하며 꿈을 키우라는 마음이 담겨 있다.숲을 주제로 과거의 숲, 현재의 숲, 미래의 숲이 펼쳐진 전시공간 중, 1층 ‘과거의 숲’에는 공룡숲·오름숲·바다숲(영아놀이터)이 있다. 공룡숲은 “동두천에도 공룡이 살았을까?”라는 질문과 함께 꼬마 브라키오를 따라 과거의 공룡 숲을 탐험하는 공간이고, 오름숲은 거대한 초식공룡 브라키오사우루스의 몸속을 오르내리는 신체 발달 대형 놀이터이며, 바다숲은 바닷속 해양 생물과 모험을 주제로 36개월 미만의 영아를 위해 꾸려진 체험전시실이다.2층으로 올라가면 자연숲·오감숲·상상숲과 배움터가 ‘현재의 숲’과 ‘미래의 숲’을 이루고 있다. 자연숲은 ‘작아져야 보이는 세계’를 주제로 풀잎만큼 작아진 우리가 숲의 생명들을 가까이, 그리고 온몸으로 만나며 교감하는 공간이다. 오감숲은 다섯 가지 감각을 바탕으로 한 박물관 캐릭터들과 함께 숲 속의 감각을 일깨우는 체험전시장이다. 상상숲에서는 어린이와 함께하는 모두의 꿈과 상상을 키울 수 있도록 다양한 세대의 관람객을 위해 여러 생명들과의 공존을 다채롭게 풀어낸 기획전시를 주기적으로 선보인다. 그리고 배움터에서 자연과 생태계, 환경, 평화의 가치를 담은 교육과 실습을 통해 ‘미래의 숲’을 만들어 가고 있다.또한 경기북부어린이박물관은 어린이가 주인공이 되어 나와 너, 우리를 이해하고 서로에 대한 존중의 가치를 확산하기 위해 다양한 전시·교육·출판·연구·교류 등의 프로그램을 기획하고 있다. 더불어 경기 북부의 교육지원청들과 연계한 학교 교육 프로그램, 어린이 문화예술교육 단체·지역 기관 및 활동가들과의 협업도 진행 중이다. 이를 바탕으로 어린이와 가족들이 ‘자연 놀이 숲’을 경험하며 꿈을 키우는 경기 북부 대표 문화예술공간으로 자리매김하고자 한다.","=GOOGLETRANSLATE(A807, ""ko"", ""ja"")"
031-868-9610,"=GOOGLETRANSLATE(A808, ""ko"", ""ja"")"
신리성지,"=GOOGLETRANSLATE(A809, ""ko"", ""ja"")"
충남 충청남도 당진시 합덕읍 평야6로 135,"=GOOGLETRANSLATE(A810, ""ko"", ""ja"")"
"신리성지는 한국 천주교의 대표적인 성지중 하나로, 당시, 천주교가 조선 구석구석 자리를 잡을 수 있도록 큰 역할을 했던 신부와 신자들이 순교한 유적지다. 천주교가 조선에 들어오기 시작했던 시기, 신리마을은 가장 먼저 그 교리를 받아들였던 지역으로 이후 신리마을은 조선에 천주교가 뿌리를 내리는 데 있어 가장 큰 역할을 한 지역으로 알려지게 된다. 다블뤼 주교의 은거처, 성인들의 경당, 순교자기념관과 순교미술관 등 아름답고도 성스러운 공간이 신리성지와 그 주변에 자리하고 있다.","=GOOGLETRANSLATE(A811, ""ko"", ""ja"")"
041-363-1359,"=GOOGLETRANSLATE(A812, ""ko"", ""ja"")"
닭머르해안길,"=GOOGLETRANSLATE(A813, ""ko"", ""ja"")"
제주특별자치도 제주시 조천읍 신촌북3길 62-1,"=GOOGLETRANSLATE(A814, ""ko"", ""ja"")"
"닭머루 입구에서 신촌포구까지의 구간으로 나무데크로 이어진 전망대와 산책로가 있으며, 가을에서 초겨울까지가 닭머르 해안길을 방문하기에 좋다. 닭머르 바위는 마치 닭이 흙을 파헤치고 그 안에 들어앉은 모습을 닮았다하여 이름이 붙여졌다. 아름다운 바다 전망을 자랑하는 이곳은 도민들은 이미 잘 알고 있는 곳이지만, 아직 여행객들에게는 잘 알려지지 않았다. 그렇기에 한적하게 산책을 즐기며 사진을 찍기에 제격인 장소이다. 닭머르 바위가 있는 곳은 나무갑판으로 길이 만들어져 있고, 그 길의 끝엔 해안정자가 자리 잡고 있다. 해안정자까지 이르는 길은 가을을 맞아 풍성해진 억새가 사진 찍기에 더없이 좋은 배경을 만들어준다. 특히 이곳은 일몰 장소로도 손꼽히는 곳이기에 해가 지기 바로 직전에 사진을 담는 것을 추천한다. 억새와 저물어가는 가을 해가 아름다운 배경과 조명을 만들어 줄 것이다.(출처 : 제주 문화관광 홈페이지)","=GOOGLETRANSLATE(A815, ""ko"", ""ja"")"
제주시관광안내센터 064-728-3918,"=GOOGLETRANSLATE(A816, ""ko"", ""ja"")"
팔봉산(홍천),"=GOOGLETRANSLATE(A817, ""ko"", ""ja"")"
팔봉산 홍천,"=GOOGLETRANSLATE(A818, ""ko"", ""ja"")"
강원특별자치도 홍천군 서면 한치골길 1124,"=GOOGLETRANSLATE(A819, ""ko"", ""ja"")"
"홍천군 서면 팔봉리에 있는 산(해발 327.4m)으로 홍천강이 산의 삼면을 둘러싸고 있다. 산림청이 지정한 한국의 100대 명산이자 홍천 8경의 하나로 꼽힌다. 등산하기 전에 산을 바라보면 명성에 비해 너무 낮다고 생각할 수 있으나 실제로 산에 올라가면 암릉길이 만만치 않아 다시 한번 놀란다. 강 남쪽 연안을 따라 여덟 개의 봉우리가 길게 뻗어 있고 여덟 개의 봉우리는 대부분 암릉으로 되어 있어 로프를 잡고 오르거나 수직에 가까운 사다리를 오르내리는 구간이 있어 조심해야 한다. 낮은 산이지만 바위와 암벽이 많고 능선이 험하여 산행 시간이 많이 걸린다.등산은 팔봉산 관광지 주차장에서 출발하여 1봉으로 오른 후 2봉에서 하산하는 A 코스(2시간 소요)와 7봉에서 하산하는 B 코스(3시간 소요), 8봉까지 오른 후 하산하는(3시간 30분 소요) 코스가 있다. 등산로가 다소 험하고 미끄러우므로 등산화를 착용하고 안전에 유의해야 한다. 주변에 팔봉산 야영지, 야외공연장, 풋살경기장 등이 있어 팔봉산의 다양한 레저활동을 즐길 수 있다.","=GOOGLETRANSLATE(A820, ""ko"", ""ja"")"
"1,500원","=GOOGLETRANSLATE(A821, ""ko"", ""ja"")"
팔공산관리사무소 033-430-4281,"=GOOGLETRANSLATE(A822, ""ko"", ""ja"")"
부산 감천문화마을,"=GOOGLETRANSLATE(A823, ""ko"", ""ja"")"
부산광역시 사하구 감내2로 203,"=GOOGLETRANSLATE(A824, ""ko"", ""ja"")"
"감천문화마을은 1950년대 6.25 피난민의 힘겨운 삶의 터전으로 시작되어 현재에 이르기까지 부산의 역사를 그대로 간직하고 있는 곳이다. 산자락을 따라 질서 정연하게 늘어선 계단식 집단 주거형태와 모든 길이 통하는 미로 같은 골목길의 경관은 감천만의 독특함을 보여준다. 부산의 낙후된 달동네였지만 문화예술을 가미한 도시재생사업을 추진하면서 지금은 연간 185만 명의 국내외 관광객이 다녀가는 대표 관광명소가 되었다. 산비탈을 따라 계단식으로 들어선 아름다운 파스텔톤의 집들과 미로와 같은 골목길이 있어 한국의 마추픽추, 산토리니로 불린다. 2016년 대한민국 공간문화대상 최고상인 대통령상을 수상하기도 했다. 감천문화마을에서는 아름다운 자연과 어우러진 그림 같은 마을의 풍경을 즐기면서, 골목골목 설치된 다양한 형태의 작품을 감상할 수 있으며, 감천문화마을 내 입주작가들의 공방을 통해 다양한 공예 체험도 가능하여 관광객들이 끊임없이 찾고 있다.","=GOOGLETRANSLATE(A825, ""ko"", ""ja"")"
051-204-1444,"=GOOGLETRANSLATE(A826, ""ko"", ""ja"")"
진주성,"=GOOGLETRANSLATE(A827, ""ko"", ""ja"")"
경남 경상남도 진주시 남강로 626,"=GOOGLETRANSLATE(A828, ""ko"", ""ja"")"
"삼국 시대 거열성, 고려 시대 촉석성으로 불렀던 성곽으로 조선 시대에 이르러 진주성으로 개칭되었다. 석축 된 성의 둘레가 약 1,760m, 높이는 약 5~8m이며, 성안에 우물과 샘이 각각 3개 있고, 군창이 있었다고 한다. 동국여지승람에 실린 하륜(1347~1416년)의 성문기에 보면, 성이 옛터만 남아 언제 쌓은 것인지 알 수 없는데, 왜구의 침입이 빈번하여 고려 우왕 5년(1379년)에 진주목사 김중광에게 석축 하게 하였다고 한다. 고려 말 왜구 방어의 보루로 고쳐 쌓은 진주성은 조선 선조 25년(1592) 임진왜란이 일어났을 때 호남에 진출하려는 왜적을 막는 관문이 되었다. 임진왜란 3대첩의 하나로 제1차 진주성 싸움은 3,800여 명의 군사로 2만여 명 가까운 왜적을 물리쳤을 뿐 아니라, 이 성을 지킴으로써 곡창지대인 호남을 지킬 수 있었다. 1593년 제2차 진주성 싸움에는 민·관·군 7만여 명이 왜군 10만여 명을 맞아 11일간의 치열한 전투 끝에 모두 순의하였고, 이때 논개가 적장을 안고 남강에 투신하여 충절을 지킨 곳이기도 하다. 성내에는 촉석루, 김시민 전성각적비, 의기사, 서장대, 북장대, 창열사, 국립진주박물관, 호국사, 야외공연장 등이 있다.","=GOOGLETRANSLATE(A829, ""ko"", ""ja"")"
055-749-5171,"=GOOGLETRANSLATE(A830, ""ko"", ""ja"")"
월정교,"=GOOGLETRANSLATE(A831, ""ko"", ""ja"")"
경북 경상북도 경주시 천원2길 11 (교동),"=GOOGLETRANSLATE(A832, ""ko"", ""ja"")"
"통일신라시대의 교량인 월정교는 조선시대에 유실되어 없어진 것을 10여 년간의 조사 및 고증과 복원을 진행해 2018년 4월 모든 복원 완료했다. <삼국사기>에 의하면 통일신라시대 경덕왕 19년(760년)에 지어진 것으로 기록되고 있으며 당시 경주 월성과 남산을 연결하는 역할을 했다. 1984년 11월 26일부터 1986년 9월 8일까지 두 차례에 걸친 복원 설계용 자료 수집과 발굴 조사에서 나무로 된 교량이 있었음이 처음으로 확인되었다. 이후 2008년부터 2013년까지의 공사를 통해 길이 66.15m, 폭 13m, 높이 6m 규모의 교량이 복원되었다.2016년 4월부터는 다리 양쪽 끝에 문루 두 동을 세우는 공사가 진행되어, 2018년 4월 최종 준공되었다. 문루 2층에는 교량의 복원과정을 담은 영상물과 출토 유물을 볼 수 있는 전시관이 있으며, 낮에는 월정교의 자태를 오롯이 볼 수 있어 좋고 밤의 월정교는 또 다른 매력으로 경주 야경 장소로 인기있는 곳이다. 월정교 앞에 설치된 징검다리에서 월정교를 바라보면 강 위에서 은은하게 빛나는 월정교의 풍경을 눈에 담을 수 있다.","=GOOGLETRANSLATE(A833, ""ko"", ""ja"")"
터미널 관광안내소 054-772-9289 경주시청 왕경조성과 054-779-6136,"=GOOGLETRANSLATE(A834, ""ko"", ""ja"")"
대전광역시 유성구 대덕대로 481 (구성동),"=GOOGLETRANSLATE(A835, ""ko"", ""ja"")"
"국립중앙과학관은 ‘자연과 인간과 과학의 조화’를 주제로 건립된 과학기술 문화의 전당으로, 국민 생활의 과학화를 촉진하고 청소년들의 과학기술에 대한 흥미 유발과 창의력 배양에 이바지하기 위해 설립되었다. 이곳은 생활 속 과학을 쉽고 재미있게 접할 수 있는 공간이자, 과거와 현재, 미래의 과학지식을 축적·계승·활용할 수 있는 종합 과학문화 공간이다. 또한, 창의성을 함양하고 합리적인 사회 조성의 기반이 되는 역할도 수행하고 있다. 전시와 교육, 다양한 과학행사를 통해 국민들에게 과학기술문화 체험 기회를 제공하며, 과학기술문화유산의 발굴과 보존, 전시 및 교육 연구 활동, 전국 과학관과의 교류·협력 등도 활발히 이루어지고 있다.","=GOOGLETRANSLATE(A836, ""ko"", ""ja"")"
※ 프로그램별 상이하므로 홈페이지 참고,"=GOOGLETRANSLATE(A837, ""ko"", ""ja"")"
042-601-7979,"=GOOGLETRANSLATE(A838, ""ko"", ""ja"")"
제주동백수목원,"=GOOGLETRANSLATE(A839, ""ko"", ""ja"")"
제주특별자치도 서귀포시 남원읍 태위로 288,"=GOOGLETRANSLATE(A840, ""ko"", ""ja"")"
"제주동백수목원은 위미리 동백군락지를 일군 할머니의 증손자가 1977년부터 꺾꽂이로 정성스럽게 가꾼 둥근 수형의 애기동백나무 수백여 그루가 숲을 이루고 있는 수목원이다. 큰 애기동백나무 수백그루가 어우러져 있는 것을 볼 수 있고 수백 종류의 동백나무와 야생화, 야자수, 전망대, 연못, 방사탑, 조각상 등 다양한 볼거리가 있다. 분수대와 산책로도 있어 겨울마다 동백꽃의 풍경을 보며 걸을 수 있다. 가족과 친구, 연인과 방문해 동백나무를 배경으로 사진을 찍기에도 좋다.","=GOOGLETRANSLATE(A841, ""ko"", ""ja"")"
0507-1373-4473,"=GOOGLETRANSLATE(A842, ""ko"", ""ja"")"
삼척해상케이블카,"=GOOGLETRANSLATE(A843, ""ko"", ""ja"")"
강원특별자치도 삼척시 근덕면 삼척로 2154-31,"=GOOGLETRANSLATE(A844, ""ko"", ""ja"")"
"동해안에서 아름답기로 소문난 용화-장호해변을 한눈에 내려다볼 수 있는 케이블카이다. 케이블카에 오르면 에메랄드 빛 바다, 기암괴석이 조화를 이루어 아름다운 광경이 펼쳐진다. 차창을 통해서 보는 탁 트인 동해는 수평선과 맞닿아 있어서 그 끝을 보면 어디가 하늘인지 어디가 바다인지 구분하기 힘들다. 케이블카에서 보는 광경은 날씨에 따라 제각각이다. 날씨가 맑은 날에는 화가가 그린 예쁜 물감의 수채화를, 비 오고 흐린 날에는 자연이 그린 운치 있는 수묵화를 보는 듯하다. 용화, 장호 두 곳 모두 해안가로 이어지는 산책로가 있어 하늘에서 보던 바다를 눈앞에서 가까이 볼 수 있는 기회가 제공된다.","=GOOGLETRANSLATE(A845, ""ko"", ""ja"")"
1668-4268,"=GOOGLETRANSLATE(A846, ""ko"", ""ja"")"
롯데아울렛 광주수완점,"=GOOGLETRANSLATE(A847, ""ko"", ""ja"")"
광주광역시 광산구 장신로 98 롯데쇼핑몰,"=GOOGLETRANSLATE(A848, ""ko"", ""ja"")"
"롯데아울렛 광주수완점은 매일 새로움과 즐거운 경험을 제공한다. 200여 개 국내외 유명 브랜드 및 해외 명품 편집숍이 입점해있다. 아렛, 마트, 시네마를 한 번에 만날 수 있는 수완 롯데 타운이다.","=GOOGLETRANSLATE(A849, ""ko"", ""ja"")"
"서대문자연사박물관은 서울 도심 속 안산 자락에 위치한 공공 자연사박물관으로, 2003년 7월 10일에 개관하였다. 이 박물관은 공공기관에 의해 설립되었으며, 시민들에게 자연에 대한 이해를 높이고 특히 꿈 많은 어린이와 청소년들이 다양한 생물과 지질, 환경에 대한 정보를 직접 보고 체험할 수 있는 기회를 제공한다. 박물관은 전시뿐만 아니라 교육 프로그램과 체험 활동을 통해 자연에 대한 지식과 흥미를 동시에 제공한다. 또한 지역 주민들에게는 문화 활동 공간으로서의 역할도 수행하고 있다. 서대문자연사박물관은 도시 생활 속에서도 생명과 자연의 가치를 체감할 수 있는 기회를 제공하고 있다.","=GOOGLETRANSLATE(A850, ""ko"", ""ja"")"
02-330-8899,"=GOOGLETRANSLATE(A851, ""ko"", ""ja"")"
수원시립미술관,"=GOOGLETRANSLATE(A852, ""ko"", ""ja"")"
경기도 수원시 팔달구 정조로 833 (신풍동),"=GOOGLETRANSLATE(A853, ""ko"", ""ja"")"
"수원 최초의 시립미술관인 수원시립미술관은 수원 화성행궁 광장에 위치한 문화 예술 공간이며 공공을 위한 미술, 창의적 예술교육, 공유의 예술공간을 목표로 하고 있다. 해당 미술관은 ‘수원시립미술관’, 만석공원에 자리한 ‘수원시립만석전시관 (구, 수원미술전시관)’, 파장동의 ‘수원시립어린이미술체험관 (구, 어린이생태미술체험관)’, ‘수원시립아트스페이스 광교’를 포함한 4개의 공간을 운영하고 있다. 이를 바탕으로 수원시립미술관은 각 관의 특색을 살린 다양하고 수준 높은 전시, 즐기면서 감상할 수 있는 전시, 지역을 소재로 한 특색 있는 전시 등을 통해 시민들의 정서 함양과 수도권을 대표하는 미술관으로 발전하고 있다. (출처: 수원시립미술관)","=GOOGLETRANSLATE(A854, ""ko"", ""ja"")"
031-228-3800,"=GOOGLETRANSLATE(A855, ""ko"", ""ja"")"
문경새재도립공원,"=GOOGLETRANSLATE(A856, ""ko"", ""ja"")"
경북 경상북도 문경시 문경읍 새재로 932,"=GOOGLETRANSLATE(A857, ""ko"", ""ja"")"
"백두대간 조령산 마루를 넘는 이 재는 예로부터 한강과 낙동강유역을 잇는 영남대로상의 가장 높고 험한 고개로 사회 문화 경제의 유통과 국방상의 요충지였다. 새재(鳥嶺)는 ‘새도 날아서 넘기 힘든 고개’, 새로 된 고개의 ‘새(新)재’ 등의 뜻이라고도 한다. 이곳은 자연경관이 빼어나고 유서 깊은 유적과 설화, 민요 등으로 이름 높은 곳이다. 임진왜란 뒤에 문경새재에 3개(주흘관, 조곡관, 조령관)의 관문을 설치하여 국방의 요새로 삼았다. 나그네의 숙소인 원터, 신구 경상도관찰사가 관인을 주고받았다는 교귀정터만 남아있는 것을 1999년 중창하였고, 옛날에 산불을 막기 위하여 세워진 한글 표석 ‘산불됴심’ 비가 남아있다. 역사에 얽힌 갖가지 전설을 비롯하여 임진왜란과 신립장군, 동학과 의병이 남긴 사담이 골골이 서리어 있는 역사의 현장이다. 이 일대를 1981년 도립공원으로 지정·보호하고 있다. 혜국사 충렬비, 조령원지, 동화원지 등 많은 문화자원과 수옥폭포, 여궁폭포, 팔왕폭포, 영천약수 등이 자연경관을 이루고 있다. 특히, 수안보온천과 문경온천, 문경도요지, 희양산의 봉암사, 선유동계곡과도 연계되고 있어 많은 관광객들이 찾고 있다.또한 문경새재 일원에서 관찰되는 식물자원을 서식처별로 분류하여 습생초지원, 생태습지, 생태연못, 건생초지원, 야생화원을 테마로 조성하여 탐방객에서 생태학습 및 생태관광을 할 수 있는 자연생태공원과 생태미로공원이 있으며, 한국방송공사가 고려시대를 배경으로 사극 대하드라마를 촬영하기 위하여 2000년 2월 23일 문경새재 제1관문 뒤 용사골에 건립한 KBS 촬영장이 있다. 문경새재의 조령산과 주흘산의 산세가 고려의 수도 개성의 송악산과 흡사할 뿐만 아니라 옛길이 잘 보존되어 있어 사극 촬영장으로 매우 적합하여 그동안 KBS 대하드라마 태조왕건, 제국의 아침, 무인시대, 대조영, 대왕세종 등의 촬영 주무대가 되었고, 영화는 스캔들, 낭만자객 등을 촬영하였던 곳으로 많은 관광객에게 볼거리, 즐길거리를 제공한다.","=GOOGLETRANSLATE(A858, ""ko"", ""ja"")"
문경새재관리사무소 054-550-8363 문경새재관리사무소 문경새재 오픈세트장 054-572-1150,"=GOOGLETRANSLATE(A859, ""ko"", ""ja"")"
설악해변,"=GOOGLETRANSLATE(A860, ""ko"", ""ja"")"
강원특별자치도 양양군 강현면 하복리,"=GOOGLETRANSLATE(A861, ""ko"", ""ja"")"
"양양 설악해변은 물놀이와 서핑을 즐길 수 있는 곳으로, 여름휴가를 보내기에 좋은 장소이다. 양양읍 북쪽 8㎞ 거리에 위치하고 있는 설악해변은 수심이 얕고 조용하며 설악산, 낙산사, 오색약수 등을 관광할 수 있는 길목에 위치해 있어 가족동반 여행지로 최적지이다. 백사장은 길이 1㎞, 너비 80m의 고운 모래사장으로 이루어져 있고 경사가 완만하여 아이들이 놀기에 적합하다. 인근에 천년 고찰인 낙산사를 비롯하여 의상대와 홍련암, 해수관음상 등 많은 관광자원이 주변에 있어 피서와 관광을 함께 즐길 수 있는 곳이다. 파도가 높아서 물놀이와 서핑하기에 좋으며, 파라솔과 돗자리를 깔고 쉴 수 있는 공간도 있다. 동해바다에 있는 해수욕장 중에서 많이 알려지지 않은 작은 해변이라 한적하고 조용한 바닷가를 찾는 관광객들에게는 인기가 많다. 남쪽으로는 낙산해수욕장이 위치하고 있으며 북쪽으로는 물치항과 후진항이 자리하고 있어 신선한 해산물을 즐기기에도 좋다.","=GOOGLETRANSLATE(A862, ""ko"", ""ja"")"
033-670-2114,"=GOOGLETRANSLATE(A863, ""ko"", ""ja"")"
나리농원,"=GOOGLETRANSLATE(A864, ""ko"", ""ja"")"
경기도 양주시 광사동 812,"=GOOGLETRANSLATE(A865, ""ko"", ""ja"")"
"양주시에서 운영하는 나리농원은 전국 최대 규모의 천일홍꽃 군락지가 조성되어 있는 자연 친화형 힐링 공간이다. 매년 9월경이면 ‘천만송이 천일홍 축제’가 열려 많은 관광객들의 발길이 끊이지 않는다. 축제가 열리는 9월~10월 두 달 동안은 농원 입장 시간이 정해져 있으나 축제가 종료된 후에는 기존처럼 산책 및 통행이 가능하다. 깊어져 가는 선선한 가을날, 가족과 함께, 연인과 함께 행복한 시간을 만끽할 수 있다.","=GOOGLETRANSLATE(A866, ""ko"", ""ja"")"
0507-1321-7240,"=GOOGLETRANSLATE(A867, ""ko"", ""ja"")"
송정역(구),"=GOOGLETRANSLATE(A868, ""ko"", ""ja"")"
송정역 구,"=GOOGLETRANSLATE(A869, ""ko"", ""ja"")"
부산광역시 해운대구 송정중앙로8번길 60 (송정동),"=GOOGLETRANSLATE(A870, ""ko"", ""ja"")"
"송정역은 부산 해운대구 송정동에 있는 기차역이다. 동해안의 해산물과 자원 수송을 목적으로 부설한 동해남부선에 속한다. 동해남부선은 1918년에 경주와 포항, 1935년에 부산과 울산, 경주까지 개통되며 오랜 세월 사람들의 발이 되어 주었다. 특히 바다를 끼고 달리는 창 밖 풍경이 아름답기로 손에 꼽혔다. 송정역은 1934년에 역무원이 배치된 간이역으로 영업을 시작해 1941년 보통 역으로 승격했다. 이때 역사를 새로 지은 것으로 보이는데 운산역, 단촌역과 유사한 1940년대 기차역의 건축적 특징을 고스란히 간직하고 있다. 1976년에 화물 업무가 중지됐지만, 철도사적 가치를 인정받아 등록문화재로 지정됐다. 최근 동해남부선의 옛 철길을 활용한 해운대 해변열차의 시작역과 종착역으로 새롭게 단장하며 많은 관광객이 찾고 있다.","=GOOGLETRANSLATE(A871, ""ko"", ""ja"")"
해운대 블루라인파크 051-701-5548,"=GOOGLETRANSLATE(A872, ""ko"", ""ja"")"
위양지(위양지 이팝나무),"=GOOGLETRANSLATE(A873, ""ko"", ""ja"")"
위양지 이팝나무,"=GOOGLETRANSLATE(A874, ""ko"", ""ja"")"
경남 경상남도 밀양시 부북면 위양로 273-36,"=GOOGLETRANSLATE(A875, ""ko"", ""ja"")"
"위양지(位良池)는 ‘선량한 백성들을 위해 축조했다고 붙여진 이름’이라는 의미를 가지고 있으나 이 이름은 근래에 바뀐 이름으로 본래 이름은 양양지다. 신라 때 축조됐다는 양양 지는 논에 물을 대던 수리 저수지였지만 인근에 거대한 가산저수지가 들어서 본래의 기능을 잃었다. 그러나 논에 물을 대는 대신 그림처럼 아름다운 풍경으로 많은 관광객들을 불러 모으고 있다.또한 밀양 팔경의 하나로 꼽힐 만큼 인기 여행지로 저수지 둘레를 따라 웅장한 기둥을 자랑하는 이팝나무 군락이 사계절 멋스러운 풍광을 뽐낸다. 하얀 눈이 내린 것처럼 이팝나무 꽃이 흐드러지게 피는 봄날은 위양지의 절정이다. 맑은 날에는 못에 비친 이팝나무 꽃이 한 폭의 수채화처럼 아름답다. 예부터 이팝나무는 한 해의 풍년을 점치는 나무로도 알려져 있는데, 만발한 꽃송이가 마치 하얀 쌀밥처럼 보이기 때문이다. 아름드리 왕버드나무와 소나무들로 울창한 숲을 두르고 있어 사시사철 아름다운 운치를 즐길 수 있고 연못에 떠 있는 섬 하나에 1900년에 지어진 안동 권 씨 문중 소유의 정자 완재정은 동양적인 아름다움을 더한다.","=GOOGLETRANSLATE(A876, ""ko"", ""ja"")"
055-359-5641,"=GOOGLETRANSLATE(A877, ""ko"", ""ja"")"
이순신광장,"=GOOGLETRANSLATE(A878, ""ko"", ""ja"")"
전남 전라남도 여수시 중앙로 74 (중앙동),"=GOOGLETRANSLATE(A879, ""ko"", ""ja"")"
"여수시 중앙동에 있는 이순신광장은 임진왜란을 승리로 이끈 이순신 장군에 대한 자료와 당시 의병에 대한 소개 등 역사적인 현장을 보고 느낄 수 있는 많은 볼거리가 있는 곳이다. 광장은 이순신 장군이 작전 계획을 세우고 군령을 내린 진남관 등 주변 유적지와 연계한 역사 문화 관광벨트의 시발점으로, 매년 5월 우리나라에서 가장 오래된 호국문화축제인 거북선 축제가 열린다. 이곳에서 가장 눈길을 끄는 구조물은 원형에 가깝게 재현한 거북선이다. 단순히 외형만 만들어 놓은 것이 아니고 내부에서도 관람할 수 있도록 설계했다. 거북선 내부로 들어가면 수군들의 역동적인 모습과 임진왜란 당시의 생생한 장면을 느낄 수 있으며 간단한 체험도 해볼 수 있다. 왜란에서 활약한 거북선은 세 척으로 전라좌수영, 방답진, 순천부 선소에서 한 척씩 건조했으며, 거북선이 있는 위치는 바로 전라좌수영 선소가 있던 곳이다. 이순신 광장의 한쪽 편에는 이순신 장군의 일대기와 임진왜란의 과정 등을 담은 벽화가 있다.","=GOOGLETRANSLATE(A880, ""ko"", ""ja"")"
061-661-1746,"=GOOGLETRANSLATE(A881, ""ko"", ""ja"")"
일산호수공원,"=GOOGLETRANSLATE(A882, ""ko"", ""ja"")"
경기도 고양시 일산동구 호수로 595 (장항동),"=GOOGLETRANSLATE(A883, ""ko"", ""ja"")"
"일산호수공원은 일산신도시 택지개발사업과 연계하여 조성한 근린공원이다. 국내 최대의 인공호수를 만들어 도시인이 접할 수 없는 자연생태계를 재현하고 다양한 주변경관 및 호수를 이용한 레크레이션 공간을 제공하고 있다. 특히 호수를 중심으로 한 4.7㎞의 자전거도로와 메타세쿼이아길 등 9.1㎞의 산책로는 시민들이 특별히 좋아하는 장소이다. 이외에도 생태자연학습장, 조형예술품, 선인장전시관 등이 다양한 생태문화시설이 조성되어 있다. 또한 매년 고양국제꽃박람회, 가을꽃축제, 호수예술축제 등이 개최되는 등 국내는 물론 세계적인 명소로 자리 잡아가고 있는 공원이다.◎ 한류의 매력을 만나는 여행 정보 - 드라마 <대행사>도시인들이 접하기 어려운 자연을 인공적으로 만든 공원으로 동양 최대의 인공 호수, 인공섬, 잔디광장 등을 비롯해 100여 종의 야생화와 20만여 그루의 수목이 있어 휴식을 취하기 좋다. 고아인이 복잡한 마음을 가라앉히며 산책하다 정재훈을 만나 기운을 차린 곳이다.","=GOOGLETRANSLATE(A884, ""ko"", ""ja"")"
031-8075-4347,"=GOOGLETRANSLATE(A885, ""ko"", ""ja"")"
서울숲,"=GOOGLETRANSLATE(A886, ""ko"", ""ja"")"
서울특별시 성동구 뚝섬로 273,"=GOOGLETRANSLATE(A887, ""ko"", ""ja"")"
"서울숲은 1908년 설치된 서울 최초의 상수원 수원지였으며, 2005년에 뚝섬체육공원 일대를 대규모 도시 숲으로 만들기 위해 새롭게 개원하였다. 현재는 문화예술공원, 체험학습원, 생태숲, 습지생태원 네 가지의 특색 있는 공간들로 구성되어 있으며, 한강과 맞닿아 있는 다양한 문화여가공간을 제공한다. 또한 서울숲공원은 조성부터 프로그램 운영까지 시민의 참여로 이루어진 최초의 공원이다.","=GOOGLETRANSLATE(A888, ""ko"", ""ja"")"
02-460-2905~6,"=GOOGLETRANSLATE(A889, ""ko"", ""ja"")"
시몬스 테라스점,"=GOOGLETRANSLATE(A890, ""ko"", ""ja"")"
경기도 이천시 모가면 사실로 988,"=GOOGLETRANSLATE(A891, ""ko"", ""ja"")"
"수면 전문 브랜드 시몬스 테라스점은 침대 플래그십 스토어이다. 단순히 침대 브랜드 홍보를 넘어, 하나의 잘 꾸며진 복합문화예술공간이다. 침대를 테스트하는 과정과 침대의 역사 등을 전시해 두었으며, 매트리스랩, 역사를 한눈에 볼 수 있는 헤리티지 앨리, 호텔 컨셉의 쇼룸 외에도 야외테라스와 카페까지 즐길 거리가 가득하다. 크리스마스 시즌에는 커다란 트리 장식으로 유명하다.","=GOOGLETRANSLATE(A892, ""ko"", ""ja"")"
0507-1342-4071,"=GOOGLETRANSLATE(A893, ""ko"", ""ja"")"
"국립중앙박물관은 용산으로 이전하여 2005년 개관한 이래 사람들에게 많은 관심과 사랑은 받은 곳이다. 시대와 주제별로 제시된 7개의 상설전시관, 다양한 내용을 선보이는 특별전시관, 관람의 이해를 돕는 전시해설 프로그램, 오감으로 즐기고 배우는 어린이박물관, 다채로운 교육 프로그램, 첨단기술을 활용한 실감콘텐츠 등을 마음껏 누리고 즐길 수 있다. 상설전시관에는 9,884점의 유물을 전시하여 제공하고 있으며, 전시물은 외부 전시 일정 및 유물의 보존 상태를 위하여 주기적으로 교체하고 있다. 또한 전시의 기본이 되는 소장품의 수집과 보존, 학술조사연구 등 여러 분야에서도 완성도를 높이기 위해 노력하고 있다.국립중앙박물관은 계절에 따라 아름다운 꽃이 피어나는 정원을 산책하며 여유 있고 즐거운 시간을 보내는 도심 속 힐링 공간이기도 하다. 모든 것이 급격하게 변하는 현대 사회에서 박물관은 잠시 쉬어가도 되는 곳, 뒤를 돌아다봐도 되는 곳이기도 하다. 가족이나 친구, 연인, 또는 나 홀로 여유를 누리며 문화와 일상의 가치를 한껏 느낄 수 있다.","=GOOGLETRANSLATE(A894, ""ko"", ""ja"")"
02-2077-9000,"=GOOGLETRANSLATE(A895, ""ko"", ""ja"")"
주남저수지 철새도래지,"=GOOGLETRANSLATE(A896, ""ko"", ""ja"")"
경남 경상남도 창원시 의창구 동읍 월잠리,"=GOOGLETRANSLATE(A897, ""ko"", ""ja"")"
"주남저수지 철새도래지는 세계적 철새도래지로 다양한 철새탐조와 산남, 주남, 동판저수지를 아우르는 자연경관 탐방 휴양지로 방문객들에게 힐링공간을 제공하며, 람사르문화관, 생태학습관, 탐조대, 주남환경스쿨 등 시설물의 무료 이용과 주남저수지 일원을생태전문 안내 가이드와 함께 탐방도 가능하다. 또한 새드리 꽃길 및 연꽃단지에서 조성된 그 계절의 꽃을 만날 수 있다. 일몰과 일출 풍경이 아름다워 이를 보러 방문하는 사람들도 많다.","=GOOGLETRANSLATE(A898, ""ko"", ""ja"")"
주남저수지 055-225-2798,"=GOOGLETRANSLATE(A899, ""ko"", ""ja"")"
상화원,"=GOOGLETRANSLATE(A900, ""ko"", ""ja"")"
충남 충청남도 보령시 남포면 남포방조제로 408-52,"=GOOGLETRANSLATE(A901, ""ko"", ""ja"")"
"보령 9경 플러스 중 2경인 상화원은 조화를 숭상한다는 이름대로 죽도가 지닌 자연미를 그대로 보존하여 최대한 자연을 훼손하지 않고 나무 한 그루, 돌 한 조각까지 소중히 하여 만들어진 한국식 전통정원이다. 섬 전체를 둘러싼 2㎞ 구간의 지붕형 산책로 ‘회랑’을 걷다 보면 바깥쪽으로는 온갖 수생생물이 살아 숨 쉬는 33개의 해변연못과 죽도의 특산물인 오석으로 쌓은 돌담 너머로 탁 트인 서해 바다가 펼쳐져 있다. 안쪽으로는 빼곡히 들어찬 해송이 하늘 높이 치솟아 솔향기를 더하는 숲길과 서해 낙조의 절경을 감상할 수 있는 석양정원, 죽도 원주민이 논으로 사용하던 곳에 전국 각지에서 이건하고 복원한 전통한옥 8채가 있는 한옥마을에 이를 수 있다. 또한, 관람으로 오픈되지 않은 평일에는 상화원 공간을 프라이빗하게 즐길 수 있고 한옥마을 내 한옥에서 가족 연회, 웨딩, 워크숍 등 다양한 프로그램을 즐길 수 있다. 상화원 내 숙박시설인 상화원 한국빌라는 금~토요일만 운영을 하며, 사이트를 통해 개별 예약을 할 수 있다. 관람객이 없는 고즈넉한 저녁시간에 감상할 수 있는 석양과 아침 동틀 무렵 아름다운 자연의 정원을 느끼고 싶다면 숙박을 해보는 것도 좋다. 상화원 방문 전에는 꼭 방문 가능일정과 시간을 확인 후 방문할 것을 추천한다","=GOOGLETRANSLATE(A902, ""ko"", ""ja"")"
070-7456-2200,"=GOOGLETRANSLATE(A903, ""ko"", ""ja"")"
마이산 벚꽃길,"=GOOGLETRANSLATE(A904, ""ko"", ""ja"")"
전북특별자치도 진안군 마령면 동촌리,"=GOOGLETRANSLATE(A905, ""ko"", ""ja"")"
"마이산 벚꽃은 진안고원의 특이한 기후 덕분에 전국에서 가장 늦게 피며, 수천 그루의 산벚꽃이 일시에 만개해 장관을 이룬다. 20~30년 수령의 재래종 산벚꽃은 맑고 선명한 꽃 색깔로 유명하고, 이산묘에서 탑사까지 이어지는 2.5km 벚꽃길은 핑크빛 풍경으로 많은 이들의 사랑을 받고 있다. 탑영제에서는 고인 물에 마이산 봉우리가 비쳐 벚꽃과 함께 한적한 정취를 즐길 수 있다. 특히 벚꽃이 만개한 주말에는 수만 명의 관광객이 찾는 진안의 봄꽃 명소이다.","=GOOGLETRANSLATE(A906, ""ko"", ""ja"")"
063-430-8751~5,"=GOOGLETRANSLATE(A907, ""ko"", ""ja"")"
한담해안산책로,"=GOOGLETRANSLATE(A908, ""ko"", ""ja"")"
제주특별자치도 제주시 애월읍 곽지리,"=GOOGLETRANSLATE(A909, ""ko"", ""ja"")"
곽금올레길이라고도 부르는 한담해안산택로는 애월항에서 곽지과물해변까지 해안을 따라서 조성된 산책로이다. 주변 경관과 조화를 이루고 있어 아름답다. 총길이는 1.2㎞이며 바로 옆에 파도가 철썩이는 해안 길을 따라 걸을 수 있다. 2009년 제주시가 기존의 관광 명소 이외에 제주시 일대의 대표적인 장소 31곳을 선정해 발표한 ‘제주시의 숨은 비경’ 중 하나이기도 하다. 용암이 굳어지면서 만들어진 기암괴석이 시선을 끌고 검은 바위로 이루어진 해안을 따라 구불구불하게 이어지는 길은 산책길에 재미를 더해준다. 제주도의 서쪽에 있어 아름다운 일몰을 잘 감상할 수 있다는 점도 이곳의 매력 포인트다.,"=GOOGLETRANSLATE(A910, ""ko"", ""ja"")"
제주관광정보센터 064-740-6000,"=GOOGLETRANSLATE(A911, ""ko"", ""ja"")"
신륵사(여주),"=GOOGLETRANSLATE(A912, ""ko"", ""ja"")"
신륵사 여주,"=GOOGLETRANSLATE(A913, ""ko"", ""ja"")"
경기도 여주시 신륵사길 73 (천송동),"=GOOGLETRANSLATE(A914, ""ko"", ""ja"")"
"신륵사는 봉미산 기슭에 위치한 여주의 대표적인 사찰이다. 오랜 역사와 웅장한 규모, 빼어난 경관을 자랑한다. 대한불교조계종 제2교구 본사인 용주사의 말사이자 경기도 전통사찰로 지정되었다. 일반적으로 사찰은 산속에 짓는 경우가 많은데 보기 드물게 남한강이 바라보이는 강변에 세워졌다. 신라 진평왕 때 원효대사가 창건하였다고 전해지나 확실한 근거는 없다. 고려 말기 나옹선사가 머물렀던 곳으로 유명하며 200여 칸에 달하는 대사찰이었다고 한다. 조선 성종 3년(1472)에는 세종대왕릉인 영릉의 원찰로 삼아 보은사［報恩寺］라고 불렀다가 원찰로서의 의미가 약해진 뒤 다시 신륵사라는 이름으로 돌아왔다. 벽돌로 쌓은 다층전탑이 있어 벽절로 불리기도 했다. 여주IC, 서여주IC에서 차량으로 약 13분 소요된다. 신륵사 주변은 국민관광지로 개발되어 인근에 맛집이 많고 국내 최대 규모의 도자기 전문 쇼핑몰이 있는 여주도자세상, 황포돛배 유람선 등과도 가깝다.","=GOOGLETRANSLATE(A915, ""ko"", ""ja"")"
031-885-2505,"=GOOGLETRANSLATE(A916, ""ko"", ""ja"")"
여수예술랜드,"=GOOGLETRANSLATE(A917, ""ko"", ""ja"")"
전남 전라남도 여수시 돌산읍 무술목길 142-1,"=GOOGLETRANSLATE(A918, ""ko"", ""ja"")"
"환상적인 바다 전망의 다양한 객실과 예술적 감성에서 익사이팅한 즐길거리까지, 특별함 경험을 제공하는 토탈 숙박 리조트 여수예술랜드이다. 국내 최대 테마형 3D 트릭아트와 60m 미디어 터널이 있는 3D뮤지엄, 150m 암반터널을 통해 만나는 조각공원풍경 등 다양한 예술공간이 있으며, 특히 바다를 향해 뻗어있는 ‘마이다스의 손’은 온라인에서 꼭 찍어야 하는 대한민국의 포토 위시리스트로 선정되어 관광객들의 발길이 끊이지 않고 있다. 이외에도 해발 150m 상공에서 아름다운 여수의 바다를 감상할 수 있는 국내 최대 크기의 대관람차와 짜릿한 스릴을 만끽하는 카트체험과 공중그네, 오션 스카이워크 등의 액티비티도 있다. 이 외에도 '먼 길을 함께 할 동반자'라는 뜻을 지닌 여수 최대규모 오션뷰 카페 라피끄도 여수 여행의 필수코스인 예술랜드에서 만든 또 하나의 작품이며 커플데이트, 여수여행, 전라도여행 필수코스로 떠오른다.◎ 한류의 매력을 만나는 여행 정보아이즈원 멤버들이 다양한 미션을 진행하고 바비큐까지 알차게 즐긴 장소다. <아이즈원의 잇힝 트립2>의 대부분이 촬영된 만큼, 멤버들이 미션을 수행하던 장면을 떠올리며 구경하는 재미가 쏠쏠하다.","=GOOGLETRANSLATE(A919, ""ko"", ""ja"")"
061-665-0000,"=GOOGLETRANSLATE(A920, ""ko"", ""ja"")"
상주은모래비치,"=GOOGLETRANSLATE(A921, ""ko"", ""ja"")"
경남 경상남도 남해군 상주면 상주로 17,"=GOOGLETRANSLATE(A922, ""ko"", ""ja"")"
"금산의 절경을 긴 병풍으로 삼은 상주은모래비치는 은빛 고운 모래로 이루어진 넓은 백사장과 울창한 송림으로 둘러싸여 전국에서 몇 안 되는 아름다운 자연경관을 간직한 해수욕장이다. 남해읍에서 남쪽으로 21㎞ 떨어진 이곳은 맨발로 닿는 모래의 감촉이 좋은 곳아 해마다 여름이면 100만에 달하는 여행객들이 찾온다. 2㎞에 이르는 반달형 백사장 경사도 완만한 데다 수온도 높아 가족들의 피서지로도 최적의 조건을 갖추고 있다. 또한, 여름이면 썸머페스티벌, 겨울이면 해맞이 축제가 열리고 있으며, 이곳에서만 맛볼 수 있는 긴 전통의 야채핫도그, 인스타명소로 자리 잡은 감성 카페, 주민들이 운영하는 식당 등이 자리하고 있어 볼거리, 즐길거리가 풍성하다.","=GOOGLETRANSLATE(A923, ""ko"", ""ja"")"
055-860-3073,"=GOOGLETRANSLATE(A924, ""ko"", ""ja"")"
물미해안전망대,"=GOOGLETRANSLATE(A925, ""ko"", ""ja"")"
경남 경상남도 남해군 삼동면 동부대로 720,"=GOOGLETRANSLATE(A926, ""ko"", ""ja"")"
"한 점 쉬어가는 공간이 되어주는 ‘물미해안전망대’는 자유로운 여행객들의 또 다른 벙커로 인기만점이다. 삼동면 대지포 마을 인근에 조성되었다 하여 지역민들에게는 ‘대지포 전망대’라는 별칭으로도 불리기도 하는 ‘물미해안전망대’는 2016년 착공해 2019년 12월 개장했다. 남해바다를 밝히는 등대 콘셉트로 지어진 이곳은 360도 조망이 가능한 원통형으로 ‘하늘 위에 떠 있는 기분’을 만끽할 수 있게 해준다. 2층으로 구성돼 있으며 1층에는 다양한 품목을 살 수 있는 남해군 특산품 판매장, 2층에는 베이커리 카페와 옥상전망대로 꾸며져 있다.","=GOOGLETRANSLATE(A927, ""ko"", ""ja"")"
055-867-7202,"=GOOGLETRANSLATE(A928, ""ko"", ""ja"")"
사려니숲길,"=GOOGLETRANSLATE(A929, ""ko"", ""ja"")"
제주특별자치도 서귀포시 표선면 가시리 붉은오름 입구,"=GOOGLETRANSLATE(A930, ""ko"", ""ja"")"
"사려니숲길은 제주의 숨은 비경 31곳 중 하나로, 비자림로를 시작으로 물찻오름과 사려니 오름을 거쳐가는 삼나무가 우거진 숲길이다. 사려니오름까지 이어지는 숲길이기 때문에 사려니숲길이라고 불린다. ‘사려니’는 신성한 숲 혹은 ‘실 따위를 흩어지지 않게 동그랗게 포개어 감다’라는 뜻으로 숲길을 거닐면 상쾌한 삼나무 향에 포개진 듯한 느낌을 받을 수 있다. 빽빽한 삼나무뿐만 아니라 졸참나무, 서어나무, 때죽나무, 편백나무 등 다양한 수종이 서식하고 있다. 다양한 수종이 서식하기 때문에 오소리와 제주족제비를 비롯한 포유류, 팔색조와 참매를 비롯한 조류, 쇠살모사를 비롯한 파충류 등의 보금자리가 되기도 한다. 사려니숲길은 본래 숲의 모습이 많이 훼손되지 않아 트래킹을 좋아하는 여행자들이 즐겨 찾는다. 지난 2002년 유네스코가 지정한 제주 생물권 보전지역이기도 하다. 숲보호를 위해 자연휴식년제로 물찻오름은 탐방을 제한했었으나 한시적으로 이곳을 개방하는 ‘사려니숲 에코힐링(Eco-Healing)’ 행사가 열리기도 했다.","=GOOGLETRANSLATE(A931, ""ko"", ""ja"")"
064-900-8800,"=GOOGLETRANSLATE(A932, ""ko"", ""ja"")"
고성 통일전망타워,"=GOOGLETRANSLATE(A933, ""ko"", ""ja"")"
강원특별자치도 고성군 현내면 금강산로 481,"=GOOGLETRANSLATE(A934, ""ko"", ""ja"")"
"휴전선과 남방한계선이 만나는 해발 70m 고지의 통일전망대에 서면 금강산의 구선봉과 해금강이 지척에 보이고 맑은 날에는 옥녀봉, 채하봉, 일출봉 등을 볼 수 있다. 발아래의 휴전선 철책을 사이에 두고 대치해 있는 최전방 초소는 남북한의 긴장감을 느끼게 한다. 연간 150만 명 이상의 관광객이 찾는 고성의 대표적인 관광지인 이곳엔 북녘에 두고 온 산하와 가족을 그리는 실향민과 통일을 염원하는 이들을 위한 성모상, 미륵불상, 전진철탑 등 종교적인 부대시설과 장갑차, 탱크, 비행기 등 안보 교육용 전시물이 있다. 2004년 12월 개통된 동해선 남북 연결도로로 금강산육로 관광이 이루어지는 모습을 볼 수 있다.","=GOOGLETRANSLATE(A935, ""ko"", ""ja"")"
고성 통일전망타워 033-682-0088,"=GOOGLETRANSLATE(A936, ""ko"", ""ja"")"
간월암(서산),"=GOOGLETRANSLATE(A937, ""ko"", ""ja"")"
간월암 서산,"=GOOGLETRANSLATE(A938, ""ko"", ""ja"")"
충남 충청남도 서산시 부석면 간월도1길 119-29,"=GOOGLETRANSLATE(A939, ""ko"", ""ja"")"
"간월암은 부석면 간월도리에 위치한 작은 암자로 조선 초 무학대사가 창건하였으며 송만공 대사가 중건하였다고 전해진다. 다른 암자와는 달리 간조 시, 육지와 연결되고 만조 시, 섬이 되는 신비로운 암자로 만조 시 물 위에 떠 있는 암자처럼 느껴진다. 주위 자연경관과 옛 선조들의 숨결을 함께 느낄 수 있는 고찰이 어우러져 관광객의 발길이 줄을 잇고 있다. 또한 간월도에서 생산되는 굴의 풍년을 기원하는 굴부르기군왕제가 매년 정월 보름날 만조 시에 간월도리 어리굴젓 기념탑 앞에 서 있는데 이 행사는 부정한 행동을 하지 않은 청결한 아낙네들이 소복(흰옷)을 입고 마을 입구에서 춤을 추며 출발하여 굴탑 앞에 도착하면 제물을 차려 놓고 굴 풍년 기원제를 지내며 채취한 굴은 관광객에게 시식도 시켜준다.","=GOOGLETRANSLATE(A940, ""ko"", ""ja"")"
041-668-6624,"=GOOGLETRANSLATE(A941, ""ko"", ""ja"")"
이순신공원,"=GOOGLETRANSLATE(A942, ""ko"", ""ja"")"
경남 경상남도 통영시 정량동 688-1,"=GOOGLETRANSLATE(A943, ""ko"", ""ja"")"
"이순신공원은 이충무공의 정신을 기리는 공원으로 통영시 동호항방파제 인근에 위치해 있으며 연 49만 명의 관광객이 방문하는 통영시의 대표 관광지이다.1592년 8월 14일 조선 수군과 일본 수군이 해상주도권을 다툰 전투에서 충무공 이순신 장군이 이끄는 조선 수군이 일본 수군에 대승하여 식량 보급로를 확보하고 일본 수군의 전의를 상실하게 만든 임진왜란의 최대 승첩지를 기념하기 위해 조성된 공원이다.공원 중앙에 정자가 우뚝 자리하고 있으며 청동으로 만든 높이 17.3m의 이순신 장군 동상이 한산도 앞바다를 바라보고 있고, 통영해상순직장병 위령탑, 해안 수변데크길, 수국 산책로, 무장애나눔길, 잔디광장, 어린이놀이터 등의 시설이 있다.북쪽은 망일봉이, 남으로는 호수 같은 통영항과 한산대첩의 학익진이 펼쳐졌던 바다의 풍광이 아름답다. 2023년 유아숲체험원이 신규 조성되어 7월 이후 유아 숲 교육 및 숲 해설 프로그램을 운영하고 있다.","=GOOGLETRANSLATE(A944, ""ko"", ""ja"")"
055-650-1411~5,"=GOOGLETRANSLATE(A945, ""ko"", ""ja"")"
"알파카월드는 청정자연 강원도 홍천의 푸른 숲속에 있으며 자연 그대로의 모습으로 살아가는 동물들을 가까이서 만나고 교감할 수 있는 알파카 테마 감성 여행지다. 남미 안데스 산악지형을 재현한 '안데스생태방목장'에서 만나는 50여 마리의 귀여운 알파카들, 푸른 숲을 알파카와 함께 발을 맞춰 걸으며 교감할 수 있는 알파카월드의 대표 체험 ‘알파카와 힐링 산책’, 넓은 잔디 광장에서 알파카들과 교감하며 뛰어놀 수 있는 ‘알파카놀이터’, 문을 열고 들어가는 순간 동화 속 세상에 온 듯한 느낌을 주는 ‘새들의정원’까지 만나볼 수 있다. 이 외에도 사슴, 토끼, 염소, 타조, 낙타, 올빼미, 독수리 등 다양한 종류의 동물들과 재밌는 즐길 거리 가득한 알파카월드에서 즐겁고 행복한 추억 만들어 볼 수 있다.◎ 한류의 매력을 만나는 여행 정보NCT가 자체 콘텐츠 에서 힐링을 하기 위해 찾은 장소다. 멤버들은 이곳에서 카트 탑승권을 두고 미션을 수행했는데, 알파카가 침을 뱉자 당황하는 것도 잠시, 함께 사진을 찍으며 즐거워했다.","=GOOGLETRANSLATE(A946, ""ko"", ""ja"")"
1899-2250,"=GOOGLETRANSLATE(A947, ""ko"", ""ja"")"
바람새마을 소풍정원,"=GOOGLETRANSLATE(A948, ""ko"", ""ja"")"
경기도 평택시 고덕면 새악길 43-42,"=GOOGLETRANSLATE(A949, ""ko"", ""ja"")"
"소풍정원은 2013년 평택시 고덕면 궁리에 조성된 수변공원이다. 소풍정원은 ‘미소바람(미소 笑, 바람 風)이 머무는 정원(庭園)’이라는 의미로 자연과 사람이 함께 어우러져 진위천변 자연을 체험하고 쉴 수 있는 공간이다. 2018년 기존 방치된 섬지역을 이화의 섬, 빛의 정원 등 4개의 주제를 담은 테마섬을 조성하여 특색 있는 경관과 야간에는 경관조명을 통한 색다른 야경을 감상할 수 있다. 수변데크와 산책로를 따라 곳곳에 설치된 솟대, 바람개비를 보는 재미와, 놀이터, 다양한 휴게공간에서 자연을 체험하고 느낄 수 있다.(출처: 소풍정원 공식 홈페이지)","=GOOGLETRANSLATE(A950, ""ko"", ""ja"")"
평택시 푸른도시사업소 공원과 031-8024-4248 소풍정원 캠핑장 관리사무소 031-668-4815,"=GOOGLETRANSLATE(A951, ""ko"", ""ja"")"
속초해수욕장,"=GOOGLETRANSLATE(A952, ""ko"", ""ja"")"
강원특별자치도 속초시 해오름로 190 (조양동),"=GOOGLETRANSLATE(A953, ""ko"", ""ja"")"
"1976년 처음 개장한 속초해수욕장은 국내 대표적인 해수욕장 가운데 하나다. 속초 시내와 가깝고 고속버스터미널이 도보 거리에 있어 교통이 편리한 것이 장점이다. 속초해수욕장은 바닷물이 맑고 깨끗한 데다 수심이 얕고 경사가 완만해 매년 여름철이면 전국에서 모여든 피서객들로 북적 해진다. 특히 성수기인 7~8월에는 너른 해변이 발 디딜 틈도 없이 사람들로 가득 찬다. 해수욕장 주변은 음식점과 편의 시설이 잘 갖춰져 있다. 해변 뒤편에는 소나무 숲이 우거져 있으며 작은 공원과 산책로도 조성되어 있다. 휴가철이 지난 후에도 해수욕장에는 관광객들의 발길이 끊이지 않는다. 모래사장 곳곳에 설치된 조형물들이 계절에 관계없이 다채로운 볼거리를 선사하기 때문이다.속초를 형상화한 ‘ㅅㅊ’ 이니셜과 세계 각국의 방향을 표시한 커다란 나침반, 생동감 있는 돌고래 조각 등이 눈길을 사로잡는다. 푸른 바다를 배경으로 한 대형 액자 프레임과 하늘을 향해 뻗은 천국의 계단은 이곳에서 가장 인기 있는 포토존이다. 매년 이곳에서는 관광객들에게 더욱 즐거운 추억을 선물하기 위해 버스킹, 여름 해변축제, 속초 수제맥주 축제를 즐길 수 있다. 여행시기에 맞추어 방문한다면 밴드 공연, 음악회 등의 공연행사를 즐길 수 있다.","=GOOGLETRANSLATE(A954, ""ko"", ""ja"")"
033-639-2027,"=GOOGLETRANSLATE(A955, ""ko"", ""ja"")"
파주 임진각(평화누리공원),"=GOOGLETRANSLATE(A956, ""ko"", ""ja"")"
파주 임진각 평화누리공원,"=GOOGLETRANSLATE(A957, ""ko"", ""ja"")"
경기도 파주시 문산읍 임진각로 177,"=GOOGLETRANSLATE(A958, ""ko"", ""ja"")"
"임진각은 한국전쟁과 민족 분단의 아픔을 간직한 대한민국의 대표적인 평화관광지이다. 이곳에는 임진강지구 전적비, 미국군 참전비 등 다양한 전적비가 설치되어 있다. 한국전쟁 전 북쪽 신의주까지 운행하던 기차가 전시되어 있다. 임진철교는 두 개의 철교 중 하나가 전쟁 중 파괴되어 교각만 남아 있다. 망배단은 실향민들이 북녘 가족을 향해 절을 올리는 장소이다. 임진각은 이산가족의 아픔이 서린 장소로 알려져 있다. 매년 수백만 명의 내·외국인이 임진각을 방문한다. 이곳은 통일을 염원하는 통일안보관광지로 기능하고 있다. 전시관, 평화누리, 평화 곤돌라, 6·25 전쟁 납북자 기념관 등의 시설이 갖추어져 있다. 임진각 일대는 총 14만 평 규모의 대규모 관광지로 조성되어 있다.","=GOOGLETRANSLATE(A959, ""ko"", ""ja"")"
임진각관광안내소 031-953-4744,"=GOOGLETRANSLATE(A960, ""ko"", ""ja"")"
연천 호로고루,"=GOOGLETRANSLATE(A961, ""ko"", ""ja"")"
경기도 연천군 장남면 원당리,"=GOOGLETRANSLATE(A962, ""ko"", ""ja"")"
"호로고루는 개성과 서울을 연결하는 중요한 길목에 위치하고 있으며, 원당리에서 임진강으로 유입되는 지류가 흐르면서 형성된 현무암 단애 위에 조성되었다. 호로고루의 어원에 대해서는 “이 부근의 지형이 표주박, 조롱박과 같이 생겼다.” 하여 호로고루라고 불린다는 설과 고을을 뜻하는 ‘홀’과 성을 뜻하는 ‘구루’가 합쳐져 ‘호로고루’가 되었다는 설이 있다. 경기도 지역에서 조사된 고구려 관방유적 중 당포성, 은대리성과 함께 3대 평지성 중 하나이다.호로고루 동쪽벽은 현무암 대지의 동쪽 부분을 막아 조성한 것으로 가장 높은 부분이 10m로 성벽 위에서는 주변 지역은 물론 임진강의 절경을 바라볼 수 있다. 호로고루에 대한 1차 발굴조사는 2000년 11월부터 2002년 5월까지 이루어져 성벽의 축성방식과 구조에 대한 확인이 이루어졌다. 호로고루 성벽 전체 둘레는 401m로 남벽 161.9m, 북벽 146m, 동벽 93.1m로 내부 면적은 606㎡이며 약 28m 높이의 현무암 절벽에 위치하고 있다. 동쪽벽은 여러 번에 걸쳐 흙을 다져 쌓은 위에 돌로 성벽을 높이 쌓아 올려 석성과 토성의 장점을 적절하게 결합한 축성술을 보여주고 있다.","=GOOGLETRANSLATE(A963, ""ko"", ""ja"")"
연천군청 문화체육과 031-839-2565,"=GOOGLETRANSLATE(A964, ""ko"", ""ja"")"
지중해마을,"=GOOGLETRANSLATE(A965, ""ko"", ""ja"")"
충남 충청남도 아산시 탕정면 탕정면로8번길 55-7,"=GOOGLETRANSLATE(A966, ""ko"", ""ja"")"
"지중해마을은 이국적인 유럽풍 건물이 모여 지중해의 작은 시골 마을을 연상시키는 곳이다. 이 마을은 아산 탕정신도시 조성으로 불가피하게 이주하게 된 이 일대 주민들이 모여 새롭게 일군 마을이다. 아산 탕정신도시 한가운데에 조성되었으며 이색적이고 이국적인 느낌을 주며, 블루 크리스털 빌리지(Blue Crystal Village)라는 별명을 갖고 있다. 이 마을은 도로를 사이에 두고 남서쪽은 붉은 지붕의 성곽 형식이 두드러진 남프랑스의 프로방스 풍으로 꾸며져 있고, 남동쪽은 원형의 파란 지붕과 하얀 벽이 화사한 그리스 산토리니를 모델로 했다. 가장 인기 있는 곳은 포토존으로 천사의 날개, 등대 모양의 빨간 우체통을 배경으로 사진을 찍을 수 있다. 이곳에서는 디자인과 색감이 독특한 건물들을 구경하고, 아기자기한 골목을 걸으면서 카페, 소품점, 옷 가게 등 여러 매장을 둘러보는 즐거움이 있다. 주변에는 온양온천, 현충사, 아산곡교천야영장 등의 관광지가 있어 연계하여 관광할 수 있으며, 경부고속철도 및 장항선 철도 천안아산역이 멀지 않다.","=GOOGLETRANSLATE(A967, ""ko"", ""ja"")"
아산시 관광안내소 041-540-2517,"=GOOGLETRANSLATE(A968, ""ko"", ""ja"")"
충북 충청북도 청주시 청원구 상당로 314 (내덕동),"=GOOGLETRANSLATE(A969, ""ko"", ""ja"")"
"국립현대미술관은 1969년 경복궁에서 개관한 이래로 2018년에는 충청북도 청주시 옛 연초제조창을 재건축한 국립현대미술관 청주를 개관하여 중부권 미술문화의 명소로 육성하고자 노력하고 있으며, 2019년에는 개관 50주년을 맞이하여 기념식을 개최하고 미술문화를 나누는 세계 속 열린 미술관으로 발돋움하고 있다. 국립현대미술관 청주는 미술관과 정부·미술은행 소장품을 바탕으로 형성된 국내 최초의 개방 수장고를 공개한다. 개방 수장고는 미술관의 기본 구성 요소인 소장품을 수장한 상태로 관람자에게 개방하는 것으로 방대한 양의 작품을 감상할 수 있을 뿐 아니라 미술관의 보이지 않는 기능까지 알 수 있는 확장된 개념의 미술관이라 할 수 있다. (출처 : 국립현대미술관 홈페이지)","=GOOGLETRANSLATE(A970, ""ko"", ""ja"")"
043-261-1400,"=GOOGLETRANSLATE(A971, ""ko"", ""ja"")"
강릉 중앙시장,"=GOOGLETRANSLATE(A972, ""ko"", ""ja"")"
강원특별자치도 강릉시 금성로 21 (성남동),"=GOOGLETRANSLATE(A973, ""ko"", ""ja"")"
"강릉 중앙시장은 강릉시 성남동 일대에 위치한 대표적인 전통시장으로, 1980년 1월 18일에 등록·개설되어 지금까지 활발히 운영되고 있다. 동쪽에는 동부시장, 서쪽에는 서부시장이 자리 잡고 있으며, 이 두 곳에 이어 세 번째로 개장된 시장으로서 강릉 시내 중심 유통 기능을 충실히 수행하고 있는 핵심 상권이다. 시장 주변에는 개별 상가들로 이루어진 성남시장이 인접해 있으며, 축협, 농협마트, 새마을금고 등의 기관이 밀집해 있어 지역 상권과 밀접하게 연결되어 있다. 특히 도로변과 골목길에는 다양한 노점이 형성되어 사계절 내내 지역 특산물이 활발히 거래되고 있어 전통 시장의 생동감을 느낄 수 있다. 중앙시장의 가장 큰 특징은 강릉 지역의 향토성을 고스란히 간직하고 있다는 점이다. 강릉 도심에 거주하는 시민은 물론, 동해안 인근의 농어촌 주민들까지 찾는 시장으로, 농수산물, 건어물, 강릉 특산 식재료 등 다양한 품목들이 오가며 지역 경제의 중심 역할을 해오고 있다. 특히 매년 열리는 강릉 단오제 기간에는 시장 주변 남대천 단오장 일대가 축제 분위기로 가득 차며, 전국 각지에서 다양한 상품과 사람들이 모여드는 영동권 중심의 전통 재래시장으로서 더욱 활기를 띤다. 전통과 현대가 어우러진 공간에서 강릉의 삶과 문화를 느껴보고 싶다면, 중앙시장은 놓쳐서는 안 될 여행지 중 하나다.","=GOOGLETRANSLATE(A974, ""ko"", ""ja"")"
033-648-2285,"=GOOGLETRANSLATE(A975, ""ko"", ""ja"")"
상림공원,"=GOOGLETRANSLATE(A976, ""ko"", ""ja"")"
경남 함양군 함양읍 교산리 1073-1,"=GOOGLETRANSLATE(A977, ""ko"", ""ja"")"
"함양상림은 함양읍의 서쪽에 있는 위천(渭川)강가에 있는 숲으로서, 통일신라 진성여왕때 최치원 선생이 함양읍의 홍수피해를 막기 위해 만들었다고 전해진다. 예전에는 대관림(大館林)이라고 불렀으나 이 숲의 가운데 부분이 홍수로 무너짐에 따라 상림(上林)과 하림(下林)으로 나뉘게 되었다. 현재 하림은 훼손되어 흔적만 남아있고 상림만이 예전의 모습을 유지하고 있다. 참나무류와 개서어나무류가 주를 이루며, 왕머루와 칡 등이 얽히어 마치 계곡의 자연 식생을 연상시킨다. 120여 종의 나무가 둑을 따라 조성되어 있어 어린이들의 자연학습원으로도 좋은 곳이다.","=GOOGLETRANSLATE(A978, ""ko"", ""ja"")"
055-960-5756,"=GOOGLETRANSLATE(A979, ""ko"", ""ja"")"
베어트리파크,"=GOOGLETRANSLATE(A980, ""ko"", ""ja"")"
세종특별자치시 전동면 신송로 217,"=GOOGLETRANSLATE(A981, ""ko"", ""ja"")"
"세종특별자치시에 위치한 베어트리파크는 2009년 5월 개장하였다. 이재연 설립자가 50여 년간 가꾸어온 식물과 동물들이 자라 숲과 군락을 이루어 현재의 베어트리파크가 되었다. 베어트리파크 33만여㎡(10만 평)의 대지에 1,000여 종 40여만 점에 이르는 꽃과 나무, 비단잉어와 반달곰, 꽃사슴 등이 어우러진 곳이다. 백여 마리의 비단잉어가 서식하는 오색연못을 시작으로 수백 마리의 반달곰과 불곰이 재롱을 부리는 모습을 직접 볼 수 있다. 베어트리파크를 한눈에 볼 수 있는 전망대를 시작으로 사시사철 꽃을 피우는 베어트리정원, 아기반달곰과 사슴, 공작새, 원앙 등을 관람할 수 있는 애완동물원 등이 조성되어 있다. 희귀한 소나무를 수집해 조성한 송백원, 고사목과 향나무가 조화를 이룬 하계정원, 수천 송이의 장미를 감상할 수 있는 장미원, 국내 야생화를 모아둔 산책로인 야생화 동산, 다양한 종류의 분재를 만나 볼 수 있는 분재원, 국내에서 보기 힘든 열대 식물을 한자리에 모아 놓은 열대온실원, 선인장과 과목, 나무화석 등 다양한 볼거리가 가득한 만경비원, 수령 100년 이상 된 향나무 사이로 산책로를 조성한 향나무동산, 800년 된 느티나무가 있는 우리나라 지도 모양으로 만든 유럽식 정원 송파원 등이 있다. 여러 개의 야외 연못에 분산되어 있던 1,000여 마리의 비단잉어가 따듯한 겨울을 날 수 있도록 한 곳에 모여 더욱 장관을 이룬다. 먹이를 뿌리면 와르르 모여드는 비단잉어 떼를 만나볼 수 있다.","=GOOGLETRANSLATE(A982, ""ko"", ""ja"")"
044-866-7766,"=GOOGLETRANSLATE(A983, ""ko"", ""ja"")"
경기도 과천시 광명로 181 (막계동),"=GOOGLETRANSLATE(A984, ""ko"", ""ja"")"
"한국 최초의 놀이공원이라는 타이틀을 가진 서울랜드는 개장과 동시에 대한민국 대표 테마파크로 자리매김했다. 서울역과 명동역에서 30분 내외 거리에 위치해 있어 교통이 편리하고, 인근에는 서울대공원의 동·식물원과 산림욕장, 국립현대미술관 등이 모여 있어 한국을 대표하는 관광지로 널리 사랑받고 있다. 서울랜드는 한국 애니메이션 캐릭터로 꾸며진 놀이기구 50여 종뿐만 아니라 물놀이시설(여름)과 눈썰매장(겨울) 등 계절 시설도 운영하고 있으며, 계절별로 신선한 즐거움을 주기 위해 새로운 공연, 축제, 이벤트 등을 도입하고 있다. 다양한 어트랙션 외에도 국내 최대 올인원플레이파크 '서울랜드 크라켄 아일랜드', 공룡 전시 체험관 '쥬라기랜드', 빛축제 '루나파크' 등 방문객들에게 다채로운 체험이 가능한 공간도 마련, 온 가족이 즐길 수 있는 만능 테마파크로 발돋움 하고 있다. 2024년 4월 오픈한 '서울랜드 크라켄 아일랜드'는 메인 구조물의 규모가 6층 아파트의 높이와 비슷한 압도적인 스케일을 자랑하는 체험형 어트랙션이다. 어린이들이 맘껏 뛰고, 구르고, 오를 수 있는 형태로, 직접 몸으로 부딪히며 각자 다른 체험으로 새로운 모험의 시간을 보낼 수 있다. 특히 서울랜드 크라켄 아일랜드는 물폭탄과 워터스크린, 바닥분수 등 물놀이 기능을 추가한 신개념 '수륙양용'형 플레이짐으로 어린이들의 인기를 독차지 하고 있다. 최대 18M 길이의 움직이는 공룡을 볼 수 있는 ‘쥬라기랜드’도 인기다. 다양한 종류의 공룡과 화석, 알 등이 100여 개 전시되어 있으며 단순한 관람을 넘어 공룡 화석 발굴, 뼈 맞추기 체험 등을 통해 어린이들의 오감을 자극하는 교육 효과도 기대할 수 있다. 이 외에도 어린이 뮤지컬 '애니멀킹덤', 화려한 불꽃쇼가 어우러지는 '루나 빛의 전설', 캐릭터 동화극 '동화의 숲' 등 서울랜드 대표공연도 진행된다. 어트랙션과 볼거리, 즐길거리가 가득해 온 가족이 함께 방문하는 것을 추천한다.","=GOOGLETRANSLATE(A985, ""ko"", ""ja"")"
"52,000원","=GOOGLETRANSLATE(A986, ""ko"", ""ja"")"
02-509-6000,"=GOOGLETRANSLATE(A987, ""ko"", ""ja"")"
북악스카이 팔각정,"=GOOGLETRANSLATE(A988, ""ko"", ""ja"")"
서울특별시 종로구 북악산로 267 (평창동),"=GOOGLETRANSLATE(A989, ""ko"", ""ja"")"
"북악스카이 팔각정은 해발 342m 북악산 위에 한국 전통미를 살린 한옥형 정자로서 천혜의 입지조건을 갖춘 서울 도심 속의 관광 명소이다. 1968년 9월에 개통된 북악스카이웨이는 북악팔각정으로 오르는 드라이브 코스로 잘 알려진 명소로 서울의 주산인 북악산의 능선을 따라 동북으로 뻗친 관광도로의 길이가 약 19㎞에 이른다. 북악팔각정에서는 북한산 비봉과 문수봉이 이어지는 산세가 장관을 이루고, 다른 한쪽은 남산을 바라보고 앉은 서울시의 아름다운 경관이 보인다. 전 구간에 걸쳐 잘 가꾸어진 가로수와 약 10만 그루의 관상수들이 철 따라 꽃을 피워내며 남산의 순환도로와 함께 서울을 한눈에 내려다보는 진경을 만끽할 수 있다. 길의 중간쯤 능선길 정상에 잠시 길을 멈추고 서울의 진경을 다시 한번 재확인하며 휴식을 취할 수 있는 휴식 공간도 마련되어 있다. 먼 곳에서 서울을 찾는 내·외국인 방문객들에게 서울을 한눈에 보여주는 관광코스로 한몫하고 있다.","=GOOGLETRANSLATE(A990, ""ko"", ""ja"")"
02-725-6602,"=GOOGLETRANSLATE(A991, ""ko"", ""ja"")"
사천해변(사천해수욕장),"=GOOGLETRANSLATE(A992, ""ko"", ""ja"")"
사천해변 사천해수욕장,"=GOOGLETRANSLATE(A993, ""ko"", ""ja"")"
강원특별자치도 강릉시 사천면 해안로 877,"=GOOGLETRANSLATE(A994, ""ko"", ""ja"")"
"사천 해변은 경포대 해변과 연곡 해변 사이에 있는 길이 300m, 18,000㎡의 매우 조용하고 깨끗함을 자랑하는 해변이다. 1975년 7월 1일 개장하였으며 경포도립공원과 인접해 있어 매년 많은 피서객이 찾고 있다. 해송숲이 넓게 우거져 있고 깨끗한 백사장과 얕은 수심으로 조용하게 피서를 즐기기 좋은 곳이다. 소나무 숲에서 풍겨 나오는 향긋한 냄새와 시원한 그늘은 깊은 추억을 만들기에 더욱 좋다. 안목해변 근처에 위치한 해변으로 여기는 사람들이 많이 몰리지 않아서 한적하고 조용한 바닷가로 이곳의 바다 색깔은 보석 에메랄드 빛을 띠고 있어 마치 외국의 어느 해안가에 와 있는 듯한 인상을 준다. 경포대가 젊은 연인들이 찾는 곳이라면 근처의 사천해수욕장은 물이 맑고 파도가 잔잔해서 스쿠버다이버, 낚시꾼, 가족단위 관광객이 찾는 곳이다. 계절별로 바다가 다른 색으로 옷을 바꿔 입기 때문에 사계절이 바뀔 때마다 계절을 만끽하러 오는 사람들이 많다. 또한 오토캠핑을 하기에 좋은 환경을 가지고 있어 사천해변은 오토캠핑 마니아들에게 천국처럼 여겨지는 곳이다. 오토 캠핑장은 향긋한 소나무 내음을 실컷 맡을 수 있는 안락한 캠핑장이다.","=GOOGLETRANSLATE(A995, ""ko"", ""ja"")"
033-640-4414,"=GOOGLETRANSLATE(A996, ""ko"", ""ja"")"
한국도로공사 전주수목원,"=GOOGLETRANSLATE(A997, ""ko"", ""ja"")"
전북특별자치도 전주시 덕진구 번영로 462-45,"=GOOGLETRANSLATE(A998, ""ko"", ""ja"")"
"한국도로공사수목원은 호남고속도로 순천 기점 170㎞ 지점에 있다. 규모는 34만㎡이고 3,410종의 수목유전자원을 보유하고 있다. 한국도로공사에서 운영하는 수목원은 고속도로를 건설하면서 훼손된 자연환경 복구를 위해 수목을 공급하고 다양한 식물종을 모아 자연학습장으로 활용하고 있으며 식물의 보존, 증식, 보급과 자생식물의 개발에 관한 연구를 수행하고 있다. 한국도로공사수목원에서 보유하고 있는 식물은 주로 ‘과’단위로 식재되어 있으며 특히 일반수목원, 암석원, 약초원, 습지원, 들풀원, 장미원, 무궁화원, 죽림원, 교재원, 남부수종원, 유리온실, 계류원으로 구획되어 관찰이 편리하다.","=GOOGLETRANSLATE(A999, ""ko"", ""ja"")"
063-714-7200,"=GOOGLETRANSLATE(A1000, ""ko"", ""ja"")"
화개정원,"=GOOGLETRANSLATE(A1001, ""ko"", ""ja"")"
